gid,id,team,d_seq,d_pos,stattype,d_ifouts,d_po,d_a,d_e,d_dp,d_tp,d_pb,d_wp,d_sb,d_cs,d_gs,date,number,site,vishome,opp,win,loss,tie,gametype,box,pbp,eject
AST194010041,mckig101,AST,1,1,value,3,0,0,0,0,0,,,,,,19401004,1,NOL01,h,NAS,0,1,0,allstar,y,,
BIR194105251,mckig101,BIR,1,1,value,27,0,0,0,0,0,,,,,1,19410525,1,BIR01,h,JAX,1,0,0,regular,y,,
BIR194106100,mckig101,BIR,1,1,value,27,,,0,0,0,,,,,1,19410610,0,GAD01,h,MEM,1,0,0,regular,y,,
BIR194106291,mckig101,BIR,1,1,value,27,,,0,,0,0,,,,1,19410629,1,BIR01,h,CAG,1,0,0,regular,,,
BIR194107061,mckig101,BIR,1,1,value,21,0,1,0,0,0,,,,,1,19410706,1,BIR01,h,SNO,0,1,0,regular,y,,
KCM194107100,mckig101,BIR,1,1,value,,,,0,,0,0,,,,1,19410710,0,OKC02,v,KCM,0,1,0,regular,,,
MEM194108031,mckig101,BIR,1,1,value,0,0,0,0,0,0,,,,,,19410803,1,MEM02,v,MEM,0,1,0,regular,y,,
MEM194108032,mckig101,BIR,1,1,value,12,,,0,,0,0,,,,1,19410803,2,MEM02,v,MEM,1,0,0,regular,,,
PH5194108090,mckig101,BIR,1,1,value,12,0,2,0,0,0,,,,,,19410809,0,PHI17,v,PH5,0,1,0,exhibition,y,,
BIR194108242,mckig101,BIR,1,1,value,21,,,0,0,0,0,,,,1,19410824,2,BIR01,h,SNO,1,0,0,regular,,,
KCM194109110,mckig101,BIR,1,1,value,27,0,5,0,0,0,,,,,1,19410911,0,OSH01,v,KCM,1,0,0,regular,y,,
BIR194109282,mckig101,BIR,1,1,value,,,,0,,0,0,,,,1,19410928,2,BIR01,h,NY5,0,1,0,exhibition,,,
BIR194204260,mckig101,BIR,1,1,value,,,,0,,0,0,,,,,19420426,0,OKC01,h,CCB,0,1,0,exhibition,,,
BIR194205030,mckig101,BIR,1,1,value,33,,,0,,0,0,,,,1,19420503,0,LRK02,h,CCB,0,1,0,exhibition,,,
BIR194205102,mckig101,BIR,1,1,value,12,0,1,0,0,0,,,,,1,19420510,2,BIR01,h,JAX,0,1,0,regular,y,,
KCM194205311,mckig101,BIR,1,1,value,21,0,1,0,0,0,,,,,1,19420531,1,KAN05,v,KCM,0,1,0,regular,y,,
KCM194206030,mckig101,BIR,1,1,value,,,,0,,0,0,,,,,19420603,0,DAL01,v,KCM,1,0,0,regular,,,
BIR194206072,mckig101,BIR,1,1,value,16,0,2,0,0,0,,,,,1,19420607,2,BIR01,h,KCM,0,1,0,regular,y,,
CCB194206211,mckig101,BIR,1,1,value,14,,,0,0,0,,,,,,19420621,1,CIN07,v,CCB,0,1,0,regular,y,,
KCM194206250,mckig101,BIR,1,1,value,24,,,0,,0,0,,,,1,19420625,0,BUF06,v,KCM,0,1,0,regular,,,
BIR194206281,mckig101,BIR,1,1,value,27,0,1,0,0,0,,,,,1,19420628,1,BIR01,h,MEM,1,0,0,regular,y,,
BIR194207051,mckig101,BIR,1,1,value,0,0,0,0,0,0,,,,,1,19420705,1,BIR01,h,KCM,0,1,0,regular,y,,
BIR194207052,mckig101,BIR,1,1,value,21,1,1,0,0,0,,,,,1,19420705,2,BIR01,h,KCM,1,0,0,regular,y,,
BIR194207191,mckig101,BIR,1,1,value,7,0,1,0,0,0,,,,,1,19420719,1,BIR01,h,MEM,0,1,0,regular,y,,
HOM194208021,mckig101,BIR,1,1,value,15,0,0,0,0,0,,,,,1,19420802,1,WAS09,v,HOM,1,0,0,exhibition,y,,
HOM194208022,mckig101,BIR,1,1,value,18,0,1,0,0,0,,,,,1,19420802,2,WAS09,v,HOM,0,1,0,exhibition,y,,
CI2194208050,mckig101,BIR,1,1,value,,,,0,,0,0,,,,,19420805,0,IND10,v,CI2,0,1,0,exhibition,,,
CI2194208070,mckig101,BIR,1,1,value,9,,,0,,0,0,,,,,19420807,0,BEL01,v,CI2,1,0,0,exhibition,,,
BIR194208140,mckig101,BIR,1,1,value,,,,0,,0,0,,,,1,19420814,0,SPR04,h,CI2,0,1,0,exhibition,,,
BIR194208231,mckig101,BIR,1,1,value,0,0,0,0,0,0,,,,,,19420823,1,BIR01,h,CI2,0,1,0,exhibition,y,,
BIR194208232,mckig101,BIR,1,1,value,21,0,3,1,2,0,,,,,1,19420823,2,BIR01,h,CI2,0,0,1,exhibition,y,,
KCM194208270,mckig101,CI2,1,1,value,18,,,0,,0,0,,,,,19420827,0,TOL05,v,KCM,0,1,0,exhibition,,,
KCM194209062,mckig101,CI2,1,1,value,7,0,4,0,0,0,,,,,,19420906,2,CHI11,v,KCM,0,1,0,exhibition,y,,
HOM194209132,mckig101,KCM,1,1,value,21,2,2,0,0,0,,,,,1,19420913,2,NYC16,v,HOM,1,0,0,regular,y,,
CI2194209170,mckig101,KCM,1,1,value,,,,0,,0,0,,,,,19420917,0,IND10,v,CI2,1,0,0,exhibition,,,
BIR194209201,mckig101,BIR,1,1,value,,,,0,,0,0,,,,1,19420920,1,BIR01,h,NY6,0,1,0,exhibition,,,
BIR194304041,mckig101,BIR,1,1,value,9,,,0,0,0,,,,,,19430404,1,BIR01,h,MEM,0,1,0,exhibition,y,,
MEM194304110,mckig101,BIR,1,1,value,,,,,,0,,,,,,19430411,0,MEM03,v,MEM,1,0,0,exhibition,,,
BIR194304190,mckig101,BIR,1,1,value,18,,,,,0,,,,,1,19430419,0,MTG01,h,CI2,0,1,0,exhibition,,,
KCM194304251,mckig101,BIR,1,1,value,24,0,0,0,0,0,,,,,1,19430425,1,NOL01,v,KCM,0,1,0,exhibition,y,d,
BIR194305021,mckig101,BIR,1,1,value,27,1,0,0,0,0,,,,,1,19430502,1,BIR01,h,KCM,1,0,0,exhibition,y,d,
BIR194305060,mckig101,BIR,1,1,value,18,,,,,0,,,,,,19430506,0,BIR01,h,KCM,1,0,0,exhibition,,,
BIR194305060,mckig101,BIR,1,1,lower,19,,,,,0,,,,,,19430506,0,BIR01,h,KCM,1,0,0,exhibition,,,
BIR194305060,mckig101,BIR,1,1,upper,21,,,,,0,,,,,,19430506,0,BIR01,h,KCM,1,0,0,exhibition,,,
CAG194305080,mckig101,BIR,1,1,value,24,,,,,0,,,,,1,19430508,0,MTG01,v,CAG,0,1,0,exhibition,,,
CI2194305161,mckig101,BIR,1,1,value,,,,0,,0,0,,,,,19430516,1,CIN07,v,CI2,0,1,0,regular,,,
CI2194305162,mckig101,BIR,1,1,value,28,,,0,,0,,,,,1,19430516,2,CIN07,v,CI2,1,0,0,regular,,,
MEM194305250,mckig101,BIR,1,1,value,27,,,,,0,,,,,1,19430525,0,MEM02,v,MEM,1,0,0,regular,,,
BIR194305301,mckig101,BIR,1,1,value,27,0,3,0,0,0,,,,,1,19430530,1,BIR01,h,MEM,1,0,0,regular,y,d,
BIR194306061,mckig101,BIR,1,1,value,27,,,0,,0,,,,,1,19430606,1,BIR01,h,CI2,1,0,0,regular,,,
CI2194306150,mckig101,BIR,1,1,value,3,,,,,0,,,,,,19430615,0,IND10,v,CI2,0,1,0,regular,,,
BIR194306180,mckig101,BIR,1,1,value,9,,,,,0,,,,,,19430618,0,COL05,h,MEM,1,0,0,regular,,,
BIR194306230,mckig101,BIR,1,1,value,21,,,,,0,,,,,1,19430623,0,COL05,h,NY6,1,0,0,exhibition,,,
CAG194306280,mckig101,BIR,1,1,value,25,,,0,0,0,,,,,1,19430628,0,MIL03,v,CAG,0,1,0,regular,y,,
BIR194307041,mckig101,BIR,1,1,value,27,0,,0,0,0,0,0,0,,1,19430704,1,BIR01,h,CAG,1,0,0,regular,y,,
BIR194307052,mckig101,BIR,1,1,value,,,,,,0,,,,,1,19430705,2,MTG01,h,CAG,0,1,0,regular,,,
KCM194307090,mckig101,BIR,1,1,value,9,0,1,2,0,0,,,,,0,19430709,0,OKC02,v,KCM,0,1,0,regular,y,d,
KCM194307111,mckig101,BIR,1,1,value,16,0,2,0,0,0,,,,,1,19430711,1,KAN05,v,KCM,0,1,0,regular,y,d,
KCM194307150,mckig101,BIR,1,1,value,4,0,0,0,0,0,,,,,,19430715,0,KAN05,v,KCM,0,1,0,regular,y,,
MEM194307160,mckig101,BIR,1,1,value,6,,,,,0,,,,,1,19430716,0,BEL01,v,MEM,1,0,0,regular,,,
BIR194307182,mckig101,BIR,1,1,value,27,,,0,,0,,,,,1,19430718,2,CHI11,h,CI2,1,0,0,regular,,,
BIR194307220,mckig101,BIR,1,1,value,27,,,,,0,,,,,1,19430722,0,NSH02,h,NY6,1,0,0,exhibition,,,
BIR194307251,mckig101,BIR,1,1,value,4,0,,0,0,0,,,,,,19430725,1,BIR01,h,NY6,0,1,0,exhibition,y,,
BIR194307260,mckig101,BIR,1,1,value,27,,,,,0,,,,,1,19430726,0,MTG01,h,NY6,0,1,0,exhibition,,,
BIR194307290,mckig101,BIR,1,1,value,2,,,0,,0,,,,,1,19430729,0,BIR01,h,NY6,1,0,0,exhibition,,,
ASW194308010,mckig101,ASW,1,1,value,9,0,0,0,0,0,,,,,0,19430801,0,CHI10,h,ASE,1,0,0,allstar,y,y,
PH5194308040,mckig101,KCM,1,1,value,12,0,0,0,0,0,0,0,0,,1,19430804,0,PHI11,v,PH5,1,0,0,exhibition,y,,
HOM194308100,mckig101,KCM,1,1,value,12,0,0,0,0,0,,,,,,19430810,0,WAS09,v,HOM,1,0,0,exhibition,y,,
BIR194308182,mckig101,BIR,1,1,value,15,,,,,0,,,,,1,19430818,2,CIN07,h,MEM,1,0,0,regular,,,
NY6194308222,mckig101,BIR,1,1,value,10,0,0,0,0,0,,,,,1,19430822,2,NYC16,v,NY6,0,1,0,exhibition,y,,
CVB194308291,mckig101,BIR,1,1,value,27,1,1,0,1,0,,,,,1,19430829,1,CLE06,v,CVB,1,0,0,regular,y,d,
PH5194309040,mckig101,BIR,1,1,value,0,0,1,0,0,0,,,,,,19430904,0,PHI17,v,PH5,0,1,0,exhibition,y,,
HOM194309060,mckig101,BIR,1,1,value,35,0,4,0,1,0,,,,,1,19430906,0,WAS09,v,HOM,0,1,0,exhibition,y,d,
CAG194309130,mckig101,BIR,1,1,value,25,,,,,0,,,,,1,19430913,0,TOL05,v,CAG,0,1,0,lcs,,,
CAG194309130,mckig101,BIR,1,1,lower,24,,,,,,,,,,1,19430913,0,TOL05,v,CAG,0,1,0,lcs,,,
CAG194309130,mckig101,BIR,1,1,upper,26,,,,,,,,,,1,19430913,0,TOL05,v,CAG,0,1,0,lcs,,,
BIR194309260,mckig101,BIR,1,1,value,15,0,0,1,0,0,,,,,1,19430926,0,CHI10,h,HOM,0,1,0,championship,y,d,
BIR194309290,mckig101,BIR,1,1,value,20,0,2,0,0,0,,,,,1,19430929,0,IND10,h,HOM,0,1,0,championship,y,d,
BIR194310050,mckig101,BIR,1,1,value,3,0,1,1,0,0,,,,,0,19431005,0,MTG01,h,HOM,0,1,0,championship,y,d,
BIR194404021,mckig101,BIR,1,1,value,,,,,,0,0,,,,,19440402,1,BIR01,h,CAG,1,0,0,exhibition,,,
BIR194404090,mckig101,BIR,1,1,value,,,,,,0,0,,,,1,19440409,0,BIR01,h,CVB,1,0,0,exhibition,,,
BIR194404161,mckig101,BIR,1,1,value,12,,,,0,0,,,,,1,19440416,1,BIR01,h,NY6,0,1,0,exhibition,y,,
BIR194404170,mckig101,BIR,1,1,value,15,0,1,0,0,0,,,,,0,19440417,0,MTG01,h,NY6,0,1,0,exhibition,y,d,
CAG194405141,mckig101,CAG,1,1,value,14,0,0,1,0,0,,,,,1,19440514,1,CHI10,h,MEM,0,1,0,regular,y,d,
CIA194405170,mckig101,CAG,1,1,value,,,,,,0,0,,,,,19440517,0,IND10,v,CIA,1,0,0,regular,,,
KCM194405281,mckig101,CAG,1,1,value,10,2,3,0,1,0,,,,,1,19440528,1,KAN05,v,KCM,0,1,0,regular,y,d,
CAG194406182,mckig101,CAG,1,1,value,21,0,0,0,0,0,,,,,1,19440618,2,CHI10,h,CVB,0,1,0,regular,y,d,
CVB194406230,mckig101,CAG,1,1,value,25,,,,,0,0,,,,1,19440623,0,DAY03,v,CVB,0,1,0,regular,,,
CAG194407021,mckig101,CAG,1,1,value,20,0,2,1,0,0,,,,,1,19440702,1,DET04,h,MEM,0,1,0,regular,y,d,
CAG194407042,mckig101,CAG,1,1,value,21,,,,,0,0,,,,1,19440704,2,CHI10,h,MEM,1,0,0,regular,,,
CAG194407092,mckig101,CAG,1,1,value,21,0,0,0,0,0,,,,,1,19440709,2,CHI10,h,KCM,1,0,0,regular,y,d,
CAG194407140,mckig101,CAG,1,1,value,30,,,,,0,0,,,,1,19440714,0,BEL01,h,CVB,1,0,0,regular,,,
BIR194407310,mckig101,CAG,1,1,value,27,,,,,0,0,,,,1,19440731,0,MTG01,v,BIR,1,0,0,regular,,,
BIR194408040,mckig101,CAG,1,1,value,,,,,,0,0,,,,1,19440804,0,KNO01,v,BIR,0,1,0,regular,,,
CAG194408061,mckig101,CAG,1,1,value,27,0,0,0,0,0,,,,,1,19440806,1,DET04,h,KCM,0,1,0,regular,y,d,
KCM194408102,mckig101,CAG,1,1,value,21,,,,,0,0,,,,1,19440810,2,IND10,v,KCM,1,0,0,regular,,,
ASW194408130,mckig101,ASW,1,1,value,4,0,1,0,0,0,,,,,0,19440813,0,CHI10,h,ASE,1,0,0,allstar,y,d,
BIR194409140,mckig101,BIR,1,1,value,27,,,,,0,0,,,,1,19440914,0,KNO01,h,NY6,0,1,0,exhibition,,,
CAG194506032,mckig101,CAG,1,1,value,6,,,0,,0,0,,,,,19450603,2,CHI10,h,MEM,0,1,0,regular,,,
CAG194506110,mckig101,CAG,1,1,value,27,,,0,,0,0,,,,1,19450611,0,MIL03,h,BIR,1,0,0,regular,,,
CVB194506171,mckig101,CAG,1,1,value,36,,,,,0,0,,,,1,19450617,1,CLE06,v,CVB,0,1,0,regular,,,
CVB194506200,mckig101,CAG,1,1,value,6,0,2,0,0,0,,,,,,19450620,0,MUN02,v,CVB,1,0,0,regular,y,,
CAG194506241,mckig101,CAG,1,1,value,12,0,0,0,0,0,,,,,1,19450624,1,CHI10,h,CVB,0,1,0,regular,y,d,
CIA194507020,mckig101,CAG,1,1,value,36,,,0,,0,0,,,,1,19450702,0,DAY03,v,CIA,1,0,0,regular,,,
CAG194507130,mckig101,CAG,1,1,value,25,,,0,,0,0,,,,1,19450713,0,CHI10,h,MEM,1,0,0,exhibition,,,
CAG194507152,mckig101,CAG,1,1,value,3,,,0,,0,0,,,,,19450715,2,CHI10,h,MEM,1,0,0,regular,,,
CAG194507160,mckig101,CAG,1,1,value,5,0,0,0,0,0,,,,,1,19450716,0,MIL03,h,MEM,0,1,0,regular,y,,
CAG194507180,mckig101,CAG,1,1,value,27,,,0,0,0,,,,,1,19450718,0,RAC01,h,MEM,1,0,0,regular,y,,
CAG194507200,mckig101,CAG,1,1,value,24,,,0,,0,0,,,,,19450720,0,DAY03,h,MEM,0,0,1,regular,,,
CAG194507222,mckig101,CAG,1,1,value,21,,,0,,0,0,,,,1,19450722,2,CHI10,h,BIR,1,0,0,regular,,,
CAG194507270,mckig101,CAG,1,1,value,21,,,0,,0,,,,,1,19450727,0,SPR03,h,KCM,0,1,0,regular,y,,
HOM194508122,mckig101,CAG,1,1,value,10,,,0,0,0,,,,,1,19450812,2,WAS09,v,HOM,0,1,0,exhibition,y,,
MEM194508180,mckig101,CAG,1,1,value,20,1,3,0,0,0,,,,,1,19450818,0,WIL04,v,MEM,0,1,0,regular,y,,
CAG194508261,mckig101,CAG,1,1,value,27,0,4,0,0,0,,,,,1,19450826,1,CHI10,h,KCM,1,0,0,regular,y,d,
CAG194508280,mckig101,CAG,1,1,value,3,0,0,0,0,0,,,,,,19450828,0,DAV01,h,KCM,1,0,0,regular,y,,
KCM194508290,mckig101,CAG,1,1,value,3,0,0,0,0,0,,,,,,19450829,0,KAN05,v,KCM,0,1,0,regular,y,,
CVB194509021,mckig101,CAG,1,1,value,15,0,1,0,0,0,,,,,1,19450902,1,CLE06,v,CVB,0,1,0,regular,y,,
CAG194509161,mckig101,CAG,1,1,value,27,,,0,,0,0,,,,1,19450916,1,CHI10,h,BIR,0,1,0,exhibition,,,
MEM194509250,mckig101,CAG,1,1,value,,,,,,0,0,,,,,19450925,0,FTW01,v,MEM,1,0,0,exhibition,,,
BIR194510040,mckig101,BIR,1,1,value,,,,0,,0,0,,,,,19451004,0,BIR01,h,NY6,1,0,0,exhibition,,,
CAG194707240,mckig101,CAG,1,1,value,6,,,0,,0,0,,,,1,19470724,0,CHI10,h,KCM,1,0,0,regular,,,
HOE194903300,mckig101,CAG,,1,value,,,,,,,,,,,1,19490330,0,HOU04,v,HOE,0,1,0,exhibition,,,
MEM194904030,mckig101,CAG,1,1,value,,,,,,,,,,,1,19490403,0,MEM02,v,MEM,0,0,1,exhibition,,,
CAG194905020,mckig101,CAG,2,1,value,,,,,,,,,,,,19490502,0,WFL01,h,MEM,0,1,0,regular,,,
MEM194905040,mckig101,CAG,2,1,value,,,,0,,,,,,,,19490504,0,MEM02,v,MEM,1,0,0,regular,,,
MEM194905060,mckig101,CAG,2,1,value,,,,,,,,,,,,19490506,0,GRE02,v,MEM,0,1,0,regular,,,
BIR194905110,mckig101,CAG,1,1,value,24,1,1,0,0,0,,,,,1,19490511,0,BIR01,v,BIR,0,1,0,regular,y,d,
CAG194905222,mckig101,CAG,,1,value,,,,,,,,,,,,19490522,2,CHI10,h,IN9,1,0,0,regular,,,
IN9194905250,mckig101,CAG,1,1,value,27,,,,,,,,,,1,19490525,0,ZAN02,v,IN9,1,0,0,regular,,,
CAG194905291,mckig101,CAG,2,1,value,6,,,,,,,,,,,19490529,1,CHI10,h,LCB,1,0,0,regular,,,
CAG194905292,mckig101,CAG,2,1,value,,,,,,,,,,,,19490529,2,CHI10,h,LCB,0,1,0,regular,,,
LCB194906051,mckig101,CAG,2,1,value,,,,,,,,,,,,19490605,1,BUF06,v,LCB,1,0,0,regular,,,
BLG194906110,mckig101,CAG,1,1,value,27,0,4,0,0,0,,,,,1,19490611,0,WIL04,v,BLG,1,0,0,regular,y,,
CAG194906192,mckig101,CAG,1,1,value,21,21,,,,,,,,,1,19490619,2,CHI10,h,PH5,1,0,0,regular,,,
CAG194906210,mckig101,CAG,,1,value,,,,,,,,,,,,19490621,0,CEN01,h,PH5,1,0,0,regular,,,
CAG194906261,mckig101,CAG,2,1,value,,,,,,,,,,,,19490626,1,CHI10,h,HOE,1,0,0,regular,,,
CAG194906300,mckig101,CAG,1,1,value,27,,,0,,,,,,,1,19490630,0,DAN01,h,HOE,1,0,0,regular,,,
CAG194907032,mckig101,CAG,,1,value,,,,,,,,,,,1,19490703,2,CHI10,h,KCM,1,0,0,regular,,,
CAG194907041,mckig101,CAG,2,1,value,,,,,,,,,,,,19490704,1,CHI10,h,KCM,0,1,0,regular,,,
KCM194907242,mckig101,CAG,1,1,value,3,0,0,0,0,0,,,,,0,19490724,2,KAN05,v,KCM,1,0,0,regular,y,d,
KCM194907260,mckig101,CAG,1,1,value,21,0,3,0,0,0,,,,,1,19490726,0,KAN05,v,KCM,0,1,0,regular,y,d,
CAG194908100,mckig101,CAG,1,1,value,24,24,,,,,,,,,1,19490810,0,EAU01,h,LCB,1,0,0,regular,,,
ASW194908140,mckig101,ASW,1,1,value,5,0,0,0,0,0,,,,,0,19490814,0,CHI10,h,ASE,0,1,0,allstar,y,d,
CAG194908310,mckig101,CAG,1,1,value,9,0,1,0,0,0,,,,,1,19490831,0,WIN02,h,LCB,1,0,0,regular,y,d,
