gid,id,team,b_lp,b_seq,stattype,b_pa,b_ab,b_r,b_h,b_d,b_t,b_hr,b_rbi,b_sh,b_sf,b_hbp,b_w,b_iw,b_k,b_sb,b_cs,b_gdp,b_xi,b_roe,dh,ph,pr,date,number,site,vishome,opp,win,loss,tie,gametype,box,pbp
KCM193504250,marsj104,CAG,1,1,value,5,5,1,2,0,0,0,,0,,0,0,0,,,,,,,,,,19350425,0,WIC01,v,KCM,0,1,0,exhibition,y,
KCM193504250,radca101,CAG,2,1,value,5,5,1,2,0,0,0,,0,,0,0,0,,,,,,,,,,19350425,0,WIC01,v,KCM,0,1,0,exhibition,y,
KCM193504250,wellw101,CAG,3,1,value,5,5,1,1,0,1,0,,0,,0,0,0,,,,,,,,,,19350425,0,WIC01,v,KCM,0,1,0,exhibition,y,
KCM193504250,steat101,CAG,4,1,value,5,5,2,2,0,0,0,,0,,0,0,0,,,,,,,,,,19350425,0,WIC01,v,KCM,0,1,0,exhibition,y,
KCM193504250,suttm101,CAG,5,1,value,5,5,0,1,0,0,0,,0,,0,0,0,,,,,,,,,,19350425,0,WIC01,v,KCM,0,1,0,exhibition,y,
KCM193504250,reduw101,CAG,6,1,value,5,4,1,1,0,0,0,,0,,0,1,,,,,,,,,,,19350425,0,WIC01,v,KCM,0,1,0,exhibition,y,
KCM193504250,browl107,CAG,7,1,value,4,4,1,2,1,0,0,,0,,0,0,0,,,,,,,,,,19350425,0,WIC01,v,KCM,0,1,0,exhibition,y,
KCM193504250,clayz101,CAG,8,1,value,4,3,0,0,0,0,0,,0,,0,1,,,,,,,,,,,19350425,0,WIC01,v,KCM,0,1,0,exhibition,y,
KCM193504250,fostw101,CAG,9,1,value,2,2,0,0,0,0,0,,0,,0,0,0,,,,,,,,,,19350425,0,WIC01,v,KCM,0,1,0,exhibition,y,
KCM193504250,powem104,CAG,9,2,value,0,0,0,0,0,0,0,,0,,0,0,0,,,,,,,,,,19350425,0,WIC01,v,KCM,0,1,0,exhibition,y,
KCM193504250,browo104,CAG,9,3,value,2,2,1,2,0,0,0,,0,,0,0,0,,,,,,,,,,19350425,0,WIC01,v,KCM,0,1,0,exhibition,y,
KCM193504250,dwige101,KCM,1,1,value,5,5,2,4,1,0,0,,0,,0,0,0,,,,,,,,,,19350425,0,WIC01,h,CAG,1,0,0,exhibition,y,
KCM193504250,allen102,KCM,2,1,value,5,4,2,3,1,1,0,,1,,0,0,0,,,,,,,,,,19350425,0,WIC01,h,CAG,1,0,0,exhibition,y,
KCM193504250,milth101,KCM,3,1,value,5,5,2,2,1,1,0,,0,,0,0,0,,,,,,,,,,19350425,0,WIC01,h,CAG,1,0,0,exhibition,y,
KCM193504250,yount101,KCM,4,1,value,5,4,0,0,0,0,0,,0,,0,1,0,,,,,,,,,,19350425,0,WIC01,h,CAG,1,0,0,exhibition,y,
KCM193504250,rogab101,KCM,5,1,value,5,4,1,1,1,0,0,,1,,0,0,0,,,,,,,,,,19350425,0,WIC01,h,CAG,1,0,0,exhibition,y,
KCM193504250,broww101,KCM,6,1,value,5,5,3,4,3,0,1,1,0,,0,0,0,,,,,,,,,,19350425,0,WIC01,h,CAG,1,0,0,exhibition,y,
KCM193504250,maywe101,KCM,7,1,value,5,5,2,3,0,0,0,,0,,0,0,0,,,,,,,,,,19350425,0,WIC01,h,CAG,1,0,0,exhibition,y,
KCM193504250,josen101,KCM,8,1,value,5,5,1,1,0,0,0,,0,,0,0,0,,,,,,,,,,19350425,0,WIC01,h,CAG,1,0,0,exhibition,y,
KCM193504250,coopa101,KCM,9,1,value,5,5,0,0,0,0,0,,0,,0,0,0,,,,,,,,,,19350425,0,WIC01,h,CAG,1,0,0,exhibition,y,
CAG193504260,tayll103,KCM,1,1,value,6,4,3,2,0,1,0,,0,,0,2,,,,,,,,,,,19350426,0,WIC01,v,CAG,1,0,0,exhibition,y,
CAG193504260,dwige101,KCM,2,1,value,6,3,0,0,0,0,0,,3,,0,0,,,,,,,,,,,19350426,0,WIC01,v,CAG,1,0,0,exhibition,y,
CAG193504260,milth101,KCM,3,1,value,6,5,0,0,0,0,0,,0,,0,1,,,,,,,,,,,19350426,0,WIC01,v,CAG,1,0,0,exhibition,y,
CAG193504260,yount101,KCM,4,1,value,6,5,3,4,1,0,0,,0,,0,1,,,,,,,,,,,19350426,0,WIC01,v,CAG,1,0,0,exhibition,y,
CAG193504260,maywe101,KCM,5,1,value,6,5,2,3,0,0,0,2,0,,0,1,,,,,,,,,,,19350426,0,WIC01,v,CAG,1,0,0,exhibition,y,
CAG193504260,broww101,KCM,6,1,value,6,6,0,0,0,0,0,,0,,0,0,,,,,,,,,,,19350426,0,WIC01,v,CAG,1,0,0,exhibition,y,
CAG193504260,trouq101,KCM,7,1,value,5,3,1,1,0,0,1,1,1,,0,1,,,,,,,,,,,19350426,0,WIC01,v,CAG,1,0,0,exhibition,y,
CAG193504260,josen101,KCM,8,1,value,5,5,1,1,1,0,0,,0,,0,0,,,,,,,,,,,19350426,0,WIC01,v,CAG,1,0,0,exhibition,y,
CAG193504260,madib101,KCM,9,1,value,4,4,0,1,0,0,0,,0,,0,0,,,,,,,,,,,19350426,0,WIC01,v,CAG,1,0,0,exhibition,y,
CAG193504260,kranf101,KCM,9,2,value,0,0,0,0,0,0,0,,0,,0,0,,,,,,,,,,,19350426,0,WIC01,v,CAG,1,0,0,exhibition,y,
CAG193504260,rogab101,KCM,9,3,value,1,1,0,0,0,0,0,1,0,,0,0,,,,,,,,,1,,19350426,0,WIC01,v,CAG,1,0,0,exhibition,y,
CAG193504260,brewc102,KCM,9,4,value,0,0,0,0,0,0,0,,0,,0,0,,,,,,,,,,,19350426,0,WIC01,v,CAG,1,0,0,exhibition,y,
CAG193504260,marsj104,CAG,1,1,value,6,5,1,1,0,0,1,1,1,,0,0,,,,,,,,,,,19350426,0,WIC01,h,KCM,0,1,0,exhibition,y,
CAG193504260,radca101,CAG,2,1,value,6,6,0,0,0,0,0,,0,,0,0,,,,,,,,,,,19350426,0,WIC01,h,KCM,0,1,0,exhibition,y,
CAG193504260,wellw101,CAG,3,1,value,5,4,2,2,1,0,0,,0,,0,1,,,,,,,,,,,19350426,0,WIC01,h,KCM,0,1,0,exhibition,y,
CAG193504260,steat101,CAG,4,1,value,5,5,1,1,0,0,1,1,0,,0,0,,,,,,,,,,,19350426,0,WIC01,h,KCM,0,1,0,exhibition,y,
CAG193504260,suttm101,CAG,5,1,value,5,5,1,1,0,0,1,1,0,,0,0,,,,,,,,,,,19350426,0,WIC01,h,KCM,0,1,0,exhibition,y,
CAG193504260,reduw101,CAG,6,1,value,5,5,0,0,0,0,0,,0,,0,0,,,,,,,,,,,19350426,0,WIC01,h,KCM,0,1,0,exhibition,y,
CAG193504260,byass101,CAG,7,1,value,5,4,2,3,1,0,0,,0,,0,1,,,,,,,,,,,19350426,0,WIC01,h,KCM,0,1,0,exhibition,y,
CAG193504260,clayz101,CAG,8,1,value,4,4,0,0,0,0,0,,0,,0,0,,,,,,,,,,,19350426,0,WIC01,h,KCM,0,1,0,exhibition,y,
CAG193504260,browl107,CAG,8,2,value,1,1,0,0,0,0,0,,0,,0,0,,,,,,,,,1,,19350426,0,WIC01,h,KCM,0,1,0,exhibition,y,
CAG193504260,powem104,CAG,9,1,value,4,4,1,3,0,1,0,,0,,0,0,,,,,,,,,,,19350426,0,WIC01,h,KCM,0,1,0,exhibition,y,
CAG193504260,fostw101,CAG,9,2,value,1,0,0,0,0,0,0,,1,,0,0,,,,,,,,,,,19350426,0,WIC01,h,KCM,0,1,0,exhibition,y,
BIS193508290,allen102,KCM,1,1,value,5,3,1,0,0,0,0,,1,,0,1,,,,,,,,,,,19350829,0,WIC01,v,BIS,1,0,0,exhibition,y,
BIS193508290,dwige101,KCM,2,1,value,5,5,1,1,0,0,0,,0,,0,0,,,,,,,,,,,19350829,0,WIC01,v,BIS,1,0,0,exhibition,y,
BIS193508290,tayll103,KCM,3,1,value,5,3,3,1,0,0,0,,0,,0,2,,,,,,,,,,,19350829,0,WIC01,v,BIS,1,0,0,exhibition,y,
BIS193508290,yount101,KCM,4,1,value,5,4,2,3,0,0,0,,0,,0,1,,,,,,,,,,,19350829,0,WIC01,v,BIS,1,0,0,exhibition,y,
BIS193508290,maywe101,KCM,5,1,value,5,5,0,1,0,0,0,,0,,0,0,,,,,,,,,,,19350829,0,WIC01,v,BIS,1,0,0,exhibition,y,
BIS193508290,rogab101,KCM,6,1,value,3,3,0,0,0,0,0,,0,,0,0,,,,,,,,,,,19350829,0,WIC01,v,BIS,1,0,0,exhibition,y,
BIS193508290,broww101,KCM,7,1,value,5,3,1,2,0,0,1,1,0,,0,2,,,,,,,,,,,19350829,0,WIC01,v,BIS,1,0,0,exhibition,y,
BIS193508290,josen101,KCM,8,1,value,5,5,0,1,1,0,0,,0,,0,0,,,,,,,,,,,19350829,0,WIC01,v,BIS,1,0,0,exhibition,y,
BIS193508290,brewc102,KCM,9,1,value,4,3,0,1,0,0,0,,1,,0,0,,,,,,,,,,,19350829,0,WIC01,v,BIS,1,0,0,exhibition,y,
BIS193508290,milth101,KCM,6,2,value,2,2,0,0,0,0,0,,0,,0,0,,,,,,,,,,,19350829,0,WIC01,v,BIS,1,0,0,exhibition,y,
BIS193508290,oberd102,BIS,1,1,value,4,4,0,0,0,0,0,0,0,,0,0,,,,,,,,,,,19350829,0,WIC01,h,KCM,0,1,0,exhibition,y,
BIS193508290,leara101,BIS,2,1,value,4,4,0,3,0,1,0,0,0,,0,0,,,,,,,,,,,19350829,0,WIC01,h,KCM,0,1,0,exhibition,y,
BIS193508290,trouq101,BIS,3,1,value,4,4,0,0,0,0,0,0,0,,0,0,,,,,,,,,,,19350829,0,WIC01,h,KCM,0,1,0,exhibition,y,
BIS193508290,haler102,BIS,4,1,value,3,3,0,2,1,0,0,0,0,,0,0,,,,,,,,,,,19350829,0,WIC01,h,KCM,0,1,0,exhibition,y,
BIS193508290,smith111,BIS,5,1,value,3,3,0,0,0,0,0,0,0,,0,0,,,,,,,,,,,19350829,0,WIC01,h,KCM,0,1,0,exhibition,y,
BIS193508290,radct101,BIS,6,1,value,3,3,0,0,0,0,0,0,0,,0,0,,,,,,,,,,,19350829,0,WIC01,h,KCM,0,1,0,exhibition,y,
BIS193508290,desij101,BIS,7,1,value,3,3,0,0,0,0,0,0,0,,0,0,,,,,,,,,,,19350829,0,WIC01,h,KCM,0,1,0,exhibition,y,
BIS193508290,hanca101,BIS,8,1,value,3,3,0,0,0,0,0,0,0,,0,0,,,,,,,,,,,19350829,0,WIC01,h,KCM,0,1,0,exhibition,y,
BIS193508290,morrb104,BIS,9,1,value,3,3,0,0,0,0,0,0,0,,0,0,,,,,,,,,,,19350829,0,WIC01,h,KCM,0,1,0,exhibition,y,
KCM193609220,bellj103,NNS,1,1,value,5,4,1,2,1,0,0,,0,,0,1,,,,,,,,,,,19360922,0,WIC01,v,KCM,0,1,0,exhibition,y,
KCM193609220,snowf101,NNS,2,1,value,5,5,0,0,0,0,0,,0,,0,0,,,,,,,,,,,19360922,0,WIC01,v,KCM,0,1,0,exhibition,y,
KCM193609220,wrigb104,NNS,3,1,value,5,5,1,1,0,0,0,,0,,0,0,,,,,,,,,,,19360922,0,WIC01,v,KCM,0,1,0,exhibition,y,
KCM193609220,charo101,NNS,4,1,value,4,4,0,1,0,0,0,,0,,0,0,,,,,,,,,,,19360922,0,WIC01,v,KCM,0,1,0,exhibition,y,
KCM193609220,perkb101,NNS,5,1,value,4,3,0,0,0,0,0,,0,,0,1,,,,,,,,,,,19360922,0,WIC01,v,KCM,0,1,0,exhibition,y,
KCM193609220,mornl101,NNS,6,1,value,4,3,0,1,0,0,0,,0,,0,1,,,,,,,,,,,19360922,0,WIC01,v,KCM,0,1,0,exhibition,y,
KCM193609220,wilsd103,NNS,7,1,value,4,4,0,1,0,0,0,,0,,0,0,,,,,,,,,,,19360922,0,WIC01,v,KCM,0,1,0,exhibition,y,
KCM193609220,bassp101,NNS,8,1,value,4,4,1,2,0,0,0,,0,,0,0,,,,,,,,,,,19360922,0,WIC01,v,KCM,0,1,0,exhibition,y,
KCM193609220,grifb102,NNS,9,1,value,1,1,0,1,0,0,0,,0,,0,0,,,,,,,,,,,19360922,0,WIC01,v,KCM,0,1,0,exhibition,y,
KCM193609220,harvb101,NNS,9,2,value,3,2,1,1,1,0,0,,1,,0,0,,,,,,,,,,,19360922,0,WIC01,v,KCM,0,1,0,exhibition,y,
KCM193609220,milth101,KCM,1,1,value,5,5,2,2,0,1,0,,0,,0,0,,,,,,,,,,,19360922,0,WIC01,h,NNS,1,0,0,exhibition,y,
KCM193609220,harrc104,KCM,2,1,value,5,4,2,2,0,0,0,,0,,0,1,,,,,,,,,,,19360922,0,WIC01,h,NNS,1,0,0,exhibition,y,
KCM193609220,allen102,KCM,3,1,value,5,5,1,1,0,1,0,,0,,0,0,,,,,,,,,,,19360922,0,WIC01,h,NNS,1,0,0,exhibition,y,
KCM193609220,pattp102,KCM,4,1,value,5,5,3,4,1,0,0,,0,,0,0,,,,,,,,,,,19360922,0,WIC01,h,NNS,1,0,0,exhibition,y,
KCM193609220,broww101,KCM,5,1,value,5,5,2,3,0,0,0,,0,,0,0,,,,,,,,,,,19360922,0,WIC01,h,NNS,1,0,0,exhibition,y,
KCM193609220,trouq101,KCM,6,1,value,4,3,1,1,0,0,0,,0,,0,1,,,,,,,,,,,19360922,0,WIC01,h,NNS,1,0,0,exhibition,y,
KCM193609220,tayll103,KCM,7,1,value,4,4,1,2,1,0,0,,0,,0,0,,,,,,,,,,,19360922,0,WIC01,h,NNS,1,0,0,exhibition,y,
KCM193609220,dwige101,KCM,8,1,value,4,4,1,1,0,0,0,,0,,0,0,,,,,,,,,,,19360922,0,WIC01,h,NNS,1,0,0,exhibition,y,
KCM193609220,morrb104,KCM,9,1,value,4,4,1,1,1,0,0,,0,,0,0,,,,,,,,,,,19360922,0,WIC01,h,NNS,1,0,0,exhibition,y,
KCM193710102,guttd101,MLS,1,1,value,5,5,0,0,0,0,0,0,0,0,0,0,0,,0,0,0,0,0,,,,19371010,2,WIC01,v,KCM,0,1,0,exhibition,y,d
KCM193710102,goodi101,MLS,2,1,value,4,4,1,2,1,0,0,1,0,0,0,0,0,,1,0,0,0,0,,,,19371010,2,WIC01,v,KCM,0,1,0,exhibition,y,d
KCM193710102,rybam101,MLS,3,1,value,4,4,0,2,1,1,0,0,0,0,0,0,0,,0,0,0,0,0,,,,19371010,2,WIC01,v,KCM,0,1,0,exhibition,y,d
KCM193710102,suhrg101,MLS,4,1,value,2,2,1,1,0,0,0,0,0,0,0,0,0,,0,0,0,0,0,,,,19371010,2,WIC01,v,KCM,0,1,0,exhibition,y,d
KCM193710102,fugip101,MLS,4,2,value,2,2,0,0,0,0,0,0,0,0,0,0,0,,0,0,0,0,0,,,,19371010,2,WIC01,v,KCM,0,1,0,exhibition,y,d
KCM193710102,dimav101,MLS,5,1,value,4,4,0,0,0,0,0,0,0,0,0,0,0,,0,0,0,0,0,,,,19371010,2,WIC01,v,KCM,0,1,0,exhibition,y,d
KCM193710102,kampa101,MLS,6,1,value,4,4,0,1,0,0,0,0,0,0,0,0,0,,0,0,0,0,0,,,,19371010,2,WIC01,v,KCM,0,1,0,exhibition,y,d
KCM193710102,muelh101,MLS,7,1,value,4,3,0,1,0,0,0,1,0,0,0,1,0,,0,0,0,0,0,,,,19371010,2,WIC01,v,KCM,0,1,0,exhibition,y,d
KCM193710102,hemsr101,MLS,8,1,value,4,4,0,0,0,0,0,0,0,0,0,0,0,,0,0,0,0,0,,,,19371010,2,WIC01,v,KCM,0,1,0,exhibition,y,d
KCM193710102,fettl101,MLS,9,1,value,2,2,0,0,0,0,0,0,0,0,0,0,0,,0,0,0,0,0,,,,19371010,2,WIC01,v,KCM,0,1,0,exhibition,y,d
KCM193710102,weavj101,MLS,9,2,value,1,0,1,0,0,0,0,0,0,0,0,1,0,,0,0,0,0,0,,,,19371010,2,WIC01,v,KCM,0,1,0,exhibition,y,d
KCM193710102,fellb101,MLS,9,3,value,1,1,1,1,0,0,1,1,0,0,0,0,0,,0,0,0,0,0,,,,19371010,2,WIC01,v,KCM,0,1,0,exhibition,y,d
KCM193710102,milth101,KCM,1,1,value,4,3,1,2,0,1,0,0,0,0,0,1,0,,0,0,0,0,0,,,,19371010,2,WIC01,h,MLS,1,0,0,exhibition,y,d
KCM193710102,allen102,KCM,2,1,value,4,4,0,1,0,0,0,0,0,0,0,0,0,,0,1,0,0,0,,,,19371010,2,WIC01,h,MLS,1,0,0,exhibition,y,d
KCM193710102,pattp102,KCM,3,1,value,4,3,0,0,0,0,0,1,1,0,0,0,0,,0,0,0,0,0,,,,19371010,2,WIC01,h,MLS,1,0,0,exhibition,y,d
KCM193710102,broww101,KCM,4,1,value,4,4,1,1,0,0,1,1,0,0,0,0,0,,0,0,0,0,0,,,,19371010,2,WIC01,h,MLS,1,0,0,exhibition,y,d
KCM193710102,strot101,KCM,5,1,value,4,4,2,3,0,1,0,0,0,0,0,0,0,,0,0,0,0,0,,,,19371010,2,WIC01,h,MLS,1,0,0,exhibition,y,d
KCM193710102,duncf102,KCM,6,1,value,4,4,0,1,0,0,0,1,0,0,0,0,0,,0,0,0,0,0,,,,19371010,2,WIC01,h,MLS,1,0,0,exhibition,y,d
KCM193710102,dwige101,KCM,7,1,value,4,1,1,0,0,0,0,0,0,0,0,3,0,,0,0,0,0,0,,,,19371010,2,WIC01,h,MLS,1,0,0,exhibition,y,d
KCM193710102,smith111,KCM,8,1,value,4,4,0,1,1,0,0,2,0,0,0,0,0,,0,0,0,0,0,,,,19371010,2,WIC01,h,MLS,1,0,0,exhibition,y,d
KCM193710102,kranf101,KCM,9,1,value,4,4,0,0,0,0,0,0,0,0,0,0,0,,0,0,0,0,0,,,,19371010,2,WIC01,h,MLS,1,0,0,exhibition,y,d
KCM193806060,glenh102,ATN,1,1,value,4,4,0,1,0,0,0,0,0,0,0,0,0,,0,0,0,0,0,,,,19380606,0,WIC01,v,KCM,0,1,0,regular,y,d
KCM193806060,jackb104,ATN,2,1,value,4,3,0,0,0,0,0,0,1,0,0,0,0,,0,0,0,0,0,,,,19380606,0,WIC01,v,KCM,0,1,0,regular,y,d
KCM193806060,reevd101,ATN,3,1,value,4,4,0,0,0,0,0,0,0,0,0,0,0,,0,0,0,0,0,,,,19380606,0,WIC01,v,KCM,0,1,0,regular,y,d
KCM193806060,willn103,ATN,4,1,value,3,3,0,1,0,0,0,0,0,0,0,0,0,,0,0,0,0,0,,,,19380606,0,WIC01,v,KCM,0,1,0,regular,y,d
KCM193806060,pelhd101,ATN,5,1,value,3,3,0,1,1,0,0,0,0,0,0,0,0,,0,0,0,0,0,,,,19380606,0,WIC01,v,KCM,0,1,0,regular,y,d
KCM193806060,moorr104,ATN,6,1,value,3,3,0,0,0,0,0,0,0,0,0,0,0,,0,0,0,0,0,,,,19380606,0,WIC01,v,KCM,0,1,0,regular,y,d
KCM193806060,davis105,ATN,7,1,value,3,3,0,0,0,0,0,0,0,0,0,0,0,,0,0,0,0,0,,,,19380606,0,WIC01,v,KCM,0,1,0,regular,y,d
KCM193806060,simsl101,ATN,8,1,value,2,2,0,0,0,0,0,0,0,0,0,0,0,,0,0,0,0,0,,,,19380606,0,WIC01,v,KCM,0,1,0,regular,y,d
KCM193806060,greej108,ATN,8,2,value,1,1,0,0,0,0,0,0,0,0,0,0,0,,0,0,0,0,0,,1,,19380606,0,WIC01,v,KCM,0,1,0,regular,y,d
KCM193806060,duncs101,ATN,9,1,value,3,3,0,0,0,0,0,0,0,0,0,0,0,,0,0,0,0,0,,,,19380606,0,WIC01,v,KCM,0,1,0,regular,y,d
KCM193806060,milth101,KCM,1,1,value,5,4,2,3,0,0,1,3,1,0,0,0,0,,0,0,0,0,0,,,,19380606,0,WIC01,h,ATN,1,0,0,regular,y,d
KCM193806060,cox-r102,KCM,2,1,value,5,5,0,0,0,0,0,0,0,0,0,0,0,,0,0,0,0,0,,,,19380606,0,WIC01,h,ATN,1,0,0,regular,y,d
KCM193806060,allen102,KCM,3,1,value,4,4,0,1,0,0,0,0,0,0,0,0,0,,0,0,0,0,0,,,,19380606,0,WIC01,h,ATN,1,0,0,regular,y,d
KCM193806060,maywe101,KCM,4,1,value,4,4,0,1,0,0,0,1,0,0,0,0,0,,0,0,0,0,0,,,,19380606,0,WIC01,h,ATN,1,0,0,regular,y,d
KCM193806060,broww101,KCM,5,1,value,4,4,1,2,1,0,0,0,0,0,0,0,0,,0,0,0,0,0,,,,19380606,0,WIC01,h,ATN,1,0,0,regular,y,d
KCM193806060,oneib801,KCM,6,1,value,4,3,0,0,0,0,0,0,1,0,0,0,0,,0,0,0,0,1,,,,19380606,0,WIC01,h,ATN,1,0,0,regular,y,d
KCM193806060,duncf102,KCM,7,1,value,4,2,0,0,0,0,0,0,0,0,0,2,0,,0,0,0,0,0,,,,19380606,0,WIC01,h,ATN,1,0,0,regular,y,d
KCM193806060,johnm103,KCM,8,1,value,4,4,1,0,0,0,0,0,0,0,0,0,0,,0,0,0,0,1,,,,19380606,0,WIC01,h,ATN,1,0,0,regular,y,d
KCM193806060,barnv103,KCM,9,1,value,4,4,2,3,2,0,0,1,0,0,0,0,0,,0,0,0,0,0,,,,19380606,0,WIC01,h,ATN,1,0,0,regular,y,d
KCM193808030,cartm101,MEM,1,1,value,4,3,0,0,0,,,,1,,0,0,0,,,,,,,,,,19380803,0,WIC01,v,KCM,0,1,0,regular,y,
KCM193808030,hydec101,MEM,2,1,value,4,4,0,1,0,,,,0,,0,0,0,,,,,,,,,,19380803,0,WIC01,v,KCM,0,1,0,regular,y,
KCM193808030,davel102,MEM,3,1,value,2,2,0,1,0,,,,0,,0,0,0,,,,,,,,,,19380803,0,WIC01,v,KCM,0,1,0,regular,y,
KCM193808030,allec101,MEM,3,2,value,2,2,0,0,0,,,,0,,0,0,0,,,,,,,,,,19380803,0,WIC01,v,KCM,0,1,0,regular,y,
KCM193808030,taylj106,MEM,4,1,value,4,3,2,1,0,,,,0,,0,1,,,,,,,,,,,19380803,0,WIC01,v,KCM,0,1,0,regular,y,
KCM193808030,robin101,MEM,5,1,value,4,4,0,1,0,,,,0,,0,0,0,,,,,,,,,,19380803,0,WIC01,v,KCM,0,1,0,regular,y,
KCM193808030,radct101,MEM,6,1,value,4,4,0,2,1,,,,0,,0,0,0,,,,,,,,,,19380803,0,WIC01,v,KCM,0,1,0,regular,y,
KCM193808030,browl107,MEM,7,1,value,4,4,0,0,0,,,,0,,0,0,0,,,,,,,,,,19380803,0,WIC01,v,KCM,0,1,0,regular,y,
KCM193808030,longr102,MEM,8,1,value,3,3,0,0,0,,,,0,,0,0,0,,,,,,,,,,19380803,0,WIC01,v,KCM,0,1,0,regular,y,
KCM193808030,jeffw101,MEM,9,1,value,3,3,1,2,0,,,,0,,0,0,0,,,,,,,,,,19380803,0,WIC01,v,KCM,0,1,0,regular,y,
KCM193808030,bibbr101,KCM,1,1,value,5,5,1,2,0,,,,0,,0,0,0,,,,,,,,,,19380803,0,WIC01,h,MEM,1,0,0,regular,y,
KCM193808030,milth101,KCM,2,1,value,5,5,1,1,0,,,,0,,0,0,0,,,,,,,,,,19380803,0,WIC01,h,MEM,1,0,0,regular,y,
KCM193808030,steat101,KCM,3,1,value,5,5,2,1,1,,,,0,,0,0,0,,,,,,,,,,19380803,0,WIC01,h,MEM,1,0,0,regular,y,
KCM193808030,broww101,KCM,4,1,value,4,4,1,0,0,,,,0,,0,0,0,,,,,,,,,,19380803,0,WIC01,h,MEM,1,0,0,regular,y,
KCM193808030,elseh101,KCM,5,1,value,4,3,0,1,0,,,,0,,0,1,,,,,,,,,,,19380803,0,WIC01,h,MEM,1,0,0,regular,y,
KCM193808030,oneib801,KCM,6,1,value,4,4,0,2,1,,,,0,,0,0,0,,,,,,,,,,19380803,0,WIC01,h,MEM,1,0,0,regular,y,
KCM193808030,cox-r102,KCM,7,1,value,4,3,1,0,0,,,,0,,0,1,,,,,,,,,,,19380803,0,WIC01,h,MEM,1,0,0,regular,y,
KCM193808030,johnm103,KCM,8,1,value,4,3,2,2,0,,,,0,,0,1,,,,,,,,,,,19380803,0,WIC01,h,MEM,1,0,0,regular,y,
KCM193808030,smith111,KCM,9,1,value,4,4,1,1,0,,,,0,,0,0,0,,,,,,,,,,19380803,0,WIC01,h,MEM,1,0,0,regular,y,
MEM193906140,milth101,KCM,1,1,value,5,5,1,2,0,0,0,,0,,0,0,0,,0,,,0,,,,,19390614,0,WIC01,v,MEM,0,1,0,regular,y,
MEM193906140,bibbr101,KCM,2,1,value,5,5,0,0,0,0,0,,0,,0,0,0,,0,,,0,,,,,19390614,0,WIC01,v,MEM,0,1,0,regular,y,
MEM193906140,steat101,KCM,3,1,value,4,3,0,0,0,0,0,,0,,0,1,,,0,,,0,,,,,19390614,0,WIC01,v,MEM,0,1,0,regular,y,
MEM193906140,willj111,KCM,3,2,value,1,1,0,0,0,0,0,,0,,0,0,0,,0,,,0,,,1,,19390614,0,WIC01,v,MEM,0,1,0,regular,y,
MEM193906140,broww101,KCM,4,1,value,5,5,0,1,0,0,0,,0,,0,0,0,,0,,,0,,,,,19390614,0,WIC01,v,MEM,0,1,0,regular,y,
MEM193906140,strot101,KCM,5,1,value,4,3,0,2,0,0,0,,0,,0,1,,,0,,,0,,,,,19390614,0,WIC01,v,MEM,0,1,0,regular,y,
MEM193906140,oneib801,KCM,6,1,value,4,3,0,0,0,0,0,,1,,0,0,0,,0,,,0,,,,,19390614,0,WIC01,v,MEM,0,1,0,regular,y,
MEM193906140,allen102,KCM,7,1,value,4,4,0,1,0,0,0,,0,,0,0,0,,0,,,0,,,,,19390614,0,WIC01,v,MEM,0,1,0,regular,y,
MEM193906140,decul101,KCM,8,1,value,2,1,1,1,0,0,0,,0,,0,1,,,0,,,0,,,,,19390614,0,WIC01,v,MEM,0,1,0,regular,y,
MEM193906140,greej108,KCM,8,2,value,2,2,0,0,0,0,0,,0,,0,0,0,,0,,,0,,,,,19390614,0,WIC01,v,MEM,0,1,0,regular,y,
MEM193906140,jackb102,KCM,9,1,value,1,1,0,0,0,0,0,,0,,0,0,0,,0,,,0,,,,,19390614,0,WIC01,v,MEM,0,1,0,regular,y,
MEM193906140,bradf104,KCM,9,2,value,1,1,0,1,0,0,0,,0,,0,0,0,,0,,,0,,,,,19390614,0,WIC01,v,MEM,0,1,0,regular,y,
MEM193906140,walkg103,KCM,9,3,value,1,1,0,0,0,0,0,,0,,0,0,0,,0,,,0,,,,,19390614,0,WIC01,v,MEM,0,1,0,regular,y,
MEM193906140,smith111,KCM,9,4,value,1,1,0,0,0,0,0,,0,,0,0,0,,0,,,0,,,,,19390614,0,WIC01,v,MEM,0,1,0,regular,y,
MEM193906140,hydec101,MEM,1,1,value,4,4,0,2,0,0,0,,0,,0,0,0,,0,,,0,,,,,19390614,0,WIC01,h,KCM,1,0,0,regular,y,
MEM193906140,cartm101,MEM,2,1,value,4,3,2,1,0,0,0,,0,,0,1,,,0,,,0,,,,,19390614,0,WIC01,h,KCM,1,0,0,regular,y,
MEM193906140,davel102,MEM,3,1,value,4,3,0,1,0,0,0,,1,,0,0,0,,0,,,0,,,,,19390614,0,WIC01,h,KCM,1,0,0,regular,y,
MEM193906140,robin101,MEM,4,1,value,4,4,0,1,0,1,0,,0,,0,0,0,,0,,,0,,,,,19390614,0,WIC01,h,KCM,1,0,0,regular,y,
MEM193906140,rogen101,MEM,5,1,value,4,4,0,0,0,0,0,,0,,0,0,0,,0,,,0,,,,,19390614,0,WIC01,h,KCM,1,0,0,regular,y,
MEM193906140,longr102,MEM,6,1,value,3,1,2,1,0,0,0,,0,,0,2,,,0,,,0,,,,,19390614,0,WIC01,h,KCM,1,0,0,regular,y,
MEM193906140,taylj106,MEM,7,1,value,3,2,1,0,0,0,0,,0,,0,1,,,0,,,0,,,,,19390614,0,WIC01,h,KCM,1,0,0,regular,y,
MEM193906140,bankf101,MEM,8,1,value,3,2,1,0,0,0,0,,0,,0,1,,,0,,,0,,,,,19390614,0,WIC01,h,KCM,1,0,0,regular,y,
MEM193906140,wilsl102,MEM,9,1,value,3,3,0,1,0,0,0,2,0,,0,0,0,,0,,,0,,,,,19390614,0,WIC01,h,KCM,1,0,0,regular,y,
KCM193909250,davel102,MEM,1,1,value,4,3,0,0,0,0,0,0,0,,,1,,,,,,,,,,,19390925,0,WIC01,v,KCM,0,1,0,exhibition,y,
KCM193909250,taylj106,MEM,2,1,value,3,1,1,1,0,0,0,0,0,,,2,,,,,,,,,,,19390925,0,WIC01,v,KCM,0,1,0,exhibition,y,
KCM193909250,cartm101,MEM,3,1,value,3,3,0,1,0,1,0,,0,,,0,,,,,,,,,,,19390925,0,WIC01,v,KCM,0,1,0,exhibition,y,
KCM193909250,rogen101,MEM,4,1,value,3,3,0,1,0,0,0,,0,,,0,,,,,,,,,,,19390925,0,WIC01,v,KCM,0,1,0,exhibition,y,
KCM193909250,browl107,MEM,5,1,value,3,3,0,1,0,0,0,,0,,,0,,,,,,,,,,,19390925,0,WIC01,v,KCM,0,1,0,exhibition,y,
KCM193909250,longr102,MEM,6,1,value,3,3,1,1,0,0,1,1,0,,,0,,,,,,,,,,,19390925,0,WIC01,v,KCM,0,1,0,exhibition,y,
KCM193909250,bankf101,MEM,7,1,value,3,3,0,0,0,0,0,0,0,,,0,,,,,,,,,,,19390925,0,WIC01,v,KCM,0,1,0,exhibition,y,
KCM193909250,browt105,MEM,8,1,value,3,3,0,1,0,0,0,0,0,,,0,,,,,,,,,,,19390925,0,WIC01,v,KCM,0,1,0,exhibition,y,
KCM193909250,davir103,MEM,9,1,value,3,3,0,0,0,0,0,0,0,,,0,,,,,,,,,,,19390925,0,WIC01,v,KCM,0,1,0,exhibition,y,
KCM193909250,milth101,KCM,1,1,value,4,3,0,1,0,0,0,,0,,,1,,,,,,,,,,,19390925,0,WIC01,h,MEM,1,0,0,exhibition,y,
KCM193909250,allen102,KCM,2,1,value,4,4,0,2,0,0,0,,0,,,0,,,,,,,,,,,19390925,0,WIC01,h,MEM,1,0,0,exhibition,y,
KCM193909250,steat101,KCM,3,1,value,3,3,1,0,0,0,0,,0,,,0,,,,,,,,,,,19390925,0,WIC01,h,MEM,1,0,0,exhibition,y,
KCM193909250,strot101,KCM,4,1,value,3,3,1,2,1,0,0,,0,,,0,,,,,,,,,,,19390925,0,WIC01,h,MEM,1,0,0,exhibition,y,
KCM193909250,greej108,KCM,5,1,value,3,2,0,1,0,0,0,,1,,,0,,,,,,,,,,,19390925,0,WIC01,h,MEM,1,0,0,exhibition,y,
KCM193909250,bibbr101,KCM,6,1,value,3,3,1,1,0,0,1,,0,,,0,,,,,,,,,,,19390925,0,WIC01,h,MEM,1,0,0,exhibition,y,
KCM193909250,oneib801,KCM,7,1,value,3,3,1,0,0,0,0,,0,,,0,,,,,,,,,,,19390925,0,WIC01,h,MEM,1,0,0,exhibition,y,
KCM193909250,langu101,KCM,8,1,value,3,3,1,1,0,0,0,,0,,,0,,,,,,,,,,,19390925,0,WIC01,h,MEM,1,0,0,exhibition,y,
KCM193909250,walkg103,KCM,9,1,value,3,3,1,0,0,0,0,,0,,,0,,,,,,,,,,,19390925,0,WIC01,h,MEM,1,0,0,exhibition,y,
KCM194005240,bankf101,MEM,1,1,value,5,3,1,0,0,0,0,,0,,0,2,,,0,,,0,,,,,19400524,0,WIC01,v,KCM,0,1,0,regular,y,
KCM194005240,mathv101,MEM,2,1,value,3,3,0,0,0,0,0,,0,,0,0,0,,0,,,0,,,,,19400524,0,WIC01,v,KCM,0,1,0,regular,y,
KCM194005240,longr102,MEM,2,2,value,2,2,1,0,0,0,0,,0,,0,0,0,,0,,,0,,,,,19400524,0,WIC01,v,KCM,0,1,0,regular,y,
KCM194005240,rogen101,MEM,3,1,value,5,5,1,0,0,0,0,,0,,0,0,0,,0,,,0,,,,,19400524,0,WIC01,v,KCM,0,1,0,regular,y,
KCM194005240,robin101,MEM,4,1,value,3,3,0,3,1,0,0,,0,,0,0,0,,0,,,0,,,,,19400524,0,WIC01,v,KCM,0,1,0,regular,y,
KCM194005240,browt105,MEM,4,2,value,1,1,0,0,0,0,0,,0,,0,0,0,,0,,,0,,,,,19400524,0,WIC01,v,KCM,0,1,0,regular,y,
KCM194005240,cartm101,MEM,5,1,value,4,3,0,1,0,0,0,,0,,0,1,,,0,,,0,,,,,19400524,0,WIC01,v,KCM,0,1,0,regular,y,
KCM194005240,bradb107,MEM,5,2,value,0,0,0,0,0,0,0,,0,,0,0,0,,0,,,0,,,,,19400524,0,WIC01,v,KCM,0,1,0,regular,y,
KCM194005240,warrj101,MEM,6,1,value,4,3,0,1,0,0,0,,0,,0,1,,,0,,,0,,,,,19400524,0,WIC01,v,KCM,0,1,0,regular,y,
KCM194005240,taylj106,MEM,7,1,value,4,3,0,0,0,0,0,,0,,0,1,,,0,,,0,,,,,19400524,0,WIC01,v,KCM,0,1,0,regular,y,
KCM194005240,dawsj102,MEM,8,1,value,2,2,0,0,0,0,0,,0,,0,0,0,,0,,,0,,,,,19400524,0,WIC01,v,KCM,0,1,0,regular,y,
KCM194005240,dumal101,MEM,8,2,value,1,1,0,0,0,0,0,,0,,0,0,0,,0,,,0,,,,,19400524,0,WIC01,v,KCM,0,1,0,regular,y,
KCM194005240,browl107,MEM,8,3,value,1,1,0,0,0,0,0,,0,,0,0,0,,0,,,0,,,,,19400524,0,WIC01,v,KCM,0,1,0,regular,y,
KCM194005240,boonl102,MEM,9,1,value,0,0,0,0,0,0,0,,0,,0,0,0,,0,,,0,,,,,19400524,0,WIC01,v,KCM,0,1,0,regular,y,
KCM194005240,sumrw101,MEM,9,2,value,2,2,0,0,0,0,0,,0,,0,0,0,,0,,,0,,,,,19400524,0,WIC01,v,KCM,0,1,0,regular,y,
KCM194005240,jonec108,MEM,9,3,value,1,1,0,0,0,0,0,,0,,0,0,0,,0,,,0,,,,,19400524,0,WIC01,v,KCM,0,1,0,regular,y,
KCM194005240,savaj103,MEM,9,4,value,0,0,0,0,0,0,0,,0,,0,0,0,,0,,,0,,,,,19400524,0,WIC01,v,KCM,0,1,0,regular,y,
KCM194005240,breme101,MEM,9,5,value,1,1,0,0,0,0,0,,0,,0,0,0,,0,,,0,,,,,19400524,0,WIC01,v,KCM,0,1,0,regular,y,
KCM194005240,mcdab101,KCM,1,1,value,4,3,0,1,1,0,0,,0,,0,1,,,0,,,0,,,,,19400524,0,WIC01,h,MEM,1,0,0,regular,y,
KCM194005240,dougj102,KCM,2,1,value,4,4,1,1,0,0,0,,0,,0,0,0,,0,,,0,,,,,19400524,0,WIC01,h,MEM,1,0,0,regular,y,
KCM194005240,soueh101,KCM,3,1,value,4,3,1,0,0,0,0,,0,,0,1,,,0,,,0,,,,,19400524,0,WIC01,h,MEM,1,0,0,regular,y,
KCM194005240,greej108,KCM,4,1,value,4,3,2,0,0,0,0,,0,,0,1,,,0,,,0,,,,,19400524,0,WIC01,h,MEM,1,0,0,regular,y,
KCM194005240,steat101,KCM,5,1,value,4,4,1,1,1,0,0,2,0,,0,0,0,,0,,,0,,,,,19400524,0,WIC01,h,MEM,1,0,0,regular,y,
KCM194005240,willj111,KCM,6,1,value,4,4,0,1,0,0,0,,0,,0,0,0,,0,,,0,,,,,19400524,0,WIC01,h,MEM,1,0,0,regular,y,
KCM194005240,milth101,KCM,7,1,value,4,4,2,2,1,0,1,3,0,,0,0,0,,0,,,0,,,,,19400524,0,WIC01,h,MEM,1,0,0,regular,y,
KCM194005240,oneib801,KCM,8,1,value,3,3,0,1,0,0,0,,0,,0,0,0,,0,,,0,,,,,19400524,0,WIC01,h,MEM,1,0,0,regular,y,
KCM194005240,bradf104,KCM,9,1,value,3,3,0,0,0,0,0,,0,,0,0,0,,0,,,0,,,,,19400524,0,WIC01,h,MEM,1,0,0,regular,y,
KCM194005240,bryaa101,KCM,9,2,value,0,0,0,0,0,0,0,,0,,0,0,0,,0,,,0,,,,,19400524,0,WIC01,h,MEM,1,0,0,regular,y,
KCM194005240,smith111,KCM,9,3,value,0,0,0,0,0,0,0,,0,,0,0,0,,0,,,0,,,,,19400524,0,WIC01,h,MEM,1,0,0,regular,y,
KCM194104200,alext101,CAG,,,value,,,,,,,,,,,,,,,,,,,,,,,19410420,0,WIC01,v,KCM,0,1,0,exhibition,,
KCM194104200,bassp101,CAG,,,value,,,,,,,,,,,,,,,,,,,,,,,19410420,0,WIC01,v,KCM,0,1,0,exhibition,,
KCM194104200,cornw101,CAG,,,value,,,,,,,,,,,,,,,,,,,,,,,19410420,0,WIC01,v,KCM,0,1,0,exhibition,,
KCM194104200,hornb101,CAG,,,value,,,,,,,,,,,,,,,,,,,,,,,19410420,0,WIC01,v,KCM,0,1,0,exhibition,,
KCM194104200,bibbr101,KCM,,,value,,,,,,,,,,,,,,,,,,,,,,,19410420,0,WIC01,h,CAG,1,0,0,exhibition,,
KCM194104200,bradf104,KCM,,,value,,,,,,,,,,,,,,,,,,,,,,,19410420,0,WIC01,h,CAG,1,0,0,exhibition,,
KCM194104200,greej108,KCM,,,value,,,,1,,,,1,,,,,,,,,,,,,,,19410420,0,WIC01,h,CAG,1,0,0,exhibition,,
KCM194104200,mcdab101,KCM,,,value,,,,,,,,,,,,,,,,,,,,,,,19410420,0,WIC01,h,CAG,1,0,0,exhibition,,
KCM194104200,soueh101,KCM,,,value,,,1,1,,,,1,,,,,,,,,,,,,,,19410420,0,WIC01,h,CAG,1,0,0,exhibition,,
KCM194104200,yount101,KCM,,,value,,,1,1,,,,,,,,,,,,,,,,,1,,19410420,0,WIC01,h,CAG,1,0,0,exhibition,,
KCM194606200,drakr101,IN9,1,1,value,4,4,0,0,0,0,0,0,0,,0,0,0,,0,,,0,,,,,19460620,0,WIC01,v,KCM,0,1,0,regular,y,
KCM194606200,smitg105,IN9,2,1,value,4,3,0,0,0,0,0,0,0,,0,1,,,0,,,0,,,,,19460620,0,WIC01,v,KCM,0,1,0,regular,y,
KCM194606200,neilr101,IN9,3,1,value,4,4,0,0,0,0,0,0,0,,0,0,0,,0,,,0,,,,,19460620,0,WIC01,v,KCM,0,1,0,regular,y,
KCM194606200,clevd101,IN9,4,1,value,3,3,0,0,0,0,0,0,0,,0,0,0,,0,,,0,,,,,19460620,0,WIC01,v,KCM,0,1,0,regular,y,
KCM194606200,hairs101,IN9,5,1,value,3,3,0,1,0,0,0,0,0,,0,0,0,,0,,,0,,,,,19460620,0,WIC01,v,KCM,0,1,0,regular,y,
KCM194606200,tatug101,IN9,6,1,value,3,3,0,1,0,0,0,0,0,,0,0,0,,0,,,0,,,,,19460620,0,WIC01,v,KCM,0,1,0,regular,y,
KCM194606200,xiqul101,IN9,7,1,value,3,3,0,0,0,0,0,0,0,,0,0,0,,0,,,0,,,,,19460620,0,WIC01,v,KCM,0,1,0,regular,y,
KCM194606200,haywb102,IN9,8,1,value,3,3,0,0,0,0,0,0,0,,0,0,0,,0,,,0,,,,,19460620,0,WIC01,v,KCM,0,1,0,regular,y,
KCM194606200,garca101,IN9,9,1,value,2,2,0,1,1,0,0,0,0,,0,0,0,,0,,,0,,,,,19460620,0,WIC01,v,KCM,0,1,0,regular,y,
KCM194606200,bairu101,IN9,9,2,value,1,1,0,0,0,0,0,0,0,,0,0,0,,0,,,0,,,,,19460620,0,WIC01,v,KCM,0,1,0,regular,y,
KCM194606200,soueh101,KCM,1,1,value,4,4,0,0,0,0,0,0,0,,0,0,0,,0,,,0,,,,,19460620,0,WIC01,h,IN9,1,0,0,regular,y,
KCM194606200,renfc101,KCM,2,1,value,4,3,0,1,1,0,0,0,0,,0,1,,,0,,,0,,,,,19460620,0,WIC01,h,IN9,1,0,0,regular,y,
KCM194606200,scotj106,KCM,3,1,value,4,4,0,1,0,0,0,0,0,,0,0,0,,0,,,0,,,,,19460620,0,WIC01,h,IN9,1,0,0,regular,y,
KCM194606200,broww101,KCM,4,1,value,4,4,2,2,0,0,0,0,0,,0,0,0,,0,,,0,,,,,19460620,0,WIC01,h,IN9,1,0,0,regular,y,
KCM194606200,greej108,KCM,5,1,value,4,4,1,4,1,1,0,2,0,,0,0,0,,0,,,0,,,,,19460620,0,WIC01,h,IN9,1,0,0,regular,y,
KCM194606200,oneib801,KCM,6,1,value,4,2,0,2,0,0,0,0,0,,0,2,,,0,,,0,,,,,19460620,0,WIC01,h,IN9,1,0,0,regular,y,
KCM194606200,smitf107,KCM,7,1,value,4,4,0,0,0,0,0,0,0,,0,0,0,,0,,,0,,,,,19460620,0,WIC01,h,IN9,1,0,0,regular,y,
KCM194606200,taboe101,KCM,8,1,value,4,4,0,1,0,0,0,0,0,,0,0,0,,0,,,0,,,,,19460620,0,WIC01,h,IN9,1,0,0,regular,y,
KCM194606200,paigs101,KCM,9,1,value,2,2,0,0,0,0,0,0,0,,0,0,0,,0,,,0,,,,,19460620,0,WIC01,h,IN9,1,0,0,regular,y,
KCM194606200,smith111,KCM,9,2,value,2,2,0,0,0,0,0,0,0,,0,0,0,,0,,,0,,,,,19460620,0,WIC01,h,IN9,1,0,0,regular,y,
ASP194610122,rizzp101,ASF,1,1,value,5,4,0,1,0,1,0,0,0,0,0,1,0,,0,0,0,0,0,,,,19461012,2,WIC01,v,ASP,1,0,0,exhibition,y,d
ASP194610122,beraj101,ASF,2,1,value,5,4,0,0,0,0,0,0,1,0,0,0,0,,0,0,0,0,0,,,,19461012,2,WIC01,v,ASP,1,0,0,exhibition,y,d
ASP194610122,vernm101,ASF,3,1,value,4,3,2,2,0,0,0,0,0,0,0,1,0,,0,0,0,0,0,,,,19461012,2,WIC01,v,ASP,1,0,0,exhibition,y,d
ASP194610122,kellc101,ASF,4,1,value,4,3,2,1,0,0,1,2,0,0,0,1,0,,0,0,0,0,0,,,,19461012,2,WIC01,v,ASP,1,0,0,exhibition,y,d
ASP194610122,heatj101,ASF,5,1,value,4,4,1,2,0,0,0,1,0,0,0,0,0,,0,0,0,0,0,,,,19461012,2,WIC01,v,ASP,1,0,0,exhibition,y,d
ASP194610122,keltk101,ASF,6,1,value,4,3,0,0,0,0,0,0,0,0,0,1,0,,0,0,0,0,0,,,,19461012,2,WIC01,v,ASP,1,0,0,exhibition,y,d
ASP194610122,chaps101,ASF,7,1,value,4,4,0,3,0,0,0,0,0,0,0,0,0,,0,1,0,0,0,,,,19461012,2,WIC01,v,ASP,1,0,0,exhibition,y,d
ASP194610122,hegaj101,ASF,8,1,value,4,4,0,1,0,0,0,2,0,0,0,0,0,,0,0,1,0,1,,,,19461012,2,WIC01,v,ASP,1,0,0,exhibition,y,d
ASP194610122,fellb101,ASF,9,1,value,1,1,0,0,0,0,0,0,0,0,0,0,0,,0,0,0,0,0,,,,19461012,2,WIC01,v,ASP,1,0,0,exhibition,y,d
ASP194610122,lemob101,ASF,9,2,value,1,1,0,0,0,0,0,0,0,0,0,0,0,,0,0,0,0,0,,1,,19461012,2,WIC01,v,ASP,1,0,0,exhibition,y,d
ASP194610122,sainj101,ASF,9,3,value,2,2,0,0,0,0,0,0,0,0,0,0,0,,0,0,0,0,0,,,,19461012,2,WIC01,v,ASP,1,0,0,exhibition,y,d
ASP194610122,wilsa101,ASP,1,1,value,4,4,0,1,0,0,0,0,0,0,0,0,0,,0,0,0,0,0,,,,19461012,2,WIC01,h,ASF,0,1,0,exhibition,y,d
ASP194610122,bensg101,ASP,2,1,value,4,4,1,0,0,0,0,0,0,0,0,0,0,,0,0,0,0,0,,,,19461012,2,WIC01,h,ASF,0,1,0,exhibition,y,d
ASP194610122,thomh103,ASP,3,1,value,4,4,1,1,1,0,0,0,0,0,0,0,0,,0,0,0,0,0,,,,19461012,2,WIC01,h,ASF,0,1,0,exhibition,y,d
ASP194610122,davij106,ASP,4,1,value,4,4,0,2,1,0,0,2,0,0,0,0,0,,0,0,0,0,0,,,,19461012,2,WIC01,h,ASF,0,1,0,exhibition,y,d
ASP194610122,jeths101,ASP,5,1,value,4,3,0,1,1,0,0,0,0,0,0,1,0,,0,0,0,0,0,,,,19461012,2,WIC01,h,ASF,0,1,0,exhibition,y,d
ASP194610122,oneib801,ASP,6,1,value,4,4,0,2,0,0,0,0,0,0,0,0,0,,0,0,0,0,0,,,,19461012,2,WIC01,h,ASF,0,1,0,exhibition,y,d
ASP194610122,mannm101,ASP,7,1,value,2,1,0,0,0,0,0,0,1,0,0,0,0,,0,0,0,0,0,,,,19461012,2,WIC01,h,ASF,0,1,0,exhibition,y,d
ASP194610122,trouq101,ASP,7,2,value,2,2,0,0,0,0,0,0,0,0,0,0,0,,0,0,0,0,0,,1,,19461012,2,WIC01,h,ASF,0,1,0,exhibition,y,d
ASP194610122,renfc101,ASP,8,1,value,4,4,0,0,0,0,0,0,0,0,0,0,0,,0,0,0,0,0,,,,19461012,2,WIC01,h,ASF,0,1,0,exhibition,y,d
ASP194610122,paigs101,ASP,9,1,value,1,1,0,0,0,0,0,0,0,0,0,0,0,,0,0,0,0,0,,,,19461012,2,WIC01,h,ASF,0,1,0,exhibition,y,d
ASP194610122,jessg101,ASP,9,2,value,3,3,1,1,0,0,0,0,0,0,0,0,0,,0,0,0,0,0,,,,19461012,2,WIC01,h,ASF,0,1,0,exhibition,y,d
KCM194705020,drakr101,IN9,1,1,value,4,4,1,2,0,1,0,1,0,0,0,0,0,,0,0,0,0,0,,,,19470502,0,WIC01,v,KCM,0,1,0,exhibition,y,d
KCM194705020,merch101,IN9,2,1,value,4,3,0,0,0,0,0,0,0,0,0,1,0,,0,0,0,0,0,,,,19470502,0,WIC01,v,KCM,0,1,0,exhibition,y,d
KCM194705020,neilr101,IN9,3,1,value,4,4,0,2,0,1,0,0,0,0,0,0,0,,0,0,0,0,0,,,,19470502,0,WIC01,v,KCM,0,1,0,exhibition,y,d
KCM194705020,clevd101,IN9,4,1,value,4,4,0,0,0,0,0,0,0,0,0,0,0,,0,0,0,0,0,,,,19470502,0,WIC01,v,KCM,0,1,0,exhibition,y,d
KCM194705020,tatug101,IN9,5,1,value,4,4,0,0,0,0,0,0,0,0,0,0,0,,0,0,0,0,0,,,,19470502,0,WIC01,v,KCM,0,1,0,exhibition,y,d
KCM194705020,hairs101,IN9,6,1,value,4,4,1,1,1,0,0,0,0,0,0,0,0,,0,0,0,0,0,,,,19470502,0,WIC01,v,KCM,0,1,0,exhibition,y,d
KCM194705020,allen102,IN9,7,1,value,1,1,0,1,0,0,0,0,0,0,0,0,0,,0,1,0,0,0,,,,19470502,0,WIC01,v,KCM,0,1,0,exhibition,y,d
KCM194705020,walkh103,IN9,7,2,value,3,3,1,1,0,0,0,1,0,0,0,0,0,,0,0,0,0,0,,,,19470502,0,WIC01,v,KCM,0,1,0,exhibition,y,d
KCM194705020,haywb102,IN9,8,1,value,4,4,1,1,0,0,0,1,0,0,0,0,0,,0,0,0,0,0,,,,19470502,0,WIC01,v,KCM,0,1,0,exhibition,y,d
KCM194705020,guilj101,IN9,9,1,value,3,3,0,1,0,1,0,0,0,0,0,0,0,,0,0,0,0,0,,,,19470502,0,WIC01,v,KCM,0,1,0,exhibition,y,d
KCM194705020,quint103,IN9,9,2,value,0,0,0,0,0,0,0,0,0,0,0,0,0,,0,0,0,0,0,,,,19470502,0,WIC01,v,KCM,0,1,0,exhibition,y,d
KCM194705020,soueh101,KCM,1,1,value,5,3,1,0,0,0,0,0,0,0,0,2,0,,0,0,0,0,0,,,,19470502,0,WIC01,h,IN9,1,0,0,exhibition,y,d
KCM194705020,renfc101,KCM,2,1,value,5,4,0,0,0,0,0,0,1,0,0,0,0,,0,0,0,0,0,,,,19470502,0,WIC01,h,IN9,1,0,0,exhibition,y,d
KCM194705020,thomh103,KCM,3,1,value,5,4,1,3,0,0,1,1,0,0,0,1,0,,0,0,0,0,0,,,,19470502,0,WIC01,h,IN9,1,0,0,exhibition,y,d
KCM194705020,broww101,KCM,4,1,value,5,4,0,2,0,0,0,0,0,0,0,1,0,,0,1,0,0,0,,,,19470502,0,WIC01,h,IN9,1,0,0,exhibition,y,d
KCM194705020,scotj106,KCM,5,1,value,4,3,1,0,0,0,0,0,0,0,0,1,0,1,0,0,0,0,0,,,,19470502,0,WIC01,h,IN9,1,0,0,exhibition,y,d
KCM194705020,oneib801,KCM,5,2,value,1,1,0,0,0,0,0,1,0,0,0,0,0,,0,0,0,0,1,,1,,19470502,0,WIC01,h,IN9,1,0,0,exhibition,y,d
KCM194705020,moodl101,KCM,6,1,value,4,4,2,1,0,0,0,0,0,0,0,0,0,,0,0,0,0,1,,,,19470502,0,WIC01,h,IN9,1,0,0,exhibition,y,d
KCM194705020,coopt101,KCM,7,1,value,4,3,0,0,0,0,0,0,0,0,0,1,0,,0,0,0,0,0,,,,19470502,0,WIC01,h,IN9,1,0,0,exhibition,y,d
KCM194705020,taboe101,KCM,8,1,value,4,4,0,2,1,0,0,1,0,0,0,0,0,,0,0,0,0,0,,,,19470502,0,WIC01,h,IN9,1,0,0,exhibition,y,d
KCM194705020,alext101,KCM,9,1,value,1,1,0,0,0,0,0,0,0,0,0,0,0,,0,0,0,0,0,,,,19470502,0,WIC01,h,IN9,1,0,0,exhibition,y,d
KCM194705020,smitf107,KCM,9,2,value,1,0,0,0,0,0,0,1,0,0,0,1,0,,0,0,0,0,0,,1,,19470502,0,WIC01,h,IN9,1,0,0,exhibition,y,d
KCM194705020,berrc104,KCM,9,3,value,2,2,0,0,0,0,0,0,0,0,0,0,0,,0,0,0,0,0,,,,19470502,0,WIC01,h,IN9,1,0,0,exhibition,y,d
KCM194705060,longb101,CAG,1,1,value,5,5,1,1,0,0,0,0,0,,0,0,0,,0,,,0,,,,,19470506,0,WIC01,v,KCM,0,1,0,regular,y,
KCM194705060,turnt106,CAG,2,1,value,4,3,0,1,0,0,0,1,1,,0,0,0,,0,,,0,,,,,19470506,0,WIC01,v,KCM,0,1,0,regular,y,
KCM194705060,jessg101,CAG,2,2,value,1,1,0,0,0,0,0,0,0,,0,0,0,,0,,,0,,,,,19470506,0,WIC01,v,KCM,0,1,0,regular,y,
KCM194705060,hills101,CAG,3,1,value,5,4,0,1,0,0,0,0,0,,0,1,,,0,,,0,,,,,19470506,0,WIC01,v,KCM,0,1,0,regular,y,
KCM194705060,bumpe101,CAG,4,1,value,4,4,0,0,0,0,0,0,0,,0,0,0,,0,,,0,,,,,19470506,0,WIC01,v,KCM,0,1,0,regular,y,
KCM194705060,armob101,CAG,5,1,value,4,4,0,0,0,0,0,0,0,,0,0,0,,0,,,0,,,,,19470506,0,WIC01,v,KCM,0,1,0,regular,y,
KCM194705060,ritcj102,CAG,6,1,value,4,3,1,1,0,0,0,0,0,,0,1,,,1,,,0,,,,,19470506,0,WIC01,v,KCM,0,1,0,regular,y,
KCM194705060,milej102,CAG,7,1,value,4,4,0,1,0,0,0,0,0,,0,0,0,,0,,,0,,,,,19470506,0,WIC01,v,KCM,0,1,0,regular,y,
KCM194705060,mcnec101,CAG,8,1,value,4,4,1,2,1,0,0,0,0,,0,0,0,,1,,,0,,,,,19470506,0,WIC01,v,KCM,0,1,0,regular,y,
KCM194705060,mccow102,CAG,9,1,value,4,4,0,0,0,0,0,0,0,,0,0,0,,0,,,0,,,,,19470506,0,WIC01,v,KCM,0,1,0,regular,y,
KCM194705060,johnl108,CAG,9,2,value,0,0,0,0,0,0,0,0,0,,0,0,0,,0,,,0,,,,,19470506,0,WIC01,v,KCM,0,1,0,regular,y,
KCM194705060,soueh101,KCM,1,1,value,5,4,1,0,0,0,0,0,0,,1,0,0,,0,,,0,,,,,19470506,0,WIC01,h,CAG,1,0,0,regular,y,
KCM194705060,renfc101,KCM,2,1,value,5,5,0,3,0,0,0,0,0,,0,0,0,,1,,,0,,,,,19470506,0,WIC01,h,CAG,1,0,0,regular,y,
KCM194705060,thomh103,KCM,3,1,value,4,3,0,0,0,0,0,0,0,,0,1,,,0,,,0,,,,,19470506,0,WIC01,h,CAG,1,0,0,regular,y,
KCM194705060,broww101,KCM,4,1,value,4,3,0,1,0,0,0,0,0,,0,1,,,0,,,0,,,,,19470506,0,WIC01,h,CAG,1,0,0,regular,y,
KCM194705060,oneib801,KCM,5,1,value,4,4,0,0,0,0,0,0,0,,0,0,0,,0,,,0,,,,,19470506,0,WIC01,h,CAG,1,0,0,regular,y,
KCM194705060,scotj106,KCM,6,1,value,4,3,0,1,0,0,0,1,0,,0,1,,,0,,,0,,,,,19470506,0,WIC01,h,CAG,1,0,0,regular,y,
KCM194705060,greej108,KCM,7,1,value,4,2,1,0,0,0,0,0,0,,0,2,,,0,,,0,,,,,19470506,0,WIC01,h,CAG,1,0,0,regular,y,
KCM194705060,strot101,KCM,8,1,value,4,2,1,0,0,0,0,0,0,,0,2,,,0,,,0,,,,,19470506,0,WIC01,h,CAG,1,0,0,regular,y,
KCM194705060,lamaj102,KCM,9,1,value,4,3,1,1,0,0,0,1,1,,0,0,0,,0,,,0,,,,,19470506,0,WIC01,h,CAG,1,0,0,regular,y,
KCM194705070,longb101,CAG,1,1,value,5,4,2,2,0,0,0,0,0,0,0,1,0,,1,0,0,0,0,,,,19470507,0,WIC01,v,KCM,0,1,0,regular,y,d
KCM194705070,armob101,CAG,2,1,value,5,5,1,2,0,0,0,0,0,0,0,0,0,,0,0,0,0,0,,,,19470507,0,WIC01,v,KCM,0,1,0,regular,y,d
KCM194705070,hills101,CAG,3,1,value,5,4,1,1,0,0,0,1,0,0,0,1,0,,0,0,0,0,0,,,,19470507,0,WIC01,v,KCM,0,1,0,regular,y,d
KCM194705070,bumpe101,CAG,4,1,value,5,3,1,1,0,0,0,0,0,0,0,2,0,,0,0,0,0,0,,,,19470507,0,WIC01,v,KCM,0,1,0,regular,y,d
KCM194705070,mccow102,CAG,4,2,value,0,0,0,0,0,0,0,0,0,0,0,0,0,,0,0,0,0,0,,,,19470507,0,WIC01,v,KCM,0,1,0,regular,y,d
KCM194705070,ritcj102,CAG,5,1,value,5,4,1,0,0,0,0,1,0,0,0,1,0,,0,0,0,0,1,,,,19470507,0,WIC01,v,KCM,0,1,0,regular,y,d
KCM194705070,mccuj101,CAG,6,1,value,5,5,0,1,0,0,0,0,0,0,0,0,0,,0,0,0,0,0,,,,19470507,0,WIC01,v,KCM,0,1,0,regular,y,d
KCM194705070,milej102,CAG,7,1,value,4,4,0,1,0,0,0,0,0,0,0,0,0,,0,0,0,0,0,,,,19470507,0,WIC01,v,KCM,0,1,0,regular,y,d
KCM194705070,mcnec101,CAG,8,1,value,4,4,0,0,0,0,0,0,0,0,0,0,0,,0,0,0,0,1,,,,19470507,0,WIC01,v,KCM,0,1,0,regular,y,d
KCM194705070,jessg101,CAG,9,1,value,3,3,0,0,0,0,0,0,0,0,0,0,0,,0,0,0,0,0,,,,19470507,0,WIC01,v,KCM,0,1,0,regular,y,d
KCM194705070,rhodh101,CAG,9,2,value,1,1,0,0,0,0,0,0,0,0,0,0,0,,0,0,0,0,0,,1,,19470507,0,WIC01,v,KCM,0,1,0,regular,y,d
KCM194705070,broww101,KCM,1,1,value,5,5,3,3,1,0,0,1,0,0,0,0,0,,1,0,0,0,0,,,,19470507,0,WIC01,h,CAG,1,0,0,regular,y,d
KCM194705070,renfc101,KCM,2,1,value,5,4,0,3,0,0,0,3,0,0,0,1,0,,1,0,0,0,0,,,,19470507,0,WIC01,h,CAG,1,0,0,regular,y,d
KCM194705070,oneib801,KCM,3,1,value,5,4,1,1,0,0,0,0,1,0,0,0,0,,0,0,0,0,0,,,,19470507,0,WIC01,h,CAG,1,0,0,regular,y,d
KCM194705070,thomh103,KCM,4,1,value,5,4,1,0,0,0,0,0,0,0,0,1,0,,0,0,0,0,0,,,,19470507,0,WIC01,h,CAG,1,0,0,regular,y,d
KCM194705070,scotj106,KCM,5,1,value,5,5,0,1,0,0,0,0,0,0,0,0,0,,1,0,0,0,0,,,,19470507,0,WIC01,h,CAG,1,0,0,regular,y,d
KCM194705070,strot101,KCM,6,1,value,5,3,0,0,0,0,0,0,0,0,1,1,0,,0,0,0,0,0,,,,19470507,0,WIC01,h,CAG,1,0,0,regular,y,d
KCM194705070,greej108,KCM,7,1,value,5,3,1,1,0,0,0,1,0,0,1,1,0,,0,0,0,0,0,,,,19470507,0,WIC01,h,CAG,1,0,0,regular,y,d
KCM194705070,coopt101,KCM,8,1,value,4,2,1,0,0,0,0,0,1,0,0,1,0,,0,0,0,0,0,,,,19470507,0,WIC01,h,CAG,1,0,0,regular,y,d
KCM194705070,smitf107,KCM,8,2,value,1,1,0,1,0,0,0,1,0,0,0,0,0,,0,0,0,0,0,,1,,19470507,0,WIC01,h,CAG,1,0,0,regular,y,d
KCM194705070,alext101,KCM,9,1,value,4,1,0,0,0,0,0,0,1,0,0,2,0,,0,0,0,0,0,,,,19470507,0,WIC01,h,CAG,1,0,0,regular,y,d
KCM194705070,berrc104,KCM,9,2,value,0,0,0,0,0,0,0,0,0,0,0,0,0,,0,0,0,0,0,,,,19470507,0,WIC01,h,CAG,1,0,0,regular,y,d
KCM194705220,longb101,CAG,1,1,value,4,3,1,2,0,0,0,0,0,,0,1,,,0,,,0,,,,,19470522,0,WIC01,v,KCM,0,1,0,regular,y,
KCM194705220,bissj101,CAG,2,1,value,3,3,0,0,0,0,0,0,0,,0,0,0,,0,,,0,,,,,19470522,0,WIC01,v,KCM,0,1,0,regular,y,
KCM194705220,bostl102,CAG,2,2,value,1,0,0,0,0,0,0,0,0,,0,1,,,0,,,0,,,,,19470522,0,WIC01,v,KCM,0,1,0,regular,y,
KCM194705220,hills101,CAG,3,1,value,4,4,1,1,0,0,0,0,0,,0,0,0,,0,,,0,,,,,19470522,0,WIC01,v,KCM,0,1,0,regular,y,
KCM194705220,bumpe101,CAG,4,1,value,4,3,1,2,0,0,1,3,0,,0,1,,,0,,,0,,,,,19470522,0,WIC01,v,KCM,0,1,0,regular,y,
KCM194705220,armob101,CAG,5,1,value,4,4,0,1,1,0,0,0,0,,0,0,0,,0,,,0,,,,,19470522,0,WIC01,v,KCM,0,1,0,regular,y,
KCM194705220,milej102,CAG,6,1,value,4,4,0,0,0,0,0,0,0,,0,0,0,,0,,,0,,,,,19470522,0,WIC01,v,KCM,0,1,0,regular,y,
KCM194705220,mcnec101,CAG,7,1,value,4,4,0,0,0,0,0,0,0,,0,0,0,,0,,,0,,,,,19470522,0,WIC01,v,KCM,0,1,0,regular,y,
KCM194705220,tolbj101,CAG,8,1,value,4,2,0,0,0,0,0,0,0,,0,2,,,0,,,0,,,,,19470522,0,WIC01,v,KCM,0,1,0,regular,y,
KCM194705220,johnl108,CAG,9,1,value,2,2,0,0,0,0,0,0,0,,0,0,0,,0,,,0,,,,,19470522,0,WIC01,v,KCM,0,1,0,regular,y,
KCM194705220,lockc102,CAG,9,2,value,0,0,0,0,0,0,0,0,0,,0,0,0,,0,,,0,,,,,19470522,0,WIC01,v,KCM,0,1,0,regular,y,
KCM194705220,shoru101,CAG,9,3,value,1,0,0,0,0,0,0,0,0,,0,1,,,0,,,0,,,,,19470522,0,WIC01,v,KCM,0,1,0,regular,y,
KCM194705220,turnt106,CAG,9,4,value,0,0,0,0,0,0,0,0,0,,0,0,0,,0,,,0,,,,,19470522,0,WIC01,v,KCM,0,1,0,regular,y,
KCM194705220,soueh101,KCM,1,1,value,6,6,2,3,0,0,0,3,0,,0,0,0,,1,,,0,,,,,19470522,0,WIC01,h,CAG,1,0,0,regular,y,
KCM194705220,renfc101,KCM,2,1,value,6,5,3,3,1,0,0,1,0,,0,1,,,0,,,0,,,,,19470522,0,WIC01,h,CAG,1,0,0,regular,y,
KCM194705220,thomh103,KCM,3,1,value,6,5,4,4,1,1,1,3,0,,0,1,,,0,,,0,,,,,19470522,0,WIC01,h,CAG,1,0,0,regular,y,
KCM194705220,broww101,KCM,4,1,value,6,6,3,3,2,0,0,5,0,,0,0,0,,1,,,0,,,,,19470522,0,WIC01,h,CAG,1,0,0,regular,y,
KCM194705220,scotj106,KCM,5,1,value,6,5,1,1,0,0,0,0,0,,0,1,,,0,,,0,,,,,19470522,0,WIC01,h,CAG,1,0,0,regular,y,
KCM194705220,taboe101,KCM,6,1,value,6,5,1,1,0,0,0,1,0,,0,1,,,0,,,0,,,,,19470522,0,WIC01,h,CAG,1,0,0,regular,y,
KCM194705220,oneib801,KCM,7,1,value,6,6,2,2,0,0,0,2,0,,0,0,0,,0,,,0,,,,,19470522,0,WIC01,h,CAG,1,0,0,regular,y,
KCM194705220,coopt101,KCM,8,1,value,5,3,3,2,0,0,0,1,0,,0,2,,,0,,,0,,,,,19470522,0,WIC01,h,CAG,1,0,0,regular,y,
KCM194705220,wylis101,KCM,9,1,value,5,3,3,3,1,0,0,1,1,,1,0,0,,0,,,0,,,,,19470522,0,WIC01,h,CAG,1,0,0,regular,y,
KCM194705260,scotj108,MEM,1,1,value,6,3,0,3,0,0,0,2,0,,1,2,,,0,,,0,,,,,19470526,0,WIC01,v,KCM,1,0,0,regular,y,
KCM194705260,handg102,MEM,2,1,value,6,3,0,1,0,0,0,0,2,,0,1,,,0,,,0,,,,,19470526,0,WIC01,v,KCM,1,0,0,regular,y,
KCM194705260,cartm101,MEM,3,1,value,6,4,0,0,0,0,0,0,0,,0,2,,,0,,,0,,,,,19470526,0,WIC01,v,KCM,1,0,0,regular,y,
KCM194705260,formp101,MEM,4,1,value,6,6,0,0,0,0,0,0,0,,0,0,0,,0,,,0,,,,,19470526,0,WIC01,v,KCM,1,0,0,regular,y,
KCM194705260,boydb102,MEM,5,1,value,6,4,4,0,0,0,0,0,0,,0,2,,,0,,,0,,,,,19470526,0,WIC01,v,KCM,1,0,0,regular,y,
KCM194705260,colaj101,MEM,6,1,value,6,5,2,3,0,1,0,2,1,,0,0,0,,0,,,0,,,,,19470526,0,WIC01,v,KCM,1,0,0,regular,y,
KCM194705260,jonec108,MEM,7,1,value,6,6,0,3,0,0,0,1,0,,0,0,0,,0,,,0,,,,,19470526,0,WIC01,v,KCM,1,0,0,regular,y,
KCM194705260,wellw102,MEM,8,1,value,5,3,4,1,0,0,0,2,0,,0,2,,,0,,,0,,,,,19470526,0,WIC01,v,KCM,1,0,0,regular,y,
KCM194705260,sharp101,MEM,9,1,value,5,3,2,0,0,0,0,0,1,,0,1,,,0,,,0,,,,,19470526,0,WIC01,v,KCM,1,0,0,regular,y,
KCM194705260,soueh101,KCM,1,1,value,5,5,0,1,0,0,0,0,0,,0,0,0,,0,,,0,,,,,19470526,0,WIC01,h,MEM,0,1,0,regular,y,
KCM194705260,renfc101,KCM,2,1,value,5,5,1,2,0,0,0,0,0,,0,0,0,,0,,,0,,,,,19470526,0,WIC01,h,MEM,0,1,0,regular,y,
KCM194705260,thomh103,KCM,3,1,value,5,3,2,1,0,0,0,0,0,,0,2,,,0,,,0,,,,,19470526,0,WIC01,h,MEM,0,1,0,regular,y,
KCM194705260,broww101,KCM,4,1,value,5,5,1,1,1,0,0,1,0,,0,0,0,,0,,,0,,,,,19470526,0,WIC01,h,MEM,0,1,0,regular,y,
KCM194705260,strot101,KCM,5,1,value,4,3,0,1,0,0,0,1,0,,0,1,,,0,,,0,,,,,19470526,0,WIC01,h,MEM,0,1,0,regular,y,
KCM194705260,scotj106,KCM,6,1,value,4,4,0,1,0,0,0,1,0,,0,0,0,,0,,,0,,,,,19470526,0,WIC01,h,MEM,0,1,0,regular,y,
KCM194705260,taboe101,KCM,7,1,value,4,4,1,1,1,0,0,0,0,,0,0,0,,0,,,0,,,,,19470526,0,WIC01,h,MEM,0,1,0,regular,y,
KCM194705260,oneib801,KCM,8,1,value,4,4,0,1,0,0,0,0,0,,0,0,0,,0,,,0,,,,,19470526,0,WIC01,h,MEM,0,1,0,regular,y,
KCM194705260,alext101,KCM,9,1,value,2,2,0,0,0,0,0,0,0,,0,0,0,,0,,,0,,,,,19470526,0,WIC01,h,MEM,0,1,0,regular,y,
KCM194705260,wylis101,KCM,9,2,value,0,0,0,0,0,0,0,0,0,,0,0,0,,0,,,0,,,,,19470526,0,WIC01,h,MEM,0,1,0,regular,y,
KCM194705260,smitf107,KCM,9,3,value,2,2,0,2,0,0,0,1,0,,0,0,0,,0,,,0,,,,,19470526,0,WIC01,h,MEM,0,1,0,regular,y,
KCM194705270,scotj108,MEM,1,1,value,5,4,2,1,0,0,0,0,0,,0,1,,,0,,,0,,,,,19470527,0,WIC01,v,KCM,0,1,0,regular,y,
KCM194705270,handg102,MEM,2,1,value,5,5,2,1,0,0,0,0,0,,0,0,0,,0,,,0,,,,,19470527,0,WIC01,v,KCM,0,1,0,regular,y,
KCM194705270,cartm101,MEM,3,1,value,5,5,0,2,1,0,0,2,0,,0,0,0,,0,,,0,,,,,19470527,0,WIC01,v,KCM,0,1,0,regular,y,
KCM194705270,formp101,MEM,4,1,value,5,4,0,2,0,0,0,1,0,,0,1,,,0,,,0,,,,,19470527,0,WIC01,v,KCM,0,1,0,regular,y,
KCM194705270,boydb102,MEM,5,1,value,5,5,2,4,0,0,0,1,0,,0,0,0,,0,,,0,,,,,19470527,0,WIC01,v,KCM,0,1,0,regular,y,
KCM194705270,colaj101,MEM,6,1,value,5,4,2,3,0,0,0,0,0,,0,1,,,0,,,0,,,,,19470527,0,WIC01,v,KCM,0,1,0,regular,y,
KCM194705270,jonec108,MEM,7,1,value,5,5,0,3,1,0,0,3,0,,0,0,0,,0,,,0,,,,,19470527,0,WIC01,v,KCM,0,1,0,regular,y,
KCM194705270,wellw102,MEM,8,1,value,4,4,0,0,0,0,0,0,0,,0,0,0,,0,,,0,,,,,19470527,0,WIC01,v,KCM,0,1,0,regular,y,
KCM194705270,robin101,MEM,8,2,value,1,1,0,0,0,0,0,0,0,,0,0,0,,0,,,0,,,,,19470527,0,WIC01,v,KCM,0,1,0,regular,y,
KCM194705270,purch101,MEM,9,1,value,3,3,0,1,0,0,0,0,0,,0,0,0,,0,,,0,,,,,19470527,0,WIC01,v,KCM,0,1,0,regular,y,
KCM194705270,wilsj108,MEM,9,2,value,1,1,0,0,0,0,0,0,0,,0,0,0,,0,,,0,,,,,19470527,0,WIC01,v,KCM,0,1,0,regular,y,
KCM194705270,hubej101,MEM,9,3,value,1,1,0,0,0,0,0,0,0,,0,0,0,,0,,,0,,,,,19470527,0,WIC01,v,KCM,0,1,0,regular,y,
KCM194705270,soueh101,KCM,1,1,value,3,3,3,1,0,0,0,0,0,,0,0,0,,0,,,0,,,,,19470527,0,WIC01,h,MEM,1,0,0,regular,y,
KCM194705270,renfc101,KCM,1,2,value,2,1,0,0,0,0,0,0,1,,0,0,0,,0,,,0,,,,,19470527,0,WIC01,h,MEM,1,0,0,regular,y,
KCM194705270,thomh103,KCM,2,1,value,5,2,2,1,0,0,1,1,0,,0,3,,,0,,,0,,,,,19470527,0,WIC01,h,MEM,1,0,0,regular,y,
KCM194705270,broww101,KCM,3,1,value,5,5,2,3,1,0,0,3,0,,0,0,0,,1,,,0,,,,,19470527,0,WIC01,h,MEM,1,0,0,regular,y,
KCM194705270,scotj106,KCM,4,1,value,4,3,0,1,0,0,0,1,0,,0,1,,,0,,,0,,,,,19470527,0,WIC01,h,MEM,1,0,0,regular,y,
KCM194705270,greej108,KCM,5,1,value,4,3,1,2,0,1,0,1,0,,0,1,,,0,,,0,,,,,19470527,0,WIC01,h,MEM,1,0,0,regular,y,
KCM194705270,oneib801,KCM,6,1,value,4,3,1,0,0,0,0,0,1,,0,0,0,,1,,,0,,,,,19470527,0,WIC01,h,MEM,1,0,0,regular,y,
KCM194705270,coopt101,KCM,7,1,value,4,4,2,2,0,0,0,0,0,,0,0,0,,0,,,0,,,,,19470527,0,WIC01,h,MEM,1,0,0,regular,y,
KCM194705270,smith111,KCM,8,1,value,4,4,1,2,0,0,0,3,0,,0,0,0,,0,,,0,,,,,19470527,0,WIC01,h,MEM,1,0,0,regular,y,
KCM194705270,strot101,KCM,9,1,value,4,2,0,0,0,0,0,0,0,,0,2,,,0,,,0,,,,,19470527,0,WIC01,h,MEM,1,0,0,regular,y,
KCM194706040,jeths101,CVB,1,1,value,5,5,2,0,0,0,0,0,0,,0,0,0,,1,,,0,,,,,19470604,0,WIC01,v,KCM,1,0,0,regular,y,
KCM194706040,warea101,CVB,2,1,value,5,5,1,3,0,0,0,1,0,,0,0,0,,0,,,0,,,,,19470604,0,WIC01,v,KCM,1,0,0,regular,y,
KCM194706040,atkij102,CVB,3,1,value,5,5,1,1,1,0,0,1,0,,0,0,0,,0,,,0,,,,,19470604,0,WIC01,v,KCM,1,0,0,regular,y,
KCM194706040,nelsc102,CVB,4,1,value,5,5,0,3,0,0,0,2,0,,0,0,0,,0,,,0,,,,,19470604,0,WIC01,v,KCM,1,0,0,regular,y,
KCM194706040,gracw101,CVB,5,1,value,4,3,0,2,0,0,0,0,1,,0,0,0,,0,,,0,,,,,19470604,0,WIC01,v,KCM,1,0,0,regular,y,
KCM194706040,minog101,CVB,5,2,value,0,0,0,0,0,0,0,0,0,,0,0,0,,0,,,0,,,,,19470604,0,WIC01,v,KCM,1,0,0,regular,y,
KCM194706040,trouq101,CVB,6,1,value,2,1,0,0,0,0,0,0,0,,0,1,,,0,,,0,,,,,19470604,0,WIC01,v,KCM,1,0,0,regular,y,
KCM194706040,harrt102,CVB,6,2,value,2,2,0,0,0,0,0,0,0,,0,0,0,,0,,,0,,,,,19470604,0,WIC01,v,KCM,1,0,0,regular,y,
KCM194706040,cowaj101,CVB,7,1,value,4,4,0,0,0,0,0,0,0,,0,0,0,,0,,,0,,,,,19470604,0,WIC01,v,KCM,1,0,0,regular,y,
KCM194706040,smita102,CVB,8,1,value,4,4,1,1,0,1,0,0,0,,0,0,0,,0,,,0,,,,,19470604,0,WIC01,v,KCM,1,0,0,regular,y,
KCM194706040,davis106,CVB,9,1,value,4,4,0,0,0,0,0,1,0,,0,0,0,,0,,,0,,,,,19470604,0,WIC01,v,KCM,1,0,0,regular,y,
KCM194706040,soueh101,KCM,1,1,value,4,4,1,1,0,0,0,1,0,,0,0,0,,2,,,0,,,,,19470604,0,WIC01,h,CVB,0,1,0,regular,y,
KCM194706040,renfc101,KCM,2,1,value,4,3,0,0,0,0,0,0,1,,0,0,0,,0,,,0,,,,,19470604,0,WIC01,h,CVB,0,1,0,regular,y,
KCM194706040,thomh103,KCM,3,1,value,4,4,0,0,0,0,0,0,0,,0,0,0,,1,,,0,,,,,19470604,0,WIC01,h,CVB,0,1,0,regular,y,
KCM194706040,broww101,KCM,4,1,value,4,4,1,1,0,0,1,1,0,,0,0,0,,0,,,0,,,,,19470604,0,WIC01,h,CVB,0,1,0,regular,y,
KCM194706040,scotj106,KCM,5,1,value,4,4,0,1,0,0,0,0,0,,0,0,0,,1,,,0,,,,,19470604,0,WIC01,h,CVB,0,1,0,regular,y,
KCM194706040,strot101,KCM,6,1,value,3,3,0,0,0,0,0,0,0,,0,0,0,,0,,,0,,,,,19470604,0,WIC01,h,CVB,0,1,0,regular,y,
KCM194706040,smith111,KCM,6,2,value,1,1,0,0,0,0,0,0,0,,0,0,0,,0,,,0,,,,,19470604,0,WIC01,h,CVB,0,1,0,regular,y,
KCM194706040,coopt101,KCM,6,3,value,0,0,0,0,0,0,0,0,0,,0,0,0,,0,,,0,,,,,19470604,0,WIC01,h,CVB,0,1,0,regular,y,
KCM194706040,oneib801,KCM,7,1,value,4,3,0,0,0,0,0,0,0,,0,1,,,1,,,0,,,,,19470604,0,WIC01,h,CVB,0,1,0,regular,y,
KCM194706040,taboe101,KCM,8,1,value,4,4,1,1,0,0,0,0,0,,0,0,0,,0,,,0,,,,,19470604,0,WIC01,h,CVB,0,1,0,regular,y,
KCM194706040,alext101,KCM,9,1,value,3,2,0,0,0,0,0,0,1,,0,0,0,,0,,,0,,,,,19470604,0,WIC01,h,CVB,0,1,0,regular,y,
KCM194706040,greej108,KCM,9,2,value,1,1,0,1,0,0,0,0,0,,0,0,0,,0,,,0,,,,,19470604,0,WIC01,h,CVB,0,1,0,regular,y,
KCM194805180,renfc101,CVB,1,1,value,5,4,1,2,0,0,0,0,0,0,0,1,0,,0,0,0,0,0,,,,19480518,0,WIC01,v,KCM,0,1,0,regular,y,d
KCM194805180,warea101,CVB,2,1,value,5,5,0,0,0,0,0,0,0,0,0,0,0,,0,0,0,0,1,,,,19480518,0,WIC01,v,KCM,0,1,0,regular,y,d
KCM194805180,kelll101,CVB,3,1,value,5,2,1,1,0,0,0,0,1,0,0,2,0,,0,0,0,0,0,,,,19480518,0,WIC01,v,KCM,0,1,0,regular,y,d
KCM194805180,smita102,CVB,4,1,value,5,5,1,1,0,1,0,2,0,0,0,0,0,,0,0,0,0,0,,,,19480518,0,WIC01,v,KCM,0,1,0,regular,y,d
KCM194805180,gracw101,CVB,5,1,value,5,5,1,1,0,0,0,1,0,0,0,0,0,,0,0,0,0,0,,,,19480518,0,WIC01,v,KCM,0,1,0,regular,y,d
KCM194805180,greej108,CVB,6,1,value,4,2,1,1,0,0,1,2,0,0,0,2,0,,0,0,0,0,0,,,,19480518,0,WIC01,v,KCM,0,1,0,regular,y,d
KCM194805180,harrt102,CVB,7,1,value,4,3,0,1,0,0,0,0,0,0,0,1,0,,0,0,0,0,0,,,,19480518,0,WIC01,v,KCM,0,1,0,regular,y,d
KCM194805180,reynb103,CVB,8,1,value,4,4,0,0,0,0,0,0,0,0,0,0,0,,0,0,0,0,1,,,,19480518,0,WIC01,v,KCM,0,1,0,regular,y,d
KCM194805180,brewc102,CVB,9,1,value,4,3,0,0,0,0,0,0,1,0,0,0,0,,0,0,0,0,0,,,,19480518,0,WIC01,v,KCM,0,1,0,regular,y,d
KCM194805180,robec102,KCM,1,1,value,4,3,1,1,0,0,0,0,0,0,0,1,0,,0,0,0,0,0,,,,19480518,0,WIC01,h,CVB,1,0,0,regular,y,d
KCM194805180,soueh101,KCM,2,1,value,4,4,2,2,0,1,0,1,0,0,0,0,0,,0,0,0,0,0,,,,19480518,0,WIC01,h,CVB,1,0,0,regular,y,d
KCM194805180,thomh103,KCM,3,1,value,4,4,2,1,0,1,0,2,0,0,0,0,0,,0,0,0,0,1,,,,19480518,0,WIC01,h,CVB,1,0,0,regular,y,d
KCM194805180,broww101,KCM,4,1,value,4,3,1,3,0,0,0,1,0,0,0,1,0,,1,0,0,0,0,,,,19480518,0,WIC01,h,CVB,1,0,0,regular,y,d
KCM194805180,scotj106,KCM,5,1,value,4,4,1,1,0,0,0,0,0,0,0,0,0,,0,0,0,0,0,,,,19480518,0,WIC01,h,CVB,1,0,0,regular,y,d
KCM194805180,oneib801,KCM,6,1,value,4,4,0,0,0,0,0,1,0,0,0,0,0,,0,0,0,0,0,,,,19480518,0,WIC01,h,CVB,1,0,0,regular,y,d
KCM194805180,bakeg101,KCM,7,1,value,4,4,0,1,0,0,0,0,0,0,0,0,0,,0,0,0,0,0,,,,19480518,0,WIC01,h,CVB,1,0,0,regular,y,d
KCM194805180,taboe101,KCM,8,1,value,4,4,0,0,0,0,0,0,0,0,0,0,0,,0,0,0,0,0,,,,19480518,0,WIC01,h,CVB,1,0,0,regular,y,d
KCM194805180,johnc103,KCM,9,1,value,4,4,0,0,0,0,0,0,0,0,0,0,0,,0,0,0,0,0,,,,19480518,0,WIC01,h,CVB,1,0,0,regular,y,d
KCM194805190,warea101,CVB,1,1,value,5,5,2,2,0,1,0,0,0,0,0,0,0,,0,0,0,0,0,,,,19480519,0,WIC01,v,KCM,0,1,0,regular,y,d
KCM194805190,renfc101,CVB,2,1,value,4,4,0,0,0,0,0,0,0,0,0,0,0,,0,0,0,0,0,,,,19480519,0,WIC01,v,KCM,0,1,0,regular,y,d
KCM194805190,gracw101,CVB,3,1,value,4,4,0,3,0,0,0,2,0,0,0,0,0,,0,0,0,0,0,,,,19480519,0,WIC01,v,KCM,0,1,0,regular,y,d
KCM194805190,kelll101,CVB,4,1,value,4,4,0,0,0,0,0,0,0,0,0,0,0,,0,0,0,0,1,,,,19480519,0,WIC01,v,KCM,0,1,0,regular,y,d
KCM194805190,smita102,CVB,5,1,value,4,4,0,1,0,0,0,0,0,0,0,0,0,,0,0,0,0,0,,,,19480519,0,WIC01,v,KCM,0,1,0,regular,y,d
KCM194805190,greej108,CVB,6,1,value,4,4,0,0,0,0,0,0,0,0,0,0,0,,0,0,0,0,0,,,,19480519,0,WIC01,v,KCM,0,1,0,regular,y,d
KCM194805190,berrc104,CVB,7,1,value,3,3,0,0,0,0,0,0,0,0,0,0,0,,0,0,0,0,0,,,,19480519,0,WIC01,v,KCM,0,1,0,regular,y,d
KCM194805190,harrt102,CVB,7,2,value,1,1,0,0,0,0,0,0,0,0,0,0,0,,0,0,0,0,0,,1,,19480519,0,WIC01,v,KCM,0,1,0,regular,y,d
KCM194805190,reynb103,CVB,8,1,value,4,4,0,1,0,0,0,0,0,0,0,0,0,,0,0,0,0,0,,,,19480519,0,WIC01,v,KCM,0,1,0,regular,y,d
KCM194805190,carsf102,CVB,9,1,value,1,0,0,0,0,0,0,0,1,0,0,0,0,,0,0,0,0,0,,,,19480519,0,WIC01,v,KCM,0,1,0,regular,y,d
KCM194805190,browj114,CVB,9,2,value,2,1,0,0,0,0,0,0,0,0,0,1,0,,0,0,0,0,0,,,,19480519,0,WIC01,v,KCM,0,1,0,regular,y,d
KCM194805190,breme101,CVB,9,3,value,1,1,0,1,0,0,0,0,0,0,0,0,0,,0,0,0,0,0,,1,,19480519,0,WIC01,v,KCM,0,1,0,regular,y,d
KCM194805190,robec102,KCM,1,1,value,4,4,0,1,0,0,0,0,0,0,0,0,0,,0,0,0,0,1,,,,19480519,0,WIC01,h,CVB,1,0,0,regular,y,d
KCM194805190,soueh101,KCM,2,1,value,4,4,0,1,0,0,0,0,0,0,0,0,0,,0,0,0,0,0,,,,19480519,0,WIC01,h,CVB,1,0,0,regular,y,d
KCM194805190,thomh103,KCM,3,1,value,4,4,0,1,0,0,0,0,0,0,0,0,0,,0,0,0,0,0,,,,19480519,0,WIC01,h,CVB,1,0,0,regular,y,d
KCM194805190,broww101,KCM,4,1,value,4,4,2,1,1,0,0,0,0,0,0,0,0,,0,0,0,0,0,,,,19480519,0,WIC01,h,CVB,1,0,0,regular,y,d
KCM194805190,scotj106,KCM,5,1,value,4,3,2,2,0,0,1,3,0,0,0,1,0,,0,0,0,0,0,,,,19480519,0,WIC01,h,CVB,1,0,0,regular,y,d
KCM194805190,oneib801,KCM,6,1,value,4,4,0,0,0,0,0,0,0,0,0,0,0,,0,0,0,0,0,,,,19480519,0,WIC01,h,CVB,1,0,0,regular,y,d
KCM194805190,bakeg101,KCM,7,1,value,4,4,0,0,0,0,0,0,0,0,0,0,0,,0,0,0,0,0,,,,19480519,0,WIC01,h,CVB,1,0,0,regular,y,d
KCM194805190,taboe101,KCM,8,1,value,3,3,0,1,1,0,0,1,0,0,0,0,0,,0,0,0,0,0,,,,19480519,0,WIC01,h,CVB,1,0,0,regular,y,d
KCM194805190,smith111,KCM,9,1,value,3,3,0,1,0,0,0,0,0,0,0,0,0,,0,0,0,0,0,,,,19480519,0,WIC01,h,CVB,1,0,0,regular,y,d
KCM194805190,lamaj102,KCM,9,2,value,0,0,0,0,0,0,0,0,0,0,0,0,0,,0,0,0,0,0,,,,19480519,0,WIC01,h,CVB,1,0,0,regular,y,d
KCM194805260,mesaa101,IN9,1,1,value,4,4,0,0,0,0,0,0,0,0,0,0,0,,0,0,0,0,1,,,,19480526,0,WIC01,v,KCM,0,1,0,regular,y,d
KCM194805260,ferrc102,IN9,2,1,value,3,3,0,0,0,0,0,0,0,0,0,0,0,,0,0,1,0,0,,,,19480526,0,WIC01,v,KCM,0,1,0,regular,y,d
KCM194805260,merch101,IN9,2,2,value,1,1,0,0,0,0,0,0,0,0,0,0,0,,0,0,0,0,0,,1,,19480526,0,WIC01,v,KCM,0,1,0,regular,y,d
KCM194805260,drakr101,IN9,3,1,value,4,4,1,1,0,0,0,0,0,0,0,0,0,,0,0,0,0,0,,,,19480526,0,WIC01,v,KCM,0,1,0,regular,y,d
KCM194805260,hairs101,IN9,4,1,value,4,4,1,0,0,0,0,0,0,0,0,0,0,,0,0,0,0,1,,,,19480526,0,WIC01,v,KCM,0,1,0,regular,y,d
KCM194805260,strot101,IN9,5,1,value,4,4,0,2,1,0,0,3,0,0,0,0,0,,0,0,0,0,0,,,,19480526,0,WIC01,v,KCM,0,1,0,regular,y,d
KCM194805260,tatug101,IN9,6,1,value,4,4,0,1,0,0,0,0,0,0,0,0,0,,1,0,0,0,0,,,,19480526,0,WIC01,v,KCM,0,1,0,regular,y,d
KCM194805260,perel101,IN9,7,1,value,3,3,0,1,0,0,0,0,0,0,0,0,0,,0,0,0,0,0,,,,19480526,0,WIC01,v,KCM,0,1,0,regular,y,d
KCM194805260,cabrr101,IN9,7,2,value,1,1,0,0,0,0,0,0,0,0,0,0,0,1,0,0,0,0,0,,1,,19480526,0,WIC01,v,KCM,0,1,0,regular,y,d
KCM194805260,willk103,IN9,8,1,value,3,3,0,1,1,0,0,0,0,0,0,0,0,,0,0,0,0,0,,,,19480526,0,WIC01,v,KCM,0,1,0,regular,y,d
KCM194805260,velaj101,IN9,9,1,value,2,2,0,0,0,0,0,0,0,0,0,0,0,,0,0,0,0,0,,,,19480526,0,WIC01,v,KCM,0,1,0,regular,y,d
KCM194805260,kingr101,IN9,9,2,value,1,1,0,1,0,0,0,0,0,0,0,0,0,,0,0,0,0,0,,1,,19480526,0,WIC01,v,KCM,0,1,0,regular,y,d
KCM194805260,blaib103,IN9,9,3,value,0,0,1,0,0,0,0,0,0,0,0,0,0,,0,0,0,0,0,,,1,19480526,0,WIC01,v,KCM,0,1,0,regular,y,d
KCM194805260,robec102,KCM,1,1,value,4,4,0,0,0,0,0,0,0,0,0,0,0,,0,0,0,0,0,,,,19480526,0,WIC01,h,IN9,1,0,0,regular,y,d
KCM194805260,soueh101,KCM,2,1,value,4,3,2,2,0,0,0,0,0,0,0,1,0,,2,0,0,0,0,,,,19480526,0,WIC01,h,IN9,1,0,0,regular,y,d
KCM194805260,thomh103,KCM,3,1,value,4,3,2,2,0,1,0,1,0,0,0,1,0,,2,0,0,0,0,,,,19480526,0,WIC01,h,IN9,1,0,0,regular,y,d
KCM194805260,broww101,KCM,4,1,value,4,3,0,1,0,0,0,1,0,0,0,1,0,,0,0,0,0,0,,,,19480526,0,WIC01,h,IN9,1,0,0,regular,y,d
KCM194805260,scotj106,KCM,5,1,value,4,4,0,0,0,0,0,1,0,0,0,0,0,,0,0,0,0,0,,,,19480526,0,WIC01,h,IN9,1,0,0,regular,y,d
KCM194805260,oneib801,KCM,6,1,value,4,4,0,1,0,0,0,0,0,0,0,0,0,,0,0,0,0,0,,,,19480526,0,WIC01,h,IN9,1,0,0,regular,y,d
KCM194805260,bakeg101,KCM,7,1,value,4,4,0,0,0,0,0,0,0,0,0,0,0,,0,0,0,0,0,,,,19480526,0,WIC01,h,IN9,1,0,0,regular,y,d
KCM194805260,taboe101,KCM,8,1,value,3,3,0,0,0,0,0,0,0,0,0,0,0,,0,0,0,0,0,,,,19480526,0,WIC01,h,IN9,1,0,0,regular,y,d
KCM194805260,smitf107,KCM,9,1,value,3,3,0,1,0,0,0,0,0,0,0,0,0,,0,0,0,0,0,,,,19480526,0,WIC01,h,IN9,1,0,0,regular,y,d
KCM194805270,mesaa101,IN9,1,1,value,6,6,1,2,1,0,0,0,0,,0,0,,,0,,,,,,,,19480527,0,WIC01,v,KCM,0,1,0,regular,y,
KCM194805270,ferrc102,IN9,2,1,value,5,3,2,1,0,0,0,1,0,,0,2,,,0,,,,,,,,19480527,0,WIC01,v,KCM,0,1,0,regular,y,
KCM194805270,piggl101,IN9,2,2,value,1,1,0,0,0,0,0,0,0,,0,0,,,0,,,,,,,,19480527,0,WIC01,v,KCM,0,1,0,regular,y,
KCM194805270,drakr101,IN9,3,1,value,2,2,0,0,0,0,0,0,0,,0,0,,,0,,,,,,,,19480527,0,WIC01,v,KCM,0,1,0,regular,y,
KCM194805270,merch101,IN9,3,2,value,4,4,1,1,0,0,0,1,0,,0,0,,,0,,,,,,,,19480527,0,WIC01,v,KCM,0,1,0,regular,y,
KCM194805270,hairs101,IN9,4,1,value,6,6,4,3,0,0,0,1,0,,0,0,,,0,,,,,,,,19480527,0,WIC01,v,KCM,0,1,0,regular,y,
KCM194805270,strot101,IN9,5,1,value,5,4,1,3,0,0,0,1,0,,0,1,,,0,,,,,,,,19480527,0,WIC01,v,KCM,0,1,0,regular,y,
KCM194805270,tatug101,IN9,6,1,value,5,4,1,1,0,0,0,2,0,,0,1,,,1,,,,,,,,19480527,0,WIC01,v,KCM,0,1,0,regular,y,
KCM194805270,perel101,IN9,7,1,value,5,5,1,2,0,0,0,4,0,,0,0,,,0,,,,,,,,19480527,0,WIC01,v,KCM,0,1,0,regular,y,
KCM194805270,cabrr101,IN9,8,2,value,4,4,1,1,0,0,1,3,0,,0,0,,,0,,,,,,,,19480527,0,WIC01,v,KCM,0,1,0,regular,y,
KCM194805270,willk103,IN9,8,1,value,1,0,0,0,0,0,0,0,0,,0,1,,,0,,,,,,,,19480527,0,WIC01,v,KCM,0,1,0,regular,y,
KCM194805270,blaib103,IN9,9,2,value,2,1,0,0,0,0,0,0,0,,0,1,,,0,,,,,,,,19480527,0,WIC01,v,KCM,0,1,0,regular,y,
KCM194805270,garca101,IN9,9,1,value,3,3,0,1,0,0,0,0,0,,0,0,,,0,,,,,,,,19480527,0,WIC01,v,KCM,0,1,0,regular,y,
KCM194805270,robec102,KCM,1,1,value,6,5,2,2,1,0,0,0,0,,0,1,,,0,,,,,,,,19480527,0,WIC01,h,IN9,1,0,0,regular,y,
KCM194805270,soueh101,KCM,2,1,value,6,5,5,3,1,0,0,1,0,,0,1,,,0,,,,,,,,19480527,0,WIC01,h,IN9,1,0,0,regular,y,
KCM194805270,thomh103,KCM,3,1,value,6,4,3,2,0,0,0,2,0,,0,2,,,0,,,,,,,,19480527,0,WIC01,h,IN9,1,0,0,regular,y,
KCM194805270,broww101,KCM,4,1,value,6,6,2,5,4,0,0,9,0,,0,0,,,0,,,,,,,,19480527,0,WIC01,h,IN9,1,0,0,regular,y,
KCM194805270,scotj106,KCM,5,1,value,5,5,1,1,0,0,0,1,0,,0,0,,,1,,,,,,,,19480527,0,WIC01,h,IN9,1,0,0,regular,y,
KCM194805270,oneib801,KCM,6,1,value,5,4,2,2,1,0,0,0,0,,0,1,,,0,,,,,,,,19480527,0,WIC01,h,IN9,1,0,0,regular,y,
KCM194805270,bakeg101,KCM,7,1,value,5,5,1,2,0,0,0,1,0,,0,0,,,2,,,,,,,,19480527,0,WIC01,h,IN9,1,0,0,regular,y,
KCM194805270,taboe101,KCM,8,1,value,5,2,2,0,0,0,0,0,0,,0,3,,,1,,,,,,,,19480527,0,WIC01,h,IN9,1,0,0,regular,y,
KCM194805270,johnc103,KCM,9,2,value,0,0,0,0,0,0,0,0,0,,0,0,,,0,,,,,,,,19480527,0,WIC01,h,IN9,1,0,0,regular,y,
KCM194805270,johnl108,KCM,9,1,value,5,5,0,0,0,0,0,0,0,,0,0,,,0,,,,,,,,19480527,0,WIC01,h,IN9,1,0,0,regular,y,
KCM194905240,watkm101,PH5,1,1,value,5,3,2,1,0,0,0,0,1,0,0,1,0,,0,0,0,0,1,,,,19490524,0,WIC01,v,KCM,0,1,0,regular,y,d
KCM194905240,cashb101,PH5,2,1,value,5,1,2,0,0,0,0,0,0,0,1,3,0,,1,0,0,0,0,,,,19490524,0,WIC01,v,KCM,0,1,0,regular,y,d
KCM194905240,willm107,PH5,3,1,value,5,3,1,0,0,0,0,1,0,0,0,2,0,,0,0,1,0,0,,,,19490524,0,WIC01,v,KCM,0,1,0,regular,y,d
KCM194905240,clarb101,PH5,4,1,value,5,3,1,2,1,0,0,1,0,0,0,2,0,,0,0,0,0,0,,,,19490524,0,WIC01,v,KCM,0,1,0,regular,y,d
KCM194905240,littb101,PH5,5,1,value,5,4,0,0,0,0,0,1,0,0,0,1,0,,0,0,0,0,0,,,,19490524,0,WIC01,v,KCM,0,1,0,regular,y,d
KCM194905240,glens101,PH5,6,1,value,5,4,0,1,0,0,0,1,0,0,0,1,0,,0,0,0,0,0,,,,19490524,0,WIC01,v,KCM,0,1,0,regular,y,d
KCM194905240,jonej109,PH5,7,1,value,5,5,0,0,0,0,0,0,0,0,0,0,0,,0,0,0,0,0,,,,19490524,0,WIC01,v,KCM,0,1,0,regular,y,d
KCM194905240,armsj101,PH5,8,1,value,4,4,0,0,0,0,0,1,0,0,0,0,0,,0,0,0,0,0,,,,19490524,0,WIC01,v,KCM,0,1,0,regular,y,d
KCM194905240,millh104,PH5,9,1,value,4,4,1,1,0,0,0,0,0,0,0,0,0,,0,0,0,0,0,,,,19490524,0,WIC01,v,KCM,0,1,0,regular,y,d
KCM194905240,bakeg101,KCM,1,1,value,4,4,0,0,0,0,0,0,0,0,0,0,0,,0,0,0,0,0,,,,19490524,0,WIC01,h,PH5,1,0,0,regular,y,d
KCM194905240,serrb101,KCM,1,2,value,1,1,1,1,0,0,1,1,0,0,0,0,0,,0,0,0,0,0,,1,,19490524,0,WIC01,h,PH5,1,0,0,regular,y,d
KCM194905240,soueh101,KCM,2,1,value,5,5,1,1,0,0,0,0,0,0,0,0,0,,0,0,0,0,0,,,,19490524,0,WIC01,h,PH5,1,0,0,regular,y,d
KCM194905240,thurb101,KCM,3,1,value,5,4,1,1,0,1,0,0,0,0,0,1,0,,0,0,0,0,0,,,,19490524,0,WIC01,h,PH5,1,0,0,regular,y,d
KCM194905240,broww101,KCM,4,1,value,5,4,1,2,0,0,1,1,0,0,0,1,0,,1,0,0,0,0,,,,19490524,0,WIC01,h,PH5,1,0,0,regular,y,d
KCM194905240,taboe101,KCM,5,1,value,5,5,1,0,0,0,0,0,0,0,0,0,0,,0,0,0,0,1,,,,19490524,0,WIC01,h,PH5,1,0,0,regular,y,d
KCM194905240,oneib801,KCM,6,1,value,5,3,2,2,0,0,0,1,0,0,0,2,0,,3,0,0,0,0,,,,19490524,0,WIC01,h,PH5,1,0,0,regular,y,d
KCM194905240,howae101,KCM,7,1,value,4,3,1,2,0,0,1,3,0,0,0,1,0,,1,0,0,0,0,,,,19490524,0,WIC01,h,PH5,1,0,0,regular,y,d
KCM194905240,coopt101,KCM,8,1,value,2,2,0,0,0,0,0,0,0,0,0,0,0,,0,0,0,0,0,,,,19490524,0,WIC01,h,PH5,1,0,0,regular,y,d
KCM194905240,barnf102,KCM,8,2,value,1,1,0,0,0,0,0,0,0,0,0,0,0,,0,0,0,0,0,,,,19490524,0,WIC01,h,PH5,1,0,0,regular,y,d
KCM194905240,richg102,KCM,8,3,value,1,1,0,0,0,0,0,0,0,0,0,0,0,,0,0,0,0,0,,,,19490524,0,WIC01,h,PH5,1,0,0,regular,y,d
KCM194905240,robec102,KCM,9,1,value,4,4,0,2,0,0,0,0,0,0,0,0,0,,0,0,0,0,0,,,,19490524,0,WIC01,h,PH5,1,0,0,regular,y,d
KCM194906200,scotj108,MEM,1,1,value,3,3,0,0,0,0,0,0,0,0,0,0,0,,0,0,0,0,0,,,,19490620,0,WIC01,v,KCM,0,1,0,regular,y,d
KCM194906200,formp101,MEM,1,2,value,1,1,0,0,0,0,0,0,0,0,0,0,0,,0,0,0,0,0,,1,,19490620,0,WIC01,v,KCM,0,1,0,regular,y,d
KCM194906200,hydec101,MEM,2,1,value,4,4,0,1,0,0,0,0,0,0,0,0,0,,0,0,0,0,0,,,,19490620,0,WIC01,v,KCM,0,1,0,regular,y,d
KCM194906200,boydb102,MEM,3,1,value,4,4,0,1,0,0,0,0,0,0,0,0,0,,0,0,0,0,0,,,,19490620,0,WIC01,v,KCM,0,1,0,regular,y,d
KCM194906200,jonec108,MEM,4,1,value,4,3,1,0,0,0,0,0,0,0,0,1,0,,0,0,1,0,1,,,,19490620,0,WIC01,v,KCM,0,1,0,regular,y,d
KCM194906200,whitl101,MEM,4,2,value,0,0,0,0,0,0,0,0,0,0,0,0,0,,0,0,0,0,0,,,1,19490620,0,WIC01,v,KCM,0,1,0,regular,y,d
KCM194906200,colaj101,MEM,5,1,value,4,4,1,1,0,0,0,0,0,0,0,0,0,,0,0,0,0,1,,,,19490620,0,WIC01,v,KCM,0,1,0,regular,y,d
KCM194906200,robin101,MEM,6,1,value,4,4,0,2,0,0,0,1,0,0,0,0,0,,0,0,0,0,0,,,,19490620,0,WIC01,v,KCM,0,1,0,regular,y,d
KCM194906200,cowaj101,MEM,7,1,value,3,3,0,0,0,0,0,1,0,0,0,0,0,,0,0,0,0,0,,,,19490620,0,WIC01,v,KCM,0,1,0,regular,y,d
KCM194906200,currg102,MEM,7,2,value,1,1,0,0,0,0,0,0,0,0,0,0,0,,0,0,0,0,0,,1,,19490620,0,WIC01,v,KCM,0,1,0,regular,y,d
KCM194906200,varoo101,MEM,8,1,value,2,2,0,0,0,0,0,0,0,0,0,0,0,,0,0,0,0,0,,,,19490620,0,WIC01,v,KCM,0,1,0,regular,y,d
KCM194906200,mathv101,MEM,8,2,value,1,0,0,0,0,0,0,0,0,0,0,1,0,,0,0,0,0,0,,1,,19490620,0,WIC01,v,KCM,0,1,0,regular,y,d
KCM194906200,wellw101,MEM,8,3,value,1,1,0,0,0,0,0,0,0,0,0,0,0,,0,0,0,0,0,,1,,19490620,0,WIC01,v,KCM,0,1,0,regular,y,d
KCM194906200,thomf110,MEM,9,1,value,3,3,0,0,0,0,0,0,0,0,0,0,0,,0,0,0,0,0,,,,19490620,0,WIC01,v,KCM,0,1,0,regular,y,d
KCM194906200,bakeg101,KCM,1,1,value,4,4,1,1,0,0,0,0,0,0,0,0,0,,0,0,0,0,1,,,,19490620,0,WIC01,h,MEM,1,0,0,regular,y,d
KCM194906200,soueh101,KCM,2,1,value,4,3,1,1,0,0,1,2,0,0,0,1,0,,0,0,0,0,1,,,,19490620,0,WIC01,h,MEM,1,0,0,regular,y,d
KCM194906200,serrb101,KCM,3,1,value,4,4,0,0,0,0,0,0,0,0,0,0,0,,0,0,0,0,0,,,,19490620,0,WIC01,h,MEM,1,0,0,regular,y,d
KCM194906200,broww101,KCM,4,1,value,4,4,1,2,0,0,0,0,0,0,0,0,0,,0,0,0,0,0,,,,19490620,0,WIC01,h,MEM,1,0,0,regular,y,d
KCM194906200,thurb101,KCM,5,1,value,4,4,0,2,0,0,0,0,0,0,0,0,0,,0,0,0,0,0,,,,19490620,0,WIC01,h,MEM,1,0,0,regular,y,d
KCM194906200,howae101,KCM,6,1,value,4,4,1,2,0,0,0,1,0,0,0,0,0,,0,0,1,0,1,,,,19490620,0,WIC01,h,MEM,1,0,0,regular,y,d
KCM194906200,robec102,KCM,7,1,value,4,4,0,1,0,0,0,0,0,0,0,0,0,,0,0,1,0,1,,,,19490620,0,WIC01,h,MEM,1,0,0,regular,y,d
KCM194906200,coopt101,KCM,8,1,value,4,4,0,1,0,0,0,0,0,0,0,0,0,,0,0,1,0,0,,,,19490620,0,WIC01,h,MEM,1,0,0,regular,y,d
KCM194906200,duncm101,KCM,9,1,value,3,3,0,0,0,0,0,0,0,0,0,0,0,,0,0,1,0,0,,,,19490620,0,WIC01,h,MEM,1,0,0,regular,y,d
