gid,id,team,d_seq,d_pos,stattype,d_ifouts,d_po,d_a,d_e,d_dp,d_tp,d_pb,d_wp,d_sb,d_cs,d_gs,date,number,site,vishome,opp,win,loss,tie,gametype,box,pbp,eject
NY1191209270,schuj101,BSN,1,4,value,16,2,3,0,0,0,,,,,0,19120927,0,NYC14,v,NY1,0,1,0,regular,y,y,
NY1191209281,schuj101,BSN,1,4,value,27,3,3,0,1,0,,,,,1,19120928,1,NYC14,v,NY1,1,0,0,regular,y,y,
NY1191209282,schuj101,BSN,1,4,value,21,1,1,1,0,0,,,,,1,19120928,2,NYC14,v,NY1,0,0,1,regular,y,y,
BSN191210030,schuj101,BSN,1,4,value,9,0,1,2,0,0,,,,,0,19121003,0,BOS05,h,PHI,0,1,0,regular,y,y,
CHN191309181,schuj101,BSN,1,8,value,24,1,0,0,0,0,,,,,1,19130918,1,CHI08,v,CHN,0,1,0,regular,y,y,
CHN191309182,schuj101,BSN,1,8,value,27,2,0,0,0,0,,,,,1,19130918,2,CHI08,v,CHN,1,0,0,regular,y,y,
SLN191309211,schuj101,BSN,1,5,value,27,1,1,0,0,0,,,,,1,19130921,1,STL05,v,SLN,1,0,0,regular,y,y,
SLN191309212,schuj101,BSN,1,8,value,12,0,0,0,0,0,,,,,1,19130921,2,STL05,v,SLN,1,0,0,regular,y,y,
BSN191309291,schuj101,BSN,1,9,value,24,0,0,0,0,0,,,,,1,19130929,1,BOS05,h,NY1,0,1,0,regular,y,y,
BSN191310031,schuj101,BSN,1,9,value,27,3,0,0,0,0,,,,,1,19131003,1,BOS05,h,BRO,1,0,0,regular,y,y,
NY1191504140,schuj101,BRO,1,5,value,24,2,3,0,0,0,,,,,1,19150414,0,NYC14,v,NY1,0,1,0,regular,y,y,
NY1191504150,schuj101,BRO,1,5,value,24,1,3,0,0,0,,,,,1,19150415,0,NYC14,v,NY1,0,1,0,regular,y,y,
NY1191504160,schuj101,BRO,1,5,value,27,2,1,0,0,0,,,,,1,19150416,0,NYC14,v,NY1,1,0,0,regular,y,y,
BSN191504170,schuj101,BRO,1,5,value,24,0,3,0,0,0,,,,,1,19150417,0,BOS07,v,BSN,0,1,0,regular,y,y,
BSN191504191,schuj101,BRO,1,5,value,24,0,2,0,0,0,,,,,1,19150419,1,BOS07,v,BSN,0,1,0,regular,y,y,
BSN191504192,schuj101,BRO,1,5,value,24,1,0,1,0,0,,,,,1,19150419,2,BOS07,v,BSN,0,1,0,regular,y,y,
BSN191504200,schuj101,BRO,1,5,value,29,1,1,1,0,0,,,,,1,19150420,0,BOS07,v,BSN,0,1,0,regular,y,y,
BSN191504210,schuj101,BRO,1,5,value,27,3,2,2,0,0,,,,,1,19150421,0,BOS07,v,BSN,1,0,0,regular,y,y,
BRO191504220,schuj101,BRO,1,5,value,27,1,2,0,0,0,,,,,1,19150422,0,NYC15,h,NY1,1,0,0,regular,y,y,
BRO191504240,schuj101,BRO,1,5,value,27,0,2,1,0,0,,,,,1,19150424,0,NYC15,h,NY1,1,0,0,regular,y,y,
BRO191504260,schuj101,BRO,1,5,value,27,1,4,1,1,0,,,,,1,19150426,0,NYC15,h,NY1,0,1,0,regular,y,y,
PHI191504270,schuj101,BRO,1,5,value,24,2,1,1,0,0,,,,,1,19150427,0,PHI09,v,PHI,0,1,0,regular,y,y,
PHI191504280,schuj101,BRO,1,5,value,24,1,1,0,0,0,,,,,1,19150428,0,PHI09,v,PHI,0,1,0,regular,y,y,
PHI191504290,schuj101,BRO,1,5,value,27,0,1,0,0,0,,,,,1,19150429,0,PHI09,v,PHI,1,0,0,regular,y,y,
PHI191504300,schuj101,BRO,1,5,value,27,5,1,0,2,0,,,,,1,19150430,0,PHI09,v,PHI,1,0,0,regular,y,y,
BRO191505010,schuj101,BRO,1,5,value,27,1,4,1,0,0,,,,,1,19150501,0,NYC15,h,BSN,0,1,0,regular,y,y,
BRO191505030,schuj101,BRO,1,5,value,27,1,0,0,0,0,,,,,1,19150503,0,NYC15,h,BSN,1,0,0,regular,y,y,
BRO191505050,schuj101,BRO,1,5,value,27,3,0,0,0,0,,,,,1,19150505,0,NYC15,h,BSN,0,1,0,regular,y,y,
BRO191505060,schuj101,BRO,1,5,value,27,2,1,0,0,0,,,,,1,19150506,0,NYC15,h,PHI,0,1,0,regular,y,y,
BRO191505080,schuj101,BRO,1,5,value,27,4,2,1,0,0,,,,,1,19150508,0,NYC15,h,PHI,1,0,0,regular,y,y,
BRO191505100,schuj101,BRO,1,5,value,27,0,2,0,0,0,,,,,1,19150510,0,NYC15,h,PHI,1,0,0,regular,y,y,
BRO191505110,schuj101,BRO,1,5,value,27,2,2,0,1,0,,,,,1,19150511,0,NYC15,h,CHN,0,1,0,regular,y,y,
BRO191505120,schuj101,BRO,1,5,value,15,2,0,0,0,0,,,,,1,19150512,0,NYC15,h,CHN,1,0,0,regular,y,y,
BRO191505140,schuj101,BRO,1,6,value,15,0,2,0,0,0,,,,,0,19150514,0,NYC15,h,CHN,0,1,0,regular,y,y,
BRO191505150,schuj101,BRO,1,5,value,27,1,3,1,0,0,,,,,1,19150515,0,NYC15,h,CIN,1,0,0,regular,y,y,
BRO191505180,schuj101,BRO,1,5,value,27,3,1,0,0,0,,,,,1,19150518,0,NYC15,h,CIN,1,0,0,regular,y,y,
BRO191505190,schuj101,BRO,1,5,value,27,3,1,0,0,0,,,,,1,19150519,0,NYC15,h,CIN,1,0,0,regular,y,y,
BRO191505200,schuj101,BRO,1,5,value,27,0,1,1,0,0,,,,,1,19150520,0,NYC15,h,SLN,0,1,0,regular,y,y,
BRO191505200,schuj101,BRO,1,5,official,,,,0,,,,,,,1,19150520,0,NYC15,h,SLN,0,1,0,regular,y,y,
PIT191509042,schuj101,CHN,1,4,value,1,0,0,0,0,0,,,,,0,19150904,2,PIT06,v,PIT,0,1,0,regular,y,y,
CHN191509050,schuj101,CHN,1,4,value,27,0,3,1,0,0,,,,,1,19150905,0,CHI08,h,PIT,0,1,0,regular,y,y,
CHN191509190,schuj101,CHN,1,4,value,3,0,0,0,0,0,,,,,0,19150919,0,CHI08,h,NY1,0,1,0,regular,y,y,
SLN191604120,schuj101,PIT,1,4,value,10,1,1,0,0,0,,,,,0,19160412,0,STL05,v,SLN,0,1,0,regular,y,y,
SLN191604130,schuj101,PIT,1,4,value,27,0,2,1,0,0,,,,,1,19160413,0,STL05,v,SLN,1,0,0,regular,y,y,
SLN191604140,schuj101,PIT,1,4,value,24,0,4,1,0,0,,,,,1,19160414,0,STL05,v,SLN,0,1,0,regular,y,y,
SLN191604150,schuj101,PIT,1,4,value,27,4,0,0,0,0,,,,,1,19160415,0,STL05,v,SLN,1,0,0,regular,y,y,
CIN191604160,schuj101,PIT,1,4,value,24,1,4,2,0,0,,,,,1,19160416,0,CIN07,v,CIN,0,1,0,regular,y,y,
CIN191604170,schuj101,PIT,1,4,value,27,3,3,0,0,0,,,,,1,19160417,0,CIN07,v,CIN,1,0,0,regular,y,y,
CIN191604180,schuj101,PIT,1,4,value,27,1,2,0,0,0,,,,,1,19160418,0,CIN07,v,CIN,0,1,0,regular,y,y,
PIT191604200,schuj101,PIT,1,4,value,27,0,2,2,0,0,,,,,1,19160420,0,PIT06,h,SLN,0,1,0,regular,y,y,
PIT191604210,schuj101,PIT,1,4,value,27,0,1,2,0,0,,,,,1,19160421,0,PIT06,h,SLN,1,0,0,regular,y,y,
CHN191604230,schuj101,PIT,1,4,value,24,1,1,0,0,0,,,,,1,19160423,0,CHI11,v,CHN,0,1,0,regular,y,y,
CHN191605082,schuj101,PIT,1,5,value,27,1,1,1,0,0,,,,,0,19160508,2,CHI11,v,CHN,1,0,0,regular,y,y,
CHN191605082,schuj101,PIT,1,5,official,,,,0,,,,,,,,19160508,2,CHI11,v,CHN,1,0,0,regular,y,y,
PIT191605190,schuj101,PIT,1,5,value,27,1,1,0,0,0,,,,,1,19160519,0,PIT06,h,PHI,1,0,0,regular,y,y,
PIT191605200,schuj101,PIT,1,5,value,27,3,0,0,0,0,,,,,1,19160520,0,PIT06,h,PHI,0,1,0,regular,y,y,
PIT191605230,schuj101,PIT,1,5,value,27,1,1,0,0,0,,,,,1,19160523,0,PIT06,h,BRO,0,1,0,regular,y,y,
PIT191605240,schuj101,PIT,1,5,value,30,2,2,0,0,0,,,,,1,19160524,0,PIT06,h,BRO,0,1,0,regular,y,y,
PIT191605250,schuj101,PIT,1,5,value,27,2,0,0,0,0,,,,,1,19160525,0,PIT06,h,BRO,1,0,0,regular,y,y,
SLN191605260,schuj101,PIT,1,5,value,33,2,2,1,0,0,,,,,1,19160526,0,STL05,v,SLN,1,0,0,regular,y,y,
SLN191605281,schuj101,PIT,1,5,value,27,0,0,0,0,0,,,,,1,19160528,1,STL05,v,SLN,1,0,0,regular,y,y,
SLN191605282,schuj101,PIT,1,5,value,15,2,1,0,0,0,,,,,1,19160528,2,STL05,v,SLN,1,0,0,regular,y,y,
PIT191605290,schuj101,PIT,1,5,value,27,1,7,0,0,0,,,,,1,19160529,0,PIT06,h,CIN,0,1,0,regular,y,y,
PIT191605300,schuj101,PIT,1,5,value,27,0,2,1,0,0,,,,,1,19160530,0,PIT06,h,CIN,1,0,0,regular,y,y,
PIT191605310,schuj101,PIT,1,5,value,48,4,1,1,0,0,,,,,1,19160531,0,PIT06,h,CIN,0,1,0,regular,y,y,
PIT191606010,schuj101,PIT,1,5,value,27,1,1,2,0,0,,,,,1,19160601,0,PIT06,h,CIN,1,0,0,regular,y,y,
BRO191606020,schuj101,PIT,1,5,value,27,2,0,0,0,0,,,,,1,19160602,0,NYC15,v,BRO,1,0,0,regular,y,y,
BRO191606050,schuj101,PIT,1,5,value,24,1,0,0,0,0,,,,,1,19160605,0,NYC15,v,BRO,0,1,0,regular,y,y,
NY1191606060,schuj101,PIT,1,5,value,27,2,0,0,0,0,,,,,1,19160606,0,NYC14,v,NY1,1,0,0,regular,y,y,
PHI191606120,schuj101,PIT,1,5,value,24,3,3,1,0,0,,,,,1,19160612,0,PHI09,v,PHI,0,1,0,regular,y,y,
PHI191606130,schuj101,PIT,1,5,value,24,2,4,0,1,0,,,,,1,19160613,0,PHI09,v,PHI,0,1,0,regular,y,y,
PHI191606140,schuj101,PIT,1,5,value,35,4,0,0,0,0,,,,,1,19160614,0,PHI09,v,PHI,0,1,0,regular,y,y,
BSN191606150,schuj101,PIT,1,5,value,27,0,0,0,0,0,,,,,1,19160615,0,BOS08,v,BSN,1,0,0,regular,y,y,
BSN191606160,schuj101,PIT,1,5,value,24,1,3,0,0,0,,,,,1,19160616,0,BOS08,v,BSN,0,1,0,regular,y,y,
PIT191606200,schuj101,PIT,1,5,value,36,1,0,0,0,0,,,,,1,19160620,0,PIT06,h,SLN,0,1,0,regular,y,y,
CHN191606250,schuj101,PIT,1,5,value,6,0,0,0,0,0,,,,,0,19160625,0,CHI11,v,CHN,1,0,0,regular,y,y,
CHN191606272,schuj101,PIT,1,6,value,3,0,0,0,0,0,,,,,0,19160627,2,CHI11,v,CHN,0,1,0,regular,y,y,
CHN191606281,schuj101,PIT,1,5,value,9,0,0,0,0,0,,,,,0,19160628,1,CHI11,v,CHN,1,0,0,regular,y,y,
PIT191607030,schuj101,PIT,1,4,value,3,0,0,0,0,0,,,,,0,19160703,0,PIT06,h,CHN,0,1,0,regular,y,y,
PIT191607041,schuj101,PIT,1,4,value,27,1,4,1,0,0,,,,,1,19160704,1,PIT06,h,CHN,0,1,0,regular,y,y,
PIT191607042,schuj101,PIT,1,4,value,27,0,0,1,0,0,,,,,1,19160704,2,PIT06,h,CHN,1,0,0,regular,y,y,
PIT191607050,schuj101,PIT,1,4,value,27,1,3,0,0,0,,,,,1,19160705,0,PIT06,h,CHN,0,1,0,regular,y,y,
PIT191607060,schuj101,PIT,1,4,value,27,1,4,2,1,0,,,,,1,19160706,0,PIT06,h,NY1,0,1,0,regular,y,y,
PIT191607070,schuj101,PIT,1,4,value,27,1,3,1,0,0,,,,,1,19160707,0,PIT06,h,NY1,1,0,0,regular,y,y,
PIT191607080,schuj101,PIT,1,4,value,27,2,4,1,0,0,,,,,1,19160708,0,PIT06,h,NY1,0,1,0,regular,y,y,
PIT191607100,schuj101,PIT,1,4,value,27,0,2,0,1,0,,,,,1,19160710,0,PIT06,h,NY1,1,0,0,regular,y,y,
PIT191607110,schuj101,PIT,1,4,value,6,0,1,0,0,0,,,,,1,19160711,0,PIT06,h,BSN,1,0,0,regular,y,y,
PIT191607120,schuj101,PIT,1,4,value,3,0,1,0,0,0,,,,,0,19160712,0,PIT06,h,BSN,0,1,0,regular,y,y,
PIT191607222,schuj101,PIT,1,7,value,6,0,0,0,0,0,,,,,0,19160722,2,PIT06,h,BRO,0,1,0,regular,y,y,
PHI191607262,schuj101,PIT,1,9,value,27,1,0,0,0,0,,,,,1,19160726,2,PHI09,v,PHI,1,0,0,regular,y,y,
NY1191608010,schuj101,PIT,1,9,value,30,0,0,0,0,0,,,,,1,19160801,0,NYC14,v,NY1,1,0,0,regular,y,y,
NY1191608020,schuj101,PIT,1,9,value,24,4,0,0,0,0,,,,,1,19160802,0,NYC14,v,NY1,0,1,0,regular,y,y,
BRO191608030,schuj101,PIT,1,7,value,24,2,1,1,0,0,,,,,1,19160803,0,NYC15,v,BRO,0,1,0,regular,y,y,
BRO191608040,schuj101,PIT,1,7,value,24,2,0,0,0,0,,,,,1,19160804,0,NYC15,v,BRO,0,1,0,regular,y,y,
BRO191608051,schuj101,PIT,1,7,value,19,2,0,0,0,0,,,,,0,19160805,1,NYC15,v,BRO,0,1,0,regular,y,y,
SLN191608131,schuj101,PIT,1,4,value,10,1,1,0,0,0,,,,,0,19160813,1,STL05,v,SLN,0,1,0,regular,y,y,
PIT191608170,schuj101,PIT,1,4,value,27,1,5,1,0,0,,,,,1,19160817,0,PIT06,h,BRO,0,1,0,regular,y,y,
PIT191608180,schuj101,PIT,1,4,value,27,5,6,0,0,0,,,,,1,19160818,0,PIT06,h,BRO,0,1,0,regular,y,y,
PIT191608192,schuj101,PIT,1,4,value,12,3,1,0,0,0,,,,,0,19160819,2,PIT06,h,BRO,0,1,0,regular,y,y,
CIN191904260,schuj101,SLN,1,4,value,24,1,6,1,0,0,,,,,1,19190426,0,CIN07,v,CIN,0,1,0,regular,y,y,
CHN191904270,schuj101,SLN,1,4,value,24,4,0,0,0,0,,,,,1,19190427,0,CHI11,v,CHN,0,1,0,regular,y,y,
CHN191904290,schuj101,SLN,1,4,value,27,0,2,1,0,0,,,,,1,19190429,0,CHI11,v,CHN,1,0,0,regular,y,y,
CHN191904300,schuj101,SLN,1,4,value,24,4,1,2,0,0,,,,,1,19190430,0,CHI11,v,CHN,0,1,0,regular,y,y,
SLN191905040,schuj101,SLN,1,8,value,6,0,0,0,0,0,,,,,0,19190504,0,STL05,h,PIT,0,1,0,regular,y,y,
SLN191905060,schuj101,SLN,1,9,value,27,0,0,0,0,0,,,,,1,19190506,0,STL05,h,PIT,1,0,0,regular,y,y,
PIT191905080,schuj101,SLN,1,9,value,24,1,0,0,0,0,,,,,1,19190508,0,PIT06,v,PIT,0,1,0,regular,y,y,
CIN191905110,schuj101,SLN,1,9,value,3,0,0,0,0,0,,,,,0,19190511,0,CIN07,v,CIN,0,1,0,regular,y,y,
BSN191905130,schuj101,SLN,1,9,value,27,2,0,0,0,0,,,,,1,19190513,0,BOS08,v,BSN,1,0,0,regular,y,y,
BSN191905160,schuj101,SLN,1,9,value,27,0,0,0,0,0,,,,,1,19190516,0,BOS08,v,BSN,1,0,0,regular,y,y,
PHI191905210,schuj101,SLN,1,9,value,24,2,0,0,0,0,,,,,1,19190521,0,PHI09,v,PHI,0,1,0,regular,y,y,
NY1191905230,schuj101,SLN,1,9,value,24,2,0,0,0,0,,,,,1,19190523,0,NYC14,v,NY1,0,1,0,regular,y,y,
NY1191905240,schuj101,SLN,1,9,value,27,3,0,0,0,0,,,,,0,19190524,0,NYC14,v,NY1,1,0,0,regular,y,y,
SLN191906010,schuj101,SLN,1,9,value,27,4,0,0,0,0,,,,,1,19190601,0,STL05,h,CHN,0,1,0,regular,y,y,
SLN191906020,schuj101,SLN,1,9,value,6,1,0,0,0,0,,,,,0,19190602,0,STL05,h,CIN,0,1,0,regular,y,y,
SLN191906180,schuj101,SLN,1,9,value,9,1,0,0,0,0,,,,,0,19190618,0,STL05,h,NY1,1,0,0,regular,y,y,
SLN191906200,schuj101,SLN,1,4,value,9,1,1,0,0,0,,,,,0,19190620,0,STL05,h,NY1,0,1,0,regular,y,y,
NY1191907090,schuj101,SLN,1,7,value,9,0,0,0,0,0,,,,,0,19190709,0,NYC14,v,NY1,1,0,0,regular,y,y,
SLN191907310,schuj101,SLN,1,9,value,14,2,3,0,1,0,,,,,1,19190731,0,STL05,h,PHI,0,1,0,regular,y,y,
SLN191907310,schuj101,SLN,2,4,value,13,0,2,0,0,0,,,,,0,19190731,0,STL05,h,PHI,0,1,0,regular,y,y,
SLN191907310,schuj101,SLN,1,9,official,,,,0,,,,,,,1,19190731,0,STL05,h,PHI,0,1,0,regular,y,y,
SLN191907310,schuj101,SLN,2,4,official,,,,0,,,,,,,,19190731,0,STL05,h,PHI,0,1,0,regular,y,y,
PHI191908141,schuj101,SLN,1,9,value,27,1,0,0,0,0,,,,,1,19190814,1,PHI09,v,PHI,1,0,0,regular,y,y,
PHI191908151,schuj101,SLN,1,9,value,27,4,0,0,0,0,,,,,1,19190815,1,PHI09,v,PHI,1,0,0,regular,y,y,
BSN191908161,schuj101,SLN,1,5,value,3,0,1,0,0,0,,,,,0,19190816,1,BOS08,v,BSN,1,0,0,regular,y,y,
BSN191908162,schuj101,SLN,1,7,value,27,1,0,0,0,0,,,,,1,19190816,2,BOS08,v,BSN,1,0,0,regular,y,y,
NY1191908201,schuj101,SLN,1,9,value,24,0,0,0,0,0,,,,,1,19190820,1,NYC14,v,NY1,0,1,0,regular,y,y,
NY1191908202,schuj101,SLN,1,9,value,24,3,0,0,0,0,,,,,1,19190820,2,NYC14,v,NY1,0,1,0,regular,y,y,
NY1191908210,schuj101,SLN,1,9,value,24,2,0,0,0,0,,,,,1,19190821,0,NYC14,v,NY1,0,1,0,regular,y,y,
BRO191908240,schuj101,SLN,1,9,value,24,1,1,0,0,0,,,,,1,19190824,0,NYC15,v,BRO,0,1,0,regular,y,y,
PIT191908280,schuj101,SLN,1,9,value,27,3,0,0,0,0,,,,,1,19190828,0,PIT06,v,PIT,1,0,0,regular,y,y,
PIT191908290,schuj101,SLN,1,9,value,24,2,0,0,0,0,,,,,1,19190829,0,PIT06,v,PIT,0,1,0,regular,y,y,
CHN191908300,schuj101,SLN,1,9,value,24,4,0,0,0,0,,,,,1,19190830,0,CHI11,v,CHN,0,1,0,regular,y,y,
CHN191908310,schuj101,SLN,1,9,value,24,2,1,0,1,0,,,,,1,19190831,0,CHI11,v,CHN,0,1,0,regular,y,d,
PIT191909011,schuj101,SLN,1,9,value,27,1,0,0,0,0,,,,,1,19190901,1,PIT06,v,PIT,1,0,0,regular,y,y,
PIT191909012,schuj101,SLN,1,9,value,24,1,0,0,0,0,,,,,1,19190901,2,PIT06,v,PIT,0,1,0,regular,y,y,
PIT191909020,schuj101,SLN,1,9,value,27,0,0,0,0,0,,,,,1,19190902,0,PIT06,v,PIT,1,0,0,regular,y,y,
SLN191909050,schuj101,SLN,1,9,value,27,1,0,0,0,0,,,,,1,19190905,0,STL05,h,CIN,1,0,0,regular,y,y,
SLN191909060,schuj101,SLN,1,9,value,27,3,0,0,0,0,,,,,1,19190906,0,STL05,h,CIN,0,1,0,regular,y,y,
SLN191909071,schuj101,SLN,1,9,value,27,0,0,0,0,0,,,,,1,19190907,1,STL05,h,CIN,0,1,0,regular,y,y,
SLN191909072,schuj101,SLN,1,9,value,27,3,0,0,0,0,,,,,1,19190907,2,STL05,h,CIN,1,0,0,regular,y,y,
SLN191909090,schuj101,SLN,1,9,value,27,3,0,0,0,0,,,,,1,19190909,0,STL05,h,BRO,1,0,0,regular,y,y,
SLN191909100,schuj101,SLN,1,9,value,18,0,0,0,0,0,,,,,1,19190910,0,STL05,h,BRO,1,0,0,regular,y,y,
SLN191909110,schuj101,SLN,1,9,value,27,3,0,0,0,0,,,,,1,19190911,0,STL05,h,BRO,1,0,0,regular,y,y,
SLN191909120,schuj101,SLN,1,9,value,27,2,0,0,0,0,,,,,1,19190912,0,STL05,h,NY1,0,1,0,regular,y,y,
SLN191909130,schuj101,SLN,1,9,value,27,2,0,0,0,0,,,,,1,19190913,0,STL05,h,NY1,0,1,0,regular,y,y,
SLN191909140,schuj101,SLN,1,9,value,27,1,0,0,0,0,,,,,1,19190914,0,STL05,h,NY1,1,0,0,regular,y,y,
SLN191909150,schuj101,SLN,1,9,value,18,2,0,0,0,0,,,,,0,19190915,0,STL05,h,BSN,1,0,0,regular,y,y,
SLN191909161,schuj101,SLN,1,8,value,6,0,0,0,0,0,,,,,1,19190916,1,STL05,h,BSN,0,1,0,regular,y,y,
SLN191909161,schuj101,SLN,2,9,value,21,0,0,0,0,0,,,,,0,19190916,1,STL05,h,BSN,0,1,0,regular,y,y,
SLN191909162,schuj101,SLN,1,9,value,27,3,0,0,0,0,,,,,1,19190916,2,STL05,h,BSN,1,0,0,regular,y,y,
SLN191909172,schuj101,SLN,1,9,value,6,1,0,0,0,0,,,,,0,19190917,2,STL05,h,BSN,0,1,0,regular,y,y,
SLN191909190,schuj101,SLN,1,9,value,27,0,0,0,0,0,,,,,1,19190919,0,STL05,h,PHI,0,1,0,regular,y,y,
SLN191909220,schuj101,SLN,1,9,value,27,2,0,0,0,0,,,,,1,19190922,0,STL05,h,CHN,1,0,0,regular,y,y,
SLN191909231,schuj101,SLN,1,9,value,27,1,0,0,0,0,,,,,1,19190923,1,STL05,h,CHN,0,1,0,regular,y,y,
SLN191909232,schuj101,SLN,1,9,value,27,1,1,0,0,0,,,,,1,19190923,2,STL05,h,CHN,1,0,0,regular,y,y,
SLN191909260,schuj101,SLN,1,9,value,36,1,0,0,0,0,,,,,1,19190926,0,STL05,h,PIT,1,0,0,regular,y,y,
SLN191909270,schuj101,SLN,1,9,value,27,1,0,0,0,0,,,,,1,19190927,0,STL05,h,PIT,1,0,0,regular,y,y,
SLN191909280,schuj101,SLN,1,9,value,27,1,0,0,0,0,,,,,1,19190928,0,STL05,h,PIT,0,1,0,regular,y,y,
SLN192004190,schuj101,SLN,1,9,value,18,2,0,0,0,0,,,,,0,19200419,0,STL05,h,CHN,0,1,0,regular,y,y,
SLN192005090,schuj101,SLN,1,9,value,3,0,0,0,0,0,,,,,0,19200509,0,STL05,h,CIN,0,1,0,regular,y,y,
SLN192005180,schuj101,SLN,1,9,value,27,2,0,0,0,0,,,,,1,19200518,0,STL05,h,PHI,0,1,0,regular,y,y,
SLN192005190,schuj101,SLN,1,9,value,27,1,0,0,0,0,,,,,1,19200519,0,STL05,h,PHI,1,0,0,regular,y,y,
SLN192005200,schuj101,SLN,1,9,value,27,1,0,0,0,0,,,,,1,19200520,0,STL05,h,PHI,1,0,0,regular,y,y,
SLN192005210,schuj101,SLN,1,9,value,27,0,0,0,0,0,,,,,1,19200521,0,STL05,h,PHI,1,0,0,regular,y,y,
SLN192005220,schuj101,SLN,1,9,value,3,1,1,0,0,1,,,,,0,19200522,0,STL05,h,NY1,1,0,0,regular,y,y,
SLN192005240,schuj101,SLN,1,9,value,27,4,1,0,1,0,,,,,1,19200524,0,STL05,h,NY1,0,1,0,regular,y,y,
SLN192005260,schuj101,SLN,1,9,value,27,0,0,0,0,0,,,,,1,19200526,0,STL05,h,CIN,1,0,0,regular,y,y,
SLN192005270,schuj101,SLN,1,9,value,27,1,0,0,0,0,,,,,1,19200527,0,STL05,h,CIN,1,0,0,regular,y,y,
CHN192005281,schuj101,SLN,1,9,value,24,0,0,0,0,0,,,,,1,19200528,1,CHI11,v,CHN,0,1,0,regular,y,y,
CHN192005282,schuj101,SLN,1,9,value,24,1,0,0,0,0,,,,,1,19200528,2,CHI11,v,CHN,0,1,0,regular,y,y,
CHN192005290,schuj101,SLN,1,9,value,24,0,0,0,0,0,,,,,1,19200529,0,CHI11,v,CHN,0,1,0,regular,y,y,
CHN192005300,schuj101,SLN,1,9,value,24,3,0,0,0,0,,,,,1,19200530,0,CHI11,v,CHN,0,1,0,regular,y,y,
PIT192005311,schuj101,SLN,1,9,value,27,5,0,0,0,0,,,,,1,19200531,1,PIT06,v,PIT,1,0,0,regular,y,y,
PIT192005312,schuj101,SLN,1,9,value,24,1,0,0,0,0,,,,,1,19200531,2,PIT06,v,PIT,0,1,0,regular,y,y,
PIT192006010,schuj101,SLN,1,9,value,45,3,0,0,0,0,,,,,1,19200601,0,PIT06,v,PIT,1,0,0,regular,y,y,
PIT192006020,schuj101,SLN,1,9,value,27,2,0,0,0,0,,,,,1,19200602,0,PIT06,v,PIT,1,0,0,regular,y,y,
SLN192006040,schuj101,SLN,1,9,value,27,2,0,1,0,0,,,,,1,19200604,0,STL05,h,CHN,1,0,0,regular,y,y,
SLN192006050,schuj101,SLN,1,9,value,27,0,0,0,0,0,,,,,1,19200605,0,STL05,h,CHN,1,0,0,regular,y,y,
SLN192006060,schuj101,SLN,1,9,value,27,1,0,0,0,0,,,,,1,19200606,0,STL05,h,CHN,1,0,0,regular,y,y,
BRO192006080,schuj101,SLN,1,9,value,27,1,0,0,0,0,,,,,1,19200608,0,NYC15,v,BRO,1,0,0,regular,y,y,
BRO192006090,schuj101,SLN,1,9,value,24,2,0,0,0,0,,,,,1,19200609,0,NYC15,v,BRO,0,1,0,regular,y,y,
BRO192006100,schuj101,SLN,1,9,value,27,1,0,0,0,0,,,,,1,19200610,0,NYC15,v,BRO,1,0,0,regular,y,y,
BRO192006110,schuj101,SLN,1,9,value,27,5,0,0,0,0,,,,,1,19200611,0,NYC15,v,BRO,1,0,0,regular,y,y,
NY1192006120,schuj101,SLN,1,9,value,27,3,0,0,0,0,,,,,1,19200612,0,NYC14,v,NY1,1,0,0,regular,y,y,
NY1192006130,schuj101,SLN,1,9,value,27,3,0,0,0,0,,,,,1,19200613,0,NYC14,v,NY1,1,0,0,regular,y,y,
NY1192006140,schuj101,SLN,1,9,value,27,3,0,0,0,0,,,,,1,19200614,0,NYC14,v,NY1,1,0,0,regular,y,y,
NY1192006150,schuj101,SLN,1,9,value,27,1,0,0,0,0,,,,,1,19200615,0,NYC14,v,NY1,1,0,0,regular,y,y,
PHI192006170,schuj101,SLN,1,9,value,27,0,0,0,0,0,,,,,1,19200617,0,PHI09,v,PHI,1,0,0,regular,y,y,
PHI192006180,schuj101,SLN,1,9,value,24,0,0,0,0,0,,,,,1,19200618,0,PHI09,v,PHI,0,1,0,regular,y,y,
PHI192006191,schuj101,SLN,1,9,value,24,0,0,0,0,0,,,,,1,19200619,1,PHI09,v,PHI,0,1,0,regular,y,y,
PHI192006192,schuj101,SLN,1,9,value,24,2,0,1,0,0,,,,,1,19200619,2,PHI09,v,PHI,0,1,0,regular,y,y,
BSN192006220,schuj101,SLN,1,9,value,31,3,0,1,0,0,,,,,1,19200622,0,BOS08,v,BSN,0,1,0,regular,y,y,
BSN192006230,schuj101,SLN,1,9,value,24,2,0,0,0,0,,,,,1,19200623,0,BOS08,v,BSN,0,1,0,regular,y,y,
BSN192006240,schuj101,SLN,1,9,value,27,0,0,0,0,0,,,,,1,19200624,0,BOS08,v,BSN,1,0,0,regular,y,y,
CIN192006261,schuj101,SLN,1,9,value,27,3,0,0,0,0,,,,,1,19200626,1,CIN07,v,CIN,1,0,0,regular,y,y,
CIN192006262,schuj101,SLN,1,9,value,27,3,0,0,0,0,,,,,1,19200626,2,CIN07,v,CIN,1,0,0,regular,y,y,
CIN192006270,schuj101,SLN,1,9,value,27,2,0,0,0,0,,,,,1,19200627,0,CIN07,v,CIN,1,0,0,regular,y,y,
CIN192006280,schuj101,SLN,1,9,value,24,2,0,1,0,0,,,,,1,19200628,0,CIN07,v,CIN,0,1,0,regular,y,y,
CIN192006290,schuj101,SLN,1,9,value,24,3,0,0,0,0,,,,,1,19200629,0,CIN07,v,CIN,0,1,0,regular,y,y,
CIN192006300,schuj101,SLN,1,9,value,24,3,0,0,0,0,,,,,1,19200630,0,CIN07,v,CIN,0,1,0,regular,y,y,
SLN192007010,schuj101,SLN,1,9,value,30,3,0,0,0,0,,,,,1,19200701,0,STL07,h,PIT,0,1,0,regular,y,y,
SLN192007020,schuj101,SLN,1,9,value,27,5,0,1,0,0,,,,,1,19200702,0,STL07,h,PIT,1,0,0,regular,y,y,
SLN192007040,schuj101,SLN,1,9,value,27,2,0,0,0,0,,,,,1,19200704,0,STL07,h,CHN,1,0,0,regular,y,y,
SLN192007070,schuj101,SLN,1,9,value,24,2,0,0,0,0,,,,,1,19200707,0,STL07,h,CHN,0,1,0,regular,y,y,
SLN192007110,schuj101,SLN,1,9,value,27,1,0,1,0,0,,,,,1,19200711,0,STL07,h,BRO,0,1,0,regular,y,y,
SLN192007140,schuj101,SLN,1,9,value,27,3,0,0,0,0,,,,,1,19200714,0,STL07,h,NY1,0,1,0,regular,y,y,
NY1192007280,schuj101,SLN,1,9,value,19,2,1,0,1,0,,,,,0,19200728,0,NYC14,v,NY1,0,1,0,regular,y,y,
NY1192007290,schuj101,SLN,1,9,value,24,1,1,0,0,0,,,,,1,19200729,0,NYC14,v,NY1,0,1,0,regular,y,y,
BRO192008020,schuj101,SLN,1,9,value,27,1,0,0,0,0,,,,,1,19200802,0,NYC15,v,BRO,1,0,0,regular,y,y,
PHI192008090,schuj101,SLN,1,7,value,12,1,0,0,0,0,,,,,0,19200809,0,PHI09,v,PHI,1,0,0,regular,y,y,
PIT192008130,schuj101,SLN,1,9,value,27,2,0,0,0,0,,,,,1,19200813,0,PIT06,v,PIT,1,0,0,regular,y,y,
SLN192008151,schuj101,SLN,1,9,value,33,2,0,0,0,0,,,,,1,19200815,1,STL07,h,PIT,0,1,0,regular,y,y,
SLN192008152,schuj101,SLN,1,9,value,27,3,1,0,0,0,,,,,1,19200815,2,STL07,h,PIT,1,0,0,regular,y,y,
SLN192008170,schuj101,SLN,1,9,value,27,2,0,0,0,0,,,,,1,19200817,0,STL07,h,PIT,0,1,0,regular,y,y,
SLN192008230,schuj101,SLN,1,9,value,27,2,0,0,0,0,,,,,1,19200823,0,STL07,h,NY1,0,1,0,regular,y,y,
SLN192008240,schuj101,SLN,1,9,value,12,1,0,0,0,0,,,,,1,19200824,0,STL07,h,NY1,1,0,0,regular,y,y,
SLN192008260,schuj101,SLN,1,9,value,9,1,0,0,0,0,,,,,0,19200826,0,STL07,h,NY1,1,0,0,regular,y,y,
SLN192008290,schuj101,SLN,1,9,value,21,2,0,0,0,0,,,,,0,19200829,0,STL07,h,PHI,1,0,0,regular,y,y,
SLN192008301,schuj101,SLN,1,9,value,27,2,1,0,1,0,,,,,1,19200830,1,STL07,h,BRO,1,0,0,regular,y,y,
SLN192008302,schuj101,SLN,1,9,value,27,1,0,0,0,0,,,,,1,19200830,2,STL07,h,BRO,1,0,0,regular,y,y,
SLN192008310,schuj101,SLN,1,9,value,27,1,0,0,0,0,,,,,1,19200831,0,STL07,h,BRO,0,1,0,regular,y,y,
SLN192009020,schuj101,SLN,1,9,value,27,2,0,0,0,0,,,,,1,19200902,0,STL07,h,CIN,0,1,0,regular,y,y,
SLN192009030,schuj101,SLN,1,9,value,27,2,0,0,0,0,,,,,1,19200903,0,STL07,h,CIN,0,1,0,regular,y,y,
SLN192009040,schuj101,SLN,1,9,value,27,1,1,0,0,0,,,,,1,19200904,0,STL07,h,CIN,1,0,0,regular,y,y,
SLN192009050,schuj101,SLN,1,9,value,36,5,0,0,0,0,,,,,1,19200905,0,STL07,h,CIN,0,1,0,regular,y,y,
BRO192009090,schuj101,SLN,1,9,value,24,3,0,0,0,0,,,,,0,19200909,0,NYC15,v,BRO,0,1,0,regular,y,y,
BRO192009100,schuj101,SLN,1,9,value,32,4,0,1,0,0,,,,,1,19200910,0,NYC15,v,BRO,0,1,0,regular,y,y,
BRO192009111,schuj101,SLN,1,9,value,24,5,0,1,0,0,,,,,1,19200911,1,NYC15,v,BRO,0,1,0,regular,y,y,
BRO192009112,schuj101,SLN,1,9,value,24,2,0,0,0,0,,,,,1,19200911,2,NYC15,v,BRO,0,1,0,regular,y,y,
NY1192009120,schuj101,SLN,1,9,value,27,4,0,0,0,0,,,,,1,19200912,0,NYC14,v,NY1,1,0,0,regular,y,y,
BSN192009181,schuj101,SLN,1,9,value,18,1,0,0,0,0,,,,,0,19200918,1,BOS08,v,BSN,1,0,0,regular,y,y,
PHI192009200,schuj101,SLN,1,9,value,18,2,0,0,0,0,,,,,0,19200920,0,PHI09,v,PHI,1,0,0,regular,y,y,
PHI192009210,schuj101,SLN,1,9,value,27,1,0,0,0,0,,,,,1,19200921,0,PHI09,v,PHI,1,0,0,regular,y,y,
PHI192009220,schuj101,SLN,1,9,value,27,2,0,0,0,0,,,,,1,19200922,0,PHI09,v,PHI,1,0,0,regular,y,y,
PIT192009240,schuj101,SLN,1,9,value,24,2,0,1,0,0,,,,,1,19200924,0,PIT06,v,PIT,0,1,0,regular,y,y,
CHN192009260,schuj101,SLN,1,9,value,27,0,0,0,0,0,,,,,1,19200926,0,CHI11,v,CHN,1,0,0,regular,y,y,
CHN192010010,schuj101,SLN,1,7,value,12,1,0,0,0,0,,,,,0,19201001,0,CHI11,v,CHN,0,1,0,regular,y,y,
CHN192010010,schuj101,SLN,2,9,value,22,0,0,0,0,0,,,,,0,19201001,0,CHI11,v,CHN,0,1,0,regular,y,y,
CHN192010020,schuj101,SLN,1,9,value,27,2,0,0,0,0,,,,,1,19201002,0,CHI11,v,CHN,1,0,0,regular,y,y,
SLG192010040,schuj101,SLN,1,7,value,27,1,0,0,0,0,,,,,1,19201004,0,STL11,v,SLG,0,1,0,exhibition,y,y,
SLG192010050,schuj101,SLN,1,7,value,27,1,0,0,0,0,,,,,1,19201005,0,STL11,v,SLG,1,0,0,exhibition,y,y,
SLN192105010,schuj101,SLN,1,9,value,27,1,0,0,0,0,,,,,1,19210501,0,STL07,h,CIN,1,0,0,regular,y,y,
PIT192105050,schuj101,SLN,1,9,value,24,3,0,0,0,0,,,,,1,19210505,0,PIT06,v,PIT,0,1,0,regular,y,y,
PIT192105060,schuj101,SLN,1,9,value,24,1,1,0,0,0,,,,,1,19210506,0,PIT06,v,PIT,0,1,0,regular,y,y,
CHN192105080,schuj101,SLN,1,9,value,27,1,0,0,0,0,,,,,1,19210508,0,CHI11,v,CHN,1,0,0,regular,y,y,
NY1192105100,schuj101,SLN,1,9,value,27,3,0,0,0,0,,,,,1,19210510,0,NYC14,v,NY1,1,0,0,regular,y,y,
NY1192105110,schuj101,SLN,1,9,value,24,2,0,0,0,0,,,,,1,19210511,0,NYC14,v,NY1,0,1,0,regular,y,y,
NY1192105120,schuj101,SLN,1,9,value,3,0,0,0,0,0,,,,,0,19210512,0,NYC14,v,NY1,0,1,0,regular,y,y,
BRO192105140,schuj101,SLN,1,9,value,27,0,0,0,0,0,,,,,1,19210514,0,NYC15,v,BRO,1,0,0,regular,y,y,
BRO192105150,schuj101,SLN,1,9,value,27,4,0,0,0,0,,,,,1,19210515,0,NYC15,v,BRO,1,0,0,regular,y,y,
BRO192105160,schuj101,SLN,1,9,value,15,1,0,0,0,0,,,,,0,19210516,0,NYC15,v,BRO,1,0,0,regular,y,y,
PHI192105210,schuj101,SLN,1,9,value,27,1,0,0,0,0,,,,,1,19210521,0,PHI09,v,PHI,1,0,0,regular,y,y,
BSN192105240,schuj101,SLN,1,9,value,24,4,1,1,0,0,,,,,1,19210524,0,BOS08,v,BSN,0,1,0,regular,y,y,
CHN192105270,schuj101,SLN,1,9,value,27,0,0,0,0,0,,,,,1,19210527,0,CHI11,v,CHN,1,0,0,regular,y,y,
CHN192105281,schuj101,SLN,1,9,value,27,2,0,0,0,0,,,,,1,19210528,1,CHI11,v,CHN,1,0,0,regular,y,y,
CHN192105282,schuj101,SLN,1,9,value,27,4,0,0,0,0,,,,,1,19210528,2,CHI11,v,CHN,1,0,0,regular,y,y,
CHN192105290,schuj101,SLN,1,9,value,27,2,0,0,0,0,,,,,1,19210529,0,CHI11,v,CHN,1,0,0,regular,y,d,
CIN192105301,schuj101,SLN,1,9,value,27,2,0,0,0,0,,,,,1,19210530,1,CIN07,v,CIN,1,0,0,regular,y,y,
CIN192105302,schuj101,SLN,1,9,value,27,1,0,0,0,0,,,,,1,19210530,2,CIN07,v,CIN,1,0,0,regular,y,y,
CIN192105310,schuj101,SLN,1,9,value,29,2,0,0,0,0,,,,,1,19210531,0,CIN07,v,CIN,0,1,0,regular,y,y,
CIN192106010,schuj101,SLN,1,9,value,27,1,0,0,0,0,,,,,1,19210601,0,CIN07,v,CIN,1,0,0,regular,y,y,
CIN192106020,schuj101,SLN,1,9,value,24,0,0,0,0,0,,,,,1,19210602,0,CIN07,v,CIN,0,1,0,regular,y,y,
SLN192106030,schuj101,SLN,1,9,value,27,1,1,0,0,0,,,,,1,19210603,0,STL07,h,PHI,0,1,0,regular,y,y,
SLN192106040,schuj101,SLN,1,9,value,27,4,0,0,0,0,,,,,1,19210604,0,STL07,h,PHI,1,0,0,regular,y,y,
SLN192106050,schuj101,SLN,1,9,value,27,2,1,0,1,0,,,,,1,19210605,0,STL07,h,PHI,1,0,0,regular,y,y,
SLN192106060,schuj101,SLN,1,9,value,27,1,0,0,0,0,,,,,1,19210606,0,STL07,h,PHI,1,0,0,regular,y,y,
SLN192106070,schuj101,SLN,1,9,value,27,2,0,0,0,0,,,,,1,19210607,0,STL07,h,BRO,1,0,0,regular,y,y,
SLN192106080,schuj101,SLN,1,9,value,27,3,0,0,0,0,,,,,1,19210608,0,STL07,h,BRO,1,0,0,regular,y,y,
SLN192106090,schuj101,SLN,1,9,value,27,2,0,0,0,0,,,,,1,19210609,0,STL07,h,BRO,1,0,0,regular,y,y,
SLN192106100,schuj101,SLN,1,9,value,27,2,0,1,0,0,,,,,1,19210610,0,STL07,h,BRO,1,0,0,regular,y,y,
SLN192106110,schuj101,SLN,1,9,value,27,1,0,0,0,0,,,,,1,19210611,0,STL07,h,NY1,1,0,0,regular,y,y,
SLN192106120,schuj101,SLN,1,9,value,27,2,0,0,0,0,,,,,1,19210612,0,STL07,h,NY1,1,0,0,regular,y,y,
SLN192106130,schuj101,SLN,1,9,value,27,1,0,0,0,0,,,,,1,19210613,0,STL07,h,NY1,1,0,0,regular,y,y,
SLN192106140,schuj101,SLN,1,9,value,24,2,0,0,0,0,,,,,1,19210614,0,STL07,h,NY1,0,1,0,regular,y,y,
SLN192106150,schuj101,SLN,1,9,value,27,1,0,0,0,0,,,,,1,19210615,0,STL07,h,BSN,0,1,0,regular,y,y,
SLN192106220,schuj101,SLN,1,9,value,27,1,0,0,0,0,,,,,1,19210622,0,STL07,h,CHN,0,1,0,regular,y,y,
SLN192106231,schuj101,SLN,1,9,value,36,6,0,0,0,0,,,,,1,19210623,1,STL07,h,PIT,1,0,0,regular,y,y,
SLN192106252,schuj101,SLN,1,9,value,27,2,0,0,0,0,,,,,1,19210625,2,STL07,h,PIT,0,1,0,regular,y,y,
SLN192106260,schuj101,SLN,1,5,value,27,2,2,0,0,0,,,,,1,19210626,0,STL07,h,CIN,1,0,0,regular,y,y,
SLN192106270,schuj101,SLN,1,5,value,27,0,3,2,0,0,,,,,1,19210627,0,STL07,h,CIN,0,1,0,regular,y,y,
SLN192106280,schuj101,SLN,1,5,value,27,2,2,1,0,0,,,,,1,19210628,0,STL07,h,CIN,1,0,0,regular,y,y,
CHN192107020,schuj101,SLN,1,9,value,27,1,0,0,0,0,,,,,1,19210702,0,CHI11,v,CHN,1,0,0,regular,y,y,
CHN192107030,schuj101,SLN,1,9,value,27,2,0,0,0,0,,,,,1,19210703,0,CHI11,v,CHN,1,0,0,regular,y,d,
PIT192107042,schuj101,SLN,1,9,value,24,0,0,0,0,0,,,,,1,19210704,2,PIT06,v,PIT,1,0,0,regular,y,y,
NY1192107130,schuj101,SLN,1,9,value,24,2,0,0,0,0,,,,,1,19210713,0,NYC14,v,NY1,0,1,0,regular,y,y,
BRO192107200,schuj101,SLN,1,9,value,18,1,0,0,0,0,,,,,0,19210720,0,NYC15,v,BRO,1,0,0,regular,y,y,
BRO192107220,schuj101,SLN,1,9,value,21,0,0,0,0,0,,,,,0,19210722,0,NYC15,v,BRO,0,1,0,regular,y,y,
BRO192107230,schuj101,SLN,1,9,value,24,2,0,0,0,0,,,,,1,19210723,0,NYC15,v,BRO,0,1,0,regular,y,y,
SLN192107310,schuj101,SLN,1,9,value,27,3,0,0,0,0,,,,,1,19210731,0,STL07,h,BRO,1,0,0,regular,y,y,
SLN192108010,schuj101,SLN,1,9,value,27,6,1,0,1,0,,,,,1,19210801,0,STL07,h,BRO,0,1,0,regular,y,y,
SLN192108040,schuj101,SLN,1,9,value,24,1,1,0,1,0,,,,,1,19210804,0,STL07,h,NY1,1,0,0,regular,y,y,
SLN192108102,schuj101,SLN,1,9,value,27,4,0,0,0,0,,,,,1,19210810,2,STL07,h,CIN,0,1,0,regular,y,y,
SLN192108110,schuj101,SLN,1,9,value,27,2,0,0,0,0,,,,,1,19210811,0,STL07,h,CIN,0,1,0,regular,y,y,
SLN192108120,schuj101,SLN,1,9,value,24,3,0,0,0,0,,,,,1,19210812,0,STL07,h,CIN,0,1,0,regular,y,y,
CIN192108140,schuj101,SLN,1,9,value,24,3,0,0,0,0,,,,,1,19210814,0,CIN07,v,CIN,0,1,0,regular,y,y,
BRO192108181,schuj101,SLN,1,9,value,24,3,0,0,0,0,,,,,1,19210818,1,NYC15,v,BRO,0,1,0,regular,y,y,
BRO192108190,schuj101,SLN,1,9,value,12,1,0,0,0,0,,,,,0,19210819,0,NYC15,v,BRO,1,0,0,regular,y,y,
NY1192108200,schuj101,SLN,1,9,value,27,3,0,0,0,0,,,,,1,19210820,0,NYC14,v,NY1,1,0,0,regular,y,y,
BSN192108250,schuj101,SLN,1,9,value,15,1,0,0,0,0,,,,,0,19210825,0,BOS08,v,BSN,1,0,0,regular,y,y,
PIT192109011,schuj101,SLN,1,9,value,6,0,0,0,0,0,,,,,1,19210901,1,PIT06,v,PIT,1,0,0,regular,y,y,
SLN192109042,schuj101,SLN,1,9,value,15,0,0,0,0,0,,,,,0,19210904,2,STL07,h,CHN,1,0,0,regular,y,y,
SLN192109052,schuj101,SLN,1,9,value,6,0,0,0,0,0,,,,,1,19210905,2,STL07,h,CHN,1,0,0,regular,y,y,
SLN192109062,schuj101,SLN,1,9,value,18,3,0,0,0,0,,,,,1,19210906,2,STL07,h,CHN,1,0,0,regular,y,y,
SLN192109062,schuj101,SLN,2,3,value,9,0,0,0,0,0,,,,,0,19210906,2,STL07,h,CHN,1,0,0,regular,y,y,
CIN192109090,schuj101,SLN,1,3,value,18,11,0,0,0,0,,,,,1,19210909,0,CIN07,v,CIN,0,1,0,regular,y,y,
CIN192109100,schuj101,SLN,1,3,value,6,2,0,0,1,0,,,,,1,19210910,0,CIN07,v,CIN,0,1,0,regular,y,y,
CIN192109100,schuj101,SLN,2,9,value,18,1,0,0,0,0,,,,,0,19210910,0,CIN07,v,CIN,0,1,0,regular,y,y,
CIN192109100,schuj101,SLN,1,3,official,,,,0,0,,,,,,1,19210910,0,CIN07,v,CIN,0,1,0,regular,y,y,
CIN192109100,schuj101,SLN,2,9,official,,,,0,0,,,,,,,19210910,0,CIN07,v,CIN,0,1,0,regular,y,y,
CHN192109110,schuj101,SLN,1,9,value,6,0,0,0,0,0,,,,,0,19210911,0,CHI11,v,CHN,1,0,0,regular,y,y,
SLN192109141,schuj101,SLN,1,9,value,15,1,0,0,0,0,,,,,1,19210914,1,STL07,h,BRO,0,1,0,regular,y,y,
SLN192109142,schuj101,SLN,1,9,value,21,4,0,0,0,0,,,,,1,19210914,2,STL07,h,BRO,1,0,0,regular,y,y,
SLN192109260,schuj101,SLN,1,9,value,27,3,0,1,0,0,,,,,1,19210926,0,STL07,h,NY1,0,1,0,regular,y,y,
SLN192109291,schuj101,SLN,1,9,value,30,1,1,0,1,0,,,,,1,19210929,1,STL07,h,PIT,1,0,0,regular,y,y,
SLN192110010,schuj101,SLN,1,9,value,24,2,0,0,0,0,,,,,1,19211001,0,STL07,h,PIT,0,0,1,regular,y,y,
SLN192110020,schuj101,SLN,1,9,value,27,3,0,0,0,0,,,,,1,19211002,0,STL07,h,PIT,0,1,0,regular,y,y,
SLG192110030,schuj101,SLN,1,4,value,33,0,3,0,0,0,,,,,1,19211003,0,STL07,v,SLG,1,0,0,exhibition,y,y,
SLG192110040,schuj101,SLN,1,4,value,24,2,2,2,0,0,,,,,1,19211004,0,STL07,v,SLG,0,1,0,exhibition,y,y,
SLG192110091,schuj101,SLN,1,9,value,27,0,0,0,0,0,,,,,1,19211009,1,STL07,v,SLG,1,0,0,exhibition,y,y,
SLG192110092,schuj101,SLN,1,8,value,9,0,0,0,0,0,,,,,1,19211009,2,STL07,v,SLG,1,0,0,exhibition,y,y,
SLG192110092,schuj101,SLN,2,3,value,18,11,0,1,0,0,,,,,0,19211009,2,STL07,v,SLG,1,0,0,exhibition,y,y,
SLG192110100,schuj101,SLN,1,3,value,27,9,0,0,3,0,,,,,1,19211010,0,STL07,v,SLG,1,0,0,exhibition,y,,
SLN192204120,schuj101,SLN,1,9,value,27,5,0,0,0,0,,,,,1,19220412,0,STL07,h,PIT,1,0,0,regular,y,y,
SLN192204160,schuj101,SLN,1,9,value,27,4,0,0,0,0,,,,,1,19220416,0,STL07,h,CHN,1,0,0,regular,y,y,
PIT192204200,schuj101,SLN,1,9,value,18,0,0,0,0,0,,,,,1,19220420,0,PIT06,v,PIT,0,1,0,regular,y,y,
CIN192204260,schuj101,SLN,1,9,value,24,2,0,0,0,0,,,,,1,19220426,0,CIN07,v,CIN,0,1,0,regular,y,y,
CHN192204270,schuj101,SLN,1,9,value,24,1,0,0,0,0,,,,,1,19220427,0,CHI11,v,CHN,0,1,0,regular,y,y,
CHN192204280,schuj101,SLN,1,8,value,3,0,0,0,0,0,,,,,0,19220428,0,CHI11,v,CHN,1,0,0,regular,y,y,
SLN192205030,schuj101,SLN,1,9,value,27,1,0,0,0,0,,,,,1,19220503,0,STL07,h,CIN,1,0,0,regular,y,y,
SLN192205070,schuj101,SLN,1,9,value,15,1,1,0,0,0,,,,,1,19220507,0,STL07,h,CIN,1,0,0,regular,y,y,
SLN192205100,schuj101,SLN,1,9,value,21,1,0,0,0,0,,,,,1,19220510,0,STL07,h,NY1,0,1,0,regular,y,y,
SLN192205120,schuj101,SLN,1,9,value,3,0,0,0,0,0,,,,,0,19220512,0,STL07,h,NY1,1,0,0,regular,y,y,
SLN192205150,schuj101,SLN,1,9,value,18,0,0,0,0,0,,,,,0,19220515,0,STL07,h,PHI,1,0,0,regular,y,y,
SLN192205190,schuj101,SLN,1,9,value,9,0,0,0,0,0,,,,,1,19220519,0,STL07,h,BRO,1,0,0,regular,y,y,
SLN192205200,schuj101,SLN,1,9,value,12,2,0,0,0,0,,,,,0,19220520,0,STL07,h,BRO,1,0,0,regular,y,y,
SLN192205210,schuj101,SLN,1,9,value,27,4,0,0,0,0,,,,,1,19220521,0,STL07,h,BSN,0,1,0,regular,y,y,
SLN192205220,schuj101,SLN,1,7,value,22,1,0,0,0,0,,,,,0,19220522,0,STL07,h,BSN,0,1,0,regular,y,y,
SLN192205260,schuj101,SLN,1,9,value,27,4,0,0,0,0,,,,,1,19220526,0,STL07,h,PIT,1,0,0,regular,y,y,
SLN192205272,schuj101,SLN,1,9,value,30,2,0,0,0,0,,,,,1,19220527,2,STL07,h,PIT,0,1,0,regular,y,y,
CHN192205290,schuj101,SLN,1,9,value,18,1,0,0,0,0,,,,,1,19220529,0,CHI11,v,CHN,1,0,0,regular,y,y,
PHI192206120,schuj101,SLN,1,9,value,8,0,0,0,0,0,,,,,0,19220612,0,PHI09,v,PHI,1,0,0,regular,y,y,
BRO192206160,schuj101,SLN,1,9,value,6,1,0,0,0,0,,,,,0,19220616,0,NYC15,v,BRO,0,1,0,regular,y,y,
BRO192206170,schuj101,SLN,1,9,value,6,1,0,0,0,0,,,,,0,19220617,0,NYC15,v,BRO,1,0,0,regular,y,y,
NY1192206180,schuj101,SLN,1,9,value,15,2,0,0,0,0,,,,,0,19220618,0,NYC14,v,NY1,1,0,0,regular,y,y,
SLN192206240,schuj101,SLN,1,9,value,27,6,0,0,0,0,,,,,1,19220624,0,STL07,h,CHN,0,1,0,regular,y,y,
SLN192206270,schuj101,SLN,1,7,value,36,1,0,0,0,0,,,,,1,19220627,0,STL07,h,CIN,1,0,0,regular,y,y,
PIT192206290,schuj101,SLN,1,7,value,27,2,0,0,0,0,,,,,1,19220629,0,PIT06,v,PIT,1,0,0,regular,y,y,
PIT192206300,schuj101,SLN,1,7,value,27,2,0,0,0,0,,,,,1,19220630,0,PIT06,v,PIT,1,0,0,regular,y,y,
PIT192207011,schuj101,SLN,1,7,value,27,2,0,0,0,0,,,,,1,19220701,1,PIT06,v,PIT,1,0,0,regular,y,y,
PIT192207012,schuj101,SLN,1,7,value,24,1,0,0,0,0,,,,,1,19220701,2,PIT06,v,PIT,0,1,0,regular,y,y,
CIN192207021,schuj101,SLN,1,7,value,27,3,0,0,0,0,,,,,1,19220702,1,CIN07,v,CIN,1,0,0,regular,y,y,
CIN192207022,schuj101,SLN,1,7,value,27,2,0,0,0,0,,,,,1,19220702,2,CIN07,v,CIN,1,0,0,regular,y,y,
SLN192207030,schuj101,SLN,1,7,value,27,1,0,0,0,0,,,,,1,19220703,0,STL07,h,CIN,0,1,0,regular,y,y,
SLN192207041,schuj101,SLN,1,7,value,27,2,0,0,0,0,,,,,1,19220704,1,STL07,h,CIN,0,1,0,regular,y,y,
SLN192207042,schuj101,SLN,1,7,value,27,5,0,0,0,0,,,,,1,19220704,2,STL07,h,CIN,1,0,0,regular,y,y,
SLN192207050,schuj101,SLN,1,7,value,27,5,0,0,0,0,,,,,1,19220705,0,STL07,h,CIN,1,0,0,regular,y,y,
SLN192207060,schuj101,SLN,1,7,value,27,4,0,0,0,0,,,,,1,19220706,0,STL07,h,BRO,1,0,0,regular,y,y,
SLN192207070,schuj101,SLN,1,7,value,27,1,0,0,0,0,,,,,1,19220707,0,STL07,h,BRO,1,0,0,regular,y,y,
SLN192207080,schuj101,SLN,1,7,value,27,3,1,0,1,0,,,,,1,19220708,0,STL07,h,BRO,1,0,0,regular,y,y,
SLN192207090,schuj101,SLN,1,7,value,27,4,0,0,0,0,,,,,1,19220709,0,STL07,h,BRO,1,0,0,regular,y,y,
SLN192207100,schuj101,SLN,1,7,value,27,4,0,0,0,0,,,,,1,19220710,0,STL07,h,BRO,1,0,0,regular,y,y,
SLN192207110,schuj101,SLN,1,7,value,27,1,1,0,0,0,,,,,1,19220711,0,STL07,h,PHI,1,0,0,regular,y,y,
SLN192207121,schuj101,SLN,1,7,value,18,0,0,0,0,0,,,,,1,19220712,1,STL07,h,PHI,0,1,0,regular,y,y,
SLN192207122,schuj101,SLN,1,7,value,27,3,1,0,0,0,,,,,1,19220712,2,STL07,h,PHI,0,1,0,regular,y,y,
SLN192207200,schuj101,SLN,1,7,value,30,2,0,0,0,0,,,,,1,19220720,0,STL07,h,BSN,1,0,0,regular,y,y,
SLN192207230,schuj101,SLN,1,7,value,27,2,0,1,0,0,,,,,1,19220723,0,STL07,h,BSN,0,1,0,regular,y,y,
NY1192207270,schuj101,SLN,1,7,value,24,2,1,0,0,0,,,,,1,19220727,0,NYC14,v,NY1,0,1,0,regular,y,y,
NY1192207282,schuj101,SLN,1,7,value,27,2,0,0,0,0,,,,,1,19220728,2,NYC14,v,NY1,1,0,0,regular,y,y,
BRO192207310,schuj101,SLN,1,7,value,27,7,0,0,0,0,,,,,1,19220731,0,NYC15,v,BRO,1,0,0,regular,y,y,
BSN192208091,schuj101,SLN,1,8,value,24,2,0,1,0,0,,,,,1,19220809,1,BOS08,v,BSN,0,1,0,regular,y,y,
BSN192208092,schuj101,SLN,1,8,value,27,3,0,0,0,0,,,,,1,19220809,2,BOS08,v,BSN,1,0,0,regular,y,y,
BSN192208100,schuj101,SLN,1,7,value,27,2,0,0,0,0,,,,,1,19220810,0,BOS08,v,BSN,1,0,0,regular,y,y,
SLN192208160,schuj101,SLN,1,9,value,18,1,0,0,0,0,,,,,0,19220816,0,STL07,h,BRO,0,1,0,regular,y,y,
SLN192208170,schuj101,SLN,1,9,value,27,4,0,1,0,0,,,,,1,19220817,0,STL07,h,BRO,0,1,0,regular,y,y,
SLN192208180,schuj101,SLN,1,7,value,3,0,0,0,0,0,,,,,0,19220818,0,STL07,h,PHI,1,0,0,regular,y,y,
SLN192208200,schuj101,SLN,1,9,value,9,0,0,0,0,0,,,,,0,19220820,0,STL07,h,PHI,1,0,0,regular,y,y,
SLN192208230,schuj101,SLN,1,9,value,27,4,0,0,0,0,,,,,1,19220823,0,STL07,h,BSN,1,0,0,regular,y,y,
SLN192208240,schuj101,SLN,1,9,value,27,0,0,0,0,0,,,,,1,19220824,0,STL07,h,BSN,0,1,0,regular,y,y,
SLN192208250,schuj101,SLN,1,9,value,27,1,0,0,0,0,,,,,1,19220825,0,STL07,h,NY1,0,1,0,regular,y,y,
SLN192208260,schuj101,SLN,1,7,value,27,0,0,0,0,0,,,,,1,19220826,0,STL07,h,NY1,0,1,0,regular,y,y,
SLN192208270,schuj101,SLN,1,7,value,27,3,0,1,0,0,,,,,1,19220827,0,STL07,h,NY1,0,1,0,regular,y,y,
SLN192208290,schuj101,SLN,1,7,value,27,3,0,0,0,0,,,,,1,19220829,0,STL07,h,CHN,0,1,0,regular,y,y,
SLN192208300,schuj101,SLN,1,7,value,30,2,0,0,0,0,,,,,1,19220830,0,STL07,h,CHN,1,0,0,regular,y,y,
SLN192209011,schuj101,SLN,1,7,value,27,3,0,0,0,0,,,,,1,19220901,1,STL07,h,PIT,0,1,0,regular,y,y,
SLN192209012,schuj101,SLN,1,9,value,27,1,0,0,0,0,,,,,1,19220901,2,STL07,h,PIT,1,0,0,regular,y,y,
SLN192209020,schuj101,SLN,1,9,value,27,4,0,0,0,0,,,,,1,19220902,0,STL07,h,PIT,0,1,0,regular,y,y,
CIN192209030,schuj101,SLN,1,9,value,27,3,0,0,0,0,,,,,1,19220903,0,CIN07,v,CIN,1,0,0,regular,y,y,
CIN192209060,schuj101,SLN,1,9,value,12,2,0,1,0,0,,,,,0,19220906,0,CIN07,v,CIN,0,1,0,regular,y,y,
CIN192209070,schuj101,SLN,1,9,value,24,2,0,0,0,0,,,,,1,19220907,0,CIN07,v,CIN,0,1,0,regular,y,y,
CIN192209080,schuj101,SLN,1,9,value,27,4,0,0,0,0,,,,,1,19220908,0,CIN07,v,CIN,1,0,0,regular,y,y,
CIN192209090,schuj101,SLN,1,9,value,27,2,0,0,0,0,,,,,1,19220909,0,CIN07,v,CIN,1,0,0,regular,y,y,
CIN192209100,schuj101,SLN,1,9,value,24,2,0,0,0,0,,,,,1,19220910,0,CIN07,v,CIN,0,1,0,regular,y,y,
PHI192209131,schuj101,SLN,1,9,value,27,2,0,0,0,0,,,,,1,19220913,1,PHI09,v,PHI,1,0,0,regular,y,y,
PHI192209132,schuj101,SLN,1,9,value,27,2,0,0,0,0,,,,,1,19220913,2,PHI09,v,PHI,1,0,0,regular,y,y,
PHI192209140,schuj101,SLN,1,9,value,27,3,0,0,0,0,,,,,1,19220914,0,PHI09,v,PHI,1,0,0,regular,y,y,
PHI192209150,schuj101,SLN,1,9,value,24,2,0,0,0,0,,,,,1,19220915,0,PHI09,v,PHI,0,1,0,regular,y,y,
BSN192209160,schuj101,SLN,1,9,value,27,3,0,0,0,0,,,,,1,19220916,0,BOS08,v,BSN,1,0,0,regular,y,y,
BSN192209180,schuj101,SLN,1,9,value,27,1,0,0,0,0,,,,,1,19220918,0,BOS08,v,BSN,1,0,0,regular,y,y,
BSN192209190,schuj101,SLN,1,9,value,27,2,1,0,0,0,,,,,1,19220919,0,BOS08,v,BSN,1,0,0,regular,y,y,
BRO192209201,schuj101,SLN,1,9,value,24,4,1,0,0,0,,,,,1,19220920,1,NYC15,v,BRO,0,1,0,regular,y,y,
BRO192209202,schuj101,SLN,1,9,value,27,4,0,0,0,0,,,,,1,19220920,2,NYC15,v,BRO,1,0,0,regular,y,y,
BRO192209210,schuj101,SLN,1,9,value,24,2,0,0,0,0,,,,,1,19220921,0,NYC15,v,BRO,0,1,0,regular,y,y,
BRO192209220,schuj101,SLN,1,9,value,27,5,0,0,0,0,,,,,1,19220922,0,NYC15,v,BRO,1,0,0,regular,y,y,
NY1192209230,schuj101,SLN,1,9,value,24,4,0,0,0,0,,,,,1,19220923,0,NYC14,v,NY1,0,1,0,regular,y,y,
NY1192209240,schuj101,SLN,1,9,value,27,4,0,0,0,0,,,,,1,19220924,0,NYC14,v,NY1,1,0,0,regular,y,y,
NY1192209250,schuj101,SLN,1,9,value,28,1,0,0,0,0,,,,,1,19220925,0,NYC14,v,NY1,0,1,0,regular,y,y,
NY1192209260,schuj101,SLN,1,9,value,24,2,0,0,0,0,,,,,1,19220926,0,NYC14,v,NY1,0,1,0,regular,y,y,
CHN192209290,schuj101,SLN,1,9,value,24,1,0,0,0,0,,,,,1,19220929,0,CHI11,v,CHN,0,1,0,regular,y,y,
CHN192209301,schuj101,SLN,1,9,value,27,3,0,0,0,0,,,,,1,19220930,1,CHI11,v,CHN,1,0,0,regular,y,y,
CHN192209302,schuj101,SLN,1,9,value,15,1,0,0,0,0,,,,,1,19220930,2,CHI11,v,CHN,1,0,0,regular,y,y,
CHN192210010,schuj101,SLN,1,9,value,27,2,0,0,0,0,,,,,1,19221001,0,CHI11,v,CHN,1,0,0,regular,y,y,
CIN192304180,schuj101,SLN,1,9,value,27,3,0,0,0,0,,,,,1,19230418,0,CIN07,v,CIN,1,0,0,regular,y,y,
CHN192304210,schuj101,SLN,1,9,value,18,2,1,0,0,0,,,,,0,19230421,0,CHI11,v,CHN,0,1,0,regular,y,y,
SLN192404210,schuj101,SLN,1,7,value,6,0,0,0,0,0,,,,,0,19240421,0,STL07,h,PIT,1,0,0,regular,y,y,
PHI192406030,schuj101,SLN,1,8,value,24,1,0,0,0,0,,,,,1,19240603,0,PHI09,v,PHI,0,1,0,regular,y,y,
PHI192406070,schuj101,PHI,1,9,value,21,4,0,1,0,0,,,,,1,19240607,0,PHI09,h,CIN,0,1,0,regular,y,y,
PHI192406070,schuj101,PHI,2,8,value,6,0,0,0,0,0,,,,,0,19240607,0,PHI09,h,CIN,0,1,0,regular,y,y,
PHI192406070,schuj101,PHI,1,9,official,,,,0,0,,,,,,1,19240607,0,PHI09,h,CIN,0,1,0,regular,y,y,
PHI192406070,schuj101,PHI,2,8,official,,,,0,0,,,,,,,19240607,0,PHI09,h,CIN,0,1,0,regular,y,y,
BRO192406200,schuj101,PHI,1,9,value,9,1,0,0,0,0,,,,,1,19240620,0,NYC15,v,BRO,1,0,0,regular,y,y,
BRO192406210,schuj101,PHI,1,7,value,26,3,0,0,0,0,,,,,1,19240621,0,NYC15,v,BRO,0,1,0,regular,y,y,
BRO192406220,schuj101,PHI,1,7,value,27,0,0,0,0,0,,,,,1,19240622,0,NYC15,v,BRO,1,0,0,regular,y,d,
PHI192406231,schuj101,PHI,1,7,value,27,1,0,0,0,0,,,,,1,19240623,1,PHI09,h,BSN,1,0,0,regular,y,d,
PHI192406232,schuj101,PHI,1,7,value,27,1,0,0,0,0,,,,,1,19240623,2,PHI09,h,BSN,1,0,0,regular,y,d,
PHI192406240,schuj101,PHI,1,7,value,27,4,0,1,0,0,,,,,1,19240624,0,PHI09,h,BSN,0,1,0,regular,y,d,
PHI192406251,schuj101,PHI,1,7,value,30,1,0,0,0,0,,,,,1,19240625,1,PHI09,h,BSN,1,0,0,regular,y,d,
PHI192406252,schuj101,PHI,1,7,value,27,3,0,0,0,0,,,,,1,19240625,2,PHI09,h,BSN,0,1,0,regular,y,d,
PHI192406260,schuj101,PHI,1,7,value,27,2,0,0,0,0,,,,,1,19240626,0,PHI09,h,BRO,1,0,0,regular,y,y,
PHI192406281,schuj101,PHI,1,7,value,27,1,0,0,0,0,,,,,1,19240628,1,PHI09,h,BRO,0,1,0,regular,y,y,
PHI192406282,schuj101,PHI,1,7,value,27,2,0,0,0,0,,,,,1,19240628,2,PHI09,h,BRO,0,1,0,regular,y,y,
BRO192406290,schuj101,PHI,1,7,value,28,2,0,0,0,0,,,,,1,19240629,0,NYC15,v,BRO,0,1,0,regular,y,d,
BSN192406301,schuj101,PHI,1,7,value,24,2,0,0,0,0,,,,,1,19240630,1,BOS08,v,BSN,0,1,0,regular,y,y,
BSN192406302,schuj101,PHI,1,7,value,27,3,0,0,0,0,,,,,1,19240630,2,BOS08,v,BSN,1,0,0,regular,y,y,
BSN192407010,schuj101,PHI,1,7,value,27,2,0,0,0,0,,,,,1,19240701,0,BOS08,v,BSN,1,0,0,regular,y,y,
BSN192407020,schuj101,PHI,1,7,value,27,1,0,0,0,0,,,,,1,19240702,0,BOS08,v,BSN,1,0,0,regular,y,y,
NY1192407041,schuj101,PHI,1,7,value,24,1,0,0,0,0,,,,,1,19240704,1,NYC14,v,NY1,0,1,0,regular,y,y,
NY1192407042,schuj101,PHI,1,7,value,27,1,0,1,0,0,,,,,1,19240704,2,NYC14,v,NY1,1,0,0,regular,y,y,
NY1192407050,schuj101,PHI,1,7,value,24,2,0,0,0,0,,,,,1,19240705,0,NYC14,v,NY1,0,1,0,regular,y,y,
NY1192407061,schuj101,PHI,1,7,value,24,2,0,0,0,0,,,,,1,19240706,1,NYC14,v,NY1,0,1,0,regular,y,y,
NY1192407062,schuj101,PHI,1,7,value,27,3,0,0,0,0,,,,,1,19240706,2,NYC14,v,NY1,1,0,0,regular,y,y,
CIN192407081,schuj101,PHI,1,7,value,30,1,0,0,0,0,,,,,1,19240708,1,CIN07,v,CIN,1,0,0,regular,y,y,
CIN192407082,schuj101,PHI,1,7,value,45,6,0,0,0,0,,,,,1,19240708,2,CIN07,v,CIN,0,1,0,regular,y,y,
CIN192407090,schuj101,PHI,1,7,value,24,6,0,0,0,0,,,,,1,19240709,0,CIN07,v,CIN,0,1,0,regular,y,y,
CIN192407100,schuj101,PHI,1,7,value,24,0,0,0,0,0,,,,,1,19240710,0,CIN07,v,CIN,0,1,0,regular,y,y,
CIN192407110,schuj101,PHI,1,7,value,24,1,0,0,0,0,,,,,1,19240711,0,CIN07,v,CIN,0,1,0,regular,y,y,
PIT192407121,schuj101,PHI,1,7,value,28,3,0,0,0,0,,,,,1,19240712,1,PIT06,v,PIT,0,1,0,regular,y,y,
PIT192407122,schuj101,PHI,1,7,value,32,2,0,0,0,0,,,,,1,19240712,2,PIT06,v,PIT,0,1,0,regular,y,y,
PIT192407140,schuj101,PHI,1,7,value,27,1,0,0,0,0,,,,,1,19240714,0,PIT06,v,PIT,1,0,0,regular,y,y,
PIT192407150,schuj101,PHI,1,7,value,24,1,0,0,0,0,,,,,1,19240715,0,PIT06,v,PIT,0,1,0,regular,y,y,
CHN192407160,schuj101,PHI,1,7,value,27,2,0,0,0,0,,,,,1,19240716,0,CHI11,v,CHN,1,0,0,regular,y,y,
CHN192407170,schuj101,PHI,1,7,value,26,2,1,0,0,0,,,,,1,19240717,0,CHI11,v,CHN,0,1,0,regular,y,y,
CHN192407180,schuj101,PHI,1,7,value,28,0,0,0,0,0,,,,,1,19240718,0,CHI11,v,CHN,0,1,0,regular,y,y,
CHN192407191,schuj101,PHI,1,7,value,9,1,0,0,0,0,,,,,1,19240719,1,CHI11,v,CHN,0,1,0,regular,y,y,
CHN192407192,schuj101,PHI,1,7,value,24,2,0,0,0,0,,,,,1,19240719,2,CHI11,v,CHN,0,1,0,regular,y,y,
SLN192407201,schuj101,PHI,1,7,value,24,1,0,0,0,0,,,,,1,19240720,1,STL07,v,SLN,0,1,0,regular,y,y,
SLN192407202,schuj101,PHI,1,7,value,27,1,0,0,0,0,,,,,1,19240720,2,STL07,v,SLN,1,0,0,regular,y,y,
SLN192407210,schuj101,PHI,1,7,value,27,1,0,0,0,0,,,,,1,19240721,0,STL07,v,SLN,1,0,0,regular,y,y,
SLN192407220,schuj101,PHI,1,7,value,27,0,0,0,0,0,,,,,1,19240722,0,STL07,v,SLN,1,0,0,regular,y,y,
SLN192407230,schuj101,PHI,1,7,value,27,1,0,0,0,0,,,,,1,19240723,0,STL07,v,SLN,1,0,0,regular,y,y,
PHI192407250,schuj101,PHI,1,7,value,27,5,0,0,0,0,,,,,1,19240725,0,PHI09,h,CHN,1,0,0,regular,y,y,
PHI192407260,schuj101,PHI,1,7,value,27,0,0,0,0,0,,,,,1,19240726,0,PHI09,h,CHN,0,1,0,regular,y,y,
PHI192407280,schuj101,PHI,1,7,value,27,3,0,0,0,0,,,,,1,19240728,0,PHI09,h,CHN,1,0,0,regular,y,y,
PHI192407290,schuj101,PHI,1,7,value,27,2,0,0,0,0,,,,,1,19240729,0,PHI09,h,CHN,0,1,0,regular,y,y,
PHI192407300,schuj101,PHI,1,7,value,6,1,0,0,0,0,,,,,1,19240730,0,PHI09,h,SLN,0,1,0,regular,y,y,
PHI192407300,schuj101,PHI,2,9,value,21,4,1,0,0,0,,,,,0,19240730,0,PHI09,h,SLN,0,1,0,regular,y,y,
PHI192407310,schuj101,PHI,1,7,value,21,3,0,0,0,0,,,,,1,19240731,0,PHI09,h,SLN,0,1,0,regular,y,y,
PHI192408021,schuj101,PHI,1,9,value,12,1,0,0,0,0,,,,,0,19240802,1,PHI09,h,SLN,1,0,0,regular,y,y,
PHI192408022,schuj101,PHI,1,9,value,27,2,0,1,0,0,,,,,1,19240802,2,PHI09,h,SLN,1,0,0,regular,y,y,
PHI192408050,schuj101,PHI,1,9,value,27,1,0,0,0,0,,,,,1,19240805,0,PHI09,h,CIN,0,1,0,regular,y,d,
PHI192408070,schuj101,PHI,1,9,value,6,1,0,0,0,0,,,,,0,19240807,0,PHI09,h,CIN,0,1,0,regular,y,y,
PHI192408091,schuj101,PHI,1,9,value,27,4,0,0,0,0,,,,,1,19240809,1,PHI09,h,PIT,0,1,0,regular,y,y,
PHI192408111,schuj101,PHI,1,9,value,27,3,0,0,0,0,,,,,1,19240811,1,PHI09,h,PIT,0,1,0,regular,y,y,
SLN192408180,schuj101,PHI,1,9,value,27,2,1,0,0,0,,,,,1,19240818,0,STL07,v,SLN,1,0,0,regular,y,y,
SLN192408202,schuj101,PHI,1,7,value,18,3,0,2,0,0,,,,,1,19240820,2,STL07,v,SLN,0,1,0,regular,y,d,
SLN192408202,schuj101,PHI,2,9,value,6,0,0,0,0,0,,,,,0,19240820,2,STL07,v,SLN,0,1,0,regular,y,d,
CIN192408210,schuj101,PHI,1,9,value,24,0,0,0,0,0,,,,,1,19240821,0,CIN07,v,CIN,0,1,0,regular,y,y,
CIN192408220,schuj101,PHI,1,7,value,24,4,0,0,0,0,,,,,1,19240822,0,CIN07,v,CIN,1,0,0,regular,y,y,
CIN192408220,schuj101,PHI,2,9,value,9,0,0,0,0,0,,,,,0,19240822,0,CIN07,v,CIN,1,0,0,regular,y,y,
CIN192408230,schuj101,PHI,1,7,value,24,2,0,0,0,0,,,,,1,19240823,0,CIN07,v,CIN,0,1,0,regular,y,y,
PIT192408250,schuj101,PHI,1,7,value,24,1,0,0,0,0,,,,,1,19240825,0,PIT06,v,PIT,0,1,0,regular,y,y,
PIT192408261,schuj101,PHI,1,9,value,24,2,1,0,0,0,,,,,1,19240826,1,PIT06,v,PIT,0,1,0,regular,y,y,
PHI192408290,schuj101,PHI,1,9,value,27,0,0,0,0,0,,,,,1,19240829,0,PHI09,h,BSN,0,1,0,regular,y,d,
PHI192409012,schuj101,PHI,1,9,value,3,0,0,0,0,0,,,,,0,19240901,2,PHI09,h,BRO,0,1,0,regular,y,y,
PHI192409021,schuj101,PHI,1,7,value,9,1,0,0,0,0,,,,,0,19240902,1,PHI09,h,BRO,0,1,0,regular,y,y,
PHI192409021,schuj101,PHI,2,9,value,18,2,0,0,0,0,,,,,0,19240902,1,PHI09,h,BRO,0,1,0,regular,y,y,
PHI192409022,schuj101,PHI,1,7,value,15,1,0,0,0,0,,,,,1,19240902,2,PHI09,h,BRO,0,1,0,regular,y,y,
PHI192409031,schuj101,PHI,1,9,value,27,1,0,0,0,0,,,,,1,19240903,1,PHI09,h,BRO,0,1,0,regular,y,y,
PHI192409032,schuj101,PHI,1,9,value,27,3,0,0,0,0,,,,,1,19240903,2,PHI09,h,BRO,0,1,0,regular,y,y,
PHI192409040,schuj101,PHI,1,7,value,15,3,0,0,0,0,,,,,1,19240904,0,PHI09,h,NY1,1,0,0,regular,y,y,
PHI192409052,schuj101,PHI,1,9,value,12,0,1,0,0,0,,,,,0,19240905,2,PHI09,h,NY1,0,1,0,regular,y,y,
PHI192409131,schuj101,PHI,1,7,value,27,1,0,0,0,0,,,,,1,19240913,1,PHI09,h,CHN,0,1,0,regular,y,y,
PHI192409132,schuj101,PHI,1,7,value,18,1,1,0,0,0,,,,,1,19240913,2,PHI09,h,CHN,0,1,0,regular,y,y,
PHI192409161,schuj101,PHI,1,9,value,27,0,0,0,0,0,,,,,1,19240916,1,PHI09,h,PIT,1,0,0,regular,y,y,
PHI192409162,schuj101,PHI,1,9,value,15,0,0,1,0,0,,,,,0,19240916,2,PHI09,h,PIT,0,1,0,regular,y,y,
PHI192409190,schuj101,PHI,1,9,value,15,0,0,0,0,0,,,,,1,19240919,0,PHI09,h,CIN,0,1,0,regular,y,d,
PHI192409230,schuj101,PHI,1,9,value,3,0,0,0,0,0,,,,,0,19240923,0,PHI09,h,SLN,0,1,0,regular,y,y,
PHI192409250,schuj101,PHI,1,9,value,3,0,0,0,0,0,,,,,0,19240925,0,PHI09,h,SLN,1,0,0,regular,y,y,
NY1192409270,schuj101,PHI,1,9,value,24,4,0,0,0,0,,,,,1,19240927,0,NYC14,v,NY1,0,1,0,regular,y,y,
BRO192504160,schuj101,PHI,1,9,value,12,0,0,0,0,0,,,,,0,19250416,0,NYC15,v,BRO,1,0,0,regular,y,y,
PHI192504230,schuj101,PHI,1,9,value,21,2,0,1,0,0,,,,,1,19250423,0,PHI09,h,BRO,1,0,0,regular,y,y,
NY1192504260,schuj101,PHI,1,9,value,24,2,0,0,0,0,,,,,1,19250426,0,NYC14,v,NY1,0,1,0,regular,y,y,
PHI192505010,schuj101,PHI,1,9,value,27,4,2,0,1,1,,,,,1,19250501,0,PHI09,h,BSN,1,0,0,regular,y,y,
PHI192505040,schuj101,PHI,1,9,value,27,2,0,0,0,0,,,,,1,19250504,0,PHI09,h,NY1,0,1,0,regular,y,y,
PHI192505070,schuj101,PHI,1,9,value,18,0,0,0,0,0,,,,,1,19250507,0,PHI09,h,NY1,0,1,0,regular,y,y,
PHI192505122,schuj101,PHI,1,7,value,3,0,0,0,0,0,,,,,0,19250512,2,PHI09,h,PIT,0,1,0,regular,y,y,
PHI192505122,schuj101,PHI,2,9,value,6,2,0,0,0,0,,,,,0,19250512,2,PHI09,h,PIT,0,1,0,regular,y,y,
PHI192505190,schuj101,PHI,1,9,value,9,3,0,1,0,0,,,,,0,19250519,0,PHI09,h,SLN,1,0,0,regular,y,y,
PHI192505210,schuj101,PHI,1,9,value,18,2,0,0,0,0,,,,,1,19250521,0,PHI09,h,CIN,1,0,0,regular,y,y,
PHI192505220,schuj101,PHI,1,9,value,6,0,0,0,0,0,,,,,0,19250522,0,PHI09,h,CIN,0,1,0,regular,y,y,
PHI192505230,schuj101,PHI,1,9,value,27,2,0,0,0,0,,,,,1,19250523,0,PHI09,h,CIN,0,1,0,regular,y,y,
PHI192505261,schuj101,PHI,1,7,value,3,0,0,0,0,0,,,,,0,19250526,1,PHI09,h,BRO,0,1,0,regular,y,y,
PHI192505262,schuj101,PHI,1,9,value,24,1,0,0,0,0,,,,,1,19250526,2,PHI09,h,BRO,0,1,0,regular,y,y,
PHI192505262,schuj101,PHI,2,7,value,3,0,0,0,0,0,,,,,0,19250526,2,PHI09,h,BRO,0,1,0,regular,y,y,
NY1192505302,schuj101,PHI,1,9,value,24,2,0,0,0,0,,,,,1,19250530,2,NYC14,v,NY1,0,1,0,regular,y,y,
PHI192506010,schuj101,PHI,1,9,value,24,0,0,1,0,0,,,,,1,19250601,0,PHI09,h,BSN,1,0,0,regular,y,y,
PHI192506030,schuj101,PHI,1,9,value,21,0,0,0,0,0,,,,,1,19250603,0,PHI09,h,BSN,1,0,0,regular,y,y,
PIT192506060,schuj101,PHI,1,9,value,24,2,0,0,0,0,,,,,1,19250606,0,PIT06,v,PIT,0,1,0,regular,y,y,
CIN192506080,schuj101,PHI,1,9,value,24,5,0,0,0,0,,,,,1,19250608,0,CIN07,v,CIN,0,1,0,regular,y,y,
CIN192506100,schuj101,PHI,1,9,value,24,4,0,0,0,0,,,,,1,19250610,0,CIN07,v,CIN,0,1,0,regular,y,y,
SLN192506140,schuj101,PHI,1,9,value,3,0,0,0,0,0,,,,,0,19250614,0,STL07,v,SLN,0,1,0,regular,y,y,
CIN192506280,schuj101,CIN,1,9,value,18,1,0,0,0,0,,,,,1,19250628,0,CIN07,h,PIT,0,1,0,regular,y,y,
BSN192507111,schuj101,CIN,1,9,value,3,1,0,0,0,0,,,,,1,19250711,1,BOS08,v,BSN,1,0,0,regular,y,d,
CIN192508060,schuj101,CIN,1,9,value,6,0,0,0,0,0,,,,,1,19250806,0,CIN07,h,NY1,1,0,0,regular,y,y,
CIN192508090,schuj101,CIN,1,9,value,27,1,0,0,0,0,,,,,1,19250809,0,CIN07,h,NY1,0,1,0,regular,y,y,
PHI192508200,schuj101,CIN,1,9,value,9,0,0,0,0,0,,,,,1,19250820,0,PHI09,v,PHI,1,0,0,regular,y,y,
BSN192508222,schuj101,CIN,1,9,value,15,2,0,0,0,0,,,,,1,19250822,2,BOS08,v,BSN,1,0,0,regular,y,d,
BSN192508222,schuj101,CIN,2,7,value,12,0,0,0,0,0,,,,,0,19250822,2,BOS08,v,BSN,1,0,0,regular,y,d,
BRO192508280,schuj101,CIN,1,7,value,6,1,0,0,0,0,,,,,0,19250828,0,NYC15,v,BRO,1,0,0,regular,y,y,
BRO192508302,schuj101,CIN,1,4,value,3,0,0,0,0,0,,,,,0,19250830,2,NYC15,v,BRO,0,1,0,regular,y,y,
CHN192509031,schuj101,CIN,1,9,value,27,2,0,0,0,0,,,,,1,19250903,1,CHI11,v,CHN,0,1,0,regular,y,y,
CHN192509031,schuj101,CIN,2,7,value,3,0,0,0,0,0,,,,,0,19250903,1,CHI11,v,CHN,0,1,0,regular,y,y,
SLN192509071,schuj101,CIN,1,9,value,12,2,0,0,0,0,,,,,0,19250907,1,STL07,v,SLN,1,0,0,regular,y,d,
SLN192509072,schuj101,CIN,1,9,value,24,2,0,0,0,0,,,,,1,19250907,2,STL07,v,SLN,0,1,0,regular,y,y,
SLN192509080,schuj101,CIN,1,9,value,27,1,1,0,0,0,,,,,1,19250908,0,STL07,v,SLN,1,0,0,regular,y,y,
CIN192509160,schuj101,CIN,1,9,value,27,2,0,0,0,0,,,,,1,19250916,0,CIN07,h,NY1,0,1,0,regular,y,y,
CIN192509250,schuj101,CIN,1,9,value,9,1,0,0,0,0,,,,,0,19250925,0,CIN07,h,BRO,1,0,0,regular,y,y,
CIN192510041,schuj101,CIN,1,7,value,27,1,1,0,0,0,,,,,1,19251004,1,CIN07,h,PIT,0,1,0,regular,y,y,
CIN192510042,schuj101,CIN,1,7,value,27,0,0,1,0,0,,,,,1,19251004,2,CIN07,h,PIT,1,0,0,regular,y,y,
