gid,id,team,b_lp,b_seq,stattype,b_pa,b_ab,b_r,b_h,b_d,b_t,b_hr,b_rbi,b_sh,b_sf,b_hbp,b_w,b_iw,b_k,b_sb,b_cs,b_gdp,b_xi,b_roe,dh,ph,pr,date,number,site,vishome,opp,win,loss,tie,gametype,box,pbp,eject
WEG193608022,everj103,NW2,9,3,value,1,1,0,0,0,0,0,,0,,0,0,,,,,,,,,,,19360802,2,WAS09,v,WEG,0,1,0,regular,y,,
NY6193608240,everj103,NW2,9,2,value,1,1,0,0,0,0,0,0,0,0,0,0,0,,0,0,0,0,0,,,,19360824,0,HAR02,v,NY6,0,1,0,exhibition,y,d,
PH5194006152,everj103,NW2,9,1,value,3,3,0,0,0,0,0,0,0,,0,0,0,,0,,,0,,,,,19400615,2,PHI17,v,PH5,0,1,0,regular,y,,
NW2194006231,everj103,NW2,9,2,value,0,0,0,0,0,0,0,,0,,0,0,0,,0,,,0,,,,,19400623,1,NWK04,h,NY6,0,1,0,regular,y,,
PH5194306240,everj103,NY5,4,1,value,4,4,0,0,0,0,0,,0,,0,0,0,,0,,,0,,,,,19430624,0,PHI17,v,PH5,0,1,0,regular,y,,
NY6194306271,everj103,NY5,9,3,value,1,1,0,0,0,0,0,,0,,0,0,0,,0,,,0,,,,,19430627,1,NYC16,v,NY6,0,1,0,regular,y,,
NY5194308150,everj103,NY5,5,1,value,4,4,0,1,0,0,0,2,0,,0,0,0,,0,,,0,,,,,19430815,0,NYC16,h,HSL,1,0,0,regular,y,,
NY5194308221,everj103,NY5,5,1,value,3,3,1,1,0,1,0,0,0,,0,0,0,0,0,,,0,,,,,19430822,1,NYC16,h,BIR,0,1,0,exhibition,y,,
