gid,id,team,d_seq,d_pos,stattype,d_ifouts,d_po,d_a,d_e,d_dp,d_tp,d_pb,d_wp,d_sb,d_cs,d_gs,date,number,site,vishome,opp,win,loss,tie,gametype,box,pbp
HOM194005020,bowel102,CAG,1,1,value,,,,0,,0,0,,,,,19400502,0,ELD01,v,HOM,1,0,0,exhibition,,
HOM194005020,dawsj102,CAG,1,2,value,30,,,0,,0,1,,,,1,19400502,0,ELD01,v,HOM,1,0,0,exhibition,,
HOM194005020,hudsf101,CAG,1,1,value,,,,0,,0,0,,,,1,19400502,0,ELD01,v,HOM,1,0,0,exhibition,,
HOM194005020,bassl101,HOM,1,2,value,30,,,0,,0,,,,,1,19400502,0,ELD01,h,CAG,0,1,0,exhibition,,
HOM194005020,ferrw102,HOM,1,1,value,,,,0,,0,0,,,,,19400502,0,ELD01,h,CAG,0,1,0,exhibition,,
HOM194005020,hamij104,HOM,1,1,value,,,,0,,0,0,,,,1,19400502,0,ELD01,h,CAG,0,1,0,exhibition,,
HOM194005020,stevw101,HOM,1,1,value,,,,0,,0,0,,,,,19400502,0,ELD01,h,CAG,0,1,0,exhibition,,
