gid,id,team,d_seq,d_pos,stattype,d_ifouts,d_po,d_a,d_e,d_dp,d_tp,d_pb,d_wp,d_sb,d_cs,d_gs,date,number,site,vishome,opp,win,loss,tie,gametype,box,pbp,eject
IN4192105090,ewinb103,CB1,1,2,value,7,1,0,0,0,0,0,,,,1,19210509,0,IND11,v,IN4,0,1,0,regular,y,,
IN4192105090,ewinb103,CB1,2,1,value,17,0,2,0,0,0,,,,,1,19210509,0,IND11,v,IN4,0,1,0,regular,y,,
HOM192810070,ewinb103,HOM,1,2,value,27,4,0,0,0,0,0,,,,1,19281007,0,SHA01,h,ALN,1,0,0,exhibition,y,,
HOM192810080,ewinb103,HOM,1,2,value,27,0,2,0,0,0,0,,,,1,19281008,0,FMT01,h,ALN,1,0,0,exhibition,y,,
HOM192810100,ewinb103,HOM,1,2,value,27,9,0,0,0,0,0,,,,1,19281010,0,PIT06,h,ALN,1,0,0,exhibition,y,,
HOM192810110,ewinb103,HOM,1,2,value,27,4,0,0,0,0,0,,,,1,19281011,0,BUT01,h,ALN,1,0,0,exhibition,y,,
HOM192810120,ewinb103,HOM,1,2,value,27,6,1,0,0,0,0,,,,1,19281012,0,PIT06,h,ALN,0,1,0,exhibition,y,,
SSN193004190,ewinb103,HOM,1,2,value,27,,,0,0,0,0,,,,1,19300419,0,STL12,v,SSN,1,0,0,exhibition,y,,
SSN193004210,ewinb103,HOM,1,2,value,27,10,2,0,0,0,0,,,,1,19300421,0,STL12,v,SSN,1,0,0,exhibition,y,,
HOM193007180,ewinb103,HOM,1,2,value,36,10,3,0,0,0,0,,,,1,19300718,0,PIT06,h,KCM,1,0,0,exhibition,y,,
HOM193007191,ewinb103,HOM,1,2,value,27,4,1,0,0,0,0,,,,1,19300719,1,PIT06,h,KCM,1,0,0,exhibition,y,,
HOM193007192,ewinb103,HOM,1,2,value,27,8,1,0,0,0,0,,,,1,19300719,2,PIT06,h,KCM,0,1,0,exhibition,y,,
HOM193008210,ewinb103,HOM,1,2,value,27,10,0,0,0,0,0,,,,1,19300821,0,AKR01,h,DT1,1,0,0,championship,y,,
DT1193008270,ewinb103,HOM,1,2,value,24,4,2,0,0,0,0,,,,1,19300827,0,DET06,v,DT1,0,1,0,championship,y,,
DT1193008280,ewinb103,HOM,1,2,value,,2,0,0,0,0,0,,,,,19300828,0,DET06,v,DT1,1,0,0,championship,y,,
SSN193008300,ewinb103,HOM,1,2,value,27,1,0,0,0,0,0,,,,1,19300830,0,STL12,v,SSN,1,0,0,championship,y,,
SSN193008310,ewinb103,HOM,1,2,value,24,1,1,0,0,0,0,,,,1,19300831,0,STL12,v,SSN,0,1,0,championship,y,,
