gid,id,team,d_seq,d_pos,stattype,d_ifouts,d_po,d_a,d_e,d_dp,d_tp,d_pb,d_wp,d_sb,d_cs,d_gs,date,number,site,vishome,opp,win,loss,tie,gametype,box,pbp,eject
BSN192904180,fredj101,BRO,1,8,value,24,6,0,0,0,0,,,,,1,19290418,0,BOS08,v,BSN,0,1,0,regular,y,y,
BSN192904191,fredj101,BRO,1,8,value,25,5,0,0,0,0,,,,,1,19290419,1,BOS08,v,BSN,0,1,0,regular,y,y,
BSN192904192,fredj101,BRO,1,8,value,24,0,0,0,0,0,,,,,1,19290419,2,BOS08,v,BSN,0,1,0,regular,y,y,
PHI192904200,fredj101,BRO,1,8,value,24,4,0,0,0,0,,,,,1,19290420,0,PHI09,v,PHI,0,1,0,regular,y,y,
BRO192904210,fredj101,BRO,1,8,value,21,3,0,0,0,0,,,,,1,19290421,0,NYC15,h,PHI,0,1,0,regular,y,y,
BRO192904230,fredj101,BRO,1,8,value,33,2,0,0,0,0,,,,,1,19290423,0,NYC15,h,BSN,1,0,0,regular,y,y,
BRO192904240,fredj101,BRO,1,8,value,27,3,0,0,0,0,,,,,1,19290424,0,NYC15,h,BSN,1,0,0,regular,y,y,
BRO192904260,fredj101,BRO,1,8,value,27,4,0,0,0,0,,,,,1,19290426,0,NYC15,h,PHI,1,0,0,regular,y,y,
BRO192904270,fredj101,BRO,1,8,value,27,5,0,1,0,0,,,,,1,19290427,0,NYC15,h,PHI,0,1,0,regular,y,y,
BRO192904300,fredj101,BRO,1,8,value,12,0,0,0,0,0,,,,,0,19290430,0,NYC15,h,NY1,1,0,0,regular,y,y,
BRO192905040,fredj101,BRO,1,8,value,27,3,0,0,0,0,,,,,1,19290504,0,NYC15,h,CIN,0,1,0,regular,y,y,
BRO192905050,fredj101,BRO,1,8,value,27,2,0,0,0,0,,,,,1,19290505,0,NYC15,h,CIN,1,0,0,regular,y,y,
BRO192905100,fredj101,BRO,1,8,value,27,1,1,0,0,0,,,,,1,19290510,0,NYC15,h,SLN,0,1,0,regular,y,y,
BRO192905110,fredj101,BRO,1,8,value,27,3,0,0,0,0,,,,,1,19290511,0,NYC15,h,SLN,0,1,0,regular,y,y,
PHI192905170,fredj101,BRO,1,8,value,27,2,0,0,0,0,,,,,1,19290517,0,PHI09,v,PHI,1,0,0,regular,y,y,
PHI192905181,fredj101,BRO,1,8,value,27,2,0,0,0,0,,,,,1,19290518,1,PHI09,v,PHI,1,0,0,regular,y,y,
PHI192905182,fredj101,BRO,1,8,value,24,4,0,1,0,0,,,,,1,19290518,2,PHI09,v,PHI,0,1,0,regular,y,y,
BRO192905200,fredj101,BRO,1,8,value,27,6,0,0,0,0,,,,,1,19290520,0,NYC15,h,NY1,1,0,0,regular,y,y,
BRO192905221,fredj101,BRO,1,8,value,27,5,0,0,0,0,,,,,1,19290522,1,NYC15,h,NY1,1,0,0,regular,y,y,
BRO192905222,fredj101,BRO,1,8,value,30,3,0,0,0,0,,,,,1,19290522,2,NYC15,h,NY1,0,1,0,regular,y,y,
BRO192905240,fredj101,BRO,1,8,value,27,7,0,0,0,0,,,,,1,19290524,0,NYC15,h,PHI,1,0,0,regular,y,y,
BRO192905250,fredj101,BRO,1,8,value,27,1,0,0,0,0,,,,,1,19290525,0,NYC15,h,PHI,1,0,0,regular,y,y,
BRO192905260,fredj101,BRO,1,8,value,27,3,0,0,0,0,,,,,1,19290526,0,NYC15,h,PHI,1,0,0,regular,y,y,
NY1192905280,fredj101,BRO,1,8,value,24,3,0,0,0,0,,,,,1,19290528,0,NYC14,v,NY1,0,1,0,regular,y,y,
NY1192905290,fredj101,BRO,1,8,value,27,2,0,0,0,0,,,,,1,19290529,0,NYC14,v,NY1,1,0,0,regular,y,y,
NY1192905301,fredj101,BRO,1,8,value,25,2,0,0,0,0,,,,,1,19290530,1,NYC14,v,NY1,0,1,0,regular,y,y,
NY1192905302,fredj101,BRO,1,8,value,24,3,0,0,0,0,,,,,1,19290530,2,NYC14,v,NY1,0,1,0,regular,y,y,
SLN192906030,fredj101,BRO,1,8,value,24,1,1,0,0,0,,,,,1,19290603,0,STL07,v,SLN,0,1,0,regular,y,y,
SLN192906041,fredj101,BRO,1,8,value,24,2,0,0,0,0,,,,,1,19290604,1,STL07,v,SLN,0,1,0,regular,y,y,
SLN192906042,fredj101,BRO,1,8,value,27,3,0,0,0,0,,,,,1,19290604,2,STL07,v,SLN,1,0,0,regular,y,y,
CHN192906050,fredj101,BRO,1,8,value,25,2,0,0,0,0,,,,,1,19290605,0,CHI11,v,CHN,0,1,0,regular,y,y,
CHN192906060,fredj101,BRO,1,8,value,24,6,0,0,0,0,,,,,1,19290606,0,CHI11,v,CHN,0,1,0,regular,y,y,
CHN192906070,fredj101,BRO,1,8,value,24,4,0,0,0,0,,,,,1,19290607,0,CHI11,v,CHN,0,1,0,regular,y,y,
PIT192906080,fredj101,BRO,1,8,value,24,3,0,0,0,0,,,,,1,19290608,0,PIT06,v,PIT,0,1,0,regular,y,y,
BRO192906090,fredj101,BRO,1,8,value,27,2,0,0,0,0,,,,,1,19290609,0,NYC15,h,PIT,1,0,0,regular,y,y,
PIT192906100,fredj101,BRO,1,8,value,27,4,0,0,0,0,,,,,1,19290610,0,PIT06,v,PIT,1,0,0,regular,y,y,
PIT192906110,fredj101,BRO,1,8,value,26,0,0,0,0,0,,,,,1,19290611,0,PIT06,v,PIT,0,1,0,regular,y,y,
CIN192906130,fredj101,BRO,1,8,value,27,4,0,0,0,0,,,,,1,19290613,0,CIN07,v,CIN,1,0,0,regular,y,y,
CIN192906140,fredj101,BRO,1,8,value,33,2,0,0,0,0,,,,,1,19290614,0,CIN07,v,CIN,1,0,0,regular,y,y,
CIN192906150,fredj101,BRO,1,8,value,27,5,0,0,0,0,,,,,1,19290615,0,CIN07,v,CIN,1,0,0,regular,y,y,
BRO192906160,fredj101,BRO,1,8,value,27,1,0,0,0,0,,,,,1,19290616,0,NYC15,h,NY1,0,1,0,regular,y,y,
BRO192906181,fredj101,BRO,1,8,value,27,5,1,1,0,0,,,,,1,19290618,1,NYC15,h,NY1,1,0,0,regular,y,y,
BRO192906182,fredj101,BRO,1,8,value,27,4,1,0,0,0,,,,,1,19290618,2,NYC15,h,NY1,1,0,0,regular,y,y,
BSN192906191,fredj101,BRO,1,8,value,24,3,0,0,0,0,,,,,1,19290619,1,BOS08,v,BSN,0,1,0,regular,y,y,
BSN192906192,fredj101,BRO,1,8,value,24,4,0,1,0,0,,,,,1,19290619,2,BOS08,v,BSN,0,1,0,regular,y,y,
BSN192906200,fredj101,BRO,1,8,value,24,3,0,0,0,0,,,,,1,19290620,0,BOS08,v,BSN,0,1,0,regular,y,y,
BSN192906210,fredj101,BRO,1,8,value,45,2,0,0,0,0,,,,,1,19290621,0,BOS08,v,BSN,1,0,0,regular,y,y,
BSN192906221,fredj101,BRO,1,8,value,27,4,0,0,0,0,,,,,1,19290622,1,BOS08,v,BSN,1,0,0,regular,y,y,
BSN192906222,fredj101,BRO,1,8,value,24,5,0,0,0,0,,,,,1,19290622,2,BOS08,v,BSN,0,1,0,regular,y,y,
BRO192906230,fredj101,BRO,1,8,value,42,6,0,1,0,0,,,,,1,19290623,0,NYC15,h,NY1,1,0,0,regular,y,y,
NY1192906240,fredj101,BRO,1,8,value,27,4,0,0,0,0,,,,,1,19290624,0,NYC14,v,NY1,1,0,0,regular,y,y,
NY1192906250,fredj101,BRO,1,8,value,30,4,1,0,0,0,,,,,1,19290625,0,NYC14,v,NY1,1,0,0,regular,y,y,
NY1192906260,fredj101,BRO,1,8,value,32,4,0,0,0,0,,,,,1,19290626,0,NYC14,v,NY1,0,1,0,regular,y,y,
BRO192906270,fredj101,BRO,1,8,value,27,2,0,0,0,0,,,,,1,19290627,0,NYC15,h,BSN,1,0,0,regular,y,y,
BRO192906291,fredj101,BRO,1,8,value,27,3,0,0,0,0,,,,,1,19290629,1,NYC15,h,BSN,1,0,0,regular,y,y,
BRO192906292,fredj101,BRO,1,8,value,27,4,0,1,0,0,,,,,1,19290629,2,NYC15,h,BSN,1,0,0,regular,y,y,
BRO192906301,fredj101,BRO,1,8,value,27,1,0,0,0,0,,,,,1,19290630,1,NYC15,h,BSN,1,0,0,regular,y,y,
BRO192906302,fredj101,BRO,1,8,value,24,2,0,0,0,0,,,,,1,19290630,2,NYC15,h,BSN,0,1,0,regular,y,y,
BRO192907041,fredj101,BRO,1,8,value,27,5,0,1,0,0,,,,,1,19290704,1,NYC15,h,PHI,0,1,0,regular,y,y,
BRO192907042,fredj101,BRO,1,8,value,27,4,0,0,0,0,,,,,1,19290704,2,NYC15,h,PHI,1,0,0,regular,y,y,
NY1192907060,fredj101,BRO,1,8,value,27,3,0,0,0,0,,,,,1,19290706,0,NYC14,v,NY1,1,0,0,regular,y,y,
BRO192907070,fredj101,BRO,1,8,value,27,5,0,0,0,0,,,,,1,19290707,0,NYC15,h,PIT,0,1,0,regular,y,y,
BRO192907080,fredj101,BRO,1,8,value,27,1,0,0,0,0,,,,,1,19290708,0,NYC15,h,PIT,0,1,0,regular,y,y,
BRO192907090,fredj101,BRO,1,8,value,27,4,1,0,1,0,,,,,1,19290709,0,NYC15,h,PIT,0,1,0,regular,y,y,
BRO192907090,fredj101,BRO,1,8,official,,,,0,0,,,,,,1,19290709,0,NYC15,h,PIT,0,1,0,regular,y,y,
BRO192907100,fredj101,BRO,1,8,value,27,3,0,0,0,0,,,,,1,19290710,0,NYC15,h,SLN,1,0,0,regular,y,y,
BRO192907110,fredj101,BRO,1,8,value,27,3,0,1,0,0,,,,,1,19290711,0,NYC15,h,SLN,0,1,0,regular,y,y,
BRO192907120,fredj101,BRO,1,8,value,27,4,0,1,0,0,,,,,1,19290712,0,NYC15,h,SLN,1,0,0,regular,y,y,
BRO192907130,fredj101,BRO,1,8,value,27,3,0,0,0,0,,,,,1,19290713,0,NYC15,h,SLN,1,0,0,regular,y,y,
BRO192907140,fredj101,BRO,1,8,value,27,2,0,0,0,0,,,,,1,19290714,0,NYC15,h,CIN,0,1,0,regular,y,y,
BRO192907150,fredj101,BRO,1,8,value,27,5,0,0,0,0,,,,,1,19290715,0,NYC15,h,CIN,1,0,0,regular,y,y,
BRO192907161,fredj101,BRO,1,8,value,27,2,0,0,0,0,,,,,1,19290716,1,NYC15,h,CIN,0,1,0,regular,y,y,
BRO192907162,fredj101,BRO,1,8,value,27,4,0,0,0,0,,,,,1,19290716,2,NYC15,h,CIN,0,1,0,regular,y,y,
BRO192907170,fredj101,BRO,1,8,value,27,2,0,0,0,0,,,,,1,19290717,0,NYC15,h,CIN,1,0,0,regular,y,y,
BRO192907180,fredj101,BRO,1,8,value,27,3,0,0,0,0,,,,,1,19290718,0,NYC15,h,CHN,0,1,0,regular,y,y,
BRO192907201,fredj101,BRO,1,8,value,30,6,1,0,0,0,,,,,1,19290720,1,NYC15,h,CHN,0,1,0,regular,y,y,
BRO192907202,fredj101,BRO,1,8,value,27,4,0,0,0,0,,,,,1,19290720,2,NYC15,h,CHN,0,1,0,regular,y,y,
BRO192907210,fredj101,BRO,1,8,value,27,2,0,0,0,0,,,,,1,19290721,0,NYC15,h,CHN,1,0,0,regular,y,y,
PIT192907220,fredj101,BRO,1,8,value,24,2,0,0,0,0,,,,,1,19290722,0,PIT06,v,PIT,0,1,0,regular,y,y,
PIT192907230,fredj101,BRO,1,8,value,27,2,0,0,0,0,,,,,1,19290723,0,PIT06,v,PIT,1,0,0,regular,y,y,
PIT192907240,fredj101,BRO,1,8,value,27,3,0,0,0,0,,,,,1,19290724,0,PIT06,v,PIT,1,0,0,regular,y,y,
CIN192907260,fredj101,BRO,1,8,value,24,5,0,0,0,0,,,,,1,19290726,0,CIN07,v,CIN,0,1,0,regular,y,y,
CIN192907270,fredj101,BRO,1,8,value,24,2,0,0,0,0,,,,,1,19290727,0,CIN07,v,CIN,0,1,0,regular,y,y,
CIN192907281,fredj101,BRO,1,8,value,24,1,0,0,0,0,,,,,1,19290728,1,CIN07,v,CIN,0,1,0,regular,y,y,
CIN192907282,fredj101,BRO,1,8,value,24,2,0,0,0,0,,,,,1,19290728,2,CIN07,v,CIN,0,1,0,regular,y,y,
CIN192907290,fredj101,BRO,1,8,value,27,6,0,0,0,0,,,,,1,19290729,0,CIN07,v,CIN,1,0,0,regular,y,y,
SLN192907300,fredj101,BRO,1,8,value,32,3,1,0,0,0,,,,,1,19290730,0,STL07,v,SLN,0,1,0,regular,y,y,
SLN192907311,fredj101,BRO,1,8,value,24,3,0,0,0,0,,,,,1,19290731,1,STL07,v,SLN,0,1,0,regular,y,y,
SLN192907312,fredj101,BRO,1,8,value,27,2,0,0,0,0,,,,,1,19290731,2,STL07,v,SLN,1,0,0,regular,y,y,
SLN192908010,fredj101,BRO,1,8,value,24,5,0,0,0,0,,,,,1,19290801,0,STL07,v,SLN,0,1,0,regular,y,y,
SLN192908020,fredj101,BRO,1,8,value,24,3,1,0,0,0,,,,,1,19290802,0,STL07,v,SLN,0,1,0,regular,y,y,
CHN192908030,fredj101,BRO,1,8,value,24,3,0,0,0,0,,,,,1,19290803,0,CHI11,v,CHN,0,1,0,regular,y,y,
CHN192908040,fredj101,BRO,1,8,value,24,0,1,0,0,0,,,,,1,19290804,0,CHI11,v,CHN,0,1,0,regular,y,y,
CHN192908050,fredj101,BRO,1,8,value,46,3,0,0,0,0,,,,,1,19290805,0,CHI11,v,CHN,0,1,0,regular,y,y,
CHN192908060,fredj101,BRO,1,8,value,27,1,0,0,0,0,,,,,1,19290806,0,CHI11,v,CHN,1,0,0,regular,y,y,
BRO192908101,fredj101,BRO,1,8,value,27,0,0,0,0,0,,,,,1,19290810,1,NYC15,h,PIT,0,1,0,regular,y,y,
BRO192908102,fredj101,BRO,1,8,value,27,2,0,0,0,0,,,,,1,19290810,2,NYC15,h,PIT,1,0,0,regular,y,y,
BRO192908110,fredj101,BRO,1,8,value,27,2,0,0,0,0,,,,,1,19290811,0,NYC15,h,PIT,1,0,0,regular,y,y,
BRO192908120,fredj101,BRO,1,8,value,30,3,0,0,0,0,,,,,1,19290812,0,NYC15,h,PIT,1,0,0,regular,y,y,
BRO192908151,fredj101,BRO,1,8,value,27,1,0,0,0,0,,,,,1,19290815,1,NYC15,h,CHN,0,1,0,regular,y,y,
BRO192908152,fredj101,BRO,1,8,value,27,4,0,0,0,0,,,,,1,19290815,2,NYC15,h,CHN,1,0,0,regular,y,y,
BRO192908160,fredj101,BRO,1,8,value,27,2,0,0,0,0,,,,,1,19290816,0,NYC15,h,CHN,1,0,0,regular,y,y,
BRO192908170,fredj101,BRO,1,8,value,27,1,0,0,0,0,,,,,1,19290817,0,NYC15,h,CHN,0,1,0,regular,y,y,
BRO192908180,fredj101,BRO,1,8,value,27,3,0,0,0,0,,,,,1,19290818,0,NYC15,h,SLN,1,0,0,regular,y,y,
BRO192908201,fredj101,BRO,1,8,value,27,1,0,0,0,0,,,,,1,19290820,1,NYC15,h,SLN,0,1,0,regular,y,y,
BRO192908202,fredj101,BRO,1,8,value,27,1,0,0,0,0,,,,,1,19290820,2,NYC15,h,SLN,1,0,0,regular,y,y,
BRO192908210,fredj101,BRO,1,8,value,27,3,0,0,0,0,,,,,1,19290821,0,NYC15,h,SLN,1,0,0,regular,y,y,
BRO192908220,fredj101,BRO,1,8,value,27,2,0,0,0,0,,,,,1,19290822,0,NYC15,h,CIN,1,0,0,regular,y,y,
BRO192908241,fredj101,BRO,1,8,value,27,6,0,0,0,0,,,,,1,19290824,1,NYC15,h,CIN,0,1,0,regular,y,y,
BRO192908242,fredj101,BRO,1,8,value,27,6,0,0,0,0,,,,,1,19290824,2,NYC15,h,CIN,1,0,0,regular,y,y,
BRO192908250,fredj101,BRO,1,8,value,27,2,1,1,1,0,,,,,1,19290825,0,NYC15,h,PHI,0,1,0,regular,y,y,
BRO192908290,fredj101,BRO,1,8,value,27,1,0,0,0,0,,,,,1,19290829,0,NYC15,h,NY1,0,1,0,regular,y,y,
BRO192908300,fredj101,BRO,1,8,value,30,2,0,0,0,0,,,,,1,19290830,0,NYC15,h,NY1,1,0,0,regular,y,y,
BRO192908310,fredj101,BRO,1,8,value,27,4,0,0,0,0,,,,,1,19290831,0,NYC15,h,NY1,1,0,0,regular,y,y,
BRO192909011,fredj101,BRO,1,8,value,27,3,0,0,0,0,,,,,1,19290901,1,NYC15,h,PHI,0,1,0,regular,y,y,
BRO192909012,fredj101,BRO,1,8,value,21,3,0,0,0,0,,,,,1,19290901,2,NYC15,h,PHI,0,1,0,regular,y,y,
BRO192909021,fredj101,BRO,1,8,value,27,0,0,0,0,0,,,,,1,19290902,1,NYC15,h,BSN,1,0,0,regular,y,y,
BRO192909022,fredj101,BRO,1,8,value,27,1,0,0,0,0,,,,,1,19290902,2,NYC15,h,BSN,1,0,0,regular,y,y,
PHI192909041,fredj101,BRO,1,8,value,27,3,0,0,0,0,,,,,1,19290904,1,PHI09,v,PHI,1,0,0,regular,y,y,
PHI192909042,fredj101,BRO,1,8,value,30,3,0,0,0,0,,,,,1,19290904,2,PHI09,v,PHI,1,0,0,regular,y,y,
PIT192909061,fredj101,BRO,1,8,value,27,2,0,0,0,0,,,,,1,19290906,1,PIT06,v,PIT,1,0,0,regular,y,y,
PIT192909062,fredj101,BRO,1,8,value,24,1,0,0,0,0,,,,,1,19290906,2,PIT06,v,PIT,0,1,0,regular,y,y,
PIT192909070,fredj101,BRO,1,8,value,24,3,0,0,0,0,,,,,1,19290907,0,PIT06,v,PIT,0,1,0,regular,y,y,
BRO192909080,fredj101,BRO,1,8,value,27,3,1,0,0,0,,,,,1,19290908,0,NYC15,h,PIT,1,0,0,regular,y,y,
PIT192909090,fredj101,BRO,1,8,value,24,4,0,0,0,0,,,,,1,19290909,0,PIT06,v,PIT,0,1,0,regular,y,y,
PIT192909100,fredj101,BRO,1,8,value,25,4,0,0,0,0,,,,,1,19290910,0,PIT06,v,PIT,0,1,0,regular,y,y,
CIN192909110,fredj101,BRO,1,8,value,24,1,0,0,0,0,,,,,1,19290911,0,CIN07,v,CIN,0,1,0,regular,y,y,
CIN192909120,fredj101,BRO,1,8,value,24,5,1,1,0,0,,,,,1,19290912,0,CIN07,v,CIN,0,1,0,regular,y,y,
CIN192909130,fredj101,BRO,1,8,value,27,4,0,0,0,0,,,,,1,19290913,0,CIN07,v,CIN,1,0,0,regular,y,y,
CHN192909140,fredj101,BRO,1,8,value,24,1,0,0,0,0,,,,,1,19290914,0,CHI11,v,CHN,0,1,0,regular,y,y,
CHN192909150,fredj101,BRO,1,8,value,24,0,0,0,0,0,,,,,1,19290915,0,CHI11,v,CHN,0,1,0,regular,y,y,
CHN192909171,fredj101,BRO,1,8,value,27,2,0,0,0,0,,,,,1,19290917,1,CHI11,v,CHN,1,0,0,regular,y,y,
CHN192909172,fredj101,BRO,1,8,value,27,2,0,0,0,0,,,,,1,19290917,2,CHI11,v,CHN,1,0,0,regular,y,y,
SLN192909210,fredj101,BRO,1,8,value,27,3,0,0,0,0,,,,,1,19290921,0,STL07,v,SLN,1,0,0,regular,y,y,
SLN192909221,fredj101,BRO,1,8,value,27,3,0,0,0,0,,,,,1,19290922,1,STL07,v,SLN,1,0,0,regular,y,d,
SLN192909222,fredj101,BRO,1,8,value,24,2,0,0,0,0,,,,,1,19290922,2,STL07,v,SLN,0,1,0,regular,y,d,
PHI192909240,fredj101,BRO,1,8,value,24,3,0,0,0,0,,,,,1,19290924,0,PHI09,v,PHI,0,1,0,regular,y,y,
PHI192909251,fredj101,BRO,1,8,value,25,4,0,0,0,0,,,,,1,19290925,1,PHI09,v,PHI,0,1,0,regular,y,y,
PHI192909252,fredj101,BRO,1,8,value,24,3,0,0,0,0,,,,,1,19290925,2,PHI09,v,PHI,0,1,0,regular,y,y,
PHI192909260,fredj101,BRO,1,8,value,24,1,0,0,0,0,,,,,1,19290926,0,PHI09,v,PHI,0,1,0,regular,y,y,
NY1192909281,fredj101,BRO,1,8,value,27,2,0,0,0,0,,,,,1,19290928,1,NYC14,v,NY1,1,0,0,regular,y,y,
NY1192909282,fredj101,BRO,1,8,value,27,2,0,0,0,0,,,,,1,19290928,2,NYC14,v,NY1,1,0,0,regular,y,y,
BRO192909290,fredj101,BRO,1,8,value,27,3,0,0,0,0,,,,,1,19290929,0,NYC15,h,BSN,1,0,0,regular,y,y,
BSN192910051,fredj101,BRO,1,8,value,24,2,0,0,0,0,,,,,1,19291005,1,BOS08,v,BSN,0,1,0,regular,y,y,
BRO193004150,fredj101,BRO,1,8,value,27,4,1,0,1,0,,,,,1,19300415,0,NYC15,h,PHI,0,1,0,regular,y,y,
BRO193004190,fredj101,BRO,1,8,value,27,3,0,0,0,0,,,,,1,19300419,0,NYC15,h,BSN,0,1,0,regular,y,y,
BRO193004200,fredj101,BRO,1,8,value,27,3,0,0,0,0,,,,,1,19300420,0,NYC15,h,BSN,0,1,0,regular,y,y,
BRO193004210,fredj101,BRO,1,8,value,27,2,0,0,0,0,,,,,1,19300421,0,NYC15,h,BSN,1,0,0,regular,y,y,
PHI193004220,fredj101,BRO,1,8,value,25,4,0,0,0,0,,,,,1,19300422,0,PHI09,v,PHI,0,1,0,regular,y,y,
PHI193004230,fredj101,BRO,1,8,value,26,4,0,0,0,0,,,,,1,19300423,0,PHI09,v,PHI,0,1,0,regular,y,y,
BSN193004250,fredj101,BRO,1,8,value,27,5,0,0,0,0,,,,,1,19300425,0,BOS08,v,BSN,1,0,0,regular,y,y,
BSN193004260,fredj101,BRO,1,8,value,24,1,0,0,0,0,,,,,1,19300426,0,BOS08,v,BSN,0,1,0,regular,y,y,
BRO193004270,fredj101,BRO,1,8,value,27,1,0,0,0,0,,,,,1,19300427,0,NYC15,h,NY1,0,1,0,regular,y,y,
NY1193004280,fredj101,BRO,1,8,value,27,1,0,0,0,0,,,,,1,19300428,0,NYC14,v,NY1,1,0,0,regular,y,y,
NY1193004290,fredj101,BRO,1,8,value,27,1,0,0,0,0,,,,,1,19300429,0,NYC14,v,NY1,1,0,0,regular,y,y,
NY1193004300,fredj101,BRO,1,8,value,27,3,0,0,0,0,,,,,1,19300430,0,NYC14,v,NY1,1,0,0,regular,y,y,
SLN193005020,fredj101,BRO,1,8,value,27,4,0,0,0,0,,,,,1,19300502,0,STL07,v,SLN,1,0,0,regular,y,y,
SLN193005030,fredj101,BRO,1,8,value,30,3,0,0,0,0,,,,,1,19300503,0,STL07,v,SLN,1,0,0,regular,y,y,
SLN193005041,fredj101,BRO,1,8,value,27,2,0,0,0,0,,,,,1,19300504,1,STL07,v,SLN,1,0,0,regular,y,y,
SLN193005042,fredj101,BRO,1,8,value,39,4,0,0,0,0,,,,,1,19300504,2,STL07,v,SLN,1,0,0,regular,y,y,
CHN193005060,fredj101,BRO,1,8,value,24,1,0,0,0,0,,,,,1,19300506,0,CHI11,v,CHN,0,1,0,regular,y,y,
CHN193005070,fredj101,BRO,1,8,value,24,4,0,0,0,0,,,,,1,19300507,0,CHI11,v,CHN,0,1,0,regular,y,y,
CHN193005080,fredj101,BRO,1,8,value,24,5,1,1,0,0,,,,,1,19300508,0,CHI11,v,CHN,0,1,0,regular,y,y,
PIT193005090,fredj101,BRO,1,8,value,27,3,0,0,0,0,,,,,1,19300509,0,PIT06,v,PIT,1,0,0,regular,y,y,
PIT193005100,fredj101,BRO,1,8,value,27,6,0,0,0,0,,,,,1,19300510,0,PIT06,v,PIT,1,0,0,regular,y,y,
PIT193005100,fredj101,BRO,1,8,official,,,,0,1,,,,,,1,19300510,0,PIT06,v,PIT,1,0,0,regular,y,y,
BRO193005110,fredj101,BRO,1,8,value,27,1,0,0,0,0,,,,,1,19300511,0,NYC15,h,PIT,1,0,0,regular,y,y,
PIT193005120,fredj101,BRO,1,8,value,24,3,0,0,0,0,,,,,1,19300512,0,PIT06,v,PIT,0,1,0,regular,y,y,
CIN193005140,fredj101,BRO,1,8,value,27,6,0,0,0,0,,,,,1,19300514,0,CIN07,v,CIN,1,0,0,regular,y,y,
CIN193005160,fredj101,BRO,1,8,value,27,3,0,0,0,0,,,,,1,19300516,0,CIN07,v,CIN,1,0,0,regular,y,y,
PHI193005170,fredj101,BRO,1,8,value,24,2,1,0,0,0,,,,,1,19300517,0,PHI09,v,PHI,0,1,0,regular,y,y,
BRO193005181,fredj101,BRO,1,8,value,27,4,0,0,0,0,,,,,1,19300518,1,NYC15,h,PHI,1,0,0,regular,y,y,
BRO193005182,fredj101,BRO,1,8,value,27,4,0,0,0,0,,,,,1,19300518,2,NYC15,h,PHI,1,0,0,regular,y,y,
PHI193005200,fredj101,BRO,1,8,value,27,3,0,0,0,0,,,,,1,19300520,0,PHI09,v,PHI,1,0,0,regular,y,y,
BSN193005210,fredj101,BRO,1,8,value,27,3,0,0,0,0,,,,,1,19300521,0,BOS08,v,BSN,1,0,0,regular,y,y,
BSN193005220,fredj101,BRO,1,8,value,26,2,1,0,1,0,,,,,1,19300522,0,BOS08,v,BSN,0,1,0,regular,y,y,
BSN193005230,fredj101,BRO,1,8,value,27,3,0,0,0,0,,,,,1,19300523,0,BOS08,v,BSN,1,0,0,regular,y,y,
BSN193005240,fredj101,BRO,1,8,value,33,3,0,0,0,0,,,,,1,19300524,0,BOS08,v,BSN,1,0,0,regular,y,y,
BRO193005250,fredj101,BRO,1,8,value,30,5,0,0,0,0,,,,,1,19300525,0,NYC15,h,NY1,1,0,0,regular,y,y,
BRO193005260,fredj101,BRO,1,8,value,27,2,0,0,0,0,,,,,1,19300526,0,NYC15,h,NY1,1,0,0,regular,y,y,
BRO193005270,fredj101,BRO,1,8,value,27,3,0,0,0,0,,,,,1,19300527,0,NYC15,h,NY1,0,1,0,regular,y,y,
BRO193005290,fredj101,BRO,1,8,value,27,4,0,0,0,0,,,,,1,19300529,0,NYC15,h,NY1,1,0,0,regular,y,y,
BRO193005301,fredj101,BRO,1,8,value,27,3,0,0,0,0,,,,,1,19300530,1,NYC15,h,PHI,1,0,0,regular,y,y,
BRO193005302,fredj101,BRO,1,8,value,27,2,0,0,0,0,,,,,1,19300530,2,NYC15,h,PHI,1,0,0,regular,y,y,
BRO193005310,fredj101,BRO,1,8,value,27,2,0,0,0,0,,,,,1,19300531,0,NYC15,h,PHI,0,1,0,regular,y,y,
BRO193006010,fredj101,BRO,1,8,value,27,3,0,0,0,0,,,,,1,19300601,0,NYC15,h,PHI,1,0,0,regular,y,y,
BRO193006030,fredj101,BRO,1,8,value,27,3,0,0,0,0,,,,,1,19300603,0,NYC15,h,PIT,1,0,0,regular,y,y,
BRO193006040,fredj101,BRO,1,8,value,27,3,0,0,0,0,,,,,1,19300604,0,NYC15,h,PIT,0,1,0,regular,y,y,
BRO193006050,fredj101,BRO,1,8,value,27,5,0,0,0,0,,,,,1,19300605,0,NYC15,h,PIT,1,0,0,regular,y,y,
BRO193006060,fredj101,BRO,1,8,value,27,1,0,0,0,0,,,,,1,19300606,0,NYC15,h,CHN,0,1,0,regular,y,y,
BRO193006070,fredj101,BRO,1,8,value,27,5,0,0,0,0,,,,,1,19300607,0,NYC15,h,CHN,1,0,0,regular,y,y,
BRO193006080,fredj101,BRO,1,8,value,27,0,0,0,0,0,,,,,1,19300608,0,NYC15,h,CHN,1,0,0,regular,y,y,
BRO193006110,fredj101,BRO,1,8,value,27,2,0,0,0,0,,,,,1,19300611,0,NYC15,h,CIN,1,0,0,regular,y,y,
BRO193006120,fredj101,BRO,1,8,value,27,2,0,0,0,0,,,,,1,19300612,0,NYC15,h,CIN,1,0,0,regular,y,y,
BRO193006130,fredj101,BRO,1,8,value,27,5,0,0,0,0,,,,,1,19300613,0,NYC15,h,CIN,0,1,0,regular,y,y,
BRO193006140,fredj101,BRO,1,8,value,36,4,0,0,0,0,,,,,1,19300614,0,NYC15,h,SLN,1,0,0,regular,y,y,
BRO193006150,fredj101,BRO,1,8,value,27,4,0,0,0,0,,,,,1,19300615,0,NYC15,h,SLN,0,1,0,regular,y,y,
BRO193006160,fredj101,BRO,1,8,value,27,2,0,0,0,0,,,,,1,19300616,0,NYC15,h,SLN,1,0,0,regular,y,y,
CIN193006190,fredj101,BRO,1,8,value,24,3,1,0,0,0,,,,,1,19300619,0,CIN07,v,CIN,0,1,0,regular,y,y,
CIN193006200,fredj101,BRO,1,8,value,24,1,0,0,0,0,,,,,1,19300620,0,CIN07,v,CIN,0,1,0,regular,y,y,
CIN193006211,fredj101,BRO,1,8,value,27,3,0,0,0,0,,,,,1,19300621,1,CIN07,v,CIN,1,0,0,regular,y,y,
CIN193006212,fredj101,BRO,1,8,value,24,2,0,0,0,0,,,,,1,19300621,2,CIN07,v,CIN,1,0,0,regular,y,y,
BRO193006220,fredj101,BRO,1,8,value,27,3,0,0,0,0,,,,,1,19300622,0,NYC15,h,PIT,1,0,0,regular,y,y,
PIT193006230,fredj101,BRO,1,8,value,27,6,0,0,0,0,,,,,1,19300623,0,PIT06,v,PIT,1,0,0,regular,y,y,
PIT193006250,fredj101,BRO,1,8,value,24,1,0,0,0,0,,,,,1,19300625,0,PIT06,v,PIT,0,1,0,regular,y,y,
CHN193006260,fredj101,BRO,1,8,value,27,4,0,0,0,0,,,,,1,19300626,0,CHI11,v,CHN,1,0,0,regular,y,y,
CHN193006270,fredj101,BRO,1,8,value,29,4,0,0,0,0,,,,,1,19300627,0,CHI11,v,CHN,0,1,0,regular,y,y,
CHN193006280,fredj101,BRO,1,8,value,24,2,0,0,0,0,,,,,1,19300628,0,CHI11,v,CHN,0,1,0,regular,y,y,
CHN193006290,fredj101,BRO,1,8,value,24,1,0,0,0,0,,,,,1,19300629,0,CHI11,v,CHN,0,1,0,regular,y,y,
SLN193007010,fredj101,BRO,1,8,value,24,1,0,0,0,0,,,,,1,19300701,0,STL07,v,SLN,0,1,0,regular,y,y,
SLN193007020,fredj101,BRO,1,8,value,27,4,0,0,0,0,,,,,1,19300702,0,STL07,v,SLN,1,0,0,regular,y,y,
NY1193007041,fredj101,BRO,1,8,value,31,4,0,0,0,0,,,,,1,19300704,1,NYC14,v,NY1,0,1,0,regular,y,d,
NY1193007042,fredj101,BRO,1,8,value,27,2,0,0,0,0,,,,,1,19300704,2,NYC14,v,NY1,1,0,0,regular,y,y,
NY1193007050,fredj101,BRO,1,8,value,24,1,0,0,0,0,,,,,1,19300705,0,NYC14,v,NY1,0,1,0,regular,y,y,
BRO193007060,fredj101,BRO,1,8,value,27,2,0,0,0,0,,,,,1,19300706,0,NYC15,h,BSN,1,0,0,regular,y,y,
BRO193007070,fredj101,BRO,1,8,value,27,1,0,0,0,0,,,,,1,19300707,0,NYC15,h,BSN,1,0,0,regular,y,y,
BRO193007080,fredj101,BRO,1,8,value,27,3,0,0,0,0,,,,,1,19300708,0,NYC15,h,BSN,0,1,0,regular,y,y,
BRO193007091,fredj101,BRO,1,8,value,27,1,0,0,0,0,,,,,1,19300709,1,NYC15,h,BSN,1,0,0,regular,y,y,
BRO193007092,fredj101,BRO,1,8,value,27,5,0,0,0,0,,,,,1,19300709,2,NYC15,h,BSN,1,0,0,regular,y,y,
NY1193007120,fredj101,BRO,1,8,value,27,3,0,0,0,0,,,,,1,19300712,0,NYC14,v,NY1,1,0,0,regular,y,y,
BRO193007130,fredj101,BRO,1,8,value,27,4,0,0,0,0,,,,,1,19300713,0,NYC15,h,PIT,0,1,0,regular,y,y,
BRO193007140,fredj101,BRO,1,8,value,27,3,0,0,0,0,,,,,1,19300714,0,NYC15,h,PIT,1,0,0,regular,y,y,
BRO193007150,fredj101,BRO,1,8,value,27,5,0,0,0,0,,,,,1,19300715,0,NYC15,h,PIT,1,0,0,regular,y,y,
BRO193007161,fredj101,BRO,1,8,value,27,2,0,0,0,0,,,,,1,19300716,1,NYC15,h,CHN,0,1,0,regular,y,y,
BRO193007162,fredj101,BRO,1,8,value,27,3,0,0,0,0,,,,,1,19300716,2,NYC15,h,CHN,1,0,0,regular,y,y,
BRO193007170,fredj101,BRO,1,8,value,39,2,0,0,0,0,,,,,1,19300717,0,NYC15,h,CHN,0,1,0,regular,y,y,
BRO193007180,fredj101,BRO,1,8,value,27,1,1,0,0,0,,,,,1,19300718,0,NYC15,h,CHN,0,1,0,regular,y,y,
BRO193007190,fredj101,BRO,1,8,value,27,2,1,0,0,0,,,,,1,19300719,0,NYC15,h,CHN,0,1,0,regular,y,y,
BRO193007200,fredj101,BRO,1,8,value,27,2,0,0,0,0,,,,,1,19300720,0,NYC15,h,SLN,0,1,0,regular,y,y,
BRO193007211,fredj101,BRO,1,8,value,27,2,0,0,0,0,,,,,1,19300721,1,NYC15,h,SLN,1,0,0,regular,y,y,
BRO193007212,fredj101,BRO,1,8,value,27,1,0,0,0,0,,,,,1,19300721,2,NYC15,h,SLN,0,1,0,regular,y,y,
BRO193007220,fredj101,BRO,1,8,value,27,3,0,0,0,0,,,,,1,19300722,0,NYC15,h,SLN,1,0,0,regular,y,y,
BRO193007230,fredj101,BRO,1,8,value,27,6,0,0,0,0,,,,,1,19300723,0,NYC15,h,SLN,1,0,0,regular,y,y,
BRO193007241,fredj101,BRO,1,8,value,27,1,0,0,0,0,,,,,1,19300724,1,NYC15,h,CIN,0,1,0,regular,y,y,
BRO193007242,fredj101,BRO,1,8,value,16,1,0,0,0,0,,,,,1,19300724,2,NYC15,h,CIN,1,0,0,regular,y,y,
BRO193007250,fredj101,BRO,1,8,value,27,3,0,0,0,0,,,,,1,19300725,0,NYC15,h,CIN,1,0,0,regular,y,y,
BRO193007260,fredj101,BRO,1,8,value,27,3,0,0,0,0,,,,,1,19300726,0,NYC15,h,CIN,1,0,0,regular,y,y,
BRO193007271,fredj101,BRO,1,8,value,27,6,0,0,0,0,,,,,1,19300727,1,NYC15,h,PHI,1,0,0,regular,y,y,
BRO193007272,fredj101,BRO,1,8,value,27,3,0,0,0,0,,,,,1,19300727,2,NYC15,h,PHI,1,0,0,regular,y,y,
BSN193007280,fredj101,BRO,1,8,value,27,1,0,0,0,0,,,,,1,19300728,0,BOS08,v,BSN,1,0,0,regular,y,y,
BSN193007290,fredj101,BRO,1,8,value,28,1,0,0,0,0,,,,,1,19300729,0,BOS08,v,BSN,0,1,0,regular,y,y,
PHI193007301,fredj101,BRO,1,8,value,27,2,0,0,0,0,,,,,1,19300730,1,PHI09,v,PHI,1,0,0,regular,y,y,
PHI193007302,fredj101,BRO,1,8,value,27,3,0,0,0,0,,,,,1,19300730,2,PHI09,v,PHI,1,0,0,regular,y,y,
PHI193007310,fredj101,BRO,1,8,value,24,2,0,0,0,0,,,,,1,19300731,0,PHI09,v,PHI,0,1,0,regular,y,y,
PHI193008010,fredj101,BRO,1,8,value,27,3,0,0,0,0,,,,,1,19300801,0,PHI09,v,PHI,1,0,0,regular,y,y,
BRO193008020,fredj101,BRO,1,8,value,33,4,0,0,0,0,,,,,1,19300802,0,NYC15,h,NY1,0,1,0,regular,y,y,
BRO193008030,fredj101,BRO,1,8,value,27,3,0,0,0,0,,,,,1,19300803,0,NYC15,h,NY1,1,0,0,regular,y,y,
BRO193008040,fredj101,BRO,1,8,value,27,4,0,0,0,0,,,,,1,19300804,0,NYC15,h,NY1,0,1,0,regular,y,y,
BRO193008050,fredj101,BRO,1,8,value,30,7,0,0,0,0,,,,,1,19300805,0,NYC15,h,NY1,1,0,0,regular,y,y,
PIT193008060,fredj101,BRO,1,8,value,27,2,0,0,0,0,,,,,1,19300806,0,PIT06,v,PIT,1,0,0,regular,y,y,
PIT193008070,fredj101,BRO,1,8,value,27,2,0,0,0,0,,,,,1,19300807,0,PIT06,v,PIT,1,0,0,regular,y,y,
SLN193008080,fredj101,BRO,1,8,value,12,1,0,0,0,0,,,,,1,19300808,0,STL07,v,SLN,1,0,0,regular,y,y,y
SLN193008090,fredj101,BRO,1,8,value,24,3,0,0,0,0,,,,,1,19300809,0,STL07,v,SLN,0,1,0,regular,y,y,
SLN193008101,fredj101,BRO,1,8,value,24,1,0,0,0,0,,,,,1,19300810,1,STL07,v,SLN,0,1,0,regular,y,y,
SLN193008102,fredj101,BRO,1,8,value,24,4,0,0,0,0,,,,,1,19300810,2,STL07,v,SLN,0,1,0,regular,y,y,
SLN193008110,fredj101,BRO,1,8,value,26,4,0,0,0,0,,,,,1,19300811,0,STL07,v,SLN,0,1,0,regular,y,y,
CHN193008120,fredj101,BRO,1,8,value,31,2,0,0,0,0,,,,,1,19300812,0,CHI11,v,CHN,0,1,0,regular,y,y,
CHN193008130,fredj101,BRO,1,8,value,27,1,0,0,0,0,,,,,1,19300813,0,CHI11,v,CHN,1,0,0,regular,y,y,
CHN193008140,fredj101,BRO,1,8,value,24,1,0,2,0,0,,,,,1,19300814,0,CHI11,v,CHN,0,1,0,regular,y,y,
CHN193008150,fredj101,BRO,1,8,value,29,3,0,0,0,0,,,,,1,19300815,0,CHI11,v,CHN,0,1,0,regular,y,y,
PIT193008161,fredj101,BRO,1,8,value,27,2,0,0,0,0,,,,,1,19300816,1,PIT06,v,PIT,1,0,0,regular,y,y,
PIT193008162,fredj101,BRO,1,8,value,24,3,0,0,0,0,,,,,1,19300816,2,PIT06,v,PIT,0,1,0,regular,y,y,
BRO193008170,fredj101,BRO,1,8,value,27,2,0,0,0,0,,,,,1,19300817,0,NYC15,h,PIT,1,0,0,regular,y,y,
PIT193008180,fredj101,BRO,1,8,value,25,1,0,0,0,0,,,,,1,19300818,0,PIT06,v,PIT,0,1,0,regular,y,y,
PIT193008190,fredj101,BRO,1,8,value,24,2,0,0,0,0,,,,,1,19300819,0,PIT06,v,PIT,0,1,0,regular,y,y,
CIN193008201,fredj101,BRO,1,8,value,24,1,0,0,0,0,,,,,1,19300820,1,CIN07,v,CIN,0,1,0,regular,y,y,
CIN193008202,fredj101,BRO,1,8,value,25,7,1,0,0,0,,,,,1,19300820,2,CIN07,v,CIN,0,1,0,regular,y,y,
CIN193008220,fredj101,BRO,1,8,value,24,0,0,0,0,0,,,,,1,19300822,0,CIN07,v,CIN,0,1,0,regular,y,y,
CIN193008231,fredj101,BRO,1,8,value,24,0,0,0,0,0,,,,,1,19300823,1,CIN07,v,CIN,0,1,0,regular,y,y,
CIN193008232,fredj101,BRO,1,8,value,21,0,0,0,0,0,,,,,1,19300823,2,CIN07,v,CIN,0,1,0,regular,y,y,
NY1193008270,fredj101,BRO,1,8,value,27,5,0,0,0,0,,,,,1,19300827,0,NYC14,v,NY1,1,0,0,regular,y,y,
NY1193008280,fredj101,BRO,1,8,value,27,4,0,0,0,0,,,,,1,19300828,0,NYC14,v,NY1,1,0,0,regular,y,y,
NY1193008290,fredj101,BRO,1,8,value,24,2,0,0,0,0,,,,,1,19300829,0,NYC14,v,NY1,0,1,0,regular,y,y,
NY1193008300,fredj101,BRO,1,8,value,24,3,0,0,0,0,,,,,1,19300830,0,NYC14,v,NY1,0,1,0,regular,y,y,
BRO193008310,fredj101,BRO,1,8,value,27,3,0,0,0,0,,,,,1,19300831,0,NYC15,h,PHI,1,0,0,regular,y,y,
BSN193009011,fredj101,BRO,1,8,value,24,2,0,0,0,0,,,,,1,19300901,1,BOS08,v,BSN,0,1,0,regular,y,y,
BSN193009012,fredj101,BRO,1,8,value,27,1,1,0,0,0,,,,,1,19300901,2,BOS08,v,BSN,1,0,0,regular,y,y,
BSN193009020,fredj101,BRO,1,8,value,24,4,0,0,0,0,,,,,1,19300902,0,BOS08,v,BSN,0,1,0,regular,y,y,
BRO193009060,fredj101,BRO,1,8,value,27,4,0,0,0,0,,,,,1,19300906,0,NYC15,h,PHI,1,0,0,regular,y,y,
BRO193009070,fredj101,BRO,1,8,value,27,3,0,0,0,0,,,,,1,19300907,0,NYC15,h,NY1,1,0,0,regular,y,y,
PHI193009081,fredj101,BRO,1,8,value,27,3,0,0,0,0,,,,,1,19300908,1,PHI09,v,PHI,1,0,0,regular,y,y,
PHI193009082,fredj101,BRO,1,8,value,27,5,0,0,0,0,,,,,1,19300908,2,PHI09,v,PHI,1,0,0,regular,y,y,
BRO193009090,fredj101,BRO,1,8,value,27,1,0,1,0,0,,,,,1,19300909,0,NYC15,h,CHN,1,0,0,regular,y,y,
BRO193009100,fredj101,BRO,1,8,value,27,1,0,0,0,0,,,,,1,19300910,0,NYC15,h,CHN,1,0,0,regular,y,y,
BRO193009110,fredj101,BRO,1,8,value,27,3,0,0,0,0,,,,,1,19300911,0,NYC15,h,CHN,1,0,0,regular,y,y,
BRO193009120,fredj101,BRO,1,8,value,27,4,0,0,0,0,,,,,1,19300912,0,NYC15,h,CIN,1,0,0,regular,y,y,
BRO193009130,fredj101,BRO,1,8,value,7,1,0,0,0,0,,,,,1,19300913,0,NYC15,h,CIN,1,0,0,regular,y,y,
BSN193104140,fredj101,BRO,1,8,value,24,1,0,0,0,0,,,,,1,19310414,0,BOS08,v,BSN,0,1,0,regular,y,y,
BSN193104150,fredj101,BRO,1,8,value,24,0,0,0,0,0,,,,,1,19310415,0,BOS08,v,BSN,0,1,0,regular,y,y,
BSN193104160,fredj101,BRO,1,8,value,24,2,0,0,0,0,,,,,1,19310416,0,BOS08,v,BSN,0,1,0,regular,y,y,
BSN193104180,fredj101,BRO,1,8,value,24,2,0,0,0,0,,,,,1,19310418,0,BOS08,v,BSN,0,1,0,regular,y,y,
BRO193104190,fredj101,BRO,1,8,value,30,2,0,0,0,0,,,,,1,19310419,0,NYC15,h,PHI,0,1,0,regular,y,y,
PHI193104200,fredj101,BRO,1,8,value,27,2,1,0,0,0,,,,,1,19310420,0,PHI09,v,PHI,1,0,0,regular,y,y,
PHI193104210,fredj101,BRO,1,8,value,15,2,1,0,0,0,,,,,1,19310421,0,PHI09,v,PHI,0,1,0,regular,y,y,
BRO193104220,fredj101,BRO,1,8,value,27,1,0,1,0,0,,,,,1,19310422,0,NYC15,h,BSN,0,1,0,regular,y,y,
NY1193104270,fredj101,BRO,1,8,value,24,1,0,0,0,0,,,,,1,19310427,0,NYC14,v,NY1,0,1,0,regular,y,y,
NY1193104280,fredj101,BRO,1,8,value,24,3,0,0,0,0,,,,,1,19310428,0,NYC14,v,NY1,0,1,0,regular,y,y,
BRO193104300,fredj101,BRO,1,8,value,27,2,0,0,0,0,,,,,1,19310430,0,NYC15,h,PHI,1,0,0,regular,y,y,
BRO193105010,fredj101,BRO,1,8,value,27,4,0,0,0,0,,,,,1,19310501,0,NYC15,h,PHI,1,0,0,regular,y,y,
BRO193105030,fredj101,BRO,1,8,value,27,1,0,1,0,0,,,,,1,19310503,0,NYC15,h,NY1,1,0,0,regular,y,y,
BRO193105040,fredj101,BRO,1,8,value,27,4,0,0,0,0,,,,,1,19310504,0,NYC15,h,NY1,0,1,0,regular,y,y,
BRO193105050,fredj101,BRO,1,8,value,27,3,0,0,0,0,,,,,1,19310505,0,NYC15,h,NY1,0,1,0,regular,y,y,
BRO193105060,fredj101,BRO,1,8,value,21,2,0,0,0,0,,,,,1,19310506,0,NYC15,h,NY1,1,0,0,regular,y,y,
PHI193105080,fredj101,BRO,1,8,value,27,2,0,0,0,0,,,,,1,19310508,0,PHI09,v,PHI,1,0,0,regular,y,y,
PHI193105091,fredj101,BRO,1,8,value,27,6,0,0,0,0,,,,,1,19310509,1,PHI09,v,PHI,1,0,0,regular,y,y,
PHI193105092,fredj101,BRO,1,8,value,24,5,0,0,0,0,,,,,1,19310509,2,PHI09,v,PHI,0,1,0,regular,y,y,
BRO193105100,fredj101,BRO,1,8,value,21,1,0,0,0,0,,,,,1,19310510,0,NYC15,h,PIT,0,1,0,regular,y,y,
BRO193105110,fredj101,BRO,1,8,value,27,1,0,0,0,0,,,,,1,19310511,0,NYC15,h,PIT,0,1,0,regular,y,y,
BRO193105150,fredj101,BRO,1,8,value,27,4,1,0,0,0,,,,,1,19310515,0,NYC15,h,CHN,1,0,0,regular,y,y,
BRO193105160,fredj101,BRO,1,8,value,27,3,0,0,0,0,,,,,1,19310516,0,NYC15,h,CIN,1,0,0,regular,y,y,
BRO193105170,fredj101,BRO,1,8,value,21,3,0,0,0,0,,,,,1,19310517,0,NYC15,h,CIN,0,1,0,regular,y,y,
BRO193105180,fredj101,BRO,1,8,value,27,2,0,0,0,0,,,,,1,19310518,0,NYC15,h,CIN,1,0,0,regular,y,y,
BRO193105190,fredj101,BRO,1,8,value,27,4,0,0,0,0,,,,,1,19310519,0,NYC15,h,SLN,0,1,0,regular,y,y,
BRO193105200,fredj101,BRO,1,8,value,27,4,0,0,0,0,,,,,1,19310520,0,NYC15,h,SLN,1,0,0,regular,y,y,
PHI193105221,fredj101,BRO,1,8,value,27,4,0,0,0,0,,,,,1,19310522,1,PHI09,v,PHI,1,0,0,regular,y,y,
PHI193105222,fredj101,BRO,1,8,value,27,3,0,0,0,0,,,,,1,19310522,2,PHI09,v,PHI,1,0,0,regular,y,y,
BRO193105231,fredj101,BRO,1,8,value,27,2,0,0,0,0,,,,,1,19310523,1,NYC15,h,PHI,0,1,0,regular,y,y,
BRO193105232,fredj101,BRO,1,8,value,27,1,0,0,0,0,,,,,1,19310523,2,NYC15,h,PHI,0,1,0,regular,y,y,
BRO193105240,fredj101,BRO,1,8,value,30,5,0,0,0,0,,,,,1,19310524,0,NYC15,h,PHI,1,0,0,regular,y,y,
BRO193105260,fredj101,BRO,1,8,value,27,2,1,0,0,0,,,,,1,19310526,0,NYC15,h,PHI,0,1,0,regular,y,y,
NY1193105290,fredj101,BRO,1,8,value,27,3,0,0,0,0,,,,,1,19310529,0,NYC14,v,NY1,1,0,0,regular,y,y,
NY1193105301,fredj101,BRO,1,8,value,30,4,0,0,0,0,,,,,1,19310530,1,NYC14,v,NY1,1,0,0,regular,y,y,
NY1193105302,fredj101,BRO,1,8,value,27,1,0,0,0,0,,,,,1,19310530,2,NYC14,v,NY1,1,0,0,regular,y,y,
BRO193105311,fredj101,BRO,1,8,value,27,0,0,0,0,0,,,,,1,19310531,1,NYC15,h,BSN,1,0,0,regular,y,y,
BRO193105312,fredj101,BRO,1,8,value,30,5,0,0,0,0,,,,,1,19310531,2,NYC15,h,BSN,0,0,1,regular,y,y,
CHN193106020,fredj101,BRO,1,8,value,27,1,0,0,0,0,,,,,1,19310602,0,CHI11,v,CHN,1,0,0,regular,y,y,
CHN193106030,fredj101,BRO,1,8,value,25,4,0,0,0,0,,,,,1,19310603,0,CHI11,v,CHN,0,1,0,regular,y,y,
CHN193106040,fredj101,BRO,1,8,value,25,2,0,0,0,0,,,,,1,19310604,0,CHI11,v,CHN,0,1,0,regular,y,y,
CHN193106050,fredj101,BRO,1,8,value,27,1,0,0,0,0,,,,,1,19310605,0,CHI11,v,CHN,1,0,0,regular,y,y,
SLN193106060,fredj101,BRO,1,8,value,24,2,0,1,0,0,,,,,1,19310606,0,STL07,v,SLN,0,1,0,regular,y,y,
SLN193106071,fredj101,BRO,1,8,value,27,2,0,0,0,0,,,,,1,19310607,1,STL07,v,SLN,1,0,0,regular,y,y,
SLN193106072,fredj101,BRO,1,8,value,24,2,1,0,0,0,,,,,1,19310607,2,STL07,v,SLN,0,1,0,regular,y,y,
SLN193106090,fredj101,BRO,1,8,value,24,4,0,0,0,0,,,,,1,19310609,0,STL07,v,SLN,0,1,0,regular,y,y,
CIN193106100,fredj101,BRO,1,8,value,24,4,0,0,0,0,,,,,1,19310610,0,CIN07,v,CIN,0,1,0,regular,y,y,
CIN193106110,fredj101,BRO,1,8,value,31,3,0,0,0,0,,,,,1,19310611,0,CIN07,v,CIN,0,1,0,regular,y,y,
CIN193106120,fredj101,BRO,1,8,value,27,2,0,0,0,0,,,,,1,19310612,0,CIN07,v,CIN,1,0,0,regular,y,y,
CIN193106130,fredj101,BRO,1,8,value,24,1,0,0,0,0,,,,,1,19310613,0,CIN07,v,CIN,0,1,0,regular,y,y,
BRO193106140,fredj101,BRO,1,8,value,27,3,0,0,0,0,,,,,1,19310614,0,NYC15,h,PIT,1,0,0,regular,y,y,
PIT193106170,fredj101,BRO,1,8,value,27,5,0,0,0,0,,,,,1,19310617,0,PIT06,v,PIT,1,0,0,regular,y,y,
BRO193106181,fredj101,BRO,1,8,value,27,4,0,1,0,0,,,,,1,19310618,1,NYC15,h,CHN,1,0,0,regular,y,y,
BRO193106182,fredj101,BRO,1,8,value,27,3,0,0,0,0,,,,,1,19310618,2,NYC15,h,CHN,0,1,0,regular,y,y,
BRO193106190,fredj101,BRO,1,8,value,27,3,0,0,0,0,,,,,1,19310619,0,NYC15,h,CHN,0,1,0,regular,y,y,
BRO193106200,fredj101,BRO,1,8,value,27,5,0,0,0,0,,,,,1,19310620,0,NYC15,h,CHN,1,0,0,regular,y,y,
BRO193106210,fredj101,BRO,1,8,value,27,3,0,0,0,0,,,,,1,19310621,0,NYC15,h,CHN,1,0,0,regular,y,y,
BRO193106220,fredj101,BRO,1,8,value,30,3,0,0,0,0,,,,,1,19310622,0,NYC15,h,PIT,1,0,0,regular,y,y,
BRO193106241,fredj101,BRO,1,8,value,27,3,1,0,0,0,,,,,1,19310624,1,NYC15,h,PIT,1,0,0,regular,y,y,
BRO193106242,fredj101,BRO,1,8,value,27,2,0,0,0,0,,,,,1,19310624,2,NYC15,h,PIT,1,0,0,regular,y,y,
BRO193106250,fredj101,BRO,1,8,value,27,2,0,0,0,0,,,,,1,19310625,0,NYC15,h,SLN,0,1,0,regular,y,y,
BRO193106260,fredj101,BRO,1,8,value,27,5,0,0,0,0,,,,,1,19310626,0,NYC15,h,SLN,1,0,0,regular,y,y,
BRO193106271,fredj101,BRO,1,8,value,27,2,0,0,0,0,,,,,1,19310627,1,NYC15,h,SLN,1,0,0,regular,y,y,
BRO193106272,fredj101,BRO,1,8,value,27,3,0,0,0,0,,,,,1,19310627,2,NYC15,h,SLN,1,0,0,regular,y,y,
BRO193106280,fredj101,BRO,1,8,value,27,6,0,0,0,0,,,,,1,19310628,0,NYC15,h,SLN,1,0,0,regular,y,y,
BRO193106290,fredj101,BRO,1,8,value,27,2,0,1,0,0,,,,,1,19310629,0,NYC15,h,CIN,1,0,0,regular,y,y,
BRO193106300,fredj101,BRO,1,8,value,27,2,0,1,0,0,,,,,1,19310630,0,NYC15,h,CIN,0,1,0,regular,y,y,
BRO193107010,fredj101,BRO,1,8,value,27,4,0,0,0,0,,,,,1,19310701,0,NYC15,h,CIN,1,0,0,regular,y,y,
BRO193107020,fredj101,BRO,1,8,value,27,4,0,0,0,0,,,,,1,19310702,0,NYC15,h,CIN,1,0,0,regular,y,y,
BRO193107041,fredj101,BRO,1,8,value,27,2,0,0,0,0,,,,,1,19310704,1,NYC15,h,NY1,1,0,0,regular,y,y,
BRO193107042,fredj101,BRO,1,8,value,27,1,0,0,0,0,,,,,1,19310704,2,NYC15,h,NY1,1,0,0,regular,y,y,
BRO193107050,fredj101,BRO,1,8,value,27,3,0,0,0,0,,,,,1,19310705,0,NYC15,h,NY1,1,0,0,regular,y,y,
PHI193107060,fredj101,BRO,1,8,value,24,1,0,0,0,0,,,,,1,19310706,0,PHI09,v,PHI,0,1,0,regular,y,y,
PHI193107070,fredj101,BRO,1,8,value,27,2,0,0,0,0,,,,,1,19310707,0,PHI09,v,PHI,1,0,0,regular,y,y,
BSN193107090,fredj101,BRO,1,8,value,27,6,0,0,0,0,,,,,1,19310709,0,BOS08,v,BSN,1,0,0,regular,y,y,
BSN193107100,fredj101,BRO,1,8,value,24,3,0,0,0,0,,,,,1,19310710,0,BOS08,v,BSN,0,1,0,regular,y,y,
BSN193107111,fredj101,BRO,1,8,value,27,3,0,0,0,0,,,,,1,19310711,1,BOS08,v,BSN,1,0,0,regular,y,y,
BSN193107112,fredj101,BRO,1,8,value,24,3,0,0,0,0,,,,,1,19310711,2,BOS08,v,BSN,0,1,0,regular,y,y,
BRO193107121,fredj101,BRO,1,8,value,27,5,0,0,0,0,,,,,1,19310712,1,NYC15,h,BSN,1,0,0,regular,y,y,
BRO193107122,fredj101,BRO,1,8,value,21,5,0,0,0,0,,,,,1,19310712,2,NYC15,h,BSN,0,1,0,regular,y,y,y
SLN193107140,fredj101,BRO,1,8,value,24,1,0,0,0,0,,,,,1,19310714,0,STL07,v,SLN,0,1,0,regular,y,y,
SLN193107150,fredj101,BRO,1,8,value,27,3,0,0,0,0,,,,,1,19310715,0,STL07,v,SLN,1,0,0,regular,y,y,
SLN193107160,fredj101,BRO,1,8,value,24,1,0,0,0,0,,,,,1,19310716,0,STL07,v,SLN,0,1,0,regular,y,y,
SLN193107170,fredj101,BRO,1,8,value,27,4,0,0,0,0,,,,,1,19310717,0,STL07,v,SLN,1,0,0,regular,y,y,
CHN193107180,fredj101,BRO,1,8,value,33,3,0,0,0,0,,,,,1,19310718,0,CHI11,v,CHN,1,0,0,regular,y,y,
CHN193107190,fredj101,BRO,1,8,value,27,4,0,1,0,0,,,,,1,19310719,0,CHI11,v,CHN,1,0,0,regular,y,y,
CHN193107200,fredj101,BRO,1,8,value,24,1,0,0,0,0,,,,,1,19310720,0,CHI11,v,CHN,0,1,0,regular,y,y,
CHN193107210,fredj101,BRO,1,8,value,27,0,0,0,0,0,,,,,1,19310721,0,CHI11,v,CHN,1,0,0,regular,y,y,
PIT193107221,fredj101,BRO,1,8,value,24,0,0,0,0,0,,,,,1,19310722,1,PIT06,v,PIT,0,1,0,regular,y,y,
PIT193107222,fredj101,BRO,1,8,value,27,4,0,0,0,0,,,,,1,19310722,2,PIT06,v,PIT,1,0,0,regular,y,y,
PIT193107230,fredj101,BRO,1,8,value,24,7,2,0,0,0,,,,,1,19310723,0,PIT06,v,PIT,0,1,0,regular,y,y,
PIT193107240,fredj101,BRO,1,8,value,24,2,0,0,0,0,,,,,1,19310724,0,PIT06,v,PIT,0,1,0,regular,y,y,
PIT193107251,fredj101,BRO,1,8,value,24,1,1,0,1,0,,,,,1,19310725,1,PIT06,v,PIT,0,1,0,regular,y,y,
PIT193107252,fredj101,BRO,1,8,value,40,2,0,0,0,0,,,,,1,19310725,2,PIT06,v,PIT,0,1,0,regular,y,y,
CIN193107261,fredj101,BRO,1,8,value,24,0,0,0,0,0,,,,,1,19310726,1,CIN07,v,CIN,0,1,0,regular,y,y,
CIN193107262,fredj101,BRO,1,8,value,27,2,0,0,0,0,,,,,1,19310726,2,CIN07,v,CIN,1,0,0,regular,y,y,
CIN193107280,fredj101,BRO,1,8,value,18,2,0,0,0,0,,,,,1,19310728,0,CIN07,v,CIN,0,1,0,regular,y,y,
CIN193107290,fredj101,BRO,1,8,value,24,5,0,0,0,0,,,,,1,19310729,0,CIN07,v,CIN,0,1,0,regular,y,y,
PHI193107310,fredj101,BRO,1,8,value,27,1,0,2,0,0,,,,,1,19310731,0,PHI09,v,PHI,1,0,0,regular,y,y,
PHI193108010,fredj101,BRO,1,8,value,3,1,0,0,0,0,,,,,0,19310801,0,PHI09,v,PHI,1,0,0,regular,y,y,
BRO193108021,fredj101,BRO,1,8,value,27,3,0,0,0,0,,,,,1,19310802,1,NYC15,h,PHI,0,1,0,regular,y,y,
BRO193108022,fredj101,BRO,1,8,value,27,6,0,0,0,0,,,,,1,19310802,2,NYC15,h,PHI,1,0,0,regular,y,y,
NY1193108041,fredj101,BRO,1,8,value,24,0,1,1,0,0,,,,,1,19310804,1,NYC14,v,NY1,0,1,0,regular,y,y,
NY1193108050,fredj101,BRO,1,8,value,27,3,0,0,0,0,,,,,1,19310805,0,NYC14,v,NY1,1,0,0,regular,y,y,
BSN193108060,fredj101,BRO,1,8,value,27,2,0,0,0,0,,,,,1,19310806,0,BOS08,v,BSN,1,0,0,regular,y,y,
BSN193108070,fredj101,BRO,1,8,value,25,1,0,0,0,0,,,,,1,19310807,0,BOS08,v,BSN,0,1,0,regular,y,y,
BSN193108080,fredj101,BRO,1,8,value,27,4,0,0,0,0,,,,,1,19310808,0,BOS08,v,BSN,1,0,0,regular,y,y,
BRO193108090,fredj101,BRO,1,8,value,27,3,0,0,0,0,,,,,1,19310809,0,NYC15,h,NY1,0,1,0,regular,y,y,
BRO193108121,fredj101,BRO,1,8,value,27,3,0,0,0,0,,,,,1,19310812,1,NYC15,h,SLN,0,1,0,regular,y,y,
BRO193108122,fredj101,BRO,1,8,value,27,3,0,0,0,0,,,,,1,19310812,2,NYC15,h,SLN,0,1,0,regular,y,y,
BRO193108140,fredj101,BRO,1,8,value,27,1,0,0,0,0,,,,,1,19310814,0,NYC15,h,SLN,0,1,0,regular,y,y,
BRO193108162,fredj101,BRO,1,8,value,27,3,0,0,0,0,,,,,1,19310816,2,NYC15,h,CIN,1,0,0,regular,y,y,
BRO193108171,fredj101,BRO,1,8,value,27,4,0,0,0,0,,,,,1,19310817,1,NYC15,h,CIN,0,1,0,regular,y,y,
BRO193108172,fredj101,BRO,1,8,value,24,1,0,0,0,0,,,,,1,19310817,2,NYC15,h,CIN,0,1,0,regular,y,y,y
BRO193108192,fredj101,BRO,1,8,value,27,2,0,0,0,0,,,,,1,19310819,2,NYC15,h,CHN,1,0,0,regular,y,y,
BRO193108200,fredj101,BRO,1,8,value,27,5,0,1,0,0,,,,,1,19310820,0,NYC15,h,CHN,1,0,0,regular,y,y,
BRO193108221,fredj101,BRO,1,8,value,27,3,0,0,0,0,,,,,1,19310822,1,NYC15,h,CHN,1,0,0,regular,y,y,
BRO193108222,fredj101,BRO,1,8,value,27,1,1,0,0,0,,,,,1,19310822,2,NYC15,h,CHN,1,0,0,regular,y,y,
BRO193108231,fredj101,BRO,1,8,value,27,5,0,0,0,0,,,,,1,19310823,1,NYC15,h,PIT,1,0,0,regular,y,y,
BRO193108232,fredj101,BRO,1,8,value,27,0,0,0,0,0,,,,,1,19310823,2,NYC15,h,PIT,1,0,0,regular,y,y,
BRO193108251,fredj101,BRO,1,8,value,27,3,0,0,0,0,,,,,1,19310825,1,NYC15,h,PIT,0,1,0,regular,y,y,
BRO193108252,fredj101,BRO,1,8,value,27,6,0,0,0,0,,,,,1,19310825,2,NYC15,h,PIT,1,0,0,regular,y,y,
BRO193108301,fredj101,BRO,1,8,value,27,2,0,1,0,0,,,,,1,19310830,1,NYC15,h,BSN,0,1,0,regular,y,y,
BRO193108302,fredj101,BRO,1,8,value,27,8,0,0,0,0,,,,,1,19310830,2,NYC15,h,BSN,1,0,0,regular,y,y,
NY1193109040,fredj101,BRO,1,8,value,24,4,0,0,0,0,,,,,1,19310904,0,NYC14,v,NY1,0,1,0,regular,y,y,
NY1193109051,fredj101,BRO,1,8,value,24,3,0,0,0,0,,,,,1,19310905,1,NYC14,v,NY1,0,1,0,regular,y,y,
NY1193109052,fredj101,BRO,1,8,value,24,3,0,0,0,0,,,,,1,19310905,2,NYC14,v,NY1,0,1,0,regular,y,y,
BRO193109061,fredj101,BRO,1,8,value,27,2,0,1,0,0,,,,,1,19310906,1,NYC15,h,PHI,0,1,0,regular,y,y,
BRO193109062,fredj101,BRO,1,8,value,27,3,0,0,0,0,,,,,1,19310906,2,NYC15,h,PHI,1,0,0,regular,y,y,
BRO193109071,fredj101,BRO,1,8,value,30,2,0,0,0,0,,,,,1,19310907,1,NYC15,h,BSN,1,0,0,regular,y,y,
BRO193109072,fredj101,BRO,1,8,value,27,3,0,0,0,0,,,,,1,19310907,2,NYC15,h,BSN,1,0,0,regular,y,y,
BRO193109080,fredj101,BRO,1,8,value,27,3,1,0,0,0,,,,,1,19310908,0,NYC15,h,BSN,1,0,0,regular,y,y,
PIT193109090,fredj101,BRO,1,8,value,24,6,0,1,0,0,,,,,1,19310909,0,PIT06,v,PIT,0,1,0,regular,y,y,
CIN193109100,fredj101,BRO,1,8,value,24,3,0,0,0,0,,,,,1,19310910,0,CIN07,v,CIN,0,1,0,regular,y,y,
CIN193109110,fredj101,BRO,1,8,value,27,3,0,0,0,0,,,,,1,19310911,0,CIN07,v,CIN,1,0,0,regular,y,y,
CIN193109120,fredj101,BRO,1,8,value,24,5,1,0,1,0,,,,,1,19310912,0,CIN07,v,CIN,0,1,0,regular,y,y,
PIT193109151,fredj101,BRO,1,8,value,24,2,0,0,0,0,,,,,1,19310915,1,PIT06,v,PIT,0,1,0,regular,y,y,
PIT193109160,fredj101,BRO,1,8,value,27,2,0,0,0,0,,,,,1,19310916,0,PIT06,v,PIT,1,0,0,regular,y,y,
CHN193109170,fredj101,BRO,1,8,value,26,2,0,0,0,0,,,,,1,19310917,0,CHI11,v,CHN,0,1,0,regular,y,y,
CHN193109180,fredj101,BRO,1,8,value,27,1,0,0,0,0,,,,,1,19310918,0,CHI11,v,CHN,1,0,0,regular,y,y,
CHN193109190,fredj101,BRO,1,8,value,24,2,0,0,0,0,,,,,1,19310919,0,CHI11,v,CHN,0,1,0,regular,y,y,
SLN193109200,fredj101,BRO,1,8,value,27,2,0,0,0,0,,,,,1,19310920,0,STL07,v,SLN,1,0,0,regular,y,y,
SLN193109210,fredj101,BRO,1,8,value,13,1,0,0,0,0,,,,,0,19310921,0,STL07,v,SLN,0,1,0,regular,y,y,
SLN193109220,fredj101,BRO,1,8,value,27,2,0,1,0,0,,,,,1,19310922,0,STL07,v,SLN,1,0,0,regular,y,y,
BRO193109270,fredj101,BRO,1,8,value,27,5,0,0,0,0,,,,,1,19310927,0,NYC15,h,NY1,1,0,0,regular,y,y,
BRO193204120,fredj101,BRO,1,9,value,27,1,0,0,0,0,,,,,1,19320412,0,NYC15,h,BSN,0,1,0,regular,y,y,
BRO193204150,fredj101,BRO,1,9,value,27,2,0,0,0,0,,,,,1,19320415,0,NYC15,h,BSN,1,0,0,regular,y,y,
BRO193204160,fredj101,BRO,1,9,value,27,4,1,0,1,0,,,,,1,19320416,0,NYC15,h,PHI,1,0,0,regular,y,y,
BRO193204170,fredj101,BRO,1,9,value,33,2,0,0,0,0,,,,,1,19320417,0,NYC15,h,PHI,0,1,0,regular,y,y,
BRO193204180,fredj101,BRO,1,9,value,27,0,0,0,0,0,,,,,1,19320418,0,NYC15,h,PHI,1,0,0,regular,y,y,
BRO193204190,fredj101,BRO,1,9,value,27,2,0,0,0,0,,,,,1,19320419,0,NYC15,h,PHI,0,1,0,regular,y,y,
BSN193204210,fredj101,BRO,1,9,value,12,0,0,0,0,0,,,,,1,19320421,0,BOS08,v,BSN,0,1,0,regular,y,y,
BSN193204210,fredj101,BRO,2,8,value,12,2,0,0,0,0,,,,,0,19320421,0,BOS08,v,BSN,0,1,0,regular,y,y,
BSN193204220,fredj101,BRO,1,9,value,24,0,0,0,0,0,,,,,1,19320422,0,BOS08,v,BSN,0,1,0,regular,y,y,
BSN193204230,fredj101,BRO,1,9,value,24,2,0,0,0,0,,,,,1,19320423,0,BOS08,v,BSN,0,1,0,regular,y,y,
BRO193204240,fredj101,BRO,1,9,value,27,0,0,0,0,0,,,,,1,19320424,0,NYC15,h,NY1,0,1,0,regular,y,y,
PHI193204280,fredj101,BRO,1,8,value,27,1,0,0,0,0,,,,,1,19320428,0,PHI09,v,PHI,1,0,0,regular,y,y,
PHI193204290,fredj101,BRO,1,9,value,24,4,0,0,0,0,,,,,1,19320429,0,PHI09,v,PHI,0,1,0,regular,y,y,
PHI193204300,fredj101,BRO,1,8,value,38,5,0,1,0,0,,,,,1,19320430,0,PHI09,v,PHI,0,1,0,regular,y,y,
NY1193205020,fredj101,BRO,1,8,value,27,2,0,0,0,0,,,,,1,19320502,0,NYC14,v,NY1,1,0,0,regular,y,y,
NY1193205030,fredj101,BRO,1,8,value,27,3,0,0,0,0,,,,,1,19320503,0,NYC14,v,NY1,1,0,0,regular,y,y,
CHN193205050,fredj101,BRO,1,8,value,27,5,0,0,0,0,,,,,1,19320505,0,CHI11,v,CHN,1,0,0,regular,y,y,
CHN193205060,fredj101,BRO,1,8,value,24,0,0,0,0,0,,,,,1,19320506,0,CHI11,v,CHN,0,1,0,regular,y,y,
CHN193205070,fredj101,BRO,1,8,value,24,0,0,0,0,0,,,,,1,19320507,0,CHI11,v,CHN,0,1,0,regular,y,y,
CHN193205080,fredj101,BRO,1,8,value,24,3,1,1,0,0,,,,,1,19320508,0,CHI11,v,CHN,0,1,0,regular,y,y,
SLN193205090,fredj101,BRO,1,8,value,25,5,0,0,0,0,,,,,1,19320509,0,STL07,v,SLN,0,1,0,regular,y,y,
SLN193205110,fredj101,BRO,1,9,value,36,3,0,0,0,0,,,,,1,19320511,0,STL07,v,SLN,1,0,0,regular,y,y,
CIN193205120,fredj101,BRO,1,9,value,27,4,0,0,0,0,,,,,1,19320512,0,CIN07,v,CIN,1,0,0,regular,y,y,
CIN193205130,fredj101,BRO,1,9,value,27,1,0,0,0,0,,,,,1,19320513,0,CIN07,v,CIN,1,0,0,regular,y,y,
CIN193205140,fredj101,BRO,1,9,value,24,2,0,0,0,0,,,,,1,19320514,0,CIN07,v,CIN,0,1,0,regular,y,y,
BRO193205150,fredj101,BRO,1,9,value,27,3,0,0,0,0,,,,,1,19320515,0,NYC15,h,PIT,0,1,0,regular,y,y,
PIT193205160,fredj101,BRO,1,9,value,27,1,0,0,0,0,,,,,1,19320516,0,PIT06,v,PIT,1,0,0,regular,y,y,
PIT193205170,fredj101,BRO,1,9,value,24,0,0,0,0,0,,,,,1,19320517,0,PIT06,v,PIT,0,1,0,regular,y,y,
PIT193205180,fredj101,BRO,1,9,value,27,1,0,0,0,0,,,,,1,19320518,0,PIT06,v,PIT,1,0,0,regular,y,y,
BRO193205211,fredj101,BRO,1,8,value,27,4,0,0,0,0,,,,,1,19320521,1,NYC15,h,NY1,0,1,0,regular,y,y,
BRO193205212,fredj101,BRO,1,9,value,3,0,0,0,0,0,,,,,0,19320521,2,NYC15,h,NY1,1,0,0,regular,y,y,
BRO193205220,fredj101,BRO,1,8,value,27,3,0,0,0,0,,,,,1,19320522,0,NYC15,h,NY1,1,0,0,regular,y,y,
BSN193205230,fredj101,BRO,1,8,value,29,1,0,0,0,0,,,,,1,19320523,0,BOS08,v,BSN,0,1,0,regular,y,y,
BSN193205240,fredj101,BRO,1,8,value,27,5,0,0,0,0,,,,,1,19320524,0,BOS08,v,BSN,1,0,0,regular,y,y,
BSN193205250,fredj101,BRO,1,8,value,24,4,0,0,0,0,,,,,1,19320525,0,BOS08,v,BSN,0,1,0,regular,y,y,
NY1193205260,fredj101,BRO,1,8,value,36,6,0,0,0,0,,,,,1,19320526,0,NYC14,v,NY1,1,0,0,regular,y,y,
NY1193205270,fredj101,BRO,1,8,value,27,4,0,0,0,0,,,,,1,19320527,0,NYC14,v,NY1,1,0,0,regular,y,y,
NY1193205280,fredj101,BRO,1,8,value,27,2,0,0,0,0,,,,,1,19320528,0,NYC14,v,NY1,1,0,0,regular,y,y,
BRO193205291,fredj101,BRO,1,8,value,27,3,1,0,0,0,,,,,1,19320529,1,NYC15,h,BSN,0,1,0,regular,y,d,
BRO193205292,fredj101,BRO,1,8,value,27,3,0,0,0,0,,,,,1,19320529,2,NYC15,h,BSN,1,0,0,regular,y,y,
BRO193205301,fredj101,BRO,1,8,value,27,2,0,0,0,0,,,,,1,19320530,1,NYC15,h,PHI,1,0,0,regular,y,y,
BRO193205302,fredj101,BRO,1,8,value,27,2,0,0,0,0,,,,,1,19320530,2,NYC15,h,PHI,1,0,0,regular,y,y,
BRO193206021,fredj101,BRO,1,8,value,27,3,0,0,0,0,,,,,1,19320602,1,NYC15,h,BSN,1,0,0,regular,y,y,
BRO193206022,fredj101,BRO,1,8,value,27,2,0,0,0,0,,,,,1,19320602,2,NYC15,h,BSN,0,1,0,regular,y,y,
BRO193206030,fredj101,BRO,1,8,value,15,2,0,0,0,0,,,,,1,19320603,0,NYC15,h,BSN,0,1,0,regular,y,y,
BRO193206041,fredj101,BRO,1,8,value,27,2,0,0,0,0,,,,,1,19320604,1,NYC15,h,BSN,0,1,0,regular,y,y,
BRO193206042,fredj101,BRO,1,8,value,27,1,0,0,0,0,,,,,1,19320604,2,NYC15,h,BSN,1,0,0,regular,y,y,
BRO193206050,fredj101,BRO,1,8,value,21,1,0,0,0,0,,,,,1,19320605,0,NYC15,h,PHI,0,1,0,regular,y,y,
BRO193206281,fredj101,BRO,1,8,value,24,6,0,0,0,0,,,,,1,19320628,1,NYC15,h,NY1,0,1,0,regular,y,y,
BRO193206281,fredj101,BRO,2,9,value,3,0,0,1,0,0,,,,,0,19320628,1,NYC15,h,NY1,0,1,0,regular,y,y,
BRO193206282,fredj101,BRO,1,8,value,27,0,0,0,0,0,,,,,1,19320628,2,NYC15,h,NY1,1,0,0,regular,y,y,
PHI193206290,fredj101,BRO,1,8,value,27,5,0,0,0,0,,,,,1,19320629,0,PHI09,v,PHI,1,0,0,regular,y,y,
PHI193206300,fredj101,BRO,1,8,value,24,1,0,0,0,0,,,,,1,19320630,0,PHI09,v,PHI,0,1,0,regular,y,y,
BRO193207020,fredj101,BRO,1,8,value,27,4,0,0,0,0,,,,,1,19320702,0,NYC15,h,PHI,0,1,0,regular,y,y,
BRO193207030,fredj101,BRO,1,8,value,33,3,1,0,0,0,,,,,1,19320703,0,NYC15,h,PHI,0,1,0,regular,y,y,
CIN193207061,fredj101,BRO,1,8,value,24,5,0,0,0,0,,,,,1,19320706,1,CIN07,v,CIN,0,1,0,regular,y,y,
CIN193207062,fredj101,BRO,1,8,value,27,7,0,0,0,0,,,,,1,19320706,2,CIN07,v,CIN,1,0,0,regular,y,y,
CIN193207080,fredj101,BRO,1,8,value,27,8,0,0,0,0,,,,,1,19320708,0,CIN07,v,CIN,1,0,0,regular,y,y,
PIT193207090,fredj101,BRO,1,8,value,27,4,0,0,0,0,,,,,1,19320709,0,PIT06,v,PIT,1,0,0,regular,y,y,
BRO193207100,fredj101,BRO,1,8,value,21,2,0,0,0,0,,,,,1,19320710,0,NYC15,h,PIT,0,1,0,regular,y,y,
SLN193207172,fredj101,BRO,1,9,value,27,1,0,1,0,0,,,,,1,19320717,2,STL07,v,SLN,1,0,0,regular,y,y,
PHI193207220,fredj101,BRO,1,8,value,24,1,0,0,0,0,,,,,1,19320722,0,PHI09,v,PHI,0,1,0,regular,y,y,
PHI193207231,fredj101,BRO,1,8,value,24,1,0,0,0,0,,,,,1,19320723,1,PHI09,v,PHI,0,1,0,regular,y,y,
PHI193207232,fredj101,BRO,1,8,value,24,1,0,0,0,0,,,,,1,19320723,2,PHI09,v,PHI,0,1,0,regular,y,y,
BRO193207240,fredj101,BRO,1,8,value,27,3,0,0,0,0,,,,,1,19320724,0,NYC15,h,PHI,1,0,0,regular,y,y,
BRO193207261,fredj101,BRO,1,8,value,27,3,0,0,0,0,,,,,1,19320726,1,NYC15,h,SLN,1,0,0,regular,y,y,
BRO193207262,fredj101,BRO,1,8,value,27,2,0,0,0,0,,,,,1,19320726,2,NYC15,h,SLN,1,0,0,regular,y,y,
BRO193207270,fredj101,BRO,1,8,value,27,2,1,0,0,0,,,,,1,19320727,0,NYC15,h,SLN,1,0,0,regular,y,y,
BRO193207281,fredj101,BRO,1,8,value,12,2,0,0,0,0,,,,,1,19320728,1,NYC15,h,SLN,1,0,0,regular,y,y,
BRO193207282,fredj101,BRO,1,8,value,24,0,0,0,0,0,,,,,1,19320728,2,NYC15,h,SLN,0,1,0,regular,y,y,
NY1193208120,fredj101,BRO,1,9,value,21,3,0,0,0,0,,,,,0,19320812,0,NYC14,v,NY1,1,0,0,regular,y,y,
NY1193208131,fredj101,BRO,1,7,value,12,0,0,0,0,0,,,,,0,19320813,1,NYC14,v,NY1,1,0,0,regular,y,y,
CHN193208250,fredj101,BRO,1,9,value,9,2,0,0,0,0,,,,,0,19320825,0,CHI11,v,CHN,0,1,0,regular,y,y,
SLN193208282,fredj101,BRO,1,9,value,24,1,0,0,0,0,,,,,1,19320828,2,STL07,v,SLN,0,1,0,regular,y,y,
SLN193208300,fredj101,BRO,1,9,value,6,0,0,0,0,0,,,,,0,19320830,0,STL07,v,SLN,1,0,0,regular,y,y,
CIN193208312,fredj101,BRO,1,9,value,6,0,0,0,0,0,,,,,0,19320831,2,CIN07,v,CIN,1,0,0,regular,y,y,
BSN193209052,fredj101,BRO,1,9,value,24,2,0,0,0,0,,,,,1,19320905,2,BOS08,v,BSN,0,1,0,regular,y,d,
BRO193209071,fredj101,BRO,1,9,value,15,0,0,0,0,0,,,,,0,19320907,1,NYC15,h,PIT,0,1,0,regular,y,y,
BRO193209080,fredj101,BRO,1,9,value,27,2,0,1,0,0,,,,,1,19320908,0,NYC15,h,PIT,1,0,0,regular,y,y,
BRO193209110,fredj101,BRO,1,9,value,27,2,0,0,0,0,,,,,1,19320911,0,NYC15,h,CHN,0,1,0,regular,y,y,
BRO193209131,fredj101,BRO,1,9,value,30,3,0,0,0,0,,,,,1,19320913,1,NYC15,h,SLN,1,0,0,regular,y,y,
BRO193209132,fredj101,BRO,1,9,value,27,0,0,0,0,0,,,,,1,19320913,2,NYC15,h,SLN,1,0,0,regular,y,y,
BRO193209140,fredj101,BRO,1,9,value,27,3,0,0,0,0,,,,,1,19320914,0,NYC15,h,SLN,1,0,0,regular,y,y,
BRO193209150,fredj101,BRO,1,9,value,27,4,1,0,1,0,,,,,1,19320915,0,NYC15,h,SLN,0,1,0,regular,y,y,
BRO193209171,fredj101,BRO,1,9,value,27,2,0,0,0,0,,,,,1,19320917,1,NYC15,h,CIN,1,0,0,regular,y,y,
BRO193209180,fredj101,BRO,1,9,value,27,2,0,0,0,0,,,,,1,19320918,0,NYC15,h,PHI,0,1,0,regular,y,y,
PHI193209190,fredj101,BRO,1,9,value,6,0,0,0,0,0,,,,,0,19320919,0,PHI09,v,PHI,0,1,0,regular,y,y,
PHI193209200,fredj101,BRO,1,9,value,27,4,0,0,0,0,,,,,1,19320920,0,PHI09,v,PHI,1,0,0,regular,y,y,
NY1193209220,fredj101,BRO,1,9,value,27,0,0,0,0,0,,,,,1,19320922,0,NYC14,v,NY1,1,0,0,regular,y,y,
BRO193209250,fredj101,BRO,1,9,value,27,1,0,0,0,0,,,,,1,19320925,0,NYC15,h,BSN,0,1,0,regular,y,y,
PTC193209270,fredj101,NLN,1,7,value,24,0,0,0,0,0,,,,,1,19320927,0,YOR01,v,PTC,0,1,0,exhibition,y,,
PTC193209280,fredj101,NLN,1,7,value,27,1,0,0,0,0,,,,,1,19320928,0,PIT09,v,PTC,1,0,0,exhibition,y,,
PTC193209300,fredj101,NLN,1,7,value,24,1,0,0,0,0,,,,,1,19320930,0,ALT02,v,PTC,0,1,0,exhibition,y,,
PTC193210011,fredj101,NLN,1,7,value,21,2,0,0,0,0,,,,,1,19321001,1,PIT09,v,PTC,0,1,0,exhibition,y,,
PTC193210012,fredj101,NLN,1,7,value,27,2,0,0,0,0,,,,,1,19321001,2,PIT09,v,PTC,1,0,0,exhibition,y,,
PTC193210021,fredj101,NLN,1,7,value,29,1,0,0,0,0,,,,,1,19321002,1,CLE07,v,PTC,0,1,0,exhibition,y,,
PTC193210022,fredj101,NLN,1,8,value,18,2,0,0,0,0,,,,,1,19321002,2,CLE07,v,PTC,0,1,0,exhibition,y,,
PHI193304130,fredj101,BRO,1,9,value,27,2,0,0,0,0,,,,,1,19330413,0,PHI09,v,PHI,1,0,0,regular,y,y,
PHI193304140,fredj101,BRO,1,9,value,27,2,0,0,0,0,,,,,1,19330414,0,PHI09,v,PHI,1,0,0,regular,y,y,
PHI193304150,fredj101,BRO,1,9,value,25,2,0,0,0,0,,,,,1,19330415,0,PHI09,v,PHI,0,1,0,regular,y,y,
NY1193304250,fredj101,BRO,1,9,value,24,1,0,0,0,0,,,,,1,19330425,0,NYC14,v,NY1,0,1,0,regular,y,y,
BRO193304260,fredj101,BRO,1,9,value,27,1,0,0,0,0,,,,,1,19330426,0,NYC15,h,BSN,1,0,0,regular,y,y,
BRO193304270,fredj101,BRO,1,9,value,27,3,0,1,0,0,,,,,1,19330427,0,NYC15,h,BSN,1,0,0,regular,y,y,
BRO193304290,fredj101,BRO,1,9,value,27,3,0,0,0,0,,,,,1,19330429,0,NYC15,h,NY1,0,1,0,regular,y,y,
BRO193304300,fredj101,BRO,1,9,value,27,0,0,0,0,0,,,,,1,19330430,0,NYC15,h,PHI,1,0,0,regular,y,y,
BRO193305020,fredj101,BRO,1,9,value,27,1,0,1,0,0,,,,,1,19330502,0,NYC15,h,SLN,0,1,0,regular,y,y,
BRO193305040,fredj101,BRO,1,9,value,30,4,0,0,0,0,,,,,1,19330504,0,NYC15,h,PIT,0,1,0,regular,y,y,
BRO193305050,fredj101,BRO,1,9,value,27,1,1,0,0,0,,,,,1,19330505,0,NYC15,h,PIT,0,1,0,regular,y,y,
BRO193305071,fredj101,BRO,1,9,value,27,7,1,0,0,0,,,,,1,19330507,1,NYC15,h,SLN,0,1,0,regular,y,y,
BRO193305072,fredj101,BRO,1,9,value,27,1,0,0,0,0,,,,,1,19330507,2,NYC15,h,SLN,1,0,0,regular,y,y,
BRO193305110,fredj101,BRO,1,9,value,27,2,0,0,0,0,,,,,1,19330511,0,NYC15,h,CIN,1,0,0,regular,y,y,
BRO193305120,fredj101,BRO,1,9,value,27,4,0,0,0,0,,,,,1,19330512,0,NYC15,h,CIN,0,1,0,regular,y,y,
BRO193305130,fredj101,BRO,1,9,value,30,1,1,0,0,0,,,,,1,19330513,0,NYC15,h,CIN,0,0,1,regular,y,y,
BRO193305140,fredj101,BRO,1,9,value,27,1,0,0,0,0,,,,,1,19330514,0,NYC15,h,PHI,1,0,0,regular,y,y,
SLN193305160,fredj101,BRO,1,9,value,27,4,0,0,0,0,,,,,1,19330516,0,STL07,v,SLN,1,0,0,regular,y,y,
SLN193305170,fredj101,BRO,1,9,value,27,3,0,0,0,0,,,,,1,19330517,0,STL07,v,SLN,1,0,0,regular,y,y,
SLN193305180,fredj101,BRO,1,9,value,27,0,0,0,0,0,,,,,1,19330518,0,STL07,v,SLN,1,0,0,regular,y,y,
CHN193305200,fredj101,BRO,1,9,value,24,1,0,0,0,0,,,,,1,19330520,0,CHI11,v,CHN,0,1,0,regular,y,y,
CHN193305211,fredj101,BRO,1,9,value,28,1,0,0,0,0,,,,,1,19330521,1,CHI11,v,CHN,0,1,0,regular,y,y,
CHN193305212,fredj101,BRO,1,9,value,24,1,0,0,0,0,,,,,1,19330521,2,CHI11,v,CHN,0,1,0,regular,y,y,
PIT193305220,fredj101,BRO,1,9,value,27,1,0,0,0,0,,,,,1,19330522,0,PIT06,v,PIT,1,0,0,regular,y,y,
PIT193305230,fredj101,BRO,1,9,value,24,5,0,0,0,0,,,,,1,19330523,0,PIT06,v,PIT,0,1,0,regular,y,y,
PIT193305240,fredj101,BRO,1,9,value,28,4,0,0,0,0,,,,,1,19330524,0,PIT06,v,PIT,0,1,0,regular,y,y,
CIN193305250,fredj101,BRO,1,9,value,24,2,0,0,0,0,,,,,1,19330525,0,CIN07,v,CIN,0,1,0,regular,y,y,
CIN193305260,fredj101,BRO,1,9,value,24,0,0,0,0,0,,,,,1,19330526,0,CIN07,v,CIN,0,1,0,regular,y,y,
CIN193305270,fredj101,BRO,1,9,value,24,4,0,0,0,0,,,,,1,19330527,0,CIN07,v,CIN,0,1,0,regular,y,y,
BRO193305280,fredj101,BRO,1,9,value,27,1,0,0,0,0,,,,,1,19330528,0,NYC15,h,NY1,1,0,0,regular,y,y,
NY1193305301,fredj101,BRO,1,9,value,24,2,0,0,0,0,,,,,1,19330530,1,NYC14,v,NY1,0,1,0,regular,y,y,
NY1193305302,fredj101,BRO,1,9,value,27,2,0,0,0,0,,,,,1,19330530,2,NYC14,v,NY1,1,0,0,regular,y,y,
BSN193306021,fredj101,BRO,1,9,value,24,1,0,0,0,0,,,,,1,19330602,1,BOS08,v,BSN,0,1,0,regular,y,y,
BSN193306022,fredj101,BRO,1,9,value,27,1,1,0,0,0,,,,,1,19330602,2,BOS08,v,BSN,1,0,0,regular,y,y,
BSN193306031,fredj101,BRO,1,9,value,24,4,0,0,0,0,,,,,1,19330603,1,BOS08,v,BSN,0,1,0,regular,y,y,
BSN193306032,fredj101,BRO,1,9,value,27,0,0,0,0,0,,,,,1,19330603,2,BOS08,v,BSN,1,0,0,regular,y,y,
BRO193306041,fredj101,BRO,1,9,value,27,1,0,0,0,0,,,,,1,19330604,1,NYC15,h,NY1,0,1,0,regular,y,y,
BRO193306042,fredj101,BRO,1,9,value,27,2,0,0,0,0,,,,,1,19330604,2,NYC15,h,NY1,0,1,0,regular,y,y,
BRO193306060,fredj101,BRO,1,9,value,27,3,0,0,0,0,,,,,1,19330606,0,NYC15,h,NY1,0,1,0,regular,y,y,
BRO193306100,fredj101,BRO,1,9,value,27,2,0,0,0,0,,,,,1,19330610,0,NYC15,h,BSN,1,0,0,regular,y,y,
BRO193306111,fredj101,BRO,1,9,value,27,4,0,0,0,0,,,,,1,19330611,1,NYC15,h,BSN,0,1,0,regular,y,y,
BRO193306112,fredj101,BRO,1,9,value,27,3,0,0,0,0,,,,,1,19330611,2,NYC15,h,BSN,1,0,0,regular,y,y,
PHI193306120,fredj101,BRO,1,9,value,24,0,0,0,0,0,,,,,1,19330612,0,PHI09,v,PHI,0,1,0,regular,y,y,
PHI193306130,fredj101,BRO,1,8,value,24,2,0,0,0,0,,,,,1,19330613,0,PHI09,v,PHI,0,1,0,regular,y,y,
PHI193306140,fredj101,BRO,1,9,value,27,2,0,0,0,0,,,,,1,19330614,0,PHI09,v,PHI,1,0,0,regular,y,y,
PHI193306150,fredj101,BRO,1,9,value,27,3,0,0,0,0,,,,,1,19330615,0,PHI09,v,PHI,1,0,0,regular,y,y,
NY1193306160,fredj101,BRO,1,9,value,27,0,0,0,0,0,,,,,1,19330616,0,NYC14,v,NY1,1,0,0,regular,y,y,
NY1193306171,fredj101,BRO,1,9,value,24,3,1,1,0,0,,,,,1,19330617,1,NYC14,v,NY1,0,1,0,regular,y,y,
NY1193306172,fredj101,BRO,1,9,value,33,4,0,0,0,0,,,,,1,19330617,2,NYC14,v,NY1,0,0,1,regular,y,y,
BRO193306180,fredj101,BRO,1,9,value,27,2,0,0,0,0,,,,,1,19330618,0,NYC15,h,PHI,1,0,0,regular,y,y,
BRO193306190,fredj101,BRO,1,9,value,27,3,0,0,0,0,,,,,1,19330619,0,NYC15,h,SLN,1,0,0,regular,y,y,
BRO193306200,fredj101,BRO,1,9,value,27,2,0,1,0,0,,,,,1,19330620,0,NYC15,h,SLN,0,1,0,regular,y,y,
BRO193306210,fredj101,BRO,1,9,value,21,1,0,0,0,0,,,,,1,19330621,0,NYC15,h,SLN,0,1,0,regular,y,y,y
BRO193306220,fredj101,BRO,1,9,value,27,0,0,0,0,0,,,,,1,19330622,0,NYC15,h,PIT,1,0,0,regular,y,y,
BRO193306230,fredj101,BRO,1,9,value,27,3,0,0,0,0,,,,,1,19330623,0,NYC15,h,PIT,1,0,0,regular,y,y,
BRO193306240,fredj101,BRO,1,9,value,27,3,0,0,0,0,,,,,1,19330624,0,NYC15,h,PIT,0,1,0,regular,y,y,
BRO193306251,fredj101,BRO,1,9,value,27,2,0,1,0,0,,,,,1,19330625,1,NYC15,h,PIT,0,1,0,regular,y,y,
BRO193306251,fredj101,BRO,1,9,official,,,,0,0,,,,,,1,19330625,1,NYC15,h,PIT,0,1,0,regular,y,y,
BRO193306252,fredj101,BRO,1,9,value,27,4,1,0,0,0,,,,,1,19330625,2,NYC15,h,PIT,1,0,0,regular,y,y,
BRO193306270,fredj101,BRO,1,9,value,27,2,1,1,1,0,,,,,1,19330627,0,NYC15,h,CIN,1,0,0,regular,y,y,
BRO193306281,fredj101,BRO,1,9,value,27,4,0,0,0,0,,,,,1,19330628,1,NYC15,h,CIN,0,1,0,regular,y,y,
BRO193306282,fredj101,BRO,1,9,value,27,1,0,0,0,0,,,,,1,19330628,2,NYC15,h,CIN,1,0,0,regular,y,y,
BRO193306290,fredj101,BRO,1,9,value,27,3,0,0,0,0,,,,,1,19330629,0,NYC15,h,CHN,0,1,0,regular,y,y,
BRO193306300,fredj101,BRO,1,9,value,27,2,1,0,0,0,,,,,1,19330630,0,NYC15,h,CHN,1,0,0,regular,y,y,
BRO193307010,fredj101,BRO,1,9,value,27,2,0,0,0,0,,,,,1,19330701,0,NYC15,h,CHN,0,1,0,regular,y,y,
BRO193307021,fredj101,BRO,1,9,value,27,3,0,0,0,0,,,,,1,19330702,1,NYC15,h,CHN,1,0,0,regular,y,y,
BRO193307022,fredj101,BRO,1,9,value,27,0,0,0,0,0,,,,,1,19330702,2,NYC15,h,CHN,1,0,0,regular,y,y,
BRO193307041,fredj101,BRO,1,9,value,27,0,0,0,0,0,,,,,1,19330704,1,NYC15,h,PHI,0,1,0,regular,y,y,
BRO193307042,fredj101,BRO,1,9,value,27,0,0,0,0,0,,,,,1,19330704,2,NYC15,h,PHI,0,1,0,regular,y,y,
SLN193307070,fredj101,BRO,1,9,value,27,3,0,0,0,0,,,,,1,19330707,0,STL07,v,SLN,1,0,0,regular,y,y,
SLN193307080,fredj101,BRO,1,8,value,24,5,0,0,0,0,,,,,1,19330708,0,STL07,v,SLN,0,1,0,regular,y,y,
SLN193307091,fredj101,BRO,1,8,value,3,0,0,0,0,0,,,,,0,19330709,1,STL07,v,SLN,1,0,0,regular,y,y,
SLN193307092,fredj101,BRO,1,8,value,24,3,0,0,0,0,,,,,1,19330709,2,STL07,v,SLN,0,1,0,regular,y,y,
CHN193307110,fredj101,BRO,1,8,value,24,1,0,0,0,0,,,,,1,19330711,0,CHI11,v,CHN,0,1,0,regular,y,y,
CHN193307120,fredj101,BRO,1,8,value,24,1,0,0,0,0,,,,,1,19330712,0,CHI11,v,CHN,0,1,0,regular,y,y,
CHN193307130,fredj101,BRO,1,8,value,24,1,0,0,0,0,,,,,1,19330713,0,CHI11,v,CHN,0,1,0,regular,y,y,
CHN193307140,fredj101,BRO,1,8,value,27,4,0,0,0,0,,,,,1,19330714,0,CHI11,v,CHN,1,0,0,regular,y,y,
PIT193307171,fredj101,BRO,1,9,value,24,4,0,0,0,0,,,,,1,19330717,1,PIT06,v,PIT,0,1,0,regular,y,y,
PIT193307172,fredj101,BRO,1,9,value,24,1,0,0,0,0,,,,,1,19330717,2,PIT06,v,PIT,0,1,0,regular,y,y,
PIT193307180,fredj101,BRO,1,9,value,24,7,0,0,0,0,,,,,1,19330718,0,PIT06,v,PIT,0,1,0,regular,y,y,
CIN193307190,fredj101,BRO,1,9,value,24,2,0,0,0,0,,,,,1,19330719,0,CIN07,v,CIN,0,1,0,regular,y,y,
CIN193307200,fredj101,BRO,1,9,value,26,1,0,0,0,0,,,,,1,19330720,0,CIN07,v,CIN,0,1,0,regular,y,y,
CIN193307210,fredj101,BRO,1,9,value,26,3,0,0,0,0,,,,,1,19330721,0,CIN07,v,CIN,0,1,0,regular,y,y,
CIN193307220,fredj101,BRO,1,9,value,27,6,0,0,0,0,,,,,1,19330722,0,CIN07,v,CIN,1,0,0,regular,y,y,
BRO193307230,fredj101,BRO,1,9,value,27,4,0,0,0,0,,,,,1,19330723,0,NYC15,h,NY1,0,1,0,regular,y,y,
NY1193307261,fredj101,BRO,1,8,value,25,3,0,0,0,0,,,,,1,19330726,1,NYC14,v,NY1,0,1,0,regular,y,y,
NY1193307262,fredj101,BRO,1,8,value,24,2,0,0,0,0,,,,,1,19330726,2,NYC14,v,NY1,0,1,0,regular,y,y,
NY1193307270,fredj101,BRO,1,8,value,24,2,0,0,0,0,,,,,1,19330727,0,NYC14,v,NY1,0,1,0,regular,y,y,
PHI193307291,fredj101,BRO,1,8,value,6,0,0,0,0,0,,,,,0,19330729,1,PHI09,v,PHI,1,0,0,regular,y,y,
PHI193307292,fredj101,BRO,1,8,value,9,2,0,0,0,0,,,,,0,19330729,2,PHI09,v,PHI,1,0,0,regular,y,y,
BRO193307300,fredj101,BRO,1,8,value,27,5,0,0,0,0,,,,,1,19330730,0,NYC15,h,PHI,0,1,0,regular,y,y,
BSN193308041,fredj101,BRO,1,8,value,24,5,0,0,0,0,,,,,1,19330804,1,BOS08,v,BSN,0,1,0,regular,y,y,
BSN193308042,fredj101,BRO,1,8,value,24,0,0,0,0,0,,,,,1,19330804,2,BOS08,v,BSN,0,1,0,regular,y,y,
BSN193308050,fredj101,BRO,1,8,value,24,6,0,0,0,0,,,,,1,19330805,0,BOS08,v,BSN,0,1,0,regular,y,y,
BRO193308062,fredj101,BRO,1,8,value,27,3,0,0,0,0,,,,,1,19330806,2,NYC15,h,NY1,0,1,0,regular,y,y,
BRO193308080,fredj101,BRO,1,8,value,33,5,0,0,0,0,,,,,1,19330808,0,NYC15,h,NY1,1,0,0,regular,y,y,
BRO193308132,fredj101,BRO,1,8,value,27,6,0,0,0,0,,,,,1,19330813,2,NYC15,h,BSN,1,0,0,regular,y,y,
BRO193308162,fredj101,BRO,1,8,value,27,3,1,0,0,0,,,,,1,19330816,2,NYC15,h,PIT,0,1,0,regular,y,y,
BRO193308201,fredj101,BRO,1,8,value,21,0,0,0,0,0,,,,,1,19330820,1,NYC15,h,SLN,0,1,0,regular,y,y,
BRO193308201,fredj101,BRO,2,9,value,6,1,0,0,0,0,,,,,0,19330820,1,NYC15,h,SLN,0,1,0,regular,y,y,
BRO193308202,fredj101,BRO,1,8,value,27,2,0,0,0,0,,,,,1,19330820,2,NYC15,h,SLN,0,1,0,regular,y,y,
BRO193308241,fredj101,BRO,1,8,value,27,2,0,0,0,0,,,,,1,19330824,1,NYC15,h,CIN,1,0,0,regular,y,y,
BRO193308242,fredj101,BRO,1,8,value,27,4,0,0,0,0,,,,,1,19330824,2,NYC15,h,CIN,0,1,0,regular,y,y,
BRO193308251,fredj101,BRO,1,9,value,27,2,0,0,0,0,,,,,1,19330825,1,NYC15,h,CIN,1,0,0,regular,y,y,
BRO193308252,fredj101,BRO,1,9,value,27,0,0,0,0,0,,,,,1,19330825,2,NYC15,h,CIN,1,0,0,regular,y,y,
BRO193308261,fredj101,BRO,1,9,value,27,1,0,0,0,0,,,,,1,19330826,1,NYC15,h,CIN,0,1,0,regular,y,y,
BRO193308262,fredj101,BRO,1,9,value,27,1,0,0,0,0,,,,,1,19330826,2,NYC15,h,CIN,1,0,0,regular,y,y,
BRO193308271,fredj101,BRO,1,9,value,27,4,0,0,0,0,,,,,1,19330827,1,NYC15,h,CHN,0,1,0,regular,y,y,
BRO193308272,fredj101,BRO,1,9,value,27,2,0,0,0,0,,,,,1,19330827,2,NYC15,h,CHN,1,0,0,regular,y,y,
BRO193308291,fredj101,BRO,1,9,value,27,2,0,0,0,0,,,,,1,19330829,1,NYC15,h,CHN,1,0,0,regular,y,y,
BRO193308292,fredj101,BRO,1,9,value,27,0,0,1,0,0,,,,,1,19330829,2,NYC15,h,CHN,0,1,0,regular,y,y,
BRO193308301,fredj101,BRO,1,9,value,27,1,0,0,0,0,,,,,1,19330830,1,NYC15,h,CHN,0,1,0,regular,y,y,
BRO193308302,fredj101,BRO,1,9,value,27,1,0,0,0,0,,,,,1,19330830,2,NYC15,h,CHN,1,0,0,regular,y,y,
BRO193308311,fredj101,BRO,1,9,value,27,2,0,0,0,0,,,,,1,19330831,1,NYC15,h,SLN,0,1,0,regular,y,y,
BRO193308312,fredj101,BRO,1,9,value,27,1,0,0,0,0,,,,,1,19330831,2,NYC15,h,SLN,0,1,0,regular,y,y,
BRO193309020,fredj101,BRO,1,9,value,27,1,0,0,0,0,,,,,1,19330902,0,NYC15,h,PHI,0,1,0,regular,y,y,
CIN193309061,fredj101,BRO,1,9,value,27,3,0,0,0,0,,,,,1,19330906,1,CIN07,v,CIN,1,0,0,regular,y,y,
CIN193309062,fredj101,BRO,1,9,value,24,3,0,0,0,0,,,,,1,19330906,2,CIN07,v,CIN,0,1,0,regular,y,y,
CIN193309070,fredj101,BRO,1,9,value,27,5,0,1,0,0,,,,,1,19330907,0,CIN07,v,CIN,1,0,0,regular,y,y,
CIN193309080,fredj101,BRO,1,9,value,24,1,0,0,0,0,,,,,1,19330908,0,CIN07,v,CIN,0,1,0,regular,y,y,
PIT193309092,fredj101,BRO,1,8,value,24,1,0,0,0,0,,,,,1,19330909,2,PIT06,v,PIT,1,0,0,regular,y,y,
PIT193309092,fredj101,BRO,2,9,value,3,0,0,0,0,0,,,,,0,19330909,2,PIT06,v,PIT,1,0,0,regular,y,y,
BRO193309101,fredj101,BRO,1,8,value,27,2,0,0,0,0,,,,,1,19330910,1,NYC15,h,PIT,0,1,0,regular,y,y,
BRO193309102,fredj101,BRO,1,9,value,27,1,0,0,0,0,,,,,1,19330910,2,NYC15,h,PIT,1,0,0,regular,y,y,
PIT193309121,fredj101,BRO,1,8,value,25,4,0,0,0,0,,,,,1,19330912,1,PIT06,v,PIT,0,1,0,regular,y,y,
PIT193309122,fredj101,BRO,1,9,value,24,4,0,0,0,0,,,,,1,19330912,2,PIT06,v,PIT,0,1,0,regular,y,y,
SLN193309130,fredj101,BRO,1,8,value,24,2,0,0,0,0,,,,,1,19330913,0,STL07,v,SLN,0,1,0,regular,y,y,
SLN193309150,fredj101,BRO,1,9,value,9,1,0,0,0,0,,,,,1,19330915,0,STL07,v,SLN,1,0,0,regular,y,y,
SLN193309160,fredj101,BRO,1,9,value,9,0,0,1,0,0,,,,,1,19330916,0,STL07,v,SLN,0,1,0,regular,y,y,
CHN193309171,fredj101,BRO,1,9,value,24,2,0,0,0,0,,,,,1,19330917,1,CHI11,v,CHN,0,1,0,regular,y,y,
CHN193309172,fredj101,BRO,1,9,value,24,1,0,1,0,0,,,,,1,19330917,2,CHI11,v,CHN,0,1,0,regular,y,y,
CHN193309180,fredj101,BRO,1,7,value,27,3,0,0,0,0,,,,,1,19330918,0,CHI11,v,CHN,1,0,0,regular,y,y,
CHN193309190,fredj101,BRO,1,7,value,27,3,0,0,0,0,,,,,1,19330919,0,CHI11,v,CHN,1,0,0,regular,y,y,
PIT193309200,fredj101,BRO,1,7,value,24,0,0,0,0,0,,,,,1,19330920,0,PIT06,v,PIT,0,1,0,regular,y,y,
NY1193309231,fredj101,BRO,1,7,value,27,1,0,0,0,0,,,,,1,19330923,1,NYC14,v,NY1,1,0,0,regular,y,y,
NY1193309232,fredj101,BRO,1,7,value,27,1,0,0,0,0,,,,,1,19330923,2,NYC14,v,NY1,1,0,0,regular,y,y,
BRO193309241,fredj101,BRO,1,7,value,27,3,0,0,0,0,,,,,1,19330924,1,NYC15,h,PHI,1,0,0,regular,y,y,
BRO193309282,fredj101,BRO,1,7,value,30,2,0,0,0,0,,,,,1,19330928,2,NYC15,h,BSN,0,0,1,regular,y,y,
BRO193309290,fredj101,BRO,1,7,value,6,0,0,0,0,0,,,,,0,19330929,0,NYC15,h,BSN,0,1,0,regular,y,y,
BRO193309300,fredj101,BRO,1,7,value,27,2,0,0,0,0,,,,,1,19330930,0,NYC15,h,NY1,0,1,0,regular,y,y,
BRO193310010,fredj101,BRO,1,7,value,27,5,0,0,0,0,,,,,1,19331001,0,NYC15,h,NY1,1,0,0,regular,y,y,
BRO193404170,fredj101,BRO,1,9,value,27,1,0,0,0,0,,,,,1,19340417,0,NYC15,h,BSN,1,0,0,regular,y,y,
BRO193404180,fredj101,BRO,1,9,value,27,0,0,0,0,0,,,,,1,19340418,0,NYC15,h,BSN,0,1,0,regular,y,y,
BRO193404190,fredj101,BRO,1,9,value,21,3,1,0,1,0,,,,,1,19340419,0,NYC15,h,BSN,0,0,1,regular,y,y,
BRO193404200,fredj101,BRO,1,9,value,27,2,0,0,0,0,,,,,1,19340420,0,NYC15,h,PHI,1,0,0,regular,y,y,
BRO193404210,fredj101,BRO,1,9,value,27,1,0,0,0,0,,,,,1,19340421,0,NYC15,h,PHI,1,0,0,regular,y,y,
BRO193404220,fredj101,BRO,1,9,value,27,1,0,1,0,0,,,,,1,19340422,0,NYC15,h,PHI,1,0,0,regular,y,y,
BSN193404240,fredj101,BRO,1,9,value,24,1,0,0,0,0,,,,,1,19340424,0,BOS08,v,BSN,0,1,0,regular,y,y,
BSN193404250,fredj101,BRO,1,9,value,24,0,0,0,0,0,,,,,1,19340425,0,BOS08,v,BSN,0,1,0,regular,y,y,
BSN193404260,fredj101,BRO,1,9,value,24,0,0,0,0,0,,,,,1,19340426,0,BOS08,v,BSN,0,1,0,regular,y,y,
PHI193404280,fredj101,BRO,1,9,value,24,2,0,1,0,0,,,,,1,19340428,0,PHI09,v,PHI,0,1,0,regular,y,y,
PHI193404290,fredj101,BRO,1,9,value,27,0,0,0,0,0,,,,,1,19340429,0,PHI09,v,PHI,1,0,0,regular,y,d,
NY1193404300,fredj101,BRO,1,9,value,3,0,0,0,0,0,,,,,1,19340430,0,NYC14,v,NY1,0,1,0,regular,y,y,
SLN193405130,fredj101,BRO,1,9,value,24,1,0,0,0,0,,,,,1,19340513,0,STL07,v,SLN,0,1,0,regular,y,y,
BRO193405210,fredj101,BRO,1,3,value,12,2,2,0,0,0,,,,,0,19340521,0,NYC15,h,CHN,0,1,0,regular,y,y,
BRO193405240,fredj101,BRO,1,7,value,27,3,0,0,0,0,,,,,1,19340524,0,NYC15,h,SLN,0,1,0,regular,y,y,
BRO193405290,fredj101,BRO,1,7,value,12,3,0,0,0,0,,,,,0,19340529,0,NYC15,h,NY1,0,1,0,regular,y,y,
BRO193405301,fredj101,BRO,1,9,value,27,2,0,0,0,0,,,,,1,19340530,1,NYC15,h,NY1,0,1,0,regular,y,y,
BSN193406020,fredj101,BRO,1,7,value,24,2,0,0,0,0,,,,,1,19340602,0,BOS08,v,BSN,0,1,0,regular,y,y,
PHI193406052,fredj101,BRO,1,9,value,24,0,0,0,0,0,,,,,1,19340605,2,PHI09,v,PHI,0,1,0,regular,y,y,
PHI193406060,fredj101,BRO,1,9,value,24,1,1,0,1,0,,,,,1,19340606,0,PHI09,v,PHI,0,1,0,regular,y,y,
BRO193406092,fredj101,BRO,1,9,value,27,2,0,0,0,0,,,,,1,19340609,2,NYC15,h,BSN,1,0,0,regular,y,y,
PIT193406130,fredj101,BRO,1,7,value,12,1,0,0,0,0,,,,,0,19340613,0,PIT06,v,PIT,0,1,0,regular,y,y,
CIN193406171,fredj101,BRO,1,7,value,3,0,0,0,0,0,,,,,0,19340617,1,CIN07,v,CIN,1,0,0,regular,y,y,
CIN193406172,fredj101,BRO,1,9,value,27,2,0,0,0,0,,,,,1,19340617,2,CIN07,v,CIN,1,0,0,regular,y,y,
CIN193406190,fredj101,BRO,1,9,value,24,3,0,0,0,0,,,,,1,19340619,0,CIN07,v,CIN,0,1,0,regular,y,y,
SLN193406200,fredj101,BRO,1,9,value,9,0,0,0,0,0,,,,,0,19340620,0,STL07,v,SLN,1,0,0,regular,y,y,
SLN193406210,fredj101,BRO,1,9,value,24,4,0,0,0,0,,,,,1,19340621,0,STL07,v,SLN,0,1,0,regular,y,y,
SLN193406220,fredj101,BRO,1,9,value,24,3,0,0,0,0,,,,,1,19340622,0,STL07,v,SLN,0,1,0,regular,y,y,
SLN193406230,fredj101,BRO,1,9,value,24,4,1,0,0,0,,,,,1,19340623,0,STL07,v,SLN,0,1,0,regular,y,y,
CHN193406241,fredj101,BRO,1,9,value,24,0,0,0,0,0,,,,,1,19340624,1,CHI11,v,CHN,0,1,0,regular,y,y,
CHN193406260,fredj101,BRO,1,9,value,24,3,1,0,1,0,,,,,1,19340626,0,CHI11,v,CHN,0,1,0,regular,y,y,
CHN193406270,fredj101,BRO,1,9,value,24,0,1,1,0,0,,,,,1,19340627,0,CHI11,v,CHN,0,1,0,regular,y,y,
NY1193406290,fredj101,BRO,1,9,value,24,0,0,0,0,0,,,,,1,19340629,0,NYC14,v,NY1,0,1,0,regular,y,y,
NY1193406300,fredj101,BRO,1,9,value,27,4,0,0,0,0,,,,,1,19340630,0,NYC14,v,NY1,1,0,0,regular,y,y,
NY1193407010,fredj101,BRO,1,9,value,24,1,0,0,0,0,,,,,1,19340701,0,NYC14,v,NY1,0,1,0,regular,y,y,
BRO193407020,fredj101,BRO,1,9,value,27,4,0,0,0,0,,,,,1,19340702,0,NYC15,h,PHI,1,0,0,regular,y,y,
BRO193407030,fredj101,BRO,1,9,value,27,0,0,0,0,0,,,,,1,19340703,0,NYC15,h,PHI,0,1,0,regular,y,y,
PHI193407041,fredj101,BRO,1,9,value,27,1,0,0,0,0,,,,,1,19340704,1,PHI09,v,PHI,1,0,0,regular,y,d,
BRO193407050,fredj101,BRO,1,7,value,27,1,0,1,0,0,,,,,1,19340705,0,NYC15,h,NY1,0,1,0,regular,y,y,
BRO193407060,fredj101,BRO,1,9,value,27,0,0,0,0,0,,,,,1,19340706,0,NYC15,h,NY1,1,0,0,regular,y,y,
BRO193407070,fredj101,BRO,1,9,value,27,4,0,1,0,0,,,,,1,19340707,0,NYC15,h,NY1,1,0,0,regular,y,y,
BRO193407080,fredj101,BRO,1,9,value,27,4,1,0,0,0,,,,,1,19340708,0,NYC15,h,NY1,0,1,0,regular,y,y,
BRO193407110,fredj101,BRO,1,9,value,27,1,0,0,0,0,,,,,1,19340711,0,NYC15,h,CIN,1,0,0,regular,y,y,
BRO193407121,fredj101,BRO,1,9,value,27,1,0,0,0,0,,,,,1,19340712,1,NYC15,h,CIN,1,0,0,regular,y,y,
BRO193407122,fredj101,BRO,1,9,value,27,0,0,0,0,0,,,,,1,19340712,2,NYC15,h,CIN,0,1,0,regular,y,y,
BRO193407130,fredj101,BRO,1,9,value,27,1,0,0,0,0,,,,,1,19340713,0,NYC15,h,CIN,0,1,0,regular,y,y,
BRO193407140,fredj101,BRO,1,9,value,27,3,0,0,0,0,,,,,1,19340714,0,NYC15,h,SLN,1,0,0,regular,y,y,
BRO193407151,fredj101,BRO,1,9,value,27,1,1,0,0,0,,,,,1,19340715,1,NYC15,h,SLN,0,1,0,regular,y,y,
BRO193407152,fredj101,BRO,1,9,value,27,2,0,0,0,0,,,,,1,19340715,2,NYC15,h,SLN,0,1,0,regular,y,y,
BRO193407190,fredj101,BRO,1,9,value,27,2,1,0,0,0,,,,,1,19340719,0,NYC15,h,PIT,1,0,0,regular,y,y,
BRO193407210,fredj101,BRO,1,9,value,27,3,0,0,0,0,,,,,1,19340721,0,NYC15,h,PIT,1,0,0,regular,y,y,
BRO193407221,fredj101,BRO,1,9,value,27,2,0,0,0,0,,,,,1,19340722,1,NYC15,h,PIT,1,0,0,regular,y,y,
BRO193407222,fredj101,BRO,1,9,value,27,2,0,0,0,0,,,,,1,19340722,2,NYC15,h,PIT,1,0,0,regular,y,y,
BRO193407230,fredj101,BRO,1,9,value,27,3,1,0,0,0,,,,,1,19340723,0,NYC15,h,CHN,0,1,0,regular,y,y,
BRO193407240,fredj101,BRO,1,9,value,27,2,0,0,0,0,,,,,1,19340724,0,NYC15,h,CHN,0,1,0,regular,y,y,
BRO193408051,fredj101,BRO,1,9,value,27,0,0,0,0,0,,,,,1,19340805,1,NYC15,h,BSN,0,1,0,regular,y,y,
BRO193408052,fredj101,BRO,1,9,value,27,1,0,0,0,0,,,,,1,19340805,2,NYC15,h,BSN,1,0,0,regular,y,y,
NY1193408070,fredj101,BRO,1,9,value,24,1,0,0,0,0,,,,,1,19340807,0,NYC14,v,NY1,0,1,0,regular,y,y,
CIN193408160,fredj101,BRO,1,9,value,12,0,0,0,0,0,,,,,0,19340816,0,CIN07,v,CIN,0,1,0,regular,y,y,
PIT193408180,fredj101,BRO,1,9,value,27,5,0,0,0,0,,,,,1,19340818,0,PIT06,v,PIT,1,0,0,regular,y,y,
PIT193408190,fredj101,BRO,1,9,value,21,3,0,0,0,0,,,,,1,19340819,0,PIT06,v,PIT,1,0,0,regular,y,y,
PIT193408200,fredj101,BRO,1,9,value,24,2,0,0,0,0,,,,,1,19340820,0,PIT06,v,PIT,0,1,0,regular,y,y,
BSN193409031,fredj101,BRO,1,7,value,15,0,0,0,0,0,,,,,0,19340903,1,BOS08,v,BSN,0,1,0,regular,y,y,
BSN193409032,fredj101,BRO,1,7,value,24,1,0,0,0,0,,,,,1,19340903,2,BOS08,v,BSN,0,1,0,regular,y,y,
BSN193409040,fredj101,BRO,1,7,value,24,0,1,0,0,0,,,,,1,19340904,0,BOS08,v,BSN,0,1,0,regular,y,y,
BRO193409050,fredj101,BRO,1,7,value,27,0,0,0,0,0,,,,,1,19340905,0,NYC15,h,SLN,0,1,0,regular,y,y,
BRO193409060,fredj101,BRO,1,7,value,27,2,0,0,0,0,,,,,1,19340906,0,NYC15,h,SLN,0,1,0,regular,y,y,
BRO193409091,fredj101,BRO,1,7,value,27,2,0,0,0,0,,,,,1,19340909,1,NYC15,h,CIN,1,0,0,regular,y,y,
BRO193409092,fredj101,BRO,1,7,value,21,1,0,0,0,0,,,,,1,19340909,2,NYC15,h,CIN,1,0,0,regular,y,y,
BRO193409100,fredj101,BRO,1,7,value,27,3,0,0,0,0,,,,,1,19340910,0,NYC15,h,CIN,0,1,0,regular,y,y,
BRO193409120,fredj101,BRO,1,7,value,3,0,0,0,0,0,,,,,0,19340912,0,NYC15,h,CIN,1,0,0,regular,y,y,
BRO193409130,fredj101,BRO,1,7,value,27,3,0,0,0,0,,,,,1,19340913,0,NYC15,h,CHN,0,1,0,regular,y,y,
BRO193409161,fredj101,BRO,1,9,value,27,2,0,0,0,0,,,,,1,19340916,1,NYC15,h,CHN,1,0,0,regular,y,y,
BRO193409180,fredj101,BRO,1,7,value,21,2,0,0,0,0,,,,,1,19340918,0,NYC15,h,PIT,1,0,0,regular,y,y,
BRO193409200,fredj101,BRO,1,7,value,24,2,0,0,0,0,,,,,1,19340920,0,NYC15,h,PIT,1,0,0,regular,y,y,
BRO193409211,fredj101,BRO,1,7,value,27,1,0,0,0,0,,,,,1,19340921,1,NYC15,h,SLN,0,1,0,regular,y,y,
BRO193409212,fredj101,BRO,1,7,value,27,2,0,0,0,0,,,,,1,19340921,2,NYC15,h,SLN,0,1,0,regular,y,y,
BRO193409231,fredj101,BRO,1,7,value,33,1,1,1,0,0,,,,,1,19340923,1,NYC15,h,PHI,0,1,0,regular,y,y,
