gid,id,team,b_lp,b_seq,stattype,b_pa,b_ab,b_r,b_h,b_d,b_t,b_hr,b_rbi,b_sh,b_sf,b_hbp,b_w,b_iw,b_k,b_sb,b_cs,b_gdp,b_xi,b_roe,dh,ph,pr,date,number,site,vishome,opp,win,loss,tie,gametype,box,pbp
PRK194509260,soueh101,KCR,1,1,value,4,4,0,0,0,0,0,0,0,0,0,0,0,,0,0,0,0,0,,,,19450926,0,SAN03,v,PRK,0,1,0,exhibition,y,d
PRK194509260,willj111,KCR,2,1,value,4,4,1,1,0,0,0,0,0,0,0,0,0,,0,0,0,0,0,,,,19450926,0,SAN03,v,PRK,0,1,0,exhibition,y,d
PRK194509260,wrigb104,KCR,3,1,value,4,4,1,2,1,0,0,1,0,0,0,0,0,,0,0,0,0,0,,,,19450926,0,SAN03,v,PRK,0,1,0,exhibition,y,d
PRK194509260,robij103,KCR,4,1,value,4,4,0,0,0,0,0,0,0,0,0,0,0,,0,0,0,0,0,,,,19450926,0,SAN03,v,PRK,0,1,0,exhibition,y,d
PRK194509260,renfc101,KCR,5,1,value,4,4,0,1,0,0,0,1,0,0,0,0,0,,0,0,0,0,0,,,,19450926,0,SAN03,v,PRK,0,1,0,exhibition,y,d
PRK194509260,aberr101,KCR,6,1,value,4,4,0,1,0,0,0,0,0,0,0,0,0,,0,0,0,0,0,,,,19450926,0,SAN03,v,PRK,0,1,0,exhibition,y,d
PRK194509260,marcz101,KCR,7,1,value,3,3,0,0,0,0,0,0,0,0,0,0,0,,0,0,0,0,0,,,,19450926,0,SAN03,v,PRK,0,1,0,exhibition,y,d
PRK194509260,moren101,KCR,7,2,value,1,1,0,0,0,0,0,0,0,0,0,0,0,,0,0,0,0,0,,1,,19450926,0,SAN03,v,PRK,0,1,0,exhibition,y,d
PRK194509260,haywb102,KCR,8,1,value,3,3,0,0,0,0,0,0,0,0,0,0,0,,0,0,0,0,0,,,,19450926,0,SAN03,v,PRK,0,1,0,exhibition,y,d
PRK194509260,willj112,KCR,9,1,value,1,1,0,0,0,0,0,0,0,0,0,0,0,,0,0,0,0,0,,,,19450926,0,SAN03,v,PRK,0,1,0,exhibition,y,d
PRK194509260,brewc102,KCR,9,2,value,2,1,0,0,0,0,0,0,0,0,0,1,0,,0,0,0,0,1,,,,19450926,0,SAN03,v,PRK,0,1,0,exhibition,y,d
PRK194509260,vezil101,PRK,1,1,value,4,3,1,0,0,0,0,0,0,0,0,1,0,,0,0,0,0,0,,,,19450926,0,SAN03,h,KCR,1,0,0,exhibition,y,d
PRK194509260,crist101,PRK,2,1,value,4,3,1,1,1,0,0,0,0,0,0,1,0,,0,0,0,0,0,,,,19450926,0,SAN03,h,KCR,1,0,0,exhibition,y,d
PRK194509260,anglj101,PRK,3,1,value,4,4,1,2,1,0,0,2,0,0,0,0,0,,0,0,1,0,0,,,,19450926,0,SAN03,h,KCR,1,0,0,exhibition,y,d
PRK194509260,pridj101,PRK,4,1,value,4,3,2,2,0,0,1,2,0,0,0,1,0,,1,0,0,0,0,,,,19450926,0,SAN03,h,KCR,1,0,0,exhibition,y,d
PRK194509260,richk101,PRK,5,1,value,4,4,0,1,0,0,0,0,0,0,0,0,0,,0,0,0,0,0,,,,19450926,0,SAN03,h,KCR,1,0,0,exhibition,y,d
PRK194509260,gabrl101,PRK,6,1,value,4,3,1,2,1,0,0,1,0,0,0,1,0,,0,0,0,0,0,,,,19450926,0,SAN03,h,KCR,1,0,0,exhibition,y,d
PRK194509260,hedib101,PRK,7,1,value,4,3,0,0,0,0,0,0,1,0,0,0,0,,0,0,0,0,0,,,,19450926,0,SAN03,h,KCR,1,0,0,exhibition,y,d
PRK194509260,boonr101,PRK,8,1,value,1,1,0,0,0,0,0,0,0,0,0,0,0,,0,0,0,0,0,,,,19450926,0,SAN03,h,KCR,1,0,0,exhibition,y,d
PRK194509260,balld101,PRK,8,2,value,2,2,0,0,0,0,0,0,0,0,0,0,0,,0,0,0,0,0,,1,,19450926,0,SAN03,h,KCR,1,0,0,exhibition,y,d
PRK194509260,pippc101,PRK,9,1,value,2,2,0,1,0,0,0,1,0,0,0,0,0,,0,0,0,0,0,,,,19450926,0,SAN03,h,KCR,1,0,0,exhibition,y,d
PRK194509260,fergb102,PRK,9,2,value,1,1,0,0,0,0,0,0,0,0,0,0,0,,0,0,0,0,0,,1,,19450926,0,SAN03,h,KCR,1,0,0,exhibition,y,d
PRK194510030,smitj112,KCR,1,1,value,4,4,0,1,0,0,0,0,0,0,0,0,0,1,0,0,0,0,0,,,,19451003,0,SAN03,v,PRK,1,0,0,exhibition,y,d
PRK194510030,willj111,KCR,2,1,value,4,4,0,0,0,0,0,0,0,0,0,0,0,1,0,0,0,0,1,,,,19451003,0,SAN03,v,PRK,1,0,0,exhibition,y,d
PRK194510030,wrigb104,KCR,3,1,value,4,2,1,1,0,0,0,0,0,0,1,1,0,,0,0,0,0,0,,,,19451003,0,SAN03,v,PRK,1,0,0,exhibition,y,d
PRK194510030,hoskb101,KCR,4,1,value,4,4,1,0,0,0,0,0,0,0,0,0,0,,0,0,2,0,1,,,,19451003,0,SAN03,v,PRK,1,0,0,exhibition,y,d
PRK194510030,robij103,KCR,5,1,value,3,3,1,0,0,0,0,0,0,0,0,0,0,,0,0,0,0,1,,,,19451003,0,SAN03,v,PRK,1,0,0,exhibition,y,d
PRK194510030,soueh101,KCR,6,1,value,3,3,1,2,1,0,0,1,0,0,0,0,0,,0,0,0,0,0,,,,19451003,0,SAN03,v,PRK,1,0,0,exhibition,y,d
PRK194510030,nelsc102,KCR,7,1,value,3,3,1,1,0,0,0,1,0,0,0,0,0,,0,0,0,0,1,,,,19451003,0,SAN03,v,PRK,1,0,0,exhibition,y,d
PRK194510030,haywb102,KCR,8,1,value,3,3,0,1,1,0,0,2,0,0,0,0,0,1,0,0,0,0,0,,,,19451003,0,SAN03,v,PRK,1,0,0,exhibition,y,d
PRK194510030,paigs101,KCR,9,1,value,2,2,0,0,0,0,0,0,0,0,0,0,0,,0,0,0,0,1,,,,19451003,0,SAN03,v,PRK,1,0,0,exhibition,y,d
PRK194510030,willj112,KCR,9,2,value,1,1,0,1,0,0,0,0,0,0,0,0,0,,0,0,0,0,0,,1,,19451003,0,SAN03,v,PRK,1,0,0,exhibition,y,d
PRK194510030,hedib101,PRK,1,1,value,3,3,0,0,0,0,0,0,0,0,0,0,0,,0,0,0,0,0,,,,19451003,0,SAN03,h,KCR,0,1,0,exhibition,y,d
PRK194510030,crist101,PRK,2,1,value,3,3,0,0,0,0,0,0,0,0,0,0,0,,0,0,0,0,0,,,,19451003,0,SAN03,h,KCR,0,1,0,exhibition,y,d
PRK194510030,davii102,PRK,3,1,value,3,2,0,1,0,0,0,0,0,0,0,1,0,,0,0,0,0,0,,,,19451003,0,SAN03,h,KCR,0,1,0,exhibition,y,d
PRK194510030,adamb101,PRK,4,1,value,3,3,0,0,0,0,0,0,0,0,0,0,0,1,0,0,0,0,0,,,,19451003,0,SAN03,h,KCR,0,1,0,exhibition,y,d
PRK194510030,vezil101,PRK,5,1,value,3,3,0,0,0,0,0,0,0,0,0,0,0,,0,0,0,0,0,,,,19451003,0,SAN03,h,KCR,0,1,0,exhibition,y,d
PRK194510030,gabrl101,PRK,6,1,value,3,3,0,1,0,0,0,0,0,0,0,0,0,,0,0,0,0,0,,,,19451003,0,SAN03,h,KCR,0,1,0,exhibition,y,d
PRK194510030,bruce101,PRK,7,1,value,2,2,0,0,0,0,0,0,0,0,0,0,0,1,0,0,0,0,0,,,,19451003,0,SAN03,h,KCR,0,1,0,exhibition,y,d
PRK194510030,doerh101,PRK,7,2,value,1,1,0,0,0,0,0,0,0,0,0,0,0,,0,0,0,0,0,,,,19451003,0,SAN03,h,KCR,0,1,0,exhibition,y,d
PRK194510030,ray-k101,PRK,8,1,value,2,2,0,0,0,0,0,0,0,0,0,0,0,1,0,0,0,0,0,,,,19451003,0,SAN03,h,KCR,0,1,0,exhibition,y,d
PRK194510030,fellb101,PRK,9,1,value,1,1,0,0,0,0,0,0,0,0,0,0,0,,0,0,0,0,0,,,,19451003,0,SAN03,h,KCR,0,1,0,exhibition,y,d
PRK194510030,salvj101,PRK,9,2,value,1,1,0,0,0,0,0,0,0,0,0,0,0,,0,0,0,0,1,,,,19451003,0,SAN03,h,KCR,0,1,0,exhibition,y,d
KCR194510071,barrr101,VDA,,,value,,,0,0,0,0,0,0,,,,,,,,,,,,,,,19451007,1,LOS02,v,KCR,0,1,0,exhibition,,
KCR194510071,steir102,VDA,,,value,,,0,0,0,0,0,0,,,,,,,,,,,,,,,19451007,1,LOS02,v,KCR,0,1,0,exhibition,,
KCR194510071,tobij102,VDA,,,value,,,0,1,0,0,0,0,,,,,,,,,,,,,,,19451007,1,LOS02,v,KCR,0,1,0,exhibition,,
KCR194510071,haywb102,KCR,,,value,,,,,,,,,,,,,,,,,,,,,,,19451007,1,LOS02,h,VDA,1,0,0,exhibition,,
KCR194510071,willj112,KCR,,,value,,,,,,,,,,,,,,,,,,,,,,,19451007,1,LOS02,h,VDA,1,0,0,exhibition,,
KCR194510072,barrr101,VDA,,,value,,,,,,,,,,,,,,,,,,,,,,,19451007,2,LOS02,v,KCR,1,0,0,exhibition,,
KCR194510072,heuse101,VDA,,,value,,,,,,,,,,,,,,,,,,,,,,,19451007,2,LOS02,v,KCR,1,0,0,exhibition,,
KCR194510072,oneie102,VDA,,,value,,,,,,,,,,,,,,,,,,,,,,,19451007,2,LOS02,v,KCR,1,0,0,exhibition,,
KCR194510072,salkb101,VDA,,,value,,,,,,,,,,,,,,,,,,,,,,,19451007,2,LOS02,v,KCR,1,0,0,exhibition,,
KCR194510072,moren101,KCR,,,value,,,,,,,,,,,,,,,,,,,,,,,19451007,2,LOS02,h,VDA,0,1,0,exhibition,,
KCR194510072,renfc101,KCR,,,value,,,,,,,,,,,,,,,,,,,,,,,19451007,2,LOS02,h,VDA,0,1,0,exhibition,,
KCR194510090,pridj101,VDA,1,1,value,5,5,0,1,0,0,0,2,0,0,0,0,0,,0,0,0,0,0,,,,19451009,0,LOS02,v,KCR,1,0,0,exhibition,y,d
KCR194510090,metkg101,VDA,2,1,value,5,5,0,2,0,0,0,1,0,0,0,0,0,,0,0,0,0,0,,,,19451009,0,LOS02,v,KCR,1,0,0,exhibition,y,d
KCR194510090,adamb101,VDA,3,1,value,5,5,1,1,0,1,0,0,0,0,0,0,0,,0,0,1,0,0,,,,19451009,0,LOS02,v,KCR,1,0,0,exhibition,y,d
KCR194510090,ellib103,VDA,4,1,value,4,4,2,1,1,0,0,0,0,0,0,0,0,,0,0,0,0,1,,,,19451009,0,LOS02,v,KCR,1,0,0,exhibition,y,d
KCR194510090,stepv101,VDA,5,1,value,4,4,2,2,1,0,0,1,0,0,0,0,0,,0,0,0,0,0,,,,19451009,0,LOS02,v,KCR,1,0,0,exhibition,y,d
KCR194510090,mille104,VDA,6,1,value,4,3,2,1,0,0,0,0,0,0,0,1,0,,0,0,0,0,0,,,,19451009,0,LOS02,v,KCR,1,0,0,exhibition,y,d
KCR194510090,tobij102,VDA,7,1,value,4,4,1,3,1,0,0,2,0,0,0,0,0,,0,0,0,0,0,,,,19451009,0,LOS02,v,KCR,1,0,0,exhibition,y,d
KCR194510090,steir102,VDA,8,1,value,4,2,1,0,0,0,0,0,0,0,0,2,0,,0,0,0,0,0,,,,19451009,0,LOS02,v,KCR,1,0,0,exhibition,y,d
KCR194510090,oneie102,VDA,9,1,value,3,2,0,0,0,0,0,1,1,0,0,0,0,,0,0,0,0,0,,,,19451009,0,LOS02,v,KCR,1,0,0,exhibition,y,d
KCR194510090,heuse101,VDA,9,2,value,0,0,0,0,0,0,0,0,0,0,0,0,0,,0,0,0,0,0,,,,19451009,0,LOS02,v,KCR,1,0,0,exhibition,y,d
KCR194510090,schac101,VDA,9,3,value,1,1,0,0,0,0,0,0,0,0,0,0,0,,0,0,0,0,0,,,,19451009,0,LOS02,v,KCR,1,0,0,exhibition,y,d
KCR194510090,smitj112,KCR,1,1,value,5,4,1,2,0,0,0,1,0,0,0,1,0,,0,1,0,0,0,,,,19451009,0,LOS02,h,VDA,0,1,0,exhibition,y,d
KCR194510090,willj111,KCR,2,1,value,4,3,1,0,0,0,0,0,0,0,0,1,0,,0,0,1,0,0,,,,19451009,0,LOS02,h,VDA,0,1,0,exhibition,y,d
KCR194510090,wrigb104,KCR,3,1,value,4,4,1,2,0,0,0,1,0,0,0,0,0,,0,0,0,0,0,,,,19451009,0,LOS02,h,VDA,0,1,0,exhibition,y,d
KCR194510090,hoskb101,KCR,4,1,value,4,3,0,0,0,0,0,1,0,0,0,1,0,,0,0,0,0,0,,,,19451009,0,LOS02,h,VDA,0,1,0,exhibition,y,d
KCR194510090,robij103,KCR,5,1,value,4,4,0,1,1,0,0,0,0,0,0,0,0,,0,0,0,0,0,,,,19451009,0,LOS02,h,VDA,0,1,0,exhibition,y,d
KCR194510090,soueh101,KCR,6,1,value,4,4,0,1,0,0,0,2,0,0,0,0,0,,0,0,0,0,0,,,,19451009,0,LOS02,h,VDA,0,1,0,exhibition,y,d
KCR194510090,nelsc102,KCR,7,1,value,4,3,0,0,0,0,0,0,0,0,0,1,0,,0,0,0,0,0,,,,19451009,0,LOS02,h,VDA,0,1,0,exhibition,y,d
KCR194510090,haywb102,KCR,8,1,value,4,2,1,0,0,0,0,0,0,0,0,2,0,,0,0,0,0,0,,,,19451009,0,LOS02,h,VDA,0,1,0,exhibition,y,d
KCR194510090,porta103,KCR,9,1,value,2,2,0,0,0,0,0,0,0,0,0,0,0,,0,0,0,0,0,,,,19451009,0,LOS02,h,VDA,0,1,0,exhibition,y,d
KCR194510090,willj112,KCR,9,2,value,2,2,1,1,0,0,0,0,0,0,0,0,0,,0,0,0,0,0,,,,19451009,0,LOS02,h,VDA,0,1,0,exhibition,y,d
KCR194510100,barrr101,VDA,,,value,,,,,,,,,,,,,,,,,,,,,,,19451010,0,LOS02,v,KCR,1,0,0,exhibition,,
KCR194510100,millf107,VDA,,,value,,,,,,,,,,,,,,,,,,,,,,,19451010,0,LOS02,v,KCR,1,0,0,exhibition,,
KCR194510100,salkb101,VDA,,,value,,,,,,,,,,,,,,,,,,,,,,,19451010,0,LOS02,v,KCR,1,0,0,exhibition,,
KCR194510100,stepv101,VDA,,,value,,,,,,,2,,,,,,,,,,,,,,,,19451010,0,LOS02,v,KCR,1,0,0,exhibition,,
KCR194510100,treia101,VDA,,,value,,,,,,,,,,,,,,,,,,,,,,,19451010,0,LOS02,v,KCR,1,0,0,exhibition,,
KCR194510100,hubbj101,KCR,,,value,,,,,,,,,,,,,,,,,,,,,,,19451010,0,LOS02,h,VDA,0,1,0,exhibition,,
KCR194510100,marcz101,KCR,,,value,,,,,,,,,,,,,,,,,,,,,,,19451010,0,LOS02,h,VDA,0,1,0,exhibition,,
KCR194510100,renfc101,KCR,,,value,,,,,,,,,,,,,,,,,,,,,,,19451010,0,LOS02,h,VDA,0,1,0,exhibition,,
KCR194510100,smith111,KCR,,,value,,,,,,,,,,,,,,,,,,,,,,,19451010,0,LOS02,h,VDA,0,1,0,exhibition,,
PRK194510210,smitj112,KCR,1,1,value,5,4,1,1,0,0,0,0,0,0,0,1,0,,0,0,1,0,0,,,,19451021,0,SAN03,v,PRK,1,0,0,exhibition,y,d
PRK194510210,willj111,KCR,2,1,value,4,4,1,2,0,0,0,0,0,0,0,0,0,,0,0,0,0,0,,,,19451021,0,SAN03,v,PRK,1,0,0,exhibition,y,d
PRK194510210,wrigb104,KCR,3,1,value,4,4,0,2,0,0,0,0,0,0,0,0,0,,0,0,0,0,0,,,,19451021,0,SAN03,v,PRK,1,0,0,exhibition,y,d
PRK194510210,hoskb101,KCR,4,1,value,4,3,1,2,2,0,0,2,0,0,0,1,0,,0,0,1,0,0,,,,19451021,0,SAN03,v,PRK,1,0,0,exhibition,y,d
PRK194510210,nelsc102,KCR,5,1,value,4,4,0,0,0,0,0,0,0,0,0,0,0,,0,0,0,0,0,,,,19451021,0,SAN03,v,PRK,1,0,0,exhibition,y,d
PRK194510210,soueh101,KCR,6,1,value,4,4,0,1,1,0,0,1,0,0,0,0,0,,0,0,0,0,0,,,,19451021,0,SAN03,v,PRK,1,0,0,exhibition,y,d
PRK194510210,dougj102,KCR,7,1,value,4,3,1,1,0,0,0,0,0,0,0,1,0,,0,0,0,0,0,,,,19451021,0,SAN03,v,PRK,1,0,0,exhibition,y,d
PRK194510210,haywb102,KCR,8,1,value,4,3,0,0,0,0,0,0,1,0,0,0,0,,0,0,0,0,1,,,,19451021,0,SAN03,v,PRK,1,0,0,exhibition,y,d
PRK194510210,paigs101,KCR,9,1,value,2,2,0,1,0,0,0,1,0,0,0,0,0,,0,0,1,0,0,,,,19451021,0,SAN03,v,PRK,1,0,0,exhibition,y,d
PRK194510210,willj112,KCR,9,2,value,2,2,0,0,0,0,0,0,0,0,0,0,0,,0,0,0,0,0,,,,19451021,0,SAN03,v,PRK,1,0,0,exhibition,y,d
PRK194510210,coscp101,PRK,1,1,value,4,4,0,0,0,0,0,0,0,0,0,0,0,,0,0,0,0,0,,,,19451021,0,SAN03,h,KCR,0,1,0,exhibition,y,d
PRK194510210,crist101,PRK,2,1,value,4,3,0,1,0,0,0,0,0,0,0,1,0,,1,0,0,0,0,,,,19451021,0,SAN03,h,KCR,0,1,0,exhibition,y,d
PRK194510210,davii102,PRK,3,1,value,4,3,0,0,0,0,0,0,0,0,0,1,0,,0,0,0,0,0,,,,19451021,0,SAN03,h,KCR,0,1,0,exhibition,y,d
PRK194510210,ellib103,PRK,4,1,value,4,4,0,1,1,0,0,0,0,0,0,0,0,,0,0,0,0,0,,,,19451021,0,SAN03,h,KCR,0,1,0,exhibition,y,d
PRK194510210,salkb101,PRK,5,1,value,4,3,1,0,0,0,0,0,0,0,0,1,0,,0,0,0,0,0,,,,19451021,0,SAN03,h,KCR,0,1,0,exhibition,y,d
PRK194510210,doerh101,PRK,5,2,value,0,0,0,0,0,0,0,0,0,0,0,0,0,,0,0,0,0,0,,,,19451021,0,SAN03,h,KCR,0,1,0,exhibition,y,d
PRK194510210,gabrl101,PRK,6,1,value,4,3,0,0,0,0,0,0,0,0,0,1,0,,0,0,0,0,2,,,,19451021,0,SAN03,h,KCR,0,1,0,exhibition,y,d
PRK194510210,dobbj103,PRK,7,1,value,4,4,0,1,0,0,0,1,0,0,0,0,0,,0,0,0,0,0,,,,19451021,0,SAN03,h,KCR,0,1,0,exhibition,y,d
PRK194510210,hedib101,PRK,8,1,value,4,4,0,0,0,0,0,0,0,0,0,0,0,,0,0,0,0,0,,,,19451021,0,SAN03,h,KCR,0,1,0,exhibition,y,d
PRK194510210,deprb101,PRK,9,1,value,2,2,0,0,0,0,0,0,0,0,0,0,0,,0,0,0,0,0,,,,19451021,0,SAN03,h,KCR,0,1,0,exhibition,y,d
PRK194510210,brilj101,PRK,9,2,value,2,2,0,0,0,0,0,0,0,0,0,0,0,,0,0,0,0,0,,,,19451021,0,SAN03,h,KCR,0,1,0,exhibition,y,d
ASF194510240,smitj112,KCR,1,1,value,4,4,0,0,0,0,0,0,0,0,0,0,0,,0,0,0,0,0,,,,19451024,0,SAN03,v,ASF,1,0,0,exhibition,y,d
ASF194510240,willj111,KCR,2,1,value,4,2,1,0,0,0,0,0,0,0,0,2,0,,2,0,0,0,0,,,,19451024,0,SAN03,v,ASF,1,0,0,exhibition,y,d
ASF194510240,wrigb104,KCR,3,1,value,4,4,1,0,0,0,0,0,0,0,0,0,0,,0,0,0,0,1,,,,19451024,0,SAN03,v,ASF,1,0,0,exhibition,y,d
ASF194510240,hoskb101,KCR,4,1,value,4,3,1,1,0,0,0,1,0,0,0,1,0,,0,0,0,0,0,,,,19451024,0,SAN03,v,ASF,1,0,0,exhibition,y,d
ASF194510240,nelsc102,KCR,5,1,value,4,3,0,0,0,0,0,0,1,0,0,0,0,,0,0,1,0,1,,,,19451024,0,SAN03,v,ASF,1,0,0,exhibition,y,d
ASF194510240,soueh101,KCR,6,1,value,4,4,0,0,0,0,0,0,0,0,0,0,0,,0,0,0,0,0,,,,19451024,0,SAN03,v,ASF,1,0,0,exhibition,y,d
ASF194510240,dougj102,KCR,7,1,value,4,4,0,0,0,0,0,0,0,0,0,0,0,,0,0,0,0,0,,,,19451024,0,SAN03,v,ASF,1,0,0,exhibition,y,d
ASF194510240,haywb102,KCR,8,1,value,2,2,0,0,0,0,0,0,0,0,0,0,0,,0,0,0,0,0,,,,19451024,0,SAN03,v,ASF,1,0,0,exhibition,y,d
ASF194510240,renfc101,KCR,8,2,value,2,2,0,1,1,0,0,0,0,0,0,0,0,,0,0,0,0,1,,1,,19451024,0,SAN03,v,ASF,1,0,0,exhibition,y,d
ASF194510240,paigs101,KCR,9,1,value,2,2,0,1,0,0,0,0,0,0,0,0,0,,0,0,0,0,0,,,,19451024,0,SAN03,v,ASF,1,0,0,exhibition,y,d
ASF194510240,smith111,KCR,9,2,value,1,1,0,0,0,0,0,0,0,0,0,0,0,,0,0,0,0,1,,1,,19451024,0,SAN03,v,ASF,1,0,0,exhibition,y,d
ASF194510240,porta103,KCR,9,3,value,1,1,0,0,0,0,0,0,0,0,0,0,0,,0,0,0,0,0,,,,19451024,0,SAN03,v,ASF,1,0,0,exhibition,y,d
ASF194510240,coscp101,ASF,1,1,value,4,4,0,1,0,0,0,0,0,0,0,0,0,,0,0,0,0,0,,,,19451024,0,SAN03,h,KCR,0,1,0,exhibition,y,d
ASF194510240,dobbj103,ASF,1,2,value,1,1,0,0,0,0,0,0,0,0,0,0,0,,0,0,0,0,0,,,,19451024,0,SAN03,h,KCR,0,1,0,exhibition,y,d
ASF194510240,crist101,ASF,2,1,value,4,3,0,0,0,0,0,0,0,0,0,1,0,,1,0,1,0,1,,,,19451024,0,SAN03,h,KCR,0,1,0,exhibition,y,d
ASF194510240,davic101,ASF,3,1,value,4,4,0,1,0,0,0,0,0,0,0,0,0,,0,0,1,0,0,,,,19451024,0,SAN03,h,KCR,0,1,0,exhibition,y,d
ASF194510240,ellib103,ASF,4,1,value,4,3,1,0,0,0,0,0,0,0,0,1,0,,0,0,0,0,1,,,,19451024,0,SAN03,h,KCR,0,1,0,exhibition,y,d
ASF194510240,dahlb101,ASF,5,1,value,4,4,0,0,0,0,0,0,0,0,0,0,0,1,0,0,0,0,0,,,,19451024,0,SAN03,h,KCR,0,1,0,exhibition,y,d
ASF194510240,gabrl101,ASF,6,1,value,4,3,0,1,0,0,0,0,0,0,0,1,0,1,0,0,0,0,0,,,,19451024,0,SAN03,h,KCR,0,1,0,exhibition,y,d
ASF194510240,sturb101,ASF,7,1,value,4,3,0,2,1,0,0,1,0,0,0,1,0,,0,0,0,0,0,,,,19451024,0,SAN03,h,KCR,0,1,0,exhibition,y,d
ASF194510240,browu103,ASF,8,1,value,4,2,0,0,0,0,0,0,2,0,0,0,0,,0,0,0,0,0,,,,19451024,0,SAN03,h,KCR,0,1,0,exhibition,y,d
ASF194510240,fellb101,ASF,9,1,value,2,2,0,0,0,0,0,0,0,0,0,0,0,,0,0,0,0,0,,,,19451024,0,SAN03,h,KCR,0,1,0,exhibition,y,d
ASF194510240,salvj101,ASF,9,2,value,2,2,1,1,0,0,1,1,0,0,0,0,0,,0,0,0,0,0,,,,19451024,0,SAN03,h,KCR,0,1,0,exhibition,y,d
