gid,id,team,p_seq,stattype,p_ipouts,p_noout,p_bfp,p_h,p_d,p_t,p_hr,p_r,p_er,p_w,p_iw,p_k,p_hbp,p_wp,p_bk,p_sh,p_sf,p_sb,p_cs,p_pb,wp,lp,save,p_gs,p_gf,p_cg,date,number,site,vishome,opp,win,loss,tie,gametype,box,pbp
PRK194509260,willj112,KCR,1,value,13,0,22,8,2,0,1,6,6,4,0,3,0,0,0,1,0,1,0,0,,1,,1,,,19450926,0,SAN03,v,PRK,0,1,0,exhibition,y,d
PRK194509260,brewc102,KCR,2,value,11,0,12,1,1,0,0,0,0,0,0,7,0,0,0,0,0,0,0,0,,,,,1,,19450926,0,SAN03,v,PRK,0,1,0,exhibition,y,d
PRK194509260,pippc101,PRK,1,value,18,0,21,2,1,0,0,1,1,0,0,5,0,0,0,0,0,0,0,0,1,,,1,,,19450926,0,SAN03,h,KCR,1,0,0,exhibition,y,d
PRK194509260,fergb102,PRK,2,value,9,0,13,3,0,0,0,1,1,1,0,3,0,0,0,0,0,0,0,0,,,,,1,,19450926,0,SAN03,h,KCR,1,0,0,exhibition,y,d
PRK194510030,paigs101,KCR,1,value,15,0,17,1,0,0,0,0,0,1,0,11,0,0,0,0,0,0,0,0,1,,,1,,,19451003,0,SAN03,v,PRK,1,0,0,exhibition,y,d
PRK194510030,willj112,KCR,2,value,6,0,8,1,0,0,0,0,0,0,0,2,0,0,0,0,0,0,0,0,,,,,1,,19451003,0,SAN03,v,PRK,1,0,0,exhibition,y,d
PRK194510030,fellb101,PRK,1,value,15,0,20,3,1,0,0,0,0,0,0,10,1,1,0,0,0,0,0,0,,,,1,,,19451003,0,SAN03,h,KCR,0,1,0,exhibition,y,d
PRK194510030,salvj101,PRK,2,value,6,0,11,4,1,0,0,5,3,1,0,2,0,0,0,0,0,0,0,0,,1,,,1,,19451003,0,SAN03,h,KCR,0,1,0,exhibition,y,d
KCR194510071,barrr101,VDA,1,value,24,,,7,,,,1,,,,,,,,,,,,,,1,,1,,1,19451007,1,LOS02,v,KCR,0,1,0,exhibition,,
KCR194510071,willj112,KCR,1,value,27,,,1,,,,0,0,,,,,,,,,,,,1,,,1,,1,19451007,1,LOS02,h,VDA,1,0,0,exhibition,,
KCR194510072,barrr101,VDA,3,value,,,,,,,,,,,,,,,,,,,,,,,,,1,,19451007,2,LOS02,v,KCR,1,0,0,exhibition,,
KCR194510072,heuse101,VDA,1,value,,,,,,,,,,,,,,,,,,,,,,,,1,,,19451007,2,LOS02,v,KCR,1,0,0,exhibition,,
KCR194510072,oneie102,VDA,2,value,,,,,,,,,,,,,,,,,,,,,,,,,,,19451007,2,LOS02,v,KCR,1,0,0,exhibition,,
KCR194510072,moren101,KCR,1,value,21,,,7,,,,4,,,,,,,,,,,,,,1,,1,,1,19451007,2,LOS02,h,VDA,0,1,0,exhibition,,
KCR194510090,oneie102,VDA,1,value,22,0,29,5,1,0,0,4,4,5,0,3,0,0,0,0,0,0,1,0,,,,1,,,19451009,0,LOS02,v,KCR,1,0,0,exhibition,y,d
KCR194510090,heuse101,VDA,2,value,1,0,4,2,0,0,0,1,1,1,0,0,0,0,0,0,0,0,0,0,,,,,,,19451009,0,LOS02,v,KCR,1,0,0,exhibition,y,d
KCR194510090,schac101,VDA,3,value,4,0,4,0,0,0,0,0,0,0,0,1,0,0,0,0,0,0,0,0,1,,,,1,,19451009,0,LOS02,v,KCR,1,0,0,exhibition,y,d
KCR194510090,porta103,KCR,1,value,21,0,28,6,2,1,0,5,3,2,0,2,0,0,0,1,0,0,0,0,,,,1,,,19451009,0,LOS02,h,VDA,0,1,0,exhibition,y,d
KCR194510090,willj112,KCR,2,value,6,0,11,5,1,0,0,4,4,1,0,1,0,0,0,0,0,0,0,0,,1,,,1,,19451009,0,LOS02,h,VDA,0,1,0,exhibition,y,d
KCR194510100,barrr101,VDA,1,value,,,,,,,,,,,,,,,,,,,,,1,,,1,,,19451010,0,LOS02,v,KCR,1,0,0,exhibition,,
KCR194510100,treia101,VDA,2,value,,,,,,,,,,,,,,,,,,,,,,,,,1,,19451010,0,LOS02,v,KCR,1,0,0,exhibition,,
KCR194510100,hubbj101,KCR,3,value,,,,,,,,,,,,,,,,,,,,,,,,,1,,19451010,0,LOS02,h,VDA,0,1,0,exhibition,,
KCR194510100,renfc101,KCR,2,value,,,,,,,,,,,,,,,,,,,,,,,,,,,19451010,0,LOS02,h,VDA,0,1,0,exhibition,,
KCR194510100,smith111,KCR,1,value,,,,,,,,,,,,,,,,,,,,,,1,,1,,,19451010,0,LOS02,h,VDA,0,1,0,exhibition,,
PRK194510210,paigs101,KCR,1,value,15,0,23,3,1,0,0,1,1,4,0,5,0,0,0,0,0,1,0,0,1,,,1,,,19451021,0,SAN03,v,PRK,1,0,0,exhibition,y,d
PRK194510210,willj112,KCR,2,value,12,0,13,0,0,0,0,0,0,0,0,1,0,0,0,0,0,0,0,0,,,1,,1,,19451021,0,SAN03,v,PRK,1,0,0,exhibition,y,d
PRK194510210,deprb101,PRK,1,value,12,0,16,5,1,0,0,2,2,2,0,1,0,0,0,1,0,0,0,0,,1,,1,,,19451021,0,SAN03,h,KCR,0,1,0,exhibition,y,d
PRK194510210,brilj101,PRK,2,value,15,0,21,5,2,0,0,2,2,1,0,0,0,0,0,0,0,0,0,0,,,,,1,,19451021,0,SAN03,h,KCR,0,1,0,exhibition,y,d
ASF194510240,paigs101,KCR,1,value,18,0,26,5,1,0,0,1,0,3,0,8,0,0,0,1,0,1,0,0,,,,1,,,19451024,0,SAN03,v,ASF,1,0,0,exhibition,y,d
ASF194510240,porta103,KCR,2,value,9,0,11,1,0,0,1,1,1,1,0,1,0,0,0,1,0,0,0,0,1,,,,1,,19451024,0,SAN03,v,ASF,1,0,0,exhibition,y,d
ASF194510240,fellb101,ASF,1,value,18,0,20,1,0,0,0,0,0,1,0,14,0,1,0,0,0,1,0,0,,,,1,,,19451024,0,SAN03,h,KCR,0,1,0,exhibition,y,d
ASF194510240,salvj101,ASF,2,value,9,0,16,2,1,0,0,3,1,2,0,4,0,0,0,1,0,1,0,0,,1,,,1,,19451024,0,SAN03,h,KCR,0,1,0,exhibition,y,d
