gid,id,team,d_seq,d_pos,stattype,d_ifouts,d_po,d_a,d_e,d_dp,d_tp,d_pb,d_wp,d_sb,d_cs,d_gs,date,number,site,vishome,opp,win,loss,tie,gametype,box,pbp,eject
HOM193604131,howar101,WEG,1,1,value,10,1,1,0,0,0,,,,,1,19360413,1,ATL04,v,HOM,0,1,0,exhibition,y,d,
PTC193605050,howar101,WEG,1,1,value,,0,2,0,,,,,,,1,19360505,0,PIT09,v,PTC,1,0,0,exhibition,y,,
BIR193704252,howar101,BIR,,1,value,,,,,,,,,,,,19370425,2,BIR01,h,CAG,1,0,0,exhibition,,,
BIR193705092,howar101,BIR,1,1,value,15,1,1,0,0,0,,,,,1,19370509,2,BIR01,h,KCM,0,1,0,regular,y,d,
BIR193705150,howar101,BIR,1,7,value,30,3,0,1,0,0,,,,,1,19370515,0,BIR01,h,SSA,1,0,0,regular,y,d,
BIR193705161,howar101,BIR,1,7,value,3,0,0,0,0,0,,,,,0,19370516,1,BIR01,h,SSA,1,0,0,regular,y,d,
BIR193705162,howar101,BIR,1,7,value,21,1,0,0,0,0,,,,,1,19370516,2,BIR01,h,SSA,1,0,0,regular,y,d,
CI1193705270,howar101,BIR,1,1,value,27,0,1,0,0,0,,,,,1,19370527,0,DES01,v,CI1,1,0,0,regular,y,d,
KCM193705312,howar101,BIR,1,1,value,27,0,3,2,0,0,,,,,1,19370531,2,KAN05,v,KCM,1,0,0,regular,y,d,
ATN193706100,howar101,BIR,1,1,value,27,4,2,0,0,0,,,,,1,19370610,0,ATL04,v,ATN,1,0,0,exhibition,y,d,
SSA193706120,howar101,BIR,2,8,value,,,,0,,,,,,,,19370612,0,STL14,v,SSA,1,0,0,regular,y,,
CI1193707242,howar101,BIR,1,1,value,17,0,1,0,0,0,,,,,1,19370724,2,DAY03,v,CI1,0,1,0,exhibition,y,d,
ATN193804240,howar101,ATN,1,1,value,6,0,0,0,0,0,,,,,0,19380424,0,ATL04,h,HOM,0,1,0,exhibition,y,y,
ATN193804260,howar101,ATN,1,1,value,3,0,0,0,0,0,,,,,0,19380426,0,ATL04,h,HOM,0,1,0,exhibition,y,d,
MEM193805011,howar101,ATN,1,1,value,,,,,,,,,,,,19380501,1,MEM02,v,MEM,0,1,0,exhibition,,,
MEM193805012,howar101,ATN,1,1,value,,,,,,,,,,,,19380501,2,MEM02,v,MEM,0,1,0,exhibition,,,
ATN193805082,howar101,ATN,1,1,value,3,0,0,0,0,0,,,,,0,19380508,2,ATL04,h,CAG,0,1,0,exhibition,y,d,
ATN193805152,howar101,ATN,1,1,value,6,0,0,0,0,0,,,,,1,19380515,2,ATL04,h,BIR,0,1,0,regular,y,d,
JAX193805230,howar101,ATN,1,1,value,18,0,3,0,,,,,,,1,19380523,0,JKV01,v,JAX,1,0,0,regular,y,,
ATN193806100,howar101,ATN,1,1,value,9,1,0,0,0,0,,,,,1,19380610,0,ATL04,h,IN7,0,1,0,regular,y,d,
ATN193806121,howar101,ATN,1,7,value,27,0,0,0,0,0,,,,,1,19380612,1,ATL04,h,IN7,0,1,0,regular,y,d,
ATN193806130,howar101,ATN,1,1,value,,,,,,,,,,,1,19380613,0,ELB01,h,IN7,0,1,0,exhibition,,,
ATN193807020,howar101,JAX,1,9,value,30,0,0,0,0,0,,,,,1,19380702,0,ATL04,v,ATN,1,0,0,regular,y,d,
JAX193807130,howar101,JAX,1,1,value,27,,,,,,,,,,1,19380713,0,JKV01,h,IN7,0,1,0,regular,,,
MEM193807172,howar101,JAX,1,1,value,21,0,2,0,0,0,,,,,1,19380717,2,MEM02,v,MEM,1,0,0,regular,y,d,
JAX193808020,howar101,JAX,1,1,value,11,2,1,0,0,0,,,,,1,19380802,0,JKV01,h,ATN,1,0,0,regular,y,d,
CV9193904230,howar101,CV9,1,1,value,2,0,0,0,0,0,,,,,0,19390423,0,JKV01,h,SSA,0,1,0,exhibition,y,d,
CV9193905212,howar101,CV9,1,1,value,7,0,1,0,0,0,,,,,0,19390521,2,CLE07,h,ATN,1,0,0,regular,y,y,
SSA193905280,howar101,CV9,1,1,value,10,0,0,0,0,0,,,,,1,19390528,0,STL13,v,SSA,0,1,0,regular,y,d,
CAG193906050,howar101,CV9,1,1,value,,,,0,,0,0,,,,1,19390605,0,CHI09,v,CAG,0,1,0,regular,,,
ATN193906140,howar101,CV9,1,1,value,24,1,2,0,0,0,,,,,1,19390614,0,ATL04,v,ATN,0,1,0,regular,y,d,
MEM193907030,howar101,CV9,1,1,value,,,,0,,0,0,,,,1,19390703,0,LRK02,v,MEM,0,1,0,regular,,,
MEM193907041,howar101,CV9,1,1,value,3,,,0,,0,0,,,,,19390704,1,MEM02,v,MEM,0,1,0,regular,,,
MEM193907070,howar101,CV9,1,1,value,21,,,0,,0,0,,,,1,19390707,0,FUL01,v,MEM,1,0,0,regular,,,
SSA193907140,howar101,CV9,1,1,value,24,0,1,0,0,0,,,,,1,19390714,0,EVA01,v,SSA,0,1,0,exhibition,y,d,
MEM193908090,howar101,MEM,1,1,value,,,,0,,0,0,,,,1,19390809,0,MEM02,h,BLG,1,0,0,exhibition,,,
MEM193908130,howar101,MEM,1,9,value,6,0,0,0,0,0,,,,,0,19390813,0,MEM02,h,KCM,0,1,0,regular,y,d,
CAG193909042,howar101,MEM,1,1,value,,,,0,,0,0,,,,1,19390904,2,CHI09,v,CAG,0,1,0,regular,,,
BIR194003310,howar101,BIR,1,1,value,,,,0,,0,0,,,,,19400331,0,JAC01,h,MEM,0,1,0,exhibition,,,
CAG194004142,howar101,BIR,1,1,value,7,0,0,0,0,0,,,,,,19400414,2,NOL01,v,CAG,0,1,0,exhibition,y,,
BIR194004211,howar101,BIR,1,1,value,21,0,4,0,0,0,,,,,1,19400421,1,BIR01,h,BLG,0,1,0,exhibition,y,,
BLG194004281,howar101,BIR,1,1,value,13,0,,0,0,0,,,,,1,19400428,1,NSH02,v,BLG,0,1,0,exhibition,y,,
BIR194005121,howar101,BIR,1,1,value,24,0,1,0,0,0,,,,,1,19400512,1,BIR01,h,KCM,0,1,0,regular,y,,
BIR194005192,howar101,BIR,1,1,value,21,0,1,0,0,0,,,,,1,19400519,2,BIR01,h,SNO,1,0,0,regular,y,,
CAG194005302,howar101,BIR,1,1,value,,,,0,,0,0,,,,1,19400530,2,CHI09,v,CAG,0,1,0,regular,,,
BIR194006021,howar101,BIR,1,1,value,21,0,0,0,0,0,,,,,,19400602,1,BIR01,h,MEM,0,1,0,regular,y,,
MEM194006091,howar101,BIR,1,1,value,9,0,,0,0,0,,,,,,19400609,1,MEM02,v,MEM,1,0,0,regular,y,,
MEM194006100,howar101,BIR,1,1,value,3,0,0,0,0,0,,,,,,19400610,0,MEM02,v,MEM,1,0,0,regular,y,,
BIR194006231,howar101,BIR,1,1,value,5,0,0,0,0,0,,,,,,19400623,1,BIR01,h,CV9,0,1,0,regular,y,,
BIR194006232,howar101,BIR,1,1,value,2,0,0,0,0,0,,,,,,19400623,2,BIR01,h,CV9,1,0,0,regular,y,,
BIR194006250,howar101,BIR,1,1,value,,,,0,,0,0,,,,,19400625,0,ANN01,h,CV9,1,0,0,regular,,,
CV9194006280,howar101,BIR,1,1,value,12,0,3,0,0,0,,,,,1,19400628,0,ATL04,v,CV9,1,0,0,regular,y,,
CV9194006301,howar101,BIR,1,1,value,3,,,0,0,0,,,,,,19400630,1,ATL04,v,CV9,1,0,0,regular,y,,
KCM194007040,howar101,BIR,1,1,value,13,0,1,0,0,0,,,,,,19400704,0,KAN05,v,KCM,0,1,0,regular,y,,
CAG194007211,howar101,BIR,1,1,value,7,0,0,0,0,0,,,,,,19400721,1,CHI09,v,CAG,0,1,0,regular,y,,
BIR194007282,howar101,BIR,1,1,value,,,,0,,0,0,,,,,19400728,2,BIR01,h,MEM,0,1,0,regular,,,
BIR194008041,howar101,BIR,1,1,value,3,0,0,0,0,0,,,,,,19400804,1,BIR01,h,KCM,1,0,0,regular,y,,
KCM194008050,howar101,BIR,1,1,value,24,,,0,,0,0,,,,1,19400805,0,LRK02,v,KCM,0,1,0,regular,,,
KCM194009010,howar101,BIR,1,1,value,0,0,0,1,0,0,,,,,,19400901,0,KAN05,v,KCM,0,1,0,regular,y,,
KCM194009021,howar101,BIR,1,1,value,,,,0,,0,0,,,,,19400902,1,OKC01,v,KCM,0,1,0,regular,,,
AST194010041,howar101,AST,1,1,value,4,0,0,0,0,0,,,,,,19401004,1,NOL01,h,NAS,0,1,0,allstar,y,,
BIR194603310,howar101,CAG,1,1,value,15,,,,,0,0,,,,1,19460331,0,BIR01,v,BIR,0,1,0,exhibition,,,
MEM194604150,howar101,CAG,1,1,value,,,,0,,0,0,,,,,19460415,0,NOL01,v,MEM,1,0,0,exhibition,,,
KCM194604211,howar101,CAG,1,1,value,,,,0,,0,0,,,,,19460421,1,HOU04,v,KCM,0,1,0,exhibition,,,
MEM194604260,howar101,CAG,1,1,value,,,,0,,0,0,,,,1,19460426,0,FTW01,v,MEM,0,1,0,exhibition,,,
KCM194605070,howar101,CAG,1,1,value,0,0,0,0,0,0,,,,,,19460507,0,TUL01,v,KCM,0,1,0,regular,y,,
KCM194605080,howar101,CAG,1,1,value,,,,0,,0,0,,,,,19460508,0,FTW01,v,KCM,0,1,0,regular,,,
IN9194605150,howar101,CAG,1,1,value,2,0,0,0,0,0,,,,,1,19460515,0,SBD01,v,IN9,0,1,0,regular,y,d,
KCM194605200,howar101,CAG,1,1,value,24,0,0,1,0,0,,,,,1,19460520,0,KAN05,v,KCM,0,1,0,regular,y,d,
CAG194606030,howar101,CAG,1,1,value,18,0,0,0,0,0,,,,,1,19460603,0,DAV01,h,BIR,0,1,0,regular,y,d,
CAG194606060,howar101,CAG,1,1,value,,,,0,,0,0,,,,,19460606,0,CHI10,h,BIR,0,1,0,regular,,,
CAG194606110,howar101,CAG,1,1,value,21,,,0,0,0,,,,,1,19460611,0,SPR03,h,IN9,1,0,0,regular,y,,
IN9194606302,howar101,CAG,1,1,value,21,,,0,,0,0,,,,1,19460630,2,IND10,v,IN9,1,0,0,regular,,,
CVB194607041,howar101,CAG,1,1,value,0,0,0,0,0,0,,,,,0,19460704,1,CLE06,v,CVB,0,1,0,regular,y,d,
CAG194607072,howar101,CAG,1,1,value,,,,0,,0,0,,,,,19460707,2,CHI10,h,BIR,0,1,0,regular,,,
CAG194607160,howar101,CAG,1,1,value,27,,,0,,0,0,,,,1,19460716,0,COL05,h,HOM,0,1,0,exhibition,,,
IN9194607300,howar101,CAG,1,1,value,1,,,0,,0,0,,,,1,19460730,0,IND10,v,IN9,0,1,0,regular,,,
IN9194607310,howar101,CAG,1,1,value,1,,,0,,0,0,,,,1,19460731,0,IND10,v,IN9,0,1,0,regular,,,
BIR194608042,howar101,CAG,1,1,value,15,,,0,,0,0,,,,1,19460804,2,BIR01,v,BIR,0,1,0,regular,,,
