gid,id,team,d_seq,d_pos,stattype,d_ifouts,d_po,d_a,d_e,d_dp,d_tp,d_pb,d_wp,d_sb,d_cs,d_gs,date,number,site,vishome,opp,win,loss,tie,gametype,box,pbp,eject
NW2193705162,gainj102,NW2,1,1,value,12,,,0,,,,,,,,19370516,2,NWK04,h,HOM,0,1,0,regular,y,,
PH5193705221,gainj102,NW2,1,1,value,4,0,0,0,0,0,,,,,0,19370522,1,PHI17,v,PH5,1,0,0,regular,y,d,
HOM193706132,gainj102,NW2,2,1,value,,,,,,,,,,,,19370613,2,COL05,v,HOM,0,1,0,regular,,,
PH5193706262,gainj102,NW2,1,1,value,12,0,0,0,0,0,,,,,0,19370626,2,PHI17,v,PH5,0,1,0,regular,y,d,
NW2193707100,gainj102,NW2,1,1,value,15,0,2,0,0,0,,,,,0,19370710,0,PAT01,h,WEG,1,0,0,regular,y,d,
NW2193707170,gainj102,NW2,1,1,value,5,0,1,0,0,0,,,,,0,19370717,0,PAT01,h,PTC,1,0,0,regular,y,d,
NW2193708140,gainj102,NW2,1,1,value,6,0,0,,,,,,,,1,19370814,0,PAT01,h,HOM,0,1,0,regular,y,,
WEG193708170,gainj102,WEG,1,1,value,27,0,3,0,0,0,,,,,1,19370817,0,PGK01,h,PTC,1,0,0,regular,y,d,
WEG193708221,gainj102,WEG,1,1,value,26,0,4,0,1,0,,0,,,1,19370822,1,BAL10,h,PH5,0,1,0,regular,y,,
PH5193709112,gainj102,WEG,1,1,value,,0,0,0,,,,,,,1,19370911,2,PHI17,v,PH5,0,1,0,regular,y,,
NW2193805301,gainj102,BLG,1,1,value,7,0,0,0,0,0,,,,,0,19380530,1,NWK04,v,NW2,1,0,0,regular,y,d,
HOM193806120,gainj102,BLG,1,1,value,,,,0,,,,,,,,19380612,0,IND10,v,HOM,0,1,0,regular,y,,
HOM193806160,gainj102,BLG,1,1,value,,,,0,,,,,,,1,19380616,0,MID02,v,HOM,0,1,0,regular,y,,
HOM193806170,gainj102,BLG,1,1,value,,,,,,,,,,,1,19380617,0,TOL05,v,HOM,0,1,0,regular,,,
PH5193807020,gainj102,BLG,1,1,value,26,0,2,1,0,0,,,,,1,19380702,0,PHI17,v,PH5,0,0,1,regular,y,d,
BLG193808142,gainj102,BLG,1,1,value,15,1,2,0,0,0,,,,,1,19380814,2,NYC29,h,PH5,0,1,0,regular,y,d,
PH5193809030,gainj102,BLG,1,1,value,3,0,2,0,0,0,,,,,1,19380903,0,CHE01,v,PH5,1,0,0,regular,y,d,
PH5193906080,gainj102,BLG,1,1,value,3,1,1,0,0,0,,,,,,19390608,0,PHI17,v,PH5,1,0,0,regular,y,,
HOM193906101,gainj102,BLG,1,1,value,27,0,0,0,0,0,,,,,1,19390610,1,PIT06,v,HOM,1,0,0,regular,y,,
HOM193906112,gainj102,BLG,1,1,value,18,,,0,,0,0,,,,1,19390611,2,COL05,v,HOM,0,1,0,regular,,,
HOM193906150,gainj102,BLG,1,1,value,27,,,0,,0,0,,,,1,19390615,0,CHA01,v,HOM,1,0,0,exhibition,,,
NY5193907022,gainj102,BLG,1,1,value,27,0,2,0,0,0,,,,,1,19390702,2,NYC16,v,NY5,1,0,0,regular,y,d,
BLG193907091,gainj102,BLG,1,1,value,27,,,0,,0,,,,,1,19390709,1,BAL10,h,PH5,1,0,0,regular,,,
BLG193907161,gainj102,BLG,1,1,value,1,0,0,0,0,0,,,,,1,19390716,1,BAL10,h,NY6,0,1,0,regular,y,d,
BLG193907231,gainj102,BLG,1,1,value,27,0,1,0,0,0,,,,,1,19390723,1,WAS09,h,NW2,0,1,0,regular,y,d,
BLG193908010,gainj102,BLG,1,1,value,,,,0,,0,0,,,,1,19390801,0,BIR01,h,NY5,1,0,0,regular,,,
BLG193908061,gainj102,BLG,1,1,value,27,0,2,0,0,0,,,,,1,19390806,1,BIR01,h,MEM,0,1,0,exhibition,y,d,
HOM193908240,gainj102,BLG,1,1,value,24,0,1,1,0,0,,,,,1,19390824,0,WAR03,v,HOM,0,1,0,regular,y,d,
BLG193908271,gainj102,BLG,1,9,value,6,0,0,0,0,0,,,,,0,19390827,1,BAL10,h,NY6,0,1,0,exhibition,y,d,
BLG193909042,gainj102,BLG,1,1,value,27,,,0,,0,0,,,,1,19390904,2,NYC23,h,HOM,0,1,0,regular,,,
NW2193909090,gainj102,BLG,1,1,value,27,0,0,0,0,0,,,,,1,19390909,0,PHI17,v,NW2,1,0,0,divisionseries,y,d,
BLG193909171,gainj102,BLG,1,1,value,27,0,0,0,0,0,,,,,1,19390917,1,BAL10,h,HOM,1,0,0,lcs,y,d,
BLG193909240,gainj102,BLG,1,1,value,23,0,5,0,0,0,,,,,1,19390924,0,NYC16,h,HOM,1,0,0,lcs,y,d,
SAS193910010,gainj102,NAS,1,1,value,18,0,2,0,0,0,,,,,1,19391001,0,NOL01,v,SAS,1,0,0,allstar,y,,
BLG194106221,gainj102,BLG,1,1,value,25,,,0,0,0,,,,,1,19410622,1,BAL10,h,NY5,1,0,0,regular,y,,
NW2194107100,gainj102,BLG,1,1,value,10,,,0,0,0,,,,,1,19410710,0,NWK04,v,NW2,0,1,0,regular,y,,
BLG194107271,gainj102,BLG,1,1,value,27,,,0,0,0,,,,,1,19410727,1,BAL10,h,NY6,1,0,0,exhibition,y,,
HOM194108031,gainj102,BLG,1,1,value,27,0,1,0,0,0,,,,,1,19410803,1,DET04,v,HOM,1,0,0,regular,y,y,
SNO194108130,gainj102,BLG,1,1,value,27,,,0,0,0,,,,,1,19410813,0,HAM01,v,SNO,1,0,0,exhibition,y,,
HOM194108231,gainj102,BLG,1,1,value,24,1,1,0,0,0,,,,,1,19410823,1,PIT06,v,HOM,0,1,0,regular,y,,
HOM194108241,gainj102,BLG,1,1,value,4,0,0,0,0,0,,,,,,19410824,1,WAS09,v,HOM,1,0,0,regular,y,,
HOM194108242,gainj102,BLG,1,1,value,5,0,1,0,0,0,,,,,,19410824,2,WAS09,v,HOM,1,0,0,regular,y,,
BLG194109180,gainj102,BLG,1,1,value,27,,,0,,0,0,,,,1,19410918,0,NPN01,h,HOM,1,0,0,exhibition,,,
BLG194204122,gainj102,BLG,1,1,value,12,,,0,,0,0,,,,1,19420412,2,NOL01,h,NY6,1,0,0,exhibition,,,
BLG194206141,gainj102,BLG,1,1,value,24,,,0,,0,0,,,,1,19420614,1,DET04,h,NY6,0,1,0,regular,,,
NY6194206212,gainj102,BLG,1,1,value,26,2,3,0,0,0,,,,,1,19420621,2,NYC16,v,NY6,0,1,0,regular,y,,
BLG194207030,gainj102,BLG,1,1,value,27,,,0,0,0,,,,,1,19420703,0,BAL14,h,HOM,1,0,0,regular,y,,
BLG194207122,gainj102,BLG,1,1,value,21,0,0,0,0,0,,,,,1,19420712,2,BAL14,h,NY6,1,0,0,regular,y,,
BLG194207192,gainj102,BLG,1,1,value,21,,,0,0,0,,,,,1,19420719,2,BAL14,h,NY5,0,1,0,regular,y,,
NY6194207220,gainj102,BLG,1,1,value,0,,,1,,0,0,,,,,19420722,0,NPN01,v,NY6,0,1,0,exhibition,,,
HOM194207261,gainj102,BLG,1,1,value,24,0,3,0,0,0,,,,,1,19420726,1,WAS09,v,HOM,0,1,0,regular,y,,
PH5194208021,gainj102,BLG,1,1,value,21,1,2,0,1,0,,,,,,19420802,1,NYC16,v,PH5,0,1,0,regular,y,,
BLG194208070,gainj102,BLG,1,1,value,27,,,0,0,0,,,,,1,19420807,0,BAL14,h,HOM,0,1,0,regular,y,,
ASW194208160,gainj102,ASE,1,1,value,9,0,0,0,0,0,,,,,1,19420816,0,CHI10,v,ASW,1,0,0,allstar,y,y,
ASW194208180,gainj102,ASE,1,1,value,6,0,0,0,0,0,,,,,0,19420818,0,CLE07,v,ASW,1,0,0,allstar,y,y,
BLG194208231,gainj102,BLG,1,1,value,27,,,0,0,0,,,,,1,19420823,1,BAL14,h,NY6,1,0,0,exhibition,y,,
BLG194208301,gainj102,BLG,1,1,value,27,,,0,0,0,,,,,1,19420830,1,BAL14,h,NY5,1,0,0,regular,y,,
BLG194209061,gainj102,BLG,1,1,value,31,,,0,0,0,,,,,1,19420906,1,BAL14,h,PH5,1,0,0,regular,y,,
BLG194405141,gainj102,BLG,1,1,value,26,0,0,0,0,0,,,,,1,19440514,1,BAL14,h,HOM,1,0,0,regular,y,d,
BLG194405212,gainj102,BLG,1,1,value,21,0,0,0,0,0,,,,,1,19440521,2,NYC14,h,PH5,1,0,0,regular,y,d,
HOM194405281,gainj102,BLG,1,1,value,18,0,3,0,0,0,,,,,1,19440528,1,WAS09,v,HOM,0,1,0,regular,y,d,
NY6194406111,gainj102,BLG,1,1,value,27,0,0,0,0,0,,,,,1,19440611,1,DET04,v,NY6,1,0,0,regular,y,d,
NY6194406251,gainj102,BLG,1,1,value,3,0,0,0,0,0,,,,,,19440625,1,NYC16,v,NY6,1,0,0,regular,y,,
NY6194406252,gainj102,BLG,1,1,value,2,0,0,0,0,0,,,,,,19440625,2,NYC16,v,NY6,0,1,0,regular,y,,
BLG194407092,gainj102,BLG,1,1,value,5,,,,,0,0,,,,1,19440709,2,BAL14,h,NW2,1,0,0,regular,,,
BLG194407161,gainj102,BLG,1,1,value,20,0,0,0,0,0,,,,,1,19440716,1,BAL14,h,PH5,0,1,0,regular,y,d,
BLG194407232,gainj102,BLG,1,1,value,21,0,0,1,0,0,,,,,1,19440723,2,BAL14,h,NY5,1,0,0,regular,y,d,
BLG194408062,gainj102,BLG,1,1,value,21,0,1,0,1,0,,,,,1,19440806,2,BAL14,h,NW2,1,0,0,regular,y,d,
HOM194509031,gainj102,BLG,1,1,value,27,,,0,,0,0,,,,1,19450903,1,WAS09,v,HOM,0,1,0,regular,,,
NW2194509301,gainj102,BLG,1,1,value,21,,,0,,0,0,,,,1,19450930,1,NYC14,v,NW2,0,1,0,exhibition,,,
BLG194605051,gainj102,BLG,1,1,value,9,0,0,0,0,0,,,,,1,19460505,1,BAL14,h,HOM,0,1,0,regular,y,,
NW2194605192,gainj102,BLG,1,1,value,,,,0,,0,0,,,,,19460519,2,NWK04,v,NW2,1,0,0,regular,,,
BLG194605240,gainj102,BLG,1,1,value,15,0,1,0,0,0,,,,,1,19460524,0,BAL14,h,NY6,0,1,0,regular,y,,
HOM194605301,gainj102,BLG,1,1,value,26,0,0,0,0,0,,,,,1,19460530,1,WAS09,v,HOM,1,0,0,regular,y,,
BLG194606071,gainj102,BLG,1,1,value,21,1,0,1,0,0,,,,,1,19460607,1,BAL14,h,NW2,1,0,0,regular,y,,
BLG194606092,gainj102,BLG,1,1,value,0,0,0,0,0,0,,,,,0,19460609,2,BAL14,h,PH5,0,1,0,regular,y,d,
PH5194606132,gainj102,BLG,1,1,value,27,0,2,0,0,0,,,,,1,19460613,2,PHI11,v,PH5,1,0,0,regular,y,,
BLG194606180,gainj102,BLG,1,1,value,5,0,0,0,0,0,,,,,,19460618,0,BAL14,h,NY6,1,0,0,regular,y,,
NY5194606230,gainj102,BLG,1,1,value,27,0,1,0,0,0,,,,,1,19460623,0,NYC16,v,NY5,1,0,0,regular,y,d,
PH5194607012,gainj102,BLG,1,1,value,21,0,5,0,0,0,,,,,1,19460701,2,PHI11,v,PH5,0,1,0,regular,y,,
BLG194607101,gainj102,BLG,1,1,value,27,0,2,0,0,0,,,,,1,19460710,1,WAS09,h,PH5,1,0,0,regular,y,,
BLG194607211,gainj102,BLG,1,1,value,11,1,0,1,0,0,,,,,1,19460721,1,NYC14,h,PH5,0,1,0,regular,y,,
BLG194607270,gainj102,BLG,1,1,value,6,0,0,0,0,0,,,,,1,19460727,0,BAL14,h,HOM,0,1,0,regular,y,,
BLG194607282,gainj102,BLG,1,1,value,21,0,2,0,0,0,,,,,1,19460728,2,BAL14,h,PH5,1,0,0,regular,y,,
BLG194608041,gainj102,BLG,1,1,value,10,0,1,0,0,0,0,0,0,,,19460804,1,BAL14,h,NY6,0,1,0,regular,y,,
ASE194608150,gainj102,ASE,1,1,value,6,0,0,0,0,0,,,,,0,19460815,0,WAS09,h,ASW,1,0,0,allstar,y,d,
ASW194608180,gainj102,ASE,1,1,value,8,1,1,0,0,0,,,,,0,19460818,0,CHI10,v,ASW,0,1,0,allstar,y,y,
BLG194608230,gainj102,BLG,1,1,value,26,0,0,0,0,0,,,,,1,19460823,0,BAL14,h,PH5,1,0,0,regular,y,,
BLG194609011,gainj102,BLG,1,1,value,27,0,2,0,0,0,,,,,1,19460901,1,BAL14,h,HOM,1,0,0,regular,y,,
BLG194609081,gainj102,BLG,1,1,value,27,,,0,,0,0,,,,1,19460908,1,NYC14,h,PH5,1,0,0,regular,,,
BLG194705180,gainj102,BLG,1,1,value,6,0,0,0,0,0,,,,,,19470518,0,BAL14,h,NY5,0,0,1,regular,y,,
BLG194705270,gainj102,BLG,1,1,value,18,0,3,0,0,0,,,,,1,19470527,0,BAL14,h,NY6,1,0,0,regular,y,,
BLG194706152,gainj102,BLG,1,1,value,21,0,2,0,0,0,,,,,1,19470615,2,BAL14,h,NY5,0,1,0,regular,y,,
BLG194706221,gainj102,BLG,1,1,value,27,0,3,1,0,0,,,,,1,19470622,1,BAL14,h,PH5,1,0,0,regular,y,,
BLG194706270,gainj102,BLG,1,1,value,1,0,0,0,0,0,0,0,0,,1,19470627,0,BAL14,h,NY5,0,1,0,regular,y,,
HOM194707042,gainj102,BLG,1,1,value,18,,,,,,,,,,1,19470704,2,PIT06,v,HOM,0,1,0,regular,,,
BLG194707112,gainj102,BLG,1,1,value,21,,,0,,0,0,,,,1,19470711,2,NYC16,h,CVB,0,0,1,exhibition,,,
BLG194707220,gainj102,BLG,1,1,value,24,0,1,1,0,0,,,,,1,19470722,0,BAL14,h,BIR,1,0,0,exhibition,y,,
NW2194707272,gainj102,BLG,1,1,value,0,0,0,0,0,0,,,,,,19470727,2,NYC15,v,NW2,0,1,0,exhibition,y,,
NY6194708030,gainj102,BLG,1,1,value,7,0,0,0,0,0,,,,,1,19470803,0,NYC14,v,NY6,0,1,0,regular,y,,
BLG194708080,gainj102,BLG,1,1,value,25,0,3,0,0,0,,,,,,19470808,0,BAL14,h,HOM,1,0,0,regular,y,,
BLG194708120,gainj102,BLG,1,1,value,27,1,2,0,1,0,,,,,1,19470812,0,BAL14,h,BIR,0,1,0,exhibition,y,,
BLG194708172,gainj102,BLG,1,1,value,12,,,0,,0,0,,,,,19470817,2,BAL14,h,PH5,0,1,0,regular,,,
BLG194708220,gainj102,BLG,1,1,value,24,0,1,0,0,0,0,0,0,,1,19470822,0,BAL14,h,HOM,1,0,0,regular,y,,
BLG194708291,gainj102,BLG,1,1,value,21,0,1,0,0,0,,,,,1,19470829,1,BAL14,h,NY5,1,0,0,regular,y,,
BLG194709020,gainj102,BLG,1,1,value,23,0,2,3,0,0,,,,,1,19470902,0,BAL14,h,HOM,0,0,1,regular,y,,
CVB194709080,gainj102,BLG,1,1,value,27,,,0,,0,0,,,,1,19470908,0,DAY03,v,CVB,1,0,0,exhibition,,,
BLG194709142,gainj102,BLG,1,1,value,21,0,1,0,0,0,,,,,1,19470914,2,BAL14,h,NY6,1,0,0,regular,y,,
BLG194805210,gainj102,BLG,1,1,value,,,,0,,0,0,,,,,19480521,0,BAL14,h,NY6,1,0,0,regular,,,
NY6194805231,gainj102,BLG,1,1,value,21,0,2,0,0,0,,,,,1,19480523,1,NYC16,v,NY6,1,0,0,regular,y,d,
BLG194805280,gainj102,BLG,1,1,value,27,1,2,2,0,0,0,,,,1,19480528,0,BAL14,h,HOM,1,0,0,regular,y,,
BLG194806061,gainj102,BLG,1,1,value,18,1,2,0,0,0,0,,,,1,19480606,1,BAL14,h,PH5,0,1,0,regular,y,,
BLG194806061,gainj102,BLG,1,1,lower,,1,0,0,0,0,0,,,,1,19480606,1,BAL14,h,PH5,0,1,0,regular,y,,
BLG194806132,gainj102,BLG,1,1,value,21,1,2,0,0,0,0,,,,1,19480613,2,BAL14,h,NW2,1,0,0,regular,y,,
BLG194806220,gainj102,BLG,1,1,value,27,1,1,0,0,0,,,,,1,19480622,0,BAL14,h,HOM,1,0,0,regular,y,d,
BLG194806272,gainj102,BLG,1,1,value,21,0,3,0,2,0,0,,,,1,19480627,2,BAL14,h,NY5,1,0,0,regular,y,,
BLG194807051,gainj102,BLG,1,1,value,27,0,0,0,0,0,,,,,1,19480705,1,BAL14,h,HOM,0,1,0,regular,y,d,
BLG194807100,gainj102,BLG,1,1,value,21,1,1,1,0,0,0,,,,1,19480710,0,BAL14,h,IN9,1,0,0,exhibition,y,,
BLG194807200,gainj102,BLG,1,1,value,15,1,1,1,0,0,0,,,,1,19480720,0,BAL14,h,HOM,1,0,0,regular,y,,
PH5194807262,gainj102,BLG,1,1,value,27,1,3,0,0,0,0,,,,1,19480726,2,PHI11,v,PH5,1,0,0,regular,y,,
BLG194808060,gainj102,BLG,1,1,value,12,2,3,0,0,0,0,,,,1,19480806,0,BAL14,h,PH5,0,1,0,regular,y,,
BLG194808130,gainj102,BLG,1,1,value,27,1,2,0,0,0,0,,,,1,19480813,0,BAL14,h,HOM,1,0,0,regular,y,,
NW2194808190,gainj102,BLG,1,1,value,27,0,0,0,0,0,,,,,1,19480819,0,NWK04,v,NW2,1,0,0,regular,y,d,
BLG194809061,gainj102,BLG,1,1,value,27,0,2,0,0,0,,,,,1,19480906,1,BAL14,h,HOM,0,1,0,regular,y,d,
BLG194809140,gainj102,BLG,1,1,value,11,0,0,0,0,0,,,,,1,19480914,0,BAL14,h,HOM,0,1,0,lcs,y,d,
HOE194905100,gainj102,HOE,2,1,value,,,,,,,,,,,1,19490510,0,HOU04,h,MEM,0,1,0,regular,,,
MEM194905130,gainj102,HOE,1,1,value,27,,,,,,,,,,1,19490513,0,LRK02,v,MEM,1,0,0,regular,,,
HOE194905182,gainj102,HOE,,1,value,,,,,,,,,,,,19490518,2,SAT01,h,KCM,1,0,0,regular,,,
HOE194905222,gainj102,HOE,1,1,value,21,,,,,,,,,,1,19490522,2,HOU04,h,MEM,1,0,0,regular,,,
PH5194905301,gainj102,HOE,1,1,value,24,0,2,0,0,0,,,,,1,19490530,1,CHE01,v,PH5,0,1,0,regular,y,d,
PH5194906062,gainj102,PH5,1,1,value,30,0,3,0,0,0,,,,,1,19490606,2,PHI11,h,HOE,0,1,0,regular,y,d,
CAG194906191,gainj102,PH5,1,1,value,,,,,,,,,,,1,19490619,1,CHI10,v,CAG,0,1,0,regular,,,
HOE194907030,gainj102,PH5,,1,value,3,,,,,,,,,,,19490703,0,HOU04,v,HOE,0,1,0,regular,,,
BIR194907100,gainj102,PH5,1,1,value,18,0,0,0,0,0,,,,,1,19490710,0,BIR01,v,BIR,0,1,0,regular,y,d,
IN9194907270,gainj102,PH5,1,1,value,7,,,,,,,,,,1,19490727,0,IND10,v,IN9,0,1,0,regular,,,
PH5194908242,gainj102,PH5,1,1,value,27,3,2,0,0,0,,,,,1,19490824,2,PHI11,h,BLG,0,1,0,regular,y,d,
BLG194909020,gainj102,PH5,1,1,value,6,0,0,0,0,0,,,,,1,19490902,0,BAL14,v,BLG,0,1,0,regular,y,d,
ASW195008200,gainj102,ASE,1,1,value,6,0,0,0,0,0,,,,,0,19500820,0,CHI10,v,ASW,0,1,0,allstar,y,d,
