gid,id,team,d_seq,d_pos,stattype,d_ifouts,d_po,d_a,d_e,d_dp,d_tp,d_pb,d_wp,d_sb,d_cs,d_gs,date,number,site,vishome,opp,win,loss,tie,gametype,box,pbp,eject
IN6193705080,pearl101,SSA,1,8,value,27,0,0,1,0,0,,,,,1,19370508,0,IND10,v,IN6,1,0,0,regular,y,y,
IN6193705090,pearl101,SSA,1,8,value,27,0,0,0,0,0,,,,,1,19370509,0,IND10,v,IN6,1,0,0,regular,y,d,
IN6193705100,pearl101,SSA,1,8,value,24,,,0,,,,,,,1,19370510,0,IND10,v,IN6,0,1,0,regular,y,,
BIR193705150,pearl101,SSA,1,8,value,27,3,0,1,0,0,,,,,1,19370515,0,BIR01,v,BIR,0,1,0,regular,y,d,
BIR193705161,pearl101,SSA,1,9,value,24,1,0,0,0,0,,,,,1,19370516,1,BIR01,v,BIR,0,1,0,regular,y,d,
BIR193705162,pearl101,SSA,1,8,value,18,1,1,0,0,0,,,,,1,19370516,2,BIR01,v,BIR,0,1,0,regular,y,d,
MEM193705231,pearl101,SSA,1,7,value,24,0,0,0,0,0,,,,,1,19370523,1,MEM02,v,MEM,0,1,0,regular,y,d,
SSA193705270,pearl101,SSA,1,7,value,27,0,0,0,0,0,,,,,1,19370527,0,SPR05,h,MEM,0,1,0,regular,y,d,
SSA193705290,pearl101,SSA,1,9,value,27,0,0,1,0,0,,,,,1,19370529,0,STL14,h,DT2,0,1,0,regular,y,d,
SSA193705301,pearl101,SSA,1,7,value,27,,,0,,,,,,,1,19370530,1,STL14,h,DT2,0,1,0,regular,y,,
SSA193705311,pearl101,SSA,1,7,value,27,,,0,,,,,,,1,19370531,1,STL14,h,DT2,0,1,0,regular,y,,
SSA193706120,pearl101,SSA,1,9,value,27,,,1,,,,,,,1,19370612,0,STL14,h,BIR,0,1,0,regular,y,,
SSA193706131,pearl101,SSA,1,9,value,27,0,0,0,0,0,,,,,1,19370613,1,STL14,h,BIR,1,0,0,regular,y,d,
KCM193706190,pearl101,SSA,1,9,value,27,0,0,0,0,0,,,,,1,19370619,0,CMB01,v,KCM,1,0,0,regular,y,d,
KCM193706201,pearl101,SSA,1,9,value,24,0,0,0,0,0,,,,,1,19370620,1,KAN05,v,KCM,0,1,0,regular,y,d,
KCM193706202,pearl101,SSA,1,9,value,18,0,0,0,0,0,,,,,1,19370620,2,KAN05,v,KCM,0,1,0,regular,y,d,
KCM193706210,pearl101,SSA,1,9,value,24,0,0,0,0,0,,,,,1,19370621,0,KAN05,v,KCM,0,1,0,regular,y,d,
SSA193706271,pearl101,SSA,1,9,value,27,,,0,,,,,,,1,19370627,1,STL14,h,IN6,0,1,0,regular,y,,
IN6193707170,pearl101,SSA,1,8,value,27,,,0,,,,,,,1,19370717,0,IND10,v,IN6,1,0,0,regular,y,,
IN6193707181,pearl101,SSA,1,9,value,24,,,0,,,,,,,1,19370718,1,IND10,v,IN6,0,1,0,regular,y,,
IN6193707200,pearl101,SSA,1,9,value,24,,,0,0,,,,,,1,19370720,0,MIL03,v,IN6,0,1,0,regular,y,,
SSA193707251,pearl101,SSA,1,9,value,27,0,0,0,0,0,,,,,1,19370725,1,STL14,h,IN6,0,1,0,regular,y,d,
ATN193708070,pearl101,SSA,1,9,value,24,2,0,0,0,0,,,,,1,19370807,0,ATL04,v,ATN,0,1,0,regular,y,d,
ATN193708081,pearl101,SSA,1,9,value,27,1,0,0,0,0,,,,,1,19370808,1,ATL04,v,ATN,1,0,0,exhibition,y,d,
ATN193708082,pearl101,SSA,1,9,value,14,1,0,0,0,0,,,,,1,19370808,2,ATL04,v,ATN,0,1,0,exhibition,y,d,
BIR193708151,pearl101,SSA,1,9,value,24,3,0,0,0,0,,,,,1,19370815,1,BIR01,v,BIR,0,1,0,regular,y,d,
BIR193708152,pearl101,SSA,1,9,value,18,0,0,0,0,0,,,,,1,19370815,2,BIR01,v,BIR,0,1,0,regular,y,d,
BIR193708160,pearl101,SSA,1,9,value,24,2,1,0,1,0,,,,,1,19370816,0,BIR01,v,BIR,0,1,0,regular,y,d,
KCM193708250,pearl101,SSA,1,9,value,24,1,0,0,0,0,,,,,1,19370825,0,CMB01,v,KCM,0,1,0,regular,y,d,
