gid,visteam,hometeam,site,date,number,starttime,daynight,innings,tiebreaker,usedh,htbf,timeofgame,attendance,fieldcond,precip,sky,temp,winddir,windspeed,oscorer,forfeit,suspend,umphome,ump1b,ump2b,ump3b,umplf,umprf,wp,lp,save,gametype,vruns,hruns,wteam,lteam,line,batteries,lineups,box,pbp,season
HOM193604131,WEG,HOM,ATL04,19360413,1,,day,,,false,,0,1500,unknown,unknown,unknown,0,unknown,-1,,,,,,,,,,browr103,howar101,,exhibition,0,10,HOM,WEG,y,both,y,y,d,1936
HOM193604132,WEG,HOM,ATL04,19360413,2,,day,7,,,,,1500,,,,,,,,,,,,,,,,welmr101,evanf101,,exhibition,0,3,HOM,WEG,,,,,,1936
HOM193604190,NW2,HOM,ATL04,19360419,0,,day,,,false,,0,1600,unknown,unknown,unknown,0,unknown,-1,,,,,,,,,,day-l101,browr103,evanb105,exhibition,2,0,NW2,HOM,y,both,y,y,d,1936
HOM193604200,NW2,HOM,ATL04,19360420,0,,day,,,false,,0,0,unknown,unknown,unknown,0,unknown,-1,,,,,,,,,,bevec101,welmr101,mcdut101,exhibition,11,3,NW2,HOM,y,both,y,y,d,1936
ATN193705290,JAX,ATN,ATL04,19370529,0,,day,,,false,,0,1000,unknown,unknown,unknown,0,unknown,-1,,,,,,,,,,johnt109,burkp102,,exhibition,5,0,JAX,ATN,y,both,y,y,d,1937
ATN193705301,JAX,ATN,ATL04,19370530,1,,day,,,false,,0,5654,unknown,unknown,unknown,0,unknown,-1,,,,loweu901,,,,,,henrp101,welmr101,,exhibition,1,0,JAX,ATN,y,both,y,y,d,1937
ATN193705302,JAX,ATN,ATL04,19370530,2,,day,7,,false,,0,5654,unknown,unknown,unknown,0,unknown,-1,,,,,,,,,,reesj103,walkl103,,exhibition,1,8,ATN,JAX,y,both,y,y,d,1937
ATN193706100,BIR,ATN,ATL04,19370610,0,,night,,,false,,0,2114,unknown,unknown,unknown,0,unknown,-1,,,,,,,,,,howar101,howat101,,exhibition,10,6,BIR,ATN,y,both,y,y,d,1937
ATN193707080,CI1,ATN,ATL04,19370708,0,,night,,,false,,0,2115,unknown,unknown,unknown,0,unknown,-1,,,,,,,,,,housj103,reesj103,,regular,5,2,CI1,ATN,y,both,y,y,d,1937
ATN193707100,CI1,ATN,ATL04,19370710,0,,day,,,false,,0,0,unknown,unknown,unknown,0,unknown,-1,,,,,,,,,,mossp101,hughr102,,regular,11,2,CI1,ATN,y,both,y,y,d,1937
ATN193707111,CI1,ATN,ATL04,19370711,1,,day,,,false,,0,6977,unknown,unknown,unknown,0,unknown,-1,,,,,,,,,,breme101,howat101,,regular,15,0,CI1,ATN,y,both,y,y,d,1937
ATN193707112,CI1,ATN,ATL04,19370711,2,,day,7,,false,,0,6977,unknown,unknown,unknown,0,unknown,-1,,,,,,,,,,burkp102,bradp101,,regular,0,1,ATN,CI1,y,both,y,y,d,1937
ATN193707200,CAG,ATN,ATL04,19370720,0,,night,,,false,,0,2858,unknown,unknown,unknown,0,unknown,-1,,,,,,,,,,burkp102,cornw101,,regular,2,8,ATN,CAG,y,both,y,y,d,1937
ATN193707210,CAG,ATN,ATL04,19370721,0,,day,,,false,,0,0,unknown,unknown,unknown,0,unknown,-1,,,,,,,,,,howat101,fostw101,,regular,1,6,ATN,CAG,y,both,y,y,d,1937
ATN193707230,JAX,ATN,ATL04,19370723,0,,night,,,false,,0,2344,unknown,unknown,unknown,0,unknown,-1,,,,,,,,,,reesj103,henrp101,,exhibition,3,4,ATN,JAX,y,both,y,y,d,1937
ATN193707240,JAX,ATN,ATL04,19370724,0,,day,,,false,,0,0,unknown,unknown,unknown,0,unknown,-1,,,,,,,,,,nelsl103,johnt109,,regular,7,13,ATN,JAX,y,both,y,y,d,1937
ATN193707251,JAX,ATN,ATL04,19370725,1,,day,,,false,,0,4958,unknown,unknown,unknown,0,unknown,-1,,,,harvu901,,,,,,burkp102,henrp101,howat101,regular,4,5,ATN,JAX,y,both,y,y,d,1937
ATN193707252,JAX,ATN,ATL04,19370725,2,,day,7,,false,,0,4958,unknown,unknown,unknown,0,unknown,-1,,,,,,,,,,nelsl103,royaj101,,regular,1,9,ATN,JAX,y,both,y,y,d,1937
ATN193708070,SSA,ATN,ATL04,19370807,0,,day,,,false,,0,0,unknown,unknown,unknown,0,unknown,-1,,,,,,,,,,nelsl103,johnt108,burkp102,regular,6,8,ATN,SSA,y,both,y,y,d,1937
ATN193708081,SSA,ATN,ATL04,19370808,1,,day,,,false,,0,6981,unknown,unknown,unknown,0,unknown,-1,,,,,,,,,,hillj105,reesj103,,exhibition,7,5,SSA,ATN,y,both,y,y,d,1937
ATN193708082,SSA,ATN,ATL04,19370808,2,,day,,,false,,0,6981,unknown,unknown,unknown,0,unknown,-1,,,,,,,,,,howat101,dixog102,,exhibition,1,2,ATN,SSA,y,both,y,y,d,1937
ATN193708200,BIR,ATN,ATL04,19370820,0,,day,,,,,,,,,,,,,,,,,,,,,,howat101,oslej101,,regular,3,4,ATN,BIR,y,both,,,,1937
ATN193708220,BIR,ATN,ATL04,19370822,0,,day,,,false,,0,3987,unknown,unknown,unknown,0,unknown,-1,,,,,,,,,,mitcb104,reesj103,,regular,8,2,BIR,ATN,y,both,y,y,d,1937
SAS193708240,NAS,SAS,ATL04,19370824,0,,night,,,,,,,,,,,,,,,,,,,,,,mossp101,,,allstar,4,1,NAS,SAS,,,,,,1937
ATN193804240,HOM,ATN,ATL04,19380424,0,,day,,,false,,0,5000,unknown,unknown,unknown,0,unknown,-1,,,,,,,,,,browr103,mitcb104,,exhibition,4,1,HOM,ATN,y,both,y,y,y,1938
ATN193804250,HOM,ATN,ATL04,19380425,0,,day,,,false,,0,500,unknown,unknown,unknown,0,unknown,-1,,,,,,,,,,partr102,fernb101,,exhibition,6,3,HOM,ATN,y,both,y,y,d,1938
ATN193804260,HOM,ATN,ATL04,19380426,0,,day,,,false,,0,0,unknown,unknown,unknown,0,unknown,-1,,,,harvu901,doylj901,,,,,walke103,dixoe101,browr103,exhibition,8,4,HOM,ATN,y,both,y,y,d,1938
ATN193805081,CAG,ATN,ATL04,19380508,1,,day,,,false,,125,0,unknown,unknown,unknown,0,unknown,-1,,,,harvu901,doylj901,,,,,johnt108,mitcb104,housj103,exhibition,8,2,CAG,ATN,y,both,y,y,d,1938
ATN193805082,CAG,ATN,ATL04,19380508,2,,day,,,false,,0,0,unknown,unknown,unknown,0,unknown,-1,,,,doylj901,harvu901,,,,,cornw101,howat101,,exhibition,4,1,CAG,ATN,y,both,y,y,d,1938
ATN193805120,BIR,ATN,ATL04,19380512,0,,day,,,false,,0,2500,unknown,unknown,unknown,0,unknown,-1,,,,,,,,,,howat101,blacc103,dixoe101,regular,0,2,ATN,BIR,y,both,y,y,y,1938
ATN193805151,BIR,ATN,ATL04,19380515,1,,day,,,false,,0,3500,unknown,unknown,unknown,0,unknown,-1,,,,,,,,,,mitcb104,armsj101,,regular,3,7,ATN,BIR,y,both,y,y,d,1938
ATN193805152,BIR,ATN,ATL04,19380515,2,,day,7,,false,,0,3500,unknown,unknown,unknown,0,unknown,-1,,,,,,,,,,eatme101,howar101,,regular,6,2,BIR,ATN,y,both,y,y,d,1938
ATN193805170,BIR,ATN,ATL04,19380517,0,,night,,,false,,0,1500,unknown,unknown,unknown,0,unknown,-1,,,,,,,,,,mitcb104,burtd101,,regular,9,10,ATN,BIR,y,both,y,y,d,1938
ATN193806100,IN7,ATN,ATL04,19380610,0,,day,,,false,,0,4000,unknown,unknown,unknown,0,unknown,-1,,,,,,,,,,andef103,mitcb104,,regular,7,5,IN7,ATN,y,both,y,y,d,1938
ATN193806121,IN7,ATN,ATL04,19380612,1,,day,,,false,,0,4567,unknown,unknown,unknown,0,unknown,-1,,,,,,,,,,calhl101,howat101,,regular,8,2,IN7,ATN,y,both,y,y,d,1938
ATN193806122,IN7,ATN,ATL04,19380612,2,,day,,,false,,0,4567,unknown,unknown,unknown,0,unknown,-1,,,,,,,,,,dixoe101,deanr101,,regular,1,7,ATN,IN7,y,both,y,y,d,1938
ATN193806140,IN7,ATN,ATL04,19380614,0,,night,,,false,,128,1675,unknown,unknown,unknown,0,unknown,-1,,,,,,,,,,mcalf101,mitcb104,calhl101,regular,5,4,IN7,ATN,y,both,y,y,d,1938
ATN193807010,JAX,ATN,ATL04,19380701,0,,night,,,false,,0,2000,unknown,unknown,unknown,0,unknown,-1,,,,,,,,,,ferrw102,mitcb104,,regular,15,4,JAX,ATN,y,both,y,y,d,1938
ATN193807020,JAX,ATN,ATL04,19380702,0,,day,,,false,,0,0,unknown,unknown,unknown,0,unknown,-1,,,,,,,,,,evanf101,howat101,,regular,9,8,JAX,ATN,y,both,y,y,d,1938
ATN193807031,JAX,ATN,ATL04,19380703,1,,day,,,false,,0,0,unknown,unknown,unknown,0,unknown,-1,,,,,,,,,,henrp101,dixoe101,,regular,9,3,JAX,ATN,y,both,y,y,d,1938
ATN193807032,JAX,ATN,ATL04,19380703,2,,day,7,,false,,0,0,unknown,unknown,unknown,0,unknown,-1,,,,,,,,,,mitcb104,hayeb104,,regular,1,6,ATN,JAX,y,both,y,y,d,1938
ATN193807101,IN7,ATN,ATL04,19380710,1,,day,,,false,,0,2500,unknown,unknown,unknown,0,unknown,-1,,,,harvu901,meanu901,,,,,howat101,deanr101,,regular,3,9,ATN,IN7,y,both,y,y,d,1938
ATN193807102,IN7,ATN,ATL04,19380710,2,,day,7,,false,,0,2500,unknown,unknown,unknown,0,unknown,-1,,,,,,,,,,mitcb104,browj116,,regular,4,5,ATN,IN7,y,both,y,y,d,1938
ATN193808250,MEM,ATN,ATL04,19380825,0,,night,,,false,,0,1500,unknown,unknown,unknown,0,unknown,-1,,,,,,,,,,dixoe101,jeffw101,,regular,2,5,ATN,MEM,y,both,y,y,d,1938
ATN193808260,MEM,ATN,ATL04,19380826,0,,night,,,false,,0,0,unknown,unknown,unknown,0,unknown,-1,,,,,,,,,,evanf101,radct101,,regular,7,11,ATN,MEM,y,both,y,y,y,1938
ATN193808281,MEM,ATN,ATL04,19380828,1,,day,,,false,,0,5000,unknown,unknown,unknown,0,unknown,-1,,,,harvu901,meanu901,,,,,dixoe101,mossp101,,regular,4,5,ATN,MEM,y,both,y,y,d,1938
ATN193808282,MEM,ATN,ATL04,19380828,2,,day,7,,false,,0,5000,unknown,unknown,unknown,0,unknown,-1,,,,harvu901,meanu901,,,,,howat101,radct101,,regular,3,8,ATN,MEM,y,both,y,y,d,1938
ATN193808310,KCM,ATN,ATL04,19380831,0,,night,,,false,,0,0,unknown,unknown,unknown,0,unknown,-1,,,,,,,,,,evanf101,jackb102,,regular,3,4,ATN,KCM,y,both,y,y,d,1938
ATN193809010,KCM,ATN,ATL04,19380901,0,,night,,,false,,0,3000,unknown,unknown,unknown,0,unknown,-1,,,,harvu901,meanu901,,,,,howat101,markj101,,regular,0,4,ATN,KCM,y,both,y,y,d,1938
ATN193809251,BIR,ATN,ATL04,19380925,1,,day,,,false,,0,3500,unknown,unknown,unknown,0,unknown,-1,,,,harvu901,meanu901,,,,,evanf101,carts102,,exhibition,3,5,ATN,BIR,y,both,y,y,d,1938
ATN193809252,BIR,ATN,ATL04,19380925,2,,day,7,,false,,0,3500,unknown,unknown,unknown,0,unknown,-1,,,,,,,,,,dixoe101,litte101,,exhibition,3,5,ATN,BIR,y,both,y,y,d,1938
ATN193904090,BLG,ATN,ATL04,19390409,0,,,,,,,,,,,,,,,,,,,,,,,,,,,exhibition,13,12,BLG,ATN,,,,,,1939
ATN193904100,BLG,ATN,ATL04,19390410,0,,,,,,,,,,,,,,,,,,,,,,,,,,,exhibition,11,10,BLG,ATN,,,,,,1939
ATN193904210,HOM,ATN,ATL04,19390421,0,,day,,,false,,0,700,unknown,unknown,unknown,0,unknown,-1,,,,harvu901,engll101,,,,,parkt101,richl105,welmr101,exhibition,11,1,HOM,ATN,y,both,y,y,d,1939
ATN193904230,NW2,ATN,ATL04,19390423,0,,day,,,false,,0,3000,unknown,unknown,unknown,0,unknown,-1,,,,meanu901,harvu901,,,,,hillj104,evanf101,,exhibition,5,4,NW2,ATN,y,both,y,y,d,1939
ATN193906140,CV9,ATN,ATL04,19390614,0,,night,,,false,,107,1000,unknown,unknown,unknown,0,unknown,-1,,,,doylj901,mooru901,(none),(none),,,dixoe101,howar101,,regular,0,2,ATN,CV9,y,both,y,y,d,1939
ATN193906150,CV9,ATN,ATL04,19390615,0,,day,,,false,,0,0,unknown,unknown,unknown,0,unknown,-1,,,,doylj901,mooru901,,,,,owens101,mitct101,,regular,5,4,CV9,ATN,y,both,y,y,d,1939
ATN193906180,MEM,ATN,ATL04,19390618,0,,day,,,false,,0,2000,unknown,unknown,unknown,0,unknown,-1,,,,harvu901,meanu901,,,,,evanf101,mossp101,,regular,1,6,ATN,MEM,y,both,y,y,d,1939
ATN193906200,MEM,ATN,ATL04,19390620,0,,night,,,,,138,1000,,,,,,,,,,doylj901,,mooru901,,,,dixoe101,breme101,,regular,1,5,ATN,MEM,y,both,y,y,,1939
KCM194004210,IN8,KCM,ATL04,19400421,0,,,,,,,,1500,,,,,,,,,,harvu901,mooru901,,doylj901,,,walkg103,wrigj105,,exhibition,1,3,KCM,IN8,y,both,y,y,,1940
CV9194005121,CAG,CV9,ATL04,19400512,1,,day,,,,,,1500,,,,,,,,,,harvu901,,mooru901,,,,henrp101,johnt108,,regular,3,9,CV9,CAG,y,both,y,y,,1940
CV9194005122,CAG,CV9,ATL04,19400512,2,,,,,,,,1500,,,,,,,,,,harvu901,mooru901,,,,,,,,regular,4,4,,,y,both,y,y,,1940
CV9194006280,BIR,CV9,ATL04,19400628,0,,night,,,,,,1000,,,,,,,,,,,,,,,,howar101,ellis102,,regular,7,3,BIR,CV9,y,both,y,y,,1940
CV9194006301,BIR,CV9,ATL04,19400630,1,,day,,,,,,1000,,,,,,,,,,harvu901,mooru901,,,,,jessg101,henrp101,,regular,8,6,BIR,CV9,y,both,y,y,,1940
CV9194006302,BIR,CV9,ATL04,19400630,2,,night,,,,,,1000,,,,,,,,,,,,,,,,sarva101,moodb101,,regular,1,5,CV9,BIR,y,both,y,y,,1940
BLG194008130,NY5,BLG,ATL04,19400813,0,,night,,,,,,,,,,,,,,,,mccrf901,harvu901,,,,,barbb102,evanb105,,regular,4,9,BLG,NY5,y,both,y,y,,1940
BLG194008140,NY5,BLG,ATL04,19400814,0,,night,,,,,,,,,,,,,,,,mccrf901,harvu901,,,,,moren101,stann101,hubew101,regular,3,7,BLG,NY5,y,both,y,y,,1940
CV9194009011,SNO,CV9,ATL04,19400901,1,,day,,,,,,500,,,,,,,,,,harvu901,meanu901,,,,,calhl101,henrp101,,regular,3,1,SNO,CV9,y,both,,,,1940
CV9194009012,SNO,CV9,ATL04,19400901,2,,day,7,,,,,500,,,,,,,,,,harvu901,meanu901,,,,,sarva101,mcalf101,,regular,1,5,CV9,SNO,y,both,,,,1940
CV9194009021,SNO,CV9,ATL04,19400902,1,,day,,,,,,,,,,,,,,,,harvu901,meanu901,,,,,boona101,ellis102,,regular,9,8,SNO,CV9,y,p,,,,1940
CV9194009022,SNO,CV9,ATL04,19400902,2,,night,,,,,,,,,,,,,,,,harvu901,meanu901,,,,,ellis102,,,regular,3,5,CV9,SNO,y,,,,,1940
BLG194204190,NY6,BLG,ATL04,19420419,0,,,,,,,,1898,,,,,,,,,,,,,,,,morrb104,barnb105,,exhibition,6,4,NY6,BLG,y,both,y,y,,1942
MEM194409270,NY5,MEM,ATL04,19440927,0,,night,7,,,,,,,,,,,,,,,,,,,,,,browl107,,exhibition,3,1,NY5,MEM,y,,,,,1944
BIR194504180,CIA,BIR,ATL04,19450418,0,,night,,,,,,2000,,,,,,,,,,,,,,,,smito102,welmr101,,exhibition,4,0,CIA,BIR,y,p,,,,1945
BIR194509270,NY5,BIR,ATL04,19450927,0,,night,,,,,,,,,,,,,,,,,,,,,,thomf110,johnj110,,exhibition,2,10,BIR,NY5,y,p,,,,1945
BLG194604290,BIR,BLG,ATL04,19460429,0,,night,,,,,,,,,,,,,,,,,,,,,,bestp101,rombb101,,exhibition,4,3,BIR,BLG,y,p,,,,1946
BIR194605150,CVB,BIR,ATL04,19460515,0,,night,,,,,,,,,,,,,,,,,,,,,,clarw103,polln102,,regular,3,0,CVB,BIR,y,p,,,,1946
BIR194605280,MEM,BIR,ATL04,19460528,0,,night,,,,,,,,,,,,,,,,,,,,,,evanf101,hearj103,,regular,7,5,MEM,BIR,y,p,,,,1946
BIR194904170,IN9,BIR,ATL04,19490417,0,,day,,,false,,0,5000,unknown,unknown,unknown,0,unknown,-1,,,,doylj901,meanl101,,,,,poweb103,davip103,,exhibition,6,7,BIR,IN9,y,both,y,y,d,1949
BIR194905020,HOE,BIR,ATL04,19490502,0,,night,,,false,,0,0,unknown,unknown,unknown,0,unknown,-1,,,,meanl101,doylj901,,,,,browj114,greab101,,regular,3,2,HOE,BIR,y,both,y,y,d,1949
BIR194905030,HOE,BIR,ATL04,19490503,0,,night,,,false,,0,0,unknown,unknown,unknown,0,unknown,-1,,,,doylj901,meanl101,,,,,newbj101,lewir101,,regular,4,5,BIR,HOE,y,both,y,y,d,1949
LCB194905080,NY6,LCB,ATL04,19490508,0,,day,,,false,,0,0,unknown,unknown,unknown,0,unknown,-1,,,,doylj901,meanl101,,,,,scanp101,jones105,,regular,12,1,NY6,LCB,y,both,y,y,d,1949
LCB194905090,CAG,LCB,ATL04,19490509,0,,night,,,false,,0,0,unknown,unknown,unknown,0,unknown,-1,,,,doylj901,meanl101,,,,,stroo101,clarw103,,regular,5,4,CAG,LCB,y,both,y,y,d,1949
