gid,id,team,b_lp,b_seq,stattype,b_pa,b_ab,b_r,b_h,b_d,b_t,b_hr,b_rbi,b_sh,b_sf,b_hbp,b_w,b_iw,b_k,b_sb,b_cs,b_gdp,b_xi,b_roe,dh,ph,pr,date,number,site,vishome,opp,win,loss,tie,gametype,box,pbp,eject
PH5194407080,holdu101,NW2,8,2,value,1,1,0,0,0,0,0,,0,,0,0,0,,0,,,0,,,,,19440708,0,PHI17,v,PH5,0,1,0,regular,y,,
BLG194408050,holdu101,NW2,9,2,value,0,0,0,0,0,0,0,0,0,,0,0,0,,0,,,0,,,,,19440805,0,BAL14,v,BLG,0,1,0,regular,y,,
PH5194408120,holdu101,NW2,8,1,value,5,5,0,1,0,0,0,0,0,0,0,0,0,0,0,1,0,0,0,,,,19440812,0,PHI17,v,PH5,1,0,0,exhibition,y,d,
NW2194408131,holdu101,NW2,8,1,value,3,3,0,0,0,0,0,0,0,,0,0,0,,0,,,0,,,,,19440813,1,NWK04,h,PH5,1,0,0,exhibition,y,,
