gid,id,team,d_seq,d_pos,stattype,d_ifouts,d_po,d_a,d_e,d_dp,d_tp,d_pb,d_wp,d_sb,d_cs,d_gs,date,number,site,vishome,opp,win,loss,tie,gametype,box,pbp
KCM194906051,butth101,IN9,1,1,value,,,,,,,,,,,1,19490605,1,ARN01,v,KCM,0,1,0,regular,,
KCM194906051,davip103,IN9,2,1,value,,,,,,,,,,,,19490605,1,ARN01,v,KCM,0,1,0,regular,,
KCM194906051,piggl101,IN9,1,2,value,24,,,,,,,,,,1,19490605,1,ARN01,v,KCM,0,1,0,regular,,
KCM194906051,taboe101,KCM,1,2,value,27,,,,,,,,,,1,19490605,1,ARN01,h,IN9,1,0,0,regular,,
KCM194906051,barnf102,KCM,1,1,value,,,,,,,,,,,1,19490605,1,ARN01,h,IN9,1,0,0,regular,,
KCM194906051,collg101,KCM,2,1,value,,,,,,,,,,,,19490605,1,ARN01,h,IN9,1,0,0,regular,,
KCM194906051,duncf103,KCM,3,1,value,,,,,,,,,,,,19490605,1,ARN01,h,IN9,1,0,0,regular,,
