gid,id,team,d_seq,d_pos,stattype,d_ifouts,d_po,d_a,d_e,d_dp,d_tp,d_pb,d_wp,d_sb,d_cs,d_gs,date,number,site,vishome,opp,win,loss,tie,gametype,box,pbp,eject
NW2193808141,hillj104,NW2,1,1,value,24,,,0,,,,,,,1,19380814,1,NWK04,h,NY5,1,0,0,regular,,,
NW2193808210,hillj104,NW2,1,1,value,3,0,0,0,0,0,,,,,0,19380821,0,NWK04,h,HOM,1,0,0,regular,y,d,
NW2193808282,hillj104,NW2,1,1,value,27,0,1,1,0,0,,,,,1,19380828,2,NWK04,h,NY5,1,0,0,regular,y,d,
ATN193904230,hillj104,NW2,1,1,value,27,0,0,0,0,0,,,,,1,19390423,0,ATL04,v,ATN,1,0,0,exhibition,y,d,
NW2193904300,hillj104,NW2,1,1,value,9,0,,0,,0,,,,,,19390430,0,MAC01,h,ATN,1,0,0,exhibition,y,,
NW2193905140,hillj104,NW2,1,1,value,23,0,0,0,0,0,,,,,0,19390514,0,NWK04,h,PH5,0,1,0,regular,y,d,
NW2193905211,hillj104,NW2,1,1,value,27,0,0,0,0,0,,,,,1,19390521,1,NWK04,h,BLG,1,0,0,regular,y,d,
NW2193905281,hillj104,NW2,1,1,value,27,0,0,0,0,0,,,,,1,19390528,1,NWK04,h,NY6,1,0,0,regular,y,d,
HOM193906041,hillj104,NW2,1,1,value,27,,,0,,0,0,,,,1,19390604,1,BUF06,v,HOM,1,0,0,regular,,,
BLG193906181,hillj104,NW2,1,1,value,27,,,0,,0,0,,,,1,19390618,1,BAL10,v,BLG,1,0,0,regular,,,
NW2193906210,hillj104,NW2,1,1,value,27,,,0,,0,0,,,,1,19390621,0,RIC05,h,NY5,0,1,0,exhibition,,,
NW2193906251,hillj104,NW2,1,1,value,27,0,1,0,0,0,,,,,1,19390625,1,NOR05,h,NY5,1,0,0,regular,y,d,
NY5193907041,hillj104,NW2,1,1,value,27,0,5,0,0,0,,,,,1,19390704,1,NYC23,v,NY5,1,0,0,regular,y,,
NW2193908132,hillj104,NW2,1,1,value,1,,,0,0,0,,,,,,19390813,2,NWK04,h,PH5,0,1,0,regular,y,,
NW2194005050,hillj104,NW2,1,1,value,21,,,1,0,0,,,,,1,19400505,0,NWK04,h,NY5,1,0,0,regular,y,,
NW2194005121,hillj104,NW2,1,1,value,27,0,2,0,0,0,,,,,1,19400512,1,NOR02,h,NY5,1,0,0,regular,y,,
NW2194005191,hillj104,NW2,1,1,value,27,,,0,1,0,,,,,1,19400519,1,NWK04,h,PH5,1,0,0,regular,y,,
NW2194006091,hillj104,NW2,1,1,value,11,,,0,0,0,,,,,,19400609,1,NWK04,h,HOM,1,0,0,regular,y,,
HOM194006161,hillj104,NW2,1,1,value,19,0,0,0,0,0,,,,,1,19400616,1,WAS09,v,HOM,0,1,0,regular,y,,
NW2194006232,hillj104,NW2,1,1,value,6,,,0,0,0,,,,,,19400623,2,NWK04,h,NY6,0,1,0,regular,y,,
BLG194006300,hillj104,NW2,1,1,value,22,,,1,0,0,,,,,1,19400630,0,BAL10,v,BLG,1,0,0,regular,y,,
PH5194007041,hillj104,NW2,1,1,value,6,0,0,0,0,0,,,,,,19400704,1,PHI17,v,PH5,1,0,0,regular,y,,
NW2194007071,hillj104,NW2,1,1,value,33,,,0,0,0,,,,,1,19400707,1,NWK04,h,BLG,0,1,0,regular,y,,
NY6194007141,hillj104,NW2,1,1,value,27,,,0,,0,0,,,,1,19400714,1,ALB02,v,NY6,1,0,0,regular,,,
NW2194007211,hillj104,NW2,1,1,value,18,,,0,0,0,,,,,1,19400721,1,NWK04,h,NY5,1,0,0,regular,y,,
NW2194008010,hillj104,NW2,1,1,value,27,,,0,0,0,,,,,1,19400801,0,NWK04,h,BLG,1,0,0,regular,y,,
BLG194008111,hillj104,NW2,1,7,value,9,,,0,0,0,,,,,,19400811,1,BAL10,v,BLG,1,0,0,regular,y,,
NW2194008252,hillj104,NW2,1,1,value,21,,,0,0,0,,,,,1,19400825,2,NWK04,h,HOM,1,0,0,regular,y,,
NW2194009021,hillj104,NW2,1,1,value,12,,,0,0,0,,,,,,19400902,1,NWK04,h,BLG,0,1,0,regular,y,,
BIR194105042,hillj104,NW2,1,1,value,3,0,0,0,0,0,,,,,,19410504,2,BIR01,v,BIR,0,1,0,exhibition,y,,
NW2194105181,hillj104,NW2,1,1,value,27,,,0,0,0,,,,,1,19410518,1,NWK04,h,PH5,1,0,0,regular,y,,
NW2194105251,hillj104,NW2,1,1,value,12,,,0,0,0,,,,,1,19410525,1,NWK04,h,BLG,0,1,0,regular,y,,
NW2194106081,hillj104,NW2,1,1,value,23,0,,1,0,0,,,,,1,19410608,1,NYC16,h,PH5,0,1,0,regular,y,,
PH5194106151,hillj104,NW2,1,1,value,27,0,5,0,1,0,,,,,1,19410615,1,HRB01,v,PH5,1,0,0,regular,y,,
NW2194106221,hillj104,NW2,1,1,value,21,,,0,0,0,,,,,1,19410622,1,NWK04,h,HOM,0,1,0,regular,y,,
NW2194106222,hillj104,NW2,1,1,value,1,,,0,0,0,,,,,,19410622,2,NWK04,h,HOM,0,0,1,regular,y,,
NW2194106260,hillj104,NW2,1,1,value,27,,,0,0,0,,,,,1,19410626,0,NWK04,h,HOM,1,0,0,regular,y,,
NW2194107061,hillj104,NW2,1,1,value,16,,,0,0,0,,,,,1,19410706,1,NWK04,h,NY6,0,1,0,regular,y,,
NW2194107150,hillj104,NW2,1,1,value,27,0,1,0,0,0,,,,,1,19410715,0,NOR02,h,PH5,1,0,0,exhibition,y,,
HOM194107200,hillj104,NW2,1,1,value,27,1,1,0,0,0,,,,,1,19410720,0,WAS09,v,HOM,1,0,0,regular,y,,
ASW194107270,hillj104,ASE,1,1,value,3,0,0,0,0,0,,,,,0,19410727,0,CHI10,v,ASW,1,0,0,allstar,y,y,
NW2194107310,hillj104,NW2,1,1,value,16,,,0,0,0,,,,,1,19410731,0,NWK04,h,NY5,0,1,0,regular,y,,
NW2194108020,hillj104,NW2,1,1,value,2,,,0,0,0,,,,,,19410802,0,PAT01,h,NY5,0,1,0,regular,y,,
NW2194108070,hillj104,NW2,1,1,value,22,,,0,0,0,,,,,,19410807,0,NWK04,h,NY6,0,1,0,regular,y,,
NW2194108080,hillj104,NW2,1,9,value,21,1,0,0,0,0,,,,,,19410808,0,RED01,h,NY6,0,1,0,regular,y,,
NW2194108090,hillj104,NW2,1,1,value,3,0,0,0,0,0,,,,,,19410809,0,PAT01,h,NY6,0,1,0,regular,y,,
BLG194108100,hillj104,NW2,1,1,value,8,,,0,0,0,,,,,,19410810,0,BAL10,v,BLG,1,0,0,regular,y,,
HOM194108110,hillj104,NW2,1,7,value,24,0,1,0,0,0,,,,,1,19410811,0,YOR03,v,HOM,0,1,0,regular,y,,
HOM194108120,hillj104,NW2,1,7,value,24,3,1,0,0,0,,,,,1,19410812,0,ALT02,v,HOM,0,1,0,regular,y,,
HOM194108171,hillj104,NW2,1,1,value,27,,,0,,0,0,,,,1,19410817,1,COL05,v,HOM,1,0,0,regular,,,
HOM194108172,hillj104,NW2,1,1,value,3,,,0,,0,0,,,,,19410817,2,COL05,v,HOM,1,0,0,regular,,,
HOM194108173,hillj104,NW2,1,7,value,27,0,0,0,0,0,,,,,1,19410817,3,DAY03,v,HOM,1,0,0,regular,y,,
HOM194108200,hillj104,NW2,1,1,value,,,,0,,0,0,,,,,19410820,0,IND10,v,HOM,1,0,0,regular,,,
NW2194108241,hillj104,NW2,1,1,value,6,0,1,0,0,0,,,,,1,19410824,1,NYC16,h,KCM,0,1,0,exhibition,y,,
NW2194108312,hillj104,NW2,1,9,value,27,,,0,0,0,,,,,1,19410831,2,NWK04,h,BLG,0,1,0,regular,y,,
HOM194109011,hillj104,NW2,1,1,value,19,0,1,0,0,0,,,,,,19410901,1,WAS09,v,HOM,1,0,0,regular,y,,
HOM194109012,hillj104,NW2,1,7,value,15,1,0,0,0,0,,,,,1,19410901,2,WAS09,v,HOM,0,1,0,regular,y,,
NW2194109141,hillj104,NW2,1,1,value,27,0,1,0,0,0,,,,,1,19410914,1,NYC14,h,HOM,0,1,0,regular,y,,
NW2194109142,hillj104,NW2,1,1,value,5,,,0,0,0,,,,,,19410914,2,NYC14,h,HOM,0,1,0,regular,y,,
NW2194204120,hillj104,NW2,1,1,value,,,,0,,0,0,,,,,19420412,0,RIC04,h,HOM,1,0,0,exhibition,,,
HOM194204191,hillj104,NW2,1,1,value,12,0,0,0,0,0,,,,,,19420419,1,WAS09,v,HOM,1,0,0,exhibition,y,,
NW2194205030,hillj104,NW2,1,1,value,22,,,0,0,0,,,,,1,19420503,0,NWK04,h,HOM,0,1,0,exhibition,y,,
NW2194205171,hillj104,NW2,1,1,value,9,,,0,,0,0,,,,1,19420517,1,NOR02,h,PH5,1,0,0,regular,,,
NW2194205241,hillj104,NW2,1,1,value,6,,,0,0,0,,,,,1,19420524,1,NWK04,h,BLG,0,1,0,regular,y,,
NW2194205242,hillj104,NW2,1,1,value,8,,,0,0,0,,,,,,19420524,2,NWK04,h,BLG,0,1,0,regular,y,,
BLG194205301,hillj104,NW2,1,1,value,18,,,0,0,0,,,,,1,19420530,1,BAL14,v,BLG,0,1,0,regular,y,,
BLG194205302,hillj104,NW2,1,1,value,8,,,0,0,0,,,,,,19420530,2,BAL14,v,BLG,1,0,0,regular,y,,
PH5194206071,hillj104,NW2,1,1,value,6,0,0,0,0,0,,,,,1,19420607,1,PHI17,v,PH5,1,0,0,regular,y,,
PH5194206072,hillj104,NW2,1,1,value,18,0,0,0,0,0,,,,,1,19420607,2,PHI17,v,PH5,0,1,0,regular,y,,
HOM194206100,hillj104,NW2,1,1,value,12,0,0,0,0,0,,,,,1,19420610,0,AKR01,v,HOM,0,1,0,exhibition,y,,
HOM194206150,hillj104,NW2,1,1,value,16,0,0,0,0,0,,,,,1,19420615,0,WAP01,v,HOM,0,1,0,exhibition,y,,
NW2194206212,hillj104,NW2,1,1,value,21,,,0,0,0,,,,,1,19420621,2,NWK04,h,NY5,0,1,0,regular,y,,
PH5194206250,hillj104,NW2,1,1,value,9,0,0,1,0,0,,,,,,19420625,0,PHI17,v,PH5,0,1,0,regular,y,,
HOM194206281,hillj104,NW2,1,1,value,6,,,0,0,0,,,,,1,19420628,1,WAS09,v,HOM,1,0,0,regular,y,,
HOM194206290,hillj104,NW2,1,1,value,24,,,0,,0,0,,,,1,19420629,0,NPN01,v,HOM,0,1,0,exhibition,,,
NW2194207041,hillj104,NW2,1,1,value,9,0,1,0,0,0,,,,,1,19420704,1,NYC16,h,BLG,0,1,0,regular,y,,
PH5194207191,hillj104,NW2,1,1,value,17,,,0,,0,0,,,,,19420719,1,BUF06,v,PH5,0,1,0,regular,,,
CCB194207280,hillj104,NW2,1,1,value,27,0,1,0,0,0,,,,,1,19420728,0,CAN03,v,CCB,1,0,0,exhibition,y,,
NW2194208030,hillj104,NW2,1,1,value,27,0,2,0,0,0,,,,,1,19420803,0,HAR02,h,CCB,1,0,0,exhibition,y,,
BLG194208190,hillj104,NW2,1,1,value,33,,,0,,0,0,,,,1,19420819,0,NPN01,v,BLG,0,0,1,exhibition,,,
NW2194208231,hillj104,NW2,1,1,value,27,,,0,0,0,,,,,1,19420823,1,NWK04,h,NY5,1,0,0,regular,y,,
NW2194208301,hillj104,NW2,1,1,value,31,,,0,,0,0,,,,1,19420830,1,NOR02,h,NY6,1,0,0,regular,,,
NW2194209071,hillj104,NW2,1,1,value,11,,,,0,0,,,,,,19420907,1,NWK04,h,HOM,0,1,0,regular,y,,
NW2194305090,hillj104,NW2,1,1,value,5,,,0,,0,,,,,,19430509,0,NWK04,h,HOM,0,1,0,exhibition,y,,
HOM194305100,hillj104,NW2,1,1,value,6,0,0,0,0,0,0,0,0,,1,19430510,0,RIC04,v,HOM,0,1,0,exhibition,y,,
NW2194305231,hillj104,NW2,1,1,value,,,,0,,0,,,,,1,19430523,1,NWK04,h,HSL,0,1,0,regular,,,
NY6194305302,hillj104,NW2,1,1,value,6,0,0,0,0,0,,,,,,19430530,2,NYC14,v,NY6,0,1,0,regular,y,,
NW2194306062,hillj104,NW2,1,1,value,21,0,0,0,0,0,,,,,1,19430606,2,NWK04,h,NY5,1,0,0,regular,y,d,
BLG194306120,hillj104,NW2,1,1,value,3,0,1,0,0,0,0,0,0,,,19430612,0,BAL14,v,BLG,0,1,0,regular,y,,
HOM194306300,hillj104,NW2,1,1,value,27,,,0,,0,,,,,1,19430630,0,NOR02,v,HOM,1,0,0,regular,,,
HOM194307041,hillj104,NW2,1,1,value,9,0,2,0,0,0,,,,,1,19430704,1,WAS09,v,HOM,0,1,0,regular,y,d,
NY5194307112,hillj104,NW2,1,1,value,7,0,0,0,0,0,,,,,1,19430711,2,NYC16,v,NY5,1,0,0,regular,y,,
NW2194307120,hillj104,NW2,1,1,value,27,0,2,0,1,0,,,,,1,19430712,0,TRE01,h,BLG,1,0,0,regular,y,d,
NW2194307160,hillj104,NW2,1,1,value,24,0,0,0,0,0,,,,,0,19430716,0,NWK04,h,NY5,1,0,0,regular,y,d,
NW2194307200,hillj104,NW2,1,1,value,21,,,,,0,,,,,1,19430720,0,POR01,h,BLG,0,1,0,exhibition,,,
NY5194307251,hillj104,NW2,1,1,value,15,1,1,0,0,0,,,,,1,19430725,1,NYC14,v,NY5,1,0,0,regular,y,,
HOM194308071,hillj104,NW2,1,1,value,24,0,3,0,0,0,,,,,1,19430807,1,PIT06,v,HOM,0,1,0,regular,y,,
HOM194308082,hillj104,NW2,1,1,value,0,0,0,0,0,0,,,,,0,19430808,2,WAS09,v,HOM,1,0,0,regular,y,d,
NW2194308151,hillj104,NW2,1,1,value,,,,,,0,,,,,,19430815,1,NWK04,h,PH5,1,0,0,regular,,,
NW2194308291,hillj104,NW2,1,1,value,27,0,1,1,1,0,,,,,1,19430829,1,NWK04,h,NY6,0,1,0,regular,y,d,
SAS194309090,hillj104,NAS,1,1,value,15,0,3,0,0,0,,,,,0,19430909,0,WAS09,v,SAS,0,1,0,allstar,y,d,
SAS194309260,hillj104,NAS,1,1,value,19,0,3,0,0,0,,,,,0,19430926,0,NOL01,v,SAS,0,1,0,allstar,y,d,
NW2194405141,hillj104,NW2,1,1,value,1,0,0,0,0,0,,,,,1,19440514,1,NWK04,h,PH5,1,0,0,regular,y,d,
NW2194405301,hillj104,NW2,1,1,value,,,,,,,,,,,1,19440530,1,NWK04,h,NY5,1,0,0,regular,y,,
NY6194406160,hillj104,NW2,1,1,value,18,,,,,0,,,,,1,19440616,0,DAY03,v,NY6,0,1,0,regular,,,
HOM194406200,hillj104,NW2,1,1,value,27,,,,,0,0,,,,1,19440620,0,WAS09,v,HOM,1,0,0,regular,,,
NW2194407021,hillj104,NW2,1,1,value,24,,,0,1,0,,,,,1,19440702,1,NWK04,h,HOM,1,0,0,regular,y,,
PH5194407080,hillj104,NW2,1,1,value,21,1,1,0,0,0,,,,,,19440708,0,PHI17,v,PH5,0,1,0,regular,y,,
NW2194407150,hillj104,NW2,1,1,value,27,,,0,0,0,,,,,1,19440715,0,TRE01,h,NY5,0,1,0,regular,y,,
BLG194408050,hillj104,NW2,1,1,value,17,,,0,0,0,,,,,,19440805,0,BAL14,v,BLG,0,1,0,regular,y,,
NW2194408132,hillj104,NW2,1,1,value,,,,,,0,,,,,1,19440813,2,NWK04,h,PH5,1,0,0,exhibition,,,
HOM194408260,hillj104,NW2,1,1,value,2,0,0,0,0,0,,,,,0,19440826,0,ALT02,v,HOM,0,1,0,regular,y,d,
HOM194408300,hillj104,NW2,1,1,value,3,,,,,0,0,,,,,19440830,0,POR01,v,HOM,0,1,0,regular,,,
NY6194409031,hillj104,NW2,1,1,value,11,0,1,0,0,0,,,,,0,19440903,1,NYC14,v,NY6,0,1,0,regular,y,d,
NW2194505201,hillj104,NW2,1,1,value,12,,,0,0,0,,,,,1,19450520,1,NWK04,h,PH5,0,1,0,regular,y,,
HOM194506101,hillj104,NW2,1,1,value,12,,,0,0,0,,,,,1,19450610,1,WAS09,v,HOM,0,1,0,regular,y,,
NW2194506171,hillj104,NW2,1,1,value,,,,0,,,,,,,1,19450617,1,NWK04,h,HOM,0,1,0,regular,,,
NW2194507042,hillj104,NW2,1,1,value,21,,,,,,,,,,1,19450704,2,NWK04,h,NY5,1,0,0,regular,,,
NY5194507240,hillj104,NW2,1,1,value,15,,,0,,0,0,,,,1,19450724,0,COL05,v,NY5,1,0,0,regular,,,
NW2194508122,hillj104,NW2,1,1,value,27,,,0,0,0,,,,,1,19450812,2,NWK04,h,CVB,0,1,0,exhibition,y,,
NW2194508210,hillj104,NW2,1,1,value,18,,,0,0,0,,,,,,19450821,0,NWK04,h,MEM,0,1,0,exhibition,y,,
NW2194509030,hillj104,NW2,1,1,value,27,,,0,,0,0,,,,1,19450903,0,NWK04,h,CIA,1,0,0,exhibition,,,
