gid,id,team,b_lp,b_seq,stattype,b_pa,b_ab,b_r,b_h,b_d,b_t,b_hr,b_rbi,b_sh,b_sf,b_hbp,b_w,b_iw,b_k,b_sb,b_cs,b_gdp,b_xi,b_roe,dh,ph,pr,date,number,site,vishome,opp,win,loss,tie,gametype,box,pbp,eject
NW2193905281,riddv101,NW2,4,2,value,0,0,0,0,0,0,0,0,0,0,0,0,0,0,0,0,0,0,0,,,,19390528,1,NWK04,h,NY6,1,0,0,regular,y,d,
NY5193907042,riddv101,NW2,1,2,value,1,1,0,0,0,0,0,0,0,0,0,0,0,,0,,,0,,,,,19390704,2,NYC23,v,NY5,0,1,0,regular,y,,
NW2193907130,riddv101,NW2,7,1,value,3,3,1,1,0,0,1,1,0,0,0,0,0,0,0,0,0,0,0,,,,19390713,0,NWK04,h,NY5,1,0,0,regular,y,d,
NW2193907161,riddv101,NW2,8,1,value,5,5,0,0,0,0,0,0,0,0,0,0,0,0,0,0,0,0,0,,,,19390716,1,NWK04,h,NY5,1,0,0,regular,y,d,
NW2193907162,riddv101,NW2,8,1,value,2,2,0,0,0,0,0,0,0,0,0,0,0,0,0,0,0,0,0,,,,19390716,2,NWK04,h,NY5,0,1,0,regular,y,d,
BLG193907220,riddv101,NW2,8,1,value,4,3,1,1,0,0,0,,0,,0,1,,,0,,,0,,,,,19390722,0,WIL08,v,BLG,1,0,0,regular,y,,
HOM193908030,riddv101,NW2,1,1,value,5,5,0,0,0,0,0,0,0,0,0,0,0,,0,0,0,0,1,,,,19390803,0,ALT02,v,HOM,0,1,0,regular,y,d,
PH5193908121,riddv101,NW2,8,1,value,0,0,0,0,0,0,0,0,0,,0,0,0,,0,,,0,,,,,19390812,1,PHI17,v,PH5,0,1,0,regular,y,,
BIR194105041,riddv101,NW2,7,1,value,4,4,1,2,1,0,0,,0,,0,0,0,,0,,,0,,,,,19410504,1,BIR01,v,BIR,1,0,0,exhibition,y,,
BIR194105042,riddv101,NW2,7,1,value,3,3,1,3,0,0,0,,0,,0,0,0,,0,,,0,,,,,19410504,2,BIR01,v,BIR,0,1,0,exhibition,y,,
NW2194105080,riddv101,NW2,6,1,value,4,4,0,1,1,0,0,1,0,,0,0,0,,0,,,0,,,,,19410508,0,NOR02,h,NY6,1,0,0,exhibition,y,,
NW2194105110,riddv101,NW2,7,1,value,4,4,1,0,0,0,0,,0,,0,0,0,,0,,,0,,,,,19410511,0,NWK04,h,NY6,0,1,0,regular,y,,
NW2194105150,riddv101,NW2,4,2,value,1,1,0,0,0,0,0,,0,,0,0,0,,0,,,0,,,,,19410515,0,NWK04,h,NY6,1,0,0,regular,y,,
