gid,id,team,d_seq,d_pos,stattype,d_ifouts,d_po,d_a,d_e,d_dp,d_tp,d_pb,d_wp,d_sb,d_cs,d_gs,date,number,site,vishome,opp,win,loss,tie,gametype,box,pbp,eject
PHA194104190,ferrt101,PHA,1,1,value,9,0,1,0,0,0,,,,,0,19410419,0,PHI11,h,BOS,0,1,0,regular,y,y,
PHA194104210,ferrt101,PHA,1,1,value,15,0,1,0,0,0,,,,,0,19410421,0,PHI11,h,NYA,0,1,0,regular,y,y,
PHA194104230,ferrt101,PHA,1,1,value,9,0,0,0,0,0,,,,,0,19410423,0,PHI11,h,WS1,1,0,0,regular,y,y,
BOS194104260,ferrt101,PHA,1,1,value,7,0,1,0,0,0,,,,,0,19410426,0,BOS07,v,BOS,0,1,0,regular,y,y,
CHA194105040,ferrt101,PHA,1,1,value,6,1,0,0,0,0,,,,,0,19410504,0,CHI10,v,CHA,1,0,0,regular,y,y,
SLA194105070,ferrt101,PHA,1,1,value,25,0,4,0,1,0,,,,,0,19410507,0,STL07,v,SLA,0,1,0,regular,y,d,
PHA194105160,ferrt101,PHA,1,1,value,9,1,0,0,0,0,,,,,0,19410516,0,PHI11,h,DET,0,1,0,regular,y,y,
PHA194105180,ferrt101,PHA,1,1,value,14,0,0,0,0,0,,,,,0,19410518,0,PHI11,h,CLE,1,0,0,regular,y,y,
PHA194105200,ferrt101,PHA,1,1,value,6,1,0,0,0,0,,,,,0,19410520,0,PHI11,h,CLE,1,0,0,regular,y,y,
PHA194105241,ferrt101,PHA,1,1,value,8,0,1,0,0,0,,,,,0,19410524,1,PHI11,h,WS1,1,0,0,regular,y,y,
PHA194105250,ferrt101,PHA,1,1,value,6,0,1,0,0,0,,,,,0,19410525,0,PHI11,h,WS1,1,0,0,regular,y,d,
BOS194105280,ferrt101,PHA,1,1,value,30,1,4,0,1,0,,,,,0,19410528,0,BOS07,v,BOS,1,0,0,regular,y,d,
SLA194106011,ferrt101,PHA,1,1,value,5,0,0,0,0,0,,,,,0,19410601,1,STL07,v,SLA,1,0,0,regular,y,y,
CLE194106081,ferrt101,PHA,1,1,value,3,0,0,0,0,0,,,,,0,19410608,1,CLE07,v,CLE,0,1,0,regular,y,y,
CLE194106082,ferrt101,PHA,1,1,value,9,0,2,0,0,0,,,,,0,19410608,2,CLE07,v,CLE,0,1,0,regular,y,y,
DET194106100,ferrt101,PHA,1,1,value,3,0,0,0,0,0,,,,,0,19410610,0,DET04,v,DET,0,1,0,regular,y,d,
PHA194106250,ferrt101,PHA,1,1,value,4,0,0,0,0,0,,,,,0,19410625,0,PHI11,h,DET,1,0,0,regular,y,d,
PHA194106270,ferrt101,PHA,1,1,value,3,0,0,0,0,0,,,,,0,19410627,0,PHI11,h,NYA,1,0,0,regular,y,y,
PHA194106292,ferrt101,PHA,1,1,value,3,0,0,0,0,0,,,,,0,19410629,2,PHI11,h,BOS,1,0,0,regular,y,y,
PHA194107020,ferrt101,PHA,1,1,value,3,0,1,0,0,0,,,,,0,19410702,0,PHI11,h,WS1,1,0,0,regular,y,y,
NYA194107062,ferrt101,PHA,1,1,value,12,0,1,0,1,0,,,,,0,19410706,2,NYC16,v,NYA,0,1,0,regular,y,y,
CLE194107100,ferrt101,PHA,1,1,value,6,1,0,0,0,0,,,,,0,19410710,0,CLE07,v,CLE,0,1,0,regular,y,y,
SLA194107180,ferrt101,PHA,1,1,value,6,2,0,0,0,0,,,,,0,19410718,0,STL07,v,SLA,1,0,0,regular,y,y,
CHA194107191,ferrt101,PHA,1,1,value,3,0,1,0,0,0,,,,,0,19410719,1,CHI10,v,CHA,0,1,0,regular,y,y,
CHA194107202,ferrt101,PHA,1,1,value,5,0,0,0,0,0,,,,,0,19410720,2,CHI10,v,CHA,1,0,0,regular,y,y,
PHA194107260,ferrt101,PHA,1,1,value,9,0,1,0,0,0,,,,,0,19410726,0,PHI11,h,DET,0,1,0,regular,y,y,
PHA194108032,ferrt101,PHA,1,1,value,5,0,0,0,0,0,,,,,0,19410803,2,PHI11,h,CLE,1,0,0,regular,y,y,
WS1194108070,ferrt101,PHA,1,1,value,4,0,0,0,0,0,,,,,0,19410807,0,WAS09,v,WS1,0,1,0,regular,y,y,
PHA194108090,ferrt101,PHA,1,1,value,19,0,1,0,0,0,,,,,0,19410809,0,PHI11,h,NYA,0,1,0,regular,y,y,
PHA194108141,ferrt101,PHA,1,1,value,24,2,2,0,1,0,,,,,1,19410814,1,PHI11,h,BOS,0,1,0,regular,y,y,
SLA194108212,ferrt101,PHA,1,1,value,27,1,1,0,0,0,,,,,1,19410821,2,STL07,v,SLA,1,0,0,regular,y,d,
CLE194108270,ferrt101,PHA,1,1,value,24,0,3,0,0,0,,,,,1,19410827,0,CLE06,v,CLE,0,1,0,regular,y,y,
PHA194109011,ferrt101,PHA,1,1,value,2,0,1,0,0,0,,,,,0,19410901,1,PHI11,h,NYA,0,1,0,regular,y,y,
PHA194109062,ferrt101,PHA,1,1,value,11,0,2,0,0,0,,,,,0,19410906,2,PHI11,h,WS1,0,1,0,regular,y,y,
PHA194109090,ferrt101,PHA,1,1,value,18,1,1,1,0,0,,,,,0,19410909,0,PHI11,h,CLE,0,1,0,regular,y,y,
PHA194109141,ferrt101,PHA,1,1,value,6,1,0,0,0,0,,,,,1,19410914,1,PHI11,h,SLA,0,1,0,regular,y,y,
DET194204150,ferrt101,CLE,1,1,value,12,0,2,0,0,0,,,,,0,19420415,0,DET04,v,DET,0,1,0,regular,y,y,
CLE194205102,ferrt101,CLE,1,1,value,3,0,0,0,0,0,,,,,0,19420510,2,CLE07,h,DET,1,0,0,regular,y,y,
CLE194205110,ferrt101,CLE,1,1,value,3,0,0,0,0,0,,,,,0,19420511,0,CLE06,h,DET,1,0,0,regular,y,y,
CLE194205161,ferrt101,CLE,1,1,value,3,0,0,0,0,0,,,,,0,19420516,1,CLE06,h,WS1,1,0,0,regular,y,y,
DET194205280,ferrt101,CLE,1,1,value,6,0,1,0,0,0,,,,,0,19420528,0,DET04,v,DET,0,1,0,regular,y,d,
NYA194206080,ferrt101,CLE,1,1,value,6,1,1,1,0,0,,,,,0,19420608,0,NYC16,v,NYA,0,1,0,regular,y,y,
PHA194206120,ferrt101,CLE,1,1,value,9,0,0,0,0,0,,,,,0,19420612,0,PHI11,v,PHA,0,1,0,regular,y,y,
PHA194206142,ferrt101,CLE,1,1,value,3,0,0,0,0,0,,,,,0,19420614,2,PHI11,v,PHA,0,1,0,regular,y,y,
CLE194206170,ferrt101,CLE,1,1,value,6,0,0,0,0,0,,,,,0,19420617,0,CLE07,h,WS1,1,0,0,regular,y,y,
CLE194206260,ferrt101,CLE,1,1,value,3,0,0,0,0,0,,,,,0,19420626,0,CLE07,h,BOS,0,1,0,regular,y,y,
CLE194206270,ferrt101,CLE,1,1,value,3,0,1,0,0,0,,,,,0,19420627,0,CLE07,h,BOS,0,1,0,regular,y,y,
CLE194207030,ferrt101,CLE,1,1,value,22,1,1,0,1,0,,,,,0,19420703,0,CLE07,h,DET,0,1,0,regular,y,y,
WS1194207130,ferrt101,CLE,1,1,value,3,0,0,0,0,0,,,,,0,19420713,0,WAS09,v,WS1,0,1,0,regular,y,y,
BOS194207191,ferrt101,CLE,1,1,value,11,0,1,0,0,0,,,,,0,19420719,1,BOS07,v,BOS,1,0,0,regular,y,y,
CLE194207210,ferrt101,CLE,1,1,value,6,0,1,0,0,0,,,,,0,19420721,0,CLE07,h,NYA,0,1,0,regular,y,y,
CLE194207241,ferrt101,CLE,1,1,value,3,0,0,0,0,0,,,,,0,19420724,1,CLE07,h,WS1,1,0,0,regular,y,y,
CLE194207250,ferrt101,CLE,1,1,value,17,0,3,0,1,0,,,,,0,19420725,0,CLE07,h,WS1,0,1,0,regular,y,y,
CLE194207270,ferrt101,CLE,1,1,value,2,0,0,0,0,0,,,,,0,19420727,0,CLE06,h,BOS,0,1,0,regular,y,y,
CLE194207290,ferrt101,CLE,1,1,value,1,0,0,0,0,0,,,,,0,19420729,0,CLE06,h,BOS,1,0,0,regular,y,y,
CLE194207310,ferrt101,CLE,1,1,value,9,0,0,0,0,0,,,,,0,19420731,0,CLE07,h,PHA,0,1,0,regular,y,y,
SLA194208050,ferrt101,CLE,1,1,value,1,0,0,0,0,0,,,,,0,19420805,0,STL07,v,SLA,1,0,0,regular,y,y,
CLE194208121,ferrt101,CLE,1,1,value,3,0,0,0,0,0,,,,,0,19420812,1,CLE06,h,DET,0,1,0,regular,y,y,
CLE194208161,ferrt101,CLE,1,1,value,7,1,0,0,0,0,,,,,0,19420816,1,CLE07,h,SLA,1,0,0,regular,y,y,
DET194208190,ferrt101,CLE,1,1,value,15,0,2,0,0,0,,,,,0,19420819,0,DET04,v,DET,0,1,0,regular,y,y,
BOS194208251,ferrt101,CLE,1,1,value,31,1,4,0,1,0,,,,,1,19420825,1,BOS07,v,BOS,0,1,0,regular,y,y,
PHA194209020,ferrt101,CLE,1,1,value,27,3,3,0,1,0,,,,,1,19420902,0,PHI11,v,PHA,1,0,0,regular,y,y,
SLA194209052,ferrt101,CLE,1,1,value,4,0,1,0,0,0,,,,,0,19420905,2,STL07,v,SLA,0,1,0,regular,y,y,
CLE194209120,ferrt101,CLE,1,1,value,3,0,1,0,0,0,,,,,0,19420912,0,CLE06,h,BOS,0,1,0,regular,y,y,
DET194209202,ferrt101,CLE,1,1,value,6,0,0,0,0,0,,,,,0,19420920,2,DET04,v,DET,0,1,0,regular,y,y,
CLE194209241,ferrt101,CLE,1,1,value,4,0,1,0,0,0,,,,,0,19420924,1,CLE06,h,CHA,0,1,0,regular,y,d,
CLE194209250,ferrt101,CLE,1,1,value,12,0,0,0,0,0,,,,,0,19420925,0,CLE06,h,CHA,0,1,0,regular,y,y,
GLK194308070,ferrt101,GLK,1,1,value,10,0,2,0,0,0,,,,,1,19430807,0,GLK01,h,CAG,0,1,0,exhibition,y,d,
NYA194605020,ferrt101,CLE,1,1,value,0,0,0,0,0,0,,,,,0,19460502,0,NYC16,v,NYA,0,1,0,regular,y,y,
BOS194605030,ferrt101,CLE,1,1,value,3,0,0,0,0,0,,,,,0,19460503,0,BOS07,v,BOS,0,1,0,regular,y,y,
BOS194605040,ferrt101,CLE,1,1,value,6,0,2,1,0,0,,,,,0,19460504,0,BOS07,v,BOS,0,1,0,regular,y,y,
WS1194605060,ferrt101,CLE,1,1,value,2,0,0,0,0,0,,,,,0,19460506,0,WAS09,v,WS1,0,1,0,regular,y,d,
PHA194605090,ferrt101,CLE,1,1,value,7,1,0,0,0,0,,,,,0,19460509,0,PHI11,v,PHA,0,1,0,regular,y,y,
CLE194605132,ferrt101,CLE,1,1,value,10,0,1,0,0,0,,,,,0,19460513,2,CLE06,h,SLA,0,1,0,regular,y,y,
CLE194605192,ferrt101,CLE,1,1,value,6,0,0,1,0,0,,,,,0,19460519,2,CLE07,h,NYA,0,1,0,regular,y,y,
PHA194606010,ferrt101,CLE,1,1,value,15,0,1,0,0,0,,,,,0,19460601,0,PHI11,v,PHA,0,1,0,regular,y,y,
NYA194606091,ferrt101,CLE,1,1,value,5,0,0,0,0,0,,,,,0,19460609,1,NYC16,v,NYA,1,0,0,regular,y,y,
SLA194606302,ferrt101,SLA,1,1,value,2,0,0,0,0,0,,,,,0,19460630,2,STL07,h,DET,0,1,0,regular,y,y,
WS1194607142,ferrt101,SLA,1,1,value,6,0,1,0,0,0,,,,,0,19460714,2,WAS09,v,WS1,0,1,0,regular,y,y,
BOS194607200,ferrt101,SLA,1,1,value,6,0,0,0,0,0,,,,,0,19460720,0,BOS07,v,BOS,1,0,0,regular,y,y,
SLA194607310,ferrt101,SLA,1,1,value,1,0,0,0,0,0,,,,,0,19460731,0,STL07,h,WS1,1,0,0,regular,y,y,
SLA194608020,ferrt101,SLA,1,1,value,2,0,0,0,0,0,,,,,0,19460802,0,STL07,h,PHA,0,1,0,regular,y,y,
SLA194608041,ferrt101,SLA,1,1,value,3,1,1,0,1,0,,,,,0,19460804,1,STL07,h,PHA,1,0,0,regular,y,d,
SLA194608042,ferrt101,SLA,1,1,value,8,0,1,0,0,0,,,,,0,19460804,2,STL07,h,PHA,1,0,0,regular,y,d,
SLA194608090,ferrt101,SLA,1,1,value,3,0,0,0,0,0,,,,,0,19460809,0,STL07,h,CLE,0,1,0,regular,y,d,
SLA194608131,ferrt101,SLA,1,1,value,6,0,1,0,0,0,,,,,0,19460813,1,STL07,h,CHA,0,1,0,regular,y,y,
CLE194608150,ferrt101,SLA,1,1,value,2,0,0,0,0,0,,,,,0,19460815,0,CLE07,v,CLE,0,1,0,regular,y,y,
DET194608182,ferrt101,SLA,1,1,value,5,0,0,0,0,0,,,,,0,19460818,2,DET04,v,DET,1,0,0,regular,y,y,
BOS194608202,ferrt101,SLA,1,1,value,2,0,0,0,0,0,,,,,0,19460820,2,BOS07,v,BOS,1,0,0,regular,y,y,
NYA194608222,ferrt101,SLA,1,1,value,1,0,0,0,0,0,,,,,0,19460822,2,NYC16,v,NYA,0,1,0,regular,y,y,
NYA194608240,ferrt101,SLA,1,1,value,4,0,0,0,0,0,,,,,0,19460824,0,NYC16,v,NYA,1,0,0,regular,y,y,
WS1194608260,ferrt101,SLA,1,1,value,3,0,0,0,0,0,,,,,0,19460826,0,WAS09,v,WS1,0,1,0,regular,y,y,
SLA194609022,ferrt101,SLA,1,1,value,1,0,1,0,0,0,,,,,0,19460902,2,STL07,h,CLE,0,0,1,regular,y,y,
SLA194609032,ferrt101,SLA,1,1,value,7,0,0,1,0,0,,,,,1,19460903,2,STL07,h,CLE,0,1,0,regular,y,y,
SLA194609120,ferrt101,SLA,1,1,value,3,0,1,0,0,0,,,,,0,19460912,0,STL07,h,WS1,0,1,0,regular,y,y,
SLA194609160,ferrt101,SLA,1,1,value,3,0,0,0,0,0,,,,,0,19460916,0,STL07,h,NYA,0,1,0,regular,y,y,
SLA194609180,ferrt101,SLA,1,1,value,3,0,0,0,0,0,,,,,0,19460918,0,STL07,h,BOS,0,1,0,regular,y,d,
SLA194609212,ferrt101,SLA,1,1,value,5,0,1,0,0,0,,,,,0,19460921,2,STL07,h,CHA,0,1,0,regular,y,d,
SLA194609222,ferrt101,SLA,1,1,value,3,0,0,0,0,0,,,,,0,19460922,2,STL07,h,CHA,0,1,0,regular,y,d,
DET194609250,ferrt101,SLA,1,1,value,6,0,0,0,0,0,,,,,0,19460925,0,DET04,v,DET,1,0,0,regular,y,d,
CHA194609272,ferrt101,SLA,1,1,value,6,0,2,0,0,0,,,,,0,19460927,2,CHI10,v,CHA,0,1,0,regular,y,d,
CHA194609290,ferrt101,SLA,1,1,value,6,0,0,0,0,0,,,,,0,19460929,0,CHI10,v,CHA,1,0,0,regular,y,y,
BOS194704170,ferrt101,WS1,1,1,value,12,1,0,0,0,0,,,,,0,19470417,0,BOS07,v,BOS,0,1,0,regular,y,y,
PHA194704230,ferrt101,WS1,1,1,value,1,0,0,0,0,0,,,,,0,19470423,0,PHI11,v,PHA,1,0,0,regular,y,d,
CLE194705040,ferrt101,WS1,1,1,value,9,0,1,0,0,0,,,,,0,19470504,0,CLE07,v,CLE,1,0,0,regular,y,y,
WS1194705170,ferrt101,WS1,1,1,value,6,0,0,0,0,0,,,,,0,19470517,0,WAS09,h,CLE,1,0,0,regular,y,y,
WS1194705182,ferrt101,WS1,1,1,value,3,0,0,0,0,0,,,,,0,19470518,2,WAS09,h,CHA,0,1,0,regular,y,y,
WS1194705210,ferrt101,WS1,1,1,value,8,0,0,0,0,0,,,,,0,19470521,0,WAS09,h,SLA,1,0,0,regular,y,d,
WS1194705270,ferrt101,WS1,1,1,value,3,0,0,0,0,0,,,,,0,19470527,0,WAS09,h,NYA,1,0,0,regular,y,y,
WS1194705302,ferrt101,WS1,1,1,value,6,0,0,0,0,0,,,,,0,19470530,2,WAS09,h,BOS,1,0,0,regular,y,y,
CHA194706060,ferrt101,WS1,1,1,value,14,0,1,0,0,0,,,,,0,19470606,0,CHI10,v,CHA,0,1,0,regular,y,y,
SLA194706090,ferrt101,WS1,1,1,value,3,0,0,0,0,0,,,,,0,19470609,0,STL07,v,SLA,0,1,0,regular,y,y,
WS1194706190,ferrt101,WS1,1,1,value,3,0,0,0,0,0,,,,,0,19470619,0,WAS09,h,CLE,1,0,0,regular,y,y,
WS1194706221,ferrt101,WS1,1,1,value,11,0,2,0,0,0,,,,,0,19470622,1,WAS09,h,SLA,1,0,0,regular,y,y,
WS1194706260,ferrt101,WS1,1,1,value,6,0,0,0,0,0,,,,,0,19470626,0,WAS09,h,BOS,1,0,0,regular,y,y,
WS1194706292,ferrt101,WS1,1,1,value,6,0,1,0,0,0,,,,,0,19470629,2,WAS09,h,NYA,0,1,0,regular,y,y,
WS1194706300,ferrt101,WS1,1,1,value,1,0,0,0,0,0,,,,,0,19470630,0,WAS09,h,PHA,1,0,0,regular,y,y,
BOS194707050,ferrt101,WS1,1,1,value,3,1,0,0,0,0,,,,,0,19470705,0,BOS07,v,BOS,0,1,0,regular,y,y,
BOS194707061,ferrt101,WS1,1,1,value,3,0,0,0,0,0,,,,,0,19470706,1,BOS07,v,BOS,0,1,0,regular,y,d,
CHA194707110,ferrt101,WS1,1,1,value,9,0,0,0,0,0,,,,,0,19470711,0,CHI10,v,CHA,1,0,0,regular,y,d,
DET194707161,ferrt101,WS1,1,1,value,2,0,1,0,0,0,,,,,0,19470716,1,DET04,v,DET,0,1,0,regular,y,y,
DET194707172,ferrt101,WS1,1,1,value,5,0,0,0,0,0,,,,,0,19470717,2,DET04,v,DET,0,1,0,regular,y,d,
WS1194708030,ferrt101,WS1,1,1,value,6,1,2,0,0,0,,,,,0,19470803,0,WAS09,h,CHA,0,1,0,regular,y,y,
WS1194708160,ferrt101,WS1,1,1,value,14,1,3,0,1,0,,,,,0,19470816,0,WAS09,h,PHA,0,1,0,regular,y,y,
CLE194708201,ferrt101,WS1,1,1,value,4,1,0,0,0,0,,,,,0,19470820,1,CLE07,v,CLE,0,1,0,regular,y,y,
CLE194708202,ferrt101,WS1,1,1,value,10,0,1,0,0,0,,,,,0,19470820,2,CLE07,v,CLE,0,1,0,regular,y,y,
DET194708221,ferrt101,WS1,1,1,value,1,0,0,0,0,0,,,,,0,19470822,1,DET04,v,DET,0,1,0,regular,y,y,
NYA194708300,ferrt101,WS1,1,1,value,2,0,0,0,0,0,,,,,0,19470830,0,NYC16,v,NYA,0,1,0,regular,y,y,
NYA194708312,ferrt101,WS1,1,1,value,3,0,1,0,0,0,,,,,0,19470831,2,NYC16,v,NYA,0,1,0,regular,y,y,
WS1194709070,ferrt101,WS1,1,1,value,6,1,1,0,0,0,,,,,0,19470907,0,WAS09,h,NYA,0,1,0,regular,y,y,
WS1194709090,ferrt101,WS1,1,1,value,6,0,0,0,0,0,,,,,0,19470909,0,WAS09,h,CHA,0,1,0,regular,y,y,
WS1194709142,ferrt101,WS1,1,1,value,8,1,0,0,0,0,,,,,0,19470914,2,WAS09,h,DET,0,1,0,regular,y,y,
WS1194709150,ferrt101,WS1,1,1,value,6,0,1,0,0,0,,,,,0,19470915,0,WAS09,h,DET,0,1,0,regular,y,y,
PHA194804230,ferrt101,WS1,1,1,value,6,0,0,0,0,0,,,,,0,19480423,0,PHI11,v,PHA,1,0,0,regular,y,y,
PHA194804252,ferrt101,WS1,1,1,value,5,0,0,0,0,0,,,,,0,19480425,2,PHI11,v,PHA,1,0,0,regular,y,y,
NYA194804290,ferrt101,WS1,1,1,value,6,1,0,0,0,0,,,,,0,19480429,0,NYC16,v,NYA,0,1,0,regular,y,y,
WS1194805080,ferrt101,WS1,1,1,value,3,0,0,0,0,0,,,,,0,19480508,0,WAS09,h,CLE,0,1,0,regular,y,y,
WS1194805090,ferrt101,WS1,1,1,value,7,0,1,0,0,0,,,,,0,19480509,0,WAS09,h,SLA,1,0,0,regular,y,y,
WS1194805120,ferrt101,WS1,1,1,value,5,0,0,0,0,0,,,,,0,19480512,0,WAS09,h,DET,0,1,0,regular,y,y,
SLA194805200,ferrt101,WS1,1,1,value,3,0,1,0,0,0,,,,,0,19480520,0,STL07,v,SLA,0,1,0,regular,y,y,
SLA194805210,ferrt101,WS1,1,1,value,15,0,1,0,0,0,,,,,0,19480521,0,STL07,v,SLA,0,1,0,regular,y,d,
CLE194805260,ferrt101,WS1,1,1,value,3,0,0,0,0,0,,,,,0,19480526,0,CLE07,v,CLE,1,0,0,regular,y,y,
WS1194805280,ferrt101,WS1,1,1,value,6,0,0,0,0,0,,,,,0,19480528,0,WAS09,h,BOS,1,0,0,regular,y,y,
NYA194805312,ferrt101,WS1,1,1,value,9,0,0,1,0,0,,,,,0,19480531,2,NYC16,v,NYA,0,1,0,regular,y,y,
WS1194806040,ferrt101,WS1,1,1,value,7,0,1,0,0,0,,,,,0,19480604,0,WAS09,h,CLE,0,1,0,regular,y,y,
WS1194806080,ferrt101,WS1,1,1,value,3,0,1,0,0,0,,,,,0,19480608,0,WAS09,h,SLA,1,0,0,regular,y,y,
CHA194806190,ferrt101,WS1,1,1,value,7,0,0,0,0,0,,,,,0,19480619,0,CHI10,v,CHA,0,1,0,regular,y,y,
DET194806230,ferrt101,WS1,1,1,value,6,0,0,0,0,0,,,,,0,19480623,0,DET04,v,DET,1,0,0,regular,y,y,
CLE194806271,ferrt101,WS1,1,1,value,11,0,0,0,0,0,,,,,0,19480627,1,CLE07,v,CLE,1,0,0,regular,y,y,
PHA194806290,ferrt101,WS1,1,1,value,4,0,0,0,0,0,,,,,0,19480629,0,PHI11,v,PHA,1,0,0,regular,y,y,
BOS194807070,ferrt101,WS1,1,1,value,3,0,0,0,0,0,,,,,0,19480707,0,BOS07,v,BOS,1,0,0,regular,y,y,
WS1194807090,ferrt101,WS1,1,1,value,3,0,0,1,0,0,,,,,0,19480709,0,WAS09,h,NYA,0,1,0,regular,y,y,
WS1194807160,ferrt101,WS1,1,1,value,3,0,0,0,0,0,,,,,0,19480716,0,WAS09,h,CHA,0,1,0,regular,y,y,
WS1194807182,ferrt101,WS1,1,1,value,2,0,0,0,0,0,,,,,0,19480718,2,WAS09,h,CLE,0,1,0,regular,y,y,
WS1194807190,ferrt101,WS1,1,1,value,6,0,1,0,0,0,,,,,0,19480719,0,WAS09,h,CLE,0,1,0,regular,y,y,
WS1194807240,ferrt101,WS1,1,1,value,9,1,0,0,0,0,,,,,0,19480724,0,WAS09,h,SLA,0,1,0,regular,y,y,
SLA194808011,ferrt101,WS1,1,1,value,12,2,0,0,0,0,,,,,0,19480801,1,STL07,v,SLA,0,1,0,regular,y,d,
CLE194808050,ferrt101,WS1,1,1,value,3,0,0,0,0,0,,,,,0,19480805,0,CLE07,v,CLE,0,1,0,regular,y,y,
DET194808082,ferrt101,WS1,1,1,value,3,0,0,0,0,0,,,,,0,19480808,2,DET04,v,DET,0,1,0,regular,y,y,
PHA194808110,ferrt101,WS1,1,1,value,5,1,0,0,0,0,,,,,0,19480811,0,PHI11,v,PHA,0,1,0,regular,y,y,
WS1194808140,ferrt101,WS1,1,1,value,5,0,2,0,1,0,,,,,0,19480814,0,WAS09,h,BOS,0,1,0,regular,y,y,
WS1194808151,ferrt101,WS1,1,1,value,1,0,0,0,0,0,,,,,0,19480815,1,WAS09,h,BOS,1,0,0,regular,y,y,
BOS194808210,ferrt101,WS1,1,1,value,9,0,0,0,0,0,,,,,0,19480821,0,BOS07,v,BOS,0,1,0,regular,y,y,
WS1194808250,ferrt101,WS1,1,1,value,3,0,0,0,0,0,,,,,0,19480825,0,WAS09,h,SLA,1,0,0,regular,y,y,
WS1194809010,ferrt101,WS1,1,1,value,4,1,1,0,0,0,,,,,0,19480901,0,WAS09,h,CHA,1,0,0,regular,y,y,
NYA194809040,ferrt101,WS1,1,1,value,4,0,1,0,0,0,,,,,0,19480904,0,NYC16,v,NYA,0,1,0,regular,y,y,
WS1194809081,ferrt101,WS1,1,1,value,17,2,2,0,0,0,,,,,0,19480908,1,WAS09,h,PHA,0,1,0,regular,y,y,
WS1194809110,ferrt101,WS1,1,1,value,6,0,1,0,0,0,,,,,0,19480911,0,WAS09,h,NYA,0,1,0,regular,y,y,
DET194809150,ferrt101,WS1,1,1,value,3,0,1,0,0,0,,,,,0,19480915,0,DET04,v,DET,0,1,0,regular,y,y,
CHA194809191,ferrt101,WS1,1,1,value,13,0,2,0,0,0,,,,,0,19480919,1,CHI10,v,CHA,1,0,0,regular,y,y,
CHA194904220,ferrt101,SLA,1,1,value,11,0,2,0,0,0,,,,,0,19490422,0,CHI10,v,CHA,0,1,0,regular,y,y,
CHA194904242,ferrt101,SLA,1,1,value,3,0,0,0,0,0,,,,,0,19490424,2,CHI10,v,CHA,0,1,0,regular,y,d,
SLA194904300,ferrt101,SLA,1,1,value,6,0,0,0,0,0,,,,,0,19490430,0,STL07,h,CHA,0,1,0,regular,y,d,
SLA194905030,ferrt101,SLA,1,1,value,3,1,0,0,0,0,,,,,0,19490503,0,STL07,h,NYA,0,1,0,regular,y,y,
SLA194905050,ferrt101,SLA,1,1,value,5,0,1,0,0,0,,,,,0,19490505,0,STL07,h,WS1,0,1,0,regular,y,y,
SLA194905070,ferrt101,SLA,1,1,value,6,0,0,0,0,0,,,,,0,19490507,0,STL07,h,WS1,0,1,0,regular,y,y,
SLA194905081,ferrt101,SLA,1,1,value,18,0,1,0,0,0,,,,,0,19490508,1,STL07,h,BOS,0,1,0,regular,y,y,
SLA194905120,ferrt101,SLA,1,1,value,8,0,0,0,0,0,,,,,0,19490512,0,STL07,h,PHA,1,0,0,regular,y,d,
PHA194905180,ferrt101,SLA,1,1,value,15,1,1,0,0,0,,,,,0,19490518,0,PHI11,v,PHA,1,0,0,regular,y,y,
WS1194905210,ferrt101,SLA,1,1,value,1,0,0,0,0,0,,,,,0,19490521,0,WAS09,v,WS1,0,1,0,regular,y,y,
BOS194905250,ferrt101,SLA,1,1,value,11,0,1,0,0,0,,,,,0,19490525,0,BOS07,v,BOS,1,0,0,regular,y,y,
CLE194905302,ferrt101,SLA,1,1,value,6,0,0,0,0,0,,,,,0,19490530,2,CLE07,v,CLE,0,1,0,regular,y,y,
SLA194906010,ferrt101,SLA,1,1,value,12,1,0,0,0,0,,,,,0,19490601,0,STL07,h,WS1,0,1,0,regular,y,y,
SLA194906040,ferrt101,SLA,1,1,value,6,0,0,1,0,0,,,,,0,19490604,0,STL07,h,NYA,0,1,0,regular,y,y,
SLA194906052,ferrt101,SLA,1,1,value,9,2,0,0,0,0,,,,,0,19490605,2,STL07,h,NYA,1,0,0,regular,y,y,
SLA194906121,ferrt101,SLA,1,1,value,5,0,0,0,0,0,,,,,0,19490612,1,STL07,h,PHA,1,0,0,regular,y,y,
PHA194906170,ferrt101,SLA,1,1,value,15,0,2,0,1,0,,,,,0,19490617,0,PHI11,v,PHA,0,1,0,regular,y,y,
NYA194906200,ferrt101,SLA,1,1,value,3,0,1,0,0,0,,,,,0,19490620,0,NYC16,v,NYA,0,1,0,regular,y,y,
NYA194906222,ferrt101,SLA,1,1,value,6,0,1,0,1,0,,,,,0,19490622,2,NYC16,v,NYA,0,1,0,regular,y,y,
BOS194906260,ferrt101,SLA,1,1,value,3,0,0,0,0,0,,,,,0,19490626,0,BOS07,v,BOS,0,1,0,regular,y,y,
CHA194906280,ferrt101,SLA,1,1,value,0,0,0,0,0,0,,,,,0,19490628,0,CHI10,v,CHA,1,0,0,regular,y,d,
CLE194907010,ferrt101,SLA,1,1,value,6,0,0,0,0,0,,,,,0,19490701,0,CLE07,v,CLE,0,1,0,regular,y,y,
CLE194907032,ferrt101,SLA,1,1,value,0,0,0,0,0,0,,,,,0,19490703,2,CLE07,v,CLE,0,1,0,regular,y,y,
SLA194907041,ferrt101,SLA,1,1,value,5,0,1,0,0,0,,,,,0,19490704,1,STL07,h,CHA,0,1,0,regular,y,d,
SLA194907060,ferrt101,SLA,1,1,value,7,0,1,0,0,0,,,,,0,19490706,0,STL07,h,DET,1,0,0,regular,y,y,
SLA194907080,ferrt101,SLA,1,1,value,3,0,0,0,0,0,,,,,0,19490708,0,STL07,h,CLE,0,1,0,regular,y,y,
SLA194907100,ferrt101,SLA,1,1,value,6,0,2,0,0,0,,,,,0,19490710,0,STL07,h,CLE,0,1,0,regular,y,y,
SLA194907171,ferrt101,SLA,1,1,value,21,0,3,0,0,0,,,,,0,19490717,1,STL07,h,WS1,1,0,0,regular,y,y,
SLA194907212,ferrt101,SLA,1,1,value,6,0,2,0,0,0,,,,,0,19490721,2,STL07,h,PHA,0,1,0,regular,y,d,
SLA194907241,ferrt101,SLA,1,1,value,2,0,1,0,0,0,,,,,0,19490724,1,STL07,h,BOS,1,0,0,regular,y,y,
PHA194907271,ferrt101,SLA,1,1,value,10,0,1,0,0,0,,,,,0,19490727,1,PHI11,v,PHA,0,1,0,regular,y,y,
WS1194907300,ferrt101,SLA,1,1,value,4,0,0,0,0,0,,,,,0,19490730,0,WAS09,v,WS1,1,0,0,regular,y,y,
BOS194908040,ferrt101,SLA,1,1,value,3,0,0,0,0,0,,,,,0,19490804,0,BOS07,v,BOS,0,1,0,regular,y,y,
NYA194908052,ferrt101,SLA,1,1,value,11,0,1,0,0,0,,,,,0,19490805,2,NYC16,v,NYA,0,1,0,regular,y,y,
CLE194908100,ferrt101,SLA,1,1,value,12,0,1,0,0,0,,,,,0,19490810,0,CLE07,v,CLE,1,0,0,regular,y,y,
SLA194908171,ferrt101,SLA,1,1,value,4,0,1,0,0,0,,,,,0,19490817,1,STL07,h,CLE,1,0,0,regular,y,y,
SLA194908191,ferrt101,SLA,1,1,value,0,0,0,0,0,0,,,,,0,19490819,1,STL07,h,DET,1,0,0,regular,y,d,
SLA194908200,ferrt101,SLA,1,1,value,3,0,0,0,0,0,,,,,0,19490820,0,STL07,h,DET,1,0,0,regular,y,d,
SLA194908211,ferrt101,SLA,1,1,value,3,1,0,0,0,0,,,,,0,19490821,1,STL07,h,DET,1,0,0,regular,y,d,
SLA194908212,ferrt101,SLA,1,1,value,3,0,0,0,0,0,,,,,0,19490821,2,STL07,h,DET,0,1,0,regular,y,d,
SLA194908250,ferrt101,SLA,1,1,value,4,0,0,0,0,0,,,,,0,19490825,0,STL07,h,PHA,0,1,0,regular,y,d,
DET194909051,ferrt101,SLA,1,1,value,3,0,0,0,0,0,,,,,0,19490905,1,DET04,v,DET,0,1,0,regular,y,d,
CHA194909070,ferrt101,SLA,1,1,value,6,0,0,0,0,0,,,,,0,19490907,0,CHI10,v,CHA,0,1,0,regular,y,y,
SLA194909090,ferrt101,SLA,1,1,value,6,0,1,0,0,0,,,,,0,19490909,0,STL07,h,CLE,0,1,0,regular,y,y,
SLA194909110,ferrt101,SLA,1,1,value,6,0,1,0,0,0,,,,,0,19490911,0,STL07,h,CLE,1,0,0,regular,y,y,
NYA194909142,ferrt101,SLA,1,1,value,2,0,0,0,0,0,,,,,0,19490914,2,NYC16,v,NYA,0,1,0,regular,y,y,
BOS194909160,ferrt101,SLA,1,1,value,9,0,0,0,0,0,,,,,0,19490916,0,BOS07,v,BOS,0,1,0,regular,y,y,
PHA194909182,ferrt101,SLA,1,1,value,10,0,1,0,0,0,,,,,0,19490918,2,PHI11,v,PHA,0,1,0,regular,y,y,
CHA194909251,ferrt101,SLA,1,1,value,3,0,1,0,0,0,,,,,0,19490925,1,CHI10,v,CHA,0,1,0,regular,y,y,
SLA194910021,ferrt101,SLA,1,1,value,3,0,0,0,0,0,,,,,0,19491002,1,STL07,h,CHA,0,1,0,regular,y,d,
SLA195004231,ferrt101,SLA,1,1,value,7,0,1,0,0,0,,,,,0,19500423,1,STL07,h,CLE,0,1,0,regular,y,y,
SLA195004260,ferrt101,SLA,1,1,value,9,1,1,0,0,0,,,,,0,19500426,0,STL07,h,DET,0,1,0,regular,y,d,
WS1195005030,ferrt101,SLA,1,1,value,4,1,0,0,0,0,,,,,0,19500503,0,WAS09,v,WS1,0,1,0,regular,y,y,
BOS195005072,ferrt101,SLA,1,1,value,3,0,0,0,0,0,,,,,0,19500507,2,BOS07,v,BOS,0,1,0,regular,y,y,
NYA195005112,ferrt101,SLA,1,1,value,6,0,0,0,0,0,,,,,0,19500511,2,NYC16,v,NYA,0,1,0,regular,y,y,
DET195005140,ferrt101,SLA,1,1,value,4,0,1,0,0,0,,,,,0,19500514,0,DET04,v,DET,1,0,0,regular,y,d,
SLA195005170,ferrt101,SLA,1,1,value,3,0,1,0,0,0,,,,,0,19500517,0,STL07,h,NYA,0,1,0,regular,y,d,
SLA195005212,ferrt101,SLA,1,1,value,1,0,0,0,0,0,,,,,0,19500521,2,STL07,h,PHA,0,1,0,regular,y,d,
SLA195005240,ferrt101,SLA,1,1,value,6,0,0,0,0,0,,,,,0,19500524,0,STL07,h,BOS,0,1,0,regular,y,y,
SLA195005290,ferrt101,SLA,1,1,value,6,0,1,0,0,0,,,,,0,19500529,0,STL07,h,CHA,0,1,0,regular,y,y,
SLA195005302,ferrt101,SLA,1,1,value,6,0,0,0,0,0,,,,,0,19500530,2,STL07,h,CHA,0,1,0,regular,y,y,
PHA195006042,ferrt101,SLA,1,1,value,3,0,0,0,0,0,,,,,0,19500604,2,PHI11,v,PHA,0,1,0,regular,y,y,
PHA195006060,ferrt101,SLA,1,1,value,3,0,0,0,0,0,,,,,0,19500606,0,PHI11,v,PHA,1,0,0,regular,y,d,
BOS195006080,ferrt101,SLA,1,1,value,2,0,0,0,0,0,,,,,0,19500608,0,BOS07,v,BOS,0,1,0,regular,y,y,
NYA195006100,ferrt101,SLA,1,1,value,6,0,1,0,0,0,,,,,0,19500610,0,NYC16,v,NYA,1,0,0,regular,y,y,
SLA195006140,ferrt101,SLA,1,1,value,3,0,0,0,0,0,,,,,0,19500614,0,STL07,h,WS1,0,1,0,regular,y,y,
SLA195006160,ferrt101,NYA,1,1,value,6,0,0,0,0,0,,,,,0,19500616,0,STL07,v,SLA,1,0,0,regular,y,y,
DET195006230,ferrt101,NYA,1,1,value,10,0,3,0,0,0,,,,,0,19500623,0,DET04,v,DET,0,1,0,regular,y,y,
NYA195006290,ferrt101,NYA,1,1,value,5,0,0,0,0,0,,,,,0,19500629,0,NYC16,h,WS1,0,1,0,regular,y,y,
BOS195006302,ferrt101,NYA,1,1,value,6,0,0,0,0,0,,,,,0,19500630,2,BOS07,v,BOS,0,1,0,regular,y,y,
WS1195007030,ferrt101,NYA,1,1,value,6,0,1,0,0,0,,,,,0,19500703,0,WAS09,v,WS1,0,1,0,regular,y,y,
WS1195007041,ferrt101,NYA,1,1,value,5,0,1,0,0,0,,,,,0,19500704,1,WAS09,v,WS1,1,0,0,regular,y,y,
NYA195007060,ferrt101,NYA,1,1,value,6,0,0,0,0,0,,,,,0,19500706,0,NYC16,h,PHA,1,0,0,regular,y,y,
NYA195007140,ferrt101,NYA,1,1,value,3,0,0,0,0,0,,,,,0,19500714,0,NYC16,h,CLE,0,1,0,regular,y,y,
NYA195007170,ferrt101,NYA,1,1,value,4,0,0,0,0,0,,,,,0,19500717,0,NYC16,h,CHA,1,0,0,regular,y,y,
NYA195007192,ferrt101,NYA,1,1,value,6,0,0,0,0,0,,,,,0,19500719,2,NYC16,h,SLA,1,0,0,regular,y,y,
NYA195007210,ferrt101,NYA,1,1,value,7,1,2,0,0,0,,,,,0,19500721,0,NYC16,h,DET,1,0,0,regular,y,y,
NYA195007230,ferrt101,NYA,1,1,value,3,0,0,0,0,0,,,,,0,19500723,0,NYC16,h,DET,0,1,0,regular,y,y,
SLA195007260,ferrt101,NYA,1,1,value,10,0,1,0,0,0,,,,,0,19500726,0,STL07,v,SLA,1,0,0,regular,y,y,
CHA195007302,ferrt101,NYA,1,1,value,2,0,0,0,0,0,,,,,0,19500730,2,CHI10,v,CHA,1,0,0,regular,y,y,
NYA195008110,ferrt101,NYA,1,1,value,14,0,1,1,0,0,,,,,0,19500811,0,NYC16,h,PHA,1,0,0,regular,y,y,
WS1195008151,ferrt101,NYA,1,1,value,0,0,0,0,0,0,,,,,0,19500815,1,WAS09,v,WS1,0,1,0,regular,y,y,
WS1195008160,ferrt101,NYA,1,1,value,7,0,1,0,0,0,,,,,0,19500816,0,WAS09,v,WS1,1,0,0,regular,y,y,
PHA195008190,ferrt101,NYA,1,1,value,9,0,0,0,0,0,,,,,0,19500819,0,PHI11,v,PHA,1,0,0,regular,y,y,
NYA195008230,ferrt101,NYA,1,1,value,4,0,0,0,0,0,,,,,0,19500823,0,NYC16,h,DET,1,0,0,regular,y,y,
NYA195008260,ferrt101,NYA,1,1,value,2,0,0,0,0,0,,,,,0,19500826,0,NYC16,h,SLA,1,0,0,regular,y,y,
NYA195008301,ferrt101,NYA,1,1,value,6,0,0,0,0,0,,,,,0,19500830,1,NYC16,h,CLE,1,0,0,regular,y,y,
NYA195008310,ferrt101,NYA,1,1,value,2,0,0,0,0,0,,,,,0,19500831,0,NYC16,h,CLE,1,0,0,regular,y,y,
NYA195009042,ferrt101,NYA,1,1,value,6,0,1,0,0,0,,,,,0,19500904,2,NYC16,h,PHA,0,1,0,regular,y,y,
BOS195009070,ferrt101,NYA,1,1,value,9,0,2,0,0,0,,,,,0,19500907,0,BOS07,v,BOS,0,1,0,regular,y,y,
WS1195009100,ferrt101,NYA,1,1,value,6,0,1,0,0,0,,,,,0,19500910,0,WAS09,v,WS1,1,0,0,regular,y,y,
CLE195009120,ferrt101,NYA,1,1,value,1,0,0,0,0,0,,,,,0,19500912,0,CLE07,v,CLE,0,1,0,regular,y,y,
DET195009150,ferrt101,NYA,1,1,value,8,0,1,0,0,0,,,,,0,19500915,0,DET04,v,DET,0,1,0,regular,y,y,
SLA195009171,ferrt101,NYA,1,1,value,8,0,0,0,0,0,,,,,0,19500917,1,STL07,v,SLA,0,1,0,regular,y,y,
CHA195009190,ferrt101,NYA,1,1,value,2,0,0,0,0,0,,,,,0,19500919,0,CHI10,v,CHA,0,1,0,regular,y,y,
NYA195009262,ferrt101,NYA,1,1,value,7,0,2,0,0,0,,,,,0,19500926,2,NYC16,h,WS1,1,0,0,regular,y,y,
NYA195010060,ferrt101,NYA,1,1,value,3,0,0,0,0,0,,,,,0,19501006,0,NYC16,h,PHI,1,0,0,worldseries,y,y,
WS1195104210,ferrt101,NYA,1,1,value,10,1,2,0,0,0,,,,,0,19510421,0,WAS09,v,WS1,1,0,0,regular,y,y,
BOS195104270,ferrt101,NYA,1,1,value,3,0,0,0,0,0,,,,,0,19510427,0,BOS07,v,BOS,0,1,0,regular,y,y,
CHA195105010,ferrt101,NYA,1,1,value,6,0,0,0,0,0,,,,,0,19510501,0,CHI10,v,CHA,1,0,0,regular,y,y,
DET195105070,ferrt101,NYA,1,1,value,3,0,0,0,0,0,,,,,0,19510507,0,DET04,v,DET,0,1,0,regular,y,y,
BOS195105280,ferrt101,NYA,1,1,value,3,0,0,0,0,0,,,,,0,19510528,0,BOS07,v,BOS,0,1,0,regular,y,y,
BOS195105301,ferrt101,NYA,1,1,value,4,0,0,0,0,0,,,,,0,19510530,1,BOS07,v,BOS,0,1,0,regular,y,y,
DET195106020,ferrt101,NYA,1,1,value,3,0,0,1,0,0,,,,,0,19510602,0,DET04,v,DET,1,0,0,regular,y,y,
SLA195106060,ferrt101,NYA,1,1,value,0,0,0,0,0,0,,,,,0,19510606,0,STL07,v,SLA,0,1,0,regular,y,y,
CHA195106102,ferrt101,NYA,1,1,value,4,0,0,0,0,0,,,,,0,19510610,2,CHI10,v,CHA,0,1,0,regular,y,y,
WS1195106220,ferrt101,WS1,1,1,value,3,1,0,0,1,0,,,,,0,19510622,0,WAS09,h,DET,0,1,0,regular,y,y,
WS1195106230,ferrt101,WS1,1,1,value,11,0,0,0,0,0,,,,,0,19510623,0,WAS09,h,DET,1,0,0,regular,y,y,
WS1195106270,ferrt101,WS1,1,1,value,3,0,0,0,0,0,,,,,0,19510627,0,WAS09,h,NYA,0,1,0,regular,y,y,
PHA195106292,ferrt101,WS1,1,1,value,6,1,0,0,0,0,,,,,0,19510629,2,PHI11,v,PHA,0,1,0,regular,y,y,
PHA195107011,ferrt101,WS1,1,1,value,2,0,1,0,0,0,,,,,0,19510701,1,PHI11,v,PHA,0,1,0,regular,y,y,
DET195107120,ferrt101,WS1,1,1,value,3,0,0,0,0,0,,,,,0,19510712,0,DET04,v,DET,0,1,0,regular,y,y,
CLE195107160,ferrt101,WS1,1,1,value,9,0,2,0,1,0,,,,,0,19510716,0,CLE07,v,CLE,0,1,0,regular,y,y,
SLA195107190,ferrt101,WS1,1,1,value,3,0,2,0,0,0,,,,,0,19510719,0,STL07,v,SLA,0,1,0,regular,y,d,
WS1195107310,ferrt101,WS1,1,1,value,2,0,0,0,0,0,,,,,0,19510731,0,WAS09,h,CLE,0,1,0,regular,y,y,
WS1195108020,ferrt101,WS1,1,1,value,6,0,1,0,0,0,,,,,0,19510802,0,WAS09,h,CLE,0,1,0,regular,y,y,
BOS195108122,ferrt101,WS1,1,1,value,3,1,0,0,0,0,,,,,0,19510812,2,BOS07,v,BOS,0,1,0,regular,y,y,
WS1195108150,ferrt101,WS1,1,1,value,5,1,0,0,0,0,,,,,0,19510815,0,WAS09,h,NYA,0,1,0,regular,y,y,
WS1195108190,ferrt101,WS1,1,1,value,9,0,0,0,0,0,,,,,0,19510819,0,WAS09,h,BOS,0,1,0,regular,y,y,
CLE195108210,ferrt101,WS1,1,1,value,9,0,1,0,0,0,,,,,0,19510821,0,CLE07,v,CLE,0,1,0,regular,y,y,
DET195108240,ferrt101,WS1,1,1,value,8,0,0,0,0,0,,,,,0,19510824,0,DET04,v,DET,1,0,0,regular,y,y,
PHA195109052,ferrt101,WS1,1,1,value,7,0,0,0,0,0,,,,,0,19510905,2,PHI11,v,PHA,0,1,0,regular,y,y,
WS1195109110,ferrt101,WS1,1,1,value,6,0,0,0,0,0,,,,,0,19510911,0,WAS09,h,CHA,1,0,0,regular,y,y,
WS1195109152,ferrt101,WS1,1,1,value,7,1,0,0,0,0,,,,,0,19510915,2,WAS09,h,CLE,1,0,0,regular,y,y,
WS1195109200,ferrt101,WS1,1,1,value,6,0,0,0,0,0,,,,,0,19510920,0,WAS09,h,SLA,0,1,0,regular,y,y,
PHA195109231,ferrt101,WS1,1,1,value,3,0,0,0,0,0,,,,,0,19510923,1,PHI11,v,PHA,0,1,0,regular,y,y,
PHA195109232,ferrt101,WS1,1,1,value,3,0,0,0,0,0,,,,,0,19510923,2,PHI11,v,PHA,0,1,0,regular,y,y,
WS1195109260,ferrt101,WS1,1,1,value,11,0,0,0,0,0,,,,,0,19510926,0,WAS09,h,BOS,1,0,0,regular,y,y,
WS1195204170,ferrt101,WS1,1,1,value,6,0,0,0,0,0,,,,,0,19520417,0,WAS09,h,BOS,0,1,0,regular,y,y,
WS1195204301,ferrt101,WS1,1,1,value,3,0,0,0,0,0,,,,,0,19520430,1,WAS09,h,CHA,0,1,0,regular,y,y,
WS1195205020,ferrt101,WS1,1,1,value,6,0,1,0,0,0,,,,,0,19520502,0,WAS09,h,CLE,0,1,0,regular,y,y,
WS1195205042,ferrt101,WS1,1,1,value,21,1,4,0,0,0,,,,,0,19520504,2,WAS09,h,SLA,1,0,0,regular,y,y,
WS1195205080,ferrt101,WS1,1,1,value,6,0,0,0,0,0,,,,,0,19520508,0,WAS09,h,DET,0,0,1,regular,y,y,
CHA195205182,ferrt101,WS1,1,1,value,6,1,0,0,0,0,,,,,0,19520518,2,CHI10,v,CHA,0,1,0,regular,y,y,
SLA195205220,ferrt101,WS1,1,1,value,1,0,0,0,0,0,,,,,0,19520522,0,STL07,v,SLA,1,0,0,regular,y,y,
WS1195205251,ferrt101,WS1,1,1,value,3,0,1,0,0,0,,,,,0,19520525,1,WAS09,h,PHA,0,1,0,regular,y,y,
BOS195205301,ferrt101,WS1,1,1,value,1,0,0,0,0,0,,,,,0,19520530,1,BOS07,v,BOS,1,0,0,regular,y,y,
WS1195206030,ferrt101,WS1,1,1,value,9,0,1,0,0,0,,,,,0,19520603,0,WAS09,h,SLA,0,1,0,regular,y,y,
WS1195206070,ferrt101,WS1,1,1,value,1,0,1,1,0,0,,,,,0,19520607,0,WAS09,h,CHA,0,1,0,regular,y,y,
WS1195206120,ferrt101,WS1,1,1,value,3,0,0,0,0,0,,,,,0,19520612,0,WAS09,h,CLE,0,1,0,regular,y,y,
DET195206140,ferrt101,WS1,1,1,value,8,0,0,0,0,0,,,,,0,19520614,0,DET04,v,DET,0,1,0,regular,y,y,
SLA195206200,ferrt101,WS1,1,1,value,3,0,0,0,0,0,,,,,0,19520620,0,STL07,v,SLA,0,0,1,regular,y,y,
CHA195206250,ferrt101,WS1,1,1,value,6,1,0,0,0,0,,,,,0,19520625,0,CHI10,v,CHA,1,0,0,regular,y,y,
WS1195207041,ferrt101,WS1,1,1,value,6,0,0,0,0,0,,,,,0,19520704,1,WAS09,h,NYA,0,1,0,regular,y,y,
WS1195207102,ferrt101,WS1,1,1,value,6,0,2,0,0,0,,,,,0,19520710,2,WAS09,h,CHA,0,1,0,regular,y,y,
WS1195207132,ferrt101,WS1,1,1,value,3,0,0,0,0,0,,,,,0,19520713,2,WAS09,h,CLE,0,1,0,regular,y,y,
SLA195207280,ferrt101,WS1,1,1,value,3,0,0,0,0,0,,,,,0,19520728,0,STL07,v,SLA,0,1,0,regular,y,y,
WS1195208072,ferrt101,WS1,1,1,value,9,0,1,0,0,0,,,,,0,19520807,2,WAS09,h,NYA,0,1,0,regular,y,y,
NYA195208132,ferrt101,WS1,1,1,value,12,0,0,0,0,0,,,,,0,19520813,2,NYC16,v,NYA,0,1,0,regular,y,y,
PHA195208172,ferrt101,WS1,1,1,value,0,0,0,0,0,0,,,,,0,19520817,2,PHI11,v,PHA,0,1,0,regular,y,y,
WS1195208230,ferrt101,WS1,1,1,value,6,0,1,0,0,0,,,,,0,19520823,0,WAS09,h,DET,0,1,0,regular,y,y,
NYA195208310,ferrt101,WS1,1,1,value,3,0,0,0,0,0,,,,,0,19520831,0,NYC16,v,NYA,0,1,0,regular,y,y,
SLA195209120,ferrt101,WS1,1,1,value,6,0,1,0,0,0,,,,,0,19520912,0,STL07,v,SLA,0,1,0,regular,y,d,
PHA195209230,ferrt101,WS1,1,1,value,3,0,0,0,0,0,,,,,0,19520923,0,PHI11,v,PHA,0,1,0,regular,y,y,
BOS195209280,ferrt101,WS1,1,1,value,12,1,0,0,0,0,,,,,0,19520928,0,BOS07,v,BOS,1,0,0,regular,y,y,
