gid,team,inn1,inn2,inn3,inn4,inn5,inn6,inn7,inn8,inn9,inn10,inn11,inn12,inn13,inn14,inn15,inn16,inn17,inn18,inn19,inn20,inn21,inn22,inn23,inn24,inn25,inn26,inn27,inn28,lob,mgr,stattype,b_pa,b_ab,b_r,b_h,b_d,b_t,b_hr,b_rbi,b_sh,b_sf,b_hbp,b_w,b_iw,b_k,b_sb,b_cs,b_gdp,b_xi,b_roe,p_ipouts,p_noout,p_bfp,p_h,p_d,p_t,p_hr,p_r,p_er,p_w,p_iw,p_k,p_hbp,p_wp,p_bk,p_sh,p_sf,p_sb,p_cs,p_pb,d_po,d_a,d_e,d_dp,d_tp,d_pb,d_wp,d_sb,d_cs,start_l1,start_l2,start_l3,start_l4,start_l5,start_l6,start_l7,start_l8,start_l9,start_f1,start_f2,start_f3,start_f4,start_f5,start_f6,start_f7,start_f8,start_f9,start_f10,date,number,site,vishome,opp,win,loss,tie,gametype,box,pbp
HOM193608261,KCM,,,,,,,,,,,,,,,,,,,,,,,,,,,,,,coopa101,value,,,4,,,,,,,,,,,,,,,,,24,,,,,,,11,,,,,,,,,,,,,24,,,,,,,,,,,,,,,,,,,,,,,,,,,,19360826,1,IND10,v,HOM,0,1,0,exhibition,,
HOM193608261,HOM,,,,,,,,,x,,,,,,,,,,,,,,,,,,,,,harrv102,value,,,11,,,,,,,,,,,,,,,,,27,,,,,,,4,,,,,,,,,,,,,27,,,,,,,,,,,,,,,,,,,,,,,,,,,,19360826,1,IND10,h,KCM,1,0,0,exhibition,,
IN6193705080,SSA,0,1,0,0,0,0,3,6,0,,,,,,,,,,,,,,,,,,,,13,dismd101,value,50,44,10,16,4,1,0,10,0,0,1,5,0,0,3,0,0,0,1,27,0,45,11,4,1,0,8,3,4,0,0,0,1,0,1,0,0,0,0,27,4,5,1,0,0,1,0,0,pearl101,sparj102,daviw104,hoskb101,edwat101,gilyl101,cartb102,lamac101,johnt108,johnt108,edwat101,gilyl101,sparj102,cartb102,lamac101,daviw104,pearl101,hoskb101,,19370508,0,IND10,v,IN6,1,0,0,regular,y,y
IN6193705080,IN6,0,1,1,0,0,0,1,3,2,,,,,,,,,,,,,,,,,,,,10,strot801,value,45,40,8,11,4,1,0,4,1,0,0,4,0,0,0,0,0,0,5,27,0,50,16,4,1,0,10,10,5,0,0,1,0,0,0,0,3,0,0,27,0,1,0,0,0,0,3,0,chila101,segrj101,burkj106,strot101,gillg104,hallp101,henro102,cockj102,hughr102,hughr102,cockj102,gillg104,chila101,hallp101,strot101,henro102,segrj101,burkj106,,19370508,0,IND10,h,SSA,0,1,0,regular,y,y
IN6193705090,SSA,1,0,0,3,0,2,2,0,2,,,,,,,,,,,,,,,,,,,,7,dismd101,value,44,44,10,17,3,2,0,10,0,0,0,0,0,0,0,0,0,0,1,27,0,39,6,1,0,0,4,4,6,0,0,1,0,0,0,0,1,0,0,27,2,2,1,0,0,0,1,0,pearl101,sparj102,reedc101,cartb102,gilyl101,edwat101,lamac101,daviw104,grifr101,grifr101,edwat101,gilyl101,sparj102,cartb102,lamac101,reedc101,pearl101,daviw104,,19370509,0,IND10,v,IN6,1,0,0,regular,y,d
IN6193705090,IN6,0,2,0,0,0,2,0,0,0,,,,,,,,,,,,,,,,,,,,8,strot801,value,39,32,4,6,1,0,0,4,0,0,1,6,0,0,1,0,1,0,0,27,0,44,17,3,2,0,10,9,0,0,0,0,0,0,0,0,0,0,0,27,0,4,1,0,0,0,0,0,chila101,segrj101,burkj106,strot101,gillg104,hallp101,henro102,walkc102,hannl102,hannl102,walkc102,gillg104,chila101,hallp101,strot101,henro102,segrj101,burkj106,,19370509,0,IND10,h,SSA,0,1,0,regular,y,d
IN6193705100,SSA,1,0,1,2,0,3,0,0,0,,,,,,,,,,,,,,,,,,,,10,dismd101,value,44,42,7,14,,,,,1,,0,1,,,,,,,,24,,39,11,,,,11,,3,,,0,,,2,,,,,24,,3,,,,,,,pearl101,sparj102,edwat101,cartb102,gilyl101,lamac101,may-j103,daviw104,reedc101,reedc101,may-j103,gilyl101,sparj102,cartb102,lamac101,daviw104,pearl101,edwat101,,19370510,0,IND10,v,IN6,0,1,0,regular,y,
IN6193705100,IN6,0,0,2,4,0,4,1,0,,,,,,,,,,,,,,,,,,,,,4,strot801,value,39,34,11,11,,,,,2,,0,3,,,,,,,,27,,44,14,,,,7,,1,,,0,,,1,,,,,27,,4,,,,,,,chila101,segrj101,burkj106,strot101,gillg104,hallp101,henro102,cockj102,hughr102,hughr102,cockj102,gillg104,chila101,hallp101,strot101,henro102,segrj101,hallp101,,19370510,0,IND10,h,SSA,1,0,0,regular,y,
IN6193706060,MEM,2,1,0,0,1,0,0,0,0,,,,,,,,,,,,,,,,,,,,5,johnf105,value,36,30,4,5,0,0,0,,1,,0,5,,,3,,,,,24,,45,11,0,1,0,7,,8,,,0,,,0,,3,,,24,,3,,,,,3,,gillp104,smitb114,lyong102,currg102,rogen101,taylr102,longr102,sandl101,kranf101,kranf101,taylr102,lyong102,sandl101,smitb114,longr102,gillp104,currg102,rogen101,,19370606,0,IND10,v,IN6,0,1,0,regular,y,
IN6193706060,IN6,2,2,0,1,0,1,1,0,,,,,,,,,,,,,,,,,,,,,14,strot801,value,45,37,7,11,0,1,0,,0,,0,8,,,3,,,,,27,,36,5,0,0,0,4,,5,,,0,,,1,,3,,,27,,3,,,,,3,,chila101,hydec101,strot101,gillg104,longe101,dunbv101,morgp102,segrj101,haysc101,haysc101,dunbv101,gillg104,chila101,longe101,strot101,morgp102,segrj101,hydec101,,19370606,0,IND10,h,MEM,1,0,0,regular,y,
IN6193706070,MEM,0,2,4,0,0,0,0,0,2,,,,,,,,,,,,,,,,,,,,6,johnf105,value,41,40,8,10,1,0,0,7,0,0,0,1,0,3,4,0,0,0,3,27,0,40,7,1,0,0,4,4,5,0,11,0,0,0,0,0,2,0,0,27,0,1,0,0,0,0,2,0,gillp104,smitb114,fordj101,rogen101,lyong102,hamie102,longr102,sandl101,madib101,madib101,hamie102,lyong102,fordj101,smitb114,sandl101,gillp104,longr102,rogen101,,19370607,0,IND10,v,IN6,1,0,0,regular,y,d
IN6193706070,IN6,0,0,2,0,0,0,1,1,0,,,,,,,,,,,,,,,,,,,,9,strot801,value,40,35,4,7,1,0,0,4,0,0,0,5,0,11,2,0,0,0,1,27,0,41,10,1,0,0,8,6,1,0,3,0,1,0,0,0,4,0,0,27,0,2,0,0,0,1,4,0,chila101,hydec101,strot101,gillg104,longe101,dunbv101,morgp102,segrj101,hughr102,hughr102,dunbv101,gillg104,chila101,longe101,strot101,morgp102,segrj101,hydec101,,19370607,0,IND10,h,MEM,0,1,0,regular,y,d
IN6193706120,KCM,1,0,0,0,0,1,5,0,0,,,,,,,,,,,,,,,,,,,,,coopa101,value,,,7,7,2,0,0,,,,,,,,0,,,,,24,,,13,3,0,0,8,7,,,,,,,,,6,,1,24,,0,,,1,,6,,,,,,,,,,,markj101,duncf102,,,,,,,,,19370612,0,IND10,v,IN6,0,1,0,regular,,
IN6193706120,IN6,0,0,3,2,2,0,1,0,,,,,,,,,,,,,,,,,,,,,,strot801,value,,,8,13,3,0,0,,,,,,,,6,,,,,27,,,7,2,0,0,7,,,,,,,,,,0,,,27,,3,,,,,0,,,,,,,,,,,howab102,dunbv101,,,,,,,,,19370612,0,IND10,h,KCM,1,0,0,regular,,
IN6193706131,KCM,0,3,1,1,0,3,1,1,0,,,,,,,,,,,,,,,,,,,,,coopa101,value,,,10,15,4,2,1,,,,,4,,4,3,,,,,27,,,9,1,0,0,5,5,2,,10,,,,,,2,,,27,,1,,,,,2,,,,,,,,,,,smith111,elseh101,,,brooj101,,maywe101,,,,19370613,1,IND10,v,IN6,1,0,0,regular,,
IN6193706131,IN6,0,0,0,0,0,1,4,0,0,,,,,,,,,,,,,,,,,,,,,strot801,value,,,5,9,1,0,0,,,,,2,,10,2,,,,,27,,,15,4,2,1,10,,4,,4,,,,,,3,,,27,,0,,,,,3,,,,,,,,,,,hannl102,dunbv101,,,,,,,,,19370613,1,IND10,h,KCM,0,1,0,regular,,
IN6193706132,KCM,0,0,0,0,0,0,,,,,,,,,,,,,,,,,,,,,,,,coopa101,value,,,0,2,0,0,0,0,,0,,0,0,,,1,,,,18,,,2,0,0,0,0,0,0,0,,,,,,0,,,,18,,0,,,,,,,,,,,,,,,,coopa101,elseh101,,,,,,,,,19370613,2,IND10,v,IN6,0,0,1,regular,,
IN6193706132,IN6,0,0,0,0,0,0,,,,,,,,,,,,,,,,,,,,,,,,strot801,value,,,0,2,0,0,0,0,,0,,0,0,,,,,,,18,,,2,0,0,0,0,0,0,0,,,,,,0,,,,18,,0,,,,,,,,,,,,,,,,hughr102,walkc102,,,,,,,,,19370613,2,IND10,h,KCM,0,0,1,regular,,
IN6193706140,KCM,1,1,0,0,0,2,0,0,0,,,,,,,,,,,,,,,,,,,,,coopa101,value,,,4,9,1,0,0,,,,,1,,3,1,,,,,27,,,4,0,0,0,1,1,4,,15,,,,,,0,,,27,,0,,,,,0,,,,,,,,,,,mcheh101,elseh101,,,,,,,,,19370614,0,IND10,v,IN6,1,0,0,regular,,
IN6193706140,IN6,0,0,1,0,0,0,0,0,0,,,,,,,,,,,,,,,,,,,,,strot801,value,,,1,4,0,0,0,,,,,4,,15,0,,,,,27,,,9,1,0,0,4,,1,,3,,,,,,1,,,27,,2,,,,,1,,,,,,,,,,,haysc101,dunbv101,,,,,,,,,19370614,0,IND10,h,KCM,0,1,0,regular,,
IN6193707170,SSA,1,0,0,1,6,0,0,1,0,,,,,,,,,,,,,,,,,,,,4,dismd101,value,40,34,9,9,,,,,0,,0,6,,,,,,,,27,,38,11,,,,7,,1,,,0,,,0,,,,,27,,2,,,,,,,edwat101,tannu101,taylj107,pearl101,walkw103,dixog102,shror101,thomu102,grifr101,grifr101,shror101,walkw103,tannu101,edwat101,taylj107,dixog102,thomu102,pearl101,,19370717,0,IND10,v,IN6,1,0,0,regular,y,
IN6193707170,IN6,0,0,0,3,0,2,1,0,1,,,,,,,,,,,,,,,,,,,,4,strot801,value,38,37,7,11,,,,,0,,0,1,,,,,,,,27,,40,9,,,,9,,6,,,0,,,0,,,,,27,,4,,,,,,,hydec101,segrj101,strot101,currg102,mccah102,reedc101,longe101,walkc102,haysc101,haysc101,walkc102,mccah102,hydec101,longe101,strot101,currg102,segrj101,reedc101,,19370717,0,IND10,h,SSA,0,1,0,regular,y,
IN6193707181,SSA,1,0,0,1,0,0,0,1,0,,,,,,,,,,,,,,,,,,,,6,dismd101,value,36,28,3,3,,,,,2,,0,6,,6,,,,,,24,,37,9,,,,8,,5,,,0,,,7,,,,,24,,4,,,,,,,edwat101,tannu101,taylj107,pearl101,walkw103,dixog102,shror101,thomu102,johnt108,johnt108,shror101,walkw103,tannu101,edwat101,taylj107,dixog102,thomu102,pearl101,,19370718,1,IND10,v,IN6,0,1,0,regular,y,
IN6193707181,IN6,2,3,1,0,0,0,0,2,,,,,,,,,,,,,,,,,,,,,5,strot801,value,37,25,8,9,,,,,7,,0,5,,,,,,,,27,,36,3,,,,3,,6,,6,0,,,2,,,,,27,,5,,,,,,,chila101,hydec101,strot101,currg102,mccah102,segrj101,longe101,dunbv101,hannl102,hannl102,dunbv101,mccah102,chila101,longe101,strot101,currg102,segrj101,hydec101,,19370718,1,IND10,h,SSA,1,0,0,regular,y,
IN6193707182,SSA,1,0,0,0,0,0,,,,,,,,,,,,,,,,,,,,,,,,dismd101,value,,,1,6,,,,,,,,,,,,,,,,18,,,11,,1,3,9,,,,,,,,,,,,,18,,1,,,,,,,,,,,,,,,,jewev101,edwat101,,,,,,,,,19370718,2,IND10,v,IN6,0,1,0,regular,,
IN6193707182,IN6,4,4,0,0,0,1,,,,,,,,,,,,,,,,,,,,,,,,strot801,value,,,9,11,,1,3,,,,,,,,,,,,,18,,,6,,,,1,,,,,,,,,,,,,18,,2,,,,,,,,,,,,,,,,cookc102,dunbv101,mccah102,,,,,,,,19370718,2,IND10,h,SSA,1,0,0,regular,,
HOM193707200,PH5,0,0,0,0,0,0,0,0,0,,,,,,,,,,,,,,,,,,,,4,wilsj106,value,31,31,0,4,0,0,0,0,0,0,0,0,0,0,0,0,0,0,0,24,0,38,9,2,2,1,8,8,5,0,0,0,0,0,0,0,0,0,0,24,10,0,0,0,0,0,0,0,dixop101,paget101,harrc104,dunnj104,cread101,lacko101,harva101,browl107,lacep101,lacep101,browl107,harrc104,lacko101,cread101,harva101,dixop101,dunnj104,paget101,,19370720,0,IND10,v,HOM,0,1,0,regular,y,d
HOM193707200,HOM,0,0,0,1,5,0,0,2,,,,,,,,,,,,,,,,,,,,,6,harrv102,value,38,33,8,9,2,2,1,8,0,0,0,5,0,0,0,0,0,0,0,27,0,31,4,0,0,0,0,0,0,0,0,0,0,0,0,0,0,0,0,27,8,0,0,0,0,0,0,0,benjj101,perej103,harrv102,leonb101,willj110,duket102,carlm101,jackj104,welmr101,welmr101,duket102,leonb101,carlm101,perej103,jackj104,harrv102,benjj101,willj110,,19370720,0,IND10,h,PH5,1,0,0,regular,y,d
IN6193708020,BIR,6,0,1,0,0,1,4,0,3,,,,,,,,,,,,,,,,,,,,,walka801,value,,,15,14,,,,,,,,,,,,,,,,27,,,7,,2,,2,,,,,,,,,,,,,27,,2,,,,,,,,,,,,,,,,brutj101,colem101,,,,,,,,,19370802,0,IND10,v,IN6,1,0,0,regular,,
IN6193708020,IN6,0,1,0,0,0,0,0,1,0,,,,,,,,,,,,,,,,,,,,,strot801,value,,,2,7,,2,,,,,,,,,,,,,,27,,,14,,,,15,,,,,,,,,,,,,27,,2,,,,,,,,,,,,,,,,howab102,dunbv101,,,,,,,,,19370802,0,IND10,h,BIR,0,1,0,regular,,
IN6193708090,CI1,1,0,0,1,0,0,5,2,0,,,,,,,,,,,,,,,,,,,,,radct101,value,,,9,12,,,,,,,,,,,,,,,,27,,,7,,,1,5,,,,,,,,,,,,,27,,1,,,,,,,,,,,,,,,,breme101,radct101,,,,,,,,,19370809,0,IND10,v,IN6,1,0,0,exhibition,,
IN6193708090,IN6,1,0,0,0,3,1,0,0,0,,,,,,,,,,,,,,,,,,,,,strot801,value,,,5,7,,,1,,,,,,,,,,,,,27,,,12,,,,9,,,,,,,,,,,,,27,,3,,,,,,,,,,,,,,,,hannl102,walkc102,,,,,,,,,19370809,0,IND10,h,CI1,0,1,0,exhibition,,
IN6193708151,CAG,0,0,0,2,0,0,1,0,0,0,1,,,,,,,,,,,,,,,,,,,taylj105,value,,,4,6,,1,,,,,,,,,,,,,,33,,,6,,,,3,,,,,,,,,,,,,33,,3,,,,,,,,,,,,,,,,cornw101,hardp102,,,,,,,,,19370815,1,IND10,v,IN6,1,0,0,regular,,
IN6193708151,IN6,0,0,0,2,1,0,0,0,0,0,0,,,,,,,,,,,,,,,,,,,strot801,value,,,3,6,,,,,,,,,,,,,,,,33,,,6,,1,,4,,,,,,,,,,,,,33,,1,,,,,,,,,,,,,,,,reedc101,dunbv101,,,,strot101,,,,,19370815,1,IND10,h,CAG,0,1,0,regular,,
IN6193708152,CAG,0,0,0,0,0,,,,,,,,,,,,,,,,,,,,,,,,,taylj105,value,,,0,2,,,,,,,,,,,,,,,,15,,,2,,,,0,0,,,,,,,,,,,,15,,0,,,,,,,,,,,,,,,,fostw101,hardp102,,,,,,,,,19370815,2,IND10,v,IN6,0,0,1,regular,,
IN6193708152,IN6,0,0,0,0,0,,,,,,,,,,,,,,,,,,,,,,,,,strot801,value,,,0,2,,,,,,,,,,,,,,,,15,,,2,,,,0,0,,,,,,,,,,,,15,,0,,,,,,,,,,,,,,,,haysc101,dunbv101,,,,strot101,,,,,19370815,2,IND10,h,CAG,0,0,1,regular,,
CAG193709150,KCM,,,,,,,,,,,,,,,,,,,,,,,,,,,,,,coopa101,value,,,6,,,,,,,,,,,,,,,,,27,,,,,,,3,,,,,,,,,,,,,27,,0,,0,,,,,,,,,,,,,,,,,,,,,,,,19370915,0,IND10,v,CAG,1,0,0,lcs,,
CAG193709150,CAG,,,,,,,,,,,,,,,,,,,,,,,,,,,,,,taylj105,value,,,3,,,,,,,,,,,,,,,,,27,,,,,,,6,,,,,,,,,,,,,27,,0,,0,,,,,,,,,,,,,,,,,,,,,,,,19370915,0,IND10,h,KCM,0,1,0,lcs,,
NNL193709200,NAL,0,0,0,0,0,0,0,0,0,,,,,,,,,,,,,,,,,,,,,taylj105,value,,,0,9,,,,0,,,,,,17,,,,,,24,,,7,,,,3,,,,,,,,1,,,,,24,,2,,0,,,,,,,,,,,,,,smith111,duncf102,,,,,,,,,19370920,0,IND10,v,NNL,0,1,0,allstar,,
NNL193709200,NNL,1,0,0,2,0,0,0,0,,,,,,,,,,,,,,,,,,,,,,harrv102,value,,,3,7,,,,,1,,,,,,,,,,,27,,,9,,,,0,0,,,17,,,,,,,,,27,,1,,0,,,,,,,,,,,,,,day-l101,gibsj101,,,,,,,,,19370920,0,IND10,h,NAL,1,0,0,allstar,,
HOM193805081,NY5,0,0,2,0,0,0,3,0,2,,,,,,,,,,,,,,,,,,,,,cannw101,value,,,7,14,,,,,,,,,,,,,,,,24,,,19,,,,16,,,,,,,,,,,,,24,,2,,,,,,,,,,,,,,,,hollb106,palmc101,,,,,,,,,19380508,1,IND10,v,HOM,0,1,0,exhibition,,
HOM193805081,HOM,0,2,0,0,1,6,0,7,,,,,,,,,,,,,,,,,,,,,,harrv102,value,,,16,19,,,,,,,,,,,,,,,,27,,,14,,,,7,7,,,,,,,,,,,,27,,0,,,,,,,,,,,,,,,,browr103,gibsj101,,,,,,,,,19380508,1,IND10,h,NY5,1,0,0,exhibition,,
HOM193805082,NY5,,,,,,,,,,,,,,,,,,,,,,,,,,,,,,cannw101,value,,,1,,,,,,,,,,,,,,,,,15,,,,,,,0,,,,,,,,,,,,,15,,,,,,,,,,,,,,,,,,stann101,,,,,,,,,,19380508,2,IND10,v,HOM,1,0,0,exhibition,,
HOM193805082,HOM,0,0,0,0,0,,,,,,,,,,,,,,,,,,,,,,,,,harrv102,value,,,0,,,,,,,,,,,,,,,,,15,,,,,,,1,,,,,,,,,,,,,15,,,,,,,,,,,,,,,,,,,,,,,,,,,,19380508,2,IND10,h,NY5,0,1,0,exhibition,,
HOM193806120,BLG,0,0,0,2,0,0,0,0,0,,,,,,,,,,,,,,,,,,,,10,scalg101,value,39,28,2,5,,,,,4,,0,7,,,,,,,,24,,37,12,,,,6,,1,,,0,,,3,,,,,24,,2,,,,,,,kimbh102,snowf101,hughs101,westj102,wrigb104,byrdb101,mackb102,walkh103,grifb102,grifb102,mackb102,westj102,hughs101,snowf101,walkh103,byrdb101,kimbh102,wrigb104,,19380612,0,IND10,v,HOM,0,1,0,regular,y,
HOM193806120,HOM,0,0,0,2,3,0,0,1,,,,,,,,,,,,,,,,,,,,,7,harrv102,value,37,33,6,12,,,,,3,,0,1,,,,,,,,27,,39,5,,,,2,,7,,,0,,,4,,,,,27,,2,,,,,,,benjj101,carlm101,harrv102,gibsj101,leonb101,willj110,johnj112,jackj104,hannl102,hannl102,gibsj101,leonb101,carlm101,johnj112,jackj104,harrv102,benjj101,willj110,,19380612,0,IND10,h,BLG,1,0,0,regular,y,
IN7193806191,JAX,1,0,0,0,0,0,0,0,0,,,,,,,,,,,,,,,,,,,,,mitca102,value,,,1,5,,,,,,,,,,,,,,,,24,,,9,,,,6,,,,,,,,,,,,,24,,1,,,,,,,,,,,,,,,,henrp101,,,,,,,,,,19380619,1,IND10,v,IN7,0,1,0,regular,,
IN7193806191,IN7,0,0,2,0,2,0,0,2,,,,,,,,,,,,,,,,,,,,,,mitcg101,value,,,6,9,,,,,,,,,,,,,,,,27,,,5,,,,1,,,,,,,,,,,,,27,,3,,,,,,,,,,,,,,,,calhl101,,,,,,,,,,19380619,1,IND10,h,JAX,1,0,0,regular,,
IN7193806192,JAX,,,,,,,,,,,,,,,,,,,,,,,,,,,,,,mitca102,value,,,7,,,,,,,,,,,,,,,,,21,,,,,,,7,,,,,,,,,,,,,21,,,,,,,,,,,,,,,,,,,,,,,,,,,,19380619,2,IND10,v,IN7,0,0,1,regular,,
IN7193806192,IN7,,,,,,,,,,,,,,,,,,,,,,,,,,,,,,mitcg101,value,,,7,,,,,,,,,,,,,,,,,21,,,,,,,7,,,,,,,,,,,,,21,,,,,,,,,,,,,,,,,,,,,,,,,,,,19380619,2,IND10,h,JAX,0,0,1,regular,,
IN7193807241,BIR,2,0,0,0,0,0,0,2,1,,,,,,,,,,,,,,,,,,,,,dismd101,value,,,5,8,1,,,,,,,,,,,,,,,27,,,8,,,,2,,,,,,,,,,,,,27,,2,,,,,,,,,,,,,,,,burtd101,,,,,,,,,,19380724,1,IND10,v,IN7,1,0,0,regular,,
IN7193807241,IN7,0,0,0,0,0,1,1,0,0,,,,,,,,,,,,,,,,,,,,,mitcg101,value,,,2,8,,,,,,,,,,,,,,,,27,,,8,1,,,5,,,,,,,,,,,,,27,,1,,,,,,,,,,,,,,,,deanr101,,,,,,,,,,19380724,1,IND10,h,BIR,0,1,0,regular,,
IN7193807242,BIR,0,1,4,0,0,0,,,,,,,,,,,,,,,,,,,,,,,,dismd101,value,,,5,6,,1,,,,,,,,,,,,,,18,,,5,,,,1,1,,,,,,,,,,,,18,,0,,,,,,,,,,,,,,,,blacc103,,,,,,,,,,19380724,2,IND10,v,IN7,1,0,0,regular,,
IN7193807242,IN7,0,0,0,0,1,0,,,,,,,,,,,,,,,,,,,,,,,,mitcg101,value,,,1,5,,,,,,,,,,,,,,,,18,,,6,,1,,5,,,,,,,,,,,,,18,,2,,,,,,,,,,,,,,,,browj116,,,,,,,,,,19380724,2,IND10,h,BIR,0,1,0,regular,,
HOM193807250,MEM,0,0,0,2,1,0,0,0,0,,,,,,,,,,,,,,,,,,,,6,radct101,value,36,32,3,13,0,1,0,3,3,0,0,1,0,0,0,2,3,0,0,24,0,42,10,0,0,0,7,6,7,0,0,0,0,0,1,0,1,0,0,24,0,3,0,0,0,0,1,0,davel102,hydec101,cartm101,robin101,rogen101,taylj106,browl107,radct101,wilsl102,wilsl102,browl107,taylj106,radct101,cartm101,robin101,hydec101,davel102,rogen101,,19380725,0,IND10,v,HOM,0,1,0,exhibition,y,d
HOM193807250,HOM,0,0,1,0,1,2,1,2,,,,,,,,,,,,,,,,,,,,,11,harrv102,value,42,34,7,10,0,0,0,7,1,0,0,7,0,0,1,0,0,0,1,27,0,36,13,0,1,0,3,3,1,0,0,0,0,0,3,0,0,2,0,27,6,2,3,0,0,0,0,2,benjj101,harrv102,speah101,gibsj101,leonb101,willj110,carlm101,jackj104,parkt101,parkt101,gibsj101,leonb101,carlm101,speah101,jackj104,harrv102,benjj101,willj110,,19380725,0,IND10,h,MEM,1,0,0,exhibition,y,d
BLG193808240,PTC,,,,,,,,,,,,,,,,,,,,,,,,,,,,,,charo101,value,,,3,,,,,,,,,,,,,,,,,24,,,,,,,4,,,,,,,,,,,,,24,,,,,,,,,,,,,,,,,,taylj108,,,,,,,,,,19380824,0,IND10,v,BLG,0,1,0,exhibition,,
BLG193808240,BLG,,,,,,,,,,,,,,,,,,,,,,,,,,,,,,scalg101,value,,,4,,,,,,,,,,,,,,,,,27,,,,,,,3,,,,,,,,,,,,,27,,,,,,,,,,,,,,,,,,grifb102,,,,,,,,,,19380824,0,IND10,h,PTC,1,0,0,exhibition,,
HOM193905071,NY5,,,,,,,,,,,,,,,,,,,,,,,,,,,,,,scalg101,value,,,2,,,,,,,,,,,,,,,,,24,,,,,,,5,,,,,,,,,,,,,24,,,,,,,,,,,,,,,,,,,,,,,,,,,,19390507,1,IND10,v,HOM,0,1,0,exhibition,,
HOM193905071,HOM,,,,,,,,,,,,,,,,,,,,,,,,,,,,,,harrv102,value,,,5,,,,,,,,,,,,,,,,,27,,,,,,,2,,,,,,,,,,,,,27,,,,,,,,,,,,,,,,,,,,,,,,,,,,19390507,1,IND10,h,NY5,1,0,0,exhibition,,
HOM193905072,NY5,,,,,,,,,,,,,,,,,,,,,,,,,,,,,,scalg101,value,,,1,,,,,,,,,,,,,,,,,18,,,,,,,8,,,,,,,,,,,,,18,,,,,,,,,,,,,,,,,,,,,,,,,,,,19390507,2,IND10,v,HOM,0,1,0,exhibition,,
HOM193905072,HOM,,,,,,,,,,,,,,,,,,,,,,,,,,,,,,harrv102,value,,,8,,,,,,,,,,,,,,,,,21,,,,,,,1,,,,,,,,,,,,,21,,,,,,,,,,,,,,,,,,,,,,,,,,,,19390507,2,IND10,h,NY5,1,0,0,exhibition,,
HOM193906120,BLG,,,,,,,4,,,,,,,,,,,,,,,,,,,,,,,snowf101,value,,,7,,,,,,,,,,,,,,,,,27,,,,,,,3,,,,11,,,,,,,,,27,,0,,0,,,,,,,,,,,,,,adame101,mackb102,,,,,,,,,19390612,0,IND10,v,HOM,1,0,0,regular,,
HOM193906120,HOM,,,,,,,,,,,,,,,,,,,,,,,,,,,,,,harrv102,value,,,3,,,,,,,,,,,11,,,,,,27,,,,,,,7,,,,,,,,,,,,,27,,0,,0,,,,,,,,,,,,,,ferrw102,gastr101,,,,,,,,,19390612,0,IND10,h,BLG,0,1,0,regular,,
BLG193907301,NY5,1,0,0,0,0,0,0,0,0,,,,,,,,,,,,,,,,,,,,,scalg101,value,,,1,7,,,,,,,,,,,,,,,,24,,,6,,,,2,,,,,,,,,,,,,24,,1,,0,,,,,,,,,,,,,,mcdut101,clarb107,,,,,,,,,19390730,1,IND10,v,BLG,0,1,0,regular,,
BLG193907301,BLG,0,0,0,0,0,0,0,2,,,,,,,,,,,,,,,,,,,,,,snowf101,value,,,2,6,,,,,,,,,,,,,,,,27,,,7,,,,1,,,,,,,,,,,,,27,,1,,0,,,,,,,,,,,,,,byrdb101,campr102,,,,,,,,,19390730,1,IND10,h,NY5,1,0,0,regular,,
BLG193907302,NY5,3,1,0,0,0,0,1,,,,,,,,,,,,,,,,,,,,,,,scalg101,value,,,5,10,,,,,,,,,,,,,,,,21,,,6,,,,2,,,,,,,,,,,,,21,,1,,0,,,,,,,,,,,,,,willr106,brooa101,,,,,,,,,19390730,2,IND10,v,BLG,1,0,0,regular,,
BLG193907302,BLG,0,0,0,0,0,0,2,,,,,,,,,,,,,,,,,,,,,,,snowf101,value,,,2,6,,,,,,,,,,,,,,,,21,,,10,,,,5,,,,,,,,,,,,,21,,1,,0,,,,,,,,,,,,,,adame101,campr102,,,,,,,,,19390730,2,IND10,h,NY5,0,1,0,regular,,
HOM193908061,NW2,2,0,0,1,0,1,1,0,1,,,,,,,,,,,,,,,,,,,,9,lundd103,value,42,37,6,10,2,0,0,,0,,0,5,,4,0,,,0,1,24,,40,14,2,0,1,9,,1,,3,1,0,0,0,,0,,0,24,11,0,0,0,0,0,0,,irvim101,seayd101,stone101,wilsf104,pearl102,mackb102,hayej104,cozah101,mannm101,mannm101,hayej104,pearl102,stone101,mackb102,seayd101,wilsf104,irvim101,cozah101,,19390806,1,IND10,v,HOM,0,1,0,exhibition,y,
HOM193908061,HOM,2,1,2,2,0,1,0,1,,,,,,,,,,,,,,,,,,,,,7,harrv102,value,40,38,9,14,2,0,1,,0,,1,1,,3,0,,,0,0,27,,42,10,2,0,0,6,,5,,4,0,0,0,0,,0,,0,27,13,0,0,0,0,0,0,,whatd101,banks101,harrv102,parkt101,speah101,davic106,gastr101,jackj104,ferrw102,ferrw102,gastr101,harrv102,banks101,speah101,jackj104,parkt101,davic106,whatd101,,19390806,1,IND10,h,NW2,1,0,0,exhibition,y,
HOM193908062,NW2,0,1,0,0,1,2,5,,,,,,,,,,,,,,,,,,,,,,,lundd103,value,,,9,9,,,,,,,,,,,,,,,,21,,,8,,,,5,,,,,,,,,,,,,21,,5,,0,,,,,,,,,,,,,,evanf101,hayej104,,,,,,,,,19390806,2,IND10,v,HOM,1,0,0,exhibition,,
HOM193908062,HOM,1,1,1,0,1,1,0,,,,,,,,,,,,,,,,,,,,,,,harrv102,value,,,5,8,,,,,,,,,,,,,,,,21,,,9,,,,9,,,,,,,,,,,,,21,,4,,0,,,,,,,,,,,,,,browr103,gastr101,,,,,,,,,19390806,2,IND10,h,NW2,0,1,0,exhibition,,
IN8194005260,CAG,2,0,0,0,0,0,0,0,0,,,,,,,,,,,,,,,,,,,,,reduw101,value,,,2,7,1,,,2,,1,,0,,,,,,,,24,,,13,,,,8,,,,,,,,,,,,,24,,2,,0,,,,,,,,,,,,,,hudsf101,smite112,,,,,,,,,19400526,0,IND10,v,IN8,0,1,0,regular,,
IN8194005260,IN8,2,1,0,2,1,0,2,0,,,,,,,,,,,,,,,,,,,,,,charo101,value,,,8,13,,,,3,,,,,,,,,,,,27,,,7,1,,,2,,0,,,,,,,1,,,,27,,1,,0,,,,,,,,,,,,,,wrigj105,bellh102,,,,,,,,,19400526,0,IND10,h,CAG,1,0,0,regular,,
IN8194006021,SNO,0,0,0,0,0,0,1,0,0,0,,,,,,,,,,,,,,,,,,,10,mitcg101,value,41,37,1,9,2,1,0,1,1,,0,3,,8,0,,,0,,29,,41,7,1,0,0,2,,3,,10,0,0,0,2,,1,,0,29,,3,1,0,0,0,1,,greel102,robib105,armob101,fordj101,maywe101,lylej102,bennb101,smitb114,smite111,smite111,smitb114,maywe101,fordj101,robib105,lylej102,bennb101,armob101,greel102,,19400602,1,IND10,v,IN8,0,1,0,regular,y,
IN8194006021,IN8,1,0,0,0,0,0,0,0,0,1,,,,,,,,,,,,,,,,,,,10,charo101,value,41,36,2,7,1,0,0,2,2,,0,3,,10,1,,,0,,30,,41,9,2,1,0,1,1,3,,8,0,0,0,1,,0,,0,30,,2,1,0,0,0,0,,wilsj107,bibbr101,clarb101,smitj112,hendc102,bellh102,turnl101,paynr101,carts102,carts102,bellh102,turnl101,bibbr101,hendc102,clarb101,smitj112,paynr101,wilsj107,,19400602,1,IND10,h,SNO,1,0,0,regular,y,
IN8194006022,SNO,0,0,0,0,0,1,,,,,,,,,,,,,,,,,,,,,,,0,mitcg101,value,19,17,1,0,0,0,0,1,0,,0,2,,7,2,,,0,,18,,20,1,0,0,0,0,0,1,,6,0,0,0,0,,0,,0,18,,1,0,0,0,0,0,,greel102,robib105,armob101,fordj101,maywe101,lylej102,bennb101,taylr102,mcalf101,mcalf101,taylr102,maywe101,fordj101,robib105,lylej102,bennb101,greel102,armob101,,19400602,2,IND10,v,IN8,1,0,0,regular,y,
IN8194006022,IN8,0,0,0,0,0,0,,,,,,,,,,,,,,,,,,,,,,,2,charo101,value,20,19,0,1,0,0,0,0,0,,0,1,,6,0,,,0,,18,,19,0,0,0,0,1,1,2,,7,0,0,0,0,,2,,0,18,,2,0,0,0,0,2,,wilsj107,bibbr101,clarb101,smitj112,hendc102,bellh102,turnl101,paynr101,wrigj105,wrigj105,bellh102,turnl101,bibbr101,hendc102,clarb101,smitj112,paynr101,wilsj107,,19400602,2,IND10,h,SNO,0,1,0,regular,y,
IN8194006270,KCM,0,0,1,0,2,0,0,1,0,,,,,,,,,,,,,,,,,,,,7,coopa101,value,38,35,4,10,3,1,0,,0,,0,3,,8,0,,,0,,24,,35,8,0,0,0,5,,5,0,11,0,0,0,0,0,5,,0,24,,0,0,0,0,0,5,,mcdab101,milth101,steat101,oneib801,decul101,soueh101,willj111,dougj102,bryaa101,bryaa101,decul101,oneib801,dougj102,soueh101,willj111,mcdab101,steat101,milth101,,19400627,0,IND10,v,IN8,0,1,0,regular,y,
IN8194006270,IN8,0,0,0,2,0,0,1,2,,,,,,,,,,,,,,,,,,,,,6,charo101,value,35,30,5,8,1,0,0,,0,0,0,5,0,11,5,,,0,,27,,38,10,3,1,0,4,,3,,8,0,0,0,0,,0,,0,27,,0,1,0,0,0,0,,wilsj107,smitj112,hendc102,bibbr101,spenw101,johnj117,turnl101,hallb110,johnc103,johnc103,spenw101,turnl101,bibbr101,hallb110,hendc102,smitj112,johnj117,wilsj107,,19400627,0,IND10,h,KCM,1,0,0,regular,y,
IN8194006280,KCM,0,0,1,0,2,0,0,1,0,,,,,,,,,,,,,,,,,,,,,coopa101,value,,,4,10,,,,,,,,,,,,,,,,24,,,8,1,,,5,,,,,,,,,,,,,24,,2,,0,,,,,,,,,,,,,,bryaa101,decul101,,,,,,,,,19400628,0,IND10,v,IN8,0,1,0,regular,,
IN8194006280,IN8,0,0,0,2,0,0,1,2,,,,,,,,,,,,,,,,,,,,,,charo101,value,,,5,8,1,,,,,,,,,,,,,,,27,,,10,,,,4,,,,,,,,,,,,,27,,1,,0,,,,,,,,,,,,,,johnc103,spenw101,,,,,,,,,19400628,0,IND10,h,KCM,1,0,0,regular,,
HOM194008090,NY6,0,0,0,0,1,0,1,0,0,,,,,,,,,,,,,,,,,,,,6,fernj101,value,35,30,2,8,1,0,0,,1,,0,4,,3,0,,,0,,24,,38,8,0,0,0,9,,7,,6,0,1,0,0,,0,,2,24,,0,0,0,2,1,0,,miraa101,martr105,carrc107,coimp101,cresa101,herer101,guilj101,fernj101,taylj108,taylj108,fernj101,guilj101,carrc107,herer101,martr105,cresa101,coimp101,miraa101,,19400809,0,IND10,v,HOM,0,1,0,regular,y,
HOM194008090,HOM,0,0,0,0,0,0,5,4,,,,,,,,,,,,,,,,,,,,,5,harrv102,value,38,31,9,8,0,0,0,,0,,0,7,,6,0,,,0,,27,,35,8,1,0,0,2,2,4,,3,0,0,0,1,,0,,1,27,,0,0,0,1,0,0,,whatd101,carlm101,benjj101,leonb101,easth104,browr103,gastr101,jackj104,walke103,walke103,gastr101,leonb101,easth104,easth104,jackj104,browr103,benjj101,whatd101,,19400809,0,IND10,h,NY6,1,0,0,regular,y,
HOM194009050,NY6,0,0,0,0,0,0,0,0,0,,,,,,,,,,,,,,,,,,,,,fernj101,value,,,0,4,,,,0,,,,,,,,,,,,24,,,10,,,,2,,,,,,,,,,,,,24,,4,,0,,,,,,,,,,,,,,ruizs101,fernj101,,,,,,,,,19400905,0,IND10,v,HOM,0,1,0,exhibition,,
HOM194009050,HOM,0,0,0,0,0,2,0,0,,,,,,,,,,,,,,,,,,,,,,harrv102,value,,,2,10,,,,,,,,,,,,,,,,27,,,4,,,,0,0,,,,,,,,,,,,27,,0,4,0,,,,,,,,,,,,,,walke103,britg103,,,,,,,,,19400905,0,IND10,h,NY6,1,0,0,exhibition,,
HOM194106120,NY6,0,0,2,0,0,2,0,2,0,,,,,,,,,,,,,,,,,,,,,fernj101,value,,,6,16,,,,,,,,,,,,,,,,27,,,8,,,,5,,,,,,,,,,,,,27,,1,,0,,,,,,,,,,,,,,andeb106,colac101,,,,,,,,,19410612,0,IND10,v,HOM,1,0,0,regular,,
HOM194106120,HOM,1,0,0,1,1,2,0,0,0,,,,,,,,,,,,,,,,,,,,,harrv102,value,,,5,8,,,,,,,,,,,,,,,,27,,,16,,,,6,,,,,,,,,,,,,27,,2,,0,,,,,,,,,,,,,,browr103,gastr101,,,,,,,,,19410612,0,IND10,h,NY6,0,1,0,regular,,
BLG194106190,NY5,0,0,0,3,0,0,0,0,1,,,,,,,,,,,,,,,,,,,,,burnt102,value,,,4,8,,,,,,,,1,,,,,,,,27,,,8,,,,2,,,,,,,,,,,,,27,,1,,0,,,,,,,,,,,,,,rectc101,hayej104,,,,,,,,,19410619,0,IND10,v,BLG,1,0,0,regular,,
BLG194106190,BLG,0,0,0,0,0,0,0,0,2,,,,,,,,,,,,,,,,,,,,,snowf101,value,,,2,8,,,,,,,,,,,,,,,,27,,,8,,,,4,,1,,,,,,,,,,,27,,2,,0,,,,,,,,,,,,,,adame101,clarb107,,,,,,,,,19410619,0,IND10,h,NY5,0,1,0,regular,,
CAG194106260,NY5,0,0,0,0,0,0,0,5,0,,,,,,,,,,,,,,,,,,,,3,burnt102,value,35,30,5,4,1,0,0,,1,0,0,4,0,0,1,,,0,,27,,38,13,0,0,0,3,,0,0,4,0,0,0,0,0,1,,0,27,,1,1,0,0,0,1,,kimbh102,seayd101,willh105,suttm101,barkm101,hayej104,coopa103,younn101,stann101,stann101,hayej104,suttm101,seayd101,younn101,coopa103,barkm101,kimbh102,willh105,,19410626,0,IND10,v,CAG,1,0,0,exhibition,y,
CAG194106260,CAG,0,0,1,1,0,0,0,0,1,,,,,,,,,,,,,,,,,,,,8,taylj105,value,38,38,3,13,2,1,0,,0,0,0,0,0,4,1,,,0,,27,,35,4,0,0,0,5,,4,0,0,0,0,0,1,0,1,,4,27,14,2,2,0,4,0,1,,jamet101,crutj101,penna101,youne102,hudsf101,hendc102,basst101,hornb101,cornw101,cornw101,basst101,youne102,hornb101,hendc102,jamet101,hudsf101,penna101,crutj101,,19410626,0,IND10,h,NY5,0,1,0,exhibition,y,
HOM194107170,NY6,0,0,0,0,0,0,1,0,0,,,,,,,,,,,,,,,,,,,,,fernj101,value,,,1,7,,,,,,,,,,,,,,,,24,,,13,,,,9,,,,,,,,,,,,,24,,5,,0,,,,,,,,,,,,,,andeb106,fernj101,,,,,,,,,19410717,0,IND10,v,HOM,0,1,0,regular,,
HOM194107170,HOM,4,0,0,0,1,4,0,0,,,,,,,,,,,,,,,,,,,,,,harrv102,value,,,9,13,,,,,,,,,,,,,,,,27,,,7,,,,1,,,,,,,,,,,,,27,,1,3,0,,,,,,,,,,,,,,browr103,gastr101,,,,,,,,,19410717,0,IND10,h,NY6,1,0,0,regular,,
HOM194107230,PH5,1,0,1,0,0,0,0,0,0,,,,,,,,,,,,,,,,,,,,,charo101,value,,,2,5,,,,,,,,,,,,,,,,24,,,10,,1,,5,,,,,,,,,,,,,24,,2,,0,,,,,,,,,,,,,,walke103,coopb101,,,,,,,,,19410723,0,IND10,v,HOM,0,1,0,regular,,
HOM194107230,HOM,0,0,0,2,0,0,3,0,,,,,,,,,,,,,,,,,,,,,,harrv102,value,,,5,10,,1,,2,,,,,,,,,,,,27,,,5,,,,2,,,,,,,,,,,,,27,,1,,0,,,,,,,,,,,,,,browr103,gastr101,,,,,,,,,19410723,0,IND10,h,PH5,1,0,0,regular,,
JAX194107280,KCM,0,0,0,3,0,1,0,1,0,,,,,,,,,,,,,,,,,,,,,allen102,value,,,5,9,,,,,,1,,,,,,,,,,24,,,7,,,,6,,,,,,,,,,,,,24,,1,,0,,,,,,,,,,,,,,smitf107,yount101,,,,,,,,,19410728,0,IND10,v,JAX,0,1,0,exhibition,,
JAX194107280,JAX,0,0,0,1,0,0,5,0,,,,,,,,,,,,,,,,,,,,,,mitca102,value,,,6,7,,,,,,,,,,,2,,,,,27,,,9,,,,5,,,,,,,,,1,,,,27,,5,,0,,,,,,,,,,,,,,ellis102,barnh102,,,,,,,,,19410728,0,IND10,h,KCM,1,0,0,exhibition,,
CAG194108190,KCM,0,0,1,0,0,1,0,0,0,,,,,,,,,,,,,,,,,,,,,allen102,value,,,2,11,,,,,,,,,,,,,,,,27,,,4,,,,0,0,,,,,,,,,,,,27,,1,,0,,,,,,,,,,,,,,johnc103,greej108,,,,,,,,,19410819,0,IND10,v,CAG,1,0,0,regular,,
CAG194108190,CAG,0,0,0,0,0,0,0,0,0,,,,,,,,,,,,,,,,,,,,,taylj105,value,,,0,4,,,,0,,,,,,,,,,,,27,,,2,,,,11,,,,,,,,,,,,,27,,0,,0,,,,,,,,,,,,,,cornw101,boono101,,,,,,,,,19410819,0,IND10,h,KCM,0,1,0,regular,,
HOM194108200,NW2,0,1,0,0,0,0,1,4,1,,,,,,,,,,,,,,,,,,,,,mackb102,value,,,7,10,,,,,,,,,,,,,,,,27,,,10,,,1,7,,,,,,,,,,,,,27,,2,,0,,,,,,,,,,,,,,mannm101,parkc101,,,,,,,,,19410820,0,IND10,v,HOM,1,0,0,regular,,
HOM194108200,HOM,2,0,0,0,1,0,0,0,0,,,,,,,,,,,,,,,,,,,,,harrv102,value,,,3,10,,,1,,,,,,,,,,,,,27,,,10,,,,3,,,,,,,,,,,,,27,,2,,0,,,,,,,,,,,,,,hamij104,,,,,,,,,,19410820,0,IND10,h,NW2,0,1,0,regular,,
HOM194206141,NW2,0,0,0,0,0,0,0,1,3,,,,,,,,,,,,,,,,,,,,7,wellw101,value,,,4,7,,,,,,,,,,4,,,,,,24,,,13,,,2,10,,,,2,,,,,,,,,24,,1,,0,,,,,,,,,,,,,,day-l101,parkc101,,,,,,,,,19420614,1,IND10,v,HOM,0,1,0,regular,,
HOM194206141,HOM,0,4,1,0,3,2,0,0,,,,,,,,,,,,,,,,,,,,,4,harrv102,value,,,10,13,,,2,,,,,,,2,,,,,,27,,,7,,,,4,,,,4,,,,,,,,,27,,2,,0,,,,,,,,,,,,,,browr103,gibsj101,,,,,,,,,19420614,1,IND10,h,NW2,1,0,0,regular,,
HOM194206142,NW2,0,0,0,0,0,0,0,,,,,,,,,,,,,,,,,,,,,,,wellw101,value,,,0,0,,,,,,,,,,6,,,,,,18,,,6,,1,1,9,,,,4,,,,,,,,,18,,2,,0,,,,,,,,,,,,,,mannm101,parkc101,,,,,,,,,19420614,2,IND10,v,HOM,0,1,0,regular,,
HOM194206142,HOM,0,0,0,0,7,2,,,,,,,,,,,,,,,,,,,,,,,,harrv102,value,,,9,6,,1,1,,,,,,,4,,,,,,21,,,0,,,,0,,,,6,,,,,,,,,21,,1,,0,,,,,,,,,,,,,,carts102,gibsj101,,,,,,,,,19420614,2,IND10,h,NW2,1,0,0,regular,,
CCB194207121,BIR,1,0,2,0,0,0,0,0,0,,,,,,,,,,,,,,,,,,,,,welcw101,value,,,3,5,,,,1,1,,,1,,3,,,,,,27,,,6,2,1,,1,,,,3,,,,,,,,,27,,3,,0,,,,,,,,,,,,,,markj101,hardp102,,,,,,,,,19420712,1,IND10,v,CCB,1,0,0,regular,,
CCB194207121,CCB,0,0,1,0,0,0,0,0,0,,,,,,,,,,,,,,,,,,,,,woodp104,value,,,1,6,2,1,,1,,,,,,3,,,1,,,27,,,5,,,,3,,1,,3,,,,1,,,,,27,,2,,0,,,,,,,,,,,,,,jeffw101,browj113,,,,,,,,,19420712,1,IND10,h,BIR,0,1,0,regular,,
CCB194207122,BIR,3,,,,,,,,,,,,,,,,,,,,,,,,,,,,,welcw101,value,,,6,5,,,,,,,,,,,,,,,,21,,,6,,,,2,,,,,,,,,,,,,21,,6,,0,,,,,,,,,,,,,,pipkd101,hardp102,,,,,,,,,19420712,2,IND10,v,CCB,1,0,0,regular,,
CCB194207122,CCB,,,,,,,,,,,,,,,,,,,,,,,,,,,,,,woodp104,value,,,2,6,,,,,,,,,,,,,,,,21,,,5,,,,6,,,,,,,,,,,,,21,,4,,0,,,,,,,,,,,,,,cornw101,browj113,,,,,,,,,19420712,2,IND10,h,BIR,0,1,0,regular,,
CCB194207150,HOM,0,0,1,1,0,0,0,2,0,0,0,3,,,,,,,,,,,,,,,,,7,harrv102,value,50,43,7,7,1,0,0,,0,,0,7,,,0,,,0,,36,,46,9,0,0,0,4,,6,0,,0,0,0,0,0,0,,0,36,,5,0,0,0,0,0,,whatd101,benjj101,easth104,gibsj101,wilsj106,banks101,partr102,carlm101,carts102,carts102,gibsj101,carts102,carlm101,easth104,banks101,partr102,benjj101,whatd101,,19420715,0,IND10,v,CCB,1,0,0,exhibition,y,
CCB194207150,CCB,1,0,0,1,0,1,1,0,0,0,0,0,,,,,,,,,,,,,,,,,6,woodp104,value,46,40,4,9,0,0,0,,0,0,0,6,0,,0,,,0,,36,,50,7,1,0,0,7,,7,,,0,0,0,0,,0,,0,36,,0,0,0,0,0,0,,lylej102,hornb101,woodp104,jeths101,clevd101,chrit101,warea101,taylr102,owens101,owens101,taylr102,warea101,hornb101,woodp104,lylej102,chrit101,jeths101,clevd101,,19420715,0,IND10,h,HOM,0,1,0,exhibition,y,
CI2194208050,BIR,0,0,3,0,0,1,0,0,0,,,,,,,,,,,,,,,,,,,,,welcw101,value,,,4,8,,,,,,,,,,,,,,,,24,,,8,,,,4,,,,,,,,,,,,,24,,3,,0,,,,,,,,,,,,,,ellis102,hardp102,,,,,,,,,19420805,0,IND10,v,CI2,0,1,0,exhibition,,
CI2194208050,CI2,0,3,0,1,1,0,1,0,,,,,,,,,,,,,,,,,,,,,,downb101,value,,,6,9,,,,,,,,,,,,,,,,27,,,9,,,,6,,,,,,,,,,,,,27,,2,,0,,,,,,,,,,,,,,smitg105,bassp101,,,,,,,,,19420805,0,IND10,h,BIR,1,0,0,exhibition,,
KCM194208310,CCB,0,0,0,0,0,1,0,0,5,,,,,,,,,,,,,,,,,,,,,woodp104,value,,,6,9,,,,,,,,,,,,,,,,24,,,7,,,,7,,,,,,,,,,,,,24,,2,,0,,,,,,,,,,,,,,watth101,browj113,,,,,,,,,19420831,0,IND10,v,KCM,0,1,0,regular,,
KCM194208310,KCM,1,1,0,0,2,0,0,2,1,,,,,,,,,,,,,,,,,,,,,duncf102,value,,,7,7,,,,,,,,,,,,,,,,27,,,9,,,,6,,,,,,,,,,,,,27,,2,,0,,,,,,,,,,,,,,paigs101,robif104,,,,,,,,,19420831,0,IND10,h,CCB,1,0,0,regular,,
CCB194209100,NY5,1,0,0,3,0,0,0,2,0,,,,,,,,,,,,,,,,,,,,,burnt102,value,,,6,8,,,,,,,,,,,,,,,,27,,,5,,,,3,,,,,,,,,,,,,27,,2,,0,,,,,,,,,,,,,,mcalf101,hayej104,,,,,,,,,19420910,0,IND10,v,CCB,1,0,0,exhibition,,
CCB194209100,CCB,1,0,0,0,1,0,1,0,0,,,,,,,,,,,,,,,,,,,,,woodp104,value,,,3,5,,,,,,,,,,,,,,,,27,,,8,,,,4,,,,,,,,,,,,,27,,4,,0,,,,,,,,,,,,,,walkr103,taylr102,,,,,,,,,19420910,0,IND10,h,NY5,0,1,0,exhibition,,
CCB194209110,NY5,0,0,0,1,0,1,0,0,4,,,,,,,,,,,,,,,,,,,,,burnt102,value,,,6,8,,,,,,,,,,,,,,,,24,,,15,,,,9,,,,,,,,,,,,,24,,3,,0,,,,,,,,,,,,,,grifb102,hayej104,,,,,,,,,19420911,0,IND10,v,CCB,0,1,0,exhibition,,
CCB194209110,CCB,2,4,0,0,0,0,0,3,,,,,,,,,,,,,,,,,,,,,,woodp104,value,,,9,15,,,,,,,,,,,,,,,,27,,,8,,,,6,,,,,,,,,,,,,27,,0,,0,,,,,,,,,,,,,,cornw101,britg103,,,,,,,,,19420911,0,IND10,h,NY5,1,0,0,exhibition,,
CCB194209160,NY6,2,1,0,1,4,2,0,0,0,,,,,,,,,,,,,,,,,,,,,fernj101,value,,,10,10,,,,,,,,,,,,,,,,27,,,9,,,,2,,,,,,,,,,,,,27,,2,,0,,,,,,,,,,,,,,morrb104,loudl101,,,,,,,,,19420916,0,IND10,v,CCB,1,0,0,exhibition,,
CCB194209160,CCB,0,0,0,0,0,0,0,1,1,,,,,,,,,,,,,,,,,,,,,woodp104,value,,,2,9,,,,,,,,,,,,,,,,27,,,10,,,,10,,,,,,,,,,,,,27,,3,,0,,,,,,,,,,,,,,cornw101,taylr102,,,,,,,,,19420916,0,IND10,h,NY6,0,1,0,exhibition,,
CI2194209170,KCM,0,0,0,0,1,0,0,5,3,,,,,,,,,,,,,,,,,,,,,duncf102,value,,,9,9,,1,,,,,,,,,,,,,,27,,,7,,,,4,,,,,,,,,,,,,27,,3,,0,,,,,,,,,,,,,,philn101,robif104,,,,,,,,,19420917,0,IND10,v,CI2,1,0,0,exhibition,,
CI2194209170,CI2,0,0,0,0,2,0,1,1,0,,,,,,,,,,,,,,,,,,,,,downb101,value,,,4,7,,,,,,,,,,,,,,,,27,,,9,,1,,9,,,,,,,,,,,,,27,,3,,0,,,,,,,,,,,,,,macou101,bassp101,,,,,,,,,19420917,0,IND10,h,KCM,0,1,0,exhibition,,
CI2194209201,BIR,0,0,0,0,0,0,0,1,0,,,,,,,,,,,,,,,,,,,,,welcw101,value,,,1,4,,,,,,,,,,,,,,,,24,,,7,,,,3,,,,,,,,,,,,,24,,3,,0,,,,,,,,,,,,,,sneae101,dawsj102,,,,,,,,,19420920,1,IND10,v,CI2,0,1,0,exhibition,,
CI2194209201,CI2,0,0,2,1,0,0,0,0,,,,,,,,,,,,,,,,,,,,,,downb101,value,,,3,7,,,,,,,,,,,,,,,,27,,,4,,,,1,,,,,,,,,,,,,27,,4,,0,,,,,,,,,,,,,,davip103,bassp101,,,,,,,,,19420920,1,IND10,h,BIR,1,0,0,exhibition,,
CI2194209202,BIR,1,0,1,1,0,1,,,,,,,,,,,,,,,,,,,,,,,,welcw101,value,,,4,10,,,,,,,,,,,,,,,,18,,,10,,,,7,,,,,,,,,,,,,18,,2,,0,,,,,,,,,,,,,,markj101,dawsj102,,,,,,,,,19420920,2,IND10,v,CI2,0,1,0,exhibition,,
CI2194209202,CI2,1,2,1,0,1,2,,,,,,,,,,,,,,,,,,,,,,,,downb101,value,,,7,10,,,,,,,,,,,,,,,,18,,,10,,,,4,,,,,,,,,,,,,18,,0,,0,,,,,,,,,,,,,,evanu102,chrit101,,,,,,,,,19420920,2,IND10,h,BIR,1,0,0,exhibition,,
HSL194305120,CVB,3,0,1,3,0,2,2,3,1,,,,,,,,,,,,,,,,,,,,,woodp104,value,,,15,11,,,1,,,,,,,,,,,,,27,,,6,,,,1,,,,,,,,,,,,,27,,2,,0,,,,,,,,,,,,,,jeffw101,taylr102,,,,,,,,,19430512,0,IND10,v,HSL,1,0,0,exhibition,,
HSL194305120,HSL,1,0,0,0,0,0,0,0,0,,,,,,,,,,,,,,,,,,,,,willh105,value,,,1,6,,,,,,,,,,,,,,,,27,,,11,,,1,15,,,,,,,,,,,,,27,,4,,0,,,,,,,,,,,,,,boonl102,grayc104,,,,,,,,,19430512,0,IND10,h,CVB,0,1,0,exhibition,,
CAG194306010,KCM,0,0,0,2,1,1,0,0,0,,,,,,,,,,,,,,,,,,,,,duncf102,value,,,4,9,,,,,,,,,,,,,,,,24,,,7,3,,,6,,,,,,,,,,,,,24,,1,,0,,,,,,,,,,,,,,alext101,hayns101,,,,,,,,,19430601,0,IND10,v,CAG,0,1,0,regular,,
CAG194306010,CAG,1,1,0,0,1,0,3,0,,,,,,,,,,,,,,,,,,,,,,radct101,value,,,6,7,3,,,3,,,,,,,,,,,,27,,,9,,,,4,,,,,,,,,,,,,27,,2,,0,,,,,,,,,,,,,,radca101,youne102,,,,,,,,,19430601,0,IND10,h,KCM,1,0,0,regular,,
CVB194306050,MEM,1,2,0,0,0,0,0,0,0,,,,,,,,,,,,,,,,,,,,,browl107,value,,,3,8,,,,,,,,,,,,,,,,24,,,9,,,,6,,,,,,,,,,,,,24,,1,,0,,,,,,,,,,,,,,sharp101,smitb114,,,,,,,,,19430605,0,IND10,v,CVB,0,1,0,regular,,
CVB194306050,CVB,2,0,1,0,0,0,0,3,,,,,,,,,,,,,,,,,,,,,,woodp104,value,,,6,9,,,,,,,,,,,,,,,,27,,,8,,,,3,,,,,,,,,,,,,27,,1,,0,,,,,,,,,,,,,,davis106,britg103,,,,,,,,,19430605,0,IND10,h,MEM,1,0,0,regular,,
CI2194306150,BIR,1,1,0,0,0,0,0,0,1,,,,,,,,,,,,,,,,,,,,,welcw101,value,,,3,8,,,,,,,,,,,,,,,,24,,,10,,1,,4,,,,,,,,,,,,,24,,2,,0,,,,,,,,,,,,,,newbj101,hardp102,,,,,,,,,19430615,0,IND10,v,CI2,0,1,0,regular,,
CI2194306150,CI2,0,0,0,0,1,3,0,0,,,,,,,,,,,,,,,,,,,,,,wilsf104,value,,,4,10,,1,,,,,,,,,,,,,,27,,,8,,,,3,,,,,,,,,,,,,27,,1,,0,,,,,,,,,,,,,,kingb103,haywb102,,,,,,,,,19430615,0,IND10,h,BIR,1,0,0,regular,,
CVB194306300,KCM,0,0,0,2,0,0,0,0,0,,,,,,,,,,,,,,,,,,,,,duncf102,value,,,2,6,,1,,,,,,,,,,,,,,24,,,6,1,1,,3,,,,,,1,,,,,,1,24,,2,,0,1,1,,,,,,,,,,,,philn101,barnh102,,,,,,,,,19430630,0,IND10,v,CVB,0,1,0,regular,,
CVB194306300,CVB,0,0,0,0,0,2,1,0,,,,,,,,,,,,,,,,,,,,,,woodp104,value,,,3,6,1,1,,1,,,,,,,,,,,,27,,,6,,1,,2,,,,,,,,,,,,,27,,1,,0,,,,,,,,,,,,,,smitt105,taylr102,,,,,,,,,19430630,0,IND10,h,KCM,1,0,0,regular,,
CI2194307041,CVB,1,0,0,1,0,1,0,0,0,,,,,,,,,,,,,,,,,,,,4,woodp104,value,34,32,3,5,0,1,1,2,0,0,0,2,0,2,3,1,0,0,1,27,0,33,3,0,0,0,2,0,2,0,3,0,0,0,0,0,1,0,0,27,11,2,0,0,0,0,1,0,hornb101,riddm101,jeths101,clevd101,chrit101,warea101,johnj111,taylr102,smitt105,smitt105,taylr102,warea101,riddm101,jeths101,hornb101,chrit101,clevd101,johnj111,,19430704,1,IND10,v,CI2,1,0,0,regular,y,d
CI2194307041,CI2,0,1,0,0,0,0,0,0,1,,,,,,,,,,,,,,,,,,,,4,wilsf104,value,33,31,2,3,0,0,0,2,0,0,0,2,0,3,1,0,0,0,1,27,0,34,5,0,1,1,3,3,2,0,2,0,0,0,0,0,3,1,0,27,9,1,0,0,0,0,3,1,britj104,mornl101,wilsf104,tatug101,sneas101,ray-j102,bassp101,smith113,pilll101,pilll101,bassp101,tatug101,smith113,britj104,mornl101,sneas101,ray-j102,wilsf104,,19430704,1,IND10,h,CVB,0,1,0,regular,y,d
CI2194307042,CVB,2,0,0,0,0,2,1,,,,,,,,,,,,,,,,,,,,,,,woodp104,value,,,5,7,,,,,,,,,,,,,,,,21,,,3,,1,,1,,,,,,,,,1,,,,21,,1,,0,,,,,,,,,,,,,,breme101,turnh101,,,,,,,,,19430704,2,IND10,v,CI2,1,0,0,regular,,
CI2194307042,CI2,0,0,0,0,0,1,0,,,,,,,,,,,,,,,,,,,,,,,wilsf104,value,,,1,3,,1,,1,,1,,,,,,,,,,21,,,7,,,,5,,,,,,,,,,,,,21,,2,,0,,,,,,,,,,,,,,henrp101,haywb102,,,,,,,,,19430704,2,IND10,h,CVB,0,1,0,regular,,
BIR194307200,NY6,1,0,1,0,0,0,1,0,2,0,0,2,,,,,,,,,,,,,,,,,,fernj101,value,,,7,14,,1,,,,,,,,,,,,,,36,,,9,,,,5,,,,,,,,,,,,,36,,3,,0,,,,,,,,,,,,,,tianl102,loudl101,,,,,,,,,19430720,0,IND10,v,BIR,1,0,0,exhibition,,
BIR194307200,BIR,0,3,0,0,0,0,0,2,0,0,0,0,,,,,,,,,,,,,,,,,,welcw101,value,,,5,9,,,,,,,,,,,,,,,,36,,,14,,1,,7,,,,,,,,,,,,,36,,7,,0,,,,,,,,,,,,,,markj101,hardp102,,,,,,,,,19430720,0,IND10,h,NY6,0,1,0,exhibition,,
CI2194307310,KCM,0,1,1,2,3,2,1,1,2,,,,,,,,,,,,,,,,,,,,,duncf102,value,,,13,17,,,,,,,,,,,,,,,,27,,,17,,,,13,,,,,,,,,,,,,27,,10,,0,,,,,,,,,,,,,,alext101,barnh102,,,,,,,,,19430731,0,IND10,v,CI2,0,0,1,regular,,
CI2194307310,CI2,0,0,1,0,6,0,0,2,4,,,,,,,,,,,,,,,,,,,,,wilsf104,value,,,13,17,,,,,,,,,,,,,,,,27,,,17,,,,13,,,,,,,,,,,,,27,,11,,0,,,,,,,,,,,,,,ferrw102,haywb102,,,,,,,,,19430731,0,IND10,h,KCM,0,0,1,regular,,
CAG194308180,BLG,2,2,0,2,1,6,0,0,0,,,,,,,,,,,,,,,,,,,,,scalg101,value,,,13,14,,,,,,,,,,,,,,,,24,,,17,,,,14,,,,,,,,,,,,,24,,4,,0,,,,,,,,,,,,,,barbb102,kimbh102,,,,,,,,,19430818,0,IND10,v,CAG,0,1,0,exhibition,,
CAG194308180,CAG,4,2,2,2,1,0,1,2,,,,,,,,,,,,,,,,,,,,,,radct101,value,,,14,17,,,,,,,,,,,,,,,,27,,,14,,,,13,,,,,,,,,,,,,27,,2,,0,,,,,,,,,,,,,,westo102,charb102,,,,,,,,,19430818,0,IND10,h,BLG,1,0,0,exhibition,,
HOM194308270,CVB,0,0,0,0,0,0,0,0,0,,,,,,,,,,,,,,,,,,,,,woodp104,value,,,0,2,,,0,0,,,,,,,,,,,,24,,,12,3,2,,13,,,,,,,,,,,,,24,,2,,0,,,,,,,,,,,,,,boona101,turnh101,,,,,,,,,19430827,0,IND10,v,HOM,0,1,0,exhibition,,
HOM194308270,HOM,2,0,0,4,5,2,0,0,,,,,,,,,,,,,,,,,,,,,,taylj105,value,,,13,12,3,2,,,,,,,,,,,,,,27,,,2,,,0,0,0,,,,,,,,,,,,27,,0,,0,,,,,,,,,,,,,,walke103,gibsj101,,,,,,,,,19430827,0,IND10,h,CVB,1,0,0,exhibition,,
KCM194309010,NY6,0,2,1,0,0,0,0,0,0,,,,,,,,,,,,,,,,,,,,,fernj101,value,,,3,7,2,,,2,,,,,,,,,,,,27,,,5,,1,,2,,1,,,,1,,,1,,,1,27,,1,,0,1,1,,,,,,,,,,,,hobgf101,loudl101,,,,,,,,,19430901,0,IND10,v,KCM,1,0,0,exhibition,,
KCM194309010,KCM,0,0,0,1,0,0,0,0,1,,,,,,,,,,,,,,,,,,,,,duncf102,value,,,2,5,,1,,2,,1,,1,,,,,,,,27,,,7,2,,,3,,,,,,,,,,,,,27,,1,,0,,,,,,,,,,,,,,paigs101,duncf102,,,,,,,,,19430901,0,IND10,h,NY6,0,1,0,exhibition,,
BIR194309290,HOM,0,0,0,1,2,0,5,0,0,,,,,,,,,,,,,,,,,,,,11,taylj105,value,46,39,8,8,0,0,0,6,0,0,0,7,0,6,3,0,0,0,4,27,0,36,8,0,0,0,0,0,3,0,4,0,0,0,0,0,1,1,0,27,9,1,1,0,0,0,1,1,bellj103,benjj101,leonb101,gibsj101,easth104,wilsj106,harrv102,wyatr101,wrigj105,wrigj105,gibsj101,leonb101,easth104,wilsj106,wyatr101,bellj103,benjj101,harrv102,,19430929,0,IND10,v,BIR,1,0,0,championship,y,d
BIR194309290,BIR,0,0,0,0,0,0,0,0,0,,,,,,,,,,,,,,,,,,,,9,welcw101,value,36,33,0,8,0,0,0,0,0,0,0,3,0,4,1,1,0,0,0,27,0,46,8,0,0,0,8,3,7,0,6,0,0,0,0,0,3,0,0,27,9,4,0,0,0,0,3,0,mclaf102,sampt101,speac103,lockl101,davip102,radct101,lindl102,walkh103,mckig101,mckig101,radct101,lindl102,sampt101,walkh103,davip102,lockl101,mclaf102,speac103,,19430929,0,IND10,h,HOM,0,1,0,championship,y,d
CVB194404301,BLG,0,0,0,0,0,4,5,0,1,,,,,,,,,,,,,,,,,,,,,snowf101,value,,,10,7,,,1,,,,,,,,,,,,,27,,,13,,,,6,,,,,,,,,,,,,27,,0,,0,,,,,,,,,,,,,,harvb101,campr102,,,,,,,,,19440430,1,IND10,v,CVB,1,0,0,exhibition,,
CVB194404301,CVB,0,1,1,0,0,2,2,0,0,,,,,,,,,,,,,,,,,,,,,woodp104,value,,,6,13,,,,,,,,,,,,,,,,27,,,7,,,1,10,,,,,,,,,,,,,27,,3,,0,,,,,,,,,,,,,,browj114,petws101,,,,,,,,,19440430,1,IND10,h,BLG,0,1,0,exhibition,,
CVB194404302,BLG,0,0,5,0,0,2,0,,,,,,,,,,,,,,,,,,,,,,,snowf101,value,,,7,7,,,,,,,,,,,,,,,,18,,,12,,,,8,,,,,,,,,,,,,18,,1,,0,,,,,,,,,,,,,,porta103,campr102,,,,,,,,,19440430,2,IND10,v,CVB,0,1,0,exhibition,,
CVB194404302,CVB,1,0,0,0,0,2,5,,,,,,,,,,,,,,,,,,,,,,,woodp104,value,,,8,12,,,,,,,,,,,,,,,,21,,,7,,,,7,,,,,,,,,,,,,21,,1,,0,,,,,,,,,,,,,,jeffg102,petws101,,,,,,,,,19440430,2,IND10,h,BLG,1,0,0,exhibition,,
CIA194405090,CVB,1,0,0,1,1,1,1,0,0,,,,,,,,,,,,,,,,,,,,,woodp104,value,,,5,12,,,,,,,,,,,,,,,,27,,,7,,,,3,,,,,,,,,,,,,27,,3,,0,,,,,,,,,,,,,,jeffg102,petws101,,,,,,,,,19440509,0,IND10,v,CIA,1,0,0,regular,,
CIA194405090,CIA,0,0,0,0,2,0,1,0,0,,,,,,,,,,,,,,,,,,,,,walkh103,value,,,3,7,,,,,,,,,,,,,,,,27,,,12,,,,5,,,,,,,,,,,,,27,,2,,0,,,,,,,,,,,,,,robes104,bassp101,,,,,,,,,19440509,0,IND10,h,CVB,0,1,0,regular,,
CIA194405100,CVB,0,1,0,2,0,1,0,0,0,,,,,,,,,,,,,,,,,,,,,woodp104,value,,,4,6,,,,,,,,,,,,,,,,24,,,7,,,,10,,,,,,,,,,,,,24,,5,,0,,,,,,,,,,,,,,bennj102,petws101,,,,,,,,,19440510,0,IND10,v,CIA,0,1,0,regular,,
CIA194405100,CIA,0,0,1,0,0,0,6,3,,,,,,,,,,,,,,,,,,,,,,walkh103,value,,,10,7,,,,,,,,,,,,,,,,27,,,6,,,,4,,,,,,,,,,,,,27,,2,,0,,,,,,,,,,,,,,davir103,bassp101,,,,,,,,,19440510,0,IND10,h,CVB,1,0,0,regular,,
CIA194405170,CAG,0,0,0,0,1,2,0,2,4,,,,,,,,,,,,,,,,,,,,,demob102,value,,,9,13,,,,,,,,,,,,,,,,27,,,9,,,,5,,,,,,,,,,,,,27,,9,,0,,,,,,,,,,,,,,suttl101,barnh102,,,,,,,,,19440517,0,IND10,v,CIA,1,0,0,regular,,
CIA194405170,CIA,1,0,0,0,2,1,1,0,0,,,,,,,,,,,,,,,,,,,,,walkh103,value,,,5,9,,,,,,,,,,,,,,,,27,,,13,,,,9,,,,,,,,,,,,,27,,4,,0,,,,,,,,,,,,,,bassp101,haywb102,,,,,,,,,19440517,0,IND10,h,CAG,0,1,0,regular,,
CIA194405301,MEM,2,1,0,0,2,0,1,,,,,,,,,,,,,,,,,,,,,,,joner104,value,,,6,14,,,1,,,,,,,,,,,,,21,,,8,,,,5,,,,,,,,,,,,,21,,1,,0,,,,,,,,,,,,,,mathv101,longr102,,,,,,,,,19440530,1,IND10,v,CIA,1,0,0,regular,,
CIA194405301,CIA,0,0,0,3,0,0,2,,,,,,,,,,,,,,,,,,,,,,,walkh103,value,,,5,8,,,,,,,,,,,,,,,,21,,,14,,,1,6,,,,,,,,,,,,,21,,4,,0,,,,,,,,,,,,,,lillj102,jeffh102,,,,,,,,,19440530,1,IND10,h,MEM,0,1,0,regular,,
CIA194405302,MEM,0,0,0,0,0,1,0,3,0,2,,,,,,,,,,,,,,,,,,,,joner104,value,,,6,8,,,,,,,,,,,,,,,,30,,,8,,,,4,,,,,,,,,,,,,30,,5,,0,,,,,,,,,,,,,,hendl102,longr102,,,,,,,,,19440530,2,IND10,v,CIA,1,0,0,regular,,
CIA194405302,CIA,2,0,0,0,0,1,0,1,0,0,,,,,,,,,,,,,,,,,,,,walkh103,value,,,4,8,,,,,,,,,,,,,,,,30,,,8,,,,6,,,,,,,,,,,,,30,,3,,0,,,,,,,,,,,,,,willj112,bassp101,,,,,,,,,19440530,2,IND10,h,MEM,0,1,0,regular,,
CIA194406041,CAG,0,0,0,0,0,0,0,2,1,,,,,,,,,,,,,,,,,,,,11,demob102,value,41,38,3,10,0,0,0,,0,,0,3,,9,1,,,0,,24,,40,13,0,2,1,7,,5,,2,0,2,0,0,,3,,2,24,,3,0,0,2,2,3,,crutj101,dougj102,minog101,bissj101,nelsc102,barnh102,bibbr101,feldb101,jonea103,jonea103,barnh102,nelsc102,feldb101,bibbr101,dougj102,bissj101,minog101,crutj101,,19440604,1,IND10,v,CIA,0,1,0,regular,y,
CIA194406041,CIA,0,0,3,1,1,0,2,0,x,,,,,,,,,,,,,,,,,,,,9,walkh103,value,40,35,7,13,0,2,1,,0,,0,5,,2,3,,,0,,27,,41,10,0,0,0,3,,3,,9,0,0,0,0,,1,,0,27,,4,0,0,0,0,1,,ray-j102,valdf101,xiqul101,radca101,cabrr101,walkh103,vazqa101,bassp101,davir103,davir103,bassp101,vazqa101,valdf101,radca101,walkh103,xiqul101,cabrr101,ray-j102,,19440604,1,IND10,h,CAG,1,0,0,regular,y,
CIA194406042,CAG,1,0,0,0,0,0,0,,,,,,,,,,,,,,,,,,,,,,,demob102,value,,,1,3,,,,,,,,,,,,,,,,18,,,6,1,,,3,,,,,,,,,,,,,18,,2,,0,,,,,,,,,,,,,,jessg101,smitb114,,,,,,,,,19440604,2,IND10,v,CIA,0,1,0,regular,,
CIA194406042,CIA,0,0,0,0,2,1,x,,,,,,,,,,,,,,,,,,,,,,,walkh103,value,,,3,6,1,,,2,,,,,,,,,,,,21,,,3,,,,1,,,,,,,,,,,,,21,,0,,0,,,,,,,,,,,,,,ruiza101,haywb102,,,,,,,,,19440604,2,IND10,h,CAG,1,0,0,regular,,
KCM194406070,NY6,0,0,0,1,0,0,2,0,0,,,,,,,,,,,,,,,,,,,,,fernj101,value,,,3,6,,,,,,,,,,10,,,,,,27,,,9,,,,2,,,,,,,,,,,,,27,,1,,0,,,,,,,,,,,,,,tianl102,brooa101,,,,,,,,,19440607,0,IND10,v,KCM,1,0,0,exhibition,,
KCM194406070,KCM,0,0,0,0,0,0,0,2,0,,,,,,,,,,,,,,,,,,,,,duncf102,value,,,2,9,,,,27,,,,,,,,,,,,27,,,6,,,,3,,,,10,,,,,,,,,27,,3,,0,,,,,,,,,,,,,,mcdab101,duncf102,,,,,,,,,19440607,0,IND10,h,NY6,0,1,0,exhibition,,
CIA194406150,BIR,0,1,0,2,2,1,0,0,0,,,,,,,,,,,,,,,,,,,,,welcw101,value,,,6,9,0,0,0,,,,,,,,,,,,,27,,,5,0,0,0,0,0,,,,,,,,,,,,27,,1,,0,,,,,,,,,,,,,,radct101,bassp101,,,,,,,,,19440615,0,IND10,v,CIA,1,0,0,regular,,
CIA194406150,CIA,0,0,0,0,0,0,0,0,0,,,,,,,,,,,,,,,,,,,,,walkh103,value,,,0,5,0,0,0,0,,,,,,,,,,,,27,,,9,0,0,0,6,,,,,,,,,,,,,27,,3,,0,,,,,,,,,,,,,,davir103,haywb102,,,,,,,,,19440615,0,IND10,h,BIR,0,1,0,regular,,
CVB194406240,CAG,0,0,0,3,0,0,0,0,0,,,,,,,,,,,,,,,,,,,,,davel102,value,,,3,10,,,,,,,,,,,,,,,,24,,,10,,,,5,,,,,,,,,,,,,24,,1,,0,,,,,,,,,,,,,,jonea103,barnh102,,,,,,,,,19440624,0,IND10,v,CVB,0,1,0,regular,,
CVB194406240,CVB,0,0,3,0,0,0,0,2,x,,,,,,,,,,,,,,,,,,,,,woodp104,value,,,5,10,,,,,,,,,,,,,,,,27,,,10,,,,3,,,,,,,,,,,,,27,,2,,0,,,,,,,,,,,,,,hardl104,britg103,,,,,,,,,19440624,0,IND10,h,CAG,1,0,0,regular,,
MEM194407060,BIR,0,0,0,0,0,1,0,0,1,,,,,,,,,,,,,,,,,,,,,welcw101,value,,,2,6,,,,,,,,,,,,,,,,24,,,13,,,,10,,,,,,,,,,,,,24,,4,,0,,,,,,,,,,,,,,sayla101,bassp101,,,,,,,,,19440706,0,IND10,v,MEM,0,1,0,regular,,
MEM194407060,MEM,1,0,3,0,1,1,0,4,x,,,,,,,,,,,,,,,,,,,,,joner104,value,,,10,13,,,,,,,,,,,,,,,,27,,,6,,,,2,,,,,,,,,,,,,27,,3,,0,,,,,,,,,,,,,,mossp101,longr102,,,,,,,,,19440706,0,IND10,h,BIR,1,0,0,regular,,
CIA194407141,MEM,0,0,0,0,1,0,0,,,,,,,,,,,,,,,,,,,,,,,joner104,value,,,1,7,,,,,,,,,,,,,,,,18,,,7,,,,4,,,,,,,,,,,,,18,,0,,0,,,,,,,,,,,,,,keyer101,browl107,,,,,,,,,19440714,1,IND10,v,CIA,0,1,0,regular,,
CIA194407141,CIA,0,2,2,0,0,0,,,,,,,,,,,,,,,,,,,,,,,,walkh103,value,,,4,7,,,,,,,,,,,,,,,,21,,,7,,,,1,,,,,,,,,,,,,21,,3,,0,,,,,,,,,,,,,,willj112,haywb102,,,,,,,,,19440714,1,IND10,h,MEM,1,0,0,regular,,
CIA194407142,MEM,2,0,0,0,0,0,1,0,0,,,,,,,,,,,,,,,,,,,,,joner104,value,,,3,10,,,,,,,,,,,,,,,,27,,,7,,,,2,,,,,,,,,,,,,27,,0,,0,,,,,,,,,,,,,,hutcw101,browl107,,,,,,,,,19440714,2,IND10,v,CIA,1,0,0,regular,,
CIA194407142,CIA,0,0,0,0,0,0,0,0,2,,,,,,,,,,,,,,,,,,,,,walkh103,value,,,2,7,,,,,,,,,,,,,,,,27,,,10,,,,3,2,,,,,,,,,,,,27,,0,,0,,,,,,,,,,,,,,davir103,haywb102,,,,,,,,,19440714,2,IND10,h,MEM,0,1,0,regular,,
CIA194407260,BIR,0,0,0,4,3,3,0,2,0,,,,,,,,,,,,,,,,,,,,,welcw101,value,,,12,16,,,,,,,,,,,,,,,,27,,,1,,,0,0,0,,,11,,,,,,,,,27,,0,,0,,,,,,,,,,,,,,sayla101,hubej101,,,,,,,,,19440726,0,IND10,v,CIA,1,0,0,regular,,
CIA194407260,CIA,0,0,0,0,0,0,0,0,0,,,,,,,,,,,,,,,,,,,,,walkh103,value,,,0,1,,,0,0,,,,,,11,,,,,,27,,,16,,,,12,,,,,,,,,,,,,27,,1,,0,,,,,,,,,,,,,,davir103,haywb102,,,,,,,,,19440726,0,IND10,h,BIR,0,1,0,regular,,
CIA194407301,CVB,0,3,0,1,0,0,0,0,0,0,0,0,1,,,,,,,,,,,,,,,,,woodp104,value,,,5,14,,,,,,,,,,,,,,,,39,,,13,,,,4,,,,,,,,,,,,,39,,5,,0,,,,,,,,,,,,,,jeffg102,burcw101,,,,,,,,,19440730,1,IND10,v,CIA,1,0,0,regular,,
CIA194407301,CIA,0,0,0,0,0,2,2,0,0,0,0,0,0,,,,,,,,,,,,,,,,,walkh103,value,,,4,13,,,,,,,,,,,,,,,,39,,,14,,,,5,5,,,,,,,,,,,,39,,0,,0,,,,,,,,,,,,,,willj112,haywb102,,,,,,,,,19440730,1,IND10,h,CVB,0,1,0,regular,,
CIA194407302,CVB,0,1,1,0,1,0,0,,,,,,,,,,,,,,,,,,,,,,,woodp104,value,,,3,7,,,,,,,,,,,,,,,,18,,,8,,,1,4,,,,,,,,,,,,,18,,2,,0,,,,,,,,,,,,,,breme101,burcw101,,,,,,,,,19440730,2,IND10,v,CIA,0,1,0,regular,,
CIA194407302,CIA,0,1,2,0,0,0,1,,,,,,,,,,,,,,,,,,,,,,,walkh103,value,,,4,8,,,1,,,,,,,,,,,,,21,,,7,,,,3,,,,,,,,,,,,,21,,1,,0,,,,,,,,,,,,,,ruiza101,hairs101,,,,,,,,,19440730,2,IND10,h,CVB,1,0,0,regular,,
CIA194408021,KCM,0,0,0,0,0,0,0,,,,,,,,,,,,,,,,,,,,,,,duncf102,value,,,0,4,,,0,0,,,,,,,,,,,,18,,,16,,,,14,,,,,,,,,,,,,18,,3,,0,,,,,,,,,,,,,,bumpe101,wingd102,,,,,,,,,19440802,1,IND10,v,CIA,0,1,0,regular,,
CIA194408021,CIA,4,1,2,3,3,1,,,,,,,,,,,,,,,,,,,,,,,,walkh103,value,,,14,16,,,,,,,,,,,,,,,,21,,,4,,,0,0,0,,,,,,,,,,,,21,,3,,0,,,,,,,,,,,,,,davir103,haywb102,,,,,,,,,19440802,1,IND10,h,KCM,1,0,0,regular,,
CIA194408022,KCM,1,0,0,1,4,0,0,,,,,,,,,,,,,,,,,,,,,,,duncf102,value,,,6,6,,,,,,,,,,,,,,,,21,,,5,,,0,0,0,,,,,,,,,,,,21,,0,,0,,,,,,,,,,,,,,matcj101,wingd102,,,,,,,,,19440802,2,IND10,v,CIA,1,0,0,regular,,
CIA194408022,CIA,0,0,0,0,0,0,0,,,,,,,,,,,,,,,,,,,,,,,walkh103,value,,,0,5,,,0,0,,,,,,,,,,,,21,,,6,,,,6,,,,,,,,,,,,,21,,1,,0,,,,,,,,,,,,,,ruiza101,haywb102,,,,,,,,,19440802,2,IND10,h,KCM,0,1,0,regular,,
CIA194408061,CVB,0,0,1,0,0,0,0,0,0,,,,,,,,,,,,,,,,,,,,,woodp104,value,,,1,13,,,,,,,,,,,,,,,,24,,,8,1,,,2,,,,,,,,,,,,,24,,1,,0,,,,,,,,,,,,,,jeffg102,burcw101,,,,,,,,,19440806,1,IND10,v,CIA,0,1,0,regular,,
CIA194408061,CIA,0,0,0,0,1,0,0,0,1,,,,,,,,,,,,,,,,,,,,,walkh103,value,,,2,8,1,,,,,,,,,,,,,,,27,,,13,,,,1,,,,,,,,,,,,,27,,1,,0,,,,,,,,,,,,,,medil101,haywb102,,,,,,,,,19440806,1,IND10,h,CVB,1,0,0,regular,,
CIA194408062,CVB,0,0,0,0,0,0,0,,,,,,,,,,,,,,,,,,,,,,,woodp104,value,,,0,6,,,,0,,,,,,,,,,,,18,,,3,1,,,1,0,1,1,1,,,,,,,,,18,,1,,0,,,,,,,,,,,,,,breme101,burcw101,,,,,,,,,19440806,2,IND10,v,CIA,0,1,0,regular,,
CIA194408062,CIA,0,0,0,0,0,1,x,,,,,,,,,,,,,,,,,,,,,,,walkh103,value,,,1,3,1,,,0,,,,1,1,1,,,,,,21,,,6,,,,0,0,,,,,,,,,,,,21,,1,,0,,,,,,,,,,,,,,davir103,haywb102,,,,,,,,,19440806,2,IND10,h,CVB,1,0,0,regular,,
KCM194408101,CAG,0,2,0,0,0,5,2,,,,,,,,,,,,,,,,,,,,,,,davel102,value,,,9,11,,,,,,,,,,,,,,,,21,,,6,,,,3,,,,,,,,,,,,,21,,0,,0,,,,,,,,,,,,,,jessg101,barnh102,,,,,,,,,19440810,1,IND10,v,KCM,1,0,0,regular,,
KCM194408101,KCM,1,1,0,0,0,0,1,,,,,,,,,,,,,,,,,,,,,,,duncf102,value,,,3,6,,,,,,,,,,,,,,,,21,,,11,,,,9,,,,,,,,,,,,,21,,2,,0,,,,,,,,,,,,,,mcdab101,wingd102,,,,,,,,,19440810,1,IND10,h,CAG,0,1,0,regular,,
KCM194408102,CAG,0,1,0,0,0,3,0,,,,,,,,,,,,,,,,,,,,,,,davel102,value,,,4,7,,,1,,,,,,,,,,,,,21,,,0,0,0,0,0,0,,,,,,,,,,,,21,,1,,0,,,,,,,,,,,,,,mckig101,barnh102,,,,,,,,,19440810,2,IND10,v,KCM,1,0,0,regular,,
KCM194408102,KCM,0,0,0,0,0,0,0,,,,,,,,,,,,,,,,,,,,,,,duncf102,value,,,0,0,0,0,0,0,,,,,,,,,,,,21,,,7,,,1,4,,,,,,,,,,,,,21,,1,,0,,,,,,,,,,,,,,paigs101,hayns101,,,,,,,,,19440810,2,IND10,h,CAG,0,1,0,regular,,
CIA194408190,MEM,0,0,0,0,0,2,0,0,0,,,,,,,,,,,,,,,,,,,,,joner104,value,,,2,7,,,,,,,,,,,,,,,,24,,,11,,,,4,,,,,,,,,,,,,24,,2,,0,,,,,,,,,,,,,,sharp101,jonec108,,,,,,,,,19440819,0,IND10,v,CIA,0,1,0,regular,,
CIA194408190,CIA,0,0,2,0,2,0,0,0,x,,,,,,,,,,,,,,,,,,,,,walkh103,value,,,4,11,,,,,,,,,,,,,,,,27,,,7,,,,2,,,,,,,,,,,,,27,,1,,0,,,,,,,,,,,,,,ruiza101,hairs101,,,,,,,,,19440819,0,IND10,h,MEM,1,0,0,regular,,
CIA194408260,MEM,1,0,0,0,0,0,0,0,1,0,,,,,,,,,,,,,,,,,,,,joner104,value,,,2,6,,,,,,,,,,11,,,,,,27,,,7,,2,,3,3,,,,,,,,,,,,27,,1,,0,,,,,,,,,,,,,,jonea103,jonec108,,,,,,,,,19440826,0,IND10,v,CIA,0,1,0,regular,,
CIA194408260,CIA,0,0,0,0,0,0,0,1,1,1,,,,,,,,,,,,,,,,,,,,walkh103,value,,,3,7,,2,,2,,,,,,,,,,,,30,,,6,,,,2,,,,11,,,,,,,,,30,,2,,0,,,,,,,,,,,,,,medil101,hairs101,,,,,,,,,19440826,0,IND10,h,MEM,1,0,0,regular,,
CIA194409041,BIR,2,0,0,0,0,1,0,,,,,,,,,,,,,,,,,,,,,,,welcw101,value,,,3,6,,,,,,,,,,,,,,,,18,,,11,,1,,7,,,,,,,,,,,,,18,,2,,0,,,,,,,,,,,,,,markj101,,,,,,,,,,19440904,1,IND10,v,CIA,0,1,0,regular,,
CIA194409041,CIA,0,4,0,0,3,0,x,,,,,,,,,,,,,,,,,,,,,,,walkh103,value,,,7,11,,1,,4,,,,,,,,,,,,21,,,6,,,,3,,,,,,,,,,,,,21,,0,,0,,,,,,,,,,,,,,willj112,haywb102,,,,,,,,,19440904,1,IND10,h,BIR,1,0,0,regular,,
CIA194409042,BIR,,,,,,,,,,,,,,,,,,,,,,,,,,,,,,welcw101,value,,,4,,,,,,,,,,,,,,,,,27,,,,,,,3,,,,,,,,,,,,,27,,,,0,,,,,,,,,,,,,,boona101,,,,,,,,,,19440904,2,IND10,v,CIA,1,0,0,regular,,
CIA194409042,CIA,,,,,,,,,,,,,,,,,,,,,,,,,,,,,,walkh103,value,,,3,,,,,,,,,,,,,,,,,27,,,,,,,4,,,,,,,,,,,,,27,,,,0,,,,,,,,,,,,,,davir103,,,,,,,,,,19440904,2,IND10,h,BIR,0,1,0,regular,,
BIR194409071,NY6,0,0,0,2,0,0,0,,,,,,,,,,,,,,,,,,,,,,,fernj101,value,,,2,2,,,,,,,,,,,,,,,,18,,,15,,,,12,,,,,,,,,,,,,18,,5,,0,,,,,,,,,,,,,,howac102,loudl101,,,,,,,,,19440907,1,IND10,v,BIR,0,1,0,exhibition,,
BIR194409071,BIR,0,0,0,3,5,4,x,,,,,,,,,,,,,,,,,,,,,,,welcw101,value,,,12,15,,,,,,,,,,,,,,,,21,,,2,,,,2,,,,,,,,,,,,,21,,1,,0,,,,,,,,,,,,,,sayla101,hubej101,,,,,,,,,19440907,1,IND10,h,NY6,1,0,0,exhibition,,
CIA194409072,NY6,2,1,1,0,0,0,0,,,,,,,,,,,,,,,,,,,,,,,fernj101,value,,,4,8,,,,,,,,,,,,,,,,21,,,6,,,,2,,,,,,,,,,,,,21,,1,,0,,,,,,,,,,,,,,greev101,loudl101,,,,,,,,,19440907,2,IND10,v,CIA,1,0,0,exhibition,,
CIA194409072,CIA,0,0,0,0,2,0,0,,,,,,,,,,,,,,,,,,,,,,,walkh103,value,,,2,6,,,,,,,,,,,,,,,,21,,,8,,,,4,,,,,,,,,,,,,21,,3,,0,,,,,,,,,,,,,,ruiza101,haywb102,,,,,,,,,19440907,2,IND10,h,NY6,0,1,0,exhibition,,
CAG194409161,MEM,0,1,0,4,0,0,1,,,,,,,,,,,,,,,,,,,,,,,joner104,value,,,6,8,,,,,,,,,,,,,,,,18,,,8,,1,,10,,,,,,,,,,,,,18,,5,,0,,,,,,,,,,,,,,hutcw101,browl107,,,,,,,,,19440916,1,IND10,v,CAG,0,1,0,exhibition,,
CAG194409161,CAG,3,0,3,0,2,2,x,,,,,,,,,,,,,,,,,,,,,,,bissj101,value,,,10,8,,1,,,,,,,,,,,,,,21,,,8,,,,6,,,,,,,,,,,,,21,,3,,0,,,,,,,,,,,,,,smitj112,smitb114,,,,,,,,,19440916,1,IND10,h,MEM,1,0,0,exhibition,,
CAG194409162,MEM,0,0,0,1,0,6,0,,,,,,,,,,,,,,,,,,,,,,,joner104,value,,,7,10,,,,,,,,,,,,,,,,21,,,5,,,,0,0,,,7,,,,,,,,,21,,0,,0,,,,,,,,,,,,,,mathv101,browl107,,,,,,,,,19440916,2,IND10,v,CAG,1,0,0,exhibition,,
CAG194409162,CAG,0,0,0,0,0,0,0,,,,,,,,,,,,,,,,,,,,,,,bissj101,value,,,0,5,,,,0,,,,,,7,,,,,,21,,,10,,,,7,,,,,,,,,,,,,21,,1,,0,,,,,,,,,,,,,,thomu104,barnh102,,,,,,,,,19440916,2,IND10,h,MEM,0,1,0,exhibition,,
CAG194505132,CVB,0,0,0,0,9,,,,,,,,,,,,,,,,,,,,,,,,,trouq101,value,,,14,1,,,1,,,,,,,,,,,,,27,,,,,,,2,,,,,,,,,,,,,27,,0,,0,,,,,,,,,,,,,,jeffg102,trouq101,,,,,,,,,19450513,2,IND10,v,CAG,1,0,0,regular,,
CAG194505132,CAG,,,,,,,,,,,,,,,,,,,,,,,,,,,,,,taylj105,value,,,2,,,,,,,,,,,,,,,,,27,,,1,,,1,14,,,,,,,,,,,,,27,,0,,0,,,,,,,,,,,,,,mccow102,barnh102,,,,,,,,,19450513,2,IND10,h,CVB,0,1,0,regular,,
CIA194505190,MEM,,,,,,,,,,,,,,,,,,,,,,,,,,,,,,browl107,value,,,2,8,,,,,,,,,,,,,,,,24,,,6,1,,,5,,,,,,,,,,,,,24,,3,,0,,,,,,,,,,,,,,chate101,jonec108,,,,,,,,,19450519,0,IND10,v,CIA,0,1,0,regular,,
CIA194505190,CIA,,,,,,,,,,,,,,,,,,,,,,,,,,,,,,walkh103,value,,,5,6,1,,,,,,,,,,,,,,,27,,,8,,,,2,,,,,,,,,,,,,27,,1,,0,,,,,,,,,,,,,,watsa102,hairs101,,,,,,,,,19450519,0,IND10,h,MEM,1,0,0,regular,,
MEM194505201,BIR,2,0,0,0,0,0,1,0,0,,,,,,,,,,,,,,,,,,,,,welcw101,value,,,3,9,,,,,,,,,,,,,,,,27,,,7,,,,2,,,,,,,,,,,,,27,,3,,0,,,,,,,,,,,,,,bumpe101,bellh102,,,,,,,,,19450520,1,IND10,v,MEM,1,0,0,regular,,
MEM194505201,MEM,0,0,0,0,0,0,2,0,0,,,,,,,,,,,,,,,,,,,,,browl107,value,,,2,7,,,,,,,,,,,,,,,,27,,,9,,,,3,,,,,,,,,,,,,27,,2,,0,,,,,,,,,,,,,,mathv101,jonec108,,,,,,,,,19450520,1,IND10,h,BIR,0,1,0,regular,,
MEM194505202,BIR,2,0,0,1,3,2,0,,,,,,,,,,,,,,,,,,,,,,,welcw101,value,,,8,10,1,,1,,,,,,,,,,,,,21,,,7,,,,6,,,,,,,,,,,,,21,,0,,0,,,,,,,,,,,,,,gipsa101,bellh102,,,,,,,,,19450520,2,IND10,v,MEM,1,0,0,regular,,
MEM194505202,MEM,0,1,3,0,0,0,2,,,,,,,,,,,,,,,,,,,,,,,browl107,value,,,6,7,,,,,,,,,,,,,,,,21,,,10,1,,1,8,,,,,,,,,,,,,21,,2,,0,,,,,,,,,,,,,,jonea103,jonec108,,,,,,,,,19450520,2,IND10,h,BIR,0,1,0,regular,,
CIA194505230,KCM,0,0,0,0,0,0,1,1,0,,,,,,,,,,,,,,,,,,,,,duncf102,value,,,2,7,,2,,1,1,,,,,,,,,,,27,,,5,,,,1,,,,,,,,,,,,,27,,3,,0,,,,,,,,,,,,,,wylis101,hayns101,,,,,,,,,19450523,0,IND10,v,CIA,1,0,0,regular,,
CIA194505230,CIA,0,0,0,0,0,1,0,0,0,,,,,,,,,,,,,,,,,,,,,walkh103,value,,,1,5,,,,1,,,,,,,,,,,,27,,,7,,2,,2,,,,,,,,1,,,,,27,,1,,0,,,,,,,,,,,,,,davir103,haywb102,,,,,,,,,19450523,0,IND10,h,KCM,0,1,0,regular,,
CAG194505240,KCM,0,0,0,0,3,1,3,0,1,,,,,,,,,,,,,,,,,,,,,duncf102,value,,,8,10,,,,,,,,,,,,,,,,27,,,6,,,,5,,,,,,,,,,,,,27,,2,,0,,,,,,,,,,,,,,mcdab101,hayns101,,,,,,,,,19450524,0,IND10,v,CAG,1,0,0,regular,,
CAG194505240,CAG,0,2,0,2,0,0,0,1,0,,,,,,,,,,,,,,,,,,,,,taylj105,value,,,5,6,,,,,,,,,,,,,,,,27,,,10,,,,8,,,,,,,,,,,,,27,,5,,0,,,,,,,,,,,,,,cornw101,barnh102,,,,,,,,,19450524,0,IND10,h,KCM,0,1,0,regular,,
NY6194506180,BIR,,,,,,,,,,,,,,,,,,,,,,,,,,,,,,welcw101,value,,,1,,,,,,,,,,,9,,,,,,24,,,1,,1,,14,,,,,,,,,,,,,24,,0,,0,,,,,,,,,,,,,,,,,,,,,,,,19450618,0,IND10,v,NY6,0,1,0,exhibition,,
NY6194506180,NY6,,,,,,,,,,,,,,,,,,,,,,,,,,,,,,fernj101,value,,,14,1,,1,,,,,,,,,,,,,,27,,,,,,,1,,,,9,,,,,,,,,27,,0,,0,,,,,,,,,,,,,,barnd101,,,,,,,,,,19450618,0,IND10,h,BIR,1,0,0,exhibition,,
CIA194506210,CVB,0,0,1,0,0,0,0,2,0,,,,,,,,,,,,,,,,,,,,,trouq101,value,,,3,7,,,,,,,,1,,,,,,,,27,,,7,,,,2,,,,,,,,,,,,,27,,1,,0,,,,,,,,,,,,,,jeffg102,trouq101,,,,,,,,,19450621,0,IND10,v,CIA,1,0,0,regular,,
CIA194506210,CIA,0,1,0,0,0,0,0,1,0,,,,,,,,,,,,,,,,,,,,,walkh103,value,,,2,7,,,,,,,,,,,,,,,,27,,,7,,,,3,,1,,,,,,,,,,,27,,3,,0,,,,,,,,,,,,,,medil101,hairs101,,,,,,,,,19450621,0,IND10,h,CVB,0,1,0,regular,,
CIA194506241,MEM,0,0,2,0,1,0,0,0,0,0,,,,,,,,,,,,,,,,,,,,browl107,value,,,3,11,,,,,,,,,,,,,,,,27,,,11,,,,4,,,,,,,,1,,,,,27,,3,,0,,,,,,,,,,,,,,chate101,jonec108,,,,,,,,,19450624,1,IND10,v,CIA,0,1,0,regular,,
CIA194506241,CIA,2,0,0,0,0,0,0,0,1,1,,,,,,,,,,,,,,,,,,,,walkh103,value,,,4,11,,,,2,1,,,,,,,,,,,30,,,11,,,,3,,,,,,,,,,,,,30,,0,,0,,,,,,,,,,,,,,medil101,haywb102,,,,,,,,,19450624,1,IND10,h,MEM,1,0,0,regular,,
CIA194506242,MEM,0,0,0,0,0,0,0,,,,,,,,,,,,,,,,,,,,,,,browl107,value,,,0,6,,,,0,,,,,,,,,,,,18,,,9,,,,6,,,,,,,,,,,,,18,,2,,0,,,,,,,,,,,,,,jonea103,longr102,,,,,,,,,19450624,2,IND10,v,CIA,0,1,0,regular,,
CIA194506242,CIA,0,0,0,3,3,0,x,,,,,,,,,,,,,,,,,,,,,,,walkh103,value,,,6,9,,,,,,,,,,,,,,,,21,,,6,,,,0,0,,,,,,,,,,,,21,,0,,0,,,,,,,,,,,,,,garca101,hairs101,,,,,,,,,19450624,2,IND10,h,MEM,1,0,0,regular,,
CVB194506280,KCM,0,0,0,0,0,0,0,0,0,,,,,,,,,,,,,,,,,,,,,duncf102,value,,,0,7,,,0,0,,,,,,,,,,,,24,,,16,,,,11,,,,,,,,,,,,,24,,5,,0,,,,,,,,,,,,,,wylis101,radct101,,,,,,,,,19450628,0,IND10,v,CVB,0,1,0,regular,,
CVB194506280,CVB,1,1,0,3,0,0,1,5,x,,,,,,,,,,,,,,,,,,,,,trouq101,value,,,11,16,,,,,,,,,,,,,,,,27,,,7,,,0,0,0,,,,,,,,,,,,27,,0,,0,,,,,,,,,,,,,,carsf102,trouq101,,,,,,,,,19450628,0,IND10,h,KCM,1,0,0,regular,,
CIA194507041,CAG,0,0,0,2,0,0,0,,,,,,,,,,,,,,,,,,,,,,,taylj105,value,,,2,7,,,,,,,,,,,,,,,,20,,,5,,,,3,,,,,,,,,,,,,20,,4,,0,,,,,,,,,,,,,,mccow102,duket102,,,,,,,,,19450704,1,IND10,v,CIA,0,1,0,regular,,
CIA194507041,CIA,0,1,0,0,0,0,2,,,,,,,,,,,,,,,,,,,,,,,walkh103,value,,,3,5,,,,2,,,,,,,,,,,,21,,,7,,,,2,,,,,,,,,,,,,21,,0,,0,,,,,,,,,,,,,,medil101,hairs101,,,,,,,,,19450704,1,IND10,h,CAG,1,0,0,regular,,
CIA194507042,CAG,4,0,1,1,0,2,2,,,,,,,,,,,,,,,,,,,,,,,taylj105,value,,,10,15,,,,,,,,,,,,,,,,21,,,7,,,,2,,,,,,,,,,,,,21,,0,,0,,,,,,,,,,,,,,jessg101,duket102,,,,,,,,,19450704,2,IND10,v,CIA,1,0,0,regular,,
CIA194507042,CIA,1,0,0,0,0,1,0,,,,,,,,,,,,,,,,,,,,,,,walkh103,value,,,2,7,,,,,,,,,,,,,,,,21,,,15,,,,10,,,,,,,,,,,,,21,,4,,0,,,,,,,,,,,,,,washf101,haywb102,,,,,,,,,19450704,2,IND10,h,CAG,0,1,0,regular,,
CVB194507070,NY6,3,0,0,4,2,0,1,0,0,,,,,,,,,,,,,,,,,,,,,fernj101,value,,,10,16,,,,,,,,,,,,,,,,27,,,7,,,,5,,,,,,,,,,,,,27,,3,,0,,,,,,,,,,,,,,andeb106,loudl101,,,,,,,,,19450707,0,IND10,v,CVB,1,0,0,exhibition,,
CVB194507070,CVB,3,0,0,0,2,0,0,0,0,,,,,,,,,,,,,,,,,,,,,trouq101,value,,,5,7,,,,,,,,,,,,,,,,27,,,16,,,,10,,,,,,,,,,,,,27,,4,,0,,,,,,,,,,,,,,breme101,jeths101,,,,,,,,,19450707,0,IND10,h,NY6,0,1,0,exhibition,,
CVB194507081,NY6,4,0,0,0,0,0,0,0,2,0,1,,,,,,,,,,,,,,,,,,,fernj101,value,,,7,10,,,1,,,,,,,,,,,,,32,,,18,,,1,8,,,,,,,,,,,,,32,,0,,0,,,,,,,,,,,,,,tianl102,loudl101,,,,,,,,,19450708,1,IND10,v,CVB,0,1,0,exhibition,,
CVB194507081,CVB,1,0,0,0,2,0,0,3,0,0,2,,,,,,,,,,,,,,,,,,,trouq101,value,,,8,18,,,1,,,,,,,,,,,,,33,,,10,,,1,7,,,,,,,,,,,,,33,,2,,0,,,,,,,,,,,,,,jeffg102,ashbe101,,,,,,,,,19450708,1,IND10,h,NY6,1,0,0,exhibition,,
CVB194507082,NY6,0,0,1,1,0,0,0,,,,,,,,,,,,,,,,,,,,,,,fernj101,value,,,2,7,,,,,,,,,,,,,,,,18,,,8,,,,5,,,,,,,,,,,,,18,,0,,0,,,,,,,,,,,,,,scanp101,noblr101,,,,,,,,,19450708,2,IND10,v,CVB,0,1,0,exhibition,,
CVB194507082,CVB,1,1,0,0,3,0,,,,,,,,,,,,,,,,,,,,,,,,trouq101,value,,,5,8,,,,,,,,,,,,,,,,21,,,7,,,,2,,,,,,,,,,,,,21,,0,,0,,,,,,,,,,,,,,jeffw101,ashbe101,,,,,,,,,19450708,2,IND10,h,NY6,1,0,0,exhibition,,
KCM194507100,BIR,0,0,0,3,0,1,0,0,0,,,,,,,,,,,,,,,,,,,,,welcw101,value,,,4,12,,,,,,,,,,,,,,,,24,,,7,,,,5,,,,,,,,,,,,,24,,7,,0,,,,,,,,,,,,,,boona101,bellh102,,,,,,,,,19450710,0,IND10,v,KCM,0,1,0,regular,,
KCM194507100,KCM,0,1,0,0,2,0,2,0,x,,,,,,,,,,,,,,,,,,,,,duncf102,value,,,5,7,,,,,,,,,,,,,,,,27,,,12,,,,4,,,,,,,,,,,,,27,,3,,0,,,,,,,,,,,,,,smith111,radct101,,,,,,,,,19450710,0,IND10,h,BIR,1,0,0,regular,,
BIR194507132,MEM,2,0,1,0,2,0,0,2,0,,,,,,,,,,,,,,,,,,,,,browl107,value,,,7,11,,,,,,,,,,,,,,,,24,,,15,,,,14,,,,,,,,,,,,0,24,,3,,0,0,,,,,,,,,,,,,jonea103,jonec108,,,,,,,,,19450713,2,IND10,v,BIR,0,1,0,exhibition,,
BIR194507132,BIR,2,1,1,0,5,2,3,0,x,,,,,,,,,,,,,,,,,,,,,welcw101,value,,,14,15,,,,,,,,,,,,,,,,27,,,11,,,,7,,,,,,,,,,,,0,27,,5,,0,0,,,,,,,,,,,,,bassp101,bellh102,,,,,,,,,19450713,2,IND10,h,MEM,1,0,0,exhibition,,
NW2194507260,NY5,0,0,0,0,0,2,0,0,0,,,,,,,,,,,,,,,,,,,,,wellw101,value,,,2,4,,,,,,,,,,,,,,,,27,,,5,,,,1,,,,,,,,,,,,,27,,0,,0,,,,,,,,,,,,,,johnj110,chrit101,,,,,,,,,19450726,0,IND10,v,NW2,1,0,0,regular,,
NW2194507260,NW2,0,0,0,0,0,0,0,1,0,,,,,,,,,,,,,,,,,,,,,mackb102,value,,,1,5,,,,,,,,,,,,,,,,27,,,4,,,,2,,,,,,,,,,,,,27,,1,,0,,,,,,,,,,,,,,peacw101,wynnw101,,,,,,,,,19450726,0,IND10,h,NY5,0,1,0,regular,,
CIA194508110,NY6,0,0,2,1,0,5,2,0,0,,,,,,,,,,,,,,,,,,,,,fernj101,value,,,10,13,,,,,,,,,,,,,,,,27,,,13,,,,4,,,,,,,,,,,,,27,,1,,0,,,,,,,,,,,,,,scanp101,noblr101,,,,,,,,,19450811,0,IND10,v,CIA,1,0,0,exhibition,,
CIA194508110,CIA,0,0,0,0,0,2,0,2,0,,,,,,,,,,,,,,,,,,,,,walkh103,value,,,4,13,,,,,,,,,,,,,,,,27,,,13,,,,10,,,,,,,,,,,,,27,,3,,0,,,,,,,,,,,,,,medil101,haywb102,,,,,,,,,19450811,0,IND10,h,NY6,0,1,0,exhibition,,
CIA194508180,KCM,0,1,0,0,0,1,0,0,1,,,,,,,,,,,,,,,,,,,,,duncf102,value,,,3,7,,,,,,,,,,,,,,,,27,,,5,,,,1,,,,,,,,,,,,,27,,1,,0,,,,,,,,,,,,,,mcdab101,renfc101,,,,,,,,,19450818,0,IND10,v,CIA,1,0,0,regular,,
CIA194508180,CIA,0,0,0,0,0,0,0,1,0,,,,,,,,,,,,,,,,,,,,,walkh103,value,,,1,5,,,,,,,,,,,,,,,,27,,,7,,,,3,,,,,,,,,,,,,27,,2,,0,,,,,,,,,,,,,,willj112,haywb102,,,,,,,,,19450818,0,IND10,h,KCM,0,1,0,regular,,
CIA194508261,BIR,0,1,0,0,0,0,0,3,0,,,,,,,,,,,,,,,,,,,,,welcw101,value,,,4,5,,,,,,,,,,,,,,,,25,,,12,,,,5,,,,,,,,,,,,,25,,3,,0,,,,,,,,,,,,,,markj101,bassp101,,,,,,,,,19450826,1,IND10,v,CIA,0,1,0,regular,,
CIA194508261,CIA,0,0,0,1,1,2,0,0,1,,,,,,,,,,,,,,,,,,,,,walkh103,value,,,5,12,,,,,,,,,,,,,,,,27,,,5,,,,4,,,,,,,,,,,,,27,,2,,0,,,,,,,,,,,,,,willj112,hairs101,,,,,,,barbl101,,19450826,1,IND10,h,BIR,1,0,0,regular,,
CIA194508262,BIR,1,0,1,2,0,0,0,,,,,,,,,,,,,,,,,,,,,,,welcw101,value,,,4,6,,,,,,,,,,,,,,,,21,,,7,,,,0,0,,,,,,,,,,,,21,,1,,0,,,,,,,,,,,,,,thomf110,bellh102,,,,,,,,,19450826,2,IND10,v,CIA,1,0,0,regular,,
CIA194508262,CIA,0,0,0,0,0,0,0,,,,,,,,,,,,,,,,,,,,,,,walkh103,value,,,0,7,,,,,,,,,,,,,,,,21,,,6,,,,4,,,,,,,,,,,,,21,,2,,0,,,,,,,,,,,,,,watsa102,hairs101,,,,,,,,,19450826,2,IND10,h,BIR,0,1,0,regular,,
CIA194508290,BIR,1,2,2,0,0,3,0,0,0,,,,,,,,,,,,,,,,,,,,,welcw101,value,,,8,11,,,,,,,,,,,,,,,,24,,,14,,,,11,,,,,,,,,,,,,24,,2,,0,,,,,,,,,,,,,,boona101,bellh102,,,,,,,,,19450829,0,IND10,v,CIA,0,1,0,regular,,
CIA194508290,CIA,0,0,0,1,0,3,0,7,,,,,,,,,,,,,,,,,,,,,,walkh103,value,,,11,14,,,,,,,,,,,,,,,,27,,,11,,,,8,,,,,,,,,,,,,27,,4,,0,,,,,,,,,,,,,,bennj102,hairs101,,,,,,,,,19450829,0,IND10,h,BIR,1,0,0,regular,,
MEM194509090,NY5,0,1,0,0,0,0,0,0,2,,,,,,,,,,,,,,,,,,,,,barkm101,value,,,3,7,,,1,,,,,,,,,,,,,24,,,9,,,,8,,,,,,,,,,,,,24,,4,,0,,,,,,,,,,,,,,forrp101,chrit101,,,,,,,,,19450909,0,IND10,v,MEM,0,1,0,exhibition,,
MEM194509090,MEM,0,1,3,1,0,0,1,2,x,,,,,,,,,,,,,,,,,,,,,browl107,value,,,8,9,,,,,,,,,,,,,,,,27,,,7,,,1,3,,,,,,,,,,,,,27,,2,,0,,,,,,,,,,,,,,mathv101,jonec108,,,,,,,,,19450909,0,IND10,h,NY5,1,0,0,exhibition,,
CIA194509161,KCM,1,0,1,0,0,0,0,0,0,,,,,,,,,,,,,,,,,,,,,duncf102,value,,,2,8,,,,,,,,,,,,,,,,24,,,8,,,,3,3,,,,,,,,,,,,24,,0,,0,,,,,,,,,,,,,,mcdab101,hayns101,,,,,,,,,19450916,1,IND10,v,CIA,0,1,0,exhibition,,
CIA194509161,CIA,3,0,0,0,0,0,0,0,,,,,,,,,,,,,,,,,,,,,,walkh103,value,,,3,8,,,,,,,,,,,,,,,,27,,,8,,,,2,,,,,,,,,,,,,27,,1,,0,,,,,,,,,,,,,,medil101,hairs101,,,,,,,,,19450916,1,IND10,h,KCM,1,0,0,exhibition,,
CIA194509162,KCM,0,0,0,0,0,0,0,,,,,,,,,,,,,,,,,,,,,,,duncf102,value,,,0,7,,,0,0,,,,,,,,,,,,18,,,7,,,,2,,,,,,,,,,,,,18,,1,,0,,,,,,,,,,,,,,smith111,hayns101,,,,,,,,,19450916,2,IND10,v,CIA,0,1,0,exhibition,,
CIA194509162,CIA,0,0,0,0,2,0,,,,,,,,,,,,,,,,,,,,,,,,walkh103,value,,,2,7,,,,,,,,,,,,,,,,21,,,7,,,0,0,0,,,,,,,,,,,,21,,1,,0,,,,,,,,,,,,,,garca101,haywb102,,,,,,,,,19450916,2,IND10,h,KCM,1,0,0,exhibition,,
IN9194605193,CVB,0,0,0,0,0,0,0,0,0,,,,,,,,,,,,,,,,,,,,,trouq101,value,,,0,2,,,,0,,,,,,7,,,,,,27,,,6,,,,3,,,,,,,,,,,,,27,,4,,0,,,,,,,,,,,,,,carsf102,harrt102,,,,,,,,,19460519,3,IND10,v,IN9,0,1,0,regular,,
IN9194605193,IN9,0,0,0,0,1,1,1,0,0,,,,,,,,,,,,,,,,,,,,,walkh103,value,,,3,6,,,,,,,,,,,,,,,,27,,,2,,,,0,0,,,7,,,,,,,,,27,,0,,0,,,,,,,,,,,,,,garca101,hairs101,,,,,,,,,19460519,3,IND10,h,CVB,1,0,0,regular,,
CCR194605290,KCM,1,0,0,2,0,2,0,1,1,2,0,0,,,,,,,,,,,,,,,,,,duncf102,value,,,9,15,,,,,,,,,,,,,,,,33,,,13,,,,10,,,,,,,,,,,,,33,,2,,0,,,,,,,,,,,,,,bryaa101,taboe101,,,,,,,,,19460529,0,IND10,v,CCR,0,1,0,exhibition,,
CCR194605290,CCR,0,0,1,0,2,2,2,0,0,2,0,1,,,,,,,,,,,,,,,,,,welcw101,value,,,10,13,,,,,,,,,,,,,,,,36,,,15,,,,9,,,,,,,,,,,,,36,,6,,0,,,,,,,,,,,,,,brooj103,hundj101,,,,,,,,,19460529,0,IND10,h,KCM,1,0,0,exhibition,,
IN9194605301,KCM,2,1,3,1,0,0,0,,,,,,,,,,,,,,,,,,,,,,,duncf102,value,,,7,13,,,,,,,,,,,,,,,,21,,,5,,,,4,,,,,,,,,,,,,21,,0,,0,,,,,,,,,,,,,,johnc103,greej108,,,,,,,,,19460530,1,IND10,v,IN9,1,0,0,regular,,
IN9194605301,IN9,0,0,4,0,0,0,0,,,,,,,,,,,,,,,,,,,,,,,walkh103,value,,,4,5,,,,,,,,,,,,,,,,21,,,13,,,,7,,,,,,,,,,,,,21,,4,,0,,,,,,,,,,,,,,garca101,haywb102,,,,,,,,,19460530,1,IND10,h,KCM,0,1,0,regular,,
IN9194605302,KCM,0,0,2,0,0,0,2,1,0,,,,,,,,,,,,,,,,,,,,,duncf102,value,,,5,9,,,,,,,,,,,,,,,,27,,,7,,,,4,,,,,,,,,,,,,27,,4,,0,,,,,,,,,,,,,,smitf107,greej108,,,,,,,,,19460530,2,IND10,v,IN9,1,0,0,regular,,
IN9194605302,IN9,0,0,0,1,0,0,0,1,2,,,,,,,,,,,,,,,,,,,,,walkh103,value,,,4,7,,,,,,,,,,,,,,,,27,,,9,,,,5,,,,,,,,,,,,,27,,3,,0,,,,,,,,,,,,,,davip103,hairs101,,,,,,,,,19460530,2,IND10,h,KCM,0,1,0,regular,,
IN9194606050,BIR,0,0,0,0,0,2,0,0,4,,,,,,,,,,,,,,,,,,,,,sampt101,value,,,6,7,,,,,,,,,,,,,,,,27,,,6,,,,2,,,,,,,,,,,,,27,,0,,0,,,,,,,,,,,,,,polln102,bassp101,,,,,,,,,19460605,0,IND10,v,IN9,1,0,0,regular,,
IN9194606050,IN9,0,0,0,0,1,0,0,1,0,,,,,,,,,,,,,,,,,,,,,walkh103,value,,,2,6,,,,,,,,,,,,,,,,27,,,7,,,,6,,,,,,,,,,,,,27,,4,,0,,,,,,,,,,,,,,merch101,haywb102,,,,,,,,,19460605,0,IND10,h,BIR,0,1,0,regular,,
IN9194606080,CAG,0,0,1,0,0,0,0,0,1,,,,,,,,,,,,,,,,,,,,,taylj105,value,,,2,6,,,,,,,,,,,,,,,,24,,,13,,,,16,,,,,,,,,,,,,24,,8,,0,,,,,,,,,,,,,,duncf103,barnh102,,,,,,,,,19460608,0,IND10,v,IN9,0,1,0,regular,,
IN9194606080,IN9,2,3,1,1,5,0,3,1,x,,,,,,,,,,,,,,,,,,,,,walkh103,value,,,16,13,,,,,,,,,,,,,,,,27,,,6,,,,2,,,,,,,,,,,,,27,,0,,0,,,,,,,,,,,,,,colzj101,hairs101,,,,,,,,,19460608,0,IND10,h,CAG,1,0,0,regular,,
IN9194606230,KCM,0,1,0,1,0,0,0,0,0,,,,,,,,,,,,,,,,,,,,,duncf102,value,,,2,6,,,,,,,,,,,,,,,,24,,,10,,,,4,,,,,,,,,,,,,24,,1,,0,,,,,,,,,,,,,,alext101,greej108,,,,,,,,,19460623,0,IND10,v,IN9,0,1,0,regular,,
IN9194606230,IN9,0,0,0,0,0,2,2,0,x,,,,,,,,,,,,,,,,,,,,,walkh103,value,,,4,10,,,,,,,,,,,,,,,,27,,,6,,,,2,,,,,,,,,,,,,27,,2,,0,,,,,,,,,,,,,,willj112,haywb102,,,,,,,,,19460623,0,IND10,h,KCM,1,0,0,regular,,
IN9194606301,CAG,0,0,0,8,0,0,1,0,0,,,,,,,,,,,,,,,,,,,,,taylj105,value,,,9,13,,,,,,,,,,,,,,,,27,,,6,,,,2,,,,,,,,,,,,,27,,2,,0,,,,,,,,,,,,,,mccow102,barnh102,,,,,,,,,19460630,1,IND10,v,IN9,1,0,0,regular,,
IN9194606301,IN9,0,1,0,0,1,0,0,0,0,,,,,,,,,,,,,,,,,,,,,walkh103,value,,,2,6,,,,,,,,,,,,,,,,27,,,13,,,,9,,,,,,,,,,,,,27,,5,,0,,,,,,,,,,,,,,davip103,haywb102,,,,,,,,,19460630,1,IND10,h,CAG,0,1,0,regular,,
IN9194606302,CAG,1,1,0,0,3,0,0,,,,,,,,,,,,,,,,,,,,,,,taylj105,value,,,5,10,,,,,,,,,,,,,,,,21,,,9,,,,1,,,,,,,,,,,,,21,,2,,0,,,,,,,,,,,,,,howar101,charb102,,,,,,,,,19460630,2,IND10,v,IN9,1,0,0,regular,,
IN9194606302,IN9,0,1,0,0,0,0,0,,,,,,,,,,,,,,,,,,,,,,,walkh103,value,,,1,9,,,,,,,,,,,,,,,,21,,,10,,,,5,,,,,,,,,,,,,21,,2,,0,,,,,,,,,,,,,,colzj101,haywb102,,,,,,,,,19460630,2,IND10,h,CAG,0,1,0,regular,,
IN9194607031,MEM,0,0,0,0,0,0,0,0,0,,,,,,,,,,,,,,,,,,,,,taylj106,value,,,0,4,,,,0,,,,,,,,,,,,18,,,2,,,1,2,,,,,,,,,,,,,18,,1,,0,,,,,,,,,,,,,,stewr101,jonec108,,,,,,,,,19460703,1,IND10,v,IN9,0,1,0,regular,,
IN9194607031,IN9,0,0,0,2,0,0,0,0,x,,,,,,,,,,,,,,,,,,,,,walkh103,value,,,2,2,,,1,2,,,,,,,,,,,,21,,,4,,,,0,,,,,,,,,,,,,21,,1,,0,,,,,,,,,,,,,,watsa102,hairs101,,,,,,,,,19460703,1,IND10,h,MEM,1,0,0,regular,,
IN9194607032,MEM,0,0,0,0,0,0,2,1,0,,,,,,,,,,,,,,,,,,,,,taylj106,value,,,3,5,,,,,,,,,,,,,,,,27,,,4,,,0,0,0,,,16,,,,,,,,,27,,0,,0,,,,,,,,,,,,,,bankd101,longr102,,,,,,,,,19460703,2,IND10,v,IN9,1,0,0,regular,,
IN9194607032,IN9,0,0,0,0,0,0,0,0,0,,,,,,,,,,,,,,,,,,,,,walkh103,value,,,0,4,,,0,0,,,,,,16,,,,,,27,,,5,,,,3,,,,,,,,,,,,,27,,1,,0,,,,,,,,,,,,,,garca101,haywb102,,,,,,,,,19460703,2,IND10,h,MEM,0,1,0,regular,,
IN9194607060,CCR,0,0,1,0,0,0,2,0,0,,,,,,,,,,,,,,,,,,,,,welcw101,value,,,3,9,,,,,,,,,,,,,,,,24,,,6,1,,,5,,,,,1,,,,1,,,0,24,,4,,0,0,,,,,,,,,,,,,alexg103,hundj101,,,,,,,,,19460706,0,IND10,v,IN9,0,1,0,exhibition,,
IN9194607060,IN9,0,2,0,0,0,0,3,0,x,,,,,,,,,,,,,,,,,,,,,walkh103,value,,,5,6,1,,,3,,1,1,,,,,,,,,27,,,9,,,,3,,,,,,,,,,,,0,27,,2,,0,0,,,,,,,,,,,,,colzj101,haywb102,,,,,,,,,19460706,0,IND10,h,CCR,1,0,0,exhibition,,
IN9194607110,HOM,3,3,1,0,1,0,0,2,0,,,,,,,,,,,,,,,,,,,,,harrv102,value,,,10,17,,3,,,,,,,,,,,,,,27,,,10,,,,4,,,,,,,,,,,,,27,,2,,0,,,,,,,,,,,,,,thurb101,napie101,,,,,,,,,19460711,0,IND10,v,IN9,0,0,1,exhibition,,
IN9194607110,IN9,0,0,0,0,0,0,0,2,2,,,,,,,,,,,,,,,,,,,,,walkh103,value,,,4,10,,,,,,,,,,,,,,,,27,,,17,,3,,10,,,,,,,,,,,,,27,,2,,0,,,,,,,,,,,,,,garca101,hairs101,,,,,,,,,19460711,0,IND10,h,HOM,0,0,1,exhibition,,
IN9194607130,CVB,0,0,0,1,0,0,0,0,2,,,,,,,,,,,,,,,,,,,,,trouq101,value,,,3,2,,,,,,,,,,,,,,,,24,,,9,,1,,4,,,,,,,,,,,,,24,,1,,0,,,,,,,,,,,,,,clarw103,trouq101,,,,,,,,,19460713,0,IND10,v,IN9,0,1,0,regular,,
IN9194607130,IN9,1,0,0,0,0,1,0,2,x,,,,,,,,,,,,,,,,,,,,,walkh103,value,,,4,9,,1,,2,,,,,,,,,,,,27,,,2,,,,3,,,,,,,,,,,,,27,,4,,0,,,,,,,,,,,,,,garca101,hairs101,,,,,,,,,19460713,0,IND10,h,CVB,1,0,0,regular,,
IN9194607141,CVB,2,1,0,1,2,0,0,0,0,,,,,,,,,,,,,,,,,,,,,trouq101,value,,,6,14,,,2,,,,,,,,,,,,,27,,,9,,,,1,,,,,,,,,,,,,27,,0,,0,,,,,,,,,,,,,,bracd101,trouq101,,,,,,,,,19460714,1,IND10,v,IN9,1,0,0,regular,,
IN9194607141,IN9,0,0,0,0,0,1,0,0,0,,,,,,,,,,,,,,,,,,,,,walkh103,value,,,1,9,,,,,,,,,,,,,,,,27,,,14,,,2,6,,,,,,,,,,,,,27,,4,,0,,,,,,,,,,,,,,willj112,hairs101,,,,,,,,,19460714,1,IND10,h,CVB,0,1,0,regular,,
IN9194607142,CVB,1,0,2,0,0,0,0,,,,,,,,,,,,,,,,,,,,,,,trouq101,value,,,3,10,,,,,,,,,,,,,,,,18,,,8,,,,6,,,,,,,,,,,,,18,,1,,0,,,,,,,,,,,,,,brewc102,harrt102,,,,,,,,,19460714,2,IND10,v,IN9,0,1,0,regular,,
IN9194607142,IN9,4,0,1,0,1,0,x,,,,,,,,,,,,,,,,,,,,,,,walkh103,value,,,6,8,,,,,,,,,,,,,,,,21,,,10,,,,3,,,,,,,,,,,,,21,,0,,0,,,,,,,,,,,,,,davip103,haywb102,,,,,,,,,19460714,2,IND10,h,CVB,1,0,0,regular,,
IN9194607270,KCM,0,2,0,7,3,0,2,2,0,,,,,,,,,,,,,,,,,,,,,duncf102,value,,,16,15,,2,,,,,,,,,,,,,,27,,,7,,,,3,,,,,,,,,,,,,27,,0,,0,,,,,,,,,,,,,,smitf107,greej108,,,,,,,,,19460727,0,IND10,v,IN9,1,0,0,regular,,
IN9194607270,IN9,0,1,0,0,0,0,0,2,0,,,,,,,,,,,,,,,,,,,,,walkh103,value,,,3,7,,,,,,,,,,,,,,,,27,,,15,,2,,16,,,,,,,,,,,,,27,,5,,0,,,,,,,,,,,,,,henrp101,hairs101,,,,,,,,,19460727,0,IND10,h,KCM,0,1,0,regular,,
IN9194607300,CAG,0,2,0,1,0,1,0,0,1,,,,,,,,,,,,,,,,,,,,,taylj105,value,,,5,12,,,1,,,,,,,,,,,,,24,,,15,,1,1,14,,,,,,,,,,,,,24,,4,,0,,,,,,,,,,,,,,howar101,tolbj101,,,,,,,,,19460730,0,IND10,v,IN9,0,1,0,regular,,
IN9194607300,IN9,4,0,0,3,3,0,4,0,x,,,,,,,,,,,,,,,,,,,,,walkh103,value,,,14,15,,1,1,,,,,,,,,,,,,27,,,12,,,1,5,,,,,,,,,,,,,27,,0,,0,,,,,,,,,,,,,,colzj101,hairs101,,,,,,,,,19460730,0,IND10,h,CAG,1,0,0,regular,,
IN9194607310,CAG,0,2,0,1,0,1,0,0,1,,,,,,,,,,,,,,,,,,,,,taylj105,value,,,5,12,,,1,,,,,,,,,,,,,24,,,15,,1,1,14,,,,,,,,,,,,,24,,4,,0,,,,,,,,,,,,,,howar101,tolbj101,,,,,,,,,19460731,0,IND10,v,IN9,0,1,0,regular,,
IN9194607310,IN9,4,0,0,3,3,0,4,0,,,,,,,,,,,,,,,,,,,,,,walkh103,value,,,14,15,,1,1,,,,,,,,,,,,,27,,,12,,,1,5,,,,,,,,,,,,,27,,0,,0,,,,,,,,,,,,,,colzj101,hairs101,,,,,,,,,19460731,0,IND10,h,CAG,1,0,0,regular,,
IN9194609021,KCM,0,0,0,2,0,2,0,1,1,,,,,,,,,,,,,,,,,,,,,duncf102,value,,,6,9,,,,,,,,,,,,,,,,27,,,13,,,,2,,,,,,,,,,,,,27,,1,,0,,,,,,,,,,,,,,johnc103,taboe101,,,,,,,,,19460902,1,IND10,v,IN9,1,0,0,regular,,
IN9194609021,IN9,1,0,0,0,0,0,0,0,1,,,,,,,,,,,,,,,,,,,,,walkh103,value,,,2,13,,,,,,,,,,,,,,,,27,,,9,,,,6,,,,,,,,,,,,,27,,1,,0,,,,,,,,,,,,,,watsa102,haywb102,,,,,,,,,19460902,1,IND10,h,KCM,0,1,0,regular,,
IN9194609022,KCM,0,0,0,0,0,8,0,,,,,,,,,,,,,,,,,,,,,,,duncf102,value,,,8,9,,,,,,,,,,,,,,,,21,,,7,,,,6,,,,,,,,,,,,,21,,1,,0,,,,,,,,,,,,,,alext101,renfc101,,,,,,,,,19460902,2,IND10,v,IN9,1,0,0,regular,,
IN9194609022,IN9,1,0,0,1,4,0,0,,,,,,,,,,,,,,,,,,,,,,,walkh103,value,,,6,7,,,,,,,,,,,,,,,,21,,,9,,,,8,,,,,,,,,,,,,21,,2,,0,,,,,,,,,,,,,,colzj101,hairs101,,,,,,,,,19460902,2,IND10,h,KCM,0,1,0,regular,,
KCM194609050,HOM,0,0,0,0,0,0,0,0,0,,,,,,,,,,,,,,,,,,,,,harrv102,value,,,0,6,,,,0,,,,,,,,,,,,24,,,11,1,,,5,,,,,,,,,,,,,24,,0,,0,,,,,,,,,,,,,,fielw101,gibsj101,,,,,,,,,19460905,0,IND10,v,KCM,0,1,0,exhibition,,
KCM194609050,KCM,0,0,0,3,0,0,0,2,,,,,,,,,,,,,,,,,,,,,,duncf102,value,,,5,11,1,,,,,,,,,,,,,,,27,,,6,,,,0,0,,,,,,,,,,,,27,,0,,0,,,,,,,,,,,,,,lamaj102,taboe101,,,,,,,,,19460905,0,IND10,h,HOM,1,0,0,exhibition,,
NAS194609250,SAS,0,0,0,0,0,0,2,1,0,,,,,,,,,,,,,,,,,,,,,,value,,,3,9,,,,,,,,?,,?,,,,,,24,,,10,,,1,4,,,,,,,,,,,,,24,,1,,0,,,,,,,,,,,,,,carts102,bassp101,,,,,,,,,19460925,0,IND10,v,NAS,0,1,0,allstar,,
NAS194609250,NAS,0,2,0,0,0,1,1,0,,,,,,,,,,,,,,,,,,,,,,,value,,,4,10,,,1,,,,,,,,,,,,,27,,,9,,,,3,,?,,?,,,,,,,,,27,,3,,0,,,,,,,,,,,,,,lockc102,trouq101,,,,,,,,,19460925,0,IND10,h,SAS,1,0,0,allstar,,
IN9194705111,CVB,0,2,0,0,0,3,1,0,0,,,,,,,,,,,,,,,,,,,,,trouq101,value,,,6,8,,,,,,,,,,,,,,,,24,,,9,,,,7,,1,,,,,,,,,,,24,,4,,0,,,,,,,,,,,,,,clarw103,harrt102,,,,,,,,,19470511,1,IND10,v,IN9,0,1,0,regular,,
IN9194705111,IN9,0,0,0,0,4,0,1,0,2,,,,,,,,,,,,,,,,,,,,,wellw101,value,,,7,9,,,,,,,,1,,,,,,,,27,,,8,,,,6,,,,,,,,,,,,,27,,2,,0,,,,,,,,,,,,,,colzj101,haywb102,,,,,,,,,19470511,1,IND10,h,CVB,1,0,0,regular,,
IN9194705112,CVB,2,0,0,0,1,0,0,,,,,,,,,,,,,,,,,,,,,,,trouq101,value,,,3,5,,,1,1,,,,,,,,,,,,21,,,5,,,1,2,,,,,,,,,,,,,21,,1,,0,,,,,,,,,,,,,,brewc102,harrt102,,,,,,,,,19470511,2,IND10,v,IN9,1,0,0,regular,,
IN9194705112,IN9,0,0,0,0,1,0,1,,,,,,,,,,,,,,,,,,,,,,,wellw101,value,,,2,5,,,1,1,,,,,,,,,,,,21,,,5,,,1,3,,,,,,,,,,,,,21,,1,,0,,,,,,,,,,,,,,godim101,haywb102,,,,,,,,,19470511,2,IND10,h,CVB,0,1,0,regular,,
IN9194705140,CVB,0,0,1,0,0,0,0,0,0,,,,,,,,,,,,,,,,,,,,,trouq101,value,,,1,7,,,,,,,,,,,,,,,,27,,,5,,,,0,0,,,,,,,,,,,,27,,0,,0,,,,,,,,,,,,,,boona101,harrt102,,,,,,,,,19470514,0,IND10,v,IN9,1,0,0,regular,,
IN9194705140,IN9,0,0,0,0,0,0,0,0,0,,,,,,,,,,,,,,,,,,,,,wellw101,value,,,0,5,,,,0,,,,,,,,,,,,27,,,7,,,,1,,,,,,,,,,,,,27,,1,,0,,,,,,,,,,,,,,willj112,haywb102,,,,,,,,,19470514,0,IND10,h,CVB,0,1,0,regular,,
IN9194705181,BIR,0,0,0,0,0,0,0,0,0,,,,,,,,,,,,,,,,,,,,,sampt101,value,,,0,8,,,,0,,,,,,,,,,,,24,,,6,,,1,4,,,,,,,,,,,,,24,,2,,0,,,,,,,,,,,,,,polln102,bassp101,,,,,,,,,19470518,1,IND10,v,IN9,0,1,0,regular,,
IN9194705181,IN9,0,0,0,0,0,4,0,0,,,,,,,,,,,,,,,,,,,,,,wellw101,value,,,4,6,,,1,3,,,,,,,,,,,,27,,,8,,,,0,0,,,,,,,,,,,,27,,2,4,0,,,,,,,,,,,,,,guilj101,haywb102,,,,,,,,,19470518,1,IND10,h,BIR,1,0,0,regular,,
IN9194705182,BIR,1,0,0,0,1,3,0,,,,,,,,,,,,,,,,,,,,,,,sampt101,value,,,5,8,,,,,,,,,,,,,,,,21,,,6,,,,3,3,,,,,,,,,,,,21,,0,,0,,,,,,,,,,,,,,newbj101,bellh102,,,,,,,,,19470518,2,IND10,v,IN9,1,0,0,regular,,
IN9194705182,IN9,1,0,1,0,0,0,1,,,,,,,,,,,,,,,,,,,,,,,wellw101,value,,,3,6,,,,,,,,,,,,,,,,21,,,8,,,,5,,,,,,,,,,,,,21,,1,,0,,,,,,,,,,,,,,colzj101,haywb102,,,,,,,,,19470518,2,IND10,h,BIR,0,1,0,regular,,
IN9194706110,KCM,0,0,2,0,1,0,0,0,0,,,,,,,,,,,,,,,,,,,,,duncf102,value,,,3,5,,,,,,,,,,,,,,,,24,,,16,,,1,18,,,,,,,,,,,,,24,,5,,0,,,,,,,,,,,,,,wylis101,taboe101,,,,,,,,,19470611,0,IND10,v,IN9,0,1,0,regular,,
IN9194706110,IN9,7,1,0,3,0,0,6,1,,,,,,,,,,,,,,,,,,,,,,wellw101,value,,,18,16,,,1,,,,,,,,,,,,,27,,,5,,,,3,,,,,,,,,,,,,27,,2,,0,,,,,,,,,,,,,,guilj101,haywb102,,,,,,,,,19470611,0,IND10,h,KCM,1,0,0,regular,,
IN9194706160,CAG,0,0,0,0,0,2,0,0,0,0,,,,,,,,,,,,,,,,,,,,taylj105,value,,,2,11,,,,,,,,,,,,,,,,27,,,9,,,,3,,,,,,,,,,,,,27,,4,,0,,,,,,,,,,,,,,bumpe101,tolbj101,,,,,,,,,19470616,0,IND10,v,IN9,0,1,0,regular,,
IN9194706160,IN9,0,0,1,0,0,0,1,0,0,1,,,,,,,,,,,,,,,,,,,,walkh103,value,,,3,9,,,,1,,,,,,,,,,,,30,,,11,,,,2,,,,,,,,,,,,,30,,1,,0,,,,,,,,,,,,,,godim101,hairs101,,,,,,,,,19470616,0,IND10,h,CAG,1,0,0,regular,,
CAG194706210,BIR,3,3,0,0,0,1,0,0,1,,,,,,,,,,,,,,,,,,,,,sampt101,value,,,8,15,,,1,,,,,,,,,,,,,27,,,10,,,,3,,,,,,,,,,,,,27,,1,,,,,,,,,,,,,,,,hollc104,bassp101,,,,,,,,,19470621,0,IND10,v,CAG,1,0,0,regular,,
CAG194706210,CAG,0,0,1,0,1,0,0,1,0,,,,,,,,,,,,,,,,,,,,,taylj105,value,,,3,10,,,,,,,,,,,,,,,,27,,,15,,,1,8,,,,,,,,,,,,,27,,2,,,,,,,,,,,,,,,,lockc102,tolbj101,,,,,,,,,19470621,0,IND10,h,BIR,0,1,0,regular,,
IN9194707130,CAG,0,0,0,1,0,0,0,0,6,,,,,,,,,,,,,,,,,,,,,taylj105,value,,,7,5,,,,,,,,3,,,,,,,,27,,,8,,,1,4,,,,,,,,,,,,,27,,4,,0,,,,,,,,,,,,,,jessg101,youne102,,,,,,,,,19470713,0,IND10,v,IN9,1,0,0,regular,,
IN9194707130,IN9,2,0,0,1,0,1,0,0,0,,,,,,,,,,,,,,,,,,,,,walkh103,value,,,4,8,,,1,,,,,,,,,,,,,27,,,5,,,,7,,3,,,,,,,,,,,27,,1,,0,,,,,,,,,,,,,,guilj101,haywb102,,,,,,,,,19470713,0,IND10,h,CAG,0,1,0,regular,,
IN9194707170,CAG,0,3,1,0,0,1,0,0,1,,,,,,,,,,,,,,,,,,,,,taylj105,value,,,6,11,1,,1,3,,,,,,,,,,,,27,,,9,,,,2,,,,,,,,,,,,,27,,3,,0,,,,,,,,,,,,,,jessg101,youne102,,,,,,,,,19470717,0,IND10,v,IN9,1,0,0,regular,,
IN9194707170,IN9,1,0,0,0,0,1,0,0,0,,,,,,,,,,,,,,,,,,,,,walkh103,value,,,2,9,,,,,,,,,,,,,,,,27,,,11,1,,1,6,6,,,,,,,,,,,,27,,0,,0,,,,,,,,,,,,,,henrp101,haywb102,,,,,,,,,19470717,0,IND10,h,CAG,0,1,0,regular,,
IN9194707220,HOM,2,0,1,0,1,0,0,1,0,,,,,,,,,,,,,,,,,,,,,harrv102,value,,,5,7,,,1,,,,,,,,,,,,,24,,,15,1,,,7,,,,,,,,,,,,,24,,1,,0,,,,,,,,,,,,,,thomf110,napie101,,,,,,,,,19470722,0,IND10,v,IN9,0,1,0,exhibition,,
IN9194707220,IN9,0,1,0,4,1,0,0,1,,,,,,,,,,,,,,,,,,,,,,walkh103,value,,,7,15,1,,,4,,,,,,,,,,,,27,,,7,,,1,5,,,,,,,,,,,,,27,,1,,0,,,,,,,,,,,,,,willj112,,,,,,,,,,19470722,0,IND10,h,HOM,1,0,0,exhibition,,
IN9194707260,MEM,0,1,0,3,0,0,0,1,0,,,,,,,,,,,,,,,,,,,,,browl107,value,,,5,14,,,,,,,,,,,,,,,,24,,,12,,,,11,,,,,,,,,,,,,24,,4,,0,,,,,,,,,,,,,,ramsl101,jonec108,,,,,,,,,19470726,0,IND10,v,IN9,0,1,0,regular,,
IN9194707260,IN9,0,0,1,2,4,2,0,2,,,,,,,,,,,,,,,,,,,,,,walkh103,value,,,11,12,,,,,,,,,,,,,,,,27,,,14,,,,5,,,,,,,,,,,,,27,,2,,0,,,,,,,,,,,,,,godim101,piggl101,,,,,,,,,19470726,0,IND10,h,MEM,1,0,0,regular,,
CVB194707310,HOM,0,1,0,0,0,5,4,0,0,,,,,,,,,,,,,,,,,,,,,harrv102,value,,,10,11,,,,,,,,,,,,,,,,27,,,7,,,,5,,,,,,,,,,,,,27,,1,,,,,,,,,,,,,,,,wrigj105,napie101,,,,,,,,,19470731,0,IND10,v,CVB,1,0,0,exhibition,,
CVB194707310,CVB,0,2,0,0,0,1,2,0,0,,,,,,,,,,,,,,,,,,,,,trouq101,value,,,5,7,,,,,,,,,,,,,,,,27,,,11,,,,10,,,,,,,,,,,,,27,,2,,,,,,,,,,,,,,,,jones105,harrt102,,,,,,,,,19470731,0,IND10,h,HOM,0,1,0,exhibition,,
IN9194708230,MEM,1,0,0,4,0,0,1,0,0,,,,,,,,,,,,,,,,,,,,,browl107,value,,,6,13,,,,,,,,,,,,,,,,24,,,11,,,,7,7,,,,,,,,,,,,24,,0,,0,,,,,,,,,,,,,,ramsl101,jonec108,,,,,,,,,19470823,0,IND10,v,IN9,0,1,0,regular,,
IN9194708230,IN9,0,0,4,1,0,2,0,0,,,,,,,,,,,,,,,,,,,,,,walkh103,value,,,7,11,,,,,,,,,,,,,,,,27,,,13,,,,6,,,,,,,,,,,,,27,,2,,0,,,,,,,,,,,,,,henrp101,haywb102,,,,,,,,,19470823,0,IND10,h,MEM,1,0,0,regular,,
IN9194708241,MEM,0,0,0,1,0,0,1,0,0,,,,,,,,,,,,,,,,,,,,,browl107,value,,,2,7,,,,,,,,,,,,,,,,27,,,7,,,,1,,,,,,,,,,,,,27,,2,,0,,,,,,,,,,,,,,mathv101,browl107,,,,,,,,,19470824,1,IND10,v,IN9,1,0,0,regular,,
IN9194708241,IN9,1,0,0,0,0,0,0,0,0,,,,,,,,,,,,,,,,,,,,,walkh103,value,,,1,7,,,,,,,,,,,,,,,,27,,,7,,,,2,2,,,,,,,,,,,,27,,0,,0,,,,,,,,,,,,,,colzj101,haywb102,,,,,,,,,19470824,1,IND10,h,MEM,0,1,0,regular,,
IN9194708242,MEM,0,0,0,0,0,2,0,,,,,,,,,,,,,,,,,,,,,,,browl107,value,,,2,5,,,,,,,,,,,,,,,,21,,,6,,,1,1,1,,,,,,,,0,,,,21,,0,,0,,,,,,,,,,,,,,sharp101,jonec108,,,,,,,,,19470824,2,IND10,v,IN9,1,0,0,regular,,
IN9194708242,IN9,0,0,0,0,0,0,1,,,,,,,,,,,,,,,,,,,,,,,walkh103,value,,,1,6,,,1,1,,0,,,,,,,,,,21,,,5,,,,2,,,,,,,,,,,,,21,,2,,0,,,,,,,,,,,,,,guilj101,piggl101,,,,,,,,,19470824,2,IND10,h,MEM,0,1,0,regular,,
BIR194709100,HOM,3,0,0,0,2,0,5,3,5,,,,,,,,,,,,,,,,,,,,,harrv102,value,,,18,21,4,,,,,,,,,,,,,,,27,,,15,,,,4,4,,,,,,,,,,,,27,,0,,0,,,,,,,,,,,,,,kaisc101,napie101,,,,,,,,,19470910,0,IND10,v,BIR,1,0,0,exhibition,,
BIR194709100,BIR,0,0,2,0,0,0,0,0,2,,,,,,,,,,,,,,,,,,,,,sampt101,value,,,4,15,,,,,,,,,,,,,,,,27,,,21,4,,,18,,,,,,,,,,,,,27,,4,,0,,,,,,,,,,,,,,poweb103,bassp101,,,,,,,,,19470910,0,IND10,h,HOM,0,1,0,exhibition,,
IN9194709170,KCM,0,0,0,0,0,4,0,0,0,,,,,,,,,,,,,,,,,,,,,duncf102,value,,,4,6,1,,,,,,,,,,,,,,,27,,,4,,,,2,,,,,,,,,,,,,27,,2,,0,,,,,,,,,,,,,,richg102,greej108,,,,,,,,,19470917,0,IND10,v,IN9,1,0,0,exhibition,,
IN9194709170,IN9,0,0,0,0,2,0,0,0,0,,,,,,,,,,,,,,,,,,,,,walkh103,value,,,2,4,,,,,,,,,,,,,,,,27,,,6,1,,,4,,,,,,,,,,,,,27,,1,,0,,,,,,,,,,,,,,bennj102,haywb102,,,,,,,,,19470917,0,IND10,h,KCM,0,1,0,exhibition,,
IN9194805070,CAG,,,,,,,,,,,,,,,,,,,,,,,,,,,,,,trouq101,value,,,3,,,,,,,,,,,,,,,,,24,,,,,,,12,,,,,,,,,,,,,24,,0,,0,,,,,,,,,,,,,,,,,,,,,,,,19480507,0,IND10,v,IN9,0,1,0,regular,,
IN9194805070,IN9,,,,,,,,,,,,,,,,,,,,,,,,,,,,,,ramir101,value,,,12,,,,,,,,,,,,,,,,,27,,,,,,,3,,,,,,,,,,,,,27,,0,,0,,,,,,,,,,,,,,cohej101,,,,,,,,,,19480507,0,IND10,h,CAG,1,0,0,regular,,
IN9194805200,BIR,4,0,0,0,1,2,0,1,0,,,,,,,,,,,,,,,,,,,,,davip102,value,,,8,6,,,,,,,,,,,,,,,,27,,,7,,,,4,,,,,,,,,,,,,27,,1,,0,,,,,,,,,,,,,,poweb103,bellh102,,,,,,,,,19480520,0,IND10,v,IN9,1,0,0,regular,,
IN9194805200,IN9,0,0,0,0,0,0,0,3,1,,,,,,,,,,,,,,,,,,,,,ramir101,value,,,4,7,,,,,,,,,,,,,,,,27,,,6,,,,8,,,,,,,,,,,,,27,,4,,0,,,,,,,,,,,,,,garca101,hairs101,,,,,,,,,19480520,0,IND10,h,BIR,0,1,0,regular,,
IN9194806010,KCM,0,0,0,1,0,0,0,1,0,,,,,,,,,,,,,,,,,,,,,oneib801,value,,,2,7,,,1,2,,1,,,,,1,,,,,27,,,5,,,,0,,,,,,,,,,,,,27,,0,,0,,,,,,,,,,,,,,richg102,taboe101,,,,,,,,,19480601,0,IND10,v,IN9,1,0,0,regular,,
IN9194806010,IN9,0,0,0,0,0,0,0,0,0,,,,,,,,,,,,,,,,,,,,,ramir101,value,,,0,5,,,,0,,,,,,,,,,,,27,,,7,,,1,2,1,,,,,,,,1,,,,27,,1,,0,,,,,,,,,,,,,,cabrl101,hairs101,,,,,,,,,19480601,0,IND10,h,KCM,0,1,0,regular,,
IN9194806090,CAG,3,0,0,0,0,0,0,0,0,,,,,,,,,,,,,,,,,,,,,trouq101,value,,,3,10,,,,,,,,,,,,,,,,27,,,4,,,,2,,,,,,,,,,,,,27,,1,,0,,,,,,,,,,,,,,jessg101,tolbj101,,,,pendj101,,,,,19480609,0,IND10,v,IN9,1,0,0,regular,,
IN9194806090,IN9,0,0,0,0,2,0,0,0,0,,,,,,,,,,,,,,,,,,,,,ramir101,value,,,2,4,,,,,,,,,,,,,,,,27,,,10,,,,3,,,,,,,,,,,,,27,,2,,0,,,,,,,,,,,,,,cabrl101,haywb102,,,,,,,,,19480609,0,IND10,h,CAG,0,1,0,regular,,
IN9194806131,MEM,0,0,0,0,0,0,1,0,4,,,,,,,,,,,,,,,,,,,,,browl107,value,,,5,16,,,,,,,,,,,,,,,,24,,,9,2,,1,7,,,,,,,,,,,,,24,,1,,0,,,,,,,,,,,,,,woods103,jonec108,,,,,,,,,19480613,1,IND10,v,IN9,0,1,0,regular,,
IN9194806131,IN9,0,2,1,0,0,1,3,0,,,,,,,,,,,,,,,,,,,,,,ramir101,value,,,7,9,2,,1,,,,,,,,,,,,,27,,,16,,,,5,,,,,,,,,,,,,27,,0,,0,,,,,,,,,,,,,,porta103,hairs101,,,,,,,,,19480613,1,IND10,h,MEM,1,0,0,regular,,
IN9194806132,MEM,0,0,0,0,0,0,0,,,,,,,,,,,,,,,,,,,,,,,browl107,value,,,0,3,,,,,,,,,,,,,,,,18,,,5,,,,9,,,,,,,,,,,,,18,,2,,0,,,,,,,,,,,,,,evanf101,browt105,,,,,,,,,19480613,2,IND10,v,IN9,0,1,0,regular,,
IN9194806132,IN9,0,8,1,0,0,0,,,,,,,,,,,,,,,,,,,,,,,,ramir101,value,,,9,5,,,,,,,,,,,,,,,,21,,,3,,,,0,,,,,,,,,,,,,21,,1,,0,,,,,,,,,,,,,,cohej101,hairs101,,,,,,,,,19480613,2,IND10,h,MEM,1,0,0,regular,,
IN9194806170,MEM,0,0,0,0,0,0,1,0,0,,,,,,,,,,,,,,,,,,,,,browl107,value,,,1,8,,,,,,,,,,,,,,,,24,,,10,,,1,7,,,,,,,,,,,,,24,,2,,0,,,,,,,,,,,,,,gaicu101,jonec108,,,,,,,,,19480617,0,IND10,v,IN9,0,1,0,regular,,
IN9194806170,IN9,0,2,1,0,0,0,4,0,,,,,,,,,,,,,,,,,,,,,,ramir101,value,,,7,10,,,1,,,,,,,,,,,,,27,,,8,,,,1,,,,,,,,,,,,,27,,1,,0,,,,,,,,,,,,,,cabrl101,hairs101,,,,,,,,,19480617,0,IND10,h,MEM,1,0,0,regular,,
IN9194806190,CVB,1,0,0,0,0,0,0,0,0,,,,,,,,,,,,,,,,,,,,,boona101,value,,,1,4,,,,,,,,,,,,,,,,24,,,9,,,1,4,,,,,,,,,,,,,24,,1,,0,,,,,,,,,,,,,,clarw103,harrt102,,,,,,,,,19480619,0,IND10,v,IN9,0,1,0,regular,,
IN9194806190,IN9,0,0,0,2,0,1,0,1,,,,,,,,,,,,,,,,,,,,,,ramir101,value,,,4,9,,,1,,,,,,,,,,,,,27,,,4,,,,1,,,,,,,,,,,,,27,,2,,0,,,,,,,,,,,,,,porta103,hairs101,,,,,,,,,19480619,0,IND10,h,CVB,1,0,0,regular,,
CAG194807130,KCM,4,0,2,0,0,1,0,1,0,,,,,,,,,,,,,,,,,,,,,oneib801,value,,,8,14,,,,,,,,,,,,,,,,27,,,8,,,,1,,,,14,,,,,,,,,27,,2,,0,,,,,,,,,,,,,,richg102,taboe101,,,,,,,,,19480713,0,IND10,v,CAG,1,0,0,regular,,
CAG194807130,CAG,0,0,1,0,0,0,0,0,0,,,,,,,,,,,,,,,,,,,,,trouq101,value,,,1,8,,,,,,,,,,14,,,,,,27,,,14,,,,8,,,,,,,,,,,,,27,,2,,0,,,,,,,,,,,,,,ortir102,trouq101,,,,,,,,,19480713,0,IND10,h,KCM,0,1,0,regular,,
IN9194807170,CAG,0,0,0,3,0,0,4,1,2,,,,,,,,,,,,,,,,,,,,,trouq101,value,,,10,17,,,1,,,,,,,,,,,,,27,,,9,,,,5,,,,,,,,,,,,,27,,5,,0,,,,,,,,,,,,,,stewr101,tolbj101,,,,pendj101,,,,,19480717,0,IND10,v,IN9,1,0,0,regular,,
IN9194807170,IN9,0,1,1,1,1,0,1,0,0,,,,,,,,,,,,,,,,,,,,,haywb102,value,,,5,9,,,,,,,,,,,,,,,,27,,,17,,,1,10,,,,,,,,,,,,,27,,0,,0,,,,,,,,,,,,,,porta103,piggl101,,,,,,,,,19480717,0,IND10,h,CAG,0,1,0,regular,,
IN9194807220,KCM,4,0,0,0,2,0,0,0,3,,,,,,,,,,,,,,,,,,,,,oneib801,value,,,9,15,,,,,,,,,,,,,,,,27,,,11,,,,5,,,,,,,,,,,,,27,,2,,0,,,,,,,,,,,,,,smith111,taboe101,,,,,,,,,19480722,0,IND10,v,IN9,1,0,0,regular,,
IN9194807220,IN9,0,0,0,2,0,0,2,1,0,,,,,,,,,,,,,,,,,,,,,haywb102,value,,,5,11,,,,,,,,,,,,,,,,27,,,15,,,,9,,,,,,,,,,,,,27,,2,,0,,,,,,,,,,,,,,cohej101,,,,,,,,,,19480722,0,IND10,h,KCM,0,1,0,regular,,
MEM194807230,KCM,2,0,0,1,2,0,0,0,0,0,0,,,,,,,,,,,,,,,,,,,oneib801,value,,,5,12,,,,,,,,,,,,,,,,30,,,6,,,,6,,3,,,,,,,,,,,30,,3,,0,,,,,,,,,,,,,,richg102,taboe101,,,,,,,,,19480723,0,IND10,v,MEM,0,1,0,regular,,
MEM194807230,MEM,1,0,0,1,0,0,0,0,3,0,1,,,,,,,,,,,,,,,,,,,browl107,value,,,6,6,,,,,,,,3,,,,,,,,33,,,12,,,,5,,,,,,,,,,,,,33,,2,,0,,,,,,,,,,,,,,carts102,barnh103,,,,,,,,,19480723,0,IND10,h,KCM,1,0,0,regular,,
IN9194807300,CVB,0,0,0,0,0,0,0,1,0,,,,,,,,,,,,,,,,,,,,,boona101,value,,,1,12,,,,,,,,,,,,,,,,24,,,7,,,,4,,,,,,,,,,,,,24,,2,,0,,,,,,,,,,,,,,browj114,greej108,,,,,,,,,19480730,0,IND10,v,IN9,0,1,0,regular,,
IN9194807300,IN9,1,0,0,2,0,0,1,0,,,,,,,,,,,,,,,,,,,,,,haywb102,value,,,4,7,,,,,,,,,,,,,,,,27,,,12,,,,1,,,,,,,,,,,,,27,,2,,0,,,,,,,,,,,,,,bennj102,piggl101,,,,,,,,,19480730,0,IND10,h,CVB,1,0,0,regular,,
IN9194808140,KCM,0,0,0,2,2,0,0,1,5,,,,,,,,,,,,,,,,,,,,,oneib801,value,,,10,13,,,2,,,,,,,,,,,,,27,,,4,,,,0,0,,,,,,,,,,,,27,,0,,0,,,,,,,,,,,,,,lamaj102,taboe101,,,,,,,,,19480814,0,IND10,v,IN9,1,0,0,regular,,
IN9194808140,IN9,0,0,0,0,0,0,0,0,0,,,,,,,,,,,,,,,,,,,,,haywb102,value,,,0,4,,,,0,,,,,,,,,,,,27,,,13,,,2,10,,,,,,,,,,,,,27,,2,,0,,,,,,,,,,,,,,willj112,haywb102,,,,,,,,,19480814,0,IND10,h,KCM,0,1,0,regular,,
IN9194808190,CAG,2,0,0,0,1,0,1,2,0,0,,,,,,,,,,,,,,,,,,,,trouq101,value,,,6,10,,,,,,,,,,,,,,,,28,,,7,,,,7,,,,,,,,,1,,,,28,,3,,0,,,,,,,,,,,,,,stewr101,trouq101,,,,pendj101,,,,,19480819,0,IND10,v,IN9,0,1,0,regular,,
IN9194808190,IN9,3,2,1,0,0,0,0,0,0,1,,,,,,,,,,,,,,,,,,,,haywb102,value,,,7,7,,,,,,1,,,,,,,,,,30,,,10,,,,6,,,,,,,,,,,,,30,,2,,0,,,,,,,,,,,,,,cohej101,piggl101,,,,,,,,,19480819,0,IND10,h,CAG,1,0,0,regular,,
IN9194808210,NY5,0,1,0,1,0,0,0,0,0,,,,,,,,,,,,,,,,,,,,,barkm101,value,,,2,8,,,1,1,,,,,,,,,,,,24,,,6,,,,3,3,,,,,,,,,,,,24,,0,,0,,,,,,,,,,,,,,smitj112,hayej104,,,,,,,,,19480821,0,IND10,v,IN9,0,1,0,exhibition,,
IN9194808210,IN9,0,0,1,1,0,0,0,1,,,,,,,,,,,,,,,,,,,,,,haywb102,value,,,3,6,,,,1,,,,,,,,,,,,27,,,8,,,1,2,2,,,,,,,,,,,,27,,0,,0,,,,,,,,,,,,,,willj112,piggl101,,,,,,,,,19480821,0,IND10,h,NY5,1,0,0,exhibition,,
IN9194808260,NY5,1,0,0,0,2,1,0,0,0,,,,,,,,,,,,,,,,,,,,,barkm101,value,,,4,8,,,,,,,,,,,,,,,,24,,,12,1,1,,5,,,,,,,,,,,,,24,,3,,0,,,,,,,,,,,,,,stann101,hayej104,,,,,,,,,19480826,0,IND10,v,IN9,0,1,0,exhibition,,
IN9194808260,IN9,2,0,0,2,0,0,0,0,1,,,,,,,,,,,,,,,,,,,,,haywb102,value,,,5,12,1,1,,,,,,,,,,,,,,27,,,8,,,,4,,,,,,,,,,,,,27,,2,,0,,,,,,,,,,,,,,willj112,piggl101,,,,,,,,,19480826,0,IND10,h,NY5,1,0,0,exhibition,,
IN9194808270,CVB,1,0,0,0,0,0,1,1,0,,,,,,,,,,,,,,,,,,,,,boona101,value,,,3,12,,,,,,,,,,,,,,,,27,,,5,,,,2,,,,,,,,,,,,,27,,1,,0,,,,,,,,,,,,,,longe102,harrt102,,,,,,,,,19480827,0,IND10,v,IN9,1,0,0,regular,,
IN9194808270,IN9,0,0,0,2,0,0,0,0,0,,,,,,,,,,,,,,,,,,,,,haywb102,value,,,2,5,,,,,,,,,,,,,,,,27,,,12,,,,3,3,,,,,,,,,,,,27,,0,,0,,,,,,,,,,,,,,cohej101,piggl101,,,,,,,,,19480827,0,IND10,h,CVB,0,1,0,regular,,
CAG194808300,BIR,0,0,1,0,0,0,1,0,0,,,,,,,,,,,,,,,,,,,,,davip102,value,,,2,4,,,,,,,,,,,,,,,,27,,,7,,,,1,1,,,,,,,,,,,,27,,0,,0,,,,,,,,,,,,,,wills104,bellh102,,,,,,,,,19480830,0,IND10,v,CAG,1,0,0,regular,,
CAG194808300,CAG,0,0,0,0,0,0,0,0,1,,,,,,,,,,,,,,,,,,,,,trouq101,value,,,1,7,,,,,,,,,,,,,,,,27,,,4,,,,2,,,,,,,,,,,,,27,,2,,0,,,,,,,,,,,,,,vargr101,rodrb102,,,,,,,,,19480830,0,IND10,h,BIR,0,1,0,regular,,
IN9194907270,PH5,2,0,3,0,3,0,0,0,0,,,,,,,,,,,,,,,,,,,,,charo101,value,,,8,13,,,,,,,,,,,,,,,,24,,,10,,,,13,,,,,,,,,,,,,24,,5,,,,,,,,,,,,,,,,gainj102,glens101,,,,,,,,,19490727,0,IND10,v,IN9,0,1,0,regular,,
IN9194907270,IN9,2,2,3,0,5,0,0,1,,,,,,,,,,,,,,,,,,,,,,haywb102,value,,,13,10,,,,,,,,,,,,,,,,27,,,13,,,,8,,,,,,,,,,,,,27,,4,,,,,,,,,,,,,,,,cathw101,piggl101,,,,,,,,,19490727,0,IND10,h,PH5,1,0,0,regular,,
IN9194908200,PH5,,,,,,,,,,,,,,,,,,,,,,,,,,,,,,charo101,value,,,3,,,,,,,,,,,,,,,,,27,,,,,,,1,,,,,,,,,,,,,27,,,,,,,,,,,,,,,,,,grifb102,,,,,,,,,,19490820,0,IND10,v,IN9,1,0,0,regular,,
IN9194908200,IN9,,,,,,,,,,,,,,,,,,,,,,,,,,,,,,haywb102,value,,,1,,,,,,,,,,,,,,,,,27,,,,,,,3,,,,,,,,,,,,,27,,,,,,,,,,,,,,,,,,,,,,,,,,,,19490820,0,IND10,h,PH5,0,1,0,regular,,
