gid,id,team,d_seq,d_pos,stattype,d_ifouts,d_po,d_a,d_e,d_dp,d_tp,d_pb,d_wp,d_sb,d_cs,d_gs,date,number,site,vishome,opp,win,loss,tie,gametype,box,pbp,eject
PTC193704290,harva101,PH5,1,4,value,27,,,,,,,,,,,19370429,0,HOU06,v,PTC,0,1,0,exhibition,,,
PH5193705150,harva101,PH5,1,6,value,27,0,0,0,0,0,,,,,1,19370515,0,PHI17,h,NY5,1,0,0,regular,y,d,
NY5193705161,harva101,PH5,1,6,value,24,1,3,0,0,0,,,,,1,19370516,1,NYC25,v,NY5,0,1,0,regular,y,d,
NY5193705162,harva101,PH5,1,6,value,18,0,4,0,0,0,,,,,1,19370516,2,NYC25,v,NY5,0,1,0,regular,y,d,
PH5193705221,harva101,PH5,1,6,value,30,4,1,0,0,0,,,,,1,19370522,1,PHI17,h,NW2,0,1,0,regular,y,d,
PH5193705222,harva101,PH5,1,6,value,27,1,1,1,0,0,,,,,1,19370522,2,PHI17,h,NW2,0,1,0,regular,y,d,
NW2193705230,harva101,PH5,1,6,value,24,3,4,0,0,0,,,,,1,19370523,0,NWK04,v,NW2,0,1,0,regular,y,d,
PH5193705290,harva101,PH5,1,6,value,27,2,4,0,0,0,,,,,1,19370529,0,PHI17,h,PTC,0,1,0,regular,y,d,
PTC193705301,harva101,PH5,1,6,value,27,,,0,,,,,,,1,19370530,1,BAL10,v,PTC,1,0,0,regular,y,,
PH5193705311,harva101,PH5,1,6,value,27,0,4,1,0,0,,,,,1,19370531,1,PHI17,h,PTC,0,1,0,regular,y,d,
PH5193705312,harva101,PH5,1,6,value,27,1,3,0,0,0,,,,,1,19370531,2,PHI17,h,PTC,0,1,0,regular,y,d,
PH5193706010,harva101,PH5,1,6,value,27,0,2,0,2,0,,,,,1,19370601,0,WIL04,h,PTC,0,1,0,regular,y,d,
PH5193706020,harva101,PH5,1,6,value,24,1,1,0,0,0,,,,,1,19370602,0,CHE02,h,WEG,0,0,1,regular,y,d,
PH5193706051,harva101,PH5,1,6,value,27,1,4,0,0,0,,,,,1,19370605,1,PHI17,h,NY5,1,0,0,regular,y,d,
PH5193706052,harva101,PH5,1,6,value,21,0,0,0,0,0,,,,,1,19370605,2,PHI17,h,NY5,1,0,0,regular,y,d,
NY5193706060,harva101,PH5,1,6,value,24,,,2,,,,,,,1,19370606,0,NYC25,v,NY5,1,0,0,regular,y,,
PH5193706110,harva101,PH5,1,6,value,18,3,2,0,0,0,,,,,1,19370611,0,MID03,h,NW2,1,0,0,regular,y,d,
PH5193706121,harva101,PH5,1,6,value,27,2,6,1,,,,,,,1,19370612,1,PHI17,h,WEG,0,1,0,regular,y,,
PH5193706122,harva101,PH5,1,6,value,21,0,,0,,,,,,,1,19370612,2,PHI17,h,WEG,1,0,0,regular,y,,
WEG193706130,harva101,PH5,1,6,value,30,2,0,1,1,0,,,,,1,19370613,0,WAS09,v,WEG,1,0,0,regular,y,d,
PTC193706192,harva101,PH5,1,6,value,21,1,1,0,0,0,,,,,1,19370619,2,PIT09,v,PTC,1,0,0,regular,y,d,
PH5193706261,harva101,PH5,1,6,value,24,5,1,0,0,0,,,,,1,19370626,1,PHI17,h,NW2,1,0,0,regular,y,d,
WEG193706271,harva101,PH5,1,6,value,25,3,4,1,1,0,,,,,1,19370627,1,BAL10,v,WEG,0,1,0,regular,y,d,
WEG193706272,harva101,PH5,1,6,value,15,1,1,0,1,0,,,,,1,19370627,2,BAL10,v,WEG,0,1,0,regular,y,d,
PH5193707102,harva101,PH5,1,6,value,21,4,2,0,,,,,,,1,19370710,2,PHI17,h,HOM,0,1,0,regular,y,,
WEG193707130,harva101,PH5,1,6,value,27,1,1,0,1,0,,,,,1,19370713,0,BAL10,v,WEG,1,0,0,regular,y,d,
PH5193707150,harva101,PH5,1,6,value,27,2,4,0,0,0,,,,,1,19370715,0,YOR03,h,PTC,1,0,0,regular,y,d,
HOM193707181,harva101,PH5,1,6,value,24,0,1,,,,,,,,1,19370718,1,COL05,v,HOM,0,1,0,regular,y,,
HOM193707200,harva101,PH5,1,6,value,24,1,2,0,0,0,,,,,1,19370720,0,IND10,v,HOM,0,1,0,regular,y,d,
HOM193707220,harva101,PH5,1,6,value,21,0,1,0,0,0,,,,,1,19370722,0,BEC01,v,HOM,0,1,0,regular,y,d,
PH5193707241,harva101,PH5,1,6,value,27,2,6,0,0,0,,,,,1,19370724,1,PHI17,h,NW2,0,1,0,regular,y,d,
PH5193707242,harva101,PH5,1,6,value,21,2,2,0,0,0,,,,,1,19370724,2,PHI17,h,NW2,1,0,0,regular,y,d,
NW2193707253,harva101,PH5,1,6,value,24,1,0,0,0,0,,,,,1,19370725,3,TRE01,v,NW2,0,1,0,exhibition,y,d,
PH5193708140,harva101,PH5,1,6,value,27,1,,1,,,,,,,1,19370814,0,PHI17,h,PTC,0,1,0,regular,y,,
PH5193708160,harva101,PH5,1,6,value,27,2,,1,,,,,,,1,19370816,0,PHI17,h,WEG,0,1,0,regular,y,,
NW2193709120,harva101,PH5,1,4,value,18,0,0,0,0,0,,,,,0,19370912,0,TRE01,v,NW2,0,1,0,exhibition,y,d,
WEG193709130,harva101,PH5,1,6,value,27,1,1,1,0,0,,,,,1,19370913,0,YOR03,v,WEG,1,0,0,exhibition,y,d,
NY5193709140,harva101,PH5,1,6,value,24,0,4,0,0,0,,,,,1,19370914,0,BEL02,v,NY5,0,1,0,exhibition,y,d,
KCM193804102,harva101,PH5,8,6,value,24,4,3,,,,,,,,1,19380410,2,HOU04,v,KCM,0,1,0,exhibition,y,,
PH5193804130,harva101,PH5,1,6,value,27,2,3,0,,,,,,,1,19380413,0,GAL01,h,HOM,0,1,0,exhibition,y,,
