gid,id,team,b_lp,b_seq,stattype,b_pa,b_ab,b_r,b_h,b_d,b_t,b_hr,b_rbi,b_sh,b_sf,b_hbp,b_w,b_iw,b_k,b_sb,b_cs,b_gdp,b_xi,b_roe,dh,ph,pr,date,number,site,vishome,opp,win,loss,tie,gametype,box,pbp,eject
TWA194110080,dappc101,TWA,8,1,value,2,2,0,0,0,0,0,0,0,,0,0,,,0,,,,,,,,19411008,0,LOS02,h,ECG,1,0,0,exhibition,y,,
BRO194204190,dappc101,BRO,6,2,value,2,2,0,1,0,0,0,1,0,0,0,0,0,0,0,0,0,0,0,,1,,19420419,0,NYC15,h,PHI,1,0,0,regular,y,y,
BRO194204200,dappc101,BRO,6,2,value,2,1,0,1,0,0,0,2,0,0,0,1,0,0,0,0,0,0,0,,1,,19420420,0,NYC15,h,BSN,1,0,0,regular,y,y,
PHI194204261,dappc101,BRO,7,1,value,4,4,1,2,0,0,1,2,0,0,0,0,0,1,0,0,0,0,0,,,,19420426,1,PHI11,v,PHI,1,0,0,regular,y,y,
CIN194204300,dappc101,BRO,7,3,value,0,0,0,0,0,0,0,0,0,0,0,0,0,0,0,0,0,0,0,,,,19420430,0,CIN07,v,CIN,1,0,0,regular,y,y,
PIT194205010,dappc101,BRO,7,1,value,4,3,1,2,1,0,0,2,0,0,0,1,0,0,0,0,0,0,0,,,,19420501,0,PIT06,v,PIT,0,1,0,regular,y,y,
PIT194205020,dappc101,BRO,7,1,value,4,4,0,2,0,0,0,2,0,0,0,0,0,0,0,0,0,0,0,,,,19420502,0,PIT06,v,PIT,0,1,0,regular,y,y,
SLN194205031,dappc101,BRO,5,4,value,0,0,0,0,0,0,0,0,0,0,0,0,0,0,0,0,0,0,0,,,,19420503,1,STL07,v,SLN,0,1,0,regular,y,y,
SLN194205032,dappc101,BRO,7,1,value,3,3,0,0,0,0,0,0,0,0,0,0,0,1,0,0,0,0,0,,,,19420503,2,STL07,v,SLN,0,1,0,regular,y,y,
PRG194210111,dappc101,PIR,8,1,value,4,3,1,2,1,0,0,1,0,,0,1,,,0,,,,,,,,19421011,1,LOS02,v,PRG,1,0,0,exhibition,y,,
KCR194810310,dappc101,MLS,8,2,value,1,1,0,0,0,0,0,0,0,0,0,0,0,,0,0,0,0,0,,,,19481031,0,LOS02,v,KCR,1,0,0,exhibition,y,d,
KCR194811071,dappc101,MLS,8,2,value,2,2,1,1,1,0,0,1,0,0,0,0,0,1,0,0,0,0,0,,,,19481107,1,LOS02,v,KCR,1,0,0,exhibition,y,d,
