gid,id,team,d_seq,d_pos,stattype,d_ifouts,d_po,d_a,d_e,d_dp,d_tp,d_pb,d_wp,d_sb,d_cs,d_gs,date,number,site,vishome,opp,win,loss,tie,gametype,box,pbp,eject
PH6193605280,dixot102,PH6,1,2,value,21,5,2,0,0,0,0,0,0,0,1,19360528,0,PHI16,h,PH5,0,1,0,exhibition,y,d,
NY6193606200,dixot102,PH6,1,2,value,24,2,0,0,0,0,0,0,1,0,1,19360620,0,PAT01,v,NY6,0,1,0,exhibition,y,d,
NY6193606211,dixot102,PH6,1,2,value,24,2,2,0,0,0,0,0,0,0,1,19360621,1,NYC25,v,NY6,0,1,0,exhibition,y,d,
NW2193607070,dixot102,PH6,1,5,value,24,0,0,0,0,0,,,,,1,19360707,0,NWK04,v,NW2,0,1,0,exhibition,y,d,
NY6193608220,dixot102,PH6,1,2,value,24,2,1,0,0,0,1,0,0,1,1,19360822,0,PAT01,v,NY6,0,1,0,exhibition,y,d,
