gid,id,team,d_seq,d_pos,stattype,d_ifouts,d_po,d_a,d_e,d_dp,d_tp,d_pb,d_wp,d_sb,d_cs,d_gs,date,number,site,vishome,opp,win,loss,tie,gametype,box,pbp
BIR194603310,howar101,CAG,1,1,value,15,,,,,0,0,,,,1,19460331,0,BIR01,v,BIR,0,1,0,exhibition,,
BIR194603310,huntg102,CAG,1,2,value,15,,,,,0,,,,,1,19460331,0,BIR01,v,BIR,0,1,0,exhibition,,
BIR194603310,mccow102,CAG,1,1,value,14,,,,,0,0,,,,,19460331,0,BIR01,v,BIR,0,1,0,exhibition,,
BIR194603310,seags101,CAG,1,2,value,14,,,,,0,,,,,,19460331,0,BIR01,v,BIR,0,1,0,exhibition,,
BIR194603310,bassp101,BIR,1,2,value,30,,,,,0,,,,,1,19460331,0,BIR01,h,CAG,1,0,0,exhibition,,
BIR194603310,gipsa101,BIR,1,1,value,9,,,,,0,0,,,,,19460331,0,BIR01,h,CAG,1,0,0,exhibition,,
BIR194603310,newbj101,BIR,1,1,value,12,,,,,0,0,,,,1,19460331,0,BIR01,h,CAG,1,0,0,exhibition,,
BIR194603310,polln102,BIR,1,1,value,6,,,,,0,0,,,,,19460331,0,BIR01,h,CAG,1,0,0,exhibition,,
BIR194603310,westo102,BIR,1,1,value,3,,,,,0,0,,,,,19460331,0,BIR01,h,CAG,1,0,0,exhibition,,
BIR194604141,bennj102,IN9,1,1,value,24,,,0,,0,0,,,,1,19460414,1,BIR01,v,BIR,0,1,0,exhibition,,
BIR194604141,haywb102,IN9,1,2,value,24,,,0,,0,,,,,1,19460414,1,BIR01,v,BIR,0,1,0,exhibition,,
BIR194604141,lindl102,IN9,1,3,value,24,,,0,1,0,0,,,,,19460414,1,BIR01,v,BIR,0,1,0,exhibition,,
BIR194604141,bassp101,BIR,1,2,value,27,,,0,,0,,,,,1,19460414,1,BIR01,h,IN9,1,0,0,exhibition,,
BIR194604141,lockl101,BIR,1,5,value,27,,,0,,0,0,,,,,19460414,1,BIR01,h,IN9,1,0,0,exhibition,,
BIR194604141,polln102,BIR,1,1,value,27,,,0,,0,0,,,,1,19460414,1,BIR01,h,IN9,1,0,0,exhibition,,
BIR194604141,wilsa101,BIR,1,6,value,27,,,0,,0,0,,,,,19460414,1,BIR01,h,IN9,1,0,0,exhibition,,
BIR194604142,cozah101,IN9,1,1,value,18,,,0,,0,0,,,,1,19460414,2,BIR01,v,BIR,0,1,0,exhibition,,
BIR194604142,hairs101,IN9,1,2,value,,,,0,,0,,,,,,19460414,2,BIR01,v,BIR,0,1,0,exhibition,,
BIR194604142,haywb102,IN9,1,2,value,,,,0,,0,,,,,1,19460414,2,BIR01,v,BIR,0,1,0,exhibition,,
BIR194604142,bellh102,BIR,1,2,value,21,,,0,,0,,,,,1,19460414,2,BIR01,h,IN9,1,0,0,exhibition,,
BIR194604142,poweb103,BIR,1,1,value,21,,,0,,0,0,,,,1,19460414,2,BIR01,h,IN9,1,0,0,exhibition,,
BIR194604142,wilsa101,BIR,1,6,value,21,,,0,,0,0,,,,,19460414,2,BIR01,h,IN9,1,0,0,exhibition,,
BIR194604150,andeb106,NY6,1,1,value,,,,0,,0,0,,,,1,19460415,0,BAT01,v,BIR,0,1,0,exhibition,,
BIR194604150,loudl101,NY6,1,2,value,24,,,0,,0,,,,,1,19460415,0,BAT01,v,BIR,0,1,0,exhibition,,
BIR194604150,tianl102,NY6,1,1,value,,,,0,,0,0,,,,,19460415,0,BAT01,v,BIR,0,1,0,exhibition,,
BIR194604150,bassp101,BIR,1,2,value,27,,,0,,0,,,,,1,19460415,0,BAT01,h,NY6,1,0,0,exhibition,,
BIR194604150,boona101,BIR,1,1,value,,,,0,,0,0,,,,,19460415,0,BAT01,h,NY6,1,0,0,exhibition,,
BIR194604150,gipsa101,BIR,1,1,value,,,,0,,0,0,,,,1,19460415,0,BAT01,h,NY6,1,0,0,exhibition,,
NY6194604160,hearj103,BIR,1,1,value,27,,,0,,0,0,,,,1,19460416,0,NOL01,v,NY6,1,0,0,exhibition,,
NY6194604160,talls101,BIR,1,8,value,27,,,0,,0,0,,,,,19460416,0,NOL01,v,NY6,1,0,0,exhibition,,
NY6194604160,cruem101,NY6,1,1,value,,,,0,,0,0,,,,1,19460416,0,NOL01,h,BIR,0,1,0,exhibition,,
NY6194604160,howac102,NY6,1,1,value,,,,0,,0,0,,,,,19460416,0,NOL01,h,BIR,0,1,0,exhibition,,
BIR194604210,trouq101,CVB,1,2,value,,,,,,,,,,,1,19460421,0,ATL05,v,BIR,1,0,0,exhibition,,
BIR194604210,harrt102,CVB,1,2,value,,,,,,,,,,,,19460421,0,ATL05,v,BIR,1,0,0,exhibition,,
BIR194604210,calhf101,CVB,1,1,value,6,,,0,,0,0,,,,,19460421,0,ATL05,v,BIR,1,0,0,exhibition,,
BIR194604210,carsf102,CVB,1,1,value,3,,,0,,0,0,,,,,19460421,0,ATL05,v,BIR,1,0,0,exhibition,,
BIR194604210,jeffw101,CVB,1,1,value,9,,,0,,0,0,,,,1,19460421,0,ATL05,v,BIR,1,0,0,exhibition,,
BIR194604210,jones105,CVB,1,1,value,9,,,0,,0,0,,,,,19460421,0,ATL05,v,BIR,1,0,0,exhibition,,
BIR194604210,chate101,BIR,1,1,value,9,,,0,,0,0,,,,,19460421,0,ATL05,h,CVB,0,1,0,exhibition,,
BIR194604210,hearj103,BIR,1,1,value,9,,,0,,0,0,,,,,19460421,0,ATL05,h,CVB,0,1,0,exhibition,,
BIR194604210,newbj101,BIR,1,1,value,9,,,0,,0,0,,,,1,19460421,0,ATL05,h,CVB,0,1,0,exhibition,,
BLG194604290,bestp101,BIR,1,1,value,27,,,0,,0,0,,,,1,19460429,0,ATL04,v,BLG,1,0,0,exhibition,,
BLG194604290,rombb101,BLG,1,1,value,27,,,0,,0,0,,,,1,19460429,0,ATL04,h,BIR,0,1,0,exhibition,,
CVB194605051,bassp101,BIR,1,2,value,24,,,0,,0,,,,,1,19460505,1,CLE06,v,CVB,0,1,0,regular,,
CVB194605051,bellh102,BIR,1,2,value,24,,,0,,0,,,,,,19460505,1,CLE06,v,CVB,0,1,0,regular,,
CVB194605051,bostl102,BIR,1,3,value,24,,,1,,0,0,,,,1,19460505,1,CLE06,v,CVB,0,1,0,regular,,
CVB194605051,davip102,BIR,,4,value,,,,,,,,,,,1,19460505,1,CLE06,v,CVB,0,1,0,regular,,
CVB194605051,wilsa101,BIR,,6,value,,,,,,,,,,,1,19460505,1,CLE06,v,CVB,0,1,0,regular,,
CVB194605051,britj104,BIR,,5,value,,,,,,,,,,,1,19460505,1,CLE06,v,CVB,0,1,0,regular,,
CVB194605051,steee102,BIR,,7,value,,,,,,,,,,,1,19460505,1,CLE06,v,CVB,0,1,0,regular,,
CVB194605051,gipsa101,BIR,1,1,value,24,,,0,,0,0,,,,1,19460505,1,CLE06,v,CVB,0,1,0,regular,,
CVB194605051,armob101,CVB,1,5,value,27,,,0,,0,0,,,,1,19460505,1,CLE06,h,BIR,1,0,0,regular,,
CVB194605051,calhf101,CVB,1,1,value,27,,,0,,0,0,,,,1,19460505,1,CLE06,h,BIR,1,0,0,regular,,
CVB194605051,larrp101,CVB,1,4,value,27,,,0,,0,0,,,,1,19460505,1,CLE06,h,BIR,1,0,0,regular,,
CVB194605051,olivj101,CVB,1,6,value,27,,,1,,0,0,,,,1,19460505,1,CLE06,h,BIR,1,0,0,regular,,
CVB194605051,trouq101,CVB,1,2,value,27,,,0,,0,,,,,1,19460505,1,CLE06,h,BIR,1,0,0,regular,,
CVB194605052,bellh102,BIR,1,2,value,21,,,0,,0,,,,,1,19460505,2,CLE06,v,CVB,1,0,0,regular,,
CVB194605052,newbj101,BIR,1,1,value,21,,,0,,0,0,,,,1,19460505,2,CLE06,v,CVB,1,0,0,regular,,
CVB194605052,bostl102,BIR,,3,value,,,,,,,,,,,1,19460505,2,CLE06,v,CVB,1,0,0,regular,,
CVB194605052,davip102,BIR,,4,value,,,,,,,,,,,1,19460505,2,CLE06,v,CVB,1,0,0,regular,,
CVB194605052,wilsa101,BIR,,6,value,,,,,,,,,,,1,19460505,2,CLE06,v,CVB,1,0,0,regular,,
CVB194605052,britj104,BIR,,5,value,,,,,,,,,,,1,19460505,2,CLE06,v,CVB,1,0,0,regular,,
CVB194605052,steee102,BIR,,7,value,,,,,,,,,,,1,19460505,2,CLE06,v,CVB,1,0,0,regular,,
CVB194605052,carsf102,CVB,1,1,value,,,,0,,0,0,,,,1,19460505,2,CLE06,h,BIR,0,1,0,regular,,
CVB194605052,jeths101,CVB,1,8,value,21,,,0,,0,0,,,,1,19460505,2,CLE06,h,BIR,0,1,0,regular,,
CVB194605052,jones105,CVB,1,1,value,,,,0,,0,0,,,,,19460505,2,CLE06,h,BIR,0,1,0,regular,,
CVB194605052,olivj101,CVB,1,6,value,21,,,2,,0,0,,,,1,19460505,2,CLE06,h,BIR,0,1,0,regular,,
CVB194605052,trouq101,CVB,1,2,value,21,,,0,,0,,,,,1,19460505,2,CLE06,h,BIR,0,1,0,regular,,
CVB194605060,bellh102,BIR,1,2,value,33,,,0,,0,,,,,1,19460506,0,TOL05,v,CVB,0,1,0,regular,,
CVB194605060,polln102,BIR,1,1,value,33,,,0,,0,0,,,,1,19460506,0,TOL05,v,CVB,0,1,0,regular,,
CVB194605060,trouq101,CVB,1,2,value,36,,,0,,0,,,,,1,19460506,0,TOL05,h,BIR,1,0,0,regular,,
CVB194605060,woods103,CVB,1,1,value,36,,,0,,0,0,,,,1,19460506,0,TOL05,h,BIR,1,0,0,regular,,
BIR194605090,hornb101,CVB,1,4,value,24,2,2,0,1,0,,,,,1,19460509,0,BIR01,v,BIR,0,1,0,regular,y,d
BIR194605090,olivj101,CVB,1,6,value,24,1,1,0,1,0,,,,,1,19460509,0,BIR01,v,BIR,0,1,0,regular,y,d
BIR194605090,jeths101,CVB,1,8,value,24,4,0,0,0,0,,,,,1,19460509,0,BIR01,v,BIR,0,1,0,regular,y,d
BIR194605090,gracw101,CVB,1,9,value,24,1,0,0,0,0,,,,,1,19460509,0,BIR01,v,BIR,0,1,0,regular,y,d
BIR194605090,warea101,CVB,1,3,value,24,9,0,1,1,0,,,,,1,19460509,0,BIR01,v,BIR,0,1,0,regular,y,d
BIR194605090,armob101,CVB,1,7,value,24,2,0,0,0,0,,,,,1,19460509,0,BIR01,v,BIR,0,1,0,regular,y,d
BIR194605090,trouq101,CVB,1,2,value,24,3,0,1,0,0,0,0,1,1,1,19460509,0,BIR01,v,BIR,0,1,0,regular,y,d
BIR194605090,cowaj101,CVB,1,5,value,24,2,2,1,0,0,,,,,1,19460509,0,BIR01,v,BIR,0,1,0,regular,y,d
BIR194605090,clarw103,CVB,1,1,value,4,0,1,0,0,0,,,,,1,19460509,0,BIR01,v,BIR,0,1,0,regular,y,d
BIR194605090,browj114,CVB,1,1,value,11,0,0,0,0,0,,,,,0,19460509,0,BIR01,v,BIR,0,1,0,regular,y,d
BIR194605090,hubew101,CVB,1,1,value,4,0,0,0,0,0,,,,,0,19460509,0,BIR01,v,BIR,0,1,0,regular,y,d
BIR194605090,carsf102,CVB,1,1,value,5,0,2,0,0,0,,,,,0,19460509,0,BIR01,v,BIR,0,1,0,regular,y,d
BIR194605090,wilsa101,BIR,1,6,value,27,3,3,0,1,0,,,,,1,19460509,0,BIR01,h,CVB,1,0,0,regular,y,d
BIR194605090,jonec109,BIR,1,8,value,27,1,0,0,0,0,,,,,1,19460509,0,BIR01,h,CVB,1,0,0,regular,y,d
BIR194605090,britj104,BIR,1,5,value,27,1,1,0,0,0,,,,,1,19460509,0,BIR01,h,CVB,1,0,0,regular,y,d
BIR194605090,davip102,BIR,1,4,value,27,4,4,0,1,0,,,,,1,19460509,0,BIR01,h,CVB,1,0,0,regular,y,d
BIR194605090,steee102,BIR,1,9,value,27,1,0,0,0,0,,,,,1,19460509,0,BIR01,h,CVB,1,0,0,regular,y,d
BIR194605090,lockl101,BIR,1,7,value,27,2,0,0,0,0,,,,,1,19460509,0,BIR01,h,CVB,1,0,0,regular,y,d
BIR194605090,bostl102,BIR,1,3,value,27,7,0,0,1,0,,,,,1,19460509,0,BIR01,h,CVB,1,0,0,regular,y,d
BIR194605090,bassp101,BIR,1,2,value,27,8,0,0,0,0,0,0,0,0,1,19460509,0,BIR01,h,CVB,1,0,0,regular,y,d
BIR194605090,hearj103,BIR,1,1,value,27,0,0,0,0,0,,,,,1,19460509,0,BIR01,h,CVB,1,0,0,regular,y,d
BIR194605100,burcw101,CVB,1,1,value,,,,0,,0,0,,,,,19460510,0,BIR01,v,BIR,0,1,0,regular,,
BIR194605100,jones105,CVB,1,1,value,,,,0,,0,0,,,,1,19460510,0,BIR01,v,BIR,0,1,0,regular,,
BIR194605100,kelll101,CVB,1,2,value,24,,,0,,0,,,,,1,19460510,0,BIR01,v,BIR,0,1,0,regular,,
BIR194605100,bellh102,BIR,1,2,value,27,,,0,,0,,,,,1,19460510,0,BIR01,h,CVB,1,0,0,regular,,
BIR194605100,hollc104,BIR,1,1,value,27,,,0,,0,0,,,,1,19460510,0,BIR01,h,CVB,1,0,0,regular,,
BIR194605121,calhf101,CVB,1,1,value,,,,0,,0,0,,,,1,19460512,1,BIR01,v,BIR,0,1,0,regular,,
BIR194605121,carsf102,CVB,1,1,value,,,,0,,0,0,,,,,19460512,1,BIR01,v,BIR,0,1,0,regular,,
BIR194605121,kelll101,CVB,1,2,value,24,,,0,,0,,,,,1,19460512,1,BIR01,v,BIR,0,1,0,regular,,
BIR194605121,trouq101,CVB,1,2,value,24,,,0,,0,,,,,,19460512,1,BIR01,v,BIR,0,1,0,regular,,
BIR194605121,bassp101,BIR,1,2,value,27,,,0,,0,,,,,1,19460512,1,BIR01,h,CVB,1,0,0,regular,,
BIR194605121,bellh102,BIR,1,2,value,27,,,0,,0,,,,,,19460512,1,BIR01,h,CVB,1,0,0,regular,,
BIR194605121,gipsa101,BIR,1,1,value,27,,,0,,0,0,,,,1,19460512,1,BIR01,h,CVB,1,0,0,regular,,
BIR194605122,trouq101,CVB,1,2,value,21,,,0,,0,,,,,1,19460512,2,BIR01,v,BIR,1,0,0,regular,,
BIR194605122,woods103,CVB,1,1,value,21,,,0,,0,0,,,,1,19460512,2,BIR01,v,BIR,1,0,0,regular,,
BIR194605122,bellh102,BIR,1,2,value,21,,,0,,0,,,,,1,19460512,2,BIR01,h,CVB,0,1,0,regular,,
BIR194605122,hearj103,BIR,1,1,value,,,,0,,0,0,,,,,19460512,2,BIR01,h,CVB,0,1,0,regular,,
BIR194605122,newbj101,BIR,1,1,value,,,,0,,0,0,,,,,19460512,2,BIR01,h,CVB,0,1,0,regular,,
BIR194605122,poweb103,BIR,1,1,value,,,,0,,0,0,,,,1,19460512,2,BIR01,h,CVB,0,1,0,regular,,
BIR194605122,westo102,BIR,1,1,value,,,,0,,0,0,,,,,19460512,2,BIR01,h,CVB,0,1,0,regular,,
BIR194605150,clarw103,CVB,1,1,value,27,,,0,,0,0,,,,1,19460515,0,ATL04,v,BIR,1,0,0,regular,,
BIR194605150,polln102,BIR,1,1,value,27,,,0,,0,0,,,,1,19460515,0,ATL04,h,CVB,0,1,0,regular,,
MEM194605160,bassp101,BIR,1,2,value,,,,0,,0,,,,,,19460516,0,MEM03,v,MEM,0,1,0,regular,,
MEM194605160,bellh102,BIR,1,2,value,,,,0,,0,,,,,1,19460516,0,MEM03,v,MEM,0,1,0,regular,,
MEM194605160,hollc104,BIR,1,1,value,,,,0,,0,0,,,,,19460516,0,MEM03,v,MEM,0,1,0,regular,,
MEM194605160,newbj101,BIR,1,1,value,,,,0,,0,0,,,,1,19460516,0,MEM03,v,MEM,0,1,0,regular,,
MEM194605160,hubej101,MEM,1,1,value,27,,,0,,0,0,,,,1,19460516,0,MEM03,h,BIR,1,0,0,regular,,
MEM194605160,jonec108,MEM,1,2,value,,,,0,,0,,,,,1,19460516,0,MEM03,h,BIR,1,0,0,regular,,
MEM194605160,longr102,MEM,1,2,value,,,,0,,0,,,,,,19460516,0,MEM03,h,BIR,1,0,0,regular,,
MEM194605191,bassp101,BIR,1,2,value,24,,,0,,0,,,,,1,19460519,1,MEM03,v,MEM,0,1,0,regular,,
MEM194605191,gipsa101,BIR,1,1,value,,,,0,,0,0,,,,1,19460519,1,MEM03,v,MEM,0,1,0,regular,,
MEM194605191,poweb103,BIR,1,1,value,,,,0,,0,0,,,,,19460519,1,MEM03,v,MEM,0,1,0,regular,,
MEM194605191,hutcw101,MEM,1,1,value,,,,0,,0,0,,,,,19460519,1,MEM03,h,BIR,1,0,0,regular,,
MEM194605191,jonec108,MEM,1,2,value,24,,,0,,0,,,,,1,19460519,1,MEM03,h,BIR,1,0,0,regular,,
MEM194605191,mathv101,MEM,1,1,value,,,,0,,0,0,,,,1,19460519,1,MEM03,h,BIR,1,0,0,regular,,
MEM194605192,bellh102,BIR,1,2,value,21,,,0,,0,,,,,1,19460519,2,MEM03,v,MEM,1,0,0,regular,,
MEM194605192,polln102,BIR,1,1,value,21,,,0,,0,0,,,,1,19460519,2,MEM03,v,MEM,1,0,0,regular,,
MEM194605192,davic105,MEM,1,1,value,,,,0,,0,0,,,,1,19460519,2,MEM03,h,BIR,0,1,0,regular,,
MEM194605192,jonec108,MEM,1,2,value,21,,,0,,0,,,,,1,19460519,2,MEM03,h,BIR,0,1,0,regular,,
MEM194605192,stewr101,MEM,1,1,value,,,,0,,0,0,,,,,19460519,2,MEM03,h,BIR,0,1,0,regular,,
BIR194605210,browl107,MEM,1,2,value,27,,,0,,0,,,,,1,19460521,0,LRK02,v,BIR,1,0,0,regular,,
BIR194605210,evanf101,MEM,1,1,value,27,,,0,,0,0,,,,1,19460521,0,LRK02,v,BIR,1,0,0,regular,,
BIR194605210,bassp101,BIR,1,2,value,27,,,0,,0,,,,,1,19460521,0,LRK02,h,MEM,0,1,0,regular,,
BIR194605210,hearj103,BIR,1,1,value,18,,,0,,0,0,,,,1,19460521,0,LRK02,h,MEM,0,1,0,regular,,
BIR194605210,newbj101,BIR,1,1,value,9,,,0,,0,0,,,,,19460521,0,LRK02,h,MEM,0,1,0,regular,,
BIR194605220,poweb103,BIR,1,1,value,27,,,0,,0,0,,,,1,19460522,0,HOU04,h,MEM,1,0,0,regular,,
BIR194605220,wilsa101,BIR,1,6,value,27,,7,0,,0,0,,,,,19460522,0,HOU04,h,MEM,1,0,0,regular,,
BIR194605261,hutcw101,MEM,1,1,value,,,,0,,0,0,,,,1,19460526,1,BIR01,v,BIR,1,0,0,regular,,
BIR194605261,longr102,MEM,1,2,value,27,,,0,,0,,,,,1,19460526,1,BIR01,v,BIR,1,0,0,regular,,
BIR194605261,mathv101,MEM,1,1,value,,,,0,,0,0,,,,,19460526,1,BIR01,v,BIR,1,0,0,regular,,
BIR194605261,bassp101,BIR,1,2,value,27,,,0,,0,,,,,1,19460526,1,BIR01,h,MEM,0,1,0,regular,,
BIR194605261,bellh102,BIR,1,2,value,27,,,0,,0,,,,,,19460526,1,BIR01,h,MEM,0,1,0,regular,,
BIR194605261,gipsa101,BIR,1,1,value,,,,0,,0,0,,,,,19460526,1,BIR01,h,MEM,0,1,0,regular,,
BIR194605261,hearj103,BIR,1,1,value,,,,0,,0,0,,,,1,19460526,1,BIR01,h,MEM,0,1,0,regular,,
BIR194605262,hubej101,MEM,1,1,value,18,,,0,,0,0,,,,1,19460526,2,BIR01,v,BIR,0,1,0,regular,,
BIR194605262,longr102,MEM,1,2,value,18,,,0,,0,,,,,1,19460526,2,BIR01,v,BIR,0,1,0,regular,,
BIR194605262,bassp101,BIR,1,2,value,21,,,0,,0,,,,,,19460526,2,BIR01,h,MEM,1,0,0,regular,,
BIR194605262,bellh102,BIR,1,2,value,21,,,0,,0,,,,,1,19460526,2,BIR01,h,MEM,1,0,0,regular,,
BIR194605262,newbj101,BIR,1,1,value,21,,,0,,0,0,,,,1,19460526,2,BIR01,h,MEM,1,0,0,regular,,
BIR194605270,davic105,MEM,1,1,value,,,,0,,0,0,,,,1,19460527,0,MTG01,v,BIR,1,0,0,regular,,
BIR194605270,longr102,MEM,1,2,value,27,,,0,,0,,,,,1,19460527,0,MTG01,v,BIR,1,0,0,regular,,
BIR194605270,mathv101,MEM,1,1,value,,,,0,,0,0,,,,,19460527,0,MTG01,v,BIR,1,0,0,regular,,
BIR194605270,sharp101,MEM,1,1,value,,,,0,,0,0,,,,,19460527,0,MTG01,v,BIR,1,0,0,regular,,
BIR194605270,bassp101,BIR,1,2,value,27,,,0,,0,,,,,1,19460527,0,MTG01,h,MEM,0,1,0,regular,,
BIR194605270,hollc104,BIR,1,1,value,,,,0,,0,0,,,,1,19460527,0,MTG01,h,MEM,0,1,0,regular,,
BIR194605270,westo102,BIR,1,1,value,,,,0,,0,0,,,,,19460527,0,MTG01,h,MEM,0,1,0,regular,,
BIR194605280,evanf101,MEM,1,1,value,27,,,,,0,0,,,,1,19460528,0,ATL04,v,BIR,1,0,0,regular,,
BIR194605280,hearj103,BIR,1,1,value,27,,,,,0,0,,,,1,19460528,0,ATL04,h,MEM,0,1,0,regular,,
CAG194606021,bellh102,BIR,1,2,value,,,,,,0,,,,,1,19460602,1,CHI10,v,CAG,0,1,0,regular,,
CAG194606021,bassp101,BIR,2,2,value,,,,,,0,,,,,1,19460602,1,CHI10,v,CAG,0,1,0,regular,,
CAG194606021,gipsa101,BIR,1,1,value,24,,,,,0,0,,,,1,19460602,1,CHI10,v,CAG,0,1,0,regular,,
CAG194606021,wilsa101,BIR,,6,value,,,,1,,,,,,,,19460602,1,CHI10,v,CAG,0,1,0,regular,,
CAG194606021,charb102,CAG,1,2,value,27,,,0,,0,,,,,,19460602,1,CHI10,h,BIR,1,0,0,regular,,
CAG194606021,mccow102,CAG,1,1,value,27,,,0,,0,0,,,,1,19460602,1,CHI10,h,BIR,1,0,0,regular,,
CAG194606022,lockl101,BIR,1,7,value,,,,0,,0,0,0,,,,19460602,2,CHI10,v,CAG,1,0,0,regular,,
CAG194606022,steee102,BIR,1,9,value,,,,0,,0,0,0,,,,19460602,2,CHI10,v,CAG,1,0,0,regular,,
CAG194606022,wilsa101,BIR,1,6,value,,,,0,,0,0,0,,,,19460602,2,CHI10,v,CAG,1,0,0,regular,,
CAG194606022,bassp101,BIR,1,2,value,21,,,0,,0,,,,,1,19460602,2,CHI10,v,CAG,1,0,0,regular,,
CAG194606022,newbj101,BIR,1,1,value,21,,,0,,0,,,,,1,19460602,2,CHI10,v,CAG,1,0,0,regular,,
CAG194606022,kingw102,CAG,,4,value,,,,1,,0,0,0,,,,19460602,2,CHI10,h,BIR,0,1,0,regular,,
CAG194606022,charb102,CAG,1,2,value,21,,,0,,0,,,,,,19460602,2,CHI10,h,BIR,0,1,0,regular,,
CAG194606022,duncf103,CAG,1,2,value,21,,,0,,0,,,,,1,19460602,2,CHI10,h,BIR,0,1,0,regular,,
CAG194606022,lockc102,CAG,1,1,value,21,,,0,,0,0,,,,1,19460602,2,CHI10,h,BIR,0,1,0,regular,,
CAG194606030,wilsa101,BIR,1,6,value,27,2,3,0,0,0,,,,,1,19460603,0,DAV01,v,CAG,1,0,0,regular,y,d
CAG194606030,britj104,BIR,1,5,value,27,0,2,0,0,0,,,,,1,19460603,0,DAV01,v,CAG,1,0,0,regular,y,d
CAG194606030,steee102,BIR,1,9,value,27,2,0,0,0,0,,,,,1,19460603,0,DAV01,v,CAG,1,0,0,regular,y,d
CAG194606030,davip102,BIR,1,4,value,27,5,3,0,0,0,,,,,1,19460603,0,DAV01,v,CAG,1,0,0,regular,y,d
CAG194606030,sampt101,BIR,1,3,value,9,5,0,0,0,0,,,,,1,19460603,0,DAV01,v,CAG,1,0,0,regular,y,d
CAG194606030,reynj101,BIR,1,3,value,18,5,1,0,0,0,,,,,0,19460603,0,DAV01,v,CAG,1,0,0,regular,y,d
CAG194606030,shepf101,BIR,1,8,value,27,0,0,0,0,0,,,,,1,19460603,0,DAV01,v,CAG,1,0,0,regular,y,d
CAG194606030,sampe101,BIR,1,7,value,27,0,0,0,0,0,,,,,1,19460603,0,DAV01,v,CAG,1,0,0,regular,y,d
CAG194606030,bassp101,BIR,1,2,value,27,7,0,1,0,0,1,1,0,0,1,19460603,0,DAV01,v,CAG,1,0,0,regular,y,d
CAG194606030,poweb103,BIR,1,1,value,27,1,3,0,0,0,,,,,1,19460603,0,DAV01,v,CAG,1,0,0,regular,y,d
CAG194606030,longb101,CAG,1,4,value,27,2,3,2,0,0,,,,,1,19460603,0,DAV01,h,BIR,0,1,0,regular,y,d
CAG194606030,bissj101,CAG,1,7,value,27,1,0,0,0,0,,,,,1,19460603,0,DAV01,h,BIR,0,1,0,regular,y,d
CAG194606030,wyatr101,CAG,1,6,value,27,3,2,1,0,0,,,,,1,19460603,0,DAV01,h,BIR,0,1,0,regular,y,d
CAG194606030,youne102,CAG,1,3,value,27,7,0,0,0,0,,,,,1,19460603,0,DAV01,h,BIR,0,1,0,regular,y,d
CAG194606030,mccuj101,CAG,1,9,value,27,2,0,1,0,0,,,,,1,19460603,0,DAV01,h,BIR,0,1,0,regular,y,d
CAG194606030,thomw103,CAG,1,8,value,27,3,0,0,0,0,,,,,1,19460603,0,DAV01,h,BIR,0,1,0,regular,y,d
CAG194606030,barnh102,CAG,1,2,value,27,8,1,0,0,0,2,2,3,1,1,19460603,0,DAV01,h,BIR,0,1,0,regular,y,d
CAG194606030,mcnec101,CAG,1,5,value,27,0,1,2,0,0,,,,,1,19460603,0,DAV01,h,BIR,0,1,0,regular,y,d
CAG194606030,howar101,CAG,1,1,value,18,0,0,0,0,0,,,,,1,19460603,0,DAV01,h,BIR,0,1,0,regular,y,d
CAG194606030,rhodh101,CAG,1,1,value,9,1,1,1,0,0,,,,,0,19460603,0,DAV01,h,BIR,0,1,0,regular,y,d
CAG194606040,wilsa101,BIR,1,6,value,27,,,0,0,0,,,,,1,19460604,0,SBD01,v,CAG,1,0,0,regular,y,
CAG194606040,reynj101,BIR,1,3,value,27,,,1,0,0,,,,,1,19460604,0,SBD01,v,CAG,1,0,0,regular,y,
CAG194606040,britj104,BIR,1,5,value,27,,,0,0,0,,,,,1,19460604,0,SBD01,v,CAG,1,0,0,regular,y,
CAG194606040,davip102,BIR,1,4,value,27,,,1,0,0,,,,,1,19460604,0,SBD01,v,CAG,1,0,0,regular,y,
CAG194606040,steee102,BIR,1,9,value,27,,,0,0,0,,,,,1,19460604,0,SBD01,v,CAG,1,0,0,regular,y,
CAG194606040,sampe101,BIR,1,8,value,27,,,0,0,0,,,,,1,19460604,0,SBD01,v,CAG,1,0,0,regular,y,
CAG194606040,lockl101,BIR,1,7,value,27,,,0,0,0,,,,,1,19460604,0,SBD01,v,CAG,1,0,0,regular,y,
CAG194606040,bassp101,BIR,1,2,value,27,,,0,0,0,0,,,,1,19460604,0,SBD01,v,CAG,1,0,0,regular,y,
CAG194606040,hearj103,BIR,1,1,value,27,,,0,0,0,,,,,1,19460604,0,SBD01,v,CAG,1,0,0,regular,y,
CAG194606040,wyatr101,CAG,1,6,value,27,,,0,1,0,,,,,1,19460604,0,SBD01,h,BIR,0,1,0,regular,y,
CAG194606040,thomw103,CAG,1,8,value,27,,,1,0,0,,,,,1,19460604,0,SBD01,h,BIR,0,1,0,regular,y,
CAG194606040,mccuj101,CAG,1,9,value,27,,,0,0,0,,,,,1,19460604,0,SBD01,h,BIR,0,1,0,regular,y,
CAG194606040,youne102,CAG,1,3,value,27,,,0,1,0,,,,,1,19460604,0,SBD01,h,BIR,0,1,0,regular,y,
CAG194606040,nelsc102,CAG,1,5,value,27,,,2,0,0,,,,,1,19460604,0,SBD01,h,BIR,0,1,0,regular,y,
CAG194606040,barnh102,CAG,1,2,value,27,,,0,0,0,0,,,,1,19460604,0,SBD01,h,BIR,0,1,0,regular,y,
CAG194606040,rhodh101,CAG,1,7,value,27,,,1,0,0,,,,,1,19460604,0,SBD01,h,BIR,0,1,0,regular,y,
CAG194606040,mcnec101,CAG,1,4,value,27,,,0,0,0,,,,,1,19460604,0,SBD01,h,BIR,0,1,0,regular,y,
CAG194606040,jessg101,CAG,1,1,value,27,,,1,1,0,,,,,1,19460604,0,SBD01,h,BIR,0,1,0,regular,y,
IN9194606050,bassp101,BIR,1,2,value,27,,,0,,0,,,,,1,19460605,0,IND10,v,IN9,1,0,0,regular,,
IN9194606050,hollc104,BIR,1,1,value,,,,0,,0,0,,,,,19460605,0,IND10,v,IN9,1,0,0,regular,,
IN9194606050,newbj101,BIR,1,1,value,,,,0,,0,0,,,,,19460605,0,IND10,v,IN9,1,0,0,regular,,
IN9194606050,polln102,BIR,1,1,value,,,,0,,0,0,,,,1,19460605,0,IND10,v,IN9,1,0,0,regular,,
IN9194606050,haywb102,IN9,1,2,value,27,,,0,,0,,,,,1,19460605,0,IND10,h,BIR,0,1,0,regular,,
IN9194606050,merch101,IN9,1,1,value,27,,,0,,0,0,,,,1,19460605,0,IND10,h,BIR,0,1,0,regular,,
CAG194606060,bellh102,BIR,1,2,value,27,,,0,,0,,,,,1,19460606,0,CHI10,v,CAG,1,0,0,regular,,
CAG194606060,gipsa101,BIR,1,1,value,27,,,0,,0,0,,,,1,19460606,0,CHI10,v,CAG,1,0,0,regular,,
CAG194606060,barnh102,CAG,1,2,value,27,,,0,,0,,,,,1,19460606,0,CHI10,h,BIR,0,1,0,regular,,
CAG194606060,howar101,CAG,1,1,value,,,,0,,0,0,,,,,19460606,0,CHI10,h,BIR,0,1,0,regular,,
CAG194606060,lockc102,CAG,1,1,value,,,,0,,0,0,,,,,19460606,0,CHI10,h,BIR,0,1,0,regular,,
CAG194606060,mccow102,CAG,1,1,value,,,,0,,0,0,,,,1,19460606,0,CHI10,h,BIR,0,1,0,regular,,
MEM194606091,bassp101,BIR,1,2,value,24,,,0,,0,,,,,1,19460609,1,MEM03,v,MEM,0,1,0,regular,,
MEM194606091,newbj101,BIR,1,1,value,,,,0,,0,0,,,,1,19460609,1,MEM03,v,MEM,0,1,0,regular,,
MEM194606091,polln102,BIR,1,1,value,,,,0,,0,0,,,,,19460609,1,MEM03,v,MEM,0,1,0,regular,,
MEM194606091,hutcw101,MEM,1,1,value,27,,,0,,0,0,,,,1,19460609,1,MEM03,h,BIR,1,0,0,regular,,
MEM194606091,longr102,MEM,1,2,value,27,,,0,,0,,,,,1,19460609,1,MEM03,h,BIR,1,0,0,regular,,
MEM194606092,bellh102,BIR,1,2,value,18,,0,0,,0,,,,,1,19460609,2,MEM03,v,MEM,0,1,0,regular,,
MEM194606092,poweb103,BIR,1,1,value,18,,0,0,,0,0,,,,1,19460609,2,MEM03,v,MEM,0,1,0,regular,,
MEM194606092,wilsa101,BIR,,6,value,,,1,,,,,,,,,19460609,2,MEM03,v,MEM,0,1,0,regular,,
MEM194606092,evanf101,MEM,1,1,value,21,,0,0,,0,0,,,,1,19460609,2,MEM03,h,BIR,1,0,0,regular,,
MEM194606092,longr102,MEM,1,2,value,21,,0,0,,0,,,,,1,19460609,2,MEM03,h,BIR,1,0,0,regular,,
IN9194606161,hearj103,BIR,1,1,value,27,,,0,,0,0,,,,1,19460616,1,CIN07,v,IN9,1,0,0,regular,,
IN9194606161,davip103,IN9,1,1,value,12,,,0,,0,0,,,,1,19460616,1,CIN07,h,BIR,0,1,0,regular,,
IN9194606161,willj112,IN9,1,1,value,,,,0,,0,0,,,,,19460616,1,CIN07,h,BIR,0,1,0,regular,,
IN9194606162,newbj101,BIR,1,1,value,33,,,0,,0,0,,,,1,19460616,2,CIN07,v,IN9,1,0,0,regular,,
IN9194606162,garca101,IN9,1,1,value,,,,0,,0,0,,,,1,19460616,2,CIN07,h,BIR,0,1,0,regular,,
IN9194606162,odoms101,IN9,1,1,value,,,,0,,0,0,,,,,19460616,2,CIN07,h,BIR,0,1,0,regular,,
IN9194606162,willj112,IN9,1,1,value,,,,,,0,0,,,,,19460616,2,CIN07,h,BIR,0,1,0,regular,,
BIR194606231,jessg101,CAG,1,1,value,28,,,,,0,,,,,1,19460623,1,BIR01,v,BIR,0,1,0,regular,,
BIR194606231,gipsa101,BIR,2,1,value,5,,,,,0,,,,,,19460623,1,BIR01,h,CAG,1,0,0,regular,,
BIR194606231,newbj101,BIR,1,1,value,25,,,,,0,,,,,1,19460623,1,BIR01,h,CAG,1,0,0,regular,,
BIR194606232,lockc102,CAG,1,1,value,27,,,,,0,,,,,1,19460623,2,BIR01,v,BIR,1,0,0,regular,,
BIR194606260,barnh102,CAG,1,2,value,24,,,,,,,,,,1,19460626,0,NOL01,v,BIR,0,1,0,regular,,
BIR194606260,charb102,CAG,1,1,value,,,,,,,,,,,1,19460626,0,NOL01,v,BIR,0,1,0,regular,,
BIR194606260,rhodh101,CAG,1,1,value,,,,,,,,,,,,19460626,0,NOL01,v,BIR,0,1,0,regular,,
BIR194606260,bassp101,BIR,1,2,value,27,,,,,,,,,,1,19460626,0,NOL01,h,CAG,1,0,0,regular,,
BIR194606260,newbj101,BIR,1,1,value,27,,,,,,,,,,1,19460626,0,NOL01,h,CAG,1,0,0,regular,,
BIR194606270,barnh102,CAG,1,2,value,24,,,,,,,,,,1,19460627,0,BIR01,v,BIR,0,1,0,regular,,
BIR194606270,jessg101,CAG,1,1,value,24,,,,,,,,,,1,19460627,0,BIR01,v,BIR,0,1,0,regular,,
BIR194606270,bassp101,BIR,1,2,value,27,,,,,,,,,,1,19460627,0,BIR01,h,CAG,1,0,0,regular,,
BIR194606270,hearj103,BIR,1,1,value,27,,,,,,,,,,1,19460627,0,BIR01,h,CAG,1,0,0,regular,,
KCM194606301,wilsa101,BIR,1,6,value,24,3,1,0,1,0,,,,,1,19460630,1,KAN05,v,KCM,0,1,0,regular,y,d
KCM194606301,reynj101,BIR,1,8,value,24,1,0,0,0,0,,,,,1,19460630,1,KAN05,v,KCM,0,1,0,regular,y,d
KCM194606301,britj104,BIR,1,5,value,24,0,2,0,0,0,,,,,1,19460630,1,KAN05,v,KCM,0,1,0,regular,y,d
KCM194606301,davip102,BIR,1,4,value,24,2,5,2,1,0,,,,,1,19460630,1,KAN05,v,KCM,0,1,0,regular,y,d
KCM194606301,steee102,BIR,1,9,value,24,0,0,0,0,0,,,,,1,19460630,1,KAN05,v,KCM,0,1,0,regular,y,d
KCM194606301,bostl102,BIR,1,3,value,24,12,0,1,1,0,,,,,1,19460630,1,KAN05,v,KCM,0,1,0,regular,y,d
KCM194606301,mcnew101,BIR,1,7,value,9,1,0,0,0,0,,,,,1,19460630,1,KAN05,v,KCM,0,1,0,regular,y,d
KCM194606301,shepf101,BIR,1,7,value,15,0,0,0,0,0,,,,,0,19460630,1,KAN05,v,KCM,0,1,0,regular,y,d
KCM194606301,bassp101,BIR,1,2,value,24,5,3,0,0,0,0,0,0,0,1,19460630,1,KAN05,v,KCM,0,1,0,regular,y,d
KCM194606301,newbj101,BIR,1,1,value,21,0,1,0,0,0,,,,,1,19460630,1,KAN05,v,KCM,0,1,0,regular,y,d
KCM194606301,polln102,BIR,1,1,value,3,0,1,0,0,0,,,,,0,19460630,1,KAN05,v,KCM,0,1,0,regular,y,d
KCM194606301,soueh101,KCM,1,5,value,27,1,4,1,0,0,,,,,1,19460630,1,KAN05,h,BIR,1,0,0,regular,y,d
KCM194606301,thomh103,KCM,1,4,value,27,2,3,0,1,0,,,,,1,19460630,1,KAN05,h,BIR,1,0,0,regular,y,d
KCM194606301,scotj106,KCM,1,7,value,27,1,0,0,0,0,,,,,1,19460630,1,KAN05,h,BIR,1,0,0,regular,y,d
KCM194606301,strot101,KCM,1,9,value,27,0,0,1,0,0,,,,,1,19460630,1,KAN05,h,BIR,1,0,0,regular,y,d
KCM194606301,broww101,KCM,1,8,value,27,3,1,0,1,0,,,,,1,19460630,1,KAN05,h,BIR,1,0,0,regular,y,d
KCM194606301,greej108,KCM,1,2,value,27,8,1,1,1,0,0,0,1,1,1,19460630,1,KAN05,h,BIR,1,0,0,regular,y,d
KCM194606301,oneib801,KCM,1,3,value,27,8,2,0,0,0,,,,,1,19460630,1,KAN05,h,BIR,1,0,0,regular,y,d
KCM194606301,renfc101,KCM,1,6,value,27,1,1,0,1,0,,,,,1,19460630,1,KAN05,h,BIR,1,0,0,regular,y,d
KCM194606301,lamaj102,KCM,1,1,value,27,3,0,0,0,0,,,,,1,19460630,1,KAN05,h,BIR,1,0,0,regular,y,d
KCM194606302,wilsa101,BIR,1,6,value,18,1,2,0,0,0,,,,,1,19460630,2,KAN05,v,KCM,0,1,0,regular,y,d
KCM194606302,britj104,BIR,1,5,value,18,2,0,0,0,0,,,,,1,19460630,2,KAN05,v,KCM,0,1,0,regular,y,d
KCM194606302,shepf101,BIR,1,8,value,18,1,0,0,0,0,,,,,1,19460630,2,KAN05,v,KCM,0,1,0,regular,y,d
KCM194606302,davip102,BIR,1,4,value,18,2,3,0,1,0,,,,,1,19460630,2,KAN05,v,KCM,0,1,0,regular,y,d
KCM194606302,steee102,BIR,1,9,value,18,0,0,0,0,0,,,,,1,19460630,2,KAN05,v,KCM,0,1,0,regular,y,d
KCM194606302,bostl102,BIR,1,3,value,18,6,0,0,1,0,,,,,1,19460630,2,KAN05,v,KCM,0,1,0,regular,y,d
KCM194606302,sampe101,BIR,1,7,value,18,1,0,0,0,0,,,,,1,19460630,2,KAN05,v,KCM,0,1,0,regular,y,d
KCM194606302,bassp101,BIR,1,2,value,18,5,1,0,0,0,0,0,0,0,1,19460630,2,KAN05,v,KCM,0,1,0,regular,y,d
KCM194606302,gipsa101,BIR,1,1,value,18,0,1,0,1,0,,,,,1,19460630,2,KAN05,v,KCM,0,1,0,regular,y,d
KCM194606302,soueh101,KCM,1,5,value,21,1,1,0,0,0,,,,,1,19460630,2,KAN05,h,BIR,1,0,0,regular,y,d
KCM194606302,thomh103,KCM,1,4,value,12,0,4,0,0,0,,,,,1,19460630,2,KAN05,h,BIR,1,0,0,regular,y,d
KCM194606302,thomh103,KCM,2,6,value,9,0,0,0,0,0,,,,,0,19460630,2,KAN05,h,BIR,1,0,0,regular,y,d
KCM194606302,scotj106,KCM,1,7,value,21,2,0,0,0,0,,,,,1,19460630,2,KAN05,h,BIR,1,0,0,regular,y,d
KCM194606302,strot101,KCM,1,9,value,21,0,0,0,0,0,,,,,1,19460630,2,KAN05,h,BIR,1,0,0,regular,y,d
KCM194606302,broww101,KCM,1,8,value,21,2,0,0,0,0,,,,,1,19460630,2,KAN05,h,BIR,1,0,0,regular,y,d
KCM194606302,oneib801,KCM,1,3,value,21,11,0,0,1,0,,,,,1,19460630,2,KAN05,h,BIR,1,0,0,regular,y,d
KCM194606302,renfc101,KCM,1,6,value,12,0,3,0,0,0,,,,,1,19460630,2,KAN05,h,BIR,1,0,0,regular,y,d
KCM194606302,moodl101,KCM,1,4,value,9,1,1,1,1,0,,,,,0,19460630,2,KAN05,h,BIR,1,0,0,regular,y,d
KCM194606302,taboe101,KCM,1,2,value,21,4,0,0,0,0,1,0,0,0,1,19460630,2,KAN05,h,BIR,1,0,0,regular,y,d
KCM194606302,wylis101,KCM,1,1,value,21,0,1,1,1,0,,,,,1,19460630,2,KAN05,h,BIR,1,0,0,regular,y,d
KCM194607010,wilsa101,BIR,1,6,value,24,3,4,0,0,0,,,,,1,19460701,0,KAN05,v,KCM,0,1,0,regular,y,
KCM194607010,britj104,BIR,1,5,value,24,2,0,0,0,0,,,,,1,19460701,0,KAN05,v,KCM,0,1,0,regular,y,
KCM194607010,shepf101,BIR,1,8,value,24,4,0,0,0,0,,,,,1,19460701,0,KAN05,v,KCM,0,1,0,regular,y,
KCM194607010,davip102,BIR,1,4,value,24,1,1,1,0,0,,,,,1,19460701,0,KAN05,v,KCM,0,1,0,regular,y,
KCM194607010,steee102,BIR,1,9,value,24,0,1,1,0,0,,,,,1,19460701,0,KAN05,v,KCM,0,1,0,regular,y,
KCM194607010,bostl102,BIR,1,3,value,24,8,1,0,0,0,,,,,1,19460701,0,KAN05,v,KCM,0,1,0,regular,y,
KCM194607010,sampe101,BIR,1,7,value,18,1,1,0,0,0,,,,,1,19460701,0,KAN05,v,KCM,0,1,0,regular,y,
KCM194607010,reynj101,BIR,1,7,value,6,0,0,0,0,0,,,,,,19460701,0,KAN05,v,KCM,0,1,0,regular,y,
KCM194607010,bassp101,BIR,1,2,value,24,4,0,0,0,0,0,,,,1,19460701,0,KAN05,v,KCM,0,1,0,regular,y,
KCM194607010,poweb103,BIR,1,1,value,1,0,0,0,0,0,,,,,1,19460701,0,KAN05,v,KCM,0,1,0,regular,y,
KCM194607010,polln102,BIR,1,1,value,17,1,1,0,0,0,,,,,,19460701,0,KAN05,v,KCM,0,1,0,regular,y,
KCM194607010,hollc104,BIR,1,1,value,6,0,1,0,0,0,,,,,,19460701,0,KAN05,v,KCM,0,1,0,regular,y,
KCM194607010,soueh101,KCM,1,5,value,27,0,1,0,1,0,,,,,1,19460701,0,KAN05,h,BIR,1,0,0,regular,y,
KCM194607010,thomh103,KCM,1,4,value,27,1,5,0,1,0,,,,,1,19460701,0,KAN05,h,BIR,1,0,0,regular,y,
KCM194607010,scotj106,KCM,1,7,value,27,2,0,0,0,0,,,,,1,19460701,0,KAN05,h,BIR,1,0,0,regular,y,
KCM194607010,strot101,KCM,1,9,value,27,3,0,0,0,0,,,,,1,19460701,0,KAN05,h,BIR,1,0,0,regular,y,
KCM194607010,broww101,KCM,1,8,value,27,1,0,0,0,0,,,,,1,19460701,0,KAN05,h,BIR,1,0,0,regular,y,
KCM194607010,greej108,KCM,1,2,value,27,8,2,0,0,0,0,,,,1,19460701,0,KAN05,h,BIR,1,0,0,regular,y,
KCM194607010,oneib801,KCM,1,3,value,27,10,1,0,1,0,,,,,1,19460701,0,KAN05,h,BIR,1,0,0,regular,y,
KCM194607010,renfc101,KCM,1,6,value,27,2,1,1,0,0,,,,,1,19460701,0,KAN05,h,BIR,1,0,0,regular,y,
KCM194607010,smitf107,KCM,1,1,value,27,0,4,0,0,0,,,,,1,19460701,0,KAN05,h,BIR,1,0,0,regular,y,
BIR194607040,greej108,KCM,1,2,value,6,,,,,,,,,,,19460704,0,BIR01,v,BIR,1,0,0,regular,,
BIR194607040,lamaj102,KCM,1,1,value,27,,,,,,,,,,1,19460704,0,BIR01,v,BIR,1,0,0,regular,,
BIR194607040,taboe101,KCM,1,2,value,21,,,,,,,,,,1,19460704,0,BIR01,v,BIR,1,0,0,regular,,
BIR194607040,bellh102,BIR,1,2,value,27,,,,,,,,,,1,19460704,0,BIR01,h,KCM,0,1,0,regular,,
BIR194607040,gipsa101,BIR,1,1,value,,,,,,,,,,,,19460704,0,BIR01,h,KCM,0,1,0,regular,,
BIR194607040,hollc104,BIR,1,1,value,,,,,,,,,,,,19460704,0,BIR01,h,KCM,0,1,0,regular,,
BIR194607040,newbj101,BIR,1,1,value,,,,,,,,,,,1,19460704,0,BIR01,h,KCM,0,1,0,regular,,
CAG194607071,wilsa101,BIR,1,6,value,24,,,1,0,0,,,,,1,19460707,1,CHI10,v,CAG,0,1,0,regular,y,
CAG194607071,britj104,BIR,1,5,value,24,,,0,0,0,,,,,1,19460707,1,CHI10,v,CAG,0,1,0,regular,y,
CAG194607071,davip102,BIR,1,4,value,24,,,0,0,0,,,,,1,19460707,1,CHI10,v,CAG,0,1,0,regular,y,
CAG194607071,bostl102,BIR,1,3,value,24,,,0,0,0,,,,,1,19460707,1,CHI10,v,CAG,0,1,0,regular,y,
CAG194607071,steee102,BIR,1,9,value,24,,,0,0,0,,,,,1,19460707,1,CHI10,v,CAG,0,1,0,regular,y,
CAG194607071,moodl101,BIR,1,7,value,24,,,0,0,0,,,,,1,19460707,1,CHI10,v,CAG,0,1,0,regular,y,
CAG194607071,bassp101,BIR,1,2,value,24,,,0,0,0,0,,,,1,19460707,1,CHI10,v,CAG,0,1,0,regular,y,
CAG194607071,thomj104,BIR,1,8,value,24,,,0,0,0,,,,,1,19460707,1,CHI10,v,CAG,0,1,0,regular,y,
CAG194607071,newbj101,BIR,1,1,value,24,,,0,0,0,,,,,1,19460707,1,CHI10,v,CAG,0,1,0,regular,y,
CAG194607071,longb101,CAG,1,4,value,27,,,0,0,0,,,,,1,19460707,1,CHI10,h,BIR,1,0,0,regular,y,
CAG194607071,thomw103,CAG,1,8,value,27,,,0,0,0,,,,,1,19460707,1,CHI10,h,BIR,1,0,0,regular,y,
CAG194607071,mccuj101,CAG,1,9,value,27,,,0,0,0,,,,,1,19460707,1,CHI10,h,BIR,1,0,0,regular,y,
CAG194607071,youne102,CAG,1,3,value,27,,,0,0,0,,,,,1,19460707,1,CHI10,h,BIR,1,0,0,regular,y,
CAG194607071,nelsc102,CAG,1,5,value,27,,,0,0,0,,,,,1,19460707,1,CHI10,h,BIR,1,0,0,regular,y,
CAG194607071,milej102,CAG,1,7,value,27,,,0,0,0,,,,,1,19460707,1,CHI10,h,BIR,1,0,0,regular,y,
CAG194607071,barnh102,CAG,1,2,value,27,,,0,0,0,0,,,,1,19460707,1,CHI10,h,BIR,1,0,0,regular,y,
CAG194607071,mcnec101,CAG,1,6,value,27,,,0,0,0,,,,,1,19460707,1,CHI10,h,BIR,1,0,0,regular,y,
CAG194607071,lockc102,CAG,1,1,value,27,,,0,0,0,,,,,1,19460707,1,CHI10,h,BIR,1,0,0,regular,y,
CAG194607072,bassp101,BIR,1,2,value,21,,,0,,0,,,,,1,19460707,2,CHI10,v,CAG,1,0,0,regular,,
CAG194607072,hearj103,BIR,1,1,value,21,,,0,,0,0,,,,1,19460707,2,CHI10,v,CAG,1,0,0,regular,,
CAG194607072,browj114,CAG,1,1,value,,,,0,,0,0,,,,1,19460707,2,CHI10,h,BIR,0,1,0,regular,,
CAG194607072,tolbj101,CAG,1,2,value,,,,,,,,,,,1,19460707,2,CHI10,h,BIR,0,1,0,regular,,
CAG194607072,charb102,CAG,2,2,value,,,,0,,0,,,,,,19460707,2,CHI10,h,BIR,0,1,0,regular,,
CAG194607072,howar101,CAG,1,1,value,,,,0,,0,0,,,,,19460707,2,CHI10,h,BIR,0,1,0,regular,,
CAG194607080,wilsa101,BIR,1,6,value,24,,,0,0,0,,,,,1,19460708,0,SBD01,v,CAG,0,1,0,regular,y,
CAG194607080,britj104,BIR,1,5,value,24,,,0,0,0,,,,,1,19460708,0,SBD01,v,CAG,0,1,0,regular,y,
CAG194607080,davip102,BIR,1,4,value,24,,,0,0,0,,,,,1,19460708,0,SBD01,v,CAG,0,1,0,regular,y,
CAG194607080,bostl102,BIR,1,3,value,24,,,0,0,0,,,,,1,19460708,0,SBD01,v,CAG,0,1,0,regular,y,
CAG194607080,steee102,BIR,1,9,value,24,,,0,0,0,,,,,1,19460708,0,SBD01,v,CAG,0,1,0,regular,y,
CAG194607080,moodl101,BIR,1,7,value,24,,,0,0,0,,,,,1,19460708,0,SBD01,v,CAG,0,1,0,regular,y,
CAG194607080,bassp101,BIR,1,2,value,24,,,0,0,0,0,,,,1,19460708,0,SBD01,v,CAG,0,1,0,regular,y,
CAG194607080,thomj104,BIR,1,8,value,24,,,0,0,0,,,,,1,19460708,0,SBD01,v,CAG,0,1,0,regular,y,
CAG194607080,gipsa101,BIR,1,1,value,9,,,0,0,0,,,,,1,19460708,0,SBD01,v,CAG,0,1,0,regular,y,
CAG194607080,polln102,BIR,1,1,value,15,,,1,0,0,,,,,,19460708,0,SBD01,v,CAG,0,1,0,regular,y,
CAG194607080,longb101,CAG,1,4,value,27,,,1,0,0,,,,,1,19460708,0,SBD01,h,BIR,1,0,0,regular,y,
CAG194607080,thomw103,CAG,1,8,value,27,,,0,0,0,,,,,1,19460708,0,SBD01,h,BIR,1,0,0,regular,y,
CAG194607080,mccuj101,CAG,1,9,value,27,,,0,0,0,,,,,1,19460708,0,SBD01,h,BIR,1,0,0,regular,y,
CAG194607080,youne102,CAG,1,3,value,27,,,0,0,0,,,,,1,19460708,0,SBD01,h,BIR,1,0,0,regular,y,
CAG194607080,nelsc102,CAG,1,5,value,27,,,0,0,0,,,,,1,19460708,0,SBD01,h,BIR,1,0,0,regular,y,
CAG194607080,milej102,CAG,1,7,value,27,,,0,0,0,,,,,1,19460708,0,SBD01,h,BIR,1,0,0,regular,y,
CAG194607080,barnh102,CAG,1,2,value,27,,,0,0,0,0,,,,1,19460708,0,SBD01,h,BIR,1,0,0,regular,y,
CAG194607080,mcnec101,CAG,1,6,value,27,,,0,0,0,,,,,1,19460708,0,SBD01,h,BIR,1,0,0,regular,y,
CAG194607080,mccow102,CAG,1,1,value,27,,,0,0,0,,,,,1,19460708,0,SBD01,h,BIR,1,0,0,regular,y,
CAG194607110,bassp101,BIR,1,2,value,27,,,0,,0,,,,,1,19460711,0,CHI10,v,CAG,1,0,0,regular,,
CAG194607110,newbj101,BIR,1,1,value,27,,,0,,0,0,,,,1,19460711,0,CHI10,v,CAG,1,0,0,regular,,
CAG194607110,barnh102,CAG,1,2,value,27,,,0,,0,,,,,1,19460711,0,CHI10,h,BIR,0,1,0,regular,,
CAG194607110,lockc102,CAG,1,1,value,,,,0,,0,0,,,,1,19460711,0,CHI10,h,BIR,0,1,0,regular,,
CAG194607110,mccow102,CAG,1,1,value,,,,0,,0,0,,,,,19460711,0,CHI10,h,BIR,0,1,0,regular,,
CAG194607110,stewr101,CAG,1,1,value,,,,0,,0,0,,,,,19460711,0,CHI10,h,BIR,0,1,0,regular,,
HOM194607120,hearj103,BIR,1,1,value,30,,,0,,0,0,,,,1,19460712,0,DAY03,v,HOM,0,0,1,exhibition,,
HOM194607120,hairh101,HOM,1,1,value,30,,,0,,0,0,,,,1,19460712,0,DAY03,h,BIR,0,0,1,exhibition,,
BIR194607141,duffj104,CCR,1,2,value,24,,,0,,0,,,,,1,19460714,1,BIR01,v,BIR,0,1,0,exhibition,,
BIR194607141,thomf110,CCR,1,1,value,24,,,0,,0,0,,,,1,19460714,1,BIR01,v,BIR,0,1,0,exhibition,,
BIR194607141,bellh102,BIR,1,2,value,27,,,0,,0,,,,,1,19460714,1,BIR01,h,CCR,1,0,0,exhibition,,
BIR194607141,bostl102,BIR,1,3,value,27,,,0,,0,0,,,,,19460714,1,BIR01,h,CCR,1,0,0,exhibition,,
BIR194607141,gipsa101,BIR,1,1,value,27,,,0,,0,0,,,,1,19460714,1,BIR01,h,CCR,1,0,0,exhibition,,
BIR194607142,hundj101,CCR,1,2,value,18,,,0,,0,,,,,1,19460714,2,BIR01,v,BIR,0,1,0,exhibition,,
BIR194607142,markj101,CCR,1,1,value,18,,,0,,0,0,,,,1,19460714,2,BIR01,v,BIR,0,1,0,exhibition,,
BIR194607142,bassp101,BIR,1,2,value,21,,,0,,0,,,,,1,19460714,2,BIR01,h,CCR,1,0,0,exhibition,,
BIR194607142,bostl102,BIR,1,3,value,21,,,0,,0,0,,,,,19460714,2,BIR01,h,CCR,1,0,0,exhibition,,
BIR194607142,polln102,BIR,1,1,value,9,,,0,,0,0,,,,,19460714,2,BIR01,h,CCR,1,0,0,exhibition,,
BIR194607142,poweb103,BIR,1,1,value,12,,,0,,0,0,,,,1,19460714,2,BIR01,h,CCR,1,0,0,exhibition,,
NY6194607200,thomj104,BIR,1,8,value,27,4,0,0,0,0,,,,,1,19460720,0,WIL04,v,NY6,1,0,0,exhibition,y,d
NY6194607200,wilsa101,BIR,1,6,value,27,2,2,0,0,0,,,,,1,19460720,0,WIL04,v,NY6,1,0,0,exhibition,y,d
NY6194607200,davip102,BIR,1,4,value,27,3,4,0,1,0,,,,,1,19460720,0,WIL04,v,NY6,1,0,0,exhibition,y,d
NY6194607200,bostl102,BIR,1,3,value,27,7,0,0,1,0,,,,,1,19460720,0,WIL04,v,NY6,1,0,0,exhibition,y,d
NY6194607200,steee102,BIR,1,9,value,27,4,1,0,0,0,,,,,1,19460720,0,WIL04,v,NY6,1,0,0,exhibition,y,d
NY6194607200,moodl101,BIR,1,7,value,18,2,2,0,0,0,,,,,1,19460720,0,WIL04,v,NY6,1,0,0,exhibition,y,d
NY6194607200,sampe101,BIR,1,7,value,6,1,0,0,0,0,,,,,0,19460720,0,WIL04,v,NY6,1,0,0,exhibition,y,d
NY6194607200,reynj101,BIR,1,7,value,3,0,0,0,0,0,,,,,0,19460720,0,WIL04,v,NY6,1,0,0,exhibition,y,d
NY6194607200,britj104,BIR,1,5,value,27,0,1,0,1,0,,,,,1,19460720,0,WIL04,v,NY6,1,0,0,exhibition,y,d
NY6194607200,bellh102,BIR,1,2,value,27,3,0,0,0,0,0,0,1,0,1,19460720,0,WIL04,v,NY6,1,0,0,exhibition,y,d
NY6194607200,poweb103,BIR,1,1,value,27,1,1,0,0,0,,,,,1,19460720,0,WIL04,v,NY6,1,0,0,exhibition,y,d
NY6194607200,minom101,NY6,1,5,value,27,1,5,1,0,0,,,,,1,19460720,0,WIL04,h,BIR,0,1,0,exhibition,y,d
NY6194607200,vazqa101,NY6,1,3,value,27,11,1,0,0,0,,,,,1,19460720,0,WIL04,h,BIR,0,1,0,exhibition,y,d
NY6194607200,diazf101,NY6,1,9,value,27,2,0,0,0,0,,,,,1,19460720,0,WIL04,h,BIR,0,1,0,exhibition,y,d
NY6194607200,cresa101,NY6,1,8,value,27,0,0,0,0,0,,,,,1,19460720,0,WIL04,h,BIR,0,1,0,exhibition,y,d
NY6194607200,garcs101,NY6,1,6,value,27,4,2,0,0,0,,,,,1,19460720,0,WIL04,h,BIR,0,1,0,exhibition,y,d
NY6194607200,willh105,NY6,1,4,value,27,3,4,0,0,0,,,,,1,19460720,0,WIL04,h,BIR,0,1,0,exhibition,y,d
NY6194607200,linar101,NY6,1,7,value,27,0,0,0,0,0,,,,,1,19460720,0,WIL04,h,BIR,0,1,0,exhibition,y,d
NY6194607200,noblr101,NY6,1,2,value,27,6,0,0,0,0,1,1,0,0,1,19460720,0,WIL04,h,BIR,0,1,0,exhibition,y,d
NY6194607200,jenkp101,NY6,1,1,value,8,0,0,0,0,0,,,,,1,19460720,0,WIL04,h,BIR,0,1,0,exhibition,y,d
NY6194607200,andeb106,NY6,1,1,value,16,0,2,0,0,0,,,,,0,19460720,0,WIL04,h,BIR,0,1,0,exhibition,y,d
NY6194607200,tianl102,NY6,1,1,value,3,0,0,0,0,0,,,,,0,19460720,0,WIL04,h,BIR,0,1,0,exhibition,y,d
NY6194607212,bassp101,BIR,1,2,value,24,,,0,,0,,,,,1,19460721,2,NYC14,v,NY6,0,1,0,exhibition,,
NY6194607212,moodl101,BIR,1,7,value,24,,,1,,0,0,,,,,19460721,2,NYC14,v,NY6,0,1,0,exhibition,,
NY6194607212,newbj101,BIR,1,1,value,24,,,0,,0,0,,,,1,19460721,2,NYC14,v,NY6,0,1,0,exhibition,,
NY6194607212,barnd101,NY6,1,1,value,3,,,0,,0,0,,,,1,19460721,2,NYC14,h,BIR,1,0,0,exhibition,,
NY6194607212,cruem101,NY6,1,1,value,24,,,0,,0,0,,,,,19460721,2,NYC14,h,BIR,1,0,0,exhibition,,
NY6194607212,loudl101,NY6,1,2,value,27,,,0,,0,,,,,1,19460721,2,NYC14,h,BIR,1,0,0,exhibition,,
CVB194607270,bassp101,BIR,1,2,value,24,,,0,,0,,,,,1,19460727,0,BUF06,v,CVB,0,1,0,regular,,
CVB194607270,gipsa101,BIR,1,1,value,24,,,0,,0,0,,,,1,19460727,0,BUF06,v,CVB,0,1,0,regular,,
CVB194607270,carsf102,CVB,1,1,value,27,,,0,,0,0,,,,1,19460727,0,BUF06,h,BIR,1,0,0,regular,,
CVB194607270,trouq101,CVB,1,2,value,27,,,0,,0,,,,,1,19460727,0,BUF06,h,BIR,1,0,0,regular,,
CVB194607281,bellh102,BIR,1,2,value,24,,,0,,0,,,,,1,19460728,1,SYR04,v,CVB,0,1,0,regular,,
CVB194607281,newbj101,BIR,1,1,value,24,,,0,,0,0,,,,1,19460728,1,SYR04,v,CVB,0,1,0,regular,,
CVB194607281,clarw103,CVB,1,1,value,27,,,0,,0,0,,,,1,19460728,1,SYR04,h,BIR,1,0,0,regular,,
CVB194607281,trouq101,CVB,1,2,value,27,,,0,,0,,,,,1,19460728,1,SYR04,h,BIR,1,0,0,regular,,
CVB194607282,bassp101,BIR,1,2,value,18,,,0,,0,,,,,1,19460728,2,SYR04,v,CVB,0,1,0,regular,,
CVB194607282,hearj103,BIR,1,1,value,18,,,0,,0,0,,,,1,19460728,2,SYR04,v,CVB,0,1,0,regular,,
CVB194607282,brewc102,CVB,1,1,value,21,,,0,,0,0,,,,1,19460728,2,SYR04,h,BIR,1,0,0,regular,,
CVB194607282,trouq101,CVB,1,2,value,21,,,0,,0,,,,,1,19460728,2,SYR04,h,BIR,1,0,0,regular,,
CVB194607290,bellh102,BIR,1,2,value,24,,,0,,0,,,,,1,19460729,0,CLE07,v,CVB,0,1,0,regular,,
CVB194607290,davip102,BIR,1,4,value,24,,1,0,,0,0,,,,1,19460729,0,CLE07,v,CVB,0,1,0,regular,,
CVB194607290,polln102,BIR,1,1,value,3,,,0,,0,0,,,,,19460729,0,CLE07,v,CVB,0,1,0,regular,,
CVB194607290,poweb103,BIR,1,1,value,21,,,1,,0,0,,,,1,19460729,0,CLE07,v,CVB,0,1,0,regular,,
CVB194607290,thomj104,BIR,1,8,value,24,,,0,,0,0,,,,1,19460729,0,CLE07,v,CVB,0,1,0,regular,,
CVB194607290,boona101,CVB,1,1,value,27,,,0,,0,0,,,,1,19460729,0,CLE07,h,BIR,1,0,0,regular,,
CVB194607290,trouq101,CVB,1,2,value,27,,,0,,0,,,,,1,19460729,0,CLE07,h,BIR,1,0,0,regular,,
CAG194608020,britj104,BIR,1,5,value,27,,,0,,0,0,,,,,19460802,0,DAY03,v,CAG,1,0,0,regular,,
CAG194608020,gipsa101,BIR,1,1,value,12,,,0,,0,0,,,,1,19460802,0,DAY03,v,CAG,1,0,0,regular,,
CAG194608020,hearj103,BIR,1,1,value,12,,,0,,0,0,,,,,19460802,0,DAY03,v,CAG,1,0,0,regular,,
CAG194608020,wilsa101,BIR,1,6,value,27,,,0,,0,0,,,,1,19460802,0,DAY03,v,CAG,1,0,0,regular,,
CAG194608020,jessg101,CAG,1,1,value,3,,,0,,0,0,,,,,19460802,0,DAY03,h,BIR,0,1,0,regular,,
CAG194608020,rhodh101,CAG,1,1,value,,,,0,,0,0,,,,,19460802,0,DAY03,h,BIR,0,1,0,regular,,
CAG194608020,stewr101,CAG,1,1,value,,,,0,,0,0,,,,1,19460802,0,DAY03,h,BIR,0,1,0,regular,,
CAG194608020,youne102,CAG,1,3,value,27,,,0,,0,0,,,,,19460802,0,DAY03,h,BIR,0,1,0,regular,,
BIR194608041,browj114,CAG,1,1,value,,,,0,,0,0,,,,,19460804,1,BIR01,v,BIR,1,0,0,regular,,
BIR194608041,jessg101,CAG,1,1,value,,,,0,,0,0,,,,1,19460804,1,BIR01,v,BIR,1,0,0,regular,,
BIR194608041,stewr101,CAG,1,1,value,,,,0,,0,0,,,,,19460804,1,BIR01,v,BIR,1,0,0,regular,,
BIR194608041,tolbj101,CAG,1,2,value,36,1,,0,,0,,,,,1,19460804,1,BIR01,v,BIR,1,0,0,regular,,
BIR194608041,bassp101,BIR,1,2,value,36,,,0,,0,,,,,1,19460804,1,BIR01,h,CAG,0,1,0,regular,,
BIR194608041,newbj101,BIR,1,1,value,36,,,0,,0,0,,,,1,19460804,1,BIR01,h,CAG,0,1,0,regular,,
BIR194608042,howar101,CAG,1,1,value,15,,,0,,0,0,,,,1,19460804,2,BIR01,v,BIR,0,1,0,regular,,
BIR194608042,tolbj101,CAG,1,2,value,15,,,0,,0,,,,,1,19460804,2,BIR01,v,BIR,0,1,0,regular,,
BIR194608042,bellh102,BIR,1,2,value,15,,,0,,0,,,,,1,19460804,2,BIR01,h,CAG,1,0,0,regular,,
BIR194608042,hearj103,BIR,1,1,value,15,,,0,,0,0,,,,1,19460804,2,BIR01,h,CAG,1,0,0,regular,,
BIR194608080,hundj101,CAG,1,2,value,,,,0,,0,,,,,,19460808,0,BIR01,v,BIR,1,0,0,regular,,
BIR194608080,jessg101,CAG,1,1,value,27,,,0,,0,0,,,,1,19460808,0,BIR01,v,BIR,1,0,0,regular,,
BIR194608080,tolbj101,CAG,1,2,value,,,,0,,0,,,,,1,19460808,0,BIR01,v,BIR,1,0,0,regular,,
BIR194608080,bellh102,BIR,1,2,value,27,,,0,,0,,,,,1,19460808,0,BIR01,h,CAG,0,1,0,regular,,
BIR194608080,hearj103,BIR,1,1,value,,,,0,,0,0,,,,,19460808,0,BIR01,h,CAG,0,1,0,regular,,
BIR194608080,hollc104,BIR,1,1,value,,,,0,,0,0,,,,,19460808,0,BIR01,h,CAG,0,1,0,regular,,
BIR194608080,newbj101,BIR,1,1,value,,,,0,,0,0,,,,1,19460808,0,BIR01,h,CAG,0,1,0,regular,,
CAG194608090,bassp101,BIR,1,2,value,27,,,0,,0,,,,,1,19460809,0,MTG01,v,CAG,1,0,0,regular,,
CAG194608090,gipsa101,BIR,1,1,value,27,,,0,,0,0,,,,1,19460809,0,MTG01,v,CAG,1,0,0,regular,,
CAG194608090,rhodh101,CAG,1,1,value,27,,,0,,0,0,,,,1,19460809,0,MTG01,h,BIR,0,1,0,regular,,
CAG194608090,tolbj101,CAG,1,2,value,27,,,0,,0,,,,,1,19460809,0,MTG01,h,BIR,0,1,0,regular,,
BIR194608111,garca101,IN9,1,1,value,,,,0,,0,0,,,,1,19460811,1,BIR01,v,BIR,0,1,0,regular,,
BIR194608111,godim101,IN9,1,1,value,,,,0,,0,0,,,,,19460811,1,BIR01,v,BIR,0,1,0,regular,,
BIR194608111,hairs101,IN9,1,2,value,24,,,0,,0,,,,,1,19460811,1,BIR01,v,BIR,0,1,0,regular,,
BIR194608111,bellh102,BIR,1,2,value,27,,,0,,0,,,,,1,19460811,1,BIR01,h,IN9,1,0,0,regular,,
BIR194608111,polln102,BIR,1,1,value,27,,,0,,0,0,,,,1,19460811,1,BIR01,h,IN9,1,0,0,regular,,
BIR194608112,clevd101,IN9,1,9,value,21,,,0,,0,0,,,,,19460811,2,BIR01,v,BIR,1,0,0,regular,,
BIR194608112,davip103,IN9,1,1,value,3,,,0,,0,0,,,,,19460811,2,BIR01,v,BIR,1,0,0,regular,,
BIR194608112,haywb102,IN9,1,2,value,21,,,0,,0,,,,,1,19460811,2,BIR01,v,BIR,1,0,0,regular,,
BIR194608112,henrp101,IN9,1,1,value,18,,,0,,0,0,,,,1,19460811,2,BIR01,v,BIR,1,0,0,regular,,
BIR194608112,bassp101,BIR,1,2,value,21,,,0,,0,,,,,1,19460811,2,BIR01,h,IN9,0,1,0,regular,,
BIR194608112,poweb103,BIR,1,1,value,21,,,0,,0,0,,,,1,19460811,2,BIR01,h,IN9,0,1,0,regular,,
BIR194608181,brewc102,CVB,1,1,value,27,,,0,,0,0,,,,1,19460818,1,BIR01,v,BIR,1,0,0,exhibition,,
BIR194608181,harrt102,CVB,1,2,value,27,,,0,,0,,,,,1,19460818,1,BIR01,v,BIR,1,0,0,exhibition,,
BIR194608181,bellh102,BIR,1,2,value,27,,,0,,0,,,,,1,19460818,1,BIR01,h,CVB,0,1,0,exhibition,,
BIR194608181,higdb102,BIR,1,1,value,,,,,,0,0,,,,1,19460818,1,BIR01,h,CVB,0,1,0,exhibition,,
BIR194608181,hollc104,BIR,1,1,value,,,,0,,0,0,,,,,19460818,1,BIR01,h,CVB,0,1,0,exhibition,,
BIR194608182,breme101,CVB,1,1,value,21,,,,,0,0,,,,1,19460818,2,BIR01,v,BIR,0,0,1,exhibition,,
BIR194608182,bassp101,BIR,1,2,value,21,,,0,,0,,,,,1,19460818,2,BIR01,h,CVB,0,0,1,exhibition,,
BIR194608182,bellh102,BIR,1,2,value,21,,,0,,0,,,,,,19460818,2,BIR01,h,CVB,0,0,1,exhibition,,
BIR194608182,poweb103,BIR,1,1,value,21,,,0,,0,0,,,,1,19460818,2,BIR01,h,CVB,0,0,1,exhibition,,
CVB194608251,wilsa101,BIR,1,6,value,27,1,4,0,0,0,,,,,1,19460825,1,CLE06,v,CVB,1,0,0,regular,y,
CVB194608251,britj104,BIR,1,5,value,27,1,0,0,0,0,,,,,1,19460825,1,CLE06,v,CVB,1,0,0,regular,y,
CVB194608251,davip102,BIR,1,8,value,27,1,0,0,0,0,,,,,1,19460825,1,CLE06,v,CVB,1,0,0,regular,y,
CVB194608251,bostl102,BIR,1,3,value,27,15,0,0,0,0,,,,,1,19460825,1,CLE06,v,CVB,1,0,0,regular,y,
CVB194608251,moodl101,BIR,1,7,value,,0,0,0,0,0,,,,,1,19460825,1,CLE06,v,CVB,1,0,0,regular,y,
CVB194608251,shepf101,BIR,1,7,value,,1,0,0,0,0,,,,,,19460825,1,CLE06,v,CVB,1,0,0,regular,y,
CVB194608251,sampe101,BIR,1,9,value,27,2,0,1,0,0,,,,,1,19460825,1,CLE06,v,CVB,1,0,0,regular,y,
CVB194608251,sampt101,BIR,1,4,value,27,0,6,0,0,0,,,,,1,19460825,1,CLE06,v,CVB,1,0,0,regular,y,
CVB194608251,bassp101,BIR,1,2,value,27,6,0,0,0,0,0,,,,1,19460825,1,CLE06,v,CVB,1,0,0,regular,y,
CVB194608251,newbj101,BIR,1,1,value,27,0,0,0,0,0,,,,,1,19460825,1,CLE06,v,CVB,1,0,0,regular,y,
CVB194608251,wyatr101,CVB,1,6,value,27,2,5,0,0,0,,,,,1,19460825,1,CLE06,h,BIR,0,1,0,regular,y,
CVB194608251,warea101,CVB,1,3,value,27,5,3,0,0,0,,,,,1,19460825,1,CLE06,h,BIR,0,1,0,regular,y,
CVB194608251,jeths101,CVB,1,8,value,27,1,0,0,0,0,,,,,1,19460825,1,CLE06,h,BIR,0,1,0,regular,y,
CVB194608251,kelll101,CVB,1,5,value,27,0,0,0,0,0,,,,,1,19460825,1,CLE06,h,BIR,0,1,0,regular,y,
CVB194608251,gracw101,CVB,1,9,value,27,1,0,0,0,0,,,,,1,19460825,1,CLE06,h,BIR,0,1,0,regular,y,
CVB194608251,armob101,CVB,1,7,value,27,1,0,0,0,0,,,,,1,19460825,1,CLE06,h,BIR,0,1,0,regular,y,
CVB194608251,trouq101,CVB,1,2,value,27,13,2,0,0,0,0,,,,1,19460825,1,CLE06,h,BIR,0,1,0,regular,y,
CVB194608251,cowaj101,CVB,1,4,value,27,2,0,0,0,0,,,,,1,19460825,1,CLE06,h,BIR,0,1,0,regular,y,
CVB194608251,bracd101,CVB,1,1,value,21,2,0,0,0,0,,,,,1,19460825,1,CLE06,h,BIR,0,1,0,regular,y,
CVB194608251,carsf102,CVB,1,1,value,0,0,0,0,0,0,,,,,,19460825,1,CLE06,h,BIR,0,1,0,regular,y,
CVB194608251,singa101,CVB,1,1,value,6,0,0,0,0,0,,,,,,19460825,1,CLE06,h,BIR,0,1,0,regular,y,
CVB194608252,bassp101,BIR,1,2,value,27,,,0,,0,,,,,,19460825,2,CLE06,v,CVB,1,0,0,regular,,
CVB194608252,bellh102,BIR,1,2,value,27,,,0,,0,,,,,1,19460825,2,CLE06,v,CVB,1,0,0,regular,,
CVB194608252,polln102,BIR,1,1,value,27,,,0,,0,0,,,,1,19460825,2,CLE06,v,CVB,1,0,0,regular,,
CVB194608252,brewc102,CVB,1,1,value,27,,,0,,0,0,,,,1,19460825,2,CLE06,h,BIR,0,1,0,regular,,
CVB194608252,trouq101,CVB,1,2,value,27,,,0,,0,,,,,1,19460825,2,CLE06,h,BIR,0,1,0,regular,,
BIR194609011,bankd101,MEM,1,1,value,24,,,0,,0,0,,,,1,19460901,1,BIR01,v,BIR,0,1,0,regular,,
BIR194609011,browl107,MEM,1,2,value,24,,,0,,0,,,,,1,19460901,1,BIR01,v,BIR,0,1,0,regular,,
BIR194609011,taylj106,MEM,1,3,value,24,,,2,,0,0,,,,,19460901,1,BIR01,v,BIR,0,1,0,regular,,
BIR194609011,bellh102,BIR,1,2,value,27,,,0,,0,,,,,1,19460901,1,BIR01,h,MEM,1,0,0,regular,,
BIR194609011,polln102,BIR,1,1,value,27,,,0,,0,0,,,,1,19460901,1,BIR01,h,MEM,1,0,0,regular,,
BIR194609012,carts102,MEM,1,1,value,,,,0,,0,0,,,,,19460901,2,BIR01,v,BIR,1,0,0,regular,,
BIR194609012,evanf101,MEM,1,1,value,,,,0,,0,0,,,,1,19460901,2,BIR01,v,BIR,1,0,0,regular,,
BIR194609012,jonec108,MEM,1,2,value,18,,,0,,0,,,,,1,19460901,2,BIR01,v,BIR,1,0,0,regular,,
BIR194609012,bassp101,BIR,1,2,value,18,,,0,,0,,,,,1,19460901,2,BIR01,h,MEM,0,1,0,regular,,
BIR194609012,newbj101,BIR,1,1,value,18,,,0,,0,0,,,,1,19460901,2,BIR01,h,MEM,0,1,0,regular,,
MEM194609021,bellh102,BIR,1,2,value,27,,,0,,0,,,,,1,19460902,1,MEM03,v,MEM,1,0,0,regular,,
MEM194609021,poweb103,BIR,1,1,value,27,,,0,,0,0,,,,1,19460902,1,MEM03,v,MEM,1,0,0,regular,,
MEM194609021,browl107,MEM,1,2,value,27,,,0,,0,,,,,1,19460902,1,MEM03,h,BIR,0,1,0,regular,,
MEM194609021,hutcw101,MEM,1,1,value,27,,,0,,0,0,,,,1,19460902,1,MEM03,h,BIR,0,1,0,regular,,
MEM194609022,bassp101,BIR,1,2,value,15,,,0,,0,,,,,1,19460902,2,MEM03,v,MEM,1,0,0,regular,,
MEM194609022,higdb102,BIR,1,1,value,,,,0,,0,0,,,,1,19460902,2,MEM03,v,MEM,1,0,0,regular,,
MEM194609022,hollc104,BIR,1,1,value,,,,0,,0,0,,,,,19460902,2,MEM03,v,MEM,1,0,0,regular,,
MEM194609022,carts102,MEM,1,1,value,,,,0,,0,0,,,,,19460902,2,MEM03,h,BIR,0,1,0,regular,,
MEM194609022,hubej101,MEM,1,1,value,,,,0,,0,0,,,,1,19460902,2,MEM03,h,BIR,0,1,0,regular,,
MEM194609022,jonec108,MEM,1,2,value,15,,,0,,0,,,,,1,19460902,2,MEM03,h,BIR,0,1,0,regular,,
MEM194609030,bellh102,BIR,1,2,value,27,,,0,,0,,,,,1,19460903,0,LRK02,v,MEM,1,0,0,regular,,
MEM194609030,gipsa101,BIR,1,1,value,27,,,0,,0,0,,,,1,19460903,0,LRK02,v,MEM,1,0,0,regular,,
MEM194609030,cartm101,MEM,1,1,value,,,,0,,0,0,,,,,19460903,0,LRK02,h,BIR,0,1,0,regular,,
MEM194609030,jonec108,MEM,1,2,value,27,,,0,,0,,,,,1,19460903,0,LRK02,h,BIR,0,1,0,regular,,
MEM194609030,longr102,MEM,1,4,value,27,,,0,,0,0,,,,,19460903,0,LRK02,h,BIR,0,1,0,regular,,
MEM194609030,pearf104,MEM,1,1,value,,,,0,,0,0,,,,1,19460903,0,LRK02,h,BIR,0,1,0,regular,,
CAG194609080,bassp101,BIR,1,2,value,6,,,0,,0,,,,,,19460908,0,CHI10,v,CAG,1,0,0,regular,,
CAG194609080,bellh102,BIR,1,2,value,,,,0,,0,,,,,1,19460908,0,CHI10,v,CAG,1,0,0,regular,,
CAG194609080,sampt101,BIR,1,4,value,27,,,0,,0,0,,,,,19460908,0,CHI10,v,CAG,1,0,0,regular,,
CAG194609080,jessg101,CAG,1,1,value,27,,,0,,0,0,,,,1,19460908,0,CHI10,h,BIR,0,1,0,regular,,
CAG194609080,mcnec101,CAG,1,6,value,27,,,0,,0,0,,,,,19460908,0,CHI10,h,BIR,0,1,0,regular,,
CAG194609080,willm109,CAG,1,7,value,27,,,0,,0,0,,,,,19460908,0,CHI10,h,BIR,0,1,0,regular,,
CAG194609110,bellh102,BIR,1,2,value,24,,,0,,0,,,,,1,19460911,0,COL05,v,CAG,0,1,0,regular,,
CAG194609110,higdb102,BIR,1,1,value,24,,,0,,0,0,,,,1,19460911,0,COL05,v,CAG,0,1,0,regular,,
CAG194609110,barnh102,CAG,1,2,value,27,,,0,,0,,,,,1,19460911,0,COL05,h,BIR,1,0,0,regular,,
CAG194609110,mccow102,CAG,1,1,value,27,,,0,,0,0,,,,1,19460911,0,COL05,h,BIR,1,0,0,regular,,
BIR194609270,bankd101,MEM,1,1,value,,,,0,,0,0,,,,,19460927,0,BIR01,v,BIR,0,1,0,exhibition,,
BIR194609270,hubej101,MEM,1,1,value,,,,0,,0,0,,,,1,19460927,0,BIR01,v,BIR,0,1,0,exhibition,,
BIR194609270,olivj102,MEM,1,2,value,18,,,0,,0,,,,,1,19460927,0,BIR01,v,BIR,0,1,0,exhibition,,
BIR194609270,bellh102,BIR,1,2,value,21,,,0,,0,,,,,1,19460927,0,BIR01,h,MEM,1,0,0,exhibition,,
BIR194609270,higdb102,BIR,1,1,value,21,,,0,,0,0,,,,1,19460927,0,BIR01,h,MEM,1,0,0,exhibition,,
BIR194609291,hubej101,MEM,1,1,value,,,,0,,0,0,,,,,19460929,1,BIR01,v,BIR,0,1,0,exhibition,,
BIR194609291,johnu101,MEM,1,1,value,,,,0,,0,0,,,,1,19460929,1,BIR01,v,BIR,0,1,0,exhibition,,
BIR194609291,jonec108,MEM,1,2,value,24,,,0,,0,,,,,1,19460929,1,BIR01,v,BIR,0,1,0,exhibition,,
BIR194609291,pearf104,MEM,1,1,value,,,,0,,0,0,,,,,19460929,1,BIR01,v,BIR,0,1,0,exhibition,,
BIR194609291,bellh102,BIR,1,2,value,27,,,0,,0,,,,,1,19460929,1,BIR01,h,MEM,1,0,0,exhibition,,
BIR194609291,hollc104,BIR,1,1,value,27,,,0,,0,0,,,,1,19460929,1,BIR01,h,MEM,1,0,0,exhibition,,
BIR194609292,johnu101,MEM,1,1,value,18,,,0,,0,0,,,,1,19460929,2,BIR01,v,BIR,0,0,1,exhibition,,
BIR194609292,jonec108,MEM,1,2,value,18,,,0,,0,,,,,1,19460929,2,BIR01,v,BIR,0,0,1,exhibition,,
BIR194609292,bellh102,BIR,1,2,value,18,,,0,,0,,,,,1,19460929,2,BIR01,h,MEM,0,0,1,exhibition,,
BIR194609292,poweb103,BIR,1,1,value,18,,,0,,0,0,,,,1,19460929,2,BIR01,h,MEM,0,0,1,exhibition,,
MEM194610060,olivj102,BIR,1,2,value,24,,,0,,0,,,,,1,19461006,0,MEM03,v,MEM,0,1,0,exhibition,,
MEM194610060,wills104,BIR,1,1,value,24,,,0,,0,0,,,,1,19461006,0,MEM03,v,MEM,0,1,0,exhibition,,
MEM194610060,browl107,MEM,1,2,value,27,,,0,,0,,,,,1,19461006,0,MEM03,h,BIR,1,0,0,exhibition,,
MEM194610060,pearf104,MEM,1,1,value,27,,,0,,0,0,,,,1,19461006,0,MEM03,h,BIR,1,0,0,exhibition,,
