gid,id,team,d_seq,d_pos,stattype,d_ifouts,d_po,d_a,d_e,d_dp,d_tp,d_pb,d_wp,d_sb,d_cs,d_gs,date,number,site,vishome,opp,win,loss,tie,gametype,box,pbp,eject
CV9193903270,pierr102,CAG,1,1,value,6,0,4,0,0,0,,,,,0,19390327,0,JKV01,v,CV9,0,1,0,exhibition,y,d,
BLG193904232,pierr102,CAG,1,1,value,6,,,0,0,0,,,,,,19390423,2,NSH02,v,BLG,0,1,0,exhibition,y,,
KCM193905040,pierr102,CAG,1,1,value,,,,0,,0,0,,,,,19390504,0,TUL01,v,KCM,0,1,0,exhibition,,,
MEM193905072,pierr102,CAG,1,1,value,12,0,1,0,0,0,,,,,0,19390507,2,MEM02,v,MEM,0,1,0,exhibition,y,d,
CAG193905220,pierr102,CAG,1,1,value,,,,0,,0,0,,,,,19390522,0,CHI09,h,KCM,0,1,0,regular,,,
KCM194509300,pierr102,CIA,1,1,value,,,,0,,0,0,,,,1,19450930,0,NOL01,v,KCM,0,1,0,exhibition,,,
