gid,id,team,b_lp,b_seq,stattype,b_pa,b_ab,b_r,b_h,b_d,b_t,b_hr,b_rbi,b_sh,b_sf,b_hbp,b_w,b_iw,b_k,b_sb,b_cs,b_gdp,b_xi,b_roe,dh,ph,pr,date,number,site,vishome,opp,win,loss,tie,gametype,box,pbp
PTC193704140,jeffw101,CI1,,1,value,,,,,,,,,,,,,,,,,,,,,,,19370414,0,NOL02,v,PTC,0,1,0,exhibition,,
PTC193704140,bradp101,CI1,,1,value,,,,,,,,,,,,,,,,,,,,,,,19370414,0,NOL02,v,PTC,0,1,0,exhibition,,
PTC193704140,harvb101,PTC,,1,value,,,,,,,,,,,,,,,,,,,,,,,19370414,0,NOL02,h,CI1,1,0,0,exhibition,,
PTC193704140,lewij104,PTC,,1,value,,,,,,,,,,,,,,,,,,,,,,,19370414,0,NOL02,h,CI1,1,0,0,exhibition,,
PTC193704140,perkb101,PTC,,,value,,,,,,,,,,,,,,,,,,,,,,,19370414,0,NOL02,h,CI1,1,0,0,exhibition,,
CI1193704150,carts102,PTC,,,value,,,,,,,,,,,,,,,,,,,,,,,19370415,0,NOL02,v,CI1,0,1,0,exhibition,,
CI1193704150,willr105,PTC,,,value,,,,,,,,,,,,,,,,,,,,,,,19370415,0,NOL02,v,CI1,0,1,0,exhibition,,
CI1193704150,matll101,PTC,,,value,,,,,,,,,,,,,,,,,,,,,,,19370415,0,NOL02,v,CI1,0,1,0,exhibition,,
CI1193704150,housj103,CI1,,,value,,,,,,,,,,,,,,,,,,,,,,,19370415,0,NOL02,h,PTC,1,0,0,exhibition,,
CI1193704150,breme101,CI1,,,value,,,,,,,,,,,,,,,,,,,,,,,19370415,0,NOL02,h,PTC,1,0,0,exhibition,,
HOM193704252,bellj103,PTC,1,1,value,4,3,1,1,0,0,0,0,0,,0,1,,,0,,,,,,,,19370425,2,NOL02,v,HOM,0,1,0,exhibition,y,
HOM193704252,willc106,PTC,2,1,value,4,4,2,2,2,0,0,1,0,,0,0,,,0,,,,,,,,19370425,2,NOL02,v,HOM,0,1,0,exhibition,y,
HOM193704252,pattp102,PTC,3,1,value,4,3,0,1,0,0,0,1,0,,0,1,,,0,,,,,,,,19370425,2,NOL02,v,HOM,0,1,0,exhibition,y,
HOM193704252,willh105,PTC,4,1,value,4,3,0,0,0,0,0,0,1,,0,0,,,0,,,,,,,,19370425,2,NOL02,v,HOM,0,1,0,exhibition,y,
HOM193704252,washj102,PTC,5,1,value,4,4,0,2,0,0,0,1,0,,0,0,,,0,,,,,,,,19370425,2,NOL02,v,HOM,0,1,0,exhibition,y,
HOM193704252,banks101,PTC,6,1,value,4,4,0,1,0,0,0,0,0,,0,0,,,0,,,,,,,,19370425,2,NOL02,v,HOM,0,1,0,exhibition,y,
HOM193704252,wilsd103,PTC,7,1,value,4,4,0,0,0,0,0,0,0,,0,0,,,0,,,,,,,,19370425,2,NOL02,v,HOM,0,1,0,exhibition,y,
HOM193704252,decul101,PTC,8,1,value,4,3,1,0,0,0,0,0,0,,1,0,,,0,,,,,,,,19370425,2,NOL02,v,HOM,0,1,0,exhibition,y,
HOM193704252,smitt105,PTC,9,1,value,3,2,1,1,0,0,0,0,1,,0,0,,,0,,,,,,,,19370425,2,NOL02,v,HOM,0,1,0,exhibition,y,
HOM193704252,benjj101,HOM,1,1,value,4,4,1,2,0,0,0,1,0,,0,0,,,1,,,,,,,,19370425,2,NOL02,h,PTC,1,0,0,exhibition,y,
HOM193704252,harrb115,HOM,2,1,value,4,3,0,1,0,0,0,2,0,,0,1,,,0,,,,,,,,19370425,2,NOL02,h,PTC,1,0,0,exhibition,y,
HOM193704252,leonb101,HOM,3,1,value,3,3,0,0,0,0,0,0,0,,0,0,,,0,,,,,,,,19370425,2,NOL02,h,PTC,1,0,0,exhibition,y,
HOM193704252,gibsj101,HOM,4,1,value,3,3,1,1,0,0,1,1,0,,0,0,,,0,,,,,,,,19370425,2,NOL02,h,PTC,1,0,0,exhibition,y,
HOM193704252,perej103,HOM,5,1,value,3,3,1,1,0,0,0,0,0,,0,0,,,0,,,,,,,,19370425,2,NOL02,h,PTC,1,0,0,exhibition,y,
HOM193704252,duket102,HOM,6,1,value,3,3,1,1,0,1,0,0,0,,0,0,,,0,,,,,,,,19370425,2,NOL02,h,PTC,1,0,0,exhibition,y,
HOM193704252,carlm101,HOM,7,1,value,3,3,0,2,0,0,0,1,0,,0,0,,,0,,,,,,,,19370425,2,NOL02,h,PTC,1,0,0,exhibition,y,
HOM193704252,jackj104,HOM,8,1,value,3,3,1,0,0,0,0,1,0,,0,0,,,0,,,,,,,,19370425,2,NOL02,h,PTC,1,0,0,exhibition,y,
HOM193704252,waita101,HOM,9,1,value,3,3,1,1,0,0,0,0,0,,0,0,,,0,,,,,,,,19370425,2,NOL02,h,PTC,1,0,0,exhibition,y,
HOM193704252,walke103,HOM,9,2,value,0,0,0,0,0,0,0,0,0,,0,0,,,0,,,,,,,,19370425,2,NOL02,h,PTC,1,0,0,exhibition,y,
PTC193704251,benjj101,HOM,1,1,value,6,5,2,2,1,0,0,,,,,1,,,,,,,,,,,19370425,1,NOL02,v,PTC,1,0,0,exhibition,y,
PTC193704251,harrb115,HOM,2,1,value,6,6,1,2,1,0,0,,,,,0,,,,,,,,,,,19370425,1,NOL02,v,PTC,1,0,0,exhibition,y,
PTC193704251,leonb101,HOM,3,1,value,6,6,2,3,0,0,0,,,,,0,,,,,,,,,,,19370425,1,NOL02,v,PTC,1,0,0,exhibition,y,
PTC193704251,gibsj101,HOM,4,1,value,6,6,1,1,0,0,0,,,,,0,,,,,,,,,,,19370425,1,NOL02,v,PTC,1,0,0,exhibition,y,
PTC193704251,perej103,HOM,5,1,value,6,5,2,1,0,1,0,,,,,1,,,,,,,,,,,19370425,1,NOL02,v,PTC,1,0,0,exhibition,y,
PTC193704251,carlm101,HOM,6,1,value,6,5,2,2,0,0,0,,,,,1,,,,,,,,,,,19370425,1,NOL02,v,PTC,1,0,0,exhibition,y,
PTC193704251,dulal101,HOM,7,1,value,3,3,1,2,1,0,0,,,,,0,,,,,,,,,,,19370425,1,NOL02,v,PTC,1,0,0,exhibition,y,
PTC193704251,duket102,HOM,7,2,value,3,2,2,2,0,0,0,,,,,1,,,,,,,,,,,19370425,1,NOL02,v,PTC,1,0,0,exhibition,y,
PTC193704251,jackj104,HOM,8,1,value,5,4,2,3,0,0,0,,,,,1,,,,,,,,,,,19370425,1,NOL02,v,PTC,1,0,0,exhibition,y,
PTC193704251,browr103,HOM,9,1,value,5,4,2,1,0,0,0,,,,,1,,,,,,,,,,,19370425,1,NOL02,v,PTC,1,0,0,exhibition,y,
PTC193704251,bellj103,PTC,1,1,value,5,5,2,3,1,0,1,,,,,0,,,,,,,,,,,19370425,1,NOL02,h,HOM,0,1,0,exhibition,y,
PTC193704251,willc106,PTC,2,1,value,5,5,1,2,0,0,0,,,,,0,,,,,,,,,,,19370425,1,NOL02,h,HOM,0,1,0,exhibition,y,
PTC193704251,pattp102,PTC,3,1,value,5,5,0,0,0,0,0,,,,,0,,,,,,,,,,,19370425,1,NOL02,h,HOM,0,1,0,exhibition,y,
PTC193704251,willh105,PTC,4,1,value,4,3,1,1,0,0,0,,,,,1,,,,,,,,,,,19370425,1,NOL02,h,HOM,0,1,0,exhibition,y,
PTC193704251,charo101,PTC,5,1,value,4,4,0,1,0,0,0,,,,,0,,,,,,,,,,,19370425,1,NOL02,h,HOM,0,1,0,exhibition,y,
PTC193704251,washj102,PTC,6,1,value,4,4,0,2,1,0,0,,,,,0,,,,,,,,,,,19370425,1,NOL02,h,HOM,0,1,0,exhibition,y,
PTC193704251,banks101,PTC,7,1,value,4,4,0,0,0,0,0,,,,,0,,,,,,,,,,,19370425,1,NOL02,h,HOM,0,1,0,exhibition,y,
PTC193704251,wilsd103,PTC,8,1,value,4,3,1,1,0,0,0,,,,,1,,,,,,,,,,,19370425,1,NOL02,h,HOM,0,1,0,exhibition,y,
PTC193704251,matll101,PTC,9,1,value,4,4,0,0,0,0,0,,,,,0,,,,,,,,,,,19370425,1,NOL02,h,HOM,0,1,0,exhibition,y,
PTC193704251,morrb104,PTC,9,2,value,0,0,0,0,0,0,0,,,,,0,,,,,,,,,,,19370425,1,NOL02,h,HOM,0,1,0,exhibition,y,
PTC193704251,carts102,PTC,9,3,value,0,0,0,0,0,0,0,,,,,0,,,,,,,,,,,19370425,1,NOL02,h,HOM,0,1,0,exhibition,y,
