gid,id,team,p_seq,stattype,p_ipouts,p_noout,p_bfp,p_h,p_d,p_t,p_hr,p_r,p_er,p_w,p_iw,p_k,p_hbp,p_wp,p_bk,p_sh,p_sf,p_sb,p_cs,p_pb,wp,lp,save,p_gs,p_gf,p_cg,date,number,site,vishome,opp,win,loss,tie,gametype,box,pbp
PTC193704140,jeffw101,CI1,,value,24,,,19,,,,10,,,,,,,,,,,,,,1,,1,,1,19370414,0,NOL02,v,PTC,0,1,0,exhibition,,
PTC193704140,harvb101,PTC,,value,,,,,,,,,,,,,,,,,,,,,,,,1,,,19370414,0,NOL02,h,CI1,1,0,0,exhibition,,
PTC193704140,lewij104,PTC,,value,,,,,,,,,,,,,,,,,,,,,,,,,1,,19370414,0,NOL02,h,CI1,1,0,0,exhibition,,
CI1193704150,carts102,PTC,1,value,,,,,,,,,,,,,,,,,,,,,,,,1,,,19370415,0,NOL02,v,CI1,0,1,0,exhibition,,
CI1193704150,willr105,PTC,2,value,,,,,,,,,,,,,,,,,,,,,,,,,,,19370415,0,NOL02,v,CI1,0,1,0,exhibition,,
CI1193704150,matll101,PTC,3,value,,,,,,,,,,,,,,,,,,,,,,,,,1,,19370415,0,NOL02,v,CI1,0,1,0,exhibition,,
CI1193704150,housj103,CI1,1,value,27,,,,,,,,,,,,,,,,,,,,,,,1,,,19370415,0,NOL02,h,PTC,1,0,0,exhibition,,
CI1193704150,breme101,CI1,2,value,27,,,,,,,,,,,,,,,,,,,,1,,,,1,,19370415,0,NOL02,h,PTC,1,0,0,exhibition,,
HOM193704252,smitt105,PTC,1,value,18,,29,9,0,1,1,6,,1,,5,0,1,,,,1,,,,1,,,,1,19370425,2,NOL02,v,HOM,0,1,0,exhibition,y,
HOM193704252,waita101,HOM,1,value,18,,32,8,,0,0,5,,2,,5,1,1,,,,0,,,1,,,1,,,19370425,2,NOL02,h,PTC,1,0,0,exhibition,y,
HOM193704252,walke103,HOM,2,value,3,,3,0,,0,0,0,,0,,1,0,0,,,,0,,,,,1,,1,,19370425,2,NOL02,h,PTC,1,0,0,exhibition,y,
PTC193704251,browr103,HOM,1,value,27,,39,10,2,0,1,5,,2,,3,,,,,,,,,1,,,1,,1,19370425,1,NOL02,v,PTC,1,0,0,exhibition,y,
PTC193704251,matll101,PTC,1,value,25,,42,17,,,0,12,,0,,3,,,,,,,,,,1,,1,,,19370425,1,NOL02,h,HOM,0,1,0,exhibition,y,
PTC193704251,morrb104,PTC,2,value,1,,5,2,,,0,4,,2,,1,,,,,,,,,,,,,,,19370425,1,NOL02,h,HOM,0,1,0,exhibition,y,
PTC193704251,carts102,PTC,3,value,1,,5,0,,,0,1,,4,,0,,,,,,,,,,,,,1,,19370425,1,NOL02,h,HOM,0,1,0,exhibition,y,
