gid,id,team,d_seq,d_pos,stattype,d_ifouts,d_po,d_a,d_e,d_dp,d_tp,d_pb,d_wp,d_sb,d_cs,d_gs,date,number,site,vishome,opp,win,loss,tie,gametype,box,pbp,eject
CLE194609110,bocke101,NYA,1,5,value,9,1,1,0,1,0,,,,,0,19460911,0,CLE06,v,CLE,0,1,0,regular,y,y,
NYA194609230,bocke101,NYA,1,5,value,27,2,1,0,0,0,,,,,1,19460923,0,NYC16,h,PHA,1,0,0,regular,y,y,
BOS194609240,bocke101,NYA,1,5,value,24,2,3,1,2,0,,,,,1,19460924,0,BOS07,v,BOS,0,1,0,regular,y,y,
BOS194609250,bocke101,NYA,1,5,value,24,3,1,0,0,0,,,,,1,19460925,0,BOS07,v,BOS,0,1,0,regular,y,y,
NYA194706250,bocke101,CLE,1,6,value,3,0,0,0,0,0,,,,,0,19470625,0,NYC16,v,NYA,0,1,0,regular,y,y,
CLE194707121,bocke101,CLE,1,5,value,6,0,1,0,0,0,,,,,0,19470712,1,CLE07,h,PHA,0,1,0,regular,y,y,
CLE194707131,bocke101,CLE,1,5,value,6,0,1,0,0,0,,,,,0,19470713,1,CLE07,h,BOS,1,0,0,regular,y,y,
CLE194707202,bocke101,CLE,1,4,value,21,1,4,0,2,0,,,,,1,19470720,2,CLE07,h,WS1,1,0,0,regular,y,y,
PHA194707220,bocke101,CLE,1,5,value,24,1,3,0,1,0,,,,,1,19470722,0,PHI11,v,PHA,0,1,0,regular,y,y,
PHA194707230,bocke101,CLE,1,5,value,24,0,3,0,0,0,,,,,1,19470723,0,PHI11,v,PHA,0,1,0,regular,y,y,
PHA194707240,bocke101,CLE,1,5,value,27,0,1,0,0,0,,,,,1,19470724,0,PHI11,v,PHA,1,0,0,regular,y,y,
NYA194708021,bocke101,CLE,1,4,value,8,3,1,1,0,0,,,,,0,19470802,1,NYC16,v,NYA,0,1,0,regular,y,y,
NYA194708022,bocke101,CLE,1,4,value,21,2,1,0,0,0,,,,,1,19470802,2,NYC16,v,NYA,0,1,0,regular,y,y,
DET194708062,bocke101,CLE,1,5,value,24,2,0,1,0,0,,,,,1,19470806,2,DET04,v,DET,0,1,0,regular,y,y,
CLE194708122,bocke101,CLE,1,5,value,27,2,5,0,1,0,,,,,1,19470812,2,CLE07,h,DET,1,0,0,regular,y,y,
CHA194708130,bocke101,CLE,1,5,value,24,1,3,0,0,0,,,,,1,19470813,0,CHI10,v,CHA,0,1,0,regular,y,y,
CLE194708192,bocke101,CLE,1,5,value,6,0,0,0,0,0,,,,,0,19470819,2,CLE07,h,WS1,1,0,0,regular,y,y,
CLE194708230,bocke101,CLE,1,5,value,15,0,1,1,0,0,,,,,0,19470823,0,CLE07,h,NYA,0,1,0,regular,y,y,
CLE194708280,bocke101,CLE,1,5,value,15,0,1,0,0,0,,,,,0,19470828,0,CLE07,h,CHA,0,1,0,regular,y,y,
CLE194708312,bocke101,CLE,1,5,value,27,3,1,0,0,0,,,,,1,19470831,2,CLE07,h,CHA,0,1,0,regular,y,y,
BOS194709120,bocke101,CLE,1,4,value,6,1,0,0,0,0,,,,,0,19470912,0,BOS07,v,BOS,1,0,0,regular,y,y,
DET194709222,bocke101,CLE,1,7,value,18,5,2,0,2,0,,,,,1,19470922,2,DET04,v,DET,1,0,0,regular,y,y,
MLS194710120,bocke101,MLS,1,6,value,36,2,8,0,1,0,,,,,1,19471012,0,SAN03,h,KCR,1,0,0,exhibition,y,d,
KCR194710230,bocke101,MLS,1,4,value,14,1,1,0,0,0,,,,,0,19471023,0,LOS02,v,KCR,0,1,0,exhibition,y,d,
KCR194710260,bocke101,MLS,1,6,value,9,0,1,0,0,0,,,,,0,19471026,0,LOS02,v,KCR,0,1,0,exhibition,y,d,
KCR194711020,bocke101,ASF,1,5,value,24,0,0,1,0,0,,,,,1,19471102,0,LOS02,v,KCR,0,1,0,exhibition,y,d,
CIN194804190,bocke101,PIT,1,5,value,9,1,1,0,0,0,,,,,0,19480419,0,CIN07,v,CIN,0,1,0,regular,y,y,
CIN194804240,bocke101,PIT,1,5,value,18,0,0,0,0,0,,,,,0,19480424,0,CIN07,v,CIN,1,0,0,regular,y,y,
PHI194806201,bocke101,PIT,1,5,value,9,0,0,0,0,0,,,,,0,19480620,1,PHI11,v,PHI,0,1,0,regular,y,y,
PIT194807051,bocke101,PIT,1,5,value,6,0,0,0,0,0,,,,,0,19480705,1,PIT06,h,CIN,1,0,0,regular,y,y,
PIT194807152,bocke101,PIT,1,5,value,15,0,1,0,0,0,,,,,0,19480715,2,PIT06,h,NY1,0,1,0,regular,y,y,
PIT194807200,bocke101,PIT,1,5,value,27,3,2,0,0,0,,,,,1,19480720,0,PIT06,h,PHI,1,0,0,regular,y,y,
PIT194807210,bocke101,PIT,1,5,value,30,2,5,0,1,0,,,,,1,19480721,0,PIT06,h,PHI,0,1,0,regular,y,y,
PIT194807221,bocke101,PIT,1,5,value,27,0,4,0,1,0,,,,,1,19480722,1,PIT06,h,PHI,1,0,0,regular,y,y,
PIT194807222,bocke101,PIT,1,5,value,15,0,0,0,0,0,,,,,1,19480722,2,PIT06,h,PHI,0,0,1,regular,y,d,
PIT194807230,bocke101,PIT,1,5,value,27,1,2,0,0,0,,,,,1,19480723,0,PIT06,h,BRO,0,1,0,regular,y,y,
PIT194807251,bocke101,PIT,1,5,value,27,1,2,1,0,0,,,,,1,19480725,1,PIT06,h,BRO,0,1,0,regular,y,y,
PIT194807252,bocke101,PIT,1,5,value,24,3,3,0,0,0,,,,,1,19480725,2,PIT06,h,BRO,1,0,0,regular,y,y,
BSN194807270,bocke101,PIT,1,5,value,24,2,1,0,1,0,,,,,1,19480727,0,BOS08,v,BSN,0,1,0,regular,y,y,
BSN194807280,bocke101,PIT,1,5,value,24,0,2,0,0,0,,,,,1,19480728,0,BOS08,v,BSN,0,1,0,regular,y,d,
BSN194807290,bocke101,PIT,1,5,value,24,2,0,0,0,0,,,,,1,19480729,0,BOS08,v,BSN,0,1,0,regular,y,y,
NY1194808082,bocke101,PIT,1,4,value,3,1,0,0,0,0,,,,,0,19480808,2,NYC14,v,NY1,1,0,0,regular,y,y,
PIT194808170,bocke101,PIT,1,5,value,27,0,2,0,0,0,,,,,1,19480817,0,PIT06,h,CIN,1,0,0,regular,y,y,
CHN194808180,bocke101,PIT,1,5,value,27,0,3,0,0,0,,,,,1,19480818,0,CHI11,v,CHN,1,0,0,regular,y,d,
CHN194808190,bocke101,PIT,1,5,value,27,1,4,0,0,0,,,,,1,19480819,0,CHI11,v,CHN,1,0,0,regular,y,d,
SLN194808200,bocke101,PIT,1,5,value,24,0,2,1,0,0,,,,,1,19480820,0,STL07,v,SLN,0,1,0,regular,y,y,
PIT194808282,bocke101,PIT,1,5,value,27,2,1,0,0,0,,,,,1,19480828,2,PIT06,h,PHI,0,1,0,regular,y,d,
PIT194808292,bocke101,PIT,1,5,value,6,1,2,0,0,0,,,,,0,19480829,2,PIT06,h,BSN,1,0,0,regular,y,y,
PIT194808300,bocke101,PIT,1,5,value,27,3,2,0,0,0,,,,,1,19480830,0,PIT06,h,BSN,1,0,0,regular,y,y,
PIT194808310,bocke101,PIT,1,5,value,21,1,3,1,0,0,,,,,1,19480831,0,PIT06,h,NY1,1,0,0,regular,y,y,
PIT194809010,bocke101,PIT,1,5,value,27,1,3,0,1,0,,,,,1,19480901,0,PIT06,h,NY1,0,1,0,regular,y,y,
PIT194809061,bocke101,PIT,1,5,value,9,0,0,0,0,0,,,,,0,19480906,1,PIT06,h,SLN,1,0,0,regular,y,y,
PIT194809062,bocke101,PIT,1,5,value,27,0,5,0,1,0,,,,,1,19480906,2,PIT06,h,SLN,1,0,0,regular,y,d,
PIT194809070,bocke101,PIT,1,5,value,27,0,2,0,0,0,,,,,1,19480907,0,PIT06,h,SLN,1,0,0,regular,y,d,
CIN194809080,bocke101,PIT,1,5,value,27,1,3,0,0,0,,,,,1,19480908,0,CIN07,v,CIN,1,0,0,regular,y,y,
CIN194809090,bocke101,PIT,1,5,value,15,0,1,0,0,0,,,,,1,19480909,0,CIN07,v,CIN,1,0,0,regular,y,y,
CHN194809110,bocke101,PIT,1,5,value,27,4,2,0,0,0,,,,,1,19480911,0,CHI11,v,CHN,1,0,0,regular,y,y,
CHN194809120,bocke101,PIT,1,5,value,24,0,1,1,0,0,,,,,1,19480912,0,CHI11,v,CHN,1,0,0,regular,y,y,
NY1194809130,bocke101,PIT,1,5,value,24,2,2,1,1,0,,,,,1,19480913,0,NYC14,v,NY1,0,1,0,regular,y,y,
BRO194809141,bocke101,PIT,1,5,value,24,0,0,1,0,0,,,,,1,19480914,1,NYC15,v,BRO,0,1,0,regular,y,y,
BRO194809142,bocke101,PIT,1,5,value,15,2,1,0,0,0,,,,,1,19480914,2,NYC15,v,BRO,0,1,0,regular,y,y,
NY1194809150,bocke101,PIT,1,5,value,27,1,3,0,0,0,,,,,1,19480915,0,NYC14,v,NY1,1,0,0,regular,y,y,
NY1194809160,bocke101,PIT,1,5,value,27,2,0,0,0,0,,,,,1,19480916,0,NYC14,v,NY1,1,0,0,regular,y,y,
BSN194809170,bocke101,PIT,1,5,value,24,0,3,0,0,0,,,,,1,19480917,0,BOS08,v,BSN,0,1,0,regular,y,y,
BSN194809180,bocke101,PIT,1,5,value,24,1,2,0,0,0,,,,,1,19480918,0,BOS08,v,BSN,0,1,0,regular,y,y,
PHI194809191,bocke101,PIT,1,5,value,24,2,3,0,0,0,,,,,1,19480919,1,PHI11,v,PHI,0,1,0,regular,y,y,
PHI194809192,bocke101,PIT,1,5,value,24,1,2,0,0,0,,,,,1,19480919,2,PHI11,v,PHI,0,1,0,regular,y,y,
PHI194809202,bocke101,PIT,1,5,value,24,1,3,0,0,0,,,,,1,19480920,2,PHI11,v,PHI,0,1,0,regular,y,y,
BRO194809210,bocke101,PIT,1,5,value,27,1,2,0,1,0,,,,,1,19480921,0,NYC15,v,BRO,1,0,0,regular,y,y,
BRO194809210,bocke101,PIT,1,5,official,,,,0,0,,,,,,1,19480921,0,NYC15,v,BRO,1,0,0,regular,y,y,
BRO194809220,bocke101,PIT,1,5,value,27,1,2,0,0,0,,,,,1,19480922,0,NYC15,v,BRO,1,0,0,regular,y,y,
PIT194809240,bocke101,PIT,1,5,value,21,0,5,0,0,0,,,,,1,19480924,0,PIT06,h,CIN,0,1,0,regular,y,y,
PIT194809261,bocke101,PIT,1,5,value,24,3,2,0,2,0,,,,,1,19480926,1,PIT06,h,CIN,1,0,0,regular,y,y,
PIT194809262,bocke101,PIT,1,5,value,24,1,1,0,0,0,,,,,1,19480926,2,PIT06,h,CIN,1,0,0,regular,y,y,
SLN194809290,bocke101,PIT,1,5,value,27,2,1,0,0,0,,,,,1,19480929,0,STL07,v,SLN,1,0,0,regular,y,d,
SLN194809301,bocke101,PIT,1,5,value,24,0,2,0,1,0,,,,,1,19480930,1,STL07,v,SLN,0,1,0,regular,y,d,
SLN194809302,bocke101,PIT,1,5,value,24,0,2,0,0,0,,,,,1,19480930,2,STL07,v,SLN,0,1,0,regular,y,d,
CIN194810010,bocke101,PIT,1,5,value,21,1,0,0,0,0,,,,,1,19481001,0,CIN07,v,CIN,1,0,0,regular,y,y,
CIN194810030,bocke101,PIT,1,5,value,25,0,5,0,0,0,,,,,1,19481003,0,CIN07,v,CIN,0,1,0,regular,y,y,
KCR194810170,bocke101,MLS,1,6,value,27,1,4,0,0,0,,,,,1,19481017,0,LOS02,v,KCR,1,0,0,exhibition,y,d,
KCR194810240,bocke101,MLS,1,6,value,24,1,5,0,0,0,,,,,1,19481024,0,LOS02,v,KCR,0,1,0,exhibition,y,d,
MLS194810250,bocke101,MLS,1,6,value,27,0,3,0,2,0,,,,,1,19481025,0,SAN03,h,KCR,0,1,0,exhibition,y,d,
KCR194810310,bocke101,MLS,1,5,value,15,0,0,0,0,0,,,,,1,19481031,0,LOS02,v,KCR,1,0,0,exhibition,y,d,
KCR194811071,bocke101,MLS,1,6,value,27,1,5,0,1,0,,,,,1,19481107,1,LOS02,v,KCR,1,0,0,exhibition,y,d,
KCR194811072,bocke101,MLS,1,6,value,15,1,0,1,0,0,,,,,1,19481107,2,LOS02,v,KCR,0,1,0,exhibition,y,d,
CHN194904190,bocke101,PIT,1,5,value,24,2,5,1,0,0,,,,,1,19490419,0,CHI11,v,CHN,1,0,0,regular,y,y,
CHN194904200,bocke101,PIT,1,5,value,24,0,0,0,0,0,,,,,1,19490420,0,CHI11,v,CHN,0,1,0,regular,y,y,
CHN194904210,bocke101,PIT,1,5,value,24,0,2,0,0,0,,,,,1,19490421,0,CHI11,v,CHN,0,1,0,regular,y,y,
PIT194904220,bocke101,PIT,1,5,value,27,4,3,0,0,0,,,,,1,19490422,0,PIT06,h,CIN,1,0,0,regular,y,y,
PIT194904241,bocke101,PIT,1,5,value,30,1,2,0,0,0,,,,,1,19490424,1,PIT06,h,CIN,0,1,0,regular,y,y,
PIT194904242,bocke101,PIT,1,5,value,27,2,3,0,0,0,,,,,1,19490424,2,PIT06,h,CIN,1,0,0,regular,y,y,
PIT194904250,bocke101,PIT,1,5,value,27,1,5,0,1,0,,,,,1,19490425,0,PIT06,h,CHN,1,0,0,regular,y,y,
SLN194904270,bocke101,PIT,1,5,value,27,0,0,0,0,0,,,,,1,19490427,0,STL07,v,SLN,1,0,0,regular,y,d,
SLN194904280,bocke101,PIT,1,5,value,24,0,2,0,0,0,,,,,1,19490428,0,STL07,v,SLN,0,1,0,regular,y,y,
CIN194904290,bocke101,PIT,1,5,value,24,2,2,0,0,0,,,,,1,19490429,0,CIN07,v,CIN,0,1,0,regular,y,y,
CIN194904300,bocke101,PIT,1,5,value,24,0,1,0,1,0,,,,,1,19490430,0,CIN07,v,CIN,0,1,0,regular,y,y,
CIN194905011,bocke101,PIT,1,5,value,27,2,1,0,0,0,,,,,1,19490501,1,CIN07,v,CIN,1,0,0,regular,y,y,
CIN194905012,bocke101,PIT,1,5,value,24,1,1,0,0,0,,,,,1,19490501,2,CIN07,v,CIN,0,1,0,regular,y,y,
NY1194905030,bocke101,PIT,1,5,value,21,0,1,0,1,0,,,,,1,19490503,0,NYC14,v,NY1,0,1,0,regular,y,y,
NY1194905040,bocke101,PIT,1,5,value,18,0,4,0,1,0,,,,,1,19490504,0,NYC14,v,NY1,0,1,0,regular,y,y,
NY1194905050,bocke101,PIT,1,5,value,27,2,3,0,0,0,,,,,1,19490505,0,NYC14,v,NY1,0,1,0,regular,y,y,
PHI194905060,bocke101,PIT,1,5,value,24,0,0,0,0,0,,,,,1,19490506,0,PHI11,v,PHI,0,1,0,regular,y,y,
PHI194905070,bocke101,PIT,1,5,value,27,1,3,0,0,0,,,,,1,19490507,0,PHI11,v,PHI,1,0,0,regular,y,y,
BSN194905081,bocke101,PIT,1,5,value,27,0,4,1,0,0,,,,,1,19490508,1,BOS08,v,BSN,1,0,0,regular,y,y,
BSN194905082,bocke101,PIT,1,5,value,21,0,1,1,0,0,,,,,1,19490508,2,BOS08,v,BSN,1,0,0,regular,y,y,
BSN194905090,bocke101,PIT,1,5,value,3,0,0,0,0,0,,,,,0,19490509,0,BOS08,v,BSN,0,1,0,regular,y,y,
BRO194905110,bocke101,PIT,1,5,value,27,1,1,0,0,0,,,,,1,19490511,0,NYC15,v,BRO,1,0,0,regular,y,y,
BRO194905120,bocke101,PIT,1,5,value,24,1,2,0,0,0,,,,,1,19490512,0,NYC15,v,BRO,0,1,0,regular,y,y,
PIT194905130,bocke101,PIT,1,5,value,27,0,4,0,0,0,,,,,1,19490513,0,PIT06,h,SLN,1,0,0,regular,y,y,
PIT194905140,bocke101,PIT,1,5,value,27,1,2,0,1,0,,,,,1,19490514,0,PIT06,h,SLN,0,1,0,regular,y,y,
PIT194905150,bocke101,PIT,1,5,value,27,1,5,0,0,0,,,,,1,19490515,0,PIT06,h,SLN,0,1,0,regular,y,y,
PIT194905170,bocke101,PIT,1,5,value,27,1,3,0,1,0,,,,,1,19490517,0,PIT06,h,NY1,1,0,0,regular,y,y,
PIT194905180,bocke101,PIT,1,5,value,27,0,4,0,1,0,,,,,1,19490518,0,PIT06,h,NY1,1,0,0,regular,y,y,
PIT194905190,bocke101,PIT,1,5,value,27,0,0,1,0,0,,,,,1,19490519,0,PIT06,h,BSN,0,1,0,regular,y,y,
PIT194905200,bocke101,PIT,1,5,value,27,2,2,0,2,0,,,,,1,19490520,0,PIT06,h,BSN,1,0,0,regular,y,y,
PIT194905210,bocke101,PIT,1,5,value,27,1,0,0,0,0,,,,,1,19490521,0,PIT06,h,BSN,0,1,0,regular,y,y,
PIT194905220,bocke101,PIT,1,5,value,27,1,3,0,1,0,,,,,1,19490522,0,PIT06,h,PHI,0,1,0,regular,y,d,
PIT194905240,bocke101,PIT,1,5,value,27,0,4,0,0,0,,,,,1,19490524,0,PIT06,h,BRO,0,1,0,regular,y,y,
PIT194905250,bocke101,PIT,1,5,value,27,1,1,1,1,0,,,,,1,19490525,0,PIT06,h,BRO,0,1,0,regular,y,y,
SLN194905260,bocke101,PIT,1,5,value,24,0,1,0,0,0,,,,,1,19490526,0,STL07,v,SLN,0,1,0,regular,y,y,
SLN194905270,bocke101,PIT,1,5,value,24,1,3,0,1,0,,,,,1,19490527,0,STL07,v,SLN,0,1,0,regular,y,d,
SLN194905280,bocke101,PIT,1,5,value,24,3,6,0,1,0,,,,,1,19490528,0,STL07,v,SLN,0,1,0,regular,y,y,
SLN194905290,bocke101,PIT,1,5,value,27,1,1,0,0,0,,,,,1,19490529,0,STL07,v,SLN,1,0,0,regular,y,y,
PIT194905301,bocke101,PIT,1,5,value,27,0,1,0,0,0,,,,,1,19490530,1,PIT06,h,CHN,0,1,0,regular,y,y,
PIT194905302,bocke101,PIT,1,5,value,27,1,1,0,0,0,,,,,1,19490530,2,PIT06,h,CHN,1,0,0,regular,y,y,
BSN194906010,bocke101,PIT,1,5,value,24,3,0,1,0,0,,,,,1,19490601,0,BOS08,v,BSN,0,1,0,regular,y,y,
BRO194906050,bocke101,PIT,1,5,value,15,0,1,0,0,0,,,,,0,19490605,0,NYC15,v,BRO,1,0,0,regular,y,y,
BRO194906060,bocke101,PIT,1,5,value,3,0,0,0,0,0,,,,,0,19490606,0,NYC15,v,BRO,0,1,0,regular,y,y,
PHI194906090,bocke101,PIT,1,5,value,18,2,2,0,0,0,,,,,1,19490609,0,PHI11,v,PHI,0,1,0,regular,y,y,
PIT194906180,bocke101,PIT,1,5,value,12,1,1,0,0,0,,,,,0,19490618,0,PIT06,h,NY1,0,1,0,regular,y,y,
PIT194906190,bocke101,PIT,1,5,value,27,2,2,0,0,0,,,,,1,19490619,0,PIT06,h,NY1,1,0,0,regular,y,d,
PIT194906200,bocke101,PIT,1,5,value,27,2,5,0,0,0,,,,,1,19490620,0,PIT06,h,PHI,0,1,0,regular,y,y,
PIT194906240,bocke101,PIT,1,5,value,27,1,1,0,0,0,,,,,1,19490624,0,PIT06,h,BRO,1,0,0,regular,y,y,
PIT194906250,bocke101,PIT,1,5,value,27,1,2,1,0,0,,,,,1,19490625,0,PIT06,h,BRO,0,1,0,regular,y,y,
PIT194906260,bocke101,PIT,1,5,value,27,1,3,0,0,0,,,,,1,19490626,0,PIT06,h,BRO,0,1,0,regular,y,y,
CHN194907010,bocke101,PIT,1,5,value,3,0,0,0,0,0,,,,,0,19490701,0,CHI11,v,CHN,0,1,0,regular,y,d,
CHN194907020,bocke101,PIT,1,5,value,9,1,3,0,0,0,,,,,0,19490702,0,CHI11,v,CHN,1,0,0,regular,y,y,
PIT194907101,bocke101,PIT,1,5,value,9,0,0,0,0,0,,,,,0,19490710,1,PIT06,h,CHN,0,1,0,regular,y,y,
BRO194907200,bocke101,PIT,1,4,value,9,1,0,0,0,0,,,,,0,19490720,0,NYC15,v,BRO,1,0,0,regular,y,y,
BRO194907210,bocke101,PIT,1,4,value,1,0,0,0,0,0,,,,,0,19490721,0,NYC15,v,BRO,0,1,0,regular,y,y,
BSN194907230,bocke101,PIT,1,4,value,3,1,0,0,0,0,,,,,0,19490723,0,BOS08,v,BSN,1,0,0,regular,y,y,
BSN194907242,bocke101,PIT,1,4,value,3,1,1,0,0,0,,,,,0,19490724,2,BOS08,v,BSN,1,0,0,regular,y,y,
PIT194908072,bocke101,PIT,1,5,value,3,0,1,0,0,0,,,,,0,19490807,2,PIT06,h,PHI,0,1,0,regular,y,y,
CHN194908100,bocke101,PIT,1,4,value,3,0,0,0,0,0,,,,,0,19490810,0,CHI11,v,CHN,0,1,0,regular,y,y,
SLN194908120,bocke101,PIT,1,5,value,6,0,0,0,0,0,,,,,0,19490812,0,STL07,v,SLN,0,1,0,regular,y,d,
SLN194908130,bocke101,PIT,1,5,value,27,2,0,0,0,0,,,,,1,19490813,0,STL07,v,SLN,1,0,0,regular,y,y,
SLN194908140,bocke101,PIT,1,5,value,27,0,2,0,0,0,,,,,1,19490814,0,STL07,v,SLN,1,0,0,regular,y,d,
CIN194908150,bocke101,PIT,1,5,value,27,4,4,0,0,0,,,,,1,19490815,0,CIN07,v,CIN,1,0,0,regular,y,y,
CIN194908160,bocke101,PIT,1,5,value,28,1,0,0,0,0,,,,,1,19490816,0,CIN07,v,CIN,0,1,0,regular,y,y,
PIT194908180,bocke101,PIT,1,5,value,27,1,2,0,0,0,,,,,1,19490818,0,PIT06,h,CHN,1,0,0,regular,y,y,
PIT194908190,bocke101,PIT,1,5,value,27,0,1,0,0,0,,,,,1,19490819,0,PIT06,h,SLN,1,0,0,regular,y,d,
PIT194908200,bocke101,PIT,1,5,value,27,0,2,0,0,0,,,,,1,19490820,0,PIT06,h,SLN,0,1,0,regular,y,y,
SLN194909051,bocke101,PIT,1,5,value,9,1,0,0,0,0,,,,,0,19490905,1,STL07,v,SLN,0,1,0,regular,y,y,
SLN194909052,bocke101,PIT,1,5,value,30,1,5,0,1,0,,,,,1,19490905,2,STL07,v,SLN,1,0,0,regular,y,y,
PIT194909060,bocke101,PIT,1,5,value,30,2,1,0,0,0,,,,,1,19490906,0,PIT06,h,CIN,0,1,0,regular,y,y,
PIT194909100,bocke101,PIT,1,5,value,3,0,0,0,0,0,,,,,0,19490910,0,PIT06,h,CHN,0,1,0,regular,y,d,
PIT194909181,bocke101,PIT,1,5,value,27,2,1,1,0,0,,,,,1,19490918,1,PIT06,h,NY1,0,1,0,regular,y,y,
PIT194910021,bocke101,PIT,1,5,value,3,0,0,0,0,0,,,,,0,19491002,1,PIT06,h,CIN,1,0,0,regular,y,y,
