gid,event,inning,top_bot,vis_home,site,batteam,pitteam,score_v,score_h,batter,pitcher,lp,bat_f,bathand,pithand,balls,strikes,count,pitches,nump,pa,ab,single,double,triple,hr,sh,sf,hbp,walk,k,xi,roe,fc,othout,noout,oth,bip,bunt,ground,fly,line,iw,gdp,othdp,tp,fle,wp,pb,bk,oa,di,sb2,sb3,sbh,cs2,cs3,csh,pko1,pko2,pko3,k_safe,e1,e2,e3,e4,e5,e6,e7,e8,e9,outs_pre,outs_post,br1_pre,br2_pre,br3_pre,br1_post,br2_post,br3_post,lob_id1,lob_id2,lob_id3,pr1_pre,pr2_pre,pr3_pre,pr1_post,pr2_post,pr3_post,run_b,run1,run2,run3,prun_b,prun1,prun2,prun3,ur_b,ur1,ur2,ur3,rbi_b,rbi1,rbi2,rbi3,runs,rbi,er,tur,l1,l2,l3,l4,l5,l6,l7,l8,l9,lf1,lf2,lf3,lf4,lf5,lf6,lf7,lf8,lf9,f2,f3,f4,f5,f6,f7,f8,f9,po0,po1,po2,po3,po4,po5,po6,po7,po8,po9,a1,a2,a3,a4,a5,a6,a7,a8,a9,fseq,batout1,batout2,batout3,brout_b,brout1,brout2,brout3,firstf,loc,hittype,dpopp,pivot,pn,umphome,ump1b,ump2b,ump3b,umplf,umprf,date,gametype,pbp
MEM194308240,99,1,0,0,WAC01,CAG,MEM,0,0,wyatr101,mathv101,1,6,R,L,?,?,??,,,1,1,0,0,0,0,0,0,0,0,0,0,0,0,1,0,1,1,0,0,0,0,0,0,0,0,0,0,0,0,0,0,0,0,0,0,0,0,0,0,0,0,0,0,0,0,0,0,0,0,0,0,1,,,,,,,,,,,,,,,,,,,,,,,,0,0,0,0,0,0,0,0,0,0,0,0,wyatr101,davel102,penna101,youne102,radca101,bissj101,radct101,cornw101,westo102,6,8,4,3,5,7,2,9,1,browl107,canaj102,bankf101,cartm101,longr102,wilse104,robin101,hydec101,1,0,0,0,0,0,0,0,0,0,0,0,0,0,0,0,0,0,0,0,0,0,0,0,0,0,0,0,,,0,0,1,?,,,,,,19430824,regular,deduced
MEM194308240,S,1,0,0,WAC01,CAG,MEM,0,0,davel102,mathv101,2,8,L,L,?,?,??,,,1,1,1,0,0,0,0,0,0,0,0,0,0,0,0,0,0,1,0,0,0,0,0,0,0,0,0,0,0,0,0,0,0,0,0,0,0,0,0,0,0,0,0,0,0,0,0,0,0,0,0,1,1,,,,davel102,,,,,,,,,mathv101,,,,,,,,,,,0,0,0,0,0,0,0,0,0,0,0,0,wyatr101,davel102,penna101,youne102,radca101,bissj101,radct101,cornw101,westo102,6,8,4,3,5,7,2,9,1,browl107,canaj102,bankf101,cartm101,longr102,wilse104,robin101,hydec101,0,0,0,0,0,0,0,0,0,0,0,0,0,0,0,0,0,0,0,,0,0,0,0,0,0,0,0,,,0,0,2,?,,,,,,19430824,regular,deduced
MEM194308240,99,1,0,0,WAC01,CAG,MEM,0,0,penna101,mathv101,3,4,B,L,?,?,??,,,1,1,0,0,0,0,0,0,0,0,0,0,0,0,1,0,1,1,0,0,0,0,0,0,0,0,0,0,0,0,0,0,0,0,0,0,0,0,0,0,0,0,0,0,0,0,0,0,0,0,0,1,2,davel102,,,davel102,,,,,,mathv101,,,mathv101,,,,,,,,,,,0,0,0,0,0,0,0,0,0,0,0,0,wyatr101,davel102,penna101,youne102,radca101,bissj101,radct101,cornw101,westo102,6,8,4,3,5,7,2,9,1,browl107,canaj102,bankf101,cartm101,longr102,wilse104,robin101,hydec101,1,0,0,0,0,0,0,0,0,0,0,0,0,0,0,0,0,0,0,0,0,0,0,0,0,0,0,0,,,0,0,3,?,,,,,,19430824,regular,deduced
MEM194308240,99,1,0,0,WAC01,CAG,MEM,0,0,youne102,mathv101,4,3,R,L,?,?,??,,,1,1,0,0,0,0,0,0,0,0,0,0,0,0,1,0,1,1,0,0,0,0,0,0,0,0,0,0,0,0,0,0,0,0,0,0,0,0,0,0,0,0,0,0,0,0,0,0,0,0,0,2,3,davel102,,,,,,davel102,,,mathv101,,,,,,,,,,,,,,0,0,0,0,0,0,0,0,0,0,0,0,wyatr101,davel102,penna101,youne102,radca101,bissj101,radct101,cornw101,westo102,6,8,4,3,5,7,2,9,1,browl107,canaj102,bankf101,cartm101,longr102,wilse104,robin101,hydec101,1,0,0,0,0,0,0,0,0,0,0,0,0,0,0,0,0,0,0,0,0,0,0,0,0,0,0,0,,,0,0,4,?,,,,,,19430824,regular,deduced
MEM194308240,T8,1,1,1,WAC01,MEM,CAG,0,0,bankf101,westo102,1,4,R,R,?,?,??,,,1,1,0,0,1,0,0,0,0,0,0,0,0,0,0,0,0,1,0,0,0,0,0,0,0,0,0,0,0,0,0,0,0,0,0,0,0,0,0,0,0,0,0,0,0,0,0,0,0,0,0,0,0,,,,,,bankf101,,,,,,,,,westo102,,,,,,,,,0,0,0,0,0,0,0,0,0,0,0,0,bankf101,wilse104,hydec101,cartm101,longr102,robin101,canaj102,browl107,mathv101,4,7,9,5,6,8,3,2,1,radct101,youne102,penna101,radca101,wyatr101,bissj101,davel102,cornw101,0,0,0,0,0,0,0,0,0,0,0,0,0,0,0,0,0,0,0,,0,0,0,0,0,0,0,8,8+,,0,0,5,?,,,,,,19430824,regular,deduced
MEM194308240,99,1,1,1,WAC01,MEM,CAG,0,0,wilse104,westo102,2,7,B,R,?,?,??,,,1,1,0,0,0,0,0,0,0,0,0,0,0,0,1,0,1,1,0,0,0,0,0,0,0,0,0,0,0,0,0,0,0,0,0,0,0,0,0,0,0,0,0,0,0,0,0,0,0,0,0,0,1,,,bankf101,,,bankf101,,,,,,westo102,,,westo102,,,,,,,,,0,0,0,0,0,0,0,0,0,0,0,0,bankf101,wilse104,hydec101,cartm101,longr102,robin101,canaj102,browl107,mathv101,4,7,9,5,6,8,3,2,1,radct101,youne102,penna101,radca101,wyatr101,bissj101,davel102,cornw101,1,0,0,0,0,0,0,0,0,0,0,0,0,0,0,0,0,0,0,0,0,0,0,0,0,0,0,0,,,0,0,6,?,,,,,,19430824,regular,deduced
MEM194308240,99,1,1,1,WAC01,MEM,CAG,0,0,hydec101,westo102,3,9,R,R,?,?,??,,,1,1,0,0,0,0,0,0,0,0,0,0,0,0,1,0,1,1,0,0,0,0,0,0,0,0,0,0,0,0,0,0,0,0,0,0,0,0,0,0,0,0,0,0,0,0,0,0,0,0,0,1,2,,,bankf101,,,bankf101,,,,,,westo102,,,westo102,,,,,,,,,0,0,0,0,0,0,0,0,0,0,0,0,bankf101,wilse104,hydec101,cartm101,longr102,robin101,canaj102,browl107,mathv101,4,7,9,5,6,8,3,2,1,radct101,youne102,penna101,radca101,wyatr101,bissj101,davel102,cornw101,1,0,0,0,0,0,0,0,0,0,0,0,0,0,0,0,0,0,0,0,0,0,0,0,0,0,0,0,,,0,0,7,?,,,,,,19430824,regular,deduced
MEM194308240,99,1,1,1,WAC01,MEM,CAG,0,0,cartm101,westo102,4,5,L,R,?,?,??,,,1,1,0,0,0,0,0,0,0,0,0,0,0,0,1,0,1,1,0,0,0,0,0,0,0,0,0,0,0,0,0,0,0,0,0,0,0,0,0,0,0,0,0,0,0,0,0,0,0,0,0,2,3,,,bankf101,,,,bankf101,,,,,westo102,,,,,,,,,,,,0,0,0,0,0,0,0,0,0,0,0,0,bankf101,wilse104,hydec101,cartm101,longr102,robin101,canaj102,browl107,mathv101,4,7,9,5,6,8,3,2,1,radct101,youne102,penna101,radca101,wyatr101,bissj101,davel102,cornw101,1,0,0,0,0,0,0,0,0,0,0,0,0,0,0,0,0,0,0,0,0,0,0,0,0,0,0,0,,,0,0,8,?,,,,,,19430824,regular,deduced
MEM194308240,99,2,0,0,WAC01,CAG,MEM,0,0,radca101,mathv101,5,5,R,L,?,?,??,,,1,1,0,0,0,0,0,0,0,0,0,0,0,0,1,0,1,1,0,0,0,0,0,0,0,0,0,0,0,0,0,0,0,0,0,0,0,0,0,0,0,0,0,0,0,0,0,0,0,0,0,0,1,,,,,,,,,,,,,,,,,,,,,,,,0,0,0,0,0,0,0,0,0,0,0,0,wyatr101,davel102,penna101,youne102,radca101,bissj101,radct101,cornw101,westo102,6,8,4,3,5,7,2,9,1,browl107,canaj102,bankf101,cartm101,longr102,wilse104,robin101,hydec101,1,0,0,0,0,0,0,0,0,0,0,0,0,0,0,0,0,0,0,0,0,0,0,0,0,0,0,0,,,0,0,9,?,,,,,,19430824,regular,deduced
MEM194308240,99,2,0,0,WAC01,CAG,MEM,0,0,bissj101,mathv101,6,7,R,L,?,?,??,,,1,1,0,0,0,0,0,0,0,0,0,0,0,0,1,0,1,1,0,0,0,0,0,0,0,0,0,0,0,0,0,0,0,0,0,0,0,0,0,0,0,0,0,0,0,0,0,0,0,0,0,1,2,,,,,,,,,,,,,,,,,,,,,,,,0,0,0,0,0,0,0,0,0,0,0,0,wyatr101,davel102,penna101,youne102,radca101,bissj101,radct101,cornw101,westo102,6,8,4,3,5,7,2,9,1,browl107,canaj102,bankf101,cartm101,longr102,wilse104,robin101,hydec101,1,0,0,0,0,0,0,0,0,0,0,0,0,0,0,0,0,0,0,0,0,0,0,0,0,0,0,0,,,0,0,10,?,,,,,,19430824,regular,deduced
MEM194308240,99,2,0,0,WAC01,CAG,MEM,0,0,radct101,mathv101,7,2,R,L,?,?,??,,,1,1,0,0,0,0,0,0,0,0,0,0,0,0,1,0,1,1,0,0,0,0,0,0,0,0,0,0,0,0,0,0,0,0,0,0,0,0,0,0,0,0,0,0,0,0,0,0,0,0,0,2,3,,,,,,,,,,,,,,,,,,,,,,,,0,0,0,0,0,0,0,0,0,0,0,0,wyatr101,davel102,penna101,youne102,radca101,bissj101,radct101,cornw101,westo102,6,8,4,3,5,7,2,9,1,browl107,canaj102,bankf101,cartm101,longr102,wilse104,robin101,hydec101,1,0,0,0,0,0,0,0,0,0,0,0,0,0,0,0,0,0,0,0,0,0,0,0,0,0,0,0,,,0,0,11,?,,,,,,19430824,regular,deduced
MEM194308240,99,2,1,1,WAC01,MEM,CAG,0,0,longr102,westo102,5,6,R,R,?,?,??,,,1,1,0,0,0,0,0,0,0,0,0,0,0,0,1,0,1,1,0,0,0,0,0,0,0,0,0,0,0,0,0,0,0,0,0,0,0,0,0,0,0,0,0,0,0,0,0,0,0,0,0,0,1,,,,,,,,,,,,,,,,,,,,,,,,0,0,0,0,0,0,0,0,0,0,0,0,bankf101,wilse104,hydec101,cartm101,longr102,robin101,canaj102,browl107,mathv101,4,7,9,5,6,8,3,2,1,radct101,youne102,penna101,radca101,wyatr101,bissj101,davel102,cornw101,1,0,0,0,0,0,0,0,0,0,0,0,0,0,0,0,0,0,0,0,0,0,0,0,0,0,0,0,,,0,0,12,?,,,,,,19430824,regular,deduced
MEM194308240,99,2,1,1,WAC01,MEM,CAG,0,0,robin101,westo102,6,8,R,R,?,?,??,,,1,1,0,0,0,0,0,0,0,0,0,0,0,0,1,0,1,1,0,0,0,0,0,0,0,0,0,0,0,0,0,0,0,0,0,0,0,0,0,0,0,0,0,0,0,0,0,0,0,0,0,1,2,,,,,,,,,,,,,,,,,,,,,,,,0,0,0,0,0,0,0,0,0,0,0,0,bankf101,wilse104,hydec101,cartm101,longr102,robin101,canaj102,browl107,mathv101,4,7,9,5,6,8,3,2,1,radct101,youne102,penna101,radca101,wyatr101,bissj101,davel102,cornw101,1,0,0,0,0,0,0,0,0,0,0,0,0,0,0,0,0,0,0,0,0,0,0,0,0,0,0,0,,,0,0,13,?,,,,,,19430824,regular,deduced
MEM194308240,99,2,1,1,WAC01,MEM,CAG,0,0,canaj102,westo102,7,3,L,R,?,?,??,,,1,1,0,0,0,0,0,0,0,0,0,0,0,0,1,0,1,1,0,0,0,0,0,0,0,0,0,0,0,0,0,0,0,0,0,0,0,0,0,0,0,0,0,0,0,0,0,0,0,0,0,2,3,,,,,,,,,,,,,,,,,,,,,,,,0,0,0,0,0,0,0,0,0,0,0,0,bankf101,wilse104,hydec101,cartm101,longr102,robin101,canaj102,browl107,mathv101,4,7,9,5,6,8,3,2,1,radct101,youne102,penna101,radca101,wyatr101,bissj101,davel102,cornw101,1,0,0,0,0,0,0,0,0,0,0,0,0,0,0,0,0,0,0,0,0,0,0,0,0,0,0,0,,,0,0,14,?,,,,,,19430824,regular,deduced
MEM194308240,99,3,0,0,WAC01,CAG,MEM,0,0,cornw101,mathv101,8,9,R,L,?,?,??,,,1,1,0,0,0,0,0,0,0,0,0,0,0,0,1,0,1,1,0,0,0,0,0,0,0,0,0,0,0,0,0,0,0,0,0,0,0,0,0,0,0,0,0,0,0,0,0,0,0,0,0,0,1,,,,,,,,,,,,,,,,,,,,,,,,0,0,0,0,0,0,0,0,0,0,0,0,wyatr101,davel102,penna101,youne102,radca101,bissj101,radct101,cornw101,westo102,6,8,4,3,5,7,2,9,1,browl107,canaj102,bankf101,cartm101,longr102,wilse104,robin101,hydec101,1,0,0,0,0,0,0,0,0,0,0,0,0,0,0,0,0,0,0,0,0,0,0,0,0,0,0,0,,,0,0,15,?,,,,,,19430824,regular,deduced
MEM194308240,99,3,0,0,WAC01,CAG,MEM,0,0,westo102,mathv101,9,1,L,L,?,?,??,,,1,1,0,0,0,0,0,0,0,0,0,0,0,0,1,0,1,1,0,0,0,0,0,0,0,0,0,0,0,0,0,0,0,0,0,0,0,0,0,0,0,0,0,0,0,0,0,0,0,0,0,1,2,,,,,,,,,,,,,,,,,,,,,,,,0,0,0,0,0,0,0,0,0,0,0,0,wyatr101,davel102,penna101,youne102,radca101,bissj101,radct101,cornw101,westo102,6,8,4,3,5,7,2,9,1,browl107,canaj102,bankf101,cartm101,longr102,wilse104,robin101,hydec101,1,0,0,0,0,0,0,0,0,0,0,0,0,0,0,0,0,0,0,0,0,0,0,0,0,0,0,0,,,0,0,16,?,,,,,,19430824,regular,deduced
MEM194308240,99,3,0,0,WAC01,CAG,MEM,0,0,wyatr101,mathv101,1,6,R,L,?,?,??,,,1,1,0,0,0,0,0,0,0,0,0,0,0,0,1,0,1,1,0,0,0,0,0,0,0,0,0,0,0,0,0,0,0,0,0,0,0,0,0,0,0,0,0,0,0,0,0,0,0,0,0,2,3,,,,,,,,,,,,,,,,,,,,,,,,0,0,0,0,0,0,0,0,0,0,0,0,wyatr101,davel102,penna101,youne102,radca101,bissj101,radct101,cornw101,westo102,6,8,4,3,5,7,2,9,1,browl107,canaj102,bankf101,cartm101,longr102,wilse104,robin101,hydec101,1,0,0,0,0,0,0,0,0,0,0,0,0,0,0,0,0,0,0,0,0,0,0,0,0,0,0,0,,,0,0,17,?,,,,,,19430824,regular,deduced
MEM194308240,99,3,1,1,WAC01,MEM,CAG,0,0,browl107,westo102,8,2,B,R,?,?,??,,,1,1,0,0,0,0,0,0,0,0,0,0,0,0,1,0,1,1,0,0,0,0,0,0,0,0,0,0,0,0,0,0,0,0,0,0,0,0,0,0,0,0,0,0,0,0,0,0,0,0,0,0,1,,,,,,,,,,,,,,,,,,,,,,,,0,0,0,0,0,0,0,0,0,0,0,0,bankf101,wilse104,hydec101,cartm101,longr102,robin101,canaj102,browl107,mathv101,4,7,9,5,6,8,3,2,1,radct101,youne102,penna101,radca101,wyatr101,bissj101,davel102,cornw101,1,0,0,0,0,0,0,0,0,0,0,0,0,0,0,0,0,0,0,0,0,0,0,0,0,0,0,0,,,0,0,18,?,,,,,,19430824,regular,deduced
MEM194308240,S,3,1,1,WAC01,MEM,CAG,0,0,mathv101,westo102,9,1,L,R,?,?,??,,,1,1,1,0,0,0,0,0,0,0,0,0,0,0,0,0,0,1,0,0,0,0,0,0,0,0,0,0,0,0,0,0,0,0,0,0,0,0,0,0,0,0,0,0,0,0,0,0,0,0,0,1,1,,,,mathv101,,,,,,,,,westo102,,,,,,,,,,,0,0,0,0,0,0,0,0,0,0,0,0,bankf101,wilse104,hydec101,cartm101,longr102,robin101,canaj102,browl107,mathv101,4,7,9,5,6,8,3,2,1,radct101,youne102,penna101,radca101,wyatr101,bissj101,davel102,cornw101,0,0,0,0,0,0,0,0,0,0,0,0,0,0,0,0,0,0,0,,0,0,0,0,0,0,0,0,,,0,0,19,?,,,,,,19430824,regular,deduced
MEM194308240,99/P,3,1,1,WAC01,MEM,CAG,0,0,bankf101,westo102,1,4,R,R,?,?,??,,,1,1,0,0,0,0,0,0,0,0,0,0,0,0,1,0,1,1,0,0,1,0,0,0,0,0,0,0,0,0,0,0,0,0,0,0,0,0,0,0,0,0,0,0,0,0,0,0,0,0,0,1,2,mathv101,,,mathv101,,,,,,westo102,,,westo102,,,,,,,,,,,0,0,0,0,0,0,0,0,0,0,0,0,bankf101,wilse104,hydec101,cartm101,longr102,robin101,canaj102,browl107,mathv101,4,7,9,5,6,8,3,2,1,radct101,youne102,penna101,radca101,wyatr101,bissj101,davel102,cornw101,1,0,0,0,0,0,0,0,0,0,0,0,0,0,0,0,0,0,0,0,0,0,0,0,0,0,0,0,,P,0,0,20,?,,,,,,19430824,regular,deduced
MEM194308240,S9.1-3;B-2(TH),3,1,1,WAC01,MEM,CAG,0,0,wilse104,westo102,2,7,B,R,?,?,??,,,1,1,1,0,0,0,0,0,0,0,0,0,0,0,0,0,0,1,0,0,0,0,0,0,0,0,0,0,0,0,0,0,0,0,0,0,0,0,0,0,0,0,0,0,0,0,0,0,0,0,0,2,2,mathv101,,,,wilse104,mathv101,,,,westo102,,,,westo102,westo102,,,,,,,,,0,0,0,0,0,0,0,0,0,0,0,0,bankf101,wilse104,hydec101,cartm101,longr102,robin101,canaj102,browl107,mathv101,4,7,9,5,6,8,3,2,1,radct101,youne102,penna101,radca101,wyatr101,bissj101,davel102,cornw101,0,0,0,0,0,0,0,0,0,0,0,0,0,0,0,0,0,0,0,,0,0,0,0,0,0,0,9,9+,,0,0,21,?,,,,,,19430824,regular,deduced
MEM194308240,D7.3-H;2-H,3,1,1,WAC01,MEM,CAG,0,0,hydec101,westo102,3,9,R,R,?,?,??,,,1,1,0,1,0,0,0,0,0,0,0,0,0,0,0,0,0,1,0,0,0,0,0,0,0,0,0,0,0,0,0,0,0,0,0,0,0,0,0,0,0,0,0,0,0,0,0,0,0,0,0,2,2,,wilse104,mathv101,,hydec101,,,,,,westo102,westo102,,westo102,,,,wilse104,mathv101,,,westo102,westo102,0,0,0,0,0,0,1,1,2,2,2,0,bankf101,wilse104,hydec101,cartm101,longr102,robin101,canaj102,browl107,mathv101,4,7,9,5,6,8,3,2,1,radct101,youne102,penna101,radca101,wyatr101,bissj101,davel102,cornw101,0,0,0,0,0,0,0,0,0,0,0,0,0,0,0,0,0,0,0,,0,0,0,0,0,0,0,7,7+,,0,0,22,?,,,,,,19430824,regular,deduced
MEM194308240,99,3,1,1,WAC01,MEM,CAG,0,2,cartm101,westo102,4,5,L,R,?,?,??,,,1,1,0,0,0,0,0,0,0,0,0,0,0,0,1,0,1,1,0,0,0,0,0,0,0,0,0,0,0,0,0,0,0,0,0,0,0,0,0,0,0,0,0,0,0,0,0,0,0,0,0,2,3,,hydec101,,,,,hydec101,,,,westo102,,,,,,,,,,,,,0,0,0,0,0,0,0,0,0,0,0,0,bankf101,wilse104,hydec101,cartm101,longr102,robin101,canaj102,browl107,mathv101,4,7,9,5,6,8,3,2,1,radct101,youne102,penna101,radca101,wyatr101,bissj101,davel102,cornw101,1,0,0,0,0,0,0,0,0,0,0,0,0,0,0,0,0,0,0,0,0,0,0,0,0,0,0,0,,,0,0,23,?,,,,,,19430824,regular,deduced
MEM194308240,99,4,0,0,WAC01,CAG,MEM,0,2,davel102,mathv101,2,8,L,L,?,?,??,,,1,1,0,0,0,0,0,0,0,0,0,0,0,0,1,0,1,1,0,0,0,0,0,0,0,0,0,0,0,0,0,0,0,0,0,0,0,0,0,0,0,0,0,0,0,0,0,0,0,0,0,0,1,,,,,,,,,,,,,,,,,,,,,,,,0,0,0,0,0,0,0,0,0,0,0,0,wyatr101,davel102,penna101,youne102,radca101,bissj101,radct101,cornw101,westo102,6,8,4,3,5,7,2,9,1,browl107,canaj102,bankf101,cartm101,longr102,wilse104,robin101,hydec101,1,0,0,0,0,0,0,0,0,0,0,0,0,0,0,0,0,0,0,0,0,0,0,0,0,0,0,0,,,0,0,24,?,,,,,,19430824,regular,deduced
MEM194308240,99,4,0,0,WAC01,CAG,MEM,0,2,penna101,mathv101,3,4,B,L,?,?,??,,,1,1,0,0,0,0,0,0,0,0,0,0,0,0,1,0,1,1,0,0,0,0,0,0,0,0,0,0,0,0,0,0,0,0,0,0,0,0,0,0,0,0,0,0,0,0,0,0,0,0,0,1,2,,,,,,,,,,,,,,,,,,,,,,,,0,0,0,0,0,0,0,0,0,0,0,0,wyatr101,davel102,penna101,youne102,radca101,bissj101,radct101,cornw101,westo102,6,8,4,3,5,7,2,9,1,browl107,canaj102,bankf101,cartm101,longr102,wilse104,robin101,hydec101,1,0,0,0,0,0,0,0,0,0,0,0,0,0,0,0,0,0,0,0,0,0,0,0,0,0,0,0,,,0,0,25,?,,,,,,19430824,regular,deduced
MEM194308240,W#,4,0,0,WAC01,CAG,MEM,0,2,youne102,mathv101,4,3,R,L,?,?,??,,,1,0,0,0,0,0,0,0,0,1,0,0,0,0,0,0,0,0,0,0,0,0,0,0,0,0,0,0,0,0,0,0,0,0,0,0,0,0,0,0,0,0,0,0,0,0,0,0,0,0,0,2,2,,,,youne102,,,,,,,,,mathv101,,,,,,,,,,,0,0,0,0,0,0,0,0,0,0,0,0,wyatr101,davel102,penna101,youne102,radca101,bissj101,radct101,cornw101,westo102,6,8,4,3,5,7,2,9,1,browl107,canaj102,bankf101,cartm101,longr102,wilse104,robin101,hydec101,0,0,0,0,0,0,0,0,0,0,0,0,0,0,0,0,0,0,0,,0,0,0,0,0,0,0,0,,,0,0,26,?,,,,,,19430824,regular,deduced
MEM194308240,99,4,0,0,WAC01,CAG,MEM,0,2,radca101,mathv101,5,5,R,L,?,?,??,,,1,1,0,0,0,0,0,0,0,0,0,0,0,0,1,0,1,1,0,0,0,0,0,0,0,0,0,0,0,0,0,0,0,0,0,0,0,0,0,0,0,0,0,0,0,0,0,0,0,0,0,2,3,youne102,,,,,,youne102,,,mathv101,,,,,,,,,,,,,,0,0,0,0,0,0,0,0,0,0,0,0,wyatr101,davel102,penna101,youne102,radca101,bissj101,radct101,cornw101,westo102,6,8,4,3,5,7,2,9,1,browl107,canaj102,bankf101,cartm101,longr102,wilse104,robin101,hydec101,1,0,0,0,0,0,0,0,0,0,0,0,0,0,0,0,0,0,0,0,0,0,0,0,0,0,0,0,,,0,0,27,?,,,,,,19430824,regular,deduced
MEM194308240,99,4,1,1,WAC01,MEM,CAG,0,2,longr102,radct101,5,6,R,R,?,?,??,,,1,1,0,0,0,0,0,0,0,0,0,0,0,0,1,0,1,1,0,0,0,0,0,0,0,0,0,0,0,0,0,0,0,0,0,0,0,0,0,0,0,0,0,0,0,0,0,0,0,0,0,0,1,,,,,,,,,,,,,,,,,,,,,,,,0,0,0,0,0,0,0,0,0,0,0,0,bankf101,wilse104,hydec101,cartm101,longr102,robin101,canaj102,browl107,mathv101,4,7,9,5,6,8,3,2,1,charb102,youne102,penna101,radca101,wyatr101,bissj101,davel102,cornw101,1,0,0,0,0,0,0,0,0,0,0,0,0,0,0,0,0,0,0,0,0,0,0,0,0,0,0,0,,,0,0,28,?,,,,,,19430824,regular,deduced
MEM194308240,HR/7,4,1,1,WAC01,MEM,CAG,0,2,robin101,radct101,6,8,R,R,?,?,??,,,1,1,0,0,0,1,0,0,0,0,0,0,0,0,0,0,0,0,0,0,0,0,0,0,0,0,0,0,0,0,0,0,0,0,0,0,0,0,0,0,0,0,0,0,0,0,0,0,0,0,0,1,1,,,,,,,,,,,,,,,,robin101,,,,radct101,,,,0,0,0,0,1,0,0,0,1,1,1,0,bankf101,wilse104,hydec101,cartm101,longr102,robin101,canaj102,browl107,mathv101,4,7,9,5,6,8,3,2,1,charb102,youne102,penna101,radca101,wyatr101,bissj101,davel102,cornw101,0,0,0,0,0,0,0,0,0,0,0,0,0,0,0,0,0,0,0,,0,0,0,0,0,0,0,0,,,0,0,29,?,,,,,,19430824,regular,deduced
MEM194308240,99,4,1,1,WAC01,MEM,CAG,0,3,canaj102,radct101,7,3,L,R,?,?,??,,,1,1,0,0,0,0,0,0,0,0,0,0,0,0,1,0,1,1,0,0,0,0,0,0,0,0,0,0,0,0,0,0,0,0,0,0,0,0,0,0,0,0,0,0,0,0,0,0,0,0,0,1,2,,,,,,,,,,,,,,,,,,,,,,,,0,0,0,0,0,0,0,0,0,0,0,0,bankf101,wilse104,hydec101,cartm101,longr102,robin101,canaj102,browl107,mathv101,4,7,9,5,6,8,3,2,1,charb102,youne102,penna101,radca101,wyatr101,bissj101,davel102,cornw101,1,0,0,0,0,0,0,0,0,0,0,0,0,0,0,0,0,0,0,0,0,0,0,0,0,0,0,0,,,0,0,30,?,,,,,,19430824,regular,deduced
MEM194308240,99,4,1,1,WAC01,MEM,CAG,0,3,browl107,radct101,8,2,B,R,?,?,??,,,1,1,0,0,0,0,0,0,0,0,0,0,0,0,1,0,1,1,0,0,0,0,0,0,0,0,0,0,0,0,0,0,0,0,0,0,0,0,0,0,0,0,0,0,0,0,0,0,0,0,0,2,3,,,,,,,,,,,,,,,,,,,,,,,,0,0,0,0,0,0,0,0,0,0,0,0,bankf101,wilse104,hydec101,cartm101,longr102,robin101,canaj102,browl107,mathv101,4,7,9,5,6,8,3,2,1,charb102,youne102,penna101,radca101,wyatr101,bissj101,davel102,cornw101,1,0,0,0,0,0,0,0,0,0,0,0,0,0,0,0,0,0,0,0,0,0,0,0,0,0,0,0,,,0,0,31,?,,,,,,19430824,regular,deduced
MEM194308240,99,5,0,0,WAC01,CAG,MEM,0,3,bissj101,mathv101,6,7,R,L,?,?,??,,,1,1,0,0,0,0,0,0,0,0,0,0,0,0,1,0,1,1,0,0,0,0,0,0,0,0,0,0,0,0,0,0,0,0,0,0,0,0,0,0,0,0,0,0,0,0,0,0,0,0,0,0,1,,,,,,,,,,,,,,,,,,,,,,,,0,0,0,0,0,0,0,0,0,0,0,0,wyatr101,davel102,penna101,youne102,radca101,bissj101,radct101,cornw101,charb102,6,8,4,3,5,7,1,9,2,browl107,canaj102,bankf101,cartm101,longr102,wilse104,robin101,hydec101,1,0,0,0,0,0,0,0,0,0,0,0,0,0,0,0,0,0,0,0,0,0,0,0,0,0,0,0,,,0,0,32,?,,,,,,19430824,regular,deduced
MEM194308240,99,5,0,0,WAC01,CAG,MEM,0,3,radct101,mathv101,7,1,R,L,?,?,??,,,1,1,0,0,0,0,0,0,0,0,0,0,0,0,1,0,1,1,0,0,0,0,0,0,0,0,0,0,0,0,0,0,0,0,0,0,0,0,0,0,0,0,0,0,0,0,0,0,0,0,0,1,2,,,,,,,,,,,,,,,,,,,,,,,,0,0,0,0,0,0,0,0,0,0,0,0,wyatr101,davel102,penna101,youne102,radca101,bissj101,radct101,cornw101,charb102,6,8,4,3,5,7,1,9,2,browl107,canaj102,bankf101,cartm101,longr102,wilse104,robin101,hydec101,1,0,0,0,0,0,0,0,0,0,0,0,0,0,0,0,0,0,0,0,0,0,0,0,0,0,0,0,,,0,0,33,?,,,,,,19430824,regular,deduced
MEM194308240,99,5,0,0,WAC01,CAG,MEM,0,3,cornw101,mathv101,8,9,R,L,?,?,??,,,1,1,0,0,0,0,0,0,0,0,0,0,0,0,1,0,1,1,0,0,0,0,0,0,0,0,0,0,0,0,0,0,0,0,0,0,0,0,0,0,0,0,0,0,0,0,0,0,0,0,0,2,3,,,,,,,,,,,,,,,,,,,,,,,,0,0,0,0,0,0,0,0,0,0,0,0,wyatr101,davel102,penna101,youne102,radca101,bissj101,radct101,cornw101,charb102,6,8,4,3,5,7,1,9,2,browl107,canaj102,bankf101,cartm101,longr102,wilse104,robin101,hydec101,1,0,0,0,0,0,0,0,0,0,0,0,0,0,0,0,0,0,0,0,0,0,0,0,0,0,0,0,,,0,0,34,?,,,,,,19430824,regular,deduced
MEM194308240,99,5,1,1,WAC01,MEM,CAG,0,3,mathv101,radct101,9,1,L,R,?,?,??,,,1,1,0,0,0,0,0,0,0,0,0,0,0,0,1,0,1,1,0,0,0,0,0,0,0,0,0,0,0,0,0,0,0,0,0,0,0,0,0,0,0,0,0,0,0,0,0,0,0,0,0,0,1,,,,,,,,,,,,,,,,,,,,,,,,0,0,0,0,0,0,0,0,0,0,0,0,bankf101,wilse104,hydec101,cartm101,longr102,robin101,canaj102,browl107,mathv101,4,7,9,5,6,8,3,2,1,charb102,youne102,penna101,radca101,wyatr101,bissj101,davel102,cornw101,1,0,0,0,0,0,0,0,0,0,0,0,0,0,0,0,0,0,0,0,0,0,0,0,0,0,0,0,,,0,0,35,?,,,,,,19430824,regular,deduced
MEM194308240,D9,5,1,1,WAC01,MEM,CAG,0,3,bankf101,radct101,1,4,R,R,?,?,??,,,1,1,0,1,0,0,0,0,0,0,0,0,0,0,0,0,0,1,0,0,0,0,0,0,0,0,0,0,0,0,0,0,0,0,0,0,0,0,0,0,0,0,0,0,0,0,0,0,0,0,0,1,1,,,,,bankf101,,,,,,,,,radct101,,,,,,,,,,0,0,0,0,0,0,0,0,0,0,0,0,bankf101,wilse104,hydec101,cartm101,longr102,robin101,canaj102,browl107,mathv101,4,7,9,5,6,8,3,2,1,charb102,youne102,penna101,radca101,wyatr101,bissj101,davel102,cornw101,0,0,0,0,0,0,0,0,0,0,0,0,0,0,0,0,0,0,0,,0,0,0,0,0,0,0,9,9+,,0,0,36,?,,,,,,19430824,regular,deduced
MEM194308240,99/G.2-3,5,1,1,WAC01,MEM,CAG,0,3,wilse104,radct101,2,7,B,R,?,?,??,,,1,1,0,0,0,0,0,0,0,0,0,0,0,0,1,0,1,1,0,1,0,0,0,0,0,0,0,0,0,0,0,0,0,0,0,0,0,0,0,0,0,0,0,0,0,0,0,0,0,0,0,1,2,,bankf101,,,,bankf101,,,,,radct101,,,,radct101,,,,,,,,,0,0,0,0,0,0,0,0,0,0,0,0,bankf101,wilse104,hydec101,cartm101,longr102,robin101,canaj102,browl107,mathv101,4,7,9,5,6,8,3,2,1,charb102,youne102,penna101,radca101,wyatr101,bissj101,davel102,cornw101,1,0,0,0,0,0,0,0,0,0,0,0,0,0,0,0,0,0,0,0,0,0,0,0,0,0,0,0,,G,0,0,37,?,,,,,,19430824,regular,deduced
MEM194308240,WP.3-H,5,1,1,WAC01,MEM,CAG,0,3,hydec101,radct101,3,9,R,R,?,?,??,,,0,0,0,0,0,0,0,0,0,0,0,0,0,0,0,0,0,0,0,0,0,0,0,0,0,0,0,1,0,0,0,0,0,0,0,0,0,0,0,0,0,0,0,0,0,0,0,0,0,0,0,2,2,,,bankf101,,,,,,,,,radct101,,,,,,,bankf101,,,,radct101,0,0,0,0,0,0,0,0,1,0,1,0,bankf101,wilse104,hydec101,cartm101,longr102,robin101,canaj102,browl107,mathv101,4,7,9,5,6,8,3,2,1,charb102,youne102,penna101,radca101,wyatr101,bissj101,davel102,cornw101,0,0,0,0,0,0,0,0,0,0,0,0,0,0,0,0,0,0,0,,0,0,0,0,0,0,0,0,,,0,0,38,?,,,,,,19430824,regular,deduced
MEM194308240,D,5,1,1,WAC01,MEM,CAG,0,4,hydec101,radct101,3,9,R,R,?,?,??,,,1,1,0,1,0,0,0,0,0,0,0,0,0,0,0,0,0,1,0,0,0,0,0,0,0,0,0,0,0,0,0,0,0,0,0,0,0,0,0,0,0,0,0,0,0,0,0,0,0,0,0,2,2,,,,,hydec101,,,,,,,,,radct101,,,,,,,,,,0,0,0,0,0,0,0,0,0,0,0,0,bankf101,wilse104,hydec101,cartm101,longr102,robin101,canaj102,browl107,mathv101,4,7,9,5,6,8,3,2,1,charb102,youne102,penna101,radca101,wyatr101,bissj101,davel102,cornw101,0,0,0,0,0,0,0,0,0,0,0,0,0,0,0,0,0,0,0,,0,0,0,0,0,0,0,0,,,0,0,39,?,,,,,,19430824,regular,deduced
MEM194308240,99,5,1,1,WAC01,MEM,CAG,0,4,cartm101,radct101,4,5,L,R,?,?,??,,,1,1,0,0,0,0,0,0,0,0,0,0,0,0,1,0,1,1,0,0,0,0,0,0,0,0,0,0,0,0,0,0,0,0,0,0,0,0,0,0,0,0,0,0,0,0,0,0,0,0,0,2,3,,hydec101,,,,,hydec101,,,,radct101,,,,,,,,,,,,,0,0,0,0,0,0,0,0,0,0,0,0,bankf101,wilse104,hydec101,cartm101,longr102,robin101,canaj102,browl107,mathv101,4,7,9,5,6,8,3,2,1,charb102,youne102,penna101,radca101,wyatr101,bissj101,davel102,cornw101,1,0,0,0,0,0,0,0,0,0,0,0,0,0,0,0,0,0,0,0,0,0,0,0,0,0,0,0,,,0,0,40,?,,,,,,19430824,regular,deduced
MEM194308240,99,6,0,0,WAC01,CAG,MEM,0,4,charb102,mathv101,9,2,?,L,?,?,??,,,1,1,0,0,0,0,0,0,0,0,0,0,0,0,1,0,1,1,0,0,0,0,0,0,0,0,0,0,0,0,0,0,0,0,0,0,0,0,0,0,0,0,0,0,0,0,0,0,0,0,0,0,1,,,,,,,,,,,,,,,,,,,,,,,,0,0,0,0,0,0,0,0,0,0,0,0,wyatr101,davel102,penna101,youne102,radca101,bissj101,radct101,cornw101,charb102,6,8,4,3,5,7,1,9,2,browl107,canaj102,bankf101,cartm101,longr102,wilse104,robin101,hydec101,1,0,0,0,0,0,0,0,0,0,0,0,0,0,0,0,0,0,0,0,0,0,0,0,0,0,0,0,,,0,0,41,?,,,,,,19430824,regular,deduced
MEM194308240,99,6,0,0,WAC01,CAG,MEM,0,4,wyatr101,mathv101,1,6,R,L,?,?,??,,,1,1,0,0,0,0,0,0,0,0,0,0,0,0,1,0,1,1,0,0,0,0,0,0,0,0,0,0,0,0,0,0,0,0,0,0,0,0,0,0,0,0,0,0,0,0,0,0,0,0,0,1,2,,,,,,,,,,,,,,,,,,,,,,,,0,0,0,0,0,0,0,0,0,0,0,0,wyatr101,davel102,penna101,youne102,radca101,bissj101,radct101,cornw101,charb102,6,8,4,3,5,7,1,9,2,browl107,canaj102,bankf101,cartm101,longr102,wilse104,robin101,hydec101,1,0,0,0,0,0,0,0,0,0,0,0,0,0,0,0,0,0,0,0,0,0,0,0,0,0,0,0,,,0,0,42,?,,,,,,19430824,regular,deduced
MEM194308240,S7,6,0,0,WAC01,CAG,MEM,0,4,davel102,mathv101,2,8,L,L,?,?,??,,,1,1,1,0,0,0,0,0,0,0,0,0,0,0,0,0,0,1,0,0,0,0,0,0,0,0,0,0,0,0,0,0,0,0,0,0,0,0,0,0,0,0,0,0,0,0,0,0,0,0,0,2,2,,,,davel102,,,,,,,,,mathv101,,,,,,,,,,,0,0,0,0,0,0,0,0,0,0,0,0,wyatr101,davel102,penna101,youne102,radca101,bissj101,radct101,cornw101,charb102,6,8,4,3,5,7,1,9,2,browl107,canaj102,bankf101,cartm101,longr102,wilse104,robin101,hydec101,0,0,0,0,0,0,0,0,0,0,0,0,0,0,0,0,0,0,0,,0,0,0,0,0,0,0,7,7+,,0,0,43,?,,,,,,19430824,regular,deduced
MEM194308240,99,6,0,0,WAC01,CAG,MEM,0,4,penna101,mathv101,3,4,B,L,?,?,??,,,1,1,0,0,0,0,0,0,0,0,0,0,0,0,1,0,1,1,0,0,0,0,0,0,0,0,0,0,0,0,0,0,0,0,0,0,0,0,0,0,0,0,0,0,0,0,0,0,0,0,0,2,3,davel102,,,,,,davel102,,,mathv101,,,,,,,,,,,,,,0,0,0,0,0,0,0,0,0,0,0,0,wyatr101,davel102,penna101,youne102,radca101,bissj101,radct101,cornw101,charb102,6,8,4,3,5,7,1,9,2,browl107,canaj102,bankf101,cartm101,longr102,wilse104,robin101,hydec101,1,0,0,0,0,0,0,0,0,0,0,0,0,0,0,0,0,0,0,0,0,0,0,0,0,0,0,0,,,0,0,44,?,,,,,,19430824,regular,deduced
MEM194308240,K,6,1,1,WAC01,MEM,CAG,0,4,longr102,suttl101,5,6,R,R,?,?,??,,,1,1,0,0,0,0,0,0,0,0,1,0,0,0,0,0,0,0,0,0,0,0,0,0,0,0,0,0,0,0,0,0,0,0,0,0,0,0,0,0,0,0,0,0,0,0,0,0,0,0,0,0,1,,,,,,,,,,,,,,,,,,,,,,,,0,0,0,0,0,0,0,0,0,0,0,0,bankf101,wilse104,hydec101,cartm101,longr102,robin101,canaj102,browl107,mathv101,4,7,9,5,6,8,3,2,1,charb102,youne102,penna101,radca101,wyatr101,bissj101,davel102,cornw101,0,0,1,0,0,0,0,0,0,0,0,0,0,0,0,0,0,0,0,2,0,0,0,0,0,0,0,0,,,0,0,45,?,,,,,,19430824,regular,deduced
MEM194308240,K,6,1,1,WAC01,MEM,CAG,0,4,robin101,suttl101,6,8,R,R,?,?,??,,,1,1,0,0,0,0,0,0,0,0,1,0,0,0,0,0,0,0,0,0,0,0,0,0,0,0,0,0,0,0,0,0,0,0,0,0,0,0,0,0,0,0,0,0,0,0,0,0,0,0,0,1,2,,,,,,,,,,,,,,,,,,,,,,,,0,0,0,0,0,0,0,0,0,0,0,0,bankf101,wilse104,hydec101,cartm101,longr102,robin101,canaj102,browl107,mathv101,4,7,9,5,6,8,3,2,1,charb102,youne102,penna101,radca101,wyatr101,bissj101,davel102,cornw101,0,0,1,0,0,0,0,0,0,0,0,0,0,0,0,0,0,0,0,2,0,0,0,0,0,0,0,0,,,0,0,46,?,,,,,,19430824,regular,deduced
MEM194308240,K,6,1,1,WAC01,MEM,CAG,0,4,canaj102,suttl101,7,3,L,R,?,?,??,,,1,1,0,0,0,0,0,0,0,0,1,0,0,0,0,0,0,0,0,0,0,0,0,0,0,0,0,0,0,0,0,0,0,0,0,0,0,0,0,0,0,0,0,0,0,0,0,0,0,0,0,2,3,,,,,,,,,,,,,,,,,,,,,,,,0,0,0,0,0,0,0,0,0,0,0,0,bankf101,wilse104,hydec101,cartm101,longr102,robin101,canaj102,browl107,mathv101,4,7,9,5,6,8,3,2,1,charb102,youne102,penna101,radca101,wyatr101,bissj101,davel102,cornw101,0,0,1,0,0,0,0,0,0,0,0,0,0,0,0,0,0,0,0,2,0,0,0,0,0,0,0,0,,,0,0,47,?,,,,,,19430824,regular,deduced
MEM194308240,99,7,0,0,WAC01,CAG,MEM,0,4,youne102,mathv101,4,3,R,L,?,?,??,,,1,1,0,0,0,0,0,0,0,0,0,0,0,0,1,0,1,1,0,0,0,0,0,0,0,0,0,0,0,0,0,0,0,0,0,0,0,0,0,0,0,0,0,0,0,0,0,0,0,0,0,0,1,,,,,,,,,,,,,,,,,,,,,,,,0,0,0,0,0,0,0,0,0,0,0,0,wyatr101,davel102,penna101,youne102,radca101,bissj101,suttl101,cornw101,charb102,6,8,4,3,5,7,1,9,2,browl107,canaj102,bankf101,cartm101,longr102,wilse104,robin101,hydec101,1,0,0,0,0,0,0,0,0,0,0,0,0,0,0,0,0,0,0,0,0,0,0,0,0,0,0,0,,,0,0,48,?,,,,,,19430824,regular,deduced
MEM194308240,S#,7,0,0,WAC01,CAG,MEM,0,4,radca101,mathv101,5,5,R,L,?,?,??,,,1,1,1,0,0,0,0,0,0,0,0,0,0,0,0,0,0,1,0,0,0,0,0,0,0,0,0,0,0,0,0,0,0,0,0,0,0,0,0,0,0,0,0,0,0,0,0,0,0,0,0,1,1,,,,radca101,,,,,,,,,mathv101,,,,,,,,,,,0,0,0,0,0,0,0,0,0,0,0,0,wyatr101,davel102,penna101,youne102,radca101,bissj101,suttl101,cornw101,charb102,6,8,4,3,5,7,1,9,2,browl107,canaj102,bankf101,cartm101,longr102,wilse104,robin101,hydec101,0,0,0,0,0,0,0,0,0,0,0,0,0,0,0,0,0,0,0,,0,0,0,0,0,0,0,0,,,0,0,49,?,,,,,,19430824,regular,deduced
MEM194308240,99,7,0,0,WAC01,CAG,MEM,0,4,bissj101,mathv101,6,7,R,L,?,?,??,,,1,1,0,0,0,0,0,0,0,0,0,0,0,0,1,0,1,1,0,0,0,0,0,0,0,0,0,0,0,0,0,0,0,0,0,0,0,0,0,0,0,0,0,0,0,0,0,0,0,0,0,1,2,radca101,,,radca101,,,,,,mathv101,,,mathv101,,,,,,,,,,,0,0,0,0,0,0,0,0,0,0,0,0,wyatr101,davel102,penna101,youne102,radca101,bissj101,suttl101,cornw101,charb102,6,8,4,3,5,7,1,9,2,browl107,canaj102,bankf101,cartm101,longr102,wilse104,robin101,hydec101,1,0,0,0,0,0,0,0,0,0,0,0,0,0,0,0,0,0,0,0,0,0,0,0,0,0,0,0,,,0,0,50,?,,,,,,19430824,regular,deduced
MEM194308240,99,7,0,0,WAC01,CAG,MEM,0,4,suttl101,mathv101,7,1,R,L,?,?,??,,,1,1,0,0,0,0,0,0,0,0,0,0,0,0,1,0,1,1,0,0,0,0,0,0,0,0,0,0,0,0,0,0,0,0,0,0,0,0,0,0,0,0,0,0,0,0,0,0,0,0,0,2,3,radca101,,,,,,radca101,,,mathv101,,,,,,,,,,,,,,0,0,0,0,0,0,0,0,0,0,0,0,wyatr101,davel102,penna101,youne102,radca101,bissj101,suttl101,cornw101,charb102,6,8,4,3,5,7,1,9,2,browl107,canaj102,bankf101,cartm101,longr102,wilse104,robin101,hydec101,1,0,0,0,0,0,0,0,0,0,0,0,0,0,0,0,0,0,0,0,0,0,0,0,0,0,0,0,,,0,0,51,?,,,,,,19430824,regular,deduced
MEM194308240,99,7,1,1,WAC01,MEM,CAG,0,4,browl107,suttl101,8,2,B,R,?,?,??,,,1,1,0,0,0,0,0,0,0,0,0,0,0,0,1,0,1,1,0,0,0,0,0,0,0,0,0,0,0,0,0,0,0,0,0,0,0,0,0,0,0,0,0,0,0,0,0,0,0,0,0,0,1,,,,,,,,,,,,,,,,,,,,,,,,0,0,0,0,0,0,0,0,0,0,0,0,bankf101,wilse104,hydec101,cartm101,longr102,robin101,canaj102,browl107,mathv101,4,7,9,5,6,8,3,2,1,charb102,youne102,penna101,radca101,wyatr101,bissj101,davel102,cornw101,1,0,0,0,0,0,0,0,0,0,0,0,0,0,0,0,0,0,0,0,0,0,0,0,0,0,0,0,,,0,0,52,?,,,,,,19430824,regular,deduced
MEM194308240,99,7,1,1,WAC01,MEM,CAG,0,4,mathv101,suttl101,9,1,L,R,?,?,??,,,1,1,0,0,0,0,0,0,0,0,0,0,0,0,1,0,1,1,0,0,0,0,0,0,0,0,0,0,0,0,0,0,0,0,0,0,0,0,0,0,0,0,0,0,0,0,0,0,0,0,0,1,2,,,,,,,,,,,,,,,,,,,,,,,,0,0,0,0,0,0,0,0,0,0,0,0,bankf101,wilse104,hydec101,cartm101,longr102,robin101,canaj102,browl107,mathv101,4,7,9,5,6,8,3,2,1,charb102,youne102,penna101,radca101,wyatr101,bissj101,davel102,cornw101,1,0,0,0,0,0,0,0,0,0,0,0,0,0,0,0,0,0,0,0,0,0,0,0,0,0,0,0,,,0,0,53,?,,,,,,19430824,regular,deduced
MEM194308240,99,7,1,1,WAC01,MEM,CAG,0,4,bankf101,suttl101,1,4,R,R,?,?,??,,,1,1,0,0,0,0,0,0,0,0,0,0,0,0,1,0,1,1,0,0,0,0,0,0,0,0,0,0,0,0,0,0,0,0,0,0,0,0,0,0,0,0,0,0,0,0,0,0,0,0,0,2,3,,,,,,,,,,,,,,,,,,,,,,,,0,0,0,0,0,0,0,0,0,0,0,0,bankf101,wilse104,hydec101,cartm101,longr102,robin101,canaj102,browl107,mathv101,4,7,9,5,6,8,3,2,1,charb102,youne102,penna101,radca101,wyatr101,bissj101,davel102,cornw101,1,0,0,0,0,0,0,0,0,0,0,0,0,0,0,0,0,0,0,0,0,0,0,0,0,0,0,0,,,0,0,54,?,,,,,,19430824,regular,deduced
MEM194308240,99,8,0,0,WAC01,CAG,MEM,0,4,cornw101,mathv101,8,9,R,L,?,?,??,,,1,1,0,0,0,0,0,0,0,0,0,0,0,0,1,0,1,1,0,0,0,0,0,0,0,0,0,0,0,0,0,0,0,0,0,0,0,0,0,0,0,0,0,0,0,0,0,0,0,0,0,0,1,,,,,,,,,,,,,,,,,,,,,,,,0,0,0,0,0,0,0,0,0,0,0,0,wyatr101,davel102,penna101,youne102,radca101,bissj101,suttl101,cornw101,charb102,6,8,4,3,5,7,1,9,2,browl107,canaj102,bankf101,cartm101,longr102,wilse104,robin101,hydec101,1,0,0,0,0,0,0,0,0,0,0,0,0,0,0,0,0,0,0,0,0,0,0,0,0,0,0,0,,,0,0,55,?,,,,,,19430824,regular,deduced
MEM194308240,99,8,0,0,WAC01,CAG,MEM,0,4,charb102,mathv101,9,2,?,L,?,?,??,,,1,1,0,0,0,0,0,0,0,0,0,0,0,0,1,0,1,1,0,0,0,0,0,0,0,0,0,0,0,0,0,0,0,0,0,0,0,0,0,0,0,0,0,0,0,0,0,0,0,0,0,1,2,,,,,,,,,,,,,,,,,,,,,,,,0,0,0,0,0,0,0,0,0,0,0,0,wyatr101,davel102,penna101,youne102,radca101,bissj101,suttl101,cornw101,charb102,6,8,4,3,5,7,1,9,2,browl107,canaj102,bankf101,cartm101,longr102,wilse104,robin101,hydec101,1,0,0,0,0,0,0,0,0,0,0,0,0,0,0,0,0,0,0,0,0,0,0,0,0,0,0,0,,,0,0,56,?,,,,,,19430824,regular,deduced
MEM194308240,99,8,0,0,WAC01,CAG,MEM,0,4,wyatr101,mathv101,1,6,R,L,?,?,??,,,1,1,0,0,0,0,0,0,0,0,0,0,0,0,1,0,1,1,0,0,0,0,0,0,0,0,0,0,0,0,0,0,0,0,0,0,0,0,0,0,0,0,0,0,0,0,0,0,0,0,0,2,3,,,,,,,,,,,,,,,,,,,,,,,,0,0,0,0,0,0,0,0,0,0,0,0,wyatr101,davel102,penna101,youne102,radca101,bissj101,suttl101,cornw101,charb102,6,8,4,3,5,7,1,9,2,browl107,canaj102,bankf101,cartm101,longr102,wilse104,robin101,hydec101,1,0,0,0,0,0,0,0,0,0,0,0,0,0,0,0,0,0,0,0,0,0,0,0,0,0,0,0,,,0,0,57,?,,,,,,19430824,regular,deduced
MEM194308240,S,8,1,1,WAC01,MEM,CAG,0,4,wilse104,suttl101,2,7,B,R,?,?,??,,,1,1,1,0,0,0,0,0,0,0,0,0,0,0,0,0,0,1,0,0,0,0,0,0,0,0,0,0,0,0,0,0,0,0,0,0,0,0,0,0,0,0,0,0,0,0,0,0,0,0,0,0,0,,,,wilse104,,,,,,,,,suttl101,,,,,,,,,,,0,0,0,0,0,0,0,0,0,0,0,0,bankf101,wilse104,hydec101,cartm101,longr102,robin101,canaj102,browl107,mathv101,4,7,9,5,6,8,3,2,1,charb102,youne102,penna101,radca101,wyatr101,bissj101,davel102,cornw101,0,0,0,0,0,0,0,0,0,0,0,0,0,0,0,0,0,0,0,,0,0,0,0,0,0,0,0,,,0,0,58,?,,,,,,19430824,regular,deduced
MEM194308240,S.1-2,8,1,1,WAC01,MEM,CAG,0,4,hydec101,suttl101,3,9,R,R,?,?,??,,,1,1,1,0,0,0,0,0,0,0,0,0,0,0,0,0,0,1,0,0,0,0,0,0,0,0,0,0,0,0,0,0,0,0,0,0,0,0,0,0,0,0,0,0,0,0,0,0,0,0,0,0,0,wilse104,,,hydec101,wilse104,,,,,suttl101,,,suttl101,suttl101,,,,,,,,,,0,0,0,0,0,0,0,0,0,0,0,0,bankf101,wilse104,hydec101,cartm101,longr102,robin101,canaj102,browl107,mathv101,4,7,9,5,6,8,3,2,1,charb102,youne102,penna101,radca101,wyatr101,bissj101,davel102,cornw101,0,0,0,0,0,0,0,0,0,0,0,0,0,0,0,0,0,0,0,,0,0,0,0,0,0,0,0,,,0,0,59,?,,,,,,19430824,regular,deduced
MEM194308240,99/SH.2-3;1-2,8,1,1,WAC01,MEM,CAG,0,4,cartm101,suttl101,4,5,L,R,?,?,??,,,1,0,0,0,0,0,1,0,0,0,0,0,0,0,0,0,0,1,1,0,0,0,0,0,0,0,0,0,0,0,0,0,0,0,0,0,0,0,0,0,0,0,0,0,0,0,0,0,0,0,0,0,1,hydec101,wilse104,,,hydec101,wilse104,,,,suttl101,suttl101,,,suttl101,suttl101,,,,,,,,,0,0,0,0,0,0,0,0,0,0,0,0,bankf101,wilse104,hydec101,cartm101,longr102,robin101,canaj102,browl107,mathv101,4,7,9,5,6,8,3,2,1,charb102,youne102,penna101,radca101,wyatr101,bissj101,davel102,cornw101,1,0,0,0,0,0,0,0,0,0,0,0,0,0,0,0,0,0,0,0,0,0,0,0,0,0,0,0,,BG,0,0,60,?,,,,,,19430824,regular,deduced
MEM194308240,9/F.3-H,8,1,1,WAC01,MEM,CAG,0,4,longr102,suttl101,5,6,R,R,?,?,??,,,1,1,0,0,0,0,0,0,0,0,0,0,0,0,1,0,1,1,0,0,1,0,0,0,0,0,0,0,0,0,0,0,0,0,0,0,0,0,0,0,0,0,0,0,0,0,0,0,0,0,0,1,2,,hydec101,wilse104,,hydec101,,,,,,suttl101,suttl101,,suttl101,,,,,wilse104,,,,suttl101,0,0,0,0,0,0,0,1,1,1,1,0,bankf101,wilse104,hydec101,cartm101,longr102,robin101,canaj102,browl107,mathv101,4,7,9,5,6,8,3,2,1,charb102,youne102,penna101,radca101,wyatr101,bissj101,davel102,cornw101,0,0,0,0,0,0,0,0,0,1,0,0,0,0,0,0,0,0,0,9,9,0,0,0,0,0,0,9,,F,0,0,61,?,,,,,,19430824,regular,deduced
MEM194308240,99,8,1,1,WAC01,MEM,CAG,0,5,robin101,suttl101,6,8,R,R,?,?,??,,,1,1,0,0,0,0,0,0,0,0,0,0,0,0,1,0,1,1,0,0,0,0,0,0,0,0,0,0,0,0,0,0,0,0,0,0,0,0,0,0,0,0,0,0,0,0,0,0,0,0,0,2,3,,hydec101,,,,,hydec101,,,,suttl101,,,,,,,,,,,,,0,0,0,0,0,0,0,0,0,0,0,0,bankf101,wilse104,hydec101,cartm101,longr102,robin101,canaj102,browl107,mathv101,4,7,9,5,6,8,3,2,1,charb102,youne102,penna101,radca101,wyatr101,bissj101,davel102,cornw101,1,0,0,0,0,0,0,0,0,0,0,0,0,0,0,0,0,0,0,0,0,0,0,0,0,0,0,0,,,0,0,62,?,,,,,,19430824,regular,deduced
MEM194308240,99,9,0,0,WAC01,CAG,MEM,0,5,davel102,mathv101,2,8,L,L,?,?,??,,,1,1,0,0,0,0,0,0,0,0,0,0,0,0,1,0,1,1,0,0,0,0,0,0,0,0,0,0,0,0,0,0,0,0,0,0,0,0,0,0,0,0,0,0,0,0,0,0,0,0,0,0,1,,,,,,,,,,,,,,,,,,,,,,,,0,0,0,0,0,0,0,0,0,0,0,0,wyatr101,davel102,penna101,youne102,radca101,bissj101,suttl101,cornw101,charb102,6,8,4,3,5,7,1,9,2,browl107,canaj102,bankf101,cartm101,longr102,wilse104,robin101,hydec101,1,0,0,0,0,0,0,0,0,0,0,0,0,0,0,0,0,0,0,0,0,0,0,0,0,0,0,0,,,0,0,63,?,,,,,,19430824,regular,deduced
MEM194308240,99,9,0,0,WAC01,CAG,MEM,0,5,penna101,mathv101,3,4,B,L,?,?,??,,,1,1,0,0,0,0,0,0,0,0,0,0,0,0,1,0,1,1,0,0,0,0,0,0,0,0,0,0,0,0,0,0,0,0,0,0,0,0,0,0,0,0,0,0,0,0,0,0,0,0,0,1,2,,,,,,,,,,,,,,,,,,,,,,,,0,0,0,0,0,0,0,0,0,0,0,0,wyatr101,davel102,penna101,youne102,radca101,bissj101,suttl101,cornw101,charb102,6,8,4,3,5,7,1,9,2,browl107,canaj102,bankf101,cartm101,longr102,wilse104,robin101,hydec101,1,0,0,0,0,0,0,0,0,0,0,0,0,0,0,0,0,0,0,0,0,0,0,0,0,0,0,0,,,0,0,64,?,,,,,,19430824,regular,deduced
MEM194308240,99,9,0,0,WAC01,CAG,MEM,0,5,youne102,mathv101,4,3,R,L,?,?,??,,,1,1,0,0,0,0,0,0,0,0,0,0,0,0,1,0,1,1,0,0,0,0,0,0,0,0,0,0,0,0,0,0,0,0,0,0,0,0,0,0,0,0,0,0,0,0,0,0,0,0,0,2,3,,,,,,,,,,,,,,,,,,,,,,,,0,0,0,0,0,0,0,0,0,0,0,0,wyatr101,davel102,penna101,youne102,radca101,bissj101,suttl101,cornw101,charb102,6,8,4,3,5,7,1,9,2,browl107,canaj102,bankf101,cartm101,longr102,wilse104,robin101,hydec101,1,0,0,0,0,0,0,0,0,0,0,0,0,0,0,0,0,0,0,0,0,0,0,0,0,0,0,0,,,0,0,65,?,,,,,,19430824,regular,deduced
KCM194604070,W#,1,0,0,WAC01,CCR,KCM,0,0,smitq101,smith111,1,7,B,R,?,?,??,,,1,0,0,0,0,0,0,0,0,1,0,0,0,0,0,0,0,0,0,0,0,0,0,0,0,0,0,0,0,0,0,0,0,0,0,0,0,0,0,0,0,0,0,0,0,0,0,0,0,0,0,0,0,,,,smitq101,,,,,,,,,smith111,,,,,,,,,,,0,0,0,0,0,0,0,0,0,0,0,0,smitq101,reddu101,riddm101,eastl101,wilej102,smitj112,marcz101,gay-w102,blaib103,7,6,4,3,5,9,2,8,1,taboe101,oneib801,moodl101,willj111,renfc101,scotj106,broww101,hubbl101,0,0,0,0,0,0,0,0,0,0,0,0,0,0,0,0,0,0,0,,0,0,0,0,0,0,0,0,,,0,0,1,?,,,,,,19460407,exhibition,deduced
KCM194604070,99,1,0,0,WAC01,CCR,KCM,0,0,reddu101,smith111,2,6,R,R,?,?,??,,,1,1,0,0,0,0,0,0,0,0,0,0,0,0,1,0,1,1,0,0,0,0,0,0,0,0,0,0,0,0,0,0,0,0,0,0,0,0,0,0,0,0,0,0,0,0,0,0,0,0,0,0,1,smitq101,,,smitq101,,,,,,smith111,,,smith111,,,,,,,,,,,0,0,0,0,0,0,0,0,0,0,0,0,smitq101,reddu101,riddm101,eastl101,wilej102,smitj112,marcz101,gay-w102,blaib103,7,6,4,3,5,9,2,8,1,taboe101,oneib801,moodl101,willj111,renfc101,scotj106,broww101,hubbl101,1,0,0,0,0,0,0,0,0,0,0,0,0,0,0,0,0,0,0,0,0,0,0,0,0,0,0,0,,,0,0,2,?,,,,,,19460407,exhibition,deduced
KCM194604070,S.1-2,1,0,0,WAC01,CCR,KCM,0,0,riddm101,smith111,3,4,L,R,?,?,??,,,1,1,1,0,0,0,0,0,0,0,0,0,0,0,0,0,0,1,0,0,0,0,0,0,0,0,0,0,0,0,0,0,0,0,0,0,0,0,0,0,0,0,0,0,0,0,0,0,0,0,0,1,1,smitq101,,,riddm101,smitq101,,,,,smith111,,,smith111,smith111,,,,,,,,,,0,0,0,0,0,0,0,0,0,0,0,0,smitq101,reddu101,riddm101,eastl101,wilej102,smitj112,marcz101,gay-w102,blaib103,7,6,4,3,5,9,2,8,1,taboe101,oneib801,moodl101,willj111,renfc101,scotj106,broww101,hubbl101,0,0,0,0,0,0,0,0,0,0,0,0,0,0,0,0,0,0,0,,0,0,0,0,0,0,0,0,,,0,0,3,?,,,,,,19460407,exhibition,deduced
KCM194604070,W.2-3;1-2#,1,0,0,WAC01,CCR,KCM,0,0,eastl101,smith111,4,3,L,R,?,?,??,,,1,0,0,0,0,0,0,0,0,1,0,0,0,0,0,0,0,0,0,0,0,0,0,0,0,0,0,0,0,0,0,0,0,0,0,0,0,0,0,0,0,0,0,0,0,0,0,0,0,0,0,1,1,riddm101,smitq101,,eastl101,riddm101,smitq101,,,,smith111,smith111,,smith111,smith111,smith111,,,,,,,,,0,0,0,0,0,0,0,0,0,0,0,0,smitq101,reddu101,riddm101,eastl101,wilej102,smitj112,marcz101,gay-w102,blaib103,7,6,4,3,5,9,2,8,1,taboe101,oneib801,moodl101,willj111,renfc101,scotj106,broww101,hubbl101,0,0,0,0,0,0,0,0,0,0,0,0,0,0,0,0,0,0,0,,0,0,0,0,0,0,0,0,,,0,0,4,?,,,,,,19460407,exhibition,deduced
KCM194604070,K,1,0,0,WAC01,CCR,KCM,0,0,wilej102,smith111,5,5,R,R,?,?,??,,,1,1,0,0,0,0,0,0,0,0,1,0,0,0,0,0,0,0,0,0,0,0,0,0,0,0,0,0,0,0,0,0,0,0,0,0,0,0,0,0,0,0,0,0,0,0,0,0,0,0,0,1,2,eastl101,riddm101,smitq101,eastl101,riddm101,smitq101,,,,smith111,smith111,smith111,smith111,smith111,smith111,,,,,,,,,0,0,0,0,0,0,0,0,0,0,0,0,smitq101,reddu101,riddm101,eastl101,wilej102,smitj112,marcz101,gay-w102,blaib103,7,6,4,3,5,9,2,8,1,taboe101,oneib801,moodl101,willj111,renfc101,scotj106,broww101,hubbl101,0,0,1,0,0,0,0,0,0,0,0,0,0,0,0,0,0,0,0,2,0,0,0,0,0,0,0,0,,,0,0,5,?,,,,,,19460407,exhibition,deduced
KCM194604070,K,1,0,0,WAC01,CCR,KCM,0,0,smitj112,smith111,6,9,L,R,?,?,??,,,1,1,0,0,0,0,0,0,0,0,1,0,0,0,0,0,0,0,0,0,0,0,0,0,0,0,0,0,0,0,0,0,0,0,0,0,0,0,0,0,0,0,0,0,0,0,0,0,0,0,0,2,3,eastl101,riddm101,smitq101,,,,smitq101,riddm101,eastl101,smith111,smith111,smith111,,,,,,,,,,,,0,0,0,0,0,0,0,0,0,0,0,0,smitq101,reddu101,riddm101,eastl101,wilej102,smitj112,marcz101,gay-w102,blaib103,7,6,4,3,5,9,2,8,1,taboe101,oneib801,moodl101,willj111,renfc101,scotj106,broww101,hubbl101,0,0,1,0,0,0,0,0,0,0,0,0,0,0,0,0,0,0,0,2,0,0,0,0,0,0,0,0,,,0,0,6,?,,,,,,19460407,exhibition,deduced
KCM194604070,99,1,1,1,WAC01,KCM,CCR,0,0,hubbl101,blaib103,1,9,?,L,?,?,??,,,1,1,0,0,0,0,0,0,0,0,0,0,0,0,1,0,1,1,0,0,0,0,0,0,0,0,0,0,0,0,0,0,0,0,0,0,0,0,0,0,0,0,0,0,0,0,0,0,0,0,0,0,1,,,,,,,,,,,,,,,,,,,,,,,,0,0,0,0,0,0,0,0,0,0,0,0,hubbl101,oneib801,scotj106,broww101,moodl101,renfc101,taboe101,willj111,smith111,9,3,7,8,4,6,2,5,1,marcz101,eastl101,riddm101,wilej102,reddu101,smitq101,gay-w102,smitj112,1,0,0,0,0,0,0,0,0,0,0,0,0,0,0,0,0,0,0,0,0,0,0,0,0,0,0,0,,,0,0,7,?,,,,,,19460407,exhibition,deduced
KCM194604070,S#,1,1,1,WAC01,KCM,CCR,0,0,oneib801,blaib103,2,3,R,L,?,?,??,,,1,1,1,0,0,0,0,0,0,0,0,0,0,0,0,0,0,1,0,0,0,0,0,0,0,0,0,0,0,0,0,0,0,0,0,0,0,0,0,0,0,0,0,0,0,0,0,0,0,0,0,1,1,,,,oneib801,,,,,,,,,blaib103,,,,,,,,,,,0,0,0,0,0,0,0,0,0,0,0,0,hubbl101,oneib801,scotj106,broww101,moodl101,renfc101,taboe101,willj111,smith111,9,3,7,8,4,6,2,5,1,marcz101,eastl101,riddm101,wilej102,reddu101,smitq101,gay-w102,smitj112,0,0,0,0,0,0,0,0,0,0,0,0,0,0,0,0,0,0,0,,0,0,0,0,0,0,0,0,,,0,0,8,?,,,,,,19460407,exhibition,deduced
KCM194604070,99,1,1,1,WAC01,KCM,CCR,0,0,scotj106,blaib103,3,7,L,L,?,?,??,,,1,1,0,0,0,0,0,0,0,0,0,0,0,0,1,0,1,1,0,0,0,0,0,0,0,0,0,0,0,0,0,0,0,0,0,0,0,0,0,0,0,0,0,0,0,0,0,0,0,0,0,1,2,oneib801,,,oneib801,,,,,,blaib103,,,blaib103,,,,,,,,,,,0,0,0,0,0,0,0,0,0,0,0,0,hubbl101,oneib801,scotj106,broww101,moodl101,renfc101,taboe101,willj111,smith111,9,3,7,8,4,6,2,5,1,marcz101,eastl101,riddm101,wilej102,reddu101,smitq101,gay-w102,smitj112,1,0,0,0,0,0,0,0,0,0,0,0,0,0,0,0,0,0,0,0,0,0,0,0,0,0,0,0,,,0,0,9,?,,,,,,19460407,exhibition,deduced
KCM194604070,W.1-2,1,1,1,WAC01,KCM,CCR,0,0,broww101,blaib103,4,8,R,L,?,?,??,,,1,0,0,0,0,0,0,0,0,1,0,0,0,0,0,0,0,0,0,0,0,0,0,0,0,0,0,0,0,0,0,0,0,0,0,0,0,0,0,0,0,0,0,0,0,0,0,0,0,0,0,2,2,oneib801,,,broww101,oneib801,,,,,blaib103,,,blaib103,blaib103,,,,,,,,,,0,0,0,0,0,0,0,0,0,0,0,0,hubbl101,oneib801,scotj106,broww101,moodl101,renfc101,taboe101,willj111,smith111,9,3,7,8,4,6,2,5,1,marcz101,eastl101,riddm101,wilej102,reddu101,smitq101,gay-w102,smitj112,0,0,0,0,0,0,0,0,0,0,0,0,0,0,0,0,0,0,0,,0,0,0,0,0,0,0,0,,,0,0,10,?,,,,,,19460407,exhibition,deduced
KCM194604070,99,1,1,1,WAC01,KCM,CCR,0,0,moodl101,blaib103,5,4,R,L,?,?,??,,,1,1,0,0,0,0,0,0,0,0,0,0,0,0,1,0,1,1,0,0,0,0,0,0,0,0,0,0,0,0,0,0,0,0,0,0,0,0,0,0,0,0,0,0,0,0,0,0,0,0,0,2,3,broww101,oneib801,,,,,oneib801,broww101,,blaib103,blaib103,,,,,,,,,,,,,0,0,0,0,0,0,0,0,0,0,0,0,hubbl101,oneib801,scotj106,broww101,moodl101,renfc101,taboe101,willj111,smith111,9,3,7,8,4,6,2,5,1,marcz101,eastl101,riddm101,wilej102,reddu101,smitq101,gay-w102,smitj112,1,0,0,0,0,0,0,0,0,0,0,0,0,0,0,0,0,0,0,0,0,0,0,0,0,0,0,0,,,0,0,11,?,,,,,,19460407,exhibition,deduced
KCM194604070,99,2,0,0,WAC01,CCR,KCM,0,0,marcz101,smith111,7,2,R,R,?,?,??,,,1,1,0,0,0,0,0,0,0,0,0,0,0,0,1,0,1,1,0,0,0,0,0,0,0,0,0,0,0,0,0,0,0,0,0,0,0,0,0,0,0,0,0,0,0,0,0,0,0,0,0,0,1,,,,,,,,,,,,,,,,,,,,,,,,0,0,0,0,0,0,0,0,0,0,0,0,smitq101,reddu101,riddm101,eastl101,wilej102,smitj112,marcz101,gay-w102,blaib103,7,6,4,3,5,9,2,8,1,taboe101,oneib801,moodl101,willj111,renfc101,scotj106,broww101,hubbl101,1,0,0,0,0,0,0,0,0,0,0,0,0,0,0,0,0,0,0,0,0,0,0,0,0,0,0,0,,,0,0,12,?,,,,,,19460407,exhibition,deduced
KCM194604070,99,2,0,0,WAC01,CCR,KCM,0,0,gay-w102,smith111,8,8,?,R,?,?,??,,,1,1,0,0,0,0,0,0,0,0,0,0,0,0,1,0,1,1,0,0,0,0,0,0,0,0,0,0,0,0,0,0,0,0,0,0,0,0,0,0,0,0,0,0,0,0,0,0,0,0,0,1,2,,,,,,,,,,,,,,,,,,,,,,,,0,0,0,0,0,0,0,0,0,0,0,0,smitq101,reddu101,riddm101,eastl101,wilej102,smitj112,marcz101,gay-w102,blaib103,7,6,4,3,5,9,2,8,1,taboe101,oneib801,moodl101,willj111,renfc101,scotj106,broww101,hubbl101,1,0,0,0,0,0,0,0,0,0,0,0,0,0,0,0,0,0,0,0,0,0,0,0,0,0,0,0,,,0,0,13,?,,,,,,19460407,exhibition,deduced
KCM194604070,99,2,0,0,WAC01,CCR,KCM,0,0,blaib103,smith111,9,1,R,R,?,?,??,,,1,1,0,0,0,0,0,0,0,0,0,0,0,0,1,0,1,1,0,0,0,0,0,0,0,0,0,0,0,0,0,0,0,0,0,0,0,0,0,0,0,0,0,0,0,0,0,0,0,0,0,2,3,,,,,,,,,,,,,,,,,,,,,,,,0,0,0,0,0,0,0,0,0,0,0,0,smitq101,reddu101,riddm101,eastl101,wilej102,smitj112,marcz101,gay-w102,blaib103,7,6,4,3,5,9,2,8,1,taboe101,oneib801,moodl101,willj111,renfc101,scotj106,broww101,hubbl101,1,0,0,0,0,0,0,0,0,0,0,0,0,0,0,0,0,0,0,0,0,0,0,0,0,0,0,0,,,0,0,14,?,,,,,,19460407,exhibition,deduced
KCM194604070,99,2,1,1,WAC01,KCM,CCR,0,0,renfc101,blaib103,6,6,R,L,?,?,??,,,1,1,0,0,0,0,0,0,0,0,0,0,0,0,1,0,1,1,0,0,0,0,0,0,0,0,0,0,0,0,0,0,0,0,0,0,0,0,0,0,0,0,0,0,0,0,0,0,0,0,0,0,1,,,,,,,,,,,,,,,,,,,,,,,,0,0,0,0,0,0,0,0,0,0,0,0,hubbl101,oneib801,scotj106,broww101,moodl101,renfc101,taboe101,willj111,smith111,9,3,7,8,4,6,2,5,1,marcz101,eastl101,riddm101,wilej102,reddu101,smitq101,gay-w102,smitj112,1,0,0,0,0,0,0,0,0,0,0,0,0,0,0,0,0,0,0,0,0,0,0,0,0,0,0,0,,,0,0,15,?,,,,,,19460407,exhibition,deduced
KCM194604070,S,2,1,1,WAC01,KCM,CCR,0,0,taboe101,blaib103,7,2,R,L,?,?,??,,,1,1,1,0,0,0,0,0,0,0,0,0,0,0,0,0,0,1,0,0,0,0,0,0,0,0,0,0,0,0,0,0,0,0,0,0,0,0,0,0,0,0,0,0,0,0,0,0,0,0,0,1,1,,,,taboe101,,,,,,,,,blaib103,,,,,,,,,,,0,0,0,0,0,0,0,0,0,0,0,0,hubbl101,oneib801,scotj106,broww101,moodl101,renfc101,taboe101,willj111,smith111,9,3,7,8,4,6,2,5,1,marcz101,eastl101,riddm101,wilej102,reddu101,smitq101,gay-w102,smitj112,0,0,0,0,0,0,0,0,0,0,0,0,0,0,0,0,0,0,0,,0,0,0,0,0,0,0,0,,,0,0,16,?,,,,,,19460407,exhibition,deduced
KCM194604070,NP,2,1,1,WAC01,KCM,CCR,0,0,willj111,blaib103,8,5,R,L,?,?,??,,,0,0,0,0,0,0,0,0,0,0,0,0,0,0,0,0,0,0,0,0,0,0,0,0,0,0,0,0,0,0,0,0,0,0,0,0,0,0,0,0,0,0,0,0,0,0,0,0,0,0,0,1,1,taboe101,,,taboe101,,,,,,blaib103,,,blaib103,,,,,,,,,,,0,0,0,0,0,0,0,0,0,0,0,0,hubbl101,oneib801,scotj106,broww101,moodl101,renfc101,taboe101,willj111,smith111,9,3,7,8,4,6,2,5,1,marcz101,eastl101,riddm101,wilej102,reddu101,smitq101,gay-w102,smitj112,0,0,0,0,0,0,0,0,0,0,0,0,0,0,0,0,0,0,0,,0,0,0,0,0,0,0,0,,,0,0,17,?,,,,,,19460407,exhibition,deduced
KCM194604070,S.1-2,2,1,1,WAC01,KCM,CCR,0,0,willj111,blaib103,8,5,R,L,?,?,??,,,1,1,1,0,0,0,0,0,0,0,0,0,0,0,0,0,0,1,0,0,0,0,0,0,0,0,0,0,0,0,0,0,0,0,0,0,0,0,0,0,0,0,0,0,0,0,0,0,0,0,0,1,1,greej108,,,willj111,greej108,,,,,blaib103,,,blaib103,blaib103,,,,,,,,,,0,0,0,0,0,0,0,0,0,0,0,0,hubbl101,oneib801,scotj106,broww101,moodl101,renfc101,greej108,willj111,smith111,9,3,7,8,4,6,12,5,1,marcz101,eastl101,riddm101,wilej102,reddu101,smitq101,gay-w102,smitj112,0,0,0,0,0,0,0,0,0,0,0,0,0,0,0,0,0,0,0,,0,0,0,0,0,0,0,0,,,0,0,18,?,,,,,,19460407,exhibition,deduced
KCM194604070,D9.2-H;1-3,2,1,1,WAC01,KCM,CCR,0,0,smith111,blaib103,9,1,R,L,?,?,??,,,1,1,0,1,0,0,0,0,0,0,0,0,0,0,0,0,0,1,0,0,0,0,0,0,0,0,0,0,0,0,0,0,0,0,0,0,0,0,0,0,0,0,0,0,0,0,0,0,0,0,0,1,1,willj111,greej108,,,smith111,willj111,,,,blaib103,blaib103,,,blaib103,blaib103,,,greej108,,,,blaib103,,0,0,0,0,0,0,1,0,1,1,1,0,hubbl101,oneib801,scotj106,broww101,moodl101,renfc101,greej108,willj111,smith111,9,3,7,8,4,6,12,5,1,marcz101,eastl101,riddm101,wilej102,reddu101,smitq101,gay-w102,smitj112,0,0,0,0,0,0,0,0,0,0,0,0,0,0,0,0,0,0,0,,0,0,0,0,0,0,0,9,9+,,0,0,19,?,,,,,,19460407,exhibition,deduced
KCM194604070,99/F.3-H,2,1,1,WAC01,KCM,CCR,0,1,hubbl101,blaib103,1,9,?,L,?,?,??,,,1,1,0,0,0,0,0,0,0,0,0,0,0,0,1,0,1,1,0,0,1,0,0,0,0,0,0,0,0,0,0,0,0,0,0,0,0,0,0,0,0,0,0,0,0,0,0,0,0,0,0,1,2,,smith111,willj111,,smith111,,,,,,blaib103,blaib103,,blaib103,,,,,willj111,,,,blaib103,0,0,0,0,0,0,0,1,1,1,1,0,hubbl101,oneib801,scotj106,broww101,moodl101,renfc101,greej108,willj111,smith111,9,3,7,8,4,6,12,5,1,marcz101,eastl101,riddm101,wilej102,reddu101,smitq101,gay-w102,smitj112,1,0,0,0,0,0,0,0,0,0,0,0,0,0,0,0,0,0,0,0,0,0,0,0,0,0,0,0,,F,0,0,20,?,,,,,,19460407,exhibition,deduced
KCM194604070,99,2,1,1,WAC01,KCM,CCR,0,2,oneib801,blaib103,2,3,R,L,?,?,??,,,1,1,0,0,0,0,0,0,0,0,0,0,0,0,1,0,1,1,0,0,0,0,0,0,0,0,0,0,0,0,0,0,0,0,0,0,0,0,0,0,0,0,0,0,0,0,0,0,0,0,0,2,3,,smith111,,,,,smith111,,,,blaib103,,,,,,,,,,,,,0,0,0,0,0,0,0,0,0,0,0,0,hubbl101,oneib801,scotj106,broww101,moodl101,renfc101,greej108,willj111,smith111,9,3,7,8,4,6,12,5,1,marcz101,eastl101,riddm101,wilej102,reddu101,smitq101,gay-w102,smitj112,1,0,0,0,0,0,0,0,0,0,0,0,0,0,0,0,0,0,0,0,0,0,0,0,0,0,0,0,,,0,0,21,?,,,,,,19460407,exhibition,deduced
KCM194604070,99,3,0,0,WAC01,CCR,KCM,0,2,smitq101,smith111,1,7,B,R,?,?,??,,,1,1,0,0,0,0,0,0,0,0,0,0,0,0,1,0,1,1,0,0,0,0,0,0,0,0,0,0,0,0,0,0,0,0,0,0,0,0,0,0,0,0,0,0,0,0,0,0,0,0,0,0,1,,,,,,,,,,,,,,,,,,,,,,,,0,0,0,0,0,0,0,0,0,0,0,0,smitq101,reddu101,riddm101,eastl101,wilej102,smitj112,marcz101,gay-w102,blaib103,7,6,4,3,5,9,2,8,1,greej108,oneib801,moodl101,willj111,renfc101,scotj106,broww101,hubbl101,1,0,0,0,0,0,0,0,0,0,0,0,0,0,0,0,0,0,0,0,0,0,0,0,0,0,0,0,,,0,0,22,?,,,,,,19460407,exhibition,deduced
KCM194604070,99,3,0,0,WAC01,CCR,KCM,0,2,reddu101,smith111,2,6,R,R,?,?,??,,,1,1,0,0,0,0,0,0,0,0,0,0,0,0,1,0,1,1,0,0,0,0,0,0,0,0,0,0,0,0,0,0,0,0,0,0,0,0,0,0,0,0,0,0,0,0,0,0,0,0,0,1,2,,,,,,,,,,,,,,,,,,,,,,,,0,0,0,0,0,0,0,0,0,0,0,0,smitq101,reddu101,riddm101,eastl101,wilej102,smitj112,marcz101,gay-w102,blaib103,7,6,4,3,5,9,2,8,1,greej108,oneib801,moodl101,willj111,renfc101,scotj106,broww101,hubbl101,1,0,0,0,0,0,0,0,0,0,0,0,0,0,0,0,0,0,0,0,0,0,0,0,0,0,0,0,,,0,0,23,?,,,,,,19460407,exhibition,deduced
KCM194604070,99,3,0,0,WAC01,CCR,KCM,0,2,riddm101,smith111,3,4,L,R,?,?,??,,,1,1,0,0,0,0,0,0,0,0,0,0,0,0,1,0,1,1,0,0,0,0,0,0,0,0,0,0,0,0,0,0,0,0,0,0,0,0,0,0,0,0,0,0,0,0,0,0,0,0,0,2,3,,,,,,,,,,,,,,,,,,,,,,,,0,0,0,0,0,0,0,0,0,0,0,0,smitq101,reddu101,riddm101,eastl101,wilej102,smitj112,marcz101,gay-w102,blaib103,7,6,4,3,5,9,2,8,1,greej108,oneib801,moodl101,willj111,renfc101,scotj106,broww101,hubbl101,1,0,0,0,0,0,0,0,0,0,0,0,0,0,0,0,0,0,0,0,0,0,0,0,0,0,0,0,,,0,0,24,?,,,,,,19460407,exhibition,deduced
KCM194604070,99,3,1,1,WAC01,KCM,CCR,0,2,scotj106,blaib103,3,7,L,L,?,?,??,,,1,1,0,0,0,0,0,0,0,0,0,0,0,0,1,0,1,1,0,0,0,0,0,0,0,0,0,0,0,0,0,0,0,0,0,0,0,0,0,0,0,0,0,0,0,0,0,0,0,0,0,0,1,,,,,,,,,,,,,,,,,,,,,,,,0,0,0,0,0,0,0,0,0,0,0,0,hubbl101,oneib801,scotj106,broww101,moodl101,renfc101,greej108,willj111,smith111,9,3,7,8,4,6,2,5,1,marcz101,eastl101,riddm101,wilej102,reddu101,smitq101,gay-w102,smitj112,1,0,0,0,0,0,0,0,0,0,0,0,0,0,0,0,0,0,0,0,0,0,0,0,0,0,0,0,,,0,0,25,?,,,,,,19460407,exhibition,deduced
KCM194604070,HR/7,3,1,1,WAC01,KCM,CCR,0,2,broww101,blaib103,4,8,R,L,?,?,??,,,1,1,0,0,0,1,0,0,0,0,0,0,0,0,0,0,0,0,0,0,0,0,0,0,0,0,0,0,0,0,0,0,0,0,0,0,0,0,0,0,0,0,0,0,0,0,0,0,0,0,0,1,1,,,,,,,,,,,,,,,,broww101,,,,blaib103,,,,0,0,0,0,1,0,0,0,1,1,1,0,hubbl101,oneib801,scotj106,broww101,moodl101,renfc101,greej108,willj111,smith111,9,3,7,8,4,6,2,5,1,marcz101,eastl101,riddm101,wilej102,reddu101,smitq101,gay-w102,smitj112,0,0,0,0,0,0,0,0,0,0,0,0,0,0,0,0,0,0,0,,0,0,0,0,0,0,0,0,,,0,0,26,?,,,,,,19460407,exhibition,deduced
KCM194604070,S#,3,1,1,WAC01,KCM,CCR,0,3,moodl101,blaib103,5,4,R,L,?,?,??,,,1,1,1,0,0,0,0,0,0,0,0,0,0,0,0,0,0,1,0,0,0,0,0,0,0,0,0,0,0,0,0,0,0,0,0,0,0,0,0,0,0,0,0,0,0,0,0,0,0,0,0,1,1,,,,moodl101,,,,,,,,,blaib103,,,,,,,,,,,0,0,0,0,0,0,0,0,0,0,0,0,hubbl101,oneib801,scotj106,broww101,moodl101,renfc101,greej108,willj111,smith111,9,3,7,8,4,6,2,5,1,marcz101,eastl101,riddm101,wilej102,reddu101,smitq101,gay-w102,smitj112,0,0,0,0,0,0,0,0,0,0,0,0,0,0,0,0,0,0,0,,0,0,0,0,0,0,0,0,,,0,0,27,?,,,,,,19460407,exhibition,deduced
KCM194604070,99,3,1,1,WAC01,KCM,CCR,0,3,renfc101,blaib103,6,6,R,L,?,?,??,,,1,1,0,0,0,0,0,0,0,0,0,0,0,0,1,0,1,1,0,0,0,0,0,0,0,0,0,0,0,0,0,0,0,0,0,0,0,0,0,0,0,0,0,0,0,0,0,0,0,0,0,1,2,moodl101,,,moodl101,,,,,,blaib103,,,blaib103,,,,,,,,,,,0,0,0,0,0,0,0,0,0,0,0,0,hubbl101,oneib801,scotj106,broww101,moodl101,renfc101,greej108,willj111,smith111,9,3,7,8,4,6,2,5,1,marcz101,eastl101,riddm101,wilej102,reddu101,smitq101,gay-w102,smitj112,1,0,0,0,0,0,0,0,0,0,0,0,0,0,0,0,0,0,0,0,0,0,0,0,0,0,0,0,,,0,0,28,?,,,,,,19460407,exhibition,deduced
KCM194604070,99,3,1,1,WAC01,KCM,CCR,0,3,greej108,blaib103,7,2,R,L,?,?,??,,,1,1,0,0,0,0,0,0,0,0,0,0,0,0,1,0,1,1,0,0,0,0,0,0,0,0,0,0,0,0,0,0,0,0,0,0,0,0,0,0,0,0,0,0,0,0,0,0,0,0,0,2,3,moodl101,,,,,,moodl101,,,blaib103,,,,,,,,,,,,,,0,0,0,0,0,0,0,0,0,0,0,0,hubbl101,oneib801,scotj106,broww101,moodl101,renfc101,greej108,willj111,smith111,9,3,7,8,4,6,2,5,1,marcz101,eastl101,riddm101,wilej102,reddu101,smitq101,gay-w102,smitj112,1,0,0,0,0,0,0,0,0,0,0,0,0,0,0,0,0,0,0,0,0,0,0,0,0,0,0,0,,,0,0,29,?,,,,,,19460407,exhibition,deduced
KCM194604070,99,4,0,0,WAC01,CCR,KCM,0,3,eastl101,smitf107,4,3,L,R,?,?,??,,,1,1,0,0,0,0,0,0,0,0,0,0,0,0,1,0,1,1,0,0,0,0,0,0,0,0,0,0,0,0,0,0,0,0,0,0,0,0,0,0,0,0,0,0,0,0,0,0,0,0,0,0,1,,,,,,,,,,,,,,,,,,,,,,,,0,0,0,0,0,0,0,0,0,0,0,0,smitq101,reddu101,riddm101,eastl101,wilej102,smitj112,marcz101,gay-w102,blaib103,7,6,4,3,5,9,2,8,1,greej108,oneib801,moodl101,willj111,renfc101,scotj106,broww101,hubbl101,1,0,0,0,0,0,0,0,0,0,0,0,0,0,0,0,0,0,0,0,0,0,0,0,0,0,0,0,,,0,0,30,?,,,,,,19460407,exhibition,deduced
KCM194604070,99,4,0,0,WAC01,CCR,KCM,0,3,wilej102,smitf107,5,5,R,R,?,?,??,,,1,1,0,0,0,0,0,0,0,0,0,0,0,0,1,0,1,1,0,0,0,0,0,0,0,0,0,0,0,0,0,0,0,0,0,0,0,0,0,0,0,0,0,0,0,0,0,0,0,0,0,1,2,,,,,,,,,,,,,,,,,,,,,,,,0,0,0,0,0,0,0,0,0,0,0,0,smitq101,reddu101,riddm101,eastl101,wilej102,smitj112,marcz101,gay-w102,blaib103,7,6,4,3,5,9,2,8,1,greej108,oneib801,moodl101,willj111,renfc101,scotj106,broww101,hubbl101,1,0,0,0,0,0,0,0,0,0,0,0,0,0,0,0,0,0,0,0,0,0,0,0,0,0,0,0,,,0,0,31,?,,,,,,19460407,exhibition,deduced
KCM194604070,99,4,0,0,WAC01,CCR,KCM,0,3,smitj112,smitf107,6,9,L,R,?,?,??,,,1,1,0,0,0,0,0,0,0,0,0,0,0,0,1,0,1,1,0,0,0,0,0,0,0,0,0,0,0,0,0,0,0,0,0,0,0,0,0,0,0,0,0,0,0,0,0,0,0,0,0,2,3,,,,,,,,,,,,,,,,,,,,,,,,0,0,0,0,0,0,0,0,0,0,0,0,smitq101,reddu101,riddm101,eastl101,wilej102,smitj112,marcz101,gay-w102,blaib103,7,6,4,3,5,9,2,8,1,greej108,oneib801,moodl101,willj111,renfc101,scotj106,broww101,hubbl101,1,0,0,0,0,0,0,0,0,0,0,0,0,0,0,0,0,0,0,0,0,0,0,0,0,0,0,0,,,0,0,32,?,,,,,,19460407,exhibition,deduced
KCM194604070,99,4,1,1,WAC01,KCM,CCR,0,3,willj111,markj101,8,5,R,R,?,?,??,,,1,1,0,0,0,0,0,0,0,0,0,0,0,0,1,0,1,1,0,0,0,0,0,0,0,0,0,0,0,0,0,0,0,0,0,0,0,0,0,0,0,0,0,0,0,0,0,0,0,0,0,0,1,,,,,,,,,,,,,,,,,,,,,,,,0,0,0,0,0,0,0,0,0,0,0,0,hubbl101,oneib801,scotj106,broww101,moodl101,renfc101,greej108,willj111,smitf107,9,3,7,8,4,6,2,5,1,marcz101,eastl101,riddm101,wilej102,reddu101,smitq101,gay-w102,smitj112,1,0,0,0,0,0,0,0,0,0,0,0,0,0,0,0,0,0,0,0,0,0,0,0,0,0,0,0,,,0,0,33,?,,,,,,19460407,exhibition,deduced
KCM194604070,S#,4,1,1,WAC01,KCM,CCR,0,3,smitf107,markj101,9,1,B,R,?,?,??,,,1,1,1,0,0,0,0,0,0,0,0,0,0,0,0,0,0,1,0,0,0,0,0,0,0,0,0,0,0,0,0,0,0,0,0,0,0,0,0,0,0,0,0,0,0,0,0,0,0,0,0,1,1,,,,smitf107,,,,,,,,,markj101,,,,,,,,,,,0,0,0,0,0,0,0,0,0,0,0,0,hubbl101,oneib801,scotj106,broww101,moodl101,renfc101,greej108,willj111,smitf107,9,3,7,8,4,6,2,5,1,marcz101,eastl101,riddm101,wilej102,reddu101,smitq101,gay-w102,smitj112,0,0,0,0,0,0,0,0,0,0,0,0,0,0,0,0,0,0,0,,0,0,0,0,0,0,0,0,,,0,0,34,?,,,,,,19460407,exhibition,deduced
KCM194604070,S.1-2#,4,1,1,WAC01,KCM,CCR,0,3,hubbl101,markj101,1,9,?,R,?,?,??,,,1,1,1,0,0,0,0,0,0,0,0,0,0,0,0,0,0,1,0,0,0,0,0,0,0,0,0,0,0,0,0,0,0,0,0,0,0,0,0,0,0,0,0,0,0,0,0,0,0,0,0,1,1,smitf107,,,hubbl101,smitf107,,,,,markj101,,,markj101,markj101,,,,,,,,,,0,0,0,0,0,0,0,0,0,0,0,0,hubbl101,oneib801,scotj106,broww101,moodl101,renfc101,greej108,willj111,smitf107,9,3,7,8,4,6,2,5,1,marcz101,eastl101,riddm101,wilej102,reddu101,smitq101,gay-w102,smitj112,0,0,0,0,0,0,0,0,0,0,0,0,0,0,0,0,0,0,0,,0,0,0,0,0,0,0,0,,,0,0,35,?,,,,,,19460407,exhibition,deduced
KCM194604070,99,4,1,1,WAC01,KCM,CCR,0,3,oneib801,markj101,2,3,R,R,?,?,??,,,1,1,0,0,0,0,0,0,0,0,0,0,0,0,1,0,1,1,0,0,0,0,0,0,0,0,0,0,0,0,0,0,0,0,0,0,0,0,0,0,0,0,0,0,0,0,0,0,0,0,0,1,2,hubbl101,smitf107,,hubbl101,smitf107,,,,,markj101,markj101,,markj101,markj101,,,,,,,,,,0,0,0,0,0,0,0,0,0,0,0,0,hubbl101,oneib801,scotj106,broww101,moodl101,renfc101,greej108,willj111,smitf107,9,3,7,8,4,6,2,5,1,marcz101,eastl101,riddm101,wilej102,reddu101,smitq101,gay-w102,smitj112,1,0,0,0,0,0,0,0,0,0,0,0,0,0,0,0,0,0,0,0,0,0,0,0,0,0,0,0,,,0,0,36,?,,,,,,19460407,exhibition,deduced
KCM194604070,99,4,1,1,WAC01,KCM,CCR,0,3,scotj106,markj101,3,7,L,R,?,?,??,,,1,1,0,0,0,0,0,0,0,0,0,0,0,0,1,0,1,1,0,0,0,0,0,0,0,0,0,0,0,0,0,0,0,0,0,0,0,0,0,0,0,0,0,0,0,0,0,0,0,0,0,2,3,hubbl101,smitf107,,,,,smitf107,hubbl101,,markj101,markj101,,,,,,,,,,,,,0,0,0,0,0,0,0,0,0,0,0,0,hubbl101,oneib801,scotj106,broww101,moodl101,renfc101,greej108,willj111,smitf107,9,3,7,8,4,6,2,5,1,marcz101,eastl101,riddm101,wilej102,reddu101,smitq101,gay-w102,smitj112,1,0,0,0,0,0,0,0,0,0,0,0,0,0,0,0,0,0,0,0,0,0,0,0,0,0,0,0,,,0,0,37,?,,,,,,19460407,exhibition,deduced
KCM194604070,99,5,0,0,WAC01,CCR,KCM,0,3,marcz101,smitf107,7,2,R,R,?,?,??,,,1,1,0,0,0,0,0,0,0,0,0,0,0,0,1,0,1,1,0,0,0,0,0,0,0,0,0,0,0,0,0,0,0,0,0,0,0,0,0,0,0,0,0,0,0,0,0,0,0,0,0,0,1,,,,,,,,,,,,,,,,,,,,,,,,0,0,0,0,0,0,0,0,0,0,0,0,smitq101,reddu101,riddm101,eastl101,wilej102,smitj112,marcz101,gay-w102,markj101,7,6,4,3,5,9,2,8,1,greej108,oneib801,moodl101,willj111,renfc101,scotj106,broww101,hubbl101,1,0,0,0,0,0,0,0,0,0,0,0,0,0,0,0,0,0,0,0,0,0,0,0,0,0,0,0,,,0,0,38,?,,,,,,19460407,exhibition,deduced
KCM194604070,99,5,0,0,WAC01,CCR,KCM,0,3,gay-w102,smitf107,8,8,?,R,?,?,??,,,1,1,0,0,0,0,0,0,0,0,0,0,0,0,1,0,1,1,0,0,0,0,0,0,0,0,0,0,0,0,0,0,0,0,0,0,0,0,0,0,0,0,0,0,0,0,0,0,0,0,0,1,2,,,,,,,,,,,,,,,,,,,,,,,,0,0,0,0,0,0,0,0,0,0,0,0,smitq101,reddu101,riddm101,eastl101,wilej102,smitj112,marcz101,gay-w102,markj101,7,6,4,3,5,9,2,8,1,greej108,oneib801,moodl101,willj111,renfc101,scotj106,broww101,hubbl101,1,0,0,0,0,0,0,0,0,0,0,0,0,0,0,0,0,0,0,0,0,0,0,0,0,0,0,0,,,0,0,39,?,,,,,,19460407,exhibition,deduced
KCM194604070,99,5,0,0,WAC01,CCR,KCM,0,3,markj101,smitf107,9,1,R,R,?,?,??,,,1,1,0,0,0,0,0,0,0,0,0,0,0,0,1,0,1,1,0,0,0,0,0,0,0,0,0,0,0,0,0,0,0,0,0,0,0,0,0,0,0,0,0,0,0,0,0,0,0,0,0,2,3,,,,,,,,,,,,,,,,,,,,,,,,0,0,0,0,0,0,0,0,0,0,0,0,smitq101,reddu101,riddm101,eastl101,wilej102,smitj112,marcz101,gay-w102,markj101,7,6,4,3,5,9,2,8,1,greej108,oneib801,moodl101,willj111,renfc101,scotj106,broww101,hubbl101,1,0,0,0,0,0,0,0,0,0,0,0,0,0,0,0,0,0,0,0,0,0,0,0,0,0,0,0,,,0,0,40,?,,,,,,19460407,exhibition,deduced
KCM194604070,HR/9,5,1,1,WAC01,KCM,CCR,0,3,broww101,markj101,4,8,R,R,?,?,??,,,1,1,0,0,0,1,0,0,0,0,0,0,0,0,0,0,0,0,0,0,0,0,0,0,0,0,0,0,0,0,0,0,0,0,0,0,0,0,0,0,0,0,0,0,0,0,0,0,0,0,0,0,0,,,,,,,,,,,,,,,,broww101,,,,markj101,,,,0,0,0,0,1,0,0,0,1,1,1,0,hubbl101,oneib801,scotj106,broww101,moodl101,renfc101,greej108,willj111,smitf107,9,3,7,8,4,6,2,5,1,marcz101,eastl101,riddm101,wilej102,reddu101,smitq101,gay-w102,smitj112,0,0,0,0,0,0,0,0,0,0,0,0,0,0,0,0,0,0,0,,0,0,0,0,0,0,0,0,,,0,0,41,?,,,,,,19460407,exhibition,deduced
KCM194604070,W#,5,1,1,WAC01,KCM,CCR,0,4,moodl101,markj101,5,4,R,R,?,?,??,,,1,0,0,0,0,0,0,0,0,1,0,0,0,0,0,0,0,0,0,0,0,0,0,0,0,0,0,0,0,0,0,0,0,0,0,0,0,0,0,0,0,0,0,0,0,0,0,0,0,0,0,0,0,,,,moodl101,,,,,,,,,markj101,,,,,,,,,,,0,0,0,0,0,0,0,0,0,0,0,0,hubbl101,oneib801,scotj106,broww101,moodl101,renfc101,greej108,willj111,smitf107,9,3,7,8,4,6,2,5,1,marcz101,eastl101,riddm101,wilej102,reddu101,smitq101,gay-w102,smitj112,0,0,0,0,0,0,0,0,0,0,0,0,0,0,0,0,0,0,0,,0,0,0,0,0,0,0,0,,,0,0,42,?,,,,,,19460407,exhibition,deduced
KCM194604070,99,5,1,1,WAC01,KCM,CCR,0,4,renfc101,markj101,6,6,R,R,?,?,??,,,1,1,0,0,0,0,0,0,0,0,0,0,0,0,1,0,1,1,0,0,0,0,0,0,0,0,0,0,0,0,0,0,0,0,0,0,0,0,0,0,0,0,0,0,0,0,0,0,0,0,0,0,1,moodl101,,,moodl101,,,,,,markj101,,,markj101,,,,,,,,,,,0,0,0,0,0,0,0,0,0,0,0,0,hubbl101,oneib801,scotj106,broww101,moodl101,renfc101,greej108,willj111,smitf107,9,3,7,8,4,6,2,5,1,marcz101,eastl101,riddm101,wilej102,reddu101,smitq101,gay-w102,smitj112,1,0,0,0,0,0,0,0,0,0,0,0,0,0,0,0,0,0,0,0,0,0,0,0,0,0,0,0,,,0,0,43,?,,,,,,19460407,exhibition,deduced
KCM194604070,99,5,1,1,WAC01,KCM,CCR,0,4,greej108,markj101,7,2,R,R,?,?,??,,,1,1,0,0,0,0,0,0,0,0,0,0,0,0,1,0,1,1,0,0,0,0,0,0,0,0,0,0,0,0,0,0,0,0,0,0,0,0,0,0,0,0,0,0,0,0,0,0,0,0,0,1,2,moodl101,,,moodl101,,,,,,markj101,,,markj101,,,,,,,,,,,0,0,0,0,0,0,0,0,0,0,0,0,hubbl101,oneib801,scotj106,broww101,moodl101,renfc101,greej108,willj111,smitf107,9,3,7,8,4,6,2,5,1,marcz101,eastl101,riddm101,wilej102,reddu101,smitq101,gay-w102,smitj112,1,0,0,0,0,0,0,0,0,0,0,0,0,0,0,0,0,0,0,0,0,0,0,0,0,0,0,0,,,0,0,44,?,,,,,,19460407,exhibition,deduced
KCM194604070,W.1-2#,5,1,1,WAC01,KCM,CCR,0,4,willj111,markj101,8,5,R,R,?,?,??,,,1,0,0,0,0,0,0,0,0,1,0,0,0,0,0,0,0,0,0,0,0,0,0,0,0,0,0,0,0,0,0,0,0,0,0,0,0,0,0,0,0,0,0,0,0,0,0,0,0,0,0,2,2,moodl101,,,willj111,moodl101,,,,,markj101,,,markj101,markj101,,,,,,,,,,0,0,0,0,0,0,0,0,0,0,0,0,hubbl101,oneib801,scotj106,broww101,moodl101,renfc101,greej108,willj111,smitf107,9,3,7,8,4,6,2,5,1,marcz101,eastl101,riddm101,wilej102,reddu101,smitq101,gay-w102,smitj112,0,0,0,0,0,0,0,0,0,0,0,0,0,0,0,0,0,0,0,,0,0,0,0,0,0,0,0,,,0,0,45,?,,,,,,19460407,exhibition,deduced
KCM194604070,99,5,1,1,WAC01,KCM,CCR,0,4,smitf107,markj101,9,1,B,R,?,?,??,,,1,1,0,0,0,0,0,0,0,0,0,0,0,0,1,0,1,1,0,0,0,0,0,0,0,0,0,0,0,0,0,0,0,0,0,0,0,0,0,0,0,0,0,0,0,0,0,0,0,0,0,2,3,willj111,moodl101,,,,,moodl101,willj111,,markj101,markj101,,,,,,,,,,,,,0,0,0,0,0,0,0,0,0,0,0,0,hubbl101,oneib801,scotj106,broww101,moodl101,renfc101,greej108,willj111,smitf107,9,3,7,8,4,6,2,5,1,marcz101,eastl101,riddm101,wilej102,reddu101,smitq101,gay-w102,smitj112,1,0,0,0,0,0,0,0,0,0,0,0,0,0,0,0,0,0,0,0,0,0,0,0,0,0,0,0,,,0,0,46,?,,,,,,19460407,exhibition,deduced
KCM194604070,D,6,0,0,WAC01,CCR,KCM,0,4,smitq101,smitf107,1,7,B,R,?,?,??,,,1,1,0,1,0,0,0,0,0,0,0,0,0,0,0,0,0,1,0,0,0,0,0,0,0,0,0,0,0,0,0,0,0,0,0,0,0,0,0,0,0,0,0,0,0,0,0,0,0,0,0,0,0,,,,,smitq101,,,,,,,,,smitf107,,,,,,,,,,0,0,0,0,0,0,0,0,0,0,0,0,smitq101,reddu101,riddm101,eastl101,wilej102,smitj112,marcz101,gay-w102,markj101,7,6,4,3,5,9,2,8,1,greej108,oneib801,moodl101,willj111,renfc101,scotj106,broww101,hubbl101,0,0,0,0,0,0,0,0,0,0,0,0,0,0,0,0,0,0,0,,0,0,0,0,0,0,0,0,,,0,0,47,?,,,,,,19460407,exhibition,deduced
KCM194604070,99,6,0,0,WAC01,CCR,KCM,0,4,reddu101,smitf107,2,6,R,R,?,?,??,,,1,1,0,0,0,0,0,0,0,0,0,0,0,0,1,0,1,1,0,0,0,0,0,0,0,0,0,0,0,0,0,0,0,0,0,0,0,0,0,0,0,0,0,0,0,0,0,0,0,0,0,0,1,,smitq101,,,smitq101,,,,,,smitf107,,,smitf107,,,,,,,,,,0,0,0,0,0,0,0,0,0,0,0,0,smitq101,reddu101,riddm101,eastl101,wilej102,smitj112,marcz101,gay-w102,markj101,7,6,4,3,5,9,2,8,1,greej108,oneib801,moodl101,willj111,renfc101,scotj106,broww101,hubbl101,1,0,0,0,0,0,0,0,0,0,0,0,0,0,0,0,0,0,0,0,0,0,0,0,0,0,0,0,,,0,0,48,?,,,,,,19460407,exhibition,deduced
KCM194604070,S.2-H,6,0,0,WAC01,CCR,KCM,0,4,riddm101,smitf107,3,4,L,R,?,?,??,,,1,1,1,0,0,0,0,0,0,0,0,0,0,0,0,0,0,1,0,0,0,0,0,0,0,0,0,0,0,0,0,0,0,0,0,0,0,0,0,0,0,0,0,0,0,0,0,0,0,0,0,1,1,,smitq101,,riddm101,,,,,,,smitf107,,smitf107,,,,,smitq101,,,,smitf107,,0,0,0,0,0,0,1,0,1,1,1,0,smitq101,reddu101,riddm101,eastl101,wilej102,smitj112,marcz101,gay-w102,markj101,7,6,4,3,5,9,2,8,1,greej108,oneib801,moodl101,willj111,renfc101,scotj106,broww101,hubbl101,0,0,0,0,0,0,0,0,0,0,0,0,0,0,0,0,0,0,0,,0,0,0,0,0,0,0,0,,,0,0,49,?,,,,,,19460407,exhibition,deduced
KCM194604070,S.1-2#,6,0,0,WAC01,CCR,KCM,1,4,eastl101,smitf107,4,3,L,R,?,?,??,,,1,1,1,0,0,0,0,0,0,0,0,0,0,0,0,0,0,1,0,0,0,0,0,0,0,0,0,0,0,0,0,0,0,0,0,0,0,0,0,0,0,0,0,0,0,0,0,0,0,0,0,1,1,riddm101,,,eastl101,riddm101,,,,,smitf107,,,smitf107,smitf107,,,,,,,,,,0,0,0,0,0,0,0,0,0,0,0,0,smitq101,reddu101,riddm101,eastl101,wilej102,smitj112,marcz101,gay-w102,markj101,7,6,4,3,5,9,2,8,1,greej108,oneib801,moodl101,willj111,renfc101,scotj106,broww101,hubbl101,0,0,0,0,0,0,0,0,0,0,0,0,0,0,0,0,0,0,0,,0,0,0,0,0,0,0,0,,,0,0,50,?,,,,,,19460407,exhibition,deduced
KCM194604070,99,6,0,0,WAC01,CCR,KCM,1,4,wilej102,smitf107,5,5,R,R,?,?,??,,,1,1,0,0,0,0,0,0,0,0,0,0,0,0,1,0,1,1,0,0,0,0,0,0,0,0,0,0,0,0,0,0,0,0,0,0,0,0,0,0,0,0,0,0,0,0,0,0,0,0,0,1,2,eastl101,riddm101,,eastl101,riddm101,,,,,smitf107,smitf107,,smitf107,smitf107,,,,,,,,,,0,0,0,0,0,0,0,0,0,0,0,0,smitq101,reddu101,riddm101,eastl101,wilej102,smitj112,marcz101,gay-w102,markj101,7,6,4,3,5,9,2,8,1,greej108,oneib801,moodl101,willj111,renfc101,scotj106,broww101,hubbl101,1,0,0,0,0,0,0,0,0,0,0,0,0,0,0,0,0,0,0,0,0,0,0,0,0,0,0,0,,,0,0,51,?,,,,,,19460407,exhibition,deduced
KCM194604070,99,6,0,0,WAC01,CCR,KCM,1,4,smitj112,smitf107,6,9,L,R,?,?,??,,,1,1,0,0,0,0,0,0,0,0,0,0,0,0,1,0,1,1,0,0,0,0,0,0,0,0,0,0,0,0,0,0,0,0,0,0,0,0,0,0,0,0,0,0,0,0,0,0,0,0,0,2,3,eastl101,riddm101,,,,,riddm101,eastl101,,smitf107,smitf107,,,,,,,,,,,,,0,0,0,0,0,0,0,0,0,0,0,0,smitq101,reddu101,riddm101,eastl101,wilej102,smitj112,marcz101,gay-w102,markj101,7,6,4,3,5,9,2,8,1,greej108,oneib801,moodl101,willj111,renfc101,scotj106,broww101,hubbl101,1,0,0,0,0,0,0,0,0,0,0,0,0,0,0,0,0,0,0,0,0,0,0,0,0,0,0,0,,,0,0,52,?,,,,,,19460407,exhibition,deduced
KCM194604070,S,6,1,1,WAC01,KCM,CCR,1,4,hubbl101,markj101,1,9,?,R,?,?,??,,,1,1,1,0,0,0,0,0,0,0,0,0,0,0,0,0,0,1,0,0,0,0,0,0,0,0,0,0,0,0,0,0,0,0,0,0,0,0,0,0,0,0,0,0,0,0,0,0,0,0,0,0,0,,,,hubbl101,,,,,,,,,markj101,,,,,,,,,,,0,0,0,0,0,0,0,0,0,0,0,0,hubbl101,oneib801,scotj106,broww101,moodl101,renfc101,greej108,willj111,smitf107,9,3,7,8,4,6,2,5,1,marcz101,eastl101,riddm101,wilej102,reddu101,smitq101,gay-w102,smitj112,0,0,0,0,0,0,0,0,0,0,0,0,0,0,0,0,0,0,0,,0,0,0,0,0,0,0,0,,,0,0,53,?,,,,,,19460407,exhibition,deduced
KCM194604070,99/SH.1-3,6,1,1,WAC01,KCM,CCR,1,4,oneib801,markj101,2,3,R,R,?,?,??,,,1,0,0,0,0,0,1,0,0,0,0,0,0,0,0,0,0,1,1,0,0,0,0,0,0,0,0,0,0,0,0,0,0,0,0,0,0,0,0,0,0,0,0,0,0,0,0,0,0,0,0,0,1,hubbl101,,,,,hubbl101,,,,markj101,,,,,markj101,,,,,,,,,0,0,0,0,0,0,0,0,0,0,0,0,hubbl101,oneib801,scotj106,broww101,moodl101,renfc101,greej108,willj111,smitf107,9,3,7,8,4,6,2,5,1,marcz101,eastl101,riddm101,wilej102,reddu101,smitq101,gay-w102,smitj112,1,0,0,0,0,0,0,0,0,0,0,0,0,0,0,0,0,0,0,0,0,0,0,0,0,0,0,0,,BG,0,0,54,?,,,,,,19460407,exhibition,deduced
KCM194604070,8/F.3-H,6,1,1,WAC01,KCM,CCR,1,4,scotj106,markj101,3,7,L,R,?,?,??,,,1,1,0,0,0,0,0,0,0,0,0,0,0,0,1,0,1,1,0,0,1,0,0,0,0,0,0,0,0,0,0,0,0,0,0,0,0,0,0,0,0,0,0,0,0,0,0,0,0,0,0,1,2,,,hubbl101,,,,,,,,,markj101,,,,,,,hubbl101,,,,markj101,0,0,0,0,0,0,0,1,1,1,1,0,hubbl101,oneib801,scotj106,broww101,moodl101,renfc101,greej108,willj111,smitf107,9,3,7,8,4,6,2,5,1,marcz101,eastl101,riddm101,wilej102,reddu101,smitq101,gay-w102,smitj112,0,0,0,0,0,0,0,0,1,0,0,0,0,0,0,0,0,0,0,8,8,0,0,0,0,0,0,8,,F,0,0,55,?,,,,,,19460407,exhibition,deduced
KCM194604070,8/F8D,6,1,1,WAC01,KCM,CCR,1,5,broww101,markj101,4,8,R,R,?,?,??,,,1,1,0,0,0,0,0,0,0,0,0,0,0,0,1,0,1,1,0,0,1,0,0,0,0,0,0,0,0,0,0,0,0,0,0,0,0,0,0,0,0,0,0,0,0,0,0,0,0,0,0,2,3,,,,,,,,,,,,,,,,,,,,,,,,0,0,0,0,0,0,0,0,0,0,0,0,hubbl101,oneib801,scotj106,broww101,moodl101,renfc101,greej108,willj111,smitf107,9,3,7,8,4,6,2,5,1,marcz101,eastl101,riddm101,wilej102,reddu101,smitq101,gay-w102,smitj112,0,0,0,0,0,0,0,0,1,0,0,0,0,0,0,0,0,0,0,8,8,0,0,0,0,0,0,8,8D+,F,0,0,56,?,,,,,,19460407,exhibition,deduced
KCM194604070,99,7,0,0,WAC01,CCR,KCM,1,5,marcz101,lamaj102,7,2,R,L,?,?,??,,,1,1,0,0,0,0,0,0,0,0,0,0,0,0,1,0,1,1,0,0,0,0,0,0,0,0,0,0,0,0,0,0,0,0,0,0,0,0,0,0,0,0,0,0,0,0,0,0,0,0,0,0,1,,,,,,,,,,,,,,,,,,,,,,,,0,0,0,0,0,0,0,0,0,0,0,0,smitq101,reddu101,riddm101,eastl101,wilej102,smitj112,marcz101,gay-w102,markj101,7,6,4,3,5,9,2,8,1,greej108,oneib801,moodl101,willj111,renfc101,scotj106,broww101,hubbl101,1,0,0,0,0,0,0,0,0,0,0,0,0,0,0,0,0,0,0,0,0,0,0,0,0,0,0,0,,,0,0,57,?,,,,,,19460407,exhibition,deduced
KCM194604070,99,7,0,0,WAC01,CCR,KCM,1,5,gay-w102,lamaj102,8,8,?,L,?,?,??,,,1,1,0,0,0,0,0,0,0,0,0,0,0,0,1,0,1,1,0,0,0,0,0,0,0,0,0,0,0,0,0,0,0,0,0,0,0,0,0,0,0,0,0,0,0,0,0,0,0,0,0,1,2,,,,,,,,,,,,,,,,,,,,,,,,0,0,0,0,0,0,0,0,0,0,0,0,smitq101,reddu101,riddm101,eastl101,wilej102,smitj112,marcz101,gay-w102,markj101,7,6,4,3,5,9,2,8,1,greej108,oneib801,moodl101,willj111,renfc101,scotj106,broww101,hubbl101,1,0,0,0,0,0,0,0,0,0,0,0,0,0,0,0,0,0,0,0,0,0,0,0,0,0,0,0,,,0,0,58,?,,,,,,19460407,exhibition,deduced
KCM194604070,99,7,0,0,WAC01,CCR,KCM,1,5,markj101,lamaj102,9,1,R,L,?,?,??,,,1,1,0,0,0,0,0,0,0,0,0,0,0,0,1,0,1,1,0,0,0,0,0,0,0,0,0,0,0,0,0,0,0,0,0,0,0,0,0,0,0,0,0,0,0,0,0,0,0,0,0,2,3,,,,,,,,,,,,,,,,,,,,,,,,0,0,0,0,0,0,0,0,0,0,0,0,smitq101,reddu101,riddm101,eastl101,wilej102,smitj112,marcz101,gay-w102,markj101,7,6,4,3,5,9,2,8,1,greej108,oneib801,moodl101,willj111,renfc101,scotj106,broww101,hubbl101,1,0,0,0,0,0,0,0,0,0,0,0,0,0,0,0,0,0,0,0,0,0,0,0,0,0,0,0,,,0,0,59,?,,,,,,19460407,exhibition,deduced
KCM194604070,99,7,1,1,WAC01,KCM,CCR,1,5,moodl101,thomf110,5,4,R,L,?,?,??,,,1,1,0,0,0,0,0,0,0,0,0,0,0,0,1,0,1,1,0,0,0,0,0,0,0,0,0,0,0,0,0,0,0,0,0,0,0,0,0,0,0,0,0,0,0,0,0,0,0,0,0,0,1,,,,,,,,,,,,,,,,,,,,,,,,0,0,0,0,0,0,0,0,0,0,0,0,hubbl101,oneib801,scotj106,broww101,moodl101,renfc101,greej108,willj111,lamaj102,9,3,7,8,4,6,2,5,1,marcz101,eastl101,riddm101,wilej102,reddu101,smitq101,gay-w102,smitj112,1,0,0,0,0,0,0,0,0,0,0,0,0,0,0,0,0,0,0,0,0,0,0,0,0,0,0,0,,,0,0,60,?,,,,,,19460407,exhibition,deduced
KCM194604070,S,7,1,1,WAC01,KCM,CCR,1,5,renfc101,thomf110,6,6,R,L,?,?,??,,,1,1,1,0,0,0,0,0,0,0,0,0,0,0,0,0,0,1,0,0,0,0,0,0,0,0,0,0,0,0,0,0,0,0,0,0,0,0,0,0,0,0,0,0,0,0,0,0,0,0,0,1,1,,,,renfc101,,,,,,,,,thomf110,,,,,,,,,,,0,0,0,0,0,0,0,0,0,0,0,0,hubbl101,oneib801,scotj106,broww101,moodl101,renfc101,greej108,willj111,lamaj102,9,3,7,8,4,6,2,5,1,marcz101,eastl101,riddm101,wilej102,reddu101,smitq101,gay-w102,smitj112,0,0,0,0,0,0,0,0,0,0,0,0,0,0,0,0,0,0,0,,0,0,0,0,0,0,0,0,,,0,0,61,?,,,,,,19460407,exhibition,deduced
KCM194604070,W.1-2,7,1,1,WAC01,KCM,CCR,1,5,greej108,thomf110,7,2,R,L,?,?,??,,,1,0,0,0,0,0,0,0,0,1,0,0,0,0,0,0,0,0,0,0,0,0,0,0,0,0,0,0,0,0,0,0,0,0,0,0,0,0,0,0,0,0,0,0,0,0,0,0,0,0,0,1,1,renfc101,,,greej108,renfc101,,,,,thomf110,,,thomf110,thomf110,,,,,,,,,,0,0,0,0,0,0,0,0,0,0,0,0,hubbl101,oneib801,scotj106,broww101,moodl101,renfc101,greej108,willj111,lamaj102,9,3,7,8,4,6,2,5,1,marcz101,eastl101,riddm101,wilej102,reddu101,smitq101,gay-w102,smitj112,0,0,0,0,0,0,0,0,0,0,0,0,0,0,0,0,0,0,0,,0,0,0,0,0,0,0,0,,,0,0,62,?,,,,,,19460407,exhibition,deduced
KCM194604070,D.2-H;1-3,7,1,1,WAC01,KCM,CCR,1,5,willj111,thomf110,8,5,R,L,?,?,??,,,1,1,0,1,0,0,0,0,0,0,0,0,0,0,0,0,0,1,0,0,0,0,0,0,0,0,0,0,0,0,0,0,0,0,0,0,0,0,0,0,0,0,0,0,0,0,0,0,0,0,0,1,1,greej108,renfc101,,,willj111,greej108,,,,thomf110,thomf110,,,thomf110,thomf110,,,renfc101,,,,thomf110,,0,0,0,0,0,0,1,0,1,1,1,0,hubbl101,oneib801,scotj106,broww101,moodl101,renfc101,greej108,willj111,lamaj102,9,3,7,8,4,6,2,5,1,marcz101,eastl101,riddm101,wilej102,reddu101,smitq101,gay-w102,smitj112,0,0,0,0,0,0,0,0,0,0,0,0,0,0,0,0,0,0,0,,0,0,0,0,0,0,0,0,,,0,0,63,?,,,,,,19460407,exhibition,deduced
KCM194604070,99,7,1,1,WAC01,KCM,CCR,1,6,lamaj102,thomf110,9,1,L,L,?,?,??,,,1,1,0,0,0,0,0,0,0,0,0,0,0,0,1,0,1,1,0,0,0,0,0,0,0,0,0,0,0,0,0,0,0,0,0,0,0,0,0,0,0,0,0,0,0,0,0,0,0,0,0,1,2,,willj111,greej108,,willj111,greej108,,,,,thomf110,thomf110,,thomf110,thomf110,,,,,,,,,0,0,0,0,0,0,0,0,0,0,0,0,hubbl101,oneib801,scotj106,broww101,moodl101,renfc101,greej108,willj111,lamaj102,9,3,7,8,4,6,2,5,1,marcz101,eastl101,riddm101,wilej102,reddu101,smitq101,gay-w102,smitj112,1,0,0,0,0,0,0,0,0,0,0,0,0,0,0,0,0,0,0,0,0,0,0,0,0,0,0,0,,,0,0,64,?,,,,,,19460407,exhibition,deduced
KCM194604070,99,7,1,1,WAC01,KCM,CCR,1,6,hubbl101,thomf110,1,9,?,L,?,?,??,,,1,1,0,0,0,0,0,0,0,0,0,0,0,0,1,0,1,1,0,0,0,0,0,0,0,0,0,0,0,0,0,0,0,0,0,0,0,0,0,0,0,0,0,0,0,0,0,0,0,0,0,2,3,,willj111,greej108,,,,greej108,willj111,,,thomf110,thomf110,,,,,,,,,,,,0,0,0,0,0,0,0,0,0,0,0,0,hubbl101,oneib801,scotj106,broww101,moodl101,renfc101,greej108,willj111,lamaj102,9,3,7,8,4,6,2,5,1,marcz101,eastl101,riddm101,wilej102,reddu101,smitq101,gay-w102,smitj112,1,0,0,0,0,0,0,0,0,0,0,0,0,0,0,0,0,0,0,0,0,0,0,0,0,0,0,0,,,0,0,65,?,,,,,,19460407,exhibition,deduced
KCM194604070,D,8,0,0,WAC01,CCR,KCM,1,6,smitq101,lamaj102,1,7,B,L,?,?,??,,,1,1,0,1,0,0,0,0,0,0,0,0,0,0,0,0,0,1,0,0,0,0,0,0,0,0,0,0,0,0,0,0,0,0,0,0,0,0,0,0,0,0,0,0,0,0,0,0,0,0,0,0,0,,,,,smitq101,,,,,,,,,lamaj102,,,,,,,,,,0,0,0,0,0,0,0,0,0,0,0,0,smitq101,reddu101,riddm101,eastl101,wilej102,smitj112,marcz101,gay-w102,thomf110,7,6,4,3,5,9,2,8,1,greej108,oneib801,moodl101,willj111,renfc101,scotj106,broww101,hubbl101,0,0,0,0,0,0,0,0,0,0,0,0,0,0,0,0,0,0,0,,0,0,0,0,0,0,0,0,,,0,0,66,?,,,,,,19460407,exhibition,deduced
KCM194604070,99,8,0,0,WAC01,CCR,KCM,1,6,reddu101,lamaj102,2,6,R,L,?,?,??,,,1,1,0,0,0,0,0,0,0,0,0,0,0,0,1,0,1,1,0,0,0,0,0,0,0,0,0,0,0,0,0,0,0,0,0,0,0,0,0,0,0,0,0,0,0,0,0,0,0,0,0,0,1,,smitq101,,,smitq101,,,,,,lamaj102,,,lamaj102,,,,,,,,,,0,0,0,0,0,0,0,0,0,0,0,0,smitq101,reddu101,riddm101,eastl101,wilej102,smitj112,marcz101,gay-w102,thomf110,7,6,4,3,5,9,2,8,1,greej108,oneib801,moodl101,willj111,renfc101,scotj106,broww101,hubbl101,1,0,0,0,0,0,0,0,0,0,0,0,0,0,0,0,0,0,0,0,0,0,0,0,0,0,0,0,,,0,0,67,?,,,,,,19460407,exhibition,deduced
KCM194604070,S.2-H,8,0,0,WAC01,CCR,KCM,1,6,riddm101,lamaj102,3,4,L,L,?,?,??,,,1,1,1,0,0,0,0,0,0,0,0,0,0,0,0,0,0,1,0,0,0,0,0,0,0,0,0,0,0,0,0,0,0,0,0,0,0,0,0,0,0,0,0,0,0,0,0,0,0,0,0,1,1,,smitq101,,riddm101,,,,,,,lamaj102,,lamaj102,,,,,smitq101,,,,lamaj102,,0,0,0,0,0,0,1,0,1,1,1,0,smitq101,reddu101,riddm101,eastl101,wilej102,smitj112,marcz101,gay-w102,thomf110,7,6,4,3,5,9,2,8,1,greej108,oneib801,moodl101,willj111,renfc101,scotj106,broww101,hubbl101,0,0,0,0,0,0,0,0,0,0,0,0,0,0,0,0,0,0,0,,0,0,0,0,0,0,0,0,,,0,0,68,?,,,,,,19460407,exhibition,deduced
KCM194604070,99/G.1-2,8,0,0,WAC01,CCR,KCM,2,6,eastl101,lamaj102,4,3,L,L,?,?,??,,,1,1,0,0,0,0,0,0,0,0,0,0,0,0,1,0,1,1,0,1,0,0,0,0,0,0,0,0,0,0,0,0,0,0,0,0,0,0,0,0,0,0,0,0,0,0,0,0,0,0,0,1,2,riddm101,,,,riddm101,,,,,lamaj102,,,,lamaj102,,,,,,,,,,0,0,0,0,0,0,0,0,0,0,0,0,smitq101,reddu101,riddm101,eastl101,wilej102,smitj112,marcz101,gay-w102,thomf110,7,6,4,3,5,9,2,8,1,greej108,oneib801,moodl101,willj111,renfc101,scotj106,broww101,hubbl101,1,0,0,0,0,0,0,0,0,0,0,0,0,0,0,0,0,0,0,0,0,0,0,0,0,0,0,0,,G,1,0,69,?,,,,,,19460407,exhibition,deduced
KCM194604070,S.2-H,8,0,0,WAC01,CCR,KCM,2,6,wilej102,lamaj102,5,5,R,L,?,?,??,,,1,1,1,0,0,0,0,0,0,0,0,0,0,0,0,0,0,1,0,0,0,0,0,0,0,0,0,0,0,0,0,0,0,0,0,0,0,0,0,0,0,0,0,0,0,0,0,0,0,0,0,2,2,,riddm101,,wilej102,,,,,,,lamaj102,,lamaj102,,,,,riddm101,,,,lamaj102,,0,0,0,0,0,0,1,0,1,1,1,0,smitq101,reddu101,riddm101,eastl101,wilej102,smitj112,marcz101,gay-w102,thomf110,7,6,4,3,5,9,2,8,1,greej108,oneib801,moodl101,willj111,renfc101,scotj106,broww101,hubbl101,0,0,0,0,0,0,0,0,0,0,0,0,0,0,0,0,0,0,0,,0,0,0,0,0,0,0,0,,,0,0,70,?,,,,,,19460407,exhibition,deduced
KCM194604070,S.1-2#,8,0,0,WAC01,CCR,KCM,3,6,smitj112,lamaj102,6,9,L,L,?,?,??,,,1,1,1,0,0,0,0,0,0,0,0,0,0,0,0,0,0,1,0,0,0,0,0,0,0,0,0,0,0,0,0,0,0,0,0,0,0,0,0,0,0,0,0,0,0,0,0,0,0,0,0,2,2,wilej102,,,smitj112,wilej102,,,,,lamaj102,,,lamaj102,lamaj102,,,,,,,,,,0,0,0,0,0,0,0,0,0,0,0,0,smitq101,reddu101,riddm101,eastl101,wilej102,smitj112,marcz101,gay-w102,thomf110,7,6,4,3,5,9,2,8,1,greej108,oneib801,moodl101,willj111,renfc101,scotj106,broww101,hubbl101,0,0,0,0,0,0,0,0,0,0,0,0,0,0,0,0,0,0,0,,0,0,0,0,0,0,0,0,,,0,0,71,?,,,,,,19460407,exhibition,deduced
KCM194604070,99,8,0,0,WAC01,CCR,KCM,3,6,marcz101,lamaj102,7,2,R,L,?,?,??,,,1,1,0,0,0,0,0,0,0,0,0,0,0,0,1,0,1,1,0,0,0,0,0,0,0,0,0,0,0,0,0,0,0,0,0,0,0,0,0,0,0,0,0,0,0,0,0,0,0,0,0,2,3,smitj112,wilej102,,,,,wilej102,smitj112,,lamaj102,lamaj102,,,,,,,,,,,,,0,0,0,0,0,0,0,0,0,0,0,0,smitq101,reddu101,riddm101,eastl101,wilej102,smitj112,marcz101,gay-w102,thomf110,7,6,4,3,5,9,2,8,1,greej108,oneib801,moodl101,willj111,renfc101,scotj106,broww101,hubbl101,1,0,0,0,0,0,0,0,0,0,0,0,0,0,0,0,0,0,0,0,0,0,0,0,0,0,0,0,,,0,0,72,?,,,,,,19460407,exhibition,deduced
KCM194604070,99,8,1,1,WAC01,KCM,CCR,3,6,oneib801,thomf110,2,3,R,L,?,?,??,,,1,1,0,0,0,0,0,0,0,0,0,0,0,0,1,0,1,1,0,0,0,0,0,0,0,0,0,0,0,0,0,0,0,0,0,0,0,0,0,0,0,0,0,0,0,0,0,0,0,0,0,0,1,,,,,,,,,,,,,,,,,,,,,,,,0,0,0,0,0,0,0,0,0,0,0,0,hubbl101,oneib801,scotj106,broww101,moodl101,renfc101,greej108,willj111,lamaj102,9,3,7,8,4,6,2,5,1,marcz101,eastl101,riddm101,wilej102,reddu101,smitq101,gay-w102,smitj112,1,0,0,0,0,0,0,0,0,0,0,0,0,0,0,0,0,0,0,0,0,0,0,0,0,0,0,0,,,0,0,73,?,,,,,,19460407,exhibition,deduced
KCM194604070,99,8,1,1,WAC01,KCM,CCR,3,6,scotj106,thomf110,3,7,L,L,?,?,??,,,1,1,0,0,0,0,0,0,0,0,0,0,0,0,1,0,1,1,0,0,0,0,0,0,0,0,0,0,0,0,0,0,0,0,0,0,0,0,0,0,0,0,0,0,0,0,0,0,0,0,0,1,2,,,,,,,,,,,,,,,,,,,,,,,,0,0,0,0,0,0,0,0,0,0,0,0,hubbl101,oneib801,scotj106,broww101,moodl101,renfc101,greej108,willj111,lamaj102,9,3,7,8,4,6,2,5,1,marcz101,eastl101,riddm101,wilej102,reddu101,smitq101,gay-w102,smitj112,1,0,0,0,0,0,0,0,0,0,0,0,0,0,0,0,0,0,0,0,0,0,0,0,0,0,0,0,,,0,0,74,?,,,,,,19460407,exhibition,deduced
KCM194604070,99,8,1,1,WAC01,KCM,CCR,3,6,broww101,thomf110,4,8,R,L,?,?,??,,,1,1,0,0,0,0,0,0,0,0,0,0,0,0,1,0,1,1,0,0,0,0,0,0,0,0,0,0,0,0,0,0,0,0,0,0,0,0,0,0,0,0,0,0,0,0,0,0,0,0,0,2,3,,,,,,,,,,,,,,,,,,,,,,,,0,0,0,0,0,0,0,0,0,0,0,0,hubbl101,oneib801,scotj106,broww101,moodl101,renfc101,greej108,willj111,lamaj102,9,3,7,8,4,6,2,5,1,marcz101,eastl101,riddm101,wilej102,reddu101,smitq101,gay-w102,smitj112,1,0,0,0,0,0,0,0,0,0,0,0,0,0,0,0,0,0,0,0,0,0,0,0,0,0,0,0,,,0,0,75,?,,,,,,19460407,exhibition,deduced
KCM194604070,99,9,0,0,WAC01,CCR,KCM,3,6,gay-w102,lamaj102,8,8,?,L,?,?,??,,,1,1,0,0,0,0,0,0,0,0,0,0,0,0,1,0,1,1,0,0,0,0,0,0,0,0,0,0,0,0,0,0,0,0,0,0,0,0,0,0,0,0,0,0,0,0,0,0,0,0,0,0,1,,,,,,,,,,,,,,,,,,,,,,,,0,0,0,0,0,0,0,0,0,0,0,0,smitq101,reddu101,riddm101,eastl101,wilej102,smitj112,marcz101,gay-w102,thomf110,7,6,4,3,5,9,2,8,1,greej108,oneib801,moodl101,willj111,renfc101,scotj106,broww101,hubbl101,1,0,0,0,0,0,0,0,0,0,0,0,0,0,0,0,0,0,0,0,0,0,0,0,0,0,0,0,,,0,0,76,?,,,,,,19460407,exhibition,deduced
KCM194604070,99,9,0,0,WAC01,CCR,KCM,3,6,thomf110,lamaj102,9,1,L,L,?,?,??,,,1,1,0,0,0,0,0,0,0,0,0,0,0,0,1,0,1,1,0,0,0,0,0,0,0,0,0,0,0,0,0,0,0,0,0,0,0,0,0,0,0,0,0,0,0,0,0,0,0,0,0,1,2,,,,,,,,,,,,,,,,,,,,,,,,0,0,0,0,0,0,0,0,0,0,0,0,smitq101,reddu101,riddm101,eastl101,wilej102,smitj112,marcz101,gay-w102,thomf110,7,6,4,3,5,9,2,8,1,greej108,oneib801,moodl101,willj111,renfc101,scotj106,broww101,hubbl101,1,0,0,0,0,0,0,0,0,0,0,0,0,0,0,0,0,0,0,0,0,0,0,0,0,0,0,0,,,0,0,77,?,,,,,,19460407,exhibition,deduced
KCM194604070,S,9,0,0,WAC01,CCR,KCM,3,6,smitq101,lamaj102,1,7,B,L,?,?,??,,,1,1,1,0,0,0,0,0,0,0,0,0,0,0,0,0,0,1,0,0,0,0,0,0,0,0,0,0,0,0,0,0,0,0,0,0,0,0,0,0,0,0,0,0,0,0,0,0,0,0,0,2,2,,,,smitq101,,,,,,,,,lamaj102,,,,,,,,,,,0,0,0,0,0,0,0,0,0,0,0,0,smitq101,reddu101,riddm101,eastl101,wilej102,smitj112,marcz101,gay-w102,thomf110,7,6,4,3,5,9,2,8,1,greej108,oneib801,moodl101,willj111,renfc101,scotj106,broww101,hubbl101,0,0,0,0,0,0,0,0,0,0,0,0,0,0,0,0,0,0,0,,0,0,0,0,0,0,0,0,,,0,0,78,?,,,,,,19460407,exhibition,deduced
KCM194604070,S.1-2,9,0,0,WAC01,CCR,KCM,3,6,reddu101,lamaj102,2,6,R,L,?,?,??,,,1,1,1,0,0,0,0,0,0,0,0,0,0,0,0,0,0,1,0,0,0,0,0,0,0,0,0,0,0,0,0,0,0,0,0,0,0,0,0,0,0,0,0,0,0,0,0,0,0,0,0,2,2,smitq101,,,reddu101,smitq101,,,,,lamaj102,,,lamaj102,lamaj102,,,,,,,,,,0,0,0,0,0,0,0,0,0,0,0,0,smitq101,reddu101,riddm101,eastl101,wilej102,smitj112,marcz101,gay-w102,thomf110,7,6,4,3,5,9,2,8,1,greej108,oneib801,moodl101,willj111,renfc101,scotj106,broww101,hubbl101,0,0,0,0,0,0,0,0,0,0,0,0,0,0,0,0,0,0,0,,0,0,0,0,0,0,0,0,,,0,0,79,?,,,,,,19460407,exhibition,deduced
KCM194604070,E5.2-3;1-2#,9,0,0,WAC01,CCR,KCM,3,6,riddm101,lamaj102,3,4,L,L,?,?,??,,,1,1,0,0,0,0,0,0,0,0,0,0,1,0,0,0,0,1,0,1,0,0,0,0,0,0,0,0,0,0,0,0,0,0,0,0,0,0,0,0,0,0,0,0,0,0,1,0,0,0,0,2,2,reddu101,smitq101,,riddm101,reddu101,smitq101,,,,lamaj102,lamaj102,,lamaj102,lamaj102,lamaj102,,,,,,,,,0,0,0,0,0,0,0,0,0,0,0,0,smitq101,reddu101,riddm101,eastl101,wilej102,smitj112,marcz101,gay-w102,thomf110,7,6,4,3,5,9,2,8,1,greej108,oneib801,moodl101,willj111,renfc101,scotj106,broww101,hubbl101,0,0,0,0,0,0,0,0,0,0,0,0,0,0,0,0,0,0,0,,0,0,0,0,0,0,0,5,5+,G,0,0,80,?,,,,,,19460407,exhibition,deduced
KCM194604070,E6.3-H(NR)(UR);2-H(NR)(UR);1-2#,9,0,0,WAC01,CCR,KCM,3,6,eastl101,lamaj102,4,3,L,L,?,?,??,,,1,1,0,0,0,0,0,0,0,0,0,0,1,0,0,0,0,1,0,1,0,0,0,0,0,0,0,0,0,0,0,0,0,0,0,0,0,0,0,0,0,0,0,0,0,0,0,1,0,0,0,2,2,riddm101,reddu101,smitq101,eastl101,riddm101,,,,,lamaj102,lamaj102,lamaj102,lamaj102,lamaj102,,,,reddu101,smitq101,,,lamaj102,lamaj102,0,0,1,1,0,0,0,0,2,0,0,0,smitq101,reddu101,riddm101,eastl101,wilej102,smitj112,marcz101,gay-w102,thomf110,7,6,4,3,5,9,2,8,1,greej108,oneib801,moodl101,willj111,renfc101,scotj106,broww101,hubbl101,0,0,0,0,0,0,0,0,0,0,0,0,0,0,0,0,0,0,0,,0,0,0,0,0,0,0,6,6+,G,0,0,81,?,,,,,,19460407,exhibition,deduced
KCM194604070,99,9,0,0,WAC01,CCR,KCM,5,6,wilej102,lamaj102,5,5,R,L,?,?,??,,,1,1,0,0,0,0,0,0,0,0,0,0,0,0,1,0,1,1,0,0,0,0,0,0,0,0,0,0,0,0,0,0,0,0,0,0,0,0,0,0,0,0,0,0,0,0,0,0,0,0,0,2,3,eastl101,riddm101,,,,,riddm101,eastl101,,lamaj102,lamaj102,,,,,,,,,,,,,0,0,0,0,0,0,0,0,0,0,0,0,smitq101,reddu101,riddm101,eastl101,wilej102,smitj112,marcz101,gay-w102,thomf110,7,6,4,3,5,9,2,8,1,greej108,oneib801,moodl101,willj111,renfc101,scotj106,broww101,hubbl101,1,0,0,0,0,0,0,0,0,0,0,0,0,0,0,0,0,0,0,0,0,0,0,0,0,0,0,0,,,0,0,82,?,,,,,,19460407,exhibition,deduced
