gid,id,team,b_lp,b_seq,stattype,b_pa,b_ab,b_r,b_h,b_d,b_t,b_hr,b_rbi,b_sh,b_sf,b_hbp,b_w,b_iw,b_k,b_sb,b_cs,b_gdp,b_xi,b_roe,dh,ph,pr,date,number,site,vishome,opp,win,loss,tie,gametype,box,pbp
KCM194004150,broww101,KCM,,,value,,,1,1,,,1,1,,,,,,,,,,,,,,,19400415,0,DAL01,h,IN8,1,0,0,exhibition,,
KCM194004160,bellh102,IN8,,,value,,,,,,,,,,,,,,,,,,,,,,,19400416,0,FTW01,v,KCM,1,0,0,exhibition,,
KCM194004160,charo101,IN8,,,value,,,,,,,,,,,,,,,,,,,,,,,19400416,0,FTW01,v,KCM,1,0,0,exhibition,,
KCM194004160,harvb101,IN8,,,value,,,,,,,,,,,,,,,,,,,,,,,19400416,0,FTW01,v,KCM,1,0,0,exhibition,,
KCM194004160,keyer101,IN8,,,value,,,,,,,,,,,,,,,,,,,,,,,19400416,0,FTW01,v,KCM,1,0,0,exhibition,,
KCM194004160,barnv103,KCM,,,value,,,,,,,,,,,,,,,,,,,,,,,19400416,0,FTW01,h,IN8,0,1,0,exhibition,,
KCM194004160,bradf104,KCM,,,value,,,,,,,,,,,,,,,,,,,,,,,19400416,0,FTW01,h,IN8,0,1,0,exhibition,,
KCM194004160,greej108,KCM,,,value,,,,,,,,,,,,,,,,,,,,,,,19400416,0,FTW01,h,IN8,0,1,0,exhibition,,
KCM194004160,hollb106,KCM,,,value,,,,,,,,,,,,,,,,,,,,,,,19400416,0,FTW01,h,IN8,0,1,0,exhibition,,
KCM194004210,hendc102,IN8,1,1,value,4,4,0,1,0,0,0,0,0,,0,0,0,,0,,,0,,,,,19400421,0,ATL04,v,KCM,0,1,0,exhibition,y,
KCM194004210,spenw101,IN8,2,1,value,3,3,0,0,0,0,0,0,0,,0,0,0,,0,,,0,,,,,19400421,0,ATL04,v,KCM,0,1,0,exhibition,y,
KCM194004210,wilsj107,IN8,2,2,value,1,1,0,1,1,0,0,0,0,,0,0,0,,0,,,0,,,,,19400421,0,ATL04,v,KCM,0,1,0,exhibition,y,
KCM194004210,clarb101,IN8,3,1,value,4,4,0,0,0,0,0,0,0,,0,0,0,,0,,,0,,,,,19400421,0,ATL04,v,KCM,0,1,0,exhibition,y,
KCM194004210,bibbr101,IN8,4,1,value,4,3,1,2,0,0,0,0,0,,0,1,,,0,,,0,,,,,19400421,0,ATL04,v,KCM,0,1,0,exhibition,y,
KCM194004210,smitj112,IN8,5,1,value,3,3,0,0,0,0,0,0,0,,0,0,0,,0,,,0,,,,,19400421,0,ATL04,v,KCM,0,1,0,exhibition,y,
KCM194004210,bellh102,IN8,6,1,value,3,3,0,1,0,0,0,0,0,,0,0,0,,0,,,0,,,,,19400421,0,ATL04,v,KCM,0,1,0,exhibition,y,
KCM194004210,turnl101,IN8,7,1,value,2,2,0,0,0,0,0,0,0,,0,0,0,,0,,,0,,,,,19400421,0,ATL04,v,KCM,0,1,0,exhibition,y,
KCM194004210,harvb101,IN8,7,2,value,1,1,0,1,0,0,0,1,0,,0,0,0,,0,,,0,,,,,19400421,0,ATL04,v,KCM,0,1,0,exhibition,y,
KCM194004210,paynr101,IN8,8,1,value,3,3,0,0,0,0,0,0,0,,0,0,0,,0,,,0,,,,,19400421,0,ATL04,v,KCM,0,1,0,exhibition,y,
KCM194004210,wrigj105,IN8,9,1,value,2,2,0,0,0,0,0,0,0,,0,0,0,,0,,,0,,,,,19400421,0,ATL04,v,KCM,0,1,0,exhibition,y,
KCM194004210,carts102,IN8,9,2,value,1,1,0,0,0,0,0,0,0,,0,0,0,,0,,,0,,,,,19400421,0,ATL04,v,KCM,0,1,0,exhibition,y,
KCM194004210,allen102,KCM,1,1,value,4,4,0,0,0,0,0,0,0,,0,0,0,,0,,,0,,,,,19400421,0,ATL04,h,IN8,1,0,0,exhibition,y,
KCM194004210,dougj102,KCM,2,1,value,4,3,0,1,0,0,0,0,0,,1,0,0,,0,,,0,,,,,19400421,0,ATL04,h,IN8,1,0,0,exhibition,y,
KCM194004210,steat101,KCM,3,1,value,4,2,1,1,0,0,0,0,0,,0,2,,,0,,,0,,,,,19400421,0,ATL04,h,IN8,1,0,0,exhibition,y,
KCM194004210,broww101,KCM,4,1,value,4,4,1,2,0,0,0,0,0,,0,0,0,,0,,,0,,,,,19400421,0,ATL04,h,IN8,1,0,0,exhibition,y,
KCM194004210,greej108,KCM,5,1,value,4,4,1,0,0,0,0,0,0,,0,0,0,,0,,,0,,,,,19400421,0,ATL04,h,IN8,1,0,0,exhibition,y,
KCM194004210,younl102,KCM,6,1,value,4,4,0,1,1,0,0,3,0,,0,0,0,,0,,,0,,,,,19400421,0,ATL04,h,IN8,1,0,0,exhibition,y,
KCM194004210,oneib801,KCM,7,1,value,3,3,0,1,0,0,0,0,0,,0,0,0,,0,,,0,,,,,19400421,0,ATL04,h,IN8,1,0,0,exhibition,y,
KCM194004210,willj111,KCM,8,1,value,3,2,0,1,0,0,0,0,0,,0,1,,,0,,,0,,,,,19400421,0,ATL04,h,IN8,1,0,0,exhibition,y,
KCM194004210,bryaa101,KCM,9,1,value,1,1,0,0,0,0,0,0,0,,0,0,0,,0,,,0,,,,,19400421,0,ATL04,h,IN8,1,0,0,exhibition,y,
KCM194004210,walkg103,KCM,9,2,value,1,1,0,0,0,0,0,0,0,,0,0,0,,0,,,0,,,,,19400421,0,ATL04,h,IN8,1,0,0,exhibition,y,
KCM194004210,matcj101,KCM,9,3,value,1,1,0,0,0,0,0,0,0,,0,0,0,,0,,,0,,,,,19400421,0,ATL04,h,IN8,1,0,0,exhibition,y,
KCM194004290,bellh102,IN8,,,value,,,,,,,,,,,,,,,,,,,,,,,19400429,0,HOU04,v,KCM,1,0,0,exhibition,,
KCM194004290,clarb101,IN8,,,value,1,1,,1,,1,,2,,,,,,,,,,,,,,,19400429,0,HOU04,v,KCM,1,0,0,exhibition,,
KCM194004290,keyer101,IN8,,,value,,,,,,,,,,,,,,,,,,,,,,,19400429,0,HOU04,v,KCM,1,0,0,exhibition,,
KCM194004290,bradf104,KCM,,,value,,,,,,,,,,,,,,,,,,,,,,,19400429,0,HOU04,h,IN8,0,1,0,exhibition,,
KCM194004290,greej108,KCM,,,value,,,,,,,,,,,,,,,,,,,,,,,19400429,0,HOU04,h,IN8,0,1,0,exhibition,,
KCM194004300,bellh102,IN8,,,value,,,,,,,,,,,,,,,,,,,,,,,19400430,0,GAL01,v,KCM,1,0,0,exhibition,,
KCM194004300,clarb101,IN8,,,value,1,1,1,1,,,1,1,,,,,,,,,,,,,,,19400430,0,GAL01,v,KCM,1,0,0,exhibition,,
KCM194004300,wrigj105,IN8,,,value,,,,,,,,,,,,,,,,,,,,,,,19400430,0,GAL01,v,KCM,1,0,0,exhibition,,
KCM194004300,greej108,KCM,,,value,,,,,,,,,,,,,,,,,,,,,,,19400430,0,GAL01,h,IN8,0,1,0,exhibition,,
KCM194004300,walkg103,KCM,,,value,,,,,,,,,,,,,,,,,,,,,,,19400430,0,GAL01,h,IN8,0,1,0,exhibition,,
BLG194005051,hendc102,IN8,1,1,value,5,4,0,0,0,0,0,,0,,0,1,,,0,,,0,,,,,19400505,1,NSH02,v,BLG,0,1,0,exhibition,y,
BLG194005051,wilsj107,IN8,2,1,value,5,4,1,1,0,0,0,,0,,0,1,,,0,,,0,,,,,19400505,1,NSH02,v,BLG,0,1,0,exhibition,y,
BLG194005051,clarb101,IN8,3,1,value,5,4,0,1,1,0,0,,0,,0,1,,,0,,,0,,,,,19400505,1,NSH02,v,BLG,0,1,0,exhibition,y,
BLG194005051,bibbr101,IN8,4,1,value,5,4,0,0,0,0,0,,0,,0,1,,,0,,,0,,,,,19400505,1,NSH02,v,BLG,0,1,0,exhibition,y,
BLG194005051,bellh102,IN8,5,1,value,4,3,1,1,0,0,0,,0,,0,1,,,0,,,0,,,,,19400505,1,NSH02,v,BLG,0,1,0,exhibition,y,
BLG194005051,hallb110,IN8,6,1,value,4,3,0,1,0,0,0,,0,,0,1,,,0,,,0,,,,,19400505,1,NSH02,v,BLG,0,1,0,exhibition,y,
BLG194005051,smitj112,IN8,7,1,value,4,3,0,0,0,0,0,,0,,0,1,,,0,,,0,,,,,19400505,1,NSH02,v,BLG,0,1,0,exhibition,y,
BLG194005051,turnl101,IN8,8,1,value,3,3,0,1,0,0,0,,0,,0,0,0,,0,,,0,,,,,19400505,1,NSH02,v,BLG,0,1,0,exhibition,y,
BLG194005051,harvb101,IN8,8,2,value,1,1,0,0,0,0,0,,0,,0,0,0,,1,,,0,,,,,19400505,1,NSH02,v,BLG,0,1,0,exhibition,y,
BLG194005051,wrigj105,IN8,9,1,value,4,4,0,0,0,0,0,,0,,0,0,0,,0,,,0,,,,,19400505,1,NSH02,v,BLG,0,1,0,exhibition,y,
BLG194005051,kimbh102,BLG,1,1,value,4,4,0,0,0,0,0,,0,,0,0,0,,0,,,0,,,,,19400505,1,NSH02,h,IN8,1,0,0,exhibition,y,
BLG194005051,buttt102,BLG,2,1,value,4,4,0,0,0,0,0,,0,,0,0,0,,0,,,0,,,,,19400505,1,NSH02,h,IN8,1,0,0,exhibition,y,
BLG194005051,hughs101,BLG,3,1,value,4,4,0,0,0,0,0,,0,,0,0,0,,0,,,0,,,,,19400505,1,NSH02,h,IN8,1,0,0,exhibition,y,
BLG194005051,hoskb101,BLG,4,1,value,4,4,1,2,0,0,0,,0,,0,0,0,,0,,,0,,,,,19400505,1,NSH02,h,IN8,1,0,0,exhibition,y,
BLG194005051,perkb101,BLG,5,1,value,4,3,1,0,0,0,0,,0,,0,1,,,1,,,0,,,,,19400505,1,NSH02,h,IN8,1,0,0,exhibition,y,
BLG194005051,moorr104,BLG,6,1,value,4,4,0,1,1,0,0,1,0,,0,0,0,,0,,,0,,,,,19400505,1,NSH02,h,IN8,1,0,0,exhibition,y,
BLG194005051,armsj101,BLG,7,1,value,3,3,1,2,1,1,0,,0,,0,0,0,,0,,,0,,,,,19400505,1,NSH02,h,IN8,1,0,0,exhibition,y,
BLG194005051,snowf101,BLG,8,1,value,3,2,0,1,1,0,0,,0,,0,1,,,0,,,0,,,,,19400505,1,NSH02,h,IN8,1,0,0,exhibition,y,
BLG194005051,hubew101,BLG,9,1,value,3,3,0,1,0,0,0,,0,,0,0,0,,0,,,0,,,,,19400505,1,NSH02,h,IN8,1,0,0,exhibition,y,
BLG194005051,willw105,BLG,9,2,value,0,0,0,0,0,0,0,,0,,0,0,0,,0,,,0,,,,,19400505,1,NSH02,h,IN8,1,0,0,exhibition,y,
BLG194005052,keyer101,IN8,,,value,,,,,,,,,,,,,,,,,,,,,,,19400505,2,NSH02,v,BLG,0,1,0,exhibition,,
BLG194005052,adame101,BLG,,,value,,,,,,,,,,,,,,,,,,,,,,,19400505,2,NSH02,h,IN8,1,0,0,exhibition,,
IN8194005260,bondt102,CAG,,,value,,,1,1,,,,1,,,,0,0,,,,,,,,,,19400526,0,IND10,v,IN8,0,1,0,regular,,
IN8194005260,hudsf101,CAG,,,value,,,,,,,,,,,,0,0,,,,,,,,,,19400526,0,IND10,v,IN8,0,1,0,regular,,
IN8194005260,simmw101,CAG,,,value,,,1,1,1,,,,,,,0,0,,,,,,,,,,19400526,0,IND10,v,IN8,0,1,0,regular,,
IN8194005260,smite112,CAG,,,value,,,,,,,,,,,,0,0,,,,,,,,,,19400526,0,IND10,v,IN8,0,1,0,regular,,
IN8194005260,bellh102,IN8,,,value,,,,,,,,,,,,,,,,,,,,,,,19400526,0,IND10,h,CAG,1,0,0,regular,,
IN8194005260,bibbr101,IN8,,,value,,,,1,,,,,,,,,,,,,,,,,,,19400526,0,IND10,h,CAG,1,0,0,regular,,
IN8194005260,clarb101,IN8,,,value,1,1,,1,,,,1,,,,,,,,,,,,,,,19400526,0,IND10,h,CAG,1,0,0,regular,,
IN8194005260,hendc102,IN8,,,value,,,,1,,,,2,,,,,,,,,,,,,,,19400526,0,IND10,h,CAG,1,0,0,regular,,
IN8194005260,smitj112,IN8,,,value,,,,,,,,,,,,,,,,,,,,,,,19400526,0,IND10,h,CAG,1,0,0,regular,,
IN8194005260,wilsj107,IN8,,,value,,,1,1,,,,,,,,,,,,,,,,,,,19400526,0,IND10,h,CAG,1,0,0,regular,,
IN8194005260,wrigj105,IN8,,,value,,,,,,,,,,,,,,,,,,,,,,,19400526,0,IND10,h,CAG,1,0,0,regular,,
IN8194006021,greel102,SNO,1,1,value,5,5,0,2,1,0,0,0,0,,0,0,0,,0,,,0,,,,,19400602,1,IND10,v,IN8,0,1,0,regular,y,
IN8194006021,robib105,SNO,2,1,value,5,3,0,1,0,0,0,0,1,,0,1,,,0,,,0,,,,,19400602,1,IND10,v,IN8,0,1,0,regular,y,
IN8194006021,armob101,SNO,3,1,value,5,4,0,1,0,0,0,0,0,,0,1,,,0,,,0,,,,,19400602,1,IND10,v,IN8,0,1,0,regular,y,
IN8194006021,fordj101,SNO,4,1,value,5,5,0,1,1,0,0,0,0,,0,0,0,,0,,,0,,,,,19400602,1,IND10,v,IN8,0,1,0,regular,y,
IN8194006021,maywe101,SNO,5,1,value,5,5,1,2,0,1,0,0,0,,0,0,0,,0,,,0,,,,,19400602,1,IND10,v,IN8,0,1,0,regular,y,
IN8194006021,lylej102,SNO,6,1,value,4,4,0,1,0,0,0,0,0,,0,0,0,,0,,,0,,,,,19400602,1,IND10,v,IN8,0,1,0,regular,y,
IN8194006021,bennb101,SNO,7,1,value,3,2,0,0,0,0,0,0,0,,0,1,,,0,,,0,,,,,19400602,1,IND10,v,IN8,0,1,0,regular,y,
IN8194006021,mitcg101,SNO,7,2,value,1,1,0,0,0,0,0,0,0,,0,0,0,,0,,,0,,,,,19400602,1,IND10,v,IN8,0,1,0,regular,y,
IN8194006021,smitb114,SNO,8,1,value,4,4,0,1,0,0,0,1,0,,0,0,0,,0,,,0,,,,,19400602,1,IND10,v,IN8,0,1,0,regular,y,
IN8194006021,smite111,SNO,9,1,value,4,4,0,0,0,0,0,0,0,,0,0,0,,0,,,0,,,,,19400602,1,IND10,v,IN8,0,1,0,regular,y,
IN8194006021,wilsj107,IN8,1,1,value,5,4,1,0,0,0,0,0,0,,0,1,,,0,,,0,,,,,19400602,1,IND10,h,SNO,1,0,0,regular,y,
IN8194006021,bibbr101,IN8,2,1,value,5,4,0,2,0,0,0,0,1,,0,0,0,,1,,,0,,,,,19400602,1,IND10,h,SNO,1,0,0,regular,y,
IN8194006021,clarb101,IN8,3,1,value,5,4,1,2,1,0,0,1,0,,0,1,,,0,,,0,,,,,19400602,1,IND10,h,SNO,1,0,0,regular,y,
IN8194006021,smitj112,IN8,4,1,value,5,5,0,1,0,0,0,0,0,,0,0,0,,0,,,0,,,,,19400602,1,IND10,h,SNO,1,0,0,regular,y,
IN8194006021,hendc102,IN8,5,1,value,5,5,0,1,0,0,0,1,0,,0,0,0,,0,,,0,,,,,19400602,1,IND10,h,SNO,1,0,0,regular,y,
IN8194006021,bellh102,IN8,6,1,value,4,3,0,1,0,0,0,0,0,,0,1,,,0,,,0,,,,,19400602,1,IND10,h,SNO,1,0,0,regular,y,
IN8194006021,turnl101,IN8,7,1,value,4,3,0,0,0,0,0,0,1,,0,0,0,,0,,,0,,,,,19400602,1,IND10,h,SNO,1,0,0,regular,y,
IN8194006021,paynr101,IN8,8,1,value,4,4,0,0,0,0,0,0,0,,0,0,0,,0,,,0,,,,,19400602,1,IND10,h,SNO,1,0,0,regular,y,
IN8194006021,carts102,IN8,9,1,value,4,4,0,0,0,0,0,0,0,,0,0,0,,0,,,0,,,,,19400602,1,IND10,h,SNO,1,0,0,regular,y,
IN8194006022,greel102,SNO,1,1,value,3,2,1,0,0,0,0,0,0,,0,1,,,2,,,0,,,,,19400602,2,IND10,v,IN8,1,0,0,regular,y,
IN8194006022,robib105,SNO,2,1,value,2,2,0,0,0,0,0,0,0,,0,0,0,,0,,,0,,,,,19400602,2,IND10,v,IN8,1,0,0,regular,y,
IN8194006022,armob101,SNO,3,1,value,2,2,0,0,0,0,0,1,0,,0,0,0,,0,,,0,,,,,19400602,2,IND10,v,IN8,1,0,0,regular,y,
IN8194006022,fordj101,SNO,4,1,value,2,2,0,0,0,0,0,0,0,,0,0,0,,0,,,0,,,,,19400602,2,IND10,v,IN8,1,0,0,regular,y,
IN8194006022,maywe101,SNO,5,1,value,2,2,0,0,0,0,0,0,0,,0,0,0,,0,,,0,,,,,19400602,2,IND10,v,IN8,1,0,0,regular,y,
IN8194006022,lylej102,SNO,6,1,value,2,1,0,0,0,0,0,0,0,,0,1,,,0,,,0,,,,,19400602,2,IND10,v,IN8,1,0,0,regular,y,
IN8194006022,bennb101,SNO,7,1,value,2,2,0,0,0,0,0,0,0,,0,0,0,,0,,,0,,,,,19400602,2,IND10,v,IN8,1,0,0,regular,y,
IN8194006022,taylr102,SNO,8,1,value,2,2,0,0,0,0,0,0,0,,0,0,0,,0,,,0,,,,,19400602,2,IND10,v,IN8,1,0,0,regular,y,
IN8194006022,mcalf101,SNO,9,1,value,2,2,0,0,0,0,0,0,0,,0,0,0,,0,,,0,,,,,19400602,2,IND10,v,IN8,1,0,0,regular,y,
IN8194006022,wilsj107,IN8,1,1,value,3,3,0,0,0,0,0,0,0,,0,0,0,,0,,,0,,,,,19400602,2,IND10,h,SNO,0,1,0,regular,y,
IN8194006022,bibbr101,IN8,2,1,value,3,3,0,0,0,0,0,0,0,,0,0,0,,0,,,0,,,,,19400602,2,IND10,h,SNO,0,1,0,regular,y,
IN8194006022,clarb101,IN8,3,1,value,2,2,0,0,0,0,0,0,0,,0,0,0,,0,,,0,,,,,19400602,2,IND10,h,SNO,0,1,0,regular,y,
IN8194006022,smitj112,IN8,4,1,value,2,2,0,1,0,0,0,0,0,,0,0,0,,0,,,0,,,,,19400602,2,IND10,h,SNO,0,1,0,regular,y,
IN8194006022,hendc102,IN8,5,1,value,2,2,0,0,0,0,0,0,0,,0,0,0,,0,,,0,,,,,19400602,2,IND10,h,SNO,0,1,0,regular,y,
IN8194006022,bellh102,IN8,6,1,value,2,2,0,0,0,0,0,0,0,,0,0,0,,0,,,0,,,,,19400602,2,IND10,h,SNO,0,1,0,regular,y,
IN8194006022,turnl101,IN8,7,1,value,2,2,0,0,0,0,0,0,0,,0,0,0,,0,,,0,,,,,19400602,2,IND10,h,SNO,0,1,0,regular,y,
IN8194006022,paynr101,IN8,8,1,value,2,2,0,0,0,0,0,0,0,,0,0,0,,0,,,0,,,,,19400602,2,IND10,h,SNO,0,1,0,regular,y,
IN8194006022,wrigj105,IN8,9,1,value,2,1,0,0,0,0,0,0,0,,0,1,,,0,,,0,,,,,19400602,2,IND10,h,SNO,0,1,0,regular,y,
CV9194006091,wilsj107,IN8,1,1,value,4,4,0,1,0,0,0,0,0,,0,0,0,,0,,,0,,,,,19400609,1,CLE06,v,CV9,0,1,0,regular,y,
CV9194006091,bibbr101,IN8,2,1,value,4,4,0,0,0,0,0,0,0,,0,0,0,,0,,,0,,,,,19400609,1,CLE06,v,CV9,0,1,0,regular,y,
CV9194006091,clarb101,IN8,3,1,value,4,3,0,0,0,0,0,0,0,,0,1,,,0,,,0,,,,,19400609,1,CLE06,v,CV9,0,1,0,regular,y,
CV9194006091,smitj112,IN8,4,1,value,4,4,0,1,0,0,0,0,0,,0,0,0,,0,,,0,,,,,19400609,1,CLE06,v,CV9,0,1,0,regular,y,
CV9194006091,hendc102,IN8,5,1,value,4,4,0,1,0,0,0,0,0,,0,0,0,,1,,,0,,,,,19400609,1,CLE06,v,CV9,0,1,0,regular,y,
CV9194006091,spenw101,IN8,6,1,value,1,1,0,0,0,0,0,0,0,,0,0,0,,0,,,0,,,,,19400609,1,CLE06,v,CV9,0,1,0,regular,y,
CV9194006091,charo101,IN8,6,2,value,0,0,0,0,0,0,0,0,0,,0,0,0,,0,,,0,,,,,19400609,1,CLE06,v,CV9,0,1,0,regular,y,
CV9194006091,johnj117,IN8,6,3,value,1,1,0,0,0,0,0,0,0,,0,0,0,,0,,,0,,,,,19400609,1,CLE06,v,CV9,0,1,0,regular,y,
CV9194006091,paynr101,IN8,6,4,value,2,1,0,0,0,0,0,0,1,,0,0,0,,0,,,0,,,,,19400609,1,CLE06,v,CV9,0,1,0,regular,y,
CV9194006091,hallb110,IN8,7,1,value,3,3,0,0,0,0,0,0,0,,0,0,0,,0,,,0,,,,,19400609,1,CLE06,v,CV9,0,1,0,regular,y,
CV9194006091,turnl101,IN8,8,1,value,3,3,0,1,0,0,0,0,0,,0,0,0,,0,,,0,,,,,19400609,1,CLE06,v,CV9,0,1,0,regular,y,
CV9194006091,wrigj105,IN8,9,1,value,3,2,0,0,0,0,0,0,1,,0,0,0,,0,,,0,,,,,19400609,1,CLE06,v,CV9,0,1,0,regular,y,
CV9194006091,clevd101,CV9,1,1,value,3,3,1,3,0,0,0,,0,,0,0,0,,0,,,0,,,,,19400609,1,CLE06,h,IN8,1,0,0,regular,y,
CV9194006091,woodp104,CV9,2,1,value,3,3,0,1,0,0,0,,0,,0,0,0,,1,,,0,,,,,19400609,1,CLE06,h,IN8,1,0,0,regular,y,
CV9194006091,sampo101,CV9,3,1,value,3,3,0,0,0,0,0,,0,,0,0,0,,0,,,0,,,,,19400609,1,CLE06,h,IN8,1,0,0,regular,y,
CV9194006091,turnh101,CV9,4,1,value,3,3,0,0,0,0,0,,0,,0,0,0,,0,,,0,,,,,19400609,1,CLE06,h,IN8,1,0,0,regular,y,
CV9194006091,lamac101,CV9,5,1,value,3,3,0,1,1,0,0,,0,,0,0,0,,0,,,0,,,,,19400609,1,CLE06,h,IN8,1,0,0,regular,y,
CV9194006091,fraza101,CV9,6,1,value,3,3,0,0,0,0,0,,0,,0,0,0,,0,,,0,,,,,19400609,1,CLE06,h,IN8,1,0,0,regular,y,
CV9194006091,jonem103,CV9,7,1,value,3,2,0,0,0,0,0,,0,,0,1,,,0,,,0,,,,,19400609,1,CLE06,h,IN8,1,0,0,regular,y,
CV9194006091,barnh102,CV9,8,1,value,3,3,0,0,0,0,0,,0,,0,0,0,,0,,,0,,,,,19400609,1,CLE06,h,IN8,1,0,0,regular,y,
CV9194006091,henrp101,CV9,9,1,value,3,3,0,0,0,0,0,,0,,0,0,0,,0,,,0,,,,,19400609,1,CLE06,h,IN8,1,0,0,regular,y,
CV9194006092,wilsj107,IN8,1,1,value,4,4,2,1,0,0,0,,0,,0,0,0,,0,,,0,,,,,19400609,2,CLE06,v,CV9,0,1,0,regular,y,
CV9194006092,bibbr101,IN8,2,1,value,4,4,2,2,0,0,0,,0,,0,0,0,,0,,,0,,,,,19400609,2,CLE06,v,CV9,0,1,0,regular,y,
CV9194006092,clarb101,IN8,3,1,value,4,4,2,2,1,0,1,2,0,,0,0,0,,0,,,0,,,,,19400609,2,CLE06,v,CV9,0,1,0,regular,y,
CV9194006092,smitj112,IN8,4,1,value,4,4,1,2,0,0,0,,0,,0,0,0,,0,,,0,,,,,19400609,2,CLE06,v,CV9,0,1,0,regular,y,
CV9194006092,hendc102,IN8,5,1,value,4,4,1,1,0,0,0,,0,,0,0,0,,1,,,0,,,,,19400609,2,CLE06,v,CV9,0,1,0,regular,y,
CV9194006092,spenw101,IN8,6,1,value,1,1,0,0,0,0,0,,0,,0,0,0,,0,,,0,,,,,19400609,2,CLE06,v,CV9,0,1,0,regular,y,
CV9194006092,paynr101,IN8,6,2,value,3,3,0,0,0,0,0,,0,,0,0,0,,0,,,0,,,,,19400609,2,CLE06,v,CV9,0,1,0,regular,y,
CV9194006092,hallb110,IN8,7,1,value,4,4,0,1,0,0,0,,0,,0,0,0,,1,,,0,,,,,19400609,2,CLE06,v,CV9,0,1,0,regular,y,
CV9194006092,turnl101,IN8,8,1,value,4,4,0,1,0,0,0,,0,,0,0,0,,0,,,0,,,,,19400609,2,CLE06,v,CV9,0,1,0,regular,y,
CV9194006092,johnc103,IN8,9,1,value,0,0,1,0,0,0,0,,0,,0,0,0,,0,,,0,,,,,19400609,2,CLE06,v,CV9,0,1,0,regular,y,
CV9194006092,johnj117,IN8,9,2,value,4,4,0,1,1,0,0,,0,,0,0,0,,0,,,0,,,,,19400609,2,CLE06,v,CV9,0,1,0,regular,y,
CV9194006092,clevd101,CV9,1,1,value,4,2,2,0,0,0,0,,0,,0,2,,0,1,,,0,,,,,19400609,2,CLE06,h,IN8,1,0,0,regular,y,
CV9194006092,woodp104,CV9,2,1,value,4,4,2,2,0,0,0,,0,,0,0,0,0,0,,,0,,,,,19400609,2,CLE06,h,IN8,1,0,0,regular,y,
CV9194006092,sampo101,CV9,3,1,value,4,3,1,0,0,0,0,,0,,0,1,,0,1,,,0,,,,,19400609,2,CLE06,h,IN8,1,0,0,regular,y,
CV9194006092,turnh101,CV9,4,1,value,4,2,3,1,0,1,0,1,0,,0,2,,0,0,,,0,,,,,19400609,2,CLE06,h,IN8,1,0,0,regular,y,
CV9194006092,lamac101,CV9,5,1,value,4,3,0,0,0,0,0,,1,,0,0,0,0,0,,,0,,,,,19400609,2,CLE06,h,IN8,1,0,0,regular,y,
CV9194006092,fraza101,CV9,6,1,value,4,3,1,0,0,0,0,,0,,0,1,,0,0,,,0,,,,,19400609,2,CLE06,h,IN8,1,0,0,regular,y,
CV9194006092,jonem103,CV9,7,1,value,0,0,0,0,0,0,0,,0,,0,0,0,0,0,,,0,,,,,19400609,2,CLE06,h,IN8,1,0,0,regular,y,
CV9194006092,mitca102,CV9,7,2,value,1,1,0,0,0,0,0,,0,,0,0,0,0,0,,,0,,,,,19400609,2,CLE06,h,IN8,1,0,0,regular,y,
CV9194006092,coler103,CV9,7,3,value,3,3,1,1,0,0,0,,0,,0,0,0,0,0,,,0,,,,,19400609,2,CLE06,h,IN8,1,0,0,regular,y,
CV9194006092,barnh102,CV9,8,1,value,4,2,1,0,0,0,0,,1,,0,1,,0,0,,,0,,,,,19400609,2,CLE06,h,IN8,1,0,0,regular,y,
CV9194006092,sarva101,CV9,9,1,value,4,2,0,0,0,0,0,,1,,0,1,,0,0,,,0,,,,,19400609,2,CLE06,h,IN8,1,0,0,regular,y,
IN8194006170,allen102,KCM,,,value,,,2,2,,1,,1,,,,,,,,,,,,,,,19400617,0,FOR04,v,IN8,1,0,0,regular,,
IN8194006170,bradf104,KCM,,,value,,,,1,,1,,1,,,,,,,,,,,,,,,19400617,0,FOR04,v,IN8,1,0,0,regular,,
IN8194006170,decul101,KCM,,,value,,,,,,,,,,,,,,,,,,,,,,,19400617,0,FOR04,v,IN8,1,0,0,regular,,
IN8194006170,greej108,KCM,,,value,,,1,,,,,,,,,1,,,,,,,,,,,19400617,0,FOR04,v,IN8,1,0,0,regular,,
IN8194006170,matcj101,KCM,,,value,,,,,,,,,,,,,,,,,,,,,,,19400617,0,FOR04,v,IN8,1,0,0,regular,,
IN8194006170,milth101,KCM,,,value,,,1,1,1,,,,,,,,,,,,,,,,,,19400617,0,FOR04,v,IN8,1,0,0,regular,,
IN8194006170,oneib801,KCM,,,value,,,1,1,,1,,1,,,,,,,,,,,,,,,19400617,0,FOR04,v,IN8,1,0,0,regular,,
IN8194006170,bibbr101,IN8,,,value,,,1,1,,,,,,,,,,,,,,,,,,,19400617,0,FOR04,h,KCM,0,1,0,regular,,
IN8194006170,johnj117,IN8,,,value,,,,,,,,,,,,,,,,,,,,,,,19400617,0,FOR04,h,KCM,0,1,0,regular,,
IN8194006170,spenw101,IN8,,,value,,,,,,,,,,,,,,,,,,,,,,,19400617,0,FOR04,h,KCM,0,1,0,regular,,
IN8194006180,johnj117,IN8,,,value,,,,,,,,,,,,,,,,,,,,,,,19400618,0,COL05,h,KCM,1,0,0,regular,,
IN8194006180,normb103,IN8,,,value,,,,,,,,,,,,,,,,,,,,,,,19400618,0,COL05,h,KCM,1,0,0,regular,,
IN8194006190,turnl101,IN8,,,value,,,,3,,,,3,,,,,,,,,,,,,,,19400619,0,TOL05,h,KCM,1,0,0,regular,,
IN8194006190,wrigj105,IN8,,,value,,,,,,,,,,,,,,,,,,,,,,,19400619,0,TOL05,h,KCM,1,0,0,regular,,
IN8194006231,bondt102,CAG,,,value,,,1,1,,,1,1,,,,,,,,,,,,,,,19400623,1,LOU05,v,IN8,1,0,0,regular,,
IN8194006231,elseh101,CAG,,,value,,,,,,,,,,,,,,,,,,,,,,,19400623,1,LOU05,v,IN8,1,0,0,regular,,
IN8194006231,hudsf101,CAG,,,value,,,,,,,,,,,,,,,,,,,,,,,19400623,1,LOU05,v,IN8,1,0,0,regular,,
IN8194006231,sparj102,CAG,,,value,,,1,1,,,1,3,,,,,,,,,,,,,,,19400623,1,LOU05,v,IN8,1,0,0,regular,,
IN8194006231,bellh102,IN8,,,value,,,,,,,,,,,,,,,,,,,,,,,19400623,1,LOU05,h,CAG,0,1,0,regular,,
IN8194006231,smitj112,IN8,,,value,,,,,,,,,,,,,,,,,,,,,,,19400623,1,LOU05,h,CAG,0,1,0,regular,,
IN8194006231,wrigj105,IN8,,,value,,,,,,,,,,,,,,,,,,,,,,,19400623,1,LOU05,h,CAG,0,1,0,regular,,
IN8194006232,bowel102,CAG,,,value,,,,,,,,,,,,,,,,,,,,,,,19400623,2,LOU05,v,IN8,0,1,0,regular,,
IN8194006232,joneh105,CAG,,,value,,,,,,,,,,,,,,,,,,,,,,,19400623,2,LOU05,v,IN8,0,1,0,regular,,
IN8194006232,smite112,CAG,,,value,,,,,,,,,,,,,,,,,,,,,,,19400623,2,LOU05,v,IN8,0,1,0,regular,,
IN8194006232,johnc103,IN8,,,value,,,,,,,,,,,,,,,,,,,,,,,19400623,2,LOU05,h,CAG,1,0,0,regular,,
IN8194006232,spenw101,IN8,,,value,,,,,,,,,,,,,,,,,,,,,,,19400623,2,LOU05,h,CAG,1,0,0,regular,,
IN8194006232,wilsj107,IN8,,,value,,,1,1,,,1,1,,,,,,,,,,,,,,,19400623,2,LOU05,h,CAG,1,0,0,regular,,
IN8194006240,johnc103,IN8,,,value,,,,,,,,,,,,,,,,,,,,,,,19400624,0,TOL05,h,CAG,0,1,0,regular,,
IN8194006240,wrigj105,IN8,,,value,,,,,,,,,,,,,,,,,,,,,,,19400624,0,TOL05,h,CAG,0,1,0,regular,,
IN8194006270,mcdab101,KCM,1,1,value,5,3,1,0,0,0,0,,0,,0,2,,,0,,,0,,,,,19400627,0,IND10,v,IN8,0,1,0,regular,y,
IN8194006270,matcj101,KCM,1,2,value,0,0,0,0,0,0,0,,0,,0,0,0,,0,,,0,,,,,19400627,0,IND10,v,IN8,0,1,0,regular,y,
IN8194006270,milth101,KCM,2,1,value,5,5,0,2,1,0,0,,0,,0,0,0,,0,,,0,,,,,19400627,0,IND10,v,IN8,0,1,0,regular,y,
IN8194006270,steat101,KCM,3,1,value,4,4,0,0,0,0,0,,0,,0,0,0,,0,,,0,,,,,19400627,0,IND10,v,IN8,0,1,0,regular,y,
IN8194006270,oneib801,KCM,4,1,value,4,4,0,1,0,0,0,,0,,0,0,0,,0,,,0,,,,,19400627,0,IND10,v,IN8,0,1,0,regular,y,
IN8194006270,decul101,KCM,5,1,value,4,4,1,2,0,1,0,,0,,0,0,0,,0,,,0,,,,,19400627,0,IND10,v,IN8,0,1,0,regular,y,
IN8194006270,soueh101,KCM,6,1,value,4,3,0,1,0,0,0,1,0,,0,1,,,0,,,0,,,,,19400627,0,IND10,v,IN8,0,1,0,regular,y,
IN8194006270,willj111,KCM,7,1,value,4,4,0,0,0,0,0,,0,,0,0,0,,0,,,0,,,,,19400627,0,IND10,v,IN8,0,1,0,regular,y,
IN8194006270,dougj102,KCM,8,1,value,4,4,1,1,1,0,0,,0,,0,0,0,,0,,,0,,,,,19400627,0,IND10,v,IN8,0,1,0,regular,y,
IN8194006270,bryaa101,KCM,9,1,value,1,1,0,1,0,0,0,,0,,0,0,0,,0,,,0,,,,,19400627,0,IND10,v,IN8,0,1,0,regular,y,
IN8194006270,bradf104,KCM,9,2,value,2,2,1,2,1,0,0,,0,,0,0,0,,0,,,0,,,,,19400627,0,IND10,v,IN8,0,1,0,regular,y,
IN8194006270,smith111,KCM,9,3,value,1,1,0,0,0,0,0,,0,,0,0,0,,0,,,0,,,,,19400627,0,IND10,v,IN8,0,1,0,regular,y,
IN8194006270,wilsj107,IN8,1,1,value,4,4,0,1,0,0,0,,0,,0,0,0,,0,,,0,,,,,19400627,0,IND10,h,KCM,1,0,0,regular,y,
IN8194006270,smitj112,IN8,2,1,value,4,4,1,1,0,0,0,,0,,0,0,0,,0,,,0,,,,,19400627,0,IND10,h,KCM,1,0,0,regular,y,
IN8194006270,hendc102,IN8,3,1,value,4,3,0,0,0,0,0,,0,,0,1,,,2,,,0,,,,,19400627,0,IND10,h,KCM,1,0,0,regular,y,
IN8194006270,bibbr101,IN8,4,1,value,4,2,1,1,0,0,0,,0,,0,2,,,1,,,0,,,,,19400627,0,IND10,h,KCM,1,0,0,regular,y,
IN8194006270,spenw101,IN8,5,1,value,4,4,2,3,1,0,0,1,0,,0,0,0,,1,,,0,,,,,19400627,0,IND10,h,KCM,1,0,0,regular,y,
IN8194006270,johnj117,IN8,6,1,value,4,3,0,1,0,0,0,1,0,,0,1,,,1,,,0,,,,,19400627,0,IND10,h,KCM,1,0,0,regular,y,
IN8194006270,turnl101,IN8,7,1,value,4,4,0,1,0,0,0,,0,,0,0,0,,0,,,0,,,,,19400627,0,IND10,h,KCM,1,0,0,regular,y,
IN8194006270,hallb110,IN8,8,1,value,4,3,1,0,0,0,0,,0,,0,1,,,0,,,0,,,,,19400627,0,IND10,h,KCM,1,0,0,regular,y,
IN8194006270,johnc103,IN8,9,1,value,3,3,0,0,0,0,0,,0,,0,0,0,,0,,,0,,,,,19400627,0,IND10,h,KCM,1,0,0,regular,y,
IN8194006280,bradf104,KCM,,,value,,,,,,,,,,,,,,,,,,,,,,,19400628,0,IND10,v,IN8,0,1,0,regular,,
IN8194006280,bryaa101,KCM,,,value,,,,,,,,,,,,,,,,,,,,,,,19400628,0,IND10,v,IN8,0,1,0,regular,,
IN8194006280,decul101,KCM,,,value,,,,,,,,,,,,,,,,,,,,,,,19400628,0,IND10,v,IN8,0,1,0,regular,,
IN8194006280,smith111,KCM,,,value,,,,,,,,,,,,,,,,,,,,,,,19400628,0,IND10,v,IN8,0,1,0,regular,,
IN8194006280,johnc103,IN8,,,value,,,,,,,,,,,,,,,,,,,,,,,19400628,0,IND10,h,KCM,1,0,0,regular,,
IN8194006280,johnj117,IN8,,,value,,,,1,,,,1,,,,,,,,,,,,,,,19400628,0,IND10,h,KCM,1,0,0,regular,,
IN8194006280,smitj112,IN8,,,value,,,1,,,,,,,,,,,,,,,,,,,,19400628,0,IND10,h,KCM,1,0,0,regular,,
IN8194006280,spenw101,IN8,,,value,4,4,1,3,1,,,1,,,,,,,,,,,,,,,19400628,0,IND10,h,KCM,1,0,0,regular,,
BIR194007120,hendc102,IN8,,,value,,,,,,,,,,,,,,,,,,,,,,,19400712,0,PBL01,v,BIR,1,0,0,regular,,
BIR194007120,johnc103,IN8,,,value,,,,,,,,,,,,,,,,,,,,,,,19400712,0,PBL01,v,BIR,1,0,0,regular,,
MEM194007180,bellh102,IN8,,,value,,,0,,,,,0,1,,,,,,,,,,,,,,19400718,0,WAC01,v,MEM,0,1,0,regular,,
MEM194007180,charo101,IN8,,,value,,,0,,,,,0,,,,1,1,,,,,,,,1,,19400718,0,WAC01,v,MEM,0,1,0,regular,,
MEM194007180,hallb110,IN8,,,value,,,0,,,,,0,,,,,,,,,,,,,,,19400718,0,WAC01,v,MEM,0,1,0,regular,,
MEM194007180,hendc102,IN8,,,value,,,0,1,1,,,0,,,,,,,,,,,,,,,19400718,0,WAC01,v,MEM,0,1,0,regular,,
MEM194007180,johnc103,IN8,,,value,,,0,,,,,0,,,,,,,,,,,,,,,19400718,0,WAC01,v,MEM,0,1,0,regular,,
MEM194007180,johnj117,IN8,,,value,0,0,0,,,,,0,,,,,,,,,,,,,,,19400718,0,WAC01,v,MEM,0,1,0,regular,,
MEM194007180,owens102,IN8,,,value,,,1,1,,,,0,,,,1,,,1,,,,,,,,19400718,0,WAC01,v,MEM,0,1,0,regular,,
MEM194007180,smitj112,IN8,,,value,,,0,1,,,,1,,,,,,,,,,,,,,,19400718,0,WAC01,v,MEM,0,1,0,regular,,
MEM194007180,turnl101,IN8,,,value,,,0,,,,,0,,,,1,,,,,,,,,,,19400718,0,WAC01,v,MEM,0,1,0,regular,,
MEM194007180,bankf101,MEM,,,value,,,,1,,,,,,,,,,,,,,,,,,,19400718,0,WAC01,h,IN8,1,0,0,regular,,
MEM194007180,bradb107,MEM,,,value,1,1,0,0,,,,,,,,,,,,,,,,,1,,19400718,0,WAC01,h,IN8,1,0,0,regular,,
MEM194007180,browl107,MEM,,,value,,,,,,,,,,,,,,,,,,,,,,,19400718,0,WAC01,h,IN8,1,0,0,regular,,
MEM194007180,cartm101,MEM,,,value,,,,1,,,,,,,,,,,,,,,,,,,19400718,0,WAC01,h,IN8,1,0,0,regular,,
MEM194007180,dumal101,MEM,,,value,,,,,,,,,,,,,,,,,,,,,,,19400718,0,WAC01,h,IN8,1,0,0,regular,,
MEM194007180,hutcw101,MEM,,,value,,,,,,,,,,,,,,,,,,,,,,,19400718,0,WAC01,h,IN8,1,0,0,regular,,
MEM194007180,jonec108,MEM,,,value,1,0,,0,,,,1,,,,1,,,,,,,,,1,,19400718,0,WAC01,h,IN8,1,0,0,regular,,
MEM194007180,rogen101,MEM,,,value,,,,,,,,,,,,1,1,,,,,,,,,,19400718,0,WAC01,h,IN8,1,0,0,regular,,
MEM194007180,savaj103,MEM,,,value,,,,,,,,,,,,,,,,,,,,,,,19400718,0,WAC01,h,IN8,1,0,0,regular,,
MEM194007211,wilsj107,IN8,1,1,value,5,5,0,0,0,0,0,0,0,,0,0,0,0,0,,,0,,,,,19400721,1,MEM02,v,MEM,0,1,0,regular,y,
MEM194007211,owens102,IN8,2,1,value,4,4,0,0,0,0,0,0,0,,0,0,0,0,0,,,0,,,,,19400721,1,MEM02,v,MEM,0,1,0,regular,y,
MEM194007211,hendc102,IN8,3,1,value,4,4,1,1,0,0,1,1,0,,0,0,0,0,0,,,0,,,,,19400721,1,MEM02,v,MEM,0,1,0,regular,y,
MEM194007211,shamj101,IN8,4,1,value,4,3,0,0,0,0,0,0,0,,0,1,,0,1,,,0,,,,,19400721,1,MEM02,v,MEM,0,1,0,regular,y,
MEM194007211,smitj112,IN8,5,1,value,4,4,1,1,0,0,0,0,0,,0,0,0,0,0,,,0,,,,,19400721,1,MEM02,v,MEM,0,1,0,regular,y,
MEM194007211,spenw101,IN8,6,1,value,4,4,0,1,0,0,0,0,0,,0,0,0,0,0,,,0,,,,,19400721,1,MEM02,v,MEM,0,1,0,regular,y,
MEM194007211,turnl101,IN8,7,1,value,4,3,1,0,0,0,0,0,0,,0,1,,0,0,,,0,,,,,19400721,1,MEM02,v,MEM,0,1,0,regular,y,
MEM194007211,bellh102,IN8,8,1,value,1,0,0,0,0,0,0,0,0,,0,1,,0,0,,,0,,,,,19400721,1,MEM02,v,MEM,0,1,0,regular,y,
MEM194007211,charo101,IN8,8,2,value,3,3,0,2,0,0,0,0,0,,0,0,0,0,0,,,0,,,,,19400721,1,MEM02,v,MEM,0,1,0,regular,y,
MEM194007211,johnc103,IN8,9,1,value,4,3,0,0,0,0,0,0,1,,0,0,0,0,0,,,0,,,,,19400721,1,MEM02,v,MEM,0,1,0,regular,y,
MEM194007211,cartm101,MEM,1,1,value,4,4,0,0,0,0,0,0,0,,0,0,0,,0,,,0,,,,,19400721,1,MEM02,h,IN8,1,0,0,regular,y,
MEM194007211,bankf101,MEM,2,1,value,4,3,2,1,0,1,0,0,0,,0,1,,,1,,,0,,,,,19400721,1,MEM02,h,IN8,1,0,0,regular,y,
MEM194007211,robin101,MEM,3,1,value,4,4,2,2,0,0,2,3,0,,0,0,0,,0,,,0,,,,,19400721,1,MEM02,h,IN8,1,0,0,regular,y,
MEM194007211,bradb107,MEM,4,1,value,4,4,0,1,0,0,0,1,0,,0,0,0,,0,,,0,,,,,19400721,1,MEM02,h,IN8,1,0,0,regular,y,
MEM194007211,browl107,MEM,5,1,value,4,4,0,0,0,0,0,0,0,,0,0,0,,0,,,0,,,,,19400721,1,MEM02,h,IN8,1,0,0,regular,y,
MEM194007211,browt105,MEM,6,1,value,4,4,0,0,0,0,0,0,0,,0,0,0,,0,,,0,,,,,19400721,1,MEM02,h,IN8,1,0,0,regular,y,
MEM194007211,taylj106,MEM,7,1,value,3,2,1,1,0,0,0,0,0,,0,1,,,1,,,0,,,,,19400721,1,MEM02,h,IN8,1,0,0,regular,y,
MEM194007211,longr102,MEM,8,1,value,3,3,0,1,0,0,0,0,0,,0,0,0,,0,,,0,,,,,19400721,1,MEM02,h,IN8,1,0,0,regular,y,
MEM194007211,hutcw101,MEM,9,1,value,3,3,0,1,0,0,0,1,0,,0,0,0,,0,,,0,,,,,19400721,1,MEM02,h,IN8,1,0,0,regular,y,
MEM194007212,longr102,MEM,,,value,,,,1,,,1,,,,,,,,,,,,,,,,19400721,2,MEM02,h,IN8,1,0,0,regular,,
MEM194007212,robin101,MEM,,,value,4,4,1,2,,,1,4,,,,,,,,,,,,,,,19400721,2,MEM02,h,IN8,1,0,0,regular,,
MEM194007230,hendc102,IN8,,,value,,,,,,,,,,,,,,,,,,,,,,,19400723,0,PBL01,v,MEM,0,1,0,regular,,
MEM194007230,turnl101,IN8,,,value,,,,,,,,,,,,,,,,,,,,,,,19400723,0,PBL01,v,MEM,0,1,0,regular,,
MEM194007230,bankf101,MEM,,,value,,,,1,,1,,2,,,,,,,,,,,,,,,19400723,0,PBL01,h,IN8,1,0,0,regular,,
MEM194007230,breme101,MEM,,,value,,,,,,,,,,,,,,,,,,,,,,,19400723,0,PBL01,h,IN8,1,0,0,regular,,
MEM194007230,browt105,MEM,,,value,,,,1,,,,1,,,,,,,,,,,,,,,19400723,0,PBL01,h,IN8,1,0,0,regular,,
MEM194007230,longr102,MEM,,,value,,,,1,,,,,,,,,,,,,,,,,,,19400723,0,PBL01,h,IN8,1,0,0,regular,,
MEM194007230,mathv101,MEM,,,value,,,,,,,,,,,,,,,,,,,,,,,19400723,0,PBL01,h,IN8,1,0,0,regular,,
SNO194007260,wilsj107,IN8,1,1,value,4,2,0,0,0,0,0,0,0,,0,2,,,0,,,0,,,,,19400726,0,HOU05,v,SNO,1,0,0,regular,y,
SNO194007260,charo101,IN8,2,1,value,4,3,1,1,0,0,0,0,0,,0,1,,,1,,,0,,,,,19400726,0,HOU05,v,SNO,1,0,0,regular,y,
SNO194007260,hendc102,IN8,3,1,value,4,4,0,2,0,0,0,0,0,,0,0,0,,0,,,0,,,,,19400726,0,HOU05,v,SNO,1,0,0,regular,y,
SNO194007260,johnj117,IN8,4,1,value,4,4,0,1,1,0,0,1,0,,0,0,0,,0,,,0,,,,,19400726,0,HOU05,v,SNO,1,0,0,regular,y,
SNO194007260,shamj101,IN8,5,1,value,4,4,0,0,0,0,0,0,0,,0,0,0,,0,,,0,,,,,19400726,0,HOU05,v,SNO,1,0,0,regular,y,
SNO194007260,smitj112,IN8,6,1,value,3,3,1,2,0,0,0,0,0,,0,0,0,,1,,,0,,,,,19400726,0,HOU05,v,SNO,1,0,0,regular,y,
SNO194007260,spenw101,IN8,7,1,value,3,2,1,2,0,0,1,2,1,,0,0,0,,1,,,0,,,,,19400726,0,HOU05,v,SNO,1,0,0,regular,y,
SNO194007260,turnl101,IN8,8,1,value,3,3,0,0,0,0,0,0,0,,0,0,0,,0,,,0,,,,,19400726,0,HOU05,v,SNO,1,0,0,regular,y,
SNO194007260,bellh102,IN8,9,1,value,3,2,0,0,0,0,0,0,1,,0,0,0,,0,,,0,,,,,19400726,0,HOU05,v,SNO,1,0,0,regular,y,
SNO194007260,greel102,SNO,1,1,value,3,3,0,0,0,0,0,0,0,,0,0,0,,0,,,0,,,,,19400726,0,HOU05,h,IN8,0,1,0,regular,y,
SNO194007260,lylej102,SNO,2,1,value,3,3,0,0,0,0,0,0,0,,0,0,0,,0,,,0,,,,,19400726,0,HOU05,h,IN8,0,1,0,regular,y,
SNO194007260,armob101,SNO,3,1,value,3,3,0,1,0,0,0,0,0,,0,0,0,,0,,,0,,,,,19400726,0,HOU05,h,IN8,0,1,0,regular,y,
SNO194007260,maywe101,SNO,4,1,value,1,1,0,0,0,0,0,0,0,,0,0,0,,0,,,0,,,,,19400726,0,HOU05,h,IN8,0,1,0,regular,y,
SNO194007260,britj104,SNO,4,2,value,2,2,0,0,0,0,0,0,0,,0,0,0,,0,,,0,,,,,19400726,0,HOU05,h,IN8,0,1,0,regular,y,
SNO194007260,bennb101,SNO,5,1,value,3,2,0,0,0,0,0,0,0,,0,1,,,0,,,0,,,,,19400726,0,HOU05,h,IN8,0,1,0,regular,y,
SNO194007260,riddm101,SNO,6,1,value,3,2,1,1,0,1,0,0,1,,0,0,0,,0,,,0,,,,,19400726,0,HOU05,h,IN8,0,1,0,regular,y,
SNO194007260,fordj101,SNO,7,1,value,3,2,0,0,0,0,0,1,1,,0,0,0,,0,,,0,,,,,19400726,0,HOU05,h,IN8,0,1,0,regular,y,
SNO194007260,smitb114,SNO,8,1,value,2,2,0,0,0,0,0,0,0,,0,0,0,,0,,,0,,,,,19400726,0,HOU05,h,IN8,0,1,0,regular,y,
SNO194007260,taylr102,SNO,8,2,value,1,1,0,0,0,0,0,0,0,,0,0,0,,0,,,0,,,,,19400726,0,HOU05,h,IN8,0,1,0,regular,y,
SNO194007260,suttl101,SNO,9,1,value,1,1,0,0,0,0,0,0,0,,0,0,0,,0,,,0,,,,,19400726,0,HOU05,h,IN8,0,1,0,regular,y,
SNO194007260,smite111,SNO,9,2,value,1,1,0,0,0,0,0,0,0,,0,0,0,,0,,,0,,,,,19400726,0,HOU05,h,IN8,0,1,0,regular,y,
SNO194007260,burru101,SNO,9,3,value,0,0,0,0,0,0,0,0,0,,0,0,0,,0,,,0,,,,,19400726,0,HOU05,h,IN8,0,1,0,regular,y,
SNO194007260,robib105,SNO,9,4,value,1,1,0,0,0,0,0,0,0,,0,0,0,,0,,,0,,,,,19400726,0,HOU05,h,IN8,0,1,0,regular,y,
SNO194007270,owens102,IN8,1,1,value,4,4,0,0,0,0,0,0,0,,0,0,0,,0,,,0,,,,,19400727,0,BAT01,v,SNO,0,1,0,regular,y,
SNO194007270,johnj117,IN8,2,1,value,4,4,1,1,0,0,0,0,0,,0,0,0,,1,,,0,,,,,19400727,0,BAT01,v,SNO,0,1,0,regular,y,
SNO194007270,hendc102,IN8,3,1,value,3,2,0,0,0,0,0,0,0,,0,1,,,0,,,0,,,,,19400727,0,BAT01,v,SNO,0,1,0,regular,y,
SNO194007270,smitj112,IN8,4,1,value,3,3,1,0,0,0,0,0,0,,0,0,0,,0,,,0,,,,,19400727,0,BAT01,v,SNO,0,1,0,regular,y,
SNO194007270,shamj101,IN8,5,1,value,3,3,0,0,0,0,0,0,0,,0,0,0,,0,,,0,,,,,19400727,0,BAT01,v,SNO,0,1,0,regular,y,
SNO194007270,spenw101,IN8,6,1,value,3,3,0,1,0,0,0,0,0,,0,0,0,,0,,,0,,,,,19400727,0,BAT01,v,SNO,0,1,0,regular,y,
SNO194007270,bellh102,IN8,7,1,value,3,2,0,1,0,0,0,0,0,,1,0,0,,1,,,0,,,,,19400727,0,BAT01,v,SNO,0,1,0,regular,y,
SNO194007270,turnl101,IN8,8,1,value,3,3,0,0,0,0,0,0,0,,0,0,0,,0,,,0,,,,,19400727,0,BAT01,v,SNO,0,1,0,regular,y,
SNO194007270,wilsl102,IN8,9,1,value,3,3,0,0,0,0,0,1,0,,0,0,0,,0,,,0,,,,,19400727,0,BAT01,v,SNO,0,1,0,regular,y,
SNO194007270,greel102,SNO,1,1,value,4,3,1,0,0,0,0,0,0,,0,1,,,0,,,0,,,,,19400727,0,BAT01,h,IN8,1,0,0,regular,y,
SNO194007270,lylej102,SNO,2,1,value,4,4,0,0,0,0,0,0,0,,0,0,0,,0,,,0,,,,,19400727,0,BAT01,h,IN8,1,0,0,regular,y,
SNO194007270,armob101,SNO,3,1,value,4,4,2,1,0,0,0,1,0,,0,0,0,,0,,,0,,,,,19400727,0,BAT01,h,IN8,1,0,0,regular,y,
SNO194007270,fordj101,SNO,4,1,value,3,3,1,1,0,0,0,0,0,,0,0,0,,0,,,0,,,,,19400727,0,BAT01,h,IN8,1,0,0,regular,y,
SNO194007270,robib105,SNO,4,2,value,0,0,0,0,0,0,0,0,0,,0,0,0,,0,,,0,,,,,19400727,0,BAT01,h,IN8,1,0,0,regular,y,
SNO194007270,maywe101,SNO,5,1,value,3,3,1,1,0,0,0,1,0,,0,0,0,,0,,,0,,,,,19400727,0,BAT01,h,IN8,1,0,0,regular,y,
SNO194007270,bennb101,SNO,6,1,value,3,3,1,1,0,0,0,0,0,,0,0,0,,0,,,0,,,,,19400727,0,BAT01,h,IN8,1,0,0,regular,y,
SNO194007270,britj104,SNO,6,2,value,0,0,0,0,0,0,0,0,0,,0,0,0,,0,,,0,,,,,19400727,0,BAT01,h,IN8,1,0,0,regular,y,
SNO194007270,riddm101,SNO,7,1,value,3,3,1,2,0,0,1,4,0,,0,0,0,,0,,,0,,,,,19400727,0,BAT01,h,IN8,1,0,0,regular,y,
SNO194007270,taylr102,SNO,8,1,value,3,3,0,1,0,0,0,0,0,,0,0,0,,0,,,0,,,,,19400727,0,BAT01,h,IN8,1,0,0,regular,y,
SNO194007270,oaklc101,SNO,9,1,value,2,1,0,0,0,0,0,0,1,,0,0,0,,0,,,0,,,,,19400727,0,BAT01,h,IN8,1,0,0,regular,y,
SNO194007270,mcalf101,SNO,9,2,value,1,1,0,0,0,0,0,0,0,,0,0,0,,0,,,0,,,,,19400727,0,BAT01,h,IN8,1,0,0,regular,y,
SNO194007270,smite111,SNO,9,3,value,0,0,0,0,0,0,0,0,0,,0,0,0,,0,,,0,,,,,19400727,0,BAT01,h,IN8,1,0,0,regular,y,
SNO194007270,calhl101,SNO,9,4,value,0,0,0,0,0,0,0,0,0,,0,0,0,,0,,,0,,,,,19400727,0,BAT01,h,IN8,1,0,0,regular,y,
SNO194007281,wilsj107,IN8,1,1,value,4,3,0,1,0,0,0,0,0,,1,0,0,,0,,,0,,,,,19400728,1,NOL01,v,SNO,0,1,0,regular,y,
SNO194007281,johnj117,IN8,2,1,value,4,4,0,0,0,0,0,0,0,,0,0,0,,0,,,0,,,,,19400728,1,NOL01,v,SNO,0,1,0,regular,y,
SNO194007281,hendc102,IN8,3,1,value,4,3,0,0,0,0,0,0,0,,0,1,,,0,,,0,,,,,19400728,1,NOL01,v,SNO,0,1,0,regular,y,
SNO194007281,smitj112,IN8,4,1,value,4,4,0,0,0,0,0,0,0,,0,0,0,,0,,,0,,,,,19400728,1,NOL01,v,SNO,0,1,0,regular,y,
SNO194007281,shamj101,IN8,5,1,value,3,2,0,1,0,0,0,0,0,,0,1,,,0,,,0,,,,,19400728,1,NOL01,v,SNO,0,1,0,regular,y,
SNO194007281,charo101,IN8,5,2,value,1,1,0,0,0,0,0,0,0,,0,0,0,,0,,,0,,,,,19400728,1,NOL01,v,SNO,0,1,0,regular,y,
SNO194007281,bellh102,IN8,6,1,value,4,3,0,0,0,0,0,0,1,,0,0,0,,0,,,0,,,,,19400728,1,NOL01,v,SNO,0,1,0,regular,y,
SNO194007281,turnl101,IN8,7,1,value,3,3,0,0,0,0,0,0,0,,0,0,0,,0,,,0,,,,,19400728,1,NOL01,v,SNO,0,1,0,regular,y,
SNO194007281,hallb110,IN8,8,1,value,3,3,0,0,0,0,0,0,0,,0,0,0,,0,,,0,,,,,19400728,1,NOL01,v,SNO,0,1,0,regular,y,
SNO194007281,wrigj105,IN8,9,1,value,3,3,0,0,0,0,0,0,0,,0,0,0,,0,,,0,,,,,19400728,1,NOL01,v,SNO,0,1,0,regular,y,
SNO194007281,greel102,SNO,1,1,value,5,5,0,1,0,0,0,1,0,,0,0,0,,0,,,0,,,,,19400728,1,NOL01,h,IN8,1,0,0,regular,y,
SNO194007281,robib105,SNO,2,1,value,4,3,0,1,0,0,0,0,0,,0,1,,,0,,,0,,,,,19400728,1,NOL01,h,IN8,1,0,0,regular,y,
SNO194007281,armob101,SNO,3,1,value,4,4,0,0,0,0,0,0,0,,0,0,0,,0,,,0,,,,,19400728,1,NOL01,h,IN8,1,0,0,regular,y,
SNO194007281,maywe101,SNO,4,1,value,4,4,2,3,0,0,0,0,0,,0,0,0,,0,,,0,,,,,19400728,1,NOL01,h,IN8,1,0,0,regular,y,
SNO194007281,fordj101,SNO,4,2,value,0,0,0,0,0,0,0,0,0,,0,0,0,,0,,,0,,,,,19400728,1,NOL01,h,IN8,1,0,0,regular,y,
SNO194007281,britj104,SNO,5,1,value,4,4,0,1,0,0,0,0,0,,0,0,0,,0,,,0,,,,,19400728,1,NOL01,h,IN8,1,0,0,regular,y,
SNO194007281,bennb101,SNO,6,1,value,4,3,0,1,0,0,0,0,1,,0,0,0,,0,,,0,,,,,19400728,1,NOL01,h,IN8,1,0,0,regular,y,
SNO194007281,riddm101,SNO,7,1,value,4,2,1,2,0,0,0,0,0,,0,2,,,0,,,0,,,,,19400728,1,NOL01,h,IN8,1,0,0,regular,y,
SNO194007281,taylr102,SNO,8,1,value,4,4,0,0,0,0,0,1,0,,0,0,0,,0,,,0,,,,,19400728,1,NOL01,h,IN8,1,0,0,regular,y,
SNO194007281,smite111,SNO,9,1,value,4,4,0,0,0,0,0,0,0,,0,0,0,,0,,,0,,,,,19400728,1,NOL01,h,IN8,1,0,0,regular,y,
SNO194007282,hallb110,IN8,,,value,,,,,,,,,,,,,,1,,,,,,,,,19400728,2,NOL01,v,SNO,0,1,0,regular,,
SNO194007282,johnc103,IN8,,,value,,,,,,,,,,,,,,,,,1,,,,,,19400728,2,NOL01,v,SNO,0,1,0,regular,,
SNO194007282,marcz101,IN8,,,value,,,,,,,,,,,,,,,,,,,,,,,19400728,2,NOL01,v,SNO,0,1,0,regular,,
SNO194007282,turnl101,IN8,,,value,,,1,,,,,,,,,,,,,,,,,,,,19400728,2,NOL01,v,SNO,0,1,0,regular,,
SNO194007282,calhl101,SNO,,,value,,,,,,,,,,,,,,,,,,,,,,,19400728,2,NOL01,h,IN8,1,0,0,regular,,
SNO194007282,fordj101,SNO,,,value,,,,,,,,,,,,,,,,,,,,,,,19400728,2,NOL01,h,IN8,1,0,0,regular,,
SNO194007282,greel102,SNO,,,value,4,2,2,1,1,,,,,,,2,,,,,,,,,,,19400728,2,NOL01,h,IN8,1,0,0,regular,,
SNO194007282,lylej102,SNO,,,value,,,1,1,,,1,1,,,,,,,,,,,,,,,19400728,2,NOL01,h,IN8,1,0,0,regular,,
SNO194007282,smitb114,SNO,,,value,,,,,,,,,,,,,,,,,,,,,,,19400728,2,NOL01,h,IN8,1,0,0,regular,,
SNO194007290,bellh102,IN8,,,value,,,,,,,,,,,,,,,,,,,,,,,19400729,0,PTA01,v,SNO,0,1,0,regular,,
SNO194007290,johnc103,IN8,,,value,,,,,,,,,,,,,,,,,,,,,,,19400729,0,PTA01,v,SNO,0,1,0,regular,,
SNO194007290,burru101,SNO,,,value,,,,,,,,,,,,,,,,,,,,,,,19400729,0,PTA01,h,IN8,1,0,0,regular,,
SNO194007290,calhl101,SNO,,,value,,,,,,,,,,,,,,,,,,,,,,,19400729,0,PTA01,h,IN8,1,0,0,regular,,
SNO194007290,suttl101,SNO,,,value,,,,,,,,,,,,,,,,,,,,,,,19400729,0,PTA01,h,IN8,1,0,0,regular,,
SNO194007290,taylr102,SNO,,,value,,,,,,,,,,,,,,,,,,,,,,,19400729,0,PTA01,h,IN8,1,0,0,regular,,
SNO194007300,bellh102,IN8,,,value,,,,,,,,,,,,,,,,,,,,,,,19400730,0,HOU04,v,SNO,0,1,0,regular,,
SNO194007300,wrigj105,IN8,,,value,,,,,,,,,,,,,,,,,,,,,,,19400730,0,HOU04,v,SNO,0,1,0,regular,,
SNO194007300,burru101,SNO,,,value,,,,,,,,,,,,,,,,,,,,,,,19400730,0,HOU04,h,IN8,1,0,0,regular,,
SNO194007300,smitb114,SNO,,,value,,,,,,,,,,,,,,,,,,,,,,,19400730,0,HOU04,h,IN8,1,0,0,regular,,
KCM194008020,wilsj107,IN8,1,1,value,6,6,0,1,0,0,0,,0,,0,0,0,,0,,,0,,,,,19400802,0,BEL01,v,KCM,0,0,1,regular,y,
KCM194008020,owens102,IN8,2,1,value,4,3,1,1,0,0,1,1,0,,0,1,,,0,,,0,,,,,19400802,0,BEL01,v,KCM,0,0,1,regular,y,
KCM194008020,johnj117,IN8,2,2,value,1,1,1,0,0,0,0,,0,,0,0,0,,0,,,0,,,,,19400802,0,BEL01,v,KCM,0,0,1,regular,y,
KCM194008020,wrigj105,IN8,2,3,value,1,1,0,0,0,0,0,,0,,0,0,0,,0,,,0,,,,,19400802,0,BEL01,v,KCM,0,0,1,regular,y,
KCM194008020,hendc102,IN8,3,1,value,6,5,1,1,0,1,0,,0,,0,1,,,0,,,0,,,,,19400802,0,BEL01,v,KCM,0,0,1,regular,y,
KCM194008020,smitj112,IN8,4,1,value,6,5,1,2,0,0,0,,0,,0,1,,,0,,,0,,,,,19400802,0,BEL01,v,KCM,0,0,1,regular,y,
KCM194008020,shamj101,IN8,5,1,value,6,6,0,2,0,0,0,,0,,0,0,0,,0,,,0,,,,,19400802,0,BEL01,v,KCM,0,0,1,regular,y,
KCM194008020,bellh102,IN8,6,1,value,6,5,1,0,0,0,0,,0,,0,1,,,0,,,0,,,,,19400802,0,BEL01,v,KCM,0,0,1,regular,y,
KCM194008020,hallb110,IN8,7,1,value,6,6,1,2,1,0,0,,0,,0,0,0,,0,,,0,,,,,19400802,0,BEL01,v,KCM,0,0,1,regular,y,
KCM194008020,turnl101,IN8,8,1,value,6,6,0,2,0,2,0,,0,,0,0,0,,0,,,0,,,,,19400802,0,BEL01,v,KCM,0,0,1,regular,y,
KCM194008020,johnc103,IN8,9,1,value,3,2,0,0,0,0,0,,1,,0,0,0,,0,,,0,,,,,19400802,0,BEL01,v,KCM,0,0,1,regular,y,
KCM194008020,charo101,IN8,9,2,value,1,1,0,1,1,0,0,,0,,0,0,0,,0,,,0,,,,,19400802,0,BEL01,v,KCM,0,0,1,regular,y,
KCM194008020,whitc104,IN8,9,3,value,1,1,0,0,0,0,0,,0,,0,0,0,,0,,,0,,,,,19400802,0,BEL01,v,KCM,0,0,1,regular,y,
KCM194008020,milth101,KCM,1,1,value,6,5,0,1,0,0,0,,0,,0,1,,,0,,,0,,,,,19400802,0,BEL01,h,IN8,0,0,1,regular,y,
KCM194008020,allen102,KCM,2,1,value,6,5,1,1,0,0,0,,0,,1,0,0,,0,,,0,,,,,19400802,0,BEL01,h,IN8,0,0,1,regular,y,
KCM194008020,bibbr101,KCM,3,1,value,6,5,1,2,1,0,0,,0,,0,1,,,0,,,0,,,,,19400802,0,BEL01,h,IN8,0,0,1,regular,y,
KCM194008020,greej108,KCM,4,1,value,3,3,0,0,0,0,0,,0,,0,0,0,,0,,,0,,,,,19400802,0,BEL01,h,IN8,0,0,1,regular,y,
KCM194008020,decul101,KCM,4,2,value,3,3,0,0,0,0,0,,0,,0,0,0,,0,,,0,,,,,19400802,0,BEL01,h,IN8,0,0,1,regular,y,
KCM194008020,steat101,KCM,5,1,value,6,6,1,2,0,0,1,3,0,,0,0,0,,0,,,0,,,,,19400802,0,BEL01,h,IN8,0,0,1,regular,y,
KCM194008020,soueh101,KCM,6,1,value,6,5,1,1,0,1,0,,0,,0,1,,,0,,,0,,,,,19400802,0,BEL01,h,IN8,0,0,1,regular,y,
KCM194008020,oneib801,KCM,7,1,value,6,5,1,1,0,0,0,,0,,0,1,,,0,,,0,,,,,19400802,0,BEL01,h,IN8,0,0,1,regular,y,
KCM194008020,willj111,KCM,8,1,value,6,6,0,0,0,0,0,,0,,0,0,0,,0,,,0,,,,,19400802,0,BEL01,h,IN8,0,0,1,regular,y,
KCM194008020,walkg103,KCM,9,1,value,3,3,1,1,0,0,0,,0,,0,0,0,,0,,,0,,,,,19400802,0,BEL01,h,IN8,0,0,1,regular,y,
KCM194008020,bradf104,KCM,9,2,value,0,0,0,0,0,0,0,,0,,0,0,0,,0,,,0,,,,,19400802,0,BEL01,h,IN8,0,0,1,regular,y,
KCM194008020,smith111,KCM,9,3,value,2,2,0,2,0,0,0,,0,,0,0,0,,0,,,0,,,,,19400802,0,BEL01,h,IN8,0,0,1,regular,y,
CAG194008111,bellh102,IN8,,,value,,,,,,,,,,,,,,,,,,,,,,,19400811,1,CHI09,v,CAG,1,0,0,regular,,
CAG194008111,wrigj105,IN8,,,value,,,,,,,,,,,,,,,,,,,,,,,19400811,1,CHI09,v,CAG,1,0,0,regular,,
CAG194008111,browj113,CAG,,,value,,,,,,,,,,,,,,,,,,,,,,,19400811,1,CHI09,h,IN8,0,1,0,regular,,
CAG194008111,elseh101,CAG,,,value,,,,,,,,,,,,,,,,,,,,,,,19400811,1,CHI09,h,IN8,0,1,0,regular,,
CAG194008111,millw107,CAG,,,value,,,,,,,,,,,,,,,,,,,,,,,19400811,1,CHI09,h,IN8,0,1,0,regular,,
CAG194008112,bellh102,IN8,,,value,,,,,,,,,,,,,,,,,,,,,,,19400811,2,CHI09,v,CAG,0,1,0,regular,,
CAG194008112,johnc103,IN8,,,value,,,,,,,,,,,,,,,,,,,,,,,19400811,2,CHI09,v,CAG,0,1,0,regular,,
CAG194008112,browj113,CAG,,,value,,,,,,,,,,,,,,,,,,,,,,,19400811,2,CHI09,h,IN8,1,0,0,regular,,
CAG194008112,merch101,CAG,,,value,,,,,,,,,,,,,,,,,,,,,,,19400811,2,CHI09,h,IN8,1,0,0,regular,,
CAG194008112,millw107,CAG,,,value,,,,,,,,,,,,,,,,,,,,,,,19400811,2,CHI09,h,IN8,1,0,0,regular,,
KCM194008130,bellh102,IN8,,,value,,,,,,,,,,,,,,,,,,,,,,,19400813,0,OKC01,v,KCM,0,1,0,regular,,
KCM194008130,johnj117,IN8,,,value,,,,,,,,,,,,,,,,,,,,,,,19400813,0,OKC01,v,KCM,0,1,0,regular,,
KCM194008130,greej108,KCM,,,value,,,,,,,,,,,,,,,,,,,,,,,19400813,0,OKC01,h,IN8,1,0,0,regular,,
KCM194008130,kranf101,KCM,,,value,,,,,,,,,,,,,,,,,,,,,,,19400813,0,OKC01,h,IN8,1,0,0,regular,,
KCM194008130,walkg103,KCM,,,value,,,,,,,,,,,,,,,,,,,,,,,19400813,0,OKC01,h,IN8,1,0,0,regular,,
KCM194008140,wilsj107,IN8,1,1,value,4,3,0,0,0,0,0,0,0,,0,1,,,0,,,0,,,,,19400814,0,SHW01,v,KCM,0,1,0,regular,y,
KCM194008140,owens102,IN8,2,1,value,4,2,0,0,0,0,0,0,1,,0,1,,,1,,,0,,,,,19400814,0,SHW01,v,KCM,0,1,0,regular,y,
KCM194008140,hendc102,IN8,3,1,value,4,4,0,0,0,0,0,0,0,,0,0,0,,0,,,0,,,,,19400814,0,SHW01,v,KCM,0,1,0,regular,y,
KCM194008140,charo101,IN8,4,1,value,4,3,0,0,0,0,0,0,0,,0,1,,,0,,,0,,,,,19400814,0,SHW01,v,KCM,0,1,0,regular,y,
KCM194008140,smitj112,IN8,5,1,value,4,4,0,0,0,0,0,0,0,,0,0,0,,0,,,0,,,,,19400814,0,SHW01,v,KCM,0,1,0,regular,y,
KCM194008140,shamj101,IN8,6,1,value,4,4,1,1,0,1,0,0,0,,0,0,0,,0,,,0,,,,,19400814,0,SHW01,v,KCM,0,1,0,regular,y,
KCM194008140,bellh102,IN8,7,1,value,3,1,1,0,0,0,0,0,1,,0,1,,,0,,,0,,,,,19400814,0,SHW01,v,KCM,0,1,0,regular,y,
KCM194008140,spenw101,IN8,7,2,value,1,1,0,0,0,0,0,0,0,,0,0,0,,0,,,0,,,,,19400814,0,SHW01,v,KCM,0,1,0,regular,y,
KCM194008140,hallb110,IN8,8,1,value,3,2,1,1,0,0,0,1,0,,1,0,0,,0,,,0,,,,,19400814,0,SHW01,v,KCM,0,1,0,regular,y,
KCM194008140,johnj117,IN8,8,2,value,1,1,0,0,0,0,0,0,0,,0,0,0,,0,,,0,,,,,19400814,0,SHW01,v,KCM,0,1,0,regular,y,
KCM194008140,rhonu101,IN8,9,1,value,4,4,1,1,0,0,1,3,0,,0,0,0,,0,,,0,,,,,19400814,0,SHW01,v,KCM,0,1,0,regular,y,
KCM194008140,milth101,KCM,1,1,value,4,3,1,2,0,0,0,0,0,,1,0,0,,1,,,0,,,,,19400814,0,SHW01,h,IN8,1,0,0,regular,y,
KCM194008140,warrj101,KCM,2,1,value,4,4,1,2,0,0,0,2,0,,0,0,0,,1,,,0,,,,,19400814,0,SHW01,h,IN8,1,0,0,regular,y,
KCM194008140,bibbr101,KCM,3,1,value,4,4,0,1,0,0,0,0,0,,0,0,0,,0,,,0,,,,,19400814,0,SHW01,h,IN8,1,0,0,regular,y,
KCM194008140,greej108,KCM,4,1,value,4,3,1,0,0,0,0,0,0,,0,1,,,1,,,0,,,,,19400814,0,SHW01,h,IN8,1,0,0,regular,y,
KCM194008140,steat101,KCM,5,1,value,4,4,1,2,0,1,0,1,0,,0,0,0,,0,,,0,,,,,19400814,0,SHW01,h,IN8,1,0,0,regular,y,
KCM194008140,soueh101,KCM,6,1,value,4,4,0,1,0,0,0,1,0,,0,0,0,,0,,,0,,,,,19400814,0,SHW01,h,IN8,1,0,0,regular,y,
KCM194008140,oneib801,KCM,7,1,value,4,4,0,0,0,0,0,0,0,,0,0,0,,0,,,0,,,,,19400814,0,SHW01,h,IN8,1,0,0,regular,y,
KCM194008140,willj111,KCM,8,1,value,3,3,1,1,0,0,0,0,0,,0,0,0,,0,,,0,,,,,19400814,0,SHW01,h,IN8,1,0,0,regular,y,
KCM194008140,bradf104,KCM,9,1,value,1,1,0,0,0,0,0,0,0,,0,0,0,,0,,,0,,,,,19400814,0,SHW01,h,IN8,1,0,0,regular,y,
KCM194008140,matcj101,KCM,9,2,value,1,1,1,1,0,0,0,0,0,,0,0,0,,0,,,0,,,,,19400814,0,SHW01,h,IN8,1,0,0,regular,y,
KCM194008140,smith111,KCM,9,3,value,1,1,0,0,0,0,0,0,0,,0,0,0,,0,,,0,,,,,19400814,0,SHW01,h,IN8,1,0,0,regular,y,
KCM194008181,wilsj107,IN8,1,1,value,4,4,0,1,0,0,0,0,0,,0,0,0,,1,,,0,,,,,19400818,1,KAN05,v,KCM,0,1,0,regular,y,
KCM194008181,owens102,IN8,2,1,value,3,3,0,0,0,0,0,0,0,,0,0,0,,0,,,0,,,,,19400818,1,KAN05,v,KCM,0,1,0,regular,y,
KCM194008181,johnj117,IN8,2,2,value,1,1,0,0,0,0,0,0,0,,0,0,0,,0,,,0,,,,,19400818,1,KAN05,v,KCM,0,1,0,regular,y,
KCM194008181,shamj101,IN8,3,1,value,4,4,1,0,0,0,0,0,0,,0,0,0,,0,,,0,,,,,19400818,1,KAN05,v,KCM,0,1,0,regular,y,
KCM194008181,smitj112,IN8,4,1,value,4,3,1,2,0,0,0,1,0,,0,1,,,0,,,0,,,,,19400818,1,KAN05,v,KCM,0,1,0,regular,y,
KCM194008181,spenw101,IN8,5,1,value,4,2,0,1,0,0,0,0,1,,0,1,,,1,,,0,,,,,19400818,1,KAN05,v,KCM,0,1,0,regular,y,
KCM194008181,bellh102,IN8,6,1,value,3,3,0,0,0,0,0,0,0,,0,0,0,,0,,,0,,,,,19400818,1,KAN05,v,KCM,0,1,0,regular,y,
KCM194008181,charo101,IN8,6,2,value,1,1,0,1,0,0,0,1,0,,0,0,0,,0,,,0,,,,,19400818,1,KAN05,v,KCM,0,1,0,regular,y,
KCM194008181,turnl101,IN8,7,1,value,4,4,0,0,0,0,0,0,0,,0,0,0,1,0,,,0,,,,,19400818,1,KAN05,v,KCM,0,1,0,regular,y,
KCM194008181,hallb110,IN8,8,1,value,4,3,0,0,0,0,0,0,0,,0,1,,,0,,,0,,,,,19400818,1,KAN05,v,KCM,0,1,0,regular,y,
KCM194008181,wrigj105,IN8,9,1,value,4,3,0,0,0,0,0,0,0,,1,0,0,,0,,,0,,,,,19400818,1,KAN05,v,KCM,0,1,0,regular,y,
KCM194008181,warrj101,KCM,1,1,value,4,4,0,0,0,0,0,0,0,,0,0,0,,0,,,0,,,,,19400818,1,KAN05,h,IN8,1,0,0,regular,y,
KCM194008181,allen102,KCM,2,1,value,4,4,0,1,0,0,0,0,0,,0,0,0,,0,,,0,,,,,19400818,1,KAN05,h,IN8,1,0,0,regular,y,
KCM194008181,bibbr101,KCM,3,1,value,4,4,2,2,1,0,0,0,0,,0,0,0,,0,,,0,,,,,19400818,1,KAN05,h,IN8,1,0,0,regular,y,
KCM194008181,steat101,KCM,4,1,value,4,4,1,1,1,0,0,1,0,,0,0,0,,1,,,0,,,,,19400818,1,KAN05,h,IN8,1,0,0,regular,y,
KCM194008181,soueh101,KCM,5,1,value,4,4,1,1,1,0,0,1,0,,0,0,0,,0,,,0,,,,,19400818,1,KAN05,h,IN8,1,0,0,regular,y,
KCM194008181,oneib801,KCM,6,1,value,4,4,0,2,1,0,0,1,0,,0,0,0,,0,,,0,,,,,19400818,1,KAN05,h,IN8,1,0,0,regular,y,
KCM194008181,decul101,KCM,7,1,value,4,4,0,0,0,0,0,0,0,,0,0,0,,0,,,0,,,,,19400818,1,KAN05,h,IN8,1,0,0,regular,y,
KCM194008181,willj111,KCM,8,1,value,3,3,0,1,0,0,0,0,0,,0,0,0,,0,,,0,,,,,19400818,1,KAN05,h,IN8,1,0,0,regular,y,
KCM194008181,bradf104,KCM,9,1,value,3,2,0,0,0,0,0,0,1,,0,0,0,,0,,,0,,,,,19400818,1,KAN05,h,IN8,1,0,0,regular,y,
KCM194008181,matcj101,KCM,9,2,value,0,0,0,0,0,0,0,0,0,,0,0,0,,0,,,0,,,,,19400818,1,KAN05,h,IN8,1,0,0,regular,y,
KCM194008182,wilsj107,IN8,1,1,value,3,3,0,0,0,0,0,0,0,,0,0,0,,0,,,0,,,,,19400818,2,KAN05,v,KCM,0,1,0,regular,y,
KCM194008182,owens102,IN8,2,1,value,3,2,1,0,0,0,0,0,0,,0,1,,,1,,,0,,,,,19400818,2,KAN05,v,KCM,0,1,0,regular,y,
KCM194008182,shamj101,IN8,3,1,value,3,3,1,1,1,0,0,1,0,,0,0,0,,0,,,0,,,,,19400818,2,KAN05,v,KCM,0,1,0,regular,y,
KCM194008182,smitj112,IN8,4,1,value,3,3,0,0,0,0,0,0,0,,0,0,0,,0,,,0,,,,,19400818,2,KAN05,v,KCM,0,1,0,regular,y,
KCM194008182,spenw101,IN8,5,1,value,3,2,0,2,0,0,0,1,0,,0,1,,,0,,,0,,,,,19400818,2,KAN05,v,KCM,0,1,0,regular,y,
KCM194008182,bellh102,IN8,6,1,value,3,2,1,0,0,0,0,0,0,,0,1,,,0,,,0,,,,,19400818,2,KAN05,v,KCM,0,1,0,regular,y,
KCM194008182,turnl101,IN8,7,1,value,3,3,0,1,1,0,0,1,0,,0,0,0,,0,,,0,,,,,19400818,2,KAN05,v,KCM,0,1,0,regular,y,
KCM194008182,hallb110,IN8,8,1,value,3,3,0,1,0,0,0,0,0,,0,0,0,,0,,,0,,,,,19400818,2,KAN05,v,KCM,0,1,0,regular,y,
KCM194008182,johnc103,IN8,9,1,value,3,3,0,1,0,0,0,0,0,,0,0,0,,0,,,0,,,,,19400818,2,KAN05,v,KCM,0,1,0,regular,y,
KCM194008182,allen102,KCM,1,1,value,4,3,1,0,0,0,0,0,0,,0,1,,,0,,,0,,,,,19400818,2,KAN05,h,IN8,1,0,0,regular,y,
KCM194008182,warrj101,KCM,2,1,value,4,3,1,1,0,0,0,1,0,,0,1,,,0,,,0,,,,,19400818,2,KAN05,h,IN8,1,0,0,regular,y,
KCM194008182,bibbr101,KCM,3,1,value,3,3,1,2,0,0,0,0,0,,0,0,0,,0,,,0,,,,,19400818,2,KAN05,h,IN8,1,0,0,regular,y,
KCM194008182,steat101,KCM,4,1,value,3,3,0,0,0,0,0,1,0,,0,0,0,,0,,,0,,,,,19400818,2,KAN05,h,IN8,1,0,0,regular,y,
KCM194008182,oneib801,KCM,5,1,value,3,3,0,1,0,0,0,1,0,,0,0,0,,0,,,0,,,,,19400818,2,KAN05,h,IN8,1,0,0,regular,y,
KCM194008182,decul101,KCM,6,1,value,3,2,0,1,0,0,0,1,0,,0,1,,,0,,,0,,,,,19400818,2,KAN05,h,IN8,1,0,0,regular,y,
KCM194008182,willj111,KCM,7,1,value,3,3,0,1,0,0,0,0,0,,0,0,0,,0,,,0,,,,,19400818,2,KAN05,h,IN8,1,0,0,regular,y,
KCM194008182,soueh101,KCM,8,1,value,3,3,0,0,0,0,0,0,0,,0,0,0,,0,,,0,,,,,19400818,2,KAN05,h,IN8,1,0,0,regular,y,
KCM194008182,matcj101,KCM,9,1,value,3,3,1,1,0,1,0,0,0,,0,0,0,,0,,,0,,,,,19400818,2,KAN05,h,IN8,1,0,0,regular,y,
