gid,id,team,d_seq,d_pos,stattype,d_ifouts,d_po,d_a,d_e,d_dp,d_tp,d_pb,d_wp,d_sb,d_cs,d_gs,date,number,site,vishome,opp,win,loss,tie,gametype,box,pbp,eject
KCM193807080,mosel101,KCM,1,1,value,9,0,0,0,0,0,,,,,1,19380708,0,MAN01,h,BIR,1,0,0,regular,y,d,
KCM193807101,mosel101,KCM,1,1,value,18,0,1,0,0,0,,,,,1,19380710,1,KAN05,h,BIR,1,0,0,regular,y,d,
KCM193807150,mosel101,KCM,,1,value,3,,,,,,,,,,,19380715,0,WIN01,h,CAG,0,1,0,regular,,,
KCM193807162,mosel101,KCM,2,1,value,,,,,,,,,,,,19380716,2,WIN01,h,CAG,1,0,0,regular,,,
KCM193807190,mosel101,KCM,2,1,value,,,,,,,,,,,,19380719,0,PLP01,h,CAG,0,1,0,exhibition,,,
CAG193807210,mosel101,KCM,1,1,value,6,0,2,0,0,0,,,,,0,19380721,0,REG01,v,CAG,0,1,0,regular,y,d,
KCM193807241,mosel101,KCM,1,1,value,15,0,0,0,0,0,,,,,0,19380724,1,BIS01,h,CAG,0,1,0,regular,y,d,
KCM193807250,mosel101,KCM,1,9,value,27,0,0,0,0,0,,,,,1,19380725,0,FAR01,h,CAG,1,0,0,regular,y,d,
KCM193807280,mosel101,KCM,1,1,value,10,0,2,0,0,0,,,,,0,19380728,0,DES01,h,CAG,0,1,0,regular,y,d,
MEM193808081,mosel101,KCM,2,1,value,11,,,,,,,,,,,19380808,1,MEM02,v,MEM,0,1,0,regular,,,
KCM193808211,mosel101,KCM,1,1,value,22,1,3,0,,,0,2,0,,1,19380821,1,KAN05,h,ATN,0,1,0,regular,y,,
KCM193808230,mosel101,KCM,,1,value,3,,,,,,,,,,,19380823,0,OKC01,h,ATN,0,1,0,regular,,,
MEM193905090,mosel101,KCM,1,1,value,,,,0,,0,0,,,,,19390509,0,CLA01,v,MEM,0,1,0,exhibition,,,
KCM193905120,mosel101,KCM,1,1,value,27,,,0,,0,0,,,,1,19390512,0,TOP01,h,MEM,0,1,0,exhibition,,,
CAG193905220,mosel101,KCM,1,1,value,,,,0,,0,0,,,,,19390522,0,CHI09,v,CAG,1,0,0,regular,,,
KCM193905281,mosel101,KCM,1,1,value,18,0,2,0,1,0,,,,,1,19390528,1,KAN05,h,ATN,1,0,0,regular,y,d,
KCM193906042,mosel101,KCM,1,1,value,6,0,1,0,0,0,,,,,0,19390604,2,KAN05,h,SSA,1,0,0,regular,y,d,
SSA193906060,mosel101,KCM,1,1,value,,,,0,,0,0,,,,1,19390606,0,STL13,v,SSA,1,0,0,regular,,,
MEM193906111,mosel101,KCM,1,1,value,8,0,,0,0,0,,,,,,19390611,1,OKC01,v,MEM,0,1,0,regular,y,,
MEM193906120,mosel101,KCM,1,1,value,27,,,0,,0,0,,,,1,19390612,0,OKC01,v,MEM,1,0,0,regular,,,
CV9193906182,mosel101,KCM,1,1,value,15,0,0,0,0,0,,,,,1,19390618,2,CLE07,v,CV9,0,1,0,regular,y,,
SSA193906251,mosel101,KCM,1,1,value,14,0,2,0,0,0,,,,,1,19390625,1,CLE06,v,SSA,0,1,0,regular,y,,
CAG193907041,mosel101,KCM,1,1,value,1,0,0,0,0,0,,,,,1,19390704,1,CHI09,v,CAG,1,0,0,regular,y,d,
KCM193907070,mosel101,KCM,1,1,value,13,0,2,0,0,0,,,,,1,19390707,0,DES01,h,SSA,0,1,0,regular,y,,
KCM194005082,mosel101,KCM,1,1,value,21,0,,0,0,0,,,,,1,19400508,2,NOL01,h,SNO,0,0,1,exhibition,y,,
