gid,id,team,d_seq,d_pos,stattype,d_ifouts,d_po,d_a,d_e,d_dp,d_tp,d_pb,d_wp,d_sb,d_cs,d_gs,date,number,site,vishome,opp,win,loss,tie,gametype,box,pbp,eject
ASW195008200,whitc101,ASE,1,5,value,3,0,0,0,0,0,,,,,0,19500820,0,CHI10,v,ASW,0,1,0,allstar,y,d,
MLN195404181,whitc101,MLN,1,2,value,3,1,0,0,0,0,0,0,0,0,0,19540418,1,MIL05,h,CIN,0,1,0,regular,y,y,
SLN195404230,whitc101,MLN,1,2,value,18,5,0,0,0,0,0,0,1,0,0,19540423,0,STL07,v,SLN,1,0,0,regular,y,y,
MLN195404280,whitc101,MLN,1,2,value,6,0,0,0,0,0,0,0,0,0,0,19540428,0,MIL05,h,NY1,0,1,0,regular,y,y,
MLN195404300,whitc101,MLN,1,2,value,6,2,0,0,0,0,1,0,0,0,0,19540430,0,MIL05,h,PHI,0,1,0,regular,y,y,
MLN195405090,whitc101,MLN,1,2,value,6,1,0,0,0,0,0,0,0,0,0,19540509,0,MIL05,h,CHN,0,1,0,regular,y,y,
BRO195405110,whitc101,MLN,1,2,value,27,7,0,0,0,0,0,0,0,0,1,19540511,0,NYC15,v,BRO,1,0,0,regular,y,y,
BRO195405120,whitc101,MLN,1,2,value,27,2,0,0,0,0,0,0,0,0,1,19540512,0,NYC15,v,BRO,1,0,0,regular,y,y,
PIT195405130,whitc101,MLN,1,2,value,27,3,0,0,0,0,0,1,0,0,1,19540513,0,PIT06,v,PIT,1,0,0,regular,y,y,
PIT195405140,whitc101,MLN,1,2,value,29,6,0,0,0,0,0,0,0,0,1,19540514,0,PIT06,v,PIT,0,1,0,regular,y,y,
PIT195405150,whitc101,MLN,1,2,value,21,2,1,0,0,0,0,0,0,2,1,19540515,0,PIT06,v,PIT,0,1,0,regular,y,y,
NY1195405161,whitc101,MLN,1,2,value,30,5,0,0,0,0,0,0,0,0,1,19540516,1,NYC14,v,NY1,1,0,0,regular,y,y,
CHN195405222,whitc101,MLN,1,2,value,24,4,0,0,0,0,0,0,4,0,1,19540522,2,CHI11,v,CHN,1,0,0,regular,y,y,
MLN195406010,whitc101,MLN,1,2,value,6,3,0,0,0,0,0,0,0,0,0,19540601,0,MIL05,h,BRO,0,1,0,regular,y,y,
MLN195406020,whitc101,MLN,1,2,value,15,3,0,0,0,0,0,0,0,0,1,19540602,0,MIL05,h,BRO,0,1,0,regular,y,y,
MLN195406040,whitc101,MLN,1,2,value,27,9,0,1,0,0,0,0,1,0,1,19540604,0,MIL05,h,PIT,0,1,0,regular,y,y,
MLN195406050,whitc101,MLN,1,2,value,27,6,0,0,0,0,0,0,0,0,1,19540605,0,MIL05,h,PIT,1,0,0,regular,y,y,
MLN195406061,whitc101,MLN,1,2,value,27,3,1,0,0,0,0,0,0,0,1,19540606,1,MIL05,h,PIT,1,0,0,regular,y,y,
MLN195406062,whitc101,MLN,1,2,value,12,4,0,1,0,0,0,1,0,0,1,19540606,2,MIL05,h,PIT,0,1,0,regular,y,y,
MLN195406070,whitc101,MLN,1,2,value,27,5,0,0,0,0,0,1,1,0,1,19540607,0,MIL05,h,NY1,0,1,0,regular,y,y,
MLN195406100,whitc101,MLN,1,2,value,3,2,0,0,0,0,0,0,0,0,0,19540610,0,MIL05,h,NY1,0,1,0,regular,y,y,
PIT195406190,whitc101,MLN,1,2,value,9,2,0,0,0,0,0,0,0,0,0,19540619,0,PIT06,v,PIT,1,0,0,regular,y,y,
PHI195406272,whitc101,MLN,1,2,value,18,5,0,0,0,0,0,0,1,0,1,19540627,2,PHI11,v,PHI,0,1,0,regular,y,y,
SLN195407052,whitc101,MLN,1,2,value,27,5,0,0,0,0,0,0,0,0,1,19540705,2,STL07,v,SLN,1,0,0,regular,y,y,
CIN195407112,whitc101,MLN,1,2,value,15,2,0,0,0,0,0,0,0,0,1,19540711,2,CIN07,v,CIN,1,0,0,regular,y,y,
MLN195407152,whitc101,MLN,1,2,value,9,2,0,0,0,0,0,1,0,0,0,19540715,2,MIL05,h,BRO,1,0,0,regular,y,y,
MLN195407182,whitc101,MLN,1,2,value,18,8,2,0,0,0,0,0,1,0,0,19540718,2,MIL05,h,PIT,0,1,0,regular,y,y,
MLN195408291,whitc101,MLN,1,2,value,2,1,0,0,0,0,0,0,0,0,0,19540829,1,MIL05,h,BRO,0,1,0,regular,y,y,
MLN195408292,whitc101,MLN,1,2,value,9,3,0,0,0,0,0,0,0,0,0,19540829,2,MIL05,h,BRO,0,1,0,regular,y,y,
PHI195504290,whitc101,MLN,1,2,value,3,0,0,0,0,0,0,2,0,0,0,19550429,0,PHI11,v,PHI,0,1,0,regular,y,y,
PIT195505040,whitc101,MLN,1,2,value,24,2,0,0,0,0,0,0,0,0,1,19550504,0,PIT06,v,PIT,0,1,0,regular,y,y,
PIT195505050,whitc101,MLN,1,2,value,24,4,0,0,0,0,1,1,2,0,1,19550505,0,PIT06,v,PIT,0,1,0,regular,y,y,
SLN195505060,whitc101,MLN,1,2,value,24,8,0,0,0,0,0,1,0,0,1,19550506,0,STL07,v,SLN,1,0,0,regular,y,y,
SLN195505070,whitc101,MLN,1,2,value,24,6,0,0,0,0,0,0,0,0,1,19550507,0,STL07,v,SLN,1,0,0,regular,y,y,
MLN195505100,whitc101,MLN,1,2,value,27,3,0,0,0,0,0,1,0,0,1,19550510,0,MIL05,h,PIT,0,1,0,regular,y,d,
MLN195505210,whitc101,MLN,1,2,value,27,2,0,0,0,0,0,0,0,0,1,19550521,0,MIL05,h,CHN,0,1,0,regular,y,y,
MLN195505220,whitc101,MLN,1,2,value,27,7,1,0,0,0,0,0,1,0,1,19550522,0,MIL05,h,CHN,1,0,0,regular,y,d,
MLN195505250,whitc101,MLN,1,2,value,27,3,0,0,0,0,0,1,1,0,1,19550525,0,MIL05,h,CIN,0,1,0,regular,y,y,
MLN195505260,whitc101,MLN,1,2,value,18,3,1,0,0,0,0,0,0,1,1,19550526,0,MIL05,h,CIN,0,1,0,regular,y,y,
