gid,id,team,p_seq,stattype,p_ipouts,p_noout,p_bfp,p_h,p_d,p_t,p_hr,p_r,p_er,p_w,p_iw,p_k,p_hbp,p_wp,p_bk,p_sh,p_sf,p_sb,p_cs,p_pb,wp,lp,save,p_gs,p_gf,p_cg,date,number,site,vishome,opp,win,loss,tie,gametype,box,pbp
HOM193907270,missj102,PH5,1,value,16,0,28,7,0,0,1,5,5,5,0,2,0,0,0,0,0,0,0,0,,,,1,,,19390727,0,WAR03,v,HOM,1,0,0,exhibition,y,d
HOM193907270,mcheh101,PH5,2,value,14,0,16,1,0,0,0,1,1,1,0,3,1,0,0,0,1,0,0,0,1,,,,1,,19390727,0,WAR03,v,HOM,1,0,0,exhibition,y,d
HOM193907270,robes104,HOM,1,value,24,0,37,8,1,1,0,6,6,5,1,2,1,0,0,1,0,0,0,0,,,,1,,,19390727,0,WAR03,h,PH5,0,1,0,exhibition,y,d
HOM193907270,walke103,HOM,2,value,6,0,11,4,2,0,0,1,1,0,0,2,0,0,0,1,0,0,0,0,,1,,,1,,19390727,0,WAR03,h,PH5,0,1,0,exhibition,y,d
HOM193908240,gainj102,BLG,1,value,24,0,38,11,0,0,0,7,2,3,1,2,0,1,0,2,0,0,0,1,,1,,1,,1,19390824,0,WAR03,v,HOM,0,1,0,regular,y,d
HOM193908240,browr103,HOM,1,value,27,0,40,11,1,1,0,4,3,2,0,4,0,0,0,1,1,0,0,0,1,,,1,,1,19390824,0,WAR03,h,BLG,1,0,0,regular,y,d
HOM194006270,thoms105,PH5,1,value,24,,36,8,3,0,0,5,3,4,,1,1,1,0,0,,,,,,1,,1,,1,19400627,0,WAR03,v,HOM,0,1,0,regular,y,
HOM194006270,walke103,HOM,1,value,18,,24,2,0,0,0,0,0,4,0,3,0,1,0,1,0,,,,1,,,1,,,19400627,0,WAR03,h,PH5,1,0,0,regular,y,
HOM194006270,hamij104,HOM,2,value,9,,15,4,0,2,0,3,,0,0,1,0,0,0,0,0,,,,,,,,1,,19400627,0,WAR03,h,PH5,1,0,0,regular,y,
