gid,id,team,p_seq,stattype,p_ipouts,p_noout,p_bfp,p_h,p_d,p_t,p_hr,p_r,p_er,p_w,p_iw,p_k,p_hbp,p_wp,p_bk,p_sh,p_sf,p_sb,p_cs,p_pb,wp,lp,save,p_gs,p_gf,p_cg,date,number,site,vishome,opp,win,loss,tie,gametype,box,pbp
PH5193605140,stroj103,HOM,,value,21,,33,11,1,1,0,4,,1,,4,0,,,0,,,,,1,,,1,,1,19360514,0,WIL08,v,PH5,1,0,0,exhibition,y,
PH5193605140,smitu102,PH5,,value,12,,25,11,0,,2,7,,2,,1,0,,,0,,,,,,1,,1,,,19360514,0,WIL08,h,HOM,0,1,0,exhibition,y,
PH5193605140,jones107,PH5,,value,9,,16,6,0,,1,4,,1,,2,0,,,0,,,,,,,,,1,,19360514,0,WIL08,h,HOM,0,1,0,exhibition,y,
PH5193606180,kinch101,PTC,1,value,24,,,3,,,,6,,,,,,,,,,,,,1,,,1,,1,19360618,0,WIL08,v,PH5,1,0,0,exhibition,,
PH5193606180,thoms105,PH5,1,value,,,,,,,,,,,,,,,,,,,,,,1,,1,,,19360618,0,WIL08,h,PTC,0,1,0,exhibition,,
PH5193606180,ellir105,PH5,2,value,,,,,,,,,,,,,,,,,,,,,,,,,1,,19360618,0,WIL08,h,PTC,0,1,0,exhibition,,
BLG193907220,wilsf104,NW2,1,value,27,,36,15,3,0,2,5,,3,,,0,0,0,0,,,,,1,,,1,,1,19390722,0,WIL08,v,BLG,1,0,0,regular,y,
BLG193907220,glovt101,BLG,1,value,27,,36,10,2,0,1,8,,3,,,0,0,0,2,,,,,,1,,1,,1,19390722,0,WIL08,h,NW2,0,1,0,regular,y,
NW2193907240,kimbh102,BLG,1,value,,,,,,,,,,,,,,,,,,,,,,1,,1,,,19390724,0,WIL08,v,NW2,0,1,0,exhibition,,
NW2193907240,glovt101,BLG,2,value,,,,,,,,,,,,,,,,,,,,,,,,,1,,19390724,0,WIL08,v,NW2,0,1,0,exhibition,,
NW2193907240,evanf101,NW2,1,value,21,,,6,,,,3,,,,,,,,,,,,,1,,,1,,1,19390724,0,WIL08,h,BLG,1,0,0,exhibition,,
