gid,id,team,d_seq,d_pos,stattype,d_ifouts,d_po,d_a,d_e,d_dp,d_tp,d_pb,d_wp,d_sb,d_cs,d_gs,date,number,site,vishome,opp,win,loss,tie,gametype,box,pbp,eject
NYL192007111,mongs101,NYL,1,5,value,27,,,1,,0,0,,,,,19200711,1,NYC15,h,ACY,0,1,0,exhibition,,,
ACY192008291,mongs101,NYL,1,5,value,24,1,1,0,0,0,,,,,1,19200829,1,NYC15,v,ACY,0,1,0,exhibition,y,,
ACY192008292,mongs101,NYL,1,5,value,24,2,2,0,1,0,,,,,1,19200829,2,NYC15,v,ACY,0,1,0,exhibition,y,,
SLG192106290,mongs101,SLG,1,5,value,27,0,1,0,0,0,,,,,1,19210629,0,STL11,h,CB1,1,0,0,regular,y,y,
CAG192107101,mongs101,SLG,1,5,value,24,1,1,0,0,0,,,,,1,19210710,1,CHI09,v,CAG,0,1,0,regular,y,y,
CAG192107102,mongs101,SLG,1,5,value,18,0,1,0,0,0,,,,,1,19210710,2,CHI09,v,CAG,0,1,0,regular,y,y,
