gid,id,team,d_seq,d_pos,stattype,d_ifouts,d_po,d_a,d_e,d_dp,d_tp,d_pb,d_wp,d_sb,d_cs,d_gs,date,number,site,vishome,opp,win,loss,tie,gametype,box,pbp,eject
WS1192309150,white102,DET,1,1,value,6,0,1,0,0,0,,,,,0,19230915,0,WAS09,v,WS1,0,1,0,regular,y,y,
PHA192309182,white102,DET,1,1,value,3,0,0,0,0,0,,,,,0,19230918,2,PHI11,v,PHA,0,1,0,regular,y,d,
PHA192309192,white102,DET,1,1,value,6,1,0,0,0,0,,,,,0,19230919,2,PHI11,v,PHA,0,1,0,regular,y,d,
BOS192309222,white102,DET,1,1,value,3,0,0,0,0,0,,,,,0,19230922,2,BOS07,v,BOS,0,1,0,regular,y,y,
NYA192309250,white102,DET,1,1,value,18,0,3,0,0,0,,,,,1,19230925,0,NYC16,v,NYA,1,0,0,regular,y,y,
DET192309290,white102,DET,1,1,value,27,0,0,0,0,0,,,,,0,19230929,0,DET04,h,CLE,1,0,0,regular,y,y,
CHA192310030,white102,DET,1,1,value,27,0,1,2,0,0,,,,,1,19231003,0,CHI10,v,CHA,1,0,0,regular,y,y,
DET192310070,white102,DET,1,1,value,9,0,2,0,0,0,,,,,1,19231007,0,DET04,h,SLA,1,0,0,regular,y,d,
DET192404160,white102,DET,1,1,value,27,1,2,0,0,0,,,,,1,19240416,0,DET04,h,CLE,1,0,0,regular,y,y,
DET192404220,white102,DET,1,1,value,27,0,1,0,0,0,,,,,1,19240422,0,DET04,h,SLA,1,0,0,regular,y,y,
DET192404260,white102,DET,1,1,value,9,0,1,1,0,0,,,,,1,19240426,0,DET04,h,CHA,1,0,0,regular,y,y,
SLA192405010,white102,DET,1,1,value,7,0,0,0,0,0,,,,,1,19240501,0,STL07,v,SLA,0,1,0,regular,y,y,
SLA192405030,white102,DET,1,1,value,7,0,4,0,0,0,,,,,0,19240503,0,STL07,v,SLA,0,1,0,regular,y,y,
DET192405290,white102,DET,1,1,value,13,0,2,0,0,0,,,,,1,19240529,0,DET04,h,SLA,1,0,0,regular,y,y,
CLE192406010,white102,DET,1,1,value,27,1,3,0,0,0,,,,,1,19240601,0,CLE06,v,CLE,1,0,0,regular,y,y,
DET192406060,white102,DET,1,1,value,24,1,0,0,0,0,,,,,1,19240606,0,DET04,h,WS1,0,1,0,regular,y,y,
DET192406110,white102,DET,1,1,value,27,0,1,0,1,0,,,,,1,19240611,0,DET04,h,NYA,1,0,0,regular,y,y,
DET192406150,white102,DET,1,1,value,27,0,2,0,0,0,,,,,1,19240615,0,DET04,h,BOS,1,0,0,regular,y,y,
DET192406191,white102,DET,1,1,value,13,2,1,0,0,0,,,,,1,19240619,1,DET04,h,CLE,0,1,0,regular,y,y,
DET192406200,white102,DET,1,1,value,0,0,0,0,0,0,,,,,0,19240620,0,DET04,h,CLE,0,1,0,regular,y,y,
SLA192406241,white102,DET,1,1,value,21,0,1,0,0,0,,,,,1,19240624,1,STL07,v,SLA,0,1,0,regular,y,y,
CLE192406270,white102,DET,1,1,value,27,0,3,0,0,0,,,,,1,19240627,0,CLE06,v,CLE,1,0,0,regular,y,y,
DET192407020,white102,DET,1,1,value,27,0,3,0,1,0,,,,,1,19240702,0,DET04,h,CHA,1,0,0,regular,y,y,
DET192407050,white102,DET,1,1,value,27,1,3,0,0,0,,,,,1,19240705,0,DET04,h,SLA,1,0,0,regular,y,y,
WS1192407102,white102,DET,1,1,value,15,0,2,0,0,0,,,,,1,19240710,2,WAS09,v,WS1,0,0,1,regular,y,y,
BOS192407161,white102,DET,1,1,value,27,0,1,0,0,0,,,,,1,19240716,1,BOS07,v,BOS,1,0,0,regular,y,y,
NYA192407210,white102,DET,1,1,value,27,0,2,0,0,0,,,,,1,19240721,0,NYC16,v,NYA,1,0,0,regular,y,y,
NYA192407240,white102,DET,1,1,value,19,0,0,0,0,0,,,,,1,19240724,0,NYC16,v,NYA,1,0,0,regular,y,y,
DET192407300,white102,DET,1,1,value,27,0,0,0,0,0,,,,,1,19240730,0,DET04,h,WS1,0,1,0,regular,y,y,
DET192408030,white102,DET,1,1,value,27,1,4,0,0,0,,,,,1,19240803,0,DET04,h,NYA,1,0,0,regular,y,y,
DET192408060,white102,DET,1,1,value,15,0,1,0,0,0,,,,,1,19240806,0,DET04,h,NYA,1,0,0,regular,y,y,
DET192408100,white102,DET,1,1,value,12,0,2,1,0,0,,,,,1,19240810,0,DET04,h,BOS,1,0,0,regular,y,y,
WS1192408160,white102,DET,1,1,value,27,0,0,0,0,0,,,,,1,19240816,0,WAS09,v,WS1,1,0,0,regular,y,y,
WS1192408192,white102,DET,1,1,value,12,1,2,1,0,0,,,,,0,19240819,2,WAS09,v,WS1,0,1,0,regular,y,y,
NYA192408230,white102,DET,1,1,value,18,0,1,0,0,0,,,,,1,19240823,0,NYC16,v,NYA,0,1,0,regular,y,y,
SLA192408291,white102,DET,1,1,value,24,1,3,0,1,0,,,,,1,19240829,1,STL07,v,SLA,0,1,0,regular,y,y,
CHA192409011,white102,DET,1,1,value,15,1,1,0,0,0,,,,,1,19240901,1,CHI10,v,CHA,1,0,0,regular,y,y,
CHA192409032,white102,DET,1,1,value,18,0,0,0,0,0,,,,,1,19240903,2,CHI10,v,CHA,1,0,0,regular,y,y,
DET192409070,white102,DET,1,1,value,13,0,1,0,0,0,,,,,1,19240907,0,DET04,h,CLE,1,0,0,regular,y,y,
DET192409130,white102,DET,1,1,value,24,1,5,0,0,0,,,,,1,19240913,0,DET04,h,WS1,0,1,0,regular,y,y,
DET192409170,white102,DET,1,1,value,26,0,0,0,0,0,,,,,1,19240917,0,DET04,h,PHA,0,1,0,regular,y,d,
DET192409210,white102,DET,1,1,value,22,2,1,0,0,0,,,,,1,19240921,0,DET04,h,NYA,1,0,0,regular,y,d,
CHA192409270,white102,DET,1,1,value,21,0,0,1,0,0,,,,,1,19240927,0,CHI10,v,CHA,1,0,0,regular,y,y,
DET192504150,white102,DET,1,1,value,12,0,1,0,0,0,,,,,1,19250415,0,DET04,h,CHA,0,1,0,regular,y,y,
DET192504210,white102,DET,1,1,value,22,0,2,0,0,0,,,,,1,19250421,0,DET04,h,CLE,1,0,0,regular,y,y,
CHA192504250,white102,DET,1,1,value,24,0,3,0,0,0,,,,,1,19250425,0,CHI10,v,CHA,0,1,0,regular,y,y,
DET192504290,white102,DET,1,1,value,15,0,0,1,0,0,,,,,1,19250429,0,DET04,h,SLA,1,0,0,regular,y,y,
CLE192505030,white102,DET,1,1,value,13,1,1,0,0,0,,,,,1,19250503,0,CLE06,v,CLE,0,0,1,regular,y,y,
SLA192505070,white102,DET,1,1,value,21,0,0,0,0,0,,,,,1,19250507,0,STL07,v,SLA,0,1,0,regular,y,y,
DET192505160,white102,DET,1,1,value,9,0,1,0,0,0,,,,,1,19250516,0,DET04,h,NYA,0,1,0,regular,y,y,
DET192505230,white102,DET,1,1,value,27,0,1,0,0,0,,,,,1,19250523,0,DET04,h,WS1,1,0,0,regular,y,y,
CHA192505280,white102,DET,1,1,value,24,1,3,0,0,0,,,,,1,19250528,0,CHI10,v,CHA,1,0,0,regular,y,y,
DET192506010,white102,DET,1,1,value,16,1,2,1,0,0,,,,,1,19250601,0,DET04,h,CHA,1,0,0,regular,y,y,
PHA192506060,white102,DET,1,1,value,25,0,1,0,0,0,,,,,1,19250606,0,PHI11,v,PHA,1,0,0,regular,y,y,
WS1192506110,white102,DET,1,1,value,27,1,3,0,0,0,,,,,1,19250611,0,WAS09,v,WS1,1,0,0,regular,y,d,
NYA192506160,white102,DET,1,1,value,27,0,2,0,0,0,,,,,1,19250616,0,NYC16,v,NYA,1,0,0,regular,y,y,
BOS192506220,white102,DET,1,1,value,27,1,1,0,0,0,,,,,1,19250622,0,BOS07,v,BOS,1,0,0,regular,y,y,
DET192506260,white102,DET,1,1,value,27,0,3,0,0,0,,,,,1,19250626,0,DET04,h,SLA,1,0,0,regular,y,y,
CLE192506300,white102,DET,1,1,value,16,0,1,1,0,0,,,,,1,19250630,0,CLE06,v,CLE,0,1,0,regular,y,y,
SLA192507050,white102,DET,1,1,value,21,0,2,0,0,0,,,,,1,19250705,0,STL07,v,SLA,0,1,0,regular,y,y,
DET192507160,white102,DET,1,1,value,24,0,2,0,0,0,,,,,1,19250716,0,DET04,h,WS1,0,1,0,regular,y,d,
DET192507210,white102,DET,1,1,value,15,0,1,0,0,0,,,,,1,19250721,0,DET04,h,NYA,0,1,0,regular,y,y,
DET192507250,white102,DET,1,1,value,27,1,2,0,1,0,,,,,1,19250725,0,DET04,h,CHA,0,1,0,regular,y,y,
PHA192507300,white102,DET,1,1,value,6,0,0,0,0,0,,,,,1,19250730,0,PHI11,v,PHA,0,1,0,regular,y,y,
WS1192508040,white102,DET,1,1,value,24,1,3,1,0,0,,,,,1,19250804,0,WAS09,v,WS1,0,1,0,regular,y,y,
NYA192508081,white102,DET,1,1,value,27,1,0,0,0,0,,,,,1,19250808,1,NYC16,v,NYA,1,0,0,regular,y,y,
CHA192508150,white102,DET,1,1,value,22,1,2,0,0,0,,,,,1,19250815,0,CHI10,v,CHA,0,1,0,regular,y,y,
DET192508210,white102,DET,1,1,value,33,0,3,0,0,0,,,,,1,19250821,0,DET04,h,WS1,1,0,0,regular,y,y,
DET192508260,white102,DET,1,1,value,27,2,1,0,0,0,,,,,1,19250826,0,DET04,h,BOS,1,0,0,regular,y,d,
DET192508300,white102,DET,1,1,value,3,0,0,0,0,0,,,,,0,19250830,0,DET04,h,PHA,1,0,0,regular,y,y,
CLE192509030,white102,DET,1,1,value,8,0,0,0,0,0,,,,,1,19250903,0,CLE06,v,CLE,1,0,0,regular,y,y,
DET192509072,white102,DET,1,1,value,21,1,2,0,1,0,,,,,1,19250907,2,DET04,h,SLA,0,1,0,regular,y,d,
DET192509110,white102,DET,1,1,value,5,0,0,0,0,0,,,,,0,19250911,0,DET04,h,CLE,1,0,0,regular,y,y,
DET192509121,white102,DET,1,1,value,39,0,1,0,0,0,,,,,1,19250912,1,DET04,h,CLE,0,1,0,regular,y,y,
WS1192509172,white102,DET,1,1,value,15,0,1,0,0,0,,,,,1,19250917,2,WAS09,v,WS1,0,1,0,regular,y,d,
BOS192509221,white102,DET,1,1,value,27,0,3,1,0,0,,,,,1,19250922,1,BOS07,v,BOS,1,0,0,regular,y,d,
NYA192509271,white102,DET,1,1,value,27,1,2,0,0,0,,,,,1,19250927,1,NYC16,v,NYA,1,0,0,regular,y,y,
SLA192510010,white102,DET,1,1,value,15,0,2,0,0,0,,,,,1,19251001,0,STL07,v,SLA,0,1,0,regular,y,y,
DET192604130,white102,DET,1,1,value,24,0,1,0,0,0,,,,,1,19260413,0,DET04,h,CLE,0,1,0,regular,y,y,
DET192604180,white102,DET,1,1,value,17,0,0,0,0,0,,,,,1,19260418,0,DET04,h,SLA,1,0,0,regular,y,y,
CLE192604240,white102,DET,1,1,value,32,0,1,0,0,0,,,,,1,19260424,0,CLE06,v,CLE,0,1,0,regular,y,y,
SLA192604290,white102,DET,1,1,value,24,1,4,0,0,0,,,,,1,19260429,0,STL07,v,SLA,0,1,0,regular,y,y,
CHA192605030,white102,DET,1,1,value,27,1,3,0,0,0,,,,,1,19260503,0,CHI10,v,CHA,1,0,0,regular,y,y,
NYA192605080,white102,DET,1,1,value,27,0,2,0,0,0,,,,,1,19260508,0,NYC16,v,NYA,1,0,0,regular,y,y,
BOS192605140,white102,DET,1,1,value,27,0,0,0,0,0,,,,,1,19260514,0,BOS07,v,BOS,1,0,0,regular,y,y,
PHA192605180,white102,DET,1,1,value,21,0,3,0,0,0,,,,,1,19260518,0,PHI11,v,PHA,1,0,0,regular,y,y,
WS1192605220,white102,DET,1,1,value,8,0,2,0,0,0,,,,,1,19260522,0,WAS09,v,WS1,0,0,1,regular,y,y,
CLE192605260,white102,DET,1,1,value,22,0,2,0,0,0,,,,,1,19260526,0,CLE06,v,CLE,1,0,0,regular,y,y,
SLA192605311,white102,DET,1,1,value,27,1,0,0,0,0,,,,,1,19260531,1,STL07,v,SLA,1,0,0,regular,y,y,
CLE192606040,white102,DET,1,1,value,18,0,0,0,0,0,,,,,1,19260604,0,CLE06,v,CLE,0,1,0,regular,y,y,
DET192606090,white102,DET,1,1,value,27,2,0,0,0,0,,,,,1,19260609,0,DET04,h,NYA,0,1,0,regular,y,y,
DET192606140,white102,DET,1,1,value,21,0,0,0,0,0,,,,,1,19260614,0,DET04,h,BOS,1,0,0,regular,y,y,
DET192606180,white102,DET,1,1,value,16,0,1,0,0,0,,,,,1,19260618,0,DET04,h,PHA,0,1,0,regular,y,y,
DET192606220,white102,DET,1,1,value,21,0,1,0,0,0,,,,,1,19260622,0,DET04,h,SLA,1,0,0,regular,y,y,
DET192606270,white102,DET,1,1,value,9,0,2,0,0,0,,,,,1,19260627,0,DET04,h,CLE,1,0,0,regular,y,y,
SLA192606290,white102,DET,1,1,value,2,0,0,0,0,0,,,,,1,19260629,0,STL07,v,SLA,0,1,0,regular,y,y,
DET192607052,white102,DET,1,1,value,16,0,1,0,0,0,,,,,1,19260705,2,DET04,h,SLA,0,1,0,regular,y,y,
BOS192607102,white102,DET,1,1,value,15,0,0,0,0,0,,,,,0,19260710,2,BOS07,v,BOS,1,0,0,regular,y,d,
NYA192607140,white102,DET,1,1,value,26,1,1,1,0,0,,,,,1,19260714,0,NYC16,v,NYA,0,1,0,regular,y,y,
PHA192607190,white102,DET,1,1,value,27,1,2,0,0,0,,,,,1,19260719,0,PHI11,v,PHA,1,0,0,regular,y,y,
WS1192607240,white102,DET,1,1,value,27,0,1,0,0,0,,,,,1,19260724,0,WAS09,v,WS1,1,0,0,regular,y,y,
DET192607300,white102,DET,1,1,value,21,0,1,0,0,0,,,,,1,19260730,0,DET04,h,BOS,0,1,0,regular,y,d,
DET192608041,white102,DET,1,1,value,23,1,1,1,0,0,,,,,1,19260804,1,DET04,h,WS1,1,0,0,regular,y,y,
DET192608080,white102,DET,1,1,value,27,2,0,0,0,0,,,,,1,19260808,0,DET04,h,NYA,1,0,0,regular,y,y,
CHA192608140,white102,DET,1,1,value,27,0,2,0,0,0,,,,,1,19260814,0,CHI10,v,CHA,1,0,0,regular,y,y,
PHA192608201,white102,DET,1,1,value,27,0,4,0,0,0,,,,,1,19260820,1,PHI11,v,PHA,1,0,0,regular,y,y,
NYA192608270,white102,DET,1,1,value,21,0,3,0,0,0,,,,,1,19260827,0,NYC16,v,NYA,0,1,0,regular,y,y,
DET192608311,white102,DET,1,1,value,18,0,1,0,0,0,,,,,1,19260831,1,DET04,h,CHA,0,1,0,regular,y,y,
CLE192609030,white102,DET,1,1,value,19,0,1,0,0,0,,,,,1,19260903,0,CLE06,v,CLE,0,1,0,regular,y,y,
DET192609080,white102,DET,1,1,value,27,0,6,0,1,0,,,,,1,19260908,0,DET04,h,CLE,1,0,0,regular,y,y,
DET192609131,white102,DET,1,1,value,23,0,1,0,0,0,,,,,1,19260913,1,DET04,h,NYA,1,0,0,regular,y,y,
DET192609170,white102,DET,1,1,value,19,0,2,0,1,0,,,,,1,19260917,0,DET04,h,WS1,0,1,0,regular,y,y,
DET192609190,white102,DET,1,1,value,3,0,1,0,0,0,,,,,0,19260919,0,DET04,h,WS1,1,0,0,regular,y,y,
DET192609220,white102,DET,1,1,value,21,0,2,0,0,0,,,,,1,19260922,0,DET04,h,PHA,0,1,0,regular,y,d,
SLA192704150,white102,DET,1,1,value,15,0,1,0,0,0,,,,,1,19270415,0,STL07,v,SLA,0,0,1,regular,y,y,
DET192704200,white102,DET,1,1,value,27,0,6,0,0,0,,,,,1,19270420,0,DET04,h,SLA,1,0,0,regular,y,y,
CHA192704260,white102,DET,1,1,value,9,0,1,0,0,0,,,,,1,19270426,0,CHI10,v,CHA,0,1,0,regular,y,y,
DET192704280,white102,DET,1,1,value,6,0,0,0,0,0,,,,,0,19270428,0,DET04,h,CLE,1,0,0,regular,y,y,
DET192705010,white102,DET,1,1,value,27,1,1,0,0,0,,,,,1,19270501,0,DET04,h,CLE,1,0,0,regular,y,y,
DET192705050,white102,DET,1,1,value,27,0,0,0,0,0,,,,,1,19270505,0,DET04,h,CHA,1,0,0,regular,y,y,
DET192705100,white102,DET,1,1,value,24,0,1,0,0,0,,,,,1,19270510,0,DET04,h,PHA,0,1,0,regular,y,y,
DET192705180,white102,DET,1,1,value,27,1,1,2,0,0,,,,,1,19270518,0,DET04,h,WS1,1,0,0,regular,y,d,
DET192705220,white102,DET,1,1,value,13,0,1,0,0,0,,,,,1,19270522,0,DET04,h,WS1,0,0,1,regular,y,y,
CLE192705232,white102,DET,1,1,value,2,0,0,0,0,0,,,,,0,19270523,2,CLE06,v,CLE,1,0,0,regular,y,y,
DET192705260,white102,DET,1,1,value,12,0,0,0,0,0,,,,,0,19270526,0,DET04,h,CHA,0,1,0,regular,y,y,
DET192705290,white102,DET,1,1,value,6,0,1,1,1,0,,,,,1,19270529,0,DET04,h,CHA,0,1,0,regular,y,d,
DET192705301,white102,DET,1,1,value,3,0,0,0,0,0,,,,,0,19270530,1,DET04,h,CLE,0,1,0,regular,y,y,
NYA192706050,white102,DET,1,1,value,24,0,5,0,1,0,,,,,1,19270605,0,NYC16,v,NYA,0,1,0,regular,y,y,
PHA192706110,white102,DET,1,1,value,24,1,3,0,0,0,,,,,1,19270611,0,PHI11,v,PHA,1,0,0,regular,y,y,
WS1192706180,white102,DET,1,1,value,21,0,3,2,0,0,,,,,1,19270618,0,WAS09,v,WS1,0,1,0,regular,y,y,
CHA192706230,white102,DET,1,1,value,7,0,0,0,0,0,,,,,0,19270623,0,CHI10,v,CHA,1,0,0,regular,y,y,
CHA192706260,white102,DET,1,1,value,18,0,0,0,0,0,,,,,1,19270626,0,CHI10,v,CHA,0,1,0,regular,y,d,
CLE192707010,white102,DET,1,1,value,27,0,0,0,0,0,,,,,1,19270701,0,CLE06,v,CLE,1,0,0,regular,y,y,
SLA192707050,white102,DET,1,1,value,3,0,0,0,0,0,,,,,1,19270705,0,STL07,v,SLA,0,1,0,regular,y,y,
DET192707082,white102,DET,1,1,value,3,0,0,0,0,0,,,,,1,19270708,2,DET04,h,NYA,0,1,0,regular,y,y,
DET192707100,white102,DET,1,1,value,27,0,1,0,0,0,,,,,1,19270710,0,DET04,h,NYA,1,0,0,regular,y,y,
DET192707160,white102,DET,1,1,value,18,0,2,0,0,0,,,,,1,19270716,0,DET04,h,PHA,0,1,0,regular,y,y,
DET192707230,white102,DET,1,1,value,27,0,1,0,0,0,,,,,1,19270723,0,DET04,h,BOS,1,0,0,regular,y,y,
PHA192707270,white102,DET,1,1,value,27,0,0,1,0,0,,,,,1,19270727,0,PHI11,v,PHA,1,0,0,regular,y,y,
WS1192708020,white102,DET,1,1,value,20,1,1,0,0,0,,,,,1,19270802,0,WAS09,v,WS1,1,0,0,regular,y,y,
BOS192708060,white102,DET,1,1,value,24,0,0,0,0,0,,,,,1,19270806,0,BOS07,v,BOS,0,1,0,regular,y,d,
DET192708120,white102,DET,1,1,value,27,0,1,0,0,0,,,,,1,19270812,0,DET04,h,SLA,1,0,0,regular,y,y,
DET192708201,white102,DET,1,1,value,27,0,1,0,0,0,,,,,1,19270820,1,DET04,h,WS1,1,0,0,regular,y,y,
DET192708250,white102,DET,1,1,value,12,0,1,0,0,0,,,,,1,19270825,0,DET04,h,NYA,0,1,0,regular,y,y,
DET192708260,white102,DET,1,1,value,5,0,0,0,0,0,,,,,0,19270826,0,DET04,h,NYA,0,1,0,regular,y,y,
DET192708290,white102,DET,1,1,value,21,0,5,0,0,0,,,,,1,19270829,0,DET04,h,PHA,0,1,0,regular,y,y,
SLA192708311,white102,DET,1,1,value,3,0,0,0,0,0,,,,,0,19270831,1,STL07,v,SLA,0,1,0,regular,y,y,
SLA192708312,white102,DET,1,1,value,3,0,1,0,0,0,,,,,0,19270831,2,STL07,v,SLA,0,1,0,regular,y,y,
SLA192709010,white102,DET,1,1,value,6,0,1,0,0,0,,,,,0,19270901,0,STL07,v,SLA,1,0,0,regular,y,y,
SLA192709040,white102,DET,1,1,value,24,0,2,0,0,0,,,,,1,19270904,0,STL07,v,SLA,0,1,0,regular,y,d,
PHA192709090,white102,DET,1,1,value,27,1,2,0,0,0,,,,,1,19270909,0,PHI11,v,PHA,1,0,0,regular,y,y,
WS1192709140,white102,DET,1,1,value,21,0,2,1,0,0,,,,,1,19270914,0,WAS09,v,WS1,0,1,0,regular,y,y,
WS1192709150,white102,DET,1,1,value,9,0,0,0,0,0,,,,,0,19270915,0,WAS09,v,WS1,1,0,0,regular,y,d,
BOS192709201,white102,DET,1,1,value,27,0,3,0,1,0,,,,,1,19270920,1,BOS07,v,BOS,1,0,0,regular,y,y,
NYA192709250,white102,DET,1,1,value,27,0,1,0,0,0,,,,,1,19270925,0,NYC16,v,NYA,1,0,0,regular,y,y,
DET192804120,white102,DET,1,1,value,18,0,0,0,0,0,,,,,1,19280412,0,DET04,h,SLA,0,1,0,regular,y,y,
DET192804160,white102,DET,1,1,value,24,0,2,0,0,0,,,,,1,19280416,0,DET04,h,CLE,0,1,0,regular,y,y,
SLA192804200,white102,DET,1,1,value,27,0,0,0,0,0,,,,,1,19280420,0,STL07,v,SLA,1,0,0,regular,y,y,
DET192804250,white102,DET,1,1,value,27,1,2,0,0,0,,,,,1,19280425,0,DET04,h,CHA,1,0,0,regular,y,y,
CHA192804300,white102,DET,1,1,value,9,0,1,0,0,0,,,,,1,19280430,0,CHI10,v,CHA,0,1,0,regular,y,y,
PHA192805040,white102,DET,1,1,value,9,0,1,1,0,0,,,,,1,19280504,0,PHI11,v,PHA,0,1,0,regular,y,y,
WS1192805100,white102,DET,1,1,value,7,0,0,0,0,0,,,,,1,19280510,0,WAS09,v,WS1,1,0,0,regular,y,y,
NYA192805150,white102,DET,1,1,value,15,0,1,0,0,0,,,,,1,19280515,0,NYC16,v,NYA,0,1,0,regular,y,y,
CHA192805240,white102,DET,1,1,value,24,1,3,0,0,0,,,,,1,19280524,0,CHI10,v,CHA,1,0,0,regular,y,y,
CLE192805301,white102,DET,1,1,value,27,0,3,0,0,0,,,,,1,19280530,1,CLE06,v,CLE,1,0,0,regular,y,y,
DET192806030,white102,DET,1,1,value,20,1,0,0,0,0,,,,,1,19280603,0,DET04,h,NYA,0,1,0,regular,y,d,
DET192806092,white102,DET,1,1,value,27,1,0,0,0,0,,,,,1,19280609,2,DET04,h,BOS,1,0,0,regular,y,d,
DET192806140,white102,DET,1,1,value,9,1,0,0,0,0,,,,,1,19280614,0,DET04,h,WS1,0,1,0,regular,y,y,
SLA192806212,white102,DET,1,1,value,13,1,2,0,0,0,,,,,1,19280621,2,STL07,v,SLA,0,1,0,regular,y,y,
DET192806250,white102,DET,1,1,value,12,0,1,0,0,0,,,,,1,19280625,0,DET04,h,CHA,0,1,0,regular,y,y,
DET192807020,white102,DET,1,1,value,27,1,0,0,0,0,,,,,1,19280702,0,DET04,h,CLE,1,0,0,regular,y,y,
BOS192807091,white102,DET,1,1,value,24,2,5,0,1,0,,,,,1,19280709,1,BOS07,v,BOS,0,1,0,regular,y,y,
PHA192807162,white102,DET,1,1,value,9,0,0,0,0,0,,,,,1,19280716,2,PHI11,v,PHA,1,0,0,regular,y,y,
WS1192807210,white102,DET,1,1,value,12,0,1,0,0,0,,,,,1,19280721,0,WAS09,v,WS1,0,1,0,regular,y,y,
DET192807262,white102,DET,1,1,value,17,0,1,0,0,0,,,,,1,19280726,2,DET04,h,NYA,1,0,0,regular,y,y,
DET192807282,white102,DET,1,1,value,6,0,0,0,0,0,,,,,0,19280728,2,DET04,h,BOS,1,0,0,regular,y,y,
DET192808010,white102,DET,1,1,value,27,0,1,0,0,0,,,,,1,19280801,0,DET04,h,WS1,1,0,0,regular,y,y,
DET192808060,white102,DET,1,1,value,19,0,0,0,0,0,,,,,1,19280806,0,DET04,h,PHA,1,0,0,regular,y,y,
CLE192808120,white102,DET,1,1,value,26,0,2,0,0,0,,,,,1,19280812,0,CLE06,v,CLE,0,1,0,regular,y,d,
WS1192808170,white102,DET,1,1,value,24,0,1,0,0,0,,,,,1,19280817,0,WAS09,v,WS1,0,1,0,regular,y,y,
BOS192808222,white102,DET,1,1,value,27,3,3,0,1,0,,,,,1,19280822,2,BOS07,v,BOS,1,0,0,regular,y,d,
NYA192808271,white102,DET,1,1,value,24,0,3,0,0,0,,,,,1,19280827,1,NYC16,v,NYA,0,1,0,regular,y,y,
SLA192808310,white102,DET,1,1,value,19,1,1,0,1,0,,,,,1,19280831,0,STL07,v,SLA,0,1,0,regular,y,y,y
DET192809080,white102,DET,1,1,value,27,1,2,0,0,0,,,,,1,19280908,0,DET04,h,SLA,1,0,0,regular,y,y,
DET192809150,white102,DET,1,1,value,11,0,2,0,0,0,,,,,1,19280915,0,DET04,h,WS1,0,1,0,regular,y,d,
DET192809200,white102,DET,1,1,value,21,3,1,0,0,0,,,,,1,19280920,0,DET04,h,PHA,0,1,0,regular,y,y,
CLE192904160,white102,DET,1,1,value,32,0,1,0,0,0,,,,,1,19290416,0,CLE06,v,CLE,0,1,0,regular,y,y,
SLA192904210,white102,DET,1,1,value,27,1,2,0,0,0,,,,,1,19290421,0,STL07,v,SLA,1,0,0,regular,y,y,
DET192904260,white102,DET,1,1,value,18,0,1,0,0,0,,,,,1,19290426,0,DET04,h,CLE,0,1,0,regular,y,y,
DET192905070,white102,DET,1,1,value,27,1,1,0,0,0,,,,,1,19290507,0,DET04,h,WS1,1,0,0,regular,y,y,
DET192905120,white102,DET,1,1,value,26,0,3,0,0,0,,,,,1,19290512,0,DET04,h,NYA,1,0,0,regular,y,y,
DET192905170,white102,DET,1,1,value,27,2,1,0,0,0,,,,,1,19290517,0,DET04,h,CHA,0,1,0,regular,y,y,
DET192905220,white102,DET,1,1,value,16,0,0,1,0,0,,,,,1,19290522,0,DET04,h,CLE,0,1,0,regular,y,y,
CHA192905272,white102,DET,1,1,value,22,2,2,0,0,0,,,,,1,19290527,2,CHI10,v,CHA,0,1,0,regular,y,d,
PHA192906010,white102,DET,1,1,value,24,0,2,0,0,0,,,,,1,19290601,0,PHI11,v,PHA,0,1,0,regular,y,y,
WS1192906060,white102,DET,1,1,value,19,1,3,0,0,0,,,,,1,19290606,0,WAS09,v,WS1,1,0,0,regular,y,y,
WS1192906070,white102,DET,1,1,value,3,0,0,0,0,0,,,,,0,19290607,0,WAS09,v,WS1,1,0,0,regular,y,d,
NYA192906130,white102,DET,1,1,value,18,0,2,0,0,0,,,,,1,19290613,0,NYC16,v,NYA,0,1,0,regular,y,y,
NYA192906160,white102,DET,1,1,value,7,0,2,0,0,0,,,,,0,19290616,0,NYC16,v,NYA,0,1,0,regular,y,y,
DET192906290,white102,DET,1,1,value,6,0,1,0,0,0,,,,,0,19290629,0,DET04,h,CLE,0,1,0,regular,y,y,
SLA192907020,white102,DET,1,1,value,27,0,2,0,0,0,,,,,1,19290702,0,STL07,v,SLA,1,0,0,regular,y,y,
DET192907070,white102,DET,1,1,value,27,1,1,0,0,0,,,,,1,19290707,0,DET04,h,WS1,1,0,0,regular,y,y,
DET192907120,white102,DET,1,1,value,18,0,0,0,0,0,,,,,1,19290712,0,DET04,h,BOS,1,0,0,regular,y,y,
DET192907170,white102,DET,1,1,value,18,0,0,0,0,0,,,,,1,19290717,0,DET04,h,NYA,1,0,0,regular,y,y,
NYA192907230,white102,DET,1,1,value,18,0,2,0,0,0,,,,,1,19290723,0,NYC16,v,NYA,0,1,0,regular,y,y,
PHA192907300,white102,DET,1,1,value,0,0,0,0,0,0,,,,,0,19290730,0,PHI11,v,PHA,0,1,0,regular,y,y,
WS1192908041,white102,DET,1,1,value,27,0,0,0,0,0,,,,,1,19290804,1,WAS09,v,WS1,1,0,0,regular,y,d,
CLE192908060,white102,DET,1,1,value,3,0,0,0,0,0,,,,,0,19290806,0,CLE06,v,CLE,0,1,0,regular,y,y,
CLE192908080,white102,DET,1,1,value,3,0,1,0,0,0,,,,,0,19290808,0,CLE06,v,CLE,1,0,0,regular,y,y,
DET192908100,white102,DET,1,1,value,24,2,0,0,0,0,,,,,1,19290810,0,DET04,h,PHA,0,1,0,regular,y,y,
DET192908110,white102,DET,1,1,value,6,0,0,0,0,0,,,,,0,19290811,0,DET04,h,PHA,1,0,0,regular,y,y,
DET192908150,white102,DET,1,1,value,27,1,1,0,0,0,,,,,1,19290815,0,DET04,h,NYA,1,0,0,regular,y,y,
DET192908191,white102,DET,1,1,value,27,0,1,0,0,0,,,,,1,19290819,1,DET04,h,BOS,0,1,0,regular,y,y,
DET192908230,white102,DET,1,1,value,27,2,3,0,0,0,,,,,1,19290823,0,DET04,h,WS1,0,1,0,regular,y,y,
DET192908250,white102,DET,1,1,value,13,0,2,0,0,0,,,,,0,19290825,0,DET04,h,WS1,1,0,0,regular,y,y,
SLA192908290,white102,DET,1,1,value,24,0,2,2,0,0,,,,,1,19290829,0,STL07,v,SLA,0,1,0,regular,y,y,
DET192909040,white102,DET,1,1,value,27,0,2,0,0,0,,,,,1,19290904,0,DET04,h,CLE,0,1,0,regular,y,y,
NYA192909101,white102,DET,1,1,value,27,1,2,0,0,0,,,,,1,19290910,1,NYC16,v,NYA,1,0,0,regular,y,y,
WS1192909151,white102,DET,1,1,value,27,0,1,0,0,0,,,,,1,19290915,1,WAS09,v,WS1,1,0,0,regular,y,d,
WS1192909160,white102,DET,1,1,value,0,0,0,0,0,0,,,,,0,19290916,0,WAS09,v,WS1,0,1,0,regular,y,d,
WS1192909181,white102,DET,1,1,value,24,0,1,1,0,0,,,,,1,19290918,1,WAS09,v,WS1,0,1,0,regular,y,y,
DET192909250,white102,DET,1,1,value,27,1,1,0,0,0,,,,,1,19290925,0,DET04,h,SLA,0,1,0,regular,y,y,
DET192909290,white102,DET,1,1,value,15,0,1,0,0,0,,,,,0,19290929,0,DET04,h,CHA,1,0,0,regular,y,y,
CHA192910050,white102,DET,1,1,value,27,0,5,0,0,0,,,,,1,19291005,0,CHI10,v,CHA,1,0,0,regular,y,y,
CAG192910140,white102,ALN,1,1,value,27,0,2,0,0,0,,,,,1,19291014,0,CHI09,v,CAG,1,0,0,exhibition,y,,
DET193004170,white102,DET,1,1,value,18,0,0,0,0,0,,,,,1,19300417,0,DET04,h,SLA,1,0,0,regular,y,y,
DET193004210,white102,DET,1,1,value,24,0,4,0,0,0,,,,,1,19300421,0,DET04,h,CLE,0,1,0,regular,y,y,
CLE193004260,white102,DET,1,1,value,1,0,0,1,0,0,,,,,1,19300426,0,CLE06,v,CLE,0,1,0,regular,y,y,
DET193004280,white102,DET,1,1,value,3,0,0,0,0,0,,,,,0,19300428,0,DET04,h,CHA,0,1,0,regular,y,y,
PHA193005020,white102,DET,1,1,value,15,0,1,0,0,0,,,,,1,19300502,0,PHI11,v,PHA,0,1,0,regular,y,y,
WS1193005070,white102,DET,1,1,value,27,1,1,0,1,0,,,,,1,19300507,0,WAS09,v,WS1,1,0,0,regular,y,y,
NYA193005120,white102,DET,1,1,value,21,1,2,0,0,0,,,,,1,19300512,0,NYC16,v,NYA,0,1,0,regular,y,y,
CHA193005210,white102,DET,1,1,value,22,0,3,0,0,0,,,,,1,19300521,0,CHI10,v,CHA,0,1,0,regular,y,y,
SLA193005280,white102,DET,1,1,value,24,0,5,0,0,0,,,,,1,19300528,0,STL07,v,SLA,0,1,0,regular,y,y,
DET193006030,white102,DET,1,1,value,5,0,0,0,0,0,,,,,1,19300603,0,DET04,h,WS1,0,1,0,regular,y,y,
DET193006040,white102,DET,1,1,value,6,0,0,0,0,0,,,,,0,19300604,0,DET04,h,WS1,0,1,0,regular,y,y,
DET193006130,white102,DET,1,1,value,15,0,1,0,0,0,,,,,1,19300613,0,DET04,h,NYA,0,1,0,regular,y,y,
BOS193006221,white102,DET,1,1,value,27,0,0,0,0,0,,,,,1,19300622,1,BOS08,v,BOS,1,0,0,regular,y,y,
WS1193006260,white102,DET,1,1,value,1,0,1,0,0,0,,,,,1,19300626,0,WAS09,v,WS1,0,1,0,regular,y,y,
PHA193007021,white102,DET,1,1,value,24,0,1,0,0,0,,,,,1,19300702,1,PHI11,v,PHA,1,0,0,regular,y,y,
CHA193007071,white102,DET,1,1,value,30,0,0,0,0,0,,,,,1,19300707,1,CHI10,v,CHA,1,0,0,regular,y,y,
DET193007121,white102,DET,1,1,value,27,0,1,0,0,0,,,,,1,19300712,1,DET04,h,WS1,1,0,0,regular,y,y,
DET193007160,white102,DET,1,1,value,24,0,0,0,0,0,,,,,1,19300716,0,DET04,h,BOS,1,0,0,regular,y,y,
DET193007210,white102,DET,1,1,value,27,0,0,0,0,0,,,,,1,19300721,0,DET04,h,PHA,1,0,0,regular,y,y,
DET193007260,white102,DET,1,1,value,27,2,1,0,0,0,,,,,1,19300726,0,DET04,h,NYA,1,0,0,regular,y,y,
CLE193007300,white102,DET,1,1,value,7,0,0,0,0,0,,,,,0,19300730,0,CLE06,v,CLE,1,0,0,regular,y,y,
DET193008010,white102,DET,1,1,value,27,0,0,0,0,0,,,,,1,19300801,0,DET04,h,CHA,1,0,0,regular,y,y,
DET193008050,white102,DET,1,1,value,27,1,2,0,0,0,,,,,1,19300805,0,DET04,h,CLE,1,0,0,regular,y,y,
BOS193008100,white102,DET,1,1,value,27,0,0,0,0,0,,,,,1,19300810,0,BOS08,v,BOS,1,0,0,regular,y,d,
NYA193008140,white102,DET,1,1,value,27,0,0,0,0,0,,,,,1,19300814,0,NYC16,v,NYA,1,0,0,regular,y,y,
WS1193008190,white102,DET,1,1,value,27,0,1,0,0,0,,,,,1,19300819,0,WAS09,v,WS1,1,0,0,regular,y,y,
DET193008240,white102,DET,1,1,value,24,0,1,0,0,0,,,,,1,19300824,0,DET04,h,SLA,0,1,0,regular,y,y,
SLA193008290,white102,DET,1,1,value,1,0,0,0,0,0,,,,,1,19300829,0,STL07,v,SLA,0,1,0,regular,y,y,
CHA193009012,white102,DET,1,1,value,27,0,1,0,0,0,,,,,1,19300901,2,CHI10,v,CHA,1,0,0,regular,y,y,
DET193009090,white102,DET,1,1,value,27,1,1,0,0,0,,,,,1,19300909,0,DET04,h,PHA,0,1,0,regular,y,y,
DET193009140,white102,DET,1,1,value,9,1,0,0,0,0,,,,,1,19300914,0,DET04,h,NYA,0,1,0,regular,y,y,
DET193009170,white102,DET,1,1,value,19,0,2,0,0,0,,,,,1,19300917,0,DET04,h,BOS,1,0,0,regular,y,y,
DET193009210,white102,DET,1,1,value,30,1,3,0,0,0,,,,,1,19300921,0,DET04,h,WS1,1,0,0,regular,y,d,
DET193009280,white102,DET,1,1,value,15,0,1,0,0,0,,,,,1,19300928,0,DET04,h,CHA,0,1,0,regular,y,y,
CAG193010030,white102,ALN,1,1,value,27,,,0,,0,0,,,,1,19301003,0,CHI09,v,CAG,0,1,0,exhibition,,,
CAG193010050,white102,ALN,1,1,value,15,0,3,0,1,0,,,,,1,19301005,0,CHI09,v,CAG,0,1,0,exhibition,y,,
SLA193104140,white102,DET,1,1,value,18,1,4,0,0,0,,,,,1,19310414,0,STL07,v,SLA,0,1,0,regular,y,y,
CLE193104190,white102,DET,1,1,value,27,0,3,0,0,0,,,,,1,19310419,0,CLE06,v,CLE,1,0,0,regular,y,y,
DET193104240,white102,DET,1,1,value,27,1,3,0,0,0,,,,,1,19310424,0,DET04,h,SLA,1,0,0,regular,y,y,
CHA193104290,white102,DET,1,1,value,24,0,4,0,1,0,,,,,1,19310429,0,CHI10,v,CHA,0,1,0,regular,y,y,
DET193105030,white102,DET,1,1,value,21,0,1,0,0,0,,,,,1,19310503,0,DET04,h,CLE,0,1,0,regular,y,y,
DET193105080,white102,DET,1,1,value,30,3,2,0,0,0,,,,,1,19310508,0,DET04,h,WS1,1,0,0,regular,y,y,
DET193105130,white102,DET,1,1,value,27,1,3,0,1,0,,,,,1,19310513,0,DET04,h,BOS,1,0,0,regular,y,y,
DET193105180,white102,DET,1,1,value,9,0,2,0,0,0,,,,,1,19310518,0,DET04,h,NYA,0,1,0,regular,y,y,
SLA193105232,white102,DET,1,1,value,24,2,6,0,1,0,,,,,1,19310523,2,STL07,v,SLA,0,1,0,regular,y,y,
CHA193105271,white102,DET,1,1,value,24,1,3,0,0,0,,,,,1,19310527,1,CHI10,v,CHA,0,1,0,regular,y,y,
WS1193106020,white102,DET,1,1,value,24,0,2,0,0,0,,,,,1,19310602,0,WAS09,v,WS1,0,1,0,regular,y,y,
PHA193106080,white102,DET,1,1,value,24,1,2,0,0,0,,,,,1,19310608,0,PHI11,v,PHA,0,1,0,regular,y,y,
NYA193106150,white102,DET,1,1,value,24,0,2,0,0,0,,,,,1,19310615,0,NYC16,v,NYA,1,0,0,regular,y,y,
DET193106210,white102,DET,1,1,value,18,1,1,0,0,0,,,,,1,19310621,0,DET04,h,BOS,0,1,0,regular,y,y,
DET193106240,white102,DET,1,1,value,27,0,3,0,0,0,,,,,1,19310624,0,DET04,h,WS1,1,0,0,regular,y,y,
DET193106290,white102,DET,1,1,value,27,0,2,0,0,0,,,,,1,19310629,0,DET04,h,PHA,1,0,0,regular,y,y,
CLE193107041,white102,DET,1,1,value,24,0,0,1,0,0,,,,,1,19310704,1,CLE06,v,CLE,0,1,0,regular,y,y,
DET193107090,white102,DET,1,1,value,27,0,0,0,0,0,,,,,1,19310709,0,DET04,h,SLA,1,0,0,regular,y,y,
PHA193107152,white102,DET,1,1,value,6,0,0,0,0,0,,,,,1,19310715,2,PHI11,v,PHA,0,1,0,regular,y,y,
WS1193107180,white102,DET,1,1,value,18,0,0,0,0,0,,,,,1,19310718,0,WAS09,v,WS1,0,1,0,regular,y,y,
NYA193107230,white102,DET,1,1,value,36,0,5,0,0,0,,,,,1,19310723,0,NYC16,v,NYA,0,1,0,regular,y,y,
BOS193107280,white102,DET,1,1,value,24,0,0,0,0,0,,,,,1,19310728,0,BOS07,v,BOS,0,1,0,regular,y,d,
DET193108030,white102,DET,1,1,value,27,1,3,0,0,0,,,,,1,19310803,0,DET04,h,CHA,1,0,0,regular,y,y,
CLE193108080,white102,DET,1,1,value,27,0,0,0,0,0,,,,,1,19310808,0,CLE06,v,CLE,1,0,0,regular,y,y,
DET193108130,white102,DET,1,1,value,24,1,4,0,1,0,,,,,1,19310813,0,DET04,h,PHA,0,1,0,regular,y,y,
DET193108180,white102,DET,1,1,value,27,0,0,0,0,0,,,,,1,19310818,0,DET04,h,NYA,1,0,0,regular,y,y,
DET193108230,white102,DET,1,1,value,8,0,1,0,0,0,,,,,1,19310823,0,DET04,h,WS1,0,1,0,regular,y,d,
DET193108260,white102,DET,1,1,value,27,0,2,1,0,0,,,,,1,19310826,0,DET04,h,WS1,1,0,0,regular,y,y,
SLA193108310,white102,DET,1,1,value,27,1,0,0,0,0,,,,,1,19310831,0,STL07,v,SLA,1,0,0,regular,y,y,
CHA193109040,white102,DET,1,1,value,27,1,3,0,1,0,,,,,1,19310904,0,CHI10,v,CHA,1,0,0,regular,y,y,
DET193109080,white102,DET,1,1,value,27,1,0,0,0,0,,,,,1,19310908,0,DET04,h,SLA,0,1,0,regular,y,y,
NYA193109132,white102,DET,1,1,value,24,1,2,0,0,0,,,,,1,19310913,2,NYC16,v,NYA,0,1,0,regular,y,y,
WS1193109180,white102,DET,1,1,value,35,1,2,0,0,0,,,,,1,19310918,0,WAS09,v,WS1,0,1,0,regular,y,d,
CLE193109240,white102,DET,1,1,value,24,1,0,0,0,0,,,,,1,19310924,0,CLE06,v,CLE,0,1,0,regular,y,d,
DET193204150,white102,DET,1,1,value,27,0,5,0,0,0,,,,,1,19320415,0,DET04,h,CLE,1,0,0,regular,y,y,
DET193204190,white102,DET,1,1,value,27,0,2,0,0,0,,,,,1,19320419,0,DET04,h,SLA,1,0,0,regular,y,y,
CLE193204230,white102,DET,1,1,value,24,0,3,0,0,0,,,,,1,19320423,0,CLE06,v,CLE,0,1,0,regular,y,y,
SLA193204300,white102,DET,1,1,value,27,0,1,1,0,0,,,,,1,19320430,0,STL07,v,SLA,1,0,0,regular,y,y,
SLA193204300,white102,DET,1,1,official,,,,1,1,,,,,,1,19320430,0,STL07,v,SLA,1,0,0,regular,y,y,
NYA193205060,white102,DET,1,1,value,24,0,1,0,0,0,,,,,1,19320506,0,NYC16,v,NYA,0,1,0,regular,y,y,
SLA193205301,white102,DET,1,1,value,23,0,0,0,0,0,,,,,1,19320530,1,STL07,v,SLA,1,0,0,regular,y,y,
DET193206042,white102,DET,1,1,value,27,1,1,0,0,0,,,,,1,19320604,2,DET04,h,CLE,1,0,0,regular,y,y,
DET193206080,white102,DET,1,1,value,24,0,4,0,0,0,,,,,1,19320608,0,DET04,h,NYA,0,1,0,regular,y,y,
DET193206120,white102,DET,1,1,value,15,0,2,0,0,0,,,,,1,19320612,0,DET04,h,PHA,1,0,0,regular,y,y,
DET193206160,white102,DET,1,1,value,18,0,1,0,0,0,,,,,1,19320616,0,DET04,h,WS1,0,1,0,regular,y,y,
DET193206200,white102,DET,1,1,value,27,1,0,0,0,0,,,,,1,19320620,0,DET04,h,BOS,1,0,0,regular,y,y,
CHA193206250,white102,DET,1,1,value,18,0,1,0,0,0,,,,,1,19320625,0,CHI10,v,CHA,0,1,0,regular,y,y,
CLE193206290,white102,DET,1,1,value,27,0,0,0,0,0,,,,,1,19320629,0,CLE06,v,CLE,1,0,0,regular,y,y,
DET193207041,white102,DET,1,1,value,27,0,2,0,0,0,,,,,1,19320704,1,DET04,h,SLA,1,0,0,regular,y,y,
NYA193207091,white102,DET,1,1,value,21,1,2,0,0,0,,,,,1,19320709,1,NYC16,v,NYA,0,1,0,regular,y,y,
BOS193207130,white102,DET,1,1,value,18,0,0,0,0,0,,,,,1,19320713,0,BOS07,v,BOS,0,1,0,regular,y,y,
PHA193207150,white102,DET,1,1,value,9,0,1,0,0,0,,,,,0,19320715,0,PHI11,v,PHA,1,0,0,regular,y,y,
WS1193207181,white102,DET,1,1,value,27,1,0,0,0,0,,,,,1,19320718,1,WAS09,v,WS1,1,0,0,regular,y,y,
SLA193207231,white102,DET,1,1,value,21,0,3,0,0,0,,,,,1,19320723,1,STL07,v,SLA,0,1,0,regular,y,y,
DET193207271,white102,DET,1,1,value,15,0,0,0,0,0,,,,,1,19320727,1,DET04,h,PHA,0,1,0,regular,y,y,
DET193208010,white102,DET,1,1,value,24,0,0,0,0,0,,,,,1,19320801,0,DET04,h,NYA,0,1,0,regular,y,y,
DET193208060,white102,DET,1,1,value,24,0,2,0,0,0,,,,,1,19320806,0,DET04,h,WS1,0,1,0,regular,y,y,
CLE193208110,white102,DET,1,1,value,24,0,5,0,0,0,,,,,1,19320811,0,CLE07,v,CLE,0,1,0,regular,y,y,
NYA193208161,white102,DET,1,1,value,12,0,0,0,0,0,,,,,1,19320816,1,NYC16,v,NYA,0,1,0,regular,y,y,
BOS193208200,white102,DET,1,1,value,30,1,1,0,0,0,,,,,1,19320820,0,BOS07,v,BOS,1,0,0,regular,y,d,
WS1193208240,white102,DET,1,1,value,24,1,1,0,0,0,,,,,1,19320824,0,WAS09,v,WS1,0,1,0,regular,y,y,
PHA193208292,white102,DET,1,1,value,27,1,0,0,0,0,,,,,1,19320829,2,PHI11,v,PHA,1,0,0,regular,y,y,
CHA193209051,white102,DET,1,1,value,27,1,0,0,0,0,,,,,1,19320905,1,CHI10,v,CHA,1,0,0,regular,y,y,
DET193209091,white102,DET,1,1,value,12,1,0,1,0,0,,,,,1,19320909,1,DET04,h,NYA,1,0,0,regular,y,y,
DET193209101,white102,DET,1,1,value,1,0,0,0,0,0,,,,,0,19320910,1,DET04,h,NYA,0,1,0,regular,y,y,
DET193209140,white102,DET,1,1,value,27,0,3,0,0,0,,,,,1,19320914,0,DET04,h,WS1,1,0,0,regular,y,y,
DET193209180,white102,DET,1,1,value,27,0,2,0,0,0,,,,,1,19320918,0,DET04,h,BOS,1,0,0,regular,y,d,
DET193209232,white102,DET,1,1,value,27,0,1,0,0,0,,,,,1,19320923,2,DET04,h,SLA,1,0,0,regular,y,y,
WS1193304130,white102,WS1,1,1,value,27,1,4,0,1,0,,,,,1,19330413,0,WAS09,h,PHA,1,0,0,regular,y,y,
WS1193304180,white102,WS1,1,1,value,22,0,4,1,0,0,,,,,1,19330418,0,WAS09,h,BOS,0,1,0,regular,y,d,
WS1193304230,white102,WS1,1,1,value,27,1,2,1,0,0,,,,,1,19330423,0,WAS09,h,NYA,1,0,0,regular,y,y,
DET193305060,white102,WS1,1,1,value,27,0,1,0,0,0,,,,,1,19330506,0,DET04,v,DET,1,0,0,regular,y,y,
SLA193305100,white102,WS1,1,1,value,24,1,1,0,0,0,,,,,1,19330510,0,STL07,v,SLA,0,1,0,regular,y,y,
CHA193305141,white102,WS1,1,1,value,7,0,2,0,0,0,,,,,1,19330514,1,CHI10,v,CHA,0,1,0,regular,y,y,
WS1193305180,white102,WS1,1,1,value,30,0,1,1,0,0,,,,,1,19330518,0,WAS09,h,CLE,0,1,0,regular,y,y,
WS1193305220,white102,WS1,1,1,value,23,0,2,0,0,0,,,,,1,19330522,0,WAS09,h,DET,1,0,0,regular,y,d,
WS1193305260,white102,WS1,1,1,value,21,0,0,1,0,0,,,,,1,19330526,0,WAS09,h,SLA,1,0,0,regular,y,y,
WS1193305300,white102,WS1,1,1,value,27,2,1,0,0,0,,,,,1,19330530,0,WAS09,h,NYA,0,1,0,regular,y,y,
WS1193306030,white102,WS1,1,1,value,16,0,0,0,0,0,,,,,1,19330603,0,WAS09,h,BOS,1,0,0,regular,y,y,
PHA193306070,white102,WS1,1,1,value,3,0,0,0,0,0,,,,,1,19330607,0,PHI11,v,PHA,0,0,1,regular,y,y,
BOS193306090,white102,WS1,1,1,value,27,1,2,1,0,0,,,,,1,19330609,0,BOS07,v,BOS,1,0,0,regular,y,y,
SLA193306170,white102,WS1,1,1,value,24,0,1,0,0,0,,,,,1,19330617,0,STL07,v,SLA,1,0,0,regular,y,y,
CHA193306210,white102,WS1,1,1,value,27,0,0,0,0,0,,,,,1,19330621,0,CHI10,v,CHA,1,0,0,regular,y,y,
CLE193306251,white102,WS1,1,1,value,27,0,5,0,1,0,,,,,1,19330625,1,CLE07,v,CLE,1,0,0,regular,y,y,
DET193306290,white102,WS1,1,1,value,13,0,0,0,0,0,,,,,1,19330629,0,DET04,v,DET,0,1,0,regular,y,y,
NYA193307041,white102,WS1,1,1,value,3,0,0,0,0,0,,,,,1,19330704,1,NYC16,v,NYA,1,0,0,regular,y,y,
WS1193307082,white102,WS1,1,1,value,26,0,0,0,0,0,,,,,1,19330708,2,WAS09,h,CLE,1,0,0,regular,y,y,
WS1193307110,white102,WS1,1,9,value,3,0,0,0,0,0,,,,,0,19330711,0,WAS09,h,CHA,0,1,0,regular,y,y,
WS1193307120,white102,WS1,1,1,value,25,0,4,1,0,0,,,,,1,19330712,0,WAS09,h,CHA,1,0,0,regular,y,y,
WS1193307160,white102,WS1,1,1,value,25,0,2,0,0,0,,,,,1,19330716,0,WAS09,h,SLA,0,1,0,regular,y,d,
WS1193307210,white102,WS1,1,1,value,27,1,1,0,0,0,,,,,1,19330721,0,WAS09,h,DET,1,0,0,regular,y,y,
WS1193307230,white102,WS1,1,1,value,0,0,0,0,0,0,,,,,0,19330723,0,WAS09,h,DET,0,1,0,regular,y,y,
PHA193307250,white102,WS1,1,1,value,15,0,1,0,0,0,,,,,1,19330725,0,PHI11,v,PHA,1,0,0,regular,y,y,
WS1193307300,white102,WS1,1,1,value,16,0,1,0,0,0,,,,,1,19330730,0,WAS09,h,NYA,0,1,0,regular,y,y,
WS1193308030,white102,WS1,1,1,value,18,0,0,0,0,0,,,,,1,19330803,0,WAS09,h,BOS,1,0,0,regular,y,y,
NYA193308080,white102,WS1,1,1,value,27,0,1,0,0,0,,,,,1,19330808,0,NYC16,v,NYA,1,0,0,regular,y,y,
BOS193308110,white102,WS1,1,1,value,3,0,1,0,0,0,,,,,0,19330811,0,BOS07,v,BOS,1,0,0,regular,y,y,
BOS193308120,white102,WS1,1,1,value,27,0,1,0,0,0,,,,,1,19330812,0,BOS07,v,BOS,1,0,0,regular,y,y,
CHA193308160,white102,WS1,1,1,value,27,0,2,1,0,0,,,,,1,19330816,0,CHI10,v,CHA,1,0,0,regular,y,y,
CHA193308160,white102,WS1,1,1,official,,,,0,0,,,,,,1,19330816,0,CHI10,v,CHA,1,0,0,regular,y,y,
SLA193308201,white102,WS1,1,1,value,27,0,1,0,0,0,,,,,1,19330820,1,STL07,v,SLA,1,0,0,regular,y,y,
DET193308240,white102,WS1,1,1,value,7,1,2,0,0,0,,,,,1,19330824,0,DET04,v,DET,1,0,0,regular,y,d,
CLE193308271,white102,WS1,1,1,value,27,1,3,0,0,0,,,,,1,19330827,1,CLE07,v,CLE,1,0,0,regular,y,y,
PHA193309010,white102,WS1,1,1,value,15,0,1,1,0,0,,,,,1,19330901,0,PHI11,v,PHA,0,1,0,regular,y,y,
BOS193309052,white102,WS1,1,1,value,20,0,2,0,0,0,,,,,1,19330905,2,BOS07,v,BOS,1,0,0,regular,y,d,
WS1193309090,white102,WS1,1,1,value,33,0,0,0,0,0,,,,,1,19330909,0,WAS09,h,CHA,1,0,0,regular,y,d,
WS1193309140,white102,WS1,1,1,value,27,0,1,0,0,0,,,,,1,19330914,0,WAS09,h,DET,1,0,0,regular,y,d,
WS1193309190,white102,WS1,1,1,value,22,0,0,0,0,0,,,,,1,19330919,0,WAS09,h,SLA,0,1,0,regular,y,y,
NYA193309290,white102,WS1,1,1,value,21,0,0,0,0,0,,,,,1,19330929,0,NYC16,v,NYA,1,0,0,regular,y,y,
WS1193310050,white102,WS1,1,1,value,27,0,4,0,0,0,,,,,1,19331005,0,WAS09,h,NY1,1,0,0,worldseries,y,y,
BOS193404170,white102,WS1,1,1,value,15,0,0,0,0,0,,,,,1,19340417,0,BOS07,v,BOS,1,0,0,regular,y,y,
PHA193404210,white102,WS1,1,1,value,16,0,3,0,0,0,,,,,1,19340421,0,PHI11,v,PHA,0,1,0,regular,y,y,
WS1193404300,white102,WS1,1,1,value,23,0,1,0,0,0,,,,,1,19340430,0,WAS09,h,NYA,0,1,0,regular,y,y,
WS1193405040,white102,WS1,1,1,value,25,0,0,0,0,0,,,,,1,19340504,0,WAS09,h,CLE,0,1,0,regular,y,y,
WS1193405080,white102,WS1,1,1,value,13,0,0,0,0,0,,,,,1,19340508,0,WAS09,h,CHA,1,0,0,regular,y,y,
WS1193405130,white102,WS1,1,1,value,21,0,4,0,1,0,,,,,1,19340513,0,WAS09,h,DET,1,0,0,regular,y,y,
CLE193405170,white102,WS1,1,1,value,12,0,0,0,0,0,,,,,1,19340517,0,CLE06,v,CLE,0,1,0,regular,y,y,
DET193405210,white102,WS1,1,1,value,24,0,3,0,0,0,,,,,1,19340521,0,DET04,v,DET,0,1,0,regular,y,y,
SLA193405250,white102,WS1,1,1,value,27,0,1,0,0,0,,,,,1,19340525,0,STL07,v,SLA,1,0,0,regular,y,y,
NYA193405301,white102,WS1,1,1,value,25,0,1,0,0,0,,,,,1,19340530,1,NYC16,v,NYA,1,0,0,regular,y,y,
WS1193406030,white102,WS1,1,1,value,27,0,3,0,0,0,,,,,1,19340603,0,WAS09,h,BOS,0,1,0,regular,y,y,
WS1193406070,white102,WS1,1,1,value,27,0,0,0,0,0,,,,,1,19340607,0,WAS09,h,PHA,1,0,0,regular,y,y,
WS1193406131,white102,WS1,1,1,value,27,0,0,0,0,0,,,,,1,19340613,1,WAS09,h,CHA,1,0,0,regular,y,y,
WS1193406170,white102,WS1,1,1,value,9,0,0,0,0,0,,,,,1,19340617,0,WAS09,h,CLE,0,1,0,regular,y,y,
WS1193406210,white102,WS1,1,1,value,16,0,2,0,0,0,,,,,1,19340621,0,WAS09,h,DET,1,0,0,regular,y,y,
WS1193406250,white102,WS1,1,1,value,27,0,1,0,0,0,,,,,1,19340625,0,WAS09,h,SLA,1,0,0,regular,y,y,
WS1193407010,white102,WS1,1,1,value,15,0,0,0,0,0,,,,,1,19340701,0,WAS09,h,NYA,0,1,0,regular,y,y,
WS1193407041,white102,WS1,1,1,value,3,0,2,0,0,0,,,,,0,19340704,1,WAS09,h,PHA,0,1,0,regular,y,y,
NYA193407060,white102,WS1,1,1,value,21,0,2,0,0,0,,,,,1,19340706,0,NYC16,v,NYA,1,0,0,regular,y,y,
CLE193407140,white102,WS1,1,1,value,24,0,4,0,0,0,,,,,1,19340714,0,CLE06,v,CLE,0,1,0,regular,y,y,
DET193407180,white102,WS1,1,1,value,24,0,1,0,0,0,,,,,1,19340718,0,DET04,v,DET,0,1,0,regular,y,y,
CHA193407230,white102,WS1,1,1,value,27,0,2,0,0,0,,,,,1,19340723,0,CHI10,v,CHA,1,0,0,regular,y,y,
WS1193407281,white102,WS1,1,1,value,23,0,1,0,0,0,,,,,1,19340728,1,WAS09,h,BOS,0,1,0,regular,y,y,
BOS193408040,white102,WS1,1,1,value,19,0,1,0,0,0,,,,,1,19340804,0,BOS07,v,BOS,1,0,0,regular,y,y,
WS1193408080,white102,WS1,1,1,value,27,0,1,0,0,0,,,,,1,19340808,0,WAS09,h,NYA,1,0,0,regular,y,y,
WS1193408120,white102,WS1,1,1,value,21,0,1,0,0,0,,,,,1,19340812,0,WAS09,h,PHA,0,0,1,regular,y,y,
WS1193408171,white102,WS1,1,1,value,30,0,2,0,0,0,,,,,1,19340817,1,WAS09,h,CLE,1,0,0,regular,y,y,
WS1193408220,white102,WS1,1,1,value,27,1,2,1,0,0,,,,,1,19340822,0,WAS09,h,DET,1,0,0,regular,y,y,
WS1193408290,white102,WS1,1,1,value,24,0,1,0,0,0,,,,,1,19340829,0,WAS09,h,SLA,0,1,0,regular,y,y,
NYA193409020,white102,WS1,1,1,value,27,0,1,0,0,0,,,,,1,19340902,0,NYC16,v,NYA,1,0,0,regular,y,y,
SLA193409071,white102,WS1,1,1,value,27,0,2,0,0,0,,,,,1,19340907,1,STL07,v,SLA,1,0,0,regular,y,y,
CHA193409110,white102,WS1,1,1,value,31,1,4,0,1,0,,,,,1,19340911,0,CHI10,v,CHA,0,1,0,regular,y,y,
WS1193504170,white102,WS1,1,1,value,21,0,1,0,0,0,,,,,1,19350417,0,WAS09,h,PHA,1,0,0,regular,y,y,
WS1193504220,white102,WS1,1,1,value,24,0,1,0,0,0,,,,,1,19350422,0,WAS09,h,BOS,0,1,0,regular,y,y,
BOS193504260,white102,WS1,1,1,value,27,1,3,0,1,0,,,,,1,19350426,0,BOS07,v,BOS,1,0,0,regular,y,y,
NYA193504300,white102,WS1,1,1,value,18,0,2,1,0,0,,,,,1,19350430,0,NYC16,v,NYA,0,1,0,regular,y,y,
SLA193505070,white102,WS1,1,1,value,27,0,1,0,0,0,,,,,1,19350507,0,STL07,v,SLA,1,0,0,regular,y,y,
CLE193505140,white102,WS1,1,1,value,21,1,1,0,0,0,,,,,1,19350514,0,CLE06,v,CLE,0,1,0,regular,y,y,
WS1193505180,white102,WS1,1,1,value,21,0,1,0,0,0,,,,,1,19350518,0,WAS09,h,DET,0,1,0,regular,y,y,
WS1193505220,white102,WS1,1,1,value,27,0,1,0,1,0,,,,,1,19350522,0,WAS09,h,SLA,1,0,0,regular,y,y,
WS1193505270,white102,WS1,1,1,value,21,0,1,0,0,0,,,,,1,19350527,0,WAS09,h,CLE,1,0,0,regular,y,y,
PHA193506011,white102,WS1,1,1,value,21,0,0,0,0,0,,,,,1,19350601,1,PHI11,v,PHA,0,1,0,regular,y,y,
WS1193506050,white102,WS1,1,1,value,30,0,3,0,0,0,,,,,1,19350605,0,WAS09,h,BOS,1,0,0,regular,y,y,
CHA193506120,white102,WS1,1,1,value,24,1,4,0,1,0,,,,,1,19350612,0,CHI10,v,CHA,0,1,0,regular,y,y,
SLA193506161,white102,WS1,1,1,value,9,1,0,0,0,0,,,,,1,19350616,1,STL07,v,SLA,1,0,0,regular,y,d,
CLE193506200,white102,WS1,1,1,value,24,1,1,0,0,0,,,,,1,19350620,0,CLE06,v,CLE,0,1,0,regular,y,y,
DET193506240,white102,WS1,1,1,value,40,1,4,0,0,0,,,,,1,19350624,0,DET04,v,DET,0,1,0,regular,y,y,
NYA193506300,white102,WS1,1,1,value,24,0,0,0,0,0,,,,,1,19350630,0,NYC16,v,NYA,1,0,0,regular,y,y,
PHA193507042,white102,WS1,1,1,value,25,1,3,0,1,0,,,,,1,19350704,2,PHI11,v,PHA,0,1,0,regular,y,y,
WS1193507100,white102,WS1,1,1,value,24,0,1,0,0,0,,,,,1,19350710,0,WAS09,h,DET,1,0,0,regular,y,y,
WS1193507150,white102,WS1,1,1,value,33,2,3,0,0,0,,,,,1,19350715,0,WAS09,h,SLA,0,1,0,regular,y,y,
WS1193507202,white102,WS1,1,1,value,27,0,2,0,0,0,,,,,1,19350720,2,WAS09,h,CHA,1,0,0,regular,y,d,
WS1193507241,white102,WS1,1,1,value,21,0,0,0,0,0,,,,,1,19350724,1,WAS09,h,CLE,0,1,0,regular,y,y,
NYA193507281,white102,WS1,1,1,value,21,0,2,0,0,0,,,,,1,19350728,1,NYC16,v,NYA,0,1,0,regular,y,y,
WS1193508010,white102,WS1,1,1,value,27,0,3,0,0,0,,,,,1,19350801,0,WAS09,h,BOS,1,0,0,regular,y,y,
WS1193508050,white102,WS1,1,1,value,27,0,1,0,0,0,,,,,1,19350805,0,WAS09,h,PHA,1,0,0,regular,y,y,
DET193508130,white102,WS1,1,1,value,30,0,5,0,0,0,,,,,1,19350813,0,DET04,v,DET,1,0,0,regular,y,y,
CLE193508171,white102,WS1,1,1,value,12,0,0,0,0,0,,,,,1,19350817,1,CLE06,v,CLE,0,1,0,regular,y,y,
CHA193508210,white102,WS1,1,1,value,27,0,0,0,0,0,,,,,1,19350821,0,CHI10,v,CHA,1,0,0,regular,y,y,
SLA193508251,white102,WS1,1,1,value,24,0,1,0,0,0,,,,,1,19350825,1,STL07,v,SLA,0,1,0,regular,y,d,
WS1193508310,white102,WS1,1,1,value,2,0,0,0,0,0,,,,,1,19350831,0,WAS09,h,BOS,1,0,0,regular,y,y,y
BOS193509022,white102,WS1,1,1,value,39,0,4,0,0,0,,,,,1,19350902,2,BOS07,v,BOS,1,0,0,regular,y,y,
WS1193509072,white102,WS1,1,1,value,30,0,3,2,0,0,,,,,1,19350907,2,WAS09,h,SLA,0,0,1,regular,y,y,
WS1193509120,white102,WS1,1,1,value,27,1,0,0,0,0,,,,,1,19350912,0,WAS09,h,CLE,1,0,0,regular,y,y,
WS1193509170,white102,WS1,1,1,value,42,1,3,0,0,0,,,,,1,19350917,0,WAS09,h,CHA,0,1,0,regular,y,y,
WS1193509230,white102,WS1,1,1,value,21,1,4,0,0,0,,,,,1,19350923,0,WAS09,h,NYA,0,1,0,regular,y,y,
ALM193510250,white102,ALM,1,1,value,27,0,2,0,0,0,,,,,1,19351025,0,MEX01,h,PTC,0,0,1,exhibition,y,y,
NYA193604190,white102,WS1,1,1,value,15,0,2,0,0,0,,,,,1,19360419,0,NYC16,v,NYA,0,1,0,regular,y,y,
WS1193605020,white102,WS1,1,1,value,21,1,3,0,0,0,,,,,1,19360502,0,WAS09,h,SLA,1,0,0,regular,y,y,
CLE193605210,white102,WS1,1,1,value,25,0,1,0,0,0,,,,,1,19360521,0,CLE06,v,CLE,1,0,0,regular,y,y,
WS1193605260,white102,WS1,1,1,value,27,0,1,0,0,0,,,,,1,19360526,0,WAS09,h,PHA,1,0,0,regular,y,y,
NYA193605301,white102,WS1,1,1,value,18,0,1,0,0,0,,,,,1,19360530,1,NYC16,v,NYA,0,1,0,regular,y,y,
WS1193606050,white102,WS1,1,1,value,27,0,0,0,0,0,,,,,1,19360605,0,WAS09,h,DET,1,0,0,regular,y,y,
WS1193606100,white102,WS1,1,1,value,24,0,1,0,0,0,,,,,1,19360610,0,WAS09,h,CLE,0,1,0,regular,y,y,
DET193606160,white102,WS1,1,1,value,18,0,0,0,0,0,,,,,1,19360616,0,DET04,v,DET,1,0,0,regular,y,y,
CLE193606210,white102,WS1,1,1,value,15,0,0,0,0,0,,,,,1,19360621,0,CLE06,v,CLE,0,1,0,regular,y,y,
CHA193606271,white102,WS1,1,1,value,27,0,2,0,0,0,,,,,1,19360627,1,CHI10,v,CHA,1,0,0,regular,y,y,
PHA193607020,white102,WS1,1,1,value,27,0,4,0,0,0,,,,,1,19360702,0,PHI11,v,PHA,1,0,0,regular,y,y,
WS1193607090,white102,WS1,1,1,value,18,0,0,0,0,0,,,,,1,19360709,0,WAS09,h,DET,0,1,0,regular,y,y,
WS1193607130,white102,WS1,1,1,value,27,1,2,1,0,0,,,,,1,19360713,0,WAS09,h,SLA,1,0,0,regular,y,y,
WS1193607170,white102,WS1,1,1,value,7,0,0,0,0,0,,,,,1,19360717,0,WAS09,h,CHA,0,1,0,regular,y,y,
CHA193607220,white102,WS1,1,1,value,34,1,2,0,0,0,,,,,1,19360722,0,CHI10,v,CHA,0,1,0,regular,y,y,
CLE193607280,white102,WS1,1,1,value,24,0,0,0,0,0,,,,,1,19360728,0,CLE06,v,CLE,0,1,0,regular,y,y,
DET193608010,white102,WS1,1,1,value,18,0,2,0,0,0,,,,,1,19360801,0,DET04,v,DET,0,1,0,regular,y,y,
WS1193608070,white102,WS1,1,1,value,30,0,3,0,0,0,,,,,1,19360807,0,WAS09,h,BOS,1,0,0,regular,y,y,
NYA193608120,white102,WS1,1,1,value,13,0,3,0,0,0,,,,,1,19360812,0,NYC16,v,NYA,0,1,0,regular,y,y,
WS1193608170,white102,WS1,1,1,value,21,1,0,0,0,0,,,,,1,19360817,0,WAS09,h,NYA,1,0,0,regular,y,y,
PHA193608222,white102,WS1,1,1,value,24,0,2,0,0,0,,,,,1,19360822,2,PHI11,v,PHA,0,1,0,regular,y,y,
WS1193608270,white102,WS1,1,1,value,22,1,2,0,0,0,,,,,1,19360827,0,WAS09,h,CLE,0,1,0,regular,y,y,
WS1193609010,white102,WS1,1,1,value,27,1,1,0,0,0,,,,,1,19360901,0,WAS09,h,SLA,1,0,0,regular,y,y,
WS1193609061,white102,WS1,1,1,value,27,1,1,0,0,0,,,,,1,19360906,1,WAS09,h,PHA,1,0,0,regular,y,y,
CLE193609110,white102,WS1,1,1,value,27,0,1,0,0,0,,,,,1,19360911,0,CLE06,v,CLE,1,0,0,regular,y,y,
SLA193609151,white102,WS1,1,1,value,21,0,1,0,0,0,,,,,1,19360915,1,STL07,v,SLA,1,0,0,regular,y,y,
NYA193609201,white102,WS1,1,1,value,27,2,0,1,0,0,,,,,1,19360920,1,NYC16,v,NYA,1,0,0,regular,y,y,
WS1193609260,white102,WS1,1,1,value,27,1,0,0,0,0,,,,,1,19360926,0,WAS09,h,NYA,0,1,0,regular,y,y,
CLE193704290,white102,CLE,1,1,value,27,0,0,0,0,0,,,,,1,19370429,0,CLE06,h,DET,1,0,0,regular,y,y,
CLE193705070,white102,CLE,1,1,value,2,0,1,1,0,0,,,,,0,19370507,0,CLE06,h,NYA,1,0,0,regular,y,y,
CLE193705100,white102,CLE,1,1,value,25,0,1,0,0,0,,,,,1,19370510,0,CLE06,h,BOS,1,0,0,regular,y,y,
WS1193705210,white102,CLE,1,1,value,23,0,1,0,0,0,,,,,1,19370521,0,WAS09,v,WS1,1,0,0,regular,y,y,
PHA193705270,white102,CLE,1,1,value,6,0,2,0,0,0,,,,,1,19370527,0,PHI11,v,PHA,1,0,0,regular,y,y,
CLE193705300,white102,CLE,1,1,value,5,0,0,0,0,0,,,,,1,19370530,0,CLE07,h,CHA,0,1,0,regular,y,y,
CLE193706020,white102,CLE,1,1,value,18,1,2,0,0,0,,,,,1,19370602,0,CLE06,h,NYA,0,1,0,regular,y,y,
CLE193706070,white102,CLE,1,1,value,27,1,3,0,0,0,,,,,1,19370607,0,CLE06,h,WS1,1,0,0,regular,y,y,
CLE193706132,white102,CLE,1,1,value,27,0,2,0,0,0,,,,,1,19370613,2,CLE07,h,PHA,1,0,0,regular,y,y,
NYA193706170,white102,CLE,1,1,value,18,1,1,0,0,0,,,,,1,19370617,0,NYC16,v,NYA,0,1,0,regular,y,y,
WS1193706220,white102,CLE,1,1,value,11,0,4,0,0,0,,,,,1,19370622,0,WAS09,v,WS1,0,1,0,regular,y,y,
WS1193706240,white102,CLE,1,1,value,11,2,1,0,0,0,,,,,0,19370624,0,WAS09,v,WS1,0,1,0,regular,y,y,
CLE193706290,white102,CLE,1,1,value,25,2,1,0,0,0,,,,,1,19370629,0,CLE06,h,SLA,1,0,0,regular,y,y,
SLA193707052,white102,CLE,1,1,value,27,0,0,0,0,0,,,,,1,19370705,2,STL07,v,SLA,1,0,0,regular,y,y,
DET193707101,white102,CLE,1,1,value,11,0,0,0,0,0,,,,,1,19370710,1,DET04,v,DET,0,1,0,regular,y,y,
CLE193707150,white102,CLE,1,1,value,27,1,1,0,0,0,,,,,1,19370715,0,CLE06,h,WS1,1,0,0,regular,y,y,
CLE193707170,white102,CLE,1,1,value,3,0,0,0,0,0,,,,,0,19370717,0,CLE06,h,NYA,0,1,0,regular,y,y,
CLE193707200,white102,CLE,1,1,value,12,0,3,0,0,0,,,,,1,19370720,0,CLE06,h,PHA,0,1,0,regular,y,y,
CLE193707250,white102,CLE,1,1,value,12,0,0,0,0,0,,,,,1,19370725,0,CLE07,h,BOS,0,1,0,regular,y,y,
WS1193707300,white102,CLE,1,1,value,10,0,2,0,0,0,,,,,1,19370730,0,WAS09,v,WS1,0,1,0,regular,y,y,
BOS193708030,white102,CLE,1,1,value,5,0,0,0,0,0,,,,,0,19370803,0,BOS07,v,BOS,0,1,0,regular,y,y,
NYA193708080,white102,CLE,1,1,value,13,0,0,0,0,0,,,,,1,19370808,0,NYC16,v,NYA,0,1,0,regular,y,y,
CLE193708140,white102,CLE,1,1,value,6,0,0,0,0,0,,,,,0,19370814,0,CLE06,h,CHA,1,0,0,regular,y,y,
SLA193708182,white102,CLE,1,1,value,1,0,0,0,0,0,,,,,0,19370818,2,STL07,v,SLA,0,1,0,regular,y,y,
CLE193708280,white102,CLE,1,1,value,12,0,0,0,0,0,,,,,1,19370828,0,CLE06,h,PHA,1,0,0,regular,y,y,
CLE193708300,white102,CLE,1,1,value,2,0,0,0,0,0,,,,,0,19370830,0,CLE06,h,WS1,1,0,0,regular,y,y,
SLA193709042,white102,CLE,1,1,value,1,0,0,0,0,0,,,,,0,19370904,2,STL07,v,SLA,0,0,1,regular,y,y,
SLA193709052,white102,CLE,1,1,value,27,1,4,1,0,0,,,,,1,19370905,2,STL07,v,SLA,1,0,0,regular,y,y,
DET193709090,white102,CLE,1,1,value,1,0,0,0,0,0,,,,,0,19370909,0,DET04,v,DET,0,1,0,regular,y,y,
CLE193709112,white102,CLE,1,1,value,6,0,1,0,0,0,,,,,0,19370911,2,CLE06,h,SLA,0,1,0,regular,y,y,
NYA193709140,white102,CLE,1,1,value,7,0,0,0,0,0,,,,,1,19370914,0,NYC16,v,NYA,0,1,0,regular,y,y,
WS1193709220,white102,CLE,1,1,value,9,0,0,0,0,0,,,,,0,19370922,0,WAS09,v,WS1,0,1,0,regular,y,y,
CHA193709291,white102,CLE,1,1,value,24,0,2,0,0,0,,,,,1,19370929,1,CHI10,v,CHA,1,0,0,regular,y,y,
CLE193804210,white102,CLE,1,1,value,24,2,2,0,0,0,,,,,1,19380421,0,CLE06,h,SLA,1,0,0,regular,y,y,
CHA193804260,white102,CLE,1,1,value,23,1,1,0,0,0,,,,,1,19380426,0,CHI10,v,CHA,1,0,0,regular,y,y,
CLE193805170,white102,CLE,1,1,value,27,0,0,0,0,0,,,,,1,19380517,0,CLE06,h,PHA,1,0,0,regular,y,y,
CLE193805210,white102,CLE,1,1,value,33,2,3,0,0,0,,,,,1,19380521,0,CLE06,h,WS1,0,1,0,regular,y,y,
SLA193805290,white102,CLE,1,1,value,12,0,1,0,0,0,,,,,1,19380529,0,STL07,v,SLA,0,1,0,regular,y,y,
PHA193806020,white102,CLE,1,1,value,24,1,1,1,1,0,,,,,1,19380602,0,PHI11,v,PHA,1,0,0,regular,y,y,
WS1193806060,white102,CLE,1,1,value,21,1,2,0,0,0,,,,,1,19380606,0,WAS09,v,WS1,0,1,0,regular,y,y,
NYA193806100,white102,CLE,1,1,value,17,0,0,0,0,0,,,,,1,19380610,0,NYC16,v,NYA,0,1,0,regular,y,y,
CLE193806150,white102,CLE,1,1,value,27,0,2,0,0,0,,,,,1,19380615,0,CLE06,h,WS1,1,0,0,regular,y,y,
CLE193806190,white102,CLE,1,1,value,9,0,0,1,0,0,,,,,1,19380619,0,CLE07,h,PHA,1,0,0,regular,y,y,
CLE193807080,white102,CLE,1,1,value,9,0,0,0,0,0,,,,,1,19380708,0,CLE06,h,SLA,1,0,0,regular,y,y,
WS1193807120,white102,CLE,1,1,value,18,0,3,0,0,0,,,,,0,19380712,0,WAS09,v,WS1,0,1,0,regular,y,y,
PHA193807160,white102,CLE,1,1,value,8,0,0,0,0,0,,,,,1,19380716,0,PHI11,v,PHA,1,0,0,regular,y,y,
CLE193808032,white102,CLE,1,1,value,19,0,0,0,0,0,,,,,1,19380803,2,CLE07,h,BOS,1,0,0,regular,y,y,
SLA193808092,white102,CLE,1,1,value,27,0,1,0,0,0,,,,,1,19380809,2,STL07,v,SLA,1,0,0,regular,y,y,
CHA193808121,white102,CLE,1,1,value,9,0,1,0,1,0,,,,,0,19380812,1,CHI10,v,CHA,1,0,0,regular,y,y,
CHA193808140,white102,CLE,1,1,value,18,0,0,0,0,0,,,,,1,19380814,0,CHI10,v,CHA,1,0,0,regular,y,y,
CLE193808190,white102,CLE,1,1,value,19,0,1,0,0,0,,,,,1,19380819,0,CLE06,h,CHA,0,1,0,regular,y,y,
NYA193808251,white102,CLE,1,1,value,24,0,0,0,0,0,,,,,1,19380825,1,NYC16,v,NYA,0,1,0,regular,y,y,
WS1193808290,white102,CLE,1,1,value,15,1,1,0,0,0,,,,,1,19380829,0,WAS09,v,WS1,0,1,0,regular,y,y,
SLA193809042,white102,CLE,1,1,value,18,0,0,0,0,0,,,,,1,19380904,2,STL07,v,SLA,0,0,1,regular,y,y,
CLE193809080,white102,CLE,1,1,value,21,1,1,0,1,0,,,,,1,19380908,0,CLE06,h,DET,0,1,0,regular,y,y,
CLE193809130,white102,CLE,1,1,value,11,0,2,0,0,0,,,,,0,19380913,0,CLE06,h,NYA,0,1,0,regular,y,y,
CLE193809170,white102,CLE,1,1,value,20,1,0,0,0,0,,,,,1,19380917,0,CLE06,h,BOS,1,0,0,regular,y,y,
DET193809232,white102,CLE,1,1,value,16,0,0,0,0,0,,,,,1,19380923,2,DET04,v,DET,1,0,0,regular,y,y,
CLE193809280,white102,CLE,1,1,value,12,0,0,0,0,0,,,,,1,19380928,0,CLE06,h,CHA,0,1,0,regular,y,y,
CHN193904240,white102,CHN,1,1,value,21,0,2,0,0,0,,,,,1,19390424,0,CHI11,h,PIT,1,0,0,regular,y,y,
PHI193905030,white102,CHN,1,1,value,9,0,1,0,0,0,,,,,1,19390503,0,PHI11,v,PHI,0,1,0,regular,y,y,
CHN193905170,white102,CHN,1,1,value,36,0,5,0,0,0,,,,,1,19390517,0,CHI11,h,BRO,0,0,1,regular,y,y,
CIN193905290,white102,CHN,1,1,value,0,0,0,0,0,0,,,,,0,19390529,0,CIN07,v,CIN,0,1,0,regular,y,y,
BRO193906030,white102,CHN,1,1,value,24,0,0,0,0,0,,,,,1,19390603,0,NYC15,v,BRO,1,0,0,regular,y,y,
BSN193906100,white102,CHN,1,1,value,25,0,2,0,0,0,,,,,1,19390610,0,BOS08,v,BSN,1,0,0,regular,y,y,
CHN193906170,white102,CHN,1,1,value,26,0,1,0,0,0,,,,,1,19390617,0,CHI11,h,BRO,0,1,0,regular,y,y,
CHN193906210,white102,CHN,1,1,value,25,0,0,0,0,0,,,,,1,19390621,0,CHI11,h,BSN,1,0,0,regular,y,y,
SLN193906270,white102,CHN,1,1,value,10,0,1,0,0,0,,,,,1,19390627,0,STL07,v,SLN,0,1,0,regular,y,y,
CHN193907010,white102,CHN,1,1,value,1,0,0,0,0,0,,,,,0,19390701,0,CHI11,h,CIN,0,1,0,regular,y,y,
CHN193907041,white102,CHN,1,1,value,27,1,0,0,0,0,,,,,1,19390704,1,CHI11,h,SLN,0,1,0,regular,y,y,
CHN193908091,white102,CHN,1,1,value,6,0,0,0,0,0,,,,,0,19390809,1,CHI11,h,CIN,0,1,0,regular,y,y,
CHN193908092,white102,CHN,1,1,value,0,0,0,0,0,0,,,,,0,19390809,2,CHI11,h,CIN,0,1,0,regular,y,y,
SLN193908150,white102,CHN,1,1,value,8,0,0,0,0,0,,,,,0,19390815,0,STL07,v,SLN,0,1,0,regular,y,y,
PIT193908202,white102,CHN,1,1,value,12,0,1,0,0,0,,,,,1,19390820,2,PIT06,v,PIT,0,1,0,regular,y,y,
NY1193908220,white102,CHN,1,1,value,9,0,0,0,0,0,,,,,0,19390822,0,NYC14,v,NY1,0,1,0,regular,y,y,
BRO193909012,white102,CHN,1,1,value,2,0,0,0,0,0,,,,,0,19390901,2,NYC15,v,BRO,0,1,0,regular,y,y,
CHN193909042,white102,CHN,1,1,value,2,0,0,0,0,0,,,,,0,19390904,2,CHI11,h,PIT,0,1,0,regular,y,y,
CHN193909080,white102,CHN,1,1,value,1,0,0,0,0,0,,,,,0,19390908,0,CHI11,h,SLN,0,1,0,regular,y,y,
CHN193909171,white102,CHN,1,1,value,16,0,0,0,0,0,,,,,1,19390917,1,CHI11,h,BRO,0,1,0,regular,y,y,
SLN193909230,white102,CHN,1,1,value,1,0,0,0,0,0,,,,,0,19390923,0,STL07,v,SLN,0,1,0,regular,y,y,
SLN193909240,white102,CHN,1,1,value,0,0,0,0,0,0,,,,,0,19390924,0,STL07,v,SLN,0,1,0,regular,y,y,
PIT193909272,white102,CHN,1,1,value,3,0,0,0,0,0,,,,,0,19390927,2,PIT06,v,PIT,1,0,0,regular,y,y,
CHN193909301,white102,CHN,1,1,value,4,0,0,0,0,0,,,,,0,19390930,1,CHI11,h,SLN,0,1,0,regular,y,y,
