gid,visteam,hometeam,site,date,number,starttime,daynight,innings,tiebreaker,usedh,htbf,timeofgame,attendance,fieldcond,precip,sky,temp,winddir,windspeed,oscorer,forfeit,suspend,umphome,ump1b,ump2b,ump3b,umplf,umprf,wp,lp,save,gametype,vruns,hruns,wteam,lteam,line,batteries,lineups,box,pbp,season
NSH193504220,NY6,NSH,GAD01,19350422,0,,,9,,FALSE,,,,,,,,,,,,,,,,,,,garcc103,willj117,,exhibition,6,1,NY6,NSH,y,both,,,,1935
NSH193504230,NY6,NSH,GAD01,19350423,0,,,9,,FALSE,,,,,,,,,,,,,,,,,,,,,,exhibition,5,2,NY6,NSH,y,both,,,,1935
NY6193504280,PTC,NY6,NOL01,19350428,0,,day,,,,,,,,,,,,,,,,,,,,,,,,,exhibition,6,4,PTC,NY6,,,,,,1935
CAG193505050,NY6,CAG,CHI16,19350505,0,,day,,,false,,120,0,unknown,unknown,unknown,0,unknown,-1,,,,craij901,harrm103,,,,,cornw101,dihim101,trent101,regular,3,4,CAG,NY6,y,both,y,y,d,1935
CAG193505080,NY6,CAG,TOL05,19350508,0,,,9,,FALSE,,,,,,,,,,,,,,,,,,,stann101,trent101,,regular,9,4,NY6,CAG,y,both,,,,1935
PTC193505110,NY6,PTC,PIT09,19350511,0,,day,,,false,,0,6000,unknown,unknown,unknown,0,unknown,-1,,,,crumj101,gholb901,,,,,bellw101,garcc103,davir103,regular,5,6,PTC,NY6,y,both,y,y,d,1935
PTC193505121,NY6,PTC,PIT09,19350512,1,,day,,,false,,100,5000,unknown,unknown,unknown,0,unknown,-1,,,,gholb901,crumj101,,,,,matll101,diazh101,,regular,1,2,PTC,NY6,y,both,y,y,d,1935
PTC193505122,NY6,PTC,PIT09,19350512,2,,day,7,,false,,0,5000,unknown,unknown,unknown,0,unknown,-1,,,,gholb901,crumj101,,,,,,,,regular,4,4,,,y,both,y,y,d,1935
PTC193505130,NY6,PTC,PIT09,19350513,0,,night,9,,FALSE,,,,,,,,,,,,,gholb901,,crumj101,,,,,,,regular,3,3,,,y,both,y,y,,1935
PTC193505140,NY6,PTC,BEA02,19350514,0,,,9,,FALSE,,,,,,,,,,,,,,,,,,,fernr101,stres101,taylj108,exhibition,7,3,NY6,PTC,y,both,y,y,,1935
NSH193505180,NY6,NSH,COL05,19350518,0,,day,,,false,,125,0,unknown,unknown,unknown,0,unknown,-1,,,,harrm103,craij901,,,,,willj117,stann101,,regular,3,4,NSH,NY6,y,both,y,y,d,1935
NSH193505191,NY6,NSH,COL05,19350519,1,,day,,,,,120,,,,,,,,,,,craij901,harrm103,,,,,taylj108,porta103,,regular,3,1,NY6,NSH,y,both,y,y,,1935
NSH193505192,NY6,NSH,COL05,19350519,2,,day,7,,,,70,,,,,,,,,,,craij901,harrm103,,,,,byrdb101,dihim101,,regular,1,2,NSH,NY6,y,both,,,,1935
NSH193505200,NY6,NSH,COL05,19350520,0,,,,,,,,,,,,,,,,,,,,,,,,,,,regular,2,5,NSH,NY6,,,,,,1935
NSH193505210,NY6,NSH,ZAN01,19350521,0,,,9,,FALSE,,,,,,,,,,,,,,,,,,,,,,exhibition,6,9,NSH,NY6,,,,,,1935
PTC193505230,NY6,PTC,HAG01,19350523,0,,,9,,FALSE,,73,,,,,,,,,,,,,,,,,bellw101,fernr101,,exhibition,0,2,PTC,NY6,y,both,,,,1935
NY6193505250,HOM,NY6,BEL02,19350525,0,,,,,,,,,,,,,,,,,,,,,,,,tianl102,,,regular,0,4,NY6,HOM,,,,,,1935
NY6193505261,HOM,NY6,NYC23,19350526,1,,,,,,,180,10000,,,,,,,,,,cleap901,turnc101,,,,,dulal101,stann101,,regular,12,3,HOM,NY6,y,both,y,y,,1935
NY6193505262,HOM,NY6,NYC23,19350526,2,,,,,,,120,10000,,,,,,,,,,cleap901,turnc101,,,,,browr103,taylj108,,regular,6,3,HOM,NY6,y,both,y,y,,1935
NY6193505270,HOM,NY6,LIC01,19350527,0,,day,9,,FALSE,,,,,,,,,,,,,,,,,,,dihim101,parkt101,,regular,2,8,NY6,HOM,y,both,,,,1935
BRN193505301,NY6,BRN,NYC15,19350530,1,,,,,,,,5500,,,,,,,,,,crumj101,gholb901,,,,,wille104,taylj108,,regular,5,6,BRN,NY6,y,both,y,y,,1935
BRN193505302,NY6,BRN,NYC15,19350530,2,,day,,,false,,0,5500,unknown,unknown,unknown,0,unknown,-1,,,,crumj101,gholb901,,,,,tianl102,day-l101,,regular,4,0,NY6,BRN,y,both,y,y,d,1935
NY6193506010,BRN,NY6,BEL02,19350601,0,,,,,,,,,,,,,,,,,,harrm103,craij901,,,,,garcc103,radct101,,regular,8,9,NY6,BRN,y,both,y,y,,1935
NY6193506021,BRN,NY6,NYC25,19350602,1,,,,,,,,8000,,,,,,,,,,craij901,harrm103,,,,,tianl102,jackw101,blakf101,regular,6,12,NY6,BRN,y,both,y,y,,1935
NY6193506022,BRN,NY6,NYC25,19350602,2,,,,,,,,8000,,,,,,,,,,harrm103,craij901,,,,,day-l101,taylj108,,regular,10,1,BRN,NY6,y,both,y,y,,1935
NY6193506030,BRN,NY6,LIC01,19350603,0,,night,9,,FALSE,,,,,,,,,,,,,,,,,,,,,,regular,9,5,BRN,NY6,,,,,,1935
NY6193506060,NW1,NY6,PAS01,19350606,0,,night,,,,,,1200,,,,,,,,,,,,,,,,evanb105,diazh101,,regular,13,6,NW1,NY6,y,both,,,,1935
NY6193506150,NSH,NY6,BEL02,19350615,0,,,,,,,,,,,,,,,,,,,,,,,,,,,regular,11,10,NSH,NY6,,,,,,1935
NY6193506161,NSH,NY6,NYC25,19350616,1,,,,,,,140,5000,,,,,,,,,,cleap901,turnc101,,,,,tianl102,willj117,,regular,0,6,NY6,NSH,y,both,y,y,,1935
NY6193506162,NSH,NY6,NYC25,19350616,2,,,,,,,,5000,,,,,,,,,,turnc101,cleap901,,,,,grifb102,garcc103,,regular,8,6,NSH,NY6,y,both,y,y,,1935
NY6193506220,PTC,NY6,BEL02,19350622,0,,day,,,false,,0,0,unknown,unknown,unknown,0,unknown,-1,,,,crumj101,gholb901,,,,,taylj108,huntb106,,regular,2,6,NY6,PTC,y,both,y,y,d,1935
NY6193506231,PTC,NY6,NYC25,19350623,1,,day,,,false,,0,8000,unknown,unknown,unknown,0,unknown,-1,,,,gholb901,crumj101,,,,,matll101,tianl102,,regular,7,1,PTC,NY6,y,both,y,y,d,1935
NY6193506232,PTC,NY6,NYC25,19350623,2,,day,,,false,,0,8000,unknown,unknown,unknown,0,unknown,-1,,,,crumj101,gholb901,,,,,davir103,garcc103,,regular,10,0,PTC,NY6,y,both,y,y,d,1935
PH5193506291,NY6,PH5,PHI17,19350629,1,,day,,,false,,0,0,unknown,unknown,unknown,0,unknown,-1,,,,crumj101,,,,,,ellir105,stann101,,regular,2,3,PH5,NY6,y,both,y,y,d,1935
PH5193506292,NY6,PH5,PHI17,19350629,2,,day,,,,,,,,,,,,,,,,,crumj101,,,,,,,,regular,7,7,,,y,both,y,y,,1935
NY6193506301,PH5,NY6,NYC25,19350630,1,,,,,,,,4000,,,,,,,,,,,,,,,,taylj108,jones107,,regular,0,5,NY6,PH5,y,p,,,,1935
NY6193506302,PH5,NY6,NYC25,19350630,2,,,,,,,,4000,,,,,,,,,,,,,,,,tianl102,,,regular,4,12,NY6,PH5,y,,,,,1935
NSH193507020,NY6,NSH,NSH02,19350702,0,,night,,,,,,,,,,,,,,,,,,,,,,porta103,,,regular,3,14,NSH,NY6,y,,,,,1935
PH5193507041,NY6,PH5,PHI17,19350704,1,,day,,,,,,,,,,,,,,,,,,,,,,mcdow101,stann101,,regular,4,5,PH5,NY6,y,both,y,y,,1935
PH5193507042,NY6,PH5,PHI17,19350704,2,,day,,,,,,,,,,,,,,,,,,,,,,,,,regular,11,8,NY6,PH5,,,,,,1935
NY6193507060,NSH,NY6,BEL02,19350706,0,,,9,,FALSE,,,,,,,,,,,,,,,,,,,,,,regular,3,9,NY6,NSH,,,,,,1935
NY6193507071,NSH,NY6,NYC25,19350707,1,,,,,,,,,,,,,,,,,,,,,,,,porta103,tianl102,,regular,8,7,NSH,NY6,y,both,,,,1935
NY6193507072,NSH,NY6,NYC25,19350707,2,,,,,,,,,,,,,,,,,,,,,,,,porta103,garcc103,,regular,15,3,NSH,NY6,y,both,,,,1935
NY6193507130,CAG,NY6,BEL02,19350713,0,,day,,,false,,0,600,unknown,unknown,unknown,0,unknown,-1,,,,,,,,,,blakf101,trent101,,regular,1,2,NY6,CAG,y,both,y,y,d,1935
NY6193507141,CAG,NY6,NYC25,19350714,1,,,,,,,,6000,,,,,,,,,,gansj101,harrm103,,,,,garcc103,thomw103,,regular,5,11,NY6,CAG,y,both,y,y,,1935
NY6193507142,CAG,NY6,NYC25,19350714,2,,,,,,,,6000,,,,,,,,,,harrm103,gansj101,,,,,fostw101,tianl102,,regular,10,5,CAG,NY6,y,both,y,y,,1935
NY6193507160,BRN,NY6,NYC25,19350716,0,,night,,,,,,,,,,,,,,,,,,,,,,,,,exhibition,5,5,,,,,,,,1935
NY6193507200,HOM,NY6,NYC30,19350720,0,,day,,,,,,,,,,,,,,,,harrm103,gansj101,,,,,stann101,stroj103,,regular,5,6,NY6,HOM,y,both,y,y,,1935
NY6193507211,HOM,NY6,NYC25,19350721,1,,,,,,,,,,,,,,,,,,gansj101,harrb901,,,,,tianl102,gisew101,,regular,0,11,NY6,HOM,y,both,y,y,,1935
NY6193507212,HOM,NY6,NYC25,19350721,2,,,,,,,,,,,,,,,,,,harrb901,gansj101,,,,,browr103,garcc103,,regular,6,0,HOM,NY6,y,both,y,y,,1935
HOM193507270,NY6,HOM,PIT09,19350727,0,,day,,,false,,125,0,unknown,unknown,unknown,0,unknown,-1,,,,wallg901,turnc101,,,,,stann101,stroj103,tianl102,regular,5,4,NY6,HOM,y,both,y,y,d,1935
HOM193507280,NY6,HOM,PIT09,19350728,0,,,,,,,,,,,,,,,,,,,,,,,,tianl102,browr103,,regular,16,15,NY6,HOM,y,both,y,y,,1935
HOM193507310,NY6,HOM,DAY03,19350731,0,,,,,,,,1700,,,,,,,,,,,,,,,,dihim101,browr103,,regular,3,2,NY6,HOM,y,both,,,,1935
CAG193508030,NY6,CAG,CHI09,19350803,0,,day,,,,,,,,,,,,,,,,harrm103,gansj101,,turnc101,,,taylj108,cornw101,,regular,9,4,NY6,CAG,y,both,y,y,,1935
CAG193508041,NY6,CAG,CHI09,19350804,1,,,,,,,,,,,,,,,,,,gansj101,turnc101,,harrm103,,,dihim101,fostw101,tianl102,regular,8,6,NY6,CAG,y,both,y,y,,1935
CAG193508042,NY6,CAG,CHI09,19350804,2,,,,,,,,,,,,,,,,,,turnc101,harrm103,,gansj101,,,thomw103,blakf101,,regular,5,10,CAG,NY6,y,both,,,,1935
CAG193508050,NY6,CAG,CHI09,19350805,0,,day,9,,FALSE,,,,,,,,,,,,,,,,,,,dihim101,trent101,,regular,6,1,NY6,CAG,y,both,,,,1935
CAG193508060,NY6,CAG,CHI15,19350806,0,,,6,,FALSE,,,,,,,,,,,,,,,,,,,,,,exhibition,6,6,,,,,,,,1935
NY6193508170,NW1,NY6,BEL02,19350817,0,,,,,,,165,,,,,,,,,,,gansj101,craij901,,,,,taylj108,hayej104,,regular,4,5,NY6,NW1,,both,y,y,,1935
NY6193508181,NW1,NY6,NYC25,19350818,1,,,,,,,100,5000,,,,,,,,,,craij901,gansj101,,,,,dihim101,burnw102,,regular,2,5,NY6,NW1,y,both,y,y,,1935
NY6193508182,NW1,NY6,NYC25,19350818,2,,day,,,false,,120,5000,unknown,unknown,unknown,0,unknown,-1,,,,gansj101,craij901,,,,,blakf101,evanb105,,regular,3,4,NY6,NW1,y,both,y,y,d,1935
NY6193508190,NW1,NY6,LIC01,19350819,0,,night,9,,FALSE,,,,,,,,,,,,,,,,,,,,,,regular,2,3,NY6,NW1,,,,,,1935
NY6193508240,BRN,NY6,BEL02,19350824,0,,,,,,,210,,,,,,,,,,,craij901,gansj101,,,,,day-l101,garcc103,,regular,5,1,BRN,NY6,y,both,y,y,,1935
NY6193508251,BRN,NY6,NYC25,19350825,1,,,,,,,139,10000,,,,,,,,,,gansj101,craij901,,,,,dihim101,mcdut101,,regular,4,12,NY6,BRN,y,both,y,y,,1935
NY6193508252,BRN,NY6,NYC25,19350825,2,,,,,,,144,10000,,,,,,,,,,craij901,gansj101,,,,,jackw101,tianl102,,regular,5,0,BRN,NY6,y,both,y,y,,1935
NY6193508260,BRN,NY6,LIC01,19350826,0,,night,9,,FALSE,,,,,,,,,,,,,,,,,,,,,,regular,3,13,NY6,BRN,,,,,,1935
NY6193508290,NSH,NY6,PAT01,19350829,0,,night,,,false,,120,3000,unknown,unknown,unknown,0,unknown,-1,,,,pohlu901,brutu901,(none),harru902,,,thoms105,blakf101,,regular,4,2,NSH,NY6,y,both,y,y,d,1935
NY6193509011,PH5,NY6,NYC25,19350901,1,,,,,,,128,10000,,,,,,,,,,wallg901,gansj101,,,,,taylj108,jones107,,regular,1,5,NY6,PH5,y,both,y,y,,1935
NY6193509012,PH5,NY6,NYC25,19350901,2,,,,,,,,10000,,,,,,,,,,gansj101,wallg901,,,,,garcc103,cartp102,,regular,6,8,NY6,PH5,y,both,y,y,,1935
NY6193509071,PTC,NY6,PAT01,19350907,1,,day,,,false,,150,5000,unknown,unknown,unknown,0,unknown,-1,,,,brutu901,pohlu901,(none),harru902,,,blakf101,kinch101,,exhibition,3,9,NY6,PTC,y,both,y,y,d,1935
NY6193509081,PH5,NY6,NYC15,19350908,1,,day,,,false,,130,8000,unknown,unknown,unknown,0,unknown,-1,,,,gholb901,crumj101,(none),gansj101,,,,,,exhibition,2,2,,,y,both,y,y,d,1935
NY6193509130,PTC,NY6,NYC25,19350913,0,0:00PM,day,,,false,,-1,7500,unknown,unknown,unknown,0,unknown,-1,,,,craij901,gansj101,harrm103,gholb901,,,blakf101,stres101,,lcs,2,6,NY6,PTC,y,both,y,y,,1935
NY6193509140,PTC,NY6,PHI17,19350914,0,0:00PM,,,,false,,110,10000,unknown,unknown,unknown,0,unknown,-1,,,,gansj101,harrm103,gholb901,craij901,,,stann101,davir103,,lcs,0,4,NY6,PTC,y,both,y,y,,1935
NY6193509150,PTC,NY6,NYC25,19350915,0,,day,,,false,,143,7000,unknown,unknown,unknown,0,unknown,-1,,,,craij901,gholb901,gansj101,harrm103,,,matll101,taylj108,,lcs,3,0,PTC,NY6,y,both,y,y,y,1935
PH5193509160,NY6,PH5,PHI17,19350916,0,,night,,,false,,117,0,unknown,unknown,unknown,0,unknown,-1,,,,schau901,daviu902,,,,,,,,exhibition,6,6,,,y,both,y,y,d,1935
PTC193509180,NY6,PTC,PIT09,19350918,0,0:00PM,,,,false,,-1,0,unknown,unknown,unknown,0,unknown,-1,,,,,,,,,,dihim101,matll101,,lcs,6,1,NY6,PTC,y,both,y,y,,1935
PTC193509190,NY6,PTC,PIT09,19350919,0,0:00PM,,,,false,,-1,0,unknown,unknown,unknown,0,unknown,-1,,,,craij901,harrm103,gholb901,gansj101,,,davir103,blakf101,,lcs,2,3,PTC,NY6,y,both,y,y,,1935
PTC193509200,NY6,PTC,PHI17,19350920,0,0:00PM,day,,,false,,-1,0,unknown,unknown,unknown,0,unknown,-1,,,,,,,,,,matll101,dihim101,,lcs,6,7,PTC,NY6,y,both,y,y,,1935
NY6193509210,PTC,NY6,PHI17,19350921,0,0:00PM,,,,false,,-1,0,unknown,unknown,unknown,0,unknown,-1,,,,harrm103,gholb901,craij901,gansj101,,,harvb101,taylj108,,lcs,8,7,PTC,NY6,y,both,y,y,,1935
NY6193509221,NSH,NY6,NYC16,19350922,1,,,,,,,,15000,,,,,,,,,,gholb901,harrm103,gansj101,craij901,,,thoms105,garcc103,,exhibition,4,3,NSH,NY6,y,both,y,y,,1935
NY6193509230,PTC,NY6,NYC25,19350923,0,,night,,,,,,,,,,,,,,,,,,,,,,,,,exhibition,6,4,PTC,NY6,,,,,,1935
NY6193509291,BRS,NY6,NYC25,19350929,1,0:00PM,day,,,false,,-1,0,unknown,unknown,unknown,0,unknown,-1,,,,manlu901,presu901,,,,,tianl102,barfc101,,exhibition,1,6,NY6,BRS,y,both,y,y,,1935
