gid,id,team,d_seq,d_pos,stattype,d_ifouts,d_po,d_a,d_e,d_dp,d_tp,d_pb,d_wp,d_sb,d_cs,d_gs,date,number,site,vishome,opp,win,loss,tie,gametype,box,pbp,eject
TWA194110080,fernn101,TWA,1,6,value,,1,0,0,0,0,,,,,1,19411008,0,LOS02,h,ECG,1,0,0,exhibition,y,,
ECG194110191,fernn101,PIR,1,6,value,27,2,4,2,0,0,,,,,1,19411019,1,LOS02,v,ECG,1,0,0,exhibition,y,,
PIR194110260,fernn101,PIR,1,5,value,33,2,4,0,1,0,,,,,1,19411026,0,LOS02,h,ECG,1,0,0,exhibition,y,,
PHI194204140,fernn101,BSN,1,5,value,27,2,1,0,0,0,,,,,1,19420414,0,PHI11,v,PHI,1,0,0,regular,y,y,
PHI194204150,fernn101,BSN,1,5,value,27,2,3,1,1,0,,,,,1,19420415,0,PHI11,v,PHI,1,0,0,regular,y,d,
PHI194204160,fernn101,BSN,1,5,value,30,2,5,1,0,0,,,,,1,19420416,0,PHI11,v,PHI,1,0,0,regular,y,d,
BSN194204170,fernn101,BSN,1,5,value,27,1,1,0,0,0,,,,,1,19420417,0,BOS08,h,NY1,1,0,0,regular,y,y,
BSN194204180,fernn101,BSN,1,5,value,27,2,1,1,1,0,,,,,1,19420418,0,BOS08,h,NY1,0,1,0,regular,y,y,
BSN194204190,fernn101,BSN,1,5,value,27,1,3,0,0,0,,,,,1,19420419,0,BOS08,h,NY1,0,1,0,regular,y,y,
BRO194204200,fernn101,BSN,1,5,value,24,0,1,0,0,0,,,,,1,19420420,0,NYC15,v,BRO,0,1,0,regular,y,y,
BRO194204210,fernn101,BSN,1,5,value,24,1,0,0,0,0,,,,,1,19420421,0,NYC15,v,BRO,0,1,0,regular,y,y,
BSN194204220,fernn101,BSN,1,5,value,36,1,0,0,0,0,,,,,1,19420422,0,BOS08,h,BRO,0,1,0,regular,y,y,
BSN194204230,fernn101,BSN,1,5,value,27,2,0,2,1,0,,,,,1,19420423,0,BOS08,h,BRO,0,1,0,regular,y,y,
NY1194204240,fernn101,BSN,1,5,value,24,0,1,0,0,0,,,,,1,19420424,0,NYC14,v,NY1,0,1,0,regular,y,y,
NY1194204250,fernn101,BSN,1,5,value,24,1,0,1,0,0,,,,,1,19420425,0,NYC14,v,NY1,0,1,0,regular,y,y,
NY1194204261,fernn101,BSN,1,5,value,27,3,3,2,0,0,,,,,1,19420426,1,NYC14,v,NY1,1,0,0,regular,y,y,
NY1194204262,fernn101,BSN,1,5,value,27,1,2,0,0,0,,,,,1,19420426,2,NYC14,v,NY1,1,0,0,regular,y,y,
CHN194204280,fernn101,BSN,1,5,value,27,1,1,0,0,0,,,,,1,19420428,0,CHI11,v,CHN,1,0,0,regular,y,y,
CHN194204290,fernn101,BSN,1,5,value,27,0,2,0,0,0,,,,,1,19420429,0,CHI11,v,CHN,1,0,0,regular,y,y,
CHN194204300,fernn101,BSN,1,5,value,27,0,4,0,0,0,,,,,1,19420430,0,CHI11,v,CHN,1,0,0,regular,y,y,
SLN194205010,fernn101,BSN,1,5,value,29,1,3,0,0,0,,,,,1,19420501,0,STL07,v,SLN,0,1,0,regular,y,y,
SLN194205020,fernn101,BSN,1,5,value,18,0,0,0,0,0,,,,,1,19420502,0,STL07,v,SLN,1,0,0,regular,y,y,
PIT194205031,fernn101,BSN,1,5,value,24,1,2,2,0,0,,,,,1,19420503,1,PIT06,v,PIT,0,1,0,regular,y,y,
PIT194205032,fernn101,BSN,1,5,value,24,2,2,0,0,0,,,,,1,19420503,2,PIT06,v,PIT,1,0,0,regular,y,y,
PIT194205040,fernn101,BSN,1,5,value,25,0,3,0,0,0,,,,,1,19420504,0,PIT06,v,PIT,0,1,0,regular,y,d,
PIT194205050,fernn101,BSN,1,5,value,27,2,0,0,0,0,,,,,1,19420505,0,PIT06,v,PIT,1,0,0,regular,y,d,
BSN194205090,fernn101,BSN,1,5,value,27,1,8,0,1,0,,,,,1,19420509,0,BOS08,h,PHI,1,0,0,regular,y,y,
BSN194205101,fernn101,BSN,1,5,value,27,3,1,0,0,0,,,,,1,19420510,1,BOS08,h,PHI,1,0,0,regular,y,y,
BSN194205102,fernn101,BSN,1,5,value,27,1,1,0,0,0,,,,,1,19420510,2,BOS08,h,PHI,0,1,0,regular,y,y,
BSN194205110,fernn101,BSN,1,5,value,27,3,4,1,1,0,,,,,1,19420511,0,BOS08,h,PHI,1,0,0,regular,y,y,
BSN194205120,fernn101,BSN,1,5,value,27,3,1,1,0,0,,,,,1,19420512,0,BOS08,h,CHN,0,1,0,regular,y,y,
BSN194205130,fernn101,BSN,1,5,value,27,3,2,1,0,0,,,,,1,19420513,0,BOS08,h,CHN,1,0,0,regular,y,y,
BSN194205150,fernn101,BSN,1,5,value,27,5,1,0,0,0,,,,,1,19420515,0,BOS08,h,SLN,1,0,0,regular,y,y,
BSN194205160,fernn101,BSN,1,5,value,27,2,2,0,0,0,,,,,1,19420516,0,BOS08,h,SLN,0,1,0,regular,y,y,
BSN194205170,fernn101,BSN,1,5,value,27,3,3,1,0,0,,,,,1,19420517,0,BOS08,h,CIN,0,1,0,regular,y,y,
BSN194205190,fernn101,BSN,1,5,value,27,0,3,0,0,0,,,,,1,19420519,0,BOS08,h,CIN,1,0,0,regular,y,y,
BSN194205200,fernn101,BSN,1,5,value,30,2,2,0,0,0,,,,,1,19420520,0,BOS08,h,PIT,1,0,0,regular,y,y,
PHI194205220,fernn101,BSN,1,5,value,27,1,3,0,1,0,,,,,1,19420522,0,PHI11,v,PHI,1,0,0,regular,y,d,
PHI194205230,fernn101,BSN,1,5,value,25,0,6,2,0,0,,,,,1,19420523,0,PHI11,v,PHI,0,1,0,regular,y,y,
PHI194205241,fernn101,BSN,1,5,value,31,1,4,0,0,0,,,,,1,19420524,1,PHI11,v,PHI,0,1,0,regular,y,y,
PHI194205242,fernn101,BSN,1,5,value,27,1,1,1,0,0,,,,,1,19420524,2,PHI11,v,PHI,1,0,0,regular,y,y,
BSN194205250,fernn101,BSN,1,5,value,33,2,5,1,0,0,,,,,1,19420525,0,BOS08,h,NY1,1,0,0,regular,y,y,
BSN194205260,fernn101,BSN,1,5,value,27,1,1,2,0,0,,,,,1,19420526,0,BOS08,h,NY1,1,0,0,regular,y,y,
BSN194205270,fernn101,BSN,1,5,value,27,0,1,0,0,0,,,,,1,19420527,0,BOS08,h,BRO,0,1,0,regular,y,y,
BSN194205280,fernn101,BSN,1,5,value,27,1,3,1,2,0,,,,,1,19420528,0,BOS08,h,BRO,0,1,0,regular,y,y,
BSN194205290,fernn101,BSN,1,5,value,27,1,3,0,0,0,,,,,1,19420529,0,BOS08,h,PHI,0,1,0,regular,y,y,
BSN194205301,fernn101,BSN,1,5,value,27,1,3,1,1,0,,,,,1,19420530,1,BOS08,h,PHI,1,0,0,regular,y,y,
BSN194205302,fernn101,BSN,1,5,value,27,2,1,0,0,0,,,,,1,19420530,2,BOS08,h,PHI,1,0,0,regular,y,y,
BRO194205311,fernn101,BSN,1,5,value,24,0,1,0,0,0,,,,,1,19420531,1,NYC15,v,BRO,0,1,0,regular,y,y,
BRO194205312,fernn101,BSN,1,5,value,24,0,1,0,0,0,,,,,1,19420531,2,NYC15,v,BRO,0,1,0,regular,y,y,
SLN194206020,fernn101,BSN,1,5,value,24,1,2,0,0,0,,,,,1,19420602,0,STL07,v,SLN,0,1,0,regular,y,y,
SLN194206030,fernn101,BSN,1,5,value,27,2,1,0,1,0,,,,,1,19420603,0,STL07,v,SLN,1,0,0,regular,y,d,
SLN194206040,fernn101,BSN,1,5,value,24,1,0,0,0,0,,,,,1,19420604,0,STL07,v,SLN,0,1,0,regular,y,d,
CIN194206051,fernn101,BSN,1,5,value,26,0,3,1,0,0,,,,,1,19420605,1,CIN07,v,CIN,0,1,0,regular,y,y,
CIN194206060,fernn101,BSN,1,5,value,9,0,1,0,0,0,,,,,1,19420606,0,CIN07,v,CIN,0,1,0,regular,y,y,
CIN194206071,fernn101,BSN,1,5,value,24,1,0,1,0,0,,,,,1,19420607,1,CIN07,v,CIN,0,1,0,regular,y,y,
CHN194206120,fernn101,BSN,1,5,value,24,3,2,0,0,0,,,,,1,19420612,0,CHI11,v,CHN,0,1,0,regular,y,y,
CHN194206130,fernn101,BSN,1,5,value,24,2,1,0,0,0,,,,,1,19420613,0,CHI11,v,CHN,0,1,0,regular,y,y,
CHN194206141,fernn101,BSN,1,5,value,24,0,1,0,0,0,,,,,1,19420614,1,CHI11,v,CHN,0,1,0,regular,y,y,
CHN194206142,fernn101,BSN,1,5,value,9,1,0,0,0,0,,,,,0,19420614,2,CHI11,v,CHN,1,0,0,regular,y,y,
BSN194206160,fernn101,BSN,1,5,value,27,0,2,0,0,0,,,,,1,19420616,0,BOS08,h,CIN,0,1,0,regular,y,y,
BSN194206171,fernn101,BSN,1,5,value,27,1,2,0,0,0,,,,,1,19420617,1,BOS08,h,CIN,0,1,0,regular,y,y,
BSN194206172,fernn101,BSN,1,5,value,33,1,2,0,1,0,,,,,1,19420617,2,BOS08,h,CIN,0,1,0,regular,y,y,
BSN194206190,fernn101,BSN,1,5,value,33,1,0,0,0,0,,,,,1,19420619,0,BOS08,h,PIT,0,1,0,regular,y,y,
BSN194206200,fernn101,BSN,1,5,value,27,1,2,0,0,0,,,,,1,19420620,0,BOS08,h,PIT,1,0,0,regular,y,y,
BSN194206210,fernn101,BSN,1,5,value,30,1,5,0,0,0,,,,,1,19420621,0,BOS08,h,PIT,0,1,0,regular,y,y,
BSN194206241,fernn101,BSN,1,5,value,27,1,2,0,1,0,,,,,1,19420624,1,BOS08,h,SLN,1,0,0,regular,y,y,
BSN194206242,fernn101,BSN,1,5,value,27,0,3,0,0,0,,,,,1,19420624,2,BOS08,h,SLN,1,0,0,regular,y,y,
BSN194206250,fernn101,BSN,1,5,value,27,2,1,0,1,0,,,,,1,19420625,0,BOS08,h,SLN,0,1,0,regular,y,y,
BSN194206260,fernn101,BSN,1,5,value,27,2,1,0,0,0,,,,,1,19420626,0,BOS08,h,CHN,0,1,0,regular,y,y,
BSN194206270,fernn101,BSN,1,5,value,27,2,4,0,0,0,,,,,1,19420627,0,BOS08,h,CHN,1,0,0,regular,y,y,
BSN194206281,fernn101,BSN,1,5,value,27,2,1,0,0,0,,,,,1,19420628,1,BOS08,h,CHN,1,0,0,regular,y,d,
BSN194206282,fernn101,BSN,1,5,value,27,1,0,0,0,0,,,,,1,19420628,2,BOS08,h,CHN,0,1,0,regular,y,d,
BRO194206300,fernn101,BSN,1,5,value,27,2,0,0,0,0,,,,,1,19420630,0,NYC15,v,BRO,1,0,0,regular,y,y,
NY1194207030,fernn101,BSN,1,5,value,24,0,5,1,0,0,,,,,1,19420703,0,NYC14,v,NY1,0,1,0,regular,y,y,
NY1194207041,fernn101,BSN,1,5,value,24,1,1,0,0,0,,,,,1,19420704,1,NYC14,v,NY1,0,1,0,regular,y,y,
NY1194207042,fernn101,BSN,1,5,value,24,0,2,0,0,0,,,,,1,19420704,2,NYC14,v,NY1,0,1,0,regular,y,y,
BSN194207051,fernn101,BSN,1,5,value,27,1,2,0,0,0,,,,,1,19420705,1,BOS08,h,BRO,1,0,0,regular,y,y,
BSN194207052,fernn101,BSN,1,5,value,27,0,1,1,0,0,,,,,1,19420705,2,BOS08,h,BRO,0,1,0,regular,y,y,
CHN194207090,fernn101,BSN,1,5,value,39,1,5,0,1,0,,,,,1,19420709,0,CHI11,v,CHN,1,0,0,regular,y,y,
CHN194207100,fernn101,BSN,1,5,value,24,0,1,1,0,0,,,,,1,19420710,0,CHI11,v,CHN,0,1,0,regular,y,y,
SLN194207121,fernn101,BSN,1,7,value,15,1,0,0,0,0,,,,,0,19420712,1,STL07,v,SLN,0,1,0,regular,y,d,
SLN194207122,fernn101,BSN,1,7,value,24,3,0,0,0,0,,,,,1,19420712,2,STL07,v,SLN,0,1,0,regular,y,d,
SLN194207140,fernn101,BSN,1,5,value,32,4,2,0,0,0,,,,,1,19420714,0,STL07,v,SLN,0,1,0,regular,y,y,
CIN194207151,fernn101,BSN,1,5,value,24,2,2,1,0,0,,,,,1,19420715,1,CIN07,v,CIN,0,1,0,regular,y,y,
CIN194207152,fernn101,BSN,1,5,value,27,3,3,0,0,0,,,,,1,19420715,2,CIN07,v,CIN,1,0,0,regular,y,y,
CIN194207160,fernn101,BSN,1,5,value,24,0,0,0,0,0,,,,,1,19420716,0,CIN07,v,CIN,0,1,0,regular,y,y,
PIT194207180,fernn101,BSN,1,5,value,24,1,3,0,0,0,,,,,1,19420718,0,PIT06,v,PIT,0,1,0,regular,y,y,
PIT194207191,fernn101,BSN,1,5,value,25,2,5,0,0,0,,,,,1,19420719,1,PIT06,v,PIT,0,1,0,regular,y,d,
BSN194207210,fernn101,BSN,1,5,value,51,3,7,0,0,0,,,,,1,19420721,0,BOS08,h,CHN,1,0,0,regular,y,y,
BSN194207220,fernn101,BSN,1,5,value,27,1,3,0,0,0,,,,,1,19420722,0,BOS08,h,CHN,0,1,0,regular,y,d,
BSN194207240,fernn101,BSN,1,5,value,27,2,3,0,0,0,,,,,1,19420724,0,BOS08,h,SLN,0,1,0,regular,y,y,
BSN194207250,fernn101,BSN,1,5,value,27,2,3,0,0,0,,,,,1,19420725,0,BOS08,h,SLN,0,1,0,regular,y,y,
BSN194207261,fernn101,BSN,1,5,value,27,0,4,0,1,0,,,,,1,19420726,1,BOS08,h,SLN,1,0,0,regular,y,y,
BSN194207262,fernn101,BSN,1,5,value,27,2,2,0,0,0,,,,,1,19420726,2,BOS08,h,SLN,0,1,0,regular,y,y,
BSN194207280,fernn101,BSN,1,5,value,27,0,1,0,0,0,,,,,1,19420728,0,BOS08,h,PIT,1,0,0,regular,y,y,
BSN194207291,fernn101,BSN,1,5,value,27,1,1,1,0,0,,,,,1,19420729,1,BOS08,h,PIT,0,1,0,regular,y,y,
BSN194207292,fernn101,BSN,1,5,value,27,1,2,1,0,0,,,,,1,19420729,2,BOS08,h,PIT,1,0,0,regular,y,y,
BSN194207310,fernn101,BSN,1,5,value,27,0,2,0,0,0,,,,,1,19420731,0,BOS08,h,CIN,0,1,0,regular,y,y,
BSN194208010,fernn101,BSN,1,5,value,30,0,3,0,0,0,,,,,1,19420801,0,BOS08,h,CIN,1,0,0,regular,y,y,
BSN194208021,fernn101,BSN,1,5,value,27,0,2,0,0,0,,,,,1,19420802,1,BOS08,h,CIN,1,0,0,regular,y,y,
BSN194208022,fernn101,BSN,1,5,value,27,3,1,0,0,0,,,,,1,19420802,2,BOS08,h,CIN,0,1,0,regular,y,y,
PHI194208040,fernn101,BSN,1,5,value,24,1,3,1,1,0,,,,,1,19420804,0,PHI11,v,PHI,0,1,0,regular,y,y,
BRO194208070,fernn101,BSN,1,7,value,33,5,0,0,0,0,,,,,1,19420807,0,NYC15,v,BRO,1,0,0,regular,y,y,
BSN194208080,fernn101,BSN,1,7,value,27,4,0,0,0,0,,,,,1,19420808,0,BOS08,h,BRO,1,0,0,regular,y,y,
BSN194208110,fernn101,BSN,1,7,value,27,2,0,0,0,0,,,,,1,19420811,0,BOS08,h,NY1,0,1,0,regular,y,y,
BSN194208121,fernn101,BSN,1,7,value,27,4,0,0,0,0,,,,,1,19420812,1,BOS08,h,NY1,1,0,0,regular,y,y,
BSN194208122,fernn101,BSN,1,7,value,27,3,0,0,0,0,,,,,1,19420812,2,BOS08,h,NY1,1,0,0,regular,y,y,
BRO194208141,fernn101,BSN,1,7,value,24,4,1,0,0,0,,,,,1,19420814,1,NYC15,v,BRO,0,1,0,regular,y,y,
BRO194208142,fernn101,BSN,1,7,value,24,2,0,0,0,0,,,,,1,19420814,2,NYC15,v,BRO,0,1,0,regular,y,y,
BRO194208150,fernn101,BSN,1,7,value,26,3,0,0,0,0,,,,,1,19420815,0,NYC15,v,BRO,0,1,0,regular,y,y,
BRO194208160,fernn101,BSN,1,7,value,21,2,0,0,0,0,,,,,1,19420816,0,NYC15,v,BRO,1,0,0,regular,y,y,
NY1194208170,fernn101,BSN,1,7,value,26,1,0,0,0,0,,,,,1,19420817,0,NYC14,v,NY1,0,1,0,regular,y,y,
NY1194208180,fernn101,BSN,1,7,value,24,0,0,0,0,0,,,,,1,19420818,0,NYC14,v,NY1,0,1,0,regular,y,y,
BRO194208190,fernn101,BSN,1,7,value,24,2,0,0,0,0,,,,,1,19420819,0,NYC15,v,BRO,0,1,0,regular,y,y,
BSN194208221,fernn101,BSN,1,7,value,30,3,0,0,0,0,,,,,1,19420822,1,BOS08,h,PHI,1,0,0,regular,y,y,
BSN194208222,fernn101,BSN,1,7,value,27,1,1,0,0,0,,,,,1,19420822,2,BOS08,h,PHI,0,1,0,regular,y,y,
BSN194208231,fernn101,BSN,1,7,value,27,6,0,0,0,0,,,,,1,19420823,1,BOS08,h,PHI,1,0,0,regular,y,d,
BSN194208232,fernn101,BSN,1,7,value,27,6,0,0,0,0,,,,,1,19420823,2,BOS08,h,PHI,0,1,0,regular,y,y,
PIT194208250,fernn101,BSN,1,7,value,24,4,0,0,0,0,,,,,1,19420825,0,PIT06,v,PIT,0,1,0,regular,y,y,
PIT194208270,fernn101,BSN,1,7,value,24,3,0,0,0,0,,,,,1,19420827,0,PIT06,v,PIT,0,1,0,regular,y,y,
CIN194208280,fernn101,BSN,1,7,value,27,2,0,0,0,0,,,,,1,19420828,0,CIN07,v,CIN,1,0,0,regular,y,y,
CIN194208290,fernn101,BSN,1,7,value,24,3,0,0,0,0,,,,,1,19420829,0,CIN07,v,CIN,0,1,0,regular,y,y,
SLN194208301,fernn101,BSN,1,7,value,24,1,0,0,0,0,,,,,1,19420830,1,STL07,v,SLN,0,1,0,regular,y,y,
SLN194208302,fernn101,BSN,1,7,value,31,3,0,0,0,0,,,,,1,19420830,2,STL07,v,SLN,0,1,0,regular,y,y,
SLN194209010,fernn101,BSN,1,7,value,24,3,0,0,0,0,,,,,1,19420901,0,STL07,v,SLN,0,1,0,regular,y,y,
CHN194209020,fernn101,BSN,1,7,value,30,0,0,0,0,0,,,,,1,19420902,0,CHI11,v,CHN,1,0,0,regular,y,y,
PHI194209061,fernn101,BSN,1,7,value,27,4,0,0,0,0,,,,,1,19420906,1,PHI11,v,PHI,1,0,0,regular,y,d,
PHI194209062,fernn101,BSN,1,7,value,27,5,0,0,0,0,,,,,1,19420906,2,PHI11,v,PHI,1,0,0,regular,y,d,
BSN194209071,fernn101,BSN,1,7,value,27,2,0,0,0,0,,,,,1,19420907,1,BOS08,h,BRO,0,1,0,regular,y,y,
BSN194209072,fernn101,BSN,1,7,value,27,2,0,0,0,0,,,,,1,19420907,2,BOS08,h,BRO,1,0,0,regular,y,y,
BSN194209101,fernn101,BSN,1,7,value,27,5,0,0,0,0,,,,,1,19420910,1,BOS08,h,CIN,0,1,0,regular,y,y,
BSN194209102,fernn101,BSN,1,8,value,27,4,0,0,0,0,,,,,1,19420910,2,BOS08,h,CIN,0,0,1,regular,y,y,
BSN194209121,fernn101,BSN,1,7,value,27,2,0,0,0,0,,,,,1,19420912,1,BOS08,h,PIT,1,0,0,regular,y,y,
BSN194209122,fernn101,BSN,1,8,value,33,3,1,0,0,0,,,,,1,19420912,2,BOS08,h,PIT,0,0,1,regular,y,y,
BSN194209131,fernn101,BSN,1,7,value,27,1,0,0,0,0,,,,,1,19420913,1,BOS08,h,CHN,1,0,0,regular,y,y,
BSN194209132,fernn101,BSN,1,8,value,21,1,0,0,0,0,,,,,1,19420913,2,BOS08,h,CHN,0,1,0,regular,y,d,
BSN194209132,fernn101,BSN,2,7,value,3,0,0,0,0,0,,,,,0,19420913,2,BOS08,h,CHN,0,1,0,regular,y,d,
BSN194209140,fernn101,BSN,1,7,value,27,1,1,0,0,0,,,,,1,19420914,0,BOS08,h,CHN,1,0,0,regular,y,y,
BSN194209160,fernn101,BSN,1,7,value,27,6,0,1,0,0,,,,,1,19420916,0,BOS08,h,SLN,0,1,0,regular,y,y,
BSN194209170,fernn101,BSN,1,7,value,27,4,0,0,0,0,,,,,1,19420917,0,BOS08,h,SLN,0,1,0,regular,y,y,
BSN194209190,fernn101,BSN,1,7,value,27,3,0,0,0,0,,,,,1,19420919,0,BOS08,h,NY1,0,1,0,regular,y,y,
BRO194209240,fernn101,BSN,1,7,value,24,1,0,0,0,0,,,,,1,19420924,0,NYC15,v,BRO,0,1,0,regular,y,y,
BRO194209250,fernn101,BSN,1,7,value,31,2,0,0,0,0,,,,,1,19420925,0,NYC15,v,BRO,0,1,0,regular,y,y,
NY1194209261,fernn101,BSN,1,7,value,24,2,0,0,0,0,,,,,1,19420926,1,NYC14,v,NY1,0,1,0,regular,y,y,
NY1194209262,fernn101,BSN,1,7,value,21,1,0,0,0,0,,,,,1,19420926,2,NYC14,v,NY1,1,0,0,regular,y,y,
PRG194210111,fernn101,PIR,1,5,value,27,1,3,0,0,0,,,,,1,19421011,1,LOS02,v,PRG,1,0,0,exhibition,y,,
PRG194210112,fernn101,PIR,1,5,value,15,1,2,0,0,0,,,,,1,19421011,2,LOS02,v,PRG,1,0,0,exhibition,y,,
PRG194210181,fernn101,PIR,1,9,value,27,1,0,0,0,0,,,,,1,19421018,1,LOS02,v,PRG,1,0,0,exhibition,y,,
PHI194604212,fernn101,BSN,1,5,value,3,0,0,0,0,0,,,,,0,19460421,2,PHI11,v,PHI,0,1,0,regular,y,y,
NY1194604250,fernn101,BSN,1,7,value,12,0,0,0,0,0,,,,,0,19460425,0,NYC14,v,NY1,1,0,0,regular,y,y,
BSN194604281,fernn101,BSN,1,7,value,27,3,0,0,0,0,,,,,1,19460428,1,BOS07,h,PHI,1,0,0,regular,y,d,
BSN194604282,fernn101,BSN,1,7,value,6,2,0,0,0,0,,,,,0,19460428,2,BOS07,h,PHI,1,0,0,regular,y,d,
PIT194605030,fernn101,BSN,1,7,value,24,3,0,0,0,0,,,,,1,19460503,0,PIT06,v,PIT,0,1,0,regular,y,y,
SLN194605051,fernn101,BSN,1,7,value,24,3,0,0,0,0,,,,,1,19460505,1,STL07,v,SLN,0,1,0,regular,y,d,
SLN194605052,fernn101,BSN,1,7,value,12,1,0,0,0,0,,,,,1,19460505,2,STL07,v,SLN,1,0,0,regular,y,d,
CHN194605080,fernn101,BSN,1,6,value,24,0,2,0,0,0,,,,,1,19460508,0,CHI11,v,CHN,0,1,0,regular,y,y,
CHN194605090,fernn101,BSN,1,6,value,27,2,4,0,1,0,,,,,1,19460509,0,CHI11,v,CHN,1,0,0,regular,y,y,
CHN194605090,fernn101,BSN,2,7,value,9,2,0,0,0,0,,,,,0,19460509,0,CHI11,v,CHN,1,0,0,regular,y,y,
BRO194605100,fernn101,BSN,1,6,value,24,1,1,0,0,0,,,,,1,19460510,0,NYC15,v,BRO,0,1,0,regular,y,y,
BSN194605110,fernn101,BSN,1,7,value,27,2,0,0,0,0,,,,,1,19460511,0,BOS08,h,NY1,0,1,0,regular,y,y,
BSN194605122,fernn101,BSN,1,7,value,24,2,0,0,0,0,,,,,1,19460512,2,BOS08,h,NY1,1,0,0,regular,y,y,
BSN194605122,fernn101,BSN,2,5,value,3,0,0,0,0,0,,,,,0,19460512,2,BOS08,h,NY1,1,0,0,regular,y,y,
BSN194605130,fernn101,BSN,1,6,value,9,0,0,0,0,0,,,,,0,19460513,0,BOS08,h,NY1,1,0,0,regular,y,y,
BSN194605160,fernn101,BSN,1,6,value,3,0,0,0,0,0,,,,,0,19460516,0,BOS08,h,SLN,0,1,0,regular,y,y,
BSN194605192,fernn101,BSN,1,5,value,6,0,0,0,0,0,,,,,0,19460519,2,BOS08,h,CHN,1,0,0,regular,y,d,
BSN194605220,fernn101,BSN,1,7,value,27,4,0,0,0,0,,,,,1,19460522,0,BOS08,h,CIN,1,0,0,regular,y,y,
NY1194605250,fernn101,BSN,1,7,value,24,3,0,0,0,0,,,,,1,19460525,0,NYC14,v,NY1,0,1,0,regular,y,y,
BRO194605301,fernn101,BSN,1,6,value,24,1,5,1,0,0,,,,,1,19460530,1,NYC15,v,BRO,0,1,0,regular,y,y,
BRO194605302,fernn101,BSN,1,6,value,3,0,1,0,0,0,,,,,1,19460530,2,NYC15,v,BRO,1,0,0,regular,y,y,
CHN194606010,fernn101,BSN,1,6,value,24,2,2,2,1,0,,,,,1,19460601,0,CHI11,v,CHN,0,1,0,regular,y,y,
CHN194606021,fernn101,BSN,1,7,value,15,1,1,0,1,0,,,,,1,19460602,1,CHI11,v,CHN,1,0,0,regular,y,y,
CIN194606091,fernn101,BSN,1,7,value,3,0,0,0,0,0,,,,,0,19460609,1,CIN07,v,CIN,1,0,0,regular,y,y,
BSN194606250,fernn101,BSN,1,5,value,9,0,1,0,0,0,,,,,0,19460625,0,BOS08,h,CHN,0,1,0,regular,y,y,
BRO194606270,fernn101,BSN,1,5,value,24,1,3,0,0,0,,,,,1,19460627,0,NYC15,v,BRO,0,1,0,regular,y,y,
BRO194606280,fernn101,BSN,1,5,value,24,0,3,0,0,0,,,,,1,19460628,0,NYC15,v,BRO,0,1,0,regular,y,y,
BRO194606290,fernn101,BSN,1,6,value,12,2,0,0,0,0,,,,,0,19460629,0,NYC15,v,BRO,0,1,0,regular,y,y,
BRO194606300,fernn101,BSN,1,6,value,24,2,5,0,0,0,,,,,1,19460630,0,NYC15,v,BRO,0,1,0,regular,y,y,
BSN194607020,fernn101,BSN,1,6,value,27,5,1,0,0,0,,,,,1,19460702,0,BOS08,h,NY1,1,0,0,regular,y,y,
BSN194607030,fernn101,BSN,1,6,value,27,2,3,1,2,0,,,,,1,19460703,0,BOS08,h,PHI,1,0,0,regular,y,y,
BSN194607041,fernn101,BSN,1,6,value,27,0,3,1,0,0,,,,,1,19460704,1,BOS08,h,PHI,0,1,0,regular,y,y,
BSN194607042,fernn101,BSN,1,5,value,27,3,2,0,0,0,,,,,1,19460704,2,BOS08,h,PHI,0,1,0,regular,y,d,
BSN194607042,fernn101,BSN,1,5,official,,,,0,1,,,,,,1,19460704,2,BOS08,h,PHI,0,1,0,regular,y,d,
BSN194607060,fernn101,BSN,1,5,value,21,0,1,0,0,0,,,,,1,19460706,0,BOS08,h,BRO,0,1,0,regular,y,y,
BSN194607060,fernn101,BSN,2,6,value,6,2,0,0,1,0,,,,,0,19460706,0,BOS08,h,BRO,0,1,0,regular,y,y,
BSN194607060,fernn101,BSN,1,5,official,,,,0,0,,,,,,1,19460706,0,BOS08,h,BRO,0,1,0,regular,y,y,
BSN194607060,fernn101,BSN,2,6,official,,,,0,0,,,,,,,19460706,0,BOS08,h,BRO,0,1,0,regular,y,y,
BSN194607071,fernn101,BSN,1,6,value,27,2,4,0,2,0,,,,,1,19460707,1,BOS08,h,BRO,1,0,0,regular,y,y,
BSN194607072,fernn101,BSN,1,6,value,27,1,2,0,1,0,,,,,1,19460707,2,BOS08,h,BRO,0,1,0,regular,y,y,
CIN194607131,fernn101,BSN,1,5,value,21,0,1,0,0,0,,,,,0,19460713,1,CIN07,v,CIN,1,0,0,regular,y,y,
CIN194607132,fernn101,BSN,1,5,value,27,2,4,0,1,0,,,,,1,19460713,2,CIN07,v,CIN,1,0,0,regular,y,y,
PIT194607141,fernn101,BSN,1,5,value,21,1,0,1,0,0,,,,,1,19460714,1,PIT06,v,PIT,1,0,0,regular,y,y,
PIT194607141,fernn101,BSN,2,6,value,6,0,1,0,0,0,,,,,0,19460714,1,PIT06,v,PIT,1,0,0,regular,y,y,
PIT194607141,fernn101,BSN,1,5,official,,,,1,1,,,,,,1,19460714,1,PIT06,v,PIT,1,0,0,regular,y,y,
PIT194607141,fernn101,BSN,2,6,official,,,,0,1,,,,,,,19460714,1,PIT06,v,PIT,1,0,0,regular,y,y,
PIT194607142,fernn101,BSN,1,5,value,24,0,3,0,0,0,,,,,1,19460714,2,PIT06,v,PIT,0,1,0,regular,y,d,
PIT194607150,fernn101,BSN,1,5,value,27,0,3,0,0,0,,,,,1,19460715,0,PIT06,v,PIT,1,0,0,regular,y,y,
CHN194607170,fernn101,BSN,1,5,value,21,0,1,0,0,0,,,,,0,19460717,0,CHI11,v,CHN,0,1,0,regular,y,y,
SLN194607200,fernn101,BSN,1,5,value,24,1,2,0,0,0,,,,,1,19460720,0,STL07,v,SLN,0,1,0,regular,y,y,
SLN194607211,fernn101,BSN,1,5,value,24,4,2,0,0,0,,,,,1,19460721,1,STL07,v,SLN,0,1,0,regular,y,y,
SLN194607212,fernn101,BSN,1,5,value,24,4,1,0,0,0,,,,,1,19460721,2,STL07,v,SLN,0,1,0,regular,y,y,
BSN194607240,fernn101,BSN,1,5,value,27,0,4,1,0,0,,,,,1,19460724,0,BOS08,h,CIN,0,1,0,regular,y,y,
BSN194607250,fernn101,BSN,1,5,value,27,1,1,0,0,0,,,,,1,19460725,0,BOS08,h,CIN,0,1,0,regular,y,y,
BSN194607270,fernn101,BSN,1,5,value,27,3,0,0,0,0,,,,,1,19460727,0,BOS08,h,SLN,1,0,0,regular,y,y,
BSN194607290,fernn101,BSN,1,5,value,27,0,0,0,0,0,,,,,1,19460729,0,BOS08,h,SLN,1,0,0,regular,y,y,
BSN194607310,fernn101,BSN,1,5,value,27,1,2,0,0,0,,,,,1,19460731,0,BOS08,h,PIT,1,0,0,regular,y,y,
BSN194608030,fernn101,BSN,1,5,value,27,1,2,0,0,0,,,,,1,19460803,0,BOS08,h,CHN,1,0,0,regular,y,y,
BSN194608041,fernn101,BSN,1,5,value,27,3,2,1,1,0,,,,,1,19460804,1,BOS08,h,CHN,1,0,0,regular,y,d,
BSN194608042,fernn101,BSN,1,5,value,27,0,1,0,0,0,,,,,1,19460804,2,BOS08,h,CHN,1,0,0,regular,y,d,
BSN194608050,fernn101,BSN,1,5,value,27,0,4,0,0,0,,,,,1,19460805,0,BOS08,h,BRO,0,1,0,regular,y,y,
PHI194608060,fernn101,BSN,1,5,value,36,1,2,1,0,0,,,,,1,19460806,0,PHI11,v,PHI,1,0,0,regular,y,y,
PHI194608081,fernn101,BSN,1,5,value,15,0,0,0,0,0,,,,,1,19460808,1,PHI11,v,PHI,0,1,0,regular,y,y,
PHI194608081,fernn101,BSN,2,6,value,9,1,0,0,0,0,,,,,0,19460808,1,PHI11,v,PHI,0,1,0,regular,y,y,
PHI194608082,fernn101,BSN,1,5,value,27,0,5,0,2,0,,,,,1,19460808,2,PHI11,v,PHI,1,0,0,regular,y,d,
BSN194608090,fernn101,BSN,1,5,value,27,1,1,0,0,0,,,,,1,19460809,0,BOS08,h,NY1,1,0,0,regular,y,y,
BSN194608111,fernn101,BSN,1,5,value,27,1,3,0,1,0,,,,,1,19460811,1,BOS08,h,NY1,1,0,0,regular,y,y,
BSN194608112,fernn101,BSN,1,5,value,27,1,1,0,0,0,,,,,1,19460811,2,BOS08,h,NY1,0,1,0,regular,y,d,
BSN194608140,fernn101,BSN,1,5,value,27,1,1,0,0,0,,,,,1,19460814,0,BOS08,h,PHI,1,0,0,regular,y,y,
BSN194608151,fernn101,BSN,1,5,value,27,0,4,2,0,0,,,,,1,19460815,1,BOS08,h,PHI,0,1,0,regular,y,y,
BSN194608152,fernn101,BSN,1,5,value,27,1,2,0,0,0,,,,,1,19460815,2,BOS08,h,PHI,1,0,0,regular,y,d,
NY1194608181,fernn101,BSN,1,5,value,24,1,1,0,0,0,,,,,1,19460818,1,NYC14,v,NY1,0,1,0,regular,y,y,
NY1194608182,fernn101,BSN,1,5,value,27,1,4,0,0,0,,,,,1,19460818,2,NYC14,v,NY1,1,0,0,regular,y,d,
SLN194608200,fernn101,BSN,1,5,value,24,0,0,0,0,0,,,,,1,19460820,0,STL07,v,SLN,0,1,0,regular,y,y,
SLN194608210,fernn101,BSN,1,5,value,27,1,1,0,0,0,,,,,1,19460821,0,STL07,v,SLN,1,0,0,regular,y,y,
CHN194608220,fernn101,BSN,1,5,value,27,0,2,0,0,0,,,,,1,19460822,0,CHI11,v,CHN,1,0,0,regular,y,y,
CHN194608230,fernn101,BSN,1,5,value,24,0,1,1,0,0,,,,,1,19460823,0,CHI11,v,CHN,0,1,0,regular,y,y,
CHN194608240,fernn101,BSN,1,5,value,24,0,2,1,0,0,,,,,1,19460824,0,CHI11,v,CHN,0,1,0,regular,y,y,
PIT194608251,fernn101,BSN,1,5,value,27,2,2,0,0,0,,,,,1,19460825,1,PIT06,v,PIT,1,0,0,regular,y,y,
PIT194608252,fernn101,BSN,1,5,value,27,1,2,0,0,0,,,,,1,19460825,2,PIT06,v,PIT,1,0,0,regular,y,y,
PIT194608260,fernn101,BSN,1,5,value,25,2,2,0,0,0,,,,,1,19460826,0,PIT06,v,PIT,0,1,0,regular,y,y,
PIT194608270,fernn101,BSN,1,5,value,27,1,2,0,0,0,,,,,1,19460827,0,PIT06,v,PIT,1,0,0,regular,y,y,
CIN194608281,fernn101,BSN,1,5,value,27,0,4,1,1,0,,,,,1,19460828,1,CIN07,v,CIN,1,0,0,regular,y,y,
CIN194608281,fernn101,BSN,1,5,official,,,,1,0,,,,,,1,19460828,1,CIN07,v,CIN,1,0,0,regular,y,y,
CIN194608282,fernn101,BSN,1,5,value,24,1,0,0,0,0,,,,,1,19460828,2,CIN07,v,CIN,0,1,0,regular,y,y,
CIN194608290,fernn101,BSN,1,5,value,27,3,3,0,1,0,,,,,1,19460829,0,CIN07,v,CIN,1,0,0,regular,y,y,
CIN194608290,fernn101,BSN,1,5,official,,,,0,0,,,,,,1,19460829,0,CIN07,v,CIN,1,0,0,regular,y,y,
PHI194608311,fernn101,BSN,1,5,value,24,2,1,0,0,0,,,,,1,19460831,1,PHI11,v,PHI,0,1,0,regular,y,y,
PHI194608312,fernn101,BSN,1,5,value,27,1,0,0,0,0,,,,,1,19460831,2,PHI11,v,PHI,1,0,0,regular,y,y,
PHI194609011,fernn101,BSN,1,5,value,27,0,1,0,0,0,,,,,1,19460901,1,PHI11,v,PHI,1,0,0,regular,y,y,
PHI194609012,fernn101,BSN,1,5,value,27,3,4,0,0,0,,,,,1,19460901,2,PHI11,v,PHI,1,0,0,regular,y,d,
BSN194609021,fernn101,BSN,1,7,value,12,0,0,0,0,0,,,,,1,19460902,1,BOS08,h,NY1,1,0,0,regular,y,y,
BSN194609021,fernn101,BSN,2,5,value,15,0,1,1,0,0,,,,,0,19460902,1,BOS08,h,NY1,1,0,0,regular,y,y,
BSN194609021,fernn101,BSN,1,7,official,,,,1,0,,,,,,1,19460902,1,BOS08,h,NY1,1,0,0,regular,y,y,
BSN194609021,fernn101,BSN,2,5,official,,,,0,0,,,,,,,19460902,1,BOS08,h,NY1,1,0,0,regular,y,y,
BSN194609022,fernn101,BSN,1,5,value,27,0,2,2,0,0,,,,,1,19460902,2,BOS08,h,NY1,0,1,0,regular,y,d,
BSN194609030,fernn101,BSN,1,5,value,27,1,1,1,0,0,,,,,1,19460903,0,BOS08,h,NY1,1,0,0,regular,y,y,
BSN194609040,fernn101,BSN,1,7,value,27,4,0,0,0,0,,,,,1,19460904,0,BOS08,h,BRO,0,1,0,regular,y,y,
BSN194609050,fernn101,BSN,1,5,value,27,1,4,0,0,0,,,,,1,19460905,0,BOS08,h,BRO,0,1,0,regular,y,y,
BSN194609070,fernn101,BSN,1,5,value,27,1,2,0,0,0,,,,,1,19460907,0,BOS08,h,PHI,1,0,0,regular,y,y,
BSN194609081,fernn101,BSN,1,5,value,27,0,2,1,0,0,,,,,1,19460908,1,BOS08,h,PHI,1,0,0,regular,y,d,
BSN194609082,fernn101,BSN,1,5,value,27,0,2,0,0,0,,,,,1,19460908,2,BOS08,h,PHI,0,1,0,regular,y,d,
BSN194609100,fernn101,BSN,1,5,value,27,0,1,0,0,0,,,,,1,19460910,0,BOS08,h,CHN,1,0,0,regular,y,y,
BSN194609110,fernn101,BSN,1,5,value,51,4,2,0,1,0,,,,,1,19460911,0,BOS08,h,CHN,0,0,1,regular,y,d,
BSN194609121,fernn101,BSN,1,5,value,27,2,1,0,0,0,,,,,1,19460912,1,BOS08,h,PIT,0,1,0,regular,y,y,
BSN194609122,fernn101,BSN,1,5,value,27,3,3,1,0,0,,,,,1,19460912,2,BOS08,h,PIT,1,0,0,regular,y,y,
BSN194609131,fernn101,BSN,1,5,value,42,3,5,0,1,0,,,,,1,19460913,1,BOS08,h,PIT,0,1,0,regular,y,y,
BSN194609132,fernn101,BSN,1,5,value,27,1,3,0,0,0,,,,,1,19460913,2,BOS08,h,PIT,0,1,0,regular,y,y,
BSN194609140,fernn101,BSN,1,5,value,27,1,0,0,0,0,,,,,1,19460914,0,BOS08,h,PIT,1,0,0,regular,y,y,
BSN194609151,fernn101,BSN,1,5,value,27,0,3,0,0,0,,,,,1,19460915,1,BOS08,h,CIN,1,0,0,regular,y,y,
BSN194609152,fernn101,BSN,1,5,value,27,1,1,0,0,0,,,,,1,19460915,2,BOS08,h,CIN,1,0,0,regular,y,y,
BSN194609160,fernn101,BSN,1,5,value,27,2,1,0,0,0,,,,,1,19460916,0,BOS08,h,CIN,1,0,0,regular,y,y,
BSN194609170,fernn101,BSN,1,5,value,27,0,3,0,0,0,,,,,1,19460917,0,BOS08,h,CIN,1,0,0,regular,y,y,
BSN194609180,fernn101,BSN,1,5,value,27,2,2,0,0,0,,,,,1,19460918,0,BOS08,h,SLN,1,0,0,regular,y,y,
BSN194609190,fernn101,BSN,1,5,value,27,2,1,0,0,0,,,,,1,19460919,0,BOS08,h,SLN,0,1,0,regular,y,y,
BSN194609210,fernn101,BSN,1,5,value,27,0,1,0,0,0,,,,,1,19460921,0,BOS08,h,BRO,0,1,0,regular,y,y,
BSN194609221,fernn101,BSN,1,5,value,27,3,6,0,1,0,,,,,1,19460922,1,BOS08,h,BRO,1,0,0,regular,y,y,
BSN194609222,fernn101,BSN,1,5,value,27,2,4,0,0,0,,,,,1,19460922,2,BOS08,h,BRO,0,1,0,regular,y,y,
NY1194609250,fernn101,BSN,1,5,value,27,1,0,0,0,0,,,,,1,19460925,0,NYC14,v,NY1,1,0,0,regular,y,d,
NY1194609261,fernn101,BSN,1,5,value,27,2,1,1,0,0,,,,,1,19460926,1,NYC14,v,NY1,1,0,0,regular,y,y,
NY1194609262,fernn101,BSN,1,5,value,25,0,2,0,0,0,,,,,1,19460926,2,NYC14,v,NY1,0,1,0,regular,y,y,
BRO194609280,fernn101,BSN,1,5,value,24,0,1,0,0,0,,,,,1,19460928,0,NYC15,v,BRO,0,1,0,regular,y,y,
BRO194609290,fernn101,BSN,1,5,value,27,0,1,0,0,0,,,,,1,19460929,0,NYC15,v,BRO,1,0,0,regular,y,y,
PHI194704272,fernn101,BSN,1,6,value,3,0,1,0,0,0,,,,,0,19470427,2,PHI11,v,PHI,0,1,0,regular,y,y,
BSN194705080,fernn101,BSN,1,6,value,27,1,3,1,0,0,,,,,1,19470508,0,BOS08,h,PIT,1,0,0,regular,y,y,
NY1194705090,fernn101,BSN,1,6,value,27,3,0,0,0,0,,,,,1,19470509,0,NYC14,v,NY1,1,0,0,regular,y,y,
NY1194705100,fernn101,BSN,1,6,value,24,0,5,0,0,0,,,,,1,19470510,0,NYC14,v,NY1,0,1,0,regular,y,y,
NY1194705111,fernn101,BSN,1,6,value,24,3,5,0,1,0,,,,,1,19470511,1,NYC14,v,NY1,0,1,0,regular,y,y,
NY1194705112,fernn101,BSN,1,6,value,27,3,3,0,1,0,,,,,1,19470511,2,NYC14,v,NY1,1,0,0,regular,y,y,
BRO194705120,fernn101,BSN,1,6,value,24,3,2,0,1,0,,,,,1,19470512,0,NYC15,v,BRO,0,1,0,regular,y,y,
CHN194705130,fernn101,BSN,1,6,value,27,3,5,1,0,0,,,,,1,19470513,0,CHI11,v,CHN,1,0,0,regular,y,y,
SLN194705150,fernn101,BSN,1,6,value,24,4,2,1,1,0,,,,,1,19470515,0,STL07,v,SLN,0,1,0,regular,y,y,
SLN194705160,fernn101,BSN,1,6,value,3,0,1,0,0,0,,,,,1,19470516,0,STL07,v,SLN,0,1,0,regular,y,d,
SLN194705160,fernn101,BSN,2,5,value,23,1,2,0,0,0,,,,,0,19470516,0,STL07,v,SLN,0,1,0,regular,y,d,
BSN194706030,fernn101,BSN,1,5,value,27,0,3,0,0,0,,,,,1,19470603,0,BOS08,h,SLN,0,1,0,regular,y,y,
BSN194706040,fernn101,BSN,1,5,value,12,0,0,0,0,0,,,,,0,19470604,0,BOS08,h,SLN,1,0,0,regular,y,y,
BSN194706050,fernn101,BSN,1,5,value,27,0,1,0,0,0,,,,,1,19470605,0,BOS08,h,SLN,0,1,0,regular,y,y,
BSN194706112,fernn101,BSN,1,9,value,24,1,0,0,0,0,,,,,1,19470611,2,BOS08,h,CHN,0,1,0,regular,y,y,
PIT194706152,fernn101,BSN,1,9,value,12,1,0,0,0,0,,,,,1,19470615,2,PIT06,v,PIT,1,0,0,regular,y,y,
CIN194706170,fernn101,BSN,1,9,value,9,1,0,0,0,0,,,,,1,19470617,0,CIN07,v,CIN,1,0,0,regular,y,y,
SLN194706240,fernn101,BSN,1,9,value,9,0,0,0,0,0,,,,,1,19470624,0,STL07,v,SLN,1,0,0,regular,y,y,
BRO194706260,fernn101,BSN,1,9,value,18,0,0,0,0,0,,,,,1,19470626,0,NYC15,v,BRO,0,1,0,regular,y,y,
BSN194706280,fernn101,BSN,1,6,value,3,0,0,0,0,0,,,,,0,19470628,0,BOS08,h,BRO,1,0,0,regular,y,y,
BSN194706291,fernn101,BSN,1,9,value,18,3,0,0,0,0,,,,,1,19470629,1,BOS08,h,PHI,1,0,0,regular,y,y,
BSN194706291,fernn101,BSN,2,6,value,12,1,0,1,0,0,,,,,0,19470629,1,BOS08,h,PHI,1,0,0,regular,y,y,
NY1194707010,fernn101,BSN,1,6,value,6,0,1,0,0,0,,,,,0,19470701,0,NYC14,v,NY1,0,1,0,regular,y,y,
PHI194707041,fernn101,BSN,1,9,value,27,1,0,0,0,0,,,,,1,19470704,1,PHI11,v,PHI,1,0,0,regular,y,y,
BRO194707050,fernn101,BSN,1,9,value,27,3,0,0,0,0,,,,,1,19470705,0,NYC15,v,BRO,1,0,0,regular,y,y,
BSN194707101,fernn101,BSN,1,5,value,21,3,0,0,0,0,,,,,1,19470710,1,BOS08,h,CIN,1,0,0,regular,y,y,
BSN194707110,fernn101,BSN,1,6,value,3,0,1,0,0,0,,,,,0,19470711,0,BOS08,h,CIN,0,1,0,regular,y,y,
BSN194707120,fernn101,BSN,1,6,value,27,2,4,0,1,0,,,,,1,19470712,0,BOS08,h,CIN,1,0,0,regular,y,y,
BSN194707131,fernn101,BSN,1,6,value,27,5,2,0,2,0,,,,,1,19470713,1,BOS08,h,CHN,1,0,0,regular,y,d,
BSN194707132,fernn101,BSN,1,6,value,27,0,3,0,1,0,,,,,1,19470713,2,BOS08,h,CHN,1,0,0,regular,y,y,
BSN194707140,fernn101,BSN,1,6,value,27,4,3,0,0,0,,,,,1,19470714,0,BOS08,h,CHN,0,1,0,regular,y,y,
BSN194707150,fernn101,BSN,1,6,value,27,1,3,0,0,0,,,,,1,19470715,0,BOS08,h,SLN,0,1,0,regular,y,d,
BSN194707160,fernn101,BSN,1,6,value,27,2,4,0,2,0,,,,,1,19470716,0,BOS08,h,SLN,1,0,0,regular,y,y,
BSN194707170,fernn101,BSN,1,6,value,27,3,2,1,1,0,,,,,1,19470717,0,BOS08,h,SLN,0,1,0,regular,y,y,
BSN194707170,fernn101,BSN,1,6,official,,,,1,2,,,,,,1,19470717,0,BOS08,h,SLN,0,1,0,regular,y,y,
BSN194707180,fernn101,BSN,1,6,value,27,2,4,1,1,0,,,,,1,19470718,0,BOS08,h,PIT,0,1,0,regular,y,y,
BSN194707190,fernn101,BSN,1,6,value,27,1,4,1,0,0,,,,,1,19470719,0,BOS08,h,PIT,1,0,0,regular,y,y,
BSN194707200,fernn101,BSN,1,6,value,27,1,2,0,0,0,,,,,1,19470720,0,BOS08,h,PIT,0,1,0,regular,y,y,
CHN194707221,fernn101,BSN,1,6,value,27,4,3,0,1,0,,,,,1,19470722,1,CHI11,v,CHN,1,0,0,regular,y,y,
CHN194707222,fernn101,BSN,1,6,value,24,3,4,1,1,0,,,,,1,19470722,2,CHI11,v,CHN,0,1,0,regular,y,y,
CHN194707230,fernn101,BSN,1,6,value,27,2,4,0,0,0,,,,,1,19470723,0,CHI11,v,CHN,1,0,0,regular,y,y,
CHN194707240,fernn101,BSN,1,6,value,24,2,4,0,2,0,,,,,1,19470724,0,CHI11,v,CHN,0,1,0,regular,y,y,
SLN194707250,fernn101,BSN,1,6,value,24,2,0,0,0,0,,,,,1,19470725,0,STL07,v,SLN,0,1,0,regular,y,y,
SLN194707260,fernn101,BSN,1,6,value,6,0,2,0,0,0,,,,,0,19470726,0,STL07,v,SLN,0,1,0,regular,y,y,y
PIT194707290,fernn101,BSN,1,6,value,6,0,3,1,0,0,,,,,0,19470729,0,PIT06,v,PIT,0,1,0,regular,y,y,
PIT194707301,fernn101,BSN,1,6,value,9,0,2,1,0,0,,,,,0,19470730,1,PIT06,v,PIT,0,1,0,regular,y,y,
PIT194707302,fernn101,BSN,1,6,value,12,0,1,0,0,0,,,,,0,19470730,2,PIT06,v,PIT,1,0,0,regular,y,y,
CIN194708020,fernn101,BSN,1,6,value,24,1,0,0,0,0,,,,,1,19470802,0,CIN07,v,CIN,0,1,0,regular,y,y,
CIN194708031,fernn101,BSN,1,6,value,27,1,5,0,0,0,,,,,1,19470803,1,CIN07,v,CIN,1,0,0,regular,y,y,
CIN194708032,fernn101,BSN,1,6,value,24,1,1,0,1,0,,,,,1,19470803,2,CIN07,v,CIN,0,1,0,regular,y,y,
BSN194708040,fernn101,BSN,1,6,value,18,1,2,0,0,0,,,,,1,19470804,0,BOS08,h,BRO,0,1,0,regular,y,y,
BSN194708050,fernn101,BSN,1,6,value,27,1,2,0,0,0,,,,,1,19470805,0,BOS08,h,BRO,1,0,0,regular,y,y,
BSN194708060,fernn101,BSN,1,6,value,27,2,2,0,0,0,,,,,1,19470806,0,BOS08,h,BRO,1,0,0,regular,y,y,
BSN194708070,fernn101,BSN,1,6,value,27,1,2,0,0,0,,,,,1,19470807,0,BOS08,h,BRO,1,0,0,regular,y,y,
NY1194708080,fernn101,BSN,1,6,value,30,1,6,0,1,0,,,,,1,19470808,0,NYC14,v,NY1,1,0,0,regular,y,y,
NY1194708090,fernn101,BSN,1,6,value,27,0,2,0,0,0,,,,,1,19470809,0,NYC14,v,NY1,1,0,0,regular,y,y,
NY1194708101,fernn101,BSN,1,6,value,24,1,6,0,0,0,,,,,1,19470810,1,NYC14,v,NY1,0,1,0,regular,y,d,
NY1194708102,fernn101,BSN,1,6,value,27,0,4,0,0,0,,,,,1,19470810,2,NYC14,v,NY1,1,0,0,regular,y,y,
BRO194708120,fernn101,BSN,1,6,value,27,4,1,0,0,0,,,,,1,19470812,0,NYC15,v,BRO,1,0,0,regular,y,y,
BRO194708130,fernn101,BSN,1,6,value,24,3,3,2,0,0,,,,,1,19470813,0,NYC15,v,BRO,0,1,0,regular,y,y,
BRO194708140,fernn101,BSN,1,6,value,24,3,2,0,0,0,,,,,1,19470814,0,NYC15,v,BRO,0,1,0,regular,y,y,
BSN194708150,fernn101,BSN,1,6,value,27,2,3,0,0,0,,,,,1,19470815,0,BOS08,h,NY1,1,0,0,regular,y,y,
BSN194708160,fernn101,BSN,1,6,value,18,2,7,0,1,0,,,,,1,19470816,0,BOS08,h,NY1,1,0,0,regular,y,y,
BSN194708171,fernn101,BSN,1,6,value,27,5,3,0,0,0,,,,,1,19470817,1,BOS08,h,NY1,1,0,0,regular,y,y,
BSN194708172,fernn101,BSN,1,6,value,27,1,3,0,1,0,,,,,1,19470817,2,BOS08,h,NY1,1,0,0,regular,y,d,
BSN194708190,fernn101,BSN,1,6,value,27,2,4,2,0,0,,,,,1,19470819,0,BOS08,h,PIT,1,0,0,regular,y,y,
BSN194708200,fernn101,BSN,1,6,value,27,2,4,1,1,0,,,,,1,19470820,0,BOS08,h,PIT,0,1,0,regular,y,y,
BSN194708250,fernn101,BSN,1,6,value,3,0,0,0,0,0,,,,,0,19470825,0,BOS08,h,SLN,0,1,0,regular,y,d,
NY1194709011,fernn101,BSN,1,6,value,3,1,0,0,0,0,,,,,0,19470901,1,NYC14,v,NY1,0,1,0,regular,y,y,
NY1194709012,fernn101,BSN,1,6,value,3,0,1,2,0,0,,,,,0,19470901,2,NYC14,v,NY1,0,1,0,regular,y,y,
CIN194709090,fernn101,BSN,1,6,value,3,0,1,0,0,0,,,,,0,19470909,0,CIN07,v,CIN,0,1,0,regular,y,y,
PIT194709111,fernn101,BSN,1,6,value,7,1,0,0,0,0,,,,,0,19470911,1,PIT06,v,PIT,0,1,0,regular,y,y,
PIT194709112,fernn101,BSN,1,6,value,6,0,1,0,0,0,,,,,0,19470911,2,PIT06,v,PIT,0,1,0,regular,y,y,
CHN194709142,fernn101,BSN,1,6,value,3,0,0,0,0,0,,,,,0,19470914,2,CHI11,v,CHN,0,1,0,regular,y,y,
BSN194709250,fernn101,BSN,1,6,value,3,1,0,0,0,0,,,,,0,19470925,0,BOS08,h,NY1,0,1,0,regular,y,y,
BSN194709270,fernn101,BSN,1,5,value,27,2,2,1,0,0,,,,,1,19470927,0,BOS08,h,BRO,1,0,0,regular,y,y,
BSN194709280,fernn101,BSN,1,6,value,9,0,1,0,1,0,,,,,0,19470928,0,BOS08,h,BRO,1,0,0,regular,y,y,
BSN194709280,fernn101,BSN,1,6,official,,,,0,0,,,,,,,19470928,0,BOS08,h,BRO,1,0,0,regular,y,y,
SLN195004180,fernn101,PIT,1,5,value,24,2,1,0,1,0,,,,,1,19500418,0,STL07,v,SLN,0,1,0,regular,y,y,
SLN195004190,fernn101,PIT,1,5,value,27,0,2,0,0,0,,,,,1,19500419,0,STL07,v,SLN,1,0,0,regular,y,d,
SLN195004200,fernn101,PIT,1,5,value,27,2,0,0,0,0,,,,,1,19500420,0,STL07,v,SLN,1,0,0,regular,y,y,
PIT195004210,fernn101,PIT,1,5,value,27,1,0,0,0,0,,,,,1,19500421,0,PIT06,h,CIN,1,0,0,regular,y,y,
PIT195004220,fernn101,PIT,1,5,value,27,1,1,1,0,0,,,,,1,19500422,0,PIT06,h,CIN,1,0,0,regular,y,y,
PIT195004230,fernn101,PIT,1,5,value,27,1,3,0,0,0,,,,,1,19500423,0,PIT06,h,CIN,1,0,0,regular,y,y,
PIT195004270,fernn101,PIT,1,5,value,27,0,1,0,0,0,,,,,1,19500427,0,PIT06,h,SLN,0,1,0,regular,y,y,
PIT195004280,fernn101,PIT,1,5,value,27,0,3,0,0,0,,,,,1,19500428,0,PIT06,h,SLN,1,0,0,regular,y,y,
CIN195004290,fernn101,PIT,1,5,value,24,1,0,0,0,0,,,,,1,19500429,0,CIN07,v,CIN,0,1,0,regular,y,y,
CIN195004301,fernn101,PIT,1,5,value,24,2,1,1,0,0,,,,,1,19500430,1,CIN07,v,CIN,0,1,0,regular,y,y,
CIN195004302,fernn101,PIT,1,5,value,24,0,3,0,0,0,,,,,1,19500430,2,CIN07,v,CIN,0,1,0,regular,y,y,
PIT195005020,fernn101,PIT,1,5,value,27,1,1,1,0,0,,,,,1,19500502,0,PIT06,h,BSN,1,0,0,regular,y,y,
PIT195005030,fernn101,PIT,1,5,value,27,1,2,0,0,0,,,,,1,19500503,0,PIT06,h,BSN,0,1,0,regular,y,y,
PIT195005040,fernn101,PIT,1,5,value,27,1,3,0,0,0,,,,,1,19500504,0,PIT06,h,NY1,1,0,0,regular,y,y,
PIT195005050,fernn101,PIT,1,5,value,27,0,1,0,1,0,,,,,1,19500505,0,PIT06,h,NY1,1,0,0,regular,y,y,
PIT195005060,fernn101,PIT,1,5,value,27,0,1,0,0,0,,,,,1,19500506,0,PIT06,h,NY1,0,1,0,regular,y,y,
PIT195005070,fernn101,PIT,1,5,value,27,0,3,0,0,0,,,,,1,19500507,0,PIT06,h,BRO,0,1,0,regular,y,y,
PIT195005080,fernn101,PIT,1,5,value,27,1,2,0,0,0,,,,,1,19500508,0,PIT06,h,BRO,0,1,0,regular,y,y,
PIT195005090,fernn101,PIT,1,5,value,27,0,7,1,1,0,,,,,1,19500509,0,PIT06,h,BRO,1,0,0,regular,y,y,
PIT195005110,fernn101,PIT,1,5,value,27,2,1,0,0,0,,,,,1,19500511,0,PIT06,h,PHI,0,1,0,regular,y,y,
CHN195005120,fernn101,PIT,1,5,value,24,0,3,0,0,0,,,,,1,19500512,0,CHI11,v,CHN,0,1,0,regular,y,y,
CHN195005130,fernn101,PIT,1,5,value,24,1,1,0,0,0,,,,,1,19500513,0,CHI11,v,CHN,0,1,0,regular,y,y,
CHN195005141,fernn101,PIT,1,5,value,27,1,5,0,0,0,,,,,1,19500514,1,CHI11,v,CHN,1,0,0,regular,y,y,
CHN195005142,fernn101,PIT,1,5,value,27,0,3,1,0,0,,,,,1,19500514,2,CHI11,v,CHN,1,0,0,regular,y,d,
BSN195005160,fernn101,PIT,1,5,value,24,0,0,1,0,0,,,,,1,19500516,0,BOS08,v,BSN,0,1,0,regular,y,y,
BSN195005170,fernn101,PIT,1,5,value,27,1,0,0,0,0,,,,,1,19500517,0,BOS08,v,BSN,1,0,0,regular,y,y,
BRO195005201,fernn101,PIT,1,5,value,24,0,5,0,0,0,,,,,1,19500520,1,NYC15,v,BRO,0,1,0,regular,y,y,
BRO195005202,fernn101,PIT,1,5,value,32,0,3,0,0,0,,,,,1,19500520,2,NYC15,v,BRO,0,1,0,regular,y,y,
NY1195005211,fernn101,PIT,1,5,value,27,3,2,0,0,0,,,,,1,19500521,1,NYC14,v,NY1,1,0,0,regular,y,y,
NY1195005212,fernn101,PIT,1,5,value,27,2,4,1,1,0,,,,,1,19500521,2,NYC14,v,NY1,1,0,0,regular,y,y,
PHI195005230,fernn101,PIT,1,5,value,21,1,3,1,0,0,,,,,1,19500523,0,PHI11,v,PHI,1,0,0,regular,y,y,
PHI195005240,fernn101,PIT,1,5,value,24,1,1,1,0,0,,,,,1,19500524,0,PHI11,v,PHI,0,1,0,regular,y,y,
PIT195005260,fernn101,PIT,1,5,value,27,2,3,0,0,0,,,,,1,19500526,0,PIT06,h,CHN,0,1,0,regular,y,d,
PIT195005270,fernn101,PIT,1,5,value,21,0,1,0,0,0,,,,,1,19500527,0,PIT06,h,CHN,0,1,0,regular,y,y,
PIT195005281,fernn101,PIT,1,5,value,27,0,1,0,0,0,,,,,1,19500528,1,PIT06,h,CHN,0,1,0,regular,y,d,
PIT195005301,fernn101,PIT,1,5,value,27,1,1,0,0,0,,,,,1,19500530,1,PIT06,h,SLN,0,1,0,regular,y,y,
PIT195005302,fernn101,PIT,1,5,value,27,2,2,0,0,0,,,,,1,19500530,2,PIT06,h,SLN,0,1,0,regular,y,d,
PIT195006010,fernn101,PIT,1,5,value,27,1,5,0,0,0,,,,,1,19500601,0,PIT06,h,BSN,0,1,0,regular,y,y,
PIT195006020,fernn101,PIT,1,5,value,27,1,3,1,0,0,,,,,1,19500602,0,PIT06,h,BSN,1,0,0,regular,y,d,
PIT195006030,fernn101,PIT,1,5,value,27,2,3,1,0,0,,,,,1,19500603,0,PIT06,h,BSN,0,1,0,regular,y,y,
PIT195006040,fernn101,PIT,1,5,value,27,2,2,0,0,0,,,,,1,19500604,0,PIT06,h,NY1,0,1,0,regular,y,d,
PIT195006050,fernn101,PIT,1,5,value,30,3,0,0,0,0,,,,,1,19500605,0,PIT06,h,NY1,0,1,0,regular,y,y,
PIT195006060,fernn101,PIT,1,5,value,27,0,0,0,0,0,,,,,1,19500606,0,PIT06,h,NY1,0,1,0,regular,y,y,
PIT195006070,fernn101,PIT,1,5,value,27,1,4,0,1,0,,,,,1,19500607,0,PIT06,h,BRO,0,1,0,regular,y,y,
PIT195006080,fernn101,PIT,1,5,value,27,0,4,1,0,0,,,,,1,19500608,0,PIT06,h,BRO,1,0,0,regular,y,y,
PIT195006090,fernn101,PIT,1,5,value,21,1,5,0,1,0,,,,,1,19500609,0,PIT06,h,BRO,0,1,0,regular,y,y,
PIT195006111,fernn101,PIT,1,5,value,27,1,1,0,0,0,,,,,1,19500611,1,PIT06,h,PHI,0,1,0,regular,y,y,
BSN195006190,fernn101,PIT,1,5,value,27,1,2,0,0,0,,,,,1,19500619,0,BOS08,v,BSN,1,0,0,regular,y,y,
PHI195006200,fernn101,PIT,1,5,value,18,0,0,0,0,0,,,,,1,19500620,0,PHI11,v,PHI,0,1,0,regular,y,y,
PIT195006270,fernn101,PIT,1,5,value,6,0,1,0,0,0,,,,,0,19500627,0,PIT06,h,CIN,0,1,0,regular,y,y,
SLN195007020,fernn101,PIT,1,5,value,6,0,0,0,0,0,,,,,0,19500702,0,STL07,v,SLN,0,1,0,regular,y,y,
CIN195007042,fernn101,PIT,1,5,value,9,0,2,0,0,0,,,,,0,19500704,2,CIN07,v,CIN,0,1,0,regular,y,y,
