gid,id,team,b_lp,b_seq,stattype,b_pa,b_ab,b_r,b_h,b_d,b_t,b_hr,b_rbi,b_sh,b_sf,b_hbp,b_w,b_iw,b_k,b_sb,b_cs,b_gdp,b_xi,b_roe,dh,ph,pr,date,number,site,vishome,opp,win,loss,tie,gametype,box,pbp,eject
NW2194005130,barbl101,NY5,9,1,value,4,2,0,1,0,0,0,0,0,,0,2,,,0,,,0,,,,,19400513,0,DUR01,v,NW2,1,0,0,exhibition,y,,
CIA194505202,barbl101,CIA,,2,value,,,,,,,,,,,,,,,,,,,,,,,19450520,2,CIN07,h,CVB,1,0,0,regular,,,
CIA194505220,barbl101,CIA,,2,value,,,,,,,,,,,,,,,,,,,,,,,19450522,0,COL05,h,CVB,0,1,0,regular,,,
BIR194505271,barbl101,CIA,6,1,value,4,3,0,0,0,0,0,1,0,0,0,1,0,0,0,0,0,0,0,,,,19450527,1,BIR01,v,BIR,0,1,0,regular,y,d,
BIR194505280,barbl101,CIA,,,value,,,,,,,,,,,,,,,,,,,,,,,19450528,0,MTG01,v,BIR,1,0,0,regular,,,
BIR194505280,barbl101,CIA,,,lower,1,1,,1,1,,,2,,,,,,,,,,,,,,,19450528,0,MTG01,v,BIR,1,0,0,regular,,,
BIR194505300,barbl101,CIA,,,value,,,,,,,,,,,,,,,,,,,,,,,19450530,0,BIR01,v,BIR,0,1,0,regular,,,
CIA194506061,barbl101,CIA,,,value,,,,,,,,,,,,,,,,,,,,,,,19450606,1,CIN07,h,CAG,0,1,0,regular,,,
KCM194506101,barbl101,CIA,9,2,value,1,1,0,0,0,0,0,,0,,0,0,0,,0,,,0,,,,,19450610,1,KAN05,v,KCM,0,1,0,regular,y,,
KCM194506110,barbl101,CIA,8,2,value,1,1,0,0,0,0,0,,0,,0,0,0,,0,,,0,,,,,19450611,0,KAN05,v,KCM,0,1,0,regular,y,,
NY5194507080,barbl101,CIA,7,2,value,1,1,0,0,0,0,0,0,0,0,0,0,0,,0,0,0,0,0,,1,,19450708,0,NYC16,v,NY5,0,1,0,exhibition,y,d,
NY5194507090,barbl101,CIA,6,1,value,5,4,1,2,1,0,0,0,0,,0,1,,,0,,,0,,,,,19450709,0,WIL04,v,NY5,1,0,0,exhibition,y,,
BLG194507100,barbl101,CIA,4,1,value,4,4,1,0,0,0,0,,0,,0,0,0,,0,,,0,,,,,19450710,0,BAL14,v,BLG,0,1,0,exhibition,y,,
PH5194507112,barbl101,CIA,4,1,value,4,4,0,0,0,0,0,0,0,,0,0,0,,0,,,0,,,,,19450711,2,PHI11,v,PH5,0,1,0,exhibition,y,,
NY6194507120,barbl101,CIA,5,1,value,4,4,0,0,0,0,0,0,0,0,0,0,0,,0,0,0,0,0,,,,19450712,0,NYC14,v,NY6,0,1,0,exhibition,y,d,
CAG194507250,barbl101,CIA,4,1,value,4,4,0,2,0,0,0,1,0,,0,0,0,,0,,,0,,,,,19450725,0,MIL03,v,CAG,0,1,0,regular,y,,
CIA194508100,barbl101,CIA,,1,value,,,,,,,,,,,,,,,,,,,,,,,19450810,0,DAY03,h,NY6,0,1,0,exhibition,,,
CIA194508250,barbl101,CIA,5,1,value,4,4,0,1,0,0,0,,0,,0,0,0,,0,,,0,,,,,19450825,0,SPR03,h,BIR,0,1,0,regular,y,,
CIA194508261,barbl101,CIA,,,value,,,,1,,,,1,,,,,,,,,,,,,,,19450826,1,IND10,h,BIR,1,0,0,regular,,,
CIA194508261,barbl101,CIA,,,lower,1,1,,1,,,,1,,,,,,,,,,,,,,,19450826,1,IND10,h,BIR,1,0,0,regular,,,
CIA194508300,barbl101,CIA,6,1,value,,,,,,,,1,,1,,,,,,,,,,,,,19450830,0,STL07,h,BIR,1,0,0,regular,,,
CIA194509010,barbl101,CIA,5,1,value,4,3,0,1,0,0,0,0,0,0,0,1,0,,0,0,0,0,0,,,,19450901,0,WIL04,h,BIR,0,1,0,regular,y,d,
PH5194509021,barbl101,CIA,,,value,,,1,1,,,1,1,,,,,,,,,,,,,,,19450902,1,NYC16,v,PH5,0,1,0,exhibition,,,
PH5194509021,barbl101,CIA,,,lower,1,1,1,1,,,1,1,,,,,,,,,,,,,,,19450902,1,NYC16,v,PH5,0,1,0,exhibition,,,
CAG194509092,barbl101,CIA,,,value,,,,,,,,,,,,,,,,,,,,,,,19450909,2,CHI10,v,CAG,0,1,0,regular,,,
CAG194509100,barbl101,CIA,4,1,value,5,5,1,3,0,0,0,,0,,0,0,0,,0,,,0,,,,,19450910,0,MIL03,v,CAG,0,1,0,regular,y,,
CIA194509122,barbl101,CIA,,,value,,,1,1,,,1,2,,,,,,,,,,,,,,,19450912,2,CIN07,h,MEM,0,1,0,regular,,,
CIA194509122,barbl101,CIA,,,lower,1,1,1,1,,,1,2,,,,,,,,,,,,,,,19450912,2,CIN07,h,MEM,0,1,0,regular,,,
