gid,event,inning,top_bot,vis_home,site,batteam,pitteam,score_v,score_h,batter,pitcher,lp,bat_f,bathand,pithand,balls,strikes,count,pitches,nump,pa,ab,single,double,triple,hr,sh,sf,hbp,walk,k,xi,roe,fc,othout,noout,oth,bip,bunt,ground,fly,line,iw,gdp,othdp,tp,fle,wp,pb,bk,oa,di,sb2,sb3,sbh,cs2,cs3,csh,pko1,pko2,pko3,k_safe,e1,e2,e3,e4,e5,e6,e7,e8,e9,outs_pre,outs_post,br1_pre,br2_pre,br3_pre,br1_post,br2_post,br3_post,lob_id1,lob_id2,lob_id3,pr1_pre,pr2_pre,pr3_pre,pr1_post,pr2_post,pr3_post,run_b,run1,run2,run3,prun_b,prun1,prun2,prun3,ur_b,ur1,ur2,ur3,rbi_b,rbi1,rbi2,rbi3,runs,rbi,er,tur,l1,l2,l3,l4,l5,l6,l7,l8,l9,lf1,lf2,lf3,lf4,lf5,lf6,lf7,lf8,lf9,f2,f3,f4,f5,f6,f7,f8,f9,po0,po1,po2,po3,po4,po5,po6,po7,po8,po9,a1,a2,a3,a4,a5,a6,a7,a8,a9,fseq,batout1,batout2,batout3,brout_b,brout1,brout2,brout3,firstf,loc,hittype,dpopp,pivot,pn,umphome,ump1b,ump2b,ump3b,umplf,umprf,date,gametype,pbp
HOM193805280,W#,1,0,0,PPB01,WBS,HOM,0,0,burbb102,partr102,1,8,L,L,?,?,??,,,1,0,0,0,0,0,0,0,0,1,0,0,0,0,0,0,0,0,0,0,0,0,0,0,0,0,0,0,0,0,0,0,0,0,0,0,0,0,0,0,0,0,0,0,0,0,0,0,0,0,0,0,0,,,,burbb102,,,,,,,,,partr102,,,,,,,,,,,0,0,0,0,0,0,0,0,0,0,0,0,burbb102,johnt107,thomd104,speah101,wrigz102,casem101,hendc102,andrj104,yokel101,8,4,3,5,9,2,6,7,1,gibsj101,leonb101,carlm101,johnj112,jackj104,harrv102,benjj101,willj110,0,0,0,0,0,0,0,0,0,0,0,0,0,0,0,0,0,0,0,,0,0,0,0,0,0,0,0,,,0,0,1,harrm103,mccrf901,,,,,19380528,regular,deduced
HOM193805280,FC.1-2#,1,0,0,PPB01,WBS,HOM,0,0,johnt107,partr102,2,4,R,L,?,?,??,,,1,1,0,0,0,0,0,0,0,0,0,0,0,1,0,0,0,1,0,1,0,0,0,0,0,0,0,0,0,0,0,0,0,0,0,0,0,0,0,0,0,0,0,0,0,0,0,0,0,0,0,0,0,burbb102,,,johnt107,burbb102,,,,,partr102,,,partr102,partr102,,,,,,,,,,0,0,0,0,0,0,0,0,0,0,0,0,burbb102,johnt107,thomd104,speah101,wrigz102,casem101,hendc102,andrj104,yokel101,8,4,3,5,9,2,6,7,1,gibsj101,leonb101,carlm101,johnj112,jackj104,harrv102,benjj101,willj110,0,0,0,0,0,0,0,0,0,0,0,0,0,0,0,0,0,0,0,,0,0,0,0,0,0,0,0,,G,1,0,2,harrm103,mccrf901,,,,,19380528,regular,deduced
HOM193805280,99,1,0,0,PPB01,WBS,HOM,0,0,thomd104,partr102,3,3,L,L,?,?,??,,,1,1,0,0,0,0,0,0,0,0,0,0,0,0,1,0,1,1,0,0,0,0,0,0,0,0,0,0,0,0,0,0,0,0,0,0,0,0,0,0,0,0,0,0,0,0,0,0,0,0,0,0,1,johnt107,burbb102,,johnt107,burbb102,,,,,partr102,partr102,,partr102,partr102,,,,,,,,,,0,0,0,0,0,0,0,0,0,0,0,0,burbb102,johnt107,thomd104,speah101,wrigz102,casem101,hendc102,andrj104,yokel101,8,4,3,5,9,2,6,7,1,gibsj101,leonb101,carlm101,johnj112,jackj104,harrv102,benjj101,willj110,1,0,0,0,0,0,0,0,0,0,0,0,0,0,0,0,0,0,0,0,0,0,0,0,0,0,0,0,,,0,0,3,harrm103,mccrf901,,,,,19380528,regular,deduced
HOM193805280,99,1,0,0,PPB01,WBS,HOM,0,0,speah101,partr102,4,5,R,L,?,?,??,,,1,1,0,0,0,0,0,0,0,0,0,0,0,0,1,0,1,1,0,0,0,0,0,0,0,0,0,0,0,0,0,0,0,0,0,0,0,0,0,0,0,0,0,0,0,0,0,0,0,0,0,1,2,johnt107,burbb102,,johnt107,burbb102,,,,,partr102,partr102,,partr102,partr102,,,,,,,,,,0,0,0,0,0,0,0,0,0,0,0,0,burbb102,johnt107,thomd104,speah101,wrigz102,casem101,hendc102,andrj104,yokel101,8,4,3,5,9,2,6,7,1,gibsj101,leonb101,carlm101,johnj112,jackj104,harrv102,benjj101,willj110,1,0,0,0,0,0,0,0,0,0,0,0,0,0,0,0,0,0,0,0,0,0,0,0,0,0,0,0,,,0,0,4,harrm103,mccrf901,,,,,19380528,regular,deduced
HOM193805280,99,1,0,0,PPB01,WBS,HOM,0,0,wrigz102,partr102,5,9,R,L,?,?,??,,,1,1,0,0,0,0,0,0,0,0,0,0,0,0,1,0,1,1,0,0,0,0,0,0,0,0,0,0,0,0,0,0,0,0,0,0,0,0,0,0,0,0,0,0,0,0,0,0,0,0,0,2,3,johnt107,burbb102,,,,,burbb102,johnt107,,partr102,partr102,,,,,,,,,,,,,0,0,0,0,0,0,0,0,0,0,0,0,burbb102,johnt107,thomd104,speah101,wrigz102,casem101,hendc102,andrj104,yokel101,8,4,3,5,9,2,6,7,1,gibsj101,leonb101,carlm101,johnj112,jackj104,harrv102,benjj101,willj110,1,0,0,0,0,0,0,0,0,0,0,0,0,0,0,0,0,0,0,0,0,0,0,0,0,0,0,0,,,0,0,5,harrm103,mccrf901,,,,,19380528,regular,deduced
HOM193805280,99,1,1,1,PPB01,HOM,WBS,0,0,benjj101,yokel101,1,8,B,R,?,?,??,,,1,1,0,0,0,0,0,0,0,0,0,0,0,0,1,0,1,1,0,0,0,0,0,0,0,0,0,0,0,0,0,0,0,0,0,0,0,0,0,0,0,0,0,0,0,0,0,0,0,0,0,0,1,,,,,,,,,,,,,,,,,,,,,,,,0,0,0,0,0,0,0,0,0,0,0,0,benjj101,carlm101,harrv102,gibsj101,leonb101,willj110,johnj112,jackj104,partr102,8,4,7,2,3,9,5,6,1,casem101,thomd104,johnt107,speah101,hendc102,andrj104,burbb102,wrigz102,1,0,0,0,0,0,0,0,0,0,0,0,0,0,0,0,0,0,0,0,0,0,0,0,0,0,0,0,,,0,0,6,harrm103,mccrf901,,,,,19380528,regular,deduced
HOM193805280,99,1,1,1,PPB01,HOM,WBS,0,0,carlm101,yokel101,2,4,R,R,?,?,??,,,1,1,0,0,0,0,0,0,0,0,0,0,0,0,1,0,1,1,0,0,0,0,0,0,0,0,0,0,0,0,0,0,0,0,0,0,0,0,0,0,0,0,0,0,0,0,0,0,0,0,0,1,2,,,,,,,,,,,,,,,,,,,,,,,,0,0,0,0,0,0,0,0,0,0,0,0,benjj101,carlm101,harrv102,gibsj101,leonb101,willj110,johnj112,jackj104,partr102,8,4,7,2,3,9,5,6,1,casem101,thomd104,johnt107,speah101,hendc102,andrj104,burbb102,wrigz102,1,0,0,0,0,0,0,0,0,0,0,0,0,0,0,0,0,0,0,0,0,0,0,0,0,0,0,0,,,0,0,7,harrm103,mccrf901,,,,,19380528,regular,deduced
HOM193805280,99,1,1,1,PPB01,HOM,WBS,0,0,harrv102,yokel101,3,7,L,R,?,?,??,,,1,1,0,0,0,0,0,0,0,0,0,0,0,0,1,0,1,1,0,0,0,0,0,0,0,0,0,0,0,0,0,0,0,0,0,0,0,0,0,0,0,0,0,0,0,0,0,0,0,0,0,2,3,,,,,,,,,,,,,,,,,,,,,,,,0,0,0,0,0,0,0,0,0,0,0,0,benjj101,carlm101,harrv102,gibsj101,leonb101,willj110,johnj112,jackj104,partr102,8,4,7,2,3,9,5,6,1,casem101,thomd104,johnt107,speah101,hendc102,andrj104,burbb102,wrigz102,1,0,0,0,0,0,0,0,0,0,0,0,0,0,0,0,0,0,0,0,0,0,0,0,0,0,0,0,,,0,0,8,harrm103,mccrf901,,,,,19380528,regular,deduced
HOM193805280,99,2,0,0,PPB01,WBS,HOM,0,0,casem101,partr102,6,2,?,L,?,?,??,,,1,1,0,0,0,0,0,0,0,0,0,0,0,0,1,0,1,1,0,0,0,0,0,0,0,0,0,0,0,0,0,0,0,0,0,0,0,0,0,0,0,0,0,0,0,0,0,0,0,0,0,0,1,,,,,,,,,,,,,,,,,,,,,,,,0,0,0,0,0,0,0,0,0,0,0,0,burbb102,johnt107,thomd104,speah101,wrigz102,casem101,hendc102,andrj104,yokel101,8,4,3,5,9,2,6,7,1,gibsj101,leonb101,carlm101,johnj112,jackj104,harrv102,benjj101,willj110,1,0,0,0,0,0,0,0,0,0,0,0,0,0,0,0,0,0,0,0,0,0,0,0,0,0,0,0,,,0,0,9,harrm103,mccrf901,,,,,19380528,regular,deduced
HOM193805280,99,2,0,0,PPB01,WBS,HOM,0,0,hendc102,partr102,7,6,R,L,?,?,??,,,1,1,0,0,0,0,0,0,0,0,0,0,0,0,1,0,1,1,0,0,0,0,0,0,0,0,0,0,0,0,0,0,0,0,0,0,0,0,0,0,0,0,0,0,0,0,0,0,0,0,0,1,2,,,,,,,,,,,,,,,,,,,,,,,,0,0,0,0,0,0,0,0,0,0,0,0,burbb102,johnt107,thomd104,speah101,wrigz102,casem101,hendc102,andrj104,yokel101,8,4,3,5,9,2,6,7,1,gibsj101,leonb101,carlm101,johnj112,jackj104,harrv102,benjj101,willj110,1,0,0,0,0,0,0,0,0,0,0,0,0,0,0,0,0,0,0,0,0,0,0,0,0,0,0,0,,,0,0,10,harrm103,mccrf901,,,,,19380528,regular,deduced
HOM193805280,99,2,0,0,PPB01,WBS,HOM,0,0,andrj104,partr102,8,7,L,L,?,?,??,,,1,1,0,0,0,0,0,0,0,0,0,0,0,0,1,0,1,1,0,0,0,0,0,0,0,0,0,0,0,0,0,0,0,0,0,0,0,0,0,0,0,0,0,0,0,0,0,0,0,0,0,2,3,,,,,,,,,,,,,,,,,,,,,,,,0,0,0,0,0,0,0,0,0,0,0,0,burbb102,johnt107,thomd104,speah101,wrigz102,casem101,hendc102,andrj104,yokel101,8,4,3,5,9,2,6,7,1,gibsj101,leonb101,carlm101,johnj112,jackj104,harrv102,benjj101,willj110,1,0,0,0,0,0,0,0,0,0,0,0,0,0,0,0,0,0,0,0,0,0,0,0,0,0,0,0,,,0,0,11,harrm103,mccrf901,,,,,19380528,regular,deduced
HOM193805280,99,2,1,1,PPB01,HOM,WBS,0,0,gibsj101,yokel101,4,2,R,R,?,?,??,,,1,1,0,0,0,0,0,0,0,0,0,0,0,0,1,0,1,1,0,0,0,0,0,0,0,0,0,0,0,0,0,0,0,0,0,0,0,0,0,0,0,0,0,0,0,0,0,0,0,0,0,0,1,,,,,,,,,,,,,,,,,,,,,,,,0,0,0,0,0,0,0,0,0,0,0,0,benjj101,carlm101,harrv102,gibsj101,leonb101,willj110,johnj112,jackj104,partr102,8,4,7,2,3,9,5,6,1,casem101,thomd104,johnt107,speah101,hendc102,andrj104,burbb102,wrigz102,1,0,0,0,0,0,0,0,0,0,0,0,0,0,0,0,0,0,0,0,0,0,0,0,0,0,0,0,,,0,0,12,harrm103,mccrf901,,,,,19380528,regular,deduced
HOM193805280,99,2,1,1,PPB01,HOM,WBS,0,0,leonb101,yokel101,5,3,L,R,?,?,??,,,1,1,0,0,0,0,0,0,0,0,0,0,0,0,1,0,1,1,0,0,0,0,0,0,0,0,0,0,0,0,0,0,0,0,0,0,0,0,0,0,0,0,0,0,0,0,0,0,0,0,0,1,2,,,,,,,,,,,,,,,,,,,,,,,,0,0,0,0,0,0,0,0,0,0,0,0,benjj101,carlm101,harrv102,gibsj101,leonb101,willj110,johnj112,jackj104,partr102,8,4,7,2,3,9,5,6,1,casem101,thomd104,johnt107,speah101,hendc102,andrj104,burbb102,wrigz102,1,0,0,0,0,0,0,0,0,0,0,0,0,0,0,0,0,0,0,0,0,0,0,0,0,0,0,0,,,0,0,13,harrm103,mccrf901,,,,,19380528,regular,deduced
HOM193805280,99,2,1,1,PPB01,HOM,WBS,0,0,willj110,yokel101,6,9,R,R,?,?,??,,,1,1,0,0,0,0,0,0,0,0,0,0,0,0,1,0,1,1,0,0,0,0,0,0,0,0,0,0,0,0,0,0,0,0,0,0,0,0,0,0,0,0,0,0,0,0,0,0,0,0,0,2,3,,,,,,,,,,,,,,,,,,,,,,,,0,0,0,0,0,0,0,0,0,0,0,0,benjj101,carlm101,harrv102,gibsj101,leonb101,willj110,johnj112,jackj104,partr102,8,4,7,2,3,9,5,6,1,casem101,thomd104,johnt107,speah101,hendc102,andrj104,burbb102,wrigz102,1,0,0,0,0,0,0,0,0,0,0,0,0,0,0,0,0,0,0,0,0,0,0,0,0,0,0,0,,,0,0,14,harrm103,mccrf901,,,,,19380528,regular,deduced
HOM193805280,99,3,0,0,PPB01,WBS,HOM,0,0,yokel101,partr102,9,1,R,L,?,?,??,,,1,1,0,0,0,0,0,0,0,0,0,0,0,0,1,0,1,1,0,0,0,0,0,0,0,0,0,0,0,0,0,0,0,0,0,0,0,0,0,0,0,0,0,0,0,0,0,0,0,0,0,0,1,,,,,,,,,,,,,,,,,,,,,,,,0,0,0,0,0,0,0,0,0,0,0,0,burbb102,johnt107,thomd104,speah101,wrigz102,casem101,hendc102,andrj104,yokel101,8,4,3,5,9,2,6,7,1,gibsj101,leonb101,carlm101,johnj112,jackj104,harrv102,benjj101,willj110,1,0,0,0,0,0,0,0,0,0,0,0,0,0,0,0,0,0,0,0,0,0,0,0,0,0,0,0,,,0,0,15,harrm103,mccrf901,,,,,19380528,regular,deduced
HOM193805280,99,3,0,0,PPB01,WBS,HOM,0,0,burbb102,partr102,1,8,L,L,?,?,??,,,1,1,0,0,0,0,0,0,0,0,0,0,0,0,1,0,1,1,0,0,0,0,0,0,0,0,0,0,0,0,0,0,0,0,0,0,0,0,0,0,0,0,0,0,0,0,0,0,0,0,0,1,2,,,,,,,,,,,,,,,,,,,,,,,,0,0,0,0,0,0,0,0,0,0,0,0,burbb102,johnt107,thomd104,speah101,wrigz102,casem101,hendc102,andrj104,yokel101,8,4,3,5,9,2,6,7,1,gibsj101,leonb101,carlm101,johnj112,jackj104,harrv102,benjj101,willj110,1,0,0,0,0,0,0,0,0,0,0,0,0,0,0,0,0,0,0,0,0,0,0,0,0,0,0,0,,,0,0,16,harrm103,mccrf901,,,,,19380528,regular,deduced
HOM193805280,99,3,0,0,PPB01,WBS,HOM,0,0,johnt107,partr102,2,4,R,L,?,?,??,,,1,1,0,0,0,0,0,0,0,0,0,0,0,0,1,0,1,1,0,0,0,0,0,0,0,0,0,0,0,0,0,0,0,0,0,0,0,0,0,0,0,0,0,0,0,0,0,0,0,0,0,2,3,,,,,,,,,,,,,,,,,,,,,,,,0,0,0,0,0,0,0,0,0,0,0,0,burbb102,johnt107,thomd104,speah101,wrigz102,casem101,hendc102,andrj104,yokel101,8,4,3,5,9,2,6,7,1,gibsj101,leonb101,carlm101,johnj112,jackj104,harrv102,benjj101,willj110,1,0,0,0,0,0,0,0,0,0,0,0,0,0,0,0,0,0,0,0,0,0,0,0,0,0,0,0,,,0,0,17,harrm103,mccrf901,,,,,19380528,regular,deduced
HOM193805280,99,3,1,1,PPB01,HOM,WBS,0,0,johnj112,yokel101,7,5,?,R,?,?,??,,,1,1,0,0,0,0,0,0,0,0,0,0,0,0,1,0,1,1,0,0,0,0,0,0,0,0,0,0,0,0,0,0,0,0,0,0,0,0,0,0,0,0,0,0,0,0,0,0,0,0,0,0,1,,,,,,,,,,,,,,,,,,,,,,,,0,0,0,0,0,0,0,0,0,0,0,0,benjj101,carlm101,harrv102,gibsj101,leonb101,willj110,johnj112,jackj104,partr102,8,4,7,2,3,9,5,6,1,casem101,thomd104,johnt107,speah101,hendc102,andrj104,burbb102,wrigz102,1,0,0,0,0,0,0,0,0,0,0,0,0,0,0,0,0,0,0,0,0,0,0,0,0,0,0,0,,,0,0,18,harrm103,mccrf901,,,,,19380528,regular,deduced
HOM193805280,99,3,1,1,PPB01,HOM,WBS,0,0,jackj104,yokel101,8,6,R,R,?,?,??,,,1,1,0,0,0,0,0,0,0,0,0,0,0,0,1,0,1,1,0,0,0,0,0,0,0,0,0,0,0,0,0,0,0,0,0,0,0,0,0,0,0,0,0,0,0,0,0,0,0,0,0,1,2,,,,,,,,,,,,,,,,,,,,,,,,0,0,0,0,0,0,0,0,0,0,0,0,benjj101,carlm101,harrv102,gibsj101,leonb101,willj110,johnj112,jackj104,partr102,8,4,7,2,3,9,5,6,1,casem101,thomd104,johnt107,speah101,hendc102,andrj104,burbb102,wrigz102,1,0,0,0,0,0,0,0,0,0,0,0,0,0,0,0,0,0,0,0,0,0,0,0,0,0,0,0,,,0,0,19,harrm103,mccrf901,,,,,19380528,regular,deduced
HOM193805280,S,3,1,1,PPB01,HOM,WBS,0,0,partr102,yokel101,9,1,L,R,?,?,??,,,1,1,1,0,0,0,0,0,0,0,0,0,0,0,0,0,0,1,0,0,0,0,0,0,0,0,0,0,0,0,0,0,0,0,0,0,0,0,0,0,0,0,0,0,0,0,0,0,0,0,0,2,2,,,,partr102,,,,,,,,,yokel101,,,,,,,,,,,0,0,0,0,0,0,0,0,0,0,0,0,benjj101,carlm101,harrv102,gibsj101,leonb101,willj110,johnj112,jackj104,partr102,8,4,7,2,3,9,5,6,1,casem101,thomd104,johnt107,speah101,hendc102,andrj104,burbb102,wrigz102,0,0,0,0,0,0,0,0,0,0,0,0,0,0,0,0,0,0,0,,0,0,0,0,0,0,0,0,,,0,0,20,harrm103,mccrf901,,,,,19380528,regular,deduced
HOM193805280,FC.1-2#,3,1,1,PPB01,HOM,WBS,0,0,benjj101,yokel101,1,8,B,R,?,?,??,,,1,1,0,0,0,0,0,0,0,0,0,0,0,1,0,0,0,1,0,1,0,0,0,0,0,0,0,0,0,0,0,0,0,0,0,0,0,0,0,0,0,0,0,0,0,0,0,0,0,0,0,2,2,partr102,,,benjj101,partr102,,,,,yokel101,,,yokel101,yokel101,,,,,,,,,,0,0,0,0,0,0,0,0,0,0,0,0,benjj101,carlm101,harrv102,gibsj101,leonb101,willj110,johnj112,jackj104,partr102,8,4,7,2,3,9,5,6,1,casem101,thomd104,johnt107,speah101,hendc102,andrj104,burbb102,wrigz102,0,0,0,0,0,0,0,0,0,0,0,0,0,0,0,0,0,0,0,,0,0,0,0,0,0,0,0,,G,0,0,21,harrm103,mccrf901,,,,,19380528,regular,deduced
HOM193805280,99,3,1,1,PPB01,HOM,WBS,0,0,carlm101,yokel101,2,4,R,R,?,?,??,,,1,1,0,0,0,0,0,0,0,0,0,0,0,0,1,0,1,1,0,0,0,0,0,0,0,0,0,0,0,0,0,0,0,0,0,0,0,0,0,0,0,0,0,0,0,0,0,0,0,0,0,2,3,benjj101,partr102,,,,,partr102,benjj101,,yokel101,yokel101,,,,,,,,,,,,,0,0,0,0,0,0,0,0,0,0,0,0,benjj101,carlm101,harrv102,gibsj101,leonb101,willj110,johnj112,jackj104,partr102,8,4,7,2,3,9,5,6,1,casem101,thomd104,johnt107,speah101,hendc102,andrj104,burbb102,wrigz102,1,0,0,0,0,0,0,0,0,0,0,0,0,0,0,0,0,0,0,0,0,0,0,0,0,0,0,0,,,0,0,22,harrm103,mccrf901,,,,,19380528,regular,deduced
HOM193805280,W#,4,0,0,PPB01,WBS,HOM,0,0,thomd104,partr102,3,3,L,L,?,?,??,,,1,0,0,0,0,0,0,0,0,1,0,0,0,0,0,0,0,0,0,0,0,0,0,0,0,0,0,0,0,0,0,0,0,0,0,0,0,0,0,0,0,0,0,0,0,0,0,0,0,0,0,0,0,,,,thomd104,,,,,,,,,partr102,,,,,,,,,,,0,0,0,0,0,0,0,0,0,0,0,0,burbb102,johnt107,thomd104,speah101,wrigz102,casem101,hendc102,andrj104,yokel101,8,4,3,5,9,2,6,7,1,gibsj101,leonb101,carlm101,johnj112,jackj104,harrv102,benjj101,willj110,0,0,0,0,0,0,0,0,0,0,0,0,0,0,0,0,0,0,0,,0,0,0,0,0,0,0,0,,,0,0,23,harrm103,mccrf901,,,,,19380528,regular,deduced
HOM193805280,S.1-3;B-2(TH)#,4,0,0,PPB01,WBS,HOM,0,0,speah101,partr102,4,5,R,L,?,?,??,,,1,1,1,0,0,0,0,0,0,0,0,0,0,0,0,0,0,1,0,0,0,0,0,0,0,0,0,0,0,0,0,0,0,0,0,0,0,0,0,0,0,0,0,0,0,0,0,0,0,0,0,0,0,thomd104,,,,speah101,thomd104,,,,partr102,,,,partr102,partr102,,,,,,,,,0,0,0,0,0,0,0,0,0,0,0,0,burbb102,johnt107,thomd104,speah101,wrigz102,casem101,hendc102,andrj104,yokel101,8,4,3,5,9,2,6,7,1,gibsj101,leonb101,carlm101,johnj112,jackj104,harrv102,benjj101,willj110,0,0,0,0,0,0,0,0,0,0,0,0,0,0,0,0,0,0,0,,0,0,0,0,0,0,0,0,,,0,0,24,harrm103,mccrf901,,,,,19380528,regular,deduced
HOM193805280,99.3-H;2-3#,4,0,0,PPB01,WBS,HOM,0,0,wrigz102,partr102,5,9,R,L,?,?,??,,,1,1,0,0,0,0,0,0,0,0,0,0,0,0,1,0,1,1,0,0,0,0,0,0,0,0,0,0,0,0,0,0,0,0,0,0,0,0,0,0,0,0,0,0,0,0,0,0,0,0,0,0,1,,speah101,thomd104,,,speah101,,,,,partr102,partr102,,,partr102,,,,thomd104,,,,partr102,0,0,0,0,0,0,0,1,1,1,1,0,burbb102,johnt107,thomd104,speah101,wrigz102,casem101,hendc102,andrj104,yokel101,8,4,3,5,9,2,6,7,1,gibsj101,leonb101,carlm101,johnj112,jackj104,harrv102,benjj101,willj110,1,0,0,0,0,0,0,0,0,0,0,0,0,0,0,0,0,0,0,0,0,0,0,0,0,0,0,0,,,0,0,25,harrm103,mccrf901,,,,,19380528,regular,deduced
HOM193805280,99.3-H#,4,0,0,PPB01,WBS,HOM,1,0,casem101,partr102,6,2,?,L,?,?,??,,,1,1,0,0,0,0,0,0,0,0,0,0,0,0,1,0,1,1,0,0,0,0,0,0,0,0,0,0,0,0,0,0,0,0,0,0,0,0,0,0,0,0,0,0,0,0,0,0,0,0,0,1,2,,,speah101,,,,,,,,,partr102,,,,,,,speah101,,,,partr102,0,0,0,0,0,0,0,1,1,1,1,0,burbb102,johnt107,thomd104,speah101,wrigz102,casem101,hendc102,andrj104,yokel101,8,4,3,5,9,2,6,7,1,gibsj101,leonb101,carlm101,johnj112,jackj104,harrv102,benjj101,willj110,1,0,0,0,0,0,0,0,0,0,0,0,0,0,0,0,0,0,0,0,0,0,0,0,0,0,0,0,,,0,0,26,harrm103,mccrf901,,,,,19380528,regular,deduced
HOM193805280,99,4,0,0,PPB01,WBS,HOM,2,0,hendc102,partr102,7,6,R,L,?,?,??,,,1,1,0,0,0,0,0,0,0,0,0,0,0,0,1,0,1,1,0,0,0,0,0,0,0,0,0,0,0,0,0,0,0,0,0,0,0,0,0,0,0,0,0,0,0,0,0,0,0,0,0,2,3,,,,,,,,,,,,,,,,,,,,,,,,0,0,0,0,0,0,0,0,0,0,0,0,burbb102,johnt107,thomd104,speah101,wrigz102,casem101,hendc102,andrj104,yokel101,8,4,3,5,9,2,6,7,1,gibsj101,leonb101,carlm101,johnj112,jackj104,harrv102,benjj101,willj110,1,0,0,0,0,0,0,0,0,0,0,0,0,0,0,0,0,0,0,0,0,0,0,0,0,0,0,0,,,0,0,27,harrm103,mccrf901,,,,,19380528,regular,deduced
HOM193805280,99,4,1,1,PPB01,HOM,WBS,2,0,harrv102,yokel101,3,7,L,R,?,?,??,,,1,1,0,0,0,0,0,0,0,0,0,0,0,0,1,0,1,1,0,0,0,0,0,0,0,0,0,0,0,0,0,0,0,0,0,0,0,0,0,0,0,0,0,0,0,0,0,0,0,0,0,0,1,,,,,,,,,,,,,,,,,,,,,,,,0,0,0,0,0,0,0,0,0,0,0,0,benjj101,carlm101,harrv102,gibsj101,leonb101,willj110,johnj112,jackj104,partr102,8,4,7,2,3,9,5,6,1,casem101,thomd104,johnt107,speah101,hendc102,andrj104,burbb102,wrigz102,1,0,0,0,0,0,0,0,0,0,0,0,0,0,0,0,0,0,0,0,0,0,0,0,0,0,0,0,,,0,0,28,harrm103,mccrf901,,,,,19380528,regular,deduced
HOM193805280,99,4,1,1,PPB01,HOM,WBS,2,0,gibsj101,yokel101,4,2,R,R,?,?,??,,,1,1,0,0,0,0,0,0,0,0,0,0,0,0,1,0,1,1,0,0,0,0,0,0,0,0,0,0,0,0,0,0,0,0,0,0,0,0,0,0,0,0,0,0,0,0,0,0,0,0,0,1,2,,,,,,,,,,,,,,,,,,,,,,,,0,0,0,0,0,0,0,0,0,0,0,0,benjj101,carlm101,harrv102,gibsj101,leonb101,willj110,johnj112,jackj104,partr102,8,4,7,2,3,9,5,6,1,casem101,thomd104,johnt107,speah101,hendc102,andrj104,burbb102,wrigz102,1,0,0,0,0,0,0,0,0,0,0,0,0,0,0,0,0,0,0,0,0,0,0,0,0,0,0,0,,,0,0,29,harrm103,mccrf901,,,,,19380528,regular,deduced
HOM193805280,99,4,1,1,PPB01,HOM,WBS,2,0,leonb101,yokel101,5,3,L,R,?,?,??,,,1,1,0,0,0,0,0,0,0,0,0,0,0,0,1,0,1,1,0,0,0,0,0,0,0,0,0,0,0,0,0,0,0,0,0,0,0,0,0,0,0,0,0,0,0,0,0,0,0,0,0,2,3,,,,,,,,,,,,,,,,,,,,,,,,0,0,0,0,0,0,0,0,0,0,0,0,benjj101,carlm101,harrv102,gibsj101,leonb101,willj110,johnj112,jackj104,partr102,8,4,7,2,3,9,5,6,1,casem101,thomd104,johnt107,speah101,hendc102,andrj104,burbb102,wrigz102,1,0,0,0,0,0,0,0,0,0,0,0,0,0,0,0,0,0,0,0,0,0,0,0,0,0,0,0,,,0,0,30,harrm103,mccrf901,,,,,19380528,regular,deduced
HOM193805280,W#,5,0,0,PPB01,WBS,HOM,2,0,andrj104,partr102,8,7,L,L,?,?,??,,,1,0,0,0,0,0,0,0,0,1,0,0,0,0,0,0,0,0,0,0,0,0,0,0,0,0,0,0,0,0,0,0,0,0,0,0,0,0,0,0,0,0,0,0,0,0,0,0,0,0,0,0,0,,,,andrj104,,,,,,,,,partr102,,,,,,,,,,,0,0,0,0,0,0,0,0,0,0,0,0,burbb102,johnt107,thomd104,speah101,wrigz102,casem101,hendc102,andrj104,yokel101,8,4,3,5,9,2,6,7,1,gibsj101,leonb101,carlm101,johnj112,jackj104,harrv102,benjj101,willj110,0,0,0,0,0,0,0,0,0,0,0,0,0,0,0,0,0,0,0,,0,0,0,0,0,0,0,0,,,0,0,31,harrm103,mccrf901,,,,,19380528,regular,deduced
HOM193805280,99,5,0,0,PPB01,WBS,HOM,2,0,yokel101,partr102,9,1,R,L,?,?,??,,,1,1,0,0,0,0,0,0,0,0,0,0,0,0,1,0,1,1,0,0,0,0,0,0,0,0,0,0,0,0,0,0,0,0,0,0,0,0,0,0,0,0,0,0,0,0,0,0,0,0,0,0,1,andrj104,,,andrj104,,,,,,partr102,,,partr102,,,,,,,,,,,0,0,0,0,0,0,0,0,0,0,0,0,burbb102,johnt107,thomd104,speah101,wrigz102,casem101,hendc102,andrj104,yokel101,8,4,3,5,9,2,6,7,1,gibsj101,leonb101,carlm101,johnj112,jackj104,harrv102,benjj101,willj110,1,0,0,0,0,0,0,0,0,0,0,0,0,0,0,0,0,0,0,0,0,0,0,0,0,0,0,0,,,0,0,32,harrm103,mccrf901,,,,,19380528,regular,deduced
HOM193805280,FC.1-2#,5,0,0,PPB01,WBS,HOM,2,0,burbb102,partr102,1,8,L,L,?,?,??,,,1,1,0,0,0,0,0,0,0,0,0,0,0,1,0,0,0,1,0,1,0,0,0,0,0,0,0,0,0,0,0,0,0,0,0,0,0,0,0,0,0,0,0,0,0,0,0,0,0,0,0,1,1,andrj104,,,burbb102,andrj104,,,,,partr102,,,partr102,partr102,,,,,,,,,,0,0,0,0,0,0,0,0,0,0,0,0,burbb102,johnt107,thomd104,speah101,wrigz102,casem101,hendc102,andrj104,yokel101,8,4,3,5,9,2,6,7,1,gibsj101,leonb101,carlm101,johnj112,jackj104,harrv102,benjj101,willj110,0,0,0,0,0,0,0,0,0,0,0,0,0,0,0,0,0,0,0,,0,0,0,0,0,0,0,0,,G,1,0,33,harrm103,mccrf901,,,,,19380528,regular,deduced
HOM193805280,99,5,0,0,PPB01,WBS,HOM,2,0,johnt107,partr102,2,4,R,L,?,?,??,,,1,1,0,0,0,0,0,0,0,0,0,0,0,0,1,0,1,1,0,0,0,0,0,0,0,0,0,0,0,0,0,0,0,0,0,0,0,0,0,0,0,0,0,0,0,0,0,0,0,0,0,1,2,burbb102,andrj104,,burbb102,andrj104,,,,,partr102,partr102,,partr102,partr102,,,,,,,,,,0,0,0,0,0,0,0,0,0,0,0,0,burbb102,johnt107,thomd104,speah101,wrigz102,casem101,hendc102,andrj104,yokel101,8,4,3,5,9,2,6,7,1,gibsj101,leonb101,carlm101,johnj112,jackj104,harrv102,benjj101,willj110,1,0,0,0,0,0,0,0,0,0,0,0,0,0,0,0,0,0,0,0,0,0,0,0,0,0,0,0,,,0,0,34,harrm103,mccrf901,,,,,19380528,regular,deduced
HOM193805280,99,5,0,0,PPB01,WBS,HOM,2,0,thomd104,partr102,3,3,L,L,?,?,??,,,1,1,0,0,0,0,0,0,0,0,0,0,0,0,1,0,1,1,0,0,0,0,0,0,0,0,0,0,0,0,0,0,0,0,0,0,0,0,0,0,0,0,0,0,0,0,0,0,0,0,0,2,3,burbb102,andrj104,,,,,andrj104,burbb102,,partr102,partr102,,,,,,,,,,,,,0,0,0,0,0,0,0,0,0,0,0,0,burbb102,johnt107,thomd104,speah101,wrigz102,casem101,hendc102,andrj104,yokel101,8,4,3,5,9,2,6,7,1,gibsj101,leonb101,carlm101,johnj112,jackj104,harrv102,benjj101,willj110,1,0,0,0,0,0,0,0,0,0,0,0,0,0,0,0,0,0,0,0,0,0,0,0,0,0,0,0,,,0,0,35,harrm103,mccrf901,,,,,19380528,regular,deduced
HOM193805280,S,5,1,1,PPB01,HOM,WBS,2,0,willj110,yokel101,6,9,R,R,?,?,??,,,1,1,1,0,0,0,0,0,0,0,0,0,0,0,0,0,0,1,0,0,0,0,0,0,0,0,0,0,0,0,0,0,0,0,0,0,0,0,0,0,0,0,0,0,0,0,0,0,0,0,0,0,0,,,,willj110,,,,,,,,,yokel101,,,,,,,,,,,0,0,0,0,0,0,0,0,0,0,0,0,benjj101,carlm101,harrv102,gibsj101,leonb101,willj110,johnj112,jackj104,partr102,8,4,7,2,3,9,5,6,1,casem101,thomd104,johnt107,speah101,hendc102,andrj104,burbb102,wrigz102,0,0,0,0,0,0,0,0,0,0,0,0,0,0,0,0,0,0,0,,0,0,0,0,0,0,0,0,,,0,0,36,harrm103,mccrf901,,,,,19380528,regular,deduced
HOM193805280,S.1-3,5,1,1,PPB01,HOM,WBS,2,0,johnj112,yokel101,7,5,?,R,?,?,??,,,1,1,1,0,0,0,0,0,0,0,0,0,0,0,0,0,0,1,0,0,0,0,0,0,0,0,0,0,0,0,0,0,0,0,0,0,0,0,0,0,0,0,0,0,0,0,0,0,0,0,0,0,0,willj110,,,johnj112,,willj110,,,,yokel101,,,yokel101,,yokel101,,,,,,,,,0,0,0,0,0,0,0,0,0,0,0,0,benjj101,carlm101,harrv102,gibsj101,leonb101,willj110,johnj112,jackj104,partr102,8,4,7,2,3,9,5,6,1,casem101,thomd104,johnt107,speah101,hendc102,andrj104,burbb102,wrigz102,0,0,0,0,0,0,0,0,0,0,0,0,0,0,0,0,0,0,0,,0,0,0,0,0,0,0,0,,,0,0,37,harrm103,mccrf901,,,,,19380528,regular,deduced
HOM193805280,99.3-H,5,1,1,PPB01,HOM,WBS,2,0,jackj104,yokel101,8,6,R,R,?,?,??,,,1,1,0,0,0,0,0,0,0,0,0,0,0,0,1,0,1,1,0,0,0,0,0,0,0,0,0,0,0,0,0,0,0,0,0,0,0,0,0,0,0,0,0,0,0,0,0,0,0,0,0,0,1,johnj112,,willj110,johnj112,,,,,,yokel101,,yokel101,yokel101,,,,,,willj110,,,,yokel101,0,0,0,0,0,0,0,1,1,1,1,0,benjj101,carlm101,harrv102,gibsj101,leonb101,willj110,johnj112,jackj104,partr102,8,4,7,2,3,9,5,6,1,casem101,thomd104,johnt107,speah101,hendc102,andrj104,burbb102,wrigz102,1,0,0,0,0,0,0,0,0,0,0,0,0,0,0,0,0,0,0,0,0,0,0,0,0,0,0,0,,,0,0,38,harrm103,mccrf901,,,,,19380528,regular,deduced
HOM193805280,99,5,1,1,PPB01,HOM,WBS,2,1,partr102,yokel101,9,1,L,R,?,?,??,,,1,1,0,0,0,0,0,0,0,0,0,0,0,0,1,0,1,1,0,0,0,0,0,0,0,0,0,0,0,0,0,0,0,0,0,0,0,0,0,0,0,0,0,0,0,0,0,0,0,0,0,1,2,johnj112,,,johnj112,,,,,,yokel101,,,yokel101,,,,,,,,,,,0,0,0,0,0,0,0,0,0,0,0,0,benjj101,carlm101,harrv102,gibsj101,leonb101,willj110,johnj112,jackj104,partr102,8,4,7,2,3,9,5,6,1,casem101,thomd104,johnt107,speah101,hendc102,andrj104,burbb102,wrigz102,1,0,0,0,0,0,0,0,0,0,0,0,0,0,0,0,0,0,0,0,0,0,0,0,0,0,0,0,,,0,0,39,harrm103,mccrf901,,,,,19380528,regular,deduced
HOM193805280,S.1-2,5,1,1,PPB01,HOM,WBS,2,1,benjj101,yokel101,1,8,B,R,?,?,??,,,1,1,1,0,0,0,0,0,0,0,0,0,0,0,0,0,0,1,0,0,0,0,0,0,0,0,0,0,0,0,0,0,0,0,0,0,0,0,0,0,0,0,0,0,0,0,0,0,0,0,0,2,2,johnj112,,,benjj101,johnj112,,,,,yokel101,,,yokel101,yokel101,,,,,,,,,,0,0,0,0,0,0,0,0,0,0,0,0,benjj101,carlm101,harrv102,gibsj101,leonb101,willj110,johnj112,jackj104,partr102,8,4,7,2,3,9,5,6,1,casem101,thomd104,johnt107,speah101,hendc102,andrj104,burbb102,wrigz102,0,0,0,0,0,0,0,0,0,0,0,0,0,0,0,0,0,0,0,,0,0,0,0,0,0,0,0,,,0,0,40,harrm103,mccrf901,,,,,19380528,regular,deduced
HOM193805280,99,5,1,1,PPB01,HOM,WBS,2,1,carlm101,yokel101,2,4,R,R,?,?,??,,,1,1,0,0,0,0,0,0,0,0,0,0,0,0,1,0,1,1,0,0,0,0,0,0,0,0,0,0,0,0,0,0,0,0,0,0,0,0,0,0,0,0,0,0,0,0,0,0,0,0,0,2,3,benjj101,johnj112,,,,,johnj112,benjj101,,yokel101,yokel101,,,,,,,,,,,,,0,0,0,0,0,0,0,0,0,0,0,0,benjj101,carlm101,harrv102,gibsj101,leonb101,willj110,johnj112,jackj104,partr102,8,4,7,2,3,9,5,6,1,casem101,thomd104,johnt107,speah101,hendc102,andrj104,burbb102,wrigz102,1,0,0,0,0,0,0,0,0,0,0,0,0,0,0,0,0,0,0,0,0,0,0,0,0,0,0,0,,,0,0,41,harrm103,mccrf901,,,,,19380528,regular,deduced
HOM193805280,99,6,0,0,PPB01,WBS,HOM,2,1,speah101,partr102,4,5,R,L,?,?,??,,,1,1,0,0,0,0,0,0,0,0,0,0,0,0,1,0,1,1,0,0,0,0,0,0,0,0,0,0,0,0,0,0,0,0,0,0,0,0,0,0,0,0,0,0,0,0,0,0,0,0,0,0,1,,,,,,,,,,,,,,,,,,,,,,,,0,0,0,0,0,0,0,0,0,0,0,0,burbb102,johnt107,thomd104,speah101,wrigz102,casem101,hendc102,andrj104,yokel101,8,4,3,5,9,2,6,7,1,gibsj101,leonb101,carlm101,johnj112,jackj104,harrv102,benjj101,willj110,1,0,0,0,0,0,0,0,0,0,0,0,0,0,0,0,0,0,0,0,0,0,0,0,0,0,0,0,,,0,0,42,harrm103,mccrf901,,,,,19380528,regular,deduced
HOM193805280,S,6,0,0,PPB01,WBS,HOM,2,1,wrigz102,partr102,5,9,R,L,?,?,??,,,1,1,1,0,0,0,0,0,0,0,0,0,0,0,0,0,0,1,0,0,0,0,0,0,0,0,0,0,0,0,0,0,0,0,0,0,0,0,0,0,0,0,0,0,0,0,0,0,0,0,0,1,1,,,,wrigz102,,,,,,,,,partr102,,,,,,,,,,,0,0,0,0,0,0,0,0,0,0,0,0,burbb102,johnt107,thomd104,speah101,wrigz102,casem101,hendc102,andrj104,yokel101,8,4,3,5,9,2,6,7,1,gibsj101,leonb101,carlm101,johnj112,jackj104,harrv102,benjj101,willj110,0,0,0,0,0,0,0,0,0,0,0,0,0,0,0,0,0,0,0,,0,0,0,0,0,0,0,0,,,0,0,43,harrm103,mccrf901,,,,,19380528,regular,deduced
HOM193805280,99,6,0,0,PPB01,WBS,HOM,2,1,casem101,partr102,6,2,?,L,?,?,??,,,1,1,0,0,0,0,0,0,0,0,0,0,0,0,1,0,1,1,0,0,0,0,0,0,0,0,0,0,0,0,0,0,0,0,0,0,0,0,0,0,0,0,0,0,0,0,0,0,0,0,0,1,2,wrigz102,,,wrigz102,,,,,,partr102,,,partr102,,,,,,,,,,,0,0,0,0,0,0,0,0,0,0,0,0,burbb102,johnt107,thomd104,speah101,wrigz102,casem101,hendc102,andrj104,yokel101,8,4,3,5,9,2,6,7,1,gibsj101,leonb101,carlm101,johnj112,jackj104,harrv102,benjj101,willj110,1,0,0,0,0,0,0,0,0,0,0,0,0,0,0,0,0,0,0,0,0,0,0,0,0,0,0,0,,,0,0,44,harrm103,mccrf901,,,,,19380528,regular,deduced
HOM193805280,99,6,0,0,PPB01,WBS,HOM,2,1,hendc102,partr102,7,6,R,L,?,?,??,,,1,1,0,0,0,0,0,0,0,0,0,0,0,0,1,0,1,1,0,0,0,0,0,0,0,0,0,0,0,0,0,0,0,0,0,0,0,0,0,0,0,0,0,0,0,0,0,0,0,0,0,2,3,wrigz102,,,,,,wrigz102,,,partr102,,,,,,,,,,,,,,0,0,0,0,0,0,0,0,0,0,0,0,burbb102,johnt107,thomd104,speah101,wrigz102,casem101,hendc102,andrj104,yokel101,8,4,3,5,9,2,6,7,1,gibsj101,leonb101,carlm101,johnj112,jackj104,harrv102,benjj101,willj110,1,0,0,0,0,0,0,0,0,0,0,0,0,0,0,0,0,0,0,0,0,0,0,0,0,0,0,0,,,0,0,45,harrm103,mccrf901,,,,,19380528,regular,deduced
HOM193805280,99,6,1,1,PPB01,HOM,WBS,2,1,harrv102,yokel101,3,7,L,R,?,?,??,,,1,1,0,0,0,0,0,0,0,0,0,0,0,0,1,0,1,1,0,0,0,0,0,0,0,0,0,0,0,0,0,0,0,0,0,0,0,0,0,0,0,0,0,0,0,0,0,0,0,0,0,0,1,,,,,,,,,,,,,,,,,,,,,,,,0,0,0,0,0,0,0,0,0,0,0,0,benjj101,carlm101,harrv102,gibsj101,leonb101,willj110,johnj112,jackj104,partr102,8,4,7,2,3,9,5,6,1,casem101,thomd104,johnt107,speah101,hendc102,andrj104,burbb102,wrigz102,1,0,0,0,0,0,0,0,0,0,0,0,0,0,0,0,0,0,0,0,0,0,0,0,0,0,0,0,,,0,0,46,harrm103,mccrf901,,,,,19380528,regular,deduced
HOM193805280,W#,6,1,1,PPB01,HOM,WBS,2,1,gibsj101,yokel101,4,2,R,R,?,?,??,,,1,0,0,0,0,0,0,0,0,1,0,0,0,0,0,0,0,0,0,0,0,0,0,0,0,0,0,0,0,0,0,0,0,0,0,0,0,0,0,0,0,0,0,0,0,0,0,0,0,0,0,1,1,,,,gibsj101,,,,,,,,,yokel101,,,,,,,,,,,0,0,0,0,0,0,0,0,0,0,0,0,benjj101,carlm101,harrv102,gibsj101,leonb101,willj110,johnj112,jackj104,partr102,8,4,7,2,3,9,5,6,1,casem101,thomd104,johnt107,speah101,hendc102,andrj104,burbb102,wrigz102,0,0,0,0,0,0,0,0,0,0,0,0,0,0,0,0,0,0,0,,0,0,0,0,0,0,0,0,,,0,0,47,harrm103,mccrf901,,,,,19380528,regular,deduced
HOM193805280,FC.1-2#,6,1,1,PPB01,HOM,WBS,2,1,leonb101,yokel101,5,3,L,R,?,?,??,,,1,1,0,0,0,0,0,0,0,0,0,0,0,1,0,0,0,1,0,1,0,0,0,0,0,0,0,0,0,0,0,0,0,0,0,0,0,0,0,0,0,0,0,0,0,0,0,0,0,0,0,1,1,gibsj101,,,leonb101,gibsj101,,,,,yokel101,,,yokel101,yokel101,,,,,,,,,,0,0,0,0,0,0,0,0,0,0,0,0,benjj101,carlm101,harrv102,gibsj101,leonb101,willj110,johnj112,jackj104,partr102,8,4,7,2,3,9,5,6,1,casem101,thomd104,johnt107,speah101,hendc102,andrj104,burbb102,wrigz102,0,0,0,0,0,0,0,0,0,0,0,0,0,0,0,0,0,0,0,,0,0,0,0,0,0,0,0,,G,1,0,48,harrm103,mccrf901,,,,,19380528,regular,deduced
HOM193805280,99,6,1,1,PPB01,HOM,WBS,2,1,willj110,yokel101,6,9,R,R,?,?,??,,,1,1,0,0,0,0,0,0,0,0,0,0,0,0,1,0,1,1,0,0,0,0,0,0,0,0,0,0,0,0,0,0,0,0,0,0,0,0,0,0,0,0,0,0,0,0,0,0,0,0,0,1,2,leonb101,gibsj101,,leonb101,gibsj101,,,,,yokel101,yokel101,,yokel101,yokel101,,,,,,,,,,0,0,0,0,0,0,0,0,0,0,0,0,benjj101,carlm101,harrv102,gibsj101,leonb101,willj110,johnj112,jackj104,partr102,8,4,7,2,3,9,5,6,1,casem101,thomd104,johnt107,speah101,hendc102,andrj104,burbb102,wrigz102,1,0,0,0,0,0,0,0,0,0,0,0,0,0,0,0,0,0,0,0,0,0,0,0,0,0,0,0,,,0,0,49,harrm103,mccrf901,,,,,19380528,regular,deduced
HOM193805280,99,6,1,1,PPB01,HOM,WBS,2,1,johnj112,yokel101,7,5,?,R,?,?,??,,,1,1,0,0,0,0,0,0,0,0,0,0,0,0,1,0,1,1,0,0,0,0,0,0,0,0,0,0,0,0,0,0,0,0,0,0,0,0,0,0,0,0,0,0,0,0,0,0,0,0,0,2,3,leonb101,gibsj101,,,,,gibsj101,leonb101,,yokel101,yokel101,,,,,,,,,,,,,0,0,0,0,0,0,0,0,0,0,0,0,benjj101,carlm101,harrv102,gibsj101,leonb101,willj110,johnj112,jackj104,partr102,8,4,7,2,3,9,5,6,1,casem101,thomd104,johnt107,speah101,hendc102,andrj104,burbb102,wrigz102,1,0,0,0,0,0,0,0,0,0,0,0,0,0,0,0,0,0,0,0,0,0,0,0,0,0,0,0,,,0,0,50,harrm103,mccrf901,,,,,19380528,regular,deduced
HOM193805280,99,7,0,0,PPB01,WBS,HOM,2,1,andrj104,partr102,8,7,L,L,?,?,??,,,1,1,0,0,0,0,0,0,0,0,0,0,0,0,1,0,1,1,0,0,0,0,0,0,0,0,0,0,0,0,0,0,0,0,0,0,0,0,0,0,0,0,0,0,0,0,0,0,0,0,0,0,1,,,,,,,,,,,,,,,,,,,,,,,,0,0,0,0,0,0,0,0,0,0,0,0,burbb102,johnt107,thomd104,speah101,wrigz102,casem101,hendc102,andrj104,yokel101,8,4,3,5,9,2,6,7,1,gibsj101,leonb101,carlm101,johnj112,jackj104,harrv102,benjj101,willj110,1,0,0,0,0,0,0,0,0,0,0,0,0,0,0,0,0,0,0,0,0,0,0,0,0,0,0,0,,,0,0,51,harrm103,mccrf901,,,,,19380528,regular,deduced
HOM193805280,W#,7,0,0,PPB01,WBS,HOM,2,1,yokel101,partr102,9,1,R,L,?,?,??,,,1,0,0,0,0,0,0,0,0,1,0,0,0,0,0,0,0,0,0,0,0,0,0,0,0,0,0,0,0,0,0,0,0,0,0,0,0,0,0,0,0,0,0,0,0,0,0,0,0,0,0,1,1,,,,yokel101,,,,,,,,,partr102,,,,,,,,,,,0,0,0,0,0,0,0,0,0,0,0,0,burbb102,johnt107,thomd104,speah101,wrigz102,casem101,hendc102,andrj104,yokel101,8,4,3,5,9,2,6,7,1,gibsj101,leonb101,carlm101,johnj112,jackj104,harrv102,benjj101,willj110,0,0,0,0,0,0,0,0,0,0,0,0,0,0,0,0,0,0,0,,0,0,0,0,0,0,0,0,,,0,0,52,harrm103,mccrf901,,,,,19380528,regular,deduced
HOM193805280,S.1-2,7,0,0,PPB01,WBS,HOM,2,1,burbb102,partr102,1,8,L,L,?,?,??,,,1,1,1,0,0,0,0,0,0,0,0,0,0,0,0,0,0,1,0,0,0,0,0,0,0,0,0,0,0,0,0,0,0,0,0,0,0,0,0,0,0,0,0,0,0,0,0,0,0,0,0,1,1,yokel101,,,burbb102,yokel101,,,,,partr102,,,partr102,partr102,,,,,,,,,,0,0,0,0,0,0,0,0,0,0,0,0,burbb102,johnt107,thomd104,speah101,wrigz102,casem101,hendc102,andrj104,yokel101,8,4,3,5,9,2,6,7,1,gibsj101,leonb101,carlm101,johnj112,jackj104,harrv102,benjj101,willj110,0,0,0,0,0,0,0,0,0,0,0,0,0,0,0,0,0,0,0,,0,0,0,0,0,0,0,0,,,0,0,53,harrm103,mccrf901,,,,,19380528,regular,deduced
HOM193805280,99,7,0,0,PPB01,WBS,HOM,2,1,johnt107,partr102,2,4,R,L,?,?,??,,,1,1,0,0,0,0,0,0,0,0,0,0,0,0,1,0,1,1,0,0,0,0,0,0,0,0,0,0,0,0,0,0,0,0,0,0,0,0,0,0,0,0,0,0,0,0,0,0,0,0,0,1,2,burbb102,yokel101,,burbb102,yokel101,,,,,partr102,partr102,,partr102,partr102,,,,,,,,,,0,0,0,0,0,0,0,0,0,0,0,0,burbb102,johnt107,thomd104,speah101,wrigz102,casem101,hendc102,andrj104,yokel101,8,4,3,5,9,2,6,7,1,gibsj101,leonb101,carlm101,johnj112,jackj104,harrv102,benjj101,willj110,1,0,0,0,0,0,0,0,0,0,0,0,0,0,0,0,0,0,0,0,0,0,0,0,0,0,0,0,,,0,0,54,harrm103,mccrf901,,,,,19380528,regular,deduced
HOM193805280,S.2-H;1-2,7,0,0,PPB01,WBS,HOM,2,1,thomd104,partr102,3,3,L,L,?,?,??,,,1,1,1,0,0,0,0,0,0,0,0,0,0,0,0,0,0,1,0,0,0,0,0,0,0,0,0,0,0,0,0,0,0,0,0,0,0,0,0,0,0,0,0,0,0,0,0,0,0,0,0,2,2,burbb102,yokel101,,thomd104,burbb102,,,,,partr102,partr102,,partr102,partr102,,,,yokel101,,,,partr102,,0,0,0,0,0,0,1,0,1,1,1,0,burbb102,johnt107,thomd104,speah101,wrigz102,casem101,hendc102,andrj104,yokel101,8,4,3,5,9,2,6,7,1,gibsj101,leonb101,carlm101,johnj112,jackj104,harrv102,benjj101,willj110,0,0,0,0,0,0,0,0,0,0,0,0,0,0,0,0,0,0,0,,0,0,0,0,0,0,0,0,,,0,0,55,harrm103,mccrf901,,,,,19380528,regular,deduced
HOM193805280,HR.2-H;1-H,7,0,0,PPB01,WBS,HOM,3,1,speah101,partr102,4,5,R,L,?,?,??,,,1,1,0,0,0,1,0,0,0,0,0,0,0,0,0,0,0,0,0,0,0,0,0,0,0,0,0,0,0,0,0,0,0,0,0,0,0,0,0,0,0,0,0,0,0,0,0,0,0,0,0,2,2,thomd104,burbb102,,,,,,,,partr102,partr102,,,,,speah101,thomd104,burbb102,,partr102,partr102,partr102,,0,0,0,0,1,1,1,0,3,3,3,0,burbb102,johnt107,thomd104,speah101,wrigz102,casem101,hendc102,andrj104,yokel101,8,4,3,5,9,2,6,7,1,gibsj101,leonb101,carlm101,johnj112,jackj104,harrv102,benjj101,willj110,0,0,0,0,0,0,0,0,0,0,0,0,0,0,0,0,0,0,0,,0,0,0,0,0,0,0,0,,,0,0,56,harrm103,mccrf901,,,,,19380528,regular,deduced
HOM193805280,99,7,0,0,PPB01,WBS,HOM,6,1,wrigz102,partr102,5,9,R,L,?,?,??,,,1,1,0,0,0,0,0,0,0,0,0,0,0,0,1,0,1,1,0,0,0,0,0,0,0,0,0,0,0,0,0,0,0,0,0,0,0,0,0,0,0,0,0,0,0,0,0,0,0,0,0,2,3,,,,,,,,,,,,,,,,,,,,,,,,0,0,0,0,0,0,0,0,0,0,0,0,burbb102,johnt107,thomd104,speah101,wrigz102,casem101,hendc102,andrj104,yokel101,8,4,3,5,9,2,6,7,1,gibsj101,leonb101,carlm101,johnj112,jackj104,harrv102,benjj101,willj110,1,0,0,0,0,0,0,0,0,0,0,0,0,0,0,0,0,0,0,0,0,0,0,0,0,0,0,0,,,0,0,57,harrm103,mccrf901,,,,,19380528,regular,deduced
HOM193805280,W#,7,1,1,PPB01,HOM,WBS,6,1,jackj104,yokel101,8,6,R,R,?,?,??,,,1,0,0,0,0,0,0,0,0,1,0,0,0,0,0,0,0,0,0,0,0,0,0,0,0,0,0,0,0,0,0,0,0,0,0,0,0,0,0,0,0,0,0,0,0,0,0,0,0,0,0,0,0,,,,jackj104,,,,,,,,,yokel101,,,,,,,,,,,0,0,0,0,0,0,0,0,0,0,0,0,benjj101,carlm101,harrv102,gibsj101,leonb101,willj110,johnj112,jackj104,partr102,8,4,7,2,3,9,5,6,1,casem101,thomd104,johnt107,speah101,hendc102,andrj104,burbb102,wrigz102,0,0,0,0,0,0,0,0,0,0,0,0,0,0,0,0,0,0,0,,0,0,0,0,0,0,0,0,,,0,0,58,harrm103,mccrf901,,,,,19380528,regular,deduced
HOM193805280,S.1-2,7,1,1,PPB01,HOM,WBS,6,1,partr102,yokel101,9,1,L,R,?,?,??,,,1,1,1,0,0,0,0,0,0,0,0,0,0,0,0,0,0,1,0,0,0,0,0,0,0,0,0,0,0,0,0,0,0,0,0,0,0,0,0,0,0,0,0,0,0,0,0,0,0,0,0,0,0,jackj104,,,partr102,jackj104,,,,,yokel101,,,yokel101,yokel101,,,,,,,,,,0,0,0,0,0,0,0,0,0,0,0,0,benjj101,carlm101,harrv102,gibsj101,leonb101,willj110,johnj112,jackj104,partr102,8,4,7,2,3,9,5,6,1,casem101,thomd104,johnt107,speah101,hendc102,andrj104,burbb102,wrigz102,0,0,0,0,0,0,0,0,0,0,0,0,0,0,0,0,0,0,0,,0,0,0,0,0,0,0,0,,,0,0,59,harrm103,mccrf901,,,,,19380528,regular,deduced
HOM193805280,S.2-H;1-2,7,1,1,PPB01,HOM,WBS,6,1,benjj101,yokel101,1,8,B,R,?,?,??,,,1,1,1,0,0,0,0,0,0,0,0,0,0,0,0,0,0,1,0,0,0,0,0,0,0,0,0,0,0,0,0,0,0,0,0,0,0,0,0,0,0,0,0,0,0,0,0,0,0,0,0,0,0,partr102,jackj104,,benjj101,partr102,,,,,yokel101,yokel101,,yokel101,yokel101,,,,jackj104,,,,yokel101,,0,0,0,0,0,0,1,0,1,1,1,0,benjj101,carlm101,harrv102,gibsj101,leonb101,willj110,johnj112,jackj104,partr102,8,4,7,2,3,9,5,6,1,casem101,thomd104,johnt107,speah101,hendc102,andrj104,burbb102,wrigz102,0,0,0,0,0,0,0,0,0,0,0,0,0,0,0,0,0,0,0,,0,0,0,0,0,0,0,0,,,0,0,60,harrm103,mccrf901,,,,,19380528,regular,deduced
HOM193805280,99,7,1,1,PPB01,HOM,WBS,6,2,carlm101,yokel101,2,4,R,R,?,?,??,,,1,1,0,0,0,0,0,0,0,0,0,0,0,0,1,0,1,1,0,0,0,0,0,0,0,0,0,0,0,0,0,0,0,0,0,0,0,0,0,0,0,0,0,0,0,0,0,0,0,0,0,0,1,benjj101,partr102,,benjj101,partr102,,,,,yokel101,yokel101,,yokel101,yokel101,,,,,,,,,,0,0,0,0,0,0,0,0,0,0,0,0,benjj101,carlm101,harrv102,gibsj101,leonb101,willj110,johnj112,jackj104,partr102,8,4,7,2,3,9,5,6,1,casem101,thomd104,johnt107,speah101,hendc102,andrj104,burbb102,wrigz102,1,0,0,0,0,0,0,0,0,0,0,0,0,0,0,0,0,0,0,0,0,0,0,0,0,0,0,0,,,0,0,61,harrm103,mccrf901,,,,,19380528,regular,deduced
HOM193805280,S.2-H;1-2,7,1,1,PPB01,HOM,WBS,6,2,harrv102,yokel101,3,7,L,R,?,?,??,,,1,1,1,0,0,0,0,0,0,0,0,0,0,0,0,0,0,1,0,0,0,0,0,0,0,0,0,0,0,0,0,0,0,0,0,0,0,0,0,0,0,0,0,0,0,0,0,0,0,0,0,1,1,benjj101,partr102,,harrv102,benjj101,,,,,yokel101,yokel101,,yokel101,yokel101,,,,partr102,,,,yokel101,,0,0,0,0,0,0,1,0,1,1,1,0,benjj101,carlm101,harrv102,gibsj101,leonb101,willj110,johnj112,jackj104,partr102,8,4,7,2,3,9,5,6,1,casem101,thomd104,johnt107,speah101,hendc102,andrj104,burbb102,wrigz102,0,0,0,0,0,0,0,0,0,0,0,0,0,0,0,0,0,0,0,,0,0,0,0,0,0,0,0,,,0,0,62,harrm103,mccrf901,,,,,19380528,regular,deduced
HOM193805280,HR.2-H;1-H,7,1,1,PPB01,HOM,WBS,6,3,gibsj101,yokel101,4,2,R,R,?,?,??,,,1,1,0,0,0,1,0,0,0,0,0,0,0,0,0,0,0,0,0,0,0,0,0,0,0,0,0,0,0,0,0,0,0,0,0,0,0,0,0,0,0,0,0,0,0,0,0,0,0,0,0,1,1,harrv102,benjj101,,,,,,,,yokel101,yokel101,,,,,gibsj101,harrv102,benjj101,,yokel101,yokel101,yokel101,,0,0,0,0,1,1,1,0,3,3,3,0,benjj101,carlm101,harrv102,gibsj101,leonb101,willj110,johnj112,jackj104,partr102,8,4,7,2,3,9,5,6,1,casem101,thomd104,johnt107,speah101,hendc102,andrj104,burbb102,wrigz102,0,0,0,0,0,0,0,0,0,0,0,0,0,0,0,0,0,0,0,,0,0,0,0,0,0,0,0,,,0,0,63,harrm103,mccrf901,,,,,19380528,regular,deduced
HOM193805280,HR,7,1,1,PPB01,HOM,WBS,6,6,leonb101,yokel101,5,3,L,R,?,?,??,,,1,1,0,0,0,1,0,0,0,0,0,0,0,0,0,0,0,0,0,0,0,0,0,0,0,0,0,0,0,0,0,0,0,0,0,0,0,0,0,0,0,0,0,0,0,0,0,0,0,0,0,1,1,,,,,,,,,,,,,,,,leonb101,,,,yokel101,,,,0,0,0,0,1,0,0,0,1,1,1,0,benjj101,carlm101,harrv102,gibsj101,leonb101,willj110,johnj112,jackj104,partr102,8,4,7,2,3,9,5,6,1,casem101,thomd104,johnt107,speah101,hendc102,andrj104,burbb102,wrigz102,0,0,0,0,0,0,0,0,0,0,0,0,0,0,0,0,0,0,0,,0,0,0,0,0,0,0,0,,,0,0,64,harrm103,mccrf901,,,,,19380528,regular,deduced
HOM193805280,W#,7,1,1,PPB01,HOM,WBS,6,7,willj110,yokel101,6,9,R,R,?,?,??,,,1,0,0,0,0,0,0,0,0,1,0,0,0,0,0,0,0,0,0,0,0,0,0,0,0,0,0,0,0,0,0,0,0,0,0,0,0,0,0,0,0,0,0,0,0,0,0,0,0,0,0,1,1,,,,willj110,,,,,,,,,yokel101,,,,,,,,,,,0,0,0,0,0,0,0,0,0,0,0,0,benjj101,carlm101,harrv102,gibsj101,leonb101,willj110,johnj112,jackj104,partr102,8,4,7,2,3,9,5,6,1,casem101,thomd104,johnt107,speah101,hendc102,andrj104,burbb102,wrigz102,0,0,0,0,0,0,0,0,0,0,0,0,0,0,0,0,0,0,0,,0,0,0,0,0,0,0,0,,,0,0,65,harrm103,mccrf901,,,,,19380528,regular,deduced
HOM193805280,99,7,1,1,PPB01,HOM,WBS,6,7,johnj112,yokel101,7,5,?,R,?,?,??,,,1,1,0,0,0,0,0,0,0,0,0,0,0,0,1,0,1,1,0,0,0,0,0,0,0,0,0,0,0,0,0,0,0,0,0,0,0,0,0,0,0,0,0,0,0,0,0,0,0,0,0,1,2,willj110,,,willj110,,,,,,yokel101,,,yokel101,,,,,,,,,,,0,0,0,0,0,0,0,0,0,0,0,0,benjj101,carlm101,harrv102,gibsj101,leonb101,willj110,johnj112,jackj104,partr102,8,4,7,2,3,9,5,6,1,casem101,thomd104,johnt107,speah101,hendc102,andrj104,burbb102,wrigz102,1,0,0,0,0,0,0,0,0,0,0,0,0,0,0,0,0,0,0,0,0,0,0,0,0,0,0,0,,,0,0,66,harrm103,mccrf901,,,,,19380528,regular,deduced
HOM193805280,99,7,1,1,PPB01,HOM,WBS,6,7,jackj104,yokel101,8,6,R,R,?,?,??,,,1,1,0,0,0,0,0,0,0,0,0,0,0,0,1,0,1,1,0,0,0,0,0,0,0,0,0,0,0,0,0,0,0,0,0,0,0,0,0,0,0,0,0,0,0,0,0,0,0,0,0,2,3,willj110,,,,,,willj110,,,yokel101,,,,,,,,,,,,,,0,0,0,0,0,0,0,0,0,0,0,0,benjj101,carlm101,harrv102,gibsj101,leonb101,willj110,johnj112,jackj104,partr102,8,4,7,2,3,9,5,6,1,casem101,thomd104,johnt107,speah101,hendc102,andrj104,burbb102,wrigz102,1,0,0,0,0,0,0,0,0,0,0,0,0,0,0,0,0,0,0,0,0,0,0,0,0,0,0,0,,,0,0,67,harrm103,mccrf901,,,,,19380528,regular,deduced
HOM193805280,99,8,0,0,PPB01,WBS,HOM,6,7,casem101,partr102,6,2,?,L,?,?,??,,,1,1,0,0,0,0,0,0,0,0,0,0,0,0,1,0,1,1,0,0,0,0,0,0,0,0,0,0,0,0,0,0,0,0,0,0,0,0,0,0,0,0,0,0,0,0,0,0,0,0,0,0,1,,,,,,,,,,,,,,,,,,,,,,,,0,0,0,0,0,0,0,0,0,0,0,0,burbb102,johnt107,thomd104,speah101,wrigz102,casem101,hendc102,andrj104,yokel101,8,4,3,5,9,2,6,7,1,gibsj101,leonb101,carlm101,johnj112,jackj104,harrv102,benjj101,willj110,1,0,0,0,0,0,0,0,0,0,0,0,0,0,0,0,0,0,0,0,0,0,0,0,0,0,0,0,,,0,0,68,harrm103,mccrf901,,,,,19380528,regular,deduced
HOM193805280,99,8,0,0,PPB01,WBS,HOM,6,7,hendc102,partr102,7,6,R,L,?,?,??,,,1,1,0,0,0,0,0,0,0,0,0,0,0,0,1,0,1,1,0,0,0,0,0,0,0,0,0,0,0,0,0,0,0,0,0,0,0,0,0,0,0,0,0,0,0,0,0,0,0,0,0,1,2,,,,,,,,,,,,,,,,,,,,,,,,0,0,0,0,0,0,0,0,0,0,0,0,burbb102,johnt107,thomd104,speah101,wrigz102,casem101,hendc102,andrj104,yokel101,8,4,3,5,9,2,6,7,1,gibsj101,leonb101,carlm101,johnj112,jackj104,harrv102,benjj101,willj110,1,0,0,0,0,0,0,0,0,0,0,0,0,0,0,0,0,0,0,0,0,0,0,0,0,0,0,0,,,0,0,69,harrm103,mccrf901,,,,,19380528,regular,deduced
HOM193805280,S,8,0,0,PPB01,WBS,HOM,6,7,andrj104,partr102,8,7,L,L,?,?,??,,,1,1,1,0,0,0,0,0,0,0,0,0,0,0,0,0,0,1,0,0,0,0,0,0,0,0,0,0,0,0,0,0,0,0,0,0,0,0,0,0,0,0,0,0,0,0,0,0,0,0,0,2,2,,,,andrj104,,,,,,,,,partr102,,,,,,,,,,,0,0,0,0,0,0,0,0,0,0,0,0,burbb102,johnt107,thomd104,speah101,wrigz102,casem101,hendc102,andrj104,yokel101,8,4,3,5,9,2,6,7,1,gibsj101,leonb101,carlm101,johnj112,jackj104,harrv102,benjj101,willj110,0,0,0,0,0,0,0,0,0,0,0,0,0,0,0,0,0,0,0,,0,0,0,0,0,0,0,0,,,0,0,70,harrm103,mccrf901,,,,,19380528,regular,deduced
HOM193805280,W.1-2#,8,0,0,PPB01,WBS,HOM,6,7,yokel101,partr102,9,1,R,L,?,?,??,,,1,0,0,0,0,0,0,0,0,1,0,0,0,0,0,0,0,0,0,0,0,0,0,0,0,0,0,0,0,0,0,0,0,0,0,0,0,0,0,0,0,0,0,0,0,0,0,0,0,0,0,2,2,andrj104,,,yokel101,andrj104,,,,,partr102,,,partr102,partr102,,,,,,,,,,0,0,0,0,0,0,0,0,0,0,0,0,burbb102,johnt107,thomd104,speah101,wrigz102,casem101,hendc102,andrj104,yokel101,8,4,3,5,9,2,6,7,1,gibsj101,leonb101,carlm101,johnj112,jackj104,harrv102,benjj101,willj110,0,0,0,0,0,0,0,0,0,0,0,0,0,0,0,0,0,0,0,,0,0,0,0,0,0,0,0,,,0,0,71,harrm103,mccrf901,,,,,19380528,regular,deduced
HOM193805280,FC.2-3;1-2#,8,0,0,PPB01,WBS,HOM,6,7,burbb102,partr102,1,8,L,L,?,?,??,,,1,1,0,0,0,0,0,0,0,0,0,0,0,1,0,0,0,1,0,1,0,0,0,0,0,0,0,0,0,0,0,0,0,0,0,0,0,0,0,0,0,0,0,0,0,0,0,0,0,0,0,2,2,yokel101,andrj104,,burbb102,yokel101,andrj104,,,,partr102,partr102,,partr102,partr102,partr102,,,,,,,,,0,0,0,0,0,0,0,0,0,0,0,0,burbb102,johnt107,thomd104,speah101,wrigz102,casem101,hendc102,andrj104,yokel101,8,4,3,5,9,2,6,7,1,gibsj101,leonb101,carlm101,johnj112,jackj104,harrv102,benjj101,willj110,0,0,0,0,0,0,0,0,0,0,0,0,0,0,0,0,0,0,0,,0,0,0,0,0,0,0,0,,G,0,0,72,harrm103,mccrf901,,,,,19380528,regular,deduced
HOM193805280,S.3-H;2-H;1-2,8,0,0,PPB01,WBS,HOM,6,7,johnt107,partr102,2,4,R,L,?,?,??,,,1,1,1,0,0,0,0,0,0,0,0,0,0,0,0,0,0,1,0,0,0,0,0,0,0,0,0,0,0,0,0,0,0,0,0,0,0,0,0,0,0,0,0,0,0,0,0,0,0,0,0,2,2,burbb102,yokel101,andrj104,johnt107,burbb102,,,,,partr102,partr102,partr102,partr102,partr102,,,,yokel101,andrj104,,,partr102,partr102,0,0,0,0,0,0,1,1,2,2,2,0,burbb102,johnt107,thomd104,speah101,wrigz102,casem101,hendc102,andrj104,yokel101,8,4,3,5,9,2,6,7,1,gibsj101,leonb101,carlm101,johnj112,jackj104,harrv102,benjj101,willj110,0,0,0,0,0,0,0,0,0,0,0,0,0,0,0,0,0,0,0,,0,0,0,0,0,0,0,0,,,0,0,73,harrm103,mccrf901,,,,,19380528,regular,deduced
HOM193805280,99,8,0,0,PPB01,WBS,HOM,8,7,thomd104,partr102,3,3,L,L,?,?,??,,,1,1,0,0,0,0,0,0,0,0,0,0,0,0,1,0,1,1,0,0,0,0,0,0,0,0,0,0,0,0,0,0,0,0,0,0,0,0,0,0,0,0,0,0,0,0,0,0,0,0,0,2,3,johnt107,burbb102,,,,,burbb102,johnt107,,partr102,partr102,,,,,,,,,,,,,0,0,0,0,0,0,0,0,0,0,0,0,burbb102,johnt107,thomd104,speah101,wrigz102,casem101,hendc102,andrj104,yokel101,8,4,3,5,9,2,6,7,1,gibsj101,leonb101,carlm101,johnj112,jackj104,harrv102,benjj101,willj110,1,0,0,0,0,0,0,0,0,0,0,0,0,0,0,0,0,0,0,0,0,0,0,0,0,0,0,0,,,0,0,74,harrm103,mccrf901,,,,,19380528,regular,deduced
HOM193805280,S,8,1,1,PPB01,HOM,WBS,8,7,partr102,yokel101,9,1,L,R,?,?,??,,,1,1,1,0,0,0,0,0,0,0,0,0,0,0,0,0,0,1,0,0,0,0,0,0,0,0,0,0,0,0,0,0,0,0,0,0,0,0,0,0,0,0,0,0,0,0,0,0,0,0,0,0,0,,,,partr102,,,,,,,,,yokel101,,,,,,,,,,,0,0,0,0,0,0,0,0,0,0,0,0,benjj101,carlm101,harrv102,gibsj101,leonb101,willj110,johnj112,jackj104,partr102,8,4,7,2,3,9,5,6,1,casem101,thomd104,johnt107,speah101,hendc102,andrj104,burbb102,wrigz102,0,0,0,0,0,0,0,0,0,0,0,0,0,0,0,0,0,0,0,,0,0,0,0,0,0,0,0,,,0,0,75,harrm103,mccrf901,,,,,19380528,regular,deduced
HOM193805280,HR.1-H,8,1,1,PPB01,HOM,WBS,8,7,benjj101,yokel101,1,8,B,R,?,?,??,,,1,1,0,0,0,1,0,0,0,0,0,0,0,0,0,0,0,0,0,0,0,0,0,0,0,0,0,0,0,0,0,0,0,0,0,0,0,0,0,0,0,0,0,0,0,0,0,0,0,0,0,0,0,partr102,,,,,,,,,yokel101,,,,,,benjj101,partr102,,,yokel101,yokel101,,,0,0,0,0,1,1,0,0,2,2,2,0,benjj101,carlm101,harrv102,gibsj101,leonb101,willj110,johnj112,jackj104,partr102,8,4,7,2,3,9,5,6,1,casem101,thomd104,johnt107,speah101,hendc102,andrj104,burbb102,wrigz102,0,0,0,0,0,0,0,0,0,0,0,0,0,0,0,0,0,0,0,,0,0,0,0,0,0,0,0,,,0,0,76,harrm103,mccrf901,,,,,19380528,regular,deduced
HOM193805280,99,8,1,1,PPB01,HOM,WBS,8,9,carlm101,yokel101,2,4,R,R,?,?,??,,,1,1,0,0,0,0,0,0,0,0,0,0,0,0,1,0,1,1,0,0,0,0,0,0,0,0,0,0,0,0,0,0,0,0,0,0,0,0,0,0,0,0,0,0,0,0,0,0,0,0,0,0,1,,,,,,,,,,,,,,,,,,,,,,,,0,0,0,0,0,0,0,0,0,0,0,0,benjj101,carlm101,harrv102,gibsj101,leonb101,willj110,johnj112,jackj104,partr102,8,4,7,2,3,9,5,6,1,casem101,thomd104,johnt107,speah101,hendc102,andrj104,burbb102,wrigz102,1,0,0,0,0,0,0,0,0,0,0,0,0,0,0,0,0,0,0,0,0,0,0,0,0,0,0,0,,,0,0,77,harrm103,mccrf901,,,,,19380528,regular,deduced
HOM193805280,99,8,1,1,PPB01,HOM,WBS,8,9,harrv102,yokel101,3,7,L,R,?,?,??,,,1,1,0,0,0,0,0,0,0,0,0,0,0,0,1,0,1,1,0,0,0,0,0,0,0,0,0,0,0,0,0,0,0,0,0,0,0,0,0,0,0,0,0,0,0,0,0,0,0,0,0,1,2,,,,,,,,,,,,,,,,,,,,,,,,0,0,0,0,0,0,0,0,0,0,0,0,benjj101,carlm101,harrv102,gibsj101,leonb101,willj110,johnj112,jackj104,partr102,8,4,7,2,3,9,5,6,1,casem101,thomd104,johnt107,speah101,hendc102,andrj104,burbb102,wrigz102,1,0,0,0,0,0,0,0,0,0,0,0,0,0,0,0,0,0,0,0,0,0,0,0,0,0,0,0,,,0,0,78,harrm103,mccrf901,,,,,19380528,regular,deduced
HOM193805280,S,8,1,1,PPB01,HOM,WBS,8,9,gibsj101,yokel101,4,2,R,R,?,?,??,,,1,1,1,0,0,0,0,0,0,0,0,0,0,0,0,0,0,1,0,0,0,0,0,0,0,0,0,0,0,0,0,0,0,0,0,0,0,0,0,0,0,0,0,0,0,0,0,0,0,0,0,2,2,,,,gibsj101,,,,,,,,,yokel101,,,,,,,,,,,0,0,0,0,0,0,0,0,0,0,0,0,benjj101,carlm101,harrv102,gibsj101,leonb101,willj110,johnj112,jackj104,partr102,8,4,7,2,3,9,5,6,1,casem101,thomd104,johnt107,speah101,hendc102,andrj104,burbb102,wrigz102,0,0,0,0,0,0,0,0,0,0,0,0,0,0,0,0,0,0,0,,0,0,0,0,0,0,0,0,,,0,0,79,harrm103,mccrf901,,,,,19380528,regular,deduced
HOM193805280,W.1-2#,8,1,1,PPB01,HOM,WBS,8,9,leonb101,yokel101,5,3,L,R,?,?,??,,,1,0,0,0,0,0,0,0,0,1,0,0,0,0,0,0,0,0,0,0,0,0,0,0,0,0,0,0,0,0,0,0,0,0,0,0,0,0,0,0,0,0,0,0,0,0,0,0,0,0,0,2,2,gibsj101,,,leonb101,gibsj101,,,,,yokel101,,,yokel101,yokel101,,,,,,,,,,0,0,0,0,0,0,0,0,0,0,0,0,benjj101,carlm101,harrv102,gibsj101,leonb101,willj110,johnj112,jackj104,partr102,8,4,7,2,3,9,5,6,1,casem101,thomd104,johnt107,speah101,hendc102,andrj104,burbb102,wrigz102,0,0,0,0,0,0,0,0,0,0,0,0,0,0,0,0,0,0,0,,0,0,0,0,0,0,0,0,,,0,0,80,harrm103,mccrf901,,,,,19380528,regular,deduced
HOM193805280,S.2-H;1-2,8,1,1,PPB01,HOM,WBS,8,9,willj110,yokel101,6,9,R,R,?,?,??,,,1,1,1,0,0,0,0,0,0,0,0,0,0,0,0,0,0,1,0,0,0,0,0,0,0,0,0,0,0,0,0,0,0,0,0,0,0,0,0,0,0,0,0,0,0,0,0,0,0,0,0,2,2,leonb101,gibsj101,,willj110,leonb101,,,,,yokel101,yokel101,,yokel101,yokel101,,,,gibsj101,,,,yokel101,,0,0,0,0,0,0,1,0,1,1,1,0,benjj101,carlm101,harrv102,gibsj101,leonb101,willj110,johnj112,jackj104,partr102,8,4,7,2,3,9,5,6,1,casem101,thomd104,johnt107,speah101,hendc102,andrj104,burbb102,wrigz102,0,0,0,0,0,0,0,0,0,0,0,0,0,0,0,0,0,0,0,,0,0,0,0,0,0,0,0,,,0,0,81,harrm103,mccrf901,,,,,19380528,regular,deduced
HOM193805280,99,8,1,1,PPB01,HOM,WBS,8,10,johnj112,yokel101,7,5,?,R,?,?,??,,,1,1,0,0,0,0,0,0,0,0,0,0,0,0,1,0,1,1,0,0,0,0,0,0,0,0,0,0,0,0,0,0,0,0,0,0,0,0,0,0,0,0,0,0,0,0,0,0,0,0,0,2,3,willj110,leonb101,,,,,leonb101,willj110,,yokel101,yokel101,,,,,,,,,,,,,0,0,0,0,0,0,0,0,0,0,0,0,benjj101,carlm101,harrv102,gibsj101,leonb101,willj110,johnj112,jackj104,partr102,8,4,7,2,3,9,5,6,1,casem101,thomd104,johnt107,speah101,hendc102,andrj104,burbb102,wrigz102,1,0,0,0,0,0,0,0,0,0,0,0,0,0,0,0,0,0,0,0,0,0,0,0,0,0,0,0,,,0,0,82,harrm103,mccrf901,,,,,19380528,regular,deduced
HOM193805280,99,9,0,0,PPB01,WBS,HOM,8,10,speah101,browr103,4,5,R,R,?,?,??,,,1,1,0,0,0,0,0,0,0,0,0,0,0,0,1,0,1,1,0,0,0,0,0,0,0,0,0,0,0,0,0,0,0,0,0,0,0,0,0,0,0,0,0,0,0,0,0,0,0,0,0,0,1,,,,,,,,,,,,,,,,,,,,,,,,0,0,0,0,0,0,0,0,0,0,0,0,burbb102,johnt107,thomd104,speah101,wrigz102,casem101,hendc102,andrj104,yokel101,8,4,3,5,9,2,6,7,1,gibsj101,leonb101,carlm101,johnj112,jackj104,harrv102,benjj101,willj110,1,0,0,0,0,0,0,0,0,0,0,0,0,0,0,0,0,0,0,0,0,0,0,0,0,0,0,0,,,0,0,83,harrm103,mccrf901,,,,,19380528,regular,deduced
HOM193805280,99,9,0,0,PPB01,WBS,HOM,8,10,wrigz102,browr103,5,9,R,R,?,?,??,,,1,1,0,0,0,0,0,0,0,0,0,0,0,0,1,0,1,1,0,0,0,0,0,0,0,0,0,0,0,0,0,0,0,0,0,0,0,0,0,0,0,0,0,0,0,0,0,0,0,0,0,1,2,,,,,,,,,,,,,,,,,,,,,,,,0,0,0,0,0,0,0,0,0,0,0,0,burbb102,johnt107,thomd104,speah101,wrigz102,casem101,hendc102,andrj104,yokel101,8,4,3,5,9,2,6,7,1,gibsj101,leonb101,carlm101,johnj112,jackj104,harrv102,benjj101,willj110,1,0,0,0,0,0,0,0,0,0,0,0,0,0,0,0,0,0,0,0,0,0,0,0,0,0,0,0,,,0,0,84,harrm103,mccrf901,,,,,19380528,regular,deduced
HOM193805280,99,9,0,0,PPB01,WBS,HOM,8,10,casem101,browr103,6,2,?,R,?,?,??,,,1,1,0,0,0,0,0,0,0,0,0,0,0,0,1,0,1,1,0,0,0,0,0,0,0,0,0,0,0,0,0,0,0,0,0,0,0,0,0,0,0,0,0,0,0,0,0,0,0,0,0,2,3,,,,,,,,,,,,,,,,,,,,,,,,0,0,0,0,0,0,0,0,0,0,0,0,burbb102,johnt107,thomd104,speah101,wrigz102,casem101,hendc102,andrj104,yokel101,8,4,3,5,9,2,6,7,1,gibsj101,leonb101,carlm101,johnj112,jackj104,harrv102,benjj101,willj110,1,0,0,0,0,0,0,0,0,0,0,0,0,0,0,0,0,0,0,0,0,0,0,0,0,0,0,0,,,0,0,85,harrm103,mccrf901,,,,,19380528,regular,deduced
