gid,id,team,d_seq,d_pos,stattype,d_ifouts,d_po,d_a,d_e,d_dp,d_tp,d_pb,d_wp,d_sb,d_cs,d_gs,date,number,site,vishome,opp,win,loss,tie,gametype,box,pbp
KCM193310020,nicof101,ASD,1,4,value,25,0,2,1,0,0,,,,,1,19331002,0,KAN05,v,KCM,0,1,0,exhibition,y,
KCM193310020,mould101,ASD,1,7,value,25,0,0,0,0,0,,,,,1,19331002,0,KAN05,v,KCM,0,1,0,exhibition,y,
KCM193310020,cotth101,ASD,1,3,value,25,9,1,0,0,0,,,,,1,19331002,0,KAN05,v,KCM,0,1,0,exhibition,y,
KCM193310020,martp103,ASD,1,5,value,25,1,0,1,0,0,,,,,1,19331002,0,KAN05,v,KCM,0,1,0,exhibition,y,
KCM193310020,connb104,ASD,1,9,value,25,0,0,1,0,0,,,,,1,19331002,0,KAN05,v,KCM,0,1,0,exhibition,y,
KCM193310020,hornj102,ASD,1,8,value,25,1,0,0,0,0,,,,,1,19331002,0,KAN05,v,KCM,0,1,0,exhibition,y,
KCM193310020,seebd101,ASD,1,2,value,25,12,0,1,0,0,1,,,,1,19331002,0,KAN05,v,KCM,0,1,0,exhibition,y,
KCM193310020,clars101,ASD,1,6,value,25,0,1,0,0,0,,,,,1,19331002,0,KAN05,v,KCM,0,1,0,exhibition,y,
KCM193310020,deand102,ASD,1,1,value,9,0,0,1,0,0,,,,,1,19331002,0,KAN05,v,KCM,0,1,0,exhibition,y,
KCM193310020,garll101,ASD,1,1,value,16,2,3,0,0,0,,,,,,19331002,0,KAN05,v,KCM,0,1,0,exhibition,y,
KCM193310020,allen102,KCM,1,6,value,27,2,3,1,0,0,,,,,1,19331002,0,KAN05,h,ASD,1,0,0,exhibition,y,
KCM193310020,mothd101,KCM,1,4,value,27,1,1,0,0,0,,,,,1,19331002,0,KAN05,h,ASD,1,0,0,exhibition,y,
KCM193310020,gileg101,KCM,1,3,value,27,7,0,1,0,0,,,,,1,19331002,0,KAN05,h,ASD,1,0,0,exhibition,y,
KCM193310020,yount101,KCM,1,2,value,27,13,2,0,0,0,0,,,,1,19331002,0,KAN05,h,ASD,1,0,0,exhibition,y,
KCM193310020,rogab101,KCM,1,7,value,27,1,0,0,0,0,,,,,1,19331002,0,KAN05,h,ASD,1,0,0,exhibition,y,
KCM193310020,josen101,KCM,1,5,value,27,1,1,0,0,0,,,,,1,19331002,0,KAN05,h,ASD,1,0,0,exhibition,y,
KCM193310020,starj102,KCM,1,9,value,27,2,0,0,0,0,,,,,1,19331002,0,KAN05,h,ASD,1,0,0,exhibition,y,
KCM193310020,dwige101,KCM,1,8,value,27,0,0,0,0,0,,,,,1,19331002,0,KAN05,h,ASD,1,0,0,exhibition,y,
KCM193310020,bevec101,KCM,1,1,value,27,0,1,0,0,0,,,,,1,19331002,0,KAN05,h,ASD,1,0,0,exhibition,y,
ASD193310060,mothd101,KCM,1,6,value,27,1,3,0,1,0,,,,,1,19331006,0,OMA02,v,ASD,1,0,0,exhibition,y,
ASD193310060,duncf102,KCM,1,9,value,27,1,0,0,0,0,,,,,1,19331006,0,OMA02,v,ASD,1,0,0,exhibition,y,
ASD193310060,gileg101,KCM,1,4,value,27,1,2,1,1,0,,,,,1,19331006,0,OMA02,v,ASD,1,0,0,exhibition,y,
ASD193310060,yount101,KCM,1,2,value,27,12,0,0,0,0,0,,,,1,19331006,0,OMA02,v,ASD,1,0,0,exhibition,y,
ASD193310060,rogab101,KCM,1,7,value,27,0,0,0,0,0,,,,,1,19331006,0,OMA02,v,ASD,1,0,0,exhibition,y,
ASD193310060,josen101,KCM,1,5,value,27,0,1,0,0,0,,,,,1,19331006,0,OMA02,v,ASD,1,0,0,exhibition,y,
ASD193310060,starj102,KCM,1,3,value,27,9,0,0,2,0,,,,,1,19331006,0,OMA02,v,ASD,1,0,0,exhibition,y,
ASD193310060,dwige101,KCM,1,8,value,27,3,0,0,0,0,,,,,1,19331006,0,OMA02,v,ASD,1,0,0,exhibition,y,
ASD193310060,bevec101,KCM,1,1,value,27,0,3,0,1,0,,,,,1,19331006,0,OMA02,v,ASD,1,0,0,exhibition,y,
ASD193310060,shipb101,ASD,1,5,value,27,0,2,1,0,0,,,,,1,19331006,0,OMA02,h,KCM,0,1,0,exhibition,y,
ASD193310060,lubyh101,ASD,1,4,value,27,1,1,0,0,0,,,,,1,19331006,0,OMA02,h,KCM,0,1,0,exhibition,y,
ASD193310060,jensw102,ASD,1,8,value,27,3,0,0,0,0,,,,,1,19331006,0,OMA02,h,KCM,0,1,0,exhibition,y,
ASD193310060,wanep101,ASD,1,7,value,18,3,0,0,0,0,,,,,1,19331006,0,OMA02,h,KCM,0,1,0,exhibition,y,
ASD193310060,wanep101,ASD,2,1,value,9,0,0,0,0,0,,,,,1,19331006,0,OMA02,h,KCM,0,1,0,exhibition,y,
ASD193310060,wrigg102,ASD,1,6,value,27,1,1,4,1,0,,,,,1,19331006,0,OMA02,h,KCM,0,1,0,exhibition,y,
ASD193310060,rilel101,ASD,1,9,value,27,3,0,0,0,0,,,,,1,19331006,0,OMA02,h,KCM,0,1,0,exhibition,y,
ASD193310060,mayet101,ASD,1,2,value,27,11,0,0,0,0,2,,,,1,19331006,0,OMA02,h,KCM,0,1,0,exhibition,y,
ASD193310060,luebr101,ASD,1,3,value,27,4,1,0,1,0,,,,,1,19331006,0,OMA02,h,KCM,0,1,0,exhibition,y,
ASD193310060,frenl101,ASD,1,1,value,12,1,1,0,0,0,,,,,1,19331006,0,OMA02,h,KCM,0,1,0,exhibition,y,
ASD193310060,thurs101,ASD,1,1,value,6,0,0,0,0,0,,,,,,19331006,0,OMA02,h,KCM,0,1,0,exhibition,y,
ASD193310060,dahiu101,ASD,1,7,value,9,0,0,0,0,0,,,,,,19331006,0,OMA02,h,KCM,0,1,0,exhibition,y,
KCM193310080,nicof101,ASD,1,4,value,24,1,2,0,0,0,,,,,1,19331008,0,KAN05,v,KCM,0,1,0,exhibition,y,
KCM193310080,jensw102,ASD,1,7,value,24,6,0,1,0,0,,,,,1,19331008,0,KAN05,v,KCM,0,1,0,exhibition,y,
KCM193310080,wanep101,ASD,1,8,value,24,1,0,0,0,0,,,,,1,19331008,0,KAN05,v,KCM,0,1,0,exhibition,y,
KCM193310080,wrigg102,ASD,1,6,value,24,3,3,0,1,0,,,,,1,19331008,0,KAN05,v,KCM,0,1,0,exhibition,y,
KCM193310080,cotth101,ASD,1,3,value,24,8,0,0,1,0,,,,,1,19331008,0,KAN05,v,KCM,0,1,0,exhibition,y,
KCM193310080,hornj102,ASD,1,9,value,24,0,0,0,0,0,,,,,1,19331008,0,KAN05,v,KCM,0,1,0,exhibition,y,
KCM193310080,clars101,ASD,1,5,value,24,2,2,1,0,0,,,,,1,19331008,0,KAN05,v,KCM,0,1,0,exhibition,y,
KCM193310080,freyu101,ASD,1,2,value,24,3,0,0,0,0,0,,,,1,19331008,0,KAN05,v,KCM,0,1,0,exhibition,y,
KCM193310080,frenl101,ASD,1,1,value,18,0,2,0,0,0,,,,,1,19331008,0,KAN05,v,KCM,0,1,0,exhibition,y,
KCM193310080,thurs101,ASD,1,1,value,6,0,0,0,0,0,,,,,,19331008,0,KAN05,v,KCM,0,1,0,exhibition,y,
KCM193310080,allen102,KCM,1,6,value,27,2,5,0,0,0,,,,,1,19331008,0,KAN05,h,ASD,1,0,0,exhibition,y,
KCM193310080,mothd101,KCM,1,4,value,27,4,2,0,0,0,,,,,1,19331008,0,KAN05,h,ASD,1,0,0,exhibition,y,
KCM193310080,gileg101,KCM,1,3,value,27,5,0,0,0,0,,,,,1,19331008,0,KAN05,h,ASD,1,0,0,exhibition,y,
KCM193310080,yount101,KCM,1,2,value,27,9,0,0,0,0,0,,,,1,19331008,0,KAN05,h,ASD,1,0,0,exhibition,y,
KCM193310080,rogab101,KCM,1,7,value,27,1,0,0,0,0,,,,,1,19331008,0,KAN05,h,ASD,1,0,0,exhibition,y,
KCM193310080,josen101,KCM,1,5,value,27,0,0,0,0,0,,,,,1,19331008,0,KAN05,h,ASD,1,0,0,exhibition,y,
KCM193310080,starj102,KCM,1,9,value,27,2,0,0,0,0,,,,,1,19331008,0,KAN05,h,ASD,1,0,0,exhibition,y,
KCM193310080,dwige101,KCM,1,8,value,27,3,0,0,0,0,,,,,1,19331008,0,KAN05,h,ASD,1,0,0,exhibition,y,
KCM193310080,brewc102,KCM,1,1,value,27,1,2,0,0,0,,,,,1,19331008,0,KAN05,h,ASD,1,0,0,exhibition,y,
ASD193310100,allen102,KCM,1,6,value,24,0,4,0,0,0,,,,,1,19331010,0,JOP01,v,ASD,0,1,0,exhibition,y,
ASD193310100,mothd101,KCM,1,4,value,24,3,4,0,0,0,,,,,1,19331010,0,JOP01,v,ASD,0,1,0,exhibition,y,
ASD193310100,gileg101,KCM,1,3,value,24,9,0,1,0,0,,,,,1,19331010,0,JOP01,v,ASD,0,1,0,exhibition,y,
ASD193310100,duncf102,KCM,1,2,value,24,5,0,0,0,0,0,,,,1,19331010,0,JOP01,v,ASD,0,1,0,exhibition,y,
ASD193310100,rogab101,KCM,1,7,value,24,0,0,0,0,0,,,,,1,19331010,0,JOP01,v,ASD,0,1,0,exhibition,y,
ASD193310100,josen101,KCM,1,5,value,24,2,3,0,0,0,,,,,1,19331010,0,JOP01,v,ASD,0,1,0,exhibition,y,
ASD193310100,haler102,KCM,1,9,value,24,1,0,0,0,0,,,,,1,19331010,0,JOP01,v,ASD,0,1,0,exhibition,y,
ASD193310100,dwige101,KCM,1,8,value,24,4,0,0,0,0,,,,,1,19331010,0,JOP01,v,ASD,0,1,0,exhibition,y,
ASD193310100,coopa101,KCM,1,1,value,12,0,2,0,0,0,,,,,1,19331010,0,JOP01,v,ASD,0,1,0,exhibition,y,
ASD193310100,thoms105,KCM,1,1,value,12,0,0,0,0,0,,,,,,19331010,0,JOP01,v,ASD,0,1,0,exhibition,y,
ASD193310100,windb101,ASD,1,3,value,27,7,0,0,0,0,,,,,1,19331010,0,JOP01,h,KCM,1,0,0,exhibition,y,
ASD193310100,jensw102,ASD,1,7,value,27,4,0,0,0,0,,,,,1,19331010,0,JOP01,h,KCM,1,0,0,exhibition,y,
ASD193310100,wanep101,ASD,1,8,value,24,1,0,0,0,0,,,,,1,19331010,0,JOP01,h,KCM,1,0,0,exhibition,y,
ASD193310100,wanep101,ASD,2,1,value,3,0,0,0,0,0,,,,,1,19331010,0,JOP01,h,KCM,1,0,0,exhibition,y,
ASD193310100,wrigg102,ASD,1,6,value,27,1,2,0,0,0,,,,,1,19331010,0,JOP01,h,KCM,1,0,0,exhibition,y,
ASD193310100,guttd101,ASD,1,4,value,27,2,2,1,0,0,,,,,1,19331010,0,JOP01,h,KCM,1,0,0,exhibition,y,
ASD193310100,thurs101,ASD,1,9,value,15,0,1,0,0,0,,,,,1,19331010,0,JOP01,h,KCM,1,0,0,exhibition,y,
ASD193310100,thurs101,ASD,2,1,value,9,0,0,0,0,0,,,,,1,19331010,0,JOP01,h,KCM,1,0,0,exhibition,y,
ASD193310100,johnj107,ASD,1,8,value,3,0,0,0,0,0,,,,,,19331010,0,JOP01,h,KCM,1,0,0,exhibition,y,
ASD193310100,geerc101,ASD,1,5,value,27,2,1,0,0,0,,,,,1,19331010,0,JOP01,h,KCM,1,0,0,exhibition,y,
ASD193310100,muelr101,ASD,1,2,value,27,8,2,0,0,0,0,,,,1,19331010,0,JOP01,h,KCM,1,0,0,exhibition,y,
ASD193310100,frenl101,ASD,1,1,value,15,0,0,0,0,0,,,,,1,19331010,0,JOP01,h,KCM,1,0,0,exhibition,y,
ASD193310100,frenl101,ASD,2,9,value,12,2,0,0,0,0,,,,,1,19331010,0,JOP01,h,KCM,1,0,0,exhibition,y,
ASD193310110,allen102,KCM,1,6,value,24,1,0,0,0,0,,,,,1,19331011,0,OKC01,v,ASD,1,0,0,exhibition,y,
ASD193310110,mothd101,KCM,1,4,value,24,1,0,0,0,0,,,,,1,19331011,0,OKC01,v,ASD,1,0,0,exhibition,y,
ASD193310110,gileg101,KCM,1,3,value,24,1,0,0,0,0,,,,,1,19331011,0,OKC01,v,ASD,1,0,0,exhibition,y,
ASD193310110,yount101,KCM,1,2,value,24,16,0,0,0,0,0,,,,1,19331011,0,OKC01,v,ASD,1,0,0,exhibition,y,
ASD193310110,rogab101,KCM,1,7,value,24,1,0,0,0,0,,,,,1,19331011,0,OKC01,v,ASD,1,0,0,exhibition,y,
ASD193310110,josen101,KCM,1,5,value,24,1,0,0,0,0,,,,,1,19331011,0,OKC01,v,ASD,1,0,0,exhibition,y,
ASD193310110,haler102,KCM,1,9,value,24,3,0,0,0,0,,,,,1,19331011,0,OKC01,v,ASD,1,0,0,exhibition,y,
ASD193310110,dwige101,KCM,1,8,value,24,0,0,0,0,0,,,,,1,19331011,0,OKC01,v,ASD,1,0,0,exhibition,y,
ASD193310110,bevec101,KCM,1,1,value,24,0,0,0,0,0,,,,,1,19331011,0,OKC01,v,ASD,1,0,0,exhibition,y,
ASD193310110,jensw102,ASD,1,7,value,27,2,0,0,0,0,,,,,1,19331011,0,OKC01,h,KCM,0,1,0,exhibition,y,
ASD193310110,wanep101,ASD,1,3,value,18,5,0,0,0,0,,,,,1,19331011,0,OKC01,h,KCM,0,1,0,exhibition,y,
ASD193310110,wanep101,ASD,2,1,value,9,0,0,0,0,0,,,,,1,19331011,0,OKC01,h,KCM,0,1,0,exhibition,y,
ASD193310110,funkl101,ASD,1,8,value,27,1,0,0,0,0,,,,,1,19331011,0,OKC01,h,KCM,0,1,0,exhibition,y,
ASD193310110,wrigg102,ASD,1,6,value,27,3,2,1,1,0,,,,,1,19331011,0,OKC01,h,KCM,0,1,0,exhibition,y,
ASD193310110,sedbl101,ASD,1,4,value,18,0,3,1,1,0,,,,,1,19331011,0,OKC01,h,KCM,0,1,0,exhibition,y,
ASD193310110,sedbl101,ASD,2,3,value,9,2,0,0,1,0,,,,,1,19331011,0,OKC01,h,KCM,0,1,0,exhibition,y,
ASD193310110,sloab101,ASD,1,9,value,27,3,0,1,0,0,,,,,1,19331011,0,OKC01,h,KCM,0,1,0,exhibition,y,
ASD193310110,welcj102,ASD,1,5,value,27,0,0,0,0,0,,,,,1,19331011,0,OKC01,h,KCM,0,1,0,exhibition,y,
ASD193310110,fitzj802,ASD,1,2,value,27,10,1,1,1,0,0,,,,1,19331011,0,OKC01,h,KCM,0,1,0,exhibition,y,
ASD193310110,frenl101,ASD,1,1,value,9,0,0,1,0,0,,,,,1,19331011,0,OKC01,h,KCM,0,1,0,exhibition,y,
ASD193310110,thurs101,ASD,1,1,value,9,0,1,0,0,0,,,,,,19331011,0,OKC01,h,KCM,0,1,0,exhibition,y,
ASD193310110,fants101,ASD,1,4,value,9,1,0,0,0,0,,,,,,19331011,0,OKC01,h,KCM,0,1,0,exhibition,y,
KCM193310150,kerrj102,ASD,1,4,value,24,3,3,0,0,0,,,,,1,19331015,0,KAN05,v,KCM,0,1,0,exhibition,y,
KCM193310150,mosoj101,ASD,1,8,value,,4,0,0,0,0,,,,,1,19331015,0,KAN05,v,KCM,0,1,0,exhibition,y,
KCM193310150,gleej101,ASD,1,8,value,,0,0,0,0,0,,,,,,19331015,0,KAN05,v,KCM,0,1,0,exhibition,y,
KCM193310150,wanep101,ASD,1,7,value,24,0,0,0,0,0,,,,,1,19331015,0,KAN05,v,KCM,0,1,0,exhibition,y,
KCM193310150,arleb101,ASD,1,9,value,24,0,0,0,0,0,,,,,1,19331015,0,KAN05,v,KCM,0,1,0,exhibition,y,
KCM193310150,kuhej101,ASD,1,3,value,24,7,1,0,0,0,,,,,1,19331015,0,KAN05,v,KCM,0,1,0,exhibition,y,
KCM193310150,wrigg102,ASD,1,6,value,24,1,2,1,0,0,,,,,1,19331015,0,KAN05,v,KCM,0,1,0,exhibition,y,
KCM193310150,clabm101,ASD,1,5,value,24,2,1,0,0,0,,,,,1,19331015,0,KAN05,v,KCM,0,1,0,exhibition,y,
KCM193310150,seebd101,ASD,1,2,value,24,6,1,0,0,0,0,,,,1,19331015,0,KAN05,v,KCM,0,1,0,exhibition,y,
KCM193310150,caldr101,ASD,1,1,value,15,1,0,0,0,0,,,,,1,19331015,0,KAN05,v,KCM,0,1,0,exhibition,y,
KCM193310150,bowmj101,ASD,1,1,value,9,0,1,0,0,0,,,,,,19331015,0,KAN05,v,KCM,0,1,0,exhibition,y,
KCM193310150,allen102,KCM,1,6,value,27,1,1,1,0,0,,,,,1,19331015,0,KAN05,h,ASD,1,0,0,exhibition,y,
KCM193310150,mothd101,KCM,1,4,value,27,1,1,0,0,0,,,,,1,19331015,0,KAN05,h,ASD,1,0,0,exhibition,y,
KCM193310150,gileg101,KCM,1,3,value,27,7,1,0,0,0,,,,,1,19331015,0,KAN05,h,ASD,1,0,0,exhibition,y,
KCM193310150,yount101,KCM,1,2,value,27,14,3,0,0,0,0,,,,1,19331015,0,KAN05,h,ASD,1,0,0,exhibition,y,
KCM193310150,rogab101,KCM,1,7,value,27,1,0,0,0,0,,,,,1,19331015,0,KAN05,h,ASD,1,0,0,exhibition,y,
KCM193310150,josen101,KCM,1,5,value,27,1,1,0,0,0,,,,,1,19331015,0,KAN05,h,ASD,1,0,0,exhibition,y,
KCM193310150,haler102,KCM,1,9,value,,1,0,0,0,0,,,,,1,19331015,0,KAN05,h,ASD,1,0,0,exhibition,y,
KCM193310150,duncf102,KCM,1,9,value,,0,0,0,0,0,,,,,,19331015,0,KAN05,h,ASD,1,0,0,exhibition,y,
KCM193310150,dwige101,KCM,1,8,value,27,1,0,0,0,0,,,,,1,19331015,0,KAN05,h,ASD,1,0,0,exhibition,y,
KCM193310150,bevec101,KCM,1,1,value,27,0,1,0,0,0,,,,,1,19331015,0,KAN05,h,ASD,1,0,0,exhibition,y,
