gid,id,team,d_seq,d_pos,stattype,d_ifouts,d_po,d_a,d_e,d_dp,d_tp,d_pb,d_wp,d_sb,d_cs,d_gs,date,number,site,vishome,opp,win,loss,tie,gametype,box,pbp,eject
NY6194507292,odoms101,NY6,1,1,value,6,,,0,,0,0,,,,,19450729,2,NYC14,h,CVB,1,0,0,exhibition,,,
MEM194604211,odoms101,IN9,1,1,value,,,,0,,0,0,,,,,19460421,1,MEM03,v,MEM,0,1,0,exhibition,,,
KCM194605020,odoms101,IN9,1,1,value,25,0,3,1,0,0,,,,,1,19460502,0,OKC02,v,KCM,0,1,0,exhibition,y,d,
MEM194605080,odoms101,IN9,1,1,value,,,,0,,0,0,,,,1,19460508,0,LRK02,v,MEM,0,1,0,regular,,,
IN9194605210,odoms101,IN9,1,1,value,27,,,0,,0,0,,,,1,19460521,0,COL05,h,CVB,0,1,0,regular,,,
CAG194606110,odoms101,IN9,1,1,value,15,,,0,0,0,,,,,1,19460611,0,SPR03,v,CAG,0,1,0,regular,y,,
IN9194606162,odoms101,IN9,1,1,value,,,,0,,0,0,,,,,19460616,2,CIN07,h,BIR,0,1,0,regular,,,
