gid,visteam,hometeam,site,date,number,starttime,daynight,innings,tiebreaker,usedh,htbf,timeofgame,attendance,fieldcond,precip,sky,temp,winddir,windspeed,oscorer,forfeit,suspend,umphome,ump1b,ump2b,ump3b,umplf,umprf,wp,lp,save,gametype,vruns,hruns,wteam,lteam,line,batteries,lineups,box,pbp,season
PTC193207082,NY5,PTC,PIT09,19320708,2,,,,,,,,,,,,,,,,,,,,,,,,paigs101,stann101,,exhibition,0,6,PTC,NY5,y,both,y,y,,1932
WSW193207250,PTC,WSW,WAS09,19320725,0,,night,,,,,,4000,,,,,,,,,,spenh901,lee-u901,,,,,bellw101,mcdow101,,regular,5,1,PTC,WSW,y,both,y,y,,1932
PTC193209190,HOM,PTC,PIT09,19320919,0,12:01am,night,,,,,,3000,,,,,,,,,,,,,,,,stroj103,bellw101,,exhibition,5,1,HOM,PTC,y,both,y,y,,1932
PTC193209270,NLN,PTC,YOR01,19320927,0,0:00PM,night,,,false,,135,1500,unknown,unknown,unknown,0,unknown,-1,,,,weicu901,eraau901,,,,,bellw101,swifb101,,exhibition,2,11,PTC,NLN,y,both,y,y,,1932
PTC193209280,NLN,PTC,PIT09,19320928,0,0:00PM,night,,,false,,-1,0,unknown,unknown,unknown,0,unknown,-1,,,,harrm103,craij901,,,,,parmr101,willj109,,exhibition,20,8,NLN,PTC,y,both,y,y,,1932
PTC193209300,NLN,PTC,ALT02,19320930,0,0:00PM,night,,,false,,-1,,unknown,unknown,unknown,0,unknown,-1,,,,carnu901,donnu901,,,,,radct101,frenl101,,exhibition,2,4,PTC,NLN,y,both,y,y,,1932
PTC193210011,NLN,PTC,PIT09,19321001,1,0:00PM,day,,,false,,-1,0,unknown,unknown,unknown,0,unknown,-1,,,,younu901,harrm103,,,,,paigs101,parmr101,,exhibition,2,10,PTC,NLN,y,both,y,y,,1932
PTC193210012,NLN,PTC,PIT09,19321001,2,0:00PM,night,,,false,,-1,0,unknown,unknown,unknown,0,unknown,-1,,,,harrm103,younu901,,,,,swifb101,bellw101,frenl101,exhibition,9,8,NLN,PTC,y,both,y,y,,1932
PTC193210021,NLN,PTC,CLE07,19321002,1,0:00PM,day,,,false,,-1,0,unknown,unknown,unknown,0,unknown,-1,,,,walkh901,harrm103,,,,,bellw101,swifb101,,exhibition,4,5,PTC,NLN,y,both,y,y,,1932
PTC193210022,NLN,PTC,CLE07,19321002,2,0:00PM,night,,,false,,-1,0,unknown,unknown,unknown,0,unknown,-1,,,,walkh901,harrm103,,,,,bellw101,swifb101,,exhibition,2,4,PTC,NLN,y,both,y,y,,1932
PTC193307231,CAG,PTC,CLE06,19330723,1,0:00PM,,,,false,,-1,7000,unknown,unknown,unknown,0,unknown,-1,,,,harrm103,craij901,,walkh901,,,stres101,fostw101,,regular,1,8,PTC,CAG,y,both,y,y,,1933
PTC193307232,CAG,PTC,CLE06,19330723,2,0:00PM,,,,false,,-1,7000,unknown,unknown,unknown,0,unknown,-1,,,,harrm103,craij901,,gambe901,,,matll101,powew101,,regular,12,13,PTC,CAG,y,both,y,y,,1933
PTC193407041,HOM,PTC,PIT09,19340704,1,,,,,,,,12000,,,,,,,,,,younu901,craij901,,harrw102,,,paigs101,dulal101,,exhibition,0,4,PTC,HOM,y,both,y,y,,1934
PH5193409092,PTC,PH5,NYC16,19340909,2,,,,,,,141,30000,,,,,,,,,,forbf901,gholb901,,craij901,,,,,,exhibition,1,1,,,y,both,y,y,,1934
PTC193409301,PH5,PTC,NYC16,19340930,1,,,,,,,120,25000,,,,,,,,,,gholb901,craij901,,forbf901,,,paigs101,jones107,,exhibition,1,3,PTC,PH5,y,both,y,y,,1934
NY6193504280,PTC,NY6,NOL01,19350428,0,,day,,,,,,,,,,,,,,,,,,,,,,,,,exhibition,6,4,PTC,NY6,,,,,,1935
NSH193505071,PTC,NSH,NSH02,19350507,1,,,9,,FALSE,,,,,,,,,,,,,,,,,,,,,,regular,8,5,PTC,NSH,y,both,,,,1935
NSH193505072,PTC,NSH,NSH02,19350507,2,,,7,,FALSE,,,,,,,,,,,,,,,,,,,huntb106,willj117,,regular,3,1,PTC,NSH,y,both,,,,1935
NSH193505080,PTC,NSH,BGK01,19350508,0,,,9,,FALSE,,,,,,,,,,,,,,,,,,,porta103,,,exhibition,2,6,NSH,PTC,y,,,,,1935
PTC193505110,NY6,PTC,PIT09,19350511,0,,day,,,false,,0,6000,unknown,unknown,unknown,0,unknown,-1,,,,crumj101,gholb901,,,,,bellw101,garcc103,davir103,regular,5,6,PTC,NY6,y,both,y,y,d,1935
PTC193505121,NY6,PTC,PIT09,19350512,1,,day,,,false,,100,5000,unknown,unknown,unknown,0,unknown,-1,,,,gholb901,crumj101,,,,,matll101,diazh101,,regular,1,2,PTC,NY6,y,both,y,y,d,1935
PTC193505122,NY6,PTC,PIT09,19350512,2,,day,7,,false,,0,5000,unknown,unknown,unknown,0,unknown,-1,,,,gholb901,crumj101,,,,,,,,regular,4,4,,,y,both,y,y,d,1935
PTC193505130,NY6,PTC,PIT09,19350513,0,,night,9,,FALSE,,,,,,,,,,,,,gholb901,,crumj101,,,,,,,regular,3,3,,,y,both,y,y,,1935
PTC193505140,NY6,PTC,BEA02,19350514,0,,,9,,FALSE,,,,,,,,,,,,,,,,,,,fernr101,stres101,taylj108,exhibition,7,3,NY6,PTC,y,both,y,y,,1935
PTC193505180,CAG,PTC,PIT09,19350518,0,,day,,,false,,135,0,unknown,unknown,unknown,0,unknown,-1,,,,turnc101,cleap901,,,,,cornw101,davir103,trent101,regular,7,4,CAG,PTC,y,both,y,y,d,1935
PTC193505191,CAG,PTC,PIT09,19350519,1,,day,,,false,,105,0,unknown,unknown,unknown,0,unknown,-1,,,,cleap901,turnc101,,,,,matll101,trent101,,regular,0,1,PTC,CAG,y,both,y,y,d,1935
PTC193505192,CAG,PTC,PIT09,19350519,2,,day,7,,,,115,,,,,,,,,,,cleap901,turnc101,,,,,huntb106,browo104,,regular,7,14,PTC,CAG,y,both,,,,1935
PTC193505200,CAG,PTC,PIT09,19350520,0,,,9,,FALSE,,,,,,,,,,,,,,,,,,,cornw101,bellw101,thomw103,regular,15,7,CAG,PTC,y,both,y,y,,1935
PTC193505210,CAG,PTC,HRB01,19350521,0,,night,,,false,,125,700,unknown,unknown,unknown,0,unknown,-1,,,,fiela901,carpu901,,,,,powem104,carts102,,regular,8,1,CAG,PTC,y,both,y,y,d,1935
PTC193505220,CAG,PTC,YOR01,19350522,0,,night,9,,FALSE,,,600,,,,,,,,,,,,,,,,stres101,browo104,,regular,3,10,PTC,CAG,y,both,y,y,,1935
PTC193505230,NY6,PTC,HAG01,19350523,0,,,9,,FALSE,,73,,,,,,,,,,,,,,,,,bellw101,fernr101,,exhibition,0,2,PTC,NY6,y,both,,,,1935
PH5193505240,PTC,PH5,BEA02,19350524,0,,,,,FALSE,,,,,,,,,,,,,,,,,,,,,,exhibition,4,4,,,y,both,y,y,,1935
PTC193505250,PH5,PTC,PIT09,19350525,0,,,,,,,130,,,,,,,,,,,harrb901,craij901,,,,,carts102,ellir105,,regular,4,10,PTC,PH5,y,both,y,y,,1935
PTC193505261,PH5,PTC,PIT09,19350526,1,,,,,,,108,,,,,,,,,,,craij901,harrm103,,,,,matll101,jones107,,regular,2,4,PTC,PH5,y,both,y,y,,1935
PTC193505262,PH5,PTC,PIT09,19350526,2,,,,,,,105,,,,,,,,,,,harrm103,craij901,,,,,davir103,cartp102,,regular,1,2,PTC,PH5,y,both,,,,1935
PTC193505270,PH5,PTC,PIT09,19350527,0,,night,9,,FALSE,,,,,,,,,,,,,,,,,,,mcdow101,bellw101,,regular,6,2,PH5,PTC,y,both,y,y,,1935
PTC193505280,PH5,PTC,YOR01,19350528,0,,night,9,,FALSE,,,,,,,,,,,,,,,,,,,holml101,bellw101,,regular,9,0,PH5,PTC,y,both,y,y,,1935
PH5193505301,PTC,PH5,PHI17,19350530,1,,day,,,,,,7000,,,,,,,,,,,,,,,,stres101,cartp102,,regular,11,4,PTC,PH5,y,both,y,y,,1935
PH5193505302,PTC,PH5,PHI17,19350530,2,,day,,,,,,7000,,,,,,,,,,,,,,,,huntb106,jones107,,regular,9,3,PTC,PH5,y,both,y,y,,1935
NW1193506010,PTC,NW1,IRV01,19350601,0,,,,,,,,,,,,,,,,,,turnc101,craij901,,,,,davir103,evanb105,,regular,11,3,PTC,NW1,y,both,y,y,,1935
NW1193506021,PTC,NW1,IRV01,19350602,1,,,,,,,,,,,,,,,,,,cleap901,turnc101,,,,,matll101,craih101,,regular,15,3,PTC,NW1,y,both,y,y,,1935
NW1193506022,PTC,NW1,IRV01,19350602,2,,,,,,,,,,,,,,,,,,turnc101,cleap901,,,,,carts102,burnw102,kinch101,regular,7,5,PTC,NW1,y,both,y,y,,1935
NW1193506030,PTC,NW1,NBR01,19350603,0,,night,,,false,,0,500,unknown,unknown,unknown,0,unknown,-1,,,,clayu902,turnc101,,,,,huntb106,hayeb104,kinch101,regular,7,6,PTC,NW1,y,both,y,y,d,1935
PH5193506151,PTC,PH5,PHI17,19350615,1,,day,,,false,,95,4000,unknown,unknown,unknown,0,unknown,-1,,,,harrm103,craij901,,,,,matll101,mcdow101,harvb101,regular,6,5,PTC,PH5,y,both,y,y,d,1935
PH5193506152,PTC,PH5,PHI17,19350615,2,,day,,,,,105,4000,,,,,,,,,,craij901,harrm103,,,,,huntb106,cartp102,,regular,6,5,PTC,PH5,y,both,y,y,,1935
PTC193506170,PH5,PTC,CHE03,19350617,0,,night,5,,FALSE,,,,,rain,,,,,,,,,,,,,,,,,regular,0,6,PTC,PH5,,,,,,1935
NY6193506220,PTC,NY6,BEL02,19350622,0,,day,,,false,,0,0,unknown,unknown,unknown,0,unknown,-1,,,,crumj101,gholb901,,,,,taylj108,huntb106,,regular,2,6,NY6,PTC,y,both,y,y,d,1935
NY6193506231,PTC,NY6,NYC25,19350623,1,,day,,,false,,0,8000,unknown,unknown,unknown,0,unknown,-1,,,,gholb901,crumj101,,,,,matll101,tianl102,,regular,7,1,PTC,NY6,y,both,y,y,d,1935
NY6193506232,PTC,NY6,NYC25,19350623,2,,day,,,false,,0,8000,unknown,unknown,unknown,0,unknown,-1,,,,crumj101,gholb901,,,,,davir103,garcc103,,regular,10,0,PTC,NY6,y,both,y,y,d,1935
PTC193506291,NW1,PTC,PIT09,19350629,1,,day,,,,,105,,,,,,,,,,,harrm103,craij901,,,,,harvb101,hayeb104,,regular,1,6,PTC,NW1,y,both,y,y,,1935
PTC193506292,NW1,PTC,PIT09,19350629,2,,day,,,,,,,,,,,,,,,,craij901,harrm103,,,,,evanb105,huntb106,,regular,7,6,NW1,PTC,y,both,,,,1935
PTC193506301,NW1,PTC,PIT09,19350630,1,,,,,,,,,,,,,,,,,,,,,,,,craih101,kinch101,,regular,12,5,NW1,PTC,y,both,y,y,,1935
PTC193506302,NW1,PTC,PIT09,19350630,2,,,7,,,,,,,,,,,,,,,,,,,,,matll101,,,regular,1,9,PTC,NW1,y,,,,,1935
PTC193507041,HOM,PTC,PIT09,19350704,1,,day,,,,,,,,,,,,,,,,,,,,,,stres101,parkt101,,exhibition,2,6,PTC,HOM,y,both,y,y,,1935
PTC193507042,HOM,PTC,PIT09,19350704,2,,day,,,,,,,,,,,,,,,,,,,,,,matll101,browr103,,exhibition,6,8,PTC,HOM,y,both,,,,1935
PTC193507050,HOM,PTC,PIT09,19350705,0,,,,,,,,,,,,,,,,,,,,,,,,carts102,melll101,,regular,1,11,PTC,HOM,,,,,,1935
PTC193507061,HOM,PTC,PIT09,19350706,1,,,9,,FALSE,,,,,,,,,,,,,harrm103,,gansj101,,,,stroj103,huntb106,,regular,18,5,HOM,PTC,y,both,y,y,,1935
PTC193507062,HOM,PTC,MCK01,19350706,2,,,7,,FALSE,,,,,,,,,,,,,,,,,,,,,,regular,3,3,,,,,,,,1935
HOM193507072,PTC,HOM,HRB01,19350707,2,,day,,,false,,0,1500,unknown,unknown,unknown,0,unknown,-1,,,,harrm103,gansj101,,,,,browr103,kinch101,,regular,3,8,HOM,PTC,y,both,y,y,d,1935
PTC193507071,HOM,PTC,HRB01,19350707,1,,day,,,false,,0,1500,unknown,unknown,unknown,0,unknown,-1,,,,gansj101,harrm103,,,,,davir103,parkt101,,regular,2,14,PTC,HOM,y,both,y,y,d,1935
HOM193507081,PTC,HOM,WAS09,19350708,1,,night,6,,FALSE,,,2500,,rain,,,,,,,,,,,,,,harvb101,vancc102,,exhibition,6,4,PTC,HOM,y,both,y,y,,1935
HOM193507090,PTC,HOM,HAG01,19350709,0,,night,9,,FALSE,,,,,,,,,,,,,,,,,,,,,,exhibition,4,1,PTC,HOM,,,,,,1935
PTC193507110,HOM,PTC,ALT02,19350711,0,,night,,,false,,0,0,unknown,unknown,unknown,0,unknown,-1,,,,gansj101,harrm103,,,,,huntb106,browr103,,regular,5,10,PTC,HOM,y,both,y,y,d,1935
BRN193507131,PTC,BRN,NYC15,19350713,1,,day,9,,FALSE,,105,8000,,,,,,,,,,craij901,,harrm103,,,,davir103,wille104,,regular,7,3,PTC,BRN,y,both,y,y,,1935
BRN193507132,PTC,BRN,NYC15,19350713,2,,day,,,false,,120,8000,unknown,unknown,unknown,0,unknown,-1,,,,craij901,harrm103,,,,,day-l101,harvb101,,regular,3,4,BRN,PTC,y,both,y,y,d,1935
BRN193507141,PTC,BRN,NYC15,19350714,1,,,,,,,,,,,,,,,,,,craij901,harrm103,,,,,matll101,nichb102,,regular,5,3,PTC,BRN,y,both,y,y,,1935
BRN193507142,PTC,BRN,NYC15,19350714,2,,,,,,,,,,,,,,,,,,harrm103,craij901,,,,,jackw101,huntb106,,regular,6,12,BRN,PTC,y,both,y,y,,1935
PH5193507180,PTC,PH5,CHE03,19350718,0,,night,,,,,,,,,,,,,,,,,,,,,,harvb101,buchc101,,regular,10,4,PTC,PH5,y,both,y,y,,1935
PTC193507190,CAG,PTC,CAR01,19350719,0,,day,,,,,,,,,,,,,,,,,,,,,,thomw103,kinch101,,exhibition,11,4,CAG,PTC,y,both,,,,1935
PTC193507200,CAG,PTC,PIT09,19350720,0,,day,,,,,,,,,,,,,,,,wallg901,turnc101,,,,,stres101,cornw101,,regular,9,12,PTC,CAG,y,both,y,y,,1935
PTC193507211,CAG,PTC,CLE06,19350721,1,,,,,,,,8000,,,,,,,,,,wallg901,turnc101,,,,,davir103,browo104,,regular,2,17,PTC,CAG,y,both,y,y,,1935
PTC193507212,CAG,PTC,CLE06,19350721,2,,,7,,,,,8000,,,,,,,,,,turnc101,wallg901,,,,,matll101,cornw101,,regular,8,12,PTC,CAG,y,both,y,y,,1935
PTC193507220,CAG,PTC,PIT09,19350722,0,,night,,,,,,,,,,,,,,,,,,,,,,thomw103,kinch101,mcdol102,regular,9,7,CAG,PTC,y,both,y,y,,1935
NSH193507270,PTC,NSH,COL05,19350727,0,,night,,,false,,0,1000,unknown,unknown,unknown,0,unknown,-1,,,,gansj101,harrm103,,,,,huntb106,grifb102,,regular,10,2,PTC,NSH,y,both,y,y,d,1935
NSH193507280,PTC,NSH,COL05,19350728,0,,,,,,,,,,,,,,,,,,,,,,,,harvb101,willj117,,regular,12,3,PTC,NSH,,,,,,1935
PTC193508010,NSH,PTC,AKR01,19350801,0,,night,,,false,,0,1500,unknown,unknown,unknown,0,unknown,-1,,,,garmu901,lobau901,,,,,willj117,harvb101,,regular,7,5,NSH,PTC,y,both,y,y,d,1935
PTC193508080,HOM,PTC,PHI17,19350808,0,,night,,,false,,0,5000,unknown,unknown,unknown,0,unknown,-1,,,,,,,,,,stres101,browr103,matll101,regular,2,3,PTC,HOM,y,both,y,y,d,1935
HOM193508090,PTC,HOM,WAS09,19350809,0,,night,9,,FALSE,,,3000,,,,,,,,,,,,,,,,parkt101,huntb106,,exhibition,2,11,HOM,PTC,y,both,y,y,,1935
PH5193508140,PTC,PH5,WAS09,19350814,0,,night,,,,,,2800,,,,,,,,,,,,,,,,yokel101,carts102,,regular,2,8,PH5,PTC,y,both,y,y,,1935
PTC193508170,HOM,PTC,PIT09,19350817,0,,day,,,,,,,,,,,,,,,,wallg901,harrb901,,,,,stroj103,huntb106,,regular,5,4,HOM,PTC,y,both,y,y,,1935
HOM193508181,PTC,HOM,CLE07,19350818,1,,,,,,,,5800,,,,,,,,,,,,,,,,davir103,gisew101,,regular,10,6,PTC,HOM,,both,,,,1935
HOM193508182,PTC,HOM,CLE07,19350818,2,,,7,,,,,5800,,,,,,,,,,,,,,,,matll101,browr103,,regular,1,0,PTC,HOM,,p,,,,1935
PTC193508190,HOM,PTC,AKR01,19350819,0,,night,,,false,,0,2500,unknown,unknown,unknown,0,unknown,-1,,,,,,,,,,carts102,dulal101,,regular,3,9,PTC,HOM,y,both,y,y,d,1935
CAG193508240,PTC,CAG,CHI09,19350824,0,,,,,,,210,,,,,,,,,,,turnc101,harrm103,,,,,huntb106,fostw101,,regular,11,8,PTC,CAG,y,both,y,y,,1935
CAG193508251,PTC,CAG,CHI09,19350825,1,,,,,,,,,,,,,,,,,,,,,,,,,,,regular,9,10,CAG,PTC,y,both,,,,1935
CAG193508252,PTC,CAG,CHI09,19350825,2,,,,,,,,,,,,,,,,,,,,,,,,matll101,mcdol102,,regular,7,5,PTC,CAG,y,both,,,,1935
CAG193508270,PTC,CAG,MIL03,19350827,0,,night,9,,FALSE,,,,,,,,,,,,,,,,,,,carts102,thomw103,,regular,17,2,PTC,CAG,y,both,y,y,,1935
CAG193508280,PTC,CAG,MIL03,19350828,0,,night,9,,FALSE,,,,,,,,,,,,,,,,,,,stres101,trent101,,regular,8,3,PTC,CAG,y,both,y,y,,1935
PTC193508310,HOM,PTC,DET09,19350831,0,,,,,,,,,,,,,,,,,,,,,,,,willc106,stroj103,,regular,9,11,PTC,HOM,,p,,,,1935
PTC193509010,HOM,PTC,BUF06,19350901,0,,,,,,,,,,,,,,,,,,,,,,,,,,,regular,10,9,HOM,PTC,,,,,,1935
PTC193509021,HOM,PTC,PIT09,19350902,1,,,,,,,205,,,,,,,,,,,craij901,harrb901,harrm103,turnc101,,,stroj103,davir103,,regular,8,7,HOM,PTC,y,both,y,y,,1935
PTC193509022,HOM,PTC,PIT09,19350902,2,,,7,,,,75,,,,,,,,,,,craij901,turnc101,harrb901,craij901,,,matll101,browr103,,regular,3,7,PTC,HOM,y,both,,,,1935
NY6193509071,PTC,NY6,PAT01,19350907,1,,day,,,false,,150,5000,unknown,unknown,unknown,0,unknown,-1,,,,brutu901,pohlu901,(none),harru902,,,blakf101,kinch101,,exhibition,3,9,NY6,PTC,y,both,y,y,d,1935
PH5193509072,PTC,PH5,PHI17,19350907,2,,night,,,false,,0,0,unknown,unknown,unknown,0,unknown,-1,,,,,,,,,,yokel101,harvb101,,exhibition,3,5,PH5,PTC,y,both,y,y,d,1935
BRN193509082,PTC,BRN,NYC15,19350908,2,,day,,,,,150,8000,,,,,,,,,,crumj101,gansj101,,gholb901,,,matll101,day-l101,,exhibition,12,3,PTC,BRN,y,both,y,y,,1935
NY6193509130,PTC,NY6,NYC25,19350913,0,0:00PM,day,,,false,,-1,7500,unknown,unknown,unknown,0,unknown,-1,,,,craij901,gansj101,harrm103,gholb901,,,blakf101,stres101,,lcs,2,6,NY6,PTC,y,both,y,y,,1935
NY6193509140,PTC,NY6,PHI17,19350914,0,0:00PM,,,,false,,110,10000,unknown,unknown,unknown,0,unknown,-1,,,,gansj101,harrm103,gholb901,craij901,,,stann101,davir103,,lcs,0,4,NY6,PTC,y,both,y,y,,1935
NY6193509150,PTC,NY6,NYC25,19350915,0,,day,,,false,,143,7000,unknown,unknown,unknown,0,unknown,-1,,,,craij901,gholb901,gansj101,harrm103,,,matll101,taylj108,,lcs,3,0,PTC,NY6,y,both,y,y,y,1935
PTC193509180,NY6,PTC,PIT09,19350918,0,0:00PM,,,,false,,-1,0,unknown,unknown,unknown,0,unknown,-1,,,,,,,,,,dihim101,matll101,,lcs,6,1,NY6,PTC,y,both,y,y,,1935
PTC193509190,NY6,PTC,PIT09,19350919,0,0:00PM,,,,false,,-1,0,unknown,unknown,unknown,0,unknown,-1,,,,craij901,harrm103,gholb901,gansj101,,,davir103,blakf101,,lcs,2,3,PTC,NY6,y,both,y,y,,1935
PTC193509200,NY6,PTC,PHI17,19350920,0,0:00PM,day,,,false,,-1,0,unknown,unknown,unknown,0,unknown,-1,,,,,,,,,,matll101,dihim101,,lcs,6,7,PTC,NY6,y,both,y,y,,1935
NY6193509210,PTC,NY6,PHI17,19350921,0,0:00PM,,,,false,,-1,0,unknown,unknown,unknown,0,unknown,-1,,,,harrm103,gholb901,craij901,gansj101,,,harvb101,taylj108,,lcs,8,7,PTC,NY6,y,both,y,y,,1935
PH5193509222,PTC,PH5,NYC16,19350922,2,,,,,,,,15000,,,,,,,,,,craij901,gansj101,harrm103,gholb901,,,carts102,jones107,,exhibition,12,2,PTC,PH5,y,both,y,y,,1935
NY6193509230,PTC,NY6,NYC25,19350923,0,,night,,,,,,,,,,,,,,,,,,,,,,,,,exhibition,6,4,PTC,NY6,,,,,,1935
SHR193510090,PTC,SHR,DAY03,19351009,0,,night,,,false,,0,3000,unknown,unknown,unknown,0,unknown,-1,,,,kirbl901,,,,,,davir103,herrl101,,exhibition,5,2,PTC,SHR,y,both,y,y,d,1935
ALM193510250,PTC,ALM,MEX01,19351025,0,,,,,false,,0,0,unknown,unknown,unknown,0,unknown,-1,,,,,,,,,,,,,exhibition,6,6,,,y,both,y,y,y,1935
ALM193510260,PTC,ALM,MEX01,19351026,0,0:00PM,night,,,false,,-1,13000,unknown,unknown,unknown,0,unknown,-1,,,,atriu901,carmu901,,,,,lyont102,kinch101,,exhibition,1,11,ALM,PTC,y,both,y,y,,1935
ALM193510270,PTC,ALM,MEX01,19351027,0,,,,,false,,0,0,unknown,unknown,unknown,0,unknown,-1,,,,,,,,,,knotj102,huntb106,,exhibition,2,7,ALM,PTC,y,both,y,y,y,1935
PTC193605050,WEG,PTC,PIT09,19360505,0,,night,9,,FALSE,,,,,,,,,,,,,harrm103,,craij901,,,,grifb102,smitt105,,exhibition,7,2,WEG,PTC,y,both,y,y,,1936
PTC193605060,WEG,PTC,PIT09,19360506,0,,night,9,,FALSE,,,,,,,,,,,,,,,,,,,,,,exhibition,11,7,WEG,PIT,,,,,,1936
NY6193605090,PTC,NY6,PAT01,19360509,0,,day,,,false,,0,2000,unknown,unknown,unknown,0,unknown,-1,,,,gansj101,taggu901,,,,,matll101,stann101,harvb101,regular,19,6,PTC,NY6,y,both,y,y,d,1936
NY6193605101,PTC,NY6,NYC25,19360510,1,,day,,,false,,0,7500,unknown,unknown,unknown,0,unknown,-1,,,,gansj101,taggu901,,,,,paigs101,brewc102,,regular,8,4,PTC,NY6,y,both,y,y,d,1936
NY6193605102,PTC,NY6,NYC25,19360510,2,,day,,,false,,0,7500,unknown,unknown,unknown,0,unknown,-1,,,,gansj101,taggu901,,,,,stres101,taylj108,,regular,6,5,PTC,NY6,y,both,y,y,d,1936
PTC193605150,PH5,PTC,PIT09,19360515,0,,night,,,,,,,,,,,,,,,,craij901,harrb901,,,,,yokel101,harvb101,,regular,8,3,PH5,PTC,y,both,y,y,,1936
PTC193605160,PH5,PTC,PIT09,19360516,0,,night,9,,FALSE,,120,,,,,,,,,,,craij901,harrm103,,,,,carts102,thoms105,,regular,9,10,PTC,PH5,y,both,y,y,,1936
PTC193605171,PH5,PTC,PIT09,19360517,1,,day,,,,,,,,,,,,,,,,craij901,harrm103,,,,,ellir105,paigs101,,regular,6,2,PH5,PTC,y,both,y,y,,1936
PTC193605172,PH5,PTC,PIT09,19360517,2,,day,,,,,,,,,,,,,,,,harrm103,craij901,,,,,smitt105,thoms105,,exhibition,2,17,PTC,PH5,,,,,,1936
WEG193605231,PTC,WEG,WAS09,19360523,1,,day,,,false,,100,2000,unknown,unknown,unknown,0,unknown,-1,,,,harrm103,kempu901,,,,,matll101,willj117,,regular,3,1,PTC,WEG,y,both,y,y,d,1936
WEG193605232,PTC,WEG,WAS09,19360523,2,,day,,,false,,130,2000,unknown,unknown,unknown,0,unknown,-1,,,,harrm103,kempu901,,,,,byrdb101,carts102,,regular,5,6,WEG,PTC,y,both,y,y,d,1936
WEG193605240,PTC,WEG,WAS09,19360524,0,,day,,,false,,0,0,unknown,unknown,unknown,0,unknown,-1,,,,,,,,,,matll101,byrdb101,,regular,10,8,PTC,WEG,y,both,y,y,d,1936
PH5193605260,PTC,PH5,CAM03,19360526,0,,day,,,,,,,,,,,,,,,,,,,,,,mcdow101,kinch101,,exhibition,0,5,PH5,PTC,y,both,,,,1936
PH5193605301,PTC,PH5,PHI17,19360530,1,,day,,,false,,0,0,unknown,unknown,unknown,0,unknown,-1,,,,,,,,,,jones107,harvb101,,regular,6,7,PH5,PTC,y,both,y,y,d,1936
PH5193605302,PTC,PH5,PHI17,19360530,2,,day,,,false,,0,0,unknown,unknown,unknown,0,unknown,-1,,,,,,,,,,paigs101,thoms105,,regular,7,6,PTC,PH5,y,both,y,y,d,1936
PH5193605311,PTC,PH5,PHI16,19360531,1,,,,,,,,,,,,,,,,,,,,,,,,huntb106,stres101,,regular,3,10,PH5,PTC,y,both,y,y,,1936
PH5193605312,PTC,PH5,PHI16,19360531,2,,,,,,,,,,,,,,,,,,,,,,,,ellir105,carts102,,regular,6,9,PH5,PTC,y,both,,,,1936
PH5193606010,PTC,PH5,CHE03,19360601,0,,night,8,,FALSE,,,,,,,,,,,,,,,,,,,kinch101,jones107,,regular,9,4,PTC,PH5,y,both,y,y,,1936
PTC193606050,WEG,PTC,PIT09,19360605,0,,night,,,,,115,,,,,,,,,,,harrm103,harrb901,,,,,byrdb101,smitt105,,regular,16,0,WEG,PTC,y,both,y,y,,1936
PTC193606060,WEG,PTC,PIT09,19360606,0,,night,,,,,,,,,,,,,,,,harrm103,harrb901,,,,,porta103,matll101,,regular,10,4,WEG,PTC,y,both,y,y,,1936
PTC193606071,WEG,PTC,PIT09,19360607,1,,day,,,,,,,,,,,,,,,,harrm103,harrb901,,,,,grifb102,paigs101,byrdb101,regular,8,5,WEG,PTC,y,both,y,y,,1936
PTC193606072,WEG,PTC,PIT09,19360607,2,,day,,,,,,,,,,,,,,,,harrm103,harrb901,,,,,paigs101,wilsl102,,regular,3,8,PTC,WEG,y,both,,,,1936
PTC193606120,NW2,PTC,PIT09,19360612,0,,day,,,,,,,,,,,,,,,,,,,,,,day-l101,kinch101,evanb105,regular,13,3,NW2,PTC,y,both,y,y,,1936
PTC193606130,NW2,PTC,PIT09,19360613,0,,day,,,,,,,,,,,,,,,,harrm103,harrb901,,,,,matll101,evanb105,paigs101,regular,3,5,PTC,NW2,y,both,y,y,,1936
PTC193606141,NW2,PTC,CLE06,19360614,1,,,,,,,,10000,,,,,,,,,,,,,,,,paigs101,mcdut101,,regular,0,6,PTC,NW2,y,both,,,,1936
PTC193606142,NW2,PTC,CLE06,19360614,2,,,,,,,,10000,,,,,,,,,,,,,,,,bellw101,,,regular,8,5,NW2,PTC,y,both,,,,1936
PTC193606150,NW2,PTC,YOU01,19360615,0,,night,,,false,,179,3000,unknown,unknown,unknown,0,unknown,-1,,,,duffu901,flauu901,,,,,harvb101,day-l101,,exhibition,7,8,PTC,NW2,y,both,y,y,d,1936
PH5193606180,PTC,PH5,WIL08,19360618,0,,day,8,,FALSE,,,,,,,,,,,,,,,,,,,kinch101,thoms105,,exhibition,9,6,PTC,PH5,y,both,,,,1936
NW2193606200,PTC,NW2,NWK04,19360620,0,,night,,,,,,,,,,,,,,,,goetl901,crelw901,,,,,carts102,evanb105,paigs101,regular,8,7,PTC,NW2,y,both,y,y,,1936
NW2193606211,PTC,NW2,NWK04,19360621,1,,day,,,false,,115,3500,unknown,unknown,unknown,0,unknown,-1,,,,turnu901,gholb901,,,,,mcdut101,paigs101,,regular,2,3,NW2,PTC,y,both,y,y,d,1936
NW2193606212,PTC,NW2,NWK04,19360621,2,,day,7,,false,,100,3500,unknown,unknown,unknown,0,unknown,-1,,,,turnu901,gholb901,,,,,matll101,day-l101,,regular,8,5,PTC,NW2,y,both,y,y,d,1936
NW2193606220,PTC,NW2,NBG01,19360622,0,,night,,,,,,,,,,,,,,,,,,,,,,bellw101,lewij104,,regular,7,11,NW2,PTC,y,both,,,,1936
NY6193606270,PTC,NY6,PAT01,19360627,0,,day,,,false,,0,0,unknown,unknown,unknown,0,unknown,-1,,,,,,,,,,kinch101,brewc102,,regular,4,3,PTC,NY6,y,both,y,y,d,1936
NY6193606281,PTC,NY6,NYC25,19360628,1,,,,,,,,,,,,,,,,,,harrb901,taggu901,,,,,paigs101,dihim101,,regular,5,4,PTC,NY6,y,both,y,y,,1936
NY6193606282,PTC,NY6,NYC25,19360628,2,,,7,,,,,,,,,,,,,,,harrb901,taggu901,,,,,taylj108,matll101,,regular,4,5,NY6,PTC,y,both,y,y,,1936
NY5193606290,PTC,NY5,MID04,19360629,0,,night,,,false,,0,0,unknown,unknown,unknown,0,unknown,-1,,,,malou902,morru902,,,,,hollb106,harvb101,,exhibition,2,5,NY5,PTC,y,both,y,y,d,1936
PTC193607041,HOM,PTC,PIT09,19360704,1,,,,,,,,,,,,,,,,,,craij901,harrb901,,,,,paigs101,gisew101,,regular,4,7,PTC,HOM,y,both,y,y,,1936
PTC193607042,HOM,PTC,PIT09,19360704,2,,,,,,,,,,,,,,,,,,craij901,harrb901,,,,,matll101,parkt101,,regular,1,11,PTC,HOM,y,both,y,y,,1936
HOM193607051,PTC,HOM,CLE06,19360705,1,,day,,,false,,0,10000,unknown,unknown,unknown,0,unknown,-1,,,,craij901,washu901,hayeg901,willl902,,,browr103,harvb101,,regular,1,2,HOM,PTC,y,both,y,y,d,1936
HOM193607052,PTC,HOM,CLE06,19360705,2,,day,7,,false,,0,10000,unknown,unknown,unknown,0,unknown,-1,,,,craij901,washu901,hayeg901,willl902,,,paigs101,welmr101,,regular,8,0,PTC,HOM,y,both,y,y,d,1936
PTC193607090,WEG,PTC,COL04,19360709,0,,,9,,FALSE,,,,,,,,,,,,,,,,,,,,,,exhibition,7,11,PTC,WEG,,,,,,1936
PTC193607100,WEG,PTC,LOU05,19360710,0,,,,,,,,3500,,,,,,,,,,,,,,,,,,,regular,6,11,PTC,WEG,,p,,,,1936
WEG193607110,PTC,WEG,BGK01,19360711,0,,day,,,,,,,,,,,,,,,,charo101,wrigb104,,,,,lewij104,currg102,,exhibition,15,5,PTC,WEG,y,both,y,y,,1936
WEG193607121,PTC,WEG,NSH02,19360712,1,,,,,,,,3000,,,,,,,,,,,,,,,,paigs101,,,regular,13,2,PTC,WEG,,,,,,1936
WEG193607122,PTC,WEG,NSH02,19360712,2,,,,,,,,3000,,,,,,,,,,,,,,,,grifb102,,,regular,2,7,WEG,PTC,,,,,,1936
WEG193607130,PTC,WEG,NSH02,19360713,0,,day,9,,FALSE,,,,,,,,,,,,,,,,,,,matll101,byrdb101,,regular,6,3,PTC,WEG,y,both,,,,1936
PTC193607170,WEG,PTC,DAY03,19360717,0,,night,9,,FALSE,,,2900,,,,,,,,,,,,,,,,,,,regular,8,4,WEG,PTC,y,both,,,,1936
PTC193607181,WEG,PTC,PIT09,19360718,1,,day,9,,FALSE,,,,,,,,,,,,,craij901,,harrb901,,,,byrdb101,smitt105,,regular,11,3,WEG,PTC,y,both,y,y,,1936
PTC193607182,WEG,PTC,PIT09,19360718,2,,day,7,,false,,0,0,unknown,unknown,unknown,0,unknown,-1,,,,craij901,harrb901,,,,,stres101,willj117,,regular,3,4,PTC,WEG,y,both,y,y,d,1936
PTC193607191,WEG,PTC,CLE06,19360719,1,,day,,,false,,0,10000,unknown,unknown,unknown,0,unknown,-1,,,,craij901,harrb901,(none),hayeg901,,,paigs101,grifb102,,regular,1,4,PTC,WEG,y,both,y,y,d,1936
PTC193607192,WEG,PTC,CLE06,19360719,2,,day,7,,false,,0,10000,unknown,unknown,unknown,0,unknown,-1,,,,craij901,harrb901,(none),hayeg901,,,smitt105,porta103,,regular,6,10,PTC,WEG,y,both,y,y,d,1936
PTC193607200,WEG,PTC,PIT09,19360720,0,,night,,,,,,,,,,,,,,,,,,,,,,matll101,wilsl102,,regular,1,7,PTC,WEG,y,both,y,y,,1936
PH5193607220,PTC,PH5,CHE03,19360722,0,,,,,,,,,,,,,,,,,,,,,,,,huntb106,lewij104,,regular,0,7,PH5,PTC,y,both,,,,1936
PH5193607251,PTC,PH5,PHI17,19360725,1,,day,,,false,,0,0,unknown,unknown,unknown,0,unknown,-1,,,,turnu901,gansj101,,,,,paigs101,yokel101,,regular,6,4,PTC,PH5,y,both,y,y,d,1936
PH5193607252,PTC,PH5,PHI17,19360725,2,,day,7,,false,,0,0,unknown,unknown,unknown,0,unknown,-1,,,,turnu901,gansj101,,,,,fostw101,bevec101,,regular,8,5,PTC,PH5,y,both,y,y,d,1936
NY6193607263,PTC,NY6,FRE01,19360726,3,,night,,,,,,,,,,,,,,,,,,,,,,,,,exhibition,6,7,NY6,PTC,,,,,,1936
NY5193607300,PTC,NY5,BUF06,19360730,0,,night,,,,,,,,,,,,,,,,,,,,,,,,,regular,1,8,NY5,PTC,,,,,,1936
PTC193608011,NY5,PTC,PIT09,19360801,1,,day,,,,,,,,,,,,,,,,harrm103,harrb901,,,,,davir103,smitt105,,regular,13,2,NY5,PTC,y,both,y,y,,1936
PTC193608012,NY5,PTC,PIT09,19360801,2,,day,7,,false,,0,0,unknown,unknown,unknown,0,unknown,-1,,,,harrm103,harrb901,,,,,carts102,mcheh101,,regular,5,6,PTC,NY5,y,both,y,y,d,1936
PTC193608021,NY5,PTC,COL04,19360802,1,,,,,,,,2400,,,,,,,,,,,,,,,,fostw101,hollb106,,regular,3,5,PTC,NY5,y,both,,,,1936
PTC193608022,NY5,PTC,COL04,19360802,2,,,7,,,,,2400,,,,,,,,,,,,,,,,matll101,browb107,,regular,4,5,PTC,NY5,y,both,,,,1936
PTC193608030,NY5,PTC,PIT09,19360803,0,,,8,,FALSE,,,,,,,,,,,,,harrm103,harrb901,,,,,mcheh101,harvb101,,exhibition,13,4,NY5,PTC,y,both,y,y,,1936
PTC193608040,NY5,PTC,AKR01,19360804,0,,night,,,FALSE,,130,1300,,,,,,,,,,lobau901,helru901,,,,,rectc101,kinch101,davir103,exhibition,9,6,NY5,PTC,y,both,y,y,,1936
PTC193608050,NY5,PTC,TOL05,19360805,0,,night,,,FALSE,,,,,,,,,,,,,,,,,,,browb107,,,regular,3,1,NY5,PTC,,,,,,1936
PTC193608060,NY5,PTC,TOL05,19360806,0,,night,,,FALSE,,,2500,,,,,,,,,,,,,,,,,,,regular,10,5,NY5,PTC,,,,,,1936
NY6193608080,PTC,NY6,PAT01,19360808,0,,day,,,false,,0,0,unknown,unknown,unknown,0,unknown,-1,,,,craij901,devoj102,,,,,matll101,stann101,,regular,4,3,PTC,NY6,y,both,y,y,d,1936
NY5193608093,PTC,NY5,FRE01,19360809,3,,night,,,,,,,,,,,,,,,,,,,,,,cartp102,carts102,,exhibition,3,9,NY5,PTC,y,both,,,,1936
NY6193608091,PTC,NY6,NYC25,19360809,1,,day,,,false,,0,7000,unknown,unknown,unknown,0,unknown,-1,,,,craij901,devoj102,,,,,taylj108,fostw101,,regular,0,9,NY6,PTC,y,both,y,y,d,1936
NY6193608092,PTC,NY6,NYC25,19360809,2,,day,7,,false,,0,7000,unknown,unknown,unknown,0,unknown,-1,,,,craij901,devoj102,,,,,smitt105,brewc102,,regular,7,0,PTC,NY6,y,both,y,y,d,1936
NY6193608100,PTC,NY6,HAR02,19360810,0,,night,,,false,,120,2000,unknown,unknown,unknown,0,unknown,-1,,,,wintu901,mcclu902,,,,,harvb101,salal101,,exhibition,3,1,PTC,NY6,y,both,y,y,d,1936
WEG193608150,PTC,WEG,WAS09,19360815,0,,day,,,,,145,,,,,,,,,,,harrm103,kempu901,,,,,,,,regular,8,8,,,y,both,y,y,,1936
WEG193608161,PTC,WEG,WAS09,19360816,1,,day,,,false,,121,4000,unknown,unknown,unknown,0,unknown,-1,,,,harrb901,kempu901,,,,,willj117,smitt105,,regular,2,10,WEG,PTC,y,both,y,y,d,1936
WEG193608162,PTC,WEG,WAS09,19360816,2,,day,7,,false,,92,4000,unknown,unknown,unknown,0,unknown,-1,,,,harrb901,kempu901,,,,,byrdb101,fostw101,,regular,5,6,WEG,PTC,y,both,y,y,d,1936
WEG193608190,PTC,WEG,PHI17,19360819,0,,night,,,,,,,,,,,,,,,,crumj101,gansj101,,,,,smitt105,grifb102,fostw101,exhibition,3,9,PTC,WEG,y,both,y,y,,1936
PTC193608210,WEG,PTC,AKR01,19360821,0,,night,,,,,,500,,,,,,,,,,lobau901,garmu901,,,,,carts102,byrdb101,stres101,exhibition,9,16,PTC,WEG,y,both,y,y,,1936
PTC193608260,WEG,PTC,COL04,19360826,0,,night,,,FALSE,,,,,,,,,,,,,,,,,,,,,,regular,5,4,WEG,PTC,,,,,,1936
PTC193608270,WEG,PTC,CAN03,19360827,0,,night,,,false,,0,0,unknown,unknown,unknown,0,unknown,-1,,,,johnu903,babcu901,,,,,harvb101,porta103,,regular,1,3,PTC,WEG,y,both,y,y,d,1936
PTC193608291,PH5,PTC,PIT09,19360829,1,,day,,,false,,110,0,unknown,unknown,unknown,0,unknown,-1,,,,harrm103,harrb901,,,,,matll101,thoms105,,regular,3,6,PTC,PH5,y,both,y,y,d,1936
PTC193608292,PH5,PTC,PIT09,19360829,2,,day,7,,false,,0,0,unknown,unknown,unknown,0,unknown,-1,,,,harrm103,harrb901,,,,,fostw101,ellir105,,regular,0,4,PTC,PH5,y,both,y,y,d,1936
PTC193608302,PH5,PTC,CLE06,19360830,2,,day,5,,,,,,,,,,,,,,,hayeg901,harrm103,,,,,harvb101,huntb106,,exhibition,3,9,PTC,PH5,y,both,y,y,,1936
PTC193608310,WEG,PTC,CLP01,19360831,0,,day,,,false,,0,0,unknown,unknown,unknown,0,unknown,-1,,,,fostu901,cowdu901,,,,,smitt105,willj117,,exhibition,6,7,PTC,WEG,y,both,y,y,d,1936
PTC193609040,WEG,PTC,MID03,19360904,0,,day,,,FALSE,,,900,,,,,,,,,,fiela901,,coopu901,,,,willj117,kinch101,,exhibition,10,1,WEG,PTC,y,both,y,y,,1936
PTC193609050,HOM,PTC,PIT09,19360905,0,,day,,,,,,,,,,,,,,,,turnu901,harrm103,,,,,,parkt101,,regular,7,11,PTC,HOM,y,both,y,y,,1936
PTC193609060,HOM,PTC,CLE06,19360906,0,,day,,,,,,,,,,,,,,,,,,,,,,waita101,matll101,gisew101,regular,6,4,HOM,PTC,y,both,y,y,,1936
PTC193609071,HOM,PTC,PIT09,19360907,1,,day,,,,,,,,,,,,,,,,turnu901,harrb901,,,,,walke103,fostw101,browr103,regular,10,6,HOM,PTC,y,both,y,y,,1936
PTC193609072,HOM,PTC,PIT09,19360907,2,,day,7,,,,,,,,,,,,,,,,,,,,,smitt105,browr103,,regular,0,5,PTC,HOM,y,both,y,y,,1936
PTC193609121,NW2,PTC,PIT09,19360912,1,,,,,,,,,,,,,,,,,,harrm103,turnu901,,,,,matll101,mcdut101,,regular,5,11,PTC,NW2,y,both,y,y,,1936
PTC193609122,NW2,PTC,PIT09,19360912,2,,,,,,,,,,,,,,,,,,turnu901,harrm103,,,,,,,,regular,4,4,,,y,both,y,y,,1936
PTC193609131,NW2,PTC,TOL05,19360913,1,0:00PM,day,,,false,,-1,0,unknown,unknown,unknown,0,unknown,-1,,,,turnu901,harrm103,,,,,stres101,bellw101,smitt105,championship,5,6,PTC,NW2,y,both,y,y,,1936
PTC193609132,NW2,PTC,TOL05,19360913,2,0:00PM,day,,,false,,-1,0,unknown,unknown,unknown,0,unknown,-1,,,,harrm103,turnu901,,,,,fostw101,day-l101,,championship,1,2,PTC,NW2,y,both,y,y,,1936
PTC193609141,NW2,PTC,TOL05,19360914,1,,night,,,,,,,,,,,,,,,,turnu901,harrm103,,,,,stres101,bellw101,,lcs,5,6,PTC,NW2,y,both,y,y,,1936
PTC193609142,NW2,PTC,TOL05,19360914,2,,night,7,,,,,,,,,,,,,,,harrm103,turnu901,,,,,fostw101,day-l101,,lcs,1,2,PTC,NW2,y,both,y,y,,1936
PTC193609150,NW2,PTC,DAY03,19360915,0,,night,,,,,,,,,,,,,,,,turnu901,harrm103,,,,,evanb105,lewij104,,lcs,7,1,NW2,PTC,y,both,y,y,,1936
PH5193609191,PTC,PH5,PHI17,19360919,1,,day,,,,,,,,,,,,,,,,,,,,,,smitt105,yokel101,,regular,13,4,PTC,PH5,y,both,,,,1936
PH5193609192,PTC,PH5,PHI17,19360919,2,,day,,,,,,,,,,,,,,,,,,,,,,lewij104,jones107,fostw101,regular,5,4,PTC,PH5,y,both,,,,1936
NY5193609202,PTC,NY5,NYC14,19360920,2,,day,,,false,,0,20000,unknown,unknown,unknown,0,unknown,-1,,,,harrm103,devoj102,gholb901,turnu901,,,paigs101,hollb106,,exhibition,4,0,PTC,NY5,y,both,y,y,d,1936
PTC193609210,WEG,PTC,PHI17,19360921,0,,night,,,FALSE,,,,,,,,,,,,,,,,,,,porta103,stres101,,lcs,2,0,WEG,PTC,,,,,,1936
WEG193609271,PTC,WEG,NSH02,19360927,1,,,,,,,,,,,,,,,,,,,,,,,,,,,lcs,9,8,PTC,WEG,,,,,,1936
WEG193609272,PTC,WEG,NSH02,19360927,2,,,,,,,,,,,,,,,,,,,,,,,,,,,lcs,1,2,WEG,PTC,,,,,,1936
PTC193704110,CI1,PTC,NOL01,19370411,0,,day,,,false,,0,1500,unknown,unknown,unknown,0,unknown,-1,,,,,,,,,,mcalf101,bradp101,smitt105,exhibition,3,8,PTC,CI1,y,both,y,y,d,1937
CI1193704120,PTC,CI1,BAT01,19370412,0,,day,,,,,,,,,,,,,,,,,,,,,,willr105,breme101,carts102,exhibition,11,2,PTC,CI1,y,both,,,,1937
PTC193704140,CI1,PTC,NOL02,19370414,0,,day,,,,,,,,,,,,,,,,,,,,,,,jeffw101,,exhibition,4,10,PTC,CI1,y,both,,,,1937
CI1193704150,PTC,CI1,NOL02,19370415,0,,day,9,,FALSE,,,,,,,,,,,,,,,,,,,breme101,,,exhibition,4,7,CI1,PTC,y,p,,,,1937
PTC193704181,CI1,PTC,MNL01,19370418,1,,,9,,FALSE,,,,,,,,,,,,,,,,,,,matll101,housj103,,exhibition,5,6,PTC,CI1,y,both,,,,1937
PTC193704182,CI1,PTC,MNL01,19370418,2,,,7,,FALSE,,,,,,,,,,,,,,,,,,,jeffw101,smitt105,,exhibition,4,3,CI1,PTC,y,both,,,,1937
CI1193704190,PTC,CI1,TAL01,19370419,0,,,,,FALSE,,,,,,,,,,,,,,,,,,,,,,exhibition,6,5,PTC,CI1,,,,,,1937
CAG193704220,PTC,CAG,JAC01,19370422,0,,,,,,,,,,,,,,,,,,,,,,,,,,,exhibition,6,7,CAG,PTC,,,,,,1937
HOM193704252,PTC,HOM,NOL02,19370425,2,,day,7,,,,85,3700,,,,,,,,,,ronzu901,benju901,,,,,waita101,smitt105,walke103,exhibition,5,6,HOM,PTC,y,both,y,y,,1937
PTC193704251,HOM,PTC,NOL02,19370425,1,,day,,,,,,3700,,,,,,,,,,ronzu901,benju901,,,,,browr103,matll101,,exhibition,17,5,HOM,PTC,y,both,y,y,,1937
PTC193704260,HOM,PTC,BAT01,19370426,0,,day,,,FALSE,,,,,,,,,,,,,gainu901,,,,,,,,,exhibition,8,8,,,y,both,y,y,,1937
HOM193704270,PTC,HOM,ALE01,19370427,0,,day,,,false,,0,0,unknown,unknown,unknown,0,unknown,-1,,,,obriu901,caseu901,,,,,parkt101,harvb101,walke103,exhibition,4,7,HOM,PTC,y,both,y,y,d,1937
PH5193704280,PTC,PH5,HOU06,19370428,0,,night,9,,FALSE,,,1000,,,,,,,,,,,,,,,,matll101,ellir105,,exhibition,1,4,PTC,PH5,y,both,,,,1937
PTC193704290,PH5,PTC,HOU06,19370429,0,,night,9,,FALSE,,,2000,,,,,,,,,,,,,,,,carts102,thoms105,,exhibition,5,7,PTC,PH5,,,,,,1937
PTC193705080,HOM,PTC,PIT09,19370508,0,,,9,,FALSE,,,2500,,,,,,,,,,,washu901,,harrm103,,,walke103,brewc102,,exhibition,10,5,HOM,PTC,y,both,y,y,,1937
PTC193705090,HOM,PTC,PIT09,19370509,0,,,,,,,,,,,,,,,,,,,,,,,,smitt105,browr103,,exhibition,7,8,PTC,HOM,y,both,y,y,,1937
PTC193705151,WEG,PTC,PIT09,19370515,1,,day,,,false,,90,0,unknown,unknown,unknown,0,unknown,-1,,,,harrm103,turnc101,,,,,lewij104,grifb102,matll101,regular,6,7,PTC,WEG,y,both,y,y,d,1937
PTC193705152,WEG,PTC,PIT09,19370515,2,,day,7,,,,,,,,,,,,,,,harrm103,turnc101,,,,,harvb101,direj101,,regular,4,5,PTC,WEG,y,both,,,,1937
WEG193705161,PTC,WEG,BAL10,19370516,1,,day,,,,,,,,,,,,,,,,turnc101,,,,,,byrdb101,matll101,willw105,regular,6,7,WEG,PTC,,p,,,,1937
WEG193705162,PTC,WEG,BAL10,19370516,2,,day,,,,,,,,,,,,,,,,,,,,,,porta103,smitt105,,regular,3,4,WEG,PTC,,p,,,,1937
WEG193705220,PTC,WEG,PAT01,19370522,0,,day,,,false,,150,0,unknown,unknown,unknown,0,unknown,-1,,,,forbf901,washu901,,,,,direj101,morrb104,willw105,regular,1,2,WEG,PTC,y,both,y,y,d,1937
WEG193705230,PTC,WEG,NYC25,19370523,0,,day,,,false,,0,0,unknown,unknown,unknown,0,unknown,-1,,,,washu901,forbf901,,,,,byrdb101,smitt105,,regular,4,10,WEG,PTC,y,both,y,y,d,1937
PH5193705290,PTC,PH5,PHI17,19370529,0,,day,,,false,,0,0,unknown,unknown,unknown,0,unknown,-1,,,,harrm103,turnc101,,,,,smitt105,thoms105,,regular,6,5,PTC,PH5,y,both,y,y,d,1937
PTC193705301,PH5,PTC,BAL10,19370530,1,,,,,,,,,,,,,,,,,,,,,,,,overa101,harvb101,,regular,7,5,PH5,PTC,y,both,y,y,,1937
PTC193705302,PH5,PTC,BAL10,19370530,2,,,,,,,,,,,,,,,,,,,,,,,,yokel101,lewij104,,regular,8,4,PH5,PTC,y,both,,,,1937
PH5193705311,PTC,PH5,PHI17,19370531,1,,day,,,false,,0,0,unknown,unknown,unknown,0,unknown,-1,,,,washu901,forbf901,,,,,davir103,robes104,,regular,4,2,PTC,PH5,y,both,y,y,d,1937
PH5193705312,PTC,PH5,PHI17,19370531,2,,day,,,false,,105,0,unknown,unknown,unknown,0,unknown,-1,,,,forbf901,washu901,,,,,morrb104,ellir105,,regular,3,0,PTC,PH5,y,both,y,y,d,1937
PH5193706010,PTC,PH5,WIL04,19370601,0,,night,,,false,,0,0,unknown,unknown,unknown,0,unknown,-1,,,,,,,,,,duncs101,yokel101,,regular,11,9,PTC,PH5,y,both,y,y,d,1937
PTC193706050,HOM,PTC,PIT09,19370605,0,,day,,,false,,0,0,unknown,unknown,unknown,0,unknown,-1,,,,cockp101,craij901,,,,,browr103,smitt105,,regular,12,1,HOM,PTC,y,both,y,y,d,1937
PTC193706061,HOM,PTC,TOL05,19370606,1,,day,,,,,,,,,,,,,,,,,,,,,,,morrb104,,regular,12,5,HOM,PTC,,,,,,1937
PTC193706062,HOM,PTC,TOL05,19370606,2,,day,7,,,,,,,,,,,,,,,cockp101,daviu901,,,,,davir103,walke103,,regular,7,8,PTC,HOM,y,both,y,y,,1937
PTC193706070,HOM,PTC,AKR01,19370607,0,,night,,,,,,,,,,,,,,,,,,,,,,dulal101,stroj103,,regular,15,6,HOM,PTC,y,both,y,y,,1937
NY5193706120,PTC,NY5,LIC01,19370612,0,,day,9,,FALSE,,,3000,,,,,,,,,,craij901,,cockp101,,,,harvb101,stann101,,regular,11,8,PTC,NY5,y,both,y,y,,1937
NY5193706131,PTC,NY5,NYC25,19370613,1,,,,,,,,7000,,,,,,,,,,craij901,cockp101,,,,,,,,regular,6,8,NY5,PTC,y,both,,,,1937
NY5193706132,PTC,NY5,NYC25,19370613,2,,day,7,,false,,0,7000,unknown,unknown,unknown,0,unknown,-1,,,,cockp101,craij901,,,,,morrb104,barbb102,,regular,5,2,PTC,NY5,y,both,y,y,d,1937
NY5193706150,PTC,NY5,FRE01,19370615,0,,day,,,FALSE,,,,,,,,,,,,,,,,,,,,,,regular,9,10,NY5,PTC,,,,,,1937
PTC193706191,PH5,PTC,PIT09,19370619,1,,day,,,,,,,,,,,,,,,,,,,,,,robes104,davir103,thoms105,regular,17,16,PH5,PTC,y,both,,,,1937
PTC193706192,PH5,PTC,PIT09,19370619,2,,day,7,,false,,0,0,unknown,unknown,unknown,0,unknown,-1,,,,forbf901,washu901,,,,,missj102,cainm101,,regular,2,1,PH5,PTC,y,both,y,y,d,1937
PTC193706201,PH5,PTC,CLE06,19370620,1,,,,,,,,,,,,,,,,,,,,,,,,,,,regular,4,10,PTC,PH5,,,,,,1937
PTC193706202,PH5,PTC,CLE06,19370620,2,,,7,,,,,,,,,,,,,,,,,,,,,,,,regular,2,6,PTC,PH5,,,,,,1937
PTC193706220,WEG,PTC,CHA02,19370622,0,,night,,,false,,85,625,unknown,unknown,unknown,0,unknown,-1,,,,forbf901,washu901,,,,,willw105,lewij104,glovt101,regular,8,2,WEG,PTC,y,both,y,y,d,1937
PTC193706260,HOM,PTC,PIT09,19370626,0,,day,,,,,,,,,,,,,,,,washu901,forbf901,,,,,welmr101,smitt105,,regular,10,3,HOM,PTC,y,both,y,y,,1937
HOM193706271,PTC,HOM,CLE06,19370627,1,,day,,,false,,0,4500,unknown,unknown,unknown,0,unknown,-1,,,,forbf901,washu901,(none),hayeg901,,,walke103,morrb104,dulal101,regular,4,8,HOM,PTC,y,both,y,y,d,1937
HOM193706272,PTC,HOM,CLE06,19370627,2,,,7,,,,,4500,,,,,,,,,,washu901,forbf901,hayeg901,,,,parkt101,davir103,,regular,0,20,HOM,PTC,y,both,y,y,,1937
HOM193706280,PTC,HOM,DAY03,19370628,0,,night,9,,FALSE,,,2000,,,,,,,,,,,,,,,,dulal101,morrb104,,regular,3,18,HOM,PTC,y,,,,,1937
PTC193707040,HOM,PTC,PIT09,19370704,0,,day,,,,,,,,,,,,,,,,,,,,,,welmr101,harvb101,dulal101,regular,10,6,HOM,PTC,y,both,y,y,,1937
PTC193707051,HOM,PTC,PIT09,19370705,1,,day,,,false,,0,0,unknown,unknown,unknown,0,unknown,-1,,,,,,,,,,morrb104,parkt101,,regular,5,6,PTC,HOM,y,both,y,y,d,1937
PTC193707052,HOM,PTC,PIT09,19370705,2,,,,,,,,,,,,,,,,,,,,,,,,cainm101,walke103,,regular,3,6,PTC,HOM,y,both,,,,1937
HOM193707060,PTC,HOM,COL05,19370706,0,,night,9,,FALSE,,,1100,,,,,,,,,,,,,,,,,,,regular,2,9,HOM,PTC,y,both,,,,1937
HOM193707080,PTC,HOM,BUT01,19370708,0,,night,,,FALSE,,,,,,,,,,,,,,,,,,,browr103,,,regular,6,18,HOM,PTC,,,,,,1937
PTC193707111,NY5,PTC,CLE06,19370711,1,,day,,,false,,0,5300,unknown,unknown,unknown,0,unknown,-1,,,,harrb901,turnc101,(none),hayeg901,,,browb107,smitt105,,regular,3,2,NY5,PTC,y,both,y,y,d,1937
PTC193707112,NY5,PTC,CLE06,19370711,2,,day,7,,false,,0,5300,unknown,unknown,unknown,0,unknown,-1,,,,turnc101,harrb901,(none),hayeg901,,,stann101,cainm101,,regular,8,0,NY5,PTC,y,both,y,y,d,1937
PTC193707130,NY5,PTC,CHA02,19370713,0,5:25PM,night,8,,false,,0,0,unknown,unknown,unknown,0,unknown,-1,,,,,,,,,,barbb102,harvb101,,regular,7,6,NY5,PTC,y,both,y,y,d,1937
PH5193707150,PTC,PH5,YOR03,19370715,0,,night,,,false,,70,800,unknown,unknown,unknown,0,unknown,-1,,,,weicu901,strau902,,,,,missj102,davir103,,regular,0,2,PH5,PTC,y,both,y,y,d,1937
NW2193707170,PTC,NW2,PAT01,19370717,0,,day,,,false,,0,0,unknown,unknown,unknown,0,unknown,-1,,,,forbf901,crumj101,,,,,day-l101,cainm101,gainj102,regular,5,13,NW2,PTC,y,both,y,y,d,1937
NW2193707181,PTC,NW2,NWK04,19370718,1,,day,,,,,,,,,,,,,,,,,,,,,,,mcdut101,,regular,5,4,PTC,NW2,,,,,,1937
NW2193707182,PTC,NW2,NWK04,19370718,2,,day,7,,,,,,,,,,,,,,,,,,,,,,,,regular,5,8,NW2,PTC,,,,,,1937
NW2193707183,PTC,NW2,TRE01,19370718,3,,night,,,,,,,,,,,,,,,,,,,,,,,,,exhibition,4,13,NW2,PTC,,,,,,1937
NW2193707220,PTC,NW2,NWK04,19370722,0,,night,,,false,,0,0,unknown,unknown,unknown,0,unknown,-1,,,,,,,,,,mcdut101,davir103,,regular,3,6,NW2,PTC,y,both,y,y,d,1937
NY5193707240,PTC,NY5,PAT01,19370724,0,,day,,,false,,0,0,unknown,unknown,unknown,0,unknown,-1,,,,turnc101,harrm103,,,,,smitt105,kinch101,,regular,15,8,PTC,NY5,y,both,y,y,d,1937
PTC193707290,NW2,PTC,WNY02,19370729,0,,night,,,FALSE,,,2000,,,,,,,,,,,,,,,,cainm101,mcdut101,,regular,8,7,PTC,NW2,y,both,y,y,,1937
PH5193707310,PTC,PH5,PHI17,19370731,0,,,,,,,,,,,,,,,,,,,,,,,,morrb104,,,regular,6,2,PTC,PH5,,,,,,1937
PH5193708020,PTC,PH5,PHI17,19370802,0,,,9,,FALSE,,,,,,,,,,,,,,,,,,,ellir105,cainm101,,regular,7,10,PH5,PTC,,p,,,,1937
PTC193708081,NW2,PTC,CLE06,19370808,1,,,,,,,,4300,,,,,,,,,,,,,,,,,,,exhibition,7,3,NW2,PTC,,,,,,1937
PTC193708082,NW2,PTC,CLE06,19370808,2,,,7,,,,,4300,,,,,,,,,,,,,,,,,,,exhibition,1,7,PTC,NW2,,,,,,1937
NW2193708110,PTC,NW2,YOR03,19370811,0,,night,,,false,,120,500,unknown,unknown,unknown,0,unknown,-1,,,,strau902,weicu901,,,,,morrb104,wrigj105,,regular,6,1,PTC,NW2,y,both,y,y,d,1937
PH5193708140,PTC,PH5,PHI17,19370814,0,,night,,,,,,,,,,,,,,,,,,,,,,smitt105,lacep101,,regular,10,9,PTC,PH5,y,both,y,y,,1937
PH5193708151,PTC,PH5,NYC16,19370815,1,,,,,,,,5000,,,,,,,,,,,,,,,,,,,regular,5,0,PTC,PH5,,,,,,1937
WEG193708170,PTC,WEG,PGK01,19370817,0,,night,,,false,,145,3000,unknown,unknown,unknown,0,unknown,-1,,,,muelu901,sullu901,,,,,gainj102,cainm101,,regular,1,11,WEG,PTC,y,both,y,y,d,1937
NY5193708180,PTC,NY5,WNY02,19370818,0,,night,,,false,,0,3000,unknown,unknown,unknown,0,unknown,-1,,,,,,,,,,rectc101,harvb101,,regular,1,4,NY5,PTC,y,both,y,y,d,1937
HOM193708210,PTC,HOM,PIT09,19370821,0,,,,,,,,,,,,,,,,,,turnc101,harrm103,,,,,dulal101,lewij104,,regular,9,10,HOM,PTC,y,both,y,y,,1937
PH5193708291,PTC,PH5,BAL10,19370829,1,,day,,,false,,0,0,unknown,unknown,unknown,0,unknown,-1,,,,,,,,,,mcdow101,morrb104,,regular,1,2,PH5,PTC,y,both,y,y,d,1937
PH5193708292,PTC,PH5,BAL10,19370829,2,,day,7,,false,,0,0,unknown,unknown,unknown,0,unknown,-1,,,,,,,,,,missj102,davir103,ellir105,regular,3,4,PH5,PTC,y,both,y,y,d,1937
PH5193709010,PTC,PH5,CHE02,19370901,0,,night,7,,false,,0,0,unknown,unknown,unknown,0,unknown,-1,,,,watsu901,,,,,,missj102,duncs101,,regular,3,4,PH5,PTC,y,both,y,y,d,1937
PTC193709061,HOM,PTC,PIT09,19370906,1,,day,,,,,,,,,,,,,,,,harrb901,turnc101,,,,,browr103,davir103,,regular,8,3,HOM,PTC,y,both,y,y,,1937
PTC193709062,HOM,PTC,PIT09,19370906,2,,day,,,,,,,,,,,,,,,,turnc101,harrb901,,,,,dulal101,harvb101,,regular,13,3,HOM,PTC,,,,,,1937
PTC193804240,WBS,PTC,PIT09,19380424,0,,day,,,false,,0,1200,unknown,unknown,unknown,0,unknown,-1,,,,,,,,,,richh102,yokel101,harvb101,exhibition,4,7,PTC,WBS,y,both,y,y,d,1938
PTC193804300,HOM,PTC,PIT09,19380430,0,,,9,,FALSE,,,,,,,,,,,,,,,,,,,browr103,harvb101,,exhibition,10,5,HOM,PTC,y,both,y,y,,1938
PTC193805080,BLG,PTC,LOU05,19380508,0,,,,,,,,2500,,,,,,,,,,,,,,,,smitt105,grifb102,,exhibition,0,1,PTC,BLG,,,,,,1938
NW2193805150,PTC,NW2,NWK04,19380515,0,,day,,,false,,0,0,unknown,unknown,unknown,0,unknown,-1,,,,mccrf901,burgu901,,,,,mcdut101,smitt105,,regular,3,6,NW2,PTC,y,both,y,y,d,1938
NW2193805170,PTC,NW2,TRE01,19380517,0,,night,,,false,,0,0,unknown,unknown,unknown,0,unknown,-1,,,,,,,,,,morrb104,evanb105,,regular,1,0,PTC,NW2,y,both,y,y,d,1938
NW2193805190,PTC,NW2,NWK04,19380519,0,,day,,,false,,0,0,unknown,unknown,unknown,0,unknown,-1,,,,,,,,,,day-l101,matll101,,regular,0,1,NW2,PTC,y,both,y,y,d,1938
PTC193805210,BLG,PTC,PIT09,19380521,0,,day,,,false,,0,0,unknown,unknown,unknown,0,unknown,-1,,,,harrm103,harrb901,,,,,taylj108,grifb102,,regular,3,5,PTC,BLG,y,both,y,y,d,1938
PTC193805221,BLG,PTC,PIT09,19380522,1,2:30PM,day,,,false,,0,0,unknown,unknown,unknown,0,unknown,-1,,,,,,,,,,byrdb101,morrb104,,regular,4,3,BLG,PTC,y,both,y,y,d,1938
PTC193805222,BLG,PTC,PIT09,19380522,2,,day,7,,,,,,,,,,,,,,,,,,,,,matll101,direj101,,regular,2,6,PTC,BLG,,,,,,1938
PH5193805281,PTC,PH5,PHI17,19380528,1,,day,,,false,,140,0,unknown,unknown,unknown,0,unknown,-1,,,,cockp101,meicl901,,,,,brutj101,smitt105,mcdow101,regular,8,10,PH5,PTC,y,both,y,y,d,1938
PH5193805282,PTC,PH5,PHI17,19380528,2,,day,7,,false,,0,0,unknown,unknown,unknown,0,unknown,-1,,,,meicl901,cockp101,,,,,missj102,cainm101,,regular,4,5,PH5,PTC,y,both,y,y,d,1938
PH5193805301,PTC,PH5,PHI17,19380530,1,,day,,,false,,0,0,unknown,unknown,unknown,0,unknown,-1,,,,crumj101,cockp101,,,,,carts102,taylj108,,regular,3,4,PH5,PTC,y,both,y,y,d,1938
PH5193805302,PTC,PH5,PHI17,19380530,2,,day,,,false,,0,0,unknown,unknown,unknown,0,unknown,-1,,,,crumj101,cockp101,,,,,matll101,missj102,taylj108,regular,18,9,PTC,PH5,y,both,y,y,d,1938
PH5193806010,PTC,PH5,CHE01,19380601,0,,night,8,,false,,0,0,unknown,unknown,unknown,0,unknown,-1,,,,,,,,,,smitt105,lewij104,,regular,13,7,PTC,PH5,y,both,y,y,d,1938
BLG193806020,PTC,BLG,BAL14,19380602,0,,,9,,FALSE,,,,,,,,,,,,,,,,,,,taylj108,,,regular,9,5,PTC,BLG,,,,,,1938
PTC193806040,NY5,PTC,PIT09,19380604,0,,,,,,,,,,,,,,,,,,mccrf901,harrm103,,,,,morrb104,stann101,,regular,5,9,PTC,NY5,y,both,y,y,,1938
PTC193806051,NY5,PTC,CUM01,19380605,1,,,,,,,,750,,,,,,,,,,,,,,,,taylj108,browb107,,regular,5,10,PTC,NY5,y,both,,,,1938
PTC193806052,NY5,PTC,CUM01,19380605,2,,,7,,,,,750,,,,,,,,,,,,,,,,harvb101,hollb106,,regular,2,9,PTC,NY5,y,both,,,,1938
PTC193806060,NY5,PTC,PIT09,19380606,0,,day,,,false,,0,0,unknown,unknown,unknown,0,unknown,-1,,,,mccrf901,harrb901,,,,,kingc103,rectc101,,regular,9,17,PTC,NY5,y,both,y,y,d,1938
PTC193806070,NY5,PTC,CHA02,19380607,0,,night,,,false,,0,600,unknown,unknown,unknown,0,unknown,-1,,,,,,,,,,browb107,morrb104,,regular,6,5,NY5,PTC,y,both,y,y,d,1938
PTC193806130,PH5,PTC,MSN01,19380613,0,,night,,,false,,0,0,unknown,unknown,unknown,0,unknown,-1,,,,mccrf901,kovau901,,,,,taylj108,ellir105,,regular,4,8,PTC,PH5,y,both,y,y,d,1938
WBS193806191,PTC,WBS,WAS09,19380619,1,,,,,,,,,,,,,,,,,,mccrf901,lee-u901,,,,,harvb101,holml101,,regular,12,1,PTC,WBS,y,both,y,y,,1938
WBS193806192,PTC,WBS,WAS09,19380619,2,,,7,,,,,,,,,,,,,,,mccrf901,lee-u901,,,,,robes104,morrb104,,regular,1,9,WBS,PTC,y,both,y,y,,1938
PH5193806251,PTC,PH5,PHI17,19380625,1,,day,,,false,,0,0,unknown,unknown,unknown,0,unknown,-1,,,,craij901,cockp101,,,,,mcheh101,matll101,,regular,3,4,PH5,PTC,y,both,y,y,d,1938
PH5193806252,PTC,PH5,PHI17,19380625,2,,day,7,,false,,0,0,unknown,unknown,unknown,0,unknown,-1,,,,craij901,cockp101,,,,,harvb101,millh104,,regular,4,1,PTC,PH5,y,both,y,y,d,1938
NY5193806262,PTC,NY5,NYC16,19380626,2,,day,,,false,,100,20000,unknown,unknown,unknown,0,unknown,-1,,,,mccrf901,turnu901,devoj102,craij901,,,taylj108,stann101,,regular,5,3,PTC,NY5,y,both,y,y,d,1938
PH5193806300,PTC,PH5,PHI17,19380630,0,,,8,,FALSE,,,,,,,,,,,,,,,,,,,taylj108,mcdow101,,regular,7,4,PTC,PH5,y,both,,,,1938
PTC193807021,HOM,PTC,MSN01,19380702,1,,day,,,,,,1200,,,,,,,,,,,,,,,,partr102,smitt105,,regular,11,4,HOM,PTC,,,,,,1938
PTC193807022,HOM,PTC,GRE04,19380702,2,,night,,,,,,1200,,,,,,,,,,,,,,,,parkt101,cainm101,,regular,6,3,HOM,PTC,,,,,,1938
HOM193807031,PTC,HOM,CLE07,19380703,1,,,,,,,,,,,,,,,,,,harrm103,harrb901,,porth901,,,,,,regular,4,10,HOM,PTC,y,both,y,y,,1938
HOM193807032,PTC,HOM,CLE07,19380703,2,,,7,,,,,,,,,,,,,,,,,,,,,walke103,harvb101,,regular,0,6,HOM,PTC,y,both,y,y,,1938
PTC193807041,HOM,PTC,PIT09,19380704,1,,day,,,,,,4000,,,,,,,,,,harrm103,harrb901,,,,,browr103,matll101,,regular,8,4,HOM,PTC,y,both,y,y,,1938
PTC193807042,HOM,PTC,PIT09,19380704,2,,day,7,,,,,4000,,,,,,,,,,,,,,,,partr102,taylj108,,regular,7,3,HOM,PTC,Y,both,,,,1938
NY5193807090,PTC,NY5,PAT01,19380709,0,,day,,,false,,0,0,unknown,unknown,unknown,0,unknown,-1,,,,mccrf901,forbf901,,,,,harvb101,wiggr101,,regular,11,1,PTC,NY5,y,both,y,y,d,1938
NW2193807101,PTC,NW2,NWK04,19380710,1,,day,,,false,,0,0,unknown,unknown,unknown,0,unknown,-1,,,,mccrf901,curru902,,,,,taylj108,browj112,,regular,8,7,PTC,NW2,y,both,y,y,d,1938
NW2193807102,PTC,NW2,NWK04,19380710,2,,day,7,,false,,105,0,unknown,unknown,unknown,0,unknown,-1,,,,turnu901,,,,,,matll101,davir103,taylj108,regular,2,1,PTC,NW2,y,both,y,y,d,1938
PTC193807120,PH5,PTC,CLE07,19380712,0,,night,,,FALSE,,,,,,,,,,,,,,,,,,,,,,exhibition,4,5,PTC,PH5,,,,,,1938
PTC193807130,PH5,PTC,CHA02,19380713,0,,night,,,false,,0,600,unknown,unknown,unknown,0,unknown,-1,,,,,,,,,,mcheh101,mincp101,,regular,5,2,PH5,PTC,y,both,y,y,d,1938
PH5193807161,PTC,PH5,PHI17,19380716,1,,day,,,false,,0,0,unknown,unknown,unknown,0,unknown,-1,,,,,,,,,,smitt105,carts102,,regular,7,2,PTC,PH5,y,both,y,y,d,1938
PH5193807162,PTC,PH5,PHI17,19380716,2,,day,7,,false,,0,0,unknown,unknown,unknown,0,unknown,-1,,,,mccrf901,cockp101,,,,,brutj101,harvb101,,regular,3,8,PH5,PTC,y,both,y,y,d,1938
BLG193807171,PTC,BLG,BAL14,19380717,1,,,,,,,,,,,,,,,,,,,,,,,,taylj108,,,regular,8,5,PTC,BLG,,,,,,1938
BLG193807172,PTC,BLG,BAL14,19380717,2,,,7,,,,,,,,,,,,,,,,,,,,,,,,regular,0,4,BLG,PTC,,,,,,1938
NY5193807312,PTC,NY5,WAS09,19380731,2,,day,,,false,,125,10791,unknown,unknown,unknown,0,unknown,-1,,,,craij901,kempe101,lee-u901,mccrf901,,,taylj108,browb107,,regular,5,3,PTC,NY5,y,both,y,y,d,1938
PH5193808060,PTC,PH5,PHI17,19380806,0,,day,,,false,,0,0,unknown,unknown,unknown,0,unknown,-1,,,,,,,,,,mcdow101,smitt105,,regular,1,13,PH5,PTC,y,both,y,y,d,1938
PTC193808071,PH5,PTC,NYC29,19380807,1,,day,,,false,,0,8000,unknown,unknown,unknown,0,unknown,-1,,,,forbf901,mccrf901,craij901,winsu901,,,,,,regular,7,7,,,y,both,y,y,d,1938
BLG193808112,PTC,BLG,YOR03,19380811,2,,night,,,false,,0,500,unknown,unknown,unknown,0,unknown,-1,,,,,,,,,,porta103,morrb104,byrdb101,exhibition,3,4,BLG,PTC,y,both,y,y,d,1938
PTC193808111,BLG,PTC,LAN01,19380811,1,,,,,FALSE,,,,,,,,,,,,,,,,,,,,,,regular,0,1,PTC,BLG,,,,,,1938
PTC193808141,BLG,PTC,NYC29,19380814,1,,day,,,,,,15000,,,,,,,,,,,,,,,,byrdb101,matll101,,regular,9,1,BLG,PTC,y,both,,,,1938
PTC193808180,BLG,PTC,DAY03,19380818,0,,night,,,,,,800,,,,,,,,,,,,,,,,grifb102,morrb104,,regular,4,3,BLG,PTC,y,both,,,,1938
BLG193808211,PTC,BLG,WAS09,19380821,1,,day,,,false,,135,3500,unknown,unknown,unknown,0,unknown,-1,,,,kempe101,turnu901,(none),lee-u901,,,grifb102,harvb101,,exhibition,1,18,BLG,PTC,y,both,y,y,d,1938
BLG193808212,PTC,BLG,WAS09,19380821,2,,day,7,,false,,109,3500,unknown,unknown,unknown,0,unknown,-1,,,,turnu901,kempe101,(none),lee-u901,,,morrb104,byrdb101,,exhibition,5,2,PTC,BLG,y,both,y,y,d,1938
PTC193808230,BLG,PTC,LOU05,19380823,0,,night,,,,,,1600,,,,,,,,,,,,,,,,doneu102,carts102,,regular,0,4,PTC,BLG,,,,,,1938
BLG193808240,PTC,BLG,IND10,19380824,0,,night,,,,,,2100,,,,,,,,,,,,,,,,grifb102,taylj108,,exhibition,3,4,BLG,PTC,,,,,,1938
PTC193808250,BLG,PTC,COL05,19380825,0,,night,,,,,,,,,,,,,,,,,,,,,,matll101,byrdb101,,regular,4,5,PTC,BLG,,,,,,1938
HOM193808281,PTC,HOM,NWK04,19380828,1,,day,,,false,,0,10000,unknown,unknown,unknown,0,unknown,-1,,,,,,,,,,browr103,smitt105,,regular,6,8,HOM,PTC,y,both,y,y,d,1938
HOM193808283,PTC,HOM,RED01,19380828,3,,night,,,,,,1200,,,,,,,,,,stouu901,vogeu901,,,,,robes104,davir103,dulal101,exhibition,8,13,HOM,PTC,y,both,y,y,,1938
HOM193808290,PTC,HOM,PHI17,19380829,0,,night,9,,FALSE,,,,,,,,,,,,,,,,,,,parkt101,taylj108,,regular,5,10,HOM,PTC,,,,,,1938
HOM193809010,PTC,HOM,OLE01,19380901,0,,night,9,,FALSE,,,900,,,,,,,,,,,,,,,,,,,regular,5,8,HOM,PTC,y,,,,,1938
HOM193809041,PTC,HOM,COL05,19380904,1,,,,,,,,1500,,,,,,,,,,,,,,,,taylj108,browr103,,regular,12,8,PTC,HOM,y,both,,,,1938
PTC193809042,HOM,PTC,COL05,19380904,2,,,7,,,,,1500,,,,,,,,,,,,,,,,matll101,browr103,,regular,10,11,PTC,HOM,y,both,,,,1938
HOM193809070,PTC,HOM,BLU01,19380907,0,,night,,,,,,500,,,,,,,,,,,,,,,,,walke103,,exhibition,11,7,PTC,HOM,,,,,,1938
PH5193809080,PTC,PH5,PHI17,19380908,0,,night,,,false,,0,0,unknown,unknown,unknown,0,unknown,-1,,,,,,,,,,morrb104,mcdow101,,lcs,2,1,PTC,PH5,y,both,y,y,d,1938
PH5193809101,PTC,PH5,PHI17,19380910,1,,day,,,false,,0,0,unknown,unknown,unknown,0,unknown,-1,,,,mccrf901,,,,,,taylj108,ellir105,,lcs,10,5,PTC,PH5,y,both,y,y,d,1938
PH5193809102,PTC,PH5,PHI17,19380910,2,,day,,,false,,0,0,unknown,unknown,unknown,0,unknown,-1,,,,,mccrf901,,,,,mcheh101,matll101,,lcs,2,3,PH5,PTC,y,both,y,y,d,1938
BLG193809110,PTC,BLG,BAL10,19380911,0,,day,,,false,,0,0,unknown,unknown,unknown,0,unknown,-1,,,,,,,,,,porta103,smitt105,,lcs,1,10,BLG,PTC,y,both,y,y,d,1938
PH5193809130,PTC,PH5,PHI17,19380913,0,,,,,,,,,,,,,,,,,,,,,,,,carts102,matll101,,championship,8,12,PH5,PTC,,,,,,1938
