gid,team,inn1,inn2,inn3,inn4,inn5,inn6,inn7,inn8,inn9,inn10,inn11,inn12,inn13,inn14,inn15,inn16,inn17,inn18,inn19,inn20,inn21,inn22,inn23,inn24,inn25,inn26,inn27,inn28,lob,mgr,stattype,b_pa,b_ab,b_r,b_h,b_d,b_t,b_hr,b_rbi,b_sh,b_sf,b_hbp,b_w,b_iw,b_k,b_sb,b_cs,b_gdp,b_xi,b_roe,p_ipouts,p_noout,p_bfp,p_h,p_d,p_t,p_hr,p_r,p_er,p_w,p_iw,p_k,p_hbp,p_wp,p_bk,p_sh,p_sf,p_sb,p_cs,p_pb,d_po,d_a,d_e,d_dp,d_tp,d_pb,d_wp,d_sb,d_cs,start_l1,start_l2,start_l3,start_l4,start_l5,start_l6,start_l7,start_l8,start_l9,start_f1,start_f2,start_f3,start_f4,start_f5,start_f6,start_f7,start_f8,start_f9,start_f10,date,number,site,vishome,opp,win,loss,tie,gametype,box,pbp
PRG192510240,PIR,2,0,1,0,3,0,0,0,1,,,,,,,,,,,,,,,,,,,,8,pirrj101,value,42,38,7,13,3,0,1,7,0,1,0,3,0,11,1,1,1,0,2,27,0,40,9,1,0,2,3,3,7,0,9,0,0,0,0,0,0,0,0,27,8,0,1,0,0,0,0,0,statj101,murrb101,cox-d101,hermb102,hanef101,mcmuh101,bassj102,smitr107,mcgrb101,mcgrb101,bassj102,hermb102,smitr107,hanef101,murrb101,mcmuh101,statj101,cox-d101,,19251024,0,LOS05,v,PRG,1,0,0,exhibition,y,y
PRG192510240,PRG,0,0,0,1,0,0,0,0,2,,,,,,,,,,,,,,,,,,,,10,goodl801,value,40,33,3,9,1,0,2,3,0,0,0,7,0,9,0,0,1,0,0,27,0,42,13,3,0,1,7,6,3,0,11,0,0,0,0,1,1,1,0,27,10,2,1,0,0,0,1,1,hollc103,day-c102,carrg101,mackb102,dixor101,hudsr102,britg103,hubbj101,currr101,currr101,mackb102,hudsr102,day-c102,carrg101,britg103,hollc103,dixor101,hubbj101,,19251024,0,LOS05,h,PIR,0,1,0,exhibition,y,y
PRG192510250,PIR,2,0,0,0,0,0,1,0,0,,,,,,,,,,,,,,,,,,,,10,pirrj101,value,40,38,3,11,2,0,0,3,0,0,1,1,0,2,0,0,0,0,1,24,0,37,10,3,0,1,7,7,2,0,5,1,1,0,1,0,1,0,0,24,14,1,0,0,0,1,1,0,statj101,murrb101,cox-d101,hermb102,hanef101,mcmuh101,bassj102,smitr107,oldhr101,oldhr101,bassj102,hermb102,smitr107,hanef101,murrb101,mcmuh101,statj101,cox-d101,,19251025,0,LOS05,v,PRG,0,1,0,exhibition,y,y
PRG192510250,PRG,0,1,2,0,1,0,0,3,,,,,,,,,,,,,,,,,,,,,6,goodl801,value,37,33,7,10,3,0,1,7,1,0,1,2,0,5,1,0,0,0,0,27,0,40,11,2,0,0,3,3,1,0,2,1,0,0,0,0,0,0,0,27,9,2,1,0,0,0,0,0,hollc103,day-c102,carrg101,mackb102,dixor101,pullo101,hudsr102,britg103,hubbj101,hubbj101,pullo101,hudsr102,day-c102,mackb102,britg103,carrg101,dixor101,hollc103,,19251025,0,LOS05,h,PIR,1,0,0,exhibition,y,y
PRG192510310,PIR,0,0,0,0,1,1,2,0,5,,,,,,,,,,,,,,,,,,,,10,pirrj101,value,46,40,9,15,4,0,2,9,1,1,1,3,0,4,2,0,3,0,3,27,0,44,10,1,0,0,5,5,8,0,5,0,0,0,1,0,2,1,0,27,9,0,0,0,0,0,2,1,statj101,murrb101,cox-d101,hermb102,hanef101,mcmuh101,bassj102,smitr107,oldhr101,oldhr101,bassj102,hermb102,smitr107,hanef101,murrb101,mcmuh101,statj101,cox-d101,,19251031,0,LOS05,v,PRG,1,0,0,exhibition,y,d
PRG192510310,PRG,0,0,0,0,4,0,0,0,1,,,,,,,,,,,,,,,,,,,,12,goodl801,value,44,35,5,10,1,0,0,5,1,0,0,8,0,5,2,1,0,0,0,27,0,46,15,4,0,2,9,8,3,0,4,1,0,0,1,1,2,0,0,27,10,4,3,0,0,0,2,0,hollc103,day-c102,carrg101,mackb102,dixor101,pullo101,hudsr102,britg103,hubbj101,hubbj101,pullo101,hudsr102,day-c102,mackb102,britg103,carrg101,dixor101,hollc103,,19251031,0,LOS05,h,PIR,0,1,0,exhibition,y,d
PRG192511010,PIR,0,2,0,0,3,0,0,0,2,,,,,,,,,,,,,,,,,,,,6,pirrj101,value,40,34,7,10,1,0,0,6,1,0,0,5,0,5,0,3,0,0,3,27,0,43,14,1,1,1,7,6,4,0,3,1,0,0,1,0,0,3,0,27,6,1,0,0,0,0,0,3,statj101,murrb101,cox-d101,hermb102,raded104,pirrj101,mcmuh101,sawyc101,pierb103,pierb103,mcmuh101,hermb102,sawyc101,raded104,murrb101,pirrj101,statj101,cox-d101,,19251101,0,LOS05,v,PRG,0,0,1,exhibition,y,y
PRG192511010,PRG,0,0,3,0,0,0,0,0,4,,,,,,,,,,,,,,,,,,,,9,goodl801,value,43,37,7,14,1,1,1,7,1,0,1,4,0,3,0,3,0,0,1,27,0,40,10,1,0,0,7,4,5,0,5,0,1,0,1,0,0,3,0,27,14,3,0,0,0,1,0,3,hollc103,day-c102,carrg101,mackb102,dixor101,rogab101,hudsr102,pullo101,britg103,britg103,pullo101,hudsr102,day-c102,carrg101,mackb102,rogab101,dixor101,hollc103,,19251101,0,LOS05,h,PIR,0,0,1,exhibition,y,y
PRG192511140,PIR,0,0,0,2,0,2,1,0,0,,,,,,,,,,,,,,,,,,,,10,pirrj101,value,42,38,5,10,2,0,1,4,0,0,0,4,0,6,0,0,2,0,3,24,0,36,15,4,0,1,8,8,0,0,5,0,0,0,0,1,1,1,0,24,13,4,2,0,0,0,1,1,statj101,murrb101,cox-d101,hermb102,mcmuh101,raded104,smitr107,cookl101,dellw101,dellw101,cookl101,hermb102,smitr107,raded104,murrb101,mcmuh101,statj101,cox-d101,,19251114,0,LOS05,v,PRG,0,1,0,exhibition,y,d
PRG192511140,PRG,2,0,1,0,4,1,0,0,,,,,,,,,,,,,,,,,,,,,4,goodl801,value,36,35,8,15,4,0,1,8,0,1,0,0,0,5,1,1,2,0,0,27,0,42,10,2,0,1,5,4,4,0,6,0,0,0,0,0,0,0,0,27,9,4,2,0,0,0,0,0,hollc103,day-c102,hudsr102,mackb102,dixor101,rogab101,pullo101,carrg101,britg103,britg103,pullo101,hudsr102,day-c102,carrg101,mackb102,dixor101,rogab101,hollc103,,19251114,0,LOS05,h,PIR,1,0,0,exhibition,y,d
PRG192511150,PIR,0,0,0,2,2,0,0,0,0,,,,,,,,,,,,,,,,,,,,6,pirrj101,value,37,29,4,3,1,0,1,3,0,0,0,8,0,3,0,0,3,0,2,24,0,36,8,3,0,1,7,6,5,0,3,0,1,0,0,0,1,2,0,24,13,3,0,0,0,1,1,2,statj101,murrb101,cox-d101,hermb102,mcmuh101,raded104,smitr107,cookl101,pierb103,pierb103,cookl101,hermb102,smitr107,raded104,murrb101,mcmuh101,statj101,cox-d101,,19251115,0,LOS05,v,PRG,0,1,0,exhibition,y,y
PRG192511150,PRG,0,0,1,4,0,1,1,0,,,,,,,,,,,,,,,,,,,,,5,goodl801,value,36,31,7,8,3,0,1,6,0,0,0,5,0,3,1,2,0,0,1,27,0,37,3,1,0,1,4,2,8,0,3,0,0,0,0,0,0,0,0,27,15,2,3,0,0,0,0,0,hollc103,day-c102,hudsr102,mackb102,dixor101,rogab101,carrg101,pullo101,allen102,rogab101,pullo101,hudsr102,day-c102,mackb102,allen102,hollc103,dixor101,carrg101,,19251115,0,LOS05,h,PIR,1,0,0,exhibition,y,y
PRG192511280,PIR,2,0,0,0,0,1,1,0,0,,,,,,,,,,,,,,,,,,,,6,pirrj101,value,37,34,4,11,3,0,0,4,2,0,0,1,0,0,1,1,0,0,0,24,0,36,11,3,0,2,6,5,3,1,8,0,0,0,0,0,1,2,0,24,10,2,0,0,0,0,1,2,murrb101,stenc101,cox-d101,hawkc101,hermb102,johne102,smitr107,mcmuh101,haidh101,haidh101,mcmuh101,hermb102,johne102,smitr107,murrb101,hawkc101,cox-d101,stenc101,,19251128,0,LOS05,v,PRG,0,1,0,exhibition,y,d
PRG192511280,PRG,0,0,0,2,1,1,2,0,,,,,,,,,,,,,,,,,,,,,6,goodl801,value,36,33,6,11,3,0,2,5,0,0,0,3,1,8,1,2,0,0,1,27,0,37,11,3,0,0,4,4,1,0,0,0,0,0,2,0,1,1,0,27,12,0,0,0,0,0,1,1,hollc103,allen102,carrg101,mackb102,hudsr102,dixor101,day-c102,pullo101,britg103,britg103,pullo101,hudsr102,day-c102,mackb102,allen102,hollc103,dixor101,carrg101,,19251128,0,LOS05,h,PIR,1,0,0,exhibition,y,d
PRG192511290,PIR,1,0,0,0,0,2,0,1,0,,,,,,,,,,,,,,,,,,,,5,pirrj101,value,36,32,4,7,0,0,0,2,1,0,0,3,0,5,1,0,0,0,1,27,0,34,6,2,0,0,3,3,2,0,2,0,0,0,0,0,0,0,0,27,9,0,1,0,0,0,0,0,murrb101,stenc101,cox-d101,hawkc101,hermb102,johne102,raded104,cookl101,ludow101,ludow101,cookl101,hermb102,johne102,raded104,murrb101,hawkc101,cox-d101,stenc101,,19251129,0,LOS05,v,PRG,1,0,0,exhibition,y,y
PRG192511290,PRG,0,0,2,0,0,0,0,1,0,,,,,,,,,,,,,,,,,,,,4,goodl801,value,34,32,3,6,2,0,0,3,0,0,0,2,0,2,0,0,1,0,0,27,0,36,7,0,0,0,4,1,3,0,5,0,0,0,1,0,1,0,0,27,18,3,0,0,0,0,1,0,hubbj101,allen102,carrg101,hollc103,rogab101,day-c102,dixor101,hudsr102,pullo101,rogab101,pullo101,hudsr102,day-c102,carrg101,allen102,hollc103,dixor101,hubbj101,,19251129,0,LOS05,h,PIR,0,1,0,exhibition,y,y
PRG192512120,PIR,0,0,0,0,0,0,0,0,0,,,,,,,,,,,,,,,,,,,,2,pirrj101,value,29,28,0,4,1,0,0,0,0,0,0,1,0,8,0,0,1,0,0,24,0,38,9,1,0,0,4,2,2,1,9,2,2,0,1,0,2,0,0,24,6,3,0,0,0,2,2,0,murrb101,stenc101,cox-d101,hawkc101,hermb102,niehb101,raded104,cookl101,pierb103,pierb103,cookl101,hermb102,niehb101,raded104,murrb101,hawkc101,cox-d101,stenc101,,19251212,0,LOS05,v,PRG,0,1,0,exhibition,y,d
PRG192512120,PRG,0,0,0,2,0,0,2,0,,,,,,,,,,,,,,,,,,,,,10,goodl801,value,38,33,4,9,1,0,0,3,1,0,2,2,1,9,2,0,0,0,2,27,0,29,4,1,0,0,0,0,1,0,8,0,0,0,0,0,0,0,0,27,11,1,3,0,0,0,0,0,hollc103,allen102,carrg101,mackb102,rogab101,dixor101,pullo101,hudsr102,britg103,britg103,pullo101,hudsr102,allen102,carrg101,mackb102,dixor101,hollc103,rogab101,,19251212,0,LOS05,h,PIR,1,0,0,exhibition,y,d
PRG192512130,PIR,1,0,0,0,0,0,0,0,0,,,,,,,,,,,,,,,,,,,,8,pirrj101,value,36,30,1,3,1,0,0,1,1,0,0,5,2,7,0,0,0,0,1,24,0,33,8,0,0,1,4,4,1,0,2,0,0,0,1,0,1,0,0,24,12,0,0,0,0,0,1,0,cox-d101,murrb101,hawkc101,stenc101,hermb102,niehb101,raded104,mcmuh101,haidh101,haidh101,mcmuh101,hermb102,niehb101,raded104,murrb101,hawkc101,cox-d101,stenc101,,19251213,0,LOS05,v,PRG,0,1,0,exhibition,y,y
PRG192512130,PRG,0,0,0,0,0,0,4,0,,,,,,,,,,,,,,,,,,,,,5,goodl801,value,33,31,4,8,0,0,1,4,1,0,0,1,0,2,1,0,0,0,0,27,0,36,3,1,0,0,1,1,5,2,7,0,0,0,1,0,0,0,0,27,15,1,0,0,0,0,0,0,hollc103,allen102,carrg101,mackb102,rogab101,dixor101,hubbj101,pullo101,hudsr102,rogab101,pullo101,hudsr102,allen102,carrg101,mackb102,dixor101,hollc103,hubbj101,,19251213,0,LOS05,h,PIR,1,0,0,exhibition,y,y
PRG192512250,PIR,1,0,1,0,0,0,0,0,0,0,0,,,,,,,,,,,,,,,,,,10,pirrj101,value,45,40,2,7,3,0,0,2,0,0,0,5,0,7,0,0,1,0,3,33,0,43,4,0,0,0,2,0,6,0,9,0,0,0,2,0,1,1,0,33,15,2,0,0,0,0,1,1,murrb101,pirrj101,hawkc101,stenc101,niehb101,hermb102,raded104,mcmuh101,haidh101,haidh101,mcmuh101,hermb102,niehb101,raded104,murrb101,hawkc101,pirrj101,stenc101,,19251225,0,LOS05,v,PRG,0,0,1,exhibition,y,d
PRG192512250,PRG,0,0,0,0,0,0,2,0,0,0,0,,,,,,,,,,,,,,,,,,8,goodl801,value,43,35,2,4,0,0,0,0,2,0,0,6,0,9,1,1,0,0,1,33,0,45,7,3,0,0,2,2,5,0,7,0,0,0,0,0,0,0,0,33,19,4,1,0,0,0,0,0,hollc103,allen102,carrg101,mackb102,pullo101,rogab101,dixor101,day-c102,britg103,britg103,pullo101,carrg101,allen102,day-c102,mackb102,dixor101,hollc103,rogab101,,19251225,0,LOS05,h,PIR,0,0,1,exhibition,y,d
PRG192512260,PIR,0,1,0,0,0,0,0,0,2,,,,,,,,,,,,,,,,,,,,13,pirrj101,value,43,36,3,9,0,0,0,3,0,1,0,6,0,7,0,0,2,0,3,24,0,33,8,1,1,0,4,0,1,0,6,0,0,0,0,1,1,0,0,24,12,3,1,0,0,0,1,0,cox-d101,murrb101,hawkc101,stenc101,niehb101,hermb102,raded104,mcmuh101,dellw101,dellw101,mcmuh101,hermb102,niehb101,raded104,murrb101,hawkc101,cox-d101,stenc101,,19251226,0,LOS05,v,PRG,0,1,0,exhibition,y,d
PRG192512260,PRG,4,0,0,0,0,0,0,0,,,,,,,,,,,,,,,,,,,,,5,goodl801,value,33,31,4,8,1,1,0,4,0,1,0,1,0,6,1,0,1,0,2,27,0,43,9,0,0,0,3,3,6,0,7,0,0,0,0,1,0,0,0,27,7,2,2,0,0,0,0,0,hollc103,allen102,carrg101,mackb102,pullo101,rogab101,dixor101,day-c102,currr101,currr101,pullo101,carrg101,allen102,day-c102,mackb102,dixor101,hollc103,rogab101,,19251226,0,LOS05,h,PIR,1,0,0,exhibition,y,d
PRG192512270,PIR,0,0,0,1,0,0,0,1,0,,,,,,,,,,,,,,,,,,,,2,pirrj101,value,31,29,2,8,1,0,0,2,1,0,0,1,0,7,1,3,1,0,0,24,0,36,6,0,0,1,4,2,4,0,4,2,0,0,1,0,1,0,0,24,6,2,2,0,0,0,1,0,cox-d101,murrb101,hawkc101,stenc101,niehb101,hermb102,raded104,cookl101,pierb103,pierb103,cookl101,hermb102,niehb101,raded104,murrb101,hawkc101,cox-d101,stenc101,,19251227,0,LOS05,v,PRG,0,1,0,exhibition,y,d
PRG192512270,PRG,0,1,0,0,2,0,0,1,,,,,,,,,,,,,,,,,,,,,8,goodl801,value,36,29,4,6,0,0,1,4,1,0,2,4,0,4,1,0,1,0,2,27,0,31,8,1,0,0,2,2,1,0,7,0,0,0,1,0,1,3,0,27,12,0,2,0,0,0,1,3,hollc103,allen102,carrg101,mackb102,pullo101,rogab101,dixor101,day-c102,hubbj101,rogab101,pullo101,carrg101,allen102,day-c102,mackb102,dixor101,hollc103,hubbj101,,19251227,0,LOS05,h,PIR,1,0,0,exhibition,y,d
PRG192601160,PIR,0,0,0,0,0,0,1,1,0,,,,,,,,,,,,,,,,,,,,6,pirrj101,value,35,31,2,7,1,0,1,2,1,0,0,3,0,0,1,1,2,0,1,24,0,33,11,2,0,2,4,4,1,0,0,0,0,0,0,0,2,2,0,24,1,2,1,0,0,0,2,2,murrb101,pirrj101,hawkc101,cox-d101,hermb102,sawyc101,mcmuh101,raded104,dellw101,dellw101,mcmuh101,hawkc101,sawyc101,raded104,murrb101,pirrj101,cox-d101,hermb102,,19260116,0,LOS05,v,PRG,0,1,0,exhibition,y,d
PRG192601160,PRG,0,0,2,0,2,0,0,0,,,,,,,,,,,,,,,,,,,,,5,goodl801,value,33,32,4,11,2,0,2,4,0,0,0,1,0,0,2,2,0,0,0,27,0,35,7,1,0,1,2,2,3,0,0,0,0,0,1,0,1,1,0,27,3,0,2,0,0,0,1,1,hollc103,allen102,hubbj101,mackb102,pullo101,dixor101,day-c102,hudsr102,currr101,currr101,pullo101,hudsr102,allen102,day-c102,mackb102,dixor101,hollc103,hubbj101,,19260116,0,LOS05,h,PIR,1,0,0,exhibition,y,d
PRG192601170,PIR,0,0,0,2,0,2,0,1,2,0,0,0,,,,,,,,,,,,,,,,,8,pirrj101,value,51,46,7,9,2,0,0,5,0,1,1,3,1,9,1,0,1,0,4,34,0,56,12,4,0,0,8,7,8,2,3,2,0,0,0,0,1,0,0,34,12,4,2,0,0,0,1,0,murrb101,raded104,hawkc101,stenc101,cox-d101,hermb102,sawyc101,cookl101,pierb103,pierb103,cookl101,hawkc101,sawyc101,raded104,murrb101,stenc101,cox-d101,hermb102,,19260117,0,LOS05,v,PRG,0,1,0,exhibition,y,y
PRG192601170,PRG,1,0,0,3,0,0,1,2,0,0,0,1,,,,,,,,,,,,,,,,,14,goodl801,value,56,46,8,12,4,0,0,7,0,0,2,8,2,3,1,0,2,0,2,36,0,51,9,2,0,0,7,3,3,1,9,1,0,0,0,1,1,0,1,36,12,3,1,0,1,0,1,0,hollc103,allen102,carrg101,mackb102,pullo101,hubbj101,rogab101,dixor101,day-c102,rogab101,pullo101,carrg101,allen102,day-c102,mackb102,dixor101,hollc103,hubbj101,,19260117,0,LOS05,h,PIR,1,0,0,exhibition,y,y
PRG192610230,PIR,,,,,,,,,,,,,,,,,,,,,,,,,,,,,,pirrj101,value,,,0,,,,,0,,,,,,,,,,,,24,,,2,1,,1,9,,,,,,,,,,,,,24,,0,,0,,,,,,,,,,,,,,oldhr101,,,,,,,,,,19261023,0,LOS05,v,PRG,0,1,0,exhibition,,
PRG192610230,PRG,,,,,,,,,,,,,,,,,,,,,,,,,,,,,,goodl801,value,,,9,2,1,,1,5,,,,,,,,,,,,27,,,,,,,0,0,,,,,,,,,,,,27,,0,,0,,,,,,,,,,,,,,harng101,,,,,,,,,,19261023,0,LOS05,h,PIR,1,0,0,exhibition,,
PRG192610240,PIR,0,0,1,0,0,0,0,0,0,,,,,,,,,,,,,,,,,,,,9,pirrj101,value,37,36,1,9,3,0,1,,0,,0,1,,7,0,,,,,24,,38,17,3,0,0,9,0,4,,1,0,0,0,2,,2,,1,24,16,1,5,0,1,0,2,,hanef101,murrb101,meusb101,hermb102,meusi101,hawkc101,rawlj101,bassj102,koupl101,koupl101,bassj102,hermb102,rawlj101,hanef101,murrb101,meusb101,hawkc101,meusi101,,19261024,0,LOS05,v,PRG,0,1,0,exhibition,y,
PRG192610240,PRG,0,2,0,5,2,0,0,0,,,,,,,,,,,,,,,,,,,,,5,goodl801,value,38,32,9,17,3,0,0,,2,,0,4,,1,2,,,,,27,,37,9,3,0,1,1,0,1,,7,0,0,0,0,,0,,1,27,12,0,0,0,1,0,0,,hollc103,wellw101,mackb102,steat101,dixor101,mothd101,josen101,duncf102,rogab101,rogab101,duncf102,mothd101,mackb102,josen101,wellw101,dixor101,steat101,hollc103,,19261024,0,LOS05,h,PIR,1,0,0,exhibition,y,
PRG192611130,PIR,0,0,0,1,0,0,0,0,0,,,,,,,,,,,,,,,,,,,,8,pirrj101,value,36,32,1,5,1,0,0,,0,,0,4,,2,0,,,,,24,,28,3,1,0,1,2,0,1,,1,0,0,0,0,,1,,0,24,12,0,0,0,0,0,1,,murrb101,rawlj101,meusi101,picke101,fonsl101,hawkc101,bodip101,thomp101,koupl101,koupl101,thomp101,hawkc101,rawlj101,fonsl101,murrb101,bodip101,picke101,meusi101,,19261113,0,LOS05,v,PRG,0,1,0,exhibition,y,
PRG192611130,PRG,0,0,0,0,0,0,2,0,,,,,,,,,,,,,,,,,,,,,2,goodl801,value,28,27,2,3,1,0,1,,0,,0,1,,1,1,,,,,27,,36,5,1,0,0,1,0,4,,2,0,0,0,0,,0,,0,27,14,1,1,0,0,0,0,,hollc103,allen102,steat101,mackb102,dixor101,pullo101,mothd101,wellw101,harng101,harng101,pullo101,mothd101,allen102,mackb102,wellw101,dixor101,steat101,hollc103,,19261113,0,LOS05,h,PIR,1,0,0,exhibition,y,
PRG192611140,PIR,2,1,2,3,0,0,1,0,0,,,,,,,,,,,,,,,,,,,,8,pirrj101,value,44,41,9,16,5,0,1,,1,,0,2,,11,1,,,,,24,,46,16,2,1,0,14,0,3,,1,1,0,0,2,,0,,0,24,12,6,1,0,0,0,0,,murrb101,rawlj101,hawkc101,meusi101,fonsl101,picke101,bodip101,mcmuh101,ludow101,ludow101,mcmuh101,hawkc101,rawlj101,fonsl101,murrb101,bodip101,picke101,meusi101,,19261114,0,LOS05,v,PRG,0,1,0,exhibition,y,
PRG192611140,PRG,2,0,0,2,1,0,4,5,,,,,,,,,,,,,,,,,,,,,8,goodl801,value,46,40,14,16,2,1,0,,2,,1,3,,1,0,,,,,27,,44,16,5,0,1,9,0,2,,11,0,0,0,1,,1,,0,27,12,2,0,0,0,0,1,,hollc103,allen102,steat101,mackb102,dixor101,pullo101,mothd101,wellw101,rogab101,rogab101,pullo101,mothd101,allen102,mackb102,wellw101,dixor101,steat101,hollc103,,19261114,0,LOS05,h,PIR,1,0,0,exhibition,y,
PRG192612051,PIR,0,0,0,0,0,0,0,0,0,,,,,,,,,,,,,,,,,,,,7,pirrj101,value,34,34,0,6,1,0,0,,0,,0,0,,3,0,,,,,24,,32,8,2,0,0,2,0,0,,9,0,0,0,1,,2,,0,24,11,2,1,0,0,0,2,,murrb101,picke101,hawkc101,fonsl101,meusi101,bodip101,rawlj101,mcmuh101,wilkr101,wilkr101,mcmuh101,hawkc101,rawlj101,fonsl101,murrb101,bodip101,picke101,meusi101,,19261205,1,LOS05,v,PRG,0,1,0,exhibition,y,
PRG192612051,PRG,0,1,1,0,0,0,0,0,,,,,,,,,,,,,,,,,,,,,6,goodl801,value,32,31,2,8,2,0,0,,1,,0,0,,9,2,,,,,27,,34,6,1,0,0,0,0,0,,3,0,0,0,0,,0,,0,27,13,1,0,0,0,0,0,,hollc103,allen102,mackb102,dixor101,rogab101,mothd101,wellw101,duncf102,harng101,harng101,duncf102,mothd101,allen102,mackb102,wellw101,dixor101,hollc103,rogab101,,19261205,1,LOS05,h,PIR,1,0,0,exhibition,y,
PRG192612052,PIR,1,2,0,1,0,0,0,,,,,,,,,,,,,,,,,,,,,,4,pirrj101,value,29,28,4,11,5,0,0,,1,,0,0,,1,0,,,,,21,,28,5,3,0,0,0,0,2,,3,0,0,0,2,,0,,0,21,6,1,1,0,0,0,0,,murrb101,picke101,hawkc101,fonsl101,meusi101,bodip101,rawlj101,mcmuh101,koupl101,koupl101,mcmuh101,hawkc101,rawlj101,fonsl101,murrb101,bodip101,picke101,meusi101,,19261205,2,LOS05,v,PRG,1,0,0,exhibition,y,
PRG192612052,PRG,0,0,0,0,0,0,0,,,,,,,,,,,,,,,,,,,,,,7,goodl801,value,28,24,0,5,3,0,0,,2,,0,2,,3,0,,,,,21,,29,11,5,0,0,4,0,0,,1,0,0,1,1,,0,,0,21,11,2,2,0,0,0,0,,hollc103,allen102,mackb102,dixor101,rogab101,mothd101,wellw101,duncf102,harng101,harng101,duncf102,mothd101,allen102,mackb102,wellw101,dixor101,hollc103,duncf102,,19261205,2,LOS05,h,PIR,0,1,0,exhibition,y,
PRG192612190,PIR,0,3,0,0,0,0,0,0,0,0,0,,,,,,,,,,,,,,,,,,5,pirrj101,value,41,38,3,9,0,0,1,,0,,0,3,,6,0,,,,,32,,45,7,1,0,1,4,0,8,,3,1,0,1,2,,2,,0,32,15,1,0,0,0,0,2,,murrb101,picke101,hawkc101,fonsl101,huffi101,bodip101,rawlj101,mcmuh101,ludow101,ludow101,mcmuh101,hawkc101,rawlj101,huffi101,murrb101,bodip101,picke101,huffi101,,19261219,0,LOS05,v,PRG,0,1,0,exhibition,y,
PRG192612190,PRG,0,1,0,0,0,0,1,1,0,0,1,,,,,,,,,,,,,,,,,,9,goodl801,value,45,34,4,7,1,0,1,,2,,1,8,,3,2,,,,,33,,41,9,0,0,1,3,0,3,,6,0,0,0,0,,0,,0,33,13,0,0,0,0,0,0,,mothd101,josen101,steat101,dixor101,hollc103,wellw101,allen102,duncf102,harng101,harng101,duncf102,mothd101,allen102,josen101,wellw101,dixor101,steat101,hollc103,,19261219,0,LOS05,h,PIR,1,0,0,exhibition,y,
PRG192612250,PIR,1,0,0,1,0,0,0,2,0,0,2,0,,,,,,,,,,,,,,,,,6,pirrj101,value,48,46,6,9,2,0,1,,1,,0,1,,5,1,,,,,36,,53,18,4,0,0,6,0,4,,19,0,0,0,0,,2,,0,36,13,3,0,0,0,0,2,,murrb101,picke101,hawkc101,meusi101,sawyc101,bodip101,rawlj101,mcmuh101,wilkr101,wilkr101,mcmuh101,hawkc101,rawlj101,sawyc101,murrb101,bodip101,picke101,meusi101,,19261225,0,LOS05,v,PRG,0,0,1,exhibition,y,
PRG192612250,PRG,0,0,0,0,0,4,0,0,0,0,2,0,,,,,,,,,,,,,,,,,11,goodl801,value,53,49,6,18,4,0,0,,0,,0,4,,19,2,,,,,36,,48,9,2,0,1,6,0,1,,5,0,0,0,1,,1,,0,36,18,2,0,0,0,0,1,,mothd101,josen101,steat101,dixor101,hollc103,wellw101,allen102,duncf102,coopa101,coopa101,duncf102,mothd101,allen102,josen101,wellw101,dixor101,steat101,hollc103,,19261225,0,LOS05,h,PIR,0,0,1,exhibition,y,
PRG192612260,PIR,0,0,0,0,0,0,0,0,0,,,,,,,,,,,,,,,,,,,,3,pirrj101,value,30,29,0,5,0,0,0,0,0,,0,1,,7,0,,,,,24,,34,8,0,0,0,2,2,3,,6,0,0,0,0,,0,,0,24,9,0,0,0,0,0,0,,murrb101,picke101,hawkc101,meusi101,huffi101,bodip101,rawlj101,mcmuh101,ludow101,ludow101,mcmuh101,hawkc101,rawlj101,huffi101,murrb101,bodip101,picke101,meusi101,,19261226,0,LOS05,v,PRG,0,1,0,exhibition,y,
PRG192612260,PRG,0,0,1,0,0,0,1,0,,,,,,,,,,,,,,,,,,,,,8,goodl801,value,34,31,2,8,0,0,0,2,0,,0,3,,6,0,,,,,27,,30,5,0,0,0,0,0,1,,7,0,0,0,0,,0,,0,27,14,0,0,0,0,0,0,,mothd101,josen101,steat101,dixor101,hollc103,wellw101,allen102,duncf102,rogab101,rogab101,duncf102,mothd101,allen102,josen101,wellw101,dixor101,steat101,hollc103,,19261226,0,LOS05,h,PIR,1,0,0,exhibition,y,
HIL192710160,PIR,2,0,0,0,0,1,0,0,1,,,,,,,,,,,,,,,,,,,,5,pirrj101,value,36,35,4,9,2,0,0,,0,,0,1,,8,2,,,,,27,,36,5,1,0,1,2,0,4,,5,1,0,0,0,,0,,0,27,13,0,3,0,0,0,0,,statj101,murrb101,meusb101,hermb102,huffi101,hanef101,sherm101,mcmuh101,moudd101,moudd101,mcmuh101,hermb102,murrb101,hanef101,sherm101,meusb101,statj101,huffi101,,19271016,0,LOS05,v,HIL,1,0,0,exhibition,y,
HIL192710160,HIL,0,0,0,0,0,0,1,1,0,,,,,,,,,,,,,,,,,,,,7,warff101,value,36,31,2,5,1,0,1,,0,,1,4,,5,0,,,,,27,,36,9,2,0,0,4,0,1,,8,0,0,0,0,,2,,0,27,7,0,1,0,0,0,2,,stepj105,warff101,dixor101,thomc103,burnt102,butcu101,carrg101,cadej101,hollb106,hollb106,burnt102,carrg101,warff101,dixor101,stepj105,butcu101,thomc103,cadej101,,19271016,0,LOS05,h,PIR,0,1,0,exhibition,y,
HIL192710230,PIR,0,2,0,0,1,2,0,0,0,,,,,,,,,,,,,,,,,,,,5,pirrj101,value,37,36,5,8,2,0,1,,0,,0,1,,6,2,,,,,27,,34,8,3,0,0,1,0,1,,6,0,0,0,0,,1,,0,27,16,0,1,0,0,0,1,,hanef101,lazzt101,meusb101,hermb102,huffi101,bodip101,sherm101,mcmuh101,ludow101,ludow101,mcmuh101,hermb102,lazzt101,hanef101,sherm101,meusb101,bodip101,huffi101,,19271023,0,LOS05,v,HIL,1,0,0,exhibition,y,
HIL192710230,HIL,0,0,0,0,0,0,0,0,1,,,,,,,,,,,,,,,,,,,,6,warff101,value,34,33,1,8,3,0,0,,0,,0,1,,6,1,,,,,27,,37,8,2,0,1,5,0,1,,6,0,0,0,0,,2,,0,27,7,1,0,0,0,0,2,,stepj105,warff101,thomc103,mackb102,dixor101,hubbj101,carrg101,burnt102,hollb106,hollb106,burnt102,carrg101,warff101,mackb102,stepj105,dixor101,thomc103,hubbj101,,19271023,0,LOS05,h,PIR,0,1,0,exhibition,y,
HIL192710290,PIR,0,0,0,0,0,0,0,0,0,,,,,,,,,,,,,,,,,,,,5,pirrj101,value,32,30,0,4,0,0,0,,0,,0,2,,7,1,,,,,24,0,32,9,1,1,0,5,0,0,,,1,0,0,1,,1,,0,24,4,1,1,0,0,0,1,,hanef101,murrb101,meusb101,hermb102,huffi101,bodip101,sherm101,mcmuh101,pierb103,pierb103,mcmuh101,hermb102,murrb101,hanef101,sherm101,meusb101,bodip101,huffi101,,19271029,0,LOS05,v,HIL,0,1,0,exhibition,y,
HIL192710290,HIL,0,1,0,0,2,0,2,0,,,,,,,,,,,,,,,,,,,,,3,warff101,value,32,30,5,9,1,1,0,,1,,1,0,,,1,,,,,27,0,32,4,0,0,0,0,0,2,,7,0,0,0,0,,1,,0,27,4,0,0,0,0,0,1,,stepj105,warff101,thomc103,beckj104,mackb102,hubbj101,dixor101,carrg101,hollb106,hollb106,mackb102,carrg101,warff101,beckj104,stepj105,dixor101,thomc103,hubbj101,,19271029,0,LOS05,h,PIR,1,0,0,exhibition,y,
HIL192710300,PIR,2,0,0,0,0,0,0,0,0,,,,,,,,,,,,,,,,,,,,6,pirrj101,value,35,33,2,11,3,0,0,,1,,1,0,,,0,,,,,24,,39,15,2,0,1,8,0,1,,,0,0,0,2,,4,,0,24,10,0,0,0,0,0,4,,murrb101,sawyc101,meusb101,hermb102,huffi101,bodip101,sherm101,mcmuh101,ludow101,ludow101,mcmuh101,hermb102,murrb101,sawyc101,sherm101,meusb101,bodip101,huffi101,,19271030,0,LOS05,v,HIL,0,1,0,exhibition,y,
HIL192710300,HIL,0,2,0,1,3,0,2,0,,,,,,,,,,,,,,,,,,,,,7,warff101,value,39,36,8,15,2,0,1,,2,,0,1,,,4,,,,,27,,35,11,3,0,0,2,0,0,,,1,0,0,1,,0,,0,27,18,0,1,0,0,0,0,,stepj105,warff101,thomc103,beckj104,mackb102,hubbj101,dixor101,carrg101,flouw101,flouw101,mackb102,carrg101,warff101,beckj104,stepj105,dixor101,thomc103,hubbj101,,19271030,0,LOS05,h,PIR,1,0,0,exhibition,y,
CLG192810070,PIR,0,0,0,0,0,0,2,1,0,,,,,,,,,,,,,,,,,,,,8,pirrj101,value,38,36,3,9,2,0,1,,1,,1,0,,,2,,,,,25,,38,10,1,2,1,4,0,2,,,0,0,0,2,,0,,0,25,6,1,0,0,0,0,0,,morer102,hanef101,meusb101,huffi101,hermb102,picke101,sherm101,mcmuh101,dumon101,dumon101,mcmuh101,hermb102,morer102,hanef101,sherm101,meusb101,picke101,huffi101,,19281007,0,LOS05,v,CLG,0,1,0,exhibition,y,
CLG192810070,CLG,0,0,0,0,0,1,0,0,3,,,,,,,,,,,,,,,,,,,,9,,value,38,34,4,10,1,2,1,,2,,0,2,,,0,,,,,27,,38,9,2,0,1,3,0,0,,,1,0,0,1,,2,,0,27,13,2,0,0,0,0,2,,greej107,day-c102,allen102,steat101,rogab101,mothd101,coleg102,pullo101,brewc102,rogab101,pullo101,mothd101,day-c102,coleg102,allen102,greej107,steat101,brewc102,,19281007,0,LOS05,h,PIR,1,0,0,exhibition,y,
PRG192910190,PIR,1,0,3,0,0,4,0,0,0,,,,,,,,,,,,,,,,,,,,6,pirrj101,value,41,38,8,12,1,0,2,,1,,0,2,,7,1,,,,,24,,43,15,2,0,5,12,0,2,,4,0,0,0,0,,2,,0,24,9,0,0,0,0,0,2,,hanef101,lazzt101,suhrg101,meusb101,jolls101,morer102,winga101,mcmuh101,thurs101,thurs101,mcmuh101,suhrg101,lazzt101,hanef101,morer102,meusb101,winga101,jolls101,,19291019,0,LOS05,v,PRG,0,1,0,exhibition,y,
PRG192910190,PRG,2,0,2,0,3,1,2,2,,,,,,,,,,,,,,,,,,,,,7,goodl801,value,43,41,12,15,2,0,5,,0,,0,2,,4,2,,,,,27,,41,12,1,0,2,8,0,2,,7,0,0,0,1,,1,,0,27,11,0,1,0,0,0,1,,mothd101,allen102,rogab101,mackb102,livil101,josen101,tayll103,yount101,coopa101,coopa101,yount101,mackb102,mothd101,josen101,allen102,tayll103,rogab101,livil101,,19291019,0,LOS05,h,PIR,1,0,0,exhibition,y,
PRG192910200,PIR,0,1,2,0,0,1,0,3,0,,,,,,,,,,,,,,,,,,,,14,pirrj101,value,48,40,7,12,4,0,1,,0,,0,8,,10,1,,,,,24,,39,10,3,0,1,8,0,7,,2,0,0,0,1,,2,,0,24,9,0,1,0,0,0,2,,hanef101,lazzt101,suhrg101,jolls101,meusb101,winga101,morer102,mcmuh101,campa102,campa102,mcmuh101,suhrg101,lazzt101,hanef101,morer102,meusb101,winga101,jolls101,,19291020,0,LOS05,v,PRG,0,1,0,exhibition,y,
PRG192910200,PRG,3,0,1,4,0,0,0,0,,,,,,,,,,,,,,,,,,,,,7,goodl801,value,39,31,8,10,3,0,1,,1,,0,7,,2,2,,,,,27,,48,12,4,0,1,7,0,8,,10,0,0,0,0,,1,,0,27,6,0,0,0,0,0,1,,mothd101,allen102,rogab101,mackb102,livil101,josen101,greej107,yount101,brewc102,brewc102,yount101,mackb102,mothd101,josen101,allen102,greej107,rogab101,livil101,,19291020,0,LOS05,h,PIR,1,0,0,exhibition,y,
PRG192910310,PIR,0,0,0,0,0,0,1,0,2,,,,,,,,,,,,,,,,,,,,9,pirrj101,value,39,35,3,10,2,0,1,,1,,0,3,,8,0,,,,,24,,42,14,1,1,2,10,0,5,,2,1,0,0,2,,2,,0,24,9,1,0,0,0,0,2,,morer102,hanef101,simma101,jolls101,foxxj101,meusb101,winga101,mcmuh101,campa102,campa102,mcmuh101,foxxj101,morer102,meusb101,hanef101,simma101,winga101,jolls101,,19291031,0,LOS05,v,PRG,0,1,0,exhibition,y,
PRG192910310,PRG,0,6,1,2,1,0,0,0,,,,,,,,,,,,,,,,,,,,,8,goodl801,value,42,34,10,14,1,1,2,,2,,1,5,,2,2,,,,,27,,39,10,2,0,1,3,0,3,,8,0,0,0,1,,0,,0,27,7,1,2,0,0,0,0,,mothd101,allen102,hollc103,mackb102,livil101,yount101,josen101,tayll103,rogab101,rogab101,yount101,mackb102,mothd101,josen101,allen102,tayll103,hollc103,livil101,,19291031,0,LOS05,h,PIR,1,0,0,exhibition,y,
PRG192911020,PIR,2,0,4,0,5,0,0,0,0,,,,,,,,,,,,,,,,,,,,9,pirrj101,value,47,44,11,19,4,1,0,,0,,0,3,,7,1,,,,,27,,36,8,2,0,0,3,0,2,,4,0,0,0,1,,0,,0,27,9,1,1,0,0,0,0,,morer102,hanef101,picke101,jolls101,meusi101,winga101,cotth101,mcmuh101,campa102,campa102,mcmuh101,cotth101,morer102,picke101,hanef101,meusi101,winga101,jolls101,,19291102,0,LOS05,v,PRG,1,0,0,exhibition,y,
PRG192911020,PRG,0,0,0,0,0,0,0,3,0,,,,,,,,,,,,,,,,,,,,6,goodl801,value,36,33,3,8,2,0,0,,1,,0,2,,4,0,,,,,27,,47,19,4,1,0,11,0,3,,7,0,0,0,0,,1,,0,27,12,3,1,0,0,0,1,,mothd101,allen102,hollc103,mackb102,livil101,tayll103,josen101,yount101,coopa101,coopa101,yount101,mackb102,mothd101,josen101,allen102,tayll103,hollc103,livil101,,19291102,0,LOS05,h,PIR,0,1,0,exhibition,y,
PRG192911030,PIR,2,0,0,1,1,0,0,0,2,,,,,,,,,,,,,,,,,,,,8,pirrj101,value,41,38,6,11,1,0,3,,0,,0,3,,7,2,,,,,24,,51,21,4,1,0,20,0,5,,2,3,0,0,4,,5,,0,24,0,0,3,0,0,0,5,,morer102,hanef101,picke101,jolls101,winga101,meusi101,cotth101,mcmuh101,goula101,goula101,mcmuh101,cotth101,morer102,picke101,hanef101,meusi101,winga101,winga101,,19291103,0,LOS05,v,PRG,0,1,0,exhibition,y,
PRG192911030,PRG,1,0,2,8,7,0,1,1,,,,,,,,,,,,,,,,,,,,,7,goodl801,value,51,39,20,21,4,1,0,,4,,3,5,,2,5,,,,,27,,41,11,1,0,3,6,0,3,,7,0,0,0,0,,2,,0,27,0,0,0,0,0,0,2,,mothd101,allen102,hollc103,mackb102,livil101,rogab101,tayll103,josen101,charp102,charp102,mackb102,rogab101,mothd101,josen101,allen102,tayll103,hollc103,livil101,,19291103,0,LOS05,h,PIR,1,0,0,exhibition,y,
NSH193011020,PIR,0,0,2,0,0,0,0,0,0,,,,,,,,,,,,,,,,,,,,8,pirrj101,value,37,36,2,11,2,1,0,,1,,0,0,,3,0,,,,,24,,38,14,3,2,1,7,0,2,,1,0,0,0,1,,0,,0,24,17,4,0,0,0,0,0,,lebob101,sawyc101,picke101,bakel101,winga101,mcmuh101,cotth101,berkj101,koupl101,koupl101,mcmuh101,cotth101,sawyc101,bakel101,berkj101,picke101,winga101,lebob101,,19301102,0,LOS05,v,NSH,0,1,0,exhibition,y,
NSH193011020,NSH,0,0,0,1,2,2,0,2,,,,,,,,,,,,,,,,,,,,,7,hewij102,value,38,35,7,14,3,2,1,,1,,0,2,,1,0,,,,,27,,37,11,2,1,0,2,0,0,,3,0,0,0,1,,0,,0,27,8,0,1,0,0,0,0,,ridlj101,riggb101,bobow101,steat101,cread101,evanb104,willp103,dunnj104,willj117,willj117,willp103,bobow101,riggb101,cread101,dunnj104,steat101,evanb104,ridlj101,,19301102,0,LOS05,h,PIR,1,0,0,exhibition,y,
NSH193012071,PIR,,,,,,,,,,,,,,,,,,,,,,,,,,,,,,pirrj101,value,,,2,5,,,,,,,,,,,,,,,,24,,,9,,,1,4,,,,,,,,,,,,,24,,0,,0,,,,,,,,,,,,,,eddlj101,gasta101,,,,,,,,,19301207,1,LOS05,v,NSH,0,1,0,exhibition,,
NSH193012071,NSH,,,,,,,,2,,,,,,,,,,,,,,,,,,,,,,hewij102,value,,,4,9,,,1,,,,,,,,,,,,,27,,,5,,,,2,,,,,,,,,,,,,27,,0,,0,,,,,,,,,,,,,,cannr102,willp103,,,,,,,,,19301207,1,LOS05,h,PIR,1,0,0,exhibition,,
NSH193012072,PIR,0,0,0,0,0,0,3,,,,,,,,,,,,,,,,,,,,,,7,pirrj101,value,31,26,3,4,2,0,0,,0,,0,5,,2,0,,,0,,21,,25,5,1,0,0,1,1,0,0,,0,0,0,1,,0,,0,21,,0,2,0,0,0,0,,lebob101,sawyc101,picke101,winga101,mcmuh101,cotth101,millf107,berkj101,koupl101,koupl101,millf107,cotth101,sawyc101,mcmuh101,berkj101,picke101,winga101,lebob101,,19301207,2,LOS05,v,NSH,1,0,0,exhibition,y,
NSH193012072,NSH,1,0,0,0,0,0,0,,,,,,,,,,,,,,,,,,,,,,3,hewij102,value,25,24,1,5,1,0,0,1,1,,0,0,0,,0,,,0,,21,,31,4,2,0,0,3,,5,,2,0,0,0,0,,0,,0,21,,2,1,1,0,0,0,,ridlj101,bobow101,steat101,willp103,riggb101,evanb104,dunnj104,cread101,willj117,willj117,willp103,bobow101,riggb101,cread101,dunnj104,steat101,evanb104,ridlj101,,19301207,2,LOS05,h,PIR,0,1,0,exhibition,y,
PRG193110150,PIR,0,0,0,0,1,0,0,0,0,,,,,,,,,,,,,,,,,,,,7,pirrj101,value,35,32,1,5,0,0,0,,0,,0,3,,10,0,,,,,24,,35,8,0,0,0,8,0,3,,,0,0,0,0,,0,,0,24,9,1,0,0,0,0,0,,lee-d101,hanef101,picke101,hermb102,rhieb101,sladg101,mcmuh101,gasta101,gibss101,gibss101,gasta101,hermb102,sladg101,hanef101,lee-d101,rhieb101,picke101,mcmuh101,,19311015,0,LOS05,v,PRG,0,1,0,exhibition,y,
PRG193110150,PRG,0,3,0,2,3,0,0,0,,,,,,,,,,,,,,,,,,,,,3,wilst801,value,35,32,8,8,0,0,0,,0,,0,3,,,0,,,,,27,,35,5,0,0,0,1,0,3,,10,0,0,0,0,,0,,0,27,11,0,0,0,0,0,0,,bellj103,harrv102,whitc103,wellw101,suttm101,browl107,cread101,walkh103,paigs101,paigs101,browl107,suttm101,walkh103,cread101,wellw101,harrv102,bellj103,whitc103,,19311015,0,LOS05,h,PIR,1,0,0,exhibition,y,
PRG193110170,PIR,0,0,0,0,0,0,0,0,0,,,,,,,,,,,,,,,,,,,,11,pirrj101,value,38,34,0,7,0,0,0,,0,,0,4,,15,0,,,,,24,,32,10,0,0,0,5,0,0,,,0,0,0,0,,0,,0,24,9,0,0,0,0,0,0,,lee-d101,hanef101,picke101,rhieb101,sladg101,sawyc101,gasta101,berkj101,thomf105,thomf105,gasta101,sawyc101,sladg101,hanef101,berkj101,rhieb101,picke101,lee-d101,,19311017,0,LOS05,v,PRG,0,1,0,exhibition,y,
PRG193110170,PRG,2,0,0,0,0,1,0,2,,,,,,,,,,,,,,,,,,,,,3,wilst801,value,32,32,5,10,0,0,0,,0,,0,0,,,0,,,,,27,,38,7,0,0,0,0,0,4,,15,0,0,0,0,,0,,0,27,4,3,0,0,0,0,0,,bellj103,harrv102,whitc103,wellw101,suttm101,browl107,cread101,walkh103,trent101,trent101,browl107,suttm101,walkh103,cread101,wellw101,harrv102,bellj103,whitc103,,19311017,0,LOS05,h,PIR,1,0,0,exhibition,y,
PRG193310140,PIR,,,,,,,,,,,,,,,,,,,,,,,,,,,,,,pirrj101,value,,,2,6,,,,,,,,,,,,,,,,24,,,16,,,,8,,,,,,,,,,,,,24,,0,,0,,,,,,,,,,,,,,,,,,,,,,,,19331014,0,LOS05,v,PRG,0,1,0,exhibition,,
PRG193310140,PRG,,,,,,,,,,,,,,,,,,,,,,,,,,,,,,wilst801,value,,,8,16,,,,,,,,,,,,,,,,27,,,6,,,,2,,,,,,,,,,,,,27,,0,,0,,,,,,,,,,,,,,,,,,,,,,,,19331014,0,LOS05,h,PIR,1,0,0,exhibition,,
PRG193310151,PIR,0,0,0,0,0,0,0,0,0,,,,,,,,,,,,,,,,,,,,4,pirrj101,value,31,29,0,3,0,0,0,,0,,0,2,,15,0,,,,,24,,42,14,2,0,2,11,0,6,,1,0,0,0,0,,3,,0,24,18,3,0,0,0,0,3,,knicb101,brubb101,carlc101,jolls101,oglej101,lillg101,bellf102,mcmuh101,berkj101,jolls101,mcmuh101,oglej101,brubb101,lillg101,knicb101,bellf102,carlc101,berkj101,,19331015,1,LOS05,v,PRG,0,1,0,exhibition,y,
PRG193310151,PRG,2,0,0,0,1,6,0,2,,,,,,,,,,,,,,,,,,,,,7,wilst801,value,42,36,11,14,2,0,2,,0,,0,6,,1,3,,,,,27,,31,3,0,0,0,0,0,2,,15,0,0,0,0,,0,,0,27,5,0,0,0,0,0,0,,bellj103,banks101,wellw101,suttm101,duket102,snowf101,wrigb104,willj117,paigs101,paigs101,duket102,suttm101,banks101,snowf101,wellw101,wrigb104,bellj103,willj117,,19331015,1,LOS05,h,PIR,1,0,0,exhibition,y,
PRG193310152,PIR,0,1,0,0,0,1,2,,,,,,,,,,,,,,,,,,,,,,10,pirrj101,value,35,31,4,11,2,0,1,,1,,0,3,,3,0,,,,,21,,25,6,1,0,0,3,0,2,,8,0,0,0,0,,0,,0,21,10,0,0,0,0,0,0,,knicb101,brubb101,carlc101,jolls101,oglej101,lillg101,bellf102,mcmuh101,stinl101,stinl101,mcmuh101,oglej101,brubb101,lillg101,knicb101,bellf102,carlc101,jolls101,,19331015,2,LOS05,v,PRG,1,0,0,exhibition,y,
PRG193310152,PRG,2,0,1,0,0,0,0,,,,,,,,,,,,,,,,,,,,,,1,wilst801,value,25,23,3,6,1,0,0,,0,,0,2,,8,0,,,,,21,,35,11,2,0,1,4,0,3,,3,0,0,0,1,,0,,0,21,11,1,0,0,0,0,0,,bellj103,banks101,wellw101,suttm101,duket102,snowf101,wrigb104,willj117,millp101,millp101,duket102,suttm101,banks101,snowf101,wellw101,wrigb104,bellj103,willj117,,19331015,2,LOS05,h,PIR,0,1,0,exhibition,y,
PIR193310160,PRG,,,,0,0,0,0,0,0,,,,,,,,,,,,,,,,,,,,,wilst801,value,,,1,4,,,1,1,,,,,,,,,,,,24,,,7,,1,1,2,2,,,,,,,,,,,,24,,0,,0,,,,,,,,,,,,,,banks101,duket102,,,,,,,,,19331016,0,LOS05,v,PIR,0,1,0,exhibition,,
PIR193310160,PIR,1,0,0,0,0,0,0,1,,,,,,,,,,,,,,,,,,,,,,pirrj101,value,,,2,7,,1,1,2,,,,,,,2,,,,,27,,,4,,,1,1,1,,,,,,,,,,,,27,,0,,0,,,,,,,,,,,,,,deand102,mcmuh101,,,,,,,,,19331016,0,LOS05,h,PRG,1,0,0,exhibition,,
PRG193310291,PIR,1,0,1,0,0,0,1,0,0,,,,,,,,,,,,,,,,,,,,6,pirrj101,value,36,33,3,5,3,0,0,,0,,0,3,,13,0,,,,,24,,44,15,2,0,1,11,0,5,,5,0,0,0,2,,8,,0,24,15,3,0,0,0,0,8,,knicb101,berkj101,carlc101,stait101,powel102,lillg101,bellf102,mcmuh101,newsb101,newsb101,mcmuh101,powel102,berkj101,lillg101,knicb101,bellf102,carlc101,stait101,,19331029,1,LOS05,v,PRG,0,1,0,exhibition,y,
PRG193310291,PRG,0,0,3,1,0,6,0,1,,,,,,,,,,,,,,,,,,,,,9,wilst801,value,44,37,11,15,2,0,1,,2,,0,5,,5,8,,,,,27,,36,5,3,0,0,3,0,3,,13,0,1,0,0,,0,,0,27,9,0,0,0,0,1,0,,bellj103,banks101,wellw101,steat101,suttm101,duket102,snowf101,wrigb104,paigs101,paigs101,duket102,suttm101,banks101,snowf101,wellw101,steat101,bellj103,wrigb104,,19331029,1,LOS05,h,PIR,1,0,0,exhibition,y,
PRG193310292,PIR,1,0,1,3,2,0,3,,,,,,,,,,,,,,,,,,,,,,5,pirrj101,value,36,32,10,9,3,1,1,,0,,0,4,,1,0,,,,,21,,26,4,1,0,0,0,0,0,,10,0,0,0,0,,0,,0,21,3,2,0,0,0,0,0,,knicb101,berkj101,carlc101,stait101,powel102,lillg101,bellf102,mcmuh101,frenl101,frenl101,mcmuh101,powel102,berkj101,lillg101,knicb101,bellf102,carlc101,stait101,,19331029,2,LOS05,v,PRG,1,0,0,exhibition,y,
PRG193310292,PRG,0,0,0,0,0,0,0,,,,,,,,,,,,,,,,,,,,,,5,wilst801,value,26,26,0,4,1,0,0,,0,,0,0,,10,0,,,,,21,,36,9,3,1,1,10,0,4,,1,0,0,0,0,,0,,0,21,9,4,0,0,0,0,0,,bellj103,banks101,wellw101,steat101,suttm101,wrigb104,snowf101,burcw101,millp101,millp101,burcw101,suttm101,banks101,snowf101,wellw101,steat101,bellj103,wrigb104,,19331029,2,LOS05,h,PIR,0,1,0,exhibition,y,
PRG193311111,PIR,2,0,1,0,0,1,0,0,0,,,,,,,,,,,,,,,,,,,,,pirrj101,value,,,4,8,,,1,1,,,,,,,,,,,,24,,,14,,,1,9,,,,,,,,,,,,,24,,1,,0,,,,,,,,,,,,,,stinl101,mcmuh101,,,,,,,,,19331111,1,LOS05,v,PRG,0,1,0,exhibition,,
PRG193311111,PRG,2,1,1,1,0,0,2,2,,,,,,,,,,,,,,,,,,,,,,wilst801,value,,,9,14,,,1,1,,,,,,,,,,,,27,,,8,,,1,4,,,,,,,,,,,,,27,,0,,0,,,,,,,,,,,,,,millp101,burcw101,,,,,,,,,19331111,1,LOS05,h,PIR,1,0,0,exhibition,,
PRG193311112,PIR,0,0,0,0,0,0,0,,,,,,,,,,,,,,,,,,,,,,,pirrj101,value,,,0,3,,,,0,,,,,,,,,,,,18,,,10,,,1,6,,,,,,,,,,,,,18,,1,,0,,,,,,,,,,,,,,waltj101,mcmuh101,,,,,,,,,19331111,2,LOS05,v,PRG,0,1,0,exhibition,,
PRG193311112,PRG,3,2,0,0,1,0,,,,,,,,,,,,,,,,,,,,,,,,wilst801,value,,,6,10,,,1,1,,,,,,,,,,,,21,,,3,,,,0,0,,,,,,,,,,,,21,,0,,0,,,,,,,,,,,,,,younu101,duket102,,,,,,,,,19331111,2,LOS05,h,PIR,1,0,0,exhibition,,
PRG193311121,PIR,0,0,0,0,0,0,0,0,0,,,,,,,,,,,,,,,,,,,,6,pirrj101,value,33,30,0,3,0,0,0,,0,,0,3,,14,1,,,,,24,,37,11,2,0,2,5,0,3,,3,0,0,0,1,,1,,0,24,12,2,1,0,0,0,1,,knicb101,berkj101,carlc101,stait101,lillg101,sawyc101,bellf102,mcmuh101,frenl101,frenl101,mcmuh101,sawyc101,berkj101,lillg101,knicb101,bellf102,carlc101,stait101,,19331112,1,LOS05,v,PRG,0,1,0,exhibition,y,
PRG193311121,PRG,0,0,1,0,0,1,0,3,,,,,,,,,,,,,,,,,,,,,8,wilst801,value,37,33,5,11,2,0,2,,1,,0,3,,3,1,,,,,27,,33,3,0,0,0,0,0,3,,14,0,0,0,0,,1,,2,27,5,3,0,0,2,0,1,,bellj103,banks101,wellw101,steat101,suttm101,snowf101,wrigb104,duket102,paigs101,paigs101,duket102,suttm101,banks101,snowf101,wellw101,steat101,bellj103,wrigb104,,19331112,1,LOS05,h,PIR,1,0,0,exhibition,y,
PRG193311122,PIR,0,0,2,1,0,1,,,,,,,,,,,,,,,,,,,,,,,4,pirrj101,value,26,24,4,6,1,0,2,,2,,0,0,,6,0,,,,,18,,26,6,2,0,0,1,0,1,,11,0,0,0,1,,0,,0,18,5,2,0,0,0,0,0,,knicb101,berkj101,carlc101,stait101,lillg101,clemu101,sawyc101,mcmuh101,newsb101,newsb101,mcmuh101,sawyc101,berkj101,lillg101,knicb101,clemu101,carlc101,stait101,,19331112,2,LOS05,v,PRG,1,0,0,exhibition,y,
PRG193311122,PRG,0,0,0,0,1,0,,,,,,,,,,,,,,,,,,,,,,,7,wilst801,value,26,24,1,6,2,0,0,,1,,0,1,,11,0,,,,,18,,26,6,1,0,2,4,0,0,,6,0,0,0,2,,0,,0,18,6,1,0,0,0,0,0,,bellj103,banks101,wellw101,steat101,suttm101,snowf101,wrigb104,burcw101,willj117,willj117,burcw101,suttm101,banks101,snowf101,wellw101,steat101,bellj103,wrigb104,,19331112,2,LOS05,h,PIR,0,1,0,exhibition,y,
PRG193312251,PIR,4,0,0,0,3,0,0,3,0,,,,,,,,,,,,,,,,,,,,4,pirrj101,value,41,38,10,14,1,1,2,,0,,0,3,,7,0,,,0,,27,,42,13,4,0,2,8,,4,,6,0,0,0,1,,1,,0,27,8,1,1,0,0,0,1,,sankb101,berkj101,bellf102,clemu101,lillg101,bodip101,sawyc101,mcmuh101,newsb101,newsb101,mcmuh101,sawyc101,berkj101,lillg101,sankb101,bellf102,clemu101,bodip101,,19331225,1,LOS05,v,PRG,1,0,0,exhibition,y,
PRG193312251,PRG,2,1,0,1,1,0,2,1,0,,,,,,,,,,,,,,,,,,,,7,wilst801,value,42,37,8,13,4,0,2,,1,,0,4,,6,1,,,0,,27,,41,14,1,1,2,10,,3,,7,0,0,0,0,,0,,0,27,6,2,1,0,0,0,0,,bellj103,banks101,wellw101,steat101,suttm101,snowf101,wrigb104,duket102,paigs101,paigs101,duket102,suttm101,banks101,snowf101,wellw101,steat101,bellj103,wrigb104,,19331225,1,LOS05,h,PIR,0,1,0,exhibition,y,
PRG193312252,PIR,0,0,0,0,0,,,,,,,,,,,,,,,,,,,,,,,,,pirrj101,value,,,0,3,,,,0,,,,,,,,,,,,15,,,,,,,5,,,,,,,,,,,,,15,,0,,0,,,,,,,,,,,,,,koupl101,,,,,,,,,,19331225,2,LOS05,v,PRG,0,1,0,exhibition,,
PRG193312252,PRG,,,,4,,,,,,,,,,,,,,,,,,,,,,,,,,wilst801,value,,,5,,,,,,,,,,,,,,,,,15,,,3,,,,0,0,,,,,,,,,,,,15,,0,,0,,,,,,,,,,,,,,younu101,,,,,,,,,,19331225,2,LOS05,h,PIR,1,0,0,exhibition,,
PRG193401071,PIR,0,0,0,0,0,0,0,0,0,,,,,,,,,,,,,,,,,,,,,pirrj101,value,,,0,6,,,,0,,,,,,,,,,,,24,,,8,,,,6,,,,11,,,,,,,,,24,,3,,0,,,,,,,,,,,,,,newsb101,mcmuh101,,,,,,,,,19340107,1,LOS05,v,PRG,0,1,0,exhibition,,
PRG193401071,PRG,2,0,2,2,0,0,0,0,,,,,,,,,,,,,,,,,,,,,,wilst801,value,,,6,8,,,,,,,,,,11,,,,,,27,,,6,,,,0,0,,,,,,,,,,,,27,,0,,0,,,,,,,,,,,,,,paigs101,duket102,,,,,,,,,19340107,1,LOS05,h,PIR,1,0,0,exhibition,,
PRG193401072,PIR,0,0,0,0,0,0,,,,,,,,,,,,,,,,,,,,,,,,pirrj101,value,,,0,2,,,,0,,,,,,,,,,,,15,,,3,,,,1,,,,,,,,,,,,,15,,1,,0,,,,,,,,,,,,,,waltj101,mcmuh101,,,,,,,,,19340107,2,LOS05,v,PRG,0,1,0,exhibition,,
PRG193401072,PRG,0,0,0,0,0,1,,,,,,,,,,,,,,,,,,,,,,,,wilst801,value,,,1,3,,,,1,,,,,,,,,,,,18,,,2,,,,0,0,,,,,,,,,,,,18,,1,,0,,,,,,,,,,,,,,willj117,duket102,,,,,,,,,19340107,2,LOS05,h,PIR,1,0,0,exhibition,,
PRG193410130,PIR,1,0,0,1,0,2,0,1,0,,,,,,,,,,,,,,,,,,,,6,pirrj101,value,38,35,5,10,3,0,3,5,0,0,0,3,0,5,1,1,0,0,0,24,0,51,18,1,1,2,14,14,10,0,7,0,0,0,0,0,6,0,0,24,4,1,1,0,0,0,6,0,hanef101,carlc101,almam101,demaf102,oglej101,knicb101,straa102,mcmuh101,mcdoh101,mcdoh101,mcmuh101,oglej101,knicb101,hanef101,straa102,almam101,carlc101,demaf102,,19341013,0,LOS05,v,PRG,0,1,0,exhibition,y,y
PRG193410130,PRG,3,0,0,3,0,3,5,0,,,,,,,,,,,,,,,,,,,,,13,taylj105,value,51,41,14,18,1,1,2,14,0,0,0,10,0,7,6,0,1,0,0,27,0,38,10,3,0,3,5,5,3,0,5,0,0,0,0,0,1,1,0,27,8,0,1,0,0,0,1,1,bellj103,hughs101,wellw101,steat101,suttm101,willc106,snowf101,browl107,carts102,carts102,browl107,hughs101,willc106,snowf101,wellw101,steat101,bellj103,suttm101,,19341013,0,LOS05,h,PIR,1,0,0,exhibition,y,y
PRG193410141,PIR,0,0,0,0,1,0,0,1,0,,,,,,,,,,,,,,,,,,,,8,pirrj101,value,37,30,2,4,0,0,1,2,0,0,1,6,0,7,1,0,2,0,1,24,0,37,8,2,1,2,7,4,2,0,4,0,0,0,0,0,1,0,1,24,8,4,0,0,1,0,1,0,hanef101,almal101,almam101,demaf102,oglej101,knicb101,straa102,mcmuh101,frenl101,frenl101,mcmuh101,oglej101,knicb101,hanef101,straa102,almal101,almam101,demaf102,,19341014,1,LOS05,v,PRG,0,1,0,exhibition,y,y
PRG193410141,PRG,0,4,1,1,0,0,1,0,,,,,,,,,,,,,,,,,,,,,6,taylj105,value,37,35,7,8,2,1,2,7,0,0,0,2,0,4,1,0,0,0,3,27,0,37,4,0,0,1,2,2,6,0,7,1,0,0,0,0,1,0,0,27,10,0,2,0,0,0,1,0,bellj103,hughs101,wellw101,steat101,suttm101,willc106,snowf101,browl107,porta103,porta103,browl107,hughs101,willc106,snowf101,wellw101,steat101,bellj103,suttm101,,19341014,1,LOS05,h,PIR,1,0,0,exhibition,y,y
PRG193410142,PIR,4,0,1,1,0,,,,,,,,,,,,,,,,,,,,,,,,,pirrj101,value,,,6,4,,,1,,,,,1,,,2,,,,,15,,,6,,,,3,,,,,,,,,,,,,15,,0,,0,,,,,,,,,,,,,,garll101,doerh101,,,,,,,,,19341014,2,LOS05,v,PRG,1,0,0,exhibition,,
PRG193410142,PRG,0,0,0,1,2,,,,,,,,,,,,,,,,,,,,,,,,,taylj105,value,,,3,6,,,,,,,,,,,,,,,,15,,,4,,,1,6,,1,,,,,,,,,,,15,,3,,0,,,,,,,,,,,,,,willj117,browl107,,,,,,,,,19341014,2,LOS05,h,PIR,0,1,0,exhibition,,
PRG193410270,PIR,2,0,1,0,0,0,4,1,0,,,,,,,,,,,,,,,,,,,,7,pirrj101,value,42,42,8,11,0,0,3,7,0,,0,0,,2,0,,,,,24,,37,14,1,0,2,9,0,3,,7,0,0,0,1,,0,,0,24,9,2,3,0,0,0,0,,hanef101,sawyu101,almam101,demaf102,bellf102,knicb101,berkj101,mcmuh101,mcdoh101,mcdoh101,mcmuh101,sawyu101,berkj101,hanef101,knicb101,almam101,bellf102,demaf102,,19341027,0,LOS05,v,PRG,0,1,0,exhibition,y,
PRG193410270,PRG,5,1,0,0,0,0,2,1,,,,,,,,,,,,,,,,,,,,,4,taylj105,value,37,33,9,14,1,0,2,,1,,0,3,,7,0,,,,,27,,42,11,0,0,3,8,0,0,,2,0,0,0,0,,0,,0,27,8,0,1,0,0,0,0,,bellj103,hughs101,wellw101,steat101,suttm101,willc106,snowf101,browl107,carts102,carts102,browl107,hughs101,willc106,snowf101,wellw101,steat101,bellj103,suttm101,,19341027,0,LOS05,h,PIR,1,0,0,exhibition,y,
PRG193410281,PIR,0,0,0,0,0,0,3,1,0,,,,,,,,,,,,,,,,,,,,1,pirrj101,value,32,31,4,8,0,0,2,4,1,0,0,0,0,4,0,2,2,0,1,24,0,34,8,1,2,2,6,6,5,0,4,1,0,0,1,0,2,1,0,24,13,1,2,0,0,0,2,1,hanef101,almal101,almam101,demaf102,bellf102,knicb101,berkj101,mcmuh101,garll101,garll101,mcmuh101,almal101,berkj101,hanef101,knicb101,almam101,bellf102,demaf102,,19341028,1,LOS05,v,PRG,0,1,0,exhibition,y,y
PRG193410281,PRG,0,1,0,0,0,2,0,3,,,,,,,,,,,,,,,,,,,,,4,taylj105,value,34,27,6,8,1,2,2,6,1,0,1,5,0,4,2,1,2,0,0,27,0,32,8,0,0,2,4,4,0,0,4,0,0,0,1,0,0,2,0,27,15,1,2,0,0,0,0,2,bellj103,hughs101,wellw101,steat101,suttm101,willc106,snowf101,browl107,porta103,porta103,browl107,hughs101,willc106,snowf101,wellw101,steat101,bellj103,suttm101,,19341028,1,LOS05,h,PIR,1,0,0,exhibition,y,y
PRG193410282,PIR,1,0,0,3,0,,,,,,,,,,,,,,,,,,,,,,,,,pirrj101,value,,,4,9,,,,,,,,,,,,,,,,12,,,14,,,,10,,,,,,,,,,,,,12,,1,,0,,,,,,,,,,,,,,stinl101,doerh101,,,,,,,,,19341028,2,LOS05,v,PRG,0,1,0,exhibition,,
PRG193410282,PRG,0,2,4,4,,,,,,,,,,,,,,,,,,,,,,,,,,taylj105,value,,,10,14,,,,,,,,,,,,,,,,15,,,9,,,,4,,,,,,,,,,,,,15,,1,,0,,,,,,,,,,,,,,willj117,browl107,,,,,,,,,19341028,2,LOS05,h,PIR,1,0,0,exhibition,,
PRG193510190,PIR,0,0,0,3,0,0,0,0,0,,,,,,,,,,,,,,,,,,,,5,pirrj101,value,35,34,3,7,0,0,0,,0,,0,1,,6,0,,,,,24,,41,13,1,0,2,8,0,2,,2,0,0,0,0,,1,,0,24,5,0,0,0,0,0,1,,hillj102,hanef101,vauga101,demaf102,almam101,wrigg102,carlc101,cronb101,frasv101,frasv101,cronb101,almam101,wrigg102,hanef101,vauga101,demaf102,hillj102,carlc101,,19351019,0,LOS02,v,PRG,0,1,0,exhibition,y,
PRG193510190,PRG,2,0,0,0,0,1,4,1,,,,,,,,,,,,,,,,,,,,,9,wilst801,value,41,39,8,13,1,0,2,,0,,0,2,,2,1,,,,,27,,35,7,0,0,0,3,0,1,,6,0,0,0,0,,0,,0,27,12,0,0,0,0,0,0,,hughs101,snowf101,steat101,suttm101,wrigz102,mackb102,wrigb104,westj102,grifr101,grifr101,mackb102,westj102,hughs101,snowf101,wrigz102,steat101,wrigb104,suttm101,,19351019,0,LOS02,h,PIR,1,0,0,exhibition,y,
PRG193510201,PIR,3,0,0,0,0,0,0,0,1,,,,,,,,,,,,,,,,,,,,10,pirrj101,value,41,36,4,10,0,1,1,4,0,,0,5,,9,0,,,,,25,,39,10,1,0,0,5,0,3,,12,1,0,0,1,,0,,0,25,8,1,1,0,0,0,0,,hillj102,hanef101,vauga101,demaf102,almam101,wrigg102,carlc101,franm102,frenl101,frenl101,franm102,almam101,wrigg102,hanef101,vauga101,demaf102,hillj102,carlc101,,19351020,1,LOS02,v,PRG,0,1,0,exhibition,y,
PRG193510201,PRG,0,0,0,0,1,0,0,3,1,,,,,,,,,,,,,,,,,,,,9,wilst801,value,39,34,5,10,1,0,0,,1,,1,3,,12,0,,,,,27,,41,10,0,1,1,4,0,5,,9,0,0,0,0,,0,,1,27,5,1,0,0,1,0,0,,steat101,snowf101,wrigz102,suttm101,mackb102,wrigb104,westj102,summt101,thoms105,thoms105,mackb102,westj102,suttm101,snowf101,wrigz102,steat101,wrigb104,summt101,,19351020,1,LOS02,h,PIR,1,0,0,exhibition,y,
PRG193510202,PIR,3,0,1,0,0,,,,,,,,,,,,,,,,,,,,,,,,5,pirrj101,value,24,22,4,8,2,0,1,,0,,0,2,,2,1,,,,,15,,20,6,1,0,0,2,0,1,,3,0,0,0,0,,0,,0,15,9,2,1,0,0,0,0,,hillj102,hanef101,vauga101,demaf102,almam101,wrigg102,carlc101,franm102,munnl101,munnl101,franm102,almam101,wrigg102,hanef101,vauga101,demaf102,hillj102,carlc101,,19351020,2,LOS02,v,PRG,1,0,0,exhibition,y,
PRG193510202,PRG,2,0,0,0,0,,,,,,,,,,,,,,,,,,,,,,,,3,wilst801,value,20,19,2,6,1,0,0,,0,,0,1,,3,0,,,,,15,,24,8,2,0,1,4,0,2,,2,0,0,0,0,,1,,0,15,10,0,2,0,0,0,1,,steat101,snowf101,wrigz102,suttm101,mackb102,wrigb104,westj102,summt101,younu101,younu101,mackb102,westj102,suttm101,snowf101,wrigz102,steat101,wrigb104,summt101,,19351020,2,LOS02,h,PIR,0,1,0,exhibition,y,
PRG193511090,PIR,5,0,0,0,0,0,0,0,0,,,,,,,,,,,,,,,,,,,,,pirrj101,value,,,5,8,,,1,,,,,,,,,,,,,24,,,16,,,4,13,,,,,,,,,,,,,24,,1,,0,,,,,,,,,,,,,,malic101,luptc101,,,,,,,,,19351109,0,LOS02,v,PRG,0,1,0,exhibition,,
PRG193511090,PRG,0,0,3,0,2,0,0,8,,,,,,,,,,,,,,,,,,,,,,wilst801,value,,,13,16,,,4,,,,,,,,,,,,,27,,,8,,,1,5,,,,,,,,,,,,,27,,1,,0,,,,,,,,,,,,,,brewc102,mackb102,,,,,,,,,19351109,0,LOS02,h,PIR,1,0,0,exhibition,,
PRG193511101,PIR,0,0,0,0,0,0,0,0,0,,,,,,,,,,,,,,,,,,,,4,pirrj101,value,31,30,0,2,0,0,0,0,0,0,0,1,,13,1,,,0,,24,,38,11,1,0,0,7,,3,,3,0,0,0,1,,2,,0,24,12,1,1,0,0,0,2,,lee-d101,hanef101,carlc101,bellf102,storl101,bartl102,mcdog103,mcmuh101,munnl101,munnl101,mcmuh101,mcdog103,storl101,hanef101,lee-d101,bartl102,carlc101,bellf102,,19351110,1,LOS02,v,PRG,0,1,0,exhibition,y,
PRG193511101,PRG,2,1,0,2,2,0,0,0,,,,,,,,,,,,,,,,,,,,,7,wilst801,value,38,34,7,11,1,0,0,,1,,0,3,,3,2,,,0,,27,,31,2,0,0,0,0,0,1,,13,0,0,0,0,0,1,,0,27,,0,0,0,0,0,1,,hughs101,snowf101,steat101,suttm101,wrigz102,hinej101,wrigb104,westj102,paigs101,paigs101,hinej101,westj102,hughs101,paigs101,snowf101,steat101,wrigb104,wrigz102,,19351110,1,LOS02,h,PIR,1,0,0,exhibition,y,
PRG193511102,PIR,0,1,0,0,2,,,,,,,,,,,,,,,,,,,,,,,,5,pirrj101,value,23,21,3,8,1,0,0,,1,,0,1,,1,1,,,0,,15,,21,6,2,0,0,2,,0,0,2,0,0,0,0,,0,,0,15,2,0,0,0,0,0,0,,lee-d101,hanef101,carlc101,bellf102,storl101,bartl102,mcdog103,mcmuh101,stinl101,stinl101,mcmuh101,mcdog103,storl101,hanef101,lee-d101,bartl102,carlc101,bellf102,,19351110,2,LOS02,v,PRG,1,0,0,exhibition,y,
PRG193511102,PRG,1,0,0,1,0,,,,,,,,,,,,,,,,,,,,,,,,4,wilst801,value,21,21,2,6,2,0,0,,0,,0,0,0,2,0,,,0,,15,,23,8,1,0,0,3,,1,,1,0,0,0,1,,1,,0,15,3,0,1,0,0,0,1,,hughs101,snowf101,steat101,mackb102,wrigz102,hinej101,wrigb104,westj102,thoms105,thoms105,hinej101,westj102,hughs101,mackb102,snowf101,steat101,wrigb104,wrigz102,,19351110,2,LOS02,h,PIR,0,1,0,exhibition,y,
PRG193512011,PIR,0,0,0,0,0,2,2,0,0,,,,,,,,,,,,,,,,,,,,9,pirrj101,value,40,33,4,7,1,0,0,1,1,,0,6,,12,1,,,0,,24,,36,9,2,0,0,6,5,3,,3,1,1,0,2,,1,,1,24,11,2,0,0,1,1,1,,lee-d101,colbb101,carlc101,bellf102,storl101,bartl102,mcdog103,mcmuh101,stinl101,stinl101,mcmuh101,mcdog103,storl101,colbb101,lee-d101,bartl102,carlc101,bellf102,,19351201,1,LOS02,v,PRG,0,1,0,exhibition,y,
PRG193512011,PRG,0,0,3,1,0,0,0,2,,,,,,,,,,,,,,,,,,,,,6,wilst801,value,36,30,6,9,2,0,0,3,2,,1,3,,3,1,,,0,,27,,40,7,1,0,0,4,2,6,,12,0,0,0,1,,1,,0,27,13,2,0,0,0,0,1,,hughs101,snowf101,steat101,suttm101,wrigz102,mackb102,wrigb104,westj102,grifr101,grifr101,mackb102,westj102,hughs101,suttm101,snowf101,steat101,wrigb104,wrigz102,,19351201,1,LOS02,h,PIR,1,0,0,exhibition,y,
PRG193512012,PIR,0,0,0,0,0,,,,,,,,,,,,,,,,,,,,,,,,4,pirrj101,value,19,15,0,1,0,0,0,0,0,,0,4,,5,0,,,0,,12,,16,3,1,0,2,4,4,2,,2,0,0,0,0,,1,,0,12,6,0,0,0,0,0,1,,lee-d101,colbb101,carlc101,bellf102,storl101,bartl102,mcdog103,mcmuh101,malic101,malic101,mcmuh101,mcdog103,storl101,colbb101,lee-d101,bartl102,carlc101,bellf102,,19351201,2,LOS02,v,PRG,0,1,0,exhibition,y,
PRG193512012,PRG,3,0,0,1,,,,,,,,,,,,,,,,,,,,,,,,,0,wilst801,value,16,14,4,3,1,0,2,4,0,,0,2,,2,1,,,0,,15,,19,1,0,0,0,0,0,4,,5,0,1,0,0,,0,,1,15,5,0,1,0,1,1,0,,hughs101,snowf101,steat101,suttm101,wrigz102,mackb102,wrigb104,westj102,paigs101,paigs101,mackb102,westj102,hughs101,suttm101,snowf101,steat101,wrigb104,wrigz102,,19351201,2,LOS02,h,PIR,1,0,0,exhibition,y,
PRG193512221,PIR,0,0,3,0,0,0,0,0,0,,,,,,,,,,,,,,,,,,,,,pirrj101,value,,,3,5,,,,,,,,,,,,,,,,24,,,14,,,2,11,,,,,,,,,,,,,24,,1,,0,,,,,,,,,,,,,,munnl101,mcmuh101,,,,,,,,,19351222,1,LOS02,v,PRG,0,1,0,exhibition,,
PRG193512221,PRG,,,,,,,,,,,,,,,,,,,,,,,,,,,,,,wilst801,value,,,11,14,,,2,,,,,,,,,,,,,27,,,5,,,,3,,,,,,,,,,,,,27,,0,,0,,,,,,,,,,,,,,paigs101,mackb102,,,,,,,,,19351222,1,LOS02,h,PIR,1,0,0,exhibition,,
PRG193512222,PIR,0,0,0,2,1,,,,,,,,,,,,,,,,,,,,,,,,,pirrj101,value,,,3,3,,,,,,,,,,,,,,,,12,,,7,,,,5,,,,,,,,,,,,,12,,0,,0,,,,,,,,,,,,,,mcdoh101,bellf102,,,,,,,,,19351222,2,LOS02,v,PRG,0,1,0,exhibition,,
PRG193512222,PRG,0,5,0,0,,,,,,,,,,,,,,,,,,,,,,,,,,wilst801,value,,,5,7,,,,,,,,,,,,,,,,15,,,3,,,,3,,,,,,,,,,,,,15,,1,,0,,,,,,,,,,,,,,thoms105,mackb102,,,,,,,,,19351222,2,LOS02,h,PIR,1,0,0,exhibition,,
PRG193910081,PIR,0,0,0,0,0,0,1,1,1,2,,,,,,,,,,,,,,,,,,,7,pirrj101,value,42,40,5,9,1,0,1,5,0,0,0,2,1,3,0,0,0,0,1,30,0,40,9,2,0,0,3,2,0,0,1,0,0,0,0,0,0,0,0,30,18,3,0,0,0,0,0,0,orsae101,kresr101,bellf102,demaf102,adamb101,cissb101,bartl102,monta102,bonej101,bonej101,monta102,bartl102,cissb101,adamb101,kresr101,demaf102,bellf102,orsae101,,19391008,1,LOS04,v,PRG,1,0,0,exhibition,y,y
PRG193910081,PRG,1,0,0,0,0,2,0,0,0,0,,,,,,,,,,,,,,,,,,,7,wilst801,value,40,40,3,9,2,0,0,3,0,0,0,0,0,1,0,0,0,0,2,30,0,42,9,1,0,1,5,5,2,1,3,0,0,0,0,0,0,0,0,30,5,1,0,0,0,0,0,0,cartm101,dunnj104,wrigb104,suttm101,hoskb101,westj102,walkh103,bassp101,mcdut101,mcdut101,bassp101,westj102,dunnj104,walkh103,cartm101,hoskb101,wrigb104,suttm101,,19391008,1,LOS04,h,PIR,0,1,0,exhibition,y,y
PRG193910082,PIR,0,0,0,2,1,0,0,,,,,,,,,,,,,,,,,,,,,,5,pirrj101,value,29,27,3,7,0,0,1,2,0,0,0,2,0,3,0,0,0,0,0,21,0,29,4,1,0,1,2,2,1,0,5,0,1,0,0,0,0,0,1,21,9,1,0,0,1,1,0,0,orsae101,kresr101,bellf102,demaf102,adamb101,cissb101,bartl102,monta102,bittj101,bittj101,monta102,bartl102,cissb101,adamb101,kresr101,demaf102,bellf102,orsae101,,19391008,2,LOS04,v,PRG,1,0,0,exhibition,y,d
PRG193910082,PRG,2,0,0,0,0,0,0,,,,,,,,,,,,,,,,,,,,,,6,wilst801,value,29,28,2,4,1,0,1,2,0,0,0,1,0,5,0,0,0,0,3,21,0,29,7,0,0,1,3,2,2,0,3,0,0,0,0,0,0,0,0,21,6,1,0,0,0,0,0,0,cartm101,dunnj104,wrigb104,suttm101,hoskb101,westj102,walkh103,bassp101,glovt101,glovt101,bassp101,westj102,dunnj104,walkh103,cartm101,hoskb101,wrigb104,suttm101,,19391008,2,LOS04,h,PIR,0,1,0,exhibition,y,d
PRG193910110,PIR,0,1,0,0,0,0,1,0,0,,,,,,,,,,,,,,,,,,,,8,pirrj101,value,37,31,2,4,0,0,0,1,2,0,0,4,0,2,0,0,0,0,2,24,0,35,6,1,2,0,5,2,2,0,14,0,0,0,0,0,2,1,1,24,0,3,0,0,1,0,2,1,orsae101,kresr101,bellf102,demaf102,adamb101,cissb101,novil101,monta102,fellb101,fellb101,monta102,orsae101,cissb101,adamb101,kresr101,demaf102,bellf102,novil101,,19391011,0,LOS04,v,PRG,0,1,0,exhibition,y,d
PRG193910110,PRG,0,0,0,0,2,0,0,3,,,,,,,,,,,,,,,,,,,,,6,wilst801,value,35,33,5,6,1,2,0,1,0,0,0,2,0,14,2,1,0,0,4,27,0,37,4,0,0,0,2,1,4,0,2,0,1,0,2,0,0,0,0,27,0,2,0,0,0,1,0,0,cartm101,dunnj104,wrigb104,suttm101,hoskb101,westj102,walkh103,bassp101,harvb101,harvb101,bassp101,westj102,cartm101,dunnj104,walkh103,hoskb101,wrigb104,suttm101,,19391011,0,LOS04,h,PIR,1,0,0,exhibition,y,d
ECG194110191,PIR,1,0,0,2,0,1,3,0,3,,,,,,,,,,,,,,,,,,,,9,pirrj101,value,46,39,10,14,2,0,0,,0,,0,7,,7,0,,,,,27,,42,9,0,0,0,7,5,1,,4,0,1,0,0,,0,,0,27,13,6,0,0,0,1,0,,lowrp101,bartl102,fernn101,novil101,reich101,kresr101,bellf102,partr101,florj101,florj101,partr101,bartl102,kresr101,lowrp101,fernn101,novil101,bellf102,reich101,,19411019,1,LOS02,v,ECG,1,0,0,exhibition,y,
ECG194110191,ECG,2,0,3,0,0,0,0,2,0,,,,,,,,,,,,,,,,,,,,8,wilst801,value,42,41,7,9,0,0,0,,0,,0,1,,4,0,,,,,27,,46,14,2,0,0,10,7,7,,7,0,1,0,0,,0,,0,27,10,4,0,0,0,1,0,,kimbh102,davit104,hughs101,flonj101,mcgiu101,dunnj104,mattf101,mackb102,brewc102,brewc102,mackb102,mattf101,hughs101,flonj101,davit104,dunnj104,kimbh102,mcgiu101,,19411019,1,LOS02,h,PIR,0,1,0,exhibition,y,
ECG194110192,PIR,,,,,,,,,,,,,,,,,,,,,,,,,,,,,,pirrj101,value,,,2,,,,,,,,,,,,,,,,,15,,,,,,,1,,,,,,,,,,,,,15,,0,,0,,,,,,,,,,,,,,,,,,,,,,,,19411019,2,LOS02,v,ECG,1,0,0,exhibition,,
ECG194110192,ECG,,,,,,,,,,,,,,,,,,,,,,,,,,,,,,wilst801,value,,,1,,,,,,,,,,,,,,,,,15,,,,,,,2,,,,,,,,,,,,,15,,0,,0,,,,,,,,,,,,,,,,,,,,,,,,19411019,2,LOS02,h,PIR,0,1,0,exhibition,,
PIR194110260,ECG,0,0,0,0,0,1,0,0,0,0,0,,,,,,,,,,,,,,,,,,6,wilst801,value,40,36,1,8,1,0,0,1,3,,0,1,,6,0,,,,,31,,45,12,0,0,0,2,2,4,,7,0,0,0,2,,0,,0,31,14,0,2,0,0,0,0,,kimbh102,mattf101,hughs101,flonj101,echoj102,fillj101,dunnj104,mackb102,porta103,porta103,mackb102,mattf101,hughs101,flonj101,dunnj104,fillj101,kimbh102,echoj102,,19411026,0,LOS02,v,PIR,0,1,0,exhibition,y,
PIR194110260,PIR,0,0,0,0,0,0,0,0,1,0,1,,,,,,,,,,,,,,,,,,12,pirrj101,value,45,39,2,12,0,0,0,2,2,,0,4,,7,0,,,,,33,,40,8,1,0,0,1,1,1,,6,0,0,0,3,,0,,0,33,11,0,1,0,0,0,0,,lowrp101,bellf102,fernn101,harrn101,kresr101,browu103,jeweb101,partr101,florj101,florj101,partr101,browu103,kresr101,fernn101,lowrp101,harrn101,bellf102,jeweb101,,19411026,0,LOS02,h,ECG,1,0,0,exhibition,y,
PRG194210111,PIR,4,0,0,0,0,2,0,0,0,,,,,,,,,,,,,,,,,,,,7,pirrj101,value,40,37,6,10,1,0,0,6,0,,0,3,,,0,,,,,27,,32,7,0,1,1,1,1,0,,,0,0,0,0,,0,,0,27,13,1,1,0,0,0,0,,lowrp101,welll101,dahlb101,hermb102,fernn101,bartl102,hughr101,dappc101,frenl101,frenl101,dappc101,dahlb101,hughr101,fernn101,welll101,bartl102,lowrp101,hermb102,,19421011,1,LOS02,v,PRG,1,0,0,exhibition,y,
PRG194210111,PRG,1,0,0,0,0,0,0,0,0,,,,,,,,,,,,,,,,,,,,4,brewc102,value,32,32,1,7,0,1,1,1,0,,0,0,,,0,,,,,27,,40,10,1,0,0,6,0,3,,,0,0,0,0,,0,,0,27,8,2,0,0,0,0,0,,wadev101,davip102,washk101,diall101,brews101,harrc104,moren101,mackb102,stevw101,moren101,mackb102,harrc104,washk101,brews101,davip102,diall101,wadev101,stevw101,,19421011,1,LOS02,h,PIR,0,1,0,exhibition,y,
PRG194210112,PIR,0,0,0,1,3,,,,,,,,,,,,,,,,,,,,,,,,3,pirrj101,value,22,20,4,6,1,0,1,4,1,,0,1,,,2,,,,,15,,21,4,0,0,0,1,0,2,,,0,0,0,0,,1,,0,15,5,2,0,0,0,0,1,,lowrp101,welll101,dahlb101,hermb102,fernn101,bellf102,hughr101,partr101,florj101,florj101,partr101,dahlb101,hughr101,fernn101,welll101,bellf102,lowrp101,hermb102,,19421011,2,LOS02,v,PRG,1,0,0,exhibition,y,
PRG194210112,PRG,0,1,0,0,0,,,,,,,,,,,,,,,,,,,,,,,,5,brewc102,value,21,19,1,4,0,0,0,1,0,,0,2,,,1,,,,,15,,22,6,1,0,1,4,0,1,,,0,0,0,1,,2,,0,15,6,1,0,0,0,0,2,,wadev101,davip102,washk101,mackb102,brews101,harrc104,collu101,diall101,brewc102,brewc102,mackb102,harrc104,washk101,brews101,davip102,diall101,wadev101,collu101,,19421011,2,LOS02,h,PIR,0,1,0,exhibition,y,
PRG194210181,PIR,0,1,3,0,0,0,0,0,0,,,,,,,,,,,,,,,,,,,,11,pirrj101,value,42,38,4,10,1,2,0,3,0,,0,4,,8,1,,,,,27,,36,9,2,1,0,1,1,2,,2,0,0,0,0,,1,,0,27,12,0,2,0,0,0,1,,lowrp101,pridj101,novil101,fernn101,dahlb101,stril101,hughr101,partr101,frenl101,frenl101,partr101,dahlb101,hughr101,pridj101,stril101,novil101,lowrp101,fernn101,,19421018,1,LOS02,v,PRG,1,0,0,exhibition,y,
PRG194210181,PRG,0,0,0,0,0,1,0,0,0,,,,,,,,,,,,,,,,,,,,8,brewc102,value,36,34,1,9,2,1,0,1,0,,0,2,,2,1,,,,,27,,42,10,1,2,0,4,3,4,,8,0,0,0,0,,1,,0,27,12,1,0,0,0,0,1,,davip102,willc106,washk101,easth104,mackb102,harrc104,brews101,diall101,moren101,moren101,mackb102,harrc104,willc106,davip102,easth104,washk101,diall101,brews101,,19421018,1,LOS02,h,PIR,0,1,0,exhibition,y,
PRG194210182,PIR,0,1,0,0,2,5,,,,,,,,,,,,,,,,,,,,,,,7,pirrj101,value,33,29,8,12,1,0,0,6,0,,0,4,,1,0,,,,,18,,24,6,1,0,0,2,2,1,,2,0,0,0,0,,0,,1,18,10,1,1,0,1,0,0,,bellf102,pridj101,novil101,hermb102,bartl102,stril101,welll101,millf107,florj101,florj101,millf107,bartl102,stril101,pridj101,welll101,novil101,bellf102,hermb102,,19421018,2,LOS02,v,PRG,1,0,0,exhibition,y,
PRG194210182,PRG,1,1,0,0,0,0,,,,,,,,,,,,,,,,,,,,,,,4,brewc102,value,24,23,2,6,1,0,0,2,0,,0,1,,2,0,,,,,18,,33,12,1,0,0,8,8,4,,1,0,0,0,0,,0,,0,18,9,1,0,0,0,0,0,,diall101,willc106,washk101,easth104,mackb102,harrc104,moren101,brews101,brewc102,brewc102,mackb102,harrc104,willc106,brews101,easth104,washk101,diall101,moren101,,19421018,2,LOS02,h,PIR,0,1,0,exhibition,y,
BCG194310241,PIR,0,0,0,0,0,1,4,1,2,,,,,,,,,,,,,,,,,,,,6,pirrj101,value,41,38,8,12,6,0,0,8,0,0,0,3,0,8,1,1,0,0,0,27,0,37,8,0,0,0,2,2,2,0,2,0,0,0,1,0,0,0,0,27,14,3,1,0,0,0,0,0,lowrp101,englc101,metkg101,pafka101,dahlb101,novil101,bartl102,partr101,kimbn101,kimbn101,partr101,bartl102,lowrp101,englc101,dahlb101,novil101,pafka101,metkg101,,19431024,1,LOS04,v,BCG,1,0,0,exhibition,y,d
BCG194310241,BCG,0,0,0,1,1,0,0,0,0,,,,,,,,,,,,,,,,,,,,8,,value,37,34,2,8,0,0,0,2,1,0,0,2,0,2,0,0,0,0,1,27,0,41,12,6,0,0,8,7,3,0,8,0,0,0,0,0,1,1,0,27,13,3,0,0,0,0,1,1,hydec101,bellj103,speac103,leonb101,easth104,sampt101,radct101,walkh103,paigs101,paigs101,radct101,leonb101,sampt101,easth104,walkh103,bellj103,hydec101,speac103,,19431024,1,LOS04,h,PIR,0,1,0,exhibition,y,d
BCG194310242,PIR,1,0,0,0,0,0,,,,,,,,,,,,,,,,,,,,,,,4,pirrj101,value,23,21,1,3,0,0,0,1,0,0,0,2,0,1,0,0,0,0,0,18,0,25,7,0,1,0,4,4,2,0,0,0,0,0,1,0,1,2,0,18,16,0,0,0,0,0,1,2,lowrp101,englc101,metkg101,pafka101,dahlb101,novil101,bartl102,maloe101,kresr101,kresr101,maloe101,bartl102,lowrp101,englc101,dahlb101,novil101,pafka101,metkg101,,19431024,2,LOS04,v,BCG,0,1,0,exhibition,y,d
BCG194310242,BCG,0,0,1,0,0,3,,,,,,,,,,,,,,,,,,,,,,,3,,value,25,22,4,7,0,1,0,3,1,0,0,2,0,0,1,2,0,0,0,18,0,23,3,0,0,0,1,1,2,0,1,0,0,0,0,0,0,0,0,18,6,1,0,0,0,0,0,0,hydec101,bellj103,speac103,leonb101,easth104,sampt101,radct101,walkh103,mcdab101,mcdab101,radct101,leonb101,sampt101,easth104,walkh103,bellj103,hydec101,speac103,,19431024,2,LOS04,h,PIR,1,0,0,exhibition,y,d
BCG194310311,PIR,0,0,0,0,0,2,0,0,1,,,,,,,,,,,,,,,,,,,,6,pirrj101,value,36,34,3,6,1,1,0,1,0,0,0,2,0,14,2,0,0,0,1,25,0,40,13,2,1,0,4,4,2,0,2,0,0,0,0,0,1,0,0,25,10,2,0,0,0,0,1,0,lowrp101,englc101,metkg101,pafka101,calvj102,pridj101,bartl102,partr101,kimbn101,kimbn101,partr101,bartl102,pridj101,englc101,calvj102,lowrp101,pafka101,metkg101,,19431031,1,LOS04,v,BCG,0,1,0,exhibition,y,d
BCG194310311,BCG,0,0,0,0,0,0,0,0,4,,,,,,,,,,,,,,,,,,,,11,,value,40,38,4,13,2,1,0,4,0,0,0,2,0,2,1,0,0,0,0,27,0,36,6,1,1,0,3,2,2,0,14,0,0,0,0,0,2,0,0,27,5,2,0,0,0,0,2,0,hydec101,bellj103,speac103,leonb101,easth104,sampt101,radct101,walkh103,paigs101,paigs101,radct101,leonb101,sampt101,easth104,walkh103,hydec101,bellj103,speac103,,19431031,1,LOS04,h,PIR,1,0,0,exhibition,y,d
BCG194310312,PIR,0,0,0,0,0,3,,,,,,,,,,,,,,,,,,,,,,,5,pirrj101,value,26,24,3,6,2,0,0,3,0,0,0,2,0,6,0,0,0,0,0,18,0,29,7,1,0,0,3,2,2,0,1,0,0,0,0,0,0,0,0,18,13,1,0,0,0,0,0,0,lowrp101,englc101,metkg101,pafka101,calvj102,pridj101,bartl102,maloe101,thomf105,thomf105,maloe101,bartl102,pridj101,englc101,calvj102,lowrp101,pafka101,metkg101,,19431031,2,LOS04,v,BCG,0,0,1,exhibition,y,d
BCG194310312,BCG,1,0,0,2,0,0,,,,,,,,,,,,,,,,,,,,,,,8,,value,29,27,3,7,1,0,0,3,0,0,0,2,0,1,0,0,0,0,2,18,0,26,6,2,0,0,3,3,2,0,6,0,0,0,0,0,0,0,0,18,4,0,0,0,0,0,0,0,hydec101,bellj103,speac103,leonb101,easth104,sampt101,radct101,walkh103,mossp101,mossp101,radct101,leonb101,sampt101,easth104,walkh103,hydec101,bellj103,speac103,,19431031,2,LOS04,h,PIR,0,0,1,exhibition,y,d
BCG194311071,PIR,2,0,0,0,1,0,2,0,3,,,,,,,,,,,,,,,,,,,,9,pirrj101,value,44,38,8,12,4,0,0,8,0,0,0,6,0,5,0,0,2,0,1,24,0,41,12,5,1,0,11,10,4,0,6,0,0,0,1,0,1,0,0,24,11,2,0,0,0,0,1,0,lowrp101,englc101,metkg101,pafka101,pridj101,russr101,bartl102,partr101,newsb101,newsb101,partr101,bartl102,pridj101,englc101,lowrp101,russr101,pafka101,metkg101,,19431107,1,LOS04,v,BCG,0,1,0,exhibition,y,d
BCG194311071,BCG,1,3,2,0,0,2,0,3,,,,,,,,,,,,,,,,,,,,,6,,value,41,36,11,12,5,1,0,11,1,0,0,4,0,6,1,0,0,0,1,27,0,44,12,4,0,0,8,5,6,0,5,0,0,0,0,0,0,0,0,27,9,3,2,0,0,0,0,0,hydec101,bellj103,speac103,leonb101,easth104,sampt101,radct101,walkh103,paigs101,paigs101,radct101,leonb101,sampt101,easth104,walkh103,speac103,bellj103,hydec101,,19431107,1,LOS04,h,PIR,1,0,0,exhibition,y,d
BCG194311072,PIR,2,0,1,0,1,,,,,,,,,,,,,,,,,,,,,,,,6,pirrj101,value,25,22,4,9,2,1,0,4,0,0,2,1,0,3,0,1,1,0,0,15,0,18,5,0,1,0,3,3,0,0,0,0,0,0,0,0,1,1,0,15,10,0,1,0,0,0,1,1,lowrp101,calvj102,metkg101,pafka101,pridj101,russr101,bellf104,maloe101,thomf105,thomf105,maloe101,russr101,pridj101,calvj102,lowrp101,bellf104,pafka101,metkg101,,19431107,2,LOS04,v,BCG,1,0,0,exhibition,y,d
BCG194311072,BCG,0,0,3,0,0,,,,,,,,,,,,,,,,,,,,,,,,0,,value,18,18,3,5,0,1,0,3,0,0,0,0,0,0,1,1,1,0,0,15,0,25,9,2,1,0,4,4,1,0,3,2,0,0,0,0,0,1,0,15,8,1,1,0,0,0,0,1,hydec101,bellj103,speac103,leonb101,easth104,sampt101,radct101,walkh103,markj101,markj101,radct101,leonb101,sampt101,easth104,walkh103,speac103,bellj103,hydec101,,19431107,2,LOS04,h,PIR,0,1,0,exhibition,y,d
