gid,id,team,d_seq,d_pos,stattype,d_ifouts,d_po,d_a,d_e,d_dp,d_tp,d_pb,d_wp,d_sb,d_cs,d_gs,date,number,site,vishome,opp,win,loss,tie,gametype,box,pbp
KCM194204120,barnh102,JAX,1,2,value,24,,,0,,0,,,,,1,19420412,0,HOU04,v,KCM,0,1,0,exhibition,,
KCM194204120,britg103,JAX,1,1,value,,,,0,,0,0,,,,,19420412,0,HOU04,v,KCM,0,1,0,exhibition,,
KCM194204120,henrp101,JAX,1,1,value,,,,0,,0,0,,,,1,19420412,0,HOU04,v,KCM,0,1,0,exhibition,,
KCM194204120,sarva101,JAX,1,1,value,,,,0,,0,0,,,,,19420412,0,HOU04,v,KCM,0,1,0,exhibition,,
KCM194204120,broww101,KCM,1,8,value,27,,,0,,0,0,,,,,19420412,0,HOU04,h,JAX,1,0,0,exhibition,,
KCM194204120,dawsj102,KCM,1,2,value,27,,,0,,0,,,,,1,19420412,0,HOU04,h,JAX,1,0,0,exhibition,,
KCM194204120,johnc103,KCM,1,1,value,9,,,0,,0,0,,,,1,19420412,0,HOU04,h,JAX,1,0,0,exhibition,,
KCM194204120,paigs101,KCM,1,1,value,9,,,0,,0,0,,,,,19420412,0,HOU04,h,JAX,1,0,0,exhibition,,
KCM194204120,philn101,KCM,1,1,value,9,,,0,,0,0,,,,,19420412,0,HOU04,h,JAX,1,0,0,exhibition,,
KCM194204140,alleh106,JAX,1,1,value,12,,,,0,0,0,,,,1,19420414,0,PTA01,v,KCM,0,1,0,exhibition,,
KCM194204140,britg103,JAX,1,2,value,24,,,0,0,0,0,,,,1,19420414,0,PTA01,v,KCM,0,1,0,exhibition,,
KCM194204140,henrp101,JAX,1,1,value,3,,,,0,0,0,,,,,19420414,0,PTA01,v,KCM,0,1,0,exhibition,,
KCM194204140,sarva101,JAX,1,1,value,6,,,,0,0,0,,,,,19420414,0,PTA01,v,KCM,0,1,0,exhibition,,
KCM194204140,dawsj102,KCM,1,2,value,27,,,0,0,0,0,,,,1,19420414,0,PTA01,h,JAX,1,0,0,exhibition,,
KCM194204140,dougj102,KCM,1,1,value,9,,,0,0,0,0,,,,,19420414,0,PTA01,h,JAX,1,0,0,exhibition,,
KCM194204140,lamaj102,KCM,1,1,value,12,,,0,0,0,0,,,,1,19420414,0,PTA01,h,JAX,1,0,0,exhibition,,
KCM194204140,paigs101,KCM,1,1,value,6,,,0,0,0,0,,,,,19420414,0,PTA01,h,JAX,1,0,0,exhibition,,
KCM194204150,henrp101,JAX,1,1,value,15,,,0,0,0,0,,,,,19420415,0,PTA01,v,KCM,0,1,0,exhibition,,
KCM194204150,philn101,JAX,1,1,value,9,,,0,0,0,0,,,,1,19420415,0,PTA01,v,KCM,0,1,0,exhibition,,
KCM194204150,royaj101,JAX,1,2,value,24,,,0,0,0,0,,,,1,19420415,0,PTA01,v,KCM,0,1,0,exhibition,,
KCM194204150,bradf104,KCM,1,1,value,9,,,0,0,0,0,,,,,19420415,0,PTA01,h,JAX,1,0,0,exhibition,,
KCM194204150,dawsj102,KCM,1,2,value,27,,,0,0,0,0,,,,1,19420415,0,PTA01,h,JAX,1,0,0,exhibition,,
KCM194204150,gurlu101,KCM,1,1,value,3,,,0,0,0,0,,,,1,19420415,0,PTA01,h,JAX,1,0,0,exhibition,,
KCM194204150,paigs101,KCM,1,1,value,6,,,0,0,0,0,,,,,19420415,0,PTA01,h,JAX,1,0,0,exhibition,,
KCM194204150,smith111,KCM,1,1,value,9,,,0,0,0,0,,,,,19420415,0,PTA01,h,JAX,1,0,0,exhibition,,
KCM194204160,alleh106,JAX,1,1,value,9,,,0,0,0,0,,,,,19420416,0,PTA01,v,KCM,0,1,0,exhibition,,
KCM194204160,pattu101,JAX,1,1,value,9,,,0,0,0,0,,,,1,19420416,0,PTA01,v,KCM,0,1,0,exhibition,,
KCM194204160,royaj101,JAX,1,2,value,24,,,0,0,0,0,,,,1,19420416,0,PTA01,v,KCM,0,1,0,exhibition,,
KCM194204160,sarva101,JAX,1,1,value,6,,,0,0,0,0,,,,,19420416,0,PTA01,v,KCM,0,1,0,exhibition,,
KCM194204160,woodp104,JAX,1,5,value,24,,,0,0,0,0,,,,,19420416,0,PTA01,v,KCM,0,1,0,exhibition,,
KCM194204160,dawsj102,KCM,1,2,value,6,,,0,0,0,0,,,,,19420416,0,PTA01,h,JAX,1,0,0,exhibition,,
KCM194204160,granu101,KCM,1,1,value,6,,,0,0,0,0,,,,1,19420416,0,PTA01,h,JAX,1,0,0,exhibition,,
KCM194204160,greej108,KCM,1,2,value,21,,,0,0,0,0,,,,1,19420416,0,PTA01,h,JAX,1,0,0,exhibition,,
KCM194204160,johnc103,KCM,1,1,value,6,,,0,0,0,0,,,,,19420416,0,PTA01,h,JAX,1,0,0,exhibition,,
KCM194204160,mcdab101,KCM,1,1,value,9,,,0,0,0,0,,,,,19420416,0,PTA01,h,JAX,1,0,0,exhibition,,
KCM194204160,paigs101,KCM,1,1,value,6,,,0,0,0,0,,,,,19420416,0,PTA01,h,JAX,1,0,0,exhibition,,
KCM194204160,simmw101,KCM,1,7,value,27,,,0,0,0,0,,,,,19420416,0,PTA01,h,JAX,1,0,0,exhibition,,
CCB194204220,alleh106,JAX,1,1,value,,,,0,,0,0,,,,,19420422,0,PTX01,v,CCB,0,0,1,exhibition,,
CCB194204220,henrp101,JAX,1,1,value,,,,0,,0,0,,,,1,19420422,0,PTX01,v,CCB,0,0,1,exhibition,,
CCB194204220,boona101,CCB,1,1,value,,,,0,,0,0,,,,1,19420422,0,PTX01,h,JAX,0,0,1,exhibition,,
CCB194204220,breme101,CCB,1,1,value,,,,0,,0,0,,,,,19420422,0,PTX01,h,JAX,0,0,1,exhibition,,
MEM194204261,mossp101,MEM,1,1,value,27,,,0,,0,0,,,,1,19420426,1,MEM02,h,JAX,1,0,0,exhibition,,
MEM194204262,mathv101,MEM,1,1,value,21,,,0,,0,0,,,,1,19420426,2,MEM02,h,JAX,1,0,0,exhibition,,
CAG194205031,andrj104,JAX,1,7,value,24,,,0,,0,0,,,,,19420503,1,OKC01,v,CAG,0,1,0,exhibition,,
CAG194205031,britg103,JAX,1,2,value,24,,,0,,0,,,,,1,19420503,1,OKC01,v,CAG,0,1,0,exhibition,,
CAG194205031,henrp101,JAX,1,1,value,24,,,0,,0,0,,,,1,19420503,1,OKC01,v,CAG,0,1,0,exhibition,,
CAG194205031,cannw101,CAG,1,4,value,27,,,0,,0,0,,,,,19420503,1,OKC01,h,JAX,1,0,0,exhibition,,
CAG194205031,cornw101,CAG,1,1,value,27,,,0,,0,0,,,,1,19420503,1,OKC01,h,JAX,1,0,0,exhibition,,
CAG194205031,hubej101,CAG,1,2,value,27,,,0,,0,,,,,1,19420503,1,OKC01,h,JAX,1,0,0,exhibition,,
CAG194205031,penna101,CAG,1,3,value,27,,,0,,0,0,,,,,19420503,1,OKC01,h,JAX,1,0,0,exhibition,,
CAG194205031,radca101,CAG,1,5,value,27,,,0,,0,0,,,,,19420503,1,OKC01,h,JAX,1,0,0,exhibition,,
CAG194205031,wyatr101,CAG,1,6,value,27,,,0,,0,0,,,,,19420503,1,OKC01,h,JAX,1,0,0,exhibition,,
CAG194205032,alleh106,JAX,1,1,value,18,,,0,,0,0,,,,1,19420503,2,OKC01,v,CAG,0,1,0,exhibition,,
CAG194205032,royaj101,JAX,1,2,value,18,,,0,,0,,,,,1,19420503,2,OKC01,v,CAG,0,1,0,exhibition,,
CAG194205032,bensc101,CAG,1,2,value,21,,,0,,0,,,,,1,19420503,2,OKC01,h,JAX,1,0,0,exhibition,,
CAG194205032,jessg101,CAG,1,1,value,,,,0,,0,0,,,,1,19420503,2,OKC01,h,JAX,1,0,0,exhibition,,
CAG194205032,suttl101,CAG,1,1,value,,,,0,,0,0,,,,,19420503,2,OKC01,h,JAX,1,0,0,exhibition,,
BIR194205101,ray-j102,JAX,1,8,value,24,1,0,0,0,0,,,,,1,19420510,1,BIR01,v,BIR,0,1,0,regular,y,
BIR194205101,woodp104,JAX,1,5,value,24,2,2,0,0,0,,,,,1,19420510,1,BIR01,v,BIR,0,1,0,regular,y,
BIR194205101,clevd101,JAX,1,9,value,24,3,0,0,0,0,,,,,1,19420510,1,BIR01,v,BIR,0,1,0,regular,y,
BIR194205101,andrj104,JAX,1,7,value,24,4,0,0,0,0,,,,,1,19420510,1,BIR01,v,BIR,0,1,0,regular,y,
BIR194205101,royaj101,JAX,1,2,value,12,1,2,1,0,0,1,,,,1,19420510,1,BIR01,v,BIR,0,1,0,regular,y,
BIR194205101,britg103,JAX,1,2,value,12,0,0,0,0,0,1,,,,,19420510,1,BIR01,v,BIR,0,1,0,regular,y,
BIR194205101,canaj102,JAX,1,3,value,24,10,1,1,1,0,,,,,1,19420510,1,BIR01,v,BIR,0,1,0,regular,y,
BIR194205101,smith113,JAX,1,4,value,24,2,5,0,1,0,,,,,1,19420510,1,BIR01,v,BIR,0,1,0,regular,y,
BIR194205101,lamac101,JAX,1,6,value,24,1,4,1,1,0,,,,,1,19420510,1,BIR01,v,BIR,0,1,0,regular,y,
BIR194205101,henrp101,JAX,1,1,value,13,0,0,0,0,0,,,,,1,19420510,1,BIR01,v,BIR,0,1,0,regular,y,
BIR194205101,sarva101,JAX,1,1,value,11,0,0,1,0,0,,,,,,19420510,1,BIR01,v,BIR,0,1,0,regular,y,
BIR194205101,sampt101,BIR,1,4,value,27,4,3,0,1,0,,,,,1,19420510,1,BIR01,h,JAX,1,0,0,regular,y,
BIR194205101,bradb107,BIR,1,9,value,27,0,0,0,0,0,,,,,1,19420510,1,BIR01,h,JAX,1,0,0,regular,y,
BIR194205101,davel102,BIR,1,8,value,27,2,0,1,0,0,,,,,1,19420510,1,BIR01,h,JAX,1,0,0,regular,y,
BIR194205101,bostl102,BIR,1,3,value,27,7,0,0,1,0,,,,,1,19420510,1,BIR01,h,JAX,1,0,0,regular,y,
BIR194205101,lockl101,BIR,1,5,value,27,4,1,0,0,0,,,,,1,19420510,1,BIR01,h,JAX,1,0,0,regular,y,
BIR194205101,warrj101,BIR,1,7,value,27,3,1,0,0,0,,,,,1,19420510,1,BIR01,h,JAX,1,0,0,regular,y,
BIR194205101,spenj103,BIR,1,6,value,27,3,4,0,1,0,,,,,1,19420510,1,BIR01,h,JAX,1,0,0,regular,y,
BIR194205101,hardp102,BIR,1,2,value,27,4,1,0,0,0,1,,,,1,19420510,1,BIR01,h,JAX,1,0,0,regular,y,
BIR194205101,bankd101,BIR,1,1,value,24,0,1,0,0,0,,,,,1,19420510,1,BIR01,h,JAX,1,0,0,regular,y,
BIR194205101,markj101,BIR,1,1,value,3,0,0,0,0,0,,,,,,19420510,1,BIR01,h,JAX,1,0,0,regular,y,
BIR194205102,ray-j102,JAX,1,8,value,21,2,1,0,0,0,,,,,1,19420510,2,BIR01,v,BIR,1,0,0,regular,y,
BIR194205102,woodp104,JAX,1,5,value,21,2,1,0,0,0,,,,,1,19420510,2,BIR01,v,BIR,1,0,0,regular,y,
BIR194205102,clevd101,JAX,1,9,value,21,1,0,0,0,0,,,,,1,19420510,2,BIR01,v,BIR,1,0,0,regular,y,
BIR194205102,turnh101,JAX,1,7,value,21,0,0,0,0,0,,,,,1,19420510,2,BIR01,v,BIR,1,0,0,regular,y,
BIR194205102,britg103,JAX,1,2,value,,5,1,0,0,0,1,,,,1,19420510,2,BIR01,v,BIR,1,0,0,regular,y,
BIR194205102,royaj101,JAX,1,2,value,,0,0,0,0,0,1,,,,,19420510,2,BIR01,v,BIR,1,0,0,regular,y,
BIR194205102,canaj102,JAX,1,3,value,21,6,0,0,0,0,,,,,1,19420510,2,BIR01,v,BIR,1,0,0,regular,y,
BIR194205102,smith113,JAX,1,4,value,21,2,1,0,0,0,,,,,1,19420510,2,BIR01,v,BIR,1,0,0,regular,y,
BIR194205102,lamac101,JAX,1,6,value,21,2,3,0,0,0,,,,,1,19420510,2,BIR01,v,BIR,1,0,0,regular,y,
BIR194205102,alleh106,JAX,1,1,value,12,0,0,1,0,0,,,,,1,19420510,2,BIR01,v,BIR,1,0,0,regular,y,
BIR194205102,brooa102,JAX,1,1,value,9,1,0,0,0,0,,,,,,19420510,2,BIR01,v,BIR,1,0,0,regular,y,
BIR194205102,sampt101,BIR,1,4,value,21,3,1,0,0,0,,,,,1,19420510,2,BIR01,h,JAX,0,1,0,regular,y,
BIR194205102,bradb107,BIR,1,9,value,21,1,0,0,0,0,,,,,1,19420510,2,BIR01,h,JAX,0,1,0,regular,y,
BIR194205102,davel102,BIR,1,8,value,21,1,0,0,0,0,,,,,1,19420510,2,BIR01,h,JAX,0,1,0,regular,y,
BIR194205102,bostl102,BIR,1,3,value,21,3,0,0,0,0,,,,,1,19420510,2,BIR01,h,JAX,0,1,0,regular,y,
BIR194205102,lockl101,BIR,1,5,value,21,2,1,0,0,0,,,,,1,19420510,2,BIR01,h,JAX,0,1,0,regular,y,
BIR194205102,warrj101,BIR,1,7,value,21,1,0,0,0,0,,,,,1,19420510,2,BIR01,h,JAX,0,1,0,regular,y,
BIR194205102,spenj103,BIR,1,6,value,12,0,3,1,0,0,,,,,1,19420510,2,BIR01,h,JAX,0,1,0,regular,y,
BIR194205102,mornl101,BIR,1,6,value,9,1,1,0,0,0,,,,,,19420510,2,BIR01,h,JAX,0,1,0,regular,y,
BIR194205102,radct101,BIR,1,2,value,18,7,4,0,0,0,1,,,,1,19420510,2,BIR01,h,JAX,0,1,0,regular,y,
BIR194205102,hardp102,BIR,1,2,value,3,2,4,0,0,0,1,,,,,19420510,2,BIR01,h,JAX,0,1,0,regular,y,
BIR194205102,mckig101,BIR,1,1,value,12,0,1,0,0,0,,,,,1,19420510,2,BIR01,h,JAX,0,1,0,regular,y,
BIR194205102,markj101,BIR,1,1,value,9,0,0,0,0,0,,,,,,19420510,2,BIR01,h,JAX,0,1,0,regular,y,
CCB194205171,alleh106,JAX,1,1,value,27,,,0,,0,0,,,,1,19420517,1,CIN07,v,CCB,1,0,0,regular,,
CCB194205171,royaj101,JAX,1,2,value,27,,,0,,0,,,,,1,19420517,1,CIN07,v,CCB,1,0,0,regular,,
CCB194205171,breme101,CCB,1,1,value,27,,,0,,0,0,,,,1,19420517,1,CIN07,h,JAX,0,1,0,regular,,
CCB194205171,browj113,CCB,1,2,value,27,,,0,,0,,,,,1,19420517,1,CIN07,h,JAX,0,1,0,regular,,
CCB194205172,ellis102,JAX,1,1,value,21,,,0,,0,0,,,,1,19420517,2,CIN07,v,CCB,1,0,0,regular,,
CCB194205172,royaj101,JAX,1,2,value,21,,,0,,0,,,,,1,19420517,2,CIN07,v,CCB,1,0,0,regular,,
CCB194205172,woodp104,JAX,1,5,value,21,,,0,,0,0,,,,,19420517,2,CIN07,v,CCB,1,0,0,regular,,
CCB194205172,jeffw101,CCB,1,1,value,21,,,0,,0,0,,,,1,19420517,2,CIN07,h,JAX,0,1,0,regular,,
CCB194205172,taylr102,CCB,1,2,value,21,,,0,,0,,,,,1,19420517,2,CIN07,h,JAX,0,1,0,regular,,
CCB194205180,robir102,CCB,1,1,value,27,,,0,,0,0,,,,1,19420518,0,HUN02,h,JAX,1,0,0,regular,,
CCB194205241,smith113,JAX,1,4,value,24,2,3,0,0,0,,,,,1,19420524,1,KAN05,v,CCB,0,1,0,regular,y,
CCB194205241,smitg105,JAX,1,5,value,24,1,1,0,0,0,,,,,1,19420524,1,KAN05,v,CCB,0,1,0,regular,y,
CCB194205241,clevd101,JAX,1,9,value,24,0,0,1,0,0,,,,,1,19420524,1,KAN05,v,CCB,0,1,0,regular,y,
CCB194205241,mclaf102,JAX,1,7,value,9,4,0,0,0,0,,,,,1,19420524,1,KAN05,v,CCB,0,1,0,regular,y,
CCB194205241,mclaf102,JAX,2,8,value,15,,,0,0,0,,,,,1,19420524,1,KAN05,v,CCB,0,1,0,regular,y,
CCB194205241,canaj102,JAX,1,3,value,24,6,1,0,0,0,,,,,1,19420524,1,KAN05,v,CCB,0,1,0,regular,y,
CCB194205241,owens102,JAX,1,8,value,9,1,1,0,0,0,,,,,1,19420524,1,KAN05,v,CCB,0,1,0,regular,y,
CCB194205241,fagag101,JAX,1,7,value,15,0,0,0,0,0,,,,,,19420524,1,KAN05,v,CCB,0,1,0,regular,y,
CCB194205241,royaj101,JAX,1,2,value,,5,2,0,0,0,0,,,,1,19420524,1,KAN05,v,CCB,0,1,0,regular,y,
CCB194205241,turnh101,JAX,1,2,value,,0,0,2,0,0,0,,,,,19420524,1,KAN05,v,CCB,0,1,0,regular,y,
CCB194205241,robis101,JAX,1,6,value,,3,1,0,0,0,,,,,1,19420524,1,KAN05,v,CCB,0,1,0,regular,y,
CCB194205241,lamac101,JAX,1,6,value,,2,2,0,0,0,,,,,,19420524,1,KAN05,v,CCB,0,1,0,regular,y,
CCB194205241,henrp101,JAX,1,1,value,16,0,1,1,0,0,,,,,1,19420524,1,KAN05,v,CCB,0,1,0,regular,y,
CCB194205241,sarva101,JAX,1,1,value,8,0,1,1,0,0,,,,,,19420524,1,KAN05,v,CCB,0,1,0,regular,y,
CCB194205241,wilse104,CCB,1,7,value,27,1,3,2,0,0,,,,,1,19420524,1,KAN05,h,JAX,1,0,0,regular,y,
CCB194205241,hornb101,CCB,1,4,value,27,2,0,1,0,0,,,,,1,19420524,1,KAN05,h,JAX,1,0,0,regular,y,
CCB194205241,woodp104,CCB,1,5,value,27,0,5,0,0,0,,,,,1,19420524,1,KAN05,h,JAX,1,0,0,regular,y,
CCB194205241,browj113,CCB,1,8,value,27,1,1,0,0,0,,,,,1,19420524,1,KAN05,h,JAX,1,0,0,regular,y,
CCB194205241,jeths101,CCB,1,9,value,27,1,0,0,0,0,,,,,1,19420524,1,KAN05,h,JAX,1,0,0,regular,y,
CCB194205241,warea101,CCB,1,3,value,27,12,1,0,0,0,,,,,1,19420524,1,KAN05,h,JAX,1,0,0,regular,y,
CCB194205241,jamet101,CCB,1,6,value,27,2,0,2,0,0,,,,,1,19420524,1,KAN05,h,JAX,1,0,0,regular,y,
CCB194205241,browg104,CCB,1,2,value,27,6,2,0,0,0,0,,,,1,19420524,1,KAN05,h,JAX,1,0,0,regular,y,
CCB194205241,breme101,CCB,1,1,value,27,2,5,2,0,0,,,,,1,19420524,1,KAN05,h,JAX,1,0,0,regular,y,
CCB194205242,smitg105,JAX,1,4,value,18,2,1,2,0,0,,,,,1,19420524,2,KAN05,v,CCB,0,1,0,regular,y,
CCB194205242,fagag101,JAX,1,6,value,18,0,2,0,0,0,,,,,1,19420524,2,KAN05,v,CCB,0,1,0,regular,y,
CCB194205242,clevd101,JAX,1,9,value,18,1,0,0,0,0,,,,,1,19420524,2,KAN05,v,CCB,0,1,0,regular,y,
CCB194205242,mclaf102,JAX,1,7,value,18,1,0,1,0,0,,,,,1,19420524,2,KAN05,v,CCB,0,1,0,regular,y,
CCB194205242,canaj102,JAX,1,3,value,18,6,1,0,0,0,,,,,1,19420524,2,KAN05,v,CCB,0,1,0,regular,y,
CCB194205242,robis101,JAX,1,5,value,18,2,1,0,0,0,,,,,1,19420524,2,KAN05,v,CCB,0,1,0,regular,y,
CCB194205242,owens102,JAX,1,8,value,18,2,0,0,0,0,,,,,1,19420524,2,KAN05,v,CCB,0,1,0,regular,y,
CCB194205242,turnh101,JAX,1,2,value,18,4,1,1,0,0,0,,,,1,19420524,2,KAN05,v,CCB,0,1,0,regular,y,
CCB194205242,alleh106,JAX,1,1,value,12,0,1,0,0,0,,,,,1,19420524,2,KAN05,v,CCB,0,1,0,regular,y,
CCB194205242,ellis102,JAX,1,1,value,6,0,0,0,0,0,,,,,,19420524,2,KAN05,v,CCB,0,1,0,regular,y,
CCB194205242,wilse104,CCB,1,8,value,21,1,0,0,0,0,,,,,1,19420524,2,KAN05,h,JAX,1,0,0,regular,y,
CCB194205242,hornb101,CCB,1,4,value,21,2,2,0,0,0,,,,,1,19420524,2,KAN05,h,JAX,1,0,0,regular,y,
CCB194205242,woodp104,CCB,1,5,value,21,0,1,0,0,0,,,,,1,19420524,2,KAN05,h,JAX,1,0,0,regular,y,
CCB194205242,harrs105,CCB,1,9,value,21,2,0,0,0,0,,,,,1,19420524,2,KAN05,h,JAX,1,0,0,regular,y,
CCB194205242,jeths101,CCB,1,7,value,21,2,0,0,0,0,,,,,1,19420524,2,KAN05,h,JAX,1,0,0,regular,y,
CCB194205242,jamet101,CCB,1,6,value,21,1,1,0,0,0,,,,,1,19420524,2,KAN05,h,JAX,1,0,0,regular,y,
CCB194205242,taylr102,CCB,1,2,value,21,7,1,0,0,0,0,,,,1,19420524,2,KAN05,h,JAX,1,0,0,regular,y,
CCB194205242,warea101,CCB,1,3,value,21,6,0,0,0,0,,,,,1,19420524,2,KAN05,h,JAX,1,0,0,regular,y,
CCB194205242,jeffw101,CCB,1,1,value,21,0,1,0,0,0,,,,,1,19420524,2,KAN05,h,JAX,1,0,0,regular,y,
CCB194205280,sarva101,JAX,1,1,value,24,,,0,,0,0,,,,1,19420528,0,CAN03,v,CCB,0,1,0,regular,,
CCB194205280,hubew101,CCB,1,1,value,27,,,0,,0,0,,,,1,19420528,0,CAN03,h,JAX,1,0,0,regular,,
CCB194205280,jeths101,CCB,1,9,value,27,,,0,,0,0,,,,,19420528,0,CAN03,h,JAX,1,0,0,regular,,
CCB194205300,clevd101,JAX,1,9,value,24,,,0,,0,0,,,,,19420530,0,MEA01,v,CCB,0,1,0,regular,,
CCB194205300,ellis102,JAX,1,1,value,24,,,0,,0,0,,,,1,19420530,0,MEA01,v,CCB,0,1,0,regular,,
CCB194205300,mclaf102,JAX,1,7,value,24,1,,0,,0,0,,,,,19420530,0,MEA01,v,CCB,0,1,0,regular,,
CCB194205300,hornb101,CCB,1,4,value,27,,,0,,0,0,,,,,19420530,0,MEA01,h,JAX,1,0,0,regular,,
CCB194205300,jeffw101,CCB,1,1,value,27,,,0,,0,0,,,,1,19420530,0,MEA01,h,JAX,1,0,0,regular,,
CCB194205311,owens102,JAX,1,8,value,24,,,0,0,0,,,,,1,19420531,1,CLE06,v,CCB,0,1,0,regular,y,
CCB194205311,smitg105,JAX,1,5,value,21,,,0,0,0,,,,,1,19420531,1,CLE06,v,CCB,0,1,0,regular,y,
CCB194205311,smitg105,JAX,2,4,value,3,,,0,0,0,,,,,1,19420531,1,CLE06,v,CCB,0,1,0,regular,y,
CCB194205311,clevd101,JAX,1,9,value,24,,,0,0,0,,,,,1,19420531,1,CLE06,v,CCB,0,1,0,regular,y,
CCB194205311,mclaf102,JAX,1,7,value,24,,,0,0,0,,,,,1,19420531,1,CLE06,v,CCB,0,1,0,regular,y,
CCB194205311,robis101,JAX,1,4,value,15,,,1,0,0,,,,,1,19420531,1,CLE06,v,CCB,0,1,0,regular,y,
CCB194205311,fagag101,JAX,1,4,value,6,,,0,0,0,,,,,,19420531,1,CLE06,v,CCB,0,1,0,regular,y,
CCB194205311,ray-j102,JAX,1,5,value,3,,,0,0,0,,,,,,19420531,1,CLE06,v,CCB,0,1,0,regular,y,
CCB194205311,canaj102,JAX,1,3,value,24,,,1,0,0,,,,,1,19420531,1,CLE06,v,CCB,0,1,0,regular,y,
CCB194205311,royaj101,JAX,1,2,value,24,,,0,0,0,0,,,,1,19420531,1,CLE06,v,CCB,0,1,0,regular,y,
CCB194205311,lamac101,JAX,1,6,value,24,,,1,0,0,,,,,1,19420531,1,CLE06,v,CCB,0,1,0,regular,y,
CCB194205311,alleh106,JAX,1,1,value,24,,,0,0,0,,,,,1,19420531,1,CLE06,v,CCB,0,1,0,regular,y,
CCB194205311,wilse104,CCB,1,8,value,27,,,0,0,0,,,,,1,19420531,1,CLE06,h,JAX,1,0,0,regular,y,
CCB194205311,hornb101,CCB,1,4,value,27,,,0,0,0,,,,,1,19420531,1,CLE06,h,JAX,1,0,0,regular,y,
CCB194205311,jeths101,CCB,1,5,value,27,,,0,0,0,,,,,1,19420531,1,CLE06,h,JAX,1,0,0,regular,y,
CCB194205311,harrs105,CCB,1,7,value,27,,,0,0,0,,,,,1,19420531,1,CLE06,h,JAX,1,0,0,regular,y,
CCB194205311,warea101,CCB,1,3,value,27,,,0,0,0,,,,,1,19420531,1,CLE06,h,JAX,1,0,0,regular,y,
CCB194205311,chrit101,CCB,1,9,value,27,,,0,0,0,,,,,1,19420531,1,CLE06,h,JAX,1,0,0,regular,y,
CCB194205311,jamet101,CCB,1,6,value,27,,,0,0,0,,,,,1,19420531,1,CLE06,h,JAX,1,0,0,regular,y,
CCB194205311,browj113,CCB,1,2,value,27,,,0,0,0,0,,,,1,19420531,1,CLE06,h,JAX,1,0,0,regular,y,
CCB194205311,boona101,CCB,1,1,value,27,,,0,0,0,,,,,1,19420531,1,CLE06,h,JAX,1,0,0,regular,y,
CCB194205312,barnh102,JAX,1,2,value,21,,,0,,0,,,,,1,19420531,2,CLE06,v,CCB,1,0,0,regular,,
CCB194205312,canaj102,JAX,1,3,value,21,,,0,,0,0,,,,1,19420531,2,CLE06,v,CCB,1,0,0,regular,,
CCB194205312,clevd101,JAX,1,9,value,21,,,0,,0,0,,,,1,19420531,2,CLE06,v,CCB,1,0,0,regular,,
CCB194205312,henrp101,JAX,1,1,value,21,,,0,,0,0,,,,1,19420531,2,CLE06,v,CCB,1,0,0,regular,,
CCB194205312,lamac101,JAX,1,5,value,21,,,0,,0,0,,,,1,19420531,2,CLE06,v,CCB,1,0,0,regular,,
CCB194205312,mclaf102,JAX,1,7,value,,,,0,,0,0,,,,1,19420531,2,CLE06,v,CCB,1,0,0,regular,,
CCB194205312,owens102,JAX,1,8,value,,,,0,,0,0,,,,1,19420531,2,CLE06,v,CCB,1,0,0,regular,,
CCB194205312,owens102,JAX,2,7,value,,,,0,0,0,0,,,,1,19420531,2,CLE06,v,CCB,1,0,0,regular,,
CCB194205312,ray-j102,JAX,1,8,value,,,,0,,0,0,,,,,19420531,2,CLE06,v,CCB,1,0,0,regular,,
CCB194205312,robis101,JAX,1,4,value,21,,,0,,0,0,,,,1,19420531,2,CLE06,v,CCB,1,0,0,regular,,
CCB194205312,smitg105,JAX,1,6,value,21,,,0,,0,0,,,,1,19420531,2,CLE06,v,CCB,1,0,0,regular,,
CCB194205312,chrit101,CCB,1,9,value,21,,,0,,0,0,,,,1,19420531,2,CLE06,h,JAX,0,1,0,regular,,
CCB194205312,harrs105,CCB,1,7,value,21,,,0,,0,0,,,,1,19420531,2,CLE06,h,JAX,0,1,0,regular,,
CCB194205312,hornb101,CCB,1,4,value,21,,,0,,0,0,,,,1,19420531,2,CLE06,h,JAX,0,1,0,regular,,
CCB194205312,jamet101,CCB,1,6,value,21,,,0,,0,0,,,,1,19420531,2,CLE06,h,JAX,0,1,0,regular,,
CCB194205312,jeths101,CCB,1,5,value,21,,,0,,0,0,,,,1,19420531,2,CLE06,h,JAX,0,1,0,regular,,
CCB194205312,owens101,CCB,1,1,value,,,,0,,0,0,,,,,19420531,2,CLE06,h,JAX,0,1,0,regular,,
CCB194205312,robir102,CCB,1,1,value,,,,0,,0,0,,,,1,19420531,2,CLE06,h,JAX,0,1,0,regular,,
CCB194205312,taylr102,CCB,1,2,value,21,,,0,,0,,,,,1,19420531,2,CLE06,h,JAX,0,1,0,regular,,
CCB194205312,warea101,CCB,1,3,value,21,,,0,,0,0,,,,1,19420531,2,CLE06,h,JAX,0,1,0,regular,,
CCB194205312,wilse104,CCB,1,8,value,21,,,0,,0,0,,,,1,19420531,2,CLE06,h,JAX,0,1,0,regular,,
CCB194206020,barnh102,JAX,1,2,value,24,,,0,,0,,,,,1,19420602,0,YOU01,v,CCB,0,1,0,regular,,
CCB194206020,sarva101,JAX,1,1,value,24,,,0,,0,0,,,,1,19420602,0,YOU01,v,CCB,0,1,0,regular,,
CCB194206020,breme101,CCB,1,1,value,27,,,0,,0,0,,,,1,19420602,0,YOU01,h,JAX,1,0,0,regular,,
CCB194206020,taylr102,CCB,1,2,value,27,,,0,,0,,,,,1,19420602,0,YOU01,h,JAX,1,0,0,regular,,
CCB194206020,warea101,CCB,1,3,value,27,,,0,,0,0,,,,,19420602,0,YOU01,h,JAX,1,0,0,regular,,
CCB194206030,owens102,JAX,1,9,value,24,1,0,0,0,0,,,,,1,19420603,0,ERI01,v,CCB,0,1,0,regular,y,
CCB194206030,smitg105,JAX,1,5,value,24,0,2,0,0,0,,,,,1,19420603,0,ERI01,v,CCB,0,1,0,regular,y,
CCB194206030,ray-j102,JAX,1,8,value,24,0,0,0,0,0,,,,,1,19420603,0,ERI01,v,CCB,0,1,0,regular,y,
CCB194206030,mclaf102,JAX,1,7,value,24,3,0,0,0,0,,,,,1,19420603,0,ERI01,v,CCB,0,1,0,regular,y,
CCB194206030,canaj102,JAX,1,3,value,24,10,0,0,2,0,,,,,1,19420603,0,ERI01,v,CCB,0,1,0,regular,y,
CCB194206030,smith113,JAX,1,4,value,24,2,5,0,2,0,,,,,1,19420603,0,ERI01,v,CCB,0,1,0,regular,y,
CCB194206030,barnh102,JAX,1,2,value,24,2,2,0,0,0,1,,,,1,19420603,0,ERI01,v,CCB,0,1,0,regular,y,
CCB194206030,lamac101,JAX,1,6,value,24,6,2,1,2,0,,,,,1,19420603,0,ERI01,v,CCB,0,1,0,regular,y,
CCB194206030,mckef102,JAX,1,1,value,2,0,0,0,0,0,,,,,1,19420603,0,ERI01,v,CCB,0,1,0,regular,y,
CCB194206030,alleh106,JAX,1,1,value,22,0,1,0,0,0,,,,,,19420603,0,ERI01,v,CCB,0,1,0,regular,y,
CCB194206030,lylej102,CCB,1,5,value,27,3,3,0,0,0,,,,,1,19420603,0,ERI01,h,JAX,1,0,0,regular,y,
CCB194206030,wilse104,CCB,1,8,value,27,1,0,0,0,0,,,,,1,19420603,0,ERI01,h,JAX,1,0,0,regular,y,
CCB194206030,hornb101,CCB,1,4,value,27,3,3,1,1,0,,,,,1,19420603,0,ERI01,h,JAX,1,0,0,regular,y,
CCB194206030,jeths101,CCB,1,7,value,27,3,0,0,0,0,,,,,1,19420603,0,ERI01,h,JAX,1,0,0,regular,y,
CCB194206030,harrs105,CCB,1,9,value,27,1,0,0,0,0,,,,,1,19420603,0,ERI01,h,JAX,1,0,0,regular,y,
CCB194206030,warea101,CCB,1,3,value,27,9,1,0,2,0,,,,,1,19420603,0,ERI01,h,JAX,1,0,0,regular,y,
CCB194206030,jamet101,CCB,1,6,value,27,4,2,1,2,0,,,,,1,19420603,0,ERI01,h,JAX,1,0,0,regular,y,
CCB194206030,burcw101,CCB,1,2,value,27,3,0,0,0,0,1,,,,1,19420603,0,ERI01,h,JAX,1,0,0,regular,y,
CCB194206030,jeffw101,CCB,1,1,value,12,0,3,0,0,0,,,,,1,19420603,0,ERI01,h,JAX,1,0,0,regular,y,
CCB194206030,smitd106,CCB,1,1,value,9,0,0,0,0,0,,,,,,19420603,0,ERI01,h,JAX,1,0,0,regular,y,
CCB194206030,owens101,CCB,1,1,value,6,0,0,0,0,0,,,,,,19420603,0,ERI01,h,JAX,1,0,0,regular,y,
MEM194206071,owens102,JAX,1,8,value,24,2,0,0,0,0,,,,,1,19420607,1,LRK02,v,MEM,0,1,0,regular,y,
MEM194206071,smitg105,JAX,1,5,value,24,2,2,1,0,0,,,,,1,19420607,1,LRK02,v,MEM,0,1,0,regular,y,
MEM194206071,ray-j102,JAX,1,9,value,15,0,0,0,0,0,,,,,1,19420607,1,LRK02,v,MEM,0,1,0,regular,y,
MEM194206071,andrj104,JAX,1,9,value,9,1,0,0,0,0,,,,,,19420607,1,LRK02,v,MEM,0,1,0,regular,y,
MEM194206071,mclaf102,JAX,1,7,value,24,2,0,0,0,0,,,,,1,19420607,1,LRK02,v,MEM,0,1,0,regular,y,
MEM194206071,canaj102,JAX,1,3,value,24,12,0,1,2,0,,,,,1,19420607,1,LRK02,v,MEM,0,1,0,regular,y,
MEM194206071,smith113,JAX,1,4,value,24,2,4,0,1,0,,,,,1,19420607,1,LRK02,v,MEM,0,1,0,regular,y,
MEM194206071,barnh102,JAX,1,2,value,24,0,0,0,0,0,1,,,,1,19420607,1,LRK02,v,MEM,0,1,0,regular,y,
MEM194206071,lamac101,JAX,1,6,value,24,3,5,0,1,0,,,,,1,19420607,1,LRK02,v,MEM,0,1,0,regular,y,
MEM194206071,sarva101,JAX,1,1,value,24,0,5,0,1,0,,,,,1,19420607,1,LRK02,v,MEM,0,1,0,regular,y,
MEM194206071,hydec101,MEM,1,9,value,27,1,0,0,0,0,,,,,1,19420607,1,LRK02,h,JAX,1,0,0,regular,y,
MEM194206071,browt105,MEM,1,6,value,27,2,3,0,0,0,,,,,1,19420607,1,LRK02,h,JAX,1,0,0,regular,y,
MEM194206071,cartm101,MEM,1,5,value,27,1,1,0,0,0,,,,,1,19420607,1,LRK02,h,JAX,1,0,0,regular,y,
MEM194206071,mcdaf101,MEM,1,7,value,27,6,0,0,0,0,,,,,1,19420607,1,LRK02,h,JAX,1,0,0,regular,y,
MEM194206071,robin101,MEM,1,8,value,27,3,0,0,0,0,,,,,1,19420607,1,LRK02,h,JAX,1,0,0,regular,y,
MEM194206071,taylj106,MEM,1,3,value,27,6,0,0,0,0,,,,,1,19420607,1,LRK02,h,JAX,1,0,0,regular,y,
MEM194206071,bankf101,MEM,1,4,value,27,3,3,0,0,0,,,,,1,19420607,1,LRK02,h,JAX,1,0,0,regular,y,
MEM194206071,smitb114,MEM,1,2,value,27,5,0,0,0,0,0,,,,1,19420607,1,LRK02,h,JAX,1,0,0,regular,y,
MEM194206071,hutcw101,MEM,1,1,value,27,0,2,0,0,0,,,,,1,19420607,1,LRK02,h,JAX,1,0,0,regular,y,
MEM194206072,alleh106,JAX,1,1,value,19,,,0,,0,0,,,,1,19420607,2,LRK02,v,MEM,0,1,0,regular,,
MEM194206072,barnh102,JAX,1,2,value,19,,,0,,0,,,,,1,19420607,2,LRK02,v,MEM,0,1,0,regular,,
MEM194206072,canaj102,JAX,1,3,value,19,,,0,,0,0,,,,,19420607,2,LRK02,v,MEM,0,1,0,regular,,
MEM194206072,browl107,MEM,1,2,value,21,,,0,,0,,,,,1,19420607,2,LRK02,h,JAX,1,0,0,regular,,
MEM194206072,mathv101,MEM,1,1,value,21,,,0,,0,0,,,,1,19420607,2,LRK02,h,JAX,1,0,0,regular,,
MEM194206090,henrp101,JAX,1,1,value,24,,,0,,0,0,,,,1,19420609,0,CLA01,v,MEM,0,1,0,regular,,
MEM194206090,turnh101,JAX,1,2,value,24,,,0,,0,,,,,1,19420609,0,CLA01,v,MEM,0,1,0,regular,,
MEM194206090,keyer101,MEM,1,1,value,27,,,0,,0,0,,,,1,19420609,0,CLA01,h,JAX,1,0,0,regular,,
MEM194206090,smitb114,MEM,1,2,value,27,,,0,,0,,,,,1,19420609,0,CLA01,h,JAX,1,0,0,regular,,
MEM194206141,mossp101,MEM,1,1,value,27,,,0,,0,0,,,,1,19420614,1,MEM02,h,JAX,1,0,0,regular,,
MEM194206141,robin101,MEM,1,8,value,27,,,0,,0,0,,,,,19420614,1,MEM02,h,JAX,1,0,0,regular,,
MEM194206142,alleh106,MEM,1,1,value,21,,,0,,0,0,,,,1,19420614,2,MEM02,h,JAX,1,0,0,regular,,
MEM194206142,robin101,MEM,1,8,value,21,,,0,,0,0,,,,,19420614,2,MEM02,h,JAX,1,0,0,regular,,
MEM194206170,sarva101,JAX,1,1,value,24,,,0,,0,0,,,,1,19420617,0,FIN01,v,MEM,0,1,0,regular,,
MEM194206170,browl107,MEM,1,2,value,27,,,0,,0,,,,,1,19420617,0,FIN01,h,JAX,1,0,0,regular,,
MEM194206170,evanf101,MEM,1,1,value,,,,0,,0,0,,,,1,19420617,0,FIN01,h,JAX,1,0,0,regular,,
MEM194206170,keyer101,MEM,1,1,value,,,,0,,0,0,,,,,19420617,0,FIN01,h,JAX,1,0,0,regular,,
MEM194206170,taylj106,MEM,1,3,value,27,,,0,,0,0,,,,,19420617,0,FIN01,h,JAX,1,0,0,regular,,
MEM194206180,boonl102,JAX,1,1,value,13,,,0,,0,0,,,,1,19420618,0,DEF01,v,MEM,0,1,0,regular,,
MEM194206180,royaj101,JAX,1,1,value,11,,,0,,0,0,,,,,19420618,0,DEF01,v,MEM,0,1,0,regular,,
MEM194206180,bankf101,MEM,1,4,value,27,,,0,,0,0,,,,,19420618,0,DEF01,h,JAX,1,0,0,regular,,
MEM194206180,browt105,MEM,1,6,value,27,,,0,,0,0,,,,,19420618,0,DEF01,h,JAX,1,0,0,regular,,
MEM194206180,philn101,MEM,1,1,value,27,,,0,,0,0,,,,1,19420618,0,DEF01,h,JAX,1,0,0,regular,,
MEM194206180,taylj106,MEM,1,3,value,27,,,0,,0,0,,,,,19420618,0,DEF01,h,JAX,1,0,0,regular,,
CCB194206281,alleh106,JAX,1,1,value,24,,,0,,0,0,,,,1,19420628,1,AKR01,v,CCB,0,1,0,regular,,
CCB194206281,jeffw101,CCB,1,1,value,27,,,0,,0,0,,,,1,19420628,1,AKR01,h,JAX,1,0,0,regular,,
CCB194206282,ellis102,JAX,1,1,value,18,,,0,,0,0,,,,1,19420628,2,AKR01,v,CCB,0,1,0,regular,,
CCB194206282,breme101,CCB,1,1,value,21,,,0,,0,0,,,,1,19420628,2,AKR01,h,JAX,1,0,0,regular,,
CCB194206282,jeths101,CCB,1,7,value,21,,,0,,0,0,,,,,19420628,2,AKR01,h,JAX,1,0,0,regular,,
BIR194207041,ray-j102,JAX,1,5,value,24,1,1,0,0,0,,,,,1,19420704,1,BIR01,v,BIR,0,1,0,regular,y,
BIR194207041,smitg105,JAX,1,6,value,24,1,3,0,0,0,,,,,1,19420704,1,BIR01,v,BIR,0,1,0,regular,y,
BIR194207041,turnh101,JAX,1,2,value,24,4,0,0,0,0,0,,,,1,19420704,1,BIR01,v,BIR,0,1,0,regular,y,
BIR194207041,mclaf102,JAX,1,7,value,24,3,0,0,0,0,,,,,1,19420704,1,BIR01,v,BIR,0,1,0,regular,y,
BIR194207041,andrj104,JAX,1,9,value,24,0,0,0,0,0,,,,,1,19420704,1,BIR01,v,BIR,0,1,0,regular,y,
BIR194207041,canaj102,JAX,1,3,value,24,8,0,0,0,0,,,,,1,19420704,1,BIR01,v,BIR,0,1,0,regular,y,
BIR194207041,owens102,JAX,1,8,value,24,4,0,0,0,0,,,,,1,19420704,1,BIR01,v,BIR,0,1,0,regular,y,
BIR194207041,lamac101,JAX,1,4,value,24,3,3,0,0,0,,,,,1,19420704,1,BIR01,v,BIR,0,1,0,regular,y,
BIR194207041,alleh106,JAX,1,1,value,15,0,1,1,0,0,,,,,1,19420704,1,BIR01,v,BIR,0,1,0,regular,y,
BIR194207041,sarva101,JAX,1,1,value,9,0,2,0,0,0,,,,,,19420704,1,BIR01,v,BIR,0,1,0,regular,y,
BIR194207041,sampt101,BIR,1,4,value,27,1,3,0,0,0,,,,,1,19420704,1,BIR01,h,JAX,1,0,0,regular,y,
BIR194207041,walkh103,BIR,1,6,value,27,2,2,1,0,0,,,,,1,19420704,1,BIR01,h,JAX,1,0,0,regular,y,
BIR194207041,davel102,BIR,1,8,value,,0,0,0,0,0,,,,,1,19420704,1,BIR01,h,JAX,1,0,0,regular,y,
BIR194207041,bennu101,BIR,1,8,value,,1,0,1,0,0,,,,,,19420704,1,BIR01,h,JAX,1,0,0,regular,y,
BIR194207041,mornl101,BIR,1,5,value,27,2,0,0,0,0,,,,,1,19420704,1,BIR01,h,JAX,1,0,0,regular,y,
BIR194207041,harrr105,BIR,1,7,value,27,2,1,0,0,0,,,,,1,19420704,1,BIR01,h,JAX,1,0,0,regular,y,
BIR194207041,smitj112,BIR,1,3,value,27,8,0,0,0,0,,,,,1,19420704,1,BIR01,h,JAX,1,0,0,regular,y,
BIR194207041,bradb107,BIR,1,9,value,27,2,0,0,0,0,,,,,1,19420704,1,BIR01,h,JAX,1,0,0,regular,y,
BIR194207041,hardp102,BIR,1,2,value,27,9,1,0,0,0,1,,,,1,19420704,1,BIR01,h,JAX,1,0,0,regular,y,
BIR194207041,markj101,BIR,1,1,value,27,0,0,0,0,0,,,,,1,19420704,1,BIR01,h,JAX,1,0,0,regular,y,
BIR194207042,smitg105,JAX,1,6,value,21,0,1,0,0,0,,,,,1,19420704,2,BIR01,v,BIR,1,0,0,regular,y,
BIR194207042,ray-j102,JAX,1,5,value,21,2,2,0,0,0,,,,,1,19420704,2,BIR01,v,BIR,1,0,0,regular,y,
BIR194207042,robis101,JAX,1,4,value,21,2,4,0,0,0,,,,,1,19420704,2,BIR01,v,BIR,1,0,0,regular,y,
BIR194207042,mclaf102,JAX,1,7,value,21,2,0,0,0,0,,,,,1,19420704,2,BIR01,v,BIR,1,0,0,regular,y,
BIR194207042,andrj104,JAX,1,9,value,21,1,0,0,0,0,,,,,1,19420704,2,BIR01,v,BIR,1,0,0,regular,y,
BIR194207042,canaj102,JAX,1,3,value,21,8,0,0,0,0,,,,,1,19420704,2,BIR01,v,BIR,1,0,0,regular,y,
BIR194207042,owens102,JAX,1,8,value,21,2,0,0,0,0,,,,,1,19420704,2,BIR01,v,BIR,1,0,0,regular,y,
BIR194207042,barnh102,JAX,1,2,value,21,4,1,0,0,0,1,,,,1,19420704,2,BIR01,v,BIR,1,0,0,regular,y,
BIR194207042,sarva101,JAX,1,1,value,21,0,2,0,0,0,,,,,1,19420704,2,BIR01,v,BIR,1,0,0,regular,y,
BIR194207042,sampt101,BIR,1,4,value,21,7,5,1,0,0,,,,,1,19420704,2,BIR01,h,JAX,0,1,0,regular,y,
BIR194207042,walkh103,BIR,1,6,value,21,0,2,0,0,0,,,,,1,19420704,2,BIR01,h,JAX,0,1,0,regular,y,
BIR194207042,bradb107,BIR,1,9,value,21,0,0,0,0,0,,,,,1,19420704,2,BIR01,h,JAX,0,1,0,regular,y,
BIR194207042,mornl101,BIR,1,5,value,21,0,0,0,0,0,,,,,1,19420704,2,BIR01,h,JAX,0,1,0,regular,y,
BIR194207042,harrr105,BIR,1,8,value,21,1,0,0,0,0,,,,,1,19420704,2,BIR01,h,JAX,0,1,0,regular,y,
BIR194207042,bennu101,BIR,1,7,value,21,2,0,0,0,0,,,,,1,19420704,2,BIR01,h,JAX,0,1,0,regular,y,
BIR194207042,gilyl101,BIR,1,3,value,21,7,1,0,0,0,,,,,1,19420704,2,BIR01,h,JAX,0,1,0,regular,y,
BIR194207042,hardp102,BIR,1,2,value,21,4,0,0,0,0,0,,,,1,19420704,2,BIR01,h,JAX,0,1,0,regular,y,
BIR194207042,ellis102,BIR,1,1,value,15,0,0,1,0,0,,,,,1,19420704,2,BIR01,h,JAX,0,1,0,regular,y,
BIR194207042,gipsa101,BIR,1,1,value,6,0,0,0,0,0,,,,,,19420704,2,BIR01,h,JAX,0,1,0,regular,y,
CCB194208301,fagag101,JAX,1,5,value,24,0,2,1,0,0,,,,,1,19420830,1,CLE06,v,CCB,0,1,0,regular,y,
CCB194208301,riddm101,JAX,1,4,value,,4,2,0,0,0,,,,,1,19420830,1,CLE06,v,CCB,0,1,0,regular,y,
CCB194208301,riddm101,JAX,2,6,value,,,,0,0,0,,,,,1,19420830,1,CLE06,v,CCB,0,1,0,regular,y,
CCB194208301,farmg101,JAX,1,7,value,24,1,0,0,0,0,,,,,1,19420830,1,CLE06,v,CCB,0,1,0,regular,y,
CCB194208301,davel102,JAX,1,8,value,24,4,0,0,0,0,,,,,1,19420830,1,CLE06,v,CCB,0,1,0,regular,y,
CCB194208301,locku101,JAX,1,3,value,24,6,1,0,1,0,,,,,1,19420830,1,CLE06,v,CCB,0,1,0,regular,y,
CCB194208301,gravu101,JAX,1,9,value,,2,0,0,0,0,,,,,1,19420830,1,CLE06,v,CCB,0,1,0,regular,y,
CCB194208301,gravu101,JAX,2,4,value,,,,0,0,0,,,,,1,19420830,1,CLE06,v,CCB,0,1,0,regular,y,
CCB194208301,britg103,JAX,1,2,value,24,3,3,0,0,0,0,,,,1,19420830,1,CLE06,v,CCB,0,1,0,regular,y,
CCB194208301,dykew101,JAX,1,6,value,,1,4,0,1,0,,,,,1,19420830,1,CLE06,v,CCB,0,1,0,regular,y,
CCB194208301,cornw101,JAX,1,9,value,,2,0,0,0,0,,,,,,19420830,1,CLE06,v,CCB,0,1,0,regular,y,
CCB194208301,boonl102,JAX,1,1,value,24,1,1,0,0,0,,,,,1,19420830,1,CLE06,v,CCB,0,1,0,regular,y,
CCB194208301,lylej102,CCB,1,9,value,,1,2,0,0,0,,,,,1,19420830,1,CLE06,h,JAX,1,0,0,regular,y,
CCB194208301,lylej102,CCB,2,4,value,,,,0,0,0,,,,,1,19420830,1,CLE06,h,JAX,1,0,0,regular,y,
CCB194208301,hornb101,CCB,1,4,value,,0,1,0,0,0,,,,,1,19420830,1,CLE06,h,JAX,1,0,0,regular,y,
CCB194208301,hornb101,CCB,2,6,value,,,,0,0,0,,,,,1,19420830,1,CLE06,h,JAX,1,0,0,regular,y,
CCB194208301,woodp104,CCB,1,5,value,27,1,0,0,0,0,,,,,1,19420830,1,CLE06,h,JAX,1,0,0,regular,y,
CCB194208301,jeths101,CCB,1,8,value,27,0,0,0,0,0,,,,,1,19420830,1,CLE06,h,JAX,1,0,0,regular,y,
CCB194208301,clevd101,CCB,1,7,value,27,1,0,0,0,0,,,,,1,19420830,1,CLE06,h,JAX,1,0,0,regular,y,
CCB194208301,warea101,CCB,1,3,value,27,11,1,1,0,0,,,,,1,19420830,1,CLE06,h,JAX,1,0,0,regular,y,
CCB194208301,browj113,CCB,1,2,value,,7,1,1,0,0,0,,,,1,19420830,1,CLE06,h,JAX,1,0,0,regular,y,
CCB194208301,taylr102,CCB,1,2,value,,2,0,0,0,0,0,,,,,19420830,1,CLE06,h,JAX,1,0,0,regular,y,
CCB194208301,jamet101,CCB,1,6,value,,2,1,0,0,0,,,,,1,19420830,1,CLE06,h,JAX,1,0,0,regular,y,
CCB194208301,chrit101,CCB,1,9,value,,2,0,0,0,0,,,,,,19420830,1,CLE06,h,JAX,1,0,0,regular,y,
CCB194208301,boona101,CCB,1,1,value,21,0,4,0,0,0,,,,,1,19420830,1,CLE06,h,JAX,1,0,0,regular,y,
CCB194208301,owens101,CCB,1,1,value,6,0,0,0,0,0,,,,,,19420830,1,CLE06,h,JAX,1,0,0,regular,y,
CCB194208302,fagag101,JAX,1,5,value,18,0,0,0,0,0,,,,,1,19420830,2,CLE06,v,CCB,0,1,0,regular,y,
CCB194208302,riddm101,JAX,1,6,value,18,0,1,0,0,0,,,,,1,19420830,2,CLE06,v,CCB,0,1,0,regular,y,
CCB194208302,farmg101,JAX,1,7,value,18,1,0,0,0,0,,,,,1,19420830,2,CLE06,v,CCB,0,1,0,regular,y,
CCB194208302,davel102,JAX,1,8,value,18,3,0,0,0,0,,,,,1,19420830,2,CLE06,v,CCB,0,1,0,regular,y,
CCB194208302,locku101,JAX,1,3,value,18,5,0,0,0,0,,,,,1,19420830,2,CLE06,v,CCB,0,1,0,regular,y,
CCB194208302,gravu101,JAX,1,4,value,,0,1,0,0,0,,,,,1,19420830,2,CLE06,v,CCB,0,1,0,regular,y,
CCB194208302,gravu101,JAX,2,2,value,,,,0,0,0,0,,,,1,19420830,2,CLE06,v,CCB,0,1,0,regular,y,
CCB194208302,cornw101,JAX,1,9,value,18,1,0,0,0,0,,,,,1,19420830,2,CLE06,v,CCB,0,1,0,regular,y,
CCB194208302,britg103,JAX,1,2,value,,8,0,0,0,0,0,,,,1,19420830,2,CLE06,v,CCB,0,1,0,regular,y,
CCB194208302,dykew101,JAX,1,4,value,,0,0,0,0,0,,,,,,19420830,2,CLE06,v,CCB,0,1,0,regular,y,
CCB194208302,nashu101,JAX,1,1,value,0,0,0,0,0,0,,,,,1,19420830,2,CLE06,v,CCB,0,1,0,regular,y,
CCB194208302,coopj101,JAX,1,1,value,18,0,0,0,0,0,,,,,,19420830,2,CLE06,v,CCB,0,1,0,regular,y,
CCB194208302,hornb101,CCB,1,4,value,21,4,1,0,0,0,,,,,1,19420830,2,CLE06,h,JAX,1,0,0,regular,y,
CCB194208302,lylej102,CCB,1,5,value,21,0,2,0,0,0,,,,,1,19420830,2,CLE06,h,JAX,1,0,0,regular,y,
CCB194208302,clevd101,CCB,1,7,value,21,2,0,0,0,0,,,,,1,19420830,2,CLE06,h,JAX,1,0,0,regular,y,
CCB194208302,jeths101,CCB,1,8,value,21,0,0,0,0,0,,,,,1,19420830,2,CLE06,h,JAX,1,0,0,regular,y,
CCB194208302,chrit101,CCB,1,9,value,21,0,0,0,0,0,,,,,1,19420830,2,CLE06,h,JAX,1,0,0,regular,y,
CCB194208302,warea101,CCB,1,3,value,21,8,1,0,0,0,,,,,1,19420830,2,CLE06,h,JAX,1,0,0,regular,y,
CCB194208302,taylr102,CCB,1,2,value,21,5,0,0,0,0,0,,,,1,19420830,2,CLE06,h,JAX,1,0,0,regular,y,
CCB194208302,jamet101,CCB,1,6,value,21,1,2,1,0,0,,,,,1,19420830,2,CLE06,h,JAX,1,0,0,regular,y,
CCB194208302,robir102,CCB,1,1,value,21,1,2,0,0,0,,,,,1,19420830,2,CLE06,h,JAX,1,0,0,regular,y,
