gid,visteam,hometeam,site,date,number,starttime,daynight,innings,tiebreaker,usedh,htbf,timeofgame,attendance,fieldcond,precip,sky,temp,winddir,windspeed,oscorer,forfeit,suspend,umphome,ump1b,ump2b,ump3b,umplf,umprf,wp,lp,save,gametype,vruns,hruns,wteam,lteam,line,batteries,lineups,box,pbp,season
BKB193410170,NY5,BKB,NYC23,19341017,0,0:00PM,night,,,false,,120,0,unknown,unknown,unknown,0,unknown,-1,,,,taglp901,browu901,daviu901,goldu902,,,stann101,deand102,,exhibition,6,0,NY5,BKB,y,both,y,y,,1934
NY6193505261,HOM,NY6,NYC23,19350526,1,,,,,,,180,10000,,,,,,,,,,cleap901,turnc101,,,,,dulal101,stann101,,regular,12,3,HOM,NY6,y,both,y,y,,1935
NY6193505262,HOM,NY6,NYC23,19350526,2,,,,,,,120,10000,,,,,,,,,,cleap901,turnc101,,,,,browr103,taylj108,,regular,6,3,HOM,NY6,y,both,y,y,,1935
CUS193505302,NY5,CUS,NYC23,19350530,2,,,,,,,,,,,,,,,,,,ferru901,clinu901,,browu901,,,sardj101,hollb106,,exhibition,6,7,CUS,NY5,y,both,y,y,,1935
NY5193505301,CUS,NY5,NYC23,19350530,1,,,,,,,,,,,,,,,,,,clinu901,browu901,,ferru901,,,miraj102,hubbj101,,exhibition,6,3,CUS,NY5,y,both,y,y,,1935
CUS193507042,NY5,CUS,NYC23,19350704,2,,day,,,,,,5000,,,,,,,,,,clinu901,ferru901,,browu901,,,mcdut101,miraj102,,exhibition,11,3,NY5,CUS,y,both,y,y,,1935
NY5193507041,CUS,NY5,NYC23,19350704,1,,day,,,,,,5000,,,,,,,,,,clinu901,ferru901,,browu901,,,hubbj101,sardj101,,exhibition,14,15,NY5,CUS,y,both,y,y,,1935
NY5193608260,PH5,NY5,NYC23,19360826,0,,day,,,false,,0,0,unknown,unknown,unknown,0,unknown,-1,,,,devoj102,turnu901,,,,,,,,regular,3,3,,,y,both,y,y,d,1936
NY5193609071,WEG,NY5,NYC23,19360907,1,,day,,,,,,,,,,,,,,,,browu901,shanu901,,clinu901,,,willj117,davir103,,regular,6,2,WEG,NY5,y,both,y,y,,1936
NY5193609072,WEG,NY5,NYC23,19360907,2,,day,,,,,,,,,,,,,,,,clinu901,shanu901,,browu901,,,mcheh101,porta103,,regular,7,11,NY5,WEG,y,both,y,y,,1936
NY5193705311,NW2,NY5,NYC23,19370531,1,,day,,,,,,8000,,,,,,,,,,harrm103,turnc101,,,,,day-l101,barbb102,,regular,5,0,NW2,NY5,y,both,y,y,,1937
NY5193705312,NW2,NY5,NYC23,19370531,2,,day,7,,,,,8000,,,,,,,,,,turnc101,harrm103,,,,,kinch101,evanb105,,regular,4,5,NY5,NW2,y,both,y,y,,1937
NY5193707051,NW2,NY5,NYC23,19370705,1,,day,,,,,,,,,,,,,,,,cockp101,craij901,,,,,mcdut101,stann101,,regular,6,3,NW2,NY5,y,both,y,y,,1937
NY5193707052,NW2,NY5,NYC23,19370705,2,,day,7,,,,,,,,,,,,,,,craij901,cockp101,,,,,bellw101,browb107,,regular,6,3,NW2,NY5,,both,y,y,,1937
NY5193709061,WEG,NY5,NYC23,19370906,1,,day,,,false,,0,6000,unknown,unknown,unknown,0,unknown,-1,,,,craij901,forbf901,,,,,hollb106,direj101,,regular,1,3,NY5,WEG,y,both,y,y,d,1937
NY5193709062,WEG,NY5,NYC23,19370906,2,,day,7,,false,,0,6000,unknown,unknown,unknown,0,unknown,-1,,,,forbf901,craij901,,,,,willr106,porta103,stann101,regular,1,4,NY5,WEG,y,both,y,y,d,1937
NAL193709270,NNL,NAL,NYC23,19370927,0,,,,,,,,,,,,,,,,,,,,,,,,parkt101,coopa101,,allstar,14,4,NNL,NAL,y,both,,,,1937
NY5193807041,NW2,NY5,NYC23,19380704,1,,day,,,false,,0,5000,unknown,unknown,unknown,0,unknown,-1,,,,mccrf901,turnu901,(none),forbf901,,,mcdut101,hollb106,,regular,6,3,NW2,NY5,y,both,y,y,d,1938
NY5193807042,NW2,NY5,NYC23,19380704,2,,day,,,false,,0,5000,unknown,unknown,unknown,0,unknown,-1,,,,mccrf901,forbf901,(none),turnu901,,,mcdut101,browb107,,regular,4,3,NW2,NY5,y,both,y,y,d,1938
NY5193905301,BLG,NY5,NYC23,19390530,1,,day,,,,,,7000,,,,,,,,,,turnc101,forbf901,,,,,glovt101,stann101,byrdb101,regular,11,3,BLG,NY5,y,both,y,y,,1939
NY5193905302,BLG,NY5,NYC23,19390530,2,,night,7,,,,,7000,,,,,,,,,,forbf901,turnc101,,,,,mcdut101,phill101,,regular,5,14,NY5,BLG,y,both,y,y,,1939
NY5193907041,NW2,NY5,NYC23,19390704,1,,day,,,,,,,,,,,,,,,,mccrf901,forbf901,,,,,hillj104,hollb106,,regular,3,1,NW2,NY5,y,both,y,y,,1939
NY5193907042,NW2,NY5,NYC23,19390704,2,,night,7,,,,,,,,,,,,,,,forbf901,mccrf901,,,,,browj112,browj115,,regular,0,7,NY5,NW2,y,both,y,y,,1939
BLG193909042,HOM,BLG,NYC23,19390904,2,,,,,,,,10000,,,,,,,,,,,,,,,,partr102,gainj102,,regular,5,3,HOM,BLG,y,both,,,,1939
NY5193909041,NY6,NY5,NYC23,19390904,1,,,,,,,,10000,,,,,,,,,,,,,,,,martf104,stann101,rectc101,regular,3,2,NY6,NY5,y,both,,,,1939
NY6194507160,NW2,NY6,NYC23,19450716,0,,night,,,,,,,,,,,,,,,,mccrf901,raupu901,,bergu901,,,barnd101,hookl101,,regular,3,5,NY6,NW2,y,both,y,y,,1945
NY6194507230,HOM,NY6,NYC23,19450723,0,,,,,,,,,,,,,,,,,,raupu901,bergu901,,,,,wrigj105,andeb106,,regular,5,2,HOM,NY6,y,both,y,y,,1945
NY6194507300,CVB,NY6,NYC23,19450730,0,,night,,,false,,0,0,unknown,unknown,unknown,0,unknown,-1,,,,bergu901,raupu901,,,,,barnd101,browj114,tianl102,exhibition,3,4,NY6,CVB,y,both,y,y,d,1945
NY5194508130,MEM,NY5,NYC23,19450813,0,,night,,,,,,,,,,,,,,,,raupu901,bergu901,,,,,pearf104,adame101,,exhibition,4,2,MEM,NY5,y,both,y,y,,1945
NY5194508200,BLG,NY5,NYC23,19450820,0,,night,,,,,,,,,,,,,,,,mccrf901,raupu901,,bergu901,,,harvb101,poolc101,,regular,7,1,BLG,NY5,y,both,y,y,,1945
NY5194508270,NY6,NY5,NYC23,19450827,0,,,,,,,,,,,,,,,,,,mccrf901,bergu901,,raupu901,,,mackg102,barnd101,,regular,1,4,NY5,NY6,y,both,y,y,,1945
NY6194606030,HOM,NY6,NYC23,19460603,0,,night,,,false,,0,0,unknown,unknown,unknown,0,unknown,-1,,,,craij901,bergu901,(none),ferru901,,,scanp101,walkr103,,regular,3,4,NY6,HOM,y,both,y,y,d,1946
NY6194606100,NW2,NY6,NYC23,19460610,0,,night,,,false,,0,0,unknown,unknown,unknown,0,unknown,-1,,,,mccrf901,bergu901,(none),claru901,,,barnd101,colec106,,regular,1,4,NY6,NW2,y,both,y,y,d,1946
NY5194606170,BLG,NY5,NYC23,19460617,0,,,,,,,,,,,,,,,,,,mccrf901,weimu901,,bergu901,,,figut101,stann101,,regular,5,1,BLG,NY5,y,both,y,y,,1946
NY5194606240,NY6,NY5,NYC23,19460624,0,,night,,,false,,0,0,unknown,unknown,unknown,0,unknown,-1,,,,mccrf901,bergu901,,,,,andeb106,grifb102,,regular,10,2,NY6,NY5,y,both,y,y,d,1946
NY5194607150,NY6,NY5,NYC23,19460715,0,,night,,,,,,,,,,,,,,,,mccrf901,taglp901,,bergu901,,,scanp101,davic105,,regular,9,1,NY6,NY5,y,both,y,y,,1946
NY5194607290,CCR,NY5,NYC23,19460729,0,,night,,,,,,,,,,,,,,,,raupu901,taglp901,bergu901,,,,fernr101,smitw106,grifb102,exhibition,3,4,NY5,CCR,y,both,y,y,,1946
NY5194608050,NW2,NY5,NYC23,19460805,0,,night,,,false,,0,0,unknown,unknown,unknown,0,unknown,-1,,,,mccrf901,bergu901,(none),raupu901,,,mannm101,barbb102,,regular,16,0,NW2,NY5,y,both,y,y,d,1946
NY5194608120,HOM,NY5,NYC23,19460812,0,,,,,,,,,,,,,,,,,,bergu901,taglp901,,raupu901,,,smite111,stann101,,regular,5,1,HOM,NY5,y,both,y,y,,1946
NY5194706230,HOM,NY5,NYC23,19470623,0,,night,,,,,,,,,,,,,,,,raupu901,bergu901,,,,,thomf110,newka101,,regular,6,4,HOM,NY5,y,both,y,y,,1947
NY6194706300,BLG,NY6,NYC23,19470630,0,,night,9,,FALSE,,120,,,,,,,,,,,mccrf901,raupu901,,bergu901,,,cruem101,blacj103,,regular,5,8,NY6,BLG,y,both,y,y,,1947
