gid,id,team,d_seq,d_pos,stattype,d_ifouts,d_po,d_a,d_e,d_dp,d_tp,d_pb,d_wp,d_sb,d_cs,d_gs,date,number,site,vishome,opp,win,loss,tie,gametype,box,pbp,eject
SLN192204130,barfc101,SLN,1,1,value,7,0,1,0,0,0,,,,,0,19220413,0,STL07,h,PIT,1,0,0,regular,y,y,
SLN192204170,barfc101,SLN,1,1,value,23,0,0,0,0,0,,,,,0,19220417,0,STL07,h,CHN,0,1,0,regular,y,y,
PIT192204200,barfc101,SLN,1,1,value,21,0,2,0,0,0,,,,,0,19220420,0,PIT06,v,PIT,0,1,0,regular,y,y,
CIN192204240,barfc101,SLN,1,1,value,8,0,0,0,0,0,,,,,0,19220424,0,CIN07,v,CIN,1,0,0,regular,y,y,
CHN192204270,barfc101,SLN,1,1,value,5,0,0,0,0,0,,,,,0,19220427,0,CHI11,v,CHN,0,1,0,regular,y,y,
CHN192204290,barfc101,SLN,1,1,value,21,0,6,0,0,0,,,,,1,19220429,0,CHI11,v,CHN,0,1,0,regular,y,y,
SLN192205100,barfc101,SLN,1,1,value,3,0,2,0,0,0,,,,,0,19220510,0,STL07,h,NY1,0,1,0,regular,y,y,
SLN192205150,barfc101,SLN,1,1,value,9,1,1,0,0,0,,,,,0,19220515,0,STL07,h,PHI,1,0,0,regular,y,y,
SLN192205180,barfc101,SLN,1,1,value,3,0,0,0,0,0,,,,,0,19220518,0,STL07,h,BRO,0,1,0,regular,y,y,
SLN192205220,barfc101,SLN,1,1,value,3,0,0,0,0,0,,,,,0,19220522,0,STL07,h,BSN,0,1,0,regular,y,y,
SLN192205230,barfc101,SLN,1,1,value,2,0,0,0,0,0,,,,,0,19220523,0,STL07,h,BSN,0,1,0,regular,y,y,
SLN192205240,barfc101,SLN,1,1,value,3,0,0,0,0,0,,,,,0,19220524,0,STL07,h,BSN,0,1,0,regular,y,y,
PIT192206010,barfc101,SLN,1,1,value,9,0,0,0,0,0,,,,,0,19220601,0,PIT06,v,PIT,1,0,0,regular,y,y,
BSN192206050,barfc101,SLN,1,1,value,3,0,0,0,0,0,,,,,0,19220605,0,BOS08,v,BSN,0,1,0,regular,y,y,
BSN192206070,barfc101,SLN,1,1,value,3,0,0,0,0,0,,,,,0,19220607,0,BOS08,v,BSN,0,1,0,regular,y,y,
PHI192206120,barfc101,SLN,1,1,value,12,1,0,0,0,0,,,,,0,19220612,0,PHI09,v,PHI,1,0,0,regular,y,y,
BRO192206150,barfc101,SLN,1,1,value,9,0,1,0,0,0,,,,,0,19220615,0,NYC15,v,BRO,1,0,0,regular,y,y,
SLN192206230,barfc101,SLN,1,1,value,9,0,1,0,0,0,,,,,0,19220623,0,STL07,h,CHN,0,1,0,regular,y,y,
SLN192206240,barfc101,SLN,1,1,value,6,0,1,0,0,0,,,,,0,19220624,0,STL07,h,CHN,0,1,0,regular,y,y,
SLN192206270,barfc101,SLN,1,1,value,9,0,0,0,0,0,,,,,0,19220627,0,STL07,h,CIN,1,0,0,regular,y,y,
PIT192207012,barfc101,SLN,1,1,value,6,0,2,0,1,0,,,,,0,19220701,2,PIT06,v,PIT,0,1,0,regular,y,y,
SLN192207050,barfc101,SLN,1,1,value,27,0,2,0,0,0,,,,,1,19220705,0,STL07,h,CIN,1,0,0,regular,y,y,
SLN192207090,barfc101,SLN,1,1,value,3,0,1,0,0,0,,,,,0,19220709,0,STL07,h,BRO,1,0,0,regular,y,y,
SLN192207121,barfc101,SLN,1,1,value,9,0,0,0,0,0,,,,,0,19220712,1,STL07,h,PHI,0,1,0,regular,y,y,
SLN192207210,barfc101,SLN,1,1,value,15,0,2,0,0,0,,,,,0,19220721,0,STL07,h,BSN,1,0,0,regular,y,y,
SLN192207230,barfc101,SLN,1,1,value,3,0,0,0,0,0,,,,,0,19220723,0,STL07,h,BSN,0,1,0,regular,y,y,
NY1192207260,barfc101,SLN,1,1,value,2,0,0,0,0,0,,,,,0,19220726,0,NYC14,v,NY1,0,1,0,regular,y,y,
BRO192207290,barfc101,SLN,1,1,value,10,0,2,0,0,0,,,,,0,19220729,0,NYC15,v,BRO,0,1,0,regular,y,y,
BSN192208070,barfc101,SLN,1,1,value,0,0,0,0,0,0,,,,,0,19220807,0,BOS08,v,BSN,0,1,0,regular,y,y,
SLN192208140,barfc101,SLN,1,1,value,19,0,2,0,0,0,,,,,0,19220814,0,STL07,h,CHN,0,1,0,regular,y,y,
SLN192208200,barfc101,SLN,1,1,value,14,0,0,0,0,0,,,,,0,19220820,0,STL07,h,PHI,1,0,0,regular,y,y,
SLN192208240,barfc101,SLN,1,1,value,0,0,0,0,0,0,,,,,0,19220824,0,STL07,h,BSN,0,1,0,regular,y,y,
SLN192208290,barfc101,SLN,1,1,value,5,0,0,1,0,0,,,,,0,19220829,0,STL07,h,CHN,0,1,0,regular,y,y,
SLN192209011,barfc101,SLN,1,1,value,6,0,1,0,0,0,,,,,0,19220901,1,STL07,h,PIT,0,1,0,regular,y,y,
SLN192209020,barfc101,SLN,1,1,value,3,0,0,0,0,0,,,,,0,19220902,0,STL07,h,PIT,0,1,0,regular,y,y,
PIT192209042,barfc101,SLN,1,1,value,7,0,0,0,0,0,,,,,0,19220904,2,PIT06,v,PIT,0,1,0,regular,y,y,
PIT192209050,barfc101,SLN,1,1,value,6,0,2,0,0,0,,,,,0,19220905,0,PIT06,v,PIT,0,1,0,regular,y,y,
CIN192209070,barfc101,SLN,1,1,value,13,0,2,0,0,0,,,,,0,19220907,0,CIN07,v,CIN,0,1,0,regular,y,y,
CIN192209100,barfc101,SLN,1,1,value,8,0,0,0,0,0,,,,,0,19220910,0,CIN07,v,CIN,0,1,0,regular,y,y,
PHI192209140,barfc101,SLN,1,1,value,15,0,0,0,0,0,,,,,0,19220914,0,PHI09,v,PHI,1,0,0,regular,y,y,
BRO192209201,barfc101,SLN,1,1,value,3,0,0,0,0,0,,,,,0,19220920,1,NYC15,v,BRO,0,1,0,regular,y,y,
BRO192209210,barfc101,SLN,1,1,value,12,0,2,0,0,0,,,,,0,19220921,0,NYC15,v,BRO,0,1,0,regular,y,y,
CHN192304210,barfc101,SLN,1,1,value,3,0,1,0,0,0,,,,,0,19230421,0,CHI11,v,CHN,0,1,0,regular,y,y,
CHN192304230,barfc101,SLN,1,1,value,6,0,0,0,0,0,,,,,0,19230423,0,CHI11,v,CHN,0,1,0,regular,y,y,
PIT192305070,barfc101,SLN,1,1,value,3,0,0,1,0,0,,,,,0,19230507,0,PIT06,v,PIT,0,1,0,regular,y,y,
PIT192305070,barfc101,SLN,1,1,official,,,,0,0,,,,,,,19230507,0,PIT06,v,PIT,0,1,0,regular,y,y,
PHI192305110,barfc101,SLN,1,1,value,2,0,0,0,0,0,,,,,0,19230511,0,PHI09,v,PHI,0,1,0,regular,y,y,
BSN192305160,barfc101,SLN,1,1,value,18,0,2,0,0,0,,,,,0,19230516,0,BOS08,v,BSN,0,1,0,regular,y,y,
NY1192305220,barfc101,SLN,1,1,value,18,0,2,0,0,0,,,,,0,19230522,0,NYC14,v,NY1,0,1,0,regular,y,y,
SLN192305302,barfc101,SLN,1,1,value,3,0,0,1,0,0,,,,,0,19230530,2,STL07,h,CIN,0,1,0,regular,y,y,
SLN192306140,barfc101,SLN,1,1,value,6,0,0,0,0,0,,,,,0,19230614,0,STL07,h,BSN,0,1,0,regular,y,y,
SLN192306160,barfc101,SLN,1,1,value,9,0,0,0,0,0,,,,,0,19230616,0,STL07,h,BSN,1,0,0,regular,y,y,
SLN192306180,barfc101,SLN,1,1,value,21,0,1,0,0,0,,,,,0,19230618,0,STL07,h,NY1,0,1,0,regular,y,y,
SLN192306210,barfc101,SLN,1,1,value,3,0,0,0,0,0,,,,,0,19230621,0,STL07,h,CHN,0,1,0,regular,y,y,
SLN192306240,barfc101,SLN,1,1,value,3,0,0,0,0,0,,,,,0,19230624,0,STL07,h,PIT,0,1,0,regular,y,y,
SLN192306260,barfc101,SLN,1,1,value,9,0,1,0,0,0,,,,,0,19230626,0,STL07,h,PIT,0,1,0,regular,y,y,
CHN192306290,barfc101,SLN,1,1,value,6,0,0,0,0,0,,,,,0,19230629,0,CHI11,v,CHN,0,1,0,regular,y,y,
PIT192307041,barfc101,SLN,1,1,value,3,0,0,0,0,0,,,,,0,19230704,1,PIT06,v,PIT,0,1,0,regular,y,y,
PHI192307050,barfc101,SLN,1,1,value,4,0,1,0,0,0,,,,,0,19230705,0,PHI09,v,PHI,1,0,0,regular,y,y,
BRO192307080,barfc101,SLN,1,1,value,27,0,3,0,0,0,,,,,1,19230708,0,NYC15,v,BRO,1,0,0,regular,y,y,
PHI192307140,barfc101,SLN,1,1,value,5,0,0,0,0,0,,,,,1,19230714,0,PHI09,v,PHI,0,1,0,regular,y,y,
NY1192307210,barfc101,SLN,1,1,value,18,1,0,0,0,0,,,,,0,19230721,0,NYC14,v,NY1,0,1,0,regular,y,y,
SLN192307270,barfc101,SLN,1,1,value,3,0,0,0,0,0,,,,,0,19230727,0,STL07,h,PHI,0,1,0,regular,y,y,
SLN192307290,barfc101,SLN,1,1,value,9,0,1,0,0,0,,,,,0,19230729,0,STL07,h,PHI,0,1,0,regular,y,y,
SLN192307312,barfc101,SLN,1,1,value,7,0,0,0,0,0,,,,,0,19230731,2,STL07,h,BRO,0,1,0,regular,y,y,
SLN192308012,barfc101,SLN,1,1,value,15,0,2,0,0,0,,,,,0,19230801,2,STL07,h,BRO,1,0,0,regular,y,d,
SLN192308050,barfc101,SLN,1,1,value,3,0,0,0,0,0,,,,,0,19230805,0,STL07,h,BSN,0,1,0,regular,y,y,
SLN192308090,barfc101,SLN,1,1,value,4,0,0,0,0,0,,,,,0,19230809,0,STL07,h,NY1,1,0,0,regular,y,y,
SLN192308111,barfc101,SLN,1,1,value,24,0,2,0,0,0,,,,,0,19230811,1,STL07,h,NY1,0,1,0,regular,y,y,
BSN192308200,barfc101,SLN,1,1,value,6,0,2,1,1,0,,,,,0,19230820,0,BOS08,v,BSN,0,1,0,regular,y,y,
NY1192308250,barfc101,SLN,1,1,value,6,0,1,0,0,0,,,,,0,19230825,0,NYC14,v,NY1,0,1,0,regular,y,y,
PHI192308270,barfc101,SLN,1,1,value,11,0,2,0,0,0,,,,,0,19230827,0,PHI09,v,PHI,0,1,0,regular,y,y,
CHN192309032,barfc101,SLN,1,1,value,18,0,2,0,0,0,,,,,0,19230903,2,CHI11,v,CHN,0,1,0,regular,y,y,
SLN192309180,barfc101,SLN,1,1,value,18,1,0,0,0,0,,,,,0,19230918,0,STL07,h,NY1,0,1,0,regular,y,y,
SLN192309232,barfc101,SLN,1,1,value,9,0,1,0,0,0,,,,,0,19230923,2,STL07,h,BSN,0,1,0,regular,y,y,
SLN192309241,barfc101,SLN,1,1,value,3,0,0,0,0,0,,,,,0,19230924,1,STL07,h,BRO,0,1,0,regular,y,y,
PRG192511080,barfc101,WHK,1,1,value,12,1,2,0,0,0,,,,,1,19251108,0,LOS05,v,PRG,0,1,0,exhibition,y,y,
PRG192512050,barfc101,WHK,1,1,value,6,0,0,0,0,0,,,,,0,19251205,0,LOS05,v,PRG,1,0,0,exhibition,y,d,
PRG192512060,barfc101,WHK,1,1,value,16,0,2,0,0,0,,,,,0,19251206,0,LOS05,v,PRG,0,1,0,exhibition,y,y,
PRG192601010,barfc101,WHK,1,1,value,3,1,1,0,0,0,,,,,0,19260101,0,LOS05,v,PRG,0,1,0,exhibition,y,y,
PRG192601030,barfc101,WHK,1,1,value,27,0,2,0,0,0,,,,,1,19260103,0,LOS05,v,PRG,1,0,0,exhibition,y,y,
DET192604130,barfc101,DET,1,1,value,3,0,0,0,0,0,,,,,0,19260413,0,DET04,h,CLE,0,1,0,regular,y,y,
DET192604170,barfc101,DET,1,1,value,5,0,0,0,0,0,,,,,0,19260417,0,DET04,h,SLA,1,0,0,regular,y,y,
DET192604190,barfc101,DET,1,1,value,6,0,0,0,0,0,,,,,0,19260419,0,DET04,h,SLA,0,1,0,regular,y,y,
DET192604250,barfc101,DET,1,1,value,6,0,1,0,0,0,,,,,0,19260425,0,DET04,h,CHA,0,1,0,regular,y,y,
DET192604280,barfc101,DET,1,1,value,24,1,1,0,0,0,,,,,1,19260428,0,DET04,h,CHA,0,1,0,regular,y,y,
CHA192605040,barfc101,DET,1,1,value,15,0,4,0,1,0,,,,,0,19260504,0,CHI10,v,CHA,0,1,0,regular,y,y,
NYA192605100,barfc101,DET,1,1,value,5,0,0,0,0,0,,,,,0,19260510,0,NYC16,v,NYA,0,1,0,regular,y,y,
BOS192605130,barfc101,DET,1,1,value,6,0,0,0,0,0,,,,,0,19260513,0,BOS07,v,BOS,1,0,0,regular,y,y,
PHA192605180,barfc101,DET,1,1,value,6,0,1,0,0,0,,,,,0,19260518,0,PHI11,v,PHA,1,0,0,regular,y,y,
WS1192605210,barfc101,DET,1,1,value,6,0,0,0,0,0,,,,,0,19260521,0,WAS09,v,WS1,0,1,0,regular,y,y,
DET192605240,barfc101,DET,1,1,value,12,1,3,0,1,0,,,,,0,19260524,0,DET04,h,CHA,0,1,0,regular,y,y,
NY6193509291,barfc101,BRS,1,1,value,24,2,4,0,0,0,,,,,1,19350929,1,NYC25,v,NY6,0,1,0,exhibition,y,,
