gid,id,team,d_seq,d_pos,stattype,d_ifouts,d_po,d_a,d_e,d_dp,d_tp,d_pb,d_wp,d_sb,d_cs,d_gs,date,number,site,vishome,opp,win,loss,tie,gametype,box,pbp
HOM194104090,bradf104,KCM,1,1,value,,,,0,,0,0,,,,,19410409,0,ORL01,v,HOM,1,0,0,exhibition,,
HOM194104090,mcdab101,KCM,1,1,value,,,,0,,0,0,,,,,19410409,0,ORL01,v,HOM,1,0,0,exhibition,,
HOM194104090,walkg103,KCM,1,1,value,9,,,0,,0,0,,,,1,19410409,0,ORL01,v,HOM,1,0,0,exhibition,,
KCM194104200,alext101,CAG,1,1,value,12,,,0,,0,0,,,,,19410420,0,WIC01,v,KCM,0,1,0,exhibition,,
KCM194104200,bassp101,CAG,1,2,value,26,,,0,,0,1,,,,1,19410420,0,WIC01,v,KCM,0,1,0,exhibition,,
KCM194104200,cornw101,CAG,1,1,value,12,,,0,,0,0,,,,1,19410420,0,WIC01,v,KCM,0,1,0,exhibition,,
KCM194104200,hornb101,CAG,1,4,value,26,1,,0,,0,0,,,,,19410420,0,WIC01,v,KCM,0,1,0,exhibition,,
KCM194104200,bradf104,KCM,1,1,value,,,,0,,0,0,,,,1,19410420,0,WIC01,h,CAG,1,0,0,exhibition,,
KCM194104200,greej108,KCM,1,2,value,27,,,0,,0,,,,,1,19410420,0,WIC01,h,CAG,1,0,0,exhibition,,
KCM194104200,mcdab101,KCM,1,1,value,,,,0,,0,0,,,,,19410420,0,WIC01,h,CAG,1,0,0,exhibition,,
CAG194104210,greej108,KCM,1,2,value,27,,,0,,0,,,,,1,19410421,0,PTX01,v,CAG,1,0,0,exhibition,,
CAG194104210,johnc103,KCM,1,1,value,,,,0,,0,0,,,,,19410421,0,PTX01,v,CAG,1,0,0,exhibition,,
CAG194104210,walkg103,KCM,1,1,value,,,,0,,0,0,,,,1,19410421,0,PTX01,v,CAG,1,0,0,exhibition,,
CAG194104210,alext101,CAG,1,1,value,,,,0,,0,0,,,,,19410421,0,PTX01,h,KCM,0,1,0,exhibition,,
CAG194104210,bassp101,CAG,1,2,value,27,,,0,,0,,,,,1,19410421,0,PTX01,h,KCM,0,1,0,exhibition,,
CAG194104210,boono101,CAG,1,2,value,27,,,0,,0,,,,,,19410421,0,PTX01,h,KCM,0,1,0,exhibition,,
CAG194104210,ferrw102,CAG,1,1,value,,,,0,,0,0,,,,1,19410421,0,PTX01,h,KCM,0,1,0,exhibition,,
CAG194104210,merch101,CAG,1,1,value,,,,0,,0,0,,,,,19410421,0,PTX01,h,KCM,0,1,0,exhibition,,
KCM194104240,cornw101,CAG,1,1,value,,,,,,0,0,,,,,19410424,0,HOU04,v,KCM,0,1,0,exhibition,,
KCM194104240,hudsf101,CAG,1,1,value,,,,0,,0,0,,,,1,19410424,0,HOU04,v,KCM,0,1,0,exhibition,,
KCM194104240,greej108,KCM,1,2,value,27,,,0,,0,,,,,1,19410424,0,HOU04,h,CAG,1,0,0,exhibition,,
KCM194104240,johnc103,KCM,1,1,value,27,,,0,,0,0,,,,1,19410424,0,HOU04,h,CAG,1,0,0,exhibition,,
KCM194104270,bassp101,CAG,1,2,value,27,,,0,,0,,,,,1,19410427,0,OKC02,v,KCM,1,0,0,exhibition,,
KCM194104270,cornw101,CAG,1,1,value,21,,,0,,0,0,,,,1,19410427,0,OKC02,v,KCM,1,0,0,exhibition,,
KCM194104270,ferrw102,CAG,1,1,value,3,,,0,,0,0,,,,,19410427,0,OKC02,v,KCM,1,0,0,exhibition,,
KCM194104270,youne102,CAG,1,5,value,27,,,0,,0,0,,,,,19410427,0,OKC02,v,KCM,1,0,0,exhibition,,
KCM194104270,johnc103,KCM,1,1,value,,,,,,0,0,,,,1,19410427,0,OKC02,h,CAG,0,1,0,exhibition,,
KCM194104270,sneas101,KCM,1,4,value,27,,,2,,0,0,,,,,19410427,0,OKC02,h,CAG,0,1,0,exhibition,,
KCM194104270,walkg103,KCM,1,1,value,,,,,,0,0,,,,,19410427,0,OKC02,h,CAG,0,1,0,exhibition,,
CAG194104300,bradf104,KCM,1,1,value,,,,0,,0,0,,,,,19410430,0,TUL01,v,CAG,1,0,0,exhibition,,
CAG194104300,greej108,KCM,1,2,value,27,,,0,,0,,,,,1,19410430,0,TUL01,v,CAG,1,0,0,exhibition,,
CAG194104300,jamet101,KCM,1,6,value,27,,,0,,0,0,,,,,19410430,0,TUL01,v,CAG,1,0,0,exhibition,,
CAG194104300,johnc103,KCM,1,1,value,,,,0,,0,0,,,,,19410430,0,TUL01,v,CAG,1,0,0,exhibition,,
CAG194104300,thoms105,KCM,1,1,value,,,,0,,0,0,,,,1,19410430,0,TUL01,v,CAG,1,0,0,exhibition,,
CAG194104300,alext101,CAG,1,1,value,,,,0,,0,0,,,,,19410430,0,TUL01,h,KCM,0,1,0,exhibition,,
CAG194104300,bassp101,CAG,1,2,value,27,,,0,,0,1,,,,1,19410430,0,TUL01,h,KCM,0,1,0,exhibition,,
CAG194104300,ferrw102,CAG,1,1,value,,,,0,,0,0,,,,,19410430,0,TUL01,h,KCM,0,1,0,exhibition,,
CAG194104300,hudsf101,CAG,1,1,value,,,,0,,0,0,,,,1,19410430,0,TUL01,h,KCM,0,1,0,exhibition,,
MEM194105041,simmw101,KCM,1,8,value,24,,,0,0,0,,,,,1,19410504,1,MEM02,v,MEM,0,1,0,exhibition,y,
MEM194105041,allen102,KCM,1,6,value,24,,,0,1,0,,,,,1,19410504,1,MEM02,v,MEM,0,1,0,exhibition,y,
MEM194105041,bibbr101,KCM,1,4,value,24,,,0,2,0,,,,,1,19410504,1,MEM02,v,MEM,0,1,0,exhibition,y,
MEM194105041,greej108,KCM,1,2,value,24,,,0,0,0,1,,,,1,19410504,1,MEM02,v,MEM,0,1,0,exhibition,y,
MEM194105041,broww101,KCM,1,7,value,24,,,0,0,0,,,,,1,19410504,1,MEM02,v,MEM,0,1,0,exhibition,y,
MEM194105041,sneas101,KCM,1,9,value,24,,,0,0,0,,,,,1,19410504,1,MEM02,v,MEM,0,1,0,exhibition,y,
MEM194105041,oneib801,KCM,1,3,value,24,,,0,2,0,,,,,1,19410504,1,MEM02,v,MEM,0,1,0,exhibition,y,
MEM194105041,willj111,KCM,1,5,value,24,,,1,1,0,,,,,1,19410504,1,MEM02,v,MEM,0,1,0,exhibition,y,
MEM194105041,walkg103,KCM,1,1,value,24,,,0,1,0,,,,,1,19410504,1,MEM02,v,MEM,0,1,0,exhibition,y,
MEM194105041,hydec101,MEM,1,9,value,27,,,0,0,0,,,,,1,19410504,1,MEM02,h,KCM,1,0,0,exhibition,y,
MEM194105041,cartm101,MEM,1,4,value,27,,,0,1,0,,,,,1,19410504,1,MEM02,h,KCM,1,0,0,exhibition,y,
MEM194105041,byass101,MEM,1,3,value,27,,,0,0,0,,,,,1,19410504,1,MEM02,h,KCM,1,0,0,exhibition,y,
MEM194105041,robin101,MEM,1,8,value,27,,,0,0,0,,,,,1,19410504,1,MEM02,h,KCM,1,0,0,exhibition,y,
MEM194105041,rogen101,MEM,1,7,value,27,,,0,0,0,,,,,1,19410504,1,MEM02,h,KCM,1,0,0,exhibition,y,
MEM194105041,longr102,MEM,1,2,value,27,,,0,0,0,0,,,,1,19410504,1,MEM02,h,KCM,1,0,0,exhibition,y,
MEM194105041,bankf101,MEM,1,5,value,27,,,1,0,0,,,,,1,19410504,1,MEM02,h,KCM,1,0,0,exhibition,y,
MEM194105041,browt105,MEM,1,6,value,27,,,0,0,0,,,,,1,19410504,1,MEM02,h,KCM,1,0,0,exhibition,y,
MEM194105041,mossp101,MEM,1,1,value,24,,,1,0,0,,,,,1,19410504,1,MEM02,h,KCM,1,0,0,exhibition,y,
MEM194105041,radct101,MEM,1,1,value,3,,,0,0,0,,,,,,19410504,1,MEM02,h,KCM,1,0,0,exhibition,y,
MEM194105042,bradf104,KCM,1,1,value,,,,0,,0,0,,,,,19410504,2,MEM02,v,MEM,1,0,0,exhibition,,
MEM194105042,duncf102,KCM,1,2,value,21,,,0,,0,,,,,,19410504,2,MEM02,v,MEM,1,0,0,exhibition,,
MEM194105042,greej108,KCM,1,2,value,21,,,0,,0,,,,,1,19410504,2,MEM02,v,MEM,1,0,0,exhibition,,
MEM194105042,mcdab101,KCM,1,1,value,,,,0,,0,0,,,,,19410504,2,MEM02,v,MEM,1,0,0,exhibition,,
MEM194105042,thoms105,KCM,1,1,value,,,,0,,0,0,,,,1,19410504,2,MEM02,v,MEM,1,0,0,exhibition,,
MEM194105042,dumal101,MEM,1,1,value,,,,0,,0,0,,,,,19410504,2,MEM02,h,KCM,0,1,0,exhibition,,
MEM194105042,keyer101,MEM,1,1,value,,,,0,,0,0,,,,,19410504,2,MEM02,h,KCM,0,1,0,exhibition,,
MEM194105042,longr102,MEM,1,2,value,21,,,0,,0,,,,,1,19410504,2,MEM02,h,KCM,0,1,0,exhibition,,
MEM194105042,radct101,MEM,1,1,value,,,,0,,0,0,,,,1,19410504,2,MEM02,h,KCM,0,1,0,exhibition,,
BIR194105111,simmw101,KCM,1,8,value,27,2,0,0,0,0,,,,,1,19410511,1,BIR01,v,BIR,1,0,0,regular,y,
BIR194105111,allen102,KCM,1,6,value,27,5,2,0,0,0,,,,,1,19410511,1,BIR01,v,BIR,1,0,0,regular,y,
BIR194105111,bibbr101,KCM,1,4,value,27,3,2,0,0,0,,,,,1,19410511,1,BIR01,v,BIR,1,0,0,regular,y,
BIR194105111,greej108,KCM,1,2,value,27,3,2,0,0,0,0,,,,1,19410511,1,BIR01,v,BIR,1,0,0,regular,y,
BIR194105111,broww101,KCM,1,7,value,27,3,0,0,0,0,,,,,1,19410511,1,BIR01,v,BIR,1,0,0,regular,y,
BIR194105111,oneib801,KCM,1,3,value,27,8,0,0,0,0,,,,,1,19410511,1,BIR01,v,BIR,1,0,0,regular,y,
BIR194105111,sneas101,KCM,1,9,value,27,1,2,0,0,0,,,,,1,19410511,1,BIR01,v,BIR,1,0,0,regular,y,
BIR194105111,willj111,KCM,1,5,value,27,2,0,0,0,0,,,,,1,19410511,1,BIR01,v,BIR,1,0,0,regular,y,
BIR194105111,bradf104,KCM,1,1,value,25,0,0,0,0,0,,,,,1,19410511,1,BIR01,v,BIR,1,0,0,regular,y,
BIR194105111,walkg103,KCM,1,1,value,2,0,0,0,0,0,,,,,,19410511,1,BIR01,v,BIR,1,0,0,regular,y,
BIR194105111,wilsj107,BIR,1,8,value,,1,0,0,0,0,,,,,1,19410511,1,BIR01,h,KCM,0,1,0,regular,y,
BIR194105111,nixow102,BIR,1,8,value,,0,0,0,0,0,,,,,,19410511,1,BIR01,h,KCM,0,1,0,regular,y,
BIR194105111,dougj102,BIR,1,7,value,,1,0,0,0,0,,,,,1,19410511,1,BIR01,h,KCM,0,1,0,regular,y,
BIR194105111,sneae101,BIR,1,7,value,,0,0,0,0,0,,,,,,19410511,1,BIR01,h,KCM,0,1,0,regular,y,
BIR194105111,lockl101,BIR,1,5,value,27,0,4,0,0,0,,,,,1,19410511,1,BIR01,h,KCM,0,1,0,regular,y,
BIR194105111,bostl102,BIR,1,3,value,27,12,0,0,0,0,,,,,1,19410511,1,BIR01,h,KCM,0,1,0,regular,y,
BIR194105111,listn101,BIR,1,9,value,27,3,0,0,0,0,,,,,1,19410511,1,BIR01,h,KCM,0,1,0,regular,y,
BIR194105111,sampt101,BIR,1,4,value,27,3,6,0,0,0,,,,,1,19410511,1,BIR01,h,KCM,0,1,0,regular,y,
BIR194105111,reddu101,BIR,1,6,value,27,2,1,0,0,0,,,,,1,19410511,1,BIR01,h,KCM,0,1,0,regular,y,
BIR194105111,hardp102,BIR,1,2,value,,5,0,0,0,0,0,,,,1,19410511,1,BIR01,h,KCM,0,1,0,regular,y,
BIR194105111,sayla101,BIR,1,2,value,,0,0,0,0,0,0,,,,,19410511,1,BIR01,h,KCM,0,1,0,regular,y,
BIR194105111,gipsa101,BIR,1,1,value,12,0,1,0,0,0,,,,,1,19410511,1,BIR01,h,KCM,0,1,0,regular,y,
BIR194105111,bankd101,BIR,1,1,value,12,0,1,0,0,0,,,,,,19410511,1,BIR01,h,KCM,0,1,0,regular,y,
BIR194105111,johnl107,BIR,1,1,value,3,0,0,0,0,0,,,,,,19410511,1,BIR01,h,KCM,0,1,0,regular,y,
BIR194105112,simmw101,KCM,1,8,value,21,1,0,0,0,0,,,,,1,19410511,2,BIR01,v,BIR,1,0,0,regular,y,
BIR194105112,allen102,KCM,1,6,value,21,4,1,0,0,0,,,,,1,19410511,2,BIR01,v,BIR,1,0,0,regular,y,
BIR194105112,bibbr101,KCM,1,4,value,21,1,1,0,0,0,,,,,1,19410511,2,BIR01,v,BIR,1,0,0,regular,y,
BIR194105112,duncf102,KCM,1,2,value,,6,1,0,0,0,0,,,,1,19410511,2,BIR01,v,BIR,1,0,0,regular,y,
BIR194105112,greej108,KCM,1,2,value,,0,0,0,0,0,0,,,,,19410511,2,BIR01,v,BIR,1,0,0,regular,y,
BIR194105112,broww101,KCM,1,7,value,21,1,0,0,0,0,,,,,1,19410511,2,BIR01,v,BIR,1,0,0,regular,y,
BIR194105112,oneib801,KCM,1,3,value,21,6,0,0,0,0,,,,,1,19410511,2,BIR01,v,BIR,1,0,0,regular,y,
BIR194105112,sneas101,KCM,1,9,value,21,1,0,0,0,0,,,,,1,19410511,2,BIR01,v,BIR,1,0,0,regular,y,
BIR194105112,willj111,KCM,1,5,value,21,0,0,0,0,0,,,,,1,19410511,2,BIR01,v,BIR,1,0,0,regular,y,
BIR194105112,mcdab101,KCM,1,1,value,21,1,2,0,0,0,,,,,1,19410511,2,BIR01,v,BIR,1,0,0,regular,y,
BIR194105112,wilsj107,BIR,1,8,value,21,1,0,0,0,0,,,,,1,19410511,2,BIR01,h,KCM,0,1,0,regular,y,
BIR194105112,dougj102,BIR,1,7,value,21,0,0,0,0,0,,,,,1,19410511,2,BIR01,h,KCM,0,1,0,regular,y,
BIR194105112,lockl101,BIR,1,5,value,21,1,0,0,0,0,,,,,1,19410511,2,BIR01,h,KCM,0,1,0,regular,y,
BIR194105112,bostl102,BIR,1,3,value,21,10,0,0,0,0,,,,,1,19410511,2,BIR01,h,KCM,0,1,0,regular,y,
BIR194105112,listn101,BIR,1,9,value,21,0,0,0,0,0,,,,,1,19410511,2,BIR01,h,KCM,0,1,0,regular,y,
BIR194105112,sampt101,BIR,1,4,value,21,2,3,0,0,0,,,,,1,19410511,2,BIR01,h,KCM,0,1,0,regular,y,
BIR194105112,reddu101,BIR,1,6,value,21,1,6,0,0,0,,,,,1,19410511,2,BIR01,h,KCM,0,1,0,regular,y,
BIR194105112,hardp102,BIR,1,2,value,21,5,1,0,0,0,0,,,,1,19410511,2,BIR01,h,KCM,0,1,0,regular,y,
BIR194105112,markj101,BIR,1,1,value,21,1,1,0,0,0,,,,,1,19410511,2,BIR01,h,KCM,0,1,0,regular,y,
BIR194105140,bradf104,KCM,1,1,value,,,,0,,0,0,,,,1,19410514,0,JAC02,v,BIR,0,1,0,regular,,
BIR194105140,greej108,KCM,1,1,value,,,,0,,0,0,,,,,19410514,0,JAC02,v,BIR,0,1,0,regular,,
BIR194105140,walkg103,KCM,1,1,value,,,,0,,0,0,,,,,19410514,0,JAC02,v,BIR,0,1,0,regular,,
BIR194105140,jessg101,BIR,1,1,value,27,,,,,0,0,,,,1,19410514,0,JAC02,h,KCM,1,0,0,regular,,
MEM194105150,bradf104,KCM,1,1,value,,,,0,,0,0,,,,1,19410515,0,LRK02,v,MEM,0,1,0,regular,,
MEM194105150,greej108,KCM,1,2,value,24,,,0,,0,,,,,1,19410515,0,LRK02,v,MEM,0,1,0,regular,,
MEM194105150,smith111,KCM,1,1,value,,,,0,,0,0,,,,,19410515,0,LRK02,v,MEM,0,1,0,regular,,
MEM194105150,walkg103,KCM,1,1,value,,,,0,,0,0,,,,,19410515,0,LRK02,v,MEM,0,1,0,regular,,
MEM194105150,browl107,MEM,1,2,value,27,,,0,,0,,,,,1,19410515,0,LRK02,h,KCM,1,0,0,regular,,
MEM194105150,mathv101,MEM,1,1,value,27,,,0,,0,0,,,,1,19410515,0,LRK02,h,KCM,1,0,0,regular,,
CAG194105181,simmw101,KCM,1,8,value,27,1,0,0,0,0,,,,,1,19410518,1,CHI10,v,CAG,1,0,0,regular,y,
CAG194105181,allen102,KCM,1,6,value,27,5,6,0,1,0,,,,,1,19410518,1,CHI10,v,CAG,1,0,0,regular,y,
CAG194105181,bibbr101,KCM,1,4,value,27,2,3,0,1,0,,,,,1,19410518,1,CHI10,v,CAG,1,0,0,regular,y,
CAG194105181,greej108,KCM,1,2,value,27,7,0,1,0,0,0,,,,1,19410518,1,CHI10,v,CAG,1,0,0,regular,y,
CAG194105181,broww101,KCM,1,7,value,27,0,0,0,0,0,,,,,1,19410518,1,CHI10,v,CAG,1,0,0,regular,y,
CAG194105181,strot101,KCM,1,5,value,27,2,2,0,0,0,,,,,1,19410518,1,CHI10,v,CAG,1,0,0,regular,y,
CAG194105181,oneib801,KCM,1,3,value,27,10,0,0,1,0,,,,,1,19410518,1,CHI10,v,CAG,1,0,0,regular,y,
CAG194105181,sneas101,KCM,1,9,value,27,0,0,0,0,0,,,,,1,19410518,1,CHI10,v,CAG,1,0,0,regular,y,
CAG194105181,paigs101,KCM,1,1,value,27,0,3,0,0,0,,,,,1,19410518,1,CHI10,v,CAG,1,0,0,regular,y,
CAG194105181,crutj101,CAG,1,8,value,27,1,0,0,0,0,,,,,1,19410518,1,CHI10,h,KCM,0,1,0,regular,y,
CAG194105181,hendc102,CAG,1,6,value,15,0,1,0,0,0,,,,,1,19410518,1,CHI10,h,KCM,0,1,0,regular,y,
CAG194105181,bradb107,CAG,1,4,value,12,0,1,0,0,0,,,,,,19410518,1,CHI10,h,KCM,0,1,0,regular,y,
CAG194105181,penna101,CAG,1,7,value,27,1,0,0,0,0,,,,,1,19410518,1,CHI10,h,KCM,0,1,0,regular,y,
CAG194105181,youne102,CAG,1,3,value,27,13,0,0,0,0,,,,,1,19410518,1,CHI10,h,KCM,0,1,0,regular,y,
CAG194105181,reevd101,CAG,1,9,value,27,0,0,0,0,0,,,,,1,19410518,1,CHI10,h,KCM,0,1,0,regular,y,
CAG194105181,radca101,CAG,1,5,value,27,2,4,0,0,0,,,,,1,19410518,1,CHI10,h,KCM,0,1,0,regular,y,
CAG194105181,hornb101,CAG,1,4,value,15,2,4,0,0,0,,,,,1,19410518,1,CHI10,h,KCM,0,1,0,regular,y,
CAG194105181,hornb101,CAG,2,6,value,12,,,1,0,0,,,,,1,19410518,1,CHI10,h,KCM,0,1,0,regular,y,
CAG194105181,bassp101,CAG,1,2,value,27,8,0,0,0,0,0,,,,1,19410518,1,CHI10,h,KCM,0,1,0,regular,y,
CAG194105181,cornw101,CAG,1,1,value,27,0,2,0,0,0,,,,,1,19410518,1,CHI10,h,KCM,0,1,0,regular,y,
CAG194105182,allen102,KCM,1,6,value,27,,,0,1,0,0,,,,1,19410518,2,CHI10,v,CAG,0,1,0,regular,,
CAG194105182,bibbr101,KCM,1,4,value,27,,,1,1,0,0,,,,1,19410518,2,CHI10,v,CAG,0,1,0,regular,,
CAG194105182,bradf104,KCM,1,1,value,15,,,0,,0,0,,,,,19410518,2,CHI10,v,CAG,0,1,0,regular,,
CAG194105182,broww101,KCM,1,7,value,27,,,0,,0,0,,,,1,19410518,2,CHI10,v,CAG,0,1,0,regular,,
CAG194105182,duncf102,KCM,1,2,value,12,,,0,,0,,,,,,19410518,2,CHI10,v,CAG,0,1,0,regular,,
CAG194105182,greej108,KCM,1,2,value,15,,,0,,0,,,,,1,19410518,2,CHI10,v,CAG,0,1,0,regular,,
CAG194105182,oneib801,KCM,1,3,value,27,,,0,1,0,0,,,,1,19410518,2,CHI10,v,CAG,0,1,0,regular,,
CAG194105182,simmw101,KCM,1,8,value,27,,,0,,0,0,,,,1,19410518,2,CHI10,v,CAG,0,1,0,regular,,
CAG194105182,smith111,KCM,1,1,value,12,,,1,,0,0,,,,1,19410518,2,CHI10,v,CAG,0,1,0,regular,,
CAG194105182,sneas101,KCM,1,9,value,27,,,0,,0,0,,,,1,19410518,2,CHI10,v,CAG,0,1,0,regular,,
CAG194105182,strot101,KCM,1,5,value,27,,,0,,0,0,,,,1,19410518,2,CHI10,v,CAG,0,1,0,regular,,
CAG194105182,bassp101,CAG,1,2,value,27,,,0,,0,,,,,1,19410518,2,CHI10,h,KCM,1,0,0,regular,,
CAG194105182,ferrw102,CAG,1,1,value,19,,,0,,0,0,,,,,19410518,2,CHI10,h,KCM,1,0,0,regular,,
CAG194105182,hornb101,CAG,1,6,value,27,,,1,,0,0,,,,1,19410518,2,CHI10,h,KCM,1,0,0,regular,,
CAG194105182,hudsf101,CAG,1,1,value,8,,,0,,0,0,,,,1,19410518,2,CHI10,h,KCM,1,0,0,regular,,
CAG194105182,reevd101,CAG,1,9,value,27,,,1,,0,0,,,,1,19410518,2,CHI10,h,KCM,1,0,0,regular,,
KCM194105200,hydec101,MEM,1,9,value,27,1,0,0,0,0,,,,,1,19410520,0,SPR05,v,KCM,1,0,0,regular,y,
KCM194105200,bankf101,MEM,1,5,value,27,1,1,0,0,0,,,,,1,19410520,0,SPR05,v,KCM,1,0,0,regular,y,
KCM194105200,cartm101,MEM,1,4,value,27,3,6,0,2,0,,,,,1,19410520,0,SPR05,v,KCM,1,0,0,regular,y,
KCM194105200,robin101,MEM,1,8,value,27,2,0,0,0,0,,,,,1,19410520,0,SPR05,v,KCM,1,0,0,regular,y,
KCM194105200,byass101,MEM,1,2,value,27,5,0,0,0,0,0,,,,1,19410520,0,SPR05,v,KCM,1,0,0,regular,y,
KCM194105200,taylj106,MEM,1,3,value,27,12,0,0,2,0,,,,,1,19410520,0,SPR05,v,KCM,1,0,0,regular,y,
KCM194105200,longr102,MEM,1,7,value,27,1,0,0,0,0,,,,,1,19410520,0,SPR05,v,KCM,1,0,0,regular,y,
KCM194105200,browt105,MEM,1,6,value,27,2,6,1,2,0,,,,,1,19410520,0,SPR05,v,KCM,1,0,0,regular,y,
KCM194105200,mathv101,MEM,1,1,value,27,0,2,0,0,0,,,,,1,19410520,0,SPR05,v,KCM,1,0,0,regular,y,
KCM194105200,simmw101,KCM,1,8,value,24,1,0,0,0,0,,,,,1,19410520,0,SPR05,h,MEM,0,1,0,regular,y,
KCM194105200,bradf104,KCM,1,7,value,3,0,0,0,0,0,,,,,,19410520,0,SPR05,h,MEM,0,1,0,regular,y,
KCM194105200,allen102,KCM,1,6,value,,2,2,0,1,0,,,,,1,19410520,0,SPR05,h,MEM,0,1,0,regular,y,
KCM194105200,willj111,KCM,1,6,value,,1,1,0,0,0,,,,,,19410520,0,SPR05,h,MEM,0,1,0,regular,y,
KCM194105200,bibbr101,KCM,1,4,value,27,2,4,1,1,0,,,,,1,19410520,0,SPR05,h,MEM,0,1,0,regular,y,
KCM194105200,duncf102,KCM,1,2,value,27,7,0,0,0,0,0,,,,1,19410520,0,SPR05,h,MEM,0,1,0,regular,y,
KCM194105200,broww101,KCM,1,7,value,24,1,0,1,0,0,,,,,1,19410520,0,SPR05,h,MEM,0,1,0,regular,y,
KCM194105200,broww101,KCM,2,8,value,3,,,0,0,0,,,,,1,19410520,0,SPR05,h,MEM,0,1,0,regular,y,
KCM194105200,strot101,KCM,1,5,value,27,0,1,0,0,0,,,,,1,19410520,0,SPR05,h,MEM,0,1,0,regular,y,
KCM194105200,oneib801,KCM,1,3,value,27,10,0,0,1,0,,,,,1,19410520,0,SPR05,h,MEM,0,1,0,regular,y,
KCM194105200,sneas101,KCM,1,9,value,27,3,1,1,0,0,,,,,1,19410520,0,SPR05,h,MEM,0,1,0,regular,y,
KCM194105200,smith111,KCM,1,1,value,12,0,3,0,0,0,,,,,1,19410520,0,SPR05,h,MEM,0,1,0,regular,y,
KCM194105200,johnc103,KCM,1,1,value,4,0,0,0,0,0,,,,,,19410520,0,SPR05,h,MEM,0,1,0,regular,y,
KCM194105200,walkg103,KCM,1,1,value,11,0,1,0,0,0,,,,,,19410520,0,SPR05,h,MEM,0,1,0,regular,y,
KCM194105210,browl107,MEM,1,2,value,33,,,0,,0,,,,,1,19410521,0,MUS01,v,KCM,0,0,1,regular,,
KCM194105210,hutcw101,MEM,1,1,value,33,,,0,,0,0,,,,1,19410521,0,MUS01,v,KCM,0,0,1,regular,,
KCM194105210,greej108,KCM,1,2,value,33,,,0,,0,,,,,1,19410521,0,MUS01,h,MEM,0,0,1,regular,,
KCM194105210,smith111,KCM,1,1,value,33,,,0,,0,0,,,,1,19410521,0,MUS01,h,MEM,0,0,1,regular,,
KCM194105220,byass101,MEM,1,2,value,27,,,0,,0,,,,,1,19410522,0,OKC02,v,KCM,1,0,0,regular,,
KCM194105220,jamet101,MEM,1,5,value,27,,,0,,0,0,,,,,19410522,0,OKC02,v,KCM,1,0,0,regular,,
KCM194105220,keyer101,MEM,1,1,value,,,,0,,0,0,,,,,19410522,0,OKC02,v,KCM,1,0,0,regular,,
KCM194105220,radct101,MEM,1,1,value,,,,0,,0,0,,,,1,19410522,0,OKC02,v,KCM,1,0,0,regular,,
KCM194105220,bryaa101,KCM,1,1,value,,,,0,,0,0,,,,,19410522,0,OKC02,h,MEM,0,1,0,regular,,
KCM194105220,greej108,KCM,1,2,value,27,,,0,,0,,,,,1,19410522,0,OKC02,h,MEM,0,1,0,regular,,
KCM194105220,simmw101,KCM,1,8,value,27,,,0,,0,0,,,,,19410522,0,OKC02,h,MEM,0,1,0,regular,,
KCM194105220,walkg103,KCM,1,1,value,,,,0,,0,0,,,,1,19410522,0,OKC02,h,MEM,0,1,0,regular,,
KCM194105250,hydec101,MEM,1,9,value,24,3,0,1,0,0,,,,,1,19410525,0,KAN05,v,KCM,0,1,0,regular,y,
KCM194105250,bankf101,MEM,1,5,value,24,1,0,0,0,0,,,,,1,19410525,0,KAN05,v,KCM,0,1,0,regular,y,
KCM194105250,cartm101,MEM,1,4,value,24,1,1,0,0,0,,,,,1,19410525,0,KAN05,v,KCM,0,1,0,regular,y,
KCM194105250,robin101,MEM,1,8,value,24,3,0,0,0,0,,,,,1,19410525,0,KAN05,v,KCM,0,1,0,regular,y,
KCM194105250,longr102,MEM,1,7,value,24,3,0,0,0,0,,,,,1,19410525,0,KAN05,v,KCM,0,1,0,regular,y,
KCM194105250,browl107,MEM,1,2,value,24,4,2,0,0,0,0,,,,1,19410525,0,KAN05,v,KCM,0,1,0,regular,y,
KCM194105250,taylj106,MEM,1,3,value,24,5,1,0,0,0,,,,,1,19410525,0,KAN05,v,KCM,0,1,0,regular,y,
KCM194105250,browt105,MEM,1,6,value,,1,3,0,0,0,,,,,1,19410525,0,KAN05,v,KCM,0,1,0,regular,y,
KCM194105250,byass101,MEM,1,6,value,,1,0,0,0,0,,,,,,19410525,0,KAN05,v,KCM,0,1,0,regular,y,
KCM194105250,jamet101,MEM,1,6,value,3,0,0,0,0,0,,,,,,19410525,0,KAN05,v,KCM,0,1,0,regular,y,
KCM194105250,radct101,MEM,1,1,value,12,1,0,0,0,0,,,,,1,19410525,0,KAN05,v,KCM,0,1,0,regular,y,
KCM194105250,hutcw101,MEM,1,1,value,9,0,0,0,0,0,,,,,,19410525,0,KAN05,v,KCM,0,1,0,regular,y,
KCM194105250,mathv101,MEM,1,1,value,3,1,1,0,0,0,,,,,,19410525,0,KAN05,v,KCM,0,1,0,regular,y,
KCM194105250,simmw101,KCM,1,8,value,27,0,0,0,0,0,,,,,1,19410525,0,KAN05,h,MEM,1,0,0,regular,y,
KCM194105250,allen102,KCM,1,6,value,27,2,3,0,2,0,,,,,1,19410525,0,KAN05,h,MEM,1,0,0,regular,y,
KCM194105250,bibbr101,KCM,1,4,value,27,2,4,0,2,0,,,,,1,19410525,0,KAN05,h,MEM,1,0,0,regular,y,
KCM194105250,greej108,KCM,1,2,value,27,5,2,1,0,0,1,,,,1,19410525,0,KAN05,h,MEM,1,0,0,regular,y,
KCM194105250,strot101,KCM,1,5,value,27,1,0,0,0,0,,,,,1,19410525,0,KAN05,h,MEM,1,0,0,regular,y,
KCM194105250,broww101,KCM,1,7,value,27,2,0,0,0,0,,,,,1,19410525,0,KAN05,h,MEM,1,0,0,regular,y,
KCM194105250,oneib801,KCM,1,3,value,27,13,1,0,2,0,,,,,1,19410525,0,KAN05,h,MEM,1,0,0,regular,y,
KCM194105250,sneas101,KCM,1,9,value,27,2,0,0,0,0,,,,,1,19410525,0,KAN05,h,MEM,1,0,0,regular,y,
KCM194105250,paigs101,KCM,1,1,value,6,0,0,0,0,0,,,,,1,19410525,0,KAN05,h,MEM,1,0,0,regular,y,
KCM194105250,smith111,KCM,1,1,value,15,0,4,0,0,0,,,,,,19410525,0,KAN05,h,MEM,1,0,0,regular,y,
KCM194105250,bradf104,KCM,1,1,value,1,0,1,0,0,0,,,,,,19410525,0,KAN05,h,MEM,1,0,0,regular,y,
KCM194105250,johnc103,KCM,1,1,value,5,0,2,0,0,0,,,,,,19410525,0,KAN05,h,MEM,1,0,0,regular,y,
KCM194106011,ray-j102,JAX,1,8,value,27,4,0,0,0,0,,,,,1,19410601,1,KAN05,v,KCM,1,0,0,regular,y,
KCM194106011,woodp104,JAX,1,5,value,27,0,2,2,0,0,,,,,1,19410601,1,KAN05,v,KCM,1,0,0,regular,y,
KCM194106011,clevd101,JAX,1,9,value,27,3,0,0,0,0,,,,,1,19410601,1,KAN05,v,KCM,1,0,0,regular,y,
KCM194106011,nixow102,JAX,1,7,value,27,1,0,0,0,0,,,,,1,19410601,1,KAN05,v,KCM,1,0,0,regular,y,
KCM194106011,turnh101,JAX,1,2,value,27,4,2,0,1,0,0,,,,1,19410601,1,KAN05,v,KCM,1,0,0,regular,y,
KCM194106011,mitca102,JAX,1,3,value,27,8,0,0,1,0,,,,,1,19410601,1,KAN05,v,KCM,1,0,0,regular,y,
KCM194106011,robis101,JAX,1,4,value,27,4,0,2,0,0,,,,,1,19410601,1,KAN05,v,KCM,1,0,0,regular,y,
KCM194106011,lamac101,JAX,1,6,value,27,3,2,1,0,0,,,,,1,19410601,1,KAN05,v,KCM,1,0,0,regular,y,
KCM194106011,henrp101,JAX,1,1,value,27,0,3,0,1,0,,,,,1,19410601,1,KAN05,v,KCM,1,0,0,regular,y,
KCM194106011,willj111,KCM,1,6,value,27,3,4,0,0,0,,,,,1,19410601,1,KAN05,h,JAX,0,1,0,regular,y,
KCM194106011,allen102,KCM,1,7,value,27,0,0,0,0,0,,,,,1,19410601,1,KAN05,h,JAX,0,1,0,regular,y,
KCM194106011,bibbr101,KCM,1,4,value,27,2,0,0,0,0,,,,,1,19410601,1,KAN05,h,JAX,0,1,0,regular,y,
KCM194106011,greej108,KCM,1,2,value,,2,0,0,0,0,0,,,,1,19410601,1,KAN05,h,JAX,0,1,0,regular,y,
KCM194106011,duncf102,KCM,1,2,value,,2,1,0,0,0,0,,,,,19410601,1,KAN05,h,JAX,0,1,0,regular,y,
KCM194106011,broww101,KCM,1,8,value,27,3,0,0,0,0,,,,,1,19410601,1,KAN05,h,JAX,0,1,0,regular,y,
KCM194106011,strot101,KCM,1,5,value,27,2,0,0,0,0,,,,,1,19410601,1,KAN05,h,JAX,0,1,0,regular,y,
KCM194106011,oneib801,KCM,1,3,value,27,11,3,0,0,0,,,,,1,19410601,1,KAN05,h,JAX,0,1,0,regular,y,
KCM194106011,sneas101,KCM,1,9,value,27,2,0,0,0,0,,,,,1,19410601,1,KAN05,h,JAX,0,1,0,regular,y,
KCM194106011,walkg103,KCM,1,1,value,18,0,2,0,0,0,,,,,1,19410601,1,KAN05,h,JAX,0,1,0,regular,y,
KCM194106011,mcdab101,KCM,1,1,value,9,0,0,0,0,0,,,,,,19410601,1,KAN05,h,JAX,0,1,0,regular,y,
KCM194106012,ray-j102,JAX,1,8,value,,2,0,0,0,0,,,,,1,19410601,2,KAN05,v,KCM,0,1,0,regular,y,
KCM194106012,hampu101,JAX,1,8,value,,0,0,0,0,0,,,,,,19410601,2,KAN05,v,KCM,0,1,0,regular,y,
KCM194106012,woodp104,JAX,1,5,value,18,3,0,1,0,0,,,,,1,19410601,2,KAN05,v,KCM,0,1,0,regular,y,
KCM194106012,clevd101,JAX,1,7,value,18,3,0,0,0,0,,,,,1,19410601,2,KAN05,v,KCM,0,1,0,regular,y,
KCM194106012,nixow102,JAX,1,9,value,18,1,0,1,0,0,,,,,1,19410601,2,KAN05,v,KCM,0,1,0,regular,y,
KCM194106012,turnh101,JAX,1,2,value,,2,1,0,0,0,0,,,,1,19410601,2,KAN05,v,KCM,0,1,0,regular,y,
KCM194106012,barnh102,JAX,1,2,value,,1,0,0,0,0,0,,,,,19410601,2,KAN05,v,KCM,0,1,0,regular,y,
KCM194106012,mitca102,JAX,1,3,value,,2,0,0,0,0,,,,,1,19410601,2,KAN05,v,KCM,0,1,0,regular,y,
KCM194106012,scotb102,JAX,1,3,value,,0,0,0,0,0,,,,,,19410601,2,KAN05,v,KCM,0,1,0,regular,y,
KCM194106012,robis101,JAX,1,4,value,18,2,1,1,0,0,,,,,1,19410601,2,KAN05,v,KCM,0,1,0,regular,y,
KCM194106012,lamac101,JAX,1,6,value,18,1,1,0,0,0,,,,,1,19410601,2,KAN05,v,KCM,0,1,0,regular,y,
KCM194106012,sarva101,JAX,1,1,value,3,0,0,0,0,0,,,,,1,19410601,2,KAN05,v,KCM,0,1,0,regular,y,
KCM194106012,alleh106,JAX,1,1,value,15,1,1,0,0,0,,,,,,19410601,2,KAN05,v,KCM,0,1,0,regular,y,
KCM194106012,simmw101,KCM,1,8,value,21,1,1,0,0,0,,,,,1,19410601,2,KAN05,h,JAX,1,0,0,regular,y,
KCM194106012,willj111,KCM,1,6,value,21,2,4,0,0,0,,,,,1,19410601,2,KAN05,h,JAX,1,0,0,regular,y,
KCM194106012,bibbr101,KCM,1,4,value,21,0,4,0,0,0,,,,,1,19410601,2,KAN05,h,JAX,1,0,0,regular,y,
KCM194106012,greej108,KCM,1,2,value,21,1,1,0,0,0,0,,,,1,19410601,2,KAN05,h,JAX,1,0,0,regular,y,
KCM194106012,broww101,KCM,1,7,value,21,1,0,0,0,0,,,,,1,19410601,2,KAN05,h,JAX,1,0,0,regular,y,
KCM194106012,strot101,KCM,1,5,value,21,0,3,0,0,0,,,,,1,19410601,2,KAN05,h,JAX,1,0,0,regular,y,
KCM194106012,oneib801,KCM,1,3,value,21,12,0,0,0,0,,,,,1,19410601,2,KAN05,h,JAX,1,0,0,regular,y,
KCM194106012,sneas101,KCM,1,9,value,21,3,0,0,0,0,,,,,1,19410601,2,KAN05,h,JAX,1,0,0,regular,y,
KCM194106012,smith111,KCM,1,1,value,21,1,2,0,0,0,,,,,1,19410601,2,KAN05,h,JAX,1,0,0,regular,y,
KCM194106020,brooa102,JAX,1,1,value,24,,,0,,0,0,,,,1,19410602,0,JNC01,v,KCM,0,1,0,regular,,
KCM194106020,turnh101,JAX,1,2,value,24,,,0,,0,,,,,1,19410602,0,JNC01,v,KCM,0,1,0,regular,,
KCM194106020,bradf104,KCM,1,1,value,27,,,0,,0,0,,,,1,19410602,0,JNC01,h,JAX,1,0,0,regular,,
KCM194106020,greej108,KCM,1,2,value,27,,,0,,0,,,,,1,19410602,0,JNC01,h,JAX,1,0,0,regular,,
KCM194106030,barnh102,JAX,1,2,value,24,,,0,,0,,,,,1,19410603,0,OKC02,v,KCM,0,1,0,regular,,
KCM194106030,ellis102,JAX,1,1,value,24,,,0,,0,0,,,,1,19410603,0,OKC02,v,KCM,0,1,0,regular,,
KCM194106030,lamac101,JAX,1,6,value,24,,,1,,0,0,,,,,19410603,0,OKC02,v,KCM,0,1,0,regular,,
KCM194106030,duncf102,KCM,1,2,value,27,,,0,,0,,,,,1,19410603,0,OKC02,h,JAX,1,0,0,regular,,
KCM194106030,mcdab101,KCM,1,1,value,27,,,0,,0,0,,,,1,19410603,0,OKC02,h,JAX,1,0,0,regular,,
KCM194106050,barnh102,JAX,1,2,value,24,,,0,,0,,,,,1,19410605,0,OKC02,v,KCM,0,1,0,regular,,
KCM194106050,henrp101,JAX,1,1,value,24,,,0,,0,0,,,,1,19410605,0,OKC02,v,KCM,0,1,0,regular,,
KCM194106050,bradf104,KCM,1,1,value,27,,,0,,0,0,,,,1,19410605,0,OKC02,h,JAX,1,0,0,regular,,
KCM194106050,duncf102,KCM,1,2,value,27,,,0,,0,,,,,1,19410605,0,OKC02,h,JAX,1,0,0,regular,,
KCM194106110,crutj101,CAG,1,8,value,34,3,0,0,0,0,,,,,1,19410611,0,KAN05,v,KCM,0,1,0,regular,y,
KCM194106110,lylej102,CAG,1,6,value,34,2,8,5,2,0,,,,,1,19410611,0,KAN05,v,KCM,0,1,0,regular,y,
KCM194106110,penna101,CAG,1,7,value,34,3,0,0,0,0,,,,,1,19410611,0,KAN05,v,KCM,0,1,0,regular,y,
KCM194106110,youne102,CAG,1,3,value,34,13,2,0,2,0,,,,,1,19410611,0,KAN05,v,KCM,0,1,0,regular,y,
KCM194106110,reevd101,CAG,1,9,value,34,2,0,0,0,0,,,,,1,19410611,0,KAN05,v,KCM,0,1,0,regular,y,
KCM194106110,hendc102,CAG,1,5,value,34,3,1,0,1,0,,,,,1,19410611,0,KAN05,v,KCM,0,1,0,regular,y,
KCM194106110,hornb101,CAG,1,4,value,34,6,6,0,1,0,,,,,1,19410611,0,KAN05,v,KCM,0,1,0,regular,y,
KCM194106110,boono101,CAG,1,2,value,34,2,0,1,0,0,0,,,,1,19410611,0,KAN05,v,KCM,0,1,0,regular,y,
KCM194106110,cornw101,CAG,1,1,value,34,0,0,0,0,0,,,,,1,19410611,0,KAN05,v,KCM,0,1,0,regular,y,
KCM194106110,simmw101,KCM,1,8,value,36,1,0,0,0,0,,,,,1,19410611,0,KAN05,h,CAG,1,0,0,regular,y,
KCM194106110,allen102,KCM,1,5,value,36,1,2,0,1,0,,,,,1,19410611,0,KAN05,h,CAG,1,0,0,regular,y,
KCM194106110,bibbr101,KCM,1,4,value,36,1,3,1,1,0,,,,,1,19410611,0,KAN05,h,CAG,1,0,0,regular,y,
KCM194106110,greej108,KCM,1,2,value,36,12,1,0,0,0,0,,,,1,19410611,0,KAN05,h,CAG,1,0,0,regular,y,
KCM194106110,broww101,KCM,1,7,value,36,2,0,0,0,0,,,,,1,19410611,0,KAN05,h,CAG,1,0,0,regular,y,
KCM194106110,strot101,KCM,1,9,value,36,1,0,0,0,0,,,,,1,19410611,0,KAN05,h,CAG,1,0,0,regular,y,
KCM194106110,oneib801,KCM,1,3,value,36,13,1,0,2,0,,,,,1,19410611,0,KAN05,h,CAG,1,0,0,regular,y,
KCM194106110,willj111,KCM,1,6,value,36,4,5,0,2,0,,,,,1,19410611,0,KAN05,h,CAG,1,0,0,regular,y,
KCM194106110,smith111,KCM,1,1,value,36,1,4,0,0,0,,,,,1,19410611,0,KAN05,h,CAG,1,0,0,regular,y,
CAG194106140,simmw101,KCM,1,8,value,27,0,0,0,0,0,,,,,1,19410614,0,CAN03,v,CAG,1,0,0,regular,y,
CAG194106140,allen102,KCM,1,5,value,27,1,0,0,0,0,,,,,1,19410614,0,CAN03,v,CAG,1,0,0,regular,y,
CAG194106140,bibbr101,KCM,1,4,value,27,4,7,0,2,0,,,,,1,19410614,0,CAN03,v,CAG,1,0,0,regular,y,
CAG194106140,greej108,KCM,1,2,value,27,7,0,0,0,0,0,,,,1,19410614,0,CAN03,v,CAG,1,0,0,regular,y,
CAG194106140,broww101,KCM,1,7,value,27,2,0,0,0,0,,,,,1,19410614,0,CAN03,v,CAG,1,0,0,regular,y,
CAG194106140,strot101,KCM,1,9,value,27,2,0,0,0,0,,,,,1,19410614,0,CAN03,v,CAG,1,0,0,regular,y,
CAG194106140,oneib801,KCM,1,3,value,27,9,0,0,1,0,,,,,1,19410614,0,CAN03,v,CAG,1,0,0,regular,y,
CAG194106140,willj111,KCM,1,6,value,27,2,1,0,1,0,,,,,1,19410614,0,CAN03,v,CAG,1,0,0,regular,y,
CAG194106140,walkg103,KCM,1,1,value,27,0,2,0,1,0,,,,,1,19410614,0,CAN03,v,CAG,1,0,0,regular,y,
CAG194106140,crutj101,CAG,1,8,value,27,5,0,1,0,0,,,,,1,19410614,0,CAN03,h,KCM,0,1,0,regular,y,
CAG194106140,lylej102,CAG,1,6,value,27,2,5,2,0,0,,,,,1,19410614,0,CAN03,h,KCM,0,1,0,regular,y,
CAG194106140,penna101,CAG,1,7,value,27,0,0,0,0,0,,,,,1,19410614,0,CAN03,h,KCM,0,1,0,regular,y,
CAG194106140,youne102,CAG,1,3,value,27,7,0,1,0,0,,,,,1,19410614,0,CAN03,h,KCM,0,1,0,regular,y,
CAG194106140,reevd101,CAG,1,9,value,27,2,1,0,0,0,,,,,1,19410614,0,CAN03,h,KCM,0,1,0,regular,y,
CAG194106140,hendc102,CAG,1,5,value,27,1,1,0,0,0,,,,,1,19410614,0,CAN03,h,KCM,0,1,0,regular,y,
CAG194106140,hornb101,CAG,1,4,value,27,4,2,1,0,0,,,,,1,19410614,0,CAN03,h,KCM,0,1,0,regular,y,
CAG194106140,bassp101,CAG,1,2,value,27,6,1,0,0,0,1,,,,1,19410614,0,CAN03,h,KCM,0,1,0,regular,y,
CAG194106140,gibst101,CAG,1,1,value,9,0,0,0,0,0,,,,,1,19410614,0,CAN03,h,KCM,0,1,0,regular,y,
CAG194106140,alext101,CAG,1,1,value,15,0,1,0,0,0,,,,,,19410614,0,CAN03,h,KCM,0,1,0,regular,y,
CAG194106140,hudsf101,CAG,1,1,value,3,0,0,0,0,0,,,,,,19410614,0,CAN03,h,KCM,0,1,0,regular,y,
KCM194106291,kimbh102,NY5,1,8,value,24,1,0,0,0,0,,,,,1,19410629,1,KAN05,v,KCM,0,1,0,exhibition,y,
KCM194106291,seayd101,NY5,1,4,value,24,4,1,1,0,0,,,,,1,19410629,1,KAN05,v,KCM,0,1,0,exhibition,y,
KCM194106291,willj110,NY5,1,9,value,24,0,0,0,0,0,,,,,1,19410629,1,KAN05,v,KCM,0,1,0,exhibition,y,
KCM194106291,starj102,NY5,1,3,value,24,8,1,0,0,0,,,,,1,19410629,1,KAN05,v,KCM,0,1,0,exhibition,y,
KCM194106291,suttm101,NY5,1,7,value,24,4,0,1,0,0,,,,,1,19410629,1,KAN05,v,KCM,0,1,0,exhibition,y,
KCM194106291,barkm101,NY5,1,5,value,24,2,1,1,0,0,,,,,1,19410629,1,KAN05,v,KCM,0,1,0,exhibition,y,
KCM194106291,hayej104,NY5,1,2,value,24,4,0,0,0,0,0,,,,1,19410629,1,KAN05,v,KCM,0,1,0,exhibition,y,
KCM194106291,coopa103,NY5,1,6,value,24,1,5,1,0,0,,,,,1,19410629,1,KAN05,v,KCM,0,1,0,exhibition,y,
KCM194106291,rectc101,NY5,1,1,value,24,0,3,0,0,0,,,,,1,19410629,1,KAN05,v,KCM,0,1,0,exhibition,y,
KCM194106291,allen102,KCM,1,5,value,27,0,1,1,0,0,,,,,1,19410629,1,KAN05,h,NY5,1,0,0,exhibition,y,
KCM194106291,oneib801,KCM,1,3,value,27,10,0,0,0,0,,,,,1,19410629,1,KAN05,h,NY5,1,0,0,exhibition,y,
KCM194106291,bibbr101,KCM,1,4,value,27,3,1,1,0,0,,,,,1,19410629,1,KAN05,h,NY5,1,0,0,exhibition,y,
KCM194106291,broww101,KCM,1,8,value,27,4,1,0,0,0,,,,,1,19410629,1,KAN05,h,NY5,1,0,0,exhibition,y,
KCM194106291,strot101,KCM,1,9,value,27,0,0,0,0,0,,,,,1,19410629,1,KAN05,h,NY5,1,0,0,exhibition,y,
KCM194106291,duncf102,KCM,1,2,value,,4,2,0,0,0,0,,,,1,19410629,1,KAN05,h,NY5,1,0,0,exhibition,y,
KCM194106291,greej108,KCM,1,2,value,,2,1,0,0,0,0,,,,,19410629,1,KAN05,h,NY5,1,0,0,exhibition,y,
KCM194106291,simmw101,KCM,1,7,value,27,1,0,0,0,0,,,,,1,19410629,1,KAN05,h,NY5,1,0,0,exhibition,y,
KCM194106291,willj111,KCM,1,6,value,27,3,5,0,0,0,,,,,1,19410629,1,KAN05,h,NY5,1,0,0,exhibition,y,
KCM194106291,johnc103,KCM,1,1,value,27,0,1,0,0,0,,,,,1,19410629,1,KAN05,h,NY5,1,0,0,exhibition,y,
KCM194106292,kimbh102,NY5,1,8,value,18,3,0,0,0,0,,,,,1,19410629,2,KAN05,v,KCM,0,1,0,exhibition,y,
KCM194106292,seayd101,NY5,1,4,value,18,1,2,0,0,0,,,,,1,19410629,2,KAN05,v,KCM,0,1,0,exhibition,y,
KCM194106292,willj110,NY5,1,9,value,18,1,1,0,0,0,,,,,1,19410629,2,KAN05,v,KCM,0,1,0,exhibition,y,
KCM194106292,starj102,NY5,1,3,value,18,7,0,0,0,0,,,,,1,19410629,2,KAN05,v,KCM,0,1,0,exhibition,y,
KCM194106292,suttm101,NY5,1,7,value,18,2,0,0,0,0,,,,,1,19410629,2,KAN05,v,KCM,0,1,0,exhibition,y,
KCM194106292,barkm101,NY5,1,5,value,18,3,1,1,0,0,,,,,1,19410629,2,KAN05,v,KCM,0,1,0,exhibition,y,
KCM194106292,hayej104,NY5,1,2,value,18,1,0,0,0,0,0,,,,1,19410629,2,KAN05,v,KCM,0,1,0,exhibition,y,
KCM194106292,coopa103,NY5,1,6,value,18,0,3,0,0,0,,,,,1,19410629,2,KAN05,v,KCM,0,1,0,exhibition,y,
KCM194106292,stann101,NY5,1,1,value,12,0,2,0,0,0,,,,,1,19410629,2,KAN05,v,KCM,0,1,0,exhibition,y,
KCM194106292,watth101,NY5,1,1,value,0,0,0,0,0,0,,,,,,19410629,2,KAN05,v,KCM,0,1,0,exhibition,y,
KCM194106292,gibbj103,NY5,1,1,value,6,0,0,0,0,0,,,,,,19410629,2,KAN05,v,KCM,0,1,0,exhibition,y,
KCM194106292,allen102,KCM,1,5,value,21,2,2,0,0,0,,,,,1,19410629,2,KAN05,h,NY5,1,0,0,exhibition,y,
KCM194106292,oneib801,KCM,1,3,value,21,9,0,0,0,0,,,,,1,19410629,2,KAN05,h,NY5,1,0,0,exhibition,y,
KCM194106292,bibbr101,KCM,1,4,value,21,2,2,0,0,0,,,,,1,19410629,2,KAN05,h,NY5,1,0,0,exhibition,y,
KCM194106292,broww101,KCM,1,8,value,21,3,0,0,0,0,,,,,1,19410629,2,KAN05,h,NY5,1,0,0,exhibition,y,
KCM194106292,strot101,KCM,1,9,value,21,2,1,0,0,0,,,,,1,19410629,2,KAN05,h,NY5,1,0,0,exhibition,y,
KCM194106292,greej108,KCM,1,2,value,21,3,0,0,0,0,0,,,,1,19410629,2,KAN05,h,NY5,1,0,0,exhibition,y,
KCM194106292,simmw101,KCM,1,7,value,21,0,1,0,0,0,,,,,1,19410629,2,KAN05,h,NY5,1,0,0,exhibition,y,
KCM194106292,willj111,KCM,1,6,value,21,0,4,1,0,0,,,,,1,19410629,2,KAN05,h,NY5,1,0,0,exhibition,y,
KCM194106292,smith111,KCM,1,1,value,21,0,1,0,0,0,,,,,1,19410629,2,KAN05,h,NY5,1,0,0,exhibition,y,
KCM194106300,kimbh102,NY5,1,8,value,27,3,0,0,0,0,,,,,1,19410630,0,KAN05,v,KCM,1,0,0,exhibition,y,
KCM194106300,seayd101,NY5,1,4,value,9,1,1,1,0,0,,,,,1,19410630,0,KAN05,v,KCM,1,0,0,exhibition,y,
KCM194106300,seayd101,NY5,2,6,value,18,,,1,0,0,,,,,1,19410630,0,KAN05,v,KCM,1,0,0,exhibition,y,
KCM194106300,willh105,NY5,1,9,value,27,9,0,0,0,0,,,,,1,19410630,0,KAN05,v,KCM,1,0,0,exhibition,y,
KCM194106300,starj102,NY5,1,3,value,27,8,1,0,0,0,,,,,1,19410630,0,KAN05,v,KCM,1,0,0,exhibition,y,
KCM194106300,hayej104,NY5,1,2,value,27,3,1,0,0,0,0,,,,1,19410630,0,KAN05,v,KCM,1,0,0,exhibition,y,
KCM194106300,barkm101,NY5,1,7,value,9,2,1,0,0,0,,,,,1,19410630,0,KAN05,v,KCM,1,0,0,exhibition,y,
KCM194106300,barkm101,NY5,2,4,value,18,,,0,0,0,,,,,1,19410630,0,KAN05,v,KCM,1,0,0,exhibition,y,
KCM194106300,coopa103,NY5,1,6,value,9,0,1,1,0,0,,,,,1,19410630,0,KAN05,v,KCM,1,0,0,exhibition,y,
KCM194106300,suttm101,NY5,1,7,value,18,0,0,0,0,0,,,,,,19410630,0,KAN05,v,KCM,1,0,0,exhibition,y,
KCM194106300,younn101,NY5,1,5,value,27,1,0,0,0,0,,,,,1,19410630,0,KAN05,v,KCM,1,0,0,exhibition,y,
KCM194106300,evanb105,NY5,1,1,value,27,0,1,0,0,0,,,,,1,19410630,0,KAN05,v,KCM,1,0,0,exhibition,y,
KCM194106300,allen102,KCM,1,5,value,27,0,2,0,0,0,,,,,1,19410630,0,KAN05,h,NY5,0,1,0,exhibition,y,
KCM194106300,oneib801,KCM,1,3,value,27,13,0,0,0,0,,,,,1,19410630,0,KAN05,h,NY5,0,1,0,exhibition,y,
KCM194106300,bibbr101,KCM,1,4,value,27,2,1,0,0,0,,,,,1,19410630,0,KAN05,h,NY5,0,1,0,exhibition,y,
KCM194106300,broww101,KCM,1,8,value,27,3,0,0,0,0,,,,,1,19410630,0,KAN05,h,NY5,0,1,0,exhibition,y,
KCM194106300,greej108,KCM,1,2,value,27,6,2,0,0,0,0,,,,1,19410630,0,KAN05,h,NY5,0,1,0,exhibition,y,
KCM194106300,strot101,KCM,1,9,value,27,0,1,0,0,0,,,,,1,19410630,0,KAN05,h,NY5,0,1,0,exhibition,y,
KCM194106300,simmw101,KCM,1,7,value,27,1,0,1,0,0,,,,,1,19410630,0,KAN05,h,NY5,0,1,0,exhibition,y,
KCM194106300,willj111,KCM,1,6,value,27,2,3,0,0,0,,,,,1,19410630,0,KAN05,h,NY5,0,1,0,exhibition,y,
KCM194106300,bradf104,KCM,1,1,value,27,0,2,0,0,0,,,,,1,19410630,0,KAN05,h,NY5,0,1,0,exhibition,y,
CAG194107020,paigs101,KCM,1,1,value,9,,,0,,0,0,,,,1,19410702,0,TER01,v,CAG,1,0,0,regular,,
CAG194107040,allen102,KCM,1,5,value,27,0,0,0,1,0,,,,,1,19410704,0,STL07,v,CAG,1,0,0,regular,y,
CAG194107040,oneib801,KCM,1,3,value,27,10,2,0,1,0,,,,,1,19410704,0,STL07,v,CAG,1,0,0,regular,y,
CAG194107040,bibbr101,KCM,1,4,value,27,4,3,0,1,0,,,,,1,19410704,0,STL07,v,CAG,1,0,0,regular,y,
CAG194107040,broww101,KCM,1,8,value,27,1,0,0,0,0,,,,,1,19410704,0,STL07,v,CAG,1,0,0,regular,y,
CAG194107040,greej108,KCM,1,2,value,27,10,0,0,0,0,1,,,,1,19410704,0,STL07,v,CAG,1,0,0,regular,y,
CAG194107040,strot101,KCM,1,9,value,27,0,0,0,0,0,,,,,1,19410704,0,STL07,v,CAG,1,0,0,regular,y,
CAG194107040,simmw101,KCM,1,7,value,27,0,0,0,0,0,,,,,1,19410704,0,STL07,v,CAG,1,0,0,regular,y,
CAG194107040,willj111,KCM,1,6,value,27,1,2,0,0,0,,,,,1,19410704,0,STL07,v,CAG,1,0,0,regular,y,
CAG194107040,paigs101,KCM,1,1,value,12,1,1,0,0,0,,,,,1,19410704,0,STL07,v,CAG,1,0,0,regular,y,
CAG194107040,smith111,KCM,1,1,value,15,0,4,0,0,0,,,,,,19410704,0,STL07,v,CAG,1,0,0,regular,y,
CAG194107040,jamet101,CAG,1,6,value,27,4,3,0,0,0,,,,,1,19410704,0,STL07,h,KCM,0,1,0,regular,y,
CAG194107040,crutj101,CAG,1,8,value,27,0,0,0,0,0,,,,,1,19410704,0,STL07,h,KCM,0,1,0,regular,y,
CAG194107040,penna101,CAG,1,7,value,27,0,0,0,0,0,,,,,1,19410704,0,STL07,h,KCM,0,1,0,regular,y,
CAG194107040,youne102,CAG,1,3,value,27,6,0,0,0,0,,,,,1,19410704,0,STL07,h,KCM,0,1,0,regular,y,
CAG194107040,hudsf101,CAG,1,9,value,27,0,0,0,0,0,,,,,1,19410704,0,STL07,h,KCM,0,1,0,regular,y,
CAG194107040,hendc102,CAG,1,5,value,27,2,5,0,0,0,,,,,1,19410704,0,STL07,h,KCM,0,1,0,regular,y,
CAG194107040,bassp101,CAG,1,2,value,,10,0,0,0,0,3,,,,1,19410704,0,STL07,h,KCM,0,1,0,regular,y,
CAG194107040,boono101,CAG,1,2,value,,4,0,0,0,0,3,,,,,19410704,0,STL07,h,KCM,0,1,0,regular,y,
CAG194107040,hornb101,CAG,1,4,value,27,1,2,0,0,0,,,,,1,19410704,0,STL07,h,KCM,0,1,0,regular,y,
CAG194107040,cornw101,CAG,1,1,value,10,0,0,0,0,0,,,,,1,19410704,0,STL07,h,KCM,0,1,0,regular,y,
CAG194107040,ferrw102,CAG,1,1,value,5,0,0,0,0,0,,,,,,19410704,0,STL07,h,KCM,0,1,0,regular,y,
CAG194107040,merch101,CAG,1,1,value,9,0,0,0,0,0,,,,,,19410704,0,STL07,h,KCM,0,1,0,regular,y,
CAG194107040,shiec102,CAG,1,1,value,3,0,0,0,0,0,,,,,,19410704,0,STL07,h,KCM,0,1,0,regular,y,
KCM194107061,jamet101,CAG,1,6,value,27,1,1,0,0,0,,,,,1,19410706,1,KAN05,v,KCM,1,0,0,regular,y,
KCM194107061,merch101,CAG,1,8,value,27,3,0,0,0,0,,,,,1,19410706,1,KAN05,v,KCM,1,0,0,regular,y,
KCM194107061,crutj101,CAG,1,9,value,27,2,0,0,0,0,,,,,1,19410706,1,KAN05,v,KCM,1,0,0,regular,y,
KCM194107061,youne102,CAG,1,3,value,27,9,0,0,1,0,,,,,1,19410706,1,KAN05,v,KCM,1,0,0,regular,y,
KCM194107061,hudsf101,CAG,1,7,value,27,4,0,0,0,0,,,,,1,19410706,1,KAN05,v,KCM,1,0,0,regular,y,
KCM194107061,boono101,CAG,1,2,value,27,4,0,0,0,0,0,,,,1,19410706,1,KAN05,v,KCM,1,0,0,regular,y,
KCM194107061,hendc102,CAG,1,5,value,27,1,2,0,0,0,,,,,1,19410706,1,KAN05,v,KCM,1,0,0,regular,y,
KCM194107061,hornb101,CAG,1,4,value,27,2,3,0,1,0,,,,,1,19410706,1,KAN05,v,KCM,1,0,0,regular,y,
KCM194107061,ferrw102,CAG,1,1,value,27,1,1,0,1,0,,,,,1,19410706,1,KAN05,v,KCM,1,0,0,regular,y,
KCM194107061,allen102,KCM,1,5,value,27,0,1,0,0,0,,,,,1,19410706,1,KAN05,h,CAG,0,1,0,regular,y,
KCM194107061,oneib801,KCM,1,3,value,27,10,0,0,0,0,,,,,1,19410706,1,KAN05,h,CAG,0,1,0,regular,y,
KCM194107061,strot101,KCM,1,9,value,27,1,0,0,0,0,,,,,1,19410706,1,KAN05,h,CAG,0,1,0,regular,y,
KCM194107061,broww101,KCM,1,8,value,27,2,0,0,0,0,,,,,1,19410706,1,KAN05,h,CAG,0,1,0,regular,y,
KCM194107061,bibbr101,KCM,1,4,value,27,2,6,1,0,0,,,,,1,19410706,1,KAN05,h,CAG,0,1,0,regular,y,
KCM194107061,duncf102,KCM,1,2,value,27,9,0,0,0,0,0,,,,1,19410706,1,KAN05,h,CAG,0,1,0,regular,y,
KCM194107061,smith111,KCM,1,7,value,27,1,0,0,0,0,,,,,1,19410706,1,KAN05,h,CAG,0,1,0,regular,y,
KCM194107061,willj111,KCM,1,6,value,27,2,4,0,0,0,,,,,1,19410706,1,KAN05,h,CAG,0,1,0,regular,y,
KCM194107061,johnc103,KCM,1,1,value,17,0,2,0,0,0,,,,,1,19410706,1,KAN05,h,CAG,0,1,0,regular,y,
KCM194107061,bradf104,KCM,1,1,value,10,0,1,0,0,0,,,,,,19410706,1,KAN05,h,CAG,0,1,0,regular,y,
KCM194107062,jamet101,CAG,1,6,value,18,0,1,0,1,0,,,,,1,19410706,2,KAN05,v,KCM,0,1,0,regular,y,
KCM194107062,merch101,CAG,1,8,value,18,0,0,0,0,0,,,,,1,19410706,2,KAN05,v,KCM,0,1,0,regular,y,
KCM194107062,crutj101,CAG,1,9,value,18,3,1,0,1,0,,,,,1,19410706,2,KAN05,v,KCM,0,1,0,regular,y,
KCM194107062,youne102,CAG,1,3,value,18,9,0,0,3,0,,,,,1,19410706,2,KAN05,v,KCM,0,1,0,regular,y,
KCM194107062,hudsf101,CAG,1,7,value,18,1,0,0,0,0,,,,,1,19410706,2,KAN05,v,KCM,0,1,0,regular,y,
KCM194107062,hendc102,CAG,1,5,value,18,0,2,0,0,0,,,,,1,19410706,2,KAN05,v,KCM,0,1,0,regular,y,
KCM194107062,bassp101,CAG,1,2,value,18,2,0,0,0,0,0,,,,1,19410706,2,KAN05,v,KCM,0,1,0,regular,y,
KCM194107062,hornb101,CAG,1,4,value,18,2,3,0,1,0,,,,,1,19410706,2,KAN05,v,KCM,0,1,0,regular,y,
KCM194107062,gibst101,CAG,1,1,value,6,0,1,0,0,0,,,,,1,19410706,2,KAN05,v,KCM,0,1,0,regular,y,
KCM194107062,jessg101,CAG,1,1,value,12,1,1,0,1,0,,,,,,19410706,2,KAN05,v,KCM,0,1,0,regular,y,
KCM194107062,allen102,KCM,1,5,value,21,1,2,0,0,0,,,,,1,19410706,2,KAN05,h,CAG,1,0,0,regular,y,
KCM194107062,oneib801,KCM,1,3,value,21,10,0,0,2,0,,,,,1,19410706,2,KAN05,h,CAG,1,0,0,regular,y,
KCM194107062,strot101,KCM,1,9,value,21,1,0,0,0,0,,,,,1,19410706,2,KAN05,h,CAG,1,0,0,regular,y,
KCM194107062,broww101,KCM,1,8,value,21,0,0,0,0,0,,,,,1,19410706,2,KAN05,h,CAG,1,0,0,regular,y,
KCM194107062,greej108,KCM,1,2,value,21,5,0,0,0,0,0,,,,1,19410706,2,KAN05,h,CAG,1,0,0,regular,y,
KCM194107062,bibbr101,KCM,1,4,value,21,2,3,0,2,0,,,,,1,19410706,2,KAN05,h,CAG,1,0,0,regular,y,
KCM194107062,simmw101,KCM,1,7,value,21,0,1,0,0,0,,,,,1,19410706,2,KAN05,h,CAG,1,0,0,regular,y,
KCM194107062,willj111,KCM,1,6,value,21,2,3,0,2,0,,,,,1,19410706,2,KAN05,h,CAG,1,0,0,regular,y,
KCM194107062,walkg103,KCM,1,1,value,3,0,0,0,0,0,,,,,1,19410706,2,KAN05,h,CAG,1,0,0,regular,y,
KCM194107062,smitf107,KCM,1,1,value,18,0,3,0,0,0,,,,,,19410706,2,KAN05,h,CAG,1,0,0,regular,y,
KCM194107070,jamet101,CAG,1,6,value,9,0,1,0,0,0,,,,,1,19410707,0,KAN05,v,KCM,0,1,0,regular,y,
KCM194107070,bassp101,CAG,1,2,value,15,3,0,0,0,0,2,,,,,19410707,0,KAN05,v,KCM,0,1,0,regular,y,
KCM194107070,merch101,CAG,1,8,value,24,3,0,0,0,0,,,,,1,19410707,0,KAN05,v,KCM,0,1,0,regular,y,
KCM194107070,crutj101,CAG,1,9,value,24,0,0,0,0,0,,,,,1,19410707,0,KAN05,v,KCM,0,1,0,regular,y,
KCM194107070,youne102,CAG,1,3,value,9,4,1,0,0,0,,,,,1,19410707,0,KAN05,v,KCM,0,1,0,regular,y,
KCM194107070,youne102,CAG,2,5,value,15,,,0,0,0,,,,,1,19410707,0,KAN05,v,KCM,0,1,0,regular,y,
KCM194107070,hudsf101,CAG,1,7,value,3,4,1,2,0,0,,,,,1,19410707,0,KAN05,v,KCM,0,1,0,regular,y,
KCM194107070,hudsf101,CAG,2,1,value,12,,,0,0,0,,,,,1,19410707,0,KAN05,v,KCM,0,1,0,regular,y,
KCM194107070,hudsf101,CAG,3,3,value,9,,,0,0,0,,,,,1,19410707,0,KAN05,v,KCM,0,1,0,regular,y,
KCM194107070,boono101,CAG,1,2,value,9,4,0,0,0,0,2,,,,1,19410707,0,KAN05,v,KCM,0,1,0,regular,y,
KCM194107070,boono101,CAG,2,3,value,6,,,0,0,0,,,,,1,19410707,0,KAN05,v,KCM,0,1,0,regular,y,
KCM194107070,shiec102,CAG,1,1,value,9,0,0,0,0,0,,,,,,19410707,0,KAN05,v,KCM,0,1,0,regular,y,
KCM194107070,hendc102,CAG,1,5,value,9,3,3,0,0,0,,,,,1,19410707,0,KAN05,v,KCM,0,1,0,regular,y,
KCM194107070,hendc102,CAG,2,6,value,15,,,0,0,0,,,,,1,19410707,0,KAN05,v,KCM,0,1,0,regular,y,
KCM194107070,hornb101,CAG,1,4,value,24,1,2,1,0,0,,,,,1,19410707,0,KAN05,v,KCM,0,1,0,regular,y,
KCM194107070,cornw101,CAG,1,1,value,3,0,1,0,0,0,,,,,1,19410707,0,KAN05,v,KCM,0,1,0,regular,y,
KCM194107070,gibst101,CAG,1,7,value,21,2,0,0,0,0,,,,,,19410707,0,KAN05,v,KCM,0,1,0,regular,y,
KCM194107070,allen102,KCM,1,5,value,27,0,2,0,0,0,,,,,1,19410707,0,KAN05,h,CAG,1,0,0,regular,y,
KCM194107070,oneib801,KCM,1,3,value,27,16,0,0,1,0,,,,,1,19410707,0,KAN05,h,CAG,1,0,0,regular,y,
KCM194107070,strot101,KCM,1,9,value,27,3,2,1,1,0,,,,,1,19410707,0,KAN05,h,CAG,1,0,0,regular,y,
KCM194107070,broww101,KCM,1,8,value,27,0,0,1,0,0,,,,,1,19410707,0,KAN05,h,CAG,1,0,0,regular,y,
KCM194107070,greej108,KCM,1,2,value,27,7,1,0,0,0,1,,,,1,19410707,0,KAN05,h,CAG,1,0,0,regular,y,
KCM194107070,bibbr101,KCM,1,4,value,27,1,4,1,0,0,,,,,1,19410707,0,KAN05,h,CAG,1,0,0,regular,y,
KCM194107070,simmw101,KCM,1,7,value,27,0,0,0,0,0,,,,,1,19410707,0,KAN05,h,CAG,1,0,0,regular,y,
KCM194107070,willj111,KCM,1,6,value,27,0,1,0,0,0,,,,,1,19410707,0,KAN05,h,CAG,1,0,0,regular,y,
KCM194107070,smith111,KCM,1,1,value,27,0,5,0,0,0,,,,,1,19410707,0,KAN05,h,CAG,1,0,0,regular,y,
KCM194107100,markj101,BIR,1,1,value,,,,0,,0,0,,,,,19410710,0,OKC02,v,KCM,0,1,0,regular,,
KCM194107100,mckig101,BIR,1,1,value,,,,0,,0,0,,,,1,19410710,0,OKC02,v,KCM,0,1,0,regular,,
KCM194107100,tysoc101,BIR,1,2,value,27,,,0,,0,,,,,1,19410710,0,OKC02,v,KCM,0,1,0,regular,,
KCM194107100,greej108,KCM,1,2,value,27,,,0,,0,,,,,1,19410710,0,OKC02,h,BIR,1,0,0,regular,,
KCM194107100,paigs101,KCM,1,1,value,12,,,0,,0,0,,,,1,19410710,0,OKC02,h,BIR,1,0,0,regular,,
KCM194107100,smitf107,KCM,1,1,value,15,,,0,,0,0,,,,,19410710,0,OKC02,h,BIR,1,0,0,regular,,
KCM194107110,greej108,KCM,1,2,value,27,,,0,,0,,,,,1,19410711,0,WFL01,h,BIR,1,0,0,regular,,
KCM194107110,smith111,KCM,1,1,value,27,,,0,,0,0,,,,1,19410711,0,WFL01,h,BIR,1,0,0,regular,,
KCM194107131,dougj102,BIR,1,8,value,24,3,0,0,0,0,,,,,1,19410713,1,KAN05,v,KCM,0,1,0,regular,y,
KCM194107131,reddu101,BIR,1,6,value,24,3,3,1,0,0,,,,,1,19410713,1,KAN05,v,KCM,0,1,0,regular,y,
KCM194107131,bostl102,BIR,1,3,value,24,6,1,0,0,0,,,,,1,19410713,1,KAN05,v,KCM,0,1,0,regular,y,
KCM194107131,sampt101,BIR,1,4,value,24,1,3,1,0,0,,,,,1,19410713,1,KAN05,v,KCM,0,1,0,regular,y,
KCM194107131,walkh103,BIR,1,5,value,24,0,1,0,0,0,,,,,1,19410713,1,KAN05,v,KCM,0,1,0,regular,y,
KCM194107131,lockl101,BIR,1,7,value,24,3,0,0,0,0,,,,,1,19410713,1,KAN05,v,KCM,0,1,0,regular,y,
KCM194107131,sampe101,BIR,1,9,value,24,2,0,1,0,0,,,,,1,19410713,1,KAN05,v,KCM,0,1,0,regular,y,
KCM194107131,hardp102,BIR,1,2,value,24,5,0,0,0,0,0,,,,1,19410713,1,KAN05,v,KCM,0,1,0,regular,y,
KCM194107131,gipsa101,BIR,1,1,value,24,1,0,0,0,0,,,,,1,19410713,1,KAN05,v,KCM,0,1,0,regular,y,
KCM194107131,allen102,KCM,1,5,value,27,0,3,0,0,0,,,,,1,19410713,1,KAN05,h,BIR,1,0,0,regular,y,
KCM194107131,oneib801,KCM,1,3,value,27,9,2,0,0,0,,,,,1,19410713,1,KAN05,h,BIR,1,0,0,regular,y,
KCM194107131,strot101,KCM,1,9,value,27,3,0,0,0,0,,,,,1,19410713,1,KAN05,h,BIR,1,0,0,regular,y,
KCM194107131,broww101,KCM,1,8,value,27,0,0,0,0,0,,,,,1,19410713,1,KAN05,h,BIR,1,0,0,regular,y,
KCM194107131,greej108,KCM,1,2,value,27,8,1,0,0,0,1,,,,1,19410713,1,KAN05,h,BIR,1,0,0,regular,y,
KCM194107131,bibbr101,KCM,1,4,value,27,2,2,0,0,0,,,,,1,19410713,1,KAN05,h,BIR,1,0,0,regular,y,
KCM194107131,simmw101,KCM,1,7,value,27,2,0,0,0,0,,,,,1,19410713,1,KAN05,h,BIR,1,0,0,regular,y,
KCM194107131,willj111,KCM,1,6,value,27,3,2,0,0,0,,,,,1,19410713,1,KAN05,h,BIR,1,0,0,regular,y,
KCM194107131,paigs101,KCM,1,1,value,15,0,2,0,0,0,,,,,1,19410713,1,KAN05,h,BIR,1,0,0,regular,y,
KCM194107131,bradf104,KCM,1,1,value,12,0,1,0,0,0,,,,,,19410713,1,KAN05,h,BIR,1,0,0,regular,y,
KCM194107132,dougj102,BIR,1,8,value,21,3,0,0,0,0,,,,,1,19410713,2,KAN05,v,KCM,1,0,0,regular,y,
KCM194107132,reddu101,BIR,1,6,value,21,1,3,0,0,0,,,,,1,19410713,2,KAN05,v,KCM,1,0,0,regular,y,
KCM194107132,bostl102,BIR,1,3,value,21,6,2,0,0,0,,,,,1,19410713,2,KAN05,v,KCM,1,0,0,regular,y,
KCM194107132,sampt101,BIR,1,4,value,21,3,2,1,0,0,,,,,1,19410713,2,KAN05,v,KCM,1,0,0,regular,y,
KCM194107132,walkh103,BIR,1,5,value,21,0,0,0,0,0,,,,,1,19410713,2,KAN05,v,KCM,1,0,0,regular,y,
KCM194107132,lockl101,BIR,1,7,value,21,2,0,0,0,0,,,,,1,19410713,2,KAN05,v,KCM,1,0,0,regular,y,
KCM194107132,sampe101,BIR,1,9,value,21,0,0,0,0,0,,,,,1,19410713,2,KAN05,v,KCM,1,0,0,regular,y,
KCM194107132,sayla101,BIR,1,2,value,21,3,1,0,0,0,0,,,,1,19410713,2,KAN05,v,KCM,1,0,0,regular,y,
KCM194107132,bankd101,BIR,1,1,value,21,3,1,0,0,0,,,,,1,19410713,2,KAN05,v,KCM,1,0,0,regular,y,
KCM194107132,allen102,KCM,1,5,value,21,2,5,0,0,0,,,,,1,19410713,2,KAN05,h,BIR,0,1,0,regular,y,
KCM194107132,oneib801,KCM,1,3,value,21,9,0,0,0,0,,,,,1,19410713,2,KAN05,h,BIR,0,1,0,regular,y,
KCM194107132,strot101,KCM,1,9,value,21,3,0,0,0,0,,,,,1,19410713,2,KAN05,h,BIR,0,1,0,regular,y,
KCM194107132,broww101,KCM,1,8,value,21,2,0,0,0,0,,,,,1,19410713,2,KAN05,h,BIR,0,1,0,regular,y,
KCM194107132,duncf102,KCM,1,2,value,21,1,0,0,0,0,0,,,,1,19410713,2,KAN05,h,BIR,0,1,0,regular,y,
KCM194107132,bibbr101,KCM,1,4,value,21,1,1,0,0,0,,,,,1,19410713,2,KAN05,h,BIR,0,1,0,regular,y,
KCM194107132,simmw101,KCM,1,7,value,21,1,0,0,0,0,,,,,1,19410713,2,KAN05,h,BIR,0,1,0,regular,y,
KCM194107132,willj111,KCM,1,6,value,21,2,2,1,0,0,,,,,1,19410713,2,KAN05,h,BIR,0,1,0,regular,y,
KCM194107132,browc108,KCM,1,1,value,10,0,1,0,0,0,,,,,1,19410713,2,KAN05,h,BIR,0,1,0,regular,y,
KCM194107132,johnc103,KCM,1,1,value,11,0,0,0,0,0,,,,,,19410713,2,KAN05,h,BIR,0,1,0,regular,y,
PH5194107170,greej108,KCM,1,2,value,27,,,0,,0,,,,,1,19410717,0,PHI17,v,PH5,1,0,0,exhibition,,
PH5194107170,paigs101,KCM,1,1,value,9,,,0,,0,0,,,,1,19410717,0,PHI17,v,PH5,1,0,0,exhibition,,
PH5194107170,smith111,KCM,1,1,value,18,,,0,,0,0,,,,,19410717,0,PHI17,v,PH5,1,0,0,exhibition,,
PH5194107170,brewc102,PH5,1,1,value,27,,,0,,0,0,,,,1,19410717,0,PHI17,h,KCM,0,1,0,exhibition,,
PH5194107170,coopb101,PH5,1,2,value,27,,,0,,0,,,,,1,19410717,0,PHI17,h,KCM,0,1,0,exhibition,,
PH5194107170,duckm101,PH5,1,6,value,27,,,1,,0,0,,,,,19410717,0,PHI17,h,KCM,0,1,0,exhibition,,
PH5194107172,allen102,KCM,1,5,value,21,0,1,0,0,0,,,,,1,19410717,2,PHI17,v,PH5,1,0,0,exhibition,y,
PH5194107172,oneib801,KCM,1,3,value,21,9,0,0,0,0,,,,,1,19410717,2,PHI17,v,PH5,1,0,0,exhibition,y,
PH5194107172,strot101,KCM,1,9,value,21,1,0,0,0,0,,,,,1,19410717,2,PHI17,v,PH5,1,0,0,exhibition,y,
PH5194107172,broww101,KCM,1,8,value,21,2,0,0,0,0,,,,,1,19410717,2,PHI17,v,PH5,1,0,0,exhibition,y,
PH5194107172,duncf102,KCM,1,2,value,21,7,0,0,0,0,0,,,,1,19410717,2,PHI17,v,PH5,1,0,0,exhibition,y,
PH5194107172,bibbr101,KCM,1,4,value,21,2,1,0,0,0,,,,,1,19410717,2,PHI17,v,PH5,1,0,0,exhibition,y,
PH5194107172,simmw101,KCM,1,7,value,21,0,0,0,0,0,,,,,1,19410717,2,PHI17,v,PH5,1,0,0,exhibition,y,
PH5194107172,willj111,KCM,1,6,value,21,0,3,0,0,0,,,,,1,19410717,2,PHI17,v,PH5,1,0,0,exhibition,y,
PH5194107172,bryaa101,KCM,1,1,value,21,0,5,0,0,0,,,,,1,19410717,2,PHI17,v,PH5,1,0,0,exhibition,y,
PH5194107172,parnr102,PH5,1,9,value,21,1,0,0,0,0,,,,,1,19410717,2,PHI17,h,KCM,0,1,0,exhibition,y,
PH5194107172,campd103,PH5,1,5,value,21,0,1,0,0,0,,,,,1,19410717,2,PHI17,h,KCM,0,1,0,exhibition,y,
PH5194107172,jordl101,PH5,1,6,value,21,2,2,0,0,0,,,,,1,19410717,2,PHI17,h,KCM,0,1,0,exhibition,y,
PH5194107172,westj102,PH5,1,3,value,21,6,0,0,0,0,,,,,1,19410717,2,PHI17,h,KCM,0,1,0,exhibition,y,
PH5194107172,hubej101,PH5,1,2,value,21,7,0,0,0,0,0,,,,1,19410717,2,PHI17,h,KCM,0,1,0,exhibition,y,
PH5194107172,dorsl101,PH5,1,7,value,21,1,0,0,0,0,,,,,1,19410717,2,PHI17,h,KCM,0,1,0,exhibition,y,
PH5194107172,owens102,PH5,1,8,value,15,2,0,0,0,0,,,,,1,19410717,2,PHI17,h,KCM,0,1,0,exhibition,y,
PH5194107172,brewc102,PH5,1,8,value,6,1,0,0,0,0,,,,,,19410717,2,PHI17,h,KCM,0,1,0,exhibition,y,
PH5194107172,duckm101,PH5,1,4,value,21,1,3,0,0,0,,,,,1,19410717,2,PHI17,h,KCM,0,1,0,exhibition,y,
PH5194107172,buchc101,PH5,1,1,value,21,0,1,0,0,0,,,,,1,19410717,2,PHI17,h,KCM,0,1,0,exhibition,y,
PH5194107191,allen102,KCM,1,5,value,27,2,1,0,0,0,,,,,1,19410719,1,PHI17,v,PH5,1,0,0,exhibition,y,
PH5194107191,oneib801,KCM,1,3,value,27,9,1,0,2,0,,,,,1,19410719,1,PHI17,v,PH5,1,0,0,exhibition,y,
PH5194107191,strot101,KCM,1,9,value,27,1,0,0,0,0,,,,,1,19410719,1,PHI17,v,PH5,1,0,0,exhibition,y,
PH5194107191,broww101,KCM,1,8,value,27,3,0,0,0,0,,,,,1,19410719,1,PHI17,v,PH5,1,0,0,exhibition,y,
PH5194107191,greej108,KCM,1,2,value,27,4,2,0,0,0,0,,,,1,19410719,1,PHI17,v,PH5,1,0,0,exhibition,y,
PH5194107191,bibbr101,KCM,1,4,value,27,5,3,1,2,0,,,,,1,19410719,1,PHI17,v,PH5,1,0,0,exhibition,y,
PH5194107191,simmw101,KCM,1,7,value,27,0,0,0,0,0,,,,,1,19410719,1,PHI17,v,PH5,1,0,0,exhibition,y,
PH5194107191,willj111,KCM,1,6,value,27,3,6,0,2,0,,,,,1,19410719,1,PHI17,v,PH5,1,0,0,exhibition,y,
PH5194107191,bradf104,KCM,1,1,value,3,0,0,0,0,0,,,,,1,19410719,1,PHI17,v,PH5,1,0,0,exhibition,y,
PH5194107191,smitf107,KCM,1,1,value,24,0,1,0,0,0,,,,,,19410719,1,PHI17,v,PH5,1,0,0,exhibition,y,
PH5194107191,parnr102,PH5,1,9,value,27,1,0,1,0,0,,,,,1,19410719,1,PHI17,h,KCM,0,1,0,exhibition,y,
PH5194107191,campd103,PH5,1,5,value,27,1,3,0,0,0,,,,,1,19410719,1,PHI17,h,KCM,0,1,0,exhibition,y,
PH5194107191,coopb101,PH5,1,2,value,27,4,2,0,0,0,0,,,,1,19410719,1,PHI17,h,KCM,0,1,0,exhibition,y,
PH5194107191,westj102,PH5,1,3,value,27,14,0,0,0,0,,,,,1,19410719,1,PHI17,h,KCM,0,1,0,exhibition,y,
PH5194107191,jordl101,PH5,1,6,value,27,1,7,0,0,0,,,,,1,19410719,1,PHI17,h,KCM,0,1,0,exhibition,y,
PH5194107191,dorsl101,PH5,1,7,value,27,1,0,0,0,0,,,,,1,19410719,1,PHI17,h,KCM,0,1,0,exhibition,y,
PH5194107191,owens102,PH5,1,8,value,27,2,0,0,0,0,,,,,1,19410719,1,PHI17,h,KCM,0,1,0,exhibition,y,
PH5194107191,duckm101,PH5,1,4,value,27,2,2,0,0,0,,,,,1,19410719,1,PHI17,h,KCM,0,1,0,exhibition,y,
PH5194107191,walke103,PH5,1,1,value,27,1,4,0,0,0,,,,,1,19410719,1,PHI17,h,KCM,0,1,0,exhibition,y,
NY6194107201,allen102,KCM,1,5,value,27,1,2,0,0,0,,,,,1,19410720,1,NYC16,v,NY6,1,0,0,exhibition,y,
NY6194107201,oneib801,KCM,1,3,value,27,10,1,0,1,0,,,,,1,19410720,1,NYC16,v,NY6,1,0,0,exhibition,y,
NY6194107201,strot101,KCM,1,9,value,27,0,0,0,0,0,,,,,1,19410720,1,NYC16,v,NY6,1,0,0,exhibition,y,
NY6194107201,broww101,KCM,1,8,value,27,1,0,0,0,0,,,,,1,19410720,1,NYC16,v,NY6,1,0,0,exhibition,y,
NY6194107201,greej108,KCM,1,2,value,27,7,0,0,0,0,0,,,,1,19410720,1,NYC16,v,NY6,1,0,0,exhibition,y,
NY6194107201,bibbr101,KCM,1,4,value,27,2,2,0,1,0,,,,,1,19410720,1,NYC16,v,NY6,1,0,0,exhibition,y,
NY6194107201,simmw101,KCM,1,7,value,27,1,0,0,0,0,,,,,1,19410720,1,NYC16,v,NY6,1,0,0,exhibition,y,
NY6194107201,willj111,KCM,1,6,value,27,5,5,0,1,0,,,,,1,19410720,1,NYC16,v,NY6,1,0,0,exhibition,y,
NY6194107201,paigs101,KCM,1,1,value,15,0,1,0,0,0,,,,,1,19410720,1,NYC16,v,NY6,1,0,0,exhibition,y,
NY6194107201,smith111,KCM,1,1,value,12,0,1,0,0,0,,,,,,19410720,1,NYC16,v,NY6,1,0,0,exhibition,y,
NY6194107201,martr105,NY6,1,6,value,27,4,1,0,0,0,,,,,1,19410720,1,NYC16,h,KCM,0,1,0,exhibition,y,
NY6194107201,herer101,NY6,1,3,value,27,8,0,0,1,0,,,,,1,19410720,1,NYC16,h,KCM,0,1,0,exhibition,y,
NY6194107201,carrc107,NY6,1,5,value,27,1,1,0,0,0,,,,,1,19410720,1,NYC16,h,KCM,0,1,0,exhibition,y,
NY6194107201,coimp101,NY6,1,7,value,27,1,0,0,0,0,,,,,1,19410720,1,NYC16,h,KCM,0,1,0,exhibition,y,
NY6194107201,vargt101,NY6,1,8,value,27,2,0,0,0,0,,,,,1,19410720,1,NYC16,h,KCM,0,1,0,exhibition,y,
NY6194107201,herna101,NY6,1,9,value,27,2,1,1,1,0,,,,,1,19410720,1,NYC16,h,KCM,0,1,0,exhibition,y,
NY6194107201,blanh102,NY6,1,4,value,27,2,3,0,1,0,,,,,1,19410720,1,NYC16,h,KCM,0,1,0,exhibition,y,
NY6194107201,colac101,NY6,1,2,value,,5,1,0,0,0,0,,,,1,19410720,1,NYC16,h,KCM,0,1,0,exhibition,y,
NY6194107201,fernj101,NY6,1,2,value,,2,1,0,0,0,0,,,,,19410720,1,NYC16,h,KCM,0,1,0,exhibition,y,
NY6194107201,barnd101,NY6,1,1,value,12,0,0,0,0,0,,,,,1,19410720,1,NYC16,h,KCM,0,1,0,exhibition,y,
NY6194107201,andeb106,NY6,1,1,value,15,0,1,1,0,0,,,,,,19410720,1,NYC16,h,KCM,0,1,0,exhibition,y,
BLG194107210,bibbr101,KCM,1,4,value,24,,,0,,0,0,,,,,19410721,0,BAL14,v,BLG,0,1,0,exhibition,,
BLG194107210,johnc103,KCM,1,1,value,24,,,1,,0,0,,,,1,19410721,0,BAL14,v,BLG,0,1,0,exhibition,,
BLG194107210,byrdb101,BLG,1,1,value,27,,,,,0,0,,,,1,19410721,0,BAL14,h,KCM,1,0,0,exhibition,,
NY5194107240,allen102,KCM,1,5,value,27,0,0,0,0,0,,,,,1,19410724,0,HRB01,v,NY5,1,0,0,exhibition,y,
NY5194107240,oneib801,KCM,1,3,value,27,8,0,0,1,0,,,,,1,19410724,0,HRB01,v,NY5,1,0,0,exhibition,y,
NY5194107240,strot101,KCM,1,9,value,27,1,0,0,0,0,,,,,1,19410724,0,HRB01,v,NY5,1,0,0,exhibition,y,
NY5194107240,broww101,KCM,1,8,value,27,4,0,0,0,0,,,,,1,19410724,0,HRB01,v,NY5,1,0,0,exhibition,y,
NY5194107240,greej108,KCM,1,2,value,27,10,1,0,0,0,0,,,,1,19410724,0,HRB01,v,NY5,1,0,0,exhibition,y,
NY5194107240,bibbr101,KCM,1,4,value,27,1,3,0,0,0,,,,,1,19410724,0,HRB01,v,NY5,1,0,0,exhibition,y,
NY5194107240,simmw101,KCM,1,7,value,27,1,0,0,0,0,,,,,1,19410724,0,HRB01,v,NY5,1,0,0,exhibition,y,
NY5194107240,willj111,KCM,1,6,value,27,1,3,0,0,0,,,,,1,19410724,0,HRB01,v,NY5,1,0,0,exhibition,y,
NY5194107240,smith111,KCM,1,1,value,27,1,1,0,1,0,,,,,1,19410724,0,HRB01,v,NY5,1,0,0,exhibition,y,
NY5194107240,kimbh102,NY5,1,8,value,27,3,0,0,0,0,,,,,1,19410724,0,HRB01,h,KCM,0,1,0,exhibition,y,
NY5194107240,seayd101,NY5,1,4,value,27,3,3,0,0,0,,,,,1,19410724,0,HRB01,h,KCM,0,1,0,exhibition,y,
NY5194107240,hayej104,NY5,1,2,value,27,4,3,0,0,0,0,,,,1,19410724,0,HRB01,h,KCM,0,1,0,exhibition,y,
NY5194107240,starj102,NY5,1,3,value,27,11,1,0,1,0,,,,,1,19410724,0,HRB01,h,KCM,0,1,0,exhibition,y,
NY5194107240,suttm101,NY5,1,7,value,27,2,0,0,0,0,,,,,1,19410724,0,HRB01,h,KCM,0,1,0,exhibition,y,
NY5194107240,willj110,NY5,1,9,value,27,1,0,0,0,0,,,,,1,19410724,0,HRB01,h,KCM,0,1,0,exhibition,y,
NY5194107240,coopa103,NY5,1,6,value,27,3,4,1,1,0,,,,,1,19410724,0,HRB01,h,KCM,0,1,0,exhibition,y,
NY5194107240,younn101,NY5,1,5,value,18,0,1,0,0,0,,,,,1,19410724,0,HRB01,h,KCM,0,1,0,exhibition,y,
NY5194107240,barkm101,NY5,1,5,value,9,0,0,0,0,0,,,,,,19410724,0,HRB01,h,KCM,0,1,0,exhibition,y,
NY5194107240,rectc101,NY5,1,1,value,27,0,3,0,0,0,,,,,1,19410724,0,HRB01,h,KCM,0,1,0,exhibition,y,
KCM194107250,hydec101,MEM,1,8,value,24,2,0,1,0,0,,,,,1,19410725,0,CAN03,v,KCM,0,1,0,regular,y,
KCM194107250,bankf101,MEM,1,5,value,24,0,1,1,0,0,,,,,1,19410725,0,CAN03,v,KCM,0,1,0,regular,y,
KCM194107250,cartm101,MEM,1,4,value,24,4,6,0,0,0,,,,,1,19410725,0,CAN03,v,KCM,0,1,0,regular,y,
KCM194107250,rogen101,MEM,1,9,value,24,2,0,0,0,0,,,,,1,19410725,0,CAN03,v,KCM,0,1,0,regular,y,
KCM194107250,byass101,MEM,1,2,value,24,5,2,0,0,0,2,,,,1,19410725,0,CAN03,v,KCM,0,1,0,regular,y,
KCM194107250,longr102,MEM,1,3,value,24,8,0,0,1,0,,,,,1,19410725,0,CAN03,v,KCM,0,1,0,regular,y,
KCM194107250,browt105,MEM,1,6,value,24,2,4,0,1,0,,,,,1,19410725,0,CAN03,v,KCM,0,1,0,regular,y,
KCM194107250,evanf101,MEM,1,7,value,24,1,0,0,0,0,,,,,1,19410725,0,CAN03,v,KCM,0,1,0,regular,y,
KCM194107250,keyer101,MEM,1,1,value,24,0,0,0,1,0,,,,,1,19410725,0,CAN03,v,KCM,0,1,0,regular,y,
KCM194107250,simmw101,KCM,1,8,value,27,3,1,0,1,0,,,,,1,19410725,0,CAN03,h,MEM,1,0,0,regular,y,
KCM194107250,oneib801,KCM,1,3,value,27,7,0,0,0,0,,,,,1,19410725,0,CAN03,h,MEM,1,0,0,regular,y,
KCM194107250,bibbr101,KCM,1,4,value,27,1,1,1,0,0,,,,,1,19410725,0,CAN03,h,MEM,1,0,0,regular,y,
KCM194107250,broww101,KCM,1,5,value,27,0,2,2,1,0,,,,,1,19410725,0,CAN03,h,MEM,1,0,0,regular,y,
KCM194107250,greej108,KCM,1,2,value,,12,0,0,0,0,1,,,,1,19410725,0,CAN03,h,MEM,1,0,0,regular,y,
KCM194107250,duncf102,KCM,1,2,value,,0,0,0,0,0,1,,,,,19410725,0,CAN03,h,MEM,1,0,0,regular,y,
KCM194107250,smitf107,KCM,1,7,value,27,2,0,0,0,0,,,,,1,19410725,0,CAN03,h,MEM,1,0,0,regular,y,
KCM194107250,willj111,KCM,1,6,value,27,0,1,0,0,0,,,,,1,19410725,0,CAN03,h,MEM,1,0,0,regular,y,
KCM194107250,bradf104,KCM,1,9,value,27,2,0,0,0,0,,,,,1,19410725,0,CAN03,h,MEM,1,0,0,regular,y,
KCM194107250,johnc103,KCM,1,1,value,27,0,0,0,0,0,,,,,1,19410725,0,CAN03,h,MEM,1,0,0,regular,y,
JAX194107271,bradf104,KCM,1,1,value,27,,,0,,0,0,,,,1,19410727,1,LOU05,v,JAX,1,0,0,exhibition,,
JAX194107271,duncf102,KCM,1,2,value,27,,,0,,0,,,,,1,19410727,1,LOU05,v,JAX,1,0,0,exhibition,,
JAX194107271,duncf103,KCM,1,9,value,27,,,0,,0,0,,,,,19410727,1,LOU05,v,JAX,1,0,0,exhibition,,
JAX194107271,smitf107,KCM,1,5,value,27,,,0,,0,0,,,,,19410727,1,LOU05,v,JAX,1,0,0,exhibition,,
JAX194107271,barnh102,JAX,1,2,value,27,,,0,,0,,,,,1,19410727,1,LOU05,h,KCM,0,1,0,exhibition,,
JAX194107271,browj113,JAX,1,1,value,,,,0,,0,0,,,,1,19410727,1,LOU05,h,KCM,0,1,0,exhibition,,
JAX194107271,sarva101,JAX,1,1,value,,,,0,,0,0,,,,,19410727,1,LOU05,h,KCM,0,1,0,exhibition,,
KCM194107272,alleh106,JAX,1,1,value,21,,,0,,0,0,,,,1,19410727,2,LOU05,v,KCM,1,0,0,exhibition,,
KCM194107272,barnh102,JAX,1,2,value,21,,,0,,0,,,,,1,19410727,2,LOU05,v,KCM,1,0,0,exhibition,,
KCM194107272,bryaa101,KCM,1,1,value,,,,0,,0,0,,,,1,19410727,2,LOU05,h,JAX,0,1,0,exhibition,,
KCM194107272,duncf102,KCM,1,2,value,21,,,0,,0,,,,,1,19410727,2,LOU05,h,JAX,0,1,0,exhibition,,
KCM194107272,johnc103,KCM,1,1,value,,,,0,,0,0,,,,,19410727,2,LOU05,h,JAX,0,1,0,exhibition,,
KCM194107272,smitf107,KCM,1,1,value,,,,0,,0,0,,,,,19410727,2,LOU05,h,JAX,0,1,0,exhibition,,
JAX194107280,smitf107,KCM,1,1,value,24,,,0,,0,0,,,,1,19410728,0,IND10,v,JAX,0,1,0,exhibition,,
JAX194107280,yount101,KCM,1,2,value,24,,,0,,0,,,,,1,19410728,0,IND10,v,JAX,0,1,0,exhibition,,
JAX194107280,barnh102,JAX,1,2,value,27,,,0,,0,,,,,1,19410728,0,IND10,h,KCM,1,0,0,exhibition,,
JAX194107280,ellis102,JAX,1,1,value,27,,,0,,0,0,,,,1,19410728,0,IND10,h,KCM,1,0,0,exhibition,,
KCM194107300,barnh102,JAX,1,2,value,24,,,0,,0,,,,,1,19410730,0,CHA01,v,KCM,0,1,0,regular,,
KCM194107300,brooa102,JAX,1,1,value,24,,,0,,0,0,,,,1,19410730,0,CHA01,v,KCM,0,1,0,regular,,
KCM194107300,paigs101,KCM,1,1,value,6,,,0,,0,0,,,,1,19410730,0,CHA01,h,JAX,1,0,0,regular,,
KCM194107300,smith111,KCM,1,1,value,21,,,0,,0,0,,,,,19410730,0,CHA01,h,JAX,1,0,0,regular,,
KCM194107300,yount101,KCM,1,2,value,27,,,0,,0,,,,,1,19410730,0,CHA01,h,JAX,1,0,0,regular,,
KCM194108020,paigs101,KCM,1,1,value,9,,,0,,0,0,,,,1,19410802,0,COL05,h,JAX,1,0,0,regular,,
SNO194108031,simmw101,KCM,1,7,value,27,7,0,0,0,0,,,,,1,19410803,1,CLE06,v,SNO,1,0,0,regular,y,
SNO194108031,oneib801,KCM,1,3,value,27,10,0,0,0,0,,,,,1,19410803,1,CLE06,v,SNO,1,0,0,regular,y,
SNO194108031,strot101,KCM,1,9,value,27,0,0,0,0,0,,,,,1,19410803,1,CLE06,v,SNO,1,0,0,regular,y,
SNO194108031,broww101,KCM,1,8,value,27,0,0,0,0,0,,,,,1,19410803,1,CLE06,v,SNO,1,0,0,regular,y,
SNO194108031,duncf102,KCM,1,2,value,,1,0,0,0,0,1,,,,1,19410803,1,CLE06,v,SNO,1,0,0,regular,y,
SNO194108031,yount101,KCM,1,2,value,,3,0,0,0,0,1,,,,,19410803,1,CLE06,v,SNO,1,0,0,regular,y,
SNO194108031,bibbr101,KCM,1,4,value,27,0,3,1,0,0,,,,,1,19410803,1,CLE06,v,SNO,1,0,0,regular,y,
SNO194108031,allen102,KCM,1,5,value,27,1,2,0,0,0,,,,,1,19410803,1,CLE06,v,SNO,1,0,0,regular,y,
SNO194108031,willj111,KCM,1,6,value,27,4,2,0,0,0,,,,,1,19410803,1,CLE06,v,SNO,1,0,0,regular,y,
SNO194108031,bryaa101,KCM,1,1,value,9,0,0,0,0,0,,,,,1,19410803,1,CLE06,v,SNO,1,0,0,regular,y,
SNO194108031,smitf107,KCM,1,1,value,18,1,2,0,0,0,,,,,,19410803,1,CLE06,v,SNO,1,0,0,regular,y,
SNO194108031,warrj101,SNO,1,5,value,27,2,2,0,0,0,,,,,1,19410803,1,CLE06,h,KCM,0,1,0,regular,y,
SNO194108031,lylej102,SNO,1,6,value,27,2,5,0,0,0,,,,,1,19410803,1,CLE06,h,KCM,0,1,0,regular,y,
SNO194108031,armob101,SNO,1,8,value,27,3,1,1,0,0,,,,,1,19410803,1,CLE06,h,KCM,0,1,0,regular,y,
SNO194108031,fordj101,SNO,1,4,value,27,0,2,0,0,0,,,,,1,19410803,1,CLE06,h,KCM,0,1,0,regular,y,
SNO194108031,maywe101,SNO,1,3,value,27,10,0,1,0,0,,,,,1,19410803,1,CLE06,h,KCM,0,1,0,regular,y,
SNO194108031,wilsd103,SNO,1,7,value,27,2,0,0,0,0,,,,,1,19410803,1,CLE06,h,KCM,0,1,0,regular,y,
SNO194108031,brutj101,SNO,1,9,value,21,2,0,0,0,0,,,,,1,19410803,1,CLE06,h,KCM,0,1,0,regular,y,
SNO194108031,bennb101,SNO,1,9,value,6,0,0,0,0,0,,,,,,19410803,1,CLE06,h,KCM,0,1,0,regular,y,
SNO194108031,smitb114,SNO,1,2,value,27,6,0,0,0,0,0,,,,1,19410803,1,CLE06,h,KCM,0,1,0,regular,y,
SNO194108031,smite111,SNO,1,1,value,27,0,3,1,0,0,,,,,1,19410803,1,CLE06,h,KCM,0,1,0,regular,y,
SNO194108032,simmw101,KCM,1,7,value,21,1,0,0,0,0,,,,,1,19410803,2,CLE06,v,SNO,1,0,0,regular,y,
SNO194108032,oneib801,KCM,1,3,value,21,12,1,0,0,0,,,,,1,19410803,2,CLE06,v,SNO,1,0,0,regular,y,
SNO194108032,strot101,KCM,1,9,value,21,0,0,0,0,0,,,,,1,19410803,2,CLE06,v,SNO,1,0,0,regular,y,
SNO194108032,broww101,KCM,1,8,value,21,0,0,0,0,0,,,,,1,19410803,2,CLE06,v,SNO,1,0,0,regular,y,
SNO194108032,yount101,KCM,1,2,value,21,6,0,0,0,0,0,,,,1,19410803,2,CLE06,v,SNO,1,0,0,regular,y,
SNO194108032,bibbr101,KCM,1,4,value,21,0,1,0,0,0,,,,,1,19410803,2,CLE06,v,SNO,1,0,0,regular,y,
SNO194108032,allen102,KCM,1,5,value,21,0,3,0,0,0,,,,,1,19410803,2,CLE06,v,SNO,1,0,0,regular,y,
SNO194108032,willj111,KCM,1,6,value,21,1,2,0,0,0,,,,,1,19410803,2,CLE06,v,SNO,1,0,0,regular,y,
SNO194108032,paigs101,KCM,1,1,value,12,0,2,0,0,0,,,,,1,19410803,2,CLE06,v,SNO,1,0,0,regular,y,
SNO194108032,smith111,KCM,1,1,value,9,1,1,0,0,0,,,,,,19410803,2,CLE06,v,SNO,1,0,0,regular,y,
SNO194108032,warrj101,SNO,1,5,value,21,1,0,0,0,0,,,,,1,19410803,2,CLE06,h,KCM,0,1,0,regular,y,
SNO194108032,lylej102,SNO,1,6,value,21,2,2,0,0,0,,,,,1,19410803,2,CLE06,h,KCM,0,1,0,regular,y,
SNO194108032,armob101,SNO,1,7,value,21,6,0,0,0,0,,,,,1,19410803,2,CLE06,h,KCM,0,1,0,regular,y,
SNO194108032,maywe101,SNO,1,3,value,21,4,0,0,0,0,,,,,1,19410803,2,CLE06,h,KCM,0,1,0,regular,y,
SNO194108032,wilsd103,SNO,1,8,value,21,4,0,1,0,0,,,,,1,19410803,2,CLE06,h,KCM,0,1,0,regular,y,
SNO194108032,brutj101,SNO,1,9,value,21,0,0,0,0,0,,,,,1,19410803,2,CLE06,h,KCM,0,1,0,regular,y,
SNO194108032,riddm101,SNO,1,4,value,21,1,2,0,0,0,,,,,1,19410803,2,CLE06,h,KCM,0,1,0,regular,y,
SNO194108032,piccu101,SNO,1,2,value,21,3,0,0,0,0,0,,,,1,19410803,2,CLE06,h,KCM,0,1,0,regular,y,
SNO194108032,calhl101,SNO,1,1,value,21,0,1,0,0,0,,,,,1,19410803,2,CLE06,h,KCM,0,1,0,regular,y,
KCM194108070,lylej102,SNO,1,5,value,26,2,0,0,0,0,,,,,1,19410807,0,DCT02,v,KCM,0,1,0,regular,y,
KCM194108070,riddm101,SNO,1,6,value,26,2,3,1,0,0,,,,,1,19410807,0,DCT02,v,KCM,0,1,0,regular,y,
KCM194108070,armob101,SNO,1,8,value,26,0,0,0,0,0,,,,,1,19410807,0,DCT02,v,KCM,0,1,0,regular,y,
KCM194108070,fordj101,SNO,1,4,value,26,1,1,0,0,0,,,,,1,19410807,0,DCT02,v,KCM,0,1,0,regular,y,
KCM194108070,maywe101,SNO,1,3,value,26,5,0,1,0,0,,,,,1,19410807,0,DCT02,v,KCM,0,1,0,regular,y,
KCM194108070,wilsd103,SNO,1,7,value,26,1,0,0,0,0,,,,,1,19410807,0,DCT02,v,KCM,0,1,0,regular,y,
KCM194108070,brutj101,SNO,1,9,value,26,2,0,0,0,0,,,,,1,19410807,0,DCT02,v,KCM,0,1,0,regular,y,
KCM194108070,taylr102,SNO,1,2,value,26,13,2,0,0,0,1,,,,1,19410807,0,DCT02,v,KCM,0,1,0,regular,y,
KCM194108070,blacc103,SNO,1,1,value,12,0,0,0,0,0,,,,,1,19410807,0,DCT02,v,KCM,0,1,0,regular,y,
KCM194108070,mcalf101,SNO,1,1,value,14,0,1,1,0,0,,,,,,19410807,0,DCT02,v,KCM,0,1,0,regular,y,
KCM194108070,simmw101,KCM,1,7,value,27,0,0,0,0,0,,,,,1,19410807,0,DCT02,h,SNO,1,0,0,regular,y,
KCM194108070,allen102,KCM,1,9,value,,2,0,0,0,0,,,,,1,19410807,0,DCT02,h,SNO,1,0,0,regular,y,
KCM194108070,allen102,KCM,2,5,value,,,,0,0,0,,,,,1,19410807,0,DCT02,h,SNO,1,0,0,regular,y,
KCM194108070,strot101,KCM,1,5,value,,2,1,0,0,0,,,,,1,19410807,0,DCT02,h,SNO,1,0,0,regular,y,
KCM194108070,strot101,KCM,2,3,value,,,,0,0,0,,,,,1,19410807,0,DCT02,h,SNO,1,0,0,regular,y,
KCM194108070,broww101,KCM,1,8,value,27,0,1,0,0,0,,,,,1,19410807,0,DCT02,h,SNO,1,0,0,regular,y,
KCM194108070,bibbr101,KCM,1,4,value,27,3,5,0,0,0,,,,,1,19410807,0,DCT02,h,SNO,1,0,0,regular,y,
KCM194108070,duncf102,KCM,1,2,value,27,10,3,1,0,0,1,,,,1,19410807,0,DCT02,h,SNO,1,0,0,regular,y,
KCM194108070,willj111,KCM,1,6,value,27,3,3,3,1,0,,,,,1,19410807,0,DCT02,h,SNO,1,0,0,regular,y,
KCM194108070,duncf103,KCM,1,3,value,,7,0,0,1,0,,,,,1,19410807,0,DCT02,h,SNO,1,0,0,regular,y,
KCM194108070,smitf107,KCM,1,9,value,,0,0,0,0,0,,,,,,19410807,0,DCT02,h,SNO,1,0,0,regular,y,
KCM194108070,bryaa101,KCM,1,1,value,25,0,0,0,0,0,,,,,1,19410807,0,DCT02,h,SNO,1,0,0,regular,y,
KCM194108070,johnc103,KCM,1,1,value,2,0,1,0,0,0,,,,,,19410807,0,DCT02,h,SNO,1,0,0,regular,y,
SNO194108080,simmw101,KCM,1,7,value,27,,,0,0,0,,,,,1,19410808,0,DAN01,v,SNO,1,0,0,regular,y,
SNO194108080,strot101,KCM,1,3,value,27,,,0,1,0,,,,,1,19410808,0,DAN01,v,SNO,1,0,0,regular,y,
SNO194108080,allen102,KCM,1,5,value,27,,,0,0,0,,,,,1,19410808,0,DAN01,v,SNO,1,0,0,regular,y,
SNO194108080,broww101,KCM,1,8,value,27,,,0,0,0,,,,,1,19410808,0,DAN01,v,SNO,1,0,0,regular,y,
SNO194108080,yount101,KCM,1,9,value,27,,,0,0,0,,,,,1,19410808,0,DAN01,v,SNO,1,0,0,regular,y,
SNO194108080,bibbr101,KCM,1,4,value,27,,,0,0,0,,,,,1,19410808,0,DAN01,v,SNO,1,0,0,regular,y,
SNO194108080,duncf102,KCM,1,2,value,27,,,0,0,0,0,,,,1,19410808,0,DAN01,v,SNO,1,0,0,regular,y,
SNO194108080,willj111,KCM,1,6,value,27,,,0,1,0,,,,,1,19410808,0,DAN01,v,SNO,1,0,0,regular,y,
SNO194108080,smitf107,KCM,1,1,value,19,,,0,0,0,,,,,1,19410808,0,DAN01,v,SNO,1,0,0,regular,y,
SNO194108080,johnc103,KCM,1,1,value,8,,,0,0,0,,,,,,19410808,0,DAN01,v,SNO,1,0,0,regular,y,
SNO194108080,lylej102,SNO,1,5,value,27,,,0,0,0,,,,,1,19410808,0,DAN01,h,KCM,0,1,0,regular,y,
SNO194108080,riddm101,SNO,1,6,value,27,,,0,0,0,,,,,1,19410808,0,DAN01,h,KCM,0,1,0,regular,y,
SNO194108080,armob101,SNO,1,8,value,27,,,0,0,0,,,,,1,19410808,0,DAN01,h,KCM,0,1,0,regular,y,
SNO194108080,fordj101,SNO,1,4,value,27,,,0,0,0,,,,,1,19410808,0,DAN01,h,KCM,0,1,0,regular,y,
SNO194108080,maywe101,SNO,1,3,value,27,,,0,0,0,,,,,1,19410808,0,DAN01,h,KCM,0,1,0,regular,y,
SNO194108080,wilsd103,SNO,1,7,value,27,,,0,0,0,,,,,1,19410808,0,DAN01,h,KCM,0,1,0,regular,y,
SNO194108080,brutj101,SNO,1,9,value,27,,,0,0,0,,,,,1,19410808,0,DAN01,h,KCM,0,1,0,regular,y,
SNO194108080,smitb114,SNO,1,2,value,27,,,0,0,0,1,,,,1,19410808,0,DAN01,h,KCM,0,1,0,regular,y,
SNO194108080,parkt101,SNO,1,1,value,19,,,0,0,0,,,,,1,19410808,0,DAN01,h,KCM,0,1,0,regular,y,
SNO194108080,smite111,SNO,1,1,value,8,,,0,0,0,,,,,,19410808,0,DAN01,h,KCM,0,1,0,regular,y,
KCM194108101,lylej102,SNO,1,5,value,25,2,0,1,0,0,,,,,1,19410810,1,KAN05,v,KCM,0,1,0,regular,y,
KCM194108101,riddm101,SNO,1,6,value,25,1,2,2,0,0,,,,,1,19410810,1,KAN05,v,KCM,0,1,0,regular,y,
KCM194108101,armob101,SNO,1,8,value,25,1,0,0,0,0,,,,,1,19410810,1,KAN05,v,KCM,0,1,0,regular,y,
KCM194108101,fordj101,SNO,1,4,value,25,1,2,1,0,0,,,,,1,19410810,1,KAN05,v,KCM,0,1,0,regular,y,
KCM194108101,maywe101,SNO,1,3,value,25,10,0,1,0,0,,,,,1,19410810,1,KAN05,v,KCM,0,1,0,regular,y,
KCM194108101,parkt101,SNO,1,9,value,25,1,1,0,0,0,,,,,1,19410810,1,KAN05,v,KCM,0,1,0,regular,y,
KCM194108101,wilsd103,SNO,1,7,value,25,3,0,0,0,0,,,,,1,19410810,1,KAN05,v,KCM,0,1,0,regular,y,
KCM194108101,smitb114,SNO,1,2,value,,0,0,0,0,0,0,,,,1,19410810,1,KAN05,v,KCM,0,1,0,regular,y,
KCM194108101,taylr102,SNO,1,2,value,,6,2,0,0,0,0,,,,,19410810,1,KAN05,v,KCM,0,1,0,regular,y,
KCM194108101,mcalf101,SNO,1,1,value,25,0,4,0,0,0,,,,,1,19410810,1,KAN05,v,KCM,0,1,0,regular,y,
KCM194108101,simmw101,KCM,1,7,value,27,2,0,0,0,0,,,,,1,19410810,1,KAN05,h,SNO,1,0,0,regular,y,
KCM194108101,oneib801,KCM,1,3,value,27,13,0,0,0,0,,,,,1,19410810,1,KAN05,h,SNO,1,0,0,regular,y,
KCM194108101,strot101,KCM,1,9,value,27,1,0,0,0,0,,,,,1,19410810,1,KAN05,h,SNO,1,0,0,regular,y,
KCM194108101,broww101,KCM,1,8,value,27,0,0,0,0,0,,,,,1,19410810,1,KAN05,h,SNO,1,0,0,regular,y,
KCM194108101,yount101,KCM,1,2,value,27,5,0,1,0,0,0,,,,1,19410810,1,KAN05,h,SNO,1,0,0,regular,y,
KCM194108101,bibbr101,KCM,1,4,value,27,3,7,0,0,0,,,,,1,19410810,1,KAN05,h,SNO,1,0,0,regular,y,
KCM194108101,allen102,KCM,1,5,value,27,1,2,1,0,0,,,,,1,19410810,1,KAN05,h,SNO,1,0,0,regular,y,
KCM194108101,willj111,KCM,1,6,value,27,1,3,0,0,0,,,,,1,19410810,1,KAN05,h,SNO,1,0,0,regular,y,
KCM194108101,bradf104,KCM,1,1,value,23,1,4,0,0,0,,,,,1,19410810,1,KAN05,h,SNO,1,0,0,regular,y,
KCM194108101,johnc103,KCM,1,1,value,4,0,1,0,0,0,,,,,,19410810,1,KAN05,h,SNO,1,0,0,regular,y,
KCM194108102,lylej102,SNO,1,5,value,18,0,0,0,0,0,,,,,1,19410810,2,KAN05,v,KCM,0,1,0,regular,y,
KCM194108102,riddm101,SNO,1,6,value,18,1,2,0,1,0,,,,,1,19410810,2,KAN05,v,KCM,0,1,0,regular,y,
KCM194108102,armob101,SNO,1,8,value,18,3,0,0,0,0,,,,,1,19410810,2,KAN05,v,KCM,0,1,0,regular,y,
KCM194108102,fordj101,SNO,1,4,value,18,1,3,1,1,0,,,,,1,19410810,2,KAN05,v,KCM,0,1,0,regular,y,
KCM194108102,maywe101,SNO,1,3,value,18,5,0,0,1,0,,,,,1,19410810,2,KAN05,v,KCM,0,1,0,regular,y,
KCM194108102,parkt101,SNO,1,9,value,18,1,0,0,0,0,,,,,1,19410810,2,KAN05,v,KCM,0,1,0,regular,y,
KCM194108102,wilsd103,SNO,1,7,value,18,1,0,0,0,0,,,,,1,19410810,2,KAN05,v,KCM,0,1,0,regular,y,
KCM194108102,taylr102,SNO,1,2,value,18,6,0,1,0,0,0,,,,1,19410810,2,KAN05,v,KCM,0,1,0,regular,y,
KCM194108102,boonl102,SNO,1,1,value,9,0,1,0,0,0,,,,,1,19410810,2,KAN05,v,KCM,0,1,0,regular,y,
KCM194108102,roonc101,SNO,1,1,value,3,0,0,0,0,0,,,,,,19410810,2,KAN05,v,KCM,0,1,0,regular,y,
KCM194108102,mitcg101,SNO,1,1,value,6,0,0,0,0,0,,,,,,19410810,2,KAN05,v,KCM,0,1,0,regular,y,
KCM194108102,simmw101,KCM,1,7,value,21,1,0,0,0,0,,,,,1,19410810,2,KAN05,h,SNO,1,0,0,regular,y,
KCM194108102,oneib801,KCM,1,3,value,21,10,0,0,1,0,,,,,1,19410810,2,KAN05,h,SNO,1,0,0,regular,y,
KCM194108102,strot101,KCM,1,9,value,21,1,0,0,0,0,,,,,1,19410810,2,KAN05,h,SNO,1,0,0,regular,y,
KCM194108102,broww101,KCM,1,8,value,21,0,0,0,0,0,,,,,1,19410810,2,KAN05,h,SNO,1,0,0,regular,y,
KCM194108102,duncf102,KCM,1,2,value,21,6,0,0,0,0,0,,,,1,19410810,2,KAN05,h,SNO,1,0,0,regular,y,
KCM194108102,bibbr101,KCM,1,4,value,21,2,3,0,0,0,,,,,1,19410810,2,KAN05,h,SNO,1,0,0,regular,y,
KCM194108102,allen102,KCM,1,5,value,21,0,2,0,0,0,,,,,1,19410810,2,KAN05,h,SNO,1,0,0,regular,y,
KCM194108102,willj111,KCM,1,6,value,21,1,0,0,0,0,,,,,1,19410810,2,KAN05,h,SNO,1,0,0,regular,y,
KCM194108102,smith111,KCM,1,1,value,21,0,2,0,0,0,,,,,1,19410810,2,KAN05,h,SNO,1,0,0,regular,y,
SNO194108110,simmw101,KCM,1,7,value,27,1,0,0,0,0,,,,,1,19410811,0,BEL01,v,SNO,1,0,0,regular,y,
SNO194108110,oneib801,KCM,1,3,value,27,10,0,0,0,0,,,,,1,19410811,0,BEL01,v,SNO,1,0,0,regular,y,
SNO194108110,strot101,KCM,1,9,value,27,1,0,0,0,0,,,,,1,19410811,0,BEL01,v,SNO,1,0,0,regular,y,
SNO194108110,broww101,KCM,1,8,value,27,0,0,0,0,0,,,,,1,19410811,0,BEL01,v,SNO,1,0,0,regular,y,
SNO194108110,yount101,KCM,1,2,value,27,12,3,0,0,0,1,,,,1,19410811,0,BEL01,v,SNO,1,0,0,regular,y,
SNO194108110,bibbr101,KCM,1,4,value,27,3,2,0,0,0,,,,,1,19410811,0,BEL01,v,SNO,1,0,0,regular,y,
SNO194108110,allen102,KCM,1,5,value,27,0,2,0,0,0,,,,,1,19410811,0,BEL01,v,SNO,1,0,0,regular,y,
SNO194108110,willj111,KCM,1,6,value,27,0,0,0,0,0,,,,,1,19410811,0,BEL01,v,SNO,1,0,0,regular,y,
SNO194108110,johnc103,KCM,1,1,value,27,0,1,0,0,0,,,,,1,19410811,0,BEL01,v,SNO,1,0,0,regular,y,
SNO194108110,warrj101,SNO,1,5,value,27,0,2,1,0,0,,,,,1,19410811,0,BEL01,h,KCM,0,1,0,regular,y,
SNO194108110,lylej102,SNO,1,6,value,,0,1,2,0,0,,,,,1,19410811,0,BEL01,h,KCM,0,1,0,regular,y,
SNO194108110,brutj101,SNO,1,6,value,,0,0,0,0,0,,,,,,19410811,0,BEL01,h,KCM,0,1,0,regular,y,
SNO194108110,armob101,SNO,1,8,value,27,1,0,0,0,0,,,,,1,19410811,0,BEL01,h,KCM,0,1,0,regular,y,
SNO194108110,fordj101,SNO,1,4,value,,0,1,0,0,0,,,,,1,19410811,0,BEL01,h,KCM,0,1,0,regular,y,
SNO194108110,riddm101,SNO,1,4,value,,0,1,0,0,0,,,,,,19410811,0,BEL01,h,KCM,0,1,0,regular,y,
SNO194108110,maywe101,SNO,1,3,value,27,7,1,0,0,0,,,,,1,19410811,0,BEL01,h,KCM,0,1,0,regular,y,
SNO194108110,wilsd103,SNO,1,7,value,27,0,0,0,0,0,,,,,1,19410811,0,BEL01,h,KCM,0,1,0,regular,y,
SNO194108110,parkt101,SNO,1,9,value,27,1,0,0,0,0,,,,,1,19410811,0,BEL01,h,KCM,0,1,0,regular,y,
SNO194108110,taylr102,SNO,1,2,value,27,17,1,0,0,0,1,,,,1,19410811,0,BEL01,h,KCM,0,1,0,regular,y,
SNO194108110,smite111,SNO,1,1,value,12,1,3,0,0,0,,,,,1,19410811,0,BEL01,h,KCM,0,1,0,regular,y,
SNO194108110,calhl101,SNO,1,1,value,4,0,0,0,0,0,,,,,,19410811,0,BEL01,h,KCM,0,1,0,regular,y,
SNO194108110,boonl102,SNO,1,1,value,11,0,0,1,0,0,,,,,,19410811,0,BEL01,h,KCM,0,1,0,regular,y,
KCM194108120,warrj101,SNO,1,5,value,27,3,2,0,0,0,,,,,1,19410812,0,DAV01,v,KCM,1,0,0,regular,y,
KCM194108120,lylej102,SNO,1,6,value,27,2,3,0,0,0,,,,,1,19410812,0,DAV01,v,KCM,1,0,0,regular,y,
KCM194108120,armob101,SNO,1,8,value,27,1,1,0,0,0,,,,,1,19410812,0,DAV01,v,KCM,1,0,0,regular,y,
KCM194108120,parkt101,SNO,1,9,value,27,0,0,1,0,0,,,,,1,19410812,0,DAV01,v,KCM,1,0,0,regular,y,
KCM194108120,brutj101,SNO,1,3,value,27,10,0,0,0,0,,,,,1,19410812,0,DAV01,v,KCM,1,0,0,regular,y,
KCM194108120,riddm101,SNO,1,4,value,27,0,3,0,0,0,,,,,1,19410812,0,DAV01,v,KCM,1,0,0,regular,y,
KCM194108120,wilsd103,SNO,1,7,value,27,1,0,0,0,0,,,,,1,19410812,0,DAV01,v,KCM,1,0,0,regular,y,
KCM194108120,taylr102,SNO,1,2,value,27,10,0,0,0,0,1,,,,1,19410812,0,DAV01,v,KCM,1,0,0,regular,y,
KCM194108120,boonl102,SNO,1,1,value,18,0,2,0,0,0,,,,,1,19410812,0,DAV01,v,KCM,1,0,0,regular,y,
KCM194108120,mcalf101,SNO,1,1,value,9,0,3,0,0,0,,,,,,19410812,0,DAV01,v,KCM,1,0,0,regular,y,
KCM194108120,simmw101,KCM,1,7,value,27,1,0,0,0,0,,,,,1,19410812,0,DAV01,h,SNO,0,1,0,regular,y,
KCM194108120,oneib801,KCM,1,3,value,27,13,0,0,0,0,,,,,1,19410812,0,DAV01,h,SNO,0,1,0,regular,y,
KCM194108120,strot101,KCM,1,9,value,,1,2,1,0,0,,,,,1,19410812,0,DAV01,h,SNO,0,1,0,regular,y,
KCM194108120,strot101,KCM,2,5,value,,,,1,0,0,,,,,1,19410812,0,DAV01,h,SNO,0,1,0,regular,y,
KCM194108120,broww101,KCM,1,8,value,27,0,0,0,0,0,,,,,1,19410812,0,DAV01,h,SNO,0,1,0,regular,y,
KCM194108120,yount101,KCM,1,2,value,27,7,3,0,0,0,2,,,,1,19410812,0,DAV01,h,SNO,0,1,0,regular,y,
KCM194108120,bibbr101,KCM,1,4,value,27,4,2,0,0,0,,,,,1,19410812,0,DAV01,h,SNO,0,1,0,regular,y,
KCM194108120,allen102,KCM,1,5,value,,0,3,0,0,0,,,,,1,19410812,0,DAV01,h,SNO,0,1,0,regular,y,
KCM194108120,duncf102,KCM,1,9,value,,1,0,0,0,0,,,,,,19410812,0,DAV01,h,SNO,0,1,0,regular,y,
KCM194108120,willj111,KCM,1,6,value,27,0,3,0,0,0,,,,,1,19410812,0,DAV01,h,SNO,0,1,0,regular,y,
KCM194108120,smith111,KCM,1,1,value,9,0,1,0,0,0,,,,,1,19410812,0,DAV01,h,SNO,0,1,0,regular,y,
KCM194108120,bryaa101,KCM,1,1,value,18,0,1,0,0,0,,,,,,19410812,0,DAV01,h,SNO,0,1,0,regular,y,
KCM194108130,davel102,BIR,1,8,value,27,6,0,0,0,0,,,,,1,19410813,0,MIL03,v,KCM,1,0,0,regular,y,
KCM194108130,dougj102,BIR,1,7,value,27,1,0,0,0,0,,,,,1,19410813,0,MIL03,v,KCM,1,0,0,regular,y,
KCM194108130,lockl101,BIR,1,5,value,27,1,0,1,0,0,,,,,1,19410813,0,MIL03,v,KCM,1,0,0,regular,y,
KCM194108130,bostl102,BIR,1,3,value,27,6,0,0,0,0,,,,,1,19410813,0,MIL03,v,KCM,1,0,0,regular,y,
KCM194108130,sampt101,BIR,1,4,value,27,1,2,0,0,0,,,,,1,19410813,0,MIL03,v,KCM,1,0,0,regular,y,
KCM194108130,walkh103,BIR,1,6,value,27,0,2,0,0,0,,,,,1,19410813,0,MIL03,v,KCM,1,0,0,regular,y,
KCM194108130,sampe101,BIR,1,9,value,27,2,0,0,0,0,,,,,1,19410813,0,MIL03,v,KCM,1,0,0,regular,y,
KCM194108130,hardp102,BIR,1,2,value,27,10,0,0,0,0,0,,,,1,19410813,0,MIL03,v,KCM,1,0,0,regular,y,
KCM194108130,markj101,BIR,1,1,value,27,0,1,0,0,0,,,,,1,19410813,0,MIL03,v,KCM,1,0,0,regular,y,
KCM194108130,simmw101,KCM,1,7,value,27,0,0,0,0,0,,,,,1,19410813,0,MIL03,h,BIR,0,1,0,regular,y,
KCM194108130,oneib801,KCM,1,3,value,27,10,0,0,0,0,,,,,1,19410813,0,MIL03,h,BIR,0,1,0,regular,y,
KCM194108130,strot101,KCM,1,9,value,27,0,0,0,0,0,,,,,1,19410813,0,MIL03,h,BIR,0,1,0,regular,y,
KCM194108130,broww101,KCM,1,8,value,27,2,0,0,0,0,,,,,1,19410813,0,MIL03,h,BIR,0,1,0,regular,y,
KCM194108130,yount101,KCM,1,2,value,27,12,0,0,0,0,1,,,,1,19410813,0,MIL03,h,BIR,0,1,0,regular,y,
KCM194108130,bibbr101,KCM,1,4,value,27,1,2,0,0,0,,,,,1,19410813,0,MIL03,h,BIR,0,1,0,regular,y,
KCM194108130,allen102,KCM,1,5,value,27,0,1,0,0,0,,,,,1,19410813,0,MIL03,h,BIR,0,1,0,regular,y,
KCM194108130,willj111,KCM,1,6,value,27,2,4,0,0,0,,,,,1,19410813,0,MIL03,h,BIR,0,1,0,regular,y,
KCM194108130,paigs101,KCM,1,1,value,12,0,2,0,0,0,,,,,1,19410813,0,MIL03,h,BIR,0,1,0,regular,y,
KCM194108130,brewc102,KCM,1,1,value,15,0,0,0,0,0,,,,,,19410813,0,MIL03,h,BIR,0,1,0,regular,y,
KCM194108171,currg102,BLG,1,9,value,24,1,0,0,0,0,,,,,1,19410817,1,KAN05,v,KCM,0,1,0,exhibition,y,
KCM194108171,buttt102,BLG,1,6,value,24,5,5,0,0,0,,,,,1,19410817,1,KAN05,v,KCM,0,1,0,exhibition,y,
KCM194108171,snowf101,BLG,1,4,value,24,0,2,0,0,0,,,,,1,19410817,1,KAN05,v,KCM,0,1,0,exhibition,y,
KCM194108171,hoskb101,BLG,1,7,value,24,3,0,0,0,0,,,,,1,19410817,1,KAN05,v,KCM,0,1,0,exhibition,y,
KCM194108171,campr102,BLG,1,2,value,24,3,0,0,0,0,1,,,,1,19410817,1,KAN05,v,KCM,0,1,0,exhibition,y,
KCM194108171,washj102,BLG,1,3,value,24,7,0,0,0,0,,,,,1,19410817,1,KAN05,v,KCM,0,1,0,exhibition,y,
KCM194108171,speah101,BLG,1,5,value,24,1,1,0,0,0,,,,,1,19410817,1,KAN05,v,KCM,0,1,0,exhibition,y,
KCM194108171,biotc101,BLG,1,8,value,24,3,0,0,0,0,,,,,1,19410817,1,KAN05,v,KCM,0,1,0,exhibition,y,
KCM194108171,adame101,BLG,1,1,value,24,1,1,0,0,0,,,,,1,19410817,1,KAN05,v,KCM,0,1,0,exhibition,y,
KCM194108171,simmw101,KCM,1,7,value,27,0,0,0,0,0,,,,,1,19410817,1,KAN05,h,BLG,1,0,0,exhibition,y,
KCM194108171,oneib801,KCM,1,3,value,27,10,0,1,1,0,,,,,1,19410817,1,KAN05,h,BLG,1,0,0,exhibition,y,
KCM194108171,strot101,KCM,1,9,value,27,2,0,0,0,0,,,,,1,19410817,1,KAN05,h,BLG,1,0,0,exhibition,y,
KCM194108171,broww101,KCM,1,8,value,27,1,0,0,0,0,,,,,1,19410817,1,KAN05,h,BLG,1,0,0,exhibition,y,
KCM194108171,greej108,KCM,1,2,value,27,7,0,0,0,0,0,,,,1,19410817,1,KAN05,h,BLG,1,0,0,exhibition,y,
KCM194108171,bibbr101,KCM,1,4,value,27,1,4,0,0,0,,,,,1,19410817,1,KAN05,h,BLG,1,0,0,exhibition,y,
KCM194108171,allen102,KCM,1,5,value,27,0,3,0,0,0,,,,,1,19410817,1,KAN05,h,BLG,1,0,0,exhibition,y,
KCM194108171,willj111,KCM,1,6,value,27,6,6,0,2,0,,,,,1,19410817,1,KAN05,h,BLG,1,0,0,exhibition,y,
KCM194108171,smith111,KCM,1,1,value,27,0,0,0,0,0,,,,,1,19410817,1,KAN05,h,BLG,1,0,0,exhibition,y,
KCM194108172,currg102,BLG,1,9,value,21,0,0,0,0,0,,,,,1,19410817,2,KAN05,v,KCM,1,0,0,exhibition,y,
KCM194108172,buttt102,BLG,1,6,value,21,0,3,0,0,0,,,,,1,19410817,2,KAN05,v,KCM,1,0,0,exhibition,y,
KCM194108172,snowf101,BLG,1,4,value,21,1,3,0,0,0,,,,,1,19410817,2,KAN05,v,KCM,1,0,0,exhibition,y,
KCM194108172,hoskb101,BLG,1,7,value,21,1,0,0,0,0,,,,,1,19410817,2,KAN05,v,KCM,1,0,0,exhibition,y,
KCM194108172,campr102,BLG,1,2,value,21,5,1,0,0,0,0,,,,1,19410817,2,KAN05,v,KCM,1,0,0,exhibition,y,
KCM194108172,washj102,BLG,1,3,value,21,8,0,1,0,0,,,,,1,19410817,2,KAN05,v,KCM,1,0,0,exhibition,y,
KCM194108172,scalg101,BLG,1,5,value,21,1,0,0,0,0,,,,,1,19410817,2,KAN05,v,KCM,1,0,0,exhibition,y,
KCM194108172,biotc101,BLG,1,8,value,21,5,0,0,0,0,,,,,1,19410817,2,KAN05,v,KCM,1,0,0,exhibition,y,
KCM194108172,willr106,BLG,1,1,value,21,0,1,0,0,0,,,,,1,19410817,2,KAN05,v,KCM,1,0,0,exhibition,y,
KCM194108172,simmw101,KCM,1,7,value,21,2,0,0,0,0,,,,,1,19410817,2,KAN05,h,BLG,0,1,0,exhibition,y,
KCM194108172,oneib801,KCM,1,3,value,21,7,0,0,1,0,,,,,1,19410817,2,KAN05,h,BLG,0,1,0,exhibition,y,
KCM194108172,strot101,KCM,1,9,value,21,1,0,0,0,0,,,,,1,19410817,2,KAN05,h,BLG,0,1,0,exhibition,y,
KCM194108172,broww101,KCM,1,8,value,21,2,0,0,0,0,,,,,1,19410817,2,KAN05,h,BLG,0,1,0,exhibition,y,
KCM194108172,greej108,KCM,1,2,value,21,2,0,0,0,0,1,,,,1,19410817,2,KAN05,h,BLG,0,1,0,exhibition,y,
KCM194108172,bibbr101,KCM,1,4,value,21,2,2,0,1,0,,,,,1,19410817,2,KAN05,h,BLG,0,1,0,exhibition,y,
KCM194108172,allen102,KCM,1,5,value,21,2,3,0,0,0,,,,,1,19410817,2,KAN05,h,BLG,0,1,0,exhibition,y,
KCM194108172,willj111,KCM,1,6,value,21,3,3,0,1,0,,,,,1,19410817,2,KAN05,h,BLG,0,1,0,exhibition,y,
KCM194108172,brewc102,KCM,1,1,value,21,0,2,0,0,0,,,,,1,19410817,2,KAN05,h,BLG,0,1,0,exhibition,y,
CAG194108190,greej108,KCM,1,2,value,27,,,0,,0,,,,,1,19410819,0,IND10,v,CAG,1,0,0,regular,,
CAG194108190,johnc103,KCM,1,1,value,27,,,0,,0,0,,,,1,19410819,0,IND10,v,CAG,1,0,0,regular,,
CAG194108190,boono101,CAG,1,2,value,27,,,0,,0,,,,,1,19410819,0,IND10,h,KCM,0,1,0,regular,,
CAG194108190,cornw101,CAG,1,1,value,27,,,0,,0,0,,,,1,19410819,0,IND10,h,KCM,0,1,0,regular,,
NW2194108241,simmw101,KCM,1,7,value,27,3,0,0,0,0,,,,,1,19410824,1,NYC16,v,NW2,1,0,0,exhibition,y,
NW2194108241,oneib801,KCM,1,3,value,27,8,1,0,0,0,,,,,1,19410824,1,NYC16,v,NW2,1,0,0,exhibition,y,
NW2194108241,strot101,KCM,1,9,value,27,0,0,0,0,0,,,,,1,19410824,1,NYC16,v,NW2,1,0,0,exhibition,y,
NW2194108241,broww101,KCM,1,8,value,27,3,0,1,0,0,,,,,1,19410824,1,NYC16,v,NW2,1,0,0,exhibition,y,
NW2194108241,greej108,KCM,1,2,value,27,10,0,1,0,0,1,,,,1,19410824,1,NYC16,v,NW2,1,0,0,exhibition,y,
NW2194108241,bibbr101,KCM,1,4,value,27,2,3,0,0,0,,,,,1,19410824,1,NYC16,v,NW2,1,0,0,exhibition,y,
NW2194108241,allen102,KCM,1,5,value,27,0,0,0,0,0,,,,,1,19410824,1,NYC16,v,NW2,1,0,0,exhibition,y,
NW2194108241,willj111,KCM,1,6,value,27,0,4,0,0,0,,,,,1,19410824,1,NYC16,v,NW2,1,0,0,exhibition,y,
NW2194108241,paigs101,KCM,1,1,value,15,0,0,0,0,0,,,,,1,19410824,1,NYC16,v,NW2,1,0,0,exhibition,y,
NW2194108241,smith111,KCM,1,1,value,12,1,0,0,0,0,,,,,,19410824,1,NYC16,v,NW2,1,0,0,exhibition,y,
NW2194108241,mattf101,NW2,1,3,value,27,10,0,0,0,0,,,,,1,19410824,1,NYC16,h,KCM,0,1,0,exhibition,y,
NW2194108241,isrec101,NW2,1,5,value,27,0,2,0,0,0,,,,,1,19410824,1,NYC16,h,KCM,0,1,0,exhibition,y,
NW2194108241,day-l101,NW2,1,4,value,27,3,5,0,0,0,,,,,1,19410824,1,NYC16,h,KCM,0,1,0,exhibition,y,
NW2194108241,irvim101,NW2,1,6,value,27,4,3,0,0,0,,,,,1,19410824,1,NYC16,h,KCM,0,1,0,exhibition,y,
NW2194108241,davij106,NW2,1,8,value,27,0,1,0,0,0,,,,,1,19410824,1,NYC16,h,KCM,0,1,0,exhibition,y,
NW2194108241,browj115,NW2,1,9,value,27,1,0,0,0,0,,,,,1,19410824,1,NYC16,h,KCM,0,1,0,exhibition,y,
NW2194108241,pearl102,NW2,1,7,value,27,1,1,0,0,0,,,,,1,19410824,1,NYC16,h,KCM,0,1,0,exhibition,y,
NW2194108241,mackb102,NW2,1,2,value,27,8,1,1,0,0,0,,,,1,19410824,1,NYC16,h,KCM,0,1,0,exhibition,y,
NW2194108241,hillj104,NW2,1,1,value,6,0,1,0,0,0,,,,,1,19410824,1,NYC16,h,KCM,0,1,0,exhibition,y,
NW2194108241,hookl101,NW2,1,1,value,15,0,0,0,0,0,,,,,,19410824,1,NYC16,h,KCM,0,1,0,exhibition,y,
NW2194108241,mannm101,NW2,1,1,value,6,0,0,0,0,0,,,,,,19410824,1,NYC16,h,KCM,0,1,0,exhibition,y,
CAG194108310,greej108,KCM,1,2,value,27,,,0,,0,,,,,1,19410831,0,CHI10,v,CAG,1,0,0,regular,,
CAG194108310,paigs101,KCM,1,1,value,18,,,0,,0,0,,,,1,19410831,0,CHI10,v,CAG,1,0,0,regular,,
CAG194108310,smith111,KCM,1,1,value,9,,,0,,0,0,,,,,19410831,0,CHI10,v,CAG,1,0,0,regular,,
CAG194108310,cornw101,CAG,1,1,value,,,,0,,0,0,,,,,19410831,0,CHI10,h,KCM,0,1,0,regular,,
CAG194108310,ferrw102,CAG,1,1,value,,,,0,,0,0,,,,,19410831,0,CHI10,h,KCM,0,1,0,regular,,
CAG194108310,shiec102,CAG,1,1,value,,,,0,,0,0,,,,1,19410831,0,CHI10,h,KCM,0,1,0,regular,,
KCM194109020,jamet101,CAG,1,6,value,24,2,3,0,0,0,,,,,1,19410902,0,BEL01,v,KCM,0,1,0,regular,y,
KCM194109020,crutj101,CAG,1,9,value,24,2,0,0,0,0,,,,,1,19410902,0,BEL01,v,KCM,0,1,0,regular,y,
KCM194109020,speac103,CAG,1,8,value,24,2,0,0,0,0,,,,,1,19410902,0,BEL01,v,KCM,0,1,0,regular,y,
KCM194109020,youne102,CAG,1,3,value,24,8,2,0,0,0,,,,,1,19410902,0,BEL01,v,KCM,0,1,0,regular,y,
KCM194109020,gibst101,CAG,1,5,value,24,1,2,0,0,0,,,,,1,19410902,0,BEL01,v,KCM,0,1,0,regular,y,
KCM194109020,cornw101,CAG,1,7,value,24,1,0,1,0,0,,,,,1,19410902,0,BEL01,v,KCM,0,1,0,regular,y,
KCM194109020,bassp101,CAG,1,2,value,24,4,1,0,0,0,0,,,,1,19410902,0,BEL01,v,KCM,0,1,0,regular,y,
KCM194109020,hornb101,CAG,1,4,value,24,3,1,0,0,0,,,,,1,19410902,0,BEL01,v,KCM,0,1,0,regular,y,
KCM194109020,shiec102,CAG,1,1,value,12,1,0,0,0,0,,,,,1,19410902,0,BEL01,v,KCM,0,1,0,regular,y,
KCM194109020,jessg101,CAG,1,1,value,12,0,1,1,0,0,,,,,,19410902,0,BEL01,v,KCM,0,1,0,regular,y,
KCM194109020,simmw101,KCM,1,8,value,27,0,0,0,0,0,,,,,1,19410902,0,BEL01,h,CAG,1,0,0,regular,y,
KCM194109020,oneib801,KCM,1,3,value,27,8,0,0,0,0,,,,,1,19410902,0,BEL01,h,CAG,1,0,0,regular,y,
KCM194109020,strot101,KCM,1,9,value,27,2,0,0,0,0,,,,,1,19410902,0,BEL01,h,CAG,1,0,0,regular,y,
KCM194109020,greej108,KCM,1,2,value,27,10,2,0,0,0,0,,,,1,19410902,0,BEL01,h,CAG,1,0,0,regular,y,
KCM194109020,bibbr101,KCM,1,4,value,27,3,2,1,0,0,,,,,1,19410902,0,BEL01,h,CAG,1,0,0,regular,y,
KCM194109020,soueh101,KCM,1,5,value,27,1,0,1,0,0,,,,,1,19410902,0,BEL01,h,CAG,1,0,0,regular,y,
KCM194109020,smitf107,KCM,1,7,value,27,1,0,0,0,0,,,,,1,19410902,0,BEL01,h,CAG,1,0,0,regular,y,
KCM194109020,willj111,KCM,1,6,value,,2,4,1,0,0,,,,,1,19410902,0,BEL01,h,CAG,1,0,0,regular,y,
KCM194109020,allen102,KCM,1,6,value,,0,2,0,0,0,,,,,,19410902,0,BEL01,h,CAG,1,0,0,regular,y,
KCM194109020,smith111,KCM,1,1,value,9,0,2,0,0,0,,,,,1,19410902,0,BEL01,h,CAG,1,0,0,regular,y,
KCM194109020,brewc102,KCM,1,1,value,9,0,1,0,0,0,,,,,,19410902,0,BEL01,h,CAG,1,0,0,regular,y,
KCM194109020,johnc103,KCM,1,1,value,9,0,1,0,0,0,,,,,,19410902,0,BEL01,h,CAG,1,0,0,regular,y,
CAG194109030,simmw101,KCM,1,7,value,27,,,0,0,0,,,,,1,19410903,0,SPR03,v,CAG,1,0,0,regular,y,
CAG194109030,oneib801,KCM,1,3,value,27,,,0,0,0,,,,,1,19410903,0,SPR03,v,CAG,1,0,0,regular,y,
CAG194109030,strot101,KCM,1,9,value,27,,,0,0,0,,,,,1,19410903,0,SPR03,v,CAG,1,0,0,regular,y,
CAG194109030,broww101,KCM,1,8,value,27,,,0,0,0,,,,,1,19410903,0,SPR03,v,CAG,1,0,0,regular,y,
CAG194109030,duncf102,KCM,1,2,value,,,,0,0,0,0,,,,1,19410903,0,SPR03,v,CAG,1,0,0,regular,y,
CAG194109030,greej108,KCM,1,2,value,,,,0,0,0,0,,,,,19410903,0,SPR03,v,CAG,1,0,0,regular,y,
CAG194109030,bibbr101,KCM,1,4,value,27,,,0,0,0,,,,,1,19410903,0,SPR03,v,CAG,1,0,0,regular,y,
CAG194109030,soueh101,KCM,1,5,value,27,,,0,0,0,,,,,1,19410903,0,SPR03,v,CAG,1,0,0,regular,y,
CAG194109030,willj111,KCM,1,6,value,27,,,0,0,0,,,,,1,19410903,0,SPR03,v,CAG,1,0,0,regular,y,
CAG194109030,paigs101,KCM,1,1,value,15,,,0,0,0,,,,,1,19410903,0,SPR03,v,CAG,1,0,0,regular,y,
CAG194109030,bradf104,KCM,1,1,value,12,,,0,0,0,,,,,,19410903,0,SPR03,v,CAG,1,0,0,regular,y,
CAG194109030,jamet101,CAG,1,6,value,27,,,0,1,0,,,,,1,19410903,0,SPR03,h,KCM,0,1,0,regular,y,
CAG194109030,crutj101,CAG,1,8,value,27,,,0,0,0,,,,,1,19410903,0,SPR03,h,KCM,0,1,0,regular,y,
CAG194109030,serrb101,CAG,1,7,value,27,,,0,0,0,,,,,1,19410903,0,SPR03,h,KCM,0,1,0,regular,y,
CAG194109030,speac103,CAG,1,9,value,27,,,0,0,0,,,,,1,19410903,0,SPR03,h,KCM,0,1,0,regular,y,
CAG194109030,youne102,CAG,1,3,value,27,,,0,0,0,,,,,1,19410903,0,SPR03,h,KCM,0,1,0,regular,y,
CAG194109030,warea101,CAG,1,5,value,27,,,0,1,0,,,,,1,19410903,0,SPR03,h,KCM,0,1,0,regular,y,
CAG194109030,bassp101,CAG,1,2,value,27,,,0,0,0,0,,,,1,19410903,0,SPR03,h,KCM,0,1,0,regular,y,
CAG194109030,hornb101,CAG,1,4,value,27,,,0,1,0,,,,,1,19410903,0,SPR03,h,KCM,0,1,0,regular,y,
CAG194109030,gibst101,CAG,1,1,value,1,,,0,0,0,,,,,1,19410903,0,SPR03,h,KCM,0,1,0,regular,y,
CAG194109030,ferrw102,CAG,1,1,value,26,,,0,0,0,,,,,,19410903,0,SPR03,h,KCM,0,1,0,regular,y,
KCM194109110,davel102,BIR,1,8,value,27,2,0,0,0,0,,,,,1,19410911,0,OSH01,v,KCM,1,0,0,regular,y,
KCM194109110,dougj102,BIR,1,7,value,27,0,0,0,0,0,,,,,1,19410911,0,OSH01,v,KCM,1,0,0,regular,y,
KCM194109110,lockl101,BIR,1,5,value,27,0,3,0,0,0,,,,,1,19410911,0,OSH01,v,KCM,1,0,0,regular,y,
KCM194109110,sampt101,BIR,1,4,value,27,3,1,0,1,0,,,,,1,19410911,0,OSH01,v,KCM,1,0,0,regular,y,
KCM194109110,walkh103,BIR,1,6,value,27,2,4,0,1,0,,,,,1,19410911,0,OSH01,v,KCM,1,0,0,regular,y,
KCM194109110,spenw101,BIR,1,9,value,27,2,0,0,0,0,,,,,1,19410911,0,OSH01,v,KCM,1,0,0,regular,y,
KCM194109110,markj101,BIR,1,3,value,27,12,0,0,1,0,,,,,1,19410911,0,OSH01,v,KCM,1,0,0,regular,y,
KCM194109110,hardp102,BIR,1,2,value,27,6,1,0,0,0,1,,,,1,19410911,0,OSH01,v,KCM,1,0,0,regular,y,
KCM194109110,mckig101,BIR,1,1,value,27,0,5,0,0,0,,,,,1,19410911,0,OSH01,v,KCM,1,0,0,regular,y,
KCM194109110,simmw101,KCM,1,7,value,27,2,0,1,0,0,,,,,1,19410911,0,OSH01,h,BIR,0,1,0,regular,y,
KCM194109110,oneib801,KCM,1,3,value,27,7,1,1,1,0,,,,,1,19410911,0,OSH01,h,BIR,0,1,0,regular,y,
KCM194109110,strot101,KCM,1,9,value,27,2,1,0,0,0,,,,,1,19410911,0,OSH01,h,BIR,0,1,0,regular,y,
KCM194109110,broww101,KCM,1,8,value,27,5,0,0,0,0,,,,,1,19410911,0,OSH01,h,BIR,0,1,0,regular,y,
KCM194109110,greej108,KCM,1,2,value,27,6,2,0,0,0,0,,,,1,19410911,0,OSH01,h,BIR,0,1,0,regular,y,
KCM194109110,bibbr101,KCM,1,4,value,27,2,1,1,0,0,,,,,1,19410911,0,OSH01,h,BIR,0,1,0,regular,y,
KCM194109110,soueh101,KCM,1,5,value,27,2,1,0,0,0,,,,,1,19410911,0,OSH01,h,BIR,0,1,0,regular,y,
KCM194109110,willj111,KCM,1,6,value,27,1,3,2,1,0,,,,,1,19410911,0,OSH01,h,BIR,0,1,0,regular,y,
KCM194109110,bradf104,KCM,1,1,value,21,0,2,0,0,0,,,,,1,19410911,0,OSH01,h,BIR,0,1,0,regular,y,
KCM194109110,paigs101,KCM,1,1,value,6,0,0,0,0,0,,,,,,19410911,0,OSH01,h,BIR,0,1,0,regular,y,
CAG194109120,greej108,KCM,1,2,value,27,,,0,,0,,,,,1,19410912,0,SBD01,v,CAG,1,0,0,exhibition,,
CAG194109120,johnc103,KCM,1,1,value,27,,,0,,0,0,,,,1,19410912,0,SBD01,v,CAG,1,0,0,exhibition,,
CAG194109120,bassp101,CAG,1,2,value,27,,,0,,0,,,,,1,19410912,0,SBD01,h,KCM,0,1,0,exhibition,,
CAG194109120,gibst101,CAG,1,1,value,27,,,0,,0,0,,,,1,19410912,0,SBD01,h,KCM,0,1,0,exhibition,,
CAG194109142,brewc102,KCM,1,1,value,9,,,0,,0,0,,,,,19410914,2,DET04,v,CAG,1,0,0,exhibition,,
CAG194109142,duncf102,KCM,1,2,value,27,,,0,,0,,,,,1,19410914,2,DET04,v,CAG,1,0,0,exhibition,,
CAG194109142,mcdab101,KCM,1,1,value,9,,,0,,0,0,,,,,19410914,2,DET04,v,CAG,1,0,0,exhibition,,
CAG194109142,smith111,KCM,1,1,value,9,,,0,,0,0,,,,1,19410914,2,DET04,v,CAG,1,0,0,exhibition,,
CAG194109142,bassp101,CAG,1,2,value,27,,,0,,0,,,,,1,19410914,2,DET04,h,KCM,0,1,0,exhibition,,
CAG194109142,cornw101,CAG,1,1,value,1,,,0,,0,0,,,,1,19410914,2,DET04,h,KCM,0,1,0,exhibition,,
CAG194109142,jessg101,CAG,1,1,value,26,,,0,,0,0,,,,,19410914,2,DET04,h,KCM,0,1,0,exhibition,,
KCM194109141,jamet101,CAG,1,6,value,15,,,1,0,0,,,,,1,19410914,1,DET04,v,KCM,0,1,0,exhibition,y,
KCM194109141,gibst101,CAG,1,5,value,9,,,0,0,0,,,,,,19410914,1,DET04,v,KCM,0,1,0,exhibition,y,
KCM194109141,crutj101,CAG,1,8,value,24,,,0,0,0,,,,,1,19410914,1,DET04,v,KCM,0,1,0,exhibition,y,
KCM194109141,wyatr101,CAG,1,5,value,15,,,0,0,0,,,,,1,19410914,1,DET04,v,KCM,0,1,0,exhibition,y,
KCM194109141,wyatr101,CAG,2,6,value,9,,,0,0,0,,,,,1,19410914,1,DET04,v,KCM,0,1,0,exhibition,y,
KCM194109141,speac103,CAG,1,9,value,24,,,0,0,0,,,,,1,19410914,1,DET04,v,KCM,0,1,0,exhibition,y,
KCM194109141,youne102,CAG,1,3,value,24,,,0,0,0,,,,,1,19410914,1,DET04,v,KCM,0,1,0,exhibition,y,
KCM194109141,serrb101,CAG,1,7,value,24,,,0,0,0,,,,,1,19410914,1,DET04,v,KCM,0,1,0,exhibition,y,
KCM194109141,bassp101,CAG,1,2,value,24,,,0,1,0,0,,,,1,19410914,1,DET04,v,KCM,0,1,0,exhibition,y,
KCM194109141,hornb101,CAG,1,4,value,24,,,1,1,0,,,,,1,19410914,1,DET04,v,KCM,0,1,0,exhibition,y,
KCM194109141,mathv101,CAG,1,1,value,9,,,0,0,0,,,,,1,19410914,1,DET04,v,KCM,0,1,0,exhibition,y,
KCM194109141,ferrw102,CAG,1,1,value,15,,,0,1,0,,,,,,19410914,1,DET04,v,KCM,0,1,0,exhibition,y,
KCM194109141,simmw101,KCM,1,7,value,27,,,0,0,0,,,,,1,19410914,1,DET04,h,CAG,1,0,0,exhibition,y,
KCM194109141,oneib801,KCM,1,3,value,27,,,0,0,0,,,,,1,19410914,1,DET04,h,CAG,1,0,0,exhibition,y,
KCM194109141,strot101,KCM,1,9,value,27,,,0,0,0,,,,,1,19410914,1,DET04,h,CAG,1,0,0,exhibition,y,
KCM194109141,broww101,KCM,1,8,value,27,,,0,0,0,,,,,1,19410914,1,DET04,h,CAG,1,0,0,exhibition,y,
KCM194109141,greej108,KCM,1,2,value,27,,,0,0,0,0,,,,1,19410914,1,DET04,h,CAG,1,0,0,exhibition,y,
KCM194109141,bibbr101,KCM,1,4,value,27,,,0,0,0,,,,,1,19410914,1,DET04,h,CAG,1,0,0,exhibition,y,
KCM194109141,allen102,KCM,1,5,value,27,,,0,0,0,,,,,1,19410914,1,DET04,h,CAG,1,0,0,exhibition,y,
KCM194109141,willj111,KCM,1,6,value,27,,,0,0,0,,,,,1,19410914,1,DET04,h,CAG,1,0,0,exhibition,y,
KCM194109141,paigs101,KCM,1,1,value,27,,,1,0,0,,,,,1,19410914,1,DET04,h,CAG,1,0,0,exhibition,y,
KCM194109150,jamet101,CAG,1,5,value,27,0,1,0,0,0,,,,,1,19410915,0,LIM01,v,KCM,1,0,0,exhibition,y,
KCM194109150,crutj101,CAG,1,8,value,27,3,2,0,0,0,,,,,1,19410915,0,LIM01,v,KCM,1,0,0,exhibition,y,
KCM194109150,wyatr101,CAG,1,6,value,27,3,0,0,0,0,,,,,1,19410915,0,LIM01,v,KCM,1,0,0,exhibition,y,
KCM194109150,speac103,CAG,1,9,value,27,2,1,0,0,0,,,,,1,19410915,0,LIM01,v,KCM,1,0,0,exhibition,y,
KCM194109150,youne102,CAG,1,3,value,27,10,0,0,0,0,,,,,1,19410915,0,LIM01,v,KCM,1,0,0,exhibition,y,
KCM194109150,serrb101,CAG,1,7,value,27,3,0,0,0,0,,,,,1,19410915,0,LIM01,v,KCM,1,0,0,exhibition,y,
KCM194109150,bassp101,CAG,1,2,value,27,2,0,0,0,0,0,,,,1,19410915,0,LIM01,v,KCM,1,0,0,exhibition,y,
KCM194109150,hornb101,CAG,1,4,value,27,4,7,0,0,0,,,,,1,19410915,0,LIM01,v,KCM,1,0,0,exhibition,y,
KCM194109150,ferrw102,CAG,1,1,value,27,0,2,0,0,0,,,,,1,19410915,0,LIM01,v,KCM,1,0,0,exhibition,y,
KCM194109150,simmw101,KCM,1,7,value,27,1,1,0,0,0,,,,,1,19410915,0,LIM01,h,CAG,0,1,0,exhibition,y,
KCM194109150,oneib801,KCM,1,3,value,27,4,0,1,0,0,,,,,1,19410915,0,LIM01,h,CAG,0,1,0,exhibition,y,
KCM194109150,broww101,KCM,1,8,value,,0,0,0,0,0,,,,,1,19410915,0,LIM01,h,CAG,0,1,0,exhibition,y,
KCM194109150,smitf107,KCM,1,8,value,,0,1,0,0,0,,,,,,19410915,0,LIM01,h,CAG,0,1,0,exhibition,y,
KCM194109150,greej108,KCM,1,2,value,27,14,0,0,0,0,0,,,,1,19410915,0,LIM01,h,CAG,0,1,0,exhibition,y,
KCM194109150,bibbr101,KCM,1,4,value,27,6,4,0,0,0,,,,,1,19410915,0,LIM01,h,CAG,0,1,0,exhibition,y,
KCM194109150,soueh101,KCM,1,5,value,27,0,1,0,0,0,,,,,1,19410915,0,LIM01,h,CAG,0,1,0,exhibition,y,
KCM194109150,allen102,KCM,1,9,value,27,0,0,1,0,0,,,,,1,19410915,0,LIM01,h,CAG,0,1,0,exhibition,y,
KCM194109150,willj111,KCM,1,6,value,27,2,3,0,0,0,,,,,1,19410915,0,LIM01,h,CAG,0,1,0,exhibition,y,
KCM194109150,bradf104,KCM,1,1,value,27,0,1,0,0,0,,,,,1,19410915,0,LIM01,h,CAG,0,1,0,exhibition,y,
MLS194110050,simmw101,KCM,1,7,value,24,0,0,0,0,0,,,,,1,19411005,0,STL07,v,MLS,0,1,0,exhibition,y,
MLS194110050,oneib801,KCM,1,3,value,24,5,0,0,0,0,,,,,1,19411005,0,STL07,v,MLS,0,1,0,exhibition,y,
MLS194110050,strot101,KCM,1,9,value,24,1,0,0,0,0,,,,,1,19411005,0,STL07,v,MLS,0,1,0,exhibition,y,
MLS194110050,broww101,KCM,1,8,value,24,1,0,1,0,0,,,,,1,19411005,0,STL07,v,MLS,0,1,0,exhibition,y,
MLS194110050,duncf102,KCM,1,2,value,24,11,3,0,0,0,0,,,,1,19411005,0,STL07,v,MLS,0,1,0,exhibition,y,
MLS194110050,soueh101,KCM,1,5,value,24,2,1,0,0,0,,,,,1,19411005,0,STL07,v,MLS,0,1,0,exhibition,y,
MLS194110050,bibbr101,KCM,1,4,value,24,1,0,1,0,0,,,,,1,19411005,0,STL07,v,MLS,0,1,0,exhibition,y,
MLS194110050,willj111,KCM,1,6,value,24,2,1,0,0,0,,,,,1,19411005,0,STL07,v,MLS,0,1,0,exhibition,y,
MLS194110050,paigs101,KCM,1,1,value,15,0,0,0,0,0,,,,,1,19411005,0,STL07,v,MLS,0,1,0,exhibition,y,
MLS194110050,smith111,KCM,1,1,value,9,1,4,0,0,0,,,,,,19411005,0,STL07,v,MLS,0,1,0,exhibition,y,
MLS194110050,cresc101,MLS,1,4,value,27,1,1,0,1,0,,,,,1,19411005,0,STL07,h,KCM,1,0,0,exhibition,y,
MLS194110050,muelh101,MLS,1,7,value,27,1,0,0,0,0,,,,,1,19411005,0,STL07,h,KCM,1,0,0,exhibition,y,
MLS194110050,gracj101,MLS,1,9,value,27,1,0,0,0,0,,,,,1,19411005,0,STL07,h,KCM,1,0,0,exhibition,y,
MLS194110050,hoppj102,MLS,1,3,value,27,11,0,0,1,0,,,,,1,19411005,0,STL07,h,KCM,1,0,0,exhibition,y,
MLS194110050,lucaj102,MLS,1,5,value,27,1,4,0,0,0,,,,,1,19411005,0,STL07,h,KCM,1,0,0,exhibition,y,
MLS194110050,wyroj101,MLS,1,8,value,27,1,0,0,0,0,,,,,1,19411005,0,STL07,h,KCM,1,0,0,exhibition,y,
MLS194110050,coopw102,MLS,1,2,value,,7,1,0,0,0,0,,,,1,19411005,0,STL07,h,KCM,1,0,0,exhibition,y,
MLS194110050,schuj103,MLS,1,2,value,,3,0,0,0,0,0,,,,,19411005,0,STL07,h,KCM,1,0,0,exhibition,y,
MLS194110050,mattb101,MLS,1,6,value,27,1,1,1,0,0,,,,,1,19411005,0,STL07,h,KCM,1,0,0,exhibition,y,
MLS194110050,fellb101,MLS,1,1,value,15,0,2,0,0,0,,,,,1,19411005,0,STL07,h,KCM,1,0,0,exhibition,y,
MLS194110050,heink101,MLS,1,1,value,12,0,2,0,0,0,,,,,,19411005,0,STL07,h,KCM,1,0,0,exhibition,y,
