gid,id,team,d_seq,d_pos,stattype,d_ifouts,d_po,d_a,d_e,d_dp,d_tp,d_pb,d_wp,d_sb,d_cs,d_gs,date,number,site,vishome,opp,win,loss,tie,gametype,box,pbp,eject
NY1194406120,branr103,BRO,1,1,value,10,0,1,0,0,0,,,,,0,19440612,0,NYC14,v,NY1,0,1,0,regular,y,y,
NY1194406150,branr103,BRO,1,1,value,3,0,0,0,0,0,,,,,0,19440615,0,NYC14,v,NY1,0,1,0,regular,y,y,
PHI194406182,branr103,BRO,1,1,value,8,0,0,0,0,0,,,,,0,19440618,2,PHI11,v,PHI,0,1,0,regular,y,y,
BRO194406210,branr103,BRO,1,1,value,4,0,0,0,0,0,,,,,0,19440621,0,NYC15,h,NY1,0,1,0,regular,y,y,
SLN194407010,branr103,BRO,1,1,value,2,0,0,0,0,0,,,,,0,19440701,0,STL07,v,SLN,0,1,0,regular,y,y,
SLN194407022,branr103,BRO,1,1,value,8,0,0,0,0,0,,,,,0,19440702,2,STL07,v,SLN,0,1,0,regular,y,y,
CIN194407042,branr103,BRO,1,1,value,4,0,0,0,0,0,,,,,0,19440704,2,CIN07,v,CIN,0,1,0,regular,y,y,
CIN194407060,branr103,BRO,1,1,value,4,0,0,0,0,0,,,,,1,19440706,0,CIN07,v,CIN,0,1,0,regular,y,y,
PIT194407070,branr103,BRO,1,1,value,18,1,2,0,0,0,,,,,0,19440707,0,PIT06,v,PIT,0,1,0,regular,y,y,
BSN194407161,branr103,BRO,1,1,value,6,0,0,0,0,0,,,,,0,19440716,1,BOS08,v,BSN,0,1,0,regular,y,d,
BRO194407200,branr103,BRO,1,1,value,6,0,0,0,0,0,,,,,0,19440720,0,NYC15,h,CIN,0,1,0,regular,y,y,
BRO194407220,branr103,BRO,1,1,value,12,0,2,0,0,0,,,,,0,19440722,0,NYC15,h,PIT,0,1,0,regular,y,y,
BRO194407250,branr103,BRO,1,1,value,2,0,0,0,0,0,,,,,0,19440725,0,NYC15,h,CHN,0,1,0,regular,y,y,
BRO194407260,branr103,BRO,1,1,value,3,0,0,0,0,0,,,,,0,19440726,0,NYC15,h,CHN,0,1,0,regular,y,y,
BRO194407291,branr103,BRO,1,1,value,6,0,1,0,0,0,,,,,0,19440729,1,NYC15,h,SLN,0,1,0,regular,y,y,
BRO194407292,branr103,BRO,1,1,value,6,0,0,0,0,0,,,,,0,19440729,2,NYC15,h,SLN,0,1,0,regular,y,y,
BRO194408010,branr103,BRO,1,1,value,9,0,1,0,0,0,,,,,0,19440801,0,NYC15,h,SLN,0,1,0,regular,y,y,
BRO194408050,branr103,BRO,1,1,value,2,0,0,0,0,0,,,,,0,19440805,0,NYC15,h,BSN,1,0,0,regular,y,y,
BRO194409211,branr103,BRO,1,1,value,6,0,0,0,0,0,,,,,0,19440921,1,NYC15,h,PIT,0,1,0,regular,y,y,
BRO194409280,branr103,BRO,1,1,value,9,0,0,0,0,0,,,,,0,19440928,0,NYC15,h,CIN,0,1,0,regular,y,y,
BRO194410010,branr103,BRO,1,1,value,6,0,1,0,0,0,,,,,0,19441001,0,NYC15,h,CIN,1,0,0,regular,y,y,
CHN194507182,branr103,BRO,1,1,value,7,0,0,0,0,0,,,,,0,19450718,2,CHI11,v,CHN,1,0,0,regular,y,y,
SLN194507222,branr103,BRO,1,1,value,5,0,1,0,0,0,,,,,1,19450722,2,STL07,v,SLN,1,0,0,regular,y,y,
BRO194507270,branr103,BRO,1,1,value,24,0,3,0,0,0,,,,,1,19450727,0,NYC15,h,BSN,1,0,0,regular,y,y,
BSN194508032,branr103,BRO,1,1,value,6,0,0,0,0,0,,,,,1,19450803,2,BOS08,v,BSN,0,1,0,regular,y,y,
BRO194508092,branr103,BRO,1,1,value,36,1,4,0,1,0,,,,,1,19450809,2,NYC15,h,CIN,1,0,0,regular,y,y,
BRO194508140,branr103,BRO,1,1,value,27,1,3,0,0,0,,,,,1,19450814,0,NYC15,h,SLN,0,1,0,regular,y,y,
BRO194508192,branr103,BRO,1,1,value,27,1,4,0,0,0,,,,,1,19450819,2,NYC15,h,PIT,0,1,0,regular,y,y,
NY1194508230,branr103,BRO,1,1,value,27,0,0,1,0,0,,,,,1,19450823,0,NYC14,v,NY1,1,0,0,regular,y,y,
BRO194508260,branr103,BRO,1,1,value,21,0,3,0,0,0,,,,,1,19450826,0,NYC15,h,NY1,0,1,0,regular,y,y,
NY1194509010,branr103,BRO,1,1,value,18,1,1,1,0,0,,,,,1,19450901,0,NYC14,v,NY1,0,1,0,regular,y,y,
PIT194509050,branr103,BRO,1,1,value,6,1,0,0,0,0,,,,,1,19450905,0,PIT06,v,PIT,1,0,0,regular,y,y,
CIN194509091,branr103,BRO,1,1,value,26,0,0,0,0,0,,,,,1,19450909,1,CIN07,v,CIN,0,1,0,regular,y,y,
SLN194509120,branr103,BRO,1,1,value,24,0,0,0,0,0,,,,,1,19450912,0,STL07,v,SLN,0,1,0,regular,y,y,
CHN194509161,branr103,BRO,1,1,value,24,0,4,0,0,0,,,,,1,19450916,1,CHI11,v,CHN,0,1,0,regular,y,y,
PHI194509211,branr103,BRO,1,1,value,24,0,1,0,0,0,,,,,1,19450921,1,PHI11,v,PHI,1,0,0,regular,y,y,
NY1194509260,branr103,BRO,1,1,value,27,1,0,0,0,0,,,,,1,19450926,0,NYC14,v,NY1,1,0,0,regular,y,y,
CDA194510072,branr103,CDA,1,1,value,15,0,0,0,0,0,,,,,1,19451007,2,NYC15,h,NNS,1,0,0,exhibition,y,d,
BRO194604220,branr103,BRO,1,1,value,19,0,0,0,0,0,,,,,1,19460422,0,NYC15,h,BSN,1,0,0,regular,y,y,
NY1194604282,branr103,BRO,1,1,value,6,0,1,0,0,0,,,,,0,19460428,2,NYC14,v,NY1,0,1,0,regular,y,y,
CIN194605090,branr103,BRO,1,1,value,3,0,0,0,0,0,,,,,0,19460509,0,CIN07,v,CIN,0,1,0,regular,y,y,
BRO194605110,branr103,BRO,1,1,value,2,0,0,0,0,0,,,,,1,19460511,0,NYC15,h,PHI,1,0,0,regular,y,y,
BRO194605170,branr103,BRO,1,1,value,6,0,0,0,0,0,,,,,1,19460517,0,NYC15,h,PIT,1,0,0,regular,y,y,
PIT194606042,branr103,BRO,1,1,value,1,1,0,0,0,0,,,,,0,19460604,2,PIT06,v,PIT,1,0,0,regular,y,y,
PIT194606060,branr103,BRO,1,1,value,12,0,1,0,0,0,,,,,1,19460606,0,PIT06,v,PIT,1,0,0,regular,y,y,
BRO194606250,branr103,BRO,1,1,value,3,0,1,0,0,0,,,,,0,19460625,0,NYC15,h,CIN,0,1,0,regular,y,y,
BSN194607071,branr103,BRO,1,1,value,3,0,0,0,0,0,,,,,1,19460707,1,BOS08,v,BSN,0,1,0,regular,y,y,
SLN194607150,branr103,BRO,1,1,value,8,0,0,0,0,0,,,,,0,19460715,0,STL07,v,SLN,0,1,0,regular,y,y,
BRO194607260,branr103,BRO,1,1,value,3,0,0,0,0,0,,,,,0,19460726,0,NYC15,h,PIT,0,1,0,regular,y,y,
BRO194607280,branr103,BRO,1,1,value,6,0,1,0,0,0,,,,,0,19460728,0,NYC15,h,PIT,0,1,0,regular,y,y,
BRO194608010,branr103,BRO,1,1,value,3,0,0,0,0,0,,,,,0,19460801,0,NYC15,h,SLN,0,1,0,regular,y,y,
BSN194608050,branr103,BRO,1,1,value,15,0,0,0,0,0,,,,,0,19460805,0,BOS08,v,BSN,1,0,0,regular,y,y,
NY1194608080,branr103,BRO,1,1,value,3,0,0,0,0,0,,,,,0,19460808,0,NYC14,v,NY1,1,0,0,regular,y,y,
BRO194608120,branr103,BRO,1,1,value,6,0,0,0,0,0,,,,,0,19460812,0,NYC15,h,NY1,1,0,0,regular,y,y,
BRO194608180,branr103,BRO,1,1,value,4,0,0,0,0,0,,,,,0,19460818,0,NYC15,h,PHI,1,0,0,regular,y,y,
SLN194608251,branr103,BRO,1,1,value,16,0,0,0,0,0,,,,,1,19460825,1,STL07,v,SLN,1,0,0,regular,y,y,
BRO194609120,branr103,BRO,1,1,value,6,0,0,0,0,0,,,,,0,19460912,0,NYC15,h,SLN,0,1,0,regular,y,y,
BRO194609140,branr103,BRO,1,1,value,27,1,1,0,0,0,,,,,1,19460914,0,NYC15,h,SLN,1,0,0,regular,y,y,
BRO194609182,branr103,BRO,1,1,value,27,1,1,0,1,0,,,,,1,19460918,2,NYC15,h,PIT,1,0,0,regular,y,y,
BSN194609210,branr103,BRO,1,1,value,5,0,0,0,0,0,,,,,0,19460921,0,BOS08,v,BSN,1,0,0,regular,y,y,
BRO194609250,branr103,BRO,1,1,value,10,0,0,1,0,0,,,,,1,19460925,0,NYC15,h,PHI,0,1,0,regular,y,y,
SLN194610010,branr103,BRO,1,1,value,8,0,0,0,0,0,,,,,1,19461001,0,STL07,v,SLN,0,1,0,playoff,y,y,
NY1194704190,branr103,BRO,1,1,value,13,0,1,0,0,0,,,,,1,19470419,0,NYC14,v,NY1,0,1,0,regular,y,y,
BRO194704240,branr103,BRO,1,1,value,23,0,3,0,0,0,,,,,1,19470424,0,NYC15,h,PHI,1,0,0,regular,y,y,
BRO194704300,branr103,BRO,1,1,value,27,0,1,0,0,0,,,,,1,19470430,0,NYC15,h,CHN,0,1,0,regular,y,y,
BRO194705080,branr103,BRO,1,1,value,6,0,0,0,0,0,,,,,1,19470508,0,NYC15,h,SLN,0,1,0,regular,y,y,
PHI194705090,branr103,BRO,1,1,value,18,0,0,0,0,0,,,,,0,19470509,0,PHI11,v,PHI,0,1,0,regular,y,y,
BRO194705120,branr103,BRO,1,1,value,27,0,0,0,0,0,,,,,1,19470512,0,NYC15,h,BSN,1,0,0,regular,y,y,
PIT194705160,branr103,BRO,1,1,value,20,0,0,0,0,0,,,,,1,19470516,0,PIT06,v,PIT,1,0,0,regular,y,y,
BRO194705230,branr103,BRO,1,1,value,10,0,0,0,0,0,,,,,1,19470523,0,NYC15,h,PHI,1,0,0,regular,y,y,
NY1194705270,branr103,BRO,1,1,value,27,1,0,1,0,0,,,,,1,19470527,0,NYC14,v,NY1,1,0,0,regular,y,y,
BSN194705310,branr103,BRO,1,1,value,27,0,1,0,0,0,,,,,1,19470531,0,BOS08,v,BSN,1,0,0,regular,y,y,
BRO194706020,branr103,BRO,1,1,value,3,0,1,0,0,0,,,,,0,19470602,0,NYC15,h,SLN,0,1,0,regular,y,y,
BRO194706040,branr103,BRO,1,1,value,27,0,2,0,0,0,,,,,1,19470604,0,NYC15,h,PIT,1,0,0,regular,y,y,
BRO194706101,branr103,BRO,1,1,value,24,0,3,0,0,0,,,,,1,19470610,1,NYC15,h,CIN,0,1,0,regular,y,y,
BRO194706102,branr103,BRO,1,1,value,6,1,1,0,0,0,,,,,0,19470610,2,NYC15,h,CIN,1,0,0,regular,y,y,
SLN194706141,branr103,BRO,1,1,value,13,0,1,0,0,0,,,,,1,19470614,1,STL07,v,SLN,0,1,0,regular,y,y,
CHN194706190,branr103,BRO,1,1,value,27,0,0,0,0,0,,,,,1,19470619,0,CHI11,v,CHN,1,0,0,regular,y,y,
PIT194706240,branr103,BRO,1,1,value,27,1,1,0,0,0,,,,,1,19470624,0,PIT06,v,PIT,1,0,0,regular,y,y,
BRO194706260,branr103,BRO,1,1,value,4,0,1,0,0,0,,,,,0,19470626,0,NYC15,h,BSN,1,0,0,regular,y,y,
BSN194706280,branr103,BRO,1,1,value,21,0,2,0,0,0,,,,,1,19470628,0,BOS08,v,BSN,0,1,0,regular,y,y,
BRO194707020,branr103,BRO,1,1,value,27,0,0,0,0,0,,,,,1,19470702,0,NYC15,h,NY1,1,0,0,regular,y,y,
BRO194707041,branr103,BRO,1,1,value,1,0,0,0,0,0,,,,,0,19470704,1,NYC15,h,NY1,1,0,0,regular,y,y,
BRO194707060,branr103,BRO,1,1,value,27,0,0,0,0,0,,,,,1,19470706,0,NYC15,h,BSN,1,0,0,regular,y,y,
BRO194707101,branr103,BRO,1,1,value,25,0,0,0,0,0,,,,,1,19470710,1,NYC15,h,CHN,1,0,0,regular,y,y,
BRO194707102,branr103,BRO,1,1,value,8,0,0,0,0,0,,,,,0,19470710,2,NYC15,h,CHN,1,0,0,regular,y,y,
BRO194707140,branr103,BRO,1,1,value,13,0,0,0,0,0,,,,,1,19470714,0,NYC15,h,CIN,0,1,0,regular,y,y,
BRO194707180,branr103,BRO,1,1,value,27,1,0,0,0,0,,,,,1,19470718,0,NYC15,h,SLN,1,0,0,regular,y,y,
CIN194707220,branr103,BRO,1,1,value,27,0,2,0,0,0,,,,,1,19470722,0,CIN07,v,CIN,1,0,0,regular,y,y,
PIT194707260,branr103,BRO,1,1,value,22,0,0,0,0,0,,,,,1,19470726,0,PIT06,v,PIT,1,0,0,regular,y,y,
SLN194707300,branr103,BRO,1,1,value,20,1,0,0,0,0,,,,,1,19470730,0,STL07,v,SLN,1,0,0,regular,y,y,
CHN194708030,branr103,BRO,1,1,value,19,0,1,0,0,0,,,,,1,19470803,0,CHI11,v,CHN,0,1,0,regular,y,y,
BRO194708080,branr103,BRO,1,1,value,27,0,1,0,0,0,,,,,1,19470808,0,NYC15,h,PHI,1,0,0,regular,y,y,
BRO194708120,branr103,BRO,1,1,value,23,1,1,0,0,0,,,,,1,19470812,0,NYC15,h,BSN,0,1,0,regular,y,y,
PHI194708160,branr103,BRO,1,1,value,18,0,1,1,0,0,,,,,1,19470816,0,PHI11,v,PHI,1,0,0,regular,y,y,
BRO194708200,branr103,BRO,1,1,value,26,1,0,0,0,0,,,,,1,19470820,0,NYC15,h,SLN,0,1,0,regular,y,y,
BRO194708240,branr103,BRO,1,1,value,22,1,2,0,0,0,,,,,1,19470824,0,NYC15,h,PIT,1,0,0,regular,y,y,
BRO194708290,branr103,BRO,1,1,value,27,0,1,0,0,0,,,,,1,19470829,0,NYC15,h,NY1,1,0,0,regular,y,y,
BRO194709012,branr103,BRO,1,1,value,19,0,0,0,0,0,,,,,1,19470901,2,NYC15,h,PHI,0,1,0,regular,y,y,
NY1194709060,branr103,BRO,1,1,value,26,1,2,0,0,0,,,,,1,19470906,0,NYC14,v,NY1,0,1,0,regular,y,y,
SLN194709110,branr103,BRO,1,1,value,22,0,2,1,0,0,,,,,1,19470911,0,STL07,v,SLN,1,0,0,regular,y,y,
SLN194709120,branr103,BRO,1,1,value,0,0,0,0,0,0,,,,,0,19470912,0,STL07,v,SLN,0,1,0,regular,y,y,
CIN194709160,branr103,BRO,1,1,value,27,0,0,0,0,0,,,,,1,19470916,0,CIN07,v,CIN,1,0,0,regular,y,y,
BRO194709210,branr103,BRO,1,1,value,21,0,0,0,0,0,,,,,1,19470921,0,NYC15,h,BSN,0,1,0,regular,y,y,
PHI194709250,branr103,BRO,1,1,value,15,0,2,0,0,0,,,,,1,19470925,0,PHI11,v,PHI,1,0,0,regular,y,y,
NYA194709300,branr103,BRO,1,1,value,12,0,0,0,0,0,,,,,1,19470930,0,NYC16,v,NYA,0,1,0,worldseries,y,y,
BRO194710020,branr103,BRO,1,1,value,6,0,0,0,0,0,,,,,0,19471002,0,NYC15,h,NYA,1,0,0,worldseries,y,y,
NYA194710050,branr103,BRO,1,1,value,7,0,1,0,0,0,,,,,0,19471005,0,NYC16,v,NYA,1,0,0,worldseries,y,y,
NY1194804210,branr103,BRO,1,1,value,4,0,0,0,0,0,,,,,1,19480421,0,NYC14,v,NY1,0,1,0,regular,y,y,
BRO194804250,branr103,BRO,1,1,value,13,0,1,0,0,0,,,,,1,19480425,0,NYC15,h,PHI,0,1,0,regular,y,y,
BRO194804290,branr103,BRO,1,1,value,23,0,0,0,0,0,,,,,0,19480429,0,NYC15,h,NY1,1,0,0,regular,y,y,
PHI194805021,branr103,BRO,1,1,value,4,1,1,0,0,0,,,,,0,19480502,1,PHI11,v,PHI,1,0,0,regular,y,y,
SLN194805040,branr103,BRO,1,1,value,21,0,1,0,0,0,,,,,1,19480504,0,STL07,v,SLN,0,1,0,regular,y,y,
PIT194805091,branr103,BRO,1,1,value,27,0,0,0,0,0,,,,,1,19480509,1,PIT06,v,PIT,1,0,0,regular,y,y,
PIT194805092,branr103,BRO,1,1,value,6,0,0,0,0,0,,,,,0,19480509,2,PIT06,v,PIT,0,1,0,regular,y,y,
BRO194805180,branr103,BRO,1,1,value,27,0,1,0,0,0,,,,,1,19480518,0,NYC15,h,SLN,0,1,0,regular,y,y,
BRO194805220,branr103,BRO,1,1,value,24,0,0,1,0,0,,,,,1,19480522,0,NYC15,h,PIT,0,1,0,regular,y,y,
BRO194805270,branr103,BRO,1,1,value,27,1,0,0,0,0,,,,,1,19480527,0,NYC15,h,CHN,1,0,0,regular,y,y,
BRO194805311,branr103,BRO,1,1,value,27,0,0,0,0,0,,,,,1,19480531,1,NYC15,h,NY1,1,0,0,regular,y,y,
SLN194806040,branr103,BRO,1,1,value,27,0,2,0,0,0,,,,,1,19480604,0,STL07,v,SLN,1,0,0,regular,y,y,
CIN194806080,branr103,BRO,1,1,value,8,2,0,0,0,0,,,,,1,19480608,0,CIN07,v,CIN,1,0,0,regular,y,y,
PIT194806110,branr103,BRO,1,1,value,38,1,1,0,0,0,,,,,1,19480611,0,PIT06,v,PIT,1,0,0,regular,y,y,
BRO194806160,branr103,BRO,1,1,value,27,0,1,0,0,0,,,,,1,19480616,0,NYC15,h,CIN,1,0,0,regular,y,y,
BRO194806210,branr103,BRO,1,1,value,27,1,1,0,0,0,,,,,1,19480621,0,NYC15,h,PIT,1,0,0,regular,y,y,
BRO194806250,branr103,BRO,1,1,value,27,0,0,0,0,0,,,,,1,19480625,0,NYC15,h,SLN,1,0,0,regular,y,y,
BRO194806290,branr103,BRO,1,1,value,27,0,2,0,0,0,,,,,1,19480629,0,NYC15,h,PHI,0,1,0,regular,y,y,
BRO194807030,branr103,BRO,1,1,value,21,0,1,0,0,0,,,,,1,19480703,0,NYC15,h,NY1,1,0,0,regular,y,y,
BRO194807040,branr103,BRO,1,1,value,1,0,0,0,0,0,,,,,0,19480704,0,NYC15,h,NY1,1,0,0,regular,y,y,
BRO194807070,branr103,BRO,1,1,value,13,0,0,0,0,0,,,,,1,19480707,0,NYC15,h,BSN,1,0,0,regular,y,y,
ALS194807130,branr103,NLS,1,1,value,9,0,0,0,0,0,,,,,1,19480713,0,STL07,v,ALS,0,1,0,allstar,y,y,
CIN194807171,branr103,BRO,1,1,value,21,0,0,0,0,0,,,,,1,19480717,1,CIN07,v,CIN,1,0,0,regular,y,y,
CHN194807211,branr103,BRO,1,1,value,27,0,1,0,0,0,,,,,1,19480721,1,CHI11,v,CHN,1,0,0,regular,y,y,
PIT194807252,branr103,BRO,1,1,value,18,1,0,0,0,0,,,,,1,19480725,2,PIT06,v,PIT,0,1,0,regular,y,y,
BRO194807300,branr103,BRO,1,1,value,11,0,1,0,0,0,,,,,1,19480730,0,NYC15,h,PIT,0,1,0,regular,y,y,
BSN194808120,branr103,BRO,1,1,value,0,0,0,0,0,0,,,,,0,19480812,0,BOS08,v,BSN,0,1,0,regular,y,y,
BSN194808150,branr103,BRO,1,1,value,21,0,1,0,0,0,,,,,1,19480815,0,BOS08,v,BSN,1,0,0,regular,y,y,
CHN194808312,branr103,BRO,1,1,value,5,0,0,0,0,0,,,,,1,19480831,2,CHI11,v,CHN,0,1,0,regular,y,y,
BRO194809031,branr103,BRO,1,1,value,9,0,1,0,0,0,,,,,0,19480903,1,NYC15,h,NY1,0,1,0,regular,y,y,
BSN194809061,branr103,BRO,1,1,value,28,0,1,0,0,0,,,,,1,19480906,1,BOS08,v,BSN,0,1,0,regular,y,y,
NY1194809112,branr103,BRO,1,1,value,16,1,0,0,0,0,,,,,1,19480911,2,NYC14,v,NY1,0,1,0,regular,y,y,
BRO194809160,branr103,BRO,1,1,value,12,0,0,0,0,0,,,,,1,19480916,0,NYC15,h,CIN,1,0,0,regular,y,y,
BRO194809220,branr103,BRO,1,1,value,6,0,0,0,0,0,,,,,0,19480922,0,NYC15,h,PIT,0,1,0,regular,y,y,
PHI194809260,branr103,BRO,1,1,value,27,0,0,0,0,0,,,,,1,19480926,0,PHI11,v,PHI,1,0,0,regular,y,y,
BRO194810010,branr103,BRO,1,1,value,21,0,1,0,0,0,,,,,1,19481001,0,NYC15,h,BSN,0,1,0,regular,y,y,
BRO194810030,branr103,BRO,1,1,value,6,0,0,0,0,0,,,,,0,19481003,0,NYC15,h,PHI,0,1,0,regular,y,y,
BRO194904200,branr103,BRO,1,1,value,27,0,1,1,0,0,,,,,1,19490420,0,NYC15,h,NY1,1,0,0,regular,y,y,
PHI194904242,branr103,BRO,1,1,value,19,0,0,0,0,0,,,,,1,19490424,2,PHI11,v,PHI,1,0,0,regular,y,y,
NY1194904280,branr103,BRO,1,1,value,27,0,0,0,0,0,,,,,1,19490428,0,NYC14,v,NY1,1,0,0,regular,y,y,
BRO194905030,branr103,BRO,1,1,value,27,1,0,0,0,0,,,,,1,19490503,0,NYC15,h,CIN,1,0,0,regular,y,y,
BRO194905070,branr103,BRO,1,1,value,12,0,1,0,0,0,,,,,1,19490507,0,NYC15,h,CHN,1,0,0,regular,y,y,
BRO194905120,branr103,BRO,1,1,value,27,0,0,0,0,0,,,,,1,19490512,0,NYC15,h,PIT,1,0,0,regular,y,y,
CHN194905170,branr103,BRO,1,1,value,31,0,2,0,0,0,,,,,1,19490517,0,CHI11,v,CHN,1,0,0,regular,y,y,
SLN194905210,branr103,BRO,1,1,value,6,0,0,0,0,0,,,,,1,19490521,0,STL07,v,SLN,1,0,0,regular,y,y,
PIT194905240,branr103,BRO,1,1,value,27,0,1,0,0,0,,,,,1,19490524,0,PIT06,v,PIT,1,0,0,regular,y,y,
NY1194905302,branr103,BRO,1,1,value,5,0,0,0,0,0,,,,,1,19490530,2,NYC14,v,NY1,0,1,0,regular,y,y,
NY1194905310,branr103,BRO,1,1,value,13,1,0,0,0,0,,,,,0,19490531,0,NYC14,v,NY1,1,0,0,regular,y,y,
BRO194906050,branr103,BRO,1,1,value,21,1,0,0,0,0,,,,,1,19490605,0,NYC15,h,PIT,0,1,0,regular,y,y,
BRO194906090,branr103,BRO,1,1,value,21,0,0,0,0,0,,,,,1,19490609,0,NYC15,h,CHN,1,0,0,regular,y,y,
SLN194906150,branr103,BRO,1,1,value,4,0,1,0,0,0,,,,,1,19490615,0,STL07,v,SLN,0,1,0,regular,y,y,
PIT194906250,branr103,BRO,1,1,value,27,0,1,0,0,0,,,,,1,19490625,0,PIT06,v,PIT,1,0,0,regular,y,y,
PHI194906290,branr103,BRO,1,1,value,27,0,3,0,0,0,,,,,1,19490629,0,PHI11,v,PHI,1,0,0,regular,y,y,
NY1194907030,branr103,BRO,1,1,value,4,0,0,0,0,0,,,,,1,19490703,0,NYC14,v,NY1,0,1,0,regular,y,y,
BSN194907060,branr103,BRO,1,1,value,5,0,1,0,0,0,,,,,1,19490706,0,BOS08,v,BSN,0,1,0,regular,y,y,
BRO194907090,branr103,BRO,1,1,value,13,0,0,0,0,0,,,,,0,19490709,0,NYC15,h,NY1,0,1,0,regular,y,y,
BRO194907140,branr103,BRO,1,1,value,6,0,0,0,0,0,,,,,0,19490714,0,NYC15,h,CIN,1,0,0,regular,y,y,
BRO194907200,branr103,BRO,1,1,value,18,0,0,0,0,0,,,,,1,19490720,0,NYC15,h,PIT,0,1,0,regular,y,y,
BRO194907250,branr103,BRO,1,1,value,17,0,0,0,0,0,,,,,1,19490725,0,NYC15,h,SLN,0,0,1,regular,y,y,
CHN194907280,branr103,BRO,1,1,value,27,0,0,0,0,0,,,,,1,19490728,0,CHI11,v,CHN,1,0,0,regular,y,y,
PIT194908010,branr103,BRO,1,1,value,27,0,0,0,0,0,,,,,1,19490801,0,PIT06,v,PIT,1,0,0,regular,y,y,
CIN194908060,branr103,BRO,1,1,value,21,0,1,0,0,0,,,,,1,19490806,0,CIN07,v,CIN,0,1,0,regular,y,y,
PHI194908100,branr103,BRO,1,1,value,20,1,0,0,0,0,,,,,1,19490810,0,PHI11,v,PHI,1,0,0,regular,y,y,
BRO194908170,branr103,BRO,1,1,value,4,0,1,0,0,0,,,,,1,19490817,0,NYC15,h,PHI,0,1,0,regular,y,y,
BSN194908220,branr103,BRO,1,1,value,3,0,0,0,0,0,,,,,0,19490822,0,BOS08,v,BSN,0,1,0,regular,y,y,
BRO194909011,branr103,BRO,1,1,value,1,1,0,0,0,0,,,,,0,19490901,1,NYC15,h,CIN,1,0,0,regular,y,y,
BRO194909090,branr103,BRO,1,1,value,6,0,0,1,0,0,,,,,0,19490909,0,NYC15,h,NY1,0,1,0,regular,y,y,
PIT194909160,branr103,BRO,1,1,value,6,0,0,0,0,0,,,,,0,19490916,0,PIT06,v,PIT,0,1,0,regular,y,y,
CHN194909180,branr103,BRO,1,1,value,24,0,1,0,0,0,,,,,1,19490918,0,CHI11,v,CHN,1,0,0,regular,y,y,
BRO194909250,branr103,BRO,1,1,value,21,1,0,0,0,0,,,,,1,19490925,0,NYC15,h,PHI,0,1,0,regular,y,y,
PHI194910010,branr103,BRO,1,1,value,16,0,1,0,0,0,,,,,1,19491001,0,PHI11,v,PHI,0,1,0,regular,y,y,
BRO194910070,branr103,BRO,1,1,value,26,1,0,0,0,0,,,,,1,19491007,0,NYC15,h,NYA,0,1,0,worldseries,y,y,
BRO195004220,branr103,BRO,1,1,value,3,0,0,0,0,0,,,,,0,19500422,0,NYC15,h,NY1,1,0,0,regular,y,y,
BRO195004270,branr103,BRO,1,1,value,6,0,0,0,0,0,,,,,0,19500427,0,NYC15,h,PHI,0,1,0,regular,y,y,
CHN195005050,branr103,BRO,1,1,value,6,0,0,0,0,0,,,,,1,19500505,0,CHI11,v,CHN,0,1,0,regular,y,y,
PIT195005090,branr103,BRO,1,1,value,7,0,0,0,0,0,,,,,1,19500509,0,PIT06,v,PIT,0,1,0,regular,y,y,
BRO195005180,branr103,BRO,1,1,value,3,0,0,0,0,0,,,,,0,19500518,0,NYC15,h,SLN,1,0,0,regular,y,y,
BRO195005202,branr103,BRO,1,1,value,6,0,0,0,0,0,,,,,0,19500520,2,NYC15,h,PIT,1,0,0,regular,y,y,
BRO195005230,branr103,BRO,1,1,value,18,0,1,0,0,0,,,,,1,19500523,0,NYC15,h,CHN,0,1,0,regular,y,y,
BRO195005302,branr103,BRO,1,1,value,6,0,1,0,0,0,,,,,0,19500530,2,NYC15,h,PHI,1,0,0,regular,y,y,
PIT195006080,branr103,BRO,1,1,value,21,0,0,0,0,0,,,,,1,19500608,0,PIT06,v,PIT,0,1,0,regular,y,y,
CIN195006100,branr103,BRO,1,1,value,6,0,1,0,0,0,,,,,0,19500610,0,CIN07,v,CIN,0,1,0,regular,y,y,
BRO195006130,branr103,BRO,1,1,value,17,0,2,0,0,0,,,,,1,19500613,0,NYC15,h,CHN,0,1,0,regular,y,y,
BRO195006190,branr103,BRO,1,1,value,27,0,0,0,0,0,,,,,1,19500619,0,NYC15,h,NY1,1,0,0,regular,y,y,
BRO195006240,branr103,BRO,1,1,value,3,0,0,0,0,0,,,,,1,19500624,0,NYC15,h,PIT,1,0,0,regular,y,y,
BRO195006250,branr103,BRO,1,1,value,3,0,0,0,0,0,,,,,0,19500625,0,NYC15,h,PIT,0,1,0,regular,y,y,
BRO195006270,branr103,BRO,1,1,value,6,0,1,0,0,0,,,,,0,19500627,0,NYC15,h,NY1,0,1,0,regular,y,y,
BRO195006290,branr103,BRO,1,1,value,9,0,0,0,0,0,,,,,0,19500629,0,NYC15,h,NY1,0,1,0,regular,y,y,
PHI195007021,branr103,BRO,1,1,value,24,0,0,0,0,0,,,,,1,19500702,1,PHI11,v,PHI,0,1,0,regular,y,y,
BRO195007070,branr103,BRO,1,1,value,16,2,0,0,0,0,,,,,1,19500707,0,NYC15,h,PHI,0,1,0,regular,y,y,
CHN195007130,branr103,BRO,1,1,value,9,0,1,0,0,0,,,,,0,19500713,0,CHI11,v,CHN,0,1,0,regular,y,y,
CIN195007202,branr103,BRO,1,1,value,5,0,1,0,0,0,,,,,0,19500720,2,CIN07,v,CIN,0,1,0,regular,y,y,
PIT195007220,branr103,BRO,1,1,value,27,2,1,0,0,0,,,,,1,19500722,0,PIT06,v,PIT,1,0,0,regular,y,y,
BRO195007260,branr103,BRO,1,1,value,3,0,0,0,0,0,,,,,0,19500726,0,NYC15,h,SLN,1,0,0,regular,y,y,
BRO195007292,branr103,BRO,1,1,value,27,0,0,0,0,0,,,,,1,19500729,2,NYC15,h,CHN,1,0,0,regular,y,y,
BRO195007310,branr103,BRO,1,1,value,6,0,0,0,0,0,,,,,0,19500731,0,NYC15,h,CHN,0,1,0,regular,y,y,
BRO195008020,branr103,BRO,1,1,value,30,1,1,0,0,0,,,,,1,19500802,0,NYC15,h,PIT,1,0,0,regular,y,y,
BRO195008060,branr103,BRO,1,1,value,15,1,1,0,0,0,,,,,1,19500806,0,NYC15,h,CIN,0,1,0,regular,y,y,
BSN195008100,branr103,BRO,1,1,value,3,0,0,0,0,0,,,,,0,19500810,0,BOS08,v,BSN,1,0,0,regular,y,y,
NY1195008171,branr103,BRO,1,1,value,0,0,0,0,0,0,,,,,0,19500817,1,NYC14,v,NY1,1,0,0,regular,y,y,
BRO195008180,branr103,BRO,1,1,value,3,0,0,0,0,0,,,,,0,19500818,0,NYC15,h,BSN,1,0,0,regular,y,y,
PIT195008220,branr103,BRO,1,1,value,1,0,0,0,0,0,,,,,0,19500822,0,PIT06,v,PIT,1,0,0,regular,y,y,
PIT195008230,branr103,BRO,1,1,value,27,0,1,0,0,0,,,,,0,19500823,0,PIT06,v,PIT,1,0,0,regular,y,y,
CIN195008260,branr103,BRO,1,1,value,1,0,0,0,0,0,,,,,0,19500826,0,CIN07,v,CIN,1,0,0,regular,y,y,
SLN195008280,branr103,BRO,1,1,value,6,0,0,0,0,0,,,,,0,19500828,0,STL07,v,SLN,0,1,0,regular,y,y,
CHN195008300,branr103,BRO,1,1,value,4,1,0,0,0,0,,,,,0,19500830,0,CHI11,v,CHN,0,1,0,regular,y,y,
BSN195009041,branr103,BRO,1,1,value,6,0,1,0,0,0,,,,,0,19500904,1,BOS08,v,BSN,0,1,0,regular,y,y,
BSN195009042,branr103,BRO,1,1,value,4,0,0,0,0,0,,,,,0,19500904,2,BOS08,v,BSN,0,1,0,regular,y,y,
BRO195009050,branr103,BRO,1,1,value,1,0,0,0,0,0,,,,,0,19500905,0,NYC15,h,NY1,0,1,0,regular,y,y,
PHI195009070,branr103,BRO,1,1,value,6,0,0,0,0,0,,,,,0,19500907,0,PHI11,v,PHI,1,0,0,regular,y,y,
BRO195009142,branr103,BRO,1,1,value,2,0,0,0,0,0,,,,,0,19500914,2,NYC15,h,CIN,1,0,0,regular,y,y,
BRO195009170,branr103,BRO,1,1,value,21,1,0,0,0,0,,,,,1,19500917,0,NYC15,h,CHN,0,1,0,regular,y,y,
BRO195009210,branr103,BRO,1,1,value,4,0,0,0,0,0,,,,,0,19500921,0,NYC15,h,PIT,1,0,0,regular,y,y,
BRO195009260,branr103,BRO,1,1,value,24,0,3,0,0,0,,,,,1,19500926,0,NYC15,h,NY1,1,0,0,regular,y,y,
BRO195009282,branr103,BRO,1,1,value,4,0,0,0,0,0,,,,,0,19500928,2,NYC15,h,BSN,0,1,0,regular,y,y,
NY1195104210,branr103,BRO,1,1,value,9,0,1,0,0,0,,,,,0,19510421,0,NYC14,v,NY1,1,0,0,regular,y,y,
BRO195105010,branr103,BRO,1,1,value,9,0,2,0,0,0,,,,,0,19510501,0,NYC15,h,PIT,0,1,0,regular,y,y,
BRO195105040,branr103,BRO,1,1,value,3,0,0,0,0,0,,,,,0,19510504,0,NYC15,h,CIN,0,1,0,regular,y,y,
BRO195105060,branr103,BRO,1,1,value,1,0,0,0,0,0,,,,,0,19510506,0,NYC15,h,SLN,0,1,0,regular,y,y,
BRO195105080,branr103,BRO,1,1,value,6,0,1,0,0,0,,,,,0,19510508,0,NYC15,h,CHN,0,1,0,regular,y,y,
BSN195105120,branr103,BRO,1,1,value,9,0,0,0,0,0,,,,,0,19510512,0,BOS08,v,BSN,0,0,1,regular,y,y,
CHN195105150,branr103,BRO,1,1,value,9,0,0,0,0,0,,,,,0,19510515,0,CHI11,v,CHN,1,0,0,regular,y,y,
PIT195105220,branr103,BRO,1,1,value,6,0,0,0,0,0,,,,,0,19510522,0,PIT06,v,PIT,1,0,0,regular,y,y,
BRO195105260,branr103,BRO,1,1,value,6,0,0,0,0,0,,,,,0,19510526,0,NYC15,h,BSN,0,1,0,regular,y,y,
PHI195105280,branr103,BRO,1,1,value,27,2,0,0,0,0,,,,,1,19510528,0,PHI11,v,PHI,1,0,0,regular,y,y,
BRO195106020,branr103,BRO,1,1,value,27,1,1,0,0,0,,,,,1,19510602,0,NYC15,h,CIN,1,0,0,regular,y,y,
BRO195106060,branr103,BRO,1,1,value,27,1,1,0,0,0,,,,,1,19510606,0,NYC15,h,SLN,1,0,0,regular,y,y,
BRO195106101,branr103,BRO,1,1,value,27,0,2,0,1,0,,,,,1,19510610,1,NYC15,h,PIT,1,0,0,regular,y,y,
SLN195106140,branr103,BRO,1,1,value,21,0,0,0,0,0,,,,,1,19510614,0,STL07,v,SLN,1,0,0,regular,y,y,
CIN195106190,branr103,BRO,1,1,value,3,0,0,0,0,0,,,,,0,19510619,0,CIN07,v,CIN,1,0,0,regular,y,y,
PIT195106220,branr103,BRO,1,1,value,9,0,0,0,0,0,,,,,1,19510622,0,PIT06,v,PIT,1,0,0,regular,y,y,
PIT195106242,branr103,BRO,1,1,value,8,0,0,0,0,0,,,,,0,19510624,2,PIT06,v,PIT,0,1,0,regular,y,y,
NY1195106280,branr103,BRO,1,1,value,24,0,2,0,0,0,,,,,1,19510628,0,NYC14,v,NY1,0,1,0,regular,y,y,
BRO195107042,branr103,BRO,1,1,value,27,2,0,0,0,0,,,,,1,19510704,2,NYC15,h,NY1,1,0,0,regular,y,y,
PHI195107070,branr103,BRO,1,1,value,27,1,1,0,0,0,,,,,1,19510707,0,PHI11,v,PHI,1,0,0,regular,y,y,
BRO195107120,branr103,BRO,1,1,value,12,0,0,0,0,0,,,,,1,19510712,0,NYC15,h,CHN,1,0,0,regular,y,y,
CHN195107240,branr103,BRO,1,1,value,6,0,0,0,0,0,,,,,1,19510724,0,CHI11,v,CHN,1,0,0,regular,y,y,
SLN195107280,branr103,BRO,1,1,value,24,0,0,0,0,0,,,,,1,19510728,0,STL07,v,SLN,1,0,0,regular,y,y,
PIT195108010,branr103,BRO,1,1,value,9,0,0,0,0,0,,,,,1,19510801,0,PIT06,v,PIT,0,1,0,regular,y,y,
CIN195108030,branr103,BRO,1,1,value,1,0,1,0,0,0,,,,,0,19510803,0,CIN07,v,CIN,0,1,0,regular,y,y,
CIN195108052,branr103,BRO,1,1,value,27,0,1,0,0,0,,,,,1,19510805,2,CIN07,v,CIN,1,0,0,regular,y,y,
BRO195108090,branr103,BRO,1,1,value,5,0,0,0,0,0,,,,,1,19510809,0,NYC15,h,NY1,1,0,0,regular,y,y,
BRO195108111,branr103,BRO,1,1,value,27,0,0,0,0,0,,,,,1,19510811,1,NYC15,h,BSN,1,0,0,regular,y,y,
NY1195108150,branr103,BRO,1,1,value,24,0,2,0,1,0,,,,,1,19510815,0,NYC14,v,NY1,0,1,0,regular,y,y,
BSN195108190,branr103,BRO,1,1,value,15,1,0,0,0,0,,,,,1,19510819,0,BOS08,v,BSN,0,1,0,regular,y,y,
BRO195108240,branr103,BRO,1,1,value,27,1,2,0,0,0,,,,,1,19510824,0,NYC15,h,CHN,1,0,0,regular,y,y,
BRO195108271,branr103,BRO,1,1,value,27,1,0,0,0,0,,,,,1,19510827,1,NYC15,h,PIT,1,0,0,regular,y,y,
NY1195109010,branr103,BRO,1,1,value,12,0,0,0,0,0,,,,,1,19510901,0,NYC14,v,NY1,0,1,0,regular,y,y,
BRO195109050,branr103,BRO,1,1,value,27,0,0,0,0,0,,,,,1,19510905,0,NYC15,h,PHI,1,0,0,regular,y,y,
BRO195109090,branr103,BRO,1,1,value,21,1,0,0,0,0,,,,,1,19510909,0,NYC15,h,NY1,0,1,0,regular,y,y,
PIT195109150,branr103,BRO,1,1,value,9,0,0,0,0,0,,,,,1,19510915,0,PIT06,v,PIT,0,1,0,regular,y,y,
SLN195109180,branr103,BRO,1,1,value,17,1,1,0,0,0,,,,,1,19510918,0,STL07,v,SLN,0,1,0,regular,y,y,
BRO195109210,branr103,BRO,1,1,value,9,0,1,0,0,0,,,,,0,19510921,0,NYC15,h,PHI,0,1,0,regular,y,y,
BSN195109251,branr103,BRO,1,1,value,0,0,0,0,0,0,,,,,1,19510925,1,BOS08,v,BSN,0,1,0,regular,y,y,
PHI195109300,branr103,BRO,1,1,value,4,0,0,0,0,0,,,,,0,19510930,0,PHI11,v,PHI,1,0,0,regular,y,y,
BRO195110010,branr103,BRO,1,1,value,24,0,1,0,0,0,,,,,1,19511001,0,NYC15,h,NY1,0,1,0,playoff,y,y,
NY1195110030,branr103,BRO,1,1,value,0,0,0,0,0,0,,,,,0,19511003,0,NYC14,v,NY1,0,1,0,playoff,y,y,
BRO195204190,branr103,BRO,1,1,value,27,0,0,0,0,0,,,,,1,19520419,0,NYC15,h,NY1,1,0,0,regular,y,y,
CHN195205010,branr103,BRO,1,1,value,11,0,1,0,1,0,,,,,1,19520501,0,CHI11,v,CHN,0,1,0,regular,y,y,
PIT195205050,branr103,BRO,1,1,value,24,1,1,0,0,0,,,,,1,19520505,0,PIT06,v,PIT,1,0,0,regular,y,y,
BRO195205101,branr103,BRO,1,1,value,3,0,1,0,0,0,,,,,1,19520510,1,NYC15,h,PHI,0,1,0,regular,y,y,
BRO195205140,branr103,BRO,1,1,value,3,0,0,0,0,0,,,,,0,19520514,0,NYC15,h,SLN,0,1,0,regular,y,y,
PIT195206030,branr103,BRO,1,1,value,24,0,0,0,0,0,,,,,1,19520603,0,PIT06,v,PIT,1,0,0,regular,y,y,
CIN195206081,branr103,BRO,1,1,value,10,0,1,0,0,0,,,,,1,19520608,1,CIN07,v,CIN,1,0,0,regular,y,y,
BRO195206200,branr103,BRO,1,1,value,9,0,0,0,0,0,,,,,0,19520620,0,NYC15,h,PIT,1,0,0,regular,y,y,
BRO195206242,branr103,BRO,1,1,value,6,0,0,0,0,0,,,,,0,19520624,2,NYC15,h,SLN,0,1,0,regular,y,y,
BRO195206270,branr103,BRO,1,1,value,24,1,1,0,0,0,,,,,0,19520627,0,NYC15,h,BSN,1,0,0,regular,y,y,
BRO195207010,branr103,BRO,1,1,value,15,1,0,0,0,0,,,,,1,19520701,0,NYC15,h,PHI,1,0,0,regular,y,y,
PHI195209021,branr103,BRO,1,1,value,9,2,0,0,0,0,,,,,0,19520902,1,PHI11,v,PHI,0,1,0,regular,y,y,
BRO195209090,branr103,BRO,1,1,value,6,0,1,1,0,0,,,,,0,19520909,0,NYC15,h,CHN,0,1,0,regular,y,y,
BRO195209110,branr103,BRO,1,1,value,3,0,1,0,0,0,,,,,0,19520911,0,NYC15,h,CHN,0,1,0,regular,y,y,
BRO195209240,branr103,BRO,1,1,value,3,0,0,0,0,0,,,,,0,19520924,0,NYC15,h,PHI,0,1,0,regular,y,y,
BRO195209280,branr103,BRO,1,1,value,6,0,0,0,0,0,,,,,0,19520928,0,NYC15,h,BSN,0,0,1,regular,y,y,
SLN195305140,branr103,BRO,1,1,value,6,0,1,0,1,0,,,,,0,19530514,0,STL07,v,SLN,0,1,0,regular,y,y,
CIN195305171,branr103,BRO,1,1,value,6,0,0,0,0,0,,,,,0,19530517,1,CIN07,v,CIN,0,1,0,regular,y,y,
BRO195306080,branr103,BRO,1,1,value,3,0,0,0,0,0,,,,,0,19530608,0,NYC15,h,CIN,0,1,0,regular,y,y,
SLN195306170,branr103,BRO,1,1,value,3,0,0,0,0,0,,,,,0,19530617,0,STL07,v,SLN,0,1,0,regular,y,y,
SLN195306180,branr103,BRO,1,1,value,9,0,1,0,0,0,,,,,0,19530618,0,STL07,v,SLN,0,1,0,regular,y,y,
CHN195306220,branr103,BRO,1,1,value,3,0,0,0,0,0,,,,,0,19530622,0,CHI11,v,CHN,0,1,0,regular,y,y,
NY1195307050,branr103,BRO,1,1,value,3,0,0,0,0,0,,,,,0,19530705,0,NYC14,v,NY1,0,1,0,regular,y,y,
DET195307122,branr103,DET,1,1,value,15,0,1,0,0,0,,,,,1,19530712,2,DET04,h,SLA,0,1,0,regular,y,y,
DET195307191,branr103,DET,1,1,value,27,0,1,0,0,0,,,,,1,19530719,1,DET04,h,PHA,1,0,0,regular,y,y,
DET195307250,branr103,DET,1,1,value,17,0,0,0,0,0,,,,,1,19530725,0,DET04,h,NYA,0,1,0,regular,y,y,
WS1195307280,branr103,DET,1,1,value,5,1,0,0,0,0,,,,,0,19530728,0,WAS09,v,WS1,1,0,0,regular,y,y,
BOS195307310,branr103,DET,1,1,value,27,0,1,0,0,0,,,,,1,19530731,0,BOS07,v,BOS,1,0,0,regular,y,y,
PHA195308070,branr103,DET,1,1,value,24,0,2,0,0,0,,,,,1,19530807,0,PHI11,v,PHA,0,1,0,regular,y,y,
PHA195308092,branr103,DET,1,1,value,3,0,0,0,0,0,,,,,0,19530809,2,PHI11,v,PHA,0,0,1,regular,y,y,
SLA195308120,branr103,DET,1,1,value,20,0,0,1,0,0,,,,,1,19530812,0,STL07,v,SLA,1,0,0,regular,y,y,
DET195308160,branr103,DET,1,1,value,27,1,1,0,0,0,,,,,1,19530816,0,DET04,h,CHA,1,0,0,regular,y,y,
CHA195308210,branr103,DET,1,1,value,21,1,1,0,0,0,,,,,1,19530821,0,CHI10,v,CHA,0,1,0,regular,y,y,
CHA195308232,branr103,DET,1,1,value,2,0,0,0,0,0,,,,,0,19530823,2,CHI10,v,CHA,0,1,0,regular,y,y,
DET195308270,branr103,DET,1,1,value,1,0,0,0,0,0,,,,,1,19530827,0,DET04,h,WS1,0,1,0,regular,y,y,
DET195308311,branr103,DET,1,1,value,15,1,0,0,0,0,,,,,1,19530831,1,DET04,h,PHA,1,0,0,regular,y,y,
SLA195309050,branr103,DET,1,1,value,33,1,0,0,0,0,,,,,1,19530905,0,STL07,v,SLA,0,1,0,regular,y,y,
PHA195309091,branr103,DET,1,1,value,27,1,0,0,0,0,,,,,1,19530909,1,PHI11,v,PHA,1,0,0,regular,y,y,
WS1195309140,branr103,DET,1,1,value,24,1,2,0,0,0,,,,,1,19530914,0,WAS09,v,WS1,0,1,0,regular,y,y,
DET195309202,branr103,DET,1,1,value,18,0,1,0,0,0,,,,,1,19530920,2,DET04,h,CLE,0,1,0,regular,y,y,
CLE195404150,branr103,DET,1,1,value,6,0,0,0,0,0,,,,,0,19540415,0,CLE07,v,CLE,1,0,0,regular,y,y,
DET195404200,branr103,DET,1,1,value,6,0,1,0,0,0,,,,,0,19540420,0,DET04,h,CHA,0,1,0,regular,y,y,
DET195404250,branr103,DET,1,1,value,3,0,0,0,0,0,,,,,0,19540425,0,DET04,h,CLE,0,1,0,regular,y,y,
WS1195404300,branr103,DET,1,1,value,9,0,0,0,0,0,,,,,0,19540430,0,WAS09,v,WS1,1,0,0,regular,y,y,
DET195405110,branr103,DET,1,1,value,14,0,0,0,0,0,,,,,1,19540511,0,DET04,h,WS1,0,1,0,regular,y,y,
DET195405162,branr103,DET,1,1,value,6,0,0,0,0,0,,,,,1,19540516,2,DET04,h,BOS,1,0,0,regular,y,y,
DET195405190,branr103,DET,1,1,value,4,0,0,0,0,0,,,,,1,19540519,0,DET04,h,PHA,1,0,0,regular,y,y,
CLE195405290,branr103,DET,1,1,value,17,0,1,0,0,0,,,,,0,19540529,0,CLE07,v,CLE,0,1,0,regular,y,y,
BAL195406010,branr103,DET,1,1,value,22,0,0,0,0,0,,,,,1,19540601,0,BAL11,v,BAL,1,0,0,regular,y,y,
BOS195406060,branr103,DET,1,1,value,10,0,0,0,0,0,,,,,1,19540606,0,BOS07,v,BOS,0,1,0,regular,y,y,
NYA195406100,branr103,DET,1,1,value,17,1,2,0,0,0,,,,,0,19540610,0,NYC16,v,NYA,0,1,0,regular,y,y,
PHA195406120,branr103,DET,1,1,value,3,0,0,0,0,0,,,,,0,19540612,0,PHI11,v,PHA,0,1,0,regular,y,y,
DET195406230,branr103,DET,1,1,value,2,0,0,0,0,0,,,,,0,19540623,0,DET04,h,NYA,0,1,0,regular,y,y,
DET195406270,branr103,DET,1,1,value,3,0,0,0,0,0,,,,,0,19540627,0,DET04,h,WS1,0,1,0,regular,y,y,
CHA195406292,branr103,DET,1,1,value,9,0,2,0,1,0,,,,,0,19540629,2,CHI10,v,CHA,0,1,0,regular,y,y,
BAL195407030,branr103,DET,1,1,value,3,0,0,0,0,0,,,,,0,19540703,0,BAL11,v,BAL,0,1,0,regular,y,y,
DET195407051,branr103,DET,1,1,value,2,0,0,0,0,0,,,,,0,19540705,1,DET04,h,CLE,0,1,0,regular,y,y,
CHA195407270,branr103,NYA,1,1,value,3,0,1,0,0,0,,,,,0,19540727,0,CHI10,v,CHA,0,1,0,regular,y,y,
BAL195408012,branr103,NYA,1,1,value,12,1,2,1,0,0,,,,,1,19540801,2,BAL11,v,BAL,1,0,0,regular,y,y,
NYA195408140,branr103,NYA,1,1,value,18,0,0,0,0,0,,,,,1,19540814,0,NYC16,h,BOS,1,0,0,regular,y,y,
BOS195408210,branr103,NYA,1,1,value,3,0,1,0,0,0,,,,,0,19540821,0,BOS07,v,BOS,0,1,0,regular,y,y,
WS1195409050,branr103,NYA,1,1,value,2,0,0,0,0,0,,,,,1,19540905,0,WAS09,v,WS1,0,1,0,regular,y,y,
BRO195609071,branr103,BRO,1,1,value,6,0,1,0,0,0,,,,,0,19560907,1,NYC15,h,NY1,0,1,0,regular,y,y,
