gid,team,inn1,inn2,inn3,inn4,inn5,inn6,inn7,inn8,inn9,inn10,inn11,inn12,inn13,inn14,inn15,inn16,inn17,inn18,inn19,inn20,inn21,inn22,inn23,inn24,inn25,inn26,inn27,inn28,lob,mgr,stattype,b_pa,b_ab,b_r,b_h,b_d,b_t,b_hr,b_rbi,b_sh,b_sf,b_hbp,b_w,b_iw,b_k,b_sb,b_cs,b_gdp,b_xi,b_roe,p_ipouts,p_noout,p_bfp,p_h,p_d,p_t,p_hr,p_r,p_er,p_w,p_iw,p_k,p_hbp,p_wp,p_bk,p_sh,p_sf,p_sb,p_cs,p_pb,d_po,d_a,d_e,d_dp,d_tp,d_pb,d_wp,d_sb,d_cs,start_l1,start_l2,start_l3,start_l4,start_l5,start_l6,start_l7,start_l8,start_l9,start_f1,start_f2,start_f3,start_f4,start_f5,start_f6,start_f7,start_f8,start_f9,start_f10,date,number,site,vishome,opp,win,loss,tie,gametype,box,pbp
KCM193705130,CAG,0,0,1,0,0,0,0,1,0,,,,,,,,,,,,,,,,,,,,13,taylj105,value,42,38,2,6,1,1,0,2,0,0,0,4,0,9,0,0,0,0,5,24,0,47,15,6,0,0,16,16,9,0,6,0,0,0,0,0,5,0,0,24,12,1,1,0,0,0,5,0,dunlh101,marsj104,bondt102,radca101,mccah102,reduw101,byass101,hardp102,powem104,powem104,hardp102,mccah102,marsj104,radca101,bondt102,reduw101,dunlh101,byass101,,19370513,0,SPR05,v,KCM,0,1,0,exhibition,y,d
KCM193705130,KCM,0,0,9,2,0,0,0,5,,,,,,,,,,,,,,,,,,,,,7,coopa101,value,47,38,16,15,6,0,0,13,0,0,0,9,0,6,5,0,0,0,0,27,0,42,6,1,1,0,2,2,4,0,9,0,1,0,0,0,0,0,0,27,16,5,0,0,0,1,0,0,milth101,dwige101,allen102,broww101,maywe101,brooj101,maysd101,duncf102,mcheh101,mcheh101,duncf102,maywe101,allen102,brooj101,broww101,milth101,dwige101,maysd101,,19370513,0,SPR05,h,CAG,1,0,0,exhibition,y,d
SSA193705270,MEM,0,0,0,0,0,1,1,3,0,,,,,,,,,,,,,,,,,,,,10,johnf105,value,42,34,5,12,0,1,1,5,1,0,0,7,0,4,5,1,1,0,0,27,0,36,9,3,2,0,4,4,2,0,6,0,0,0,0,0,1,2,0,27,13,0,0,0,0,0,1,2,gillp104,sandl101,fordj101,rogen101,taylr102,lyong102,smitb114,longr102,currg102,currg102,taylr102,lyong102,fordj101,smitb114,sandl101,gillp104,rogen101,longr102,,19370527,0,SPR05,v,SSA,1,0,0,regular,y,d
SSA193705270,SSA,0,1,0,0,0,1,0,0,2,,,,,,,,,,,,,,,,,,,,5,dismd101,value,36,34,4,9,3,2,0,4,0,0,0,2,0,6,1,2,0,0,0,27,0,42,12,0,1,1,5,5,7,0,4,0,1,1,1,0,5,1,0,27,15,3,2,0,0,1,5,1,pearl101,sparj102,hoskb101,cartb102,gilyl101,reedc101,edwat101,lamac101,burkj106,reedc101,edwat101,gilyl101,sparj102,cartb102,lamac101,pearl101,hoskb101,burkj106,,19370527,0,SPR05,h,MEM,0,1,0,regular,y,d
KCM193706250,MEM,3,0,5,0,0,0,0,0,0,,,,,,,,,,,,,,,,,,,,4,johnf105,value,39,35,8,5,2,2,0,,1,,0,3,,8,,,,,,24,,50,18,6,2,1,19,13,6,,1,1,3,1,0,,2,,,24,16,4,1,,,3,2,,madib101,maxwz101,fordj101,rogen101,longr102,lyong102,smitb114,sandl101,currg102,currg102,smitb114,lyong102,fordj101,maxwz101,sandl101,madib101,longr102,rogen101,,19370625,0,SPR05,v,KCM,0,1,0,regular,y,
KCM193706250,KCM,2,1,0,2,11,0,1,2,,,,,,,,,,,,,,,,,,,,,7,coopa101,value,50,43,19,18,6,2,1,,0,,1,6,,1,,,,,,27,,39,5,2,2,0,8,3,3,,8,0,2,1,1,,0,,,27,15,4,0,,,2,0,,milth101,dwige101,allen102,broww101,maywe101,brooj101,duncf102,johnm103,wilsl102,wilsl102,duncf102,maywe101,allen102,brooj101,johnm103,broww101,dwige101,milth101,,19370625,0,SPR05,h,MEM,1,0,0,regular,y,
KCM193808100,IN7,6,0,0,0,1,0,3,1,1,,,,,,,,,,,,,,,,,,,,5,mitcg101,value,44,33,12,11,1,0,1,10,2,0,2,7,0,12,0,1,0,0,0,25,0,43,17,5,2,2,13,13,2,0,9,0,0,0,0,0,0,0,1,25,12,2,1,0,1,0,0,0,lylej102,bradb107,trouq101,strot101,armob101,robib105,riddm101,taylr102,browj116,browj116,taylr102,strot101,riddm101,robib105,armob101,trouq101,lylej102,bradb107,,19380810,0,SPR05,v,KCM,0,1,0,regular,y,d
KCM193808100,KCM,2,1,1,0,5,0,0,0,4,,,,,,,,,,,,,,,,,,,,5,coopa101,value,43,41,13,17,5,2,2,13,0,0,0,2,0,9,0,0,1,0,0,27,0,44,11,1,0,1,12,9,7,0,12,2,0,0,2,0,0,1,0,27,10,3,1,0,0,0,0,1,bibbr101,milth101,allen102,steat101,broww101,oneib801,elseh101,johnm103,bradf104,bradf104,elseh101,oneib801,allen102,bibbr101,johnm103,broww101,steat101,milth101,,19380810,0,SPR05,h,IN7,1,0,0,regular,y,d
KCM193906050,SSA,,,,,,,,,,,,,,,,,,,,,,,,,,,,,,mitcg101,value,,,4,1,,,1,,,,,,,,,,,,,24,,,,,,,5,,,,,,,,,,,,,24,,0,,0,,,,,,,,,,,,,,,,,,,,,,,,19390605,0,SPR05,v,KCM,0,1,0,regular,,
KCM193906050,KCM,,,,,,,,2,,,,,,,,,,,,,,,,,,,,,,coopa101,value,,,5,,,,,,,,,,,,,,,,,27,,,1,,,1,4,,,,,,,,,,,,,27,,0,,0,,,,,,,,,,,,,,,,,,,,,,,,19390605,0,SPR05,h,SSA,1,0,0,regular,,
KCM193906150,MEM,0,0,1,0,0,0,0,2,0,,,,,,,,,,,,,,,,,,,,,radct101,value,,,3,,,,,,,,,,,,1,,,,,25,,,3,,2,1,5,,,,,,,,,1,,,,25,,0,,0,,,,,,,,,,,,,,forrp101,,,,,,,,,,19390615,0,SPR05,v,KCM,0,1,0,regular,,
KCM193906150,KCM,,,1,,,,,,3,,,,,,,,,,,,,,,,,,,,,coopa101,value,,,5,3,,2,1,,,1,,,,,,,,,,27,,,,,,,3,,,,,,1,,,,1,,,27,,2,,0,,1,1,,,,,,,,,,,coopa101,,,,,,,,,,19390615,0,SPR05,h,MEM,1,0,0,regular,,
KCM194105200,MEM,0,0,0,1,1,3,2,0,2,,,,,,,,,,,,,,,,,,,,8,radct101,value,44,40,9,12,0,1,0,6,0,0,0,4,0,,0,,,0,,27,,43,12,4,1,1,7,7,4,,,0,0,0,0,,2,,0,27,15,1,2,0,0,0,2,,hydec101,bankf101,cartm101,robin101,byass101,taylj106,longr102,browt105,mathv101,mathv101,byass101,taylj106,cartm101,bankf101,browt105,longr102,robin101,hydec101,,19410520,0,SPR05,v,KCM,1,0,0,regular,y,
KCM194105200,KCM,0,3,0,0,3,0,0,1,0,,,,,,,,,,,,,,,,,,,,9,allen102,value,43,39,7,12,4,1,1,6,0,,0,4,,,2,,,0,,27,,44,12,0,0,0,9,5,4,0,,0,0,0,0,0,0,,0,27,,3,1,0,0,0,0,,simmw101,allen102,bibbr101,duncf102,broww101,strot101,oneib801,sneas101,smith111,smith111,duncf102,oneib801,bibbr101,strot101,allen102,broww101,broww101,sneas101,,19410520,0,SPR05,h,MEM,0,1,0,regular,y,
