gid,team,inn1,inn2,inn3,inn4,inn5,inn6,inn7,inn8,inn9,inn10,inn11,inn12,inn13,inn14,inn15,inn16,inn17,inn18,inn19,inn20,inn21,inn22,inn23,inn24,inn25,inn26,inn27,inn28,lob,mgr,stattype,b_pa,b_ab,b_r,b_h,b_d,b_t,b_hr,b_rbi,b_sh,b_sf,b_hbp,b_w,b_iw,b_k,b_sb,b_cs,b_gdp,b_xi,b_roe,p_ipouts,p_noout,p_bfp,p_h,p_d,p_t,p_hr,p_r,p_er,p_w,p_iw,p_k,p_hbp,p_wp,p_bk,p_sh,p_sf,p_sb,p_cs,p_pb,d_po,d_a,d_e,d_dp,d_tp,d_pb,d_wp,d_sb,d_cs,start_l1,start_l2,start_l3,start_l4,start_l5,start_l6,start_l7,start_l8,start_l9,start_f1,start_f2,start_f3,start_f4,start_f5,start_f6,start_f7,start_f8,start_f9,start_f10,date,number,site,vishome,opp,win,loss,tie,gametype,box,pbp
SAS194010010,NAS,0,0,0,1,0,0,0,0,1,,,,,,,,,,,,,,,,,,,,12,snowf101,value,41,35,2,9,0,1,0,2,0,0,0,6,0,11,2,,,0,,27,,35,4,0,0,0,1,1,6,0,7,1,0,0,1,0,0,,0,27,14,1,1,0,0,0,0,,kimbh102,buttt102,hughs101,speah101,moorr104,currg102,biotc101,mackb102,adame101,adame101,mackb102,moorr104,hughs101,speah101,buttt102,kimbh102,biotc101,currg102,,19401001,0,NOL01,v,SAS,1,0,0,allstar,y,
SAS194010010,SAS,0,0,0,0,0,0,1,0,0,,,,,,,,,,,,,,,,,,,,7,mitcg101,value,35,27,1,4,1,0,0,1,1,0,1,6,0,7,0,,,0,,27,,41,9,0,0,0,2,2,6,0,11,0,0,0,0,0,2,,2,27,,,1,0,2,0,2,,greel102,woodp104,lylej102,maywe101,bennb101,riddm101,hornb101,decul101,smite111,smite111,decul101,maywe101,riddm101,woodp104,hornb101,bennb101,greel102,lylej102,,19401001,0,NOL01,h,NAS,0,1,0,allstar,y,
AST194010041,NAS,0,0,0,0,4,1,3,,,,,,,,,,,,,,,,,,,,,,6,snowf101,value,35,28,8,7,0,0,0,5,0,,0,7,,2,0,,,,,21,,27,4,1,1,0,0,0,2,,4,1,0,0,0,,0,,0,21,7,0,1,0,0,0,0,,kimbh102,buttt102,hughs101,speah101,moorr104,currg102,biotc101,mackb102,browj112,browj112,mackb102,moorr104,hughs101,speah101,buttt102,kimbh102,biotc101,currg102,,19401004,1,NOL01,v,AST,1,0,0,allstar,y,
AST194010041,AST,0,0,0,0,0,0,0,,,,,,,,,,,,,,,,,,,,,,6,taylj105,value,27,24,0,4,1,1,0,0,0,,1,2,,4,0,,,,,21,,35,7,0,0,0,8,,7,,2,0,0,0,0,,0,,0,21,10,3,0,0,0,0,0,,whatd101,hardp102,bostl102,smite112,westj102,andrj104,burts101,nixow102,jessg101,jessg101,hardp102,westj102,burts101,nixow102,bostl102,smite112,andrj104,whatd101,,19401004,1,NOL01,h,NAS,0,1,0,allstar,y,
SAS194010042,NAS,0,0,0,0,1,0,1,,,,,,,,,,,,,,,,,,,,,,,snowf101,value,,,2,5,,,,,,,,,,,,,,,,18,,,5,,,,4,,,,,,,,,,,,,18,,2,,0,,,,,,,,,,,,,,snowf101,mackb102,,,,,,,,,19401004,2,NOL01,v,SAS,0,1,0,allstar,,
SAS194010042,SAS,0,1,1,2,0,0,,,,,,,,,,,,,,,,,,,,,,,,mitcg101,value,,,4,5,,,,,,,,,,,,,,,,21,,,5,,,,2,,,,,,,,,,,,,21,,1,,0,,,,,,,,,,,,,,smite111,hardp102,,,,,,,,,19401004,2,NOL01,h,NAS,1,0,0,allstar,,
