gid,id,team,b_lp,b_seq,stattype,b_pa,b_ab,b_r,b_h,b_d,b_t,b_hr,b_rbi,b_sh,b_sf,b_hbp,b_w,b_iw,b_k,b_sb,b_cs,b_gdp,b_xi,b_roe,dh,ph,pr,date,number,site,vishome,opp,win,loss,tie,gametype,box,pbp
MLS194310170,brewc102,KCR,,,value,,,,,,,,,,,,,,,,,,,,,,,19431017,0,LGB01,v,MLS,1,0,0,exhibition,,
MLS194310170,broww101,KCR,,,value,,,,1,,,,1,,,,,,,,,,,,,,,19431017,0,LGB01,v,MLS,1,0,0,exhibition,,
MLS194310170,dandr101,KCR,,,value,,,1,1,1,,,0,,,,,,,,,,,,,,,19431017,0,LGB01,v,MLS,1,0,0,exhibition,,
MLS194310170,mackb102,KCR,,,value,,,,,,,,,,,,,,,,,,,,,,,19431017,0,LGB01,v,MLS,1,0,0,exhibition,,
MLS194310170,matcj101,KCR,,,value,,,,,,,,,,,,,,,,,,,,,,,19431017,0,LGB01,v,MLS,1,0,0,exhibition,,
MLS194310170,mcdut101,KCR,,,value,,,,,,,,,,,,,,,,,,,,,,,19431017,0,LGB01,v,MLS,1,0,0,exhibition,,
MLS194310170,wrigb104,KCR,,,value,4,4,1,3,2,1,,1,,,,,,,,,,,,,,,19431017,0,LGB01,v,MLS,1,0,0,exhibition,,
MLS194310170,clapu101,MLS,,,value,,,,,,,,,,,,,,,,,,,,,,,19431017,0,LGB01,h,KCR,0,1,0,exhibition,,
MLS194310170,olsew101,MLS,,,value,,,,,,,,,,,,,,,,,,,,,,,19431017,0,LGB01,h,KCR,0,1,0,exhibition,,
KCR194311050,lowrp101,MLS,1,1,value,4,4,1,0,0,0,0,0,0,0,0,0,0,,0,0,0,0,1,,,,19431105,0,LOS02,v,KCR,1,0,0,exhibition,y,d
KCR194311050,sturb101,MLS,2,1,value,4,4,0,1,0,0,0,0,0,0,0,0,0,,0,0,0,0,0,,,,19431105,0,LOS02,v,KCR,1,0,0,exhibition,y,d
KCR194311050,pridj101,MLS,3,1,value,4,3,1,1,0,1,0,3,0,0,0,1,0,,0,0,0,0,0,,,,19431105,0,LOS02,v,KCR,1,0,0,exhibition,y,d
KCR194311050,metkg101,MLS,4,1,value,4,3,0,0,0,0,0,0,0,0,0,1,0,,0,0,0,0,1,,,,19431105,0,LOS02,v,KCR,1,0,0,exhibition,y,d
KCR194311050,stepv101,MLS,5,1,value,2,2,0,0,0,0,0,0,0,0,0,0,0,,0,0,0,0,0,,,,19431105,0,LOS02,v,KCR,1,0,0,exhibition,y,d
KCR194311050,buzaj101,MLS,5,2,value,2,2,0,0,0,0,0,0,0,0,0,0,0,,0,0,1,0,0,,,,19431105,0,LOS02,v,KCR,1,0,0,exhibition,y,d
KCR194311050,prouw101,MLS,6,1,value,4,3,0,0,0,0,0,0,0,0,0,1,0,,0,0,0,0,0,,,,19431105,0,LOS02,v,KCR,1,0,0,exhibition,y,d
KCR194311050,zaria101,MLS,7,1,value,3,3,1,1,0,0,0,0,0,0,0,0,0,,0,0,1,0,0,,,,19431105,0,LOS02,v,KCR,1,0,0,exhibition,y,d
KCR194311050,gerru101,MLS,7,2,value,1,1,0,0,0,0,0,0,0,0,0,0,0,,0,0,0,0,0,,,,19431105,0,LOS02,v,KCR,1,0,0,exhibition,y,d
KCR194311050,maloe101,MLS,8,1,value,4,3,0,0,0,0,0,0,0,0,0,1,0,,0,0,0,0,0,,,,19431105,0,LOS02,v,KCR,1,0,0,exhibition,y,d
KCR194311050,newsb101,MLS,9,1,value,0,0,0,0,0,0,0,0,0,0,0,0,0,,0,0,0,0,0,,,,19431105,0,LOS02,v,KCR,1,0,0,exhibition,y,d
KCR194311050,salvj101,MLS,9,2,value,3,2,1,1,0,0,0,0,0,0,0,1,0,,0,0,0,0,0,,,,19431105,0,LOS02,v,KCR,1,0,0,exhibition,y,d
KCR194311050,castg101,MLS,9,3,value,1,1,0,0,0,0,0,0,0,0,0,0,0,,0,0,0,0,0,,,,19431105,0,LOS02,v,KCR,1,0,0,exhibition,y,d
KCR194311050,simmw101,KCR,1,1,value,4,4,1,1,0,0,0,0,0,0,0,0,0,,0,0,0,0,0,,,,19431105,0,LOS02,h,MLS,0,1,0,exhibition,y,d
KCR194311050,easth104,KCR,2,1,value,4,4,1,1,0,0,0,0,0,0,0,0,0,,0,0,0,0,0,,,,19431105,0,LOS02,h,MLS,0,1,0,exhibition,y,d
KCR194311050,wrigb104,KCR,3,1,value,4,3,0,1,0,0,0,0,1,0,0,0,0,,0,0,0,0,0,,,,19431105,0,LOS02,h,MLS,0,1,0,exhibition,y,d
KCR194311050,broww101,KCR,4,1,value,4,4,0,2,1,0,0,2,0,0,0,0,0,,0,1,0,0,0,,,,19431105,0,LOS02,h,MLS,0,1,0,exhibition,y,d
KCR194311050,trouq101,KCR,5,1,value,4,3,0,0,0,0,0,0,0,0,0,1,0,,0,0,0,0,0,,,,19431105,0,LOS02,h,MLS,0,1,0,exhibition,y,d
KCR194311050,leonb101,KCR,6,1,value,3,3,0,1,0,0,0,0,0,0,0,0,0,,0,0,1,0,0,,,,19431105,0,LOS02,h,MLS,0,1,0,exhibition,y,d
KCR194311050,serrb101,KCR,7,1,value,3,3,0,1,0,0,0,0,0,0,0,0,0,,0,0,0,0,0,,,,19431105,0,LOS02,h,MLS,0,1,0,exhibition,y,d
KCR194311050,speac103,KCR,8,1,value,3,3,0,0,0,0,0,0,0,0,0,0,0,,0,0,1,0,0,,,,19431105,0,LOS02,h,MLS,0,1,0,exhibition,y,d
KCR194311050,mcdut101,KCR,9,1,value,1,0,0,0,0,0,0,0,0,0,0,1,0,,0,0,0,0,0,,,,19431105,0,LOS02,h,MLS,0,1,0,exhibition,y,d
KCR194311050,matcj101,KCR,9,2,value,1,1,0,1,0,0,0,0,0,0,0,0,0,,0,0,0,0,0,,,,19431105,0,LOS02,h,MLS,0,1,0,exhibition,y,d
KCR194311050,brewc102,KCR,9,3,value,1,1,0,0,0,0,0,0,0,0,0,0,0,,0,0,0,0,0,,,,19431105,0,LOS02,h,MLS,0,1,0,exhibition,y,d
KCR194311110,newss101,WPS,1,1,value,4,4,0,0,0,0,0,0,0,0,0,0,0,,0,0,0,0,0,,,,19431111,0,LOS02,v,KCR,0,1,0,exhibition,y,d
KCR194311110,zaria101,WPS,2,1,value,4,3,0,1,0,0,0,0,0,0,0,1,0,,0,0,0,0,0,,,,19431111,0,LOS02,v,KCR,0,1,0,exhibition,y,d
KCR194311110,novil101,WPS,3,1,value,4,4,0,0,0,0,0,0,0,0,0,0,0,,0,0,0,0,0,,,,19431111,0,LOS02,v,KCR,0,1,0,exhibition,y,d
KCR194311110,lindj101,WPS,4,1,value,4,4,0,1,0,0,0,0,0,0,0,0,0,,0,0,0,0,0,,,,19431111,0,LOS02,v,KCR,0,1,0,exhibition,y,d
KCR194311110,stepv101,WPS,5,1,value,3,3,0,1,0,0,0,0,0,0,0,0,0,1,0,0,0,0,0,,,,19431111,0,LOS02,v,KCR,0,1,0,exhibition,y,d
KCR194311110,mesns101,WPS,6,1,value,3,3,1,1,0,0,0,0,0,0,0,0,0,,0,0,0,0,0,,,,19431111,0,LOS02,v,KCR,0,1,0,exhibition,y,d
KCR194311110,mcqug101,WPS,7,1,value,3,3,0,1,1,0,0,1,0,0,0,0,0,,0,0,0,0,0,,,,19431111,0,LOS02,v,KCR,0,1,0,exhibition,y,d
KCR194311110,campg101,WPS,8,1,value,3,3,0,0,0,0,0,0,0,0,0,0,0,,0,0,0,0,0,,,,19431111,0,LOS02,v,KCR,0,1,0,exhibition,y,d
KCR194311110,florj101,WPS,9,1,value,2,2,0,0,0,0,0,0,0,0,0,0,0,,0,0,0,0,0,,,,19431111,0,LOS02,v,KCR,0,1,0,exhibition,y,d
KCR194311110,seinb101,WPS,9,2,value,1,1,0,0,0,0,0,0,0,0,0,0,0,,0,0,0,0,0,,,,19431111,0,LOS02,v,KCR,0,1,0,exhibition,y,d
KCR194311110,simmw101,KCR,1,1,value,4,4,1,0,0,0,0,0,0,0,0,0,0,,0,0,0,0,0,,,,19431111,0,LOS02,h,WPS,1,0,0,exhibition,y,d
KCR194311110,easth104,KCR,2,1,value,4,4,1,2,0,0,0,0,0,0,0,0,0,,1,0,0,0,0,,,,19431111,0,LOS02,h,WPS,1,0,0,exhibition,y,d
KCR194311110,wrigb104,KCR,3,1,value,4,4,1,1,0,0,0,1,0,0,0,0,0,,0,0,0,0,0,,,,19431111,0,LOS02,h,WPS,1,0,0,exhibition,y,d
KCR194311110,broww101,KCR,4,1,value,4,4,1,2,0,1,0,2,0,0,0,0,0,,1,0,0,0,0,,,,19431111,0,LOS02,h,WPS,1,0,0,exhibition,y,d
KCR194311110,trouq101,KCR,5,1,value,4,4,0,1,1,0,0,1,0,0,0,0,0,,0,0,0,0,0,,,,19431111,0,LOS02,h,WPS,1,0,0,exhibition,y,d
KCR194311110,leonb101,KCR,6,1,value,4,3,0,1,0,0,0,0,0,0,0,1,0,,0,0,0,0,0,,,,19431111,0,LOS02,h,WPS,1,0,0,exhibition,y,d
KCR194311110,serrb101,KCR,7,1,value,3,3,0,0,0,0,0,0,0,0,0,0,0,,0,0,0,0,0,,,,19431111,0,LOS02,h,WPS,1,0,0,exhibition,y,d
KCR194311110,speac103,KCR,8,1,value,3,3,0,1,0,0,0,0,0,0,0,0,0,,0,1,0,0,0,,,,19431111,0,LOS02,h,WPS,1,0,0,exhibition,y,d
KCR194311110,mcdut101,KCR,9,1,value,3,3,0,1,0,0,0,0,0,0,0,0,0,,0,0,0,0,0,,,,19431111,0,LOS02,h,WPS,1,0,0,exhibition,y,d
KCR194311141,maloe101,MLS,,,value,,,,,,,,,,,,,,,,,,,,,,,19431114,1,LOS02,v,KCR,1,0,0,exhibition,,
KCR194311141,olsew101,MLS,,,value,,,,,,,,,,,,,,,,,,,,,,,19431114,1,LOS02,v,KCR,1,0,0,exhibition,,
KCR194311141,matcj101,KCR,,,value,,,,,,,,,,,,,,,,,,,,,,,19431114,1,LOS02,h,MLS,0,1,0,exhibition,,
KCR194311141,trouq101,KCR,,,value,,,,,,,,,,,,,,,,,,,,,,,19431114,1,LOS02,h,MLS,0,1,0,exhibition,,
KCR194311142,dawsb101,MLS,,,value,,,,,,,,,,,,,,,,,,,,,,,19431114,2,LOS02,v,KCR,1,0,0,exhibition,,
KCR194311142,seinb101,MLS,,,value,,,,,,,,,,,,,,,,,,,,,,,19431114,2,LOS02,v,KCR,1,0,0,exhibition,,
KCR194311142,brewc102,KCR,,,value,,,0,,,,0,0,,,,,,,,,,,,,,,19431114,2,LOS02,h,MLS,0,1,0,exhibition,,
KCR194311142,trouq101,KCR,,,value,,,0,,,,0,0,,,,,,,,,,,,,,,19431114,2,LOS02,h,MLS,0,1,0,exhibition,,
MLS194410110,simmw101,KCR,1,1,value,5,3,2,1,0,0,0,0,0,0,0,2,0,0,0,1,0,0,1,,,,19441011,0,LOS02,v,MLS,0,1,0,exhibition,y,d
MLS194410110,willj111,KCR,2,1,value,4,4,0,3,1,0,0,1,0,0,0,0,0,0,0,0,0,0,0,,,,19441011,0,LOS02,v,MLS,0,1,0,exhibition,y,d
MLS194410110,serrb101,KCR,3,1,value,4,4,1,0,0,0,0,0,0,0,0,0,0,0,0,0,0,0,0,,,,19441011,0,LOS02,v,MLS,0,1,0,exhibition,y,d
MLS194410110,marcz101,KCR,4,1,value,1,1,0,0,0,0,0,0,0,0,0,0,0,0,0,0,0,0,0,,,,19441011,0,LOS02,v,MLS,0,1,0,exhibition,y,d
MLS194410110,wilsa101,KCR,4,2,value,0,0,0,0,0,0,0,0,0,0,0,0,0,0,0,0,0,0,0,,,,19441011,0,LOS02,v,MLS,0,1,0,exhibition,y,d
MLS194410110,dandr101,KCR,4,3,value,3,2,1,1,0,0,0,1,0,0,0,1,0,0,1,0,0,0,0,,1,,19441011,0,LOS02,v,MLS,0,1,0,exhibition,y,d
MLS194410110,banks101,KCR,5,1,value,4,4,0,1,0,0,0,1,0,0,0,0,0,0,0,0,1,0,0,,,,19441011,0,LOS02,v,MLS,0,1,0,exhibition,y,d
MLS194410110,benjj101,KCR,6,1,value,4,4,0,0,0,0,0,0,0,0,0,0,0,0,0,0,0,0,0,,,,19441011,0,LOS02,v,MLS,0,1,0,exhibition,y,d
MLS194410110,jonec109,KCR,7,1,value,0,0,0,0,0,0,0,0,0,0,0,0,0,0,0,0,0,0,0,,,,19441011,0,LOS02,v,MLS,0,1,0,exhibition,y,d
MLS194410110,bellj103,KCR,7,2,value,4,4,0,2,1,0,0,0,0,0,0,0,0,0,0,1,0,0,0,,1,,19441011,0,LOS02,v,MLS,0,1,0,exhibition,y,d
MLS194410110,bassp101,KCR,8,1,value,2,2,0,0,0,0,0,0,0,0,0,0,0,0,0,0,0,0,0,,,,19441011,0,LOS02,v,MLS,0,1,0,exhibition,y,d
MLS194410110,mackb102,KCR,8,2,value,2,2,0,0,0,0,0,0,0,0,0,0,0,0,0,0,0,0,0,,1,,19441011,0,LOS02,v,MLS,0,1,0,exhibition,y,d
MLS194410110,smith111,KCR,9,1,value,2,2,0,0,0,0,0,0,0,0,0,0,0,0,0,0,0,0,0,,,,19441011,0,LOS02,v,MLS,0,1,0,exhibition,y,d
MLS194410110,brewc102,KCR,9,2,value,2,1,0,0,0,0,0,0,0,0,0,1,0,0,0,0,0,0,0,,,,19441011,0,LOS02,v,MLS,0,1,0,exhibition,y,d
MLS194410110,coscp101,MLS,1,1,value,5,4,0,1,0,0,0,0,0,0,0,1,0,0,1,0,0,0,0,,,,19441011,0,LOS02,h,KCR,1,0,0,exhibition,y,d
MLS194410110,metkg101,MLS,2,1,value,5,4,1,2,0,2,0,0,0,0,1,0,0,0,0,0,0,0,0,,,,19441011,0,LOS02,h,KCR,1,0,0,exhibition,y,d
MLS194410110,dahlb101,MLS,3,1,value,5,5,0,0,0,0,0,0,0,0,0,0,0,0,0,0,0,0,0,,,,19441011,0,LOS02,h,KCR,1,0,0,exhibition,y,d
MLS194410110,ellib103,MLS,4,1,value,5,4,0,1,0,0,0,1,0,0,0,1,0,0,0,0,0,0,0,,,,19441011,0,LOS02,h,KCR,1,0,0,exhibition,y,d
MLS194410110,dimav101,MLS,5,1,value,5,4,2,1,0,0,0,0,0,0,0,1,0,0,0,0,0,0,1,,,,19441011,0,LOS02,h,KCR,1,0,0,exhibition,y,d
MLS194410110,lowrp101,MLS,6,1,value,5,5,1,3,0,0,0,0,0,0,0,0,0,0,0,0,0,0,1,,,,19441011,0,LOS02,h,KCR,1,0,0,exhibition,y,d
MLS194410110,johnd101,MLS,7,1,value,4,4,1,1,0,0,0,1,0,0,0,0,0,0,0,0,1,0,0,,,,19441011,0,LOS02,h,KCR,1,0,0,exhibition,y,d
MLS194410110,partr101,MLS,8,1,value,4,3,0,1,0,0,0,2,0,0,0,1,0,0,0,0,0,0,0,,,,19441011,0,LOS02,h,KCR,1,0,0,exhibition,y,d
MLS194410110,barrr101,MLS,9,1,value,4,3,0,1,0,0,0,0,1,0,0,0,0,0,0,0,0,0,0,,,,19441011,0,LOS02,h,KCR,1,0,0,exhibition,y,d
KCR194410180,bellj103,BIR,1,1,value,5,5,2,4,0,0,0,0,0,,0,0,0,,0,,,0,,,,,19441018,0,LOS02,v,KCR,1,0,0,exhibition,y,
KCR194410180,dougj102,BIR,1,2,value,0,0,0,0,0,0,0,0,0,,0,0,0,,0,,,0,,,,,19441018,0,LOS02,v,KCR,1,0,0,exhibition,y,
KCR194410180,benjj101,BIR,2,1,value,5,3,1,1,0,0,0,0,1,,1,0,0,,0,,,0,,,,,19441018,0,LOS02,v,KCR,1,0,0,exhibition,y,
KCR194410180,wilsa101,BIR,3,1,value,5,3,2,2,0,0,0,0,2,,0,0,0,,0,,,0,,,,,19441018,0,LOS02,v,KCR,1,0,0,exhibition,y,
KCR194410180,banks101,BIR,4,1,value,5,2,0,0,0,0,0,1,0,,0,3,,,0,,,0,,,,,19441018,0,LOS02,v,KCR,1,0,0,exhibition,y,
KCR194410180,willh105,BIR,5,1,value,5,5,0,1,0,0,0,3,0,,0,0,0,,0,,,0,,,,,19441018,0,LOS02,v,KCR,1,0,0,exhibition,y,
KCR194410180,davip102,BIR,6,1,value,4,4,1,2,1,0,0,0,0,,0,0,0,,0,,,0,,,,,19441018,0,LOS02,v,KCR,1,0,0,exhibition,y,
KCR194410180,britj104,BIR,7,1,value,4,4,0,0,0,0,0,0,0,,0,0,0,,0,,,0,,,,,19441018,0,LOS02,v,KCR,1,0,0,exhibition,y,
KCR194410180,loudl101,BIR,8,1,value,4,4,0,1,1,0,0,1,0,,0,0,0,,0,,,0,,,,,19441018,0,LOS02,v,KCR,1,0,0,exhibition,y,
KCR194410180,mcdab101,BIR,9,1,value,4,4,0,0,0,0,0,0,0,,0,0,0,,0,,,0,,,,,19441018,0,LOS02,v,KCR,1,0,0,exhibition,y,
KCR194410180,simmw101,KCR,1,1,value,4,3,1,1,0,0,0,0,0,,0,1,,,0,,,0,,,,,19441018,0,LOS02,h,BIR,0,1,0,exhibition,y,
KCR194410180,serrb101,KCR,2,1,value,4,3,1,2,0,0,0,0,1,,0,0,0,,0,,,0,,,,,19441018,0,LOS02,h,BIR,0,1,0,exhibition,y,
KCR194410180,wellw101,KCR,3,1,value,4,3,0,0,0,0,0,0,0,,0,1,,,0,,,0,,,,,19441018,0,LOS02,h,BIR,0,1,0,exhibition,y,
KCR194410180,dandr101,KCR,4,1,value,4,4,0,1,0,0,0,0,0,,0,0,0,,0,,,0,,,,,19441018,0,LOS02,h,BIR,0,1,0,exhibition,y,
KCR194410180,wrigb104,KCR,5,1,value,4,4,0,1,1,0,0,2,0,,0,0,0,,0,,,0,,,,,19441018,0,LOS02,h,BIR,0,1,0,exhibition,y,
KCR194410180,willj111,KCR,6,1,value,4,4,0,1,0,0,0,0,0,,0,0,0,,0,,,0,,,,,19441018,0,LOS02,h,BIR,0,1,0,exhibition,y,
KCR194410180,smitt105,KCR,7,1,value,4,4,0,0,0,0,0,0,0,,0,0,0,,1,,,0,,,,,19441018,0,LOS02,h,BIR,0,1,0,exhibition,y,
KCR194410180,smith111,KCR,8,1,value,1,1,0,0,0,0,0,0,0,,0,0,0,,0,,,0,,,,,19441018,0,LOS02,h,BIR,0,1,0,exhibition,y,
KCR194410180,brewc102,KCR,8,2,value,2,2,0,0,0,0,0,0,0,,0,0,0,,0,,,0,,,,,19441018,0,LOS02,h,BIR,0,1,0,exhibition,y,
KCR194410180,moren101,KCR,8,3,value,0,0,0,0,0,0,0,0,0,,0,0,0,,0,,,0,,,,,19441018,0,LOS02,h,BIR,0,1,0,exhibition,y,
KCR194410180,bassp101,KCR,9,1,value,1,1,0,0,0,0,0,0,0,,0,0,0,,0,,,0,,,,,19441018,0,LOS02,h,BIR,0,1,0,exhibition,y,
KCR194410180,mackb102,KCR,9,2,value,2,2,0,2,0,0,0,0,0,,0,0,0,,0,,,0,,,,,19441018,0,LOS02,h,BIR,0,1,0,exhibition,y,
KCR194410221,camec101,MLS,,,value,,,,,,,,,,,,,,,,,,,,,,,19441022,1,LOS05,v,KCR,0,1,0,exhibition,,
KCR194410221,paepj101,MLS,,,value,,,,,,,,,,,,,,,,,,,,,,,19441022,1,LOS05,v,KCR,0,1,0,exhibition,,
KCR194410221,mackb102,KCR,,,value,,,,,,,,,,,,,,,,,,,,,,,19441022,1,LOS05,h,MLS,1,0,0,exhibition,,
KCR194410221,smith111,KCR,,,value,,,,,,,,,,,,,,,,,,,,,,,19441022,1,LOS05,h,MLS,1,0,0,exhibition,,
MLS194410222,bassp101,KCR,,,value,,,,,,,,,,,,,,,,,,,,,,,19441022,2,LOS05,v,MLS,1,0,0,exhibition,,
MLS194410222,mackb102,KCR,,,value,,,,,,,,,,,,,,,,,,,,,,,19441022,2,LOS05,v,MLS,1,0,0,exhibition,,
MLS194410222,burnu101,MLS,,,value,,,,,,,,,,,,,,,,,,,,,,,19441022,2,LOS05,h,KCR,0,1,0,exhibition,,
MLS194410222,greku101,MLS,,,value,,,,,,,,,,,,,,,,,,,,,,,19441022,2,LOS05,h,KCR,0,1,0,exhibition,,
KCR194410250,mcdab101,BIR,,,value,,,,,,,,,,,,,,,,,,,,,,,19441025,0,LOS02,v,KCR,0,1,0,exhibition,,
KCR194410250,brewc102,KCR,,,value,,,,,,,,,,,,,,,,,,,,,,,19441025,0,LOS02,h,BIR,1,0,0,exhibition,,
KCR194410250,mackb102,KCR,,,value,,,1,1,,,,,,,,,,,,,,,,,,,19441025,0,LOS02,h,BIR,1,0,0,exhibition,,
KCR194410250,willj111,KCR,,,value,,,,1,,,,1,,,,,,,,,,,,,,,19441025,0,LOS02,h,BIR,1,0,0,exhibition,,
KCR194410250,wrigb104,KCR,,,value,,,1,1,,,,,,,,,,,,,,,,,,,19441025,0,LOS02,h,BIR,1,0,0,exhibition,,
KCR194411010,loudl101,BIR,,,value,,,,,,,,,,,,,,,,,,,,,,,19441101,0,LOS02,v,KCR,0,0,1,exhibition,,
KCR194411010,markj101,BIR,,,value,,,,,,,,,,,,,,,,,,,,,,,19441101,0,LOS02,v,KCR,0,0,1,exhibition,,
KCR194411010,mcdab101,BIR,,,value,,,,,,,,,,,,,,,,,,,,,,,19441101,0,LOS02,v,KCR,0,0,1,exhibition,,
KCR194411010,sayla101,BIR,,,value,,,,,,,,,,,,,,,,,,,,,,,19441101,0,LOS02,v,KCR,0,0,1,exhibition,,
KCR194411010,bassp101,KCR,,,value,,,,,,,,,,,,,,,,,,,,,,,19441101,0,LOS02,h,BIR,0,0,1,exhibition,,
KCR194411010,brewc102,KCR,,,value,,,,,,,,,,,,,,,,,,,,,,,19441101,0,LOS02,h,BIR,0,0,1,exhibition,,
KCR194411010,mackb102,KCR,,,value,,,,,,,,,,,,,,,,,,,,,,,19441101,0,LOS02,h,BIR,0,0,1,exhibition,,
KCR194411010,moren101,KCR,,,value,,,,,,,,,,,,,,,,,,,,,,,19441101,0,LOS02,h,BIR,0,0,1,exhibition,,
KCR194411080,banks101,BIR,,,value,4,4,1,3,,1,,,,,,,,,,,,,,,,,19441108,0,LOS02,v,KCR,1,0,0,exhibition,,
KCR194411080,loudl101,BIR,,,value,,,,,,,,,,,,,,,,,,,,,,,19441108,0,LOS02,v,KCR,1,0,0,exhibition,,
KCR194411080,markj101,BIR,,,value,,,,,,,,,,,,,,,,,,,,,,,19441108,0,LOS02,v,KCR,1,0,0,exhibition,,
KCR194411080,willh105,BIR,,,value,,,,1,,,,1,,,,,,,,,,,,,,,19441108,0,LOS02,v,KCR,1,0,0,exhibition,,
KCR194411080,bassp101,KCR,,,value,,,,,,,,,,,,,,,,,,,,,,,19441108,0,LOS02,h,BIR,0,1,0,exhibition,,
KCR194411080,mackb102,KCR,,,value,,,,,,,,,,,,,,,,,,,,,,,19441108,0,LOS02,h,BIR,0,1,0,exhibition,,
KCR194411080,smith111,KCR,,,value,,,,,,,,,,,,,,,,,,,,,,,19441108,0,LOS02,h,BIR,0,1,0,exhibition,,
PRK194509260,soueh101,KCR,1,1,value,4,4,0,0,0,0,0,0,0,0,0,0,0,,0,0,0,0,0,,,,19450926,0,SAN03,v,PRK,0,1,0,exhibition,y,d
PRK194509260,willj111,KCR,2,1,value,4,4,1,1,0,0,0,0,0,0,0,0,0,,0,0,0,0,0,,,,19450926,0,SAN03,v,PRK,0,1,0,exhibition,y,d
PRK194509260,wrigb104,KCR,3,1,value,4,4,1,2,1,0,0,1,0,0,0,0,0,,0,0,0,0,0,,,,19450926,0,SAN03,v,PRK,0,1,0,exhibition,y,d
PRK194509260,robij103,KCR,4,1,value,4,4,0,0,0,0,0,0,0,0,0,0,0,,0,0,0,0,0,,,,19450926,0,SAN03,v,PRK,0,1,0,exhibition,y,d
PRK194509260,renfc101,KCR,5,1,value,4,4,0,1,0,0,0,1,0,0,0,0,0,,0,0,0,0,0,,,,19450926,0,SAN03,v,PRK,0,1,0,exhibition,y,d
PRK194509260,aberr101,KCR,6,1,value,4,4,0,1,0,0,0,0,0,0,0,0,0,,0,0,0,0,0,,,,19450926,0,SAN03,v,PRK,0,1,0,exhibition,y,d
PRK194509260,marcz101,KCR,7,1,value,3,3,0,0,0,0,0,0,0,0,0,0,0,,0,0,0,0,0,,,,19450926,0,SAN03,v,PRK,0,1,0,exhibition,y,d
PRK194509260,moren101,KCR,7,2,value,1,1,0,0,0,0,0,0,0,0,0,0,0,,0,0,0,0,0,,1,,19450926,0,SAN03,v,PRK,0,1,0,exhibition,y,d
PRK194509260,haywb102,KCR,8,1,value,3,3,0,0,0,0,0,0,0,0,0,0,0,,0,0,0,0,0,,,,19450926,0,SAN03,v,PRK,0,1,0,exhibition,y,d
PRK194509260,willj112,KCR,9,1,value,1,1,0,0,0,0,0,0,0,0,0,0,0,,0,0,0,0,0,,,,19450926,0,SAN03,v,PRK,0,1,0,exhibition,y,d
PRK194509260,brewc102,KCR,9,2,value,2,1,0,0,0,0,0,0,0,0,0,1,0,,0,0,0,0,1,,,,19450926,0,SAN03,v,PRK,0,1,0,exhibition,y,d
PRK194509260,vezil101,PRK,1,1,value,4,3,1,0,0,0,0,0,0,0,0,1,0,,0,0,0,0,0,,,,19450926,0,SAN03,h,KCR,1,0,0,exhibition,y,d
PRK194509260,crist101,PRK,2,1,value,4,3,1,1,1,0,0,0,0,0,0,1,0,,0,0,0,0,0,,,,19450926,0,SAN03,h,KCR,1,0,0,exhibition,y,d
PRK194509260,anglj101,PRK,3,1,value,4,4,1,2,1,0,0,2,0,0,0,0,0,,0,0,1,0,0,,,,19450926,0,SAN03,h,KCR,1,0,0,exhibition,y,d
PRK194509260,pridj101,PRK,4,1,value,4,3,2,2,0,0,1,2,0,0,0,1,0,,1,0,0,0,0,,,,19450926,0,SAN03,h,KCR,1,0,0,exhibition,y,d
PRK194509260,richk101,PRK,5,1,value,4,4,0,1,0,0,0,0,0,0,0,0,0,,0,0,0,0,0,,,,19450926,0,SAN03,h,KCR,1,0,0,exhibition,y,d
PRK194509260,gabrl101,PRK,6,1,value,4,3,1,2,1,0,0,1,0,0,0,1,0,,0,0,0,0,0,,,,19450926,0,SAN03,h,KCR,1,0,0,exhibition,y,d
PRK194509260,hedib101,PRK,7,1,value,4,3,0,0,0,0,0,0,1,0,0,0,0,,0,0,0,0,0,,,,19450926,0,SAN03,h,KCR,1,0,0,exhibition,y,d
PRK194509260,boonr101,PRK,8,1,value,1,1,0,0,0,0,0,0,0,0,0,0,0,,0,0,0,0,0,,,,19450926,0,SAN03,h,KCR,1,0,0,exhibition,y,d
PRK194509260,balld101,PRK,8,2,value,2,2,0,0,0,0,0,0,0,0,0,0,0,,0,0,0,0,0,,1,,19450926,0,SAN03,h,KCR,1,0,0,exhibition,y,d
PRK194509260,pippc101,PRK,9,1,value,2,2,0,1,0,0,0,1,0,0,0,0,0,,0,0,0,0,0,,,,19450926,0,SAN03,h,KCR,1,0,0,exhibition,y,d
PRK194509260,fergb102,PRK,9,2,value,1,1,0,0,0,0,0,0,0,0,0,0,0,,0,0,0,0,0,,1,,19450926,0,SAN03,h,KCR,1,0,0,exhibition,y,d
PRK194510030,smitj112,KCR,1,1,value,4,4,0,1,0,0,0,0,0,0,0,0,0,1,0,0,0,0,0,,,,19451003,0,SAN03,v,PRK,1,0,0,exhibition,y,d
PRK194510030,willj111,KCR,2,1,value,4,4,0,0,0,0,0,0,0,0,0,0,0,1,0,0,0,0,1,,,,19451003,0,SAN03,v,PRK,1,0,0,exhibition,y,d
PRK194510030,wrigb104,KCR,3,1,value,4,2,1,1,0,0,0,0,0,0,1,1,0,,0,0,0,0,0,,,,19451003,0,SAN03,v,PRK,1,0,0,exhibition,y,d
PRK194510030,hoskb101,KCR,4,1,value,4,4,1,0,0,0,0,0,0,0,0,0,0,,0,0,2,0,1,,,,19451003,0,SAN03,v,PRK,1,0,0,exhibition,y,d
PRK194510030,robij103,KCR,5,1,value,3,3,1,0,0,0,0,0,0,0,0,0,0,,0,0,0,0,1,,,,19451003,0,SAN03,v,PRK,1,0,0,exhibition,y,d
PRK194510030,soueh101,KCR,6,1,value,3,3,1,2,1,0,0,1,0,0,0,0,0,,0,0,0,0,0,,,,19451003,0,SAN03,v,PRK,1,0,0,exhibition,y,d
PRK194510030,nelsc102,KCR,7,1,value,3,3,1,1,0,0,0,1,0,0,0,0,0,,0,0,0,0,1,,,,19451003,0,SAN03,v,PRK,1,0,0,exhibition,y,d
PRK194510030,haywb102,KCR,8,1,value,3,3,0,1,1,0,0,2,0,0,0,0,0,1,0,0,0,0,0,,,,19451003,0,SAN03,v,PRK,1,0,0,exhibition,y,d
PRK194510030,paigs101,KCR,9,1,value,2,2,0,0,0,0,0,0,0,0,0,0,0,,0,0,0,0,1,,,,19451003,0,SAN03,v,PRK,1,0,0,exhibition,y,d
PRK194510030,willj112,KCR,9,2,value,1,1,0,1,0,0,0,0,0,0,0,0,0,,0,0,0,0,0,,1,,19451003,0,SAN03,v,PRK,1,0,0,exhibition,y,d
PRK194510030,hedib101,PRK,1,1,value,3,3,0,0,0,0,0,0,0,0,0,0,0,,0,0,0,0,0,,,,19451003,0,SAN03,h,KCR,0,1,0,exhibition,y,d
PRK194510030,crist101,PRK,2,1,value,3,3,0,0,0,0,0,0,0,0,0,0,0,,0,0,0,0,0,,,,19451003,0,SAN03,h,KCR,0,1,0,exhibition,y,d
PRK194510030,davii102,PRK,3,1,value,3,2,0,1,0,0,0,0,0,0,0,1,0,,0,0,0,0,0,,,,19451003,0,SAN03,h,KCR,0,1,0,exhibition,y,d
PRK194510030,adamb101,PRK,4,1,value,3,3,0,0,0,0,0,0,0,0,0,0,0,1,0,0,0,0,0,,,,19451003,0,SAN03,h,KCR,0,1,0,exhibition,y,d
PRK194510030,vezil101,PRK,5,1,value,3,3,0,0,0,0,0,0,0,0,0,0,0,,0,0,0,0,0,,,,19451003,0,SAN03,h,KCR,0,1,0,exhibition,y,d
PRK194510030,gabrl101,PRK,6,1,value,3,3,0,1,0,0,0,0,0,0,0,0,0,,0,0,0,0,0,,,,19451003,0,SAN03,h,KCR,0,1,0,exhibition,y,d
PRK194510030,bruce101,PRK,7,1,value,2,2,0,0,0,0,0,0,0,0,0,0,0,1,0,0,0,0,0,,,,19451003,0,SAN03,h,KCR,0,1,0,exhibition,y,d
PRK194510030,doerh101,PRK,7,2,value,1,1,0,0,0,0,0,0,0,0,0,0,0,,0,0,0,0,0,,,,19451003,0,SAN03,h,KCR,0,1,0,exhibition,y,d
PRK194510030,ray-k101,PRK,8,1,value,2,2,0,0,0,0,0,0,0,0,0,0,0,1,0,0,0,0,0,,,,19451003,0,SAN03,h,KCR,0,1,0,exhibition,y,d
PRK194510030,fellb101,PRK,9,1,value,1,1,0,0,0,0,0,0,0,0,0,0,0,,0,0,0,0,0,,,,19451003,0,SAN03,h,KCR,0,1,0,exhibition,y,d
PRK194510030,salvj101,PRK,9,2,value,1,1,0,0,0,0,0,0,0,0,0,0,0,,0,0,0,0,1,,,,19451003,0,SAN03,h,KCR,0,1,0,exhibition,y,d
KCR194510071,barrr101,VDA,,,value,,,0,0,0,0,0,0,,,,,,,,,,,,,,,19451007,1,LOS02,v,KCR,0,1,0,exhibition,,
KCR194510071,steir102,VDA,,,value,,,0,0,0,0,0,0,,,,,,,,,,,,,,,19451007,1,LOS02,v,KCR,0,1,0,exhibition,,
KCR194510071,tobij102,VDA,,,value,,,0,1,0,0,0,0,,,,,,,,,,,,,,,19451007,1,LOS02,v,KCR,0,1,0,exhibition,,
KCR194510071,haywb102,KCR,,,value,,,,,,,,,,,,,,,,,,,,,,,19451007,1,LOS02,h,VDA,1,0,0,exhibition,,
KCR194510071,willj112,KCR,,,value,,,,,,,,,,,,,,,,,,,,,,,19451007,1,LOS02,h,VDA,1,0,0,exhibition,,
KCR194510072,barrr101,VDA,,,value,,,,,,,,,,,,,,,,,,,,,,,19451007,2,LOS02,v,KCR,1,0,0,exhibition,,
KCR194510072,heuse101,VDA,,,value,,,,,,,,,,,,,,,,,,,,,,,19451007,2,LOS02,v,KCR,1,0,0,exhibition,,
KCR194510072,oneie102,VDA,,,value,,,,,,,,,,,,,,,,,,,,,,,19451007,2,LOS02,v,KCR,1,0,0,exhibition,,
KCR194510072,salkb101,VDA,,,value,,,,,,,,,,,,,,,,,,,,,,,19451007,2,LOS02,v,KCR,1,0,0,exhibition,,
KCR194510072,moren101,KCR,,,value,,,,,,,,,,,,,,,,,,,,,,,19451007,2,LOS02,h,VDA,0,1,0,exhibition,,
KCR194510072,renfc101,KCR,,,value,,,,,,,,,,,,,,,,,,,,,,,19451007,2,LOS02,h,VDA,0,1,0,exhibition,,
KCR194510090,pridj101,VDA,1,1,value,5,5,0,1,0,0,0,2,0,0,0,0,0,,0,0,0,0,0,,,,19451009,0,LOS02,v,KCR,1,0,0,exhibition,y,d
KCR194510090,metkg101,VDA,2,1,value,5,5,0,2,0,0,0,1,0,0,0,0,0,,0,0,0,0,0,,,,19451009,0,LOS02,v,KCR,1,0,0,exhibition,y,d
KCR194510090,adamb101,VDA,3,1,value,5,5,1,1,0,1,0,0,0,0,0,0,0,,0,0,1,0,0,,,,19451009,0,LOS02,v,KCR,1,0,0,exhibition,y,d
KCR194510090,ellib103,VDA,4,1,value,4,4,2,1,1,0,0,0,0,0,0,0,0,,0,0,0,0,1,,,,19451009,0,LOS02,v,KCR,1,0,0,exhibition,y,d
KCR194510090,stepv101,VDA,5,1,value,4,4,2,2,1,0,0,1,0,0,0,0,0,,0,0,0,0,0,,,,19451009,0,LOS02,v,KCR,1,0,0,exhibition,y,d
KCR194510090,mille104,VDA,6,1,value,4,3,2,1,0,0,0,0,0,0,0,1,0,,0,0,0,0,0,,,,19451009,0,LOS02,v,KCR,1,0,0,exhibition,y,d
KCR194510090,tobij102,VDA,7,1,value,4,4,1,3,1,0,0,2,0,0,0,0,0,,0,0,0,0,0,,,,19451009,0,LOS02,v,KCR,1,0,0,exhibition,y,d
KCR194510090,steir102,VDA,8,1,value,4,2,1,0,0,0,0,0,0,0,0,2,0,,0,0,0,0,0,,,,19451009,0,LOS02,v,KCR,1,0,0,exhibition,y,d
KCR194510090,oneie102,VDA,9,1,value,3,2,0,0,0,0,0,1,1,0,0,0,0,,0,0,0,0,0,,,,19451009,0,LOS02,v,KCR,1,0,0,exhibition,y,d
KCR194510090,heuse101,VDA,9,2,value,0,0,0,0,0,0,0,0,0,0,0,0,0,,0,0,0,0,0,,,,19451009,0,LOS02,v,KCR,1,0,0,exhibition,y,d
KCR194510090,schac101,VDA,9,3,value,1,1,0,0,0,0,0,0,0,0,0,0,0,,0,0,0,0,0,,,,19451009,0,LOS02,v,KCR,1,0,0,exhibition,y,d
KCR194510090,smitj112,KCR,1,1,value,5,4,1,2,0,0,0,1,0,0,0,1,0,,0,1,0,0,0,,,,19451009,0,LOS02,h,VDA,0,1,0,exhibition,y,d
KCR194510090,willj111,KCR,2,1,value,4,3,1,0,0,0,0,0,0,0,0,1,0,,0,0,1,0,0,,,,19451009,0,LOS02,h,VDA,0,1,0,exhibition,y,d
KCR194510090,wrigb104,KCR,3,1,value,4,4,1,2,0,0,0,1,0,0,0,0,0,,0,0,0,0,0,,,,19451009,0,LOS02,h,VDA,0,1,0,exhibition,y,d
KCR194510090,hoskb101,KCR,4,1,value,4,3,0,0,0,0,0,1,0,0,0,1,0,,0,0,0,0,0,,,,19451009,0,LOS02,h,VDA,0,1,0,exhibition,y,d
KCR194510090,robij103,KCR,5,1,value,4,4,0,1,1,0,0,0,0,0,0,0,0,,0,0,0,0,0,,,,19451009,0,LOS02,h,VDA,0,1,0,exhibition,y,d
KCR194510090,soueh101,KCR,6,1,value,4,4,0,1,0,0,0,2,0,0,0,0,0,,0,0,0,0,0,,,,19451009,0,LOS02,h,VDA,0,1,0,exhibition,y,d
KCR194510090,nelsc102,KCR,7,1,value,4,3,0,0,0,0,0,0,0,0,0,1,0,,0,0,0,0,0,,,,19451009,0,LOS02,h,VDA,0,1,0,exhibition,y,d
KCR194510090,haywb102,KCR,8,1,value,4,2,1,0,0,0,0,0,0,0,0,2,0,,0,0,0,0,0,,,,19451009,0,LOS02,h,VDA,0,1,0,exhibition,y,d
KCR194510090,porta103,KCR,9,1,value,2,2,0,0,0,0,0,0,0,0,0,0,0,,0,0,0,0,0,,,,19451009,0,LOS02,h,VDA,0,1,0,exhibition,y,d
KCR194510090,willj112,KCR,9,2,value,2,2,1,1,0,0,0,0,0,0,0,0,0,,0,0,0,0,0,,,,19451009,0,LOS02,h,VDA,0,1,0,exhibition,y,d
KCR194510100,barrr101,VDA,,,value,,,,,,,,,,,,,,,,,,,,,,,19451010,0,LOS02,v,KCR,1,0,0,exhibition,,
KCR194510100,millf107,VDA,,,value,,,,,,,,,,,,,,,,,,,,,,,19451010,0,LOS02,v,KCR,1,0,0,exhibition,,
KCR194510100,salkb101,VDA,,,value,,,,,,,,,,,,,,,,,,,,,,,19451010,0,LOS02,v,KCR,1,0,0,exhibition,,
KCR194510100,stepv101,VDA,,,value,,,,,,,2,,,,,,,,,,,,,,,,19451010,0,LOS02,v,KCR,1,0,0,exhibition,,
KCR194510100,treia101,VDA,,,value,,,,,,,,,,,,,,,,,,,,,,,19451010,0,LOS02,v,KCR,1,0,0,exhibition,,
KCR194510100,hubbj101,KCR,,,value,,,,,,,,,,,,,,,,,,,,,,,19451010,0,LOS02,h,VDA,0,1,0,exhibition,,
KCR194510100,marcz101,KCR,,,value,,,,,,,,,,,,,,,,,,,,,,,19451010,0,LOS02,h,VDA,0,1,0,exhibition,,
KCR194510100,renfc101,KCR,,,value,,,,,,,,,,,,,,,,,,,,,,,19451010,0,LOS02,h,VDA,0,1,0,exhibition,,
KCR194510100,smith111,KCR,,,value,,,,,,,,,,,,,,,,,,,,,,,19451010,0,LOS02,h,VDA,0,1,0,exhibition,,
PRK194510210,smitj112,KCR,1,1,value,5,4,1,1,0,0,0,0,0,0,0,1,0,,0,0,1,0,0,,,,19451021,0,SAN03,v,PRK,1,0,0,exhibition,y,d
PRK194510210,willj111,KCR,2,1,value,4,4,1,2,0,0,0,0,0,0,0,0,0,,0,0,0,0,0,,,,19451021,0,SAN03,v,PRK,1,0,0,exhibition,y,d
PRK194510210,wrigb104,KCR,3,1,value,4,4,0,2,0,0,0,0,0,0,0,0,0,,0,0,0,0,0,,,,19451021,0,SAN03,v,PRK,1,0,0,exhibition,y,d
PRK194510210,hoskb101,KCR,4,1,value,4,3,1,2,2,0,0,2,0,0,0,1,0,,0,0,1,0,0,,,,19451021,0,SAN03,v,PRK,1,0,0,exhibition,y,d
PRK194510210,nelsc102,KCR,5,1,value,4,4,0,0,0,0,0,0,0,0,0,0,0,,0,0,0,0,0,,,,19451021,0,SAN03,v,PRK,1,0,0,exhibition,y,d
PRK194510210,soueh101,KCR,6,1,value,4,4,0,1,1,0,0,1,0,0,0,0,0,,0,0,0,0,0,,,,19451021,0,SAN03,v,PRK,1,0,0,exhibition,y,d
PRK194510210,dougj102,KCR,7,1,value,4,3,1,1,0,0,0,0,0,0,0,1,0,,0,0,0,0,0,,,,19451021,0,SAN03,v,PRK,1,0,0,exhibition,y,d
PRK194510210,haywb102,KCR,8,1,value,4,3,0,0,0,0,0,0,1,0,0,0,0,,0,0,0,0,1,,,,19451021,0,SAN03,v,PRK,1,0,0,exhibition,y,d
PRK194510210,paigs101,KCR,9,1,value,2,2,0,1,0,0,0,1,0,0,0,0,0,,0,0,1,0,0,,,,19451021,0,SAN03,v,PRK,1,0,0,exhibition,y,d
PRK194510210,willj112,KCR,9,2,value,2,2,0,0,0,0,0,0,0,0,0,0,0,,0,0,0,0,0,,,,19451021,0,SAN03,v,PRK,1,0,0,exhibition,y,d
PRK194510210,coscp101,PRK,1,1,value,4,4,0,0,0,0,0,0,0,0,0,0,0,,0,0,0,0,0,,,,19451021,0,SAN03,h,KCR,0,1,0,exhibition,y,d
PRK194510210,crist101,PRK,2,1,value,4,3,0,1,0,0,0,0,0,0,0,1,0,,1,0,0,0,0,,,,19451021,0,SAN03,h,KCR,0,1,0,exhibition,y,d
PRK194510210,davii102,PRK,3,1,value,4,3,0,0,0,0,0,0,0,0,0,1,0,,0,0,0,0,0,,,,19451021,0,SAN03,h,KCR,0,1,0,exhibition,y,d
PRK194510210,ellib103,PRK,4,1,value,4,4,0,1,1,0,0,0,0,0,0,0,0,,0,0,0,0,0,,,,19451021,0,SAN03,h,KCR,0,1,0,exhibition,y,d
PRK194510210,salkb101,PRK,5,1,value,4,3,1,0,0,0,0,0,0,0,0,1,0,,0,0,0,0,0,,,,19451021,0,SAN03,h,KCR,0,1,0,exhibition,y,d
PRK194510210,doerh101,PRK,5,2,value,0,0,0,0,0,0,0,0,0,0,0,0,0,,0,0,0,0,0,,,,19451021,0,SAN03,h,KCR,0,1,0,exhibition,y,d
PRK194510210,gabrl101,PRK,6,1,value,4,3,0,0,0,0,0,0,0,0,0,1,0,,0,0,0,0,2,,,,19451021,0,SAN03,h,KCR,0,1,0,exhibition,y,d
PRK194510210,dobbj103,PRK,7,1,value,4,4,0,1,0,0,0,1,0,0,0,0,0,,0,0,0,0,0,,,,19451021,0,SAN03,h,KCR,0,1,0,exhibition,y,d
PRK194510210,hedib101,PRK,8,1,value,4,4,0,0,0,0,0,0,0,0,0,0,0,,0,0,0,0,0,,,,19451021,0,SAN03,h,KCR,0,1,0,exhibition,y,d
PRK194510210,deprb101,PRK,9,1,value,2,2,0,0,0,0,0,0,0,0,0,0,0,,0,0,0,0,0,,,,19451021,0,SAN03,h,KCR,0,1,0,exhibition,y,d
PRK194510210,brilj101,PRK,9,2,value,2,2,0,0,0,0,0,0,0,0,0,0,0,,0,0,0,0,0,,,,19451021,0,SAN03,h,KCR,0,1,0,exhibition,y,d
ASF194510240,smitj112,KCR,1,1,value,4,4,0,0,0,0,0,0,0,0,0,0,0,,0,0,0,0,0,,,,19451024,0,SAN03,v,ASF,1,0,0,exhibition,y,d
ASF194510240,willj111,KCR,2,1,value,4,2,1,0,0,0,0,0,0,0,0,2,0,,2,0,0,0,0,,,,19451024,0,SAN03,v,ASF,1,0,0,exhibition,y,d
ASF194510240,wrigb104,KCR,3,1,value,4,4,1,0,0,0,0,0,0,0,0,0,0,,0,0,0,0,1,,,,19451024,0,SAN03,v,ASF,1,0,0,exhibition,y,d
ASF194510240,hoskb101,KCR,4,1,value,4,3,1,1,0,0,0,1,0,0,0,1,0,,0,0,0,0,0,,,,19451024,0,SAN03,v,ASF,1,0,0,exhibition,y,d
ASF194510240,nelsc102,KCR,5,1,value,4,3,0,0,0,0,0,0,1,0,0,0,0,,0,0,1,0,1,,,,19451024,0,SAN03,v,ASF,1,0,0,exhibition,y,d
ASF194510240,soueh101,KCR,6,1,value,4,4,0,0,0,0,0,0,0,0,0,0,0,,0,0,0,0,0,,,,19451024,0,SAN03,v,ASF,1,0,0,exhibition,y,d
ASF194510240,dougj102,KCR,7,1,value,4,4,0,0,0,0,0,0,0,0,0,0,0,,0,0,0,0,0,,,,19451024,0,SAN03,v,ASF,1,0,0,exhibition,y,d
ASF194510240,haywb102,KCR,8,1,value,2,2,0,0,0,0,0,0,0,0,0,0,0,,0,0,0,0,0,,,,19451024,0,SAN03,v,ASF,1,0,0,exhibition,y,d
ASF194510240,renfc101,KCR,8,2,value,2,2,0,1,1,0,0,0,0,0,0,0,0,,0,0,0,0,1,,1,,19451024,0,SAN03,v,ASF,1,0,0,exhibition,y,d
ASF194510240,paigs101,KCR,9,1,value,2,2,0,1,0,0,0,0,0,0,0,0,0,,0,0,0,0,0,,,,19451024,0,SAN03,v,ASF,1,0,0,exhibition,y,d
ASF194510240,smith111,KCR,9,2,value,1,1,0,0,0,0,0,0,0,0,0,0,0,,0,0,0,0,1,,1,,19451024,0,SAN03,v,ASF,1,0,0,exhibition,y,d
ASF194510240,porta103,KCR,9,3,value,1,1,0,0,0,0,0,0,0,0,0,0,0,,0,0,0,0,0,,,,19451024,0,SAN03,v,ASF,1,0,0,exhibition,y,d
ASF194510240,coscp101,ASF,1,1,value,4,4,0,1,0,0,0,0,0,0,0,0,0,,0,0,0,0,0,,,,19451024,0,SAN03,h,KCR,0,1,0,exhibition,y,d
ASF194510240,dobbj103,ASF,1,2,value,1,1,0,0,0,0,0,0,0,0,0,0,0,,0,0,0,0,0,,,,19451024,0,SAN03,h,KCR,0,1,0,exhibition,y,d
ASF194510240,crist101,ASF,2,1,value,4,3,0,0,0,0,0,0,0,0,0,1,0,,1,0,1,0,1,,,,19451024,0,SAN03,h,KCR,0,1,0,exhibition,y,d
ASF194510240,davic101,ASF,3,1,value,4,4,0,1,0,0,0,0,0,0,0,0,0,,0,0,1,0,0,,,,19451024,0,SAN03,h,KCR,0,1,0,exhibition,y,d
ASF194510240,ellib103,ASF,4,1,value,4,3,1,0,0,0,0,0,0,0,0,1,0,,0,0,0,0,1,,,,19451024,0,SAN03,h,KCR,0,1,0,exhibition,y,d
ASF194510240,dahlb101,ASF,5,1,value,4,4,0,0,0,0,0,0,0,0,0,0,0,1,0,0,0,0,0,,,,19451024,0,SAN03,h,KCR,0,1,0,exhibition,y,d
ASF194510240,gabrl101,ASF,6,1,value,4,3,0,1,0,0,0,0,0,0,0,1,0,1,0,0,0,0,0,,,,19451024,0,SAN03,h,KCR,0,1,0,exhibition,y,d
ASF194510240,sturb101,ASF,7,1,value,4,3,0,2,1,0,0,1,0,0,0,1,0,,0,0,0,0,0,,,,19451024,0,SAN03,h,KCR,0,1,0,exhibition,y,d
ASF194510240,browu103,ASF,8,1,value,4,2,0,0,0,0,0,0,2,0,0,0,0,,0,0,0,0,0,,,,19451024,0,SAN03,h,KCR,0,1,0,exhibition,y,d
ASF194510240,fellb101,ASF,9,1,value,2,2,0,0,0,0,0,0,0,0,0,0,0,,0,0,0,0,0,,,,19451024,0,SAN03,h,KCR,0,1,0,exhibition,y,d
ASF194510240,salvj101,ASF,9,2,value,2,2,1,1,0,0,1,1,0,0,0,0,0,,0,0,0,0,0,,,,19451024,0,SAN03,h,KCR,0,1,0,exhibition,y,d
KCR194610160,beraj101,ASF,1,1,value,4,4,1,1,0,0,1,1,0,0,0,0,0,,0,0,0,0,0,,,,19461016,0,LOS02,v,KCR,1,0,0,exhibition,y,d
KCR194610160,vernm101,ASF,2,1,value,4,3,0,0,0,0,0,0,0,0,0,1,0,2,0,0,0,0,0,,,,19461016,0,LOS02,v,KCR,1,0,0,exhibition,y,d
KCR194610160,musis101,ASF,3,1,value,4,3,0,0,0,0,0,0,0,0,0,1,0,,0,0,0,0,0,,,,19461016,0,LOS02,v,KCR,1,0,0,exhibition,y,d
KCR194610160,kellc101,ASF,4,1,value,4,3,1,0,0,0,0,0,0,0,0,1,0,,0,0,0,0,0,,,,19461016,0,LOS02,v,KCR,1,0,0,exhibition,y,d
KCR194610160,keltk101,ASF,5,1,value,4,4,0,0,0,0,0,0,0,0,0,0,0,,0,0,0,0,0,,,,19461016,0,LOS02,v,KCR,1,0,0,exhibition,y,d
KCR194610160,heatj101,ASF,6,1,value,4,1,1,0,0,0,0,0,0,0,0,3,0,,0,0,0,0,0,,,,19461016,0,LOS02,v,KCR,1,0,0,exhibition,y,d
KCR194610160,chaps101,ASF,7,1,value,4,4,1,1,0,0,0,0,0,0,0,0,0,,0,0,0,0,0,,,,19461016,0,LOS02,v,KCR,1,0,0,exhibition,y,d
KCR194610160,hayef101,ASF,8,1,value,3,3,0,1,0,0,0,2,0,0,0,0,0,,0,0,0,0,0,,,,19461016,0,LOS02,v,KCR,1,0,0,exhibition,y,d
KCR194610160,hemsr101,ASF,8,2,value,1,1,0,0,0,0,0,0,0,0,0,0,0,,0,0,0,0,0,,,,19461016,0,LOS02,v,KCR,1,0,0,exhibition,y,d
KCR194610160,fellb101,ASF,9,1,value,2,2,0,0,0,0,0,0,0,0,0,0,0,,0,0,0,0,0,,,,19461016,0,LOS02,v,KCR,1,0,0,exhibition,y,d
KCR194610160,lemob101,ASF,9,2,value,2,2,0,0,0,0,0,0,0,0,0,0,0,,0,0,0,0,0,,,,19461016,0,LOS02,v,KCR,1,0,0,exhibition,y,d
KCR194610160,willj111,KCR,1,1,value,4,4,1,0,0,0,0,0,0,0,0,0,0,,0,0,0,0,1,,,,19461016,0,LOS02,h,ASF,0,1,0,exhibition,y,d
KCR194610160,hydec101,KCR,2,1,value,4,3,0,0,0,0,0,0,0,0,0,1,0,,0,0,0,0,0,,,,19461016,0,LOS02,h,ASF,0,1,0,exhibition,y,d
KCR194610160,stone101,KCR,3,1,value,4,4,0,0,0,0,0,0,0,0,0,0,0,,0,0,0,0,0,,,,19461016,0,LOS02,h,ASF,0,1,0,exhibition,y,d
KCR194610160,hoskb101,KCR,4,1,value,4,3,2,2,0,0,0,0,0,0,0,1,0,,1,0,0,0,0,,,,19461016,0,LOS02,h,ASF,0,1,0,exhibition,y,d
KCR194610160,steee102,KCR,5,1,value,1,1,0,0,0,0,0,0,0,0,0,0,0,,0,0,0,0,0,,,,19461016,0,LOS02,h,ASF,0,1,0,exhibition,y,d
KCR194610160,nelsc102,KCR,5,2,value,3,3,0,1,0,0,0,0,0,0,0,0,0,,0,0,0,0,0,,1,,19461016,0,LOS02,h,ASF,0,1,0,exhibition,y,d
KCR194610160,moodl101,KCR,6,1,value,4,4,0,1,0,0,0,0,0,0,0,0,0,,1,0,0,0,0,,,,19461016,0,LOS02,h,ASF,0,1,0,exhibition,y,d
KCR194610160,neilr101,KCR,7,1,value,4,3,0,1,0,0,0,1,0,0,0,1,0,,0,0,0,0,0,,,,19461016,0,LOS02,h,ASF,0,1,0,exhibition,y,d
KCR194610160,haywb102,KCR,8,1,value,3,3,0,0,0,0,0,0,0,0,0,0,0,,0,0,0,0,0,,,,19461016,0,LOS02,h,ASF,0,1,0,exhibition,y,d
KCR194610160,mathv101,KCR,8,2,value,1,1,0,0,0,0,0,0,0,0,0,0,0,,0,0,0,0,0,,1,,19461016,0,LOS02,h,ASF,0,1,0,exhibition,y,d
KCR194610160,paigs101,KCR,9,1,value,2,2,0,0,0,0,0,0,0,0,0,0,0,,0,0,0,0,0,,,,19461016,0,LOS02,h,ASF,0,1,0,exhibition,y,d
KCR194610160,mcdab101,KCR,9,2,value,1,1,0,0,0,0,0,0,0,0,0,0,0,,0,0,0,0,0,,,,19461016,0,LOS02,h,ASF,0,1,0,exhibition,y,d
KCR194610160,hairs101,KCR,9,3,value,1,1,0,0,0,0,0,0,0,0,0,0,0,,0,0,0,0,0,,1,,19461016,0,LOS02,h,ASF,0,1,0,exhibition,y,d
ASF194610170,willj111,KCR,1,1,value,4,4,0,1,0,0,0,0,0,0,0,0,0,,0,0,0,0,1,,,,19461017,0,SAN03,v,ASF,0,1,0,exhibition,y,d
ASF194610170,hydec101,KCR,2,1,value,4,3,0,0,0,0,0,0,0,0,0,1,0,,0,0,0,0,0,,,,19461017,0,SAN03,v,ASF,0,1,0,exhibition,y,d
ASF194610170,nelsc102,KCR,3,1,value,4,4,0,1,0,0,0,0,0,0,0,0,0,,0,0,0,0,1,,,,19461017,0,SAN03,v,ASF,0,1,0,exhibition,y,d
ASF194610170,hoskb101,KCR,4,1,value,4,3,0,1,0,0,0,0,1,0,0,0,0,,0,0,0,0,0,,,,19461017,0,SAN03,v,ASF,0,1,0,exhibition,y,d
ASF194610170,steee102,KCR,5,1,value,4,3,0,1,0,0,0,0,1,0,0,0,0,,0,0,0,0,0,,,,19461017,0,SAN03,v,ASF,0,1,0,exhibition,y,d
ASF194610170,moodl101,KCR,6,1,value,4,3,0,0,0,0,0,0,0,0,0,1,0,,0,0,0,0,0,,,,19461017,0,SAN03,v,ASF,0,1,0,exhibition,y,d
ASF194610170,neilr101,KCR,7,1,value,4,4,0,0,0,0,0,0,0,0,0,0,0,,0,0,0,0,0,,,,19461017,0,SAN03,v,ASF,0,1,0,exhibition,y,d
ASF194610170,hairs101,KCR,8,1,value,4,4,0,1,1,0,0,0,0,0,0,0,0,,0,0,0,0,0,,,,19461017,0,SAN03,v,ASF,0,1,0,exhibition,y,d
ASF194610170,paigs101,KCR,9,1,value,2,1,0,0,0,0,0,0,1,0,0,0,0,,0,0,0,0,0,,,,19461017,0,SAN03,v,ASF,0,1,0,exhibition,y,d
ASF194610170,willj112,KCR,9,2,value,1,1,0,0,0,0,0,0,0,0,0,0,0,,0,0,0,0,0,,,,19461017,0,SAN03,v,ASF,0,1,0,exhibition,y,d
ASF194610170,beraj101,ASF,1,1,value,4,2,0,1,0,0,0,0,0,0,0,2,0,,0,0,0,0,0,,,,19461017,0,SAN03,h,KCR,1,0,0,exhibition,y,d
ASF194610170,vernm101,ASF,2,1,value,4,4,0,0,0,0,0,0,0,0,0,0,0,,0,0,1,0,0,,,,19461017,0,SAN03,h,KCR,1,0,0,exhibition,y,d
ASF194610170,musis101,ASF,3,1,value,4,2,1,1,0,0,0,0,0,0,0,2,0,,0,0,0,0,0,,,,19461017,0,SAN03,h,KCR,1,0,0,exhibition,y,d
ASF194610170,kellc101,ASF,4,1,value,4,4,0,0,0,0,0,0,0,0,0,0,0,,0,0,0,0,0,,,,19461017,0,SAN03,h,KCR,1,0,0,exhibition,y,d
ASF194610170,keltk101,ASF,5,1,value,4,4,0,1,1,0,0,1,0,0,0,0,0,,0,0,0,0,0,,,,19461017,0,SAN03,h,KCR,1,0,0,exhibition,y,d
ASF194610170,heatj101,ASF,6,1,value,4,4,1,2,1,0,1,1,0,0,0,0,0,,0,0,0,0,0,,,,19461017,0,SAN03,h,KCR,1,0,0,exhibition,y,d
ASF194610170,chaps101,ASF,7,1,value,4,3,0,0,0,0,0,0,0,0,0,1,0,,0,0,0,0,0,,,,19461017,0,SAN03,h,KCR,1,0,0,exhibition,y,d
ASF194610170,hayef101,ASF,8,1,value,3,2,0,0,0,0,0,0,0,0,0,1,0,,0,0,0,0,1,,,,19461017,0,SAN03,h,KCR,1,0,0,exhibition,y,d
ASF194610170,fellb101,ASF,9,1,value,2,2,0,0,0,0,0,0,0,0,0,0,0,,0,0,1,0,0,,,,19461017,0,SAN03,h,KCR,1,0,0,exhibition,y,d
ASF194610170,chans101,ASF,9,2,value,1,1,0,0,0,0,0,0,0,0,0,0,0,,0,0,0,0,0,,,,19461017,0,SAN03,h,KCR,1,0,0,exhibition,y,d
ASF194610230,willj111,KCR,1,1,value,5,5,1,2,1,0,0,0,0,,0,0,,,0,,,,,,,,19461023,0,BAK01,v,ASF,0,1,0,exhibition,y,
ASF194610230,hydec101,KCR,2,1,value,4,4,0,1,0,0,0,0,0,,0,0,,,0,,,,,,,,19461023,0,BAK01,v,ASF,0,1,0,exhibition,y,
ASF194610230,stone101,KCR,3,1,value,4,4,1,2,0,0,0,0,0,,0,0,,,0,,,,,,,,19461023,0,BAK01,v,ASF,0,1,0,exhibition,y,
ASF194610230,hoskb101,KCR,4,1,value,4,4,0,2,0,0,0,1,0,,0,0,,,0,,,,,,,,19461023,0,BAK01,v,ASF,0,1,0,exhibition,y,
ASF194610230,nelsc102,KCR,5,1,value,4,3,0,0,0,0,0,0,0,,0,1,,,0,,,,,,,,19461023,0,BAK01,v,ASF,0,1,0,exhibition,y,
ASF194610230,moodl101,KCR,6,1,value,4,4,1,1,0,0,0,0,0,,0,0,,,0,,,,,,,,19461023,0,BAK01,v,ASF,0,1,0,exhibition,y,
ASF194610230,neilr101,KCR,7,1,value,4,4,1,1,0,0,0,0,0,,0,0,,,0,,,,,,,,19461023,0,BAK01,v,ASF,0,1,0,exhibition,y,
ASF194610230,hairs101,KCR,8,1,value,4,4,0,1,0,0,0,0,0,,0,0,,,0,,,,,,,,19461023,0,BAK01,v,ASF,0,1,0,exhibition,y,
ASF194610230,paigs101,KCR,9,1,value,1,1,0,0,0,0,0,0,0,,0,0,,,0,,,,,,,,19461023,0,BAK01,v,ASF,0,1,0,exhibition,y,
ASF194610230,mathv101,KCR,9,2,value,0,0,0,0,0,0,0,0,0,,0,0,,,0,,,,,,,,19461023,0,BAK01,v,ASF,0,1,0,exhibition,y,
ASF194610230,willj112,KCR,9,3,value,2,2,0,0,0,0,0,0,0,,0,0,,,0,,,,,,,,19461023,0,BAK01,v,ASF,0,1,0,exhibition,y,
ASF194610230,demea101,KCR,9,4,value,0,0,0,0,0,0,0,0,0,,0,0,,,0,,,,,,,,19461023,0,BAK01,v,ASF,0,1,0,exhibition,y,
ASF194610230,haywb102,KCR,9,5,value,1,1,0,1,0,0,0,2,0,,0,0,,,0,,,,,,,,19461023,0,BAK01,v,ASF,0,1,0,exhibition,y,
ASF194610230,beraj101,ASF,1,1,value,5,5,1,2,0,0,1,2,0,,0,0,,,0,,,,,,,,19461023,0,BAK01,h,KCR,1,0,0,exhibition,y,
ASF194610230,vernm101,ASF,2,1,value,5,5,2,3,1,0,1,2,0,,0,0,,,0,,,,,,,,19461023,0,BAK01,h,KCR,1,0,0,exhibition,y,
ASF194610230,musis101,ASF,3,1,value,5,5,1,1,0,0,0,0,0,,0,0,,,0,,,,,,,,19461023,0,BAK01,h,KCR,1,0,0,exhibition,y,
ASF194610230,kellc101,ASF,4,1,value,5,2,2,0,0,0,0,0,0,,0,3,,1,0,,,,,,,,19461023,0,BAK01,h,KCR,1,0,0,exhibition,y,
ASF194610230,keltk101,ASF,5,1,value,5,4,2,1,0,0,1,3,0,,0,1,,,0,,,,,,,,19461023,0,BAK01,h,KCR,1,0,0,exhibition,y,
ASF194610230,heatj101,ASF,6,1,value,5,3,0,1,1,0,0,2,0,,0,2,,,0,,,,,,,,19461023,0,BAK01,h,KCR,1,0,0,exhibition,y,
ASF194610230,chaps101,ASF,7,1,value,5,5,0,0,0,0,0,0,0,,0,0,,1,0,,,,,,,,19461023,0,BAK01,h,KCR,1,0,0,exhibition,y,
ASF194610230,hegaj101,ASF,8,1,value,3,3,1,1,0,0,0,0,0,,0,0,,,0,,,,,,,,19461023,0,BAK01,h,KCR,1,0,0,exhibition,y,
ASF194610230,hemsr101,ASF,8,2,value,1,1,1,1,1,0,0,0,0,,0,0,,,0,,,,,,,,19461023,0,BAK01,h,KCR,1,0,0,exhibition,y,
ASF194610230,chans101,ASF,9,1,value,1,1,0,0,0,0,0,0,0,,0,0,,,0,,,,,,,,19461023,0,BAK01,h,KCR,1,0,0,exhibition,y,
ASF194610230,sainj101,ASF,9,2,value,2,2,2,2,1,0,1,2,0,,0,0,,,0,,,,,,,,19461023,0,BAK01,h,KCR,1,0,0,exhibition,y,
ASF194610230,leond103,ASF,9,3,value,1,1,0,0,0,0,0,0,0,,0,0,,,0,,,,,,,,19461023,0,BAK01,h,KCR,1,0,0,exhibition,y,
MLS194710120,willj111,KCR,1,1,value,6,6,0,2,1,0,0,0,0,0,0,0,0,,0,0,0,0,0,,,,19471012,0,SAN03,v,MLS,0,1,0,exhibition,y,d
MLS194710120,neilr101,KCR,2,1,value,6,6,0,0,0,0,0,0,0,0,0,0,0,,0,0,1,0,0,,,,19471012,0,SAN03,v,MLS,0,1,0,exhibition,y,d
MLS194710120,steee102,KCR,3,1,value,6,5,2,1,0,1,0,0,0,0,0,1,0,,0,0,0,0,1,,,,19471012,0,SAN03,v,MLS,0,1,0,exhibition,y,d
MLS194710120,davip102,KCR,4,1,value,5,5,0,2,0,0,0,0,0,0,0,0,0,,0,0,0,0,0,,,,19471012,0,SAN03,v,MLS,0,1,0,exhibition,y,d
MLS194710120,hoskb101,KCR,5,1,value,5,3,1,1,0,0,1,1,1,0,0,1,1,,0,0,0,0,1,,,,19471012,0,SAN03,v,MLS,0,1,0,exhibition,y,d
MLS194710120,scotj106,KCR,6,1,value,5,4,0,0,0,0,0,0,0,0,0,1,1,,0,0,0,0,0,,,,19471012,0,SAN03,v,MLS,0,1,0,exhibition,y,d
MLS194710120,tatug101,KCR,7,1,value,5,5,0,0,0,0,0,0,0,0,0,0,0,,0,0,0,0,0,,,,19471012,0,SAN03,v,MLS,0,1,0,exhibition,y,d
MLS194710120,greej108,KCR,8,1,value,2,2,0,1,0,0,0,0,0,0,0,0,0,,0,0,0,0,0,,,,19471012,0,SAN03,v,MLS,0,1,0,exhibition,y,d
MLS194710120,averb101,KCR,8,2,value,3,2,0,0,0,0,0,1,0,0,0,1,0,,0,0,0,0,0,,,,19471012,0,SAN03,v,MLS,0,1,0,exhibition,y,d
MLS194710120,paigs101,KCR,9,1,value,2,2,0,0,0,0,0,0,0,0,0,0,0,,0,0,0,0,0,,,,19471012,0,SAN03,v,MLS,0,1,0,exhibition,y,d
MLS194710120,willj112,KCR,9,2,value,3,2,0,0,0,0,0,0,0,0,0,1,0,,0,0,0,0,0,,,,19471012,0,SAN03,v,MLS,0,1,0,exhibition,y,d
MLS194710120,lowrp101,MLS,1,1,value,6,6,0,1,0,0,0,0,0,0,0,0,0,,0,0,0,0,0,,,,19471012,0,SAN03,h,KCR,1,0,0,exhibition,y,d
MLS194710120,sturb101,MLS,2,1,value,6,5,1,0,0,0,0,0,0,0,1,0,0,,0,0,0,0,0,,,,19471012,0,SAN03,h,KCR,1,0,0,exhibition,y,d
MLS194710120,bocke101,MLS,3,1,value,6,4,0,0,0,0,0,0,0,0,0,2,0,,0,0,0,0,1,,,,19471012,0,SAN03,h,KCR,1,0,0,exhibition,y,d
MLS194710120,ellib103,MLS,4,1,value,2,2,0,0,0,0,0,0,0,0,0,0,0,,0,0,0,0,0,,,,19471012,0,SAN03,h,KCR,1,0,0,exhibition,y,d
MLS194710120,adamb101,MLS,4,2,value,3,3,0,0,0,0,0,0,0,0,0,0,0,,0,0,0,0,0,,1,,19471012,0,SAN03,h,KCR,1,0,0,exhibition,y,d
MLS194710120,metkg101,MLS,5,1,value,5,5,1,3,0,0,0,0,0,0,0,0,0,,0,0,0,0,0,,,,19471012,0,SAN03,h,KCR,1,0,0,exhibition,y,d
MLS194710120,zaria101,MLS,6,1,value,5,5,0,2,0,0,0,0,0,0,0,0,0,,0,0,1,0,0,,,,19471012,0,SAN03,h,KCR,1,0,0,exhibition,y,d
MLS194710120,stevc101,MLS,7,1,value,5,5,1,2,1,0,0,0,0,0,0,0,0,,0,0,0,0,0,,,,19471012,0,SAN03,h,KCR,1,0,0,exhibition,y,d
MLS194710120,camec101,MLS,8,1,value,5,3,1,0,0,0,0,0,0,0,1,1,0,,0,0,0,0,0,,,,19471012,0,SAN03,h,KCR,1,0,0,exhibition,y,d
MLS194710120,houta101,MLS,9,1,value,1,1,0,0,0,0,0,0,0,0,0,0,0,,0,0,0,0,0,,,,19471012,0,SAN03,h,KCR,1,0,0,exhibition,y,d
MLS194710120,maltg101,MLS,9,2,value,1,1,0,1,1,0,0,1,0,0,0,0,0,,0,0,0,0,0,,,,19471012,0,SAN03,h,KCR,1,0,0,exhibition,y,d
MLS194710120,stepb103,MLS,9,3,value,3,1,0,1,1,0,0,2,1,0,0,1,0,,0,0,0,0,0,,,,19471012,0,SAN03,h,KCR,1,0,0,exhibition,y,d
MLS194710120,florj101,MLS,9,4,value,0,0,0,0,0,0,0,0,0,0,0,0,0,,0,0,0,0,0,,,,19471012,0,SAN03,h,KCR,1,0,0,exhibition,y,d
ASF194710140,willj111,KCR,1,1,value,5,4,1,1,1,0,0,0,0,0,0,1,0,,0,0,0,0,0,,,,19471014,0,SAN03,v,ASF,0,1,0,exhibition,y,d
ASF194710140,neilr101,KCR,2,1,value,5,5,1,3,0,0,0,2,0,0,0,0,0,,0,0,1,0,1,,,,19471014,0,SAN03,v,ASF,0,1,0,exhibition,y,d
ASF194710140,steee102,KCR,3,1,value,5,2,0,0,0,0,0,0,1,0,0,2,0,,0,0,0,0,0,,,,19471014,0,SAN03,v,ASF,0,1,0,exhibition,y,d
ASF194710140,davip102,KCR,4,1,value,5,5,0,1,0,0,0,0,0,0,0,0,0,1,0,0,0,0,0,,,,19471014,0,SAN03,v,ASF,0,1,0,exhibition,y,d
ASF194710140,hoskb101,KCR,5,1,value,4,4,0,2,0,0,0,1,0,0,0,0,0,1,0,0,0,0,0,,,,19471014,0,SAN03,v,ASF,0,1,0,exhibition,y,d
ASF194710140,scotj106,KCR,6,1,value,4,4,0,0,0,0,0,0,0,0,0,0,0,,0,0,0,0,0,,,,19471014,0,SAN03,v,ASF,0,1,0,exhibition,y,d
ASF194710140,tatug101,KCR,7,1,value,4,4,0,1,0,0,0,0,0,0,0,0,0,,1,0,0,0,0,,,,19471014,0,SAN03,v,ASF,0,1,0,exhibition,y,d
ASF194710140,greej108,KCR,8,1,value,3,3,0,1,0,0,0,0,0,0,0,0,0,,0,0,0,0,0,,,,19471014,0,SAN03,v,ASF,0,1,0,exhibition,y,d
ASF194710140,renfc101,KCR,8,2,value,1,1,0,0,0,0,0,0,0,0,0,0,0,,0,0,0,0,0,,1,,19471014,0,SAN03,v,ASF,0,1,0,exhibition,y,d
ASF194710140,richg102,KCR,9,1,value,1,1,0,0,0,0,0,0,0,0,0,0,0,,0,0,0,0,0,,,,19471014,0,SAN03,v,ASF,0,1,0,exhibition,y,d
ASF194710140,newbj101,KCR,9,2,value,2,2,0,0,0,0,0,0,0,0,0,0,0,,0,0,0,0,0,,,,19471014,0,SAN03,v,ASF,0,1,0,exhibition,y,d
ASF194710140,haywb102,KCR,9,3,value,1,1,1,1,0,0,0,0,0,0,0,0,0,,0,0,0,0,0,,1,,19471014,0,SAN03,v,ASF,0,1,0,exhibition,y,d
ASF194710140,fainf101,ASF,1,1,value,5,5,0,1,0,0,0,0,0,0,0,0,0,,0,0,0,0,0,,,,19471014,0,SAN03,h,KCR,1,0,0,exhibition,y,d
ASF194710140,keltk101,ASF,2,1,value,5,5,1,3,1,0,0,3,0,0,0,0,0,,0,0,0,0,0,,,,19471014,0,SAN03,h,KCR,1,0,0,exhibition,y,d
ASF194710140,pafka101,ASF,3,1,value,5,5,1,2,1,0,0,0,0,0,0,0,0,,0,0,0,0,1,,,,19471014,0,SAN03,h,KCR,1,0,0,exhibition,y,d
ASF194710140,kiner101,ASF,4,1,value,5,5,1,2,0,0,0,2,0,0,0,0,0,2,0,0,0,0,0,,,,19471014,0,SAN03,h,KCR,1,0,0,exhibition,y,d
ASF194710140,heatj101,ASF,5,1,value,4,3,1,0,0,0,0,0,0,0,0,1,0,,0,0,0,0,0,,,,19471014,0,SAN03,h,KCR,1,0,0,exhibition,y,d
ASF194710140,patkm801,ASF,5,2,value,1,1,0,0,0,0,0,0,0,0,0,0,0,,0,0,0,0,0,,1,,19471014,0,SAN03,h,KCR,1,0,0,exhibition,y,d
ASF194710140,mille104,ASF,6,1,value,5,5,2,3,0,0,0,1,0,0,0,0,0,,0,1,0,0,1,,,,19471014,0,SAN03,h,KCR,1,0,0,exhibition,y,d
ASF194710140,pridj101,ASF,7,1,value,4,2,2,0,0,0,0,0,0,0,0,2,0,,0,0,0,0,0,,,,19471014,0,SAN03,h,KCR,1,0,0,exhibition,y,d
ASF194710140,hegaj101,ASF,8,1,value,4,4,2,2,1,0,0,4,0,0,0,0,0,,0,0,0,0,0,,,,19471014,0,SAN03,h,KCR,1,0,0,exhibition,y,d
ASF194710140,fellb101,ASF,9,1,value,2,2,1,0,0,0,0,0,0,0,0,0,0,,0,0,0,0,1,,,,19471014,0,SAN03,h,KCR,1,0,0,exhibition,y,d
ASF194710140,marcp101,ASF,9,2,value,2,2,0,0,0,0,0,0,0,0,0,0,0,,0,0,0,0,0,,,,19471014,0,SAN03,h,KCR,1,0,0,exhibition,y,d
KCR194710150,fainf101,ASF,1,1,value,4,4,0,0,0,0,0,0,0,0,0,0,0,,0,0,0,0,0,,,,19471015,0,LOS02,v,KCR,1,0,0,exhibition,y,d
KCR194710150,keltk101,ASF,2,1,value,4,3,1,1,0,0,0,0,0,0,0,1,0,,0,0,0,0,0,,,,19471015,0,LOS02,v,KCR,1,0,0,exhibition,y,d
KCR194710150,pafka101,ASF,3,1,value,4,4,0,0,0,0,0,0,0,0,0,0,0,,0,0,0,0,0,,,,19471015,0,LOS02,v,KCR,1,0,0,exhibition,y,d
KCR194710150,kiner101,ASF,4,1,value,4,4,1,2,1,0,0,0,0,0,0,0,0,1,0,0,0,0,0,,,,19471015,0,LOS02,v,KCR,1,0,0,exhibition,y,d
KCR194710150,heatj101,ASF,5,1,value,4,4,0,2,1,0,0,2,0,0,0,0,0,,0,0,0,0,0,,,,19471015,0,LOS02,v,KCR,1,0,0,exhibition,y,d
KCR194710150,mille104,ASF,6,1,value,4,4,0,1,0,0,0,0,0,0,0,0,0,,0,0,0,0,0,,,,19471015,0,LOS02,v,KCR,1,0,0,exhibition,y,d
KCR194710150,pridj101,ASF,7,1,value,4,4,0,1,0,0,0,0,0,0,0,0,0,,0,0,0,0,0,,,,19471015,0,LOS02,v,KCR,1,0,0,exhibition,y,d
KCR194710150,hegaj101,ASF,8,1,value,4,4,0,0,0,0,0,0,0,0,0,0,0,,0,0,1,0,0,,,,19471015,0,LOS02,v,KCR,1,0,0,exhibition,y,d
KCR194710150,fellb101,ASF,9,1,value,2,2,0,0,0,0,0,0,0,0,0,0,0,,0,0,0,0,0,,,,19471015,0,LOS02,v,KCR,1,0,0,exhibition,y,d
KCR194710150,lopae101,ASF,9,2,value,1,0,0,0,0,0,0,0,0,0,0,1,0,,0,0,0,0,0,,,,19471015,0,LOS02,v,KCR,1,0,0,exhibition,y,d
KCR194710150,willj111,KCR,1,1,value,4,4,0,1,1,0,0,0,0,0,0,0,0,,0,0,1,0,0,,,,19471015,0,LOS02,h,ASF,0,1,0,exhibition,y,d
KCR194710150,neilr101,KCR,2,1,value,4,4,0,0,0,0,0,0,0,0,0,0,0,,0,0,0,0,0,,,,19471015,0,LOS02,h,ASF,0,1,0,exhibition,y,d
KCR194710150,steee102,KCR,3,1,value,4,3,0,1,1,0,0,0,0,0,0,1,0,,0,0,0,0,0,,,,19471015,0,LOS02,h,ASF,0,1,0,exhibition,y,d
KCR194710150,davip102,KCR,4,1,value,4,4,1,1,0,0,1,1,0,0,0,0,0,,0,0,1,0,0,,,,19471015,0,LOS02,h,ASF,0,1,0,exhibition,y,d
KCR194710150,hoskb101,KCR,5,1,value,3,3,0,0,0,0,0,0,0,0,0,0,0,,0,0,0,0,0,,,,19471015,0,LOS02,h,ASF,0,1,0,exhibition,y,d
KCR194710150,scotj106,KCR,6,1,value,3,3,0,1,0,0,0,0,0,0,0,0,0,,0,0,0,0,1,,,,19471015,0,LOS02,h,ASF,0,1,0,exhibition,y,d
KCR194710150,tatug101,KCR,7,1,value,3,3,0,0,0,0,0,0,0,0,0,0,0,,0,0,1,0,0,,,,19471015,0,LOS02,h,ASF,0,1,0,exhibition,y,d
KCR194710150,greej108,KCR,8,1,value,1,1,0,0,0,0,0,0,0,0,0,0,0,,0,0,0,0,0,,,,19471015,0,LOS02,h,ASF,0,1,0,exhibition,y,d
KCR194710150,haywb102,KCR,8,2,value,2,2,0,0,0,0,0,0,0,0,0,0,0,,0,0,0,0,0,,,,19471015,0,LOS02,h,ASF,0,1,0,exhibition,y,d
KCR194710150,paigs101,KCR,9,1,value,1,1,0,1,0,0,0,0,0,0,0,0,0,,0,0,0,0,0,,,,19471015,0,LOS02,h,ASF,0,1,0,exhibition,y,d
KCR194710150,willj112,KCR,9,2,value,2,2,0,0,0,0,0,0,0,0,0,0,0,,0,0,0,0,0,,,,19471015,0,LOS02,h,ASF,0,1,0,exhibition,y,d
ASF194710160,willj111,KCR,1,1,value,4,3,0,0,0,0,0,0,0,0,0,1,0,,0,0,0,0,0,,,,19471016,0,OAK02,v,ASF,0,1,0,exhibition,y,d
ASF194710160,neilr101,KCR,2,1,value,4,4,0,1,0,0,0,0,0,0,0,0,0,,0,0,0,0,0,,,,19471016,0,OAK02,v,ASF,0,1,0,exhibition,y,d
ASF194710160,steee102,KCR,3,1,value,3,3,0,0,0,0,0,0,0,0,0,0,0,,0,0,0,0,1,,,,19471016,0,OAK02,v,ASF,0,1,0,exhibition,y,d
ASF194710160,renfc101,KCR,3,2,value,1,1,1,1,0,0,0,0,0,0,0,0,0,,0,0,0,0,0,,,,19471016,0,OAK02,v,ASF,0,1,0,exhibition,y,d
ASF194710160,davip102,KCR,4,1,value,4,3,0,0,0,0,0,0,1,0,0,0,0,,0,0,0,0,0,,,,19471016,0,OAK02,v,ASF,0,1,0,exhibition,y,d
ASF194710160,hoskb101,KCR,5,1,value,4,4,0,1,0,0,0,0,0,0,0,0,0,,0,0,0,0,0,,,,19471016,0,OAK02,v,ASF,0,1,0,exhibition,y,d
ASF194710160,scotj106,KCR,6,1,value,4,4,0,1,0,0,0,1,0,0,0,0,0,,0,0,0,0,0,,,,19471016,0,OAK02,v,ASF,0,1,0,exhibition,y,d
ASF194710160,tatug101,KCR,7,1,value,3,3,0,1,0,0,0,0,0,0,0,0,0,,0,0,0,0,0,,,,19471016,0,OAK02,v,ASF,0,1,0,exhibition,y,d
ASF194710160,greej108,KCR,8,1,value,3,3,0,0,0,0,0,0,0,0,0,0,0,,0,0,0,0,0,,,,19471016,0,OAK02,v,ASF,0,1,0,exhibition,y,d
ASF194710160,mccow102,KCR,9,1,value,3,3,0,0,0,0,0,0,0,0,0,0,0,,0,0,0,0,0,,,,19471016,0,OAK02,v,ASF,0,1,0,exhibition,y,d
ASF194710160,fainf101,ASF,1,1,value,3,3,0,0,0,0,0,1,0,0,0,0,0,,0,0,0,0,0,,,,19471016,0,OAK02,h,KCR,1,0,0,exhibition,y,d
ASF194710160,lopae101,ASF,1,2,value,1,1,0,0,0,0,0,0,0,0,0,0,0,,0,0,0,0,0,,,,19471016,0,OAK02,h,KCR,1,0,0,exhibition,y,d
ASF194710160,lemob101,ASF,2,1,value,4,4,1,2,0,0,1,1,0,0,0,0,0,,0,0,0,0,0,,,,19471016,0,OAK02,h,KCR,1,0,0,exhibition,y,d
ASF194710160,pafka101,ASF,3,1,value,4,4,1,1,0,0,0,0,0,0,0,0,0,,0,0,0,0,0,,,,19471016,0,OAK02,h,KCR,1,0,0,exhibition,y,d
ASF194710160,kiner101,ASF,4,1,value,4,4,1,2,0,0,0,0,0,0,0,0,0,,0,0,0,0,0,,,,19471016,0,OAK02,h,KCR,1,0,0,exhibition,y,d
ASF194710160,heatj101,ASF,5,1,value,4,4,1,2,1,0,1,3,0,0,0,0,0,,0,0,0,0,0,,,,19471016,0,OAK02,h,KCR,1,0,0,exhibition,y,d
ASF194710160,mille104,ASF,6,1,value,3,3,0,0,0,0,0,0,0,0,0,0,0,,0,0,0,0,0,,,,19471016,0,OAK02,h,KCR,1,0,0,exhibition,y,d
ASF194710160,patkm801,ASF,6,2,value,1,1,0,0,0,0,0,0,0,0,0,0,0,,0,0,0,0,0,,,,19471016,0,OAK02,h,KCR,1,0,0,exhibition,y,d
ASF194710160,pridj101,ASF,7,1,value,4,3,1,0,0,0,0,0,0,0,0,1,0,,0,0,0,0,1,,,,19471016,0,OAK02,h,KCR,1,0,0,exhibition,y,d
ASF194710160,hegaj101,ASF,8,1,value,3,3,0,1,0,0,0,0,0,0,0,0,0,,0,0,0,0,0,,,,19471016,0,OAK02,h,KCR,1,0,0,exhibition,y,d
ASF194710160,fellb101,ASF,9,1,value,2,2,1,0,0,0,0,0,0,0,0,0,0,,0,0,0,0,0,,,,19471016,0,OAK02,h,KCR,1,0,0,exhibition,y,d
ASF194710160,mccab106,ASF,9,2,value,1,1,0,0,0,0,0,0,0,0,0,0,0,,0,0,0,0,0,,,,19471016,0,OAK02,h,KCR,1,0,0,exhibition,y,d
KCR194710170,fellb101,ASF,,,value,,,,,,,,,,,,,,,,,,,,,,,19471017,0,SFO01,v,KCR,1,0,0,exhibition,,
KCR194710170,hegaj101,ASF,,,value,,,,,,,,,,,,,,,,,,,,,,,19471017,0,SFO01,v,KCR,1,0,0,exhibition,,
KCR194710170,kiner101,ASF,,,value,,,1,1,,,1,3,,,,,,,,,,,,,,,19471017,0,SFO01,v,KCR,1,0,0,exhibition,,
KCR194710170,marcp101,ASF,,,value,,,,,,,,,,,,,,,,,,,,,,,19471017,0,SFO01,v,KCR,1,0,0,exhibition,,
KCR194710170,pafka101,ASF,,,value,,,,1,1,,,3,,,,,,,,,,,,,,,19471017,0,SFO01,v,KCR,1,0,0,exhibition,,
KCR194710170,greej108,KCR,,,value,,,,,,,,,,,,,,,,,,,,,,,19471017,0,SFO01,h,ASF,0,1,0,exhibition,,
KCR194710170,newbj101,KCR,,,value,,,,,,,,,,,,,,,,,,,,,,,19471017,0,SFO01,h,ASF,0,1,0,exhibition,,
ASF194710180,greej108,KCR,,,value,,,,,,,,,,,,,,,,,,,,,,,19471018,0,SAN03,v,ASF,1,0,0,exhibition,,
ASF194710180,mccow102,KCR,,,value,,,,,,,,,,,,,,,,,,,,,,,19471018,0,SAN03,v,ASF,1,0,0,exhibition,,
ASF194710180,renfc101,KCR,,,value,,,,,,,,,,,,,,,,,,,,,,,19471018,0,SAN03,v,ASF,1,0,0,exhibition,,
ASF194710180,richg102,KCR,,,value,,,,,,,,,,,,,,,,,,,,,,,19471018,0,SAN03,v,ASF,1,0,0,exhibition,,
ASF194710180,steee102,KCR,,,value,,,,,,,,,,,,,,,,,,,,,,,19471018,0,SAN03,v,ASF,1,0,0,exhibition,,
ASF194710180,willj111,KCR,,,value,,,,1,,,,,,,,,,,,,,,,,,,19471018,0,SAN03,v,ASF,1,0,0,exhibition,,
ASF194710180,fellb101,ASF,,,value,,,,,,,,,,,,,,,,,,,,,,,19471018,0,SAN03,h,KCR,0,1,0,exhibition,,
ASF194710180,hegaj101,ASF,,,value,,,,,,,,,,,,,,,,,,,,,,,19471018,0,SAN03,h,KCR,0,1,0,exhibition,,
ASF194710180,lopae101,ASF,,,value,,,,,,,,,,,,,,,,,,,,,,,19471018,0,SAN03,h,KCR,0,1,0,exhibition,,
ASF194710180,pafka101,ASF,,,value,,,,,,,1,,,,,,,,,,,,,,,,19471018,0,SAN03,h,KCR,0,1,0,exhibition,,
ASF194710180,pridj101,ASF,,,value,,,,,,,1,,,,,,,,,,,,,,,,19471018,0,SAN03,h,KCR,0,1,0,exhibition,,
KCR194710190,fainf101,ASF,1,1,value,4,4,0,0,0,0,0,0,0,0,0,0,0,,0,0,0,0,0,,,,19471019,0,LOS02,v,KCR,1,0,0,exhibition,y,d
KCR194710190,lemob101,ASF,2,1,value,4,4,0,0,0,0,0,0,0,0,0,0,0,,0,0,0,0,0,,,,19471019,0,LOS02,v,KCR,1,0,0,exhibition,y,d
KCR194710190,pafka101,ASF,3,1,value,4,4,1,2,0,0,1,1,0,0,0,0,0,,0,0,0,0,0,,,,19471019,0,LOS02,v,KCR,1,0,0,exhibition,y,d
KCR194710190,kiner101,ASF,4,1,value,4,4,0,0,0,0,0,0,0,0,0,0,0,,0,0,0,0,0,,,,19471019,0,LOS02,v,KCR,1,0,0,exhibition,y,d
KCR194710190,heatj101,ASF,5,1,value,4,3,0,0,0,0,0,0,0,0,0,1,0,,0,0,0,0,0,,,,19471019,0,LOS02,v,KCR,1,0,0,exhibition,y,d
KCR194710190,mille104,ASF,6,1,value,4,4,0,0,0,0,0,0,0,0,0,0,0,,0,0,0,0,0,,,,19471019,0,LOS02,v,KCR,1,0,0,exhibition,y,d
KCR194710190,pridj101,ASF,7,1,value,3,3,1,2,0,0,1,1,0,0,0,0,0,,1,0,0,0,0,,,,19471019,0,LOS02,v,KCR,1,0,0,exhibition,y,d
KCR194710190,hegaj101,ASF,8,1,value,3,3,0,1,1,0,0,0,0,0,0,0,0,,0,0,0,0,0,,,,19471019,0,LOS02,v,KCR,1,0,0,exhibition,y,d
KCR194710190,fellb101,ASF,9,1,value,2,2,0,0,0,0,0,0,0,0,0,0,0,,0,0,0,0,0,,,,19471019,0,LOS02,v,KCR,1,0,0,exhibition,y,d
KCR194710190,mccab106,ASF,9,2,value,1,1,0,0,0,0,0,0,0,0,0,0,0,,0,0,0,0,0,,,,19471019,0,LOS02,v,KCR,1,0,0,exhibition,y,d
KCR194710190,willj111,KCR,1,1,value,4,3,0,0,0,0,0,0,0,0,0,1,0,,0,0,0,0,0,,,,19471019,0,LOS02,h,ASF,0,1,0,exhibition,y,d
KCR194710190,neilr101,KCR,2,1,value,4,4,0,0,0,0,0,0,0,0,0,0,0,,0,0,0,0,1,,,,19471019,0,LOS02,h,ASF,0,1,0,exhibition,y,d
KCR194710190,steee102,KCR,3,1,value,4,3,0,1,0,0,0,0,0,0,0,1,0,,0,0,0,0,0,,,,19471019,0,LOS02,h,ASF,0,1,0,exhibition,y,d
KCR194710190,davip102,KCR,4,1,value,4,4,0,0,0,0,0,0,0,0,0,0,0,,0,0,1,0,0,,,,19471019,0,LOS02,h,ASF,0,1,0,exhibition,y,d
KCR194710190,hoskb101,KCR,5,1,value,4,4,1,1,0,0,0,0,0,0,0,0,0,,1,0,0,0,0,,,,19471019,0,LOS02,h,ASF,0,1,0,exhibition,y,d
KCR194710190,scotj106,KCR,6,1,value,1,1,0,0,0,0,0,0,0,0,0,0,0,,0,0,0,0,0,,,,19471019,0,LOS02,h,ASF,0,1,0,exhibition,y,d
KCR194710190,renfc101,KCR,6,2,value,3,3,0,0,0,0,0,0,0,0,0,0,0,,0,0,0,0,0,,1,,19471019,0,LOS02,h,ASF,0,1,0,exhibition,y,d
KCR194710190,tatug101,KCR,7,1,value,3,3,0,1,0,0,0,1,0,0,0,0,0,,1,0,0,0,0,,,,19471019,0,LOS02,h,ASF,0,1,0,exhibition,y,d
KCR194710190,greej108,KCR,8,1,value,3,3,0,0,0,0,0,0,0,0,0,0,0,,0,0,0,0,0,,,,19471019,0,LOS02,h,ASF,0,1,0,exhibition,y,d
KCR194710190,paigs101,KCR,9,1,value,2,2,0,0,0,0,0,0,0,0,0,0,0,,0,0,0,0,0,,,,19471019,0,LOS02,h,ASF,0,1,0,exhibition,y,d
KCR194710190,willj112,KCR,9,2,value,1,1,0,1,0,0,0,0,0,0,0,0,0,,0,0,0,0,0,,,,19471019,0,LOS02,h,ASF,0,1,0,exhibition,y,d
KCR194710230,dillb102,MLS,1,1,value,6,5,0,1,0,0,0,0,0,0,0,1,0,,0,1,0,0,0,,,,19471023,0,LOS02,v,KCR,0,1,0,exhibition,y,d
KCR194710230,lowrp101,MLS,2,1,value,6,5,1,0,0,0,0,1,0,0,0,1,0,,0,0,0,0,0,,,,19471023,0,LOS02,v,KCR,0,1,0,exhibition,y,d
KCR194710230,metkg101,MLS,3,1,value,6,6,1,1,0,0,0,1,0,0,0,0,0,,0,0,0,0,1,,,,19471023,0,LOS02,v,KCR,0,1,0,exhibition,y,d
KCR194710230,lindj101,MLS,4,1,value,6,6,0,0,0,0,0,0,0,0,0,0,0,,0,0,0,0,0,,,,19471023,0,LOS02,v,KCR,0,1,0,exhibition,y,d
KCR194710230,zaria101,MLS,5,1,value,5,4,0,2,0,0,0,0,0,0,0,1,0,,0,0,0,0,0,,,,19471023,0,LOS02,v,KCR,0,1,0,exhibition,y,d
KCR194710230,beraj101,MLS,6,1,value,3,3,0,0,0,0,0,0,0,0,0,0,0,,0,0,1,0,0,,,,19471023,0,LOS02,v,KCR,0,1,0,exhibition,y,d
KCR194710230,stasb101,MLS,6,2,value,0,0,0,0,0,0,0,0,0,0,0,0,0,,0,0,0,0,0,,,,19471023,0,LOS02,v,KCR,0,1,0,exhibition,y,d
KCR194710230,bocke101,MLS,6,3,value,2,2,0,0,0,0,0,1,0,0,0,0,0,,0,0,0,0,0,,1,,19471023,0,LOS02,v,KCR,0,1,0,exhibition,y,d
KCR194710230,sturb101,MLS,7,1,value,5,5,0,2,0,0,0,0,0,0,0,0,0,,0,0,0,0,0,,,,19471023,0,LOS02,v,KCR,0,1,0,exhibition,y,d
KCR194710230,partr101,MLS,8,1,value,5,5,1,3,1,0,0,0,0,0,0,0,0,,0,0,0,0,0,,,,19471023,0,LOS02,v,KCR,0,1,0,exhibition,y,d
KCR194710230,blace102,MLS,9,1,value,2,2,0,0,0,0,0,0,0,0,0,0,0,,0,0,0,0,0,,,,19471023,0,LOS02,v,KCR,0,1,0,exhibition,y,d
KCR194710230,florj101,MLS,9,2,value,3,2,0,0,0,0,0,0,1,0,0,0,0,,0,0,1,0,0,,,,19471023,0,LOS02,v,KCR,0,1,0,exhibition,y,d
KCR194710230,willj111,KCR,1,1,value,6,6,0,2,0,0,0,0,0,0,0,0,0,,0,1,0,0,0,,,,19471023,0,LOS02,h,MLS,1,0,0,exhibition,y,d
KCR194710230,neilr101,KCR,2,1,value,6,5,1,1,0,0,0,0,0,0,0,1,0,,0,0,0,0,0,,,,19471023,0,LOS02,h,MLS,1,0,0,exhibition,y,d
KCR194710230,steee102,KCR,3,1,value,6,4,1,1,1,0,0,0,0,0,0,2,0,,0,0,0,0,0,,,,19471023,0,LOS02,h,MLS,1,0,0,exhibition,y,d
KCR194710230,davip102,KCR,4,1,value,6,6,1,1,0,0,0,0,0,0,0,0,0,,0,0,0,0,0,,,,19471023,0,LOS02,h,MLS,1,0,0,exhibition,y,d
KCR194710230,hoskb101,KCR,5,1,value,6,5,0,1,1,0,0,1,0,0,0,1,0,,0,0,0,0,0,,,,19471023,0,LOS02,h,MLS,1,0,0,exhibition,y,d
KCR194710230,renfc101,KCR,6,1,value,6,4,1,1,0,0,0,0,0,0,1,1,0,,0,0,0,0,0,,,,19471023,0,LOS02,h,MLS,1,0,0,exhibition,y,d
KCR194710230,tatug101,KCR,7,1,value,6,5,0,1,0,0,0,2,0,0,0,1,0,,0,0,0,0,0,,,,19471023,0,LOS02,h,MLS,1,0,0,exhibition,y,d
KCR194710230,haywb102,KCR,8,1,value,5,5,0,0,0,0,0,0,0,0,0,0,0,,0,0,0,0,0,,,,19471023,0,LOS02,h,MLS,1,0,0,exhibition,y,d
KCR194710230,paigs101,KCR,9,1,value,2,2,0,1,0,0,0,1,0,0,0,0,0,,0,0,0,0,0,,,,19471023,0,LOS02,h,MLS,1,0,0,exhibition,y,d
KCR194710230,newbj101,KCR,9,2,value,3,3,0,0,0,0,0,0,0,0,0,0,0,,0,0,0,0,0,,,,19471023,0,LOS02,h,MLS,1,0,0,exhibition,y,d
KCR194710260,dillb102,MLS,1,1,value,4,4,0,1,0,0,0,0,0,0,0,0,0,,1,0,0,0,0,,,,19471026,0,LOS02,v,KCR,0,1,0,exhibition,y,d
KCR194710260,lowrp101,MLS,2,1,value,4,4,0,0,0,0,0,0,0,0,0,0,0,,0,0,0,0,0,,,,19471026,0,LOS02,v,KCR,0,1,0,exhibition,y,d
KCR194710260,metkg101,MLS,3,1,value,4,4,0,0,0,0,0,0,0,0,0,0,0,,0,0,0,0,0,,,,19471026,0,LOS02,v,KCR,0,1,0,exhibition,y,d
KCR194710260,lindj101,MLS,4,1,value,4,4,1,0,0,0,0,0,0,0,0,0,0,,0,0,0,0,1,,,,19471026,0,LOS02,v,KCR,0,1,0,exhibition,y,d
KCR194710260,zaria101,MLS,5,1,value,4,4,1,2,0,0,1,2,0,0,0,0,0,,1,0,0,0,0,,,,19471026,0,LOS02,v,KCR,0,1,0,exhibition,y,d
KCR194710260,beraj101,MLS,6,1,value,4,4,0,1,0,0,0,0,0,0,0,0,0,,0,0,0,0,1,,,,19471026,0,LOS02,v,KCR,0,1,0,exhibition,y,d
KCR194710260,sturb101,MLS,7,1,value,2,2,0,1,0,0,0,0,0,0,0,0,0,,1,0,0,0,0,,,,19471026,0,LOS02,v,KCR,0,1,0,exhibition,y,d
KCR194710260,bocke101,MLS,7,2,value,2,2,0,0,0,0,0,0,0,0,0,0,0,,0,0,0,0,0,,,,19471026,0,LOS02,v,KCR,0,1,0,exhibition,y,d
KCR194710260,partr101,MLS,8,1,value,3,3,0,1,0,0,0,0,0,0,0,0,0,,0,0,0,0,1,,,,19471026,0,LOS02,v,KCR,0,1,0,exhibition,y,d
KCR194710260,camec101,MLS,8,2,value,1,1,0,0,0,0,0,0,0,0,0,0,0,,0,0,0,0,0,,,,19471026,0,LOS02,v,KCR,0,1,0,exhibition,y,d
KCR194710260,blace102,MLS,9,1,value,2,1,0,0,0,0,0,0,1,0,0,0,0,,0,0,0,0,0,,,,19471026,0,LOS02,v,KCR,0,1,0,exhibition,y,d
KCR194710260,stasb101,MLS,9,2,value,1,1,0,0,0,0,0,0,0,0,0,0,0,,0,0,0,0,0,,,,19471026,0,LOS02,v,KCR,0,1,0,exhibition,y,d
KCR194710260,willj111,KCR,1,1,value,4,3,1,1,0,1,0,0,0,0,0,1,0,,1,0,0,0,0,,,,19471026,0,LOS02,h,MLS,1,0,0,exhibition,y,d
KCR194710260,neilr101,KCR,2,1,value,4,3,1,1,0,0,0,0,0,0,0,1,0,,1,0,0,0,1,,,,19471026,0,LOS02,h,MLS,1,0,0,exhibition,y,d
KCR194710260,steee102,KCR,3,1,value,4,2,0,0,0,0,0,1,0,0,0,2,0,,0,0,0,0,0,,,,19471026,0,LOS02,h,MLS,1,0,0,exhibition,y,d
KCR194710260,davip102,KCR,4,1,value,4,4,1,2,1,0,0,1,0,0,0,0,0,,0,0,0,0,0,,,,19471026,0,LOS02,h,MLS,1,0,0,exhibition,y,d
KCR194710260,hoskb101,KCR,5,1,value,4,4,0,1,0,0,0,0,0,0,0,0,0,,0,0,0,0,0,,,,19471026,0,LOS02,h,MLS,1,0,0,exhibition,y,d
KCR194710260,renfc101,KCR,6,1,value,4,3,0,1,0,0,0,0,0,0,0,1,0,,0,0,0,0,0,,,,19471026,0,LOS02,h,MLS,1,0,0,exhibition,y,d
KCR194710260,aberr101,KCR,7,1,value,4,4,0,1,0,0,0,1,0,0,0,0,0,,0,0,0,0,0,,,,19471026,0,LOS02,h,MLS,1,0,0,exhibition,y,d
KCR194710260,haywb102,KCR,8,1,value,2,2,0,0,0,0,0,0,0,0,0,0,0,,0,0,0,0,0,,,,19471026,0,LOS02,h,MLS,1,0,0,exhibition,y,d
KCR194710260,greej108,KCR,8,2,value,1,1,0,0,0,0,0,0,0,0,0,0,0,,0,0,0,0,0,,,,19471026,0,LOS02,h,MLS,1,0,0,exhibition,y,d
KCR194710260,paigs101,KCR,9,1,value,1,1,0,0,0,0,0,0,0,0,0,0,0,,0,0,0,0,0,,,,19471026,0,LOS02,h,MLS,1,0,0,exhibition,y,d
KCR194710260,newbj101,KCR,9,2,value,2,2,0,0,0,0,0,0,0,0,0,0,0,,0,0,0,0,0,,,,19471026,0,LOS02,h,MLS,1,0,0,exhibition,y,d
KCR194711020,lowrp101,ASF,1,1,value,4,4,0,0,0,0,0,0,0,0,0,0,0,,0,0,0,0,0,,,,19471102,0,LOS02,v,KCR,0,1,0,exhibition,y,d
KCR194711020,bocke101,ASF,2,1,value,4,4,0,0,0,0,0,0,0,0,0,0,0,,0,0,0,0,0,,,,19471102,0,LOS02,v,KCR,0,1,0,exhibition,y,d
KCR194711020,stevc101,ASF,3,1,value,4,3,0,0,0,0,0,0,0,0,0,1,0,,0,0,0,0,0,,,,19471102,0,LOS02,v,KCR,0,1,0,exhibition,y,d
KCR194711020,grahj101,ASF,4,1,value,4,4,0,0,0,0,0,0,0,0,0,0,0,,0,0,0,0,0,,,,19471102,0,LOS02,v,KCR,0,1,0,exhibition,y,d
KCR194711020,lemob101,ASF,5,1,value,3,3,0,1,1,0,0,0,0,0,0,0,0,,0,0,0,0,0,,,,19471102,0,LOS02,v,KCR,0,1,0,exhibition,y,d
KCR194711020,mapec101,ASF,5,2,value,1,1,0,0,0,0,0,0,0,0,0,0,0,,0,0,0,0,0,,1,,19471102,0,LOS02,v,KCR,0,1,0,exhibition,y,d
KCR194711020,pridj101,ASF,6,1,value,4,3,0,1,0,0,0,0,0,0,0,1,0,,0,0,0,0,0,,,,19471102,0,LOS02,v,KCR,0,1,0,exhibition,y,d
KCR194711020,sturb101,ASF,7,1,value,4,4,0,2,1,0,0,0,0,0,0,0,0,,0,0,0,0,1,,,,19471102,0,LOS02,v,KCR,0,1,0,exhibition,y,d
KCR194711020,partr101,ASF,8,1,value,4,2,0,0,0,0,0,0,0,0,0,2,0,,0,0,0,0,0,,,,19471102,0,LOS02,v,KCR,0,1,0,exhibition,y,d
KCR194711020,fellb101,ASF,9,1,value,3,3,0,0,0,0,0,0,0,0,0,0,0,,0,0,0,0,0,,,,19471102,0,LOS02,v,KCR,0,1,0,exhibition,y,d
KCR194711020,willj111,KCR,1,1,value,5,5,1,2,0,0,0,1,0,0,0,0,0,,0,0,0,0,0,,,,19471102,0,LOS02,h,ASF,1,0,0,exhibition,y,d
KCR194711020,neilr101,KCR,2,1,value,5,5,1,1,0,0,0,0,0,0,0,0,0,,0,0,0,0,0,,,,19471102,0,LOS02,h,ASF,1,0,0,exhibition,y,d
KCR194711020,steee102,KCR,3,1,value,4,4,1,1,0,0,0,1,0,0,0,0,0,,0,0,0,0,0,,,,19471102,0,LOS02,h,ASF,1,0,0,exhibition,y,d
KCR194711020,davip102,KCR,4,1,value,4,3,1,2,0,0,1,1,0,0,0,1,0,,0,0,0,0,0,,,,19471102,0,LOS02,h,ASF,1,0,0,exhibition,y,d
KCR194711020,hoskb101,KCR,5,1,value,4,3,1,1,0,0,0,1,0,0,1,0,0,,0,0,0,0,1,,,,19471102,0,LOS02,h,ASF,1,0,0,exhibition,y,d
KCR194711020,renfc101,KCR,6,1,value,4,4,1,1,0,0,0,0,0,0,0,0,0,,0,0,0,0,1,,,,19471102,0,LOS02,h,ASF,1,0,0,exhibition,y,d
KCR194711020,aberr101,KCR,7,1,value,4,4,0,1,0,0,0,2,0,0,0,0,0,,0,0,1,0,0,,,,19471102,0,LOS02,h,ASF,1,0,0,exhibition,y,d
KCR194711020,greej108,KCR,8,1,value,3,2,1,1,0,0,1,1,0,0,1,0,0,,0,0,0,0,0,,,,19471102,0,LOS02,h,ASF,1,0,0,exhibition,y,d
KCR194711020,haywb102,KCR,8,2,value,1,1,1,1,0,0,0,0,0,0,0,0,0,,0,0,0,0,0,,,,19471102,0,LOS02,h,ASF,1,0,0,exhibition,y,d
KCR194711020,paigs101,KCR,9,1,value,4,3,0,0,0,0,0,0,1,0,0,0,0,,0,0,0,0,0,,,,19471102,0,LOS02,h,ASF,1,0,0,exhibition,y,d
KCR194810170,bocke101,MLS,1,1,value,5,5,0,0,0,0,0,0,0,0,0,0,0,,0,0,0,0,0,,,,19481017,0,LOS02,v,KCR,1,0,0,exhibition,y,d
KCR194810170,stevc101,MLS,2,1,value,2,2,0,0,0,0,0,0,0,0,0,0,0,,0,0,0,0,0,,,,19481017,0,LOS02,v,KCR,1,0,0,exhibition,y,d
KCR194810170,vicos101,MLS,2,2,value,2,0,0,0,0,0,0,0,0,0,1,1,0,,0,0,0,0,0,,1,,19481017,0,LOS02,v,KCR,1,0,0,exhibition,y,d
KCR194810170,beraj101,MLS,3,1,value,4,4,0,1,1,0,0,2,0,0,0,0,0,,0,0,0,0,0,,,,19481017,0,LOS02,v,KCR,1,0,0,exhibition,y,d
KCR194810170,mapec101,MLS,4,1,value,4,4,0,0,0,0,0,0,0,0,0,0,0,,0,0,0,0,0,,,,19481017,0,LOS02,v,KCR,1,0,0,exhibition,y,d
KCR194810170,zaria101,MLS,5,1,value,4,4,1,2,0,0,1,1,0,0,0,0,0,,0,1,0,0,0,,,,19481017,0,LOS02,v,KCR,1,0,0,exhibition,y,d
KCR194810170,jonen101,MLS,6,1,value,4,4,0,0,0,0,0,0,0,0,0,0,0,,0,0,0,0,0,,,,19481017,0,LOS02,v,KCR,1,0,0,exhibition,y,d
KCR194810170,langd102,MLS,7,1,value,4,2,1,0,0,0,0,0,0,0,1,1,0,,0,0,0,0,0,,,,19481017,0,LOS02,v,KCR,1,0,0,exhibition,y,d
KCR194810170,partr101,MLS,8,1,value,4,3,1,1,1,0,0,0,0,0,0,1,0,,0,0,0,0,0,,,,19481017,0,LOS02,v,KCR,1,0,0,exhibition,y,d
KCR194810170,lemob101,MLS,9,1,value,2,1,0,0,0,0,0,0,0,0,0,1,0,,0,0,0,0,0,,,,19481017,0,LOS02,v,KCR,1,0,0,exhibition,y,d
KCR194810170,caplb101,MLS,9,2,value,2,1,1,0,0,0,0,0,0,0,0,1,0,,0,0,0,0,0,,,,19481017,0,LOS02,v,KCR,1,0,0,exhibition,y,d
KCR194810170,willj111,KCR,1,1,value,4,4,0,0,0,0,0,0,0,0,0,0,0,,0,0,0,0,0,,,,19481017,0,LOS02,h,MLS,0,1,0,exhibition,y,d
KCR194810170,warea101,KCR,2,1,value,4,4,1,1,0,0,0,0,0,0,0,0,0,,0,0,0,0,0,,,,19481017,0,LOS02,h,MLS,0,1,0,exhibition,y,d
KCR194810170,soueh101,KCR,3,1,value,4,4,1,1,1,0,0,0,0,0,0,0,0,,0,0,0,0,0,,,,19481017,0,LOS02,h,MLS,0,1,0,exhibition,y,d
KCR194810170,kelll101,KCR,4,1,value,4,4,0,0,0,0,0,0,0,0,0,0,0,,0,0,0,0,0,,,,19481017,0,LOS02,h,MLS,0,1,0,exhibition,y,d
KCR194810170,robin101,KCR,5,1,value,3,3,0,1,1,0,0,2,0,0,0,0,0,,0,0,0,0,0,,,,19481017,0,LOS02,h,MLS,0,1,0,exhibition,y,d
KCR194810170,steee102,KCR,5,2,value,1,0,0,0,0,0,0,0,0,0,0,1,0,,0,0,0,0,0,,1,,19481017,0,LOS02,h,MLS,0,1,0,exhibition,y,d
KCR194810170,neilr101,KCR,6,1,value,4,4,0,1,0,0,0,0,0,0,0,0,0,,0,0,0,0,0,,,,19481017,0,LOS02,h,MLS,0,1,0,exhibition,y,d
KCR194810170,renfc101,KCR,7,1,value,3,3,0,0,0,0,0,0,0,0,0,0,0,,0,0,0,0,0,,,,19481017,0,LOS02,h,MLS,0,1,0,exhibition,y,d
KCR194810170,haywb102,KCR,8,1,value,1,1,0,0,0,0,0,0,0,0,0,0,0,,0,0,0,0,0,,,,19481017,0,LOS02,h,MLS,0,1,0,exhibition,y,d
KCR194810170,hairs101,KCR,8,2,value,2,2,0,1,1,0,0,0,0,0,0,0,0,,0,0,0,0,0,,,,19481017,0,LOS02,h,MLS,0,1,0,exhibition,y,d
KCR194810170,paigs101,KCR,9,1,value,1,1,0,0,0,0,0,0,0,0,0,0,0,,0,0,0,0,0,,,,19481017,0,LOS02,h,MLS,0,1,0,exhibition,y,d
KCR194810170,smite111,KCR,9,2,value,2,2,0,0,0,0,0,0,0,0,0,0,0,1,0,0,0,0,0,,1,,19481017,0,LOS02,h,MLS,0,1,0,exhibition,y,d
KCR194810240,bocke101,MLS,1,1,value,5,5,1,2,0,0,0,0,0,0,0,0,0,,0,0,0,0,0,,,,19481024,0,LOS02,v,KCR,0,1,0,exhibition,y,d
KCR194810240,vicos101,MLS,2,1,value,3,3,0,1,0,0,0,0,0,0,0,0,0,,1,0,0,0,1,,,,19481024,0,LOS02,v,KCR,0,1,0,exhibition,y,d
KCR194810240,stevc101,MLS,2,2,value,2,0,0,0,0,0,0,0,1,0,0,1,0,,0,0,0,0,1,,,,19481024,0,LOS02,v,KCR,0,1,0,exhibition,y,d
KCR194810240,beraj101,MLS,3,1,value,5,5,0,1,0,0,0,2,0,0,0,0,0,,0,0,1,0,0,,,,19481024,0,LOS02,v,KCR,0,1,0,exhibition,y,d
KCR194810240,mapec101,MLS,4,1,value,5,3,1,1,0,0,1,1,0,0,1,1,0,,0,1,0,0,0,,,,19481024,0,LOS02,v,KCR,0,1,0,exhibition,y,d
KCR194810240,zaria101,MLS,5,1,value,5,4,0,2,1,0,0,0,0,0,0,1,0,,0,0,0,0,0,,,,19481024,0,LOS02,v,KCR,0,1,0,exhibition,y,d
KCR194810240,jonen101,MLS,6,1,value,4,4,0,0,0,0,0,0,0,0,0,0,0,1,0,0,0,0,0,,,,19481024,0,LOS02,v,KCR,0,1,0,exhibition,y,d
KCR194810240,langd102,MLS,7,1,value,4,3,0,0,0,0,0,0,0,0,0,1,0,,0,0,0,0,0,,,,19481024,0,LOS02,v,KCR,0,1,0,exhibition,y,d
KCR194810240,partr101,MLS,8,1,value,3,3,0,1,0,0,0,0,0,0,0,0,0,,0,0,0,0,0,,,,19481024,0,LOS02,v,KCR,0,1,0,exhibition,y,d
KCR194810240,gardj103,MLS,8,2,value,1,1,1,1,0,0,0,0,0,0,0,0,0,,0,0,0,0,0,,,,19481024,0,LOS02,v,KCR,0,1,0,exhibition,y,d
KCR194810240,bearg102,MLS,9,1,value,2,2,0,1,0,0,0,0,0,0,0,0,0,,0,0,0,0,0,,,,19481024,0,LOS02,v,KCR,0,1,0,exhibition,y,d
KCR194810240,caplb101,MLS,9,2,value,2,1,0,0,0,0,0,0,1,0,0,0,0,,0,0,0,0,0,,,,19481024,0,LOS02,v,KCR,0,1,0,exhibition,y,d
KCR194810240,willj111,KCR,1,1,value,4,4,1,2,1,0,0,0,0,0,0,0,0,,0,0,0,0,0,,,,19481024,0,LOS02,h,MLS,1,0,0,exhibition,y,d
KCR194810240,warea101,KCR,2,1,value,4,4,0,2,0,0,0,1,0,0,0,0,0,,1,0,0,0,0,,,,19481024,0,LOS02,h,MLS,1,0,0,exhibition,y,d
KCR194810240,kelll101,KCR,3,1,value,4,4,0,0,0,0,0,0,0,0,0,0,0,,0,0,0,0,0,,,,19481024,0,LOS02,h,MLS,1,0,0,exhibition,y,d
KCR194810240,hairs101,KCR,4,1,value,4,4,0,2,0,0,0,0,0,0,0,0,0,,0,0,0,0,0,,,,19481024,0,LOS02,h,MLS,1,0,0,exhibition,y,d
KCR194810240,neilr101,KCR,5,1,value,4,4,1,1,0,0,0,0,0,0,0,0,0,,0,0,1,0,0,,,,19481024,0,LOS02,h,MLS,1,0,0,exhibition,y,d
KCR194810240,robin101,KCR,6,1,value,2,2,0,0,0,0,0,0,0,0,0,0,0,,0,0,0,0,0,,,,19481024,0,LOS02,h,MLS,1,0,0,exhibition,y,d
KCR194810240,steee102,KCR,6,2,value,1,0,0,0,0,0,0,0,0,0,0,1,0,,0,0,0,0,0,,1,,19481024,0,LOS02,h,MLS,1,0,0,exhibition,y,d
KCR194810240,smite111,KCR,7,1,value,3,3,1,1,0,0,1,1,0,0,0,0,0,,0,0,0,0,0,,,,19481024,0,LOS02,h,MLS,1,0,0,exhibition,y,d
KCR194810240,bellj103,KCR,8,1,value,3,3,1,1,0,0,0,0,0,0,0,0,0,,2,0,0,0,0,,,,19481024,0,LOS02,h,MLS,1,0,0,exhibition,y,d
KCR194810240,paigs101,KCR,9,1,value,1,0,0,0,0,0,0,0,1,0,0,0,0,,0,0,0,0,0,,,,19481024,0,LOS02,h,MLS,1,0,0,exhibition,y,d
KCR194810240,porta103,KCR,9,2,value,2,2,0,0,0,0,0,0,0,0,0,0,0,,0,0,0,0,0,,,,19481024,0,LOS02,h,MLS,1,0,0,exhibition,y,d
KCR194810240,lamaj102,KCR,9,3,value,0,0,0,0,0,0,0,0,0,0,0,0,0,,0,0,0,0,0,,,,19481024,0,LOS02,h,MLS,1,0,0,exhibition,y,d
MLS194810250,willj111,KCR,1,1,value,5,4,0,0,0,0,0,0,0,0,0,1,0,,0,0,0,0,0,,,,19481025,0,SAN03,v,MLS,1,0,0,exhibition,y,d
MLS194810250,warea101,KCR,2,1,value,5,3,1,0,0,0,0,0,1,0,0,1,0,,0,0,0,0,0,,,,19481025,0,SAN03,v,MLS,1,0,0,exhibition,y,d
MLS194810250,soueh101,KCR,3,1,value,5,5,2,3,0,1,0,0,0,0,0,0,0,,1,0,0,0,0,,,,19481025,0,SAN03,v,MLS,1,0,0,exhibition,y,d
MLS194810250,steee102,KCR,4,1,value,3,2,0,0,0,0,0,0,0,0,0,1,0,,0,0,0,0,0,,,,19481025,0,SAN03,v,MLS,1,0,0,exhibition,y,d
MLS194810250,kelll101,KCR,4,2,value,1,0,1,0,0,0,0,0,0,0,0,1,0,,0,0,0,0,0,,1,,19481025,0,SAN03,v,MLS,1,0,0,exhibition,y,d
MLS194810250,renfc101,KCR,4,3,value,1,1,0,0,0,0,0,1,0,0,0,0,0,,0,0,0,0,0,,1,,19481025,0,SAN03,v,MLS,1,0,0,exhibition,y,d
MLS194810250,smite111,KCR,5,1,value,5,5,0,1,0,0,0,0,0,0,0,0,0,,0,0,0,0,0,,,,19481025,0,SAN03,v,MLS,1,0,0,exhibition,y,d
MLS194810250,neilr101,KCR,6,1,value,4,4,1,2,1,0,0,1,0,0,0,0,0,,0,0,1,0,0,,,,19481025,0,SAN03,v,MLS,1,0,0,exhibition,y,d
MLS194810250,hairs101,KCR,7,1,value,4,3,1,2,1,0,0,0,0,0,0,1,0,,0,0,0,0,0,,,,19481025,0,SAN03,v,MLS,1,0,0,exhibition,y,d
MLS194810250,bellj103,KCR,8,1,value,2,2,0,0,0,0,0,0,0,0,0,0,0,,0,0,0,0,0,,,,19481025,0,SAN03,v,MLS,1,0,0,exhibition,y,d
MLS194810250,robin101,KCR,8,2,value,2,2,1,2,0,1,0,3,0,0,0,0,0,,0,0,0,0,0,,,,19481025,0,SAN03,v,MLS,1,0,0,exhibition,y,d
MLS194810250,paigs101,KCR,9,1,value,1,1,0,0,0,0,0,0,0,0,0,0,0,,0,0,0,0,0,,,,19481025,0,SAN03,v,MLS,1,0,0,exhibition,y,d
MLS194810250,brewc102,KCR,9,2,value,0,0,0,0,0,0,0,0,0,0,0,0,0,,0,0,0,0,0,,,,19481025,0,SAN03,v,MLS,1,0,0,exhibition,y,d
MLS194810250,millh104,KCR,9,3,value,3,3,0,1,0,0,0,0,0,0,0,0,0,,0,0,1,0,0,,,,19481025,0,SAN03,v,MLS,1,0,0,exhibition,y,d
MLS194810250,bocke101,MLS,1,1,value,5,4,0,3,1,0,0,2,0,0,0,1,0,,0,0,0,0,0,,,,19481025,0,SAN03,h,KCR,0,1,0,exhibition,y,d
MLS194810250,stevc101,MLS,2,1,value,5,5,0,3,1,0,0,0,0,0,0,0,0,,0,0,0,0,0,,,,19481025,0,SAN03,h,KCR,0,1,0,exhibition,y,d
MLS194810250,zaria101,MLS,3,1,value,5,4,0,0,0,0,0,0,0,0,0,1,0,,0,0,0,0,0,,,,19481025,0,SAN03,h,KCR,0,1,0,exhibition,y,d
MLS194810250,mapec101,MLS,4,1,value,5,5,0,0,0,0,0,0,0,0,0,0,0,1,0,0,0,0,0,,,,19481025,0,SAN03,h,KCR,0,1,0,exhibition,y,d
MLS194810250,jonen101,MLS,5,1,value,5,5,1,2,0,0,0,0,0,0,0,0,0,,0,0,0,0,0,,,,19481025,0,SAN03,h,KCR,0,1,0,exhibition,y,d
MLS194810250,vicos101,MLS,6,1,value,5,3,2,1,0,1,0,0,0,0,0,2,0,,0,0,0,0,0,,,,19481025,0,SAN03,h,KCR,0,1,0,exhibition,y,d
MLS194810250,partr101,MLS,7,1,value,2,2,1,1,0,0,0,1,0,0,0,0,0,,0,0,0,0,0,,,,19481025,0,SAN03,h,KCR,0,1,0,exhibition,y,d
MLS194810250,gardj103,MLS,7,2,value,2,2,0,0,0,0,0,1,0,0,0,0,0,,0,0,0,0,0,,1,,19481025,0,SAN03,h,KCR,0,1,0,exhibition,y,d
MLS194810250,bockm101,MLS,8,1,value,4,4,1,0,0,0,0,0,0,0,0,0,0,1,0,0,0,0,2,,,,19481025,0,SAN03,h,KCR,0,1,0,exhibition,y,d
MLS194810250,lemob101,MLS,9,1,value,2,2,0,0,0,0,0,1,0,0,0,0,0,1,0,0,0,0,0,,,,19481025,0,SAN03,h,KCR,0,1,0,exhibition,y,d
MLS194810250,bearg102,MLS,9,2,value,2,2,0,0,0,0,0,0,0,0,0,0,0,,0,0,0,0,0,,1,,19481025,0,SAN03,h,KCR,0,1,0,exhibition,y,d
KCR194810310,bocke101,MLS,1,1,value,4,4,1,1,1,0,0,0,0,0,0,0,0,,0,0,0,0,0,,,,19481031,0,LOS02,v,KCR,1,0,0,exhibition,y,d
KCR194810310,langd102,MLS,1,2,value,1,1,0,0,0,0,0,0,0,0,0,0,0,,0,0,0,0,0,,,,19481031,0,LOS02,v,KCR,1,0,0,exhibition,y,d
KCR194810310,robij103,MLS,2,1,value,5,4,2,1,0,0,0,1,0,0,0,1,0,,0,0,0,0,1,,,,19481031,0,LOS02,v,KCR,1,0,0,exhibition,y,d
KCR194810310,vicos101,MLS,3,1,value,3,3,0,0,0,0,0,0,0,0,0,0,0,,0,0,0,0,0,,,,19481031,0,LOS02,v,KCR,1,0,0,exhibition,y,d
KCR194810310,stevc101,MLS,3,2,value,2,2,0,0,0,0,0,0,0,0,0,0,0,,0,0,0,0,0,,,,19481031,0,LOS02,v,KCR,1,0,0,exhibition,y,d
KCR194810310,zaria101,MLS,4,1,value,4,4,1,3,1,0,0,2,0,0,0,0,0,,0,0,0,0,0,,,,19481031,0,LOS02,v,KCR,1,0,0,exhibition,y,d
KCR194810310,jonen101,MLS,5,1,value,4,4,1,1,0,1,0,0,0,0,0,0,0,,0,0,0,0,0,,,,19481031,0,LOS02,v,KCR,1,0,0,exhibition,y,d
KCR194810310,beraj101,MLS,6,1,value,4,4,0,0,0,0,0,0,0,0,0,0,0,,1,0,0,0,1,,,,19481031,0,LOS02,v,KCR,1,0,0,exhibition,y,d
KCR194810310,mapec101,MLS,7,1,value,4,4,0,0,0,0,0,1,0,0,0,0,0,,0,0,0,0,0,,,,19481031,0,LOS02,v,KCR,1,0,0,exhibition,y,d
KCR194810310,partr101,MLS,8,1,value,3,3,1,1,0,0,0,0,0,0,0,0,0,,0,0,0,0,1,,,,19481031,0,LOS02,v,KCR,1,0,0,exhibition,y,d
KCR194810310,dappc101,MLS,8,2,value,1,1,0,0,0,0,0,0,0,0,0,0,0,,0,0,0,0,0,,,,19481031,0,LOS02,v,KCR,1,0,0,exhibition,y,d
KCR194810310,lemob101,MLS,9,1,value,3,3,2,2,1,0,0,0,0,0,0,0,0,,0,0,0,0,0,,,,19481031,0,LOS02,v,KCR,1,0,0,exhibition,y,d
KCR194810310,dickm101,MLS,9,2,value,1,1,0,0,0,0,0,0,0,0,0,0,0,,0,0,0,0,0,,,,19481031,0,LOS02,v,KCR,1,0,0,exhibition,y,d
KCR194810310,willj111,KCR,1,1,value,5,5,0,0,0,0,0,0,0,0,0,0,0,,0,0,0,0,0,,,,19481031,0,LOS02,h,MLS,0,1,0,exhibition,y,d
KCR194810310,warea101,KCR,2,1,value,5,3,0,0,0,0,0,0,0,0,0,2,0,,0,0,0,0,0,,,,19481031,0,LOS02,h,MLS,0,1,0,exhibition,y,d
KCR194810310,soueh101,KCR,3,1,value,5,5,1,2,0,0,0,0,0,0,0,0,0,,1,0,1,0,0,,,,19481031,0,LOS02,h,MLS,0,1,0,exhibition,y,d
KCR194810310,kelll101,KCR,4,1,value,4,4,1,1,0,0,0,0,0,0,0,0,0,,0,0,0,0,0,,,,19481031,0,LOS02,h,MLS,0,1,0,exhibition,y,d
KCR194810310,steee102,KCR,5,1,value,3,2,1,1,1,0,0,1,0,0,0,1,0,,0,0,0,0,0,,,,19481031,0,LOS02,h,MLS,0,1,0,exhibition,y,d
KCR194810310,neilr101,KCR,5,2,value,1,0,0,0,0,0,0,0,0,0,0,1,0,,0,0,0,0,0,,1,,19481031,0,LOS02,h,MLS,0,1,0,exhibition,y,d
KCR194810310,porta103,KCR,5,3,value,0,0,0,0,0,0,0,0,0,0,0,0,0,,0,0,0,0,0,,,,19481031,0,LOS02,h,MLS,0,1,0,exhibition,y,d
KCR194810310,smite111,KCR,6,1,value,4,4,1,1,0,1,0,2,0,0,0,0,0,,0,0,0,0,0,,,,19481031,0,LOS02,h,MLS,0,1,0,exhibition,y,d
KCR194810310,bellj103,KCR,7,1,value,4,2,0,2,1,0,0,1,0,0,0,2,0,,0,0,0,0,0,,,,19481031,0,LOS02,h,MLS,0,1,0,exhibition,y,d
KCR194810310,hairs101,KCR,8,1,value,3,3,0,0,0,0,0,0,0,0,0,0,0,,0,0,1,0,0,,,,19481031,0,LOS02,h,MLS,0,1,0,exhibition,y,d
KCR194810310,lamaj102,KCR,8,2,value,0,0,0,0,0,0,0,0,0,0,0,0,0,,0,0,0,0,0,,,,19481031,0,LOS02,h,MLS,0,1,0,exhibition,y,d
KCR194810310,robin101,KCR,8,3,value,1,1,0,0,0,0,0,0,0,0,0,0,0,,0,0,0,0,0,,1,,19481031,0,LOS02,h,MLS,0,1,0,exhibition,y,d
KCR194810310,paigs101,KCR,9,1,value,2,2,0,0,0,0,0,0,0,0,0,0,0,,0,0,0,0,0,,,,19481031,0,LOS02,h,MLS,0,1,0,exhibition,y,d
KCR194810310,millh104,KCR,9,2,value,0,0,0,0,0,0,0,0,0,0,0,0,0,,0,0,0,0,0,,,,19481031,0,LOS02,h,MLS,0,1,0,exhibition,y,d
KCR194810310,renfc101,KCR,9,3,value,2,2,0,1,0,0,0,0,0,0,0,0,0,,0,0,0,0,0,,1,,19481031,0,LOS02,h,MLS,0,1,0,exhibition,y,d
KCR194811071,bocke101,MLS,1,1,value,5,5,0,1,0,0,0,1,0,0,0,0,0,,0,0,0,0,0,,,,19481107,1,LOS02,v,KCR,1,0,0,exhibition,y,d
KCR194811071,stevc101,MLS,2,1,value,5,5,1,2,0,0,0,1,0,0,0,0,0,,0,0,0,0,0,,,,19481107,1,LOS02,v,KCR,1,0,0,exhibition,y,d
KCR194811071,vicos101,MLS,3,1,value,5,4,1,0,0,0,0,0,0,0,0,1,0,,0,0,0,0,2,,,,19481107,1,LOS02,v,KCR,1,0,0,exhibition,y,d
KCR194811071,zaria101,MLS,4,1,value,5,5,1,1,1,0,0,1,0,0,0,0,0,,0,0,0,0,0,,,,19481107,1,LOS02,v,KCR,1,0,0,exhibition,y,d
KCR194811071,jonen101,MLS,5,1,value,5,5,1,2,0,0,1,2,0,0,0,0,0,,0,0,0,0,0,,,,19481107,1,LOS02,v,KCR,1,0,0,exhibition,y,d
KCR194811071,mapec101,MLS,6,1,value,5,4,0,1,0,0,0,0,0,0,0,1,0,,1,0,0,0,0,,,,19481107,1,LOS02,v,KCR,1,0,0,exhibition,y,d
KCR194811071,langd102,MLS,7,1,value,5,5,1,1,0,0,0,0,0,0,0,0,0,1,0,0,0,0,0,,,,19481107,1,LOS02,v,KCR,1,0,0,exhibition,y,d
KCR194811071,partr101,MLS,8,1,value,3,3,1,3,1,1,0,0,0,0,0,0,0,,0,0,0,0,0,,,,19481107,1,LOS02,v,KCR,1,0,0,exhibition,y,d
KCR194811071,dappc101,MLS,8,2,value,2,2,1,1,1,0,0,1,0,0,0,0,0,1,0,0,0,0,0,,,,19481107,1,LOS02,v,KCR,1,0,0,exhibition,y,d
KCR194811071,bearg102,MLS,9,1,value,2,2,0,0,0,0,0,0,0,0,0,0,0,,0,0,0,0,1,,,,19481107,1,LOS02,v,KCR,1,0,0,exhibition,y,d
KCR194811071,paepj101,MLS,9,2,value,1,1,0,0,0,0,0,0,0,0,0,0,0,,0,0,0,0,0,,1,,19481107,1,LOS02,v,KCR,1,0,0,exhibition,y,d
KCR194811071,dickm101,MLS,9,3,value,2,2,1,1,1,0,0,1,0,0,0,0,0,1,0,0,0,0,0,,,,19481107,1,LOS02,v,KCR,1,0,0,exhibition,y,d
KCR194811071,willj111,KCR,1,1,value,5,5,1,2,0,1,0,1,0,0,0,0,0,,0,0,0,0,0,,,,19481107,1,LOS02,h,MLS,0,1,0,exhibition,y,d
KCR194811071,warea101,KCR,2,1,value,5,5,1,2,0,0,0,1,0,0,0,0,0,,0,0,0,0,0,,,,19481107,1,LOS02,h,MLS,0,1,0,exhibition,y,d
KCR194811071,smite111,KCR,3,1,value,5,5,0,0,0,0,0,0,0,0,0,0,0,,0,0,0,0,1,,,,19481107,1,LOS02,h,MLS,0,1,0,exhibition,y,d
KCR194811071,kelll101,KCR,4,1,value,5,4,2,2,0,0,1,1,0,0,0,1,0,,0,0,0,0,0,,,,19481107,1,LOS02,h,MLS,0,1,0,exhibition,y,d
KCR194811071,neilr101,KCR,5,1,value,4,3,0,1,0,0,0,1,0,0,0,1,0,,0,0,0,0,0,,,,19481107,1,LOS02,h,MLS,0,1,0,exhibition,y,d
KCR194811071,renfc101,KCR,6,1,value,2,2,0,0,0,0,0,1,0,0,0,0,0,,0,0,0,0,0,,,,19481107,1,LOS02,h,MLS,0,1,0,exhibition,y,d
KCR194811071,steee102,KCR,6,2,value,0,0,0,0,0,0,0,0,0,0,0,0,0,,0,0,0,0,0,,,,19481107,1,LOS02,h,MLS,0,1,0,exhibition,y,d
KCR194811071,hairs101,KCR,6,3,value,2,2,0,1,0,0,0,0,0,0,0,0,0,,0,1,1,0,0,,1,,19481107,1,LOS02,h,MLS,0,1,0,exhibition,y,d
KCR194811071,bellj103,KCR,7,1,value,4,3,2,1,0,0,0,0,0,0,0,1,0,,0,0,0,0,0,,,,19481107,1,LOS02,h,MLS,0,1,0,exhibition,y,d
KCR194811071,haywb102,KCR,8,1,value,3,1,0,0,0,0,0,0,2,0,0,0,0,,0,0,0,0,0,,,,19481107,1,LOS02,h,MLS,0,1,0,exhibition,y,d
KCR194811071,robin101,KCR,8,2,value,1,1,0,0,0,0,0,0,0,0,0,0,0,,0,0,0,0,0,,1,,19481107,1,LOS02,h,MLS,0,1,0,exhibition,y,d
KCR194811071,paigs101,KCR,9,1,value,3,3,1,2,0,0,0,1,0,0,0,0,0,,0,0,0,0,0,,,,19481107,1,LOS02,h,MLS,0,1,0,exhibition,y,d
KCR194811071,lamaj102,KCR,9,2,value,1,1,0,0,0,0,0,0,0,0,0,0,0,,0,0,0,0,0,,,,19481107,1,LOS02,h,MLS,0,1,0,exhibition,y,d
KCR194811071,porta103,KCR,9,3,value,0,0,0,0,0,0,0,0,0,0,0,0,0,,0,0,0,0,0,,,,19481107,1,LOS02,h,MLS,0,1,0,exhibition,y,d
KCR194811071,millh104,KCR,9,4,value,0,0,0,0,0,0,0,0,0,0,0,0,0,,0,0,0,0,0,,,,19481107,1,LOS02,h,MLS,0,1,0,exhibition,y,d
KCR194811072,bocke101,MLS,1,1,value,3,3,0,0,0,0,0,0,0,0,0,0,0,,0,0,0,0,0,,,,19481107,2,LOS02,v,KCR,0,1,0,exhibition,y,d
KCR194811072,stevc101,MLS,2,1,value,3,3,0,1,0,0,0,0,0,0,0,0,0,,0,0,0,0,0,,,,19481107,2,LOS02,v,KCR,0,1,0,exhibition,y,d
KCR194811072,vicos101,MLS,3,1,value,3,3,0,0,0,0,0,0,0,0,0,0,0,,0,0,0,0,0,,,,19481107,2,LOS02,v,KCR,0,1,0,exhibition,y,d
KCR194811072,zaria101,MLS,4,1,value,3,3,0,1,1,0,0,0,0,0,0,0,0,,0,0,0,0,0,,,,19481107,2,LOS02,v,KCR,0,1,0,exhibition,y,d
KCR194811072,jonen101,MLS,5,1,value,3,3,0,1,0,0,0,0,0,0,0,0,0,,0,0,0,0,0,,,,19481107,2,LOS02,v,KCR,0,1,0,exhibition,y,d
KCR194811072,mapec101,MLS,6,1,value,2,2,1,1,1,0,0,0,0,0,0,0,0,,0,0,0,0,0,,,,19481107,2,LOS02,v,KCR,0,1,0,exhibition,y,d
KCR194811072,langd102,MLS,7,1,value,2,2,0,0,0,0,0,0,0,0,0,0,0,,0,0,0,0,0,,,,19481107,2,LOS02,v,KCR,0,1,0,exhibition,y,d
KCR194811072,gardj103,MLS,8,1,value,2,2,0,0,0,0,0,1,0,0,0,0,0,,0,0,0,0,0,,,,19481107,2,LOS02,v,KCR,0,1,0,exhibition,y,d
KCR194811072,lemob101,MLS,9,1,value,2,2,1,1,0,1,0,0,0,0,0,0,0,,0,0,0,0,0,,,,19481107,2,LOS02,v,KCR,0,1,0,exhibition,y,d
KCR194811072,willj111,KCR,1,1,value,3,2,1,1,0,0,0,0,1,0,0,0,0,,1,0,0,0,0,,,,19481107,2,LOS02,h,MLS,1,0,0,exhibition,y,d
KCR194811072,warea101,KCR,2,1,value,3,2,1,0,0,0,0,0,1,0,0,0,0,,0,0,0,0,1,,,,19481107,2,LOS02,h,MLS,1,0,0,exhibition,y,d
KCR194811072,soueh101,KCR,3,1,value,3,3,1,1,0,0,0,2,0,0,0,0,0,,1,0,0,0,0,,,,19481107,2,LOS02,h,MLS,1,0,0,exhibition,y,d
KCR194811072,hairs101,KCR,4,1,value,3,3,0,1,0,0,0,0,0,0,0,0,0,,0,0,0,0,0,,,,19481107,2,LOS02,h,MLS,1,0,0,exhibition,y,d
KCR194811072,smite111,KCR,5,1,value,3,3,1,2,0,0,0,2,0,0,0,0,0,,0,0,0,0,0,,,,19481107,2,LOS02,h,MLS,1,0,0,exhibition,y,d
KCR194811072,neilr101,KCR,6,1,value,3,3,0,1,0,0,0,1,0,0,0,0,0,,0,0,0,0,0,,,,19481107,2,LOS02,h,MLS,1,0,0,exhibition,y,d
KCR194811072,renfc101,KCR,7,1,value,3,3,0,1,1,0,0,0,0,0,0,0,0,,0,0,0,0,0,,,,19481107,2,LOS02,h,MLS,1,0,0,exhibition,y,d
KCR194811072,bellj103,KCR,8,1,value,2,2,0,1,0,0,0,0,0,0,0,0,0,,0,0,0,0,0,,,,19481107,2,LOS02,h,MLS,1,0,0,exhibition,y,d
KCR194811072,brewc102,KCR,9,1,value,1,0,0,0,0,0,0,0,1,0,0,0,0,,0,0,0,0,0,,,,19481107,2,LOS02,h,MLS,1,0,0,exhibition,y,d
KCR194811072,robin101,KCR,9,2,value,1,0,1,0,0,0,0,0,0,0,0,1,0,,0,0,0,0,0,,1,,19481107,2,LOS02,h,MLS,1,0,0,exhibition,y,d
KCR194811072,millh104,KCR,9,3,value,0,0,0,0,0,0,0,0,0,0,0,0,0,,0,0,0,0,0,,,,19481107,2,LOS02,h,MLS,1,0,0,exhibition,y,d
