gid,id,team,p_seq,stattype,p_ipouts,p_noout,p_bfp,p_h,p_d,p_t,p_hr,p_r,p_er,p_w,p_iw,p_k,p_hbp,p_wp,p_bk,p_sh,p_sf,p_sb,p_cs,p_pb,wp,lp,save,p_gs,p_gf,p_cg,date,number,site,vishome,opp,win,loss,tie,gametype,box,pbp
MLS194310170,brewc102,KCR,2,value,,,,,,,,,,,,,,,,,,,,,,,,,,,19431017,0,LGB01,v,MLS,1,0,0,exhibition,,
MLS194310170,matcj101,KCR,1,value,,,,,,,,,,,,,,,,,,,,,,,,1,,,19431017,0,LGB01,v,MLS,1,0,0,exhibition,,
MLS194310170,mcdut101,KCR,3,value,,,,,,,,,,,,,,,,,,,,,,,,,1,,19431017,0,LGB01,v,MLS,1,0,0,exhibition,,
MLS194310170,olsew101,MLS,1,value,27,,,6,3,1,,2,2,,,,,,,,,,,,,1,,1,,1,19431017,0,LGB01,h,KCR,0,1,0,exhibition,,
KCR194311050,newsb101,MLS,1,value,3,0,6,3,1,0,0,2,2,1,0,1,0,0,0,1,0,0,0,0,,,,1,,,19431105,0,LOS02,v,KCR,1,0,0,exhibition,y,d
KCR194311050,salvj101,MLS,2,value,18,0,20,3,0,0,0,0,0,1,0,2,0,0,0,0,0,0,0,0,1,,,,,,19431105,0,LOS02,v,KCR,1,0,0,exhibition,y,d
KCR194311050,castg101,MLS,3,value,6,0,6,2,0,0,0,0,0,0,0,1,0,0,0,0,0,0,1,0,,,1,,1,,19431105,0,LOS02,v,KCR,1,0,0,exhibition,y,d
KCR194311050,mcdut101,KCR,1,value,9,0,11,1,0,0,0,0,0,1,0,2,0,0,0,0,0,0,0,0,,,,1,,,19431105,0,LOS02,h,MLS,0,1,0,exhibition,y,d
KCR194311050,matcj101,KCR,2,value,6,0,12,3,0,1,0,4,0,1,0,2,0,0,0,0,0,0,0,0,,1,,,,,19431105,0,LOS02,h,MLS,0,1,0,exhibition,y,d
KCR194311050,brewc102,KCR,3,value,12,0,13,0,0,0,0,0,0,3,0,4,0,0,0,0,0,0,0,0,,,,,1,,19431105,0,LOS02,h,MLS,0,1,0,exhibition,y,d
KCR194311110,florj101,WPS,1,value,14,0,22,7,0,1,0,4,4,1,0,2,0,0,0,0,0,2,0,0,,1,,1,,,19431111,0,LOS02,v,KCR,0,1,0,exhibition,y,d
KCR194311110,seinb101,WPS,2,value,10,0,11,2,1,0,0,0,0,0,0,1,0,0,0,0,0,0,1,0,,,,,1,,19431111,0,LOS02,v,KCR,0,1,0,exhibition,y,d
KCR194311110,mcdut101,KCR,1,value,27,0,31,5,1,0,0,1,1,1,0,3,0,0,0,0,0,0,0,0,1,,,1,,1,19431111,0,LOS02,h,WPS,1,0,0,exhibition,y,d
KCR194311141,olsew101,MLS,1,value,27,,,3,,,,2,,,,,,,,,,,,,1,,,1,,1,19431114,1,LOS02,v,KCR,1,0,0,exhibition,,
KCR194311141,matcj101,KCR,1,value,27,,,11,,,,6,,,,,,,,,,,,,,1,,1,,1,19431114,1,LOS02,h,MLS,0,1,0,exhibition,,
KCR194311142,seinb101,MLS,1,value,21,,,3,,,0,0,0,,,,,,,,,,,,1,,,1,,1,19431114,2,LOS02,v,KCR,1,0,0,exhibition,,
KCR194311142,brewc102,KCR,1,value,21,,,3,,,,1,,,,,,,,,,,,,,1,,1,,1,19431114,2,LOS02,h,MLS,0,1,0,exhibition,,
MLS194410110,smith111,KCR,1,value,15,1,29,10,0,2,0,4,4,4,0,0,1,0,0,1,0,1,0,0,,,,1,,,19441011,0,LOS02,v,MLS,0,1,0,exhibition,y,d
MLS194410110,brewc102,KCR,2,value,11,0,13,1,0,0,0,1,0,0,0,0,0,0,0,0,0,0,0,0,,1,,,1,,19441011,0,LOS02,v,MLS,0,1,0,exhibition,y,d
MLS194410110,barrr101,MLS,1,value,27,0,37,8,2,0,0,4,1,4,0,0,0,1,0,0,0,1,2,0,1,,,1,,1,19441011,0,LOS02,h,KCR,1,0,0,exhibition,y,d
KCR194410180,mcdab101,BIR,1,value,27,,34,8,1,0,0,2,,2,,,0,0,0,1,,1,,0,1,,,1,,1,19441018,0,LOS02,v,KCR,1,0,0,exhibition,y,
KCR194410180,smith111,KCR,1,value,9,,16,6,,0,0,4,,1,,,1,0,0,1,,0,,0,,1,,1,,,19441018,0,LOS02,h,BIR,0,1,0,exhibition,y,
KCR194410180,brewc102,KCR,2,value,15,,20,3,,0,0,1,,2,,,0,0,0,2,,0,,0,,,,,,,19441018,0,LOS02,h,BIR,0,1,0,exhibition,y,
KCR194410180,moren101,KCR,3,value,3,,5,2,,0,0,1,,0,0,,0,0,0,0,,0,,0,,,,,1,,19441018,0,LOS02,h,BIR,0,1,0,exhibition,y,
KCR194410221,paepj101,MLS,1,value,24,,,10,,,,3,,,,,,,,,,,,,,1,,1,,1,19441022,1,LOS05,v,KCR,0,1,0,exhibition,,
KCR194410221,smith111,KCR,1,value,27,,,5,,,,1,,,,,,,,,,,,,1,,,1,,1,19441022,1,LOS05,h,MLS,1,0,0,exhibition,,
MLS194410222,bassp101,KCR,1,value,21,,,3,,,0,0,0,,,,,,,,,,,,1,,,1,,1,19441022,2,LOS05,v,MLS,1,0,0,exhibition,,
MLS194410222,burnu101,MLS,1,value,21,,,6,,,,2,,,,,,,,,,,,,,1,,1,,1,19441022,2,LOS05,h,KCR,0,1,0,exhibition,,
KCR194410250,mcdab101,BIR,1,value,24,,,7,,,,3,,,,,,,,,,,,,,1,,1,,1,19441025,0,LOS02,v,KCR,0,1,0,exhibition,,
KCR194410250,brewc102,KCR,1,value,27,,,,,,,2,,,,,,,,,,,,,1,,,1,,1,19441025,0,LOS02,h,BIR,1,0,0,exhibition,,
KCR194411010,markj101,BIR,2,value,,,,,,,,,,,,,,,,,,,,,,,,,,,19441101,0,LOS02,v,KCR,0,0,1,exhibition,,
KCR194411010,mcdab101,BIR,1,value,,,,,,,,,,,,,,,,,,,,,,,,1,,,19441101,0,LOS02,v,KCR,0,0,1,exhibition,,
KCR194411010,sayla101,BIR,3,value,,,,,,,,,,,,,,,,,,,,,,,,,1,,19441101,0,LOS02,v,KCR,0,0,1,exhibition,,
KCR194411010,brewc102,KCR,1,value,,,,,,,,,,,,,,,,,,,,,,,,1,,,19441101,0,LOS02,h,BIR,0,0,1,exhibition,,
KCR194411010,moren101,KCR,2,value,,,,,,,,,,,,,,,,,,,,,,,,,1,,19441101,0,LOS02,h,BIR,0,0,1,exhibition,,
KCR194411080,markj101,BIR,1,value,27,,,5,,,,2,,,,,,,,,,,,,1,,,1,,1,19441108,0,LOS02,v,KCR,1,0,0,exhibition,,
KCR194411080,bassp101,KCR,1,value,,,,,,,,,,,,,,,,,,,,,,,,1,,,19441108,0,LOS02,h,BIR,0,1,0,exhibition,,
KCR194411080,smith111,KCR,2,value,,,,,,,,,,,,,,,,,,,,,,,,,1,,19441108,0,LOS02,h,BIR,0,1,0,exhibition,,
PRK194509260,willj112,KCR,1,value,13,0,22,8,2,0,1,6,6,4,0,3,0,0,0,1,0,1,0,0,,1,,1,,,19450926,0,SAN03,v,PRK,0,1,0,exhibition,y,d
PRK194509260,brewc102,KCR,2,value,11,0,12,1,1,0,0,0,0,0,0,7,0,0,0,0,0,0,0,0,,,,,1,,19450926,0,SAN03,v,PRK,0,1,0,exhibition,y,d
PRK194509260,pippc101,PRK,1,value,18,0,21,2,1,0,0,1,1,0,0,5,0,0,0,0,0,0,0,0,1,,,1,,,19450926,0,SAN03,h,KCR,1,0,0,exhibition,y,d
PRK194509260,fergb102,PRK,2,value,9,0,13,3,0,0,0,1,1,1,0,3,0,0,0,0,0,0,0,0,,,,,1,,19450926,0,SAN03,h,KCR,1,0,0,exhibition,y,d
PRK194510030,paigs101,KCR,1,value,15,0,17,1,0,0,0,0,0,1,0,11,0,0,0,0,0,0,0,0,1,,,1,,,19451003,0,SAN03,v,PRK,1,0,0,exhibition,y,d
PRK194510030,willj112,KCR,2,value,6,0,8,1,0,0,0,0,0,0,0,2,0,0,0,0,0,0,0,0,,,,,1,,19451003,0,SAN03,v,PRK,1,0,0,exhibition,y,d
PRK194510030,fellb101,PRK,1,value,15,0,20,3,1,0,0,0,0,0,0,10,1,1,0,0,0,0,0,0,,,,1,,,19451003,0,SAN03,h,KCR,0,1,0,exhibition,y,d
PRK194510030,salvj101,PRK,2,value,6,0,11,4,1,0,0,5,3,1,0,2,0,0,0,0,0,0,0,0,,1,,,1,,19451003,0,SAN03,h,KCR,0,1,0,exhibition,y,d
KCR194510071,barrr101,VDA,1,value,24,,,7,,,,1,,,,,,,,,,,,,,1,,1,,1,19451007,1,LOS02,v,KCR,0,1,0,exhibition,,
KCR194510071,willj112,KCR,1,value,27,,,1,,,,0,0,,,,,,,,,,,,1,,,1,,1,19451007,1,LOS02,h,VDA,1,0,0,exhibition,,
KCR194510072,barrr101,VDA,3,value,,,,,,,,,,,,,,,,,,,,,,,,,1,,19451007,2,LOS02,v,KCR,1,0,0,exhibition,,
KCR194510072,heuse101,VDA,1,value,,,,,,,,,,,,,,,,,,,,,,,,1,,,19451007,2,LOS02,v,KCR,1,0,0,exhibition,,
KCR194510072,oneie102,VDA,2,value,,,,,,,,,,,,,,,,,,,,,,,,,,,19451007,2,LOS02,v,KCR,1,0,0,exhibition,,
KCR194510072,moren101,KCR,1,value,21,,,7,,,,4,,,,,,,,,,,,,,1,,1,,1,19451007,2,LOS02,h,VDA,0,1,0,exhibition,,
KCR194510090,oneie102,VDA,1,value,22,0,29,5,1,0,0,4,4,5,0,3,0,0,0,0,0,0,1,0,,,,1,,,19451009,0,LOS02,v,KCR,1,0,0,exhibition,y,d
KCR194510090,heuse101,VDA,2,value,1,0,4,2,0,0,0,1,1,1,0,0,0,0,0,0,0,0,0,0,,,,,,,19451009,0,LOS02,v,KCR,1,0,0,exhibition,y,d
KCR194510090,schac101,VDA,3,value,4,0,4,0,0,0,0,0,0,0,0,1,0,0,0,0,0,0,0,0,1,,,,1,,19451009,0,LOS02,v,KCR,1,0,0,exhibition,y,d
KCR194510090,porta103,KCR,1,value,21,0,28,6,2,1,0,5,3,2,0,2,0,0,0,1,0,0,0,0,,,,1,,,19451009,0,LOS02,h,VDA,0,1,0,exhibition,y,d
KCR194510090,willj112,KCR,2,value,6,0,11,5,1,0,0,4,4,1,0,1,0,0,0,0,0,0,0,0,,1,,,1,,19451009,0,LOS02,h,VDA,0,1,0,exhibition,y,d
KCR194510100,barrr101,VDA,1,value,,,,,,,,,,,,,,,,,,,,,1,,,1,,,19451010,0,LOS02,v,KCR,1,0,0,exhibition,,
KCR194510100,treia101,VDA,2,value,,,,,,,,,,,,,,,,,,,,,,,,,1,,19451010,0,LOS02,v,KCR,1,0,0,exhibition,,
KCR194510100,hubbj101,KCR,3,value,,,,,,,,,,,,,,,,,,,,,,,,,1,,19451010,0,LOS02,h,VDA,0,1,0,exhibition,,
KCR194510100,renfc101,KCR,2,value,,,,,,,,,,,,,,,,,,,,,,,,,,,19451010,0,LOS02,h,VDA,0,1,0,exhibition,,
KCR194510100,smith111,KCR,1,value,,,,,,,,,,,,,,,,,,,,,,1,,1,,,19451010,0,LOS02,h,VDA,0,1,0,exhibition,,
PRK194510210,paigs101,KCR,1,value,15,0,23,3,1,0,0,1,1,4,0,5,0,0,0,0,0,1,0,0,1,,,1,,,19451021,0,SAN03,v,PRK,1,0,0,exhibition,y,d
PRK194510210,willj112,KCR,2,value,12,0,13,0,0,0,0,0,0,0,0,1,0,0,0,0,0,0,0,0,,,1,,1,,19451021,0,SAN03,v,PRK,1,0,0,exhibition,y,d
PRK194510210,deprb101,PRK,1,value,12,0,16,5,1,0,0,2,2,2,0,1,0,0,0,1,0,0,0,0,,1,,1,,,19451021,0,SAN03,h,KCR,0,1,0,exhibition,y,d
PRK194510210,brilj101,PRK,2,value,15,0,21,5,2,0,0,2,2,1,0,0,0,0,0,0,0,0,0,0,,,,,1,,19451021,0,SAN03,h,KCR,0,1,0,exhibition,y,d
ASF194510240,paigs101,KCR,1,value,18,0,26,5,1,0,0,1,0,3,0,8,0,0,0,1,0,1,0,0,,,,1,,,19451024,0,SAN03,v,ASF,1,0,0,exhibition,y,d
ASF194510240,porta103,KCR,2,value,9,0,11,1,0,0,1,1,1,1,0,1,0,0,0,1,0,0,0,0,1,,,,1,,19451024,0,SAN03,v,ASF,1,0,0,exhibition,y,d
ASF194510240,fellb101,ASF,1,value,18,0,20,1,0,0,0,0,0,1,0,14,0,1,0,0,0,1,0,0,,,,1,,,19451024,0,SAN03,h,KCR,0,1,0,exhibition,y,d
ASF194510240,salvj101,ASF,2,value,9,0,16,2,1,0,0,3,1,2,0,4,0,0,0,1,0,1,0,0,,1,,,1,,19451024,0,SAN03,h,KCR,0,1,0,exhibition,y,d
KCR194610160,fellb101,ASF,1,value,15,0,23,5,0,0,0,3,1,2,0,7,0,0,0,0,0,2,0,0,1,,,1,,,19461016,0,LOS02,v,KCR,1,0,0,exhibition,y,d
KCR194610160,lemob101,ASF,2,value,12,0,13,0,0,0,0,0,0,1,0,3,0,0,0,0,0,0,0,0,,,1,,1,,19461016,0,LOS02,v,KCR,1,0,0,exhibition,y,d
KCR194610160,paigs101,KCR,1,value,15,0,22,3,0,0,1,4,3,4,0,7,0,1,0,0,0,0,0,0,,1,,1,,,19461016,0,LOS02,h,ASF,0,1,0,exhibition,y,d
KCR194610160,mcdab101,KCR,2,value,12,0,14,0,0,0,0,0,0,2,0,4,0,0,0,0,0,0,0,0,,,,,1,,19461016,0,LOS02,h,ASF,0,1,0,exhibition,y,d
ASF194610170,paigs101,KCR,1,value,15,0,19,3,1,0,1,2,2,2,0,2,0,0,0,0,0,0,0,0,,1,,1,,,19461017,0,SAN03,v,ASF,0,1,0,exhibition,y,d
ASF194610170,willj112,KCR,2,value,9,0,15,2,1,0,0,0,0,4,0,1,0,0,0,0,0,0,0,0,,,,,1,,19461017,0,SAN03,v,ASF,0,1,0,exhibition,y,d
ASF194610170,fellb101,ASF,1,value,15,0,20,4,1,0,0,0,0,1,0,2,0,0,0,2,0,0,0,0,1,,,1,,,19461017,0,SAN03,h,KCR,1,0,0,exhibition,y,d
ASF194610170,chans101,ASF,2,value,12,0,15,1,0,0,0,0,0,1,0,1,0,0,0,1,0,0,0,0,,,1,,1,,19461017,0,SAN03,h,KCR,1,0,0,exhibition,y,d
ASF194610230,paigs101,KCR,1,value,9,,14,3,,,1,3,,2,,5,0,0,0,0,,,,,,1,,1,,,19461023,0,BAK01,v,ASF,0,1,0,exhibition,y,
ASF194610230,mathv101,KCR,2,value,2,,9,5,,,1,6,,2,,0,0,0,0,0,,,,,,,,,,,19461023,0,BAK01,v,ASF,0,1,0,exhibition,y,
ASF194610230,willj112,KCR,3,value,10,,16,4,,,2,3,,1,,1,0,0,0,0,,,,,,,,,,,19461023,0,BAK01,v,ASF,0,1,0,exhibition,y,
ASF194610230,demea101,KCR,4,value,3,,4,0,,,0,0,0,1,,2,0,0,0,0,,,,,,,,,1,,19461023,0,BAK01,v,ASF,0,1,0,exhibition,y,
ASF194610230,chans101,ASF,1,value,9,,10,1,,,0,0,0,0,,2,0,0,0,0,,,,,1,,,1,,,19461023,0,BAK01,h,KCR,1,0,0,exhibition,y,
ASF194610230,sainj101,ASF,2,value,9,,13,4,,,0,2,,1,,3,0,0,0,0,,,,,,,,,,,19461023,0,BAK01,h,KCR,1,0,0,exhibition,y,
ASF194610230,leond103,ASF,3,value,9,,14,6,,,0,2,,0,,1,0,0,0,0,,,,,,,,,1,,19461023,0,BAK01,h,KCR,1,0,0,exhibition,y,
MLS194710120,paigs101,KCR,1,value,12,0,15,2,0,0,0,0,0,1,0,4,0,0,0,0,0,0,0,0,,,,1,,,19471012,0,SAN03,v,MLS,0,1,0,exhibition,y,d
MLS194710120,willj112,KCR,2,value,21,2,33,8,3,0,0,4,3,3,0,2,2,0,0,1,0,0,0,0,,1,,,1,,19471012,0,SAN03,v,MLS,0,1,0,exhibition,y,d
MLS194710120,houta101,MLS,1,value,9,0,11,2,0,0,0,0,0,0,0,3,0,0,0,0,0,0,0,0,,,,1,,,19471012,0,SAN03,h,KCR,1,0,0,exhibition,y,d
MLS194710120,maltg101,MLS,2,value,9,0,13,3,0,0,1,2,1,0,0,4,0,0,0,1,0,0,0,0,,,,,,,19471012,0,SAN03,h,KCR,1,0,0,exhibition,y,d
MLS194710120,stepb103,MLS,3,value,15,0,21,2,1,1,0,1,1,5,2,4,0,0,0,0,0,0,0,0,,,,,,,19471012,0,SAN03,h,KCR,1,0,0,exhibition,y,d
MLS194710120,florj101,MLS,4,value,3,0,3,0,0,0,0,0,0,0,0,1,0,0,0,0,0,0,0,0,1,,,,1,,19471012,0,SAN03,h,KCR,1,0,0,exhibition,y,d
ASF194710140,richg102,KCR,1,value,6,5,18,6,2,0,0,9,7,3,0,3,0,0,0,0,0,0,0,0,,1,,1,,,19471014,0,SAN03,v,ASF,0,1,0,exhibition,y,d
ASF194710140,newbj101,KCR,2,value,18,0,24,7,1,0,0,2,2,0,0,2,0,0,0,0,0,0,1,0,,,,,1,,19471014,0,SAN03,v,ASF,0,1,0,exhibition,y,d
ASF194710140,fellb101,ASF,1,value,12,0,18,5,1,0,0,1,1,1,0,5,0,0,0,1,0,1,0,0,1,,,1,,,19471014,0,SAN03,h,KCR,1,0,0,exhibition,y,d
ASF194710140,marcp101,ASF,2,value,15,0,22,5,0,0,0,2,0,2,0,3,0,0,0,0,0,0,0,0,,,1,,1,,19471014,0,SAN03,h,KCR,1,0,0,exhibition,y,d
KCR194710150,fellb101,ASF,1,value,12,0,14,4,2,0,0,0,0,1,0,2,0,0,0,0,0,0,0,0,1,,,1,,,19471015,0,LOS02,v,KCR,1,0,0,exhibition,y,d
KCR194710150,lopae101,ASF,2,value,15,0,17,1,0,0,1,1,1,0,0,2,0,0,0,0,0,0,0,1,,,1,,1,,19471015,0,LOS02,v,KCR,1,0,0,exhibition,y,d
KCR194710150,paigs101,KCR,1,value,12,0,15,2,0,0,0,1,1,1,0,7,0,0,0,0,0,0,0,0,,1,,1,,,19471015,0,LOS02,h,ASF,0,1,0,exhibition,y,d
KCR194710150,willj112,KCR,2,value,15,0,20,5,2,0,0,1,1,1,0,0,0,0,0,0,0,0,0,0,,,,,1,,19471015,0,LOS02,h,ASF,0,1,0,exhibition,y,d
ASF194710160,mccow102,KCR,1,value,24,0,34,8,1,0,2,6,4,1,0,7,0,0,0,0,0,0,0,0,,1,,1,,1,19471016,0,OAK02,v,ASF,0,1,0,exhibition,y,d
ASF194710160,fellb101,ASF,1,value,15,0,17,1,0,0,0,0,0,0,0,5,0,1,0,0,0,0,0,0,1,,,1,,,19471016,0,OAK02,h,KCR,1,0,0,exhibition,y,d
ASF194710160,mccab106,ASF,2,value,12,0,16,4,0,0,0,1,1,1,0,2,0,0,0,1,0,0,0,0,,,1,,1,,19471016,0,OAK02,h,KCR,1,0,0,exhibition,y,d
KCR194710170,fellb101,ASF,1,value,12,,,2,,,,0,0,,,7,,,,,,,,,1,,,1,,,19471017,0,SFO01,v,KCR,1,0,0,exhibition,,
KCR194710170,marcp101,ASF,2,value,15,,,4,,,,2,,,,,,,,,,,,,,,,,1,,19471017,0,SFO01,v,KCR,1,0,0,exhibition,,
KCR194710170,newbj101,KCR,1,value,27,,,9,1,,1,7,,,,,,,,,,,,,,1,,1,,1,19471017,0,SFO01,h,ASF,0,1,0,exhibition,,
ASF194710180,mccow102,KCR,2,value,3,,,,,,,,,,,,,,,,,,,,,,1,,1,,19471018,0,SAN03,v,ASF,1,0,0,exhibition,,
ASF194710180,richg102,KCR,1,value,24,,,,,,2,4,,,,,,,,,,,,,1,,,1,,,19471018,0,SAN03,v,ASF,1,0,0,exhibition,,
ASF194710180,fellb101,ASF,1,value,12,,,3,,,,1,,,,6,,,,,,,,,,,,1,,,19471018,0,SAN03,h,KCR,0,1,0,exhibition,,
ASF194710180,lopae101,ASF,2,value,15,,,4,,,,4,,,,,,,,,,,,,,1,,,1,,19471018,0,SAN03,h,KCR,0,1,0,exhibition,,
KCR194710190,fellb101,ASF,1,value,15,0,18,3,0,0,0,1,1,0,0,5,0,0,0,0,0,2,0,0,,,,1,,,19471019,0,LOS02,v,KCR,1,0,0,exhibition,y,d
KCR194710190,mccab106,ASF,2,value,12,0,15,1,0,0,0,0,0,2,0,3,0,0,0,0,0,0,0,0,1,,,,1,,19471019,0,LOS02,v,KCR,1,0,0,exhibition,y,d
KCR194710190,paigs101,KCR,1,value,15,0,18,3,1,0,0,0,0,0,0,8,0,0,0,0,0,1,0,0,,,,1,,,19471019,0,LOS02,h,ASF,0,1,0,exhibition,y,d
KCR194710190,willj112,KCR,2,value,12,0,15,2,0,0,2,2,2,1,0,0,0,0,0,0,0,0,0,0,,1,,,1,,19471019,0,LOS02,h,ASF,0,1,0,exhibition,y,d
KCR194710230,blace102,MLS,1,value,12,0,18,3,2,0,0,2,2,4,0,4,0,0,0,0,0,0,0,0,,,,1,,,19471023,0,LOS02,v,KCR,0,1,0,exhibition,y,d
KCR194710230,florj101,MLS,2,value,26,0,34,6,0,0,0,2,2,2,0,6,1,0,0,0,0,0,1,0,,1,,,1,,19471023,0,LOS02,v,KCR,0,1,0,exhibition,y,d
KCR194710230,paigs101,KCR,1,value,12,0,14,2,0,0,0,0,0,0,0,9,0,0,0,0,0,0,0,0,,,,1,,,19471023,0,LOS02,h,MLS,1,0,0,exhibition,y,d
KCR194710230,newbj101,KCR,2,value,27,0,35,7,1,0,0,3,2,3,0,3,0,0,0,1,0,0,1,0,1,,,,1,,19471023,0,LOS02,h,MLS,1,0,0,exhibition,y,d
KCR194710260,blace102,MLS,1,value,15,0,21,4,0,1,0,2,1,3,0,8,0,0,0,0,0,1,0,0,,,,1,,,19471026,0,LOS02,v,KCR,0,1,0,exhibition,y,d
KCR194710260,lindj101,MLS,2,value,9,0,13,3,1,0,0,1,1,2,0,,0,0,0,0,0,1,0,0,,1,,,1,,19471026,0,LOS02,v,KCR,0,1,0,exhibition,y,d
KCR194710260,paigs101,KCR,1,value,12,0,17,2,0,0,1,2,0,0,0,5,0,0,0,1,0,1,0,0,,,,1,,,19471026,0,LOS02,h,MLS,1,0,0,exhibition,y,d
KCR194710260,newbj101,KCR,2,value,15,0,18,4,0,0,0,0,0,0,0,0,0,0,0,0,0,2,0,0,1,,,,1,,19471026,0,LOS02,h,MLS,1,0,0,exhibition,y,d
KCR194711020,fellb101,ASF,1,value,24,0,38,11,0,0,2,8,5,1,0,3,2,0,0,1,0,0,0,0,,1,,1,,1,19471102,0,LOS02,v,KCR,0,1,0,exhibition,y,d
KCR194711020,paigs101,KCR,1,value,27,0,35,4,2,0,0,0,0,4,0,15,0,0,0,0,0,0,0,0,1,,,1,,1,19471102,0,LOS02,h,ASF,1,0,0,exhibition,y,d
KCR194810170,lemob101,MLS,1,value,15,0,19,4,3,0,0,2,2,0,0,5,0,0,0,0,0,0,0,0,,,,1,,,19481017,0,LOS02,v,KCR,1,0,0,exhibition,y,d
KCR194810170,caplb101,MLS,2,value,12,0,14,1,0,0,0,0,0,1,0,3,0,0,0,0,0,0,0,0,1,,,,1,,19481017,0,LOS02,v,KCR,1,0,0,exhibition,y,d
KCR194810170,paigs101,KCR,1,value,15,0,21,3,1,0,1,2,1,3,0,4,1,0,0,0,0,0,1,1,,,,1,,,19481017,0,LOS02,h,MLS,0,1,0,exhibition,y,d
KCR194810170,smite111,KCR,2,value,12,0,16,1,1,0,0,2,2,2,0,1,1,0,0,0,0,0,0,0,,1,,,1,,19481017,0,LOS02,h,MLS,0,1,0,exhibition,y,d
KCR194810240,bearg102,MLS,1,value,15,0,21,7,1,0,1,3,3,0,0,3,0,0,0,1,0,3,0,0,,1,,1,,,19481024,0,LOS02,v,KCR,0,1,0,exhibition,y,d
KCR194810240,caplb101,MLS,2,value,9,0,11,2,0,0,0,1,1,1,0,0,0,0,1,0,0,0,0,0,,,,,1,,19481024,0,LOS02,v,KCR,0,1,0,exhibition,y,d
KCR194810240,paigs101,KCR,1,value,9,0,12,2,1,0,0,0,0,1,0,4,0,0,0,0,0,1,0,0,1,,,1,,,19481024,0,LOS02,h,MLS,1,0,0,exhibition,y,d
KCR194810240,porta103,KCR,2,value,16,0,27,8,0,0,1,3,3,2,0,4,1,0,0,2,0,0,1,0,,,,,,,19481024,0,LOS02,h,MLS,1,0,0,exhibition,y,d
KCR194810240,lamaj102,KCR,3,value,2,0,2,0,0,0,0,0,0,1,0,0,0,0,0,0,0,0,0,0,,,1,,1,,19481024,0,LOS02,h,MLS,1,0,0,exhibition,y,d
MLS194810250,paigs101,KCR,1,value,9,0,13,2,0,0,0,0,0,2,0,3,0,0,0,0,0,0,0,0,,,,1,,,19481025,0,SAN03,v,MLS,1,0,0,exhibition,y,d
MLS194810250,brewc102,KCR,2,value,1,0,7,4,1,0,0,4,3,1,0,0,0,1,0,0,0,0,0,0,,,,,,,19481025,0,SAN03,v,MLS,1,0,0,exhibition,y,d
MLS194810250,millh104,KCR,3,value,17,0,22,4,1,1,0,1,1,1,0,4,0,0,0,0,0,0,0,0,1,,,,1,,19481025,0,SAN03,v,MLS,1,0,0,exhibition,y,d
MLS194810250,lemob101,MLS,1,value,15,0,21,5,1,1,0,1,0,1,0,6,0,0,0,1,0,1,0,0,,,,1,,,19481025,0,SAN03,h,KCR,0,1,0,exhibition,y,d
MLS194810250,bearg102,MLS,2,value,12,0,20,6,1,1,0,6,5,4,0,2,0,0,0,0,0,0,0,0,,1,,,1,,19481025,0,SAN03,h,KCR,0,1,0,exhibition,y,d
KCR194810310,lemob101,MLS,1,value,15,0,20,5,1,1,0,3,3,1,0,2,0,0,0,0,0,0,0,0,1,,,1,,,19481031,0,LOS02,v,KCR,1,0,0,exhibition,y,d
KCR194810310,dickm101,MLS,2,value,12,0,19,3,1,0,0,1,1,5,0,3,0,0,0,0,0,1,0,0,,,1,,1,,19481031,0,LOS02,v,KCR,1,0,0,exhibition,y,d
KCR194810310,paigs101,KCR,1,value,15,0,25,8,2,1,0,8,3,1,0,1,0,1,0,0,0,1,0,0,,1,,1,,,19481031,0,LOS02,h,MLS,0,1,0,exhibition,y,d
KCR194810310,millh104,KCR,2,value,6,0,8,1,1,0,0,0,0,0,0,3,0,1,0,0,0,0,0,0,,,,,,,19481031,0,LOS02,h,MLS,0,1,0,exhibition,y,d
KCR194810310,lamaj102,KCR,3,value,3,0,3,0,0,0,0,0,0,0,0,0,0,0,0,0,0,0,0,0,,,,,,,19481031,0,LOS02,h,MLS,0,1,0,exhibition,y,d
KCR194810310,porta103,KCR,4,value,3,0,3,0,0,0,0,0,0,0,0,0,0,0,0,0,0,0,0,0,,,,,1,,19481031,0,LOS02,h,MLS,0,1,0,exhibition,y,d
KCR194811071,bearg102,MLS,1,value,18,0,31,10,0,1,1,7,6,3,0,0,0,1,0,2,0,0,0,0,,,,1,,,19481107,1,LOS02,v,KCR,1,0,0,exhibition,y,d
KCR194811071,dickm101,MLS,2,value,9,0,9,1,0,0,0,0,0,0,0,3,0,0,0,0,0,0,1,0,1,,,,1,,19481107,1,LOS02,v,KCR,1,0,0,exhibition,y,d
KCR194811071,paigs101,KCR,1,value,21,0,31,6,1,1,0,2,1,2,0,5,0,0,0,0,0,1,0,0,,,,1,,,19481107,1,LOS02,h,MLS,0,1,0,exhibition,y,d
KCR194811071,lamaj102,KCR,2,value,3,2,9,5,3,0,0,5,4,0,0,1,0,0,0,0,0,0,0,0,,1,,,,,19481107,1,LOS02,h,MLS,0,1,0,exhibition,y,d
KCR194811071,porta103,KCR,3,value,0,2,2,2,0,0,1,1,1,0,0,0,0,0,0,0,0,0,0,0,,,,,,,19481107,1,LOS02,h,MLS,0,1,0,exhibition,y,d
KCR194811071,millh104,KCR,4,value,3,0,3,0,0,0,0,0,0,0,0,3,0,1,0,0,0,0,0,0,,,,,1,,19481107,1,LOS02,h,MLS,0,1,0,exhibition,y,d
KCR194811072,lemob101,MLS,1,value,15,0,25,8,1,0,0,5,2,1,0,2,0,0,0,3,0,2,0,1,,1,,1,,1,19481107,2,LOS02,v,KCR,0,1,0,exhibition,y,d
KCR194811072,brewc102,KCR,1,value,15,0,20,5,2,1,0,2,2,0,0,1,0,0,0,0,0,0,0,0,1,,,1,,,19481107,2,LOS02,h,MLS,1,0,0,exhibition,y,d
KCR194811072,millh104,KCR,2,value,3,0,3,0,0,0,0,0,0,0,0,2,0,0,0,0,0,0,0,0,,,1,,1,,19481107,2,LOS02,h,MLS,1,0,0,exhibition,y,d
