gid,id,team,d_seq,d_pos,stattype,d_ifouts,d_po,d_a,d_e,d_dp,d_tp,d_pb,d_wp,d_sb,d_cs,d_gs,date,number,site,vishome,opp,win,loss,tie,gametype,box,pbp,eject
BIR194304041,charb102,BIR,1,7,value,27,,,0,0,0,,,,,1,19430404,1,BIR01,h,MEM,0,1,0,exhibition,y,,
KCM194304252,charb102,BIR,1,9,value,18,1,0,0,0,0,,,,,1,19430425,2,NOL01,v,KCM,0,1,0,exhibition,y,d,
BIR194305092,charb102,BIR,1,2,value,21,,,,,0,,,,,1,19430509,2,BIR01,h,CAG,0,1,0,exhibition,,,
CI2194305231,charb102,CAG,1,3,value,24,8,0,0,0,0,,,,,1,19430523,1,CIN07,v,CI2,0,1,0,regular,y,d,
CI2194305232,charb102,CAG,1,3,value,24,10,0,0,0,0,,,,,1,19430523,2,CIN07,v,CI2,0,1,0,regular,y,d,
CI2194305250,charb102,CAG,1,3,value,21,7,0,0,0,0,,,,,1,19430525,0,SPR04,v,CI2,1,0,0,regular,y,d,
CI2194305260,charb102,CAG,1,3,value,27,0,0,0,0,0,,,,,1,19430526,0,SPR03,v,CI2,1,0,0,regular,y,d,
CAG194305300,charb102,CAG,1,3,value,27,10,1,1,1,0,,,,,1,19430530,0,CHI10,h,KCM,0,1,0,regular,y,d,
CAG194305311,charb102,CAG,1,3,value,30,14,0,0,1,0,,,,,1,19430531,1,CHI10,h,KCM,0,1,0,regular,y,d,
CAG194306131,charb102,CAG,1,4,value,27,3,6,0,2,0,,,,,1,19430613,1,CHI10,h,CVB,1,0,0,regular,y,d,
CVB194306180,charb102,CAG,1,2,value,24,,,0,,0,,,,,1,19430618,0,BUF06,v,CVB,0,1,0,regular,,,
CVB194306201,charb102,CAG,1,5,value,27,0,2,1,0,0,,,,,1,19430620,1,CLE06,v,CVB,1,0,0,regular,y,d,
CVB194306202,charb102,CAG,1,5,value,,0,3,0,0,0,0,0,0,,1,19430620,2,CLE06,v,CVB,1,0,0,regular,y,,
CVB194306202,charb102,CAG,2,6,value,,,,0,0,0,0,0,0,,1,19430620,2,CLE06,v,CVB,1,0,0,regular,y,,
CVB194306210,charb102,CAG,1,4,value,24,1,6,0,0,0,,,,,1,19430621,0,CLE06,v,CVB,0,1,0,regular,y,,
CAG194306270,charb102,CAG,1,4,value,27,3,1,0,0,0,,,,,1,19430627,0,CHI10,h,CVB,1,0,0,regular,y,d,
CAG194306270,charb102,CAG,2,5,value,15,1,0,0,0,0,,,,,0,19430627,0,CHI10,h,CVB,1,0,0,regular,y,d,
CAG194306280,charb102,CAG,1,3,value,,,,0,0,0,,,,,1,19430628,0,MIL03,h,BIR,1,0,0,regular,y,,
CAG194306280,charb102,CAG,2,2,value,,,,0,0,0,0,,,,1,19430628,0,MIL03,h,BIR,1,0,0,regular,y,,
CAG194306290,charb102,CAG,1,3,value,27,15,0,1,0,0,0,0,0,,1,19430629,0,KEW01,h,BIR,0,1,0,regular,y,,
CVB194307010,charb102,CAG,1,2,value,27,,,,,0,,,,,1,19430701,0,DAY03,v,CVB,1,0,0,regular,,,
CVB194307020,charb102,CAG,1,3,value,27,7,1,0,0,0,,,,,1,19430702,0,SPR04,v,CVB,1,0,0,regular,y,,
BIR194307041,charb102,CAG,1,4,value,,5,,1,0,0,0,0,0,,1,19430704,1,BIR01,v,BIR,0,1,0,regular,y,,
BIR194307041,charb102,CAG,2,3,value,,,,0,0,0,0,0,0,,1,19430704,1,BIR01,v,BIR,0,1,0,regular,y,,
BIR194307051,charb102,CAG,1,2,value,24,,,,,0,,,,,1,19430705,1,MTG01,v,BIR,0,1,0,regular,,,
BIR194307052,charb102,CAG,1,2,value,21,,,,,0,,,,,,19430705,2,MTG01,v,BIR,1,0,0,regular,,,
KCM194307190,charb102,CAG,1,3,value,27,13,0,0,2,0,,,,,1,19430719,0,KAN05,v,KCM,1,0,0,regular,y,d,
KCM194307200,charb102,CAG,1,3,value,24,10,1,0,0,0,,,,,1,19430720,0,OKC02,v,KCM,0,1,0,regular,y,,
BLG194308110,charb102,CAG,1,5,value,24,,,0,,0,,,,,1,19430811,0,FOR04,v,BLG,0,1,0,exhibition,y,,
BLG194308151,charb102,CAG,1,4,value,27,,,0,0,0,0,0,0,,1,19430815,1,NSH02,v,BLG,1,0,0,exhibition,y,,
CAG194308180,charb102,CAG,1,2,value,27,,,,,0,,,,,1,19430818,0,IND10,h,BLG,1,0,0,exhibition,,,
MEM194308240,charb102,CAG,1,2,value,15,3,0,0,0,0,0,1,0,0,0,19430824,0,WAC01,v,MEM,0,1,0,regular,y,d,
MEM194308260,charb102,CAG,1,2,value,27,5,1,1,0,0,0,1,0,0,1,19430826,0,OKC02,v,MEM,1,0,0,regular,y,d,
CAG194309080,charb102,CAG,1,3,value,21,8,0,0,0,0,,,,,1,19430908,0,MIL03,h,MEM,1,0,0,regular,y,,
KCM194309220,charb102,KCM,1,3,value,27,12,1,0,0,0,,,,,1,19430922,0,HOU04,h,CI2,1,0,0,exhibition,y,,
KCM194309230,charb102,KCM,1,3,value,27,11,0,0,0,0,,,,,1,19430923,0,HOU04,h,CI2,1,0,0,exhibition,y,,
SAS194309260,charb102,SAS,1,3,value,27,8,0,0,0,0,,,,,1,19430926,0,NOL01,h,NAS,1,0,0,allstar,y,d,
CAG194409190,charb102,CAG,1,2,value,27,,,,,0,,,,,1,19440919,0,DAY03,h,MEM,1,0,0,exhibition,,,
CAG194409200,charb102,CAG,1,2,value,27,,,,,0,,,,,1,19440920,0,COL05,h,MEM,0,1,0,exhibition,,,
CAG194509092,charb102,CAG,1,2,value,,,,1,,0,,,,,1,19450909,2,CHI10,h,CIA,1,0,0,regular,,,
CAG194509140,charb102,CAG,1,5,value,21,,,0,0,0,,,,,1,19450914,0,RAC01,h,BIR,0,1,0,exhibition,y,,
MEM194604140,charb102,CAG,1,2,value,27,,,0,,0,,,,,1,19460414,0,LRK02,v,MEM,1,0,0,exhibition,,,
MEM194604150,charb102,CAG,1,2,value,27,,,0,,0,,,,,1,19460415,0,NOL01,v,MEM,1,0,0,exhibition,,,
KCM194604211,charb102,CAG,1,2,value,24,,,0,,0,,,,,1,19460421,1,HOU04,v,KCM,0,1,0,exhibition,,,
KCM194604212,charb102,CAG,1,2,value,18,,,0,,0,,,,,1,19460421,2,HOU04,v,KCM,0,1,0,exhibition,,,
MEM194604260,charb102,CAG,1,2,value,,,,0,,0,,,,,,19460426,0,FTW01,v,MEM,0,1,0,exhibition,,,
MEM194604281,charb102,CAG,1,2,value,27,,,0,,0,,,,,1,19460428,1,FTW01,v,MEM,1,0,0,exhibition,,,
CAG194605051,charb102,CAG,1,2,value,27,4,0,0,0,0,0,1,0,0,1,19460505,1,CHI10,h,KCM,1,0,0,regular,y,d,
CAG194605052,charb102,CAG,1,2,value,21,,,0,,0,,,,,1,19460505,2,CHI10,h,KCM,0,1,0,regular,,,
KCM194605070,charb102,CAG,1,2,value,18,5,0,0,0,0,2,2,0,,1,19460507,0,TUL01,v,KCM,0,1,0,regular,y,,
CAG194605120,charb102,CAG,1,2,value,30,8,1,2,0,0,0,0,0,0,1,19460512,0,CHI10,h,IN9,0,0,1,regular,y,d,
IN9194605150,charb102,CAG,1,2,value,21,5,0,0,0,0,1,1,1,0,1,19460515,0,SBD01,v,IN9,0,1,0,regular,y,d,
KCM194605191,charb102,CAG,1,2,value,24,2,1,2,0,0,0,0,1,0,1,19460519,1,KAN05,v,KCM,0,1,0,regular,y,d,
KCM194605192,charb102,CAG,1,2,value,22,5,3,0,0,0,0,0,0,0,1,19460519,2,KAN05,v,KCM,0,1,0,regular,y,d,
KCM194605200,charb102,CAG,1,2,value,24,3,0,0,0,0,0,0,0,0,1,19460520,0,KAN05,v,KCM,0,1,0,regular,y,d,
CAG194606021,charb102,CAG,1,2,value,27,,,0,,0,,,,,,19460602,1,CHI10,h,BIR,1,0,0,regular,,,
CAG194606022,charb102,CAG,1,2,value,21,,,0,,0,,,,,,19460602,2,CHI10,h,BIR,0,1,0,regular,,,
IN9194606080,charb102,CAG,2,2,value,6,,,0,,0,,,,,,19460608,0,IND10,v,IN9,0,1,0,regular,,,
CAG194606092,charb102,CAG,1,2,value,27,,,0,,0,,,,,1,19460609,2,CHI10,h,IN9,1,0,0,regular,,,
CAG194606100,charb102,CAG,1,3,value,27,11,1,0,1,0,,,,,1,19460610,0,DAV01,h,IN9,0,1,0,regular,y,d,
CAG194606110,charb102,CAG,1,2,value,21,,,0,0,0,0,,,,1,19460611,0,SPR03,h,IN9,1,0,0,regular,y,,
MEM194606162,charb102,CAG,1,2,value,21,,,0,,0,,,,,1,19460616,2,MEM03,v,MEM,1,0,0,regular,,,
MEM194606180,charb102,CAG,1,2,value,27,,,0,,0,,,,,1,19460618,0,WAC01,v,MEM,1,0,0,regular,,,
BIR194606260,charb102,CAG,1,1,value,,,,,,,,,,,1,19460626,0,NOL01,v,BIR,0,1,0,regular,,,
IN9194606302,charb102,CAG,1,2,value,21,,,0,,0,,,,,1,19460630,2,IND10,v,IN9,1,0,0,regular,,,
IN9194607020,charb102,CAG,1,2,value,24,,,0,,0,,,,,1,19460702,0,COL05,v,IN9,1,0,0,regular,,,
CVB194607042,charb102,CAG,1,2,value,18,2,1,0,0,0,0,0,1,0,1,19460704,2,CLE06,v,CVB,0,1,0,regular,y,d,
CAG194607072,charb102,CAG,2,2,value,,,,0,,0,,,,,,19460707,2,CHI10,h,BIR,0,1,0,regular,,,
