gid,id,team,d_seq,d_pos,stattype,d_ifouts,d_po,d_a,d_e,d_dp,d_tp,d_pb,d_wp,d_sb,d_cs,d_gs,date,number,site,vishome,opp,win,loss,tie,gametype,box,pbp,eject
BLS192510111,harrm103,HOM,1,4,value,27,1,,0,0,0,,,,,1,19251011,1,BAL13,v,BLS,1,0,0,exhibition,y,,
HOM192610030,harrm103,HOM,1,4,value,30,3,5,0,2,0,,,,,1,19261003,0,YOU01,h,ALN,0,1,0,exhibition,y,,
HOM192610040,harrm103,HOM,1,4,value,27,4,3,0,1,0,,,,,1,19261004,0,PIT06,h,ALN,1,0,0,exhibition,y,,
HOM192610110,harrm103,HOM,1,4,value,27,1,5,0,0,0,,,,,1,19261011,0,PIT06,h,ALN,1,0,0,exhibition,y,,
HOM192710040,harrm103,HOM,1,4,value,27,3,3,1,0,0,,,,,1,19271004,0,PHI11,h,ALN,0,1,0,exhibition,y,,
HOM192810090,harrm103,HOM,1,4,value,27,4,3,0,0,0,,,,,1,19281009,0,PPB01,h,ALN,0,1,0,exhibition,y,,
