gid,id,team,p_seq,stattype,p_ipouts,p_noout,p_bfp,p_h,p_d,p_t,p_hr,p_r,p_er,p_w,p_iw,p_k,p_hbp,p_wp,p_bk,p_sh,p_sf,p_sb,p_cs,p_pb,wp,lp,save,p_gs,p_gf,p_cg,date,number,site,vishome,opp,win,loss,tie,gametype,box,pbp
ACY192107031,whitd107,HIL,1,value,28,,41,10,0,0,0,6,0,3,,,0,0,0,0,,0,,0,,1,,1,,1,19210703,1,ACY01,v,ACY,0,1,0,exhibition,y,
ACY192107031,reddd101,ACY,1,value,30,,40,10,0,0,0,5,0,0,,,0,0,0,0,,0,,0,1,,,1,,1,19210703,1,ACY01,h,HIL,1,0,0,exhibition,y,
HIL192109052,hollb106,DT1,1,value,24,,37,8,2,0,0,4,,1,,1,0,0,0,3,,,,,,1,,1,,1,19210905,2,DAR01,v,HIL,0,1,0,exhibition,y,
HIL192109052,cockp101,HIL,1,value,27,,31,0,0,0,0,0,0,2,,2,0,0,0,0,,,,,1,,,1,,1,19210905,2,DAR01,h,DT1,1,0,0,exhibition,y,
HIL192110040,hollb106,CAG,1,value,27,,33,5,,,0,2,,1,,10,0,0,0,2,,,,,1,,,1,,1,19211004,0,PHI09,v,HIL,1,0,0,championship,y,
HIL192110040,flouw101,HIL,1,value,24,,32,6,,,1,5,,2,,11,0,0,0,0,,,,,,1,,1,,,19211004,0,PHI09,h,CAG,0,1,0,championship,y,
HIL192110040,rectc101,HIL,2,value,3,,4,1,,,0,0,0,0,,0,0,0,0,0,,,,,,,,,1,,19211004,0,PHI09,h,CAG,0,1,0,championship,y,
HIL192110050,willt104,CAG,1,value,6,,12,6,,,0,3,,,,,0,0,0,0,,,,,,,,1,,,19211005,0,PHI09,v,HIL,0,1,0,championship,y,
HIL192110050,johnt105,CAG,2,value,18,,21,3,,,0,1,,,,,0,0,0,0,,,,,,1,,,1,,19211005,0,PHI09,v,HIL,0,1,0,championship,y,
HIL192110050,cockp101,HIL,1,value,27,,33,6,,,0,3,,,,,0,0,0,0,,,,,1,,,1,,1,19211005,0,PHI09,h,CAG,1,0,0,championship,y,
CAG192110100,whitd107,HIL,1,value,24,,31,7,,,1,5,5,3,,7,0,0,0,0,,,,,,1,,1,,1,19211010,0,WIL03,v,CAG,0,1,0,championship,y,
CAG192110100,hollb106,CAG,1,value,27,,33,6,,,0,2,2,1,,5,0,0,0,0,,,,,1,,,1,,1,19211010,0,WIL03,h,HIL,1,0,0,championship,y,
HIL192110120,browd104,CAG,1,value,24,,35,11,,,1,5,,,,,0,0,0,0,,0,,0,,,,1,,,19211012,0,CAM01,v,HIL,0,0,1,championship,y,
HIL192110120,marsj103,CAG,2,value,3,,3,0,,,0,0,0,,,,0,0,0,0,,0,,0,,,,,1,,19211012,0,CAM01,v,HIL,0,0,1,championship,y,
HIL192110120,rectc101,HIL,1,value,27,,38,8,,,0,5,,,,,0,0,0,0,,0,,0,,,,1,,1,19211012,0,CAM01,h,CAG,0,0,1,championship,y,
HIL192110130,johnt105,CAG,1,value,9,,14,2,,,1,3,,2,,2,0,0,0,1,,,,,,,,1,,,19211013,0,DAR01,v,HIL,0,1,0,championship,y,
HIL192110130,willt104,CAG,2,value,9,,21,10,,,1,12,,2,,9,0,0,0,0,,,,,,1,,,1,,19211013,0,DAR01,v,HIL,0,1,0,championship,y,
HIL192110130,cockp101,HIL,1,value,21,,29,6,,,0,5,,2,,6,0,0,0,3,,,,,1,,,1,,1,19211013,0,DAR01,h,CAG,1,0,0,championship,y,
HIL192110150,hollb106,CAG,1,value,15,,23,8,,,0,5,,0,,4,0,0,0,3,,,,,,1,,1,,,19211015,0,DAR01,v,HIL,0,1,0,championship,y,
HIL192110150,johnt105,CAG,2,value,9,,12,3,,,0,2,,0,,1,0,0,0,1,,,,,,,,,1,,19211015,0,DAR01,v,HIL,0,1,0,championship,y,
HIL192110150,whitd107,HIL,1,value,27,,35,5,,,0,1,0,2,,7,0,0,0,0,,,,,1,,,1,,1,19211015,0,DAR01,h,CAG,1,0,0,championship,y,
CAG192208190,cockp101,HIL,1,value,27,,33,0,0,0,0,0,0,7,,3,0,0,0,0,,,,,1,,,1,,1,19220819,0,CHI09,v,CAG,1,0,0,exhibition,y,
CAG192208190,padrj101,CAG,1,value,27,,35,5,0,0,0,5,,3,,2,0,0,0,2,,,,,,1,,1,,1,19220819,0,CHI09,h,HIL,0,1,0,exhibition,y,
HAE192409031,wintn101,HIL,1,value,27,,31,1,0,0,0,0,0,4,,7,0,1,0,0,,,,,1,,,1,,1,19240903,1,HRB01,v,HAE,1,0,0,regular,y,
HAE192409031,corbc102,HAE,1,value,27,,34,4,0,1,0,2,,1,,1,0,0,0,1,,,,,,1,,1,,1,19240903,1,HRB01,h,HIL,0,1,0,regular,y,
HIL192410030,rogab101,KCM,1,value,27,0,36,8,2,0,0,2,2,3,0,4,1,0,0,1,0,1,1,0,1,,,1,,1,19241003,0,PHI09,v,HIL,1,0,0,championship,y,y
HIL192410030,cockp101,HIL,1,value,27,0,40,7,2,0,0,6,1,3,1,6,0,0,0,2,0,1,1,0,,1,,1,,1,19241003,0,PHI09,h,KCM,0,1,0,championship,y,y
HIL192410040,mccab107,KCM,1,value,0,3,3,1,0,0,0,3,3,2,0,0,0,0,0,0,0,0,0,0,,1,,1,,,19241004,0,PHI09,v,HIL,0,1,0,championship,y,y
HIL192410040,drakb101,KCM,2,value,5,0,12,5,1,0,0,4,4,0,0,0,1,0,0,1,0,0,0,0,,,,,,,19241004,0,PHI09,v,HIL,0,1,0,championship,y,y
HIL192410040,mendj101,KCM,3,value,16,0,22,7,3,1,0,4,3,1,0,1,0,0,0,1,1,0,0,0,,,,,,,19241004,0,PHI09,v,HIL,0,1,0,championship,y,y
HIL192410040,morry101,KCM,4,value,3,0,5,2,0,0,0,0,0,0,0,0,0,0,0,0,0,0,0,0,,,,,1,,19241004,0,PHI09,v,HIL,0,1,0,championship,y,y
HIL192410040,wintn101,HIL,1,value,27,0,33,4,0,0,0,0,0,2,0,3,0,0,0,0,0,0,0,0,1,,,1,,1,19241004,0,PHI09,h,KCM,1,0,0,championship,y,y
HIL192410050,bellw101,KCM,1,value,36,0,55,11,5,0,0,6,5,9,0,4,1,0,0,5,0,0,0,0,,,,1,,,19241005,0,BAL13,v,HIL,0,0,1,championship,y,y
HIL192410050,rogab101,KCM,2,value,3,0,5,1,0,0,0,0,0,0,0,1,0,0,0,0,0,0,0,0,,,,,1,,19241005,0,BAL13,v,HIL,0,0,1,championship,y,y
HIL192410050,ryanr102,HIL,1,value,12,0,18,3,1,0,1,4,3,2,0,2,1,0,0,1,0,2,0,0,,,,1,,,19241005,0,BAL13,h,KCM,0,0,1,championship,y,y
HIL192410050,lee-s101,HIL,2,value,24,0,32,5,1,0,0,2,2,2,0,6,2,0,0,1,0,1,0,0,,,,,,,19241005,0,BAL13,h,KCM,0,0,1,championship,y,y
HIL192410050,currr101,HIL,3,value,3,0,3,0,0,0,0,0,0,1,0,0,0,0,0,0,0,0,1,0,,,,,1,,19241005,0,BAL13,h,KCM,0,0,1,championship,y,y
HIL192410060,bellc102,KCM,1,value,24,4,34,4,0,0,0,4,2,3,0,4,1,0,0,0,0,1,0,0,,1,,1,,1,19241006,0,BAL13,v,HIL,0,1,0,championship,y,y
HIL192410060,ryanr102,HIL,1,value,6,0,9,3,2,0,0,2,2,0,0,1,0,0,0,0,0,0,0,0,,,,1,,,19241006,0,BAL13,h,KCM,1,0,0,championship,y,y
HIL192410060,currr101,HIL,2,value,21,0,27,5,2,0,0,1,1,1,0,2,0,0,0,0,0,1,0,0,1,,,,1,,19241006,0,BAL13,h,KCM,1,0,0,championship,y,y
KCM192410110,wintn101,HIL,1,value,27,0,31,4,2,0,0,2,2,1,0,7,0,0,0,1,0,1,1,0,1,,,1,,1,19241011,0,KAN05,v,KCM,1,0,0,championship,y,y
KCM192410110,rogab101,KCM,1,value,27,0,44,9,0,0,1,5,5,3,1,5,1,0,0,1,1,0,0,0,,1,,1,,1,19241011,0,KAN05,h,HIL,0,1,0,championship,y,y
KCM192410120,cockp101,HIL,1,value,2,0,6,4,0,0,0,4,4,1,0,0,0,1,0,0,0,0,1,0,,1,,1,,,19241012,0,KAN05,v,KCM,0,1,0,championship,y,y
KCM192410120,lee-s101,HIL,2,value,22,0,29,8,1,1,0,2,2,1,0,1,0,0,0,0,0,3,2,0,,,,,1,,19241012,0,KAN05,v,KCM,0,1,0,championship,y,y
KCM192410120,bellw101,KCM,1,value,24,1,36,11,1,1,0,5,5,2,1,2,0,0,0,0,0,2,0,0,1,,,1,,,19241012,0,KAN05,h,HIL,1,0,0,championship,y,y
KCM192410120,drakb101,KCM,2,value,3,0,4,0,0,0,0,0,0,1,0,0,0,0,0,0,0,0,0,0,,,1,,1,,19241012,0,KAN05,h,HIL,1,0,0,championship,y,y
KCM192410140,wintn101,HIL,1,value,35,0,48,11,1,1,0,4,2,5,0,8,0,1,0,2,0,4,1,0,,1,,1,,1,19241014,0,KAN05,v,KCM,0,1,0,championship,y,y
KCM192410140,bellc102,KCM,1,value,4,0,6,2,0,1,0,2,2,0,0,0,0,0,0,1,0,0,0,0,,,,1,,,19241014,0,KAN05,h,HIL,1,0,0,championship,y,y
KCM192410140,drakb101,KCM,2,value,21,0,26,4,0,0,0,1,1,1,0,2,0,0,0,2,0,1,0,0,,,,,,,19241014,0,KAN05,h,HIL,1,0,0,championship,y,y
KCM192410140,mendj101,KCM,3,value,11,0,14,1,0,0,0,0,0,2,1,1,0,0,0,0,0,0,0,0,1,,,,1,,19241014,0,KAN05,h,HIL,1,0,0,championship,y,y
KCM192410180,currr101,HIL,1,value,26,0,35,9,1,0,0,3,1,0,0,1,1,0,0,1,0,0,0,0,,1,,1,,1,19241018,0,CHI09,v,KCM,0,1,0,championship,y,y
KCM192410180,rogab101,KCM,1,value,27,0,37,9,0,1,0,2,2,3,0,3,0,0,0,1,1,2,0,1,1,,,1,,1,19241018,0,CHI09,h,HIL,1,0,0,championship,y,y
KCM192410190,wintn101,HIL,1,value,27,0,37,9,1,0,0,3,1,0,0,3,0,0,0,2,0,0,1,0,1,,,1,,1,19241019,0,CHI09,v,KCM,1,0,0,championship,y,y
KCM192410190,bellw101,KCM,1,value,12,3,22,8,1,0,0,2,1,2,1,0,0,0,0,1,0,0,0,0,,,,1,,,19241019,0,CHI09,h,HIL,0,1,0,championship,y,y
KCM192410190,drakb101,KCM,2,value,12,2,20,5,1,0,0,3,2,2,0,3,0,0,0,0,0,2,0,0,,1,,,,,19241019,0,CHI09,h,HIL,0,1,0,championship,y,y
KCM192410190,mendj101,KCM,3,value,3,0,5,0,0,0,0,0,0,1,0,2,0,0,0,0,0,0,0,0,,,,,1,,19241019,0,CHI09,h,HIL,0,1,0,championship,y,y
KCM192410200,lee-s101,HIL,1,value,24,0,30,6,1,0,0,5,5,1,0,3,0,0,0,1,0,1,1,0,,1,,1,,1,19241020,0,CHI09,v,KCM,0,1,0,championship,y,y
KCM192410200,mendj101,KCM,1,value,27,0,30,3,0,0,0,0,0,1,0,2,0,0,0,0,0,0,0,0,1,,,1,,1,19241020,0,CHI09,h,HIL,1,0,0,championship,y,y
KCM192510010,currr101,HIL,1,value,36,0,45,9,1,1,0,2,2,1,0,6,0,0,0,1,0,1,1,0,1,,,1,,1,19251001,0,KAN05,v,KCM,1,0,0,championship,y,y
KCM192510010,bellc102,KCM,1,value,30,2,38,6,1,0,0,2,2,5,0,4,0,0,0,1,1,0,2,0,,,,1,,,19251001,0,KAN05,h,HIL,0,1,0,championship,y,y
KCM192510010,drakb101,KCM,2,value,6,0,11,5,0,0,0,3,3,0,0,3,1,0,0,0,0,1,0,0,,1,,,1,,19251001,0,KAN05,h,HIL,0,1,0,championship,y,y
KCM192510020,cockp101,HIL,1,value,24,0,37,10,3,0,0,5,3,4,0,4,0,0,0,1,1,0,1,0,,1,,1,,1,19251002,0,KAN05,v,KCM,0,1,0,championship,y,y
KCM192510020,deann101,KCM,1,value,25,0,36,8,1,0,0,3,3,4,1,2,0,0,0,2,0,1,0,0,1,,,1,,,19251002,0,KAN05,h,HIL,1,0,0,championship,y,y
KCM192510020,bellw101,KCM,2,value,2,0,5,2,0,0,0,0,0,1,1,0,0,0,0,0,0,0,0,0,,,1,,1,,19251002,0,KAN05,h,HIL,1,0,0,championship,y,y
KCM192510030,lee-s101,HIL,1,value,24,0,30,3,0,0,0,1,0,4,0,8,0,0,0,0,0,1,2,0,,,,1,,,19251003,0,KAN05,v,KCM,1,0,0,championship,y,y
KCM192510030,ryanr102,HIL,2,value,6,0,7,1,1,0,0,0,0,0,0,1,0,0,0,0,0,0,0,0,1,,,,1,,19251003,0,KAN05,v,KCM,1,0,0,championship,y,y
KCM192510030,bellw101,KCM,1,value,21,3,32,8,2,0,0,0,0,4,0,3,0,0,0,1,0,1,0,0,,,,1,,,19251003,0,KAN05,h,HIL,0,1,0,championship,y,y
KCM192510030,mendj101,KCM,2,value,9,0,15,6,2,0,0,3,3,1,0,0,1,0,0,1,0,0,0,0,,1,,,1,,19251003,0,KAN05,h,HIL,0,1,0,championship,y,y
KCM192510040,wintn101,HIL,1,value,27,0,37,8,1,2,0,3,2,3,0,8,0,0,0,1,0,0,0,0,1,,,1,,1,19251004,0,KAN05,v,KCM,1,0,0,championship,y,y
KCM192510040,drakb101,KCM,1,value,27,0,40,11,1,3,0,7,6,3,1,3,0,0,0,0,1,2,1,1,,1,,1,,1,19251004,0,KAN05,h,HIL,0,1,0,championship,y,y
HIL192510080,bellc102,KCM,1,value,14,0,19,8,2,0,1,2,2,0,0,1,0,0,0,0,0,1,1,0,,1,,1,,,19251008,0,PHI09,v,HIL,0,1,0,championship,y,y
HIL192510080,deann101,KCM,2,value,10,0,12,2,0,0,0,0,0,0,0,0,0,0,0,0,0,1,0,0,,,,,1,,19251008,0,PHI09,v,HIL,0,1,0,championship,y,y
HIL192510080,currr101,HIL,1,value,27,0,33,7,3,0,0,1,1,1,0,4,0,0,0,0,0,0,2,0,1,,,1,,1,19251008,0,PHI09,h,KCM,1,0,0,championship,y,y
HIL192510100,bellw101,KCM,1,value,24,0,39,9,3,0,1,5,2,4,0,1,0,0,0,0,0,0,0,0,,1,,1,,1,19251010,0,PHI09,v,HIL,0,1,0,championship,y,y
HIL192510100,cockp101,HIL,1,value,27,0,45,8,2,0,0,2,2,4,0,6,3,0,0,2,0,1,0,0,1,,,1,,1,19251010,0,PHI09,h,KCM,1,0,0,championship,y,y
HIL192610010,heimf101,ALN,1,value,24,,35,7,,,1,3,2,2,,1,0,0,0,0,,,,,,1,,1,,1,19261001,0,WIL03,v,HIL,0,1,0,exhibition,y,
HIL192610010,cockp101,HIL,1,value,27,,32,8,,,0,2,2,0,,3,0,0,0,0,,,,,1,,,1,,1,19261001,0,WIL03,h,ALN,1,0,0,exhibition,y,
HIL192610020,grovl101,ALN,1,value,24,,36,10,,,1,6,,1,,3,0,1,0,1,,,,,,1,,1,,1,19261002,0,DAR01,v,HIL,0,1,0,exhibition,y,
HIL192610020,wintn101,HIL,1,value,27,,34,7,,,0,1,,2,,,0,0,0,0,,,,,1,,,1,,1,19261002,0,DAR01,h,ALN,1,0,0,exhibition,y,
ALN192610060,lee-s101,HIL,1,value,24,,34,7,,,0,1,1,1,,2,1,0,0,2,,,,,,1,,1,,1,19261006,0,BLO01,v,ALN,0,1,0,exhibition,y,
ALN192610060,heimf101,ALN,1,value,27,,36,9,,,0,0,0,0,,3,0,0,0,2,,,,,1,,,1,,1,19261006,0,BLO01,h,HIL,1,0,0,exhibition,y,
ALN192610070,cockp101,HIL,1,value,27,,35,6,,,0,0,0,2,,3,0,0,0,0,,,,,1,,,1,,1,19261007,0,BLO01,v,ALN,1,0,0,exhibition,y,
ALN192610070,grovl101,ALN,1,value,27,,37,7,,,0,3,,3,,6,0,0,0,0,,,,,,1,,1,,1,19261007,0,BLO01,h,HIL,0,1,0,exhibition,y,
ALN192610080,ryanr102,HIL,1,value,27,,33,7,,,0,1,,0,,5,0,0,0,0,,,,,1,,,1,,1,19261008,0,BLO01,v,ALN,1,0,0,exhibition,y,
ALN192610080,quinj102,ALN,1,value,27,,36,8,,,0,4,,1,,7,0,0,0,0,,,,,,1,,1,,1,19261008,0,BLO01,h,HIL,0,1,0,exhibition,y,
HIL192610090,walbr101,ALN,1,value,24,,31,6,0,0,0,4,,1,,,0,0,0,0,,,,,,1,,1,,1,19261009,0,DAR01,v,HIL,0,1,0,exhibition,y,
HIL192610090,wintn101,HIL,1,value,27,,35,8,0,0,0,3,,0,0,,0,0,0,0,,,,,1,,,1,,1,19261009,0,DAR01,h,ALN,1,0,0,exhibition,y,
CUE192705090,cockp101,HIL,1,value,21,,33,11,,0,2,9,,2,,2,0,0,0,4,,,,,,1,,1,,,19270509,0,RIC03,v,CUE,0,1,0,regular,y,
CUE192705090,kenwu101,HIL,2,value,3,,8,5,,0,1,3,,0,0,1,0,0,0,0,,,,,,,,,1,,19270509,0,RIC03,v,CUE,0,1,0,regular,y,
CUE192705090,fabri101,CUE,1,value,27,,42,13,2,1,0,7,,3,,4,0,0,0,2,,,,,1,,,1,,1,19270509,0,RIC03,h,HIL,1,0,0,regular,y,
BLS192707311,campb104,HIL,1,value,32,,39,6,0,0,2,2,,3,,5,0,0,0,1,,,,,,1,,1,,1,19270731,1,BAL13,v,BLS,0,1,0,regular,y,
BLS192707311,stroj103,BLS,1,value,33,,36,0,0,0,0,1,,1,,8,1,0,0,0,,,,,1,,,1,,1,19270731,1,BAL13,h,HIL,1,0,0,regular,y,
HIL192710160,moudd101,PIR,1,value,27,,36,5,,,1,2,,4,,5,1,0,0,0,,,,,1,,,1,,1,19271016,0,LOS05,v,HIL,1,0,0,exhibition,y,
HIL192710160,hollb106,HIL,1,value,27,,36,9,,,0,4,,1,,8,0,0,0,0,,,,,,1,,1,,1,19271016,0,LOS05,h,PIR,0,1,0,exhibition,y,
HIL192710230,ludow101,PIR,1,value,27,,34,8,,,0,1,,1,,6,0,0,0,0,,,,,1,,,1,,1,19271023,0,LOS05,v,HIL,1,0,0,exhibition,y,
HIL192710230,hollb106,HIL,1,value,27,,37,8,,,1,5,,1,,6,0,0,0,0,,,,,,1,,1,,1,19271023,0,LOS05,h,PIR,0,1,0,exhibition,y,
HIL192710290,pierb103,PIR,1,value,21,0,29,9,,,0,5,,0,,,1,0,0,1,,,,,,1,,1,,,19271029,0,LOS05,v,HIL,0,1,0,exhibition,y,
HIL192710290,rhodg101,PIR,2,value,3,0,3,0,,,0,0,,0,,,0,0,0,0,,,,,,,,,1,,19271029,0,LOS05,v,HIL,0,1,0,exhibition,y,
HIL192710290,hollb106,HIL,1,value,27,0,32,4,,,0,0,0,2,,7,0,0,0,0,,,,,1,,,1,,1,19271029,0,LOS05,h,PIR,1,0,0,exhibition,y,
HIL192710300,ludow101,PIR,1,value,18,,29,10,,,1,6,,1,,,0,0,0,2,,,,,,1,,1,,,19271030,0,LOS05,v,HIL,0,1,0,exhibition,y,
HIL192710300,wilkr101,PIR,2,value,6,,10,5,,,0,2,,0,,,0,0,0,0,,,,,,,,,1,,19271030,0,LOS05,v,HIL,0,1,0,exhibition,y,
HIL192710300,flouw101,HIL,1,value,27,,35,11,,,0,2,,0,,,1,0,0,1,,,,,1,,,1,,1,19271030,0,LOS05,h,PIR,1,0,0,exhibition,y,
HIL192810060,myere101,MLS,1,value,24,,33,9,,,0,5,,0,0,,0,0,0,0,,,,,,1,,1,,1,19281006,0,DAR01,v,HIL,0,1,0,exhibition,y,
HIL192810060,cockp101,HIL,1,value,27,,32,5,,,1,3,,0,0,,0,0,0,0,,,,,1,,,1,,1,19281006,0,DAR01,h,MLS,1,0,0,exhibition,y,
MLS192810080,cartc101,HIL,1,value,27,,35,7,,,0,2,,7,,,0,0,0,0,,,,,1,,,1,,1,19281008,0,MTH01,v,MLS,1,0,0,exhibition,y,
MLS192810080,smits102,MLS,1,value,27,,41,9,,,0,7,,8,,,0,0,0,0,,,,,,1,,1,,1,19281008,0,MTH01,h,HIL,0,1,0,exhibition,y,
NYL192909011,charp102,HIL,1,value,3,,8,5,,,3,5,,0,0,0,0,0,0,1,,0,,,,1,,1,,,19290901,1,NYC24,v,NYL,0,1,0,regular,y,
NYL192909011,coopd101,HIL,2,value,21,,38,11,,,2,6,,9,,5,0,0,0,2,,0,,,,,,,1,,19290901,1,NYC24,v,NYL,0,1,0,regular,y,
NYL192909011,hollb106,NYL,1,value,27,,36,6,0,0,1,3,,2,,3,0,0,0,0,,1,,,1,,,1,,1,19290901,1,NYC24,h,HIL,1,0,0,regular,y,
NYL192909012,pritw101,HIL,1,value,3,2,13,5,0,0,1,7,,4,,0,1,0,0,0,,,,0,,1,,1,,,19290901,2,NYC24,v,NYL,0,1,0,regular,y,
NYL192909012,charp102,HIL,2,value,15,,22,5,0,0,1,4,,3,,1,0,0,0,1,,,,0,,,,,1,,19290901,2,NYC24,v,NYL,0,1,0,regular,y,
NYL192909012,rectc101,NYL,1,value,21,,31,7,0,0,0,3,,3,,3,0,0,0,1,,,,0,1,,,1,,1,19290901,2,NYC24,h,HIL,1,0,0,regular,y,
MLS193110030,cockp101,HIL,1,value,27,,39,11,,,0,5,,0,0,,0,0,0,0,,0,,,1,,,1,,1,19311003,0,PHI09,v,MLS,1,0,0,exhibition,y,
MLS193110030,heimf101,MLS,1,value,27,,41,11,,,0,6,,0,0,,0,0,0,0,,0,,,,1,,1,,1,19311003,0,PHI09,h,HIL,0,1,0,exhibition,y,
MLS193110040,mcdow101,HIL,1,value,27,,31,4,,,0,0,,0,0,,0,0,0,0,,0,,0,1,,,1,,1,19311004,0,FAI01,v,MLS,1,0,0,exhibition,y,
MLS193110040,heimf101,MLS,1,value,24,,36,11,,,0,4,,0,0,,0,0,0,0,,0,,0,,1,,1,,,19311004,0,FAI01,h,HIL,0,1,0,exhibition,y,
MLS193110040,higgm102,MLS,2,value,3,,6,4,,,0,3,,0,0,,0,0,0,0,,0,,0,,,,,1,,19311004,0,FAI01,h,HIL,0,1,0,exhibition,y,
HIL193110101,heimf101,MLS,1,value,24,,29,4,0,0,0,2,2,1,,,0,0,0,0,,,,,,1,,1,,1,19311010,1,DAR01,v,HIL,0,1,0,exhibition,y,
HIL193110101,cartp102,HIL,1,value,27,,34,7,0,0,0,0,0,,,,0,0,0,0,,,,,1,,,1,,1,19311010,1,DAR01,h,MLS,1,0,0,exhibition,y,
HIL193110102,chamu101,MLS,1,value,18,,26,5,1,1,0,5,,2,,,0,0,0,0,,0,,,,1,,1,,1,19311010,2,DAR01,v,HIL,0,1,0,exhibition,y,
HIL193110102,charp102,HIL,1,value,18,,23,5,0,0,0,2,,0,0,,0,0,0,0,,0,,,1,,,1,,,19311010,2,DAR01,h,MLS,1,0,0,exhibition,y,
HIL193110102,mcdow101,HIL,2,value,3,,3,0,0,0,0,0,,0,0,,0,0,0,0,,0,,,,,1,,1,,19311010,2,DAR01,h,MLS,1,0,0,exhibition,y,
MLS193110111,mcdow101,HIL,1,value,18,,29,8,,,0,5,,0,0,,0,0,0,0,,0,,0,,1,,1,,,19311011,1,FAI01,v,MLS,0,1,0,exhibition,y,
MLS193110111,ryanr102,HIL,2,value,6,,9,3,,,0,1,,0,0,,0,0,0,0,,0,,0,,,,,1,,19311011,1,FAI01,v,MLS,0,1,0,exhibition,y,
MLS193110111,heimf101,MLS,1,value,27,,34,7,,,0,3,,0,0,,0,0,0,0,,0,,0,1,,,1,,1,19311011,1,FAI01,h,HIL,1,0,0,exhibition,y,
MLS193110112,ryanr102,HIL,1,value,12,,15,3,,,0,1,,0,0,,0,0,0,0,,0,,0,,1,,1,,1,19311011,2,FAI01,v,MLS,0,1,0,exhibition,y,
MLS193110112,higgm102,MLS,1,value,15,,19,4,,,0,0,0,0,0,,0,0,0,0,,0,,0,1,,,1,,1,19311011,2,FAI01,h,HIL,1,0,0,exhibition,y,
