gid,id,team,p_seq,stattype,p_ipouts,p_noout,p_bfp,p_h,p_d,p_t,p_hr,p_r,p_er,p_w,p_iw,p_k,p_hbp,p_wp,p_bk,p_sh,p_sf,p_sb,p_cs,p_pb,wp,lp,save,p_gs,p_gf,p_cg,date,number,site,vishome,opp,win,loss,tie,gametype,box,pbp,eject
CB1192105010,farrl101,CG1,1,value,33,,42,11,,,0,4,,2,,8,0,0,0,1,,,,,,,,1,,1,19210501,0,COL04,v,CB1,0,0,1,regular,y,,
CNN192105220,farrl101,CG1,2,value,9,,19,7,,,0,6,,2,,1,0,1,0,1,,,,,,,,,1,,19210522,0,CIN07,v,CNN,0,1,0,regular,y,,
CAG192710010,farrl101,ACY,1,value,24,0,36,8,3,0,0,6,5,1,0,6,2,0,0,3,1,0,1,0,,1,,1,,1,19271001,0,CHI09,v,CAG,0,1,0,championship,y,y,
CAG192710040,farrl101,ACY,1,value,24,0,43,11,2,0,0,9,4,6,0,1,0,0,0,1,1,1,0,0,,1,,1,,1,19271004,0,CHI09,v,CAG,0,1,0,championship,y,y,
ACY192710080,farrl101,ACY,1,value,21,0,26,0,0,0,0,2,0,5,0,3,0,0,0,1,0,2,0,0,1,,,1,,1,19271008,0,ACY01,h,CAG,1,0,0,championship,y,y,
ACY192710110,farrl101,ACY,1,value,27,0,40,7,0,0,0,1,1,6,0,4,2,0,0,0,0,1,2,1,1,,,1,,1,19271011,0,ACY01,h,CAG,1,0,0,championship,y,y,
ACY192710130,farrl101,ACY,2,value,20,0,33,11,3,0,1,6,5,1,0,9,0,0,0,0,0,2,0,0,,,,,1,,19271013,0,ACY01,h,CAG,0,1,0,championship,y,y,
ACY192710210,farrl101,ACY,1,value,27,,34,10,,,0,3,,0,0,,0,0,0,0,,,,,,1,,1,,1,19271021,0,ACY01,h,ALN,0,1,0,exhibition,y,,
BLS192810070,farrl101,BLS,1,value,27,,43,6,,,0,8,,8,,14,1,0,0,3,,,,,,1,,1,,1,19281007,0,BAL13,h,ASB,0,1,0,exhibition,y,,
BLS192810140,farrl101,BLS,1,value,27,,36,6,,,0,3,,4,,7,0,0,0,1,,,,,1,,,1,,1,19281014,0,BAL13,h,ASB,1,0,0,exhibition,y,,
BLS192810280,farrl101,BLS,2,value,12,,15,1,,,1,1,,2,,1,0,0,0,0,,,,,,1,,,1,,19281028,0,BAL13,h,ASB,0,1,0,exhibition,y,,
HOM193009202,farrl101,NYL,1,value,6,,16,8,,,1,8,,2,,1,0,0,0,0,,,,,,,,1,,,19300920,2,PIT06,v,HOM,0,1,0,championship,y,,
NYL193009212,farrl101,NYL,1,value,30,,36,6,,,0,3,,3,,2,0,0,0,2,,,,,,1,,1,,1,19300921,2,NYC16,h,HOM,0,1,0,championship,y,,
NYL193009271,farrl101,NYL,1,value,24,0,40,9,1,1,1,8,5,4,0,8,1,0,0,0,0,3,0,0,,,,1,,,19300927,1,NYC16,h,HOM,1,0,0,championship,y,y,
