gid,id,team,d_seq,d_pos,stattype,d_ifouts,d_po,d_a,d_e,d_dp,d_tp,d_pb,d_wp,d_sb,d_cs,d_gs,date,number,site,vishome,opp,win,loss,tie,gametype,box,pbp,eject
DT2193705150,justc101,DT2,1,7,value,6,0,0,0,0,0,,,,,0,19370515,0,DET06,h,CI1,0,1,0,regular,y,d,
DT2193705231,justc101,DT2,1,9,value,27,,,0,0,0,0,,0,,1,19370523,1,DET06,h,IN6,1,0,0,regular,y,,
DT2193705232,justc101,DT2,1,5,value,27,,,0,0,0,0,,0,,1,19370523,2,DET06,h,IN6,1,0,0,regular,y,,
SSA193705290,justc101,DT2,1,1,value,27,0,0,0,0,0,,,,,1,19370529,0,STL14,v,SSA,1,0,0,regular,y,d,
SSA193705301,justc101,DT2,1,9,value,27,,,0,,,,,,,1,19370530,1,STL14,v,SSA,1,0,0,regular,y,,
SSA193705311,justc101,DT2,1,9,value,27,,,1,,,,,,,1,19370531,1,STL14,v,SSA,1,0,0,regular,y,,
BIR193706061,justc101,DT2,1,9,value,27,3,0,0,0,0,,,0,,1,19370606,1,BIR01,v,BIR,1,0,0,regular,y,,
BIR193706062,justc101,DT2,1,9,value,18,1,0,0,0,0,,,0,,1,19370606,2,BIR01,v,BIR,0,1,0,regular,y,,
DT2193707112,justc101,DT2,2,1,value,,,,,,,,,,,,19370711,2,DET06,h,KCM,0,1,0,regular,,,
KCM193707190,justc101,DT2,1,3,value,24,10,1,1,1,0,,,,,1,19370719,0,KAN05,v,KCM,0,1,0,regular,y,d,
KCM193707200,justc101,DT2,1,1,value,33,,,,,,,,,,1,19370720,0,BEL01,v,KCM,1,0,0,regular,,,
CAG193707310,justc101,DT2,1,1,value,,,,,,,,,,,1,19370731,0,CHI09,v,CAG,0,1,0,regular,,,
CAG193708011,justc101,DT2,1,3,value,24,,,1,0,0,0,,,,1,19370801,1,CHI09,v,CAG,0,1,0,regular,y,,
CAG193708012,justc101,DT2,1,3,value,24,,,1,1,0,,,0,,1,19370801,2,CHI09,v,CAG,0,1,0,regular,y,,
DT2193708152,justc101,DT2,3,1,value,,,,,,,,,,,,19370815,2,DET06,h,ATN,1,0,0,regular,,,
