gid,id,team,d_seq,d_pos,stattype,d_ifouts,d_po,d_a,d_e,d_dp,d_tp,d_pb,d_wp,d_sb,d_cs,d_gs,date,number,site,vishome,opp,win,loss,tie,gametype,box,pbp
NY5193808072,kimbh102,BLG,1,8,value,15,1,0,0,0,0,,,,,1,19380807,2,NYC29,v,NY5,0,0,1,regular,y,d
NY5193808072,snowf101,BLG,1,6,value,15,0,0,0,0,0,,,,,1,19380807,2,NYC29,v,NY5,0,0,1,regular,y,d
NY5193808072,burbb102,BLG,1,9,value,15,1,0,0,0,0,,,,,1,19380807,2,NYC29,v,NY5,0,0,1,regular,y,d
NY5193808072,hoskb101,BLG,1,7,value,15,0,0,0,0,0,,,,,1,19380807,2,NYC29,v,NY5,0,0,1,regular,y,d
NY5193808072,thomd104,BLG,1,3,value,15,8,0,0,0,0,,,,,1,19380807,2,NYC29,v,NY5,0,0,1,regular,y,d
NY5193808072,scalg101,BLG,1,4,value,15,2,0,0,0,0,,,,,1,19380807,2,NYC29,v,NY5,0,0,1,regular,y,d
NY5193808072,summl101,BLG,1,5,value,15,1,0,0,0,0,,,,,1,19380807,2,NYC29,v,NY5,0,0,1,regular,y,d
NY5193808072,campr102,BLG,1,2,value,15,2,0,0,0,0,0,0,0,1,1,19380807,2,NYC29,v,NY5,0,0,1,regular,y,d
NY5193808072,grifb102,BLG,1,1,value,15,0,0,0,0,0,,,,,1,19380807,2,NYC29,v,NY5,0,0,1,regular,y,d
NY5193808072,campd103,NY5,1,4,value,15,1,0,0,0,0,,,,,1,19380807,2,NYC29,h,BLG,0,0,1,regular,y,d
NY5193808072,barkm101,NY5,1,8,value,15,1,0,0,0,0,,,,,1,19380807,2,NYC29,h,BLG,0,0,1,regular,y,d
NY5193808072,cannw101,NY5,1,5,value,15,0,0,0,0,0,,,,,1,19380807,2,NYC29,h,BLG,0,0,1,regular,y,d
NY5193808072,chrit101,NY5,1,7,value,15,3,0,0,0,0,,,,,1,19380807,2,NYC29,h,BLG,0,0,1,regular,y,d
NY5193808072,wrigz102,NY5,1,9,value,15,3,0,0,0,0,,,,,1,19380807,2,NYC29,h,BLG,0,0,1,regular,y,d
NY5193808072,washj102,NY5,1,3,value,15,2,0,1,0,0,,,,,1,19380807,2,NYC29,h,BLG,0,0,1,regular,y,d
NY5193808072,palmc101,NY5,1,2,value,15,5,0,0,0,0,0,0,0,0,1,19380807,2,NYC29,h,BLG,0,0,1,regular,y,d
NY5193808072,mornl101,NY5,1,6,value,15,0,0,0,0,0,,,,,1,19380807,2,NYC29,h,BLG,0,0,1,regular,y,d
NY5193808072,hollb106,NY5,1,1,value,15,0,0,0,0,0,,,,,1,19380807,2,NYC29,h,BLG,0,0,1,regular,y,d
PTC193808071,speac103,PH5,1,9,value,27,0,0,0,0,0,,,,,1,19380807,1,NYC29,v,PTC,0,0,1,regular,y,d
PTC193808071,parnr102,PH5,1,7,value,27,2,0,0,0,0,,,,,1,19380807,1,NYC29,v,PTC,0,0,1,regular,y,d
PTC193808071,bensg101,PH5,1,8,value,27,1,0,0,0,0,,,,,1,19380807,1,NYC29,v,PTC,0,0,1,regular,y,d
PTC193808071,pattp102,PH5,1,4,value,27,1,0,0,0,0,,,,,1,19380807,1,NYC29,v,PTC,0,0,1,regular,y,d
PTC193808071,wilsj106,PH5,1,3,value,27,15,0,0,0,0,,,,,1,19380807,1,NYC29,v,PTC,0,0,1,regular,y,d
PTC193808071,dunnj104,PH5,1,6,value,27,1,0,1,0,0,,,,,1,19380807,1,NYC29,v,PTC,0,0,1,regular,y,d
PTC193808071,perkb101,PH5,1,2,value,27,5,0,0,0,0,0,0,0,0,1,19380807,1,NYC29,v,PTC,0,0,1,regular,y,d
PTC193808071,cread101,PH5,1,5,value,27,2,0,0,0,0,,,,,1,19380807,1,NYC29,v,PTC,0,0,1,regular,y,d
PTC193808071,carts102,PH5,1,1,value,21,0,0,0,0,0,,,,,1,19380807,1,NYC29,v,PTC,0,0,1,regular,y,d
PTC193808071,ellir105,PH5,1,1,value,6,0,0,0,0,0,,,,,0,19380807,1,NYC29,v,PTC,0,0,1,regular,y,d
PTC193808071,jenkf102,PTC,1,9,value,27,2,0,0,0,0,,,,,1,19380807,1,NYC29,h,PH5,0,0,1,regular,y,d
PTC193808071,willc106,PTC,1,5,value,27,2,0,0,0,0,,,,,1,19380807,1,NYC29,h,PH5,0,0,1,regular,y,d
PTC193808071,banks101,PTC,1,8,value,27,1,0,0,0,0,,,,,1,19380807,1,NYC29,h,PH5,0,0,1,regular,y,d
PTC193808071,hairn101,PTC,1,7,value,27,2,0,0,0,0,,,,,1,19380807,1,NYC29,h,PH5,0,0,1,regular,y,d
PTC193808071,willh105,PTC,1,4,value,27,2,1,0,1,0,,,,,1,19380807,1,NYC29,h,PH5,0,0,1,regular,y,d
PTC193808071,gileg101,PTC,1,3,value,27,9,0,0,1,0,,,,,1,19380807,1,NYC29,h,PH5,0,0,1,regular,y,d
PTC193808071,clarb101,PTC,1,6,value,27,3,1,0,1,0,,,,,1,19380807,1,NYC29,h,PH5,0,0,1,regular,y,d
PTC193808071,ruffl101,PTC,1,2,value,27,6,0,0,0,0,1,0,0,0,1,19380807,1,NYC29,h,PH5,0,0,1,regular,y,d
PTC193808071,taylj108,PTC,1,1,value,27,0,0,0,0,0,,,,,1,19380807,1,NYC29,h,PH5,0,0,1,regular,y,d
BLG193808142,parnr102,PH5,1,7,value,27,1,0,0,0,0,,,,,1,19380814,2,NYC29,v,BLG,1,0,0,regular,y,d
BLG193808142,speac103,PH5,1,9,value,27,2,0,0,0,0,,,,,1,19380814,2,NYC29,v,BLG,1,0,0,regular,y,d
BLG193808142,bensg101,PH5,1,8,value,27,3,0,0,0,0,,,,,1,19380814,2,NYC29,v,BLG,1,0,0,regular,y,d
BLG193808142,pattp102,PH5,1,4,value,27,2,4,0,0,0,,,,,1,19380814,2,NYC29,v,BLG,1,0,0,regular,y,d
BLG193808142,dunnj104,PH5,1,6,value,27,0,3,0,0,0,,,,,1,19380814,2,NYC29,v,BLG,1,0,0,regular,y,d
BLG193808142,harrc104,PH5,1,2,value,27,5,1,0,0,0,0,0,0,0,1,19380814,2,NYC29,v,BLG,1,0,0,regular,y,d
BLG193808142,jones107,PH5,1,3,value,27,9,1,0,0,0,,,,,1,19380814,2,NYC29,v,BLG,1,0,0,regular,y,d
BLG193808142,cread101,PH5,1,5,value,27,5,2,0,0,0,,,,,1,19380814,2,NYC29,v,BLG,1,0,0,regular,y,d
BLG193808142,mcheh101,PH5,1,1,value,27,0,0,0,0,0,,,,,1,19380814,2,NYC29,v,BLG,1,0,0,regular,y,d
BLG193808142,kimbh102,BLG,1,8,value,27,2,0,0,0,0,,,,,1,19380814,2,NYC29,h,PH5,0,1,0,regular,y,d
BLG193808142,snowf101,BLG,1,6,value,27,1,3,1,0,0,,,,,1,19380814,2,NYC29,h,PH5,0,1,0,regular,y,d
BLG193808142,hughs101,BLG,1,4,value,27,3,4,0,0,0,,,,,1,19380814,2,NYC29,h,PH5,0,1,0,regular,y,d
BLG193808142,wrigb104,BLG,1,9,value,27,1,0,1,0,0,,,,,1,19380814,2,NYC29,h,PH5,0,1,0,regular,y,d
BLG193808142,westj102,BLG,1,3,value,27,11,1,0,0,0,,,,,1,19380814,2,NYC29,h,PH5,0,1,0,regular,y,d
BLG193808142,hoskb101,BLG,1,7,value,27,1,0,0,0,0,,,,,1,19380814,2,NYC29,h,PH5,0,1,0,regular,y,d
BLG193808142,summl101,BLG,1,5,value,27,2,2,0,0,0,,,,,1,19380814,2,NYC29,h,PH5,0,1,0,regular,y,d
BLG193808142,mackb102,BLG,1,2,value,27,5,1,0,0,0,0,1,0,0,1,19380814,2,NYC29,h,PH5,0,1,0,regular,y,d
BLG193808142,gainj102,BLG,1,1,value,15,1,2,0,0,0,,,,,1,19380814,2,NYC29,h,PH5,0,1,0,regular,y,d
BLG193808142,scalg101,BLG,1,1,value,12,0,0,0,0,0,,,,,0,19380814,2,NYC29,h,PH5,0,1,0,regular,y,d
PTC193808141,byrdb101,BLG,1,1,value,27,,,,,,,,,,1,19380814,1,NYC29,v,PTC,1,0,0,regular,,
PTC193808141,mackb102,BLG,1,2,value,27,,,,,,,,,,,19380814,1,NYC29,v,PTC,1,0,0,regular,,
PTC193808141,kimbh102,BLG,,8,value,,,,1,,,,,,,,19380814,1,NYC29,v,PTC,1,0,0,regular,,
PTC193808141,matll101,PTC,1,1,value,27,,,,,,,,,,1,19380814,1,NYC29,h,BLG,0,1,0,regular,,
PTC193808141,ruffl101,PTC,1,2,value,,,,,,,,,,,,19380814,1,NYC29,h,BLG,0,1,0,regular,,
PTC193808141,willc106,PTC,,6,value,,1,,,,,,,,,,19380814,1,NYC29,h,BLG,0,1,0,regular,,
PTC193808141,smitt105,PTC,2,2,value,,,,,,,,,,,,19380814,1,NYC29,h,BLG,0,1,0,regular,,
