gid,visteam,hometeam,site,date,number,starttime,daynight,innings,tiebreaker,usedh,htbf,timeofgame,attendance,fieldcond,precip,sky,temp,winddir,windspeed,oscorer,forfeit,suspend,umphome,ump1b,ump2b,ump3b,umplf,umprf,wp,lp,save,gametype,vruns,hruns,wteam,lteam,line,batteries,lineups,box,pbp,season
NY5193808072,BLG,NY5,NYC29,19380807,2,,day,7,,false,,0,8000,unknown,unknown,unknown,0,unknown,-1,,,,craij901,forbf901,winsu901,mccrf901,,,,,,regular,1,1,,,y,both,y,y,d,1938
PTC193808071,PH5,PTC,NYC29,19380807,1,,day,,,false,,0,8000,unknown,unknown,unknown,0,unknown,-1,,,,forbf901,mccrf901,craij901,winsu901,,,,,,regular,7,7,,,y,both,y,y,d,1938
BLG193808142,PH5,BLG,NYC29,19380814,2,,day,,,false,,0,15000,unknown,unknown,unknown,0,unknown,-1,,,,,,,,,,mcheh101,gainj102,,regular,7,3,PH5,BLG,y,both,y,y,d,1938
PTC193808141,BLG,PTC,NYC29,19380814,1,,day,,,,,,15000,,,,,,,,,,,,,,,,byrdb101,matll101,,regular,9,1,BLG,PTC,y,both,,,,1938
