gid,id,team,d_seq,d_pos,stattype,d_ifouts,d_po,d_a,d_e,d_dp,d_tp,d_pb,d_wp,d_sb,d_cs,d_gs,date,number,site,vishome,opp,win,loss,tie,gametype,box,pbp
KCM193905150,browl107,MEM,1,2,value,24,,,0,,0,,,,,1,19390515,0,STJ01,v,KCM,0,1,0,exhibition,,
KCM193905150,wilsl102,MEM,1,1,value,,,,0,,0,0,,,,1,19390515,0,STJ01,v,KCM,0,1,0,exhibition,,
KCM193905150,forrp101,MEM,1,1,value,,,,0,,0,0,,,,,19390515,0,STJ01,v,KCM,0,1,0,exhibition,,
KCM193905150,decul101,KCM,1,2,value,27,,,0,,0,,,,,1,19390515,0,STJ01,h,MEM,1,0,0,exhibition,,
KCM193905150,kranf101,KCM,1,1,value,,,,0,,0,0,,,,1,19390515,0,STJ01,h,MEM,1,0,0,exhibition,,
KCM193905150,walkg103,KCM,1,1,value,,,,0,,0,0,,,,,19390515,0,STJ01,h,MEM,1,0,0,exhibition,,
KCM194207160,bankf101,MEM,1,4,value,24,3,3,1,1,0,,,,,1,19420716,0,STJ01,v,KCM,0,1,0,regular,y,
KCM194207160,mcdaf101,MEM,1,7,value,24,0,0,0,0,0,,,,,1,19420716,0,STJ01,v,KCM,0,1,0,regular,y,
KCM194207160,hydec101,MEM,1,5,value,24,1,1,0,0,0,,,,,1,19420716,0,STJ01,v,KCM,0,1,0,regular,y,
KCM194207160,cartm101,MEM,1,9,value,24,1,1,0,0,0,,,,,1,19420716,0,STJ01,v,KCM,0,1,0,regular,y,
KCM194207160,robin101,MEM,1,8,value,,0,0,0,0,0,,,,,1,19420716,0,STJ01,v,KCM,0,1,0,regular,y,
KCM194207160,mathv101,MEM,1,8,value,,0,1,0,0,0,,,,,,19420716,0,STJ01,v,KCM,0,1,0,regular,y,
KCM194207160,taylj106,MEM,1,3,value,24,12,0,0,2,0,,,,,1,19420716,0,STJ01,v,KCM,0,1,0,regular,y,
KCM194207160,browt105,MEM,1,6,value,24,1,6,1,2,0,,,,,1,19420716,0,STJ01,v,KCM,0,1,0,regular,y,
KCM194207160,smitb114,MEM,1,2,value,24,6,1,0,0,0,1,,,,1,19420716,0,STJ01,v,KCM,0,1,0,regular,y,
KCM194207160,evanf101,MEM,1,1,value,24,0,7,0,1,0,,,,,1,19420716,0,STJ01,v,KCM,0,1,0,regular,y,
KCM194207160,simmw101,KCM,1,8,value,27,0,0,0,0,0,,,,,1,19420716,0,STJ01,h,MEM,1,0,0,regular,y,
KCM194207160,allen102,KCM,1,9,value,27,1,0,0,0,0,,,,,1,19420716,0,STJ01,h,MEM,1,0,0,regular,y,
KCM194207160,soueh101,KCM,1,5,value,27,0,3,0,0,0,,,,,1,19420716,0,STJ01,h,MEM,1,0,0,regular,y,
KCM194207160,dawsj102,KCM,1,2,value,,5,0,1,0,0,0,,,,1,19420716,0,STJ01,h,MEM,1,0,0,regular,y,
KCM194207160,greej108,KCM,1,2,value,,3,0,0,0,0,0,,,,,19420716,0,STJ01,h,MEM,1,0,0,regular,y,
KCM194207160,oneib801,KCM,1,3,value,27,14,0,0,0,0,,,,,1,19420716,0,STJ01,h,MEM,1,0,0,regular,y,
KCM194207160,serrb101,KCM,1,4,value,27,2,4,0,0,0,,,,,1,19420716,0,STJ01,h,MEM,1,0,0,regular,y,
KCM194207160,smith111,KCM,1,7,value,27,1,0,0,0,0,,,,,1,19420716,0,STJ01,h,MEM,1,0,0,regular,y,
KCM194207160,willj111,KCM,1,6,value,27,1,3,0,0,0,,,,,1,19420716,0,STJ01,h,MEM,1,0,0,regular,y,
KCM194207160,lamaj102,KCM,1,1,value,22,0,6,0,0,0,,,,,1,19420716,0,STJ01,h,MEM,1,0,0,regular,y,
KCM194207160,johnc103,KCM,1,1,value,5,0,0,0,0,0,,,,,,19420716,0,STJ01,h,MEM,1,0,0,regular,y,
KCM194208240,bellj103,CAG,1,8,value,24,2,0,0,0,0,,,,,1,19420824,0,STJ01,v,KCM,0,1,0,regular,y,
KCM194208240,wyatr101,CAG,1,6,value,24,0,3,1,0,0,,,,,1,19420824,0,STJ01,v,KCM,0,1,0,regular,y,
KCM194208240,radca101,CAG,1,5,value,24,2,4,0,0,0,,,,,1,19420824,0,STJ01,v,KCM,0,1,0,regular,y,
KCM194208240,penna101,CAG,1,3,value,24,10,0,0,0,0,,,,,1,19420824,0,STJ01,v,KCM,0,1,0,regular,y,
KCM194208240,lockl101,CAG,1,4,value,,3,1,0,0,0,,,,,1,19420824,0,STJ01,v,KCM,0,1,0,regular,y,
KCM194208240,lockl101,CAG,2,7,value,,,,0,0,0,,,,,1,19420824,0,STJ01,v,KCM,0,1,0,regular,y,
KCM194208240,crutj101,CAG,1,9,value,24,1,0,2,0,0,,,,,1,19420824,0,STJ01,v,KCM,0,1,0,regular,y,
KCM194208240,hubej101,CAG,1,2,value,24,4,1,1,0,0,0,,,,1,19420824,0,STJ01,v,KCM,0,1,0,regular,y,
KCM194208240,shiec102,CAG,1,7,value,,0,0,0,0,0,,,,,1,19420824,0,STJ01,v,KCM,0,1,0,regular,y,
KCM194208240,smith113,CAG,1,4,value,,1,2,0,0,0,,,,,,19420824,0,STJ01,v,KCM,0,1,0,regular,y,
KCM194208240,thoms105,CAG,1,1,value,24,1,0,0,0,0,,,,,1,19420824,0,STJ01,v,KCM,0,1,0,regular,y,
KCM194208240,simmw101,KCM,1,7,value,27,3,0,0,0,0,,,,,1,19420824,0,STJ01,h,CAG,1,0,0,regular,y,
KCM194208240,soueh101,KCM,1,5,value,27,0,0,0,0,0,,,,,1,19420824,0,STJ01,h,CAG,1,0,0,regular,y,
KCM194208240,strot101,KCM,1,9,value,27,2,0,0,0,0,,,,,1,19420824,0,STJ01,h,CAG,1,0,0,regular,y,
KCM194208240,broww101,KCM,1,8,value,27,0,0,0,0,0,,,,,1,19420824,0,STJ01,h,CAG,1,0,0,regular,y,
KCM194208240,greej108,KCM,1,2,value,27,12,2,0,0,0,0,,,,1,19420824,0,STJ01,h,CAG,1,0,0,regular,y,
KCM194208240,oneib801,KCM,1,3,value,27,8,0,0,0,0,,,,,1,19420824,0,STJ01,h,CAG,1,0,0,regular,y,
KCM194208240,serrb101,KCM,1,4,value,27,0,3,0,0,0,,,,,1,19420824,0,STJ01,h,CAG,1,0,0,regular,y,
KCM194208240,willj111,KCM,1,6,value,27,2,2,0,0,0,,,,,1,19420824,0,STJ01,h,CAG,1,0,0,regular,y,
KCM194208240,johnc103,KCM,1,1,value,27,0,4,1,0,0,,,,,1,19420824,0,STJ01,h,CAG,1,0,0,regular,y,
CAG194209080,mclaf102,BIR,1,8,value,27,2,0,0,0,0,,,,,1,19420908,0,STJ01,v,CAG,1,0,0,exhibition,y,
CAG194209080,walkh103,BIR,1,6,value,27,1,1,0,1,0,,,,,1,19420908,0,STJ01,v,CAG,1,0,0,exhibition,y,
CAG194209080,sampt101,BIR,1,4,value,27,2,6,0,1,0,,,,,1,19420908,0,STJ01,v,CAG,1,0,0,exhibition,y,
CAG194209080,smitj112,BIR,1,9,value,27,0,0,0,0,0,,,,,1,19420908,0,STJ01,v,CAG,1,0,0,exhibition,y,
CAG194209080,dunna102,BIR,1,3,value,27,16,0,0,1,0,,,,,1,19420908,0,STJ01,v,CAG,1,0,0,exhibition,y,
CAG194209080,bankd101,BIR,1,7,value,27,3,0,0,0,0,,,,,1,19420908,0,STJ01,v,CAG,1,0,0,exhibition,y,
CAG194209080,lamac101,BIR,1,5,value,27,1,2,0,0,0,,,,,1,19420908,0,STJ01,v,CAG,1,0,0,exhibition,y,
CAG194209080,hardp102,BIR,1,2,value,27,2,1,0,0,0,0,,,,1,19420908,0,STJ01,v,CAG,1,0,0,exhibition,y,
CAG194209080,sneae101,BIR,1,1,value,27,0,7,0,0,0,,,,,1,19420908,0,STJ01,v,CAG,1,0,0,exhibition,y,
CAG194209080,bellj103,CAG,1,8,value,27,4,0,0,0,0,,,,,1,19420908,0,STJ01,h,BIR,0,1,0,exhibition,y,
CAG194209080,crutj101,CAG,1,9,value,27,1,0,0,0,0,,,,,1,19420908,0,STJ01,h,BIR,0,1,0,exhibition,y,
CAG194209080,penna101,CAG,1,3,value,27,12,1,0,0,0,,,,,1,19420908,0,STJ01,h,BIR,0,1,0,exhibition,y,
CAG194209080,andrj104,CAG,1,7,value,27,1,0,0,0,0,,,,,1,19420908,0,STJ01,h,BIR,0,1,0,exhibition,y,
CAG194209080,britj104,CAG,1,5,value,27,0,3,1,0,0,,,,,1,19420908,0,STJ01,h,BIR,0,1,0,exhibition,y,
CAG194209080,smith113,CAG,1,6,value,27,0,3,0,0,0,,,,,1,19420908,0,STJ01,h,BIR,0,1,0,exhibition,y,
CAG194209080,harrc105,CAG,1,4,value,27,2,5,1,0,0,,,,,1,19420908,0,STJ01,h,BIR,0,1,0,exhibition,y,
CAG194209080,smitb114,CAG,1,2,value,,2,0,1,0,0,0,,,,1,19420908,0,STJ01,h,BIR,0,1,0,exhibition,y,
CAG194209080,hubej101,CAG,1,2,value,,5,1,0,0,0,0,,,,,19420908,0,STJ01,h,BIR,0,1,0,exhibition,y,
CAG194209080,ferrw102,CAG,1,1,value,9,0,2,0,0,0,,,,,1,19420908,0,STJ01,h,BIR,0,1,0,exhibition,y,
CAG194209080,johnt108,CAG,1,1,value,18,0,3,1,0,0,,,,,,19420908,0,STJ01,h,BIR,0,1,0,exhibition,y,
BIR194209221,alleh106,CI2,1,1,value,18,,,0,,0,0,,,,1,19420922,1,STJ01,v,BIR,0,1,0,exhibition,,
BIR194209221,bassp101,CI2,1,2,value,18,,,0,,0,,,,,1,19420922,1,STJ01,v,BIR,0,1,0,exhibition,,
BIR194209221,hardp102,BIR,1,2,value,21,,,0,,0,,,,,1,19420922,1,STJ01,h,CI2,1,0,0,exhibition,,
BIR194209221,welcw101,BIR,1,1,value,21,,,0,,0,0,,,,1,19420922,1,STJ01,h,CI2,1,0,0,exhibition,,
KCM194209222,hardp102,BIR,1,2,value,21,,,0,,0,,,,,1,19420922,2,STJ01,v,KCM,1,0,0,exhibition,,
KCM194209222,keyer101,BIR,1,1,value,21,,,0,,0,0,,,,1,19420922,2,STJ01,v,KCM,1,0,0,exhibition,,
KCM194209222,sampt101,BIR,1,4,value,21,,,0,,0,0,,,,,19420922,2,STJ01,v,KCM,1,0,0,exhibition,,
KCM194209222,duncf102,KCM,1,2,value,,,,0,,0,,,,,1,19420922,2,STJ01,h,BIR,0,1,0,exhibition,,
KCM194209222,johnc103,KCM,1,1,value,,,,0,,0,0,,,,,19420922,2,STJ01,h,BIR,0,1,0,exhibition,,
KCM194209222,matcj101,KCM,1,1,value,,,,0,,0,0,,,,,19420922,2,STJ01,h,BIR,0,1,0,exhibition,,
KCM194209222,robif104,KCM,1,2,value,,,,0,,0,,,,,,19420922,2,STJ01,h,BIR,0,1,0,exhibition,,
KCM194209222,smith111,KCM,1,1,value,,,,0,,0,0,,,,1,19420922,2,STJ01,h,BIR,0,1,0,exhibition,,
KCM194305250,hornb101,CVB,1,6,value,24,2,1,0,1,0,,,,,1,19430525,0,STJ01,v,KCM,0,1,0,regular,y,d
KCM194305250,riddm101,CVB,1,4,value,24,2,2,0,1,0,,,,,1,19430525,0,STJ01,v,KCM,0,1,0,regular,y,d
KCM194305250,smitt105,CVB,1,8,value,24,0,0,0,0,0,,,,,1,19430525,0,STJ01,v,KCM,0,1,0,regular,y,d
KCM194305250,jeths101,CVB,1,5,value,24,1,2,0,0,0,,,,,1,19430525,0,STJ01,v,KCM,0,1,0,regular,y,d
KCM194305250,warea101,CVB,1,3,value,24,10,0,2,1,0,,,,,1,19430525,0,STJ01,v,KCM,0,1,0,regular,y,d
KCM194305250,hundj101,CVB,1,9,value,24,0,0,0,0,0,,,,,1,19430525,0,STJ01,v,KCM,0,1,0,regular,y,d
KCM194305250,smitq101,CVB,1,7,value,24,4,2,0,0,0,,,,,1,19430525,0,STJ01,v,KCM,0,1,0,regular,y,d
KCM194305250,taylr102,CVB,1,2,value,24,5,1,1,0,0,1,0,2,0,1,19430525,0,STJ01,v,KCM,0,1,0,regular,y,d
KCM194305250,gulln101,CVB,1,1,value,24,0,2,0,0,0,,,,,1,19430525,0,STJ01,v,KCM,0,1,0,regular,y,d
KCM194305250,broww101,KCM,1,8,value,27,2,0,0,0,0,,,,,1,19430525,0,STJ01,h,CVB,1,0,0,regular,y,d
KCM194305250,thomh103,KCM,1,9,value,27,5,0,0,0,0,,,,,1,19430525,0,STJ01,h,CVB,1,0,0,regular,y,d
KCM194305250,willj111,KCM,1,6,value,27,2,3,1,0,0,,,,,1,19430525,0,STJ01,h,CVB,1,0,0,regular,y,d
KCM194305250,soueh101,KCM,1,5,value,27,1,1,0,0,0,,,,,1,19430525,0,STJ01,h,CVB,1,0,0,regular,y,d
KCM194305250,smith111,KCM,1,7,value,27,0,0,1,0,0,,,,,1,19430525,0,STJ01,h,CVB,1,0,0,regular,y,d
KCM194305250,oneib801,KCM,1,3,value,27,9,0,0,0,0,,,,,1,19430525,0,STJ01,h,CVB,1,0,0,regular,y,d
KCM194305250,serrb101,KCM,1,4,value,27,1,3,0,0,0,,,,,1,19430525,0,STJ01,h,CVB,1,0,0,regular,y,d
KCM194305250,hayns101,KCM,1,2,value,27,7,2,1,0,0,1,0,1,0,1,19430525,0,STJ01,h,CVB,1,0,0,regular,y,d
KCM194305250,paigs101,KCM,1,1,value,9,0,1,0,0,0,,,,,1,19430525,0,STJ01,h,CVB,1,0,0,regular,y,d
KCM194305250,walkg103,KCM,1,1,value,9,0,0,0,0,0,,,,,0,19430525,0,STJ01,h,CVB,1,0,0,regular,y,d
KCM194305250,alext101,KCM,1,1,value,9,0,0,0,0,0,,,,,0,19430525,0,STJ01,h,CVB,1,0,0,regular,y,d
KCM194307130,mclaf102,BIR,1,8,value,27,4,0,0,0,0,,,,,1,19430713,0,STJ01,v,KCM,1,0,0,regular,y,d
KCM194307130,sampt101,BIR,1,4,value,27,4,2,1,0,0,,,,,1,19430713,0,STJ01,v,KCM,1,0,0,regular,y,d
KCM194307130,speac103,BIR,1,9,value,27,2,0,0,0,0,,,,,1,19430713,0,STJ01,v,KCM,1,0,0,regular,y,d
KCM194307130,lockl101,BIR,1,7,value,27,1,0,0,0,0,,,,,1,19430713,0,STJ01,v,KCM,1,0,0,regular,y,d
KCM194307130,davip102,BIR,1,6,value,27,1,1,1,0,0,,,,,1,19430713,0,STJ01,v,KCM,1,0,0,regular,y,d
KCM194307130,dunna102,BIR,1,3,value,27,5,0,0,0,0,,,,,1,19430713,0,STJ01,v,KCM,1,0,0,regular,y,d
KCM194307130,walkh103,BIR,1,5,value,27,1,0,0,0,0,,,,,1,19430713,0,STJ01,v,KCM,1,0,0,regular,y,d
KCM194307130,hardp102,BIR,1,2,value,27,9,2,0,0,0,0,0,0,1,1,19430713,0,STJ01,v,KCM,1,0,0,regular,y,d
KCM194307130,gipsa101,BIR,1,1,value,27,0,1,0,0,0,,,,,1,19430713,0,STJ01,v,KCM,1,0,0,regular,y,d
KCM194307130,willj111,KCM,1,6,value,27,2,3,0,0,0,,,,,1,19430713,0,STJ01,h,BIR,0,1,0,regular,y,d
KCM194307130,allen102,KCM,1,9,value,27,0,0,1,0,0,,,,,1,19430713,0,STJ01,h,BIR,0,1,0,regular,y,d
KCM194307130,soueh101,KCM,1,5,value,27,0,1,0,0,0,,,,,1,19430713,0,STJ01,h,BIR,0,1,0,regular,y,d
KCM194307130,broww101,KCM,1,8,value,27,1,0,0,0,0,,,,,1,19430713,0,STJ01,h,BIR,0,1,0,regular,y,d
KCM194307130,serrb101,KCM,1,4,value,27,3,3,0,0,0,,,,,1,19430713,0,STJ01,h,BIR,0,1,0,regular,y,d
KCM194307130,oneib801,KCM,1,3,value,27,10,1,0,0,0,,,,,1,19430713,0,STJ01,h,BIR,0,1,0,regular,y,d
KCM194307130,simmw101,KCM,1,7,value,27,0,0,1,0,0,,,,,1,19430713,0,STJ01,h,BIR,0,1,0,regular,y,d
KCM194307130,hayns101,KCM,1,2,value,27,10,2,1,0,0,0,0,0,1,1,19430713,0,STJ01,h,BIR,0,1,0,regular,y,d
KCM194307130,paigs101,KCM,1,1,value,9,0,3,0,0,0,,,,,1,19430713,0,STJ01,h,BIR,0,1,0,regular,y,d
KCM194307130,matcj101,KCM,1,1,value,18,1,4,1,0,0,,,,,0,19430713,0,STJ01,h,BIR,0,1,0,regular,y,d
KCM194405290,barnh102,CAG,1,2,value,24,,,,,0,,,,,1,19440529,0,STJ01,v,KCM,0,1,0,regular,,
KCM194405290,jonea103,CAG,1,1,value,,,,,,0,0,,,,1,19440529,0,STJ01,v,KCM,0,1,0,regular,,
KCM194405290,westo102,CAG,1,1,value,,,,,,0,0,,,,,19440529,0,STJ01,v,KCM,0,1,0,regular,,
KCM194405290,alext101,KCM,1,1,value,27,,,,,0,0,,,,1,19440529,0,STJ01,h,CAG,1,0,0,regular,,
KCM194405290,wingd102,KCM,1,2,value,27,,,,,0,,,,,1,19440529,0,STJ01,h,CAG,1,0,0,regular,,
KCM194407190,wilsa101,BIR,1,6,value,27,3,3,0,1,0,,,,,1,19440719,0,STJ01,v,KCM,1,0,0,regular,y,d
KCM194407190,sampt101,BIR,1,4,value,27,1,5,0,1,0,,,,,1,19440719,0,STJ01,v,KCM,1,0,0,regular,y,d
KCM194407190,britj104,BIR,1,5,value,27,1,0,0,0,0,,,,,1,19440719,0,STJ01,v,KCM,1,0,0,regular,y,d
KCM194407190,davip102,BIR,1,3,value,27,9,0,0,1,0,,,,,1,19440719,0,STJ01,v,KCM,1,0,0,regular,y,d
KCM194407190,steee102,BIR,1,9,value,27,0,0,0,0,0,,,,,1,19440719,0,STJ01,v,KCM,1,0,0,regular,y,d
KCM194407190,lockl101,BIR,1,8,value,27,0,0,0,0,0,,,,,1,19440719,0,STJ01,v,KCM,1,0,0,regular,y,d
KCM194407190,scotj106,BIR,1,7,value,27,0,0,0,0,0,,,,,1,19440719,0,STJ01,v,KCM,1,0,0,regular,y,d
KCM194407190,hubej101,BIR,1,2,value,27,13,1,0,1,0,0,0,2,1,1,19440719,0,STJ01,v,KCM,1,0,0,regular,y,d
KCM194407190,washf101,BIR,1,1,value,24,0,4,2,1,0,,,,,1,19440719,0,STJ01,v,KCM,1,0,0,regular,y,d
KCM194407190,gipsa101,BIR,1,1,value,3,0,0,0,0,0,,,,,0,19440719,0,STJ01,v,KCM,1,0,0,regular,y,d
KCM194407190,willj111,KCM,1,6,value,27,4,3,0,0,0,,,,,1,19440719,0,STJ01,h,BIR,0,1,0,regular,y,d
KCM194407190,soueh101,KCM,1,5,value,27,0,5,2,0,0,,,,,1,19440719,0,STJ01,h,BIR,0,1,0,regular,y,d
KCM194407190,serrb101,KCM,1,4,value,27,2,2,1,0,0,,,,,1,19440719,0,STJ01,h,BIR,0,1,0,regular,y,d
KCM194407190,moodl101,KCM,1,8,value,27,1,0,0,0,0,,,,,1,19440719,0,STJ01,h,BIR,0,1,0,regular,y,d
KCM194407190,thomw103,KCM,1,7,value,27,1,0,0,0,0,,,,,1,19440719,0,STJ01,h,BIR,0,1,0,regular,y,d
KCM194407190,bumpe101,KCM,1,9,value,27,2,0,0,0,0,,,,,1,19440719,0,STJ01,h,BIR,0,1,0,regular,y,d
KCM194407190,wingd102,KCM,1,2,value,21,6,2,1,0,0,0,0,2,0,1,19440719,0,STJ01,h,BIR,0,1,0,regular,y,d
KCM194407190,locke101,KCM,1,2,value,6,0,0,0,0,0,0,0,0,0,0,19440719,0,STJ01,h,BIR,0,1,0,regular,y,d
KCM194407190,johnb112,KCM,1,3,value,27,11,0,1,0,0,,,,,1,19440719,0,STJ01,h,BIR,0,1,0,regular,y,d
KCM194407190,paigs101,KCM,1,1,value,9,0,0,0,0,0,,,,,1,19440719,0,STJ01,h,BIR,0,1,0,regular,y,d
KCM194407190,lamaj102,KCM,1,1,value,18,0,5,0,0,0,,,,,0,19440719,0,STJ01,h,BIR,0,1,0,regular,y,d
KCM194409050,mcdaf101,MEM,1,7,value,24,1,0,0,0,0,,,,,1,19440905,0,STJ01,v,KCM,0,1,0,exhibition,y,d
KCM194409050,hydec101,MEM,1,9,value,18,1,0,0,0,0,,,,,1,19440905,0,STJ01,v,KCM,0,1,0,exhibition,y,d
KCM194409050,mathv101,MEM,1,9,value,6,1,0,0,0,0,,,,,0,19440905,0,STJ01,v,KCM,0,1,0,exhibition,y,d
KCM194409050,fordj101,MEM,1,4,value,24,1,1,0,1,0,,,,,1,19440905,0,STJ01,v,KCM,0,1,0,exhibition,y,d
KCM194409050,robin101,MEM,1,8,value,24,2,0,0,0,0,,,,,1,19440905,0,STJ01,v,KCM,0,1,0,exhibition,y,d
KCM194409050,browt105,MEM,1,5,value,24,1,4,1,0,0,,,,,1,19440905,0,STJ01,v,KCM,0,1,0,exhibition,y,d
KCM194409050,canaj102,MEM,1,3,value,24,9,0,0,1,0,,,,,1,19440905,0,STJ01,v,KCM,0,1,0,exhibition,y,d
KCM194409050,jonec108,MEM,1,2,value,24,6,1,0,0,0,0,1,0,1,1,19440905,0,STJ01,v,KCM,0,1,0,exhibition,y,d
KCM194409050,feldb101,MEM,1,6,value,18,2,5,1,1,0,,,,,1,19440905,0,STJ01,v,KCM,0,1,0,exhibition,y,d
KCM194409050,bankf101,MEM,1,6,value,6,0,0,1,0,0,,,,,0,19440905,0,STJ01,v,KCM,0,1,0,exhibition,y,d
KCM194409050,jonea103,MEM,1,1,value,24,0,5,0,0,0,,,,,1,19440905,0,STJ01,v,KCM,0,1,0,exhibition,y,d
KCM194409050,willj111,KCM,1,6,value,27,3,2,0,0,0,,,,,1,19440905,0,STJ01,h,MEM,1,0,0,exhibition,y,d
KCM194409050,lockc102,KCM,1,3,value,27,8,0,0,0,0,,,,,1,19440905,0,STJ01,h,MEM,1,0,0,exhibition,y,d
KCM194409050,soueh101,KCM,1,5,value,27,3,2,0,0,0,,,,,1,19440905,0,STJ01,h,MEM,1,0,0,exhibition,y,d
KCM194409050,serrb101,KCM,1,4,value,27,0,2,0,0,0,,,,,1,19440905,0,STJ01,h,MEM,1,0,0,exhibition,y,d
KCM194409050,harpd101,KCM,1,9,value,27,4,0,1,0,0,,,,,1,19440905,0,STJ01,h,MEM,1,0,0,exhibition,y,d
KCM194409050,smitm107,KCM,1,7,value,27,0,0,0,0,0,,,,,1,19440905,0,STJ01,h,MEM,1,0,0,exhibition,y,d
KCM194409050,moodl101,KCM,1,8,value,27,3,0,0,0,0,,,,,1,19440905,0,STJ01,h,MEM,1,0,0,exhibition,y,d
KCM194409050,hoodd102,KCM,1,2,value,15,1,0,1,0,0,0,0,0,0,1,19440905,0,STJ01,h,MEM,1,0,0,exhibition,y,d
KCM194409050,leggu101,KCM,1,2,value,12,1,0,0,0,0,0,0,0,0,0,19440905,0,STJ01,h,MEM,1,0,0,exhibition,y,d
KCM194409050,locke101,KCM,1,1,value,15,2,1,0,0,0,,,,,1,19440905,0,STJ01,h,MEM,1,0,0,exhibition,y,d
KCM194409050,massg102,KCM,1,1,value,12,2,7,1,0,0,,,,,0,19440905,0,STJ01,h,MEM,1,0,0,exhibition,y,d
KCM194608150,farmg101,CCR,1,4,value,24,3,2,2,0,0,,,,,1,19460815,0,STJ01,v,KCM,0,1,0,exhibition,y,d
KCM194608150,reddu101,CCR,1,6,value,24,2,3,1,1,0,,,,,1,19460815,0,STJ01,v,KCM,0,1,0,exhibition,y,d
KCM194608150,fordj101,CCR,1,9,value,24,0,0,0,0,0,,,,,1,19460815,0,STJ01,v,KCM,0,1,0,exhibition,y,d
KCM194608150,eastl101,CCR,1,3,value,24,11,0,0,1,0,,,,,1,19460815,0,STJ01,v,KCM,0,1,0,exhibition,y,d
KCM194608150,napol101,CCR,1,7,value,24,1,0,0,0,0,,,,,1,19460815,0,STJ01,v,KCM,0,1,0,exhibition,y,d
KCM194608150,whees101,CCR,1,8,value,24,4,0,0,0,0,,,,,1,19460815,0,STJ01,v,KCM,0,1,0,exhibition,y,d
KCM194608150,howap102,CCR,1,2,value,24,3,0,0,0,0,0,0,1,0,1,19460815,0,STJ01,v,KCM,0,1,0,exhibition,y,d
KCM194608150,spenj103,CCR,1,5,value,24,0,3,0,0,0,,,,,1,19460815,0,STJ01,v,KCM,0,1,0,exhibition,y,d
KCM194608150,cathw101,CCR,1,1,value,22,0,1,0,0,0,,,,,1,19460815,0,STJ01,v,KCM,0,1,0,exhibition,y,d
KCM194608150,markj101,CCR,1,1,value,2,0,0,0,0,0,,,,,0,19460815,0,STJ01,v,KCM,0,1,0,exhibition,y,d
KCM194608150,thomh103,KCM,1,4,value,27,3,4,0,1,0,,,,,1,19460815,0,STJ01,h,CCR,1,0,0,exhibition,y,d
KCM194608150,hamij103,KCM,1,6,value,27,2,3,0,1,0,,,,,1,19460815,0,STJ01,h,CCR,1,0,0,exhibition,y,d
KCM194608150,greej108,KCM,1,7,value,27,0,0,0,0,0,,,,,1,19460815,0,STJ01,h,CCR,1,0,0,exhibition,y,d
KCM194608150,broww101,KCM,1,8,value,27,0,0,0,0,0,,,,,1,19460815,0,STJ01,h,CCR,1,0,0,exhibition,y,d
KCM194608150,strot101,KCM,1,9,value,27,2,0,0,0,0,,,,,1,19460815,0,STJ01,h,CCR,1,0,0,exhibition,y,d
KCM194608150,oneib801,KCM,1,3,value,27,11,0,0,1,0,,,,,1,19460815,0,STJ01,h,CCR,1,0,0,exhibition,y,d
KCM194608150,soueh101,KCM,1,5,value,27,1,1,0,0,0,,,,,1,19460815,0,STJ01,h,CCR,1,0,0,exhibition,y,d
KCM194608150,taboe101,KCM,1,2,value,27,8,2,1,0,0,0,0,0,0,1,19460815,0,STJ01,h,CCR,1,0,0,exhibition,y,d
KCM194608150,wylis101,KCM,1,1,value,27,0,3,0,0,0,,,,,1,19460815,0,STJ01,h,CCR,1,0,0,exhibition,y,d
KCM194706060,clarw103,CVB,1,1,value,,,,,,,,,,,1,19470606,0,STJ01,v,KCM,0,1,0,regular,,
KCM194706060,bracd101,CVB,2,1,value,,,,,,,,,,,,19470606,0,STJ01,v,KCM,0,1,0,regular,,
KCM194706060,harrt102,CVB,1,2,value,,,,,,,,,,,,19470606,0,STJ01,v,KCM,0,1,0,regular,,
KCM194706060,jeths101,CVB,1,2,value,,,,,,,,,,,1,19470606,0,STJ01,v,KCM,0,1,0,regular,,
KCM194706060,trouq101,CVB,1,2,value,,,,,,,,,,,,19470606,0,STJ01,v,KCM,0,1,0,regular,,
KCM194706060,wylis101,KCM,1,1,value,,,,,,,,,,,1,19470606,0,STJ01,h,CVB,1,0,0,regular,,
KCM194706060,berrc104,KCM,2,1,value,,,,,,,,,,,,19470606,0,STJ01,h,CVB,1,0,0,regular,,
KCM194706060,smitf107,KCM,3,1,value,,,,,,,,,,,,19470606,0,STJ01,h,CVB,1,0,0,regular,,
KCM194706060,greej108,KCM,1,2,value,,,,,,,,,,,1,19470606,0,STJ01,h,CVB,1,0,0,regular,,
KCM194706060,taboe101,KCM,1,2,value,,,,,,,,,,,,19470606,0,STJ01,h,CVB,1,0,0,regular,,
KCM194708200,drakr101,IN9,1,8,value,27,2,1,0,0,0,,,,,1,19470820,0,STJ01,v,KCM,1,0,0,regular,y,
KCM194708200,merch101,IN9,1,9,value,9,9,0,0,0,0,,,,,1,19470820,0,STJ01,v,KCM,1,0,0,regular,y,
KCM194708200,merch101,IN9,2,3,value,18,,,0,0,0,,,,,1,19470820,0,STJ01,v,KCM,1,0,0,regular,y,
KCM194708200,neilr101,IN9,1,4,value,27,2,3,1,1,0,,,,,1,19470820,0,STJ01,v,KCM,1,0,0,regular,y,
KCM194708200,aberr101,IN9,1,7,value,27,1,0,0,0,0,,,,,1,19470820,0,STJ01,v,KCM,1,0,0,regular,y,
KCM194708200,tatug101,IN9,1,3,value,9,6,1,0,0,0,,,,,1,19470820,0,STJ01,v,KCM,1,0,0,regular,y,
KCM194708200,villv101,IN9,1,9,value,18,0,0,0,0,0,,,,,,19470820,0,STJ01,v,KCM,1,0,0,regular,y,
KCM194708200,hairs101,IN9,1,5,value,27,1,7,0,0,0,,,,,1,19470820,0,STJ01,v,KCM,1,0,0,regular,y,
KCM194708200,ferrc102,IN9,1,6,value,27,1,3,1,0,0,,,,,1,19470820,0,STJ01,v,KCM,1,0,0,regular,y,
KCM194708200,haywb102,IN9,1,2,value,27,4,1,0,1,0,0,,,,1,19470820,0,STJ01,v,KCM,1,0,0,regular,y,
KCM194708200,willj112,IN9,1,1,value,27,1,3,0,0,0,,,,,1,19470820,0,STJ01,v,KCM,1,0,0,regular,y,
KCM194708200,favot101,KCM,1,9,value,27,0,0,0,0,0,,,,,1,19470820,0,STJ01,h,IN9,0,1,0,regular,y,
KCM194708200,soueh101,KCM,1,5,value,27,2,0,0,0,0,,,,,1,19470820,0,STJ01,h,IN9,0,1,0,regular,y,
KCM194708200,greej108,KCM,1,7,value,27,2,0,0,0,0,,,,,1,19470820,0,STJ01,h,IN9,0,1,0,regular,y,
KCM194708200,oneib801,KCM,1,3,value,27,13,1,0,2,0,,,,,1,19470820,0,STJ01,h,IN9,0,1,0,regular,y,
KCM194708200,scotj106,KCM,1,8,value,27,0,0,0,0,0,,,,,1,19470820,0,STJ01,h,IN9,0,1,0,regular,y,
KCM194708200,taboe101,KCM,1,2,value,27,4,2,2,0,0,0,,,,1,19470820,0,STJ01,h,IN9,0,1,0,regular,y,
KCM194708200,renfc101,KCM,1,6,value,27,2,2,1,0,0,,,,,1,19470820,0,STJ01,h,IN9,0,1,0,regular,y,
KCM194708200,coopt101,KCM,1,4,value,27,2,5,0,1,0,,,,,1,19470820,0,STJ01,h,IN9,0,1,0,regular,y,
KCM194708200,smith111,KCM,1,1,value,12,1,1,0,0,0,,,,,1,19470820,0,STJ01,h,IN9,0,1,0,regular,y,
KCM194708200,johnc103,KCM,1,1,value,15,1,2,0,1,0,,,,,,19470820,0,STJ01,h,IN9,0,1,0,regular,y,
KCM194805250,ferrc102,IN9,1,4,value,24,1,1,1,0,0,,,,,1,19480525,0,STJ01,v,KCM,0,1,0,regular,y,d
KCM194805250,drakr101,IN9,1,8,value,24,0,0,0,0,0,,,,,1,19480525,0,STJ01,v,KCM,0,1,0,regular,y,d
KCM194805250,cabrr101,IN9,1,7,value,24,1,0,0,0,0,,,,,1,19480525,0,STJ01,v,KCM,0,1,0,regular,y,d
KCM194805250,hairs101,IN9,1,5,value,24,1,1,2,0,0,,,,,1,19480525,0,STJ01,v,KCM,0,1,0,regular,y,d
KCM194805250,strot101,IN9,1,9,value,24,3,1,0,0,0,,,,,1,19480525,0,STJ01,v,KCM,0,1,0,regular,y,d
KCM194805250,tatug101,IN9,1,3,value,24,9,0,0,0,0,,,,,1,19480525,0,STJ01,v,KCM,0,1,0,regular,y,d
KCM194805250,piggl101,IN9,1,2,value,9,4,0,0,0,0,0,0,2,0,1,19480525,0,STJ01,v,KCM,0,1,0,regular,y,d
KCM194805250,haywb102,IN9,1,2,value,15,4,1,0,0,0,0,0,1,0,0,19480525,0,STJ01,v,KCM,0,1,0,regular,y,d
KCM194805250,willk103,IN9,1,6,value,24,1,1,1,0,0,,,,,1,19480525,0,STJ01,v,KCM,0,1,0,regular,y,d
KCM194805250,cathw101,IN9,1,1,value,24,0,4,0,0,0,,,,,1,19480525,0,STJ01,v,KCM,0,1,0,regular,y,d
KCM194805250,robec102,KCM,1,4,value,27,1,3,0,1,0,,,,,1,19480525,0,STJ01,h,IN9,1,0,0,regular,y,d
KCM194805250,soueh101,KCM,1,5,value,27,0,3,0,0,0,,,,,1,19480525,0,STJ01,h,IN9,1,0,0,regular,y,d
KCM194805250,thomh103,KCM,1,7,value,27,1,1,0,0,0,,,,,1,19480525,0,STJ01,h,IN9,1,0,0,regular,y,d
KCM194805250,broww101,KCM,1,8,value,27,1,0,0,0,0,,,,,1,19480525,0,STJ01,h,IN9,1,0,0,regular,y,d
KCM194805250,scotj106,KCM,1,9,value,27,1,0,0,0,0,,,,,1,19480525,0,STJ01,h,IN9,1,0,0,regular,y,d
KCM194805250,oneib801,KCM,1,3,value,27,14,0,0,1,0,,,,,1,19480525,0,STJ01,h,IN9,1,0,0,regular,y,d
KCM194805250,bakeg101,KCM,1,6,value,27,3,5,0,1,0,,,,,1,19480525,0,STJ01,h,IN9,1,0,0,regular,y,d
KCM194805250,taboe101,KCM,1,2,value,27,6,0,0,0,0,1,0,0,0,1,19480525,0,STJ01,h,IN9,1,0,0,regular,y,d
KCM194805250,lamaj102,KCM,1,1,value,27,0,2,0,0,0,,,,,1,19480525,0,STJ01,h,IN9,1,0,0,regular,y,d
KCM194807280,alexu101,IN9,1,6,value,,0,0,0,0,0,0,,,,,19480728,0,STJ01,v,KCM,1,0,0,regular,y,
KCM194807280,cathw101,IN9,1,1,value,19,0,1,0,1,0,0,,,,,19480728,0,STJ01,v,KCM,1,0,0,regular,y,
KCM194807280,drakr101,IN9,1,8,value,27,5,0,0,0,0,0,,,,1,19480728,0,STJ01,v,KCM,1,0,0,regular,y,
KCM194807280,ferrc102,IN9,1,6,value,,3,2,2,0,0,0,,,,1,19480728,0,STJ01,v,KCM,1,0,0,regular,y,
KCM194807280,hairs101,IN9,1,5,value,27,1,3,0,0,0,0,,,,1,19480728,0,STJ01,v,KCM,1,0,0,regular,y,
KCM194807280,merch101,IN9,1,3,value,,5,0,0,0,0,0,,,,1,19480728,0,STJ01,v,KCM,1,0,0,regular,y,
KCM194807280,merch101,IN9,2,9,value,,,,0,0,0,0,,,,1,19480728,0,STJ01,v,KCM,1,0,0,regular,y,
KCM194807280,mesaa101,IN9,1,7,value,27,0,0,0,0,0,0,,,,1,19480728,0,STJ01,v,KCM,1,0,0,regular,y,
KCM194807280,neilr101,IN9,1,4,value,27,2,3,2,1,0,0,,,,1,19480728,0,STJ01,v,KCM,1,0,0,regular,y,
KCM194807280,piggl101,IN9,1,2,value,27,6,1,0,0,0,0,,,,1,19480728,0,STJ01,v,KCM,1,0,0,regular,y,
KCM194807280,westj102,IN9,1,3,value,,5,0,0,1,0,0,,,,,19480728,0,STJ01,v,KCM,1,0,0,regular,y,
KCM194807280,whitl101,IN9,1,1,value,8,0,0,0,0,0,0,,,,1,19480728,0,STJ01,v,KCM,1,0,0,regular,y,
KCM194807280,wilsc104,IN9,1,9,value,,0,0,0,0,0,0,,,,1,19480728,0,STJ01,v,KCM,1,0,0,regular,y,
KCM194807280,bakeg101,KCM,1,6,value,27,0,3,1,0,0,0,,,,1,19480728,0,STJ01,h,IN9,0,1,0,regular,y,
KCM194807280,broww101,KCM,1,8,value,27,4,0,0,0,0,0,,,,1,19480728,0,STJ01,h,IN9,0,1,0,regular,y,
KCM194807280,coopt101,KCM,1,3,value,27,11,0,0,0,0,0,,,,1,19480728,0,STJ01,h,IN9,0,1,0,regular,y,
KCM194807280,howae101,KCM,1,7,value,27,1,0,1,0,0,0,,,,1,19480728,0,STJ01,h,IN9,0,1,0,regular,y,
KCM194807280,lamaj102,KCM,1,1,value,6,0,1,0,0,0,0,,,,,19480728,0,STJ01,h,IN9,0,1,0,regular,y,
KCM194807280,robec102,KCM,1,4,value,27,2,2,0,0,0,0,,,,1,19480728,0,STJ01,h,IN9,0,1,0,regular,y,
KCM194807280,smith111,KCM,1,1,value,21,0,2,0,0,0,0,,,,1,19480728,0,STJ01,h,IN9,0,1,0,regular,y,
KCM194807280,soueh101,KCM,1,5,value,27,0,1,1,0,0,0,,,,1,19480728,0,STJ01,h,IN9,0,1,0,regular,y,
KCM194807280,taboe101,KCM,1,2,value,27,7,1,0,0,0,0,,,,1,19480728,0,STJ01,h,IN9,0,1,0,regular,y,
KCM194807280,thomh103,KCM,1,9,value,27,2,1,0,0,0,0,,,,1,19480728,0,STJ01,h,IN9,0,1,0,regular,y,
KCM194808190,boydb102,MEM,1,3,value,27,8,0,0,,0,0,,,,1,19480819,0,STJ01,v,KCM,1,0,0,regular,y,
KCM194808190,carts102,MEM,1,1,value,27,0,1,1,,0,0,,,,1,19480819,0,STJ01,v,KCM,1,0,0,regular,y,
KCM194808190,cowaj101,MEM,1,4,value,27,3,0,0,,0,0,,,,1,19480819,0,STJ01,v,KCM,1,0,0,regular,y,
KCM194808190,hydec101,MEM,1,9,value,27,1,0,0,,0,0,,,,1,19480819,0,STJ01,v,KCM,1,0,0,regular,y,
KCM194808190,jonec108,MEM,1,2,value,27,4,0,0,,0,,,,,1,19480819,0,STJ01,v,KCM,1,0,0,regular,y,
KCM194808190,robin101,MEM,1,8,value,27,4,0,0,,0,0,,,,1,19480819,0,STJ01,v,KCM,1,0,0,regular,y,
KCM194808190,scotj108,MEM,1,7,value,27,2,0,0,,0,0,,,,1,19480819,0,STJ01,v,KCM,1,0,0,regular,y,
KCM194808190,varoo101,MEM,1,5,value,27,3,0,0,,0,0,,,,1,19480819,0,STJ01,v,KCM,1,0,0,regular,y,
KCM194808190,wellw102,MEM,1,6,value,27,2,5,0,,0,0,,,,1,19480819,0,STJ01,v,KCM,1,0,0,regular,y,
KCM194808190,bakeg101,KCM,1,6,value,27,6,1,1,,0,0,,,,1,19480819,0,STJ01,h,MEM,0,1,0,regular,y,
KCM194808190,broww101,KCM,1,8,value,27,2,0,0,,0,0,,,,1,19480819,0,STJ01,h,MEM,0,1,0,regular,y,
KCM194808190,coopt101,KCM,1,3,value,27,8,0,0,,0,0,,,,1,19480819,0,STJ01,h,MEM,0,1,0,regular,y,
KCM194808190,howae101,KCM,1,7,value,27,2,0,0,,0,0,,,,1,19480819,0,STJ01,h,MEM,0,1,0,regular,y,
KCM194808190,johnc103,KCM,1,1,value,27,0,1,0,,0,0,,,,1,19480819,0,STJ01,h,MEM,0,1,0,regular,y,
KCM194808190,robec102,KCM,1,4,value,27,4,1,0,,0,0,,,,1,19480819,0,STJ01,h,MEM,0,1,0,regular,y,
KCM194808190,soueh101,KCM,1,5,value,27,0,0,0,,0,0,,,,1,19480819,0,STJ01,h,MEM,0,1,0,regular,y,
KCM194808190,taboe101,KCM,1,2,value,27,4,5,1,,0,1,,,,1,19480819,0,STJ01,h,MEM,0,1,0,regular,y,
KCM194808190,thomh103,KCM,1,9,value,27,1,0,0,,0,0,,,,1,19480819,0,STJ01,h,MEM,0,1,0,regular,y,
KCM194906230,scotj108,MEM,1,7,value,24,0,0,0,0,0,,,,,1,19490623,0,STJ01,v,KCM,0,1,0,regular,y,d
KCM194906230,colaj101,MEM,1,8,value,24,3,1,0,0,0,,,,,1,19490623,0,STJ01,v,KCM,0,1,0,regular,y,d
KCM194906230,boydb102,MEM,1,3,value,24,8,1,0,0,0,,,,,1,19490623,0,STJ01,v,KCM,0,1,0,regular,y,d
KCM194906230,formp101,MEM,1,9,value,24,2,0,0,0,0,,,,,1,19490623,0,STJ01,v,KCM,0,1,0,regular,y,d
KCM194906230,robin101,MEM,1,5,value,24,1,1,0,0,0,,,,,1,19490623,0,STJ01,v,KCM,0,1,0,regular,y,d
KCM194906230,jonec108,MEM,1,2,value,21,6,0,0,0,0,0,0,0,0,1,19490623,0,STJ01,v,KCM,0,1,0,regular,y,d
KCM194906230,colac101,MEM,1,2,value,3,1,0,0,0,0,0,0,0,0,0,19490623,0,STJ01,v,KCM,0,1,0,regular,y,d
KCM194906230,cowaj101,MEM,1,4,value,24,1,2,0,0,0,,,,,1,19490623,0,STJ01,v,KCM,0,1,0,regular,y,d
KCM194906230,varoo101,MEM,1,6,value,21,1,2,0,0,0,,,,,1,19490623,0,STJ01,v,KCM,0,1,0,regular,y,d
KCM194906230,piloj101,MEM,1,1,value,3,0,0,0,0,0,,,,,0,19490623,0,STJ01,v,KCM,0,1,0,regular,y,d
KCM194906230,woods103,MEM,1,1,value,15,1,2,0,0,0,,,,,1,19490623,0,STJ01,v,KCM,0,1,0,regular,y,d
KCM194906230,whitl101,MEM,1,1,value,6,0,0,0,0,0,,,,,0,19490623,0,STJ01,v,KCM,0,1,0,regular,y,d
KCM194906230,wellw101,MEM,1,6,value,3,0,0,0,0,0,,,,,0,19490623,0,STJ01,v,KCM,0,1,0,regular,y,d
KCM194906230,bakeg101,KCM,1,6,value,27,2,3,2,1,0,,,,,1,19490623,0,STJ01,h,MEM,1,0,0,regular,y,d
KCM194906230,soueh101,KCM,1,5,value,27,2,0,0,0,0,,,,,1,19490623,0,STJ01,h,MEM,1,0,0,regular,y,d
KCM194906230,serrb101,KCM,1,3,value,27,10,1,0,1,0,,,,,1,19490623,0,STJ01,h,MEM,1,0,0,regular,y,d
KCM194906230,broww101,KCM,1,8,value,27,2,0,1,0,0,,,,,1,19490623,0,STJ01,h,MEM,1,0,0,regular,y,d
KCM194906230,thurb101,KCM,1,9,value,27,0,0,0,0,0,,,,,1,19490623,0,STJ01,h,MEM,1,0,0,regular,y,d
KCM194906230,howae101,KCM,1,7,value,27,0,0,0,0,0,,,,,1,19490623,0,STJ01,h,MEM,1,0,0,regular,y,d
KCM194906230,robec102,KCM,1,4,value,27,2,3,0,1,0,,,,,1,19490623,0,STJ01,h,MEM,1,0,0,regular,y,d
KCM194906230,coopt101,KCM,1,2,value,27,8,0,1,0,0,0,0,2,0,1,19490623,0,STJ01,h,MEM,1,0,0,regular,y,d
KCM194906230,barnf102,KCM,1,1,value,4,0,2,0,0,0,,,,,1,19490623,0,STJ01,h,MEM,1,0,0,regular,y,d
KCM194906230,lamaj102,KCM,1,1,value,23,1,3,0,0,0,,,,,0,19490623,0,STJ01,h,MEM,1,0,0,regular,y,d
