gid,id,team,d_seq,d_pos,stattype,d_ifouts,d_po,d_a,d_e,d_dp,d_tp,d_pb,d_wp,d_sb,d_cs,d_gs,date,number,site,vishome,opp,win,loss,tie,gametype,box,pbp,eject
IN9194707260,piggl101,IN9,1,2,value,,,,0,,0,,,,,1,19470726,0,IND10,h,MEM,1,0,0,regular,,,
MEM194707300,piggl101,IN9,1,2,value,27,,,,,,,,,,1,19470730,0,GRE01,v,MEM,1,0,0,regular,,,
MEM194708010,piggl101,IN9,1,2,value,24,,,0,,0,,,,,1,19470801,0,MEM02,v,MEM,0,1,0,regular,,,
KCM194708172,piggl101,IN9,1,2,value,18,4,1,0,1,0,0,,,,1,19470817,2,KAN05,v,KCM,0,1,0,regular,y,,
KCM194708190,piggl101,IN9,1,2,value,,,,0,,0,,,,,,19470819,0,CBI01,v,KCM,0,1,0,regular,,,
IN9194708210,piggl101,IN9,1,2,value,,2,0,0,0,0,0,,,,,19470821,0,DCT02,h,KCM,0,1,0,regular,y,,
IN9194708242,piggl101,IN9,1,2,value,21,,,0,,0,,,,,1,19470824,2,IND10,h,MEM,0,1,0,regular,,,
CAG194708311,piggl101,IN9,1,2,value,24,,,0,,0,,,,,1,19470831,1,CHI10,v,CAG,0,1,0,regular,,,
CAG194709011,piggl101,IN9,1,2,value,24,,,0,,0,,,,,1,19470901,1,CHI10,v,CAG,0,1,0,regular,,,
CAG194709050,piggl101,IN9,1,2,value,27,,,0,0,0,0,,,,1,19470905,0,DCT02,v,CAG,1,0,0,regular,y,,
MEM194709072,piggl101,IN9,1,2,value,27,,,0,,0,,,,,1,19470907,2,MEM02,v,MEM,1,0,0,regular,,,
MEM194709100,piggl101,IN9,1,2,value,45,,,,,,,,,,1,19470910,0,LRK02,v,MEM,0,0,1,regular,,,
MEM194709110,piggl101,IN9,1,2,value,27,,,0,,,,,,,1,19470911,0,LRK02,v,MEM,1,0,0,regular,,,
KCM194709180,piggl101,IN9,1,2,value,24,,,0,,0,,,,,1,19470918,0,DAV02,v,KCM,0,1,0,exhibition,,,
KCM194709212,piggl101,IN9,1,2,value,3,0,1,1,0,0,0,0,1,1,0,19470921,2,CBI01,v,KCM,0,1,0,exhibition,y,d,
IN9194709220,piggl101,IN9,1,2,value,27,7,0,0,1,0,0,0,2,0,1,19470922,0,NFN01,h,KCM,0,1,0,exhibition,y,d,
KCM194804280,piggl101,IN9,1,2,value,24,,,0,,0,,,,,1,19480428,0,OKC02,v,KCM,0,1,0,exhibition,,,
KCM194804290,piggl101,IN9,1,2,value,27,,,0,,0,,,,,1,19480429,0,OKC02,v,KCM,1,0,0,exhibition,,,
MEM194805120,piggl101,IN9,1,2,value,33,,,0,,0,,,,,1,19480512,0,MEM02,v,MEM,0,0,1,regular,,,
MEM194805130,piggl101,IN9,1,2,value,27,,,0,,0,,,,,1,19480513,0,LRK02,v,MEM,0,0,1,regular,,,
MEM194805140,piggl101,IN9,1,2,value,27,,,0,,0,,,,,1,19480514,0,MEM02,v,MEM,1,0,0,regular,,,
BIR194805161,piggl101,IN9,1,2,value,24,3,0,2,0,0,0,,,,1,19480516,1,BIR01,v,BIR,0,1,0,regular,y,,
BIR194805180,piggl101,IN9,1,2,value,24,5,3,0,0,0,0,0,0,1,1,19480518,0,BIR01,v,BIR,0,1,0,regular,y,d,
KCM194805232,piggl101,IN9,1,2,value,15,2,0,0,0,0,0,,,,1,19480523,2,KAN05,v,KCM,0,0,1,regular,y,,
KCM194805240,piggl101,IN9,1,2,value,24,2,0,0,0,0,0,0,2,0,1,19480524,0,KAN05,v,KCM,0,1,0,regular,y,d,
KCM194805250,piggl101,IN9,1,2,value,9,4,0,0,0,0,0,0,2,0,1,19480525,0,STJ01,v,KCM,0,1,0,regular,y,d,
IN9194806100,piggl101,IN9,1,2,value,27,,,0,,0,,,,,1,19480610,0,LIM01,h,CAG,0,1,0,regular,,,
BIR194806272,piggl101,IN9,1,6,value,0,0,0,0,0,0,,,,,0,19480627,2,BIR01,v,BIR,0,1,0,regular,y,d,
BIR194806290,piggl101,IN9,,2,value,28,,,,,,,,,,1,19480629,0,GRE02,v,BIR,0,1,0,regular,,,
BIR194806290,piggl101,IN9,,2,lower,27,,,,,,,,,,1,19480629,0,GRE02,v,BIR,0,1,0,regular,,,
BIR194806290,piggl101,IN9,,2,upper,29,,,,,,,,,,1,19480629,0,GRE02,v,BIR,0,1,0,regular,,,
BIR194806300,piggl101,IN9,,2,value,27,,,0,,,,,,,1,19480630,0,MTG01,v,BIR,1,0,0,regular,,,
BIR194807010,piggl101,IN9,1,2,value,,2,0,0,0,0,0,,,,1,19480701,0,BIR01,v,BIR,0,1,0,regular,y,,
HOM194807070,piggl101,IN9,1,2,value,24,4,1,0,1,0,0,0,0,1,1,19480707,0,PIT06,v,HOM,0,1,0,exhibition,y,d,
PH5194807081,piggl101,IN9,1,2,value,,3,2,0,0,0,0,,,,1,19480708,1,PHI11,v,PH5,0,1,0,exhibition,y,,
PH5194807082,piggl101,IN9,1,2,value,,3,0,0,0,0,0,,,,1,19480708,2,PHI11,v,PH5,0,0,1,exhibition,y,,
BLG194807100,piggl101,IN9,1,2,value,24,3,1,0,0,0,0,,,,1,19480710,0,BAL14,v,BLG,0,1,0,exhibition,y,,
NW2194807111,piggl101,IN9,1,2,value,24,0,0,0,0,0,0,0,0,0,1,19480711,1,NWK04,v,NW2,0,1,0,exhibition,y,d,
NW2194807112,piggl101,IN9,1,2,value,21,0,0,0,0,0,0,0,0,0,1,19480711,2,NWK04,v,NW2,0,0,1,exhibition,y,d,
PH5194807130,piggl101,IN9,1,2,value,24,2,1,0,0,0,0,,,,1,19480713,0,WIL04,v,PH5,0,1,0,exhibition,y,,
NY6194807150,piggl101,IN9,1,2,value,24,,,0,,0,,,,,1,19480715,0,NYC14,v,NY6,0,1,0,exhibition,,,
IN9194807170,piggl101,IN9,1,2,value,9,,,0,,0,,,,,1,19480717,0,IND10,h,CAG,0,1,0,regular,,,
CAG194807230,piggl101,IN9,1,2,value,,,,0,,0,,,,,1,19480723,0,CHI10,v,CAG,0,1,0,regular,,,
KCM194807251,piggl101,IN9,1,2,value,21,4,1,0,0,0,1,1,0,0,1,19480725,1,KAN05,v,KCM,0,1,0,regular,y,d,
KCM194807252,piggl101,IN9,1,1,value,0,0,0,0,0,0,,,,,0,19480725,2,KAN05,v,KCM,0,1,0,regular,y,d,
KCM194807261,piggl101,IN9,1,2,value,24,,,,,0,0,,,,1,19480726,1,STL07,v,KCM,0,1,0,regular,,,
KCM194807270,piggl101,IN9,1,2,value,,0,0,1,0,0,0,,,,1,19480727,0,KAN05,v,KCM,0,1,0,regular,y,,
KCM194807280,piggl101,IN9,1,2,value,27,6,1,0,0,0,0,,,,1,19480728,0,STJ01,v,KCM,1,0,0,regular,y,,
IN9194807300,piggl101,IN9,1,2,value,27,,,0,,0,,,,,1,19480730,0,IND10,h,CVB,1,0,0,regular,,,
BLG194808081,piggl101,IN9,1,2,value,,0,0,0,0,0,0,,,,,19480808,1,BAL14,v,BLG,0,1,0,exhibition,y,,
BLG194808082,piggl101,IN9,1,2,value,,0,0,0,0,0,0,,,,1,19480808,2,BAL14,v,BLG,0,1,0,exhibition,y,,
IN9194808160,piggl101,IN9,1,2,value,27,,,0,,0,,,,,1,19480816,0,DAY03,h,KCM,0,1,0,regular,,,
IN9194808170,piggl101,IN9,1,2,value,27,,,0,,0,,,,,1,19480817,0,COL05,h,HOM,0,1,0,exhibition,,,
IN9194808190,piggl101,IN9,1,2,value,,,,0,,0,,,,,1,19480819,0,IND10,h,CAG,1,0,0,regular,,,
IN9194808200,piggl101,IN9,1,2,value,27,,,0,,0,,,,,1,19480820,0,COL05,h,CAG,1,0,0,regular,,,
IN9194808210,piggl101,IN9,1,2,value,27,,,0,,0,,,,,1,19480821,0,IND10,h,NY5,1,0,0,exhibition,,,
IN9194808221,piggl101,IN9,1,2,value,27,,,0,,0,,,,,1,19480822,1,COL05,h,NY5,1,0,0,exhibition,,,
IN9194808240,piggl101,IN9,1,2,value,27,,,0,,0,,,,,1,19480824,0,RCI01,h,NY5,1,0,0,exhibition,,,
IN9194808260,piggl101,IN9,1,2,value,27,,,0,,0,,,,,1,19480826,0,IND10,h,NY5,1,0,0,exhibition,,,
IN9194808270,piggl101,IN9,1,2,value,27,,,0,,0,,,,,1,19480827,0,IND10,h,CVB,0,1,0,regular,,,
MEM194808291,piggl101,IN9,1,2,value,27,,,0,,0,,,,,1,19480829,1,MEM02,v,MEM,1,0,0,regular,,,
MEM194808310,piggl101,IN9,1,2,value,27,,,0,,0,,,,,1,19480831,0,GRE02,v,MEM,1,0,0,regular,,,
MEM194809010,piggl101,IN9,1,2,value,27,,,0,,0,,,,,1,19480901,0,GRE01,v,MEM,1,0,0,regular,,,
MEM194809020,piggl101,IN9,1,2,value,24,,,0,,0,,,,,1,19480902,0,MEM02,v,MEM,0,1,0,regular,,,
HOM194809051,piggl101,IN9,1,2,value,24,0,0,0,0,0,1,0,4,0,1,19480905,1,WAS09,v,HOM,0,1,0,exhibition,y,d,
NY6194809061,piggl101,IN9,1,2,value,24,,,0,,0,,,,,1,19480906,1,NYC14,v,NY6,0,1,0,exhibition,,,
PH5194809082,piggl101,IN9,1,2,value,24,9,1,0,0,0,0,0,0,0,1,19480908,2,PHI11,v,PH5,0,1,0,exhibition,y,d,
IN9194809090,piggl101,IN9,1,2,value,27,,,0,,0,,,,,1,19480909,0,NWC01,h,KCM,0,1,0,regular,,,
CAG194809121,piggl101,IN9,1,2,value,24,,,0,,0,,,,,1,19480912,1,CHI10,v,CAG,0,1,0,exhibition,,,
BIR194904180,piggl101,IN9,1,2,value,24,,,,,,,,,,1,19490418,0,BIR01,v,BIR,0,1,0,exhibition,,,
BIR194904190,piggl101,IN9,1,2,value,24,,,,,,,,,,1,19490419,0,BIR01,v,BIR,0,1,0,exhibition,,,
KCM194904220,piggl101,IN9,1,2,value,25,,,,,,,,,,1,19490422,0,MNL01,v,KCM,0,1,0,exhibition,,,
IN9194904280,piggl101,IN9,1,2,value,15,0,0,0,0,0,0,0,0,0,1,19490428,0,CHA03,h,KCM,0,1,0,exhibition,y,d,
IN9194905160,piggl101,IN9,1,2,value,27,,,,,,,,,,1,19490516,0,COL05,h,BIR,1,0,0,regular,,,
IN9194905170,piggl101,IN9,,2,value,27,,,,,,,,,,1,19490517,0,ZAN02,h,BIR,1,0,0,regular,,,
CAG194905221,piggl101,IN9,1,2,value,,,,,,,,,,,1,19490522,1,CHI10,v,CAG,0,1,0,regular,,,
CAG194905222,piggl101,IN9,1,2,value,,,,,,,,,,,1,19490522,2,CHI10,v,CAG,0,1,0,regular,,,
IN9194905240,piggl101,IN9,1,2,value,27,,,,,,,,,,1,19490524,0,DAY03,h,CAG,1,0,0,regular,,,
CAG194905260,piggl101,IN9,1,2,value,27,7,1,0,0,0,0,0,0,0,1,19490526,0,MTV01,v,CAG,1,0,0,regular,y,d,
KCM194905291,piggl101,IN9,1,2,value,24,1,0,0,0,0,0,0,2,0,1,19490529,1,KAN05,v,KCM,0,1,0,regular,y,d,
KCM194905301,piggl101,IN9,1,2,value,24,2,1,0,0,0,0,0,1,0,1,19490530,1,KAN05,v,KCM,0,1,0,regular,y,d,
KCM194905302,piggl101,IN9,1,2,value,18,5,0,0,0,0,0,0,0,0,1,19490530,2,KAN05,v,KCM,1,0,0,regular,y,d,
KCM194906010,piggl101,IN9,1,2,value,,,,,,,,,,,1,19490601,0,TUL01,v,KCM,0,1,0,regular,,,
KCM194906040,piggl101,IN9,1,2,value,27,4,0,0,0,0,0,0,1,0,1,19490604,0,GIN01,v,KCM,1,0,0,regular,y,d,
KCM194906051,piggl101,IN9,1,2,value,24,,,,,,,,,,1,19490605,1,ARN01,v,KCM,0,1,0,regular,,,
KCM194906052,piggl101,IN9,1,2,value,26,9,1,0,0,0,0,0,0,0,1,19490605,2,OMA03,v,KCM,0,1,0,regular,y,d,
KCM194906060,piggl101,IN9,1,2,value,36,,,,,,,,,,1,19490606,0,SCI01,v,KCM,0,1,0,regular,,,
KCM194906070,piggl101,IN9,1,2,value,24,4,1,1,0,0,1,2,0,1,1,19490607,0,CED01,v,KCM,0,1,0,regular,y,d,
KCM194906080,piggl101,IN9,1,2,value,24,7,0,0,0,0,0,0,0,0,1,19490608,0,DAV01,v,KCM,0,1,0,regular,y,d,
IN9194906090,piggl101,IN9,,2,value,27,27,,,,,,,,,1,19490609,0,RCI01,h,KCM,1,0,0,regular,,,
IN9194906110,piggl101,IN9,1,2,value,27,1,1,1,0,1,0,0,2,0,1,19490611,0,CHA01,h,PH5,1,0,0,regular,y,d,
IN9194906120,piggl101,IN9,1,2,value,21,,,,,,,,,,1,19490612,0,CHA01,h,PH5,0,1,0,regular,,,
IN9194906140,piggl101,IN9,1,2,value,,,,0,,,,,,,1,19490614,0,ZAN02,h,PH5,1,0,0,regular,,,
BIR194906180,piggl101,IN9,1,2,value,27,5,1,0,0,0,0,0,1,1,1,19490618,0,CHT01,v,BIR,1,0,0,regular,y,d,
BIR194906191,piggl101,IN9,1,2,value,24,3,0,0,0,0,0,0,0,0,1,19490619,1,BIR01,v,BIR,0,1,0,regular,y,d,
BIR194906200,piggl101,IN9,1,2,value,24,4,0,0,0,0,1,,4,,1,19490620,0,BIR01,v,BIR,0,1,0,regular,y,,
MEM194906262,piggl101,IN9,1,2,value,,15,,,,,,,,,1,19490626,2,MEM02,v,MEM,0,1,0,regular,,,
LCB194907041,piggl101,IN9,1,2,value,21,,,,,,,,,,1,19490704,1,LOU05,v,LCB,1,0,0,regular,,,
IN9194907070,piggl101,IN9,1,2,value,27,,,,,,,,,,1,19490707,0,BIR01,h,KCM,0,1,0,regular,,,
HOE194907090,piggl101,IN9,1,2,value,27,,,,,,,,,,1,19490709,0,HOU04,v,HOE,1,0,0,regular,,,
HOE194907101,piggl101,IN9,1,2,value,24,,,,,,,,,,1,19490710,1,HOU04,v,HOE,1,0,0,regular,,,
HOE194907110,piggl101,IN9,1,2,value,24,,,,,,,,,,1,19490711,0,SAT01,v,HOE,0,1,0,regular,,,
HOE194907120,piggl101,IN9,1,2,value,27,,,,,,,,,,1,19490712,0,AUS01,v,HOE,1,0,0,regular,,,
HOE194907130,piggl101,IN9,1,2,value,24,,,0,,,,,,,1,19490713,0,DAL02,v,HOE,0,1,0,regular,,,
HOE194907140,piggl101,IN9,1,2,value,27,,,0,,,,,,,1,19490714,0,GRE01,v,HOE,0,1,0,regular,,,
BLG194907242,piggl101,IN9,1,2,value,3,3,0,0,0,0,0,0,0,0,1,19490724,2,BAL14,v,BLG,1,0,0,regular,y,d,
PH5194907251,piggl101,IN9,1,2,value,24,5,0,0,0,0,0,0,0,0,1,19490725,1,PHI11,v,PH5,1,0,0,regular,y,d,
PH5194907252,piggl101,IN9,1,2,value,3,1,0,0,0,0,0,0,0,0,0,19490725,2,PHI11,v,PH5,1,0,0,regular,y,d,
PH5194907260,piggl101,IN9,1,2,value,24,2,0,0,0,0,0,0,0,0,1,19490726,0,NWC01,v,PH5,0,1,0,regular,y,d,
IN9194907270,piggl101,IN9,1,2,value,24,,,,,,,,,,1,19490727,0,IND10,h,PH5,1,0,0,regular,,,
LCB194907280,piggl101,IN9,1,2,value,27,,,,,,,,,,1,19490728,0,COL05,v,LCB,1,0,0,regular,,,
LCB194907311,piggl101,IN9,1,2,value,24,,,,,,,,,,1,19490731,1,CLE06,v,LCB,1,0,0,regular,,,
LCB194907312,piggl101,IN9,1,2,value,21,,,,,,,,,,1,19490731,2,CLE06,v,LCB,1,0,0,regular,,,
PH5194908060,piggl101,IN9,1,2,value,24,4,0,0,,,,,,,1,19490806,0,WIL04,v,PH5,0,1,0,regular,y,,
NY6194908071,piggl101,IN9,1,2,value,24,3,0,1,0,0,0,0,1,0,1,19490807,1,NYC14,v,NY6,0,1,0,regular,y,d,
NY6194908080,piggl101,IN9,1,2,value,24,8,1,0,0,0,1,0,1,0,1,19490808,0,WIL04,v,NY6,0,1,0,regular,y,d,
BLG194908090,piggl101,IN9,1,2,value,24,3,1,0,0,0,,,1,,1,19490809,0,BAL14,v,BLG,0,1,0,regular,y,,
IN9194908190,piggl101,IN9,1,2,value,27,,,0,,,,,,,1,19490819,0,COL05,h,PH5,0,1,0,regular,,,
BIR194908280,piggl101,IN9,1,2,value,24,,,0,,,,,2,,1,19490828,0,BIR01,v,BIR,0,1,0,regular,,,
BIR194908290,piggl101,IN9,1,2,value,,,,0,,,,,,,1,19490829,0,BIR01,v,BIR,1,0,0,regular,,,
CAG194909040,piggl101,IN9,1,2,value,21,,,,,,,,,,1,19490904,0,CHI10,v,CAG,1,0,0,regular,,,
CAG194909060,piggl101,IN9,1,2,value,21,,,,,,,,,,1,19490906,0,RCK02,v,CAG,1,0,0,exhibition,,,
KCM194909150,piggl101,IN9,1,2,value,24,5,0,0,0,0,1,0,0,0,1,19490915,0,KEA01,v,KCM,1,0,0,exhibition,y,d,
KCM194909170,piggl101,IN9,1,2,value,18,2,0,0,0,0,0,0,0,0,1,19490917,0,KAN05,v,KCM,0,1,0,exhibition,y,d,
KCM194909181,piggl101,IN9,1,2,value,12,6,1,1,1,0,0,0,1,1,1,19490918,1,KAN05,v,KCM,1,0,0,exhibition,y,d,
KCM194909250,piggl101,IN9,1,2,value,27,,,,,,,,,,1,19490925,0,SAT01,v,KCM,1,0,0,exhibition,,,
KCM194909260,piggl101,IN9,1,2,value,24,,,0,,,,,,,1,19490926,0,SAT01,v,KCM,0,1,0,exhibition,,,
KCM194909280,piggl101,IN9,1,2,value,27,,,,,,,,,,1,19490928,0,HOU04,v,KCM,1,0,0,exhibition,,,
