gid,id,team,d_seq,d_pos,stattype,d_ifouts,d_po,d_a,d_e,d_dp,d_tp,d_pb,d_wp,d_sb,d_cs,d_gs,date,number,site,vishome,opp,win,loss,tie,gametype,box,pbp,eject
HOM194807290,evanc102,HOM,1,1,value,12,0,4,0,1,0,,,,,0,19480729,0,WAS09,h,BLG,0,1,0,regular,y,d,
HOM194808120,evanc102,HOM,1,1,value,6,0,1,0,0,0,,,,,0,19480812,0,WAS09,h,NY6,1,0,0,regular,y,d,
BLG194808222,evanc102,HOM,1,1,value,16,3,1,0,0,0,0,,,,1,19480822,2,BAL14,v,BLG,1,0,0,exhibition,y,,
HOM194809051,evanc102,HOM,1,1,value,23,0,0,0,0,0,,,,,1,19480905,1,WAS09,h,IN9,1,0,0,exhibition,y,d,
