gid,id,team,d_seq,d_pos,stattype,d_ifouts,d_po,d_a,d_e,d_dp,d_tp,d_pb,d_wp,d_sb,d_cs,d_gs,date,number,site,vishome,opp,win,loss,tie,gametype,box,pbp,eject
HOM194005110,linar101,NY6,1,3,value,24,9,1,0,1,0,,,,,1,19400511,0,PIT06,v,HOM,0,1,0,regular,y,,
HOM194005121,linar101,NY6,1,3,value,24,,,0,0,0,,,,,1,19400512,1,WAS09,v,HOM,0,1,0,regular,y,,
HOM194005122,linar101,NY6,1,3,value,18,,,0,0,0,,,,,1,19400512,2,WAS09,v,HOM,0,1,0,regular,y,,
NY5194005191,linar101,NY6,1,3,value,24,8,1,0,0,0,,,,,1,19400519,1,NYC16,v,NY5,0,1,0,regular,y,,
NY6194005260,linar101,NY6,1,3,value,27,11,0,0,0,0,,,,,1,19400526,0,HAR02,h,NW2,0,1,0,regular,y,,
NW2194005270,linar101,NY6,1,3,value,24,6,0,0,1,0,,,,,1,19400527,0,SPR06,v,NW2,0,1,0,regular,y,,
PH5194005301,linar101,NY6,1,3,value,24,7,,0,0,0,,,,,1,19400530,1,PHI17,v,PH5,0,1,0,regular,y,,
PH5194005302,linar101,NY6,1,3,value,27,11,,0,0,0,,,,,1,19400530,2,PHI17,v,PH5,1,0,0,regular,y,,
PH5194006091,linar101,NY6,1,3,value,,9,0,0,1,0,,,,,1,19400609,1,HRB01,v,PH5,0,1,0,regular,y,,
PH5194006092,linar101,NY6,1,3,value,21,4,0,0,0,0,,,,,1,19400609,2,HRB01,v,PH5,1,0,0,regular,y,,
PH5194006130,linar101,NY6,1,3,value,27,,,0,0,0,,,,,1,19400613,0,PHI17,v,PH5,1,0,0,regular,y,,
NY6194006161,linar101,NY6,1,3,value,48,16,0,0,2,0,,,,,1,19400616,1,NYC16,h,BLG,0,1,0,regular,y,,
NW2194006231,linar101,NY6,1,3,value,27,,,0,1,0,,,,,1,19400623,1,NWK04,v,NW2,1,0,0,regular,y,,
NW2194006232,linar101,NY6,1,3,value,21,,,0,0,0,,,,,1,19400623,2,NWK04,v,NW2,1,0,0,regular,y,,
NW2194006270,linar101,NY6,1,3,value,24,,,0,0,0,,,,,1,19400627,0,NWK04,v,NW2,0,1,0,regular,y,,
NW2194006290,linar101,NY6,1,3,value,27,,,0,0,0,,,,,1,19400629,0,NWK04,v,NW2,1,0,0,regular,y,,
PH5194007061,linar101,NY6,1,3,value,27,14,0,0,0,0,,,,,1,19400706,1,PHI17,v,PH5,1,0,0,regular,y,,
PH5194007062,linar101,NY6,1,3,value,18,3,1,1,0,0,,,,,1,19400706,2,PHI17,v,PH5,0,1,0,regular,y,,
NY6194007071,linar101,NY6,1,3,value,27,16,0,0,2,0,,,,,1,19400707,1,NYC16,h,PH5,0,1,0,regular,y,,
NY6194007230,linar101,NY6,1,3,value,33,,,0,2,0,,,,,1,19400723,0,BRI01,h,BLG,0,1,0,exhibition,y,,
PH5194007281,linar101,NY6,1,3,value,36,,,0,0,0,,,,,1,19400728,1,WAS09,v,PH5,1,0,0,regular,y,,
HOM194008041,linar101,NY6,1,3,value,,4,0,0,1,0,,,,,1,19400804,1,WAS09,v,HOM,0,1,0,regular,y,,
HOM194008150,linar101,NY6,1,3,value,24,,,0,0,0,,,,,1,19400815,0,POR02,v,HOM,0,1,0,exhibition,y,,
BLG194008250,linar101,NY6,1,3,value,21,,,0,1,0,,,,,1,19400825,0,BAL10,v,BLG,0,1,0,regular,y,,
HOM194009030,linar101,NY6,1,3,value,21,7,0,0,0,0,,,,,1,19400903,0,ALT02,v,HOM,1,0,0,exhibition,y,,
NY6194009082,linar101,NY6,1,3,value,27,9,0,0,1,0,,,,,1,19400908,2,NYC16,h,BLG,0,1,0,regular,y,,
NY5194009100,linar101,NY6,1,3,value,24,8,0,0,0,0,,,,,1,19400910,0,BEL02,v,NY5,0,1,0,exhibition,y,,
MEM194009220,linar101,NY6,1,3,value,27,13,,1,0,0,,,,,1,19400922,0,MEM02,v,MEM,1,0,0,exhibition,y,,
PH5194305311,linar101,NY6,1,9,value,,0,0,0,0,0,,,,,,19430531,1,PHI17,v,PH5,0,1,0,regular,y,,
PH5194305312,linar101,NY6,1,9,value,27,3,1,0,0,0,,,,,1,19430531,2,PHI17,v,PH5,1,0,0,regular,y,,
NY6194306010,linar101,NY6,1,3,value,27,,,0,2,0,0,,,,,19430601,0,NOR02,h,HOM,0,1,0,regular,,,
NY6194306020,linar101,NY6,1,3,value,27,,,,,0,,,,,,19430602,0,NOR02,h,HOM,0,1,0,regular,,,
BLG194306040,linar101,NY6,1,3,value,24,12,0,0,0,0,,,,,1,19430604,0,BAL14,v,BLG,0,1,0,regular,y,d,
BLG194306050,linar101,NY6,1,3,value,27,14,1,0,1,0,0,0,0,,1,19430605,0,BAL14,v,BLG,1,0,0,regular,y,,
BLG194306061,linar101,NY6,1,7,value,21,0,1,0,0,0,0,0,0,,1,19430606,1,BAL14,v,BLG,1,0,0,regular,y,,
BLG194306061,linar101,NY6,2,8,value,6,,,0,0,0,0,0,0,,1,19430606,1,BAL14,v,BLG,1,0,0,regular,y,,
BLG194306062,linar101,NY6,1,7,value,21,2,0,0,0,0,,,,,1,19430606,2,BAL14,v,BLG,1,0,0,regular,y,d,
HOM194306121,linar101,NY6,1,3,value,24,10,0,0,1,0,,,,,1,19430612,1,WAS09,v,HOM,0,1,0,regular,y,d,
HOM194306122,linar101,NY6,1,3,value,18,3,0,0,0,0,,,,,1,19430612,2,WAS09,v,HOM,0,1,0,regular,y,d,
HOM194306131,linar101,NY6,1,7,value,,1,0,0,0,0,,,,,1,19430613,1,WAS09,v,HOM,1,0,0,regular,y,,
HOM194306132,linar101,NY6,1,7,value,18,1,0,0,0,0,,,,,1,19430613,2,WAS09,v,HOM,0,1,0,regular,y,,
MEM194306160,linar101,NY6,1,3,value,24,8,1,0,0,0,,,,,1,19430616,0,SPR04,v,MEM,0,1,0,exhibition,y,d,
BIR194306200,linar101,NY6,1,3,value,24,11,0,0,0,0,,,,,1,19430620,0,CHI11,v,BIR,0,1,0,exhibition,y,d,
BIR194306250,linar101,NY6,1,3,value,24,11,1,0,1,0,,,,,1,19430625,0,ZAN02,v,BIR,0,1,0,exhibition,y,d,
NY6194306271,linar101,NY6,1,7,value,27,0,0,0,0,0,,,,,1,19430627,1,NYC16,h,NY5,1,0,0,regular,y,,
NY6194306272,linar101,NY6,1,7,value,27,2,0,0,0,0,,,,,1,19430627,2,NYC16,h,KCM,0,1,0,exhibition,y,,
NY6194307042,linar101,NY6,1,7,value,27,0,0,0,0,0,,,,,1,19430704,2,NYC16,h,PH5,1,0,0,regular,y,,
PH5194307051,linar101,NY6,1,7,value,27,1,0,0,0,0,,,,,1,19430705,1,PHI17,v,PH5,1,0,0,regular,y,,
PH5194307052,linar101,NY6,1,7,value,,6,0,0,0,0,,,,,1,19430705,2,PHI17,v,PH5,0,1,0,regular,y,,
MEM194307181,linar101,NY6,1,3,value,24,8,0,0,1,0,,,,,1,19430718,1,CHI11,v,MEM,0,1,0,exhibition,y,d,
BIR194307251,linar101,NY6,1,3,value,27,8,,0,0,1,,,,,1,19430725,1,BIR01,v,BIR,1,0,0,exhibition,y,,
NY6194308081,linar101,NY6,1,7,value,15,3,0,0,0,0,,,,,1,19430808,1,NYC16,h,PH5,1,0,0,regular,y,,
NY6194308081,linar101,NY6,2,8,value,6,,,0,0,0,,,,,1,19430808,1,NYC16,h,PH5,1,0,0,regular,y,,
NY6194308082,linar101,NY6,1,7,value,27,0,0,0,0,0,,,,,1,19430808,2,NYC16,h,KCM,1,0,0,exhibition,y,,
PH5194308120,linar101,NY6,1,3,value,24,7,0,0,3,0,,,,,1,19430812,0,PHI17,v,PH5,0,1,0,regular,y,,
HOM194308140,linar101,NY6,1,7,value,24,4,0,0,0,0,,,,,1,19430814,0,WAS09,v,HOM,0,1,0,regular,y,,
HOM194308151,linar101,NY6,1,7,value,27,0,0,0,0,0,,,,,1,19430815,1,WAS09,v,HOM,1,0,0,regular,y,,
HOM194308152,linar101,NY6,1,7,value,18,7,0,0,0,0,,,,,1,19430815,2,WAS09,v,HOM,0,1,0,regular,y,,
NY6194308222,linar101,NY6,1,8,value,12,0,0,0,0,0,,,,,1,19430822,2,NYC16,h,BIR,1,0,0,exhibition,y,,
NW2194308291,linar101,NY6,1,8,value,27,0,0,0,0,0,,,,,1,19430829,1,NWK04,v,NW2,1,0,0,regular,y,d,
NW2194308292,linar101,NY6,1,8,value,27,0,0,0,0,0,,,,,1,19430829,2,NWK04,v,NW2,1,0,0,regular,y,d,
CI2194309020,linar101,NY6,1,8,value,27,0,0,0,0,0,,,,,1,19430902,0,MIL03,v,CI2,1,0,0,exhibition,y,d,
CAG194309030,linar101,NY6,1,8,value,27,3,0,0,0,0,,,,,1,19430903,0,DAV01,v,CAG,1,0,0,exhibition,y,d,
NY6194309121,linar101,NY6,1,8,value,27,4,0,0,0,0,,,,,1,19430912,1,NYC16,h,BLG,1,0,0,exhibition,y,,
NY6194309122,linar101,NY6,1,8,value,27,3,0,1,0,0,,,,,1,19430912,2,NYC16,h,KCM,1,0,0,exhibition,y,,
KCM194404090,linar101,NY6,1,3,value,27,,,0,,0,0,,,,,19440409,0,NOL01,v,KCM,1,0,0,exhibition,,,
BIR194404161,linar101,NY6,1,3,value,27,,,0,0,0,,,,,1,19440416,1,BIR01,v,BIR,1,0,0,exhibition,y,,
BIR194404162,linar101,NY6,1,3,value,21,,,0,0,0,0,,,,1,19440416,2,BIR01,v,BIR,1,0,0,exhibition,y,,
BIR194404170,linar101,NY6,1,3,value,27,14,0,0,0,0,,,,,1,19440417,0,MTG01,v,BIR,1,0,0,exhibition,y,d,
PH5194405200,linar101,NY6,1,8,value,24,2,0,0,0,0,,,,,1,19440520,0,PHI17,v,PH5,1,0,0,regular,y,d,
NY5194405211,linar101,NY6,1,8,value,18,1,0,0,0,0,,,,,1,19440521,1,NYC14,v,NY5,1,0,0,regular,y,d,
NY5194405211,linar101,NY6,2,7,value,6,0,0,0,0,0,,,,,0,19440521,1,NYC14,v,NY5,1,0,0,regular,y,d,
NY5194405211,linar101,NY6,3,3,value,3,0,0,0,0,0,,,,,0,19440521,1,NYC14,v,NY5,1,0,0,regular,y,d,
BLG194405270,linar101,NY6,1,3,value,29,12,0,0,1,0,,,,,1,19440527,0,HRB01,v,BLG,0,1,0,regular,y,d,
NY6194405281,linar101,NY6,1,7,value,18,0,0,0,0,0,,,,,1,19440528,1,NYC16,h,PH5,0,1,0,regular,y,d,
NY6194405282,linar101,NY6,1,7,value,27,3,0,0,0,0,,,,,1,19440528,2,NYC16,h,PH5,1,0,0,regular,y,d,
PH5194405302,linar101,NY6,1,8,value,24,1,0,0,0,0,,,,,1,19440530,2,PHI17,v,PH5,0,1,0,regular,y,d,
NY6194405310,linar101,NY6,1,3,value,27,6,0,1,0,0,,,,,1,19440531,0,HRB01,h,PH5,1,0,0,regular,y,d,
HOM194406020,linar101,NY6,1,3,value,27,10,0,0,0,0,0,0,0,,1,19440602,0,WAS09,v,HOM,1,0,0,regular,y,,
HOM194406031,linar101,NY6,1,3,value,24,9,0,0,0,0,0,0,0,,1,19440603,1,PIT06,v,HOM,0,1,0,regular,y,,
HOM194406041,linar101,NY6,1,8,value,24,0,0,0,0,0,,,,,1,19440604,1,WAS09,v,HOM,0,1,0,regular,y,d,
HOM194406042,linar101,NY6,1,8,value,21,1,0,0,0,0,,,,,1,19440604,2,WAS09,v,HOM,1,0,0,regular,y,d,
NY6194406111,linar101,NY6,1,7,value,27,0,0,0,0,0,,,,,1,19440611,1,DET04,h,BLG,0,1,0,regular,y,d,
NY6194406160,linar101,NY6,1,3,value,27,,,,,0,,,,,,19440616,0,DAY03,h,NW2,1,0,0,regular,,,
BLG194406181,linar101,NY6,1,7,value,27,,,0,0,0,,,,,1,19440618,1,BAL14,v,BLG,1,0,0,regular,y,,
PH5194406220,linar101,NY6,1,7,value,27,4,0,0,0,0,,,,,1,19440622,0,PHI17,v,PH5,1,0,0,regular,y,d,
NY6194406251,linar101,NY6,1,9,value,,1,0,0,0,0,,,,,,19440625,1,NYC16,h,BLG,0,1,0,regular,y,,
NY6194406252,linar101,NY6,1,9,value,21,1,0,0,0,0,,,,,1,19440625,2,NYC16,h,BLG,1,0,0,regular,y,,
PH5194407010,linar101,NY6,1,9,value,24,1,0,0,0,0,0,0,0,,1,19440701,0,PHI17,v,PH5,0,1,0,regular,y,,
NY6194407021,linar101,NY6,1,7,value,27,4,0,0,0,0,,,,,1,19440702,1,NYC15,h,PH5,0,1,0,regular,y,d,
NY6194407022,linar101,NY6,1,7,value,33,2,0,0,0,0,,,,,1,19440702,2,NYC15,h,KCM,1,0,0,exhibition,y,d,
NW2194407041,linar101,NY6,1,7,value,27,2,0,0,0,0,,,,,1,19440704,1,NYC15,v,NW2,1,0,0,regular,y,d,
NW2194407042,linar101,NY6,1,7,value,24,0,0,0,0,0,,,,,1,19440704,2,NYC15,v,NW2,0,1,0,regular,y,d,
NY6194407092,linar101,NY6,1,7,value,27,1,0,0,0,0,,,,,1,19440709,2,NYC14,h,PH5,1,0,0,regular,y,d,
HOM194407110,linar101,NY6,1,3,value,27,7,1,0,1,0,,,,,1,19440711,0,ALT02,v,HOM,1,0,0,regular,y,d,
HOM194407120,linar101,NY6,1,3,value,24,6,0,0,2,0,,,,,1,19440712,0,HRB01,v,HOM,0,1,0,regular,y,,
NY6194407160,linar101,NY6,1,9,value,24,1,0,0,0,0,,,,,1,19440716,0,NYC14,h,HOM,0,0,1,regular,y,d,
NY6194407231,linar101,NY6,1,9,value,27,0,0,0,0,0,,,,,1,19440723,1,NYC16,h,PH5,1,0,0,regular,y,d,
NY6194407280,linar101,NY6,1,3,value,27,17,1,1,0,0,,,,,1,19440728,0,HRB01,h,NY5,1,0,0,regular,y,d,
HOM194408071,linar101,NY6,1,9,value,15,0,0,0,0,0,,,,,1,19440807,1,PHI11,v,HOM,1,0,0,regular,y,y,
HOM194408071,linar101,NY6,2,7,value,12,0,0,0,0,0,,,,,0,19440807,1,PHI11,v,HOM,1,0,0,regular,y,y,
BLG194408180,linar101,NY6,1,3,value,23,0,0,1,0,0,,,,,1,19440818,0,BAL14,v,BLG,0,1,0,regular,y,d,
NY6194408190,linar101,NY6,1,3,value,27,11,0,0,0,0,,,,,1,19440819,0,HRB01,h,BLG,1,0,0,regular,y,d,
BLG194408201,linar101,NY6,1,8,value,24,,,1,0,0,,,,,1,19440820,1,BAL14,v,BLG,0,1,0,regular,y,,
NY6194408271,linar101,NY6,1,8,value,21,0,1,0,0,0,,,,,1,19440827,1,NYC16,h,BIR,1,0,0,exhibition,y,d,
NY6194408271,linar101,NY6,2,7,value,6,0,0,0,0,0,,,,,0,19440827,1,NYC16,h,BIR,1,0,0,exhibition,y,d,
NY6194408272,linar101,NY6,1,8,value,21,0,0,0,0,0,,,,,0,19440827,2,NYC16,h,KCM,0,1,0,exhibition,y,d,
NY6194408290,linar101,NY6,1,3,value,6,0,1,1,0,0,,,,,1,19440829,0,HRB01,h,BIR,1,0,0,exhibition,y,d,
PH5194408310,linar101,NY6,1,3,value,24,8,0,0,1,0,,,,,1,19440831,0,PHI17,v,PH5,0,1,0,regular,y,d,
NY6194409031,linar101,NY6,1,8,value,27,3,0,0,0,0,,,,,1,19440903,1,NYC14,h,NW2,1,0,0,regular,y,d,
NY6194409032,linar101,NY6,1,7,value,15,0,0,0,0,0,,,,,1,19440903,2,NYC14,h,NW2,0,1,0,regular,y,d,
NY6194409170,linar101,NY6,1,7,value,27,1,0,0,0,0,,,,,1,19440917,0,NYC14,h,NW2,1,0,0,exhibition,y,d,
SAS194410010,linar101,NAS,1,7,value,27,1,0,0,0,0,,,,,1,19441001,0,NOL01,v,SAS,1,0,0,allstar,y,d,
NY6194504010,linar101,NY6,1,7,value,18,0,0,0,0,0,,,,,1,19450401,0,NOL01,h,BIR,1,0,0,exhibition,y,,
NY6194504081,linar101,NY6,1,7,value,27,1,0,0,0,0,,,,,1,19450408,1,NOL01,h,CVB,1,0,0,exhibition,y,,
NY6194504151,linar101,NY6,1,7,value,27,1,0,1,0,0,,,,,1,19450415,1,NOL01,h,BLG,1,0,0,exhibition,y,,
NY6194504152,linar101,NY6,1,7,value,21,1,0,0,0,0,,,,,1,19450415,2,NOL01,h,BLG,1,0,0,exhibition,y,,
NW2194505060,linar101,NY6,1,8,value,24,0,0,0,0,0,,,,,1,19450506,0,NWK04,v,NW2,0,1,0,regular,y,d,
PH5194505120,linar101,NY6,1,8,value,,9,1,0,0,0,,,,,1,19450512,0,PHI17,v,PH5,1,0,0,regular,y,,
PH5194505120,linar101,NY6,2,3,value,,,,0,0,0,,,,,1,19450512,0,PHI17,v,PH5,1,0,0,regular,y,,
NY6194505130,linar101,NY6,1,3,value,27,11,,0,0,0,,,,,1,19450513,0,NYC16,h,PH5,0,1,0,regular,y,,
HOM194505201,linar101,NY6,1,8,value,24,4,0,0,0,0,,,,,1,19450520,1,WAS09,v,HOM,0,1,0,regular,y,,
BLG194505220,linar101,NY6,1,8,value,24,,,0,0,0,,,,,1,19450522,0,BAL14,v,BLG,0,1,0,regular,y,,
NY6194505230,linar101,NY6,1,8,value,27,0,0,0,0,0,,,,,1,19450523,0,NYC14,h,HOM,0,1,0,regular,y,d,
NW2194506010,linar101,NY6,1,3,value,24,,,,,,,,,,1,19450601,0,NWK04,v,NW2,0,1,0,regular,y,,
PH5194506020,linar101,NY6,1,3,value,24,8,1,0,0,0,,,,,1,19450602,0,PHI17,v,PH5,0,1,0,regular,y,,
NY6194506241,linar101,NY6,1,7,value,27,,,0,0,0,,,,,1,19450624,1,NYC14,h,BIR,1,0,0,exhibition,y,,
HOM194507041,linar101,NY6,1,8,value,27,1,0,0,0,0,,,,,1,19450704,1,PIT06,v,HOM,1,0,0,regular,y,,
NY6194507120,linar101,NY6,1,8,value,27,2,0,0,0,0,,,,,1,19450712,0,NYC14,h,CIA,1,0,0,exhibition,y,d,
NY6194507160,linar101,NY6,1,8,value,27,5,0,0,0,0,,,,,1,19450716,0,NYC23,h,NW2,1,0,0,regular,y,,
NW2194507200,linar101,NY6,1,8,value,24,0,0,0,0,0,,,,,1,19450720,0,NWK04,v,NW2,0,1,0,regular,y,d,
NY6194507230,linar101,NY6,1,8,value,27,1,0,0,0,0,,,,,1,19450723,0,NYC23,h,HOM,0,1,0,regular,y,,
ASW194507290,linar101,ASE,1,9,value,12,0,0,0,0,0,,,,,0,19450729,0,CHI10,v,ASW,0,1,0,allstar,y,d,
HOM194508191,linar101,NY6,1,8,value,24,,,0,0,0,,,,,1,19450819,1,WAS09,v,HOM,0,1,0,regular,y,,
HOM194508200,linar101,NY6,1,8,value,27,1,0,0,0,0,,,,,1,19450820,0,HRB01,v,HOM,1,0,0,regular,y,,
BLG194508210,linar101,NY6,1,8,value,24,,,0,0,0,,,,,1,19450821,0,BAL14,v,BLG,0,1,0,regular,y,,
NY6194508260,linar101,NY6,1,8,value,,4,0,0,0,0,,,,,1,19450826,0,NYC14,h,NY5,0,1,0,regular,y,,
NY6194508290,linar101,NY6,1,8,value,,1,0,0,0,0,,,,,,19450829,0,NYC14,h,HOM,0,1,0,regular,y,,
BLG194509021,linar101,NY6,1,8,value,24,,,0,0,0,,,,,1,19450902,1,BAL14,v,BLG,0,1,0,regular,y,,
BLG194509022,linar101,NY6,1,8,value,18,,,0,0,0,,,,,1,19450902,2,BAL14,v,BLG,0,1,0,regular,y,,
BLG194509040,linar101,NY6,1,7,value,25,,,0,0,0,,,,,1,19450904,0,BAL14,v,BLG,0,1,0,regular,y,,
NY6194509190,linar101,NY6,1,7,value,27,0,0,0,0,0,,,,,1,19450919,0,NYC14,h,HOM,1,0,0,exhibition,y,,
NY6194509260,linar101,NY6,1,7,value,27,0,0,0,0,0,,,,,1,19450926,0,NYC14,h,HOM,1,0,0,exhibition,y,y,
NY6194509302,linar101,NY6,1,7,value,21,1,0,0,0,0,,,,,1,19450930,2,NYC14,h,BIR,1,0,0,exhibition,y,,
NY6194604020,linar101,NY6,1,9,value,27,2,0,0,0,0,,,,,1,19460402,0,NOL01,h,HOM,0,1,0,exhibition,y,d,
NY5194605070,linar101,NY6,1,7,value,27,0,0,0,0,0,,,,,1,19460507,0,NOR02,v,NY5,1,0,0,regular,y,d,
PH5194605110,linar101,NY6,1,7,value,25,1,0,0,0,0,,,,,1,19460511,0,PHI17,v,PH5,0,1,0,regular,y,,
BLG194605130,linar101,NY6,1,7,value,24,1,0,0,0,0,,,,,1,19460513,0,YOR02,v,BLG,1,0,0,regular,y,d,
NY5194605191,linar101,NY6,1,7,value,27,2,0,0,0,0,,,,,1,19460519,1,NYC16,v,NY5,1,0,0,regular,y,,
BLG194605240,linar101,NY6,1,7,value,27,0,0,0,0,0,,,,,1,19460524,0,BAL14,v,BLG,1,0,0,regular,y,,
PH5194605250,linar101,NY6,1,9,value,24,0,0,1,0,0,,,,,1,19460525,0,PHI17,v,PH5,0,1,0,regular,y,,
BLG194605260,linar101,NY6,1,9,value,6,1,0,0,0,0,,,,,,19460526,0,BAL14,v,BLG,1,0,0,regular,y,,
NY6194606030,linar101,NY6,1,7,value,27,3,0,0,0,0,,,,,1,19460603,0,NYC23,h,HOM,1,0,0,regular,y,d,
NY6194606091,linar101,NY6,1,7,value,27,1,1,0,0,0,,,,,1,19460609,1,NYC14,h,NW2,0,1,0,regular,y,d,
NY6194606092,linar101,NY6,1,7,value,27,0,0,0,0,0,,,,,1,19460609,2,NYC14,h,NW2,0,1,0,regular,y,d,
NY6194606100,linar101,NY6,1,7,value,27,3,0,0,0,0,,,,,1,19460610,0,NYC23,h,NW2,1,0,0,regular,y,d,
PH5194606131,linar101,NY6,1,7,value,27,2,0,,0,0,0,0,0,,1,19460613,1,PHI11,v,PH5,0,0,1,regular,y,,
PH5194606150,linar101,NY6,1,7,value,24,0,0,0,0,0,,,,,1,19460615,0,PHI17,v,PH5,0,1,0,regular,y,,
HOM194606161,linar101,NY6,1,7,value,27,0,0,0,0,0,,,,,1,19460616,1,WAS09,v,HOM,1,0,0,regular,y,d,
HOM194606162,linar101,NY6,1,7,value,18,2,0,0,0,0,,,,,1,19460616,2,WAS09,v,HOM,0,1,0,regular,y,d,
BLG194606180,linar101,NY6,1,7,value,24,1,0,0,0,0,,,,,1,19460618,0,BAL14,v,BLG,0,1,0,regular,y,,
NW2194606231,linar101,NY6,1,7,value,24,0,0,1,0,0,,,,,1,19460623,1,NWK04,v,NW2,0,1,0,regular,y,d,
NW2194606232,linar101,NY6,1,7,value,18,0,0,0,0,0,,,,,1,19460623,2,NWK04,v,NW2,0,1,0,regular,y,d,
NY5194606240,linar101,NY6,1,7,value,27,2,0,0,0,0,,,,,1,19460624,0,NYC23,v,NY5,1,0,0,regular,y,d,
NY6194606300,linar101,NY6,1,7,value,27,2,0,0,0,0,,,,,1,19460630,0,NYC14,h,BLG,1,0,0,regular,y,d,
HOM194607011,linar101,NY6,1,7,value,24,0,0,0,0,0,,,,,1,19460701,1,PHI11,v,HOM,0,1,0,regular,y,,
BLG194607060,linar101,NY6,1,7,value,24,3,0,0,0,0,,,,,1,19460706,0,WIL04,v,BLG,0,1,0,regular,y,d,
BLG194607071,linar101,NY6,1,8,value,27,4,1,0,0,0,,,,,1,19460707,1,BAL14,v,BLG,1,0,0,regular,y,d,
BLG194607072,linar101,NY6,1,8,value,18,4,0,0,0,0,,,,,1,19460707,2,BAL14,v,BLG,0,1,0,regular,y,d,
PH5194607110,linar101,NY6,1,8,value,24,3,0,0,,0,,,,,1,19460711,0,PHI17,v,PH5,0,1,0,regular,y,,
NY6194607141,linar101,NY6,1,8,value,6,0,0,0,0,0,,,,,0,19460714,1,NYC14,h,HOM,1,0,0,regular,y,d,
NY5194607150,linar101,NY6,1,7,value,27,1,0,0,0,0,,,,,1,19460715,0,NYC23,v,NY5,1,0,0,regular,y,,
BLG194607160,linar101,NY6,1,7,value,24,1,0,0,0,0,,,,,1,19460716,0,BAL14,v,BLG,0,1,0,regular,y,d,
NY6194607200,linar101,NY6,1,7,value,27,0,0,0,0,0,,,,,1,19460720,0,WIL04,h,BIR,0,1,0,exhibition,y,d,
BLG194607260,linar101,NY6,1,7,value,24,3,0,0,0,0,,,,,1,19460726,0,BAL14,v,BLG,1,0,0,regular,y,,
NY5194607280,linar101,NY6,1,7,value,27,2,0,0,0,0,,,,,1,19460728,0,NYC16,v,NY5,1,0,0,regular,y,,
NY6194608112,linar101,NY6,1,7,value,27,1,0,0,0,0,,,,,1,19460811,2,NYC14,h,BLG,1,0,0,regular,y,,
BLG194608120,linar101,NY6,1,7,value,27,2,0,0,0,0,,,,,1,19460812,0,WIL04,v,BLG,1,0,0,regular,y,,
NY6194608181,linar101,NY6,1,7,value,27,1,1,0,0,0,,,,,1,19460818,1,NYC16,h,PH5,0,1,0,exhibition,y,,
NW2194608230,linar101,NY6,1,7,value,24,,,0,0,0,,,,,1,19460823,0,NWK04,v,NW2,0,1,0,regular,y,,
NW2194608260,linar101,NY6,1,7,value,24,1,0,0,0,0,,,,,1,19460826,0,WIL04,v,NW2,0,1,0,regular,y,,
BLG194608270,linar101,NY6,1,7,value,27,4,0,0,0,0,,,,,1,19460827,0,BAL14,v,BLG,1,0,0,regular,y,d,
NY6194609011,linar101,NY6,1,7,value,27,1,0,0,0,0,,,,,1,19460901,1,NYC16,h,PH5,1,0,0,regular,y,,
BLG194609031,linar101,NY6,1,7,value,27,0,0,0,0,0,,,,,1,19460903,1,PHI11,v,BLG,1,0,0,regular,y,d,
NW2194609040,linar101,NY6,1,7,value,24,0,0,1,0,0,,,,,1,19460904,0,NWK04,v,NW2,0,1,0,regular,y,d,
NY6194609082,linar101,NY6,1,7,value,27,1,0,0,0,0,,,,,1,19460908,2,NYC14,h,NW2,1,0,0,regular,y,,
HOM194609151,linar101,NY6,1,7,value,24,1,0,0,0,0,,,,,1,19460915,1,WAS09,v,HOM,0,1,0,regular,y,,
HOM194609152,linar101,NY6,1,7,value,18,1,0,0,0,0,,,,,1,19460915,2,WAS09,v,HOM,0,1,0,regular,y,,
NY6194609222,linar101,NY6,1,7,value,21,2,0,0,0,0,,,,,1,19460922,2,NYC14,h,HOM,0,0,1,exhibition,y,,
