gid,id,team,d_seq,d_pos,stattype,d_ifouts,d_po,d_a,d_e,d_dp,d_tp,d_pb,d_wp,d_sb,d_cs,d_gs,date,number,site,vishome,opp,win,loss,tie,gametype,box,pbp
BLS193210091,powej106,ASB,1,8,value,27,2,0,0,0,0,,,,,1,19321009,1,BAL14,v,BLS,1,0,0,exhibition,y,
BLS193210091,heffd101,ASB,1,4,value,27,1,4,0,1,0,,,,,1,19321009,1,BAL14,v,BLS,1,0,0,exhibition,y,
BLS193210091,belll101,ASB,1,5,value,27,2,1,0,0,0,,,,,1,19321009,1,BAL14,v,BLS,1,0,0,exhibition,y,
BLS193210091,arleb101,ASB,1,3,value,27,9,0,1,1,0,,,,,1,19321009,1,BAL14,v,BLS,1,0,0,exhibition,y,
BLS193210091,wilsh102,ASB,1,7,value,27,2,0,0,0,0,,,,,1,19321009,1,BAL14,v,BLS,1,0,0,exhibition,y,
BLS193210091,phelb101,ASB,1,9,value,27,4,0,0,0,0,,,,,1,19321009,1,BAL14,v,BLS,1,0,0,exhibition,y,
BLS193210091,krast101,ASB,1,6,value,27,3,2,0,1,0,,,,,1,19321009,1,BAL14,v,BLS,1,0,0,exhibition,y,
BLS193210091,almou101,ASB,1,2,value,27,4,1,0,0,0,0,,,,1,19321009,1,BAL14,v,BLS,1,0,0,exhibition,y,
BLS193210091,franf101,ASB,1,1,value,27,0,4,0,0,0,,,,,1,19321009,1,BAL14,v,BLS,1,0,0,exhibition,y,
BLS193210091,dalle101,BLS,1,3,value,27,9,0,0,1,0,,,,,1,19321009,1,BAL14,h,ASB,0,1,0,exhibition,y,
BLS193210091,seayd101,BLS,1,4,value,27,1,3,0,0,0,,,,,1,19321009,1,BAL14,h,ASB,0,1,0,exhibition,y,
BLS193210091,wilsj106,BLS,1,5,value,27,2,3,0,0,0,,,,,1,19321009,1,BAL14,h,ASB,0,1,0,exhibition,y,
BLS193210091,suttm101,BLS,1,7,value,27,5,0,0,0,0,,,,,1,19321009,1,BAL14,h,ASB,0,1,0,exhibition,y,
BLS193210091,whitc103,BLS,1,9,value,27,0,0,0,0,0,,,,,1,19321009,1,BAL14,h,ASB,0,1,0,exhibition,y,
BLS193210091,lundd103,BLS,1,6,value,27,6,2,0,1,0,,,,,1,19321009,1,BAL14,h,ASB,0,1,0,exhibition,y,
BLS193210091,washp101,BLS,1,8,value,27,2,0,0,0,0,,,,,1,19321009,1,BAL14,h,ASB,0,1,0,exhibition,y,
BLS193210091,clarb107,BLS,1,2,value,27,2,0,0,0,0,0,,,,1,19321009,1,BAL14,h,ASB,0,1,0,exhibition,y,
BLS193210091,mcdow101,BLS,1,1,value,1,0,1,0,0,0,,,,,1,19321009,1,BAL14,h,ASB,0,1,0,exhibition,y,
BLS193210091,willr105,BLS,1,1,value,23,0,4,0,0,0,,,,,,19321009,1,BAL14,h,ASB,0,1,0,exhibition,y,
BLS193210091,trent101,BLS,1,1,value,3,0,0,0,0,0,,,,,,19321009,1,BAL14,h,ASB,0,1,0,exhibition,y,
BLS193210161,powej106,ASB,1,8,value,24,2,0,0,0,0,,,,,1,19321016,1,BAL14,v,BLS,0,1,0,exhibition,y,
BLS193210161,heffd101,ASB,1,6,value,24,2,3,0,1,0,,,,,1,19321016,1,BAL14,v,BLS,0,1,0,exhibition,y,
BLS193210161,belll101,ASB,1,5,value,24,1,5,0,0,0,,,,,1,19321016,1,BAL14,v,BLS,0,1,0,exhibition,y,
BLS193210161,arleb101,ASB,1,3,value,24,10,1,0,2,0,,,,,1,19321016,1,BAL14,v,BLS,0,1,0,exhibition,y,
BLS193210161,phelb101,ASB,1,9,value,24,1,0,0,0,0,,,,,1,19321016,1,BAL14,v,BLS,0,1,0,exhibition,y,
BLS193210161,hohmb101,ASB,1,7,value,24,1,0,0,0,0,,,,,1,19321016,1,BAL14,v,BLS,0,1,0,exhibition,y,
BLS193210161,spoha101,ASB,1,2,value,24,5,0,0,0,0,0,,,,1,19321016,1,BAL14,v,BLS,0,1,0,exhibition,y,
BLS193210161,lystj101,ASB,1,4,value,24,2,2,0,1,0,,,,,1,19321016,1,BAL14,v,BLS,0,1,0,exhibition,y,
BLS193210161,franf101,ASB,1,1,value,24,0,0,0,0,0,,,,,1,19321016,1,BAL14,v,BLS,0,1,0,exhibition,y,
BLS193210161,washp101,BLS,1,8,value,27,1,0,0,0,0,,,,,1,19321016,1,BAL14,h,ASB,1,0,0,exhibition,y,
BLS193210161,seayd101,BLS,1,4,value,27,1,1,0,0,0,,,,,1,19321016,1,BAL14,h,ASB,1,0,0,exhibition,y,
BLS193210161,wilsj106,BLS,1,7,value,27,0,0,0,0,0,,,,,1,19321016,1,BAL14,h,ASB,1,0,0,exhibition,y,
BLS193210161,suttm101,BLS,1,3,value,27,9,0,0,0,0,,,,,1,19321016,1,BAL14,h,ASB,1,0,0,exhibition,y,
BLS193210161,finlt101,BLS,1,5,value,27,3,0,0,0,0,,,,,1,19321016,1,BAL14,h,ASB,1,0,0,exhibition,y,
BLS193210161,whitc103,BLS,1,9,value,27,0,0,0,0,0,,,,,1,19321016,1,BAL14,h,ASB,1,0,0,exhibition,y,
BLS193210161,lundd103,BLS,1,6,value,27,1,3,1,0,0,,,,,1,19321016,1,BAL14,h,ASB,1,0,0,exhibition,y,
BLS193210161,clarb107,BLS,1,2,value,27,11,0,0,0,0,0,,,,1,19321016,1,BAL14,h,ASB,1,0,0,exhibition,y,
BLS193210161,trent101,BLS,1,1,value,27,1,2,0,0,0,,,,,1,19321016,1,BAL14,h,ASB,1,0,0,exhibition,y,
BLS193210230,powej106,ASB,1,8,value,24,2,0,1,0,0,,,,,1,19321023,0,BAL14,v,BLS,0,1,0,exhibition,y,
BLS193210230,graes101,ASB,1,6,value,24,1,3,0,0,0,,,,,1,19321023,0,BAL14,v,BLS,0,1,0,exhibition,y,
BLS193210230,belll101,ASB,1,5,value,24,1,0,1,0,0,,,,,1,19321023,0,BAL14,v,BLS,0,1,0,exhibition,y,
BLS193210230,arleb101,ASB,1,3,value,24,9,0,0,0,0,,,,,1,19321023,0,BAL14,v,BLS,0,1,0,exhibition,y,
BLS193210230,phelb101,ASB,1,9,value,24,3,0,0,0,0,,,,,1,19321023,0,BAL14,v,BLS,0,1,0,exhibition,y,
BLS193210230,clars102,ASB,1,7,value,24,1,0,0,0,0,,,,,1,19321023,0,BAL14,v,BLS,0,1,0,exhibition,y,
BLS193210230,heffd101,ASB,1,4,value,24,3,3,0,0,0,,,,,1,19321023,0,BAL14,v,BLS,0,1,0,exhibition,y,
BLS193210230,spoha101,ASB,1,2,value,24,4,2,1,0,0,0,,,,1,19321023,0,BAL14,v,BLS,0,1,0,exhibition,y,
BLS193210230,franf101,ASB,1,1,value,24,0,2,0,0,0,,,,,1,19321023,0,BAL14,v,BLS,0,1,0,exhibition,y,
BLS193210230,washp101,BLS,1,8,value,27,3,0,0,0,0,,,,,1,19321023,0,BAL14,h,ASB,1,0,0,exhibition,y,
BLS193210230,seayd101,BLS,1,4,value,27,2,2,0,1,0,,,,,1,19321023,0,BAL14,h,ASB,1,0,0,exhibition,y,
BLS193210230,whitc103,BLS,1,7,value,27,2,0,0,0,0,,,,,1,19321023,0,BAL14,h,ASB,1,0,0,exhibition,y,
BLS193210230,finlt101,BLS,1,5,value,27,1,2,0,0,0,,,,,1,19321023,0,BAL14,h,ASB,1,0,0,exhibition,y,
BLS193210230,dalle101,BLS,1,3,value,27,10,0,0,2,0,,,,,1,19321023,0,BAL14,h,ASB,1,0,0,exhibition,y,
BLS193210230,lundd103,BLS,1,6,value,27,3,1,0,1,0,,,,,1,19321023,0,BAL14,h,ASB,1,0,0,exhibition,y,
BLS193210230,casem101,BLS,1,2,value,27,4,0,0,0,0,0,,,,1,19321023,0,BAL14,h,ASB,1,0,0,exhibition,y,
BLS193210230,burbb102,BLS,1,9,value,27,1,1,0,0,0,,,,,1,19321023,0,BAL14,h,ASB,1,0,0,exhibition,y,
BLS193210230,willr105,BLS,1,1,value,27,1,3,0,0,0,,,,,1,19321023,0,BAL14,h,ASB,1,0,0,exhibition,y,
