gid,id,team,b_lp,b_seq,stattype,b_pa,b_ab,b_r,b_h,b_d,b_t,b_hr,b_rbi,b_sh,b_sf,b_hbp,b_w,b_iw,b_k,b_sb,b_cs,b_gdp,b_xi,b_roe,dh,ph,pr,date,number,site,vishome,opp,win,loss,tie,gametype,box,pbp
CAG193310050,lamee101,SHV,1,1,value,4,3,0,0,0,0,0,,0,,0,1,,,0,,,,,,,,19331005,0,CIN07,v,CAG,0,1,0,exhibition,y,
CAG193310050,cliff101,SHV,2,1,value,4,4,0,0,0,0,0,,0,,0,0,,,0,,,,,,,,19331005,0,CIN07,v,CAG,0,1,0,exhibition,y,
CAG193310050,boylb101,SHV,3,1,value,4,2,0,2,1,0,0,,0,,0,2,,,0,,,,,,,,19331005,0,CIN07,v,CAG,0,1,0,exhibition,y,
CAG193310050,allee101,SHV,4,1,value,4,4,0,0,0,0,0,,0,,0,0,,,0,,,,,,,,19331005,0,CIN07,v,CAG,0,1,0,exhibition,y,
CAG193310050,shevj101,SHV,5,1,value,4,4,0,2,0,0,0,,0,,0,0,,,0,,,,,,,,19331005,0,CIN07,v,CAG,0,1,0,exhibition,y,
CAG193310050,durol101,SHV,6,1,value,4,3,0,0,0,0,0,,0,,0,1,,,0,,,,,,,,19331005,0,CIN07,v,CAG,0,1,0,exhibition,y,
CAG193310050,hughr101,SHV,7,1,value,4,4,0,1,0,1,0,,0,,0,0,,,0,,,,,,,,19331005,0,CIN07,v,CAG,0,1,0,exhibition,y,
CAG193310050,prosh101,SHV,8,1,value,4,3,0,0,0,0,0,,0,,0,1,,,0,,,,,,,,19331005,0,CIN07,v,CAG,0,1,0,exhibition,y,
CAG193310050,weavj101,SHV,9,1,value,3,3,0,0,0,0,0,,0,,0,0,,,0,,,,,,,,19331005,0,CIN07,v,CAG,0,1,0,exhibition,y,
CAG193310050,steat101,CAG,1,1,value,4,4,0,0,0,0,0,,0,,0,0,,,0,,,,,,,,19331005,0,CIN07,h,SHV,1,0,0,exhibition,y,
CAG193310050,wellw101,CAG,2,1,value,4,4,1,2,0,0,1,,0,,0,0,,,0,,,,,,,,19331005,0,CIN07,h,SHV,1,0,0,exhibition,y,
CAG193310050,davis103,CAG,3,1,value,4,4,0,1,1,0,0,,0,,0,0,,,0,,,,,,,,19331005,0,CIN07,h,SHV,1,0,0,exhibition,y,
CAG193310050,rogen101,CAG,4,1,value,4,4,0,0,0,0,0,,0,,0,0,,,0,,,,,,,,19331005,0,CIN07,h,SHV,1,0,0,exhibition,y,
CAG193310050,radca101,CAG,5,1,value,4,3,1,2,0,0,0,,0,,0,1,,,0,,,,,,,,19331005,0,CIN07,h,SHV,1,0,0,exhibition,y,
CAG193310050,suttm101,CAG,6,1,value,4,4,1,3,1,1,0,,0,,0,0,,,0,,,,,,,,19331005,0,CIN07,h,SHV,1,0,0,exhibition,y,
CAG193310050,marsj104,CAG,7,1,value,3,3,0,0,0,0,0,,0,,0,0,,,0,,,,,,,,19331005,0,CIN07,h,SHV,1,0,0,exhibition,y,
CAG193310050,browl107,CAG,8,1,value,3,2,0,1,0,0,0,,1,,0,0,,,0,,,,,,,,19331005,0,CIN07,h,SHV,1,0,0,exhibition,y,
CAG193310050,powem104,CAG,9,1,value,3,3,0,1,0,0,0,,0,,0,0,,,0,,,,,,,,19331005,0,CIN07,h,SHV,1,0,0,exhibition,y,
