gid,id,team,b_lp,b_seq,stattype,b_pa,b_ab,b_r,b_h,b_d,b_t,b_hr,b_rbi,b_sh,b_sf,b_hbp,b_w,b_iw,b_k,b_sb,b_cs,b_gdp,b_xi,b_roe,dh,ph,pr,date,number,site,vishome,opp,win,loss,tie,gametype,box,pbp,eject
NYL192007111,medel101,ACY,,,value,,,,1,,1,,1,,,,,,,,,,,,,,,19200711,1,NYC15,v,NYL,1,0,0,exhibition,,,
NYL192007111,medel101,ACY,,,lower,,1,,1,,1,,1,,,,,,,,,,,,,,,19200711,1,NYC15,v,NYL,1,0,0,exhibition,,,
ACY192008291,medel101,ACY,7,1,value,4,4,1,1,0,0,0,,0,,0,0,0,,0,,,0,,,,,19200829,1,NYC15,h,NYL,1,0,0,exhibition,y,,
ACY192008292,medel101,ACY,7,1,value,4,4,0,1,0,0,0,,0,,0,0,0,,1,,,0,,,,,19200829,2,NYC15,h,NYL,1,0,0,exhibition,y,,
