gid,visteam,hometeam,site,date,number,starttime,daynight,innings,tiebreaker,usedh,htbf,timeofgame,attendance,fieldcond,precip,sky,temp,winddir,windspeed,oscorer,forfeit,suspend,umphome,ump1b,ump2b,ump3b,umplf,umprf,wp,lp,save,gametype,vruns,hruns,wteam,lteam,line,batteries,lineups,box,pbp,season
NY5193505110,CUS,NY5,PAT01,19350511,0,,day,,,false,,130,2000,unknown,unknown,unknown,0,unknown,-1,,,,harru902,pohlu901,(none),brutu901,,,mcdut101,martf104,,exhibition,8,11,NY5,CUS,y,both,y,y,d,1935
NY5193506150,CUS,NY5,PAT01,19350615,0,,day,,,false,,0,0,unknown,unknown,unknown,0,unknown,-1,,,,pohlu901,brutu901,(none),harru902,,,sardj101,rectc101,,exhibition,12,0,CUS,NY5,y,both,y,y,d,1935
NY6193508290,NSH,NY6,PAT01,19350829,0,,night,,,false,,120,3000,unknown,unknown,unknown,0,unknown,-1,,,,pohlu901,brutu901,(none),harru902,,,thoms105,blakf101,,regular,4,2,NSH,NY6,y,both,y,y,d,1935
NY5193508310,NSH,NY5,PAT01,19350831,0,,night,,,false,,0,0,unknown,unknown,unknown,0,unknown,-1,,,,pohlu901,harru902,(none),brutu901,,,porta103,mcheh101,,exhibition,7,5,NSH,NY5,y,both,y,y,d,1935
NY6193509071,PTC,NY6,PAT01,19350907,1,,day,,,false,,150,5000,unknown,unknown,unknown,0,unknown,-1,,,,brutu901,pohlu901,(none),harru902,,,blakf101,kinch101,,exhibition,3,9,NY6,PTC,y,both,y,y,d,1935
NY5193509140,NSH,NY5,PAT01,19350914,0,,day,,,false,,0,0,unknown,unknown,unknown,0,unknown,-1,,,,pohlu901,brutu901,(none),harru902,,,hollb106,thoms105,,exhibition,6,7,NY5,NSH,y,both,y,y,d,1935
NY6193605090,PTC,NY6,PAT01,19360509,0,,day,,,false,,0,2000,unknown,unknown,unknown,0,unknown,-1,,,,gansj101,taggu901,,,,,matll101,stann101,harvb101,regular,19,6,PTC,NY6,y,both,y,y,d,1936
NY6193605160,HOM,NY6,PAT01,19360516,0,,day,,,false,,150,1700,unknown,unknown,unknown,0,unknown,-1,,,,harrm103,taggu901,,,,,waita101,tianl102,gisew101,regular,5,3,HOM,NY6,y,both,y,y,d,1936
NY6193605300,WEG,NY6,PAT01,19360530,0,,day,,,false,,0,2500,unknown,unknown,unknown,0,unknown,-1,,,,,,,,,,willj117,taylj108,grifb102,regular,9,8,WEG,NY6,y,both,y,y,d,1936
NY6193606060,NW2,NY6,PAT01,19360606,0,,day,,,false,,0,0,unknown,unknown,unknown,0,unknown,-1,,,,,,,,,,dihim101,evanb105,,regular,5,12,NY6,NW2,y,both,y,y,d,1936
NY6193606200,PH6,NY6,PAT01,19360620,0,,day,,,false,,0,0,unknown,unknown,unknown,0,unknown,-1,,,,browu901,,,,,,dihim101,reynj102,,exhibition,6,7,NY6,PH6,y,both,y,y,d,1936
NY6193606270,PTC,NY6,PAT01,19360627,0,,day,,,false,,0,0,unknown,unknown,unknown,0,unknown,-1,,,,,,,,,,kinch101,brewc102,,regular,4,3,PTC,NY6,y,both,y,y,d,1936
NY6193607180,NW2,NY6,PAT01,19360718,0,,day,,,false,,150,0,unknown,unknown,unknown,0,unknown,-1,,,,harrm103,devoj102,,,,,day-l101,brewc102,,regular,8,0,NW2,NY6,y,both,y,y,d,1936
NY6193607250,BRG,NY6,PAT01,19360725,0,,day,,,false,,0,1400,unknown,unknown,unknown,0,unknown,-1,,,,,,,,,,salal101,staro101,,exhibition,2,7,NY6,BRG,y,both,y,y,d,1936
NY6193608010,HOM,NY6,PAT01,19360801,0,,day,,,false,,150,0,unknown,unknown,unknown,0,unknown,-1,,,,turnu901,devoj102,,,,,dihim101,welmr101,,regular,5,6,NY6,HOM,y,both,y,y,d,1936
NY6193608080,PTC,NY6,PAT01,19360808,0,,day,,,false,,0,0,unknown,unknown,unknown,0,unknown,-1,,,,craij901,devoj102,,,,,matll101,stann101,,regular,4,3,PTC,NY6,y,both,y,y,d,1936
NY6193608150,NW2,NY6,PAT01,19360815,0,,day,,,false,,0,0,unknown,unknown,unknown,0,unknown,-1,,,,craij901,devoj102,,,,,dihim101,day-l101,,regular,1,7,NY6,NW2,y,both,y,y,d,1936
NY6193608220,PH6,NY6,PAT01,19360822,0,,day,,,false,,0,1000,unknown,unknown,unknown,0,unknown,-1,,,,,,,,,,salal101,buchc101,,exhibition,2,8,NY6,PH6,y,both,y,y,d,1936
NY6193609120,CUS,NY6,PAT01,19360912,0,,day,,,false,,0,0,unknown,unknown,unknown,0,unknown,-1,,,,,,,,,,brewc102,diazh101,,exhibition,4,5,NY6,CUS,y,both,y,y,d,1936
NW2193705150,HOM,NW2,PAT01,19370515,0,,day,,,false,,0,1000,unknown,unknown,unknown,0,unknown,-1,,,,cockp101,craij901,,,,,parkt101,mcdut101,,regular,10,3,HOM,NW2,y,both,y,y,d,1937
WEG193705220,PTC,WEG,PAT01,19370522,0,,day,,,false,,150,0,unknown,unknown,unknown,0,unknown,-1,,,,forbf901,washu901,,,,,direj101,morrb104,willw105,regular,1,2,WEG,PTC,y,both,y,y,d,1937
NY5193705290,NW2,NY5,PAT01,19370529,0,,day,,,false,,0,0,unknown,unknown,unknown,0,unknown,-1,,,,,,,,,,bellw101,browb107,,regular,7,6,NW2,NY5,y,both,y,y,d,1937
NW2193706050,WEG,NW2,PAT01,19370605,0,,day,,,false,,0,0,unknown,unknown,unknown,0,unknown,-1,,,,,,,,,,mcdut101,direj101,,regular,7,8,NW2,WEG,y,both,y,y,d,1937
NY5193706190,HOM,NY5,PAT01,19370619,0,,day,,,false,,0,0,unknown,rain,unknown,0,unknown,-1,,,,turnc101,harrm103,,,,,dulal101,kinch101,,regular,6,2,HOM,NY5,y,both,y,y,d,1937
NY5193706260,WEG,NY5,PAT01,19370626,0,,day,,,false,,0,0,unknown,unknown,unknown,0,unknown,-1,,,,brucu902,cockp101,,,,,browb107,glovt101,,regular,3,4,NY5,WEG,y,both,y,y,d,1937
NY5193707030,NW2,NY5,PAT01,19370703,0,,day,,,false,,0,0,unknown,unknown,cloudy,0,unknown,-1,,,,brucu902,cockp101,,,,,evanb105,stann101,,regular,14,3,NW2,NY5,y,both,y,y,d,1937
NW2193707100,WEG,NW2,PAT01,19370710,0,,day,,,false,,0,0,unknown,unknown,unknown,0,unknown,-1,,,,brutu901,musku901,,,,,evanb105,direj101,gainj102,regular,9,15,NW2,WEG,y,both,y,y,d,1937
NW2193707170,PTC,NW2,PAT01,19370717,0,,day,,,false,,0,0,unknown,unknown,unknown,0,unknown,-1,,,,forbf901,crumj101,,,,,day-l101,cainm101,gainj102,regular,5,13,NW2,PTC,y,both,y,y,d,1937
NY5193707240,PTC,NY5,PAT01,19370724,0,,day,,,false,,0,0,unknown,unknown,unknown,0,unknown,-1,,,,turnc101,harrm103,,,,,smitt105,kinch101,,regular,15,8,PTC,NY5,y,both,y,y,d,1937
NY5193707310,NW2,NY5,PAT01,19370731,0,,day,,,false,,180,0,unknown,unknown,unknown,0,unknown,-1,,,,,,,,,,,,,regular,5,5,,,y,both,y,y,d,1937
NW2193708140,HOM,NW2,PAT01,19370814,0,,day,,,,,,,,,,,,,,,,forbf901,craij901,,,,,parkt101,gainj102,browr103,regular,21,11,HOM,NW2,y,both,y,y,,1937
NW2193708210,NY5,NW2,PAT01,19370821,0,,day,,,false,,135,0,unknown,unknown,unknown,0,unknown,-1,,,,craij901,forbf901,(none),brucu902,,,evanb105,willr106,,regular,3,7,NW2,NY5,y,both,y,y,d,1937
NY5193708280,CUS,NY5,PAT01,19370828,0,,day,,,false,,0,0,unknown,unknown,unknown,0,unknown,-1,,,,,,,,,,fortu101,rectc101,,exhibition,6,4,CUS,NY5,y,both,y,y,d,1937
NY5193805280,BLG,NY5,PAT01,19380528,0,,day,,,false,,0,0,unknown,unknown,unknown,0,unknown,-1,,,,crumj101,forbf901,,,,,stann101,willw105,,regular,2,6,NY5,BLG,y,both,y,y,d,1938
NY5193806250,NW2,NY5,PAT01,19380625,0,,day,,,false,,0,0,unknown,unknown,unknown,0,unknown,-1,,,,forbf901,mccrf901,,,,,evanb105,rectc101,,regular,11,6,NW2,NY5,y,both,y,y,d,1938
NY5193807020,BLG,NY5,PAT01,19380702,0,,day,,,false,,0,0,unknown,unknown,unknown,0,unknown,-1,,,,forbf901,wateu901,,,,,porta103,stann101,,regular,13,4,BLG,NY5,y,both,y,y,d,1938
NY5193807090,PTC,NY5,PAT01,19380709,0,,day,,,false,,0,0,unknown,unknown,unknown,0,unknown,-1,,,,mccrf901,forbf901,,,,,harvb101,wiggr101,,regular,11,1,PTC,NY5,y,both,y,y,d,1938
NY5194006140,PH5,NY5,PAT01,19400614,0,,night,,,,,,,,,,,,,,,,hansu901,,moorc901,,,,barbb102,johnt106,,regular,4,5,NY5,PH5,y,both,y,y,,1940
NW2194107120,BLG,NW2,PAT01,19410712,0,,day,,,,,,,,,,,,,,,,turnc101,mooru901,,,,,adame101,day-l101,,regular,3,0,BLG,NW2,y,both,y,y,,1941
NW2194108020,NY5,NW2,PAT01,19410802,0,,day,,,,,,,,,,,,,,,,,,,,,,evanb105,hookl101,,regular,12,8,NY5,NW2,y,both,y,y,,1941
NW2194108090,NY6,NW2,PAT01,19410809,0,,day,,,,,,,,,,,,,,,,turnc101,,mooru901,,,,bernp101,mannm101,,regular,12,6,NY6,NW2,y,both,y,y,,1941
NY5194205160,NY6,NY5,PAT01,19420516,0,,,,,,,,,,,,,,,,,,mooru901,turnu901,,,,,andeb106,evanb105,cruem101,regular,8,7,NY6,NY5,y,both,y,y,,1942
NY5194205230,HOM,NY5,PAT01,19420523,0,,day,,,,,,,,,,,,,,,,mccrf901,mooru901,,,,,hamij104,boonl102,,regular,10,2,HOM,NY5,y,both,y,y,,1942
NW2194305290,NY5,NW2,PAT01,19430529,0,,day,,,,,,,,,,,,,,,,,,,,,,elamj101,adame101,,regular,5,14,NW2,NY5,y,both,y,y,,1943
