gid,id,team,d_seq,d_pos,stattype,d_ifouts,d_po,d_a,d_e,d_dp,d_tp,d_pb,d_wp,d_sb,d_cs,d_gs,date,number,site,vishome,opp,win,loss,tie,gametype,box,pbp,eject
MEM194005051,warrj101,MEM,1,4,value,27,1,,0,0,0,,,,,1,19400505,1,MEM02,h,CAG,1,0,0,exhibition,y,,
MEM194005081,warrj101,MEM,1,5,value,27,0,,0,0,0,,,,,1,19400508,1,NOL01,h,CAG,1,0,0,exhibition,y,,
KCM194005230,warrj101,MEM,1,5,value,24,0,6,0,0,0,,,,,1,19400523,0,OKC01,v,KCM,0,1,0,regular,y,,
KCM194005240,warrj101,MEM,1,5,value,24,0,,1,0,0,,,,,1,19400524,0,WIC01,v,KCM,0,1,0,regular,y,,
BIR194006022,warrj101,MEM,1,4,value,21,2,4,0,0,0,,,,,1,19400602,2,BIR01,v,BIR,1,0,0,regular,y,,
MEM194006100,warrj101,MEM,1,5,value,,0,0,0,0,0,,,,,,19400610,0,MEM02,h,BIR,0,1,0,regular,y,,
MEM194006210,warrj101,MEM,1,5,value,27,3,1,1,0,0,,,,,1,19400621,0,NOL01,h,SNO,0,1,0,regular,y,,
MEM194006231,warrj101,MEM,1,5,value,27,1,2,0,0,0,,,,,1,19400623,1,MEM02,h,SNO,0,1,0,regular,y,,
MEM194006232,warrj101,MEM,1,5,value,21,0,0,0,0,0,,,,,1,19400623,2,MEM02,h,SNO,0,1,0,regular,y,,
KCM194008140,warrj101,KCM,1,5,value,27,0,0,1,0,0,,,,,1,19400814,0,SHW01,h,IN8,1,0,0,regular,y,,
KCM194008181,warrj101,KCM,1,5,value,27,1,1,0,0,0,,,,,1,19400818,1,KAN05,h,IN8,1,0,0,regular,y,,
KCM194008182,warrj101,KCM,1,5,value,21,1,3,0,1,0,,,,,1,19400818,2,KAN05,h,IN8,1,0,0,regular,y,,
SNO194104130,warrj101,SNO,1,5,value,27,0,4,0,0,0,,,,,1,19410413,0,MNL01,h,CAG,0,1,0,exhibition,y,,
SNO194104201,warrj101,SNO,1,5,value,27,0,1,1,0,0,,,,,1,19410420,1,NOL01,h,BLG,0,1,0,exhibition,y,,
SNO194104202,warrj101,SNO,1,5,value,18,3,1,0,0,0,,,,,1,19410420,2,NOL01,h,BLG,0,1,0,exhibition,y,,
SNO194105111,warrj101,SNO,1,7,value,,0,0,0,0,0,,,,,,19410511,1,NOL01,h,JAX,0,1,0,regular,y,,
SNO194105130,warrj101,SNO,1,8,value,,1,1,0,0,0,,,,,1,19410513,0,NOL01,h,JAX,0,1,0,regular,y,,
CAG194105251,warrj101,SNO,1,7,value,24,0,0,0,0,0,,,,,1,19410525,1,CHI10,v,CAG,0,1,0,regular,y,,
CAG194105252,warrj101,SNO,1,7,value,,0,0,0,0,0,,,,,1,19410525,2,CHI10,v,CAG,1,0,0,regular,y,,
SNO194106270,warrj101,SNO,1,5,value,27,,,0,0,0,,,,,1,19410627,0,BEL01,h,NY5,1,0,0,exhibition,y,,
BIR194107061,warrj101,SNO,1,5,value,27,1,1,0,0,0,,,,,1,19410706,1,BIR01,v,BIR,1,0,0,regular,y,,
CAG194107132,warrj101,SNO,1,5,value,21,,,0,0,0,,,,,1,19410713,2,MIL03,v,CAG,1,0,0,regular,y,,
SNO194107201,warrj101,SNO,1,5,value,27,3,3,0,0,0,,,,,1,19410720,1,CIN07,h,CAG,1,0,0,regular,y,,
SNO194107202,warrj101,SNO,1,5,value,27,0,1,0,0,0,,,,,1,19410720,2,CIN07,h,MEM,0,1,0,regular,y,,
NW2194107271,warrj101,SNO,1,5,value,24,,,1,0,0,,,,,1,19410727,1,NWK04,v,NW2,0,1,0,exhibition,y,,
NW2194107272,warrj101,SNO,1,5,value,18,,,0,0,0,,,,,1,19410727,2,NWK04,v,NW2,0,1,0,exhibition,y,,
SNO194108031,warrj101,SNO,1,5,value,27,2,2,0,0,0,,,,,1,19410803,1,CLE06,h,KCM,0,1,0,regular,y,,
SNO194108032,warrj101,SNO,1,5,value,21,1,0,0,0,0,,,,,1,19410803,2,CLE06,h,KCM,0,1,0,regular,y,,
SNO194108110,warrj101,SNO,1,5,value,27,0,2,1,0,0,,,,,1,19410811,0,BEL01,h,KCM,0,1,0,regular,y,,
KCM194108120,warrj101,SNO,1,5,value,27,3,2,0,0,0,,,,,1,19410812,0,DAV01,v,KCM,1,0,0,regular,y,,
SNO194108130,warrj101,SNO,1,5,value,27,,,0,0,0,,,,,1,19410813,0,HAM01,h,BLG,0,1,0,exhibition,y,,
BIR194108241,warrj101,SNO,1,5,value,24,1,2,0,0,0,,,,,1,19410824,1,BIR01,v,BIR,0,1,0,regular,y,,
BIR194108242,warrj101,SNO,1,5,value,18,,,0,0,0,0,,,,1,19410824,2,BIR01,v,BIR,0,1,0,regular,,,
BIR194204160,warrj101,BIR,1,6,value,27,,,0,0,0,,,,,1,19420416,0,BIR01,h,CAG,1,0,0,exhibition,y,,
BIR194204191,warrj101,BIR,1,7,value,27,,,0,0,0,,,,,1,19420419,1,BIR01,h,KCM,1,0,0,exhibition,y,,
BIR194205101,warrj101,BIR,1,7,value,27,3,1,0,0,0,,,,,1,19420510,1,BIR01,h,JAX,1,0,0,regular,y,,
BIR194205102,warrj101,BIR,1,7,value,21,1,0,0,0,0,,,,,1,19420510,2,BIR01,h,JAX,0,1,0,regular,y,,
BIR194205171,warrj101,BIR,1,7,value,27,2,0,0,0,0,,,,,1,19420517,1,BIR01,h,CAG,0,1,0,regular,y,,
BIR194205172,warrj101,BIR,1,7,value,21,1,0,0,0,0,,,,,1,19420517,2,BIR01,h,CAG,1,0,0,regular,y,,
BIR194205300,warrj101,BIR,1,3,value,27,9,0,1,0,0,,,,,1,19420530,0,STL07,h,NY5,0,1,0,regular,y,,
KCM194205311,warrj101,BIR,1,7,value,24,1,0,0,0,0,,,,,1,19420531,1,KAN05,v,KCM,0,1,0,regular,y,,
BIR194206071,warrj101,BIR,1,7,value,27,2,0,0,0,0,,,,,1,19420607,1,BIR01,h,KCM,1,0,0,regular,y,,
BIR194206072,warrj101,BIR,1,7,value,18,0,0,0,0,0,,,,,1,19420607,2,BIR01,h,KCM,0,1,0,regular,y,,
CAG194209071,warrj101,BIR,1,3,value,27,14,0,0,3,0,,,,,1,19420907,1,KAN05,v,CAG,1,0,0,regular,y,,
MEM194604140,warrj101,MEM,1,1,value,,,,0,,0,0,,,,,19460414,0,LRK02,h,CAG,0,1,0,exhibition,,,
MEM194706120,warrj101,CAG,1,4,value,27,2,4,1,1,0,,,,,1,19470612,0,OKC02,v,MEM,1,0,0,regular,y,,
CAG194706151,warrj101,CAG,1,4,value,27,2,4,0,0,0,,,,,1,19470615,1,CHI10,h,IN9,1,0,0,regular,y,,
CAG194706221,warrj101,CAG,1,4,value,27,1,0,0,0,0,,,,,1,19470622,1,CHI10,h,BIR,0,1,0,regular,y,,
CAG194706291,warrj101,CAG,,4,value,,,,,,,,,,,,19470629,1,CHI10,h,MEM,0,1,0,regular,,,
CAG194706291,warrj101,CAG,,4,lower,,,,1,,,,,,,,19470629,1,CHI10,h,MEM,0,1,0,regular,,,
CAG194707020,warrj101,CAG,1,6,value,27,,,0,0,0,,,,,1,19470702,0,BHM01,h,MEM,0,1,0,regular,y,,
KCM194707202,warrj101,CAG,1,1,value,,,,0,,0,0,,,,,19470720,2,CIN07,v,KCM,0,1,0,regular,,,
CAG194707280,warrj101,CAG,1,4,value,,0,1,0,0,0,0,0,0,,,19470728,0,STC01,h,KCM,0,1,0,regular,y,,
CAG194707300,warrj101,CAG,1,4,value,,0,2,0,0,0,0,0,0,,,19470730,0,DES02,h,KCM,0,1,0,regular,y,,
CAG194708140,warrj101,CAG,1,1,value,18,,,0,,0,0,,,,,19470814,0,SYR04,h,CVB,0,1,0,regular,,,
PH5194708160,warrj101,CAG,1,1,value,9,0,0,0,0,0,,,,,,19470816,0,WIL04,v,PH5,1,0,0,exhibition,y,,
BLG194708241,warrj101,CAG,1,1,value,11,0,3,0,1,0,0,0,,,,19470824,1,BAL14,v,BLG,0,1,0,exhibition,y,,
CAG194708290,warrj101,CAG,1,1,value,3,,,0,,0,0,,,,,19470829,0,CHI10,h,MEM,0,1,0,regular,,,
CAG194708312,warrj101,CAG,1,1,value,,,,0,,0,0,,,,,19470831,2,CHI10,h,IN9,1,0,0,regular,,,
CAG194709141,warrj101,CAG,1,1,value,21,,,0,,0,0,,,,,19470914,1,CHI10,h,BIR,1,0,0,regular,,,
