gid,id,team,p_seq,stattype,p_ipouts,p_noout,p_bfp,p_h,p_d,p_t,p_hr,p_r,p_er,p_w,p_iw,p_k,p_hbp,p_wp,p_bk,p_sh,p_sf,p_sb,p_cs,p_pb,wp,lp,save,p_gs,p_gf,p_cg,date,number,site,vishome,opp,win,loss,tie,gametype,box,pbp,eject
NY6193508252,salal101,NY6,3,value,6,,9,3,,0,0,1,1,0,0,2,0,0,0,,,,,,,,,,1,,19350825,2,NYC25,h,BRN,0,1,0,regular,y,,
NY6193605090,salal101,NY6,3,value,6,0,9,2,0,0,0,1,0,1,0,0,0,0,0,0,0,1,0,0,,,,,1,,19360509,0,PAT01,h,PTC,0,1,0,regular,y,d,
NY6193605160,salal101,NY6,2,value,6,0,9,1,0,0,0,0,0,1,0,,0,0,0,0,0,0,0,0,,,,,1,,19360516,0,PAT01,h,HOM,0,1,0,regular,y,d,
NY6193605172,salal101,NY6,1,value,13,,20,6,,0,2,6,,1,,6,,,,,,0,,,,,,,,,19360517,2,NYC25,h,HOM,0,0,1,regular,y,,
NY6193607250,salal101,NY6,1,value,27,0,39,9,1,0,1,2,2,2,0,6,1,0,0,0,0,2,0,0,1,,,1,,1,19360725,0,PAT01,h,BRG,1,0,0,exhibition,y,d,
NY6193608100,salal101,NY6,1,value,27,0,35,6,1,1,0,3,1,2,0,9,0,0,0,2,0,2,1,0,,1,,1,,1,19360810,0,HAR02,h,PTC,0,1,0,exhibition,y,d,
NY6193608220,salal101,NY6,1,value,27,0,36,8,1,0,0,2,1,3,0,7,0,0,0,0,0,2,0,1,1,,,1,,1,19360822,0,PAT01,h,PH6,1,0,0,exhibition,y,d,
