gid,id,team,b_lp,b_seq,stattype,b_pa,b_ab,b_r,b_h,b_d,b_t,b_hr,b_rbi,b_sh,b_sf,b_hbp,b_w,b_iw,b_k,b_sb,b_cs,b_gdp,b_xi,b_roe,dh,ph,pr,date,number,site,vishome,opp,win,loss,tie,gametype,box,pbp,eject
MEM194404161,pearf104,CAG,,3,value,,,,,,,,,,,,,,,,,,,,,,,19440416,1,DAL01,v,MEM,0,1,0,exhibition,,,
MEM194506110,pearf104,MEM,,,value,,,,,,,,,,,,,,,,,,,,,,,19450611,0,FTW01,h,CVB,0,1,0,regular,,,
MEM194506150,pearf104,MEM,,,value,,,,,,,,,,,,,,,,,,,,,,,19450615,0,MEM02,h,CVB,0,1,0,regular,,,
CIA194506230,pearf104,MEM,,1,value,,,,,,,,,,,,,,,,,,,,,,,19450623,0,COL05,v,CIA,0,1,0,regular,,,
CIA194506242,pearf104,MEM,,2,value,,,,,,,,,,,,,,,,,,,,,,,19450624,2,IND10,v,CIA,0,1,0,regular,,,
BIR194507030,pearf104,MEM,,1,value,,,,,,,,,,,,,,,,,,,,,,,19450703,0,BIR01,v,BIR,0,1,0,regular,,,
MEM194507041,pearf104,MEM,,,value,,,,,,,,,,,,,,,,,,,,,,,19450704,1,MEM03,h,BIR,0,1,0,regular,,,
CAG194507151,pearf104,MEM,9,2,value,0,0,0,0,0,0,0,,0,,0,0,0,,0,,,0,,,,,19450715,1,CHI10,v,CAG,0,1,0,regular,y,,
CAG194507170,pearf104,MEM,9,1,value,3,3,0,0,0,0,0,0,0,,0,0,0,,0,,,0,,,,,19450717,0,GBW01,v,CAG,0,1,0,regular,y,,
CAG194507200,pearf104,MEM,,2,value,,,,,,,,,,,,,,,,,,,,,,,19450720,0,DAY03,v,CAG,0,0,1,regular,,,
MEM194507221,pearf104,MEM,9,1,value,3,3,0,0,0,0,0,0,0,,0,0,0,,0,,,0,,,,,19450722,1,DET04,h,KCM,0,1,0,regular,y,,
MEM194508010,pearf104,MEM,,1,value,,,,,,,,,,,,,,,,,,,,,,,19450801,0,HOU04,h,CIA,0,1,0,regular,,,
NY5194508130,pearf104,MEM,9,1,value,4,4,0,2,0,0,0,0,0,,0,0,0,,0,,,0,,,,,19450813,0,NYC23,v,NY5,1,0,0,exhibition,y,,
BLG194508191,pearf104,MEM,,2,value,,,0,,,,,0,,,,,,,,,,,,,,,19450819,1,NYC16,v,BLG,0,1,0,exhibition,,,
CAG194508200,pearf104,MEM,8,1,value,4,4,0,1,0,0,0,0,0,,0,0,0,,0,,,0,,,,,19450820,0,YOR03,v,CAG,0,1,0,regular,y,,
NW2194508210,pearf104,MEM,9,1,value,4,4,0,1,,,0,,0,,0,,,,,,,0,,,,,19450821,0,NWK04,v,NW2,1,0,0,exhibition,y,,
MEM194508261,pearf104,MEM,,,value,,,,,,,,,,,,,,,,,,,,,,,19450826,1,MEM03,h,CVB,0,1,0,regular,,,
MEM194508270,pearf104,MEM,,2,value,,,0,,,,0,0,,,,,,,,,,,,,,,19450827,0,LRK02,h,CVB,0,1,0,regular,,,
KCM194509021,pearf104,MEM,9,1,value,2,2,1,1,0,0,0,,0,,0,0,0,,0,,,0,,,,,19450902,1,KAN05,v,KCM,1,0,0,regular,y,,
KCM194509031,pearf104,MEM,9,1,value,3,3,0,0,0,0,0,,0,,0,0,0,,0,,,0,,,,,19450903,1,KAN05,v,KCM,0,1,0,regular,y,,
MEM194509080,pearf104,MEM,,1,value,,,,,,,,,,,,,,,,,,,,,,,19450908,0,DAY03,h,NY5,1,0,0,exhibition,,,
MEM194509200,pearf104,MEM,,,value,,,,,,,,,,,,,,,,,,,,,,,19450920,0,FTW01,h,NY5,1,0,0,exhibition,,,
MEM194509270,pearf104,MEM,,,value,,,,,,,,,,,,,,,,,,,,,,,19450927,0,HOU04,h,CAG,0,1,0,exhibition,,,
MEM194603310,pearf104,MEM,,,value,,,,,,,,,,,,,,,,,,,,,,,19460331,0,MEM03,h,CVB,1,0,0,exhibition,,,
MEM194604140,pearf104,MEM,,,value,,,,,,,,,,,,,,,,,,,,,,,19460414,0,LRK02,h,CAG,0,1,0,exhibition,,,
MEM194604212,pearf104,MEM,,,value,,,,,,,,,,,,,,,,,,,,,,,19460421,2,MEM03,h,IN9,0,1,0,exhibition,,,
MEM194604230,pearf104,MEM,,,value,,,,,,,,,,,,,,,,,,,,,,,19460423,0,LRK02,h,IN9,0,1,0,exhibition,,,
MEM194604260,pearf104,MEM,,,value,,,,,,,,,,,,,,,,,,,,,,,19460426,0,FTW01,h,CAG,1,0,0,exhibition,,,
MEM194605051,pearf104,MEM,,,value,,,,,,,,,,,1,,,,,,,,,,,,19460505,1,MEM03,h,IN9,1,0,0,regular,,,
MEM194607211,pearf104,MEM,,,value,,,,,,,,,,,,,,,,,,,,,,,19460721,1,MEM03,h,CCR,1,0,0,exhibition,,,
HOM194608012,pearf104,MEM,,1,value,,,,,,,,,,,,,,,,,,,,,,,19460801,2,WAS09,v,HOM,0,1,0,exhibition,,,
NW2194608080,pearf104,MEM,9,1,value,3,3,1,1,0,0,0,2,0,,0,,,,0,,,0,,,,,19460808,0,NWK04,v,NW2,1,0,0,exhibition,y,,
KCM194608181,pearf104,MEM,9,2,value,0,0,0,0,0,0,0,0,0,,0,0,0,,0,,,0,,,,,19460818,1,KAN05,v,KCM,0,1,0,exhibition,y,,
KCM194608182,pearf104,MEM,9,3,value,0,0,0,0,0,0,0,,0,,0,0,0,,0,,,0,,,,,19460818,2,KAN05,v,KCM,0,0,1,exhibition,y,,
MEM194608252,pearf104,MEM,,1,value,,,,,,,,,,,,,,,,,,,,,,,19460825,2,MEM03,h,KCM,0,1,0,regular,,,
MEM194609030,pearf104,MEM,,1,value,,,,,,,,,,,,,,,,,,,,,,,19460903,0,LRK02,h,BIR,0,1,0,regular,,,
BIR194609291,pearf104,MEM,,3,value,,,,,,,,,,,,,,,,,,,,,,,19460929,1,BIR01,v,BIR,0,1,0,exhibition,,,
MEM194610060,pearf104,MEM,,,value,,,,,,,,,,,,,,,,,,,,,,,19461006,0,MEM03,h,BIR,1,0,0,exhibition,,,
MEM194704120,pearf104,MEM,,,value,,,,,,,,,,,,,,,,,,,,,,,19470412,0,MEM02,h,IN9,1,0,0,exhibition,,,
MEM194704170,pearf104,MEM,9,1,value,4,4,0,0,0,0,0,0,0,0,0,0,0,,0,0,0,0,0,,,,19470417,0,OKC02,h,IN9,1,0,0,exhibition,y,d,
MEM194705041,pearf104,MEM,,,value,,,,,,,,,,,,,,,,,,,,,,,19470504,1,MEM02,h,IN9,1,0,0,regular,,,
MEM194705042,pearf104,MEM,,,value,,,,,,,,,,,,,,,,,,,,,,,19470504,2,MEM02,h,IN9,1,0,0,regular,,,
MEM194705080,pearf104,MEM,,,value,,,,,,,,,,,,,,,,,,,,,,,19470508,0,MEM02,h,IN9,1,0,0,regular,,,
MEM194705112,pearf104,MEM,,,value,,,,,,,,,,,,,,,,,,,,,,,19470511,2,MEM02,h,CAG,0,1,0,regular,,,
KCM194705252,pearf104,MEM,9,1,value,2,2,0,0,0,0,0,0,0,,0,0,0,,0,,,0,,,,,19470525,2,KAN05,v,KCM,0,1,0,regular,y,,
MEM194706170,pearf104,MEM,,,value,,,,,,,,,,,,,,,,,,,,,,,19470617,0,MEM02,h,BIR,1,0,0,regular,,,
MEM194706240,pearf104,MEM,,,value,,,,,,,,,,,,,,,,,,,,,,,19470624,0,LRK02,h,KCM,0,1,0,regular,,,
BLG194805091,pearf104,NY5,9,1,value,3,2,0,0,0,0,0,0,1,0,0,0,0,,0,0,0,0,0,,,,19480509,1,BAL14,v,BLG,0,1,0,regular,y,d,
NY5194805290,pearf104,NY5,9,3,value,1,1,0,0,0,0,0,0,0,0,0,0,0,,0,0,0,0,0,,,,19480529,0,ROC04,h,PH5,0,1,0,regular,y,d,
BLG194806040,pearf104,NY5,9,3,value,1,1,0,0,0,0,0,,0,,0,0,,,0,,,,,,,,19480604,0,BAL14,v,BLG,0,1,0,regular,y,,
HOM194806140,pearf104,NY5,,,value,,,,,,,,,,,,,,,,,,,,,,,19480614,0,DAY03,v,HOM,0,1,0,regular,,,
BLG194806272,pearf104,NY5,9,1,value,1,1,0,0,0,0,0,0,0,,0,0,,,0,,,,,,,,19480627,2,BAL14,v,BLG,0,1,0,regular,y,,
NY5194807051,pearf104,NY5,,,value,,,,,,,,,,,,,,,,,,,,,,,19480705,1,NYC16,h,PH5,1,0,0,regular,,,
NY5194807100,pearf104,NY5,9,1,value,2,2,0,0,0,0,0,0,0,,0,0,0,,0,,,0,,,,,19480710,0,ALB02,h,NY6,0,1,0,regular,y,,
NW2194807160,pearf104,NY5,9,2,value,1,1,0,0,0,0,0,0,0,0,0,0,0,1,0,0,0,0,0,,,,19480716,0,NWK04,v,NW2,0,1,0,regular,y,d,
PH5194807270,pearf104,NY5,9,2,value,2,0,0,0,0,0,0,,0,,0,2,,,0,,,,,,,,19480727,0,WIL04,v,PH5,0,1,0,regular,y,,
NY5194807290,pearf104,NY5,,,value,,,,,,,,,,,,,,,,,,,,,,,19480729,0,ROC04,h,PH5,0,1,0,regular,,,
HOM194808082,pearf104,NY5,9,4,value,0,0,0,0,0,0,0,,0,,0,0,,,0,,,,,,,,19480808,2,WAS09,v,HOM,0,1,0,regular,y,,
IN9194808221,pearf104,NY5,,,value,,,,,,,,,,,,,,,,,,,,,,,19480822,1,COL05,v,IN9,0,1,0,exhibition,,,
MEM194809121,pearf104,NY5,,,value,,,,,,,,,,,,,,,,,,,,,,,19480912,1,MEM02,v,MEM,0,1,0,exhibition,,,
