gid,id,team,d_seq,d_pos,stattype,d_ifouts,d_po,d_a,d_e,d_dp,d_tp,d_pb,d_wp,d_sb,d_cs,d_gs,date,number,site,vishome,opp,win,loss,tie,gametype,box,pbp,eject
ASO193110040,bross101,ASO,1,2,value,,0,1,0,0,0,0,,,,,19311004,0,CLE07,h,HOM,0,1,0,exhibition,y,,
BSN194009111,bross101,BSN,1,2,value,12,2,0,0,0,0,0,0,3,0,0,19400911,1,BOS08,h,CIN,0,1,0,regular,y,y,
BSN194009122,bross101,BSN,1,2,value,27,1,1,0,0,0,0,0,0,1,1,19400912,2,BOS08,h,SLN,1,0,0,regular,y,y,
BSN194009130,bross101,BSN,1,2,value,6,0,0,0,0,0,0,0,0,0,0,19400913,0,BOS08,h,SLN,0,1,0,regular,y,y,
BSN194009140,bross101,BSN,1,2,value,6,0,0,1,0,0,0,0,0,0,0,19400914,0,BOS08,h,SLN,0,1,0,regular,y,y,
BSN194009151,bross101,BSN,1,2,value,15,3,0,0,0,0,0,1,0,0,0,19400915,1,BOS08,h,CHN,1,0,0,regular,y,d,
BSN194009180,bross101,BSN,1,2,value,21,3,0,0,0,0,0,1,0,0,1,19400918,0,BOS08,h,PIT,1,0,0,regular,y,y,
BSN194009210,bross101,BSN,1,2,value,3,2,0,0,0,0,0,0,0,0,0,19400921,0,BOS08,h,NY1,0,1,0,regular,y,y,
BSN194009222,bross101,BSN,1,2,value,27,3,2,0,0,0,0,0,1,1,1,19400922,2,BOS08,h,NY1,0,1,0,regular,y,d,
BSN194009231,bross101,BSN,1,2,value,6,1,1,0,0,0,0,0,0,1,0,19400923,1,BOS08,h,PHI,0,1,0,regular,y,y,
BRO194009262,bross101,BSN,1,2,value,27,3,2,0,1,0,0,0,0,1,1,19400926,2,NYC15,v,BRO,1,0,0,regular,y,y,
NY1194009290,bross101,BSN,1,2,value,24,5,0,1,0,0,0,0,1,0,1,19400929,0,NYC14,v,NY1,0,1,0,regular,y,y,
