gid,id,team,d_seq,d_pos,stattype,d_ifouts,d_po,d_a,d_e,d_dp,d_tp,d_pb,d_wp,d_sb,d_cs,d_gs,date,number,site,vishome,opp,win,loss,tie,gametype,box,pbp,eject
NSH193011020,willj117,NSH,1,1,value,27,1,0,0,0,0,,,,,1,19301102,0,LOS05,h,PIR,1,0,0,exhibition,y,,
NSH193012072,willj117,NSH,1,1,value,21,4,,0,1,0,,,,,1,19301207,2,LOS05,h,PIR,0,1,0,exhibition,y,,
CAG193209030,willj117,NSH,1,1,value,,,,0,,0,0,,,,,19320903,0,CHI09,v,CAG,1,0,0,lcs,,,
CAG193209041,willj117,NSH,1,1,value,45,,,0,,0,0,,,,1,19320904,1,CHI09,v,CAG,1,0,0,lcs,,,
NSH193209180,willj117,NSH,1,1,value,27,0,2,1,0,0,,,,,1,19320918,0,NSH02,h,CAG,0,1,0,lcs,y,,
NSH193210060,willj117,NSH,1,1,value,17,0,4,0,0,0,,,,,1,19321006,0,NSH02,h,CAG,0,1,0,lcs,y,,
PRG193310151,willj117,PRG,1,9,value,27,0,1,0,0,0,,,,,1,19331015,1,LOS05,h,PIR,1,0,0,exhibition,y,,
PRG193310152,willj117,PRG,1,9,value,21,0,0,0,0,0,,,,,1,19331015,2,LOS05,h,PIR,0,1,0,exhibition,y,,
PIR193310160,willj117,PRG,1,1,value,,,,0,,0,0,,,,,19331016,0,LOS05,v,PIR,0,1,0,exhibition,,,
PRG193311122,willj117,PRG,1,1,value,18,1,0,0,0,0,,,,,1,19331112,2,LOS05,h,PIR,0,1,0,exhibition,y,,
PRG193401072,willj117,PRG,1,1,value,18,,,0,,0,0,,,,1,19340107,2,LOS05,h,PIR,1,0,0,exhibition,,,
PRG193410142,willj117,PRG,1,1,value,15,,,0,,0,0,,,,1,19341014,2,LOS05,h,PIR,0,1,0,exhibition,,,
PRG193410211,willj117,PRG,1,1,value,23,1,0,0,0,0,,,,,0,19341021,1,LOS05,h,WHK,0,1,0,exhibition,y,y,
PRG193410282,willj117,PRG,1,1,value,15,,,0,,0,0,,,,1,19341028,2,LOS05,h,PIR,1,0,0,exhibition,,,
NSH193504220,willj117,NSH,1,1,value,,,,,,,,,,,1,19350422,0,GAD01,h,NY6,0,1,0,exhibition,,,
NSH193505072,willj117,NSH,1,1,value,,,,,,,,,,,1,19350507,2,NSH02,h,PTC,0,1,0,regular,,,
NSH193505180,willj117,NSH,1,1,value,27,0,0,0,0,0,,,,,1,19350518,0,COL05,h,NY6,1,0,0,regular,y,d,
NSH193505250,willj117,NSH,1,1,value,27,0,1,0,0,0,,,,,1,19350525,0,COL04,h,NW1,1,0,0,regular,y,,
PH5193506011,willj117,NSH,1,1,value,27,0,1,0,,,,,,,1,19350601,1,PHI17,v,PH5,1,0,0,regular,y,,
NY6193506161,willj117,NSH,1,1,value,,0,1,0,0,0,0,0,0,,1,19350616,1,NYC25,v,NY6,0,1,0,regular,y,,
NSH193506231,willj117,NSH,1,1,value,27,,,0,,,,,,,1,19350623,1,COL05,h,BRN,0,1,0,regular,,,
HOM193506291,willj117,NSH,4,1,value,,0,1,0,0,0,0,0,0,,,19350629,1,COL05,v,HOM,0,1,0,regular,y,,
NW1193507142,willj117,NSH,3,1,value,11,,,0,,0,0,0,,,,19350714,2,IRV01,v,NW1,0,1,0,regular,y,,
BRN193507211,willj117,NSH,3,1,value,,0,0,0,0,0,0,0,0,,,19350721,1,NYC15,v,BRN,1,0,0,regular,y,,
NSH193507280,willj117,NSH,1,1,value,,,,,,,,,,,1,19350728,0,COL05,h,PTC,0,1,0,regular,,,
PTC193508010,willj117,NSH,1,1,value,36,0,5,0,0,0,,,,,1,19350801,0,AKR01,v,PTC,1,0,0,regular,y,d,
NW1193508252,willj117,NSH,1,1,value,,,,,0,,,,,,,19350825,2,IRV01,v,NW1,1,0,0,regular,,,
NY5193508310,willj117,NSH,1,1,value,18,0,0,0,0,0,,,,,1,19350831,0,PAT01,v,NY5,1,0,0,exhibition,y,d,
PH5193509120,willj117,NSH,1,1,value,,,,,,,,,,,1,19350912,0,PHI17,v,PH5,1,0,0,exhibition,,,
SAS193509290,willj117,NAS,1,1,value,9,0,2,0,0,0,,,,,1,19350929,0,MEM03,v,SAS,1,0,0,allstar,y,,
NW2193605090,willj117,WEG,1,1,value,0,0,0,0,0,0,,,,,0,19360509,0,NWK04,v,NW2,1,0,0,regular,y,d,
WEG193605231,willj117,WEG,1,1,value,24,0,1,0,0,0,,,,,1,19360523,1,WAS09,h,PTC,0,1,0,regular,y,d,
NY6193605300,willj117,WEG,1,1,value,10,0,1,0,0,0,,,,,0,19360530,0,PAT01,v,NY6,1,0,0,regular,y,d,
PH5193606020,willj117,WEG,1,1,value,24,0,5,0,0,0,,,,,1,19360602,0,CAM04,v,PH5,0,1,0,exhibition,y,d,
PH5193606202,willj117,WEG,1,1,value,3,0,0,0,0,0,,,,,0,19360620,2,PHI17,v,PH5,1,0,0,regular,y,d,
WEG193606270,willj117,WEG,2,1,value,,1,0,0,,,,,0,,,19360627,0,WAS09,h,HOM,0,1,0,regular,y,,
WEG193607130,willj117,WEG,2,1,value,,,,,,,,,,,,19360713,0,NSH02,h,PTC,0,1,0,regular,,,
PTC193607182,willj117,WEG,1,1,value,18,0,1,0,0,0,,,,,1,19360718,2,PIT09,v,PTC,0,1,0,regular,y,d,
WEG193607261,willj117,WEG,1,1,value,18,1,4,0,0,0,,,,,1,19360726,1,WAS09,h,NY5,0,1,0,regular,y,d,
NY6193607280,willj117,WEG,,1,value,,,,,,,,,,,,19360728,0,NYC25,v,NY6,0,1,0,exhibition,,,
WEG193608021,willj117,WEG,1,1,value,27,2,2,0,0,0,,,,,1,19360802,1,WAS09,h,NW2,0,1,0,regular,y,d,
WEG193608161,willj117,WEG,1,1,value,27,0,0,1,0,0,,,,,1,19360816,1,WAS09,h,PTC,1,0,0,regular,y,d,
NY5193608301,willj117,WEG,2,1,value,,0,0,0,0,,,,,,,19360830,1,CLE06,v,NY5,1,0,0,exhibition,y,,
PTC193608310,willj117,WEG,1,1,value,26,0,1,0,0,0,,,,,1,19360831,0,CLP01,v,PTC,0,1,0,exhibition,y,d,
NY6193609030,willj117,WEG,2,1,value,,1,,0,,,,,,,,19360903,0,PHI17,v,NY6,0,1,0,exhibition,y,,
PTC193609040,willj117,WEG,1,1,value,27,2,0,0,,,,0,0,,1,19360904,0,MID03,v,PTC,1,0,0,exhibition,y,,
PH5193609052,willj117,WEG,1,1,value,6,0,,0,,,,,,,,19360905,2,PHI17,v,PH5,0,1,0,regular,y,,
NY5193609071,willj117,WEG,1,1,value,27,0,1,0,0,,,1,0,,1,19360907,1,NYC23,v,NY5,1,0,0,regular,y,,
PH5193609170,willj117,WEG,1,1,value,9,0,0,0,0,0,,,,,0,19360917,0,PHI17,v,PH5,1,0,0,playoff,y,d,
HOM193705311,willj117,WEG,1,1,value,13,0,0,,,,,,,,,19370531,1,PIT09,v,HOM,0,1,0,regular,y,,
PH5193706020,willj117,WEG,1,1,value,2,0,0,0,0,0,,,,,0,19370602,0,CHE02,v,PH5,0,0,1,regular,y,d,
WEG193706130,willj117,WEG,1,1,value,9,0,0,0,0,0,,,,,0,19370613,0,WAS09,h,PH5,0,1,0,regular,y,d,
SAS193708220,willj117,SAS,1,1,value,10,1,1,0,0,0,,,,,0,19370822,0,BIR01,h,NAS,0,1,0,allstar,y,d,
BLG193905281,willj117,BLG,1,1,value,7,0,0,0,0,0,,,,,0,19390528,1,BAL10,h,NY5,0,1,0,regular,y,d,
NY5193905302,willj117,BLG,1,1,value,4,0,0,0,0,0,,,,,,19390530,2,NYC23,v,NY5,0,1,0,regular,y,,
SNO194008252,willj117,CV9,1,1,value,,,,0,,0,0,,,,1,19400825,2,LRK02,v,SNO,0,1,0,regular,,,
