gid,team,inn1,inn2,inn3,inn4,inn5,inn6,inn7,inn8,inn9,inn10,inn11,inn12,inn13,inn14,inn15,inn16,inn17,inn18,inn19,inn20,inn21,inn22,inn23,inn24,inn25,inn26,inn27,inn28,lob,mgr,stattype,b_pa,b_ab,b_r,b_h,b_d,b_t,b_hr,b_rbi,b_sh,b_sf,b_hbp,b_w,b_iw,b_k,b_sb,b_cs,b_gdp,b_xi,b_roe,p_ipouts,p_noout,p_bfp,p_h,p_d,p_t,p_hr,p_r,p_er,p_w,p_iw,p_k,p_hbp,p_wp,p_bk,p_sh,p_sf,p_sb,p_cs,p_pb,d_po,d_a,d_e,d_dp,d_tp,d_pb,d_wp,d_sb,d_cs,start_l1,start_l2,start_l3,start_l4,start_l5,start_l6,start_l7,start_l8,start_l9,start_f1,start_f2,start_f3,start_f4,start_f5,start_f6,start_f7,start_f8,start_f9,start_f10,date,number,site,vishome,opp,win,loss,tie,gametype,box,pbp
HOM193606240,WEG,0,3,0,2,0,0,0,1,,,,,,,,,,,,,,,,,,,,,4,taylj105,value,34,28,6,6,1,0,0,4,0,,0,6,,5,,,,,,24,,42,14,6,1,0,11,,6,,5,0,,,0,,,,,24,7,,,,,,,,currg102,snowf101,hughs101,wrigz102,willn103,wrigb104,westj102,bindj101,johna107,johna107,willn103,westj102,hughs101,bindj101,snowf101,currg102,wrigb104,wrigz102,,19360624,0,ALT01,v,HOM,0,1,0,exhibition,y,
HOM193606240,HOM,1,0,3,0,2,0,2,3,,,,,,,,,,,,,,,,,,,,,7,harrv102,value,42,36,11,14,6,1,0,8,0,,0,6,,5,,,,,,24,,34,6,1,0,0,6,,6,,5,0,,,0,,,,,24,13,,,,,,,,benjj101,terrt102,harrv102,leonb101,speah101,duket102,stroj103,carlm101,welmr101,welmr101,duket102,leonb101,terrt102,speah101,carlm101,harrv102,benjj101,stroj103,,19360624,0,ALT01,h,WEG,1,0,0,exhibition,y,
HOM194508130,CAG,1,1,2,0,0,0,0,0,,,,,,,,,,,,,,,,,,,,,10,taylj105,value,38,30,4,8,0,0,0,2,1,0,0,7,0,5,0,0,2,0,2,24,0,45,10,2,0,0,12,12,16,0,1,0,1,0,2,0,0,1,0,24,16,0,3,0,0,1,0,1,dougj102,bissj101,smitj112,mcmew101,nelsc102,wyatr101,crutj101,barnh102,lockc102,lockc102,barnh102,mcmew101,dougj102,nelsc102,wyatr101,bissj101,crutj101,smitj112,,19450813,0,ALT01,v,HOM,0,1,0,exhibition,y,d
HOM194508130,HOM,0,8,0,0,0,0,0,4,,,,,,,,,,,,,,,,,,,,,9,harrv102,value,45,27,12,10,2,0,0,11,2,0,0,16,0,1,0,1,3,0,1,24,0,38,8,0,0,0,4,2,7,0,5,0,1,0,1,0,0,0,0,24,10,3,3,0,0,1,0,0,bellj103,housc103,benjj101,leonb101,walkt104,gastr101,battr102,jackj104,blayf101,blayf101,gastr101,leonb101,jackj104,housc103,battr102,bellj103,benjj101,walkt104,,19450813,0,ALT01,h,CAG,1,0,0,exhibition,y,d
