gid,id,team,b_lp,b_seq,stattype,b_pa,b_ab,b_r,b_h,b_d,b_t,b_hr,b_rbi,b_sh,b_sf,b_hbp,b_w,b_iw,b_k,b_sb,b_cs,b_gdp,b_xi,b_roe,dh,ph,pr,date,number,site,vishome,opp,win,loss,tie,gametype,box,pbp,eject
ASW195908090,legrl101,ASE,1,1,value,,,1,1,,,,,,,,,,,,,,,,,,,19590809,0,CHI10,v,ASW,0,1,0,allstar,,,
ASW195908090,legrl101,ASE,1,1,lower,,1,1,1,,,,,,,,,,,,,,,,,,,19590809,0,CHI10,v,ASW,0,1,0,allstar,,,
ASE196108200,legrl101,ASW,1,1,value,5,2,0,0,0,0,0,0,0,0,0,3,0,1,0,0,0,0,0,,,,19610820,0,NYC16,v,ASE,1,0,0,allstar,y,y,
ASW196208260,legrl101,ASW,,,value,,,0,1,,,,1,,,,,,,,,,,,,,,19620826,0,KAN05,h,ASE,1,0,0,allstar,,,
ASW196208260,legrl101,ASW,,,lower,,1,0,1,,,,1,,,,,,,,,,,,,,,19620826,0,KAN05,h,ASE,1,0,0,allstar,,,
