gid,id,team,d_seq,d_pos,stattype,d_ifouts,d_po,d_a,d_e,d_dp,d_tp,d_pb,d_wp,d_sb,d_cs,d_gs,date,number,site,vishome,opp,win,loss,tie,gametype,box,pbp
KCM193504230,browl107,CAG,1,2,value,27,,,,,,,,,,1,19350423,0,OKC02,v,KCM,1,0,0,exhibition,,
KCM193504230,cornw101,CAG,1,1,value,,,,,,,,,,,1,19350423,0,OKC02,v,KCM,1,0,0,exhibition,,
KCM193504230,mcdol102,CAG,1,1,value,,,,,,,,,,,,19350423,0,OKC02,v,KCM,1,0,0,exhibition,,
KCM193504230,yount101,KCM,1,2,value,27,,,,,,,,,,1,19350423,0,OKC02,h,CAG,0,1,0,exhibition,,
KCM193504230,bevec101,KCM,1,1,value,7,,,,,,,,,,1,19350423,0,OKC02,h,CAG,0,1,0,exhibition,,
KCM193504230,coopa101,KCM,1,1,value,20,,,,,,,,,,,19350423,0,OKC02,h,CAG,0,1,0,exhibition,,
KCM194104270,bassp101,CAG,1,2,value,27,,,0,,0,,,,,1,19410427,0,OKC02,v,KCM,1,0,0,exhibition,,
KCM194104270,cornw101,CAG,1,1,value,21,,,0,,0,0,,,,1,19410427,0,OKC02,v,KCM,1,0,0,exhibition,,
KCM194104270,ferrw102,CAG,1,1,value,3,,,0,,0,0,,,,,19410427,0,OKC02,v,KCM,1,0,0,exhibition,,
KCM194104270,youne102,CAG,1,5,value,27,,,0,,0,0,,,,,19410427,0,OKC02,v,KCM,1,0,0,exhibition,,
KCM194104270,johnc103,KCM,1,1,value,,,,,,0,0,,,,1,19410427,0,OKC02,h,CAG,0,1,0,exhibition,,
KCM194104270,sneas101,KCM,1,4,value,27,,,2,,0,0,,,,,19410427,0,OKC02,h,CAG,0,1,0,exhibition,,
KCM194104270,walkg103,KCM,1,1,value,,,,,,0,0,,,,,19410427,0,OKC02,h,CAG,0,1,0,exhibition,,
CAG194105080,bufou101,SNO,1,2,value,27,,,0,,0,,,,,1,19410508,0,OKC02,v,CAG,1,0,0,exhibition,,
CAG194105080,calhl101,SNO,1,1,value,,,,0,,0,0,,,,,19410508,0,OKC02,v,CAG,1,0,0,exhibition,,
CAG194105080,suttl101,SNO,1,1,value,,,,0,,0,0,,,,,19410508,0,OKC02,v,CAG,1,0,0,exhibition,,
CAG194105080,washf101,SNO,1,1,value,,,,0,,0,0,,,,1,19410508,0,OKC02,v,CAG,1,0,0,exhibition,,
CAG194105080,alext101,CAG,1,1,value,,,,0,,0,0,,,,,19410508,0,OKC02,h,SNO,0,1,0,exhibition,,
CAG194105080,boono101,CAG,1,2,value,27,,,0,,0,,,,,1,19410508,0,OKC02,h,SNO,0,1,0,exhibition,,
CAG194105080,ferrw102,CAG,1,1,value,,,,0,,0,0,,,,1,19410508,0,OKC02,h,SNO,0,1,0,exhibition,,
CAG194105080,gibst101,CAG,1,1,value,,,,0,,0,0,,,,,19410508,0,OKC02,h,SNO,0,1,0,exhibition,,
KCM194105220,byass101,MEM,1,2,value,27,,,0,,0,,,,,1,19410522,0,OKC02,v,KCM,1,0,0,regular,,
KCM194105220,jamet101,MEM,1,5,value,27,,,0,,0,0,,,,,19410522,0,OKC02,v,KCM,1,0,0,regular,,
KCM194105220,keyer101,MEM,1,1,value,,,,0,,0,0,,,,,19410522,0,OKC02,v,KCM,1,0,0,regular,,
KCM194105220,radct101,MEM,1,1,value,,,,0,,0,0,,,,1,19410522,0,OKC02,v,KCM,1,0,0,regular,,
KCM194105220,bryaa101,KCM,1,1,value,,,,0,,0,0,,,,,19410522,0,OKC02,h,MEM,0,1,0,regular,,
KCM194105220,greej108,KCM,1,2,value,27,,,0,,0,,,,,1,19410522,0,OKC02,h,MEM,0,1,0,regular,,
KCM194105220,simmw101,KCM,1,8,value,27,,,0,,0,0,,,,,19410522,0,OKC02,h,MEM,0,1,0,regular,,
KCM194105220,walkg103,KCM,1,1,value,,,,0,,0,0,,,,1,19410522,0,OKC02,h,MEM,0,1,0,regular,,
KCM194106030,barnh102,JAX,1,2,value,24,,,0,,0,,,,,1,19410603,0,OKC02,v,KCM,0,1,0,regular,,
KCM194106030,ellis102,JAX,1,1,value,24,,,0,,0,0,,,,1,19410603,0,OKC02,v,KCM,0,1,0,regular,,
KCM194106030,lamac101,JAX,1,6,value,24,,,1,,0,0,,,,,19410603,0,OKC02,v,KCM,0,1,0,regular,,
KCM194106030,duncf102,KCM,1,2,value,27,,,0,,0,,,,,1,19410603,0,OKC02,h,JAX,1,0,0,regular,,
KCM194106030,mcdab101,KCM,1,1,value,27,,,0,,0,0,,,,1,19410603,0,OKC02,h,JAX,1,0,0,regular,,
KCM194106050,barnh102,JAX,1,2,value,24,,,0,,0,,,,,1,19410605,0,OKC02,v,KCM,0,1,0,regular,,
KCM194106050,henrp101,JAX,1,1,value,24,,,0,,0,0,,,,1,19410605,0,OKC02,v,KCM,0,1,0,regular,,
KCM194106050,bradf104,KCM,1,1,value,27,,,0,,0,0,,,,1,19410605,0,OKC02,h,JAX,1,0,0,regular,,
KCM194106050,duncf102,KCM,1,2,value,27,,,0,,0,,,,,1,19410605,0,OKC02,h,JAX,1,0,0,regular,,
KCM194107100,markj101,BIR,1,1,value,,,,0,,0,0,,,,,19410710,0,OKC02,v,KCM,0,1,0,regular,,
KCM194107100,mckig101,BIR,1,1,value,,,,0,,0,0,,,,1,19410710,0,OKC02,v,KCM,0,1,0,regular,,
KCM194107100,tysoc101,BIR,1,2,value,27,,,0,,0,,,,,1,19410710,0,OKC02,v,KCM,0,1,0,regular,,
KCM194107100,greej108,KCM,1,2,value,27,,,0,,0,,,,,1,19410710,0,OKC02,h,BIR,1,0,0,regular,,
KCM194107100,paigs101,KCM,1,1,value,12,,,0,,0,0,,,,1,19410710,0,OKC02,h,BIR,1,0,0,regular,,
KCM194107100,smitf107,KCM,1,1,value,15,,,0,,0,0,,,,,19410710,0,OKC02,h,BIR,1,0,0,regular,,
MEM194109180,coopb101,NY5,1,2,value,24,,,0,,0,1,,,,1,19410918,0,OKC02,v,MEM,0,1,0,exhibition,,
MEM194109180,duckm101,NY5,1,6,value,24,,,1,,0,0,,,,,19410918,0,OKC02,v,MEM,0,1,0,exhibition,,
MEM194109180,stann101,NY5,1,1,value,24,,,0,,0,0,,,,1,19410918,0,OKC02,v,MEM,0,1,0,exhibition,,
MEM194109180,browl107,MEM,1,2,value,27,,,0,,0,,,,,1,19410918,0,OKC02,h,NY5,1,0,0,exhibition,,
MEM194109180,cartm101,MEM,1,4,value,27,,,0,,0,0,,,,,19410918,0,OKC02,h,NY5,1,0,0,exhibition,,
MEM194109180,mossp101,MEM,1,1,value,27,,,0,,0,0,,,,1,19410918,0,OKC02,h,NY5,1,0,0,exhibition,,
KCM194305140,suttl101,CAG,1,1,value,24,,,,,0,,,,,1,19430514,0,OKC02,v,KCM,0,1,0,regular,,
KCM194305140,youne102,CAG,1,2,value,24,,,,,0,,,,,1,19430514,0,OKC02,v,KCM,0,1,0,regular,,
KCM194305140,duncf102,KCM,1,2,value,27,,,0,,0,,,,,1,19430514,0,OKC02,h,CAG,1,0,0,regular,,
KCM194305140,matcj101,KCM,1,1,value,12,,,0,,0,,,,,,19430514,0,OKC02,h,CAG,1,0,0,regular,,
KCM194305140,smith111,KCM,1,1,value,15,,,0,,0,,,,,1,19430514,0,OKC02,h,CAG,1,0,0,regular,,
KCM194307090,mclaf102,BIR,1,8,value,24,3,0,1,0,0,,,,,1,19430709,0,OKC02,v,KCM,0,1,0,regular,y,d
KCM194307090,sampt101,BIR,1,4,value,21,2,3,0,0,0,,,,,1,19430709,0,OKC02,v,KCM,0,1,0,regular,y,d
KCM194307090,willj112,BIR,1,7,value,3,0,0,0,0,0,,,,,0,19430709,0,OKC02,v,KCM,0,1,0,regular,y,d
KCM194307090,speac103,BIR,1,9,value,24,1,0,0,0,0,,,,,1,19430709,0,OKC02,v,KCM,0,1,0,regular,y,d
KCM194307090,lockl101,BIR,1,7,value,21,0,1,0,0,0,,,,,1,19430709,0,OKC02,v,KCM,0,1,0,regular,y,d
KCM194307090,lockl101,BIR,2,5,value,3,0,0,0,0,0,,,,,0,19430709,0,OKC02,v,KCM,0,1,0,regular,y,d
KCM194307090,davip102,BIR,1,6,value,21,0,2,0,0,0,,,,,1,19430709,0,OKC02,v,KCM,0,1,0,regular,y,d
KCM194307090,davip102,BIR,2,4,value,3,0,0,0,0,0,,,,,0,19430709,0,OKC02,v,KCM,0,1,0,regular,y,d
KCM194307090,dunna102,BIR,1,3,value,24,11,0,0,0,0,,,,,1,19430709,0,OKC02,v,KCM,0,1,0,regular,y,d
KCM194307090,walkh103,BIR,1,5,value,21,0,0,0,0,0,,,,,1,19430709,0,OKC02,v,KCM,0,1,0,regular,y,d
KCM194307090,walkh103,BIR,2,6,value,3,0,0,0,0,0,,,,,0,19430709,0,OKC02,v,KCM,0,1,0,regular,y,d
KCM194307090,hardp102,BIR,1,2,value,9,5,2,2,0,0,0,0,2,1,1,19430709,0,OKC02,v,KCM,0,1,0,regular,y,d
KCM194307090,hubej101,BIR,1,2,value,15,2,0,0,0,0,0,0,0,0,0,19430709,0,OKC02,v,KCM,0,1,0,regular,y,d
KCM194307090,markj101,BIR,1,1,value,9,0,2,0,0,0,,,,,1,19430709,0,OKC02,v,KCM,0,1,0,regular,y,d
KCM194307090,mckig101,BIR,1,1,value,9,0,1,2,0,0,,,,,0,19430709,0,OKC02,v,KCM,0,1,0,regular,y,d
KCM194307090,gipsa101,BIR,1,1,value,6,0,0,0,0,0,,,,,0,19430709,0,OKC02,v,KCM,0,1,0,regular,y,d
KCM194307090,willj111,KCM,1,6,value,27,1,3,0,0,0,,,,,1,19430709,0,OKC02,h,BIR,1,0,0,regular,y,d
KCM194307090,simmw101,KCM,1,7,value,3,0,0,0,0,0,,,,,1,19430709,0,OKC02,h,BIR,1,0,0,regular,y,d
KCM194307090,allen102,KCM,1,7,value,24,0,0,0,0,0,,,,,0,19430709,0,OKC02,h,BIR,1,0,0,regular,y,d
KCM194307090,soueh101,KCM,1,5,value,27,0,1,0,0,0,,,,,1,19430709,0,OKC02,h,BIR,1,0,0,regular,y,d
KCM194307090,broww101,KCM,1,8,value,27,4,0,0,0,0,,,,,1,19430709,0,OKC02,h,BIR,1,0,0,regular,y,d
KCM194307090,serrb101,KCM,1,4,value,27,2,2,0,0,0,,,,,1,19430709,0,OKC02,h,BIR,1,0,0,regular,y,d
KCM194307090,oneib801,KCM,1,3,value,27,13,2,0,0,0,,,,,1,19430709,0,OKC02,h,BIR,1,0,0,regular,y,d
KCM194307090,thomh103,KCM,1,9,value,27,3,0,0,0,0,,,,,1,19430709,0,OKC02,h,BIR,1,0,0,regular,y,d
KCM194307090,barnh102,KCM,1,2,value,27,4,2,1,0,0,0,0,0,0,1,19430709,0,OKC02,h,BIR,1,0,0,regular,y,d
KCM194307090,matcj101,KCM,1,1,value,27,0,4,1,0,0,,,,,1,19430709,0,OKC02,h,BIR,1,0,0,regular,y,d
KCM194307200,davel102,CAG,1,8,value,24,3,0,0,0,0,,,,,1,19430720,0,OKC02,v,KCM,0,1,0,regular,y,
KCM194307200,cornw101,CAG,1,7,value,24,0,0,0,0,0,,,,,1,19430720,0,OKC02,v,KCM,0,1,0,regular,y,
KCM194307200,smitj112,CAG,1,9,value,24,0,0,2,0,0,,,,,1,19430720,0,OKC02,v,KCM,0,1,0,regular,y,
KCM194307200,radca101,CAG,1,6,value,24,0,3,1,0,0,,,,,1,19430720,0,OKC02,v,KCM,0,1,0,regular,y,
KCM194307200,bissj101,CAG,1,4,value,24,2,1,2,0,0,,,,,1,19430720,0,OKC02,v,KCM,0,1,0,regular,y,
KCM194307200,charb102,CAG,1,3,value,24,10,1,0,0,0,,,,,1,19430720,0,OKC02,v,KCM,0,1,0,regular,y,
KCM194307200,radct101,CAG,1,2,value,24,5,1,0,0,0,0,,,,1,19430720,0,OKC02,v,KCM,0,1,0,regular,y,
KCM194307200,harrc105,CAG,1,5,value,24,3,3,0,0,0,,,,,1,19430720,0,OKC02,v,KCM,0,1,0,regular,y,
KCM194307200,westo102,CAG,1,1,value,9,0,1,0,0,0,,,,,1,19430720,0,OKC02,v,KCM,0,1,0,regular,y,
KCM194307200,suttl101,CAG,1,1,value,3,0,0,0,0,0,,,,,,19430720,0,OKC02,v,KCM,0,1,0,regular,y,
KCM194307200,locke101,CAG,1,1,value,12,1,0,0,0,0,,,,,,19430720,0,OKC02,v,KCM,0,1,0,regular,y,
KCM194307200,allen102,KCM,1,7,value,27,0,0,0,0,0,,,,,1,19430720,0,OKC02,h,CAG,1,0,0,regular,y,
KCM194307200,soueh101,KCM,1,5,value,27,0,2,0,0,0,,,,,1,19430720,0,OKC02,h,CAG,1,0,0,regular,y,
KCM194307200,oneib801,KCM,1,3,value,27,6,0,0,0,0,,,,,1,19430720,0,OKC02,h,CAG,1,0,0,regular,y,
KCM194307200,broww101,KCM,1,8,value,27,1,0,0,0,0,,,,,1,19430720,0,OKC02,h,CAG,1,0,0,regular,y,
KCM194307200,serrb101,KCM,1,4,value,27,3,0,0,0,0,,,,,1,19430720,0,OKC02,h,CAG,1,0,0,regular,y,
KCM194307200,willj111,KCM,1,6,value,27,3,0,0,0,0,,,,,1,19430720,0,OKC02,h,CAG,1,0,0,regular,y,
KCM194307200,thomh103,KCM,1,9,value,27,3,0,0,0,0,,,,,1,19430720,0,OKC02,h,CAG,1,0,0,regular,y,
KCM194307200,barnh102,KCM,1,2,value,27,11,0,0,0,0,0,,,,1,19430720,0,OKC02,h,CAG,1,0,0,regular,y,
KCM194307200,mcdab101,KCM,1,1,value,27,0,0,0,0,0,,,,,1,19430720,0,OKC02,h,CAG,1,0,0,regular,y,
KCM194308230,smith113,CI2,1,6,value,24,1,3,0,0,0,,,,,1,19430823,0,OKC02,v,KCM,0,1,0,regular,y,
KCM194308230,lamac101,CI2,1,4,value,24,2,6,0,0,0,,,,,1,19430823,0,OKC02,v,KCM,0,1,0,regular,y,
KCM194308230,ray-j102,CI2,1,8,value,24,1,0,0,0,0,,,,,1,19430823,0,OKC02,v,KCM,0,1,0,regular,y,
KCM194308230,sneas101,CI2,1,5,value,24,0,0,0,0,0,,,,,1,19430823,0,OKC02,v,KCM,0,1,0,regular,y,
KCM194308230,nelse102,CI2,1,7,value,24,1,0,1,0,0,,,,,1,19430823,0,OKC02,v,KCM,0,1,0,regular,y,
KCM194308230,jeffh102,CI2,1,2,value,,1,0,0,0,0,0,,,,1,19430823,0,OKC02,v,KCM,0,1,0,regular,y,
KCM194308230,haywb102,CI2,1,2,value,,4,1,0,0,0,0,,,,,19430823,0,OKC02,v,KCM,0,1,0,regular,y,
KCM194308230,locke101,CI2,1,9,value,24,1,1,1,1,0,,,,,1,19430823,0,OKC02,v,KCM,0,1,0,regular,y,
KCM194308230,kingr101,CI2,1,3,value,24,13,0,1,1,0,,,,,1,19430823,0,OKC02,v,KCM,0,1,0,regular,y,
KCM194308230,danig101,CI2,1,1,value,15,0,0,1,0,0,,,,,1,19430823,0,OKC02,v,KCM,0,1,0,regular,y,
KCM194308230,henrp101,CI2,1,1,value,9,0,1,1,0,0,,,,,,19430823,0,OKC02,v,KCM,0,1,0,regular,y,
KCM194308230,simmw101,KCM,1,8,value,27,1,0,0,0,0,,,,,1,19430823,0,OKC02,h,CI2,1,0,0,regular,y,
KCM194308230,allen102,KCM,1,3,value,27,10,1,0,1,0,,,,,1,19430823,0,OKC02,h,CI2,1,0,0,regular,y,
KCM194308230,soueh101,KCM,1,5,value,27,1,2,0,1,0,,,,,1,19430823,0,OKC02,h,CI2,1,0,0,regular,y,
KCM194308230,broww101,KCM,1,6,value,27,5,3,0,0,0,,,,,1,19430823,0,OKC02,h,CI2,1,0,0,regular,y,
KCM194308230,serrb101,KCM,1,4,value,27,3,2,0,1,0,,,,,1,19430823,0,OKC02,h,CI2,1,0,0,regular,y,
KCM194308230,smith111,KCM,1,7,value,27,0,0,0,0,0,,,,,1,19430823,0,OKC02,h,CI2,1,0,0,regular,y,
KCM194308230,thomh103,KCM,1,9,value,,0,0,0,0,0,,,,,1,19430823,0,OKC02,h,CI2,1,0,0,regular,y,
KCM194308230,walkg103,KCM,1,9,value,,0,0,0,0,0,,,,,,19430823,0,OKC02,h,CI2,1,0,0,regular,y,
KCM194308230,hayns101,KCM,1,2,value,27,6,2,0,0,0,0,,,,1,19430823,0,OKC02,h,CI2,1,0,0,regular,y,
KCM194308230,matcj101,KCM,1,1,value,27,1,4,1,0,0,,,,,1,19430823,0,OKC02,h,CI2,1,0,0,regular,y,
MEM194308260,wyatr101,CAG,1,6,value,27,4,4,0,0,0,,,,,1,19430826,0,OKC02,v,MEM,1,0,0,regular,y,d
MEM194308260,davel102,CAG,1,8,value,27,3,0,0,0,0,,,,,1,19430826,0,OKC02,v,MEM,1,0,0,regular,y,d
MEM194308260,penna101,CAG,1,4,value,27,4,2,0,0,0,,,,,1,19430826,0,OKC02,v,MEM,1,0,0,regular,y,d
MEM194308260,youne102,CAG,1,3,value,27,8,1,0,0,0,,,,,1,19430826,0,OKC02,v,MEM,1,0,0,regular,y,d
MEM194308260,radca101,CAG,1,5,value,27,1,1,0,0,0,,,,,1,19430826,0,OKC02,v,MEM,1,0,0,regular,y,d
MEM194308260,smitj112,CAG,1,9,value,27,1,0,0,0,0,,,,,1,19430826,0,OKC02,v,MEM,1,0,0,regular,y,d
MEM194308260,bissj101,CAG,1,7,value,27,0,0,0,0,0,,,,,1,19430826,0,OKC02,v,MEM,1,0,0,regular,y,d
MEM194308260,charb102,CAG,1,2,value,27,5,1,1,0,0,0,1,0,0,1,19430826,0,OKC02,v,MEM,1,0,0,regular,y,d
MEM194308260,shiec102,CAG,1,1,value,26,1,3,1,0,0,,,,,1,19430826,0,OKC02,v,MEM,1,0,0,regular,y,d
MEM194308260,jessg101,CAG,1,1,value,1,0,0,0,0,0,,,,,0,19430826,0,OKC02,v,MEM,1,0,0,regular,y,d
MEM194308260,bankf101,MEM,1,4,value,27,4,2,0,0,0,,,,,1,19430826,0,OKC02,h,CAG,0,1,0,regular,y,d
MEM194308260,mcdaf101,MEM,1,7,value,27,1,0,1,0,0,,,,,1,19430826,0,OKC02,h,CAG,0,1,0,regular,y,d
MEM194308260,hydec101,MEM,1,9,value,15,0,0,0,0,0,,,,,1,19430826,0,OKC02,h,CAG,0,1,0,regular,y,d
MEM194308260,wilse104,MEM,1,9,value,12,1,0,0,0,0,,,,,0,19430826,0,OKC02,h,CAG,0,1,0,regular,y,d
MEM194308260,cartm101,MEM,1,5,value,27,2,0,0,0,0,,,,,1,19430826,0,OKC02,h,CAG,0,1,0,regular,y,d
MEM194308260,longr102,MEM,1,3,value,27,8,0,0,0,0,,,,,1,19430826,0,OKC02,h,CAG,0,1,0,regular,y,d
MEM194308260,robin101,MEM,1,6,value,27,0,7,1,0,0,,,,,1,19430826,0,OKC02,h,CAG,0,1,0,regular,y,d
MEM194308260,mathv101,MEM,1,8,value,27,2,0,1,0,0,,,,,1,19430826,0,OKC02,h,CAG,0,1,0,regular,y,d
MEM194308260,browl107,MEM,1,2,value,27,9,0,0,0,0,0,0,0,0,1,19430826,0,OKC02,h,CAG,0,1,0,regular,y,d
MEM194308260,hutcw101,MEM,1,1,value,27,0,1,0,0,0,,,,,1,19430826,0,OKC02,h,CAG,0,1,0,regular,y,d
KCM194309170,ellis102,CI2,1,1,value,27,,,,,0,,,,,1,19430917,0,OKC02,v,KCM,1,0,0,exhibition,,
KCM194309170,jeffh102,CI2,1,2,value,27,,,,,0,,,,,1,19430917,0,OKC02,v,KCM,1,0,0,exhibition,,
KCM194309170,tatug101,CI2,1,3,value,27,14,,,,0,,,,,,19430917,0,OKC02,v,KCM,1,0,0,exhibition,,
KCM194309170,alext101,KCM,1,1,value,26,,,,,0,,,,,,19430917,0,OKC02,h,CI2,0,1,0,exhibition,,
KCM194309170,barnh102,KCM,1,2,value,27,,,,,0,,,,,1,19430917,0,OKC02,h,CI2,0,1,0,exhibition,,
KCM194309170,smith111,KCM,1,1,value,1,,,,,0,,,,,1,19430917,0,OKC02,h,CI2,0,1,0,exhibition,,
KCM194404250,merch101,CIA,1,8,value,24,2,0,0,0,0,,,,,1,19440425,0,OKC02,v,KCM,0,1,0,exhibition,y,d
KCM194404250,xiqul101,CIA,1,7,value,24,3,0,0,0,0,,,,,1,19440425,0,OKC02,v,KCM,0,1,0,exhibition,y,d
KCM194404250,smith113,CIA,1,6,value,24,2,2,2,0,0,,,,,1,19440425,0,OKC02,v,KCM,0,1,0,exhibition,y,d
KCM194404250,cannw101,CIA,1,5,value,24,0,7,0,0,0,,,,,1,19440425,0,OKC02,v,KCM,0,1,0,exhibition,y,d
KCM194404250,ray-j102,CIA,1,9,value,24,1,0,0,0,0,,,,,1,19440425,0,OKC02,v,KCM,0,1,0,exhibition,y,d
KCM194404250,hallb110,CIA,1,4,value,24,1,4,1,0,0,,,,,1,19440425,0,OKC02,v,KCM,0,1,0,exhibition,y,d
KCM194404250,vazqa101,CIA,1,3,value,24,12,0,0,0,0,,,,,1,19440425,0,OKC02,v,KCM,0,1,0,exhibition,y,d
KCM194404250,bassp101,CIA,1,2,value,24,1,1,0,0,0,0,0,0,0,1,19440425,0,OKC02,v,KCM,0,1,0,exhibition,y,d
KCM194404250,ruiza101,CIA,1,1,value,24,2,4,0,0,0,,,,,1,19440425,0,OKC02,v,KCM,0,1,0,exhibition,y,d
KCM194404250,vandb103,KCM,1,8,value,27,1,0,0,0,0,,,,,1,19440425,0,OKC02,h,CIA,1,0,0,exhibition,y,d
KCM194404250,allen102,KCM,1,3,value,27,10,0,1,0,0,,,,,1,19440425,0,OKC02,h,CIA,1,0,0,exhibition,y,d
KCM194404250,soueh101,KCM,1,5,value,27,3,2,0,0,0,,,,,1,19440425,0,OKC02,h,CIA,1,0,0,exhibition,y,d
KCM194404250,serrb101,KCM,1,4,value,27,1,3,0,0,0,,,,,1,19440425,0,OKC02,h,CIA,1,0,0,exhibition,y,d
KCM194404250,moodl101,KCM,1,7,value,27,0,0,0,0,0,,,,,1,19440425,0,OKC02,h,CIA,1,0,0,exhibition,y,d
KCM194404250,bumpe101,KCM,1,9,value,27,1,0,0,0,0,,,,,1,19440425,0,OKC02,h,CIA,1,0,0,exhibition,y,d
KCM194404250,willj111,KCM,1,6,value,27,1,1,0,0,0,,,,,1,19440425,0,OKC02,h,CIA,1,0,0,exhibition,y,d
KCM194404250,duncf102,KCM,1,2,value,27,10,2,1,0,0,0,0,0,0,1,19440425,0,OKC02,h,CIA,1,0,0,exhibition,y,d
KCM194404250,wylis101,KCM,1,1,value,15,0,3,1,0,0,,,,,1,19440425,0,OKC02,h,CIA,1,0,0,exhibition,y,d
KCM194404250,locke101,KCM,1,1,value,9,0,2,0,0,0,,,,,0,19440425,0,OKC02,h,CIA,1,0,0,exhibition,y,d
KCM194404250,mcdab101,KCM,1,1,value,3,0,0,0,0,0,,,,,0,19440425,0,OKC02,h,CIA,1,0,0,exhibition,y,d
KCM194404260,merch101,CIA,1,8,value,27,1,0,0,0,0,,,,,1,19440426,0,OKC02,v,KCM,1,0,0,exhibition,y,
KCM194404260,xiqul101,CIA,1,7,value,27,1,0,0,0,0,,,,,1,19440426,0,OKC02,v,KCM,1,0,0,exhibition,y,
KCM194404260,smith113,CIA,1,6,value,,1,2,1,1,0,,,,,1,19440426,0,OKC02,v,KCM,1,0,0,exhibition,y,
KCM194404260,walkh103,CIA,1,6,value,,1,0,0,0,0,,,,,,19440426,0,OKC02,v,KCM,1,0,0,exhibition,y,
KCM194404260,hallb110,CIA,1,5,value,27,3,2,0,1,0,,,,,1,19440426,0,OKC02,v,KCM,1,0,0,exhibition,y,
KCM194404260,ray-j102,CIA,1,9,value,27,3,0,0,0,0,,,,,1,19440426,0,OKC02,v,KCM,1,0,0,exhibition,y,
KCM194404260,ruiza101,CIA,1,4,value,27,3,2,1,0,0,,,,,1,19440426,0,OKC02,v,KCM,1,0,0,exhibition,y,
KCM194404260,vazqa101,CIA,1,3,value,,6,0,0,1,0,,,,,1,19440426,0,OKC02,v,KCM,1,0,0,exhibition,y,
KCM194404260,cannw101,CIA,1,3,value,,4,0,1,1,0,,,,,,19440426,0,OKC02,v,KCM,1,0,0,exhibition,y,
KCM194404260,bassp101,CIA,1,2,value,27,4,2,0,0,0,0,,,,1,19440426,0,OKC02,v,KCM,1,0,0,exhibition,y,
KCM194404260,edwaw101,CIA,1,1,value,20,0,3,0,1,0,,,,,1,19440426,0,OKC02,v,KCM,1,0,0,exhibition,y,
KCM194404260,overa101,CIA,1,1,value,7,0,1,0,0,0,,,,,,19440426,0,OKC02,v,KCM,1,0,0,exhibition,y,
KCM194404260,vandb103,KCM,1,8,value,27,6,0,0,0,0,,,,,1,19440426,0,OKC02,h,CIA,0,1,0,exhibition,y,
KCM194404260,allen102,KCM,1,3,value,27,15,0,0,0,0,,,,,1,19440426,0,OKC02,h,CIA,0,1,0,exhibition,y,
KCM194404260,soueh101,KCM,1,5,value,27,0,1,0,0,0,,,,,1,19440426,0,OKC02,h,CIA,0,1,0,exhibition,y,
KCM194404260,serrb101,KCM,1,4,value,27,0,3,2,0,0,,,,,1,19440426,0,OKC02,h,CIA,0,1,0,exhibition,y,
KCM194404260,moodl101,KCM,1,7,value,27,0,0,0,0,0,,,,,1,19440426,0,OKC02,h,CIA,0,1,0,exhibition,y,
KCM194404260,bumpe101,KCM,1,9,value,27,1,0,0,0,0,,,,,1,19440426,0,OKC02,h,CIA,0,1,0,exhibition,y,
KCM194404260,willj111,KCM,1,6,value,27,2,7,0,0,0,,,,,1,19440426,0,OKC02,h,CIA,0,1,0,exhibition,y,
KCM194404260,smith111,KCM,1,1,value,27,0,4,2,0,0,,,,,1,19440426,0,OKC02,h,CIA,0,1,0,exhibition,y,
KCM194404260,duncf102,KCM,1,2,value,27,3,2,0,0,0,0,,,,1,19440426,0,OKC02,h,CIA,0,1,0,exhibition,y,
KCM194405030,mcdaf101,MEM,1,7,value,31,0,0,0,0,0,,,,,1,19440503,0,OKC02,v,KCM,0,1,0,exhibition,y,d
KCM194405030,bankf101,MEM,1,4,value,24,1,0,0,0,0,,,,,1,19440503,0,OKC02,v,KCM,0,1,0,exhibition,y,d
KCM194405030,bankf101,MEM,2,5,value,7,0,0,0,0,0,,,,,0,19440503,0,OKC02,v,KCM,0,1,0,exhibition,y,d
KCM194405030,hydec101,MEM,1,9,value,31,7,0,0,0,0,,,,,1,19440503,0,OKC02,v,KCM,0,1,0,exhibition,y,d
KCM194405030,robin101,MEM,1,8,value,31,0,0,0,0,0,,,,,1,19440503,0,OKC02,v,KCM,0,1,0,exhibition,y,d
KCM194405030,longr102,MEM,1,5,value,24,0,3,0,0,0,,,,,1,19440503,0,OKC02,v,KCM,0,1,0,exhibition,y,d
KCM194405030,garrs101,MEM,1,4,value,7,1,1,1,0,0,,,,,0,19440503,0,OKC02,v,KCM,0,1,0,exhibition,y,d
KCM194405030,canaj102,MEM,1,3,value,24,9,0,0,0,0,,,,,1,19440503,0,OKC02,v,KCM,0,1,0,exhibition,y,d
KCM194405030,sharp101,MEM,1,3,value,7,2,0,0,0,0,,,,,0,19440503,0,OKC02,v,KCM,0,1,0,exhibition,y,d
KCM194405030,browl107,MEM,1,2,value,31,11,1,0,0,0,0,0,2,0,1,19440503,0,OKC02,v,KCM,0,1,0,exhibition,y,d
KCM194405030,feldb101,MEM,1,6,value,31,0,2,0,0,0,,,,,1,19440503,0,OKC02,v,KCM,0,1,0,exhibition,y,d
KCM194405030,mathv101,MEM,1,1,value,31,0,5,0,0,0,,,,,1,19440503,0,OKC02,v,KCM,0,1,0,exhibition,y,d
KCM194405030,allen102,KCM,1,3,value,33,14,0,0,0,0,,,,,1,19440503,0,OKC02,h,MEM,1,0,0,exhibition,y,d
KCM194405030,willj111,KCM,1,6,value,33,3,6,0,0,0,,,,,1,19440503,0,OKC02,h,MEM,1,0,0,exhibition,y,d
KCM194405030,soueh101,KCM,1,5,value,33,2,5,0,0,0,,,,,1,19440503,0,OKC02,h,MEM,1,0,0,exhibition,y,d
KCM194405030,serrb101,KCM,1,4,value,33,3,2,0,0,0,,,,,1,19440503,0,OKC02,h,MEM,1,0,0,exhibition,y,d
KCM194405030,moodl101,KCM,1,8,value,33,1,1,0,0,0,,,,,1,19440503,0,OKC02,h,MEM,1,0,0,exhibition,y,d
KCM194405030,smith111,KCM,1,7,value,33,3,0,0,0,0,,,,,1,19440503,0,OKC02,h,MEM,1,0,0,exhibition,y,d
KCM194405030,bumpe101,KCM,1,9,value,33,2,0,0,0,0,,,,,1,19440503,0,OKC02,h,MEM,1,0,0,exhibition,y,d
KCM194405030,taylr102,KCM,1,2,value,33,5,2,0,0,0,0,0,1,1,1,19440503,0,OKC02,h,MEM,1,0,0,exhibition,y,d
KCM194405030,matcj101,KCM,1,1,value,33,0,5,0,0,0,,,,,1,19440503,0,OKC02,h,MEM,1,0,0,exhibition,y,d
MEM194407200,crutj101,CVB,1,9,value,24,1,0,0,0,0,,,,,1,19440720,0,OKC02,v,MEM,0,1,0,regular,y,d
MEM194407200,bibbr101,CVB,1,4,value,24,1,3,0,0,0,,,,,1,19440720,0,OKC02,v,MEM,0,1,0,regular,y,d
MEM194407200,woodp104,CVB,1,5,value,24,1,0,0,0,0,,,,,1,19440720,0,OKC02,v,MEM,0,1,0,regular,y,d
MEM194407200,jeths101,CVB,1,8,value,24,4,1,1,1,0,,,,,1,19440720,0,OKC02,v,MEM,0,1,0,regular,y,d
MEM194407200,warea101,CVB,1,3,value,24,9,1,0,1,0,,,,,1,19440720,0,OKC02,v,MEM,0,1,0,regular,y,d
MEM194407200,gracw101,CVB,1,7,value,24,3,1,0,0,0,,,,,1,19440720,0,OKC02,v,MEM,0,1,0,regular,y,d
MEM194407200,hornb101,CVB,1,6,value,24,2,1,0,0,0,,,,,1,19440720,0,OKC02,v,MEM,0,1,0,regular,y,d
MEM194407200,burcw101,CVB,1,2,value,24,3,3,0,0,0,0,0,0,1,1,19440720,0,OKC02,v,MEM,0,1,0,regular,y,d
MEM194407200,jeffg102,CVB,1,1,value,24,0,0,0,0,0,,,,,1,19440720,0,OKC02,v,MEM,0,1,0,regular,y,d
MEM194407200,mcdaf101,MEM,1,7,value,27,1,0,0,0,0,,,,,1,19440720,0,OKC02,h,CVB,1,0,0,regular,y,d
MEM194407200,bankf101,MEM,1,3,value,27,7,1,0,0,0,,,,,1,19440720,0,OKC02,h,CVB,1,0,0,regular,y,d
MEM194407200,fordj101,MEM,1,4,value,27,3,1,1,0,0,,,,,1,19440720,0,OKC02,h,CVB,1,0,0,regular,y,d
MEM194407200,robin101,MEM,1,8,value,27,4,1,0,1,0,,,,,1,19440720,0,OKC02,h,CVB,1,0,0,regular,y,d
MEM194407200,hydec101,MEM,1,9,value,27,1,0,0,0,0,,,,,1,19440720,0,OKC02,h,CVB,1,0,0,regular,y,d
MEM194407200,browt105,MEM,1,5,value,27,0,2,0,0,0,,,,,1,19440720,0,OKC02,h,CVB,1,0,0,regular,y,d
MEM194407200,jonec108,MEM,1,2,value,27,6,0,0,1,0,0,0,0,0,1,19440720,0,OKC02,h,CVB,1,0,0,regular,y,d
MEM194407200,feldb101,MEM,1,6,value,27,3,5,0,0,0,,,,,1,19440720,0,OKC02,h,CVB,1,0,0,regular,y,d
MEM194407200,mathv101,MEM,1,1,value,27,2,3,0,0,0,,,,,1,19440720,0,OKC02,h,CVB,1,0,0,regular,y,d
KCM194408180,wilsa101,BIR,1,6,value,25,1,1,1,0,0,,,,,1,19440818,0,OKC02,v,KCM,0,1,0,regular,y,d
KCM194408180,mclaf102,BIR,1,8,value,25,1,0,0,0,0,,,,,1,19440818,0,OKC02,v,KCM,0,1,0,regular,y,d
KCM194408180,britj104,BIR,1,5,value,25,2,4,0,0,0,,,,,1,19440818,0,OKC02,v,KCM,0,1,0,regular,y,d
KCM194408180,steee102,BIR,1,9,value,25,1,0,0,0,0,,,,,1,19440818,0,OKC02,v,KCM,0,1,0,regular,y,d
KCM194408180,davip102,BIR,1,3,value,25,14,2,0,0,0,,,,,1,19440818,0,OKC02,v,KCM,0,1,0,regular,y,d
KCM194408180,sampt101,BIR,1,4,value,25,2,5,0,0,0,,,,,1,19440818,0,OKC02,v,KCM,0,1,0,regular,y,d
KCM194408180,scotj106,BIR,1,7,value,25,0,0,0,0,0,,,,,1,19440818,0,OKC02,v,KCM,0,1,0,regular,y,d
KCM194408180,bassp101,BIR,1,2,value,25,3,0,1,0,0,0,0,0,0,1,19440818,0,OKC02,v,KCM,0,1,0,regular,y,d
KCM194408180,sayla101,BIR,1,1,value,25,1,3,0,0,0,,,,,1,19440818,0,OKC02,v,KCM,0,1,0,regular,y,d
KCM194408180,willj111,KCM,1,6,value,27,4,4,1,2,0,,,,,1,19440818,0,OKC02,h,BIR,1,0,0,regular,y,d
KCM194408180,allen102,KCM,1,3,value,27,10,0,1,3,0,,,,,1,19440818,0,OKC02,h,BIR,1,0,0,regular,y,d
KCM194408180,soueh101,KCM,1,5,value,27,0,2,0,0,0,,,,,1,19440818,0,OKC02,h,BIR,1,0,0,regular,y,d
KCM194408180,serrb101,KCM,1,4,value,27,3,7,2,3,0,,,,,1,19440818,0,OKC02,h,BIR,1,0,0,regular,y,d
KCM194408180,moodl101,KCM,1,8,value,27,2,0,0,0,0,,,,,1,19440818,0,OKC02,h,BIR,1,0,0,regular,y,d
KCM194408180,smitm107,KCM,1,7,value,27,2,1,0,0,0,,,,,1,19440818,0,OKC02,h,BIR,1,0,0,regular,y,d
KCM194408180,harpd101,KCM,1,9,value,27,0,0,0,0,0,,,,,1,19440818,0,OKC02,h,BIR,1,0,0,regular,y,d
KCM194408180,matcj101,KCM,1,1,value,27,0,3,0,1,0,,,,,1,19440818,0,OKC02,h,BIR,1,0,0,regular,y,d
KCM194408180,hayns101,KCM,1,2,value,27,6,2,0,0,0,0,0,0,2,1,19440818,0,OKC02,h,BIR,1,0,0,regular,y,d
KCM194409070,mcdaf101,MEM,1,7,value,27,0,0,0,0,0,,,,,1,19440907,0,OKC02,v,KCM,1,0,0,exhibition,y,d
KCM194409070,bankf101,MEM,1,4,value,27,2,1,0,0,0,,,,,1,19440907,0,OKC02,v,KCM,1,0,0,exhibition,y,d
KCM194409070,fordj101,MEM,1,5,value,27,1,2,0,0,0,,,,,1,19440907,0,OKC02,v,KCM,1,0,0,exhibition,y,d
KCM194409070,robin101,MEM,1,8,value,27,4,0,0,0,0,,,,,1,19440907,0,OKC02,v,KCM,1,0,0,exhibition,y,d
KCM194409070,browt105,MEM,1,6,value,27,0,2,0,0,0,,,,,1,19440907,0,OKC02,v,KCM,1,0,0,exhibition,y,d
KCM194409070,canaj102,MEM,1,3,value,27,7,1,0,0,0,,,,,1,19440907,0,OKC02,v,KCM,1,0,0,exhibition,y,d
KCM194409070,sharp101,MEM,1,9,value,27,2,0,0,0,0,,,,,1,19440907,0,OKC02,v,KCM,1,0,0,exhibition,y,d
KCM194409070,jonec108,MEM,1,2,value,15,7,0,0,0,0,0,0,0,0,1,19440907,0,OKC02,v,KCM,1,0,0,exhibition,y,d
KCM194409070,browl107,MEM,1,2,value,12,0,0,0,0,0,0,0,1,0,0,19440907,0,OKC02,v,KCM,1,0,0,exhibition,y,d
KCM194409070,mathv101,MEM,1,1,value,27,4,2,0,0,0,,,,,1,19440907,0,OKC02,v,KCM,1,0,0,exhibition,y,d
KCM194409070,willj111,KCM,1,6,value,27,1,5,1,1,0,,,,,1,19440907,0,OKC02,h,MEM,0,1,0,exhibition,y,d
KCM194409070,allen102,KCM,1,3,value,27,11,0,0,1,0,,,,,1,19440907,0,OKC02,h,MEM,0,1,0,exhibition,y,d
KCM194409070,smitm107,KCM,1,7,value,27,2,0,0,0,0,,,,,1,19440907,0,OKC02,h,MEM,0,1,0,exhibition,y,d
KCM194409070,moodl101,KCM,1,4,value,27,5,1,0,1,0,,,,,1,19440907,0,OKC02,h,MEM,0,1,0,exhibition,y,d
KCM194409070,serrb101,KCM,1,8,value,27,1,0,0,0,0,,,,,1,19440907,0,OKC02,h,MEM,0,1,0,exhibition,y,d
KCM194409070,harpd101,KCM,1,9,value,27,1,0,0,0,0,,,,,1,19440907,0,OKC02,h,MEM,0,1,0,exhibition,y,d
KCM194409070,soueh101,KCM,1,5,value,27,2,2,0,0,0,,,,,1,19440907,0,OKC02,h,MEM,0,1,0,exhibition,y,d
KCM194409070,hayns101,KCM,1,2,value,27,4,0,1,0,0,0,0,0,0,1,19440907,0,OKC02,h,MEM,0,1,0,exhibition,y,d
KCM194409070,matcj101,KCM,1,1,value,27,0,2,0,0,0,,,,,1,19440907,0,OKC02,h,MEM,0,1,0,exhibition,y,d
KCM194409120,ray-j102,CIA,1,5,value,27,2,4,0,0,0,,,,,1,19440912,0,OKC02,v,KCM,1,0,0,exhibition,y,d
KCM194409120,smith113,CIA,1,6,value,27,4,3,0,0,0,,,,,1,19440912,0,OKC02,v,KCM,1,0,0,exhibition,y,d
KCM194409120,xiqul101,CIA,1,7,value,27,4,0,0,0,0,,,,,1,19440912,0,OKC02,v,KCM,1,0,0,exhibition,y,d
KCM194409120,penna101,CIA,1,8,value,27,0,0,0,0,0,,,,,1,19440912,0,OKC02,v,KCM,1,0,0,exhibition,y,d
KCM194409120,hairs101,CIA,1,2,value,27,1,4,0,0,0,0,0,0,0,1,19440912,0,OKC02,v,KCM,1,0,0,exhibition,y,d
KCM194409120,valdf101,CIA,1,4,value,27,1,4,0,0,0,,,,,1,19440912,0,OKC02,v,KCM,1,0,0,exhibition,y,d
KCM194409120,merch101,CIA,1,9,value,27,3,0,0,0,0,,,,,1,19440912,0,OKC02,v,KCM,1,0,0,exhibition,y,d
KCM194409120,vazqa101,CIA,1,3,value,27,12,0,0,0,0,,,,,1,19440912,0,OKC02,v,KCM,1,0,0,exhibition,y,d
KCM194409120,willj112,CIA,1,1,value,27,0,0,0,0,0,,,,,1,19440912,0,OKC02,v,KCM,1,0,0,exhibition,y,d
KCM194409120,willj111,KCM,1,6,value,27,1,2,1,1,0,,,,,1,19440912,0,OKC02,h,CIA,0,1,0,exhibition,y,d
KCM194409120,allen102,KCM,1,3,value,27,11,1,0,1,0,,,,,1,19440912,0,OKC02,h,CIA,0,1,0,exhibition,y,d
KCM194409120,soueh101,KCM,1,5,value,27,2,0,0,0,0,,,,,1,19440912,0,OKC02,h,CIA,0,1,0,exhibition,y,d
KCM194409120,serrb101,KCM,1,4,value,27,3,6,0,1,0,,,,,1,19440912,0,OKC02,h,CIA,0,1,0,exhibition,y,d
KCM194409120,scotj106,KCM,1,7,value,27,2,0,0,0,0,,,,,1,19440912,0,OKC02,h,CIA,0,1,0,exhibition,y,d
KCM194409120,moodl101,KCM,1,8,value,27,2,0,0,0,0,,,,,1,19440912,0,OKC02,h,CIA,0,1,0,exhibition,y,d
KCM194409120,smitm107,KCM,1,9,value,27,2,1,0,0,0,,,,,1,19440912,0,OKC02,h,CIA,0,1,0,exhibition,y,d
KCM194409120,hayns101,KCM,1,2,value,27,4,1,1,0,0,0,0,2,0,1,19440912,0,OKC02,h,CIA,0,1,0,exhibition,y,d
KCM194409120,smith111,KCM,1,1,value,27,0,3,0,0,0,,,,,1,19440912,0,OKC02,h,CIA,0,1,0,exhibition,y,d
MEM194409140,minog101,CAG,1,8,value,24,1,0,0,0,0,,,,,1,19440914,0,OKC02,v,MEM,0,1,0,exhibition,y,d
MEM194409140,dougj102,CAG,1,4,value,24,3,4,0,0,0,,,,,1,19440914,0,OKC02,v,MEM,0,1,0,exhibition,y,d
MEM194409140,smitj112,CAG,1,9,value,24,3,1,1,0,0,,,,,1,19440914,0,OKC02,v,MEM,0,1,0,exhibition,y,d
MEM194409140,nelsc102,CAG,1,5,value,24,3,1,1,0,0,,,,,1,19440914,0,OKC02,v,MEM,0,1,0,exhibition,y,d
MEM194409140,bissj101,CAG,1,7,value,18,0,0,0,0,0,,,,,1,19440914,0,OKC02,v,MEM,0,1,0,exhibition,y,d
MEM194409140,rogen101,CAG,1,7,value,6,0,0,0,0,0,,,,,0,19440914,0,OKC02,v,MEM,0,1,0,exhibition,y,d
MEM194409140,jacks105,CAG,1,3,value,3,0,1,2,0,0,,,,,1,19440914,0,OKC02,v,MEM,0,1,0,exhibition,y,d
MEM194409140,waldo101,CAG,1,3,value,21,10,0,3,1,0,,,,,0,19440914,0,OKC02,v,MEM,0,1,0,exhibition,y,d
MEM194409140,barnh102,CAG,1,2,value,24,2,0,0,0,0,0,0,0,0,1,19440914,0,OKC02,v,MEM,0,1,0,exhibition,y,d
MEM194409140,wellw102,CAG,1,6,value,24,2,3,2,1,0,,,,,1,19440914,0,OKC02,v,MEM,0,1,0,exhibition,y,d
MEM194409140,suttl101,CAG,1,1,value,24,0,6,0,1,0,,,,,1,19440914,0,OKC02,v,MEM,0,1,0,exhibition,y,d
MEM194409140,mcdaf101,MEM,1,7,value,27,3,0,0,0,0,,,,,1,19440914,0,OKC02,h,CAG,1,0,0,exhibition,y,d
MEM194409140,hydec101,MEM,1,9,value,18,1,1,0,0,0,,,,,1,19440914,0,OKC02,h,CAG,1,0,0,exhibition,y,d
MEM194409140,sharp101,MEM,1,9,value,9,0,0,0,0,0,,,,,0,19440914,0,OKC02,h,CAG,1,0,0,exhibition,y,d
MEM194409140,jonec108,MEM,1,2,value,27,3,0,0,0,0,0,0,0,0,1,19440914,0,OKC02,h,CAG,1,0,0,exhibition,y,d
MEM194409140,robin101,MEM,1,8,value,27,1,0,0,0,0,,,,,1,19440914,0,OKC02,h,CAG,1,0,0,exhibition,y,d
MEM194409140,bankf101,MEM,1,4,value,27,3,2,0,0,0,,,,,1,19440914,0,OKC02,h,CAG,1,0,0,exhibition,y,d
MEM194409140,browl107,MEM,1,5,value,27,2,1,0,0,0,,,,,1,19440914,0,OKC02,h,CAG,1,0,0,exhibition,y,d
MEM194409140,canaj102,MEM,1,3,value,27,11,0,0,0,0,,,,,1,19440914,0,OKC02,h,CAG,1,0,0,exhibition,y,d
MEM194409140,feldb101,MEM,1,6,value,27,2,7,0,0,0,,,,,1,19440914,0,OKC02,h,CAG,1,0,0,exhibition,y,d
MEM194409140,jonea103,MEM,1,1,value,27,1,3,0,0,0,,,,,1,19440914,0,OKC02,h,CAG,1,0,0,exhibition,y,d
MEM194410050,campr102,BLG,1,2,value,26,,,,,0,,,,,1,19441005,0,OKC02,v,MEM,0,1,0,exhibition,,
MEM194410050,glovt101,BLG,1,1,value,,,,,,0,,,,,,19441005,0,OKC02,v,MEM,0,1,0,exhibition,,
MEM194410050,troyd102,BLG,1,1,value,,,,,,0,,,,,,19441005,0,OKC02,v,MEM,0,1,0,exhibition,,
MEM194410050,walkt105,BLG,1,1,value,,,,,,0,,,,,1,19441005,0,OKC02,v,MEM,0,1,0,exhibition,,
MEM194410050,jonec108,MEM,1,2,value,27,,,,,0,,,,,1,19441005,0,OKC02,h,BLG,1,0,0,exhibition,,
MEM194410050,mcdaf101,MEM,1,7,value,27,1,,,,0,,,,,,19441005,0,OKC02,h,BLG,1,0,0,exhibition,,
MEM194410050,sharp101,MEM,1,1,value,27,,,,,0,,,,,1,19441005,0,OKC02,h,BLG,1,0,0,exhibition,,
CAG194410060,hardl104,CVB,1,1,value,27,,,0,,0,0,,,,1,19441006,0,OKC02,v,CAG,1,0,0,exhibition,,
CAG194410060,trouq101,CVB,1,2,value,27,,,0,,0,,,,,1,19441006,0,OKC02,v,CAG,1,0,0,exhibition,,
CAG194410060,rogen101,CAG,1,1,value,27,,,,,0,0,,,,1,19441006,0,OKC02,h,CVB,0,1,0,exhibition,,
CAG194410060,willj114,CAG,1,2,value,27,,,,,0,,,,,1,19441006,0,OKC02,h,CVB,0,1,0,exhibition,,
KCM194505040,drakr101,CIA,1,8,value,24,5,0,1,0,0,,,,,1,19450504,0,OKC02,v,KCM,0,1,0,exhibition,y,
KCM194505040,merch101,CIA,1,9,value,24,2,0,0,0,0,,,,,1,19450504,0,OKC02,v,KCM,0,1,0,exhibition,y,
KCM194505040,terrf101,CIA,1,4,value,24,4,2,1,0,0,,,,,1,19450504,0,OKC02,v,KCM,0,1,0,exhibition,y,
KCM194505040,radca101,CIA,1,5,value,24,0,4,0,0,0,,,,,1,19450504,0,OKC02,v,KCM,0,1,0,exhibition,y,
KCM194505040,navar101,CIA,1,7,value,24,2,0,0,0,0,,,,,1,19450504,0,OKC02,v,KCM,0,1,0,exhibition,y,
KCM194505040,hairs101,CIA,1,2,value,24,2,3,0,0,0,0,,,,1,19450504,0,OKC02,v,KCM,0,1,0,exhibition,y,
KCM194505040,vazqa101,CIA,1,3,value,24,6,0,0,0,0,,,,,1,19450504,0,OKC02,v,KCM,0,1,0,exhibition,y,
KCM194505040,regap102,CIA,1,6,value,24,2,2,2,0,0,,,,,1,19450504,0,OKC02,v,KCM,0,1,0,exhibition,y,
KCM194505040,smito102,CIA,1,1,value,14,0,0,0,0,0,,,,,1,19450504,0,OKC02,v,KCM,0,1,0,exhibition,y,
KCM194505040,willj112,CIA,1,1,value,10,1,0,0,0,0,,,,,,19450504,0,OKC02,v,KCM,0,1,0,exhibition,y,
KCM194505040,willj111,KCM,1,6,value,,2,5,0,0,0,,,,,1,19450504,0,OKC02,h,CIA,1,0,0,exhibition,y,
KCM194505040,robij103,KCM,1,6,value,,1,0,0,0,0,,,,,,19450504,0,OKC02,h,CIA,1,0,0,exhibition,y,
KCM194505040,thomw103,KCM,1,9,value,27,0,0,0,0,0,,,,,1,19450504,0,OKC02,h,CIA,1,0,0,exhibition,y,
KCM194505040,renfc101,KCM,1,4,value,27,2,4,0,0,0,,,,,1,19450504,0,OKC02,h,CIA,1,0,0,exhibition,y,
KCM194505040,scotj106,KCM,1,7,value,27,1,0,1,0,0,,,,,1,19450504,0,OKC02,h,CIA,1,0,0,exhibition,y,
KCM194505040,soueh101,KCM,1,5,value,27,1,2,0,0,0,,,,,1,19450504,0,OKC02,h,CIA,1,0,0,exhibition,y,
KCM194505040,moodl101,KCM,1,3,value,27,11,0,0,0,0,,,,,1,19450504,0,OKC02,h,CIA,1,0,0,exhibition,y,
KCM194505040,harpd101,KCM,1,8,value,27,1,1,0,0,0,,,,,1,19450504,0,OKC02,h,CIA,1,0,0,exhibition,y,
KCM194505040,hayns101,KCM,1,2,value,27,7,0,0,0,0,0,,,,1,19450504,0,OKC02,h,CIA,1,0,0,exhibition,y,
KCM194505040,wylis101,KCM,1,1,value,15,1,0,0,0,0,,,,,1,19450504,0,OKC02,h,CIA,1,0,0,exhibition,y,
KCM194505040,locke101,KCM,1,1,value,11,0,1,0,0,0,,,,,,19450504,0,OKC02,h,CIA,1,0,0,exhibition,y,
KCM194505040,matcj101,KCM,1,1,value,1,0,0,0,0,0,,,,,,19450504,0,OKC02,h,CIA,1,0,0,exhibition,y,
KCM194505090,wyatr101,CAG,1,6,value,27,4,3,1,0,0,,,,,1,19450509,0,OKC02,v,KCM,1,0,0,regular,y,d
KCM194505090,crutj101,CAG,1,8,value,27,0,0,0,0,0,,,,,1,19450509,0,OKC02,v,KCM,1,0,0,regular,y,d
KCM194505090,smitj112,CAG,1,9,value,27,3,0,0,0,0,,,,,1,19450509,0,OKC02,v,KCM,1,0,0,regular,y,d
KCM194505090,penna101,CAG,1,4,value,27,0,3,0,0,0,,,,,1,19450509,0,OKC02,v,KCM,1,0,0,regular,y,d
KCM194505090,nelsc102,CAG,1,3,value,27,10,0,0,0,0,,,,,1,19450509,0,OKC02,v,KCM,1,0,0,regular,y,d
KCM194505090,dougj102,CAG,1,5,value,27,1,1,0,0,0,,,,,1,19450509,0,OKC02,v,KCM,1,0,0,regular,y,d
KCM194505090,bissj101,CAG,1,7,value,27,2,0,0,0,0,,,,,1,19450509,0,OKC02,v,KCM,1,0,0,regular,y,d
KCM194505090,barnh102,CAG,1,2,value,27,7,1,0,0,0,0,0,0,0,1,19450509,0,OKC02,v,KCM,1,0,0,regular,y,d
KCM194505090,mccow102,CAG,1,1,value,27,0,2,0,0,0,,,,,1,19450509,0,OKC02,v,KCM,1,0,0,regular,y,d
KCM194505090,willj111,KCM,1,4,value,27,3,8,0,0,0,,,,,1,19450509,0,OKC02,h,CAG,0,1,0,regular,y,d
KCM194505090,thomw103,KCM,1,9,value,27,0,0,0,0,0,,,,,1,19450509,0,OKC02,h,CAG,0,1,0,regular,y,d
KCM194505090,robij103,KCM,1,6,value,27,3,4,1,0,0,,,,,1,19450509,0,OKC02,h,CAG,0,1,0,regular,y,d
KCM194505090,scotj106,KCM,1,7,value,27,2,0,0,0,0,,,,,1,19450509,0,OKC02,h,CAG,0,1,0,regular,y,d
KCM194505090,moodl101,KCM,1,3,value,27,14,0,0,0,0,,,,,1,19450509,0,OKC02,h,CAG,0,1,0,regular,y,d
KCM194505090,renfc101,KCM,1,2,value,27,2,3,0,0,0,0,0,0,3,1,19450509,0,OKC02,h,CAG,0,1,0,regular,y,d
KCM194505090,longe101,KCM,1,5,value,27,1,2,0,0,0,,,,,1,19450509,0,OKC02,h,CAG,0,1,0,regular,y,d
KCM194505090,harpd101,KCM,1,8,value,27,2,0,0,0,0,,,,,1,19450509,0,OKC02,h,CAG,0,1,0,regular,y,d
KCM194505090,davil104,KCM,1,1,value,23,0,1,1,0,0,,,,,1,19450509,0,OKC02,h,CAG,0,1,0,regular,y,d
KCM194505090,matcj101,KCM,1,1,value,4,0,0,0,0,0,,,,,0,19450509,0,OKC02,h,CAG,0,1,0,regular,y,d
KCM194509200,drakr101,CIA,1,7,value,27,0,0,0,0,0,,,,,1,19450920,0,OKC02,v,KCM,1,0,0,exhibition,y,
KCM194509200,merch101,CIA,1,8,value,27,3,0,0,0,0,,,,,1,19450920,0,OKC02,v,KCM,1,0,0,exhibition,y,
KCM194509200,vazqa101,CIA,1,9,value,27,0,0,0,0,0,,,,,1,19450920,0,OKC02,v,KCM,1,0,0,exhibition,y,
KCM194509200,holmp101,CIA,1,4,value,27,0,4,1,0,0,,,,,1,19450920,0,OKC02,v,KCM,1,0,0,exhibition,y,
KCM194509200,hairs101,CIA,1,2,value,27,8,2,0,0,0,0,,,,1,19450920,0,OKC02,v,KCM,1,0,0,exhibition,y,
KCM194509200,navar101,CIA,1,6,value,27,1,1,0,0,0,,,,,1,19450920,0,OKC02,v,KCM,1,0,0,exhibition,y,
KCM194509200,walkh103,CIA,1,5,value,27,2,2,0,0,0,,,,,1,19450920,0,OKC02,v,KCM,1,0,0,exhibition,y,
KCM194509200,kingr101,CIA,1,3,value,27,13,0,0,0,0,,,,,1,19450920,0,OKC02,v,KCM,1,0,0,exhibition,y,
KCM194509200,garca101,CIA,1,1,value,27,0,2,0,0,0,,,,,1,19450920,0,OKC02,v,KCM,1,0,0,exhibition,y,
KCM194509200,wille106,KCM,1,7,value,,1,,0,0,0,,,,,1,19450920,0,OKC02,h,CIA,0,1,0,exhibition,y,
KCM194509200,matcj101,KCM,1,7,value,,3,,0,0,0,,,,,,19450920,0,OKC02,h,CIA,0,1,0,exhibition,y,
KCM194509200,grayc104,KCM,1,4,value,27,3,,0,0,0,,,,,1,19450920,0,OKC02,h,CIA,0,1,0,exhibition,y,
KCM194509200,scotj106,KCM,1,5,value,27,2,,1,0,0,,,,,1,19450920,0,OKC02,h,CIA,0,1,0,exhibition,y,
KCM194509200,moodl101,KCM,1,6,value,27,5,,0,1,0,,,,,1,19450920,0,OKC02,h,CIA,0,1,0,exhibition,y,
KCM194509200,thomw103,KCM,1,9,value,27,0,,0,0,0,,,,,1,19450920,0,OKC02,h,CIA,0,1,0,exhibition,y,
KCM194509200,lamaj102,KCM,1,8,value,27,1,,0,0,0,,,,,1,19450920,0,OKC02,h,CIA,0,1,0,exhibition,y,
KCM194509200,duncf102,KCM,1,3,value,27,9,,0,1,0,,,,,1,19450920,0,OKC02,h,CIA,0,1,0,exhibition,y,
KCM194509200,hayns101,KCM,1,2,value,27,3,,0,0,0,0,,,,1,19450920,0,OKC02,h,CIA,0,1,0,exhibition,y,
KCM194509200,smith111,KCM,1,1,value,27,0,,0,0,0,,,,,1,19450920,0,OKC02,h,CIA,0,1,0,exhibition,y,
KCM194605020,merch101,IN9,1,8,value,25,1,0,1,0,0,,,,,1,19460502,0,OKC02,v,KCM,0,1,0,exhibition,y,d
KCM194605020,neilr101,IN9,1,4,value,25,1,3,0,0,0,,,,,1,19460502,0,OKC02,v,KCM,0,1,0,exhibition,y,d
KCM194605020,xiqul101,IN9,1,7,value,25,1,0,0,0,0,,,,,1,19460502,0,OKC02,v,KCM,0,1,0,exhibition,y,d
KCM194605020,clevd101,IN9,1,9,value,25,3,0,0,0,0,,,,,1,19460502,0,OKC02,v,KCM,0,1,0,exhibition,y,d
KCM194605020,hairs101,IN9,1,5,value,25,1,3,0,0,0,,,,,1,19460502,0,OKC02,v,KCM,0,1,0,exhibition,y,d
KCM194605020,haywb102,IN9,1,2,value,25,9,2,0,0,0,1,0,0,0,1,19460502,0,OKC02,v,KCM,0,1,0,exhibition,y,d
KCM194605020,jamet101,IN9,1,6,value,25,2,4,1,0,0,,,,,1,19460502,0,OKC02,v,KCM,0,1,0,exhibition,y,d
KCM194605020,davip103,IN9,1,3,value,25,7,2,1,0,0,,,,,1,19460502,0,OKC02,v,KCM,0,1,0,exhibition,y,d
KCM194605020,odoms101,IN9,1,1,value,25,0,3,1,0,0,,,,,1,19460502,0,OKC02,v,KCM,0,1,0,exhibition,y,d
KCM194605020,scotj106,KCM,1,7,value,27,0,0,1,0,0,,,,,1,19460502,0,OKC02,h,IN9,1,0,0,exhibition,y,d
KCM194605020,renfc101,KCM,1,6,value,27,2,1,1,0,0,,,,,1,19460502,0,OKC02,h,IN9,1,0,0,exhibition,y,d
KCM194605020,strot101,KCM,1,5,value,27,3,2,2,0,0,,,,,1,19460502,0,OKC02,h,IN9,1,0,0,exhibition,y,d
KCM194605020,broww101,KCM,1,8,value,27,2,1,0,0,0,,,,,1,19460502,0,OKC02,h,IN9,1,0,0,exhibition,y,d
KCM194605020,oneib801,KCM,1,3,value,27,12,2,0,0,0,,,,,1,19460502,0,OKC02,h,IN9,1,0,0,exhibition,y,d
KCM194605020,moodl101,KCM,1,4,value,27,1,4,0,0,0,,,,,1,19460502,0,OKC02,h,IN9,1,0,0,exhibition,y,d
KCM194605020,taboe101,KCM,1,2,value,21,7,0,0,0,0,0,0,0,0,1,19460502,0,OKC02,h,IN9,1,0,0,exhibition,y,d
KCM194605020,greej108,KCM,1,2,value,6,0,2,0,0,0,0,0,0,0,0,19460502,0,OKC02,h,IN9,1,0,0,exhibition,y,d
KCM194605020,hubbl101,KCM,1,9,value,27,0,0,0,0,0,,,,,1,19460502,0,OKC02,h,IN9,1,0,0,exhibition,y,d
KCM194605020,bryaa101,KCM,1,1,value,19,0,0,0,0,0,,,,,1,19460502,0,OKC02,h,IN9,1,0,0,exhibition,y,d
KCM194605020,johnc103,KCM,1,1,value,8,0,1,0,0,0,,,,,0,19460502,0,OKC02,h,IN9,1,0,0,exhibition,y,d
KCM194605090,huntg102,CAG,1,2,value,26,,,0,,0,,,,,,19460509,0,OKC02,v,KCM,0,1,0,regular,,
KCM194605090,mccow102,CAG,1,1,value,27,,,0,,0,0,,,,1,19460509,0,OKC02,v,KCM,0,1,0,regular,,
KCM194605090,thomw103,CAG,1,2,value,26,,,0,,0,,,,,1,19460509,0,OKC02,v,KCM,0,1,0,regular,,
KCM194605090,mcnec101,CAG,,6,value,,,,1,,,,,,,,19460509,0,OKC02,v,KCM,0,1,0,regular,,
KCM194605090,lamaj102,KCM,1,1,value,18,,,0,,0,0,,,,1,19460509,0,OKC02,h,CAG,1,0,0,regular,,
KCM194605090,renfc101,KCM,1,2,value,27,,,0,,0,,,,,,19460509,0,OKC02,h,CAG,1,0,0,regular,,
KCM194605090,smith111,KCM,1,1,value,9,,,0,,0,0,,,,,19460509,0,OKC02,h,CAG,1,0,0,regular,,
KCM194605090,taboe101,KCM,1,2,value,27,,,0,,0,,,,,1,19460509,0,OKC02,h,CAG,1,0,0,regular,,
KCM194606170,minog101,CVB,1,8,value,24,3,0,0,0,0,,,,,1,19460617,0,OKC02,v,KCM,0,1,0,regular,y,
KCM194606170,armob101,CVB,1,7,value,24,4,0,0,0,0,,,,,1,19460617,0,OKC02,v,KCM,0,1,0,regular,y,
KCM194606170,jeths101,CVB,1,4,value,24,1,4,1,1,0,,,,,1,19460617,0,OKC02,v,KCM,0,1,0,regular,y,
KCM194606170,kelll101,CVB,1,5,value,24,1,1,2,0,0,,,,,1,19460617,0,OKC02,v,KCM,0,1,0,regular,y,
KCM194606170,trouq101,CVB,1,2,value,24,4,0,1,0,0,0,,,,1,19460617,0,OKC02,v,KCM,0,1,0,regular,y,
KCM194606170,gracw101,CVB,1,9,value,24,2,0,0,0,0,,,,,1,19460617,0,OKC02,v,KCM,0,1,0,regular,y,
KCM194606170,warea101,CVB,1,3,value,24,9,0,0,1,0,,,,,1,19460617,0,OKC02,v,KCM,0,1,0,regular,y,
KCM194606170,cowaj101,CVB,1,6,value,24,0,2,2,1,0,,,,,1,19460617,0,OKC02,v,KCM,0,1,0,regular,y,
KCM194606170,clarw103,CVB,1,1,value,7,0,2,0,0,0,,,,,1,19460617,0,OKC02,v,KCM,0,1,0,regular,y,
KCM194606170,carsf102,CVB,1,1,value,17,0,0,0,0,0,,,,,,19460617,0,OKC02,v,KCM,0,1,0,regular,y,
KCM194606170,soueh101,KCM,1,5,value,27,0,1,2,0,0,,,,,1,19460617,0,OKC02,h,CVB,1,0,0,regular,y,
KCM194606170,renfc101,KCM,1,6,value,27,1,1,0,0,0,,,,,1,19460617,0,OKC02,h,CVB,1,0,0,regular,y,
KCM194606170,scotj106,KCM,1,7,value,27,3,0,0,0,0,,,,,1,19460617,0,OKC02,h,CVB,1,0,0,regular,y,
KCM194606170,broww101,KCM,1,4,value,27,0,2,0,0,0,,,,,1,19460617,0,OKC02,h,CVB,1,0,0,regular,y,
KCM194606170,strot101,KCM,1,9,value,27,4,1,0,0,0,,,,,1,19460617,0,OKC02,h,CVB,1,0,0,regular,y,
KCM194606170,greej108,KCM,1,2,value,27,8,1,0,0,0,1,,,,1,19460617,0,OKC02,h,CVB,1,0,0,regular,y,
KCM194606170,oneib801,KCM,1,3,value,27,7,1,0,0,0,,,,,1,19460617,0,OKC02,h,CVB,1,0,0,regular,y,
KCM194606170,smitf107,KCM,1,8,value,27,3,0,1,0,0,,,,,1,19460617,0,OKC02,h,CVB,1,0,0,regular,y,
KCM194606170,paigs101,KCM,1,1,value,15,0,1,0,0,0,,,,,1,19460617,0,OKC02,h,CVB,1,0,0,regular,y,
KCM194606170,wylis101,KCM,1,1,value,11,1,1,0,0,0,,,,,,19460617,0,OKC02,h,CVB,1,0,0,regular,y,
KCM194606170,alext101,KCM,1,1,value,1,0,0,0,0,0,,,,,,19460617,0,OKC02,h,CVB,1,0,0,regular,y,
MEM194609170,bissj101,CAG,1,3,value,39,,,,,0,0,,,,,19460917,0,OKC02,v,MEM,0,0,1,exhibition,,
MEM194609170,browj114,CAG,1,1,value,21,,,,,0,0,,,,1,19460917,0,OKC02,v,MEM,0,0,1,exhibition,,
MEM194609170,jessg101,CAG,1,1,value,18,,,,,0,0,,,,,19460917,0,OKC02,v,MEM,0,0,1,exhibition,,
MEM194609170,mcnec101,CAG,1,6,value,39,,,1,,0,0,,,,,19460917,0,OKC02,v,MEM,0,0,1,exhibition,,
MEM194609170,tolbj101,CAG,1,2,value,39,,,,,0,,,,,1,19460917,0,OKC02,v,MEM,0,0,1,exhibition,,
MEM194609170,carts102,MEM,1,1,value,18,,,,,0,0,,,,,19460917,0,OKC02,h,CAG,0,0,1,exhibition,,
MEM194609170,jonec108,MEM,1,2,value,39,,,,,0,,,,,1,19460917,0,OKC02,h,CAG,0,0,1,exhibition,,
MEM194609170,longr102,MEM,1,8,value,39,,,,,0,0,,,,,19460917,0,OKC02,h,CAG,0,0,1,exhibition,,
MEM194609170,sharp101,MEM,1,1,value,21,,,,,0,0,,,,1,19460917,0,OKC02,h,CAG,0,0,1,exhibition,,
MEM194704170,drakr101,IN9,1,8,value,24,1,0,0,0,0,,,,,1,19470417,0,OKC02,v,MEM,0,1,0,exhibition,y,d
MEM194704170,merch101,IN9,1,7,value,24,3,0,0,0,0,,,,,1,19470417,0,OKC02,v,MEM,0,1,0,exhibition,y,d
MEM194704170,neilr101,IN9,1,4,value,24,2,6,1,0,0,,,,,1,19470417,0,OKC02,v,MEM,0,1,0,exhibition,y,d
MEM194704170,hairs101,IN9,1,2,value,24,2,0,0,0,0,0,0,0,0,1,19470417,0,OKC02,v,MEM,0,1,0,exhibition,y,d
MEM194704170,tatug101,IN9,1,3,value,24,12,0,0,0,0,,,,,1,19470417,0,OKC02,v,MEM,0,1,0,exhibition,y,d
MEM194704170,lindl102,IN9,1,9,value,24,2,0,1,0,0,,,,,1,19470417,0,OKC02,v,MEM,0,1,0,exhibition,y,d
MEM194704170,walkh103,IN9,1,5,value,24,2,1,1,0,0,,,,,1,19470417,0,OKC02,v,MEM,0,1,0,exhibition,y,d
MEM194704170,carlm101,IN9,1,6,value,24,0,1,1,0,0,,,,,1,19470417,0,OKC02,v,MEM,0,1,0,exhibition,y,d
MEM194704170,howac102,IN9,1,1,value,15,0,0,0,0,0,,,,,1,19470417,0,OKC02,v,MEM,0,1,0,exhibition,y,d
MEM194704170,alleh106,IN9,1,1,value,9,0,1,0,0,0,,,,,0,19470417,0,OKC02,v,MEM,0,1,0,exhibition,y,d
MEM194704170,formp101,MEM,1,9,value,27,3,0,0,0,0,,,,,1,19470417,0,OKC02,h,IN9,1,0,0,exhibition,y,d
MEM194704170,handg102,MEM,1,4,value,27,4,2,0,0,0,,,,,1,19470417,0,OKC02,h,IN9,1,0,0,exhibition,y,d
MEM194704170,cartm101,MEM,1,6,value,27,2,4,1,1,0,,,,,1,19470417,0,OKC02,h,IN9,1,0,0,exhibition,y,d
MEM194704170,boydb102,MEM,1,3,value,27,9,0,0,1,0,,,,,1,19470417,0,OKC02,h,IN9,1,0,0,exhibition,y,d
MEM194704170,colaj101,MEM,1,8,value,27,2,0,0,0,0,,,,,1,19470417,0,OKC02,h,IN9,1,0,0,exhibition,y,d
MEM194704170,robin101,MEM,1,7,value,27,2,0,0,0,0,,,,,1,19470417,0,OKC02,h,IN9,1,0,0,exhibition,y,d
MEM194704170,browt105,MEM,1,5,value,27,2,2,0,0,0,,,,,1,19470417,0,OKC02,h,IN9,1,0,0,exhibition,y,d
MEM194704170,jonec108,MEM,1,2,value,27,2,1,0,0,0,0,0,0,0,1,19470417,0,OKC02,h,IN9,1,0,0,exhibition,y,d
MEM194704170,pearf104,MEM,1,1,value,27,1,2,0,0,0,,,,,1,19470417,0,OKC02,h,IN9,1,0,0,exhibition,y,d
KCM194705010,allen102,IN9,1,6,value,24,1,2,0,0,0,,,,,1,19470501,0,OKC02,v,KCM,0,1,0,exhibition,y,
KCM194705010,drakr101,IN9,1,8,value,24,7,0,0,0,0,,,,,1,19470501,0,OKC02,v,KCM,0,1,0,exhibition,y,
KCM194705010,neilr101,IN9,1,4,value,24,2,4,0,0,0,,,,,1,19470501,0,OKC02,v,KCM,0,1,0,exhibition,y,
KCM194705010,aberr101,IN9,1,9,value,,1,0,0,0,0,,,,,,19470501,0,OKC02,v,KCM,0,1,0,exhibition,y,
KCM194705010,aberr101,IN9,2,7,value,,0,0,0,0,0,,,,,,19470501,0,OKC02,v,KCM,0,1,0,exhibition,y,
KCM194705010,clevd101,IN9,1,7,value,,0,1,0,0,0,,,,,,19470501,0,OKC02,v,KCM,0,1,0,exhibition,y,
KCM194705010,tatug101,IN9,1,3,value,24,5,1,0,0,0,,,,,1,19470501,0,OKC02,v,KCM,0,1,0,exhibition,y,
KCM194705010,hairs101,IN9,1,2,value,24,3,0,0,0,0,0,,,,1,19470501,0,OKC02,v,KCM,0,1,0,exhibition,y,
KCM194705010,xiqul101,IN9,1,7,value,,3,1,2,0,0,,,,,1,19470501,0,OKC02,v,KCM,0,1,0,exhibition,y,
KCM194705010,xiqul101,IN9,2,9,value,,0,0,0,0,0,,,,,1,19470501,0,OKC02,v,KCM,0,1,0,exhibition,y,
KCM194705010,walkh103,IN9,1,5,value,24,1,1,0,0,0,,,,,1,19470501,0,OKC02,v,KCM,0,1,0,exhibition,y,
KCM194705010,barnu101,IN9,1,1,value,14,1,0,0,0,0,,,,,1,19470501,0,OKC02,v,KCM,0,1,0,exhibition,y,
KCM194705010,merch101,IN9,1,1,value,3,0,0,0,0,0,,,,,,19470501,0,OKC02,v,KCM,0,1,0,exhibition,y,
KCM194705010,alleh106,IN9,1,1,value,7,0,0,0,0,0,,,,,,19470501,0,OKC02,v,KCM,0,1,0,exhibition,y,
KCM194705010,soueh101,KCM,1,5,value,27,0,3,1,2,0,,,,,1,19470501,0,OKC02,h,IN9,1,0,0,exhibition,y,
KCM194705010,renfc101,KCM,1,4,value,27,7,4,4,2,0,,,,,1,19470501,0,OKC02,h,IN9,1,0,0,exhibition,y,
KCM194705010,thomh103,KCM,1,6,value,27,0,4,1,0,0,,,,,1,19470501,0,OKC02,h,IN9,1,0,0,exhibition,y,
KCM194705010,broww101,KCM,1,8,value,27,5,0,0,0,0,,,,,1,19470501,0,OKC02,h,IN9,1,0,0,exhibition,y,
KCM194705010,scotj106,KCM,1,7,value,27,1,0,0,0,0,,,,,1,19470501,0,OKC02,h,IN9,1,0,0,exhibition,y,
KCM194705010,moodl101,KCM,1,3,value,27,9,0,0,2,0,,,,,1,19470501,0,OKC02,h,IN9,1,0,0,exhibition,y,
KCM194705010,coopt101,KCM,1,9,value,27,0,0,0,0,0,,,,,1,19470501,0,OKC02,h,IN9,1,0,0,exhibition,y,
KCM194705010,duffb102,KCM,1,2,value,27,5,1,1,0,0,2,,,,1,19470501,0,OKC02,h,IN9,1,0,0,exhibition,y,
KCM194705010,napol101,KCM,1,1,value,9,0,0,0,0,0,,,,,1,19470501,0,OKC02,h,IN9,1,0,0,exhibition,y,
KCM194705010,greej108,KCM,1,1,value,5,0,0,0,0,0,,,,,,19470501,0,OKC02,h,IN9,1,0,0,exhibition,y,
KCM194705010,alext101,KCM,1,1,value,7,0,0,0,0,0,,,,,,19470501,0,OKC02,h,IN9,1,0,0,exhibition,y,
KCM194705010,berrc104,KCM,1,1,value,6,0,1,0,0,0,,,,,,19470501,0,OKC02,h,IN9,1,0,0,exhibition,y,
KCM194705210,longb101,CAG,1,4,value,24,1,3,0,0,0,,,,,1,19470521,0,OKC02,v,KCM,0,1,0,regular,y,d
KCM194705210,bissj101,CAG,1,7,value,24,3,0,0,0,0,,,,,1,19470521,0,OKC02,v,KCM,0,1,0,regular,y,d
KCM194705210,hills101,CAG,1,9,value,24,2,0,0,0,0,,,,,1,19470521,0,OKC02,v,KCM,0,1,0,regular,y,d
KCM194705210,bumpe101,CAG,1,3,value,24,7,0,1,0,0,,,,,1,19470521,0,OKC02,v,KCM,0,1,0,regular,y,d
KCM194705210,ritcj102,CAG,1,2,value,24,4,0,0,0,0,1,0,3,1,1,19470521,0,OKC02,v,KCM,0,1,0,regular,y,d
KCM194705210,armob101,CAG,1,8,value,24,3,0,0,0,0,,,,,1,19470521,0,OKC02,v,KCM,0,1,0,regular,y,d
KCM194705210,milej102,CAG,1,5,value,24,3,0,1,0,0,,,,,1,19470521,0,OKC02,v,KCM,0,1,0,regular,y,d
KCM194705210,mcnec101,CAG,1,6,value,24,0,1,1,0,0,,,,,1,19470521,0,OKC02,v,KCM,0,1,0,regular,y,d
KCM194705210,stewr101,CAG,1,1,value,12,0,0,0,0,0,,,,,1,19470521,0,OKC02,v,KCM,0,1,0,regular,y,d
KCM194705210,rhodh101,CAG,1,1,value,12,1,1,0,0,0,,,,,0,19470521,0,OKC02,v,KCM,0,1,0,regular,y,d
KCM194705210,soueh101,KCM,1,5,value,27,0,1,0,0,0,,,,,1,19470521,0,OKC02,h,CAG,1,0,0,regular,y,d
KCM194705210,renfc101,KCM,1,6,value,27,2,4,1,0,0,,,,,1,19470521,0,OKC02,h,CAG,1,0,0,regular,y,d
KCM194705210,thomh103,KCM,1,4,value,27,0,4,0,0,0,,,,,1,19470521,0,OKC02,h,CAG,1,0,0,regular,y,d
KCM194705210,broww101,KCM,1,8,value,27,6,0,0,0,0,,,,,1,19470521,0,OKC02,h,CAG,1,0,0,regular,y,d
KCM194705210,scotj106,KCM,1,7,value,27,2,0,0,0,0,,,,,1,19470521,0,OKC02,h,CAG,1,0,0,regular,y,d
KCM194705210,greej108,KCM,1,2,value,27,3,0,0,0,0,0,0,0,0,1,19470521,0,OKC02,h,CAG,1,0,0,regular,y,d
KCM194705210,oneib801,KCM,1,3,value,27,13,0,0,0,0,,,,,1,19470521,0,OKC02,h,CAG,1,0,0,regular,y,d
KCM194705210,coopt101,KCM,1,9,value,27,1,0,0,0,0,,,,,1,19470521,0,OKC02,h,CAG,1,0,0,regular,y,d
KCM194705210,smith111,KCM,1,1,value,27,0,1,0,0,0,,,,,1,19470521,0,OKC02,h,CAG,1,0,0,regular,y,d
KCM194706030,jeths101,CVB,1,8,value,27,2,0,0,0,0,,,,,1,19470603,0,OKC02,v,KCM,1,0,0,regular,y,
KCM194706030,warea101,CVB,1,3,value,27,5,0,0,0,0,,,,,1,19470603,0,OKC02,v,KCM,1,0,0,regular,y,
KCM194706030,kelll101,CVB,1,5,value,,0,0,0,0,0,,,,,1,19470603,0,OKC02,v,KCM,1,0,0,regular,y,
KCM194706030,atkij102,CVB,1,5,value,,0,2,0,0,0,,,,,,19470603,0,OKC02,v,KCM,1,0,0,regular,y,
KCM194706030,nelsc102,CVB,1,7,value,27,4,0,0,0,0,,,,,1,19470603,0,OKC02,v,KCM,1,0,0,regular,y,
KCM194706030,gracw101,CVB,1,9,value,27,2,0,0,0,0,,,,,1,19470603,0,OKC02,v,KCM,1,0,0,regular,y,
KCM194706030,trouq101,CVB,1,2,value,27,10,1,1,1,0,0,,,,1,19470603,0,OKC02,v,KCM,1,0,0,regular,y,
KCM194706030,cowaj101,CVB,1,4,value,27,2,3,0,0,0,,,,,1,19470603,0,OKC02,v,KCM,1,0,0,regular,y,
KCM194706030,smita102,CVB,1,6,value,27,2,0,0,1,0,,,,,1,19470603,0,OKC02,v,KCM,1,0,0,regular,y,
KCM194706030,bracd101,CVB,1,1,value,27,0,1,0,0,0,,,,,1,19470603,0,OKC02,v,KCM,1,0,0,regular,y,
KCM194706030,soueh101,KCM,1,5,value,27,0,1,0,0,0,,,,,1,19470603,0,OKC02,h,CVB,0,1,0,regular,y,
KCM194706030,renfc101,KCM,1,4,value,27,3,1,0,0,0,,,,,1,19470603,0,OKC02,h,CVB,0,1,0,regular,y,
KCM194706030,thomh103,KCM,1,6,value,27,0,4,0,0,0,,,,,1,19470603,0,OKC02,h,CVB,0,1,0,regular,y,
KCM194706030,broww101,KCM,1,8,value,27,1,0,0,0,0,,,,,1,19470603,0,OKC02,h,CVB,0,1,0,regular,y,
KCM194706030,scotj106,KCM,1,7,value,27,2,0,0,0,0,,,,,1,19470603,0,OKC02,h,CVB,0,1,0,regular,y,
KCM194706030,greej108,KCM,1,2,value,27,9,0,0,0,0,0,,,,1,19470603,0,OKC02,h,CVB,0,1,0,regular,y,
KCM194706030,strot101,KCM,1,9,value,27,0,0,0,0,0,,,,,1,19470603,0,OKC02,h,CVB,0,1,0,regular,y,
KCM194706030,oneib801,KCM,1,3,value,27,11,1,0,0,0,,,,,1,19470603,0,OKC02,h,CVB,0,1,0,regular,y,
KCM194706030,smitf107,KCM,1,1,value,27,1,1,1,0,0,,,,,1,19470603,0,OKC02,h,CVB,0,1,0,regular,y,
MEM194706120,warrj101,CAG,1,4,value,27,2,4,1,1,0,,,,,1,19470612,0,OKC02,v,MEM,1,0,0,regular,y,
MEM194706120,armob101,CAG,1,8,value,27,4,0,0,0,0,,,,,1,19470612,0,OKC02,v,MEM,1,0,0,regular,y,
MEM194706120,longb101,CAG,1,5,value,27,1,3,0,2,0,,,,,1,19470612,0,OKC02,v,MEM,1,0,0,regular,y,
MEM194706120,ritcj102,CAG,1,2,value,27,2,0,0,0,0,0,,,,1,19470612,0,OKC02,v,MEM,1,0,0,regular,y,
MEM194706120,mccuj101,CAG,1,9,value,27,2,0,0,0,0,,,,,1,19470612,0,OKC02,v,MEM,1,0,0,regular,y,
MEM194706120,hills101,CAG,1,7,value,27,2,0,0,0,0,,,,,1,19470612,0,OKC02,v,MEM,1,0,0,regular,y,
MEM194706120,bostl102,CAG,1,3,value,27,11,1,0,1,0,,,,,1,19470612,0,OKC02,v,MEM,1,0,0,regular,y,
MEM194706120,mcnec101,CAG,1,6,value,27,3,1,0,0,0,,,,,1,19470612,0,OKC02,v,MEM,1,0,0,regular,y,
MEM194706120,stewr101,CAG,1,1,value,27,0,2,0,0,0,,,,,1,19470612,0,OKC02,v,MEM,1,0,0,regular,y,
MEM194706120,bankf101,MEM,1,5,value,,0,1,0,0,0,,,,,1,19470612,0,OKC02,h,CAG,0,1,0,regular,y,
MEM194706120,scotj108,MEM,1,8,value,,0,0,0,0,0,,,,,,19470612,0,OKC02,h,CAG,0,1,0,regular,y,
MEM194706120,hydec101,MEM,1,7,value,27,2,0,1,0,0,,,,,1,19470612,0,OKC02,h,CAG,0,1,0,regular,y,
MEM194706120,handg102,MEM,1,4,value,27,3,8,1,0,0,,,,,1,19470612,0,OKC02,h,CAG,0,1,0,regular,y,
MEM194706120,formp101,MEM,1,9,value,27,0,0,0,0,0,,,,,1,19470612,0,OKC02,h,CAG,0,1,0,regular,y,
MEM194706120,boydb102,MEM,1,3,value,27,9,0,0,0,0,,,,,1,19470612,0,OKC02,h,CAG,0,1,0,regular,y,
MEM194706120,colaj101,MEM,1,8,value,,2,0,0,0,0,,,,,1,19470612,0,OKC02,h,CAG,0,1,0,regular,y,
MEM194706120,colaj101,MEM,2,5,value,,,,0,0,0,,,,,1,19470612,0,OKC02,h,CAG,0,1,0,regular,y,
MEM194706120,longr102,MEM,1,2,value,27,8,1,0,0,0,0,,,,1,19470612,0,OKC02,h,CAG,0,1,0,regular,y,
MEM194706120,wellw102,MEM,1,6,value,,3,3,1,0,0,,,,,1,19470612,0,OKC02,h,CAG,0,1,0,regular,y,
MEM194706120,cartm101,MEM,1,6,value,,0,1,0,0,0,,,,,,19470612,0,OKC02,h,CAG,0,1,0,regular,y,
MEM194706120,bankd101,MEM,1,1,value,27,0,0,0,0,0,,,,,1,19470612,0,OKC02,h,CAG,0,1,0,regular,y,
KCM194706260,scotj108,MEM,1,7,value,27,6,0,0,0,0,,,,,1,19470626,0,OKC02,v,KCM,1,0,0,regular,y,
KCM194706260,bankf101,MEM,1,5,value,27,1,1,1,0,0,,,,,1,19470626,0,OKC02,v,KCM,1,0,0,regular,y,
KCM194706260,handg102,MEM,1,4,value,27,1,2,0,0,0,,,,,1,19470626,0,OKC02,v,KCM,1,0,0,regular,y,
KCM194706260,formp101,MEM,1,9,value,27,0,0,0,0,0,,,,,1,19470626,0,OKC02,v,KCM,1,0,0,regular,y,
KCM194706260,boydb102,MEM,1,3,value,27,4,1,0,0,0,,,,,1,19470626,0,OKC02,v,KCM,1,0,0,regular,y,
KCM194706260,colaj101,MEM,1,8,value,27,6,0,0,0,0,,,,,1,19470626,0,OKC02,v,KCM,1,0,0,regular,y,
KCM194706260,longr102,MEM,1,2,value,27,8,0,0,0,0,0,,,,1,19470626,0,OKC02,v,KCM,1,0,0,regular,y,
KCM194706260,wellw102,MEM,1,6,value,27,0,0,1,0,0,,,,,1,19470626,0,OKC02,v,KCM,1,0,0,regular,y,
KCM194706260,mathv101,MEM,1,1,value,15,0,0,0,0,0,,,,,1,19470626,0,OKC02,v,KCM,1,0,0,regular,y,
KCM194706260,carts102,MEM,1,1,value,12,1,0,0,0,0,,,,,,19470626,0,OKC02,v,KCM,1,0,0,regular,y,
KCM194706260,soueh101,KCM,1,5,value,27,1,1,0,0,0,,,,,1,19470626,0,OKC02,h,MEM,0,1,0,regular,y,
KCM194706260,oneib801,KCM,1,3,value,27,15,0,0,0,0,,,,,1,19470626,0,OKC02,h,MEM,0,1,0,regular,y,
KCM194706260,thomh103,KCM,1,6,value,27,0,5,2,0,0,,,,,1,19470626,0,OKC02,h,MEM,0,1,0,regular,y,
KCM194706260,broww101,KCM,1,8,value,27,3,2,0,0,0,,,,,1,19470626,0,OKC02,h,MEM,0,1,0,regular,y,
KCM194706260,strot101,KCM,1,9,value,27,1,0,0,0,0,,,,,1,19470626,0,OKC02,h,MEM,0,1,0,regular,y,
KCM194706260,greej108,KCM,1,2,value,27,2,0,1,0,0,0,,,,1,19470626,0,OKC02,h,MEM,0,1,0,regular,y,
KCM194706260,scotj106,KCM,1,7,value,27,1,0,0,0,0,,,,,1,19470626,0,OKC02,h,MEM,0,1,0,regular,y,
KCM194706260,renfc101,KCM,1,4,value,27,4,3,2,0,0,,,,,1,19470626,0,OKC02,h,MEM,0,1,0,regular,y,
KCM194706260,johnc103,KCM,1,1,value,10,0,1,0,0,0,,,,,1,19470626,0,OKC02,h,MEM,0,1,0,regular,y,
KCM194706260,berrc104,KCM,1,1,value,3,0,0,0,0,0,,,,,,19470626,0,OKC02,h,MEM,0,1,0,regular,y,
KCM194706260,wylis101,KCM,1,1,value,14,0,1,0,0,0,,,,,,19470626,0,OKC02,h,MEM,0,1,0,regular,y,
MEM194707080,pattg104,NY5,1,8,value,27,0,0,0,0,0,,,,,1,19470708,0,OKC02,v,MEM,1,0,0,exhibition,y,
MEM194707080,hardw101,NY5,1,4,value,27,6,4,0,0,0,,,,,1,19470708,0,OKC02,v,MEM,1,0,0,exhibition,y,
MEM194707080,smitj112,NY5,1,9,value,27,0,0,0,0,0,,,,,1,19470708,0,OKC02,v,MEM,1,0,0,exhibition,y,
MEM194707080,parrc101,NY5,1,6,value,27,2,0,1,0,0,,,,,1,19470708,0,OKC02,v,MEM,1,0,0,exhibition,y,
MEM194707080,crowg101,NY5,1,3,value,27,9,6,1,0,0,,,,,1,19470708,0,OKC02,v,MEM,1,0,0,exhibition,y,
MEM194707080,wilsd103,NY5,1,7,value,27,2,0,0,0,0,,,,,1,19470708,0,OKC02,v,MEM,1,0,0,exhibition,y,
MEM194707080,hayej104,NY5,1,2,value,27,4,1,0,0,0,0,,,,1,19470708,0,OKC02,v,MEM,1,0,0,exhibition,y,
MEM194707080,seayd101,NY5,1,5,value,27,3,1,0,0,0,,,,,1,19470708,0,OKC02,v,MEM,1,0,0,exhibition,y,
MEM194707080,barbb102,NY5,1,1,value,27,1,1,0,0,0,,,,,1,19470708,0,OKC02,v,MEM,1,0,0,exhibition,y,
MEM194707080,scotj108,MEM,1,7,value,27,3,0,0,0,0,,,,,1,19470708,0,OKC02,h,NY5,0,1,0,exhibition,y,
MEM194707080,bankf101,MEM,1,4,value,27,4,1,1,0,0,,,,,1,19470708,0,OKC02,h,NY5,0,1,0,exhibition,y,
MEM194707080,cartm101,MEM,1,5,value,27,1,3,2,0,0,,,,,1,19470708,0,OKC02,h,NY5,0,1,0,exhibition,y,
MEM194707080,boydb102,MEM,1,3,value,27,7,0,0,0,0,,,,,1,19470708,0,OKC02,h,NY5,0,1,0,exhibition,y,
MEM194707080,hydec101,MEM,1,9,value,27,1,0,1,0,0,,,,,1,19470708,0,OKC02,h,NY5,0,1,0,exhibition,y,
MEM194707080,colaj101,MEM,1,8,value,27,1,0,0,0,0,,,,,1,19470708,0,OKC02,h,NY5,0,1,0,exhibition,y,
MEM194707080,longr102,MEM,1,2,value,27,10,2,0,0,0,0,,,,1,19470708,0,OKC02,h,NY5,0,1,0,exhibition,y,
MEM194707080,wellw102,MEM,1,6,value,27,0,3,0,0,0,,,,,1,19470708,0,OKC02,h,NY5,0,1,0,exhibition,y,
MEM194707080,ramsl101,MEM,1,1,value,7,0,0,0,0,0,,,,,1,19470708,0,OKC02,h,NY5,0,1,0,exhibition,y,
MEM194707080,bankd101,MEM,1,1,value,20,0,1,0,0,0,,,,,,19470708,0,OKC02,h,NY5,0,1,0,exhibition,y,
KCM194804220,jonec108,MEM,1,2,value,26,,,0,,0,,,,,1,19480422,0,OKC02,v,KCM,0,1,0,exhibition,,
KCM194804220,mathv101,MEM,1,1,value,6,,,0,,0,0,,,,,19480422,0,OKC02,v,KCM,0,1,0,exhibition,,
KCM194804220,robin101,MEM,1,8,value,26,,,0,,0,0,,,,,19480422,0,OKC02,v,KCM,0,1,0,exhibition,,
KCM194804220,sharp101,MEM,1,1,value,18,,,0,,0,0,,,,1,19480422,0,OKC02,v,KCM,0,1,0,exhibition,,
KCM194804220,broww101,KCM,1,8,value,27,,,0,,0,0,,,,,19480422,0,OKC02,h,MEM,1,0,0,exhibition,,
KCM194804220,smith111,KCM,1,1,value,15,,,0,,0,0,,,,,19480422,0,OKC02,h,MEM,1,0,0,exhibition,,
KCM194804220,taboe101,KCM,1,2,value,27,,,0,,0,,,,,1,19480422,0,OKC02,h,MEM,1,0,0,exhibition,,
KCM194804220,willu103,KCM,1,1,value,9,,,0,,0,0,,,,1,19480422,0,OKC02,h,MEM,1,0,0,exhibition,,
KCM194804280,cabrl101,IN9,1,1,value,3,,,0,,0,0,,,,,19480428,0,OKC02,v,KCM,0,1,0,exhibition,,
KCM194804280,garca101,IN9,1,1,value,21,,,0,,0,0,,,,1,19480428,0,OKC02,v,KCM,0,1,0,exhibition,,
KCM194804280,neilr101,IN9,1,4,value,24,2,,0,1,0,0,,,,,19480428,0,OKC02,v,KCM,0,1,0,exhibition,,
KCM194804280,piggl101,IN9,1,2,value,24,,,0,,0,,,,,1,19480428,0,OKC02,v,KCM,0,1,0,exhibition,,
KCM194804280,bakeg101,KCM,1,6,value,27,2,,0,1,0,0,,,,,19480428,0,OKC02,h,IN9,1,0,0,exhibition,,
KCM194804280,stubm102,KCM,1,1,value,27,,,0,,0,0,,,,1,19480428,0,OKC02,h,IN9,1,0,0,exhibition,,
KCM194804280,taboe101,KCM,1,2,value,27,,,0,,0,,,,,1,19480428,0,OKC02,h,IN9,1,0,0,exhibition,,
KCM194804290,bennj102,IN9,1,1,value,27,,,0,,0,0,,,,1,19480429,0,OKC02,v,KCM,1,0,0,exhibition,,
KCM194804290,piggl101,IN9,1,2,value,27,,,0,,0,,,,,1,19480429,0,OKC02,v,KCM,1,0,0,exhibition,,
KCM194804290,taboe101,KCM,1,2,value,27,,,0,,0,,,,,1,19480429,0,OKC02,h,IN9,0,1,0,exhibition,,
KCM194804290,willu103,KCM,1,1,value,27,,,0,,0,0,,,,1,19480429,0,OKC02,h,IN9,0,1,0,exhibition,,
KCM194805200,breme101,CVB,1,1,value,,,,0,,0,0,,,,1,19480520,0,OKC02,v,KCM,0,1,0,regular,,
KCM194805200,harrt102,CVB,1,2,value,24,,,0,,0,,,,,1,19480520,0,OKC02,v,KCM,0,1,0,regular,,
KCM194805200,jones105,CVB,1,1,value,,,,0,,0,0,,,,,19480520,0,OKC02,v,KCM,0,1,0,regular,,
KCM194805200,collg101,KCM,1,1,value,12,,,0,,0,0,,,,1,19480520,0,OKC02,h,CVB,1,0,0,regular,,
KCM194805200,lamaj102,KCM,1,1,value,12,,,0,,0,0,,,,,19480520,0,OKC02,h,CVB,1,0,0,regular,,
KCM194805200,taboe101,KCM,1,2,value,27,,,0,,0,,,,,1,19480520,0,OKC02,h,CVB,1,0,0,regular,,
MEM194809290,barnh103,MEM,1,2,value,27,,,0,,0,,,,,1,19480929,0,OKC02,h,NY5,1,0,0,exhibition,,
MEM194904270,thomf110,MEM,,1,value,,,,,,,,,,,,19490427,0,OKC02,h,CAG,1,0,0,exhibition,,
MEM194906130,wallb102,HOE,1,2,value,25,,,,,,,,,,1,19490613,0,OKC02,v,MEM,0,1,0,regular,,
MEM194906130,gibsw102,HOE,1,1,value,,,,,,,,,,,1,19490613,0,OKC02,v,MEM,0,1,0,regular,,
MEM194906130,mannm101,HOE,2,1,value,,,,,,,,,,,,19490613,0,OKC02,v,MEM,0,1,0,regular,,
MEM194906130,colac101,MEM,1,2,value,27,,,,,,,,,,1,19490613,0,OKC02,h,HOE,1,0,0,regular,,
MEM194906130,mathv101,MEM,1,1,value,27,,,,,,,,,,1,19490613,0,OKC02,h,HOE,1,0,0,regular,,
