gid,team,inn1,inn2,inn3,inn4,inn5,inn6,inn7,inn8,inn9,inn10,inn11,inn12,inn13,inn14,inn15,inn16,inn17,inn18,inn19,inn20,inn21,inn22,inn23,inn24,inn25,inn26,inn27,inn28,lob,mgr,stattype,b_pa,b_ab,b_r,b_h,b_d,b_t,b_hr,b_rbi,b_sh,b_sf,b_hbp,b_w,b_iw,b_k,b_sb,b_cs,b_gdp,b_xi,b_roe,p_ipouts,p_noout,p_bfp,p_h,p_d,p_t,p_hr,p_r,p_er,p_w,p_iw,p_k,p_hbp,p_wp,p_bk,p_sh,p_sf,p_sb,p_cs,p_pb,d_po,d_a,d_e,d_dp,d_tp,d_pb,d_wp,d_sb,d_cs,start_l1,start_l2,start_l3,start_l4,start_l5,start_l6,start_l7,start_l8,start_l9,start_f1,start_f2,start_f3,start_f4,start_f5,start_f6,start_f7,start_f8,start_f9,start_f10,date,number,site,vishome,opp,win,loss,tie,gametype,box,pbp
NYL191208240,CUW,0,0,0,0,0,0,0,2,0,,,,,,,,,,,,,,,,,,,,7,molit801,value,36,33,2,6,1,0,0,2,2,,0,1,,4,1,,,0,,27,,36,6,1,0,0,1,1,1,,8,1,0,0,0,,0,,1,27,10,4,1,0,1,0,0,,chacp101,morac104,garcr103,hidah101,pedre101,magrj101,villm101,figar101,mendj101,mendj101,garcr103,figar101,villm101,morac104,chacp101,magrj101,hidah101,pedre101,,19120824,0,NYC14,v,NYL,1,0,0,exhibition,y,
NYL191208240,NYL,0,0,0,0,0,0,0,0,1,,,,,,,,,,,,,,,,,,,,8,lloyj101,value,36,34,1,6,1,0,0,0,0,,1,1,,8,0,,,0,,27,,36,6,1,0,0,2,2,1,,4,0,0,0,2,,1,,0,27,9,4,0,0,0,0,1,,poles101,franb101,gansj101,lloyj101,pettb102,moore104,wrigg104,bookp101,willj109,willj109,bookp101,pettb102,wrigg104,franb101,lloyj101,gansj101,poles101,moore104,,19120824,0,NYC14,h,CUW,0,1,0,exhibition,y,
NYL191307180,CAG,0,0,0,0,0,3,0,0,0,,,,,,,,,,,,,,,,,,,,,fostr105,value,,,3,11,,,,,,,,,,,,,,,,24,,,15,,,,8,,,,,,,,,,,,,24,,2,,0,,,,,,,,,,,,,,dougc102,petwb101,,,,,,,,,19130718,0,NYC22,v,NYL,0,1,0,championship,,
NYL191307180,NYL,0,1,4,0,0,0,0,3,,,,,,,,,,,,,,,,,,,,,,lloyj101,value,,,8,15,,,,,,,,,,,,,,,,27,,,11,,,,3,,,,,,,,,,,,,27,,2,,0,,,,,,,,,,,,,,willj109,wiled101,,,,,,,,,19130718,0,NYC22,h,CAG,1,0,0,championship,,
NYL191307190,CAG,0,0,4,4,0,0,3,0,0,,,,,,,,,,,,,,,,,,,,,fostr105,value,,,11,13,,,,,,,,,,,,,,,,27,,,16,,,,11,,,,,,,,,,,,,27,,2,,0,,,,,,,,,,,,,,lindb103,petwb101,,,,,,,,,19130719,0,NYC22,v,NYL,0,0,1,championship,,
NYL191307190,NYL,7,0,0,0,0,0,0,3,1,,,,,,,,,,,,,,,,,,,,,lloyj101,value,,,11,16,,,,,,,,,,,,,,,,27,,,13,,,,11,,,,,,,,,,,,,27,,2,,0,,,,,,,,,,,,,,reddd101,santl101,,,,,,,,,19130719,0,NYC22,h,CAG,0,0,1,championship,,
NYL191307201,CAG,1,0,0,0,0,1,0,2,0,,,,,,,,,,,,,,,,,,,,8,fostr105,value,39,36,4,12,1,0,0,,2,,0,1,,8,5,,,,,26,,40,10,0,0,1,5,5,4,,5,0,0,0,1,,1,,0,26,17,0,0,0,0,0,1,,duncf101,hillp102,barbj103,taylj105,monrb102,petwb101,pierb104,hutcf102,lindb103,lindb103,petwb101,pierb104,monrb102,taylj105,hutcf102,duncf101,hillp102,barbj103,,19130720,1,NYC22,v,NYL,0,1,0,championship,y,
NYL191307201,NYL,0,0,0,0,4,0,0,0,1,,,,,,,,,,,,,,,,,,,,9,lloyj101,value,40,35,5,10,0,0,1,5,1,,0,4,,5,1,,,,,27,,39,12,1,0,0,4,,1,,8,0,0,0,2,,5,,0,27,9,1,0,0,0,0,5,,poles101,gansj101,lloyj101,johng103,santl101,wiled101,granl101,willj109,franb101,willj109,wiled101,granl101,johng103,franb101,lloyj101,gansj101,poles101,santl101,,19130720,1,NYC22,h,CAG,1,0,0,championship,y,
NYL191307202,CAG,0,0,0,0,1,0,2,0,3,,,,,,,,,,,,,,,,,,,,6,fostr105,value,39,37,6,15,0,0,2,,0,,0,2,,2,1,,,,,27,,39,11,3,0,0,5,,4,,5,3,0,0,2,,2,,0,27,17,5,2,0,0,0,2,,duncf101,hillp102,barbj103,taylj105,monrb102,petwb101,pierb104,hutcf102,johnd108,johnd108,petwb101,pierb104,monrb102,taylj105,hutcf102,duncf101,hillp102,barbj103,,19130720,2,NYC22,v,NYL,1,0,0,championship,y,
NYL191307202,NYL,0,0,2,0,2,1,0,0,0,,,,,,,,,,,,,,,,,,,,7,lloyj101,value,39,30,5,11,3,0,0,,2,,3,4,,5,2,,,,,27,,39,15,0,0,2,6,6,2,,2,0,0,0,0,,1,,0,27,18,1,3,0,0,0,1,,poles101,gansj101,lloyj101,johng103,santl101,wiled101,granl101,franb101,wadel101,wadel101,santl101,granl101,johng103,franb101,lloyj101,gansj101,poles101,wiled101,,19130720,2,NYC22,h,CAG,0,1,0,championship,y,
CAG191307270,NYL,0,0,3,0,0,3,1,1,0,,,,,,,,,,,,,,,,,,,,8,lloyj101,value,43,42,8,10,1,0,1,7,0,0,0,1,0,7,1,0,0,0,6,27,0,30,6,0,0,0,0,0,2,0,5,0,0,0,0,0,0,0,0,27,10,0,1,0,0,0,0,0,poles101,gansj101,lloyj101,johng103,santl101,wiled101,willj109,granl101,franb101,willj109,wiled101,granl101,johng103,franb101,lloyj101,gansj101,poles101,santl101,,19130727,0,CHI09,v,CAG,1,0,0,championship,y,y
CAG191307270,CAG,0,0,0,0,0,0,0,0,0,,,,,,,,,,,,,,,,,,,,3,fostr105,value,30,28,0,6,0,0,0,0,0,0,0,2,0,5,0,0,0,0,0,27,0,43,10,1,0,1,8,5,1,0,7,0,0,0,0,0,1,0,0,27,14,5,0,0,0,0,1,0,petwb101,hillp102,barbj103,pierb104,taylj105,monrb102,duncf101,lindb103,hutcf102,lindb103,petwb101,pierb104,monrb102,taylj105,hutcf102,duncf101,hillp102,barbj103,,19130727,0,CHI09,h,NYL,0,1,0,championship,y,y
CAG191307280,NYL,1,0,1,0,0,0,1,0,0,,,,,,,,,,,,,,,,,,,,7,lloyj101,value,37,36,3,8,2,0,0,2,0,0,0,1,0,5,0,0,1,0,3,27,0,34,7,0,0,0,1,0,1,0,1,0,0,0,1,0,2,0,0,27,14,1,0,0,0,0,2,0,poles101,gansj101,lloyj101,johng103,santl101,wiled101,granl101,franb101,wadel101,wadel101,santl101,granl101,johng103,franb101,lloyj101,gansj101,poles101,wiled101,,19130728,0,CHI09,v,CAG,1,0,0,championship,y,y
CAG191307280,CAG,0,0,0,0,0,1,0,0,0,,,,,,,,,,,,,,,,,,,,6,fostr105,value,34,32,1,7,0,0,0,1,1,0,0,1,0,1,2,0,0,0,0,27,0,37,8,2,0,0,3,2,1,0,5,0,0,0,0,0,0,0,0,27,16,4,1,0,0,0,0,0,petwb101,hillp102,taylb108,barbj103,taylj105,duncf101,gateb101,monrb102,hutcf102,gateb101,petwb101,taylb108,monrb102,taylj105,hutcf102,duncf101,hillp102,barbj103,,19130728,0,CHI09,h,NYL,0,1,0,championship,y,y
CAG191307290,NYL,1,0,0,0,0,0,0,1,4,,,,,,,,,,,,,,,,,,,,10,lloyj101,value,43,36,6,12,3,0,0,6,1,0,1,5,0,3,1,1,0,0,2,25,0,42,11,1,2,0,7,3,4,0,1,2,1,0,1,0,6,2,0,25,16,4,0,0,0,1,6,2,poles101,gansj101,lloyj101,johng103,santl101,wiled101,granl101,franb101,barts101,barts101,wiled101,granl101,johng103,franb101,lloyj101,gansj101,poles101,santl101,,19130729,0,CHI09,v,CAG,0,1,0,championship,y,y
CAG191307290,CAG,2,2,1,0,0,1,0,0,1,,,,,,,,,,,,,,,,,,,,10,fostr105,value,42,35,7,11,1,2,0,4,1,0,2,4,0,1,6,2,0,0,3,27,0,43,12,3,0,0,6,5,5,0,3,1,0,0,1,0,1,1,0,27,17,3,0,0,0,0,1,1,petwb101,hillp102,taylb108,kindb101,taylj105,duncf101,barbj103,hutcf102,craws102,craws102,petwb101,taylb108,kindb101,taylj105,hutcf102,duncf101,hillp102,barbj103,,19130729,0,CHI09,h,NYL,1,0,0,championship,y,y
CAG191307300,NYL,4,0,0,0,0,0,1,0,0,,,,,,,,,,,,,,,,,,,,7,lloyj101,value,39,36,5,9,1,1,0,4,0,0,1,2,0,4,0,1,0,0,1,24,0,41,15,3,2,0,9,9,3,0,1,0,0,0,0,0,2,1,0,24,8,3,0,0,0,0,2,1,poles101,gansj101,lloyj101,johng103,santl101,wiled101,willj109,granl101,franb101,willj109,wiled101,granl101,johng103,franb101,lloyj101,gansj101,poles101,santl101,,19130730,0,CHI09,v,CAG,0,1,0,championship,y,y
CAG191307300,CAG,3,1,0,1,2,1,0,1,,,,,,,,,,,,,,,,,,,,,8,fostr105,value,41,38,9,15,3,2,0,8,0,0,0,3,0,1,2,1,0,0,0,27,0,39,9,1,1,0,5,5,2,0,4,1,0,0,0,0,0,1,0,27,12,3,0,0,0,0,0,1,petwb101,hillp102,taylb108,kindb101,taylj105,duncf101,barbj103,hutcf102,johnd108,johnd108,petwb101,taylb108,kindb101,taylj105,hutcf102,duncf101,hillp102,barbj103,,19130730,0,CHI09,h,NYL,1,0,0,championship,y,y
CAG191307310,NYL,1,0,0,0,0,0,0,0,0,,,,,,,,,,,,,,,,,,,,6,lloyj101,value,34,30,1,5,0,0,0,1,2,0,0,2,1,7,1,0,1,0,1,24,0,30,5,0,0,0,2,0,2,0,4,0,0,0,1,0,0,1,0,24,16,1,0,0,0,0,0,1,poles101,payna101,lloyj101,johng103,santl101,wiled101,granl101,franb101,wadel101,wadel101,santl101,granl101,johng103,franb101,lloyj101,payna101,poles101,wiled101,,19130731,0,CHI09,v,CAG,0,1,0,championship,y,y
CAG191307310,CAG,0,0,0,2,0,0,0,0,,,,,,,,,,,,,,,,,,,,,4,fostr105,value,30,27,2,5,0,0,0,1,1,0,0,2,0,4,0,1,0,0,1,27,0,34,5,0,0,0,1,0,2,1,7,0,0,0,2,0,1,0,0,27,7,2,1,0,0,0,1,0,petwb101,hillp102,taylb108,kindb101,duncf101,barbj103,taylj105,lindb103,hutcf102,lindb103,petwb101,taylb108,kindb101,taylj105,hutcf102,duncf101,hillp102,barbj103,,19130731,0,CHI09,h,NYL,1,0,0,championship,y,y
CAG191308022,NYL,1,0,4,0,0,0,2,2,0,,,,,,,,,,,,,,,,,,,,13,lloyj101,value,49,41,9,14,1,1,0,0,0,,0,8,,2,0,,,,,27,,38,8,0,1,0,3,,3,,3,0,0,0,0,,0,,0,27,13,5,0,0,0,0,0,,poles101,payna101,lloyj101,johng103,santl101,willj109,granl101,wiled101,franb101,willj109,santl101,granl101,johng103,franb101,lloyj101,payna101,poles101,wiled101,,19130802,2,CHI09,v,CAG,1,0,0,championship,y,
CAG191308022,CAG,0,0,0,0,0,2,0,0,1,,,,,,,,,,,,,,,,,,,,8,fostr105,value,38,35,3,8,0,1,0,0,0,,0,3,,3,0,,,,,27,,49,14,1,1,0,9,,8,,2,0,0,0,0,,0,,0,27,17,4,1,0,0,0,0,,petwb101,hillp102,taylb108,kindb101,duncf101,barbj103,taylj105,gateb101,hutcf102,gateb101,petwb101,taylb108,kindb101,taylj105,hutcf102,duncf101,hillp102,barbj103,,19130802,2,CHI09,h,NYL,0,1,0,championship,y,
CUW191308021,NYL,0,0,1,0,0,0,0,2,2,1,,,,,,,,,,,,,,,,,,,12,lloyj101,value,48,41,6,14,2,1,0,6,1,0,0,6,1,4,2,0,0,0,1,30,0,42,8,1,0,1,5,4,4,0,3,0,1,0,1,0,1,0,0,30,13,2,2,0,0,1,1,0,poles101,payna101,lloyj101,johng103,santl101,granl101,wiled101,franb101,reddd101,reddd101,santl101,granl101,johng103,franb101,lloyj101,payna101,poles101,wiled101,,19130802,1,CHI09,v,CUW,1,0,0,exhibition,y,y
CUW191308021,CUW,0,0,0,1,0,0,4,0,0,0,,,,,,,,,,,,,,,,,,,7,molit801,value,42,37,5,8,1,0,1,4,1,0,0,4,0,3,1,0,1,0,2,30,0,48,14,2,1,0,6,6,6,1,4,0,1,0,1,0,2,0,0,30,10,1,2,0,0,1,2,0,chacp101,morac104,villm101,torrc101,hidah101,parpa101,bustl101,figar101,pedre101,pedre101,figar101,parpa101,villm101,morac104,chacp101,bustl101,hidah101,torrc101,,19130802,1,CHI09,h,NYL,0,1,0,exhibition,y,y
CAG191308090,NYL,0,1,3,5,0,1,1,0,0,,,,,,,,,,,,,,,,,,,,6,lloyj101,value,44,41,11,14,2,1,0,,0,,0,3,,5,0,,,,,27,,42,10,0,0,1,6,,3,,5,0,0,0,0,,0,,0,27,10,4,0,0,0,0,0,,poles101,hewij102,lloyj101,johng103,benns101,wiled101,granl101,willj109,franb101,willj109,wiled101,granl101,johng103,franb101,lloyj101,benns101,poles101,hewij102,,19130809,0,CHI09,v,CAG,1,0,0,championship,y,
CAG191308090,CAG,3,0,3,0,0,0,0,0,0,,,,,,,,,,,,,,,,,,,,9,fostr105,value,42,39,6,10,0,0,1,,0,,0,3,,5,0,,,,,27,,44,14,2,1,0,11,,3,,5,0,0,0,0,,0,,0,27,12,2,1,0,0,0,0,,petwb101,hillp102,taylb108,lindb103,barbj103,taylj105,gateb101,monrb102,hutcf102,gateb101,petwb101,taylb108,monrb102,taylj105,hutcf102,hillp102,lindb103,barbj103,,19130809,0,CHI09,h,NYL,0,1,0,championship,y,
CAG191308121,NYL,1,0,1,0,0,1,0,0,0,,,,,,,,,,,,,,,,,,,,11,lloyj101,value,41,35,3,10,1,0,0,2,3,0,0,3,0,1,2,0,0,0,2,27,0,36,8,1,0,0,2,2,2,0,4,0,0,0,1,0,4,0,0,27,12,2,0,0,0,0,4,0,poles101,hewij102,lloyj101,johng103,benns101,santl101,granl101,franb101,wadel101,wadel101,santl101,granl101,johng103,franb101,lloyj101,benns101,poles101,hewij102,,19130812,1,CHI09,v,CAG,1,0,0,championship,y,y
CAG191308121,CAG,1,0,0,0,0,0,0,1,0,,,,,,,,,,,,,,,,,,,,7,fostr105,value,36,33,2,8,1,0,0,2,1,0,0,2,0,4,4,0,0,0,1,27,0,41,10,1,0,0,3,2,3,0,1,0,0,0,3,0,2,0,0,27,14,2,1,0,0,0,2,0,petwb101,hillp102,taylb108,duncf101,barbj103,taylj105,hutcf102,demob102,craws102,craws102,petwb101,taylb108,demob102,taylj105,hutcf102,duncf101,hillp102,barbj103,,19130812,1,CHI09,h,NYL,0,1,0,championship,y,y
CAG191308122,NYL,0,0,0,0,0,0,0,0,0,,,,,,,,,,,,,,,,,,,,3,lloyj101,value,30,27,0,4,1,0,0,0,0,,0,3,,6,0,,,,,24,,34,8,0,0,0,3,,4,,3,0,0,0,0,,0,,0,24,11,2,0,0,0,0,0,,poles101,hewij102,lloyj101,johng103,benns101,wiled101,granl101,willj109,franb101,willj109,wiled101,granl101,johng103,franb101,lloyj101,benns101,poles101,hewij102,,19130812,2,CHI09,v,CAG,0,1,0,championship,y,
CAG191308122,CAG,0,0,1,0,0,0,0,2,,,,,,,,,,,,,,,,,,,,,7,fostr105,value,34,30,3,8,0,0,0,0,0,,0,4,,3,0,,,,,27,,30,4,1,0,0,0,0,3,,6,0,0,0,0,,0,,0,27,11,0,0,0,0,0,0,,barbj103,hillp102,taylb108,duncf101,bookp101,taylj105,hutcf102,demob102,taylj104,taylj104,bookp101,taylb108,demob102,taylj105,hutcf102,duncf101,hillp102,barbj103,,19130812,2,CHI09,h,NYL,1,0,0,championship,y,
CAG191308130,NYL,0,0,0,0,1,0,0,3,0,,,,,,,,,,,,,,,,,,,,7,lloyj101,value,38,35,4,11,1,0,0,4,0,0,1,2,0,3,1,1,0,0,1,27,0,40,9,1,0,0,1,1,5,0,2,1,0,0,1,0,3,2,0,27,16,0,0,0,0,0,3,2,poles101,hewij102,gansj101,johng103,benns101,santl101,granl101,wiled101,franb101,gansj101,santl101,granl101,hewij102,franb101,johng103,benns101,poles101,wiled101,,19130813,0,CHI09,v,CAG,1,0,0,championship,y,y
CAG191308130,CAG,0,0,0,0,0,0,0,0,1,,,,,,,,,,,,,,,,,,,,12,fostr105,value,40,33,1,9,1,0,0,1,1,0,1,5,0,2,3,2,0,0,0,27,0,38,11,1,0,0,4,4,2,0,3,1,0,0,0,0,1,1,0,27,22,0,1,0,0,0,1,1,petwb101,hillp102,taylb108,duncf101,barbj103,taylj105,hutcf102,demob102,gateb101,gateb101,petwb101,taylb108,demob102,taylj105,hutcf102,duncf101,hillp102,barbj103,,19130813,0,CHI09,h,NYL,0,1,0,championship,y,y
ACY192007112,NYL,2,1,2,0,0,0,0,2,0,,,,,,,,,,,,,,,,,,,,,willj109,value,,,7,10,1,4,,5,,,,,,,,,,,,27,,,10,1,,,5,,,,,,,,,,,,,27,,1,,0,,,,,,,,,,,,,,reava101,wiled101,,,,,,,,,19200711,2,NYC15,v,ACY,1,0,0,exhibition,,
ACY192007112,ACY,1,2,2,0,0,0,0,0,0,,,,,,,,,,,,,,,,,,,,,reddd101,value,,,5,10,1,,,,,,,,,,,,,,,27,,,10,1,4,,7,,,,,,,,,,,,,27,,2,,0,,,,,,,,,,,,,,treah101,rojoj101,,,,,,,,,19200711,2,NYC15,h,NYL,0,1,0,exhibition,,
NYL192007111,ACY,0,0,1,2,0,0,2,0,0,,,,,,,,,,,,,,,,,,,,,reddd101,value,,,5,11,1,2,,,,,1,,,,,,,,,27,,,4,,1,,0,0,,,1,,,,,,,,,27,,0,,0,,,,,,,,,,,,,,reddd101,rojoj101,,,,,,,,,19200711,1,NYC15,v,NYL,1,0,0,exhibition,,
NYL192007111,NYL,0,0,0,0,0,0,0,0,0,,,,,,,,,,,,,,,,,,,,,willj109,value,,,0,4,,1,,0,,,,,,1,,,,,,27,,,11,1,2,,5,5,,,,1,,,,,,,,27,,1,,0,,,,,,,,,,,,,,willj109,wiled101,,,,,,,,,19200711,1,NYC15,h,ACY,0,1,0,exhibition,,
ACY192008291,NYL,0,0,0,0,0,0,0,0,0,,,,,,,,,,,,,,,,,,,,7,willj109,value,34,32,0,3,0,1,0,0,0,,1,1,,6,1,,,0,,24,,36,9,2,1,0,6,,1,,3,0,0,0,0,,1,,0,24,8,6,0,0,0,0,1,,poles101,jenkf102,wiled101,thomj103,willj109,whitb110,mongs101,perrc102,norme101,willj109,whitb110,wiled101,perrc102,mongs101,norme101,poles101,thomj103,jenkf102,,19200829,1,NYC15,v,ACY,0,1,0,exhibition,y,
ACY192008291,ACY,2,0,1,0,0,0,0,3,,,,,,,,,,,,,,,,,,,,,6,reddd101,value,36,35,6,9,2,1,0,,0,,0,1,,3,1,,,0,,27,,34,3,0,1,0,0,0,1,,6,1,0,0,0,,1,,1,27,7,3,1,0,1,0,1,,barbj103,marco101,browc106,lundd103,handb102,pierb104,medel101,rojoj101,reddd101,reddd101,rojoj101,pierb104,handb102,marco101,lundd103,browc106,medel101,barbj103,,19200829,1,NYC15,h,NYL,1,0,0,exhibition,y,
ACY192008292,NYL,2,0,0,0,0,0,1,0,0,,,,,,,,,,,,,,,,,,,,4,willj109,value,34,32,3,11,1,1,0,,2,,0,0,0,4,0,,,0,,24,,34,8,0,0,1,7,,2,0,3,0,0,0,2,,4,,0,24,14,2,1,0,0,0,4,,poles101,jenkf102,wiled101,thomj103,willj109,mongs101,kindb101,lindc105,croww102,croww102,wiled101,willj109,kindb101,mongs101,lindc105,poles101,thomj103,jenkf102,,19200829,2,NYC15,v,ACY,0,1,0,exhibition,y,
ACY192008292,ACY,1,0,5,0,0,0,0,1,,,,,,,,,,,,,,,,,,,,,3,reddd101,value,34,30,7,8,0,0,1,,2,,0,2,0,3,4,,,0,,27,,34,11,1,1,0,3,3,0,0,4,0,1,0,2,,0,,1,27,12,1,1,0,1,1,0,,barbj103,marco101,browc106,lundd103,handb102,pierb104,medel101,rojoj101,reddd101,reddd101,rojoj101,pierb104,handb102,marco101,lundd103,browc106,medel101,barbj103,,19200829,2,NYC15,h,NYL,1,0,0,exhibition,y,
NYL192510180,BXG,0,0,0,0,0,1,0,0,1,0,4,,,,,,,,,,,,,,,,,,15,,value,54,40,6,8,1,1,0,4,0,1,0,13,,11,1,,,0,,33,0,53,21,4,0,1,5,,0,0,5,0,0,0,2,0,3,,0,33,14,2,1,0,0,0,3,,hessh101,kennj107,moora103,gehrl101,krahg101,reilu101,dresc101,urbab101,zellr101,zellr101,kennj107,gehrl101,reilu101,dresc101,urbab101,hessh101,moora103,krahg101,,19251018,0,NYC24,v,NYL,1,0,0,exhibition,y,
NYL192510180,NYL,0,0,0,0,1,1,0,0,0,0,3,,,,,,,,,,,,,,,,,,15,lindc105,value,53,51,5,21,4,0,1,5,2,0,0,0,0,5,3,,,0,,33,0,54,8,1,1,0,6,,13,,11,0,1,0,0,1,1,,1,33,10,4,1,0,1,1,1,,singo101,lindc105,charo101,masoc102,smitc108,hudsr102,younb103,gee-r101,chamr102,chamr102,gee-r101,hudsr102,singo101,smitc108,lindc105,masoc102,charo101,younb103,,19251018,0,NYC24,h,BXG,0,1,0,exhibition,y,
NYL192609191,CUE,2,3,3,0,0,0,0,2,3,,,,,,,,,,,,,,,,,,,,10,chacp101,value,50,39,13,13,4,0,3,,4,,1,6,,3,1,,,0,,27,,38,10,2,4,0,7,,0,0,10,0,0,0,3,,1,,0,27,11,0,0,0,0,0,1,,cresr101,fabri101,dihim101,oms-a101,chacp101,cardf101,fernj101,portb103,levio101,levio101,fernj101,cardf101,cresr101,portb103,chacp101,fabri101,oms-a101,dihim101,,19260919,1,NYC24,v,NYL,1,0,0,exhibition,y,
NYL192609191,NYL,3,2,1,0,1,0,0,0,0,,,,,,,,,,,,,,,,,,,,4,lloyj101,value,38,35,7,10,2,4,0,,3,,0,0,0,10,1,,,0,,27,,50,13,4,0,3,13,,6,,3,1,1,0,4,,1,,1,27,11,1,0,0,1,1,1,,younb103,johng102,masoc102,scalg101,hudsr102,lloyj101,gee-r101,finlt101,gisew101,gisew101,gee-r101,hudsr102,lloyj101,finlt101,scalg101,masoc102,johng102,younb103,,19260919,1,NYC24,h,CUE,0,1,0,exhibition,y,
NYL192609192,CUE,1,1,0,2,0,0,0,0,0,,,,,,,,,,,,,,,,,,,,5,chacp101,value,36,32,4,9,2,0,0,,0,,1,3,,4,0,,,0,,24,,35,9,1,1,4,5,,2,,0,0,0,0,0,,0,,0,24,9,0,1,0,0,0,0,,cresr101,barob101,dihim101,oms-a101,chacp101,cardf101,fernj101,portb103,pedre101,pedre101,cardf101,fernj101,cresr101,portb103,chacp101,dihim101,oms-a101,barob101,,19260919,2,NYC24,v,NYL,0,1,0,exhibition,y,
NYL192609192,NYL,0,1,3,0,1,0,0,0,,,,,,,,,,,,,,,,,,,,,6,lloyj101,value,35,33,5,9,1,1,4,,0,,0,2,,0,0,,,0,,27,,36,9,2,0,0,4,,3,,4,1,0,0,0,,0,,0,27,10,1,2,0,0,0,0,,younb103,johng102,masoc102,scalg101,hudsr102,lloyj101,gee-t101,finlt101,gilml102,gilml102,gee-t101,hudsr102,lloyj101,finlt101,scalg101,masoc102,johng102,younb103,,19260919,2,NYC24,h,CUE,1,0,0,exhibition,y,
NYL192906061,BLS,1,0,0,0,0,0,0,2,0,,,,,,,,,,,,,,,,,,,,6,warff101,value,36,33,3,7,0,0,1,,1,,0,2,,6,1,,,0,,24,,33,9,0,1,2,4,,5,,3,0,0,0,1,,0,,0,24,11,1,2,0,0,0,0,,hubbj101,warff101,wilsj106,dixor101,lundd103,marco101,washp101,clarb107,yokel101,yokel101,clarb107,wilsj106,warff101,marco101,lundd103,washp101,dixor101,hubbj101,,19290606,1,NYC24,v,NYL,0,1,0,regular,y,
NYL192906061,NYL,0,0,3,0,0,0,0,1,,,,,,,,,,,,,,,,,,,,,5,lloyj101,value,33,27,4,9,0,1,2,4,1,,0,5,,3,0,,,0,,27,,36,7,0,0,1,3,,2,,6,0,0,0,1,,1,,0,27,13,1,1,0,0,0,1,,meltb102,washn101,smitc109,riggb101,scalg101,lloyj101,speac101,yancb101,rectc101,rectc101,speac101,lloyj101,scalg101,riggb101,yancb101,washn101,meltb102,smitc109,,19290606,1,NYC24,h,BLS,1,0,0,regular,y,
NYL192906062,BLS,0,0,4,0,1,0,0,0,0,,,,,,,,,,,,,,,,,,,,4,warff101,value,36,32,5,7,2,0,0,,2,,0,2,,3,2,,,0,,24,,37,10,4,0,2,6,,3,,3,0,0,0,3,,1,,0,24,16,3,0,0,0,0,1,,warff101,marco101,wilsj106,dixor101,lundd103,washp101,clarb107,hubbj101,lee-s101,lee-s101,clarb107,wilsj106,warff101,marco101,lundd103,washp101,dixor101,hubbj101,,19290606,2,NYC24,v,NYL,0,1,0,regular,y,
NYL192906062,NYL,2,0,0,2,0,0,1,0,1,,,,,,,,,,,,,,,,,,,,7,lloyj101,value,37,31,6,10,4,0,2,,3,,0,3,,3,1,,,0,,27,,36,7,2,0,0,5,,2,,3,0,0,0,2,,2,,0,27,11,0,1,0,0,0,2,,meltb102,washn101,smitc109,riggb101,scalg101,lloyj101,rojoj101,yancb101,hollb106,hollb106,rojoj101,lloyj101,scalg101,riggb101,yancb101,washn101,meltb102,smitc109,,19290606,2,NYC24,h,BLS,1,0,0,regular,y,
NYL192909011,HIL,0,0,0,0,0,0,1,2,0,,,,,,,,,,,,,,,,,,,,6,cockp101,value,36,34,3,6,0,0,1,,0,,0,2,,3,1,,,0,,24,,46,16,2,2,5,11,,9,,5,0,0,0,3,,0,,0,24,11,0,1,0,0,0,0,,hollc103,warms101,johnj108,charo101,dihim101,mackb102,jackd102,lacko101,charp102,charp102,mackb102,dihim101,jackd102,johnj108,lacko101,hollc103,warms101,charo101,,19290901,1,NYC24,v,NYL,0,1,0,regular,y,
NYL192909011,NYL,5,0,3,1,0,0,2,0,,,,,,,,,,,,,,,,,,,,,11,lloyj101,value,46,34,11,16,2,2,5,,3,,0,9,,5,0,,,0,,27,,36,6,0,0,1,3,,2,,3,0,0,0,0,,1,,0,27,6,1,0,0,0,0,1,,grayw101,washn101,smitc109,riggb101,beckj104,lloyj101,speac101,yancb101,hollb106,hollb106,speac101,lloyj101,riggb101,beckj104,yancb101,washn101,grayw101,smitc109,,19290901,1,NYC24,h,HIL,1,0,0,regular,y,
NYL192909012,HIL,1,0,0,0,2,0,0,,,,,,,,,,,,,,,,,,,,,,7,cockp101,value,31,27,3,7,0,0,0,,1,,0,3,,3,1,,,0,,18,,35,10,0,0,2,11,,7,,1,1,0,0,1,,2,,0,18,8,1,1,0,0,0,2,,hollc103,dalle101,warms101,charo101,dihim101,johnj108,jackd102,lacko101,pritw101,pritw101,dihim101,charo101,jackd102,johnj108,lacko101,hollc103,warms101,dalle101,,19290901,2,NYC24,v,NYL,0,1,0,regular,y,
NYL192909012,NYL,5,2,0,4,0,0,,,,,,,,,,,,,,,,,,,,,,,6,lloyj101,value,35,26,11,10,0,0,2,,1,,1,7,,1,2,,,0,,21,,31,7,0,0,0,3,,3,,3,0,0,0,1,,1,,0,21,10,1,2,0,0,0,1,,grayw101,washn101,smitc109,riggb101,beckj104,lloyj101,rojoj101,yancb101,rectc101,rectc101,rojoj101,lloyj101,riggb101,beckj104,yancb101,washn101,grayw101,smitc109,,19290901,2,NYC24,h,HIL,1,0,0,regular,y,
NYL192910131,ASL,2,0,0,0,0,0,1,0,0,,,,,,,,,,,,,,,,,,,,12,gehrl101,value,42,38,3,12,0,0,1,,0,,1,3,,12,2,,,,,24,,38,9,2,0,1,6,0,8,,2,1,0,0,1,,2,,0,24,12,0,1,0,0,0,2,,emmeb101,jacom102,cohea101,gehrl101,kellg101,skifb101,scheh101,cavaj101,murpj103,murpj103,skifb101,kellg101,cohea101,cavaj101,scheh101,emmeb101,jacom102,kellg101,,19291013,1,NYC24,v,NYL,0,1,0,exhibition,y,
NYL192910131,NYL,1,1,0,0,0,3,1,0,,,,,,,,,,,,,,,,,,,,,8,lloyj101,value,38,28,6,9,2,0,1,,1,,1,8,,2,2,,,,,27,,42,12,0,0,1,3,0,3,,12,1,0,0,0,,2,,0,27,12,1,0,0,0,0,2,,meltb102,washn101,riggb101,lindc105,lloyj101,burnt102,yancb101,concm101,hollb106,hollb106,burnt102,lloyj101,riggb101,yancb101,lindc105,washn101,meltb102,concm101,,19291013,1,NYC24,h,ASL,1,0,0,exhibition,y,
NYL192910132,ASL,3,0,0,0,0,0,,,,,,,,,,,,,,,,,,,,,,,,gehrl101,value,,,3,6,,,,3,,,,2,,,,,,,,18,,,6,1,,,2,,,,,,,,,,,,,18,,0,,0,,,,,,,,,,,,,,gehrl101,,,,,,,,,,19291013,2,NYC24,v,NYL,1,0,0,exhibition,,
NYL192910132,NYL,,,,,,,,,,,,,,,,,,,,,,,,,,,,,,lloyj101,value,,,2,6,1,,,2,,,,,,,,,,,,18,,,6,,,,3,,2,,,,,,,,,,,18,,0,,0,,,,,,,,,,,,,,ryanr102,,,,,,,,,,19291013,2,NYC24,h,ASL,0,1,0,exhibition,,
NYL193007051,BLS,2,0,0,0,2,0,0,0,0,,,,,,,,,,,,,,,,,,,,8,warff101,value,39,32,4,5,1,0,1,,0,,0,7,,5,1,,,,,24,,44,14,2,2,2,13,0,5,,3,0,0,0,3,,4,,0,24,6,1,0,0,0,0,4,,lee-s101,warff101,wilsj106,dixor101,lundd103,washp101,egglm101,burgr101,flouw101,flouw101,egglm101,wilsj106,warff101,burgr101,lundd103,dixor101,washp101,lee-s101,,19300705,1,NYC16,v,NYL,0,1,0,exhibition,y,
NYL193007051,NYL,0,0,2,0,4,1,6,0,,,,,,,,,,,,,,,,,,,,,7,lloyj101,value,44,36,13,14,2,2,2,,3,,0,5,,3,4,,,,,27,,39,5,1,0,1,4,0,7,,5,0,0,0,0,,1,,0,27,15,1,0,0,0,0,1,,jenkf102,riggb101,smitc109,cannw101,thomc103,browl107,lloyj101,yancb101,hollb106,hollb106,browl107,lloyj101,cannw101,riggb101,yancb101,jenkf102,thomc103,smitc109,,19300705,1,NYC16,h,BLS,1,0,0,exhibition,y,
NYL193007052,BLS,2,0,2,0,1,0,0,0,0,,,,,,,,,,,,,,,,,,,,3,warff101,value,35,29,5,7,0,0,2,,2,,0,4,,2,0,,,,,27,,36,9,1,2,0,3,0,3,,3,0,0,0,1,,1,,0,27,11,0,2,0,0,0,1,,lee-s101,warff101,wilsj106,dixor101,lundd103,washp101,burgr101,clarb107,yokel101,yokel101,clarb107,wilsj106,warff101,burgr101,lundd103,dixor101,washp101,lee-s101,,19300705,2,NYC16,v,NYL,1,0,0,exhibition,y,
NYL193007052,NYL,0,1,1,0,0,0,0,1,0,,,,,,,,,,,,,,,,,,,,6,lloyj101,value,36,32,3,9,1,2,0,,1,,0,3,,3,1,,,,,27,,35,7,0,0,2,5,0,4,,2,0,0,0,2,,0,,0,27,20,0,1,0,0,0,0,,jenkf102,riggb101,smitc109,cannw101,thomc103,rojoj101,lloyj101,yancb101,rectc101,rectc101,rojoj101,lloyj101,cannw101,riggb101,yancb101,jenkf102,thomc103,smitc109,,19300705,2,NYC16,h,BLS,0,1,0,exhibition,y,
HOM193009201,NYL,0,0,0,0,1,0,0,0,0,,,,,,,,,,,,,,,,,,,,11,lloyj101,value,39,36,1,8,0,0,0,,0,,0,3,,4,0,,,,,24,,41,14,3,0,1,9,0,3,,1,0,0,0,0,,0,,0,24,9,0,0,0,0,0,0,,jenkf102,riggb101,smitc109,cannw101,thomc103,beckj104,browl107,yancb101,cox-a101,cox-a101,browl107,beckj104,cannw101,riggb101,yancb101,jenkf102,thomc103,smitc109,,19300920,1,PIT06,v,HOM,0,1,0,championship,y,
HOM193009201,HOM,2,2,1,2,1,0,0,1,,,,,,,,,,,,,,,,,,,,,8,posec101,value,41,38,9,14,3,0,1,,0,,0,3,,1,0,,,,,27,,39,8,0,0,0,1,0,3,,4,0,0,0,0,,0,,0,27,12,0,0,0,0,0,0,,harrv102,johnj108,charo101,whitc103,scalg101,gibsj101,stepj105,evanb104,willl105,willl105,gibsj101,charo101,scalg101,johnj108,stepj105,harrv102,whitc103,evanb104,,19300920,1,PIT06,h,NYL,1,0,0,championship,y,
HOM193009202,NYL,0,2,2,0,4,0,4,4,0,0,,,,,,,,,,,,,,,,,,,1,lloyj101,value,47,46,16,16,1,0,0,,0,,0,1,,5,0,,,,,29,,58,24,3,2,1,17,0,4,,2,0,0,0,0,,0,,0,29,10,0,0,0,0,0,0,,jenkf102,riggb101,smitc109,cannw101,thomc103,lloyj101,rojoj101,yancb101,farrl101,farrl101,rojoj101,lloyj101,cannw101,riggb101,yancb101,jenkf102,thomc103,smitc109,,19300920,2,PIT06,v,HOM,0,1,0,championship,y,
HOM193009202,HOM,4,4,0,0,5,0,0,2,1,1,,,,,,,,,,,,,,,,,,,12,posec101,value,58,54,17,24,3,2,1,,0,,0,4,,2,0,,,,,30,,47,16,1,0,0,16,0,1,,5,0,2,0,0,,0,,1,30,15,0,0,0,1,2,0,,harrv102,johnj108,charo101,whitc103,scalg101,gibsj101,stepj105,evanb104,britg103,britg103,gibsj101,charo101,scalg101,johnj108,stepj105,harrv102,whitc103,evanb104,,19300920,2,PIT06,h,NYL,1,0,0,championship,y,
NYL193009211,HOM,0,0,0,0,0,2,0,0,0,,,,,,,,,,,,,,,,,,,,4,posec101,value,33,31,2,6,0,0,0,,0,,0,2,,4,0,,,,,24,,32,6,0,1,1,6,0,4,,2,0,0,0,2,,2,,0,24,10,2,1,0,0,0,2,,harrv102,johnj108,charo101,whitc103,scalg101,gibsj101,stepj105,evanb104,willj109,willj109,gibsj101,charo101,scalg101,johnj108,stepj105,harrv102,whitc103,evanb104,,19300921,1,NYC16,v,NYL,0,1,0,championship,y,
NYL193009211,NYL,0,1,0,3,0,1,0,1,,,,,,,,,,,,,,,,,,,,,2,lloyj101,value,32,26,6,6,0,1,1,,2,,0,4,,2,2,,,,,27,,33,6,0,0,0,2,0,2,,4,0,0,0,0,,0,,0,27,9,1,0,0,0,0,0,,jenkf102,riggb101,smitc109,cannw101,thomc103,lloyj101,browl107,yancb101,hollb106,hollb106,browl107,lloyj101,cannw101,riggb101,yancb101,jenkf102,thomc103,smitc109,,19300921,1,NYC16,h,HOM,1,0,0,championship,y,
NYL193009212,HOM,0,2,0,0,0,0,0,0,0,1,,,,,,,,,,,,,,,,,,,3,posec101,value,36,31,3,6,2,0,0,,2,,0,3,,2,1,,,,,30,,39,5,0,0,0,2,0,5,,1,0,0,0,0,,2,,0,30,14,1,0,0,0,0,2,,harrv102,johnj108,charo101,whitc103,scalg101,gibsj101,stepj105,evanb104,britg103,britg103,gibsj101,charo101,scalg101,johnj108,stepj105,harrv102,whitc103,evanb104,,19300921,2,NYC16,v,NYL,1,0,0,championship,y,
NYL193009212,NYL,0,0,0,0,0,0,0,2,0,0,,,,,,,,,,,,,,,,,,,7,lloyj101,value,39,34,2,5,0,0,0,,0,,0,5,,1,2,,,,,30,,36,6,2,0,0,3,0,3,,2,0,0,0,2,,1,,0,30,16,2,0,0,0,0,1,,jenkf102,riggb101,smitc109,cannw101,thomc103,lloyj101,browl107,yancb101,farrl101,farrl101,browl107,lloyj101,lloyj101,riggb101,yancb101,thomc103,thomc103,smitc109,,19300921,2,NYC16,h,HOM,0,1,0,championship,y,
NYL193009250,HOM,1,0,4,0,3,0,3,0,0,,,,,,,,,,,,,,,,,,,,5,posec101,value,43,39,11,13,1,0,2,,1,,0,3,,3,0,,,,,27,,35,7,3,0,2,3,0,1,,2,0,0,0,0,,0,,0,27,14,0,0,0,0,0,0,,harrv102,johnj108,charo101,whitc103,scalg101,gibsj101,stepj105,evanb104,willj109,willj109,gibsj101,charo101,scalg101,johnj108,stepj105,harrv102,whitc103,evanb104,,19300925,0,PHI19,v,NYL,1,0,0,championship,y,
NYL193009250,NYL,1,0,0,2,0,0,0,0,0,,,,,,,,,,,,,,,,,,,,5,lloyj101,value,35,34,3,7,3,0,2,3,0,,0,1,,2,0,,,,,27,0,43,13,1,0,2,11,0,3,,3,0,0,0,1,,0,,0,27,11,1,0,0,0,0,0,,jenkf102,riggb101,smitc109,cannw101,thomc103,lloyj101,browl107,yancb101,hollb106,hollb106,browl107,lloyj101,cannw101,riggb101,yancb101,jenkf102,thomc103,smitc109,,19300925,0,PHI19,h,HOM,0,1,0,championship,y,
HOM193009260,NYL,,,,,,,,,,,,,,,,,,,,,,,,,,,,,,lloyj101,value,,,6,1,,,1,,,,,,,,,,,,,27,,,,,,,4,,,,,,,,,,,,,27,,0,,0,,,,,,,,,,,,,,ryanr102,,,,,,,,,,19300926,0,PHI19,v,HOM,1,0,0,championship,,
HOM193009260,HOM,,,,,,,,,,,,,,,,,,,,,,,,,,,,,,posec101,value,,,4,,,,,,,,,,,,,,,,,27,,,1,,,1,6,,,,,,,,,,,,,27,,0,,0,,,,,,,,,,,,,,britg103,,,,,,,,,,19300926,0,PHI19,h,NYL,0,1,0,championship,,
NYL193009271,HOM,2,0,2,0,2,2,0,0,0,,,,,,,,,,,,,,,,,,,,9,posec101,value,44,39,8,10,1,2,1,7,0,0,1,4,0,10,3,0,0,0,2,26,0,45,17,5,1,0,9,9,7,0,1,0,0,0,1,0,1,1,0,26,19,0,2,0,0,0,1,1,harrv102,johnj108,charo101,whitc103,scalg101,gibsj101,stepj105,evanb104,willl105,willl105,gibsj101,charo101,scalg101,johnj108,stepj105,harrv102,whitc103,evanb104,,19300927,1,NYC16,v,NYL,0,1,0,championship,y,y
NYL193009271,NYL,1,0,1,1,0,1,0,1,4,,,,,,,,,,,,,,,,,,,,10,lloyj101,value,45,37,9,17,5,1,0,9,1,0,0,7,0,1,1,1,2,0,0,27,0,44,10,1,2,1,8,5,4,0,10,1,0,0,0,0,3,0,0,27,11,3,0,0,0,0,3,0,jenkf102,lloyj101,thomc103,riggb101,cannw101,smitc109,browl107,yancb101,farrl101,farrl101,browl107,lloyj101,cannw101,riggb101,yancb101,thomc103,jenkf102,smitc109,,19300927,1,NYC16,h,HOM,1,0,0,championship,y,y
NYL193009272,HOM,4,1,2,0,0,0,0,0,0,,,,,,,,,,,,,,,,,,,,10,posec101,value,44,39,7,14,3,0,2,7,1,0,0,4,0,4,1,1,0,0,1,27,0,38,11,1,1,0,3,3,4,0,2,0,1,0,0,0,1,0,0,27,13,0,2,0,0,1,1,0,stepj105,harrv102,johnj108,whitc103,scalg101,gibsj101,evanb104,coopd101,rossw101,rossw101,gibsj101,scalg101,evanb104,johnj108,stepj105,harrv102,whitc103,coopd101,,19300927,2,NYC16,v,NYL,1,0,0,championship,y,y
NYL193009272,NYL,0,0,1,0,0,1,1,0,0,,,,,,,,,,,,,,,,,,,,8,lloyj101,value,38,34,3,11,1,1,0,2,0,0,0,4,0,2,1,0,1,0,0,27,0,44,14,3,0,2,7,7,4,0,4,0,0,0,1,0,1,1,0,27,14,1,0,0,0,0,1,1,jenkf102,lloyj101,thomc103,riggb101,cannw101,smitc109,browl107,yancb101,rectc101,rectc101,browl107,lloyj101,cannw101,riggb101,yancb101,thomc103,jenkf102,smitc109,,19300927,2,NYC16,h,HOM,0,1,0,championship,y,y
NYL193009281,HOM,0,0,0,0,0,0,0,0,2,,,,,,,,,,,,,,,,,,,,4,posec101,value,33,32,2,6,0,1,0,,0,,0,1,,6,0,,,,,24,,37,13,2,1,0,6,0,6,,3,0,0,0,4,,1,,0,24,13,0,1,0,0,0,1,,stepj105,harrv102,johnj108,whitc103,scalg101,gibsj101,evanb104,charo101,willj109,willj109,gibsj101,charo101,scalg101,johnj108,stepj105,harrv102,whitc103,evanb104,,19300928,1,NYC16,v,NYL,0,1,0,championship,y,
NYL193009281,NYL,2,0,1,1,1,0,0,1,,,,,,,,,,,,,,,,,,,,,7,lloyj101,value,37,27,6,13,2,1,0,,4,,0,6,,3,1,,,,,27,,33,6,0,1,0,2,0,1,,6,0,0,0,0,,0,,0,27,11,1,2,0,0,0,0,,jenkf102,lloyj101,thomc103,riggb101,cannw101,smitc109,browl107,yancb101,hollb106,hollb106,browl107,lloyj101,cannw101,riggb101,yancb101,thomc103,jenkf102,smitc109,,19300928,1,NYC16,h,HOM,1,0,0,championship,y,
NYL193009282,HOM,0,0,0,1,0,0,0,4,,,,,,,,,,,,,,,,,,,,,5,posec101,value,34,33,5,9,2,1,0,,0,,0,1,,4,1,,,,,24,,30,7,0,0,0,2,0,0,,4,0,0,0,3,,0,,0,24,10,1,1,0,0,0,0,,stepj105,harrv102,johnj108,whitc103,scalg101,gibsj101,evanb104,coopd101,britg103,britg103,gibsj101,scalg101,evanb104,johnj108,stepj105,harrv102,whitc103,coopd101,,19300928,2,NYC16,v,NYL,1,0,0,championship,y,
NYL193009282,NYL,0,0,0,0,0,0,0,2,,,,,,,,,,,,,,,,,,,,,4,lloyj101,value,30,27,2,7,0,0,0,,3,,0,0,,4,0,,,,,24,,34,9,2,1,0,5,0,1,,4,0,0,0,0,,1,,0,24,7,2,0,0,0,0,1,,jenkf102,lloyj101,thomc103,riggb101,cannw101,smitc109,browl107,yancb101,hollb106,hollb106,browl107,lloyj101,cannw101,riggb101,yancb101,thomc103,jenkf102,smitc109,,19300928,2,NYC16,h,HOM,0,1,0,championship,y,
