gid,id,team,d_seq,d_pos,stattype,d_ifouts,d_po,d_a,d_e,d_dp,d_tp,d_pb,d_wp,d_sb,d_cs,d_gs,date,number,site,vishome,opp,win,loss,tie,gametype,box,pbp
CAG194805140,lamaj102,KCM,1,1,value,,,,0,,0,0,,,,,19480514,0,FTS01,v,CAG,0,1,0,regular,,
CAG194805140,richg102,KCM,1,1,value,,,,0,,0,0,,,,1,19480514,0,FTS01,v,CAG,0,1,0,regular,,
CAG194805140,taboe101,KCM,1,2,value,24,,,0,,0,,,,,1,19480514,0,FTS01,v,CAG,0,1,0,regular,,
CAG194805140,lockc102,CAG,1,1,value,,,,0,,0,0,,,,,19480514,0,FTS01,h,KCM,1,0,0,regular,,
CAG194805140,rhodh101,CAG,1,1,value,,,,0,,0,0,,,,1,19480514,0,FTS01,h,KCM,1,0,0,regular,,
CAG194805140,trouq101,CAG,1,2,value,27,,,0,,0,,,,,1,19480514,0,FTS01,h,KCM,1,0,0,regular,,
