gid,id,team,d_seq,d_pos,stattype,d_ifouts,d_po,d_a,d_e,d_dp,d_tp,d_pb,d_wp,d_sb,d_cs,d_gs,date,number,site,vishome,opp,win,loss,tie,gametype,box,pbp,eject
NW2194505130,willa106,NW2,1,1,value,6,,,0,0,0,,,,,,19450513,0,NWK04,h,BLG,0,1,0,regular,y,,
PH5194505303,willa106,NW2,1,1,value,2,0,1,0,0,0,,,,,,19450530,3,WIL04,v,PH5,0,1,0,regular,y,,
PH5194507111,willa106,NW2,1,7,value,27,3,0,0,0,0,,,,,1,19450711,1,PHI11,v,PH5,1,0,0,regular,y,,
NY6194507160,willa106,NW2,1,7,value,24,0,0,0,0,0,,,,,1,19450716,0,NYC23,v,NY6,0,1,0,regular,y,,
BLG194508040,willa106,NW2,1,1,value,27,0,3,0,0,0,,,,,1,19450804,0,HRB01,v,BLG,1,0,0,regular,y,,
NW2194508210,willa106,NW2,1,1,value,9,,,0,0,0,,,,,1,19450821,0,NWK04,h,MEM,0,1,0,exhibition,y,,
HOM194605200,willa106,NY5,1,1,value,24,0,1,0,0,0,,,,,1,19460520,0,HRB01,v,HOM,0,1,0,regular,y,,
