gid,visteam,hometeam,site,date,number,starttime,daynight,innings,tiebreaker,usedh,htbf,timeofgame,attendance,fieldcond,precip,sky,temp,winddir,windspeed,oscorer,forfeit,suspend,umphome,ump1b,ump2b,ump3b,umplf,umprf,wp,lp,save,gametype,vruns,hruns,wteam,lteam,line,batteries,lineups,box,pbp,season
SSA193905140,ATN,SSA,STL13,19390514,0,,night,,,false,,0,0,unknown,unknown,unknown,0,unknown,-1,,,,donab901,,,,,,dixoe101,smitt105,,regular,9,6,ATN,SSA,y,both,y,y,d,1939
SSA193905150,ATN,SSA,STL13,19390515,0,,night,,,false,,0,0,unknown,unknown,unknown,0,unknown,-1,,,,,,,,,,deanr101,dixoe101,,regular,11,14,SSA,ATN,y,both,y,y,d,1939
SSA193905280,CV9,SSA,STL13,19390528,0,,night,,,false,,0,0,unknown,unknown,unknown,0,unknown,-1,,,,donab901,powej901,,,,,mcalf101,howar101,,regular,5,9,SSA,CV9,y,both,y,y,d,1939
SSA193905300,ATN,SSA,STL13,19390530,0,,,,,,,169,,,,,,,,,,,donab901,powej901,,,,,calhl101,blacc103,,regular,6,22,SSA,ATN,y,both,y,y,,1939
SSA193906060,KCM,SSA,STL13,19390606,0,,,,,,,,,,,,,,,,,,,,,,,,,,,regular,21,13,KCM,SSA,y,both,,,,1939
SSA193906070,KCM,SSA,STL13,19390607,0,,,,,,,,,,,,,,,,,,,,,,,,,,,regular,10,4,KCM,SSA,,,,,,1939
SSA193906110,CAG,SSA,STL13,19390611,0,,,,,,,,,,,,,,,,,,powej901,donab901,,,,,mcalf101,housj103,,regular,4,5,SSA,CAG,y,both,y,y,,1939
SSA193907260,MEM,SSA,STL13,19390726,0,,night,,,false,,0,0,unknown,unknown,unknown,0,unknown,-1,,,,donab901,,,,,,radct101,calhl101,,regular,4,3,MEM,SSA,y,both,y,y,d,1939
SSA193907270,MEM,SSA,STL13,19390727,0,,night,,,,,,,,,,,,,,,,,,,,,,,,,regular,7,6,MEM,SSA,y,both,,,,1939
