gid,event,inning,top_bot,vis_home,site,batteam,pitteam,score_v,score_h,batter,pitcher,lp,bat_f,bathand,pithand,balls,strikes,count,pitches,nump,pa,ab,single,double,triple,hr,sh,sf,hbp,walk,k,xi,roe,fc,othout,noout,oth,bip,bunt,ground,fly,line,iw,gdp,othdp,tp,fle,wp,pb,bk,oa,di,sb2,sb3,sbh,cs2,cs3,csh,pko1,pko2,pko3,k_safe,e1,e2,e3,e4,e5,e6,e7,e8,e9,outs_pre,outs_post,br1_pre,br2_pre,br3_pre,br1_post,br2_post,br3_post,lob_id1,lob_id2,lob_id3,pr1_pre,pr2_pre,pr3_pre,pr1_post,pr2_post,pr3_post,run_b,run1,run2,run3,prun_b,prun1,prun2,prun3,ur_b,ur1,ur2,ur3,rbi_b,rbi1,rbi2,rbi3,runs,rbi,er,tur,l1,l2,l3,l4,l5,l6,l7,l8,l9,lf1,lf2,lf3,lf4,lf5,lf6,lf7,lf8,lf9,f2,f3,f4,f5,f6,f7,f8,f9,po0,po1,po2,po3,po4,po5,po6,po7,po8,po9,a1,a2,a3,a4,a5,a6,a7,a8,a9,fseq,batout1,batout2,batout3,brout_b,brout1,brout2,brout3,firstf,loc,hittype,dpopp,pivot,pn,umphome,ump1b,ump2b,ump3b,umplf,umprf,date,gametype,pbp
KCR194311110,99,1,0,0,LOS02,WPS,KCR,0,0,newss101,mcdut101,1,4,R,R,?,?,??,,,1,1,0,0,0,0,0,0,0,0,0,0,0,0,1,0,1,1,0,0,0,0,0,0,0,0,0,0,0,0,0,0,0,0,0,0,0,0,0,0,0,0,0,0,0,0,0,0,0,0,0,0,1,,,,,,,,,,,,,,,,,,,,,,,,0,0,0,0,0,0,0,0,0,0,0,0,newss101,zaria101,novil101,lindj101,stepv101,mesns101,mcqug101,campg101,florj101,4,9,7,8,6,5,3,2,1,trouq101,leonb101,serrb101,speac103,easth104,simmw101,broww101,wrigb104,1,0,0,0,0,0,0,0,0,0,0,0,0,0,0,0,0,0,0,0,0,0,0,0,0,0,0,0,,,0,0,1,fordu901,ashfe901,,,,,19431111,exhibition,deduced
KCR194311110,99,1,0,0,LOS02,WPS,KCR,0,0,zaria101,mcdut101,2,9,L,R,?,?,??,,,1,1,0,0,0,0,0,0,0,0,0,0,0,0,1,0,1,1,0,0,0,0,0,0,0,0,0,0,0,0,0,0,0,0,0,0,0,0,0,0,0,0,0,0,0,0,0,0,0,0,0,1,2,,,,,,,,,,,,,,,,,,,,,,,,0,0,0,0,0,0,0,0,0,0,0,0,newss101,zaria101,novil101,lindj101,stepv101,mesns101,mcqug101,campg101,florj101,4,9,7,8,6,5,3,2,1,trouq101,leonb101,serrb101,speac103,easth104,simmw101,broww101,wrigb104,1,0,0,0,0,0,0,0,0,0,0,0,0,0,0,0,0,0,0,0,0,0,0,0,0,0,0,0,,,0,0,2,fordu901,ashfe901,,,,,19431111,exhibition,deduced
KCR194311110,99,1,0,0,LOS02,WPS,KCR,0,0,novil101,mcdut101,3,7,R,R,?,?,??,,,1,1,0,0,0,0,0,0,0,0,0,0,0,0,1,0,1,1,0,0,0,0,0,0,0,0,0,0,0,0,0,0,0,0,0,0,0,0,0,0,0,0,0,0,0,0,0,0,0,0,0,2,3,,,,,,,,,,,,,,,,,,,,,,,,0,0,0,0,0,0,0,0,0,0,0,0,newss101,zaria101,novil101,lindj101,stepv101,mesns101,mcqug101,campg101,florj101,4,9,7,8,6,5,3,2,1,trouq101,leonb101,serrb101,speac103,easth104,simmw101,broww101,wrigb104,1,0,0,0,0,0,0,0,0,0,0,0,0,0,0,0,0,0,0,0,0,0,0,0,0,0,0,0,,,0,0,3,fordu901,ashfe901,,,,,19431111,exhibition,deduced
KCR194311110,99,1,1,1,LOS02,KCR,WPS,0,0,simmw101,florj101,1,7,L,R,?,?,??,,,1,1,0,0,0,0,0,0,0,0,0,0,0,0,1,0,1,1,0,0,0,0,0,0,0,0,0,0,0,0,0,0,0,0,0,0,0,0,0,0,0,0,0,0,0,0,0,0,0,0,0,0,1,,,,,,,,,,,,,,,,,,,,,,,,0,0,0,0,0,0,0,0,0,0,0,0,simmw101,easth104,wrigb104,broww101,trouq101,leonb101,serrb101,speac103,mcdut101,7,6,9,8,2,3,4,5,1,campg101,mcqug101,newss101,mesns101,stepv101,novil101,lindj101,zaria101,1,0,0,0,0,0,0,0,0,0,0,0,0,0,0,0,0,0,0,0,0,0,0,0,0,0,0,0,,,0,0,4,fordu901,ashfe901,,,,,19431111,exhibition,deduced
KCR194311110,S,1,1,1,LOS02,KCR,WPS,0,0,easth104,florj101,2,6,B,R,?,?,??,,,1,1,1,0,0,0,0,0,0,0,0,0,0,0,0,0,0,1,0,0,0,0,0,0,0,0,0,0,0,0,0,0,0,0,0,0,0,0,0,0,0,0,0,0,0,0,0,0,0,0,0,1,1,,,,easth104,,,,,,,,,florj101,,,,,,,,,,,0,0,0,0,0,0,0,0,0,0,0,0,simmw101,easth104,wrigb104,broww101,trouq101,leonb101,serrb101,speac103,mcdut101,7,6,9,8,2,3,4,5,1,campg101,mcqug101,newss101,mesns101,stepv101,novil101,lindj101,zaria101,0,0,0,0,0,0,0,0,0,0,0,0,0,0,0,0,0,0,0,,0,0,0,0,0,0,0,0,,,0,0,5,fordu901,ashfe901,,,,,19431111,exhibition,deduced
KCR194311110,SB2,1,1,1,LOS02,KCR,WPS,0,0,wrigb104,florj101,3,9,B,R,?,?,??,,,0,0,0,0,0,0,0,0,0,0,0,0,0,0,0,0,0,0,0,0,0,0,0,0,0,0,0,0,0,0,0,0,1,0,0,0,0,0,0,0,0,0,0,0,0,0,0,0,0,0,0,1,1,easth104,,,,easth104,,,,,florj101,,,,florj101,,,,,,,,,,0,0,0,0,0,0,0,0,0,0,0,0,simmw101,easth104,wrigb104,broww101,trouq101,leonb101,serrb101,speac103,mcdut101,7,6,9,8,2,3,4,5,1,campg101,mcqug101,newss101,mesns101,stepv101,novil101,lindj101,zaria101,0,0,0,0,0,0,0,0,0,0,0,0,0,0,0,0,0,0,0,,0,0,0,0,0,0,0,0,,,0,0,6,fordu901,ashfe901,,,,,19431111,exhibition,deduced
KCR194311110,99,1,1,1,LOS02,KCR,WPS,0,0,wrigb104,florj101,3,9,B,R,?,?,??,,,1,1,0,0,0,0,0,0,0,0,0,0,0,0,1,0,1,1,0,0,0,0,0,0,0,0,0,0,0,0,0,0,0,0,0,0,0,0,0,0,0,0,0,0,0,0,0,0,0,0,0,1,2,,easth104,,,easth104,,,,,,florj101,,,florj101,,,,,,,,,,0,0,0,0,0,0,0,0,0,0,0,0,simmw101,easth104,wrigb104,broww101,trouq101,leonb101,serrb101,speac103,mcdut101,7,6,9,8,2,3,4,5,1,campg101,mcqug101,newss101,mesns101,stepv101,novil101,lindj101,zaria101,1,0,0,0,0,0,0,0,0,0,0,0,0,0,0,0,0,0,0,0,0,0,0,0,0,0,0,0,,,0,0,7,fordu901,ashfe901,,,,,19431111,exhibition,deduced
KCR194311110,99,1,1,1,LOS02,KCR,WPS,0,0,broww101,florj101,4,8,R,R,?,?,??,,,1,1,0,0,0,0,0,0,0,0,0,0,0,0,1,0,1,1,0,0,0,0,0,0,0,0,0,0,0,0,0,0,0,0,0,0,0,0,0,0,0,0,0,0,0,0,0,0,0,0,0,2,3,,easth104,,,,,easth104,,,,florj101,,,,,,,,,,,,,0,0,0,0,0,0,0,0,0,0,0,0,simmw101,easth104,wrigb104,broww101,trouq101,leonb101,serrb101,speac103,mcdut101,7,6,9,8,2,3,4,5,1,campg101,mcqug101,newss101,mesns101,stepv101,novil101,lindj101,zaria101,1,0,0,0,0,0,0,0,0,0,0,0,0,0,0,0,0,0,0,0,0,0,0,0,0,0,0,0,,,0,0,8,fordu901,ashfe901,,,,,19431111,exhibition,deduced
KCR194311110,S8,2,0,0,LOS02,WPS,KCR,0,0,lindj101,mcdut101,4,8,R,R,?,?,??,,,1,1,1,0,0,0,0,0,0,0,0,0,0,0,0,0,0,1,0,0,0,0,0,0,0,0,0,0,0,0,0,0,0,0,0,0,0,0,0,0,0,0,0,0,0,0,0,0,0,0,0,0,0,,,,lindj101,,,,,,,,,mcdut101,,,,,,,,,,,0,0,0,0,0,0,0,0,0,0,0,0,newss101,zaria101,novil101,lindj101,stepv101,mesns101,mcqug101,campg101,florj101,4,9,7,8,6,5,3,2,1,trouq101,leonb101,serrb101,speac103,easth104,simmw101,broww101,wrigb104,0,0,0,0,0,0,0,0,0,0,0,0,0,0,0,0,0,0,0,,0,0,0,0,0,0,0,8,8+,,0,0,9,fordu901,ashfe901,,,,,19431111,exhibition,deduced
KCR194311110,K,2,0,0,LOS02,WPS,KCR,0,0,stepv101,mcdut101,5,6,R,R,?,?,??,,,1,1,0,0,0,0,0,0,0,0,1,0,0,0,0,0,0,0,0,0,0,0,0,0,0,0,0,0,0,0,0,0,0,0,0,0,0,0,0,0,0,0,0,0,0,0,0,0,0,0,0,0,1,lindj101,,,lindj101,,,,,,mcdut101,,,mcdut101,,,,,,,,,,,0,0,0,0,0,0,0,0,0,0,0,0,newss101,zaria101,novil101,lindj101,stepv101,mesns101,mcqug101,campg101,florj101,4,9,7,8,6,5,3,2,1,trouq101,leonb101,serrb101,speac103,easth104,simmw101,broww101,wrigb104,0,0,1,0,0,0,0,0,0,0,0,0,0,0,0,0,0,0,0,2,0,0,0,0,0,0,0,0,,,0,0,10,fordu901,ashfe901,,,,,19431111,exhibition,deduced
KCR194311110,99(1)/FO,2,0,0,LOS02,WPS,KCR,0,0,mesns101,mcdut101,6,5,R,R,?,?,??,,,1,1,0,0,0,0,0,0,0,0,0,0,0,0,1,0,1,1,0,1,0,0,0,0,0,0,0,0,0,0,0,0,0,0,0,0,0,0,0,0,0,0,0,0,0,0,0,0,0,0,0,1,2,lindj101,,,mesns101,,,,,,mcdut101,,,mcdut101,,,,,,,,,,,0,0,0,0,0,0,0,0,0,0,0,0,newss101,zaria101,novil101,lindj101,stepv101,mesns101,mcqug101,campg101,florj101,4,9,7,8,6,5,3,2,1,trouq101,leonb101,serrb101,speac103,easth104,simmw101,broww101,wrigb104,1,0,0,0,0,0,0,0,0,0,0,0,0,0,0,0,0,0,0,0,0,0,0,0,0,0,0,0,,G,1,0,11,fordu901,ashfe901,,,,,19431111,exhibition,deduced
KCR194311110,D/78.1-H,2,0,0,LOS02,WPS,KCR,0,0,mcqug101,mcdut101,7,3,L,R,?,?,??,,,1,1,0,1,0,0,0,0,0,0,0,0,0,0,0,0,0,1,0,0,0,0,0,0,0,0,0,0,0,0,0,0,0,0,0,0,0,0,0,0,0,0,0,0,0,0,0,0,0,0,0,2,2,mesns101,,,,mcqug101,,,,,mcdut101,,,,mcdut101,,,mesns101,,,,mcdut101,,,0,0,0,0,0,1,0,0,1,1,1,0,newss101,zaria101,novil101,lindj101,stepv101,mesns101,mcqug101,campg101,florj101,4,9,7,8,6,5,3,2,1,trouq101,leonb101,serrb101,speac103,easth104,simmw101,broww101,wrigb104,0,0,0,0,0,0,0,0,0,0,0,0,0,0,0,0,0,0,0,,0,0,0,0,0,0,0,7,78+,,0,0,12,fordu901,ashfe901,,,,,19431111,exhibition,deduced
KCR194311110,99,2,0,0,LOS02,WPS,KCR,1,0,campg101,mcdut101,8,2,L,R,?,?,??,,,1,1,0,0,0,0,0,0,0,0,0,0,0,0,1,0,1,1,0,0,0,0,0,0,0,0,0,0,0,0,0,0,0,0,0,0,0,0,0,0,0,0,0,0,0,0,0,0,0,0,0,2,3,,mcqug101,,,,,mcqug101,,,,mcdut101,,,,,,,,,,,,,0,0,0,0,0,0,0,0,0,0,0,0,newss101,zaria101,novil101,lindj101,stepv101,mesns101,mcqug101,campg101,florj101,4,9,7,8,6,5,3,2,1,trouq101,leonb101,serrb101,speac103,easth104,simmw101,broww101,wrigb104,1,0,0,0,0,0,0,0,0,0,0,0,0,0,0,0,0,0,0,0,0,0,0,0,0,0,0,0,,,0,0,13,fordu901,ashfe901,,,,,19431111,exhibition,deduced
KCR194311110,99,2,1,1,LOS02,KCR,WPS,1,0,trouq101,florj101,5,2,B,R,?,?,??,,,1,1,0,0,0,0,0,0,0,0,0,0,0,0,1,0,1,1,0,0,0,0,0,0,0,0,0,0,0,0,0,0,0,0,0,0,0,0,0,0,0,0,0,0,0,0,0,0,0,0,0,0,1,,,,,,,,,,,,,,,,,,,,,,,,0,0,0,0,0,0,0,0,0,0,0,0,simmw101,easth104,wrigb104,broww101,trouq101,leonb101,serrb101,speac103,mcdut101,7,6,9,8,2,3,4,5,1,campg101,mcqug101,newss101,mesns101,stepv101,novil101,lindj101,zaria101,1,0,0,0,0,0,0,0,0,0,0,0,0,0,0,0,0,0,0,0,0,0,0,0,0,0,0,0,,,0,0,14,fordu901,ashfe901,,,,,19431111,exhibition,deduced
KCR194311110,S,2,1,1,LOS02,KCR,WPS,1,0,leonb101,florj101,6,3,L,R,?,?,??,,,1,1,1,0,0,0,0,0,0,0,0,0,0,0,0,0,0,1,0,0,0,0,0,0,0,0,0,0,0,0,0,0,0,0,0,0,0,0,0,0,0,0,0,0,0,0,0,0,0,0,0,1,1,,,,leonb101,,,,,,,,,florj101,,,,,,,,,,,0,0,0,0,0,0,0,0,0,0,0,0,simmw101,easth104,wrigb104,broww101,trouq101,leonb101,serrb101,speac103,mcdut101,7,6,9,8,2,3,4,5,1,campg101,mcqug101,newss101,mesns101,stepv101,novil101,lindj101,zaria101,0,0,0,0,0,0,0,0,0,0,0,0,0,0,0,0,0,0,0,,0,0,0,0,0,0,0,0,,,0,0,15,fordu901,ashfe901,,,,,19431111,exhibition,deduced
KCR194311110,99,2,1,1,LOS02,KCR,WPS,1,0,serrb101,florj101,7,4,L,R,?,?,??,,,1,1,0,0,0,0,0,0,0,0,0,0,0,0,1,0,1,1,0,0,0,0,0,0,0,0,0,0,0,0,0,0,0,0,0,0,0,0,0,0,0,0,0,0,0,0,0,0,0,0,0,1,2,leonb101,,,leonb101,,,,,,florj101,,,florj101,,,,,,,,,,,0,0,0,0,0,0,0,0,0,0,0,0,simmw101,easth104,wrigb104,broww101,trouq101,leonb101,serrb101,speac103,mcdut101,7,6,9,8,2,3,4,5,1,campg101,mcqug101,newss101,mesns101,stepv101,novil101,lindj101,zaria101,1,0,0,0,0,0,0,0,0,0,0,0,0,0,0,0,0,0,0,0,0,0,0,0,0,0,0,0,,,0,0,16,fordu901,ashfe901,,,,,19431111,exhibition,deduced
KCR194311110,99,2,1,1,LOS02,KCR,WPS,1,0,speac103,florj101,8,5,L,R,?,?,??,,,1,1,0,0,0,0,0,0,0,0,0,0,0,0,1,0,1,1,0,0,0,0,0,0,0,0,0,0,0,0,0,0,0,0,0,0,0,0,0,0,0,0,0,0,0,0,0,0,0,0,0,2,3,leonb101,,,,,,leonb101,,,florj101,,,,,,,,,,,,,,0,0,0,0,0,0,0,0,0,0,0,0,simmw101,easth104,wrigb104,broww101,trouq101,leonb101,serrb101,speac103,mcdut101,7,6,9,8,2,3,4,5,1,campg101,mcqug101,newss101,mesns101,stepv101,novil101,lindj101,zaria101,1,0,0,0,0,0,0,0,0,0,0,0,0,0,0,0,0,0,0,0,0,0,0,0,0,0,0,0,,,0,0,17,fordu901,ashfe901,,,,,19431111,exhibition,deduced
KCR194311110,99,3,0,0,LOS02,WPS,KCR,1,0,florj101,mcdut101,9,1,R,R,?,?,??,,,1,1,0,0,0,0,0,0,0,0,0,0,0,0,1,0,1,1,0,0,0,0,0,0,0,0,0,0,0,0,0,0,0,0,0,0,0,0,0,0,0,0,0,0,0,0,0,0,0,0,0,0,1,,,,,,,,,,,,,,,,,,,,,,,,0,0,0,0,0,0,0,0,0,0,0,0,newss101,zaria101,novil101,lindj101,stepv101,mesns101,mcqug101,campg101,florj101,4,9,7,8,6,5,3,2,1,trouq101,leonb101,serrb101,speac103,easth104,simmw101,broww101,wrigb104,1,0,0,0,0,0,0,0,0,0,0,0,0,0,0,0,0,0,0,0,0,0,0,0,0,0,0,0,,,0,0,18,fordu901,ashfe901,,,,,19431111,exhibition,deduced
KCR194311110,99,3,0,0,LOS02,WPS,KCR,1,0,newss101,mcdut101,1,4,R,R,?,?,??,,,1,1,0,0,0,0,0,0,0,0,0,0,0,0,1,0,1,1,0,0,0,0,0,0,0,0,0,0,0,0,0,0,0,0,0,0,0,0,0,0,0,0,0,0,0,0,0,0,0,0,0,1,2,,,,,,,,,,,,,,,,,,,,,,,,0,0,0,0,0,0,0,0,0,0,0,0,newss101,zaria101,novil101,lindj101,stepv101,mesns101,mcqug101,campg101,florj101,4,9,7,8,6,5,3,2,1,trouq101,leonb101,serrb101,speac103,easth104,simmw101,broww101,wrigb104,1,0,0,0,0,0,0,0,0,0,0,0,0,0,0,0,0,0,0,0,0,0,0,0,0,0,0,0,,,0,0,19,fordu901,ashfe901,,,,,19431111,exhibition,deduced
KCR194311110,99,3,0,0,LOS02,WPS,KCR,1,0,zaria101,mcdut101,2,9,L,R,?,?,??,,,1,1,0,0,0,0,0,0,0,0,0,0,0,0,1,0,1,1,0,0,0,0,0,0,0,0,0,0,0,0,0,0,0,0,0,0,0,0,0,0,0,0,0,0,0,0,0,0,0,0,0,2,3,,,,,,,,,,,,,,,,,,,,,,,,0,0,0,0,0,0,0,0,0,0,0,0,newss101,zaria101,novil101,lindj101,stepv101,mesns101,mcqug101,campg101,florj101,4,9,7,8,6,5,3,2,1,trouq101,leonb101,serrb101,speac103,easth104,simmw101,broww101,wrigb104,1,0,0,0,0,0,0,0,0,0,0,0,0,0,0,0,0,0,0,0,0,0,0,0,0,0,0,0,,,0,0,20,fordu901,ashfe901,,,,,19431111,exhibition,deduced
KCR194311110,99,3,1,1,LOS02,KCR,WPS,1,0,mcdut101,florj101,9,1,R,R,?,?,??,,,1,1,0,0,0,0,0,0,0,0,0,0,0,0,1,0,1,1,0,0,0,0,0,0,0,0,0,0,0,0,0,0,0,0,0,0,0,0,0,0,0,0,0,0,0,0,0,0,0,0,0,0,1,,,,,,,,,,,,,,,,,,,,,,,,0,0,0,0,0,0,0,0,0,0,0,0,simmw101,easth104,wrigb104,broww101,trouq101,leonb101,serrb101,speac103,mcdut101,7,6,9,8,2,3,4,5,1,campg101,mcqug101,newss101,mesns101,stepv101,novil101,lindj101,zaria101,1,0,0,0,0,0,0,0,0,0,0,0,0,0,0,0,0,0,0,0,0,0,0,0,0,0,0,0,,,0,0,21,fordu901,ashfe901,,,,,19431111,exhibition,deduced
KCR194311110,99,3,1,1,LOS02,KCR,WPS,1,0,simmw101,florj101,1,7,L,R,?,?,??,,,1,1,0,0,0,0,0,0,0,0,0,0,0,0,1,0,1,1,0,0,0,0,0,0,0,0,0,0,0,0,0,0,0,0,0,0,0,0,0,0,0,0,0,0,0,0,0,0,0,0,0,1,2,,,,,,,,,,,,,,,,,,,,,,,,0,0,0,0,0,0,0,0,0,0,0,0,simmw101,easth104,wrigb104,broww101,trouq101,leonb101,serrb101,speac103,mcdut101,7,6,9,8,2,3,4,5,1,campg101,mcqug101,newss101,mesns101,stepv101,novil101,lindj101,zaria101,1,0,0,0,0,0,0,0,0,0,0,0,0,0,0,0,0,0,0,0,0,0,0,0,0,0,0,0,,,0,0,22,fordu901,ashfe901,,,,,19431111,exhibition,deduced
KCR194311110,99,3,1,1,LOS02,KCR,WPS,1,0,easth104,florj101,2,6,B,R,?,?,??,,,1,1,0,0,0,0,0,0,0,0,0,0,0,0,1,0,1,1,0,0,0,0,0,0,0,0,0,0,0,0,0,0,0,0,0,0,0,0,0,0,0,0,0,0,0,0,0,0,0,0,0,2,3,,,,,,,,,,,,,,,,,,,,,,,,0,0,0,0,0,0,0,0,0,0,0,0,simmw101,easth104,wrigb104,broww101,trouq101,leonb101,serrb101,speac103,mcdut101,7,6,9,8,2,3,4,5,1,campg101,mcqug101,newss101,mesns101,stepv101,novil101,lindj101,zaria101,1,0,0,0,0,0,0,0,0,0,0,0,0,0,0,0,0,0,0,0,0,0,0,0,0,0,0,0,,,0,0,23,fordu901,ashfe901,,,,,19431111,exhibition,deduced
KCR194311110,99,4,0,0,LOS02,WPS,KCR,1,0,novil101,mcdut101,3,7,R,R,?,?,??,,,1,1,0,0,0,0,0,0,0,0,0,0,0,0,1,0,1,1,0,0,0,0,0,0,0,0,0,0,0,0,0,0,0,0,0,0,0,0,0,0,0,0,0,0,0,0,0,0,0,0,0,0,1,,,,,,,,,,,,,,,,,,,,,,,,0,0,0,0,0,0,0,0,0,0,0,0,newss101,zaria101,novil101,lindj101,stepv101,mesns101,mcqug101,campg101,florj101,4,9,7,8,6,5,3,2,1,trouq101,leonb101,serrb101,speac103,easth104,simmw101,broww101,wrigb104,1,0,0,0,0,0,0,0,0,0,0,0,0,0,0,0,0,0,0,0,0,0,0,0,0,0,0,0,,,0,0,24,fordu901,ashfe901,,,,,19431111,exhibition,deduced
KCR194311110,99,4,0,0,LOS02,WPS,KCR,1,0,lindj101,mcdut101,4,8,R,R,?,?,??,,,1,1,0,0,0,0,0,0,0,0,0,0,0,0,1,0,1,1,0,0,0,0,0,0,0,0,0,0,0,0,0,0,0,0,0,0,0,0,0,0,0,0,0,0,0,0,0,0,0,0,0,1,2,,,,,,,,,,,,,,,,,,,,,,,,0,0,0,0,0,0,0,0,0,0,0,0,newss101,zaria101,novil101,lindj101,stepv101,mesns101,mcqug101,campg101,florj101,4,9,7,8,6,5,3,2,1,trouq101,leonb101,serrb101,speac103,easth104,simmw101,broww101,wrigb104,1,0,0,0,0,0,0,0,0,0,0,0,0,0,0,0,0,0,0,0,0,0,0,0,0,0,0,0,,,0,0,25,fordu901,ashfe901,,,,,19431111,exhibition,deduced
KCR194311110,S,4,0,0,LOS02,WPS,KCR,1,0,stepv101,mcdut101,5,6,R,R,?,?,??,,,1,1,1,0,0,0,0,0,0,0,0,0,0,0,0,0,0,1,0,0,0,0,0,0,0,0,0,0,0,0,0,0,0,0,0,0,0,0,0,0,0,0,0,0,0,0,0,0,0,0,0,2,2,,,,stepv101,,,,,,,,,mcdut101,,,,,,,,,,,0,0,0,0,0,0,0,0,0,0,0,0,newss101,zaria101,novil101,lindj101,stepv101,mesns101,mcqug101,campg101,florj101,4,9,7,8,6,5,3,2,1,trouq101,leonb101,serrb101,speac103,easth104,simmw101,broww101,wrigb104,0,0,0,0,0,0,0,0,0,0,0,0,0,0,0,0,0,0,0,,0,0,0,0,0,0,0,0,,,0,0,26,fordu901,ashfe901,,,,,19431111,exhibition,deduced
KCR194311110,S7.1X3(75)#,4,0,0,LOS02,WPS,KCR,1,0,mesns101,mcdut101,6,5,R,R,?,?,??,,,1,1,1,0,0,0,0,0,0,0,0,0,0,0,0,0,0,1,0,0,0,0,0,0,0,0,0,0,0,0,0,0,0,0,0,0,0,0,0,0,0,0,0,0,0,0,0,0,0,0,0,2,3,stepv101,,,,,,mesns101,,,mcdut101,,,,,,,,,,,,,,0,0,0,0,0,0,0,0,0,0,0,0,newss101,zaria101,novil101,lindj101,stepv101,mesns101,mcqug101,campg101,florj101,4,9,7,8,6,5,3,2,1,trouq101,leonb101,serrb101,speac103,easth104,simmw101,broww101,wrigb104,0,0,0,0,0,1,0,0,0,0,0,0,0,0,0,0,1,0,0,75,0,0,0,0,7,0,0,7,7+,,0,0,27,fordu901,ashfe901,,,,,19431111,exhibition,deduced
KCR194311110,99,4,1,1,LOS02,KCR,WPS,1,0,wrigb104,florj101,3,9,B,R,?,?,??,,,1,1,0,0,0,0,0,0,0,0,0,0,0,0,1,0,1,1,0,0,0,0,0,0,0,0,0,0,0,0,0,0,0,0,0,0,0,0,0,0,0,0,0,0,0,0,0,0,0,0,0,0,1,,,,,,,,,,,,,,,,,,,,,,,,0,0,0,0,0,0,0,0,0,0,0,0,simmw101,easth104,wrigb104,broww101,trouq101,leonb101,serrb101,speac103,mcdut101,7,6,9,8,2,3,4,5,1,campg101,mcqug101,newss101,mesns101,stepv101,novil101,lindj101,zaria101,1,0,0,0,0,0,0,0,0,0,0,0,0,0,0,0,0,0,0,0,0,0,0,0,0,0,0,0,,,0,0,28,fordu901,ashfe901,,,,,19431111,exhibition,deduced
KCR194311110,S,4,1,1,LOS02,KCR,WPS,1,0,broww101,florj101,4,8,R,R,?,?,??,,,1,1,1,0,0,0,0,0,0,0,0,0,0,0,0,0,0,1,0,0,0,0,0,0,0,0,0,0,0,0,0,0,0,0,0,0,0,0,0,0,0,0,0,0,0,0,0,0,0,0,0,1,1,,,,broww101,,,,,,,,,florj101,,,,,,,,,,,0,0,0,0,0,0,0,0,0,0,0,0,simmw101,easth104,wrigb104,broww101,trouq101,leonb101,serrb101,speac103,mcdut101,7,6,9,8,2,3,4,5,1,campg101,mcqug101,newss101,mesns101,stepv101,novil101,lindj101,zaria101,0,0,0,0,0,0,0,0,0,0,0,0,0,0,0,0,0,0,0,,0,0,0,0,0,0,0,0,,,0,0,29,fordu901,ashfe901,,,,,19431111,exhibition,deduced
KCR194311110,SB2,4,1,1,LOS02,KCR,WPS,1,0,trouq101,florj101,5,2,B,R,?,?,??,,,0,0,0,0,0,0,0,0,0,0,0,0,0,0,0,0,0,0,0,0,0,0,0,0,0,0,0,0,0,0,0,0,1,0,0,0,0,0,0,0,0,0,0,0,0,0,0,0,0,0,0,1,1,broww101,,,,broww101,,,,,florj101,,,,florj101,,,,,,,,,,0,0,0,0,0,0,0,0,0,0,0,0,simmw101,easth104,wrigb104,broww101,trouq101,leonb101,serrb101,speac103,mcdut101,7,6,9,8,2,3,4,5,1,campg101,mcqug101,newss101,mesns101,stepv101,novil101,lindj101,zaria101,0,0,0,0,0,0,0,0,0,0,0,0,0,0,0,0,0,0,0,,0,0,0,0,0,0,0,0,,,0,0,30,fordu901,ashfe901,,,,,19431111,exhibition,deduced
KCR194311110,99,4,1,1,LOS02,KCR,WPS,1,0,trouq101,florj101,5,2,B,R,?,?,??,,,1,1,0,0,0,0,0,0,0,0,0,0,0,0,1,0,1,1,0,0,0,0,0,0,0,0,0,0,0,0,0,0,0,0,0,0,0,0,0,0,0,0,0,0,0,0,0,0,0,0,0,1,2,,broww101,,,broww101,,,,,,florj101,,,florj101,,,,,,,,,,0,0,0,0,0,0,0,0,0,0,0,0,simmw101,easth104,wrigb104,broww101,trouq101,leonb101,serrb101,speac103,mcdut101,7,6,9,8,2,3,4,5,1,campg101,mcqug101,newss101,mesns101,stepv101,novil101,lindj101,zaria101,1,0,0,0,0,0,0,0,0,0,0,0,0,0,0,0,0,0,0,0,0,0,0,0,0,0,0,0,,,0,0,31,fordu901,ashfe901,,,,,19431111,exhibition,deduced
KCR194311110,W,4,1,1,LOS02,KCR,WPS,1,0,leonb101,florj101,6,3,L,R,?,?,??,,,1,0,0,0,0,0,0,0,0,1,0,0,0,0,0,0,0,0,0,0,0,0,0,0,0,0,0,0,0,0,0,0,0,0,0,0,0,0,0,0,0,0,0,0,0,0,0,0,0,0,0,2,2,,broww101,,leonb101,broww101,,,,,,florj101,,florj101,florj101,,,,,,,,,,0,0,0,0,0,0,0,0,0,0,0,0,simmw101,easth104,wrigb104,broww101,trouq101,leonb101,serrb101,speac103,mcdut101,7,6,9,8,2,3,4,5,1,campg101,mcqug101,newss101,mesns101,stepv101,novil101,lindj101,zaria101,0,0,0,0,0,0,0,0,0,0,0,0,0,0,0,0,0,0,0,,0,0,0,0,0,0,0,0,,,0,0,32,fordu901,ashfe901,,,,,19431111,exhibition,deduced
KCR194311110,99,4,1,1,LOS02,KCR,WPS,1,0,serrb101,florj101,7,4,L,R,?,?,??,,,1,1,0,0,0,0,0,0,0,0,0,0,0,0,1,0,1,1,0,0,0,0,0,0,0,0,0,0,0,0,0,0,0,0,0,0,0,0,0,0,0,0,0,0,0,0,0,0,0,0,0,2,3,leonb101,broww101,,,,,broww101,leonb101,,florj101,florj101,,,,,,,,,,,,,0,0,0,0,0,0,0,0,0,0,0,0,simmw101,easth104,wrigb104,broww101,trouq101,leonb101,serrb101,speac103,mcdut101,7,6,9,8,2,3,4,5,1,campg101,mcqug101,newss101,mesns101,stepv101,novil101,lindj101,zaria101,1,0,0,0,0,0,0,0,0,0,0,0,0,0,0,0,0,0,0,0,0,0,0,0,0,0,0,0,,,0,0,33,fordu901,ashfe901,,,,,19431111,exhibition,deduced
KCR194311110,99,5,0,0,LOS02,WPS,KCR,1,0,mcqug101,mcdut101,7,3,L,R,?,?,??,,,1,1,0,0,0,0,0,0,0,0,0,0,0,0,1,0,1,1,0,0,0,0,0,0,0,0,0,0,0,0,0,0,0,0,0,0,0,0,0,0,0,0,0,0,0,0,0,0,0,0,0,0,1,,,,,,,,,,,,,,,,,,,,,,,,0,0,0,0,0,0,0,0,0,0,0,0,newss101,zaria101,novil101,lindj101,stepv101,mesns101,mcqug101,campg101,florj101,4,9,7,8,6,5,3,2,1,trouq101,leonb101,serrb101,speac103,easth104,simmw101,broww101,wrigb104,1,0,0,0,0,0,0,0,0,0,0,0,0,0,0,0,0,0,0,0,0,0,0,0,0,0,0,0,,,0,0,34,fordu901,ashfe901,,,,,19431111,exhibition,deduced
KCR194311110,99,5,0,0,LOS02,WPS,KCR,1,0,campg101,mcdut101,8,2,L,R,?,?,??,,,1,1,0,0,0,0,0,0,0,0,0,0,0,0,1,0,1,1,0,0,0,0,0,0,0,0,0,0,0,0,0,0,0,0,0,0,0,0,0,0,0,0,0,0,0,0,0,0,0,0,0,1,2,,,,,,,,,,,,,,,,,,,,,,,,0,0,0,0,0,0,0,0,0,0,0,0,newss101,zaria101,novil101,lindj101,stepv101,mesns101,mcqug101,campg101,florj101,4,9,7,8,6,5,3,2,1,trouq101,leonb101,serrb101,speac103,easth104,simmw101,broww101,wrigb104,1,0,0,0,0,0,0,0,0,0,0,0,0,0,0,0,0,0,0,0,0,0,0,0,0,0,0,0,,,0,0,35,fordu901,ashfe901,,,,,19431111,exhibition,deduced
KCR194311110,99,5,0,0,LOS02,WPS,KCR,1,0,florj101,mcdut101,9,1,R,R,?,?,??,,,1,1,0,0,0,0,0,0,0,0,0,0,0,0,1,0,1,1,0,0,0,0,0,0,0,0,0,0,0,0,0,0,0,0,0,0,0,0,0,0,0,0,0,0,0,0,0,0,0,0,0,2,3,,,,,,,,,,,,,,,,,,,,,,,,0,0,0,0,0,0,0,0,0,0,0,0,newss101,zaria101,novil101,lindj101,stepv101,mesns101,mcqug101,campg101,florj101,4,9,7,8,6,5,3,2,1,trouq101,leonb101,serrb101,speac103,easth104,simmw101,broww101,wrigb104,1,0,0,0,0,0,0,0,0,0,0,0,0,0,0,0,0,0,0,0,0,0,0,0,0,0,0,0,,,0,0,36,fordu901,ashfe901,,,,,19431111,exhibition,deduced
KCR194311110,99,5,1,1,LOS02,KCR,WPS,1,0,speac103,florj101,8,5,L,R,?,?,??,,,1,1,0,0,0,0,0,0,0,0,0,0,0,0,1,0,1,1,0,0,0,0,0,0,0,0,0,0,0,0,0,0,0,0,0,0,0,0,0,0,0,0,0,0,0,0,0,0,0,0,0,0,1,,,,,,,,,,,,,,,,,,,,,,,,0,0,0,0,0,0,0,0,0,0,0,0,simmw101,easth104,wrigb104,broww101,trouq101,leonb101,serrb101,speac103,mcdut101,7,6,9,8,2,3,4,5,1,campg101,mcqug101,newss101,mesns101,stepv101,novil101,lindj101,zaria101,1,0,0,0,0,0,0,0,0,0,0,0,0,0,0,0,0,0,0,0,0,0,0,0,0,0,0,0,,,0,0,37,fordu901,ashfe901,,,,,19431111,exhibition,deduced
KCR194311110,S7,5,1,1,LOS02,KCR,WPS,1,0,mcdut101,florj101,9,1,R,R,?,?,??,,,1,1,1,0,0,0,0,0,0,0,0,0,0,0,0,0,0,1,0,0,0,0,0,0,0,0,0,0,0,0,0,0,0,0,0,0,0,0,0,0,0,0,0,0,0,0,0,0,0,0,0,1,1,,,,mcdut101,,,,,,,,,florj101,,,,,,,,,,,0,0,0,0,0,0,0,0,0,0,0,0,simmw101,easth104,wrigb104,broww101,trouq101,leonb101,serrb101,speac103,mcdut101,7,6,9,8,2,3,4,5,1,campg101,mcqug101,newss101,mesns101,stepv101,novil101,lindj101,zaria101,0,0,0,0,0,0,0,0,0,0,0,0,0,0,0,0,0,0,0,,0,0,0,0,0,0,0,7,7+,,0,0,38,fordu901,ashfe901,,,,,19431111,exhibition,deduced
KCR194311110,99(1)/FO,5,1,1,LOS02,KCR,WPS,1,0,simmw101,florj101,1,7,L,R,?,?,??,,,1,1,0,0,0,0,0,0,0,0,0,0,0,0,1,0,1,1,0,1,0,0,0,0,0,0,0,0,0,0,0,0,0,0,0,0,0,0,0,0,0,0,0,0,0,0,0,0,0,0,0,1,2,mcdut101,,,simmw101,,,,,,florj101,,,florj101,,,,,,,,,,,0,0,0,0,0,0,0,0,0,0,0,0,simmw101,easth104,wrigb104,broww101,trouq101,leonb101,serrb101,speac103,mcdut101,7,6,9,8,2,3,4,5,1,campg101,mcqug101,newss101,mesns101,stepv101,novil101,lindj101,zaria101,1,0,0,0,0,0,0,0,0,0,0,0,0,0,0,0,0,0,0,0,0,0,0,0,0,0,0,0,,G,1,0,39,fordu901,ashfe901,,,,,19431111,exhibition,deduced
KCR194311110,S.1-3,5,1,1,LOS02,KCR,WPS,1,0,easth104,florj101,2,6,B,R,?,?,??,,,1,1,1,0,0,0,0,0,0,0,0,0,0,0,0,0,0,1,0,0,0,0,0,0,0,0,0,0,0,0,0,0,0,0,0,0,0,0,0,0,0,0,0,0,0,0,0,0,0,0,0,2,2,simmw101,,,easth104,,simmw101,,,,florj101,,,florj101,,florj101,,,,,,,,,0,0,0,0,0,0,0,0,0,0,0,0,simmw101,easth104,wrigb104,broww101,trouq101,leonb101,serrb101,speac103,mcdut101,7,6,9,8,2,3,4,5,1,campg101,mcqug101,newss101,mesns101,stepv101,novil101,lindj101,zaria101,0,0,0,0,0,0,0,0,0,0,0,0,0,0,0,0,0,0,0,,0,0,0,0,0,0,0,0,,,0,0,40,fordu901,ashfe901,,,,,19431111,exhibition,deduced
KCR194311110,S.3-H;1-2,5,1,1,LOS02,KCR,WPS,1,0,wrigb104,florj101,3,9,B,R,?,?,??,,,1,1,1,0,0,0,0,0,0,0,0,0,0,0,0,0,0,1,0,0,0,0,0,0,0,0,0,0,0,0,0,0,0,0,0,0,0,0,0,0,0,0,0,0,0,0,0,0,0,0,0,2,2,easth104,,simmw101,wrigb104,easth104,,,,,florj101,,florj101,florj101,florj101,,,,,simmw101,,,,florj101,0,0,0,0,0,0,0,1,1,1,1,0,simmw101,easth104,wrigb104,broww101,trouq101,leonb101,serrb101,speac103,mcdut101,7,6,9,8,2,3,4,5,1,campg101,mcqug101,newss101,mesns101,stepv101,novil101,lindj101,zaria101,0,0,0,0,0,0,0,0,0,0,0,0,0,0,0,0,0,0,0,,0,0,0,0,0,0,0,0,,,0,0,41,fordu901,ashfe901,,,,,19431111,exhibition,deduced
KCR194311110,T/89.2-H;1-H,5,1,1,LOS02,KCR,WPS,1,1,broww101,florj101,4,8,R,R,?,?,??,,,1,1,0,0,1,0,0,0,0,0,0,0,0,0,0,0,0,1,0,0,0,0,0,0,0,0,0,0,0,0,0,0,0,0,0,0,0,0,0,0,0,0,0,0,0,0,0,0,0,0,0,2,2,wrigb104,easth104,,,,broww101,,,,florj101,florj101,,,,florj101,,wrigb104,easth104,,,florj101,florj101,,0,0,0,0,0,1,1,0,2,2,2,0,simmw101,easth104,wrigb104,broww101,trouq101,leonb101,serrb101,speac103,mcdut101,7,6,9,8,2,3,4,5,1,campg101,mcqug101,newss101,mesns101,stepv101,novil101,lindj101,zaria101,0,0,0,0,0,0,0,0,0,0,0,0,0,0,0,0,0,0,0,,0,0,0,0,0,0,0,8,89+,,0,0,42,fordu901,ashfe901,,,,,19431111,exhibition,deduced
KCR194311110,D.3-H,5,1,1,LOS02,KCR,WPS,1,3,trouq101,seinb101,5,2,B,L,?,?,??,,,1,1,0,1,0,0,0,0,0,0,0,0,0,0,0,0,0,1,0,0,0,0,0,0,0,0,0,0,0,0,0,0,0,0,0,0,0,0,0,0,0,0,0,0,0,0,0,0,0,0,0,2,2,,,broww101,,trouq101,,,,,,,florj101,,seinb101,,,,,broww101,,,,florj101,0,0,0,0,0,0,0,1,1,1,1,0,simmw101,easth104,wrigb104,broww101,trouq101,leonb101,serrb101,speac103,mcdut101,7,6,9,8,2,3,4,5,1,campg101,mcqug101,newss101,mesns101,stepv101,novil101,lindj101,zaria101,0,0,0,0,0,0,0,0,0,0,0,0,0,0,0,0,0,0,0,,0,0,0,0,0,0,0,0,,,0,0,43,fordu901,ashfe901,,,,,19431111,exhibition,deduced
KCR194311110,99,5,1,1,LOS02,KCR,WPS,1,4,leonb101,seinb101,6,3,L,L,?,?,??,,,1,1,0,0,0,0,0,0,0,0,0,0,0,0,1,0,1,1,0,0,0,0,0,0,0,0,0,0,0,0,0,0,0,0,0,0,0,0,0,0,0,0,0,0,0,0,0,0,0,0,0,2,3,,trouq101,,,,,trouq101,,,,seinb101,,,,,,,,,,,,,0,0,0,0,0,0,0,0,0,0,0,0,simmw101,easth104,wrigb104,broww101,trouq101,leonb101,serrb101,speac103,mcdut101,7,6,9,8,2,3,4,5,1,campg101,mcqug101,newss101,mesns101,stepv101,novil101,lindj101,zaria101,1,0,0,0,0,0,0,0,0,0,0,0,0,0,0,0,0,0,0,0,0,0,0,0,0,0,0,0,,,0,0,44,fordu901,ashfe901,,,,,19431111,exhibition,deduced
KCR194311110,99,6,0,0,LOS02,WPS,KCR,1,4,newss101,mcdut101,1,4,R,R,?,?,??,,,1,1,0,0,0,0,0,0,0,0,0,0,0,0,1,0,1,1,0,0,0,0,0,0,0,0,0,0,0,0,0,0,0,0,0,0,0,0,0,0,0,0,0,0,0,0,0,0,0,0,0,0,1,,,,,,,,,,,,,,,,,,,,,,,,0,0,0,0,0,0,0,0,0,0,0,0,newss101,zaria101,novil101,lindj101,stepv101,mesns101,mcqug101,campg101,seinb101,4,9,7,8,6,5,3,2,1,trouq101,leonb101,serrb101,speac103,easth104,simmw101,broww101,wrigb104,1,0,0,0,0,0,0,0,0,0,0,0,0,0,0,0,0,0,0,0,0,0,0,0,0,0,0,0,,,0,0,45,fordu901,ashfe901,,,,,19431111,exhibition,deduced
KCR194311110,S,6,0,0,LOS02,WPS,KCR,1,4,zaria101,mcdut101,2,9,L,R,?,?,??,,,1,1,1,0,0,0,0,0,0,0,0,0,0,0,0,0,0,1,0,0,0,0,0,0,0,0,0,0,0,0,0,0,0,0,0,0,0,0,0,0,0,0,0,0,0,0,0,0,0,0,0,1,1,,,,zaria101,,,,,,,,,mcdut101,,,,,,,,,,,0,0,0,0,0,0,0,0,0,0,0,0,newss101,zaria101,novil101,lindj101,stepv101,mesns101,mcqug101,campg101,seinb101,4,9,7,8,6,5,3,2,1,trouq101,leonb101,serrb101,speac103,easth104,simmw101,broww101,wrigb104,0,0,0,0,0,0,0,0,0,0,0,0,0,0,0,0,0,0,0,,0,0,0,0,0,0,0,0,,,0,0,46,fordu901,ashfe901,,,,,19431111,exhibition,deduced
KCR194311110,PO1(13)#,6,0,0,LOS02,WPS,KCR,1,4,novil101,mcdut101,3,7,R,R,?,?,??,,,0,0,0,0,0,0,0,0,0,0,0,0,0,0,0,0,0,0,0,0,0,0,0,0,0,0,0,0,0,0,0,0,0,0,0,0,0,0,1,0,0,0,0,0,0,0,0,0,0,0,0,1,2,zaria101,,,,,,,,,mcdut101,,,,,,,,,,,,,,0,0,0,0,0,0,0,0,0,0,0,0,newss101,zaria101,novil101,lindj101,stepv101,mesns101,mcqug101,campg101,seinb101,4,9,7,8,6,5,3,2,1,trouq101,leonb101,serrb101,speac103,easth104,simmw101,broww101,wrigb104,0,0,0,1,0,0,0,0,0,0,1,0,0,0,0,0,0,0,0,13,0,0,0,0,0,0,0,0,,,0,0,47,fordu901,ashfe901,,,,,19431111,exhibition,deduced
KCR194311110,99,6,0,0,LOS02,WPS,KCR,1,4,novil101,mcdut101,3,7,R,R,?,?,??,,,1,1,0,0,0,0,0,0,0,0,0,0,0,0,1,0,1,1,0,0,0,0,0,0,0,0,0,0,0,0,0,0,0,0,0,0,0,0,0,0,0,0,0,0,0,0,0,0,0,0,0,2,3,,,,,,,,,,,,,,,,,,,,,,,,0,0,0,0,0,0,0,0,0,0,0,0,newss101,zaria101,novil101,lindj101,stepv101,mesns101,mcqug101,campg101,seinb101,4,9,7,8,6,5,3,2,1,trouq101,leonb101,serrb101,speac103,easth104,simmw101,broww101,wrigb104,1,0,0,0,0,0,0,0,0,0,0,0,0,0,0,0,0,0,0,0,0,0,0,0,0,0,0,0,,,0,0,48,fordu901,ashfe901,,,,,19431111,exhibition,deduced
KCR194311110,99,6,1,1,LOS02,KCR,WPS,1,4,serrb101,seinb101,7,4,L,L,?,?,??,,,1,1,0,0,0,0,0,0,0,0,0,0,0,0,1,0,1,1,0,0,0,0,0,0,0,0,0,0,0,0,0,0,0,0,0,0,0,0,0,0,0,0,0,0,0,0,0,0,0,0,0,0,1,,,,,,,,,,,,,,,,,,,,,,,,0,0,0,0,0,0,0,0,0,0,0,0,simmw101,easth104,wrigb104,broww101,trouq101,leonb101,serrb101,speac103,mcdut101,7,6,9,8,2,3,4,5,1,campg101,mcqug101,newss101,mesns101,stepv101,novil101,lindj101,zaria101,1,0,0,0,0,0,0,0,0,0,0,0,0,0,0,0,0,0,0,0,0,0,0,0,0,0,0,0,,,0,0,49,fordu901,ashfe901,,,,,19431111,exhibition,deduced
KCR194311110,S,6,1,1,LOS02,KCR,WPS,1,4,speac103,seinb101,8,5,L,L,?,?,??,,,1,1,1,0,0,0,0,0,0,0,0,0,0,0,0,0,0,1,0,0,0,0,0,0,0,0,0,0,0,0,0,0,0,0,0,0,0,0,0,0,0,0,0,0,0,0,0,0,0,0,0,1,1,,,,speac103,,,,,,,,,seinb101,,,,,,,,,,,0,0,0,0,0,0,0,0,0,0,0,0,simmw101,easth104,wrigb104,broww101,trouq101,leonb101,serrb101,speac103,mcdut101,7,6,9,8,2,3,4,5,1,campg101,mcqug101,newss101,mesns101,stepv101,novil101,lindj101,zaria101,0,0,0,0,0,0,0,0,0,0,0,0,0,0,0,0,0,0,0,,0,0,0,0,0,0,0,0,,,0,0,50,fordu901,ashfe901,,,,,19431111,exhibition,deduced
KCR194311110,CS2(26)#,6,1,1,LOS02,KCR,WPS,1,4,mcdut101,seinb101,9,1,R,L,?,?,??,,,0,0,0,0,0,0,0,0,0,0,0,0,0,0,0,0,0,0,0,0,0,0,0,0,0,0,0,0,0,0,0,0,0,0,0,1,0,0,0,0,0,0,0,0,0,0,0,0,0,0,0,1,2,speac103,,,,,,,,,seinb101,,,,,,,,,,,,,,0,0,0,0,0,0,0,0,0,0,0,0,simmw101,easth104,wrigb104,broww101,trouq101,leonb101,serrb101,speac103,mcdut101,7,6,9,8,2,3,4,5,1,campg101,mcqug101,newss101,mesns101,stepv101,novil101,lindj101,zaria101,0,0,0,0,0,0,1,0,0,0,0,1,0,0,0,0,0,0,0,26,0,0,0,0,0,0,0,0,,,0,0,51,fordu901,ashfe901,,,,,19431111,exhibition,deduced
KCR194311110,99,6,1,1,LOS02,KCR,WPS,1,4,mcdut101,seinb101,9,1,R,L,?,?,??,,,1,1,0,0,0,0,0,0,0,0,0,0,0,0,1,0,1,1,0,0,0,0,0,0,0,0,0,0,0,0,0,0,0,0,0,0,0,0,0,0,0,0,0,0,0,0,0,0,0,0,0,2,3,,,,,,,,,,,,,,,,,,,,,,,,0,0,0,0,0,0,0,0,0,0,0,0,simmw101,easth104,wrigb104,broww101,trouq101,leonb101,serrb101,speac103,mcdut101,7,6,9,8,2,3,4,5,1,campg101,mcqug101,newss101,mesns101,stepv101,novil101,lindj101,zaria101,1,0,0,0,0,0,0,0,0,0,0,0,0,0,0,0,0,0,0,0,0,0,0,0,0,0,0,0,,,0,0,52,fordu901,ashfe901,,,,,19431111,exhibition,deduced
KCR194311110,99,7,0,0,LOS02,WPS,KCR,1,4,lindj101,mcdut101,4,8,R,R,?,?,??,,,1,1,0,0,0,0,0,0,0,0,0,0,0,0,1,0,1,1,0,0,0,0,0,0,0,0,0,0,0,0,0,0,0,0,0,0,0,0,0,0,0,0,0,0,0,0,0,0,0,0,0,0,1,,,,,,,,,,,,,,,,,,,,,,,,0,0,0,0,0,0,0,0,0,0,0,0,newss101,zaria101,novil101,lindj101,stepv101,mesns101,mcqug101,campg101,seinb101,4,9,7,8,6,5,3,2,1,trouq101,leonb101,serrb101,speac103,easth104,simmw101,broww101,wrigb104,1,0,0,0,0,0,0,0,0,0,0,0,0,0,0,0,0,0,0,0,0,0,0,0,0,0,0,0,,,0,0,53,fordu901,ashfe901,,,,,19431111,exhibition,deduced
KCR194311110,99,7,0,0,LOS02,WPS,KCR,1,4,stepv101,mcdut101,5,6,R,R,?,?,??,,,1,1,0,0,0,0,0,0,0,0,0,0,0,0,1,0,1,1,0,0,0,0,0,0,0,0,0,0,0,0,0,0,0,0,0,0,0,0,0,0,0,0,0,0,0,0,0,0,0,0,0,1,2,,,,,,,,,,,,,,,,,,,,,,,,0,0,0,0,0,0,0,0,0,0,0,0,newss101,zaria101,novil101,lindj101,stepv101,mesns101,mcqug101,campg101,seinb101,4,9,7,8,6,5,3,2,1,trouq101,leonb101,serrb101,speac103,easth104,simmw101,broww101,wrigb104,1,0,0,0,0,0,0,0,0,0,0,0,0,0,0,0,0,0,0,0,0,0,0,0,0,0,0,0,,,0,0,54,fordu901,ashfe901,,,,,19431111,exhibition,deduced
KCR194311110,99,7,0,0,LOS02,WPS,KCR,1,4,mesns101,mcdut101,6,5,R,R,?,?,??,,,1,1,0,0,0,0,0,0,0,0,0,0,0,0,1,0,1,1,0,0,0,0,0,0,0,0,0,0,0,0,0,0,0,0,0,0,0,0,0,0,0,0,0,0,0,0,0,0,0,0,0,2,3,,,,,,,,,,,,,,,,,,,,,,,,0,0,0,0,0,0,0,0,0,0,0,0,newss101,zaria101,novil101,lindj101,stepv101,mesns101,mcqug101,campg101,seinb101,4,9,7,8,6,5,3,2,1,trouq101,leonb101,serrb101,speac103,easth104,simmw101,broww101,wrigb104,1,0,0,0,0,0,0,0,0,0,0,0,0,0,0,0,0,0,0,0,0,0,0,0,0,0,0,0,,,0,0,55,fordu901,ashfe901,,,,,19431111,exhibition,deduced
KCR194311110,99,7,1,1,LOS02,KCR,WPS,1,4,simmw101,seinb101,1,7,L,L,?,?,??,,,1,1,0,0,0,0,0,0,0,0,0,0,0,0,1,0,1,1,0,0,0,0,0,0,0,0,0,0,0,0,0,0,0,0,0,0,0,0,0,0,0,0,0,0,0,0,0,0,0,0,0,0,1,,,,,,,,,,,,,,,,,,,,,,,,0,0,0,0,0,0,0,0,0,0,0,0,simmw101,easth104,wrigb104,broww101,trouq101,leonb101,serrb101,speac103,mcdut101,7,6,9,8,2,3,4,5,1,campg101,mcqug101,newss101,mesns101,stepv101,novil101,lindj101,zaria101,1,0,0,0,0,0,0,0,0,0,0,0,0,0,0,0,0,0,0,0,0,0,0,0,0,0,0,0,,,0,0,56,fordu901,ashfe901,,,,,19431111,exhibition,deduced
KCR194311110,99,7,1,1,LOS02,KCR,WPS,1,4,easth104,seinb101,2,6,B,L,?,?,??,,,1,1,0,0,0,0,0,0,0,0,0,0,0,0,1,0,1,1,0,0,0,0,0,0,0,0,0,0,0,0,0,0,0,0,0,0,0,0,0,0,0,0,0,0,0,0,0,0,0,0,0,1,2,,,,,,,,,,,,,,,,,,,,,,,,0,0,0,0,0,0,0,0,0,0,0,0,simmw101,easth104,wrigb104,broww101,trouq101,leonb101,serrb101,speac103,mcdut101,7,6,9,8,2,3,4,5,1,campg101,mcqug101,newss101,mesns101,stepv101,novil101,lindj101,zaria101,1,0,0,0,0,0,0,0,0,0,0,0,0,0,0,0,0,0,0,0,0,0,0,0,0,0,0,0,,,0,0,57,fordu901,ashfe901,,,,,19431111,exhibition,deduced
KCR194311110,99,7,1,1,LOS02,KCR,WPS,1,4,wrigb104,seinb101,3,9,B,L,?,?,??,,,1,1,0,0,0,0,0,0,0,0,0,0,0,0,1,0,1,1,0,0,0,0,0,0,0,0,0,0,0,0,0,0,0,0,0,0,0,0,0,0,0,0,0,0,0,0,0,0,0,0,0,2,3,,,,,,,,,,,,,,,,,,,,,,,,0,0,0,0,0,0,0,0,0,0,0,0,simmw101,easth104,wrigb104,broww101,trouq101,leonb101,serrb101,speac103,mcdut101,7,6,9,8,2,3,4,5,1,campg101,mcqug101,newss101,mesns101,stepv101,novil101,lindj101,zaria101,1,0,0,0,0,0,0,0,0,0,0,0,0,0,0,0,0,0,0,0,0,0,0,0,0,0,0,0,,,0,0,58,fordu901,ashfe901,,,,,19431111,exhibition,deduced
KCR194311110,99,8,0,0,LOS02,WPS,KCR,1,4,mcqug101,mcdut101,7,3,L,R,?,?,??,,,1,1,0,0,0,0,0,0,0,0,0,0,0,0,1,0,1,1,0,0,0,0,0,0,0,0,0,0,0,0,0,0,0,0,0,0,0,0,0,0,0,0,0,0,0,0,0,0,0,0,0,0,1,,,,,,,,,,,,,,,,,,,,,,,,0,0,0,0,0,0,0,0,0,0,0,0,newss101,zaria101,novil101,lindj101,stepv101,mesns101,mcqug101,campg101,seinb101,4,9,7,8,6,5,3,2,1,trouq101,leonb101,serrb101,speac103,easth104,simmw101,broww101,wrigb104,1,0,0,0,0,0,0,0,0,0,0,0,0,0,0,0,0,0,0,0,0,0,0,0,0,0,0,0,,,0,0,59,fordu901,ashfe901,,,,,19431111,exhibition,deduced
KCR194311110,99,8,0,0,LOS02,WPS,KCR,1,4,campg101,mcdut101,8,2,L,R,?,?,??,,,1,1,0,0,0,0,0,0,0,0,0,0,0,0,1,0,1,1,0,0,0,0,0,0,0,0,0,0,0,0,0,0,0,0,0,0,0,0,0,0,0,0,0,0,0,0,0,0,0,0,0,1,2,,,,,,,,,,,,,,,,,,,,,,,,0,0,0,0,0,0,0,0,0,0,0,0,newss101,zaria101,novil101,lindj101,stepv101,mesns101,mcqug101,campg101,seinb101,4,9,7,8,6,5,3,2,1,trouq101,leonb101,serrb101,speac103,easth104,simmw101,broww101,wrigb104,1,0,0,0,0,0,0,0,0,0,0,0,0,0,0,0,0,0,0,0,0,0,0,0,0,0,0,0,,,0,0,60,fordu901,ashfe901,,,,,19431111,exhibition,deduced
KCR194311110,99,8,0,0,LOS02,WPS,KCR,1,4,seinb101,mcdut101,9,1,B,R,?,?,??,,,1,1,0,0,0,0,0,0,0,0,0,0,0,0,1,0,1,1,0,0,0,0,0,0,0,0,0,0,0,0,0,0,0,0,0,0,0,0,0,0,0,0,0,0,0,0,0,0,0,0,0,2,3,,,,,,,,,,,,,,,,,,,,,,,,0,0,0,0,0,0,0,0,0,0,0,0,newss101,zaria101,novil101,lindj101,stepv101,mesns101,mcqug101,campg101,seinb101,4,9,7,8,6,5,3,2,1,trouq101,leonb101,serrb101,speac103,easth104,simmw101,broww101,wrigb104,1,0,0,0,0,0,0,0,0,0,0,0,0,0,0,0,0,0,0,0,0,0,0,0,0,0,0,0,,,0,0,61,fordu901,ashfe901,,,,,19431111,exhibition,deduced
KCR194311110,99,8,1,1,LOS02,KCR,WPS,1,4,broww101,seinb101,4,8,R,L,?,?,??,,,1,1,0,0,0,0,0,0,0,0,0,0,0,0,1,0,1,1,0,0,0,0,0,0,0,0,0,0,0,0,0,0,0,0,0,0,0,0,0,0,0,0,0,0,0,0,0,0,0,0,0,0,1,,,,,,,,,,,,,,,,,,,,,,,,0,0,0,0,0,0,0,0,0,0,0,0,simmw101,easth104,wrigb104,broww101,trouq101,leonb101,serrb101,speac103,mcdut101,7,6,9,8,2,3,4,5,1,campg101,mcqug101,newss101,mesns101,stepv101,novil101,lindj101,zaria101,1,0,0,0,0,0,0,0,0,0,0,0,0,0,0,0,0,0,0,0,0,0,0,0,0,0,0,0,,,0,0,62,fordu901,ashfe901,,,,,19431111,exhibition,deduced
KCR194311110,99,8,1,1,LOS02,KCR,WPS,1,4,trouq101,seinb101,5,2,B,L,?,?,??,,,1,1,0,0,0,0,0,0,0,0,0,0,0,0,1,0,1,1,0,0,0,0,0,0,0,0,0,0,0,0,0,0,0,0,0,0,0,0,0,0,0,0,0,0,0,0,0,0,0,0,0,1,2,,,,,,,,,,,,,,,,,,,,,,,,0,0,0,0,0,0,0,0,0,0,0,0,simmw101,easth104,wrigb104,broww101,trouq101,leonb101,serrb101,speac103,mcdut101,7,6,9,8,2,3,4,5,1,campg101,mcqug101,newss101,mesns101,stepv101,novil101,lindj101,zaria101,1,0,0,0,0,0,0,0,0,0,0,0,0,0,0,0,0,0,0,0,0,0,0,0,0,0,0,0,,,0,0,63,fordu901,ashfe901,,,,,19431111,exhibition,deduced
KCR194311110,99,8,1,1,LOS02,KCR,WPS,1,4,leonb101,seinb101,6,3,L,L,?,?,??,,,1,1,0,0,0,0,0,0,0,0,0,0,0,0,1,0,1,1,0,0,0,0,0,0,0,0,0,0,0,0,0,0,0,0,0,0,0,0,0,0,0,0,0,0,0,0,0,0,0,0,0,2,3,,,,,,,,,,,,,,,,,,,,,,,,0,0,0,0,0,0,0,0,0,0,0,0,simmw101,easth104,wrigb104,broww101,trouq101,leonb101,serrb101,speac103,mcdut101,7,6,9,8,2,3,4,5,1,campg101,mcqug101,newss101,mesns101,stepv101,novil101,lindj101,zaria101,1,0,0,0,0,0,0,0,0,0,0,0,0,0,0,0,0,0,0,0,0,0,0,0,0,0,0,0,,,0,0,64,fordu901,ashfe901,,,,,19431111,exhibition,deduced
KCR194311110,99,9,0,0,LOS02,WPS,KCR,1,4,newss101,mcdut101,1,4,R,R,?,?,??,,,1,1,0,0,0,0,0,0,0,0,0,0,0,0,1,0,1,1,0,0,0,0,0,0,0,0,0,0,0,0,0,0,0,0,0,0,0,0,0,0,0,0,0,0,0,0,0,0,0,0,0,0,1,,,,,,,,,,,,,,,,,,,,,,,,0,0,0,0,0,0,0,0,0,0,0,0,newss101,zaria101,novil101,lindj101,stepv101,mesns101,mcqug101,campg101,seinb101,4,9,7,8,6,5,3,2,1,trouq101,leonb101,serrb101,speac103,easth104,simmw101,broww101,wrigb104,1,0,0,0,0,0,0,0,0,0,0,0,0,0,0,0,0,0,0,0,0,0,0,0,0,0,0,0,,,0,0,65,fordu901,ashfe901,,,,,19431111,exhibition,deduced
KCR194311110,W,9,0,0,LOS02,WPS,KCR,1,4,zaria101,mcdut101,2,9,L,R,?,?,??,,,1,0,0,0,0,0,0,0,0,1,0,0,0,0,0,0,0,0,0,0,0,0,0,0,0,0,0,0,0,0,0,0,0,0,0,0,0,0,0,0,0,0,0,0,0,0,0,0,0,0,0,1,1,,,,zaria101,,,,,,,,,mcdut101,,,,,,,,,,,0,0,0,0,0,0,0,0,0,0,0,0,newss101,zaria101,novil101,lindj101,stepv101,mesns101,mcqug101,campg101,seinb101,4,9,7,8,6,5,3,2,1,trouq101,leonb101,serrb101,speac103,easth104,simmw101,broww101,wrigb104,0,0,0,0,0,0,0,0,0,0,0,0,0,0,0,0,0,0,0,,0,0,0,0,0,0,0,0,,,0,0,66,fordu901,ashfe901,,,,,19431111,exhibition,deduced
KCR194311110,99,9,0,0,LOS02,WPS,KCR,1,4,novil101,mcdut101,3,7,R,R,?,?,??,,,1,1,0,0,0,0,0,0,0,0,0,0,0,0,1,0,1,1,0,0,0,0,0,0,0,0,0,0,0,0,0,0,0,0,0,0,0,0,0,0,0,0,0,0,0,0,0,0,0,0,0,1,2,zaria101,,,zaria101,,,,,,mcdut101,,,mcdut101,,,,,,,,,,,0,0,0,0,0,0,0,0,0,0,0,0,newss101,zaria101,novil101,lindj101,stepv101,mesns101,mcqug101,campg101,seinb101,4,9,7,8,6,5,3,2,1,trouq101,leonb101,serrb101,speac103,easth104,simmw101,broww101,wrigb104,1,0,0,0,0,0,0,0,0,0,0,0,0,0,0,0,0,0,0,0,0,0,0,0,0,0,0,0,,,0,0,67,fordu901,ashfe901,,,,,19431111,exhibition,deduced
KCR194311110,99,9,0,0,LOS02,WPS,KCR,1,4,lindj101,mcdut101,4,8,R,R,?,?,??,,,1,1,0,0,0,0,0,0,0,0,0,0,0,0,1,0,1,1,0,0,0,0,0,0,0,0,0,0,0,0,0,0,0,0,0,0,0,0,0,0,0,0,0,0,0,0,0,0,0,0,0,2,3,zaria101,,,,,,zaria101,,,mcdut101,,,,,,,,,,,,,,0,0,0,0,0,0,0,0,0,0,0,0,newss101,zaria101,novil101,lindj101,stepv101,mesns101,mcqug101,campg101,seinb101,4,9,7,8,6,5,3,2,1,trouq101,leonb101,serrb101,speac103,easth104,simmw101,broww101,wrigb104,1,0,0,0,0,0,0,0,0,0,0,0,0,0,0,0,0,0,0,0,0,0,0,0,0,0,0,0,,,0,0,68,fordu901,ashfe901,,,,,19431111,exhibition,deduced
