gid,id,team,d_seq,d_pos,stattype,d_ifouts,d_po,d_a,d_e,d_dp,d_tp,d_pb,d_wp,d_sb,d_cs,d_gs,date,number,site,vishome,opp,win,loss,tie,gametype,box,pbp,eject
IN4192104240,parrm102,CNN,1,3,value,27,15,0,0,0,0,,,,,1,19210424,0,IND11,v,IN4,1,0,0,exhibition,y,,
CNN192105220,parrm102,CNN,1,3,value,27,9,0,0,0,0,,,,,1,19210522,0,CIN07,h,CG1,1,0,0,regular,y,,
DT1192106060,parrm102,CNN,1,3,value,24,5,0,0,0,0,,,,,1,19210606,0,DET07,v,DT1,0,1,0,regular,y,,
KCM192106120,parrm102,CNN,1,3,value,24,11,1,0,1,0,,,,,1,19210612,0,KAN02,v,KCM,0,1,0,regular,y,,
