gid,id,team,b_lp,b_seq,stattype,b_pa,b_ab,b_r,b_h,b_d,b_t,b_hr,b_rbi,b_sh,b_sf,b_hbp,b_w,b_iw,b_k,b_sb,b_cs,b_gdp,b_xi,b_roe,dh,ph,pr,date,number,site,vishome,opp,win,loss,tie,gametype,box,pbp
CHM193410140,allen102,KCM,1,1,value,5,5,0,0,0,0,0,0,0,0,0,0,0,2,0,0,0,0,0,,,,19341014,0,CHI15,v,CHM,0,1,0,exhibition,y,y
CHM193410140,dwige101,KCM,2,1,value,5,5,1,2,1,0,0,0,0,0,0,0,0,0,0,0,0,0,0,,,,19341014,0,CHI15,v,CHM,0,1,0,exhibition,y,y
CHM193410140,gileg101,KCM,3,1,value,5,5,1,2,0,0,0,1,0,0,0,0,0,0,1,0,0,0,1,,,,19341014,0,CHI15,v,CHM,0,1,0,exhibition,y,y
CHM193410140,yount101,KCM,4,1,value,4,3,0,1,1,0,0,1,1,0,0,0,0,0,0,0,0,0,0,,,,19341014,0,CHI15,v,CHM,0,1,0,exhibition,y,y
CHM193410140,davis103,KCM,5,1,value,4,3,0,0,0,0,0,0,0,0,0,1,0,2,0,0,0,0,0,,,,19341014,0,CHI15,v,CHM,0,1,0,exhibition,y,y
CHM193410140,rogab101,KCM,6,1,value,4,4,1,1,0,0,0,0,0,0,0,0,0,0,0,0,0,0,1,,,,19341014,0,CHI15,v,CHM,0,1,0,exhibition,y,y
CHM193410140,mothd101,KCM,7,1,value,4,3,0,1,0,0,0,0,0,0,0,1,0,1,0,0,0,0,0,,,,19341014,0,CHI15,v,CHM,0,1,0,exhibition,y,y
CHM193410140,josen101,KCM,8,1,value,4,4,0,1,1,0,0,0,0,0,0,0,0,0,0,0,0,0,0,,,,19341014,0,CHI15,v,CHM,0,1,0,exhibition,y,y
CHM193410140,brewc102,KCM,9,1,value,1,1,0,0,0,0,0,0,0,0,0,0,0,0,0,0,0,0,0,,,,19341014,0,CHI15,v,CHM,0,1,0,exhibition,y,y
CHM193410140,coopa101,KCM,9,2,value,1,1,0,0,0,0,0,1,0,0,0,0,0,0,0,0,0,0,0,,,,19341014,0,CHI15,v,CHM,0,1,0,exhibition,y,y
CHM193410140,trent101,KCM,9,3,value,1,1,0,0,0,0,0,0,0,0,0,0,0,0,0,0,0,0,0,,,,19341014,0,CHI15,v,CHM,0,1,0,exhibition,y,y
CHM193410140,browb107,KCM,9,4,value,1,1,0,0,0,0,0,0,0,0,0,0,0,0,0,0,0,0,0,,,,19341014,0,CHI15,v,CHM,0,1,0,exhibition,y,y
CHM193410140,helgb101,CHM,1,1,value,3,2,1,0,0,0,0,0,0,0,0,1,0,1,0,0,0,0,0,,,,19341014,0,CHI15,h,KCM,1,0,0,exhibition,y,y
CHM193410140,tapsd101,CHM,1,2,value,2,2,0,0,0,0,0,0,0,0,0,0,0,2,0,0,0,0,0,,,,19341014,0,CHI15,h,KCM,1,0,0,exhibition,y,y
CHM193410140,conrb102,CHM,2,1,value,5,5,1,2,0,0,0,1,0,0,0,0,0,1,0,0,0,0,0,,,,19341014,0,CHI15,h,KCM,1,0,0,exhibition,y,y
CHM193410140,atkil101,CHM,3,1,value,5,4,2,2,2,0,0,0,0,0,0,1,0,1,1,0,0,0,0,,,,19341014,0,CHI15,h,KCM,1,0,0,exhibition,y,y
CHM193410140,mccaj104,CHM,4,1,value,5,5,2,1,1,0,0,2,0,0,0,0,0,1,0,0,0,0,1,,,,19341014,0,CHI15,h,KCM,1,0,0,exhibition,y,y
CHM193410140,kubar101,CHM,4,2,value,0,0,0,0,0,0,0,0,0,0,0,0,0,0,0,0,0,0,0,,,,19341014,0,CHI15,h,KCM,1,0,0,exhibition,y,y
CHM193410140,gerkg101,CHM,5,1,value,4,4,2,2,0,0,0,1,0,0,0,0,0,2,0,0,0,0,0,,,,19341014,0,CHI15,h,KCM,1,0,0,exhibition,y,y
CHM193410140,goodi101,CHM,6,1,value,2,2,1,1,0,0,0,1,0,0,0,0,0,0,0,0,0,0,1,,,,19341014,0,CHI15,h,KCM,1,0,0,exhibition,y,y
CHM193410140,sulll101,CHM,6,2,value,1,1,0,0,0,0,0,0,0,0,0,0,0,1,0,0,0,0,0,,,,19341014,0,CHI15,h,KCM,1,0,0,exhibition,y,y
CHM193410140,mcwed101,CHM,6,3,value,1,1,1,1,0,1,0,2,0,0,0,0,0,0,0,0,0,0,0,,,,19341014,0,CHI15,h,KCM,1,0,0,exhibition,y,y
CHM193410140,mcnag102,CHM,6,4,value,0,0,0,0,0,0,0,0,0,0,0,0,0,0,0,0,0,0,0,,,,19341014,0,CHI15,h,KCM,1,0,0,exhibition,y,y
CHM193410140,polln101,CHM,7,1,value,4,2,1,2,0,0,0,1,0,0,0,2,0,0,0,3,0,0,0,,,,19341014,0,CHI15,h,KCM,1,0,0,exhibition,y,y
CHM193410140,goldf102,CHM,8,1,value,3,3,0,1,1,0,0,3,0,0,0,0,0,1,0,0,0,0,0,,,,19341014,0,CHI15,h,KCM,1,0,0,exhibition,y,y
CHM193410140,stoka102,CHM,8,2,value,1,0,0,0,0,0,0,0,0,0,0,1,0,0,0,0,0,0,0,,,,19341014,0,CHI15,h,KCM,1,0,0,exhibition,y,y
CHM193410140,deanp101,CHM,9,1,value,0,0,0,0,0,0,0,0,0,0,0,0,0,0,0,0,0,0,0,,,,19341014,0,CHI15,h,KCM,1,0,0,exhibition,y,y
CHM193410140,deand102,CHM,9,2,value,2,2,1,1,0,0,0,0,0,0,0,0,0,0,0,0,0,0,0,,1,,19341014,0,CHI15,h,KCM,1,0,0,exhibition,y,y
CHM193410140,watuu101,CHM,9,3,value,2,1,0,1,0,0,0,0,0,0,0,1,0,0,0,1,0,0,0,,,,19341014,0,CHI15,h,KCM,1,0,0,exhibition,y,y
