gid,id,team,d_seq,d_pos,stattype,d_ifouts,d_po,d_a,d_e,d_dp,d_tp,d_pb,d_wp,d_sb,d_cs,d_gs,date,number,site,vishome,opp,win,loss,tie,gametype,box,pbp
SAS193810020,wrigb104,NAS,1,8,value,24,1,0,0,0,0,,,,,1,19381002,0,MEM02,v,SAS,0,1,0,allstar,y,d
SAS193810020,willc106,NAS,1,6,value,24,1,3,0,1,0,,,,,1,19381002,0,MEM02,v,SAS,0,1,0,allstar,y,d
SAS193810020,hughs101,NAS,1,4,value,24,2,5,2,1,0,,,,,1,19381002,0,MEM02,v,SAS,0,1,0,allstar,y,d
SAS193810020,suttm101,NAS,1,3,value,24,9,0,0,1,0,,,,,1,19381002,0,MEM02,v,SAS,0,1,0,allstar,y,d
SAS193810020,hoskb101,NAS,1,9,value,24,0,0,0,0,0,,,,,1,19381002,0,MEM02,v,SAS,0,1,0,allstar,y,d
SAS193810020,snowf101,NAS,1,5,value,24,1,1,0,0,0,,,,,1,19381002,0,MEM02,v,SAS,0,1,0,allstar,y,d
SAS193810020,summl101,NAS,1,7,value,24,1,0,0,0,0,,,,,1,19381002,0,MEM02,v,SAS,0,1,0,allstar,y,d
SAS193810020,bassp101,NAS,1,2,value,24,9,0,1,0,0,0,0,1,0,1,19381002,0,MEM02,v,SAS,0,1,0,allstar,y,d
SAS193810020,byrdb101,NAS,1,1,value,8,0,2,0,0,0,,,,,1,19381002,0,MEM02,v,SAS,0,1,0,allstar,y,d
SAS193810020,porta103,NAS,1,1,value,10,0,2,1,0,0,,,,,0,19381002,0,MEM02,v,SAS,0,1,0,allstar,y,d
SAS193810020,cainm101,NAS,1,1,value,6,0,0,0,0,0,,,,,0,19381002,0,MEM02,v,SAS,0,1,0,allstar,y,d
SAS193810020,hydec101,SAS,1,7,value,27,3,0,0,0,0,,,,,1,19381002,0,MEM02,h,NAS,1,0,0,allstar,y,d
SAS193810020,cartm101,SAS,1,5,value,27,0,1,0,0,0,,,,,1,19381002,0,MEM02,h,NAS,1,0,0,allstar,y,d
SAS193810020,robin101,SAS,1,4,value,27,1,4,1,0,0,,,,,1,19381002,0,MEM02,h,NAS,1,0,0,allstar,y,d
SAS193810020,rogen101,SAS,1,9,value,27,0,0,0,0,0,,,,,1,19381002,0,MEM02,h,NAS,1,0,0,allstar,y,d
SAS193810020,currg102,SAS,1,8,value,27,2,0,0,0,0,,,,,1,19381002,0,MEM02,h,NAS,1,0,0,allstar,y,d
SAS193810020,walkh103,SAS,1,6,value,27,1,3,0,0,0,,,,,1,19381002,0,MEM02,h,NAS,1,0,0,allstar,y,d
SAS193810020,lyong102,SAS,1,3,value,27,10,0,0,0,0,,,,,1,19381002,0,MEM02,h,NAS,1,0,0,allstar,y,d
SAS193810020,browl107,SAS,1,2,value,27,10,0,0,0,0,0,0,0,0,1,19381002,0,MEM02,h,NAS,1,0,0,allstar,y,d
SAS193810020,jeffw101,SAS,1,1,value,27,0,2,0,0,0,,,,,1,19381002,0,MEM02,h,NAS,1,0,0,allstar,y,d
SAS193810030,geriu101,NAS,1,1,value,3,,,0,,0,0,,,,,19381003,0,MEM02,v,SAS,1,0,0,allstar,,
SAS193810030,grifb102,NAS,1,1,value,18,,,0,,0,0,,,,1,19381003,0,MEM02,v,SAS,1,0,0,allstar,,
SAS193810030,mossp101,SAS,1,1,value,,,,0,,0,0,,,,1,19381003,0,MEM02,h,NAS,0,1,0,allstar,,
