gid,id,team,d_seq,d_pos,stattype,d_ifouts,d_po,d_a,d_e,d_dp,d_tp,d_pb,d_wp,d_sb,d_cs,d_gs,date,number,site,vishome,opp,win,loss,tie,gametype,box,pbp,eject
HOM194004050,hickj108,HOM,1,1,value,1,,,0,0,0,,,,,,19400405,0,ORL01,h,CV9,1,0,0,exhibition,y,,
CV9194004150,hickj108,HOM,1,1,value,6,,,0,,0,0,,,,1,19400415,0,JKV01,v,CV9,1,0,0,exhibition,,,
CV9194004160,hickj108,HOM,1,1,value,15,,,0,,0,0,,,,1,19400416,0,JKV01,v,CV9,1,0,0,exhibition,,,
HOM194005122,hickj108,HOM,1,1,value,3,,,0,0,0,,,,,1,19400512,2,WAS09,h,NY6,1,0,0,regular,y,,
HOM194005180,hickj108,HOM,1,1,value,3,0,0,0,0,0,,,,,,19400518,0,HRB01,h,BLG,0,1,0,regular,y,,
HOM194007020,hickj108,HOM,1,1,value,18,,,,0,0,,,,,,19400702,0,BUF06,h,BLG,0,1,0,regular,y,,
HOM194007120,hickj108,HOM,1,1,value,21,0,0,0,0,0,,,,,1,19400712,0,HRB01,h,BLG,0,1,0,regular,y,,
MEM194104202,hickj108,NY6,1,1,value,,,,0,,0,0,,,,1,19410420,2,MEM02,v,MEM,0,0,1,exhibition,,,
HOM194105242,hickj108,NY6,1,1,value,12,0,0,0,0,0,,,,,1,19410524,2,PIT06,v,HOM,0,1,0,regular,y,,
NY6194106250,hickj108,NY6,1,1,value,7,0,0,0,0,0,,,,,,19410625,0,HRB01,h,NW2,0,1,0,regular,y,,
NY6194107110,hickj108,NY6,1,1,value,12,0,1,0,0,0,,,,,1,19410711,0,YOR03,h,HOM,0,1,0,regular,y,,
HOM194107160,hickj108,NY6,1,1,value,18,,,0,,0,0,,,,,19410716,0,COL05,v,HOM,0,1,0,regular,,,
HOM194108050,hickj108,NY6,1,1,value,24,,,0,,0,0,,,,1,19410805,0,POR01,v,HOM,0,1,0,exhibition,,,
NW2194108080,hickj108,NY6,1,1,value,16,0,2,0,0,0,,,,,1,19410808,0,RED01,v,NW2,1,0,0,regular,y,,
HOM194109020,hickj108,NY6,1,1,value,,,,0,,0,0,,,,,19410902,0,WAP01,v,HOM,0,1,0,exhibition,,,
