gid,id,team,d_seq,d_pos,stattype,d_ifouts,d_po,d_a,d_e,d_dp,d_tp,d_pb,d_wp,d_sb,d_cs,d_gs,date,number,site,vishome,opp,win,loss,tie,gametype,box,pbp,eject
IN6193705080,hallp101,IN6,1,5,value,27,0,0,1,0,0,,,,,1,19370508,0,IND10,h,SSA,0,1,0,regular,y,y,
IN6193705090,hallp101,IN6,1,5,value,27,0,0,0,0,0,,,,,1,19370509,0,IND10,h,SSA,0,1,0,regular,y,d,
IN6193705100,hallp101,IN6,1,5,value,3,,,0,,,,,,,1,19370510,0,IND10,h,SSA,1,0,0,regular,y,,
IN6193705100,hallp101,IN6,2,9,value,24,,,0,,,,,,,1,19370510,0,IND10,h,SSA,1,0,0,regular,y,,
MEM193705162,hallp101,IN6,1,5,value,18,0,1,0,1,0,,,,,1,19370516,2,MEM02,v,MEM,0,1,0,regular,y,d,
DT2193705232,hallp101,IN6,1,9,value,24,,,0,0,0,0,,0,,1,19370523,2,DET06,v,DT2,0,1,0,regular,y,,
CI1193705301,hallp101,IN6,1,9,value,24,1,0,0,,,,,,,1,19370530,1,CIN07,v,CI1,0,1,0,regular,y,,
CI2194308040,hallp101,CI2,1,9,value,10,1,0,0,0,0,,,,,0,19430804,0,DAV01,h,BIR,1,0,0,regular,y,d,
CI2194308070,hallp101,CI2,1,1,value,9,0,1,0,0,0,,,,,1,19430807,0,APP01,h,BIR,1,0,0,regular,y,,
BIR194308130,hallp101,CI2,1,1,value,5,0,0,0,0,0,,,,,0,19430813,0,MIL03,v,BIR,0,1,0,regular,y,d,
