gid,id,team,b_lp,b_seq,stattype,b_pa,b_ab,b_r,b_h,b_d,b_t,b_hr,b_rbi,b_sh,b_sf,b_hbp,b_w,b_iw,b_k,b_sb,b_cs,b_gdp,b_xi,b_roe,dh,ph,pr,date,number,site,vishome,opp,win,loss,tie,gametype,box,pbp,eject
IN6193705080,hallp101,IN6,6,1,value,5,5,1,3,1,0,0,1,0,0,0,0,0,0,0,0,0,0,0,,,,19370508,0,IND10,h,SSA,0,1,0,regular,y,y,
IN6193705090,hallp101,IN6,6,1,value,4,1,2,0,0,0,0,0,0,0,1,2,0,0,1,0,1,0,0,,,,19370509,0,IND10,h,SSA,0,1,0,regular,y,d,
IN6193705100,hallp101,IN6,6,1,value,4,4,0,1,,,,,0,,0,0,0,,,,,,,,,,19370510,0,IND10,h,SSA,1,0,0,regular,y,,
MEM193705162,hallp101,IN6,5,1,value,4,3,1,1,0,0,0,0,0,0,0,1,0,0,0,0,0,0,0,,,,19370516,2,MEM02,v,MEM,0,1,0,regular,y,d,
DT2193705231,hallp101,IN6,7,2,value,1,1,0,1,0,0,0,,,0,0,0,,,0,,0,,,,,,19370523,1,DET06,v,DT2,0,1,0,regular,y,,
DT2193705232,hallp101,IN6,4,1,value,5,3,1,1,0,0,0,,0,,0,2,,,0,,,,,,,,19370523,2,DET06,v,DT2,0,1,0,regular,y,,
CI1193705301,hallp101,IN6,4,1,value,4,4,2,2,1,0,0,,0,,0,0,0,,,,,,,,,,19370530,1,CIN07,v,CI1,0,1,0,regular,y,,
IN6193706070,hallp101,IN6,7,2,value,0,0,0,0,0,0,0,0,0,0,0,0,0,,0,0,0,0,0,,1,,19370607,0,IND10,h,MEM,0,1,0,regular,y,d,
CI2194308040,hallp101,CI2,1,2,value,2,2,0,0,0,0,0,0,0,0,0,0,0,1,0,0,0,0,0,,,,19430804,0,DAV01,h,BIR,1,0,0,regular,y,d,
BIR194308050,hallp101,CI2,9,2,value,1,1,0,1,0,0,0,0,0,0,0,0,0,,0,0,0,0,0,,1,,19430805,0,KEW01,v,BIR,0,1,0,regular,y,d,
CI2194308070,hallp101,CI2,9,1,value,1,1,0,0,0,0,0,,0,,0,0,0,,0,,,0,,,,,19430807,0,APP01,h,BIR,1,0,0,regular,y,,
BIR194308130,hallp101,CI2,9,2,value,1,1,0,0,0,0,0,0,0,0,0,0,0,,0,0,0,0,0,,,,19430813,0,MIL03,v,BIR,0,1,0,regular,y,d,
