gid,team,inn1,inn2,inn3,inn4,inn5,inn6,inn7,inn8,inn9,inn10,inn11,inn12,inn13,inn14,inn15,inn16,inn17,inn18,inn19,inn20,inn21,inn22,inn23,inn24,inn25,inn26,inn27,inn28,lob,mgr,stattype,b_pa,b_ab,b_r,b_h,b_d,b_t,b_hr,b_rbi,b_sh,b_sf,b_hbp,b_w,b_iw,b_k,b_sb,b_cs,b_gdp,b_xi,b_roe,p_ipouts,p_noout,p_bfp,p_h,p_d,p_t,p_hr,p_r,p_er,p_w,p_iw,p_k,p_hbp,p_wp,p_bk,p_sh,p_sf,p_sb,p_cs,p_pb,d_po,d_a,d_e,d_dp,d_tp,d_pb,d_wp,d_sb,d_cs,start_l1,start_l2,start_l3,start_l4,start_l5,start_l6,start_l7,start_l8,start_l9,start_f1,start_f2,start_f3,start_f4,start_f5,start_f6,start_f7,start_f8,start_f9,start_f10,date,number,site,vishome,opp,win,loss,tie,gametype,box,pbp
PRG193510190,PIR,0,0,0,3,0,0,0,0,0,,,,,,,,,,,,,,,,,,,,5,pirrj101,value,35,34,3,7,0,0,0,,0,,0,1,,6,0,,,,,24,,41,13,1,0,2,8,0,2,,2,0,0,0,0,,1,,0,24,5,0,0,0,0,0,1,,hillj102,hanef101,vauga101,demaf102,almam101,wrigg102,carlc101,cronb101,frasv101,frasv101,cronb101,almam101,wrigg102,hanef101,vauga101,demaf102,hillj102,carlc101,,19351019,0,LOS02,v,PRG,0,1,0,exhibition,y,
PRG193510190,PRG,2,0,0,0,0,1,4,1,,,,,,,,,,,,,,,,,,,,,9,wilst801,value,41,39,8,13,1,0,2,,0,,0,2,,2,1,,,,,27,,35,7,0,0,0,3,0,1,,6,0,0,0,0,,0,,0,27,12,0,0,0,0,0,0,,hughs101,snowf101,steat101,suttm101,wrigz102,mackb102,wrigb104,westj102,grifr101,grifr101,mackb102,westj102,hughs101,snowf101,wrigz102,steat101,wrigb104,suttm101,,19351019,0,LOS02,h,PIR,1,0,0,exhibition,y,
PRG193510201,PIR,3,0,0,0,0,0,0,0,1,,,,,,,,,,,,,,,,,,,,10,pirrj101,value,41,36,4,10,0,1,1,4,0,,0,5,,9,0,,,,,25,,39,10,1,0,0,5,0,3,,12,1,0,0,1,,0,,0,25,8,1,1,0,0,0,0,,hillj102,hanef101,vauga101,demaf102,almam101,wrigg102,carlc101,franm102,frenl101,frenl101,franm102,almam101,wrigg102,hanef101,vauga101,demaf102,hillj102,carlc101,,19351020,1,LOS02,v,PRG,0,1,0,exhibition,y,
PRG193510201,PRG,0,0,0,0,1,0,0,3,1,,,,,,,,,,,,,,,,,,,,9,wilst801,value,39,34,5,10,1,0,0,,1,,1,3,,12,0,,,,,27,,41,10,0,1,1,4,0,5,,9,0,0,0,0,,0,,1,27,5,1,0,0,1,0,0,,steat101,snowf101,wrigz102,suttm101,mackb102,wrigb104,westj102,summt101,thoms105,thoms105,mackb102,westj102,suttm101,snowf101,wrigz102,steat101,wrigb104,summt101,,19351020,1,LOS02,h,PIR,1,0,0,exhibition,y,
PRG193510202,PIR,3,0,1,0,0,,,,,,,,,,,,,,,,,,,,,,,,5,pirrj101,value,24,22,4,8,2,0,1,,0,,0,2,,2,1,,,,,15,,20,6,1,0,0,2,0,1,,3,0,0,0,0,,0,,0,15,9,2,1,0,0,0,0,,hillj102,hanef101,vauga101,demaf102,almam101,wrigg102,carlc101,franm102,munnl101,munnl101,franm102,almam101,wrigg102,hanef101,vauga101,demaf102,hillj102,carlc101,,19351020,2,LOS02,v,PRG,1,0,0,exhibition,y,
PRG193510202,PRG,2,0,0,0,0,,,,,,,,,,,,,,,,,,,,,,,,3,wilst801,value,20,19,2,6,1,0,0,,0,,0,1,,3,0,,,,,15,,24,8,2,0,1,4,0,2,,2,0,0,0,0,,1,,0,15,10,0,2,0,0,0,1,,steat101,snowf101,wrigz102,suttm101,mackb102,wrigb104,westj102,summt101,younu101,younu101,mackb102,westj102,suttm101,snowf101,wrigz102,steat101,wrigb104,summt101,,19351020,2,LOS02,h,PIR,0,1,0,exhibition,y,
ASD193510310,PRG,0,0,0,1,1,0,0,2,0,,,,,,,,,,,,,,,,,,,,6,wilst801,value,37,35,4,9,1,0,0,4,1,,0,1,,9,2,,,,,24,,33,7,1,1,0,5,0,2,,11,0,1,0,0,,2,,1,24,9,3,0,0,1,1,2,,hughs101,snowf101,steat101,suttm101,wrigz102,mackb102,wrigh102,westj102,paigs101,paigs101,mackb102,westj102,hughs101,suttm101,snowf101,steat101,wrigh102,wrigz102,,19351031,0,LOS02,v,ASD,0,1,0,exhibition,y,
ASD193510310,ASD,0,0,0,2,0,0,1,0,2,,,,,,,,,,,,,,,,,,,,4,deand102,value,33,31,5,7,1,1,0,2,0,,0,2,,11,2,,,,,27,,37,9,1,0,0,4,0,1,,9,0,1,0,1,,2,,0,27,7,1,0,0,0,1,2,,statj101,stait101,vauga101,bergw101,camid102,demaf102,lillg101,hannt101,deand102,deand102,hannt101,camid102,stait101,lillg101,vauga101,bergw101,statj101,demaf102,,19351031,0,LOS02,h,PRG,1,0,0,exhibition,y,
PRG193511090,PIR,5,0,0,0,0,0,0,0,0,,,,,,,,,,,,,,,,,,,,,pirrj101,value,,,5,8,,,1,,,,,,,,,,,,,24,,,16,,,4,13,,,,,,,,,,,,,24,,1,,0,,,,,,,,,,,,,,malic101,luptc101,,,,,,,,,19351109,0,LOS02,v,PRG,0,1,0,exhibition,,
PRG193511090,PRG,0,0,3,0,2,0,0,8,,,,,,,,,,,,,,,,,,,,,,wilst801,value,,,13,16,,,4,,,,,,,,,,,,,27,,,8,,,1,5,,,,,,,,,,,,,27,,1,,0,,,,,,,,,,,,,,brewc102,mackb102,,,,,,,,,19351109,0,LOS02,h,PIR,1,0,0,exhibition,,
PRG193511101,PIR,0,0,0,0,0,0,0,0,0,,,,,,,,,,,,,,,,,,,,4,pirrj101,value,31,30,0,2,0,0,0,0,0,0,0,1,,13,1,,,0,,24,,38,11,1,0,0,7,,3,,3,0,0,0,1,,2,,0,24,12,1,1,0,0,0,2,,lee-d101,hanef101,carlc101,bellf102,storl101,bartl102,mcdog103,mcmuh101,munnl101,munnl101,mcmuh101,mcdog103,storl101,hanef101,lee-d101,bartl102,carlc101,bellf102,,19351110,1,LOS02,v,PRG,0,1,0,exhibition,y,
PRG193511101,PRG,2,1,0,2,2,0,0,0,,,,,,,,,,,,,,,,,,,,,7,wilst801,value,38,34,7,11,1,0,0,,1,,0,3,,3,2,,,0,,27,,31,2,0,0,0,0,0,1,,13,0,0,0,0,0,1,,0,27,,0,0,0,0,0,1,,hughs101,snowf101,steat101,suttm101,wrigz102,hinej101,wrigb104,westj102,paigs101,paigs101,hinej101,westj102,hughs101,paigs101,snowf101,steat101,wrigb104,wrigz102,,19351110,1,LOS02,h,PIR,1,0,0,exhibition,y,
PRG193511102,PIR,0,1,0,0,2,,,,,,,,,,,,,,,,,,,,,,,,5,pirrj101,value,23,21,3,8,1,0,0,,1,,0,1,,1,1,,,0,,15,,21,6,2,0,0,2,,0,0,2,0,0,0,0,,0,,0,15,2,0,0,0,0,0,0,,lee-d101,hanef101,carlc101,bellf102,storl101,bartl102,mcdog103,mcmuh101,stinl101,stinl101,mcmuh101,mcdog103,storl101,hanef101,lee-d101,bartl102,carlc101,bellf102,,19351110,2,LOS02,v,PRG,1,0,0,exhibition,y,
PRG193511102,PRG,1,0,0,1,0,,,,,,,,,,,,,,,,,,,,,,,,4,wilst801,value,21,21,2,6,2,0,0,,0,,0,0,0,2,0,,,0,,15,,23,8,1,0,0,3,,1,,1,0,0,0,1,,1,,0,15,3,0,1,0,0,0,1,,hughs101,snowf101,steat101,mackb102,wrigz102,hinej101,wrigb104,westj102,thoms105,thoms105,hinej101,westj102,hughs101,mackb102,snowf101,steat101,wrigb104,wrigz102,,19351110,2,LOS02,h,PIR,0,1,0,exhibition,y,
PRG193512011,PIR,0,0,0,0,0,2,2,0,0,,,,,,,,,,,,,,,,,,,,9,pirrj101,value,40,33,4,7,1,0,0,1,1,,0,6,,12,1,,,0,,24,,36,9,2,0,0,6,5,3,,3,1,1,0,2,,1,,1,24,11,2,0,0,1,1,1,,lee-d101,colbb101,carlc101,bellf102,storl101,bartl102,mcdog103,mcmuh101,stinl101,stinl101,mcmuh101,mcdog103,storl101,colbb101,lee-d101,bartl102,carlc101,bellf102,,19351201,1,LOS02,v,PRG,0,1,0,exhibition,y,
PRG193512011,PRG,0,0,3,1,0,0,0,2,,,,,,,,,,,,,,,,,,,,,6,wilst801,value,36,30,6,9,2,0,0,3,2,,1,3,,3,1,,,0,,27,,40,7,1,0,0,4,2,6,,12,0,0,0,1,,1,,0,27,13,2,0,0,0,0,1,,hughs101,snowf101,steat101,suttm101,wrigz102,mackb102,wrigb104,westj102,grifr101,grifr101,mackb102,westj102,hughs101,suttm101,snowf101,steat101,wrigb104,wrigz102,,19351201,1,LOS02,h,PIR,1,0,0,exhibition,y,
PRG193512012,PIR,0,0,0,0,0,,,,,,,,,,,,,,,,,,,,,,,,4,pirrj101,value,19,15,0,1,0,0,0,0,0,,0,4,,5,0,,,0,,12,,16,3,1,0,2,4,4,2,,2,0,0,0,0,,1,,0,12,6,0,0,0,0,0,1,,lee-d101,colbb101,carlc101,bellf102,storl101,bartl102,mcdog103,mcmuh101,malic101,malic101,mcmuh101,mcdog103,storl101,colbb101,lee-d101,bartl102,carlc101,bellf102,,19351201,2,LOS02,v,PRG,0,1,0,exhibition,y,
PRG193512012,PRG,3,0,0,1,,,,,,,,,,,,,,,,,,,,,,,,,0,wilst801,value,16,14,4,3,1,0,2,4,0,,0,2,,2,1,,,0,,15,,19,1,0,0,0,0,0,4,,5,0,1,0,0,,0,,1,15,5,0,1,0,1,1,0,,hughs101,snowf101,steat101,suttm101,wrigz102,mackb102,wrigb104,westj102,paigs101,paigs101,mackb102,westj102,hughs101,suttm101,snowf101,steat101,wrigb104,wrigz102,,19351201,2,LOS02,h,PIR,1,0,0,exhibition,y,
PRG193512221,PIR,0,0,3,0,0,0,0,0,0,,,,,,,,,,,,,,,,,,,,,pirrj101,value,,,3,5,,,,,,,,,,,,,,,,24,,,14,,,2,11,,,,,,,,,,,,,24,,1,,0,,,,,,,,,,,,,,munnl101,mcmuh101,,,,,,,,,19351222,1,LOS02,v,PRG,0,1,0,exhibition,,
PRG193512221,PRG,,,,,,,,,,,,,,,,,,,,,,,,,,,,,,wilst801,value,,,11,14,,,2,,,,,,,,,,,,,27,,,5,,,,3,,,,,,,,,,,,,27,,0,,0,,,,,,,,,,,,,,paigs101,mackb102,,,,,,,,,19351222,1,LOS02,h,PIR,1,0,0,exhibition,,
PRG193512222,PIR,0,0,0,2,1,,,,,,,,,,,,,,,,,,,,,,,,,pirrj101,value,,,3,3,,,,,,,,,,,,,,,,12,,,7,,,,5,,,,,,,,,,,,,12,,0,,0,,,,,,,,,,,,,,mcdoh101,bellf102,,,,,,,,,19351222,2,LOS02,v,PRG,0,1,0,exhibition,,
PRG193512222,PRG,0,5,0,0,,,,,,,,,,,,,,,,,,,,,,,,,,wilst801,value,,,5,7,,,,,,,,,,,,,,,,15,,,3,,,,3,,,,,,,,,,,,,15,,1,,0,,,,,,,,,,,,,,thoms105,mackb102,,,,,,,,,19351222,2,LOS02,h,PIR,1,0,0,exhibition,,
