gid,team,inn1,inn2,inn3,inn4,inn5,inn6,inn7,inn8,inn9,inn10,inn11,inn12,inn13,inn14,inn15,inn16,inn17,inn18,inn19,inn20,inn21,inn22,inn23,inn24,inn25,inn26,inn27,inn28,lob,mgr,stattype,b_pa,b_ab,b_r,b_h,b_d,b_t,b_hr,b_rbi,b_sh,b_sf,b_hbp,b_w,b_iw,b_k,b_sb,b_cs,b_gdp,b_xi,b_roe,p_ipouts,p_noout,p_bfp,p_h,p_d,p_t,p_hr,p_r,p_er,p_w,p_iw,p_k,p_hbp,p_wp,p_bk,p_sh,p_sf,p_sb,p_cs,p_pb,d_po,d_a,d_e,d_dp,d_tp,d_pb,d_wp,d_sb,d_cs,start_l1,start_l2,start_l3,start_l4,start_l5,start_l6,start_l7,start_l8,start_l9,start_f1,start_f2,start_f3,start_f4,start_f5,start_f6,start_f7,start_f8,start_f9,start_f10,date,number,site,vishome,opp,win,loss,tie,gametype,box,pbp
BLS192810070,ASB,0,0,0,0,1,3,0,0,4,,,,,,,,,,,,,,,,,,,,8,maisf101,value,43,31,8,6,1,0,0,,3,,1,8,,14,1,,,,,27,,44,14,5,0,0,5,0,6,,5,0,1,0,2,,4,,2,27,9,1,3,0,2,1,4,,bishm102,neunj101,portd101,moora103,spald101,thomh102,mooee101,birdj101,romme101,romme101,birdj101,neunj101,bishm102,mooee101,thomh102,moora103,portd101,spald101,,19281007,0,BAL13,v,BLS,1,0,0,exhibition,y,
BLS192810070,BLS,1,0,2,0,0,0,1,0,1,,,,,,,,,,,,,,,,,,,,12,taylb108,value,44,36,5,14,5,0,0,,2,,0,6,,5,4,,,,,27,,43,6,1,0,0,8,0,8,,14,1,0,0,3,,1,,0,27,5,5,0,0,0,0,1,,hollc103,warff101,wilsj106,dixor101,charo101,mackb102,lundd103,taylb108,farrl101,farrl101,mackb102,taylb108,warff101,wilsj106,lundd103,hollc103,charo101,dixor101,,19281007,0,BAL13,h,ASB,0,1,0,exhibition,y,
BLS192810140,ASB,0,0,0,2,0,0,0,0,1,,,,,,,,,,,,,,,,,,,,6,maisf101,value,36,31,3,6,2,0,0,,1,,0,4,,7,0,,,,,24,,44,11,4,0,1,9,0,7,,10,0,0,0,2,,0,,2,24,10,9,0,0,2,0,0,,bishm102,neunj101,portd101,moora103,thomh102,mooee101,maisg101,david104,grovl101,grovl101,david104,neunj101,bishm102,mooee101,thomh102,moora103,portd101,maisg101,,19281014,0,BAL13,v,BLS,0,1,0,exhibition,y,
BLS192810140,BLS,0,0,2,1,2,4,0,0,,,,,,,,,,,,,,,,,,,,,11,taylb108,value,44,35,9,11,4,0,1,,2,,0,7,,10,0,,,,,27,,36,6,2,0,0,3,0,4,,7,0,0,0,1,,0,,0,27,7,3,0,0,0,0,0,,hollc103,dixor101,wilsj106,charo101,mackb102,lundd103,taylb108,warff101,farrl101,farrl101,mackb102,taylb108,warff101,wilsj106,lundd103,hollc103,charo101,dixor101,,19281014,0,BAL13,h,ASB,1,0,0,exhibition,y,
BLS192810211,ASB,0,1,0,0,0,0,0,0,0,,,,,,,,,,,,,,,,,,,,4,maisf101,value,32,28,1,5,1,1,1,,0,,1,3,,4,1,,,,,24,,30,4,2,0,1,2,0,3,,4,0,0,0,0,,0,,0,24,12,0,1,0,0,0,0,,bishm102,neunj101,portd101,foxxj101,moora103,thomh102,mooee101,leriw101,ogdej101,ogdej101,leriw101,neunj101,bishm102,mooee101,thomh102,foxxj101,moora103,portd101,,19281021,1,BAL13,v,BLS,0,1,0,exhibition,y,
BLS192810211,BLS,2,0,0,0,0,0,0,0,,,,,,,,,,,,,,,,,,,,,4,taylb108,value,30,27,2,4,2,0,1,,0,,0,3,,4,0,,,,,27,,32,5,1,1,1,1,0,3,,4,1,0,0,0,,1,,0,27,17,1,0,0,0,0,1,,hollc103,warff101,beckj104,charo101,cannw101,lundd103,hubbj101,clarb107,yokel101,yokel101,clarb107,cannw101,warff101,beckj104,lundd103,hollc103,charo101,hubbj101,,19281021,1,BAL13,h,ASB,1,0,0,exhibition,y,
BLS192810280,ASB,0,0,0,3,0,0,0,1,0,,,,,,,,,,,,,,,,,,,,7,maisf101,value,38,32,4,6,1,1,1,,1,,0,5,,2,0,,,,,27,,36,4,0,1,0,3,0,3,,11,0,0,0,0,,2,,0,27,17,1,0,0,0,0,2,,bishm102,neunj101,portd101,foxxj101,moora103,thomh102,mooee101,leriw101,romme101,romme101,leriw101,neunj101,bishm102,mooee101,thomh102,foxxj101,moora103,portd101,,19281028,0,BAL13,v,BLS,1,0,0,exhibition,y,
BLS192810280,BLS,0,0,0,0,1,2,0,0,0,,,,,,,,,,,,,,,,,,,,6,taylb108,value,36,33,3,4,0,1,0,,0,,0,3,,11,2,,,,,27,,38,6,1,1,1,4,0,5,,2,0,0,0,1,,0,,0,27,15,1,2,0,0,0,0,,lundd103,lindc105,charo101,masoc102,taylb108,clarb107,egglm101,brows104,yokel101,yokel101,clarb107,taylb108,brows104,lindc105,lundd103,masoc102,charo101,egglm101,,19281028,0,BAL13,h,ASB,0,1,0,exhibition,y,
