gid,id,team,b_lp,b_seq,stattype,b_pa,b_ab,b_r,b_h,b_d,b_t,b_hr,b_rbi,b_sh,b_sf,b_hbp,b_w,b_iw,b_k,b_sb,b_cs,b_gdp,b_xi,b_roe,dh,ph,pr,date,number,site,vishome,opp,win,loss,tie,gametype,box,pbp
BIR194906220,hairs101,IN9,,1,value,,,,1,1,,,3,,,,,,,,,,,,,,,19490622,0,COL06,v,BIR,1,0,0,regular,,
BIR194906220,porta103,IN9,,1,value,,,,,,,,,,,,,,,,,,,,,,,19490622,0,COL06,v,BIR,1,0,0,regular,,
BIR194906220,cathw101,IN9,,2,value,,,,,,,,,,,,,,,,,,,,,,,19490622,0,COL06,v,BIR,1,0,0,regular,,
BIR194906220,poweb103,BIR,,1,value,,,,,,,,,,,,,,,,,,,,,,,19490622,0,COL06,h,IN9,0,1,0,regular,,
BIR194906220,carts102,BIR,,2,value,,,,,,,,,,,,,,,,,,,,,,,19490622,0,COL06,h,IN9,0,1,0,regular,,
BIR194906220,wattd101,BIR,,3,value,,,,,,,,,,,,,,,,,,,,,,,19490622,0,COL06,h,IN9,0,1,0,regular,,
BIR194906220,greab101,BIR,,4,value,,,,,,,,,,,,,,,,,,,,,,,19490622,0,COL06,h,IN9,0,1,0,regular,,
BIR194906220,scotj107,BIR,,5,value,,,,,,,,,,,,,,,,,,,,,,,19490622,0,COL06,h,IN9,0,1,0,regular,,
BIR194906220,bellh102,BIR,,1,value,,,,,,,,,,,,,,,,,,,,,,,19490622,0,COL06,h,IN9,0,1,0,regular,,
BIR194908160,gipsa101,CAG,,1,value,,,,,,,,,,,,,,,,,,,,,,,19490816,0,COL06,v,BIR,0,1,0,regular,,
BIR194908160,rhodh101,CAG,,,value,,,,2,,,,,,,,,,,,,,,,,,,19490816,0,COL06,v,BIR,0,1,0,regular,,
BIR194908160,radct101,CAG,,,value,,,,2,,,,,,,,,,,,,,,,,,,19490816,0,COL06,v,BIR,0,1,0,regular,,
BIR194908160,poweb103,BIR,,1,value,,,,1,,,,2,,,,,,,,,,,,,,,19490816,0,COL06,h,CAG,1,0,0,regular,,
BIR194908160,steee102,BIR,,,value,,,,2,,,,,,,,,,,,,,,,,,,19490816,0,COL06,h,CAG,1,0,0,regular,,
