gid,id,team,d_seq,d_pos,stattype,d_ifouts,d_po,d_a,d_e,d_dp,d_tp,d_pb,d_wp,d_sb,d_cs,d_gs,date,number,site,vishome,opp,win,loss,tie,gametype,box,pbp,eject
KCM194004160,bellh102,IN8,1,2,value,27,,,0,,0,,,,,1,19400416,0,FTW01,v,KCM,1,0,0,exhibition,,,
KCM194004210,bellh102,IN8,1,2,value,24,,,0,0,0,0,,,,1,19400421,0,ATL04,v,KCM,0,1,0,exhibition,y,,
KCM194004290,bellh102,IN8,1,2,value,27,,,0,,0,,,,,1,19400429,0,HOU04,v,KCM,1,0,0,exhibition,,,
KCM194004300,bellh102,IN8,1,2,value,27,,,0,,0,,,,,1,19400430,0,GAL01,v,KCM,1,0,0,exhibition,,,
BLG194005051,bellh102,IN8,1,2,value,25,4,,0,0,0,0,,,,1,19400505,1,NSH02,v,BLG,0,1,0,exhibition,y,,
IN8194005260,bellh102,IN8,1,2,value,27,,,0,,0,,,,,1,19400526,0,IND10,h,CAG,1,0,0,regular,,,
IN8194006021,bellh102,IN8,1,2,value,30,9,,0,0,0,0,,,,1,19400602,1,IND10,h,SNO,1,0,0,regular,y,,
IN8194006022,bellh102,IN8,1,2,value,18,,,0,0,0,0,,,,1,19400602,2,IND10,h,SNO,0,1,0,regular,y,,
IN8194006231,bellh102,IN8,1,2,value,27,,,0,,0,,,,,1,19400623,1,LOU05,h,CAG,0,1,0,regular,,,
MEM194007180,bellh102,IN8,1,2,value,25,,,0,,0,,,,,1,19400718,0,WAC01,v,MEM,0,1,0,regular,,,
MEM194007211,bellh102,IN8,1,2,value,,1,0,0,0,0,0,,,,1,19400721,1,MEM02,v,MEM,0,1,0,regular,y,,
SNO194007260,bellh102,IN8,1,2,value,21,7,2,0,0,0,0,,,,1,19400726,0,HOU05,v,SNO,1,0,0,regular,y,,
SNO194007270,bellh102,IN8,1,2,value,18,4,0,0,0,0,0,,,,1,19400727,0,BAT01,v,SNO,0,1,0,regular,y,,
SNO194007281,bellh102,IN8,1,2,value,24,7,0,0,0,0,0,,,,1,19400728,1,NOL01,v,SNO,0,1,0,regular,y,,
SNO194007290,bellh102,IN8,1,2,value,21,,,0,,0,,,,,1,19400729,0,PTA01,v,SNO,0,1,0,regular,,,
SNO194007300,bellh102,IN8,1,2,value,27,,,0,,0,,,,,1,19400730,0,HOU04,v,SNO,0,1,0,regular,,,
KCM194008020,bellh102,IN8,1,2,value,39,8,1,0,0,0,0,,,,1,19400802,0,BEL01,v,KCM,0,0,1,regular,y,,
CAG194008111,bellh102,IN8,1,2,value,27,,,0,,0,,,,,1,19400811,1,CHI09,v,CAG,1,0,0,regular,,,
CAG194008112,bellh102,IN8,1,2,value,18,,,0,,0,,,,,1,19400811,2,CHI09,v,CAG,0,1,0,regular,,,
KCM194008130,bellh102,IN8,1,2,value,24,,,0,,0,,,,,1,19400813,0,OKC01,v,KCM,0,1,0,regular,,,
KCM194008140,bellh102,IN8,1,2,value,,4,0,1,0,0,0,,,,1,19400814,0,SHW01,v,KCM,0,1,0,regular,y,,
KCM194008181,bellh102,IN8,1,2,value,24,4,0,0,0,0,1,,,,1,19400818,1,KAN05,v,KCM,0,1,0,regular,y,,
KCM194008182,bellh102,IN8,1,2,value,18,7,0,1,0,0,1,,,,1,19400818,2,KAN05,v,KCM,0,1,0,regular,y,,
BIR194307290,bellh102,BIR,1,2,value,27,,,0,,0,,,,,1,19430729,0,BIR01,h,NY6,1,0,0,exhibition,,,
BIR194308010,bellh102,BIR,1,2,value,18,,,0,,0,,,,,1,19430801,0,BIR01,h,CAG,1,0,0,exhibition,,,
CI2194308030,bellh102,BIR,1,2,value,27,1,0,0,0,0,0,0,0,0,1,19430803,0,BEL01,v,CI2,1,0,0,regular,y,d,
CI2194308040,bellh102,BIR,1,2,value,24,6,1,0,0,0,0,0,1,0,1,19430804,0,DAV01,v,CI2,0,1,0,regular,y,d,
BIR194308050,bellh102,BIR,1,2,value,27,6,1,0,0,0,0,0,0,0,1,19430805,0,KEW01,h,CI2,1,0,0,regular,y,d,
BIR194308082,bellh102,BIR,1,2,value,21,,,0,,0,,,,,1,19430808,2,MIN05,h,CI2,1,0,0,regular,,,
BIR194308100,bellh102,BIR,1,2,value,27,2,1,1,1,0,0,0,0,0,1,19430810,0,WIN01,h,CI2,0,1,0,regular,y,d,
BIR194308112,bellh102,BIR,1,2,value,27,,,0,,0,,,,,1,19430811,2,WIN01,h,CI2,0,0,1,regular,,,
BIR194308130,bellh102,BIR,1,2,value,27,7,0,1,0,0,0,0,1,0,1,19430813,0,MIL03,h,CI2,1,0,0,regular,y,d,
BIR194308152,bellh102,BIR,1,2,value,18,,,0,,0,,,,,1,19430815,2,CHI11,h,MEM,0,0,1,regular,,,
PH5194308210,bellh102,BIR,1,2,value,27,20,0,1,0,0,0,0,0,0,1,19430821,0,PHI17,v,PH5,1,0,0,exhibition,y,d,
NY5194308221,bellh102,BIR,1,2,value,27,4,2,0,0,0,0,,,,1,19430822,1,NYC16,v,NY5,1,0,0,exhibition,y,,
CVB194308292,bellh102,BIR,1,2,value,18,1,0,0,0,0,0,0,0,0,1,19430829,2,CLE06,v,CVB,0,1,0,regular,y,d,
PH5194309040,bellh102,BIR,1,2,value,24,5,0,0,0,0,0,,,,1,19430904,0,PHI17,v,PH5,0,1,0,exhibition,y,,
BLG194309051,bellh102,BIR,1,2,value,8,1,0,0,0,0,0,0,0,0,0,19430905,1,BAL14,v,BLG,0,1,0,exhibition,y,d,
CI2194309080,bellh102,BIR,1,2,value,27,6,0,0,0,0,0,0,4,2,1,19430908,0,CIN07,v,CI2,1,0,0,regular,y,d,
CAG194309150,bellh102,BIR,1,2,value,24,,,,,0,,,,,1,19430915,0,DAY03,v,CAG,0,1,0,lcs,,,
BIR194309170,bellh102,BIR,1,2,value,27,2,2,0,0,0,0,0,0,2,1,19430917,0,MTG01,h,CAG,1,0,0,lcs,y,d,
BIR194309190,bellh102,BIR,1,2,value,27,4,1,0,0,0,0,0,0,0,1,19430919,0,BIR01,h,CAG,1,0,0,lcs,y,d,
BIR194310100,bellh102,BIR,1,2,value,,0,0,0,0,0,0,0,0,,,19431010,0,BIR01,h,HOM,0,1,0,exhibition,y,,
NY6194504010,bellh102,BIR,1,2,value,3,0,0,0,0,0,0,,,,,19450401,0,NOL01,v,NY6,0,1,0,exhibition,y,,
MEM194504300,bellh102,BIR,1,2,value,27,,,0,,0,,,,,1,19450430,0,LRK02,v,MEM,1,0,0,exhibition,,,
BIR194505062,bellh102,BIR,1,2,value,,,,0,,0,,,,,,19450506,2,BIR01,h,CVB,1,0,0,regular,,,
KCM194505132,bellh102,BIR,1,2,value,,3,0,0,0,0,0,,,,1,19450513,2,KAN05,v,KCM,0,1,0,regular,y,,
KCM194505140,bellh102,BIR,1,2,value,24,,,,,0,,,,,1,19450514,0,MUS01,v,KCM,0,1,0,regular,,,
MEM194505201,bellh102,BIR,1,2,value,27,,,0,,0,,,,,1,19450520,1,IND10,v,MEM,1,0,0,regular,,,
MEM194505202,bellh102,BIR,1,2,value,21,,,0,,0,,,,,1,19450520,2,IND10,v,MEM,1,0,0,regular,,,
MEM194505210,bellh102,BIR,1,2,value,27,3,1,1,0,0,0,,,,1,19450521,0,MUN02,v,MEM,1,0,0,regular,y,,
BIR194505271,bellh102,BIR,1,2,value,27,4,0,0,0,0,0,1,0,0,1,19450527,1,BIR01,h,CIA,1,0,0,regular,y,d,
BIR194506031,bellh102,BIR,1,2,value,27,,,0,0,0,0,,,,1,19450603,1,BIR01,h,KCM,0,1,0,regular,y,,
CAG194506102,bellh102,BIR,1,2,value,21,,,1,,0,,,,,1,19450610,2,CHI10,v,CAG,1,0,0,regular,,,
NY6194506172,bellh102,BIR,1,2,value,15,,,0,,0,,,,,1,19450617,2,DET04,v,NY6,1,0,0,exhibition,,,
BIR194506190,bellh102,BIR,1,2,value,27,,,0,,0,,,,,1,19450619,0,COL05,h,NY6,1,0,0,exhibition,,,
NY6194506242,bellh102,BIR,1,2,value,27,,,0,,0,,,,,1,19450624,2,NYC14,v,NY6,1,0,0,exhibition,,,
PHB194506251,bellh102,PHB,1,2,value,18,0,0,0,0,0,0,0,0,0,0,19450625,1,PHI11,h,KCM,1,0,0,exhibition,y,d,
CVB194506270,bellh102,BIR,1,2,value,24,,,0,,0,,,,,1,19450627,0,DAY03,v,CVB,0,1,0,regular,,,
BIR194507012,bellh102,BIR,1,2,value,21,,,0,,0,,,,,1,19450701,2,BIR01,h,MEM,1,0,0,regular,,,
BIR194507030,bellh102,BIR,1,2,value,27,,,0,,0,,,,,1,19450703,0,BIR01,h,MEM,1,0,0,regular,,,
MEM194507042,bellh102,BIR,1,2,value,18,,,0,,0,,,,,1,19450704,2,MEM03,v,MEM,0,1,0,regular,,,
KCM194507070,bellh102,BIR,1,2,value,24,,,0,,0,,,,,1,19450707,0,MUS01,v,KCM,0,1,0,regular,,,
KCM194507100,bellh102,BIR,1,2,value,24,,,0,,0,,,,,1,19450710,0,IND10,v,KCM,0,1,0,regular,,,
KCM194507120,bellh102,BIR,1,2,value,3,,,0,,0,,,,,,19450712,0,DAY03,v,KCM,0,1,0,regular,,,
BIR194507132,bellh102,BIR,1,2,value,27,,,0,,0,0,,,,1,19450713,2,IND10,h,MEM,1,0,0,exhibition,,,
CVB194507160,bellh102,BIR,1,2,value,,4,0,0,0,0,0,,,,,19450716,0,CLE07,v,CVB,0,1,0,regular,y,,
CVB194507170,bellh102,BIR,1,2,value,,,,0,,0,,,,,1,19450717,0,COL05,v,CVB,1,0,0,regular,,,
BIR194508051,bellh102,BIR,1,2,value,30,,,0,,0,,,,,1,19450805,1,BIR01,h,CIA,1,0,0,regular,,,
PH5194508081,bellh102,BIR,1,2,value,24,,,0,,0,,,,,1,19450808,1,PIT06,v,PH5,0,1,0,exhibition,,,
HOM194508092,bellh102,BIR,1,2,value,,,,0,,0,,,,,1,19450809,2,WAS09,v,HOM,0,1,0,exhibition,,,
PH5194508130,bellh102,BIR,1,2,value,27,5,3,1,0,0,0,,,,1,19450813,0,WIL04,v,PH5,0,0,1,exhibition,y,,
BLG194508140,bellh102,BIR,1,2,value,24,0,0,0,0,0,0,0,0,0,1,19450814,0,BAL14,v,BLG,0,1,0,exhibition,y,d,
BIR194508192,bellh102,BIR,1,2,value,27,,,0,,0,,,,,1,19450819,2,BIR01,h,CVB,0,0,1,regular,,,
CIA194508250,bellh102,BIR,1,2,value,27,,,0,0,0,0,,,,1,19450825,0,SPR03,v,CIA,1,0,0,regular,y,,
CIA194508262,bellh102,BIR,1,2,value,21,,,0,,0,,,,,1,19450826,2,IND10,v,CIA,1,0,0,regular,,,
CIA194508290,bellh102,BIR,1,2,value,24,,,,,0,,,,,1,19450829,0,IND10,v,CIA,0,1,0,regular,,,
NY5194509022,bellh102,BIR,1,2,value,15,4,0,0,0,0,0,0,0,0,1,19450902,2,NYC16,v,NY5,0,1,0,exhibition,y,d,
BIR194604142,bellh102,BIR,1,2,value,21,,,0,,0,,,,,1,19460414,2,BIR01,h,IN9,1,0,0,exhibition,,,
CVB194605051,bellh102,BIR,1,2,value,24,,,0,,0,,,,,,19460505,1,CLE06,v,CVB,0,1,0,regular,,,
CVB194605052,bellh102,BIR,1,2,value,21,,,0,,0,,,,,1,19460505,2,CLE06,v,CVB,1,0,0,regular,,,
CVB194605060,bellh102,BIR,1,2,value,33,,,0,,0,,,,,1,19460506,0,TOL05,v,CVB,0,1,0,regular,,,
BIR194605100,bellh102,BIR,1,2,value,27,,,0,,0,,,,,1,19460510,0,BIR01,h,CVB,1,0,0,regular,,,
BIR194605121,bellh102,BIR,1,2,value,27,,,0,,0,,,,,,19460512,1,BIR01,h,CVB,1,0,0,regular,,,
BIR194605122,bellh102,BIR,1,2,value,21,,,0,,0,,,,,1,19460512,2,BIR01,h,CVB,0,1,0,regular,,,
MEM194605160,bellh102,BIR,1,2,value,,,,0,,0,,,,,1,19460516,0,MEM03,v,MEM,0,1,0,regular,,,
MEM194605192,bellh102,BIR,1,2,value,21,,,0,,0,,,,,1,19460519,2,MEM03,v,MEM,1,0,0,regular,,,
BIR194605261,bellh102,BIR,1,2,value,27,,,0,,0,,,,,,19460526,1,BIR01,h,MEM,0,1,0,regular,,,
BIR194605262,bellh102,BIR,1,2,value,21,,,0,,0,,,,,1,19460526,2,BIR01,h,MEM,1,0,0,regular,,,
CAG194606021,bellh102,BIR,1,2,value,,,,,,0,,,,,1,19460602,1,CHI10,v,CAG,0,1,0,regular,,,
CAG194606021,bellh102,BIR,1,2,lower,12,,,,,0,,,,,1,19460602,1,CHI10,v,CAG,0,1,0,regular,,,
CAG194606021,bellh102,BIR,1,2,upper,14,,,,,0,,,,,1,19460602,1,CHI10,v,CAG,0,1,0,regular,,,
CAG194606060,bellh102,BIR,1,2,value,27,,,0,,0,,,,,1,19460606,0,CHI10,v,CAG,1,0,0,regular,,,
MEM194606092,bellh102,BIR,1,2,value,18,,0,0,,0,,,,,1,19460609,2,MEM03,v,MEM,0,1,0,regular,,,
BIR194607040,bellh102,BIR,1,2,value,27,,,,,,,,,,1,19460704,0,BIR01,h,KCM,0,1,0,regular,,,
BIR194607141,bellh102,BIR,1,2,value,27,,,0,,0,,,,,1,19460714,1,BIR01,h,CCR,1,0,0,exhibition,,,
NY6194607200,bellh102,BIR,1,2,value,27,3,0,0,0,0,0,0,1,0,1,19460720,0,WIL04,v,NY6,1,0,0,exhibition,y,d,
CVB194607281,bellh102,BIR,1,2,value,24,,,0,,0,,,,,1,19460728,1,SYR04,v,CVB,0,1,0,regular,,,
CVB194607290,bellh102,BIR,1,2,value,24,,,0,,0,,,,,1,19460729,0,CLE07,v,CVB,0,1,0,regular,,,
BIR194608042,bellh102,BIR,1,2,value,15,,,0,,0,,,,,1,19460804,2,BIR01,h,CAG,1,0,0,regular,,,
BIR194608080,bellh102,BIR,1,2,value,27,,,0,,0,,,,,1,19460808,0,BIR01,h,CAG,0,1,0,regular,,,
BIR194608111,bellh102,BIR,1,2,value,27,,,0,,0,,,,,1,19460811,1,BIR01,h,IN9,1,0,0,regular,,,
BIR194608181,bellh102,BIR,1,2,value,27,,,0,,0,,,,,1,19460818,1,BIR01,h,CVB,0,1,0,exhibition,,,
BIR194608182,bellh102,BIR,1,2,value,21,,,0,,0,,,,,,19460818,2,BIR01,h,CVB,0,0,1,exhibition,,,
CVB194608252,bellh102,BIR,1,2,value,27,,,0,,0,,,,,1,19460825,2,CLE06,v,CVB,1,0,0,regular,,,
BIR194609011,bellh102,BIR,1,2,value,27,,,0,,0,,,,,1,19460901,1,BIR01,h,MEM,1,0,0,regular,,,
MEM194609021,bellh102,BIR,1,2,value,27,,,0,,0,,,,,1,19460902,1,MEM03,v,MEM,1,0,0,regular,,,
MEM194609030,bellh102,BIR,1,2,value,27,,,0,,0,,,,,1,19460903,0,LRK02,v,MEM,1,0,0,regular,,,
CAG194609080,bellh102,BIR,1,2,value,,,,0,,0,,,,,1,19460908,0,CHI10,v,CAG,1,0,0,regular,,,
CAG194609110,bellh102,BIR,1,2,value,24,,,0,,0,,,,,1,19460911,0,COL05,v,CAG,0,1,0,regular,,,
BIR194609270,bellh102,BIR,1,2,value,21,,,0,,0,,,,,1,19460927,0,BIR01,h,MEM,1,0,0,exhibition,,,
BIR194609291,bellh102,BIR,1,2,value,27,,,0,,0,,,,,1,19460929,1,BIR01,h,MEM,1,0,0,exhibition,,,
BIR194609292,bellh102,BIR,1,2,value,18,,,0,,0,,,,,1,19460929,2,BIR01,h,MEM,0,0,1,exhibition,,,
BIR194704160,bellh102,BIR,1,2,value,,,,0,,0,,,,,,19470416,0,BIR01,h,HOM,1,0,0,exhibition,,,
CVB194705060,bellh102,BIR,1,2,value,27,,,0,,0,,,,,1,19470506,0,DAY03,v,CVB,1,0,0,regular,,,
BIR194705111,bellh102,BIR,1,2,value,,,,0,,0,,,,,1,19470511,1,BIR01,h,KCM,0,1,0,regular,,,
IN9194705182,bellh102,BIR,1,2,value,21,,,0,,0,,,,,1,19470518,2,IND10,v,IN9,1,0,0,regular,,,
BIR194705252,bellh102,BIR,1,2,value,21,,,0,,0,,0,,,1,19470525,2,BIR01,h,IN9,1,0,0,regular,,,
BIR194705270,bellh102,BIR,1,2,value,27,,,0,,0,,,,,1,19470527,0,NOL01,h,IN9,0,1,0,regular,,,
BIR194706020,bellh102,BIR,1,2,value,27,,,0,,0,,,,,1,19470602,0,MTG01,h,CAG,1,0,0,regular,,,
BIR194706050,bellh102,BIR,1,2,value,27,,,0,,0,,,,,1,19470605,0,HUN01,h,CAG,0,1,0,regular,,,
CVB194706082,bellh102,BIR,1,2,value,21,,,0,,0,,,,,1,19470608,2,CLE06,v,CVB,1,0,0,regular,,,
BIR194706151,bellh102,BIR,1,2,value,27,,,0,,0,,,,,1,19470615,1,BIR01,h,MEM,0,1,0,regular,,,
MEM194706170,bellh102,BIR,1,2,value,24,,,0,,0,,,,,1,19470617,0,MEM02,v,MEM,0,1,0,regular,,,
CAG194706221,bellh102,BIR,1,2,value,,3,1,0,0,0,0,,,,1,19470622,1,CHI10,v,CAG,1,0,0,regular,y,,
BIR194706291,bellh102,BIR,1,2,value,27,,,0,,0,,,,,1,19470629,1,BIR01,h,CVB,1,0,0,regular,,,
BIR194707010,bellh102,BIR,1,2,value,27,,,0,,0,,,,,1,19470701,0,BIR01,h,CVB,0,1,0,regular,,,
CVB194707030,bellh102,BIR,1,2,value,27,,,0,,0,,,,,1,19470703,0,DAY03,v,CVB,1,0,0,regular,,,
KCM194707132,bellh102,BIR,1,2,value,18,3,0,0,0,0,0,,,,1,19470713,2,KAN05,v,KCM,1,0,0,regular,y,,
NW2194707180,bellh102,BIR,1,2,value,27,,,0,0,0,0,,,,1,19470718,0,NWK04,v,NW2,1,0,0,exhibition,y,,
PH5194707212,bellh102,BIR,1,2,value,24,5,3,0,0,0,0,,,,1,19470721,2,PHI11,v,PH5,0,1,0,exhibition,y,,
NY5194707271,bellh102,BIR,1,2,value,24,,,0,,0,,,,,1,19470727,1,NYC14,v,NY5,0,1,0,exhibition,,,
BIR194708032,bellh102,BIR,1,2,value,,,,0,,0,,,,,1,19470803,2,BIR01,h,IN9,1,0,0,regular,,,
KCM194708041,bellh102,BIR,1,2,value,7,0,0,0,0,0,0,0,0,0,0,19470804,1,STL07,v,KCM,0,1,0,regular,y,d,
BLG194708120,bellh102,BIR,1,2,value,,1,0,0,0,0,0,,,,1,19470812,0,BAL14,v,BLG,1,0,0,exhibition,y,,
MEM194708171,bellh102,BIR,1,2,value,27,,,,,,,,,,1,19470817,1,MEM02,v,MEM,1,0,0,regular,,,
MEM194708172,bellh102,BIR,1,2,value,18,,,0,,,,,,,1,19470817,2,MEM02,v,MEM,0,1,0,regular,,,
MEM194709050,bellh102,BIR,1,2,value,24,,,0,,0,,,,,1,19470905,0,LRK02,v,MEM,0,1,0,regular,,,
CAG194709141,bellh102,BIR,1,2,value,32,,,0,,0,,,,,1,19470914,1,CHI10,v,CAG,0,1,0,regular,,,
BIR194709250,bellh102,BIR,1,2,value,,,,0,,0,,,,,1,19470925,0,BIR01,h,NY5,1,0,0,exhibition,,,
BIR194804182,bellh102,BIR,1,2,value,15,,,0,,0,,,,,1,19480418,2,BIR01,h,IN9,0,0,1,exhibition,,,
BIR194804220,bellh102,BIR,1,2,value,27,,,0,,0,,,,,1,19480422,0,MTG01,h,IN9,0,1,0,exhibition,,,
MEM194804251,bellh102,BIR,1,2,value,27,,,0,,0,,,,,1,19480425,1,MEM02,v,MEM,1,0,0,exhibition,,,
BIR194805010,bellh102,BIR,1,2,value,27,,,0,,0,,,,,1,19480501,0,BIR01,h,CVB,1,0,0,regular,,,
BIR194805022,bellh102,BIR,1,2,value,15,2,0,0,0,0,0,0,1,0,1,19480502,2,BIR01,h,CVB,1,0,0,regular,y,d,
BIR194805050,bellh102,BIR,1,2,value,27,,,0,,0,,,,,1,19480505,0,AXC01,h,CVB,1,0,0,regular,,,
CVB194805091,bellh102,BIR,1,2,value,27,,,0,,0,1,,,,1,19480509,1,CLE06,v,CVB,1,0,0,regular,,,
CVB194805100,bellh102,BIR,1,2,value,27,1,0,0,0,0,0,0,1,0,1,19480510,0,SPR04,v,CVB,1,0,0,regular,y,d,
BIR194805162,bellh102,BIR,1,2,value,18,3,0,0,0,0,0,,,,1,19480516,2,BIR01,h,IN9,1,0,0,regular,y,,
BIR194805180,bellh102,BIR,1,2,value,27,8,1,0,0,0,0,0,0,1,1,19480518,0,BIR01,h,IN9,1,0,0,regular,y,d,
IN9194805200,bellh102,BIR,1,2,value,27,,,0,,0,,,,,1,19480520,0,IND10,v,IN9,1,0,0,regular,,,
BIR194805250,bellh102,BIR,1,2,value,36,,,0,,0,,,,,1,19480525,0,CHT01,h,CAG,0,1,0,regular,,,
MEM194805302,bellh102,BIR,1,2,value,18,,,0,,0,,,,,1,19480530,2,MEM02,v,MEM,0,1,0,regular,,,
MEM194806010,bellh102,BIR,1,2,value,27,,,0,,0,,,,,1,19480601,0,HOU04,v,MEM,1,0,0,regular,,,
MEM194806020,bellh102,BIR,1,2,value,27,,,0,,0,,,,,1,19480602,0,NOL01,v,MEM,1,0,0,regular,,,
MEM194806040,bellh102,BIR,1,2,value,27,,,0,,0,,,,,1,19480604,0,MEM02,v,MEM,1,0,0,regular,,,
BIR194806062,bellh102,BIR,1,2,value,21,3,0,0,0,0,0,,,,1,19480606,2,BIR01,h,KCM,1,0,0,regular,y,,
CAG194806132,bellh102,BIR,1,2,value,21,,,0,,0,,,,,1,19480613,2,CHI10,v,CAG,1,0,0,regular,,,
BIR194806200,bellh102,BIR,1,2,value,33,11,1,0,0,0,0,0,0,0,1,19480620,0,BIR01,h,CAG,1,0,0,regular,y,d,
BIR194806210,bellh102,BIR,1,2,value,27,8,0,0,0,0,0,,,,1,19480621,0,BIR01,h,CAG,1,0,0,regular,y,,
BIR194806210,bellh102,BIR,1,2,lower,27,7,0,0,0,0,0,,,,1,19480621,0,BIR01,h,CAG,1,0,0,regular,y,,
BIR194806220,bellh102,BIR,1,2,value,27,,,0,,0,,,,,1,19480622,0,NOL01,h,CAG,1,0,0,regular,,,
BIR194806230,bellh102,BIR,1,2,value,27,,,0,,0,,,,,1,19480623,0,NOL01,h,CAG,0,1,0,regular,,,
BIR194806250,bellh102,BIR,1,2,value,27,,,0,,0,,,,,1,19480625,0,CHT01,h,IN9,1,0,0,regular,,,
BIR194806271,bellh102,BIR,1,2,value,27,4,1,0,0,0,0,0,0,0,1,19480627,1,BIR01,h,IN9,1,0,0,regular,y,d,
BIR194806272,bellh102,BIR,1,2,value,21,7,0,1,0,0,0,0,0,0,1,19480627,2,BIR01,h,IN9,1,0,0,regular,y,d,
BIR194806290,bellh102,BIR,,2,value,30,,,,,,,,,,1,19480629,0,GRE02,h,IN9,1,0,0,regular,,,
BIR194806300,bellh102,BIR,,2,value,27,,,,,,,,,,1,19480630,0,MTG01,h,IN9,0,1,0,regular,,,
BIR194807010,bellh102,BIR,1,2,value,27,7,0,0,0,0,0,,,,1,19480701,0,BIR01,h,IN9,1,0,0,regular,y,,
BIR194807041,bellh102,BIR,1,2,value,27,9,0,0,0,0,1,,,,1,19480704,1,BIR01,h,MEM,1,0,0,regular,y,,
BIR194807042,bellh102,BIR,1,2,value,12,,,0,,0,,,,,1,19480704,2,BIR01,h,MEM,1,0,0,regular,,,
MEM194807051,bellh102,BIR,1,2,value,27,,,0,,0,,,,,1,19480705,1,MEM02,v,MEM,1,0,0,regular,,,
MEM194807052,bellh102,BIR,1,2,value,15,,,0,,0,,,,,1,19480705,2,MEM02,v,MEM,0,1,0,regular,,,
MEM194807060,bellh102,BIR,1,2,value,27,,,0,,0,,,,,1,19480706,0,GRE01,v,MEM,1,0,0,regular,,,
MEM194807090,bellh102,BIR,1,2,value,30,,,0,,0,,,,,1,19480709,0,MEM02,v,MEM,1,0,0,regular,,,
CVB194807182,bellh102,BIR,1,2,value,18,,,0,,0,,,,,1,19480718,2,CLE06,v,CVB,1,0,0,regular,,,
CVB194807220,bellh102,BIR,1,2,value,27,9,0,0,0,0,0,,,,1,19480722,0,NWO01,v,CVB,1,0,0,regular,y,,
BIR194807252,bellh102,BIR,1,2,value,21,6,0,0,0,0,0,,,,1,19480725,2,BIR01,h,NW2,0,1,0,exhibition,y,,
BIR194807270,bellh102,BIR,1,2,value,27,,,0,,0,,,,,1,19480727,0,GRE01,h,NW2,0,1,0,exhibition,,,
BIR194807290,bellh102,BIR,1,2,value,27,,,0,,0,,,,,1,19480729,0,MEM02,h,NW2,1,0,0,exhibition,,,
KCM194808012,bellh102,BIR,1,2,value,20,5,2,0,0,0,0,1,1,1,1,19480801,2,KAN05,v,KCM,0,1,0,regular,y,d,
BIR194808050,bellh102,BIR,1,2,value,27,,,0,,0,,,,,1,19480805,0,DAY03,h,HOM,0,1,0,exhibition,,,
BIR194808082,bellh102,BIR,1,2,value,21,6,0,0,0,0,0,0,1,0,1,19480808,2,BIR01,h,CVB,1,0,0,regular,y,d,
BIR194808110,bellh102,BIR,1,2,value,27,,,0,,0,,,,,1,19480811,0,TUS01,h,CVB,1,0,0,regular,,,
BIR194808150,bellh102,BIR,1,2,value,27,7,0,0,0,0,0,,,,1,19480815,0,BIR01,h,NY6,1,0,0,exhibition,y,,
BIR194808180,bellh102,BIR,1,2,value,27,,,0,,0,,,,,1,19480818,0,CHT01,h,NY6,0,1,0,exhibition,,,
BIR194808240,bellh102,BIR,1,2,value,27,,,0,,0,,,,,1,19480824,0,GRE01,h,NY6,0,1,0,exhibition,,,
BIR194808250,bellh102,BIR,1,2,value,27,,,0,,0,,,,,1,19480825,0,MEM02,h,NY6,0,1,0,exhibition,,,
BIR194808270,bellh102,BIR,1,2,value,27,,,0,,0,,,,,1,19480827,0,LEX01,h,NY6,1,0,0,exhibition,,,
CAG194808291,bellh102,BIR,1,2,value,30,,,0,,0,,,,,1,19480829,1,CHI10,v,CAG,1,0,0,regular,,,
CAG194808300,bellh102,BIR,1,2,value,27,,,0,,0,,,,,1,19480830,0,IND10,v,CAG,1,0,0,regular,,,
CAG194809020,bellh102,BIR,1,2,value,26,,,0,,0,,,,,1,19480902,0,CHI10,v,CAG,1,0,0,regular,,,
BIR194904170,bellh102,BIR,1,2,value,42,0,0,1,0,0,0,0,1,0,1,19490417,0,ATL04,h,IN9,1,0,0,exhibition,y,d,
BIR194904190,bellh102,BIR,1,2,value,27,,,,,,,,,,1,19490419,0,BIR01,h,IN9,1,0,0,exhibition,,,
BIR194904300,bellh102,HOE,1,2,value,24,,,,,,,,1,,1,19490430,0,BIR01,v,BIR,0,1,0,regular,,,
BIR194905030,bellh102,BIR,1,2,value,27,0,0,0,0,0,0,0,0,0,1,19490503,0,ATL04,h,HOE,1,0,0,regular,y,d,
BIR194905050,bellh102,BIR,2,2,value,27,,,,,,,,,,1,19490505,0,BIR01,h,HOE,1,0,0,regular,,,
BIR194905081,bellh102,BIR,1,2,value,,,,,,,,,,,1,19490508,1,BIR01,h,CAG,1,0,0,regular,,,
BIR194905110,bellh102,BIR,1,2,value,27,2,1,0,0,0,0,0,2,0,1,19490511,0,BIR01,h,CAG,1,0,0,regular,y,d,
BIR194905130,bellh102,BIR,1,2,value,27,5,0,0,0,0,,,,,1,19490513,0,BIR01,h,KCM,1,0,0,regular,y,,
IN9194905160,bellh102,BIR,,2,value,,,,,,,,,,,1,19490516,0,COL05,v,IN9,0,1,0,regular,,,
IN9194905170,bellh102,BIR,1,2,value,24,,,,,,,,,,1,19490517,0,ZAN02,v,IN9,0,1,0,regular,,,
BIR194905221,bellh102,BIR,1,2,value,27,4,0,0,0,0,0,0,0,0,1,19490522,1,BIR01,h,LCB,1,0,0,regular,y,d,
BIR194905222,bellh102,BIR,1,2,value,6,0,0,0,0,0,0,0,0,0,0,19490522,2,BIR01,h,LCB,1,0,0,regular,y,d,
BIR194905250,bellh102,BIR,1,2,value,27,5,0,0,0,0,0,0,1,0,1,19490525,0,BIR01,h,LCB,1,0,0,regular,y,d,
NY6194905291,bellh102,BIR,1,2,value,24,0,0,0,0,0,1,0,0,1,1,19490529,1,NYC14,v,NY6,0,1,0,regular,y,d,
BLG194906030,bellh102,BIR,1,2,value,3,0,0,0,0,0,0,0,0,0,0,19490603,0,BAL14,v,BLG,0,1,0,regular,y,d,
BLG194906040,bellh102,BIR,1,2,value,24,4,0,0,0,0,0,0,0,0,1,19490604,0,WIL04,v,BLG,0,1,0,regular,y,d,
BLG194906052,bellh102,BIR,1,2,value,15,2,0,0,0,0,0,0,0,0,1,19490605,2,BAL14,v,BLG,1,0,0,regular,y,d,
BIR194906120,bellh102,BIR,1,2,value,27,5,0,0,1,0,0,0,0,0,1,19490612,0,BIR01,h,NY6,1,0,0,regular,y,d,
BIR194906132,bellh102,BIR,1,2,value,21,,,0,,,,,,,1,19490613,2,STL07,h,NY6,1,0,0,regular,,,
BIR194906180,bellh102,BIR,1,2,value,27,7,1,0,0,0,0,0,1,1,1,19490618,0,CHT01,h,IN9,0,1,0,regular,y,d,
BIR194906191,bellh102,BIR,1,2,value,9,2,0,0,0,0,0,0,0,0,0,19490619,1,BIR01,h,IN9,1,0,0,regular,y,d,
BIR194906192,bellh102,BIR,1,2,value,21,2,0,0,0,0,0,0,1,0,1,19490619,2,BIR01,h,IN9,0,1,0,regular,y,d,
BIR194906200,bellh102,BIR,1,2,value,27,8,0,0,1,0,1,,1,,1,19490620,0,BIR01,h,IN9,1,0,0,regular,y,,
BIR194906220,bellh102,BIR,1,2,value,27,,,,,,,,,,1,19490622,0,COL06,h,IN9,0,1,0,regular,,,
KCM194906261,bellh102,BIR,1,2,value,27,7,1,1,0,0,0,0,2,0,1,19490626,1,KAN05,v,KCM,1,0,0,regular,y,d,
KCM194906262,bellh102,BIR,1,1,value,0,0,0,0,0,0,,,,,0,19490626,2,KAN05,v,KCM,0,1,0,regular,y,d,
KCM194906270,bellh102,BIR,1,2,value,24,4,0,0,0,0,0,1,0,0,1,19490627,0,KAN05,v,KCM,0,1,0,regular,y,d,
KCM194906290,bellh102,BIR,1,2,value,27,3,0,0,0,0,0,0,0,0,1,19490629,0,GIN01,v,KCM,1,0,0,regular,y,d,
KCM194907010,bellh102,BIR,1,2,value,6,3,0,0,0,0,0,0,0,0,0,19490701,0,KAN05,v,KCM,1,0,0,regular,y,d,
BIR194907031,bellh102,BIR,1,2,value,27,4,1,0,0,0,0,0,0,0,1,19490703,1,BIR01,h,MEM,0,1,0,regular,y,,
MEM194907050,bellh102,BIR,1,2,value,,,,,,,,,,,,19490705,0,MEM02,v,MEM,0,1,0,regular,,,
BIR194907100,bellh102,BIR,1,2,value,15,1,1,0,0,0,0,0,0,1,1,19490710,0,BIR01,h,PH5,1,0,0,regular,y,d,
MEM194907242,bellh102,BIR,1,2,value,18,,,0,,,,,,,1,19490724,2,MEM02,v,MEM,0,1,0,regular,,,
BIR194907270,bellh102,BIR,1,2,value,6,2,0,0,0,0,0,0,0,0,0,19490727,0,BIR01,h,MEM,1,0,0,regular,y,d,
MEM194907290,bellh102,BIR,2,2,value,6,,,,,,,,,,,19490729,0,LRK02,v,MEM,1,0,0,regular,,,
BIR194907300,bellh102,BIR,1,1,value,27,,,,,,,,,,,19490730,0,BIR01,h,BLG,0,1,0,regular,,,
BIR194907312,bellh102,BIR,,2,value,,,,,,,,,,,1,19490731,2,BIR01,h,BLG,0,1,0,regular,,,
BLG194908072,bellh102,BIR,1,2,value,18,5,0,0,0,0,0,0,0,0,1,19490807,2,BAL14,v,BLG,0,1,0,regular,y,d,
ASW194908140,bellh102,ASW,1,2,value,3,0,0,0,0,0,0,0,0,0,0,19490814,0,CHI10,h,ASE,0,1,0,allstar,y,d,
BIR194908211,bellh102,BIR,1,2,value,,,,,,,,,,,1,19490821,1,BIR01,h,KCM,0,1,0,regular,,,
BIR194908240,bellh102,BIR,2,2,value,36,,,,,,,,,,,19490824,0,MTG01,h,KCM,1,0,0,regular,,,
BIR194908290,bellh102,BIR,1,2,value,,,,,,,,,,,1,19490829,0,BIR01,h,IN9,0,1,0,regular,,,
BIR194909182,bellh102,BIR,1,2,value,21,,,0,,,,,,,1,19490918,2,BIR01,h,LCB,1,0,0,exhibition,,,
BIR194909200,bellh102,BIR,1,2,value,27,,,0,,,,,,,1,19490920,0,MTG01,h,LCB,1,0,0,exhibition,,,
BIR194909252,bellh102,BIR,,2,value,21,,,,,,,,,,1,19490925,2,BIR01,h,MEM,1,0,0,exhibition,,,
