gid,id,team,d_seq,d_pos,stattype,d_ifouts,d_po,d_a,d_e,d_dp,d_tp,d_pb,d_wp,d_sb,d_cs,d_gs,date,number,site,vishome,opp,win,loss,tie,gametype,box,pbp,eject
SLA190905100,griga101,SLA,1,8,value,,0,0,0,0,0,,,,,1,19090510,,STL07,h,PHA,0,1,0,regular,y,,
SLA190905200,griga101,SLA,1,4,value,27,0,3,0,0,0,,,,,1,19090520,,STL07,h,NYA,1,0,0,regular,y,,
SLA190905210,griga101,SLA,1,4,value,27,0,3,1,0,0,,,,,1,19090521,,STL07,h,NYA,1,0,0,regular,y,,
SLA190905260,griga101,SLA,1,8,value,18,0,0,0,0,0,,,,,,19090526,,STL07,h,BOS,1,0,0,regular,y,,
SLA190905270,griga101,SLA,1,7,value,27,3,0,0,0,0,,,,,1,19090527,,STL07,h,CLE,0,1,0,regular,y,,
SLA190905280,griga101,SLA,1,7,value,27,1,0,0,0,0,,,,,1,19090528,,STL07,h,CLE,0,1,0,regular,y,,
SLA190905300,griga101,SLA,1,7,value,27,0,0,0,0,0,,,,,1,19090530,,STL07,h,CLE,1,0,0,regular,y,,
CLE190905311,griga101,SLA,1,7,value,27,2,2,0,1,0,,,,,1,19090531,1,CLE05,v,CLE,1,0,0,regular,y,,
CLE190905312,griga101,SLA,1,7,value,24,1,0,0,0,0,,,,,1,19090531,,CLE05,v,CLE,0,1,0,regular,y,,
NYA190906030,griga101,SLA,1,7,value,24,2,0,0,0,0,,,,,1,19090603,0,NYC13,v,NYA,0,1,0,regular,y,,
BOS190906090,griga101,SLA,1,7,value,24,0,0,0,0,0,,,,,1,19090609,0,BOS06,v,BOS,0,1,0,regular,y,,
WS1190906180,griga101,SLA,1,7,value,24,2,0,0,0,0,,,,,1,19090618,,WAS08,v,WS1,0,1,0,regular,y,,
CLE190906190,griga101,SLA,1,9,value,28,0,0,0,0,0,,,,,1,19090619,,CLE05,v,CLE,0,1,0,regular,y,,
SLA190906210,griga101,SLA,1,7,value,,0,0,0,0,0,,,,,,19090621,,STL07,h,DET,0,1,0,regular,y,,
DET190906240,griga101,SLA,1,4,value,24,0,1,0,0,0,,,,,1,19090624,,DET02,v,DET,0,1,0,regular,y,,
DET190906250,griga101,SLA,1,4,value,24,0,4,0,0,0,,,,,1,19090625,,DET02,v,DET,0,1,0,regular,y,,
DET190906260,griga101,SLA,1,4,value,24,2,3,0,0,0,,,,,1,19090626,,DET02,v,DET,0,1,0,regular,y,,
SLA190906271,griga101,SLA,1,4,value,27,2,3,0,0,0,,,,,1,19090627,,STL07,h,CLE,1,0,0,regular,y,,
SLA190906272,griga101,SLA,1,4,value,27,3,3,3,0,0,,,,,1,19090627,,STL07,h,CLE,0,1,0,regular,y,,
SLA190906280,griga101,SLA,1,4,value,27,4,1,2,0,0,,,,,1,19090628,,STL07,h,CLE,1,0,0,regular,y,,
CHA190906290,griga101,SLA,1,7,value,27,2,0,0,0,0,,,,,1,19090629,0,CHI09,v,CHA,1,0,0,regular,y,,
CHA190906300,griga101,SLA,1,7,value,27,0,0,0,0,0,,,,,1,19090630,0,CHI09,v,CHA,1,0,0,regular,y,,
CHA190907010,griga101,SLA,1,7,value,27,2,0,0,0,0,,,,,1,19090701,0,CHI09,v,CHA,1,0,0,regular,y,,
CHA190907020,griga101,SLA,1,7,value,24,0,1,0,0,0,,,,,1,19090702,,CHI09,v,CHA,0,1,0,regular,y,,
CHA190907030,griga101,SLA,1,7,value,27,1,0,0,0,0,,,,,1,19090703,0,CHI09,v,CHA,1,0,0,regular,y,,
SLA190907040,griga101,SLA,1,7,value,27,3,0,0,0,0,,,,,1,19090704,,STL07,h,DET,0,1,0,regular,y,,
SLA190907050,griga101,SLA,1,7,value,27,4,0,0,0,0,,,,,1,19090705,,STL07,h,DET,1,0,0,regular,y,,
SLA190907060,griga101,SLA,1,7,value,27,1,1,0,0,0,,,,,1,19090706,,STL07,h,CHA,0,1,0,regular,y,,
SLA190907081,griga101,SLA,1,3,value,27,7,0,0,2,0,,,,,1,19090708,1,STL07,h,CHA,1,0,0,regular,y,,
SLA190907082,griga101,SLA,1,3,value,27,10,0,0,1,0,,,,,1,19090708,2,STL07,h,CHA,1,0,0,regular,y,,
SLA190907090,griga101,SLA,1,3,value,27,9,0,0,0,0,,,,,1,19090709,0,STL07,h,NYA,0,1,0,regular,y,,
SLA190907111,griga101,SLA,1,3,value,27,8,0,0,1,0,,,,,1,19090711,,STL07,h,NYA,1,0,0,regular,y,,
SLA190907112,griga101,SLA,1,3,value,27,11,1,0,0,0,,,,,1,19090711,,STL07,h,NYA,1,0,0,regular,y,,
SLA190907120,griga101,SLA,1,6,value,27,2,1,2,0,0,,,,,1,19090712,,STL07,h,NYA,0,1,0,regular,y,,
SLA190907131,griga101,SLA,1,7,value,24,0,0,0,0,0,,,,,1,19090713,1,STL07,h,BOS,0,1,0,regular,y,,
SLA190907131,griga101,SLA,2,3,value,3,1,0,0,1,0,,,,,0,19090713,1,STL07,h,BOS,0,1,0,regular,y,,
SLA190907132,griga101,SLA,1,7,value,27,2,1,1,0,0,,,,,1,19090713,,STL07,h,BOS,0,1,0,regular,y,,
SLA190907151,griga101,SLA,1,7,value,27,1,0,0,0,0,,,,,1,19090715,,STL07,h,BOS,1,0,0,regular,y,,
SLA190907152,griga101,SLA,1,7,value,27,0,0,0,0,0,,,,,1,19090715,,STL07,h,BOS,1,0,0,regular,y,,
SLA190907160,griga101,SLA,1,7,value,30,2,0,0,0,0,,,,,1,19090716,,STL07,h,BOS,0,1,0,regular,y,,
SLA190907171,griga101,SLA,1,7,value,27,0,0,0,0,0,,,,,1,19090717,,STL07,h,PHA,1,0,0,regular,y,,
SLA190907172,griga101,SLA,1,7,value,27,1,0,0,0,0,,,,,1,19090717,,STL07,h,PHA,1,0,0,regular,y,,
SLA190907180,griga101,SLA,1,7,value,33,1,0,0,0,0,,,,,1,19090718,,STL07,h,PHA,1,0,0,regular,y,,
SLA190907190,griga101,SLA,1,7,value,27,0,0,0,0,0,,,,,1,19090719,,STL07,h,PHA,0,1,0,regular,y,,
SLA190907200,griga101,SLA,1,7,value,27,0,0,0,0,0,,,,,1,19090720,,STL07,h,PHA,0,1,0,regular,y,,
SLA190907220,griga101,SLA,1,7,value,27,3,0,1,0,0,,,,,1,19090722,,STL07,h,WS1,1,0,0,regular,y,,
SLA190907230,griga101,SLA,1,7,value,27,1,0,0,0,0,,,,,1,19090723,,STL07,h,WS1,0,1,0,regular,y,,
SLA190907240,griga101,SLA,1,7,value,27,2,0,0,0,0,,,,,1,19090724,,STL07,h,WS1,1,0,0,regular,y,,
SLA190907250,griga101,SLA,1,7,value,27,2,0,0,0,0,,,,,1,19090725,,STL07,h,WS1,1,0,0,regular,y,,
BOS190907290,griga101,SLA,1,7,value,27,2,0,2,0,0,,,,,1,19090729,0,BOS06,v,BOS,1,0,0,regular,y,,
BOS190907301,griga101,SLA,1,7,value,24,0,0,0,0,0,,,,,1,19090730,1,BOS06,v,BOS,0,1,0,regular,y,,
BOS190907302,griga101,SLA,1,7,value,27,5,0,1,0,0,,,,,1,19090730,,BOS06,v,BOS,1,0,0,regular,y,,
BOS190907310,griga101,SLA,1,7,value,24,0,0,0,0,0,,,,,1,19090731,0,BOS06,v,BOS,0,1,0,regular,y,,
NYA190908031,griga101,SLA,1,7,value,21,2,1,0,0,0,,,,,1,19090803,1,NYC13,v,NYA,0,1,0,regular,y,,
CLE190908181,griga101,SLA,1,9,value,24,0,0,0,0,0,,,,,1,19090818,,CLE05,v,CLE,0,1,0,regular,y,,
CLE190908182,griga101,SLA,1,9,value,24,1,0,0,0,0,,,,,1,19090818,,CLE05,v,CLE,0,1,0,regular,y,,
SLA190908210,griga101,SLA,1,3,value,27,14,2,1,0,0,,,,,1,19090821,,STL07,h,BOS,0,1,0,regular,y,,
SLA190908220,griga101,SLA,1,3,value,27,9,0,0,0,0,,,,,1,19090822,0,STL07,h,BOS,0,1,0,regular,y,,
SLA190908230,griga101,SLA,1,3,value,27,11,1,0,0,0,,,,,1,19090823,0,STL07,h,BOS,0,1,0,regular,y,,
SLA190908240,griga101,SLA,1,3,value,27,16,0,1,0,0,,,,,1,19090824,0,STL07,h,NYA,1,0,0,regular,y,,
SLA190908250,griga101,SLA,1,3,value,30,8,3,0,1,0,,,,,1,19090825,0,STL07,h,NYA,1,0,0,regular,y,,
SLA190908260,griga101,SLA,1,3,value,27,10,0,0,0,0,,,,,1,19090826,0,STL07,h,NYA,0,1,0,regular,y,,
SLA190908270,griga101,SLA,1,3,value,27,13,1,0,1,0,,,,,1,19090827,,STL07,h,PHA,1,0,0,regular,y,,
SLA190908280,griga101,SLA,1,3,value,27,8,2,1,0,0,,,,,1,19090828,,STL07,h,PHA,0,1,0,regular,y,,
SLA190908290,griga101,SLA,1,3,value,27,9,1,0,1,0,,,,,1,19090829,,STL07,h,PHA,0,1,0,regular,y,,
SLA190908300,griga101,SLA,1,3,value,27,5,0,1,0,0,,,,,1,19090830,,STL07,h,WS1,1,0,0,regular,y,,
SLA190908310,griga101,SLA,1,3,value,27,13,0,0,0,0,,,,,1,19090831,,STL07,h,WS1,1,0,0,regular,y,,
SLA190909010,griga101,SLA,1,3,value,27,6,0,0,0,0,,,,,1,19090901,,STL07,h,WS1,1,0,0,regular,y,,
CHA190909020,griga101,SLA,1,3,value,24,9,0,1,1,0,,,,,1,19090902,,CHI09,v,CHA,0,1,0,regular,y,,
CHA190909030,griga101,SLA,1,3,value,24,12,1,0,1,0,,,,,1,19090903,0,CHI09,v,CHA,0,1,0,regular,y,,
CHA190909040,griga101,SLA,1,3,value,27,8,0,1,1,0,,,,,1,19090904,0,CHI09,v,CHA,1,0,0,regular,y,,
SLA190909050,griga101,SLA,1,3,value,27,10,0,0,0,0,,,,,1,19090905,,STL07,h,DET,0,1,0,regular,y,,
DET190909061,griga101,SLA,1,3,value,24,15,0,0,0,0,,,,,1,19090906,1,DET02,v,DET,0,1,0,regular,y,,
DET190909062,griga101,SLA,1,3,value,24,12,0,0,2,0,,,,,1,19090906,,DET02,v,DET,0,1,0,regular,y,,
SLA190909081,griga101,SLA,1,3,value,27,9,0,0,1,0,,,,,1,19090908,1,STL07,h,CHA,0,1,0,regular,y,,
SLA190909082,griga101,SLA,1,3,value,27,10,0,1,1,0,,,,,1,19090908,,STL07,h,CHA,0,1,0,regular,y,,
SLA190909090,griga101,SLA,1,3,value,21,7,0,0,0,0,,,,,1,19090909,0,STL07,h,CHA,0,0,1,regular,y,,
SLA190909101,griga101,SLA,1,3,value,27,6,1,0,1,0,,,,,1,19090910,1,STL07,h,CHA,1,0,0,regular,y,,
SLA190909102,griga101,SLA,1,3,value,27,8,1,0,0,0,,,,,1,19090910,,STL07,h,CHA,1,0,0,regular,y,,
SLA190909111,griga101,SLA,1,3,value,27,10,0,0,0,0,,,,,1,19090911,1,STL07,h,CHA,1,0,0,regular,y,,
SLA190909112,griga101,SLA,1,3,value,27,6,0,0,0,0,,,,,1,19090911,,STL07,h,CHA,1,0,0,regular,y,,
SLA190909121,griga101,SLA,1,3,value,27,6,1,0,1,0,,,,,1,19090912,,STL07,h,DET,0,1,0,regular,y,,
SLA190909122,griga101,SLA,1,3,value,24,6,4,0,0,0,,,,,1,19090912,,STL07,h,DET,0,0,1,regular,y,,
DET190909130,griga101,SLA,1,3,value,24,11,1,0,0,0,,,,,1,19090913,,DET02,v,DET,0,1,0,regular,y,,
DET190909140,griga101,SLA,1,3,value,27,8,0,1,1,0,,,,,1,19090914,,DET02,v,DET,1,0,0,regular,y,,
WS1190909161,griga101,SLA,1,3,value,24,13,1,0,0,0,,,,,1,19090916,,WAS08,v,WS1,0,1,0,regular,y,,
WS1190909162,griga101,SLA,1,3,value,27,13,1,0,0,0,,,,,1,19090916,,WAS08,v,WS1,1,0,0,regular,y,,
WS1190909170,griga101,SLA,1,3,value,,4,1,0,0,0,,,,,1,19090917,,WAS08,v,WS1,0,1,0,regular,y,,
WS1190909180,griga101,SLA,1,3,value,24,13,0,0,1,0,,,,,1,19090918,,WAS08,v,WS1,0,1,0,regular,y,,
WS1190909200,griga101,SLA,1,3,value,27,10,2,0,1,0,,,,,1,19090920,,WAS08,v,WS1,1,0,0,regular,y,,
PHA190909210,griga101,SLA,1,3,value,27,9,1,0,0,0,,,,,1,19090921,,PHI11,v,PHA,1,0,0,regular,y,,
PHA190909220,griga101,SLA,1,3,value,24,15,0,0,0,0,,,,,1,19090922,0,PHI11,v,PHA,0,1,0,regular,y,,
PHA190909230,griga101,SLA,1,3,value,24,6,1,0,0,0,,,,,1,19090923,,PHI11,v,PHA,0,1,0,regular,y,,
BOS190909251,griga101,SLA,1,3,value,24,10,0,0,0,0,,,,,1,19090925,1,BOS06,v,BOS,0,1,0,regular,y,,
BOS190909252,griga101,SLA,1,3,value,29,9,1,0,0,0,,,,,1,19090925,,BOS06,v,BOS,0,1,0,regular,y,,
NYA190909291,griga101,SLA,1,3,value,24,4,3,1,0,0,,,,,1,19090929,1,NYC13,v,NYA,0,1,0,regular,y,,
NYA190909292,griga101,SLA,1,3,value,21,8,0,0,0,0,,,,,1,19090929,2,NYC13,v,NYA,0,1,0,regular,y,,
NYA190909300,griga101,SLA,1,3,value,27,7,0,0,0,0,,,,,1,19090930,0,NYC13,v,NYA,0,0,1,regular,y,,
NYA190910011,griga101,SLA,1,3,value,24,10,0,0,0,0,,,,,1,19091001,1,NYC13,v,NYA,0,1,0,regular,y,,
NYA190910012,griga101,SLA,1,3,value,1,1,0,0,0,0,,,,,1,19091001,2,NYC13,v,NYA,0,1,0,regular,y,,
CHA191004140,griga101,SLA,1,4,value,24,3,4,0,0,0,,,,,1,19100414,0,CHI09,v,CHA,0,1,0,regular,y,y,
CHA191004150,griga101,SLA,1,4,value,27,1,2,0,1,0,,,,,1,19100415,0,CHI09,v,CHA,1,0,0,regular,y,y,
DET191004180,griga101,SLA,1,4,value,24,3,3,0,0,0,,,,,1,19100418,0,DET02,v,DET,0,1,0,regular,y,y,
SLA191004210,griga101,SLA,1,4,value,27,2,6,0,1,0,,,,,1,19100421,0,STL07,h,CHA,1,0,0,regular,y,y,
SLA191004250,griga101,SLA,1,4,value,36,5,5,0,0,0,,,,,1,19100425,0,STL07,h,DET,1,0,0,regular,y,y,
SLA191004270,griga101,SLA,1,4,value,21,2,2,2,1,0,,,,,1,19100427,0,STL07,h,DET,0,1,0,regular,y,y,
SLA191004280,griga101,SLA,1,4,value,27,2,9,0,1,0,,,,,1,19100428,0,STL07,h,DET,0,1,0,regular,y,y,
SLA191004290,griga101,SLA,1,4,value,27,1,0,0,0,0,,,,,1,19100429,0,STL07,h,DET,0,1,0,regular,y,y,
SLA191004300,griga101,SLA,1,4,value,27,0,3,0,0,0,,,,,1,19100430,0,STL07,h,CLE,0,1,0,regular,y,y,
SLA191005010,griga101,SLA,1,4,value,33,7,2,1,1,0,,,,,1,19100501,0,STL07,h,CLE,0,1,0,regular,y,y,
SLA191005020,griga101,SLA,1,4,value,33,2,3,0,0,0,,,,,1,19100502,0,STL07,h,CLE,0,1,0,regular,y,y,
SLA191005040,griga101,SLA,1,4,value,42,3,11,0,0,0,,,,,1,19100504,0,STL07,h,CLE,0,0,1,regular,y,d,
CLE191005050,griga101,SLA,1,4,value,28,1,2,0,0,0,,,,,1,19100505,0,CLE06,v,CLE,0,1,0,regular,y,y,
CLE191005060,griga101,SLA,1,4,value,24,4,0,1,0,0,,,,,1,19100506,0,CLE06,v,CLE,0,1,0,regular,y,y,
CLE191005070,griga101,SLA,1,4,value,24,1,3,1,0,0,,,,,1,19100507,0,CLE06,v,CLE,0,1,0,regular,y,y,
DET191005080,griga101,SLA,1,4,value,24,2,3,0,1,0,,,,,1,19100508,0,DET02,v,DET,0,1,0,regular,y,y,
BOS191005100,griga101,SLA,1,4,value,24,1,1,0,0,0,,,,,1,19100510,0,BOS06,v,BOS,0,1,0,regular,y,y,
BOS191005110,griga101,SLA,1,4,value,24,1,5,0,1,0,,,,,1,19100511,0,BOS06,v,BOS,0,1,0,regular,y,y,
BOS191005120,griga101,SLA,1,4,value,27,2,6,0,0,0,,,,,1,19100512,0,BOS06,v,BOS,1,0,0,regular,y,y,
BOS191005130,griga101,SLA,1,4,value,24,3,4,1,2,0,,,,,1,19100513,0,BOS06,v,BOS,0,1,0,regular,y,y,
NYA191005140,griga101,SLA,1,4,value,24,4,3,0,0,0,,,,,1,19100514,0,NYC13,v,NYA,0,1,0,regular,y,y,
NYA191005160,griga101,SLA,1,4,value,24,4,0,0,0,0,,,,,1,19100516,0,NYC13,v,NYA,0,1,0,regular,y,y,
NYA191005170,griga101,SLA,1,4,value,31,4,4,1,2,0,,,,,1,19100517,0,NYC13,v,NYA,0,1,0,regular,y,y,
NYA191005180,griga101,SLA,1,4,value,24,6,4,0,0,0,,,,,1,19100518,0,NYC13,v,NYA,0,1,0,regular,y,y,
NYA191005180,griga101,SLA,1,4,official,,,,1,,,,,,,1,19100518,0,NYC13,v,NYA,0,1,0,regular,y,y,
WS1191005190,griga101,SLA,1,4,value,24,2,1,0,0,0,,,,,1,19100519,0,WAS08,v,WS1,0,1,0,regular,y,y,
WS1191005200,griga101,SLA,1,4,value,18,1,0,0,0,0,,,,,1,19100520,0,WAS08,v,WS1,0,0,1,regular,y,y,
WS1191005210,griga101,SLA,1,4,value,27,3,1,0,0,0,,,,,1,19100521,0,WAS08,v,WS1,1,0,0,regular,y,y,
WS1191005230,griga101,SLA,1,4,value,24,2,2,1,0,0,,,,,1,19100523,0,WAS08,v,WS1,0,1,0,regular,y,y,
PHA191005240,griga101,SLA,1,4,value,27,2,3,1,0,0,,,,,1,19100524,0,PHI11,v,PHA,1,0,0,regular,y,y,
PHA191005250,griga101,SLA,1,4,value,24,2,2,0,0,0,,,,,1,19100525,0,PHI11,v,PHA,0,1,0,regular,y,y,
PHA191005260,griga101,SLA,1,4,value,24,4,0,1,0,0,,,,,1,19100526,0,PHI11,v,PHA,0,1,0,regular,y,y,
PHA191005270,griga101,SLA,1,4,value,24,2,2,1,1,0,,,,,1,19100527,0,PHI11,v,PHA,0,1,0,regular,y,y,
CLE191005280,griga101,SLA,1,4,value,27,2,3,0,0,0,,,,,1,19100528,0,CLE06,v,CLE,1,0,0,regular,y,y,
SLA191005290,griga101,SLA,1,4,value,27,1,6,1,0,0,,,,,1,19100529,0,STL07,h,DET,0,1,0,regular,y,d,
SLA191005301,griga101,SLA,1,4,value,27,2,6,0,1,0,,,,,1,19100530,1,STL07,h,DET,0,1,0,regular,y,y,
SLA191005302,griga101,SLA,1,4,value,27,2,3,2,0,0,,,,,1,19100530,2,STL07,h,DET,0,1,0,regular,y,d,
SLA191005310,griga101,SLA,1,4,value,27,3,5,1,3,0,,,,,1,19100531,0,STL07,h,DET,0,1,0,regular,y,y,
SLA191006020,griga101,SLA,1,4,value,33,2,4,1,1,0,,,,,1,19100602,0,STL07,h,BOS,0,1,0,regular,y,y,
SLA191006040,griga101,SLA,1,7,value,27,2,1,0,0,0,,,,,1,19100604,0,STL07,h,BOS,0,1,0,regular,y,y,
SLA191006050,griga101,SLA,1,7,value,27,1,0,0,0,0,,,,,1,19100605,0,STL07,h,BOS,1,0,0,regular,y,y,
SLA191006060,griga101,SLA,1,7,value,27,2,0,1,0,0,,,,,1,19100606,0,STL07,h,NYA,0,1,0,regular,y,y,
SLA191006070,griga101,SLA,1,7,value,27,2,0,1,0,0,,,,,1,19100607,0,STL07,h,NYA,0,1,0,regular,y,y,
SLA191006080,griga101,SLA,1,7,value,21,1,0,0,0,0,,,,,1,19100608,0,STL07,h,NYA,0,0,1,regular,y,y,
SLA191006110,griga101,SLA,1,7,value,27,1,0,0,0,0,,,,,1,19100611,0,STL07,h,PHA,0,1,0,regular,y,y,
CLE191006290,griga101,SLA,1,9,value,27,0,0,0,0,0,,,,,1,19100629,0,CLE06,v,CLE,1,0,0,regular,y,y,
CHA191007020,griga101,SLA,1,9,value,24,2,0,0,0,0,,,,,1,19100702,0,CHI10,v,CHA,0,1,0,regular,y,y,
CHA191007032,griga101,SLA,1,9,value,27,1,1,0,0,0,,,,,1,19100703,2,CHI10,v,CHA,1,0,0,regular,y,y,
CHA191007042,griga101,SLA,1,9,value,15,0,0,0,0,0,,,,,0,19100704,2,CHI10,v,CHA,0,1,0,regular,y,y,
CHA191007050,griga101,SLA,1,9,value,22,1,0,2,0,0,,,,,1,19100705,0,CHI10,v,CHA,1,0,0,regular,y,y,
DET191007060,griga101,SLA,1,9,value,27,0,0,0,0,0,,,,,1,19100706,0,DET02,v,DET,1,0,0,regular,y,y,
PHA191007140,griga101,SLA,1,9,value,27,3,0,0,0,0,,,,,1,19100714,0,PHI11,v,PHA,1,0,0,regular,y,y,
PHA191007160,griga101,SLA,1,9,value,24,0,0,0,0,0,,,,,1,19100716,0,PHI11,v,PHA,0,1,0,regular,y,y,
NYA191007180,griga101,SLA,1,9,value,27,1,0,0,0,0,,,,,1,19100718,0,NYC13,v,NYA,1,0,0,regular,y,y,
NYA191007210,griga101,SLA,1,9,value,24,1,0,0,0,0,,,,,1,19100721,0,NYC13,v,NYA,0,1,0,regular,y,y,
BOS191007250,griga101,SLA,1,9,value,18,1,0,1,0,0,,,,,1,19100725,0,BOS06,v,BOS,0,1,0,regular,y,y,
BOS191007260,griga101,SLA,1,9,value,24,1,0,1,0,0,,,,,1,19100726,0,BOS06,v,BOS,0,1,0,regular,y,y,
SLA191007311,griga101,SLA,1,4,value,6,0,0,0,0,0,,,,,0,19100731,1,STL07,h,CLE,0,1,0,regular,y,y,
SLA191008020,griga101,SLA,1,9,value,27,1,0,0,0,0,,,,,1,19100802,0,STL07,h,WS1,1,0,0,regular,y,y,
SLA191008042,griga101,SLA,1,9,value,27,1,0,0,0,0,,,,,1,19100804,2,STL07,h,WS1,1,0,0,regular,y,y,
SLA191008050,griga101,SLA,1,9,value,27,4,0,0,0,0,,,,,1,19100805,0,STL07,h,PHA,0,1,0,regular,y,y,
SLA191008060,griga101,SLA,1,9,value,33,1,0,0,0,0,,,,,1,19100806,0,STL07,h,PHA,0,1,0,regular,y,y,
SLA191008070,griga101,SLA,1,9,value,27,2,0,0,0,0,,,,,1,19100807,0,STL07,h,PHA,0,1,0,regular,y,y,
SLA191008080,griga101,SLA,1,9,value,27,4,0,0,0,0,,,,,1,19100808,0,STL07,h,PHA,0,1,0,regular,y,y,
SLA191008091,griga101,SLA,1,9,value,27,3,0,0,0,0,,,,,1,19100809,1,STL07,h,NYA,1,0,0,regular,y,d,
SLA191008092,griga101,SLA,1,9,value,27,1,0,1,0,0,,,,,1,19100809,2,STL07,h,NYA,0,1,0,regular,y,d,
SLA191008101,griga101,SLA,1,9,value,27,3,0,1,0,0,,,,,1,19100810,1,STL07,h,NYA,1,0,0,regular,y,y,
SLA191008102,griga101,SLA,1,9,value,27,1,0,0,0,0,,,,,1,19100810,2,STL07,h,NYA,1,0,0,regular,y,y,
SLA191008110,griga101,SLA,1,9,value,30,1,0,0,0,0,,,,,1,19100811,0,STL07,h,NYA,0,1,0,regular,y,y,
SLA191008120,griga101,SLA,1,9,value,27,2,0,0,0,0,,,,,1,19100812,0,STL07,h,NYA,1,0,0,regular,y,y,
SLA191008130,griga101,SLA,1,9,value,27,3,1,0,0,0,,,,,1,19100813,0,STL07,h,BOS,1,0,0,regular,y,y,
SLA191008141,griga101,SLA,1,9,value,27,2,1,1,1,0,,,,,1,19100814,1,STL07,h,BOS,0,1,0,regular,y,y,
SLA191008142,griga101,SLA,1,9,value,27,2,0,0,0,0,,,,,1,19100814,2,STL07,h,BOS,0,1,0,regular,y,y,
SLA191008150,griga101,SLA,1,9,value,27,1,0,0,0,0,,,,,1,19100815,0,STL07,h,BOS,1,0,0,regular,y,y,
SLA191008160,griga101,SLA,1,9,value,27,4,1,0,0,0,,,,,1,19100816,0,STL07,h,BOS,0,1,0,regular,y,y,
NYA191008190,griga101,SLA,1,9,value,24,0,0,0,0,0,,,,,1,19100819,0,NYC13,v,NYA,0,1,0,regular,y,y,
NYA191008201,griga101,SLA,1,4,value,24,2,0,2,0,0,,,,,1,19100820,1,NYC13,v,NYA,0,1,0,regular,y,y,
NYA191008202,griga101,SLA,1,4,value,24,2,2,1,1,0,,,,,1,19100820,2,NYC13,v,NYA,0,1,0,regular,y,y,
BOS191008220,griga101,SLA,1,5,value,24,1,4,1,0,0,,,,,1,19100822,0,BOS06,v,BOS,0,1,0,regular,y,y,
BOS191008230,griga101,SLA,1,5,value,24,2,0,0,0,0,,,,,1,19100823,0,BOS06,v,BOS,0,1,0,regular,y,y,
BOS191008240,griga101,SLA,1,5,value,24,1,0,0,0,0,,,,,1,19100824,0,BOS06,v,BOS,0,1,0,regular,y,y,
PHA191008250,griga101,SLA,1,9,value,27,1,0,0,0,0,,,,,1,19100825,0,PHI11,v,PHA,1,0,0,regular,y,y,
PHA191008260,griga101,SLA,1,9,value,24,1,0,0,0,0,,,,,1,19100826,0,PHI11,v,PHA,0,1,0,regular,y,y,
PHA191008270,griga101,SLA,1,9,value,24,0,0,1,0,0,,,,,1,19100827,0,PHI11,v,PHA,0,1,0,regular,y,y,
WS1191008291,griga101,SLA,1,9,value,24,0,0,0,0,0,,,,,1,19100829,1,WAS08,v,WS1,0,1,0,regular,y,y,
WS1191008292,griga101,SLA,1,9,value,24,4,0,0,0,0,,,,,1,19100829,2,WAS08,v,WS1,0,1,0,regular,y,y,
WS1191008300,griga101,SLA,1,9,value,27,1,0,0,0,0,,,,,1,19100830,0,WAS08,v,WS1,1,0,0,regular,y,y,
WS1191008310,griga101,SLA,1,9,value,24,0,0,0,0,0,,,,,1,19100831,0,WAS08,v,WS1,0,1,0,regular,y,y,
CLE191009020,griga101,SLA,1,9,value,24,2,0,1,0,0,,,,,1,19100902,0,CLE06,v,CLE,0,1,0,regular,y,y,
CLE191009030,griga101,SLA,1,6,value,24,2,4,1,1,0,,,,,1,19100903,0,CLE06,v,CLE,0,1,0,regular,y,y,
DET191009051,griga101,SLA,1,6,value,24,1,3,0,0,0,,,,,1,19100905,1,DET02,v,DET,0,1,0,regular,y,y,
DET191009052,griga101,SLA,1,6,value,24,1,1,0,0,0,,,,,1,19100905,2,DET02,v,DET,0,1,0,regular,y,y,
SLA191009061,griga101,SLA,1,9,value,30,1,0,0,0,0,,,,,1,19100906,1,STL07,h,CHA,1,0,0,regular,y,y,
SLA191009062,griga101,SLA,1,9,value,27,0,0,0,0,0,,,,,1,19100906,2,STL07,h,CHA,0,1,0,regular,y,y,
SLA191009081,griga101,SLA,1,9,value,27,1,0,0,0,0,,,,,1,19100908,1,STL07,h,CHA,0,1,0,regular,y,y,
SLA191009082,griga101,SLA,1,9,value,27,1,0,0,0,0,,,,,1,19100908,2,STL07,h,CHA,1,0,0,regular,y,y,
SLA191009190,griga101,SLA,1,3,value,27,8,2,1,1,0,,,,,1,19100919,0,STL07,h,BOS,1,0,0,regular,y,y,
SLA191009200,griga101,SLA,1,3,value,27,9,0,0,1,0,,,,,1,19100920,0,STL07,h,BOS,0,1,0,regular,y,y,
SLA191009210,griga101,SLA,1,3,value,27,7,0,0,1,0,,,,,1,19100921,0,STL07,h,BOS,0,1,0,regular,y,y,
SLA191009240,griga101,SLA,1,3,value,27,9,1,0,0,0,,,,,1,19100924,0,STL07,h,WS1,0,1,0,regular,y,y,
SLA191009251,griga101,SLA,1,3,value,27,13,0,0,0,0,,,,,1,19100925,1,STL07,h,WS1,1,0,0,regular,y,y,
SLA191009252,griga101,SLA,1,3,value,27,6,2,0,0,0,,,,,1,19100925,2,STL07,h,WS1,0,1,0,regular,y,y,
SLA191009271,griga101,SLA,1,3,value,27,12,0,0,2,0,,,,,1,19100927,1,STL07,h,PHA,0,1,0,regular,y,y,
SLA191009272,griga101,SLA,1,3,value,27,8,1,2,0,0,,,,,1,19100927,2,STL07,h,PHA,0,1,0,regular,y,y,
SLA191009280,griga101,SLA,1,3,value,27,12,0,0,1,0,,,,,1,19100928,0,STL07,h,PHA,1,0,0,regular,y,y,
SLA191009290,griga101,SLA,1,3,value,27,11,0,1,0,0,,,,,1,19100929,0,STL07,h,CHA,0,1,0,regular,y,y,
SLA191009300,griga101,SLA,1,3,value,27,13,0,1,0,0,,,,,1,19100930,0,STL07,h,CHA,0,1,0,regular,y,y,
SLA191010010,griga101,SLA,1,3,value,27,7,1,0,0,0,,,,,1,19101001,0,STL07,h,DET,0,1,0,regular,y,y,
SLA191010020,griga101,SLA,1,3,value,27,14,2,0,1,0,,,,,1,19101002,0,STL07,h,DET,0,1,0,regular,y,y,
SLA191010060,griga101,SLA,1,3,value,21,9,0,1,1,0,,,,,1,19101006,0,STL07,h,CLE,1,0,0,regular,y,y,
SLA191010091,griga101,SLA,1,3,value,27,13,1,0,0,0,,,,,1,19101009,1,STL07,h,CLE,1,0,0,regular,y,d,
SLA191010092,griga101,SLA,1,3,value,27,10,0,0,1,0,,,,,1,19101009,2,STL07,h,CLE,0,1,0,regular,y,d,
DET191104180,griga101,CLE,1,4,value,19,0,1,0,0,0,,,,,0,19110418,0,DET02,v,DET,0,1,0,regular,y,y,
CHA191104240,griga101,CLE,1,5,value,27,0,0,0,0,0,,,,,1,19110424,0,CHI10,v,CHA,1,0,0,regular,y,y,
CHA191104250,griga101,CLE,1,5,value,24,1,2,0,0,0,,,,,1,19110425,0,CHI10,v,CHA,0,1,0,regular,y,y,
DET191104260,griga101,CLE,1,3,value,24,13,0,0,1,0,,,,,1,19110426,0,DET02,v,DET,0,1,0,regular,y,y,
CLE191104280,griga101,CLE,1,5,value,6,1,0,0,0,0,,,,,0,19110428,0,CLE06,h,DET,0,1,0,regular,y,y,
SLA191105080,griga101,CLE,1,4,value,24,4,2,0,1,0,,,,,1,19110508,0,STL07,v,SLA,0,1,0,regular,y,y,
CLE191105090,griga101,CLE,1,4,value,27,6,3,0,0,0,,,,,1,19110509,0,CLE06,h,BOS,0,1,0,regular,y,y,
CLE191105220,griga101,CLE,1,8,value,21,2,0,0,0,0,,,,,0,19110522,0,CLE06,h,PHA,0,1,0,regular,y,y,
NYA191106130,griga101,CLE,1,9,value,9,0,0,0,0,0,,,,,0,19110613,0,NYC13,v,NYA,0,1,0,regular,y,y,
CLE191107010,griga101,CLE,1,7,value,3,1,0,0,0,0,,,,,0,19110701,0,CLE06,h,CHA,1,0,0,regular,y,y,
DET191107020,griga101,CLE,1,4,value,24,3,1,0,0,0,,,,,1,19110702,0,DET02,v,DET,0,1,0,regular,y,y,
CLE191107030,griga101,CLE,1,4,value,30,2,4,1,1,0,,,,,1,19110703,0,CLE06,h,SLA,1,0,0,regular,y,d,
CLE191107041,griga101,CLE,1,4,value,39,1,4,2,0,0,,,,,1,19110704,1,CLE06,h,SLA,1,0,0,regular,y,y,
CLE191107042,griga101,CLE,1,4,value,27,1,4,0,0,0,,,,,1,19110704,2,CLE06,h,SLA,0,1,0,regular,y,y,
CLE191107050,griga101,CLE,1,4,value,27,3,5,0,0,0,,,,,1,19110705,0,CLE06,h,SLA,1,0,0,regular,y,y,
CLE191107060,griga101,CLE,1,4,value,27,0,3,0,0,0,,,,,1,19110706,0,CLE06,h,PHA,1,0,0,regular,y,y,
CLE191107070,griga101,CLE,1,4,value,27,1,3,0,0,0,,,,,1,19110707,0,CLE06,h,PHA,0,1,0,regular,y,y,
CLE191107080,griga101,CLE,1,4,value,27,2,3,0,1,0,,,,,1,19110708,0,CLE06,h,PHA,0,1,0,regular,y,d,
CLE191107210,griga101,CLE,1,9,value,3,0,0,0,0,0,,,,,0,19110721,0,CLE06,h,BOS,0,1,0,regular,y,y,
PHA191107260,griga101,CLE,1,9,value,24,1,0,0,0,0,,,,,1,19110726,0,PHI11,v,PHA,0,1,0,regular,y,y,
NYA191205180,griga101,CLE,1,3,value,30,10,1,0,0,0,,,,,1,19120518,0,NYC13,v,NYA,1,0,0,regular,y,y,
NYA191205200,griga101,CLE,1,3,value,27,13,1,0,0,0,,,,,1,19120520,0,NYC13,v,NYA,1,0,0,regular,y,y,
BOS191205210,griga101,CLE,1,3,value,24,9,0,0,1,0,,,,,1,19120521,0,BOS07,v,BOS,0,1,0,regular,y,y,
BOS191205230,griga101,CLE,1,3,value,27,10,0,0,0,0,,,,,1,19120523,0,BOS07,v,BOS,0,1,0,regular,y,y,
CLE191205251,griga101,CLE,1,3,value,30,9,0,0,2,0,,,,,1,19120525,1,CLE06,h,SLA,1,0,0,regular,y,y,
CLE191205252,griga101,CLE,1,3,value,27,11,1,0,0,0,,,,,1,19120525,2,CLE06,h,SLA,0,1,0,regular,y,y,
CLE191205260,griga101,CLE,1,3,value,27,7,1,0,0,0,,,,,1,19120526,0,CLE06,h,SLA,0,1,0,regular,y,y,
CLE191205280,griga101,CLE,1,3,value,27,7,0,0,0,0,,,,,1,19120528,0,CLE06,h,CHA,0,1,0,regular,y,y,
CLE191205291,griga101,CLE,1,3,value,27,11,0,0,1,0,,,,,1,19120529,1,CLE06,h,CHA,1,0,0,regular,y,y,
CLE191205292,griga101,CLE,1,3,value,27,9,0,0,0,0,,,,,1,19120529,2,CLE06,h,CHA,1,0,0,regular,y,y,
CLE191205301,griga101,CLE,1,3,value,12,4,0,0,0,0,,,,,1,19120530,1,CLE06,h,CHA,0,1,0,regular,y,y,
DET191206210,griga101,CLE,1,3,value,27,14,0,0,0,0,,,,,1,19120621,0,DET04,v,DET,1,0,0,regular,y,y,
DET191206220,griga101,CLE,1,3,value,27,19,0,1,0,0,,,,,1,19120622,0,DET04,v,DET,1,0,0,regular,y,y,
CHA191206230,griga101,CLE,1,3,value,27,9,0,0,0,0,,,,,1,19120623,0,CHI10,v,CHA,1,0,0,regular,y,y,
CLE191206250,griga101,CLE,1,3,value,27,10,0,0,1,0,,,,,1,19120625,0,CLE06,h,DET,1,0,0,regular,y,y,
CLE191206260,griga101,CLE,1,3,value,27,14,0,0,1,0,,,,,1,19120626,0,CLE06,h,DET,0,1,0,regular,y,y,
CLE191206270,griga101,CLE,1,3,value,27,11,2,0,1,0,,,,,1,19120627,0,CLE06,h,DET,1,0,0,regular,y,y,
SLA191206280,griga101,CLE,1,3,value,27,9,0,1,1,0,,,,,1,19120628,0,STL07,v,SLA,1,0,0,regular,y,y,
SLA191206291,griga101,CLE,1,3,value,27,8,1,0,0,0,,,,,1,19120629,1,STL07,v,SLA,1,0,0,regular,y,y,
SLA191206292,griga101,CLE,1,3,value,27,6,1,0,0,0,,,,,1,19120629,2,STL07,v,SLA,1,0,0,regular,y,y,
SLA191206301,griga101,CLE,1,3,value,24,10,1,2,0,0,,,,,1,19120630,1,STL07,v,SLA,0,1,0,regular,y,y,
SLA191206302,griga101,CLE,1,3,value,15,4,0,1,1,0,,,,,1,19120630,2,STL07,v,SLA,1,0,0,regular,y,y,
DET191207010,griga101,CLE,1,3,value,24,10,0,0,0,0,,,,,1,19120701,0,DET04,v,DET,0,1,0,regular,y,y,
DET191207020,griga101,CLE,1,3,value,25,10,0,0,1,0,,,,,1,19120702,0,DET04,v,DET,0,1,0,regular,y,y,
DET191207030,griga101,CLE,1,3,value,27,8,0,0,2,0,,,,,1,19120703,0,DET04,v,DET,1,0,0,regular,y,y,
CHA191207041,griga101,CLE,1,3,value,24,12,1,0,3,0,,,,,1,19120704,1,CHI10,v,CHA,0,1,0,regular,y,y,
CHA191207042,griga101,CLE,1,3,value,27,6,1,0,0,0,,,,,1,19120704,2,CHI10,v,CHA,1,0,0,regular,y,y,
CLE191207061,griga101,CLE,1,3,value,27,10,0,0,0,0,,,,,1,19120706,1,CLE06,h,SLA,0,1,0,regular,y,y,
CLE191207062,griga101,CLE,1,3,value,27,10,1,0,0,0,,,,,1,19120706,2,CLE06,h,SLA,1,0,0,regular,y,y,
CLE191207070,griga101,CLE,1,3,value,27,9,0,0,0,0,,,,,1,19120707,0,CLE06,h,SLA,1,0,0,regular,y,y,
PHA191207081,griga101,CLE,1,3,value,27,9,3,1,1,0,,,,,1,19120708,1,PHI11,v,PHA,1,0,0,regular,y,y,
PHA191207082,griga101,CLE,1,3,value,27,7,0,0,1,0,,,,,1,19120708,2,PHI11,v,PHA,1,0,0,regular,y,y,
WS1191207091,griga101,CLE,1,3,value,31,14,0,1,0,0,,,,,1,19120709,1,WAS09,v,WS1,0,1,0,regular,y,y,
WS1191207092,griga101,CLE,1,3,value,24,7,0,0,0,0,,,,,1,19120709,2,WAS09,v,WS1,0,1,0,regular,y,y,
WS1191207100,griga101,CLE,1,3,value,25,9,0,0,0,0,,,,,1,19120710,0,WAS09,v,WS1,0,1,0,regular,y,y,
WS1191207110,griga101,CLE,1,3,value,27,10,1,0,0,0,,,,,1,19120711,0,WAS09,v,WS1,1,0,0,regular,y,y,
WS1191207120,griga101,CLE,1,3,value,24,8,1,0,1,0,,,,,1,19120712,0,WAS09,v,WS1,0,1,0,regular,y,y,
PHA191207131,griga101,CLE,1,3,value,27,8,0,0,0,0,,,,,1,19120713,1,PHI11,v,PHA,1,0,0,regular,y,y,
PHA191207132,griga101,CLE,1,3,value,24,9,2,0,1,0,,,,,1,19120713,2,PHI11,v,PHA,0,1,0,regular,y,y,
CLE191207140,griga101,CLE,1,3,value,27,11,0,0,1,0,,,,,1,19120714,0,CLE06,h,PHA,1,0,0,regular,y,y,
PHA191207150,griga101,CLE,1,3,value,24,13,2,0,0,0,,,,,1,19120715,0,PHI11,v,PHA,0,1,0,regular,y,y,
PHA191207160,griga101,CLE,1,3,value,24,7,1,0,0,0,,,,,1,19120716,0,PHI11,v,PHA,0,1,0,regular,y,y,
NYA191207170,griga101,CLE,1,3,value,27,7,0,0,0,0,,,,,1,19120717,0,NYC13,v,NYA,1,0,0,regular,y,y,
NYA191207190,griga101,CLE,1,3,value,29,18,0,0,1,0,,,,,1,19120719,0,NYC13,v,NYA,0,1,0,regular,y,y,
NYA191207201,griga101,CLE,1,3,value,26,11,0,0,1,0,,,,,1,19120720,1,NYC13,v,NYA,0,1,0,regular,y,y,
NYA191207202,griga101,CLE,1,3,value,24,11,0,0,0,0,,,,,1,19120720,2,NYC13,v,NYA,0,1,0,regular,y,y,
BOS191207220,griga101,CLE,1,3,value,24,11,1,0,0,0,,,,,1,19120722,0,BOS07,v,BOS,0,1,0,regular,y,y,
BOS191207230,griga101,CLE,1,3,value,24,14,1,1,1,0,,,,,1,19120723,0,BOS07,v,BOS,0,1,0,regular,y,y,
BOS191207240,griga101,CLE,1,3,value,27,6,2,0,0,0,,,,,1,19120724,0,BOS07,v,BOS,1,0,0,regular,y,y,
BOS191207250,griga101,CLE,1,3,value,27,10,0,0,0,0,,,,,1,19120725,0,BOS07,v,BOS,1,0,0,regular,y,y,
CLE191207271,griga101,CLE,1,3,value,27,13,2,0,2,0,,,,,1,19120727,1,CLE06,h,WS1,0,1,0,regular,y,y,
CLE191207272,griga101,CLE,1,3,value,27,5,0,0,0,0,,,,,1,19120727,2,CLE06,h,WS1,0,1,0,regular,y,y,
CLE191207281,griga101,CLE,1,3,value,27,4,2,0,0,0,,,,,1,19120728,1,CLE06,h,WS1,0,1,0,regular,y,y,
CLE191207282,griga101,CLE,1,3,value,27,11,0,0,1,0,,,,,1,19120728,2,CLE06,h,WS1,0,1,0,regular,y,y,
CLE191208031,griga101,CLE,1,3,value,27,9,2,0,1,0,,,,,1,19120803,1,CLE06,h,PHA,0,1,0,regular,y,y,
CLE191208032,griga101,CLE,1,3,value,18,8,1,0,1,0,,,,,1,19120803,2,CLE06,h,PHA,0,1,0,regular,y,y,
CLE191208040,griga101,CLE,1,3,value,27,11,1,0,0,0,,,,,1,19120804,0,CLE06,h,BOS,0,1,0,regular,y,y,
CLE191208050,griga101,CLE,1,3,value,27,7,0,0,1,0,,,,,1,19120805,0,CLE06,h,BOS,1,0,0,regular,y,y,
CLE191208060,griga101,CLE,1,3,value,33,12,0,1,1,0,,,,,1,19120806,0,CLE06,h,BOS,0,1,0,regular,y,y,
CLE191208070,griga101,CLE,1,3,value,27,9,0,0,0,0,,,,,1,19120807,0,CLE06,h,BOS,0,0,1,regular,y,y,
CLE191208080,griga101,CLE,1,3,value,27,8,1,0,0,0,,,,,1,19120808,0,CLE06,h,NYA,1,0,0,regular,y,y,
CLE191208090,griga101,CLE,1,3,value,27,7,2,0,1,0,,,,,1,19120809,0,CLE06,h,NYA,1,0,0,regular,y,y,
CLE191208100,griga101,CLE,1,3,value,27,10,2,0,0,0,,,,,1,19120810,0,CLE06,h,NYA,1,0,0,regular,y,y,
CLE191208110,griga101,CLE,1,3,value,27,10,0,0,1,0,,,,,1,19120811,0,CLE06,h,NYA,1,0,0,regular,y,y,
CLE191208120,griga101,CLE,1,3,value,27,7,2,0,1,0,,,,,1,19120812,0,CLE06,h,CHA,1,0,0,regular,y,y,
PHA191208141,griga101,CLE,1,3,value,21,5,0,0,1,0,,,,,1,19120814,1,PHI11,v,PHA,0,1,0,regular,y,y,
PHA191208142,griga101,CLE,1,3,value,24,6,0,0,0,0,,,,,1,19120814,2,PHI11,v,PHA,0,1,0,regular,y,y,
PHA191208150,griga101,CLE,1,3,value,24,10,0,0,0,0,,,,,1,19120815,0,PHI11,v,PHA,0,1,0,regular,y,y,
PHA191208160,griga101,CLE,1,3,value,24,7,1,0,0,0,,,,,1,19120816,0,PHI11,v,PHA,0,1,0,regular,y,y,
WS1191208170,griga101,CLE,1,3,value,24,4,0,1,0,0,,,,,1,19120817,0,WAS09,v,WS1,0,1,0,regular,y,y,
WS1191208201,griga101,CLE,1,3,value,24,6,1,0,0,0,,,,,1,19120820,1,WAS09,v,WS1,0,1,0,regular,y,y,
KCF191406131,griga101,BRF,1,7,value,18,1,0,0,0,0,,,,,1,19140613,1,KAN04,v,KCF,0,1,0,regular,y,y,
KCF191406131,griga101,BRF,2,3,value,6,2,0,1,0,0,,,,,0,19140613,1,KAN04,v,KCF,0,1,0,regular,y,y,
KCF191406131,griga101,BRF,1,7,official,,,,1,,,,,,,1,19140613,1,KAN04,v,KCF,0,1,0,regular,y,y,
KCF191406131,griga101,BRF,2,3,official,,,,0,,,,,,,,19140613,1,KAN04,v,KCF,0,1,0,regular,y,y,
KCF191406132,griga101,BRF,1,3,value,24,10,1,0,1,0,,,,,1,19140613,2,KAN04,v,KCF,0,1,0,regular,y,d,
SLF191406160,griga101,BRF,1,3,value,34,14,0,0,0,0,,,,,1,19140616,0,STL08,v,SLF,0,1,0,regular,y,y,
SLF191406170,griga101,BRF,1,3,value,27,9,0,0,0,0,,,,,1,19140617,0,STL08,v,SLF,1,0,0,regular,y,y,
SLF191406180,griga101,BRF,1,3,value,27,11,0,0,0,0,,,,,1,19140618,0,STL08,v,SLF,1,0,0,regular,y,y,
SLF191406190,griga101,BRF,1,3,value,27,8,1,1,1,0,,,,,1,19140619,0,STL08,v,SLF,1,0,0,regular,y,y,
IND191406201,griga101,BRF,1,3,value,25,9,0,0,0,0,,,,,1,19140620,1,IND07,v,IND,0,1,0,regular,y,y,
IND191406202,griga101,BRF,1,3,value,25,6,0,0,0,0,,,,,1,19140620,2,IND07,v,IND,0,1,0,regular,y,d,
IND191406221,griga101,BRF,1,3,value,21,7,0,0,0,0,,,,,1,19140622,1,IND07,v,IND,0,1,0,regular,y,y,
IND191406222,griga101,BRF,1,3,value,15,6,0,1,1,0,,,,,1,19140622,2,IND07,v,IND,0,1,0,regular,y,y,
BRF191407290,griga101,BRF,1,3,value,36,15,1,0,1,0,,,,,0,19140729,0,NYC19,h,SLF,1,0,0,regular,y,y,
BRF191407301,griga101,BRF,1,3,value,27,9,0,0,0,0,,,,,1,19140730,1,NYC19,h,SLF,0,1,0,regular,y,y,
BRF191407302,griga101,BRF,1,3,value,27,16,0,0,1,0,,,,,1,19140730,2,NYC19,h,SLF,1,0,0,regular,y,y,
BRF191407310,griga101,BRF,1,3,value,27,12,0,0,0,0,,,,,1,19140731,0,NYC19,h,IND,0,1,0,regular,y,y,
BRF191408010,griga101,BRF,1,3,value,27,12,0,0,0,0,,,,,1,19140801,0,NYC19,h,IND,1,0,0,regular,y,y,
BRF191408030,griga101,BRF,1,3,value,27,11,0,0,1,0,,,,,1,19140803,0,NYC19,h,IND,0,1,0,regular,y,y,
BRF191408040,griga101,BRF,1,3,value,27,6,0,0,0,0,,,,,1,19140804,0,NYC19,h,KCF,1,0,0,regular,y,y,
BRF191408050,griga101,BRF,1,3,value,27,12,1,0,0,0,,,,,1,19140805,0,NYC19,h,KCF,1,0,0,regular,y,y,
BRF191408060,griga101,BRF,1,3,value,21,6,1,0,1,0,,,,,1,19140806,0,NYC19,h,KCF,1,0,0,regular,y,y,
CHF191408081,griga101,BRF,1,3,value,24,7,2,0,0,0,,,,,1,19140808,1,CHI11,v,CHF,0,1,0,regular,y,y,
CHF191408082,griga101,BRF,1,3,value,24,13,0,0,0,0,,,,,1,19140808,2,CHI11,v,CHF,0,1,0,regular,y,y,
CHF191408111,griga101,BRF,1,3,value,27,18,0,1,0,0,,,,,1,19140811,1,CHI11,v,CHF,1,0,0,regular,y,y,
CHF191408112,griga101,BRF,1,3,value,21,4,0,0,1,0,,,,,1,19140811,2,CHI11,v,CHF,0,1,0,regular,y,y,
SLF191408120,griga101,BRF,1,3,value,24,7,1,0,0,0,,,,,1,19140812,0,STL08,v,SLF,0,1,0,regular,y,y,
SLF191408130,griga101,BRF,1,3,value,18,5,0,0,2,0,,,,,1,19140813,0,STL08,v,SLF,1,0,0,regular,y,y,
SLF191408140,griga101,BRF,1,3,value,2,1,0,1,1,0,,,,,1,19140814,0,STL08,v,SLF,1,0,0,regular,y,y,y
SLF191408150,griga101,BRF,1,3,value,0,0,0,1,0,0,,,,,1,19140815,0,STL08,v,SLF,0,1,0,regular,y,y,
BRF191506230,griga101,BRF,1,3,value,27,10,0,0,1,0,,,,,1,19150623,0,NYC19,h,SLF,0,1,0,regular,y,y,
BRF191506240,griga101,BRF,1,3,value,27,12,1,0,0,0,,,,,1,19150624,0,NYC19,h,CHF,0,1,0,regular,y,y,
BRF191506262,griga101,BRF,1,3,value,24,9,0,0,0,0,,,,,1,19150626,2,NYC19,h,CHF,0,1,0,regular,y,y,
BRF191507011,griga101,BRF,1,3,value,27,13,2,0,1,0,,,,,1,19150701,1,NYC19,h,KCF,0,1,0,regular,y,y,
BRF191507012,griga101,BRF,1,3,value,27,9,1,0,1,0,,,,,1,19150701,2,NYC19,h,KCF,0,1,0,regular,y,y,
NEW191507030,griga101,BRF,1,9,value,24,2,0,0,0,0,,,,,1,19150703,0,HAR01,v,NEW,0,1,0,regular,y,y,
DET191808070,griga101,DET,1,3,value,27,10,0,0,0,0,,,,,1,19180807,0,DET04,h,BOS,1,0,0,regular,y,y,
DET191808080,griga101,DET,1,3,value,27,10,0,0,1,0,,,,,1,19180808,0,DET04,h,BOS,0,1,0,regular,y,y,
SLA191808100,griga101,DET,1,3,value,27,12,1,0,1,0,,,,,1,19180810,0,STL07,v,SLA,1,0,0,regular,y,y,
SLA191808111,griga101,DET,1,3,value,24,9,1,1,0,0,,,,,1,19180811,1,STL07,v,SLA,0,1,0,regular,y,y,
SLA191808112,griga101,DET,1,3,value,27,11,1,0,0,0,,,,,1,19180811,2,STL07,v,SLA,1,0,0,regular,y,y,
WS1191808140,griga101,DET,1,3,value,27,11,0,0,1,0,,,,,1,19180814,0,WAS09,v,WS1,1,0,0,regular,y,y,
WS1191808150,griga101,DET,1,3,value,24,7,0,0,0,0,,,,,1,19180815,0,WAS09,v,WS1,0,1,0,regular,y,y,
WS1191808160,griga101,DET,1,3,value,48,14,1,0,1,0,,,,,1,19180816,0,WAS09,v,WS1,1,0,0,regular,y,d,
PHA191808171,griga101,DET,1,3,value,24,11,0,1,0,0,,,,,1,19180817,1,PHI11,v,PHA,0,1,0,regular,y,y,
PHA191808172,griga101,DET,1,3,value,30,13,1,0,2,0,,,,,1,19180817,2,PHI11,v,PHA,0,1,0,regular,y,y,
PHA191808190,griga101,DET,1,3,value,24,8,0,1,0,0,,,,,1,19180819,0,PHI11,v,PHA,0,1,0,regular,y,y,
NYA191808210,griga101,DET,1,3,value,24,9,0,0,0,0,,,,,1,19180821,0,NYC14,v,NYA,0,1,0,regular,y,y,
NYA191808220,griga101,DET,1,3,value,24,9,0,0,0,0,,,,,1,19180822,0,NYC14,v,NYA,0,1,0,regular,y,y,
NYA191808241,griga101,DET,1,3,value,27,10,0,0,0,0,,,,,1,19180824,1,NYC14,v,NYA,1,0,0,regular,y,y,
NYA191808242,griga101,DET,1,3,value,24,16,0,0,0,0,,,,,1,19180824,2,NYC14,v,NYA,0,1,0,regular,y,y,
BOS191808260,griga101,DET,1,3,value,27,15,1,0,0,0,,,,,1,19180826,0,BOS07,v,BOS,1,0,0,regular,y,y,
BOS191808270,griga101,DET,1,3,value,27,13,2,0,1,0,,,,,1,19180827,0,BOS07,v,BOS,1,0,0,regular,y,y,
BOS191808280,griga101,DET,1,3,value,24,15,0,0,0,0,,,,,1,19180828,0,BOS07,v,BOS,0,1,0,regular,y,y,
DET191808301,griga101,DET,1,3,value,27,11,0,0,0,0,,,,,1,19180830,1,DET04,h,CLE,0,1,0,regular,y,y,
DET191808302,griga101,DET,1,3,value,27,9,0,0,0,0,,,,,1,19180830,2,DET04,h,CLE,0,1,0,regular,y,d,
SLA191808310,griga101,DET,1,3,value,24,14,0,0,2,0,,,,,1,19180831,0,STL07,v,SLA,0,1,0,regular,y,y,
SLA191809011,griga101,DET,1,3,value,27,9,0,0,1,0,,,,,1,19180901,1,STL07,v,SLA,1,0,0,regular,y,d,
SLA191809012,griga101,DET,1,3,value,24,10,0,1,0,0,,,,,1,19180901,2,STL07,v,SLA,0,1,0,regular,y,d,
DET191809021,griga101,DET,1,3,value,27,2,1,0,0,0,,,,,1,19180902,1,DET04,h,CHA,1,0,0,regular,y,y,
DET191809022,griga101,DET,1,3,value,24,5,0,0,0,0,,,,,1,19180902,2,DET04,h,CHA,1,0,0,regular,y,d,
PRG192601010,griga101,WHK,1,3,value,24,6,1,0,2,0,,,,,1,19260101,0,LOS05,v,PRG,0,1,0,exhibition,y,y,
PRG192601020,griga101,WHK,1,3,value,27,6,1,0,2,0,,,,,1,19260102,0,LOS05,v,PRG,1,0,0,exhibition,y,y,
PRG192601030,griga101,WHK,1,3,value,27,9,0,0,1,0,,,,,1,19260103,0,LOS05,v,PRG,1,0,0,exhibition,y,y,
