gid,event,inning,top_bot,vis_home,site,batteam,pitteam,score_v,score_h,batter,pitcher,lp,bat_f,bathand,pithand,balls,strikes,count,pitches,nump,pa,ab,single,double,triple,hr,sh,sf,hbp,walk,k,xi,roe,fc,othout,noout,oth,bip,bunt,ground,fly,line,iw,gdp,othdp,tp,fle,wp,pb,bk,oa,di,sb2,sb3,sbh,cs2,cs3,csh,pko1,pko2,pko3,k_safe,e1,e2,e3,e4,e5,e6,e7,e8,e9,outs_pre,outs_post,br1_pre,br2_pre,br3_pre,br1_post,br2_post,br3_post,lob_id1,lob_id2,lob_id3,pr1_pre,pr2_pre,pr3_pre,pr1_post,pr2_post,pr3_post,run_b,run1,run2,run3,prun_b,prun1,prun2,prun3,ur_b,ur1,ur2,ur3,rbi_b,rbi1,rbi2,rbi3,runs,rbi,er,tur,l1,l2,l3,l4,l5,l6,l7,l8,l9,lf1,lf2,lf3,lf4,lf5,lf6,lf7,lf8,lf9,f2,f3,f4,f5,f6,f7,f8,f9,po0,po1,po2,po3,po4,po5,po6,po7,po8,po9,a1,a2,a3,a4,a5,a6,a7,a8,a9,fseq,batout1,batout2,batout3,brout_b,brout1,brout2,brout3,firstf,loc,hittype,dpopp,pivot,pn,umphome,ump1b,ump2b,ump3b,umplf,umprf,date,gametype,pbp
MLS193610041,W,1,0,0,DEN03,NNS,MLS,0,0,bellj103,winfj101,1,8,B,R,?,?,??,,,1,0,0,0,0,0,0,0,0,1,0,0,0,0,0,0,0,0,0,0,0,0,0,0,0,0,0,0,0,0,0,0,0,0,0,0,0,0,0,0,0,0,0,0,0,0,0,0,0,0,0,0,0,,,,bellj103,,,,,,,,,winfj101,,,,,,,,,,,0,0,0,0,0,0,0,0,0,0,0,0,bellj103,hughs101,charo101,perkb101,wrigb104,willc106,snowf101,crutj101,paigs101,8,4,3,2,9,6,5,7,1,todda101,mizej101,hornr101,clifh101,muelh101,goodi101,kingl102,suhrg101,0,0,0,0,0,0,0,0,0,0,0,0,0,0,0,0,0,0,0,,0,0,0,0,0,0,0,0,,,0,0,1,darnu901,bridu901,,,,,19361004,exhibition,deduced
MLS193610041,PO1(E1).1-2#,1,0,0,DEN03,NNS,MLS,0,0,hughs101,winfj101,2,4,R,R,?,?,??,,,0,0,0,0,0,0,0,0,0,0,0,0,0,0,0,0,0,0,0,0,0,0,0,0,0,0,0,0,0,0,0,0,0,0,0,0,0,0,1,0,0,0,1,0,0,0,0,0,0,0,0,0,0,bellj103,,,,bellj103,,,,,winfj101,,,,winfj101,,,,,,,,,,0,0,0,0,0,0,0,0,0,0,0,0,bellj103,hughs101,charo101,perkb101,wrigb104,willc106,snowf101,crutj101,paigs101,8,4,3,2,9,6,5,7,1,todda101,mizej101,hornr101,clifh101,muelh101,goodi101,kingl102,suhrg101,0,0,0,0,0,0,0,0,0,0,0,0,0,0,0,0,0,0,0,,0,0,0,0,0,0,0,0,,,0,0,2,darnu901,bridu901,,,,,19361004,exhibition,deduced
MLS193610041,S.2-H,1,0,0,DEN03,NNS,MLS,0,0,hughs101,winfj101,2,4,R,R,?,?,??,,,1,1,1,0,0,0,0,0,0,0,0,0,0,0,0,0,0,1,0,0,0,0,0,0,0,0,0,0,0,0,0,0,0,0,0,0,0,0,0,0,0,0,0,0,0,0,0,0,0,0,0,0,0,,bellj103,,hughs101,,,,,,,winfj101,,winfj101,,,,,bellj103,,,,winfj101,,0,0,0,0,0,0,1,0,1,1,1,0,bellj103,hughs101,charo101,perkb101,wrigb104,willc106,snowf101,crutj101,paigs101,8,4,3,2,9,6,5,7,1,todda101,mizej101,hornr101,clifh101,muelh101,goodi101,kingl102,suhrg101,0,0,0,0,0,0,0,0,0,0,0,0,0,0,0,0,0,0,0,,0,0,0,0,0,0,0,0,,,0,0,3,darnu901,bridu901,,,,,19361004,exhibition,deduced
MLS193610041,S9.1X3(95)#,1,0,0,DEN03,NNS,MLS,1,0,charo101,winfj101,3,3,L,R,?,?,??,,,1,1,1,0,0,0,0,0,0,0,0,0,0,0,0,0,0,1,0,0,0,0,0,0,0,0,0,0,0,0,0,0,0,0,0,0,0,0,0,0,0,0,0,0,0,0,0,0,0,0,0,0,1,hughs101,,,charo101,,,,,,winfj101,,,winfj101,,,,,,,,,,,0,0,0,0,0,0,0,0,0,0,0,0,bellj103,hughs101,charo101,perkb101,wrigb104,willc106,snowf101,crutj101,paigs101,8,4,3,2,9,6,5,7,1,todda101,mizej101,hornr101,clifh101,muelh101,goodi101,kingl102,suhrg101,0,0,0,0,0,1,0,0,0,0,0,0,0,0,0,0,0,0,1,95,0,0,0,0,9,0,0,9,9+,,0,0,4,darnu901,bridu901,,,,,19361004,exhibition,deduced
MLS193610041,99,1,0,0,DEN03,NNS,MLS,1,0,perkb101,winfj101,4,2,R,R,?,?,??,,,1,1,0,0,0,0,0,0,0,0,0,0,0,0,1,0,1,1,0,0,0,0,0,0,0,0,0,0,0,0,0,0,0,0,0,0,0,0,0,0,0,0,0,0,0,0,0,0,0,0,0,1,2,charo101,,,charo101,,,,,,winfj101,,,winfj101,,,,,,,,,,,0,0,0,0,0,0,0,0,0,0,0,0,bellj103,hughs101,charo101,perkb101,wrigb104,willc106,snowf101,crutj101,paigs101,8,4,3,2,9,6,5,7,1,todda101,mizej101,hornr101,clifh101,muelh101,goodi101,kingl102,suhrg101,1,0,0,0,0,0,0,0,0,0,0,0,0,0,0,0,0,0,0,0,0,0,0,0,0,0,0,0,,,0,0,5,darnu901,bridu901,,,,,19361004,exhibition,deduced
MLS193610041,WP.1-2#,1,0,0,DEN03,NNS,MLS,1,0,wrigb104,winfj101,5,9,B,R,?,?,??,,,0,0,0,0,0,0,0,0,0,0,0,0,0,0,0,0,0,0,0,0,0,0,0,0,0,0,0,1,0,0,0,0,0,0,0,0,0,0,0,0,0,0,0,0,0,0,0,0,0,0,0,2,2,charo101,,,,charo101,,,,,winfj101,,,,winfj101,,,,,,,,,,0,0,0,0,0,0,0,0,0,0,0,0,bellj103,hughs101,charo101,perkb101,wrigb104,willc106,snowf101,crutj101,paigs101,8,4,3,2,9,6,5,7,1,todda101,mizej101,hornr101,clifh101,muelh101,goodi101,kingl102,suhrg101,0,0,0,0,0,0,0,0,0,0,0,0,0,0,0,0,0,0,0,,0,0,0,0,0,0,0,0,,,0,0,6,darnu901,bridu901,,,,,19361004,exhibition,deduced
MLS193610041,99,1,0,0,DEN03,NNS,MLS,1,0,wrigb104,winfj101,5,9,B,R,?,?,??,,,1,1,0,0,0,0,0,0,0,0,0,0,0,0,1,0,1,1,0,0,0,0,0,0,0,0,0,0,0,0,0,0,0,0,0,0,0,0,0,0,0,0,0,0,0,0,0,0,0,0,0,2,3,,charo101,,,,,charo101,,,,winfj101,,,,,,,,,,,,,0,0,0,0,0,0,0,0,0,0,0,0,bellj103,hughs101,charo101,perkb101,wrigb104,willc106,snowf101,crutj101,paigs101,8,4,3,2,9,6,5,7,1,todda101,mizej101,hornr101,clifh101,muelh101,goodi101,kingl102,suhrg101,1,0,0,0,0,0,0,0,0,0,0,0,0,0,0,0,0,0,0,0,0,0,0,0,0,0,0,0,,,0,0,7,darnu901,bridu901,,,,,19361004,exhibition,deduced
MLS193610041,99,1,1,1,DEN03,MLS,NNS,1,0,muelh101,paigs101,1,6,B,R,?,?,??,,,1,1,0,0,0,0,0,0,0,0,0,0,0,0,1,0,1,1,0,0,0,0,0,0,0,0,0,0,0,0,0,0,0,0,0,0,0,0,0,0,0,0,0,0,0,0,0,0,0,0,0,0,1,,,,,,,,,,,,,,,,,,,,,,,,0,0,0,0,0,0,0,0,0,0,0,0,muelh101,clifh101,hornr101,mizej101,suhrg101,goodi101,kingl102,todda101,winfj101,6,5,4,3,9,7,8,2,1,perkb101,charo101,hughs101,snowf101,willc106,crutj101,bellj103,wrigb104,1,0,0,0,0,0,0,0,0,0,0,0,0,0,0,0,0,0,0,0,0,0,0,0,0,0,0,0,,,0,0,8,darnu901,bridu901,,,,,19361004,exhibition,deduced
MLS193610041,99,1,1,1,DEN03,MLS,NNS,1,0,clifh101,paigs101,2,5,R,R,?,?,??,,,1,1,0,0,0,0,0,0,0,0,0,0,0,0,1,0,1,1,0,0,0,0,0,0,0,0,0,0,0,0,0,0,0,0,0,0,0,0,0,0,0,0,0,0,0,0,0,0,0,0,0,1,2,,,,,,,,,,,,,,,,,,,,,,,,0,0,0,0,0,0,0,0,0,0,0,0,muelh101,clifh101,hornr101,mizej101,suhrg101,goodi101,kingl102,todda101,winfj101,6,5,4,3,9,7,8,2,1,perkb101,charo101,hughs101,snowf101,willc106,crutj101,bellj103,wrigb104,1,0,0,0,0,0,0,0,0,0,0,0,0,0,0,0,0,0,0,0,0,0,0,0,0,0,0,0,,,0,0,9,darnu901,bridu901,,,,,19361004,exhibition,deduced
MLS193610041,K,1,1,1,DEN03,MLS,NNS,1,0,hornr101,paigs101,3,4,R,R,?,?,??,,,1,1,0,0,0,0,0,0,0,0,1,0,0,0,0,0,0,0,0,0,0,0,0,0,0,0,0,0,0,0,0,0,0,0,0,0,0,0,0,0,0,0,0,0,0,0,0,0,0,0,0,2,3,,,,,,,,,,,,,,,,,,,,,,,,0,0,0,0,0,0,0,0,0,0,0,0,muelh101,clifh101,hornr101,mizej101,suhrg101,goodi101,kingl102,todda101,winfj101,6,5,4,3,9,7,8,2,1,perkb101,charo101,hughs101,snowf101,willc106,crutj101,bellj103,wrigb104,0,0,1,0,0,0,0,0,0,0,0,0,0,0,0,0,0,0,0,2,0,0,0,0,0,0,0,0,,,0,0,10,darnu901,bridu901,,,,,19361004,exhibition,deduced
MLS193610041,T,2,0,0,DEN03,NNS,MLS,1,0,willc106,winfj101,6,6,R,R,?,?,??,,,1,1,0,0,1,0,0,0,0,0,0,0,0,0,0,0,0,1,0,0,0,0,0,0,0,0,0,0,0,0,0,0,0,0,0,0,0,0,0,0,0,0,0,0,0,0,0,0,0,0,0,0,0,,,,,,willc106,,,,,,,,,winfj101,,,,,,,,,0,0,0,0,0,0,0,0,0,0,0,0,bellj103,hughs101,charo101,perkb101,wrigb104,willc106,snowf101,crutj101,paigs101,8,4,3,2,9,6,5,7,1,todda101,mizej101,hornr101,clifh101,muelh101,goodi101,kingl102,suhrg101,0,0,0,0,0,0,0,0,0,0,0,0,0,0,0,0,0,0,0,,0,0,0,0,0,0,0,0,,,0,0,11,darnu901,bridu901,,,,,19361004,exhibition,deduced
MLS193610041,99,2,0,0,DEN03,NNS,MLS,1,0,snowf101,winfj101,7,5,R,R,?,?,??,,,1,1,0,0,0,0,0,0,0,0,0,0,0,0,1,0,1,1,0,0,0,0,0,0,0,0,0,0,0,0,0,0,0,0,0,0,0,0,0,0,0,0,0,0,0,0,0,0,0,0,0,0,1,,,willc106,,,willc106,,,,,,winfj101,,,winfj101,,,,,,,,,0,0,0,0,0,0,0,0,0,0,0,0,bellj103,hughs101,charo101,perkb101,wrigb104,willc106,snowf101,crutj101,paigs101,8,4,3,2,9,6,5,7,1,todda101,mizej101,hornr101,clifh101,muelh101,goodi101,kingl102,suhrg101,1,0,0,0,0,0,0,0,0,0,0,0,0,0,0,0,0,0,0,0,0,0,0,0,0,0,0,0,,,0,0,12,darnu901,bridu901,,,,,19361004,exhibition,deduced
MLS193610041,W,2,0,0,DEN03,NNS,MLS,1,0,crutj101,winfj101,8,7,L,R,?,?,??,,,1,0,0,0,0,0,0,0,0,1,0,0,0,0,0,0,0,0,0,0,0,0,0,0,0,0,0,0,0,0,0,0,0,0,0,0,0,0,0,0,0,0,0,0,0,0,0,0,0,0,0,1,1,,,willc106,crutj101,,willc106,,,,,,winfj101,winfj101,,winfj101,,,,,,,,,0,0,0,0,0,0,0,0,0,0,0,0,bellj103,hughs101,charo101,perkb101,wrigb104,willc106,snowf101,crutj101,paigs101,8,4,3,2,9,6,5,7,1,todda101,mizej101,hornr101,clifh101,muelh101,goodi101,kingl102,suhrg101,0,0,0,0,0,0,0,0,0,0,0,0,0,0,0,0,0,0,0,,0,0,0,0,0,0,0,0,,,0,0,13,darnu901,bridu901,,,,,19361004,exhibition,deduced
MLS193610041,99,2,0,0,DEN03,NNS,MLS,1,0,paigs101,winfj101,9,1,R,R,?,?,??,,,1,1,0,0,0,0,0,0,0,0,0,0,0,0,1,0,1,1,0,0,0,0,0,0,0,0,0,0,0,0,0,0,0,0,0,0,0,0,0,0,0,0,0,0,0,0,0,0,0,0,0,1,2,crutj101,,willc106,crutj101,,willc106,,,,winfj101,,winfj101,winfj101,,winfj101,,,,,,,,,0,0,0,0,0,0,0,0,0,0,0,0,bellj103,hughs101,charo101,perkb101,wrigb104,willc106,snowf101,crutj101,paigs101,8,4,3,2,9,6,5,7,1,todda101,mizej101,hornr101,clifh101,muelh101,goodi101,kingl102,suhrg101,1,0,0,0,0,0,0,0,0,0,0,0,0,0,0,0,0,0,0,0,0,0,0,0,0,0,0,0,,,0,0,14,darnu901,bridu901,,,,,19361004,exhibition,deduced
MLS193610041,S.3-H;1-2,2,0,0,DEN03,NNS,MLS,1,0,bellj103,winfj101,1,8,B,R,?,?,??,,,1,1,1,0,0,0,0,0,0,0,0,0,0,0,0,0,0,1,0,0,0,0,0,0,0,0,0,0,0,0,0,0,0,0,0,0,0,0,0,0,0,0,0,0,0,0,0,0,0,0,0,2,2,crutj101,,willc106,bellj103,crutj101,,,,,winfj101,,winfj101,winfj101,winfj101,,,,,willc106,,,,winfj101,0,0,0,0,0,0,0,1,1,1,1,0,bellj103,hughs101,charo101,perkb101,wrigb104,willc106,snowf101,crutj101,paigs101,8,4,3,2,9,6,5,7,1,todda101,mizej101,hornr101,clifh101,muelh101,goodi101,kingl102,suhrg101,0,0,0,0,0,0,0,0,0,0,0,0,0,0,0,0,0,0,0,,0,0,0,0,0,0,0,0,,,0,0,15,darnu901,bridu901,,,,,19361004,exhibition,deduced
MLS193610041,S.2-H;1-3;B-2(TH),2,0,0,DEN03,NNS,MLS,2,0,hughs101,winfj101,2,4,R,R,?,?,??,,,1,1,1,0,0,0,0,0,0,0,0,0,0,0,0,0,0,1,0,0,0,0,0,0,0,0,0,0,0,0,0,0,0,0,0,0,0,0,0,0,0,0,0,0,0,0,0,0,0,0,0,2,2,bellj103,crutj101,,,hughs101,bellj103,,,,winfj101,winfj101,,,winfj101,winfj101,,,crutj101,,,,winfj101,,0,0,0,0,0,0,1,0,1,1,1,0,bellj103,hughs101,charo101,perkb101,wrigb104,willc106,snowf101,crutj101,paigs101,8,4,3,2,9,6,5,7,1,todda101,mizej101,hornr101,clifh101,muelh101,goodi101,kingl102,suhrg101,0,0,0,0,0,0,0,0,0,0,0,0,0,0,0,0,0,0,0,,0,0,0,0,0,0,0,0,,,0,0,16,darnu901,bridu901,,,,,19361004,exhibition,deduced
MLS193610041,S.3-H;2-H,2,0,0,DEN03,NNS,MLS,3,0,charo101,winfj101,3,3,L,R,?,?,??,,,1,1,1,0,0,0,0,0,0,0,0,0,0,0,0,0,0,1,0,0,0,0,0,0,0,0,0,0,0,0,0,0,0,0,0,0,0,0,0,0,0,0,0,0,0,0,0,0,0,0,0,2,2,,hughs101,bellj103,charo101,,,,,,,winfj101,winfj101,winfj101,,,,,hughs101,bellj103,,,winfj101,winfj101,0,0,0,0,0,0,1,1,2,2,2,0,bellj103,hughs101,charo101,perkb101,wrigb104,willc106,snowf101,crutj101,paigs101,8,4,3,2,9,6,5,7,1,todda101,mizej101,hornr101,clifh101,muelh101,goodi101,kingl102,suhrg101,0,0,0,0,0,0,0,0,0,0,0,0,0,0,0,0,0,0,0,,0,0,0,0,0,0,0,0,,,0,0,17,darnu901,bridu901,,,,,19361004,exhibition,deduced
MLS193610041,99,2,0,0,DEN03,NNS,MLS,5,0,perkb101,rybam101,4,2,R,R,?,?,??,,,1,1,0,0,0,0,0,0,0,0,0,0,0,0,1,0,1,1,0,0,0,0,0,0,0,0,0,0,0,0,0,0,0,0,0,0,0,0,0,0,0,0,0,0,0,0,0,0,0,0,0,2,3,charo101,,,,,,charo101,,,winfj101,,,,,,,,,,,,,,0,0,0,0,0,0,0,0,0,0,0,0,bellj103,hughs101,charo101,perkb101,wrigb104,willc106,snowf101,crutj101,paigs101,8,4,3,2,9,6,5,7,1,todda101,mizej101,hornr101,clifh101,muelh101,goodi101,kingl102,suhrg101,1,0,0,0,0,0,0,0,0,0,0,0,0,0,0,0,0,0,0,0,0,0,0,0,0,0,0,0,,,0,0,18,darnu901,bridu901,,,,,19361004,exhibition,deduced
MLS193610041,99,2,1,1,DEN03,MLS,NNS,5,0,mizej101,paigs101,4,3,L,R,?,?,??,,,1,1,0,0,0,0,0,0,0,0,0,0,0,0,1,0,1,1,0,0,0,0,0,0,0,0,0,0,0,0,0,0,0,0,0,0,0,0,0,0,0,0,0,0,0,0,0,0,0,0,0,0,1,,,,,,,,,,,,,,,,,,,,,,,,0,0,0,0,0,0,0,0,0,0,0,0,muelh101,clifh101,hornr101,mizej101,suhrg101,goodi101,kingl102,todda101,rybam101,6,5,4,3,9,7,8,2,1,perkb101,charo101,hughs101,snowf101,willc106,crutj101,bellj103,wrigb104,1,0,0,0,0,0,0,0,0,0,0,0,0,0,0,0,0,0,0,0,0,0,0,0,0,0,0,0,,,0,0,19,darnu901,bridu901,,,,,19361004,exhibition,deduced
MLS193610041,D,2,1,1,DEN03,MLS,NNS,5,0,suhrg101,paigs101,5,9,L,R,?,?,??,,,1,1,0,1,0,0,0,0,0,0,0,0,0,0,0,0,0,1,0,0,0,0,0,0,0,0,0,0,0,0,0,0,0,0,0,0,0,0,0,0,0,0,0,0,0,0,0,0,0,0,0,1,1,,,,,suhrg101,,,,,,,,,paigs101,,,,,,,,,,0,0,0,0,0,0,0,0,0,0,0,0,muelh101,clifh101,hornr101,mizej101,suhrg101,goodi101,kingl102,todda101,rybam101,6,5,4,3,9,7,8,2,1,perkb101,charo101,hughs101,snowf101,willc106,crutj101,bellj103,wrigb104,0,0,0,0,0,0,0,0,0,0,0,0,0,0,0,0,0,0,0,,0,0,0,0,0,0,0,0,,,0,0,20,darnu901,bridu901,,,,,19361004,exhibition,deduced
MLS193610041,99,2,1,1,DEN03,MLS,NNS,5,0,goodi101,paigs101,6,7,L,R,?,?,??,,,1,1,0,0,0,0,0,0,0,0,0,0,0,0,1,0,1,1,0,0,0,0,0,0,0,0,0,0,0,0,0,0,0,0,0,0,0,0,0,0,0,0,0,0,0,0,0,0,0,0,0,1,2,,suhrg101,,,suhrg101,,,,,,paigs101,,,paigs101,,,,,,,,,,0,0,0,0,0,0,0,0,0,0,0,0,muelh101,clifh101,hornr101,mizej101,suhrg101,goodi101,kingl102,todda101,rybam101,6,5,4,3,9,7,8,2,1,perkb101,charo101,hughs101,snowf101,willc106,crutj101,bellj103,wrigb104,1,0,0,0,0,0,0,0,0,0,0,0,0,0,0,0,0,0,0,0,0,0,0,0,0,0,0,0,,,0,0,21,darnu901,bridu901,,,,,19361004,exhibition,deduced
MLS193610041,99,2,1,1,DEN03,MLS,NNS,5,0,kingl102,paigs101,7,8,L,R,?,?,??,,,1,1,0,0,0,0,0,0,0,0,0,0,0,0,1,0,1,1,0,0,0,0,0,0,0,0,0,0,0,0,0,0,0,0,0,0,0,0,0,0,0,0,0,0,0,0,0,0,0,0,0,2,3,,suhrg101,,,,,suhrg101,,,,paigs101,,,,,,,,,,,,,0,0,0,0,0,0,0,0,0,0,0,0,muelh101,clifh101,hornr101,mizej101,suhrg101,goodi101,kingl102,todda101,rybam101,6,5,4,3,9,7,8,2,1,perkb101,charo101,hughs101,snowf101,willc106,crutj101,bellj103,wrigb104,1,0,0,0,0,0,0,0,0,0,0,0,0,0,0,0,0,0,0,0,0,0,0,0,0,0,0,0,,,0,0,22,darnu901,bridu901,,,,,19361004,exhibition,deduced
MLS193610041,S,3,0,0,DEN03,NNS,MLS,5,0,wrigb104,rybam101,5,9,B,R,?,?,??,,,1,1,1,0,0,0,0,0,0,0,0,0,0,0,0,0,0,1,0,0,0,0,0,0,0,0,0,0,0,0,0,0,0,0,0,0,0,0,0,0,0,0,0,0,0,0,0,0,0,0,0,0,0,,,,wrigb104,,,,,,,,,rybam101,,,,,,,,,,,0,0,0,0,0,0,0,0,0,0,0,0,bellj103,hughs101,charo101,perkb101,wrigb104,willc106,snowf101,crutj101,paigs101,8,4,3,2,9,6,5,7,1,todda101,mizej101,hornr101,clifh101,muelh101,goodi101,kingl102,suhrg101,0,0,0,0,0,0,0,0,0,0,0,0,0,0,0,0,0,0,0,,0,0,0,0,0,0,0,0,,,0,0,23,darnu901,bridu901,,,,,19361004,exhibition,deduced
MLS193610041,CS2(26)#,3,0,0,DEN03,NNS,MLS,5,0,willc106,rybam101,6,6,R,R,?,?,??,,,0,0,0,0,0,0,0,0,0,0,0,0,0,0,0,0,0,0,0,0,0,0,0,0,0,0,0,0,0,0,0,0,0,0,0,1,0,0,0,0,0,0,0,0,0,0,0,0,0,0,0,0,1,wrigb104,,,,,,,,,rybam101,,,,,,,,,,,,,,0,0,0,0,0,0,0,0,0,0,0,0,bellj103,hughs101,charo101,perkb101,wrigb104,willc106,snowf101,crutj101,paigs101,8,4,3,2,9,6,5,7,1,todda101,mizej101,hornr101,clifh101,muelh101,goodi101,kingl102,suhrg101,0,0,0,0,0,0,1,0,0,0,0,1,0,0,0,0,0,0,0,26,0,0,0,0,0,0,0,0,,,0,0,24,darnu901,bridu901,,,,,19361004,exhibition,deduced
MLS193610041,99,3,0,0,DEN03,NNS,MLS,5,0,willc106,rybam101,6,6,R,R,?,?,??,,,1,1,0,0,0,0,0,0,0,0,0,0,0,0,1,0,1,1,0,0,0,0,0,0,0,0,0,0,0,0,0,0,0,0,0,0,0,0,0,0,0,0,0,0,0,0,0,0,0,0,0,1,2,,,,,,,,,,,,,,,,,,,,,,,,0,0,0,0,0,0,0,0,0,0,0,0,bellj103,hughs101,charo101,perkb101,wrigb104,willc106,snowf101,crutj101,paigs101,8,4,3,2,9,6,5,7,1,todda101,mizej101,hornr101,clifh101,muelh101,goodi101,kingl102,suhrg101,1,0,0,0,0,0,0,0,0,0,0,0,0,0,0,0,0,0,0,0,0,0,0,0,0,0,0,0,,,0,0,25,darnu901,bridu901,,,,,19361004,exhibition,deduced
MLS193610041,99,3,0,0,DEN03,NNS,MLS,5,0,snowf101,rybam101,7,5,R,R,?,?,??,,,1,1,0,0,0,0,0,0,0,0,0,0,0,0,1,0,1,1,0,0,0,0,0,0,0,0,0,0,0,0,0,0,0,0,0,0,0,0,0,0,0,0,0,0,0,0,0,0,0,0,0,2,3,,,,,,,,,,,,,,,,,,,,,,,,0,0,0,0,0,0,0,0,0,0,0,0,bellj103,hughs101,charo101,perkb101,wrigb104,willc106,snowf101,crutj101,paigs101,8,4,3,2,9,6,5,7,1,todda101,mizej101,hornr101,clifh101,muelh101,goodi101,kingl102,suhrg101,1,0,0,0,0,0,0,0,0,0,0,0,0,0,0,0,0,0,0,0,0,0,0,0,0,0,0,0,,,0,0,26,darnu901,bridu901,,,,,19361004,exhibition,deduced
MLS193610041,T,3,1,1,DEN03,MLS,NNS,5,0,todda101,paigs101,8,2,R,R,?,?,??,,,1,1,0,0,1,0,0,0,0,0,0,0,0,0,0,0,0,1,0,0,0,0,0,0,0,0,0,0,0,0,0,0,0,0,0,0,0,0,0,0,0,0,0,0,0,0,0,0,0,0,0,0,0,,,,,,todda101,,,,,,,,,paigs101,,,,,,,,,0,0,0,0,0,0,0,0,0,0,0,0,muelh101,clifh101,hornr101,mizej101,suhrg101,goodi101,kingl102,todda101,rybam101,6,5,4,3,9,7,8,2,1,perkb101,charo101,hughs101,snowf101,willc106,crutj101,bellj103,wrigb104,0,0,0,0,0,0,0,0,0,0,0,0,0,0,0,0,0,0,0,,0,0,0,0,0,0,0,0,,,0,0,27,darnu901,bridu901,,,,,19361004,exhibition,deduced
MLS193610041,S.3-H,3,1,1,DEN03,MLS,NNS,5,0,rybam101,paigs101,9,1,R,R,?,?,??,,,1,1,1,0,0,0,0,0,0,0,0,0,0,0,0,0,0,1,0,0,0,0,0,0,0,0,0,0,0,0,0,0,0,0,0,0,0,0,0,0,0,0,0,0,0,0,0,0,0,0,0,0,0,,,todda101,rybam101,,,,,,,,paigs101,paigs101,,,,,,todda101,,,,paigs101,0,0,0,0,0,0,0,1,1,1,1,0,muelh101,clifh101,hornr101,mizej101,suhrg101,goodi101,kingl102,todda101,rybam101,6,5,4,3,9,7,8,2,1,perkb101,charo101,hughs101,snowf101,willc106,crutj101,bellj103,wrigb104,0,0,0,0,0,0,0,0,0,0,0,0,0,0,0,0,0,0,0,,0,0,0,0,0,0,0,0,,,0,0,28,darnu901,bridu901,,,,,19361004,exhibition,deduced
MLS193610041,99,3,1,1,DEN03,MLS,NNS,5,1,muelh101,paigs101,1,6,B,R,?,?,??,,,1,1,0,0,0,0,0,0,0,0,0,0,0,0,1,0,1,1,0,0,0,0,0,0,0,0,0,0,0,0,0,0,0,0,0,0,0,0,0,0,0,0,0,0,0,0,0,0,0,0,0,0,1,rybam101,,,rybam101,,,,,,paigs101,,,paigs101,,,,,,,,,,,0,0,0,0,0,0,0,0,0,0,0,0,muelh101,clifh101,hornr101,mizej101,suhrg101,goodi101,kingl102,todda101,rybam101,6,5,4,3,9,7,8,2,1,perkb101,charo101,hughs101,snowf101,willc106,crutj101,bellj103,wrigb104,1,0,0,0,0,0,0,0,0,0,0,0,0,0,0,0,0,0,0,0,0,0,0,0,0,0,0,0,,,0,0,29,darnu901,bridu901,,,,,19361004,exhibition,deduced
MLS193610041,99,3,1,1,DEN03,MLS,NNS,5,1,clifh101,paigs101,2,5,R,R,?,?,??,,,1,1,0,0,0,0,0,0,0,0,0,0,0,0,1,0,1,1,0,0,0,0,0,0,0,0,0,0,0,0,0,0,0,0,0,0,0,0,0,0,0,0,0,0,0,0,0,0,0,0,0,1,2,rybam101,,,rybam101,,,,,,paigs101,,,paigs101,,,,,,,,,,,0,0,0,0,0,0,0,0,0,0,0,0,muelh101,clifh101,hornr101,mizej101,suhrg101,goodi101,kingl102,todda101,rybam101,6,5,4,3,9,7,8,2,1,perkb101,charo101,hughs101,snowf101,willc106,crutj101,bellj103,wrigb104,1,0,0,0,0,0,0,0,0,0,0,0,0,0,0,0,0,0,0,0,0,0,0,0,0,0,0,0,,,0,0,30,darnu901,bridu901,,,,,19361004,exhibition,deduced
MLS193610041,K/C,3,1,1,DEN03,MLS,NNS,5,1,hornr101,paigs101,3,4,R,R,?,?,??,,,1,1,0,0,0,0,0,0,0,0,1,0,0,0,0,0,0,0,0,0,0,0,0,0,0,0,0,0,0,0,0,0,0,0,0,0,0,0,0,0,0,0,0,0,0,0,0,0,0,0,0,2,3,rybam101,,,,,,rybam101,,,paigs101,,,,,,,,,,,,,,0,0,0,0,0,0,0,0,0,0,0,0,muelh101,clifh101,hornr101,mizej101,suhrg101,goodi101,kingl102,todda101,rybam101,6,5,4,3,9,7,8,2,1,perkb101,charo101,hughs101,snowf101,willc106,crutj101,bellj103,wrigb104,0,0,1,0,0,0,0,0,0,0,0,0,0,0,0,0,0,0,0,2,0,0,0,0,0,0,0,0,,,0,0,31,darnu901,bridu901,,,,,19361004,exhibition,deduced
MLS193610041,S,4,0,0,DEN03,NNS,MLS,5,1,crutj101,rybam101,8,7,L,R,?,?,??,,,1,1,1,0,0,0,0,0,0,0,0,0,0,0,0,0,0,1,0,0,0,0,0,0,0,0,0,0,0,0,0,0,0,0,0,0,0,0,0,0,0,0,0,0,0,0,0,0,0,0,0,0,0,,,,crutj101,,,,,,,,,rybam101,,,,,,,,,,,0,0,0,0,0,0,0,0,0,0,0,0,bellj103,hughs101,charo101,perkb101,wrigb104,willc106,snowf101,crutj101,paigs101,8,4,3,2,9,6,5,7,1,todda101,mizej101,hornr101,clifh101,muelh101,goodi101,kingl102,suhrg101,0,0,0,0,0,0,0,0,0,0,0,0,0,0,0,0,0,0,0,,0,0,0,0,0,0,0,0,,,0,0,32,darnu901,bridu901,,,,,19361004,exhibition,deduced
MLS193610041,99,4,0,0,DEN03,NNS,MLS,5,1,paigs101,rybam101,9,1,R,R,?,?,??,,,1,1,0,0,0,0,0,0,0,0,0,0,0,0,1,0,1,1,0,0,0,0,0,0,0,0,0,0,0,0,0,0,0,0,0,0,0,0,0,0,0,0,0,0,0,0,0,0,0,0,0,0,1,crutj101,,,crutj101,,,,,,rybam101,,,rybam101,,,,,,,,,,,0,0,0,0,0,0,0,0,0,0,0,0,bellj103,hughs101,charo101,perkb101,wrigb104,willc106,snowf101,crutj101,paigs101,8,4,3,2,9,6,5,7,1,todda101,mizej101,hornr101,clifh101,muelh101,goodi101,kingl102,suhrg101,1,0,0,0,0,0,0,0,0,0,0,0,0,0,0,0,0,0,0,0,0,0,0,0,0,0,0,0,,,0,0,33,darnu901,bridu901,,,,,19361004,exhibition,deduced
MLS193610041,99/SH.1-2#,4,0,0,DEN03,NNS,MLS,5,1,bellj103,rybam101,1,8,B,R,?,?,??,,,1,0,0,0,0,0,1,0,0,0,0,0,0,0,0,0,0,1,1,0,0,0,0,0,0,0,0,0,0,0,0,0,0,0,0,0,0,0,0,0,0,0,0,0,0,0,0,0,0,0,0,1,2,crutj101,,,,crutj101,,,,,rybam101,,,,rybam101,,,,,,,,,,0,0,0,0,0,0,0,0,0,0,0,0,bellj103,hughs101,charo101,perkb101,wrigb104,willc106,snowf101,crutj101,paigs101,8,4,3,2,9,6,5,7,1,todda101,mizej101,hornr101,clifh101,muelh101,goodi101,kingl102,suhrg101,1,0,0,0,0,0,0,0,0,0,0,0,0,0,0,0,0,0,0,0,0,0,0,0,0,0,0,0,,BG,0,0,34,darnu901,bridu901,,,,,19361004,exhibition,deduced
MLS193610041,99,4,0,0,DEN03,NNS,MLS,5,1,hughs101,rybam101,2,4,R,R,?,?,??,,,1,1,0,0,0,0,0,0,0,0,0,0,0,0,1,0,1,1,0,0,0,0,0,0,0,0,0,0,0,0,0,0,0,0,0,0,0,0,0,0,0,0,0,0,0,0,0,0,0,0,0,2,3,,crutj101,,,,,crutj101,,,,rybam101,,,,,,,,,,,,,0,0,0,0,0,0,0,0,0,0,0,0,bellj103,hughs101,charo101,perkb101,wrigb104,willc106,snowf101,crutj101,paigs101,8,4,3,2,9,6,5,7,1,todda101,mizej101,hornr101,clifh101,muelh101,goodi101,kingl102,suhrg101,1,0,0,0,0,0,0,0,0,0,0,0,0,0,0,0,0,0,0,0,0,0,0,0,0,0,0,0,,,0,0,35,darnu901,bridu901,,,,,19361004,exhibition,deduced
MLS193610041,99,4,1,1,DEN03,MLS,NNS,5,1,mizej101,paigs101,4,3,L,R,?,?,??,,,1,1,0,0,0,0,0,0,0,0,0,0,0,0,1,0,1,1,0,0,0,0,0,0,0,0,0,0,0,0,0,0,0,0,0,0,0,0,0,0,0,0,0,0,0,0,0,0,0,0,0,0,1,,,,,,,,,,,,,,,,,,,,,,,,0,0,0,0,0,0,0,0,0,0,0,0,muelh101,clifh101,hornr101,mizej101,suhrg101,goodi101,kingl102,todda101,rybam101,6,5,4,3,9,7,8,2,1,perkb101,charo101,hughs101,snowf101,willc106,crutj101,bellj103,wrigb104,1,0,0,0,0,0,0,0,0,0,0,0,0,0,0,0,0,0,0,0,0,0,0,0,0,0,0,0,,,0,0,36,darnu901,bridu901,,,,,19361004,exhibition,deduced
MLS193610041,T,4,1,1,DEN03,MLS,NNS,5,1,suhrg101,paigs101,5,9,L,R,?,?,??,,,1,1,0,0,1,0,0,0,0,0,0,0,0,0,0,0,0,1,0,0,0,0,0,0,0,0,0,0,0,0,0,0,0,0,0,0,0,0,0,0,0,0,0,0,0,0,0,0,0,0,0,1,1,,,,,,suhrg101,,,,,,,,,paigs101,,,,,,,,,0,0,0,0,0,0,0,0,0,0,0,0,muelh101,clifh101,hornr101,mizej101,suhrg101,goodi101,kingl102,todda101,rybam101,6,5,4,3,9,7,8,2,1,perkb101,charo101,hughs101,snowf101,willc106,crutj101,bellj103,wrigb104,0,0,0,0,0,0,0,0,0,0,0,0,0,0,0,0,0,0,0,,0,0,0,0,0,0,0,0,,,0,0,37,darnu901,bridu901,,,,,19361004,exhibition,deduced
MLS193610041,99,4,1,1,DEN03,MLS,NNS,5,1,goodi101,paigs101,6,7,L,R,?,?,??,,,1,1,0,0,0,0,0,0,0,0,0,0,0,0,1,0,1,1,0,0,0,0,0,0,0,0,0,0,0,0,0,0,0,0,0,0,0,0,0,0,0,0,0,0,0,0,0,0,0,0,0,1,2,,,suhrg101,,,suhrg101,,,,,,paigs101,,,paigs101,,,,,,,,,0,0,0,0,0,0,0,0,0,0,0,0,muelh101,clifh101,hornr101,mizej101,suhrg101,goodi101,kingl102,todda101,rybam101,6,5,4,3,9,7,8,2,1,perkb101,charo101,hughs101,snowf101,willc106,crutj101,bellj103,wrigb104,1,0,0,0,0,0,0,0,0,0,0,0,0,0,0,0,0,0,0,0,0,0,0,0,0,0,0,0,,,0,0,38,darnu901,bridu901,,,,,19361004,exhibition,deduced
MLS193610041,99,4,1,1,DEN03,MLS,NNS,5,1,kingl102,paigs101,7,8,L,R,?,?,??,,,1,1,0,0,0,0,0,0,0,0,0,0,0,0,1,0,1,1,0,0,0,0,0,0,0,0,0,0,0,0,0,0,0,0,0,0,0,0,0,0,0,0,0,0,0,0,0,0,0,0,0,2,3,,,suhrg101,,,,suhrg101,,,,,paigs101,,,,,,,,,,,,0,0,0,0,0,0,0,0,0,0,0,0,muelh101,clifh101,hornr101,mizej101,suhrg101,goodi101,kingl102,todda101,rybam101,6,5,4,3,9,7,8,2,1,perkb101,charo101,hughs101,snowf101,willc106,crutj101,bellj103,wrigb104,1,0,0,0,0,0,0,0,0,0,0,0,0,0,0,0,0,0,0,0,0,0,0,0,0,0,0,0,,,0,0,39,darnu901,bridu901,,,,,19361004,exhibition,deduced
MLS193610041,99,5,0,0,DEN03,NNS,MLS,5,1,charo101,rybam101,3,3,L,R,?,?,??,,,1,1,0,0,0,0,0,0,0,0,0,0,0,0,1,0,1,1,0,0,0,0,0,0,0,0,0,0,0,0,0,0,0,0,0,0,0,0,0,0,0,0,0,0,0,0,0,0,0,0,0,0,1,,,,,,,,,,,,,,,,,,,,,,,,0,0,0,0,0,0,0,0,0,0,0,0,bellj103,hughs101,charo101,perkb101,wrigb104,willc106,snowf101,crutj101,paigs101,8,4,3,2,9,6,5,7,1,todda101,mizej101,hornr101,clifh101,muelh101,goodi101,kingl102,suhrg101,1,0,0,0,0,0,0,0,0,0,0,0,0,0,0,0,0,0,0,0,0,0,0,0,0,0,0,0,,,0,0,40,darnu901,bridu901,,,,,19361004,exhibition,deduced
MLS193610041,S,5,0,0,DEN03,NNS,MLS,5,1,perkb101,rybam101,4,2,R,R,?,?,??,,,1,1,1,0,0,0,0,0,0,0,0,0,0,0,0,0,0,1,0,0,0,0,0,0,0,0,0,0,0,0,0,0,0,0,0,0,0,0,0,0,0,0,0,0,0,0,0,0,0,0,0,1,1,,,,perkb101,,,,,,,,,rybam101,,,,,,,,,,,0,0,0,0,0,0,0,0,0,0,0,0,bellj103,hughs101,charo101,perkb101,wrigb104,willc106,snowf101,crutj101,paigs101,8,4,3,2,9,6,5,7,1,todda101,mizej101,hornr101,clifh101,muelh101,goodi101,kingl102,suhrg101,0,0,0,0,0,0,0,0,0,0,0,0,0,0,0,0,0,0,0,,0,0,0,0,0,0,0,0,,,0,0,41,darnu901,bridu901,,,,,19361004,exhibition,deduced
MLS193610041,99,5,0,0,DEN03,NNS,MLS,5,1,wrigb104,rybam101,5,9,B,R,?,?,??,,,1,1,0,0,0,0,0,0,0,0,0,0,0,0,1,0,1,1,0,0,0,0,0,0,0,0,0,0,0,0,0,0,0,0,0,0,0,0,0,0,0,0,0,0,0,0,0,0,0,0,0,1,2,perkb101,,,perkb101,,,,,,rybam101,,,rybam101,,,,,,,,,,,0,0,0,0,0,0,0,0,0,0,0,0,bellj103,hughs101,charo101,perkb101,wrigb104,willc106,snowf101,crutj101,paigs101,8,4,3,2,9,6,5,7,1,todda101,mizej101,hornr101,clifh101,muelh101,goodi101,kingl102,suhrg101,1,0,0,0,0,0,0,0,0,0,0,0,0,0,0,0,0,0,0,0,0,0,0,0,0,0,0,0,,,0,0,42,darnu901,bridu901,,,,,19361004,exhibition,deduced
MLS193610041,99,5,0,0,DEN03,NNS,MLS,5,1,willc106,rybam101,6,6,R,R,?,?,??,,,1,1,0,0,0,0,0,0,0,0,0,0,0,0,1,0,1,1,0,0,0,0,0,0,0,0,0,0,0,0,0,0,0,0,0,0,0,0,0,0,0,0,0,0,0,0,0,0,0,0,0,2,3,perkb101,,,,,,perkb101,,,rybam101,,,,,,,,,,,,,,0,0,0,0,0,0,0,0,0,0,0,0,bellj103,hughs101,charo101,perkb101,wrigb104,willc106,snowf101,crutj101,paigs101,8,4,3,2,9,6,5,7,1,todda101,mizej101,hornr101,clifh101,muelh101,goodi101,kingl102,suhrg101,1,0,0,0,0,0,0,0,0,0,0,0,0,0,0,0,0,0,0,0,0,0,0,0,0,0,0,0,,,0,0,43,darnu901,bridu901,,,,,19361004,exhibition,deduced
MLS193610041,99,5,1,1,DEN03,MLS,NNS,5,1,todda101,paigs101,8,2,R,R,?,?,??,,,1,1,0,0,0,0,0,0,0,0,0,0,0,0,1,0,1,1,0,0,0,0,0,0,0,0,0,0,0,0,0,0,0,0,0,0,0,0,0,0,0,0,0,0,0,0,0,0,0,0,0,0,1,,,,,,,,,,,,,,,,,,,,,,,,0,0,0,0,0,0,0,0,0,0,0,0,muelh101,clifh101,hornr101,mizej101,suhrg101,goodi101,kingl102,todda101,rybam101,6,5,4,3,9,7,8,2,1,perkb101,charo101,hughs101,snowf101,willc106,crutj101,bellj103,wrigb104,1,0,0,0,0,0,0,0,0,0,0,0,0,0,0,0,0,0,0,0,0,0,0,0,0,0,0,0,,,0,0,44,darnu901,bridu901,,,,,19361004,exhibition,deduced
MLS193610041,99,5,1,1,DEN03,MLS,NNS,5,1,rybam101,paigs101,9,1,R,R,?,?,??,,,1,1,0,0,0,0,0,0,0,0,0,0,0,0,1,0,1,1,0,0,0,0,0,0,0,0,0,0,0,0,0,0,0,0,0,0,0,0,0,0,0,0,0,0,0,0,0,0,0,0,0,1,2,,,,,,,,,,,,,,,,,,,,,,,,0,0,0,0,0,0,0,0,0,0,0,0,muelh101,clifh101,hornr101,mizej101,suhrg101,goodi101,kingl102,todda101,rybam101,6,5,4,3,9,7,8,2,1,perkb101,charo101,hughs101,snowf101,willc106,crutj101,bellj103,wrigb104,1,0,0,0,0,0,0,0,0,0,0,0,0,0,0,0,0,0,0,0,0,0,0,0,0,0,0,0,,,0,0,45,darnu901,bridu901,,,,,19361004,exhibition,deduced
MLS193610041,99,5,1,1,DEN03,MLS,NNS,5,1,muelh101,paigs101,1,6,B,R,?,?,??,,,1,1,0,0,0,0,0,0,0,0,0,0,0,0,1,0,1,1,0,0,0,0,0,0,0,0,0,0,0,0,0,0,0,0,0,0,0,0,0,0,0,0,0,0,0,0,0,0,0,0,0,2,3,,,,,,,,,,,,,,,,,,,,,,,,0,0,0,0,0,0,0,0,0,0,0,0,muelh101,clifh101,hornr101,mizej101,suhrg101,goodi101,kingl102,todda101,rybam101,6,5,4,3,9,7,8,2,1,perkb101,charo101,hughs101,snowf101,willc106,crutj101,bellj103,wrigb104,1,0,0,0,0,0,0,0,0,0,0,0,0,0,0,0,0,0,0,0,0,0,0,0,0,0,0,0,,,0,0,46,darnu901,bridu901,,,,,19361004,exhibition,deduced
MLS193610041,99,6,0,0,DEN03,NNS,MLS,5,1,snowf101,rybam101,7,5,R,R,?,?,??,,,1,1,0,0,0,0,0,0,0,0,0,0,0,0,1,0,1,1,0,0,0,0,0,0,0,0,0,0,0,0,0,0,0,0,0,0,0,0,0,0,0,0,0,0,0,0,0,0,0,0,0,0,1,,,,,,,,,,,,,,,,,,,,,,,,0,0,0,0,0,0,0,0,0,0,0,0,bellj103,hughs101,charo101,perkb101,wrigb104,willc106,snowf101,crutj101,paigs101,8,4,3,2,9,6,5,7,1,todda101,mizej101,hornr101,clifh101,muelh101,goodi101,kingl102,suhrg101,1,0,0,0,0,0,0,0,0,0,0,0,0,0,0,0,0,0,0,0,0,0,0,0,0,0,0,0,,,0,0,47,darnu901,bridu901,,,,,19361004,exhibition,deduced
MLS193610041,99,6,0,0,DEN03,NNS,MLS,5,1,crutj101,rybam101,8,7,L,R,?,?,??,,,1,1,0,0,0,0,0,0,0,0,0,0,0,0,1,0,1,1,0,0,0,0,0,0,0,0,0,0,0,0,0,0,0,0,0,0,0,0,0,0,0,0,0,0,0,0,0,0,0,0,0,1,2,,,,,,,,,,,,,,,,,,,,,,,,0,0,0,0,0,0,0,0,0,0,0,0,bellj103,hughs101,charo101,perkb101,wrigb104,willc106,snowf101,crutj101,paigs101,8,4,3,2,9,6,5,7,1,todda101,mizej101,hornr101,clifh101,muelh101,goodi101,kingl102,suhrg101,1,0,0,0,0,0,0,0,0,0,0,0,0,0,0,0,0,0,0,0,0,0,0,0,0,0,0,0,,,0,0,48,darnu901,bridu901,,,,,19361004,exhibition,deduced
MLS193610041,99,6,0,0,DEN03,NNS,MLS,5,1,paigs101,rybam101,9,1,R,R,?,?,??,,,1,1,0,0,0,0,0,0,0,0,0,0,0,0,1,0,1,1,0,0,0,0,0,0,0,0,0,0,0,0,0,0,0,0,0,0,0,0,0,0,0,0,0,0,0,0,0,0,0,0,0,2,3,,,,,,,,,,,,,,,,,,,,,,,,0,0,0,0,0,0,0,0,0,0,0,0,bellj103,hughs101,charo101,perkb101,wrigb104,willc106,snowf101,crutj101,paigs101,8,4,3,2,9,6,5,7,1,todda101,mizej101,hornr101,clifh101,muelh101,goodi101,kingl102,suhrg101,1,0,0,0,0,0,0,0,0,0,0,0,0,0,0,0,0,0,0,0,0,0,0,0,0,0,0,0,,,0,0,49,darnu901,bridu901,,,,,19361004,exhibition,deduced
MLS193610041,99,6,1,1,DEN03,MLS,NNS,5,1,clifh101,paigs101,2,5,R,R,?,?,??,,,1,1,0,0,0,0,0,0,0,0,0,0,0,0,1,0,1,1,0,0,0,0,0,0,0,0,0,0,0,0,0,0,0,0,0,0,0,0,0,0,0,0,0,0,0,0,0,0,0,0,0,0,1,,,,,,,,,,,,,,,,,,,,,,,,0,0,0,0,0,0,0,0,0,0,0,0,muelh101,clifh101,hornr101,mizej101,suhrg101,goodi101,kingl102,todda101,rybam101,6,5,4,3,9,7,8,2,1,perkb101,charo101,hughs101,snowf101,willc106,crutj101,bellj103,wrigb104,1,0,0,0,0,0,0,0,0,0,0,0,0,0,0,0,0,0,0,0,0,0,0,0,0,0,0,0,,,0,0,50,darnu901,bridu901,,,,,19361004,exhibition,deduced
MLS193610041,6/P,6,1,1,DEN03,MLS,NNS,5,1,hornr101,paigs101,3,4,R,R,?,?,??,,,1,1,0,0,0,0,0,0,0,0,0,0,0,0,1,0,1,1,0,0,1,0,0,0,0,0,0,0,0,0,0,0,0,0,0,0,0,0,0,0,0,0,0,0,0,0,0,0,0,0,0,1,2,,,,,,,,,,,,,,,,,,,,,,,,0,0,0,0,0,0,0,0,0,0,0,0,muelh101,clifh101,hornr101,mizej101,suhrg101,goodi101,kingl102,todda101,rybam101,6,5,4,3,9,7,8,2,1,perkb101,charo101,hughs101,snowf101,willc106,crutj101,bellj103,wrigb104,0,0,0,0,0,0,1,0,0,0,0,0,0,0,0,0,0,0,0,6,6,0,0,0,0,0,0,6,,P,0,0,51,darnu901,bridu901,,,,,19361004,exhibition,deduced
MLS193610041,99,6,1,1,DEN03,MLS,NNS,5,1,mizej101,paigs101,4,3,L,R,?,?,??,,,1,1,0,0,0,0,0,0,0,0,0,0,0,0,1,0,1,1,0,0,0,0,0,0,0,0,0,0,0,0,0,0,0,0,0,0,0,0,0,0,0,0,0,0,0,0,0,0,0,0,0,2,3,,,,,,,,,,,,,,,,,,,,,,,,0,0,0,0,0,0,0,0,0,0,0,0,muelh101,clifh101,hornr101,mizej101,suhrg101,goodi101,kingl102,todda101,rybam101,6,5,4,3,9,7,8,2,1,perkb101,charo101,hughs101,snowf101,willc106,crutj101,bellj103,wrigb104,1,0,0,0,0,0,0,0,0,0,0,0,0,0,0,0,0,0,0,0,0,0,0,0,0,0,0,0,,,0,0,52,darnu901,bridu901,,,,,19361004,exhibition,deduced
MLS193610041,99,7,0,0,DEN03,NNS,MLS,5,1,bellj103,rybam101,1,8,B,R,?,?,??,,,1,1,0,0,0,0,0,0,0,0,0,0,0,0,1,0,1,1,0,0,0,0,0,0,0,0,0,0,0,0,0,0,0,0,0,0,0,0,0,0,0,0,0,0,0,0,0,0,0,0,0,0,1,,,,,,,,,,,,,,,,,,,,,,,,0,0,0,0,0,0,0,0,0,0,0,0,bellj103,hughs101,charo101,perkb101,wrigb104,willc106,snowf101,crutj101,paigs101,8,4,3,2,9,6,5,7,1,todda101,mizej101,hornr101,clifh101,muelh101,goodi101,kingl102,suhrg101,1,0,0,0,0,0,0,0,0,0,0,0,0,0,0,0,0,0,0,0,0,0,0,0,0,0,0,0,,,0,0,53,darnu901,bridu901,,,,,19361004,exhibition,deduced
MLS193610041,S,7,0,0,DEN03,NNS,MLS,5,1,hughs101,rybam101,2,4,R,R,?,?,??,,,1,1,1,0,0,0,0,0,0,0,0,0,0,0,0,0,0,1,0,0,0,0,0,0,0,0,0,0,0,0,0,0,0,0,0,0,0,0,0,0,0,0,0,0,0,0,0,0,0,0,0,1,1,,,,hughs101,,,,,,,,,rybam101,,,,,,,,,,,0,0,0,0,0,0,0,0,0,0,0,0,bellj103,hughs101,charo101,perkb101,wrigb104,willc106,snowf101,crutj101,paigs101,8,4,3,2,9,6,5,7,1,todda101,mizej101,hornr101,clifh101,muelh101,goodi101,kingl102,suhrg101,0,0,0,0,0,0,0,0,0,0,0,0,0,0,0,0,0,0,0,,0,0,0,0,0,0,0,0,,,0,0,54,darnu901,bridu901,,,,,19361004,exhibition,deduced
MLS193610041,99,7,0,0,DEN03,NNS,MLS,5,1,charo101,rybam101,3,3,L,R,?,?,??,,,1,1,0,0,0,0,0,0,0,0,0,0,0,0,1,0,1,1,0,0,0,0,0,0,0,0,0,0,0,0,0,0,0,0,0,0,0,0,0,0,0,0,0,0,0,0,0,0,0,0,0,1,2,hughs101,,,hughs101,,,,,,rybam101,,,rybam101,,,,,,,,,,,0,0,0,0,0,0,0,0,0,0,0,0,bellj103,hughs101,charo101,perkb101,wrigb104,willc106,snowf101,crutj101,paigs101,8,4,3,2,9,6,5,7,1,todda101,mizej101,hornr101,clifh101,muelh101,goodi101,kingl102,suhrg101,1,0,0,0,0,0,0,0,0,0,0,0,0,0,0,0,0,0,0,0,0,0,0,0,0,0,0,0,,,0,0,55,darnu901,bridu901,,,,,19361004,exhibition,deduced
MLS193610041,S.1-2,7,0,0,DEN03,NNS,MLS,5,1,perkb101,rybam101,4,2,R,R,?,?,??,,,1,1,1,0,0,0,0,0,0,0,0,0,0,0,0,0,0,1,0,0,0,0,0,0,0,0,0,0,0,0,0,0,0,0,0,0,0,0,0,0,0,0,0,0,0,0,0,0,0,0,0,2,2,hughs101,,,perkb101,hughs101,,,,,rybam101,,,rybam101,rybam101,,,,,,,,,,0,0,0,0,0,0,0,0,0,0,0,0,bellj103,hughs101,charo101,perkb101,wrigb104,willc106,snowf101,crutj101,paigs101,8,4,3,2,9,6,5,7,1,todda101,mizej101,hornr101,clifh101,muelh101,goodi101,kingl102,suhrg101,0,0,0,0,0,0,0,0,0,0,0,0,0,0,0,0,0,0,0,,0,0,0,0,0,0,0,0,,,0,0,56,darnu901,bridu901,,,,,19361004,exhibition,deduced
MLS193610041,99,7,0,0,DEN03,NNS,MLS,5,1,wrigb104,rybam101,5,9,B,R,?,?,??,,,1,1,0,0,0,0,0,0,0,0,0,0,0,0,1,0,1,1,0,0,0,0,0,0,0,0,0,0,0,0,0,0,0,0,0,0,0,0,0,0,0,0,0,0,0,0,0,0,0,0,0,2,3,perkb101,hughs101,,,,,hughs101,perkb101,,rybam101,rybam101,,,,,,,,,,,,,0,0,0,0,0,0,0,0,0,0,0,0,bellj103,hughs101,charo101,perkb101,wrigb104,willc106,snowf101,crutj101,paigs101,8,4,3,2,9,6,5,7,1,todda101,mizej101,hornr101,clifh101,muelh101,goodi101,kingl102,suhrg101,1,0,0,0,0,0,0,0,0,0,0,0,0,0,0,0,0,0,0,0,0,0,0,0,0,0,0,0,,,0,0,57,darnu901,bridu901,,,,,19361004,exhibition,deduced
MLS193610041,HP#,7,1,1,DEN03,MLS,NNS,5,1,suhrg101,paigs101,5,9,L,R,?,?,??,,,1,0,0,0,0,0,0,0,1,0,0,0,0,0,0,0,0,0,0,0,0,0,0,0,0,0,0,0,0,0,0,0,0,0,0,0,0,0,0,0,0,0,0,0,0,0,0,0,0,0,0,0,0,,,,suhrg101,,,,,,,,,paigs101,,,,,,,,,,,0,0,0,0,0,0,0,0,0,0,0,0,muelh101,clifh101,hornr101,mizej101,suhrg101,goodi101,kingl102,todda101,rybam101,6,5,4,3,9,7,8,2,1,perkb101,charo101,hughs101,snowf101,willc106,crutj101,bellj103,wrigb104,0,0,0,0,0,0,0,0,0,0,0,0,0,0,0,0,0,0,0,,0,0,0,0,0,0,0,0,,,0,0,58,darnu901,bridu901,,,,,19361004,exhibition,deduced
MLS193610041,99,7,1,1,DEN03,MLS,NNS,5,1,goodi101,paigs101,6,7,L,R,?,?,??,,,1,1,0,0,0,0,0,0,0,0,0,0,0,0,1,0,1,1,0,0,0,0,0,0,0,0,0,0,0,0,0,0,0,0,0,0,0,0,0,0,0,0,0,0,0,0,0,0,0,0,0,0,1,suhrg101,,,suhrg101,,,,,,paigs101,,,paigs101,,,,,,,,,,,0,0,0,0,0,0,0,0,0,0,0,0,muelh101,clifh101,hornr101,mizej101,suhrg101,goodi101,kingl102,todda101,rybam101,6,5,4,3,9,7,8,2,1,perkb101,charo101,hughs101,snowf101,willc106,crutj101,bellj103,wrigb104,1,0,0,0,0,0,0,0,0,0,0,0,0,0,0,0,0,0,0,0,0,0,0,0,0,0,0,0,,,0,0,59,darnu901,bridu901,,,,,19361004,exhibition,deduced
MLS193610041,WP.1-2#,7,1,1,DEN03,MLS,NNS,5,1,kingl102,paigs101,7,8,L,R,?,?,??,,,0,0,0,0,0,0,0,0,0,0,0,0,0,0,0,0,0,0,0,0,0,0,0,0,0,0,0,1,0,0,0,0,0,0,0,0,0,0,0,0,0,0,0,0,0,0,0,0,0,0,0,1,1,suhrg101,,,,suhrg101,,,,,paigs101,,,,paigs101,,,,,,,,,,0,0,0,0,0,0,0,0,0,0,0,0,muelh101,clifh101,hornr101,mizej101,suhrg101,goodi101,kingl102,todda101,rybam101,6,5,4,3,9,7,8,2,1,perkb101,charo101,hughs101,snowf101,willc106,crutj101,bellj103,wrigb104,0,0,0,0,0,0,0,0,0,0,0,0,0,0,0,0,0,0,0,,0,0,0,0,0,0,0,0,,,0,0,60,darnu901,bridu901,,,,,19361004,exhibition,deduced
MLS193610041,99,7,1,1,DEN03,MLS,NNS,5,1,kingl102,paigs101,7,8,L,R,?,?,??,,,1,1,0,0,0,0,0,0,0,0,0,0,0,0,1,0,1,1,0,0,0,0,0,0,0,0,0,0,0,0,0,0,0,0,0,0,0,0,0,0,0,0,0,0,0,0,0,0,0,0,0,1,2,,suhrg101,,,suhrg101,,,,,,paigs101,,,paigs101,,,,,,,,,,0,0,0,0,0,0,0,0,0,0,0,0,muelh101,clifh101,hornr101,mizej101,suhrg101,goodi101,kingl102,todda101,rybam101,6,5,4,3,9,7,8,2,1,perkb101,charo101,hughs101,snowf101,willc106,crutj101,bellj103,wrigb104,1,0,0,0,0,0,0,0,0,0,0,0,0,0,0,0,0,0,0,0,0,0,0,0,0,0,0,0,,,0,0,61,darnu901,bridu901,,,,,19361004,exhibition,deduced
MLS193610041,99,7,1,1,DEN03,MLS,NNS,5,1,todda101,paigs101,8,2,R,R,?,?,??,,,1,1,0,0,0,0,0,0,0,0,0,0,0,0,1,0,1,1,0,0,0,0,0,0,0,0,0,0,0,0,0,0,0,0,0,0,0,0,0,0,0,0,0,0,0,0,0,0,0,0,0,2,3,,suhrg101,,,,,suhrg101,,,,paigs101,,,,,,,,,,,,,0,0,0,0,0,0,0,0,0,0,0,0,muelh101,clifh101,hornr101,mizej101,suhrg101,goodi101,kingl102,todda101,rybam101,6,5,4,3,9,7,8,2,1,perkb101,charo101,hughs101,snowf101,willc106,crutj101,bellj103,wrigb104,1,0,0,0,0,0,0,0,0,0,0,0,0,0,0,0,0,0,0,0,0,0,0,0,0,0,0,0,,,0,0,62,darnu901,bridu901,,,,,19361004,exhibition,deduced
MLS193610041,99,8,0,0,DEN03,NNS,MLS,5,1,willc106,rybam101,6,6,R,R,?,?,??,,,1,1,0,0,0,0,0,0,0,0,0,0,0,0,1,0,1,1,0,0,0,0,0,0,0,0,0,0,0,0,0,0,0,0,0,0,0,0,0,0,0,0,0,0,0,0,0,0,0,0,0,0,1,,,,,,,,,,,,,,,,,,,,,,,,0,0,0,0,0,0,0,0,0,0,0,0,bellj103,hughs101,charo101,perkb101,wrigb104,willc106,snowf101,crutj101,paigs101,8,4,3,2,9,6,5,7,1,todda101,mizej101,hornr101,clifh101,muelh101,goodi101,kingl102,suhrg101,1,0,0,0,0,0,0,0,0,0,0,0,0,0,0,0,0,0,0,0,0,0,0,0,0,0,0,0,,,0,0,63,darnu901,bridu901,,,,,19361004,exhibition,deduced
MLS193610041,99,8,0,0,DEN03,NNS,MLS,5,1,snowf101,rybam101,7,5,R,R,?,?,??,,,1,1,0,0,0,0,0,0,0,0,0,0,0,0,1,0,1,1,0,0,0,0,0,0,0,0,0,0,0,0,0,0,0,0,0,0,0,0,0,0,0,0,0,0,0,0,0,0,0,0,0,1,2,,,,,,,,,,,,,,,,,,,,,,,,0,0,0,0,0,0,0,0,0,0,0,0,bellj103,hughs101,charo101,perkb101,wrigb104,willc106,snowf101,crutj101,paigs101,8,4,3,2,9,6,5,7,1,todda101,mizej101,hornr101,clifh101,muelh101,goodi101,kingl102,suhrg101,1,0,0,0,0,0,0,0,0,0,0,0,0,0,0,0,0,0,0,0,0,0,0,0,0,0,0,0,,,0,0,64,darnu901,bridu901,,,,,19361004,exhibition,deduced
MLS193610041,99,8,0,0,DEN03,NNS,MLS,5,1,crutj101,rybam101,8,7,L,R,?,?,??,,,1,1,0,0,0,0,0,0,0,0,0,0,0,0,1,0,1,1,0,0,0,0,0,0,0,0,0,0,0,0,0,0,0,0,0,0,0,0,0,0,0,0,0,0,0,0,0,0,0,0,0,2,3,,,,,,,,,,,,,,,,,,,,,,,,0,0,0,0,0,0,0,0,0,0,0,0,bellj103,hughs101,charo101,perkb101,wrigb104,willc106,snowf101,crutj101,paigs101,8,4,3,2,9,6,5,7,1,todda101,mizej101,hornr101,clifh101,muelh101,goodi101,kingl102,suhrg101,1,0,0,0,0,0,0,0,0,0,0,0,0,0,0,0,0,0,0,0,0,0,0,0,0,0,0,0,,,0,0,65,darnu901,bridu901,,,,,19361004,exhibition,deduced
MLS193610041,99,8,1,1,DEN03,MLS,NNS,5,1,rybam101,paigs101,9,1,R,R,?,?,??,,,1,1,0,0,0,0,0,0,0,0,0,0,0,0,1,0,1,1,0,0,0,0,0,0,0,0,0,0,0,0,0,0,0,0,0,0,0,0,0,0,0,0,0,0,0,0,0,0,0,0,0,0,1,,,,,,,,,,,,,,,,,,,,,,,,0,0,0,0,0,0,0,0,0,0,0,0,muelh101,clifh101,hornr101,mizej101,suhrg101,goodi101,kingl102,todda101,rybam101,6,5,4,3,9,7,8,2,1,perkb101,charo101,hughs101,snowf101,willc106,crutj101,bellj103,wrigb104,1,0,0,0,0,0,0,0,0,0,0,0,0,0,0,0,0,0,0,0,0,0,0,0,0,0,0,0,,,0,0,66,darnu901,bridu901,,,,,19361004,exhibition,deduced
MLS193610041,S,8,1,1,DEN03,MLS,NNS,5,1,muelh101,paigs101,1,6,B,R,?,?,??,,,1,1,1,0,0,0,0,0,0,0,0,0,0,0,0,0,0,1,0,0,0,0,0,0,0,0,0,0,0,0,0,0,0,0,0,0,0,0,0,0,0,0,0,0,0,0,0,0,0,0,0,1,1,,,,muelh101,,,,,,,,,paigs101,,,,,,,,,,,0,0,0,0,0,0,0,0,0,0,0,0,muelh101,clifh101,hornr101,mizej101,suhrg101,goodi101,kingl102,todda101,rybam101,6,5,4,3,9,7,8,2,1,perkb101,charo101,hughs101,snowf101,willc106,crutj101,bellj103,wrigb104,0,0,0,0,0,0,0,0,0,0,0,0,0,0,0,0,0,0,0,,0,0,0,0,0,0,0,0,,,0,0,67,darnu901,bridu901,,,,,19361004,exhibition,deduced
MLS193610041,99,8,1,1,DEN03,MLS,NNS,5,1,clifh101,paigs101,2,5,R,R,?,?,??,,,1,1,0,0,0,0,0,0,0,0,0,0,0,0,1,0,1,1,0,0,0,0,0,0,0,0,0,0,0,0,0,0,0,0,0,0,0,0,0,0,0,0,0,0,0,0,0,0,0,0,0,1,2,muelh101,,,muelh101,,,,,,paigs101,,,paigs101,,,,,,,,,,,0,0,0,0,0,0,0,0,0,0,0,0,muelh101,clifh101,hornr101,mizej101,suhrg101,goodi101,kingl102,todda101,rybam101,6,5,4,3,9,7,8,2,1,perkb101,charo101,hughs101,snowf101,willc106,crutj101,bellj103,wrigb104,1,0,0,0,0,0,0,0,0,0,0,0,0,0,0,0,0,0,0,0,0,0,0,0,0,0,0,0,,,0,0,68,darnu901,bridu901,,,,,19361004,exhibition,deduced
MLS193610041,E3.1-2,8,1,1,DEN03,MLS,NNS,5,1,hornr101,paigs101,3,4,R,R,?,?,??,,,1,1,0,0,0,0,0,0,0,0,0,0,1,0,0,0,0,1,0,1,0,0,0,0,0,0,0,0,0,0,0,0,0,0,0,0,0,0,0,0,0,0,0,0,1,0,0,0,0,0,0,2,2,muelh101,,,hornr101,muelh101,,,,,paigs101,,,paigs101,paigs101,,,,,,,,,,0,0,0,0,0,0,0,0,0,0,0,0,muelh101,clifh101,hornr101,mizej101,suhrg101,goodi101,kingl102,todda101,rybam101,6,5,4,3,9,7,8,2,1,perkb101,charo101,hughs101,snowf101,willc106,crutj101,bellj103,wrigb104,0,0,0,0,0,0,0,0,0,0,0,0,0,0,0,0,0,0,0,,0,0,0,0,0,0,0,3,3+,G,0,0,69,darnu901,bridu901,,,,,19361004,exhibition,deduced
MLS193610041,D.2-H(UR);1-H(UR),8,1,1,DEN03,MLS,NNS,5,1,mizej101,paigs101,4,3,L,R,?,?,??,,,1,1,0,1,0,0,0,0,0,0,0,0,0,0,0,0,0,1,0,0,0,0,0,0,0,0,0,0,0,0,0,0,0,0,0,0,0,0,0,0,0,0,0,0,0,0,0,0,0,0,0,2,2,hornr101,muelh101,,,mizej101,,,,,paigs101,paigs101,,,paigs101,,,hornr101,muelh101,,,paigs101,paigs101,,0,1,1,0,0,1,1,0,2,2,0,0,muelh101,clifh101,hornr101,mizej101,suhrg101,goodi101,kingl102,todda101,rybam101,6,5,4,3,9,7,8,2,1,perkb101,charo101,hughs101,snowf101,willc106,crutj101,bellj103,wrigb104,0,0,0,0,0,0,0,0,0,0,0,0,0,0,0,0,0,0,0,,0,0,0,0,0,0,0,0,,,0,0,70,darnu901,bridu901,,,,,19361004,exhibition,deduced
MLS193610041,99,8,1,1,DEN03,MLS,NNS,5,3,suhrg101,paigs101,5,9,L,R,?,?,??,,,1,1,0,0,0,0,0,0,0,0,0,0,0,0,1,0,1,1,0,0,0,0,0,0,0,0,0,0,0,0,0,0,0,0,0,0,0,0,0,0,0,0,0,0,0,0,0,0,0,0,0,2,3,,mizej101,,,,,mizej101,,,,paigs101,,,,,,,,,,,,,0,0,0,0,0,0,0,0,0,0,0,0,muelh101,clifh101,hornr101,mizej101,suhrg101,goodi101,kingl102,todda101,rybam101,6,5,4,3,9,7,8,2,1,perkb101,charo101,hughs101,snowf101,willc106,crutj101,bellj103,wrigb104,1,0,0,0,0,0,0,0,0,0,0,0,0,0,0,0,0,0,0,0,0,0,0,0,0,0,0,0,,,0,0,71,darnu901,bridu901,,,,,19361004,exhibition,deduced
MLS193610041,99,9,0,0,DEN03,NNS,MLS,5,3,paigs101,rybam101,9,1,R,R,?,?,??,,,1,1,0,0,0,0,0,0,0,0,0,0,0,0,1,0,1,1,0,0,0,0,0,0,0,0,0,0,0,0,0,0,0,0,0,0,0,0,0,0,0,0,0,0,0,0,0,0,0,0,0,0,1,,,,,,,,,,,,,,,,,,,,,,,,0,0,0,0,0,0,0,0,0,0,0,0,bellj103,hughs101,charo101,perkb101,wrigb104,willc106,snowf101,crutj101,paigs101,8,4,3,2,9,6,5,7,1,todda101,mizej101,hornr101,clifh101,muelh101,goodi101,kingl102,suhrg101,1,0,0,0,0,0,0,0,0,0,0,0,0,0,0,0,0,0,0,0,0,0,0,0,0,0,0,0,,,0,0,72,darnu901,bridu901,,,,,19361004,exhibition,deduced
MLS193610041,99,9,0,0,DEN03,NNS,MLS,5,3,bellj103,rybam101,1,8,B,R,?,?,??,,,1,1,0,0,0,0,0,0,0,0,0,0,0,0,1,0,1,1,0,0,0,0,0,0,0,0,0,0,0,0,0,0,0,0,0,0,0,0,0,0,0,0,0,0,0,0,0,0,0,0,0,1,2,,,,,,,,,,,,,,,,,,,,,,,,0,0,0,0,0,0,0,0,0,0,0,0,bellj103,hughs101,charo101,perkb101,wrigb104,willc106,snowf101,crutj101,paigs101,8,4,3,2,9,6,5,7,1,todda101,mizej101,hornr101,clifh101,muelh101,goodi101,kingl102,suhrg101,1,0,0,0,0,0,0,0,0,0,0,0,0,0,0,0,0,0,0,0,0,0,0,0,0,0,0,0,,,0,0,73,darnu901,bridu901,,,,,19361004,exhibition,deduced
MLS193610041,HR/IPHR,9,0,0,DEN03,NNS,MLS,5,3,hughs101,rybam101,2,4,R,R,?,?,??,,,1,1,0,0,0,1,0,0,0,0,0,0,0,0,0,0,0,1,0,0,0,0,0,0,0,0,0,0,0,0,0,0,0,0,0,0,0,0,0,0,0,0,0,0,0,0,0,0,0,0,0,2,2,,,,,,,,,,,,,,,,hughs101,,,,rybam101,,,,0,0,0,0,1,0,0,0,1,1,1,0,bellj103,hughs101,charo101,perkb101,wrigb104,willc106,snowf101,crutj101,paigs101,8,4,3,2,9,6,5,7,1,todda101,mizej101,hornr101,clifh101,muelh101,goodi101,kingl102,suhrg101,0,0,0,0,0,0,0,0,0,0,0,0,0,0,0,0,0,0,0,,0,0,0,0,0,0,0,0,,,0,0,74,darnu901,bridu901,,,,,19361004,exhibition,deduced
MLS193610041,99,9,0,0,DEN03,NNS,MLS,6,3,charo101,rybam101,3,3,L,R,?,?,??,,,1,1,0,0,0,0,0,0,0,0,0,0,0,0,1,0,1,1,0,0,0,0,0,0,0,0,0,0,0,0,0,0,0,0,0,0,0,0,0,0,0,0,0,0,0,0,0,0,0,0,0,2,3,,,,,,,,,,,,,,,,,,,,,,,,0,0,0,0,0,0,0,0,0,0,0,0,bellj103,hughs101,charo101,perkb101,wrigb104,willc106,snowf101,crutj101,paigs101,8,4,3,2,9,6,5,7,1,todda101,mizej101,hornr101,clifh101,muelh101,goodi101,kingl102,suhrg101,1,0,0,0,0,0,0,0,0,0,0,0,0,0,0,0,0,0,0,0,0,0,0,0,0,0,0,0,,,0,0,75,darnu901,bridu901,,,,,19361004,exhibition,deduced
MLS193610041,99,9,1,1,DEN03,MLS,NNS,6,3,goodi101,paigs101,6,7,L,R,?,?,??,,,1,1,0,0,0,0,0,0,0,0,0,0,0,0,1,0,1,1,0,0,0,0,0,0,0,0,0,0,0,0,0,0,0,0,0,0,0,0,0,0,0,0,0,0,0,0,0,0,0,0,0,0,1,,,,,,,,,,,,,,,,,,,,,,,,0,0,0,0,0,0,0,0,0,0,0,0,muelh101,clifh101,hornr101,mizej101,suhrg101,goodi101,kingl102,todda101,rybam101,6,5,4,3,9,7,8,2,1,perkb101,charo101,hughs101,snowf101,willc106,crutj101,bellj103,wrigb104,1,0,0,0,0,0,0,0,0,0,0,0,0,0,0,0,0,0,0,0,0,0,0,0,0,0,0,0,,,0,0,76,darnu901,bridu901,,,,,19361004,exhibition,deduced
MLS193610041,99,9,1,1,DEN03,MLS,NNS,6,3,kingl102,paigs101,7,8,L,R,?,?,??,,,1,1,0,0,0,0,0,0,0,0,0,0,0,0,1,0,1,1,0,0,0,0,0,0,0,0,0,0,0,0,0,0,0,0,0,0,0,0,0,0,0,0,0,0,0,0,0,0,0,0,0,1,2,,,,,,,,,,,,,,,,,,,,,,,,0,0,0,0,0,0,0,0,0,0,0,0,muelh101,clifh101,hornr101,mizej101,suhrg101,goodi101,kingl102,todda101,rybam101,6,5,4,3,9,7,8,2,1,perkb101,charo101,hughs101,snowf101,willc106,crutj101,bellj103,wrigb104,1,0,0,0,0,0,0,0,0,0,0,0,0,0,0,0,0,0,0,0,0,0,0,0,0,0,0,0,,,0,0,77,darnu901,bridu901,,,,,19361004,exhibition,deduced
MLS193610041,99,9,1,1,DEN03,MLS,NNS,6,3,todda101,paigs101,8,2,R,R,?,?,??,,,1,1,0,0,0,0,0,0,0,0,0,0,0,0,1,0,1,1,0,0,0,0,0,0,0,0,0,0,0,0,0,0,0,0,0,0,0,0,0,0,0,0,0,0,0,0,0,0,0,0,0,2,3,,,,,,,,,,,,,,,,,,,,,,,,0,0,0,0,0,0,0,0,0,0,0,0,muelh101,clifh101,hornr101,mizej101,suhrg101,goodi101,kingl102,todda101,rybam101,6,5,4,3,9,7,8,2,1,perkb101,charo101,hughs101,snowf101,willc106,crutj101,bellj103,wrigb104,1,0,0,0,0,0,0,0,0,0,0,0,0,0,0,0,0,0,0,0,0,0,0,0,0,0,0,0,,,0,0,78,darnu901,bridu901,,,,,19361004,exhibition,deduced
NNS193610042,S,1,0,0,DEN03,MLS,NNS,0,0,muelh101,grifb102,1,6,B,R,?,?,??,,,1,1,1,0,0,0,0,0,0,0,0,0,0,0,0,0,0,1,0,0,0,0,0,0,0,0,0,0,0,0,0,0,0,0,0,0,0,0,0,0,0,0,0,0,0,0,0,0,0,0,0,0,0,,,,muelh101,,,,,,,,,grifb102,,,,,,,,,,,0,0,0,0,0,0,0,0,0,0,0,0,muelh101,clifh101,hornr101,mizej101,suhrg101,goodi101,kingl102,todda101,weavj101,6,5,4,3,9,7,8,2,1,mackb102,westj102,hughs101,snowf101,willc106,wrigb104,bellj103,crutj101,0,0,0,0,0,0,0,0,0,0,0,0,0,0,0,0,0,0,0,,0,0,0,0,0,0,0,0,,,0,0,1,bridu901,darnu901,,,,,19361004,exhibition,deduced
NNS193610042,64(1)3/GDP#,1,0,0,DEN03,MLS,NNS,0,0,clifh101,grifb102,2,5,R,R,?,?,??,,,1,1,0,0,0,0,0,0,0,0,0,0,0,0,1,0,1,1,0,1,0,0,0,1,0,0,0,0,0,0,0,0,0,0,0,0,0,0,0,0,0,0,0,0,0,0,0,0,0,0,0,0,2,muelh101,,,,,,,,,grifb102,,,,,,,,,,,,,,0,0,0,0,0,0,0,0,0,0,0,0,muelh101,clifh101,hornr101,mizej101,suhrg101,goodi101,kingl102,todda101,weavj101,6,5,4,3,9,7,8,2,1,mackb102,westj102,hughs101,snowf101,willc106,wrigb104,bellj103,crutj101,0,0,0,1,1,0,0,0,0,0,0,0,0,1,0,1,0,0,0,643,6,4,0,0,0,0,0,6,,G,1,4,2,bridu901,darnu901,,,,,19361004,exhibition,deduced
NNS193610042,99,1,0,0,DEN03,MLS,NNS,0,0,hornr101,grifb102,3,4,R,R,?,?,??,,,1,1,0,0,0,0,0,0,0,0,0,0,0,0,1,0,1,1,0,0,0,0,0,0,0,0,0,0,0,0,0,0,0,0,0,0,0,0,0,0,0,0,0,0,0,0,0,0,0,0,0,2,3,,,,,,,,,,,,,,,,,,,,,,,,0,0,0,0,0,0,0,0,0,0,0,0,muelh101,clifh101,hornr101,mizej101,suhrg101,goodi101,kingl102,todda101,weavj101,6,5,4,3,9,7,8,2,1,mackb102,westj102,hughs101,snowf101,willc106,wrigb104,bellj103,crutj101,1,0,0,0,0,0,0,0,0,0,0,0,0,0,0,0,0,0,0,0,0,0,0,0,0,0,0,0,,,0,0,3,bridu901,darnu901,,,,,19361004,exhibition,deduced
NNS193610042,99,1,1,1,DEN03,NNS,MLS,0,0,bellj103,weavj101,1,8,B,R,?,?,??,,,1,1,0,0,0,0,0,0,0,0,0,0,0,0,1,0,1,1,0,0,0,0,0,0,0,0,0,0,0,0,0,0,0,0,0,0,0,0,0,0,0,0,0,0,0,0,0,0,0,0,0,0,1,,,,,,,,,,,,,,,,,,,,,,,,0,0,0,0,0,0,0,0,0,0,0,0,bellj103,hughs101,willc106,mackb102,wrigb104,snowf101,crutj101,westj102,grifb102,8,4,6,2,7,5,9,3,1,todda101,mizej101,hornr101,clifh101,muelh101,goodi101,kingl102,suhrg101,1,0,0,0,0,0,0,0,0,0,0,0,0,0,0,0,0,0,0,0,0,0,0,0,0,0,0,0,,,0,0,4,bridu901,darnu901,,,,,19361004,exhibition,deduced
NNS193610042,S,1,1,1,DEN03,NNS,MLS,0,0,hughs101,weavj101,2,4,R,R,?,?,??,,,1,1,1,0,0,0,0,0,0,0,0,0,0,0,0,0,0,1,0,0,0,0,0,0,0,0,0,0,0,0,0,0,0,0,0,0,0,0,0,0,0,0,0,0,0,0,0,0,0,0,0,1,1,,,,hughs101,,,,,,,,,weavj101,,,,,,,,,,,0,0,0,0,0,0,0,0,0,0,0,0,bellj103,hughs101,willc106,mackb102,wrigb104,snowf101,crutj101,westj102,grifb102,8,4,6,2,7,5,9,3,1,todda101,mizej101,hornr101,clifh101,muelh101,goodi101,kingl102,suhrg101,0,0,0,0,0,0,0,0,0,0,0,0,0,0,0,0,0,0,0,,0,0,0,0,0,0,0,0,,,0,0,5,bridu901,darnu901,,,,,19361004,exhibition,deduced
NNS193610042,S.1-3,1,1,1,DEN03,NNS,MLS,0,0,willc106,weavj101,3,6,R,R,?,?,??,,,1,1,1,0,0,0,0,0,0,0,0,0,0,0,0,0,0,1,0,0,0,0,0,0,0,0,0,0,0,0,0,0,0,0,0,0,0,0,0,0,0,0,0,0,0,0,0,0,0,0,0,1,1,hughs101,,,willc106,,hughs101,,,,weavj101,,,weavj101,,weavj101,,,,,,,,,0,0,0,0,0,0,0,0,0,0,0,0,bellj103,hughs101,willc106,mackb102,wrigb104,snowf101,crutj101,westj102,grifb102,8,4,6,2,7,5,9,3,1,todda101,mizej101,hornr101,clifh101,muelh101,goodi101,kingl102,suhrg101,0,0,0,0,0,0,0,0,0,0,0,0,0,0,0,0,0,0,0,,0,0,0,0,0,0,0,0,,,0,0,6,bridu901,darnu901,,,,,19361004,exhibition,deduced
NNS193610042,99.3-H,1,1,1,DEN03,NNS,MLS,0,0,mackb102,weavj101,4,2,B,R,?,?,??,,,1,1,0,0,0,0,0,0,0,0,0,0,0,0,1,0,1,1,0,0,0,0,0,0,0,0,0,0,0,0,0,0,0,0,0,0,0,0,0,0,0,0,0,0,0,0,0,0,0,0,0,1,2,willc106,,hughs101,willc106,,,,,,weavj101,,weavj101,weavj101,,,,,,hughs101,,,,weavj101,0,0,0,0,0,0,0,1,1,1,1,0,bellj103,hughs101,willc106,mackb102,wrigb104,snowf101,crutj101,westj102,grifb102,8,4,6,2,7,5,9,3,1,todda101,mizej101,hornr101,clifh101,muelh101,goodi101,kingl102,suhrg101,1,0,0,0,0,0,0,0,0,0,0,0,0,0,0,0,0,0,0,0,0,0,0,0,0,0,0,0,,,0,0,7,bridu901,darnu901,,,,,19361004,exhibition,deduced
NNS193610042,99,1,1,1,DEN03,NNS,MLS,0,1,wrigb104,weavj101,5,7,B,R,?,?,??,,,1,1,0,0,0,0,0,0,0,0,0,0,0,0,1,0,1,1,0,0,0,0,0,0,0,0,0,0,0,0,0,0,0,0,0,0,0,0,0,0,0,0,0,0,0,0,0,0,0,0,0,2,3,willc106,,,,,,willc106,,,weavj101,,,,,,,,,,,,,,0,0,0,0,0,0,0,0,0,0,0,0,bellj103,hughs101,willc106,mackb102,wrigb104,snowf101,crutj101,westj102,grifb102,8,4,6,2,7,5,9,3,1,todda101,mizej101,hornr101,clifh101,muelh101,goodi101,kingl102,suhrg101,1,0,0,0,0,0,0,0,0,0,0,0,0,0,0,0,0,0,0,0,0,0,0,0,0,0,0,0,,,0,0,8,bridu901,darnu901,,,,,19361004,exhibition,deduced
NNS193610042,HR/89,2,0,0,DEN03,MLS,NNS,0,1,mizej101,grifb102,4,3,L,R,?,?,??,,,1,1,0,0,0,1,0,0,0,0,0,0,0,0,0,0,0,0,0,0,0,0,0,0,0,0,0,0,0,0,0,0,0,0,0,0,0,0,0,0,0,0,0,0,0,0,0,0,0,0,0,0,0,,,,,,,,,,,,,,,,mizej101,,,,grifb102,,,,0,0,0,0,1,0,0,0,1,1,1,0,muelh101,clifh101,hornr101,mizej101,suhrg101,goodi101,kingl102,todda101,weavj101,6,5,4,3,9,7,8,2,1,mackb102,westj102,hughs101,snowf101,willc106,wrigb104,bellj103,crutj101,0,0,0,0,0,0,0,0,0,0,0,0,0,0,0,0,0,0,0,,0,0,0,0,0,0,0,0,,,0,0,9,bridu901,darnu901,,,,,19361004,exhibition,deduced
NNS193610042,99,2,0,0,DEN03,MLS,NNS,1,1,suhrg101,grifb102,5,9,L,R,?,?,??,,,1,1,0,0,0,0,0,0,0,0,0,0,0,0,1,0,1,1,0,0,0,0,0,0,0,0,0,0,0,0,0,0,0,0,0,0,0,0,0,0,0,0,0,0,0,0,0,0,0,0,0,0,1,,,,,,,,,,,,,,,,,,,,,,,,0,0,0,0,0,0,0,0,0,0,0,0,muelh101,clifh101,hornr101,mizej101,suhrg101,goodi101,kingl102,todda101,weavj101,6,5,4,3,9,7,8,2,1,mackb102,westj102,hughs101,snowf101,willc106,wrigb104,bellj103,crutj101,1,0,0,0,0,0,0,0,0,0,0,0,0,0,0,0,0,0,0,0,0,0,0,0,0,0,0,0,,,0,0,10,bridu901,darnu901,,,,,19361004,exhibition,deduced
NNS193610042,99,2,0,0,DEN03,MLS,NNS,1,1,goodi101,grifb102,6,7,L,R,?,?,??,,,1,1,0,0,0,0,0,0,0,0,0,0,0,0,1,0,1,1,0,0,0,0,0,0,0,0,0,0,0,0,0,0,0,0,0,0,0,0,0,0,0,0,0,0,0,0,0,0,0,0,0,1,2,,,,,,,,,,,,,,,,,,,,,,,,0,0,0,0,0,0,0,0,0,0,0,0,muelh101,clifh101,hornr101,mizej101,suhrg101,goodi101,kingl102,todda101,weavj101,6,5,4,3,9,7,8,2,1,mackb102,westj102,hughs101,snowf101,willc106,wrigb104,bellj103,crutj101,1,0,0,0,0,0,0,0,0,0,0,0,0,0,0,0,0,0,0,0,0,0,0,0,0,0,0,0,,,0,0,11,bridu901,darnu901,,,,,19361004,exhibition,deduced
NNS193610042,99,2,0,0,DEN03,MLS,NNS,1,1,kingl102,grifb102,7,8,L,R,?,?,??,,,1,1,0,0,0,0,0,0,0,0,0,0,0,0,1,0,1,1,0,0,0,0,0,0,0,0,0,0,0,0,0,0,0,0,0,0,0,0,0,0,0,0,0,0,0,0,0,0,0,0,0,2,3,,,,,,,,,,,,,,,,,,,,,,,,0,0,0,0,0,0,0,0,0,0,0,0,muelh101,clifh101,hornr101,mizej101,suhrg101,goodi101,kingl102,todda101,weavj101,6,5,4,3,9,7,8,2,1,mackb102,westj102,hughs101,snowf101,willc106,wrigb104,bellj103,crutj101,1,0,0,0,0,0,0,0,0,0,0,0,0,0,0,0,0,0,0,0,0,0,0,0,0,0,0,0,,,0,0,12,bridu901,darnu901,,,,,19361004,exhibition,deduced
NNS193610042,S,2,1,1,DEN03,NNS,MLS,1,1,snowf101,weavj101,6,5,R,R,?,?,??,,,1,1,1,0,0,0,0,0,0,0,0,0,0,0,0,0,0,1,0,0,0,0,0,0,0,0,0,0,0,0,0,0,0,0,0,0,0,0,0,0,0,0,0,0,0,0,0,0,0,0,0,0,0,,,,snowf101,,,,,,,,,weavj101,,,,,,,,,,,0,0,0,0,0,0,0,0,0,0,0,0,bellj103,hughs101,willc106,mackb102,wrigb104,snowf101,crutj101,westj102,grifb102,8,4,6,2,7,5,9,3,1,todda101,mizej101,hornr101,clifh101,muelh101,goodi101,kingl102,suhrg101,0,0,0,0,0,0,0,0,0,0,0,0,0,0,0,0,0,0,0,,0,0,0,0,0,0,0,0,,,0,0,13,bridu901,darnu901,,,,,19361004,exhibition,deduced
NNS193610042,99,2,1,1,DEN03,NNS,MLS,1,1,crutj101,weavj101,7,9,L,R,?,?,??,,,1,1,0,0,0,0,0,0,0,0,0,0,0,0,1,0,1,1,0,0,0,0,0,0,0,0,0,0,0,0,0,0,0,0,0,0,0,0,0,0,0,0,0,0,0,0,0,0,0,0,0,0,1,snowf101,,,snowf101,,,,,,weavj101,,,weavj101,,,,,,,,,,,0,0,0,0,0,0,0,0,0,0,0,0,bellj103,hughs101,willc106,mackb102,wrigb104,snowf101,crutj101,westj102,grifb102,8,4,6,2,7,5,9,3,1,todda101,mizej101,hornr101,clifh101,muelh101,goodi101,kingl102,suhrg101,1,0,0,0,0,0,0,0,0,0,0,0,0,0,0,0,0,0,0,0,0,0,0,0,0,0,0,0,,,0,0,14,bridu901,darnu901,,,,,19361004,exhibition,deduced
NNS193610042,HP.1-2,2,1,1,DEN03,NNS,MLS,1,1,westj102,weavj101,8,3,B,R,?,?,??,,,1,0,0,0,0,0,0,0,1,0,0,0,0,0,0,0,0,0,0,0,0,0,0,0,0,0,0,0,0,0,0,0,0,0,0,0,0,0,0,0,0,0,0,0,0,0,0,0,0,0,0,1,1,snowf101,,,westj102,snowf101,,,,,weavj101,,,weavj101,weavj101,,,,,,,,,,0,0,0,0,0,0,0,0,0,0,0,0,bellj103,hughs101,willc106,mackb102,wrigb104,snowf101,crutj101,westj102,grifb102,8,4,6,2,7,5,9,3,1,todda101,mizej101,hornr101,clifh101,muelh101,goodi101,kingl102,suhrg101,0,0,0,0,0,0,0,0,0,0,0,0,0,0,0,0,0,0,0,,0,0,0,0,0,0,0,0,,,0,0,15,bridu901,darnu901,,,,,19361004,exhibition,deduced
NNS193610042,53/G/DP.1X3(35)#,2,1,1,DEN03,NNS,MLS,1,1,grifb102,weavj101,9,1,R,R,?,?,??,,,1,1,0,0,0,0,0,0,0,0,0,0,0,0,1,0,1,1,0,1,0,0,0,0,1,0,0,0,0,0,0,0,0,0,0,0,0,0,0,0,0,0,0,0,0,0,0,0,0,0,0,1,3,westj102,snowf101,,,,,snowf101,,,weavj101,weavj101,,,,,,,,,,,,,0,0,0,0,0,0,0,0,0,0,0,0,bellj103,hughs101,willc106,mackb102,wrigb104,snowf101,crutj101,westj102,grifb102,8,4,6,2,7,5,9,3,1,todda101,mizej101,hornr101,clifh101,muelh101,goodi101,kingl102,suhrg101,0,0,0,1,0,1,0,0,0,0,0,0,1,0,1,0,0,0,0,535,5,0,0,0,3,0,0,5,,G,1,5,16,bridu901,darnu901,,,,,19361004,exhibition,deduced
NNS193610042,E4#,3,0,0,DEN03,MLS,NNS,1,1,todda101,grifb102,8,2,R,R,?,?,??,,,1,1,0,0,0,0,0,0,0,0,0,0,1,0,0,0,0,1,0,1,0,0,0,0,0,0,0,0,0,0,0,0,0,0,0,0,0,0,0,0,0,0,0,0,0,1,0,0,0,0,0,0,0,,,,todda101,,,,,,,,,grifb102,,,,,,,,,,,0,0,0,0,0,0,0,0,0,0,0,0,muelh101,clifh101,hornr101,mizej101,suhrg101,goodi101,kingl102,todda101,weavj101,6,5,4,3,9,7,8,2,1,mackb102,westj102,hughs101,snowf101,willc106,wrigb104,bellj103,crutj101,0,0,0,0,0,0,0,0,0,0,0,0,0,0,0,0,0,0,0,,0,0,0,0,0,0,0,4,4+,G,0,0,17,bridu901,darnu901,,,,,19361004,exhibition,deduced
NNS193610042,99,3,0,0,DEN03,MLS,NNS,1,1,weavj101,grifb102,9,1,R,R,?,?,??,,,1,1,0,0,0,0,0,0,0,0,0,0,0,0,1,0,1,1,0,0,0,0,0,0,0,0,0,0,0,0,0,0,0,0,0,0,0,0,0,0,0,0,0,0,0,0,0,0,0,0,0,0,1,todda101,,,todda101,,,,,,grifb102,,,grifb102,,,,,,,,,,,0,0,0,0,0,0,0,0,0,0,0,0,muelh101,clifh101,hornr101,mizej101,suhrg101,goodi101,kingl102,todda101,weavj101,6,5,4,3,9,7,8,2,1,mackb102,westj102,hughs101,snowf101,willc106,wrigb104,bellj103,crutj101,1,0,0,0,0,0,0,0,0,0,0,0,0,0,0,0,0,0,0,0,0,0,0,0,0,0,0,0,,,0,0,18,bridu901,darnu901,,,,,19361004,exhibition,deduced
NNS193610042,99,3,0,0,DEN03,MLS,NNS,1,1,muelh101,grifb102,1,6,B,R,?,?,??,,,1,1,0,0,0,0,0,0,0,0,0,0,0,0,1,0,1,1,0,0,0,0,0,0,0,0,0,0,0,0,0,0,0,0,0,0,0,0,0,0,0,0,0,0,0,0,0,0,0,0,0,1,2,todda101,,,todda101,,,,,,grifb102,,,grifb102,,,,,,,,,,,0,0,0,0,0,0,0,0,0,0,0,0,muelh101,clifh101,hornr101,mizej101,suhrg101,goodi101,kingl102,todda101,weavj101,6,5,4,3,9,7,8,2,1,mackb102,westj102,hughs101,snowf101,willc106,wrigb104,bellj103,crutj101,1,0,0,0,0,0,0,0,0,0,0,0,0,0,0,0,0,0,0,0,0,0,0,0,0,0,0,0,,,0,0,19,bridu901,darnu901,,,,,19361004,exhibition,deduced
NNS193610042,99,3,0,0,DEN03,MLS,NNS,1,1,clifh101,grifb102,2,5,R,R,?,?,??,,,1,1,0,0,0,0,0,0,0,0,0,0,0,0,1,0,1,1,0,0,0,0,0,0,0,0,0,0,0,0,0,0,0,0,0,0,0,0,0,0,0,0,0,0,0,0,0,0,0,0,0,2,3,todda101,,,,,,todda101,,,grifb102,,,,,,,,,,,,,,0,0,0,0,0,0,0,0,0,0,0,0,muelh101,clifh101,hornr101,mizej101,suhrg101,goodi101,kingl102,todda101,weavj101,6,5,4,3,9,7,8,2,1,mackb102,westj102,hughs101,snowf101,willc106,wrigb104,bellj103,crutj101,1,0,0,0,0,0,0,0,0,0,0,0,0,0,0,0,0,0,0,0,0,0,0,0,0,0,0,0,,,0,0,20,bridu901,darnu901,,,,,19361004,exhibition,deduced
NNS193610042,S,3,1,1,DEN03,NNS,MLS,1,1,bellj103,weavj101,1,8,B,R,?,?,??,,,1,1,1,0,0,0,0,0,0,0,0,0,0,0,0,0,0,1,0,0,0,0,0,0,0,0,0,0,0,0,0,0,0,0,0,0,0,0,0,0,0,0,0,0,0,0,0,0,0,0,0,0,0,,,,bellj103,,,,,,,,,weavj101,,,,,,,,,,,0,0,0,0,0,0,0,0,0,0,0,0,bellj103,hughs101,willc106,mackb102,wrigb104,snowf101,crutj101,westj102,grifb102,8,4,6,2,7,5,9,3,1,todda101,mizej101,hornr101,clifh101,muelh101,goodi101,kingl102,suhrg101,0,0,0,0,0,0,0,0,0,0,0,0,0,0,0,0,0,0,0,,0,0,0,0,0,0,0,0,,,0,0,21,bridu901,darnu901,,,,,19361004,exhibition,deduced
NNS193610042,99,3,1,1,DEN03,NNS,MLS,1,1,hughs101,weavj101,2,4,R,R,?,?,??,,,1,1,0,0,0,0,0,0,0,0,0,0,0,0,1,0,1,1,0,0,0,0,0,0,0,0,0,0,0,0,0,0,0,0,0,0,0,0,0,0,0,0,0,0,0,0,0,0,0,0,0,0,1,bellj103,,,bellj103,,,,,,weavj101,,,weavj101,,,,,,,,,,,0,0,0,0,0,0,0,0,0,0,0,0,bellj103,hughs101,willc106,mackb102,wrigb104,snowf101,crutj101,westj102,grifb102,8,4,6,2,7,5,9,3,1,todda101,mizej101,hornr101,clifh101,muelh101,goodi101,kingl102,suhrg101,1,0,0,0,0,0,0,0,0,0,0,0,0,0,0,0,0,0,0,0,0,0,0,0,0,0,0,0,,,0,0,22,bridu901,darnu901,,,,,19361004,exhibition,deduced
NNS193610042,99,3,1,1,DEN03,NNS,MLS,1,1,willc106,weavj101,3,6,R,R,?,?,??,,,1,1,0,0,0,0,0,0,0,0,0,0,0,0,1,0,1,1,0,0,0,0,0,0,0,0,0,0,0,0,0,0,0,0,0,0,0,0,0,0,0,0,0,0,0,0,0,0,0,0,0,1,2,bellj103,,,bellj103,,,,,,weavj101,,,weavj101,,,,,,,,,,,0,0,0,0,0,0,0,0,0,0,0,0,bellj103,hughs101,willc106,mackb102,wrigb104,snowf101,crutj101,westj102,grifb102,8,4,6,2,7,5,9,3,1,todda101,mizej101,hornr101,clifh101,muelh101,goodi101,kingl102,suhrg101,1,0,0,0,0,0,0,0,0,0,0,0,0,0,0,0,0,0,0,0,0,0,0,0,0,0,0,0,,,0,0,23,bridu901,darnu901,,,,,19361004,exhibition,deduced
NNS193610042,WP.1-2#,3,1,1,DEN03,NNS,MLS,1,1,mackb102,weavj101,4,2,B,R,?,?,??,,,0,0,0,0,0,0,0,0,0,0,0,0,0,0,0,0,0,0,0,0,0,0,0,0,0,0,0,1,0,0,0,0,0,0,0,0,0,0,0,0,0,0,0,0,0,0,0,0,0,0,0,2,2,bellj103,,,,bellj103,,,,,weavj101,,,,weavj101,,,,,,,,,,0,0,0,0,0,0,0,0,0,0,0,0,bellj103,hughs101,willc106,mackb102,wrigb104,snowf101,crutj101,westj102,grifb102,8,4,6,2,7,5,9,3,1,todda101,mizej101,hornr101,clifh101,muelh101,goodi101,kingl102,suhrg101,0,0,0,0,0,0,0,0,0,0,0,0,0,0,0,0,0,0,0,,0,0,0,0,0,0,0,0,,,0,0,24,bridu901,darnu901,,,,,19361004,exhibition,deduced
NNS193610042,W,3,1,1,DEN03,NNS,MLS,1,1,mackb102,weavj101,4,2,B,R,?,?,??,,,1,0,0,0,0,0,0,0,0,1,0,0,0,0,0,0,0,0,0,0,0,0,0,0,0,0,0,0,0,0,0,0,0,0,0,0,0,0,0,0,0,0,0,0,0,0,0,0,0,0,0,2,2,,bellj103,,mackb102,bellj103,,,,,,weavj101,,weavj101,weavj101,,,,,,,,,,0,0,0,0,0,0,0,0,0,0,0,0,bellj103,hughs101,willc106,mackb102,wrigb104,snowf101,crutj101,westj102,grifb102,8,4,6,2,7,5,9,3,1,todda101,mizej101,hornr101,clifh101,muelh101,goodi101,kingl102,suhrg101,0,0,0,0,0,0,0,0,0,0,0,0,0,0,0,0,0,0,0,,0,0,0,0,0,0,0,0,,,0,0,25,bridu901,darnu901,,,,,19361004,exhibition,deduced
NNS193610042,99,3,1,1,DEN03,NNS,MLS,1,1,wrigb104,weavj101,5,7,B,R,?,?,??,,,1,1,0,0,0,0,0,0,0,0,0,0,0,0,1,0,1,1,0,0,0,0,0,0,0,0,0,0,0,0,0,0,0,0,0,0,0,0,0,0,0,0,0,0,0,0,0,0,0,0,0,2,3,mackb102,bellj103,,,,,bellj103,mackb102,,weavj101,weavj101,,,,,,,,,,,,,0,0,0,0,0,0,0,0,0,0,0,0,bellj103,hughs101,willc106,mackb102,wrigb104,snowf101,crutj101,westj102,grifb102,8,4,6,2,7,5,9,3,1,todda101,mizej101,hornr101,clifh101,muelh101,goodi101,kingl102,suhrg101,1,0,0,0,0,0,0,0,0,0,0,0,0,0,0,0,0,0,0,0,0,0,0,0,0,0,0,0,,,0,0,26,bridu901,darnu901,,,,,19361004,exhibition,deduced
NNS193610042,S,4,0,0,DEN03,MLS,NNS,1,1,hornr101,grifb102,3,4,R,R,?,?,??,,,1,1,1,0,0,0,0,0,0,0,0,0,0,0,0,0,0,1,0,0,0,0,0,0,0,0,0,0,0,0,0,0,0,0,0,0,0,0,0,0,0,0,0,0,0,0,0,0,0,0,0,0,0,,,,hornr101,,,,,,,,,grifb102,,,,,,,,,,,0,0,0,0,0,0,0,0,0,0,0,0,muelh101,clifh101,hornr101,mizej101,suhrg101,goodi101,kingl102,todda101,weavj101,6,5,4,3,9,7,8,2,1,mackb102,westj102,hughs101,snowf101,willc106,wrigb104,bellj103,crutj101,0,0,0,0,0,0,0,0,0,0,0,0,0,0,0,0,0,0,0,,0,0,0,0,0,0,0,0,,,0,0,27,bridu901,darnu901,,,,,19361004,exhibition,deduced
NNS193610042,S.1-2,4,0,0,DEN03,MLS,NNS,1,1,mizej101,grifb102,4,3,L,R,?,?,??,,,1,1,1,0,0,0,0,0,0,0,0,0,0,0,0,0,0,1,0,0,0,0,0,0,0,0,0,0,0,0,0,0,0,0,0,0,0,0,0,0,0,0,0,0,0,0,0,0,0,0,0,0,0,hornr101,,,mizej101,hornr101,,,,,grifb102,,,grifb102,grifb102,,,,,,,,,,0,0,0,0,0,0,0,0,0,0,0,0,muelh101,clifh101,hornr101,mizej101,suhrg101,goodi101,kingl102,todda101,weavj101,6,5,4,3,9,7,8,2,1,mackb102,westj102,hughs101,snowf101,willc106,wrigb104,bellj103,crutj101,0,0,0,0,0,0,0,0,0,0,0,0,0,0,0,0,0,0,0,,0,0,0,0,0,0,0,0,,,0,0,28,bridu901,darnu901,,,,,19361004,exhibition,deduced
NNS193610042,S.2-H;1-H(E7)(NR);B-3#,4,0,0,DEN03,MLS,NNS,1,1,suhrg101,grifb102,5,9,L,R,?,?,??,,,1,1,1,0,0,0,0,0,0,0,0,0,0,0,0,0,0,1,0,0,0,0,0,0,0,0,0,0,0,0,0,0,0,0,0,0,0,0,0,0,0,0,0,0,0,0,0,0,1,0,0,0,0,mizej101,hornr101,,,,suhrg101,,,,grifb102,grifb102,,,,grifb102,,mizej101,hornr101,,,grifb102,grifb102,,0,0,0,0,0,0,1,0,2,1,2,0,muelh101,clifh101,hornr101,mizej101,suhrg101,goodi101,kingl102,todda101,weavj101,6,5,4,3,9,7,8,2,1,mackb102,westj102,hughs101,snowf101,willc106,wrigb104,bellj103,crutj101,0,0,0,0,0,0,0,0,0,0,0,0,0,0,0,0,0,0,0,,0,0,0,0,0,0,0,0,,,0,0,29,bridu901,darnu901,,,,,19361004,exhibition,deduced
NNS193610042,99.3-H(UR)#,4,0,0,DEN03,MLS,NNS,3,1,goodi101,grifb102,6,7,L,R,?,?,??,,,1,1,0,0,0,0,0,0,0,0,0,0,0,0,1,0,1,1,0,0,0,0,0,0,0,0,0,0,0,0,0,0,0,0,0,0,0,0,0,0,0,0,0,0,0,0,0,0,0,0,0,0,1,,,suhrg101,,,,,,,,,grifb102,,,,,,,suhrg101,,,,grifb102,0,0,0,1,0,0,0,1,1,1,0,0,muelh101,clifh101,hornr101,mizej101,suhrg101,goodi101,kingl102,todda101,weavj101,6,5,4,3,9,7,8,2,1,mackb102,westj102,hughs101,snowf101,willc106,wrigb104,bellj103,crutj101,1,0,0,0,0,0,0,0,0,0,0,0,0,0,0,0,0,0,0,0,0,0,0,0,0,0,0,0,,,0,0,30,bridu901,darnu901,,,,,19361004,exhibition,deduced
NNS193610042,99,4,0,0,DEN03,MLS,NNS,4,1,kingl102,grifb102,7,8,L,R,?,?,??,,,1,1,0,0,0,0,0,0,0,0,0,0,0,0,1,0,1,1,0,0,0,0,0,0,0,0,0,0,0,0,0,0,0,0,0,0,0,0,0,0,0,0,0,0,0,0,0,0,0,0,0,1,2,,,,,,,,,,,,,,,,,,,,,,,,0,0,0,0,0,0,0,0,0,0,0,0,muelh101,clifh101,hornr101,mizej101,suhrg101,goodi101,kingl102,todda101,weavj101,6,5,4,3,9,7,8,2,1,mackb102,westj102,hughs101,snowf101,willc106,wrigb104,bellj103,crutj101,1,0,0,0,0,0,0,0,0,0,0,0,0,0,0,0,0,0,0,0,0,0,0,0,0,0,0,0,,,0,0,31,bridu901,darnu901,,,,,19361004,exhibition,deduced
NNS193610042,99,4,0,0,DEN03,MLS,NNS,4,1,todda101,grifb102,8,2,R,R,?,?,??,,,1,1,0,0,0,0,0,0,0,0,0,0,0,0,1,0,1,1,0,0,0,0,0,0,0,0,0,0,0,0,0,0,0,0,0,0,0,0,0,0,0,0,0,0,0,0,0,0,0,0,0,2,3,,,,,,,,,,,,,,,,,,,,,,,,0,0,0,0,0,0,0,0,0,0,0,0,muelh101,clifh101,hornr101,mizej101,suhrg101,goodi101,kingl102,todda101,weavj101,6,5,4,3,9,7,8,2,1,mackb102,westj102,hughs101,snowf101,willc106,wrigb104,bellj103,crutj101,1,0,0,0,0,0,0,0,0,0,0,0,0,0,0,0,0,0,0,0,0,0,0,0,0,0,0,0,,,0,0,32,bridu901,darnu901,,,,,19361004,exhibition,deduced
NNS193610042,99,4,1,1,DEN03,NNS,MLS,4,1,snowf101,weavj101,6,5,R,R,?,?,??,,,1,1,0,0,0,0,0,0,0,0,0,0,0,0,1,0,1,1,0,0,0,0,0,0,0,0,0,0,0,0,0,0,0,0,0,0,0,0,0,0,0,0,0,0,0,0,0,0,0,0,0,0,1,,,,,,,,,,,,,,,,,,,,,,,,0,0,0,0,0,0,0,0,0,0,0,0,bellj103,hughs101,willc106,mackb102,wrigb104,snowf101,crutj101,westj102,grifb102,8,4,6,2,7,5,9,3,1,todda101,mizej101,hornr101,clifh101,muelh101,goodi101,kingl102,suhrg101,1,0,0,0,0,0,0,0,0,0,0,0,0,0,0,0,0,0,0,0,0,0,0,0,0,0,0,0,,,0,0,33,bridu901,darnu901,,,,,19361004,exhibition,deduced
NNS193610042,T,4,1,1,DEN03,NNS,MLS,4,1,crutj101,weavj101,7,9,L,R,?,?,??,,,1,1,0,0,1,0,0,0,0,0,0,0,0,0,0,0,0,1,0,0,0,0,0,0,0,0,0,0,0,0,0,0,0,0,0,0,0,0,0,0,0,0,0,0,0,0,0,0,0,0,0,1,1,,,,,,crutj101,,,,,,,,,weavj101,,,,,,,,,0,0,0,0,0,0,0,0,0,0,0,0,bellj103,hughs101,willc106,mackb102,wrigb104,snowf101,crutj101,westj102,grifb102,8,4,6,2,7,5,9,3,1,todda101,mizej101,hornr101,clifh101,muelh101,goodi101,kingl102,suhrg101,0,0,0,0,0,0,0,0,0,0,0,0,0,0,0,0,0,0,0,,0,0,0,0,0,0,0,0,,,0,0,34,bridu901,darnu901,,,,,19361004,exhibition,deduced
NNS193610042,99,4,1,1,DEN03,NNS,MLS,4,1,westj102,weavj101,8,3,B,R,?,?,??,,,1,1,0,0,0,0,0,0,0,0,0,0,0,0,1,0,1,1,0,0,0,0,0,0,0,0,0,0,0,0,0,0,0,0,0,0,0,0,0,0,0,0,0,0,0,0,0,0,0,0,0,1,2,,,crutj101,,,crutj101,,,,,,weavj101,,,weavj101,,,,,,,,,0,0,0,0,0,0,0,0,0,0,0,0,bellj103,hughs101,willc106,mackb102,wrigb104,snowf101,crutj101,westj102,grifb102,8,4,6,2,7,5,9,3,1,todda101,mizej101,hornr101,clifh101,muelh101,goodi101,kingl102,suhrg101,1,0,0,0,0,0,0,0,0,0,0,0,0,0,0,0,0,0,0,0,0,0,0,0,0,0,0,0,,,0,0,35,bridu901,darnu901,,,,,19361004,exhibition,deduced
NNS193610042,99,4,1,1,DEN03,NNS,MLS,4,1,grifb102,weavj101,9,1,R,R,?,?,??,,,1,1,0,0,0,0,0,0,0,0,0,0,0,0,1,0,1,1,0,0,0,0,0,0,0,0,0,0,0,0,0,0,0,0,0,0,0,0,0,0,0,0,0,0,0,0,0,0,0,0,0,2,3,,,crutj101,,,,crutj101,,,,,weavj101,,,,,,,,,,,,0,0,0,0,0,0,0,0,0,0,0,0,bellj103,hughs101,willc106,mackb102,wrigb104,snowf101,crutj101,westj102,grifb102,8,4,6,2,7,5,9,3,1,todda101,mizej101,hornr101,clifh101,muelh101,goodi101,kingl102,suhrg101,1,0,0,0,0,0,0,0,0,0,0,0,0,0,0,0,0,0,0,0,0,0,0,0,0,0,0,0,,,0,0,36,bridu901,darnu901,,,,,19361004,exhibition,deduced
NNS193610042,99,5,0,0,DEN03,MLS,NNS,4,1,weavj101,grifb102,9,1,R,R,?,?,??,,,1,1,0,0,0,0,0,0,0,0,0,0,0,0,1,0,1,1,0,0,0,0,0,0,0,0,0,0,0,0,0,0,0,0,0,0,0,0,0,0,0,0,0,0,0,0,0,0,0,0,0,0,1,,,,,,,,,,,,,,,,,,,,,,,,0,0,0,0,0,0,0,0,0,0,0,0,muelh101,clifh101,hornr101,mizej101,suhrg101,goodi101,kingl102,todda101,weavj101,6,5,4,3,9,7,8,2,1,mackb102,westj102,hughs101,snowf101,willc106,wrigb104,bellj103,crutj101,1,0,0,0,0,0,0,0,0,0,0,0,0,0,0,0,0,0,0,0,0,0,0,0,0,0,0,0,,,0,0,37,bridu901,darnu901,,,,,19361004,exhibition,deduced
NNS193610042,S,5,0,0,DEN03,MLS,NNS,4,1,muelh101,grifb102,1,6,B,R,?,?,??,,,1,1,1,0,0,0,0,0,0,0,0,0,0,0,0,0,0,1,0,0,0,0,0,0,0,0,0,0,0,0,0,0,0,0,0,0,0,0,0,0,0,0,0,0,0,0,0,0,0,0,0,1,1,,,,muelh101,,,,,,,,,grifb102,,,,,,,,,,,0,0,0,0,0,0,0,0,0,0,0,0,muelh101,clifh101,hornr101,mizej101,suhrg101,goodi101,kingl102,todda101,weavj101,6,5,4,3,9,7,8,2,1,mackb102,westj102,hughs101,snowf101,willc106,wrigb104,bellj103,crutj101,0,0,0,0,0,0,0,0,0,0,0,0,0,0,0,0,0,0,0,,0,0,0,0,0,0,0,0,,,0,0,38,bridu901,darnu901,,,,,19361004,exhibition,deduced
NNS193610042,99,5,0,0,DEN03,MLS,NNS,4,1,clifh101,grifb102,2,5,R,R,?,?,??,,,1,1,0,0,0,0,0,0,0,0,0,0,0,0,1,0,1,1,0,0,0,0,0,0,0,0,0,0,0,0,0,0,0,0,0,0,0,0,0,0,0,0,0,0,0,0,0,0,0,0,0,1,2,muelh101,,,muelh101,,,,,,grifb102,,,grifb102,,,,,,,,,,,0,0,0,0,0,0,0,0,0,0,0,0,muelh101,clifh101,hornr101,mizej101,suhrg101,goodi101,kingl102,todda101,weavj101,6,5,4,3,9,7,8,2,1,mackb102,westj102,hughs101,snowf101,willc106,wrigb104,bellj103,crutj101,1,0,0,0,0,0,0,0,0,0,0,0,0,0,0,0,0,0,0,0,0,0,0,0,0,0,0,0,,,0,0,39,bridu901,darnu901,,,,,19361004,exhibition,deduced
NNS193610042,99,5,0,0,DEN03,MLS,NNS,4,1,hornr101,grifb102,3,4,R,R,?,?,??,,,1,1,0,0,0,0,0,0,0,0,0,0,0,0,1,0,1,1,0,0,0,0,0,0,0,0,0,0,0,0,0,0,0,0,0,0,0,0,0,0,0,0,0,0,0,0,0,0,0,0,0,2,3,muelh101,,,,,,muelh101,,,grifb102,,,,,,,,,,,,,,0,0,0,0,0,0,0,0,0,0,0,0,muelh101,clifh101,hornr101,mizej101,suhrg101,goodi101,kingl102,todda101,weavj101,6,5,4,3,9,7,8,2,1,mackb102,westj102,hughs101,snowf101,willc106,wrigb104,bellj103,crutj101,1,0,0,0,0,0,0,0,0,0,0,0,0,0,0,0,0,0,0,0,0,0,0,0,0,0,0,0,,,0,0,40,bridu901,darnu901,,,,,19361004,exhibition,deduced
NNS193610042,99,5,1,1,DEN03,NNS,MLS,4,1,bellj103,weavj101,1,8,B,R,?,?,??,,,1,1,0,0,0,0,0,0,0,0,0,0,0,0,1,0,1,1,0,0,0,0,0,0,0,0,0,0,0,0,0,0,0,0,0,0,0,0,0,0,0,0,0,0,0,0,0,0,0,0,0,0,1,,,,,,,,,,,,,,,,,,,,,,,,0,0,0,0,0,0,0,0,0,0,0,0,bellj103,hughs101,willc106,mackb102,wrigb104,snowf101,crutj101,westj102,grifb102,8,4,6,2,7,5,9,3,1,todda101,mizej101,hornr101,clifh101,muelh101,goodi101,kingl102,suhrg101,1,0,0,0,0,0,0,0,0,0,0,0,0,0,0,0,0,0,0,0,0,0,0,0,0,0,0,0,,,0,0,41,bridu901,darnu901,,,,,19361004,exhibition,deduced
NNS193610042,S,5,1,1,DEN03,NNS,MLS,4,1,hughs101,weavj101,2,4,R,R,?,?,??,,,1,1,1,0,0,0,0,0,0,0,0,0,0,0,0,0,0,1,0,0,0,0,0,0,0,0,0,0,0,0,0,0,0,0,0,0,0,0,0,0,0,0,0,0,0,0,0,0,0,0,0,1,1,,,,hughs101,,,,,,,,,weavj101,,,,,,,,,,,0,0,0,0,0,0,0,0,0,0,0,0,bellj103,hughs101,willc106,mackb102,wrigb104,snowf101,crutj101,westj102,grifb102,8,4,6,2,7,5,9,3,1,todda101,mizej101,hornr101,clifh101,muelh101,goodi101,kingl102,suhrg101,0,0,0,0,0,0,0,0,0,0,0,0,0,0,0,0,0,0,0,,0,0,0,0,0,0,0,0,,,0,0,42,bridu901,darnu901,,,,,19361004,exhibition,deduced
NNS193610042,WP.1-2#,5,1,1,DEN03,NNS,MLS,4,1,willc106,weavj101,3,6,R,R,?,?,??,,,0,0,0,0,0,0,0,0,0,0,0,0,0,0,0,0,0,0,0,0,0,0,0,0,0,0,0,1,0,0,0,0,0,0,0,0,0,0,0,0,0,0,0,0,0,0,0,0,0,0,0,1,1,hughs101,,,,hughs101,,,,,weavj101,,,,weavj101,,,,,,,,,,0,0,0,0,0,0,0,0,0,0,0,0,bellj103,hughs101,willc106,mackb102,wrigb104,snowf101,crutj101,westj102,grifb102,8,4,6,2,7,5,9,3,1,todda101,mizej101,hornr101,clifh101,muelh101,goodi101,kingl102,suhrg101,0,0,0,0,0,0,0,0,0,0,0,0,0,0,0,0,0,0,0,,0,0,0,0,0,0,0,0,,,0,0,43,bridu901,darnu901,,,,,19361004,exhibition,deduced
NNS193610042,99,5,1,1,DEN03,NNS,MLS,4,1,willc106,weavj101,3,6,R,R,?,?,??,,,1,1,0,0,0,0,0,0,0,0,0,0,0,0,1,0,1,1,0,0,0,0,0,0,0,0,0,0,0,0,0,0,0,0,0,0,0,0,0,0,0,0,0,0,0,0,0,0,0,0,0,1,2,,hughs101,,,hughs101,,,,,,weavj101,,,weavj101,,,,,,,,,,0,0,0,0,0,0,0,0,0,0,0,0,bellj103,hughs101,willc106,mackb102,wrigb104,snowf101,crutj101,westj102,grifb102,8,4,6,2,7,5,9,3,1,todda101,mizej101,hornr101,clifh101,muelh101,goodi101,kingl102,suhrg101,1,0,0,0,0,0,0,0,0,0,0,0,0,0,0,0,0,0,0,0,0,0,0,0,0,0,0,0,,,0,0,44,bridu901,darnu901,,,,,19361004,exhibition,deduced
NNS193610042,99,5,1,1,DEN03,NNS,MLS,4,1,mackb102,weavj101,4,2,B,R,?,?,??,,,1,1,0,0,0,0,0,0,0,0,0,0,0,0,1,0,1,1,0,0,0,0,0,0,0,0,0,0,0,0,0,0,0,0,0,0,0,0,0,0,0,0,0,0,0,0,0,0,0,0,0,2,3,,hughs101,,,,,hughs101,,,,weavj101,,,,,,,,,,,,,0,0,0,0,0,0,0,0,0,0,0,0,bellj103,hughs101,willc106,mackb102,wrigb104,snowf101,crutj101,westj102,grifb102,8,4,6,2,7,5,9,3,1,todda101,mizej101,hornr101,clifh101,muelh101,goodi101,kingl102,suhrg101,1,0,0,0,0,0,0,0,0,0,0,0,0,0,0,0,0,0,0,0,0,0,0,0,0,0,0,0,,,0,0,45,bridu901,darnu901,,,,,19361004,exhibition,deduced
NNS193610042,S,6,0,0,DEN03,MLS,NNS,4,1,mizej101,grifb102,4,3,L,R,?,?,??,,,1,1,1,0,0,0,0,0,0,0,0,0,0,0,0,0,0,1,0,0,0,0,0,0,0,0,0,0,0,0,0,0,0,0,0,0,0,0,0,0,0,0,0,0,0,0,0,0,0,0,0,0,0,,,,mizej101,,,,,,,,,grifb102,,,,,,,,,,,0,0,0,0,0,0,0,0,0,0,0,0,muelh101,clifh101,hornr101,mizej101,suhrg101,goodi101,kingl102,todda101,weavj101,6,5,4,3,9,7,8,2,1,mackb102,westj102,hughs101,snowf101,willc106,wrigb104,bellj103,crutj101,0,0,0,0,0,0,0,0,0,0,0,0,0,0,0,0,0,0,0,,0,0,0,0,0,0,0,0,,,0,0,46,bridu901,darnu901,,,,,19361004,exhibition,deduced
NNS193610042,99/SH.1-2,6,0,0,DEN03,MLS,NNS,4,1,suhrg101,grifb102,5,9,L,R,?,?,??,,,1,0,0,0,0,0,1,0,0,0,0,0,0,0,0,0,0,1,1,0,0,0,0,0,0,0,0,0,0,0,0,0,0,0,0,0,0,0,0,0,0,0,0,0,0,0,0,0,0,0,0,0,1,mizej101,,,,mizej101,,,,,grifb102,,,,grifb102,,,,,,,,,,0,0,0,0,0,0,0,0,0,0,0,0,muelh101,clifh101,hornr101,mizej101,suhrg101,goodi101,kingl102,todda101,weavj101,6,5,4,3,9,7,8,2,1,mackb102,westj102,hughs101,snowf101,willc106,wrigb104,bellj103,crutj101,1,0,0,0,0,0,0,0,0,0,0,0,0,0,0,0,0,0,0,0,0,0,0,0,0,0,0,0,,BG,0,0,47,bridu901,darnu901,,,,,19361004,exhibition,deduced
NNS193610042,99,6,0,0,DEN03,MLS,NNS,4,1,goodi101,grifb102,6,7,L,R,?,?,??,,,1,1,0,0,0,0,0,0,0,0,0,0,0,0,1,0,1,1,0,0,0,0,0,0,0,0,0,0,0,0,0,0,0,0,0,0,0,0,0,0,0,0,0,0,0,0,0,0,0,0,0,1,2,,mizej101,,,mizej101,,,,,,grifb102,,,grifb102,,,,,,,,,,0,0,0,0,0,0,0,0,0,0,0,0,muelh101,clifh101,hornr101,mizej101,suhrg101,goodi101,kingl102,todda101,weavj101,6,5,4,3,9,7,8,2,1,mackb102,westj102,hughs101,snowf101,willc106,wrigb104,bellj103,crutj101,1,0,0,0,0,0,0,0,0,0,0,0,0,0,0,0,0,0,0,0,0,0,0,0,0,0,0,0,,,0,0,48,bridu901,darnu901,,,,,19361004,exhibition,deduced
NNS193610042,99,6,0,0,DEN03,MLS,NNS,4,1,kingl102,grifb102,7,8,L,R,?,?,??,,,1,1,0,0,0,0,0,0,0,0,0,0,0,0,1,0,1,1,0,0,0,0,0,0,0,0,0,0,0,0,0,0,0,0,0,0,0,0,0,0,0,0,0,0,0,0,0,0,0,0,0,2,3,,mizej101,,,,,mizej101,,,,grifb102,,,,,,,,,,,,,0,0,0,0,0,0,0,0,0,0,0,0,muelh101,clifh101,hornr101,mizej101,suhrg101,goodi101,kingl102,todda101,weavj101,6,5,4,3,9,7,8,2,1,mackb102,westj102,hughs101,snowf101,willc106,wrigb104,bellj103,crutj101,1,0,0,0,0,0,0,0,0,0,0,0,0,0,0,0,0,0,0,0,0,0,0,0,0,0,0,0,,,0,0,49,bridu901,darnu901,,,,,19361004,exhibition,deduced
NNS193610042,S,6,1,1,DEN03,NNS,MLS,4,1,wrigb104,weavj101,5,7,B,R,?,?,??,,,1,1,1,0,0,0,0,0,0,0,0,0,0,0,0,0,0,1,0,0,0,0,0,0,0,0,0,0,0,0,0,0,0,0,0,0,0,0,0,0,0,0,0,0,0,0,0,0,0,0,0,0,0,,,,wrigb104,,,,,,,,,weavj101,,,,,,,,,,,0,0,0,0,0,0,0,0,0,0,0,0,bellj103,hughs101,willc106,mackb102,wrigb104,snowf101,crutj101,westj102,grifb102,8,4,6,2,7,5,9,3,1,todda101,mizej101,hornr101,clifh101,muelh101,goodi101,kingl102,suhrg101,0,0,0,0,0,0,0,0,0,0,0,0,0,0,0,0,0,0,0,,0,0,0,0,0,0,0,0,,,0,0,50,bridu901,darnu901,,,,,19361004,exhibition,deduced
NNS193610042,S.1-2,6,1,1,DEN03,NNS,MLS,4,1,snowf101,weavj101,6,5,R,R,?,?,??,,,1,1,1,0,0,0,0,0,0,0,0,0,0,0,0,0,0,1,0,0,0,0,0,0,0,0,0,0,0,0,0,0,0,0,0,0,0,0,0,0,0,0,0,0,0,0,0,0,0,0,0,0,0,wrigb104,,,snowf101,wrigb104,,,,,weavj101,,,weavj101,weavj101,,,,,,,,,,0,0,0,0,0,0,0,0,0,0,0,0,bellj103,hughs101,willc106,mackb102,wrigb104,snowf101,crutj101,westj102,grifb102,8,4,6,2,7,5,9,3,1,todda101,mizej101,hornr101,clifh101,muelh101,goodi101,kingl102,suhrg101,0,0,0,0,0,0,0,0,0,0,0,0,0,0,0,0,0,0,0,,0,0,0,0,0,0,0,0,,,0,0,51,bridu901,darnu901,,,,,19361004,exhibition,deduced
NNS193610042,E2/TH/SH.2-H(NR);1-3;B-2,6,1,1,DEN03,NNS,MLS,4,1,crutj101,weavj101,7,9,L,R,?,?,??,,,1,0,0,0,0,0,1,0,0,0,0,0,0,0,0,0,0,1,1,0,0,0,0,0,0,0,0,0,0,0,0,0,0,0,0,0,0,0,0,0,0,0,0,1,0,0,0,0,0,0,0,0,0,snowf101,wrigb104,,,crutj101,snowf101,,,,weavj101,weavj101,,,weavj101,weavj101,,,wrigb104,,,,weavj101,,0,0,0,0,0,0,0,0,1,0,1,0,bellj103,hughs101,willc106,mackb102,wrigb104,snowf101,crutj101,westj102,grifb102,8,4,6,2,7,5,9,3,1,todda101,mizej101,hornr101,clifh101,muelh101,goodi101,kingl102,suhrg101,0,0,0,0,0,0,0,0,0,0,0,0,0,0,0,0,0,0,0,,0,0,0,0,0,0,0,2,,BG,0,0,52,bridu901,darnu901,,,,,19361004,exhibition,deduced
NNS193610042,W,6,1,1,DEN03,NNS,MLS,4,2,westj102,weavj101,8,3,B,R,?,?,??,,,1,0,0,0,0,0,0,0,0,1,0,0,0,0,0,0,0,0,0,0,0,0,0,0,0,0,0,0,0,0,0,0,0,0,0,0,0,0,0,0,0,0,0,0,0,0,0,0,0,0,0,0,0,,crutj101,snowf101,westj102,crutj101,snowf101,,,,,weavj101,weavj101,weavj101,weavj101,weavj101,,,,,,,,,0,0,0,0,0,0,0,0,0,0,0,0,bellj103,hughs101,willc106,mackb102,wrigb104,snowf101,crutj101,westj102,grifb102,8,4,6,2,7,5,9,3,1,todda101,mizej101,hornr101,clifh101,muelh101,goodi101,kingl102,suhrg101,0,0,0,0,0,0,0,0,0,0,0,0,0,0,0,0,0,0,0,,0,0,0,0,0,0,0,0,,,0,0,53,bridu901,darnu901,,,,,19361004,exhibition,deduced
NNS193610042,99/F.3-H,6,1,1,DEN03,NNS,MLS,4,2,charo101,weavj101,9,11,L,R,?,?,??,,,1,1,0,0,0,0,0,0,0,0,0,0,0,0,1,0,1,1,0,0,1,0,0,0,0,0,0,0,0,0,0,0,0,0,0,0,0,0,0,0,0,0,0,0,0,0,0,0,0,0,0,0,1,westj102,crutj101,snowf101,westj102,crutj101,,,,,weavj101,weavj101,weavj101,weavj101,weavj101,,,,,snowf101,,,,weavj101,0,0,0,0,0,0,0,1,1,1,1,0,bellj103,hughs101,willc106,mackb102,wrigb104,snowf101,crutj101,westj102,charo101,8,4,6,2,7,5,9,3,11,todda101,mizej101,hornr101,clifh101,muelh101,goodi101,kingl102,suhrg101,1,0,0,0,0,0,0,0,0,0,0,0,0,0,0,0,0,0,0,0,0,0,0,0,0,0,0,0,,F,0,0,54,bridu901,darnu901,,,,,19361004,exhibition,deduced
NNS193610042,S.2-H(UR);1-2,6,1,1,DEN03,NNS,MLS,4,3,bellj103,weavj101,1,8,B,R,?,?,??,,,1,1,1,0,0,0,0,0,0,0,0,0,0,0,0,0,0,1,0,0,0,0,0,0,0,0,0,0,0,0,0,0,0,0,0,0,0,0,0,0,0,0,0,0,0,0,0,0,0,0,0,1,1,westj102,crutj101,,bellj103,westj102,,,,,weavj101,weavj101,,weavj101,weavj101,,,,crutj101,,,,weavj101,,0,0,1,0,0,0,1,0,1,1,0,0,bellj103,hughs101,willc106,mackb102,wrigb104,snowf101,crutj101,westj102,charo101,8,4,6,2,7,5,9,3,11,todda101,mizej101,hornr101,clifh101,muelh101,goodi101,kingl102,suhrg101,0,0,0,0,0,0,0,0,0,0,0,0,0,0,0,0,0,0,0,,0,0,0,0,0,0,0,0,,,0,0,55,bridu901,darnu901,,,,,19361004,exhibition,deduced
NNS193610042,D9.2-H;1-H,6,1,1,DEN03,NNS,MLS,4,4,hughs101,weavj101,2,4,R,R,?,?,??,,,1,1,0,1,0,0,0,0,0,0,0,0,0,0,0,0,0,1,0,0,0,0,0,0,0,0,0,0,0,0,0,0,0,0,0,0,0,0,0,0,0,0,0,0,0,0,0,0,0,0,0,1,1,bellj103,westj102,,,hughs101,,,,,weavj101,weavj101,,,weavj101,,,bellj103,westj102,,,weavj101,weavj101,,0,0,0,0,0,1,1,0,2,2,2,0,bellj103,hughs101,willc106,mackb102,wrigb104,snowf101,crutj101,westj102,charo101,8,4,6,2,7,5,9,3,11,todda101,mizej101,hornr101,clifh101,muelh101,goodi101,kingl102,suhrg101,0,0,0,0,0,0,0,0,0,0,0,0,0,0,0,0,0,0,0,,0,0,0,0,0,0,0,9,9+,,0,0,56,bridu901,darnu901,,,,,19361004,exhibition,deduced
NNS193610042,99,6,1,1,DEN03,NNS,MLS,4,6,willc106,weavj101,3,6,R,R,?,?,??,,,1,1,0,0,0,0,0,0,0,0,0,0,0,0,1,0,1,1,0,0,0,0,0,0,0,0,0,0,0,0,0,0,0,0,0,0,0,0,0,0,0,0,0,0,0,0,0,0,0,0,0,1,2,,hughs101,,,hughs101,,,,,,weavj101,,,weavj101,,,,,,,,,,0,0,0,0,0,0,0,0,0,0,0,0,bellj103,hughs101,willc106,mackb102,wrigb104,snowf101,crutj101,westj102,charo101,8,4,6,2,7,5,9,3,11,todda101,mizej101,hornr101,clifh101,muelh101,goodi101,kingl102,suhrg101,1,0,0,0,0,0,0,0,0,0,0,0,0,0,0,0,0,0,0,0,0,0,0,0,0,0,0,0,,,0,0,57,bridu901,darnu901,,,,,19361004,exhibition,deduced
NNS193610042,99,6,1,1,DEN03,NNS,MLS,4,6,mackb102,weavj101,4,2,B,R,?,?,??,,,1,1,0,0,0,0,0,0,0,0,0,0,0,0,1,0,1,1,0,0,0,0,0,0,0,0,0,0,0,0,0,0,0,0,0,0,0,0,0,0,0,0,0,0,0,0,0,0,0,0,0,2,3,,hughs101,,,,,hughs101,,,,weavj101,,,,,,,,,,,,,0,0,0,0,0,0,0,0,0,0,0,0,bellj103,hughs101,willc106,mackb102,wrigb104,snowf101,crutj101,westj102,charo101,8,4,6,2,7,5,9,3,11,todda101,mizej101,hornr101,clifh101,muelh101,goodi101,kingl102,suhrg101,1,0,0,0,0,0,0,0,0,0,0,0,0,0,0,0,0,0,0,0,0,0,0,0,0,0,0,0,,,0,0,58,bridu901,darnu901,,,,,19361004,exhibition,deduced
NNS193610042,D,7,0,0,DEN03,MLS,NNS,4,6,todda101,matll101,8,2,R,L,?,?,??,,,1,1,0,1,0,0,0,0,0,0,0,0,0,0,0,0,0,1,0,0,0,0,0,0,0,0,0,0,0,0,0,0,0,0,0,0,0,0,0,0,0,0,0,0,0,0,0,0,0,0,0,0,0,,,,,todda101,,,,,,,,,matll101,,,,,,,,,,0,0,0,0,0,0,0,0,0,0,0,0,muelh101,clifh101,hornr101,mizej101,suhrg101,goodi101,kingl102,todda101,weavj101,6,5,4,3,9,7,8,2,1,mackb102,westj102,hughs101,snowf101,willc106,wrigb104,bellj103,crutj101,0,0,0,0,0,0,0,0,0,0,0,0,0,0,0,0,0,0,0,,0,0,0,0,0,0,0,0,,,0,0,59,bridu901,darnu901,,,,,19361004,exhibition,deduced
NNS193610042,99,7,0,0,DEN03,MLS,NNS,4,6,rybam101,matll101,9,11,R,L,?,?,??,,,1,1,0,0,0,0,0,0,0,0,0,0,0,0,1,0,1,1,0,0,0,0,0,0,0,0,0,0,0,0,0,0,0,0,0,0,0,0,0,0,0,0,0,0,0,0,0,0,0,0,0,0,1,,todda101,,,todda101,,,,,,matll101,,,matll101,,,,,,,,,,0,0,0,0,0,0,0,0,0,0,0,0,muelh101,clifh101,hornr101,mizej101,suhrg101,goodi101,kingl102,todda101,rybam101,6,5,4,3,9,7,8,2,11,mackb102,westj102,hughs101,snowf101,willc106,wrigb104,bellj103,crutj101,1,0,0,0,0,0,0,0,0,0,0,0,0,0,0,0,0,0,0,0,0,0,0,0,0,0,0,0,,,0,0,60,bridu901,darnu901,,,,,19361004,exhibition,deduced
NNS193610042,99,7,0,0,DEN03,MLS,NNS,4,6,muelh101,matll101,1,6,B,L,?,?,??,,,1,1,0,0,0,0,0,0,0,0,0,0,0,0,1,0,1,1,0,0,0,0,0,0,0,0,0,0,0,0,0,0,0,0,0,0,0,0,0,0,0,0,0,0,0,0,0,0,0,0,0,1,2,,todda101,,,todda101,,,,,,matll101,,,matll101,,,,,,,,,,0,0,0,0,0,0,0,0,0,0,0,0,muelh101,clifh101,hornr101,mizej101,suhrg101,goodi101,kingl102,todda101,rybam101,6,5,4,3,9,7,8,2,11,mackb102,westj102,hughs101,snowf101,willc106,wrigb104,bellj103,crutj101,1,0,0,0,0,0,0,0,0,0,0,0,0,0,0,0,0,0,0,0,0,0,0,0,0,0,0,0,,,0,0,61,bridu901,darnu901,,,,,19361004,exhibition,deduced
NNS193610042,S2/P.2-3,7,0,0,DEN03,MLS,NNS,4,6,clifh101,matll101,2,5,R,L,?,?,??,,,1,1,1,0,0,0,0,0,0,0,0,0,0,0,0,0,0,1,0,0,1,0,0,0,0,0,0,0,0,0,0,0,0,0,0,0,0,0,0,0,0,0,0,0,0,0,0,0,0,0,0,2,2,,todda101,,clifh101,,todda101,,,,,matll101,,matll101,,matll101,,,,,,,,,0,0,0,0,0,0,0,0,0,0,0,0,muelh101,clifh101,hornr101,mizej101,suhrg101,goodi101,kingl102,todda101,rybam101,6,5,4,3,9,7,8,2,11,mackb102,westj102,hughs101,snowf101,willc106,wrigb104,bellj103,crutj101,0,0,0,0,0,0,0,0,0,0,0,0,0,0,0,0,0,0,0,,0,0,0,0,0,0,0,2,,P,0,0,62,bridu901,darnu901,,,,,19361004,exhibition,deduced
NNS193610042,99/F,7,0,0,DEN03,MLS,NNS,4,6,hornr101,matll101,3,4,R,L,?,?,??,,,1,1,0,0,0,0,0,0,0,0,0,0,0,0,1,0,1,1,0,0,1,0,0,0,0,0,0,0,0,0,0,0,0,0,0,0,0,0,0,0,0,0,0,0,0,0,0,0,0,0,0,2,3,clifh101,,todda101,,,,todda101,clifh101,,matll101,,matll101,,,,,,,,,,,,0,0,0,0,0,0,0,0,0,0,0,0,muelh101,clifh101,hornr101,mizej101,suhrg101,goodi101,kingl102,todda101,rybam101,6,5,4,3,9,7,8,2,11,mackb102,westj102,hughs101,snowf101,willc106,wrigb104,bellj103,crutj101,1,0,0,0,0,0,0,0,0,0,0,0,0,0,0,0,0,0,0,0,0,0,0,0,0,0,0,0,,F,0,0,63,bridu901,darnu901,,,,,19361004,exhibition,deduced
