gid,id,team,d_seq,d_pos,stattype,d_ifouts,d_po,d_a,d_e,d_dp,d_tp,d_pb,d_wp,d_sb,d_cs,d_gs,date,number,site,vishome,opp,win,loss,tie,gametype,box,pbp
KCM193808020,cartm101,MEM,1,5,value,15,0,0,0,,,,,,,1,19380802,0,KCK01,v,KCM,0,1,0,regular,y,
KCM193808020,hydec101,MEM,1,8,value,15,3,0,0,,,,,,,1,19380802,0,KCK01,v,KCM,0,1,0,regular,y,
KCM193808020,taylj106,MEM,1,3,value,15,2,0,1,,,,,,,1,19380802,0,KCK01,v,KCM,0,1,0,regular,y,
KCM193808020,robin101,MEM,1,6,value,15,2,1,1,,,,,,,1,19380802,0,KCK01,v,KCM,0,1,0,regular,y,
KCM193808020,radct101,MEM,1,7,value,12,1,0,0,,,,,,,1,19380802,0,KCK01,v,KCM,0,1,0,regular,y,
KCM193808020,hannl102,MEM,1,7,value,3,0,0,0,,,,,,,,19380802,0,KCK01,v,KCM,0,1,0,regular,y,
KCM193808020,browl107,MEM,1,2,value,15,6,1,0,,,,,,,1,19380802,0,KCK01,v,KCM,0,1,0,regular,y,
KCM193808020,jeffw101,MEM,1,9,value,15,0,1,0,,,,,,,1,19380802,0,KCK01,v,KCM,0,1,0,regular,y,
KCM193808020,longr102,MEM,1,4,value,15,0,1,0,,,,,,,1,19380802,0,KCK01,v,KCM,0,1,0,regular,y,
KCM193808020,mossp101,MEM,1,1,value,6,0,0,2,,,,,,,1,19380802,0,KCK01,v,KCM,0,1,0,regular,y,
KCM193808020,allec101,MEM,1,1,value,9,1,0,0,,,,,,,,19380802,0,KCK01,v,KCM,0,1,0,regular,y,
KCM193808020,bibbr101,KCM,1,4,value,18,1,2,0,,,,,,,1,19380802,0,KCK01,h,MEM,1,0,0,regular,y,
KCM193808020,milth101,KCM,1,9,value,18,0,0,0,,,,,,,1,19380802,0,KCK01,h,MEM,1,0,0,regular,y,
KCM193808020,steat101,KCM,1,8,value,18,2,0,0,,,,,,,1,19380802,0,KCK01,h,MEM,1,0,0,regular,y,
KCM193808020,broww101,KCM,1,7,value,18,0,0,0,,,,,,,1,19380802,0,KCK01,h,MEM,1,0,0,regular,y,
KCM193808020,elseh101,KCM,1,2,value,18,9,0,0,,,,,,,1,19380802,0,KCK01,h,MEM,1,0,0,regular,y,
KCM193808020,oneib801,KCM,1,3,value,18,4,0,0,,,,,,,1,19380802,0,KCK01,h,MEM,1,0,0,regular,y,
KCM193808020,cox-r102,KCM,1,5,value,18,0,0,0,,,,,,,1,19380802,0,KCK01,h,MEM,1,0,0,regular,y,
KCM193808020,johnm103,KCM,1,6,value,18,2,2,0,,,,,,,1,19380802,0,KCK01,h,MEM,1,0,0,regular,y,
KCM193808020,markj101,KCM,1,1,value,18,0,2,0,,,,,,,1,19380802,0,KCK01,h,MEM,1,0,0,regular,y,
