gid,id,team,d_seq,d_pos,stattype,d_ifouts,d_po,d_a,d_e,d_dp,d_tp,d_pb,d_wp,d_sb,d_cs,d_gs,date,number,site,vishome,opp,win,loss,tie,gametype,box,pbp
HOM192810110,sweeb101,ALN,1,4,value,24,2,2,0,1,0,,,,,1,19281011,0,BUT01,v,HOM,0,1,0,exhibition,y,
HOM192810110,hassj101,ALN,1,6,value,24,1,4,0,0,0,,,,,1,19281011,0,BUT01,v,HOM,0,1,0,exhibition,y,
HOM192810110,foxxj101,ALN,1,5,value,24,0,1,1,0,0,,,,,1,19281011,0,BUT01,v,HOM,0,1,0,exhibition,y,
HOM192810110,heilh101,ALN,1,7,value,24,1,0,1,0,0,,,,,1,19281011,0,BUT01,v,HOM,0,1,0,exhibition,y,
HOM192810110,harrj103,ALN,1,3,value,24,14,1,0,1,0,,,,,1,19281011,0,BUT01,v,HOM,0,1,0,exhibition,y,
HOM192810110,uhleg101,ALN,1,8,value,24,0,0,0,0,0,,,,,1,19281011,0,BUT01,v,HOM,0,1,0,exhibition,y,
HOM192810110,quinj102,ALN,1,9,value,24,1,0,0,0,0,,,,,1,19281011,0,BUT01,v,HOM,0,1,0,exhibition,y,
HOM192810110,woodl101,ALN,1,2,value,24,5,0,0,0,0,0,,,,1,19281011,0,BUT01,v,HOM,0,1,0,exhibition,y,
HOM192810110,walbr101,ALN,1,1,value,24,0,7,0,0,0,,,,,1,19281011,0,BUT01,v,HOM,0,1,0,exhibition,y,
HOM192810110,gardj102,HOM,1,8,value,27,2,0,0,0,0,,,,,1,19281011,0,BUT01,h,ALN,1,0,0,exhibition,y,
HOM192810110,cannw101,HOM,1,4,value,27,2,2,0,0,0,,,,,1,19281011,0,BUT01,h,ALN,1,0,0,exhibition,y,
HOM192810110,dihim101,HOM,1,6,value,27,3,3,0,0,0,,,,,1,19281011,0,BUT01,h,ALN,1,0,0,exhibition,y,
HOM192810110,beckj104,HOM,1,5,value,27,2,1,0,0,0,,,,,1,19281011,0,BUT01,h,ALN,1,0,0,exhibition,y,
HOM192810110,washj101,HOM,1,3,value,27,9,0,0,1,0,,,,,1,19281011,0,BUT01,h,ALN,1,0,0,exhibition,y,
HOM192810110,harrv102,HOM,1,7,value,27,4,0,0,0,0,,,,,1,19281011,0,BUT01,h,ALN,1,0,0,exhibition,y,
HOM192810110,grahd102,HOM,1,9,value,27,1,0,0,0,0,,,,,1,19281011,0,BUT01,h,ALN,1,0,0,exhibition,y,
HOM192810110,ewinb103,HOM,1,2,value,27,4,0,0,0,0,0,,,,1,19281011,0,BUT01,h,ALN,1,0,0,exhibition,y,
HOM192810110,stres101,HOM,1,1,value,27,0,1,0,0,0,,,,,1,19281011,0,BUT01,h,ALN,1,0,0,exhibition,y,
HOM193707080,parkt101,HOM,1,1,value,,,,,,,,,,,1,19370708,0,BUT01,h,PTC,1,0,0,regular,,
HOM193707080,browr103,HOM,,1,value,,,,,,,,,,,,19370708,0,BUT01,h,PTC,1,0,0,regular,,
HOM193808050,browj112,NW2,1,1,value,24,,,0,,,,,,,1,19380805,0,BUT01,v,HOM,0,1,0,regular,,
HOM193808050,casem101,NW2,1,2,value,24,,,0,,,,,,,1,19380805,0,BUT01,v,HOM,0,1,0,regular,,
HOM193808050,parkt101,HOM,1,1,value,27,,,0,,,,,,,1,19380805,0,BUT01,h,NW2,1,0,0,regular,,
HOM193808050,gibsj101,HOM,1,2,value,27,,,0,,,,,,,1,19380805,0,BUT01,h,NW2,1,0,0,regular,,
HOM193906020,fernj101,NY6,1,2,value,24,,,0,,0,,,,,1,19390602,0,BUT01,v,HOM,0,1,0,exhibition,,
HOM193906020,martf104,NY6,1,1,value,24,,,0,,0,0,,,,1,19390602,0,BUT01,v,HOM,0,1,0,exhibition,,
HOM193906020,jackj104,HOM,1,2,value,27,,,0,,0,,,,,1,19390602,0,BUT01,h,NY6,1,0,0,exhibition,,
HOM193906020,ferrw102,HOM,1,1,value,27,,,0,,0,0,,,,1,19390602,0,BUT01,h,NY6,1,0,0,exhibition,,
HOM194108010,coopb101,PH5,1,2,value,24,,,0,,0,,,,,1,19410801,0,BUT01,v,HOM,0,1,0,regular,,
HOM194108010,fillj101,PH5,1,1,value,24,,,0,,0,0,,,,1,19410801,0,BUT01,v,HOM,0,1,0,regular,,
HOM194108010,hamij104,HOM,1,1,value,27,,,0,,0,0,,,,1,19410801,0,BUT01,h,PH5,1,0,0,regular,,
HOM194108010,harrv102,HOM,1,2,value,27,,,0,,0,,,,,1,19410801,0,BUT01,h,PH5,1,0,0,regular,,
HOM194208170,shiec102,CAG,1,1,value,24,,,0,,0,0,,,,1,19420817,0,BUT01,v,HOM,0,1,0,exhibition,,
HOM194208170,smite112,CAG,1,2,value,24,,,0,,0,,,,,1,19420817,0,BUT01,v,HOM,0,1,0,exhibition,,
HOM194208170,browr103,HOM,1,1,value,27,,,0,,0,0,,,,1,19420817,0,BUT01,h,CAG,1,0,0,exhibition,,
HOM194208170,gastr101,HOM,1,2,value,27,,,0,,0,,,,,1,19420817,0,BUT01,h,CAG,1,0,0,exhibition,,
