gid,id,team,d_seq,d_pos,stattype,d_ifouts,d_po,d_a,d_e,d_dp,d_tp,d_pb,d_wp,d_sb,d_cs,d_gs,date,number,site,vishome,opp,win,loss,tie,gametype,box,pbp
ASD193310100,allen102,KCM,1,6,value,24,0,4,0,0,0,,,,,1,19331010,0,JOP01,v,ASD,0,1,0,exhibition,y,
ASD193310100,mothd101,KCM,1,4,value,24,3,4,0,0,0,,,,,1,19331010,0,JOP01,v,ASD,0,1,0,exhibition,y,
ASD193310100,gileg101,KCM,1,3,value,24,9,0,1,0,0,,,,,1,19331010,0,JOP01,v,ASD,0,1,0,exhibition,y,
ASD193310100,duncf102,KCM,1,2,value,24,5,0,0,0,0,0,,,,1,19331010,0,JOP01,v,ASD,0,1,0,exhibition,y,
ASD193310100,rogab101,KCM,1,7,value,24,0,0,0,0,0,,,,,1,19331010,0,JOP01,v,ASD,0,1,0,exhibition,y,
ASD193310100,josen101,KCM,1,5,value,24,2,3,0,0,0,,,,,1,19331010,0,JOP01,v,ASD,0,1,0,exhibition,y,
ASD193310100,haler102,KCM,1,9,value,24,1,0,0,0,0,,,,,1,19331010,0,JOP01,v,ASD,0,1,0,exhibition,y,
ASD193310100,dwige101,KCM,1,8,value,24,4,0,0,0,0,,,,,1,19331010,0,JOP01,v,ASD,0,1,0,exhibition,y,
ASD193310100,coopa101,KCM,1,1,value,12,0,2,0,0,0,,,,,1,19331010,0,JOP01,v,ASD,0,1,0,exhibition,y,
ASD193310100,thoms105,KCM,1,1,value,12,0,0,0,0,0,,,,,,19331010,0,JOP01,v,ASD,0,1,0,exhibition,y,
ASD193310100,windb101,ASD,1,3,value,27,7,0,0,0,0,,,,,1,19331010,0,JOP01,h,KCM,1,0,0,exhibition,y,
ASD193310100,jensw102,ASD,1,7,value,27,4,0,0,0,0,,,,,1,19331010,0,JOP01,h,KCM,1,0,0,exhibition,y,
ASD193310100,wanep101,ASD,1,8,value,24,1,0,0,0,0,,,,,1,19331010,0,JOP01,h,KCM,1,0,0,exhibition,y,
ASD193310100,wanep101,ASD,2,1,value,3,0,0,0,0,0,,,,,1,19331010,0,JOP01,h,KCM,1,0,0,exhibition,y,
ASD193310100,wrigg102,ASD,1,6,value,27,1,2,0,0,0,,,,,1,19331010,0,JOP01,h,KCM,1,0,0,exhibition,y,
ASD193310100,guttd101,ASD,1,4,value,27,2,2,1,0,0,,,,,1,19331010,0,JOP01,h,KCM,1,0,0,exhibition,y,
ASD193310100,thurs101,ASD,1,9,value,15,0,1,0,0,0,,,,,1,19331010,0,JOP01,h,KCM,1,0,0,exhibition,y,
ASD193310100,thurs101,ASD,2,1,value,9,0,0,0,0,0,,,,,1,19331010,0,JOP01,h,KCM,1,0,0,exhibition,y,
ASD193310100,johnj107,ASD,1,8,value,3,0,0,0,0,0,,,,,,19331010,0,JOP01,h,KCM,1,0,0,exhibition,y,
ASD193310100,geerc101,ASD,1,5,value,27,2,1,0,0,0,,,,,1,19331010,0,JOP01,h,KCM,1,0,0,exhibition,y,
ASD193310100,muelr101,ASD,1,2,value,27,8,2,0,0,0,0,,,,1,19331010,0,JOP01,h,KCM,1,0,0,exhibition,y,
ASD193310100,frenl101,ASD,1,1,value,15,0,0,0,0,0,,,,,1,19331010,0,JOP01,h,KCM,1,0,0,exhibition,y,
ASD193310100,frenl101,ASD,2,9,value,12,2,0,0,0,0,,,,,1,19331010,0,JOP01,h,KCM,1,0,0,exhibition,y,
