gid,id,team,d_seq,d_pos,stattype,d_ifouts,d_po,d_a,d_e,d_dp,d_tp,d_pb,d_wp,d_sb,d_cs,d_gs,date,number,site,vishome,opp,win,loss,tie,gametype,box,pbp
CI1193708123,partr102,CI1,,1,value,21,,,,,,,,,,1,19370812,3,MID02,h,NY5,1,0,0,exhibition,,
CI1193708124,jeffw101,CI1,1,1,value,21,,,,,,,,,,1,19370812,4,MID02,h,WEG,1,0,0,exhibition,,
HOM193806160,kimbh102,BLG,1,8,value,,,,0,,,,,,,1,19380616,0,MID02,v,HOM,0,1,0,regular,y,
HOM193806160,snowf101,BLG,1,5,value,,,,0,,,,,,,1,19380616,0,MID02,v,HOM,0,1,0,regular,y,
HOM193806160,hughs101,BLG,1,4,value,,,,0,,,,,,,1,19380616,0,MID02,v,HOM,0,1,0,regular,y,
HOM193806160,westj102,BLG,1,3,value,,,,0,,,,,,,1,19380616,0,MID02,v,HOM,0,1,0,regular,y,
HOM193806160,wrigb104,BLG,1,9,value,,,,0,,,,,,,1,19380616,0,MID02,v,HOM,0,1,0,regular,y,
HOM193806160,byrdb101,BLG,1,7,value,,,,0,,,,,,,1,19380616,0,MID02,v,HOM,0,1,0,regular,y,
HOM193806160,mackb102,BLG,1,5,value,,,,0,,,,,,,1,19380616,0,MID02,v,HOM,0,1,0,regular,y,
HOM193806160,walkh103,BLG,1,6,value,,,,0,,,,,,,1,19380616,0,MID02,v,HOM,0,1,0,regular,y,
HOM193806160,gainj102,BLG,1,1,value,,,,0,,,,,,,1,19380616,0,MID02,v,HOM,0,1,0,regular,y,
HOM193806160,porta103,BLG,2,1,value,,,,0,,,,,,,,19380616,0,MID02,v,HOM,0,1,0,regular,y,
HOM193806160,benjj101,HOM,1,8,value,,,,0,,,,,,,1,19380616,0,MID02,h,BLG,1,0,0,regular,y,
HOM193806160,carlm101,HOM,1,4,value,,,,0,,,,,,,1,19380616,0,MID02,h,BLG,1,0,0,regular,y,
HOM193806160,harrv102,HOM,1,7,value,,,,0,,,,,,,1,19380616,0,MID02,h,BLG,1,0,0,regular,y,
HOM193806160,gibsj101,HOM,1,2,value,,,,0,,,,,,,1,19380616,0,MID02,h,BLG,1,0,0,regular,y,
HOM193806160,leonb101,HOM,1,3,value,,,,0,,,,,,,1,19380616,0,MID02,h,BLG,1,0,0,regular,y,
HOM193806160,willj110,HOM,1,9,value,,,,0,,,,,,,1,19380616,0,MID02,h,BLG,1,0,0,regular,y,
HOM193806160,johnj112,HOM,1,5,value,,,,0,,,,,,,1,19380616,0,MID02,h,BLG,1,0,0,regular,y,
HOM193806160,jackj104,HOM,1,6,value,,,,0,,,,,,,1,19380616,0,MID02,h,BLG,1,0,0,regular,y,
HOM193806160,parkt101,HOM,1,1,value,,,,0,,,,,,,1,19380616,0,MID02,h,BLG,1,0,0,regular,y,
