gid,id,team,b_lp,b_seq,stattype,b_pa,b_ab,b_r,b_h,b_d,b_t,b_hr,b_rbi,b_sh,b_sf,b_hbp,b_w,b_iw,b_k,b_sb,b_cs,b_gdp,b_xi,b_roe,dh,ph,pr,date,number,site,vishome,opp,win,loss,tie,gametype,box,pbp
BIR194007120,hendc102,IN8,,,value,,,,,,,,,,,,,,,,,,,,,,,19400712,0,PBL01,v,BIR,1,0,0,regular,,
BIR194007120,johnc103,IN8,,,value,,,,,,,,,,,,,,,,,,,,,,,19400712,0,PBL01,v,BIR,1,0,0,regular,,
MEM194007230,hendc102,IN8,,,value,,,,,,,,,,,,,,,,,,,,,,,19400723,0,PBL01,v,MEM,0,1,0,regular,,
MEM194007230,turnl101,IN8,,,value,,,,,,,,,,,,,,,,,,,,,,,19400723,0,PBL01,v,MEM,0,1,0,regular,,
MEM194007230,bankf101,MEM,,,value,,,,1,,1,,2,,,,,,,,,,,,,,,19400723,0,PBL01,h,IN8,1,0,0,regular,,
MEM194007230,breme101,MEM,,,value,,,,,,,,,,,,,,,,,,,,,,,19400723,0,PBL01,h,IN8,1,0,0,regular,,
MEM194007230,browt105,MEM,,,value,,,,1,,,,1,,,,,,,,,,,,,,,19400723,0,PBL01,h,IN8,1,0,0,regular,,
MEM194007230,longr102,MEM,,,value,,,,1,,,,,,,,,,,,,,,,,,,19400723,0,PBL01,h,IN8,1,0,0,regular,,
MEM194007230,mathv101,MEM,,,value,,,,,,,,,,,,,,,,,,,,,,,19400723,0,PBL01,h,IN8,1,0,0,regular,,
MEM194008010,calhl101,SNO,,,value,,,,,,,,,,,,,,,,,,,,,,,19400801,0,PBL01,v,MEM,1,0,0,regular,,
MEM194008010,lylej102,SNO,,,value,,,1,1,,,1,1,,,,,,,,,,,,,,,19400801,0,PBL01,v,MEM,1,0,0,regular,,
MEM194008010,maywe101,SNO,,,value,,,1,1,,,1,1,,,,,,,,,,,,,,,19400801,0,PBL01,v,MEM,1,0,0,regular,,
MEM194008010,mcalf101,SNO,,,value,,,,,,,,,,,,,,,,,,,,,,,19400801,0,PBL01,v,MEM,1,0,0,regular,,
MEM194008010,riddm101,SNO,,,value,,,1,1,,,1,1,,,,,,,,,,,,,,,19400801,0,PBL01,v,MEM,1,0,0,regular,,
MEM194008010,smite111,SNO,,,value,,,,,,,,,,,,,,,,,,,,,,,19400801,0,PBL01,v,MEM,1,0,0,regular,,
MEM194008010,taylr102,SNO,,,value,,,,,,,,,,,,,,,,,,,,,,,19400801,0,PBL01,v,MEM,1,0,0,regular,,
MEM194008010,boonl102,MEM,,,value,,,,,,,,,,,,,,,,,,,,,,,19400801,0,PBL01,h,SNO,0,1,0,regular,,
MEM194008010,longr102,MEM,,,value,,,,,,,,,,,,,,,,,,,,,,,19400801,0,PBL01,h,SNO,0,1,0,regular,,
MEM194008010,savaj103,MEM,,,value,,,,,,,,,,,,,,,,,,,,,,,19400801,0,PBL01,h,SNO,0,1,0,regular,,
BIR194104131,kimbh102,NY5,1,1,value,5,4,0,0,0,0,0,,0,,0,1,,,0,,,0,,,,,19410413,1,PBL01,v,BIR,0,1,0,exhibition,y,
BIR194104131,walkh103,NY5,2,1,value,4,4,0,2,0,0,0,,0,,0,0,0,,0,,,0,,,,,19410413,1,PBL01,v,BIR,0,1,0,exhibition,y,
BIR194104131,barkm101,NY5,3,1,value,4,4,0,1,0,1,0,,0,,0,0,0,,0,,,0,,,,,19410413,1,PBL01,v,BIR,0,1,0,exhibition,y,
BIR194104131,starj102,NY5,4,1,value,4,4,2,3,0,1,1,1,0,,0,0,0,,0,,,0,,,,,19410413,1,PBL01,v,BIR,0,1,0,exhibition,y,
BIR194104131,davis105,NY5,5,1,value,4,3,1,0,0,0,0,,0,,0,1,,,0,,,0,,,,,19410413,1,PBL01,v,BIR,0,1,0,exhibition,y,
BIR194104131,pattg104,NY5,6,1,value,3,3,0,0,0,0,0,,0,,0,0,0,,0,,,0,,,,,19410413,1,PBL01,v,BIR,0,1,0,exhibition,y,
BIR194104131,tramu101,NY5,6,2,value,1,1,0,0,0,0,0,,0,,0,0,0,,0,,,0,,,,,19410413,1,PBL01,v,BIR,0,1,0,exhibition,y,
BIR194104131,coopb101,NY5,7,1,value,4,4,1,2,0,0,0,,0,,0,0,0,,0,,,0,,,,,19410413,1,PBL01,v,BIR,0,1,0,exhibition,y,
BIR194104131,fielb101,NY5,8,1,value,4,4,0,0,0,0,0,,0,,0,0,0,,0,,,0,,,,,19410413,1,PBL01,v,BIR,0,1,0,exhibition,y,
BIR194104131,stann101,NY5,9,1,value,3,3,1,1,0,0,0,,0,,0,0,0,,0,,,0,,,,,19410413,1,PBL01,v,BIR,0,1,0,exhibition,y,
BIR194104131,rectc101,NY5,9,2,value,1,1,0,1,0,0,0,2,0,,0,0,0,,0,,,0,,,,,19410413,1,PBL01,v,BIR,0,1,0,exhibition,y,
BIR194104131,dougj102,BIR,1,1,value,5,5,1,2,0,0,0,,0,,0,0,0,,0,,,0,,,,,19410413,1,PBL01,h,NY5,1,0,0,exhibition,y,
BIR194104131,reddu101,BIR,2,1,value,4,4,1,1,0,0,0,,0,,0,0,0,,0,,,0,,,,,19410413,1,PBL01,h,NY5,1,0,0,exhibition,y,
BIR194104131,sayla101,BIR,3,1,value,4,4,0,1,0,0,0,,0,,0,0,0,,0,,,0,,,,,19410413,1,PBL01,h,NY5,1,0,0,exhibition,y,
BIR194104131,lockl101,BIR,4,1,value,4,4,2,2,0,1,1,3,0,,0,0,0,,0,,,0,,,,,19410413,1,PBL01,h,NY5,1,0,0,exhibition,y,
BIR194104131,sampt101,BIR,5,1,value,4,3,1,1,0,0,0,,0,,0,1,,,0,,,0,,,,,19410413,1,PBL01,h,NY5,1,0,0,exhibition,y,
BIR194104131,tatug101,BIR,6,1,value,4,3,0,1,0,1,0,,0,,0,1,,,0,,,0,,,,,19410413,1,PBL01,h,NY5,1,0,0,exhibition,y,
BIR194104131,dawsj102,BIR,7,1,value,4,4,1,4,0,0,0,,0,,0,0,0,,0,,,0,,,,,19410413,1,PBL01,h,NY5,1,0,0,exhibition,y,
BIR194104131,hardp102,BIR,8,1,value,4,4,0,1,0,0,0,,0,,0,0,0,,0,,,0,,,,,19410413,1,PBL01,h,NY5,1,0,0,exhibition,y,
BIR194104131,gipsa101,BIR,9,1,value,2,2,0,0,0,0,0,,0,,0,0,0,,0,,,0,,,,,19410413,1,PBL01,h,NY5,1,0,0,exhibition,y,
BIR194104131,markj101,BIR,9,2,value,2,2,0,0,0,0,0,,0,,0,0,0,,0,,,0,,,,,19410413,1,PBL01,h,NY5,1,0,0,exhibition,y,
BIR194104132,kimbh102,NY5,1,1,value,5,5,3,2,1,0,0,2,0,,0,0,0,,0,,,0,,,,,19410413,2,PBL01,v,BIR,1,0,0,exhibition,y,
BIR194104132,walkh103,NY5,2,1,value,4,2,2,0,0,0,0,,0,,0,2,,,0,,,0,,,,,19410413,2,PBL01,v,BIR,1,0,0,exhibition,y,
BIR194104132,barkm101,NY5,3,1,value,4,4,2,2,1,0,0,2,0,,0,0,0,,0,,,0,,,,,19410413,2,PBL01,v,BIR,1,0,0,exhibition,y,
BIR194104132,starj102,NY5,4,1,value,4,4,3,3,0,0,0,3,0,,0,0,0,,0,,,0,,,,,19410413,2,PBL01,v,BIR,1,0,0,exhibition,y,
BIR194104132,davis105,NY5,5,1,value,4,4,3,2,1,0,0,3,0,,0,0,0,,0,,,0,,,,,19410413,2,PBL01,v,BIR,1,0,0,exhibition,y,
BIR194104132,pattg104,NY5,6,1,value,4,4,2,1,0,1,0,,0,,0,0,0,,0,,,0,,,,,19410413,2,PBL01,v,BIR,1,0,0,exhibition,y,
BIR194104132,coopb101,NY5,7,1,value,4,3,2,2,0,1,0,2,0,,0,1,,,0,,,0,,,,,19410413,2,PBL01,v,BIR,1,0,0,exhibition,y,
BIR194104132,fielb101,NY5,8,1,value,4,2,1,0,0,0,0,,0,,1,1,,1,0,,,0,,,,,19410413,2,PBL01,v,BIR,1,0,0,exhibition,y,
BIR194104132,hollb106,NY5,9,1,value,4,3,2,2,0,1,0,2,1,,0,0,0,,0,,,0,,,,,19410413,2,PBL01,v,BIR,1,0,0,exhibition,y,
BIR194104132,dougj102,BIR,1,1,value,3,3,0,1,0,0,0,,0,,0,0,0,,0,,,0,,,,,19410413,2,PBL01,h,NY5,0,1,0,exhibition,y,
BIR194104132,reddu101,BIR,2,1,value,3,3,0,0,0,0,0,,0,,0,0,0,,0,,,0,,,,,19410413,2,PBL01,h,NY5,0,1,0,exhibition,y,
BIR194104132,sayla101,BIR,3,1,value,2,2,0,0,0,0,0,,0,,0,0,0,,0,,,0,,,,,19410413,2,PBL01,h,NY5,0,1,0,exhibition,y,
BIR194104132,lockl101,BIR,4,1,value,2,2,0,2,0,0,0,,0,,0,0,0,,0,,,0,,,,,19410413,2,PBL01,h,NY5,0,1,0,exhibition,y,
BIR194104132,sampt101,BIR,5,1,value,2,2,1,1,0,0,0,,0,,0,0,0,,0,,,0,,,,,19410413,2,PBL01,h,NY5,0,1,0,exhibition,y,
BIR194104132,tatug101,BIR,6,1,value,2,2,1,1,0,0,0,,0,,0,0,0,,0,,,0,,,,,19410413,2,PBL01,h,NY5,0,1,0,exhibition,y,
BIR194104132,gipsa101,BIR,7,1,value,2,2,1,0,0,0,0,,0,,0,0,0,,0,,,0,,,,,19410413,2,PBL01,h,NY5,0,1,0,exhibition,y,
BIR194104132,hardp102,BIR,8,1,value,2,1,0,0,0,0,0,,0,,0,1,,,0,,,0,,,,,19410413,2,PBL01,h,NY5,0,1,0,exhibition,y,
BIR194104132,johnl107,BIR,9,1,value,2,2,0,0,0,0,0,,0,,0,0,0,,0,,,0,,,,,19410413,2,PBL01,h,NY5,0,1,0,exhibition,y,
BIR194104132,warej102,BIR,9,2,value,0,0,0,0,0,0,0,,0,,0,0,0,,0,,,0,,,,,19410413,2,PBL01,h,NY5,0,1,0,exhibition,y,
BIR194104132,bankd101,BIR,9,3,value,0,0,0,0,0,0,0,,0,,0,0,0,,0,,,0,,,,,19410413,2,PBL01,h,NY5,0,1,0,exhibition,y,
MEM194104230,kimbh102,NY5,1,1,value,4,3,0,0,0,0,0,0,1,,0,0,0,,0,,,0,,,,,19410423,0,PBL01,v,MEM,0,1,0,exhibition,y,
MEM194104230,walkh103,NY5,2,1,value,4,2,1,0,0,0,0,0,0,,0,2,,,0,,,0,,,,,19410423,0,PBL01,v,MEM,0,1,0,exhibition,y,
MEM194104230,barkm101,NY5,3,1,value,4,4,1,1,0,0,0,0,0,,0,0,0,,0,,,0,,,,,19410423,0,PBL01,v,MEM,0,1,0,exhibition,y,
MEM194104230,pattg104,NY5,4,1,value,4,4,0,0,0,0,0,0,0,,0,0,0,,0,,,0,,,,,19410423,0,PBL01,v,MEM,0,1,0,exhibition,y,
MEM194104230,marcz101,NY5,5,1,value,3,3,0,1,0,0,0,0,0,,0,0,0,,1,,,0,,,,,19410423,0,PBL01,v,MEM,0,1,0,exhibition,y,
MEM194104230,coopb101,NY5,6,1,value,3,3,0,0,0,0,0,0,0,,0,0,0,,0,,,0,,,,,19410423,0,PBL01,v,MEM,0,1,0,exhibition,y,
MEM194104230,davis105,NY5,7,1,value,3,3,0,0,0,0,0,0,0,,0,0,0,,0,,,0,,,,,19410423,0,PBL01,v,MEM,0,1,0,exhibition,y,
MEM194104230,fielb101,NY5,8,1,value,3,3,0,0,0,0,0,0,0,,0,0,0,,0,,,0,,,,,19410423,0,PBL01,v,MEM,0,1,0,exhibition,y,
MEM194104230,hollb106,NY5,9,1,value,2,2,0,0,0,0,0,0,0,,0,0,0,,0,,,0,,,,,19410423,0,PBL01,v,MEM,0,1,0,exhibition,y,
MEM194104230,rectc101,NY5,9,2,value,1,1,0,0,0,0,0,0,0,,0,0,0,,0,,,0,,,,,19410423,0,PBL01,v,MEM,0,1,0,exhibition,y,
MEM194104230,hydec101,MEM,1,1,value,6,5,3,5,1,0,0,3,0,,0,1,,,1,,,0,,,,,19410423,0,PBL01,h,NY5,1,0,0,exhibition,y,
MEM194104230,bankf101,MEM,2,1,value,6,5,2,1,0,0,0,1,1,,0,0,0,,1,,,0,,,,,19410423,0,PBL01,h,NY5,1,0,0,exhibition,y,
MEM194104230,cartm101,MEM,3,1,value,5,5,3,3,1,0,0,3,0,,0,0,0,,0,,,0,,,,,19410423,0,PBL01,h,NY5,1,0,0,exhibition,y,
MEM194104230,robin101,MEM,4,1,value,5,4,2,1,0,0,0,1,0,,0,1,,,1,,,0,,,,,19410423,0,PBL01,h,NY5,1,0,0,exhibition,y,
MEM194104230,rogen101,MEM,5,1,value,4,4,0,1,0,0,0,0,0,,0,0,0,,0,,,0,,,,,19410423,0,PBL01,h,NY5,1,0,0,exhibition,y,
MEM194104230,mossp101,MEM,5,2,value,1,1,0,0,0,0,0,0,0,,0,0,0,,0,,,0,,,,,19410423,0,PBL01,h,NY5,1,0,0,exhibition,y,
MEM194104230,bradb107,MEM,6,1,value,5,4,0,1,0,0,0,0,0,,0,1,,,0,,,0,,,,,19410423,0,PBL01,h,NY5,1,0,0,exhibition,y,
MEM194104230,longr102,MEM,7,1,value,5,5,2,2,0,0,1,4,0,,0,0,0,,0,,,0,,,,,19410423,0,PBL01,h,NY5,1,0,0,exhibition,y,
MEM194104230,browt105,MEM,8,1,value,5,5,1,2,0,0,0,1,0,,0,0,0,,0,,,0,,,,,19410423,0,PBL01,h,NY5,1,0,0,exhibition,y,
MEM194104230,dumal101,MEM,9,1,value,5,5,0,1,0,0,0,0,0,,0,0,0,,0,,,0,,,,,19410423,0,PBL01,h,NY5,1,0,0,exhibition,y,
MEM194205210,hubej101,CAG,,,value,,,,,,,,,,,,,,,,,,,,,,,19420521,0,PBL01,v,MEM,0,1,0,regular,,
MEM194205210,jeffu101,CAG,,,value,,,,,,,,,,,,,,,,,,,,,,,19420521,0,PBL01,v,MEM,0,1,0,regular,,
MEM194205210,keyer101,MEM,,,value,,,,,,,,,,,,,,,,,,,,,,,19420521,0,PBL01,h,CAG,1,0,0,regular,,
MEM194205210,smitb114,MEM,,,value,,,,,,,,,,,,,,,,,,,,,,,19420521,0,PBL01,h,CAG,1,0,0,regular,,
MEM194205220,hubej101,CAG,,,value,,,,,,,,,,,,,,,,,,,,,,,19420522,0,PBL01,v,MEM,0,1,0,regular,,
MEM194205220,jeffu101,CAG,,,value,,,,,,,,,,,,,,,,,,,,,,,19420522,0,PBL01,v,MEM,0,1,0,regular,,
MEM194205220,keyer101,MEM,,,value,,,,,,,,,,,,,,,,,,,,,,,19420522,0,PBL01,h,CAG,1,0,0,regular,,
MEM194205220,smitb114,MEM,,,value,,,,,,,,,,,,,,,,,,,,,,,19420522,0,PBL01,h,CAG,1,0,0,regular,,
