gid,id,team,d_seq,d_pos,stattype,d_ifouts,d_po,d_a,d_e,d_dp,d_tp,d_pb,d_wp,d_sb,d_cs,d_gs,date,number,site,vishome,opp,win,loss,tie,gametype,box,pbp
BIR194007120,hendc102,IN8,1,6,value,27,,,0,,0,0,,,,,19400712,0,PBL01,v,BIR,1,0,0,regular,,
BIR194007120,johnc103,IN8,1,1,value,27,,,0,,0,0,,,,1,19400712,0,PBL01,v,BIR,1,0,0,regular,,
MEM194007230,hendc102,IN8,1,6,value,24,,,0,,0,0,,,,,19400723,0,PBL01,v,MEM,0,1,0,regular,,
MEM194007230,turnl101,IN8,1,3,value,24,,,0,,0,0,,,,,19400723,0,PBL01,v,MEM,0,1,0,regular,,
MEM194007230,breme101,MEM,1,1,value,3,,,0,,0,0,,,,,19400723,0,PBL01,h,IN8,1,0,0,regular,,
MEM194007230,mathv101,MEM,1,1,value,24,,,0,,0,0,,,,1,19400723,0,PBL01,h,IN8,1,0,0,regular,,
MEM194008010,calhl101,SNO,1,1,value,,,,0,,0,0,,,,,19400801,0,PBL01,v,MEM,1,0,0,regular,,
MEM194008010,mcalf101,SNO,1,1,value,,,,0,,0,0,,,,1,19400801,0,PBL01,v,MEM,1,0,0,regular,,
MEM194008010,smite111,SNO,1,1,value,,,,0,,0,0,,,,,19400801,0,PBL01,v,MEM,1,0,0,regular,,
MEM194008010,taylr102,SNO,1,2,value,27,,,0,,0,,,,,1,19400801,0,PBL01,v,MEM,1,0,0,regular,,
MEM194008010,boonl102,MEM,1,1,value,,,,0,,0,0,,,,1,19400801,0,PBL01,h,SNO,0,1,0,regular,,
MEM194008010,longr102,MEM,1,2,value,27,,,0,,0,,,,,1,19400801,0,PBL01,h,SNO,0,1,0,regular,,
MEM194008010,savaj103,MEM,1,1,value,,,,0,,0,0,,,,,19400801,0,PBL01,h,SNO,0,1,0,regular,,
BIR194104131,kimbh102,NY5,1,8,value,24,,,0,0,0,,,,,1,19410413,1,PBL01,v,BIR,0,1,0,exhibition,y,
BIR194104131,walkh103,NY5,1,5,value,24,,,0,0,0,,,,,1,19410413,1,PBL01,v,BIR,0,1,0,exhibition,y,
BIR194104131,barkm101,NY5,1,7,value,24,,,0,0,0,,,,,1,19410413,1,PBL01,v,BIR,0,1,0,exhibition,y,
BIR194104131,starj102,NY5,1,3,value,24,,,0,1,0,,,,,1,19410413,1,PBL01,v,BIR,0,1,0,exhibition,y,
BIR194104131,davis105,NY5,1,6,value,24,,,1,1,0,,,,,1,19410413,1,PBL01,v,BIR,0,1,0,exhibition,y,
BIR194104131,pattg104,NY5,1,9,value,24,,,0,0,0,,,,,1,19410413,1,PBL01,v,BIR,0,1,0,exhibition,y,
BIR194104131,coopb101,NY5,1,2,value,24,,,1,0,0,2,,,,1,19410413,1,PBL01,v,BIR,0,1,0,exhibition,y,
BIR194104131,fielb101,NY5,1,4,value,24,,,0,0,0,,,,,1,19410413,1,PBL01,v,BIR,0,1,0,exhibition,y,
BIR194104131,stann101,NY5,1,1,value,21,,,0,1,0,,,,,1,19410413,1,PBL01,v,BIR,0,1,0,exhibition,y,
BIR194104131,rectc101,NY5,1,1,value,3,,,0,0,0,,,,,,19410413,1,PBL01,v,BIR,0,1,0,exhibition,y,
BIR194104131,dougj102,BIR,1,8,value,27,,,0,0,0,,,,,1,19410413,1,PBL01,h,NY5,1,0,0,exhibition,y,
BIR194104131,reddu101,BIR,1,6,value,27,,,0,0,0,,,,,1,19410413,1,PBL01,h,NY5,1,0,0,exhibition,y,
BIR194104131,sayla101,BIR,1,3,value,27,,,0,0,0,,,,,1,19410413,1,PBL01,h,NY5,1,0,0,exhibition,y,
BIR194104131,lockl101,BIR,1,5,value,27,,,0,0,0,,,,,1,19410413,1,PBL01,h,NY5,1,0,0,exhibition,y,
BIR194104131,sampt101,BIR,1,4,value,27,,,1,0,0,,,,,1,19410413,1,PBL01,h,NY5,1,0,0,exhibition,y,
BIR194104131,tatug101,BIR,1,9,value,27,,,0,0,0,,,,,1,19410413,1,PBL01,h,NY5,1,0,0,exhibition,y,
BIR194104131,dawsj102,BIR,1,7,value,27,,,0,0,0,,,,,1,19410413,1,PBL01,h,NY5,1,0,0,exhibition,y,
BIR194104131,hardp102,BIR,1,2,value,27,,,0,0,0,1,,,,1,19410413,1,PBL01,h,NY5,1,0,0,exhibition,y,
BIR194104131,gipsa101,BIR,1,1,value,15,,,0,0,0,,,,,1,19410413,1,PBL01,h,NY5,1,0,0,exhibition,y,
BIR194104131,markj101,BIR,1,1,value,12,,,0,0,0,,,,,,19410413,1,PBL01,h,NY5,1,0,0,exhibition,y,
BIR194104132,kimbh102,NY5,1,8,value,15,,,0,0,0,,,,,1,19410413,2,PBL01,v,BIR,1,0,0,exhibition,y,
BIR194104132,walkh103,NY5,1,5,value,15,,,2,0,0,,,,,1,19410413,2,PBL01,v,BIR,1,0,0,exhibition,y,
BIR194104132,barkm101,NY5,1,7,value,15,,,0,0,0,,,,,1,19410413,2,PBL01,v,BIR,1,0,0,exhibition,y,
BIR194104132,starj102,NY5,1,3,value,15,,,0,1,0,,,,,1,19410413,2,PBL01,v,BIR,1,0,0,exhibition,y,
BIR194104132,davis105,NY5,1,6,value,15,,,0,1,0,,,,,1,19410413,2,PBL01,v,BIR,1,0,0,exhibition,y,
BIR194104132,pattg104,NY5,1,9,value,15,,,0,0,0,,,,,1,19410413,2,PBL01,v,BIR,1,0,0,exhibition,y,
BIR194104132,coopb101,NY5,1,2,value,15,,,0,0,0,0,,,,1,19410413,2,PBL01,v,BIR,1,0,0,exhibition,y,
BIR194104132,fielb101,NY5,1,4,value,15,,,0,1,0,,,,,1,19410413,2,PBL01,v,BIR,1,0,0,exhibition,y,
BIR194104132,hollb106,NY5,1,1,value,15,,,0,0,0,,,,,1,19410413,2,PBL01,v,BIR,1,0,0,exhibition,y,
BIR194104132,dougj102,BIR,1,8,value,15,,,0,0,0,,,,,1,19410413,2,PBL01,h,NY5,0,1,0,exhibition,y,
BIR194104132,reddu101,BIR,1,6,value,15,,,2,0,0,,,,,1,19410413,2,PBL01,h,NY5,0,1,0,exhibition,y,
BIR194104132,sayla101,BIR,1,3,value,15,,,0,0,0,,,,,1,19410413,2,PBL01,h,NY5,0,1,0,exhibition,y,
BIR194104132,lockl101,BIR,1,5,value,15,,,1,0,0,,,,,1,19410413,2,PBL01,h,NY5,0,1,0,exhibition,y,
BIR194104132,sampt101,BIR,1,4,value,15,,,2,0,0,,,,,1,19410413,2,PBL01,h,NY5,0,1,0,exhibition,y,
BIR194104132,tatug101,BIR,1,9,value,15,,,0,0,0,,,,,1,19410413,2,PBL01,h,NY5,0,1,0,exhibition,y,
BIR194104132,gipsa101,BIR,1,7,value,15,,,0,0,0,,,,,1,19410413,2,PBL01,h,NY5,0,1,0,exhibition,y,
BIR194104132,hardp102,BIR,1,2,value,15,,,0,0,0,0,,,,1,19410413,2,PBL01,h,NY5,0,1,0,exhibition,y,
BIR194104132,johnl107,BIR,1,1,value,4,,,0,0,0,,,,,1,19410413,2,PBL01,h,NY5,0,1,0,exhibition,y,
BIR194104132,warej102,BIR,1,1,value,2,,,0,0,0,,,,,,19410413,2,PBL01,h,NY5,0,1,0,exhibition,y,
BIR194104132,bankd101,BIR,1,1,value,9,,,0,0,0,,,,,,19410413,2,PBL01,h,NY5,0,1,0,exhibition,y,
MEM194104230,kimbh102,NY5,1,8,value,24,3,0,0,0,0,,,,,1,19410423,0,PBL01,v,MEM,0,1,0,exhibition,y,
MEM194104230,walkh103,NY5,1,3,value,24,10,0,0,1,0,,,,,1,19410423,0,PBL01,v,MEM,0,1,0,exhibition,y,
MEM194104230,barkm101,NY5,1,7,value,24,2,0,0,0,0,,,,,1,19410423,0,PBL01,v,MEM,0,1,0,exhibition,y,
MEM194104230,pattg104,NY5,1,9,value,24,2,0,3,0,0,,,,,1,19410423,0,PBL01,v,MEM,0,1,0,exhibition,y,
MEM194104230,marcz101,NY5,1,2,value,24,2,0,0,0,0,0,,,,1,19410423,0,PBL01,v,MEM,0,1,0,exhibition,y,
MEM194104230,coopb101,NY5,1,4,value,24,3,6,0,1,0,,,,,1,19410423,0,PBL01,v,MEM,0,1,0,exhibition,y,
MEM194104230,davis105,NY5,1,6,value,24,1,3,0,1,0,,,,,1,19410423,0,PBL01,v,MEM,0,1,0,exhibition,y,
MEM194104230,fielb101,NY5,1,5,value,24,1,1,1,0,0,,,,,1,19410423,0,PBL01,v,MEM,0,1,0,exhibition,y,
MEM194104230,hollb106,NY5,1,1,value,15,0,2,0,0,0,,,,,1,19410423,0,PBL01,v,MEM,0,1,0,exhibition,y,
MEM194104230,rectc101,NY5,1,1,value,9,0,0,0,0,0,,,,,,19410423,0,PBL01,v,MEM,0,1,0,exhibition,y,
MEM194104230,hydec101,MEM,1,7,value,27,3,0,1,0,0,,,,,1,19410423,0,PBL01,h,NY5,1,0,0,exhibition,y,
MEM194104230,bankf101,MEM,1,3,value,27,12,0,0,2,0,,,,,1,19410423,0,PBL01,h,NY5,1,0,0,exhibition,y,
MEM194104230,cartm101,MEM,1,4,value,27,1,4,0,2,0,,,,,1,19410423,0,PBL01,h,NY5,1,0,0,exhibition,y,
MEM194104230,robin101,MEM,1,6,value,27,1,4,1,1,0,,,,,1,19410423,0,PBL01,h,NY5,1,0,0,exhibition,y,
MEM194104230,rogen101,MEM,1,9,value,,2,0,0,0,0,,,,,1,19410423,0,PBL01,h,NY5,1,0,0,exhibition,y,
MEM194104230,mossp101,MEM,1,9,value,,2,0,0,0,0,,,,,,19410423,0,PBL01,h,NY5,1,0,0,exhibition,y,
MEM194104230,bradb107,MEM,1,8,value,27,1,0,0,0,0,,,,,1,19410423,0,PBL01,h,NY5,1,0,0,exhibition,y,
MEM194104230,longr102,MEM,1,2,value,27,5,0,0,0,0,0,,,,1,19410423,0,PBL01,h,NY5,1,0,0,exhibition,y,
MEM194104230,browt105,MEM,1,5,value,27,0,3,0,1,0,,,,,1,19410423,0,PBL01,h,NY5,1,0,0,exhibition,y,
MEM194104230,dumal101,MEM,1,1,value,27,0,0,0,0,0,,,,,1,19410423,0,PBL01,h,NY5,1,0,0,exhibition,y,
MEM194205210,hubej101,CAG,1,1,value,24,,,0,,0,0,,,,1,19420521,0,PBL01,v,MEM,0,1,0,regular,,
MEM194205210,jeffu101,CAG,1,2,value,24,,,0,,0,,,,,1,19420521,0,PBL01,v,MEM,0,1,0,regular,,
MEM194205210,keyer101,MEM,1,1,value,27,,,0,,0,0,,,,1,19420521,0,PBL01,h,CAG,1,0,0,regular,,
MEM194205210,smitb114,MEM,1,2,value,27,,,0,,0,,,,,1,19420521,0,PBL01,h,CAG,1,0,0,regular,,
MEM194205220,hubej101,CAG,1,1,value,24,,,0,,0,0,,,,1,19420522,0,PBL01,v,MEM,0,1,0,regular,,
MEM194205220,jeffu101,CAG,1,2,value,24,,,0,,0,,,,,1,19420522,0,PBL01,v,MEM,0,1,0,regular,,
MEM194205220,keyer101,MEM,1,1,value,27,,,0,,0,0,,,,1,19420522,0,PBL01,h,CAG,1,0,0,regular,,
MEM194205220,smitb114,MEM,1,2,value,27,,,0,,0,,,,,1,19420522,0,PBL01,h,CAG,1,0,0,regular,,
