gid,id,team,d_seq,d_pos,stattype,d_ifouts,d_po,d_a,d_e,d_dp,d_tp,d_pb,d_wp,d_sb,d_cs,d_gs,date,number,site,vishome,opp,win,loss,tie,gametype,box,pbp,eject
SSA193706120,thomu102,SSA,1,7,value,27,,,1,,,,,,,1,19370612,0,STL14,h,BIR,0,1,0,regular,y,,
SSA193706131,thomu102,SSA,1,7,value,3,0,0,0,0,0,,,,,0,19370613,1,STL14,h,BIR,1,0,0,regular,y,d,
KCM193706190,thomu102,SSA,1,7,value,27,0,0,0,0,0,,,,,1,19370619,0,CMB01,v,KCM,1,0,0,regular,y,d,
SSA193706271,thomu102,SSA,2,7,value,,,,0,,,,,,,,19370627,1,STL14,h,IN6,0,1,0,regular,y,,
SSA193707111,thomu102,SSA,,8,value,,,,,,,,,,,1,19370711,1,STL14,h,MEM,0,1,0,regular,,,
SSA193707112,thomu102,SSA,,8,value,,,,,,,,,,,1,19370711,2,STL14,h,MEM,0,1,0,regular,,,
IN6193707170,thomu102,SSA,1,8,value,27,,,0,,,,,,,1,19370717,0,IND10,v,IN6,1,0,0,regular,y,,
IN6193707181,thomu102,SSA,1,8,value,24,,,1,,,,,,,1,19370718,1,IND10,v,IN6,0,1,0,regular,y,,
IN6193707200,thomu102,SSA,1,8,value,3,,,1,0,,,,,,1,19370720,0,MIL03,v,IN6,0,1,0,regular,y,,
