gid,id,team,d_seq,d_pos,stattype,d_ifouts,d_po,d_a,d_e,d_dp,d_tp,d_pb,d_wp,d_sb,d_cs,d_gs,date,number,site,vishome,opp,win,loss,tie,gametype,box,pbp,eject
SLN191804220,sherb101,SLN,1,1,value,3,0,0,0,0,0,,,,,0,19180422,0,STL05,h,PIT,0,1,0,regular,y,y,
CHN191804260,sherb101,SLN,1,1,value,3,1,0,0,0,0,,,,,0,19180426,0,CHI11,v,CHN,0,1,0,regular,y,y,
CIN191804280,sherb101,SLN,1,1,value,24,0,2,0,0,0,,,,,1,19180428,0,CIN07,v,CIN,1,0,0,regular,y,y,
PIT191805020,sherb101,SLN,1,1,value,3,0,1,0,0,0,,,,,0,19180502,0,PIT06,v,PIT,0,1,0,regular,y,y,
PIT191805040,sherb101,SLN,1,1,value,26,0,2,0,0,0,,,,,0,19180504,0,PIT06,v,PIT,0,1,0,regular,y,y,
SLN191805090,sherb101,SLN,1,1,value,14,0,1,0,0,0,,,,,0,19180509,0,STL05,h,CIN,0,1,0,regular,y,y,
SLN191805150,sherb101,SLN,1,1,value,27,0,3,0,0,0,,,,,1,19180515,0,STL05,h,BSN,1,0,0,regular,y,y,
SLN191805200,sherb101,SLN,1,1,value,27,0,3,0,0,0,,,,,1,19180520,0,STL05,h,NY1,0,1,0,regular,y,d,
SLN191805230,sherb101,SLN,1,1,value,18,0,3,0,0,0,,,,,0,19180523,0,STL05,h,NY1,0,1,0,regular,y,y,
SLN191805270,sherb101,SLN,1,1,value,27,1,3,0,0,0,,,,,1,19180527,0,STL05,h,BRO,0,1,0,regular,y,y,
PIT191805310,sherb101,SLN,1,1,value,7,0,2,0,0,0,,,,,1,19180531,0,PIT06,v,PIT,0,1,0,regular,y,y,
NY1191806081,sherb101,SLN,1,1,value,18,1,0,0,0,0,,,,,1,19180608,1,NYC14,v,NY1,0,1,0,regular,y,y,
PHI191806130,sherb101,SLN,1,1,value,28,1,2,0,1,0,,,,,0,19180613,0,PHI09,v,PHI,0,0,1,regular,y,y,
BSN191806180,sherb101,SLN,1,1,value,3,0,1,0,0,0,,,,,0,19180618,0,BOS08,v,BSN,0,1,0,regular,y,y,
SLN191806222,sherb101,SLN,1,1,value,21,0,0,0,0,0,,,,,0,19180622,2,STL05,h,CIN,0,1,0,regular,y,y,
CHN191806230,sherb101,SLN,1,1,value,3,0,1,0,0,0,,,,,0,19180623,0,CHI11,v,CHN,0,1,0,regular,y,y,
CHN191806250,sherb101,SLN,1,1,value,24,0,3,0,0,0,,,,,1,19180625,0,CHI11,v,CHN,0,1,0,regular,y,y,
SLN191806291,sherb101,SLN,1,1,value,3,0,0,0,0,0,,,,,0,19180629,1,STL05,h,PIT,0,1,0,regular,y,y,
SLN191806292,sherb101,SLN,1,1,value,6,0,1,0,0,0,,,,,0,19180629,2,STL05,h,PIT,1,0,0,regular,y,y,
SLN191807022,sherb101,SLN,1,1,value,18,0,1,0,0,0,,,,,0,19180702,2,STL05,h,CHN,0,1,0,regular,y,y,
SLN191807060,sherb101,SLN,1,1,value,6,0,0,0,0,0,,,,,0,19180706,0,STL05,h,BRO,0,1,0,regular,y,y,
SLN191807090,sherb101,SLN,1,1,value,1,0,0,0,0,0,,,,,0,19180709,0,STL05,h,BRO,1,0,0,regular,y,y,
SLN191807110,sherb101,SLN,1,1,value,6,0,1,0,0,0,,,,,1,19180711,0,STL05,h,PHI,0,1,0,regular,y,y,
SLN191807142,sherb101,SLN,1,1,value,12,0,1,0,0,0,,,,,0,19180714,2,STL05,h,BSN,0,1,0,regular,y,y,
SLN191807212,sherb101,SLN,1,1,value,30,1,3,0,0,0,,,,,1,19180721,2,STL05,h,NY1,0,1,0,regular,y,y,
NY1191807252,sherb101,SLN,1,1,value,7,0,0,0,0,0,,,,,0,19180725,2,NYC14,v,NY1,0,1,0,regular,y,y,
BRO191807272,sherb101,SLN,1,1,value,14,0,2,0,0,0,,,,,1,19180727,2,NYC15,v,BRO,1,0,0,regular,y,y,
BRO191807312,sherb101,SLN,1,1,value,6,0,1,0,0,0,,,,,0,19180731,2,NYC15,v,BRO,0,1,0,regular,y,y,
PHI191808020,sherb101,SLN,1,1,value,27,0,3,0,0,0,,,,,1,19180802,0,PHI09,v,PHI,1,0,0,regular,y,y,
BSN191808080,sherb101,SLN,1,1,value,24,0,1,0,0,0,,,,,1,19180808,0,BOS08,v,BSN,0,1,0,regular,y,y,
SLN191808130,sherb101,SLN,1,1,value,27,0,2,0,0,0,,,,,1,19180813,0,STL05,h,CIN,0,1,0,regular,y,y,
SLN191808171,sherb101,SLN,1,1,value,3,0,0,0,0,0,,,,,0,19180817,1,STL05,h,BSN,0,1,0,regular,y,y,
SLN191808181,sherb101,SLN,1,1,value,27,0,0,0,0,0,,,,,1,19180818,1,STL05,h,PHI,1,0,0,regular,y,d,
SLN191808221,sherb101,SLN,1,1,value,27,1,1,0,0,0,,,,,1,19180822,1,STL05,h,BRO,1,0,0,regular,y,y,
PIT191808292,sherb101,SLN,1,1,value,27,0,2,0,0,0,,,,,1,19180829,2,PIT06,v,PIT,1,0,0,regular,y,y,
CIN191904230,sherb101,SLN,1,1,value,4,0,0,0,0,0,,,,,0,19190423,0,CIN07,v,CIN,0,1,0,regular,y,y,
CIN191904240,sherb101,SLN,1,1,value,24,2,2,0,0,0,,,,,1,19190424,0,CIN07,v,CIN,0,1,0,regular,y,y,
CIN191904260,sherb101,SLN,1,1,value,12,0,3,0,0,0,,,,,0,19190426,0,CIN07,v,CIN,0,1,0,regular,y,y,
SLN191905010,sherb101,SLN,1,1,value,3,0,0,0,0,0,,,,,1,19190501,0,STL05,h,CIN,0,1,0,regular,y,y,
SLN191905040,sherb101,SLN,1,1,value,6,0,1,0,0,0,,,,,0,19190504,0,STL05,h,PIT,0,1,0,regular,y,y,
SLN191905050,sherb101,SLN,1,1,value,6,0,1,0,0,0,,,,,0,19190505,0,STL05,h,PIT,0,1,0,regular,y,y,
PIT191905080,sherb101,SLN,1,1,value,16,0,2,1,0,0,,,,,1,19190508,0,PIT06,v,PIT,0,1,0,regular,y,y,
BSN191905140,sherb101,SLN,1,1,value,6,0,2,0,0,0,,,,,0,19190514,0,BOS08,v,BSN,0,1,0,regular,y,y,
BSN191905160,sherb101,SLN,1,1,value,20,1,2,0,0,0,,,,,0,19190516,0,BOS08,v,BSN,1,0,0,regular,y,y,
PHI191905200,sherb101,SLN,1,1,value,0,0,0,0,0,0,,,,,0,19190520,0,PHI09,v,PHI,0,1,0,regular,y,y,
SLN191906190,sherb101,SLN,1,1,value,16,0,2,0,0,0,,,,,0,19190619,0,STL05,h,NY1,0,1,0,regular,y,y,
SLN191906220,sherb101,SLN,1,1,value,27,0,5,1,0,0,,,,,1,19190622,0,STL05,h,PIT,0,1,0,regular,y,y,
CHN191906270,sherb101,SLN,1,1,value,1,0,0,0,0,0,,,,,0,19190627,0,CHI11,v,CHN,0,1,0,regular,y,y,
CHN191906280,sherb101,SLN,1,1,value,2,0,0,0,0,0,,,,,0,19190628,0,CHI11,v,CHN,0,1,0,regular,y,y,
CIN191906290,sherb101,SLN,1,1,value,26,0,3,0,0,0,,,,,0,19190629,0,CIN07,v,CIN,1,0,0,regular,y,y,
PIT191907020,sherb101,SLN,1,1,value,1,0,0,0,0,0,,,,,0,19190702,0,PIT06,v,PIT,1,0,0,regular,y,y,
PIT191907070,sherb101,SLN,1,1,value,2,0,0,0,0,0,,,,,0,19190707,0,PIT06,v,PIT,0,1,0,regular,y,y,
NY1191907090,sherb101,SLN,1,1,value,15,0,1,0,0,0,,,,,0,19190709,0,NYC14,v,NY1,1,0,0,regular,y,y,
PHI191907191,sherb101,SLN,1,1,value,12,0,0,0,0,0,,,,,0,19190719,1,PHI09,v,PHI,0,1,0,regular,y,y,
SLN191907270,sherb101,SLN,1,1,value,11,0,1,0,0,0,,,,,0,19190727,0,STL05,h,CHN,0,1,0,regular,y,y,
SLN191907300,sherb101,SLN,1,1,value,3,0,1,0,0,0,,,,,0,19190730,0,STL05,h,PHI,0,1,0,regular,y,y,
SLN191907310,sherb101,SLN,1,1,value,3,0,1,0,0,0,,,,,0,19190731,0,STL05,h,PHI,0,1,0,regular,y,y,
SLN191908040,sherb101,SLN,1,1,value,3,0,1,0,0,0,,,,,0,19190804,0,STL05,h,BRO,0,1,0,regular,y,y,
SLN191908100,sherb101,SLN,1,1,value,3,0,0,0,0,0,,,,,0,19190810,0,STL05,h,BSN,0,1,0,regular,y,y,
BSN191908161,sherb101,SLN,1,1,value,27,0,1,0,0,0,,,,,1,19190816,1,BOS08,v,BSN,1,0,0,regular,y,y,
BSN191908192,sherb101,SLN,1,1,value,31,0,6,0,0,0,,,,,1,19190819,2,BOS08,v,BSN,0,1,0,regular,y,y,
NY1191908220,sherb101,SLN,1,1,value,4,0,0,0,0,0,,,,,1,19190822,0,NYC14,v,NY1,0,1,0,regular,y,y,
PIT191908290,sherb101,SLN,1,1,value,24,1,1,1,1,0,,,,,1,19190829,0,PIT06,v,PIT,0,1,0,regular,y,y,
PIT191909012,sherb101,SLN,1,1,value,24,0,2,0,0,0,,,,,1,19190901,2,PIT06,v,PIT,0,1,0,regular,y,y,
SLN191909090,sherb101,SLN,1,1,value,6,0,0,0,0,0,,,,,0,19190909,0,STL05,h,BRO,1,0,0,regular,y,y,
SLN191909130,sherb101,SLN,1,1,value,6,0,0,0,0,0,,,,,0,19190913,0,STL05,h,NY1,0,1,0,regular,y,y,
SLN191909162,sherb101,SLN,1,1,value,27,0,4,0,0,0,,,,,1,19190916,2,STL05,h,BSN,1,0,0,regular,y,y,
SLN191909171,sherb101,SLN,1,1,value,3,0,0,0,0,0,,,,,0,19190917,1,STL05,h,BSN,0,1,0,regular,y,y,
SLN191909190,sherb101,SLN,1,1,value,21,0,0,1,0,0,,,,,0,19190919,0,STL05,h,PHI,0,1,0,regular,y,y,
SLN191909270,sherb101,SLN,1,1,value,3,0,0,0,0,0,,,,,1,19190927,0,STL05,h,PIT,1,0,0,regular,y,y,
SLN191909280,sherb101,SLN,1,1,value,13,1,3,0,0,0,,,,,0,19190928,0,STL05,h,PIT,0,1,0,regular,y,y,
SLN192004160,sherb101,SLN,1,1,value,27,0,1,0,0,0,,,,,1,19200416,0,STL05,h,PIT,0,1,0,regular,y,y,
CIN192004250,sherb101,SLN,1,1,value,23,0,2,0,0,0,,,,,0,19200425,0,CIN07,v,CIN,0,1,0,regular,y,y,
CHN192004290,sherb101,SLN,1,1,value,3,0,1,0,0,0,,,,,0,19200429,0,CHI11,v,CHN,0,1,0,regular,y,y,
SLN192005070,sherb101,SLN,1,1,value,21,2,2,0,0,0,,,,,0,19200507,0,STL05,h,CIN,0,1,0,regular,y,y,
SLN192005110,sherb101,SLN,1,1,value,3,0,0,0,0,0,,,,,0,19200511,0,STL05,h,BSN,0,1,0,regular,y,y,
SLN192005200,sherb101,SLN,1,1,value,9,0,1,0,0,0,,,,,0,19200520,0,STL05,h,PHI,1,0,0,regular,y,y,
SLN192005220,sherb101,SLN,1,1,value,3,0,0,0,0,0,,,,,0,19200522,0,STL05,h,NY1,1,0,0,regular,y,y,
SLN192005230,sherb101,SLN,1,1,value,11,0,1,0,0,0,,,,,0,19200523,0,STL05,h,NY1,1,0,0,regular,y,y,
SLN192005240,sherb101,SLN,1,1,value,4,0,2,0,0,0,,,,,0,19200524,0,STL05,h,NY1,0,1,0,regular,y,y,
SLN192005260,sherb101,SLN,1,1,value,4,0,0,0,0,0,,,,,0,19200526,0,STL05,h,CIN,1,0,0,regular,y,y,
SLN192005270,sherb101,SLN,1,1,value,10,0,1,0,0,0,,,,,0,19200527,0,STL05,h,CIN,1,0,0,regular,y,y,
CHN192005290,sherb101,SLN,1,1,value,3,0,1,0,0,0,,,,,0,19200529,0,CHI11,v,CHN,0,1,0,regular,y,y,
PIT192005311,sherb101,SLN,1,1,value,22,1,2,0,0,0,,,,,1,19200531,1,PIT06,v,PIT,1,0,0,regular,y,y,
SLN192006050,sherb101,SLN,1,1,value,27,1,5,0,1,0,,,,,0,19200605,0,STL05,h,CHN,1,0,0,regular,y,y,
NY1192006130,sherb101,SLN,1,1,value,8,0,1,0,0,0,,,,,0,19200613,0,NYC14,v,NY1,1,0,0,regular,y,y,
PHI192006192,sherb101,SLN,1,1,value,18,0,1,0,1,0,,,,,0,19200619,2,PHI09,v,PHI,0,1,0,regular,y,y,
BSN192006230,sherb101,SLN,1,1,value,1,0,0,0,0,0,,,,,0,19200623,0,BOS08,v,BSN,0,1,0,regular,y,y,
CIN192006262,sherb101,SLN,1,1,value,9,0,2,0,0,0,,,,,0,19200626,2,CIN07,v,CIN,1,0,0,regular,y,y,
CIN192006280,sherb101,SLN,1,1,value,10,0,1,0,1,0,,,,,0,19200628,0,CIN07,v,CIN,0,1,0,regular,y,y,
CIN192006290,sherb101,SLN,1,1,value,8,0,1,0,0,0,,,,,0,19200629,0,CIN07,v,CIN,0,1,0,regular,y,y,
SLN192007010,sherb101,SLN,1,1,value,3,0,0,0,0,0,,,,,0,19200701,0,STL07,h,PIT,0,1,0,regular,y,y,
SLN192007052,sherb101,SLN,1,1,value,27,0,3,0,0,0,,,,,1,19200705,2,STL07,h,CHN,1,0,0,regular,y,y,
SLN192007060,sherb101,SLN,1,1,value,7,0,1,0,0,0,,,,,0,19200706,0,STL07,h,CHN,0,1,0,regular,y,y,
SLN192007100,sherb101,SLN,1,1,value,9,0,1,0,0,0,,,,,0,19200710,0,STL07,h,BRO,0,1,0,regular,y,y,
SLN192007130,sherb101,SLN,1,1,value,15,0,3,0,0,0,,,,,0,19200713,0,STL07,h,NY1,0,1,0,regular,y,y,
SLN192007190,sherb101,SLN,1,1,value,36,1,0,1,0,0,,,,,1,19200719,0,STL07,h,PHI,1,0,0,regular,y,y,
SLN192007230,sherb101,SLN,1,1,value,9,0,0,0,0,0,,,,,0,19200723,0,STL07,h,BSN,0,1,0,regular,y,y,
SLN192007240,sherb101,SLN,1,1,value,6,0,0,0,0,0,,,,,0,19200724,0,STL07,h,BSN,1,0,0,regular,y,y,
SLN192007250,sherb101,SLN,1,1,value,1,0,1,0,0,0,,,,,0,19200725,0,STL07,h,BSN,0,1,0,regular,y,y,
NY1192007280,sherb101,SLN,1,1,value,18,0,2,0,0,0,,,,,0,19200728,0,NYC14,v,NY1,0,1,0,regular,y,y,
NY1192007300,sherb101,SLN,1,1,value,2,0,0,0,0,0,,,,,0,19200730,0,NYC14,v,NY1,0,1,0,regular,y,y,
PHI192008090,sherb101,SLN,1,1,value,2,1,1,0,0,0,,,,,1,19200809,0,PHI09,v,PHI,1,0,0,regular,y,y,
PIT192008142,sherb101,SLN,1,1,value,24,0,2,0,0,0,,,,,1,19200814,2,PIT06,v,PIT,0,0,1,regular,y,y,
SLN192008240,sherb101,SLN,1,1,value,17,0,1,0,0,0,,,,,0,19200824,0,STL07,h,NY1,1,0,0,regular,y,y,
SLN192008310,sherb101,SLN,1,1,value,8,0,0,0,0,0,,,,,1,19200831,0,STL07,h,BRO,0,1,0,regular,y,y,
SLN192009050,sherb101,SLN,1,1,value,33,0,2,0,0,0,,,,,0,19200905,0,STL07,h,CIN,0,1,0,regular,y,y,
BRO192009100,sherb101,SLN,1,1,value,2,0,0,0,0,0,,,,,0,19200910,0,NYC15,v,BRO,0,1,0,regular,y,y,
NY1192009120,sherb101,SLN,1,1,value,1,0,0,0,0,0,,,,,0,19200912,0,NYC14,v,NY1,1,0,0,regular,y,y,
BSN192009161,sherb101,SLN,1,1,value,10,0,2,0,0,0,,,,,0,19200916,1,BOS08,v,BSN,1,0,0,regular,y,y,
BSN192009181,sherb101,SLN,1,1,value,17,1,2,0,1,0,,,,,0,19200918,1,BOS08,v,BSN,1,0,0,regular,y,y,
PHI192009200,sherb101,SLN,1,1,value,12,0,1,0,0,0,,,,,0,19200920,0,PHI09,v,PHI,1,0,0,regular,y,y,
PIT192009251,sherb101,SLN,1,1,value,13,0,1,0,0,0,,,,,0,19200925,1,PIT06,v,PIT,0,1,0,regular,y,y,
CIN192010030,sherb101,SLN,1,1,value,12,0,0,0,0,0,,,,,0,19201003,0,CIN07,v,CIN,1,0,0,regular,y,d,
SLN192104240,sherb101,SLN,1,1,value,3,0,1,0,0,0,,,,,0,19210424,0,STL07,h,CHN,0,1,0,regular,y,y,
SLN192104270,sherb101,SLN,1,1,value,6,0,0,0,0,0,,,,,0,19210427,0,STL07,h,PIT,0,1,0,regular,y,y,
SLN192104290,sherb101,SLN,1,1,value,10,0,0,0,0,0,,,,,0,19210429,0,STL07,h,CIN,0,1,0,regular,y,y,
PIT192105070,sherb101,SLN,1,1,value,24,1,3,0,0,0,,,,,1,19210507,0,PIT06,v,PIT,0,1,0,regular,y,y,
NY1192105120,sherb101,SLN,1,1,value,1,0,1,0,0,0,,,,,1,19210512,0,NYC14,v,NY1,0,1,0,regular,y,y,
BSN192105240,sherb101,SLN,1,1,value,18,0,2,1,0,0,,,,,0,19210524,0,BOS08,v,BSN,0,1,0,regular,y,y,
CHN192105270,sherb101,SLN,1,1,value,12,0,1,0,0,0,,,,,0,19210527,0,CHI11,v,CHN,1,0,0,regular,y,y,
CIN192105302,sherb101,SLN,1,1,value,18,2,2,0,0,0,,,,,0,19210530,2,CIN07,v,CIN,1,0,0,regular,y,y,y
CIN192106020,sherb101,SLN,1,1,value,3,0,0,0,0,0,,,,,0,19210602,0,CIN07,v,CIN,0,1,0,regular,y,y,
SLN192106040,sherb101,SLN,1,1,value,2,0,0,0,0,0,,,,,0,19210604,0,STL07,h,PHI,1,0,0,regular,y,y,
SLN192106050,sherb101,SLN,1,1,value,2,0,0,0,0,0,,,,,0,19210605,0,STL07,h,PHI,1,0,0,regular,y,y,
SLN192106150,sherb101,SLN,1,1,value,6,0,1,0,0,0,,,,,0,19210615,0,STL07,h,BSN,0,1,0,regular,y,y,
SLN192106180,sherb101,SLN,1,1,value,12,0,0,0,0,0,,,,,0,19210618,0,STL07,h,BSN,0,1,0,regular,y,y,
SLN192106211,sherb101,SLN,1,3,value,3,2,0,0,0,0,,,,,0,19210621,1,STL07,h,CHN,1,0,0,regular,y,y,
SLN192106212,sherb101,SLN,1,1,value,6,0,0,0,0,0,,,,,0,19210621,2,STL07,h,CHN,0,1,0,regular,y,y,
SLN192106252,sherb101,SLN,1,1,value,7,0,0,0,0,0,,,,,0,19210625,2,STL07,h,PIT,0,1,0,regular,y,y,
SLN192106270,sherb101,SLN,1,1,value,9,0,2,0,0,0,,,,,0,19210627,0,STL07,h,CIN,0,1,0,regular,y,y,
PIT192107060,sherb101,SLN,1,1,value,15,0,1,0,0,0,,,,,0,19210706,0,PIT06,v,PIT,0,1,0,regular,y,y,
NY1192107130,sherb101,SLN,1,1,value,3,1,0,0,0,0,,,,,0,19210713,0,NYC14,v,NY1,0,1,0,regular,y,y,
BSN192107161,sherb101,SLN,1,1,value,6,0,0,0,0,0,,,,,0,19210716,1,BOS08,v,BSN,1,0,0,regular,y,y,
BSN192107162,sherb101,SLN,1,1,value,4,0,1,0,0,0,,,,,0,19210716,2,BOS08,v,BSN,0,1,0,regular,y,y,
BRO192107230,sherb101,SLN,1,1,value,2,0,0,1,0,0,,,,,0,19210723,0,NYC15,v,BRO,0,1,0,regular,y,y,
SLN192107260,sherb101,SLN,1,1,value,12,0,0,0,0,0,,,,,0,19210726,0,STL07,h,PHI,0,1,0,regular,y,y,
SLN192108010,sherb101,SLN,1,1,value,1,0,0,0,0,0,,,,,0,19210801,0,STL07,h,BRO,0,1,0,regular,y,y,
SLN192108060,sherb101,SLN,1,1,value,27,1,3,0,0,0,,,,,0,19210806,0,STL07,h,BSN,1,0,0,regular,y,y,
SLN192108090,sherb101,SLN,1,1,value,2,0,1,0,0,0,,,,,0,19210809,0,STL07,h,BSN,0,1,0,regular,y,y,
SLN192108102,sherb101,SLN,1,1,value,0,0,0,0,0,0,,,,,0,19210810,2,STL07,h,CIN,0,1,0,regular,y,y,
SLN192108120,sherb101,SLN,1,1,value,24,0,6,0,0,0,,,,,0,19210812,0,STL07,h,CIN,0,1,0,regular,y,y,
NY1192108230,sherb101,SLN,1,1,value,26,0,2,0,0,0,,,,,0,19210823,0,NYC14,v,NY1,1,0,0,regular,y,y,
BSN192108272,sherb101,SLN,1,1,value,27,0,2,0,0,0,,,,,1,19210827,2,BOS08,v,BSN,1,0,0,regular,y,y,
PIT192109012,sherb101,SLN,1,1,value,27,0,2,0,0,0,,,,,1,19210901,2,PIT06,v,PIT,1,0,0,regular,y,y,
SLN192109042,sherb101,SLN,1,1,value,27,0,2,0,0,0,,,,,1,19210904,2,STL07,h,CHN,1,0,0,regular,y,y,
CHN192109110,sherb101,SLN,1,1,value,22,0,3,0,0,0,,,,,1,19210911,0,CHI11,v,CHN,1,0,0,regular,y,y,
SLN192109141,sherb101,SLN,1,1,value,7,0,1,0,0,0,,,,,0,19210914,1,STL07,h,BRO,0,1,0,regular,y,y,
SLN192109200,sherb101,SLN,1,1,value,14,0,1,0,0,0,,,,,1,19210920,0,STL07,h,BSN,1,0,0,regular,y,y,
SLN192109210,sherb101,SLN,1,1,value,24,0,0,0,0,0,,,,,0,19210921,0,STL07,h,BSN,0,1,0,regular,y,y,
SLN192109250,sherb101,SLN,1,1,value,3,0,0,1,0,0,,,,,0,19210925,0,STL07,h,NY1,0,1,0,regular,y,y,
SLN192109292,sherb101,SLN,1,1,value,18,0,1,0,0,0,,,,,1,19210929,2,STL07,h,PIT,1,0,0,regular,y,y,
SLN192110010,sherb101,SLN,1,1,value,3,0,1,0,0,0,,,,,0,19211001,0,STL07,h,PIT,0,0,1,regular,y,y,
SLN192204120,sherb101,SLN,1,1,value,27,0,1,0,0,0,,,,,1,19220412,0,STL07,h,PIT,1,0,0,regular,y,y,
SLN192204160,sherb101,SLN,1,1,value,27,0,4,0,0,0,,,,,1,19220416,0,STL07,h,CHN,1,0,0,regular,y,y,
PIT192204200,sherb101,SLN,1,1,value,0,0,0,0,0,0,,,,,1,19220420,0,PIT06,v,PIT,0,1,0,regular,y,y,
CHN192204280,sherb101,SLN,1,1,value,27,0,3,0,0,0,,,,,1,19220428,0,CHI11,v,CHN,1,0,0,regular,y,y,
SLN192205040,sherb101,SLN,1,1,value,2,0,0,0,0,0,,,,,0,19220504,0,STL07,h,CIN,1,0,0,regular,y,y,
SLN192205090,sherb101,SLN,1,1,value,6,0,1,0,0,0,,,,,0,19220509,0,STL07,h,NY1,0,1,0,regular,y,y,
SLN192205120,sherb101,SLN,1,1,value,15,0,2,0,0,0,,,,,0,19220512,0,STL07,h,NY1,1,0,0,regular,y,y,
SLN192205170,sherb101,SLN,1,1,value,27,0,2,0,0,0,,,,,1,19220517,0,STL07,h,BRO,1,0,0,regular,y,y,
SLN192205210,sherb101,SLN,1,1,value,27,0,0,0,0,0,,,,,1,19220521,0,STL07,h,BSN,0,1,0,regular,y,y,
SLN192205230,sherb101,SLN,1,1,value,3,1,0,0,0,0,,,,,0,19220523,0,STL07,h,BSN,0,1,0,regular,y,y,
SLN192205250,sherb101,SLN,1,1,value,0,0,0,0,0,0,,,,,1,19220525,0,STL07,h,PIT,0,1,0,regular,y,y,
SLN192205271,sherb101,SLN,1,1,value,27,1,4,0,0,0,,,,,1,19220527,1,STL07,h,PIT,1,0,0,regular,y,y,
CHN192205301,sherb101,SLN,1,1,value,11,0,0,0,0,0,,,,,1,19220530,1,CHI11,v,CHN,0,1,0,regular,y,y,
PIT192206030,sherb101,SLN,1,1,value,5,0,2,0,0,0,,,,,0,19220603,0,PIT06,v,PIT,1,0,0,regular,y,y,
BSN192206060,sherb101,SLN,1,1,value,12,0,0,0,0,0,,,,,1,19220606,0,BOS08,v,BSN,0,1,0,regular,y,y,
BRO192206150,sherb101,SLN,1,1,value,21,0,0,0,0,0,,,,,1,19220615,0,NYC15,v,BRO,1,0,0,regular,y,y,
SLN192206250,sherb101,SLN,1,1,value,27,0,2,0,0,0,,,,,1,19220625,0,STL07,h,CHN,1,0,0,regular,y,y,
PIT192206300,sherb101,SLN,1,1,value,27,0,1,0,0,0,,,,,1,19220630,0,PIT06,v,PIT,1,0,0,regular,y,y,
SLN192207042,sherb101,SLN,1,1,value,27,0,1,0,0,0,,,,,1,19220704,2,STL07,h,CIN,1,0,0,regular,y,y,
SLN192207080,sherb101,SLN,1,1,value,18,1,1,1,0,0,,,,,1,19220708,0,STL07,h,BRO,1,0,0,regular,y,y,
SLN192207122,sherb101,SLN,1,1,value,27,2,0,0,0,0,,,,,1,19220712,2,STL07,h,PHI,0,1,0,regular,y,y,
SLN192207160,sherb101,SLN,1,1,value,27,0,2,0,0,0,,,,,1,19220716,0,STL07,h,NY1,1,0,0,regular,y,y,
SLN192207200,sherb101,SLN,1,1,value,30,1,2,0,0,0,,,,,1,19220720,0,STL07,h,BSN,1,0,0,regular,y,y,
SLN192207220,sherb101,SLN,1,1,value,3,0,0,0,0,0,,,,,0,19220722,0,STL07,h,BSN,1,0,0,regular,y,y,
SLN192207230,sherb101,SLN,1,1,value,6,0,1,0,0,0,,,,,0,19220723,0,STL07,h,BSN,0,1,0,regular,y,y,
NY1192207260,sherb101,SLN,1,1,value,16,0,0,0,0,0,,,,,1,19220726,0,NYC14,v,NY1,0,1,0,regular,y,y,
NY1192207270,sherb101,SLN,1,1,value,13,0,0,0,0,0,,,,,0,19220727,0,NYC14,v,NY1,0,1,0,regular,y,y,
BRO192207310,sherb101,SLN,1,1,value,27,0,0,0,0,0,,,,,1,19220731,0,NYC15,v,BRO,1,0,0,regular,y,y,
PHI192208040,sherb101,SLN,1,1,value,27,0,2,0,0,0,,,,,1,19220804,0,PHI09,v,PHI,1,0,0,regular,y,y,
BSN192208070,sherb101,SLN,1,1,value,2,0,0,0,0,0,,,,,0,19220807,0,BOS08,v,BSN,0,1,0,regular,y,y,
BSN192208091,sherb101,SLN,1,1,value,5,0,0,0,0,0,,,,,1,19220809,1,BOS08,v,BSN,0,1,0,regular,y,y,
SLN192208130,sherb101,SLN,1,1,value,19,0,1,1,0,0,,,,,1,19220813,0,STL07,h,CHN,0,1,0,regular,y,y,
SLN192208170,sherb101,SLN,1,1,value,3,0,0,0,0,0,,,,,0,19220817,0,STL07,h,BRO,0,1,0,regular,y,y,
SLN192208190,sherb101,SLN,1,1,value,26,0,1,1,0,0,,,,,1,19220819,0,STL07,h,PHI,0,1,0,regular,y,y,
SLN192208190,sherb101,SLN,1,1,official,,,,0,0,,,,,,1,19220819,0,STL07,h,PHI,0,1,0,regular,y,y,
SLN192208230,sherb101,SLN,1,1,value,25,0,2,0,0,0,,,,,1,19220823,0,STL07,h,BSN,1,0,0,regular,y,y,
SLN192208240,sherb101,SLN,1,1,value,4,0,1,1,0,0,,,,,0,19220824,0,STL07,h,BSN,0,1,0,regular,y,y,
SLN192208270,sherb101,SLN,1,1,value,18,0,1,0,0,0,,,,,1,19220827,0,STL07,h,NY1,0,1,0,regular,y,y,
SLN192208290,sherb101,SLN,1,1,value,3,0,0,1,0,0,,,,,0,19220829,0,STL07,h,CHN,0,1,0,regular,y,y,
SLN192209020,sherb101,SLN,1,1,value,18,0,2,1,0,0,,,,,1,19220902,0,STL07,h,PIT,0,1,0,regular,y,y,
CIN192209060,sherb101,SLN,1,1,value,14,0,0,0,0,0,,,,,1,19220906,0,CIN07,v,CIN,0,1,0,regular,y,y,
CIN192209090,sherb101,SLN,1,1,value,2,0,0,0,0,0,,,,,0,19220909,0,CIN07,v,CIN,1,0,0,regular,y,y,
CIN192209100,sherb101,SLN,1,1,value,2,0,1,0,0,0,,,,,0,19220910,0,CIN07,v,CIN,0,1,0,regular,y,y,
PHI192209150,sherb101,SLN,1,1,value,2,0,0,0,0,0,,,,,0,19220915,0,PHI09,v,PHI,0,1,0,regular,y,y,
BSN192209160,sherb101,SLN,1,1,value,27,0,0,0,0,0,,,,,1,19220916,0,BOS08,v,BSN,1,0,0,regular,y,y,
BRO192209202,sherb101,SLN,1,1,value,7,0,1,0,1,0,,,,,0,19220920,2,NYC15,v,BRO,1,0,0,regular,y,y,
NY1192209240,sherb101,SLN,1,1,value,27,0,1,0,0,0,,,,,1,19220924,0,NYC14,v,NY1,1,0,0,regular,y,y,
CHN192209301,sherb101,SLN,1,1,value,10,0,0,0,0,0,,,,,1,19220930,1,CHI11,v,CHN,1,0,0,regular,y,y,
CHN192304220,sherb101,SLN,1,1,value,18,0,1,0,0,0,,,,,1,19230422,0,CHI11,v,CHN,0,1,0,regular,y,d,
SLN192304260,sherb101,SLN,1,1,value,27,0,2,1,1,0,,,,,1,19230426,0,STL07,h,CIN,1,0,0,regular,y,y,
SLN192304300,sherb101,SLN,1,1,value,2,0,0,0,0,0,,,,,0,19230430,0,STL07,h,PIT,1,0,0,regular,y,y,
SLN192305010,sherb101,SLN,1,1,value,16,0,0,0,0,0,,,,,1,19230501,0,STL07,h,PIT,0,1,0,regular,y,y,
SLN192305050,sherb101,SLN,1,1,value,6,0,0,0,0,0,,,,,0,19230505,0,STL07,h,CHN,1,0,0,regular,y,y,
PIT192305070,sherb101,SLN,1,1,value,18,0,1,0,0,0,,,,,1,19230507,0,PIT06,v,PIT,0,1,0,regular,y,y,
PHI192305090,sherb101,SLN,1,1,value,4,0,0,0,0,0,,,,,0,19230509,0,PHI09,v,PHI,1,0,0,regular,y,y,
PHI192305110,sherb101,SLN,1,1,value,6,0,2,0,0,0,,,,,0,19230511,0,PHI09,v,PHI,0,1,0,regular,y,y,
BRO192305180,sherb101,SLN,1,1,value,27,0,1,0,0,0,,,,,1,19230518,0,NYC15,v,BRO,1,0,0,regular,y,y,
PIT192305240,sherb101,SLN,1,1,value,18,0,1,0,0,0,,,,,1,19230524,0,PIT06,v,PIT,0,1,0,regular,y,y,
SLN192305290,sherb101,SLN,1,1,value,24,0,1,0,0,0,,,,,1,19230529,0,STL07,h,CIN,0,1,0,regular,y,y,
SLN192306120,sherb101,SLN,1,1,value,27,0,0,0,0,0,,,,,1,19230612,0,STL07,h,BRO,1,0,0,regular,y,y,
SLN192306140,sherb101,SLN,1,1,value,3,0,0,0,0,0,,,,,0,19230614,0,STL07,h,BSN,0,1,0,regular,y,y,
SLN192306170,sherb101,SLN,1,1,value,27,0,0,0,0,0,,,,,1,19230617,0,STL07,h,NY1,1,0,0,regular,y,y,
SLN192306220,sherb101,SLN,1,1,value,27,0,3,0,0,0,,,,,1,19230622,0,STL07,h,CHN,0,1,0,regular,y,y,
SLN192306270,sherb101,SLN,1,1,value,24,0,0,1,0,0,,,,,1,19230627,0,STL07,h,PIT,0,1,0,regular,y,y,
CHN192307010,sherb101,SLN,1,1,value,27,0,2,0,0,0,,,,,1,19230701,0,CHI11,v,CHN,1,0,0,regular,y,y,
PIT192307041,sherb101,SLN,1,1,value,0,0,0,0,0,0,,,,,0,19230704,1,PIT06,v,PIT,0,1,0,regular,y,y,
BRO192307090,sherb101,SLN,1,1,value,21,0,2,0,0,0,,,,,1,19230709,0,NYC15,v,BRO,0,1,0,regular,y,y,
BSN192307130,sherb101,SLN,1,1,value,27,0,1,0,0,0,,,,,1,19230713,0,BOS08,v,BSN,1,0,0,regular,y,y,
NY1192307180,sherb101,SLN,1,1,value,27,0,3,0,0,0,,,,,1,19230718,0,NYC14,v,NY1,1,0,0,regular,y,y,
CIN192307240,sherb101,SLN,1,1,value,2,0,1,0,0,0,,,,,0,19230724,0,CIN07,v,CIN,0,1,0,regular,y,y,
SLN192307270,sherb101,SLN,1,1,value,24,1,2,0,0,0,,,,,1,19230727,0,STL07,h,PHI,0,1,0,regular,y,y,
SLN192307312,sherb101,SLN,1,1,value,17,2,1,2,0,0,,,,,1,19230731,2,STL07,h,BRO,0,1,0,regular,y,y,
SLN192308011,sherb101,SLN,1,1,value,3,0,0,0,0,0,,,,,0,19230801,1,STL07,h,BRO,1,0,0,regular,y,y,
SLN192308042,sherb101,SLN,1,1,value,26,1,1,0,1,0,,,,,1,19230804,2,STL07,h,BSN,0,1,0,regular,y,y,
SLN192308090,sherb101,SLN,1,1,value,1,0,0,0,0,0,,,,,0,19230809,0,STL07,h,NY1,1,0,0,regular,y,y,
SLN192308111,sherb101,SLN,1,1,value,3,0,0,0,0,0,,,,,1,19230811,1,STL07,h,NY1,0,1,0,regular,y,y,
BRO192308170,sherb101,SLN,1,1,value,36,1,2,0,0,0,,,,,1,19230817,0,NYC15,v,BRO,1,0,0,regular,y,y,
BSN192308220,sherb101,SLN,1,1,value,24,0,2,0,0,0,,,,,1,19230822,0,BOS08,v,BSN,0,1,0,regular,y,y,
NY1192308231,sherb101,SLN,1,1,value,1,0,0,0,0,0,,,,,0,19230823,1,NYC14,v,NY1,0,1,0,regular,y,y,
PHI192308270,sherb101,SLN,1,1,value,18,0,0,0,0,0,,,,,1,19230827,0,PHI09,v,PHI,0,1,0,regular,y,y,
PIT192309010,sherb101,SLN,1,1,value,23,0,2,0,0,0,,,,,0,19230901,0,PIT06,v,PIT,1,0,0,regular,y,y,
CHN192309040,sherb101,SLN,1,1,value,5,0,1,0,0,0,,,,,0,19230904,0,CHI11,v,CHN,0,1,0,regular,y,y,
SLN192309082,sherb101,SLN,1,1,value,27,0,4,0,0,0,,,,,1,19230908,2,STL07,h,CIN,1,0,0,regular,y,y,
SLN192309160,sherb101,SLN,1,1,value,27,1,2,0,0,0,,,,,1,19230916,0,STL07,h,PHI,1,0,0,regular,y,d,
SLN192309221,sherb101,SLN,1,1,value,27,0,3,0,1,0,,,,,1,19230922,1,STL07,h,BSN,1,0,0,regular,y,y,
SLN192309242,sherb101,SLN,1,1,value,11,0,0,0,0,0,,,,,0,19230924,2,STL07,h,BRO,0,1,0,regular,y,y,
SLN192309260,sherb101,SLN,1,1,value,27,0,0,1,0,0,,,,,1,19230926,0,STL07,h,BRO,1,0,0,regular,y,y,
SLN192404170,sherb101,SLN,1,1,value,27,0,3,0,0,0,,,,,1,19240417,0,STL07,h,CHN,0,1,0,regular,y,y,
SLN192404210,sherb101,SLN,1,1,value,9,0,1,0,0,0,,,,,0,19240421,0,STL07,h,PIT,1,0,0,regular,y,y,
SLN192405120,sherb101,SLN,1,1,value,1,0,0,0,0,0,,,,,0,19240512,0,STL07,h,NY1,1,0,0,regular,y,y,
SLN192405140,sherb101,SLN,1,1,value,2,0,0,0,0,0,,,,,0,19240514,0,STL07,h,BRO,0,1,0,regular,y,y,
SLN192405240,sherb101,SLN,1,1,value,35,0,3,0,0,0,,,,,0,19240524,0,STL07,h,PHI,1,0,0,regular,y,y,
SLN192405271,sherb101,SLN,1,1,value,1,0,0,0,0,0,,,,,0,19240527,1,STL07,h,CIN,1,0,0,regular,y,y,
SLN192405272,sherb101,SLN,1,1,value,27,0,3,0,0,0,,,,,1,19240527,2,STL07,h,CIN,0,1,0,regular,y,y,
PIT192405310,sherb101,SLN,1,1,value,13,0,1,0,0,0,,,,,0,19240531,0,PIT06,v,PIT,0,1,0,regular,y,y,
PHI192406030,sherb101,SLN,1,1,value,12,0,2,0,0,0,,,,,0,19240603,0,PHI09,v,PHI,0,1,0,regular,y,y,
BSN192406070,sherb101,SLN,1,1,value,3,0,2,0,0,0,,,,,0,19240607,0,BOS08,v,BSN,0,1,0,regular,y,y,
BRO192406140,sherb101,SLN,1,1,value,6,0,1,0,0,0,,,,,0,19240614,0,NYC15,v,BRO,0,1,0,regular,y,y,
NY1192406170,sherb101,SLN,1,1,value,11,0,1,0,0,0,,,,,0,19240617,0,NYC14,v,NY1,0,1,0,regular,y,y,
CHN192406212,sherb101,SLN,1,1,value,24,0,0,0,0,0,,,,,1,19240621,2,CHI11,v,CHN,0,1,0,regular,y,y,
SLN192406271,sherb101,SLN,1,1,value,7,0,0,0,0,0,,,,,1,19240627,1,STL07,h,CIN,0,1,0,regular,y,y,
SLN192406300,sherb101,SLN,1,1,value,18,1,1,0,0,0,,,,,0,19240630,0,STL07,h,PIT,1,0,0,regular,y,y,
SLN192407050,sherb101,SLN,1,1,value,12,0,1,0,0,0,,,,,0,19240705,0,STL07,h,CHN,0,1,0,regular,y,y,
SLN192407080,sherb101,SLN,1,1,value,14,0,0,0,0,0,,,,,0,19240708,0,STL07,h,NY1,0,1,0,regular,y,y,
SLN192407130,sherb101,SLN,1,1,value,20,0,0,0,0,0,,,,,0,19240713,0,STL07,h,BRO,0,1,0,regular,y,y,
SLN192407150,sherb101,SLN,1,1,value,6,1,0,0,0,0,,,,,0,19240715,0,STL07,h,BRO,0,1,0,regular,y,y,
SLN192407230,sherb101,SLN,1,1,value,27,1,1,0,0,0,,,,,0,19240723,0,STL07,h,PHI,0,1,0,regular,y,y,
PHI192407300,sherb101,SLN,1,1,value,24,0,1,0,0,0,,,,,0,19240730,0,PHI09,v,PHI,1,0,0,regular,y,y,
PHI192408021,sherb101,SLN,1,1,value,11,1,2,0,0,0,,,,,0,19240802,1,PHI09,v,PHI,0,1,0,regular,y,y,
BRO192408101,sherb101,SLN,1,1,value,22,0,2,0,0,0,,,,,1,19240810,1,NYC15,v,BRO,0,1,0,regular,y,y,
SLN192408180,sherb101,SLN,1,1,value,27,0,0,0,0,0,,,,,1,19240818,0,STL07,h,PHI,0,1,0,regular,y,y,
SLN192408220,sherb101,SLN,1,1,value,7,0,0,0,0,0,,,,,1,19240822,0,STL07,h,NY1,0,1,0,regular,y,y,
SLN192408241,sherb101,SLN,1,1,value,4,0,0,0,0,0,,,,,0,19240824,1,STL07,h,BRO,1,0,0,regular,y,y,
SLN192408250,sherb101,SLN,1,1,value,14,0,1,0,1,0,,,,,0,19240825,0,STL07,h,BRO,0,1,0,regular,y,y,
CHN192408281,sherb101,SLN,1,1,value,6,0,0,0,0,0,,,,,0,19240828,1,CHI11,v,CHN,0,1,0,regular,y,y,
CHN192408282,sherb101,SLN,1,1,value,7,0,1,0,0,0,,,,,0,19240828,2,CHI11,v,CHN,0,1,0,regular,y,y,
CHN192408290,sherb101,SLN,1,1,value,3,0,0,0,0,0,,,,,0,19240829,0,CHI11,v,CHN,1,0,0,regular,y,y,
CHN192408300,sherb101,SLN,1,1,value,24,0,0,0,0,0,,,,,0,19240830,0,CHI11,v,CHN,0,1,0,regular,y,y,
PIT192409061,sherb101,SLN,1,9,value,3,1,0,0,0,0,,,,,0,19240906,1,PIT06,v,PIT,0,1,0,regular,y,y,
PIT192409062,sherb101,SLN,1,9,value,24,2,0,0,0,0,,,,,1,19240906,2,PIT06,v,PIT,0,1,0,regular,y,y,
SLN192409071,sherb101,SLN,1,1,value,27,0,3,0,0,0,,,,,1,19240907,1,STL07,h,CHN,0,1,0,regular,y,d,
NY1192409120,sherb101,SLN,1,1,value,27,0,1,0,1,0,,,,,1,19240912,0,NYC14,v,NY1,1,0,0,regular,y,y,
BRO192409160,sherb101,SLN,1,1,value,24,1,0,0,0,0,,,,,1,19240916,0,NYC15,v,BRO,1,0,0,regular,y,y,
PHI192409230,sherb101,SLN,1,1,value,6,0,0,0,0,0,,,,,0,19240923,0,PHI09,v,PHI,1,0,0,regular,y,y,
CIN192504140,sherb101,SLN,1,1,value,3,0,0,0,0,0,,,,,0,19250414,0,CIN07,v,CIN,0,1,0,regular,y,y,
CIN192504160,sherb101,SLN,1,1,value,2,0,0,0,0,0,,,,,0,19250416,0,CIN07,v,CIN,0,1,0,regular,y,y,
SLN192504280,sherb101,SLN,1,1,value,13,0,1,0,0,0,,,,,0,19250428,0,STL07,h,PIT,0,1,0,regular,y,y,
SLN192505010,sherb101,SLN,1,1,value,6,0,1,0,0,0,,,,,0,19250501,0,STL07,h,CHN,0,1,0,regular,y,y,
SLN192505020,sherb101,SLN,1,1,value,5,0,0,0,0,0,,,,,0,19250502,0,STL07,h,CHN,0,1,0,regular,y,y,
PIT192505070,sherb101,SLN,1,1,value,6,0,0,0,0,0,,,,,0,19250507,0,PIT06,v,PIT,1,0,0,regular,y,y,
NY1192505120,sherb101,SLN,1,1,value,12,0,0,0,0,0,,,,,0,19250512,0,NYC14,v,NY1,0,1,0,regular,y,y,
BRO192505150,sherb101,SLN,1,1,value,5,0,0,0,0,0,,,,,0,19250515,0,NYC15,v,BRO,0,1,0,regular,y,y,
PHI192505200,sherb101,SLN,1,1,value,2,0,0,0,0,0,,,,,0,19250520,0,PHI09,v,PHI,0,1,0,regular,y,y,
BSN192505220,sherb101,SLN,1,1,value,1,0,0,0,0,0,,,,,0,19250522,0,BOS08,v,BSN,1,0,0,regular,y,y,
BRO192505240,sherb101,SLN,1,1,value,11,0,0,0,0,0,,,,,0,19250524,0,NYC15,v,BRO,0,1,0,regular,y,y,
SLN192506020,sherb101,SLN,1,1,value,27,0,2,0,0,0,,,,,1,19250602,0,STL07,h,CIN,1,0,0,regular,y,y,
SLN192506070,sherb101,SLN,1,1,value,27,0,3,0,0,0,,,,,1,19250607,0,STL07,h,NY1,0,1,0,regular,y,y,
SLN192506120,sherb101,SLN,1,1,value,27,1,3,0,0,0,,,,,1,19250612,0,STL07,h,PHI,1,0,0,regular,y,y,
SLN192506180,sherb101,SLN,1,1,value,27,1,6,0,1,0,,,,,1,19250618,0,STL07,h,BSN,1,0,0,regular,y,y,
SLN192506242,sherb101,SLN,1,1,value,24,1,1,0,0,0,,,,,1,19250624,2,STL07,h,PIT,0,1,0,regular,y,y,
SLN192506282,sherb101,SLN,1,1,value,27,0,2,0,0,0,,,,,1,19250628,2,STL07,h,CHN,1,0,0,regular,y,d,
CHN192507042,sherb101,SLN,1,1,value,16,0,2,0,0,0,,,,,1,19250704,2,CHI11,v,CHN,0,1,0,regular,y,y,
PHI192507110,sherb101,SLN,1,1,value,24,0,5,0,1,0,,,,,1,19250711,0,PHI09,v,PHI,1,0,0,regular,y,y,
BRO192507190,sherb101,SLN,1,1,value,27,1,2,0,0,0,,,,,1,19250719,0,NYC15,v,BRO,1,0,0,regular,y,y,
SLN192507290,sherb101,SLN,1,1,value,27,1,1,0,0,0,,,,,1,19250729,0,STL07,h,BRO,1,0,0,regular,y,y,
SLN192508040,sherb101,SLN,1,1,value,27,1,2,0,1,0,,,,,1,19250804,0,STL07,h,NY1,1,0,0,regular,y,y,
SLN192508040,sherb101,SLN,1,1,official,,,,0,2,,,,,,1,19250804,0,STL07,h,NY1,1,0,0,regular,y,y,
SLN192508100,sherb101,SLN,1,1,value,27,0,0,0,0,0,,,,,1,19250810,0,STL07,h,PHI,1,0,0,regular,y,y,
SLN192508160,sherb101,SLN,1,1,value,27,0,3,0,0,0,,,,,1,19250816,0,STL07,h,CHN,1,0,0,regular,y,y,
PHI192508221,sherb101,SLN,1,1,value,27,0,0,0,0,0,,,,,1,19250822,1,PHI09,v,PHI,1,0,0,regular,y,y,
NY1192508280,sherb101,SLN,1,1,value,29,0,1,0,0,0,,,,,1,19250828,0,NYC14,v,NY1,0,1,0,regular,y,y,
PIT192509030,sherb101,SLN,1,1,value,24,0,0,0,0,0,,,,,1,19250903,0,PIT06,v,PIT,0,1,0,regular,y,y,
SLN192509072,sherb101,SLN,1,1,value,27,0,3,0,0,0,,,,,1,19250907,2,STL07,h,CIN,1,0,0,regular,y,y,
SLN192509120,sherb101,SLN,1,1,value,27,0,2,0,0,0,,,,,1,19250912,0,STL07,h,PIT,1,0,0,regular,y,y,
SLN192509190,sherb101,SLN,1,1,value,27,0,0,0,0,0,,,,,1,19250919,0,STL07,h,BRO,1,0,0,regular,y,y,
SLN192509272,sherb101,SLN,1,1,value,12,0,0,0,0,0,,,,,1,19250927,2,STL07,h,BSN,0,1,0,regular,y,d,
CHN192510040,sherb101,SLN,1,1,value,27,0,1,0,0,0,,,,,1,19251004,0,CHI11,v,CHN,1,0,0,regular,y,y,
SLN192604170,sherb101,SLN,1,1,value,27,0,3,0,0,0,,,,,1,19260417,0,STL07,h,CHN,1,0,0,regular,y,y,
CIN192604250,sherb101,SLN,1,1,value,21,1,1,0,0,0,,,,,1,19260425,0,CIN07,v,CIN,0,1,0,regular,y,y,
CHN192605020,sherb101,SLN,1,1,value,24,0,3,0,0,0,,,,,1,19260502,0,CHI11,v,CHN,0,1,0,regular,y,y,
SLN192605070,sherb101,SLN,1,1,value,13,0,0,0,0,0,,,,,1,19260507,0,STL07,h,BRO,0,1,0,regular,y,y,
SLN192605120,sherb101,SLN,1,1,value,24,0,3,0,0,0,,,,,1,19260512,0,STL07,h,NY1,0,1,0,regular,y,y,
SLN192605170,sherb101,SLN,1,1,value,27,1,1,0,0,0,,,,,1,19260517,0,STL07,h,BSN,1,0,0,regular,y,y,
SLN192605220,sherb101,SLN,1,1,value,27,0,3,0,0,0,,,,,1,19260522,0,STL07,h,PHI,1,0,0,regular,y,y,
CIN192605271,sherb101,SLN,1,1,value,24,0,4,0,0,0,,,,,1,19260527,1,CIN07,v,CIN,0,1,0,regular,y,y,
CHN192606010,sherb101,SLN,1,1,value,10,0,0,0,0,0,,,,,1,19260601,0,CHI11,v,CHN,0,1,0,regular,y,y,
NY1192606090,sherb101,SLN,1,1,value,27,0,2,0,0,0,,,,,1,19260609,0,NYC14,v,NY1,1,0,0,regular,y,y,
BRO192606150,sherb101,SLN,1,1,value,27,0,0,0,0,0,,,,,1,19260615,0,NYC15,v,BRO,1,0,0,regular,y,y,
BRO192606200,sherb101,SLN,1,1,value,27,1,0,0,0,0,,,,,1,19260620,0,NYC15,v,BRO,1,0,0,regular,y,y,
SLN192606260,sherb101,SLN,1,1,value,15,0,2,0,0,0,,,,,1,19260626,0,STL07,h,CHN,1,0,0,regular,y,y,
SLN192607040,sherb101,SLN,1,1,value,19,0,2,0,0,0,,,,,1,19260704,0,STL07,h,CIN,0,1,0,regular,y,y,
SLN192607090,sherb101,SLN,1,1,value,27,0,2,0,0,0,,,,,1,19260709,0,STL07,h,BSN,1,0,0,regular,y,y,
SLN192607130,sherb101,SLN,1,1,value,27,1,1,0,0,0,,,,,1,19260713,0,STL07,h,BRO,1,0,0,regular,y,y,
SLN192607160,sherb101,SLN,1,1,value,2,0,0,0,0,0,,,,,0,19260716,0,STL07,h,BRO,0,1,0,regular,y,y,
SLN192607230,sherb101,SLN,1,1,value,27,1,3,0,0,0,,,,,1,19260723,0,STL07,h,NY1,1,0,0,regular,y,y,
PHI192607281,sherb101,SLN,1,1,value,18,0,2,0,0,0,,,,,1,19260728,1,PHI09,v,PHI,0,1,0,regular,y,y,
NY1192608020,sherb101,SLN,1,1,value,2,0,0,0,0,0,,,,,0,19260802,0,NYC14,v,NY1,0,1,0,regular,y,y,
BRO192608040,sherb101,SLN,1,1,value,27,0,0,0,0,0,,,,,1,19260804,0,NYC15,v,BRO,1,0,0,regular,y,y,
BRO192608080,sherb101,SLN,1,1,value,30,0,2,0,0,0,,,,,1,19260808,0,NYC15,v,BRO,1,0,0,regular,y,d,
SLN192608170,sherb101,SLN,1,1,value,7,0,2,0,0,0,,,,,1,19260817,0,STL07,h,BRO,1,0,0,regular,y,y,
SLN192608190,sherb101,SLN,1,1,value,27,0,1,0,0,0,,,,,1,19260819,0,STL07,h,BRO,1,0,0,regular,y,y,
SLN192608241,sherb101,SLN,1,1,value,24,0,2,0,0,0,,,,,1,19260824,1,STL07,h,BSN,0,1,0,regular,y,y,
SLN192608270,sherb101,SLN,1,1,value,11,0,2,0,0,0,,,,,0,19260827,0,STL07,h,PHI,0,1,0,regular,y,y,
SLN192608311,sherb101,SLN,1,1,value,27,1,3,0,0,0,,,,,1,19260831,1,STL07,h,PIT,1,0,0,regular,y,y,
CIN192609040,sherb101,SLN,1,1,value,2,0,0,0,0,0,,,,,1,19260904,0,CIN07,v,CIN,0,1,0,regular,y,y,
PIT192609070,sherb101,SLN,1,1,value,27,0,0,0,0,0,,,,,1,19260907,0,PIT06,v,PIT,1,0,0,regular,y,y,
BSN192609130,sherb101,SLN,1,1,value,23,1,0,0,0,0,,,,,1,19260913,0,BOS08,v,BSN,0,1,0,regular,y,y,
PHI192609170,sherb101,SLN,1,1,value,27,1,0,0,0,0,,,,,1,19260917,0,PHI09,v,PHI,1,0,0,regular,y,y,
NY1192609190,sherb101,SLN,1,1,value,9,0,1,0,0,0,,,,,0,19260919,0,NYC14,v,NY1,0,1,0,regular,y,y,
BRO192609210,sherb101,SLN,1,1,value,21,0,1,1,0,0,,,,,1,19260921,0,NYC15,v,BRO,0,1,0,regular,y,y,
NY1192609240,sherb101,SLN,1,1,value,24,1,0,0,0,0,,,,,0,19260924,0,NYC14,v,NY1,1,0,0,regular,y,y,
NYA192610020,sherb101,SLN,1,1,value,21,1,2,0,0,0,,,,,1,19261002,0,NYC16,v,NYA,0,1,0,worldseries,y,y,
SLN192610070,sherb101,SLN,1,1,value,30,1,3,0,0,0,,,,,1,19261007,0,STL07,h,NYA,0,1,0,worldseries,y,y,
CHN192704150,sherb101,SLN,1,1,value,24,0,2,0,0,0,,,,,1,19270415,0,CHI11,v,CHN,0,1,0,regular,y,y,
SLN192704200,sherb101,SLN,1,1,value,27,0,3,1,1,0,,,,,1,19270420,0,STL07,h,CHN,1,0,0,regular,y,y,
SLN192704260,sherb101,SLN,1,1,value,7,0,2,0,1,0,,,,,1,19270426,0,STL07,h,PIT,0,1,0,regular,y,y,
SLN192705010,sherb101,SLN,1,1,value,27,0,2,0,0,0,,,,,1,19270501,0,STL07,h,CIN,1,0,0,regular,y,y,
BRO192705070,sherb101,SLN,1,1,value,21,0,1,0,0,0,,,,,1,19270507,0,NYC15,v,BRO,0,1,0,regular,y,y,
NY1192705130,sherb101,SLN,1,1,value,27,0,1,0,0,0,,,,,1,19270513,0,NYC14,v,NY1,1,0,0,regular,y,y,
BSN192705180,sherb101,SLN,1,1,value,21,0,0,0,0,0,,,,,1,19270518,0,BOS08,v,BSN,0,1,0,regular,y,y,
CHN192705252,sherb101,SLN,1,1,value,22,0,0,1,0,0,,,,,1,19270525,2,CHI11,v,CHN,0,1,0,regular,y,y,
SLN192705302,sherb101,SLN,1,1,value,27,0,1,0,0,0,,,,,1,19270530,2,STL07,h,CIN,1,0,0,regular,y,y,
SLN192706120,sherb101,SLN,1,1,value,27,1,3,0,0,0,,,,,1,19270612,0,STL07,h,PHI,1,0,0,regular,y,y,
SLN192706190,sherb101,SLN,1,1,value,27,0,0,0,0,0,,,,,1,19270619,0,STL07,h,NY1,0,1,0,regular,y,d,
SLN192706240,sherb101,SLN,1,1,value,33,0,1,0,1,0,,,,,1,19270624,0,STL07,h,CIN,1,0,0,regular,y,y,
SLN192706290,sherb101,SLN,1,1,value,6,0,0,1,0,0,,,,,1,19270629,0,STL07,h,PIT,1,0,0,regular,y,y,
CHN192707010,sherb101,SLN,1,1,value,4,0,0,0,0,0,,,,,0,19270701,0,CHI11,v,CHN,0,1,0,regular,y,y,
BSN192707070,sherb101,SLN,1,1,value,27,0,0,0,0,0,,,,,1,19270707,0,BOS08,v,BSN,1,0,0,regular,y,y,
NY1192707101,sherb101,SLN,1,1,value,24,0,0,0,0,0,,,,,1,19270710,1,NYC14,v,NY1,0,1,0,regular,y,d,
PHI192707130,sherb101,SLN,1,1,value,15,1,1,1,0,0,,,,,0,19270713,0,PHI09,v,PHI,1,0,0,regular,y,y,
PHI192707150,sherb101,SLN,1,1,value,6,0,0,0,0,0,,,,,0,19270715,0,PHI09,v,PHI,1,0,0,regular,y,y,
BRO192707170,sherb101,SLN,1,1,value,3,0,0,0,0,0,,,,,0,19270717,0,NYC15,v,BRO,1,0,0,regular,y,y,
BRO192707202,sherb101,SLN,1,1,value,4,0,0,0,0,0,,,,,0,19270720,2,NYC15,v,BRO,1,0,0,regular,y,y,
NY1192707210,sherb101,SLN,1,1,value,3,0,0,0,0,0,,,,,0,19270721,0,NYC14,v,NY1,1,0,0,regular,y,y,
NY1192707220,sherb101,SLN,1,1,value,27,0,1,0,0,0,,,,,1,19270722,0,NYC14,v,NY1,1,0,0,regular,y,y,
SLN192707270,sherb101,SLN,1,1,value,16,0,3,1,1,0,,,,,1,19270727,0,STL07,h,PHI,1,0,0,regular,y,y,
SLN192707280,sherb101,SLN,1,1,value,3,0,1,0,0,0,,,,,0,19270728,0,STL07,h,PHI,1,0,0,regular,y,y,
SLN192707310,sherb101,SLN,1,1,value,27,1,3,0,1,0,,,,,1,19270731,0,STL07,h,NY1,0,1,0,regular,y,y,
SLN192708020,sherb101,SLN,1,1,value,3,0,1,0,0,0,,,,,0,19270802,0,STL07,h,NY1,1,0,0,regular,y,y,
SLN192708140,sherb101,SLN,1,1,value,9,0,1,0,0,0,,,,,1,19270814,0,STL07,h,PIT,0,1,0,regular,y,y,
BSN192708192,sherb101,SLN,1,1,value,27,0,1,0,0,0,,,,,1,19270819,2,BOS08,v,BSN,1,0,0,regular,y,y,
PHI192708230,sherb101,SLN,1,1,value,27,0,0,0,0,0,,,,,1,19270823,0,PHI09,v,PHI,1,0,0,regular,y,y,
BRO192708300,sherb101,SLN,1,1,value,21,0,0,0,0,0,,,,,1,19270830,0,NYC15,v,BRO,0,1,0,regular,y,y,
CHN192709040,sherb101,SLN,1,1,value,27,0,1,0,0,0,,,,,1,19270904,0,CHI11,v,CHN,1,0,0,regular,y,y,
SLN192709080,sherb101,SLN,1,1,value,16,0,1,0,0,0,,,,,1,19270908,0,STL07,h,CHN,0,1,0,regular,y,y,
SLN192709090,sherb101,SLN,1,1,value,3,0,0,0,0,0,,,,,0,19270909,0,STL07,h,BRO,1,0,0,regular,y,y,
SLN192709131,sherb101,SLN,1,1,value,27,0,1,0,0,0,,,,,1,19270913,1,STL07,h,NY1,1,0,0,regular,y,y,
SLN192709160,sherb101,SLN,1,1,value,21,0,0,0,0,0,,,,,1,19270916,0,STL07,h,NY1,0,1,0,regular,y,y,
SLN192709200,sherb101,SLN,1,1,value,27,0,2,0,0,0,,,,,1,19270920,0,STL07,h,PHI,1,0,0,regular,y,y,
SLN192709220,sherb101,SLN,1,1,value,6,0,1,0,0,0,,,,,0,19270922,0,STL07,h,BSN,1,0,0,regular,y,y,
SLN192709251,sherb101,SLN,1,1,value,27,0,1,0,0,0,,,,,1,19270925,1,STL07,h,BSN,1,0,0,regular,y,y,
SLN192710020,sherb101,SLN,1,1,value,1,0,0,0,0,0,,,,,0,19271002,0,STL07,h,CHN,1,0,0,regular,y,y,
BLS192710230,sherb101,ASB,1,1,value,24,0,0,0,0,0,,,,,1,19271023,0,BAL13,v,BLS,0,1,0,exhibition,y,,
SLN192804150,sherb101,SLN,1,1,value,27,0,1,0,0,0,,,,,1,19280415,0,STL07,h,CHN,1,0,0,regular,y,y,
PIT192804190,sherb101,SLN,1,1,value,4,0,0,0,0,0,,,,,0,19280419,0,PIT06,v,PIT,1,0,0,regular,y,y,
CIN192804230,sherb101,SLN,1,1,value,24,1,2,0,0,0,,,,,1,19280423,0,CIN07,v,CIN,0,1,0,regular,y,y,
SLN192804300,sherb101,SLN,1,1,value,27,0,1,1,0,0,,,,,1,19280430,0,STL07,h,CIN,0,1,0,regular,y,y,
SLN192805130,sherb101,SLN,1,1,value,4,0,0,0,0,0,,,,,0,19280513,0,STL07,h,BSN,0,1,0,regular,y,d,
SLN192805150,sherb101,SLN,1,1,value,21,0,2,0,0,0,,,,,1,19280515,0,STL07,h,BSN,1,0,0,regular,y,y,
SLN192805201,sherb101,SLN,1,1,value,27,0,1,1,0,0,,,,,1,19280520,1,STL07,h,NY1,0,1,0,regular,y,y,
SLN192805210,sherb101,SLN,1,1,value,1,0,0,0,0,0,,,,,0,19280521,0,STL07,h,CHN,1,0,0,regular,y,y,
SLN192805250,sherb101,SLN,1,1,value,24,0,3,0,0,0,,,,,1,19280525,0,STL07,h,CIN,0,1,0,regular,y,y,
PIT192805301,sherb101,SLN,1,1,value,27,0,2,0,0,0,,,,,1,19280530,1,PIT06,v,PIT,1,0,0,regular,y,y,
PHI192806020,sherb101,SLN,1,1,value,7,0,1,0,0,0,,,,,0,19280602,0,PHI09,v,PHI,1,0,0,regular,y,y,
NY1192806080,sherb101,SLN,1,1,value,27,0,2,0,1,0,,,,,1,19280608,0,NYC14,v,NY1,1,0,0,regular,y,y,
BSN192806120,sherb101,SLN,1,1,value,11,0,2,0,0,0,,,,,0,19280612,0,BOS08,v,BSN,1,0,0,regular,y,y,
BRO192806160,sherb101,SLN,1,1,value,33,0,1,0,0,0,,,,,1,19280616,0,NYC15,v,BRO,1,0,0,regular,y,y,
CIN192806190,sherb101,SLN,1,1,value,8,0,0,0,0,0,,,,,0,19280619,0,CIN07,v,CIN,1,0,0,regular,y,y,
CHN192806220,sherb101,SLN,1,1,value,18,0,0,0,0,0,,,,,1,19280622,0,CHI11,v,CHN,1,0,0,regular,y,y,
SLN192806280,sherb101,SLN,1,1,value,27,0,1,0,0,0,,,,,1,19280628,0,STL07,h,PIT,1,0,0,regular,y,y,
SLN192807030,sherb101,SLN,1,1,value,17,2,0,0,0,0,,,,,1,19280703,0,STL07,h,CHN,0,1,0,regular,y,y,
SLN192807082,sherb101,SLN,1,1,value,24,0,0,0,0,0,,,,,1,19280708,2,STL07,h,BSN,1,0,0,regular,y,y,
SLN192807130,sherb101,SLN,1,1,value,14,0,1,0,0,0,,,,,1,19280713,0,STL07,h,NY1,1,0,0,regular,y,y,
SLN192807190,sherb101,SLN,1,1,value,14,0,1,0,0,0,,,,,1,19280719,0,STL07,h,PHI,1,0,0,regular,y,y,
SLN192807220,sherb101,SLN,1,1,value,3,0,0,0,0,0,,,,,0,19280722,0,STL07,h,PHI,1,0,0,regular,y,y,
BRO192807240,sherb101,SLN,1,1,value,27,0,2,0,0,0,,,,,1,19280724,0,NYC15,v,BRO,1,0,0,regular,y,y,
PHI192807281,sherb101,SLN,1,1,value,18,0,2,0,0,0,,,,,0,19280728,1,PHI09,v,PHI,1,0,0,regular,y,y,
BSN192808030,sherb101,SLN,1,1,value,27,0,1,0,0,0,,,,,1,19280803,0,BOS08,v,BSN,1,0,0,regular,y,y,
NY1192808080,sherb101,SLN,1,1,value,10,0,1,0,0,0,,,,,1,19280808,0,NYC14,v,NY1,0,1,0,regular,y,y,
PIT192808100,sherb101,SLN,1,1,value,3,0,0,0,0,0,,,,,0,19280810,0,PIT06,v,PIT,1,0,0,regular,y,y,
SLN192808150,sherb101,SLN,1,1,value,27,0,0,0,0,0,,,,,1,19280815,0,STL07,h,BSN,1,0,0,regular,y,y,
SLN192808190,sherb101,SLN,1,1,value,27,0,1,0,0,0,,,,,1,19280819,0,STL07,h,NY1,0,1,0,regular,y,y,
SLN192808260,sherb101,SLN,1,1,value,27,1,1,0,0,0,,,,,1,19280826,0,STL07,h,PHI,1,0,0,regular,y,y,
PIT192809010,sherb101,SLN,1,1,value,27,0,0,0,0,0,,,,,1,19280901,0,PIT06,v,PIT,1,0,0,regular,y,y,
CIN192809031,sherb101,SLN,1,1,value,5,0,0,0,0,0,,,,,0,19280903,1,CIN07,v,CIN,0,1,0,regular,y,y,
SLN192809080,sherb101,SLN,1,1,value,27,0,0,0,0,0,,,,,1,19280908,0,STL07,h,PIT,0,1,0,regular,y,y,
PHI192809140,sherb101,SLN,1,1,value,27,0,2,0,0,0,,,,,1,19280914,0,PHI09,v,PHI,1,0,0,regular,y,y,
NY1192809201,sherb101,SLN,1,1,value,27,0,3,0,0,0,,,,,1,19280920,1,NYC14,v,NY1,1,0,0,regular,y,y,
NY1192809220,sherb101,SLN,1,1,value,12,0,0,0,0,0,,,,,0,19280922,0,NYC14,v,NY1,0,1,0,regular,y,y,
BRO192809250,sherb101,SLN,1,1,value,45,0,2,0,0,0,,,,,1,19280925,0,NYC15,v,BRO,1,0,0,regular,y,y,
BSN192809290,sherb101,SLN,1,1,value,21,0,0,0,0,0,,,,,1,19280929,0,BOS08,v,BSN,1,0,0,regular,y,y,
NYA192810040,sherb101,SLN,1,1,value,21,0,3,0,0,0,,,,,1,19281004,0,NYC16,v,NYA,0,1,0,worldseries,y,y,
SLN192810090,sherb101,SLN,1,1,value,19,0,0,0,0,0,,,,,1,19281009,0,STL07,h,NYA,0,1,0,worldseries,y,y,
CIN192904170,sherb101,SLN,1,1,value,18,0,3,0,0,0,,,,,1,19290417,0,CIN07,v,CIN,0,1,0,regular,y,y,
CHN192904230,sherb101,SLN,1,1,value,27,0,1,0,0,0,,,,,1,19290423,0,CHI11,v,CHN,1,0,0,regular,y,y,
SLN192905010,sherb101,SLN,1,1,value,39,1,1,0,0,0,,,,,1,19290501,0,STL07,h,PIT,0,0,1,regular,y,y,
NY1192905050,sherb101,SLN,1,1,value,9,0,0,0,0,0,,,,,0,19290505,0,NYC14,v,NY1,1,0,0,regular,y,y,
BSN192905080,sherb101,SLN,1,1,value,27,0,3,0,0,0,,,,,1,19290508,0,BOS08,v,BSN,1,0,0,regular,y,y,
BRO192905120,sherb101,SLN,1,1,value,27,0,2,0,0,0,,,,,1,19290512,0,NYC15,v,BRO,1,0,0,regular,y,y,
PIT192905180,sherb101,SLN,1,1,value,24,0,2,0,0,0,,,,,1,19290518,0,PIT06,v,PIT,0,1,0,regular,y,y,
SLN192905240,sherb101,SLN,1,1,value,21,0,0,0,0,0,,,,,1,19290524,0,STL07,h,CHN,0,1,0,regular,y,y,
SLN192905250,sherb101,SLN,1,1,value,6,0,1,0,0,0,,,,,0,19290525,0,STL07,h,CHN,1,0,0,regular,y,y,
SLN192905270,sherb101,SLN,1,1,value,18,0,2,0,0,0,,,,,0,19290527,0,STL07,h,PIT,0,1,0,regular,y,y,
SLN192906030,sherb101,SLN,1,1,value,15,0,0,0,0,0,,,,,0,19290603,0,STL07,h,BRO,1,0,0,regular,y,y,
SLN192906070,sherb101,SLN,1,1,value,24,0,0,0,0,0,,,,,1,19290607,0,STL07,h,NY1,0,1,0,regular,y,y,
SLN192906140,sherb101,SLN,1,1,value,24,0,1,0,0,0,,,,,1,19290614,0,STL07,h,BSN,1,0,0,regular,y,d,
CHN192906191,sherb101,SLN,1,1,value,21,0,1,0,0,0,,,,,1,19290619,1,CHI11,v,CHN,0,1,0,regular,y,y,
SLN192906290,sherb101,SLN,1,1,value,11,0,0,0,0,0,,,,,1,19290629,0,STL07,h,CHN,0,1,0,regular,y,y,
PIT192907030,sherb101,SLN,1,1,value,24,0,2,0,0,0,,,,,1,19290703,0,PIT06,v,PIT,0,1,0,regular,y,y,
PHI192907061,sherb101,SLN,1,1,value,19,0,1,0,0,0,,,,,1,19290706,1,PHI09,v,PHI,0,1,0,regular,y,y,
BRO192907110,sherb101,SLN,1,1,value,27,0,1,0,0,0,,,,,1,19290711,0,NYC15,v,BRO,1,0,0,regular,y,y,
NY1192907150,sherb101,SLN,1,1,value,24,0,1,0,0,0,,,,,1,19290715,0,NYC14,v,NY1,0,1,0,regular,y,y,
BSN192907211,sherb101,SLN,1,1,value,21,0,0,0,0,0,,,,,1,19290721,1,BOS08,v,BSN,0,1,0,regular,y,y,
SLN192907290,sherb101,SLN,1,1,value,11,0,0,0,0,0,,,,,1,19290729,0,STL07,h,NY1,0,1,0,regular,y,y,
SLN192907300,sherb101,SLN,1,1,value,12,0,0,0,0,0,,,,,0,19290730,0,STL07,h,BRO,1,0,0,regular,y,y,
PHI192908101,sherb101,SLN,1,1,value,10,0,1,0,0,0,,,,,1,19290810,1,PHI09,v,PHI,0,1,0,regular,y,y,
PHI192908102,sherb101,SLN,1,1,value,6,0,0,0,0,0,,,,,0,19290810,2,PHI09,v,PHI,1,0,0,regular,y,y,
NY1192908150,sherb101,SLN,1,1,value,3,0,0,0,0,0,,,,,0,19290815,0,NYC14,v,NY1,0,1,0,regular,y,y,
BRO192908201,sherb101,SLN,1,1,value,27,0,3,0,0,0,,,,,1,19290820,1,NYC15,v,BRO,1,0,0,regular,y,y,
BSN192908250,sherb101,SLN,1,1,value,27,0,3,1,0,0,,,,,1,19290825,0,BOS08,v,BSN,1,0,0,regular,y,y,
CHN192909022,sherb101,SLN,1,1,value,12,0,3,0,0,0,,,,,1,19290902,2,CHI11,v,CHN,0,1,0,regular,y,y,
SLN192909070,sherb101,SLN,1,1,value,27,0,1,0,0,0,,,,,1,19290907,0,STL07,h,PHI,0,1,0,regular,y,y,
SLN192909140,sherb101,SLN,1,1,value,9,0,0,0,0,0,,,,,0,19290914,0,STL07,h,NY1,0,1,0,regular,y,y,
SLN192909160,sherb101,SLN,1,1,value,2,0,0,0,0,0,,,,,0,19290916,0,STL07,h,NY1,1,0,0,regular,y,y,
SLN192909210,sherb101,SLN,1,1,value,3,0,1,0,0,0,,,,,0,19290921,0,STL07,h,BRO,0,1,0,regular,y,y,
SLN192909280,sherb101,SLN,1,1,value,15,0,1,0,0,0,,,,,0,19290928,0,STL07,h,PIT,0,1,0,regular,y,y,
SLN193004150,sherb101,SLN,1,1,value,3,0,0,0,0,0,,,,,0,19300415,0,STL07,h,CHN,0,1,0,regular,y,y,
SLN193004190,sherb101,SLN,1,1,value,27,1,0,0,0,0,,,,,1,19300419,0,STL07,h,PIT,0,1,0,regular,y,y,
PIT193004250,sherb101,SLN,1,1,value,18,0,3,0,0,0,,,,,1,19300425,0,PIT06,v,PIT,0,1,0,regular,y,y,
SLN193005030,sherb101,SLN,1,1,value,9,0,0,0,0,0,,,,,0,19300503,0,STL07,h,BRO,0,1,0,regular,y,y,
SLN193005070,sherb101,SLN,1,1,value,3,0,0,0,0,0,,,,,0,19300507,0,STL07,h,PHI,1,0,0,regular,y,y,
SLN193005090,sherb101,SLN,1,1,value,17,0,1,0,0,0,,,,,0,19300509,0,STL07,h,BSN,1,0,0,regular,y,y,
SLN193005130,sherb101,SLN,1,1,value,15,0,0,0,0,0,,,,,1,19300513,0,STL07,h,NY1,1,0,0,regular,y,y,
SLN193005200,sherb101,SLN,1,1,value,27,1,2,0,1,0,,,,,1,19300520,0,STL07,h,CHN,1,0,0,regular,y,y,
PIT193005260,sherb101,SLN,1,1,value,15,0,0,0,0,0,,,,,1,19300526,0,PIT06,v,PIT,1,0,0,regular,y,y,
CIN193006011,sherb101,SLN,1,1,value,22,1,0,0,0,0,,,,,1,19300601,1,CIN07,v,CIN,0,1,0,regular,y,y,
PHI193006040,sherb101,SLN,1,1,value,6,0,2,0,0,0,,,,,0,19300604,0,PHI09,v,PHI,0,1,0,regular,y,y,
NY1193006060,sherb101,SLN,1,1,value,9,0,0,0,0,0,,,,,0,19300606,0,NYC14,v,NY1,0,1,0,regular,y,y,
BSN193006130,sherb101,SLN,1,1,value,21,0,1,0,0,0,,,,,1,19300613,0,BOS08,v,BSN,0,1,0,regular,y,y,
CHN193006190,sherb101,BSN,1,1,value,20,0,0,0,0,0,,,,,0,19300619,0,CHI11,v,CHN,0,1,0,regular,y,y,
SLN193006230,sherb101,BSN,1,1,value,9,0,1,0,0,0,,,,,1,19300623,0,STL07,v,SLN,1,0,0,regular,y,y,
PIT193006300,sherb101,BSN,1,1,value,16,2,2,0,0,0,,,,,1,19300630,0,PIT06,v,PIT,1,0,0,regular,y,y,
PHI193007051,sherb101,BSN,1,1,value,27,1,0,0,0,0,,,,,1,19300705,1,PHI09,v,PHI,1,0,0,regular,y,y,
BRO193007092,sherb101,BSN,1,1,value,20,0,0,0,0,0,,,,,1,19300709,2,NYC15,v,BRO,0,1,0,regular,y,y,
BSN193007162,sherb101,BSN,1,1,value,13,0,1,0,0,0,,,,,1,19300716,2,BOS08,h,PIT,0,1,0,regular,y,y,
BSN193007190,sherb101,BSN,1,1,value,17,0,0,0,0,0,,,,,0,19300719,0,BOS08,h,PIT,0,1,0,regular,y,y,
BSN193007250,sherb101,BSN,1,1,value,27,0,3,0,2,0,,,,,1,19300725,0,BOS08,h,SLN,1,0,0,regular,y,y,
BSN193007290,sherb101,BSN,1,1,value,30,0,3,0,0,0,,,,,1,19300729,0,BOS08,h,BRO,1,0,0,regular,y,y,
BSN193008022,sherb101,BSN,1,1,value,30,0,3,0,0,0,,,,,1,19300802,2,BOS08,h,PHI,1,0,0,regular,y,y,
BSN193008060,sherb101,BSN,1,1,value,27,0,1,1,0,0,,,,,1,19300806,0,BOS08,h,PHI,1,0,0,regular,y,y,
SLN193008120,sherb101,BSN,1,1,value,24,1,2,0,0,0,,,,,1,19300812,0,STL07,v,SLN,0,1,0,regular,y,y,
CIN193008172,sherb101,BSN,1,1,value,21,0,1,0,0,0,,,,,1,19300817,2,CIN07,v,CIN,1,0,0,regular,y,y,
PHI193008270,sherb101,BSN,1,1,value,5,0,0,1,0,0,,,,,0,19300827,0,PHI09,v,PHI,0,1,0,regular,y,y,
PHI193008290,sherb101,BSN,1,1,value,4,0,0,0,0,0,,,,,0,19300829,0,PHI09,v,PHI,1,0,0,regular,y,d,
BSN193009011,sherb101,BSN,1,1,value,27,0,0,0,0,0,,,,,1,19300901,1,BOS08,h,BRO,1,0,0,regular,y,y,
BSN193009032,sherb101,BSN,1,1,value,3,0,0,0,0,0,,,,,0,19300903,2,BOS08,h,NY1,1,0,0,regular,y,y,
BSN193009062,sherb101,BSN,1,1,value,7,0,2,0,0,0,,,,,1,19300906,2,BOS08,h,NY1,0,1,0,regular,y,y,
BSN193009110,sherb101,BSN,1,1,value,21,1,1,0,0,0,,,,,1,19300911,0,BOS08,h,PIT,0,1,0,regular,y,y,
BSN193009141,sherb101,BSN,1,1,value,4,0,1,0,0,0,,,,,0,19300914,1,BOS08,h,SLN,0,1,0,regular,y,y,
BRO193009280,sherb101,BSN,1,1,value,6,0,2,0,0,0,,,,,0,19300928,0,NYC15,v,BRO,0,1,0,regular,y,y,
BSN193104140,sherb101,BSN,1,1,value,12,0,0,0,0,0,,,,,0,19310414,0,BOS08,h,BRO,1,0,0,regular,y,y,
BSN193104190,sherb101,BSN,1,1,value,17,0,0,0,0,0,,,,,0,19310419,0,BOS08,h,NY1,0,1,0,regular,y,y,
BRO193104240,sherb101,BSN,1,1,value,18,0,2,0,0,0,,,,,1,19310424,0,NYC15,v,BRO,0,1,0,regular,y,y,
NY1193105010,sherb101,BSN,1,1,value,21,0,1,0,0,0,,,,,1,19310501,0,NYC14,v,NY1,0,1,0,regular,y,y,
BSN193105060,sherb101,BSN,1,1,value,24,0,3,0,0,0,,,,,1,19310506,0,BOS08,h,PHI,0,1,0,regular,y,y,
BSN193105170,sherb101,BSN,1,1,value,3,0,0,0,0,0,,,,,0,19310517,0,BOS08,h,PIT,0,1,0,regular,y,y,
BSN193105241,sherb101,BSN,1,1,value,16,0,0,0,0,0,,,,,0,19310524,1,BOS08,h,NY1,0,1,0,regular,y,y,
CHN193106150,sherb101,BSN,1,1,value,27,1,0,0,0,0,,,,,1,19310615,0,CHI11,v,CHN,1,0,0,regular,y,y,
BSN193106190,sherb101,BSN,1,1,value,1,0,0,0,0,0,,,,,0,19310619,0,BOS08,h,SLN,0,1,0,regular,y,y,
BSN193106231,sherb101,BSN,1,1,value,27,0,0,0,0,0,,,,,1,19310623,1,BOS08,h,CIN,0,1,0,regular,y,y,
BSN193106282,sherb101,BSN,1,1,value,27,0,4,0,0,0,,,,,1,19310628,2,BOS08,h,CHN,0,0,1,regular,y,y,
BSN193107042,sherb101,BSN,1,1,value,27,2,1,0,0,0,,,,,1,19310704,2,BOS08,h,PHI,1,0,0,regular,y,y,
BSN193107111,sherb101,BSN,1,1,value,8,0,0,0,0,0,,,,,1,19310711,1,BOS08,h,BRO,0,1,0,regular,y,y,
BRO193107121,sherb101,BSN,1,1,value,3,0,0,0,0,0,,,,,0,19310712,1,NYC15,v,BRO,0,1,0,regular,y,y,
PIT193107181,sherb101,BSN,1,1,value,1,0,0,0,0,0,,,,,0,19310718,1,PIT06,v,PIT,0,1,0,regular,y,y,
PHI193108042,sherb101,BSN,1,1,value,27,0,1,0,0,0,,,,,1,19310804,2,PHI09,v,PHI,1,0,0,regular,y,y,
BSN193108092,sherb101,BSN,1,1,value,27,0,1,0,0,0,,,,,1,19310809,2,BOS08,h,PHI,1,0,0,regular,y,y,
BSN193108142,sherb101,BSN,1,1,value,27,0,2,0,0,0,,,,,1,19310814,2,BOS08,h,CIN,1,0,0,regular,y,y,
BSN193108202,sherb101,BSN,1,1,value,24,0,0,0,0,0,,,,,1,19310820,2,BOS08,h,PIT,0,1,0,regular,y,y,
BSN193108261,sherb101,BSN,1,1,value,0,0,0,0,0,0,,,,,1,19310826,1,BOS08,h,SLN,0,1,0,regular,y,y,
BSN193108312,sherb101,BSN,1,1,value,24,0,1,0,0,0,,,,,1,19310831,2,BOS08,h,NY1,0,1,0,regular,y,y,
PHI193109051,sherb101,BSN,1,1,value,13,0,0,0,0,0,,,,,1,19310905,1,PHI09,v,PHI,0,1,0,regular,y,y,
BRO193109080,sherb101,BSN,1,1,value,5,0,1,0,0,0,,,,,0,19310908,0,NYC15,v,BRO,0,1,0,regular,y,y,
SLN193109100,sherb101,BSN,1,1,value,6,0,0,0,0,0,,,,,0,19310910,0,STL07,v,SLN,0,1,0,regular,y,y,
CHN193109132,sherb101,BSN,1,1,value,3,0,0,0,0,0,,,,,0,19310913,2,CHI11,v,CHN,0,1,0,regular,y,y,
PIT193109182,sherb101,BSN,1,1,value,24,1,2,0,0,0,,,,,1,19310918,2,PIT06,v,PIT,0,1,0,regular,y,y,
CIN193109210,sherb101,BSN,1,1,value,1,0,0,0,0,0,,,,,0,19310921,0,CIN07,v,CIN,0,1,0,regular,y,y,
CIN193205060,sherb101,BSN,1,1,value,5,0,0,0,0,0,,,,,0,19320506,0,CIN07,v,CIN,0,1,0,regular,y,y,
SLN193205221,sherb101,SLN,1,1,value,5,0,2,0,0,0,,,,,0,19320522,1,STL07,h,PIT,0,1,0,regular,y,d,
CHN193205302,sherb101,SLN,1,1,value,6,0,0,0,0,0,,,,,0,19320530,2,CHI11,v,CHN,0,1,0,regular,y,y,
BRO193206110,sherb101,SLN,1,1,value,6,0,0,0,0,0,,,,,0,19320611,0,NYC15,v,BRO,0,1,0,regular,y,y,
