gid,id,team,d_seq,d_pos,stattype,d_ifouts,d_po,d_a,d_e,d_dp,d_tp,d_pb,d_wp,d_sb,d_cs,d_gs,date,number,site,vishome,opp,win,loss,tie,gametype,box,pbp
SHR193510090,bellj103,PTC,1,8,value,30,0,0,0,0,0,,,,,1,19351009,0,DAY03,v,SHR,1,0,0,exhibition,y,d
SHR193510090,willc106,PTC,1,6,value,30,2,6,1,1,0,,,,,1,19351009,0,DAY03,v,SHR,1,0,0,exhibition,y,d
SHR193510090,pattp102,PTC,1,4,value,30,1,6,0,1,0,,,,,1,19351009,0,DAY03,v,SHR,1,0,0,exhibition,y,d
SHR193510090,gibsj101,PTC,1,2,value,30,12,2,0,0,0,0,0,0,1,1,19351009,0,DAY03,v,SHR,1,0,0,exhibition,y,d
SHR193510090,crutj101,PTC,1,9,value,30,0,0,0,0,0,,,,,1,19351009,0,DAY03,v,SHR,1,0,0,exhibition,y,d
SHR193510090,johnj108,PTC,1,5,value,30,1,0,1,0,0,,,,,1,19351009,0,DAY03,v,SHR,1,0,0,exhibition,y,d
SHR193510090,harrc104,PTC,1,3,value,30,14,0,0,1,0,,,,,1,19351009,0,DAY03,v,SHR,1,0,0,exhibition,y,d
SHR193510090,banks101,PTC,1,7,value,30,0,0,0,0,0,,,,,1,19351009,0,DAY03,v,SHR,1,0,0,exhibition,y,d
SHR193510090,matll101,PTC,1,1,value,18,0,1,0,0,0,,,,,1,19351009,0,DAY03,v,SHR,1,0,0,exhibition,y,d
SHR193510090,huntb106,PTC,1,1,value,1,0,0,0,0,0,,,,,0,19351009,0,DAY03,v,SHR,1,0,0,exhibition,y,d
SHR193510090,davir103,PTC,1,1,value,11,0,1,0,0,0,,,,,0,19351009,0,DAY03,v,SHR,1,0,0,exhibition,y,d
SHR193510090,barne104,SHR,1,7,value,12,0,0,0,0,0,,,,,1,19351009,0,DAY03,h,PTC,0,1,0,exhibition,y,d
SHR193510090,barne104,SHR,2,8,value,18,1,0,0,0,0,,,,,0,19351009,0,DAY03,h,PTC,0,1,0,exhibition,y,d
SHR193510090,colbb101,SHR,1,9,value,6,0,0,0,0,0,,,,,1,19351009,0,DAY03,h,PTC,0,1,0,exhibition,y,d
SHR193510090,winfj101,SHR,1,1,value,6,1,0,0,0,0,,,,,0,19351009,0,DAY03,h,PTC,0,1,0,exhibition,y,d
SHR193510090,franb102,SHR,1,2,value,18,3,2,0,0,0,2,0,0,2,0,19351009,0,DAY03,h,PTC,0,1,0,exhibition,y,d
SHR193510090,jonew104,SHR,1,5,value,30,2,1,0,0,0,,,,,1,19351009,0,DAY03,h,PTC,0,1,0,exhibition,y,d
SHR193510090,davyj101,SHR,1,8,value,12,0,0,0,0,0,,,,,1,19351009,0,DAY03,h,PTC,0,1,0,exhibition,y,d
SHR193510090,younr102,SHR,1,7,value,18,1,1,0,1,0,,,,,0,19351009,0,DAY03,h,PTC,0,1,0,exhibition,y,d
SHR193510090,ussad101,SHR,1,6,value,30,3,2,1,0,0,,,,,1,19351009,0,DAY03,h,PTC,0,1,0,exhibition,y,d
SHR193510090,wysob101,SHR,1,3,value,18,6,0,0,0,0,,,,,1,19351009,0,DAY03,h,PTC,0,1,0,exhibition,y,d
SHR193510090,herrl101,SHR,1,1,value,12,0,2,0,0,0,,,,,0,19351009,0,DAY03,h,PTC,0,1,0,exhibition,y,d
SHR193510090,rowlb101,SHR,1,4,value,30,4,2,1,1,0,,,,,1,19351009,0,DAY03,h,PTC,0,1,0,exhibition,y,d
SHR193510090,rybam101,SHR,1,2,value,12,6,2,0,0,0,0,0,1,1,1,19351009,0,DAY03,h,PTC,0,1,0,exhibition,y,d
SHR193510090,rybam101,SHR,2,1,value,6,0,2,0,0,0,,,,,0,19351009,0,DAY03,h,PTC,0,1,0,exhibition,y,d
SHR193510090,rybam101,SHR,3,3,value,3,1,0,1,1,0,,,,,0,19351009,0,DAY03,h,PTC,0,1,0,exhibition,y,d
SHR193510090,pfahf101,SHR,1,9,value,9,0,0,0,0,0,,,,,0,19351009,0,DAY03,h,PTC,0,1,0,exhibition,y,d
SHR193510090,deand102,SHR,1,1,value,6,0,2,0,0,0,,,,,1,19351009,0,DAY03,h,PTC,0,1,0,exhibition,y,d
SHR193510090,deand102,SHR,2,9,value,15,0,0,0,0,0,,,,,0,19351009,0,DAY03,h,PTC,0,1,0,exhibition,y,d
SHR193510090,maxtc101,SHR,1,3,value,9,2,0,0,0,0,,,,,0,19351009,0,DAY03,h,PTC,0,1,0,exhibition,y,d
