gid,id,team,b_lp,b_seq,stattype,b_pa,b_ab,b_r,b_h,b_d,b_t,b_hr,b_rbi,b_sh,b_sf,b_hbp,b_w,b_iw,b_k,b_sb,b_cs,b_gdp,b_xi,b_roe,dh,ph,pr,date,number,site,vishome,opp,win,loss,tie,gametype,box,pbp,eject
PHG190309120,bingw102,PHG,2,1,value,4,3,0,0,0,0,0,0,0,0,0,1,0,,0,1,0,0,0,,,,19030912,0,PHI10,h,CUX,0,1,0,championship,y,d,
CUX190309131,bingw102,PHG,2,1,value,4,4,0,0,0,0,0,,0,,0,0,0,,0,,,0,,,,,19030913,1,NYC18,v,CUX,0,1,0,championship,y,,
PHG190309132,bingw102,PHG,2,1,value,4,4,0,2,0,0,0,,0,,0,0,0,,0,,,0,,,,,19030913,2,NYC18,h,CUX,1,0,0,championship,y,,
CUX190309140,bingw102,PHG,2,1,value,4,4,0,0,0,0,0,0,0,0,0,0,0,,0,0,0,0,0,,,,19030914,0,TRE02,v,CUX,0,1,0,championship,y,d,
PHG190309150,bingw102,PHG,5,1,value,4,3,0,0,0,0,0,0,0,0,0,1,0,,0,0,0,0,0,,,,19030915,0,CAM02,h,CUX,1,0,0,championship,y,d,
CUX190309180,bingw102,PHG,5,1,value,4,4,0,0,0,0,0,0,0,0,0,0,0,,0,0,0,0,0,,,,19030918,0,HRB01,v,CUX,0,1,0,championship,y,d,
PHG190309250,bingw102,PHG,5,1,value,4,4,0,1,0,0,0,0,0,0,0,0,0,,0,0,0,0,0,,,,19030925,0,CAM02,h,CUX,0,1,0,championship,y,d,
