gid,id,team,b_lp,b_seq,stattype,b_pa,b_ab,b_r,b_h,b_d,b_t,b_hr,b_rbi,b_sh,b_sf,b_hbp,b_w,b_iw,b_k,b_sb,b_cs,b_gdp,b_xi,b_roe,dh,ph,pr,date,number,site,vishome,opp,win,loss,tie,gametype,box,pbp,eject
SSA193706131,deanr101,SSA,9,1,value,2,2,0,0,0,0,0,0,0,0,0,0,0,0,0,0,0,0,0,,,,19370613,1,STL14,h,BIR,1,0,0,regular,y,d,
MEM193805152,deanr101,IN7,,1,value,,,,,,,,,,,,,,,,,,,,,,,19380515,2,MEM02,v,MEM,0,1,0,regular,,,
IN7193805291,deanr101,IN7,9,1,value,4,3,0,1,0,0,0,2,1,0,0,0,0,,0,0,0,0,0,,,,19380529,1,MOU01,h,BIR,1,0,0,regular,y,d,
ATN193806122,deanr101,IN7,9,1,value,1,1,0,0,0,0,0,0,0,0,0,0,0,0,0,0,0,0,0,,,,19380612,2,ATL04,v,ATN,0,1,0,regular,y,d,
ATN193807101,deanr101,IN7,9,1,value,2,2,1,1,0,0,0,0,0,0,0,0,0,0,0,0,0,0,0,,,,19380710,1,ATL04,v,ATN,0,1,0,regular,y,d,
JAX193807152,deanr101,IN7,,1,value,,,,,,,,,,,,,,,,,,,,,,,19380715,2,JKV01,v,JAX,0,1,0,regular,,,
IN7193807190,deanr101,IN7,,,value,,,,,,,,,,,,,,,,,,,,,,,19380719,0,MOU01,h,ATN,0,1,0,regular,,,
IN7193807241,deanr101,IN7,,1,value,,,,,,,,,,,,,,,,,,,,,,,19380724,1,IND10,h,BIR,0,1,0,regular,,,
KCM193808110,deanr101,IN7,9,1,value,4,4,0,0,0,0,0,,0,,,0,,,0,,,,,,,,19380811,0,KAN05,v,KCM,1,0,0,regular,y,,
KCM193808160,deanr101,IN7,,1,value,,,,,,,,,,,,,,,,,,,,,,,19380816,0,CHN01,v,KCM,1,0,0,exhibition,,,
KCM193809080,deanr101,IN7,1,3,value,0,0,0,0,0,0,0,0,0,0,0,0,0,,0,0,0,0,0,,,,19380908,0,KAN05,v,KCM,0,1,0,exhibition,y,d,
MEM193905010,deanr101,SSA,,,value,,,,,,,,,,,,,,,,,,,,,,,19390501,0,MEM02,v,MEM,0,1,0,exhibition,,,
SSA193905150,deanr101,SSA,9,2,value,3,3,0,0,0,0,0,0,0,0,0,0,0,,0,0,0,0,0,,,,19390515,0,STL13,h,ATN,1,0,0,regular,y,d,
MEM193905220,deanr101,SSA,,,value,,,,,,,,,,,,,,,,,,,,,,,19390522,0,MEM02,v,MEM,0,1,0,regular,,,
SSA193906060,deanr101,SSA,,,value,,,,,,,,,,,,,,,,,,,,,,,19390606,0,STL13,h,KCM,0,1,0,regular,,,
CAG193906182,deanr101,SSA,9,1,value,2,2,0,0,0,0,0,0,0,0,0,0,0,2,0,0,0,0,0,,,,19390618,2,CHI09,v,CAG,0,1,0,regular,y,d,
KCM193907070,deanr101,SSA,9,1,value,4,4,0,0,0,0,0,0,0,,0,0,0,,0,,,0,,,,,19390707,0,DES01,v,KCM,1,0,0,regular,y,,
SSA193907140,deanr101,SSA,9,1,value,2,2,0,0,0,0,0,0,0,0,0,0,0,,0,0,0,0,0,,,,19390714,0,EVA01,h,CV9,1,0,0,exhibition,y,d,
MEM193907170,deanr101,SSA,,,value,,,,,,,,,,,,,,,,,,,,,,,19390717,0,MEM02,v,MEM,0,1,0,regular,,,
SSA193907270,deanr101,SSA,,,value,,,,,,,,,,,,,,,,,,,,,,,19390727,0,STL13,h,MEM,0,1,0,regular,,,
CV9194003240,deanr101,SNO,9,2,value,2,0,0,0,0,0,0,0,0,,0,2,,,0,,,0,,,,,19400324,0,JKV01,v,CV9,0,1,0,exhibition,y,,
CV9194003310,deanr101,SNO,8,5,value,2,2,0,1,0,0,0,0,0,,0,0,0,,0,,,0,,,,,19400331,0,JKV01,v,CV9,0,1,0,exhibition,y,,
BIR194005170,deanr101,SNO,9,1,value,,,,,,,,,,,,,,,,,,,,,,,19400517,0,ANN01,v,BIR,1,0,0,regular,,,
SNO194007170,deanr101,SNO,,,value,,,,,,,,,,,,,,,,,,,,,,,19400717,0,SPA01,h,CV9,1,0,0,regular,,,
