gid,id,team,d_seq,d_pos,stattype,d_ifouts,d_po,d_a,d_e,d_dp,d_tp,d_pb,d_wp,d_sb,d_cs,d_gs,date,number,site,vishome,opp,win,loss,tie,gametype,box,pbp,eject
ASW195608120,mckni101,ASW,1,9,value,18,0,0,0,0,0,,,,,1,19560812,0,CHI10,h,ASE,0,1,0,allstar,y,,
ASW195608120,mckni101,ASW,2,5,value,9,,,0,0,0,,,,,1,19560812,0,CHI10,h,ASE,0,1,0,allstar,y,,
ASW195707280,mckni101,ASW,1,2,value,21,6,0,0,0,0,0,0,0,0,1,19570728,0,CHI10,h,ASE,1,0,0,allstar,y,d,
ASW195808240,mckni101,ASW,1,2,value,12,0,0,0,0,0,1,0,0,0,0,19580824,0,CHI10,h,ASE,0,1,0,allstar,y,d,
ASW195808310,mckni101,ASW,1,2,value,6,,,0,,0,,,,,,19580831,0,NYC16,h,ASE,0,1,0,allstar,,,
ASE196108200,mckni101,ASW,1,2,value,18,6,0,0,0,0,1,1,0,0,1,19610820,0,NYC16,v,ASE,1,0,0,allstar,y,y,
ASW196208260,mckni101,ASW,1,2,value,27,,,0,,0,,,,,1,19620826,0,KAN05,h,ASE,1,0,0,allstar,,,
