gid,id,team,d_seq,d_pos,stattype,d_ifouts,d_po,d_a,d_e,d_dp,d_tp,d_pb,d_wp,d_sb,d_cs,d_gs,date,number,site,vishome,opp,win,loss,tie,gametype,box,pbp,eject
BSN192807040,cronb101,BSN,1,2,value,12,2,1,0,0,0,0,0,0,0,0,19280704,0,BOS08,h,PHI,0,1,0,regular,y,d,
SLN192807081,cronb101,BSN,1,2,value,18,1,0,0,1,0,0,0,0,0,0,19280708,1,STL07,v,SLN,0,1,0,regular,y,y,
BSN192809111,cronb101,BSN,1,2,value,3,0,0,0,0,0,0,0,0,0,0,19280911,1,BOS08,h,NY1,0,1,0,regular,y,y,
BSN192809131,cronb101,BSN,1,2,value,3,1,0,0,0,0,0,0,0,0,0,19280913,1,BOS08,h,NY1,0,1,0,regular,y,y,
SLN192909112,cronb101,BSN,1,2,value,6,3,1,0,0,0,0,0,0,1,0,19290911,2,STL07,v,SLN,0,1,0,regular,y,y,
SLN192909132,cronb101,BSN,1,2,value,24,5,0,0,0,0,0,0,0,0,1,19290913,2,STL07,v,SLN,0,1,0,regular,y,y,
PIT192909190,cronb101,BSN,1,2,value,18,2,0,0,0,0,0,0,0,0,1,19290919,0,PIT06,v,PIT,1,0,0,regular,y,y,
NY1192909250,cronb101,BSN,1,2,value,9,0,2,0,0,0,0,0,0,1,0,19290925,0,NYC14,v,NY1,0,1,0,regular,y,y,
PHI192909282,cronb101,BSN,1,2,value,3,0,0,0,0,0,0,0,0,0,0,19290928,2,PHI09,v,PHI,0,1,0,regular,y,y,
BSN192910060,cronb101,BSN,1,2,value,6,1,0,0,0,0,0,0,0,0,0,19291006,0,BOS08,h,NY1,0,1,0,regular,y,y,
BSN193004270,cronb101,BSN,1,2,value,27,4,2,0,0,0,0,0,0,2,1,19300427,0,BOS08,h,PHI,1,0,0,regular,y,y,
PHI193004290,cronb101,BSN,1,2,value,24,3,0,0,0,0,0,0,0,0,1,19300429,0,PHI09,v,PHI,0,1,0,regular,y,y,
PIT193005030,cronb101,BSN,1,2,value,9,3,0,0,0,0,0,1,0,0,1,19300503,0,PIT06,v,PIT,1,0,0,regular,y,y,
CIN193005050,cronb101,BSN,1,2,value,15,2,1,0,0,0,1,0,0,0,1,19300505,0,CIN07,v,CIN,0,1,0,regular,y,y,
CIN193005080,cronb101,BSN,1,2,value,3,0,0,0,0,0,0,0,0,0,0,19300508,0,CIN07,v,CIN,0,1,0,regular,y,y,
SLN193005090,cronb101,BSN,1,2,value,9,1,0,0,0,0,0,0,0,0,1,19300509,0,STL07,v,SLN,0,1,0,regular,y,y,
CHN193005150,cronb101,BSN,1,2,value,27,3,2,0,0,0,0,0,0,1,1,19300515,0,CHI11,v,CHN,1,0,0,regular,y,y,
BSN193005210,cronb101,BSN,1,2,value,27,3,2,0,1,0,0,0,0,1,1,19300521,0,BOS08,h,BRO,0,1,0,regular,y,y,
BSN193006030,cronb101,BSN,1,2,value,6,0,0,0,0,0,0,0,0,0,0,19300603,0,BOS08,h,CHN,0,1,0,regular,y,y,
BSN193006160,cronb101,BSN,1,2,value,12,1,0,0,0,0,0,0,0,0,0,19300616,0,BOS08,h,CIN,0,1,0,regular,y,y,
BSN193006172,cronb101,BSN,1,2,value,18,1,1,0,0,0,0,0,0,1,1,19300617,2,BOS08,h,CIN,1,0,0,regular,y,y,
CHN193006190,cronb101,BSN,1,2,value,9,2,0,0,0,0,0,0,0,0,0,19300619,0,CHI11,v,CHN,0,1,0,regular,y,y,
CHN193006212,cronb101,BSN,1,2,value,24,3,1,0,0,0,0,0,0,0,1,19300621,2,CHI11,v,CHN,0,1,0,regular,y,y,
SLN193006240,cronb101,BSN,1,2,value,24,4,0,0,0,0,0,0,1,0,1,19300624,0,STL07,v,SLN,0,1,0,regular,y,y,
CIN193006280,cronb101,BSN,1,2,value,24,4,0,0,0,0,0,0,0,0,1,19300628,0,CIN07,v,CIN,0,1,0,regular,y,y,
CIN193006291,cronb101,BSN,1,2,value,27,3,2,0,0,0,0,0,1,2,1,19300629,1,CIN07,v,CIN,1,0,0,regular,y,y,
PIT193006300,cronb101,BSN,1,2,value,10,2,1,0,0,0,0,0,0,0,0,19300630,0,PIT06,v,PIT,1,0,0,regular,y,y,
PIT193007010,cronb101,BSN,1,2,value,3,0,0,0,0,0,0,0,0,0,0,19300701,0,PIT06,v,PIT,0,1,0,regular,y,y,
PIT193007020,cronb101,BSN,1,2,value,27,2,0,0,0,0,0,0,1,0,1,19300702,0,PIT06,v,PIT,1,0,0,regular,y,y,
PIT193007030,cronb101,BSN,1,2,value,27,3,0,0,0,0,0,0,0,0,1,19300703,0,PIT06,v,PIT,1,0,0,regular,y,y,
BRO193007060,cronb101,BSN,1,2,value,24,5,2,0,0,0,0,1,1,2,1,19300706,0,NYC15,v,BRO,0,1,0,regular,y,y,
BRO193007092,cronb101,BSN,1,2,value,24,5,0,0,0,0,0,0,1,0,1,19300709,2,NYC15,v,BRO,0,1,0,regular,y,y,
BSN193007131,cronb101,BSN,1,2,value,27,4,0,0,0,0,0,0,0,0,1,19300713,1,BOS08,h,CHN,1,0,0,regular,y,y,
BSN193007132,cronb101,BSN,1,2,value,12,0,0,0,0,0,0,0,0,0,0,19300713,2,BOS08,h,CHN,1,0,0,regular,y,y,
BSN193007150,cronb101,BSN,1,2,value,24,2,0,0,0,0,0,0,0,0,1,19300715,0,BOS08,h,CHN,0,1,0,regular,y,y,
BSN193007161,cronb101,BSN,1,2,value,21,4,1,1,1,0,0,0,4,0,1,19300716,1,BOS08,h,PIT,1,0,0,regular,y,y,
BSN193007162,cronb101,BSN,1,2,value,18,4,0,0,0,0,0,0,0,0,1,19300716,2,BOS08,h,PIT,0,1,0,regular,y,y,
BSN193007180,cronb101,BSN,1,2,value,6,2,1,0,0,0,0,0,0,1,1,19300718,0,BOS08,h,PIT,0,1,0,regular,y,y,
BSN193007202,cronb101,BSN,1,2,value,27,6,0,1,0,0,0,0,0,0,1,19300720,2,BOS08,h,CIN,1,0,0,regular,y,y,
BSN193007232,cronb101,BSN,1,2,value,24,3,0,0,0,0,0,0,0,0,1,19300723,2,BOS08,h,CIN,1,0,0,regular,y,y,
BSN193007240,cronb101,BSN,1,2,value,27,5,1,0,0,0,0,0,0,1,1,19300724,0,BOS08,h,SLN,1,0,0,regular,y,y,
BSN193007250,cronb101,BSN,1,2,value,24,3,0,0,0,0,0,0,1,0,1,19300725,0,BOS08,h,SLN,1,0,0,regular,y,y,
BSN193007261,cronb101,BSN,1,2,value,21,4,2,0,0,0,0,0,0,2,1,19300726,1,BOS08,h,SLN,0,1,0,regular,y,y,
BSN193007271,cronb101,BSN,1,2,value,27,8,0,0,0,0,0,0,0,0,1,19300727,1,BOS08,h,SLN,0,1,0,regular,y,y,
BSN193008021,cronb101,BSN,1,2,value,27,6,1,0,1,0,0,0,0,1,1,19300802,1,BOS08,h,PHI,1,0,0,regular,y,y,
BSN193008031,cronb101,BSN,1,2,value,27,2,1,0,0,0,1,0,3,0,1,19300803,1,BOS08,h,PHI,0,1,0,regular,y,y,
BSN193008050,cronb101,BSN,1,2,value,3,2,0,0,0,0,0,0,0,0,0,19300805,0,BOS08,h,PHI,1,0,0,regular,y,y,
BSN193008060,cronb101,BSN,1,2,value,27,1,1,0,0,0,0,0,0,0,1,19300806,0,BOS08,h,PHI,1,0,0,regular,y,y,
CHN193008080,cronb101,BSN,1,2,value,24,2,1,0,1,0,0,0,1,0,1,19300808,0,CHI11,v,CHN,0,1,0,regular,y,y,
CHN193008101,cronb101,BSN,1,2,value,21,2,0,0,0,0,0,0,0,0,1,19300810,1,CHI11,v,CHN,0,1,0,regular,y,y,
CHN193008102,cronb101,BSN,1,2,value,24,4,2,0,0,0,1,0,0,0,1,19300810,2,CHI11,v,CHN,0,1,0,regular,y,y,
CHN193008110,cronb101,BSN,1,2,value,24,4,0,0,0,0,0,0,0,0,1,19300811,0,CHI11,v,CHN,0,1,0,regular,y,y,
SLN193008120,cronb101,BSN,1,2,value,24,1,1,0,0,0,0,0,0,1,1,19300812,0,STL07,v,SLN,0,1,0,regular,y,y,
SLN193008141,cronb101,BSN,1,2,value,25,5,0,0,0,0,0,0,1,0,1,19300814,1,STL07,v,SLN,0,1,0,regular,y,y,
SLN193008142,cronb101,BSN,1,2,value,27,8,0,0,0,0,0,0,0,0,1,19300814,2,STL07,v,SLN,1,0,0,regular,y,y,
SLN193008150,cronb101,BSN,1,2,value,21,2,0,0,0,0,0,0,1,0,1,19300815,0,STL07,v,SLN,0,1,0,regular,y,y,
SLN193008160,cronb101,BSN,1,2,value,27,3,1,0,0,0,1,0,0,1,1,19300816,0,STL07,v,SLN,1,0,0,regular,y,y,
CIN193008171,cronb101,BSN,1,2,value,12,2,0,0,0,0,0,0,0,0,0,19300817,1,CIN07,v,CIN,1,0,0,regular,y,y,
CIN193008172,cronb101,BSN,1,2,value,24,2,0,0,0,0,0,0,0,0,1,19300817,2,CIN07,v,CIN,1,0,0,regular,y,y,
CIN193008190,cronb101,BSN,1,2,value,27,1,0,0,0,0,0,0,0,0,1,19300819,0,CIN07,v,CIN,1,0,0,regular,y,y,
PIT193008200,cronb101,BSN,1,2,value,18,3,0,0,0,0,0,0,0,0,1,19300820,0,PIT06,v,PIT,0,1,0,regular,y,y,
PIT193008232,cronb101,BSN,1,2,value,21,2,0,0,0,0,0,0,0,0,1,19300823,2,PIT06,v,PIT,0,1,0,regular,y,y,
PHI193008290,cronb101,BSN,1,2,value,6,1,0,0,0,0,0,0,0,0,0,19300829,0,PHI09,v,PHI,1,0,0,regular,y,d,
NY1193008312,cronb101,BSN,1,2,value,27,6,0,0,0,0,0,0,0,0,1,19300831,2,NYC14,v,NY1,1,0,0,regular,y,y,
BSN193009012,cronb101,BSN,1,2,value,27,8,2,0,0,0,0,0,0,1,1,19300901,2,BOS08,h,BRO,0,1,0,regular,y,y,
BSN193009032,cronb101,BSN,1,2,value,27,4,0,0,0,0,1,0,0,0,1,19300903,2,BOS08,h,NY1,1,0,0,regular,y,y,
BSN193009062,cronb101,BSN,1,2,value,27,4,1,1,1,0,0,0,0,0,1,19300906,2,BOS08,h,NY1,0,1,0,regular,y,y,
BSN193009072,cronb101,BSN,1,2,value,27,5,1,0,0,0,0,0,0,1,1,19300907,2,BOS08,h,PHI,1,0,0,regular,y,y,
BSN193009141,cronb101,BSN,1,2,value,15,0,1,0,0,0,0,0,0,0,0,19300914,1,BOS08,h,SLN,0,1,0,regular,y,y,
BSN193009142,cronb101,BSN,1,2,value,24,6,0,0,0,0,0,0,0,0,1,19300914,2,BOS08,h,SLN,1,0,0,regular,y,y,
BSN193009171,cronb101,BSN,1,2,value,27,4,0,0,0,0,0,0,0,0,1,19300917,1,BOS08,h,CIN,1,0,0,regular,y,y,
BSN193009172,cronb101,BSN,1,2,value,27,4,0,1,0,0,0,0,0,0,1,19300917,2,BOS08,h,CIN,0,1,0,regular,y,d,
BRO193009272,cronb101,BSN,1,2,value,27,9,0,0,0,0,0,0,0,0,1,19300927,2,NYC15,v,BRO,1,0,0,regular,y,y,
BRO193009280,cronb101,BSN,1,2,value,18,3,0,0,0,0,0,0,0,0,1,19300928,0,NYC15,v,BRO,0,1,0,regular,y,y,
BSN193104190,cronb101,BSN,1,2,value,3,1,0,0,0,0,0,0,0,0,0,19310419,0,BOS08,h,NY1,0,1,0,regular,y,y,
BSN193104201,cronb101,BSN,1,2,value,27,2,0,0,0,0,0,1,0,0,1,19310420,1,BOS08,h,NY1,0,1,0,regular,y,y,
BRO193104240,cronb101,BSN,1,2,value,13,2,1,0,0,0,0,0,0,1,0,19310424,0,NYC15,v,BRO,0,1,0,regular,y,y,
PHI193104280,cronb101,BSN,1,2,value,14,5,2,0,1,0,0,0,0,1,0,19310428,0,PHI09,v,PHI,0,1,0,regular,y,y,
BSN193105050,cronb101,BSN,1,2,value,6,0,1,0,0,0,0,0,0,0,0,19310505,0,BOS08,h,PHI,1,0,0,regular,y,y,
BSN193105060,cronb101,BSN,1,2,value,6,1,0,0,0,0,0,0,0,0,0,19310506,0,BOS08,h,PHI,0,1,0,regular,y,y,
BSN193105122,cronb101,BSN,1,2,value,27,0,1,0,0,0,0,0,0,0,1,19310512,2,BOS08,h,CIN,0,1,0,regular,y,y,
BSN193105200,cronb101,BSN,1,2,value,6,0,0,0,0,0,0,0,0,0,0,19310520,0,BOS08,h,CHN,0,1,0,regular,y,y,
BSN193105242,cronb101,BSN,1,2,value,19,5,0,1,0,0,0,0,1,0,1,19310524,2,BOS08,h,NY1,1,0,0,regular,y,y,
NY1193105262,cronb101,BSN,1,2,value,24,1,1,1,0,0,0,0,2,1,1,19310526,2,NYC14,v,NY1,0,1,0,regular,y,y,
NY1193105270,cronb101,BSN,1,2,value,9,1,0,1,0,0,0,0,1,0,0,19310527,0,NYC14,v,NY1,0,1,0,regular,y,y,
PHI193105302,cronb101,BSN,1,2,value,9,2,0,1,0,0,0,1,0,1,0,19310530,2,PHI09,v,PHI,0,1,0,regular,y,y,
BRO193105311,cronb101,BSN,1,2,value,18,4,1,0,0,0,0,0,0,0,1,19310531,1,NYC15,v,BRO,0,1,0,regular,y,y,
PIT193106050,cronb101,BSN,1,2,value,15,0,0,0,0,0,0,0,0,0,0,19310605,0,PIT06,v,PIT,1,0,0,regular,y,y,
CIN193106060,cronb101,BSN,1,2,value,25,2,0,1,0,0,0,1,0,0,1,19310606,0,CIN07,v,CIN,0,1,0,regular,y,y,
CIN193106071,cronb101,BSN,1,2,value,18,2,1,0,0,0,0,0,0,0,1,19310607,1,CIN07,v,CIN,0,1,0,regular,y,y,
SLN193106100,cronb101,BSN,1,2,value,3,0,0,0,0,0,0,0,0,0,0,19310610,0,STL07,v,SLN,1,0,0,regular,y,y,
SLN193106130,cronb101,BSN,1,2,value,24,2,0,1,0,0,0,0,0,0,1,19310613,0,STL07,v,SLN,0,1,0,regular,y,y,
CHN193106150,cronb101,BSN,1,2,value,26,4,0,0,0,0,0,0,0,0,0,19310615,0,CHI11,v,CHN,1,0,0,regular,y,y,
CHN193106160,cronb101,BSN,1,2,value,19,5,0,1,0,0,0,0,0,0,1,19310616,0,CHI11,v,CHN,0,1,0,regular,y,y,y
BSN193106190,cronb101,BSN,1,2,value,27,5,0,0,0,0,1,0,3,0,1,19310619,0,BOS08,h,SLN,0,1,0,regular,y,y,
BSN193106202,cronb101,BSN,1,2,value,24,3,1,0,0,0,1,0,0,1,1,19310620,2,BOS08,h,SLN,1,0,0,regular,y,y,
BSN193106212,cronb101,BSN,1,2,value,27,5,1,1,0,0,0,0,1,0,1,19310621,2,BOS08,h,SLN,0,1,0,regular,y,d,
BSN193106232,cronb101,BSN,1,2,value,15,3,1,0,2,0,0,1,1,1,1,19310623,2,BOS08,h,CIN,0,1,0,regular,y,y,
BSN193106242,cronb101,BSN,1,2,value,27,1,0,0,0,0,0,0,0,0,1,19310624,2,BOS08,h,CIN,1,0,0,regular,y,y,
BSN193106260,cronb101,BSN,1,2,value,27,5,0,0,0,0,0,0,0,0,1,19310626,0,BOS08,h,CHN,1,0,0,regular,y,y,
BSN193106282,cronb101,BSN,1,2,value,21,2,0,0,1,0,0,1,0,0,1,19310628,2,BOS08,h,CHN,0,0,1,regular,y,y,
BSN193107020,cronb101,BSN,1,2,value,3,0,0,0,0,0,0,0,0,0,0,19310702,0,BOS08,h,PIT,0,1,0,regular,y,y,
BSN193107042,cronb101,BSN,1,2,value,27,6,0,0,0,0,0,0,0,0,1,19310704,2,BOS08,h,PHI,1,0,0,regular,y,y,
BSN193107112,cronb101,BSN,1,2,value,27,2,0,0,0,0,0,0,0,0,1,19310711,2,BOS08,h,BRO,1,0,0,regular,y,y,
BRO193107122,cronb101,BSN,1,2,value,24,5,0,0,0,0,0,0,0,0,1,19310712,2,NYC15,v,BRO,1,0,0,regular,y,y,
CIN193107170,cronb101,BSN,1,2,value,3,2,0,0,0,0,0,0,0,0,0,19310717,0,CIN07,v,CIN,0,1,0,regular,y,y,
PIT193107182,cronb101,BSN,1,2,value,27,5,1,0,0,0,0,0,0,1,1,19310718,2,PIT06,v,PIT,1,0,0,regular,y,y,
CHN193107220,cronb101,BSN,1,2,value,16,3,0,0,0,0,0,0,0,0,0,19310722,0,CHI11,v,CHN,0,1,0,regular,y,y,
CHN193107230,cronb101,BSN,1,2,value,27,6,2,0,0,0,0,0,0,1,1,19310723,0,CHI11,v,CHN,1,0,0,regular,y,y,
CHN193107240,cronb101,BSN,1,2,value,24,2,0,0,0,0,0,0,0,0,1,19310724,0,CHI11,v,CHN,0,1,0,regular,y,y,
CHN193107250,cronb101,BSN,1,2,value,24,2,1,1,0,0,0,0,0,0,1,19310725,0,CHI11,v,CHN,0,1,0,regular,y,y,
SLN193107262,cronb101,BSN,1,2,value,3,1,0,0,0,0,0,0,0,0,0,19310726,2,STL07,v,SLN,0,1,0,regular,y,d,
NY1193107310,cronb101,BSN,1,2,value,6,0,0,0,0,0,0,0,0,0,0,19310731,0,NYC14,v,NY1,1,0,0,regular,y,y,
BSN193108142,cronb101,BSN,1,2,value,24,3,1,0,0,0,0,0,0,0,1,19310814,2,BOS08,h,CIN,1,0,0,regular,y,y,
BSN193108161,cronb101,BSN,1,2,value,3,0,1,0,0,0,0,0,0,0,0,19310816,1,BOS08,h,CHN,0,1,0,regular,y,d,
BSN193108232,cronb101,BSN,1,2,value,33,4,1,0,0,0,0,0,2,1,1,19310823,2,BOS08,h,SLN,0,1,0,regular,y,y,
BRO193108302,cronb101,BSN,1,2,value,9,3,1,0,1,0,0,0,0,0,1,19310830,2,NYC15,v,BRO,0,1,0,regular,y,y,
BRO193109080,cronb101,BSN,1,2,value,15,1,0,0,0,0,0,1,0,0,1,19310908,0,NYC15,v,BRO,0,1,0,regular,y,y,
SLN193109110,cronb101,BSN,1,2,value,3,0,0,0,0,0,0,0,0,0,0,19310911,0,STL07,v,SLN,1,0,0,regular,y,y,
CHN193109132,cronb101,BSN,1,2,value,21,4,1,0,0,0,0,0,2,1,1,19310913,2,CHI11,v,CHN,0,1,0,regular,y,y,
CHN193109161,cronb101,BSN,1,2,value,24,3,2,0,0,0,0,0,0,1,1,19310916,1,CHI11,v,CHN,0,1,0,regular,y,y,
PIT193109182,cronb101,BSN,1,2,value,18,0,0,0,0,0,0,0,0,0,1,19310918,2,PIT06,v,PIT,0,1,0,regular,y,y,
CIN193109202,cronb101,BSN,1,2,value,21,4,0,0,0,0,0,1,0,0,1,19310920,2,CIN07,v,CIN,0,1,0,regular,y,y,
CIN193109210,cronb101,BSN,1,2,value,24,3,1,0,0,0,0,0,0,0,1,19310921,0,CIN07,v,CIN,0,1,0,regular,y,y,
PRG193510190,cronb101,PIR,1,2,value,24,5,0,0,0,0,0,,,,1,19351019,0,LOS02,v,PRG,0,1,0,exhibition,y,,
