gid,id,team,d_seq,d_pos,stattype,d_ifouts,d_po,d_a,d_e,d_dp,d_tp,d_pb,d_wp,d_sb,d_cs,d_gs,date,number,site,vishome,opp,win,loss,tie,gametype,box,pbp
PTC193209300,fullc101,NLN,1,4,value,24,2,5,0,3,0,,,,,1,19320930,0,ALT02,v,PTC,0,1,0,exhibition,y,
PTC193209300,englg101,NLN,1,5,value,24,1,2,1,0,0,,,,,1,19320930,0,ALT02,v,PTC,0,1,0,exhibition,y,
PTC193209300,tayld101,NLN,1,8,value,24,1,0,1,0,0,,,,,1,19320930,0,ALT02,v,PTC,0,1,0,exhibition,y,
PTC193209300,wilsh102,NLN,1,9,value,24,0,0,0,0,0,,,,,1,19320930,0,ALT02,v,PTC,0,1,0,exhibition,y,
PTC193209300,fredj101,NLN,1,7,value,24,1,0,0,0,0,,,,,1,19320930,0,ALT02,v,PTC,0,1,0,exhibition,y,
PTC193209300,warsr101,NLN,1,6,value,24,1,5,1,3,0,,,,,1,19320930,0,ALT02,v,PTC,0,1,0,exhibition,y,
PTC193209300,todda101,NLN,1,3,value,24,15,0,0,3,0,,,,,1,19320930,0,ALT02,v,PTC,0,1,0,exhibition,y,
PTC193209300,paddt101,NLN,1,2,value,24,3,0,0,0,0,0,,,,1,19320930,0,ALT02,v,PTC,0,1,0,exhibition,y,
PTC193209300,frenl101,NLN,1,1,value,21,0,2,0,0,0,,,,,1,19320930,0,ALT02,v,PTC,0,1,0,exhibition,y,
PTC193209300,franf101,NLN,1,1,value,3,0,1,0,0,0,,,,,,19320930,0,ALT02,v,PTC,0,1,0,exhibition,y,
PTC193209300,paget101,PTC,1,9,value,27,1,0,0,0,0,,,,,1,19320930,0,ALT02,h,NLN,1,0,0,exhibition,y,
PTC193209300,russj105,PTC,1,4,value,27,3,4,0,1,0,,,,,1,19320930,0,ALT02,h,NLN,1,0,0,exhibition,y,
PTC193209300,charo101,PTC,1,3,value,27,8,0,0,1,0,,,,,1,19320930,0,ALT02,h,NLN,1,0,0,exhibition,y,
PTC193209300,gibsj101,PTC,1,7,value,27,3,0,0,0,0,,,,,1,19320930,0,ALT02,h,NLN,1,0,0,exhibition,y,
PTC193209300,perkb101,PTC,1,2,value,27,4,0,0,0,0,0,,,,1,19320930,0,ALT02,h,NLN,1,0,0,exhibition,y,
PTC193209300,wilsj106,PTC,1,8,value,27,4,1,1,0,0,,,,,1,19320930,0,ALT02,h,NLN,1,0,0,exhibition,y,
PTC193209300,johnj108,PTC,1,5,value,27,1,0,0,0,0,,,,,1,19320930,0,ALT02,h,NLN,1,0,0,exhibition,y,
PTC193209300,stepj105,PTC,1,6,value,27,3,2,0,1,0,,,,,1,19320930,0,ALT02,h,NLN,1,0,0,exhibition,y,
PTC193209300,radct101,PTC,1,1,value,23,0,2,0,0,0,,,,,1,19320930,0,ALT02,h,NLN,1,0,0,exhibition,y,
PTC193209300,bellw101,PTC,1,1,value,4,0,0,0,0,0,,,,,,19320930,0,ALT02,h,NLN,1,0,0,exhibition,y,
HOM193506170,jenkf102,BRN,1,7,value,24,1,0,0,0,0,,,,,1,19350617,0,ALT02,v,HOM,0,1,0,regular,y,d
HOM193506170,perej103,BRN,1,5,value,24,2,1,0,0,0,,,,,1,19350617,0,ALT02,v,HOM,0,1,0,regular,y,d
HOM193506170,willh105,BRN,1,4,value,24,2,3,0,1,0,,,,,1,19350617,0,ALT02,v,HOM,0,1,0,regular,y,d
HOM193506170,stone101,BRN,1,8,value,24,0,0,0,0,0,,,,,1,19350617,0,ALT02,v,HOM,0,1,0,regular,y,d
HOM193506170,gileg101,BRN,1,3,value,24,12,0,2,1,0,,,,,1,19350617,0,ALT02,v,HOM,0,1,0,regular,y,d
HOM193506170,ruffl101,BRN,1,2,value,24,1,1,0,0,0,0,0,2,0,1,19350617,0,ALT02,v,HOM,0,1,0,regular,y,d
HOM193506170,yancb101,BRN,1,6,value,24,3,1,0,1,0,,,,,1,19350617,0,ALT02,v,HOM,0,1,0,regular,y,d
HOM193506170,day-l101,BRN,1,9,value,24,3,0,0,0,0,,,,,1,19350617,0,ALT02,v,HOM,0,1,0,regular,y,d
HOM193506170,jackw101,BRN,1,1,value,24,0,1,0,0,0,,,,,1,19350617,0,ALT02,v,HOM,0,1,0,regular,y,d
HOM193506170,burbb102,HOM,1,9,value,27,0,0,0,0,0,,,,,1,19350617,0,ALT02,h,BRN,1,0,0,regular,y,d
HOM193506170,carlm101,HOM,1,4,value,27,1,5,0,0,0,,,,,1,19350617,0,ALT02,h,BRN,1,0,0,regular,y,d
HOM193506170,harrv102,HOM,1,7,value,27,1,1,0,0,0,,,,,1,19350617,0,ALT02,h,BRN,1,0,0,regular,y,d
HOM193506170,scalg101,HOM,1,5,value,27,1,0,1,0,0,,,,,1,19350617,0,ALT02,h,BRN,1,0,0,regular,y,d
HOM193506170,leonb101,HOM,1,3,value,27,15,0,0,0,0,,,,,1,19350617,0,ALT02,h,BRN,1,0,0,regular,y,d
HOM193506170,browr103,HOM,1,8,value,27,1,0,1,0,0,,,,,1,19350617,0,ALT02,h,BRN,1,0,0,regular,y,d
HOM193506170,duket102,HOM,1,2,value,27,6,1,0,0,0,0,0,0,1,1,19350617,0,ALT02,h,BRN,1,0,0,regular,y,d
HOM193506170,jackj104,HOM,1,6,value,27,1,3,0,0,0,,,,,1,19350617,0,ALT02,h,BRN,1,0,0,regular,y,d
HOM193506170,stroj103,HOM,1,1,value,15,0,2,0,0,0,,,,,1,19350617,0,ALT02,h,BRN,1,0,0,regular,y,d
HOM193506170,moslc101,HOM,1,1,value,12,0,2,0,0,0,,,,,0,19350617,0,ALT02,h,BRN,1,0,0,regular,y,d
PTC193507110,harrv102,HOM,1,7,value,24,0,0,0,0,0,,,,,1,19350711,0,ALT02,v,PTC,0,1,0,regular,y,d
PTC193507110,carlm101,HOM,1,4,value,12,2,2,0,0,0,,,,,1,19350711,0,ALT02,v,PTC,0,1,0,regular,y,d
PTC193507110,carlm101,HOM,2,6,value,12,0,3,0,0,0,,,,,0,19350711,0,ALT02,v,PTC,0,1,0,regular,y,d
PTC193507110,stroj103,HOM,1,9,value,24,0,0,1,0,0,,,,,1,19350711,0,ALT02,v,PTC,0,1,0,regular,y,d
PTC193507110,leonb101,HOM,1,3,value,24,15,1,0,1,0,,,,,1,19350711,0,ALT02,v,PTC,0,1,0,regular,y,d
PTC193507110,browr103,HOM,1,1,value,24,0,2,0,0,0,,,,,1,19350711,0,ALT02,v,PTC,0,1,0,regular,y,d
PTC193507110,benjj101,HOM,1,8,value,24,1,0,0,0,0,,,,,1,19350711,0,ALT02,v,PTC,0,1,0,regular,y,d
PTC193507110,duket102,HOM,1,2,value,24,4,0,0,0,0,1,1,1,0,1,19350711,0,ALT02,v,PTC,0,1,0,regular,y,d
PTC193507110,bindj101,HOM,1,5,value,24,0,3,0,0,0,,,,,1,19350711,0,ALT02,v,PTC,0,1,0,regular,y,d
PTC193507110,jackj104,HOM,1,6,value,12,0,0,2,0,0,,,,,1,19350711,0,ALT02,v,PTC,0,1,0,regular,y,d
PTC193507110,scalg101,HOM,1,4,value,12,2,4,0,1,0,,,,,0,19350711,0,ALT02,v,PTC,0,1,0,regular,y,d
PTC193507110,crutj101,PTC,1,9,value,27,0,0,0,0,0,,,,,1,19350711,0,ALT02,h,HOM,1,0,0,regular,y,d
PTC193507110,banks101,PTC,1,7,value,27,1,0,0,0,0,,,,,1,19350711,0,ALT02,h,HOM,1,0,0,regular,y,d
PTC193507110,charo101,PTC,1,3,value,27,9,1,0,0,0,,,,,1,19350711,0,ALT02,h,HOM,1,0,0,regular,y,d
PTC193507110,gibsj101,PTC,1,2,value,27,7,0,0,0,0,1,1,0,0,1,19350711,0,ALT02,h,HOM,1,0,0,regular,y,d
PTC193507110,pattp102,PTC,1,4,value,27,0,5,0,0,0,,,,,1,19350711,0,ALT02,h,HOM,1,0,0,regular,y,d
PTC193507110,bellj103,PTC,1,8,value,27,4,0,0,0,0,,,,,1,19350711,0,ALT02,h,HOM,1,0,0,regular,y,d
PTC193507110,johnj108,PTC,1,5,value,27,3,2,1,0,0,,,,,1,19350711,0,ALT02,h,HOM,1,0,0,regular,y,d
PTC193507110,willc106,PTC,1,6,value,27,2,1,0,0,0,,,,,1,19350711,0,ALT02,h,HOM,1,0,0,regular,y,d
PTC193507110,huntb106,PTC,1,1,value,27,1,1,0,0,0,,,,,1,19350711,0,ALT02,h,HOM,1,0,0,regular,y,d
HOM193508100,hollc103,BRN,1,9,value,24,0,0,0,,,,,,,1,19350810,0,ALT02,v,HOM,1,0,0,Regular,y,
HOM193508100,burnt102,BRN,1,3,value,24,12,0,0,,,,,,,1,19350810,0,ALT02,v,HOM,1,0,0,Regular,y,
HOM193508100,grifc102,BRN,1,8,value,24,0,0,0,,,,,,,1,19350810,0,ALT02,v,HOM,1,0,0,Regular,y,
HOM193508100,willh105,BRN,1,4,value,24,2,1,0,,,,,,,1,19350810,0,ALT02,v,HOM,1,0,0,Regular,y,
HOM193508100,perej103,BRN,1,5,value,24,1,4,0,,,,,,,1,19350810,0,ALT02,v,HOM,1,0,0,Regular,y,
HOM193508100,mcdut101,BRN,1,7,value,24,3,0,0,,,,,,,1,19350810,0,ALT02,v,HOM,1,0,0,Regular,y,
HOM193508100,palmc101,BRN,1,2,value,24,3,0,0,,,,,,,1,19350810,0,ALT02,v,HOM,1,0,0,Regular,y,
HOM193508100,sadlb101,BRN,1,6,value,24,3,3,2,,,,,,,1,19350810,0,ALT02,v,HOM,1,0,0,Regular,y,
HOM193508100,staro101,BRN,1,1,value,24,0,4,0,,,,,,,1,19350810,0,ALT02,v,HOM,1,0,0,Regular,y,
HOM193508100,benjj101,HOM,1,8,value,24,1,0,0,,,,,,,1,19350810,0,ALT02,h,BRN,0,1,0,Regular,y,
HOM193508100,jackj104,HOM,1,6,value,24,3,0,1,,,,,,,1,19350810,0,ALT02,h,BRN,0,1,0,Regular,y,
HOM193508100,harrv102,HOM,1,7,value,24,1,0,1,,,,,,,1,19350810,0,ALT02,h,BRN,0,1,0,Regular,y,
HOM193508100,beckj104,HOM,1,2,value,18,5,1,0,,,,,,,1,19350810,0,ALT02,h,BRN,0,1,0,Regular,y,
HOM193508100,duket102,HOM,1,2,value,6,0,0,0,,,,,,,,19350810,0,ALT02,h,BRN,0,1,0,Regular,y,
HOM193508100,scalg101,HOM,1,3,value,24,10,0,0,,,,,,,1,19350810,0,ALT02,h,BRN,0,1,0,Regular,y,
HOM193508100,dulal101,HOM,1,9,value,18,1,1,0,,,,,,,1,19350810,0,ALT02,h,BRN,0,1,0,Regular,y,
HOM193508100,dulal101,HOM,2,1,value,6,0,0,0,,,,,,,,19350810,0,ALT02,h,BRN,0,1,0,Regular,y,
HOM193508100,carlm101,HOM,1,4,value,24,0,1,1,,,,,,,1,19350810,0,ALT02,h,BRN,0,1,0,Regular,y,
HOM193508100,bindj101,HOM,1,5,value,24,3,4,0,,,,,,,1,19350810,0,ALT02,h,BRN,0,1,0,Regular,y,
HOM193508100,gisew101,HOM,1,1,value,6,0,0,0,,,,,,,1,19350810,0,ALT02,h,BRN,0,1,0,Regular,y,
HOM193508100,willr105,HOM,1,1,value,9,0,1,0,,,,,,,,19350810,0,ALT02,h,BRN,0,1,0,Regular,y,
HOM193508100,stroj103,HOM,1,1,value,3,0,0,0,,,,,,,,19350810,0,ALT02,h,BRN,0,1,0,Regular,y,
HOM193508100,gastr101,HOM,1,9,value,6,0,0,0,,,,,,,,19350810,0,ALT02,h,BRN,0,1,0,Regular,y,
HOM193607100,santa102,NY6,1,7,value,21,1,0,0,0,0,,,,,1,19360710,0,ALT02,v,HOM,0,1,0,exhibition,y,d
HOM193607100,thomd104,NY6,1,3,value,21,10,0,0,0,0,,,,,1,19360710,0,ALT02,v,HOM,0,1,0,exhibition,y,d
HOM193607100,speac103,NY6,1,9,value,21,1,0,0,0,0,,,,,1,19360710,0,ALT02,v,HOM,0,1,0,exhibition,y,d
HOM193607100,salal101,NY6,1,8,value,21,0,0,0,0,0,,,,,1,19360710,0,ALT02,v,HOM,0,1,0,exhibition,y,d
HOM193607100,garcs101,NY6,1,5,value,21,3,7,0,0,0,,,,,1,19360710,0,ALT02,v,HOM,0,1,0,exhibition,y,d
HOM193607100,corrf102,NY6,1,4,value,21,2,2,0,0,0,,,,,1,19360710,0,ALT02,v,HOM,0,1,0,exhibition,y,d
HOM193607100,thomc103,NY6,1,2,value,21,3,1,0,0,0,0,0,1,0,1,19360710,0,ALT02,v,HOM,0,1,0,exhibition,y,d
HOM193607100,martr105,NY6,1,6,value,21,1,1,0,0,0,,,,,1,19360710,0,ALT02,v,HOM,0,1,0,exhibition,y,d
HOM193607100,holml101,NY6,1,1,value,21,0,2,1,0,0,,,,,1,19360710,0,ALT02,v,HOM,0,1,0,exhibition,y,d
HOM193607100,benjj101,HOM,1,8,value,24,2,0,0,0,0,,,,,1,19360710,0,ALT02,h,NY6,1,0,0,exhibition,y,d
HOM193607100,carlm101,HOM,1,4,value,24,1,2,0,0,0,,,,,1,19360710,0,ALT02,h,NY6,1,0,0,exhibition,y,d
HOM193607100,dixor101,HOM,1,9,value,24,3,0,0,0,0,,,,,1,19360710,0,ALT02,h,NY6,1,0,0,exhibition,y,d
HOM193607100,speah101,HOM,1,5,value,24,1,4,0,0,0,,,,,1,19360710,0,ALT02,h,NY6,1,0,0,exhibition,y,d
HOM193607100,browr103,HOM,1,7,value,24,2,0,0,0,0,,,,,1,19360710,0,ALT02,h,NY6,1,0,0,exhibition,y,d
HOM193607100,leonb101,HOM,1,3,value,24,13,0,0,0,0,,,,,1,19360710,0,ALT02,h,NY6,1,0,0,exhibition,y,d
HOM193607100,bassp101,HOM,1,2,value,24,1,1,0,0,0,0,0,0,0,1,19360710,0,ALT02,h,NY6,1,0,0,exhibition,y,d
HOM193607100,jackj104,HOM,1,6,value,24,1,3,0,0,0,,,,,1,19360710,0,ALT02,h,NY6,1,0,0,exhibition,y,d
HOM193607100,gisew101,HOM,1,1,value,24,0,1,0,0,0,,,,,1,19360710,0,ALT02,h,NY6,1,0,0,exhibition,y,d
HOM193706010,snowf101,WEG,1,5,value,24,1,2,0,0,0,,,,,1,19370601,0,ALT02,v,HOM,0,1,0,regular,y,d
HOM193706010,walkh103,WEG,1,6,value,24,0,3,0,0,0,,,,,1,19370601,0,ALT02,v,HOM,0,1,0,regular,y,d
HOM193706010,wrigb104,WEG,1,8,value,24,3,0,0,0,0,,,,,1,19370601,0,ALT02,v,HOM,0,1,0,regular,y,d
HOM193706010,wrigz102,WEG,1,9,value,24,0,0,0,0,0,,,,,1,19370601,0,ALT02,v,HOM,0,1,0,regular,y,d
HOM193706010,westj102,WEG,1,3,value,24,14,0,0,0,0,,,,,1,19370601,0,ALT02,v,HOM,0,1,0,regular,y,d
HOM193706010,mornl101,WEG,1,4,value,24,2,4,0,0,0,,,,,1,19370601,0,ALT02,v,HOM,0,1,0,regular,y,d
HOM193706010,byrdb101,WEG,1,7,value,24,4,0,0,0,0,,,,,1,19370601,0,ALT02,v,HOM,0,1,0,regular,y,d
HOM193706010,willn103,WEG,1,2,value,24,0,0,0,0,0,0,2,0,0,1,19370601,0,ALT02,v,HOM,0,1,0,regular,y,d
HOM193706010,direj101,WEG,1,1,value,20,0,2,0,0,0,,,,,1,19370601,0,ALT02,v,HOM,0,1,0,regular,y,d
HOM193706010,porta103,WEG,1,1,value,4,0,0,0,0,0,,,,,0,19370601,0,ALT02,v,HOM,0,1,0,regular,y,d
HOM193706010,benjj101,HOM,1,8,value,27,3,0,0,0,0,,,,,1,19370601,0,ALT02,h,WEG,1,0,0,regular,y,d
HOM193706010,carlm101,HOM,1,4,value,27,1,3,0,0,0,,,,,1,19370601,0,ALT02,h,WEG,1,0,0,regular,y,d
HOM193706010,harrb115,HOM,1,7,value,21,3,0,0,0,0,,,,,1,19370601,0,ALT02,h,WEG,1,0,0,regular,y,d
HOM193706010,harrv102,HOM,1,5,value,6,0,0,0,0,0,,,,,0,19370601,0,ALT02,h,WEG,1,0,0,regular,y,d
HOM193706010,gibsj101,HOM,1,2,value,27,7,0,0,0,0,0,0,0,0,1,19370601,0,ALT02,h,WEG,1,0,0,regular,y,d
HOM193706010,leonb101,HOM,1,3,value,27,9,0,0,0,0,,,,,1,19370601,0,ALT02,h,WEG,1,0,0,regular,y,d
HOM193706010,willj110,HOM,1,9,value,27,1,0,0,0,0,,,,,1,19370601,0,ALT02,h,WEG,1,0,0,regular,y,d
HOM193706010,perej103,HOM,1,5,value,21,2,1,0,0,0,,,,,1,19370601,0,ALT02,h,WEG,1,0,0,regular,y,d
HOM193706010,perej103,HOM,2,6,value,6,0,0,0,0,0,,,,,0,19370601,0,ALT02,h,WEG,1,0,0,regular,y,d
HOM193706010,jackj104,HOM,1,6,value,21,1,3,0,0,0,,,,,1,19370601,0,ALT02,h,WEG,1,0,0,regular,y,d
HOM193706010,browr103,HOM,1,7,value,3,0,0,0,0,0,,,,,0,19370601,0,ALT02,h,WEG,1,0,0,regular,y,d
HOM193706010,browr103,HOM,2,1,value,3,0,0,0,0,0,,,,,0,19370601,0,ALT02,h,WEG,1,0,0,regular,y,d
HOM193706010,dulal101,HOM,1,1,value,21,0,0,0,0,0,,,,,1,19370601,0,ALT02,h,WEG,1,0,0,regular,y,d
HOM193706010,walkg103,HOM,1,1,value,3,0,0,0,0,0,,,,,0,19370601,0,ALT02,h,WEG,1,0,0,regular,y,d
HOM193706010,parkt101,HOM,1,7,value,3,0,0,0,0,0,,,,,0,19370601,0,ALT02,h,WEG,1,0,0,regular,y,d
HOM193908030,riddv101,NW2,1,5,value,24,1,1,0,0,0,,,,,1,19390803,0,ALT02,v,HOM,0,1,0,regular,y,d
HOM193908030,seayd101,NW2,1,4,value,24,5,5,2,0,0,,,,,1,19390803,0,ALT02,v,HOM,0,1,0,regular,y,d
HOM193908030,stone101,NW2,1,9,value,24,1,1,0,0,0,,,,,1,19390803,0,ALT02,v,HOM,0,1,0,regular,y,d
HOM193908030,wilsf104,NW2,1,7,value,24,0,0,0,0,0,,,,,1,19390803,0,ALT02,v,HOM,0,1,0,regular,y,d
HOM193908030,wellw101,NW2,1,6,value,24,3,5,0,0,0,,,,,1,19390803,0,ALT02,v,HOM,0,1,0,regular,y,d
HOM193908030,irvim101,NW2,1,8,value,24,1,0,0,0,0,,,,,1,19390803,0,ALT02,v,HOM,0,1,0,regular,y,d
HOM193908030,pearl102,NW2,1,3,value,24,11,0,0,0,0,,,,,1,19390803,0,ALT02,v,HOM,0,1,0,regular,y,d
HOM193908030,hayej104,NW2,1,2,value,24,2,1,0,0,0,1,1,0,0,1,19390803,0,ALT02,v,HOM,0,1,0,regular,y,d
HOM193908030,evanf101,NW2,1,1,value,21,0,1,0,0,0,,,,,1,19390803,0,ALT02,v,HOM,0,1,0,regular,y,d
HOM193908030,day-l101,NW2,1,1,value,3,0,0,0,0,0,,,,,0,19390803,0,ALT02,v,HOM,0,1,0,regular,y,d
HOM193908030,whatd101,HOM,1,9,value,27,3,0,0,0,0,,,,,1,19390803,0,ALT02,h,NW2,1,0,0,regular,y,d
HOM193908030,banks101,HOM,1,4,value,27,1,5,0,1,0,,,,,1,19390803,0,ALT02,h,NW2,1,0,0,regular,y,d
HOM193908030,leonb101,HOM,1,3,value,27,10,1,0,1,0,,,,,1,19390803,0,ALT02,h,NW2,1,0,0,regular,y,d
HOM193908030,gibsj101,HOM,1,2,value,27,7,0,0,0,0,0,0,0,0,1,19390803,0,ALT02,h,NW2,1,0,0,regular,y,d
HOM193908030,harrv102,HOM,1,7,value,27,0,0,0,0,0,,,,,1,19390803,0,ALT02,h,NW2,1,0,0,regular,y,d
HOM193908030,speah101,HOM,1,5,value,27,1,0,2,0,0,,,,,1,19390803,0,ALT02,h,NW2,1,0,0,regular,y,d
HOM193908030,davic106,HOM,1,8,value,27,2,0,0,0,0,,,,,1,19390803,0,ALT02,h,NW2,1,0,0,regular,y,d
HOM193908030,jackj104,HOM,1,6,value,27,2,4,0,1,0,,,,,1,19390803,0,ALT02,h,NW2,1,0,0,regular,y,d
HOM193908030,browr103,HOM,1,1,value,27,1,2,0,0,0,,,,,1,19390803,0,ALT02,h,NW2,1,0,0,regular,y,d
HOM194007310,parnr102,PH5,1,7,value,26,1,0,1,0,0,,,,,1,19400731,0,ALT02,v,HOM,0,1,0,regular,y,
HOM194007310,campd103,PH5,1,4,value,26,3,4,1,2,0,,,,,1,19400731,0,ALT02,v,HOM,0,1,0,regular,y,
HOM194007310,jordl101,PH5,1,6,value,26,2,4,1,1,0,,,,,1,19400731,0,ALT02,v,HOM,0,1,0,regular,y,
HOM194007310,palmc101,PH5,1,2,value,26,3,0,0,0,0,1,,,,1,19400731,0,ALT02,v,HOM,0,1,0,regular,y,
HOM194007310,dunnj104,PH5,1,9,value,26,4,0,0,0,0,,,,,1,19400731,0,ALT02,v,HOM,0,1,0,regular,y,
HOM194007310,bensg101,PH5,1,8,value,26,1,0,0,0,0,,,,,1,19400731,0,ALT02,v,HOM,0,1,0,regular,y,
HOM194007310,westj102,PH5,1,3,value,26,11,1,0,2,0,,,,,1,19400731,0,ALT02,v,HOM,0,1,0,regular,y,
HOM194007310,coopb101,PH5,1,5,value,26,1,1,0,0,0,,,,,1,19400731,0,ALT02,v,HOM,0,1,0,regular,y,
HOM194007310,missj102,PH5,1,1,value,24,0,1,1,0,0,,,,,1,19400731,0,ALT02,v,HOM,0,1,0,regular,y,
HOM194007310,johnt106,PH5,1,1,value,2,0,0,0,0,0,,,,,,19400731,0,ALT02,v,HOM,0,1,0,regular,y,
HOM194007310,whatd101,HOM,1,9,value,27,0,0,0,0,0,,,,,1,19400731,0,ALT02,h,PH5,1,0,0,regular,y,
HOM194007310,benjj101,HOM,1,8,value,27,1,0,0,0,0,,,,,1,19400731,0,ALT02,h,PH5,1,0,0,regular,y,
HOM194007310,easth104,HOM,1,7,value,27,1,0,0,0,0,,,,,1,19400731,0,ALT02,h,PH5,1,0,0,regular,y,
HOM194007310,leonb101,HOM,1,3,value,27,14,0,0,1,0,,,,,1,19400731,0,ALT02,h,PH5,1,0,0,regular,y,
HOM194007310,wilsj106,HOM,1,5,value,27,0,2,0,0,0,,,,,1,19400731,0,ALT02,h,PH5,1,0,0,regular,y,
HOM194007310,carlm101,HOM,1,4,value,27,0,1,0,1,0,,,,,1,19400731,0,ALT02,h,PH5,1,0,0,regular,y,
HOM194007310,johnj109,HOM,1,2,value,27,7,0,0,0,0,0,,,,1,19400731,0,ALT02,h,PH5,1,0,0,regular,y,
HOM194007310,jackj104,HOM,1,6,value,27,4,12,0,1,0,,,,,1,19400731,0,ALT02,h,PH5,1,0,0,regular,y,
HOM194007310,walke103,HOM,1,1,value,27,0,1,0,0,0,,,,,1,19400731,0,ALT02,h,PH5,1,0,0,regular,y,
HOM194009030,awkar101,NY6,1,9,value,21,2,0,0,0,0,,,,,1,19400903,0,ALT02,v,HOM,1,0,0,exhibition,y,
HOM194009030,miraa101,NY6,1,6,value,21,0,0,0,0,0,,,,,1,19400903,0,ALT02,v,HOM,1,0,0,exhibition,y,
HOM194009030,carrc107,NY6,1,4,value,21,2,3,1,0,0,,,,,1,19400903,0,ALT02,v,HOM,1,0,0,exhibition,y,
HOM194009030,coimp101,NY6,1,8,value,21,2,0,0,0,0,,,,,1,19400903,0,ALT02,v,HOM,1,0,0,exhibition,y,
HOM194009030,cresa101,NY6,1,7,value,21,0,0,0,0,0,,,,,1,19400903,0,ALT02,v,HOM,1,0,0,exhibition,y,
HOM194009030,herer101,NY6,1,5,value,21,3,1,0,0,0,,,,,1,19400903,0,ALT02,v,HOM,1,0,0,exhibition,y,
HOM194009030,linar101,NY6,1,3,value,21,7,0,0,0,0,,,,,1,19400903,0,ALT02,v,HOM,1,0,0,exhibition,y,
HOM194009030,casem101,NY6,1,2,value,21,5,0,0,0,0,0,,,,1,19400903,0,ALT02,v,HOM,1,0,0,exhibition,y,
HOM194009030,howac102,NY6,1,1,value,21,0,1,0,0,0,,,,,1,19400903,0,ALT02,v,HOM,1,0,0,exhibition,y,
HOM194009030,whatd101,HOM,1,9,value,21,1,0,0,0,0,,,,,1,19400903,0,ALT02,h,NY6,0,1,0,exhibition,y,
HOM194009030,harrv102,HOM,1,7,value,21,3,1,0,0,0,,,,,1,19400903,0,ALT02,h,NY6,0,1,0,exhibition,y,
HOM194009030,easth104,HOM,1,8,value,21,2,0,0,0,0,,,,,1,19400903,0,ALT02,h,NY6,0,1,0,exhibition,y,
HOM194009030,leonb101,HOM,1,3,value,21,7,0,0,1,0,,,,,1,19400903,0,ALT02,h,NY6,0,1,0,exhibition,y,
HOM194009030,wilsj106,HOM,1,6,value,21,0,1,1,0,0,,,,,1,19400903,0,ALT02,h,NY6,0,1,0,exhibition,y,
HOM194009030,carlm101,HOM,1,4,value,21,0,3,0,1,0,,,,,1,19400903,0,ALT02,h,NY6,0,1,0,exhibition,y,
HOM194009030,gastr101,HOM,1,2,value,21,4,0,1,0,0,1,,,,1,19400903,0,ALT02,h,NY6,0,1,0,exhibition,y,
HOM194009030,jackj104,HOM,1,5,value,21,4,2,0,1,0,,,,,1,19400903,0,ALT02,h,NY6,0,1,0,exhibition,y,
HOM194009030,britg103,HOM,1,1,value,12,0,1,0,0,0,,,,,1,19400903,0,ALT02,h,NY6,0,1,0,exhibition,y,
HOM194009030,browr103,HOM,1,1,value,9,0,1,0,0,0,,,,,,19400903,0,ALT02,h,NY6,0,1,0,exhibition,y,
HOM194106090,blanh102,NY6,1,4,value,24,1,2,0,1,0,,,,,1,19410609,0,ALT02,v,HOM,0,1,0,regular,y,
HOM194106090,martr105,NY6,1,6,value,24,2,3,0,0,0,,,,,1,19410609,0,ALT02,v,HOM,0,1,0,regular,y,
HOM194106090,carrc107,NY6,1,5,value,24,0,2,0,0,0,,,,,1,19410609,0,ALT02,v,HOM,0,1,0,regular,y,
HOM194106090,coimp101,NY6,1,9,value,24,3,0,0,0,0,,,,,1,19410609,0,ALT02,v,HOM,0,1,0,regular,y,
HOM194106090,vargt101,NY6,1,8,value,24,0,0,0,0,0,,,,,1,19410609,0,ALT02,v,HOM,0,1,0,regular,y,
HOM194106090,herer101,NY6,1,3,value,24,12,2,0,2,0,,,,,1,19410609,0,ALT02,v,HOM,0,1,0,regular,y,
HOM194106090,delgf101,NY6,1,7,value,24,1,0,0,0,0,,,,,1,19410609,0,ALT02,v,HOM,0,1,0,regular,y,
HOM194106090,fernj101,NY6,1,2,value,24,5,0,0,1,0,0,,,,1,19410609,0,ALT02,v,HOM,0,1,0,regular,y,
HOM194106090,cantd101,NY6,1,1,value,21,0,1,0,0,0,,,,,1,19410609,0,ALT02,v,HOM,0,1,0,regular,y,
HOM194106090,howac102,NY6,1,1,value,2,0,0,0,0,0,,,,,,19410609,0,ALT02,v,HOM,0,1,0,regular,y,
HOM194106090,bernp101,NY6,1,1,value,1,0,0,0,0,0,,,,,,19410609,0,ALT02,v,HOM,0,1,0,regular,y,
HOM194106090,whatd101,HOM,1,9,value,27,1,0,0,1,0,,,,,1,19410609,0,ALT02,h,NY6,1,0,0,regular,y,
HOM194106090,benjj101,HOM,1,8,value,27,4,0,0,0,0,,,,,1,19410609,0,ALT02,h,NY6,1,0,0,regular,y,
HOM194106090,harrv102,HOM,1,7,value,24,3,0,0,0,0,,,,,1,19410609,0,ALT02,h,NY6,1,0,0,regular,y,
HOM194106090,harrv102,HOM,2,2,value,3,,,0,0,0,0,,,,1,19410609,0,ALT02,h,NY6,1,0,0,regular,y,
HOM194106090,leonb101,HOM,1,3,value,27,13,0,0,3,0,,,,,1,19410609,0,ALT02,h,NY6,1,0,0,regular,y,
HOM194106090,wilsj106,HOM,1,5,value,27,0,3,0,0,0,,,,,1,19410609,0,ALT02,h,NY6,1,0,0,regular,y,
HOM194106090,easth104,HOM,1,6,value,27,3,5,0,0,0,,,,,1,19410609,0,ALT02,h,NY6,1,0,0,regular,y,
HOM194106090,carlm101,HOM,1,4,value,27,1,1,0,1,0,,,,,1,19410609,0,ALT02,h,NY6,1,0,0,regular,y,
HOM194106090,gastr101,HOM,1,2,value,24,2,1,0,0,0,0,,,,1,19410609,0,ALT02,h,NY6,1,0,0,regular,y,
HOM194106090,partr102,HOM,1,7,value,3,0,0,0,0,0,,,,,,19410609,0,ALT02,h,NY6,1,0,0,regular,y,
HOM194106090,housj103,HOM,1,1,value,24,0,3,0,0,0,,,,,1,19410609,0,ALT02,h,NY6,1,0,0,regular,y,
HOM194106090,mcdut101,HOM,1,1,value,3,0,0,0,0,0,,,,,,19410609,0,ALT02,h,NY6,1,0,0,regular,y,
HOM194106250,heusu101,PH5,1,8,value,24,4,0,0,0,0,,,,,1,19410625,0,ALT02,v,HOM,0,1,0,regular,y,
HOM194106250,parnr102,PH5,1,5,value,24,0,0,0,0,0,,,,,1,19410625,0,ALT02,v,HOM,0,1,0,regular,y,
HOM194106250,mcheh101,PH5,1,9,value,24,3,0,1,0,0,,,,,1,19410625,0,ALT02,v,HOM,0,1,0,regular,y,
HOM194106250,westj102,PH5,1,3,value,24,9,0,0,1,0,,,,,1,19410625,0,ALT02,v,HOM,0,1,0,regular,y,
HOM194106250,jordl101,PH5,1,6,value,24,2,3,0,1,0,,,,,1,19410625,0,ALT02,v,HOM,0,1,0,regular,y,
HOM194106250,jonea104,PH5,1,4,value,24,0,2,0,1,0,,,,,1,19410625,0,ALT02,v,HOM,0,1,0,regular,y,
HOM194106250,coopb101,PH5,1,2,value,24,3,0,1,0,0,0,,,,1,19410625,0,ALT02,v,HOM,0,1,0,regular,y,
HOM194106250,brewc102,PH5,1,7,value,24,3,0,0,0,0,,,,,1,19410625,0,ALT02,v,HOM,0,1,0,regular,y,
HOM194106250,buchc101,PH5,1,1,value,15,0,1,0,0,0,,,,,1,19410625,0,ALT02,v,HOM,0,1,0,regular,y,
HOM194106250,gibbj103,PH5,1,1,value,9,0,1,0,0,0,,,,,,19410625,0,ALT02,v,HOM,0,1,0,regular,y,
HOM194106250,benjj101,HOM,1,8,value,27,3,0,0,0,0,,,,,1,19410625,0,ALT02,h,PH5,1,0,0,regular,y,
HOM194106250,willc106,HOM,1,4,value,,1,4,0,0,0,,,,,1,19410625,0,ALT02,h,PH5,1,0,0,regular,y,
HOM194106250,partr102,HOM,1,4,value,,1,1,0,0,0,,,,,,19410625,0,ALT02,h,PH5,1,0,0,regular,y,
HOM194106250,easth104,HOM,1,9,value,27,3,0,0,0,0,,,,,1,19410625,0,ALT02,h,PH5,1,0,0,regular,y,
HOM194106250,leonb101,HOM,1,3,value,27,10,1,0,1,0,,,,,1,19410625,0,ALT02,h,PH5,1,0,0,regular,y,
HOM194106250,wilsj106,HOM,1,5,value,27,0,0,0,0,0,,,,,1,19410625,0,ALT02,h,PH5,1,0,0,regular,y,
HOM194106250,harrv102,HOM,1,7,value,27,2,0,0,0,0,,,,,1,19410625,0,ALT02,h,PH5,1,0,0,regular,y,
HOM194106250,carlm101,HOM,1,6,value,27,3,3,0,1,0,,,,,1,19410625,0,ALT02,h,PH5,1,0,0,regular,y,
HOM194106250,gastr101,HOM,1,2,value,27,3,1,0,0,0,0,,,,1,19410625,0,ALT02,h,PH5,1,0,0,regular,y,
HOM194106250,hamij104,HOM,1,1,value,3,0,1,0,0,0,,,,,1,19410625,0,ALT02,h,PH5,1,0,0,regular,y,
HOM194106250,wrigj105,HOM,1,1,value,24,1,1,0,1,0,,,,,,19410625,0,ALT02,h,PH5,1,0,0,regular,y,
HOM194107120,martr105,NY6,1,6,value,24,7,5,0,0,0,,,,,1,19410712,0,ALT02,v,HOM,0,1,0,regular,y,
HOM194107120,herer101,NY6,1,3,value,24,10,0,0,2,0,,,,,1,19410712,0,ALT02,v,HOM,0,1,0,regular,y,
HOM194107120,carrc107,NY6,1,5,value,24,1,1,0,1,0,,,,,1,19410712,0,ALT02,v,HOM,0,1,0,regular,y,
HOM194107120,coimp101,NY6,1,9,value,24,0,0,0,0,0,,,,,1,19410712,0,ALT02,v,HOM,0,1,0,regular,y,
HOM194107120,vargt101,NY6,1,8,value,24,1,0,0,0,0,,,,,1,19410712,0,ALT02,v,HOM,0,1,0,regular,y,
HOM194107120,herna101,NY6,1,7,value,24,0,0,0,0,0,,,,,1,19410712,0,ALT02,v,HOM,0,1,0,regular,y,
HOM194107120,blanh102,NY6,1,4,value,24,1,5,0,2,0,,,,,1,19410712,0,ALT02,v,HOM,0,1,0,regular,y,
HOM194107120,fernj101,NY6,1,2,value,24,4,3,0,0,0,0,,,,1,19410712,0,ALT02,v,HOM,0,1,0,regular,y,
HOM194107120,greev101,NY6,1,1,value,24,0,3,0,0,0,,,,,1,19410712,0,ALT02,v,HOM,0,1,0,regular,y,
HOM194107120,benjj101,HOM,1,8,value,27,1,0,0,0,0,,,,,1,19410712,0,ALT02,h,NY6,1,0,0,regular,y,
HOM194107120,willc106,HOM,1,6,value,27,0,7,0,1,0,,,,,1,19410712,0,ALT02,h,NY6,1,0,0,regular,y,
HOM194107120,easth104,HOM,1,5,value,27,0,2,1,0,0,,,,,1,19410712,0,ALT02,h,NY6,1,0,0,regular,y,
HOM194107120,leonb101,HOM,1,3,value,27,15,0,0,2,0,,,,,1,19410712,0,ALT02,h,NY6,1,0,0,regular,y,
HOM194107120,partr102,HOM,1,9,value,27,0,0,0,0,0,,,,,1,19410712,0,ALT02,h,NY6,1,0,0,regular,y,
HOM194107120,harrv102,HOM,1,7,value,27,4,0,0,0,0,,,,,1,19410712,0,ALT02,h,NY6,1,0,0,regular,y,
HOM194107120,carlm101,HOM,1,4,value,27,3,4,0,2,0,,,,,1,19410712,0,ALT02,h,NY6,1,0,0,regular,y,
HOM194107120,gastr101,HOM,1,2,value,27,4,0,0,0,0,0,,,,1,19410712,0,ALT02,h,NY6,1,0,0,regular,y,
HOM194107120,wrigj105,HOM,1,1,value,27,0,4,0,0,0,,,,,1,19410712,0,ALT02,h,NY6,1,0,0,regular,y,
HOM194108080,cartm101,MEM,1,4,value,27,1,4,0,0,0,,,,,1,19410808,0,ALT02,v,HOM,1,0,0,exhibition,y,
HOM194108080,browt105,MEM,1,6,value,27,0,2,1,0,0,,,,,1,19410808,0,ALT02,v,HOM,1,0,0,exhibition,y,
HOM194108080,davel102,MEM,1,7,value,27,0,0,0,0,0,,,,,1,19410808,0,ALT02,v,HOM,1,0,0,exhibition,y,
HOM194108080,rogen101,MEM,1,9,value,27,2,1,0,1,0,,,,,1,19410808,0,ALT02,v,HOM,1,0,0,exhibition,y,
HOM194108080,robin101,MEM,1,8,value,27,1,0,0,0,0,,,,,1,19410808,0,ALT02,v,HOM,1,0,0,exhibition,y,
HOM194108080,taylj106,MEM,1,3,value,27,14,0,1,0,0,,,,,1,19410808,0,ALT02,v,HOM,1,0,0,exhibition,y,
HOM194108080,browl107,MEM,1,2,value,27,8,0,0,1,0,0,,,,1,19410808,0,ALT02,v,HOM,1,0,0,exhibition,y,
HOM194108080,bankf101,MEM,1,5,value,27,0,3,1,0,0,,,,,1,19410808,0,ALT02,v,HOM,1,0,0,exhibition,y,
HOM194108080,mathv101,MEM,1,1,value,27,1,3,0,0,0,,,,,1,19410808,0,ALT02,v,HOM,1,0,0,exhibition,y,
HOM194108080,whatd101,HOM,1,9,value,27,1,0,0,0,0,,,,,1,19410808,0,ALT02,h,MEM,0,1,0,exhibition,y,
HOM194108080,willc106,HOM,1,6,value,27,2,6,0,1,0,,,,,1,19410808,0,ALT02,h,MEM,0,1,0,exhibition,y,
HOM194108080,easth104,HOM,1,5,value,27,1,1,0,0,0,,,,,1,19410808,0,ALT02,h,MEM,0,1,0,exhibition,y,
HOM194108080,leonb101,HOM,1,3,value,27,12,1,0,1,0,,,,,1,19410808,0,ALT02,h,MEM,0,1,0,exhibition,y,
HOM194108080,benjj101,HOM,1,8,value,27,3,1,0,1,0,,,,,1,19410808,0,ALT02,h,MEM,0,1,0,exhibition,y,
HOM194108080,harrv102,HOM,1,7,value,27,4,0,1,0,0,,,,,1,19410808,0,ALT02,h,MEM,0,1,0,exhibition,y,
HOM194108080,carlm101,HOM,1,4,value,27,1,3,1,1,0,,,,,1,19410808,0,ALT02,h,MEM,0,1,0,exhibition,y,
HOM194108080,gastr101,HOM,1,2,value,27,3,0,0,1,0,1,,,,1,19410808,0,ALT02,h,MEM,0,1,0,exhibition,y,
HOM194108080,hamij104,HOM,1,1,value,27,0,3,0,0,0,,,,,1,19410808,0,ALT02,h,MEM,0,1,0,exhibition,y,
HOM194108120,mattf101,NW2,1,3,value,24,8,0,0,1,0,,,,,1,19410812,0,ALT02,v,HOM,0,1,0,regular,y,
HOM194108120,isrec101,NW2,1,5,value,24,2,0,1,0,0,,,,,1,19410812,0,ALT02,v,HOM,0,1,0,regular,y,
HOM194108120,day-l101,NW2,1,4,value,24,1,4,0,0,0,,,,,1,19410812,0,ALT02,v,HOM,0,1,0,regular,y,
HOM194108120,irvim101,NW2,1,6,value,24,4,4,0,1,0,,,,,1,19410812,0,ALT02,v,HOM,0,1,0,regular,y,
HOM194108120,davij106,NW2,1,8,value,24,1,0,0,0,0,,,,,1,19410812,0,ALT02,v,HOM,0,1,0,regular,y,
HOM194108120,mackb102,NW2,1,9,value,24,1,0,0,0,0,,,,,1,19410812,0,ALT02,v,HOM,0,1,0,regular,y,
HOM194108120,hillj104,NW2,1,7,value,24,3,1,0,0,0,,,,,1,19410812,0,ALT02,v,HOM,0,1,0,regular,y,
HOM194108120,parkc101,NW2,1,2,value,24,4,0,0,0,0,0,,,,1,19410812,0,ALT02,v,HOM,0,1,0,regular,y,
HOM194108120,browj115,NW2,1,1,value,24,0,1,0,0,0,,,,,1,19410812,0,ALT02,v,HOM,0,1,0,regular,y,
HOM194108120,whatd101,HOM,1,9,value,27,0,0,0,0,0,,,,,1,19410812,0,ALT02,h,NW2,1,0,0,regular,y,
HOM194108120,willc106,HOM,1,6,value,27,3,4,0,1,0,,,,,1,19410812,0,ALT02,h,NW2,1,0,0,regular,y,
HOM194108120,easth104,HOM,1,7,value,,0,0,0,0,0,,,,,1,19410812,0,ALT02,h,NW2,1,0,0,regular,y,
HOM194108120,easth104,HOM,2,8,value,,,,0,0,0,,,,,1,19410812,0,ALT02,h,NW2,1,0,0,regular,y,
HOM194108120,wilsj106,HOM,1,5,value,27,1,4,0,2,0,,,,,1,19410812,0,ALT02,h,NW2,1,0,0,regular,y,
HOM194108120,benjj101,HOM,1,8,value,,0,0,0,0,0,,,,,1,19410812,0,ALT02,h,NW2,1,0,0,regular,y,
HOM194108120,partr102,HOM,1,7,value,,2,0,2,0,0,,,,,,19410812,0,ALT02,h,NW2,1,0,0,regular,y,
HOM194108120,browr103,HOM,1,3,value,27,16,0,0,3,0,,,,,1,19410812,0,ALT02,h,NW2,1,0,0,regular,y,
HOM194108120,brooa101,HOM,1,2,value,27,4,0,0,1,0,1,,,,1,19410812,0,ALT02,h,NW2,1,0,0,regular,y,
HOM194108120,carlm101,HOM,1,4,value,27,1,6,0,2,0,,,,,1,19410812,0,ALT02,h,NW2,1,0,0,regular,y,
HOM194108120,fielw101,HOM,1,1,value,27,0,0,0,0,0,,,,,1,19410812,0,ALT02,h,NW2,1,0,0,regular,y,
HOM194205110,kimbh102,BLG,1,8,value,27,5,0,0,0,0,,,,,1,19420511,0,ALT02,v,HOM,1,0,0,exhibition,y,
HOM194205110,hughs101,BLG,1,4,value,27,3,2,0,0,0,,,,,1,19420511,0,ALT02,v,HOM,1,0,0,exhibition,y,
HOM194205110,wrigb104,BLG,1,9,value,27,1,0,0,0,0,,,,,1,19420511,0,ALT02,v,HOM,1,0,0,exhibition,y,
HOM194205110,hoskb101,BLG,1,7,value,27,2,0,0,0,0,,,,,1,19420511,0,ALT02,v,HOM,1,0,0,exhibition,y,
HOM194205110,campr102,BLG,1,2,value,27,3,1,0,0,0,0,,,,1,19420511,0,ALT02,v,HOM,1,0,0,exhibition,y,
HOM194205110,speah101,BLG,1,5,value,27,3,2,0,0,0,,,,,1,19420511,0,ALT02,v,HOM,1,0,0,exhibition,y,
HOM194205110,lyong102,BLG,1,3,value,27,10,0,0,0,0,,,,,1,19420511,0,ALT02,v,HOM,1,0,0,exhibition,y,
HOM194205110,buttt102,BLG,1,6,value,27,0,3,0,0,0,,,,,1,19420511,0,ALT02,v,HOM,1,0,0,exhibition,y,
HOM194205110,browj112,BLG,1,1,value,27,0,4,0,0,0,,,,,1,19420511,0,ALT02,v,HOM,1,0,0,exhibition,y,
HOM194205110,whatd101,HOM,1,9,value,27,3,0,0,0,0,,,,,1,19420511,0,ALT02,h,BLG,0,1,0,exhibition,y,
HOM194205110,benjj101,HOM,1,8,value,27,4,0,0,0,0,,,,,1,19420511,0,ALT02,h,BLG,0,1,0,exhibition,y,
HOM194205110,browr103,HOM,1,3,value,27,14,0,0,1,0,,,,,1,19420511,0,ALT02,h,BLG,0,1,0,exhibition,y,
HOM194205110,gibsj101,HOM,1,2,value,27,2,2,0,0,0,0,,,,1,19420511,0,ALT02,h,BLG,0,1,0,exhibition,y,
HOM194205110,banks101,HOM,1,6,value,27,2,5,1,1,0,,,,,1,19420511,0,ALT02,h,BLG,0,1,0,exhibition,y,
HOM194205110,easth104,HOM,1,5,value,27,0,2,1,0,0,,,,,1,19420511,0,ALT02,h,BLG,0,1,0,exhibition,y,
HOM194205110,willc106,HOM,1,4,value,27,2,2,1,1,0,,,,,1,19420511,0,ALT02,h,BLG,0,1,0,exhibition,y,
HOM194205110,carlm101,HOM,1,7,value,27,0,0,0,0,0,,,,,1,19420511,0,ALT02,h,BLG,0,1,0,exhibition,y,
HOM194205110,welmr101,HOM,1,1,value,10,0,4,0,0,0,,,,,1,19420511,0,ALT02,h,BLG,0,1,0,exhibition,y,
HOM194205110,wrigj105,HOM,1,1,value,17,0,0,0,0,0,,,,,,19420511,0,ALT02,h,BLG,0,1,0,exhibition,y,
HOM194407110,vargj101,NY6,1,8,value,27,4,0,0,0,0,,,,,1,19440711,0,ALT02,v,HOM,1,0,0,regular,y,d
HOM194407110,perej103,NY6,1,4,value,27,1,3,0,1,0,,,,,1,19440711,0,ALT02,v,HOM,1,0,0,regular,y,d
HOM194407110,linar101,NY6,1,3,value,27,7,1,0,1,0,,,,,1,19440711,0,ALT02,v,HOM,1,0,0,regular,y,d
HOM194407110,coimp101,NY6,1,7,value,27,4,0,0,0,0,,,,,1,19440711,0,ALT02,v,HOM,1,0,0,regular,y,d
HOM194407110,duanc101,NY6,1,9,value,27,1,0,1,0,0,,,,,1,19440711,0,ALT02,v,HOM,1,0,0,regular,y,d
HOM194407110,martr105,NY6,1,6,value,27,0,3,0,1,0,,,,,1,19440711,0,ALT02,v,HOM,1,0,0,regular,y,d
HOM194407110,cox-r102,NY6,1,2,value,27,4,0,0,0,0,0,0,0,0,1,19440711,0,ALT02,v,HOM,1,0,0,regular,y,d
HOM194407110,rodrh101,NY6,1,5,value,3,1,0,0,0,0,,,,,1,19440711,0,ALT02,v,HOM,1,0,0,regular,y,d
HOM194407110,brooa101,NY6,1,5,value,24,3,0,0,0,0,,,,,0,19440711,0,ALT02,v,HOM,1,0,0,regular,y,d
HOM194407110,howac102,NY6,1,1,value,27,2,1,0,0,0,,,,,1,19440711,0,ALT02,v,HOM,1,0,0,regular,y,d
HOM194407110,harrv102,HOM,1,7,value,27,1,0,0,0,0,,,,,1,19440711,0,ALT02,h,NY6,0,1,0,regular,y,d
HOM194407110,benjj101,HOM,1,8,value,27,6,0,0,0,0,,,,,1,19440711,0,ALT02,h,NY6,0,1,0,regular,y,d
HOM194407110,banks101,HOM,1,6,value,27,2,2,0,1,0,,,,,1,19440711,0,ALT02,h,NY6,0,1,0,regular,y,d
HOM194407110,leonb101,HOM,1,3,value,27,7,0,0,1,0,,,,,1,19440711,0,ALT02,h,NY6,0,1,0,regular,y,d
HOM194407110,gibsj101,HOM,1,2,value,27,3,1,0,0,0,0,0,2,1,1,19440711,0,ALT02,h,NY6,0,1,0,regular,y,d
HOM194407110,hoskd101,HOM,1,9,value,27,4,0,0,0,0,,,,,1,19440711,0,ALT02,h,NY6,0,1,0,regular,y,d
HOM194407110,battr102,HOM,1,5,value,27,2,0,0,0,0,,,,,1,19440711,0,ALT02,h,NY6,0,1,0,regular,y,d
HOM194407110,jackj104,HOM,1,4,value,27,1,1,0,0,0,,,,,1,19440711,0,ALT02,h,NY6,0,1,0,regular,y,d
HOM194407110,carts102,HOM,1,1,value,27,1,2,0,0,0,,,,,1,19440711,0,ALT02,h,NY6,0,1,0,regular,y,d
HOM194407310,wilsd103,NY5,1,7,value,24,3,0,0,0,0,,,,,1,19440731,0,ALT02,v,HOM,0,1,0,regular,y,d
HOM194407310,rivec101,NY5,1,5,value,24,1,1,2,0,0,,,,,1,19440731,0,ALT02,v,HOM,0,1,0,regular,y,d
HOM194407310,barkm101,NY5,1,8,value,24,3,0,0,0,0,,,,,1,19440731,0,ALT02,v,HOM,0,1,0,regular,y,d
HOM194407310,willj110,NY5,1,9,value,18,0,0,0,0,0,,,,,1,19440731,0,ALT02,v,HOM,0,1,0,regular,y,d
HOM194407310,forrp101,NY5,1,9,value,6,0,0,0,0,0,,,,,0,19440731,0,ALT02,v,HOM,0,1,0,regular,y,d
HOM194407310,clayz101,NY5,1,3,value,24,10,0,0,0,0,,,,,1,19440731,0,ALT02,v,HOM,0,1,0,regular,y,d
HOM194407310,baker101,NY5,1,2,value,24,3,0,0,0,0,0,0,0,0,1,19440731,0,ALT02,v,HOM,0,1,0,regular,y,d
HOM194407310,spenj103,NY5,1,4,value,24,3,3,0,0,0,,,,,1,19440731,0,ALT02,v,HOM,0,1,0,regular,y,d
HOM194407310,hardw101,NY5,1,6,value,24,1,2,1,0,0,,,,,1,19440731,0,ALT02,v,HOM,0,1,0,regular,y,d
HOM194407310,rectc101,NY5,1,1,value,24,0,2,0,0,0,,,,,1,19440731,0,ALT02,v,HOM,0,1,0,regular,y,d
HOM194407310,bellj103,HOM,1,7,value,27,2,0,0,0,0,,,,,1,19440731,0,ALT02,h,NY5,1,0,0,regular,y,d
HOM194407310,benjj101,HOM,1,8,value,27,3,0,0,0,0,,,,,1,19440731,0,ALT02,h,NY5,1,0,0,regular,y,d
HOM194407310,banks101,HOM,1,6,value,27,0,4,0,0,0,,,,,1,19440731,0,ALT02,h,NY5,1,0,0,regular,y,d
HOM194407310,wilsj106,HOM,1,3,value,27,11,0,0,0,0,,,,,1,19440731,0,ALT02,h,NY5,1,0,0,regular,y,d
HOM194407310,gibsj101,HOM,1,9,value,27,2,0,0,0,0,,,,,1,19440731,0,ALT02,h,NY5,1,0,0,regular,y,d
HOM194407310,cannw101,HOM,1,5,value,27,3,3,0,0,0,,,,,1,19440731,0,ALT02,h,NY5,1,0,0,regular,y,d
HOM194407310,gastr101,HOM,1,2,value,27,3,1,0,0,0,1,1,2,0,1,19440731,0,ALT02,h,NY5,1,0,0,regular,y,d
HOM194407310,jackj104,HOM,1,4,value,27,3,4,0,0,0,,,,,1,19440731,0,ALT02,h,NY5,1,0,0,regular,y,d
HOM194407310,hoskd101,HOM,1,1,value,27,0,0,0,0,0,,,,,1,19440731,0,ALT02,h,NY5,1,0,0,regular,y,d
HOM194408080,kimbh102,BLG,1,8,value,24,5,0,0,0,0,,,,,1,19440808,0,ALT02,v,HOM,0,1,0,regular,y,d
HOM194408080,buttt102,BLG,1,6,value,24,3,3,0,1,0,,,,,1,19440808,0,ALT02,v,HOM,0,1,0,regular,y,d
HOM194408080,snowf101,BLG,1,5,value,24,2,0,0,0,0,,,,,1,19440808,0,ALT02,v,HOM,0,1,0,regular,y,d
HOM194408080,campr102,BLG,1,2,value,24,1,0,0,0,0,0,0,0,0,1,19440808,0,ALT02,v,HOM,0,1,0,regular,y,d
HOM194408080,russf101,BLG,1,4,value,24,3,3,0,1,0,,,,,1,19440808,0,ALT02,v,HOM,0,1,0,regular,y,d
HOM194408080,dennd102,BLG,1,3,value,24,5,0,0,1,0,,,,,1,19440808,0,ALT02,v,HOM,0,1,0,regular,y,d
HOM194408080,robin102,BLG,1,7,value,24,3,0,0,0,0,,,,,1,19440808,0,ALT02,v,HOM,0,1,0,regular,y,d
HOM194408080,harvb101,BLG,1,9,value,24,2,0,0,0,0,,,,,1,19440808,0,ALT02,v,HOM,0,1,0,regular,y,d
HOM194408080,walkt105,BLG,1,1,value,24,0,0,0,0,0,,,,,1,19440808,0,ALT02,v,HOM,0,1,0,regular,y,d
HOM194408080,bellj103,HOM,1,8,value,27,1,1,0,0,0,,,,,1,19440808,0,ALT02,h,BLG,1,0,0,regular,y,d
HOM194408080,banks101,HOM,1,6,value,27,7,3,0,0,0,,,,,1,19440808,0,ALT02,h,BLG,1,0,0,regular,y,d
HOM194408080,leonb101,HOM,1,3,value,27,9,0,0,0,0,,,,,1,19440808,0,ALT02,h,BLG,1,0,0,regular,y,d
HOM194408080,gibsj101,HOM,1,2,value,27,5,1,0,0,0,0,0,0,0,1,19440808,0,ALT02,h,BLG,1,0,0,regular,y,d
HOM194408080,wilsj106,HOM,1,9,value,27,1,2,0,0,0,,,,,1,19440808,0,ALT02,h,BLG,1,0,0,regular,y,d
HOM194408080,cannw101,HOM,1,5,value,27,1,2,0,0,0,,,,,1,19440808,0,ALT02,h,BLG,1,0,0,regular,y,d
HOM194408080,harrv102,HOM,1,7,value,27,1,0,0,0,0,,,,,1,19440808,0,ALT02,h,BLG,1,0,0,regular,y,d
HOM194408080,jackj104,HOM,1,4,value,27,2,4,0,0,0,,,,,1,19440808,0,ALT02,h,BLG,1,0,0,regular,y,d
HOM194408080,hoskd101,HOM,1,1,value,27,0,1,0,0,0,,,,,1,19440808,0,ALT02,h,BLG,1,0,0,regular,y,d
HOM194408260,watkm101,NW2,1,5,value,21,0,4,1,0,0,,,,,1,19440826,0,ALT02,v,HOM,0,1,0,regular,y,d
HOM194408260,barnv104,NW2,1,9,value,21,0,0,0,0,0,,,,,1,19440826,0,ALT02,v,HOM,0,1,0,regular,y,d
HOM194408260,dandr101,NW2,1,4,value,21,3,1,0,0,0,,,,,1,19440826,0,ALT02,v,HOM,0,1,0,regular,y,d
HOM194408260,pearl102,NW2,1,3,value,21,7,0,0,0,0,,,,,1,19440826,0,ALT02,v,HOM,0,1,0,regular,y,d
HOM194408260,suttm101,NW2,1,7,value,21,2,0,0,0,0,,,,,1,19440826,0,ALT02,v,HOM,0,1,0,regular,y,d
HOM194408260,brata101,NW2,1,8,value,21,4,0,2,0,0,,,,,1,19440826,0,ALT02,v,HOM,0,1,0,regular,y,d
HOM194408260,makew101,NW2,1,2,value,21,5,0,0,0,0,0,1,0,0,1,19440826,0,ALT02,v,HOM,0,1,0,regular,y,d
HOM194408260,pittu101,NW2,1,6,value,21,0,1,1,0,0,,,,,1,19440826,0,ALT02,v,HOM,0,1,0,regular,y,d
HOM194408260,davij106,NW2,1,1,value,19,0,2,0,0,0,,,,,1,19440826,0,ALT02,v,HOM,0,1,0,regular,y,d
HOM194408260,hillj104,NW2,1,1,value,2,0,0,0,0,0,,,,,0,19440826,0,ALT02,v,HOM,0,1,0,regular,y,d
HOM194408260,bellj103,HOM,1,7,value,24,0,0,0,0,0,,,,,1,19440826,0,ALT02,h,NW2,1,0,0,regular,y,d
HOM194408260,benjj101,HOM,1,8,value,24,0,2,0,0,0,,,,,1,19440826,0,ALT02,h,NW2,1,0,0,regular,y,d
HOM194408260,banks101,HOM,1,6,value,24,3,5,0,1,0,,,,,1,19440826,0,ALT02,h,NW2,1,0,0,regular,y,d
HOM194408260,leonb101,HOM,1,3,value,24,14,0,0,1,0,,,,,1,19440826,0,ALT02,h,NW2,1,0,0,regular,y,d
HOM194408260,hoskd101,HOM,1,9,value,14,0,2,0,0,0,,,,,1,19440826,0,ALT02,h,NW2,1,0,0,regular,y,d
HOM194408260,hoskd101,HOM,2,1,value,10,0,1,0,0,0,,,,,0,19440826,0,ALT02,h,NW2,1,0,0,regular,y,d
HOM194408260,gastr101,HOM,1,2,value,24,3,0,0,0,0,0,2,1,0,1,19440826,0,ALT02,h,NW2,1,0,0,regular,y,d
HOM194408260,battr102,HOM,1,5,value,24,1,3,0,0,0,,,,,1,19440826,0,ALT02,h,NW2,1,0,0,regular,y,d
HOM194408260,jackj104,HOM,1,4,value,24,2,4,1,1,0,,,,,1,19440826,0,ALT02,h,NW2,1,0,0,regular,y,d
HOM194408260,white107,HOM,1,1,value,14,1,1,0,0,0,,,,,1,19440826,0,ALT02,h,NW2,1,0,0,regular,y,d
HOM194408260,gibsj101,HOM,1,9,value,10,0,0,0,0,0,,,,,0,19440826,0,ALT02,h,NW2,1,0,0,regular,y,d
HOM194605100,kimbh102,BLG,1,8,value,21,4,0,0,0,0,,,,,1,19460510,0,ALT02,v,HOM,0,1,0,regular,y,d
HOM194605100,buttt102,BLG,1,6,value,21,3,0,0,0,0,,,,,1,19460510,0,ALT02,v,HOM,0,1,0,regular,y,d
HOM194605100,robin102,BLG,1,7,value,21,2,2,0,0,0,,,,,1,19460510,0,ALT02,v,HOM,0,1,0,regular,y,d
HOM194605100,hoskb101,BLG,1,9,value,21,2,1,0,0,0,,,,,1,19460510,0,ALT02,v,HOM,0,1,0,regular,y,d
HOM194605100,washj102,BLG,1,3,value,21,4,0,1,0,0,,,,,1,19460510,0,ALT02,v,HOM,0,1,0,regular,y,d
HOM194605100,russf101,BLG,1,4,value,21,4,2,1,0,0,,,,,1,19460510,0,ALT02,v,HOM,0,1,0,regular,y,d
HOM194605100,snowf101,BLG,1,5,value,21,1,0,0,0,0,,,,,1,19460510,0,ALT02,v,HOM,0,1,0,regular,y,d
HOM194605100,clarb107,BLG,1,2,value,21,0,0,0,0,0,0,1,0,0,1,19460510,0,ALT02,v,HOM,0,1,0,regular,y,d
HOM194605100,blacj103,BLG,1,1,value,9,1,1,0,0,0,,,,,1,19460510,0,ALT02,v,HOM,0,1,0,regular,y,d
HOM194605100,figut101,BLG,1,1,value,6,0,1,0,0,0,,,,,0,19460510,0,ALT02,v,HOM,0,1,0,regular,y,d
HOM194605100,barnb105,BLG,1,1,value,6,0,0,0,0,0,,,,,0,19460510,0,ALT02,v,HOM,0,1,0,regular,y,d
HOM194605100,willf101,HOM,1,9,value,24,2,0,0,0,0,,,,,1,19460510,0,ALT02,h,BLG,1,0,0,regular,y,d
HOM194605100,benjj101,HOM,1,8,value,24,1,0,0,0,0,,,,,1,19460510,0,ALT02,h,BLG,1,0,0,regular,y,d
HOM194605100,wilsd103,HOM,1,5,value,24,0,0,1,0,0,,,,,1,19460510,0,ALT02,h,BLG,1,0,0,regular,y,d
HOM194605100,leonb101,HOM,1,3,value,24,12,2,0,0,0,,,,,1,19460510,0,ALT02,h,BLG,1,0,0,regular,y,d
HOM194605100,gibsj101,HOM,1,2,value,24,4,0,0,0,0,0,0,0,0,1,19460510,0,ALT02,h,BLG,1,0,0,regular,y,d
HOM194605100,hoskd101,HOM,1,7,value,24,1,0,0,0,0,,,,,1,19460510,0,ALT02,h,BLG,1,0,0,regular,y,d
HOM194605100,banks101,HOM,1,6,value,24,0,4,0,0,0,,,,,1,19460510,0,ALT02,h,BLG,1,0,0,regular,y,d
HOM194605100,carlm101,HOM,1,4,value,24,3,1,0,0,0,,,,,1,19460510,0,ALT02,h,BLG,1,0,0,regular,y,d
HOM194605100,perra101,HOM,1,1,value,18,1,1,0,0,0,,,,,1,19460510,0,ALT02,h,BLG,1,0,0,regular,y,d
HOM194605100,radct101,HOM,1,1,value,6,0,0,0,0,0,,,,,0,19460510,0,ALT02,h,BLG,1,0,0,regular,y,d
HOM194608070,guilf101,BLG,1,9,value,24,4,0,0,0,0,,,,,1,19460807,0,ALT02,v,HOM,0,1,0,regular,y,d
HOM194608070,buttt102,BLG,1,6,value,24,1,1,1,0,0,,,,,1,19460807,0,ALT02,v,HOM,0,1,0,regular,y,d
HOM194608070,kimbh102,BLG,1,8,value,24,1,0,0,0,0,,,,,1,19460807,0,ALT02,v,HOM,0,1,0,regular,y,d
HOM194608070,hoskb101,BLG,1,7,value,24,1,0,0,0,0,,,,,1,19460807,0,ALT02,v,HOM,0,1,0,regular,y,d
HOM194608070,wellw101,BLG,1,5,value,24,0,3,0,0,0,,,,,1,19460807,0,ALT02,v,HOM,0,1,0,regular,y,d
HOM194608070,hughs101,BLG,1,4,value,24,2,4,0,1,0,,,,,1,19460807,0,ALT02,v,HOM,0,1,0,regular,y,d
HOM194608070,washj102,BLG,1,3,value,24,13,0,0,1,0,,,,,1,19460807,0,ALT02,v,HOM,0,1,0,regular,y,d
HOM194608070,villl101,BLG,1,2,value,24,1,1,0,0,0,0,0,0,0,1,19460807,0,ALT02,v,HOM,0,1,0,regular,y,d
HOM194608070,barnb105,BLG,1,1,value,24,1,2,0,0,0,,,,,1,19460807,0,ALT02,v,HOM,0,1,0,regular,y,d
HOM194608070,benjj101,HOM,1,8,value,27,5,0,0,0,0,,,,,1,19460807,0,ALT02,h,BLG,1,0,0,regular,y,d
HOM194608070,banks101,HOM,1,6,value,27,2,3,0,0,0,,,,,1,19460807,0,ALT02,h,BLG,1,0,0,regular,y,d
HOM194608070,easth104,HOM,1,5,value,27,1,2,0,0,0,,,,,1,19460807,0,ALT02,h,BLG,1,0,0,regular,y,d
HOM194608070,leonb101,HOM,1,3,value,27,9,0,0,0,0,,,,,1,19460807,0,ALT02,h,BLG,1,0,0,regular,y,d
HOM194608070,hoskd101,HOM,1,9,value,27,3,0,1,0,0,,,,,1,19460807,0,ALT02,h,BLG,1,0,0,regular,y,d
HOM194608070,wilsd103,HOM,1,7,value,27,1,0,0,0,0,,,,,1,19460807,0,ALT02,h,BLG,1,0,0,regular,y,d
HOM194608070,napie101,HOM,1,2,value,24,2,0,0,0,0,0,0,0,0,1,19460807,0,ALT02,h,BLG,1,0,0,regular,y,d
HOM194608070,radct101,HOM,1,2,value,3,1,0,0,0,0,0,0,0,0,0,19460807,0,ALT02,h,BLG,1,0,0,regular,y,d
HOM194608070,marql101,HOM,1,4,value,27,3,2,0,0,0,,,,,1,19460807,0,ALT02,h,BLG,1,0,0,regular,y,d
HOM194608070,hairh101,HOM,1,1,value,27,0,1,0,0,0,,,,,1,19460807,0,ALT02,h,BLG,1,0,0,regular,y,d
HOM194706020,willl107,NW2,1,6,value,27,1,0,0,0,0,,,,,1,19470602,0,ALT02,v,HOM,1,0,0,regular,y,
HOM194706020,pattp102,NW2,1,5,value,27,0,5,0,0,0,,,,,1,19470602,0,ALT02,v,HOM,1,0,0,regular,y,
HOM194706020,dobyl101,NW2,1,4,value,27,4,9,0,0,0,,,,,1,19470602,0,ALT02,v,HOM,1,0,0,regular,y,
HOM194706020,irvim101,NW2,1,8,value,27,1,0,0,0,0,,,,,1,19470602,0,ALT02,v,HOM,1,0,0,regular,y,
HOM194706020,harvb102,NW2,1,9,value,27,1,0,0,0,0,,,,,1,19470602,0,ALT02,v,HOM,1,0,0,regular,y,
HOM194706020,davij106,NW2,1,7,value,27,1,0,0,0,0,,,,,1,19470602,0,ALT02,v,HOM,1,0,0,regular,y,
HOM194706020,pearl102,NW2,1,3,value,27,17,1,0,0,0,,,,,1,19470602,0,ALT02,v,HOM,1,0,0,regular,y,
HOM194706020,wynnw101,NW2,1,2,value,27,1,1,0,0,0,0,,,,1,19470602,0,ALT02,v,HOM,1,0,0,regular,y,
HOM194706020,peacw101,NW2,1,1,value,27,1,2,0,0,0,,,,,1,19470602,0,ALT02,v,HOM,1,0,0,regular,y,
HOM194706020,benjj101,HOM,1,8,value,27,2,0,0,0,0,,,,,1,19470602,0,ALT02,h,NW2,0,1,0,regular,y,
HOM194706020,marql101,HOM,1,4,value,27,4,3,0,0,0,,,,,1,19470602,0,ALT02,h,NW2,0,1,0,regular,y,
HOM194706020,banks101,HOM,1,6,value,27,1,1,1,0,0,,,,,1,19470602,0,ALT02,h,NW2,0,1,0,regular,y,
HOM194706020,eastl101,HOM,1,7,value,27,2,0,0,0,0,,,,,1,19470602,0,ALT02,h,NW2,0,1,0,regular,y,
HOM194706020,thurb101,HOM,1,9,value,27,3,1,0,0,0,,,,,1,19470602,0,ALT02,h,NW2,0,1,0,regular,y,
HOM194706020,youne102,HOM,1,3,value,27,8,1,0,0,0,,,,,1,19470602,0,ALT02,h,NW2,0,1,0,regular,y,
HOM194706020,napie101,HOM,1,2,value,27,5,0,0,0,0,0,,,,1,19470602,0,ALT02,h,NW2,0,1,0,regular,y,
HOM194706020,isrec101,HOM,1,5,value,27,0,2,1,0,0,,,,,1,19470602,0,ALT02,h,NW2,0,1,0,regular,y,
HOM194706020,smite111,HOM,1,1,value,27,2,3,0,0,0,,,,,1,19470602,0,ALT02,h,NW2,0,1,0,regular,y,
HOM194805120,hefna101,NY5,1,8,value,18,4,0,0,0,0,,,,,1,19480512,0,ALT02,v,HOM,0,1,0,regular,y,d
HOM194805120,spenj103,NY5,1,5,value,18,2,0,0,0,0,,,,,1,19480512,0,ALT02,v,HOM,0,1,0,regular,y,d
HOM194805120,smitj112,NY5,1,9,value,18,2,0,0,0,0,,,,,1,19480512,0,ALT02,v,HOM,0,1,0,regular,y,d
HOM194805120,crowg101,NY5,1,3,value,18,7,0,0,1,0,,,,,1,19480512,0,ALT02,v,HOM,0,1,0,regular,y,d
HOM194805120,barbb102,NY5,1,7,value,18,1,0,0,0,0,,,,,1,19480512,0,ALT02,v,HOM,0,1,0,regular,y,d
HOM194805120,lotth101,NY5,1,4,value,18,1,2,0,0,0,,,,,1,19480512,0,ALT02,v,HOM,0,1,0,regular,y,d
HOM194805120,hardw101,NY5,1,6,value,18,0,2,0,0,0,,,,,1,19480512,0,ALT02,v,HOM,0,1,0,regular,y,d
HOM194805120,baker101,NY5,1,2,value,18,0,0,0,0,0,0,0,2,0,1,19480512,0,ALT02,v,HOM,0,1,0,regular,y,d
HOM194805120,davic105,NY5,1,1,value,18,1,2,0,1,0,,,,,1,19480512,0,ALT02,v,HOM,0,1,0,regular,y,d
HOM194805120,marql101,HOM,1,8,value,21,2,0,0,0,0,,,,,1,19480512,0,ALT02,h,NY5,1,0,0,regular,y,d
HOM194805120,banks101,HOM,1,6,value,21,1,3,0,1,0,,,,,1,19480512,0,ALT02,h,NY5,1,0,0,regular,y,d
HOM194805120,parkt101,HOM,1,9,value,21,0,0,0,0,0,,,,,1,19480512,0,ALT02,h,NY5,1,0,0,regular,y,d
HOM194805120,leonb101,HOM,1,3,value,21,8,0,0,1,0,,,,,1,19480512,0,ALT02,h,NY5,1,0,0,regular,y,d
HOM194805120,eastl101,HOM,1,7,value,21,2,0,0,0,0,,,,,1,19480512,0,ALT02,h,NY5,1,0,0,regular,y,d
HOM194805120,napie101,HOM,1,2,value,21,5,0,0,0,0,0,0,0,0,1,19480512,0,ALT02,h,NY5,1,0,0,regular,y,d
HOM194805120,garyc101,HOM,1,5,value,21,1,2,0,0,0,,,,,1,19480512,0,ALT02,h,NY5,1,0,0,regular,y,d
HOM194805120,brucc101,HOM,1,4,value,21,2,2,0,0,0,,,,,1,19480512,0,ALT02,h,NY5,1,0,0,regular,y,d
HOM194805120,thurb101,HOM,1,1,value,21,0,6,0,1,0,,,,,1,19480512,0,ALT02,h,NY5,1,0,0,regular,y,d
