gid,id,team,d_seq,d_pos,stattype,d_ifouts,d_po,d_a,d_e,d_dp,d_tp,d_pb,d_wp,d_sb,d_cs,d_gs,date,number,site,vishome,opp,win,loss,tie,gametype,box,pbp,eject
CV6193106170,westj102,CV6,1,3,value,27,12,0,0,1,1,,,,,1,19310617,0,CLE11,h,LS4,1,0,0,regular,y,,
CAG193505111,westj102,NSH,1,3,value,24,7,0,0,0,0,,,,,1,19350511,1,CHI16,v,CAG,0,1,0,regular,y,d,
CAG193505112,westj102,NSH,1,3,value,18,6,0,0,1,0,,,,,1,19350511,2,CHI16,v,CAG,0,1,0,regular,y,d,
NSH193505180,westj102,NSH,1,3,value,24,0,0,1,0,0,,,,,1,19350518,0,COL05,h,NY6,1,0,0,regular,y,d,
NSH193505191,westj102,NSH,1,3,value,27,,0,1,1,0,0,0,0,,1,19350519,1,COL05,h,NY6,0,1,0,regular,y,,
NSH193505250,westj102,NSH,1,3,value,27,8,1,0,1,0,,,,,1,19350525,0,COL04,h,NW1,1,0,0,regular,y,,
NSH193505261,westj102,NSH,1,3,value,27,9,0,0,0,0,,,,,1,19350526,1,COL05,h,NW1,1,0,0,regular,y,,
NSH193505262,westj102,NSH,1,3,value,21,8,,,0,0,,,,,1,19350526,2,COL05,h,NW1,1,0,0,regular,y,,
NSH193505280,westj102,NSH,1,3,value,27,11,0,0,1,0,,,,,1,19350528,0,BEC01,h,NW1,1,0,0,regular,y,d,
NW1193505301,westj102,NSH,1,3,value,27,,,0,,,,,,,1,19350530,1,IRV01,v,NW1,1,0,0,regular,y,,
NW1193505302,westj102,NSH,1,3,value,27,,,1,,,,,,,1,19350530,2,IRV01,v,NW1,1,0,0,regular,y,,
PH5193506011,westj102,NSH,1,3,value,27,10,0,0,,,,,,,1,19350601,1,PHI17,v,PH5,1,0,0,regular,y,,
PH5193506012,westj102,NSH,1,3,value,24,13,0,1,1,0,,,,,1,19350601,2,PHI17,v,PH5,0,1,0,regular,y,d,
PH5193506021,westj102,NSH,1,3,value,24,11,0,0,,,,,0,,1,19350602,1,PHI17,v,PH5,0,1,0,regular,y,,
PH5193506022,westj102,NSH,1,3,value,18,13,0,0,,,,,,,1,19350602,2,PHI17,v,PH5,0,0,1,regular,y,,
PH5193506030,westj102,NSH,1,3,value,24,11,0,0,,,,,,,1,19350603,0,CHE03,v,PH5,0,1,0,regular,y,,
NY6193506161,westj102,NSH,1,3,value,24,8,1,0,0,0,0,0,0,,1,19350616,1,NYC25,v,NY6,0,1,0,regular,y,,
NY6193506162,westj102,NSH,1,3,value,27,8,0,0,0,0,0,0,0,,1,19350616,2,NYC25,v,NY6,1,0,0,regular,y,,
HOM193506291,westj102,NSH,1,3,value,27,18,0,1,1,0,0,0,0,,1,19350629,1,COL05,v,HOM,0,1,0,regular,y,,
NSH193506292,westj102,NSH,1,3,value,21,10,1,0,0,0,0,0,0,,1,19350629,2,COL05,h,HOM,1,0,0,regular,y,,
NW1193507130,westj102,NSH,1,3,value,27,,,1,,,,,,,1,19350713,0,IRV01,v,NW1,1,0,0,regular,y,,
NW1193507141,westj102,NSH,1,3,value,24,,,0,,0,0,0,,,1,19350714,1,IRV01,v,NW1,0,1,0,regular,y,,
NW1193507142,westj102,NSH,1,3,value,24,,,1,,0,0,0,,,1,19350714,2,IRV01,v,NW1,0,1,0,regular,y,,
NW1193507150,westj102,NSH,1,3,value,27,9,1,0,1,0,,,,,1,19350715,0,NBR01,v,NW1,1,0,0,regular,y,d,
BRN193507200,westj102,NSH,1,3,value,18,3,0,1,1,0,,,,,1,19350720,0,NYC15,v,BRN,0,1,0,regular,y,d,
BRN193507211,westj102,NSH,1,3,value,27,14,0,0,0,0,0,0,0,,1,19350721,1,NYC15,v,BRN,1,0,0,regular,y,,
BRN193507212,westj102,NSH,1,3,value,21,10,2,0,1,0,0,0,0,,1,19350721,2,NYC15,v,BRN,1,0,0,regular,y,,
NSH193507270,westj102,NSH,1,3,value,27,0,0,0,0,0,,,,,1,19350727,0,COL05,h,PTC,0,1,0,regular,y,d,
PTC193508010,westj102,NSH,1,3,value,36,15,0,0,0,0,,,,,1,19350801,0,AKR01,v,PTC,1,0,0,regular,y,d,
NSH193508041,westj102,NSH,1,3,value,45,17,0,0,0,0,0,0,0,,1,19350804,1,COL05,h,PH5,0,1,0,regular,y,,
NSH193508042,westj102,NSH,1,3,value,,,,0,1,,,,,,1,19350804,2,COL05,h,PH5,1,0,0,regular,,,
PH5193508220,westj102,NSH,1,3,value,26,16,0,0,0,0,,,,,1,19350822,0,PHI17,v,PH5,0,1,0,regular,y,d,
NW1193508240,westj102,NSH,1,3,value,27,11,,0,0,0,0,0,0,,1,19350824,0,IRV01,v,NW1,1,0,0,regular,y,,
NW1193508251,westj102,NSH,1,3,value,24,,,1,0,0,0,0,0,,1,19350825,1,IRV01,v,NW1,0,1,0,regular,y,,
NW1193508260,westj102,NSH,1,3,value,27,14,0,0,1,0,,,,,1,19350826,0,NBR01,v,NW1,1,0,0,regular,y,d,
NY6193508290,westj102,NSH,1,3,value,30,12,0,0,0,0,,,,,1,19350829,0,PAT01,v,NY6,1,0,0,regular,y,d,
NY5193508310,westj102,NSH,1,3,value,30,8,0,0,0,0,,,,,1,19350831,0,PAT01,v,NY5,1,0,0,exhibition,y,d,
NY5193509140,westj102,NSH,1,3,value,24,2,0,0,2,0,,,,,1,19350914,0,PAT01,v,NY5,0,1,0,exhibition,y,d,
NY6193509221,westj102,NSH,1,3,value,27,14,0,0,1,0,,,,,1,19350922,1,NYC16,v,NY6,1,0,0,exhibition,y,,
PRG193510190,westj102,PRG,1,3,value,27,11,1,0,0,0,,,,,1,19351019,0,LOS02,h,PIR,1,0,0,exhibition,y,,
PRG193510201,westj102,PRG,1,3,value,27,10,0,0,0,0,,,,,1,19351020,1,LOS02,h,PIR,1,0,0,exhibition,y,,
PRG193510202,westj102,PRG,1,3,value,15,6,0,0,2,0,,,,,1,19351020,2,LOS02,h,PIR,0,1,0,exhibition,y,,
ASD193510310,westj102,PRG,1,3,value,24,9,2,0,0,0,,,,,1,19351031,0,LOS02,v,ASD,0,1,0,exhibition,y,,
PRG193511101,westj102,PRG,1,3,value,27,9,0,0,0,0,,,,,1,19351110,1,LOS02,h,PIR,1,0,0,exhibition,y,,
PRG193511102,westj102,PRG,1,3,value,15,4,1,0,1,0,,,,,1,19351110,2,LOS02,h,PIR,0,1,0,exhibition,y,,
PRG193512011,westj102,PRG,1,3,value,27,11,0,0,0,0,,,,,1,19351201,1,LOS02,h,PIR,1,0,0,exhibition,y,,
PRG193512012,westj102,PRG,1,3,value,15,5,0,0,0,0,,,,,1,19351201,2,LOS02,h,PIR,1,0,0,exhibition,y,,
HOM193604131,westj102,WEG,1,3,value,24,7,1,0,0,0,,,,,1,19360413,1,ATL04,v,HOM,0,1,0,exhibition,y,d,
PTC193605050,westj102,WEG,1,3,value,27,10,0,0,,,,,,,1,19360505,0,PIT09,v,PTC,1,0,0,exhibition,y,,
NW2193605090,westj102,WEG,1,3,value,27,0,0,0,0,0,,,,,1,19360509,0,NWK04,v,NW2,1,0,0,regular,y,d,
NW2193605101,westj102,WEG,1,3,value,24,,,0,0,0,,,0,,1,19360510,1,NWK04,v,NW2,0,1,0,regular,y,,
NW2193605102,westj102,WEG,1,3,value,25,1,0,0,1,0,,,,,1,19360510,2,NWK04,v,NW2,0,1,0,regular,y,d,
NW2193605110,westj102,WEG,1,3,value,,,,0,,,,,,,1,19360511,0,NWK04,v,NW2,0,1,0,regular,y,,
WEG193605160,westj102,WEG,1,3,value,27,8,0,0,1,0,,,,,1,19360516,0,WAS09,h,NW2,1,0,0,regular,y,y,
WEG193605170,westj102,WEG,1,3,value,27,19,,,,,,,,,1,19360517,0,WAS09,h,NW2,1,0,0,regular,y,,
WEG193605231,westj102,WEG,1,3,value,27,13,0,0,0,0,,,,,1,19360523,1,WAS09,h,PTC,0,1,0,regular,y,d,
WEG193605232,westj102,WEG,1,3,value,6,1,0,0,0,0,,,,,1,19360523,2,WAS09,h,PTC,1,0,0,regular,y,d,
WEG193605240,westj102,WEG,1,3,value,6,3,0,0,0,0,,,,,0,19360524,0,WAS09,h,PTC,0,1,0,regular,y,d,
NY6193605300,westj102,WEG,1,3,value,27,11,0,0,2,0,,,,,1,19360530,0,PAT01,v,NY6,1,0,0,regular,y,d,
WEG193605311,westj102,WEG,1,3,value,27,14,0,1,0,0,,,,,1,19360531,1,WAS09,h,NY6,1,0,0,regular,y,d,
WEG193605312,westj102,WEG,1,3,value,27,8,0,0,1,0,,,,,1,19360531,2,WAS09,h,NY6,0,1,0,regular,y,d,
PH5193606020,westj102,WEG,1,3,value,24,13,0,0,0,0,,,,,1,19360602,0,CAM04,v,PH5,0,1,0,exhibition,y,d,
PTC193606050,westj102,WEG,1,3,value,27,11,0,1,2,,,,,,1,19360605,0,PIT09,v,PTC,1,0,0,regular,y,,
PTC193606060,westj102,WEG,1,3,value,27,8,0,,0,0,,,,,1,19360606,0,PIT09,v,PTC,1,0,0,regular,y,,
PTC193606071,westj102,WEG,1,3,value,27,14,0,0,,,,,,,1,19360607,1,PIT09,v,PTC,1,0,0,regular,y,,
NY5193606150,westj102,WEG,1,3,value,27,6,0,0,3,0,,,,,1,19360615,0,MID04,v,NY5,1,0,0,exhibition,y,d,
PH5193606201,westj102,WEG,1,3,value,27,9,1,0,1,0,,,,,1,19360620,1,PHI17,v,PH5,1,0,0,regular,y,d,
PH5193606202,westj102,WEG,1,3,value,27,9,0,0,0,0,,,,,1,19360620,2,PHI17,v,PH5,1,0,0,regular,y,d,
WEG193606210,westj102,WEG,1,3,value,27,12,1,0,1,0,,,,,1,19360621,0,WAS09,h,PH5,1,0,0,regular,y,d,
HOM193606240,westj102,WEG,1,3,value,24,7,0,,,,,,,,1,19360624,0,ALT01,v,HOM,0,1,0,exhibition,y,,
WEG193606270,westj102,WEG,1,3,value,27,9,0,0,,,,,0,,1,19360627,0,WAS09,h,HOM,0,1,0,regular,y,,
WEG193606282,westj102,WEG,1,2,value,27,7,,1,,,,,,,,19360628,2,WAS09,h,HOM,0,1,0,regular,y,,
NW2193607041,westj102,WEG,1,2,value,27,,,0,,,,,,,,19360704,1,NWK04,v,NW2,1,0,0,regular,y,,
NW2193607042,westj102,WEG,1,3,value,25,0,0,0,0,0,,,,,1,19360704,2,NWK04,v,NW2,0,1,0,regular,y,d,
NY5193607060,westj102,WEG,1,3,value,24,9,1,1,0,0,,,,,1,19360706,0,MID04,v,NY5,0,1,0,exhibition,y,d,
PTC193607181,westj102,WEG,1,3,value,27,10,1,0,,,,0,,,1,19360718,1,PIT09,v,PTC,1,0,0,regular,y,,
PTC193607182,westj102,WEG,1,3,value,18,6,0,0,0,0,,,,,1,19360718,2,PIT09,v,PTC,0,1,0,regular,y,d,
PTC193607191,westj102,WEG,1,3,value,24,13,0,0,0,0,,,,,1,19360719,1,CLE06,v,PTC,0,1,0,regular,y,d,
PTC193607192,westj102,WEG,1,3,value,18,7,0,0,0,0,,,,,1,19360719,2,CLE06,v,PTC,0,1,0,regular,y,d,
PTC193607200,westj102,WEG,1,3,value,24,9,1,,,,,,,,1,19360720,0,PIT09,v,PTC,0,1,0,regular,y,,
WEG193607250,westj102,WEG,1,3,value,15,3,0,0,1,0,,,,,1,19360725,0,WAS09,h,NY5,0,1,0,regular,y,d,
WEG193607261,westj102,WEG,1,3,value,27,10,0,0,0,0,,,,,1,19360726,1,WAS09,h,NY5,0,1,0,regular,y,d,
WEG193607262,westj102,WEG,1,3,value,24,9,0,0,0,0,,,,,1,19360726,2,WAS09,h,NY5,0,1,0,regular,y,d,
WEG193608010,westj102,WEG,1,3,value,27,10,0,0,0,0,,,,,1,19360801,0,WAS09,h,NW2,0,1,0,regular,y,d,
WEG193608021,westj102,WEG,1,3,value,27,8,2,0,1,0,,,,,1,19360802,1,WAS09,h,NW2,0,1,0,regular,y,d,
WEG193608022,westj102,WEG,1,3,value,21,8,0,0,1,,,0,,,1,19360802,2,WAS09,h,NW2,1,0,0,regular,y,,
NW2193608040,westj102,WEG,1,3,value,32,,,0,1,,0,,,,1,19360804,0,NWK04,v,NW2,0,1,0,regular,y,,
CI1193608090,westj102,WEG,1,3,value,27,9,1,1,,,0,,,,1,19360809,0,CIN07,v,CI1,1,0,0,exhibition,y,,
WEG193608150,westj102,WEG,1,3,value,30,14,0,0,0,,,,,,1,19360815,0,WAS09,h,PTC,0,0,1,regular,y,,
WEG193608161,westj102,WEG,1,3,value,24,7,0,0,0,0,,,,,1,19360816,1,WAS09,h,PTC,1,0,0,regular,y,d,
WEG193608190,westj102,WEG,1,3,value,27,9,0,,,,,,,,1,19360819,0,PHI17,h,PTC,0,1,0,exhibition,y,,
PTC193608210,westj102,WEG,1,3,value,24,11,0,0,2,0,,,,,1,19360821,0,AKR01,v,PTC,0,1,0,exhibition,y,,
ASW193608230,westj102,ASE,1,3,value,18,9,0,0,0,0,,,,,1,19360823,0,CHI10,v,ASW,1,0,0,allstar,y,d,
PTC193608270,westj102,WEG,1,3,value,24,11,0,0,1,0,,,,,1,19360827,0,CAN03,v,PTC,0,1,0,regular,y,d,
NY5193608301,westj102,WEG,1,3,value,15,6,0,0,0,,,,,,1,19360830,1,CLE06,v,NY5,1,0,0,exhibition,y,,
PTC193608310,westj102,WEG,1,3,value,26,7,0,0,0,0,,,,,1,19360831,0,CLP01,v,PTC,0,1,0,exhibition,y,d,
NY6193609030,westj102,WEG,1,4,value,24,6,,2,,,,,,,1,19360903,0,PHI17,v,NY6,0,1,0,exhibition,y,,
PTC193609040,westj102,WEG,1,3,value,27,12,0,0,,,,0,0,,1,19360904,0,MID03,v,PTC,1,0,0,exhibition,y,,
PH5193609051,westj102,WEG,1,3,value,27,8,,0,,,,,,,1,19360905,1,PHI17,v,PH5,1,0,0,regular,y,,
PH5193609052,westj102,WEG,1,3,value,18,6,,0,,,,,,,1,19360905,2,PHI17,v,PH5,0,1,0,regular,y,,
NY5193609071,westj102,WEG,1,3,value,27,8,0,0,1,,,0,0,,1,19360907,1,NYC23,v,NY5,1,0,0,regular,y,,
NY5193609072,westj102,WEG,1,3,value,24,6,0,0,1,,,,0,,1,19360907,2,NYC23,v,NY5,0,1,0,regular,y,,
WEG193609140,westj102,WEG,1,3,value,27,13,0,0,,,,,,,1,19360914,0,TRE01,h,PH5,0,1,0,exhibition,y,,
NY5193609160,westj102,WEG,1,3,value,24,8,0,0,0,0,,,0,,1,19360916,0,PGK01,v,NY5,0,1,0,exhibition,y,,
PH5193609170,westj102,WEG,1,3,value,27,10,0,0,1,0,,,,,1,19360917,0,PHI17,v,PH5,1,0,0,playoff,y,d,
PH5193609201,westj102,WEG,1,3,value,27,14,0,0,0,0,,,,,1,19360920,1,NYC14,v,PH5,1,0,0,exhibition,y,d,
NNS193610010,westj102,NNS,1,3,value,27,6,0,0,0,0,,,,,1,19361001,0,DAV01,h,MLS,0,1,0,exhibition,y,d,
NNS193610042,westj102,NNS,1,3,value,21,10,1,0,1,0,,,,,1,19361004,2,DEN03,h,MLS,1,0,0,exhibition,y,d,
MLS193610070,westj102,NNS,1,3,value,27,9,0,0,0,0,,,,,1,19361007,0,DES01,v,MLS,1,0,0,exhibition,y,d,
MEM193704180,westj102,WEG,1,3,value,27,12,0,0,0,,,,0,,1,19370418,0,MEM02,v,MEM,1,0,0,exhibition,y,,
PTC193705151,westj102,WEG,1,3,value,24,10,1,0,0,0,,,,,1,19370515,1,PIT09,v,PTC,0,1,0,regular,y,d,
WEG193705220,westj102,WEG,1,3,value,27,11,0,0,1,0,,,,,1,19370522,0,PAT01,h,PTC,1,0,0,regular,y,d,
WEG193705230,westj102,WEG,1,3,value,21,11,0,0,0,0,,,,,1,19370523,0,NYC25,h,PTC,1,0,0,regular,y,d,
WEG193705290,westj102,WEG,1,3,value,27,0,0,0,0,0,,,,,1,19370529,0,WAS09,h,HOM,1,0,0,regular,y,d,
WEG193705300,westj102,WEG,1,3,value,27,10,0,0,1,0,,,,,1,19370530,0,WAS09,h,HOM,0,1,0,regular,y,d,
HOM193705311,westj102,WEG,1,3,value,24,13,0,,,,,,,,1,19370531,1,PIT09,v,HOM,0,1,0,regular,y,,
HOM193706010,westj102,WEG,1,3,value,24,14,0,0,0,0,,,,,1,19370601,0,ALT02,v,HOM,0,1,0,regular,y,d,
PH5193706020,westj102,WEG,1,3,value,24,14,1,0,0,0,,,,,1,19370602,0,CHE02,v,PH5,0,0,1,regular,y,d,
NW2193706050,westj102,WEG,1,3,value,24,9,0,1,0,0,,,,,1,19370605,0,PAT01,v,NW2,0,1,0,regular,y,d,
WEG193706060,westj102,WEG,1,3,value,27,8,3,0,1,0,,,,,1,19370606,0,WAS09,h,NW2,0,1,0,regular,y,d,
PH5193706121,westj102,WEG,1,3,value,27,13,1,0,,,,,,,1,19370612,1,PHI17,v,PH5,1,0,0,regular,y,,
PH5193706122,westj102,WEG,1,3,value,18,12,,0,,,,,,,1,19370612,2,PHI17,v,PH5,0,1,0,regular,y,,
WEG193706130,westj102,WEG,1,3,value,30,0,0,0,0,0,,,,,1,19370613,0,WAS09,h,PH5,0,1,0,regular,y,d,
WEG193706192,westj102,WEG,1,3,value,21,0,0,0,0,0,,,,,1,19370619,2,PHI17,h,NW2,0,1,0,regular,y,d,
PTC193706220,westj102,WEG,1,3,value,27,12,0,0,1,0,,,,,1,19370622,0,CHA02,v,PTC,1,0,0,regular,y,d,
NY5193706260,westj102,WEG,1,3,value,28,14,0,0,0,0,,,,,1,19370626,0,PAT01,v,NY5,0,1,0,regular,y,d,
WEG193706271,westj102,WEG,1,3,value,27,12,1,0,0,0,,,,,1,19370627,1,BAL10,h,PH5,1,0,0,regular,y,d,
WEG193706272,westj102,WEG,1,3,value,18,5,0,0,1,0,,,,,1,19370627,2,BAL10,h,PH5,1,0,0,regular,y,d,
NW2193707100,westj102,WEG,1,3,value,24,9,0,0,0,0,,,,,1,19370710,0,PAT01,v,NW2,0,1,0,regular,y,d,
WEG193707111,westj102,WEG,1,3,value,30,12,2,0,0,0,,,,,1,19370711,1,WAS09,h,HOM,1,0,0,regular,y,d,
WEG193707112,westj102,WEG,1,3,value,21,8,0,0,0,0,,,,,1,19370711,2,WAS09,h,HOM,0,1,0,regular,y,y,
WEG193707130,westj102,WEG,1,3,value,27,14,1,0,0,0,,,,,1,19370713,0,BAL10,h,PH5,0,1,0,regular,y,d,
WEG193707171,westj102,WEG,1,3,value,30,12,,1,,,,,,,1,19370717,1,PHI17,h,NY5,1,0,0,regular,y,,
WEG193707172,westj102,WEG,1,3,value,15,4,,1,,,,,,,1,19370717,2,PHI17,h,NY5,1,0,0,regular,y,,
WEG193707181,westj102,WEG,1,3,value,27,15,0,0,0,0,,,,,1,19370718,1,BAL10,h,NY5,1,0,0,regular,y,d,
WEG193707182,westj102,WEG,1,3,value,21,0,0,0,0,0,,,,,1,19370718,2,BAL10,h,NY5,1,0,0,regular,y,d,
WEG193707240,westj102,WEG,1,3,value,27,10,0,0,2,0,,,,,1,19370724,0,CUM01,h,HOM,0,1,0,exhibition,y,d,
WEG193707250,westj102,WEG,1,3,value,27,14,0,0,0,0,,,,,1,19370725,0,BAL10,h,HOM,1,0,0,regular,y,d,
HOM193707310,westj102,WEG,1,3,value,24,8,2,0,,,,,,,1,19370731,0,FMT01,v,HOM,0,1,0,regular,y,,
HOM193708011,westj102,WEG,1,3,value,24,7,1,0,0,0,,,,,1,19370801,1,CLE06,v,HOM,0,1,0,regular,y,d,
HOM193708012,westj102,WEG,1,3,value,18,7,0,1,0,0,,,,,1,19370801,2,CLE06,v,HOM,0,1,0,regular,y,d,
CI1193708122,westj102,WEG,1,3,value,21,9,1,0,1,0,,,,,1,19370812,2,CIN07,v,CI1,0,0,1,exhibition,y,d,
WEG193708121,westj102,WEG,1,3,value,21,8,1,0,1,0,,,,,1,19370812,1,CIN07,h,NY5,1,0,0,exhibition,y,d,
PH5193708160,westj102,WEG,1,3,value,27,11,,0,,,,,,,1,19370816,0,PHI17,v,PH5,1,0,0,regular,y,,
WEG193708170,westj102,WEG,1,3,value,27,8,0,0,0,0,,,,,1,19370817,0,PGK01,h,PTC,1,0,0,regular,y,d,
PH5193708210,westj102,WEG,1,3,value,18,9,0,0,0,0,,,,,1,19370821,0,PHI17,v,PH5,0,1,0,regular,y,d,
WEG193708221,westj102,WEG,1,3,value,27,16,0,0,1,0,,0,,,1,19370822,1,BAL10,h,PH5,0,1,0,regular,y,,
PH5193708280,westj102,WEG,1,3,value,24,0,0,0,0,0,,,,,1,19370828,0,PHI17,v,PH5,0,1,0,regular,y,d,
NY5193709010,westj102,WEG,1,3,value,27,11,1,0,2,0,,,,,1,19370901,0,WNY02,v,NY5,1,0,0,regular,y,d,
NY5193709061,westj102,WEG,1,3,value,24,8,0,0,1,0,,,,,1,19370906,1,NYC23,v,NY5,0,1,0,regular,y,d,
NY5193709062,westj102,WEG,1,3,value,18,8,0,0,1,0,,,,,1,19370906,2,NYC23,v,NY5,0,1,0,regular,y,d,
PH5193709111,westj102,WEG,1,3,value,24,12,0,0,,,,,,,1,19370911,1,PHI17,v,PH5,0,1,0,regular,y,,
PH5193709112,westj102,WEG,1,3,value,18,3,0,0,,,,,,,1,19370911,2,PHI17,v,PH5,0,1,0,regular,y,,
WEG193709130,westj102,WEG,1,3,value,27,10,0,0,0,0,,,,,1,19370913,0,YOR03,h,PH5,0,1,0,exhibition,y,d,
NNS193709190,westj102,NNS,1,3,value,27,13,0,0,1,0,,,,,1,19370919,0,NYC14,h,SDO,1,0,0,exhibition,y,d,
NNS193709210,westj102,NNS,1,3,value,27,6,0,0,0,0,,,,,1,19370921,0,BEL02,h,SDO,0,1,0,exhibition,y,d,
NNS193709261,westj102,NNS,1,3,value,27,10,0,1,0,0,,,,,1,19370926,1,NYC16,h,SDO,0,1,0,exhibition,y,d,
PRG193710100,westj102,PRG,1,3,value,27,9,0,0,2,0,,,,,1,19371010,0,LOS05,h,WHK,1,0,0,exhibition,y,y,
PRG193711071,westj102,PRG,1,3,value,27,11,0,1,1,0,,,,,1,19371107,1,LOS05,h,WHK,0,1,0,exhibition,y,d,
BLG193804170,westj102,BLG,1,3,value,27,0,0,0,0,0,,,,,1,19380417,0,JAC02,h,BFA,1,0,0,exhibition,y,d,
BLG193804240,westj102,BLG,1,3,value,27,1,0,1,1,0,,,,,1,19380424,0,CHT01,h,PH5,1,0,0,exhibition,y,d,
BLG193805011,westj102,BLG,1,3,value,27,,,0,0,0,,,0,,1,19380501,1,NSH02,h,PH5,1,0,0,exhibition,y,,
BLG193805012,westj102,BLG,1,3,value,21,,,0,0,,,,,,,19380501,2,NSH02,h,PH5,1,0,0,exhibition,y,,
BLG193805020,westj102,BLG,1,3,value,27,,,0,,,,,,,1,19380502,0,JAC02,h,CAG,1,0,0,exhibition,y,,
BLG193805030,westj102,BLG,1,3,value,,,,0,,,,,,,,19380503,0,NSH02,h,CAG,1,0,0,exhibition,y,,
PTC193805080,westj102,BLG,,3,value,,,,,,,,,,,1,19380508,0,LOU05,v,PTC,0,1,0,exhibition,,,
BLG193805150,westj102,BLG,1,2,value,27,,,0,0,0,,,,,1,19380515,0,BAL14,h,PH5,1,0,0,regular,y,,
PTC193805210,westj102,BLG,1,3,value,24,12,1,0,0,0,,,,,1,19380521,0,PIT09,v,PTC,0,1,0,regular,y,d,
PTC193805221,westj102,BLG,1,3,value,30,16,0,0,0,0,,,,,1,19380522,1,PIT09,v,PTC,1,0,0,regular,y,d,
NY5193805280,westj102,BLG,1,3,value,24,8,0,0,0,0,,,,,1,19380528,0,PAT01,v,NY5,0,1,0,regular,y,d,
BLG193805291,westj102,BLG,1,3,value,27,11,0,0,1,0,,,,,1,19380529,1,BAL14,h,NY5,1,0,0,regular,y,d,
BLG193805292,westj102,BLG,1,3,value,21,6,1,0,0,0,,,,,1,19380529,2,BAL14,h,NY5,1,0,0,regular,y,d,
NW2193805301,westj102,BLG,1,3,value,27,11,1,0,1,0,,,,,1,19380530,1,NWK04,v,NW2,1,0,0,regular,y,d,
NW2193805302,westj102,BLG,1,3,value,18,7,0,0,0,0,,,,,1,19380530,2,NWK04,v,NW2,0,1,0,regular,y,d,
PH5193806080,westj102,BLG,1,3,value,24,10,0,0,0,0,,,,,1,19380608,0,YOR03,v,PH5,0,1,0,regular,y,d,
HOM193806120,westj102,BLG,1,3,value,24,,,1,,,,,,,1,19380612,0,IND10,v,HOM,0,1,0,regular,y,,
HOM193806140,westj102,BLG,1,3,value,24,,,0,,,,,,,1,19380614,0,LOU05,v,HOM,0,1,0,regular,y,,
HOM193806160,westj102,BLG,1,3,value,,,,0,,,,,,,1,19380616,0,MID02,v,HOM,0,1,0,regular,y,,
PH5193806230,westj102,BLG,1,3,value,27,9,0,0,0,0,,,,,1,19380623,0,PHI17,v,PH5,0,0,1,regular,y,d,
PH5193806261,westj102,BLG,1,3,value,25,13,0,0,0,0,,,,,1,19380626,1,NYC16,v,PH5,0,1,0,regular,y,d,
NY5193807020,westj102,BLG,1,3,value,27,8,0,1,1,0,,,,,1,19380702,0,PAT01,v,NY5,1,0,0,regular,y,d,
PH5193807020,westj102,BLG,1,3,value,27,5,0,0,0,0,,,,,1,19380702,0,PHI17,v,PH5,0,0,1,regular,y,d,
BLG193807031,westj102,BLG,1,3,value,27,12,1,,,,,,,,1,19380703,1,BAL14,h,NW2,1,0,0,regular,y,,
BLG193807032,westj102,BLG,1,3,value,21,11,0,,,,,,,,1,19380703,2,BAL14,h,NW2,1,0,0,regular,y,,
PH5193807041,westj102,BLG,1,3,value,27,16,0,0,0,0,,,,,1,19380704,1,PHI17,v,PH5,1,0,0,regular,y,d,
PH5193807042,westj102,BLG,1,3,value,18,6,0,0,0,0,,,,,1,19380704,2,PHI17,v,PH5,0,1,0,regular,y,d,
BLG193807090,westj102,BLG,1,3,value,27,10,0,0,,,,,,,1,19380709,0,BAL14,h,HOM,0,1,0,regular,y,,
BLG193807101,westj102,BLG,1,3,value,27,12,0,,,,,,,,1,19380710,1,BAL14,h,HOM,0,1,0,regular,y,,
BLG193807102,westj102,BLG,1,2,value,21,,,,,,,,,,1,19380710,2,BAL14,h,HOM,1,0,0,regular,y,,
BLG193807110,westj102,BLG,1,3,value,27,,,,,,,,,,1,19380711,0,BAL14,h,HOM,0,1,0,regular,y,,
BLG193807160,westj102,BLG,1,3,value,24,9,,,,,,,,,1,19380716,0,BAL14,h,WBS,0,1,0,regular,y,,
BLG193807311,westj102,BLG,1,3,value,27,9,0,1,0,0,,,,,1,19380731,1,WAS09,h,PH5,1,0,0,regular,y,d,
PH5193808040,westj102,BLG,1,3,value,27,13,0,0,,,,,,,1,19380804,0,PHI17,v,PH5,1,0,0,regular,y,,
BIR193808072,westj102,BLG,1,3,value,27,10,0,0,0,0,,,,,1,19380807,2,BIR01,v,BIR,1,0,0,exhibition,y,d,
MEM193808082,westj102,BLG,1,3,value,21,0,0,0,0,0,,,,,1,19380808,2,MEM02,v,MEM,1,0,0,exhibition,y,d,
BLG193808112,westj102,BLG,1,3,value,27,1,0,0,1,0,,,,,1,19380811,2,YOR03,h,PTC,1,0,0,exhibition,y,d,
BLG193808142,westj102,BLG,1,3,value,27,11,1,0,0,0,,,,,1,19380814,2,NYC29,h,PH5,0,1,0,regular,y,d,
PTC193808180,westj102,BLG,1,3,value,27,,,0,,,,,,,1,19380818,0,DAY03,v,PTC,1,0,0,regular,,,
BLG193808211,westj102,BLG,1,3,value,27,12,1,0,0,0,,,,,1,19380821,1,WAS09,h,PTC,1,0,0,exhibition,y,d,
BLG193808212,westj102,BLG,1,3,value,24,10,1,0,2,0,,,,,1,19380821,2,WAS09,h,PTC,0,1,0,exhibition,y,d,
BLG193808280,westj102,BLG,1,3,value,30,11,0,0,,,,,,,1,19380828,0,BAL14,h,PH5,0,1,0,regular,y,,
PH5193809051,westj102,BLG,1,3,value,27,11,0,1,0,0,,,,,1,19380905,1,PHI17,v,PH5,1,0,0,regular,y,d,
PH5193809052,westj102,BLG,1,3,value,27,15,1,1,0,0,,,,,1,19380905,2,PHI17,v,PH5,1,0,0,regular,y,d,
BLG193809110,westj102,BLG,1,3,value,27,7,1,0,1,0,,,,,1,19380911,0,BAL10,h,PTC,1,0,0,lcs,y,d,
BLG193904231,westj102,BLG,1,3,value,27,,,0,0,0,,,,,1,19390423,1,NSH02,h,CAG,1,0,0,exhibition,y,,
BLG193904232,westj102,BLG,1,3,value,21,,,0,0,0,,,,,1,19390423,2,NSH02,h,CAG,1,0,0,exhibition,y,,
BLG193905141,westj102,BLG,1,3,value,27,,,0,0,0,,,,,1,19390514,1,BAL10,h,HOM,0,1,0,regular,y,,
BLG193905142,westj102,BLG,1,3,value,18,,,0,0,0,,,,,1,19390514,2,BAL10,h,HOM,0,1,0,regular,y,,
NW2193905211,westj102,BLG,1,3,value,24,0,0,1,0,0,,,,,1,19390521,1,NWK04,v,NW2,0,1,0,regular,y,d,
NW2193905212,westj102,BLG,1,3,value,19,0,0,0,0,0,,,,,1,19390521,2,NWK04,v,NW2,0,1,0,regular,y,d,
BLG193905281,westj102,BLG,1,3,value,27,1,0,0,1,0,,,,,1,19390528,1,BAL10,h,NY5,0,1,0,regular,y,d,
BLG193905282,westj102,BLG,1,3,value,15,0,0,0,0,0,,,,,1,19390528,2,BAL10,h,NY5,0,1,0,regular,y,d,
NY5193905301,westj102,BLG,1,3,value,27,13,0,0,1,0,,,,,1,19390530,1,NYC23,v,NY5,1,0,0,regular,y,,
NY5193905302,westj102,BLG,1,3,value,18,6,0,0,0,0,,,,,1,19390530,2,NYC23,v,NY5,0,1,0,regular,y,,
NY6193906041,westj102,BLG,1,3,value,27,13,0,0,0,0,,,,,1,19390604,1,NYC16,v,NY6,1,0,0,regular,y,d,
PH5193906080,westj102,BLG,1,3,value,27,11,0,0,0,0,,,,,1,19390608,0,PHI17,v,PH5,1,0,0,regular,y,,
HOM193906101,westj102,BLG,1,3,value,27,9,0,0,0,0,,,,,1,19390610,1,PIT06,v,HOM,1,0,0,regular,y,,
HOM193906102,westj102,BLG,1,3,value,15,4,0,0,0,0,,,,,1,19390610,2,PIT06,v,HOM,0,1,0,regular,y,,
BLG193906190,westj102,BLG,1,3,value,27,,,0,0,0,,,,,1,19390619,0,RIC05,h,NW2,1,0,0,regular,y,,
PH5193906270,westj102,BLG,1,3,value,27,11,,0,0,0,,,,,1,19390627,0,PHI17,v,PH5,1,0,0,regular,y,,
NY5193907022,westj102,BLG,1,3,value,27,12,0,0,0,0,,,,,1,19390702,2,NYC16,v,NY5,1,0,0,regular,y,d,
PH5193907081,westj102,BLG,1,3,value,27,14,0,0,0,0,,,,,1,19390708,1,PHI17,v,PH5,1,0,0,regular,y,d,
PH5193907082,westj102,BLG,1,3,value,21,7,1,0,0,0,,,,,1,19390708,2,PHI17,v,PH5,1,0,0,regular,y,d,
BLG193907091,westj102,BLG,1,3,value,,,,0,,0,0,,,,,19390709,1,BAL10,h,PH5,1,0,0,regular,,,
PH5193907151,westj102,PH5,1,3,value,27,10,,0,0,0,,,,,1,19390715,1,PHI17,h,HOM,1,0,0,regular,y,,
PH5193907152,westj102,PH5,1,3,value,21,7,0,0,0,0,,,,,1,19390715,2,PHI17,h,HOM,0,1,0,regular,y,,
HOM193907161,westj102,PH5,1,3,value,24,,,0,0,0,,,,,1,19390716,1,WAS09,v,HOM,0,1,0,regular,y,,
HOM193907162,westj102,PH5,1,3,value,21,,,0,0,0,,,,,1,19390716,2,WAS09,v,HOM,1,0,0,regular,y,,
PH5193907221,westj102,PH5,1,3,value,27,12,1,0,0,0,,,,,1,19390722,1,PHI17,h,NY5,1,0,0,regular,y,,
PH5193907222,westj102,PH5,1,3,value,21,8,0,0,0,0,,,,,1,19390722,2,PHI17,h,NY5,0,1,0,regular,y,,
HOM193907231,westj102,PH5,1,3,value,24,9,3,1,0,0,,,,,1,19390723,1,NYC16,v,HOM,0,1,0,regular,y,d,
HOM193907240,westj102,PH5,1,3,value,24,10,1,0,1,0,,,,,1,19390724,0,GRE04,v,HOM,0,1,0,regular,y,,
HOM193907270,westj102,PH5,1,3,value,30,11,0,0,1,0,,,,,1,19390727,0,WAR03,v,HOM,1,0,0,exhibition,y,d,
PH5193907290,westj102,PH5,1,3,value,27,10,0,0,1,0,,,,,1,19390729,0,PHI17,h,HOM,1,0,0,regular,y,,
PH5193908051,westj102,PH5,1,3,value,27,13,0,0,0,0,,,,,1,19390805,1,PHI17,h,NY6,0,1,0,regular,y,d,
PH5193908052,westj102,PH5,1,3,value,21,12,1,0,0,0,,,,,1,19390805,2,PHI17,h,NY6,1,0,0,regular,y,d,
PH5193908100,westj102,PH5,1,3,value,27,7,,0,0,0,,,,,1,19390810,0,PHI17,h,NY5,1,0,0,regular,y,,
PH5193908121,westj102,PH5,1,3,value,45,,,0,0,0,,,,,1,19390812,1,PHI17,h,NW2,1,0,0,regular,y,,
PH5193908122,westj102,PH5,1,3,value,15,5,,0,0,0,,,,,1,19390812,2,PHI17,h,NW2,1,0,0,regular,y,,
NW2193908131,westj102,PH5,1,3,value,27,,,0,0,0,,,,,1,19390813,1,NWK04,v,NW2,1,0,0,regular,y,,
NW2193908132,westj102,PH5,1,3,value,27,,,0,0,0,,,,,1,19390813,2,NWK04,v,NW2,1,0,0,regular,y,,
PH5193909020,westj102,PH5,1,3,value,27,7,0,1,1,0,,,,,1,19390902,0,CHE01,h,HOM,1,0,0,regular,y,d,
BLG193909031,westj102,PH5,1,3,value,24,0,0,0,0,0,,,,,1,19390903,1,NWK04,v,BLG,0,1,0,regular,y,d,
PH5193909130,westj102,PH5,1,3,value,27,11,0,0,0,0,,,,,1,19390913,0,PHI17,h,HOM,1,0,0,divisionseries,y,d,
PH5193909140,westj102,PH5,1,3,value,27,9,0,0,0,0,,,,,1,19390914,0,PHI17,h,HOM,0,1,0,divisionseries,y,d,
SAS193910010,westj102,NAS,1,3,value,27,9,0,0,0,0,,,,,1,19391001,0,NOL01,v,SAS,1,0,0,allstar,y,,
PRG193910081,westj102,PRG,1,3,value,30,4,0,0,0,0,,,,,1,19391008,1,LOS04,h,PIR,0,1,0,exhibition,y,y,
PRG193910082,westj102,PRG,1,3,value,21,6,0,0,0,0,,,,,1,19391008,2,LOS04,h,PIR,0,1,0,exhibition,y,d,
PRG193910110,westj102,PRG,1,3,value,27,0,0,1,0,0,,,,,1,19391011,0,LOS04,h,PIR,1,0,0,exhibition,y,d,
PH5194005110,westj102,PH5,1,3,value,30,16,0,0,0,0,,,,,1,19400511,0,PHI17,h,BLG,0,1,0,regular,y,y,
BLG194005121,westj102,PH5,1,3,value,24,,,0,0,0,,,,,1,19400512,1,BAL10,v,BLG,0,1,0,regular,y,,
BLG194005122,westj102,PH5,1,3,value,18,,,0,0,0,,,,,1,19400512,2,BAL10,v,BLG,0,1,0,regular,y,,
PH5194005181,westj102,PH5,1,3,value,27,9,1,0,1,0,,,,,1,19400518,1,PHI17,h,NW2,1,0,0,regular,y,y,
PH5194005182,westj102,PH5,1,3,value,21,8,0,0,0,0,,,,,1,19400518,2,PHI17,h,NW2,1,0,0,regular,y,y,
NW2194005191,westj102,PH5,1,3,value,24,,,0,0,0,,,,,1,19400519,1,NWK04,v,NW2,0,1,0,regular,y,,
NW2194005192,westj102,PH5,1,3,value,21,,,0,0,0,,,,,1,19400519,2,NWK04,v,NW2,1,0,0,regular,y,,
HOM194005261,westj102,PH5,1,3,value,24,7,0,0,0,0,,,,,1,19400526,1,NYC16,v,HOM,0,1,0,regular,y,,
PH5194005301,westj102,PH5,1,3,value,27,14,,0,0,0,,,,,1,19400530,1,PHI17,h,NY6,1,0,0,regular,y,,
PH5194005302,westj102,PH5,1,3,value,27,9,,0,0,0,,,,,1,19400530,2,PHI17,h,NY6,0,1,0,regular,y,,
PH5194006011,westj102,PH5,1,3,value,27,13,1,0,1,0,,,,,1,19400601,1,PHI17,h,HOM,0,1,0,regular,y,y,
PH5194006012,westj102,PH5,1,3,value,21,6,0,1,2,0,,,,,1,19400601,2,PHI17,h,HOM,0,1,0,regular,y,y,
NW2194006021,westj102,PH5,1,3,value,24,13,0,0,0,0,,,,,1,19400602,1,ALB02,v,NW2,0,1,0,regular,y,,
NW2194006022,westj102,PH5,1,3,value,27,15,0,0,0,0,,,,,1,19400602,2,ALB02,v,NW2,1,0,0,regular,y,,
PH5194006060,westj102,PH5,1,3,value,27,7,2,2,1,0,,,,,1,19400606,0,PHI17,h,HOM,0,1,0,regular,y,,
PH5194006081,westj102,PH5,1,3,value,27,11,1,0,1,0,,,,,1,19400608,1,PHI17,h,BLG,1,0,0,regular,y,y,
PH5194006082,westj102,PH5,1,3,value,21,6,0,0,1,0,,,,,1,19400608,2,PHI17,h,BLG,0,1,0,regular,y,y,
PH5194006091,westj102,PH5,1,3,value,27,12,1,0,2,0,,,,,1,19400609,1,HRB01,h,NY6,1,0,0,regular,y,,
PH5194006092,westj102,PH5,1,3,value,21,8,2,1,0,0,,,,,1,19400609,2,HRB01,h,NY6,0,1,0,regular,y,,
PH5194006130,westj102,PH5,1,3,value,27,,,0,0,0,,,,,1,19400613,0,PHI17,h,NY6,0,1,0,regular,y,,
NY5194006140,westj102,PH5,1,3,value,20,,,0,0,0,,,,,1,19400614,0,PAT01,v,NY5,0,1,0,regular,y,,
PH5194006151,westj102,PH5,1,3,value,27,,,1,0,0,,,,,1,19400615,1,PHI17,h,NW2,0,1,0,regular,y,,
PH5194006152,westj102,PH5,1,3,value,21,8,0,1,0,0,,,,,1,19400615,2,PHI17,h,NW2,1,0,0,regular,y,,
NY5194006162,westj102,PH5,1,3,value,18,4,0,1,0,0,,,,,1,19400616,2,NYC16,v,NY5,0,1,0,regular,y,,
PH5194006200,westj102,PH5,1,3,value,27,9,0,0,0,0,,,,,1,19400620,0,PHI17,h,NY5,1,0,0,regular,y,,
PH5194006221,westj102,PH5,1,3,value,27,13,0,0,1,0,,,,,1,19400622,1,PHI17,h,KCM,1,0,0,exhibition,y,,
PH5194006222,westj102,PH5,1,3,value,,10,1,0,0,0,,,,,1,19400622,2,PHI17,h,KCM,0,1,0,exhibition,y,,
HOM194006231,westj102,PH5,1,3,value,27,,,0,0,0,,,,,1,19400623,1,WAS09,v,HOM,0,1,0,regular,y,,
HOM194006232,westj102,PH5,1,3,value,18,,,0,0,0,,,,,1,19400623,2,WAS09,v,HOM,0,1,0,regular,y,,
HOM194006270,westj102,PH5,1,3,value,24,12,0,0,0,0,,,,,1,19400627,0,WAR03,v,HOM,0,1,0,regular,y,,
PH5194006291,westj102,PH5,1,3,value,27,11,0,0,0,0,,,,,1,19400629,1,PHI17,h,NY5,1,0,0,regular,y,,
PH5194006292,westj102,PH5,1,3,value,6,1,1,0,0,0,,,,,,19400629,2,PHI17,h,NY5,1,0,0,regular,y,,
PH5194007041,westj102,PH5,1,3,value,27,11,0,0,0,0,,,,,1,19400704,1,PHI17,h,NW2,0,1,0,regular,y,,
PH5194007042,westj102,PH5,1,3,value,27,11,0,0,0,0,,,,,1,19400704,2,PHI17,h,NW2,0,1,0,regular,y,,
PH5194007061,westj102,PH5,1,3,value,27,16,1,1,1,0,,,,,1,19400706,1,PHI17,h,NY6,0,1,0,regular,y,,
PH5194007062,westj102,PH5,1,3,value,21,8,1,0,0,0,,,,,1,19400706,2,PHI17,h,NY6,1,0,0,regular,y,,
NY6194007071,westj102,PH5,1,3,value,27,9,0,1,1,0,,,,,1,19400707,1,NYC16,v,NY6,1,0,0,regular,y,,
PH5194007131,westj102,PH5,1,3,value,27,12,0,0,0,0,,,,,1,19400713,1,PHI17,h,HOM,1,0,0,regular,y,,
PH5194007132,westj102,PH5,1,3,value,21,8,1,1,0,0,,,,,1,19400713,2,PHI17,h,HOM,0,1,0,regular,y,,
PH5194007201,westj102,PH5,1,3,value,27,10,0,0,0,0,,,,,1,19400720,1,PHI17,h,BLG,0,1,0,regular,y,,
PH5194007202,westj102,PH5,1,3,value,21,13,0,0,0,0,,,,,1,19400720,2,PHI17,h,BLG,0,1,0,regular,y,,
BLG194007210,westj102,PH5,1,3,value,30,,,1,0,0,,,,,1,19400721,0,BAL10,v,BLG,1,0,0,regular,y,,
PH5194007271,westj102,PH5,1,3,value,27,15,0,0,0,0,,,,,1,19400727,1,PHI17,h,NY5,1,0,0,regular,y,,
PH5194007272,westj102,PH5,1,3,value,21,7,0,0,0,0,,,,,1,19400727,2,PHI17,h,NY5,0,1,0,regular,y,,
PH5194007281,westj102,PH5,1,3,value,36,,,0,1,0,,,,,1,19400728,1,WAS09,h,NY6,0,1,0,regular,y,,
HOM194007310,westj102,PH5,1,3,value,26,11,1,0,2,0,,,,,1,19400731,0,ALT02,v,HOM,0,1,0,regular,y,,
HOM194008010,westj102,PH5,1,3,value,27,,,0,0,0,,,,,1,19400801,0,WAS09,v,HOM,1,0,0,exhibition,y,,
PH5194008031,westj102,PH5,1,3,value,27,11,1,0,0,0,,,,,1,19400803,1,PHI17,h,SNO,1,0,0,exhibition,y,,
PH5194008032,westj102,PH5,1,3,value,21,5,0,0,0,0,,,,,1,19400803,2,PHI17,h,SNO,1,0,0,exhibition,y,,
NW2194008041,westj102,PH5,1,3,value,24,,,0,0,0,,,,,1,19400804,1,NWK04,v,NW2,0,1,0,regular,y,,
NW2194008042,westj102,PH5,1,3,value,18,,,0,0,0,,,,,1,19400804,2,NWK04,v,NW2,0,1,0,regular,y,,
PH5194008101,westj102,PH5,1,3,value,27,13,0,0,0,0,,,,,1,19400810,1,PHI17,h,MEM,1,0,0,exhibition,y,,
PH5194008102,westj102,PH5,1,3,value,21,6,0,0,0,0,,,,,1,19400810,2,PHI17,h,MEM,0,1,0,exhibition,y,,
PH5194008112,westj102,PH5,1,3,value,21,,,0,0,0,,,,,1,19400811,2,BAL10,h,NY5,0,1,0,regular,y,,
HOM194008181,westj102,PH5,1,3,value,24,,,1,0,0,,,,,1,19400818,1,WAS09,v,HOM,0,1,0,exhibition,y,,
HOM194008182,westj102,PH5,1,3,value,18,,,0,1,0,,,,,1,19400818,2,WAS09,v,HOM,0,1,0,exhibition,y,,
NW2194008200,westj102,PH5,1,3,value,24,,,0,0,0,,,,,1,19400820,0,NWK04,v,NW2,0,1,0,regular,y,,
PH5194008241,westj102,PH5,1,3,value,27,10,1,0,0,1,,,,,1,19400824,1,PHI17,h,BLG,0,1,0,regular,y,,
PH5194008242,westj102,PH5,1,3,value,21,8,1,0,0,0,,,,,1,19400824,2,PHI17,h,BLG,1,0,0,regular,y,,
PH5194009021,westj102,PH5,1,3,value,27,13,,1,0,0,,,,,1,19400902,1,PHI17,h,HOM,0,1,0,regular,y,,
PH5194009022,westj102,PH5,1,3,value,27,12,,0,0,0,,,,,1,19400902,2,PHI17,h,HOM,1,0,0,regular,y,,
PH5194009050,westj102,PH5,1,3,value,27,9,0,0,0,0,,,,,1,19400905,0,PHI17,h,MEM,1,0,0,exhibition,y,,
PH5194009060,westj102,PH5,1,3,value,24,10,0,0,0,0,,,,,1,19400906,0,CHE01,h,MEM,1,0,0,exhibition,y,,
PH5194009071,westj102,PH5,1,3,value,27,14,0,0,0,0,,,,,1,19400907,1,PHI17,h,MEM,1,0,0,exhibition,y,,
PH5194009072,westj102,PH5,1,3,value,21,8,1,0,0,0,,,,,1,19400907,2,PHI17,h,MEM,0,1,0,exhibition,y,,
BIR194009221,westj102,BLG,1,6,value,27,6,4,0,0,0,,,,,1,19400922,1,BIR01,v,BIR,1,0,0,exhibition,y,,
BIR194009222,westj102,BLG,1,3,value,18,9,0,0,0,0,,,,,1,19400922,2,BIR01,v,BIR,0,1,0,exhibition,y,,
AST194010041,westj102,AST,1,3,value,21,9,0,0,0,0,,,,,1,19401004,1,NOL01,h,NAS,0,1,0,allstar,y,,
BIR194104202,westj102,NY5,1,3,value,12,3,0,0,0,0,,,,,1,19410420,2,BIR01,v,BIR,0,1,0,exhibition,y,,
PH5194105100,westj102,PH5,1,3,value,27,17,0,0,1,0,,,,,1,19410510,0,PHI17,h,NY6,0,1,0,regular,y,,
NY5194105111,westj102,PH5,1,3,value,24,9,0,0,1,0,,,,,1,19410511,1,NYC16,v,NY5,0,1,0,regular,y,,
NY5194105112,westj102,PH5,1,3,value,27,10,1,0,1,0,,,,,1,19410511,2,NYC16,v,NY5,1,0,0,regular,y,,
PH5194105120,westj102,PH5,1,3,value,21,6,0,1,0,0,,,,,1,19410512,0,CHE01,h,NY5,0,1,0,regular,y,,
PH5194105170,westj102,PH5,1,3,value,27,9,0,0,0,0,,,,,1,19410517,0,PHI17,h,BLG,0,1,0,regular,y,,
NW2194105181,westj102,PH5,1,3,value,24,,,0,0,0,,,,,1,19410518,1,NWK04,v,NW2,0,1,0,regular,y,,
NW2194105182,westj102,PH5,1,3,value,20,,,0,0,0,,,,,1,19410518,2,NWK04,v,NW2,0,1,0,regular,y,,
PH5194105190,westj102,PH5,1,3,value,,11,0,0,0,0,,,,,1,19410519,0,CHE01,h,NW2,0,1,0,regular,y,,
PH5194105241,westj102,PH5,1,3,value,27,12,1,0,2,0,,,,,1,19410524,1,PHI17,h,NY5,1,0,0,regular,y,,
PH5194105242,westj102,PH5,1,3,value,21,8,1,0,1,0,,,,,1,19410524,2,PHI17,h,NY5,0,1,0,regular,y,,
PH5194105301,westj102,PH5,1,3,value,27,9,0,0,0,0,,,,,1,19410530,1,PHI17,h,HOM,0,1,0,regular,y,,
PH5194105302,westj102,PH5,1,3,value,27,10,2,0,0,0,,,,,1,19410530,2,PHI17,h,HOM,1,0,0,regular,y,,
HOM194106011,westj102,PH5,1,3,value,25,12,0,0,0,0,,,,,1,19410601,1,WAS09,v,HOM,0,1,0,regular,y,,
HOM194106012,westj102,PH5,1,3,value,18,9,0,0,0,0,,,,,1,19410601,2,WAS09,v,HOM,0,1,0,regular,y,,
PH5194106071,westj102,PH5,1,3,value,27,11,,0,0,0,,,,,1,19410607,1,PHI17,h,NY6,0,1,0,regular,y,,
PH5194106072,westj102,PH5,1,3,value,21,9,,1,0,0,,,,,1,19410607,2,PHI17,h,NY6,1,0,0,regular,y,,
NW2194106081,westj102,PH5,1,3,value,27,10,,0,0,0,,,,,1,19410608,1,NYC16,v,NW2,1,0,0,regular,y,,
PH5194106141,westj102,PH5,1,3,value,27,13,0,0,0,0,,,,,1,19410614,1,PHI17,h,NW2,0,1,0,regular,y,,
PH5194106142,westj102,PH5,1,3,value,21,8,,1,0,0,,,,,1,19410614,2,PHI17,h,NW2,0,1,0,regular,y,,
PH5194106151,westj102,PH5,1,3,value,27,15,0,0,0,0,,,,,1,19410615,1,HRB01,h,NW2,0,1,0,regular,y,,
PH5194106152,westj102,PH5,1,3,value,21,6,0,0,0,0,,,,,1,19410615,2,HRB01,h,NW2,1,0,0,regular,y,,
PH5194106190,westj102,PH5,1,3,value,27,15,,0,0,0,,,,,1,19410619,0,PHI17,h,HOM,1,0,0,regular,y,,
PH5194106211,westj102,PH5,1,3,value,27,9,0,0,0,0,,,,,1,19410621,1,PHI17,h,BLG,0,1,0,regular,y,,
PH5194106212,westj102,PH5,1,3,value,6,1,1,0,0,0,,,,,1,19410621,2,PHI17,h,BLG,1,0,0,regular,y,,
HOM194106250,westj102,PH5,1,3,value,24,9,0,0,1,0,,,,,1,19410625,0,ALT02,v,HOM,0,1,0,regular,y,,
PH5194106260,westj102,PH5,1,3,value,18,7,0,0,0,0,,,,,1,19410626,0,PHI17,h,NY6,0,1,0,regular,y,,
PH5194106281,westj102,PH5,1,3,value,27,11,0,0,0,0,,,,,1,19410628,1,PHI17,h,HOM,0,1,0,regular,y,,
PH5194106282,westj102,PH5,1,3,value,21,8,0,0,0,0,,,,,1,19410628,2,PHI17,h,HOM,1,0,0,regular,y,,
BLG194106291,westj102,PH5,1,3,value,24,12,0,1,0,0,,,,,1,19410629,1,NYC16,v,BLG,0,1,0,regular,y,,
PH5194106300,westj102,PH5,1,3,value,27,10,0,0,0,0,,,,,1,19410630,0,YOR03,h,NY6,0,1,0,regular,y,,
PH5194107050,westj102,PH5,1,3,value,27,15,,0,0,0,,,,,1,19410705,0,PHI17,h,BLG,0,1,0,regular,y,,
PH5194107100,westj102,PH5,1,3,value,27,10,0,0,0,0,,,,,1,19410710,0,PHI17,h,NY5,0,1,0,regular,y,,
PH5194107121,westj102,PH5,1,3,value,27,10,0,0,0,0,,,,,1,19410712,1,PHI17,h,MEM,0,1,0,exhibition,y,,
PH5194107122,westj102,PH5,1,3,value,21,14,1,0,0,0,,,,,1,19410712,2,PHI17,h,MEM,0,1,0,exhibition,y,,
NW2194107150,westj102,PH5,1,3,value,24,7,1,1,0,0,,,,,1,19410715,0,NOR02,v,NW2,0,1,0,exhibition,y,,
PH5194107172,westj102,PH5,1,3,value,21,6,0,0,0,0,,,,,1,19410717,2,PHI17,h,KCM,0,1,0,exhibition,y,,
PH5194107191,westj102,PH5,1,3,value,27,14,0,0,0,0,,,,,1,19410719,1,PHI17,h,KCM,0,1,0,exhibition,y,,
NY5194107202,westj102,PH5,1,3,value,24,14,1,1,1,0,,,,,1,19410720,2,NYC16,v,NY5,0,1,0,regular,y,,
HOM194107290,westj102,PH5,1,3,value,24,9,1,0,0,0,,,,,1,19410729,0,CAN03,v,HOM,0,1,0,regular,y,,
PH5194108020,westj102,PH5,1,3,value,27,12,0,0,0,0,,,,,1,19410802,0,PHI17,h,NY6,0,1,0,regular,y,,
NW2194108050,westj102,PH5,1,3,value,27,7,1,0,0,0,,,,,1,19410805,0,RED01,v,NW2,1,0,0,exhibition,y,,
PH5194108070,westj102,PH5,1,3,value,27,8,1,0,1,0,,,,,1,19410807,0,PHI17,h,HOM,0,1,0,regular,y,,
PH5194108090,westj102,PH5,1,3,value,27,12,0,0,0,0,,,,,1,19410809,0,PHI17,h,BIR,1,0,0,exhibition,y,,
HOM194108101,westj102,PH5,1,3,value,24,11,0,0,1,0,,,,,1,19410810,1,WAS09,v,HOM,0,1,0,regular,y,,
HOM194108102,westj102,PH5,1,3,value,18,10,1,0,1,0,,,,,1,19410810,2,WAS09,v,HOM,0,1,0,regular,y,,
PH5194108140,westj102,PH5,1,3,value,27,10,1,1,0,0,,,,,1,19410814,0,PHI17,h,JAX,1,0,0,exhibition,y,,
PH5194108160,westj102,PH5,1,3,value,27,14,0,0,0,0,,,,,1,19410816,0,PHI17,h,NY5,1,0,0,regular,y,,
PH5194108171,westj102,PH5,1,3,value,27,9,1,0,0,0,,,,,1,19410817,1,BAL14,h,NY5,1,0,0,regular,y,,
NY6194108242,westj102,PH5,1,3,value,26,12,1,0,0,0,,,,,1,19410824,2,NYC16,v,NY6,0,1,0,regular,y,,
NY5194108311,westj102,PH5,1,3,value,27,8,1,0,0,0,,,,,1,19410831,1,NWK04,v,NY5,1,0,0,regular,y,,
PH5194109011,westj102,PH5,1,3,value,27,16,,0,0,0,,,,,1,19410901,1,PHI17,h,NY6,0,1,0,regular,y,,
PH5194109012,westj102,PH5,1,3,value,27,11,,0,0,0,,,,,1,19410901,2,PHI17,h,NY6,0,1,0,regular,y,,
PH5194109071,westj102,PH5,1,3,value,21,8,0,0,0,0,,,,,1,19410907,1,WAS09,h,NY5,1,0,0,regular,y,,
PH5194109072,westj102,PH5,1,3,value,21,9,0,0,1,0,,,,,1,19410907,2,WAS09,h,NY5,0,1,0,regular,y,,
PH5194205090,westj102,PH5,1,3,value,27,13,0,1,1,0,,,,,1,19420509,0,PHI17,h,BLG,0,1,0,regular,y,,
BLG194205100,westj102,PH5,1,3,value,27,,,0,0,0,,,,,1,19420510,0,BAL10,v,BLG,0,1,0,regular,y,,
PH5194205140,westj102,PH5,1,3,value,24,10,1,0,1,0,,,,,1,19420514,0,CAM02,h,NY6,1,0,0,exhibition,y,,
PH5194205161,westj102,PH5,1,3,value,27,11,0,0,0,0,,,,,1,19420516,1,PHI17,h,NW2,1,0,0,regular,y,,
PH5194205162,westj102,PH5,1,3,value,21,9,0,0,0,0,,,,,1,19420516,2,PHI17,h,NW2,0,1,0,regular,y,,
NW2194205172,westj102,PH5,1,3,value,24,,,0,,0,0,,,,1,19420517,2,NOR02,v,NW2,1,0,0,regular,,,
PH5194205231,westj102,PH5,1,3,value,27,11,0,0,0,0,,,,,1,19420523,1,PHI17,h,NY6,1,0,0,regular,y,,
PH5194205232,westj102,PH5,1,3,value,21,9,0,0,0,0,,,,,1,19420523,2,PHI17,h,NY6,1,0,0,regular,y,,
PH5194205250,westj102,PH5,1,3,value,27,14,0,0,1,0,,,,,1,19420525,0,CHA02,h,BLG,1,0,0,exhibition,y,,
PH5194205260,westj102,PH5,1,3,value,21,10,1,0,0,0,,,,,1,19420526,0,CAM02,h,NW2,1,0,0,exhibition,y,,
PH5194205311,westj102,PH5,1,3,value,27,14,0,0,0,0,,,,,1,19420531,1,NYC16,h,BLG,0,1,0,regular,y,,
PH5194206040,westj102,PH5,1,3,value,27,9,0,0,0,0,,,,,1,19420604,0,PHI17,h,HOM,1,0,0,regular,y,,
PH5194206060,westj102,PH5,1,3,value,27,12,0,0,0,0,,,,,1,19420606,0,PHI17,h,NW2,0,1,0,regular,y,,
PH5194206071,westj102,PH5,1,3,value,27,10,0,0,0,0,,,,,1,19420607,1,PHI17,h,NW2,0,1,0,regular,y,,
PH5194206072,westj102,PH5,1,3,value,24,8,0,0,0,0,,,,,1,19420607,2,PHI17,h,NW2,1,0,0,regular,y,,
PH5194206110,westj102,PH5,1,3,value,27,8,0,0,0,0,,,,,1,19420611,0,PHI17,h,BLG,1,0,0,regular,y,,
PH5194206130,westj102,PH5,1,3,value,27,11,0,0,2,0,,,,,1,19420613,0,PHI17,h,NY5,0,1,0,regular,y,,
PH5194206160,westj102,PH5,1,3,value,27,9,1,0,1,0,,,,,1,19420616,0,HRB01,h,NW2,1,0,0,exhibition,y,,
PH5194206180,westj102,PH5,1,3,value,27,7,0,0,0,0,,,,,1,19420618,0,PHI17,h,BLG,1,0,0,regular,y,,
PH5194206200,westj102,PH5,1,3,value,27,6,1,0,0,0,,,,,1,19420620,0,PHI17,h,HOM,0,1,0,regular,y,,
PH5194206211,westj102,PH5,1,3,value,27,11,0,0,1,0,,,,,1,19420621,1,NYC16,h,HOM,0,1,0,regular,y,,
PH5194206250,westj102,PH5,1,3,value,27,13,0,0,0,0,,,,,1,19420625,0,PHI17,h,NW2,1,0,0,regular,y,,
PH5194206270,westj102,PH5,1,3,value,27,14,0,0,0,0,,,,,1,19420627,0,PHI17,h,NY5,1,0,0,regular,y,,
NY6194206281,westj102,PH5,1,8,value,27,6,1,0,1,0,,,,,1,19420628,1,NYC16,v,NY6,1,0,0,regular,y,,
PH5194207010,westj102,PH5,1,3,value,27,12,0,0,0,0,,,,,1,19420701,0,HRB01,h,BLG,1,0,0,exhibition,y,,
PH5194207020,westj102,PH5,1,3,value,27,9,1,0,0,0,,,,,1,19420702,0,PHI17,h,NY6,1,0,0,regular,y,,
PH5194207041,westj102,PH5,1,3,value,27,13,0,0,0,0,,,,,1,19420704,1,PHI17,h,HOM,1,0,0,regular,y,,
PH5194207042,westj102,PH5,1,3,value,27,14,0,1,0,0,,,,,1,19420704,2,PHI17,h,HOM,0,1,0,regular,y,,
NW2194207051,westj102,PH5,1,3,value,24,,,0,1,0,,,,,1,19420705,1,NWK04,v,NW2,0,1,0,regular,y,,
NW2194207052,westj102,PH5,1,3,value,21,,,0,1,0,,,,,1,19420705,2,NWK04,v,NW2,1,0,0,regular,y,,
HOM194207080,westj102,PH5,1,3,value,24,17,0,1,0,0,,,,,1,19420708,0,SCR01,v,HOM,0,1,0,exhibition,y,,
PH5194207090,westj102,PH5,1,3,value,27,10,1,0,0,0,,,,,1,19420709,0,PHI17,h,NY5,1,0,0,regular,y,,
PH5194207110,westj102,PH5,1,3,value,27,9,3,1,0,0,,,,,1,19420711,0,PHI17,h,HOM,1,0,0,regular,y,,
PH5194207121,westj102,PH5,1,3,value,27,11,0,0,0,0,,,,,1,19420712,1,PHI17,h,HOM,1,0,0,regular,y,,
PH5194207122,westj102,PH5,1,3,value,21,,,0,0,0,,,,,1,19420712,2,PHI17,h,HOM,0,1,0,regular,y,,
PH5194207230,westj102,PH5,1,3,value,27,13,1,0,1,0,,,,,1,19420723,0,PHI17,h,BLG,0,1,0,regular,y,,
PH5194207240,westj102,PH5,1,3,value,27,13,1,0,0,0,,,,,1,19420724,0,HRB01,h,BIR,1,0,0,exhibition,y,,
PH5194207250,westj102,PH5,1,3,value,27,10,0,1,0,0,,,,,1,19420725,0,PHI17,h,BIR,1,0,0,exhibition,y,,
HOM194207270,westj102,PH5,1,3,value,27,,,0,,0,0,,,,1,19420727,0,NOR02,v,HOM,1,0,0,exhibition,,,
HOM194207280,westj102,PH5,1,3,value,24,,,1,,0,0,,,,,19420728,0,NOR02,v,HOM,0,1,0,exhibition,,,
HOM194207290,westj102,PH5,1,3,value,15,,,0,,0,0,,,,,19420729,0,NPN01,v,HOM,0,1,0,exhibition,,,
PH5194207300,westj102,PH5,1,3,value,27,12,1,0,0,0,,,,,1,19420730,0,PHI17,h,CAG,1,0,0,exhibition,y,,
PH5194207310,westj102,PH5,1,3,value,27,13,0,0,2,0,,,,,1,19420731,0,SCR01,h,KCM,0,1,0,exhibition,y,,
PH5194208010,westj102,PH5,1,3,value,27,11,0,0,0,0,,,,,1,19420801,0,PHI17,h,NY5,0,1,0,regular,y,,
PH5194208021,westj102,PH5,1,3,value,27,10,1,1,0,0,,,,,1,19420802,1,NYC16,h,BLG,1,0,0,regular,y,,
PH5194208060,westj102,PH5,1,3,value,27,11,0,0,0,0,,,,,1,19420806,0,PHI17,h,KCM,0,1,0,exhibition,y,,
PH5194208090,westj102,PH5,1,3,value,21,8,3,1,0,0,,,,,1,19420809,0,ROC04,h,NY5,0,1,0,exhibition,y,,
ASW194208160,westj102,ASE,1,3,value,27,12,0,0,0,0,,,,,1,19420816,0,CHI10,v,ASW,1,0,0,allstar,y,y,
ASW194208180,westj102,ASE,1,3,value,27,7,0,0,1,0,,,,,1,19420818,0,CLE07,v,ASW,1,0,0,allstar,y,y,
HOM194208211,westj102,PH5,1,3,value,18,1,0,0,0,0,,,,,1,19420821,1,PIT06,v,HOM,1,0,0,exhibition,y,,
HOM194208212,westj102,PH5,1,3,value,,6,4,1,3,0,,,,,1,19420821,2,WAP01,v,HOM,0,1,0,exhibition,y,,
HOM194208221,westj102,PH5,1,3,value,24,11,0,0,0,0,,,,,1,19420822,1,PIT06,v,HOM,0,1,0,regular,y,,
HOM194208230,westj102,PH5,1,3,value,24,9,0,0,0,0,,,,,1,19420823,0,WAS09,v,HOM,0,1,0,regular,y,,
PH5194208240,westj102,PH5,1,3,value,27,,,0,0,0,,,,,1,19420824,0,PHI17,h,HOM,0,0,1,exhibition,y,,
KCM194208301,westj102,PH5,1,3,value,24,7,0,0,1,0,,,,,1,19420830,1,CHI10,v,KCM,0,1,0,regular,y,d,
PH5194209030,westj102,PH5,1,3,value,27,9,1,0,0,0,,,,,1,19420903,0,PHI17,h,NY5,0,1,0,regular,y,,
PH5194209050,westj102,PH5,1,3,value,27,10,0,1,0,0,,,,,1,19420905,0,PHI17,h,BLG,0,1,0,regular,y,,
BLG194209061,westj102,PH5,1,3,value,35,,,0,1,0,,,,,1,19420906,1,BAL14,v,BLG,0,1,0,regular,y,,
BLG194209062,westj102,PH5,1,3,value,18,,,0,0,0,,,,,1,19420906,2,BAL14,v,BLG,1,0,0,regular,y,,
PH5194209071,westj102,PH5,1,3,value,27,,,0,0,0,,,,,1,19420907,1,PHI17,h,BLG,0,1,0,regular,y,,
PH5194209072,westj102,PH5,1,3,value,27,,,0,0,0,,,,,1,19420907,2,PHI17,h,BLG,1,0,0,regular,y,,
BLG194209080,westj102,PH5,1,3,value,21,5,0,0,0,0,,,,,1,19420908,0,BOS07,v,BLG,1,0,0,exhibition,y,,
PH5194209160,westj102,PH5,1,3,value,36,17,0,0,0,0,,,,,1,19420916,0,PHI17,h,HOM,0,0,1,exhibition,y,,
PH5194305150,westj102,PH5,1,3,value,33,12,0,0,1,0,,,,,1,19430515,0,PHI17,h,NW2,0,1,0,regular,y,,
NW2194305160,westj102,PH5,1,3,value,24,,,1,,0,,,,,,19430516,0,NWK04,v,NW2,0,1,0,regular,,,
PH5194305220,westj102,PH5,1,3,value,27,11,0,1,1,0,,,,,1,19430522,0,PHI17,h,HOM,0,1,0,regular,y,,
HOM194305231,westj102,PH5,1,3,value,24,11,1,1,0,0,,,,,1,19430523,1,WAS09,v,HOM,0,1,0,regular,y,d,
HOM194305232,westj102,PH5,1,3,value,18,9,0,0,0,0,,,,,1,19430523,2,WAS09,v,HOM,0,1,0,regular,y,d,
PH5194305270,westj102,PH5,1,3,value,27,6,1,1,0,0,,,,,1,19430527,0,PHI17,h,HSL,1,0,0,regular,y,,
PH5194305290,westj102,PH5,1,3,value,27,9,1,1,0,0,,,,,1,19430529,0,PHI17,h,NY6,0,1,0,regular,y,,
NY5194305301,westj102,PH5,1,3,value,27,11,0,0,0,0,,,,,1,19430530,1,NYC14,v,NY5,1,0,0,regular,y,,
PH5194305311,westj102,PH5,1,3,value,27,12,0,0,1,0,,,,,1,19430531,1,PHI17,h,NY6,1,0,0,regular,y,,
PH5194305312,westj102,PH5,1,3,value,27,7,0,1,0,0,,,,,1,19430531,2,PHI17,h,NY6,0,1,0,regular,y,,
PH5194306030,westj102,PH5,1,3,value,,6,2,0,1,0,,,,,1,19430603,0,PHI17,h,NY5,1,0,0,regular,y,,
PH5194306050,westj102,PH5,1,3,value,27,11,1,0,0,0,,,,,1,19430605,0,PHI17,h,HOM,1,0,0,regular,y,,
HSL194306061,westj102,PH5,1,3,value,27,17,0,0,1,0,,,,,1,19430606,1,HRB01,v,HSL,1,0,0,regular,y,d,
HSL194306062,westj102,PH5,1,3,value,12,3,0,1,0,0,,,,,1,19430606,2,HRB01,v,HSL,0,1,0,regular,y,d,
PH5194306120,westj102,PH5,1,3,value,27,10,1,0,0,0,,,,,1,19430612,0,PHI17,h,NY5,0,1,0,regular,y,,
HSL194306132,westj102,PH5,1,3,value,24,11,0,0,0,0,,,,,1,19430613,2,NYC16,v,HSL,0,1,0,regular,y,d,
PH5194306190,westj102,PH5,1,3,value,27,7,0,0,0,0,,,,,1,19430619,0,PHI17,h,HOM,0,1,0,regular,y,,
PH5194306210,westj102,PH5,1,3,value,27,11,0,0,1,0,,,,,1,19430621,0,PHI11,h,KCM,1,0,0,exhibition,y,,
PH5194306240,westj102,PH5,1,3,value,,8,0,0,0,0,0,0,0,,1,19430624,0,PHI17,h,NY5,1,0,0,regular,y,,
PH5194306260,westj102,PH5,1,3,value,27,9,1,0,0,0,0,0,0,,1,19430626,0,PHI17,h,HOM,0,1,0,regular,y,,
BLG194306271,westj102,PH5,1,3,value,27,10,0,0,0,0,,,,,1,19430627,1,BAL14,v,BLG,1,0,0,regular,y,,
BLG194306272,westj102,PH5,1,3,value,24,10,0,1,0,0,,,,,1,19430627,2,BAL14,v,BLG,0,1,0,regular,y,d,
PH5194307010,westj102,PH5,1,3,value,27,10,0,1,1,0,0,0,0,,1,19430701,0,PHI17,h,BLG,0,1,0,regular,y,,
PH5194307030,westj102,PH5,1,3,value,27,15,0,0,1,0,,,,,1,19430703,0,PHI17,h,BLG,1,0,0,regular,y,,
NY6194307042,westj102,PH5,1,3,value,24,8,1,0,0,0,,,,,1,19430704,2,NYC16,v,NY6,0,1,0,regular,y,,
PH5194307051,westj102,PH5,1,3,value,27,12,0,0,0,0,,,,,1,19430705,1,PHI17,h,NY6,0,1,0,regular,y,,
PH5194307052,westj102,PH5,1,3,value,27,14,0,0,0,0,,,,,1,19430705,2,PHI17,h,NY6,1,0,0,regular,y,,
PH5194307100,westj102,PH5,1,3,value,27,13,1,0,0,0,,,,,1,19430710,0,PHI17,h,BLG,1,0,0,regular,y,,
PH5194307111,westj102,PH5,1,3,value,27,5,1,1,0,0,,,,,1,19430711,1,NYC16,h,BLG,0,1,0,regular,y,,
PH5194307150,westj102,PH5,1,3,value,33,11,0,0,0,0,0,0,0,,1,19430715,0,PHI17,h,NW2,0,1,0,regular,y,,
PH5194307170,westj102,PH5,1,3,value,27,9,0,0,0,0,,,,,1,19430717,0,PHI17,h,NY5,1,0,0,regular,y,,
BLG194307181,westj102,PH5,1,3,value,24,11,0,0,0,0,,,,,1,19430718,1,BAL14,v,BLG,0,1,0,regular,y,d,
BLG194307182,westj102,PH5,1,3,value,18,9,0,0,1,0,,,,,1,19430718,2,BAL14,v,BLG,0,1,0,regular,y,d,
PH5194307240,westj102,PH5,1,3,value,27,10,1,0,2,0,0,0,0,,1,19430724,0,PHI17,h,HOM,0,1,0,regular,y,,
PH5194307252,westj102,PH5,1,3,value,27,14,1,0,0,0,,,,,1,19430725,2,NYC14,h,HOM,0,1,0,regular,y,,
PH5194307270,westj102,PH5,1,3,value,27,10,2,0,0,0,,,,,1,19430727,0,PHI17,h,BLG,1,0,0,regular,y,,
PH5194307290,westj102,PH5,1,3,value,27,14,0,1,0,0,,,,,1,19430729,0,PHI17,h,NY5,1,0,0,regular,y,,
PH5194308040,westj102,PH5,1,3,value,12,4,0,0,0,0,0,0,0,,1,19430804,0,PHI11,h,KCM,0,1,0,exhibition,y,,
NY6194308081,westj102,PH5,1,3,value,18,8,0,0,0,0,,,,,1,19430808,1,NYC16,v,NY6,0,1,0,regular,y,,
PH5194308120,westj102,PH5,1,3,value,27,15,0,0,1,0,,,,,1,19430812,0,PHI17,h,NY6,1,0,0,regular,y,,
PH5194308190,westj102,PH5,1,3,value,27,9,1,0,0,0,,,,,1,19430819,0,PHI17,h,NW2,1,0,0,regular,y,,
PH5194308210,westj102,PH5,1,3,value,27,8,1,0,0,0,,,,,1,19430821,0,PHI17,h,BIR,0,1,0,exhibition,y,d,
PH5194308260,westj102,PH5,1,3,value,33,12,2,0,0,0,0,0,0,,1,19430826,0,PHI17,h,BLG,0,0,1,regular,y,,
PH5194308280,westj102,PH5,1,3,value,,5,1,0,0,0,,,,,1,19430828,0,PHI17,h,NY5,1,0,0,regular,y,,
HOM194309020,westj102,PH5,1,3,value,27,6,0,0,0,0,,,,,1,19430902,0,WAS09,v,HOM,1,0,0,regular,y,d,
PH5194309040,westj102,PH5,1,3,value,24,9,1,2,0,0,,,,,1,19430904,0,PHI17,h,BIR,1,0,0,exhibition,y,,
PH5194309110,westj102,PH5,1,3,value,27,8,1,0,0,0,,,,,1,19430911,0,PHI17,h,HOM,1,0,0,exhibition,y,,
HOM194309121,westj102,PH5,1,3,value,27,12,0,0,1,0,,,,,1,19430912,1,WAS09,v,HOM,0,1,0,exhibition,y,,
HOM194309122,westj102,PH5,1,3,value,18,6,0,1,0,0,,,,,1,19430912,2,WAS09,v,HOM,0,1,0,exhibition,y,,
SAS194309260,westj102,NAS,1,3,value,24,11,0,1,0,0,,,,,1,19430926,0,NOL01,v,SAS,0,1,0,allstar,y,d,
PH5194405060,westj102,PH5,1,3,value,27,9,0,0,0,0,,,,,1,19440506,0,PHI17,h,BLG,1,0,0,regular,y,d,
BLG194405071,westj102,PH5,1,3,value,24,,,0,0,0,,,,,1,19440507,1,BAL14,v,BLG,0,1,0,regular,y,,
NW2194405141,westj102,PH5,1,3,value,24,1,0,0,1,0,,,,,1,19440514,1,NWK04,v,NW2,0,1,0,regular,y,d,
PH5194405200,westj102,PH5,1,3,value,27,7,0,0,0,0,,,,,1,19440520,0,PHI17,h,NY6,0,1,0,regular,y,d,
BLG194405212,westj102,PH5,1,3,value,18,1,0,0,0,0,,,,,1,19440521,2,NYC14,v,BLG,0,1,0,regular,y,d,
HOM194405250,westj102,PH5,1,3,value,24,1,0,0,1,0,,,,,1,19440525,0,WAS09,v,HOM,0,1,0,regular,y,d,
NY6194405281,westj102,PH5,1,3,value,27,8,1,2,0,0,,,,,1,19440528,1,NYC16,v,NY6,1,0,0,regular,y,d,
NY6194405282,westj102,PH5,1,3,value,24,11,2,1,0,0,,,,,1,19440528,2,NYC16,v,NY6,0,1,0,regular,y,d,
PH5194405301,westj102,PH5,1,3,value,27,,,0,,0,,,,,1,19440530,1,PHI17,h,NY6,0,1,0,regular,,,
PH5194405302,westj102,PH5,1,3,value,24,12,0,0,0,0,,,,,1,19440530,2,PHI17,h,NY6,1,0,0,regular,y,d,
NY6194405310,westj102,PH5,1,3,value,24,11,1,1,0,0,,,,,1,19440531,0,HRB01,v,NY6,0,1,0,regular,y,d,
PH5194406010,westj102,PH5,1,3,value,27,6,1,0,0,0,,,,,1,19440601,0,PHI17,h,NW2,1,0,0,regular,y,d,
PH5194406030,westj102,PH5,1,3,value,27,10,1,0,0,0,,,,,1,19440603,0,PHI17,h,NY5,1,0,0,regular,y,,
PH5194406041,westj102,PH5,1,3,value,27,5,0,0,0,0,,,,,1,19440604,1,NYC16,h,BIR,0,1,0,exhibition,y,,
PH5194406052,westj102,PH5,1,3,value,21,7,1,0,0,0,,,,,1,19440605,2,PHI11,h,CIA,1,0,0,exhibition,y,,
NY5194406111,westj102,PH5,1,3,value,25,11,0,1,0,0,,,,,1,19440611,1,NYC16,v,NY5,0,1,0,regular,y,,
PH5194406150,westj102,PH5,1,3,value,27,13,0,1,2,0,,,,,1,19440615,0,PHI17,h,NY5,1,0,0,regular,y,,
PH5194406220,westj102,PH5,1,3,value,27,12,0,0,0,0,,,,,1,19440622,0,PHI17,h,NY6,0,1,0,regular,y,d,
PH5194406240,westj102,PH5,1,3,value,27,10,0,0,0,0,,,,,1,19440624,0,PHI17,h,HOM,0,1,0,exhibition,y,,
NW2194406251,westj102,PH5,1,3,value,24,1,0,1,1,0,,,,,1,19440625,1,NWK04,v,NW2,0,1,0,regular,y,d,
PH5194406270,westj102,PH5,1,3,value,27,9,1,0,0,0,,,,,1,19440627,0,PHI11,h,KCM,1,0,0,exhibition,y,y,
PH5194407010,westj102,PH5,1,3,value,27,8,0,0,0,0,0,0,0,,1,19440701,0,PHI17,h,NY6,1,0,0,regular,y,,
NY6194407021,westj102,PH5,1,3,value,27,7,0,0,1,0,,,,,1,19440702,1,NYC15,v,NY6,1,0,0,regular,y,d,
PH5194407080,westj102,PH5,1,3,value,27,10,1,0,0,0,,,,,1,19440708,0,PHI17,h,NW2,1,0,0,regular,y,,
NY5194407091,westj102,PH5,1,3,value,27,10,0,0,0,0,0,0,0,,1,19440709,1,NYC14,v,NY5,1,0,0,regular,y,,
NY6194407092,westj102,PH5,1,3,value,24,6,0,1,0,0,,,,,1,19440709,2,NYC14,v,NY6,0,1,0,regular,y,d,
BLG194407161,westj102,PH5,1,3,value,27,11,0,0,0,0,,,,,1,19440716,1,BAL14,v,BLG,1,0,0,regular,y,d,
BLG194407162,westj102,PH5,1,3,value,21,0,0,0,0,0,,,,,1,19440716,2,BAL14,v,BLG,1,0,0,regular,y,d,
PH5194407182,westj102,PH5,1,3,value,33,6,1,0,0,0,,,,,1,19440718,2,PHI11,h,HOM,0,0,1,regular,y,y,
PH5194407220,westj102,PH5,1,3,value,27,12,1,0,0,0,,,,,1,19440722,0,PHI17,h,NW2,1,0,0,regular,y,d,
NY6194407231,westj102,PH5,1,3,value,25,0,0,0,0,0,,,,,1,19440723,1,NYC16,v,NY6,0,1,0,regular,y,d,
HOM194407270,westj102,PH5,1,3,value,27,,,0,1,0,0,0,0,,1,19440727,0,WAS09,v,HOM,1,0,0,regular,y,,
PH5194407290,westj102,PH5,1,3,value,27,9,0,0,0,0,,,,,1,19440729,0,PHI17,h,BLG,1,0,0,regular,y,d,
PH5194407301,westj102,PH5,1,3,value,27,10,0,0,0,0,,,,,1,19440730,1,NYC16,h,BLG,1,0,0,regular,y,,
PH5194408030,westj102,PH5,1,3,value,27,15,1,0,0,0,,,,,1,19440803,0,PHI17,h,NY5,0,1,0,regular,y,,
HOM194408061,westj102,PH5,1,3,value,24,,,,0,0,,,,,1,19440806,1,WAS09,v,HOM,0,1,0,regular,y,,
HOM194408062,westj102,PH5,1,3,value,18,,,,0,0,,,,,1,19440806,2,WAS09,v,HOM,0,1,0,regular,y,,
PH5194408072,westj102,PH5,1,3,value,27,11,1,0,0,0,,,,,1,19440807,2,PHI11,h,HOM,1,0,0,regular,y,y,
PH5194408120,westj102,PH5,1,3,value,27,5,0,0,0,0,,,,,1,19440812,0,PHI17,h,NW2,0,1,0,exhibition,y,d,
NW2194408131,westj102,PH5,1,3,value,24,,,0,2,0,,,,,1,19440813,1,NWK04,v,NW2,0,1,0,exhibition,y,,
PH5194408170,westj102,PH5,1,3,value,,5,1,0,0,0,,,,,1,19440817,0,PHI17,h,NY5,1,0,0,regular,y,,
PH5194408190,westj102,PH5,1,3,value,27,10,0,1,1,0,,,,,1,19440819,0,PHI17,h,HOM,1,0,0,regular,y,d,
PH5194408260,westj102,PH5,1,3,value,27,1,0,0,0,0,,,,,1,19440826,0,PHI17,h,BLG,0,1,0,exhibition,y,d,
BLG194408271,westj102,PH5,1,3,value,27,2,0,0,2,0,,,,,1,19440827,1,BAL14,v,BLG,1,0,0,regular,y,d,
BLG194408272,westj102,PH5,1,3,value,18,0,0,0,0,0,,,,,1,19440827,2,BAL14,v,BLG,0,1,0,regular,y,d,
PH5194408281,westj102,PH5,1,3,value,27,10,0,0,0,0,,,,,1,19440828,1,PHI11,h,BIR,0,1,0,exhibition,y,y,
PH5194408310,westj102,PH5,1,3,value,27,8,0,0,0,0,,,,,1,19440831,0,PHI17,h,NY6,1,0,0,regular,y,d,
PH5194409020,westj102,PH5,1,3,value,27,10,0,2,3,0,,,,,1,19440902,0,PHI17,h,HOM,0,1,0,exhibition,y,d,
HOM194409030,westj102,PH5,1,3,value,27,0,0,0,0,0,,,,,1,19440903,0,WAS09,v,HOM,1,0,0,regular,y,d,
PH5194409160,westj102,PH5,1,3,value,27,10,0,0,0,0,,,,,1,19440916,0,PHI17,h,NW2,1,0,0,exhibition,y,d,
PH5194409292,westj102,PH5,1,3,value,27,9,1,1,0,0,,,,,1,19440929,2,PHI11,h,HOM,0,1,0,exhibition,y,d,
PH5194505050,westj102,PH5,1,3,value,27,10,0,0,0,0,,,,,1,19450505,0,PHI17,h,BLG,1,0,0,regular,y,,
BLG194505061,westj102,PH5,1,3,value,26,,,0,0,0,,,,,1,19450506,1,BAL14,v,BLG,0,1,0,regular,y,,
BLG194505062,westj102,PH5,1,3,value,21,,,1,0,0,,,,,1,19450506,2,BAL14,v,BLG,1,0,0,regular,y,,
PH5194505120,westj102,PH5,1,3,value,27,9,1,1,0,0,,,,,1,19450512,0,PHI17,h,NY6,0,1,0,regular,y,,
NY6194505130,westj102,PH5,1,3,value,27,8,1,0,1,0,,,,,1,19450513,0,NYC16,v,NY6,1,0,0,regular,y,,
NW2194505201,westj102,PH5,1,3,value,27,,,0,0,0,,,,,1,19450520,1,NWK04,v,NW2,1,0,0,regular,y,,
PH5194505210,westj102,PH5,1,3,value,27,6,0,0,0,0,,,,,1,19450521,0,PHI11,h,HOM,0,1,0,regular,y,,
PH5194505240,westj102,PH5,1,3,value,27,4,1,0,0,0,,,,,1,19450524,0,PHI17,h,NY5,1,0,0,regular,y,,
PH5194505303,westj102,PH5,1,3,value,27,8,0,0,1,0,,,,,1,19450530,3,WIL04,h,NW2,1,0,0,regular,y,,
PH5194506020,westj102,PH5,1,3,value,27,14,3,0,0,0,,,,,1,19450602,0,PHI17,h,NY6,1,0,0,regular,y,,
PH5194506090,westj102,PH5,1,3,value,30,9,0,0,0,0,,,,,1,19450609,0,PHI17,h,NY5,0,0,1,regular,y,,
PH5194506120,westj102,PH5,1,3,value,27,8,0,0,0,0,0,0,0,,1,19450612,0,WIL04,h,BLG,0,1,0,regular,y,,
HOM194506140,westj102,PH5,1,3,value,27,,,0,0,0,,,,,1,19450614,0,WAS09,v,HOM,1,0,0,regular,y,,
PH5194506160,westj102,PH5,1,3,value,27,5,0,1,0,0,,,,,1,19450616,0,PHI17,h,HOM,0,1,0,regular,y,,
NY5194506171,westj102,PH5,1,3,value,27,7,3,0,0,0,,,,,1,19450617,1,NYC16,v,NY5,1,0,0,regular,y,d,
PH5194506180,westj102,PH5,1,3,value,27,11,0,0,0,0,,,,,1,19450618,0,PHI11,h,KCM,1,0,0,exhibition,y,,
PH5194506230,westj102,PH5,1,3,value,27,9,0,0,0,0,,,,,1,19450623,0,PHI17,h,BLG,1,0,0,regular,y,,
BLG194506241,westj102,PH5,1,3,value,27,8,0,0,0,0,,,,,1,19450624,1,BAL14,v,BLG,1,0,0,regular,y,d,
BLG194506242,westj102,PH5,1,3,value,27,0,0,0,0,0,,,,,1,19450624,2,BAL14,v,BLG,0,1,0,regular,y,d,
PH5194506252,westj102,PH5,1,3,value,24,9,0,0,0,0,,,,,1,19450625,2,PHI11,h,BIR,1,0,0,exhibition,y,,
PHB194506251,westj102,PHB,1,3,value,9,0,0,0,0,0,,,,,1,19450625,1,PHI11,h,KCM,1,0,0,exhibition,y,d,
PH5194506300,westj102,PH5,1,3,value,27,9,1,0,0,0,,,,,1,19450630,0,PHI17,h,HOM,0,1,0,regular,y,,
PH5194507041,westj102,PH5,1,3,value,27,7,2,0,0,0,,,,,1,19450704,1,PHI17,h,BLG,0,1,0,regular,y,,
HOM194507081,westj102,PH5,1,3,value,24,9,0,0,0,0,,,,,1,19450708,1,WAS09,v,HOM,0,1,0,regular,y,,
PH5194507111,westj102,PH5,1,3,value,27,8,0,0,0,0,,,,,1,19450711,1,PHI11,h,NW2,0,1,0,regular,y,,
PH5194507112,westj102,PH5,1,3,value,27,16,0,0,0,0,,,,,1,19450711,2,PHI11,h,CIA,1,0,0,exhibition,y,,
PH5194507210,westj102,PH5,1,3,value,27,8,0,2,0,0,,,,,1,19450721,0,PHI17,h,NY5,1,0,0,regular,y,,
PH5194507252,westj102,PH5,1,3,value,27,10,0,0,0,0,,,,,1,19450725,2,PHI11,h,HOM,1,0,0,regular,y,,
HOM194507260,westj102,PH5,1,3,value,27,10,0,1,0,0,,,,,1,19450726,0,WAS09,v,HOM,1,0,0,regular,y,,
PH5194508020,westj102,PH5,1,3,value,27,12,0,0,0,0,,,,,1,19450802,0,PHI17,h,BLG,1,0,0,regular,y,,
BLG194508030,westj102,PH5,1,3,value,24,,,0,0,0,,,,,1,19450803,0,BAL14,v,BLG,0,1,0,regular,y,,
PH5194508040,westj102,PH5,1,3,value,27,7,1,0,0,0,,,,,1,19450804,0,PHI17,h,NY5,0,1,0,regular,y,,
NY5194508050,westj102,PH5,1,3,value,24,6,1,0,0,0,,,,,1,19450805,0,NYC16,v,NY5,0,1,0,regular,y,d,
PH5194508072,westj102,PH5,1,3,value,24,2,0,0,0,0,,,,,1,19450807,2,PHI11,h,BIR,1,0,0,exhibition,y,,
PH5194508091,westj102,PH5,1,3,value,27,8,1,0,0,0,,,,,1,19450809,1,WAS09,h,KCM,1,0,0,exhibition,y,,
PH5194508110,westj102,PH5,1,3,value,27,6,0,0,0,0,,,,,1,19450811,0,PHI17,h,HOM,1,0,0,regular,y,,
PH5194508130,westj102,PH5,1,3,value,27,13,0,0,0,0,,,,,1,19450813,0,WIL04,h,BIR,0,0,1,exhibition,y,,
PH5194508161,westj102,PH5,1,3,value,27,,,1,0,0,,,,,1,19450816,1,WAS09,h,MEM,0,1,0,exhibition,y,,
PH5194508180,westj102,PH5,1,3,value,30,10,0,0,0,0,,,,,1,19450818,0,PHI17,h,BLG,0,1,0,regular,y,,
NW2194508191,westj102,PH5,1,3,value,24,,,0,0,0,,,,,1,19450819,1,NWK04,v,NW2,0,1,0,regular,y,,
PH5194508221,westj102,PH5,1,3,value,27,10,1,0,0,0,,,,,1,19450822,1,PHI11,h,MEM,1,0,0,exhibition,y,,
PH5194508222,westj102,PH5,1,3,value,27,10,1,1,0,0,,,,,1,19450822,2,PHI11,h,CAG,1,0,0,exhibition,y,,
BLG194508261,westj102,PH5,1,3,value,24,,,1,1,0,,,,,1,19450826,1,BAL14,v,BLG,0,1,0,regular,y,,
BLG194508262,westj102,PH5,1,3,value,21,,,1,1,0,,,,,1,19450826,2,BAL14,v,BLG,1,0,0,regular,y,,
PH5194508302,westj102,PH5,1,3,value,27,2,0,0,0,0,,,,,1,19450830,2,PHI11,h,NW2,1,0,0,regular,y,,
PH5194509010,westj102,PH5,1,3,value,27,1,0,0,0,0,,,,,1,19450901,0,PHI17,h,NY5,1,0,0,regular,y,,
NY5194509032,westj102,PH5,1,3,value,24,12,0,1,0,0,,,,,1,19450903,2,NYC16,v,NY5,0,1,0,exhibition,y,d,
PH5194509091,westj102,PH5,1,3,value,27,,,1,0,0,,,,,1,19450909,1,DET04,h,KCM,0,1,0,exhibition,y,,
PH5194509092,westj102,PH5,1,3,value,21,9,0,0,0,0,,,,,1,19450909,2,DET04,h,KCM,1,0,0,exhibition,y,,
KCM194509100,westj102,PH5,1,3,value,24,,,0,1,0,,,,,1,19450910,0,FLI01,v,KCM,0,1,0,exhibition,y,,
NW2194509161,westj102,PH5,1,3,value,30,12,1,0,0,0,,,,,1,19450916,1,NYC14,v,NW2,1,0,0,exhibition,y,,
PH5194509202,westj102,PH5,1,3,value,27,10,0,1,0,0,,,,,1,19450920,2,PHI11,h,CVB,0,1,0,exhibition,y,,
PH5194509270,westj102,PH5,1,3,value,27,10,0,0,0,0,0,0,0,,1,19450927,0,WIL04,h,BLG,0,1,0,exhibition,y,,
SPZ194510210,westj102,BIR,1,3,value,24,6,0,0,1,0,,,,,1,19451021,0,SFO01,v,SPZ,0,1,0,exhibition,y,d,
BIR194704170,westj102,BIR,1,3,value,21,,,0,,0,0,,,,,19470417,0,BIR01,h,HOM,0,1,0,exhibition,,,
HOM194705241,westj102,NY5,1,3,value,24,6,0,0,1,0,,,,,1,19470524,1,PIT06,v,HOM,0,1,0,regular,y,,
HOM194705251,westj102,NY5,1,3,value,,4,0,0,0,0,,,,,1,19470525,1,WAS09,v,HOM,0,1,0,regular,y,,
HOM194705252,westj102,NY5,1,3,value,18,7,0,0,0,0,,,,,1,19470525,2,WAS09,v,HOM,0,1,0,regular,y,,
PH5194705262,westj102,NY5,1,3,value,36,17,0,0,2,0,,,,,1,19470526,2,PHI11,v,PH5,0,0,1,regular,y,,
BLG194705301,westj102,NY5,1,3,value,24,10,1,0,0,0,,,,,1,19470530,1,BAL14,v,BLG,0,1,0,regular,y,,
BLG194705302,westj102,NY5,1,3,value,,4,0,0,0,0,,,,,1,19470530,2,BAL14,v,BLG,0,1,0,regular,y,,
BLG194706152,westj102,NY5,1,3,value,18,11,,0,0,0,,,,,1,19470615,2,BAL14,v,BLG,1,0,0,regular,y,,
KCM194807280,westj102,IN9,1,3,value,,5,0,0,1,0,0,,,,,19480728,0,STJ01,v,KCM,1,0,0,regular,y,,
PH5194808022,westj102,IN9,1,3,value,21,5,0,0,0,0,,,,,0,19480802,2,PHI11,v,PH5,1,0,0,exhibition,y,d,
IN9194809090,westj102,IN9,1,3,value,27,,,0,,0,0,,,,,19480909,0,NWC01,h,KCM,0,1,0,regular,,,
