gid,id,team,d_seq,d_pos,stattype,d_ifouts,d_po,d_a,d_e,d_dp,d_tp,d_pb,d_wp,d_sb,d_cs,d_gs,date,number,site,vishome,opp,win,loss,tie,gametype,box,pbp
KCM193110040,wanel101,ASC,1,8,value,24,1,0,0,0,0,,,,,1,19311004,0,KAN05,v,KCM,0,1,0,exhibition,y,
KCM193110040,kuhej101,ASC,1,3,value,24,7,0,0,1,0,,,,,1,19311004,0,KAN05,v,KCM,0,1,0,exhibition,y,
KCM193110040,wanep101,ASC,1,7,value,24,4,1,0,1,0,,,,,1,19311004,0,KAN05,v,KCM,0,1,0,exhibition,y,
KCM193110040,hermb102,ASC,1,9,value,24,3,0,0,0,0,,,,,1,19311004,0,KAN05,v,KCM,0,1,0,exhibition,y,
KCM193110040,akerb101,ASC,1,6,value,24,2,2,0,0,0,,,,,1,19311004,0,KAN05,v,KCM,0,1,0,exhibition,y,
KCM193110040,picke101,ASC,1,5,value,24,0,1,1,0,0,,,,,1,19311004,0,KAN05,v,KCM,0,1,0,exhibition,y,
KCM193110040,marqo101,ASC,1,4,value,24,3,3,0,2,0,,,,,1,19311004,0,KAN05,v,KCM,0,1,0,exhibition,y,
KCM193110040,seebd101,ASC,1,2,value,24,4,1,1,0,0,1,,,,1,19311004,0,KAN05,v,KCM,0,1,0,exhibition,y,
KCM193110040,meinh101,ASC,1,1,value,24,0,0,1,0,0,,,,,1,19311004,0,KAN05,v,KCM,0,1,0,exhibition,y,
KCM193110040,mothd101,KCM,1,4,value,27,2,3,1,1,0,,,,,1,19311004,0,KAN05,h,ASC,1,0,0,exhibition,y,
KCM193110040,donaj105,KCM,1,7,value,27,4,0,0,0,0,,,,,1,19311004,0,KAN05,h,ASC,1,0,0,exhibition,y,
KCM193110040,allen102,KCM,1,6,value,27,3,0,0,0,0,,,,,1,19311004,0,KAN05,h,ASC,1,0,0,exhibition,y,
KCM193110040,yount101,KCM,1,2,value,27,5,4,0,0,0,0,,,,1,19311004,0,KAN05,h,ASC,1,0,0,exhibition,y,
KCM193110040,duncf102,KCM,1,3,value,27,9,1,0,1,0,,,,,1,19311004,0,KAN05,h,ASC,1,0,0,exhibition,y,
KCM193110040,steat101,KCM,1,8,value,27,0,0,0,0,0,,,,,1,19311004,0,KAN05,h,ASC,1,0,0,exhibition,y,
KCM193110040,josen101,KCM,1,5,value,27,1,1,0,0,0,,,,,1,19311004,0,KAN05,h,ASC,1,0,0,exhibition,y,
KCM193110040,rogen101,KCM,1,9,value,27,2,0,0,0,0,,,,,1,19311004,0,KAN05,h,ASC,1,0,0,exhibition,y,
KCM193110040,fostw101,KCM,1,1,value,27,1,3,1,0,0,,,,,1,19311004,0,KAN05,h,ASC,1,0,0,exhibition,y,
