gid,id,team,d_seq,d_pos,stattype,d_ifouts,d_po,d_a,d_e,d_dp,d_tp,d_pb,d_wp,d_sb,d_cs,d_gs,date,number,site,vishome,opp,win,loss,tie,gametype,box,pbp,eject
ASD193310110,sloab101,ASD,1,9,value,27,3,0,1,0,0,,,,,1,19331011,0,OKC01,h,KCM,0,1,0,exhibition,y,,
BSN194405050,sloab101,NY1,1,9,value,6,0,0,0,0,0,,,,,0,19440505,0,BOS08,v,BSN,0,1,0,regular,y,y,
NY1194407250,sloab101,NY1,1,9,value,9,2,0,0,0,0,,,,,0,19440725,0,NYC14,h,PIT,0,1,0,regular,y,y,
NY1194408010,sloab101,NY1,1,9,value,3,0,0,0,0,0,,,,,0,19440801,0,NYC14,h,CIN,0,1,0,regular,y,y,
NY1194408040,sloab101,NY1,1,9,value,9,1,0,0,0,0,,,,,0,19440804,0,NYC14,h,PHI,1,0,0,regular,y,y,
BRO194409010,sloab101,NY1,1,7,value,21,1,0,1,0,0,,,,,0,19440901,0,NYC15,v,BRO,0,1,0,regular,y,y,
BRO194409020,sloab101,NY1,1,7,value,24,3,0,0,0,0,,,,,1,19440902,0,NYC15,v,BRO,0,1,0,regular,y,y,
BRO194409031,sloab101,NY1,1,7,value,24,0,0,0,0,0,,,,,1,19440903,1,NYC15,v,BRO,0,1,0,regular,y,y,
PHI194409172,sloab101,NY1,1,9,value,24,3,0,0,0,0,,,,,1,19440917,2,PHI11,v,PHI,0,1,0,regular,y,y,
NY1194409212,sloab101,NY1,1,9,value,27,2,0,0,0,0,,,,,1,19440921,2,NYC14,h,CHN,0,1,0,regular,y,y,
NY1194409220,sloab101,NY1,1,9,value,27,2,0,0,0,0,,,,,1,19440922,0,NYC14,h,CHN,0,1,0,regular,y,y,
NY1194409230,sloab101,NY1,1,9,value,39,5,0,0,0,0,,,,,1,19440923,0,NYC14,h,PIT,0,1,0,regular,y,d,
NY1194409241,sloab101,NY1,1,9,value,27,1,1,0,0,0,,,,,1,19440924,1,NYC14,h,PIT,1,0,0,regular,y,d,
NY1194409242,sloab101,NY1,1,9,value,30,1,0,0,0,0,,,,,1,19440924,2,NYC14,h,PIT,0,1,0,regular,y,d,
NY1194409250,sloab101,NY1,1,9,value,27,0,0,1,0,0,,,,,1,19440925,0,NYC14,h,CIN,1,0,0,regular,y,y,
NY1194409261,sloab101,NY1,1,9,value,27,0,0,0,0,0,,,,,1,19440926,1,NYC14,h,CIN,0,1,0,regular,y,y,
NY1194409262,sloab101,NY1,1,9,value,27,1,1,0,0,0,,,,,1,19440926,2,NYC14,h,CIN,0,1,0,regular,y,y,
NY1194409270,sloab101,NY1,1,9,value,27,2,0,0,0,0,,,,,1,19440927,0,NYC14,h,CIN,0,1,0,regular,y,y,
NY1194409280,sloab101,NY1,1,9,value,27,1,0,0,0,0,,,,,1,19440928,0,NYC14,h,SLN,0,1,0,regular,y,y,
NY1194409290,sloab101,NY1,1,9,value,30,1,0,0,0,0,,,,,1,19440929,0,NYC14,h,SLN,1,0,0,regular,y,d,
NY1194410011,sloab101,NY1,1,9,value,39,2,0,0,0,0,,,,,1,19441001,1,NYC14,h,SLN,1,0,0,regular,y,y,
NY1194410012,sloab101,NY1,1,9,value,18,1,0,0,0,0,,,,,1,19441001,2,NYC14,h,SLN,0,1,0,regular,y,d,
