gid,id,team,d_seq,d_pos,stattype,d_ifouts,d_po,d_a,d_e,d_dp,d_tp,d_pb,d_wp,d_sb,d_cs,d_gs,date,number,site,vishome,opp,win,loss,tie,gametype,box,pbp,eject
KCM192708150,parnr102,BIR,1,7,value,30,2,1,0,1,0,,,,,1,19270815,0,KAN05,v,KCM,1,0,0,regular,y,,
BIR192709190,parnr102,BIR,1,9,value,24,0,0,0,0,0,,,,,1,19270919,0,BIR01,h,CAG,0,1,0,lcs,y,,
BIR192709200,parnr102,BIR,1,9,value,27,1,0,0,0,0,,,,,1,19270920,0,BIR01,h,CAG,0,1,0,lcs,y,,
BIR192709210,parnr102,BIR,1,9,value,27,2,0,0,0,0,,,,,1,19270921,0,BIR01,h,CAG,1,0,0,lcs,y,,
CAG192709240,parnr102,BIR,1,7,value,24,0,0,0,0,0,,,,,1,19270924,0,CHI09,v,CAG,0,1,0,lcs,y,,
CAG192709250,parnr102,BIR,1,7,value,24,0,0,0,0,0,,,,,1,19270925,0,CHI09,v,CAG,0,1,0,lcs,y,,
ASW193408260,parnr102,ASW,1,7,value,27,2,0,0,0,0,,,,,1,19340826,0,CHI10,h,ASE,0,1,0,allstar,y,y,
CAG193505111,parnr102,NSH,1,7,value,24,1,0,1,0,0,,,,,1,19350511,1,CHI16,v,CAG,0,1,0,regular,y,d,
CAG193505112,parnr102,NSH,1,7,value,18,0,0,0,0,0,,,,,1,19350511,2,CHI16,v,CAG,0,1,0,regular,y,d,
NSH193505180,parnr102,NSH,1,7,value,27,0,0,1,0,0,,,,,1,19350518,0,COL05,h,NY6,1,0,0,regular,y,d,
NSH193505191,parnr102,NSH,1,7,value,27,,0,0,0,0,0,0,0,,1,19350519,1,COL05,h,NY6,0,1,0,regular,y,,
NSH193505250,parnr102,NSH,1,7,value,27,5,0,1,0,0,,,,,1,19350525,0,COL04,h,NW1,1,0,0,regular,y,,
NSH193505261,parnr102,NSH,1,7,value,27,2,0,0,0,0,,,,,1,19350526,1,COL05,h,NW1,1,0,0,regular,y,,
NSH193505262,parnr102,NSH,1,7,value,21,2,,,0,0,,,,,1,19350526,2,COL05,h,NW1,1,0,0,regular,y,,
NSH193505280,parnr102,NSH,1,7,value,27,1,0,1,0,0,,,,,1,19350528,0,BEC01,h,NW1,1,0,0,regular,y,d,
NW1193505301,parnr102,NSH,1,7,value,27,,,0,,,,,,,1,19350530,1,IRV01,v,NW1,1,0,0,regular,y,,
NW1193505302,parnr102,NSH,1,7,value,27,,,0,,,,,,,1,19350530,2,IRV01,v,NW1,1,0,0,regular,y,,
PH5193506011,parnr102,NSH,1,7,value,27,0,0,0,,,,,,,1,19350601,1,PHI17,v,PH5,1,0,0,regular,y,,
PH5193506012,parnr102,NSH,1,7,value,24,1,0,0,0,0,,,,,1,19350601,2,PHI17,v,PH5,0,1,0,regular,y,d,
PH5193506021,parnr102,NSH,1,7,value,24,0,0,0,,,,,0,,1,19350602,1,PHI17,v,PH5,0,1,0,regular,y,,
PH5193506022,parnr102,NSH,1,7,value,18,0,0,0,,,,,,,1,19350602,2,PHI17,v,PH5,0,0,1,regular,y,,
PH5193506030,parnr102,NSH,1,7,value,24,0,0,0,,,,,,,1,19350603,0,CHE03,v,PH5,0,1,0,regular,y,,
NY6193506161,parnr102,NSH,1,7,value,24,0,0,0,0,0,0,0,0,,1,19350616,1,NYC25,v,NY6,0,1,0,regular,y,,
NY6193506162,parnr102,NSH,1,7,value,27,3,0,0,0,0,0,0,0,,1,19350616,2,NYC25,v,NY6,1,0,0,regular,y,,
HOM193506291,parnr102,NSH,1,7,value,27,2,0,0,0,0,0,0,0,,1,19350629,1,COL05,v,HOM,0,1,0,regular,y,,
NSH193506292,parnr102,NSH,1,7,value,21,1,0,0,0,0,0,0,0,,1,19350629,2,COL05,h,HOM,1,0,0,regular,y,,
NW1193507130,parnr102,NSH,1,7,value,27,,,0,,,,,,,1,19350713,0,IRV01,v,NW1,1,0,0,regular,y,,
NW1193507141,parnr102,NSH,1,7,value,24,,,0,,0,0,0,,,1,19350714,1,IRV01,v,NW1,0,1,0,regular,y,,
NW1193507142,parnr102,NSH,1,7,value,24,,,0,,0,0,0,,,1,19350714,2,IRV01,v,NW1,0,1,0,regular,y,,
NW1193507150,parnr102,NSH,1,7,value,27,1,0,0,0,0,,,,,1,19350715,0,NBR01,v,NW1,1,0,0,regular,y,d,
BRN193507200,parnr102,NSH,1,7,value,18,1,0,0,0,0,,,,,1,19350720,0,NYC15,v,BRN,0,1,0,regular,y,d,
BRN193507211,parnr102,NSH,1,7,value,27,3,0,0,0,0,0,0,0,,1,19350721,1,NYC15,v,BRN,1,0,0,regular,y,,
BRN193507212,parnr102,NSH,1,7,value,21,2,0,0,0,0,0,0,0,,1,19350721,2,NYC15,v,BRN,1,0,0,regular,y,,
NSH193507270,parnr102,NSH,1,7,value,27,0,0,0,0,0,,,,,1,19350727,0,COL05,h,PTC,0,1,0,regular,y,d,
PTC193508010,parnr102,NSH,1,7,value,36,4,0,0,0,0,,,,,1,19350801,0,AKR01,v,PTC,1,0,0,regular,y,d,
NSH193508041,parnr102,NSH,1,7,value,45,6,0,0,0,0,0,0,0,,1,19350804,1,COL05,h,PH5,0,1,0,regular,y,,
PH5193508220,parnr102,NSH,1,7,value,26,1,0,0,0,0,,,,,1,19350822,0,PHI17,v,PH5,0,1,0,regular,y,d,
NW1193508240,parnr102,NSH,1,7,value,27,1,,0,0,0,0,0,0,,,19350824,0,IRV01,v,NW1,1,0,0,regular,y,,
NW1193508251,parnr102,NSH,1,7,value,24,,,0,0,0,0,0,0,,1,19350825,1,IRV01,v,NW1,0,1,0,regular,y,,
NW1193508260,parnr102,NSH,1,4,value,27,2,6,0,1,0,,,,,1,19350826,0,NBR01,v,NW1,1,0,0,regular,y,d,
NY6193508290,parnr102,NSH,1,7,value,30,0,0,0,0,0,,,,,1,19350829,0,PAT01,v,NY6,1,0,0,regular,y,d,
NY5193508310,parnr102,NSH,1,7,value,30,2,0,0,0,0,,,,,1,19350831,0,PAT01,v,NY5,1,0,0,exhibition,y,d,
NY5193509140,parnr102,NSH,1,7,value,24,2,0,0,0,0,,,,,1,19350914,0,PAT01,v,NY5,0,1,0,exhibition,y,d,
NY6193509221,parnr102,NSH,1,7,value,27,2,0,0,0,0,,,,,1,19350922,1,NYC16,v,NY6,1,0,0,exhibition,y,,
PH5193605090,parnr102,PH5,1,7,value,27,1,0,0,0,0,,,,,1,19360509,0,PHI16,h,HOM,1,0,0,regular,y,d,
PH5193605101,parnr102,PH5,1,7,value,27,0,0,0,,,,,,,1,19360510,1,PHI17,h,HOM,1,0,0,regular,y,,
PH5193605102,parnr102,PH5,1,7,value,21,2,,0,,,,,,,1,19360510,2,PHI17,h,HOM,1,0,0,regular,y,,
PH5193605110,parnr102,PH5,1,7,value,24,2,0,0,,,,,,,1,19360511,0,PHI17,h,HOM,1,0,0,exhibition,y,,
PH5193605120,parnr102,PH5,1,7,value,21,1,0,,,,,,,,1,19360512,0,CAM03,h,HOM,1,0,0,exhibition,y,,
PH5193605140,parnr102,PH5,1,7,value,21,4,0,0,,,,,,,1,19360514,0,WIL08,h,HOM,0,1,0,exhibition,y,,
PTC193605150,parnr102,PH5,1,7,value,27,1,0,,,,,,,,1,19360515,0,PIT09,v,PTC,1,0,0,regular,y,,
PTC193605160,parnr102,PH5,1,7,value,25,0,0,0,0,,,,0,,1,19360516,0,PIT09,v,PTC,0,1,0,regular,y,,
PTC193605171,parnr102,PH5,1,7,value,27,3,0,,,,,,,,1,19360517,1,PIT09,v,PTC,1,0,0,regular,y,,
PH5193605190,parnr102,PH5,1,7,value,27,5,0,0,0,0,,,,,1,19360519,0,CAM03,h,NY6,1,0,0,exhibition,y,d,
NY6193605241,parnr102,PH5,1,7,value,24,1,0,0,0,0,,,,,1,19360524,1,NYC25,v,NY6,0,1,0,regular,y,d,
NY6193605242,parnr102,PH5,1,7,value,27,1,0,0,0,0,,,,,1,19360524,2,NYC25,v,NY6,1,0,0,regular,y,d,
PH6193605280,parnr102,PH5,1,7,value,21,0,0,0,0,0,,,,,1,19360528,0,PHI16,v,PH6,1,0,0,exhibition,y,d,
PH5193605301,parnr102,PH5,1,7,value,27,1,1,0,0,0,,,,,1,19360530,1,PHI17,h,PTC,1,0,0,regular,y,d,
PH5193605302,parnr102,PH5,1,8,value,30,3,0,0,0,0,,,,,1,19360530,2,PHI17,h,PTC,0,1,0,regular,y,d,
PH5193605311,parnr102,PH5,1,7,value,27,3,0,0,0,,,,,,1,19360531,1,PHI16,h,PTC,1,0,0,regular,y,,
PH5193606020,parnr102,PH5,1,7,value,27,4,0,0,0,0,,,,,1,19360602,0,CAM04,h,WEG,1,0,0,exhibition,y,d,
HOM193606060,parnr102,PH5,1,7,value,27,1,0,0,0,0,,,,,1,19360606,0,JOH01,v,HOM,1,0,0,regular,y,,
HOM193606070,parnr102,PH5,1,7,value,24,0,0,0,0,0,,,,,1,19360607,0,CLE06,v,HOM,0,1,0,regular,y,d,
HOM193606080,parnr102,PH5,1,7,value,24,2,0,1,0,0,,,,,1,19360608,0,AKR01,v,HOM,0,1,0,regular,y,d,
PH5193606201,parnr102,PH5,1,7,value,27,1,0,0,0,0,,,,,1,19360620,1,PHI17,h,WEG,0,1,0,regular,y,d,
PH5193606202,parnr102,PH5,1,7,value,27,1,0,0,0,0,,,,,1,19360620,2,PHI17,h,WEG,0,1,0,regular,y,d,
WEG193606210,parnr102,PH5,1,7,value,24,1,1,0,0,0,,,,,1,19360621,0,WAS09,v,WEG,0,1,0,regular,y,d,
PH5193606271,parnr102,PH5,1,7,value,27,4,0,0,,,,,,,1,19360627,1,PHI17,h,NW2,1,0,0,regular,y,,
PH5193606272,parnr102,PH5,1,7,value,21,0,0,0,,,,,,,1,19360627,2,PHI17,h,NW2,0,1,0,regular,y,,
PH5193606280,parnr102,PH5,1,7,value,27,2,0,0,,,,,,,1,19360628,0,PHI17,h,NY5,1,0,0,exhibition,y,,
NW2193607051,parnr102,PH5,1,7,value,,,,0,,,,,0,,1,19360705,1,NWK04,v,NW2,1,0,0,regular,y,,
NW2193607052,parnr102,PH5,1,7,value,18,0,0,0,0,0,,,,,1,19360705,2,NWK04,v,NW2,0,1,0,regular,y,d,
PH5193607111,parnr102,PH5,1,7,value,33,1,0,0,0,0,,,,,1,19360711,1,PHI17,h,NY5,0,1,0,regular,y,d,
PH5193607181,parnr102,PH5,1,7,value,18,1,0,0,0,0,,,,,1,19360718,1,PHI17,h,HOM,1,0,0,regular,y,d,
PH5193607251,parnr102,PH5,1,7,value,27,2,0,0,0,0,,,,,1,19360725,1,PHI17,h,PTC,0,1,0,regular,y,d,
PH5193607252,parnr102,PH5,1,7,value,21,0,0,0,0,0,,,,,1,19360725,2,PHI17,h,PTC,0,1,0,regular,y,d,
NY6193607261,parnr102,PH5,1,7,value,27,2,0,0,0,0,,,,,1,19360726,1,NYC25,v,NY6,1,0,0,regular,y,d,
NY6193607262,parnr102,PH5,1,8,value,24,0,0,0,0,0,,,,,1,19360726,2,NYC25,v,NY6,0,1,0,regular,y,,
HOM193608070,parnr102,PH5,1,7,value,27,0,0,0,0,0,,,,,1,19360807,0,MID03,v,HOM,1,0,0,regular,y,d,
PH5193608081,parnr102,PH5,1,7,value,27,2,0,0,0,0,,,,,1,19360808,1,PHI17,h,HOM,1,0,0,regular,y,d,
PH5193608082,parnr102,PH5,1,7,value,24,0,0,0,0,0,,,,,1,19360808,2,PHI17,h,HOM,1,0,0,regular,y,d,
NW2193608091,parnr102,PH5,1,7,value,30,,,0,0,0,,,0,,1,19360809,1,NWK04,v,NW2,1,0,0,regular,y,,
NW2193608092,parnr102,PH5,1,7,value,18,0,0,0,0,0,,,,,1,19360809,2,NWK04,v,NW2,0,1,0,regular,y,d,
NW2193608110,parnr102,PH5,1,7,value,24,0,0,0,0,0,,,,,1,19360811,0,NWK04,v,NW2,0,1,0,regular,y,d,
PH5193608152,parnr102,PH5,1,7,value,15,0,0,0,0,0,,,,,1,19360815,2,PHI17,h,NY5,1,0,0,regular,y,d,
HOM193608180,parnr102,PH5,1,7,value,6,0,0,0,0,0,,,,,1,19360818,0,CAN03,v,HOM,0,1,0,regular,y,d,
NY5193608240,parnr102,PH5,1,7,value,25,2,0,1,0,0,,,,,1,19360824,0,MID04,v,NY5,0,1,0,exhibition,y,d,
PH5193608250,parnr102,PH5,1,7,value,27,0,0,,,,,,,,1,19360825,0,PHI17,h,CUS,1,0,0,regular,y,,
NY5193608260,parnr102,PH5,1,7,value,54,6,0,0,0,0,,,,,1,19360826,0,NYC23,v,NY5,0,0,1,regular,y,d,
PH5193608280,parnr102,PH5,1,7,value,18,1,0,0,0,0,,,,,1,19360828,0,MID03,h,NY5,0,1,0,exhibition,y,d,
PTC193608291,parnr102,PH5,1,7,value,24,3,0,0,0,0,,,,,1,19360829,1,PIT09,v,PTC,0,1,0,regular,y,d,
PTC193608292,parnr102,PH5,1,7,value,18,1,0,0,0,0,,,,,1,19360829,2,PIT09,v,PTC,0,1,0,regular,y,d,
PTC193608302,parnr102,PH5,1,7,value,12,0,0,,,,,,,,1,19360830,2,CLE06,v,PTC,0,1,0,exhibition,y,,
HOM193608310,parnr102,PH5,1,7,value,24,2,0,0,0,0,,,,,1,19360831,0,AKR01,v,HOM,0,1,0,regular,y,d,
PH5193609051,parnr102,PH5,1,7,value,27,3,,0,,,,,,,1,19360905,1,PHI17,h,WEG,0,1,0,regular,y,,
PH5193609052,parnr102,PH5,1,7,value,21,0,,0,,,,,,,1,19360905,2,PHI17,h,WEG,1,0,0,regular,y,,
WEG193609140,parnr102,PH5,1,7,value,27,1,0,0,,,,,,,1,19360914,0,TRE01,v,WEG,1,0,0,exhibition,y,,
PH5193609170,parnr102,PH5,1,7,value,27,0,0,0,0,0,,,,,1,19360917,0,PHI17,h,WEG,0,1,0,playoff,y,d,
PH5193609201,parnr102,PH5,1,7,value,27,1,0,0,0,0,,,,,1,19360920,1,NYC14,h,WEG,0,1,0,exhibition,y,d,
PH5193705150,parnr102,PH5,1,7,value,27,0,0,0,0,0,,,,,1,19370515,0,PHI17,h,NY5,1,0,0,regular,y,d,
NY5193705161,parnr102,PH5,1,7,value,24,2,0,0,0,0,,,,,1,19370516,1,NYC25,v,NY5,0,1,0,regular,y,d,
NY5193705162,parnr102,PH5,1,7,value,18,0,0,0,0,0,,,,,1,19370516,2,NYC25,v,NY5,0,1,0,regular,y,d,
PH5193705221,parnr102,PH5,1,7,value,30,1,0,1,0,0,,,,,1,19370522,1,PHI17,h,NW2,0,1,0,regular,y,d,
PH5193705222,parnr102,PH5,1,7,value,27,0,0,0,0,0,,,,,1,19370522,2,PHI17,h,NW2,0,1,0,regular,y,d,
NW2193705230,parnr102,PH5,1,7,value,24,2,0,0,0,0,,,,,1,19370523,0,NWK04,v,NW2,0,1,0,regular,y,d,
KCM193708290,parnr102,SDO,1,7,value,27,1,0,0,0,0,,,,,1,19370829,0,KAN05,v,KCM,1,0,0,exhibition,y,d,
SDO193709062,parnr102,SDO,,7,value,,,,1,,,,,,,,19370906,2,TOL05,h,CUS,1,0,0,exhibition,,,
NNS193709190,parnr102,SDO,1,7,value,24,3,0,0,0,0,,,,,1,19370919,0,NYC14,v,NNS,0,1,0,exhibition,y,d,
NNS193709210,parnr102,SDO,1,7,value,27,0,0,0,0,0,,,,,1,19370921,0,BEL02,v,NNS,1,0,0,exhibition,y,d,
NNS193709261,parnr102,SDO,1,7,value,27,2,0,0,0,0,,,,,1,19370926,1,NYC16,v,NNS,1,0,0,exhibition,y,d,
PH5193804130,parnr102,PH5,1,7,value,27,3,0,0,,,,,,,1,19380413,0,GAL01,h,HOM,0,1,0,exhibition,y,,
MEM193804170,parnr102,PH5,1,8,value,,,,,,,,,,,1,19380417,0,MEM02,v,MEM,1,0,0,exhibition,,,
BLG193804240,parnr102,PH5,1,8,value,24,0,0,0,0,0,,,,,1,19380424,0,CHT01,v,BLG,0,1,0,exhibition,y,d,
BLG193805011,parnr102,PH5,1,8,value,24,,,0,0,0,,,0,,1,19380501,1,NSH02,v,BLG,0,1,0,exhibition,y,,
BLG193805012,parnr102,PH5,1,8,value,18,,,0,0,,,,,,1,19380501,2,NSH02,v,BLG,0,1,0,exhibition,y,,
BLG193805150,parnr102,PH5,1,7,value,24,,,,0,0,,,,,1,19380515,0,BAL14,v,BLG,0,1,0,regular,y,,
PH5193805211,parnr102,PH5,1,7,value,27,1,0,1,0,0,,,,,1,19380521,1,PHI17,h,HOM,0,1,0,regular,y,d,
PH5193805212,parnr102,PH5,1,7,value,21,2,0,0,0,0,,,,,1,19380521,2,PHI17,h,HOM,1,0,0,regular,y,d,
PH5193805221,parnr102,PH5,1,7,value,27,3,0,0,,,,,,,1,19380522,1,PHI16,h,HOM,0,1,0,regular,y,,
PH5193805222,parnr102,PH5,1,7,value,21,0,0,0,,,,,,,1,19380522,2,PHI17,h,HOM,0,1,0,regular,y,,
PH5193805230,parnr102,PH5,1,7,value,18,0,0,0,0,0,,,,,1,19380523,0,CHE02,h,HOM,1,0,0,regular,y,d,
PH5193805281,parnr102,PH5,1,7,value,3,0,0,0,0,0,,,,,0,19380528,1,PHI17,h,PTC,1,0,0,regular,y,d,
PH5193805301,parnr102,PH5,1,7,value,27,0,0,0,0,0,,,,,1,19380530,1,PHI17,h,PTC,1,0,0,regular,y,d,
PH5193805302,parnr102,PH5,1,7,value,27,1,0,0,0,0,,,,,1,19380530,2,PHI17,h,PTC,0,1,0,regular,y,d,
PH5193806020,parnr102,PH5,1,7,value,27,0,1,0,0,0,,,,,1,19380602,0,PHI17,h,NW2,1,0,0,regular,y,d,
PH5193806041,parnr102,PH5,1,7,value,27,2,0,0,,,,,,,1,19380604,1,PHI17,h,WBS,1,0,0,regular,y,,
PH5193806060,parnr102,PH5,1,7,value,24,0,0,0,,,,,,,1,19380606,0,CHE02,h,WBS,1,0,0,regular,y,,
PH5193806080,parnr102,PH5,1,7,value,27,1,0,0,0,0,,,,,1,19380608,0,YOR03,h,BLG,1,0,0,regular,y,d,
PH5193806090,parnr102,PH5,1,7,value,27,4,0,0,0,0,,,,,1,19380609,0,PHI17,h,HOM,1,0,0,regular,y,d,
PTC193806130,parnr102,PH5,1,7,value,24,2,0,0,0,0,,,,,1,19380613,0,MSN01,v,PTC,0,1,0,regular,y,d,
NW2193806140,parnr102,PH5,1,7,value,24,1,0,0,0,0,,,,,1,19380614,0,TRE01,v,NW2,0,1,0,regular,y,d,
PH5193806181,parnr102,PH5,1,7,value,27,1,0,0,0,0,,,,,1,19380618,1,PHI17,h,NW2,1,0,0,regular,y,d,
PH5193806182,parnr102,PH5,1,7,value,21,3,0,0,0,0,,,,,1,19380618,2,PHI17,h,NW2,1,0,0,regular,y,d,
PH5193806191,parnr102,PH5,1,7,value,,0,0,0,,,,,,,1,19380619,1,PHI16,h,NW2,0,1,0,regular,y,,
PH5193806192,parnr102,PH5,1,7,value,21,1,,0,,,,,,,1,19380619,2,PHI16,h,NW2,1,0,0,regular,y,,
PH5193806230,parnr102,PH5,1,7,value,27,3,0,0,0,0,,,,,1,19380623,0,PHI17,h,BLG,0,0,1,regular,y,d,
PH5193806251,parnr102,PH5,1,7,value,27,2,1,0,0,0,,,,,1,19380625,1,PHI17,h,PTC,1,0,0,regular,y,d,
PH5193806252,parnr102,PH5,1,8,value,15,1,0,0,0,0,,,,,1,19380625,2,PHI17,h,PTC,0,1,0,regular,y,d,
PH5193806261,parnr102,PH5,1,7,value,27,1,0,0,0,0,,,,,1,19380626,1,NYC16,h,BLG,1,0,0,regular,y,d,
PH5193807020,parnr102,PH5,1,7,value,27,2,0,0,0,0,,,,,1,19380702,0,PHI17,h,BLG,0,0,1,regular,y,d,
WBS193807031,parnr102,PH5,1,7,value,27,3,0,,,,,,,,1,19380703,1,WAS09,v,WBS,1,0,0,regular,y,,
PH5193807041,parnr102,PH5,1,7,value,27,1,0,0,0,0,,,,,1,19380704,1,PHI17,h,BLG,0,1,0,regular,y,d,
PH5193807042,parnr102,PH5,1,7,value,21,0,0,0,0,0,,,,,1,19380704,2,PHI17,h,BLG,1,0,0,regular,y,d,
PH5193807070,parnr102,PH5,1,7,value,27,2,0,0,0,0,,,,,1,19380707,0,PHI17,h,NY5,1,0,0,regular,y,d,
PH5193807091,parnr102,PH5,1,8,value,27,1,0,0,0,0,,,,,1,19380709,1,PHI17,h,NW2,1,0,0,regular,y,d,
PH5193807092,parnr102,PH5,1,8,value,24,5,0,0,0,0,,,,,1,19380709,2,PHI17,h,NW2,0,1,0,regular,y,d,
PTC193807130,parnr102,PH5,1,7,value,27,3,0,0,0,0,,,,,1,19380713,0,CHA02,v,PTC,1,0,0,regular,y,d,
PH5193807161,parnr102,PH5,1,7,value,27,0,0,0,0,0,,,,,1,19380716,1,PHI17,h,PTC,0,1,0,regular,y,d,
PH5193807162,parnr102,PH5,1,7,value,21,4,0,0,0,0,,,,,1,19380716,2,PHI17,h,PTC,1,0,0,regular,y,d,
NW2193807171,parnr102,PH5,1,7,value,24,0,0,0,0,0,,,,,1,19380717,1,NWK04,v,NW2,0,1,0,regular,y,d,
NW2193807172,parnr102,PH5,1,7,value,21,0,0,0,0,0,,,,,1,19380717,2,NWK04,v,NW2,1,0,0,regular,y,d,
PH5193807280,parnr102,PH5,1,7,value,27,1,1,0,0,0,,,,,1,19380728,0,PHI17,h,WBS,1,0,0,regular,y,d,
PH5193807301,parnr102,PH5,1,7,value,27,0,0,0,0,0,,,,,1,19380730,1,PHI17,h,NW2,1,0,0,regular,y,d,
PH5193807302,parnr102,PH5,1,7,value,24,1,0,0,0,0,,,,,1,19380730,2,PHI17,h,NW2,1,0,0,regular,y,d,
BLG193807311,parnr102,PH5,1,7,value,24,4,0,0,0,0,,,,,1,19380731,1,WAS09,v,BLG,0,1,0,regular,y,d,
PH5193808040,parnr102,PH5,1,7,value,27,5,0,0,,,,,,,1,19380804,0,PHI17,h,BLG,0,1,0,regular,y,,
PH5193808060,parnr102,PH5,1,7,value,27,2,0,0,0,0,,,,,1,19380806,0,PHI17,h,PTC,1,0,0,regular,y,d,
PTC193808071,parnr102,PH5,1,7,value,27,2,0,0,0,0,,,,,1,19380807,1,NYC29,v,PTC,0,0,1,regular,y,d,
PH5193808110,parnr102,PH5,1,7,value,27,4,0,0,0,0,,,,,1,19380811,0,PHI17,h,NY5,0,1,0,regular,y,d,
PH5193808131,parnr102,PH5,1,7,value,27,2,0,0,0,0,,,,,1,19380813,1,PHI17,h,HOM,0,1,0,regular,y,d,
PH5193808132,parnr102,PH5,1,7,value,21,3,0,,,,,,,,1,19380813,2,PHI17,h,HOM,0,1,0,regular,y,,
BLG193808142,parnr102,PH5,1,7,value,27,1,0,0,0,0,,,,,1,19380814,2,NYC29,v,BLG,1,0,0,regular,y,d,
NW2193808161,parnr102,PH5,1,7,value,,,,,,,,,,,1,19380816,1,NWK04,v,NW2,1,0,0,regular,,,
PH5193808201,parnr102,PH5,1,7,value,27,3,0,0,,,,,,,1,19380820,1,PHI17,h,NY5,1,0,0,exhibition,y,,
PH5193808202,parnr102,PH5,1,7,value,21,2,,0,,,,,,,1,19380820,2,PHI17,h,NY5,1,0,0,exhibition,y,,
PH5193808250,parnr102,PH5,1,7,value,27,2,0,0,0,0,,,,,1,19380825,0,PHI17,h,NW2,0,1,0,regular,y,d,
PH5193808271,parnr102,PH5,1,7,value,27,1,0,0,0,0,,,,,1,19380827,1,PHI17,h,HOM,0,1,0,regular,y,d,
PH5193808272,parnr102,PH5,1,7,value,21,1,0,0,0,0,,,,,1,19380827,2,PHI17,h,HOM,1,0,0,regular,y,y,
BLG193808280,parnr102,PH5,1,7,value,30,7,0,0,,,,,,,1,19380828,0,BAL14,v,BLG,1,0,0,regular,y,,
PH5193809010,parnr102,PH5,1,7,value,27,2,0,0,0,0,,,,,1,19380901,0,PHI17,h,NY5,1,0,0,regular,y,d,
PH5193809030,parnr102,PH5,1,7,value,27,1,0,0,0,0,,,,,1,19380903,0,CHE01,h,BLG,0,1,0,regular,y,d,
PH5193809051,parnr102,PH5,1,7,value,27,4,0,0,0,0,,,,,1,19380905,1,PHI17,h,BLG,0,1,0,regular,y,d,
PH5193809052,parnr102,PH5,1,7,value,27,2,0,0,0,0,,,,,1,19380905,2,PHI17,h,BLG,0,1,0,regular,y,d,
PH5193809080,parnr102,PH5,1,7,value,27,2,0,0,0,0,,,,,1,19380908,0,PHI17,h,PTC,0,1,0,lcs,y,d,
PH5193809101,parnr102,PH5,1,7,value,27,4,0,1,0,0,,,,,1,19380910,1,PHI17,h,PTC,0,1,0,lcs,y,d,
PH5193809102,parnr102,PH5,1,7,value,27,3,0,0,0,0,,,,,1,19380910,2,PHI17,h,PTC,1,0,0,lcs,y,d,
NW2193905140,parnr102,PH5,1,7,value,27,6,0,0,0,0,,,,,1,19390514,0,NWK04,v,NW2,1,0,0,regular,y,d,
NW2193905171,parnr102,PH5,1,7,value,24,0,0,0,0,0,,,,,1,19390517,1,NWK04,v,NW2,0,1,0,regular,y,d,
NW2193905172,parnr102,PH5,1,7,value,18,0,0,0,0,0,,,,,1,19390517,2,NWK04,v,NW2,0,1,0,regular,y,d,
PH5193905211,parnr102,PH5,1,7,value,30,2,0,0,0,0,,,,,1,19390521,1,PHI17,h,NY5,1,0,0,regular,y,d,
HOM193905270,parnr102,PH5,1,7,value,24,5,0,0,0,0,,,,,1,19390527,0,PIT06,v,HOM,0,1,0,regular,y,,
HOM193905281,parnr102,PH5,1,7,value,24,3,0,0,0,0,,,,,1,19390528,1,BUF06,v,HOM,0,1,0,regular,y,,
PH5193905301,parnr102,PH5,1,7,value,27,3,0,0,0,0,,,,,1,19390530,1,PHI17,h,TLC,1,0,0,regular,y,,
PH5193905302,parnr102,PH5,1,7,value,27,3,0,0,0,0,,,,,1,19390530,2,PHI17,h,TLC,1,0,0,regular,y,,
PH5193906010,parnr102,PH5,1,7,value,15,2,0,0,0,0,,,,,1,19390601,0,PHI17,h,NY5,0,0,1,regular,y,d,
PH5193906031,parnr102,PH5,1,7,value,,2,0,0,0,0,,,,,1,19390603,1,PHI17,h,NY6,1,0,0,regular,y,,
PH5193906080,parnr102,PH5,1,7,value,,2,0,0,0,0,,,,,1,19390608,0,PHI17,h,BLG,0,1,0,regular,y,,
PH5193906171,parnr102,PH5,1,7,value,27,1,,0,0,0,,,,,1,19390617,1,PHI17,h,NW2,0,1,0,regular,y,,
PH5193906172,parnr102,PH5,1,7,value,21,0,,0,0,0,,,,,1,19390617,2,PHI17,h,NW2,1,0,0,regular,y,,
PH5193906181,parnr102,PH5,1,7,value,27,2,0,0,0,0,,,,,1,19390618,1,PHI17,h,HOM,0,1,0,regular,y,,
PH5193906182,parnr102,PH5,1,7,value,27,0,0,1,0,0,,,,,1,19390618,2,PHI17,h,HOM,0,1,0,regular,y,,
PH5193906241,parnr102,PH5,1,7,value,,1,0,0,0,0,,,,,1,19390624,1,PHI17,h,HOM,1,0,0,regular,y,,
PH5193907151,parnr102,PH5,1,7,value,27,0,,0,0,0,,,,,1,19390715,1,PHI17,h,HOM,1,0,0,regular,y,,
PH5193907152,parnr102,PH5,1,7,value,21,2,0,0,0,0,,,,,1,19390715,2,PHI17,h,HOM,0,1,0,regular,y,,
HOM193907161,parnr102,PH5,1,9,value,24,,,0,0,0,,,,,1,19390716,1,WAS09,v,HOM,0,1,0,regular,y,,
HOM193907162,parnr102,PH5,1,9,value,21,,,0,0,0,,,,,1,19390716,2,WAS09,v,HOM,1,0,0,regular,y,,
PH5193907221,parnr102,PH5,1,7,value,27,3,0,0,0,0,,,,,1,19390722,1,PHI17,h,NY5,1,0,0,regular,y,,
PH5193907222,parnr102,PH5,1,7,value,21,2,0,0,0,0,,,,,1,19390722,2,PHI17,h,NY5,0,1,0,regular,y,,
HOM193907231,parnr102,PH5,1,9,value,24,2,0,0,0,0,,,,,1,19390723,1,NYC16,v,HOM,0,1,0,regular,y,d,
HOM193907240,parnr102,PH5,1,7,value,24,1,0,0,0,0,,,,,1,19390724,0,GRE04,v,HOM,0,1,0,regular,y,,
HOM193907270,parnr102,PH5,1,7,value,30,0,0,0,0,0,,,,,1,19390727,0,WAR03,v,HOM,1,0,0,exhibition,y,d,
PH5193907290,parnr102,PH5,1,7,value,27,3,0,0,0,0,,,,,1,19390729,0,PHI17,h,HOM,1,0,0,regular,y,,
ASW193908060,parnr102,ASE,1,7,value,24,3,0,0,0,0,,,,,1,19390806,0,CHI10,v,ASW,0,1,0,allstar,y,y,
PH5193908100,parnr102,PH5,1,7,value,27,0,,0,0,0,,,,,1,19390810,0,PHI17,h,NY5,1,0,0,regular,y,,
PH5193908121,parnr102,PH5,1,7,value,45,,,0,0,0,,,,,1,19390812,1,PHI17,h,NW2,1,0,0,regular,y,,
PH5193908122,parnr102,PH5,1,7,value,15,0,,0,0,0,,,,,1,19390812,2,PHI17,h,NW2,1,0,0,regular,y,,
NW2193908131,parnr102,PH5,1,8,value,,,,0,0,0,,,,,1,19390813,1,NWK04,v,NW2,1,0,0,regular,y,,
NW2193908131,parnr102,PH5,2,7,value,,,,0,0,0,,,,,1,19390813,1,NWK04,v,NW2,1,0,0,regular,y,,
NW2193908132,parnr102,PH5,1,8,value,27,,,0,0,0,,,,,1,19390813,2,NWK04,v,NW2,1,0,0,regular,y,,
PH5193909020,parnr102,PH5,1,7,value,27,3,0,0,0,0,,,,,1,19390902,0,CHE01,h,HOM,1,0,0,regular,y,d,
BLG193909031,parnr102,PH5,1,7,value,24,0,0,0,0,0,,,,,1,19390903,1,NWK04,v,BLG,0,1,0,regular,y,d,
PH5193909130,parnr102,PH5,1,7,value,27,0,0,0,0,0,,,,,1,19390913,0,PHI17,h,HOM,1,0,0,divisionseries,y,d,
PH5193909140,parnr102,PH5,1,7,value,27,0,0,0,0,0,,,,,1,19390914,0,PHI17,h,HOM,0,1,0,divisionseries,y,d,
SAS193910010,parnr102,SAS,1,8,value,27,1,1,0,0,0,,,,,1,19391001,0,NOL01,h,NAS,0,1,0,allstar,y,,
PH5194005110,parnr102,PH5,1,7,value,30,2,0,1,0,0,,,,,1,19400511,0,PHI17,h,BLG,0,1,0,regular,y,y,
BLG194005121,parnr102,PH5,1,7,value,24,,,0,0,0,,,,,1,19400512,1,BAL10,v,BLG,0,1,0,regular,y,,
BLG194005122,parnr102,PH5,1,7,value,18,,,1,0,0,,,,,1,19400512,2,BAL10,v,BLG,0,1,0,regular,y,,
PH5194005181,parnr102,PH5,1,7,value,27,0,0,0,0,0,,,,,1,19400518,1,PHI17,h,NW2,1,0,0,regular,y,y,
PH5194005182,parnr102,PH5,1,7,value,21,0,0,0,0,0,,,,,1,19400518,2,PHI17,h,NW2,1,0,0,regular,y,y,
NW2194005191,parnr102,PH5,1,7,value,21,,,0,0,0,,,,,1,19400519,1,NWK04,v,NW2,0,1,0,regular,y,,
NW2194005191,parnr102,PH5,2,8,value,3,,,0,0,0,,,,,1,19400519,1,NWK04,v,NW2,0,1,0,regular,y,,
NW2194005192,parnr102,PH5,1,7,value,21,,,0,0,0,,,,,1,19400519,2,NWK04,v,NW2,1,0,0,regular,y,,
HOM194005261,parnr102,PH5,1,7,value,24,2,0,1,0,0,,,,,1,19400526,1,NYC16,v,HOM,0,1,0,regular,y,,
PH5194005301,parnr102,PH5,1,7,value,27,2,,0,0,0,,,,,1,19400530,1,PHI17,h,NY6,1,0,0,regular,y,,
PH5194005302,parnr102,PH5,1,7,value,27,2,,0,0,0,,,,,1,19400530,2,PHI17,h,NY6,0,1,0,regular,y,,
PH5194006011,parnr102,PH5,1,7,value,27,3,0,0,0,0,,,,,1,19400601,1,PHI17,h,HOM,0,1,0,regular,y,y,
PH5194006012,parnr102,PH5,1,7,value,21,0,0,0,0,0,,,,,1,19400601,2,PHI17,h,HOM,0,1,0,regular,y,y,
NW2194006021,parnr102,PH5,1,7,value,24,1,0,1,0,0,,,,,1,19400602,1,ALB02,v,NW2,0,1,0,regular,y,,
NW2194006022,parnr102,PH5,1,7,value,27,1,0,0,0,0,,,,,1,19400602,2,ALB02,v,NW2,1,0,0,regular,y,,
PH5194006060,parnr102,PH5,1,7,value,27,0,0,0,0,0,,,,,1,19400606,0,PHI17,h,HOM,0,1,0,regular,y,,
PH5194006081,parnr102,PH5,1,7,value,27,1,0,0,0,0,,,,,1,19400608,1,PHI17,h,BLG,1,0,0,regular,y,y,
PH5194006082,parnr102,PH5,1,7,value,21,2,0,0,0,0,,,,,1,19400608,2,PHI17,h,BLG,0,1,0,regular,y,y,
PH5194006091,parnr102,PH5,1,7,value,27,0,0,0,0,0,,,,,1,19400609,1,HRB01,h,NY6,1,0,0,regular,y,,
PH5194006092,parnr102,PH5,1,7,value,21,1,0,0,0,0,,,,,1,19400609,2,HRB01,h,NY6,0,1,0,regular,y,,
HOM194006231,parnr102,PH5,1,7,value,,,,0,0,0,,,,,1,19400623,1,WAS09,v,HOM,0,1,0,regular,y,,
HOM194006232,parnr102,PH5,1,7,value,18,,,0,0,0,,,,,1,19400623,2,WAS09,v,HOM,0,1,0,regular,y,,
HOM194006270,parnr102,PH5,1,7,value,24,5,1,0,0,0,,,,,1,19400627,0,WAR03,v,HOM,0,1,0,regular,y,,
PH5194006291,parnr102,PH5,1,7,value,27,2,2,0,0,0,,,,,1,19400629,1,PHI17,h,NY5,1,0,0,regular,y,,
PH5194006292,parnr102,PH5,1,7,value,21,0,0,0,0,0,,,,,1,19400629,2,PHI17,h,NY5,1,0,0,regular,y,,
PH5194007041,parnr102,PH5,1,7,value,3,1,0,0,0,0,,,,,,19400704,1,PHI17,h,NW2,0,1,0,regular,y,,
PH5194007042,parnr102,PH5,1,7,value,27,1,0,0,0,0,,,,,1,19400704,2,PHI17,h,NW2,0,1,0,regular,y,,
PH5194007061,parnr102,PH5,1,7,value,27,1,0,0,0,0,,,,,1,19400706,1,PHI17,h,NY6,0,1,0,regular,y,,
PH5194007062,parnr102,PH5,1,7,value,21,0,0,0,0,0,,,,,1,19400706,2,PHI17,h,NY6,1,0,0,regular,y,,
NY6194007071,parnr102,PH5,1,7,value,27,3,0,0,0,0,,,,,1,19400707,1,NYC16,v,NY6,1,0,0,regular,y,,
PH5194007131,parnr102,PH5,1,7,value,27,3,0,0,0,0,,,,,1,19400713,1,PHI17,h,HOM,1,0,0,regular,y,,
PH5194007132,parnr102,PH5,1,7,value,21,1,0,0,0,0,,,,,1,19400713,2,PHI17,h,HOM,0,1,0,regular,y,,
PH5194007201,parnr102,PH5,1,7,value,27,2,0,0,0,0,,,,,1,19400720,1,PHI17,h,BLG,0,1,0,regular,y,,
PH5194007202,parnr102,PH5,1,8,value,21,0,0,0,0,0,,,,,1,19400720,2,PHI17,h,BLG,0,1,0,regular,y,,
BLG194007210,parnr102,PH5,1,7,value,30,,,0,0,0,,,,,1,19400721,0,BAL10,v,BLG,1,0,0,regular,y,,
PH5194007271,parnr102,PH5,1,7,value,27,3,0,0,0,0,,,,,1,19400727,1,PHI17,h,NY5,1,0,0,regular,y,,
PH5194007272,parnr102,PH5,1,7,value,21,2,0,0,0,0,,,,,1,19400727,2,PHI17,h,NY5,0,1,0,regular,y,,
PH5194007281,parnr102,PH5,1,7,value,36,,,0,0,0,,,,,1,19400728,1,WAS09,h,NY6,0,1,0,regular,y,,
HOM194007310,parnr102,PH5,1,7,value,26,1,0,1,0,0,,,,,1,19400731,0,ALT02,v,HOM,0,1,0,regular,y,,
HOM194008010,parnr102,PH5,1,7,value,27,,,0,0,0,,,,,1,19400801,0,WAS09,v,HOM,1,0,0,exhibition,y,,
PH5194008031,parnr102,PH5,1,7,value,27,3,0,0,0,0,,,,,1,19400803,1,PHI17,h,SNO,1,0,0,exhibition,y,,
PH5194008032,parnr102,PH5,1,7,value,21,0,0,0,0,0,,,,,1,19400803,2,PHI17,h,SNO,1,0,0,exhibition,y,,
NW2194008041,parnr102,PH5,1,7,value,24,,,0,0,0,,,,,1,19400804,1,NWK04,v,NW2,0,1,0,regular,y,,
NW2194008042,parnr102,PH5,1,7,value,9,,,0,0,0,,,,,1,19400804,2,NWK04,v,NW2,0,1,0,regular,y,,
NW2194008042,parnr102,PH5,2,1,value,7,,,,0,0,,,,,1,19400804,2,NWK04,v,NW2,0,1,0,regular,y,,
PH5194008101,parnr102,PH5,1,7,value,27,1,0,0,0,0,,,,,1,19400810,1,PHI17,h,MEM,1,0,0,exhibition,y,,
PH5194008102,parnr102,PH5,1,7,value,21,2,0,0,0,0,,,,,1,19400810,2,PHI17,h,MEM,0,1,0,exhibition,y,,
PH5194008112,parnr102,PH5,1,7,value,21,,,0,0,0,,,,,1,19400811,2,BAL10,h,NY5,0,1,0,regular,y,,
HOM194008181,parnr102,PH5,1,7,value,24,,,0,0,0,,,,,1,19400818,1,WAS09,v,HOM,0,1,0,exhibition,y,,
HOM194008182,parnr102,PH5,1,7,value,18,,,0,0,0,,,,,1,19400818,2,WAS09,v,HOM,0,1,0,exhibition,y,,
NW2194008200,parnr102,PH5,1,7,value,24,,,0,0,0,,,,,1,19400820,0,NWK04,v,NW2,0,1,0,regular,y,,
PH5194008241,parnr102,PH5,1,7,value,27,1,0,0,0,0,,,,,1,19400824,1,PHI17,h,BLG,0,1,0,regular,y,,
PH5194008242,parnr102,PH5,1,7,value,21,2,0,0,0,0,,,,,1,19400824,2,PHI17,h,BLG,1,0,0,regular,y,,
PH5194009021,parnr102,PH5,1,7,value,27,2,,1,0,0,,,,,1,19400902,1,PHI17,h,HOM,0,1,0,regular,y,,
PH5194009022,parnr102,PH5,1,7,value,27,2,,0,0,0,,,,,1,19400902,2,PHI17,h,HOM,1,0,0,regular,y,,
PH5194009050,parnr102,PH5,1,7,value,27,1,0,0,0,0,,,,,1,19400905,0,PHI17,h,MEM,1,0,0,exhibition,y,,
PH5194009060,parnr102,PH5,1,7,value,24,1,0,0,0,0,,,,,1,19400906,0,CHE01,h,MEM,1,0,0,exhibition,y,,
PH5194009071,parnr102,PH5,1,7,value,27,0,0,0,0,0,,,,,1,19400907,1,PHI17,h,MEM,1,0,0,exhibition,y,,
PH5194009072,parnr102,PH5,1,1,value,21,0,2,0,0,0,,,,,1,19400907,2,PHI17,h,MEM,0,1,0,exhibition,y,,
PH5194105100,parnr102,PH5,1,7,value,27,0,0,0,0,0,,,,,1,19410510,0,PHI17,h,NY6,0,1,0,regular,y,,
NY5194105111,parnr102,PH5,1,7,value,24,2,0,0,0,0,,,,,1,19410511,1,NYC16,v,NY5,0,1,0,regular,y,,
NY5194105112,parnr102,PH5,1,7,value,27,3,0,0,0,0,,,,,1,19410511,2,NYC16,v,NY5,1,0,0,regular,y,,
PH5194105120,parnr102,PH5,1,7,value,21,2,0,0,0,0,,,,,1,19410512,0,CHE01,h,NY5,0,1,0,regular,y,,
PH5194105170,parnr102,PH5,1,7,value,27,4,0,1,0,0,,,,,1,19410517,0,PHI17,h,BLG,0,1,0,regular,y,,
NW2194105181,parnr102,PH5,1,7,value,24,,,0,0,0,,,,,1,19410518,1,NWK04,v,NW2,0,1,0,regular,y,,
NW2194105182,parnr102,PH5,1,7,value,20,,,0,0,0,,,,,1,19410518,2,NWK04,v,NW2,0,1,0,regular,y,,
PH5194105190,parnr102,PH5,1,7,value,27,4,0,0,0,0,,,,,1,19410519,0,CHE01,h,NW2,0,1,0,regular,y,,
PH5194105241,parnr102,PH5,1,7,value,27,1,1,0,0,0,,,,,1,19410524,1,PHI17,h,NY5,1,0,0,regular,y,,
PH5194105242,parnr102,PH5,1,7,value,21,0,0,0,0,0,,,,,1,19410524,2,PHI17,h,NY5,0,1,0,regular,y,,
PH5194105301,parnr102,PH5,1,9,value,27,1,0,0,0,0,,,,,1,19410530,1,PHI17,h,HOM,0,1,0,regular,y,,
PH5194105302,parnr102,PH5,1,7,value,27,3,0,0,0,0,,,,,1,19410530,2,PHI17,h,HOM,1,0,0,regular,y,,
HOM194106011,parnr102,PH5,1,9,value,,1,0,0,0,0,,,,,1,19410601,1,WAS09,v,HOM,0,1,0,regular,y,,
HOM194106011,parnr102,PH5,2,7,value,,,,0,0,0,,,,,1,19410601,1,WAS09,v,HOM,0,1,0,regular,y,,
HOM194106012,parnr102,PH5,1,9,value,18,0,0,0,0,0,,,,,1,19410601,2,WAS09,v,HOM,0,1,0,regular,y,,
PH5194106071,parnr102,PH5,1,7,value,,0,,0,0,0,,,,,1,19410607,1,PHI17,h,NY6,0,1,0,regular,y,,
PH5194106072,parnr102,PH5,1,9,value,21,2,,0,0,0,,,,,1,19410607,2,PHI17,h,NY6,1,0,0,regular,y,,
NW2194106081,parnr102,PH5,1,9,value,27,0,,0,0,0,,,,,1,19410608,1,NYC16,v,NW2,1,0,0,regular,y,,
PH5194106141,parnr102,PH5,1,9,value,,0,0,0,0,0,,,,,1,19410614,1,PHI17,h,NW2,0,1,0,regular,y,,
PH5194106141,parnr102,PH5,2,7,value,,,,0,0,0,,,,,1,19410614,1,PHI17,h,NW2,0,1,0,regular,y,,
PH5194106142,parnr102,PH5,1,9,value,21,0,,0,0,0,,,,,1,19410614,2,PHI17,h,NW2,0,1,0,regular,y,,
PH5194106151,parnr102,PH5,1,9,value,27,2,0,0,0,0,,,,,1,19410615,1,HRB01,h,NW2,0,1,0,regular,y,,
PH5194106152,parnr102,PH5,1,9,value,21,3,0,0,0,0,,,,,1,19410615,2,HRB01,h,NW2,1,0,0,regular,y,,
PH5194106190,parnr102,PH5,1,9,value,27,1,,0,0,0,,,,,1,19410619,0,PHI17,h,HOM,1,0,0,regular,y,,
PH5194106211,parnr102,PH5,1,9,value,27,2,0,0,0,0,,,,,1,19410621,1,PHI17,h,BLG,0,1,0,regular,y,,
PH5194106212,parnr102,PH5,1,9,value,21,1,0,0,0,0,,,,,1,19410621,2,PHI17,h,BLG,1,0,0,regular,y,,
HOM194106250,parnr102,PH5,1,5,value,24,0,0,0,0,0,,,,,1,19410625,0,ALT02,v,HOM,0,1,0,regular,y,,
PH5194106260,parnr102,PH5,1,9,value,,0,0,0,0,0,,,,,1,19410626,0,PHI17,h,NY6,0,1,0,regular,y,,
PH5194106260,parnr102,PH5,2,5,value,,,,0,0,0,,,,,1,19410626,0,PHI17,h,NY6,0,1,0,regular,y,,
PH5194106281,parnr102,PH5,1,9,value,27,2,0,0,0,0,,,,,1,19410628,1,PHI17,h,HOM,0,1,0,regular,y,,
PH5194106282,parnr102,PH5,1,9,value,21,3,1,0,0,0,,,,,1,19410628,2,PHI17,h,HOM,1,0,0,regular,y,,
BLG194106291,parnr102,PH5,1,9,value,24,1,0,0,0,0,,,,,1,19410629,1,NYC16,v,BLG,0,1,0,regular,y,,
PH5194106300,parnr102,PH5,1,9,value,27,1,0,0,0,0,,,,,1,19410630,0,YOR03,h,NY6,0,1,0,regular,y,,
PH5194107050,parnr102,PH5,1,9,value,27,2,,0,0,0,,,,,1,19410705,0,PHI17,h,BLG,0,1,0,regular,y,,
PH5194107100,parnr102,PH5,1,9,value,27,1,0,0,0,0,,,,,1,19410710,0,PHI17,h,NY5,0,1,0,regular,y,,
PH5194107121,parnr102,PH5,1,9,value,27,0,0,0,0,0,,,,,1,19410712,1,PHI17,h,MEM,0,1,0,exhibition,y,,
PH5194107122,parnr102,PH5,1,9,value,21,0,0,0,0,0,,,,,1,19410712,2,PHI17,h,MEM,0,1,0,exhibition,y,,
NW2194107150,parnr102,PH5,1,9,value,24,2,0,0,0,0,,,,,1,19410715,0,NOR02,v,NW2,0,1,0,exhibition,y,,
PH5194107172,parnr102,PH5,1,9,value,21,1,0,0,0,0,,,,,1,19410717,2,PHI17,h,KCM,0,1,0,exhibition,y,,
PH5194107191,parnr102,PH5,1,9,value,27,1,0,1,0,0,,,,,1,19410719,1,PHI17,h,KCM,0,1,0,exhibition,y,,
NY5194107202,parnr102,PH5,1,9,value,24,0,0,0,0,0,,,,,1,19410720,2,NYC16,v,NY5,0,1,0,regular,y,,
HOM194107290,parnr102,PH5,1,9,value,24,0,0,0,0,0,,,,,1,19410729,0,CAN03,v,HOM,0,1,0,regular,y,,
PH5194108020,parnr102,PH5,1,9,value,27,1,0,0,0,0,,,,,1,19410802,0,PHI17,h,NY6,0,1,0,regular,y,,
NW2194108050,parnr102,PH5,1,9,value,27,2,0,0,0,0,,,,,1,19410805,0,RED01,v,NW2,1,0,0,exhibition,y,,
PH5194108070,parnr102,PH5,1,9,value,27,1,0,0,0,0,,,,,1,19410807,0,PHI17,h,HOM,0,1,0,regular,y,,
PH5194108090,parnr102,PH5,1,9,value,27,3,0,0,0,0,,,,,1,19410809,0,PHI17,h,BIR,1,0,0,exhibition,y,,
HOM194108101,parnr102,PH5,1,9,value,24,2,0,0,0,0,,,,,1,19410810,1,WAS09,v,HOM,0,1,0,regular,y,,
HOM194108102,parnr102,PH5,1,9,value,18,1,0,0,0,0,,,,,1,19410810,2,WAS09,v,HOM,0,1,0,regular,y,,
PH5194108120,parnr102,PH5,1,9,value,27,0,0,0,0,0,,,,,1,19410812,0,HRB01,h,MEM,0,1,0,exhibition,y,,
PH5194108140,parnr102,PH5,1,9,value,27,0,0,0,0,0,,,,,1,19410814,0,PHI17,h,JAX,1,0,0,exhibition,y,,
PH5194108160,parnr102,PH5,1,9,value,27,4,0,0,0,0,,,,,1,19410816,0,PHI17,h,NY5,1,0,0,regular,y,,
PH5194108171,parnr102,PH5,1,9,value,27,1,0,0,0,0,,,,,1,19410817,1,BAL14,h,NY5,1,0,0,regular,y,,
NY6194108242,parnr102,PH5,1,9,value,26,0,0,0,0,0,,,,,1,19410824,2,NYC16,v,NY6,0,1,0,regular,y,,
NY5194108311,parnr102,PH5,1,9,value,27,1,0,0,0,0,,,,,1,19410831,1,NWK04,v,NY5,1,0,0,regular,y,,
PH5194109011,parnr102,PH5,1,9,value,,0,,0,0,0,,,,,1,19410901,1,PHI17,h,NY6,0,1,0,regular,y,,
PH5194109012,parnr102,PH5,1,9,value,,2,,0,0,0,,,,,1,19410901,2,PHI17,h,NY6,0,1,0,regular,y,,
PH5194109012,parnr102,PH5,2,7,value,,,,0,0,0,,,,,1,19410901,2,PHI17,h,NY6,0,1,0,regular,y,,
PH5194109071,parnr102,PH5,1,7,value,21,1,1,0,0,0,,,,,1,19410907,1,WAS09,h,NY5,1,0,0,regular,y,,
PH5194109072,parnr102,PH5,1,7,value,21,1,0,0,0,0,,,,,1,19410907,2,WAS09,h,NY5,0,1,0,regular,y,,
PH5194205090,parnr102,PH5,1,7,value,27,1,0,1,0,0,,,,,1,19420509,0,PHI17,h,BLG,0,1,0,regular,y,,
BLG194205100,parnr102,PH5,1,7,value,28,,,0,0,0,,,,,1,19420510,0,BAL10,v,BLG,0,1,0,regular,y,,
PH5194205140,parnr102,PH5,1,7,value,24,1,0,0,0,0,,,,,1,19420514,0,CAM02,h,NY6,1,0,0,exhibition,y,,
PH5194205161,parnr102,PH5,1,7,value,27,5,0,0,0,0,,,,,1,19420516,1,PHI17,h,NW2,1,0,0,regular,y,,
PH5194205162,parnr102,PH5,1,7,value,21,0,0,0,0,0,,,,,1,19420516,2,PHI17,h,NW2,0,1,0,regular,y,,
NW2194205171,parnr102,PH5,1,8,value,24,,,0,,0,0,,,,,19420517,1,NOR02,v,NW2,0,1,0,regular,,,
NW2194205171,parnr102,PH5,2,1,value,21,,,,0,0,0,,,,,19420517,1,NOR02,v,NW2,0,1,0,regular,,,
NW2194205171,parnr102,PH5,1,8,lower,24,,,0,,0,0,,,,,19420517,1,NOR02,v,NW2,0,1,0,regular,,,
NW2194205171,parnr102,PH5,2,1,lower,21,,,,,0,0,,,,,19420517,1,NOR02,v,NW2,0,1,0,regular,,,
NW2194205171,parnr102,PH5,1,8,upper,24,,,0,,0,0,,,,,19420517,1,NOR02,v,NW2,0,1,0,regular,,,
NW2194205171,parnr102,PH5,2,1,upper,21,,,,,0,0,,,,,19420517,1,NOR02,v,NW2,0,1,0,regular,,,
NW2194205172,parnr102,PH5,1,8,value,24,,,0,,0,0,,,,1,19420517,2,NOR02,v,NW2,1,0,0,regular,,,
PH5194205231,parnr102,PH5,1,7,value,27,0,0,0,0,0,,,,,1,19420523,1,PHI17,h,NY6,1,0,0,regular,y,,
PH5194205232,parnr102,PH5,1,7,value,21,1,0,0,0,0,,,,,1,19420523,2,PHI17,h,NY6,1,0,0,regular,y,,
PH5194205250,parnr102,PH5,1,7,value,27,2,0,0,0,0,,,,,1,19420525,0,CHA02,h,BLG,1,0,0,exhibition,y,,
PH5194205311,parnr102,PH5,1,7,value,27,1,0,0,0,0,,,,,1,19420531,1,NYC16,h,BLG,0,1,0,regular,y,,
PH5194206040,parnr102,PH5,1,7,value,27,1,0,0,0,0,,,,,1,19420604,0,PHI17,h,HOM,1,0,0,regular,y,,
PH5194206060,parnr102,PH5,1,7,value,15,1,0,0,0,0,,,,,1,19420606,0,PHI17,h,NW2,0,1,0,regular,y,,
PH5194206071,parnr102,PH5,1,7,value,27,1,0,0,0,0,,,,,1,19420607,1,PHI17,h,NW2,0,1,0,regular,y,,
PH5194206072,parnr102,PH5,1,7,value,24,4,0,0,0,0,,,,,1,19420607,2,PHI17,h,NW2,1,0,0,regular,y,,
PH5194206110,parnr102,PH5,1,7,value,27,1,0,0,0,0,,,,,1,19420611,0,PHI17,h,BLG,1,0,0,regular,y,,
PH5194206130,parnr102,PH5,1,7,value,27,0,0,1,0,0,,,,,1,19420613,0,PHI17,h,NY5,0,1,0,regular,y,,
PH5194206160,parnr102,PH5,1,7,value,27,1,0,0,0,0,,,,,1,19420616,0,HRB01,h,NW2,1,0,0,exhibition,y,,
PH5194206180,parnr102,PH5,1,7,value,27,3,0,0,0,0,,,,,1,19420618,0,PHI17,h,BLG,1,0,0,regular,y,,
PH5194206200,parnr102,PH5,1,7,value,27,1,0,0,0,0,,,,,1,19420620,0,PHI17,h,HOM,0,1,0,regular,y,,
PH5194206211,parnr102,PH5,1,7,value,27,1,1,0,0,0,,,,,1,19420621,1,NYC16,h,HOM,0,1,0,regular,y,,
PH5194206250,parnr102,PH5,1,7,value,27,3,0,0,0,0,,,,,1,19420625,0,PHI17,h,NW2,1,0,0,regular,y,,
PH5194206270,parnr102,PH5,1,7,value,27,2,0,0,0,0,,,,,1,19420627,0,PHI17,h,NY5,1,0,0,regular,y,,
NY6194206281,parnr102,PH5,1,7,value,,0,0,0,0,0,,,,,1,19420628,1,NYC16,v,NY6,1,0,0,regular,y,,
PH5194207010,parnr102,PH5,1,7,value,27,1,0,0,0,0,,,,,1,19420701,0,HRB01,h,BLG,1,0,0,exhibition,y,,
PH5194207020,parnr102,PH5,1,7,value,27,2,0,0,0,0,,,,,1,19420702,0,PHI17,h,NY6,1,0,0,regular,y,,
PH5194207041,parnr102,PH5,1,7,value,27,1,0,0,0,0,,,,,1,19420704,1,PHI17,h,HOM,1,0,0,regular,y,,
PH5194207042,parnr102,PH5,1,7,value,27,1,0,0,0,0,,,,,1,19420704,2,PHI17,h,HOM,0,1,0,regular,y,,
NW2194207051,parnr102,PH5,1,7,value,24,,,0,0,0,,,,,1,19420705,1,NWK04,v,NW2,0,1,0,regular,y,,
HOM194207080,parnr102,PH5,1,7,value,24,2,1,1,0,0,,,,,1,19420708,0,SCR01,v,HOM,0,1,0,exhibition,y,,
PH5194207090,parnr102,PH5,1,7,value,27,1,0,0,0,0,,,,,1,19420709,0,PHI17,h,NY5,1,0,0,regular,y,,
PH5194207110,parnr102,PH5,1,7,value,27,3,3,0,0,0,,,,,1,19420711,0,PHI17,h,HOM,1,0,0,regular,y,,
PH5194207121,parnr102,PH5,1,7,value,27,5,0,0,0,0,,,,,1,19420712,1,PHI17,h,HOM,1,0,0,regular,y,,
PH5194207122,parnr102,PH5,1,7,value,21,,,0,0,0,,,,,1,19420712,2,PHI17,h,HOM,0,1,0,regular,y,,
PH5194207230,parnr102,PH5,1,7,value,27,0,0,0,0,0,,,,,1,19420723,0,PHI17,h,BLG,0,1,0,regular,y,,
PH5194207240,parnr102,PH5,1,7,value,27,0,0,0,0,0,,,,,1,19420724,0,HRB01,h,BIR,1,0,0,exhibition,y,,
PH5194207250,parnr102,PH5,1,7,value,27,0,0,0,0,0,,,,,1,19420725,0,PHI17,h,BIR,1,0,0,exhibition,y,,
PH5194207300,parnr102,PH5,1,7,value,27,0,0,0,0,0,,,,,1,19420730,0,PHI17,h,CAG,1,0,0,exhibition,y,,
PH5194207310,parnr102,PH5,1,7,value,27,1,0,0,0,0,,,,,1,19420731,0,SCR01,h,KCM,0,1,0,exhibition,y,,
PH5194208010,parnr102,PH5,1,7,value,27,0,0,0,0,0,,,,,1,19420801,0,PHI17,h,NY5,0,1,0,regular,y,,
PH5194208021,parnr102,PH5,1,7,value,27,2,0,0,0,0,,,,,1,19420802,1,NYC16,h,BLG,1,0,0,regular,y,,
PH5194208060,parnr102,PH5,1,7,value,27,0,0,0,0,0,,,,,1,19420806,0,PHI17,h,KCM,0,1,0,exhibition,y,,
PH5194208090,parnr102,PH5,1,7,value,21,3,0,0,0,0,,,,,1,19420809,0,ROC04,h,NY5,0,1,0,exhibition,y,,
PH5194208150,parnr102,PH5,1,3,value,,9,,0,0,0,,,,,1,19420815,0,PHI17,h,CAG,1,0,0,exhibition,y,,
HOM194208211,parnr102,PH5,1,7,value,18,4,0,0,0,0,,,,,1,19420821,1,PIT06,v,HOM,1,0,0,exhibition,y,,
HOM194208212,parnr102,PH5,1,7,value,18,1,0,0,0,0,,,,,1,19420821,2,WAP01,v,HOM,0,1,0,exhibition,y,,
HOM194208212,parnr102,PH5,2,1,value,6,,,0,0,0,,,,,1,19420821,2,WAP01,v,HOM,0,1,0,exhibition,y,,
HOM194208221,parnr102,PH5,1,7,value,24,1,0,0,0,0,,,,,1,19420822,1,PIT06,v,HOM,0,1,0,regular,y,,
HOM194208230,parnr102,PH5,1,9,value,24,0,0,0,0,0,,,,,1,19420823,0,WAS09,v,HOM,0,1,0,regular,y,,
PH5194208240,parnr102,PH5,1,7,value,27,,,0,0,0,,,,,1,19420824,0,PHI17,h,HOM,0,0,1,exhibition,y,,
PH5194209030,parnr102,PH5,1,7,value,27,2,0,0,0,0,,,,,1,19420903,0,PHI17,h,NY5,0,1,0,regular,y,,
PH5194209050,parnr102,PH5,1,9,value,,2,0,0,0,0,,,,,,19420905,0,PHI17,h,BLG,0,1,0,regular,y,,
PH5194209071,parnr102,PH5,1,7,value,27,,,0,0,0,,,,,1,19420907,1,PHI17,h,BLG,0,1,0,regular,y,,
PH5194209072,parnr102,PH5,1,9,value,9,,,0,0,0,,,,,,19420907,2,PHI17,h,BLG,1,0,0,regular,y,,
BLG194209080,parnr102,PH5,1,7,value,21,5,0,0,0,0,,,,,1,19420908,0,BOS07,v,BLG,1,0,0,exhibition,y,,
PH5194209160,parnr102,PH5,1,7,value,36,2,0,0,0,0,,,,,1,19420916,0,PHI17,h,HOM,0,0,1,exhibition,y,,
PH5194305150,parnr102,PH5,1,7,value,33,3,0,1,0,0,,,,,1,19430515,0,PHI17,h,NW2,0,1,0,regular,y,,
NW2194305160,parnr102,PH5,1,7,value,24,1,,0,,0,,,,,,19430516,0,NWK04,v,NW2,0,1,0,regular,,,
PH5194305220,parnr102,PH5,1,7,value,27,0,0,1,0,0,,,,,1,19430522,0,PHI17,h,HOM,0,1,0,regular,y,,
HOM194305231,parnr102,PH5,1,7,value,24,1,0,0,0,0,,,,,1,19430523,1,WAS09,v,HOM,0,1,0,regular,y,d,
HOM194305232,parnr102,PH5,1,7,value,18,2,0,0,0,0,,,,,1,19430523,2,WAS09,v,HOM,0,1,0,regular,y,d,
PH5194305270,parnr102,PH5,1,7,value,27,1,0,1,0,0,,,,,1,19430527,0,PHI17,h,HSL,1,0,0,regular,y,,
NY5194305301,parnr102,PH5,1,7,value,27,3,0,1,0,0,,,,,1,19430530,1,NYC14,v,NY5,1,0,0,regular,y,,
PH5194305311,parnr102,PH5,1,7,value,27,1,0,0,0,0,,,,,1,19430531,1,PHI17,h,NY6,1,0,0,regular,y,,
PH5194305312,parnr102,PH5,1,7,value,27,1,0,0,0,0,,,,,1,19430531,2,PHI17,h,NY6,0,1,0,regular,y,,
PH5194306030,parnr102,PH5,1,7,value,,0,0,0,0,0,,,,,1,19430603,0,PHI17,h,NY5,1,0,0,regular,y,,
PH5194306050,parnr102,PH5,1,7,value,27,1,0,0,0,0,,,,,1,19430605,0,PHI17,h,HOM,1,0,0,regular,y,,
HSL194306061,parnr102,PH5,1,7,value,27,4,0,0,0,0,,,,,1,19430606,1,HRB01,v,HSL,1,0,0,regular,y,d,
HSL194306062,parnr102,PH5,1,7,value,12,1,0,0,0,0,,,,,1,19430606,2,HRB01,v,HSL,0,1,0,regular,y,d,
PH5194306120,parnr102,PH5,1,7,value,27,1,0,0,0,0,,,,,1,19430612,0,PHI17,h,NY5,0,1,0,regular,y,,
HSL194306132,parnr102,PH5,1,7,value,24,3,0,0,0,0,,,,,1,19430613,2,NYC16,v,HSL,0,1,0,regular,y,d,
PH5194306190,parnr102,PH5,1,7,value,27,3,0,1,0,0,,,,,1,19430619,0,PHI17,h,HOM,0,1,0,regular,y,,
PH5194306240,parnr102,PH5,1,7,value,,2,0,0,0,0,0,0,0,,,19430624,0,PHI17,h,NY5,1,0,0,regular,y,,
BLG194306271,parnr102,PH5,1,7,value,27,2,0,1,0,0,,,,,1,19430627,1,BAL14,v,BLG,1,0,0,regular,y,,
BLG194306272,parnr102,PH5,1,7,value,24,1,0,0,0,0,,,,,1,19430627,2,BAL14,v,BLG,0,1,0,regular,y,d,
PH5194307100,parnr102,PH5,1,7,value,,0,0,0,0,0,,,,,,19430710,0,PHI17,h,BLG,1,0,0,regular,y,,
PH5194307111,parnr102,PH5,1,7,value,27,1,0,2,0,0,,,,,1,19430711,1,NYC16,h,BLG,0,1,0,regular,y,,
PH5194307150,parnr102,PH5,1,7,value,33,4,0,1,0,0,0,0,0,,1,19430715,0,PHI17,h,NW2,0,1,0,regular,y,,
PH5194307170,parnr102,PH5,1,7,value,27,2,1,0,0,0,,,,,1,19430717,0,PHI17,h,NY5,1,0,0,regular,y,,
BLG194307181,parnr102,PH5,1,7,value,24,1,0,0,0,0,,,,,1,19430718,1,BAL14,v,BLG,0,1,0,regular,y,d,
BLG194307182,parnr102,PH5,1,7,value,18,1,0,0,0,0,,,,,1,19430718,2,BAL14,v,BLG,0,1,0,regular,y,d,
PH5194307240,parnr102,PH5,1,7,value,27,0,0,0,0,0,0,0,0,,1,19430724,0,PHI17,h,HOM,0,1,0,regular,y,,
PH5194307252,parnr102,PH5,1,7,value,27,2,0,0,0,0,,,,,1,19430725,2,NYC14,h,HOM,0,1,0,regular,y,,
PH5194307290,parnr102,PH5,1,7,value,27,0,0,0,0,0,,,,,1,19430729,0,PHI17,h,NY5,1,0,0,regular,y,,
PH5194308040,parnr102,PH5,1,7,value,15,0,0,0,0,0,0,0,0,,,19430804,0,PHI11,h,KCM,0,1,0,exhibition,y,,
NY6194308081,parnr102,PH5,1,7,value,18,0,0,0,0,0,,,,,1,19430808,1,NYC16,v,NY6,0,1,0,regular,y,,
PH5194308120,parnr102,PH5,1,7,value,27,2,1,0,0,0,,,,,1,19430812,0,PHI17,h,NY6,1,0,0,regular,y,,
PH5194308190,parnr102,PH5,1,7,value,27,2,0,0,0,0,,,,,1,19430819,0,PHI17,h,NW2,1,0,0,regular,y,,
PH5194308260,parnr102,PH5,1,7,value,33,1,0,0,0,0,0,0,0,,1,19430826,0,PHI17,h,BLG,0,0,1,regular,y,,
PH5194308280,parnr102,PH5,1,3,value,,1,0,0,0,0,,,,,,19430828,0,PHI17,h,NY5,1,0,0,regular,y,,
HOM194309020,parnr102,PH5,1,7,value,27,2,0,0,0,0,,,,,1,19430902,0,WAS09,v,HOM,1,0,0,regular,y,d,
PH5194309040,parnr102,PH5,1,7,value,,2,1,0,0,0,,,,,1,19430904,0,PHI17,h,BIR,1,0,0,exhibition,y,,
NNS194309191,parnr102,NNS,1,7,value,27,0,0,0,0,0,,,,,1,19430919,1,PHI17,h,HOM,1,0,0,exhibition,y,d,
NNS194309192,parnr102,NNS,1,7,value,21,0,0,0,0,0,,,,,1,19430919,2,PHI17,h,HOM,0,1,0,exhibition,y,,
