gid,id,team,d_seq,d_pos,stattype,d_ifouts,d_po,d_a,d_e,d_dp,d_tp,d_pb,d_wp,d_sb,d_cs,d_gs,date,number,site,vishome,opp,win,loss,tie,gametype,box,pbp,eject
PRG193310151,lillg101,PIR,1,5,value,24,3,0,0,0,0,,,,,1,19331015,1,LOS05,v,PRG,0,1,0,exhibition,y,,
PRG193310152,lillg101,PIR,1,5,value,21,0,2,0,0,0,,,,,1,19331015,2,LOS05,v,PRG,1,0,0,exhibition,y,,
PRG193310291,lillg101,PIR,1,5,value,24,0,1,0,0,0,,,,,1,19331029,1,LOS05,v,PRG,0,1,0,exhibition,y,,
PRG193310292,lillg101,PIR,1,5,value,21,1,0,1,0,0,,,,,1,19331029,2,LOS05,v,PRG,1,0,0,exhibition,y,,
PRG193311121,lillg101,PIR,1,5,value,24,3,4,1,1,0,,,,,1,19331112,1,LOS05,v,PRG,0,1,0,exhibition,y,,
PRG193311122,lillg101,PIR,1,5,value,18,0,1,0,0,0,,,,,1,19331112,2,LOS05,v,PRG,1,0,0,exhibition,y,,
PRG193312251,lillg101,PIR,1,5,value,27,0,0,0,0,0,,,,,1,19331225,1,LOS05,v,PRG,1,0,0,exhibition,y,,
PRG193410200,lillg101,WHK,1,5,value,24,1,1,1,0,0,,,,,1,19341020,0,LOS05,v,PRG,0,1,0,exhibition,y,,
PRG193410211,lillg101,WHK,1,5,value,33,2,5,1,1,0,,,,,1,19341021,1,LOS05,v,PRG,1,0,0,exhibition,y,y,
PRG193411040,lillg101,WHK,1,5,value,24,1,1,0,0,0,,,,,1,19341104,0,LOS05,v,PRG,0,1,0,exhibition,y,y,
ASD193510310,lillg101,ASD,1,5,value,27,2,1,1,0,0,,,,,1,19351031,0,LOS02,h,PRG,1,0,0,exhibition,y,,
NY1193605120,lillg101,CHN,1,5,value,8,0,0,0,0,0,,,,,0,19360512,0,NYC14,v,NY1,0,1,0,regular,y,y,
CHN193605260,lillg101,CHN,1,6,value,27,2,2,0,0,0,,,,,1,19360526,0,CHI11,h,CIN,1,0,0,regular,y,y,
CHN193605270,lillg101,CHN,1,6,value,27,5,2,1,0,0,,,,,1,19360527,0,CHI11,h,CIN,0,1,0,regular,y,y,
CHN193605280,lillg101,CHN,1,6,value,18,1,3,0,2,0,,,,,0,19360528,0,CHI11,h,CIN,1,0,0,regular,y,y,
CHN193605290,lillg101,CHN,1,6,value,27,1,2,0,0,0,,,,,1,19360529,0,CHI11,h,CIN,1,0,0,regular,y,y,
CHN193606060,lillg101,CHN,1,5,value,27,2,2,1,0,0,,,,,1,19360606,0,CHI11,h,BRO,1,0,0,regular,y,y,
CHN193606070,lillg101,CHN,1,5,value,27,0,1,0,0,0,,,,,1,19360607,0,CHI11,h,BRO,1,0,0,regular,y,y,
CHN193904260,lillg101,CHN,1,1,value,27,0,1,0,0,0,,,,,1,19390426,0,CHI11,h,PIT,1,0,0,regular,y,y,
CHN193904300,lillg101,CHN,1,1,value,27,1,1,0,0,0,,,,,1,19390430,0,CHI11,h,SLN,1,0,0,regular,y,y,
BRO193905050,lillg101,CHN,1,1,value,16,0,2,0,0,0,,,,,1,19390505,0,NYC15,v,BRO,0,1,0,regular,y,y,
NY1193905090,lillg101,CHN,1,1,value,15,0,0,0,0,0,,,,,1,19390509,0,NYC14,v,NY1,1,0,0,regular,y,y,
PIT193905140,lillg101,CHN,1,1,value,21,0,1,0,0,0,,,,,1,19390514,0,PIT06,v,PIT,0,1,0,regular,y,y,
CHN193905190,lillg101,CHN,1,1,value,4,0,0,0,0,0,,,,,1,19390519,0,CHI11,h,NY1,0,1,0,regular,y,y,
CHN193905260,lillg101,CHN,1,1,value,5,0,0,0,0,0,,,,,0,19390526,0,CHI11,h,PIT,0,1,0,regular,y,y,
CHN193905270,lillg101,CHN,1,1,value,6,0,0,0,0,0,,,,,0,19390527,0,CHI11,h,PIT,0,1,0,regular,y,y,
PHI193906050,lillg101,CHN,1,1,value,12,0,1,0,0,0,,,,,0,19390605,0,PHI11,v,PHI,0,1,0,regular,y,y,
PHI193906060,lillg101,CHN,1,1,value,2,0,0,0,0,0,,,,,0,19390606,0,PHI11,v,PHI,0,1,0,regular,y,y,
CHN193906160,lillg101,CHN,1,1,value,3,0,0,0,0,0,,,,,0,19390616,0,CHI11,h,NY1,0,1,0,regular,y,y,
CHN193907022,lillg101,CHN,1,1,value,0,0,0,0,0,0,,,,,0,19390702,2,CHI11,h,CIN,1,0,0,regular,y,y,
CHN193907042,lillg101,CHN,1,1,value,6,0,0,0,0,0,,,,,0,19390704,2,CHI11,h,SLN,1,0,0,regular,y,y,
PIT193907050,lillg101,CHN,1,1,value,8,0,0,0,0,0,,,,,0,19390705,0,PIT06,v,PIT,0,1,0,regular,y,y,
CIN193907090,lillg101,CHN,1,1,value,1,0,1,0,0,0,,,,,1,19390709,0,CIN07,v,CIN,0,1,0,regular,y,y,
CHN193908060,lillg101,CHN,1,1,value,3,0,1,0,0,0,,,,,0,19390806,0,CHI11,h,BSN,0,1,0,regular,y,y,
CHN193908092,lillg101,CHN,1,1,value,2,1,0,0,0,0,,,,,0,19390809,2,CHI11,h,CIN,0,1,0,regular,y,y,
CHN193909080,lillg101,CHN,1,1,value,6,1,1,0,0,0,,,,,0,19390908,0,CHI11,h,SLN,0,1,0,regular,y,y,
CHN193909151,lillg101,CHN,1,1,value,0,0,0,0,0,0,,,,,0,19390915,1,CHI11,h,PHI,0,1,0,regular,y,y,
CHN193909171,lillg101,CHN,1,1,value,1,0,0,0,0,0,,,,,0,19390917,1,CHI11,h,BRO,0,1,0,regular,y,y,
PHI194005150,lillg101,SLN,1,1,value,5,0,0,0,0,0,,,,,1,19400515,0,PHI11,v,PHI,0,1,0,regular,y,y,
NY1194005200,lillg101,SLN,1,1,value,9,0,1,0,0,0,,,,,0,19400520,0,NYC14,v,NY1,0,1,0,regular,y,y,
