gid,id,team,d_seq,d_pos,stattype,d_ifouts,d_po,d_a,d_e,d_dp,d_tp,d_pb,d_wp,d_sb,d_cs,d_gs,date,number,site,vishome,opp,win,loss,tie,gametype,box,pbp,eject
BSN193204250,todda101,PHI,1,2,value,33,8,0,2,1,0,0,0,2,0,1,19320425,0,BOS08,v,BSN,1,0,0,regular,y,d,
SLN193205120,todda101,PHI,1,2,value,6,3,1,0,0,0,0,0,0,1,0,19320512,0,STL07,v,SLN,0,1,0,regular,y,y,
SLN193205130,todda101,PHI,1,2,value,29,6,0,1,1,0,0,0,0,0,1,19320513,0,STL07,v,SLN,0,1,0,regular,y,y,
BSN193205200,todda101,PHI,1,2,value,6,0,1,1,0,0,0,0,0,0,0,19320520,0,BOS08,v,BSN,0,1,0,regular,y,y,
NY1193206042,todda101,PHI,1,2,value,3,0,0,0,0,0,0,0,0,0,0,19320604,2,NYC14,v,NY1,0,1,0,regular,y,y,
PHI193206181,todda101,PHI,1,2,value,6,1,0,0,0,0,0,0,0,0,0,19320618,1,PHI09,h,SLN,1,0,0,regular,y,y,
PHI193207042,todda101,PHI,1,2,value,6,1,0,0,0,0,0,0,0,0,0,19320704,2,PHI09,h,BSN,0,1,0,regular,y,y,
SLN193207101,todda101,PHI,1,2,value,12,2,1,0,0,0,0,0,0,0,0,19320710,1,STL07,v,SLN,0,1,0,regular,y,d,
CIN193207130,todda101,PHI,1,2,value,24,2,0,0,0,0,0,0,0,0,1,19320713,0,CIN07,v,CIN,1,0,0,regular,y,y,
CIN193207140,todda101,PHI,1,2,value,12,3,0,0,0,0,0,0,0,0,1,19320714,0,CIN07,v,CIN,1,0,0,regular,y,y,
PIT193207191,todda101,PHI,1,2,value,18,3,0,1,0,0,0,0,1,0,1,19320719,1,PIT06,v,PIT,0,1,0,regular,y,y,
PHI193207231,todda101,PHI,1,2,value,12,0,0,0,0,0,0,0,0,0,0,19320723,1,PHI09,h,BRO,1,0,0,regular,y,y,
PHI193208040,todda101,PHI,1,2,value,15,2,0,0,0,0,0,0,1,0,0,19320804,0,PHI09,h,CHN,0,1,0,regular,y,y,
PHI193208062,todda101,PHI,1,2,value,18,0,0,0,0,0,0,0,0,0,1,19320806,2,PHI09,h,CHN,0,1,0,regular,y,y,
PHI193208100,todda101,PHI,1,2,value,3,0,0,0,0,0,0,0,0,0,0,19320810,0,PHI09,h,SLN,0,1,0,regular,y,y,
SLN193208181,todda101,PHI,1,2,value,27,4,0,0,0,0,0,0,0,0,1,19320818,1,STL07,v,SLN,1,0,0,regular,y,y,
CHN193208210,todda101,PHI,1,2,value,24,0,0,0,0,0,0,0,0,0,1,19320821,0,CHI11,v,CHN,0,1,0,regular,y,y,
PIT193208251,todda101,PHI,1,2,value,27,4,0,0,0,0,0,0,0,0,1,19320825,1,PIT06,v,PIT,1,0,0,regular,y,y,
CIN193208270,todda101,PHI,1,2,value,3,0,0,0,0,0,0,0,0,0,0,19320827,0,CIN07,v,CIN,0,1,0,regular,y,y,
CIN193208281,todda101,PHI,1,2,value,21,6,0,1,0,0,0,0,0,0,1,19320828,1,CIN07,v,CIN,1,0,0,regular,y,y,
PHI193209051,todda101,PHI,1,2,value,25,3,0,0,0,0,0,0,0,0,1,19320905,1,PHI09,h,NY1,1,0,0,regular,y,y,
PHI193209101,todda101,PHI,1,2,value,27,2,0,1,0,0,1,0,0,0,1,19320910,1,PHI09,h,PIT,0,1,0,regular,y,y,
PHI193209140,todda101,PHI,1,2,value,27,0,0,0,0,0,0,0,0,0,1,19320914,0,PHI09,h,CIN,1,0,0,regular,y,y,
PHI193209190,todda101,PHI,1,2,value,27,4,0,0,0,0,0,0,0,0,1,19320919,0,PHI09,h,BRO,1,0,0,regular,y,y,
NY1193209241,todda101,PHI,1,2,value,24,5,1,0,0,0,0,0,0,0,1,19320924,1,NYC14,v,NY1,0,1,0,regular,y,y,
PTC193209270,todda101,NLN,1,3,value,24,11,0,0,0,0,,,,,1,19320927,0,YOR01,v,PTC,0,1,0,exhibition,y,,
PTC193209280,todda101,NLN,1,3,value,27,9,0,1,0,0,,,,,1,19320928,0,PIT09,v,PTC,1,0,0,exhibition,y,,
PTC193209300,todda101,NLN,1,3,value,24,15,0,0,3,0,,,,,1,19320930,0,ALT02,v,PTC,0,1,0,exhibition,y,,
PTC193210011,todda101,NLN,1,2,value,21,4,1,1,0,0,0,,,,1,19321001,1,PIT09,v,PTC,0,1,0,exhibition,y,,
PTC193210012,todda101,NLN,1,3,value,27,9,0,0,0,0,,,,,1,19321001,2,PIT09,v,PTC,1,0,0,exhibition,y,,
PTC193210021,todda101,NLN,1,3,value,,12,0,0,0,0,,,,,1,19321002,1,CLE07,v,PTC,0,1,0,exhibition,y,,
PHI193305010,todda101,PHI,1,2,value,6,1,0,0,0,0,0,0,0,0,0,19330501,0,PHI09,h,PIT,0,1,0,regular,y,y,
PHI193305020,todda101,PHI,1,7,value,27,2,0,0,0,0,,,,,1,19330502,0,PHI09,h,PIT,1,0,0,regular,y,y,
PHI193305040,todda101,PHI,1,7,value,27,3,0,0,0,0,,,,,1,19330504,0,PHI09,h,SLN,0,1,0,regular,y,y,
PHI193305102,todda101,PHI,1,2,value,27,5,1,0,0,0,0,0,0,1,1,19330510,2,PHI09,h,CIN,0,1,0,regular,y,y,
CIN193305190,todda101,PHI,1,2,value,6,0,0,0,0,0,0,0,0,0,0,19330519,0,CIN07,v,CIN,1,0,0,regular,y,y,
CIN193305212,todda101,PHI,1,2,value,24,3,0,0,0,0,0,0,0,0,1,19330521,2,CIN07,v,CIN,0,1,0,regular,y,y,
SLN193305260,todda101,PHI,1,2,value,8,0,1,0,0,0,0,0,0,1,0,19330526,0,STL07,v,SLN,0,1,0,regular,y,y,
SLN193305282,todda101,PHI,1,2,value,24,2,0,0,0,0,0,0,2,0,1,19330528,2,STL07,v,SLN,0,1,0,regular,y,d,
PHI193306010,todda101,PHI,1,2,value,27,6,1,0,0,0,0,1,1,0,1,19330601,0,PHI09,h,NY1,0,1,0,regular,y,y,
PHI193306032,todda101,PHI,1,2,value,27,4,2,1,1,0,0,0,0,1,1,19330603,2,PHI09,h,NY1,0,1,0,regular,y,y,
PHI193306032,todda101,PHI,1,2,official,,,,0,1,,0,,,,1,19330603,2,PHI09,h,NY1,0,1,0,regular,y,y,
BSN193306042,todda101,PHI,1,2,value,3,0,0,0,0,0,0,0,0,0,0,19330604,2,BOS08,v,BSN,0,1,0,regular,y,d,
NY1193306080,todda101,PHI,1,2,value,24,5,0,0,0,0,0,0,0,0,1,19330608,0,NYC14,v,NY1,0,1,0,regular,y,y,
PHI193306171,todda101,PHI,1,2,value,12,1,0,0,0,0,0,0,0,0,0,19330617,1,PHI09,h,BSN,0,1,0,regular,y,y,
PHI193306281,todda101,PHI,1,2,value,27,3,0,1,0,0,0,0,0,0,1,19330628,1,PHI09,h,CHN,0,1,0,regular,y,y,
PHI193306282,todda101,PHI,1,2,value,27,3,1,0,0,0,0,1,2,1,1,19330628,2,PHI09,h,CHN,0,1,0,regular,y,y,
PHI193306290,todda101,PHI,1,2,value,27,2,1,0,0,0,0,0,0,0,1,19330629,0,PHI09,h,PIT,1,0,0,regular,y,y,
PHI193306300,todda101,PHI,1,2,value,27,4,2,0,1,0,0,0,1,0,1,19330630,0,PHI09,h,PIT,1,0,0,regular,y,y,
PHI193307011,todda101,PHI,1,2,value,27,3,0,0,0,0,0,1,0,0,1,19330701,1,PHI09,h,PIT,1,0,0,regular,y,y,
PHI193307012,todda101,PHI,1,2,value,21,3,1,0,0,0,0,0,0,1,1,19330701,2,PHI09,h,PIT,0,1,0,regular,y,y,
CHN193307220,todda101,PHI,1,2,value,3,0,0,0,0,0,0,1,0,0,0,19330722,0,CHI11,v,CHN,0,1,0,regular,y,y,
CHN193307231,todda101,PHI,1,2,value,7,2,0,0,0,0,0,0,0,0,0,19330723,1,CHI11,v,CHN,0,1,0,regular,y,y,
PHI193307280,todda101,PHI,1,2,value,18,0,0,0,0,0,0,0,0,0,0,19330728,0,PHI09,h,BSN,1,0,0,regular,y,y,
PHI193307291,todda101,PHI,1,2,value,13,1,1,1,0,0,0,0,1,1,0,19330729,1,PHI09,h,BRO,0,1,0,regular,y,y,
PHI193308162,todda101,PHI,1,2,value,27,5,0,0,0,0,1,0,1,0,1,19330816,2,PHI09,h,SLN,1,0,0,regular,y,y,
PHI193308170,todda101,PHI,1,2,value,27,5,2,0,0,0,0,1,0,0,1,19330817,0,PHI09,h,SLN,0,1,0,regular,y,y,
PHI193308192,todda101,PHI,1,2,value,27,3,0,0,0,0,0,0,0,0,1,19330819,2,PHI09,h,CIN,1,0,0,regular,y,y,
PHI193308252,todda101,PHI,1,2,value,27,6,2,0,1,0,0,1,0,0,1,19330825,2,PHI09,h,CHN,0,1,0,regular,y,y,
PHI193308262,todda101,PHI,1,2,value,27,4,0,0,0,0,0,0,0,0,1,19330826,2,PHI09,h,CHN,1,0,0,regular,y,y,
SLN193309062,todda101,PHI,1,2,value,26,5,2,0,0,0,0,0,2,2,1,19330906,2,STL07,v,SLN,0,1,0,regular,y,y,
SLN193309080,todda101,PHI,1,2,value,3,0,0,0,0,0,0,0,0,0,0,19330908,0,STL07,v,SLN,0,1,0,regular,y,y,
CIN193309152,todda101,PHI,1,2,value,21,4,1,0,0,0,0,0,0,1,1,19330915,2,CIN07,v,CIN,0,1,0,regular,y,y,
CIN193309162,todda101,PHI,1,2,value,24,3,0,0,0,0,0,0,0,0,1,19330916,2,CIN07,v,CIN,0,1,0,regular,y,y,
PIT193309192,todda101,PHI,1,2,value,6,1,0,0,0,0,0,0,0,0,0,19330919,2,PIT06,v,PIT,1,0,0,regular,y,y,
BRO193309241,todda101,PHI,1,2,value,9,1,1,0,0,0,0,0,0,0,0,19330924,1,NYC15,v,BRO,0,1,0,regular,y,y,
PHI193309260,todda101,PHI,1,2,value,27,6,4,0,0,0,0,1,0,2,1,19330926,0,PHI09,h,BRO,1,0,0,regular,y,y,
NY1193309272,todda101,PHI,1,2,value,27,2,0,0,0,0,0,0,0,0,1,19330927,2,NYC14,v,NY1,1,0,0,regular,y,y,
PHI193404300,todda101,PHI,1,2,value,30,2,0,0,0,0,0,0,0,0,1,19340430,0,PHI09,h,BSN,1,0,0,regular,y,d,
PHI193405010,todda101,PHI,1,2,value,27,1,0,1,0,0,0,0,0,0,1,19340501,0,PHI09,h,BSN,1,0,0,regular,y,y,
SLN193405050,todda101,PHI,1,2,value,24,2,0,0,0,0,0,0,0,0,1,19340505,0,STL07,v,SLN,0,1,0,regular,y,y,
CHN193405060,todda101,PHI,1,2,value,15,0,0,0,0,0,0,0,1,0,0,19340506,0,CHI11,v,CHN,0,1,0,regular,y,y,
PIT193405090,todda101,PHI,1,2,value,27,5,1,0,0,0,0,1,0,0,1,19340509,0,PIT06,v,PIT,1,0,0,regular,y,y,
PIT193405110,todda101,PHI,1,2,value,27,4,1,0,0,0,0,0,0,1,1,19340511,0,PIT06,v,PIT,0,1,0,regular,y,y,
PIT193405120,todda101,PHI,1,2,value,24,3,0,0,0,0,0,0,0,0,1,19340512,0,PIT06,v,PIT,0,1,0,regular,y,y,
PHI193405170,todda101,PHI,1,2,value,9,1,0,0,0,0,0,0,0,0,0,19340517,0,PHI09,h,CHN,0,1,0,regular,y,y,
PHI193405180,todda101,PHI,1,2,value,15,3,1,0,0,0,0,0,0,1,0,19340518,0,PHI09,h,CHN,0,1,0,regular,y,y,
PHI193405190,todda101,PHI,1,2,value,33,10,1,0,0,0,0,0,1,0,1,19340519,0,PHI09,h,CHN,1,0,0,regular,y,y,
PHI193405200,todda101,PHI,1,2,value,27,3,0,0,0,0,0,0,0,0,1,19340520,0,PHI09,h,PIT,1,0,0,regular,y,y,
PHI193405210,todda101,PHI,1,2,value,27,5,2,0,0,0,0,0,0,1,1,19340521,0,PHI09,h,PIT,0,1,0,regular,y,d,
PHI193405220,todda101,PHI,1,2,value,21,3,0,0,0,0,0,1,0,0,1,19340522,0,PHI09,h,PIT,0,1,0,regular,y,d,
PHI193405230,todda101,PHI,1,2,value,27,3,0,0,0,0,0,0,0,0,1,19340523,0,PHI09,h,CIN,1,0,0,regular,y,y,
PHI193405240,todda101,PHI,1,2,value,27,6,0,0,0,0,0,0,0,0,1,19340524,0,PHI09,h,CIN,1,0,0,regular,y,y,
PHI193405280,todda101,PHI,1,2,value,27,4,0,0,0,0,0,0,0,0,1,19340528,0,PHI09,h,SLN,0,1,0,regular,y,y,
BSN193405301,todda101,PHI,1,2,value,24,1,0,0,0,0,1,0,0,0,1,19340530,1,BOS08,v,BSN,0,1,0,regular,y,d,
NY1193406010,todda101,PHI,1,2,value,25,2,1,0,1,0,1,1,0,0,1,19340601,0,NYC14,v,NY1,0,1,0,regular,y,y,
NY1193406020,todda101,PHI,1,2,value,25,3,0,0,0,0,0,1,0,0,1,19340602,0,NYC14,v,NY1,0,1,0,regular,y,y,
PHI193406051,todda101,PHI,1,2,value,27,3,0,0,0,0,0,0,0,0,1,19340605,1,PHI09,h,BRO,1,0,0,regular,y,y,
PHI193406080,todda101,PHI,1,2,value,27,3,0,0,0,0,0,0,0,0,1,19340608,0,PHI09,h,NY1,1,0,0,regular,y,y,
PHI193406090,todda101,PHI,1,2,value,27,6,0,0,0,0,0,0,0,0,1,19340609,0,PHI09,h,NY1,0,1,0,regular,y,y,
PHI193406100,todda101,PHI,1,2,value,27,3,0,1,0,0,0,0,2,0,1,19340610,0,PHI09,h,NY1,0,1,0,regular,y,y,
CHN193406120,todda101,PHI,1,2,value,24,5,1,0,0,0,0,0,0,1,1,19340612,0,CHI11,v,CHN,0,1,0,regular,y,y,
CHN193406150,todda101,PHI,1,2,value,30,5,1,0,1,0,0,0,2,1,1,19340615,0,CHI11,v,CHN,1,0,0,regular,y,y,
SLN193406171,todda101,PHI,1,2,value,24,3,1,0,0,0,0,0,0,0,1,19340617,1,STL07,v,SLN,0,1,0,regular,y,y,
SLN193406190,todda101,PHI,1,2,value,18,3,1,0,0,0,0,0,0,1,0,19340619,0,STL07,v,SLN,1,0,0,regular,y,y,
CIN193406201,todda101,PHI,1,2,value,24,4,1,0,0,0,0,0,0,1,1,19340620,1,CIN07,v,CIN,0,1,0,regular,y,y,
CIN193406202,todda101,PHI,1,2,value,27,3,0,0,0,0,0,0,0,0,1,19340620,2,CIN07,v,CIN,1,0,0,regular,y,y,
CIN193406210,todda101,PHI,1,2,value,24,0,0,1,0,0,0,0,0,0,1,19340621,0,CIN07,v,CIN,0,1,0,regular,y,y,
CIN193406220,todda101,PHI,1,2,value,30,3,0,0,0,0,0,0,0,0,1,19340622,0,CIN07,v,CIN,1,0,0,regular,y,y,
CIN193406231,todda101,PHI,1,2,value,26,3,0,0,0,0,0,0,0,0,1,19340623,1,CIN07,v,CIN,0,1,0,regular,y,y,
PIT193406240,todda101,PHI,1,2,value,24,3,0,0,0,0,0,2,0,0,1,19340624,0,PIT06,v,PIT,0,1,0,regular,y,y,
PIT193406250,todda101,PHI,1,2,value,6,0,0,0,0,0,0,0,0,0,0,19340625,0,PIT06,v,PIT,0,1,0,regular,y,y,
PIT193406261,todda101,PHI,1,2,value,27,3,0,0,0,0,0,0,0,0,1,19340626,1,PIT06,v,PIT,1,0,0,regular,y,y,
PIT193406262,todda101,PHI,1,2,value,15,3,0,0,0,0,0,0,1,0,1,19340626,2,PIT06,v,PIT,0,1,0,regular,y,y,
BSN193406300,todda101,PHI,1,2,value,3,1,0,0,0,0,0,0,0,0,0,19340630,0,BOS08,v,BSN,0,1,0,regular,y,y,
BSN193407011,todda101,PHI,1,2,value,24,2,0,0,0,0,0,0,0,0,1,19340701,1,BOS08,v,BSN,0,1,0,regular,y,d,
BRO193407030,todda101,PHI,1,2,value,27,7,0,0,0,0,0,0,0,0,1,19340703,0,NYC15,v,BRO,1,0,0,regular,y,y,
PHI193407041,todda101,PHI,1,2,value,27,2,0,0,0,0,0,0,0,0,1,19340704,1,PHI09,h,BRO,0,1,0,regular,y,d,
PHI193407060,todda101,PHI,1,2,value,27,2,0,0,0,0,0,1,1,0,1,19340706,0,PHI09,h,BSN,0,1,0,regular,y,d,
PHI193407071,todda101,PHI,1,2,value,27,7,0,0,0,0,0,0,0,0,1,19340707,1,PHI09,h,BSN,1,0,0,regular,y,y,
PHI193407121,todda101,PHI,1,2,value,18,4,1,0,0,0,0,0,0,0,1,19340712,1,PHI09,h,SLN,0,1,0,regular,y,y,
PHI193407141,todda101,PHI,1,2,value,21,3,0,0,0,0,0,0,0,0,1,19340714,1,PHI09,h,CIN,1,0,0,regular,y,y,
PHI193407142,todda101,PHI,1,2,value,9,2,0,0,0,0,0,0,0,0,0,19340714,2,PHI09,h,CIN,1,0,0,regular,y,y,
PHI193407150,todda101,PHI,1,2,value,27,6,0,0,0,0,0,0,0,0,1,19340715,0,PHI09,h,CIN,1,0,0,regular,y,y,
PHI193407170,todda101,PHI,1,2,value,27,4,0,0,0,0,0,0,0,0,1,19340717,0,PHI09,h,CIN,1,0,0,regular,y,y,
PHI193407180,todda101,PHI,1,2,value,27,4,0,1,0,0,0,0,1,0,1,19340718,0,PHI09,h,CIN,0,1,0,regular,y,y,
PHI193407190,todda101,PHI,1,2,value,27,4,1,0,0,0,0,0,0,1,1,19340719,0,PHI09,h,CHN,0,1,0,regular,y,y,
PHI193407211,todda101,PHI,1,2,value,27,6,1,0,1,0,1,0,0,1,1,19340721,1,PHI09,h,CHN,0,1,0,regular,y,y,
PHI193407212,todda101,PHI,1,2,value,18,4,0,0,1,0,0,1,1,0,1,19340721,2,PHI09,h,CHN,0,1,0,regular,y,y,
PHI193407220,todda101,PHI,1,2,value,36,7,1,0,0,0,1,2,0,0,1,19340722,0,PHI09,h,CHN,1,0,0,regular,y,d,
PHI193407230,todda101,PHI,1,2,value,27,3,1,1,0,0,0,0,0,1,1,19340723,0,PHI09,h,PIT,1,0,0,regular,y,y,
PHI193407240,todda101,PHI,1,2,value,27,5,0,0,0,0,0,0,0,0,1,19340724,0,PHI09,h,PIT,1,0,0,regular,y,d,
PHI193407261,todda101,PHI,1,2,value,27,1,0,0,0,0,0,0,0,0,1,19340726,1,PHI09,h,PIT,0,1,0,regular,y,y,
PHI193407262,todda101,PHI,1,2,value,27,4,1,0,0,0,0,0,0,0,1,19340726,2,PHI09,h,PIT,1,0,0,regular,y,y,
NY1193407270,todda101,PHI,1,2,value,18,2,0,0,0,0,0,0,0,0,1,19340727,0,NYC14,v,NY1,0,1,0,regular,y,y,
NY1193407291,todda101,PHI,1,2,value,27,3,0,0,0,0,0,0,1,0,1,19340729,1,NYC14,v,NY1,1,0,0,regular,y,d,
BRO193408020,todda101,PHI,1,2,value,21,2,0,0,0,0,0,0,0,0,1,19340802,0,NYC15,v,BRO,0,1,0,regular,y,y,
PHI193408030,todda101,PHI,1,2,value,27,5,0,0,0,0,0,0,0,0,1,19340803,0,PHI09,h,NY1,0,1,0,regular,y,y,
PHI193408041,todda101,PHI,1,2,value,27,6,0,0,0,0,0,0,0,0,1,19340804,1,PHI09,h,NY1,1,0,0,regular,y,y,
PHI193408050,todda101,PHI,1,2,value,27,3,2,0,0,0,0,0,0,1,1,19340805,0,PHI09,h,NY1,0,1,0,regular,y,y,
PHI193408110,todda101,PHI,1,2,value,27,8,1,0,1,0,0,0,0,1,1,19340811,0,PHI09,h,BRO,1,0,0,regular,y,y,
SLN193408140,todda101,PHI,1,2,value,12,2,0,0,0,0,0,0,0,0,0,19340814,0,STL07,v,SLN,0,1,0,regular,y,y,
SLN193408161,todda101,PHI,1,2,value,32,5,1,1,0,0,0,0,0,0,1,19340816,1,STL07,v,SLN,0,1,0,regular,y,y,
CHN193408191,todda101,PHI,1,2,value,24,3,2,0,1,0,0,0,0,1,1,19340819,1,CHI11,v,CHN,0,1,0,regular,y,y,
PIT193408230,todda101,PHI,1,2,value,26,4,0,0,0,0,0,0,0,0,1,19340823,0,PIT06,v,PIT,0,1,0,regular,y,y,
PIT193408251,todda101,PHI,1,2,value,24,4,1,0,1,0,0,0,0,1,1,19340825,1,PIT06,v,PIT,0,1,0,regular,y,y,
CIN193408261,todda101,PHI,1,2,value,24,3,3,0,0,0,0,0,1,2,1,19340826,1,CIN07,v,CIN,0,1,0,regular,y,y,
CIN193408281,todda101,PHI,1,2,value,24,3,0,0,0,0,0,0,1,0,1,19340828,1,CIN07,v,CIN,0,1,0,regular,y,y,
BSN193409021,todda101,PHI,1,2,value,24,3,0,1,0,0,0,0,0,0,1,19340902,1,BOS08,v,BSN,0,1,0,regular,y,y,
PHI193409042,todda101,PHI,1,2,value,27,3,0,0,0,0,0,0,1,0,1,19340904,2,PHI09,h,NY1,0,1,0,regular,y,y,
PHI193409091,todda101,PHI,1,2,value,27,4,0,0,0,0,0,0,2,0,1,19340909,1,PHI09,h,SLN,0,1,0,regular,y,y,
PHI193409111,todda101,PHI,1,2,value,27,3,0,0,0,0,0,0,0,0,1,19340911,1,PHI09,h,SLN,1,0,0,regular,y,y,
PHI193409151,todda101,PHI,1,2,value,27,6,2,0,0,0,0,0,1,0,1,19340915,1,PHI09,h,PIT,0,1,0,regular,y,d,
PHI193409152,todda101,PHI,1,2,value,27,5,1,0,0,0,0,0,0,0,1,19340915,2,PHI09,h,PIT,0,1,0,regular,y,d,
PHI193409181,todda101,PHI,1,2,value,27,7,1,0,0,0,1,0,0,1,1,19340918,1,PHI09,h,CHN,0,1,0,regular,y,y,
BRO193409231,todda101,PHI,1,2,value,15,2,0,0,0,0,0,0,0,0,0,19340923,1,NYC15,v,BRO,1,0,0,regular,y,y,
BRO193409232,todda101,PHI,1,2,value,18,2,0,0,0,0,0,0,0,0,1,19340923,2,NYC15,v,BRO,0,1,0,regular,y,y,
BRO193409242,todda101,PHI,1,2,value,24,2,0,0,0,0,1,1,0,0,1,19340924,2,NYC15,v,BRO,0,1,0,regular,y,y,
PHI193409290,todda101,PHI,1,2,value,27,3,0,1,0,0,0,0,0,0,1,19340929,0,PHI09,h,BSN,0,1,0,regular,y,y,
PHI193409301,todda101,PHI,1,2,value,30,5,0,0,0,0,0,0,0,0,1,19340930,1,PHI09,h,BSN,0,1,0,regular,y,d,
PHI193504180,todda101,PHI,1,2,value,30,7,0,1,0,0,0,0,0,0,1,19350418,0,PHI09,h,BRO,1,0,0,regular,y,y,
PHI193504210,todda101,PHI,1,2,value,30,4,0,0,0,0,0,0,0,0,1,19350421,0,PHI09,h,NY1,0,0,1,regular,y,y,
BRO193504250,todda101,PHI,1,2,value,24,5,2,0,0,0,0,0,0,0,1,19350425,0,NYC15,v,BRO,0,1,0,regular,y,y,
NY1193504280,todda101,PHI,1,2,value,24,1,1,0,0,0,0,0,1,0,1,19350428,0,NYC14,v,NY1,0,1,0,regular,y,y,
BSN193504290,todda101,PHI,1,2,value,12,2,1,0,1,0,0,1,0,1,0,19350429,0,BOS08,v,BSN,0,1,0,regular,y,y,
PHI193505081,todda101,PHI,1,2,value,27,7,0,1,0,0,0,0,4,0,1,19350508,1,PHI09,h,CIN,0,1,0,regular,y,y,
PHI193505111,todda101,PHI,1,2,value,27,6,2,0,0,0,0,0,0,1,1,19350511,1,PHI09,h,SLN,0,1,0,regular,y,y,
PHI193505140,todda101,PHI,1,2,value,27,0,1,0,0,0,0,0,0,1,1,19350514,0,PHI09,h,PIT,0,1,0,regular,y,y,
SLN193505210,todda101,PHI,1,2,value,24,5,1,0,0,0,0,2,0,1,0,19350521,0,STL07,v,SLN,1,0,0,regular,y,y,
SLN193505220,todda101,PHI,1,2,value,24,4,0,1,0,0,0,0,1,0,1,19350522,0,STL07,v,SLN,0,1,0,regular,y,y,
CIN193505240,todda101,PHI,1,2,value,24,3,0,0,0,0,0,0,1,0,1,19350524,0,CIN07,v,CIN,0,1,0,regular,y,y,
CIN193505250,todda101,PHI,1,2,value,24,4,1,0,0,0,0,1,1,0,1,19350525,0,CIN07,v,CIN,0,1,0,regular,y,y,
PIT193505260,todda101,PHI,1,2,value,24,6,2,0,0,0,0,0,0,0,1,19350526,0,PIT06,v,PIT,0,1,0,regular,y,y,
PIT193505270,todda101,PHI,1,2,value,27,3,0,0,0,0,0,0,0,0,1,19350527,0,PIT06,v,PIT,1,0,0,regular,y,y,
PIT193505280,todda101,PHI,1,2,value,24,2,1,0,0,0,0,0,0,0,1,19350528,0,PIT06,v,PIT,0,1,0,regular,y,d,
PHI193505301,todda101,PHI,1,2,value,27,4,1,1,0,0,0,0,0,0,1,19350530,1,PHI09,h,BSN,1,0,0,regular,y,d,
BRO193506011,todda101,PHI,1,2,value,24,6,1,0,0,0,0,0,1,0,1,19350601,1,NYC15,v,BRO,0,1,0,regular,y,y,
PHI193506051,todda101,PHI,1,2,value,27,5,0,0,0,0,0,0,0,0,1,19350605,1,PHI09,h,NY1,1,0,0,regular,y,y,
PHI193506080,todda101,PHI,1,2,value,15,1,0,0,0,0,0,0,0,0,1,19350608,0,PHI09,h,BRO,0,1,0,regular,y,y,
PHI193506121,todda101,PHI,1,2,value,27,7,0,1,0,0,0,0,0,0,1,19350612,1,PHI09,h,CHN,0,1,0,regular,y,d,
PHI193506131,todda101,PHI,1,2,value,27,9,0,0,0,0,0,0,0,0,1,19350613,1,PHI09,h,CHN,0,1,0,regular,y,y,
PHI193506170,todda101,PHI,1,2,value,9,3,0,0,0,0,0,0,0,0,0,19350617,0,PHI09,h,PIT,0,1,0,regular,y,d,
PHI193506222,todda101,PHI,1,2,value,27,3,0,0,0,0,0,0,1,0,1,19350622,2,PHI09,h,SLN,0,1,0,regular,y,y,
PHI193506231,todda101,PHI,1,2,value,27,6,0,0,0,0,0,0,0,0,1,19350623,1,PHI09,h,CIN,0,1,0,regular,y,y,
PHI193506240,todda101,PHI,1,2,value,27,7,1,0,0,0,0,0,0,1,1,19350624,0,PHI09,h,CIN,0,1,0,regular,y,y,
BSN193506271,todda101,PHI,1,2,value,24,1,0,0,0,0,0,0,1,0,1,19350627,1,BOS08,v,BSN,0,1,0,regular,y,y,
BSN193506301,todda101,PHI,1,2,value,24,1,0,0,0,0,0,0,1,0,1,19350630,1,BOS08,v,BSN,0,1,0,regular,y,y,
BRO193507042,todda101,PHI,1,2,value,21,5,0,0,0,0,0,0,0,0,1,19350704,2,NYC15,v,BRO,1,0,0,regular,y,y,
PHI193507061,todda101,PHI,1,2,value,3,0,0,0,0,0,0,0,0,0,0,19350706,1,PHI09,h,BSN,0,1,0,regular,y,y,
PHI193507062,todda101,PHI,1,2,value,27,4,0,0,0,0,0,0,1,0,1,19350706,2,PHI09,h,BSN,1,0,0,regular,y,d,
PHI193507070,todda101,PHI,1,2,value,27,2,0,1,0,0,0,0,0,0,1,19350707,0,PHI09,h,BSN,1,0,0,regular,y,d,
PHI193507070,todda101,PHI,1,2,official,,,,0,0,,0,,,,1,19350707,0,PHI09,h,BSN,1,0,0,regular,y,d,
SLN193507141,todda101,PHI,1,2,value,24,5,0,0,0,0,0,0,0,0,1,19350714,1,STL07,v,SLN,0,1,0,regular,y,y,
CHN193507150,todda101,PHI,1,2,value,29,3,2,0,0,0,0,0,0,1,1,19350715,0,CHI11,v,CHN,0,1,0,regular,y,y,
CHN193507160,todda101,PHI,1,2,value,27,2,0,0,0,0,0,0,0,0,1,19350716,0,CHI11,v,CHN,1,0,0,regular,y,y,
CHN193507170,todda101,PHI,1,2,value,27,1,1,0,0,0,0,0,0,0,1,19350717,0,CHI11,v,CHN,1,0,0,regular,y,y,
CHN193507180,todda101,PHI,1,2,value,24,4,0,0,0,0,0,1,0,0,1,19350718,0,CHI11,v,CHN,0,1,0,regular,y,y,
CIN193507190,todda101,PHI,1,2,value,24,2,1,1,0,0,0,0,1,0,1,19350719,0,CIN07,v,CIN,0,1,0,regular,y,y,
CIN193507211,todda101,PHI,1,2,value,27,2,0,0,0,0,0,0,0,0,1,19350721,1,CIN07,v,CIN,1,0,0,regular,y,y,
CIN193507212,todda101,PHI,1,2,value,27,3,0,1,0,0,0,0,1,0,1,19350721,2,CIN07,v,CIN,1,0,0,regular,y,y,
PIT193507220,todda101,PHI,1,2,value,26,1,1,0,0,0,0,0,0,0,1,19350722,0,PIT06,v,PIT,0,1,0,regular,y,y,
PIT193507241,todda101,PHI,1,2,value,24,2,1,0,1,0,0,0,0,1,1,19350724,1,PIT06,v,PIT,0,1,0,regular,y,d,
BSN193507281,todda101,PHI,1,2,value,27,4,0,0,0,0,0,0,0,0,1,19350728,1,BOS08,v,BSN,1,0,0,regular,y,d,
BSN193507282,todda101,PHI,1,2,value,16,2,0,1,0,0,0,1,0,0,0,19350728,2,BOS08,v,BSN,0,1,0,regular,y,y,
NY1193507301,todda101,PHI,1,2,value,27,3,1,0,0,0,0,0,0,1,1,19350730,1,NYC14,v,NY1,1,0,0,regular,y,y,
NY1193507302,todda101,PHI,1,2,value,24,2,1,0,0,0,0,0,0,0,1,19350730,2,NYC14,v,NY1,0,1,0,regular,y,y,
NY1193507310,todda101,PHI,1,2,value,27,6,1,0,0,0,0,0,0,1,1,19350731,0,NYC14,v,NY1,1,0,0,regular,y,y,
PHI193508020,todda101,PHI,1,2,value,27,2,1,0,0,0,0,0,2,0,1,19350802,0,PHI09,h,BRO,0,1,0,regular,y,y,
PHI193508031,todda101,PHI,1,2,value,27,7,1,1,0,0,0,0,0,0,1,19350803,1,PHI09,h,BRO,1,0,0,regular,y,y,
PHI193508032,todda101,PHI,1,2,value,27,0,0,0,0,0,0,0,0,0,1,19350803,2,PHI09,h,BRO,1,0,0,regular,y,y,
PHI193508041,todda101,PHI,1,2,value,27,3,2,0,1,0,0,0,1,1,1,19350804,1,PHI09,h,BRO,0,1,0,regular,y,y,
PHI193508042,todda101,PHI,1,2,value,27,6,0,0,0,0,0,0,0,0,1,19350804,2,PHI09,h,BRO,1,0,0,regular,y,d,
PHI193508050,todda101,PHI,1,2,value,27,4,0,0,0,0,0,0,0,0,1,19350805,0,PHI09,h,BSN,1,0,0,regular,y,y,
PHI193508060,todda101,PHI,1,2,value,27,3,0,0,0,0,0,0,0,0,1,19350806,0,PHI09,h,BSN,0,1,0,regular,y,y,
PHI193508082,todda101,PHI,1,2,value,27,3,0,0,0,0,0,0,1,0,1,19350808,2,PHI09,h,NY1,1,0,0,regular,y,y,
PHI193508090,todda101,PHI,1,2,value,27,2,0,0,0,0,0,0,0,0,1,19350809,0,PHI09,h,NY1,0,1,0,regular,y,y,
PHI193508101,todda101,PHI,1,2,value,27,3,1,1,0,0,1,0,0,0,1,19350810,1,PHI09,h,NY1,0,1,0,regular,y,y,
PHI193508110,todda101,PHI,1,2,value,27,3,0,0,0,0,0,0,0,0,1,19350811,0,PHI09,h,NY1,1,0,0,regular,y,d,
PHI193508141,todda101,PHI,1,2,value,27,2,1,0,1,0,1,0,0,0,1,19350814,1,PHI09,h,PIT,0,1,0,regular,y,y,
PHI193508141,todda101,PHI,1,2,official,,,,0,1,,0,,,,1,19350814,1,PHI09,h,PIT,0,1,0,regular,y,y,
PHI193508142,todda101,PHI,1,2,value,27,5,0,0,0,0,0,0,0,0,1,19350814,2,PHI09,h,PIT,0,1,0,regular,y,d,
PHI193508150,todda101,PHI,1,2,value,27,4,0,0,0,0,0,0,0,0,1,19350815,0,PHI09,h,PIT,1,0,0,regular,y,y,
PHI193508171,todda101,PHI,1,2,value,27,6,1,0,0,0,0,0,1,0,1,19350817,1,PHI09,h,PIT,0,1,0,regular,y,d,
PHI193508181,todda101,PHI,1,2,value,27,3,0,0,0,0,0,0,1,0,1,19350818,1,PHI09,h,CHN,0,1,0,regular,y,y,
PHI193508211,todda101,PHI,1,2,value,27,6,0,0,0,0,0,0,0,0,1,19350821,1,PHI09,h,CHN,1,0,0,regular,y,y,
PHI193508220,todda101,PHI,1,2,value,27,4,0,0,0,0,1,0,0,1,1,19350822,0,PHI09,h,CIN,0,1,0,regular,y,y,
PHI193508242,todda101,PHI,1,2,value,27,3,0,0,0,0,0,0,0,0,1,19350824,2,PHI09,h,CIN,0,1,0,regular,y,y,
PHI193508250,todda101,PHI,1,2,value,6,0,0,0,0,0,0,0,0,0,0,19350825,0,PHI09,h,CIN,1,0,0,regular,y,y,
PHI193508281,todda101,PHI,1,2,value,27,6,1,0,0,0,0,0,0,0,1,19350828,1,PHI09,h,SLN,0,1,0,regular,y,y,
PHI193508282,todda101,PHI,1,2,value,9,0,0,0,0,0,0,0,0,0,0,19350828,2,PHI09,h,SLN,0,1,0,regular,y,y,
NY1193508310,todda101,PHI,1,2,value,24,3,0,1,0,0,0,0,1,0,1,19350831,0,NYC14,v,NY1,0,1,0,regular,y,y,
NY1193509010,todda101,PHI,1,2,value,27,1,0,0,0,0,0,0,0,0,1,19350901,0,NYC14,v,NY1,1,0,0,regular,y,y,
CHN193509050,todda101,PHI,1,2,value,31,6,2,0,0,0,0,0,0,0,1,19350905,0,CHI11,v,CHN,0,1,0,regular,y,y,
SLN193509081,todda101,PHI,1,2,value,24,2,0,0,0,0,0,0,3,0,1,19350908,1,STL07,v,SLN,0,1,0,regular,y,y,
SLN193509110,todda101,PHI,1,2,value,15,1,0,0,0,0,0,0,0,0,0,19350911,0,STL07,v,SLN,0,1,0,regular,y,y,
PIT193509120,todda101,PHI,1,2,value,24,4,1,0,0,0,0,0,1,0,1,19350912,0,PIT06,v,PIT,0,1,0,regular,y,d,
PIT193509130,todda101,PHI,1,2,value,27,4,0,0,0,0,0,0,0,0,1,19350913,0,PIT06,v,PIT,1,0,0,regular,y,y,
PIT193509140,todda101,PHI,1,2,value,27,4,0,0,0,0,0,0,0,0,1,19350914,0,PIT06,v,PIT,1,0,0,regular,y,d,
PIT193509150,todda101,PHI,1,2,value,24,1,1,0,1,0,0,1,0,1,1,19350915,0,PIT06,v,PIT,0,1,0,regular,y,y,
CIN193509160,todda101,PHI,1,2,value,31,7,1,0,0,0,1,0,0,1,1,19350916,0,CIN07,v,CIN,0,1,0,regular,y,y,
CIN193509171,todda101,PHI,1,2,value,27,2,0,0,0,0,0,0,0,0,1,19350917,1,CIN07,v,CIN,1,0,0,regular,y,y,
CIN193509180,todda101,PHI,1,2,value,25,4,2,0,0,0,0,0,1,2,1,19350918,0,CIN07,v,CIN,0,1,0,regular,y,y,
CIN193509190,todda101,PHI,1,2,value,21,2,1,0,0,0,1,0,0,0,1,19350919,0,CIN07,v,CIN,0,1,0,regular,y,y,
PHI193509211,todda101,PHI,1,2,value,27,2,0,0,0,0,0,0,0,0,1,19350921,1,PHI09,h,BSN,1,0,0,regular,y,y,
PHI193509221,todda101,PHI,1,2,value,27,4,0,0,0,0,0,1,1,0,1,19350922,1,PHI09,h,BSN,1,0,0,regular,y,d,
PHI193509231,todda101,PHI,1,2,value,30,6,0,0,0,0,0,0,0,0,1,19350923,1,PHI09,h,BRO,1,0,0,regular,y,y,
NY1193509241,todda101,PHI,1,2,value,24,0,0,0,0,0,0,1,0,0,1,19350924,1,NYC14,v,NY1,0,1,0,regular,y,y,
BRO193509280,todda101,PHI,1,2,value,18,0,0,0,0,0,0,0,0,0,1,19350928,0,NYC15,v,BRO,0,1,0,regular,y,y,
BRO193509291,todda101,PHI,1,2,value,24,1,0,0,0,0,0,0,0,0,1,19350929,1,NYC15,v,BRO,0,1,0,regular,y,y,
PIT193604190,todda101,PIT,1,2,value,6,1,0,0,0,0,0,0,0,0,0,19360419,0,PIT06,h,SLN,0,1,0,regular,y,y,
SLN193604250,todda101,PIT,1,2,value,27,4,1,0,0,0,0,2,0,0,1,19360425,0,STL07,v,SLN,1,0,0,regular,y,y,
SLN193604260,todda101,PIT,1,2,value,29,2,0,0,0,0,0,0,0,0,1,19360426,0,STL07,v,SLN,0,1,0,regular,y,y,
PIT193604280,todda101,PIT,1,2,value,27,4,2,0,0,0,0,0,0,1,1,19360428,0,PIT06,h,PHI,0,1,0,regular,y,y,
PIT193604290,todda101,PIT,1,2,value,33,8,0,0,0,0,0,0,0,0,1,19360429,0,PIT06,h,PHI,1,0,0,regular,y,y,
PIT193604300,todda101,PIT,1,2,value,27,4,0,0,0,0,0,0,1,0,1,19360430,0,PIT06,h,PHI,1,0,0,regular,y,y,
PIT193605010,todda101,PIT,1,2,value,27,9,0,0,0,0,0,0,1,0,1,19360501,0,PIT06,h,BSN,0,1,0,regular,y,y,
NY1193605170,todda101,PIT,1,2,value,24,3,1,0,0,0,0,0,0,0,1,19360517,0,NYC14,v,NY1,0,1,0,regular,y,y,
PHI193605200,todda101,PIT,1,2,value,27,7,0,0,0,0,0,0,0,0,1,19360520,0,PHI09,v,PHI,1,0,0,regular,y,y,
PHI193605210,todda101,PIT,1,2,value,27,11,3,0,0,0,0,0,0,1,1,19360521,0,PHI09,v,PHI,1,0,0,regular,y,y,
PIT193605220,todda101,PIT,1,2,value,27,5,1,0,0,0,0,0,3,1,1,19360522,0,PIT06,h,SLN,0,1,0,regular,y,y,
CIN193605230,todda101,PIT,1,2,value,24,8,0,0,0,0,0,0,1,0,1,19360523,0,CIN07,v,CIN,0,1,0,regular,y,y,
CIN193605240,todda101,PIT,1,2,value,24,4,0,0,0,0,0,0,1,0,1,19360524,0,CIN07,v,CIN,0,1,0,regular,y,y,
SLN193605262,todda101,PIT,1,2,value,24,6,1,1,0,0,0,0,0,0,1,19360526,2,STL07,v,SLN,0,1,0,regular,y,y,
CHN193605302,todda101,PIT,1,2,value,27,3,0,1,0,0,0,0,0,0,1,19360530,2,CHI11,v,CHN,1,0,0,regular,y,y,
CHN193605302,todda101,PIT,1,2,official,,,,0,0,,0,,,,1,19360530,2,CHI11,v,CHN,1,0,0,regular,y,y,
CHN193605310,todda101,PIT,1,2,value,28,2,0,0,0,0,0,0,0,0,1,19360531,0,CHI11,v,CHN,0,1,0,regular,y,y,
PIT193606020,todda101,PIT,1,2,value,27,7,2,0,1,0,0,0,2,2,1,19360602,0,PIT06,h,BSN,1,0,0,regular,y,y,
PIT193606020,todda101,PIT,1,2,official,,,,0,0,,0,,,,1,19360602,0,PIT06,h,BSN,1,0,0,regular,y,y,
PIT193606030,todda101,PIT,1,2,value,33,6,0,0,0,0,0,0,0,0,1,19360603,0,PIT06,h,BSN,0,1,0,regular,y,y,
PIT193606040,todda101,PIT,1,2,value,27,7,0,0,0,0,0,1,0,0,1,19360604,0,PIT06,h,BSN,1,0,0,regular,y,y,
PIT193606050,todda101,PIT,1,2,value,18,2,1,1,0,0,0,0,1,1,1,19360605,0,PIT06,h,PHI,1,0,0,regular,y,y,
PIT193606060,todda101,PIT,1,2,value,27,3,5,0,1,0,0,0,0,2,1,19360606,0,PIT06,h,PHI,0,1,0,regular,y,y,
PIT193606070,todda101,PIT,1,2,value,27,7,0,0,0,0,0,0,0,0,1,19360607,0,PIT06,h,PHI,1,0,0,regular,y,y,
PIT193606080,todda101,PIT,1,2,value,27,5,2,0,0,0,0,0,0,2,1,19360608,0,PIT06,h,BRO,1,0,0,regular,y,y,
PIT193606091,todda101,PIT,1,2,value,27,3,0,0,0,0,1,0,0,0,1,19360609,1,PIT06,h,BRO,1,0,0,regular,y,y,
PIT193606100,todda101,PIT,1,2,value,27,2,0,0,0,0,0,0,1,0,1,19360610,0,PIT06,h,BRO,1,0,0,regular,y,y,
PIT193606120,todda101,PIT,1,2,value,27,5,1,0,0,0,0,0,0,0,1,19360612,0,PIT06,h,NY1,1,0,0,regular,y,y,
PIT193606130,todda101,PIT,1,2,value,27,7,0,0,0,0,0,0,0,0,1,19360613,0,PIT06,h,NY1,1,0,0,regular,y,y,
PIT193606140,todda101,PIT,1,2,value,27,10,1,0,0,0,0,1,0,0,1,19360614,0,PIT06,h,NY1,0,1,0,regular,y,y,
BRO193606160,todda101,PIT,1,2,value,27,5,0,0,0,0,0,0,2,0,1,19360616,0,NYC15,v,BRO,1,0,0,regular,y,y,
BRO193606170,todda101,PIT,1,2,value,27,5,0,0,0,0,0,0,0,0,1,19360617,0,NYC15,v,BRO,1,0,0,regular,y,y,
PHI193606201,todda101,PIT,1,2,value,27,5,1,0,1,0,0,0,0,1,1,19360620,1,PHI09,v,PHI,1,0,0,regular,y,y,
PHI193606210,todda101,PIT,1,2,value,27,4,0,0,0,0,0,0,0,0,1,19360621,0,PHI09,v,PHI,1,0,0,regular,y,y,
NY1193606220,todda101,PIT,1,2,value,24,2,1,1,0,0,0,0,2,1,1,19360622,0,NYC14,v,NY1,0,1,0,regular,y,y,
NY1193606230,todda101,PIT,1,2,value,24,2,0,0,0,0,0,1,0,0,1,19360623,0,NYC14,v,NY1,0,1,0,regular,y,y,
NY1193606241,todda101,PIT,1,2,value,24,3,1,0,0,0,0,1,0,1,1,19360624,1,NYC14,v,NY1,0,1,0,regular,y,y,
NY1193606250,todda101,PIT,1,2,value,24,2,0,0,0,0,0,0,0,0,1,19360625,0,NYC14,v,NY1,0,1,0,regular,y,y,
BSN193606260,todda101,PIT,1,2,value,27,6,0,0,0,0,0,0,0,0,1,19360626,0,BOS08,v,BSN,1,0,0,regular,y,y,
BSN193606281,todda101,PIT,1,2,value,27,7,0,0,0,0,0,0,0,0,1,19360628,1,BOS08,v,BSN,1,0,0,regular,y,y,
BSN193606282,todda101,PIT,1,2,value,3,0,0,1,0,0,0,1,0,0,0,19360628,2,BOS08,v,BSN,0,1,0,regular,y,y,
PIT193606301,todda101,PIT,1,2,value,27,1,1,0,0,0,0,0,0,1,1,19360630,1,PIT06,h,SLN,0,1,0,regular,y,y,
PIT193606302,todda101,PIT,1,2,value,27,10,1,0,0,0,0,0,0,0,1,19360630,2,PIT06,h,SLN,0,1,0,regular,y,y,
PIT193607010,todda101,PIT,1,2,value,27,3,0,0,0,0,0,0,0,0,1,19360701,0,PIT06,h,SLN,1,0,0,regular,y,y,
PIT193607020,todda101,PIT,1,2,value,27,6,0,1,0,0,0,0,2,0,1,19360702,0,PIT06,h,SLN,0,1,0,regular,y,y,
PIT193607041,todda101,PIT,1,2,value,30,7,1,0,0,0,0,0,0,0,1,19360704,1,PIT06,h,CHN,0,1,0,regular,y,y,
PIT193607050,todda101,PIT,1,2,value,27,3,1,0,0,0,0,0,0,1,1,19360705,0,PIT06,h,CHN,1,0,0,regular,y,y,
PIT193607090,todda101,PIT,1,2,value,27,2,0,0,0,0,0,0,1,0,1,19360709,0,PIT06,h,PHI,1,0,0,regular,y,y,
PIT193607100,todda101,PIT,1,2,value,17,3,0,0,0,0,0,0,0,0,1,19360710,0,PIT06,h,PHI,0,1,0,regular,y,y,
SLN193608232,todda101,PIT,1,2,value,30,7,0,0,0,0,0,0,0,0,1,19360823,2,STL07,v,SLN,0,0,1,regular,y,y,
PIT193608260,todda101,PIT,1,2,value,27,5,0,0,0,0,0,2,0,0,1,19360826,0,PIT06,h,BRO,0,1,0,regular,y,y,
PIT193608270,todda101,PIT,1,2,value,27,1,2,1,0,0,0,0,0,2,1,19360827,0,PIT06,h,BRO,1,0,0,regular,y,y,
PIT193608290,todda101,PIT,1,2,value,27,3,0,0,0,0,0,0,2,0,1,19360829,0,PIT06,h,NY1,1,0,0,regular,y,y,
PIT193608302,todda101,PIT,1,2,value,27,7,0,0,0,0,0,0,0,0,1,19360830,2,PIT06,h,BSN,1,0,0,regular,y,y,
PIT193609010,todda101,PIT,1,2,value,27,8,0,2,0,0,0,0,2,0,1,19360901,0,PIT06,h,BSN,1,0,0,regular,y,y,
PIT193609031,todda101,PIT,1,2,value,27,6,2,1,0,0,0,0,0,1,1,19360903,1,PIT06,h,PHI,0,1,0,regular,y,d,
PIT193609050,todda101,PIT,1,2,value,27,4,1,0,0,0,0,0,0,0,1,19360905,0,PIT06,h,CHN,1,0,0,regular,y,y,
PIT193609060,todda101,PIT,1,2,value,27,5,0,0,0,0,0,0,1,0,1,19360906,0,PIT06,h,CHN,1,0,0,regular,y,y,
PIT193609072,todda101,PIT,1,2,value,27,4,1,0,0,0,0,0,0,0,1,19360907,2,PIT06,h,SLN,1,0,0,regular,y,y,
BRO193609100,todda101,PIT,1,2,value,27,6,0,0,0,0,0,0,0,0,1,19360910,0,NYC15,v,BRO,1,0,0,regular,y,y,
BSN193609110,todda101,PIT,1,2,value,27,4,2,0,0,0,0,0,0,0,1,19360911,0,BOS08,v,BSN,1,0,0,regular,y,y,
PHI193609131,todda101,PIT,1,2,value,27,5,1,0,0,0,0,1,0,0,1,19360913,1,PHI09,v,PHI,1,0,0,regular,y,y,
PHI193609141,todda101,PIT,1,2,value,27,5,1,0,0,0,0,0,0,1,1,19360914,1,PHI09,v,PHI,1,0,0,regular,y,y,
PHI193609142,todda101,PIT,1,2,value,9,1,0,0,0,0,0,0,0,0,0,19360914,2,PHI09,v,PHI,1,0,0,regular,y,d,
NY1193609161,todda101,PIT,1,2,value,24,5,1,0,0,0,0,0,0,0,1,19360916,1,NYC14,v,NY1,0,1,0,regular,y,y,
PIT193609170,todda101,PIT,1,2,value,27,7,0,0,0,0,0,0,0,0,1,19360917,0,PIT06,h,CIN,1,0,0,regular,y,y,
PIT193609190,todda101,PIT,1,2,value,33,7,0,0,0,0,0,0,1,0,1,19360919,0,PIT06,h,CIN,1,0,0,regular,y,y,
PIT193609201,todda101,PIT,1,2,value,27,5,0,0,0,0,0,1,1,0,1,19360920,1,PIT06,h,CIN,1,0,0,regular,y,y,
PIT193609202,todda101,PIT,1,2,value,27,5,0,0,0,0,0,0,0,0,1,19360920,2,PIT06,h,CIN,1,0,0,regular,y,y,
CHN193609230,todda101,PIT,1,2,value,30,2,0,0,0,0,0,1,0,0,1,19360923,0,CHI11,v,CHN,1,0,0,regular,y,y,
CHN193609240,todda101,PIT,1,2,value,27,3,0,0,0,0,0,0,0,0,1,19360924,0,CHI11,v,CHN,1,0,0,regular,y,y,
CIN193609260,todda101,PIT,1,2,value,24,5,0,0,0,0,1,0,0,0,1,19360926,0,CIN07,v,CIN,0,1,0,regular,y,y,
NNS193610010,todda101,MLS,1,2,value,27,6,2,1,0,0,0,0,0,2,1,19361001,0,DAV01,v,NNS,1,0,0,exhibition,y,d,
MLS193610020,todda101,MLS,1,2,value,27,12,1,0,0,0,0,0,3,1,1,19361002,0,DES01,h,NNS,0,1,0,exhibition,y,d,
MLS193610041,todda101,MLS,1,2,value,27,5,3,0,0,0,0,1,0,1,1,19361004,1,DEN03,h,NNS,0,1,0,exhibition,y,d,
NNS193610042,todda101,MLS,1,2,value,18,3,0,1,0,0,0,2,0,0,1,19361004,2,DEN03,v,NNS,0,1,0,exhibition,y,d,
MLS193610070,todda101,MLS,1,2,value,27,8,2,0,1,0,0,0,1,1,1,19361007,0,DES01,h,NNS,0,1,0,exhibition,y,d,
CHN193704200,todda101,PIT,1,2,value,27,2,2,0,0,0,0,0,0,1,1,19370420,0,CHI11,v,CHN,1,0,0,regular,y,y,
CHN193704220,todda101,PIT,1,2,value,27,8,0,0,0,0,0,0,0,0,1,19370422,0,CHI11,v,CHN,1,0,0,regular,y,y,
PIT193704230,todda101,PIT,1,2,value,18,5,0,0,0,0,0,0,1,0,1,19370423,0,PIT06,h,CIN,1,0,0,regular,y,y,y
PIT193704240,todda101,PIT,1,2,value,27,10,2,0,0,0,0,0,2,2,1,19370424,0,PIT06,h,CIN,1,0,0,regular,y,y,
SLN193704270,todda101,PIT,1,2,value,24,8,0,0,0,0,0,0,2,0,1,19370427,0,STL07,v,SLN,0,1,0,regular,y,y,
PIT193704290,todda101,PIT,1,2,value,39,5,0,0,0,0,0,0,1,0,1,19370429,0,PIT06,h,CHN,1,0,0,regular,y,y,
PIT193704300,todda101,PIT,1,2,value,27,6,1,1,0,0,0,0,4,1,1,19370430,0,PIT06,h,CHN,0,1,0,regular,y,y,
CIN193705010,todda101,PIT,1,2,value,27,2,1,0,0,0,0,0,1,1,1,19370501,0,CIN07,v,CIN,1,0,0,regular,y,y,
CIN193705020,todda101,PIT,1,2,value,27,5,0,0,0,0,0,0,1,0,1,19370502,0,CIN07,v,CIN,1,0,0,regular,y,y,
BRO193705040,todda101,PIT,1,2,value,27,8,0,0,0,0,0,0,0,0,1,19370504,0,NYC15,v,BRO,1,0,0,regular,y,y,
BRO193705050,todda101,PIT,1,2,value,27,9,1,0,0,0,0,0,1,0,1,19370505,0,NYC15,v,BRO,1,0,0,regular,y,y,
BRO193705060,todda101,PIT,1,2,value,24,3,1,2,0,0,0,0,4,1,1,19370506,0,NYC15,v,BRO,0,1,0,regular,y,y,
PHI193705070,todda101,PIT,1,2,value,27,1,0,0,0,0,0,0,0,0,1,19370507,0,PHI09,v,PHI,1,0,0,regular,y,y,
BSN193705090,todda101,PIT,1,2,value,27,5,0,0,0,0,0,0,0,0,1,19370509,0,BOS08,v,BSN,1,0,0,regular,y,y,
BSN193705100,todda101,PIT,1,2,value,27,7,0,0,0,0,0,0,0,0,1,19370510,0,BOS08,v,BSN,1,0,0,regular,y,y,
BSN193705110,todda101,PIT,1,2,value,27,4,0,0,0,0,0,1,0,0,1,19370511,0,BOS08,v,BSN,1,0,0,regular,y,y,
NY1193705120,todda101,PIT,1,2,value,27,3,1,0,0,0,0,0,0,1,1,19370512,0,NYC14,v,NY1,1,0,0,regular,y,y,
NY1193705130,todda101,PIT,1,2,value,24,4,0,0,0,0,0,1,0,0,1,19370513,0,NYC14,v,NY1,0,1,0,regular,y,y,
PIT193705140,todda101,PIT,1,2,value,27,3,1,0,0,0,0,0,0,0,1,19370514,0,PIT06,h,SLN,1,0,0,regular,y,y,
PIT193705150,todda101,PIT,1,2,value,27,7,1,0,0,0,0,0,1,1,1,19370515,0,PIT06,h,SLN,0,1,0,regular,y,y,
PIT193705160,todda101,PIT,1,2,value,27,1,0,0,0,0,0,0,0,0,1,19370516,0,PIT06,h,SLN,1,0,0,regular,y,y,
PIT193705180,todda101,PIT,1,2,value,27,8,1,0,0,0,0,0,1,0,1,19370518,0,PIT06,h,PHI,1,0,0,regular,y,y,
PIT193705190,todda101,PIT,1,2,value,27,7,1,0,1,0,0,0,2,1,1,19370519,0,PIT06,h,PHI,0,1,0,regular,y,y,
PIT193705190,todda101,PIT,1,2,official,,,,0,0,,0,,,,1,19370519,0,PIT06,h,PHI,0,1,0,regular,y,y,
PIT193705200,todda101,PIT,1,2,value,27,8,3,0,1,0,0,0,1,2,1,19370520,0,PIT06,h,PHI,1,0,0,regular,y,y,
PIT193705210,todda101,PIT,1,2,value,27,6,0,0,0,0,0,0,0,0,1,19370521,0,PIT06,h,BSN,0,1,0,regular,y,y,
PIT193705220,todda101,PIT,1,2,value,27,7,1,0,1,0,0,0,0,0,1,19370522,0,PIT06,h,BSN,1,0,0,regular,y,y,
PIT193705230,todda101,PIT,1,2,value,27,5,1,0,1,0,0,0,0,1,1,19370523,0,PIT06,h,NY1,0,1,0,regular,y,y,
PIT193705240,todda101,PIT,1,2,value,27,2,2,0,0,0,0,0,0,2,1,19370524,0,PIT06,h,NY1,0,1,0,regular,y,y,
PIT193705250,todda101,PIT,1,2,value,27,6,1,0,0,0,0,0,0,1,1,19370525,0,PIT06,h,BRO,0,1,0,regular,y,y,
SLN193705280,todda101,PIT,1,2,value,27,8,1,0,0,0,0,0,0,1,1,19370528,0,STL07,v,SLN,1,0,0,regular,y,y,
SLN193705291,todda101,PIT,1,2,value,27,3,2,0,0,0,0,0,0,0,1,19370529,1,STL07,v,SLN,1,0,0,regular,y,y,
SLN193705300,todda101,PIT,1,2,value,27,6,0,0,0,0,0,0,0,0,1,19370530,0,STL07,v,SLN,1,0,0,regular,y,y,
CIN193705311,todda101,PIT,1,2,value,24,3,0,0,0,0,0,0,2,0,1,19370531,1,CIN07,v,CIN,0,1,0,regular,y,y,
CIN193705312,todda101,PIT,1,2,value,2,1,0,0,0,0,0,0,0,0,0,19370531,2,CIN07,v,CIN,1,0,0,regular,y,y,
BSN193706020,todda101,PIT,1,2,value,27,8,2,0,1,0,0,0,0,0,1,19370602,0,BOS08,v,BSN,1,0,0,regular,y,y,
BSN193706030,todda101,PIT,1,2,value,24,4,4,1,1,0,0,0,2,1,1,19370603,0,BOS08,v,BSN,0,1,0,regular,y,y,
BSN193706040,todda101,PIT,1,2,value,24,3,0,0,0,0,0,0,0,0,1,19370604,0,BOS08,v,BSN,0,1,0,regular,y,y,
NY1193706050,todda101,PIT,1,2,value,24,5,0,0,0,0,0,0,0,0,1,19370605,0,NYC14,v,NY1,0,1,0,regular,y,y,
NY1193706060,todda101,PIT,1,2,value,24,3,1,0,0,0,0,0,0,0,1,19370606,0,NYC14,v,NY1,0,1,0,regular,y,y,
NY1193706070,todda101,PIT,1,2,value,24,1,0,0,0,0,0,1,1,0,1,19370607,0,NYC14,v,NY1,0,1,0,regular,y,y,
PHI193706080,todda101,PIT,1,2,value,27,7,0,0,0,0,0,0,0,0,1,19370608,0,PHI09,v,PHI,1,0,0,regular,y,y,
PHI193706090,todda101,PIT,1,2,value,24,5,0,0,0,0,0,0,1,0,1,19370609,0,PHI09,v,PHI,0,1,0,regular,y,y,
PHI193706100,todda101,PIT,1,2,value,24,3,0,0,0,0,0,0,1,0,1,19370610,0,PHI09,v,PHI,0,1,0,regular,y,y,
BRO193706120,todda101,PIT,1,2,value,27,11,2,0,0,0,0,1,0,1,1,19370612,0,NYC15,v,BRO,1,0,0,regular,y,y,
BRO193706131,todda101,PIT,1,2,value,24,5,1,1,0,0,0,0,0,0,1,19370613,1,NYC15,v,BRO,0,1,0,regular,y,y,
PIT193706150,todda101,PIT,1,2,value,27,3,0,0,0,0,0,0,0,0,1,19370615,0,PIT06,h,NY1,1,0,0,regular,y,y,
PIT193706160,todda101,PIT,1,2,value,27,2,3,0,0,0,0,0,0,2,1,19370616,0,PIT06,h,NY1,0,1,0,regular,y,y,
PIT193706180,todda101,PIT,1,2,value,27,6,1,0,0,0,0,0,0,1,1,19370618,0,PIT06,h,BRO,1,0,0,regular,y,y,
PIT193706190,todda101,PIT,1,2,value,27,4,2,0,0,0,0,0,1,1,1,19370619,0,PIT06,h,BRO,0,1,0,regular,y,y,
PIT193706201,todda101,PIT,1,2,value,27,2,1,0,0,0,0,0,1,1,1,19370620,1,PIT06,h,BRO,1,0,0,regular,y,y,
PIT193706202,todda101,PIT,1,2,value,27,6,1,1,0,0,0,0,1,1,1,19370620,2,PIT06,h,BRO,0,1,0,regular,y,y,
PIT193706220,todda101,PIT,1,2,value,27,8,1,0,1,0,0,0,0,1,1,19370622,0,PIT06,h,BSN,1,0,0,regular,y,y,
PIT193706220,todda101,PIT,1,2,official,,,,0,2,,0,,,,1,19370622,0,PIT06,h,BSN,1,0,0,regular,y,y,
PIT193706230,todda101,PIT,1,2,value,27,5,1,1,1,0,0,0,1,0,1,19370623,0,PIT06,h,BSN,1,0,0,regular,y,y,
PIT193706240,todda101,PIT,1,2,value,27,4,1,0,0,0,0,0,1,0,1,19370624,0,PIT06,h,BSN,0,1,0,regular,y,y,
PIT193706250,todda101,PIT,1,2,value,27,7,2,0,0,0,0,0,2,3,1,19370625,0,PIT06,h,PHI,0,1,0,regular,y,y,
PIT193706260,todda101,PIT,1,2,value,39,8,0,2,0,0,0,0,2,1,1,19370626,0,PIT06,h,PHI,0,1,0,regular,y,y,
PIT193706270,todda101,PIT,1,2,value,27,2,0,0,0,0,0,0,0,0,1,19370627,0,PIT06,h,PHI,1,0,0,regular,y,y,
CIN193706291,todda101,PIT,1,2,value,27,3,0,0,0,0,0,0,0,0,1,19370629,1,CIN07,v,CIN,1,0,0,regular,y,y,
CIN193706300,todda101,PIT,1,2,value,27,7,1,0,0,0,0,0,0,1,1,19370630,0,CIN07,v,CIN,1,0,0,regular,y,y,
CIN193706300,todda101,PIT,1,2,official,,,,0,1,,0,,,,1,19370630,0,CIN07,v,CIN,1,0,0,regular,y,y,
CHN193707020,todda101,PIT,1,2,value,25,0,0,1,0,0,0,0,0,0,1,19370702,0,CHI11,v,CHN,0,1,0,regular,y,y,
CHN193707030,todda101,PIT,1,2,value,24,6,0,0,0,0,0,1,0,0,1,19370703,0,CHI11,v,CHN,0,1,0,regular,y,y,
CHN193707041,todda101,PIT,1,2,value,24,2,1,1,0,0,0,0,1,1,1,19370704,1,CHI11,v,CHN,0,1,0,regular,y,y,
PIT193707051,todda101,PIT,1,2,value,27,8,1,1,0,0,0,0,2,0,1,19370705,1,PIT06,h,CIN,1,0,0,regular,y,y,
PIT193707090,todda101,PIT,1,2,value,27,7,0,0,0,0,0,0,1,0,1,19370709,0,PIT06,h,CHN,1,0,0,regular,y,y,
PIT193707100,todda101,PIT,1,2,value,27,5,0,0,0,0,0,0,1,0,1,19370710,0,PIT06,h,CHN,0,1,0,regular,y,y,
PIT193707110,todda101,PIT,1,2,value,27,4,0,0,0,0,0,0,0,0,1,19370711,0,PIT06,h,CHN,1,0,0,regular,y,y,
PIT193707120,todda101,PIT,1,2,value,27,6,2,0,0,0,0,0,1,2,1,19370712,0,PIT06,h,SLN,0,1,0,regular,y,y,
NY1193707140,todda101,PIT,1,2,value,24,3,1,0,0,0,0,0,0,1,1,19370714,0,NYC14,v,NY1,0,1,0,regular,y,y,
NY1193707160,todda101,PIT,1,2,value,33,5,2,0,1,0,0,0,2,2,1,19370716,0,NYC14,v,NY1,1,0,0,regular,y,y,
PHI193707170,todda101,PIT,1,2,value,21,7,1,0,0,0,0,0,1,0,1,19370717,0,PHI09,v,PHI,0,1,0,regular,y,d,
PHI193707181,todda101,PIT,1,2,value,24,3,0,0,0,0,0,0,0,0,1,19370718,1,PHI09,v,PHI,0,1,0,regular,y,y,
PHI193707182,todda101,PIT,1,2,value,3,1,0,0,0,0,0,0,0,0,0,19370718,2,PHI09,v,PHI,1,0,0,regular,y,y,
PHI193707190,todda101,PIT,1,2,value,27,4,1,1,1,0,0,0,2,1,1,19370719,0,PHI09,v,PHI,1,0,0,regular,y,y,
BRO193707200,todda101,PIT,1,2,value,28,6,0,2,0,0,0,0,2,0,1,19370720,0,NYC15,v,BRO,0,1,0,regular,y,y,
BRO193707210,todda101,PIT,1,2,value,24,4,0,0,0,0,0,0,1,0,1,19370721,0,NYC15,v,BRO,0,1,0,regular,y,y,
BRO193707220,todda101,PIT,1,2,value,27,3,0,0,0,0,0,0,0,0,1,19370722,0,NYC15,v,BRO,1,0,0,regular,y,y,
BSN193707240,todda101,PIT,1,2,value,18,3,0,0,0,0,0,2,0,0,1,19370724,0,BOS08,v,BSN,0,1,0,regular,y,y,
BSN193707251,todda101,PIT,1,2,value,24,6,0,0,0,0,0,0,0,0,1,19370725,1,BOS08,v,BSN,0,1,0,regular,y,y,
BSN193707252,todda101,PIT,1,2,value,3,0,0,0,0,0,0,0,0,0,0,19370725,2,BOS08,v,BSN,0,1,0,regular,y,y,
PIT193707270,todda101,PIT,1,2,value,27,4,0,0,0,0,0,0,0,0,1,19370727,0,PIT06,h,PHI,1,0,0,regular,y,y,
PIT193707280,todda101,PIT,1,2,value,27,2,1,0,0,0,0,0,0,1,1,19370728,0,PIT06,h,PHI,1,0,0,regular,y,y,
PIT193707290,todda101,PIT,1,2,value,27,8,1,0,0,0,0,1,2,1,1,19370729,0,PIT06,h,PHI,0,1,0,regular,y,y,
PIT193707300,todda101,PIT,1,2,value,27,6,0,0,0,0,0,0,0,0,1,19370730,0,PIT06,h,BSN,1,0,0,regular,y,y,
PIT193707310,todda101,PIT,1,2,value,27,6,0,0,0,0,0,0,0,0,1,19370731,0,PIT06,h,BSN,0,1,0,regular,y,y,
PIT193708010,todda101,PIT,1,2,value,27,6,0,0,0,0,0,0,0,0,1,19370801,0,PIT06,h,BSN,1,0,0,regular,y,y,
PIT193708031,todda101,PIT,1,2,value,27,4,0,1,0,0,0,0,1,0,1,19370803,1,PIT06,h,BRO,1,0,0,regular,y,y,
PIT193708032,todda101,PIT,1,2,value,27,2,0,0,0,0,0,0,0,0,1,19370803,2,PIT06,h,BRO,1,0,0,regular,y,y,
PIT193708040,todda101,PIT,1,2,value,27,7,1,0,0,0,0,0,2,0,1,19370804,0,PIT06,h,BRO,0,1,0,regular,y,y,
PIT193708050,todda101,PIT,1,2,value,27,4,1,1,0,0,0,0,1,1,1,19370805,0,PIT06,h,BRO,0,1,0,regular,y,y,
PIT193708060,todda101,PIT,1,2,value,27,0,0,0,0,0,0,0,1,0,1,19370806,0,PIT06,h,NY1,0,1,0,regular,y,y,
PIT193708081,todda101,PIT,1,2,value,27,3,1,0,0,0,0,0,1,0,1,19370808,1,PIT06,h,NY1,0,1,0,regular,y,y,
PIT193708082,todda101,PIT,1,2,value,27,5,0,0,0,0,0,0,1,0,1,19370808,2,PIT06,h,NY1,1,0,0,regular,y,y,
CHN193708100,todda101,PIT,1,2,value,27,6,2,0,0,0,0,0,2,2,1,19370810,0,CHI11,v,CHN,1,0,0,regular,y,y,
SLN193708140,todda101,PIT,1,2,value,24,1,1,0,0,0,0,0,0,1,1,19370814,0,STL07,v,SLN,1,0,0,regular,y,y,
SLN193708151,todda101,PIT,1,2,value,27,5,0,0,0,0,0,0,0,0,1,19370815,1,STL07,v,SLN,1,0,0,regular,y,y,
PIT193708170,todda101,PIT,1,2,value,27,5,1,0,1,0,0,0,2,0,1,19370817,0,PIT06,h,CHN,1,0,0,regular,y,y,
PIT193708180,todda101,PIT,1,2,value,27,5,2,0,1,0,0,0,3,1,1,19370818,0,PIT06,h,CHN,1,0,0,regular,y,y,
PIT193708190,todda101,PIT,1,2,value,24,4,1,0,0,0,0,0,1,1,1,19370819,0,PIT06,h,CHN,0,1,0,regular,y,y,
PIT193708200,todda101,PIT,1,2,value,27,8,0,1,0,0,0,0,0,0,1,19370820,0,PIT06,h,SLN,1,0,0,regular,y,y,
PIT193708210,todda101,PIT,1,2,value,27,5,1,0,0,0,0,0,0,1,1,19370821,0,PIT06,h,SLN,1,0,0,regular,y,y,
PIT193708221,todda101,PIT,1,2,value,9,0,0,0,0,0,0,0,1,0,1,19370822,1,PIT06,h,SLN,0,1,0,regular,y,y,
PIT193708222,todda101,PIT,1,2,value,27,1,1,0,0,0,0,0,0,0,1,19370822,2,PIT06,h,SLN,0,1,0,regular,y,y,
BSN193708240,todda101,PIT,1,2,value,24,7,4,0,1,0,0,0,0,0,1,19370824,0,BOS08,v,BSN,0,1,0,regular,y,y,
BSN193708250,todda101,PIT,1,2,value,27,8,0,1,0,0,0,0,0,0,1,19370825,0,BOS08,v,BSN,1,0,0,regular,y,y,
NY1193708271,todda101,PIT,1,2,value,27,3,1,0,0,0,0,0,0,0,1,19370827,1,NYC14,v,NY1,1,0,0,regular,y,y,
NY1193708272,todda101,PIT,1,2,value,24,3,1,0,0,0,0,0,0,0,1,19370827,2,NYC14,v,NY1,0,1,0,regular,y,y,
NY1193708281,todda101,PIT,1,2,value,24,3,1,0,0,0,0,0,1,1,1,19370828,1,NYC14,v,NY1,0,1,0,regular,y,y,
NY1193708282,todda101,PIT,1,2,value,24,7,0,0,0,0,0,0,1,0,1,19370828,2,NYC14,v,NY1,0,1,0,regular,y,y,
BRO193708291,todda101,PIT,1,2,value,24,0,0,0,0,0,0,0,2,0,1,19370829,1,NYC15,v,BRO,0,1,0,regular,y,y,
BRO193708292,todda101,PIT,1,2,value,24,5,2,0,0,0,0,1,1,1,1,19370829,2,NYC15,v,BRO,0,1,0,regular,y,y,
PHI193708310,todda101,PIT,1,2,value,24,5,0,0,0,0,0,0,0,0,1,19370831,0,PHI09,v,PHI,0,1,0,regular,y,y,
PHI193709010,todda101,PIT,1,2,value,24,4,1,0,0,0,0,0,0,1,1,19370901,0,PHI09,v,PHI,0,1,0,regular,y,y,
CHN193709051,todda101,PIT,1,2,value,27,0,0,0,0,0,0,0,0,0,1,19370905,1,CHI11,v,CHN,1,0,0,regular,y,y,
SLN193709061,todda101,PIT,1,2,value,7,3,0,0,0,0,0,0,1,0,1,19370906,1,STL07,v,SLN,0,1,0,regular,y,y,
PIT193709142,todda101,PIT,1,2,value,27,5,0,0,0,0,0,0,0,0,1,19370914,2,PIT06,h,NY1,1,0,0,regular,y,y,
PIT193709150,todda101,PIT,1,2,value,27,9,0,0,0,0,0,2,0,0,1,19370915,0,PIT06,h,NY1,0,1,0,regular,y,y,
PIT193709160,todda101,PIT,1,2,value,27,4,1,0,0,0,0,0,0,1,1,19370916,0,PIT06,h,NY1,0,1,0,regular,y,y,
PIT193709170,todda101,PIT,1,2,value,27,2,0,0,0,0,0,0,0,0,1,19370917,0,PIT06,h,BRO,1,0,0,regular,y,y,
PIT193709180,todda101,PIT,1,2,value,27,9,1,0,0,0,0,0,0,1,1,19370918,0,PIT06,h,BRO,1,0,0,regular,y,y,
PIT193709191,todda101,PIT,1,2,value,27,4,1,0,0,0,0,0,3,0,1,19370919,1,PIT06,h,PHI,0,1,0,regular,y,d,
PIT193709230,todda101,PIT,1,2,value,27,2,0,0,0,0,0,0,2,0,1,19370923,0,PIT06,h,BSN,0,1,0,regular,y,y,
CIN193709240,todda101,PIT,1,2,value,27,7,1,0,0,0,0,0,0,1,1,19370924,0,CIN07,v,CIN,1,0,0,regular,y,y,
CIN193709261,todda101,PIT,1,2,value,27,3,3,1,1,0,0,0,0,1,1,19370926,1,CIN07,v,CIN,1,0,0,regular,y,y,
CIN193709262,todda101,PIT,1,2,value,27,7,1,0,0,0,0,0,0,0,1,19370926,2,CIN07,v,CIN,1,0,0,regular,y,y,
PIT193709280,todda101,PIT,1,2,value,27,3,0,0,0,0,0,0,0,0,1,19370928,0,PIT06,h,SLN,1,0,0,regular,y,y,
PIT193709290,todda101,PIT,1,2,value,27,9,0,0,0,0,0,0,1,0,1,19370929,0,PIT06,h,SLN,1,0,0,regular,y,y,
PIT193709300,todda101,PIT,1,2,value,27,5,2,0,0,0,0,0,0,2,1,19370930,0,PIT06,h,SLN,1,0,0,regular,y,y,
PIT193710010,todda101,PIT,1,2,value,27,1,0,0,0,0,0,0,0,0,1,19371001,0,PIT06,h,CIN,1,0,0,regular,y,y,
PIT193710020,todda101,PIT,1,2,value,33,7,0,0,0,0,0,0,0,0,1,19371002,0,PIT06,h,CIN,1,0,0,regular,y,y,
SLN193804190,todda101,PIT,1,2,value,27,9,1,0,0,0,0,0,0,1,1,19380419,0,STL07,v,SLN,1,0,0,regular,y,y,
SLN193804200,todda101,PIT,1,2,value,27,4,0,0,0,0,0,0,1,0,1,19380420,0,STL07,v,SLN,1,0,0,regular,y,y,
SLN193804210,todda101,PIT,1,2,value,27,5,0,0,0,0,0,0,0,0,1,19380421,0,STL07,v,SLN,1,0,0,regular,y,y,
PIT193804220,todda101,PIT,1,2,value,27,5,1,0,0,0,0,1,0,0,1,19380422,0,PIT06,h,CIN,1,0,0,regular,y,y,
PIT193804250,todda101,PIT,1,2,value,6,0,0,0,0,0,0,0,0,0,0,19380425,0,PIT06,h,CHN,1,0,0,regular,y,y,
PIT193804260,todda101,PIT,1,2,value,30,4,3,0,0,0,0,0,0,2,1,19380426,0,PIT06,h,CHN,0,1,0,regular,y,y,
PIT193804270,todda101,PIT,1,2,value,27,3,2,1,0,0,0,0,1,0,1,19380427,0,PIT06,h,CHN,1,0,0,regular,y,y,
PIT193804280,todda101,PIT,1,2,value,27,5,1,0,0,0,0,1,0,0,1,19380428,0,PIT06,h,SLN,0,1,0,regular,y,y,
CIN193804300,todda101,PIT,1,2,value,24,3,2,0,0,0,0,1,0,0,1,19380430,0,CIN07,v,CIN,0,1,0,regular,y,y,
CIN193805010,todda101,PIT,1,2,value,12,5,0,0,0,0,0,0,0,0,1,19380501,0,CIN07,v,CIN,0,1,0,regular,y,y,
PIT193805070,todda101,PIT,1,2,value,3,1,0,0,0,0,0,0,0,0,0,19380507,0,PIT06,h,NY1,0,1,0,regular,y,y,
PIT193805080,todda101,PIT,1,2,value,15,4,1,0,0,0,0,0,0,0,0,19380508,0,PIT06,h,BSN,1,0,0,regular,y,y,
PIT193805090,todda101,PIT,1,2,value,30,8,1,0,0,0,0,0,0,0,1,19380509,0,PIT06,h,BSN,0,1,0,regular,y,y,
CHN193805130,todda101,PIT,1,2,value,30,5,1,0,1,0,0,0,0,1,1,19380513,0,CHI11,v,CHN,1,0,0,regular,y,y,
CHN193805150,todda101,PIT,1,2,value,24,6,2,0,0,0,0,0,0,0,1,19380515,0,CHI11,v,CHN,1,0,0,regular,y,y,
BSN193805170,todda101,PIT,1,2,value,6,0,0,0,0,0,0,0,0,0,0,19380517,0,BOS08,v,BSN,0,1,0,regular,y,y,
BSN193805180,todda101,PIT,1,2,value,41,6,2,0,1,0,0,0,0,1,1,19380518,0,BOS08,v,BSN,0,1,0,regular,y,y,
BSN193805190,todda101,PIT,1,2,value,27,9,0,0,0,0,0,0,0,0,1,19380519,0,BOS08,v,BSN,0,1,0,regular,y,y,
BRO193805200,todda101,PIT,1,2,value,24,6,2,1,0,0,0,0,1,0,1,19380520,0,NYC15,v,BRO,0,1,0,regular,y,y,
BRO193805210,todda101,PIT,1,2,value,27,8,2,0,0,0,0,0,1,2,1,19380521,0,NYC15,v,BRO,1,0,0,regular,y,y,
NY1193805220,todda101,PIT,1,2,value,24,2,1,0,0,0,0,0,0,0,1,19380522,0,NYC14,v,NY1,0,1,0,regular,y,y,
NY1193805230,todda101,PIT,1,2,value,27,5,0,0,0,0,0,0,0,0,1,19380523,0,NYC14,v,NY1,1,0,0,regular,y,y,
PHI193805250,todda101,PIT,1,2,value,24,5,0,0,0,0,1,0,1,0,1,19380525,0,PHI09,v,PHI,0,1,0,regular,y,d,
PIT193805270,todda101,PIT,1,2,value,27,6,1,0,0,0,0,0,1,1,1,19380527,0,PIT06,h,CHN,0,1,0,regular,y,y,
PIT193805280,todda101,PIT,1,2,value,27,4,0,0,0,0,0,0,0,0,1,19380528,0,PIT06,h,CHN,0,1,0,regular,y,y,
PIT193805290,todda101,PIT,1,2,value,27,1,0,0,0,0,0,0,2,0,1,19380529,0,PIT06,h,CHN,1,0,0,regular,y,y,
PIT193805301,todda101,PIT,1,2,value,42,7,2,0,0,0,0,0,0,2,1,19380530,1,PIT06,h,SLN,1,0,0,regular,y,y,
PIT193806010,todda101,PIT,1,2,value,27,3,0,0,0,0,0,0,0,0,1,19380601,0,PIT06,h,NY1,1,0,0,regular,y,y,
PIT193806030,todda101,PIT,1,2,value,27,4,2,0,0,0,0,0,0,1,1,19380603,0,PIT06,h,NY1,1,0,0,regular,y,y,
PIT193806040,todda101,PIT,1,2,value,33,5,0,0,0,0,0,0,0,0,1,19380604,0,PIT06,h,BRO,1,0,0,regular,y,y,
PIT193806050,todda101,PIT,1,2,value,27,5,0,0,0,0,0,0,0,0,1,19380605,0,PIT06,h,BRO,0,1,0,regular,y,y,
PIT193806060,todda101,PIT,1,2,value,27,3,1,0,0,0,1,0,1,0,1,19380606,0,PIT06,h,BRO,0,1,0,regular,y,y,
PIT193806080,todda101,PIT,1,2,value,27,5,0,0,0,0,0,0,0,0,1,19380608,0,PIT06,h,BSN,1,0,0,regular,y,y,
PIT193806090,todda101,PIT,1,2,value,27,5,0,0,0,0,0,0,0,0,1,19380609,0,PIT06,h,BSN,1,0,0,regular,y,y,
PIT193806100,todda101,PIT,1,2,value,27,6,1,2,0,0,0,0,1,1,1,19380610,0,PIT06,h,PHI,0,1,0,regular,y,y,
PIT193806110,todda101,PIT,1,2,value,27,4,1,0,0,0,0,0,1,1,1,19380611,0,PIT06,h,PHI,1,0,0,regular,y,y,
PIT193806120,todda101,PIT,1,2,value,27,4,2,0,1,0,0,0,0,0,1,19380612,0,PIT06,h,PHI,1,0,0,regular,y,y,
NY1193806140,todda101,PIT,1,2,value,24,6,2,0,0,0,0,0,0,1,1,19380614,0,NYC14,v,NY1,0,1,0,regular,y,y,
NY1193806150,todda101,PIT,1,2,value,27,4,0,0,0,0,0,0,1,0,1,19380615,0,NYC14,v,NY1,1,0,0,regular,y,y,
NY1193806160,todda101,PIT,1,2,value,27,8,0,0,0,0,0,0,0,0,1,19380616,0,NYC14,v,NY1,1,0,0,regular,y,y,
PHI193806170,todda101,PIT,1,2,value,30,5,1,0,0,0,0,0,0,1,1,19380617,0,PHI09,v,PHI,1,0,0,regular,y,y,
PHI193806180,todda101,PIT,1,2,value,24,5,0,0,0,0,0,0,0,0,1,19380618,0,PHI09,v,PHI,0,1,0,regular,y,y,
PHI193806191,todda101,PIT,1,2,value,27,2,1,0,0,0,0,0,0,0,1,19380619,1,PHI09,v,PHI,1,0,0,regular,y,y,
BRO193806210,todda101,PIT,1,2,value,27,7,0,1,0,0,0,1,0,0,1,19380621,0,NYC15,v,BRO,1,0,0,regular,y,y,
BRO193806230,todda101,PIT,1,2,value,24,3,1,0,0,0,0,0,2,1,1,19380623,0,NYC15,v,BRO,0,1,0,regular,y,y,
BSN193806250,todda101,PIT,1,2,value,27,6,0,1,0,0,0,0,0,0,1,19380625,0,BOS08,v,BSN,1,0,0,regular,y,y,
PIT193806280,todda101,PIT,1,2,value,27,5,1,0,0,0,0,0,0,0,1,19380628,0,PIT06,h,CIN,0,1,0,regular,y,y,
PIT193806290,todda101,PIT,1,2,value,27,7,0,0,0,0,0,0,0,0,1,19380629,0,PIT06,h,CIN,1,0,0,regular,y,y,
PIT193806300,todda101,PIT,1,2,value,27,7,1,0,1,0,0,0,1,1,1,19380630,0,PIT06,h,CIN,1,0,0,regular,y,y,
PIT193807020,todda101,PIT,1,2,value,27,2,0,0,0,0,0,0,1,0,1,19380702,0,PIT06,h,SLN,1,0,0,regular,y,y,
PIT193807031,todda101,PIT,1,2,value,36,6,2,0,0,0,0,0,1,1,1,19380703,1,PIT06,h,SLN,1,0,0,regular,y,y,
CIN193807041,todda101,PIT,1,2,value,27,2,0,0,0,0,0,0,0,0,1,19380704,1,CIN07,v,CIN,1,0,0,regular,y,y,
SLN193807080,todda101,PIT,1,2,value,27,1,0,0,0,0,0,0,1,0,1,19380708,0,STL07,v,SLN,1,0,0,regular,y,y,
SLN193807090,todda101,PIT,1,2,value,27,6,0,0,0,0,0,0,0,0,1,19380709,0,STL07,v,SLN,1,0,0,regular,y,y,
SLN193807101,todda101,PIT,1,2,value,27,5,1,0,0,0,0,0,1,0,1,19380710,1,STL07,v,SLN,1,0,0,regular,y,d,
SLN193807102,todda101,PIT,1,2,value,9,1,0,0,0,0,0,1,0,0,0,19380710,2,STL07,v,SLN,1,0,0,regular,y,d,
CHN193807110,todda101,PIT,1,2,value,18,0,1,0,0,0,0,0,0,1,1,19380711,0,CHI11,v,CHN,1,0,0,regular,y,y,y
CHN193807120,todda101,PIT,1,2,value,27,3,0,0,0,0,0,0,0,0,1,19380712,0,CHI11,v,CHN,1,0,0,regular,y,y,
PIT193807130,todda101,PIT,1,2,value,27,8,1,0,0,0,0,1,2,0,1,19380713,0,PIT06,h,BRO,0,1,0,regular,y,y,
PIT193807140,todda101,PIT,1,2,value,33,4,2,0,0,0,0,0,1,1,1,19380714,0,PIT06,h,BRO,1,0,0,regular,y,d,
PIT193807150,todda101,PIT,1,2,value,27,5,1,0,1,0,0,0,1,0,1,19380715,0,PIT06,h,BRO,0,1,0,regular,y,y,
PIT193807160,todda101,PIT,1,2,value,27,2,0,0,0,0,0,0,0,0,1,19380716,0,PIT06,h,NY1,1,0,0,regular,y,y,
PIT193807171,todda101,PIT,1,2,value,27,1,1,0,0,0,0,0,0,0,1,19380717,1,PIT06,h,NY1,0,1,0,regular,y,y,
PIT193807172,todda101,PIT,1,2,value,9,1,0,0,0,0,0,0,0,0,0,19380717,2,PIT06,h,NY1,0,0,1,regular,y,y,
PIT193807180,todda101,PIT,1,2,value,27,5,0,0,0,0,0,0,0,1,1,19380718,0,PIT06,h,NY1,1,0,0,regular,y,y,
PIT193807190,todda101,PIT,1,2,value,27,4,0,0,0,0,0,0,0,0,1,19380719,0,PIT06,h,PHI,1,0,0,regular,y,y,
PIT193807201,todda101,PIT,1,2,value,27,5,1,0,0,0,0,0,0,1,1,19380720,1,PIT06,h,PHI,0,1,0,regular,y,y,
PIT193807210,todda101,PIT,1,2,value,27,1,0,0,0,0,0,0,0,0,1,19380721,0,PIT06,h,PHI,1,0,0,regular,y,d,
PIT193807220,todda101,PIT,1,2,value,27,6,0,0,0,0,0,0,2,0,1,19380722,0,PIT06,h,BSN,1,0,0,regular,y,y,
PIT193807230,todda101,PIT,1,2,value,27,3,0,0,0,0,0,0,0,0,1,19380723,0,PIT06,h,BSN,0,1,0,regular,y,y,
PIT193807241,todda101,PIT,1,2,value,45,10,3,0,0,0,0,0,0,2,1,19380724,1,PIT06,h,BSN,1,0,0,regular,y,y,
PHI193807260,todda101,PIT,1,2,value,25,2,1,0,0,0,0,1,0,1,1,19380726,0,PHI11,v,PHI,0,1,0,regular,y,y,
PHI193807270,todda101,PIT,1,2,value,27,3,1,0,0,0,0,0,0,1,1,19380727,0,PHI11,v,PHI,1,0,0,regular,y,y,
PHI193807280,todda101,PIT,1,2,value,27,1,1,0,0,0,0,1,0,0,1,19380728,0,PHI11,v,PHI,1,0,0,regular,y,y,
BRO193807290,todda101,PIT,1,2,value,27,6,1,0,0,0,0,0,0,1,1,19380729,0,NYC15,v,BRO,1,0,0,regular,y,y,
BRO193807300,todda101,PIT,1,2,value,27,6,1,0,0,0,0,0,0,1,1,19380730,0,NYC15,v,BRO,1,0,0,regular,y,y,
BRO193807310,todda101,PIT,1,2,value,24,2,1,0,0,0,0,0,2,0,1,19380731,0,NYC15,v,BRO,0,1,0,regular,y,y,
BSN193808020,todda101,PIT,1,2,value,24,3,2,0,0,0,0,0,0,0,1,19380802,0,BOS08,v,BSN,0,1,0,regular,y,y,
BSN193808031,todda101,PIT,1,2,value,24,3,0,0,0,0,0,0,0,0,1,19380803,1,BOS08,v,BSN,1,0,0,regular,y,y,
BSN193808040,todda101,PIT,1,2,value,24,6,0,0,0,0,0,0,0,0,1,19380804,0,BOS08,v,BSN,0,1,0,regular,y,y,
NY1193808050,todda101,PIT,1,2,value,18,0,1,0,0,0,0,0,0,0,1,19380805,0,NYC14,v,NY1,0,1,0,regular,y,y,
NY1193808071,todda101,PIT,1,2,value,27,5,0,0,0,0,0,0,0,0,1,19380807,1,NYC14,v,NY1,1,0,0,regular,y,y,
NY1193808072,todda101,PIT,1,2,value,27,6,0,0,0,0,0,0,0,0,1,19380807,2,NYC14,v,NY1,1,0,0,regular,y,y,
PIT193808090,todda101,PIT,1,2,value,27,5,0,0,0,0,0,0,0,0,1,19380809,0,PIT06,h,SLN,1,0,0,regular,y,y,
PIT193808100,todda101,PIT,1,2,value,21,1,1,0,0,0,0,0,1,1,1,19380810,0,PIT06,h,SLN,0,1,0,regular,y,y,
PIT193808120,todda101,PIT,1,2,value,27,4,0,0,0,0,0,0,0,0,1,19380812,0,PIT06,h,CHN,0,1,0,regular,y,y,
PIT193808130,todda101,PIT,1,2,value,27,6,1,0,0,0,0,0,1,0,1,19380813,0,PIT06,h,CHN,0,1,0,regular,y,y,
PIT193808140,todda101,PIT,1,2,value,27,2,1,0,0,0,0,1,0,0,1,19380814,0,PIT06,h,CHN,1,0,0,regular,y,y,
PIT193808150,todda101,PIT,1,2,value,27,6,0,0,0,0,0,1,0,0,1,19380815,0,PIT06,h,CIN,0,1,0,regular,y,y,
SLN193808170,todda101,PIT,1,2,value,6,2,0,0,0,0,0,0,0,0,0,19380817,0,STL07,v,SLN,1,0,0,regular,y,y,
SLN193808180,todda101,PIT,1,2,value,24,9,0,0,1,0,1,0,1,0,1,19380818,0,STL07,v,SLN,0,1,0,regular,y,y,
CHN193808200,todda101,PIT,1,2,value,27,1,0,0,0,0,0,0,0,0,1,19380820,0,CHI11,v,CHN,1,0,0,regular,y,y,
CHN193808211,todda101,PIT,1,2,value,24,2,0,0,0,0,0,0,1,0,1,19380821,1,CHI11,v,CHN,0,1,0,regular,y,y,
CHN193808220,todda101,PIT,1,2,value,27,3,0,0,0,0,0,0,1,0,1,19380822,0,CHI11,v,CHN,1,0,0,regular,y,y,
PIT193808231,todda101,PIT,1,2,value,27,3,0,0,0,0,0,0,0,0,1,19380823,1,PIT06,h,BSN,0,1,0,regular,y,y,
PIT193808232,todda101,PIT,1,2,value,15,0,0,0,0,0,0,0,0,0,0,19380823,2,PIT06,h,BSN,1,0,0,regular,y,d,
PIT193808240,todda101,PIT,1,2,value,27,8,1,0,1,0,0,0,1,0,1,19380824,0,PIT06,h,BSN,1,0,0,regular,y,y,
PIT193808251,todda101,PIT,1,2,value,21,8,1,0,0,0,0,0,0,0,1,19380825,1,PIT06,h,PHI,0,1,0,regular,y,y,
PIT193808252,todda101,PIT,1,2,value,33,4,1,1,0,0,0,0,1,0,1,19380825,2,PIT06,h,PHI,0,1,0,regular,y,d,
PIT193808260,todda101,PIT,1,2,value,27,3,2,0,0,0,0,0,0,1,1,19380826,0,PIT06,h,PHI,0,1,0,regular,y,y,
PIT193808270,todda101,PIT,1,2,value,27,7,0,0,0,0,0,0,0,0,1,19380827,0,PIT06,h,PHI,1,0,0,regular,y,y,
PIT193808280,todda101,PIT,1,2,value,27,1,2,0,0,0,0,0,0,1,1,19380828,0,PIT06,h,BRO,0,1,0,regular,y,y,
PIT193808290,todda101,PIT,1,2,value,27,6,0,0,0,0,0,0,0,0,1,19380829,0,PIT06,h,BRO,1,0,0,regular,y,y,
PIT193808300,todda101,PIT,1,2,value,27,2,0,0,0,0,0,1,0,0,1,19380830,0,PIT06,h,NY1,1,0,0,regular,y,y,
PIT193808311,todda101,PIT,1,2,value,27,5,0,0,0,0,1,0,0,0,1,19380831,1,PIT06,h,NY1,0,1,0,regular,y,y,
PIT193808312,todda101,PIT,1,2,value,27,2,0,0,0,0,0,0,0,0,1,19380831,2,PIT06,h,NY1,1,0,0,regular,y,y,
PIT193809010,todda101,PIT,1,2,value,27,2,2,0,0,0,0,0,0,2,1,19380901,0,PIT06,h,NY1,1,0,0,regular,y,y,
PIT193809020,todda101,PIT,1,2,value,27,5,1,0,0,0,0,0,0,1,1,19380902,0,PIT06,h,SLN,0,1,0,regular,y,y,
PIT193809030,todda101,PIT,1,2,value,27,2,0,0,0,0,1,0,0,0,1,19380903,0,PIT06,h,SLN,0,1,0,regular,y,y,
PIT193809040,todda101,PIT,1,2,value,6,3,1,1,0,0,0,0,1,1,1,19380904,0,PIT06,h,SLN,1,0,0,regular,y,y,
CIN193809070,todda101,PIT,1,2,value,27,6,1,0,0,0,0,0,0,0,1,19380907,0,CIN07,v,CIN,1,0,0,regular,y,y,
CIN193809080,todda101,PIT,1,2,value,24,6,0,0,0,0,0,0,0,0,1,19380908,0,CIN07,v,CIN,0,1,0,regular,y,y,
SLN193809100,todda101,PIT,1,2,value,27,5,0,0,0,0,0,0,0,0,1,19380910,0,STL07,v,SLN,1,0,0,regular,y,y,
SLN193809110,todda101,PIT,1,2,value,24,5,0,0,0,0,0,0,0,0,1,19380911,0,STL07,v,SLN,0,1,0,regular,y,y,
NY1193809141,todda101,PIT,1,2,value,24,6,0,0,0,0,0,0,1,0,1,19380914,1,NYC14,v,NY1,0,1,0,regular,y,y,
BSN193809161,todda101,PIT,1,2,value,12,4,0,0,0,0,0,0,0,0,0,19380916,1,BOS08,v,BSN,1,0,0,regular,y,y,
BSN193809162,todda101,PIT,1,2,value,25,5,0,0,0,0,0,0,0,0,1,19380916,2,BOS08,v,BSN,0,1,0,regular,y,d,
BSN193809170,todda101,PIT,1,2,value,27,4,0,0,0,0,0,0,0,0,1,19380917,0,BOS08,v,BSN,1,0,0,regular,y,y,
PHI193809181,todda101,PIT,1,2,value,24,4,3,0,0,0,0,0,0,2,1,19380918,1,PHI11,v,PHI,1,0,0,regular,y,y,
PHI193809182,todda101,PIT,1,2,value,15,7,0,0,0,0,0,0,0,0,1,19380918,2,PHI11,v,PHI,0,0,1,regular,y,y,
BRO193809221,todda101,PIT,1,2,value,27,4,1,0,0,0,0,0,0,0,1,19380922,1,NYC15,v,BRO,1,0,0,regular,y,y,
BRO193809222,todda101,PIT,1,2,value,27,4,0,0,0,0,0,0,0,0,1,19380922,2,NYC15,v,BRO,1,0,0,regular,y,y,
PIT193809230,todda101,PIT,1,2,value,36,10,2,0,0,0,0,0,0,1,1,19380923,0,PIT06,h,CIN,0,1,0,regular,y,y,
PIT193809240,todda101,PIT,1,2,value,27,5,1,0,0,0,0,0,0,0,1,19380924,0,PIT06,h,CIN,1,0,0,regular,y,y,
PIT193809250,todda101,PIT,1,2,value,27,5,0,0,0,0,0,0,1,0,1,19380925,0,PIT06,h,CIN,1,0,0,regular,y,y,
CHN193809270,todda101,PIT,1,2,value,24,0,1,0,0,0,0,0,0,1,1,19380927,0,CHI11,v,CHN,0,1,0,regular,y,y,
CHN193809280,todda101,PIT,1,2,value,26,9,1,1,0,0,1,0,0,0,1,19380928,0,CHI11,v,CHN,0,1,0,regular,y,y,
CHN193809280,todda101,PIT,1,2,official,,,,1,0,,0,,,,1,19380928,0,CHI11,v,CHN,0,1,0,regular,y,y,
CHN193809290,todda101,PIT,1,2,value,24,6,1,0,0,0,0,0,0,0,1,19380929,0,CHI11,v,CHN,0,1,0,regular,y,y,
CIN193809301,todda101,PIT,1,2,value,24,2,1,0,0,0,0,0,0,1,1,19380930,1,CIN07,v,CIN,0,1,0,regular,y,y,
CIN193809302,todda101,PIT,1,2,value,27,4,1,0,0,0,0,0,0,0,1,19380930,2,CIN07,v,CIN,1,0,0,regular,y,y,
CIN193810010,todda101,PIT,1,2,value,24,6,0,1,0,0,0,0,0,0,1,19381001,0,CIN07,v,CIN,0,1,0,regular,y,y,
CIN193810020,todda101,PIT,1,2,value,21,5,0,0,0,0,0,0,0,0,1,19381002,0,CIN07,v,CIN,0,1,0,regular,y,y,
PHI193904220,todda101,BRO,1,2,value,21,5,0,0,0,0,0,0,1,0,1,19390422,0,PHI11,v,PHI,0,1,0,regular,y,y,
PHI193904230,todda101,BRO,1,2,value,10,1,1,0,0,0,0,0,0,1,0,19390423,0,PHI11,v,PHI,0,1,0,regular,y,y,
BRO193904290,todda101,BRO,1,2,value,22,4,2,0,1,0,0,1,0,0,0,19390429,0,NYC15,h,PHI,1,0,0,regular,y,y,
BRO193904300,todda101,BRO,1,2,value,27,5,1,0,1,0,0,0,0,1,1,19390430,0,NYC15,h,PHI,1,0,0,regular,y,y,
BRO193905010,todda101,BRO,1,2,value,27,4,1,0,0,0,0,1,1,0,1,19390501,0,NYC15,h,PHI,1,0,0,regular,y,y,
BRO193905020,todda101,BRO,1,2,value,27,3,1,0,0,0,0,0,0,1,1,19390502,0,NYC15,h,PIT,0,1,0,regular,y,y,
BRO193905070,todda101,BRO,1,2,value,12,3,0,0,0,0,0,0,0,0,1,19390507,0,NYC15,h,SLN,1,0,0,regular,y,y,
BRO193905080,todda101,BRO,1,2,value,27,8,0,0,0,0,0,0,1,0,1,19390508,0,NYC15,h,SLN,0,1,0,regular,y,y,
CHN193905170,todda101,BRO,1,2,value,33,5,1,1,0,0,0,2,0,1,0,19390517,0,CHI11,v,CHN,0,0,1,regular,y,y,
CIN193905220,todda101,BRO,1,2,value,24,5,0,0,0,0,0,0,0,0,1,19390522,0,CIN07,v,CIN,0,1,0,regular,y,y,
BRO193905280,todda101,BRO,1,2,value,27,2,0,0,0,0,0,0,0,0,1,19390528,0,NYC15,h,BSN,1,0,0,regular,y,y,
BRO193905290,todda101,BRO,1,2,value,27,7,1,0,0,0,0,0,1,0,1,19390529,0,NYC15,h,BSN,1,0,0,regular,y,y,
NY1193905302,todda101,BRO,1,2,value,27,4,0,0,0,0,0,0,0,0,1,19390530,2,NYC14,v,NY1,1,0,0,regular,y,y,
NY1193905310,todda101,BRO,1,2,value,6,1,0,0,0,0,0,0,0,0,0,19390531,0,NYC14,v,NY1,1,0,0,regular,y,y,
BRO193906030,todda101,BRO,1,2,value,27,4,1,0,0,0,0,0,1,1,1,19390603,0,NYC15,h,CHN,0,1,0,regular,y,y,
BRO193906100,todda101,BRO,1,2,value,27,8,0,0,0,0,0,0,0,0,1,19390610,0,NYC15,h,CIN,1,0,0,regular,y,y,
BRO193906111,todda101,BRO,1,2,value,3,0,0,0,0,0,0,0,0,0,0,19390611,1,NYC15,h,CIN,0,1,0,regular,y,y,
BRO193906112,todda101,BRO,1,2,value,21,5,0,0,0,0,0,0,0,0,1,19390611,2,NYC15,h,CIN,1,0,0,regular,y,y,
SLN193906140,todda101,BRO,1,2,value,24,7,1,0,0,0,0,0,1,0,1,19390614,0,STL07,v,SLN,0,1,0,regular,y,y,
BRO193907041,todda101,BRO,1,2,value,27,4,0,0,0,0,0,0,0,0,1,19390704,1,NYC15,h,PHI,1,0,0,regular,y,y,
BRO193907070,todda101,BRO,1,2,value,24,4,0,0,0,0,0,0,0,0,1,19390707,0,NYC15,h,NY1,1,0,0,regular,y,y,
BRO193907140,todda101,BRO,1,2,value,18,4,0,0,0,0,0,0,0,0,0,19390714,0,NYC15,h,PIT,1,0,0,regular,y,y,
BRO193907170,todda101,BRO,1,2,value,27,3,1,0,0,0,0,0,1,1,1,19390717,0,NYC15,h,CHN,0,1,0,regular,y,y,
BRO193907212,todda101,BRO,1,2,value,27,6,0,0,0,0,0,1,1,0,1,19390721,2,NYC15,h,CIN,1,0,0,regular,y,y,
BRO193907220,todda101,BRO,1,2,value,27,4,0,0,0,0,0,0,0,0,1,19390722,0,NYC15,h,SLN,1,0,0,regular,y,y,
BRO193907232,todda101,BRO,1,2,value,27,3,0,0,0,0,0,0,0,0,1,19390723,2,NYC15,h,SLN,0,1,0,regular,y,y,
SLN193907301,todda101,BRO,1,2,value,9,2,0,0,0,0,0,0,0,0,0,19390730,1,STL07,v,SLN,0,1,0,regular,y,y,
PIT193908020,todda101,BRO,1,2,value,15,2,0,0,0,0,0,0,0,0,0,19390802,0,PIT06,v,PIT,0,1,0,regular,y,y,
PIT193908030,todda101,BRO,1,2,value,27,5,0,0,0,0,0,0,0,0,1,19390803,0,PIT06,v,PIT,1,0,0,regular,y,y,
CIN193908040,todda101,BRO,1,2,value,24,5,2,1,0,0,0,0,1,0,1,19390804,0,CIN07,v,CIN,0,1,0,regular,y,y,
CIN193908062,todda101,BRO,1,2,value,12,1,0,1,0,0,0,0,0,0,1,19390806,2,CIN07,v,CIN,0,1,0,regular,y,y,
PHI193908102,todda101,BRO,1,2,value,24,5,0,1,0,0,0,0,0,0,1,19390810,2,PHI11,v,PHI,0,1,0,regular,y,d,
BRO193908160,todda101,BRO,1,2,value,27,4,1,0,0,0,1,0,0,0,1,19390816,0,NYC15,h,NY1,0,1,0,regular,y,y,
BSN193908180,todda101,BRO,1,2,value,15,1,0,0,0,0,0,0,0,0,0,19390818,0,BOS08,v,BSN,0,1,0,regular,y,y,
BRO193908210,todda101,BRO,1,2,value,27,6,0,0,0,0,0,0,0,0,1,19390821,0,NYC15,h,SLN,1,0,0,regular,y,y,
BRO193908240,todda101,BRO,1,2,value,27,5,0,0,0,0,0,0,0,0,1,19390824,0,NYC15,h,CIN,1,0,0,regular,y,y,
BRO193908262,todda101,BRO,1,2,value,19,3,1,0,0,0,0,0,0,0,0,19390826,2,NYC15,h,CIN,1,0,0,regular,y,y,
BRO193908271,todda101,BRO,1,2,value,27,1,0,0,0,0,0,0,0,0,1,19390827,1,NYC15,h,PIT,1,0,0,regular,y,y,
BRO193908272,todda101,BRO,1,2,value,27,7,0,0,0,0,0,0,0,0,1,19390827,2,NYC15,h,PIT,0,1,0,regular,y,y,
BRO193909011,todda101,BRO,1,2,value,27,4,0,0,0,0,0,0,0,0,1,19390901,1,NYC15,h,CHN,0,1,0,regular,y,y,
NY1193909021,todda101,BRO,1,2,value,5,0,0,0,0,0,0,0,0,0,0,19390902,1,NYC14,v,NY1,0,1,0,regular,y,y,
NY1193909022,todda101,BRO,1,2,value,27,8,0,1,0,0,0,0,0,0,1,19390902,2,NYC14,v,NY1,1,0,0,regular,y,y,
NY1193909030,todda101,BRO,1,2,value,24,4,0,0,0,0,0,0,0,0,1,19390903,0,NYC14,v,NY1,0,1,0,regular,y,d,
BRO193909041,todda101,BRO,1,2,value,27,9,1,0,1,0,0,0,0,0,1,19390904,1,NYC15,h,BSN,1,0,0,regular,y,y,
BRO193909042,todda101,BRO,1,2,value,27,3,0,0,0,0,0,0,0,0,1,19390904,2,NYC15,h,BSN,0,1,0,regular,y,y,
BRO193909050,todda101,BRO,1,2,value,27,5,1,0,0,0,0,0,0,0,1,19390905,0,NYC15,h,BSN,1,0,0,regular,y,y,
BRO193909060,todda101,BRO,1,2,value,27,7,0,0,0,0,0,0,0,0,1,19390906,0,NYC15,h,PHI,1,0,0,regular,y,y,
BRO193909081,todda101,BRO,1,2,value,27,5,2,0,0,0,0,0,0,1,1,19390908,1,NYC15,h,PHI,1,0,0,regular,y,y,
BRO193909082,todda101,BRO,1,2,value,15,2,0,0,0,0,0,0,1,0,1,19390908,2,NYC15,h,PHI,1,0,0,regular,y,d,
BRO193909090,todda101,BRO,1,2,value,27,3,0,0,0,0,0,0,0,0,1,19390909,0,NYC15,h,NY1,1,0,0,regular,y,y,
BRO193909100,todda101,BRO,1,2,value,27,3,0,0,0,0,0,0,0,0,1,19390910,0,NYC15,h,NY1,1,0,0,regular,y,y,
CIN193909120,todda101,BRO,1,2,value,28,4,0,0,0,0,0,0,0,0,1,19390912,0,CIN07,v,CIN,0,1,0,regular,y,y,
CIN193909130,todda101,BRO,1,2,value,21,2,1,0,0,0,1,0,0,0,1,19390913,0,CIN07,v,CIN,0,1,0,regular,y,y,
CIN193909130,todda101,BRO,1,2,official,,,,0,0,,0,,,,1,19390913,0,CIN07,v,CIN,0,1,0,regular,y,y,
PIT193909141,todda101,BRO,1,2,value,21,2,0,0,0,0,0,0,0,0,1,19390914,1,PIT06,v,PIT,0,1,0,regular,y,y,
PIT193909160,todda101,BRO,1,2,value,23,2,0,0,0,0,0,0,0,0,0,19390916,0,PIT06,v,PIT,1,0,0,regular,y,y,
CHN193909171,todda101,BRO,1,2,value,27,1,1,0,0,0,0,0,0,0,1,19390917,1,CHI11,v,CHN,1,0,0,regular,y,y,
CHN193909172,todda101,BRO,1,2,value,6,0,0,0,0,0,0,0,0,0,0,19390917,2,CHI11,v,CHN,1,0,0,regular,y,y,
SLN193909190,todda101,BRO,1,2,value,12,0,1,0,0,0,0,0,0,0,0,19390919,0,STL07,v,SLN,0,1,0,regular,y,y,
SLN193909200,todda101,BRO,1,2,value,24,5,0,0,0,0,0,0,0,0,1,19390920,0,STL07,v,SLN,0,1,0,regular,y,y,
SLN193909210,todda101,BRO,1,2,value,26,4,0,0,0,0,0,0,0,0,1,19390921,0,STL07,v,SLN,0,1,0,regular,y,y,
PHI193909231,todda101,BRO,1,2,value,18,3,0,0,0,0,0,0,0,0,1,19390923,1,PHI11,v,PHI,1,0,0,regular,y,y,
PHI193909232,todda101,BRO,1,2,value,27,4,0,0,0,0,0,0,0,0,1,19390923,2,PHI11,v,PHI,1,0,0,regular,y,y,
PHI193909232,todda101,BRO,1,2,official,,,,0,0,,1,,,,1,19390923,2,PHI11,v,PHI,1,0,0,regular,y,y,
PHI193909241,todda101,BRO,1,2,value,27,3,0,0,0,0,0,0,1,0,1,19390924,1,PHI11,v,PHI,1,0,0,regular,y,y,
PHI193909242,todda101,BRO,1,2,value,27,3,2,0,0,0,0,0,1,0,1,19390924,2,PHI11,v,PHI,1,0,0,regular,y,y,
NY1193909261,todda101,BRO,1,2,value,24,4,2,0,2,0,0,0,0,1,1,19390926,1,NYC14,v,NY1,0,1,0,regular,y,y,
NY1193909261,todda101,BRO,1,2,official,,,,0,1,,0,,,,1,19390926,1,NYC14,v,NY1,0,1,0,regular,y,y,
NY1193909262,todda101,BRO,1,2,value,21,5,0,0,0,0,0,0,0,0,1,19390926,2,NYC14,v,NY1,1,0,0,regular,y,y,
BSN193909281,todda101,BRO,1,2,value,24,3,1,0,0,0,0,0,0,0,1,19390928,1,BOS08,v,BSN,0,1,0,regular,y,y,
BSN193909282,todda101,BRO,1,2,value,27,12,1,0,0,0,0,0,1,1,1,19390928,2,BOS08,v,BSN,1,0,0,regular,y,y,
BSN193909291,todda101,BRO,1,2,value,24,5,1,0,0,0,1,0,0,1,1,19390929,1,BOS08,v,BSN,0,1,0,regular,y,y,
BSN193909292,todda101,BRO,1,2,value,27,4,1,0,0,0,0,1,1,1,1,19390929,2,BOS08,v,BSN,1,0,0,regular,y,d,
BRO193909301,todda101,BRO,1,2,value,27,7,0,0,0,0,0,0,1,0,1,19390930,1,NYC15,h,PHI,1,0,0,regular,y,y,
BRO193909302,todda101,BRO,1,2,value,21,7,0,0,0,0,0,0,1,0,1,19390930,2,NYC15,h,PHI,1,0,0,regular,y,y,
BRO193910010,todda101,BRO,1,2,value,27,3,2,0,1,0,0,0,0,0,1,19391001,0,NYC15,h,PHI,1,0,0,regular,y,y,
CIN194004160,todda101,CHN,1,2,value,24,3,0,0,0,0,0,0,0,0,1,19400416,0,CIN07,v,CIN,0,1,0,regular,y,y,
CIN194004180,todda101,CHN,1,2,value,24,6,0,0,0,0,0,0,0,0,1,19400418,0,CIN07,v,CIN,0,1,0,regular,y,y,
CHN194004190,todda101,CHN,1,2,value,27,6,0,0,0,0,0,0,0,0,1,19400419,0,CHI11,h,SLN,1,0,0,regular,y,y,
CHN194004200,todda101,CHN,1,2,value,27,4,2,0,1,0,0,0,1,1,1,19400420,0,CHI11,h,SLN,1,0,0,regular,y,y,
CHN194004210,todda101,CHN,1,2,value,27,5,0,0,0,0,0,0,0,0,1,19400421,0,CHI11,h,SLN,0,1,0,regular,y,y,
PIT194004220,todda101,CHN,1,2,value,24,5,0,0,0,0,0,0,1,0,1,19400422,0,PIT06,v,PIT,0,1,0,regular,y,y,
PIT194004230,todda101,CHN,1,2,value,25,5,2,0,1,0,0,0,0,2,1,19400423,0,PIT06,v,PIT,0,1,0,regular,y,y,
PIT194004240,todda101,CHN,1,2,value,27,1,1,0,0,0,0,0,0,0,1,19400424,0,PIT06,v,PIT,1,0,0,regular,y,y,
CHN194004250,todda101,CHN,1,2,value,27,2,1,0,0,0,0,0,1,0,1,19400425,0,CHI11,h,CIN,1,0,0,regular,y,y,
CHN194004260,todda101,CHN,1,2,value,27,5,0,0,0,0,0,0,0,0,1,19400426,0,CHI11,h,CIN,1,0,0,regular,y,y,
SLN194004270,todda101,CHN,1,2,value,27,1,0,0,0,0,0,0,0,0,1,19400427,0,STL07,v,SLN,1,0,0,regular,y,y,
SLN194004280,todda101,CHN,1,2,value,24,2,0,0,0,0,0,0,0,0,1,19400428,0,STL07,v,SLN,0,1,0,regular,y,y,
SLN194004290,todda101,CHN,1,2,value,27,4,1,0,0,0,0,0,0,0,1,19400429,0,STL07,v,SLN,0,1,0,regular,y,y,
CHN194004300,todda101,CHN,1,2,value,6,0,1,0,0,0,0,0,0,0,0,19400430,0,CHI11,h,BSN,1,0,0,regular,y,y,
CHN194005040,todda101,CHN,1,2,value,27,3,2,0,1,0,0,0,0,1,1,19400504,0,CHI11,h,NY1,1,0,0,regular,y,y,
CHN194005040,todda101,CHN,1,2,official,,,,0,0,,0,,,,1,19400504,0,CHI11,h,NY1,1,0,0,regular,y,y,
CHN194005050,todda101,CHN,1,2,value,27,1,2,0,0,0,0,0,0,0,1,19400505,0,CHI11,h,PHI,0,1,0,regular,y,d,
CHN194005060,todda101,CHN,1,2,value,33,6,3,0,0,0,0,0,0,1,1,19400506,0,CHI11,h,PHI,1,0,0,regular,y,y,
CHN194005070,todda101,CHN,1,2,value,27,4,2,1,1,0,0,0,0,1,1,19400507,0,CHI11,h,PHI,0,1,0,regular,y,y,
CHN194005090,todda101,CHN,1,2,value,30,4,0,0,0,0,0,0,0,0,1,19400509,0,CHI11,h,BRO,0,1,0,regular,y,y,
CHN194005100,todda101,CHN,1,2,value,27,4,0,1,0,0,0,0,1,0,1,19400510,0,CHI11,h,PIT,0,1,0,regular,y,y,
CHN194005110,todda101,CHN,1,2,value,27,5,0,0,0,0,0,0,0,0,1,19400511,0,CHI11,h,PIT,1,0,0,regular,y,y,
CHN194005120,todda101,CHN,1,2,value,27,5,0,0,0,0,0,0,1,0,1,19400512,0,CHI11,h,PIT,1,0,0,regular,y,y,
BSN194005150,todda101,CHN,1,2,value,27,5,1,0,0,0,0,0,2,1,1,19400515,0,BOS08,v,BSN,1,0,0,regular,y,y,
NY1194005170,todda101,CHN,1,2,value,27,3,1,0,0,0,0,0,0,1,1,19400517,0,NYC14,v,NY1,1,0,0,regular,y,y,
NY1194005180,todda101,CHN,1,2,value,24,5,0,0,0,0,0,0,0,0,1,19400518,0,NYC14,v,NY1,0,1,0,regular,y,y,
BRO194005190,todda101,CHN,1,2,value,24,2,2,0,0,0,0,0,0,2,1,19400519,0,NYC15,v,BRO,1,0,0,regular,y,y,
BRO194005200,todda101,CHN,1,2,value,27,5,2,0,0,0,0,0,0,0,1,19400520,0,NYC15,v,BRO,1,0,0,regular,y,y,
BRO194005210,todda101,CHN,1,2,value,24,5,1,0,1,0,0,0,0,1,1,19400521,0,NYC15,v,BRO,0,1,0,regular,y,y,
PHI194005230,todda101,CHN,1,2,value,39,3,0,0,0,0,0,0,1,0,1,19400523,0,PHI11,v,PHI,1,0,0,regular,y,y,
PIT194005250,todda101,CHN,1,2,value,15,7,0,0,0,0,0,0,0,0,1,19400525,0,PIT06,v,PIT,0,1,0,regular,y,y,
PIT194005260,todda101,CHN,1,2,value,24,2,0,0,0,0,0,0,4,0,1,19400526,0,PIT06,v,PIT,0,1,0,regular,y,y,
CHN194005270,todda101,CHN,1,2,value,27,4,0,0,0,0,0,0,0,0,1,19400527,0,CHI11,h,SLN,1,0,0,regular,y,y,
CHN194005280,todda101,CHN,1,2,value,27,6,0,0,0,0,0,0,0,0,1,19400528,0,CHI11,h,SLN,0,1,0,regular,y,y,
CHN194005290,todda101,CHN,1,2,value,18,3,0,0,0,0,0,0,0,0,1,19400529,0,CHI11,h,SLN,0,1,0,regular,y,y,
CHN194005302,todda101,CHN,1,2,value,36,11,1,0,1,0,0,0,0,0,1,19400530,2,CHI11,h,CIN,0,1,0,regular,y,y,
CHN194006010,todda101,CHN,1,2,value,36,7,2,0,0,0,0,0,1,2,1,19400601,0,CHI11,h,BRO,1,0,0,regular,y,y,
CHN194006022,todda101,CHN,1,2,value,27,3,0,0,0,0,0,0,1,0,1,19400602,2,CHI11,h,BRO,0,1,0,regular,y,y,
CHN194006030,todda101,CHN,1,2,value,27,6,0,0,0,0,0,0,0,0,1,19400603,0,CHI11,h,BRO,0,1,0,regular,y,y,
CHN194006092,todda101,CHN,1,2,value,21,4,0,0,0,0,1,0,0,0,1,19400609,2,CHI11,h,BSN,1,0,0,regular,y,d,
CHN194006112,todda101,CHN,1,2,value,27,2,0,1,0,0,0,0,0,0,1,19400611,2,CHI11,h,NY1,0,1,0,regular,y,y,
BSN194006150,todda101,CHN,1,2,value,27,9,0,0,0,0,0,0,0,0,1,19400615,0,BOS08,v,BSN,1,0,0,regular,y,y,
BSN194006162,todda101,CHN,1,2,value,27,2,0,1,0,0,0,0,0,0,1,19400616,2,BOS08,v,BSN,1,0,0,regular,y,d,
NY1194006180,todda101,CHN,1,2,value,27,5,0,0,0,0,0,0,0,0,1,19400618,0,NYC14,v,NY1,1,0,0,regular,y,y,
NY1194006200,todda101,CHN,1,2,value,24,4,0,0,0,0,0,0,0,0,1,19400620,0,NYC14,v,NY1,0,1,0,regular,y,y,
PHI194006210,todda101,CHN,1,2,value,21,3,2,0,1,0,0,0,0,1,1,19400621,0,PHI11,v,PHI,0,1,0,regular,y,y,
PHI194006220,todda101,CHN,1,2,value,27,3,0,0,0,0,0,0,0,0,1,19400622,0,PHI11,v,PHI,1,0,0,regular,y,y,
PHI194006231,todda101,CHN,1,2,value,27,6,1,0,0,0,0,0,0,0,1,19400623,1,PHI11,v,PHI,1,0,0,regular,y,y,
PHI194006232,todda101,CHN,1,2,value,27,3,0,0,0,0,0,0,0,0,1,19400623,2,PHI11,v,PHI,1,0,0,regular,y,d,
BRO194006250,todda101,CHN,1,2,value,39,6,0,0,0,0,0,0,0,0,1,19400625,0,NYC15,v,BRO,1,0,0,regular,y,y,
BRO194006270,todda101,CHN,1,2,value,24,5,3,0,1,0,0,1,2,0,1,19400627,0,NYC15,v,BRO,0,1,0,regular,y,y,
CIN194006280,todda101,CHN,1,2,value,27,2,1,0,0,0,0,0,0,0,1,19400628,0,CIN07,v,CIN,1,0,0,regular,y,y,
CIN194006290,todda101,CHN,1,2,value,24,3,0,0,0,0,0,0,0,0,1,19400629,0,CIN07,v,CIN,0,1,0,regular,y,y,
CIN194006301,todda101,CHN,1,2,value,24,3,1,0,0,0,0,0,1,0,1,19400630,1,CIN07,v,CIN,0,1,0,regular,y,y,
CHN194007060,todda101,CHN,1,2,value,27,7,0,0,0,0,0,2,0,0,1,19400706,0,CHI11,h,CIN,0,1,0,regular,y,y,
CHN194007070,todda101,CHN,1,2,value,3,1,0,0,0,0,0,0,0,0,0,19400707,0,CHI11,h,CIN,0,1,0,regular,y,y,
CHN194007112,todda101,CHN,1,2,value,30,4,2,0,0,0,0,0,0,1,1,19400711,2,CHI11,h,BSN,0,1,0,regular,y,d,
CHN194007130,todda101,CHN,1,2,value,27,1,3,1,0,0,0,0,0,1,1,19400713,0,CHI11,h,BSN,0,1,0,regular,y,y,
CHN194007141,todda101,CHN,1,2,value,18,4,0,0,0,0,0,0,0,0,0,19400714,1,CHI11,h,NY1,1,0,0,regular,y,y,
CHN194007142,todda101,CHN,1,2,value,27,4,1,0,1,0,0,0,0,1,1,19400714,2,CHI11,h,NY1,0,1,0,regular,y,y,
CHN194007180,todda101,CHN,1,2,value,27,3,3,0,1,0,0,0,0,2,1,19400718,0,CHI11,h,BRO,0,1,0,regular,y,y,
CHN194007190,todda101,CHN,1,2,value,27,3,0,0,0,0,1,0,0,0,1,19400719,0,CHI11,h,BRO,1,0,0,regular,y,y,
CHN194007200,todda101,CHN,1,2,value,27,2,0,0,0,0,0,0,0,0,1,19400720,0,CHI11,h,PHI,0,1,0,regular,y,y,
CHN194007212,todda101,CHN,1,2,value,27,3,0,0,0,0,0,0,0,0,1,19400721,2,CHI11,h,PHI,1,0,0,regular,y,y,
BSN194007230,todda101,CHN,1,2,value,27,4,0,0,0,0,0,0,0,0,1,19400723,0,BOS08,v,BSN,1,0,0,regular,y,y,
NY1194007260,todda101,CHN,1,2,value,27,7,0,0,0,0,0,0,0,0,1,19400726,0,NYC14,v,NY1,1,0,0,regular,y,y,
NY1194007270,todda101,CHN,1,2,value,21,2,0,0,0,0,0,0,0,0,1,19400727,0,NYC14,v,NY1,0,1,0,regular,y,y,
NY1194007280,todda101,CHN,1,2,value,24,2,1,0,0,0,0,0,0,1,1,19400728,0,NYC14,v,NY1,0,1,0,regular,y,y,
PHI194007290,todda101,CHN,1,2,value,27,1,1,0,0,0,0,0,1,0,1,19400729,0,PHI11,v,PHI,1,0,0,regular,y,y,
PHI194007300,todda101,CHN,1,2,value,24,1,0,0,0,0,0,0,0,0,1,19400730,0,PHI11,v,PHI,0,1,0,regular,y,y,
PHI194007310,todda101,CHN,1,2,value,20,2,0,0,0,0,0,0,0,0,0,19400731,0,PHI11,v,PHI,0,1,0,regular,y,y,
BRO194008020,todda101,CHN,1,2,value,27,6,1,0,0,0,0,0,0,0,1,19400802,0,NYC15,v,BRO,1,0,0,regular,y,y,
BRO194008030,todda101,CHN,1,2,value,27,5,3,0,1,0,0,0,0,2,1,19400803,0,NYC15,v,BRO,1,0,0,regular,y,y,
BRO194008041,todda101,CHN,1,2,value,27,2,0,0,0,0,0,0,0,0,1,19400804,1,NYC15,v,BRO,1,0,0,regular,y,y,
BRO194008042,todda101,CHN,1,2,value,32,6,0,1,0,0,0,0,1,0,1,19400804,2,NYC15,v,BRO,0,1,0,regular,y,y,
CIN194008070,todda101,CHN,1,2,value,30,3,0,0,0,0,0,0,0,0,1,19400807,0,CIN07,v,CIN,1,0,0,regular,y,y,
CIN194008080,todda101,CHN,1,2,value,24,3,1,0,0,0,0,0,0,1,1,19400808,0,CIN07,v,CIN,0,1,0,regular,y,y,
PIT194008090,todda101,CHN,1,2,value,21,6,0,0,0,0,0,0,0,0,1,19400809,0,PIT06,v,PIT,0,1,0,regular,y,y,
PIT194008100,todda101,CHN,1,2,value,27,1,0,0,0,0,0,0,0,0,1,19400810,0,PIT06,v,PIT,1,0,0,regular,y,y,
PIT194008111,todda101,CHN,1,2,value,21,5,1,2,0,0,0,0,1,1,1,19400811,1,PIT06,v,PIT,0,1,0,regular,y,y,
CHN194008130,todda101,CHN,1,2,value,27,6,0,0,0,0,0,0,0,0,1,19400813,0,CHI11,h,SLN,0,1,0,regular,y,y,
CHN194008150,todda101,CHN,1,2,value,27,5,0,0,0,0,0,0,1,0,1,19400815,0,CHI11,h,CIN,1,0,0,regular,y,y,
CHN194008161,todda101,CHN,1,2,value,27,7,1,0,0,0,0,0,0,0,1,19400816,1,CHI11,h,CIN,0,1,0,regular,y,y,
CHN194008162,todda101,CHN,1,2,value,6,1,0,0,0,0,0,0,0,0,0,19400816,2,CHI11,h,CIN,0,1,0,regular,y,y,
CHN194008170,todda101,CHN,1,2,value,39,1,2,0,1,0,0,0,0,1,1,19400817,0,CHI11,h,PIT,1,0,0,regular,y,y,
CHN194008180,todda101,CHN,1,2,value,27,4,0,0,0,0,0,0,0,0,1,19400818,0,CHI11,h,PIT,1,0,0,regular,y,y,
CHN194008200,todda101,CHN,1,2,value,27,3,1,0,0,0,0,0,0,0,1,19400820,0,CHI11,h,PHI,1,0,0,regular,y,y,
CHN194008210,todda101,CHN,1,2,value,30,4,1,0,0,0,0,1,0,1,1,19400821,0,CHI11,h,PHI,0,1,0,regular,y,y,
CHN194008220,todda101,CHN,1,2,value,27,8,0,0,0,0,0,0,0,0,1,19400822,0,CHI11,h,BRO,1,0,0,regular,y,y,
CHN194008230,todda101,CHN,1,2,value,33,7,0,0,0,0,1,0,0,0,1,19400823,0,CHI11,h,BRO,1,0,0,regular,y,y,
CHN194008240,todda101,CHN,1,2,value,15,0,0,0,0,0,1,1,0,0,1,19400824,0,CHI11,h,BRO,0,1,0,regular,y,y,
CHN194008251,todda101,CHN,1,2,value,30,2,0,0,0,0,0,0,1,0,1,19400825,1,CHI11,h,NY1,1,0,0,regular,y,y,
CHN194008252,todda101,CHN,1,2,value,27,5,0,0,0,0,0,0,0,0,1,19400825,2,CHI11,h,NY1,0,1,0,regular,y,y,
CHN194008260,todda101,CHN,1,2,value,27,6,1,0,0,0,0,0,2,0,1,19400826,0,CHI11,h,NY1,0,1,0,regular,y,y,
CHN194008280,todda101,CHN,1,2,value,3,0,0,0,0,0,0,0,0,0,0,19400828,0,CHI11,h,BSN,0,1,0,regular,y,y,
BRO194009112,todda101,CHN,1,2,value,27,5,0,0,0,0,0,0,0,0,1,19400911,2,NYC15,v,BRO,1,0,0,regular,y,y,
PHI194009120,todda101,CHN,1,2,value,27,7,0,0,0,0,0,0,0,0,1,19400912,0,PHI11,v,PHI,1,0,0,regular,y,y,
PHI194009130,todda101,CHN,1,2,value,24,3,0,0,0,0,0,0,0,0,1,19400913,0,PHI11,v,PHI,0,1,0,regular,y,y,
PHI194009140,todda101,CHN,1,2,value,24,6,0,0,0,0,0,0,0,0,1,19400914,0,PHI11,v,PHI,0,1,0,regular,y,y,
BSN194009151,todda101,CHN,1,2,value,24,4,0,0,0,0,0,0,0,0,1,19400915,1,BOS08,v,BSN,0,1,0,regular,y,d,
NY1194009170,todda101,CHN,1,2,value,21,4,0,0,0,0,0,0,1,0,1,19400917,0,NYC14,v,NY1,1,0,0,regular,y,y,
CHN194009210,todda101,CHN,1,2,value,33,9,1,0,0,0,0,0,1,0,1,19400921,0,CHI11,h,SLN,1,0,0,regular,y,y,
CHN194009222,todda101,CHN,1,2,value,27,5,0,0,0,0,0,0,2,0,1,19400922,2,CHI11,h,SLN,0,1,0,regular,y,d,
CHN194009252,todda101,CHN,1,2,value,27,5,2,0,0,0,1,0,0,2,1,19400925,2,CHI11,h,PIT,1,0,0,regular,y,d,
CHN194009260,todda101,CHN,1,2,value,27,5,0,0,0,0,0,1,2,0,1,19400926,0,CHI11,h,PIT,0,1,0,regular,y,y,
PIT194305022,todda101,CHN,1,2,value,24,5,1,0,0,0,0,0,1,1,1,19430502,2,PIT06,v,PIT,0,1,0,regular,y,y,
CIN194305070,todda101,CHN,1,2,value,24,6,1,0,1,0,0,1,0,1,1,19430507,0,CIN07,v,CIN,0,1,0,regular,y,y,
CIN194305091,todda101,CHN,1,2,value,27,3,0,0,0,0,1,0,0,0,1,19430509,1,CIN07,v,CIN,1,0,0,regular,y,y,
NY1194305140,todda101,CHN,1,2,value,0,0,0,0,0,0,0,0,0,0,0,19430514,0,NYC14,v,NY1,0,1,0,regular,y,y,
BRO194305161,todda101,CHN,1,2,value,24,3,0,0,0,0,0,0,0,0,1,19430516,1,NYC15,v,BRO,0,1,0,regular,y,y,
BRO194305162,todda101,CHN,1,2,value,3,1,1,0,1,0,0,0,0,0,0,19430516,2,NYC15,v,BRO,0,1,0,regular,y,y,
PHI194305180,todda101,CHN,1,2,value,3,0,0,0,0,0,0,0,0,0,0,19430518,0,PHI11,v,PHI,0,1,0,regular,y,y,
PHI194305202,todda101,CHN,1,2,value,24,5,1,0,0,0,0,0,0,1,1,19430520,2,PHI11,v,PHI,0,1,0,regular,y,d,
BSN194305231,todda101,CHN,1,2,value,27,4,1,0,0,0,0,0,0,0,1,19430523,1,BOS08,v,BSN,1,0,0,regular,y,y,
BSN194305232,todda101,CHN,1,2,value,3,0,0,0,0,0,0,0,0,0,0,19430523,2,BOS08,v,BSN,1,0,0,regular,y,y,
CHN194305260,todda101,CHN,1,2,value,27,6,0,0,0,0,0,0,0,0,1,19430526,0,CHI11,h,NY1,0,1,0,regular,y,y,
CHN194305290,todda101,CHN,1,2,value,39,10,0,0,0,0,0,0,0,0,1,19430529,0,CHI11,h,BSN,1,0,0,regular,y,d,
CHN194305300,todda101,CHN,1,2,value,27,8,0,0,0,0,0,0,1,0,1,19430530,0,CHI11,h,BSN,1,0,0,regular,y,y,
CHN194305311,todda101,CHN,1,2,value,27,5,0,1,0,0,0,0,2,0,1,19430531,1,CHI11,h,PHI,0,1,0,regular,y,d,
CHN194306020,todda101,CHN,1,2,value,3,0,0,0,0,0,0,0,1,0,0,19430602,0,CHI11,h,PHI,0,1,0,regular,y,y,
CHN194306050,todda101,CHN,1,2,value,4,0,0,0,0,0,0,0,0,0,0,19430605,0,CHI11,h,BRO,1,0,0,regular,y,y,
CHN194306062,todda101,CHN,1,2,value,27,6,1,0,0,0,0,0,1,0,1,19430606,2,CHI11,h,BRO,1,0,0,regular,y,y,
