gid,id,team,d_seq,d_pos,stattype,d_ifouts,d_po,d_a,d_e,d_dp,d_tp,d_pb,d_wp,d_sb,d_cs,d_gs,date,number,site,vishome,opp,win,loss,tie,gametype,box,pbp
BRG193609071,alvaa101,CUS,1,7,value,27,4,0,0,0,0,,,,,1,19360907,1,NYC28,v,BRG,1,0,0,exhibition,y,
BRG193609071,rodrm102,CUS,1,6,value,27,2,1,0,1,0,,,,,1,19360907,1,NYC28,v,BRG,1,0,0,exhibition,y,
BRG193609071,veitm101,CUS,1,5,value,27,1,1,0,0,0,,,,,1,19360907,1,NYC28,v,BRG,1,0,0,exhibition,y,
BRG193609071,perej101,CUS,1,3,value,27,9,1,0,1,0,,,,,1,19360907,1,NYC28,v,BRG,1,0,0,exhibition,y,
BRG193609071,lopec102,CUS,1,8,value,27,0,1,0,0,0,,,,,1,19360907,1,NYC28,v,BRG,1,0,0,exhibition,y,
BRG193609071,rojoj101,CUS,1,2,value,27,4,0,0,0,0,,,0,,1,19360907,1,NYC28,v,BRG,1,0,0,exhibition,y,
BRG193609071,delgc101,CUS,1,9,value,27,4,0,0,0,0,,,,,1,19360907,1,NYC28,v,BRG,1,0,0,exhibition,y,
BRG193609071,solim102,CUS,1,4,value,27,3,2,0,0,0,,,,,1,19360907,1,NYC28,v,BRG,1,0,0,exhibition,y,
BRG193609071,fernj101,CUS,1,1,value,27,0,2,0,0,0,,,,,1,19360907,1,NYC28,v,BRG,1,0,0,exhibition,y,
BRG193609071,hollc103,BRG,1,9,value,27,7,1,0,0,0,,,,,1,19360907,1,NYC28,h,CUS,0,1,0,exhibition,y,
BRG193609071,hendc102,BRG,1,4,value,,3,1,1,0,0,,,,,1,19360907,1,NYC28,h,CUS,0,1,0,exhibition,y,
BRG193609071,hendc102,BRG,2,6,value,,0,0,0,0,0,,,,,,19360907,1,NYC28,h,CUS,0,1,0,exhibition,y,
BRG193609071,washp101,BRG,1,8,value,27,4,0,0,0,0,,,,,1,19360907,1,NYC28,h,CUS,0,1,0,exhibition,y,
BRG193609071,whitc103,BRG,1,7,value,27,1,0,0,0,0,,,,,1,19360907,1,NYC28,h,CUS,0,1,0,exhibition,y,
BRG193609071,rilee101,BRG,1,3,value,27,5,1,0,1,0,,,,,1,19360907,1,NYC28,h,CUS,0,1,0,exhibition,y,
BRG193609071,lewic103,BRG,1,2,value,27,2,0,1,0,0,,,3,,1,19360907,1,NYC28,h,CUS,0,1,0,exhibition,y,
BRG193609071,albej101,BRG,1,5,value,27,0,1,1,0,0,,,,,1,19360907,1,NYC28,h,CUS,0,1,0,exhibition,y,
BRG193609071,johnb113,BRG,1,6,value,27,4,3,2,1,0,,,,,1,19360907,1,NYC28,h,CUS,0,1,0,exhibition,y,
BRG193609071,brooa101,BRG,1,4,value,,0,0,0,0,0,,,,,,19360907,1,NYC28,h,CUS,0,1,0,exhibition,y,
BRG193609071,grayw101,BRG,1,1,value,5,0,0,0,0,0,,,,,1,19360907,1,NYC28,h,CUS,0,1,0,exhibition,y,
BRG193609071,baila101,BRG,1,1,value,2,0,0,0,0,0,,,,,,19360907,1,NYC28,h,CUS,0,1,0,exhibition,y,
BRG193609071,staro101,BRG,1,1,value,20,1,1,0,0,0,,,,,,19360907,1,NYC28,h,CUS,0,1,0,exhibition,y,
BRG193609072,alvaa101,CUS,1,7,value,24,2,0,0,0,0,,,0,,1,19360907,2,NYC28,v,BRG,0,1,0,exhibition,y,
BRG193609072,rodrm102,CUS,1,6,value,24,2,4,0,0,0,,,0,,1,19360907,2,NYC28,v,BRG,0,1,0,exhibition,y,
BRG193609072,veitm101,CUS,1,5,value,24,1,0,0,0,0,,,0,,1,19360907,2,NYC28,v,BRG,0,1,0,exhibition,y,
BRG193609072,perej101,CUS,1,3,value,24,12,1,0,0,0,,,0,,1,19360907,2,NYC28,v,BRG,0,1,0,exhibition,y,
BRG193609072,lopec102,CUS,1,8,value,24,0,0,0,0,0,,,0,,1,19360907,2,NYC28,v,BRG,0,1,0,exhibition,y,
BRG193609072,rojoj101,CUS,1,2,value,24,4,0,0,0,0,,,1,,1,19360907,2,NYC28,v,BRG,0,1,0,exhibition,y,
BRG193609072,delgc101,CUS,1,9,value,24,1,0,0,0,0,,,0,,1,19360907,2,NYC28,v,BRG,0,1,0,exhibition,y,
BRG193609072,solim102,CUS,1,4,value,24,1,5,0,1,0,,,0,,1,19360907,2,NYC28,v,BRG,0,1,0,exhibition,y,
BRG193609072,diazh101,CUS,1,1,value,,1,1,0,1,0,,,0,,1,19360907,2,NYC28,v,BRG,0,1,0,exhibition,y,
BRG193609072,llubg101,CUS,2,1,value,,0,2,0,0,0,,,0,,,19360907,2,NYC28,v,BRG,0,1,0,exhibition,y,
BRG193609072,hollc103,BRG,1,9,value,27,1,0,0,0,0,,,0,,1,19360907,2,NYC28,h,CUS,1,0,0,exhibition,y,
BRG193609072,hendc102,BRG,1,4,value,27,3,3,1,1,0,,,0,,1,19360907,2,NYC28,h,CUS,1,0,0,exhibition,y,
BRG193609072,washp101,BRG,1,8,value,27,2,0,0,0,0,,,0,,1,19360907,2,NYC28,h,CUS,1,0,0,exhibition,y,
BRG193609072,whitc103,BRG,1,7,value,27,2,0,0,0,0,,,0,,1,19360907,2,NYC28,h,CUS,1,0,0,exhibition,y,
BRG193609072,rilee101,BRG,1,3,value,,15,0,0,2,0,,,0,,1,19360907,2,NYC28,h,CUS,1,0,0,exhibition,y,
BRG193609072,rilee101,BRG,3,1,value,,0,0,0,0,0,,,0,,,19360907,2,NYC28,h,CUS,1,0,0,exhibition,y,
BRG193609072,brooa101,BRG,1,2,value,27,1,0,0,0,0,,,2,,1,19360907,2,NYC28,h,CUS,1,0,0,exhibition,y,
BRG193609072,albej101,BRG,1,5,value,27,1,6,0,1,0,,,0,,1,19360907,2,NYC28,h,CUS,1,0,0,exhibition,y,
BRG193609072,johnb113,BRG,1,6,value,27,1,3,1,2,0,,,0,,1,19360907,2,NYC28,h,CUS,1,0,0,exhibition,y,
BRG193609072,baila101,BRG,1,1,value,,0,3,0,0,0,,,0,,1,19360907,2,NYC28,h,CUS,1,0,0,exhibition,y,
BRG193609072,reddd101,BRG,2,1,value,,0,0,1,0,0,,,0,,,19360907,2,NYC28,h,CUS,1,0,0,exhibition,y,
BRG193609072,grayw101,BRG,2,3,value,,1,0,0,1,0,,,0,,,19360907,2,NYC28,h,CUS,1,0,0,exhibition,y,
BRG193705312,ramii101,CUS,1,6,value,24,1,0,0,,,,,,,1,19370531,2,NYC28,v,BRG,0,1,0,exhibition,y,
BRG193705312,concr101,CUS,1,6,value,2,0,0,0,,,,,,,,19370531,2,NYC28,v,BRG,0,1,0,exhibition,y,
BRG193705312,hechr101,CUS,1,3,value,24,9,0,0,,,,,,,1,19370531,2,NYC28,v,BRG,0,1,0,exhibition,y,
BRG193705312,ruizs101,CUS,1,1,value,2,0,1,0,,,,,,,,19370531,2,NYC28,v,BRG,0,1,0,exhibition,y,
BRG193705312,carrc107,CUS,1,5,value,26,3,2,0,,,,,,,1,19370531,2,NYC28,v,BRG,0,1,0,exhibition,y,
BRG193705312,carae101,CUS,1,7,value,26,0,0,0,,,,,,,1,19370531,2,NYC28,v,BRG,0,1,0,exhibition,y,
BRG193705312,perej101,CUS,1,2,value,26,5,1,1,,,,,,,1,19370531,2,NYC28,v,BRG,0,1,0,exhibition,y,
BRG193705312,etchc101,CUS,1,4,value,26,2,3,1,,,,,,,1,19370531,2,NYC28,v,BRG,0,1,0,exhibition,y,
BRG193705312,fabri101,CUS,1,8,value,26,2,0,1,,,,,,,1,19370531,2,NYC28,v,BRG,0,1,0,exhibition,y,
BRG193705312,abrej102,CUS,1,9,value,26,2,0,0,,,,,,,1,19370531,2,NYC28,v,BRG,0,1,0,exhibition,y,
BRG193705312,martf104,CUS,1,1,value,24,0,3,0,,,,,,,1,19370531,2,NYC28,v,BRG,0,1,0,exhibition,y,
BRG193705312,llubg101,CUS,1,3,value,2,2,0,0,,,,,,,,19370531,2,NYC28,v,BRG,0,1,0,exhibition,y,
BRG193705312,johnp104,BRG,1,7,value,27,2,0,0,,,,,,,1,19370531,2,NYC28,h,CUS,1,0,0,exhibition,y,
BRG193705312,grayw101,BRG,1,8,value,27,4,0,0,,,,,,,1,19370531,2,NYC28,h,CUS,1,0,0,exhibition,y,
BRG193705312,lundd103,BRG,1,6,value,27,1,5,1,,,,,,,1,19370531,2,NYC28,h,CUS,1,0,0,exhibition,y,
BRG193705312,brooa101,BRG,1,5,value,27,0,4,0,,,,,,,1,19370531,2,NYC28,h,CUS,1,0,0,exhibition,y,
BRG193705312,gisew101,BRG,1,9,value,27,0,0,0,,,,,,,1,19370531,2,NYC28,h,CUS,1,0,0,exhibition,y,
BRG193705312,smitu102,BRG,1,3,value,27,10,0,0,,,,,,,1,19370531,2,NYC28,h,CUS,1,0,0,exhibition,y,
BRG193705312,lewij103,BRG,1,2,value,18,5,1,0,,,,,,,1,19370531,2,NYC28,h,CUS,1,0,0,exhibition,y,
BRG193705312,britg103,BRG,1,2,value,9,1,0,0,,,,,,,,19370531,2,NYC28,h,CUS,1,0,0,exhibition,y,
BRG193705312,gadsg101,BRG,1,4,value,27,4,0,1,,,,,,,1,19370531,2,NYC28,h,CUS,1,0,0,exhibition,y,
BRG193705312,owenr102,BRG,1,9,value,25,0,2,0,,,,,,,1,19370531,2,NYC28,h,CUS,1,0,0,exhibition,y,
BRG193705312,staro101,BRG,1,9,value,2,0,0,0,,,,,,,,19370531,2,NYC28,h,CUS,1,0,0,exhibition,y,
CUS193705311,johnp104,BRG,1,7,value,27,0,0,0,,,,,,,1,19370531,1,NYC28,v,CUS,1,0,0,exhibition,y,
CUS193705311,brooa101,BRG,1,5,value,27,1,4,0,,,,,,,1,19370531,1,NYC28,v,CUS,1,0,0,exhibition,y,
CUS193705311,lundd103,BRG,1,6,value,27,0,3,2,,,,,,,1,19370531,1,NYC28,v,CUS,1,0,0,exhibition,y,
CUS193705311,smitu102,BRG,1,3,value,18,8,0,0,,,,,,,1,19370531,1,NYC28,v,CUS,1,0,0,exhibition,y,
CUS193705311,beckj104,BRG,1,3,value,9,3,0,0,,,,,,,,19370531,1,NYC28,v,CUS,1,0,0,exhibition,y,
CUS193705311,gisew101,BRG,1,9,value,27,2,0,0,,,,,,,1,19370531,1,NYC28,v,CUS,1,0,0,exhibition,y,
CUS193705311,britg103,BRG,1,2,value,18,4,0,0,,,,0,,,1,19370531,1,NYC28,v,CUS,1,0,0,exhibition,y,
CUS193705311,lewij103,BRG,1,2,value,9,3,0,1,,,,,,,,19370531,1,NYC28,v,CUS,1,0,0,exhibition,y,
CUS193705311,grayw101,BRG,1,8,value,27,3,0,0,,,,,,,1,19370531,1,NYC28,v,CUS,1,0,0,exhibition,y,
CUS193705311,gadsg101,BRG,1,4,value,27,3,1,0,,,,,,,1,19370531,1,NYC28,v,CUS,1,0,0,exhibition,y,
CUS193705311,staro101,BRG,1,1,value,11,0,1,0,,,,,,,1,19370531,1,NYC28,v,CUS,1,0,0,exhibition,y,
CUS193705311,rectc101,BRG,1,1,value,16,0,2,0,,,,,,,,19370531,1,NYC28,v,CUS,1,0,0,exhibition,y,
CUS193705311,ramii101,CUS,1,6,value,27,3,2,0,,,,,,,1,19370531,1,NYC28,h,BRG,0,1,0,exhibition,y,
CUS193705311,hechr101,CUS,1,3,value,27,10,0,1,,,,,,,1,19370531,1,NYC28,h,BRG,0,1,0,exhibition,y,
CUS193705311,carrc107,CUS,1,5,value,27,1,3,0,,,,,,,1,19370531,1,NYC28,h,BRG,0,1,0,exhibition,y,
CUS193705311,carae101,CUS,1,7,value,27,4,0,0,,,,,,,1,19370531,1,NYC28,h,BRG,0,1,0,exhibition,y,
CUS193705311,fernj101,CUS,1,2,value,27,6,0,0,,,,1,,,1,19370531,1,NYC28,h,BRG,0,1,0,exhibition,y,
CUS193705311,etchc101,CUS,1,4,value,27,2,6,0,,,,,,,1,19370531,1,NYC28,h,BRG,0,1,0,exhibition,y,
CUS193705311,fabri101,CUS,1,8,value,27,0,0,0,,,,,,,1,19370531,1,NYC28,h,BRG,0,1,0,exhibition,y,
CUS193705311,abrej102,CUS,1,9,value,27,1,1,0,,,,,,,1,19370531,1,NYC28,h,BRG,0,1,0,exhibition,y,
CUS193705311,torra102,CUS,1,1,value,9,0,0,0,,,,,,,1,19370531,1,NYC28,h,BRG,0,1,0,exhibition,y,
CUS193705311,miraj102,CUS,1,1,value,18,0,1,0,,,,,,,,19370531,1,NYC28,h,BRG,0,1,0,exhibition,y,
CUS193707050,johnp104,BRG,1,7,value,30,1,0,0,0,,,0,,,1,19370705,0,NYC28,v,CUS,0,0,1,exhibition,y,
CUS193707050,jeffh102,BRG,1,5,value,30,0,5,1,0,,,0,,,1,19370705,0,NYC28,v,CUS,0,0,1,exhibition,y,
CUS193707050,grayw101,BRG,1,8,value,,0,0,0,0,,,0,,,1,19370705,0,NYC28,v,CUS,0,0,1,exhibition,y,
CUS193707050,gadsg101,BRG,2,8,value,,0,0,0,0,,,0,,,,19370705,0,NYC28,v,CUS,0,0,1,exhibition,y,
CUS193707050,brooa101,BRG,1,9,value,30,1,0,0,0,,,0,,,1,19370705,0,NYC28,v,CUS,0,0,1,exhibition,y,
CUS193707050,lewij103,BRG,1,2,value,30,4,0,0,0,,,0,,,1,19370705,0,NYC28,v,CUS,0,0,1,exhibition,y,
CUS193707050,smitu102,BRG,1,3,value,30,19,0,0,1,,,0,,,1,19370705,0,NYC28,v,CUS,0,0,1,exhibition,y,
CUS193707050,collu101,BRG,1,6,value,30,2,8,0,1,,,0,,,1,19370705,0,NYC28,v,CUS,0,0,1,exhibition,y,
CUS193707050,johnb113,BRG,1,4,value,30,3,3,1,1,,,0,,,1,19370705,0,NYC28,v,CUS,0,0,1,exhibition,y,
CUS193707050,rectc101,BRG,1,1,value,30,0,2,0,0,,,0,,,1,19370705,0,NYC28,v,CUS,0,0,1,exhibition,y,
CUS193707050,miraj102,CUS,1,6,value,30,3,4,1,0,,,0,,,1,19370705,0,NYC28,h,BRG,0,0,1,exhibition,y,
CUS193707050,etchc101,CUS,1,2,value,30,10,0,0,0,,,0,,,,19370705,0,NYC28,h,BRG,0,0,1,exhibition,y,
CUS193707050,carrc107,CUS,1,5,value,30,1,2,0,0,,,0,,,1,19370705,0,NYC28,h,BRG,0,0,1,exhibition,y,
CUS193707050,carae101,CUS,1,7,value,30,1,0,0,0,,,0,,,1,19370705,0,NYC28,h,BRG,0,0,1,exhibition,y,
CUS193707050,fernj101,CUS,1,2,value,30,8,3,0,0,,,0,,,1,19370705,0,NYC28,h,BRG,0,0,1,exhibition,y,
CUS193707050,hechr101,CUS,1,4,value,30,4,4,1,0,,,0,,,1,19370705,0,NYC28,h,BRG,0,0,1,exhibition,y,
CUS193707050,fabri101,CUS,1,8,value,30,1,0,0,0,,,0,,,1,19370705,0,NYC28,h,BRG,0,0,1,exhibition,y,
CUS193707050,abrej102,CUS,1,9,value,30,1,0,0,0,,,0,,,1,19370705,0,NYC28,h,BRG,0,0,1,exhibition,y,
CUS193707050,bragr101,CUS,1,1,value,30,1,3,1,0,,,2,,,1,19370705,0,NYC28,h,BRG,0,0,1,exhibition,y,
