gid,event,inning,top_bot,vis_home,site,batteam,pitteam,score_v,score_h,batter,pitcher,lp,bat_f,bathand,pithand,balls,strikes,count,pitches,nump,pa,ab,single,double,triple,hr,sh,sf,hbp,walk,k,xi,roe,fc,othout,noout,oth,bip,bunt,ground,fly,line,iw,gdp,othdp,tp,fle,wp,pb,bk,oa,di,sb2,sb3,sbh,cs2,cs3,csh,pko1,pko2,pko3,k_safe,e1,e2,e3,e4,e5,e6,e7,e8,e9,outs_pre,outs_post,br1_pre,br2_pre,br3_pre,br1_post,br2_post,br3_post,lob_id1,lob_id2,lob_id3,pr1_pre,pr2_pre,pr3_pre,pr1_post,pr2_post,pr3_post,run_b,run1,run2,run3,prun_b,prun1,prun2,prun3,ur_b,ur1,ur2,ur3,rbi_b,rbi1,rbi2,rbi3,runs,rbi,er,tur,l1,l2,l3,l4,l5,l6,l7,l8,l9,lf1,lf2,lf3,lf4,lf5,lf6,lf7,lf8,lf9,f2,f3,f4,f5,f6,f7,f8,f9,po0,po1,po2,po3,po4,po5,po6,po7,po8,po9,a1,a2,a3,a4,a5,a6,a7,a8,a9,fseq,batout1,batout2,batout3,brout_b,brout1,brout2,brout3,firstf,loc,hittype,dpopp,pivot,pn,umphome,ump1b,ump2b,ump3b,umplf,umprf,date,gametype,pbp
BFA193805290,99,1,0,0,BUF06,NW2,BFA,0,0,crutj101,johnj110,1,8,L,R,?,?,??,,,1,1,0,0,0,0,0,0,0,0,0,0,0,0,1,0,1,1,0,0,0,0,0,0,0,0,0,0,0,0,0,0,0,0,0,0,0,0,0,0,0,0,0,0,0,0,0,0,0,0,0,0,1,,,,,,,,,,,,,,,,,,,,,,,,0,0,0,0,0,0,0,0,0,0,0,0,crutj101,seayd101,wellw101,stone101,suttm101,dandr101,pearl102,hayej104,robir102,8,4,6,9,3,5,7,2,1,dunbv101,sayla101,fordj101,longe101,dougj102,hoskb101,currg102,ray-j102,1,0,0,0,0,0,0,0,0,0,0,0,0,0,0,0,0,0,0,0,0,0,0,0,0,0,0,0,,,0,0,1,blaku901,newmu901,,,,,19380529,exhibition,deduced
BFA193805290,99,1,0,0,BUF06,NW2,BFA,0,0,seayd101,johnj110,2,4,R,R,?,?,??,,,1,1,0,0,0,0,0,0,0,0,0,0,0,0,1,0,1,1,0,0,0,0,0,0,0,0,0,0,0,0,0,0,0,0,0,0,0,0,0,0,0,0,0,0,0,0,0,0,0,0,0,1,2,,,,,,,,,,,,,,,,,,,,,,,,0,0,0,0,0,0,0,0,0,0,0,0,crutj101,seayd101,wellw101,stone101,suttm101,dandr101,pearl102,hayej104,robir102,8,4,6,9,3,5,7,2,1,dunbv101,sayla101,fordj101,longe101,dougj102,hoskb101,currg102,ray-j102,1,0,0,0,0,0,0,0,0,0,0,0,0,0,0,0,0,0,0,0,0,0,0,0,0,0,0,0,,,0,0,2,blaku901,newmu901,,,,,19380529,exhibition,deduced
BFA193805290,S,1,0,0,BUF06,NW2,BFA,0,0,wellw101,johnj110,3,6,R,R,?,?,??,,,1,1,1,0,0,0,0,0,0,0,0,0,0,0,0,0,0,1,0,0,0,0,0,0,0,0,0,0,0,0,0,0,0,0,0,0,0,0,0,0,0,0,0,0,0,0,0,0,0,0,0,2,2,,,,wellw101,,,,,,,,,johnj110,,,,,,,,,,,0,0,0,0,0,0,0,0,0,0,0,0,crutj101,seayd101,wellw101,stone101,suttm101,dandr101,pearl102,hayej104,robir102,8,4,6,9,3,5,7,2,1,dunbv101,sayla101,fordj101,longe101,dougj102,hoskb101,currg102,ray-j102,0,0,0,0,0,0,0,0,0,0,0,0,0,0,0,0,0,0,0,,0,0,0,0,0,0,0,0,,,0,0,3,blaku901,newmu901,,,,,19380529,exhibition,deduced
BFA193805290,CS2(26)#,1,0,0,BUF06,NW2,BFA,0,0,stone101,johnj110,4,9,L,R,?,?,??,,,0,0,0,0,0,0,0,0,0,0,0,0,0,0,0,0,0,0,0,0,0,0,0,0,0,0,0,0,0,0,0,0,0,0,0,1,0,0,0,0,0,0,0,0,0,0,0,0,0,0,0,2,3,wellw101,,,,,,,,,johnj110,,,,,,,,,,,,,,0,0,0,0,0,0,0,0,0,0,0,0,crutj101,seayd101,wellw101,stone101,suttm101,dandr101,pearl102,hayej104,robir102,8,4,6,9,3,5,7,2,1,dunbv101,sayla101,fordj101,longe101,dougj102,hoskb101,currg102,ray-j102,0,0,0,0,0,0,1,0,0,0,0,1,0,0,0,0,0,0,0,26,0,0,0,0,0,0,0,0,,,0,0,4,blaku901,newmu901,,,,,19380529,exhibition,deduced
BFA193805290,99,1,1,1,BUF06,BFA,NW2,0,0,dougj102,robir102,1,6,L,L,?,?,??,,,1,1,0,0,0,0,0,0,0,0,0,0,0,0,1,0,1,1,0,0,0,0,0,0,0,0,0,0,0,0,0,0,0,0,0,0,0,0,0,0,0,0,0,0,0,0,0,0,0,0,0,0,1,,,,,,,,,,,,,,,,,,,,,,,,0,0,0,0,0,0,0,0,0,0,0,0,dougj102,fordj101,hoskb101,currg102,ray-j102,dunbv101,sayla101,longe101,johnj110,6,4,7,8,9,2,3,5,1,hayej104,suttm101,seayd101,dandr101,wellw101,pearl102,crutj101,stone101,1,0,0,0,0,0,0,0,0,0,0,0,0,0,0,0,0,0,0,0,0,0,0,0,0,0,0,0,,,0,0,5,blaku901,newmu901,,,,,19380529,exhibition,deduced
BFA193805290,99,1,1,1,BUF06,BFA,NW2,0,0,fordj101,robir102,2,4,R,L,?,?,??,,,1,1,0,0,0,0,0,0,0,0,0,0,0,0,1,0,1,1,0,0,0,0,0,0,0,0,0,0,0,0,0,0,0,0,0,0,0,0,0,0,0,0,0,0,0,0,0,0,0,0,0,1,2,,,,,,,,,,,,,,,,,,,,,,,,0,0,0,0,0,0,0,0,0,0,0,0,dougj102,fordj101,hoskb101,currg102,ray-j102,dunbv101,sayla101,longe101,johnj110,6,4,7,8,9,2,3,5,1,hayej104,suttm101,seayd101,dandr101,wellw101,pearl102,crutj101,stone101,1,0,0,0,0,0,0,0,0,0,0,0,0,0,0,0,0,0,0,0,0,0,0,0,0,0,0,0,,,0,0,6,blaku901,newmu901,,,,,19380529,exhibition,deduced
BFA193805290,99,1,1,1,BUF06,BFA,NW2,0,0,hoskb101,robir102,3,7,L,L,?,?,??,,,1,1,0,0,0,0,0,0,0,0,0,0,0,0,1,0,1,1,0,0,0,0,0,0,0,0,0,0,0,0,0,0,0,0,0,0,0,0,0,0,0,0,0,0,0,0,0,0,0,0,0,2,3,,,,,,,,,,,,,,,,,,,,,,,,0,0,0,0,0,0,0,0,0,0,0,0,dougj102,fordj101,hoskb101,currg102,ray-j102,dunbv101,sayla101,longe101,johnj110,6,4,7,8,9,2,3,5,1,hayej104,suttm101,seayd101,dandr101,wellw101,pearl102,crutj101,stone101,1,0,0,0,0,0,0,0,0,0,0,0,0,0,0,0,0,0,0,0,0,0,0,0,0,0,0,0,,,0,0,7,blaku901,newmu901,,,,,19380529,exhibition,deduced
BFA193805290,S,2,0,0,BUF06,NW2,BFA,0,0,stone101,johnj110,4,9,L,R,?,?,??,,,1,1,1,0,0,0,0,0,0,0,0,0,0,0,0,0,0,1,0,0,0,0,0,0,0,0,0,0,0,0,0,0,0,0,0,0,0,0,0,0,0,0,0,0,0,0,0,0,0,0,0,0,0,,,,stone101,,,,,,,,,johnj110,,,,,,,,,,,0,0,0,0,0,0,0,0,0,0,0,0,crutj101,seayd101,wellw101,stone101,suttm101,dandr101,pearl102,hayej104,robir102,8,4,6,9,3,5,7,2,1,dunbv101,sayla101,fordj101,longe101,dougj102,hoskb101,currg102,ray-j102,0,0,0,0,0,0,0,0,0,0,0,0,0,0,0,0,0,0,0,,0,0,0,0,0,0,0,0,,,0,0,8,blaku901,newmu901,,,,,19380529,exhibition,deduced
BFA193805290,T.1-H,2,0,0,BUF06,NW2,BFA,0,0,suttm101,johnj110,5,3,R,R,?,?,??,,,1,1,0,0,1,0,0,0,0,0,0,0,0,0,0,0,0,1,0,0,0,0,0,0,0,0,0,0,0,0,0,0,0,0,0,0,0,0,0,0,0,0,0,0,0,0,0,0,0,0,0,0,0,stone101,,,,,suttm101,,,,johnj110,,,,,johnj110,,stone101,,,,johnj110,,,0,0,0,0,0,1,0,0,1,1,1,0,crutj101,seayd101,wellw101,stone101,suttm101,dandr101,pearl102,hayej104,robir102,8,4,6,9,3,5,7,2,1,dunbv101,sayla101,fordj101,longe101,dougj102,hoskb101,currg102,ray-j102,0,0,0,0,0,0,0,0,0,0,0,0,0,0,0,0,0,0,0,,0,0,0,0,0,0,0,0,,,0,0,9,blaku901,newmu901,,,,,19380529,exhibition,deduced
BFA193805290,99.3-H,2,0,0,BUF06,NW2,BFA,1,0,dandr101,johnj110,6,5,R,R,?,?,??,,,1,1,0,0,0,0,0,0,0,0,0,0,0,0,1,0,1,1,0,0,0,0,0,0,0,0,0,0,0,0,0,0,0,0,0,0,0,0,0,0,0,0,0,0,0,0,0,0,0,0,0,0,1,,,suttm101,,,,,,,,,johnj110,,,,,,,suttm101,,,,johnj110,0,0,0,0,0,0,0,1,1,1,1,0,crutj101,seayd101,wellw101,stone101,suttm101,dandr101,pearl102,hayej104,robir102,8,4,6,9,3,5,7,2,1,dunbv101,sayla101,fordj101,longe101,dougj102,hoskb101,currg102,ray-j102,1,0,0,0,0,0,0,0,0,0,0,0,0,0,0,0,0,0,0,0,0,0,0,0,0,0,0,0,,,0,0,10,blaku901,newmu901,,,,,19380529,exhibition,deduced
BFA193805290,W,2,0,0,BUF06,NW2,BFA,2,0,pearl102,johnj110,7,7,R,R,?,?,??,,,1,0,0,0,0,0,0,0,0,1,0,0,0,0,0,0,0,0,0,0,0,0,0,0,0,0,0,0,0,0,0,0,0,0,0,0,0,0,0,0,0,0,0,0,0,0,0,0,0,0,0,1,1,,,,pearl102,,,,,,,,,johnj110,,,,,,,,,,,0,0,0,0,0,0,0,0,0,0,0,0,crutj101,seayd101,wellw101,stone101,suttm101,dandr101,pearl102,hayej104,robir102,8,4,6,9,3,5,7,2,1,dunbv101,sayla101,fordj101,longe101,dougj102,hoskb101,currg102,ray-j102,0,0,0,0,0,0,0,0,0,0,0,0,0,0,0,0,0,0,0,,0,0,0,0,0,0,0,0,,,0,0,11,blaku901,newmu901,,,,,19380529,exhibition,deduced
BFA193805290,99,2,0,0,BUF06,NW2,BFA,2,0,hayej104,johnj110,8,2,L,R,?,?,??,,,1,1,0,0,0,0,0,0,0,0,0,0,0,0,1,0,1,1,0,0,0,0,0,0,0,0,0,0,0,0,0,0,0,0,0,0,0,0,0,0,0,0,0,0,0,0,0,0,0,0,0,1,2,pearl102,,,pearl102,,,,,,johnj110,,,johnj110,,,,,,,,,,,0,0,0,0,0,0,0,0,0,0,0,0,crutj101,seayd101,wellw101,stone101,suttm101,dandr101,pearl102,hayej104,robir102,8,4,6,9,3,5,7,2,1,dunbv101,sayla101,fordj101,longe101,dougj102,hoskb101,currg102,ray-j102,1,0,0,0,0,0,0,0,0,0,0,0,0,0,0,0,0,0,0,0,0,0,0,0,0,0,0,0,,,0,0,12,blaku901,newmu901,,,,,19380529,exhibition,deduced
BFA193805290,99,2,0,0,BUF06,NW2,BFA,2,0,robir102,johnj110,9,1,?,R,?,?,??,,,1,1,0,0,0,0,0,0,0,0,0,0,0,0,1,0,1,1,0,0,0,0,0,0,0,0,0,0,0,0,0,0,0,0,0,0,0,0,0,0,0,0,0,0,0,0,0,0,0,0,0,2,3,pearl102,,,,,,pearl102,,,johnj110,,,,,,,,,,,,,,0,0,0,0,0,0,0,0,0,0,0,0,crutj101,seayd101,wellw101,stone101,suttm101,dandr101,pearl102,hayej104,robir102,8,4,6,9,3,5,7,2,1,dunbv101,sayla101,fordj101,longe101,dougj102,hoskb101,currg102,ray-j102,1,0,0,0,0,0,0,0,0,0,0,0,0,0,0,0,0,0,0,0,0,0,0,0,0,0,0,0,,,0,0,13,blaku901,newmu901,,,,,19380529,exhibition,deduced
BFA193805290,99,2,1,1,BUF06,BFA,NW2,2,0,currg102,robir102,4,8,L,L,?,?,??,,,1,1,0,0,0,0,0,0,0,0,0,0,0,0,1,0,1,1,0,0,0,0,0,0,0,0,0,0,0,0,0,0,0,0,0,0,0,0,0,0,0,0,0,0,0,0,0,0,0,0,0,0,1,,,,,,,,,,,,,,,,,,,,,,,,0,0,0,0,0,0,0,0,0,0,0,0,dougj102,fordj101,hoskb101,currg102,ray-j102,dunbv101,sayla101,longe101,johnj110,6,4,7,8,9,2,3,5,1,hayej104,suttm101,seayd101,dandr101,wellw101,pearl102,crutj101,stone101,1,0,0,0,0,0,0,0,0,0,0,0,0,0,0,0,0,0,0,0,0,0,0,0,0,0,0,0,,,0,0,14,blaku901,newmu901,,,,,19380529,exhibition,deduced
BFA193805290,S,2,1,1,BUF06,BFA,NW2,2,0,ray-j102,robir102,5,9,L,L,?,?,??,,,1,1,1,0,0,0,0,0,0,0,0,0,0,0,0,0,0,1,0,0,0,0,0,0,0,0,0,0,0,0,0,0,0,0,0,0,0,0,0,0,0,0,0,0,0,0,0,0,0,0,0,1,1,,,,ray-j102,,,,,,,,,robir102,,,,,,,,,,,0,0,0,0,0,0,0,0,0,0,0,0,dougj102,fordj101,hoskb101,currg102,ray-j102,dunbv101,sayla101,longe101,johnj110,6,4,7,8,9,2,3,5,1,hayej104,suttm101,seayd101,dandr101,wellw101,pearl102,crutj101,stone101,0,0,0,0,0,0,0,0,0,0,0,0,0,0,0,0,0,0,0,,0,0,0,0,0,0,0,0,,,0,0,15,blaku901,newmu901,,,,,19380529,exhibition,deduced
BFA193805290,S.1-2,2,1,1,BUF06,BFA,NW2,2,0,dunbv101,robir102,6,2,?,L,?,?,??,,,1,1,1,0,0,0,0,0,0,0,0,0,0,0,0,0,0,1,0,0,0,0,0,0,0,0,0,0,0,0,0,0,0,0,0,0,0,0,0,0,0,0,0,0,0,0,0,0,0,0,0,1,1,ray-j102,,,dunbv101,ray-j102,,,,,robir102,,,robir102,robir102,,,,,,,,,,0,0,0,0,0,0,0,0,0,0,0,0,dougj102,fordj101,hoskb101,currg102,ray-j102,dunbv101,sayla101,longe101,johnj110,6,4,7,8,9,2,3,5,1,hayej104,suttm101,seayd101,dandr101,wellw101,pearl102,crutj101,stone101,0,0,0,0,0,0,0,0,0,0,0,0,0,0,0,0,0,0,0,,0,0,0,0,0,0,0,0,,,0,0,16,blaku901,newmu901,,,,,19380529,exhibition,deduced
BFA193805290,NP,2,1,1,BUF06,BFA,NW2,2,0,sayla101,robir102,7,3,B,L,?,?,??,,,0,0,0,0,0,0,0,0,0,0,0,0,0,0,0,0,0,0,0,0,0,0,0,0,0,0,0,0,0,0,0,0,0,0,0,0,0,0,0,0,0,0,0,0,0,0,0,0,0,0,0,1,1,dunbv101,ray-j102,,dunbv101,ray-j102,,,,,robir102,robir102,,robir102,robir102,,,,,,,,,,0,0,0,0,0,0,0,0,0,0,0,0,dougj102,fordj101,hoskb101,currg102,ray-j102,dunbv101,sayla101,longe101,johnj110,6,4,7,8,9,2,3,5,1,hayej104,suttm101,seayd101,dandr101,wellw101,pearl102,crutj101,stone101,0,0,0,0,0,0,0,0,0,0,0,0,0,0,0,0,0,0,0,,0,0,0,0,0,0,0,0,,,0,0,17,blaku901,newmu901,,,,,19380529,exhibition,deduced
BFA193805290,D.2-H;1-3,2,1,1,BUF06,BFA,NW2,2,0,glade101,robir102,7,11,?,L,?,?,??,,,1,1,0,1,0,0,0,0,0,0,0,0,0,0,0,0,0,1,0,0,0,0,0,0,0,0,0,0,0,0,0,0,0,0,0,0,0,0,0,0,0,0,0,0,0,0,0,0,0,0,0,1,1,dunbv101,ray-j102,,,glade101,dunbv101,,,,robir102,robir102,,,robir102,robir102,,,ray-j102,,,,robir102,,0,0,0,0,0,0,1,0,1,1,1,0,dougj102,fordj101,hoskb101,currg102,ray-j102,dunbv101,glade101,longe101,johnj110,6,4,7,8,9,2,11,5,1,hayej104,suttm101,seayd101,dandr101,wellw101,pearl102,crutj101,stone101,0,0,0,0,0,0,0,0,0,0,0,0,0,0,0,0,0,0,0,,0,0,0,0,0,0,0,0,,,0,0,18,blaku901,newmu901,,,,,19380529,exhibition,deduced
BFA193805290,W,2,1,1,BUF06,BFA,NW2,2,1,longe101,robir102,8,5,R,L,?,?,??,,,1,0,0,0,0,0,0,0,0,1,0,0,0,0,0,0,0,0,0,0,0,0,0,0,0,0,0,0,0,0,0,0,0,0,0,0,0,0,0,0,0,0,0,0,0,0,0,0,0,0,0,1,1,,glade101,dunbv101,longe101,glade101,dunbv101,,,,,robir102,robir102,robir102,robir102,robir102,,,,,,,,,0,0,0,0,0,0,0,0,0,0,0,0,dougj102,fordj101,hoskb101,currg102,ray-j102,dunbv101,glade101,longe101,johnj110,6,4,7,8,9,2,11,5,1,hayej104,suttm101,seayd101,dandr101,wellw101,pearl102,crutj101,stone101,0,0,0,0,0,0,0,0,0,0,0,0,0,0,0,0,0,0,0,,0,0,0,0,0,0,0,0,,,0,0,19,blaku901,newmu901,,,,,19380529,exhibition,deduced
BFA193805290,99,2,1,1,BUF06,BFA,NW2,2,1,johnj110,robir102,9,1,?,L,?,?,??,,,1,1,0,0,0,0,0,0,0,0,0,0,0,0,1,0,1,1,0,0,0,0,0,0,0,0,0,0,0,0,0,0,0,0,0,0,0,0,0,0,0,0,0,0,0,0,0,0,0,0,0,1,2,longe101,glade101,dunbv101,longe101,glade101,dunbv101,,,,robir102,robir102,robir102,robir102,robir102,robir102,,,,,,,,,0,0,0,0,0,0,0,0,0,0,0,0,dougj102,fordj101,hoskb101,currg102,ray-j102,dunbv101,glade101,longe101,johnj110,6,4,7,8,9,2,11,5,1,hayej104,suttm101,seayd101,dandr101,wellw101,pearl102,crutj101,stone101,1,0,0,0,0,0,0,0,0,0,0,0,0,0,0,0,0,0,0,0,0,0,0,0,0,0,0,0,,,0,0,20,blaku901,newmu901,,,,,19380529,exhibition,deduced
BFA193805290,W.3-H;2-3;1-2,2,1,1,BUF06,BFA,NW2,2,1,dougj102,robir102,1,6,L,L,?,?,??,,,1,0,0,0,0,0,0,0,0,1,0,0,0,0,0,0,0,0,0,0,0,0,0,0,0,0,0,0,0,0,0,0,0,0,0,0,0,0,0,0,0,0,0,0,0,0,0,0,0,0,0,2,2,longe101,glade101,dunbv101,dougj102,longe101,glade101,,,,robir102,robir102,robir102,robir102,robir102,robir102,,,,dunbv101,,,,robir102,0,0,0,0,0,0,0,1,1,1,1,0,dougj102,fordj101,hoskb101,currg102,ray-j102,dunbv101,glade101,longe101,johnj110,6,4,7,8,9,2,11,5,1,hayej104,suttm101,seayd101,dandr101,wellw101,pearl102,crutj101,stone101,0,0,0,0,0,0,0,0,0,0,0,0,0,0,0,0,0,0,0,,0,0,0,0,0,0,0,0,,,0,0,21,blaku901,newmu901,,,,,19380529,exhibition,deduced
BFA193805290,99,2,1,1,BUF06,BFA,NW2,2,2,fordj101,robir102,2,4,R,L,?,?,??,,,1,1,0,0,0,0,0,0,0,0,0,0,0,0,1,0,1,1,0,0,0,0,0,0,0,0,0,0,0,0,0,0,0,0,0,0,0,0,0,0,0,0,0,0,0,0,0,0,0,0,0,2,3,dougj102,longe101,glade101,,,,glade101,longe101,dougj102,robir102,robir102,robir102,,,,,,,,,,,,0,0,0,0,0,0,0,0,0,0,0,0,dougj102,fordj101,hoskb101,currg102,ray-j102,dunbv101,glade101,longe101,johnj110,6,4,7,8,9,2,11,5,1,hayej104,suttm101,seayd101,dandr101,wellw101,pearl102,crutj101,stone101,1,0,0,0,0,0,0,0,0,0,0,0,0,0,0,0,0,0,0,0,0,0,0,0,0,0,0,0,,,0,0,22,blaku901,newmu901,,,,,19380529,exhibition,deduced
BFA193805290,99,3,0,0,BUF06,NW2,BFA,2,2,crutj101,johnj110,1,8,L,R,?,?,??,,,1,1,0,0,0,0,0,0,0,0,0,0,0,0,1,0,1,1,0,0,0,0,0,0,0,0,0,0,0,0,0,0,0,0,0,0,0,0,0,0,0,0,0,0,0,0,0,0,0,0,0,0,1,,,,,,,,,,,,,,,,,,,,,,,,0,0,0,0,0,0,0,0,0,0,0,0,crutj101,seayd101,wellw101,stone101,suttm101,dandr101,pearl102,hayej104,robir102,8,4,6,9,3,5,7,2,1,dunbv101,glade101,fordj101,longe101,dougj102,hoskb101,currg102,ray-j102,1,0,0,0,0,0,0,0,0,0,0,0,0,0,0,0,0,0,0,0,0,0,0,0,0,0,0,0,,,0,0,23,blaku901,newmu901,,,,,19380529,exhibition,deduced
BFA193805290,99,3,0,0,BUF06,NW2,BFA,2,2,seayd101,johnj110,2,4,R,R,?,?,??,,,1,1,0,0,0,0,0,0,0,0,0,0,0,0,1,0,1,1,0,0,0,0,0,0,0,0,0,0,0,0,0,0,0,0,0,0,0,0,0,0,0,0,0,0,0,0,0,0,0,0,0,1,2,,,,,,,,,,,,,,,,,,,,,,,,0,0,0,0,0,0,0,0,0,0,0,0,crutj101,seayd101,wellw101,stone101,suttm101,dandr101,pearl102,hayej104,robir102,8,4,6,9,3,5,7,2,1,dunbv101,glade101,fordj101,longe101,dougj102,hoskb101,currg102,ray-j102,1,0,0,0,0,0,0,0,0,0,0,0,0,0,0,0,0,0,0,0,0,0,0,0,0,0,0,0,,,0,0,24,blaku901,newmu901,,,,,19380529,exhibition,deduced
BFA193805290,99,3,0,0,BUF06,NW2,BFA,2,2,wellw101,johnj110,3,6,R,R,?,?,??,,,1,1,0,0,0,0,0,0,0,0,0,0,0,0,1,0,1,1,0,0,0,0,0,0,0,0,0,0,0,0,0,0,0,0,0,0,0,0,0,0,0,0,0,0,0,0,0,0,0,0,0,2,3,,,,,,,,,,,,,,,,,,,,,,,,0,0,0,0,0,0,0,0,0,0,0,0,crutj101,seayd101,wellw101,stone101,suttm101,dandr101,pearl102,hayej104,robir102,8,4,6,9,3,5,7,2,1,dunbv101,glade101,fordj101,longe101,dougj102,hoskb101,currg102,ray-j102,1,0,0,0,0,0,0,0,0,0,0,0,0,0,0,0,0,0,0,0,0,0,0,0,0,0,0,0,,,0,0,25,blaku901,newmu901,,,,,19380529,exhibition,deduced
BFA193805290,99,3,1,1,BUF06,BFA,NW2,2,2,hoskb101,robir102,3,7,L,L,?,?,??,,,1,1,0,0,0,0,0,0,0,0,0,0,0,0,1,0,1,1,0,0,0,0,0,0,0,0,0,0,0,0,0,0,0,0,0,0,0,0,0,0,0,0,0,0,0,0,0,0,0,0,0,0,1,,,,,,,,,,,,,,,,,,,,,,,,0,0,0,0,0,0,0,0,0,0,0,0,dougj102,fordj101,hoskb101,currg102,ray-j102,dunbv101,glade101,longe101,johnj110,6,4,7,8,9,2,3,5,1,hayej104,suttm101,seayd101,dandr101,wellw101,pearl102,crutj101,stone101,1,0,0,0,0,0,0,0,0,0,0,0,0,0,0,0,0,0,0,0,0,0,0,0,0,0,0,0,,,0,0,26,blaku901,newmu901,,,,,19380529,exhibition,deduced
BFA193805290,99,3,1,1,BUF06,BFA,NW2,2,2,currg102,robir102,4,8,L,L,?,?,??,,,1,1,0,0,0,0,0,0,0,0,0,0,0,0,1,0,1,1,0,0,0,0,0,0,0,0,0,0,0,0,0,0,0,0,0,0,0,0,0,0,0,0,0,0,0,0,0,0,0,0,0,1,2,,,,,,,,,,,,,,,,,,,,,,,,0,0,0,0,0,0,0,0,0,0,0,0,dougj102,fordj101,hoskb101,currg102,ray-j102,dunbv101,glade101,longe101,johnj110,6,4,7,8,9,2,3,5,1,hayej104,suttm101,seayd101,dandr101,wellw101,pearl102,crutj101,stone101,1,0,0,0,0,0,0,0,0,0,0,0,0,0,0,0,0,0,0,0,0,0,0,0,0,0,0,0,,,0,0,27,blaku901,newmu901,,,,,19380529,exhibition,deduced
BFA193805290,99,3,1,1,BUF06,BFA,NW2,2,2,ray-j102,robir102,5,9,L,L,?,?,??,,,1,1,0,0,0,0,0,0,0,0,0,0,0,0,1,0,1,1,0,0,0,0,0,0,0,0,0,0,0,0,0,0,0,0,0,0,0,0,0,0,0,0,0,0,0,0,0,0,0,0,0,2,3,,,,,,,,,,,,,,,,,,,,,,,,0,0,0,0,0,0,0,0,0,0,0,0,dougj102,fordj101,hoskb101,currg102,ray-j102,dunbv101,glade101,longe101,johnj110,6,4,7,8,9,2,3,5,1,hayej104,suttm101,seayd101,dandr101,wellw101,pearl102,crutj101,stone101,1,0,0,0,0,0,0,0,0,0,0,0,0,0,0,0,0,0,0,0,0,0,0,0,0,0,0,0,,,0,0,28,blaku901,newmu901,,,,,19380529,exhibition,deduced
BFA193805290,W,4,0,0,BUF06,NW2,BFA,2,2,stone101,johnj110,4,9,L,R,?,?,??,,,1,0,0,0,0,0,0,0,0,1,0,0,0,0,0,0,0,0,0,0,0,0,0,0,0,0,0,0,0,0,0,0,0,0,0,0,0,0,0,0,0,0,0,0,0,0,0,0,0,0,0,0,0,,,,stone101,,,,,,,,,johnj110,,,,,,,,,,,0,0,0,0,0,0,0,0,0,0,0,0,crutj101,seayd101,wellw101,stone101,suttm101,dandr101,pearl102,hayej104,robir102,8,4,6,9,3,5,7,2,1,dunbv101,glade101,fordj101,longe101,dougj102,hoskb101,currg102,ray-j102,0,0,0,0,0,0,0,0,0,0,0,0,0,0,0,0,0,0,0,,0,0,0,0,0,0,0,0,,,0,0,29,blaku901,newmu901,,,,,19380529,exhibition,deduced
BFA193805290,K+CS2(26)/DP#,4,0,0,BUF06,NW2,BFA,2,2,suttm101,johnj110,5,3,R,R,?,?,??,,,1,1,0,0,0,0,0,0,0,0,1,0,0,0,0,0,0,0,0,0,1,0,0,0,1,0,0,0,0,0,0,0,0,0,0,1,0,0,0,0,0,0,0,0,0,0,0,0,0,0,0,0,2,stone101,,,,,,,,,johnj110,,,,,,,,,,,,,,0,0,0,0,0,0,0,0,0,0,0,0,crutj101,seayd101,wellw101,stone101,suttm101,dandr101,pearl102,hayej104,robir102,8,4,6,9,3,5,7,2,1,dunbv101,glade101,fordj101,longe101,dougj102,hoskb101,currg102,ray-j102,0,0,1,0,0,0,1,0,0,0,0,1,0,0,0,0,0,0,0,26,0,2,0,0,0,0,0,0,,F,0,0,30,blaku901,newmu901,,,,,19380529,exhibition,deduced
BFA193805290,S,4,0,0,BUF06,NW2,BFA,2,2,dandr101,johnj110,6,5,R,R,?,?,??,,,1,1,1,0,0,0,0,0,0,0,0,0,0,0,0,0,0,1,0,0,0,0,0,0,0,0,0,0,0,0,0,0,0,0,0,0,0,0,0,0,0,0,0,0,0,0,0,0,0,0,0,2,2,,,,dandr101,,,,,,,,,johnj110,,,,,,,,,,,0,0,0,0,0,0,0,0,0,0,0,0,crutj101,seayd101,wellw101,stone101,suttm101,dandr101,pearl102,hayej104,robir102,8,4,6,9,3,5,7,2,1,dunbv101,glade101,fordj101,longe101,dougj102,hoskb101,currg102,ray-j102,0,0,0,0,0,0,0,0,0,0,0,0,0,0,0,0,0,0,0,,0,0,0,0,0,0,0,0,,,0,0,31,blaku901,newmu901,,,,,19380529,exhibition,deduced
BFA193805290,99,4,0,0,BUF06,NW2,BFA,2,2,pearl102,johnj110,7,7,R,R,?,?,??,,,1,1,0,0,0,0,0,0,0,0,0,0,0,0,1,0,1,1,0,0,0,0,0,0,0,0,0,0,0,0,0,0,0,0,0,0,0,0,0,0,0,0,0,0,0,0,0,0,0,0,0,2,3,dandr101,,,,,,dandr101,,,johnj110,,,,,,,,,,,,,,0,0,0,0,0,0,0,0,0,0,0,0,crutj101,seayd101,wellw101,stone101,suttm101,dandr101,pearl102,hayej104,robir102,8,4,6,9,3,5,7,2,1,dunbv101,glade101,fordj101,longe101,dougj102,hoskb101,currg102,ray-j102,1,0,0,0,0,0,0,0,0,0,0,0,0,0,0,0,0,0,0,0,0,0,0,0,0,0,0,0,,,0,0,32,blaku901,newmu901,,,,,19380529,exhibition,deduced
BFA193805290,99,4,1,1,BUF06,BFA,NW2,2,2,dunbv101,robir102,6,2,?,L,?,?,??,,,1,1,0,0,0,0,0,0,0,0,0,0,0,0,1,0,1,1,0,0,0,0,0,0,0,0,0,0,0,0,0,0,0,0,0,0,0,0,0,0,0,0,0,0,0,0,0,0,0,0,0,0,1,,,,,,,,,,,,,,,,,,,,,,,,0,0,0,0,0,0,0,0,0,0,0,0,dougj102,fordj101,hoskb101,currg102,ray-j102,dunbv101,glade101,longe101,johnj110,6,4,7,8,9,2,3,5,1,hayej104,suttm101,seayd101,dandr101,wellw101,pearl102,crutj101,stone101,1,0,0,0,0,0,0,0,0,0,0,0,0,0,0,0,0,0,0,0,0,0,0,0,0,0,0,0,,,0,0,33,blaku901,newmu901,,,,,19380529,exhibition,deduced
BFA193805290,99,4,1,1,BUF06,BFA,NW2,2,2,glade101,robir102,7,3,?,L,?,?,??,,,1,1,0,0,0,0,0,0,0,0,0,0,0,0,1,0,1,1,0,0,0,0,0,0,0,0,0,0,0,0,0,0,0,0,0,0,0,0,0,0,0,0,0,0,0,0,0,0,0,0,0,1,2,,,,,,,,,,,,,,,,,,,,,,,,0,0,0,0,0,0,0,0,0,0,0,0,dougj102,fordj101,hoskb101,currg102,ray-j102,dunbv101,glade101,longe101,johnj110,6,4,7,8,9,2,3,5,1,hayej104,suttm101,seayd101,dandr101,wellw101,pearl102,crutj101,stone101,1,0,0,0,0,0,0,0,0,0,0,0,0,0,0,0,0,0,0,0,0,0,0,0,0,0,0,0,,,0,0,34,blaku901,newmu901,,,,,19380529,exhibition,deduced
BFA193805290,99,4,1,1,BUF06,BFA,NW2,2,2,longe101,robir102,8,5,R,L,?,?,??,,,1,1,0,0,0,0,0,0,0,0,0,0,0,0,1,0,1,1,0,0,0,0,0,0,0,0,0,0,0,0,0,0,0,0,0,0,0,0,0,0,0,0,0,0,0,0,0,0,0,0,0,2,3,,,,,,,,,,,,,,,,,,,,,,,,0,0,0,0,0,0,0,0,0,0,0,0,dougj102,fordj101,hoskb101,currg102,ray-j102,dunbv101,glade101,longe101,johnj110,6,4,7,8,9,2,3,5,1,hayej104,suttm101,seayd101,dandr101,wellw101,pearl102,crutj101,stone101,1,0,0,0,0,0,0,0,0,0,0,0,0,0,0,0,0,0,0,0,0,0,0,0,0,0,0,0,,,0,0,35,blaku901,newmu901,,,,,19380529,exhibition,deduced
BFA193805290,99,5,0,0,BUF06,NW2,BFA,2,2,hayej104,johnj110,8,2,L,R,?,?,??,,,1,1,0,0,0,0,0,0,0,0,0,0,0,0,1,0,1,1,0,0,0,0,0,0,0,0,0,0,0,0,0,0,0,0,0,0,0,0,0,0,0,0,0,0,0,0,0,0,0,0,0,0,1,,,,,,,,,,,,,,,,,,,,,,,,0,0,0,0,0,0,0,0,0,0,0,0,crutj101,seayd101,wellw101,stone101,suttm101,dandr101,pearl102,hayej104,robir102,8,4,6,9,3,5,7,2,1,dunbv101,glade101,fordj101,longe101,dougj102,hoskb101,currg102,ray-j102,1,0,0,0,0,0,0,0,0,0,0,0,0,0,0,0,0,0,0,0,0,0,0,0,0,0,0,0,,,0,0,36,blaku901,newmu901,,,,,19380529,exhibition,deduced
BFA193805290,S,5,0,0,BUF06,NW2,BFA,2,2,robir102,johnj110,9,1,?,R,?,?,??,,,1,1,1,0,0,0,0,0,0,0,0,0,0,0,0,0,0,1,0,0,0,0,0,0,0,0,0,0,0,0,0,0,0,0,0,0,0,0,0,0,0,0,0,0,0,0,0,0,0,0,0,1,1,,,,robir102,,,,,,,,,johnj110,,,,,,,,,,,0,0,0,0,0,0,0,0,0,0,0,0,crutj101,seayd101,wellw101,stone101,suttm101,dandr101,pearl102,hayej104,robir102,8,4,6,9,3,5,7,2,1,dunbv101,glade101,fordj101,longe101,dougj102,hoskb101,currg102,ray-j102,0,0,0,0,0,0,0,0,0,0,0,0,0,0,0,0,0,0,0,,0,0,0,0,0,0,0,0,,,0,0,37,blaku901,newmu901,,,,,19380529,exhibition,deduced
BFA193805290,S.1-2,5,0,0,BUF06,NW2,BFA,2,2,crutj101,johnj110,1,8,L,R,?,?,??,,,1,1,1,0,0,0,0,0,0,0,0,0,0,0,0,0,0,1,0,0,0,0,0,0,0,0,0,0,0,0,0,0,0,0,0,0,0,0,0,0,0,0,0,0,0,0,0,0,0,0,0,1,1,robir102,,,crutj101,robir102,,,,,johnj110,,,johnj110,johnj110,,,,,,,,,,0,0,0,0,0,0,0,0,0,0,0,0,crutj101,seayd101,wellw101,stone101,suttm101,dandr101,pearl102,hayej104,robir102,8,4,6,9,3,5,7,2,1,dunbv101,glade101,fordj101,longe101,dougj102,hoskb101,currg102,ray-j102,0,0,0,0,0,0,0,0,0,0,0,0,0,0,0,0,0,0,0,,0,0,0,0,0,0,0,0,,,0,0,38,blaku901,newmu901,,,,,19380529,exhibition,deduced
BFA193805290,S.2-3;1-2,5,0,0,BUF06,NW2,BFA,2,2,seayd101,johnj110,2,4,R,R,?,?,??,,,1,1,1,0,0,0,0,0,0,0,0,0,0,0,0,0,0,1,0,0,0,0,0,0,0,0,0,0,0,0,0,0,0,0,0,0,0,0,0,0,0,0,0,0,0,0,0,0,0,0,0,1,1,crutj101,robir102,,seayd101,crutj101,robir102,,,,johnj110,johnj110,,johnj110,johnj110,johnj110,,,,,,,,,0,0,0,0,0,0,0,0,0,0,0,0,crutj101,seayd101,wellw101,stone101,suttm101,dandr101,pearl102,hayej104,robir102,8,4,6,9,3,5,7,2,1,dunbv101,glade101,fordj101,longe101,dougj102,hoskb101,currg102,ray-j102,0,0,0,0,0,0,0,0,0,0,0,0,0,0,0,0,0,0,0,,0,0,0,0,0,0,0,0,,,0,0,39,blaku901,newmu901,,,,,19380529,exhibition,deduced
BFA193805290,W.3-H;2-3;1-2,5,0,0,BUF06,NW2,BFA,2,2,wellw101,johnj110,3,6,R,R,?,?,??,,,1,0,0,0,0,0,0,0,0,1,0,0,0,0,0,0,0,0,0,0,0,0,0,0,0,0,0,0,0,0,0,0,0,0,0,0,0,0,0,0,0,0,0,0,0,0,0,0,0,0,0,1,1,seayd101,crutj101,robir102,wellw101,seayd101,crutj101,,,,johnj110,johnj110,johnj110,johnj110,johnj110,johnj110,,,,robir102,,,,johnj110,0,0,0,0,0,0,0,1,1,1,1,0,crutj101,seayd101,wellw101,stone101,suttm101,dandr101,pearl102,hayej104,robir102,8,4,6,9,3,5,7,2,1,dunbv101,glade101,fordj101,longe101,dougj102,hoskb101,currg102,ray-j102,0,0,0,0,0,0,0,0,0,0,0,0,0,0,0,0,0,0,0,,0,0,0,0,0,0,0,0,,,0,0,40,blaku901,newmu901,,,,,19380529,exhibition,deduced
BFA193805290,99.3-H,5,0,0,BUF06,NW2,BFA,3,2,stone101,johnj110,4,9,L,R,?,?,??,,,1,1,0,0,0,0,0,0,0,0,0,0,0,0,1,0,1,1,0,0,0,0,0,0,0,0,0,0,0,0,0,0,0,0,0,0,0,0,0,0,0,0,0,0,0,0,0,0,0,0,0,1,2,wellw101,seayd101,crutj101,wellw101,seayd101,,,,,johnj110,johnj110,johnj110,johnj110,johnj110,,,,,crutj101,,,,johnj110,0,0,0,0,0,0,0,1,1,1,1,0,crutj101,seayd101,wellw101,stone101,suttm101,dandr101,pearl102,hayej104,robir102,8,4,6,9,3,5,7,2,1,dunbv101,glade101,fordj101,longe101,dougj102,hoskb101,currg102,ray-j102,1,0,0,0,0,0,0,0,0,0,0,0,0,0,0,0,0,0,0,0,0,0,0,0,0,0,0,0,,,0,0,41,blaku901,newmu901,,,,,19380529,exhibition,deduced
BFA193805290,S.2-H;1-2,5,0,0,BUF06,NW2,BFA,4,2,suttm101,johnj110,5,3,R,R,?,?,??,,,1,1,1,0,0,0,0,0,0,0,0,0,0,0,0,0,0,1,0,0,0,0,0,0,0,0,0,0,0,0,0,0,0,0,0,0,0,0,0,0,0,0,0,0,0,0,0,0,0,0,0,2,2,wellw101,seayd101,,suttm101,wellw101,,,,,johnj110,johnj110,,johnj110,johnj110,,,,seayd101,,,,johnj110,,0,0,0,0,0,0,1,0,1,1,1,0,crutj101,seayd101,wellw101,stone101,suttm101,dandr101,pearl102,hayej104,robir102,8,4,6,9,3,5,7,2,1,dunbv101,glade101,fordj101,longe101,dougj102,hoskb101,currg102,ray-j102,0,0,0,0,0,0,0,0,0,0,0,0,0,0,0,0,0,0,0,,0,0,0,0,0,0,0,0,,,0,0,42,blaku901,newmu901,,,,,19380529,exhibition,deduced
BFA193805290,99,5,0,0,BUF06,NW2,BFA,5,2,dandr101,johnj110,6,5,R,R,?,?,??,,,1,1,0,0,0,0,0,0,0,0,0,0,0,0,1,0,1,1,0,0,0,0,0,0,0,0,0,0,0,0,0,0,0,0,0,0,0,0,0,0,0,0,0,0,0,0,0,0,0,0,0,2,3,suttm101,wellw101,,,,,wellw101,suttm101,,johnj110,johnj110,,,,,,,,,,,,,0,0,0,0,0,0,0,0,0,0,0,0,crutj101,seayd101,wellw101,stone101,suttm101,dandr101,pearl102,hayej104,robir102,8,4,6,9,3,5,7,2,1,dunbv101,glade101,fordj101,longe101,dougj102,hoskb101,currg102,ray-j102,1,0,0,0,0,0,0,0,0,0,0,0,0,0,0,0,0,0,0,0,0,0,0,0,0,0,0,0,,,0,0,43,blaku901,newmu901,,,,,19380529,exhibition,deduced
BFA193805290,W,5,1,1,BUF06,BFA,NW2,5,2,johnj110,robir102,9,1,?,L,?,?,??,,,1,0,0,0,0,0,0,0,0,1,0,0,0,0,0,0,0,0,0,0,0,0,0,0,0,0,0,0,0,0,0,0,0,0,0,0,0,0,0,0,0,0,0,0,0,0,0,0,0,0,0,0,0,,,,johnj110,,,,,,,,,robir102,,,,,,,,,,,0,0,0,0,0,0,0,0,0,0,0,0,dougj102,fordj101,hoskb101,currg102,ray-j102,dunbv101,glade101,longe101,johnj110,6,4,7,8,9,2,3,5,1,hayej104,suttm101,seayd101,dandr101,wellw101,pearl102,crutj101,stone101,0,0,0,0,0,0,0,0,0,0,0,0,0,0,0,0,0,0,0,,0,0,0,0,0,0,0,0,,,0,0,44,blaku901,newmu901,,,,,19380529,exhibition,deduced
BFA193805290,99,5,1,1,BUF06,BFA,NW2,5,2,dougj102,robir102,1,6,L,L,?,?,??,,,1,1,0,0,0,0,0,0,0,0,0,0,0,0,1,0,1,1,0,0,0,0,0,0,0,0,0,0,0,0,0,0,0,0,0,0,0,0,0,0,0,0,0,0,0,0,0,0,0,0,0,0,1,johnj110,,,johnj110,,,,,,robir102,,,robir102,,,,,,,,,,,0,0,0,0,0,0,0,0,0,0,0,0,dougj102,fordj101,hoskb101,currg102,ray-j102,dunbv101,glade101,longe101,johnj110,6,4,7,8,9,2,3,5,1,hayej104,suttm101,seayd101,dandr101,wellw101,pearl102,crutj101,stone101,1,0,0,0,0,0,0,0,0,0,0,0,0,0,0,0,0,0,0,0,0,0,0,0,0,0,0,0,,,0,0,45,blaku901,newmu901,,,,,19380529,exhibition,deduced
BFA193805290,FC.1-2#,5,1,1,BUF06,BFA,NW2,5,2,fordj101,robir102,2,4,R,L,?,?,??,,,1,1,0,0,0,0,0,0,0,0,0,0,0,1,0,0,0,1,0,1,0,0,0,0,0,0,0,0,0,0,0,0,0,0,0,0,0,0,0,0,0,0,0,0,0,0,0,0,0,0,0,1,1,johnj110,,,fordj101,johnj110,,,,,robir102,,,robir102,robir102,,,,,,,,,,0,0,0,0,0,0,0,0,0,0,0,0,dougj102,fordj101,hoskb101,currg102,ray-j102,dunbv101,glade101,longe101,johnj110,6,4,7,8,9,2,3,5,1,hayej104,suttm101,seayd101,dandr101,wellw101,pearl102,crutj101,stone101,0,0,0,0,0,0,0,0,0,0,0,0,0,0,0,0,0,0,0,,0,0,0,0,0,0,0,0,,G,1,0,46,blaku901,newmu901,,,,,19380529,exhibition,deduced
BFA193805290,99,5,1,1,BUF06,BFA,NW2,5,2,hoskb101,robir102,3,7,L,L,?,?,??,,,1,1,0,0,0,0,0,0,0,0,0,0,0,0,1,0,1,1,0,0,0,0,0,0,0,0,0,0,0,0,0,0,0,0,0,0,0,0,0,0,0,0,0,0,0,0,0,0,0,0,0,1,2,fordj101,johnj110,,fordj101,johnj110,,,,,robir102,robir102,,robir102,robir102,,,,,,,,,,0,0,0,0,0,0,0,0,0,0,0,0,dougj102,fordj101,hoskb101,currg102,ray-j102,dunbv101,glade101,longe101,johnj110,6,4,7,8,9,2,3,5,1,hayej104,suttm101,seayd101,dandr101,wellw101,pearl102,crutj101,stone101,1,0,0,0,0,0,0,0,0,0,0,0,0,0,0,0,0,0,0,0,0,0,0,0,0,0,0,0,,,0,0,47,blaku901,newmu901,,,,,19380529,exhibition,deduced
BFA193805290,99,5,1,1,BUF06,BFA,NW2,5,2,currg102,robir102,4,8,L,L,?,?,??,,,1,1,0,0,0,0,0,0,0,0,0,0,0,0,1,0,1,1,0,0,0,0,0,0,0,0,0,0,0,0,0,0,0,0,0,0,0,0,0,0,0,0,0,0,0,0,0,0,0,0,0,2,3,fordj101,johnj110,,,,,johnj110,fordj101,,robir102,robir102,,,,,,,,,,,,,0,0,0,0,0,0,0,0,0,0,0,0,dougj102,fordj101,hoskb101,currg102,ray-j102,dunbv101,glade101,longe101,johnj110,6,4,7,8,9,2,3,5,1,hayej104,suttm101,seayd101,dandr101,wellw101,pearl102,crutj101,stone101,1,0,0,0,0,0,0,0,0,0,0,0,0,0,0,0,0,0,0,0,0,0,0,0,0,0,0,0,,,0,0,48,blaku901,newmu901,,,,,19380529,exhibition,deduced
BFA193805290,99,6,0,0,BUF06,NW2,BFA,5,2,pearl102,johnj110,7,7,R,R,?,?,??,,,1,1,0,0,0,0,0,0,0,0,0,0,0,0,1,0,1,1,0,0,0,0,0,0,0,0,0,0,0,0,0,0,0,0,0,0,0,0,0,0,0,0,0,0,0,0,0,0,0,0,0,0,1,,,,,,,,,,,,,,,,,,,,,,,,0,0,0,0,0,0,0,0,0,0,0,0,crutj101,seayd101,wellw101,stone101,suttm101,dandr101,pearl102,hayej104,robir102,8,4,6,9,3,5,7,2,1,dunbv101,glade101,fordj101,longe101,dougj102,hoskb101,currg102,ray-j102,1,0,0,0,0,0,0,0,0,0,0,0,0,0,0,0,0,0,0,0,0,0,0,0,0,0,0,0,,,0,0,49,blaku901,newmu901,,,,,19380529,exhibition,deduced
BFA193805290,S7.BX2(74)#,6,0,0,BUF06,NW2,BFA,5,2,hayej104,johnj110,8,2,L,R,?,?,??,,,1,1,1,0,0,0,0,0,0,0,0,0,0,0,0,0,0,1,0,0,0,0,0,0,0,0,0,0,0,0,0,0,0,0,0,0,0,0,0,0,0,0,0,0,0,0,0,0,0,0,0,1,2,,,,,,,,,,,,,,,,,,,,,,,,0,0,0,0,0,0,0,0,0,0,0,0,crutj101,seayd101,wellw101,stone101,suttm101,dandr101,pearl102,hayej104,robir102,8,4,6,9,3,5,7,2,1,dunbv101,glade101,fordj101,longe101,dougj102,hoskb101,currg102,ray-j102,0,0,0,0,1,0,0,0,0,0,0,0,0,0,0,0,1,0,0,74,0,0,0,7,0,0,0,7,7+,,0,0,50,blaku901,newmu901,,,,,19380529,exhibition,deduced
BFA193805290,99,6,0,0,BUF06,NW2,BFA,5,2,robir102,johnj110,9,1,?,R,?,?,??,,,1,1,0,0,0,0,0,0,0,0,0,0,0,0,1,0,1,1,0,0,0,0,0,0,0,0,0,0,0,0,0,0,0,0,0,0,0,0,0,0,0,0,0,0,0,0,0,0,0,0,0,2,3,,,,,,,,,,,,,,,,,,,,,,,,0,0,0,0,0,0,0,0,0,0,0,0,crutj101,seayd101,wellw101,stone101,suttm101,dandr101,pearl102,hayej104,robir102,8,4,6,9,3,5,7,2,1,dunbv101,glade101,fordj101,longe101,dougj102,hoskb101,currg102,ray-j102,1,0,0,0,0,0,0,0,0,0,0,0,0,0,0,0,0,0,0,0,0,0,0,0,0,0,0,0,,,0,0,51,blaku901,newmu901,,,,,19380529,exhibition,deduced
BFA193805290,99,6,1,1,BUF06,BFA,NW2,5,2,ray-j102,robir102,5,9,L,L,?,?,??,,,1,1,0,0,0,0,0,0,0,0,0,0,0,0,1,0,1,1,0,0,0,0,0,0,0,0,0,0,0,0,0,0,0,0,0,0,0,0,0,0,0,0,0,0,0,0,0,0,0,0,0,0,1,,,,,,,,,,,,,,,,,,,,,,,,0,0,0,0,0,0,0,0,0,0,0,0,dougj102,fordj101,hoskb101,currg102,ray-j102,dunbv101,glade101,longe101,johnj110,6,4,7,8,9,2,3,5,1,hayej104,suttm101,seayd101,dandr101,wellw101,pearl102,crutj101,stone101,1,0,0,0,0,0,0,0,0,0,0,0,0,0,0,0,0,0,0,0,0,0,0,0,0,0,0,0,,,0,0,52,blaku901,newmu901,,,,,19380529,exhibition,deduced
BFA193805290,99,6,1,1,BUF06,BFA,NW2,5,2,dunbv101,robir102,6,2,?,L,?,?,??,,,1,1,0,0,0,0,0,0,0,0,0,0,0,0,1,0,1,1,0,0,0,0,0,0,0,0,0,0,0,0,0,0,0,0,0,0,0,0,0,0,0,0,0,0,0,0,0,0,0,0,0,1,2,,,,,,,,,,,,,,,,,,,,,,,,0,0,0,0,0,0,0,0,0,0,0,0,dougj102,fordj101,hoskb101,currg102,ray-j102,dunbv101,glade101,longe101,johnj110,6,4,7,8,9,2,3,5,1,hayej104,suttm101,seayd101,dandr101,wellw101,pearl102,crutj101,stone101,1,0,0,0,0,0,0,0,0,0,0,0,0,0,0,0,0,0,0,0,0,0,0,0,0,0,0,0,,,0,0,53,blaku901,newmu901,,,,,19380529,exhibition,deduced
BFA193805290,99,6,1,1,BUF06,BFA,NW2,5,2,glade101,robir102,7,3,?,L,?,?,??,,,1,1,0,0,0,0,0,0,0,0,0,0,0,0,1,0,1,1,0,0,0,0,0,0,0,0,0,0,0,0,0,0,0,0,0,0,0,0,0,0,0,0,0,0,0,0,0,0,0,0,0,2,3,,,,,,,,,,,,,,,,,,,,,,,,0,0,0,0,0,0,0,0,0,0,0,0,dougj102,fordj101,hoskb101,currg102,ray-j102,dunbv101,glade101,longe101,johnj110,6,4,7,8,9,2,3,5,1,hayej104,suttm101,seayd101,dandr101,wellw101,pearl102,crutj101,stone101,1,0,0,0,0,0,0,0,0,0,0,0,0,0,0,0,0,0,0,0,0,0,0,0,0,0,0,0,,,0,0,54,blaku901,newmu901,,,,,19380529,exhibition,deduced
BFA193805290,99,7,0,0,BUF06,NW2,BFA,5,2,crutj101,johnj110,1,8,L,R,?,?,??,,,1,1,0,0,0,0,0,0,0,0,0,0,0,0,1,0,1,1,0,0,0,0,0,0,0,0,0,0,0,0,0,0,0,0,0,0,0,0,0,0,0,0,0,0,0,0,0,0,0,0,0,0,1,,,,,,,,,,,,,,,,,,,,,,,,0,0,0,0,0,0,0,0,0,0,0,0,crutj101,seayd101,wellw101,stone101,suttm101,dandr101,pearl102,hayej104,robir102,8,4,6,9,3,5,7,2,1,dunbv101,glade101,fordj101,longe101,dougj102,hoskb101,currg102,ray-j102,1,0,0,0,0,0,0,0,0,0,0,0,0,0,0,0,0,0,0,0,0,0,0,0,0,0,0,0,,,0,0,55,blaku901,newmu901,,,,,19380529,exhibition,deduced
BFA193805290,99,7,0,0,BUF06,NW2,BFA,5,2,seayd101,johnj110,2,4,R,R,?,?,??,,,1,1,0,0,0,0,0,0,0,0,0,0,0,0,1,0,1,1,0,0,0,0,0,0,0,0,0,0,0,0,0,0,0,0,0,0,0,0,0,0,0,0,0,0,0,0,0,0,0,0,0,1,2,,,,,,,,,,,,,,,,,,,,,,,,0,0,0,0,0,0,0,0,0,0,0,0,crutj101,seayd101,wellw101,stone101,suttm101,dandr101,pearl102,hayej104,robir102,8,4,6,9,3,5,7,2,1,dunbv101,glade101,fordj101,longe101,dougj102,hoskb101,currg102,ray-j102,1,0,0,0,0,0,0,0,0,0,0,0,0,0,0,0,0,0,0,0,0,0,0,0,0,0,0,0,,,0,0,56,blaku901,newmu901,,,,,19380529,exhibition,deduced
BFA193805290,99,7,0,0,BUF06,NW2,BFA,5,2,wellw101,johnj110,3,6,R,R,?,?,??,,,1,1,0,0,0,0,0,0,0,0,0,0,0,0,1,0,1,1,0,0,0,0,0,0,0,0,0,0,0,0,0,0,0,0,0,0,0,0,0,0,0,0,0,0,0,0,0,0,0,0,0,2,3,,,,,,,,,,,,,,,,,,,,,,,,0,0,0,0,0,0,0,0,0,0,0,0,crutj101,seayd101,wellw101,stone101,suttm101,dandr101,pearl102,hayej104,robir102,8,4,6,9,3,5,7,2,1,dunbv101,glade101,fordj101,longe101,dougj102,hoskb101,currg102,ray-j102,1,0,0,0,0,0,0,0,0,0,0,0,0,0,0,0,0,0,0,0,0,0,0,0,0,0,0,0,,,0,0,57,blaku901,newmu901,,,,,19380529,exhibition,deduced
BFA193805290,99,7,1,1,BUF06,BFA,NW2,5,2,longe101,robir102,8,5,R,L,?,?,??,,,1,1,0,0,0,0,0,0,0,0,0,0,0,0,1,0,1,1,0,0,0,0,0,0,0,0,0,0,0,0,0,0,0,0,0,0,0,0,0,0,0,0,0,0,0,0,0,0,0,0,0,0,1,,,,,,,,,,,,,,,,,,,,,,,,0,0,0,0,0,0,0,0,0,0,0,0,dougj102,fordj101,hoskb101,currg102,ray-j102,dunbv101,glade101,longe101,johnj110,6,4,7,8,9,2,3,5,1,hayej104,suttm101,seayd101,dandr101,wellw101,pearl102,crutj101,stone101,1,0,0,0,0,0,0,0,0,0,0,0,0,0,0,0,0,0,0,0,0,0,0,0,0,0,0,0,,,0,0,58,blaku901,newmu901,,,,,19380529,exhibition,deduced
BFA193805290,99,7,1,1,BUF06,BFA,NW2,5,2,johnj110,robir102,9,1,?,L,?,?,??,,,1,1,0,0,0,0,0,0,0,0,0,0,0,0,1,0,1,1,0,0,0,0,0,0,0,0,0,0,0,0,0,0,0,0,0,0,0,0,0,0,0,0,0,0,0,0,0,0,0,0,0,1,2,,,,,,,,,,,,,,,,,,,,,,,,0,0,0,0,0,0,0,0,0,0,0,0,dougj102,fordj101,hoskb101,currg102,ray-j102,dunbv101,glade101,longe101,johnj110,6,4,7,8,9,2,3,5,1,hayej104,suttm101,seayd101,dandr101,wellw101,pearl102,crutj101,stone101,1,0,0,0,0,0,0,0,0,0,0,0,0,0,0,0,0,0,0,0,0,0,0,0,0,0,0,0,,,0,0,59,blaku901,newmu901,,,,,19380529,exhibition,deduced
BFA193805290,W,7,1,1,BUF06,BFA,NW2,5,2,dougj102,robir102,1,6,L,L,?,?,??,,,1,0,0,0,0,0,0,0,0,1,0,0,0,0,0,0,0,0,0,0,0,0,0,0,0,0,0,0,0,0,0,0,0,0,0,0,0,0,0,0,0,0,0,0,0,0,0,0,0,0,0,2,2,,,,dougj102,,,,,,,,,robir102,,,,,,,,,,,0,0,0,0,0,0,0,0,0,0,0,0,dougj102,fordj101,hoskb101,currg102,ray-j102,dunbv101,glade101,longe101,johnj110,6,4,7,8,9,2,3,5,1,hayej104,suttm101,seayd101,dandr101,wellw101,pearl102,crutj101,stone101,0,0,0,0,0,0,0,0,0,0,0,0,0,0,0,0,0,0,0,,0,0,0,0,0,0,0,0,,,0,0,60,blaku901,newmu901,,,,,19380529,exhibition,deduced
BFA193805290,99,7,1,1,BUF06,BFA,NW2,5,2,fordj101,robir102,2,4,R,L,?,?,??,,,1,1,0,0,0,0,0,0,0,0,0,0,0,0,1,0,1,1,0,0,0,0,0,0,0,0,0,0,0,0,0,0,0,0,0,0,0,0,0,0,0,0,0,0,0,0,0,0,0,0,0,2,3,dougj102,,,,,,dougj102,,,robir102,,,,,,,,,,,,,,0,0,0,0,0,0,0,0,0,0,0,0,dougj102,fordj101,hoskb101,currg102,ray-j102,dunbv101,glade101,longe101,johnj110,6,4,7,8,9,2,3,5,1,hayej104,suttm101,seayd101,dandr101,wellw101,pearl102,crutj101,stone101,1,0,0,0,0,0,0,0,0,0,0,0,0,0,0,0,0,0,0,0,0,0,0,0,0,0,0,0,,,0,0,61,blaku901,newmu901,,,,,19380529,exhibition,deduced
BFA193805290,D,8,0,0,BUF06,NW2,BFA,5,2,stone101,johnj110,4,9,L,R,?,?,??,,,1,1,0,1,0,0,0,0,0,0,0,0,0,0,0,0,0,1,0,0,0,0,0,0,0,0,0,0,0,0,0,0,0,0,0,0,0,0,0,0,0,0,0,0,0,0,0,0,0,0,0,0,0,,,,,stone101,,,,,,,,,johnj110,,,,,,,,,,0,0,0,0,0,0,0,0,0,0,0,0,crutj101,seayd101,wellw101,stone101,suttm101,dandr101,pearl102,hayej104,robir102,8,4,6,9,3,5,7,2,1,dunbv101,glade101,fordj101,longe101,dougj102,hoskb101,currg102,ray-j102,0,0,0,0,0,0,0,0,0,0,0,0,0,0,0,0,0,0,0,,0,0,0,0,0,0,0,0,,,0,0,62,blaku901,newmu901,,,,,19380529,exhibition,deduced
BFA193805290,S.2-H,8,0,0,BUF06,NW2,BFA,5,2,suttm101,johnj110,5,3,R,R,?,?,??,,,1,1,1,0,0,0,0,0,0,0,0,0,0,0,0,0,0,1,0,0,0,0,0,0,0,0,0,0,0,0,0,0,0,0,0,0,0,0,0,0,0,0,0,0,0,0,0,0,0,0,0,0,0,,stone101,,suttm101,,,,,,,johnj110,,johnj110,,,,,stone101,,,,johnj110,,0,0,0,0,0,0,1,0,1,1,1,0,crutj101,seayd101,wellw101,stone101,suttm101,dandr101,pearl102,hayej104,robir102,8,4,6,9,3,5,7,2,1,dunbv101,glade101,fordj101,longe101,dougj102,hoskb101,currg102,ray-j102,0,0,0,0,0,0,0,0,0,0,0,0,0,0,0,0,0,0,0,,0,0,0,0,0,0,0,0,,,0,0,63,blaku901,newmu901,,,,,19380529,exhibition,deduced
BFA193805290,99,8,0,0,BUF06,NW2,BFA,6,2,dandr101,johnj110,6,5,R,R,?,?,??,,,1,1,0,0,0,0,0,0,0,0,0,0,0,0,1,0,1,1,0,0,0,0,0,0,0,0,0,0,0,0,0,0,0,0,0,0,0,0,0,0,0,0,0,0,0,0,0,0,0,0,0,0,1,suttm101,,,suttm101,,,,,,johnj110,,,johnj110,,,,,,,,,,,0,0,0,0,0,0,0,0,0,0,0,0,crutj101,seayd101,wellw101,stone101,suttm101,dandr101,pearl102,hayej104,robir102,8,4,6,9,3,5,7,2,1,dunbv101,glade101,fordj101,longe101,dougj102,hoskb101,currg102,ray-j102,1,0,0,0,0,0,0,0,0,0,0,0,0,0,0,0,0,0,0,0,0,0,0,0,0,0,0,0,,,0,0,64,blaku901,newmu901,,,,,19380529,exhibition,deduced
BFA193805290,99,8,0,0,BUF06,NW2,BFA,6,2,pearl102,johnj110,7,7,R,R,?,?,??,,,1,1,0,0,0,0,0,0,0,0,0,0,0,0,1,0,1,1,0,0,0,0,0,0,0,0,0,0,0,0,0,0,0,0,0,0,0,0,0,0,0,0,0,0,0,0,0,0,0,0,0,1,2,suttm101,,,suttm101,,,,,,johnj110,,,johnj110,,,,,,,,,,,0,0,0,0,0,0,0,0,0,0,0,0,crutj101,seayd101,wellw101,stone101,suttm101,dandr101,pearl102,hayej104,robir102,8,4,6,9,3,5,7,2,1,dunbv101,glade101,fordj101,longe101,dougj102,hoskb101,currg102,ray-j102,1,0,0,0,0,0,0,0,0,0,0,0,0,0,0,0,0,0,0,0,0,0,0,0,0,0,0,0,,,0,0,65,blaku901,newmu901,,,,,19380529,exhibition,deduced
BFA193805290,99,8,0,0,BUF06,NW2,BFA,6,2,hayej104,johnj110,8,2,L,R,?,?,??,,,1,1,0,0,0,0,0,0,0,0,0,0,0,0,1,0,1,1,0,0,0,0,0,0,0,0,0,0,0,0,0,0,0,0,0,0,0,0,0,0,0,0,0,0,0,0,0,0,0,0,0,2,3,suttm101,,,,,,suttm101,,,johnj110,,,,,,,,,,,,,,0,0,0,0,0,0,0,0,0,0,0,0,crutj101,seayd101,wellw101,stone101,suttm101,dandr101,pearl102,hayej104,robir102,8,4,6,9,3,5,7,2,1,dunbv101,glade101,fordj101,longe101,dougj102,hoskb101,currg102,ray-j102,1,0,0,0,0,0,0,0,0,0,0,0,0,0,0,0,0,0,0,0,0,0,0,0,0,0,0,0,,,0,0,66,blaku901,newmu901,,,,,19380529,exhibition,deduced
BFA193805290,99,8,1,1,BUF06,BFA,NW2,6,2,hoskb101,robir102,3,7,L,L,?,?,??,,,1,1,0,0,0,0,0,0,0,0,0,0,0,0,1,0,1,1,0,0,0,0,0,0,0,0,0,0,0,0,0,0,0,0,0,0,0,0,0,0,0,0,0,0,0,0,0,0,0,0,0,0,1,,,,,,,,,,,,,,,,,,,,,,,,0,0,0,0,0,0,0,0,0,0,0,0,dougj102,fordj101,hoskb101,currg102,ray-j102,dunbv101,glade101,longe101,johnj110,6,4,7,8,9,2,3,5,1,hayej104,suttm101,seayd101,dandr101,wellw101,pearl102,crutj101,stone101,1,0,0,0,0,0,0,0,0,0,0,0,0,0,0,0,0,0,0,0,0,0,0,0,0,0,0,0,,,0,0,67,blaku901,newmu901,,,,,19380529,exhibition,deduced
BFA193805290,99,8,1,1,BUF06,BFA,NW2,6,2,currg102,robir102,4,8,L,L,?,?,??,,,1,1,0,0,0,0,0,0,0,0,0,0,0,0,1,0,1,1,0,0,0,0,0,0,0,0,0,0,0,0,0,0,0,0,0,0,0,0,0,0,0,0,0,0,0,0,0,0,0,0,0,1,2,,,,,,,,,,,,,,,,,,,,,,,,0,0,0,0,0,0,0,0,0,0,0,0,dougj102,fordj101,hoskb101,currg102,ray-j102,dunbv101,glade101,longe101,johnj110,6,4,7,8,9,2,3,5,1,hayej104,suttm101,seayd101,dandr101,wellw101,pearl102,crutj101,stone101,1,0,0,0,0,0,0,0,0,0,0,0,0,0,0,0,0,0,0,0,0,0,0,0,0,0,0,0,,,0,0,68,blaku901,newmu901,,,,,19380529,exhibition,deduced
BFA193805290,99,8,1,1,BUF06,BFA,NW2,6,2,ray-j102,robir102,5,9,L,L,?,?,??,,,1,1,0,0,0,0,0,0,0,0,0,0,0,0,1,0,1,1,0,0,0,0,0,0,0,0,0,0,0,0,0,0,0,0,0,0,0,0,0,0,0,0,0,0,0,0,0,0,0,0,0,2,3,,,,,,,,,,,,,,,,,,,,,,,,0,0,0,0,0,0,0,0,0,0,0,0,dougj102,fordj101,hoskb101,currg102,ray-j102,dunbv101,glade101,longe101,johnj110,6,4,7,8,9,2,3,5,1,hayej104,suttm101,seayd101,dandr101,wellw101,pearl102,crutj101,stone101,1,0,0,0,0,0,0,0,0,0,0,0,0,0,0,0,0,0,0,0,0,0,0,0,0,0,0,0,,,0,0,69,blaku901,newmu901,,,,,19380529,exhibition,deduced
BFA193805290,W,9,0,0,BUF06,NW2,BFA,6,2,robir102,johnj110,9,1,?,R,?,?,??,,,1,0,0,0,0,0,0,0,0,1,0,0,0,0,0,0,0,0,0,0,0,0,0,0,0,0,0,0,0,0,0,0,0,0,0,0,0,0,0,0,0,0,0,0,0,0,0,0,0,0,0,0,0,,,,robir102,,,,,,,,,johnj110,,,,,,,,,,,0,0,0,0,0,0,0,0,0,0,0,0,crutj101,seayd101,wellw101,stone101,suttm101,dandr101,pearl102,hayej104,robir102,8,4,6,9,3,5,7,2,1,dunbv101,glade101,fordj101,longe101,dougj102,hoskb101,currg102,ray-j102,0,0,0,0,0,0,0,0,0,0,0,0,0,0,0,0,0,0,0,,0,0,0,0,0,0,0,0,,,0,0,70,blaku901,newmu901,,,,,19380529,exhibition,deduced
BFA193805290,99,9,0,0,BUF06,NW2,BFA,6,2,crutj101,johnj110,1,8,L,R,?,?,??,,,1,1,0,0,0,0,0,0,0,0,0,0,0,0,1,0,1,1,0,0,0,0,0,0,0,0,0,0,0,0,0,0,0,0,0,0,0,0,0,0,0,0,0,0,0,0,0,0,0,0,0,0,1,robir102,,,robir102,,,,,,johnj110,,,johnj110,,,,,,,,,,,0,0,0,0,0,0,0,0,0,0,0,0,crutj101,seayd101,wellw101,stone101,suttm101,dandr101,pearl102,hayej104,robir102,8,4,6,9,3,5,7,2,1,dunbv101,glade101,fordj101,longe101,dougj102,hoskb101,currg102,ray-j102,1,0,0,0,0,0,0,0,0,0,0,0,0,0,0,0,0,0,0,0,0,0,0,0,0,0,0,0,,,0,0,71,blaku901,newmu901,,,,,19380529,exhibition,deduced
BFA193805290,S.1-2,9,0,0,BUF06,NW2,BFA,6,2,seayd101,johnj110,2,4,R,R,?,?,??,,,1,1,1,0,0,0,0,0,0,0,0,0,0,0,0,0,0,1,0,0,0,0,0,0,0,0,0,0,0,0,0,0,0,0,0,0,0,0,0,0,0,0,0,0,0,0,0,0,0,0,0,1,1,robir102,,,seayd101,robir102,,,,,johnj110,,,johnj110,johnj110,,,,,,,,,,0,0,0,0,0,0,0,0,0,0,0,0,crutj101,seayd101,wellw101,stone101,suttm101,dandr101,pearl102,hayej104,robir102,8,4,6,9,3,5,7,2,1,dunbv101,glade101,fordj101,longe101,dougj102,hoskb101,currg102,ray-j102,0,0,0,0,0,0,0,0,0,0,0,0,0,0,0,0,0,0,0,,0,0,0,0,0,0,0,0,,,0,0,72,blaku901,newmu901,,,,,19380529,exhibition,deduced
BFA193805290,6(B)4(2)/LDP#,9,0,0,BUF06,NW2,BFA,6,2,wellw101,johnj110,3,6,R,R,?,?,??,,,1,1,0,0,0,0,0,0,0,0,0,0,0,0,1,0,1,1,0,0,0,1,0,0,1,0,0,0,0,0,0,0,0,0,0,0,0,0,0,0,0,0,0,0,0,0,0,0,0,0,0,1,3,seayd101,robir102,,,,,seayd101,,,johnj110,johnj110,,,,,,,,,,,,,0,0,0,0,0,0,0,0,0,0,0,0,crutj101,seayd101,wellw101,stone101,suttm101,dandr101,pearl102,hayej104,robir102,8,4,6,9,3,5,7,2,1,dunbv101,glade101,fordj101,longe101,dougj102,hoskb101,currg102,ray-j102,0,0,0,0,1,0,1,0,0,0,0,0,0,0,0,1,0,0,0,64,6,6,0,0,0,0,0,6,,L,0,0,73,blaku901,newmu901,,,,,19380529,exhibition,deduced
BFA193805290,99,9,1,1,BUF06,BFA,NW2,6,2,dunbv101,robir102,6,2,?,L,?,?,??,,,1,1,0,0,0,0,0,0,0,0,0,0,0,0,1,0,1,1,0,0,0,0,0,0,0,0,0,0,0,0,0,0,0,0,0,0,0,0,0,0,0,0,0,0,0,0,0,0,0,0,0,0,1,,,,,,,,,,,,,,,,,,,,,,,,0,0,0,0,0,0,0,0,0,0,0,0,dougj102,fordj101,hoskb101,currg102,ray-j102,dunbv101,glade101,longe101,johnj110,6,4,7,8,9,2,3,5,1,hayej104,suttm101,seayd101,dandr101,wellw101,pearl102,crutj101,stone101,1,0,0,0,0,0,0,0,0,0,0,0,0,0,0,0,0,0,0,0,0,0,0,0,0,0,0,0,,,0,0,74,blaku901,newmu901,,,,,19380529,exhibition,deduced
BFA193805290,W,9,1,1,BUF06,BFA,NW2,6,2,glade101,robir102,7,3,?,L,?,?,??,,,1,0,0,0,0,0,0,0,0,1,0,0,0,0,0,0,0,0,0,0,0,0,0,0,0,0,0,0,0,0,0,0,0,0,0,0,0,0,0,0,0,0,0,0,0,0,0,0,0,0,0,1,1,,,,glade101,,,,,,,,,robir102,,,,,,,,,,,0,0,0,0,0,0,0,0,0,0,0,0,dougj102,fordj101,hoskb101,currg102,ray-j102,dunbv101,glade101,longe101,johnj110,6,4,7,8,9,2,3,5,1,hayej104,suttm101,seayd101,dandr101,wellw101,pearl102,crutj101,stone101,0,0,0,0,0,0,0,0,0,0,0,0,0,0,0,0,0,0,0,,0,0,0,0,0,0,0,0,,,0,0,75,blaku901,newmu901,,,,,19380529,exhibition,deduced
BFA193805290,S.1-2,9,1,1,BUF06,BFA,NW2,6,2,hendl101,robir102,8,11,?,L,?,?,??,,,1,1,1,0,0,0,0,0,0,0,0,0,0,0,0,0,0,1,0,0,0,0,0,0,0,0,0,0,0,0,0,0,0,0,0,0,0,0,0,0,0,0,0,0,0,0,0,0,0,0,0,1,1,glade101,,,hendl101,glade101,,,,,robir102,,,robir102,robir102,,,,,,,,,,0,0,0,0,0,0,0,0,0,0,0,0,dougj102,fordj101,hoskb101,currg102,ray-j102,dunbv101,glade101,hendl101,johnj110,6,4,7,8,9,2,3,11,1,hayej104,suttm101,seayd101,dandr101,wellw101,pearl102,crutj101,stone101,0,0,0,0,0,0,0,0,0,0,0,0,0,0,0,0,0,0,0,,0,0,0,0,0,0,0,0,,,0,0,76,blaku901,newmu901,,,,,19380529,exhibition,deduced
BFA193805290,99,9,1,1,BUF06,BFA,NW2,6,2,dawsj102,robir102,9,11,?,L,?,?,??,,,1,1,0,0,0,0,0,0,0,0,0,0,0,0,1,0,1,1,0,0,0,0,0,0,0,0,0,0,0,0,0,0,0,0,0,0,0,0,0,0,0,0,0,0,0,0,0,0,0,0,0,1,2,hendl101,glade101,,hendl101,glade101,,,,,robir102,robir102,,robir102,robir102,,,,,,,,,,0,0,0,0,0,0,0,0,0,0,0,0,dougj102,fordj101,hoskb101,currg102,ray-j102,dunbv101,glade101,hendl101,dawsj102,6,4,7,8,9,2,3,11,11,hayej104,suttm101,seayd101,dandr101,wellw101,pearl102,crutj101,stone101,1,0,0,0,0,0,0,0,0,0,0,0,0,0,0,0,0,0,0,0,0,0,0,0,0,0,0,0,,,0,0,77,blaku901,newmu901,,,,,19380529,exhibition,deduced
BFA193805290,99,9,1,1,BUF06,BFA,NW2,6,2,dougj102,robir102,1,6,L,L,?,?,??,,,1,1,0,0,0,0,0,0,0,0,0,0,0,0,1,0,1,1,0,0,0,0,0,0,0,0,0,0,0,0,0,0,0,0,0,0,0,0,0,0,0,0,0,0,0,0,0,0,0,0,0,2,3,hendl101,glade101,,,,,glade101,hendl101,,robir102,robir102,,,,,,,,,,,,,0,0,0,0,0,0,0,0,0,0,0,0,dougj102,fordj101,hoskb101,currg102,ray-j102,dunbv101,glade101,hendl101,dawsj102,6,4,7,8,9,2,3,11,11,hayej104,suttm101,seayd101,dandr101,wellw101,pearl102,crutj101,stone101,1,0,0,0,0,0,0,0,0,0,0,0,0,0,0,0,0,0,0,0,0,0,0,0,0,0,0,0,,,0,0,78,blaku901,newmu901,,,,,19380529,exhibition,deduced
