gid,team,inn1,inn2,inn3,inn4,inn5,inn6,inn7,inn8,inn9,inn10,inn11,inn12,inn13,inn14,inn15,inn16,inn17,inn18,inn19,inn20,inn21,inn22,inn23,inn24,inn25,inn26,inn27,inn28,lob,mgr,stattype,b_pa,b_ab,b_r,b_h,b_d,b_t,b_hr,b_rbi,b_sh,b_sf,b_hbp,b_w,b_iw,b_k,b_sb,b_cs,b_gdp,b_xi,b_roe,p_ipouts,p_noout,p_bfp,p_h,p_d,p_t,p_hr,p_r,p_er,p_w,p_iw,p_k,p_hbp,p_wp,p_bk,p_sh,p_sf,p_sb,p_cs,p_pb,d_po,d_a,d_e,d_dp,d_tp,d_pb,d_wp,d_sb,d_cs,start_l1,start_l2,start_l3,start_l4,start_l5,start_l6,start_l7,start_l8,start_l9,start_f1,start_f2,start_f3,start_f4,start_f5,start_f6,start_f7,start_f8,start_f9,start_f10,date,number,site,vishome,opp,win,loss,tie,gametype,box,pbp
PRG193110150,PIR,0,0,0,0,1,0,0,0,0,,,,,,,,,,,,,,,,,,,,7,pirrj101,value,35,32,1,5,0,0,0,,0,,0,3,,10,0,,,,,24,,35,8,0,0,0,8,0,3,,,0,0,0,0,,0,,0,24,9,1,0,0,0,0,0,,lee-d101,hanef101,picke101,hermb102,rhieb101,sladg101,mcmuh101,gasta101,gibss101,gibss101,gasta101,hermb102,sladg101,hanef101,lee-d101,rhieb101,picke101,mcmuh101,,19311015,0,LOS05,v,PRG,0,1,0,exhibition,y,
PRG193110150,PRG,0,3,0,2,3,0,0,0,,,,,,,,,,,,,,,,,,,,,3,wilst801,value,35,32,8,8,0,0,0,,0,,0,3,,,0,,,,,27,,35,5,0,0,0,1,0,3,,10,0,0,0,0,,0,,0,27,11,0,0,0,0,0,0,,bellj103,harrv102,whitc103,wellw101,suttm101,browl107,cread101,walkh103,paigs101,paigs101,browl107,suttm101,walkh103,cread101,wellw101,harrv102,bellj103,whitc103,,19311015,0,LOS05,h,PIR,1,0,0,exhibition,y,
PRG193110170,PIR,0,0,0,0,0,0,0,0,0,,,,,,,,,,,,,,,,,,,,11,pirrj101,value,38,34,0,7,0,0,0,,0,,0,4,,15,0,,,,,24,,32,10,0,0,0,5,0,0,,,0,0,0,0,,0,,0,24,9,0,0,0,0,0,0,,lee-d101,hanef101,picke101,rhieb101,sladg101,sawyc101,gasta101,berkj101,thomf105,thomf105,gasta101,sawyc101,sladg101,hanef101,berkj101,rhieb101,picke101,lee-d101,,19311017,0,LOS05,v,PRG,0,1,0,exhibition,y,
PRG193110170,PRG,2,0,0,0,0,1,0,2,,,,,,,,,,,,,,,,,,,,,3,wilst801,value,32,32,5,10,0,0,0,,0,,0,0,,,0,,,,,27,,38,7,0,0,0,0,0,4,,15,0,0,0,0,,0,,0,27,4,3,0,0,0,0,0,,bellj103,harrv102,whitc103,wellw101,suttm101,browl107,cread101,walkh103,trent101,trent101,browl107,suttm101,walkh103,cread101,wellw101,harrv102,bellj103,whitc103,,19311017,0,LOS05,h,PIR,1,0,0,exhibition,y,
