gid,id,team,d_seq,d_pos,stattype,d_ifouts,d_po,d_a,d_e,d_dp,d_tp,d_pb,d_wp,d_sb,d_cs,d_gs,date,number,site,vishome,opp,win,loss,tie,gametype,box,pbp
VMA194609300,benjj101,HOM,1,8,value,24,2,0,0,0,0,,,,,1,19460930,0,DAY03,v,VMA,0,1,0,exhibition,y,
VMA194609300,carlm101,HOM,1,4,value,24,0,1,0,0,0,,,,,1,19460930,0,DAY03,v,VMA,0,1,0,exhibition,y,
VMA194609300,banks101,HOM,1,6,value,24,4,1,2,0,0,,,,,1,19460930,0,DAY03,v,VMA,0,1,0,exhibition,y,
VMA194609300,gibsj101,HOM,1,2,value,24,7,1,0,0,0,0,,,,1,19460930,0,DAY03,v,VMA,0,1,0,exhibition,y,
VMA194609300,wilsd103,HOM,1,5,value,24,0,2,0,0,0,,,,,1,19460930,0,DAY03,v,VMA,0,1,0,exhibition,y,
VMA194609300,bellj103,HOM,1,7,value,24,1,0,1,0,0,,,,,1,19460930,0,DAY03,v,VMA,0,1,0,exhibition,y,
VMA194609300,smite111,HOM,1,3,value,24,6,0,0,0,0,,,,,1,19460930,0,DAY03,v,VMA,0,1,0,exhibition,y,
VMA194609300,hoskd101,HOM,1,9,value,24,4,0,0,0,0,,,,,1,19460930,0,DAY03,v,VMA,0,1,0,exhibition,y,
VMA194609300,fielw101,HOM,1,1,value,24,0,3,0,0,0,,,,,1,19460930,0,DAY03,v,VMA,0,1,0,exhibition,y,
VMA194609300,wints101,VMA,1,6,value,27,2,0,0,0,0,,,,,1,19460930,0,DAY03,h,HOM,1,0,0,exhibition,y,
VMA194609300,rowlb101,VMA,1,4,value,27,2,2,1,0,0,,,,,1,19460930,0,DAY03,h,HOM,1,0,0,exhibition,y,
VMA194609300,chapj103,VMA,1,5,value,27,0,1,0,0,0,,,,,1,19460930,0,DAY03,h,HOM,1,0,0,exhibition,y,
VMA194609300,muelr101,VMA,1,2,value,27,13,1,0,0,0,0,,,,1,19460930,0,DAY03,h,HOM,1,0,0,exhibition,y,
VMA194609300,grieh101,VMA,1,9,value,27,0,1,1,0,0,,,,,1,19460930,0,DAY03,h,HOM,1,0,0,exhibition,y,
VMA194609300,finej101,VMA,1,8,value,27,2,0,0,0,0,,,,,1,19460930,0,DAY03,h,HOM,1,0,0,exhibition,y,
VMA194609300,smito103,VMA,1,3,value,27,7,1,0,0,0,,,,,1,19460930,0,DAY03,h,HOM,1,0,0,exhibition,y,
VMA194609300,webek101,VMA,1,7,value,27,0,0,0,0,0,,,,,1,19460930,0,DAY03,h,HOM,1,0,0,exhibition,y,
VMA194609300,vandj101,VMA,1,1,value,27,1,4,0,0,0,,,,,1,19460930,0,DAY03,h,HOM,1,0,0,exhibition,y,
