gid,id,team,d_seq,d_pos,stattype,d_ifouts,d_po,d_a,d_e,d_dp,d_tp,d_pb,d_wp,d_sb,d_cs,d_gs,date,number,site,vishome,opp,win,loss,tie,gametype,box,pbp,eject
HIL192410050,bellw101,KCM,1,1,value,36,0,6,1,0,0,,,,,1,19241005,0,BAL13,v,HIL,0,0,1,championship,y,y,
HIL192410050,bellw101,KCM,2,9,value,3,0,0,0,0,0,,,,,0,19241005,0,BAL13,v,HIL,0,0,1,championship,y,y,
KCM192410120,bellw101,KCM,1,1,value,24,0,6,0,0,0,,,,,1,19241012,0,KAN05,h,HIL,1,0,0,championship,y,y,
KCM192410190,bellw101,KCM,1,1,value,12,0,3,0,0,0,,,,,1,19241019,0,CHI09,h,HIL,0,1,0,championship,y,y,
SSN192509230,bellw101,KCM,1,1,value,24,1,5,0,0,0,,,,,1,19250923,0,STL12,v,SSN,0,1,0,lcs,y,d,
KCM192509281,bellw101,KCM,1,1,value,27,0,2,0,0,0,,,,,1,19250928,1,CHI09,h,SSN,1,0,0,lcs,y,d,
KCM192510020,bellw101,KCM,1,1,value,2,0,0,0,0,0,,,,,0,19251002,0,KAN05,h,HIL,1,0,0,championship,y,y,
KCM192510030,bellw101,KCM,1,1,value,21,0,2,0,0,0,,,,,1,19251003,0,KAN05,h,HIL,0,1,0,championship,y,y,
HIL192510100,bellw101,KCM,1,1,value,24,1,4,0,0,0,,,,,1,19251010,0,PHI09,v,HIL,0,1,0,championship,y,y,
KCM192609190,bellw101,KCM,1,1,value,15,0,0,0,0,0,,,,,1,19260919,0,KAN05,h,CAG,1,0,0,lcs,y,y,
CAG192609280,bellw101,KCM,1,1,value,24,1,1,0,0,0,,,,,1,19260928,0,CHI09,v,CAG,0,1,0,lcs,y,d,
HOM193007192,bellw101,KCM,1,1,value,27,0,1,0,0,0,,,,,1,19300719,2,PIT06,v,HOM,1,0,0,exhibition,y,,
WSW193207250,bellw101,PTC,1,1,value,27,0,3,0,0,0,,,,,1,19320725,0,WAS09,v,WSW,1,0,0,regular,y,,
PTC193209190,bellw101,PTC,1,1,value,24,0,5,0,0,0,,,,,1,19320919,0,PIT09,h,HOM,0,1,0,exhibition,y,,
PTC193209270,bellw101,PTC,1,1,value,27,0,0,0,1,0,,,,,1,19320927,0,YOR01,h,NLN,1,0,0,exhibition,y,,
PTC193209300,bellw101,PTC,1,1,value,4,0,0,0,0,0,,,,,,19320930,0,ALT02,h,NLN,1,0,0,exhibition,y,,
PTC193210012,bellw101,PTC,1,1,value,6,0,0,0,0,0,,,,,1,19321001,2,PIT09,h,NLN,0,1,0,exhibition,y,,
PTC193210021,bellw101,PTC,1,1,value,3,0,0,0,0,0,,,,,,19321002,1,CLE07,h,NLN,1,0,0,exhibition,y,,
PTC193210022,bellw101,PTC,1,1,value,9,0,1,0,1,0,,,,,,19321002,2,CLE07,h,NLN,1,0,0,exhibition,y,,
PTC193307232,bellw101,PTC,1,1,value,9,0,0,0,0,0,,,,,1,19330723,2,CLE06,h,CAG,1,0,0,regular,y,,
NSH193505071,bellw101,PTC,2,1,value,,,,,,,,,,,,19350507,1,NSH02,v,NSH,1,0,0,regular,,,
PTC193505110,bellw101,PTC,1,1,value,12,0,0,1,0,0,,,,,1,19350511,0,PIT09,h,NY6,1,0,0,regular,y,d,
PTC193505140,bellw101,PTC,1,1,value,,0,4,0,,,,,,,,19350514,0,BEA02,h,NY6,0,1,0,exhibition,y,,
PTC193505200,bellw101,PTC,1,1,value,,0,0,,,,,,,,1,19350520,0,PIT09,h,CAG,0,1,0,regular,y,,
PTC193505230,bellw101,PTC,1,1,value,27,,,,,,,,,,1,19350523,0,HAG01,h,NY6,1,0,0,exhibition,,,
PTC193505270,bellw101,PTC,1,1,value,,0,1,,,,,,,,1,19350527,0,PIT09,h,PH5,0,1,0,regular,y,,
PTC193505280,bellw101,PTC,1,1,value,27,0,1,0,,,,,,,1,19350528,0,YOR01,h,PH5,0,1,0,regular,y,,
NW1193506170,bellw101,NW1,1,1,value,24,0,5,0,1,0,,,,,1,19350617,0,NBR01,h,CAG,1,0,0,regular,y,d,
CAG193507073,bellw101,NW1,1,1,value,24,0,0,0,0,0,,,,,1,19350707,3,MIL03,v,CAG,0,1,0,exhibition,y,d,
PH5193507202,bellw101,NW1,1,1,value,18,1,0,0,,,,,,,,19350720,2,PHI17,v,PH5,0,1,0,regular,y,,
BRN193508041,bellw101,NW1,1,1,value,27,0,3,0,1,0,0,0,0,,1,19350804,1,NYC15,v,BRN,1,0,0,regular,y,,
BRN193508042,bellw101,NW1,3,1,value,,0,1,0,0,0,0,0,0,,,19350804,2,NYC15,v,BRN,1,0,0,regular,y,,
NW1193508251,bellw101,NW1,1,1,value,27,,,0,0,0,0,0,0,,1,19350825,1,IRV01,h,NSH,1,0,0,regular,y,,
NW1193508260,bellw101,NW1,1,1,value,11,0,3,0,0,0,,,,,0,19350826,0,NBR01,h,NSH,0,1,0,regular,y,d,
NW2193605102,bellw101,NW2,1,1,value,24,0,0,0,0,0,,,,,0,19360510,2,NWK04,h,WEG,1,0,0,regular,y,d,
WEG193605160,bellw101,NW2,1,1,value,9,1,0,0,0,0,,,,,0,19360516,0,WAS09,v,WEG,0,1,0,regular,y,y,
WEG193605170,bellw101,NW2,2,1,value,,0,,,,,,,,,,19360517,0,WAS09,v,WEG,0,1,0,regular,y,,
PH5193605232,bellw101,NW2,1,1,value,24,,,,,,,,,,1,19360523,2,PHI17,v,PH5,0,1,0,regular,,,
HOM193605311,bellw101,NW2,1,1,value,24,0,1,0,,,,,,,1,19360531,1,PIT06,v,HOM,0,1,0,regular,y,,
NY6193606072,bellw101,NW2,2,1,value,,1,2,0,0,0,,,0,,,19360607,2,NYC25,v,NY6,1,0,0,regular,y,,
PTC193606142,bellw101,NW2,1,1,value,,,,0,,,,,,,1,19360614,2,CLE06,v,PTC,1,0,0,regular,,,
NW2193606212,bellw101,NW2,1,1,value,3,0,0,0,0,0,,,,,0,19360621,2,NWK04,h,PTC,0,1,0,regular,y,d,
NW2193606220,bellw101,NW2,1,1,value,,,,,,,,,,,,19360622,0,NBG01,h,PTC,1,0,0,regular,,,
PH5193606272,bellw101,NW2,1,1,value,21,0,0,0,,,,,,,1,19360627,2,PHI17,v,PH5,1,0,0,regular,y,,
NW2193607041,bellw101,NW2,1,1,value,27,,,1,,,,,,,1,19360704,1,NWK04,h,WEG,0,1,0,regular,y,,
NW2193607052,bellw101,NW2,1,1,value,18,0,0,0,0,0,,,,,0,19360705,2,NWK04,h,PH5,1,0,0,regular,y,d,
NW2193607191,bellw101,NW2,1,1,value,6,0,0,0,0,0,,,,,0,19360719,1,NWK04,h,HOM,1,0,0,regular,y,d,
NY5193607193,bellw101,NW2,1,1,value,27,1,1,0,0,0,,,,,1,19360719,3,FRE01,v,NY5,1,0,0,exhibition,y,d,
WEG193608010,bellw101,NW2,1,1,value,27,0,1,0,0,0,,,,,1,19360801,0,WAS09,v,WEG,1,0,0,regular,y,d,
NW2193608091,bellw101,NW2,3,1,value,,,,0,0,0,,,0,,,19360809,1,NWK04,h,PH5,0,1,0,regular,y,,
NY5193608170,bellw101,NW2,1,1,value,21,0,0,0,0,0,,,,,1,19360817,0,MID04,v,NY5,1,0,0,exhibition,y,d,
PTC193609122,bellw101,NW2,1,1,value,,0,0,0,,,,,,,,19360912,2,PIT09,v,PTC,0,0,1,regular,y,,
PTC193609131,bellw101,NW2,1,1,value,24,0,0,0,1,0,,,,,1,19360913,1,TOL05,v,PTC,0,1,0,championship,y,,
PTC193609141,bellw101,NW2,1,1,value,24,0,1,0,1,0,,,,,1,19360914,1,TOL05,v,PTC,0,1,0,lcs,y,,
NW2193705170,bellw101,NW2,1,1,value,27,1,4,0,0,0,,,,,1,19370517,0,TRE01,h,HOM,0,1,0,regular,y,d,
PH5193705221,bellw101,NW2,1,1,value,5,0,1,0,0,0,,,,,1,19370522,1,PHI17,v,PH5,1,0,0,regular,y,d,
PH5193705222,bellw101,NW2,1,1,value,27,0,0,0,0,0,,,,,1,19370522,2,PHI17,v,PH5,1,0,0,regular,y,d,
NY5193705290,bellw101,NW2,1,1,value,23,0,1,1,0,0,,,,,0,19370529,0,PAT01,v,NY5,1,0,0,regular,y,d,
NW2193706050,bellw101,NW2,1,1,value,10,0,1,0,0,0,,,,,0,19370605,0,PAT01,h,WEG,1,0,0,regular,y,d,
PH5193706110,bellw101,NW2,1,1,value,15,0,2,0,0,0,,,,,1,19370611,0,MID03,v,PH5,0,1,0,regular,y,d,
HOM193706150,bellw101,NW2,1,1,value,19,,,,,,,,,,1,19370615,0,DAY03,v,HOM,0,1,0,regular,,,
HOM193706150,bellw101,NW2,1,1,lower,18,,,,,,,,,,1,19370615,0,DAY03,v,HOM,0,1,0,regular,,,
HOM193706150,bellw101,NW2,1,1,upper,20,,,,,,,,,,1,19370615,0,DAY03,v,HOM,0,1,0,regular,,,
PH5193706262,bellw101,NW2,1,1,value,6,0,1,0,0,0,,,,,1,19370626,2,PHI17,v,PH5,0,1,0,regular,y,d,
NY5193707052,bellw101,NW2,2,1,value,15,1,0,0,0,0,0,,0,,,19370705,2,NYC23,v,NY5,1,0,0,regular,y,,
NW2193708140,bellw101,NW2,1,1,value,15,0,1,,,,,,,,,19370814,0,PAT01,h,HOM,0,1,0,regular,y,,
