gid,id,team,d_seq,d_pos,stattype,d_ifouts,d_po,d_a,d_e,d_dp,d_tp,d_pb,d_wp,d_sb,d_cs,d_gs,date,number,site,vishome,opp,win,loss,tie,gametype,box,pbp,eject
CIN191909090,lebob101,PHI,1,7,value,27,2,1,0,0,0,,,,,1,19190909,0,CIN07,v,CIN,1,0,0,regular,y,y,
CIN191909100,lebob101,PHI,1,7,value,24,2,0,0,0,0,,,,,1,19190910,0,CIN07,v,CIN,0,1,0,regular,y,y,
PIT191909111,lebob101,PHI,1,7,value,24,1,1,0,0,0,,,,,1,19190911,1,PIT06,v,PIT,0,1,0,regular,y,y,
PIT191909112,lebob101,PHI,1,9,value,24,0,0,0,0,0,,,,,1,19190911,2,PIT06,v,PIT,0,1,0,regular,y,y,
PIT191909131,lebob101,PHI,1,7,value,24,2,1,0,0,0,,,,,1,19190913,1,PIT06,v,PIT,0,1,0,regular,y,y,
PIT191909132,lebob101,PHI,1,9,value,18,1,0,0,0,0,,,,,1,19190913,2,PIT06,v,PIT,0,1,0,regular,y,y,
CHN191909140,lebob101,PHI,1,7,value,24,1,0,0,0,0,,,,,1,19190914,0,CHI11,v,CHN,0,1,0,regular,y,y,
CHN191909150,lebob101,PHI,1,7,value,29,2,1,0,1,0,,,,,1,19190915,0,CHI11,v,CHN,0,1,0,regular,y,y,
CHN191909160,lebob101,PHI,1,7,value,24,2,0,0,0,0,,,,,1,19190916,0,CHI11,v,CHN,0,1,0,regular,y,y,
SLN191909190,lebob101,PHI,1,7,value,27,0,0,0,0,0,,,,,1,19190919,0,STL05,v,SLN,1,0,0,regular,y,y,
PHI191909241,lebob101,PHI,1,7,value,27,2,0,0,0,0,,,,,1,19190924,1,PHI09,h,BRO,0,1,0,regular,y,y,
PHI191909242,lebob101,PHI,1,7,value,27,4,0,0,0,0,,,,,1,19190924,2,PHI09,h,BRO,0,1,0,regular,y,y,
PHI191909250,lebob101,PHI,1,7,value,27,2,0,0,0,0,,,,,1,19190925,0,PHI09,h,BRO,1,0,0,regular,y,y,
PHI191909260,lebob101,PHI,1,7,value,27,0,0,0,0,0,,,,,1,19190926,0,PHI09,h,BRO,0,1,0,regular,y,y,
NY1191909270,lebob101,PHI,1,7,value,24,2,0,0,0,0,,,,,1,19190927,0,NYC14,v,NY1,0,1,0,regular,y,y,
NY1191909281,lebob101,PHI,1,7,value,24,2,1,0,0,0,,,,,1,19190928,1,NYC14,v,NY1,0,1,0,regular,y,y,
NY1191909282,lebob101,PHI,1,7,value,24,2,0,0,0,0,,,,,1,19190928,2,NYC14,v,NY1,0,1,0,regular,y,y,
BRO192004150,lebob101,PHI,1,7,value,3,0,0,0,0,0,,,,,0,19200415,0,NYC15,v,BRO,1,0,0,regular,y,y,
NY1192004190,lebob101,PHI,1,7,value,24,0,0,0,0,0,,,,,1,19200419,0,NYC14,v,NY1,0,1,0,regular,y,y,
PHI192004220,lebob101,PHI,1,7,value,27,3,1,0,0,0,,,,,1,19200422,0,PHI09,h,BRO,1,0,0,regular,y,y,
PHI192004240,lebob101,PHI,1,7,value,27,2,1,2,0,0,,,,,1,19200424,0,PHI09,h,BRO,0,1,0,regular,y,y,
BSN192004260,lebob101,PHI,1,7,value,24,2,1,0,0,0,,,,,1,19200426,0,BOS08,v,BSN,0,1,0,regular,y,y,
BSN192004290,lebob101,PHI,1,7,value,27,2,0,0,0,0,,,,,1,19200429,0,BOS08,v,BSN,1,0,0,regular,y,y,
PHI192005010,lebob101,PHI,1,7,value,27,1,0,0,0,0,,,,,1,19200501,0,PHI09,h,NY1,1,0,0,regular,y,y,
BRO192005020,lebob101,PHI,1,7,value,39,3,1,0,0,0,,,,,1,19200502,0,NYC15,v,BRO,1,0,0,regular,y,y,
PHI192005040,lebob101,PHI,1,7,value,27,4,0,0,0,0,,,,,1,19200504,0,PHI09,h,NY1,0,1,0,regular,y,y,
PHI192005050,lebob101,PHI,1,7,value,33,2,0,0,0,0,,,,,1,19200505,0,PHI09,h,BSN,0,1,0,regular,y,y,
PHI192005060,lebob101,PHI,1,7,value,27,4,0,1,0,0,,,,,1,19200506,0,PHI09,h,BSN,0,1,0,regular,y,y,
PIT192005100,lebob101,PHI,1,9,value,3,0,0,0,0,0,,,,,0,19200510,0,PIT06,v,PIT,0,1,0,regular,y,y,
CIN192005140,lebob101,PHI,1,7,value,2,0,0,0,0,0,,,,,0,19200514,0,CIN07,v,CIN,0,1,0,regular,y,y,
CIN192005160,lebob101,PHI,1,7,value,45,1,0,0,0,0,,,,,1,19200516,0,CIN07,v,CIN,1,0,0,regular,y,y,
SLN192005180,lebob101,PHI,1,7,value,27,3,0,0,0,0,,,,,1,19200518,0,STL05,v,SLN,1,0,0,regular,y,y,
SLN192005190,lebob101,PHI,1,7,value,24,1,0,0,0,0,,,,,1,19200519,0,STL05,v,SLN,0,1,0,regular,y,y,
SLN192005200,lebob101,PHI,1,7,value,24,2,1,0,0,0,,,,,1,19200520,0,STL05,v,SLN,0,1,0,regular,y,y,
SLN192005210,lebob101,PHI,1,7,value,24,3,0,0,0,0,,,,,1,19200521,0,STL05,v,SLN,0,1,0,regular,y,y,
CHN192005220,lebob101,PHI,1,7,value,24,2,0,2,0,0,,,,,1,19200522,0,CHI11,v,CHN,0,1,0,regular,y,y,
CHN192005230,lebob101,PHI,1,7,value,24,0,1,0,0,0,,,,,1,19200523,0,CHI11,v,CHN,0,1,0,regular,y,d,
CHN192005240,lebob101,PHI,1,7,value,24,0,0,0,0,0,,,,,1,19200524,0,CHI11,v,CHN,0,1,0,regular,y,y,
PHI192006100,lebob101,PHI,1,7,value,9,1,0,0,0,0,,,,,0,19200610,0,PHI09,h,CHN,1,0,0,regular,y,y,
PIT192007080,lebob101,PHI,1,9,value,24,2,0,0,0,0,,,,,1,19200708,0,PIT06,v,PIT,0,1,0,regular,y,y,
SLN192007160,lebob101,PHI,1,9,value,6,3,0,0,0,0,,,,,0,19200716,0,STL07,v,SLN,0,1,0,regular,y,y,
SLN192007170,lebob101,PHI,1,7,value,10,2,0,0,0,0,,,,,0,19200717,0,STL07,v,SLN,1,0,0,regular,y,y,
SLN192007180,lebob101,PHI,1,7,value,27,1,0,0,0,0,,,,,1,19200718,0,STL07,v,SLN,1,0,0,regular,y,y,
SLN192007190,lebob101,PHI,1,7,value,34,8,1,0,0,0,,,,,1,19200719,0,STL07,v,SLN,0,1,0,regular,y,y,
CHN192007210,lebob101,PHI,1,8,value,27,0,0,0,0,0,,,,,1,19200721,0,CHI11,v,CHN,1,0,0,regular,y,y,
CHN192007230,lebob101,PHI,1,9,value,12,0,0,0,0,0,,,,,1,19200723,0,CHI11,v,CHN,1,0,0,regular,y,y,
PHI192008071,lebob101,PHI,1,7,value,27,3,0,0,0,0,,,,,1,19200807,1,PHI09,h,CIN,1,0,0,regular,y,y,
PHI192008072,lebob101,PHI,1,7,value,27,1,0,0,0,0,,,,,1,19200807,2,PHI09,h,CIN,0,1,0,regular,y,y,
PHI192008090,lebob101,PHI,1,7,value,33,1,0,0,0,0,,,,,1,19200809,0,PHI09,h,SLN,0,1,0,regular,y,y,
PHI192008100,lebob101,PHI,1,7,value,27,2,0,0,0,0,,,,,1,19200810,0,PHI09,h,SLN,0,1,0,regular,y,y,
PHI192008110,lebob101,PHI,1,7,value,27,2,0,0,0,0,,,,,1,19200811,0,PHI09,h,SLN,0,1,0,regular,y,y,
PHI192008120,lebob101,PHI,1,7,value,27,0,0,0,0,0,,,,,1,19200812,0,PHI09,h,SLN,1,0,0,regular,y,y,
BSN192008131,lebob101,PHI,1,7,value,24,1,1,0,0,0,,,,,1,19200813,1,BOS08,v,BSN,0,1,0,regular,y,y,
BSN192008132,lebob101,PHI,1,7,value,27,3,1,0,0,0,,,,,1,19200813,2,BOS08,v,BSN,1,0,0,regular,y,y,
BSN192008141,lebob101,PHI,1,7,value,27,2,0,1,0,0,,,,,1,19200814,1,BOS08,v,BSN,1,0,0,regular,y,y,
BSN192008142,lebob101,PHI,1,7,value,28,2,0,0,0,0,,,,,1,19200814,2,BOS08,v,BSN,0,1,0,regular,y,y,
BRO192008150,lebob101,PHI,1,7,value,3,0,0,0,0,0,,,,,1,19200815,0,NYC15,v,BRO,0,1,0,regular,y,y,
PHI192008171,lebob101,PHI,1,7,value,30,1,0,0,0,0,,,,,1,19200817,1,PHI09,h,NY1,0,1,0,regular,y,y,
PHI192008172,lebob101,PHI,1,7,value,27,1,0,0,0,0,,,,,1,19200817,2,PHI09,h,NY1,1,0,0,regular,y,y,
PIT192008190,lebob101,PHI,1,7,value,36,3,0,0,0,0,,,,,1,19200819,0,PIT06,v,PIT,1,0,0,regular,y,y,
PIT192008200,lebob101,PHI,1,7,value,33,4,0,0,0,0,,,,,1,19200820,0,PIT06,v,PIT,1,0,0,regular,y,y,
PIT192008211,lebob101,PHI,1,7,value,27,4,0,0,0,0,,,,,1,19200821,1,PIT06,v,PIT,1,0,0,regular,y,y,
PIT192008212,lebob101,PHI,1,7,value,24,4,0,0,0,0,,,,,1,19200821,2,PIT06,v,PIT,0,1,0,regular,y,y,
CIN192008230,lebob101,PHI,1,7,value,24,2,0,0,0,0,,,,,1,19200823,0,CIN07,v,CIN,0,1,0,regular,y,y,
CIN192008240,lebob101,PHI,1,7,value,24,4,0,0,0,0,,,,,1,19200824,0,CIN07,v,CIN,0,1,0,regular,y,y,
CIN192008250,lebob101,PHI,1,7,value,24,2,0,0,0,0,,,,,1,19200825,0,CIN07,v,CIN,0,1,0,regular,y,y,
CIN192008260,lebob101,PHI,1,7,value,27,2,0,0,0,0,,,,,1,19200826,0,CIN07,v,CIN,1,0,0,regular,y,y,
SLN192008270,lebob101,PHI,1,7,value,27,2,0,0,0,0,,,,,1,19200827,0,STL07,v,SLN,1,0,0,regular,y,y,
SLN192008280,lebob101,PHI,1,7,value,18,2,0,0,0,0,,,,,1,19200828,0,STL07,v,SLN,0,1,0,regular,y,y,
SLN192008290,lebob101,PHI,1,7,value,24,1,0,0,0,0,,,,,1,19200829,0,STL07,v,SLN,0,1,0,regular,y,y,
CHN192008300,lebob101,PHI,1,7,value,24,1,0,0,0,0,,,,,1,19200830,0,CHI11,v,CHN,0,1,0,regular,y,y,
CHN192008310,lebob101,PHI,1,7,value,27,3,0,0,0,0,,,,,1,19200831,0,CHI11,v,CHN,1,0,0,regular,y,y,
BRO192009030,lebob101,PHI,1,7,value,24,2,0,0,0,0,,,,,1,19200903,0,NYC15,v,BRO,0,1,0,regular,y,y,
NY1192009040,lebob101,PHI,1,7,value,24,3,0,0,0,0,,,,,1,19200904,0,NYC14,v,NY1,0,1,0,regular,y,y,
NY1192009050,lebob101,PHI,1,7,value,24,1,0,0,0,0,,,,,1,19200905,0,NYC14,v,NY1,0,1,0,regular,y,y,
PHI192009061,lebob101,PHI,1,7,value,27,3,0,0,0,0,,,,,1,19200906,1,PHI09,h,BRO,1,0,0,regular,y,y,
PHI192009062,lebob101,PHI,1,7,value,27,0,0,0,0,0,,,,,1,19200906,2,PHI09,h,BRO,1,0,0,regular,y,y,
PHI192009071,lebob101,PHI,1,7,value,27,2,0,0,0,0,,,,,1,19200907,1,PHI09,h,BRO,0,1,0,regular,y,y,
PHI192009072,lebob101,PHI,1,7,value,27,1,1,0,0,0,,,,,1,19200907,2,PHI09,h,BRO,0,1,0,regular,y,y,
PHI192009080,lebob101,PHI,1,7,value,27,2,0,0,0,0,,,,,1,19200908,0,PHI09,h,BRO,0,1,0,regular,y,y,
PHI192009090,lebob101,PHI,1,7,value,27,1,1,0,0,0,,,,,1,19200909,0,PHI09,h,PIT,0,1,0,regular,y,y,
PHI192009100,lebob101,PHI,1,7,value,27,0,0,0,0,0,,,,,1,19200910,0,PHI09,h,PIT,0,1,0,regular,y,y,
PHI192009110,lebob101,PHI,1,7,value,27,4,2,0,1,0,,,,,1,19200911,0,PHI09,h,PIT,0,1,0,regular,y,y,
PHI192009130,lebob101,PHI,1,7,value,27,0,0,0,0,0,,,,,1,19200913,0,PHI09,h,CIN,1,0,0,regular,y,y,
PHI192009140,lebob101,PHI,1,7,value,27,2,0,2,0,0,,,,,1,19200914,0,PHI09,h,CIN,1,0,0,regular,y,y,
PHI192009150,lebob101,PHI,1,7,value,27,3,1,0,0,0,,,,,1,19200915,0,PHI09,h,CIN,0,1,0,regular,y,y,
PHI192009160,lebob101,PHI,1,7,value,21,2,0,0,0,0,,,,,1,19200916,0,PHI09,h,CHN,0,1,0,regular,y,y,
PHI192009170,lebob101,PHI,1,7,value,27,0,0,0,0,0,,,,,1,19200917,0,PHI09,h,CHN,0,1,0,regular,y,y,
PHI192009180,lebob101,PHI,1,7,value,3,0,0,0,0,0,,,,,1,19200918,0,PHI09,h,CHN,0,1,0,regular,y,y,
PHI192105160,lebob101,PHI,1,7,value,27,4,0,0,0,0,,,,,1,19210516,0,PHI09,h,PIT,1,0,0,regular,y,y,
PHI192105170,lebob101,PHI,1,7,value,27,2,0,1,0,0,,,,,1,19210517,0,PHI09,h,PIT,0,1,0,regular,y,y,
PHI192105180,lebob101,PHI,1,7,value,27,3,0,0,0,0,,,,,1,19210518,0,PHI09,h,SLN,1,0,0,regular,y,y,
PHI192105190,lebob101,PHI,1,7,value,33,4,0,1,0,0,,,,,1,19210519,0,PHI09,h,SLN,0,1,0,regular,y,y,
PHI192105200,lebob101,PHI,1,7,value,27,3,0,0,0,0,,,,,1,19210520,0,PHI09,h,SLN,1,0,0,regular,y,y,
PHI192105210,lebob101,PHI,1,7,value,27,5,0,0,0,0,,,,,1,19210521,0,PHI09,h,SLN,0,1,0,regular,y,y,
PHI192105240,lebob101,PHI,1,7,value,27,1,0,0,0,0,,,,,1,19210524,0,PHI09,h,CIN,1,0,0,regular,y,y,
PHI192105260,lebob101,PHI,1,7,value,27,2,0,0,0,0,,,,,1,19210526,0,PHI09,h,BRO,1,0,0,regular,y,y,
PHI192105270,lebob101,PHI,1,7,value,27,1,0,0,0,0,,,,,1,19210527,0,PHI09,h,BRO,1,0,0,regular,y,y,
PHI192105280,lebob101,PHI,1,7,value,27,2,0,1,0,0,,,,,1,19210528,0,PHI09,h,BRO,0,1,0,regular,y,y,
CHN192106080,lebob101,PHI,1,7,value,3,0,0,1,0,0,,,,,0,19210608,0,CHI11,v,CHN,1,0,0,regular,y,y,
PHI192106251,lebob101,PHI,1,8,value,9,0,0,0,0,0,,,,,0,19210625,1,PHI09,h,NY1,0,1,0,regular,y,y,
PHI192106270,lebob101,PHI,1,7,value,27,4,0,0,0,0,,,,,1,19210627,0,PHI09,h,NY1,1,0,0,regular,y,y,
PHI192106290,lebob101,PHI,1,7,value,27,2,0,0,0,0,,,,,1,19210629,0,PHI09,h,BRO,0,1,0,regular,y,y,
PHI192107021,lebob101,PHI,1,7,value,27,0,0,0,0,0,,,,,1,19210702,1,PHI09,h,BRO,0,1,0,regular,y,y,
PHI192107022,lebob101,PHI,1,7,value,27,1,0,0,0,0,,,,,1,19210702,2,PHI09,h,BRO,0,1,0,regular,y,y,
BRO192107030,lebob101,PHI,1,7,value,24,0,0,0,0,0,,,,,1,19210703,0,NYC15,v,BRO,0,1,0,regular,y,y,
PHI192107041,lebob101,PHI,1,7,value,27,2,0,0,0,0,,,,,1,19210704,1,PHI09,h,BSN,0,1,0,regular,y,y,
PHI192107042,lebob101,PHI,1,7,value,30,2,0,0,0,0,,,,,1,19210704,2,PHI09,h,BSN,0,1,0,regular,y,y,
PHI192107050,lebob101,PHI,1,7,value,3,0,0,0,0,0,,,,,0,19210705,0,PHI09,h,BSN,1,0,0,regular,y,y,
PHI192107182,lebob101,PHI,1,9,value,15,0,0,0,0,0,,,,,0,19210718,2,PHI09,h,CIN,0,1,0,regular,y,y,
PHI192107230,lebob101,PHI,1,9,value,33,0,0,1,0,0,,,,,1,19210723,0,PHI09,h,CHN,0,1,0,regular,y,y,
NY1192107240,lebob101,PHI,1,7,value,24,1,0,0,0,0,,,,,1,19210724,0,NYC14,v,NY1,0,1,0,regular,y,y,
SLN192107260,lebob101,PHI,1,9,value,30,3,0,0,0,0,,,,,1,19210726,0,STL07,v,SLN,1,0,0,regular,y,y,
CHN192107301,lebob101,PHI,1,7,value,18,1,0,0,0,0,,,,,0,19210730,1,CHI11,v,CHN,0,1,0,regular,y,y,
CHN192107302,lebob101,PHI,1,7,value,27,2,0,0,0,0,,,,,1,19210730,2,CHI11,v,CHN,1,0,0,regular,y,y,
CHN192107310,lebob101,PHI,1,7,value,27,4,0,0,0,0,,,,,1,19210731,0,CHI11,v,CHN,1,0,0,regular,y,y,
CHN192108010,lebob101,PHI,1,7,value,18,2,0,0,0,0,,,,,1,19210801,0,CHI11,v,CHN,1,0,0,regular,y,y,
PIT192108050,lebob101,PHI,1,7,value,24,2,0,0,0,0,,,,,1,19210805,0,PIT06,v,PIT,0,1,0,regular,y,y,
CIN192108060,lebob101,PHI,1,7,value,24,3,0,0,0,0,,,,,1,19210806,0,CIN07,v,CIN,0,1,0,regular,y,y,
CIN192108090,lebob101,PHI,1,7,value,24,1,0,0,0,0,,,,,1,19210809,0,CIN07,v,CIN,0,1,0,regular,y,y,
BSN192108110,lebob101,PHI,1,9,value,27,0,0,0,0,0,,,,,1,19210811,0,BOS08,v,BSN,0,1,0,regular,y,y,
BSN192108121,lebob101,PHI,1,9,value,27,1,0,0,0,0,,,,,1,19210812,1,BOS08,v,BSN,1,0,0,regular,y,y,
BSN192108122,lebob101,PHI,1,9,value,27,1,0,0,0,0,,,,,1,19210812,2,BOS08,v,BSN,1,0,0,regular,y,y,
BSN192108131,lebob101,PHI,1,9,value,24,1,0,0,0,0,,,,,1,19210813,1,BOS08,v,BSN,0,1,0,regular,y,y,
BSN192108132,lebob101,PHI,1,9,value,24,0,0,0,0,0,,,,,1,19210813,2,BOS08,v,BSN,0,1,0,regular,y,y,
NY1192108140,lebob101,PHI,1,9,value,24,2,0,0,0,0,,,,,1,19210814,0,NYC14,v,NY1,0,1,0,regular,y,y,
NY1192108150,lebob101,PHI,1,9,value,27,2,0,1,0,0,,,,,1,19210815,0,NYC14,v,NY1,1,0,0,regular,y,y,
PHI192108162,lebob101,PHI,1,9,value,33,4,1,0,0,0,,,,,1,19210816,2,PHI09,h,PIT,0,1,0,regular,y,y,
PHI192108182,lebob101,PHI,1,9,value,27,1,0,0,0,0,,,,,1,19210818,2,PHI09,h,PIT,0,1,0,regular,y,y,
PHI192108191,lebob101,PHI,1,9,value,27,2,1,0,0,0,,,,,1,19210819,1,PHI09,h,PIT,0,1,0,regular,y,y,
PHI192108192,lebob101,PHI,1,9,value,27,2,0,0,0,0,,,,,1,19210819,2,PHI09,h,PIT,1,0,0,regular,y,y,
PHI192108200,lebob101,PHI,1,9,value,27,0,0,0,0,0,,,,,1,19210820,0,PHI09,h,CHN,0,1,0,regular,y,y,
PHI192108220,lebob101,PHI,1,9,value,36,1,0,0,0,0,,,,,1,19210822,0,PHI09,h,CHN,1,0,0,regular,y,y,
PHI192108230,lebob101,PHI,1,9,value,27,4,0,0,0,0,,,,,1,19210823,0,PHI09,h,CHN,1,0,0,regular,y,y,
PHI192108241,lebob101,PHI,1,9,value,27,4,0,0,0,0,,,,,1,19210824,1,PHI09,h,CIN,1,0,0,regular,y,y,
PHI192108242,lebob101,PHI,1,9,value,27,3,0,0,0,0,,,,,1,19210824,2,PHI09,h,CIN,1,0,0,regular,y,y,
PHI192108250,lebob101,PHI,1,9,value,27,3,0,1,0,0,,,,,1,19210825,0,PHI09,h,CIN,0,1,0,regular,y,y,
PHI192108260,lebob101,PHI,1,9,value,12,0,0,0,0,0,,,,,1,19210826,0,PHI09,h,CIN,0,1,0,regular,y,y,
PHI192108301,lebob101,PHI,1,9,value,27,1,0,0,0,0,,,,,1,19210830,1,PHI09,h,SLN,1,0,0,regular,y,y,
PHI192108302,lebob101,PHI,1,9,value,27,2,1,1,1,0,,,,,1,19210830,2,PHI09,h,SLN,0,1,0,regular,y,y,
PHI192108310,lebob101,PHI,1,9,value,27,2,1,1,0,0,,,,,1,19210831,0,PHI09,h,SLN,0,1,0,regular,y,y,
PHI192109010,lebob101,PHI,1,9,value,27,0,0,0,0,0,,,,,1,19210901,0,PHI09,h,BSN,1,0,0,regular,y,y,
PHI192109031,lebob101,PHI,1,9,value,27,0,0,0,0,0,,,,,1,19210903,1,PHI09,h,BSN,1,0,0,regular,y,y,
PHI192109032,lebob101,PHI,1,9,value,27,0,0,0,0,0,,,,,1,19210903,2,PHI09,h,BSN,0,1,0,regular,y,y,
BRO192109040,lebob101,PHI,1,9,value,24,3,1,0,0,0,,,,,1,19210904,0,NYC15,v,BRO,0,1,0,regular,y,y,
BRO192109051,lebob101,PHI,1,9,value,24,4,0,1,0,0,,,,,1,19210905,1,NYC15,v,BRO,0,1,0,regular,y,y,
BRO192109052,lebob101,PHI,1,9,value,24,1,0,0,0,0,,,,,1,19210905,2,NYC15,v,BRO,0,1,0,regular,y,y,
PHI192109072,lebob101,PHI,1,9,value,27,3,0,2,0,0,,,,,1,19210907,2,PHI09,h,NY1,0,1,0,regular,y,y,
BSN192109081,lebob101,PHI,1,9,value,27,3,1,0,1,0,,,,,1,19210908,1,BOS08,v,BSN,1,0,0,regular,y,y,
BSN192109082,lebob101,PHI,1,9,value,24,0,0,0,0,0,,,,,1,19210908,2,BOS08,v,BSN,0,1,0,regular,y,d,
BSN192109090,lebob101,PHI,1,9,value,24,1,0,0,0,0,,,,,1,19210909,0,BOS08,v,BSN,0,1,0,regular,y,y,
BSN192109100,lebob101,PHI,1,9,value,24,2,0,0,0,0,,,,,1,19210910,0,BOS08,v,BSN,0,1,0,regular,y,y,
CHN192109130,lebob101,PHI,1,9,value,27,1,0,0,0,0,,,,,1,19210913,0,CHI11,v,CHN,1,0,0,regular,y,y,
CHN192109140,lebob101,PHI,1,9,value,24,0,1,0,0,0,,,,,1,19210914,0,CHI11,v,CHN,0,1,0,regular,y,y,
CHN192109150,lebob101,PHI,1,9,value,27,3,0,0,0,0,,,,,1,19210915,0,CHI11,v,CHN,1,0,0,regular,y,y,
SLN192109160,lebob101,PHI,1,9,value,26,3,0,0,0,0,,,,,1,19210916,0,STL07,v,SLN,0,1,0,regular,y,y,
SLN192109170,lebob101,PHI,1,9,value,24,2,0,0,0,0,,,,,1,19210917,0,STL07,v,SLN,0,1,0,regular,y,y,
SLN192109180,lebob101,PHI,1,9,value,13,0,0,0,0,0,,,,,1,19210918,0,STL07,v,SLN,0,1,0,regular,y,y,
SLN192109190,lebob101,PHI,1,9,value,24,0,0,0,0,0,,,,,1,19210919,0,STL07,v,SLN,0,1,0,regular,y,y,
CIN192109220,lebob101,PHI,1,9,value,29,3,0,0,0,0,,,,,1,19210922,0,CIN07,v,CIN,0,1,0,regular,y,y,
PIT192109240,lebob101,PHI,1,9,value,24,4,0,0,0,0,,,,,1,19210924,0,PIT06,v,PIT,0,1,0,regular,y,y,
PIT192109260,lebob101,PHI,1,9,value,27,1,0,1,0,0,,,,,1,19210926,0,PIT06,v,PIT,1,0,0,regular,y,y,
PIT192109270,lebob101,PHI,1,9,value,24,3,0,0,0,0,,,,,1,19210927,0,PIT06,v,PIT,0,1,0,regular,y,y,
PHI192204120,lebob101,PHI,1,7,value,27,4,0,0,0,0,,,,,1,19220412,0,PHI09,h,BSN,1,0,0,regular,y,y,
PHI192204130,lebob101,PHI,1,7,value,27,2,0,0,0,0,,,,,1,19220413,0,PHI09,h,BSN,1,0,0,regular,y,y,
PHI192204150,lebob101,PHI,1,7,value,27,1,2,0,0,0,,,,,1,19220415,0,PHI09,h,BSN,1,0,0,regular,y,y,
BSN192204210,lebob101,PHI,1,7,value,24,3,0,0,0,0,,,,,1,19220421,0,BOS08,v,BSN,0,1,0,regular,y,y,
PHI192204240,lebob101,PHI,1,7,value,27,0,0,1,0,0,,,,,1,19220424,0,PHI09,h,NY1,0,1,0,regular,y,y,
PHI192204250,lebob101,PHI,1,7,value,27,2,0,0,0,0,,,,,1,19220425,0,PHI09,h,NY1,0,1,0,regular,y,y,
PHI192204260,lebob101,PHI,1,7,value,27,0,0,0,0,0,,,,,1,19220426,0,PHI09,h,NY1,1,0,0,regular,y,y,
PHI192204270,lebob101,PHI,1,7,value,27,4,0,1,0,0,,,,,1,19220427,0,PHI09,h,NY1,0,1,0,regular,y,y,
NY1192205060,lebob101,PHI,1,7,value,40,5,0,0,0,0,,,,,1,19220506,0,NYC14,v,NY1,0,1,0,regular,y,y,
NY1192205070,lebob101,PHI,1,7,value,24,2,0,0,0,0,,,,,1,19220507,0,NYC14,v,NY1,0,1,0,regular,y,y,
CHN192205090,lebob101,PHI,1,7,value,21,1,0,0,0,0,,,,,1,19220509,0,CHI11,v,CHN,1,0,0,regular,y,y,
CHN192205100,lebob101,PHI,1,7,value,27,2,0,0,0,0,,,,,1,19220510,0,CHI11,v,CHN,1,0,0,regular,y,y,
CHN192205110,lebob101,PHI,1,7,value,30,3,0,0,0,0,,,,,1,19220511,0,CHI11,v,CHN,1,0,0,regular,y,y,
SLN192205130,lebob101,PHI,1,7,value,24,3,1,0,1,0,,,,,1,19220513,0,STL07,v,SLN,0,1,0,regular,y,y,
SLN192205140,lebob101,PHI,1,7,value,27,0,0,0,0,0,,,,,1,19220514,0,STL07,v,SLN,1,0,0,regular,y,y,
SLN192205150,lebob101,PHI,1,7,value,3,1,0,2,0,0,,,,,1,19220515,0,STL07,v,SLN,0,1,0,regular,y,y,
CIN192205170,lebob101,PHI,1,7,value,24,2,0,0,0,0,,,,,1,19220517,0,CIN07,v,CIN,0,1,0,regular,y,y,
CIN192205190,lebob101,PHI,1,7,value,24,2,0,0,0,0,,,,,1,19220519,0,CIN07,v,CIN,0,1,0,regular,y,y,
CIN192205200,lebob101,PHI,1,7,value,35,4,0,0,0,0,,,,,1,19220520,0,CIN07,v,CIN,0,1,0,regular,y,y,
PIT192205230,lebob101,PHI,1,7,value,24,2,0,0,0,0,,,,,1,19220523,0,PIT06,v,PIT,0,1,0,regular,y,y,
PIT192205240,lebob101,PHI,1,7,value,24,0,0,0,0,0,,,,,1,19220524,0,PIT06,v,PIT,0,1,0,regular,y,y,
PHI192205251,lebob101,PHI,1,7,value,27,4,0,0,0,0,,,,,1,19220525,1,PHI09,h,BRO,0,1,0,regular,y,y,
PHI192205252,lebob101,PHI,1,7,value,27,1,0,0,0,0,,,,,1,19220525,2,PHI09,h,BRO,0,1,0,regular,y,y,
PHI192205261,lebob101,PHI,1,7,value,27,3,0,0,0,0,,,,,1,19220526,1,PHI09,h,BRO,0,1,0,regular,y,y,
PHI192205262,lebob101,PHI,1,7,value,27,3,0,0,0,0,,,,,1,19220526,2,PHI09,h,BRO,0,1,0,regular,y,y,
PHI192205271,lebob101,PHI,1,7,value,27,0,0,1,0,0,,,,,1,19220527,1,PHI09,h,BRO,0,1,0,regular,y,y,
PHI192205272,lebob101,PHI,1,7,value,27,7,0,0,0,0,,,,,1,19220527,2,PHI09,h,BRO,1,0,0,regular,y,y,
NY1192205280,lebob101,PHI,1,7,value,24,2,0,0,0,0,,,,,1,19220528,0,NYC14,v,NY1,0,1,0,regular,y,y,
PHI192206190,lebob101,PHI,1,9,value,6,0,0,0,0,0,,,,,0,19220619,0,PHI09,h,CHN,1,0,0,regular,y,y,
PHI192206210,lebob101,PHI,1,9,value,18,0,0,0,0,0,,,,,1,19220621,0,PHI09,h,CHN,0,1,0,regular,y,y,
SLN192207110,lebob101,PHI,1,9,value,21,3,0,0,0,0,,,,,0,19220711,0,STL07,v,SLN,0,1,0,regular,y,y,
PIT192207200,lebob101,PHI,1,7,value,4,0,0,0,0,0,,,,,0,19220720,0,PIT06,v,PIT,0,1,0,regular,y,y,
PHI192207310,lebob101,PHI,1,7,value,21,1,0,0,0,0,,,,,0,19220731,0,PHI09,h,CHN,0,1,0,regular,y,y,
PHI192208020,lebob101,PHI,1,7,value,45,4,1,1,0,0,,,,,1,19220802,0,PHI09,h,CHN,0,0,1,regular,y,y,
PHI192208100,lebob101,PHI,1,7,value,27,2,0,1,0,0,,,,,1,19220810,0,PHI09,h,PIT,0,1,0,regular,y,y,
PHI192208110,lebob101,PHI,1,7,value,27,2,0,0,0,0,,,,,1,19220811,0,PHI09,h,BSN,1,0,0,regular,y,d,
CHN192208250,lebob101,PHI,1,8,value,12,0,0,0,0,0,,,,,0,19220825,0,CHI11,v,CHN,0,1,0,regular,y,y,
CHN192208270,lebob101,PHI,1,8,value,24,2,0,0,0,0,,,,,1,19220827,0,CHI11,v,CHN,0,1,0,regular,y,y,
BSN192208301,lebob101,PHI,1,8,value,24,0,0,0,0,0,,,,,1,19220830,1,BOS08,v,BSN,0,1,0,regular,y,y,
PHI192209131,lebob101,PHI,1,8,value,6,0,0,0,0,0,,,,,0,19220913,1,PHI09,h,SLN,0,1,0,regular,y,y,
PHI192209202,lebob101,PHI,1,9,value,9,1,0,0,0,0,,,,,0,19220920,2,PHI09,h,CHN,1,0,0,regular,y,y,
PHI192209222,lebob101,PHI,1,9,value,12,0,0,0,0,0,,,,,1,19220922,2,PHI09,h,CHN,1,0,0,regular,y,y,
WS1192909010,lebob101,PHA,1,9,value,12,2,0,0,0,0,,,,,0,19290901,0,WAS09,v,WS1,0,1,0,regular,y,y,
PHA192909190,lebob101,PHA,1,8,value,27,2,0,0,0,0,,,,,1,19290919,0,PHI11,h,DET,1,0,0,regular,y,y,
PHA192909200,lebob101,PHA,1,8,value,30,5,0,0,0,0,,,,,1,19290920,0,PHI11,h,DET,1,0,0,regular,y,y,
NSH193011020,lebob101,PIR,1,9,value,24,2,2,0,0,0,,,,,1,19301102,0,LOS05,v,NSH,0,1,0,exhibition,y,,
NSH193012072,lebob101,PIR,1,9,value,15,2,,0,0,0,,,,,1,19301207,2,LOS05,v,NSH,1,0,0,exhibition,y,,
