gid,id,team,d_seq,d_pos,stattype,d_ifouts,d_po,d_a,d_e,d_dp,d_tp,d_pb,d_wp,d_sb,d_cs,d_gs,date,number,site,vishome,opp,win,loss,tie,gametype,box,pbp,eject
MEM194104272,andeb106,NY6,1,1,value,21,,,0,,0,0,,,,1,19410427,2,LRK02,v,MEM,1,0,0,exhibition,,,
NY5194104270,andeb106,NY6,1,1,value,7,0,0,0,0,0,,,,,,19410427,0,PTR01,v,NY5,0,1,0,exhibition,y,,
NW2194105080,andeb106,NY6,1,1,value,24,,,0,0,0,,,,,1,19410508,0,NOR02,v,NW2,0,1,0,exhibition,y,,
NW2194105150,andeb106,NY6,1,1,value,10,,,0,0,0,,,,,1,19410515,0,NWK04,v,NW2,0,1,0,regular,y,,
HOM194105241,andeb106,NY6,1,1,value,24,0,0,0,0,0,,,,,1,19410524,1,PIT06,v,HOM,0,1,0,regular,y,,
BLG194106012,andeb106,NY6,1,1,value,16,,,0,0,0,,,,,1,19410601,2,BAL10,v,BLG,0,1,0,regular,y,,
PH5194106072,andeb106,NY6,1,1,value,18,0,,1,0,0,,,,,1,19410607,2,PHI17,v,PH5,0,1,0,regular,y,,
HOM194106120,andeb106,NY6,1,1,value,,,,0,,0,0,,,,1,19410612,0,IND10,v,HOM,1,0,0,regular,,,
NY6194106250,andeb106,NY6,1,1,value,11,0,2,0,0,0,,,,,,19410625,0,HRB01,h,NW2,0,1,0,regular,y,,
PH5194106260,andeb106,NY6,1,1,value,15,0,1,0,0,0,,,,,1,19410626,0,PHI17,v,PH5,1,0,0,regular,y,,
PH5194106300,andeb106,NY6,1,1,value,27,0,2,0,0,0,,,,,1,19410630,0,YOR03,v,PH5,1,0,0,regular,y,,
NW2194107062,andeb106,NY6,1,1,value,4,,,0,0,0,,,,,1,19410706,2,NWK04,v,NW2,0,1,0,regular,y,,
NY6194107090,andeb106,NY6,1,1,value,27,2,1,0,0,0,,,,,1,19410709,0,NOR02,h,HOM,0,1,0,exhibition,y,,
HOM194107132,andeb106,NY6,1,1,value,27,,,0,,0,0,,,,1,19410713,2,PIT06,v,HOM,1,0,0,regular,,,
HOM194107170,andeb106,NY6,1,1,value,,,,0,,0,0,,,,1,19410717,0,IND10,v,HOM,0,1,0,regular,,,
NY6194107201,andeb106,NY6,1,1,value,15,0,1,1,0,0,,,,,,19410720,1,NYC16,h,KCM,0,1,0,exhibition,y,,
BLG194107272,andeb106,NY6,1,1,value,21,,,0,0,0,,,,,1,19410727,2,BAL10,v,BLG,1,0,0,exhibition,y,,
NY6194108060,andeb106,NY6,1,1,value,,,,0,,0,0,,,,1,19410806,0,NPN01,h,HOM,0,1,0,regular,,,
NY6194108242,andeb106,NY6,1,1,value,27,0,0,0,0,0,,,,,1,19410824,2,NYC16,h,PH5,1,0,0,regular,y,,
NY6194109212,andeb106,NY6,1,1,value,27,2,3,1,1,0,,,,,1,19410921,2,NYC16,h,HOM,0,1,0,exhibition,y,,
NY6194205050,andeb106,NY6,1,1,value,21,,,0,,0,0,,,,1,19420505,0,NOR02,h,NW2,0,1,0,exhibition,,,
NY5194205160,andeb106,NY6,1,1,value,24,0,1,0,0,0,,,,,1,19420516,0,PAT01,v,NY5,1,0,0,regular,y,,
PH5194205232,andeb106,NY6,1,1,value,1,0,2,0,0,0,,,,,1,19420523,2,PHI17,v,PH5,0,1,0,regular,y,,
HOM194205260,andeb106,NY6,1,1,value,11,0,0,0,0,0,,,,,1,19420526,0,ERI01,v,HOM,0,1,0,exhibition,y,,
HOM194205302,andeb106,NY6,1,1,value,19,,,0,,0,0,,,,1,19420530,2,PIT06,v,HOM,0,1,0,regular,,,
BLG194206142,andeb106,NY6,1,1,value,8,,,0,,0,0,,,,,19420614,2,DET04,v,BLG,1,0,0,regular,,,
NW2194206180,andeb106,NY6,1,1,value,15,,,0,0,0,,,,,1,19420618,0,NWK04,v,NW2,0,1,0,regular,y,,
PH5194207020,andeb106,NY6,1,1,value,3,0,0,0,0,0,,,,,1,19420702,0,PHI17,v,PH5,0,1,0,regular,y,,
NY6194207130,andeb106,NY6,1,1,value,27,,,0,,0,0,,,,1,19420713,0,POR01,h,BLG,1,0,0,exhibition,,,
NY6194207170,andeb106,NY6,1,1,value,,,,0,,0,0,,,,,19420717,0,RIC04,h,BLG,1,0,0,exhibition,,,
NY6194207210,andeb106,NY6,1,1,value,24,,,0,,0,0,,,,1,19420721,0,NPN01,h,BLG,0,1,0,exhibition,,,
NY6194207262,andeb106,NY6,1,1,value,15,0,1,0,0,0,,,,,1,19420726,2,NYC16,h,BIR,1,0,0,exhibition,y,,
NY6194208022,andeb106,NY6,1,1,value,17,0,1,0,0,0,,,,,,19420802,2,NYC16,h,KCM,0,1,0,exhibition,y,,
NW2194208100,andeb106,NY6,1,1,value,30,,,0,,0,0,,,,1,19420810,0,NOR02,v,NW2,0,0,1,exhibition,,,
HOM194208161,andeb106,NY6,1,1,value,27,0,0,0,0,0,,,,,1,19420816,1,WAS09,v,HOM,1,0,0,exhibition,y,,
BLG194208231,andeb106,NY6,1,1,value,24,,,0,0,0,,,,,1,19420823,1,BAL14,v,BLG,0,1,0,exhibition,y,,
NW2194208302,andeb106,NY6,1,1,value,18,,,0,,0,0,,,,1,19420830,2,NOR02,v,NW2,1,0,0,regular,,,
CCB194209150,andeb106,NY6,1,1,value,27,,,0,,0,0,,,,1,19420915,0,DAY03,v,CCB,1,0,0,exhibition,,,
NY5194305162,andeb106,NY6,1,1,value,24,,,1,0,0,,,,,1,19430516,2,NYC16,v,NY5,0,0,1,regular,y,,
NY6194305232,andeb106,NY6,1,1,value,6,0,1,0,0,0,,,,,,19430523,2,NYC16,h,BLG,1,0,0,regular,y,,
PH5194305290,andeb106,NY6,1,1,value,27,0,0,0,0,0,,,,,1,19430529,0,PHI17,v,PH5,1,0,0,regular,y,,
BLG194306061,andeb106,NY6,1,1,value,27,0,3,0,0,0,0,0,0,,1,19430606,1,BAL14,v,BLG,1,0,0,regular,y,,
HOM194306121,andeb106,NY6,1,1,value,24,0,1,1,0,0,,,,,1,19430612,1,WAS09,v,HOM,0,1,0,regular,y,d,
HOM194306131,andeb106,NY6,1,1,value,9,0,1,0,0,0,,,,,,19430613,1,WAS09,v,HOM,1,0,0,regular,y,,
HOM194306202,andeb106,HOM,1,1,value,7,0,1,0,0,0,0,0,0,,1,19430620,2,WAS09,h,KCM,1,0,0,exhibition,y,,
PH5194307051,andeb106,NY6,1,1,value,27,0,2,1,0,0,,,,,1,19430705,1,PHI17,v,PH5,1,0,0,regular,y,,
NY6194308081,andeb106,NY6,1,1,value,21,0,3,1,0,0,,,,,1,19430808,1,NYC16,h,PH5,1,0,0,regular,y,,
HOM194308140,andeb106,NY6,1,1,value,16,1,0,0,0,0,,,,,1,19430814,0,WAS09,v,HOM,0,1,0,regular,y,,
HOM194308152,andeb106,NY6,1,1,value,17,0,1,0,0,0,,,,,,19430815,2,WAS09,v,HOM,0,1,0,regular,y,,
NW2194308292,andeb106,NY6,1,1,value,27,0,0,0,0,0,,,,,1,19430829,2,NWK04,v,NW2,1,0,0,regular,y,d,
NY6194309121,andeb106,NY6,1,1,value,27,0,1,0,0,0,,,,,1,19430912,1,NYC16,h,BLG,1,0,0,exhibition,y,,
NNS194309192,andeb106,NNS,1,1,value,12,0,1,0,0,0,,,,,1,19430919,2,PHI17,h,HOM,0,1,0,exhibition,y,,
NY6194405281,andeb106,NY6,1,1,value,5,0,0,0,0,0,,,,,0,19440528,1,NYC16,h,PH5,0,1,0,regular,y,d,
PH5194405302,andeb106,NY6,1,1,value,23,0,2,0,0,0,,,,,1,19440530,2,PHI17,v,PH5,0,1,0,regular,y,d,
HOM194406031,andeb106,NY6,1,1,value,9,0,1,0,0,0,0,0,0,,,19440603,1,PIT06,v,HOM,0,1,0,regular,y,,
HOM194406041,andeb106,NY6,1,1,value,3,0,0,0,0,0,,,,,0,19440604,1,WAS09,v,HOM,0,1,0,regular,y,d,
BLG194406182,andeb106,NY6,1,1,value,1,,,,,0,0,,,,1,19440618,2,BAL14,v,BLG,0,1,0,regular,,,
NY6194407021,andeb106,NY6,1,1,value,11,0,1,0,1,0,,,,,0,19440702,1,NYC15,h,PH5,0,1,0,regular,y,d,
NW2194407042,andeb106,NY6,1,1,value,6,0,1,0,0,0,,,,,0,19440704,2,NYC15,v,NW2,0,1,0,regular,y,d,
BLG194408201,andeb106,NY6,1,1,value,8,,,0,0,0,,,,,,19440820,1,BAL14,v,BLG,0,1,0,regular,y,,
NY6194409031,andeb106,NY6,1,1,value,5,0,0,0,0,0,,,,,0,19440903,1,NYC14,h,NW2,1,0,0,regular,y,d,
HOM194409042,andeb106,NY6,1,1,value,,,,,,0,0,,,,,19440904,2,DET04,v,HOM,1,0,0,regular,,,
BIR194409060,andeb106,NY6,1,1,value,24,,,,,0,0,,,,1,19440906,0,DAY03,v,BIR,0,1,0,exhibition,,,
BIR194409102,andeb106,NY6,1,1,value,15,,,0,,0,0,,,,1,19440910,2,BIR01,v,BIR,1,0,0,exhibition,,,
NY6194505130,andeb106,NY6,1,1,value,11,0,,0,0,0,,,,,,19450513,0,NYC16,h,PH5,0,1,0,regular,y,,
HOM194505202,andeb106,NY6,1,1,value,18,,,0,,0,0,,,,1,19450520,2,WAS09,v,HOM,0,1,0,regular,,,
NY6194505301,andeb106,NY6,1,1,value,,,,0,,0,0,,,,1,19450530,1,NYC14,h,HOM,0,1,0,regular,,,
NW2194506010,andeb106,NY6,1,1,value,,,,,,,,,,,1,19450601,0,NWK04,v,NW2,0,1,0,regular,y,,
NY6194506172,andeb106,NY6,1,1,value,15,,,1,,0,0,,,,1,19450617,2,DET04,h,BIR,0,1,0,exhibition,,,
BIR194506190,andeb106,NY6,1,1,value,24,,,0,,0,0,,,,1,19450619,0,COL05,v,BIR,0,1,0,exhibition,,,
NY6194506242,andeb106,NY6,1,1,value,3,,,0,,0,0,,,,,19450624,2,NYC14,h,BIR,0,1,0,exhibition,,,
HOM194507042,andeb106,NY6,1,1,value,21,,,,,0,0,,,,1,19450704,2,PIT06,v,HOM,1,0,0,regular,,,
CVB194507070,andeb106,NY6,1,1,value,27,,,0,,0,0,,,,1,19450707,0,IND10,v,CVB,1,0,0,exhibition,,,
NY6194507160,andeb106,NY6,1,1,value,6,0,0,0,0,0,,,,,,19450716,0,NYC23,h,NW2,1,0,0,regular,y,,
NY6194507230,andeb106,NY6,1,1,value,15,0,0,0,0,0,,,,,1,19450723,0,NYC23,h,HOM,0,1,0,regular,y,,
NY6194507292,andeb106,NY6,1,1,value,9,,,0,,0,0,,,,,19450729,2,NYC14,h,CVB,1,0,0,exhibition,,,
HOM194508052,andeb106,NY6,1,1,value,21,,,0,,0,0,,,,1,19450805,2,CLE07,v,HOM,1,0,0,regular,,,
CIA194508120,andeb106,NY6,1,1,value,27,,,,,0,0,,,,1,19450812,0,CIN07,v,CIA,1,0,0,exhibition,,,
HOM194508191,andeb106,NY6,1,1,value,7,,,0,0,0,,,,,1,19450819,1,WAS09,v,HOM,0,1,0,regular,y,,
NY6194508290,andeb106,NY6,1,1,value,15,0,1,0,0,0,,,,,,19450829,0,NYC14,h,HOM,0,1,0,regular,y,,
HOM194508300,andeb106,NY6,1,1,value,24,,,0,,0,0,,,,1,19450830,0,WAS09,v,HOM,0,1,0,regular,,,
BLG194509022,andeb106,NY6,1,1,value,18,,,2,0,0,,,,,1,19450902,2,BAL14,v,BLG,0,1,0,regular,y,,
NY6194509092,andeb106,NY6,1,1,value,2,0,0,0,0,0,,,,,,19450909,2,NYC14,h,BIR,0,1,0,exhibition,y,,
HOM194509110,andeb106,NY6,1,1,value,24,,,0,,0,0,,,,1,19450911,0,BUF06,v,HOM,0,1,0,regular,,,
NY6194509190,andeb106,NY6,1,1,value,24,0,3,0,0,0,,,,,1,19450919,0,NYC14,h,HOM,1,0,0,exhibition,y,,
NY6194509260,andeb106,NY6,1,1,value,24,0,3,0,0,0,,,,,1,19450926,0,NYC14,h,HOM,1,0,0,exhibition,y,y,
NY6194604080,andeb106,NY6,1,1,value,,,,0,,0,0,,,,1,19460408,0,HOU04,h,HOM,1,0,0,exhibition,,,
BIR194604150,andeb106,NY6,1,1,value,,,,0,,0,0,,,,1,19460415,0,BAT01,v,BIR,0,1,0,exhibition,,,
NY6194604211,andeb106,NY6,1,1,value,6,0,0,0,0,0,,,,,0,19460421,1,NYC14,h,PH5,1,0,0,exhibition,y,d,
NY5194605070,andeb106,NY6,1,1,value,12,0,0,0,0,0,,,,,1,19460507,0,NOR02,v,NY5,1,0,0,regular,y,d,
HOM194605160,andeb106,NY6,1,1,value,,,,0,,0,0,,,,1,19460516,0,WAS09,v,HOM,1,0,0,regular,,,
NY5194605192,andeb106,NY6,1,1,value,3,,,,,0,0,,,,,19460519,2,NYC16,v,NY5,0,1,0,regular,,,
BLG194605260,andeb106,NY6,1,1,value,21,0,1,0,0,0,,,,,1,19460526,0,BAL14,v,BLG,1,0,0,regular,y,,
NY6194606092,andeb106,NY6,1,1,value,24,0,0,0,0,0,,,,,1,19460609,2,NYC14,h,NW2,0,1,0,regular,y,d,
PH5194606131,andeb106,NY6,1,1,value,5,0,0,,0,0,0,0,0,,,19460613,1,PHI11,v,PH5,0,0,1,regular,y,,
NY5194606240,andeb106,NY6,1,1,value,27,0,2,0,0,0,,,,,1,19460624,0,NYC23,v,NY5,1,0,0,regular,y,d,
HOM194607011,andeb106,NY6,1,1,value,15,0,3,0,0,0,,,,,1,19460701,1,PHI11,v,HOM,0,1,0,regular,y,,
NW2194607120,andeb106,NY6,1,1,value,3,,,0,0,0,,,,,,19460712,0,NWK04,v,NW2,0,1,0,regular,y,,
NY6194607142,andeb106,NY6,1,1,value,15,,,0,,0,0,,,,,19460714,2,NYC14,h,KCM,0,1,0,exhibition,,,
NY6194607200,andeb106,NY6,1,1,value,16,0,2,0,0,0,,,,,0,19460720,0,WIL04,h,BIR,0,1,0,exhibition,y,d,
BLG194607260,andeb106,NY6,1,1,value,1,0,0,0,0,0,,,,,,19460726,0,BAL14,v,BLG,1,0,0,regular,y,,
NW2194608260,andeb106,NY6,1,1,value,18,0,0,0,0,0,,,,,1,19460826,0,WIL04,v,NW2,0,1,0,regular,y,,
NY5194608302,andeb106,NY6,1,1,value,3,,,0,,0,0,,,,,19460830,2,NYC16,v,NY5,1,0,0,regular,,,
NY6194609020,andeb106,NY6,1,1,value,27,,,0,,0,0,,,,1,19460902,0,NYC14,h,CCR,1,0,0,exhibition,,,
NW2194609060,andeb106,NY6,1,1,value,24,,,0,,0,0,,,,1,19460906,0,TRE01,v,NW2,0,1,0,regular,,,
SAS194610060,andeb106,NAS,1,1,value,24,,,0,,0,0,,,,1,19461006,0,NOL01,v,SAS,0,1,0,allstar,,,
NW2194705220,andeb106,NW2,1,1,value,17,,,0,0,0,,,,,1,19470522,0,NWK04,h,BLG,1,0,0,regular,y,,
