gid,id,team,b_lp,b_seq,stattype,b_pa,b_ab,b_r,b_h,b_d,b_t,b_hr,b_rbi,b_sh,b_sf,b_hbp,b_w,b_iw,b_k,b_sb,b_cs,b_gdp,b_xi,b_roe,dh,ph,pr,date,number,site,vishome,opp,win,loss,tie,gametype,box,pbp,eject
HIL192710160,shawt101,HIL,9,2,value,1,1,0,0,0,0,0,,0,,0,0,,,0,,,,,,,,19271016,0,LOS05,h,PIR,0,1,0,exhibition,y,,
DT1192807290,shawt101,DT1,9,1,value,0,0,0,0,0,0,0,,0,,0,0,0,,0,,,0,,,,,19280729,0,DET07,h,SSN,0,1,0,regular,y,,
HOM193008210,shawt101,DT1,9,1,value,4,3,1,0,0,0,0,,0,,0,1,,,0,,,,,,,,19300821,0,AKR01,v,HOM,0,1,0,championship,y,,
DT1193008280,shawt101,DT1,9,3,value,0,0,0,0,0,0,0,,0,,0,0,,,0,,,,,,,,19300828,0,DET06,h,HOM,0,1,0,championship,y,,
DT1193009200,shawt101,DT1,9,1,value,2,2,0,1,0,0,0,,0,,0,0,,,0,,,,,,,,19300920,0,DET06,h,SSN,1,0,0,lcs,y,,
