gid,id,team,p_seq,stattype,p_ipouts,p_noout,p_bfp,p_h,p_d,p_t,p_hr,p_r,p_er,p_w,p_iw,p_k,p_hbp,p_wp,p_bk,p_sh,p_sf,p_sb,p_cs,p_pb,wp,lp,save,p_gs,p_gf,p_cg,date,number,site,vishome,opp,win,loss,tie,gametype,box,pbp
CUE192705090,cockp101,HIL,1,value,21,,33,11,,0,2,9,,2,,2,0,0,0,4,,,,,,1,,1,,,19270509,0,RIC03,v,CUE,0,1,0,regular,y,
CUE192705090,kenwu101,HIL,2,value,3,,8,5,,0,1,3,,0,0,1,0,0,0,0,,,,,,,,,1,,19270509,0,RIC03,v,CUE,0,1,0,regular,y,
CUE192705090,fabri101,CUE,1,value,27,,42,13,2,1,0,7,,3,,4,0,0,0,2,,,,,1,,,1,,1,19270509,0,RIC03,h,HIL,1,0,0,regular,y,
BLS192707311,campb104,HIL,1,value,32,,39,6,0,0,2,2,,3,,5,0,0,0,1,,,,,,1,,1,,1,19270731,1,BAL13,v,BLS,0,1,0,regular,y,
BLS192707311,stroj103,BLS,1,value,33,,36,0,0,0,0,1,,1,,8,1,0,0,0,,,,,1,,,1,,1,19270731,1,BAL13,h,HIL,1,0,0,regular,y,
HIL192710160,moudd101,PIR,1,value,27,,36,5,,,1,2,,4,,5,1,0,0,0,,,,,1,,,1,,1,19271016,0,LOS05,v,HIL,1,0,0,exhibition,y,
HIL192710160,hollb106,HIL,1,value,27,,36,9,,,0,4,,1,,8,0,0,0,0,,,,,,1,,1,,1,19271016,0,LOS05,h,PIR,0,1,0,exhibition,y,
HIL192710230,ludow101,PIR,1,value,27,,34,8,,,0,1,,1,,6,0,0,0,0,,,,,1,,,1,,1,19271023,0,LOS05,v,HIL,1,0,0,exhibition,y,
HIL192710230,hollb106,HIL,1,value,27,,37,8,,,1,5,,1,,6,0,0,0,0,,,,,,1,,1,,1,19271023,0,LOS05,h,PIR,0,1,0,exhibition,y,
HIL192710290,pierb103,PIR,1,value,21,0,29,9,,,0,5,,0,,,1,0,0,1,,,,,,1,,1,,,19271029,0,LOS05,v,HIL,0,1,0,exhibition,y,
HIL192710290,rhodg101,PIR,2,value,3,0,3,0,,,0,0,,0,,,0,0,0,0,,,,,,,,,1,,19271029,0,LOS05,v,HIL,0,1,0,exhibition,y,
HIL192710290,hollb106,HIL,1,value,27,0,32,4,,,0,0,0,2,,7,0,0,0,0,,,,,1,,,1,,1,19271029,0,LOS05,h,PIR,1,0,0,exhibition,y,
HIL192710300,ludow101,PIR,1,value,18,,29,10,,,1,6,,1,,,0,0,0,2,,,,,,1,,1,,,19271030,0,LOS05,v,HIL,0,1,0,exhibition,y,
HIL192710300,wilkr101,PIR,2,value,6,,10,5,,,0,2,,0,,,0,0,0,0,,,,,,,,,1,,19271030,0,LOS05,v,HIL,0,1,0,exhibition,y,
HIL192710300,flouw101,HIL,1,value,27,,35,11,,,0,2,,0,,,1,0,0,1,,,,,1,,,1,,1,19271030,0,LOS05,h,PIR,1,0,0,exhibition,y,
