gid,team,inn1,inn2,inn3,inn4,inn5,inn6,inn7,inn8,inn9,inn10,inn11,inn12,inn13,inn14,inn15,inn16,inn17,inn18,inn19,inn20,inn21,inn22,inn23,inn24,inn25,inn26,inn27,inn28,lob,mgr,stattype,b_pa,b_ab,b_r,b_h,b_d,b_t,b_hr,b_rbi,b_sh,b_sf,b_hbp,b_w,b_iw,b_k,b_sb,b_cs,b_gdp,b_xi,b_roe,p_ipouts,p_noout,p_bfp,p_h,p_d,p_t,p_hr,p_r,p_er,p_w,p_iw,p_k,p_hbp,p_wp,p_bk,p_sh,p_sf,p_sb,p_cs,p_pb,d_po,d_a,d_e,d_dp,d_tp,d_pb,d_wp,d_sb,d_cs,start_l1,start_l2,start_l3,start_l4,start_l5,start_l6,start_l7,start_l8,start_l9,start_f1,start_f2,start_f3,start_f4,start_f5,start_f6,start_f7,start_f8,start_f9,start_f10,date,number,site,vishome,opp,win,loss,tie,gametype,box,pbp
CUE192705090,HIL,0,0,1,5,0,1,0,0,0,,,,,,,,,,,,,,,,,,,,8,warff101,value,42,37,7,13,2,1,0,,2,,0,3,,4,1,,,0,,24,,41,16,1,0,3,12,,2,,3,0,0,0,4,,1,,0,24,12,1,0,0,0,0,1,,brigo101,warff101,carrg101,washn101,wintn101,lewij103,stepj105,yancb101,cockp101,cockp101,lewij103,wintn101,warff101,yancb101,stepj105,carrg101,washn101,brigo101,,19270509,0,RIC03,v,CUE,0,1,0,regular,y,
CUE192705090,CUE,0,0,0,1,0,4,4,3,,,,,,,,,,,,,,,,,,,,,5,chacp101,value,41,35,12,16,1,0,3,,4,,0,2,,3,1,,,0,,27,,42,13,2,1,0,7,,3,,4,0,0,0,2,,1,,0,27,10,4,0,0,0,0,1,,alfoa101,barob101,dihim101,oms-a101,mesap101,cresr101,portb103,fernj101,fabri101,fabri101,fernj101,portb103,cresr101,alfoa101,dihim101,mesap101,oms-a101,barob101,,19270509,0,RIC03,h,HIL,1,0,0,regular,y,
BLS192707311,HIL,0,0,1,0,0,0,0,0,0,0,0,,,,,,,,,,,,,,,,,,2,warff101,value,36,34,1,0,0,0,0,,0,,1,1,,8,0,,,0,,32,,39,6,0,0,2,2,,3,,5,0,0,0,1,,0,,0,32,8,1,1,0,0,0,0,,stepj105,warff101,carrg101,mackb102,thomc103,johnj108,johnb110,brigo101,campb104,campb104,mackb102,carrg101,warff101,johnj108,stepj105,johnb110,thomc103,brigo101,,19270731,1,BAL13,v,BLS,0,1,0,regular,y,
BLS192707311,BLS,0,0,0,0,0,0,0,1,0,0,1,,,,,,,,,,,,,,,,,,5,taylb108,value,39,35,2,6,0,0,2,2,1,,0,3,,5,0,,,0,,33,,36,0,0,0,0,1,,1,,8,1,0,0,0,,0,,0,33,,2,1,0,0,0,0,,hollc103,jackd102,washp101,taylb108,egglm101,clarb107,brows104,forcb101,stroj103,stroj103,clarb107,taylb108,jackd102,egglm101,brows104,hollc103,washp101,forcb101,,19270731,1,BAL13,h,HIL,1,0,0,regular,y,
HIL192710160,PIR,2,0,0,0,0,1,0,0,1,,,,,,,,,,,,,,,,,,,,5,pirrj101,value,36,35,4,9,2,0,0,,0,,0,1,,8,2,,,,,27,,36,5,1,0,1,2,0,4,,5,1,0,0,0,,0,,0,27,13,0,3,0,0,0,0,,statj101,murrb101,meusb101,hermb102,huffi101,hanef101,sherm101,mcmuh101,moudd101,moudd101,mcmuh101,hermb102,murrb101,hanef101,sherm101,meusb101,statj101,huffi101,,19271016,0,LOS05,v,HIL,1,0,0,exhibition,y,
HIL192710160,HIL,0,0,0,0,0,0,1,1,0,,,,,,,,,,,,,,,,,,,,7,warff101,value,36,31,2,5,1,0,1,,0,,1,4,,5,0,,,,,27,,36,9,2,0,0,4,0,1,,8,0,0,0,0,,2,,0,27,7,0,1,0,0,0,2,,stepj105,warff101,dixor101,thomc103,burnt102,butcu101,carrg101,cadej101,hollb106,hollb106,burnt102,carrg101,warff101,dixor101,stepj105,butcu101,thomc103,cadej101,,19271016,0,LOS05,h,PIR,0,1,0,exhibition,y,
HIL192710230,PIR,0,2,0,0,1,2,0,0,0,,,,,,,,,,,,,,,,,,,,5,pirrj101,value,37,36,5,8,2,0,1,,0,,0,1,,6,2,,,,,27,,34,8,3,0,0,1,0,1,,6,0,0,0,0,,1,,0,27,16,0,1,0,0,0,1,,hanef101,lazzt101,meusb101,hermb102,huffi101,bodip101,sherm101,mcmuh101,ludow101,ludow101,mcmuh101,hermb102,lazzt101,hanef101,sherm101,meusb101,bodip101,huffi101,,19271023,0,LOS05,v,HIL,1,0,0,exhibition,y,
HIL192710230,HIL,0,0,0,0,0,0,0,0,1,,,,,,,,,,,,,,,,,,,,6,warff101,value,34,33,1,8,3,0,0,,0,,0,1,,6,1,,,,,27,,37,8,2,0,1,5,0,1,,6,0,0,0,0,,2,,0,27,7,1,0,0,0,0,2,,stepj105,warff101,thomc103,mackb102,dixor101,hubbj101,carrg101,burnt102,hollb106,hollb106,burnt102,carrg101,warff101,mackb102,stepj105,dixor101,thomc103,hubbj101,,19271023,0,LOS05,h,PIR,0,1,0,exhibition,y,
HIL192710290,PIR,0,0,0,0,0,0,0,0,0,,,,,,,,,,,,,,,,,,,,5,pirrj101,value,32,30,0,4,0,0,0,,0,,0,2,,7,1,,,,,24,0,32,9,1,1,0,5,0,0,,,1,0,0,1,,1,,0,24,4,1,1,0,0,0,1,,hanef101,murrb101,meusb101,hermb102,huffi101,bodip101,sherm101,mcmuh101,pierb103,pierb103,mcmuh101,hermb102,murrb101,hanef101,sherm101,meusb101,bodip101,huffi101,,19271029,0,LOS05,v,HIL,0,1,0,exhibition,y,
HIL192710290,HIL,0,1,0,0,2,0,2,0,,,,,,,,,,,,,,,,,,,,,3,warff101,value,32,30,5,9,1,1,0,,1,,1,0,,,1,,,,,27,0,32,4,0,0,0,0,0,2,,7,0,0,0,0,,1,,0,27,4,0,0,0,0,0,1,,stepj105,warff101,thomc103,beckj104,mackb102,hubbj101,dixor101,carrg101,hollb106,hollb106,mackb102,carrg101,warff101,beckj104,stepj105,dixor101,thomc103,hubbj101,,19271029,0,LOS05,h,PIR,1,0,0,exhibition,y,
HIL192710300,PIR,2,0,0,0,0,0,0,0,0,,,,,,,,,,,,,,,,,,,,6,pirrj101,value,35,33,2,11,3,0,0,,1,,1,0,,,0,,,,,24,,39,15,2,0,1,8,0,1,,,0,0,0,2,,4,,0,24,10,0,0,0,0,0,4,,murrb101,sawyc101,meusb101,hermb102,huffi101,bodip101,sherm101,mcmuh101,ludow101,ludow101,mcmuh101,hermb102,murrb101,sawyc101,sherm101,meusb101,bodip101,huffi101,,19271030,0,LOS05,v,HIL,0,1,0,exhibition,y,
HIL192710300,HIL,0,2,0,1,3,0,2,0,,,,,,,,,,,,,,,,,,,,,7,warff101,value,39,36,8,15,2,0,1,,2,,0,1,,,4,,,,,27,,35,11,3,0,0,2,0,0,,,1,0,0,1,,0,,0,27,18,0,1,0,0,0,0,,stepj105,warff101,thomc103,beckj104,mackb102,hubbj101,dixor101,carrg101,flouw101,flouw101,mackb102,carrg101,warff101,beckj104,stepj105,dixor101,thomc103,hubbj101,,19271030,0,LOS05,h,PIR,1,0,0,exhibition,y,
