gid,visteam,hometeam,site,date,number,starttime,daynight,innings,tiebreaker,usedh,htbf,timeofgame,attendance,fieldcond,precip,sky,temp,winddir,windspeed,oscorer,forfeit,suspend,umphome,ump1b,ump2b,ump3b,umplf,umprf,wp,lp,save,gametype,vruns,hruns,wteam,lteam,line,batteries,lineups,box,pbp,season
ASW193309100,ASE,ASW,CHI10,19330910,0,,day,,,false,,0,15000,unknown,unknown,unknown,0,unknown,-1,,,,,,,,,,fostw101,huntb106,,allstar,7,11,ASW,ASE,y,both,y,y,y,1933
ASW193408260,ASE,ASW,CHI10,19340826,0,,day,,,false,,0,25000,unknown,unknown,unknown,0,unknown,-1,,,,,,,,,,paigs101,fostw101,,allstar,1,0,ASE,ASW,y,both,y,y,y,1934
ASW193508110,ASE,ASW,CHI10,19350811,0,,day,,,false,,0,25000,unknown,unknown,unknown,0,unknown,-1,,,,craij901,turnc101,harrm103,gansj101,,,cornw101,dihim101,,allstar,8,11,ASW,ASE,y,both,y,y,y,1935
ASW193608230,ASE,ASW,CHI10,19360823,0,,day,,,false,,148,26400,unknown,unknown,unknown,0,unknown,-1,,,,younr901,donab901,harrm103,craij901,,,matll101,cornw101,,allstar,10,2,ASE,ASW,y,both,y,y,d,1936
ASW193708080,ASE,ASW,CHI10,19370808,0,,day,,,false,,0,20000,unknown,unknown,unknown,0,unknown,-1,,,,donab901,turnc101,bluev901,harrm103,,,morrb104,trent101,,allstar,7,2,ASE,ASW,y,both,y,y,y,1937
ASW193808210,ASE,ASW,CHI10,19380821,0,,day,,,false,,0,30000,unknown,unknown,unknown,0,unknown,-1,,,,,,,,,,smith111,walke103,,allstar,4,5,ASW,ASE,y,both,y,y,y,1938
ASW193908060,ASE,ASW,CHI10,19390806,0,,day,,,false,,0,40000,unknown,unknown,unknown,0,unknown,-1,,,,,,,,,,radct101,partr102,,allstar,2,4,ASW,ASE,y,both,y,y,y,1939
ASE193908270,ASW,ASE,NYC16,19390827,0,,day,,,false,,0,17000,unknown,unknown,unknown,0,unknown,-1,,,,bluev901,younr901,mccrf901,turnc101,,,byrdb101,owens101,,allstar,2,10,ASE,ASW,y,both,y,y,y,1939
ASW194008180,ASE,ASW,CHI10,19400818,0,,day,,,false,,0,23896,unknown,unknown,unknown,0,unknown,-1,,,,bluev901,rogab101,mccrf901,harrm103,,,mcheh101,breme101,browr103,allstar,11,0,ASE,ASW,y,both,y,y,y,1940
ASW194107270,ASE,ASW,CHI10,19410727,0,,day,,,false,,130,47865,unknown,unknown,unknown,0,unknown,-1,,,,mccrf901,turnc101,shutu901,wallg901,,,mcdut101,smith111,byrdb101,allstar,8,3,ASE,ASW,y,both,y,y,y,1941
ASW194208160,ASE,ASW,CHI10,19420816,0,,day,,,false,,178,45179,unknown,unknown,unknown,0,unknown,-1,,,,bluev901,wallg901,craij901,mccrf901,,,day-l101,paigs101,,allstar,5,2,ASE,ASW,y,both,y,y,y,1942
ASW194208180,ASE,ASW,CLE07,19420818,0,,night,,,false,,168,10791,unknown,unknown,unknown,0,unknown,-1,,,,craij901,walkh901,mccrf901,banau901,,,smitg105,breme101,day-l101,allstar,9,2,ASE,ASW,y,both,y,y,y,1942
ASW194308010,ASE,ASW,CHI10,19430801,0,,day,,,false,,136,51723,unknown,unknown,unknown,0,unknown,-1,,,,bluev901,mccrf901,walkh901,forbf901,,,paigs101,barnd101,mossp101,allstar,1,2,ASW,ASE,y,both,y,y,y,1943
ASW194408130,ASE,ASW,CHI10,19440813,0,,day,,,false,,155,46247,unknown,unknown,sunny,94,unknown,-1,,,,bluev901,mccrf901,moorw901,cockp101,,,jessg101,howac102,breme101,allstar,4,7,ASW,ASE,y,both,y,y,d,1944
ASW194507290,ASE,ASW,CHI10,19450729,0,,day,,,false,,155,31714,unknown,unknown,sunny,0,unknown,-1,,,,bluev901,mccrf901,wardh901,harrm103,,,mathv101,glovt101,breme101,allstar,6,9,ASW,ASE,y,both,y,y,d,1945
ASE194608150,ASW,ASE,WAS09,19460815,0,,day,,,false,,130,16268,unknown,unknown,night,0,unknown,-1,,,,mccrf901,cockp101,kentu901,orenu901,,,byrdb101,clarw103,day-l101,allstar,3,6,ASE,ASW,y,both,y,y,d,1946
ASW194608180,ASE,ASW,CHI10,19460818,0,,day,,,false,,144,45474,unknown,unknown,sunny,0,unknown,-1,,,,bluev901,mccrf901,rogab101,cockp101,,,bankd101,byrdb101,willj112,allstar,1,4,ASW,ASE,y,both,y,y,y,1946
ASW194707270,ASE,ASW,CHI10,19470727,0,,day,,,false,,157,48112,unknown,unknown,unknown,0,unknown,-1,,,,bluev901,mccrf901,vanbm901,penae901,,,bankd101,mannm101,brewc102,allstar,2,5,ASW,ASE,y,both,y,y,d,1947
ASE194707290,ASW,ASE,NYC14,19470729,0,,night,,,false,,165,38402,unknown,unknown,unknown,0,unknown,-1,,,,mccrf901,penae901,charo101,bouru901,,,smitf107,lewir101,clarw103,allstar,8,2,ASW,ASE,y,both,y,y,d,1947
ASW194808220,ASE,ASW,CHI10,19480822,0,,day,,,false,,139,42099,unknown,unknown,unknown,0,unknown,-1,,,,bluev901,mccrf901,westw901,suttm101,,,poweb103,lewir101,,allstar,0,3,ASW,ASE,y,both,y,y,y,1948
ASE194808240,ASW,ASE,NYC16,19480824,0,,night,,,false,,134,17928,unknown,unknown,unknown,0,unknown,-1,,,,mccrf901,bluev901,,suttm101,,,mannm101,clarw103,blacj103,allstar,1,6,ASE,ASW,y,both,y,y,y,1948
ASW194908140,ASE,ASW,CHI10,19490814,0,,day,,,false,,127,26697,unknown,unknown,unknown,0,unknown,-1,,,,motlb901,duncf102,(none),vaugs901,,,grifb102,richg102,scanp101,allstar,4,0,ASE,ASW,y,both,y,y,d,1949
ASW195008200,ASE,ASW,CHI10,19500820,0,,day,,,false,,144,24614,unknown,unknown,unknown,0,unknown,-1,,,,bluev901,croou901,greeu902,lewis901,jefft901,liviu901,johnc103,galar101,poweb103,allstar,3,5,ASW,ASE,y,both,y,y,d,1950
ASW195108120,ASE,ASW,CHI10,19510812,0,,day,,,false,,0,21312,unknown,unknown,unknown,0,unknown,-1,,,,lewis901,jefft901,garrr901,gardu101,willw901,summa901,seark102,clarw103,harrw101,allstar,3,1,ASE,ASW,y,both,y,y,d,1951
ASW195208170,ASE,ASW,CHI10,19520817,0,,day,,,false,,135,18279,unknown,unknown,unknown,0,unknown,-1,,,,lewis901,jefft901,garrr901,gardu101,willw901,summa901,philr102,thomf110,beveb102,allstar,3,7,ASW,ASE,y,both,y,y,d,1952
ASW195308160,ASE,ASW,CHI10,19530816,0,,day,,,false,,125,10000,unknown,unknown,unknown,0,unknown,-1,,,,motlb901,jefft901,lewis901,acklt901,,,woods103,gainw101,jackj107,allstar,1,5,ASW,ASE,y,both,y,y,d,1953
ASW195408220,ASE,ASW,CHI10,19540822,0,,day,,,false,,145,10000,unknown,unknown,unknown,0,unknown,-1,,,,lewis901,jefft901,garrr901,younr901,,,masoh101,carpa101,davic107,allstar,4,8,ASW,ASE,y,both,y,y,d,1954
ASW195507310,ASE,ASW,CHI10,19550731,0,,day,,,false,,147,11257,unknown,unknown,unknown,0,unknown,-1,,,,lewis901,motlb901,jefft901,younr901,,,harri101,cartm102,maroe101,allstar,0,2,ASW,ASE,y,both,y,y,d,1955
ASW195608120,ASE,ASW,CHI10,19560812,0,,day,,,,,179,8567,,,,,,,,,,lewis901,younr901,motlb901,jefft901,,,harrw104,robia103,sierp101,allstar,11,5,ASE,ASW,y,both,y,y,,1956
ASW195707280,ASE,ASW,CHI10,19570728,0,,day,,,false,,157,10500,unknown,unknown,unknown,0,unknown,-1,,,,younr901,lewis901,lewie901,summa901,,,wille107,ellij106,,allstar,5,8,ASW,ASE,y,both,y,y,d,1957
ASW195808240,ASE,ASW,CHI10,19580824,0,,day,,,false,,155,9527,unknown,unknown,unknown,0,unknown,-1,,,,lewis901,jefft901,younr901,angru901,,,smitw102,griga103,winsj102,allstar,4,3,ASE,ASW,y,both,y,y,d,1958
ASW195808310,ASE,ASW,NYC16,19580831,0,,day,,,,,,,,,,,,,,,,,,,,,,harrw104,cainm101,,allstar,6,5,ASE,ASW,y,both,,,,1958
ASW195908090,ASE,ASW,CHI10,19590809,0,,day,,,,,,8923,,,,,,,,,,,,,,,,mumpp101,gilmj103,,allstar,7,8,ASW,ASE,y,both,,,,1959
ASW196008210,ASE,ASW,CHI10,19600821,0,,day,,,,,,5000,,,,,,,,,,,,,,,,granc102,paymh101,gilmj103,allstar,4,8,ASW,ASE,y,both,,,,1960
ASE196108200,ASW,ASE,NYC16,19610820,0,,day,,,false,,0,7245,unknown,unknown,unknown,0,unknown,-1,,,,cassf901,vanne901,petrt901,browu901,,,paigs101,gillp105,hempd102,allstar,7,1,ASW,ASE,y,both,y,y,y,1961
ASW196208260,ASE,ASW,KAN05,19620826,0,,day,,,,,,,,,,,,,,,,,,,,,,cotts101,hollr101,,allstar,2,5,ASW,ASE,y,both,,,,1962
