gid,id,team,b_lp,b_seq,stattype,b_pa,b_ab,b_r,b_h,b_d,b_t,b_hr,b_rbi,b_sh,b_sf,b_hbp,b_w,b_iw,b_k,b_sb,b_cs,b_gdp,b_xi,b_roe,dh,ph,pr,date,number,site,vishome,opp,win,loss,tie,gametype,box,pbp,eject
BLS192810070,mooee101,ASB,7,1,value,5,2,0,0,0,0,0,,1,,1,1,,,0,,,,,,,,19281007,0,BAL13,v,BLS,1,0,0,exhibition,y,,
BLS192810140,mooee101,ASB,6,1,value,4,3,1,2,0,0,0,,0,,0,1,,0,0,,,,,,,,19281014,0,BAL13,v,BLS,0,1,0,exhibition,y,,
BLS192810211,mooee101,ASB,7,1,value,3,2,0,0,0,0,0,,0,,1,0,,,0,,,,,,,,19281021,1,BAL13,v,BLS,0,1,0,exhibition,y,,
BLS192810280,mooee101,ASB,7,1,value,4,4,1,1,0,1,0,,0,,0,0,,,0,,,,,,,,19281028,0,BAL13,v,BLS,1,0,0,exhibition,y,,
BLS192909291,mooee101,ASB,7,1,value,4,4,0,0,0,0,0,,0,,0,0,,,0,,,,,,,,19290929,1,BAL13,v,BLS,1,0,0,exhibition,y,,
BLS192910061,mooee101,ASB,7,1,value,4,4,0,0,0,0,0,,0,,0,0,,,0,,,,,,,,19291006,1,BAL13,v,BLS,0,1,0,exhibition,y,,
BLS192910131,mooee101,ASB,7,1,value,4,4,0,1,0,0,0,,0,,0,0,,,1,,,,,,,,19291013,1,BAL13,v,BLS,0,1,0,exhibition,y,,
BLS192910132,mooee101,ASB,7,1,value,2,2,0,0,0,0,0,,0,,0,0,,,0,,,,,,,,19291013,2,BAL13,v,BLS,0,1,0,exhibition,y,,
BLS192910201,mooee101,ASB,7,1,value,4,4,0,0,0,0,0,,0,,0,0,,,0,,,,,,,,19291020,1,BAL13,v,BLS,0,1,0,exhibition,y,,
BLS192910202,mooee101,ASB,6,1,value,2,2,0,0,0,0,0,,0,,0,0,,,0,,,,,,,,19291020,2,BAL13,v,BLS,0,1,0,exhibition,y,,
BLS192910270,mooee101,ASB,8,1,value,4,4,0,1,0,0,0,,0,,0,0,,,0,,,,,,,,19291027,0,BAL13,v,BLS,0,1,0,exhibition,y,,
