gid,id,team,p_seq,stattype,p_ipouts,p_noout,p_bfp,p_h,p_d,p_t,p_hr,p_r,p_er,p_w,p_iw,p_k,p_hbp,p_wp,p_bk,p_sh,p_sf,p_sb,p_cs,p_pb,wp,lp,save,p_gs,p_gf,p_cg,date,number,site,vishome,opp,win,loss,tie,gametype,box,pbp
BIR194807260,poweb103,BIR,1,value,27,,,11,,,,9,,,,,,,,,,,,,,1,,1,,1,19480726,0,TUS01,h,NW2,0,1,0,exhibition,,
BIR194808110,brewc102,CVB,1,value,24,,,,,,1,2,2,,,1,,,,,,,,,,,,1,,1,19480811,0,TUS01,v,BIR,0,1,0,regular,,
BIR194808110,clarw103,CVB,2,value,,,,,,,,,,,,,,,,,,,,,,,,,1,,19480811,0,TUS01,v,BIR,0,1,0,regular,,
BIR194808110,greab101,BIR,1,value,27,,,,,,1,2,1,,,12,,,,,,,,,1,,,1,,1,19480811,0,TUS01,h,CVB,1,0,0,regular,,
BIR194903270,longe102,LCB,1,value,,,,,,,,,,,,,,,,,,,,,,,,1,,,19490327,0,TUS01,v,BIR,1,0,0,exhibition,,
BIR194903270,browt105,LCB,2,value,,,,,,,,,,,,,,,,,,,,,,,,,1,,19490327,0,TUS01,v,BIR,1,0,0,exhibition,,
BIR194903270,harrt102,LCB,2,value,,,,,,,,,,,,,,,,,,,,,,,,,,,19490327,0,TUS01,v,BIR,1,0,0,exhibition,,
BIR194903270,scruw101,BIR,1,value,,,,,,,,,,,,,,,,,,,,,,,,1,,,19490327,0,TUS01,h,LCB,0,1,0,exhibition,,
BIR194903270,seark102,BIR,3,value,,,,,,,,,,,,,,,,,,,,,,,,,,,19490327,0,TUS01,h,LCB,0,1,0,exhibition,,
BIR194903270,wattd101,BIR,4,value,,,,,,,,,,,,,,,,,,,,,,,,,1,,19490327,0,TUS01,h,LCB,0,1,0,exhibition,,
