gid,visteam,hometeam,site,date,number,starttime,daynight,innings,tiebreaker,usedh,htbf,timeofgame,attendance,fieldcond,precip,sky,temp,winddir,windspeed,oscorer,forfeit,suspend,umphome,ump1b,ump2b,ump3b,umplf,umprf,wp,lp,save,gametype,vruns,hruns,wteam,lteam,line,batteries,lineups,box,pbp,season
CAG193505080,NY6,CAG,TOL05,19350508,0,,,9,,FALSE,,,,,,,,,,,,,,,,,,,stann101,trent101,,regular,9,4,NY6,CAG,y,both,,,,1935
PTC193608050,NY5,PTC,TOL05,19360805,0,,night,,,FALSE,,,,,,,,,,,,,,,,,,,browb107,,,regular,3,1,NY5,PTC,,,,,,1936
PTC193608060,NY5,PTC,TOL05,19360806,0,,night,,,FALSE,,,2500,,,,,,,,,,,,,,,,,,,regular,10,5,NY5,PTC,,,,,,1936
HOM193608190,PH5,HOM,TOL05,19360819,0,,night,,,,,,,,,,,,,,,,,,,,,,jones107,welmr101,,regular,7,1,PH5,HOM,,both,,,,1936
HOM193608250,KCM,HOM,TOL05,19360825,0,,night,,,,,,,,,,,,,,,,,,,,,,dulal101,coopa101,,exhibition,4,6,HOM,KCM,,,,,,1936
PTC193609131,NW2,PTC,TOL05,19360913,1,0:00PM,day,,,false,,-1,0,unknown,unknown,unknown,0,unknown,-1,,,,turnu901,harrm103,,,,,stres101,bellw101,smitt105,championship,5,6,PTC,NW2,y,both,y,y,,1936
PTC193609132,NW2,PTC,TOL05,19360913,2,0:00PM,day,,,false,,-1,0,unknown,unknown,unknown,0,unknown,-1,,,,harrm103,turnu901,,,,,fostw101,day-l101,,championship,1,2,PTC,NW2,y,both,y,y,,1936
PTC193609141,NW2,PTC,TOL05,19360914,1,,night,,,,,,,,,,,,,,,,turnu901,harrm103,,,,,stres101,bellw101,,lcs,5,6,PTC,NW2,y,both,y,y,,1936
PTC193609142,NW2,PTC,TOL05,19360914,2,,night,7,,,,,,,,,,,,,,,harrm103,turnu901,,,,,fostw101,day-l101,,lcs,1,2,PTC,NW2,y,both,y,y,,1936
HOM193609170,BRG,HOM,TOL05,19360917,0,,night,,,,,,,,,,,,,,,,,,,,,,browr103,britg103,,exhibition,1,9,HOM,BRG,,p,,,,1936
PTC193706061,HOM,PTC,TOL05,19370606,1,,day,,,,,,,,,,,,,,,,,,,,,,,morrb104,,regular,12,5,HOM,PTC,,,,,,1937
PTC193706062,HOM,PTC,TOL05,19370606,2,,day,7,,,,,,,,,,,,,,,cockp101,daviu901,,,,,davir103,walke103,,regular,7,8,PTC,HOM,y,both,y,y,,1937
CI1193706080,KCM,CI1,TOL05,19370608,0,,night,,,,,,,,rain,,,,,,,,,,,,,,,davil102,,regular,9,6,KCM,CI1,,,,,,1937
HOM193706170,NW2,HOM,TOL05,19370617,0,,night,,,false,,0,0,unknown,unknown,unknown,0,unknown,-1,,,,,,,,,,parkt101,wrigj105,,regular,0,3,HOM,NW2,y,both,y,y,d,1937
HOM193708020,WEG,HOM,TOL05,19370802,0,,,,,FALSE,,,,,,,,,,,,,,,,,,,,byrdb101,,regular,9,11,HOM,WEG,,,,,,1937
HOM193708030,WEG,HOM,TOL05,19370803,0,9:00pm,night,,,FALSE,,,,,,,,,,,,,,,,,,,,,,regular,8,10,,,,,,,,1937
WEG193708050,NY5,WEG,TOL05,19370805,0,,,,,FALSE,,,,,,,,,,,,,,,,,,,porta103,,,regular,0,2,WEG,NY5,,,,,,1937
SDO193709061,CUS,SDO,TOL05,19370906,1,,day,,,,,,,,,,,,,,,,,,,,,,matll101,taylj108,,exhibition,2,5,SDO,CUS,,p,,,,1937
SDO193709062,CUS,SDO,TOL05,19370906,2,,day,7,,,,,,,,,,,,,,,,,,,,,paigs101,,,exhibition,1,7,SDO,CUS,,,,,,1937
NNL193709230,NAL,NNL,TOL05,19370923,0,,night,,,,,,,,,,,,,,,,,,,,,,,,,allstar,7,8,NNL,NAL,,,,,,1937
HOM193806170,BLG,HOM,TOL05,19380617,0,,night,9,,FALSE,,,3500,,,,,,,,,,,,,,,,parkt101,gainj102,,regular,6,14,HOM,BLG,,,,,,1938
HOM193807200,NY5,HOM,TOL05,19380720,0,,night,9,,FALSE,,,,,,,,,,,,,,,,,,,walke103,browb107,,regular,3,4,HOM,NY5,y,both,,,,1938
HOM193808090,NW2,HOM,TOL05,19380809,0,,night,9,,FALSE,,,,,,,,,,,,,,,,,,,parkt101,wrigj105,,regular,7,9,HOM,NW2,y,,,,,1938
TLC193905130,NY5,TLC,TOL05,19390513,0,,day,,,false,,0,0,unknown,unknown,unknown,0,unknown,-1,,,,goodg901,harrm103,,,,,stann101,harvb101,mcdut101,regular,3,2,NY5,TLC,y,both,y,y,d,1939
TLC193905141,NY5,TLC,TOL05,19390514,1,,day,,,false,,106,0,unknown,unknown,unknown,0,unknown,-1,,,,harrm103,goodg901,,,,,hollb106,johnj115,,regular,6,3,NY5,TLC,y,both,y,y,d,1939
TLC193905142,NY5,TLC,TOL05,19390514,2,,day,7,,false,,0,0,unknown,unknown,unknown,0,unknown,-1,,,,harrm103,goodg901,,,,,,,,regular,7,7,,,y,both,y,y,d,1939
TLC193906181,NY6,TLC,TOL05,19390618,1,,day,,,false,,0,0,unknown,unknown,unknown,0,unknown,-1,,,,,,,,,,johnj115,ruizs101,,regular,1,2,TLC,NY6,y,both,y,y,d,1939
TLC193906182,NY6,TLC,TOL05,19390618,2,,,,,,,,,,,,,,,,,,,,,,,,carts102,tianl102,,regular,1,3,TLC,NY6,y,both,,,,1939
TLC193907021,HOM,TLC,TOL05,19390702,1,,,,,,,,,,,,,,,,,,,,,,,,robes104,carts102,,regular,4,1,HOM,TLC,,p,,,,1939
TLC193907022,HOM,TLC,TOL05,19390702,2,,,,,,,,,,,,,,,,,,,,,,,,walke103,johnj115,,regular,7,4,HOM,TLC,,p,,,,1939
TLC193907231,SSA,TLC,TOL05,19390723,1,,day,,,,,,3000,,,,,,,,,,,,,,,,harvb101,mcalf101,,regular,2,11,TLC,SSA,,p,,,,1939
TLC193907232,SSA,TLC,TOL05,19390723,2,,,,,,,,3000,,,,,,,,,,,,,,,,,,,regular,4,4,,,,,,,,1939
TLC193907310,KCM,TLC,TOL05,19390731,0,,night,,,,,,,,,,,,,,,,,,,,,,harvb101,bradf104,,regular,1,3,TLC,KCM,y,both,,,,1939
IN8194006190,KCM,IN8,TOL05,19400619,0,,,,,,,,,,,,,,,,,,,,,,,,wrigj105,,,regular,2,5,IN8,KCM,,,,,,1940
IN8194006240,CAG,IN8,TOL05,19400624,0,,night,,,,,,,,,,,,,,,,,,,,,,,,,regular,12,4,CAG,IN8,,,,,,1940
MEM194108290,KCM,MEM,TOL05,19410829,0,,night,,,,,,,,,,,,,,,,,,,,,,,,,regular,6,2,KCM,MEM,,,,,,1941
HOM194109240,BLG,HOM,TOL05,19410924,0,,night,,,,,,,,,,,,,,,,,,,,,,grifb102,mcdut101,,exhibition,3,1,BLG,HOM,,p,,,,1941
BIR194206160,MEM,BIR,TOL05,19420616,0,,night,,,,,,,,,,,,,,,,,,,,,,hutcw101,radct101,,regular,5,2,MEM,BIR,,both,,,,1942
MEM194208040,BIR,MEM,TOL05,19420804,0,,,,,,,,,,,,,,,,,,,,,,,,gipsa101,hutcw101,,regular,3,2,BIR,MEM,y,both,,,,1942
KCM194208270,CI2,KCM,TOL05,19420827,0,,,,,,,,,,,,,,,,,,,,,,,,lamaj102,mckig101,,exhibition,0,1,KCM,CI2,y,both,,,,1942
HOM194306090,NY6,HOM,TOL05,19430609,0,,night,,,,,,3000,,,,,,,,,,,,,,,,wrigj105,cruem101,,regular,5,7,HOM,NY6,y,both,,,,1943
CVB194306230,CAG,CVB,TOL05,19430623,0,,night,,,,,,2500,,,,,,,,,,,,,,,,suttl101,davis106,,regular,11,4,CAG,CVB,,both,,,,1943
CVB194307300,MEM,CVB,TOL05,19430730,0,,night,,,,,,,,,,,,,,,,,,,,,,mathv101,smitt105,,regular,5,4,MEM,CVB,,p,,,,1943
CI2194309090,BIR,CI2,TOL05,19430909,0,,night,9,,FALSE,,,,,,,,,,,,,,,,,,,markj101,henrp101,,exhibition,5,2,BIR,CI2,,p,,,,1943
CAG194309130,BIR,CAG,TOL05,19430913,0,,,9,,FALSE,,,,,,,,,,,,,,,,,,,jessg101,mckig101,,lcs,2,3,CAG,BIR,,p,,,,1943
CIA194407250,BIR,CIA,TOL05,19440725,0,,night,,,,,,,,,,,,,,,,,,,,,,hubej101,burnw102,,regular,18,2,BIR,CIA,,p,,,,1944
KCM194408010,MEM,KCM,TOL05,19440801,0,,night,,,,,,3300,,,,,,,,,,,,,,,,,,,regular,5,4,MEM,KCM,,,,,,1944
CVB194505310,MEM,CVB,TOL05,19450531,0,,,,,,,,,,,,,,,,,,,,,,,,jeffw101,jonea103,,regular,1,10,CVB,MEM,,p,,,,1945
NY6194506160,BIR,NY6,TOL05,19450616,0,,night,,,,,,,,,,,,,,,,,,,,,,,,,exhibition,2,3,NY6,BIR,,,,,,1945
CIA194506190,MEM,CIA,TOL05,19450619,0,,night,,,,,,,,,,,,,,,,,,,,,,garca101,jonea103,,regular,1,2,CIA,MEM,,p,,,,1945
CVB194506220,CAG,CVB,TOL05,19450622,0,,night,,,,,,,,,,,,,,,,,,,,,,,,,regular,9,11,CVB,CAG,,,,,,1945
MEM194507052,NY6,MEM,TOL05,19450705,2,,night,,,,,,,,,,,,,,,,,,,,,,,,,exhibition,3,1,NY6,MEM,,,,,,1945
KCM194507250,NY5,KCM,TOL05,19450725,0,,night,,,,,,2100,,,,,,,,,,,,,,,,,,,exhibition,5,9,KCM,NY5,,,,,,1945
CVB194605060,BIR,CVB,TOL05,19460506,0,,night,,,,,,,,,,,,,,,,,,,,,,woods103,polln102,,regular,4,5,CVB,BIR,,both,,,,1946
CVB194605230,CAG,CVB,TOL05,19460523,0,,night,,,,,,2210,,,,,,,,,,,,,,,,brewc102,,,regular,4,7,CVB,CAG,,,,,,1946
CVB194606110,KCM,CVB,TOL05,19460611,0,,night,,,,,,2388,,,,,,,,,,,,,,,,,,,regular,7,7,,,y,both,,,,1946
CAG194706250,BIR,CAG,TOL05,19470625,0,,night,9,,FALSE,,,,,,,,,,,,,,,,,,,jessg101,,,regular,3,11,CAG,BIR,,,,,,1947
CVB194709090,BLG,CVB,TOL05,19470909,0,,,,,,,,,,,,,,,,,,,,,,,,,,,exhibition,7,8,CVB,BLG,,,,,,1947
CVB194805130,BIR,CVB,TOL05,19480513,0,,night,,,,,,,,,,,,,,,,,,,,,,,,,regular,9,6,BIR,CVB,,,,,,1948
IN9194806080,CAG,IN9,TOL05,19480608,0,,,,,,,,,,,,,,,,,,,,,,,,porta103,rhodh101,,regular,8,11,IN9,CAG,y,both,,,,1948
CVB194806110,MEM,CVB,TOL05,19480611,0,,night,,,,,,,,,,,,,,,,,,,,,,,,,regular,3,7,CVB,MEM,,,,,,1948
NY5194806131,HOM,NY5,TOL05,19480613,1,,day,,,,,,,,,,,,,,,,,,,,,,fielw101,,,regular,16,0,HOM,NY5,,,,,,1948
CVB194806160,KCM,CVB,TOL05,19480616,0,,,,,,,,,,,,,,,,,,,,,,,,,,,regular,2,3,CVB,KCM,,,,,,1948
CVB194808220,CAG,CVB,TOL05,19480822,0,,day,,,,,,,,,,,,,,,,,,,,,,breme101,stewr101,,exhibition,4,8,CVB,CAG,,p,,,,1948
