gid,id,team,b_lp,b_seq,stattype,b_pa,b_ab,b_r,b_h,b_d,b_t,b_hr,b_rbi,b_sh,b_sf,b_hbp,b_w,b_iw,b_k,b_sb,b_cs,b_gdp,b_xi,b_roe,dh,ph,pr,date,number,site,vishome,opp,win,loss,tie,gametype,box,pbp
PRG193910081,orsae101,PIR,1,1,value,5,4,1,2,0,0,0,1,0,0,0,1,0,0,0,0,0,0,0,,,,19391008,1,LOS04,v,PRG,1,0,0,exhibition,y,y
PRG193910081,kresr101,PIR,2,1,value,5,5,1,1,0,0,0,0,0,0,0,0,0,1,0,0,0,0,0,,,,19391008,1,LOS04,v,PRG,1,0,0,exhibition,y,y
PRG193910081,bellf102,PIR,3,1,value,5,5,1,2,1,0,0,0,0,0,0,0,0,0,0,0,0,0,0,,,,19391008,1,LOS04,v,PRG,1,0,0,exhibition,y,y
PRG193910081,demaf102,PIR,4,1,value,5,4,1,1,0,0,1,2,0,0,0,1,1,0,0,0,0,0,0,,,,19391008,1,LOS04,v,PRG,1,0,0,exhibition,y,y
PRG193910081,adamb101,PIR,5,1,value,5,5,0,1,0,0,0,2,0,0,0,0,0,0,0,0,0,0,0,,,,19391008,1,LOS04,v,PRG,1,0,0,exhibition,y,y
PRG193910081,cissb101,PIR,6,1,value,5,5,0,1,0,0,0,0,0,0,0,0,0,0,0,0,0,0,0,,,,19391008,1,LOS04,v,PRG,1,0,0,exhibition,y,y
PRG193910081,bartl102,PIR,7,1,value,4,4,1,0,0,0,0,0,0,0,0,0,0,0,0,0,0,0,1,,,,19391008,1,LOS04,v,PRG,1,0,0,exhibition,y,y
PRG193910081,monta102,PIR,8,1,value,4,4,0,0,0,0,0,0,0,0,0,0,0,2,0,0,0,0,0,,,,19391008,1,LOS04,v,PRG,1,0,0,exhibition,y,y
PRG193910081,bonej101,PIR,9,1,value,4,4,0,1,0,0,0,0,0,0,0,0,0,0,0,0,0,0,0,,,,19391008,1,LOS04,v,PRG,1,0,0,exhibition,y,y
PRG193910081,cartm101,PRG,1,1,value,5,5,0,1,0,0,0,0,0,0,0,0,0,0,0,0,0,0,0,,,,19391008,1,LOS04,h,PIR,0,1,0,exhibition,y,y
PRG193910081,dunnj104,PRG,2,1,value,5,5,1,0,0,0,0,0,0,0,0,0,0,0,0,0,0,0,1,,,,19391008,1,LOS04,h,PIR,0,1,0,exhibition,y,y
PRG193910081,wrigb104,PRG,3,1,value,5,5,0,1,0,0,0,0,0,0,0,0,0,0,0,0,0,0,0,,,,19391008,1,LOS04,h,PIR,0,1,0,exhibition,y,y
PRG193910081,suttm101,PRG,4,1,value,5,5,0,2,0,0,0,0,0,0,0,0,0,0,0,0,0,0,1,,,,19391008,1,LOS04,h,PIR,0,1,0,exhibition,y,y
PRG193910081,hoskb101,PRG,5,1,value,4,4,1,2,1,0,0,1,0,0,0,0,0,0,0,0,0,0,0,,,,19391008,1,LOS04,h,PIR,0,1,0,exhibition,y,y
PRG193910081,westj102,PRG,6,1,value,4,4,1,1,1,0,0,1,0,0,0,0,0,0,0,0,0,0,0,,,,19391008,1,LOS04,h,PIR,0,1,0,exhibition,y,y
PRG193910081,walkh103,PRG,7,1,value,4,4,0,2,0,0,0,1,0,0,0,0,0,0,0,0,0,0,0,,,,19391008,1,LOS04,h,PIR,0,1,0,exhibition,y,y
PRG193910081,bassp101,PRG,8,1,value,4,4,0,0,0,0,0,0,0,0,0,0,0,0,0,0,0,0,0,,,,19391008,1,LOS04,h,PIR,0,1,0,exhibition,y,y
PRG193910081,mcdut101,PRG,9,1,value,4,4,0,0,0,0,0,0,0,0,0,0,0,1,0,0,0,0,0,,,,19391008,1,LOS04,h,PIR,0,1,0,exhibition,y,y
PRG193910082,orsae101,PIR,1,1,value,4,3,0,1,0,0,0,0,0,0,0,1,0,,0,0,0,0,0,,,,19391008,2,LOS04,v,PRG,1,0,0,exhibition,y,d
PRG193910082,kresr101,PIR,2,1,value,4,4,1,1,0,0,0,0,0,0,0,0,0,,0,0,0,0,0,,,,19391008,2,LOS04,v,PRG,1,0,0,exhibition,y,d
PRG193910082,bellf102,PIR,3,1,value,3,3,0,1,0,0,0,0,0,0,0,0,0,,0,0,0,0,0,,,,19391008,2,LOS04,v,PRG,1,0,0,exhibition,y,d
PRG193910082,demaf102,PIR,4,1,value,3,2,0,1,0,0,0,0,0,0,0,1,0,,0,0,0,0,0,,,,19391008,2,LOS04,v,PRG,1,0,0,exhibition,y,d
PRG193910082,adamb101,PIR,5,1,value,3,3,0,0,0,0,0,0,0,0,0,0,0,,0,0,0,0,0,,,,19391008,2,LOS04,v,PRG,1,0,0,exhibition,y,d
PRG193910082,cissb101,PIR,6,1,value,3,3,1,1,0,0,0,0,0,0,0,0,0,,0,0,0,0,0,,,,19391008,2,LOS04,v,PRG,1,0,0,exhibition,y,d
PRG193910082,bartl102,PIR,7,1,value,3,3,1,1,0,0,1,2,0,0,0,0,0,,0,0,0,0,0,,,,19391008,2,LOS04,v,PRG,1,0,0,exhibition,y,d
PRG193910082,monta102,PIR,8,1,value,3,3,0,1,0,0,0,0,0,0,0,0,0,,0,0,0,0,0,,,,19391008,2,LOS04,v,PRG,1,0,0,exhibition,y,d
PRG193910082,bittj101,PIR,9,1,value,2,2,0,0,0,0,0,0,0,0,0,0,0,,0,0,0,0,0,,,,19391008,2,LOS04,v,PRG,1,0,0,exhibition,y,d
PRG193910082,stinl101,PIR,9,2,value,1,1,0,0,0,0,0,0,0,0,0,0,0,,0,0,0,0,0,,,,19391008,2,LOS04,v,PRG,1,0,0,exhibition,y,d
PRG193910082,cartm101,PRG,1,1,value,4,4,1,2,0,0,0,0,0,0,0,0,0,,0,0,0,0,0,,,,19391008,2,LOS04,h,PIR,0,1,0,exhibition,y,d
PRG193910082,dunnj104,PRG,2,1,value,4,3,1,1,0,0,1,2,0,0,0,1,0,,0,0,0,0,1,,,,19391008,2,LOS04,h,PIR,0,1,0,exhibition,y,d
PRG193910082,wrigb104,PRG,3,1,value,3,3,0,0,0,0,0,0,0,0,0,0,0,,0,0,0,0,1,,,,19391008,2,LOS04,h,PIR,0,1,0,exhibition,y,d
PRG193910082,suttm101,PRG,4,1,value,3,3,0,0,0,0,0,0,0,0,0,0,0,,0,0,0,0,0,,,,19391008,2,LOS04,h,PIR,0,1,0,exhibition,y,d
PRG193910082,hoskb101,PRG,5,1,value,3,3,0,1,1,0,0,0,0,0,0,0,0,,0,0,0,0,0,,,,19391008,2,LOS04,h,PIR,0,1,0,exhibition,y,d
PRG193910082,westj102,PRG,6,1,value,3,3,0,0,0,0,0,0,0,0,0,0,0,,0,0,0,0,1,,,,19391008,2,LOS04,h,PIR,0,1,0,exhibition,y,d
PRG193910082,walkh103,PRG,7,1,value,3,3,0,0,0,0,0,0,0,0,0,0,0,,0,0,0,0,0,,,,19391008,2,LOS04,h,PIR,0,1,0,exhibition,y,d
PRG193910082,bassp101,PRG,8,1,value,3,3,0,0,0,0,0,0,0,0,0,0,0,,0,0,0,0,0,,,,19391008,2,LOS04,h,PIR,0,1,0,exhibition,y,d
PRG193910082,glovt101,PRG,9,1,value,2,2,0,0,0,0,0,0,0,0,0,0,0,,0,0,0,0,0,,,,19391008,2,LOS04,h,PIR,0,1,0,exhibition,y,d
PRG193910082,harvb101,PRG,9,2,value,1,1,0,0,0,0,0,0,0,0,0,0,0,,0,0,0,0,0,,1,,19391008,2,LOS04,h,PIR,0,1,0,exhibition,y,d
PRG193910110,orsae101,PIR,1,1,value,3,3,0,0,0,0,0,0,0,0,0,0,0,,0,0,0,0,0,,,,19391011,0,LOS04,v,PRG,0,1,0,exhibition,y,d
PRG193910110,bartl102,PIR,1,2,value,2,2,0,0,0,0,0,0,0,0,0,0,0,,0,0,0,0,0,,1,,19391011,0,LOS04,v,PRG,0,1,0,exhibition,y,d
PRG193910110,kresr101,PIR,2,1,value,4,2,0,0,0,0,0,0,0,0,0,2,0,,0,0,0,0,0,,,,19391011,0,LOS04,v,PRG,0,1,0,exhibition,y,d
PRG193910110,bellf102,PIR,3,1,value,4,4,0,1,0,0,0,0,0,0,0,0,0,,0,0,0,0,0,,,,19391011,0,LOS04,v,PRG,0,1,0,exhibition,y,d
PRG193910110,demaf102,PIR,4,1,value,4,4,1,1,0,0,0,0,0,0,0,0,0,,0,0,0,0,1,,,,19391011,0,LOS04,v,PRG,0,1,0,exhibition,y,d
PRG193910110,adamb101,PIR,5,1,value,4,3,0,0,0,0,0,0,1,0,0,0,0,,0,0,0,0,0,,,,19391011,0,LOS04,v,PRG,0,1,0,exhibition,y,d
PRG193910110,cissb101,PIR,6,1,value,4,4,0,0,0,0,0,0,0,0,0,0,0,,0,0,0,0,0,,,,19391011,0,LOS04,v,PRG,0,1,0,exhibition,y,d
PRG193910110,novil101,PIR,7,1,value,4,3,0,2,0,0,0,1,0,0,0,1,0,,0,0,0,0,0,,,,19391011,0,LOS04,v,PRG,0,1,0,exhibition,y,d
PRG193910110,monta102,PIR,8,1,value,4,3,1,0,0,0,0,0,0,0,0,1,0,,0,0,0,0,1,,,,19391011,0,LOS04,v,PRG,0,1,0,exhibition,y,d
PRG193910110,fellb101,PIR,9,1,value,3,2,0,0,0,0,0,0,1,0,0,0,0,,0,0,0,0,0,,,,19391011,0,LOS04,v,PRG,0,1,0,exhibition,y,d
PRG193910110,stinl101,PIR,9,2,value,1,1,0,0,0,0,0,0,0,0,0,0,0,,0,0,0,0,0,,,,19391011,0,LOS04,v,PRG,0,1,0,exhibition,y,d
PRG193910110,cartm101,PRG,1,1,value,4,3,0,0,0,0,0,0,0,0,0,1,0,,0,0,0,0,0,,,,19391011,0,LOS04,h,PIR,1,0,0,exhibition,y,d
PRG193910110,dunnj104,PRG,2,1,value,4,4,0,1,0,0,0,0,0,0,0,0,0,,0,1,0,0,0,,,,19391011,0,LOS04,h,PIR,1,0,0,exhibition,y,d
PRG193910110,wrigb104,PRG,3,1,value,4,4,1,2,0,1,0,0,0,0,0,0,0,,1,0,0,0,0,,,,19391011,0,LOS04,h,PIR,1,0,0,exhibition,y,d
PRG193910110,suttm101,PRG,4,1,value,4,4,0,0,0,0,0,0,0,0,0,0,0,,0,0,0,0,0,,,,19391011,0,LOS04,h,PIR,1,0,0,exhibition,y,d
PRG193910110,hoskb101,PRG,5,1,value,4,4,2,2,1,0,0,0,0,0,0,0,0,,0,0,0,0,1,,,,19391011,0,LOS04,h,PIR,1,0,0,exhibition,y,d
PRG193910110,westj102,PRG,6,1,value,4,4,1,0,0,0,0,0,0,0,0,0,0,1,0,0,0,0,1,,,,19391011,0,LOS04,h,PIR,1,0,0,exhibition,y,d
PRG193910110,walkh103,PRG,7,1,value,4,3,1,0,0,0,0,0,0,0,0,1,0,,1,0,0,0,2,,,,19391011,0,LOS04,h,PIR,1,0,0,exhibition,y,d
PRG193910110,bassp101,PRG,8,1,value,4,4,0,0,0,0,0,0,0,0,0,0,0,1,0,0,0,0,0,,,,19391011,0,LOS04,h,PIR,1,0,0,exhibition,y,d
PRG193910110,harvb101,PRG,9,1,value,2,2,0,1,0,1,0,1,0,0,0,0,0,,0,0,0,0,0,,,,19391011,0,LOS04,h,PIR,1,0,0,exhibition,y,d
PRG193910110,mcdut101,PRG,9,2,value,1,1,0,0,0,0,0,0,0,0,0,0,0,,0,0,0,0,0,,1,,19391011,0,LOS04,h,PIR,1,0,0,exhibition,y,d
