gid,id,team,b_lp,b_seq,stattype,b_pa,b_ab,b_r,b_h,b_d,b_t,b_hr,b_rbi,b_sh,b_sf,b_hbp,b_w,b_iw,b_k,b_sb,b_cs,b_gdp,b_xi,b_roe,dh,ph,pr,date,number,site,vishome,opp,win,loss,tie,gametype,box,pbp,eject
NY6194604160,hearj103,BIR,,,value,,,,,,,,,,,,,,,,,,,,,,,19460416,0,NOL01,v,NY6,1,0,0,exhibition,,,
BIR194604210,hearj103,BIR,,,value,,,,,,,,,,,,,,,,,,,,,,,19460421,0,ATL05,h,CVB,0,1,0,exhibition,,,
BIR194605090,hearj103,BIR,9,1,value,4,4,1,0,0,0,0,0,0,0,0,0,0,,0,0,1,0,1,,,,19460509,0,BIR01,h,CVB,1,0,0,regular,y,d,
BIR194605122,hearj103,BIR,,,value,,,,,,,,,,,,,,,,,,,,,,,19460512,2,BIR01,h,CVB,0,1,0,regular,,,
BIR194605210,hearj103,BIR,,,value,,,,,,,,,,,,,,,,,,,,,,,19460521,0,LRK02,h,MEM,0,1,0,regular,,,
BIR194605261,hearj103,BIR,,,value,,,,,,,,,,,,,,,,,,,,,,,19460526,1,BIR01,h,MEM,0,1,0,regular,,,
BIR194605280,hearj103,BIR,,,value,,,,,,,,,,,,,,,,,,,,,,,19460528,0,ATL04,h,MEM,0,1,0,regular,,,
CAG194606040,hearj103,BIR,9,1,value,5,4,1,4,0,0,0,,0,,0,1,,,0,,,0,,,,,19460604,0,SBD01,v,CAG,1,0,0,regular,y,,
IN9194606161,hearj103,BIR,,,value,,,,,,,,,,,,,,,,,,,,,,,19460616,1,CIN07,v,IN9,1,0,0,regular,,,
BIR194606270,hearj103,BIR,,,value,,,,,,,,,,,,,,,,,,,,,,,19460627,0,BIR01,h,CAG,1,0,0,regular,,,
CAG194607072,hearj103,BIR,,1,value,,,,1,1,,,,,,,,,,,,,,,,,,19460707,2,CHI10,v,CAG,1,0,0,regular,,,
CAG194607072,hearj103,BIR,,1,lower,1,1,,1,1,,,,,,,,,,,,,,,,,,19460707,2,CHI10,v,CAG,1,0,0,regular,,,
HOM194607120,hearj103,BIR,,1,value,,,,,,,,,,,,,,,,,,,,,,,19460712,0,DAY03,v,HOM,0,0,1,exhibition,,,
CVB194607282,hearj103,BIR,,1,value,,,,,,,,,,,,,,,,,,,,,,,19460728,2,SYR04,v,CVB,0,1,0,regular,,,
CAG194608020,hearj103,BIR,,,value,,,,,,,,,,,,,,,,,,,,,,,19460802,0,DAY03,v,CAG,1,0,0,regular,,,
BIR194608042,hearj103,BIR,,1,value,,,,,,,,,,,,,,,,,,,,,,,19460804,2,BIR01,h,CAG,1,0,0,regular,,,
BIR194608080,hearj103,BIR,,3,value,,,,,,,,,,,,,,,,,,,,,,,19460808,0,BIR01,h,CAG,0,1,0,regular,,,
NAS194609220,hearj103,SAS,,,value,,,,,,,,,,,,,,,,,,,,,,,19460922,0,CHI10,v,NAS,0,1,0,allstar,,,
NAS194609240,hearj103,SAS,,,value,,,,,,,,,,,,,,,,,,,,,,,19460924,0,DAY03,v,NAS,0,1,0,allstar,,,
KCM194704110,hearj103,BIR,,,value,,,,,,,,,,,,,,,,,,,,,,,19470411,0,WAC01,v,KCM,1,0,0,exhibition,,,
BIR194704180,hearj103,BIR,,,value,,,,,,,,,,,,,,,,,,,,,,,19470418,0,MTG01,h,CVB,0,1,0,exhibition,,,
MEM194704250,hearj103,BIR,,,value,,,,,,,,,,,,,,,,,,,,,,,19470425,0,HOU04,v,MEM,1,0,0,exhibition,,,
IN9194705190,hearj103,BIR,,,value,,,,,,,,,,,,,,,,,,,,,,,19470519,0,COL05,v,IN9,0,1,0,regular,,,
BIR194705260,hearj103,BIR,,,value,,,,,,,,,,,,,,,,,,,,,,,19470526,0,NOL01,h,IN9,1,0,0,regular,,,
BIR194706011,hearj103,BIR,,1,value,,,0,2,,,,0,,,,,,,,,,,,,,,19470601,1,BIR01,h,CAG,1,0,0,regular,,,
BIR194706011,hearj103,BIR,,1,lower,,2,0,2,,,,0,,,,,,,,,,,,,,,19470601,1,BIR01,h,CAG,1,0,0,regular,,,
BIR194706050,hearj103,BIR,,,value,,,1,,,,,,,,,,,,,,,,,,,,19470605,0,HUN01,h,CAG,0,1,0,regular,,,
BIR194706050,hearj103,BIR,,,lower,,1,1,,,,,,,,,,,,,,,,,,,,19470605,0,HUN01,h,CAG,0,1,0,regular,,,
MEM194706170,hearj103,BIR,,,value,,,,,,,,,,,,,,,,,,,,,,,19470617,0,MEM02,v,MEM,0,1,0,regular,,,
CAG194706221,hearj103,BIR,9,1,value,4,4,1,0,0,0,0,,0,,0,0,0,,0,,,0,,,,,19470622,1,CHI10,v,CAG,1,0,0,regular,y,,
CAG194706260,hearj103,BIR,,,value,,,,,,,,,,,,,,,,,,,,,,,19470626,0,CHI10,v,CAG,1,0,0,regular,,,
BIR194707010,hearj103,BIR,,2,value,,,,,,,,,,,,,,,,,,,,,,,19470701,0,BIR01,h,CVB,0,1,0,regular,,,
KCM194707131,hearj103,BIR,9,1,value,2,2,0,0,0,0,0,0,0,,0,0,0,,0,,,0,,,,,19470713,1,KAN05,v,KCM,0,1,0,regular,y,,
PH5194707212,hearj103,BIR,6,3,value,0,0,0,0,0,0,0,0,0,,0,0,0,,0,,,0,,,,,19470721,2,PHI11,v,PH5,0,1,0,exhibition,y,,
BLG194707220,hearj103,BIR,9,1,value,2,2,0,0,0,0,0,0,0,,0,0,0,,0,,,0,,,,,19470722,0,BAL14,v,BLG,0,1,0,exhibition,y,,
NW2194707300,hearj103,BIR,9,2,value,0,0,0,0,0,0,0,0,0,,0,0,0,,0,,,0,,,,,19470730,0,WIL04,v,NW2,0,1,0,exhibition,y,,
BIR194708050,hearj103,BIR,,,value,,,,,,,,,,,,,,,,,,,,,,,19470805,0,MEM02,h,IN9,1,0,0,regular,,,
MEM194708172,hearj103,BIR,,,value,,,,,,,,,,,,,,,,,,,,,,,19470817,2,MEM02,v,MEM,0,1,0,regular,,,
MEM194708220,hearj103,BIR,,,value,,,,,,,,,,,,,,,,,,,,,,,19470822,0,MEM02,v,MEM,0,1,0,regular,,,
BIR194708270,hearj103,BIR,,1,value,,,,,,,,,,,,,,,,,,,,,,,19470827,0,MTG01,h,CVB,0,1,0,regular,,,
BIR194708312,hearj103,BIR,,,value,,,,,,,,,,,,,,,,,,,,,,,19470831,2,BIR01,h,MEM,1,0,0,regular,,,
BIR194709100,hearj103,BIR,,3,value,,,,,,,,,,,,,,,,,,,,,,,19470910,0,IND10,h,HOM,0,1,0,exhibition,,,
BIR194709250,hearj103,BIR,,1,value,,,,,,,,,,,,,,,,,,,,,,,19470925,0,BIR01,h,NY5,1,0,0,exhibition,,,
BIR194804182,hearj103,BIR,,,value,,,,,,,,,,,,,,,,,,,,,,,19480418,2,BIR01,h,IN9,0,0,1,exhibition,,,
BIR194804220,hearj103,BIR,,,value,0,,,,,,,,,,,,,,,,,,,,,,19480422,0,MTG01,h,IN9,0,1,0,exhibition,,,
MEM194804252,hearj103,BIR,,,value,,,,,,,,,,,,,,,,,,,,,,,19480425,2,MEM02,v,MEM,1,0,0,exhibition,,,
BIR194805021,hearj103,BIR,9,3,value,0,0,0,0,0,0,0,0,0,0,0,0,0,,0,0,0,0,0,,,,19480502,1,BIR01,h,CVB,0,1,0,regular,y,d,
BIR194805022,hearj103,BIR,9,2,value,1,1,1,0,0,0,0,0,0,0,0,0,0,,0,0,0,0,1,,,,19480502,2,BIR01,h,CVB,1,0,0,regular,y,d,
BIR194805030,hearj103,BIR,,,value,,,,,,,,,,,,,,,,,,,,,,,19480503,0,MTG01,h,CVB,0,1,0,regular,,,
BIR194805162,hearj103,BIR,9,1,value,0,0,0,0,0,0,0,0,0,,0,0,,,0,,,,,,,,19480516,2,BIR01,h,IN9,1,0,0,regular,y,,
CAG194805231,hearj103,BIR,,,value,,,,,,,,,,,,,,,,,,,,,,,19480523,1,CIN07,v,CAG,1,0,0,regular,,,
BIR194806062,hearj103,BIR,9,4,value,0,0,0,0,0,0,0,0,0,,0,0,,,0,,,,,,,,19480606,2,BIR01,h,KCM,1,0,0,regular,y,,
BIR194806070,hearj103,BIR,,,value,,,,,,,,,,,,,,,,,,,,,,,19480607,0,MEM02,h,KCM,1,0,0,regular,,,
CAG194806132,hearj103,BIR,,,value,,,,,,,,,,,,,,,,,,,,,,,19480613,2,CHI10,v,CAG,1,0,0,regular,,,
CAG194806160,hearj103,BIR,,,value,,,,,,,,,,,,,,,,,,,,,,,19480616,0,WFI01,v,CAG,1,0,0,regular,,,
BIR194806200,hearj103,BIR,8,2,value,0,0,0,0,0,0,0,0,0,0,0,0,0,,0,0,0,0,0,,,,19480620,0,BIR01,h,CAG,1,0,0,regular,y,d,
BIR194807280,hearj103,BIR,9,2,value,1,1,1,0,0,0,0,,0,,0,0,,,0,,,,,,,,19480728,0,BIR01,h,NW2,1,0,0,exhibition,y,,
BIR194808050,hearj103,BIR,,,value,,,,,,,,,,,,,,,,,,,,,,,19480805,0,DAY03,h,HOM,0,1,0,exhibition,,,
BIR194808190,hearj103,BIR,9,6,value,0,0,0,0,0,0,0,,0,,0,0,,,0,,,,,,,,19480819,0,BIR01,h,NY6,0,1,0,exhibition,y,,
BIR194808270,hearj103,BIR,,,value,,,,,,,,,,,,,,,,,,,,,,,19480827,0,LEX01,h,NY6,1,0,0,exhibition,,,
CAG194809020,hearj103,BIR,,,value,1,1,1,1,,,,,,,,,,,,,,,,,,,19480902,0,CHI10,v,CAG,1,0,0,regular,,,
KCM194809190,hearj103,BIR,8,2,value,0,0,0,0,0,0,0,0,0,0,0,0,0,,0,0,0,0,0,,,1,19480919,0,KAN05,v,KCM,0,1,0,lcs,y,d,
KCM194809210,hearj103,BIR,9,2,value,0,0,0,0,0,0,0,0,0,0,0,0,0,,0,0,0,0,0,,,,19480921,0,KAN05,v,KCM,0,1,0,lcs,y,d,
BIR194809290,hearj103,BIR,9,4,value,0,0,0,0,0,0,0,0,0,0,0,0,0,,0,0,0,0,0,,,1,19480929,0,BIR01,h,HOM,0,1,0,championship,y,d,
HOM194810030,hearj103,BIR,,,value,,,,,,,,,,,,,,,,,,,,,,,19481003,0,NOL01,v,HOM,0,1,0,championship,,,
ASW195108120,hearj103,ASW,9,3,value,1,1,0,0,0,0,0,0,0,0,0,0,0,,0,0,0,0,0,,,,19510812,0,CHI10,h,ASE,0,1,0,allstar,y,d,
