gid,id,team,b_lp,b_seq,stattype,b_pa,b_ab,b_r,b_h,b_d,b_t,b_hr,b_rbi,b_sh,b_sf,b_hbp,b_w,b_iw,b_k,b_sb,b_cs,b_gdp,b_xi,b_roe,dh,ph,pr,date,number,site,vishome,opp,win,loss,tie,gametype,box,pbp
PRG193710100,almam101,WHK,1,1,value,5,5,1,1,0,0,0,0,0,0,0,0,0,3,0,0,0,0,0,,,,19371010,0,LOS05,v,PRG,0,1,0,exhibition,y,y
PRG193710100,powel102,WHK,2,1,value,5,5,1,1,0,0,0,0,0,0,0,0,0,1,0,0,0,0,0,,,,19371010,0,LOS05,v,PRG,0,1,0,exhibition,y,y
PRG193710100,mesns101,WHK,3,1,value,5,4,3,3,1,0,0,0,0,0,0,1,0,0,0,0,0,0,1,,,,19371010,0,LOS05,v,PRG,0,1,0,exhibition,y,y
PRG193710100,westm102,WHK,4,1,value,5,5,2,2,0,0,1,3,0,0,0,0,0,1,0,0,1,0,0,,,,19371010,0,LOS05,v,PRG,0,1,0,exhibition,y,y
PRG193710100,adamb101,WHK,5,1,value,5,5,1,1,0,0,0,1,0,0,0,0,0,4,0,0,0,0,0,,,,19371010,0,LOS05,v,PRG,0,1,0,exhibition,y,y
PRG193710100,rossd101,WHK,6,1,value,5,5,1,2,0,0,0,1,0,0,0,0,0,0,0,0,0,0,0,,,,19371010,0,LOS05,v,PRG,0,1,0,exhibition,y,y
PRG193710100,allab102,WHK,7,1,value,5,5,1,3,1,0,0,1,0,0,0,0,0,0,1,0,0,0,1,,,,19371010,0,LOS05,v,PRG,0,1,0,exhibition,y,y
PRG193710100,owenm101,WHK,8,1,value,5,4,0,1,1,0,0,2,0,0,0,1,0,1,0,0,0,0,0,,,,19371010,0,LOS05,v,PRG,0,1,0,exhibition,y,y
PRG193710100,gablf101,WHK,9,1,value,0,0,0,0,0,0,0,0,0,0,0,0,0,0,0,0,0,0,0,,,,19371010,0,LOS05,v,PRG,0,1,0,exhibition,y,y
PRG193710100,frasv101,WHK,9,2,value,4,4,1,1,0,0,1,1,0,0,0,0,0,1,0,0,1,0,0,,,,19371010,0,LOS05,v,PRG,0,1,0,exhibition,y,y
PRG193710100,bellj103,PRG,1,1,value,6,5,1,1,0,1,0,0,0,0,0,1,0,1,0,0,0,0,0,,,,19371010,0,LOS05,h,WHK,1,0,0,exhibition,y,y
PRG193710100,hughs101,PRG,2,1,value,6,6,3,4,0,1,0,1,0,0,0,0,0,0,0,0,0,0,1,,,,19371010,0,LOS05,h,WHK,1,0,0,exhibition,y,y
PRG193710100,wrigb104,PRG,3,1,value,6,6,3,3,1,0,0,1,0,0,0,0,0,0,0,0,1,0,0,,,,19371010,0,LOS05,h,WHK,1,0,0,exhibition,y,y
PRG193710100,suttm101,PRG,4,1,value,6,6,4,4,1,0,2,3,0,0,0,0,0,1,1,0,0,0,1,,,,19371010,0,LOS05,h,WHK,1,0,0,exhibition,y,y
PRG193710100,westj102,PRG,5,1,value,6,4,3,3,0,0,1,3,0,0,0,2,0,0,1,0,0,0,0,,,,19371010,0,LOS05,h,WHK,1,0,0,exhibition,y,y
PRG193710100,snowf101,PRG,6,1,value,6,6,1,3,1,0,1,3,0,0,0,0,0,1,0,0,0,0,0,,,,19371010,0,LOS05,h,WHK,1,0,0,exhibition,y,y
PRG193710100,walkh103,PRG,7,1,value,6,4,2,1,1,0,0,1,0,0,1,1,0,0,0,0,0,0,0,,,,19371010,0,LOS05,h,WHK,1,0,0,exhibition,y,y
PRG193710100,mackb102,PRG,8,1,value,6,5,1,3,2,0,0,2,0,0,0,1,0,0,0,0,0,0,1,,,,19371010,0,LOS05,h,WHK,1,0,0,exhibition,y,y
PRG193710100,matll101,PRG,9,1,value,3,3,1,1,0,0,1,2,0,0,0,0,0,0,0,0,1,0,0,,,,19371010,0,LOS05,h,WHK,1,0,0,exhibition,y,y
PRG193710100,brewc102,PRG,9,2,value,3,3,0,0,0,0,0,0,0,0,0,0,0,1,0,0,0,0,0,,,,19371010,0,LOS05,h,WHK,1,0,0,exhibition,y,y
PRG193711071,powel102,WHK,1,1,value,5,5,1,1,0,0,0,0,0,0,0,0,0,,0,0,0,0,0,,,,19371107,1,LOS05,v,PRG,1,0,0,exhibition,y,d
PRG193711071,rossd101,WHK,2,1,value,4,4,2,2,1,0,0,0,0,0,0,0,0,,0,0,0,0,0,,,,19371107,1,LOS05,v,PRG,1,0,0,exhibition,y,d
PRG193711071,mesns101,WHK,3,1,value,4,3,1,1,0,0,1,3,0,0,0,1,0,,0,0,0,0,0,,,,19371107,1,LOS05,v,PRG,1,0,0,exhibition,y,d
PRG193711071,hermb102,WHK,4,1,value,4,4,1,1,0,0,0,1,0,0,0,0,0,,0,0,0,0,0,,,,19371107,1,LOS05,v,PRG,1,0,0,exhibition,y,d
PRG193711071,adamb101,WHK,5,1,value,4,4,2,2,1,0,0,0,0,0,0,0,0,,0,0,0,0,0,,,,19371107,1,LOS05,v,PRG,1,0,0,exhibition,y,d
PRG193711071,allab102,WHK,6,1,value,4,3,0,1,0,0,0,1,1,0,0,0,0,,0,0,0,0,0,,,,19371107,1,LOS05,v,PRG,1,0,0,exhibition,y,d
PRG193711071,westm102,WHK,7,1,value,4,3,0,0,0,0,0,0,0,0,0,1,0,,0,0,1,0,0,,,,19371107,1,LOS05,v,PRG,1,0,0,exhibition,y,d
PRG193711071,moord101,WHK,8,1,value,4,4,0,0,0,0,0,1,0,0,0,0,0,,0,0,0,0,0,,,,19371107,1,LOS05,v,PRG,1,0,0,exhibition,y,d
PRG193711071,gonzj103,WHK,9,1,value,4,4,0,1,0,0,0,0,0,0,0,0,0,,0,0,0,0,0,,,,19371107,1,LOS05,v,PRG,1,0,0,exhibition,y,d
PRG193711071,bellj103,PRG,1,1,value,4,3,1,0,0,0,0,0,0,0,0,1,0,,0,0,0,0,0,,,,19371107,1,LOS05,h,WHK,0,1,0,exhibition,y,d
PRG193711071,hughs101,PRG,2,1,value,4,4,1,2,0,1,0,0,0,0,0,0,0,,0,0,0,0,0,,,,19371107,1,LOS05,h,WHK,0,1,0,exhibition,y,d
PRG193711071,wrigb104,PRG,3,1,value,4,4,1,2,0,0,0,1,0,0,0,0,0,,0,0,0,0,0,,,,19371107,1,LOS05,h,WHK,0,1,0,exhibition,y,d
PRG193711071,suttm101,PRG,4,1,value,4,4,0,0,0,0,0,0,0,0,0,0,0,,0,0,1,0,0,,,,19371107,1,LOS05,h,WHK,0,1,0,exhibition,y,d
PRG193711071,westj102,PRG,5,1,value,4,4,0,2,0,0,0,2,0,0,0,0,0,,0,0,0,0,0,,,,19371107,1,LOS05,h,WHK,0,1,0,exhibition,y,d
PRG193711071,snowf101,PRG,6,1,value,4,4,1,1,0,0,0,0,0,0,0,0,0,,0,0,0,0,0,,,,19371107,1,LOS05,h,WHK,0,1,0,exhibition,y,d
PRG193711071,walkh103,PRG,7,1,value,4,4,1,1,0,0,1,2,0,0,0,0,0,,0,0,0,0,0,,,,19371107,1,LOS05,h,WHK,0,1,0,exhibition,y,d
PRG193711071,mackb102,PRG,8,1,value,4,4,0,1,0,0,0,0,0,0,0,0,0,,0,0,0,0,0,,,,19371107,1,LOS05,h,WHK,0,1,0,exhibition,y,d
PRG193711071,matll101,PRG,9,1,value,4,4,0,0,0,0,0,0,0,0,0,0,0,,0,0,0,0,0,,,,19371107,1,LOS05,h,WHK,0,1,0,exhibition,y,d
PRG193711072,moord101,WHK,,,value,,,,,,,,,,,,,,,,,,,,,,,19371107,2,LOS05,v,PRG,0,1,0,exhibition,,
PRG193711072,shafu102,WHK,,,value,,,,,,,,,,,,,,,,,,,,,,,19371107,2,LOS05,v,PRG,0,1,0,exhibition,,
PRG193711072,mackb102,PRG,,,value,,,,,,,,,,,,,,,,,,,,,,,19371107,2,LOS05,h,WHK,1,0,0,exhibition,,
PRG193711072,porta103,PRG,,,value,,,,,,,,,,,,,,,,,,,,,,,19371107,2,LOS05,h,WHK,1,0,0,exhibition,,
