gid,id,team,d_seq,d_pos,stattype,d_ifouts,d_po,d_a,d_e,d_dp,d_tp,d_pb,d_wp,d_sb,d_cs,d_gs,date,number,site,vishome,opp,win,loss,tie,gametype,box,pbp
NW2193606090,hollc103,BRG,1,9,value,24,1,0,0,,,,,,,1,19360609,0,CAM04,v,NW2,0,1,0,exhibition,y,
NW2193606090,johnb113,BRG,1,5,value,24,3,1,0,,,,,,,1,19360609,0,CAM04,v,NW2,0,1,0,exhibition,y,
NW2193606090,riggb101,BRG,1,4,value,24,4,6,1,,,,,,,1,19360609,0,CAM04,v,NW2,0,1,0,exhibition,y,
NW2193606090,rilee101,BRG,1,3,value,24,9,0,0,,,,,,,1,19360609,0,CAM04,v,NW2,0,1,0,exhibition,y,
NW2193606090,lewij103,BRG,1,2,value,24,3,0,0,,,,,,,1,19360609,0,CAM04,v,NW2,0,1,0,exhibition,y,
NW2193606090,washp101,BRG,1,8,value,24,2,0,0,,,,,,,1,19360609,0,CAM04,v,NW2,0,1,0,exhibition,y,
NW2193606090,leonb102,BRG,1,7,value,24,2,0,0,,,,,,,1,19360609,0,CAM04,v,NW2,0,1,0,exhibition,y,
NW2193606090,jones108,BRG,1,6,value,24,0,1,0,,,,,,,1,19360609,0,CAM04,v,NW2,0,1,0,exhibition,y,
NW2193606090,lewic103,BRG,1,1,value,,0,0,0,,,,,,,1,19360609,0,CAM04,v,NW2,0,1,0,exhibition,y,
NW2193606090,staro101,BRG,2,1,value,,0,0,0,,,,,,,,19360609,0,CAM04,v,NW2,0,1,0,exhibition,y,
NW2193606090,dandr101,NW2,1,5,value,27,3,1,0,,,,,,,1,19360609,0,CAM04,h,BRG,1,0,0,exhibition,y,
NW2193606090,wellw101,NW2,1,6,value,27,2,8,0,,,,,,,1,19360609,0,CAM04,h,BRG,1,0,0,exhibition,y,
NW2193606090,willh105,NW2,1,4,value,27,3,2,0,,,,,,,1,19360609,0,CAM04,h,BRG,1,0,0,exhibition,y,
NW2193606090,suttm101,NW2,1,3,value,27,13,2,0,,,,,,,1,19360609,0,CAM04,h,BRG,1,0,0,exhibition,y,
NW2193606090,chrit101,NW2,1,7,value,27,1,0,0,,,,,,,1,19360609,0,CAM04,h,BRG,1,0,0,exhibition,y,
NW2193606090,thomc103,NW2,1,8,value,27,1,0,0,,,,,,,1,19360609,0,CAM04,h,BRG,1,0,0,exhibition,y,
NW2193606090,markd102,NW2,1,9,value,27,3,0,0,,,,,,,1,19360609,0,CAM04,h,BRG,1,0,0,exhibition,y,
NW2193606090,hayej104,NW2,1,2,value,27,1,0,0,,,,,,,1,19360609,0,CAM04,h,BRG,1,0,0,exhibition,y,
NW2193606090,bevec101,NW2,1,1,value,27,0,0,0,,,,,,,1,19360609,0,CAM04,h,BRG,1,0,0,exhibition,y,
NY6193607210,garcs101,NY6,1,1,value,,,,,,,,,,,1,19360721,0,NYC25,h,BRG,1,0,0,regular,,
NY6193607250,hollc103,BRG,1,9,value,24,0,0,0,0,0,,,,,1,19360725,0,PAT01,v,NY6,0,1,0,exhibition,y,d
NY6193607250,tennu101,BRG,1,4,value,24,6,5,1,0,0,,,,,1,19360725,0,PAT01,v,NY6,0,1,0,exhibition,y,d
NY6193607250,albej101,BRG,1,6,value,24,1,7,0,0,0,,,,,1,19360725,0,PAT01,v,NY6,0,1,0,exhibition,y,d
NY6193607250,rilee101,BRG,1,3,value,24,13,0,0,0,0,,,,,1,19360725,0,PAT01,v,NY6,0,1,0,exhibition,y,d
NY6193607250,lewij103,BRG,1,2,value,24,1,0,0,0,0,0,0,0,0,1,19360725,0,PAT01,v,NY6,0,1,0,exhibition,y,d
NY6193607250,washp101,BRG,1,8,value,24,1,0,0,0,0,,,,,1,19360725,0,PAT01,v,NY6,0,1,0,exhibition,y,d
NY6193607250,grayw101,BRG,1,7,value,24,1,0,0,0,0,,,,,1,19360725,0,PAT01,v,NY6,0,1,0,exhibition,y,d
NY6193607250,johnb113,BRG,1,5,value,15,1,0,1,0,0,,,,,1,19360725,0,PAT01,v,NY6,0,1,0,exhibition,y,d
NY6193607250,burgr101,BRG,1,5,value,9,0,1,1,0,0,,,,,0,19360725,0,PAT01,v,NY6,0,1,0,exhibition,y,d
NY6193607250,staro101,BRG,1,1,value,24,0,2,1,0,0,,,,,1,19360725,0,PAT01,v,NY6,0,1,0,exhibition,y,d
NY6193607250,santa102,NY6,1,8,value,27,1,0,0,0,0,,,,,1,19360725,0,PAT01,h,BRG,1,0,0,exhibition,y,d
NY6193607250,thomd104,NY6,1,3,value,27,14,0,0,0,0,,,,,1,19360725,0,PAT01,h,BRG,1,0,0,exhibition,y,d
NY6193607250,speac103,NY6,1,9,value,27,2,0,0,0,0,,,,,1,19360725,0,PAT01,h,BRG,1,0,0,exhibition,y,d
NY6193607250,andrj104,NY6,1,7,value,27,0,0,0,0,0,,,,,1,19360725,0,PAT01,h,BRG,1,0,0,exhibition,y,d
NY6193607250,dihim101,NY6,1,5,value,27,1,4,0,0,0,,,,,1,19360725,0,PAT01,h,BRG,1,0,0,exhibition,y,d
NY6193607250,garcs101,NY6,1,4,value,27,2,3,0,0,0,,,,,1,19360725,0,PAT01,h,BRG,1,0,0,exhibition,y,d
NY6193607250,duncf102,NY6,1,2,value,27,6,1,0,0,0,0,0,2,0,1,19360725,0,PAT01,h,BRG,1,0,0,exhibition,y,d
NY6193607250,martr105,NY6,1,6,value,27,1,1,0,0,0,,,,,1,19360725,0,PAT01,h,BRG,1,0,0,exhibition,y,d
NY6193607250,salal101,NY6,1,1,value,27,0,2,0,0,0,,,,,1,19360725,0,PAT01,h,BRG,1,0,0,exhibition,y,d
BRG193609040,alvaa101,CUS,1,7,value,24,1,0,0,0,,,,0,,1,19360904,0,TRE01,v,BRG,0,1,0,exhibition,y,
BRG193609040,rodrm102,CUS,1,5,value,24,2,0,0,0,,,,0,,1,19360904,0,TRE01,v,BRG,0,1,0,exhibition,y,
BRG193609040,veitm101,CUS,1,6,value,24,0,4,1,0,,,,0,,1,19360904,0,TRE01,v,BRG,0,1,0,exhibition,y,
BRG193609040,perej101,CUS,1,4,value,24,3,3,0,0,,,,0,,1,19360904,0,TRE01,v,BRG,0,1,0,exhibition,y,
BRG193609040,lopec102,CUS,1,8,value,24,1,0,0,0,,,,0,,1,19360904,0,TRE01,v,BRG,0,1,0,exhibition,y,
BRG193609040,solim102,CUS,1,9,value,24,1,0,0,0,,,,0,,1,19360904,0,TRE01,v,BRG,0,1,0,exhibition,y,
BRG193609040,rojoj101,CUS,1,2,value,24,9,0,0,0,,,,1,,1,19360904,0,TRE01,v,BRG,0,1,0,exhibition,y,
BRG193609040,masss101,CUS,1,3,value,24,7,0,0,0,,,,0,,1,19360904,0,TRE01,v,BRG,0,1,0,exhibition,y,
BRG193609040,martf104,CUS,1,1,value,24,0,1,0,0,,,,0,,1,19360904,0,TRE01,v,BRG,0,1,0,exhibition,y,
BRG193609040,grayw101,BRG,1,9,value,27,3,0,0,0,,,,0,,1,19360904,0,TRE01,h,CUS,1,0,0,exhibition,y,
BRG193609040,hendc102,BRG,1,4,value,27,2,2,1,1,,,,0,,1,19360904,0,TRE01,h,CUS,1,0,0,exhibition,y,
BRG193609040,washp101,BRG,1,8,value,27,3,0,0,0,,,,0,,1,19360904,0,TRE01,h,CUS,1,0,0,exhibition,y,
BRG193609040,whitc103,BRG,1,7,value,27,3,0,0,0,,,,0,,1,19360904,0,TRE01,h,CUS,1,0,0,exhibition,y,
BRG193609040,rilee101,BRG,1,3,value,27,11,0,0,1,,,,0,,1,19360904,0,TRE01,h,CUS,1,0,0,exhibition,y,
BRG193609040,albej101,BRG,1,5,value,27,1,4,0,0,,,,0,,1,19360904,0,TRE01,h,CUS,1,0,0,exhibition,y,
BRG193609040,lewij103,BRG,1,2,value,27,2,0,1,0,,,,0,,1,19360904,0,TRE01,h,CUS,1,0,0,exhibition,y,
BRG193609040,johnb113,BRG,1,6,value,27,2,6,0,1,,,,0,,1,19360904,0,TRE01,h,CUS,1,0,0,exhibition,y,
BRG193609040,reddd101,BRG,1,1,value,27,0,0,1,0,,,,0,,1,19360904,0,TRE01,h,CUS,1,0,0,exhibition,y,
BRG193609071,alvaa101,CUS,1,7,value,27,4,0,0,0,0,,,,,1,19360907,1,NYC28,v,BRG,1,0,0,exhibition,y,
BRG193609071,rodrm102,CUS,1,6,value,27,2,1,0,1,0,,,,,1,19360907,1,NYC28,v,BRG,1,0,0,exhibition,y,
BRG193609071,veitm101,CUS,1,5,value,27,1,1,0,0,0,,,,,1,19360907,1,NYC28,v,BRG,1,0,0,exhibition,y,
BRG193609071,perej101,CUS,1,3,value,27,9,1,0,1,0,,,,,1,19360907,1,NYC28,v,BRG,1,0,0,exhibition,y,
BRG193609071,lopec102,CUS,1,8,value,27,0,1,0,0,0,,,,,1,19360907,1,NYC28,v,BRG,1,0,0,exhibition,y,
BRG193609071,rojoj101,CUS,1,2,value,27,4,0,0,0,0,,,0,,1,19360907,1,NYC28,v,BRG,1,0,0,exhibition,y,
BRG193609071,delgc101,CUS,1,9,value,27,4,0,0,0,0,,,,,1,19360907,1,NYC28,v,BRG,1,0,0,exhibition,y,
BRG193609071,solim102,CUS,1,4,value,27,3,2,0,0,0,,,,,1,19360907,1,NYC28,v,BRG,1,0,0,exhibition,y,
BRG193609071,fernj101,CUS,1,1,value,27,0,2,0,0,0,,,,,1,19360907,1,NYC28,v,BRG,1,0,0,exhibition,y,
BRG193609071,hollc103,BRG,1,9,value,27,7,1,0,0,0,,,,,1,19360907,1,NYC28,h,CUS,0,1,0,exhibition,y,
BRG193609071,hendc102,BRG,1,4,value,,3,1,1,0,0,,,,,1,19360907,1,NYC28,h,CUS,0,1,0,exhibition,y,
BRG193609071,hendc102,BRG,2,6,value,,0,0,0,0,0,,,,,,19360907,1,NYC28,h,CUS,0,1,0,exhibition,y,
BRG193609071,washp101,BRG,1,8,value,27,4,0,0,0,0,,,,,1,19360907,1,NYC28,h,CUS,0,1,0,exhibition,y,
BRG193609071,whitc103,BRG,1,7,value,27,1,0,0,0,0,,,,,1,19360907,1,NYC28,h,CUS,0,1,0,exhibition,y,
BRG193609071,rilee101,BRG,1,3,value,27,5,1,0,1,0,,,,,1,19360907,1,NYC28,h,CUS,0,1,0,exhibition,y,
BRG193609071,lewic103,BRG,1,2,value,27,2,0,1,0,0,,,3,,1,19360907,1,NYC28,h,CUS,0,1,0,exhibition,y,
BRG193609071,albej101,BRG,1,5,value,27,0,1,1,0,0,,,,,1,19360907,1,NYC28,h,CUS,0,1,0,exhibition,y,
BRG193609071,johnb113,BRG,1,6,value,27,4,3,2,1,0,,,,,1,19360907,1,NYC28,h,CUS,0,1,0,exhibition,y,
BRG193609071,brooa101,BRG,1,4,value,,0,0,0,0,0,,,,,,19360907,1,NYC28,h,CUS,0,1,0,exhibition,y,
BRG193609071,grayw101,BRG,1,1,value,5,0,0,0,0,0,,,,,1,19360907,1,NYC28,h,CUS,0,1,0,exhibition,y,
BRG193609071,baila101,BRG,1,1,value,2,0,0,0,0,0,,,,,,19360907,1,NYC28,h,CUS,0,1,0,exhibition,y,
BRG193609071,staro101,BRG,1,1,value,20,1,1,0,0,0,,,,,,19360907,1,NYC28,h,CUS,0,1,0,exhibition,y,
BRG193609072,alvaa101,CUS,1,7,value,24,2,0,0,0,0,,,0,,1,19360907,2,NYC28,v,BRG,0,1,0,exhibition,y,
BRG193609072,rodrm102,CUS,1,6,value,24,2,4,0,0,0,,,0,,1,19360907,2,NYC28,v,BRG,0,1,0,exhibition,y,
BRG193609072,veitm101,CUS,1,5,value,24,1,0,0,0,0,,,0,,1,19360907,2,NYC28,v,BRG,0,1,0,exhibition,y,
BRG193609072,perej101,CUS,1,3,value,24,12,1,0,0,0,,,0,,1,19360907,2,NYC28,v,BRG,0,1,0,exhibition,y,
BRG193609072,lopec102,CUS,1,8,value,24,0,0,0,0,0,,,0,,1,19360907,2,NYC28,v,BRG,0,1,0,exhibition,y,
BRG193609072,rojoj101,CUS,1,2,value,24,4,0,0,0,0,,,1,,1,19360907,2,NYC28,v,BRG,0,1,0,exhibition,y,
BRG193609072,delgc101,CUS,1,9,value,24,1,0,0,0,0,,,0,,1,19360907,2,NYC28,v,BRG,0,1,0,exhibition,y,
BRG193609072,solim102,CUS,1,4,value,24,1,5,0,1,0,,,0,,1,19360907,2,NYC28,v,BRG,0,1,0,exhibition,y,
BRG193609072,diazh101,CUS,1,1,value,,1,1,0,1,0,,,0,,1,19360907,2,NYC28,v,BRG,0,1,0,exhibition,y,
BRG193609072,llubg101,CUS,2,1,value,,0,2,0,0,0,,,0,,,19360907,2,NYC28,v,BRG,0,1,0,exhibition,y,
BRG193609072,hollc103,BRG,1,9,value,27,1,0,0,0,0,,,0,,1,19360907,2,NYC28,h,CUS,1,0,0,exhibition,y,
BRG193609072,hendc102,BRG,1,4,value,27,3,3,1,1,0,,,0,,1,19360907,2,NYC28,h,CUS,1,0,0,exhibition,y,
BRG193609072,washp101,BRG,1,8,value,27,2,0,0,0,0,,,0,,1,19360907,2,NYC28,h,CUS,1,0,0,exhibition,y,
BRG193609072,whitc103,BRG,1,7,value,27,2,0,0,0,0,,,0,,1,19360907,2,NYC28,h,CUS,1,0,0,exhibition,y,
BRG193609072,rilee101,BRG,1,3,value,,15,0,0,2,0,,,0,,1,19360907,2,NYC28,h,CUS,1,0,0,exhibition,y,
BRG193609072,rilee101,BRG,3,1,value,,0,0,0,0,0,,,0,,,19360907,2,NYC28,h,CUS,1,0,0,exhibition,y,
BRG193609072,brooa101,BRG,1,2,value,27,1,0,0,0,0,,,2,,1,19360907,2,NYC28,h,CUS,1,0,0,exhibition,y,
BRG193609072,albej101,BRG,1,5,value,27,1,6,0,1,0,,,0,,1,19360907,2,NYC28,h,CUS,1,0,0,exhibition,y,
BRG193609072,johnb113,BRG,1,6,value,27,1,3,1,2,0,,,0,,1,19360907,2,NYC28,h,CUS,1,0,0,exhibition,y,
BRG193609072,baila101,BRG,1,1,value,,0,3,0,0,0,,,0,,1,19360907,2,NYC28,h,CUS,1,0,0,exhibition,y,
BRG193609072,reddd101,BRG,2,1,value,,0,0,1,0,0,,,0,,,19360907,2,NYC28,h,CUS,1,0,0,exhibition,y,
BRG193609072,grayw101,BRG,2,3,value,,1,0,0,1,0,,,0,,,19360907,2,NYC28,h,CUS,1,0,0,exhibition,y,
HOM193609160,browr103,HOM,1,1,value,27,,,,,,,,,,1,19360916,0,POR02,h,BRG,1,0,0,exhibition,,
HOM193609170,britg103,BRG,1,1,value,,,,,,,,,,,1,19360917,0,TOL05,v,HOM,0,1,0,exhibition,,
HOM193609170,browr103,HOM,1,1,value,27,,,,,,,,,,1,19360917,0,TOL05,h,BRG,1,0,0,exhibition,,
HOM193609190,waita101,HOM,1,1,value,24,,,,,,,,,,1,19360919,0,SBD01,h,BRG,1,0,0,exhibition,,
HOM193609210,lewij103,BRG,1,2,value,24,,,,,,,,,,,19360921,0,DAY03,v,HOM,0,1,0,exhibition,,
HOM193609210,baila101,BRG,1,1,value,,,,,,,,,,,,19360921,0,DAY03,v,HOM,0,1,0,exhibition,,
HOM193609210,reddd101,BRG,2,1,value,,,,,,,,,,,,19360921,0,DAY03,v,HOM,0,1,0,exhibition,,
HOM193609210,duket102,HOM,1,1,value,27,,,,,,,,,,1,19360921,0,DAY03,h,BRG,1,0,0,exhibition,,
HOM193609210,stroj103,HOM,1,1,value,27,,,,,,,,,,,19360921,0,DAY03,h,BRG,1,0,0,exhibition,,
