gid,event,inning,top_bot,vis_home,site,batteam,pitteam,score_v,score_h,batter,pitcher,lp,bat_f,bathand,pithand,balls,strikes,count,pitches,nump,pa,ab,single,double,triple,hr,sh,sf,hbp,walk,k,xi,roe,fc,othout,noout,oth,bip,bunt,ground,fly,line,iw,gdp,othdp,tp,fle,wp,pb,bk,oa,di,sb2,sb3,sbh,cs2,cs3,csh,pko1,pko2,pko3,k_safe,e1,e2,e3,e4,e5,e6,e7,e8,e9,outs_pre,outs_post,br1_pre,br2_pre,br3_pre,br1_post,br2_post,br3_post,lob_id1,lob_id2,lob_id3,pr1_pre,pr2_pre,pr3_pre,pr1_post,pr2_post,pr3_post,run_b,run1,run2,run3,prun_b,prun1,prun2,prun3,ur_b,ur1,ur2,ur3,rbi_b,rbi1,rbi2,rbi3,runs,rbi,er,tur,l1,l2,l3,l4,l5,l6,l7,l8,l9,lf1,lf2,lf3,lf4,lf5,lf6,lf7,lf8,lf9,f2,f3,f4,f5,f6,f7,f8,f9,po0,po1,po2,po3,po4,po5,po6,po7,po8,po9,a1,a2,a3,a4,a5,a6,a7,a8,a9,fseq,batout1,batout2,batout3,brout_b,brout1,brout2,brout3,firstf,loc,hittype,dpopp,pivot,pn,umphome,ump1b,ump2b,ump3b,umplf,umprf,date,gametype,pbp
NY6193607250,99,1,0,0,PAT01,BRG,NY6,0,0,hollc103,salal101,1,9,B,L,?,?,??,,,1,1,0,0,0,0,0,0,0,0,0,0,0,0,1,0,1,1,0,0,0,0,0,0,0,0,0,0,0,0,0,0,0,0,0,0,0,0,0,0,0,0,0,0,0,0,0,0,0,0,0,0,1,,,,,,,,,,,,,,,,,,,,,,,,0,0,0,0,0,0,0,0,0,0,0,0,hollc103,tennu101,albej101,rilee101,lewij103,washp101,grayw101,johnb113,staro101,9,4,6,3,2,8,7,5,1,duncf102,thomd104,garcs101,dihim101,martr105,andrj104,santa102,speac103,1,0,0,0,0,0,0,0,0,0,0,0,0,0,0,0,0,0,0,0,0,0,0,0,0,0,0,0,,,0,0,1,?,,,,,,19360725,exhibition,deduced
NY6193607250,S,1,0,0,PAT01,BRG,NY6,0,0,tennu101,salal101,2,4,?,L,?,?,??,,,1,1,1,0,0,0,0,0,0,0,0,0,0,0,0,0,0,1,0,0,0,0,0,0,0,0,0,0,0,0,0,0,0,0,0,0,0,0,0,0,0,0,0,0,0,0,0,0,0,0,0,1,1,,,,tennu101,,,,,,,,,salal101,,,,,,,,,,,0,0,0,0,0,0,0,0,0,0,0,0,hollc103,tennu101,albej101,rilee101,lewij103,washp101,grayw101,johnb113,staro101,9,4,6,3,2,8,7,5,1,duncf102,thomd104,garcs101,dihim101,martr105,andrj104,santa102,speac103,0,0,0,0,0,0,0,0,0,0,0,0,0,0,0,0,0,0,0,,0,0,0,0,0,0,0,0,,,0,0,2,?,,,,,,19360725,exhibition,deduced
NY6193607250,99,1,0,0,PAT01,BRG,NY6,0,0,albej101,salal101,3,6,?,L,?,?,??,,,1,1,0,0,0,0,0,0,0,0,0,0,0,0,1,0,1,1,0,0,0,0,0,0,0,0,0,0,0,0,0,0,0,0,0,0,0,0,0,0,0,0,0,0,0,0,0,0,0,0,0,1,2,tennu101,,,tennu101,,,,,,salal101,,,salal101,,,,,,,,,,,0,0,0,0,0,0,0,0,0,0,0,0,hollc103,tennu101,albej101,rilee101,lewij103,washp101,grayw101,johnb113,staro101,9,4,6,3,2,8,7,5,1,duncf102,thomd104,garcs101,dihim101,martr105,andrj104,santa102,speac103,1,0,0,0,0,0,0,0,0,0,0,0,0,0,0,0,0,0,0,0,0,0,0,0,0,0,0,0,,,0,0,3,?,,,,,,19360725,exhibition,deduced
NY6193607250,W.1-2,1,0,0,PAT01,BRG,NY6,0,0,rilee101,salal101,4,3,L,L,?,?,??,,,1,0,0,0,0,0,0,0,0,1,0,0,0,0,0,0,0,0,0,0,0,0,0,0,0,0,0,0,0,0,0,0,0,0,0,0,0,0,0,0,0,0,0,0,0,0,0,0,0,0,0,2,2,tennu101,,,rilee101,tennu101,,,,,salal101,,,salal101,salal101,,,,,,,,,,0,0,0,0,0,0,0,0,0,0,0,0,hollc103,tennu101,albej101,rilee101,lewij103,washp101,grayw101,johnb113,staro101,9,4,6,3,2,8,7,5,1,duncf102,thomd104,garcs101,dihim101,martr105,andrj104,santa102,speac103,0,0,0,0,0,0,0,0,0,0,0,0,0,0,0,0,0,0,0,,0,0,0,0,0,0,0,0,,,0,0,4,?,,,,,,19360725,exhibition,deduced
NY6193607250,99,1,0,0,PAT01,BRG,NY6,0,0,lewij103,salal101,5,2,R,L,?,?,??,,,1,1,0,0,0,0,0,0,0,0,0,0,0,0,1,0,1,1,0,0,0,0,0,0,0,0,0,0,0,0,0,0,0,0,0,0,0,0,0,0,0,0,0,0,0,0,0,0,0,0,0,2,3,rilee101,tennu101,,,,,tennu101,rilee101,,salal101,salal101,,,,,,,,,,,,,0,0,0,0,0,0,0,0,0,0,0,0,hollc103,tennu101,albej101,rilee101,lewij103,washp101,grayw101,johnb113,staro101,9,4,6,3,2,8,7,5,1,duncf102,thomd104,garcs101,dihim101,martr105,andrj104,santa102,speac103,1,0,0,0,0,0,0,0,0,0,0,0,0,0,0,0,0,0,0,0,0,0,0,0,0,0,0,0,,,0,0,5,?,,,,,,19360725,exhibition,deduced
NY6193607250,99,1,1,1,PAT01,NY6,BRG,0,0,santa102,staro101,1,8,R,L,?,?,??,,,1,1,0,0,0,0,0,0,0,0,0,0,0,0,1,0,1,1,0,0,0,0,0,0,0,0,0,0,0,0,0,0,0,0,0,0,0,0,0,0,0,0,0,0,0,0,0,0,0,0,0,0,1,,,,,,,,,,,,,,,,,,,,,,,,0,0,0,0,0,0,0,0,0,0,0,0,santa102,thomd104,speac103,andrj104,dihim101,garcs101,duncf102,martr105,salal101,8,3,9,7,5,4,2,6,1,lewij103,rilee101,tennu101,johnb113,albej101,grayw101,washp101,hollc103,1,0,0,0,0,0,0,0,0,0,0,0,0,0,0,0,0,0,0,0,0,0,0,0,0,0,0,0,,,0,0,6,?,,,,,,19360725,exhibition,deduced
NY6193607250,99,1,1,1,PAT01,NY6,BRG,0,0,thomd104,staro101,2,3,L,L,?,?,??,,,1,1,0,0,0,0,0,0,0,0,0,0,0,0,1,0,1,1,0,0,0,0,0,0,0,0,0,0,0,0,0,0,0,0,0,0,0,0,0,0,0,0,0,0,0,0,0,0,0,0,0,1,2,,,,,,,,,,,,,,,,,,,,,,,,0,0,0,0,0,0,0,0,0,0,0,0,santa102,thomd104,speac103,andrj104,dihim101,garcs101,duncf102,martr105,salal101,8,3,9,7,5,4,2,6,1,lewij103,rilee101,tennu101,johnb113,albej101,grayw101,washp101,hollc103,1,0,0,0,0,0,0,0,0,0,0,0,0,0,0,0,0,0,0,0,0,0,0,0,0,0,0,0,,,0,0,7,?,,,,,,19360725,exhibition,deduced
NY6193607250,99,1,1,1,PAT01,NY6,BRG,0,0,speac103,staro101,3,9,L,L,?,?,??,,,1,1,0,0,0,0,0,0,0,0,0,0,0,0,1,0,1,1,0,0,0,0,0,0,0,0,0,0,0,0,0,0,0,0,0,0,0,0,0,0,0,0,0,0,0,0,0,0,0,0,0,2,3,,,,,,,,,,,,,,,,,,,,,,,,0,0,0,0,0,0,0,0,0,0,0,0,santa102,thomd104,speac103,andrj104,dihim101,garcs101,duncf102,martr105,salal101,8,3,9,7,5,4,2,6,1,lewij103,rilee101,tennu101,johnb113,albej101,grayw101,washp101,hollc103,1,0,0,0,0,0,0,0,0,0,0,0,0,0,0,0,0,0,0,0,0,0,0,0,0,0,0,0,,,0,0,8,?,,,,,,19360725,exhibition,deduced
NY6193607250,D,2,0,0,PAT01,BRG,NY6,0,0,washp101,salal101,6,8,R,L,?,?,??,,,1,1,0,1,0,0,0,0,0,0,0,0,0,0,0,0,0,1,0,0,0,0,0,0,0,0,0,0,0,0,0,0,0,0,0,0,0,0,0,0,0,0,0,0,0,0,0,0,0,0,0,0,0,,,,,washp101,,,,,,,,,salal101,,,,,,,,,,0,0,0,0,0,0,0,0,0,0,0,0,hollc103,tennu101,albej101,rilee101,lewij103,washp101,grayw101,johnb113,staro101,9,4,6,3,2,8,7,5,1,duncf102,thomd104,garcs101,dihim101,martr105,andrj104,santa102,speac103,0,0,0,0,0,0,0,0,0,0,0,0,0,0,0,0,0,0,0,,0,0,0,0,0,0,0,0,,,0,0,9,?,,,,,,19360725,exhibition,deduced
NY6193607250,S5.2-3,2,0,0,PAT01,BRG,NY6,0,0,grayw101,salal101,7,7,L,L,?,?,??,,,1,1,1,0,0,0,0,0,0,0,0,0,0,0,0,0,0,1,0,0,0,0,0,0,0,0,0,0,0,0,0,0,0,0,0,0,0,0,0,0,0,0,0,0,0,0,0,0,0,0,0,0,0,,washp101,,grayw101,,washp101,,,,,salal101,,salal101,,salal101,,,,,,,,,0,0,0,0,0,0,0,0,0,0,0,0,hollc103,tennu101,albej101,rilee101,lewij103,washp101,grayw101,johnb113,staro101,9,4,6,3,2,8,7,5,1,duncf102,thomd104,garcs101,dihim101,martr105,andrj104,santa102,speac103,0,0,0,0,0,0,0,0,0,0,0,0,0,0,0,0,0,0,0,,0,0,0,0,0,0,0,5,5+,,0,0,10,?,,,,,,19360725,exhibition,deduced
NY6193607250,K,2,0,0,PAT01,BRG,NY6,0,0,johnb113,salal101,8,5,?,L,?,?,??,,,1,1,0,0,0,0,0,0,0,0,1,0,0,0,0,0,0,0,0,0,0,0,0,0,0,0,0,0,0,0,0,0,0,0,0,0,0,0,0,0,0,0,0,0,0,0,0,0,0,0,0,0,1,grayw101,,washp101,grayw101,,washp101,,,,salal101,,salal101,salal101,,salal101,,,,,,,,,0,0,0,0,0,0,0,0,0,0,0,0,hollc103,tennu101,albej101,rilee101,lewij103,washp101,grayw101,johnb113,staro101,9,4,6,3,2,8,7,5,1,duncf102,thomd104,garcs101,dihim101,martr105,andrj104,santa102,speac103,0,0,1,0,0,0,0,0,0,0,0,0,0,0,0,0,0,0,0,2,0,0,0,0,0,0,0,0,,,0,0,11,?,,,,,,19360725,exhibition,deduced
NY6193607250,K,2,0,0,PAT01,BRG,NY6,0,0,staro101,salal101,9,1,?,L,?,?,??,,,1,1,0,0,0,0,0,0,0,0,1,0,0,0,0,0,0,0,0,0,0,0,0,0,0,0,0,0,0,0,0,0,0,0,0,0,0,0,0,0,0,0,0,0,0,0,0,0,0,0,0,1,2,grayw101,,washp101,grayw101,,washp101,,,,salal101,,salal101,salal101,,salal101,,,,,,,,,0,0,0,0,0,0,0,0,0,0,0,0,hollc103,tennu101,albej101,rilee101,lewij103,washp101,grayw101,johnb113,staro101,9,4,6,3,2,8,7,5,1,duncf102,thomd104,garcs101,dihim101,martr105,andrj104,santa102,speac103,0,0,1,0,0,0,0,0,0,0,0,0,0,0,0,0,0,0,0,2,0,0,0,0,0,0,0,0,,,0,0,12,?,,,,,,19360725,exhibition,deduced
NY6193607250,HP.1-2,2,0,0,PAT01,BRG,NY6,0,0,hollc103,salal101,1,9,B,L,?,?,??,,,1,0,0,0,0,0,0,0,1,0,0,0,0,0,0,0,0,0,0,0,0,0,0,0,0,0,0,0,0,0,0,0,0,0,0,0,0,0,0,0,0,0,0,0,0,0,0,0,0,0,0,2,2,grayw101,,washp101,hollc103,grayw101,washp101,,,,salal101,,salal101,salal101,salal101,salal101,,,,,,,,,0,0,0,0,0,0,0,0,0,0,0,0,hollc103,tennu101,albej101,rilee101,lewij103,washp101,grayw101,johnb113,staro101,9,4,6,3,2,8,7,5,1,duncf102,thomd104,garcs101,dihim101,martr105,andrj104,santa102,speac103,0,0,0,0,0,0,0,0,0,0,0,0,0,0,0,0,0,0,0,,0,0,0,0,0,0,0,0,,,0,0,13,?,,,,,,19360725,exhibition,deduced
NY6193607250,K,2,0,0,PAT01,BRG,NY6,0,0,tennu101,salal101,2,4,?,L,?,?,??,,,1,1,0,0,0,0,0,0,0,0,1,0,0,0,0,0,0,0,0,0,0,0,0,0,0,0,0,0,0,0,0,0,0,0,0,0,0,0,0,0,0,0,0,0,0,0,0,0,0,0,0,2,3,hollc103,grayw101,washp101,,,,washp101,grayw101,hollc103,salal101,salal101,salal101,,,,,,,,,,,,0,0,0,0,0,0,0,0,0,0,0,0,hollc103,tennu101,albej101,rilee101,lewij103,washp101,grayw101,johnb113,staro101,9,4,6,3,2,8,7,5,1,duncf102,thomd104,garcs101,dihim101,martr105,andrj104,santa102,speac103,0,0,1,0,0,0,0,0,0,0,0,0,0,0,0,0,0,0,0,2,0,0,0,0,0,0,0,0,,,0,0,14,?,,,,,,19360725,exhibition,deduced
NY6193607250,99,2,1,1,PAT01,NY6,BRG,0,0,andrj104,staro101,4,7,L,L,?,?,??,,,1,1,0,0,0,0,0,0,0,0,0,0,0,0,1,0,1,1,0,0,0,0,0,0,0,0,0,0,0,0,0,0,0,0,0,0,0,0,0,0,0,0,0,0,0,0,0,0,0,0,0,0,1,,,,,,,,,,,,,,,,,,,,,,,,0,0,0,0,0,0,0,0,0,0,0,0,santa102,thomd104,speac103,andrj104,dihim101,garcs101,duncf102,martr105,salal101,8,3,9,7,5,4,2,6,1,lewij103,rilee101,tennu101,johnb113,albej101,grayw101,washp101,hollc103,1,0,0,0,0,0,0,0,0,0,0,0,0,0,0,0,0,0,0,0,0,0,0,0,0,0,0,0,,,0,0,15,?,,,,,,19360725,exhibition,deduced
NY6193607250,W,2,1,1,PAT01,NY6,BRG,0,0,dihim101,staro101,5,5,R,L,?,?,??,,,1,0,0,0,0,0,0,0,0,1,0,0,0,0,0,0,0,0,0,0,0,0,0,0,0,0,0,0,0,0,0,0,0,0,0,0,0,0,0,0,0,0,0,0,0,0,0,0,0,0,0,1,1,,,,dihim101,,,,,,,,,staro101,,,,,,,,,,,0,0,0,0,0,0,0,0,0,0,0,0,santa102,thomd104,speac103,andrj104,dihim101,garcs101,duncf102,martr105,salal101,8,3,9,7,5,4,2,6,1,lewij103,rilee101,tennu101,johnb113,albej101,grayw101,washp101,hollc103,0,0,0,0,0,0,0,0,0,0,0,0,0,0,0,0,0,0,0,,0,0,0,0,0,0,0,0,,,0,0,16,?,,,,,,19360725,exhibition,deduced
NY6193607250,S.1-2,2,1,1,PAT01,NY6,BRG,0,0,garcs101,staro101,6,4,R,L,?,?,??,,,1,1,1,0,0,0,0,0,0,0,0,0,0,0,0,0,0,1,0,0,0,0,0,0,0,0,0,0,0,0,0,0,0,0,0,0,0,0,0,0,0,0,0,0,0,0,0,0,0,0,0,1,1,dihim101,,,garcs101,dihim101,,,,,staro101,,,staro101,staro101,,,,,,,,,,0,0,0,0,0,0,0,0,0,0,0,0,santa102,thomd104,speac103,andrj104,dihim101,garcs101,duncf102,martr105,salal101,8,3,9,7,5,4,2,6,1,lewij103,rilee101,tennu101,johnb113,albej101,grayw101,washp101,hollc103,0,0,0,0,0,0,0,0,0,0,0,0,0,0,0,0,0,0,0,,0,0,0,0,0,0,0,0,,,0,0,17,?,,,,,,19360725,exhibition,deduced
NY6193607250,99,2,1,1,PAT01,NY6,BRG,0,0,duncf102,staro101,7,2,R,L,?,?,??,,,1,1,0,0,0,0,0,0,0,0,0,0,0,0,1,0,1,1,0,0,0,0,0,0,0,0,0,0,0,0,0,0,0,0,0,0,0,0,0,0,0,0,0,0,0,0,0,0,0,0,0,1,2,garcs101,dihim101,,garcs101,dihim101,,,,,staro101,staro101,,staro101,staro101,,,,,,,,,,0,0,0,0,0,0,0,0,0,0,0,0,santa102,thomd104,speac103,andrj104,dihim101,garcs101,duncf102,martr105,salal101,8,3,9,7,5,4,2,6,1,lewij103,rilee101,tennu101,johnb113,albej101,grayw101,washp101,hollc103,1,0,0,0,0,0,0,0,0,0,0,0,0,0,0,0,0,0,0,0,0,0,0,0,0,0,0,0,,,0,0,18,?,,,,,,19360725,exhibition,deduced
NY6193607250,99,2,1,1,PAT01,NY6,BRG,0,0,martr105,staro101,8,6,R,L,?,?,??,,,1,1,0,0,0,0,0,0,0,0,0,0,0,0,1,0,1,1,0,0,0,0,0,0,0,0,0,0,0,0,0,0,0,0,0,0,0,0,0,0,0,0,0,0,0,0,0,0,0,0,0,2,3,garcs101,dihim101,,,,,dihim101,garcs101,,staro101,staro101,,,,,,,,,,,,,0,0,0,0,0,0,0,0,0,0,0,0,santa102,thomd104,speac103,andrj104,dihim101,garcs101,duncf102,martr105,salal101,8,3,9,7,5,4,2,6,1,lewij103,rilee101,tennu101,johnb113,albej101,grayw101,washp101,hollc103,1,0,0,0,0,0,0,0,0,0,0,0,0,0,0,0,0,0,0,0,0,0,0,0,0,0,0,0,,,0,0,19,?,,,,,,19360725,exhibition,deduced
NY6193607250,99,3,0,0,PAT01,BRG,NY6,0,0,albej101,salal101,3,6,?,L,?,?,??,,,1,1,0,0,0,0,0,0,0,0,0,0,0,0,1,0,1,1,0,0,0,0,0,0,0,0,0,0,0,0,0,0,0,0,0,0,0,0,0,0,0,0,0,0,0,0,0,0,0,0,0,0,1,,,,,,,,,,,,,,,,,,,,,,,,0,0,0,0,0,0,0,0,0,0,0,0,hollc103,tennu101,albej101,rilee101,lewij103,washp101,grayw101,johnb113,staro101,9,4,6,3,2,8,7,5,1,duncf102,thomd104,garcs101,dihim101,martr105,andrj104,santa102,speac103,1,0,0,0,0,0,0,0,0,0,0,0,0,0,0,0,0,0,0,0,0,0,0,0,0,0,0,0,,,0,0,20,?,,,,,,19360725,exhibition,deduced
NY6193607250,99,3,0,0,PAT01,BRG,NY6,0,0,rilee101,salal101,4,3,L,L,?,?,??,,,1,1,0,0,0,0,0,0,0,0,0,0,0,0,1,0,1,1,0,0,0,0,0,0,0,0,0,0,0,0,0,0,0,0,0,0,0,0,0,0,0,0,0,0,0,0,0,0,0,0,0,1,2,,,,,,,,,,,,,,,,,,,,,,,,0,0,0,0,0,0,0,0,0,0,0,0,hollc103,tennu101,albej101,rilee101,lewij103,washp101,grayw101,johnb113,staro101,9,4,6,3,2,8,7,5,1,duncf102,thomd104,garcs101,dihim101,martr105,andrj104,santa102,speac103,1,0,0,0,0,0,0,0,0,0,0,0,0,0,0,0,0,0,0,0,0,0,0,0,0,0,0,0,,,0,0,21,?,,,,,,19360725,exhibition,deduced
NY6193607250,S,3,0,0,PAT01,BRG,NY6,0,0,lewij103,salal101,5,2,R,L,?,?,??,,,1,1,1,0,0,0,0,0,0,0,0,0,0,0,0,0,0,1,0,0,0,0,0,0,0,0,0,0,0,0,0,0,0,0,0,0,0,0,0,0,0,0,0,0,0,0,0,0,0,0,0,2,2,,,,lewij103,,,,,,,,,salal101,,,,,,,,,,,0,0,0,0,0,0,0,0,0,0,0,0,hollc103,tennu101,albej101,rilee101,lewij103,washp101,grayw101,johnb113,staro101,9,4,6,3,2,8,7,5,1,duncf102,thomd104,garcs101,dihim101,martr105,andrj104,santa102,speac103,0,0,0,0,0,0,0,0,0,0,0,0,0,0,0,0,0,0,0,,0,0,0,0,0,0,0,0,,,0,0,22,?,,,,,,19360725,exhibition,deduced
NY6193607250,99,3,0,0,PAT01,BRG,NY6,0,0,washp101,salal101,6,8,R,L,?,?,??,,,1,1,0,0,0,0,0,0,0,0,0,0,0,0,1,0,1,1,0,0,0,0,0,0,0,0,0,0,0,0,0,0,0,0,0,0,0,0,0,0,0,0,0,0,0,0,0,0,0,0,0,2,3,lewij103,,,,,,lewij103,,,salal101,,,,,,,,,,,,,,0,0,0,0,0,0,0,0,0,0,0,0,hollc103,tennu101,albej101,rilee101,lewij103,washp101,grayw101,johnb113,staro101,9,4,6,3,2,8,7,5,1,duncf102,thomd104,garcs101,dihim101,martr105,andrj104,santa102,speac103,1,0,0,0,0,0,0,0,0,0,0,0,0,0,0,0,0,0,0,0,0,0,0,0,0,0,0,0,,,0,0,23,?,,,,,,19360725,exhibition,deduced
NY6193607250,W,3,1,1,PAT01,NY6,BRG,0,0,salal101,staro101,9,1,L,L,?,?,??,,,1,0,0,0,0,0,0,0,0,1,0,0,0,0,0,0,0,0,0,0,0,0,0,0,0,0,0,0,0,0,0,0,0,0,0,0,0,0,0,0,0,0,0,0,0,0,0,0,0,0,0,0,0,,,,salal101,,,,,,,,,staro101,,,,,,,,,,,0,0,0,0,0,0,0,0,0,0,0,0,santa102,thomd104,speac103,andrj104,dihim101,garcs101,duncf102,martr105,salal101,8,3,9,7,5,4,2,6,1,lewij103,rilee101,tennu101,johnb113,albej101,grayw101,washp101,hollc103,0,0,0,0,0,0,0,0,0,0,0,0,0,0,0,0,0,0,0,,0,0,0,0,0,0,0,0,,,0,0,24,?,,,,,,19360725,exhibition,deduced
NY6193607250,S.1-2,3,1,1,PAT01,NY6,BRG,0,0,santa102,staro101,1,8,R,L,?,?,??,,,1,1,1,0,0,0,0,0,0,0,0,0,0,0,0,0,0,1,0,0,0,0,0,0,0,0,0,0,0,0,0,0,0,0,0,0,0,0,0,0,0,0,0,0,0,0,0,0,0,0,0,0,0,salal101,,,santa102,salal101,,,,,staro101,,,staro101,staro101,,,,,,,,,,0,0,0,0,0,0,0,0,0,0,0,0,santa102,thomd104,speac103,andrj104,dihim101,garcs101,duncf102,martr105,salal101,8,3,9,7,5,4,2,6,1,lewij103,rilee101,tennu101,johnb113,albej101,grayw101,washp101,hollc103,0,0,0,0,0,0,0,0,0,0,0,0,0,0,0,0,0,0,0,,0,0,0,0,0,0,0,0,,,0,0,25,?,,,,,,19360725,exhibition,deduced
NY6193607250,99/SH.2-3;1-2,3,1,1,PAT01,NY6,BRG,0,0,thomd104,staro101,2,3,L,L,?,?,??,,,1,0,0,0,0,0,1,0,0,0,0,0,0,0,0,0,0,1,1,0,0,0,0,0,0,0,0,0,0,0,0,0,0,0,0,0,0,0,0,0,0,0,0,0,0,0,0,0,0,0,0,0,1,santa102,salal101,,,santa102,salal101,,,,staro101,staro101,,,staro101,staro101,,,,,,,,,0,0,0,0,0,0,0,0,0,0,0,0,santa102,thomd104,speac103,andrj104,dihim101,garcs101,duncf102,martr105,salal101,8,3,9,7,5,4,2,6,1,lewij103,rilee101,tennu101,johnb113,albej101,grayw101,washp101,hollc103,1,0,0,0,0,0,0,0,0,0,0,0,0,0,0,0,0,0,0,0,0,0,0,0,0,0,0,0,,BG,0,0,26,?,,,,,,19360725,exhibition,deduced
NY6193607250,99/G.3-H;2-3,3,1,1,PAT01,NY6,BRG,0,0,speac103,staro101,3,9,L,L,?,?,??,,,1,1,0,0,0,0,0,0,0,0,0,0,0,0,1,0,1,1,0,1,0,0,0,0,0,0,0,0,0,0,0,0,0,0,0,0,0,0,0,0,0,0,0,0,0,0,0,0,0,0,0,1,2,,santa102,salal101,,,santa102,,,,,staro101,staro101,,,staro101,,,,salal101,,,,staro101,0,0,0,0,0,0,0,1,1,1,1,0,santa102,thomd104,speac103,andrj104,dihim101,garcs101,duncf102,martr105,salal101,8,3,9,7,5,4,2,6,1,lewij103,rilee101,tennu101,johnb113,albej101,grayw101,washp101,hollc103,1,0,0,0,0,0,0,0,0,0,0,0,0,0,0,0,0,0,0,0,0,0,0,0,0,0,0,0,,G,0,0,27,?,,,,,,19360725,exhibition,deduced
NY6193607250,99,3,1,1,PAT01,NY6,BRG,0,1,andrj104,staro101,4,7,L,L,?,?,??,,,1,1,0,0,0,0,0,0,0,0,0,0,0,0,1,0,1,1,0,0,0,0,0,0,0,0,0,0,0,0,0,0,0,0,0,0,0,0,0,0,0,0,0,0,0,0,0,0,0,0,0,2,3,,,santa102,,,,santa102,,,,,staro101,,,,,,,,,,,,0,0,0,0,0,0,0,0,0,0,0,0,santa102,thomd104,speac103,andrj104,dihim101,garcs101,duncf102,martr105,salal101,8,3,9,7,5,4,2,6,1,lewij103,rilee101,tennu101,johnb113,albej101,grayw101,washp101,hollc103,1,0,0,0,0,0,0,0,0,0,0,0,0,0,0,0,0,0,0,0,0,0,0,0,0,0,0,0,,,0,0,28,?,,,,,,19360725,exhibition,deduced
NY6193607250,99,4,0,0,PAT01,BRG,NY6,0,1,grayw101,salal101,7,7,L,L,?,?,??,,,1,1,0,0,0,0,0,0,0,0,0,0,0,0,1,0,1,1,0,0,0,0,0,0,0,0,0,0,0,0,0,0,0,0,0,0,0,0,0,0,0,0,0,0,0,0,0,0,0,0,0,0,1,,,,,,,,,,,,,,,,,,,,,,,,0,0,0,0,0,0,0,0,0,0,0,0,hollc103,tennu101,albej101,rilee101,lewij103,washp101,grayw101,johnb113,staro101,9,4,6,3,2,8,7,5,1,duncf102,thomd104,garcs101,dihim101,martr105,andrj104,santa102,speac103,1,0,0,0,0,0,0,0,0,0,0,0,0,0,0,0,0,0,0,0,0,0,0,0,0,0,0,0,,,0,0,29,?,,,,,,19360725,exhibition,deduced
NY6193607250,99,4,0,0,PAT01,BRG,NY6,0,1,johnb113,salal101,8,5,?,L,?,?,??,,,1,1,0,0,0,0,0,0,0,0,0,0,0,0,1,0,1,1,0,0,0,0,0,0,0,0,0,0,0,0,0,0,0,0,0,0,0,0,0,0,0,0,0,0,0,0,0,0,0,0,0,1,2,,,,,,,,,,,,,,,,,,,,,,,,0,0,0,0,0,0,0,0,0,0,0,0,hollc103,tennu101,albej101,rilee101,lewij103,washp101,grayw101,johnb113,staro101,9,4,6,3,2,8,7,5,1,duncf102,thomd104,garcs101,dihim101,martr105,andrj104,santa102,speac103,1,0,0,0,0,0,0,0,0,0,0,0,0,0,0,0,0,0,0,0,0,0,0,0,0,0,0,0,,,0,0,30,?,,,,,,19360725,exhibition,deduced
NY6193607250,99,4,0,0,PAT01,BRG,NY6,0,1,staro101,salal101,9,1,?,L,?,?,??,,,1,1,0,0,0,0,0,0,0,0,0,0,0,0,1,0,1,1,0,0,0,0,0,0,0,0,0,0,0,0,0,0,0,0,0,0,0,0,0,0,0,0,0,0,0,0,0,0,0,0,0,2,3,,,,,,,,,,,,,,,,,,,,,,,,0,0,0,0,0,0,0,0,0,0,0,0,hollc103,tennu101,albej101,rilee101,lewij103,washp101,grayw101,johnb113,staro101,9,4,6,3,2,8,7,5,1,duncf102,thomd104,garcs101,dihim101,martr105,andrj104,santa102,speac103,1,0,0,0,0,0,0,0,0,0,0,0,0,0,0,0,0,0,0,0,0,0,0,0,0,0,0,0,,,0,0,31,?,,,,,,19360725,exhibition,deduced
NY6193607250,99,4,1,1,PAT01,NY6,BRG,0,1,dihim101,staro101,5,5,R,L,?,?,??,,,1,1,0,0,0,0,0,0,0,0,0,0,0,0,1,0,1,1,0,0,0,0,0,0,0,0,0,0,0,0,0,0,0,0,0,0,0,0,0,0,0,0,0,0,0,0,0,0,0,0,0,0,1,,,,,,,,,,,,,,,,,,,,,,,,0,0,0,0,0,0,0,0,0,0,0,0,santa102,thomd104,speac103,andrj104,dihim101,garcs101,duncf102,martr105,salal101,8,3,9,7,5,4,2,6,1,lewij103,rilee101,tennu101,johnb113,albej101,grayw101,washp101,hollc103,1,0,0,0,0,0,0,0,0,0,0,0,0,0,0,0,0,0,0,0,0,0,0,0,0,0,0,0,,,0,0,32,?,,,,,,19360725,exhibition,deduced
NY6193607250,99,4,1,1,PAT01,NY6,BRG,0,1,garcs101,staro101,6,4,R,L,?,?,??,,,1,1,0,0,0,0,0,0,0,0,0,0,0,0,1,0,1,1,0,0,0,0,0,0,0,0,0,0,0,0,0,0,0,0,0,0,0,0,0,0,0,0,0,0,0,0,0,0,0,0,0,1,2,,,,,,,,,,,,,,,,,,,,,,,,0,0,0,0,0,0,0,0,0,0,0,0,santa102,thomd104,speac103,andrj104,dihim101,garcs101,duncf102,martr105,salal101,8,3,9,7,5,4,2,6,1,lewij103,rilee101,tennu101,johnb113,albej101,grayw101,washp101,hollc103,1,0,0,0,0,0,0,0,0,0,0,0,0,0,0,0,0,0,0,0,0,0,0,0,0,0,0,0,,,0,0,33,?,,,,,,19360725,exhibition,deduced
NY6193607250,E5#,4,1,1,PAT01,NY6,BRG,0,1,duncf102,staro101,7,2,R,L,?,?,??,,,1,1,0,0,0,0,0,0,0,0,0,0,1,0,0,0,0,1,0,1,0,0,0,0,0,0,0,0,0,0,0,0,0,0,0,0,0,0,0,0,0,0,0,0,0,0,1,0,0,0,0,2,2,,,,duncf102,,,,,,,,,staro101,,,,,,,,,,,0,0,0,0,0,0,0,0,0,0,0,0,santa102,thomd104,speac103,andrj104,dihim101,garcs101,duncf102,martr105,salal101,8,3,9,7,5,4,2,6,1,lewij103,rilee101,tennu101,johnb113,albej101,grayw101,washp101,hollc103,0,0,0,0,0,0,0,0,0,0,0,0,0,0,0,0,0,0,0,,0,0,0,0,0,0,0,5,5+,G,0,0,34,?,,,,,,19360725,exhibition,deduced
NY6193607250,99,4,1,1,PAT01,NY6,BRG,0,1,martr105,staro101,8,6,R,L,?,?,??,,,1,1,0,0,0,0,0,0,0,0,0,0,0,0,1,0,1,1,0,0,0,0,0,0,0,0,0,0,0,0,0,0,0,0,0,0,0,0,0,0,0,0,0,0,0,0,0,0,0,0,0,2,3,duncf102,,,,,,duncf102,,,staro101,,,,,,,,,,,,,,0,0,0,0,0,0,0,0,0,0,0,0,santa102,thomd104,speac103,andrj104,dihim101,garcs101,duncf102,martr105,salal101,8,3,9,7,5,4,2,6,1,lewij103,rilee101,tennu101,johnb113,albej101,grayw101,washp101,hollc103,1,0,0,0,0,0,0,0,0,0,0,0,0,0,0,0,0,0,0,0,0,0,0,0,0,0,0,0,,,0,0,35,?,,,,,,19360725,exhibition,deduced
NY6193607250,S,5,0,0,PAT01,BRG,NY6,0,1,hollc103,salal101,1,9,B,L,?,?,??,,,1,1,1,0,0,0,0,0,0,0,0,0,0,0,0,0,0,1,0,0,0,0,0,0,0,0,0,0,0,0,0,0,0,0,0,0,0,0,0,0,0,0,0,0,0,0,0,0,0,0,0,0,0,,,,hollc103,,,,,,,,,salal101,,,,,,,,,,,0,0,0,0,0,0,0,0,0,0,0,0,hollc103,tennu101,albej101,rilee101,lewij103,washp101,grayw101,johnb113,staro101,9,4,6,3,2,8,7,5,1,duncf102,thomd104,garcs101,dihim101,martr105,andrj104,santa102,speac103,0,0,0,0,0,0,0,0,0,0,0,0,0,0,0,0,0,0,0,,0,0,0,0,0,0,0,0,,,0,0,36,?,,,,,,19360725,exhibition,deduced
NY6193607250,S.1-2,5,0,0,PAT01,BRG,NY6,0,1,tennu101,salal101,2,4,?,L,?,?,??,,,1,1,1,0,0,0,0,0,0,0,0,0,0,0,0,0,0,1,0,0,0,0,0,0,0,0,0,0,0,0,0,0,0,0,0,0,0,0,0,0,0,0,0,0,0,0,0,0,0,0,0,0,0,hollc103,,,tennu101,hollc103,,,,,salal101,,,salal101,salal101,,,,,,,,,,0,0,0,0,0,0,0,0,0,0,0,0,hollc103,tennu101,albej101,rilee101,lewij103,washp101,grayw101,johnb113,staro101,9,4,6,3,2,8,7,5,1,duncf102,thomd104,garcs101,dihim101,martr105,andrj104,santa102,speac103,0,0,0,0,0,0,0,0,0,0,0,0,0,0,0,0,0,0,0,,0,0,0,0,0,0,0,0,,,0,0,37,?,,,,,,19360725,exhibition,deduced
NY6193607250,99,5,0,0,PAT01,BRG,NY6,0,1,albej101,salal101,3,6,?,L,?,?,??,,,1,1,0,0,0,0,0,0,0,0,0,0,0,0,1,0,1,1,0,0,0,0,0,0,0,0,0,0,0,0,0,0,0,0,0,0,0,0,0,0,0,0,0,0,0,0,0,0,0,0,0,0,1,tennu101,hollc103,,tennu101,hollc103,,,,,salal101,salal101,,salal101,salal101,,,,,,,,,,0,0,0,0,0,0,0,0,0,0,0,0,hollc103,tennu101,albej101,rilee101,lewij103,washp101,grayw101,johnb113,staro101,9,4,6,3,2,8,7,5,1,duncf102,thomd104,garcs101,dihim101,martr105,andrj104,santa102,speac103,1,0,0,0,0,0,0,0,0,0,0,0,0,0,0,0,0,0,0,0,0,0,0,0,0,0,0,0,,,0,0,38,?,,,,,,19360725,exhibition,deduced
NY6193607250,99,5,0,0,PAT01,BRG,NY6,0,1,rilee101,salal101,4,3,L,L,?,?,??,,,1,1,0,0,0,0,0,0,0,0,0,0,0,0,1,0,1,1,0,0,0,0,0,0,0,0,0,0,0,0,0,0,0,0,0,0,0,0,0,0,0,0,0,0,0,0,0,0,0,0,0,1,2,tennu101,hollc103,,tennu101,hollc103,,,,,salal101,salal101,,salal101,salal101,,,,,,,,,,0,0,0,0,0,0,0,0,0,0,0,0,hollc103,tennu101,albej101,rilee101,lewij103,washp101,grayw101,johnb113,staro101,9,4,6,3,2,8,7,5,1,duncf102,thomd104,garcs101,dihim101,martr105,andrj104,santa102,speac103,1,0,0,0,0,0,0,0,0,0,0,0,0,0,0,0,0,0,0,0,0,0,0,0,0,0,0,0,,,0,0,39,?,,,,,,19360725,exhibition,deduced
NY6193607250,99,5,0,0,PAT01,BRG,NY6,0,1,lewij103,salal101,5,2,R,L,?,?,??,,,1,1,0,0,0,0,0,0,0,0,0,0,0,0,1,0,1,1,0,0,0,0,0,0,0,0,0,0,0,0,0,0,0,0,0,0,0,0,0,0,0,0,0,0,0,0,0,0,0,0,0,2,3,tennu101,hollc103,,,,,hollc103,tennu101,,salal101,salal101,,,,,,,,,,,,,0,0,0,0,0,0,0,0,0,0,0,0,hollc103,tennu101,albej101,rilee101,lewij103,washp101,grayw101,johnb113,staro101,9,4,6,3,2,8,7,5,1,duncf102,thomd104,garcs101,dihim101,martr105,andrj104,santa102,speac103,1,0,0,0,0,0,0,0,0,0,0,0,0,0,0,0,0,0,0,0,0,0,0,0,0,0,0,0,,,0,0,40,?,,,,,,19360725,exhibition,deduced
NY6193607250,99,5,1,1,PAT01,NY6,BRG,0,1,salal101,staro101,9,1,L,L,?,?,??,,,1,1,0,0,0,0,0,0,0,0,0,0,0,0,1,0,1,1,0,0,0,0,0,0,0,0,0,0,0,0,0,0,0,0,0,0,0,0,0,0,0,0,0,0,0,0,0,0,0,0,0,0,1,,,,,,,,,,,,,,,,,,,,,,,,0,0,0,0,0,0,0,0,0,0,0,0,santa102,thomd104,speac103,andrj104,dihim101,garcs101,duncf102,martr105,salal101,8,3,9,7,5,4,2,6,1,lewij103,rilee101,tennu101,johnb113,albej101,grayw101,washp101,hollc103,1,0,0,0,0,0,0,0,0,0,0,0,0,0,0,0,0,0,0,0,0,0,0,0,0,0,0,0,,,0,0,41,?,,,,,,19360725,exhibition,deduced
NY6193607250,E4,5,1,1,PAT01,NY6,BRG,0,1,santa102,staro101,1,8,R,L,?,?,??,,,1,1,0,0,0,0,0,0,0,0,0,0,1,0,0,0,0,1,0,1,0,0,0,0,0,0,0,0,0,0,0,0,0,0,0,0,0,0,0,0,0,0,0,0,0,1,0,0,0,0,0,1,1,,,,santa102,,,,,,,,,staro101,,,,,,,,,,,0,0,0,0,0,0,0,0,0,0,0,0,santa102,thomd104,speac103,andrj104,dihim101,garcs101,duncf102,martr105,salal101,8,3,9,7,5,4,2,6,1,lewij103,rilee101,tennu101,johnb113,albej101,grayw101,washp101,hollc103,0,0,0,0,0,0,0,0,0,0,0,0,0,0,0,0,0,0,0,,0,0,0,0,0,0,0,4,4+,G,0,0,42,?,,,,,,19360725,exhibition,deduced
NY6193607250,99/G.1-2,5,1,1,PAT01,NY6,BRG,0,1,thomd104,staro101,2,3,L,L,?,?,??,,,1,1,0,0,0,0,0,0,0,0,0,0,0,0,1,0,1,1,0,1,0,0,0,0,0,0,0,0,0,0,0,0,0,0,0,0,0,0,0,0,0,0,0,0,0,0,0,0,0,0,0,1,2,santa102,,,,santa102,,,,,staro101,,,,staro101,,,,,,,,,,0,0,0,0,0,0,0,0,0,0,0,0,santa102,thomd104,speac103,andrj104,dihim101,garcs101,duncf102,martr105,salal101,8,3,9,7,5,4,2,6,1,lewij103,rilee101,tennu101,johnb113,albej101,grayw101,washp101,hollc103,1,0,0,0,0,0,0,0,0,0,0,0,0,0,0,0,0,0,0,0,0,0,0,0,0,0,0,0,,G,1,0,43,?,,,,,,19360725,exhibition,deduced
NY6193607250,S.2-H(UR),5,1,1,PAT01,NY6,BRG,0,1,speac103,staro101,3,9,L,L,?,?,??,,,1,1,1,0,0,0,0,0,0,0,0,0,0,0,0,0,0,1,0,0,0,0,0,0,0,0,0,0,0,0,0,0,0,0,0,0,0,0,0,0,0,0,0,0,0,0,0,0,0,0,0,2,2,,santa102,,speac103,,,,,,,staro101,,staro101,,,,,santa102,,,,staro101,,0,0,1,0,0,0,1,0,1,1,0,0,santa102,thomd104,speac103,andrj104,dihim101,garcs101,duncf102,martr105,salal101,8,3,9,7,5,4,2,6,1,lewij103,rilee101,tennu101,johnb113,albej101,grayw101,washp101,hollc103,0,0,0,0,0,0,0,0,0,0,0,0,0,0,0,0,0,0,0,,0,0,0,0,0,0,0,0,,,0,0,44,?,,,,,,19360725,exhibition,deduced
NY6193607250,99,5,1,1,PAT01,NY6,BRG,0,2,andrj104,staro101,4,7,L,L,?,?,??,,,1,1,0,0,0,0,0,0,0,0,0,0,0,0,1,0,1,1,0,0,0,0,0,0,0,0,0,0,0,0,0,0,0,0,0,0,0,0,0,0,0,0,0,0,0,0,0,0,0,0,0,2,3,speac103,,,,,,speac103,,,staro101,,,,,,,,,,,,,,0,0,0,0,0,0,0,0,0,0,0,0,santa102,thomd104,speac103,andrj104,dihim101,garcs101,duncf102,martr105,salal101,8,3,9,7,5,4,2,6,1,lewij103,rilee101,tennu101,johnb113,albej101,grayw101,washp101,hollc103,1,0,0,0,0,0,0,0,0,0,0,0,0,0,0,0,0,0,0,0,0,0,0,0,0,0,0,0,,,0,0,45,?,,,,,,19360725,exhibition,deduced
NY6193607250,99,6,0,0,PAT01,BRG,NY6,0,2,washp101,salal101,6,8,R,L,?,?,??,,,1,1,0,0,0,0,0,0,0,0,0,0,0,0,1,0,1,1,0,0,0,0,0,0,0,0,0,0,0,0,0,0,0,0,0,0,0,0,0,0,0,0,0,0,0,0,0,0,0,0,0,0,1,,,,,,,,,,,,,,,,,,,,,,,,0,0,0,0,0,0,0,0,0,0,0,0,hollc103,tennu101,albej101,rilee101,lewij103,washp101,grayw101,johnb113,staro101,9,4,6,3,2,8,7,5,1,duncf102,thomd104,garcs101,dihim101,martr105,andrj104,santa102,speac103,1,0,0,0,0,0,0,0,0,0,0,0,0,0,0,0,0,0,0,0,0,0,0,0,0,0,0,0,,,0,0,46,?,,,,,,19360725,exhibition,deduced
NY6193607250,S,6,0,0,PAT01,BRG,NY6,0,2,grayw101,salal101,7,7,L,L,?,?,??,,,1,1,1,0,0,0,0,0,0,0,0,0,0,0,0,0,0,1,0,0,0,0,0,0,0,0,0,0,0,0,0,0,0,0,0,0,0,0,0,0,0,0,0,0,0,0,0,0,0,0,0,1,1,,,,grayw101,,,,,,,,,salal101,,,,,,,,,,,0,0,0,0,0,0,0,0,0,0,0,0,hollc103,tennu101,albej101,rilee101,lewij103,washp101,grayw101,johnb113,staro101,9,4,6,3,2,8,7,5,1,duncf102,thomd104,garcs101,dihim101,martr105,andrj104,santa102,speac103,0,0,0,0,0,0,0,0,0,0,0,0,0,0,0,0,0,0,0,,0,0,0,0,0,0,0,0,,,0,0,47,?,,,,,,19360725,exhibition,deduced
NY6193607250,HR/78.1-H,6,0,0,PAT01,BRG,NY6,0,2,beckj104,salal101,8,11,R,L,?,?,??,,,1,1,0,0,0,1,0,0,0,0,0,0,0,0,0,0,0,0,0,0,0,0,0,0,0,0,0,0,0,0,0,0,0,0,0,0,0,0,0,0,0,0,0,0,0,0,0,0,0,0,0,1,1,grayw101,,,,,,,,,salal101,,,,,,beckj104,grayw101,,,salal101,salal101,,,0,0,0,0,1,1,0,0,2,2,2,0,hollc103,tennu101,albej101,rilee101,lewij103,washp101,grayw101,beckj104,staro101,9,4,6,3,2,8,7,11,1,duncf102,thomd104,garcs101,dihim101,martr105,andrj104,santa102,speac103,0,0,0,0,0,0,0,0,0,0,0,0,0,0,0,0,0,0,0,,0,0,0,0,0,0,0,0,,,0,0,48,?,,,,,,19360725,exhibition,deduced
NY6193607250,99,6,0,0,PAT01,BRG,NY6,2,2,staro101,salal101,9,1,?,L,?,?,??,,,1,1,0,0,0,0,0,0,0,0,0,0,0,0,1,0,1,1,0,0,0,0,0,0,0,0,0,0,0,0,0,0,0,0,0,0,0,0,0,0,0,0,0,0,0,0,0,0,0,0,0,1,2,,,,,,,,,,,,,,,,,,,,,,,,0,0,0,0,0,0,0,0,0,0,0,0,hollc103,tennu101,albej101,rilee101,lewij103,washp101,grayw101,beckj104,staro101,9,4,6,3,2,8,7,11,1,duncf102,thomd104,garcs101,dihim101,martr105,andrj104,santa102,speac103,1,0,0,0,0,0,0,0,0,0,0,0,0,0,0,0,0,0,0,0,0,0,0,0,0,0,0,0,,,0,0,49,?,,,,,,19360725,exhibition,deduced
NY6193607250,99,6,0,0,PAT01,BRG,NY6,2,2,hollc103,salal101,1,9,B,L,?,?,??,,,1,1,0,0,0,0,0,0,0,0,0,0,0,0,1,0,1,1,0,0,0,0,0,0,0,0,0,0,0,0,0,0,0,0,0,0,0,0,0,0,0,0,0,0,0,0,0,0,0,0,0,2,3,,,,,,,,,,,,,,,,,,,,,,,,0,0,0,0,0,0,0,0,0,0,0,0,hollc103,tennu101,albej101,rilee101,lewij103,washp101,grayw101,beckj104,staro101,9,4,6,3,2,8,7,11,1,duncf102,thomd104,garcs101,dihim101,martr105,andrj104,santa102,speac103,1,0,0,0,0,0,0,0,0,0,0,0,0,0,0,0,0,0,0,0,0,0,0,0,0,0,0,0,,,0,0,50,?,,,,,,19360725,exhibition,deduced
NY6193607250,99,6,1,1,PAT01,NY6,BRG,2,2,dihim101,staro101,5,5,R,L,?,?,??,,,1,1,0,0,0,0,0,0,0,0,0,0,0,0,1,0,1,1,0,0,0,0,0,0,0,0,0,0,0,0,0,0,0,0,0,0,0,0,0,0,0,0,0,0,0,0,0,0,0,0,0,0,1,,,,,,,,,,,,,,,,,,,,,,,,0,0,0,0,0,0,0,0,0,0,0,0,santa102,thomd104,speac103,andrj104,dihim101,garcs101,duncf102,martr105,salal101,8,3,9,7,5,4,2,6,1,lewij103,rilee101,tennu101,burgr101,albej101,grayw101,washp101,hollc103,1,0,0,0,0,0,0,0,0,0,0,0,0,0,0,0,0,0,0,0,0,0,0,0,0,0,0,0,,,0,0,51,?,,,,,,19360725,exhibition,deduced
NY6193607250,99,6,1,1,PAT01,NY6,BRG,2,2,garcs101,staro101,6,4,R,L,?,?,??,,,1,1,0,0,0,0,0,0,0,0,0,0,0,0,1,0,1,1,0,0,0,0,0,0,0,0,0,0,0,0,0,0,0,0,0,0,0,0,0,0,0,0,0,0,0,0,0,0,0,0,0,1,2,,,,,,,,,,,,,,,,,,,,,,,,0,0,0,0,0,0,0,0,0,0,0,0,santa102,thomd104,speac103,andrj104,dihim101,garcs101,duncf102,martr105,salal101,8,3,9,7,5,4,2,6,1,lewij103,rilee101,tennu101,burgr101,albej101,grayw101,washp101,hollc103,1,0,0,0,0,0,0,0,0,0,0,0,0,0,0,0,0,0,0,0,0,0,0,0,0,0,0,0,,,0,0,52,?,,,,,,19360725,exhibition,deduced
NY6193607250,99,6,1,1,PAT01,NY6,BRG,2,2,duncf102,staro101,7,2,R,L,?,?,??,,,1,1,0,0,0,0,0,0,0,0,0,0,0,0,1,0,1,1,0,0,0,0,0,0,0,0,0,0,0,0,0,0,0,0,0,0,0,0,0,0,0,0,0,0,0,0,0,0,0,0,0,2,3,,,,,,,,,,,,,,,,,,,,,,,,0,0,0,0,0,0,0,0,0,0,0,0,santa102,thomd104,speac103,andrj104,dihim101,garcs101,duncf102,martr105,salal101,8,3,9,7,5,4,2,6,1,lewij103,rilee101,tennu101,burgr101,albej101,grayw101,washp101,hollc103,1,0,0,0,0,0,0,0,0,0,0,0,0,0,0,0,0,0,0,0,0,0,0,0,0,0,0,0,,,0,0,53,?,,,,,,19360725,exhibition,deduced
NY6193607250,99,7,0,0,PAT01,BRG,NY6,2,2,tennu101,salal101,2,4,?,L,?,?,??,,,1,1,0,0,0,0,0,0,0,0,0,0,0,0,1,0,1,1,0,0,0,0,0,0,0,0,0,0,0,0,0,0,0,0,0,0,0,0,0,0,0,0,0,0,0,0,0,0,0,0,0,0,1,,,,,,,,,,,,,,,,,,,,,,,,0,0,0,0,0,0,0,0,0,0,0,0,hollc103,tennu101,albej101,rilee101,lewij103,washp101,grayw101,burgr101,staro101,9,4,6,3,2,8,7,5,1,duncf102,thomd104,garcs101,dihim101,martr105,andrj104,santa102,speac103,1,0,0,0,0,0,0,0,0,0,0,0,0,0,0,0,0,0,0,0,0,0,0,0,0,0,0,0,,,0,0,54,?,,,,,,19360725,exhibition,deduced
NY6193607250,99,7,0,0,PAT01,BRG,NY6,2,2,albej101,salal101,3,6,?,L,?,?,??,,,1,1,0,0,0,0,0,0,0,0,0,0,0,0,1,0,1,1,0,0,0,0,0,0,0,0,0,0,0,0,0,0,0,0,0,0,0,0,0,0,0,0,0,0,0,0,0,0,0,0,0,1,2,,,,,,,,,,,,,,,,,,,,,,,,0,0,0,0,0,0,0,0,0,0,0,0,hollc103,tennu101,albej101,rilee101,lewij103,washp101,grayw101,burgr101,staro101,9,4,6,3,2,8,7,5,1,duncf102,thomd104,garcs101,dihim101,martr105,andrj104,santa102,speac103,1,0,0,0,0,0,0,0,0,0,0,0,0,0,0,0,0,0,0,0,0,0,0,0,0,0,0,0,,,0,0,55,?,,,,,,19360725,exhibition,deduced
NY6193607250,99,7,0,0,PAT01,BRG,NY6,2,2,rilee101,salal101,4,3,L,L,?,?,??,,,1,1,0,0,0,0,0,0,0,0,0,0,0,0,1,0,1,1,0,0,0,0,0,0,0,0,0,0,0,0,0,0,0,0,0,0,0,0,0,0,0,0,0,0,0,0,0,0,0,0,0,2,3,,,,,,,,,,,,,,,,,,,,,,,,0,0,0,0,0,0,0,0,0,0,0,0,hollc103,tennu101,albej101,rilee101,lewij103,washp101,grayw101,burgr101,staro101,9,4,6,3,2,8,7,5,1,duncf102,thomd104,garcs101,dihim101,martr105,andrj104,santa102,speac103,1,0,0,0,0,0,0,0,0,0,0,0,0,0,0,0,0,0,0,0,0,0,0,0,0,0,0,0,,,0,0,56,?,,,,,,19360725,exhibition,deduced
NY6193607250,S,7,1,1,PAT01,NY6,BRG,2,2,martr105,staro101,8,6,R,L,?,?,??,,,1,1,1,0,0,0,0,0,0,0,0,0,0,0,0,0,0,1,0,0,0,0,0,0,0,0,0,0,0,0,0,0,0,0,0,0,0,0,0,0,0,0,0,0,0,0,0,0,0,0,0,0,0,,,,martr105,,,,,,,,,staro101,,,,,,,,,,,0,0,0,0,0,0,0,0,0,0,0,0,santa102,thomd104,speac103,andrj104,dihim101,garcs101,duncf102,martr105,salal101,8,3,9,7,5,4,2,6,1,lewij103,rilee101,tennu101,burgr101,albej101,grayw101,washp101,hollc103,0,0,0,0,0,0,0,0,0,0,0,0,0,0,0,0,0,0,0,,0,0,0,0,0,0,0,0,,,0,0,57,?,,,,,,19360725,exhibition,deduced
NY6193607250,99/G.1-2#,7,1,1,PAT01,NY6,BRG,2,2,salal101,staro101,9,1,L,L,?,?,??,,,1,1,0,0,0,0,0,0,0,0,0,0,0,0,1,0,1,1,0,1,0,0,0,0,0,0,0,0,0,0,0,0,0,0,0,0,0,0,0,0,0,0,0,0,0,0,0,0,0,0,0,0,1,martr105,,,,martr105,,,,,staro101,,,,staro101,,,,,,,,,,0,0,0,0,0,0,0,0,0,0,0,0,santa102,thomd104,speac103,andrj104,dihim101,garcs101,duncf102,martr105,salal101,8,3,9,7,5,4,2,6,1,lewij103,rilee101,tennu101,burgr101,albej101,grayw101,washp101,hollc103,1,0,0,0,0,0,0,0,0,0,0,0,0,0,0,0,0,0,0,0,0,0,0,0,0,0,0,0,,G,1,0,58,?,,,,,,19360725,exhibition,deduced
NY6193607250,E5/TH.2-H(NR)(UR);B-2#,7,1,1,PAT01,NY6,BRG,2,2,santa102,staro101,1,8,R,L,?,?,??,,,1,1,0,0,0,0,0,0,0,0,0,0,1,0,0,0,0,1,0,1,0,0,0,0,0,0,0,0,0,0,0,0,0,0,0,0,0,0,0,0,0,0,0,0,0,0,1,0,0,0,0,1,1,,martr105,,,santa102,,,,,,staro101,,,staro101,,,,martr105,,,,staro101,,0,0,1,0,0,0,0,0,1,0,0,0,santa102,thomd104,speac103,andrj104,dihim101,garcs101,duncf102,martr105,salal101,8,3,9,7,5,4,2,6,1,lewij103,rilee101,tennu101,burgr101,albej101,grayw101,washp101,hollc103,0,0,0,0,0,0,0,0,0,0,0,0,0,0,0,0,0,0,0,,0,0,0,0,0,0,0,5,5+,G,0,0,59,?,,,,,,19360725,exhibition,deduced
NY6193607250,E1.2-3,7,1,1,PAT01,NY6,BRG,2,3,thomd104,staro101,2,3,L,L,?,?,??,,,1,1,0,0,0,0,0,0,0,0,0,0,1,0,0,0,0,1,0,1,0,0,0,0,0,0,0,0,0,0,0,0,0,0,0,0,0,0,0,0,0,0,1,0,0,0,0,0,0,0,0,1,1,,santa102,,thomd104,,santa102,,,,,staro101,,staro101,,staro101,,,,,,,,,0,0,0,0,0,0,0,0,0,0,0,0,santa102,thomd104,speac103,andrj104,dihim101,garcs101,duncf102,martr105,salal101,8,3,9,7,5,4,2,6,1,lewij103,rilee101,tennu101,burgr101,albej101,grayw101,washp101,hollc103,0,0,0,0,0,0,0,0,0,0,0,0,0,0,0,0,0,0,0,,0,0,0,0,0,0,0,1,1+,G,0,0,60,?,,,,,,19360725,exhibition,deduced
NY6193607250,99/G.3-H(UR);1-2,7,1,1,PAT01,NY6,BRG,2,3,speac103,staro101,3,9,L,L,?,?,??,,,1,1,0,0,0,0,0,0,0,0,0,0,0,0,1,0,1,1,0,1,0,0,0,0,0,0,0,0,0,0,0,0,0,0,0,0,0,0,0,0,0,0,0,0,0,0,0,0,0,0,0,1,2,thomd104,,santa102,,thomd104,,,,,staro101,,staro101,,staro101,,,,,santa102,,,,staro101,0,0,0,1,0,0,0,1,1,1,0,0,santa102,thomd104,speac103,andrj104,dihim101,garcs101,duncf102,martr105,salal101,8,3,9,7,5,4,2,6,1,lewij103,rilee101,tennu101,burgr101,albej101,grayw101,washp101,hollc103,1,0,0,0,0,0,0,0,0,0,0,0,0,0,0,0,0,0,0,0,0,0,0,0,0,0,0,0,,G,1,0,61,?,,,,,,19360725,exhibition,deduced
NY6193607250,99,7,1,1,PAT01,NY6,BRG,2,4,andrj104,staro101,4,7,L,L,?,?,??,,,1,1,0,0,0,0,0,0,0,0,0,0,0,0,1,0,1,1,0,0,0,0,0,0,0,0,0,0,0,0,0,0,0,0,0,0,0,0,0,0,0,0,0,0,0,0,0,0,0,0,0,2,3,,thomd104,,,,,thomd104,,,,staro101,,,,,,,,,,,,,0,0,0,0,0,0,0,0,0,0,0,0,santa102,thomd104,speac103,andrj104,dihim101,garcs101,duncf102,martr105,salal101,8,3,9,7,5,4,2,6,1,lewij103,rilee101,tennu101,burgr101,albej101,grayw101,washp101,hollc103,1,0,0,0,0,0,0,0,0,0,0,0,0,0,0,0,0,0,0,0,0,0,0,0,0,0,0,0,,,0,0,62,?,,,,,,19360725,exhibition,deduced
NY6193607250,99,8,0,0,PAT01,BRG,NY6,2,4,lewij103,salal101,5,2,R,L,?,?,??,,,1,1,0,0,0,0,0,0,0,0,0,0,0,0,1,0,1,1,0,0,0,0,0,0,0,0,0,0,0,0,0,0,0,0,0,0,0,0,0,0,0,0,0,0,0,0,0,0,0,0,0,0,1,,,,,,,,,,,,,,,,,,,,,,,,0,0,0,0,0,0,0,0,0,0,0,0,hollc103,tennu101,albej101,rilee101,lewij103,washp101,grayw101,burgr101,staro101,9,4,6,3,2,8,7,5,1,duncf102,thomd104,garcs101,dihim101,martr105,andrj104,santa102,speac103,1,0,0,0,0,0,0,0,0,0,0,0,0,0,0,0,0,0,0,0,0,0,0,0,0,0,0,0,,,0,0,63,?,,,,,,19360725,exhibition,deduced
NY6193607250,W,8,0,0,PAT01,BRG,NY6,2,4,washp101,salal101,6,8,R,L,?,?,??,,,1,0,0,0,0,0,0,0,0,1,0,0,0,0,0,0,0,0,0,0,0,0,0,0,0,0,0,0,0,0,0,0,0,0,0,0,0,0,0,0,0,0,0,0,0,0,0,0,0,0,0,1,1,,,,washp101,,,,,,,,,salal101,,,,,,,,,,,0,0,0,0,0,0,0,0,0,0,0,0,hollc103,tennu101,albej101,rilee101,lewij103,washp101,grayw101,burgr101,staro101,9,4,6,3,2,8,7,5,1,duncf102,thomd104,garcs101,dihim101,martr105,andrj104,santa102,speac103,0,0,0,0,0,0,0,0,0,0,0,0,0,0,0,0,0,0,0,,0,0,0,0,0,0,0,0,,,0,0,64,?,,,,,,19360725,exhibition,deduced
NY6193607250,99,8,0,0,PAT01,BRG,NY6,2,4,grayw101,salal101,7,7,L,L,?,?,??,,,1,1,0,0,0,0,0,0,0,0,0,0,0,0,1,0,1,1,0,0,0,0,0,0,0,0,0,0,0,0,0,0,0,0,0,0,0,0,0,0,0,0,0,0,0,0,0,0,0,0,0,1,2,washp101,,,washp101,,,,,,salal101,,,salal101,,,,,,,,,,,0,0,0,0,0,0,0,0,0,0,0,0,hollc103,tennu101,albej101,rilee101,lewij103,washp101,grayw101,burgr101,staro101,9,4,6,3,2,8,7,5,1,duncf102,thomd104,garcs101,dihim101,martr105,andrj104,santa102,speac103,1,0,0,0,0,0,0,0,0,0,0,0,0,0,0,0,0,0,0,0,0,0,0,0,0,0,0,0,,,0,0,65,?,,,,,,19360725,exhibition,deduced
NY6193607250,99,8,0,0,PAT01,BRG,NY6,2,4,burgr101,salal101,8,5,R,L,?,?,??,,,1,1,0,0,0,0,0,0,0,0,0,0,0,0,1,0,1,1,0,0,0,0,0,0,0,0,0,0,0,0,0,0,0,0,0,0,0,0,0,0,0,0,0,0,0,0,0,0,0,0,0,2,3,washp101,,,,,,washp101,,,salal101,,,,,,,,,,,,,,0,0,0,0,0,0,0,0,0,0,0,0,hollc103,tennu101,albej101,rilee101,lewij103,washp101,grayw101,burgr101,staro101,9,4,6,3,2,8,7,5,1,duncf102,thomd104,garcs101,dihim101,martr105,andrj104,santa102,speac103,1,0,0,0,0,0,0,0,0,0,0,0,0,0,0,0,0,0,0,0,0,0,0,0,0,0,0,0,,,0,0,66,?,,,,,,19360725,exhibition,deduced
NY6193607250,S,8,1,1,PAT01,NY6,BRG,2,4,dihim101,staro101,5,5,R,L,?,?,??,,,1,1,1,0,0,0,0,0,0,0,0,0,0,0,0,0,0,1,0,0,0,0,0,0,0,0,0,0,0,0,0,0,0,0,0,0,0,0,0,0,0,0,0,0,0,0,0,0,0,0,0,0,0,,,,dihim101,,,,,,,,,staro101,,,,,,,,,,,0,0,0,0,0,0,0,0,0,0,0,0,santa102,thomd104,speac103,andrj104,dihim101,garcs101,duncf102,martr105,salal101,8,3,9,7,5,4,2,6,1,lewij103,rilee101,tennu101,burgr101,albej101,grayw101,washp101,hollc103,0,0,0,0,0,0,0,0,0,0,0,0,0,0,0,0,0,0,0,,0,0,0,0,0,0,0,0,,,0,0,67,?,,,,,,19360725,exhibition,deduced
NY6193607250,S.1-2,8,1,1,PAT01,NY6,BRG,2,4,garcs101,staro101,6,4,R,L,?,?,??,,,1,1,1,0,0,0,0,0,0,0,0,0,0,0,0,0,0,1,0,0,0,0,0,0,0,0,0,0,0,0,0,0,0,0,0,0,0,0,0,0,0,0,0,0,0,0,0,0,0,0,0,0,0,dihim101,,,garcs101,dihim101,,,,,staro101,,,staro101,staro101,,,,,,,,,,0,0,0,0,0,0,0,0,0,0,0,0,santa102,thomd104,speac103,andrj104,dihim101,garcs101,duncf102,martr105,salal101,8,3,9,7,5,4,2,6,1,lewij103,rilee101,tennu101,burgr101,albej101,grayw101,washp101,hollc103,0,0,0,0,0,0,0,0,0,0,0,0,0,0,0,0,0,0,0,,0,0,0,0,0,0,0,0,,,0,0,68,?,,,,,,19360725,exhibition,deduced
NY6193607250,W.2-3;1-2,8,1,1,PAT01,NY6,BRG,2,4,duncf102,staro101,7,2,R,L,?,?,??,,,1,0,0,0,0,0,0,0,0,1,0,0,0,0,0,0,0,0,0,0,0,0,0,0,0,0,0,0,0,0,0,0,0,0,0,0,0,0,0,0,0,0,0,0,0,0,0,0,0,0,0,0,0,garcs101,dihim101,,duncf102,garcs101,dihim101,,,,staro101,staro101,,staro101,staro101,staro101,,,,,,,,,0,0,0,0,0,0,0,0,0,0,0,0,santa102,thomd104,speac103,andrj104,dihim101,garcs101,duncf102,martr105,salal101,8,3,9,7,5,4,2,6,1,lewij103,rilee101,tennu101,burgr101,albej101,grayw101,washp101,hollc103,0,0,0,0,0,0,0,0,0,0,0,0,0,0,0,0,0,0,0,,0,0,0,0,0,0,0,0,,,0,0,69,?,,,,,,19360725,exhibition,deduced
NY6193607250,99/G.3-H;2-3;1-2,8,1,1,PAT01,NY6,BRG,2,4,martr105,staro101,8,6,R,L,?,?,??,,,1,1,0,0,0,0,0,0,0,0,0,0,0,0,1,0,1,1,0,1,0,0,0,0,0,0,0,0,0,0,0,0,0,0,0,0,0,0,0,0,0,0,0,0,0,0,0,0,0,0,0,0,1,duncf102,garcs101,dihim101,,duncf102,garcs101,,,,staro101,staro101,staro101,,staro101,staro101,,,,dihim101,,,,staro101,0,0,0,0,0,0,0,1,1,1,1,0,santa102,thomd104,speac103,andrj104,dihim101,garcs101,duncf102,martr105,salal101,8,3,9,7,5,4,2,6,1,lewij103,rilee101,tennu101,burgr101,albej101,grayw101,washp101,hollc103,1,0,0,0,0,0,0,0,0,0,0,0,0,0,0,0,0,0,0,0,0,0,0,0,0,0,0,0,,G,1,0,70,?,,,,,,19360725,exhibition,deduced
NY6193607250,S.3-H;2-H,8,1,1,PAT01,NY6,BRG,2,5,salal101,staro101,9,1,L,L,?,?,??,,,1,1,1,0,0,0,0,0,0,0,0,0,0,0,0,0,0,1,0,0,0,0,0,0,0,0,0,0,0,0,0,0,0,0,0,0,0,0,0,0,0,0,0,0,0,0,0,0,0,0,0,1,1,,duncf102,garcs101,salal101,,,,,,,staro101,staro101,staro101,,,,,duncf102,garcs101,,,staro101,staro101,0,0,0,0,0,0,1,1,2,2,2,0,santa102,thomd104,speac103,andrj104,dihim101,garcs101,duncf102,martr105,salal101,8,3,9,7,5,4,2,6,1,lewij103,rilee101,tennu101,burgr101,albej101,grayw101,washp101,hollc103,0,0,0,0,0,0,0,0,0,0,0,0,0,0,0,0,0,0,0,,0,0,0,0,0,0,0,0,,,0,0,71,?,,,,,,19360725,exhibition,deduced
NY6193607250,99,8,1,1,PAT01,NY6,BRG,2,7,santa102,staro101,1,8,R,L,?,?,??,,,1,1,0,0,0,0,0,0,0,0,0,0,0,0,1,0,1,1,0,0,0,0,0,0,0,0,0,0,0,0,0,0,0,0,0,0,0,0,0,0,0,0,0,0,0,0,0,0,0,0,0,1,2,salal101,,,salal101,,,,,,staro101,,,staro101,,,,,,,,,,,0,0,0,0,0,0,0,0,0,0,0,0,santa102,thomd104,speac103,andrj104,dihim101,garcs101,duncf102,martr105,salal101,8,3,9,7,5,4,2,6,1,lewij103,rilee101,tennu101,burgr101,albej101,grayw101,washp101,hollc103,1,0,0,0,0,0,0,0,0,0,0,0,0,0,0,0,0,0,0,0,0,0,0,0,0,0,0,0,,,0,0,72,?,,,,,,19360725,exhibition,deduced
NY6193607250,99,8,1,1,PAT01,NY6,BRG,2,7,thomd104,staro101,2,3,L,L,?,?,??,,,1,1,0,0,0,0,0,0,0,0,0,0,0,0,1,0,1,1,0,0,0,0,0,0,0,0,0,0,0,0,0,0,0,0,0,0,0,0,0,0,0,0,0,0,0,0,0,0,0,0,0,2,3,salal101,,,,,,salal101,,,staro101,,,,,,,,,,,,,,0,0,0,0,0,0,0,0,0,0,0,0,santa102,thomd104,speac103,andrj104,dihim101,garcs101,duncf102,martr105,salal101,8,3,9,7,5,4,2,6,1,lewij103,rilee101,tennu101,burgr101,albej101,grayw101,washp101,hollc103,1,0,0,0,0,0,0,0,0,0,0,0,0,0,0,0,0,0,0,0,0,0,0,0,0,0,0,0,,,0,0,73,?,,,,,,19360725,exhibition,deduced
NY6193607250,S,9,0,0,PAT01,BRG,NY6,2,7,britg103,salal101,9,11,R,L,?,?,??,,,1,1,1,0,0,0,0,0,0,0,0,0,0,0,0,0,0,1,0,0,0,0,0,0,0,0,0,0,0,0,0,0,0,0,0,0,0,0,0,0,0,0,0,0,0,0,0,0,0,0,0,0,0,,,,britg103,,,,,,,,,salal101,,,,,,,,,,,0,0,0,0,0,0,0,0,0,0,0,0,hollc103,tennu101,albej101,rilee101,lewij103,washp101,grayw101,burgr101,britg103,9,4,6,3,2,8,7,5,11,duncf102,thomd104,garcs101,dihim101,martr105,andrj104,santa102,speac103,0,0,0,0,0,0,0,0,0,0,0,0,0,0,0,0,0,0,0,,0,0,0,0,0,0,0,0,,,0,0,74,?,,,,,,19360725,exhibition,deduced
NY6193607250,99(1)/FO,9,0,0,PAT01,BRG,NY6,2,7,hollc103,salal101,1,9,B,L,?,?,??,,,1,1,0,0,0,0,0,0,0,0,0,0,0,0,1,0,1,1,0,1,0,0,0,0,0,0,0,0,0,0,0,0,0,0,0,0,0,0,0,0,0,0,0,0,0,0,0,0,0,0,0,0,1,britg103,,,hollc103,,,,,,salal101,,,salal101,,,,,,,,,,,0,0,0,0,0,0,0,0,0,0,0,0,hollc103,tennu101,albej101,rilee101,lewij103,washp101,grayw101,burgr101,britg103,9,4,6,3,2,8,7,5,11,duncf102,thomd104,garcs101,dihim101,martr105,andrj104,santa102,speac103,1,0,0,0,0,0,0,0,0,0,0,0,0,0,0,0,0,0,0,0,0,0,0,0,0,0,0,0,,G,1,0,75,?,,,,,,19360725,exhibition,deduced
NY6193607250,SB2,9,0,0,PAT01,BRG,NY6,2,7,tennu101,salal101,2,4,?,L,?,?,??,,,0,0,0,0,0,0,0,0,0,0,0,0,0,0,0,0,0,0,0,0,0,0,0,0,0,0,0,0,0,0,0,0,1,0,0,0,0,0,0,0,0,0,0,0,0,0,0,0,0,0,0,1,1,hollc103,,,,hollc103,,,,,salal101,,,,salal101,,,,,,,,,,0,0,0,0,0,0,0,0,0,0,0,0,hollc103,tennu101,albej101,rilee101,lewij103,washp101,grayw101,burgr101,britg103,9,4,6,3,2,8,7,5,11,duncf102,thomd104,garcs101,dihim101,martr105,andrj104,santa102,speac103,0,0,0,0,0,0,0,0,0,0,0,0,0,0,0,0,0,0,0,,0,0,0,0,0,0,0,0,,,0,0,76,?,,,,,,19360725,exhibition,deduced
NY6193607250,99,9,0,0,PAT01,BRG,NY6,2,7,tennu101,salal101,2,4,?,L,?,?,??,,,1,1,0,0,0,0,0,0,0,0,0,0,0,0,1,0,1,1,0,0,0,0,0,0,0,0,0,0,0,0,0,0,0,0,0,0,0,0,0,0,0,0,0,0,0,0,0,0,0,0,0,1,2,,hollc103,,,hollc103,,,,,,salal101,,,salal101,,,,,,,,,,0,0,0,0,0,0,0,0,0,0,0,0,hollc103,tennu101,albej101,rilee101,lewij103,washp101,grayw101,burgr101,britg103,9,4,6,3,2,8,7,5,11,duncf102,thomd104,garcs101,dihim101,martr105,andrj104,santa102,speac103,1,0,0,0,0,0,0,0,0,0,0,0,0,0,0,0,0,0,0,0,0,0,0,0,0,0,0,0,,,0,0,77,?,,,,,,19360725,exhibition,deduced
NY6193607250,SB3,9,0,0,PAT01,BRG,NY6,2,7,albej101,salal101,3,6,?,L,?,?,??,,,0,0,0,0,0,0,0,0,0,0,0,0,0,0,0,0,0,0,0,0,0,0,0,0,0,0,0,0,0,0,0,0,0,1,0,0,0,0,0,0,0,0,0,0,0,0,0,0,0,0,0,2,2,,hollc103,,,,hollc103,,,,,salal101,,,,salal101,,,,,,,,,0,0,0,0,0,0,0,0,0,0,0,0,hollc103,tennu101,albej101,rilee101,lewij103,washp101,grayw101,burgr101,britg103,9,4,6,3,2,8,7,5,11,duncf102,thomd104,garcs101,dihim101,martr105,andrj104,santa102,speac103,0,0,0,0,0,0,0,0,0,0,0,0,0,0,0,0,0,0,0,,0,0,0,0,0,0,0,0,,,0,0,78,?,,,,,,19360725,exhibition,deduced
NY6193607250,99,9,0,0,PAT01,BRG,NY6,2,7,albej101,salal101,3,6,?,L,?,?,??,,,1,1,0,0,0,0,0,0,0,0,0,0,0,0,1,0,1,1,0,0,0,0,0,0,0,0,0,0,0,0,0,0,0,0,0,0,0,0,0,0,0,0,0,0,0,0,0,0,0,0,0,2,3,,,hollc103,,,,hollc103,,,,,salal101,,,,,,,,,,,,0,0,0,0,0,0,0,0,0,0,0,0,hollc103,tennu101,albej101,rilee101,lewij103,washp101,grayw101,burgr101,britg103,9,4,6,3,2,8,7,5,11,duncf102,thomd104,garcs101,dihim101,martr105,andrj104,santa102,speac103,1,0,0,0,0,0,0,0,0,0,0,0,0,0,0,0,0,0,0,0,0,0,0,0,0,0,0,0,,,0,0,79,?,,,,,,19360725,exhibition,deduced
