gid,id,team,d_seq,d_pos,stattype,d_ifouts,d_po,d_a,d_e,d_dp,d_tp,d_pb,d_wp,d_sb,d_cs,d_gs,date,number,site,vishome,opp,win,loss,tie,gametype,box,pbp
LCB194905010,watkm101,PH5,1,5,value,12,0,0,0,0,0,,,,,1,19490501,0,LOU05,v,LCB,0,1,0,regular,y,d
LCB194905010,hefna101,PH5,1,7,value,12,0,0,0,0,0,,,,,1,19490501,0,LOU05,v,LCB,0,1,0,regular,y,d
LCB194905010,willm107,PH5,1,4,value,12,0,0,0,0,0,,,,,1,19490501,0,LOU05,v,LCB,0,1,0,regular,y,d
LCB194905010,clarb101,PH5,1,6,value,12,0,0,0,0,0,,,,,1,19490501,0,LOU05,v,LCB,0,1,0,regular,y,d
LCB194905010,littb101,PH5,1,9,value,12,0,0,0,0,0,,,,,1,19490501,0,LOU05,v,LCB,0,1,0,regular,y,d
LCB194905010,jonej109,PH5,1,3,value,12,0,0,0,0,0,,,,,1,19490501,0,LOU05,v,LCB,0,1,0,regular,y,d
LCB194905010,cashb101,PH5,1,2,value,12,0,0,0,0,0,0,0,0,0,1,19490501,0,LOU05,v,LCB,0,1,0,regular,y,d
LCB194905010,brutb101,PH5,1,8,value,12,0,0,1,0,0,,,,,1,19490501,0,LOU05,v,LCB,0,1,0,regular,y,d
LCB194905010,rickb102,PH5,1,1,value,12,0,0,0,0,0,,,,,1,19490501,0,LOU05,v,LCB,0,1,0,regular,y,d
LCB194905010,armsj101,LCB,1,8,value,15,1,0,0,0,0,,,,,1,19490501,0,LOU05,h,PH5,1,0,0,regular,y,d
LCB194905010,warea101,LCB,1,3,value,15,0,0,0,0,0,,,,,1,19490501,0,LOU05,h,PH5,1,0,0,regular,y,d
LCB194905010,woodp104,LCB,1,5,value,15,0,0,0,0,0,,,,,1,19490501,0,LOU05,h,PH5,1,0,0,regular,y,d
LCB194905010,kelll101,LCB,1,4,value,15,0,0,0,0,0,,,,,1,19490501,0,LOU05,h,PH5,1,0,0,regular,y,d
LCB194905010,gracw101,LCB,1,9,value,15,0,0,0,0,0,,,,,1,19490501,0,LOU05,h,PH5,1,0,0,regular,y,d
LCB194905010,marvc101,LCB,1,6,value,15,0,0,0,0,0,,,,,1,19490501,0,LOU05,h,PH5,1,0,0,regular,y,d
LCB194905010,scotj106,LCB,1,7,value,15,0,0,0,0,0,,,,,1,19490501,0,LOU05,h,PH5,1,0,0,regular,y,d
LCB194905010,harrt102,LCB,1,2,value,15,0,0,0,0,0,0,0,0,0,1,19490501,0,LOU05,h,PH5,1,0,0,regular,y,d
LCB194905010,brewc102,LCB,1,1,value,15,0,0,0,0,0,,,,,1,19490501,0,LOU05,h,PH5,1,0,0,regular,y,d
LCB194905020,glens101,PH5,1,2,value,27,,,,,,,,,,1,19490502,0,COL05,v,LCB,1,0,0,regular,,
LCB194905020,millh104,PH5,1,1,value,27,,,,,,,,,,1,19490502,0,COL05,v,LCB,1,0,0,regular,,
LCB194905020,radct101,LCB,1,2,value,21,,,0,,,,,,,1,19490502,0,COL05,h,PH5,0,1,0,regular,,
LCB194905020,harrt102,LCB,,2,value,3,,,0,,,,,,,,19490502,0,COL05,h,PH5,0,1,0,regular,,
LCB194905020,armsj101,LCB,,2,value,3,,,0,,,,,,,,19490502,0,COL05,h,PH5,0,1,0,regular,,
LCB194905020,longe102,LCB,1,1,value,27,,,0,,,,,,,1,19490502,0,COL05,h,PH5,0,1,0,regular,,
LCB194905030,glens101,PH5,1,2,value,24,,,,,,,,,,1,19490503,0,SPR04,v,LCB,0,1,0,regular,,
LCB194905030,thomg105,PH5,1,1,value,24,,,,,,,,,,1,19490503,0,SPR04,v,LCB,0,1,0,regular,,
LCB194905030,radct101,LCB,1,2,value,12,,,,,,,,,,1,19490503,0,SPR04,h,PH5,1,0,0,regular,,
LCB194905030,harrt102,LCB,2,2,value,15,,,,,,,,,,,19490503,0,SPR04,h,PH5,1,0,0,regular,,
LCB194905030,jeffg102,LCB,1,1,value,12,,,,,,,,,,1,19490503,0,SPR04,h,PH5,1,0,0,regular,,
LCB194905030,browt105,LCB,2,1,value,15,,,,,,,,,,,19490503,0,SPR04,h,PH5,1,0,0,regular,,
LCB194905040,harrw101,PH5,1,1,value,,,,,,,,,,,1,19490504,0,DAY03,v,LCB,1,0,0,regular,,
LCB194905040,rickb102,PH5,2,1,value,,,,,,,,,,,,19490504,0,DAY03,v,LCB,1,0,0,regular,,
LCB194905040,glens101,PH5,1,2,value,27,,,,,,,,,,1,19490504,0,DAY03,v,LCB,1,0,0,regular,,
LCB194905040,clarw103,LCB,1,1,value,,,,,,,,,,,1,19490504,0,DAY03,h,PH5,0,1,0,regular,,
LCB194905040,jonep103,LCB,2,1,value,,,,,,,,,,,,19490504,0,DAY03,h,PH5,0,1,0,regular,,
LCB194905040,radct101,LCB,1,2,value,27,,,,,,,,,,1,19490504,0,DAY03,h,PH5,0,1,0,regular,,
LCB194905050,grifb102,PH5,1,1,value,27,,,,,,,,,,1,19490505,0,CHA01,v,LCB,1,0,0,regular,,
LCB194905050,glens101,PH5,1,2,value,27,,,,,,,,,,1,19490505,0,CHA01,v,LCB,1,0,0,regular,,
LCB194905050,browj114,LCB,1,1,value,13,,,,,,,,,,1,19490505,0,CHA01,h,PH5,0,1,0,regular,,
LCB194905050,longe102,LCB,,1,value,2,,,,,,,,,,,19490505,0,CHA01,h,PH5,0,1,0,regular,,
LCB194905050,osora101,LCB,,1,value,12,,,,,,,,,,,19490505,0,CHA01,h,PH5,0,1,0,regular,,
LCB194905050,radct101,LCB,1,2,value,15,,,,,,,,,,1,19490505,0,CHA01,h,PH5,0,1,0,regular,,
LCB194905050,harrt102,LCB,,2,value,12,,,,,,,,,,,19490505,0,CHA01,h,PH5,0,1,0,regular,,
PH5194905081,soueh101,KCM,1,5,value,24,0,1,1,0,0,,,,,1,19490508,1,NWK04,v,PH5,0,1,0,regular,y,d
PH5194905081,robec102,KCM,1,4,value,24,2,5,0,0,0,,,,,1,19490508,1,NWK04,v,PH5,0,1,0,regular,y,d
PH5194905081,serrb101,KCM,1,3,value,24,15,0,0,0,0,,,,,1,19490508,1,NWK04,v,PH5,0,1,0,regular,y,d
PH5194905081,broww101,KCM,1,8,value,24,1,0,0,0,0,,,,,1,19490508,1,NWK04,v,PH5,0,1,0,regular,y,d
PH5194905081,thurb101,KCM,1,9,value,24,1,1,0,0,0,,,,,1,19490508,1,NWK04,v,PH5,0,1,0,regular,y,d
PH5194905081,taboe101,KCM,1,2,value,24,3,1,1,0,0,0,0,2,0,1,19490508,1,NWK04,v,PH5,0,1,0,regular,y,d
PH5194905081,howae101,KCM,1,7,value,24,0,0,1,0,0,,,,,1,19490508,1,NWK04,v,PH5,0,1,0,regular,y,d
PH5194905081,bakeg101,KCM,1,6,value,24,2,5,0,0,0,,,,,1,19490508,1,NWK04,v,PH5,0,1,0,regular,y,d
PH5194905081,mcdab101,KCM,1,1,value,20,0,3,0,0,0,,,,,1,19490508,1,NWK04,v,PH5,0,1,0,regular,y,d
PH5194905081,lamaj102,KCM,1,1,value,4,0,0,0,0,0,,,,,0,19490508,1,NWK04,v,PH5,0,1,0,regular,y,d
PH5194905081,armsj101,PH5,1,8,value,27,3,0,0,0,0,,,,,1,19490508,1,NWK04,h,KCM,1,0,0,regular,y,d
PH5194905081,hefna101,PH5,1,5,value,27,2,3,0,0,0,,,,,1,19490508,1,NWK04,h,KCM,1,0,0,regular,y,d
PH5194905081,willm107,PH5,1,3,value,27,12,0,0,0,0,,,,,1,19490508,1,NWK04,h,KCM,1,0,0,regular,y,d
PH5194905081,littb101,PH5,1,9,value,27,1,0,0,0,0,,,,,1,19490508,1,NWK04,h,KCM,1,0,0,regular,y,d
PH5194905081,clarb101,PH5,1,6,value,27,0,6,0,0,0,,,,,1,19490508,1,NWK04,h,KCM,1,0,0,regular,y,d
PH5194905081,cashb101,PH5,1,2,value,27,3,0,0,0,0,0,0,0,0,1,19490508,1,NWK04,h,KCM,1,0,0,regular,y,d
PH5194905081,jonej109,PH5,1,7,value,27,2,0,0,0,0,,,,,1,19490508,1,NWK04,h,KCM,1,0,0,regular,y,d
PH5194905081,watkm101,PH5,1,4,value,27,4,1,0,0,0,,,,,1,19490508,1,NWK04,h,KCM,1,0,0,regular,y,d
PH5194905081,rickb102,PH5,1,1,value,22,0,1,0,0,0,,,,,1,19490508,1,NWK04,h,KCM,1,0,0,regular,y,d
PH5194905081,harrw101,PH5,1,1,value,5,0,1,0,0,0,,,,,0,19490508,1,NWK04,h,KCM,1,0,0,regular,y,d
PH5194905082,soueh101,KCM,1,5,value,18,0,0,0,0,0,,,,,1,19490508,2,NWK04,v,PH5,0,1,0,regular,y,d
PH5194905082,robec102,KCM,1,4,value,18,0,0,0,0,0,,,,,1,19490508,2,NWK04,v,PH5,0,1,0,regular,y,d
PH5194905082,serrb101,KCM,1,3,value,18,0,0,0,0,0,,,,,1,19490508,2,NWK04,v,PH5,0,1,0,regular,y,d
PH5194905082,broww101,KCM,1,8,value,18,0,0,0,0,0,,,,,1,19490508,2,NWK04,v,PH5,0,1,0,regular,y,d
PH5194905082,thurb101,KCM,1,9,value,18,0,0,0,0,0,,,,,1,19490508,2,NWK04,v,PH5,0,1,0,regular,y,d
PH5194905082,taboe101,KCM,1,2,value,18,0,0,0,0,0,0,0,0,0,1,19490508,2,NWK04,v,PH5,0,1,0,regular,y,d
PH5194905082,howae101,KCM,1,7,value,18,0,0,0,0,0,,,,,1,19490508,2,NWK04,v,PH5,0,1,0,regular,y,d
PH5194905082,bakeg101,KCM,1,6,value,18,0,0,0,0,0,,,,,1,19490508,2,NWK04,v,PH5,0,1,0,regular,y,d
PH5194905082,lamaj102,KCM,1,1,value,18,0,0,1,0,0,,,,,1,19490508,2,NWK04,v,PH5,0,1,0,regular,y,d
PH5194905082,armsj101,PH5,1,8,value,21,0,0,0,0,0,,,,,1,19490508,2,NWK04,h,KCM,1,0,0,regular,y,d
PH5194905082,hefna101,PH5,1,5,value,21,0,0,1,0,0,,,,,1,19490508,2,NWK04,h,KCM,1,0,0,regular,y,d
PH5194905082,willm107,PH5,1,3,value,18,0,0,0,0,0,,,,,1,19490508,2,NWK04,h,KCM,1,0,0,regular,y,d
PH5194905082,willm107,PH5,2,4,value,3,0,0,0,0,0,,,,,0,19490508,2,NWK04,h,KCM,1,0,0,regular,y,d
PH5194905082,littb101,PH5,1,9,value,21,0,0,0,0,0,,,,,1,19490508,2,NWK04,h,KCM,1,0,0,regular,y,d
PH5194905082,clarb101,PH5,1,6,value,21,0,0,0,0,0,,,,,1,19490508,2,NWK04,h,KCM,1,0,0,regular,y,d
PH5194905082,glens101,PH5,1,2,value,21,0,0,0,0,0,0,0,0,0,1,19490508,2,NWK04,h,KCM,1,0,0,regular,y,d
PH5194905082,jonej109,PH5,1,7,value,21,0,0,0,0,0,,,,,1,19490508,2,NWK04,h,KCM,1,0,0,regular,y,d
PH5194905082,watkm101,PH5,1,4,value,18,0,0,0,0,0,,,,,1,19490508,2,NWK04,h,KCM,1,0,0,regular,y,d
PH5194905082,cashb101,PH5,1,3,value,3,0,0,0,0,0,,,,,0,19490508,2,NWK04,h,KCM,1,0,0,regular,y,d
PH5194905082,grifb102,PH5,1,1,value,21,0,0,0,0,0,,,,,1,19490508,2,NWK04,h,KCM,1,0,0,regular,y,d
PH5194905120,brews101,IN9,1,5,value,27,1,2,0,0,0,,,,,1,19490512,0,WIL04,v,PH5,1,0,0,regular,y,d
PH5194905120,willj111,IN9,1,6,value,27,2,2,0,0,0,,,,,1,19490512,0,WIL04,v,PH5,1,0,0,regular,y,d
PH5194905120,neilr101,IN9,1,4,value,27,3,3,0,0,0,,,,,1,19490512,0,WIL04,v,PH5,1,0,0,regular,y,d
PH5194905120,hairs101,IN9,1,2,value,27,1,1,1,0,0,0,0,0,1,1,19490512,0,WIL04,v,PH5,1,0,0,regular,y,d
PH5194905120,tatug101,IN9,1,3,value,15,7,0,1,0,0,,,,,1,19490512,0,WIL04,v,PH5,1,0,0,regular,y,d
PH5194905120,wilsc104,IN9,1,7,value,6,0,0,0,0,0,,,,,0,19490512,0,WIL04,v,PH5,1,0,0,regular,y,d
PH5194905120,nelsc102,IN9,1,3,value,6,8,0,0,0,0,,,,,0,19490512,0,WIL04,v,PH5,1,0,0,regular,y,d
PH5194905120,drakr101,IN9,1,8,value,27,1,0,0,0,0,,,,,1,19490512,0,WIL04,v,PH5,1,0,0,regular,y,d
PH5194905120,garnh101,IN9,1,9,value,27,0,0,0,0,0,,,,,1,19490512,0,WIL04,v,PH5,1,0,0,regular,y,d
PH5194905120,merch101,IN9,1,7,value,21,4,0,0,0,0,,,,,1,19490512,0,WIL04,v,PH5,1,0,0,regular,y,d
PH5194905120,merch101,IN9,2,3,value,6,0,0,0,0,0,,,,,0,19490512,0,WIL04,v,PH5,1,0,0,regular,y,d
PH5194905120,davip103,IN9,1,1,value,27,0,4,0,0,0,,,,,1,19490512,0,WIL04,v,PH5,1,0,0,regular,y,d
PH5194905120,armsj101,PH5,1,8,value,27,1,0,0,0,0,,,,,1,19490512,0,WIL04,h,IN9,0,1,0,regular,y,d
PH5194905120,hefna101,PH5,1,7,value,27,1,0,0,0,0,,,,,1,19490512,0,WIL04,h,IN9,0,1,0,regular,y,d
PH5194905120,willm107,PH5,1,4,value,27,1,2,1,2,0,,,,,1,19490512,0,WIL04,h,IN9,0,1,0,regular,y,d
PH5194905120,littb101,PH5,1,9,value,27,0,0,0,0,0,,,,,1,19490512,0,WIL04,h,IN9,0,1,0,regular,y,d
PH5194905120,jonej109,PH5,1,3,value,27,10,0,0,3,0,,,,,1,19490512,0,WIL04,h,IN9,0,1,0,regular,y,d
PH5194905120,clarb101,PH5,1,6,value,27,3,3,1,3,0,,,,,1,19490512,0,WIL04,h,IN9,0,1,0,regular,y,d
PH5194905120,cashb101,PH5,1,2,value,27,8,0,1,0,0,0,0,2,0,1,19490512,0,WIL04,h,IN9,0,1,0,regular,y,d
PH5194905120,watkm101,PH5,1,5,value,27,3,2,1,1,0,,,,,1,19490512,0,WIL04,h,IN9,0,1,0,regular,y,d
PH5194905120,harrw101,PH5,1,1,value,27,0,0,0,0,0,,,,,1,19490512,0,WIL04,h,IN9,0,1,0,regular,y,d
PH5194905131,brews101,IN9,1,7,value,24,1,0,0,0,0,,,,,1,19490513,1,PHI11,v,PH5,0,1,0,regular,y,d
PH5194905131,willj111,IN9,1,6,value,24,2,5,0,0,0,,,,,1,19490513,1,PHI11,v,PH5,0,1,0,regular,y,d
PH5194905131,neilr101,IN9,1,4,value,24,5,4,0,0,0,,,,,1,19490513,1,PHI11,v,PH5,0,1,0,regular,y,d
PH5194905131,nelsc102,IN9,1,5,value,24,0,3,0,0,0,,,,,1,19490513,1,PHI11,v,PH5,0,1,0,regular,y,d
PH5194905131,merch101,IN9,1,3,value,24,10,0,0,0,0,,,,,1,19490513,1,PHI11,v,PH5,0,1,0,regular,y,d
PH5194905131,hairs101,IN9,1,2,value,24,4,1,0,0,0,0,0,0,0,1,19490513,1,PHI11,v,PH5,0,1,0,regular,y,d
PH5194905131,drakr101,IN9,1,8,value,24,2,0,0,0,0,,,,,1,19490513,1,PHI11,v,PH5,0,1,0,regular,y,d
PH5194905131,garnh101,IN9,1,9,value,21,0,0,0,0,0,,,,,1,19490513,1,PHI11,v,PH5,0,1,0,regular,y,d
PH5194905131,wilsc104,IN9,1,9,value,3,0,0,0,0,0,,,,,0,19490513,1,PHI11,v,PH5,0,1,0,regular,y,d
PH5194905131,cathw101,IN9,1,1,value,24,0,1,0,0,0,,,,,1,19490513,1,PHI11,v,PH5,0,1,0,regular,y,d
PH5194905131,armsj101,PH5,1,8,value,27,2,0,0,0,0,,,,,1,19490513,1,PHI11,h,IN9,1,0,0,regular,y,d
PH5194905131,hefna101,PH5,1,7,value,27,2,0,0,0,0,,,,,1,19490513,1,PHI11,h,IN9,1,0,0,regular,y,d
PH5194905131,willm107,PH5,1,4,value,27,2,6,0,0,0,,,,,1,19490513,1,PHI11,h,IN9,1,0,0,regular,y,d
PH5194905131,littb101,PH5,1,9,value,27,1,0,0,0,0,,,,,1,19490513,1,PHI11,h,IN9,1,0,0,regular,y,d
PH5194905131,clarb101,PH5,1,6,value,27,2,6,0,0,0,,,,,1,19490513,1,PHI11,h,IN9,1,0,0,regular,y,d
PH5194905131,glens101,PH5,1,2,value,27,6,0,0,0,0,0,0,0,0,1,19490513,1,PHI11,h,IN9,1,0,0,regular,y,d
PH5194905131,jonej109,PH5,1,3,value,27,12,0,0,0,0,,,,,1,19490513,1,PHI11,h,IN9,1,0,0,regular,y,d
PH5194905131,watkm101,PH5,1,5,value,27,0,0,0,0,0,,,,,1,19490513,1,PHI11,h,IN9,1,0,0,regular,y,d
PH5194905131,millh104,PH5,1,1,value,27,0,1,0,0,0,,,,,1,19490513,1,PHI11,h,IN9,1,0,0,regular,y,d
PH5194905132,brews101,IN9,1,7,value,24,2,0,0,0,0,,,,,1,19490513,2,PHI11,v,PH5,0,1,0,regular,y,d
PH5194905132,willj111,IN9,1,6,value,24,2,2,0,2,0,,,,,1,19490513,2,PHI11,v,PH5,0,1,0,regular,y,d
PH5194905132,neilr101,IN9,1,4,value,24,4,5,0,2,0,,,,,1,19490513,2,PHI11,v,PH5,0,1,0,regular,y,d
PH5194905132,nelsc102,IN9,1,5,value,18,0,2,0,0,0,,,,,1,19490513,2,PHI11,v,PH5,0,1,0,regular,y,d
PH5194905132,nelsc102,IN9,2,3,value,6,2,0,0,0,0,,,,,0,19490513,2,PHI11,v,PH5,0,1,0,regular,y,d
PH5194905132,hairs101,IN9,1,9,value,18,0,0,0,0,0,,,,,1,19490513,2,PHI11,v,PH5,0,1,0,regular,y,d
PH5194905132,hairs101,IN9,2,5,value,6,0,1,0,0,0,,,,,0,19490513,2,PHI11,v,PH5,0,1,0,regular,y,d
PH5194905132,drakr101,IN9,1,8,value,24,1,0,0,0,0,,,,,1,19490513,2,PHI11,v,PH5,0,1,0,regular,y,d
PH5194905132,merch101,IN9,1,3,value,18,10,1,0,2,0,,,,,1,19490513,2,PHI11,v,PH5,0,1,0,regular,y,d
PH5194905132,wilsc104,IN9,1,9,value,6,0,0,0,0,0,,,,,0,19490513,2,PHI11,v,PH5,0,1,0,regular,y,d
PH5194905132,haywb102,IN9,1,2,value,24,3,0,0,0,0,0,0,2,0,1,19490513,2,PHI11,v,PH5,0,1,0,regular,y,d
PH5194905132,butth101,IN9,1,1,value,15,0,2,0,0,0,,,,,1,19490513,2,PHI11,v,PH5,0,1,0,regular,y,d
PH5194905132,godim101,IN9,1,1,value,9,0,0,0,0,0,,,,,0,19490513,2,PHI11,v,PH5,0,1,0,regular,y,d
PH5194905132,armsj101,PH5,1,8,value,27,1,0,0,0,0,,,,,1,19490513,2,PHI11,h,IN9,1,0,0,regular,y,d
PH5194905132,hefna101,PH5,1,7,value,27,2,0,0,0,0,,,,,1,19490513,2,PHI11,h,IN9,1,0,0,regular,y,d
PH5194905132,willm107,PH5,1,4,value,27,1,1,0,0,0,,,,,1,19490513,2,PHI11,h,IN9,1,0,0,regular,y,d
PH5194905132,littb101,PH5,1,9,value,27,4,1,0,0,0,,,,,1,19490513,2,PHI11,h,IN9,1,0,0,regular,y,d
PH5194905132,clarb101,PH5,1,6,value,27,5,2,0,0,0,,,,,1,19490513,2,PHI11,h,IN9,1,0,0,regular,y,d
PH5194905132,cashb101,PH5,1,2,value,27,9,1,0,0,0,0,0,0,0,1,19490513,2,PHI11,h,IN9,1,0,0,regular,y,d
PH5194905132,jonej109,PH5,1,3,value,27,4,0,0,0,0,,,,,1,19490513,2,PHI11,h,IN9,1,0,0,regular,y,d
PH5194905132,watkm101,PH5,1,5,value,27,1,3,0,0,0,,,,,1,19490513,2,PHI11,h,IN9,1,0,0,regular,y,d
PH5194905132,thomg105,PH5,1,1,value,18,0,1,0,0,0,,,,,1,19490513,2,PHI11,h,IN9,1,0,0,regular,y,d
PH5194905132,rickb102,PH5,1,1,value,9,0,1,0,0,0,,,,,0,19490513,2,PHI11,h,IN9,1,0,0,regular,y,d
BLG194905151,hefna101,PH5,1,7,value,24,2,0,0,0,0,,,,,1,19490515,1,BAL14,v,BLG,0,1,0,regular,y,d
BLG194905151,armsj101,PH5,1,8,value,24,3,0,0,0,0,,,,,1,19490515,1,BAL14,v,BLG,0,1,0,regular,y,d
BLG194905151,willm107,PH5,1,4,value,24,4,2,1,1,0,,,,,1,19490515,1,BAL14,v,BLG,0,1,0,regular,y,d
BLG194905151,littb101,PH5,1,9,value,24,2,0,0,0,0,,,,,1,19490515,1,BAL14,v,BLG,0,1,0,regular,y,d
BLG194905151,clarb101,PH5,1,6,value,24,2,7,1,1,0,,,,,1,19490515,1,BAL14,v,BLG,0,1,0,regular,y,d
BLG194905151,jonej109,PH5,1,3,value,24,8,0,0,1,0,,,,,1,19490515,1,BAL14,v,BLG,0,1,0,regular,y,d
BLG194905151,cashb101,PH5,1,2,value,24,3,0,0,0,0,0,0,0,0,1,19490515,1,BAL14,v,BLG,0,1,0,regular,y,d
BLG194905151,watkm101,PH5,1,5,value,24,0,0,0,0,0,,,,,1,19490515,1,BAL14,v,BLG,0,1,0,regular,y,d
BLG194905151,grifb102,PH5,1,1,value,21,0,1,0,0,0,,,,,1,19490515,1,BAL14,v,BLG,0,1,0,regular,y,d
BLG194905151,thomg105,PH5,1,1,value,3,0,0,0,0,0,,,,,0,19490515,1,BAL14,v,BLG,0,1,0,regular,y,d
BLG194905151,kimbh102,BLG,1,8,value,27,2,0,0,0,0,,,,,1,19490515,1,BAL14,h,PH5,1,0,0,regular,y,d
BLG194905151,buttt102,BLG,1,6,value,27,2,5,0,1,0,,,,,1,19490515,1,BAL14,h,PH5,1,0,0,regular,y,d
BLG194905151,gillj102,BLG,1,4,value,27,2,4,0,0,0,,,,,1,19490515,1,BAL14,h,PH5,1,0,0,regular,y,d
BLG194905151,lockl101,BLG,1,9,value,27,3,0,0,0,0,,,,,1,19490515,1,BAL14,h,PH5,1,0,0,regular,y,d
BLG194905151,davib108,BLG,1,7,value,27,0,0,0,0,0,,,,,1,19490515,1,BAL14,h,PH5,1,0,0,regular,y,d
BLG194905151,pearl102,BLG,1,3,value,27,15,1,0,1,0,,,,,1,19490515,1,BAL14,h,PH5,1,0,0,regular,y,d
BLG194905151,russf101,BLG,1,5,value,27,1,2,1,0,0,,,,,1,19490515,1,BAL14,h,PH5,1,0,0,regular,y,d
BLG194905151,hayej104,BLG,1,2,value,27,2,4,0,0,0,0,0,0,1,1,19490515,1,BAL14,h,PH5,1,0,0,regular,y,d
BLG194905151,byrdb101,BLG,1,1,value,27,0,2,0,1,0,,,,,1,19490515,1,BAL14,h,PH5,1,0,0,regular,y,d
BLG194905152,hefna101,PH5,1,7,value,18,1,0,0,0,0,,,,,1,19490515,2,BAL14,v,BLG,0,1,0,regular,y,d
BLG194905152,armsj101,PH5,1,8,value,18,3,1,0,0,0,,,,,1,19490515,2,BAL14,v,BLG,0,1,0,regular,y,d
BLG194905152,willm107,PH5,1,4,value,18,0,2,1,0,0,,,,,1,19490515,2,BAL14,v,BLG,0,1,0,regular,y,d
BLG194905152,littb101,PH5,1,9,value,18,4,0,0,0,0,,,,,1,19490515,2,BAL14,v,BLG,0,1,0,regular,y,d
BLG194905152,clarb101,PH5,1,6,value,18,1,2,1,0,0,,,,,1,19490515,2,BAL14,v,BLG,0,1,0,regular,y,d
BLG194905152,jonej109,PH5,1,3,value,9,3,0,0,0,0,,,,,1,19490515,2,BAL14,v,BLG,0,1,0,regular,y,d
BLG194905152,cashb101,PH5,1,3,value,9,5,0,0,0,0,,,,,0,19490515,2,BAL14,v,BLG,0,1,0,regular,y,d
BLG194905152,glens101,PH5,1,2,value,18,1,0,0,0,0,0,0,0,0,1,19490515,2,BAL14,v,BLG,0,1,0,regular,y,d
BLG194905152,watkm101,PH5,1,5,value,18,0,2,0,0,0,,,,,1,19490515,2,BAL14,v,BLG,0,1,0,regular,y,d
BLG194905152,rickb102,PH5,1,1,value,18,0,1,0,0,0,,,,,1,19490515,2,BAL14,v,BLG,0,1,0,regular,y,d
BLG194905152,kimbh102,BLG,1,8,value,21,2,0,0,0,0,,,,,1,19490515,2,BAL14,h,PH5,1,0,0,regular,y,d
BLG194905152,buttt102,BLG,1,6,value,21,1,1,0,0,0,,,,,1,19490515,2,BAL14,h,PH5,1,0,0,regular,y,d
BLG194905152,gillj102,BLG,1,4,value,21,2,3,0,0,0,,,,,1,19490515,2,BAL14,h,PH5,1,0,0,regular,y,d
BLG194905152,lockl101,BLG,1,9,value,21,1,0,0,0,0,,,,,1,19490515,2,BAL14,h,PH5,1,0,0,regular,y,d
BLG194905152,davib108,BLG,1,7,value,21,3,1,0,0,0,,,,,1,19490515,2,BAL14,h,PH5,1,0,0,regular,y,d
BLG194905152,pearl102,BLG,1,3,value,21,6,0,0,0,0,,,,,1,19490515,2,BAL14,h,PH5,1,0,0,regular,y,d
BLG194905152,russf101,BLG,1,5,value,21,0,0,0,0,0,,,,,1,19490515,2,BAL14,h,PH5,1,0,0,regular,y,d
BLG194905152,robif104,BLG,1,2,value,21,6,0,0,0,0,0,0,0,0,1,19490515,2,BAL14,h,PH5,1,0,0,regular,y,d
BLG194905152,rombb101,BLG,1,1,value,21,0,1,0,0,0,,,,,1,19490515,2,BAL14,h,PH5,1,0,0,regular,y,d
PH5194905190,kimbh102,BLG,1,8,value,27,0,0,1,0,0,,,,,1,19490519,0,CHE01,v,PH5,1,0,0,regular,y,d
PH5194905190,buttt102,BLG,1,6,value,27,1,4,0,1,0,,,,,1,19490519,0,CHE01,v,PH5,1,0,0,regular,y,d
PH5194905190,gillj102,BLG,1,4,value,27,1,9,0,1,0,,,,,1,19490519,0,CHE01,v,PH5,1,0,0,regular,y,d
PH5194905190,lockl101,BLG,1,9,value,27,1,0,1,0,0,,,,,1,19490519,0,CHE01,v,PH5,1,0,0,regular,y,d
PH5194905190,davib108,BLG,1,7,value,27,1,0,0,0,0,,,,,1,19490519,0,CHE01,v,PH5,1,0,0,regular,y,d
PH5194905190,pearl102,BLG,1,3,value,27,17,1,0,2,0,,,,,1,19490519,0,CHE01,v,PH5,1,0,0,regular,y,d
PH5194905190,russf101,BLG,1,5,value,27,1,3,0,0,0,,,,,1,19490519,0,CHE01,v,PH5,1,0,0,regular,y,d
PH5194905190,hayej104,BLG,1,2,value,27,3,0,0,0,0,0,0,0,0,1,19490519,0,CHE01,v,PH5,1,0,0,regular,y,d
PH5194905190,day-l101,BLG,1,1,value,27,2,1,0,1,0,,,,,1,19490519,0,CHE01,v,PH5,1,0,0,regular,y,d
PH5194905190,hefna101,PH5,1,7,value,27,1,0,0,0,0,,,,,1,19490519,0,CHE01,h,BLG,0,1,0,regular,y,d
PH5194905190,armsj101,PH5,1,8,value,27,2,0,0,0,0,,,,,1,19490519,0,CHE01,h,BLG,0,1,0,regular,y,d
PH5194905190,littb101,PH5,1,9,value,27,3,0,0,0,0,,,,,1,19490519,0,CHE01,h,BLG,0,1,0,regular,y,d
PH5194905190,clarb101,PH5,1,6,value,27,1,4,0,0,0,,,,,1,19490519,0,CHE01,h,BLG,0,1,0,regular,y,d
PH5194905190,jonej109,PH5,1,3,value,27,9,1,1,1,0,,,,,1,19490519,0,CHE01,h,BLG,0,1,0,regular,y,d
PH5194905190,cashb101,PH5,1,5,value,27,1,1,0,0,0,,,,,1,19490519,0,CHE01,h,BLG,0,1,0,regular,y,d
PH5194905190,glens101,PH5,1,2,value,27,5,2,0,0,0,0,0,1,0,1,19490519,0,CHE01,h,BLG,0,1,0,regular,y,d
PH5194905190,watkm101,PH5,1,4,value,27,4,3,0,1,0,,,,,1,19490519,0,CHE01,h,BLG,0,1,0,regular,y,d
PH5194905190,millh104,PH5,1,1,value,27,1,0,0,0,0,,,,,1,19490519,0,CHE01,h,BLG,0,1,0,regular,y,d
KCM194905220,watkm101,PH5,1,5,value,24,1,4,0,0,0,,,,,1,19490522,0,KAN05,v,KCM,0,1,0,regular,y,d
KCM194905220,armsj101,PH5,1,8,value,24,0,0,0,0,0,,,,,1,19490522,0,KAN05,v,KCM,0,1,0,regular,y,d
KCM194905220,willm107,PH5,1,4,value,24,4,3,0,0,0,,,,,1,19490522,0,KAN05,v,KCM,0,1,0,regular,y,d
KCM194905220,clarb101,PH5,1,6,value,24,2,4,0,0,0,,,,,1,19490522,0,KAN05,v,KCM,0,1,0,regular,y,d
KCM194905220,littb101,PH5,1,9,value,24,3,0,0,0,0,,,,,1,19490522,0,KAN05,v,KCM,0,1,0,regular,y,d
KCM194905220,jonej109,PH5,1,3,value,24,6,0,0,0,0,,,,,1,19490522,0,KAN05,v,KCM,0,1,0,regular,y,d
KCM194905220,cashb101,PH5,1,7,value,24,1,0,0,0,0,,,,,1,19490522,0,KAN05,v,KCM,0,1,0,regular,y,d
KCM194905220,glens101,PH5,1,2,value,24,5,0,1,0,0,0,0,2,0,1,19490522,0,KAN05,v,KCM,0,1,0,regular,y,d
KCM194905220,browb107,PH5,1,1,value,24,2,0,1,0,0,,,,,1,19490522,0,KAN05,v,KCM,0,1,0,regular,y,d
KCM194905220,bakeg101,KCM,1,6,value,27,2,2,1,1,0,,,,,1,19490522,0,KAN05,h,PH5,1,0,0,regular,y,d
KCM194905220,soueh101,KCM,1,5,value,27,0,0,0,0,0,,,,,1,19490522,0,KAN05,h,PH5,1,0,0,regular,y,d
KCM194905220,serrb101,KCM,1,4,value,27,1,3,1,1,0,,,,,1,19490522,0,KAN05,h,PH5,1,0,0,regular,y,d
KCM194905220,broww101,KCM,1,8,value,27,3,0,0,0,0,,,,,1,19490522,0,KAN05,h,PH5,1,0,0,regular,y,d
KCM194905220,thurb101,KCM,1,9,value,27,2,0,0,0,0,,,,,1,19490522,0,KAN05,h,PH5,1,0,0,regular,y,d
KCM194905220,taboe101,KCM,1,2,value,27,8,1,0,0,0,0,0,1,0,1,19490522,0,KAN05,h,PH5,1,0,0,regular,y,d
KCM194905220,oneib801,KCM,1,3,value,27,11,1,0,2,0,,,,,1,19490522,0,KAN05,h,PH5,1,0,0,regular,y,d
KCM194905220,howae101,KCM,1,7,value,27,0,0,0,0,0,,,,,1,19490522,0,KAN05,h,PH5,1,0,0,regular,y,d
KCM194905220,richg102,KCM,1,1,value,13,0,2,0,0,0,,,,,1,19490522,0,KAN05,h,PH5,1,0,0,regular,y,d
KCM194905220,lamaj102,KCM,1,1,value,14,0,3,0,1,0,,,,,0,19490522,0,KAN05,h,PH5,1,0,0,regular,y,d
KCM194905230,hefna101,PH5,1,7,value,12,0,0,0,0,0,,,,,1,19490523,0,KAN05,v,KCM,0,1,0,regular,y,d
KCM194905230,glens101,PH5,1,2,value,12,1,0,0,0,0,0,0,0,0,0,19490523,0,KAN05,v,KCM,0,1,0,regular,y,d
KCM194905230,armsj101,PH5,1,8,value,24,2,0,0,0,0,,,,,1,19490523,0,KAN05,v,KCM,0,1,0,regular,y,d
KCM194905230,willm107,PH5,1,4,value,24,2,2,0,1,0,,,,,1,19490523,0,KAN05,v,KCM,0,1,0,regular,y,d
KCM194905230,clarb101,PH5,1,6,value,24,2,0,1,0,0,,,,,1,19490523,0,KAN05,v,KCM,0,1,0,regular,y,d
KCM194905230,littb101,PH5,1,9,value,24,4,0,0,0,0,,,,,1,19490523,0,KAN05,v,KCM,0,1,0,regular,y,d
KCM194905230,jonej109,PH5,1,3,value,24,5,0,0,1,0,,,,,1,19490523,0,KAN05,v,KCM,0,1,0,regular,y,d
KCM194905230,cashb101,PH5,1,2,value,12,6,1,1,0,0,0,0,1,0,1,19490523,0,KAN05,v,KCM,0,1,0,regular,y,d
KCM194905230,cashb101,PH5,2,7,value,12,0,0,0,0,0,,,,,0,19490523,0,KAN05,v,KCM,0,1,0,regular,y,d
KCM194905230,watkm101,PH5,1,5,value,24,2,3,1,2,0,,,,,1,19490523,0,KAN05,v,KCM,0,1,0,regular,y,d
KCM194905230,rickb102,PH5,1,1,value,15,0,0,0,0,0,,,,,1,19490523,0,KAN05,v,KCM,0,1,0,regular,y,d
KCM194905230,thomg105,PH5,1,1,value,9,0,1,0,0,0,,,,,0,19490523,0,KAN05,v,KCM,0,1,0,regular,y,d
KCM194905230,bakeg101,KCM,1,6,value,27,1,2,1,1,0,,,,,1,19490523,0,KAN05,h,PH5,1,0,0,regular,y,d
KCM194905230,soueh101,KCM,1,5,value,27,0,0,0,0,0,,,,,1,19490523,0,KAN05,h,PH5,1,0,0,regular,y,d
KCM194905230,thurb101,KCM,1,9,value,27,0,0,0,0,0,,,,,1,19490523,0,KAN05,h,PH5,1,0,0,regular,y,d
KCM194905230,broww101,KCM,1,8,value,27,0,0,0,0,0,,,,,1,19490523,0,KAN05,h,PH5,1,0,0,regular,y,d
KCM194905230,taboe101,KCM,1,2,value,27,11,1,1,0,0,1,0,0,1,1,19490523,0,KAN05,h,PH5,1,0,0,regular,y,d
KCM194905230,oneib801,KCM,1,3,value,27,12,0,0,1,0,,,,,1,19490523,0,KAN05,h,PH5,1,0,0,regular,y,d
KCM194905230,howae101,KCM,1,7,value,27,0,0,1,0,0,,,,,1,19490523,0,KAN05,h,PH5,1,0,0,regular,y,d
KCM194905230,robec102,KCM,1,4,value,27,3,4,0,0,0,,,,,1,19490523,0,KAN05,h,PH5,1,0,0,regular,y,d
KCM194905230,collg101,KCM,1,1,value,27,0,4,0,1,0,,,,,1,19490523,0,KAN05,h,PH5,1,0,0,regular,y,d
KCM194905240,watkm101,PH5,1,5,value,25,0,0,0,0,0,,,,,1,19490524,0,WIC01,v,KCM,0,1,0,regular,y,d
KCM194905240,cashb101,PH5,1,7,value,25,3,0,0,0,0,,,,,1,19490524,0,WIC01,v,KCM,0,1,0,regular,y,d
KCM194905240,willm107,PH5,1,4,value,25,2,0,0,0,0,,,,,1,19490524,0,WIC01,v,KCM,0,1,0,regular,y,d
KCM194905240,clarb101,PH5,1,6,value,25,3,0,1,0,0,,,,,1,19490524,0,WIC01,v,KCM,0,1,0,regular,y,d
KCM194905240,littb101,PH5,1,9,value,25,0,0,1,0,0,,,,,1,19490524,0,WIC01,v,KCM,0,1,0,regular,y,d
KCM194905240,glens101,PH5,1,2,value,25,6,0,1,0,0,0,1,5,0,1,19490524,0,WIC01,v,KCM,0,1,0,regular,y,d
KCM194905240,jonej109,PH5,1,3,value,25,10,0,1,0,0,,,,,1,19490524,0,WIC01,v,KCM,0,1,0,regular,y,d
KCM194905240,armsj101,PH5,1,8,value,25,0,0,0,0,0,,,,,1,19490524,0,WIC01,v,KCM,0,1,0,regular,y,d
KCM194905240,millh104,PH5,1,1,value,25,1,0,0,0,0,,,,,1,19490524,0,WIC01,v,KCM,0,1,0,regular,y,d
KCM194905240,bakeg101,KCM,1,6,value,27,2,1,0,1,0,,,,,1,19490524,0,WIC01,h,PH5,1,0,0,regular,y,d
KCM194905240,soueh101,KCM,1,5,value,27,1,0,0,0,0,,,,,1,19490524,0,WIC01,h,PH5,1,0,0,regular,y,d
KCM194905240,thurb101,KCM,1,1,value,12,0,0,0,0,0,,,,,1,19490524,0,WIC01,h,PH5,1,0,0,regular,y,d
KCM194905240,thurb101,KCM,2,9,value,15,0,0,0,0,0,,,,,0,19490524,0,WIC01,h,PH5,1,0,0,regular,y,d
KCM194905240,broww101,KCM,1,8,value,27,1,0,1,0,0,,,,,1,19490524,0,WIC01,h,PH5,1,0,0,regular,y,d
KCM194905240,taboe101,KCM,1,2,value,27,7,0,2,0,0,0,0,1,0,1,19490524,0,WIC01,h,PH5,1,0,0,regular,y,d
KCM194905240,oneib801,KCM,1,3,value,27,13,0,0,1,0,,,,,1,19490524,0,WIC01,h,PH5,1,0,0,regular,y,d
KCM194905240,howae101,KCM,1,7,value,27,1,0,0,0,0,,,,,1,19490524,0,WIC01,h,PH5,1,0,0,regular,y,d
KCM194905240,coopt101,KCM,1,9,value,12,0,0,0,0,0,,,,,1,19490524,0,WIC01,h,PH5,1,0,0,regular,y,d
KCM194905240,barnf102,KCM,1,1,value,9,1,0,0,0,0,,,,,0,19490524,0,WIC01,h,PH5,1,0,0,regular,y,d
KCM194905240,richg102,KCM,1,1,value,6,0,0,0,0,0,,,,,0,19490524,0,WIC01,h,PH5,1,0,0,regular,y,d
KCM194905240,robec102,KCM,1,4,value,27,1,1,0,1,0,,,,,1,19490524,0,WIC01,h,PH5,1,0,0,regular,y,d
KCM194905250,watkm101,PH5,1,5,value,27,0,3,0,1,0,,,,,1,19490525,0,OMA03,v,KCM,1,0,0,regular,y,d
KCM194905250,cashb101,PH5,1,8,value,27,0,0,0,0,0,,,,,1,19490525,0,OMA03,v,KCM,1,0,0,regular,y,d
KCM194905250,willm107,PH5,1,4,value,27,4,1,0,1,0,,,,,1,19490525,0,OMA03,v,KCM,1,0,0,regular,y,d
KCM194905250,clarb101,PH5,1,6,value,27,1,3,0,0,0,,,,,1,19490525,0,OMA03,v,KCM,1,0,0,regular,y,d
KCM194905250,littb101,PH5,1,9,value,27,2,0,0,0,0,,,,,1,19490525,0,OMA03,v,KCM,1,0,0,regular,y,d
KCM194905250,glens101,PH5,1,2,value,27,4,2,0,0,0,0,0,0,1,1,19490525,0,OMA03,v,KCM,1,0,0,regular,y,d
KCM194905250,jonej109,PH5,1,3,value,27,11,0,1,1,0,,,,,1,19490525,0,OMA03,v,KCM,1,0,0,regular,y,d
KCM194905250,armsj101,PH5,1,7,value,27,4,0,0,0,0,,,,,1,19490525,0,OMA03,v,KCM,1,0,0,regular,y,d
KCM194905250,grifb102,PH5,1,1,value,27,1,2,0,0,0,,,,,1,19490525,0,OMA03,v,KCM,1,0,0,regular,y,d
KCM194905250,bakeg101,KCM,1,6,value,27,3,2,0,0,0,,,,,1,19490525,0,OMA03,h,PH5,0,1,0,regular,y,d
KCM194905250,soueh101,KCM,1,5,value,27,0,2,0,0,0,,,,,1,19490525,0,OMA03,h,PH5,0,1,0,regular,y,d
KCM194905250,thurb101,KCM,1,9,value,27,1,0,0,0,0,,,,,1,19490525,0,OMA03,h,PH5,0,1,0,regular,y,d
KCM194905250,broww101,KCM,1,8,value,27,2,0,0,0,0,,,,,1,19490525,0,OMA03,h,PH5,0,1,0,regular,y,d
KCM194905250,taboe101,KCM,1,2,value,27,8,1,0,0,0,0,0,0,1,1,19490525,0,OMA03,h,PH5,0,1,0,regular,y,d
KCM194905250,oneib801,KCM,1,3,value,12,1,0,0,0,0,,,,,1,19490525,0,OMA03,h,PH5,0,1,0,regular,y,d
KCM194905250,serrb101,KCM,1,3,value,15,8,0,0,0,0,,,,,0,19490525,0,OMA03,h,PH5,0,1,0,regular,y,d
KCM194905250,howae101,KCM,1,7,value,27,2,0,0,0,0,,,,,1,19490525,0,OMA03,h,PH5,0,1,0,regular,y,d
KCM194905250,robec102,KCM,1,4,value,27,2,0,0,0,0,,,,,1,19490525,0,OMA03,h,PH5,0,1,0,regular,y,d
KCM194905250,lamaj102,KCM,1,1,value,19,0,5,0,0,0,,,,,1,19490525,0,OMA03,h,PH5,0,1,0,regular,y,d
KCM194905250,mcdab101,KCM,1,1,value,8,0,0,0,0,0,,,,,0,19490525,0,OMA03,h,PH5,0,1,0,regular,y,d
PH5194905291,wilkj101,HOE,1,8,value,27,0,0,0,0,0,,,,,1,19490529,1,NWK04,v,PH5,1,0,0,regular,y,d
PH5194905291,willc109,HOE,1,6,value,27,1,2,0,2,0,,,,,1,19490529,1,NWK04,v,PH5,1,0,0,regular,y,d
PH5194905291,wilsb104,HOE,1,5,value,27,0,0,0,0,0,,,,,1,19490529,1,NWK04,v,PH5,1,0,0,regular,y,d
PH5194905291,washj102,HOE,1,3,value,27,2,0,0,2,0,,,,,1,19490529,1,NWK04,v,PH5,1,0,0,regular,y,d
PH5194905291,davij106,HOE,1,7,value,27,0,0,0,0,0,,,,,1,19490529,1,NWK04,v,PH5,1,0,0,regular,y,d
PH5194905291,pattp102,HOE,1,4,value,27,1,2,0,2,0,,,,,1,19490529,1,NWK04,v,PH5,1,0,0,regular,y,d
PH5194905291,harvb102,HOE,1,9,value,27,0,0,0,0,0,,,,,1,19490529,1,NWK04,v,PH5,1,0,0,regular,y,d
PH5194905291,ruffl101,HOE,1,2,value,27,0,0,0,0,0,0,0,0,1,1,19490529,1,NWK04,v,PH5,1,0,0,regular,y,d
PH5194905291,lewir101,HOE,1,1,value,27,0,0,0,0,0,,,,,1,19490529,1,NWK04,v,PH5,1,0,0,regular,y,d
PH5194905291,watkm101,PH5,1,5,value,27,0,0,0,0,0,,,,,1,19490529,1,NWK04,h,HOE,0,1,0,regular,y,d
PH5194905291,hefna101,PH5,1,8,value,27,0,0,0,0,0,,,,,1,19490529,1,NWK04,h,HOE,0,1,0,regular,y,d
PH5194905291,willm107,PH5,1,4,value,27,1,0,1,0,0,,,,,1,19490529,1,NWK04,h,HOE,0,1,0,regular,y,d
PH5194905291,clarb101,PH5,1,6,value,27,0,0,1,0,0,,,,,1,19490529,1,NWK04,h,HOE,0,1,0,regular,y,d
PH5194905291,littb101,PH5,1,9,value,27,0,0,0,0,0,,,,,1,19490529,1,NWK04,h,HOE,0,1,0,regular,y,d
PH5194905291,cashb101,PH5,1,2,value,27,0,0,0,0,0,0,0,0,1,1,19490529,1,NWK04,h,HOE,0,1,0,regular,y,d
PH5194905291,jonej109,PH5,1,3,value,27,0,0,0,0,0,,,,,1,19490529,1,NWK04,h,HOE,0,1,0,regular,y,d
PH5194905291,armsj101,PH5,1,7,value,27,1,0,0,0,0,,,,,1,19490529,1,NWK04,h,HOE,0,1,0,regular,y,d
PH5194905291,millh104,PH5,1,1,value,24,0,0,0,0,0,,,,,1,19490529,1,NWK04,h,HOE,0,1,0,regular,y,d
PH5194905291,thomg105,PH5,1,1,value,3,0,0,0,0,0,,,,,0,19490529,1,NWK04,h,HOE,0,1,0,regular,y,d
PH5194905292,wilkj101,HOE,1,8,value,21,0,0,0,0,0,,,,,1,19490529,2,NWK04,v,PH5,1,0,0,regular,y,d
PH5194905292,willc109,HOE,1,6,value,21,0,0,0,0,0,,,,,1,19490529,2,NWK04,v,PH5,1,0,0,regular,y,d
PH5194905292,wilsb104,HOE,1,5,value,21,0,0,0,0,0,,,,,1,19490529,2,NWK04,v,PH5,1,0,0,regular,y,d
PH5194905292,washj102,HOE,1,3,value,21,0,0,0,0,0,,,,,1,19490529,2,NWK04,v,PH5,1,0,0,regular,y,d
PH5194905292,davij106,HOE,1,7,value,21,0,0,0,0,0,,,,,1,19490529,2,NWK04,v,PH5,1,0,0,regular,y,d
PH5194905292,pattp102,HOE,1,4,value,21,0,0,0,0,0,,,,,1,19490529,2,NWK04,v,PH5,1,0,0,regular,y,d
PH5194905292,harvb102,HOE,1,9,value,21,0,0,0,0,0,,,,,1,19490529,2,NWK04,v,PH5,1,0,0,regular,y,d
PH5194905292,ruffl101,HOE,1,2,value,21,0,0,0,0,0,0,0,0,0,1,19490529,2,NWK04,v,PH5,1,0,0,regular,y,d
PH5194905292,hearj101,HOE,1,1,value,21,0,0,0,0,0,,,,,1,19490529,2,NWK04,v,PH5,1,0,0,regular,y,d
PH5194905292,watkm101,PH5,1,5,value,21,0,0,0,0,0,,,,,1,19490529,2,NWK04,h,HOE,0,1,0,regular,y,d
PH5194905292,hefna101,PH5,1,8,value,21,0,0,0,0,0,,,,,1,19490529,2,NWK04,h,HOE,0,1,0,regular,y,d
PH5194905292,willm107,PH5,1,4,value,21,0,0,0,0,0,,,,,1,19490529,2,NWK04,h,HOE,0,1,0,regular,y,d
PH5194905292,clarb101,PH5,1,6,value,21,0,0,0,0,0,,,,,1,19490529,2,NWK04,h,HOE,0,1,0,regular,y,d
PH5194905292,littb101,PH5,1,9,value,21,0,0,0,0,0,,,,,1,19490529,2,NWK04,h,HOE,0,1,0,regular,y,d
PH5194905292,glens101,PH5,1,2,value,21,0,0,0,0,0,0,0,0,0,1,19490529,2,NWK04,h,HOE,0,1,0,regular,y,d
PH5194905292,jonej109,PH5,1,3,value,21,0,0,0,0,0,,,,,1,19490529,2,NWK04,h,HOE,0,1,0,regular,y,d
PH5194905292,armsj101,PH5,1,7,value,21,0,0,0,0,0,,,,,1,19490529,2,NWK04,h,HOE,0,1,0,regular,y,d
PH5194905292,rickb102,PH5,1,1,value,21,0,0,0,0,0,,,,,1,19490529,2,NWK04,h,HOE,0,1,0,regular,y,d
PH5194905301,wilkj101,HOE,1,8,value,24,2,0,0,0,0,,,,,1,19490530,1,CHE01,v,PH5,0,1,0,regular,y,d
PH5194905301,willc109,HOE,1,6,value,24,1,2,1,0,0,,,,,1,19490530,1,CHE01,v,PH5,0,1,0,regular,y,d
PH5194905301,wilsb104,HOE,1,5,value,24,2,5,0,0,0,,,,,1,19490530,1,CHE01,v,PH5,0,1,0,regular,y,d
PH5194905301,harvb102,HOE,1,9,value,24,1,0,0,0,0,,,,,1,19490530,1,CHE01,v,PH5,0,1,0,regular,y,d
PH5194905301,washj102,HOE,1,3,value,24,11,0,0,0,0,,,,,1,19490530,1,CHE01,v,PH5,0,1,0,regular,y,d
PH5194905301,davij106,HOE,1,7,value,24,1,0,0,0,0,,,,,1,19490530,1,CHE01,v,PH5,0,1,0,regular,y,d
PH5194905301,pattp102,HOE,1,4,value,24,1,2,0,0,0,,,,,1,19490530,1,CHE01,v,PH5,0,1,0,regular,y,d
PH5194905301,wallb102,HOE,1,2,value,12,3,0,0,0,0,1,0,1,0,1,19490530,1,CHE01,v,PH5,0,1,0,regular,y,d
PH5194905301,ruffl101,HOE,1,2,value,12,2,0,0,0,0,0,0,0,0,0,19490530,1,CHE01,v,PH5,0,1,0,regular,y,d
PH5194905301,gainj102,HOE,1,1,value,24,0,2,0,0,0,,,,,1,19490530,1,CHE01,v,PH5,0,1,0,regular,y,d
PH5194905301,watkm101,PH5,1,5,value,27,4,1,2,1,0,,,,,1,19490530,1,CHE01,h,HOE,1,0,0,regular,y,d
PH5194905301,cashb101,PH5,1,7,value,27,1,1,0,0,0,,,,,1,19490530,1,CHE01,h,HOE,1,0,0,regular,y,d
PH5194905301,willm107,PH5,1,4,value,27,4,0,0,0,0,,,,,1,19490530,1,CHE01,h,HOE,1,0,0,regular,y,d
PH5194905301,clarb101,PH5,1,6,value,27,1,8,1,1,0,,,,,1,19490530,1,CHE01,h,HOE,1,0,0,regular,y,d
PH5194905301,littb101,PH5,1,9,value,27,0,0,0,0,0,,,,,1,19490530,1,CHE01,h,HOE,1,0,0,regular,y,d
PH5194905301,glens101,PH5,1,2,value,27,3,3,0,1,0,0,0,1,0,1,19490530,1,CHE01,h,HOE,1,0,0,regular,y,d
PH5194905301,jonej109,PH5,1,3,value,27,10,1,0,1,0,,,,,1,19490530,1,CHE01,h,HOE,1,0,0,regular,y,d
PH5194905301,hefna101,PH5,1,8,value,27,4,0,0,0,0,,,,,1,19490530,1,CHE01,h,HOE,1,0,0,regular,y,d
PH5194905301,grifb102,PH5,1,1,value,27,0,2,0,0,0,,,,,1,19490530,1,CHE01,h,HOE,1,0,0,regular,y,d
PH5194905302,wilkj101,HOE,1,8,value,30,3,2,0,0,0,,,,,1,19490530,2,WIL04,v,PH5,1,0,0,regular,y,d
PH5194905302,willc109,HOE,1,6,value,30,3,0,0,0,0,,,,,1,19490530,2,WIL04,v,PH5,1,0,0,regular,y,d
PH5194905302,wilsb104,HOE,1,5,value,30,1,4,1,0,0,,,,,1,19490530,2,WIL04,v,PH5,1,0,0,regular,y,d
PH5194905302,harvb102,HOE,1,9,value,30,1,4,1,0,0,,,,,1,19490530,2,WIL04,v,PH5,1,0,0,regular,y,d
PH5194905302,davij106,HOE,1,7,value,30,3,5,0,0,0,,,,,1,19490530,2,WIL04,v,PH5,1,0,0,regular,y,d
PH5194905302,washj102,HOE,1,3,value,30,11,0,0,1,0,,,,,1,19490530,2,WIL04,v,PH5,1,0,0,regular,y,d
PH5194905302,pattp102,HOE,1,4,value,30,4,1,1,1,0,,,,,1,19490530,2,WIL04,v,PH5,1,0,0,regular,y,d
PH5194905302,ruffl101,HOE,1,2,value,30,4,0,0,0,0,0,0,2,0,1,19490530,2,WIL04,v,PH5,1,0,0,regular,y,d
PH5194905302,goldc101,HOE,1,1,value,3,0,0,0,0,0,,,,,1,19490530,2,WIL04,v,PH5,1,0,0,regular,y,d
PH5194905302,odelj101,HOE,1,1,value,3,0,0,0,0,0,,,,,0,19490530,2,WIL04,v,PH5,1,0,0,regular,y,d
PH5194905302,mannm101,HOE,1,1,value,24,0,1,0,0,0,,,,,0,19490530,2,WIL04,v,PH5,1,0,0,regular,y,d
PH5194905302,watkm101,PH5,1,5,value,30,0,4,0,0,0,,,,,1,19490530,2,WIL04,h,HOE,0,1,0,regular,y,d
PH5194905302,cashb101,PH5,1,7,value,30,3,0,0,0,0,,,,,1,19490530,2,WIL04,h,HOE,0,1,0,regular,y,d
PH5194905302,willm107,PH5,1,4,value,30,6,1,1,1,0,,,,,1,19490530,2,WIL04,h,HOE,0,1,0,regular,y,d
PH5194905302,clarb101,PH5,1,6,value,30,0,2,1,0,0,,,,,1,19490530,2,WIL04,h,HOE,0,1,0,regular,y,d
PH5194905302,littb101,PH5,1,9,value,30,1,1,1,0,0,,,,,1,19490530,2,WIL04,h,HOE,0,1,0,regular,y,d
PH5194905302,glens101,PH5,1,2,value,30,5,0,1,0,0,1,0,2,0,1,19490530,2,WIL04,h,HOE,0,1,0,regular,y,d
PH5194905302,jonej109,PH5,1,3,value,27,11,0,0,1,0,,,,,1,19490530,2,WIL04,h,HOE,0,1,0,regular,y,d
PH5194905302,armsj101,PH5,1,3,value,3,0,0,0,0,0,,,,,0,19490530,2,WIL04,h,HOE,0,1,0,regular,y,d
PH5194905302,hefna101,PH5,1,8,value,30,4,0,0,0,0,,,,,1,19490530,2,WIL04,h,HOE,0,1,0,regular,y,d
PH5194905302,harrw101,PH5,1,1,value,7,0,0,0,0,0,,,,,1,19490530,2,WIL04,h,HOE,0,1,0,regular,y,d
PH5194905302,browb107,PH5,1,1,value,23,0,0,0,0,0,,,,,0,19490530,2,WIL04,h,HOE,0,1,0,regular,y,d
PH5194906020,wilkj101,HOE,1,8,value,24,1,0,0,0,0,,,,,1,19490602,0,BRI01,v,PH5,0,1,0,regular,y,d
PH5194906020,willc109,HOE,1,6,value,24,0,7,1,0,0,,,,,1,19490602,0,BRI01,v,PH5,0,1,0,regular,y,d
PH5194906020,wilsb104,HOE,1,5,value,24,0,2,1,0,0,,,,,1,19490602,0,BRI01,v,PH5,0,1,0,regular,y,d
PH5194906020,harvb102,HOE,1,9,value,24,0,0,0,0,0,,,,,1,19490602,0,BRI01,v,PH5,0,1,0,regular,y,d
PH5194906020,davij106,HOE,1,7,value,24,0,0,0,0,0,,,,,1,19490602,0,BRI01,v,PH5,0,1,0,regular,y,d
PH5194906020,washj102,HOE,1,3,value,24,15,0,0,0,0,,,,,1,19490602,0,BRI01,v,PH5,0,1,0,regular,y,d
PH5194906020,pattp102,HOE,1,4,value,24,0,3,1,0,0,,,,,1,19490602,0,BRI01,v,PH5,0,1,0,regular,y,d
PH5194906020,ruffl101,HOE,1,2,value,15,6,0,1,0,0,1,1,4,0,1,19490602,0,BRI01,v,PH5,0,1,0,regular,y,d
PH5194906020,wallb102,HOE,1,2,value,9,2,0,0,0,0,0,2,1,0,0,19490602,0,BRI01,v,PH5,0,1,0,regular,y,d
PH5194906020,hearj101,HOE,1,1,value,15,0,1,1,0,0,,,,,1,19490602,0,BRI01,v,PH5,0,1,0,regular,y,d
PH5194906020,willc107,HOE,1,1,value,9,0,2,0,0,0,,,,,0,19490602,0,BRI01,v,PH5,0,1,0,regular,y,d
PH5194906020,watkm101,PH5,1,4,value,27,2,3,0,0,0,,,,,1,19490602,0,BRI01,h,HOE,1,0,0,regular,y,d
PH5194906020,cashb101,PH5,1,8,value,27,2,0,0,0,0,,,,,1,19490602,0,BRI01,h,HOE,1,0,0,regular,y,d
PH5194906020,hefna101,PH5,1,5,value,27,1,0,0,0,0,,,,,1,19490602,0,BRI01,h,HOE,1,0,0,regular,y,d
PH5194906020,clarb101,PH5,1,6,value,27,2,2,0,0,0,,,,,1,19490602,0,BRI01,h,HOE,1,0,0,regular,y,d
PH5194906020,littb101,PH5,1,9,value,27,0,0,0,0,0,,,,,1,19490602,0,BRI01,h,HOE,1,0,0,regular,y,d
PH5194906020,glens101,PH5,1,2,value,27,14,2,0,0,0,1,1,2,1,1,19490602,0,BRI01,h,HOE,1,0,0,regular,y,d
PH5194906020,jonej109,PH5,1,3,value,27,5,0,0,0,0,,,,,1,19490602,0,BRI01,h,HOE,1,0,0,regular,y,d
PH5194906020,browb107,PH5,1,7,value,27,1,0,0,0,0,,,,,1,19490602,0,BRI01,h,HOE,1,0,0,regular,y,d
PH5194906020,rickb102,PH5,1,1,value,27,0,2,0,0,0,,,,,1,19490602,0,BRI01,h,HOE,1,0,0,regular,y,d
PH5194906062,wilkj101,HOE,1,8,value,30,4,0,0,0,0,,,,,1,19490606,2,PHI11,v,PH5,1,0,0,regular,y,d
PH5194906062,willc109,HOE,1,6,value,30,3,2,0,0,0,,,,,1,19490606,2,PHI11,v,PH5,1,0,0,regular,y,d
PH5194906062,wilsb104,HOE,1,5,value,30,0,2,0,0,0,,,,,1,19490606,2,PHI11,v,PH5,1,0,0,regular,y,d
PH5194906062,washj102,HOE,1,3,value,30,12,0,0,0,0,,,,,1,19490606,2,PHI11,v,PH5,1,0,0,regular,y,d
PH5194906062,davij106,HOE,1,7,value,30,2,1,0,0,0,,,,,1,19490606,2,PHI11,v,PH5,1,0,0,regular,y,d
PH5194906062,harvb102,HOE,1,9,value,30,0,0,0,0,0,,,,,1,19490606,2,PHI11,v,PH5,1,0,0,regular,y,d
PH5194906062,brooe101,HOE,1,4,value,30,3,4,1,0,0,,,,,1,19490606,2,PHI11,v,PH5,1,0,0,regular,y,d
PH5194906062,ruffl101,HOE,1,2,value,30,6,1,0,0,0,0,0,0,0,1,19490606,2,PHI11,v,PH5,1,0,0,regular,y,d
PH5194906062,hearj101,HOE,1,1,value,30,0,3,0,0,0,,,,,1,19490606,2,PHI11,v,PH5,1,0,0,regular,y,d
PH5194906062,watkm101,PH5,1,5,value,30,2,3,0,0,0,,,,,1,19490606,2,PHI11,h,HOE,0,1,0,regular,y,d
PH5194906062,davin101,PH5,1,3,value,30,14,1,0,0,0,,,,,1,19490606,2,PHI11,h,HOE,0,1,0,regular,y,d
PH5194906062,willm107,PH5,1,4,value,30,1,3,0,0,0,,,,,1,19490606,2,PHI11,h,HOE,0,1,0,regular,y,d
PH5194906062,clarb101,PH5,1,6,value,30,1,4,0,0,0,,,,,1,19490606,2,PHI11,h,HOE,0,1,0,regular,y,d
PH5194906062,cashb101,PH5,1,2,value,30,6,0,0,0,0,0,0,0,0,1,19490606,2,PHI11,h,HOE,0,1,0,regular,y,d
PH5194906062,littb101,PH5,1,9,value,30,2,0,0,0,0,,,,,1,19490606,2,PHI11,h,HOE,0,1,0,regular,y,d
PH5194906062,jonej109,PH5,1,8,value,30,3,0,0,0,0,,,,,1,19490606,2,PHI11,h,HOE,0,1,0,regular,y,d
PH5194906062,hefna101,PH5,1,7,value,30,1,0,0,0,0,,,,,1,19490606,2,PHI11,h,HOE,0,1,0,regular,y,d
PH5194906062,gainj102,PH5,1,1,value,30,0,3,0,0,0,,,,,1,19490606,2,PHI11,h,HOE,0,1,0,regular,y,d
PH5194906070,steee102,BIR,1,9,value,24,0,0,0,0,0,,,,,1,19490607,0,CHE01,v,PH5,0,1,0,regular,y,d
PH5194906070,scotj107,BIR,1,3,value,24,11,0,2,1,0,,,,,1,19490607,0,CHE01,v,PH5,0,1,0,regular,y,d
PH5194906070,branl101,BIR,1,5,value,24,0,1,0,0,0,,,,,1,19490607,0,CHE01,v,PH5,0,1,0,regular,y,d
PH5194906070,maysw101,BIR,1,8,value,24,2,0,0,0,0,,,,,1,19490607,0,CHE01,v,PH5,0,1,0,regular,y,d
PH5194906070,davip102,BIR,1,4,value,24,5,8,0,1,0,,,,,1,19490607,0,CHE01,v,PH5,0,1,0,regular,y,d
PH5194906070,robin102,BIR,1,7,value,24,0,0,1,0,0,,,,,1,19490607,0,CHE01,v,PH5,0,1,0,regular,y,d
PH5194906070,bassp101,BIR,1,2,value,24,3,0,0,0,0,0,0,2,0,1,19490607,0,CHE01,v,PH5,0,1,0,regular,y,d
PH5194906070,burgj101,BIR,1,6,value,24,3,6,0,1,0,,,,,1,19490607,0,CHE01,v,PH5,0,1,0,regular,y,d
PH5194906070,newbj101,BIR,1,1,value,1,0,1,0,0,0,,,,,1,19490607,0,CHE01,v,PH5,0,1,0,regular,y,d
PH5194906070,wattd101,BIR,1,1,value,15,0,2,0,0,0,,,,,0,19490607,0,CHE01,v,PH5,0,1,0,regular,y,d
PH5194906070,bookn101,BIR,1,1,value,2,0,1,0,0,0,,,,,0,19490607,0,CHE01,v,PH5,0,1,0,regular,y,d
PH5194906070,poweb103,BIR,1,1,value,6,0,0,0,0,0,,,,,0,19490607,0,CHE01,v,PH5,0,1,0,regular,y,d
PH5194906070,watkm101,PH5,1,4,value,27,1,6,0,0,0,,,,,1,19490607,0,CHE01,h,BIR,1,0,0,regular,y,d
PH5194906070,davin101,PH5,1,3,value,27,9,0,1,0,0,,,,,1,19490607,0,CHE01,h,BIR,1,0,0,regular,y,d
PH5194906070,clarb101,PH5,1,6,value,27,1,1,1,0,0,,,,,1,19490607,0,CHE01,h,BIR,1,0,0,regular,y,d
PH5194906070,cashb101,PH5,1,7,value,27,3,0,0,0,0,,,,,1,19490607,0,CHE01,h,BIR,1,0,0,regular,y,d
PH5194906070,jonej109,PH5,1,8,value,27,3,0,0,0,0,,,,,1,19490607,0,CHE01,h,BIR,1,0,0,regular,y,d
PH5194906070,glens101,PH5,1,2,value,27,9,1,0,0,0,0,0,0,0,1,19490607,0,CHE01,h,BIR,1,0,0,regular,y,d
PH5194906070,littb101,PH5,1,9,value,27,1,0,0,0,0,,,,,1,19490607,0,CHE01,h,BIR,1,0,0,regular,y,d
PH5194906070,hefna101,PH5,1,5,value,27,0,1,0,0,0,,,,,1,19490607,0,CHE01,h,BIR,1,0,0,regular,y,d
PH5194906070,grifb102,PH5,1,1,value,27,0,1,0,0,0,,,,,1,19490607,0,CHE01,h,BIR,1,0,0,regular,y,d
IN9194906110,watkm101,PH5,1,4,value,28,0,0,0,0,0,,,,,1,19490611,0,CHA01,v,IN9,0,1,0,regular,y,d
IN9194906110,davin101,PH5,1,3,value,28,0,0,0,0,0,,,,,1,19490611,0,CHA01,v,IN9,0,1,0,regular,y,d
IN9194906110,clarb101,PH5,1,6,value,28,0,0,0,0,0,,,,,1,19490611,0,CHA01,v,IN9,0,1,0,regular,y,d
IN9194906110,cashb101,PH5,1,7,value,28,0,0,0,0,0,,,,,1,19490611,0,CHA01,v,IN9,0,1,0,regular,y,d
IN9194906110,jonej109,PH5,1,8,value,28,0,0,0,0,0,,,,,1,19490611,0,CHA01,v,IN9,0,1,0,regular,y,d
IN9194906110,glens101,PH5,1,2,value,28,0,0,0,0,0,0,1,0,0,1,19490611,0,CHA01,v,IN9,0,1,0,regular,y,d
IN9194906110,littb101,PH5,1,9,value,28,0,0,0,0,0,,,,,1,19490611,0,CHA01,v,IN9,0,1,0,regular,y,d
IN9194906110,hefna101,PH5,1,5,value,28,0,0,0,0,0,,,,,1,19490611,0,CHA01,v,IN9,0,1,0,regular,y,d
IN9194906110,rickb102,PH5,1,1,value,28,1,0,1,0,0,,,,,1,19490611,0,CHA01,v,IN9,0,1,0,regular,y,d
IN9194906110,brews101,IN9,1,7,value,30,1,1,0,0,1,,,,,1,19490611,0,CHA01,h,PH5,1,0,0,regular,y,d
IN9194906110,willj111,IN9,1,6,value,30,0,0,0,0,0,,,,,1,19490611,0,CHA01,h,PH5,1,0,0,regular,y,d
IN9194906110,neilr101,IN9,1,4,value,30,1,0,0,0,1,,,,,1,19490611,0,CHA01,h,PH5,1,0,0,regular,y,d
IN9194906110,nelsc102,IN9,1,5,value,30,0,0,0,0,0,,,,,1,19490611,0,CHA01,h,PH5,1,0,0,regular,y,d
IN9194906110,hairs101,IN9,1,9,value,30,0,0,0,0,0,,,,,1,19490611,0,CHA01,h,PH5,1,0,0,regular,y,d
IN9194906110,tatug101,IN9,1,3,value,30,0,0,0,0,0,,,,,1,19490611,0,CHA01,h,PH5,1,0,0,regular,y,d
IN9194906110,piggl101,IN9,1,2,value,27,1,1,1,0,1,0,0,2,0,1,19490611,0,CHA01,h,PH5,1,0,0,regular,y,d
IN9194906110,haywb102,IN9,1,2,value,3,0,0,0,0,0,0,0,0,0,0,19490611,0,CHA01,h,PH5,1,0,0,regular,y,d
IN9194906110,drakr101,IN9,1,8,value,30,0,0,0,0,0,,,,,1,19490611,0,CHA01,h,PH5,1,0,0,regular,y,d
IN9194906110,butth101,IN9,1,1,value,27,0,0,2,0,0,,,,,1,19490611,0,CHA01,h,PH5,1,0,0,regular,y,d
IN9194906110,davip103,IN9,1,1,value,3,0,0,0,0,0,,,,,0,19490611,0,CHA01,h,PH5,1,0,0,regular,y,d
IN9194906120,glens101,PH5,1,2,value,27,,,,,,,,,,1,19490612,0,CHA01,v,IN9,1,0,0,regular,,
IN9194906120,millh104,PH5,1,1,value,9,,,,,,,,,,1,19490612,0,CHA01,v,IN9,1,0,0,regular,,
IN9194906120,harrw101,PH5,2,1,value,18,,,,,,,,,,,19490612,0,CHA01,v,IN9,1,0,0,regular,,
IN9194906120,cohej101,IN9,1,1,value,17,,,,,,,,,,1,19490612,0,CHA01,h,PH5,0,1,0,regular,,
IN9194906120,davip103,IN9,,1,value,10,,,,,,,,,,,19490612,0,CHA01,h,PH5,0,1,0,regular,,
IN9194906120,piggl101,IN9,1,2,value,21,,,,,,,,,,1,19490612,0,CHA01,h,PH5,0,1,0,regular,,
IN9194906120,hairs101,IN9,,2,value,6,,,,,,,,,,,19490612,0,CHA01,h,PH5,0,1,0,regular,,
IN9194906140,watkm101,PH5,1,4,value,,,,,,,,,,,1,19490614,0,ZAN02,v,IN9,0,1,0,regular,,
IN9194906140,davin101,PH5,1,3,value,,,,,,,,,,,1,19490614,0,ZAN02,v,IN9,0,1,0,regular,,
IN9194906140,clarb101,PH5,1,5,value,,,,,,,,,,,1,19490614,0,ZAN02,v,IN9,0,1,0,regular,,
IN9194906140,jonej109,PH5,1,8,value,,,,,,,,,,,1,19490614,0,ZAN02,v,IN9,0,1,0,regular,,
IN9194906140,cashb101,PH5,1,7,value,,,,,,,,,,,1,19490614,0,ZAN02,v,IN9,0,1,0,regular,,
IN9194906140,glens101,PH5,1,2,value,,,,,,,,,,,1,19490614,0,ZAN02,v,IN9,0,1,0,regular,,
IN9194906140,littb101,PH5,1,9,value,,,,,,,,,,,1,19490614,0,ZAN02,v,IN9,0,1,0,regular,,
IN9194906140,smitm102,PH5,1,6,value,,,,,,,,,,,1,19490614,0,ZAN02,v,IN9,0,1,0,regular,,
IN9194906140,browb107,PH5,1,1,value,,,,,,,,,,,1,19490614,0,ZAN02,v,IN9,0,1,0,regular,,
IN9194906140,brews101,IN9,1,7,value,,,,0,,,,,,,1,19490614,0,ZAN02,h,PH5,1,0,0,regular,,
IN9194906140,willj111,IN9,1,6,value,,,,0,,,,,,,1,19490614,0,ZAN02,h,PH5,1,0,0,regular,,
IN9194906140,neilr101,IN9,1,4,value,,,,0,,,,,,,1,19490614,0,ZAN02,h,PH5,1,0,0,regular,,
IN9194906140,nelsc102,IN9,1,5,value,,,,0,,,,,,,1,19490614,0,ZAN02,h,PH5,1,0,0,regular,,
IN9194906140,hairs101,IN9,1,9,value,,,,0,,,,,,,1,19490614,0,ZAN02,h,PH5,1,0,0,regular,,
IN9194906140,tatug101,IN9,1,3,value,,,,0,,,,,,,1,19490614,0,ZAN02,h,PH5,1,0,0,regular,,
IN9194906140,piggl101,IN9,1,2,value,,,,0,,,,,,,1,19490614,0,ZAN02,h,PH5,1,0,0,regular,,
IN9194906140,drakr101,IN9,1,8,value,,,,0,,,,,,,1,19490614,0,ZAN02,h,PH5,1,0,0,regular,,
IN9194906140,porta103,IN9,1,1,value,,,,0,,,,,,,1,19490614,0,ZAN02,h,PH5,1,0,0,regular,,
CAG194906191,gainj102,PH5,1,1,value,,,,,,,,,,,1,19490619,1,CHI10,v,CAG,0,1,0,regular,,
CAG194906191,millh104,PH5,2,1,value,,,,,,,,,,,,19490619,1,CHI10,v,CAG,0,1,0,regular,,
CAG194906191,cashb101,PH5,1,2,value,,,,,,,,,,,1,19490619,1,CHI10,v,CAG,0,1,0,regular,,
CAG194906191,glens101,PH5,2,2,value,,,,,,,,,,,,19490619,1,CHI10,v,CAG,0,1,0,regular,,
CAG194906191,smite111,CAG,1,1,value,27,,,,,,,,,,1,19490619,1,CHI10,h,PH5,1,0,0,regular,,
CAG194906191,summl101,CAG,1,2,value,27,,,,,,,,,,1,19490619,1,CHI10,h,PH5,1,0,0,regular,,
CAG194906192,rickb102,PH5,1,1,value,,,,,,,,,,,1,19490619,2,CHI10,v,CAG,0,1,0,regular,,
CAG194906192,browb107,PH5,2,1,value,,,,,,,,,,,1,19490619,2,CHI10,v,CAG,0,1,0,regular,,
CAG194906192,glens101,PH5,1,2,value,18,18,,,,,,,,,,19490619,2,CHI10,v,CAG,0,1,0,regular,,
CAG194906192,mckig101,CAG,1,1,value,21,21,,,,,,,,,1,19490619,2,CHI10,h,PH5,1,0,0,regular,,
CAG194906192,summl101,CAG,1,2,value,21,21,,,,,,,,,1,19490619,2,CHI10,h,PH5,1,0,0,regular,,
CAG194906200,rickb102,PH5,1,1,value,24,,,,,,,,,,1,19490620,0,MAT01,v,CAG,0,1,0,regular,,
CAG194906200,cashb101,PH5,1,2,value,24,,,,,,1,1,,,1,19490620,0,MAT01,v,CAG,0,1,0,regular,,
CAG194906200,jessg101,CAG,1,1,value,16,,,,,,,,,,1,19490620,0,MAT01,h,PH5,1,0,0,regular,,
CAG194906200,rhodh101,CAG,2,1,value,11,,,,,,,,,,,19490620,0,MAT01,h,PH5,1,0,0,regular,,
CAG194906200,summl101,CAG,1,2,value,27,,,,,,,,,,1,19490620,0,MAT01,h,PH5,1,0,0,regular,,
CAG194906210,penna101,CAG,,4,value,,,,,,,,,,,,19490621,0,CEN01,h,PH5,1,0,0,regular,,
CAG194906210,mckig101,CAG,,1,value,,,,,,,,,,,,19490621,0,CEN01,h,PH5,1,0,0,regular,,
CAG194906220,watkm101,PH5,1,5,value,27,0,0,0,0,0,,,,,1,19490622,0,DCT02,v,CAG,1,0,0,regular,y,d
CAG194906220,davin101,PH5,1,3,value,27,0,0,0,0,0,,,,,1,19490622,0,DCT02,v,CAG,1,0,0,regular,y,d
CAG194906220,clarb101,PH5,1,4,value,27,0,0,1,0,0,,,,,1,19490622,0,DCT02,v,CAG,1,0,0,regular,y,d
CAG194906220,jonej109,PH5,1,8,value,27,0,0,0,0,0,,,,,1,19490622,0,DCT02,v,CAG,1,0,0,regular,y,d
CAG194906220,cashb101,PH5,1,7,value,27,0,0,0,0,0,,,,,1,19490622,0,DCT02,v,CAG,1,0,0,regular,y,d
CAG194906220,littb101,PH5,1,9,value,27,0,0,0,0,0,,,,,1,19490622,0,DCT02,v,CAG,1,0,0,regular,y,d
CAG194906220,glens101,PH5,1,2,value,27,0,0,0,0,0,0,0,0,0,1,19490622,0,DCT02,v,CAG,1,0,0,regular,y,d
CAG194906220,smitm102,PH5,1,6,value,27,0,0,0,0,0,,,,,1,19490622,0,DCT02,v,CAG,1,0,0,regular,y,d
CAG194906220,harrw101,PH5,1,1,value,27,0,0,0,0,0,,,,,1,19490622,0,DCT02,v,CAG,1,0,0,regular,y,d
CAG194906220,dougj102,CAG,1,5,value,27,0,0,1,0,0,,,,,1,19490622,0,DCT02,h,PH5,0,1,0,regular,y,d
CAG194906220,mcnec101,CAG,1,6,value,27,1,1,0,1,0,,,,,1,19490622,0,DCT02,h,PH5,0,1,0,regular,y,d
CAG194906220,bostl102,CAG,1,3,value,27,1,0,0,1,0,,,,,1,19490622,0,DCT02,h,PH5,0,1,0,regular,y,d
CAG194906220,davel102,CAG,1,8,value,27,0,0,0,0,0,,,,,1,19490622,0,DCT02,h,PH5,0,1,0,regular,y,d
CAG194906220,mclaf102,CAG,1,7,value,27,0,0,0,0,0,,,,,1,19490622,0,DCT02,h,PH5,0,1,0,regular,y,d
CAG194906220,penna101,CAG,1,4,value,27,0,1,0,1,0,,,,,1,19490622,0,DCT02,h,PH5,0,1,0,regular,y,d
CAG194906220,hills101,CAG,1,9,value,27,1,0,0,0,0,,,,,1,19490622,0,DCT02,h,PH5,0,1,0,regular,y,d
CAG194906220,hubej101,CAG,1,2,value,15,0,0,0,0,0,0,0,3,0,1,19490622,0,DCT02,h,PH5,0,1,0,regular,y,d
CAG194906220,summl101,CAG,1,2,value,12,0,0,0,0,0,0,0,0,0,0,19490622,0,DCT02,h,PH5,0,1,0,regular,y,d
CAG194906220,rhodh101,CAG,1,1,value,27,0,0,0,0,0,,,,,1,19490622,0,DCT02,h,PH5,0,1,0,regular,y,d
NY6194906260,glens101,PH5,1,2,value,24,,,,,,,,,,1,19490626,0,NYC14,v,NY6,0,1,0,regular,,
NY6194906260,rickb102,PH5,1,1,value,24,,,,,,,,,,1,19490626,0,NYC14,v,NY6,0,1,0,regular,,
NY6194906260,loudl101,NY6,1,2,value,27,,,,,,,,,,1,19490626,0,NYC14,h,PH5,1,0,0,regular,,
NY6194906260,scanp101,NY6,1,1,value,27,,,,,,,,,,1,19490626,0,NYC14,h,PH5,1,0,0,regular,,
HOE194907030,harrw101,PH5,,1,value,21,,,,,,,,,,1,19490703,0,HOU04,v,HOE,0,1,0,regular,,
HOE194907030,gainj102,PH5,,1,value,3,,,,,,,,,,,19490703,0,HOU04,v,HOE,0,1,0,regular,,
HOE194907030,hearj101,HOE,,1,value,27,,,,,,,,,,1,19490703,0,HOU04,h,PH5,1,0,0,regular,,
HOE194907050,grifb102,PH5,1,1,value,27,,,0,,,,,,,1,19490705,0,HOU04,v,HOE,1,0,0,regular,,
HOE194907050,glens101,PH5,1,2,value,27,,,0,,,,,,,1,19490705,0,HOU04,v,HOE,1,0,0,regular,,
HOE194907050,willl107,HOE,1,1,value,,,,,,,,,,,1,19490705,0,HOU04,h,PH5,0,1,0,regular,,
HOE194907050,gibsw102,HOE,2,1,value,,,,,,,,,,,,19490705,0,HOU04,h,PH5,0,1,0,regular,,
HOE194907050,ruffl101,HOE,1,2,value,27,,,,,,,,,,1,19490705,0,HOU04,h,PH5,0,1,0,regular,,
BIR194907100,littb101,PH5,1,9,value,29,7,0,0,0,0,,,,,1,19490710,0,BIR01,v,BIR,0,1,0,regular,y,d
BIR194907100,hefna101,PH5,1,7,value,24,2,0,0,0,0,,,,,1,19490710,0,BIR01,v,BIR,0,1,0,regular,y,d
BIR194907100,hefna101,PH5,2,5,value,5,0,0,0,0,0,,,,,0,19490710,0,BIR01,v,BIR,0,1,0,regular,y,d
BIR194907100,davin101,PH5,1,3,value,21,6,1,0,0,0,,,,,1,19490710,0,BIR01,v,BIR,0,1,0,regular,y,d
BIR194907100,davin101,PH5,2,4,value,8,0,0,0,0,0,,,,,0,19490710,0,BIR01,v,BIR,0,1,0,regular,y,d
BIR194907100,jonej109,PH5,1,8,value,29,1,0,0,0,0,,,,,1,19490710,0,BIR01,v,BIR,0,1,0,regular,y,d
BIR194907100,clarb101,PH5,1,4,value,21,0,0,0,0,0,,,,,1,19490710,0,BIR01,v,BIR,0,1,0,regular,y,d
BIR194907100,harrw101,PH5,1,3,value,8,4,0,0,0,0,,,,,0,19490710,0,BIR01,v,BIR,0,1,0,regular,y,d
BIR194907100,cashb101,PH5,1,2,value,29,3,0,0,0,0,0,0,0,0,1,19490710,0,BIR01,v,BIR,0,1,0,regular,y,d
BIR194907100,watkm101,PH5,1,5,value,24,4,4,0,0,0,,,,,1,19490710,0,BIR01,v,BIR,0,1,0,regular,y,d
BIR194907100,watkm101,PH5,2,6,value,5,0,0,0,0,0,,,,,0,19490710,0,BIR01,v,BIR,0,1,0,regular,y,d
BIR194907100,smitm102,PH5,1,6,value,24,2,1,1,0,0,,,,,1,19490710,0,BIR01,v,BIR,0,1,0,regular,y,d
BIR194907100,browb107,PH5,1,1,value,4,0,2,0,0,0,,,,,0,19490710,0,BIR01,v,BIR,0,1,0,regular,y,d
BIR194907100,browb107,PH5,2,7,value,1,0,0,0,0,0,,,,,0,19490710,0,BIR01,v,BIR,0,1,0,regular,y,d
BIR194907100,gainj102,PH5,1,1,value,18,0,0,0,0,0,,,,,1,19490710,0,BIR01,v,BIR,0,1,0,regular,y,d
BIR194907100,rickb102,PH5,1,1,value,6,0,0,0,0,0,,,,,0,19490710,0,BIR01,v,BIR,0,1,0,regular,y,d
BIR194907100,grifb102,PH5,1,7,value,4,0,0,0,0,0,,,,,0,19490710,0,BIR01,v,BIR,0,1,0,regular,y,d
BIR194907100,grifb102,PH5,2,1,value,1,0,0,0,0,0,,,,,0,19490710,0,BIR01,v,BIR,0,1,0,regular,y,d
BIR194907100,burgj101,BIR,1,6,value,30,4,2,0,1,0,,,,,1,19490710,0,BIR01,h,PH5,1,0,0,regular,y,d
BIR194907100,steee102,BIR,1,9,value,30,3,0,0,0,0,,,,,1,19490710,0,BIR01,h,PH5,1,0,0,regular,y,d
BIR194907100,maysw101,BIR,1,8,value,30,2,0,0,0,0,,,,,1,19490710,0,BIR01,h,PH5,1,0,0,regular,y,d
BIR194907100,davip102,BIR,1,3,value,21,8,2,2,0,0,,,,,1,19490710,0,BIR01,h,PH5,1,0,0,regular,y,d
BIR194907100,davip102,BIR,2,4,value,9,0,0,0,0,0,,,,,0,19490710,0,BIR01,h,PH5,1,0,0,regular,y,d
BIR194907100,robin102,BIR,1,7,value,30,2,0,0,0,0,,,,,1,19490710,0,BIR01,h,PH5,1,0,0,regular,y,d
BIR194907100,baylh101,BIR,1,5,value,21,0,1,0,0,0,,,,,1,19490710,0,BIR01,h,PH5,1,0,0,regular,y,d
BIR194907100,britj104,BIR,1,5,value,9,0,0,1,0,0,,,,,0,19490710,0,BIR01,h,PH5,1,0,0,regular,y,d
BIR194907100,branl101,BIR,1,4,value,21,2,1,1,0,0,,,,,1,19490710,0,BIR01,h,PH5,1,0,0,regular,y,d
BIR194907100,scotj107,BIR,1,3,value,6,4,0,0,1,0,,,,,0,19490710,0,BIR01,h,PH5,1,0,0,regular,y,d
BIR194907100,poweb103,BIR,1,3,value,3,0,1,0,0,0,,,,,0,19490710,0,BIR01,h,PH5,1,0,0,regular,y,d
BIR194907100,bellh102,BIR,1,2,value,15,1,1,0,0,0,0,0,0,1,1,19490710,0,BIR01,h,PH5,1,0,0,regular,y,d
BIR194907100,bassp101,BIR,1,2,value,15,4,0,0,0,0,0,0,0,0,0,19490710,0,BIR01,h,PH5,1,0,0,regular,y,d
BIR194907100,greab101,BIR,1,1,value,12,0,1,0,0,0,,,,,1,19490710,0,BIR01,h,PH5,1,0,0,regular,y,d
BIR194907100,carts102,BIR,1,1,value,1,0,0,0,0,0,,,,,0,19490710,0,BIR01,h,PH5,1,0,0,regular,y,d
BIR194907100,perra101,BIR,1,1,value,17,0,2,0,1,0,,,,,0,19490710,0,BIR01,h,PH5,1,0,0,regular,y,d
BIR194907171,harrw101,PH5,1,1,value,,,,,,,,,,,1,19490717,1,NOL01,v,BIR,1,0,0,regular,,
BIR194907171,wills104,BIR,1,1,value,,,,,,,,,,,1,19490717,1,NOL01,h,PH5,0,1,0,regular,,
BIR194907172,millh104,PH5,1,1,value,18,,,,,,,,,,1,19490717,2,NOL01,v,BIR,0,1,0,regular,,
BIR194907172,greab101,BIR,1,1,value,21,,,,,,,,,,1,19490717,2,NOL01,h,PH5,1,0,0,regular,,
PH5194907241,yvana101,NY6,1,6,value,27,0,0,0,0,0,,,,,1,19490724,1,WAS09,v,PH5,1,0,0,regular,y,d
PH5194907241,easth104,NY6,1,5,value,27,0,0,0,0,0,,,,,1,19490724,1,WAS09,v,PH5,1,0,0,regular,y,d
PH5194907241,diazf101,NY6,1,4,value,27,0,0,0,0,0,,,,,1,19490724,1,WAS09,v,PH5,1,0,0,regular,y,d
PH5194907241,cabrl102,NY6,1,3,value,27,0,0,0,0,0,,,,,1,19490724,1,WAS09,v,PH5,1,0,0,regular,y,d
PH5194907241,clarc103,NY6,1,8,value,27,0,0,0,0,0,,,,,1,19490724,1,WAS09,v,PH5,1,0,0,regular,y,d
PH5194907241,loudl101,NY6,1,2,value,27,0,0,0,0,0,0,0,0,1,1,19490724,1,WAS09,v,PH5,1,0,0,regular,y,d
PH5194907241,hardw101,NY6,1,7,value,27,0,0,0,0,0,,,,,1,19490724,1,WAS09,v,PH5,1,0,0,regular,y,d
PH5194907241,vargg101,NY6,1,9,value,27,1,0,0,0,0,,,,,1,19490724,1,WAS09,v,PH5,1,0,0,regular,y,d
PH5194907241,scanp101,NY6,1,1,value,27,0,0,1,0,0,,,,,1,19490724,1,WAS09,v,PH5,1,0,0,regular,y,d
PH5194907241,littb101,PH5,1,9,value,27,1,0,0,0,0,,,,,1,19490724,1,WAS09,h,NY6,0,1,0,regular,y,d
PH5194907241,hefna101,PH5,1,7,value,27,0,0,1,0,0,,,,,1,19490724,1,WAS09,h,NY6,0,1,0,regular,y,d
PH5194907241,davin101,PH5,1,3,value,27,0,0,0,0,0,,,,,1,19490724,1,WAS09,h,NY6,0,1,0,regular,y,d
PH5194907241,jonej109,PH5,1,8,value,27,0,0,0,0,0,,,,,1,19490724,1,WAS09,h,NY6,0,1,0,regular,y,d
PH5194907241,clarb101,PH5,1,6,value,27,0,0,1,0,0,,,,,1,19490724,1,WAS09,h,NY6,0,1,0,regular,y,d
PH5194907241,glens101,PH5,1,2,value,27,0,0,0,0,0,0,0,0,0,1,19490724,1,WAS09,h,NY6,0,1,0,regular,y,d
PH5194907241,watkm101,PH5,1,5,value,27,0,0,0,0,0,,,,,1,19490724,1,WAS09,h,NY6,0,1,0,regular,y,d
PH5194907241,smitm102,PH5,1,4,value,27,0,0,0,0,0,,,,,1,19490724,1,WAS09,h,NY6,0,1,0,regular,y,d
PH5194907241,rickb102,PH5,1,1,value,24,0,0,0,0,0,,,,,1,19490724,1,WAS09,h,NY6,0,1,0,regular,y,d
PH5194907241,millh104,PH5,1,1,value,3,0,0,0,0,0,,,,,0,19490724,1,WAS09,h,NY6,0,1,0,regular,y,d
PH5194907242,yvana101,NY6,1,6,value,24,0,0,0,0,0,,,,,1,19490724,2,WAS09,v,PH5,1,0,0,regular,y,d
PH5194907242,easth104,NY6,1,5,value,24,0,0,0,0,0,,,,,1,19490724,2,WAS09,v,PH5,1,0,0,regular,y,d
PH5194907242,diazf101,NY6,1,4,value,24,0,0,0,0,0,,,,,1,19490724,2,WAS09,v,PH5,1,0,0,regular,y,d
PH5194907242,cabrl102,NY6,1,3,value,24,0,0,0,0,0,,,,,1,19490724,2,WAS09,v,PH5,1,0,0,regular,y,d
PH5194907242,clarc103,NY6,1,8,value,24,0,0,0,0,0,,,,,1,19490724,2,WAS09,v,PH5,1,0,0,regular,y,d
PH5194907242,hardw101,NY6,1,7,value,24,0,0,0,0,0,,,,,1,19490724,2,WAS09,v,PH5,1,0,0,regular,y,d
PH5194907242,vargg101,NY6,1,9,value,24,0,0,0,0,0,,,,,1,19490724,2,WAS09,v,PH5,1,0,0,regular,y,d
PH5194907242,fernj102,NY6,1,2,value,24,0,0,0,0,0,0,0,0,0,1,19490724,2,WAS09,v,PH5,1,0,0,regular,y,d
PH5194907242,loper102,NY6,1,1,value,24,0,0,0,0,0,,,,,1,19490724,2,WAS09,v,PH5,1,0,0,regular,y,d
PH5194907242,littb101,PH5,1,9,value,24,0,0,0,0,0,,,,,1,19490724,2,WAS09,h,NY6,0,1,0,regular,y,d
PH5194907242,hefna101,PH5,1,7,value,24,0,0,0,0,0,,,,,1,19490724,2,WAS09,h,NY6,0,1,0,regular,y,d
PH5194907242,davin101,PH5,1,3,value,24,0,0,0,0,0,,,,,1,19490724,2,WAS09,h,NY6,0,1,0,regular,y,d
PH5194907242,jonej109,PH5,1,8,value,24,0,0,0,0,0,,,,,1,19490724,2,WAS09,h,NY6,0,1,0,regular,y,d
PH5194907242,clarb101,PH5,1,6,value,24,0,0,1,0,0,,,,,1,19490724,2,WAS09,h,NY6,0,1,0,regular,y,d
PH5194907242,cashb101,PH5,1,2,value,24,2,0,0,0,0,0,0,1,0,1,19490724,2,WAS09,h,NY6,0,1,0,regular,y,d
PH5194907242,watkm101,PH5,1,5,value,24,0,0,0,0,0,,,,,1,19490724,2,WAS09,h,NY6,0,1,0,regular,y,d
PH5194907242,smitm102,PH5,1,4,value,24,0,0,0,0,0,,,,,1,19490724,2,WAS09,h,NY6,0,1,0,regular,y,d
PH5194907242,harrw101,PH5,1,1,value,24,0,0,0,0,0,,,,,1,19490724,2,WAS09,h,NY6,0,1,0,regular,y,d
PH5194907251,brews101,IN9,1,7,value,24,3,0,0,0,0,,,,,1,19490725,1,PHI11,v,PH5,1,0,0,regular,y,d
PH5194907251,brews101,IN9,2,6,value,3,0,0,0,0,0,,,,,0,19490725,1,PHI11,v,PH5,1,0,0,regular,y,d
PH5194907251,drakr101,IN9,1,8,value,27,4,1,0,0,0,,,,,1,19490725,1,PHI11,v,PH5,1,0,0,regular,y,d
PH5194907251,neilr101,IN9,1,4,value,27,0,2,0,0,0,,,,,1,19490725,1,PHI11,v,PH5,1,0,0,regular,y,d
PH5194907251,geraa101,IN9,1,9,value,27,3,0,0,0,0,,,,,1,19490725,1,PHI11,v,PH5,1,0,0,regular,y,d
PH5194907251,hairs101,IN9,1,5,value,27,0,0,0,0,0,,,,,1,19490725,1,PHI11,v,PH5,1,0,0,regular,y,d
PH5194907251,piggl101,IN9,1,2,value,24,5,0,0,0,0,0,0,0,0,1,19490725,1,PHI11,v,PH5,1,0,0,regular,y,d
PH5194907251,butth101,IN9,1,1,value,3,0,0,0,0,0,,,,,0,19490725,1,PHI11,v,PH5,1,0,0,regular,y,d
PH5194907251,merch101,IN9,1,3,value,24,9,0,0,0,0,,,,,1,19490725,1,PHI11,v,PH5,1,0,0,regular,y,d
PH5194907251,merch101,IN9,2,7,value,3,1,2,0,0,0,,,,,0,19490725,1,PHI11,v,PH5,1,0,0,regular,y,d
PH5194907251,ofaro101,IN9,1,6,value,24,0,2,0,0,0,,,,,1,19490725,1,PHI11,v,PH5,1,0,0,regular,y,d
PH5194907251,tatug101,IN9,1,3,value,3,2,0,0,0,0,,,,,0,19490725,1,PHI11,v,PH5,1,0,0,regular,y,d
PH5194907251,porta103,IN9,1,1,value,24,0,0,0,0,0,,,,,1,19490725,1,PHI11,v,PH5,1,0,0,regular,y,d
PH5194907251,haywb102,IN9,1,2,value,3,0,1,0,0,0,0,0,0,0,0,19490725,1,PHI11,v,PH5,1,0,0,regular,y,d
PH5194907251,littb101,PH5,1,9,value,27,1,0,0,0,0,,,,,1,19490725,1,PHI11,h,IN9,0,1,0,regular,y,d
PH5194907251,hefna101,PH5,1,8,value,27,5,0,0,0,0,,,,,1,19490725,1,PHI11,h,IN9,0,1,0,regular,y,d
PH5194907251,davin101,PH5,1,3,value,27,7,0,0,0,0,,,,,1,19490725,1,PHI11,h,IN9,0,1,0,regular,y,d
PH5194907251,clarb101,PH5,1,4,value,27,0,4,0,0,0,,,,,1,19490725,1,PHI11,h,IN9,0,1,0,regular,y,d
PH5194907251,browb107,PH5,1,7,value,27,4,0,0,0,0,,,,,1,19490725,1,PHI11,h,IN9,0,1,0,regular,y,d
PH5194907251,glens101,PH5,1,2,value,27,7,0,0,0,0,0,0,0,0,1,19490725,1,PHI11,h,IN9,0,1,0,regular,y,d
PH5194907251,watkm101,PH5,1,5,value,27,0,0,0,0,0,,,,,1,19490725,1,PHI11,h,IN9,0,1,0,regular,y,d
PH5194907251,smitm102,PH5,1,6,value,27,3,2,0,0,0,,,,,1,19490725,1,PHI11,h,IN9,0,1,0,regular,y,d
PH5194907251,grifb102,PH5,1,1,value,27,0,0,0,0,0,,,,,1,19490725,1,PHI11,h,IN9,0,1,0,regular,y,d
PH5194907252,drakr101,IN9,1,8,value,27,2,0,0,0,0,,,,,1,19490725,2,PHI11,v,PH5,1,0,0,regular,y,d
PH5194907252,brews101,IN9,1,6,value,27,2,2,0,0,0,,,,,1,19490725,2,PHI11,v,PH5,1,0,0,regular,y,d
PH5194907252,neilr101,IN9,1,4,value,27,2,2,0,0,0,,,,,1,19490725,2,PHI11,v,PH5,1,0,0,regular,y,d
PH5194907252,geraa101,IN9,1,9,value,27,1,0,0,0,0,,,,,1,19490725,2,PHI11,v,PH5,1,0,0,regular,y,d
PH5194907252,nelsc102,IN9,1,3,value,27,10,0,0,0,0,,,,,1,19490725,2,PHI11,v,PH5,1,0,0,regular,y,d
PH5194907252,hairs101,IN9,1,5,value,27,1,6,0,0,0,,,,,1,19490725,2,PHI11,v,PH5,1,0,0,regular,y,d
PH5194907252,merch101,IN9,1,7,value,27,1,0,0,0,0,,,,,1,19490725,2,PHI11,v,PH5,1,0,0,regular,y,d
PH5194907252,haywb102,IN9,1,2,value,24,7,0,0,0,0,0,0,0,0,1,19490725,2,PHI11,v,PH5,1,0,0,regular,y,d
PH5194907252,piggl101,IN9,1,2,value,3,1,0,0,0,0,0,0,0,0,0,19490725,2,PHI11,v,PH5,1,0,0,regular,y,d
PH5194907252,maddr101,IN9,1,1,value,27,0,2,0,0,0,,,,,1,19490725,2,PHI11,v,PH5,1,0,0,regular,y,d
PH5194907252,littb101,PH5,1,9,value,27,1,1,0,0,0,,,,,1,19490725,2,PHI11,h,IN9,0,1,0,regular,y,d
PH5194907252,hefna101,PH5,1,8,value,12,1,0,0,0,0,,,,,1,19490725,2,PHI11,h,IN9,0,1,0,regular,y,d
PH5194907252,hefna101,PH5,2,5,value,15,0,0,0,0,0,,,,,0,19490725,2,PHI11,h,IN9,0,1,0,regular,y,d
PH5194907252,davin101,PH5,1,3,value,27,9,0,0,0,0,,,,,1,19490725,2,PHI11,h,IN9,0,1,0,regular,y,d
PH5194907252,clarb101,PH5,1,6,value,27,1,3,1,0,0,,,,,1,19490725,2,PHI11,h,IN9,0,1,0,regular,y,d
PH5194907252,browb107,PH5,1,7,value,12,1,0,0,0,0,,,,,1,19490725,2,PHI11,h,IN9,0,1,0,regular,y,d
PH5194907252,browb107,PH5,2,8,value,15,0,0,0,0,0,,,,,0,19490725,2,PHI11,h,IN9,0,1,0,regular,y,d
PH5194907252,cashb101,PH5,1,2,value,12,3,0,0,0,0,0,0,0,0,1,19490725,2,PHI11,h,IN9,0,1,0,regular,y,d
PH5194907252,cashb101,PH5,2,7,value,15,0,0,0,0,0,,,,,0,19490725,2,PHI11,h,IN9,0,1,0,regular,y,d
PH5194907252,watkm101,PH5,1,5,value,12,2,0,0,0,0,,,,,1,19490725,2,PHI11,h,IN9,0,1,0,regular,y,d
PH5194907252,glens101,PH5,1,2,value,15,8,0,0,0,0,0,0,0,0,0,19490725,2,PHI11,h,IN9,0,1,0,regular,y,d
PH5194907252,smitm102,PH5,1,4,value,27,1,3,0,0,0,,,,,1,19490725,2,PHI11,h,IN9,0,1,0,regular,y,d
PH5194907252,millh104,PH5,1,1,value,27,0,1,0,0,0,,,,,1,19490725,2,PHI11,h,IN9,0,1,0,regular,y,d
PH5194907260,drakr101,IN9,1,8,value,24,0,0,0,0,0,,,,,1,19490726,0,NWC01,v,PH5,0,1,0,regular,y,d
PH5194907260,brews101,IN9,1,5,value,24,1,3,0,1,0,,,,,1,19490726,0,NWC01,v,PH5,0,1,0,regular,y,d
PH5194907260,neilr101,IN9,1,4,value,24,6,4,0,2,0,,,,,1,19490726,0,NWC01,v,PH5,0,1,0,regular,y,d
PH5194907260,geraa101,IN9,1,9,value,24,0,0,0,0,0,,,,,1,19490726,0,NWC01,v,PH5,0,1,0,regular,y,d
PH5194907260,hairs101,IN9,1,3,value,24,13,2,0,2,0,,,,,1,19490726,0,NWC01,v,PH5,0,1,0,regular,y,d
PH5194907260,merch101,IN9,1,7,value,24,0,0,1,0,0,,,,,1,19490726,0,NWC01,v,PH5,0,1,0,regular,y,d
PH5194907260,piggl101,IN9,1,2,value,24,2,0,0,0,0,0,0,0,0,1,19490726,0,NWC01,v,PH5,0,1,0,regular,y,d
PH5194907260,ofaro101,IN9,1,6,value,24,2,3,1,0,0,,,,,1,19490726,0,NWC01,v,PH5,0,1,0,regular,y,d
PH5194907260,butth101,IN9,1,1,value,24,0,1,0,0,0,,,,,1,19490726,0,NWC01,v,PH5,0,1,0,regular,y,d
PH5194907260,littb101,PH5,1,9,value,27,1,0,0,0,0,,,,,1,19490726,0,NWC01,h,IN9,1,0,0,regular,y,d
PH5194907260,hefna101,PH5,1,7,value,27,1,0,0,0,0,,,,,1,19490726,0,NWC01,h,IN9,1,0,0,regular,y,d
PH5194907260,cashb101,PH5,1,2,value,3,0,0,0,0,0,0,0,0,0,1,19490726,0,NWC01,h,IN9,1,0,0,regular,y,d
PH5194907260,cashb101,PH5,2,3,value,24,10,1,0,3,0,,,,,0,19490726,0,NWC01,h,IN9,1,0,0,regular,y,d
PH5194907260,jonej109,PH5,1,8,value,27,1,0,0,0,0,,,,,1,19490726,0,NWC01,h,IN9,1,0,0,regular,y,d
PH5194907260,clarb101,PH5,1,6,value,27,2,6,0,2,0,,,,,1,19490726,0,NWC01,h,IN9,1,0,0,regular,y,d
PH5194907260,glens101,PH5,1,3,value,3,0,0,0,0,0,,,,,1,19490726,0,NWC01,h,IN9,1,0,0,regular,y,d
PH5194907260,glens101,PH5,2,2,value,24,8,0,0,0,0,0,0,0,0,0,19490726,0,NWC01,h,IN9,1,0,0,regular,y,d
PH5194907260,smitm102,PH5,1,4,value,27,3,3,1,0,0,,,,,1,19490726,0,NWC01,h,IN9,1,0,0,regular,y,d
PH5194907260,watkm101,PH5,1,5,value,27,1,1,0,1,0,,,,,1,19490726,0,NWC01,h,IN9,1,0,0,regular,y,d
PH5194907260,thomg105,PH5,1,1,value,3,0,0,0,0,0,,,,,1,19490726,0,NWC01,h,IN9,1,0,0,regular,y,d
PH5194907260,browb107,PH5,1,1,value,24,0,1,0,1,0,,,,,0,19490726,0,NWC01,h,IN9,1,0,0,regular,y,d
IN9194907270,gainj102,PH5,1,1,value,7,,,,,,,,,,1,19490727,0,IND10,v,IN9,0,1,0,regular,,
IN9194907270,harrw101,PH5,,1,value,6,,,,,,,,,,,19490727,0,IND10,v,IN9,0,1,0,regular,,
IN9194907270,rickb102,PH5,,1,value,11,,,,,,,,,,,19490727,0,IND10,v,IN9,0,1,0,regular,,
IN9194907270,glens101,PH5,1,2,value,24,,,,,,,,,,1,19490727,0,IND10,v,IN9,0,1,0,regular,,
IN9194907270,piggl101,IN9,1,2,value,24,,,,,,,,,,1,19490727,0,IND10,h,PH5,1,0,0,regular,,
IN9194907270,cathw101,IN9,1,1,value,7,,,,,,,,,,1,19490727,0,IND10,h,PH5,1,0,0,regular,,
IN9194907270,davip103,IN9,,1,value,8,,,,,,,,,,,19490727,0,IND10,h,PH5,1,0,0,regular,,
IN9194907270,cohej101,IN9,,1,value,12,,,,,,,,,,,19490727,0,IND10,h,PH5,1,0,0,regular,,
IN9194907270,haywb102,IN9,,2,value,3,,,,,,,,,,,19490727,0,IND10,h,PH5,1,0,0,regular,,
CAG194907311,browb107,PH5,,1,value,27,,,0,,,,,,,1,19490731,1,CHI10,v,CAG,1,0,0,regular,,
CAG194907311,glens101,PH5,,2,value,27,,,0,,,,,,,1,19490731,1,CHI10,v,CAG,1,0,0,regular,,
CAG194907311,clarb101,PH5,,6,value,27,,,0,,,,,,,1,19490731,1,CHI10,v,CAG,1,0,0,regular,,
CAG194907311,sampt101,CAG,,4,value,,,,1,,,,,,,,19490731,1,CHI10,h,PH5,0,1,0,regular,,
CAG194907311,mcnec101,CAG,,6,value,,,,1,,,,,,,,19490731,1,CHI10,h,PH5,0,1,0,regular,,
CAG194907311,gipsa101,CAG,,1,value,27,,,,,,,,,,1,19490731,1,CHI10,h,PH5,0,1,0,regular,,
CAG194907311,radct101,CAG,,2,value,27,,,,,,,,,,1,19490731,1,CHI10,h,PH5,0,1,0,regular,,
CAG194907312,hefna101,PH5,,7,value,,,,1,,,,,,,,19490731,2,CHI10,v,CAG,0,1,0,regular,,
CAG194907312,jonej109,PH5,,8,value,,,,1,,,,,,,,19490731,2,CHI10,v,CAG,0,1,0,regular,,
CAG194907312,cashb101,PH5,,2,value,18,,,1,,,,,,,1,19490731,2,CHI10,v,CAG,0,1,0,regular,,
CAG194907312,watkm101,PH5,,5,value,,,,,,,,,,,,19490731,2,CHI10,v,CAG,0,1,0,regular,,
CAG194907312,grifb102,PH5,,1,value,18,,,,,,,,,,1,19490731,2,CHI10,v,CAG,0,1,0,regular,,
CAG194907312,mcnec101,CAG,,6,value,,,,,,,,,,,,19490731,2,CHI10,h,PH5,1,0,0,regular,,
CAG194907312,davel102,CAG,,8,value,,,,,,,,,,,,19490731,2,CHI10,h,PH5,1,0,0,regular,,
CAG194907312,dougj102,CAG,,5,value,,,,,,,,,,,,19490731,2,CHI10,h,PH5,1,0,0,regular,,
CAG194907312,summl101,CAG,,2,value,,,,,,,,,,,1,19490731,2,CHI10,h,PH5,1,0,0,regular,,
CAG194907312,radct101,CAG,,2,value,,,,,,,,,,,,19490731,2,CHI10,h,PH5,1,0,0,regular,,
CAG194907312,johnl105,CAG,,4,value,,,,,,,,,,,1,19490731,2,CHI10,h,PH5,1,0,0,regular,,
CAG194907312,rhodh101,CAG,,1,value,21,,,,,,,,,,1,19490731,2,CHI10,h,PH5,1,0,0,regular,,
PH5194908010,mcnec101,CAG,1,6,value,24,0,4,0,,,,,,,1,19490801,0,PHI11,v,PH5,0,1,0,regular,y,
PH5194908010,davel102,CAG,1,8,value,24,0,0,0,,,,,,,1,19490801,0,PHI11,v,PH5,0,1,0,regular,y,
PH5194908010,dougj102,CAG,1,5,value,24,1,3,1,,,,,,,1,19490801,0,PHI11,v,PH5,0,1,0,regular,y,
PH5194908010,summl101,CAG,1,7,value,24,1,0,0,,,,,,,1,19490801,0,PHI11,v,PH5,0,1,0,regular,y,
PH5194908010,bostl102,CAG,1,3,value,24,12,2,0,,,,,,,1,19490801,0,PHI11,v,PH5,0,1,0,regular,y,
PH5194908010,radct101,CAG,1,2,value,24,3,0,0,,,,,,,1,19490801,0,PHI11,v,PH5,0,1,0,regular,y,
PH5194908010,wilsj110,CAG,1,9,value,24,3,0,0,,,,,,,1,19490801,0,PHI11,v,PH5,0,1,0,regular,y,
PH5194908010,johnl105,CAG,1,4,value,24,3,2,0,,,,,,,1,19490801,0,PHI11,v,PH5,0,1,0,regular,y,
PH5194908010,jessg101,CAG,1,1,value,,0,1,1,,,,,,,1,19490801,0,PHI11,v,PH5,0,1,0,regular,y,
PH5194908010,smitt105,CAG,1,1,value,,0,0,1,,,,,,,,19490801,0,PHI11,v,PH5,0,1,0,regular,y,
PH5194908010,rhodh101,CAG,1,1,value,,1,2,0,,,,,,,,19490801,0,PHI11,v,PH5,0,1,0,regular,y,
PH5194908010,littb101,PH5,1,9,value,27,2,1,0,,,,,,,1,19490801,0,PHI11,h,CAG,1,0,0,regular,y,
PH5194908010,hefna101,PH5,1,7,value,27,1,0,0,,,,,,,1,19490801,0,PHI11,h,CAG,1,0,0,regular,y,
PH5194908010,davin101,PH5,1,3,value,27,7,0,0,,,,,,,1,19490801,0,PHI11,h,CAG,1,0,0,regular,y,
PH5194908010,jonej109,PH5,1,8,value,27,0,0,0,,,,,,,1,19490801,0,PHI11,h,CAG,1,0,0,regular,y,
PH5194908010,clarb101,PH5,1,6,value,27,2,3,0,,,,,,,1,19490801,0,PHI11,h,CAG,1,0,0,regular,y,
PH5194908010,glens101,PH5,1,2,value,27,13,0,0,,,,,,,1,19490801,0,PHI11,h,CAG,1,0,0,regular,y,
PH5194908010,watkm101,PH5,1,5,value,27,1,2,0,,,,,,,1,19490801,0,PHI11,h,CAG,1,0,0,regular,y,
PH5194908010,smitm102,PH5,1,4,value,27,1,2,2,,,,,,,1,19490801,0,PHI11,h,CAG,1,0,0,regular,y,
PH5194908010,harrw101,PH5,1,1,value,12,0,0,0,,,,,,,1,19490801,0,PHI11,h,CAG,1,0,0,regular,y,
PH5194908010,millh104,PH5,1,1,value,15,0,1,0,,,,,,,,19490801,0,PHI11,h,CAG,1,0,0,regular,y,
PH5194908060,brews101,IN9,1,7,value,24,3,0,0,,,,,,,1,19490806,0,WIL04,v,PH5,0,1,0,regular,y,
PH5194908060,willj111,IN9,1,6,value,24,1,6,0,,,,,,,1,19490806,0,WIL04,v,PH5,0,1,0,regular,y,
PH5194908060,neilr101,IN9,1,4,value,24,2,2,0,,,,,,,1,19490806,0,WIL04,v,PH5,0,1,0,regular,y,
PH5194908060,hairs101,IN9,1,5,value,24,0,1,2,,,,,,,1,19490806,0,WIL04,v,PH5,0,1,0,regular,y,
PH5194908060,tatug101,IN9,1,3,value,24,9,1,1,,,,,,,1,19490806,0,WIL04,v,PH5,0,1,0,regular,y,
PH5194908060,piggl101,IN9,1,2,value,24,4,0,0,,,,,,,1,19490806,0,WIL04,v,PH5,0,1,0,regular,y,
PH5194908060,drakr101,IN9,1,8,value,21,2,0,0,,,,,,,1,19490806,0,WIL04,v,PH5,0,1,0,regular,y,
PH5194908060,geraa101,IN9,1,8,value,3,0,0,0,,,,,,,,19490806,0,WIL04,v,PH5,0,1,0,regular,y,
PH5194908060,merch101,IN9,1,9,value,24,3,0,0,,,,,,,1,19490806,0,WIL04,v,PH5,0,1,0,regular,y,
PH5194908060,porta103,IN9,1,1,value,24,0,1,1,,,,,,,1,19490806,0,WIL04,v,PH5,0,1,0,regular,y,
PH5194908060,littb101,PH5,1,9,value,27,0,0,0,,,,,,,1,19490806,0,WIL04,h,IN9,1,0,0,regular,y,
PH5194908060,hefna101,PH5,1,7,value,27,2,0,0,,,,,,,1,19490806,0,WIL04,h,IN9,1,0,0,regular,y,
PH5194908060,davin101,PH5,1,3,value,27,7,0,0,,,,,,,1,19490806,0,WIL04,h,IN9,1,0,0,regular,y,
PH5194908060,jonej109,PH5,1,8,value,27,3,0,0,,,,,,,1,19490806,0,WIL04,h,IN9,1,0,0,regular,y,
PH5194908060,clarb101,PH5,1,6,value,27,0,2,1,,,,,,,1,19490806,0,WIL04,h,IN9,1,0,0,regular,y,
PH5194908060,glens101,PH5,1,2,value,27,11,0,1,,,,,,,1,19490806,0,WIL04,h,IN9,1,0,0,regular,y,
PH5194908060,watkm101,PH5,1,5,value,27,1,1,0,,,,,,,1,19490806,0,WIL04,h,IN9,1,0,0,regular,y,
PH5194908060,smitm102,PH5,1,4,value,27,3,1,1,,,,,,,1,19490806,0,WIL04,h,IN9,1,0,0,regular,y,
PH5194908060,browb107,PH5,1,1,value,23,0,0,0,,,,,,,1,19490806,0,WIL04,h,IN9,1,0,0,regular,y,
PH5194908060,rickb102,PH5,1,1,value,4,0,0,0,,,,,,,,19490806,0,WIL04,h,IN9,1,0,0,regular,y,
IN9194908130,harrw101,PH5,1,1,value,,,,,,,,,,,1,19490813,0,PET01,v,IN9,0,1,0,regular,,
IN9194908130,cohej101,IN9,1,1,value,,,,,,,,,,,1,19490813,0,PET01,h,PH5,1,0,0,regular,,
IN9194908190,rickb102,PH5,1,1,value,27,,,0,,,,,,,1,19490819,0,COL05,v,IN9,1,0,0,regular,,
IN9194908190,cashb101,PH5,1,2,value,27,,,0,,,,,,,1,19490819,0,COL05,v,IN9,1,0,0,regular,,
IN9194908190,davip103,IN9,1,1,value,15,,,0,,,,,,,1,19490819,0,COL05,h,PH5,0,1,0,regular,,
IN9194908190,cathw101,IN9,2,1,value,12,,,0,,,,,,,,19490819,0,COL05,h,PH5,0,1,0,regular,,
IN9194908190,piggl101,IN9,1,2,value,27,,,0,,,,,,,1,19490819,0,COL05,h,PH5,0,1,0,regular,,
IN9194908200,grifb102,PH5,1,1,value,27,,,,,,,,,,1,19490820,0,IND10,v,IN9,1,0,0,regular,,
PH5194908242,gillj102,BLG,1,4,value,27,3,3,0,0,0,,,,,1,19490824,2,PHI11,v,PH5,1,0,0,regular,y,d
PH5194908242,buttt102,BLG,1,6,value,27,4,1,0,0,0,,,,,1,19490824,2,PHI11,v,PH5,1,0,0,regular,y,d
PH5194908242,kimbh102,BLG,1,8,value,27,2,0,0,0,0,,,,,1,19490824,2,PHI11,v,PH5,1,0,0,regular,y,d
PH5194908242,pearl102,BLG,1,3,value,27,6,0,0,0,0,,,,,1,19490824,2,PHI11,v,PH5,1,0,0,regular,y,d
PH5194908242,davib108,BLG,1,7,value,27,3,0,0,0,0,,,,,1,19490824,2,PHI11,v,PH5,1,0,0,regular,y,d
PH5194908242,finne101,BLG,1,5,value,27,0,0,0,0,0,,,,,1,19490824,2,PHI11,v,PH5,1,0,0,regular,y,d
PH5194908242,mccob106,BLG,1,9,value,27,2,0,0,0,0,,,,,1,19490824,2,PHI11,v,PH5,1,0,0,regular,y,d
PH5194908242,hayej104,BLG,1,2,value,27,7,1,1,0,0,0,0,0,0,1,19490824,2,PHI11,v,PH5,1,0,0,regular,y,d
PH5194908242,rombb101,BLG,1,1,value,27,0,1,0,0,0,,,,,1,19490824,2,PHI11,v,PH5,1,0,0,regular,y,d
PH5194908242,littb101,PH5,1,9,value,27,0,0,0,0,0,,,,,1,19490824,2,PHI11,h,BLG,0,1,0,regular,y,d
PH5194908242,hefna101,PH5,1,7,value,27,3,0,0,0,0,,,,,1,19490824,2,PHI11,h,BLG,0,1,0,regular,y,d
PH5194908242,davin101,PH5,1,3,value,27,8,2,0,0,0,,,,,1,19490824,2,PHI11,h,BLG,0,1,0,regular,y,d
PH5194908242,jonej109,PH5,1,8,value,27,1,0,0,0,0,,,,,1,19490824,2,PHI11,h,BLG,0,1,0,regular,y,d
PH5194908242,clarb101,PH5,1,4,value,27,3,3,0,0,0,,,,,1,19490824,2,PHI11,h,BLG,0,1,0,regular,y,d
PH5194908242,cashb101,PH5,1,2,value,27,4,4,0,0,0,0,0,0,0,1,19490824,2,PHI11,h,BLG,0,1,0,regular,y,d
PH5194908242,watkm101,PH5,1,5,value,27,2,1,0,0,0,,,,,1,19490824,2,PHI11,h,BLG,0,1,0,regular,y,d
PH5194908242,smitm102,PH5,1,6,value,27,3,2,0,0,0,,,,,1,19490824,2,PHI11,h,BLG,0,1,0,regular,y,d
PH5194908242,gainj102,PH5,1,1,value,27,3,2,0,0,0,,,,,1,19490824,2,PHI11,h,BLG,0,1,0,regular,y,d
BLG194908260,littb101,PH5,1,9,value,24,1,1,0,0,0,,0,0,,1,19490826,0,BAL14,v,BLG,0,1,0,regular,y,
BLG194908260,hefna101,PH5,1,7,value,24,2,0,0,0,0,,0,0,,1,19490826,0,BAL14,v,BLG,0,1,0,regular,y,
BLG194908260,davin101,PH5,1,3,value,24,9,0,0,0,0,,0,0,,1,19490826,0,BAL14,v,BLG,0,1,0,regular,y,
BLG194908260,jonej109,PH5,1,8,value,24,3,0,0,0,0,,0,0,,1,19490826,0,BAL14,v,BLG,0,1,0,regular,y,
BLG194908260,clarb101,PH5,1,4,value,24,1,6,0,0,0,,0,0,,1,19490826,0,BAL14,v,BLG,0,1,0,regular,y,
BLG194908260,glens101,PH5,1,2,value,24,3,1,0,0,0,,0,2,,1,19490826,0,BAL14,v,BLG,0,1,0,regular,y,
BLG194908260,isree101,PH5,1,6,value,24,3,1,1,0,0,,0,0,,1,19490826,0,BAL14,v,BLG,0,1,0,regular,y,
BLG194908260,watkm101,PH5,1,5,value,24,2,1,0,0,0,,0,0,,1,19490826,0,BAL14,v,BLG,0,1,0,regular,y,
BLG194908260,grifb102,PH5,1,1,value,24,0,0,0,0,0,,1,0,,1,19490826,0,BAL14,v,BLG,0,1,0,regular,y,
BLG194908260,gillj102,BLG,1,4,value,27,5,4,0,3,0,,0,0,,1,19490826,0,BAL14,h,PH5,1,0,0,regular,y,
BLG194908260,buttt102,BLG,1,6,value,27,3,6,0,3,0,,0,0,,1,19490826,0,BAL14,h,PH5,1,0,0,regular,y,
BLG194908260,kimbh102,BLG,1,7,value,27,3,0,0,0,0,,0,0,,1,19490826,0,BAL14,h,PH5,1,0,0,regular,y,
BLG194908260,pearl102,BLG,1,3,value,27,9,0,0,2,0,,0,0,,1,19490826,0,BAL14,h,PH5,1,0,0,regular,y,
BLG194908260,mccob106,BLG,1,9,value,27,0,0,0,0,0,,0,0,,1,19490826,0,BAL14,h,PH5,1,0,0,regular,y,
BLG194908260,finne101,BLG,1,5,value,27,1,1,0,0,0,,0,0,,1,19490826,0,BAL14,h,PH5,1,0,0,regular,y,
BLG194908260,day-l101,BLG,1,8,value,27,2,0,0,0,0,,0,0,,1,19490826,0,BAL14,h,PH5,1,0,0,regular,y,
BLG194908260,hayej104,BLG,1,2,value,27,4,1,0,0,0,,0,0,,1,19490826,0,BAL14,h,PH5,1,0,0,regular,y,
BLG194908260,blacj103,BLG,1,1,value,27,0,2,0,0,0,,0,0,,1,19490826,0,BAL14,h,PH5,1,0,0,regular,y,
BLG194909020,littb101,PH5,1,9,value,15,0,0,0,0,0,,,,,1,19490902,0,BAL14,v,BLG,0,1,0,regular,y,d
BLG194909020,glens101,PH5,1,2,value,4,1,0,0,0,0,0,0,0,0,0,19490902,0,BAL14,v,BLG,0,1,0,regular,y,d
BLG194909020,hefna101,PH5,1,7,value,19,1,0,1,0,0,,,,,1,19490902,0,BAL14,v,BLG,0,1,0,regular,y,d
BLG194909020,davin101,PH5,1,3,value,19,4,0,0,0,0,,,,,1,19490902,0,BAL14,v,BLG,0,1,0,regular,y,d
BLG194909020,jonej109,PH5,1,8,value,19,2,0,0,0,0,,,,,1,19490902,0,BAL14,v,BLG,0,1,0,regular,y,d
BLG194909020,clarb101,PH5,1,6,value,19,2,0,0,0,0,,,,,1,19490902,0,BAL14,v,BLG,0,1,0,regular,y,d
BLG194909020,cashb101,PH5,1,2,value,15,8,1,0,0,0,1,0,0,0,1,19490902,0,BAL14,v,BLG,0,1,0,regular,y,d
BLG194909020,cashb101,PH5,2,9,value,4,0,0,0,0,0,,,,,0,19490902,0,BAL14,v,BLG,0,1,0,regular,y,d
BLG194909020,watkm101,PH5,1,5,value,19,0,1,0,0,0,,,,,1,19490902,0,BAL14,v,BLG,0,1,0,regular,y,d
BLG194909020,smitm102,PH5,1,4,value,19,1,0,0,0,0,,,,,1,19490902,0,BAL14,v,BLG,0,1,0,regular,y,d
BLG194909020,gainj102,PH5,1,1,value,6,0,0,0,0,0,,,,,1,19490902,0,BAL14,v,BLG,0,1,0,regular,y,d
BLG194909020,harrw101,PH5,1,1,value,13,0,0,0,0,0,,,,,0,19490902,0,BAL14,v,BLG,0,1,0,regular,y,d
BLG194909020,millh104,PH5,1,1,value,0,0,0,0,0,0,,,,,0,19490902,0,BAL14,v,BLG,0,1,0,regular,y,d
BLG194909020,gillj102,BLG,1,4,value,21,1,6,0,0,0,,,,,1,19490902,0,BAL14,h,PH5,1,0,0,regular,y,d
BLG194909020,buttt102,BLG,1,6,value,21,0,0,0,0,0,,,,,1,19490902,0,BAL14,h,PH5,1,0,0,regular,y,d
BLG194909020,kimbh102,BLG,1,8,value,21,4,0,1,0,0,,,,,1,19490902,0,BAL14,h,PH5,1,0,0,regular,y,d
BLG194909020,pearl102,BLG,1,3,value,21,8,0,0,0,0,,,,,1,19490902,0,BAL14,h,PH5,1,0,0,regular,y,d
BLG194909020,davib108,BLG,1,7,value,21,0,0,0,0,0,,,,,1,19490902,0,BAL14,h,PH5,1,0,0,regular,y,d
BLG194909020,finne101,BLG,1,5,value,21,0,1,0,0,0,,,,,1,19490902,0,BAL14,h,PH5,1,0,0,regular,y,d
BLG194909020,mccob106,BLG,1,9,value,21,1,0,0,0,0,,,,,1,19490902,0,BAL14,h,PH5,1,0,0,regular,y,d
BLG194909020,hayej104,BLG,1,2,value,21,7,0,0,0,0,0,0,1,0,1,19490902,0,BAL14,h,PH5,1,0,0,regular,y,d
BLG194909020,blacj103,BLG,1,1,value,14,0,1,0,0,0,,,,,1,19490902,0,BAL14,h,PH5,1,0,0,regular,y,d
BLG194909020,ferrt102,BLG,1,1,value,4,0,0,0,0,0,,,,,0,19490902,0,BAL14,h,PH5,1,0,0,regular,y,d
BLG194909020,rombb101,BLG,1,1,value,3,0,0,0,0,0,,,,,0,19490902,0,BAL14,h,PH5,1,0,0,regular,y,d
BLG194909051,littb101,PH5,1,9,value,33,2,0,0,0,,,0,0,,1,19490905,1,BAL14,v,BLG,0,1,0,regular,y,
BLG194909051,hefna101,PH5,1,7,value,33,7,0,1,0,,,0,0,,1,19490905,1,BAL14,v,BLG,0,1,0,regular,y,
BLG194909051,davin101,PH5,1,3,value,33,10,0,0,0,,,0,0,,1,19490905,1,BAL14,v,BLG,0,1,0,regular,y,
BLG194909051,jonej109,PH5,1,8,value,33,6,0,0,0,,,0,0,,1,19490905,1,BAL14,v,BLG,0,1,0,regular,y,
BLG194909051,clarb101,PH5,1,4,value,,2,3,1,0,,,0,0,,1,19490905,1,BAL14,v,BLG,0,1,0,regular,y,
BLG194909051,clarb101,PH5,2,6,value,,0,0,0,0,,,0,0,,1,19490905,1,BAL14,v,BLG,0,1,0,regular,y,
BLG194909051,cashb101,PH5,1,2,value,33,2,2,0,0,,,0,0,,1,19490905,1,BAL14,v,BLG,0,1,0,regular,y,
BLG194909051,isree101,PH5,1,6,value,33,1,0,1,0,,,0,0,,1,19490905,1,BAL14,v,BLG,0,1,0,regular,y,
BLG194909051,smitm102,PH5,1,4,value,33,0,0,0,0,,,0,0,,,19490905,1,BAL14,v,BLG,0,1,0,regular,y,
BLG194909051,watkm101,PH5,1,5,value,33,3,2,0,0,,,0,0,,1,19490905,1,BAL14,v,BLG,0,1,0,regular,y,
BLG194909051,browb107,PH5,1,1,value,33,0,2,0,0,,,0,0,,1,19490905,1,BAL14,v,BLG,0,1,0,regular,y,
BLG194909051,gillj102,BLG,1,4,value,36,4,10,0,2,,,0,0,,1,19490905,1,BAL14,h,PH5,1,0,0,regular,y,
BLG194909051,buttt102,BLG,1,6,value,36,3,3,0,0,,,0,0,,1,19490905,1,BAL14,h,PH5,1,0,0,regular,y,
BLG194909051,kimbh102,BLG,1,8,value,,2,0,0,0,,,0,0,,1,19490905,1,BAL14,h,PH5,1,0,0,regular,y,
BLG194909051,kimbh102,BLG,2,7,value,,0,0,0,0,,,0,0,,1,19490905,1,BAL14,h,PH5,1,0,0,regular,y,
BLG194909051,pearl102,BLG,1,3,value,36,16,0,0,2,,,0,0,,1,19490905,1,BAL14,h,PH5,1,0,0,regular,y,
BLG194909051,davib108,BLG,1,7,value,36,3,0,0,0,,,0,0,,1,19490905,1,BAL14,h,PH5,1,0,0,regular,y,
BLG194909051,blacj103,BLG,2,1,value,,0,0,0,0,,,1,0,,,19490905,1,BAL14,h,PH5,1,0,0,regular,y,
BLG194909051,finne101,BLG,1,5,value,36,0,1,0,2,,,0,0,,1,19490905,1,BAL14,h,PH5,1,0,0,regular,y,
BLG194909051,mccob106,BLG,1,9,value,36,2,0,0,0,,,0,0,,1,19490905,1,BAL14,h,PH5,1,0,0,regular,y,
BLG194909051,hayej104,BLG,1,2,value,36,3,2,0,0,,,0,1,,1,19490905,1,BAL14,h,PH5,1,0,0,regular,y,
BLG194909051,day-l101,BLG,1,1,value,,3,0,0,0,,,0,0,,1,19490905,1,BAL14,h,PH5,1,0,0,regular,y,
BLG194909051,day-l101,BLG,2,7,value,,0,0,0,0,,,0,0,,1,19490905,1,BAL14,h,PH5,1,0,0,regular,y,
BLG194909052,grifb102,PH5,1,1,value,15,,,,,,,,,,1,19490905,2,BAL14,v,BLG,1,0,0,regular,,
BLG194909052,glens101,PH5,1,2,value,15,,,,,,,,,,1,19490905,2,BAL14,v,BLG,1,0,0,regular,,
BLG194909052,rombb101,BLG,1,1,value,6,,,,,,,,,,1,19490905,2,BAL14,h,PH5,0,1,0,regular,,
BLG194909052,rodgs101,BLG,2,1,value,9,,,,,,,,,,,19490905,2,BAL14,h,PH5,0,1,0,regular,,
BLG194909052,makew101,BLG,1,2,value,15,,,,,,,,,,1,19490905,2,BAL14,h,PH5,0,1,0,regular,,
BLG194909140,cashb101,PH5,1,2,value,27,,,,,,,,,,1,19490914,0,NPN02,v,BLG,1,0,0,exhibition,,
BLG194909140,harrw101,PH5,1,1,value,27,,,,,,,,,,1,19490914,0,NPN02,v,BLG,1,0,0,exhibition,,
BLG194909140,ferrt102,BLG,1,1,value,27,,,,,,,,,,1,19490914,0,NPN02,h,PH5,0,1,0,exhibition,,
BLG194909140,makew101,BLG,1,2,value,27,,,,,,,,,,1,19490914,0,NPN02,h,PH5,0,1,0,exhibition,,
