gid,id,team,d_seq,d_pos,stattype,d_ifouts,d_po,d_a,d_e,d_dp,d_tp,d_pb,d_wp,d_sb,d_cs,d_gs,date,number,site,vishome,opp,win,loss,tie,gametype,box,pbp,eject
NY1192804130,spoha101,NY1,1,2,value,3,1,0,0,0,0,0,0,0,0,0,19280413,0,NYC14,h,BSN,1,0,0,regular,y,y,
NY1192804150,spoha101,NY1,1,2,value,6,1,0,0,0,0,0,0,0,0,0,19280415,0,NYC14,h,PHI,1,0,0,regular,y,y,
NY1192806150,spoha101,NY1,1,2,value,6,0,0,0,0,0,0,0,0,0,0,19280615,0,NYC14,h,PIT,1,0,0,regular,y,y,
BSN192806181,spoha101,BSN,1,2,value,27,0,0,0,0,0,0,0,0,0,1,19280618,1,BOS08,h,CHN,1,0,0,regular,y,y,
BSN192806211,spoha101,BSN,1,2,value,21,5,0,0,0,0,0,0,2,0,1,19280621,1,BOS08,h,NY1,0,1,0,regular,y,y,
BSN192806232,spoha101,BSN,1,2,value,27,1,0,0,0,0,0,0,1,0,1,19280623,2,BOS08,h,BRO,0,1,0,regular,y,y,
BSN192806250,spoha101,BSN,1,2,value,3,1,0,0,0,0,0,0,0,0,0,19280625,0,BOS08,h,BRO,0,1,0,regular,y,y,
BSN192806262,spoha101,BSN,1,2,value,21,0,0,0,0,0,0,0,0,0,1,19280626,2,BOS08,h,BRO,0,1,0,regular,y,y,
NY1192806302,spoha101,BSN,1,2,value,24,2,1,0,0,0,0,1,0,0,1,19280630,2,NYC14,v,NY1,0,1,0,regular,y,y,
BSN192807021,spoha101,BSN,1,2,value,15,2,0,0,0,0,0,0,0,0,0,19280702,1,BOS08,h,PHI,1,0,0,regular,y,y,
SLN192807082,spoha101,BSN,1,2,value,6,0,0,0,0,0,0,0,0,0,0,19280708,2,STL07,v,SLN,0,1,0,regular,y,y,
SLN192807090,spoha101,BSN,1,2,value,6,1,0,0,0,0,0,0,0,0,0,19280709,0,STL07,v,SLN,0,1,0,regular,y,y,
CHN192807110,spoha101,BSN,1,2,value,3,0,0,0,0,0,0,0,0,0,0,19280711,0,CHI11,v,CHN,0,1,0,regular,y,y,
CHN192807120,spoha101,BSN,1,2,value,3,1,0,0,0,0,0,0,0,0,0,19280712,0,CHI11,v,CHN,0,1,0,regular,y,y,
PIT192807140,spoha101,BSN,1,2,value,24,6,2,1,0,0,0,0,4,2,1,19280714,0,PIT06,v,PIT,0,1,0,regular,y,y,
PIT192807160,spoha101,BSN,1,2,value,20,4,2,0,0,0,0,0,1,2,0,19280716,0,PIT06,v,PIT,0,1,0,regular,y,y,
PIT192807170,spoha101,BSN,1,2,value,24,5,1,0,0,0,0,0,1,1,1,19280717,0,PIT06,v,PIT,0,1,0,regular,y,y,
PIT192807180,spoha101,BSN,1,2,value,24,2,0,0,0,0,2,0,0,0,1,19280718,0,PIT06,v,PIT,0,1,0,regular,y,y,
CIN192807200,spoha101,BSN,1,2,value,6,1,1,0,1,0,0,0,0,0,0,19280720,0,CIN07,v,CIN,0,1,0,regular,y,y,
CIN192807200,spoha101,BSN,1,2,official,,,,0,0,,0,,,,,19280720,0,CIN07,v,CIN,0,1,0,regular,y,y,
CIN192807210,spoha101,BSN,1,2,value,3,0,0,0,0,0,0,0,0,0,0,19280721,0,CIN07,v,CIN,0,1,0,regular,y,y,
BSN192807260,spoha101,BSN,1,2,value,6,2,0,0,0,0,0,0,0,0,0,19280726,0,BOS08,h,CHN,1,0,0,regular,y,y,
BSN192807270,spoha101,BSN,1,2,value,6,0,0,0,0,0,0,0,0,0,0,19280727,0,BOS08,h,CHN,0,1,0,regular,y,y,
BSN192807302,spoha101,BSN,1,2,value,30,5,3,0,0,0,0,0,0,1,1,19280730,2,BOS08,h,PIT,0,1,0,regular,y,y,
BSN192807310,spoha101,BSN,1,2,value,9,0,1,0,0,0,0,0,0,0,0,19280731,0,BOS08,h,PIT,1,0,0,regular,y,y,
BSN192808042,spoha101,BSN,1,2,value,27,4,0,0,0,0,0,0,0,0,1,19280804,2,BOS08,h,SLN,1,0,0,regular,y,y,
BSN192808082,spoha101,BSN,1,2,value,27,4,0,0,0,0,0,0,0,0,1,19280808,2,BOS08,h,CIN,1,0,0,regular,y,y,
SLN192808140,spoha101,BSN,1,2,value,6,1,0,0,0,0,0,0,0,0,0,19280814,0,STL07,v,SLN,0,1,0,regular,y,y,
SLN192808150,spoha101,BSN,1,2,value,24,0,2,0,0,0,0,0,1,0,1,19280815,0,STL07,v,SLN,0,1,0,regular,y,y,
CIN192808180,spoha101,BSN,1,2,value,3,0,0,0,0,0,1,0,0,0,0,19280818,0,CIN07,v,CIN,1,0,0,regular,y,y,
CIN192808180,spoha101,BSN,1,2,official,,,,0,0,,0,,,,,19280818,0,CIN07,v,CIN,1,0,0,regular,y,y,
CHN192808242,spoha101,BSN,1,2,value,24,3,0,1,0,0,0,0,0,0,1,19280824,2,CHI11,v,CHN,0,1,0,regular,y,y,
CHN192808250,spoha101,BSN,1,2,value,9,1,0,0,0,0,0,0,1,0,0,19280825,0,CHI11,v,CHN,0,1,0,regular,y,y,
NY1192808282,spoha101,BSN,1,2,value,27,2,0,0,0,0,0,1,2,0,1,19280828,2,NYC14,v,NY1,1,0,0,regular,y,y,
NY1192808290,spoha101,BSN,1,2,value,27,4,0,0,0,0,0,0,0,0,1,19280829,0,NYC14,v,NY1,1,0,0,regular,y,y,
BSN192808311,spoha101,BSN,1,2,value,27,4,4,1,0,0,0,0,0,2,1,19280831,1,BOS08,h,PHI,0,1,0,regular,y,y,
BSN192809011,spoha101,BSN,1,2,value,24,5,0,0,0,0,0,0,0,0,1,19280901,1,BOS08,h,PHI,1,0,0,regular,y,y,
NY1192809020,spoha101,BSN,1,2,value,24,0,1,0,0,0,0,1,0,1,1,19280902,0,NYC14,v,NY1,0,1,0,regular,y,y,
BSN192809042,spoha101,BSN,1,2,value,27,5,0,0,0,0,0,1,0,0,1,19280904,2,BOS08,h,BRO,0,1,0,regular,y,y,
BSN192809052,spoha101,BSN,1,2,value,27,4,0,0,0,0,0,0,0,0,1,19280905,2,BOS08,h,BRO,1,0,0,regular,y,y,
PHI192809072,spoha101,BSN,1,2,value,33,2,2,0,0,0,0,0,0,1,1,19280907,2,PHI09,v,PHI,1,0,0,regular,y,d,
PHI192809081,spoha101,BSN,1,2,value,1,0,0,0,0,0,0,0,0,0,0,19280908,1,PHI09,v,PHI,0,1,0,regular,y,y,
PHI192809082,spoha101,BSN,1,2,value,24,1,0,0,0,0,0,0,0,1,1,19280908,2,PHI09,v,PHI,0,1,0,regular,y,d,
BSN192809102,spoha101,BSN,1,2,value,27,2,0,0,0,0,0,0,0,0,1,19280910,2,BOS08,h,NY1,0,1,0,regular,y,y,
BSN192809111,spoha101,BSN,1,2,value,1,0,0,0,0,0,0,0,0,0,1,19280911,1,BOS08,h,NY1,0,1,0,regular,y,y,
BSN192809152,spoha101,BSN,1,2,value,27,2,1,0,0,0,0,0,3,0,1,19280915,2,BOS08,h,CHN,0,1,0,regular,y,y,
BSN192809180,spoha101,BSN,1,2,value,27,2,2,0,1,0,0,0,0,0,1,19280918,0,BOS08,h,CHN,0,1,0,regular,y,y,
BSN192809201,spoha101,BSN,1,2,value,27,0,1,0,0,0,0,0,1,1,1,19280920,1,BOS08,h,CIN,0,1,0,regular,y,d,
BSN192809212,spoha101,BSN,1,2,value,27,3,0,0,0,0,0,0,0,0,1,19280921,2,BOS08,h,CIN,0,1,0,regular,y,d,
BSN192809222,spoha101,BSN,1,2,value,27,5,0,0,0,0,0,0,0,0,1,19280922,2,BOS08,h,CIN,1,0,0,regular,y,y,
BSN192809242,spoha101,BSN,1,2,value,27,1,0,0,0,0,0,0,0,0,1,19280924,2,BOS08,h,PIT,1,0,0,regular,y,d,
BSN192809280,spoha101,BSN,1,2,value,45,6,0,0,0,0,0,0,2,0,1,19280928,0,BOS08,h,SLN,0,1,0,regular,y,y,
BSN192904191,spoha101,BSN,1,2,value,6,2,0,0,0,0,0,0,0,0,0,19290419,1,BOS08,h,BRO,1,0,0,regular,y,y,
BSN192904192,spoha101,BSN,1,2,value,27,3,1,0,0,0,0,0,0,1,1,19290419,2,BOS08,h,BRO,1,0,0,regular,y,y,
BRO192904230,spoha101,BSN,1,2,value,24,6,0,0,0,0,0,0,1,1,1,19290423,0,NYC15,v,BRO,0,1,0,regular,y,y,
BRO192904240,spoha101,BSN,1,2,value,24,8,0,0,0,0,0,0,1,1,1,19290424,0,NYC15,v,BRO,0,1,0,regular,y,y,
BSN192905040,spoha101,BSN,1,2,value,27,1,0,0,0,0,0,0,0,0,1,19290504,0,BOS08,h,PIT,1,0,0,regular,y,y,
BSN192905050,spoha101,BSN,1,2,value,27,1,1,0,0,0,0,1,0,1,1,19290505,0,BOS08,h,PIT,0,1,0,regular,y,y,
BSN192905060,spoha101,BSN,1,2,value,27,1,1,0,0,0,0,0,0,0,1,19290506,0,BOS08,h,PIT,0,1,0,regular,y,y,
BSN192905070,spoha101,BSN,1,2,value,24,8,0,0,0,0,0,1,0,0,1,19290507,0,BOS08,h,SLN,1,0,0,regular,y,y,
BSN192905080,spoha101,BSN,1,2,value,27,6,0,1,0,0,0,1,1,0,1,19290508,0,BOS08,h,SLN,0,1,0,regular,y,y,
BSN192905100,spoha101,BSN,1,2,value,27,3,0,0,1,0,0,1,0,0,1,19290510,0,BOS08,h,CIN,0,1,0,regular,y,y,
BSN192905130,spoha101,BSN,1,2,value,27,2,0,0,0,0,0,0,1,0,1,19290513,0,BOS08,h,CHN,0,1,0,regular,y,y,
BSN192905140,spoha101,BSN,1,2,value,12,3,0,0,0,0,0,0,0,0,0,19290514,0,BOS08,h,CHN,1,0,0,regular,y,y,
BSN192905150,spoha101,BSN,1,2,value,27,2,0,0,0,0,0,0,1,0,1,19290515,0,BOS08,h,CHN,0,1,0,regular,y,y,
BSN192905161,spoha101,BSN,1,2,value,27,0,1,0,0,0,0,0,0,1,1,19290516,1,BOS08,h,NY1,1,0,0,regular,y,y,
BSN192905162,spoha101,BSN,1,2,value,30,1,2,0,0,0,0,0,0,1,1,19290516,2,BOS08,h,NY1,1,0,0,regular,y,y,
BSN192905222,spoha101,BSN,1,2,value,27,4,2,0,0,0,0,0,1,1,1,19290522,2,BOS08,h,PHI,0,1,0,regular,y,y,
NY1192905230,spoha101,BSN,1,2,value,24,5,1,2,0,0,0,0,1,1,1,19290523,0,NYC14,v,NY1,0,1,0,regular,y,y,
NY1192905260,spoha101,BSN,1,2,value,24,6,2,0,0,0,0,0,0,1,1,19290526,0,NYC14,v,NY1,0,1,0,regular,y,y,
PHI192905272,spoha101,BSN,1,2,value,24,4,2,0,0,0,0,1,1,2,1,19290527,2,PHI09,v,PHI,0,1,0,regular,y,y,
PHI192905290,spoha101,BSN,1,2,value,24,3,0,2,0,0,0,0,1,0,1,19290529,0,PHI09,v,PHI,0,1,0,regular,y,y,
PHI192905302,spoha101,BSN,1,2,value,3,1,1,0,0,0,1,0,1,0,0,19290530,2,PHI09,v,PHI,0,1,0,regular,y,y,
CIN192906010,spoha101,BSN,1,2,value,6,1,0,0,0,0,0,0,0,0,0,19290601,0,CIN07,v,CIN,0,1,0,regular,y,y,
CIN192906030,spoha101,BSN,1,2,value,18,1,2,0,1,0,0,0,1,2,1,19290603,0,CIN07,v,CIN,0,1,0,regular,y,y,
CHN192906100,spoha101,BSN,1,2,value,24,4,1,1,0,0,0,0,0,0,1,19290610,0,CHI11,v,CHN,0,1,0,regular,y,y,
SLN192906140,spoha101,BSN,1,2,value,24,4,1,0,0,0,1,0,0,0,1,19290614,0,STL07,v,SLN,0,1,0,regular,y,d,
SLN192906162,spoha101,BSN,1,2,value,27,6,1,0,0,0,0,0,1,1,1,19290616,2,STL07,v,SLN,1,0,0,regular,y,d,
PHI192906180,spoha101,BSN,1,2,value,24,5,0,0,0,0,0,0,0,1,1,19290618,0,PHI09,v,PHI,0,1,0,regular,y,d,
BSN192906192,spoha101,BSN,1,2,value,27,3,1,0,0,0,0,0,0,1,1,19290619,2,BOS08,h,BRO,1,0,0,regular,y,y,
BSN192906200,spoha101,BSN,1,2,value,27,2,0,0,0,0,0,0,1,0,1,19290620,0,BOS08,h,BRO,1,0,0,regular,y,y,
BSN192906210,spoha101,BSN,1,2,value,45,4,0,1,0,0,0,0,1,0,1,19290621,0,BOS08,h,BRO,0,1,0,regular,y,y,
BSN192906210,spoha101,BSN,1,2,official,,,,0,0,,0,,,,1,19290621,0,BOS08,h,BRO,0,1,0,regular,y,y,
BSN192906221,spoha101,BSN,1,2,value,6,0,0,0,0,0,0,1,0,0,0,19290622,1,BOS08,h,BRO,0,1,0,regular,y,y,
BSN192906222,spoha101,BSN,1,2,value,27,5,0,0,0,0,0,0,0,0,1,19290622,2,BOS08,h,BRO,1,0,0,regular,y,y,
BSN192906232,spoha101,BSN,1,2,value,21,1,0,0,0,0,0,0,0,0,1,19290623,2,BOS08,h,PHI,1,0,0,regular,y,y,
BSN192906251,spoha101,BSN,1,2,value,27,2,0,1,0,0,0,0,1,0,1,19290625,1,BOS08,h,PHI,1,0,0,regular,y,y,
BSN192906261,spoha101,BSN,1,2,value,27,5,1,0,0,0,0,0,2,1,1,19290626,1,BOS08,h,PHI,0,1,0,regular,y,y,
BSN192906262,spoha101,BSN,1,2,value,27,5,1,0,0,0,0,0,0,0,1,19290626,2,BOS08,h,PHI,0,1,0,regular,y,y,
BRO192906270,spoha101,BSN,1,2,value,3,0,1,0,0,0,0,0,1,0,0,19290627,0,NYC15,v,BRO,0,1,0,regular,y,y,
BRO192906291,spoha101,BSN,1,2,value,24,2,1,0,0,0,0,0,1,1,1,19290629,1,NYC15,v,BRO,0,1,0,regular,y,y,
BRO192906292,spoha101,BSN,1,2,value,24,1,1,1,0,0,0,0,0,1,1,19290629,2,NYC15,v,BRO,0,1,0,regular,y,y,
BRO192906302,spoha101,BSN,1,2,value,24,5,0,0,0,0,0,0,0,0,1,19290630,2,NYC15,v,BRO,1,0,0,regular,y,y,
BSN192907021,spoha101,BSN,1,2,value,27,2,1,0,1,0,0,0,0,0,1,19290702,1,BOS08,h,NY1,0,1,0,regular,y,y,
BSN192907022,spoha101,BSN,1,2,value,9,2,0,0,0,0,0,0,0,0,0,19290702,2,BOS08,h,NY1,1,0,0,regular,y,y,
BSN192907041,spoha101,BSN,1,2,value,27,3,2,0,0,0,0,0,2,2,1,19290704,1,BOS08,h,NY1,1,0,0,regular,y,y,
BSN192907042,spoha101,BSN,1,2,value,27,4,1,0,0,0,0,0,0,0,1,19290704,2,BOS08,h,NY1,0,1,0,regular,y,d,
BSN192907060,spoha101,BSN,1,2,value,27,3,0,0,0,0,0,0,1,0,1,19290706,0,BOS08,h,CHN,1,0,0,regular,y,y,
BSN192907070,spoha101,BSN,1,2,value,15,5,0,0,0,0,0,1,0,0,1,19290707,0,BOS08,h,CHN,0,1,0,regular,y,y,
BSN192907080,spoha101,BSN,1,2,value,27,1,1,0,0,0,2,0,2,1,1,19290708,0,BOS08,h,CHN,0,1,0,regular,y,y,
BSN192907090,spoha101,BSN,1,2,value,27,1,0,0,1,0,0,0,0,0,1,19290709,0,BOS08,h,CHN,1,0,0,regular,y,y,
BSN192907100,spoha101,BSN,1,2,value,27,3,1,2,0,0,0,0,1,1,1,19290710,0,BOS08,h,CIN,0,1,0,regular,y,y,
BSN192907110,spoha101,BSN,1,2,value,3,0,0,0,0,0,0,0,0,0,0,19290711,0,BOS08,h,CIN,0,1,0,regular,y,y,
BSN192907120,spoha101,BSN,1,2,value,33,6,0,1,0,0,0,0,1,0,1,19290712,0,BOS08,h,CIN,0,1,0,regular,y,y,
BSN192907130,spoha101,BSN,1,2,value,30,1,0,0,0,0,0,0,0,0,1,19290713,0,BOS08,h,CIN,1,0,0,regular,y,y,
BSN192907150,spoha101,BSN,1,2,value,33,2,1,0,0,0,0,0,0,0,1,19290715,0,BOS08,h,PIT,0,1,0,regular,y,y,
BSN192907160,spoha101,BSN,1,2,value,27,3,0,0,0,0,0,0,0,0,1,19290716,0,BOS08,h,PIT,1,0,0,regular,y,y,
BSN192907171,spoha101,BSN,1,2,value,19,1,0,0,0,0,0,0,0,0,1,19290717,1,BOS08,h,PIT,1,0,0,regular,y,y,
BSN192907200,spoha101,BSN,1,2,value,27,2,0,0,0,0,0,0,0,0,1,19290720,0,BOS08,h,SLN,1,0,0,regular,y,y,
BSN192907211,spoha101,BSN,1,2,value,27,4,1,0,0,0,0,0,0,0,1,19290721,1,BOS08,h,SLN,1,0,0,regular,y,y,
BSN192907212,spoha101,BSN,1,2,value,27,1,0,0,0,0,0,0,0,0,1,19290721,2,BOS08,h,SLN,1,0,0,regular,y,y,
CIN192907231,spoha101,BSN,1,2,value,24,4,1,0,0,0,0,0,1,0,1,19290723,1,CIN07,v,CIN,0,1,0,regular,y,y,
CIN192907232,spoha101,BSN,1,2,value,27,3,0,0,0,0,0,0,0,0,1,19290723,2,CIN07,v,CIN,1,0,0,regular,y,y,
CIN192907240,spoha101,BSN,1,2,value,27,1,0,0,0,0,0,0,0,0,1,19290724,0,CIN07,v,CIN,1,0,0,regular,y,y,
CIN192907250,spoha101,BSN,1,2,value,24,3,4,0,0,0,0,0,0,1,1,19290725,0,CIN07,v,CIN,0,1,0,regular,y,y,
PIT192907260,spoha101,BSN,1,2,value,26,3,0,0,0,0,0,0,0,0,1,19290726,0,PIT06,v,PIT,0,1,0,regular,y,y,
PIT192907271,spoha101,BSN,1,2,value,27,5,1,0,0,0,0,0,2,1,1,19290727,1,PIT06,v,PIT,1,0,0,regular,y,y,
PIT192907272,spoha101,BSN,1,2,value,15,1,0,0,0,0,0,0,0,0,1,19290727,2,PIT06,v,PIT,0,1,0,regular,y,y,y
PIT192907290,spoha101,BSN,1,2,value,27,2,0,0,0,0,0,0,0,0,1,19290729,0,PIT06,v,PIT,1,0,0,regular,y,y,
CHN192907300,spoha101,BSN,1,2,value,24,3,0,0,0,0,0,0,0,0,1,19290730,0,CHI11,v,CHN,0,1,0,regular,y,y,
CHN192907311,spoha101,BSN,1,2,value,27,2,0,0,0,0,0,0,0,0,1,19290731,1,CHI11,v,CHN,1,0,0,regular,y,y,
CHN192907312,spoha101,BSN,1,2,value,24,2,0,0,0,0,0,0,0,0,1,19290731,2,CHI11,v,CHN,0,1,0,regular,y,y,
CHN192908010,spoha101,BSN,1,2,value,24,3,0,0,0,0,0,0,1,0,1,19290801,0,CHI11,v,CHN,0,1,0,regular,y,y,
SLN192908030,spoha101,BSN,1,2,value,24,5,1,2,0,0,0,0,0,2,1,19290803,0,STL07,v,SLN,0,1,0,regular,y,y,
SLN192908040,spoha101,BSN,1,2,value,24,3,2,0,0,0,1,0,0,2,1,19290804,0,STL07,v,SLN,0,1,0,regular,y,y,
SLN192908050,spoha101,BSN,1,2,value,27,3,0,0,0,0,0,0,1,0,1,19290805,0,STL07,v,SLN,1,0,0,regular,y,y,
BSN192908100,spoha101,BSN,1,2,value,27,6,1,0,0,0,0,0,0,1,1,19290810,0,BOS08,h,CHN,0,1,0,regular,y,y,
BSN192908110,spoha101,BSN,1,2,value,27,1,0,0,0,0,0,0,0,0,1,19290811,0,BOS08,h,CHN,0,1,0,regular,y,y,
BSN192908120,spoha101,BSN,1,2,value,30,2,2,1,0,0,0,0,1,0,1,19290812,0,BOS08,h,CHN,1,0,0,regular,y,y,
BSN192908130,spoha101,BSN,1,2,value,27,3,0,1,0,0,0,0,2,0,1,19290813,0,BOS08,h,CHN,0,1,0,regular,y,y,
BSN192908150,spoha101,BSN,1,2,value,27,1,0,0,0,0,0,1,2,0,1,19290815,0,BOS08,h,PIT,1,0,0,regular,y,y,
BSN192908160,spoha101,BSN,1,2,value,27,2,1,0,0,0,0,1,0,0,1,19290816,0,BOS08,h,PIT,0,1,0,regular,y,d,
BSN192908170,spoha101,BSN,1,2,value,27,5,0,0,0,0,0,0,3,0,1,19290817,0,BOS08,h,PIT,0,1,0,regular,y,y,
BSN192908180,spoha101,BSN,1,2,value,3,0,0,0,0,0,0,0,0,0,0,19290818,0,BOS08,h,CIN,1,0,0,regular,y,y,
BSN192908200,spoha101,BSN,1,2,value,18,1,1,0,0,0,0,0,2,1,1,19290820,0,BOS08,h,CIN,0,1,0,regular,y,y,
BSN192908211,spoha101,BSN,1,2,value,27,3,0,0,0,0,1,0,1,0,1,19290821,1,BOS08,h,CIN,1,0,0,regular,y,y,
BSN192908212,spoha101,BSN,1,2,value,21,3,2,0,0,0,0,1,0,2,1,19290821,2,BOS08,h,CIN,0,1,0,regular,y,y,
BSN192908220,spoha101,BSN,1,2,value,27,6,0,0,0,0,0,0,0,1,1,19290822,0,BOS08,h,SLN,0,1,0,regular,y,y,
BSN192908250,spoha101,BSN,1,2,value,27,5,1,1,0,0,0,0,2,0,1,19290825,0,BOS08,h,SLN,0,1,0,regular,y,y,
BSN192908290,spoha101,BSN,1,2,value,30,6,1,0,0,0,1,0,1,1,1,19290829,0,BOS08,h,PHI,0,1,0,regular,y,y,
BSN192908300,spoha101,BSN,1,2,value,27,1,0,0,0,0,0,0,0,0,1,19290830,0,BOS08,h,PHI,0,1,0,regular,y,y,
BSN192908310,spoha101,BSN,1,2,value,24,1,0,0,0,0,0,0,0,0,1,19290831,0,BOS08,h,PHI,0,1,0,regular,y,y,y
NY1192909010,spoha101,BSN,1,2,value,27,4,0,0,0,0,0,0,0,0,1,19290901,0,NYC14,v,NY1,1,0,0,regular,y,y,
BRO192909021,spoha101,BSN,1,2,value,24,3,0,0,0,0,0,0,2,1,1,19290902,1,NYC15,v,BRO,0,1,0,regular,y,y,
BRO192909022,spoha101,BSN,1,2,value,21,4,1,0,0,0,0,0,1,0,1,19290902,2,NYC15,v,BRO,0,1,0,regular,y,y,
NY1192909040,spoha101,BSN,1,2,value,30,2,0,0,0,0,0,0,0,0,1,19290904,0,NYC14,v,NY1,1,0,0,regular,y,y,
CHN192909071,spoha101,BSN,1,2,value,12,3,0,0,0,0,0,1,0,0,1,19290907,1,CHI11,v,CHN,0,1,0,regular,y,y,
CHN192909080,spoha101,BSN,1,2,value,12,2,1,1,0,0,0,0,1,0,1,19290908,0,CHI11,v,CHN,1,0,0,regular,y,d,
CIN192909151,spoha101,BSN,1,2,value,24,2,1,0,0,0,0,0,0,1,1,19290915,1,CIN07,v,CIN,0,1,0,regular,y,y,
CIN192909152,spoha101,BSN,1,2,value,24,2,0,0,0,0,0,1,3,0,1,19290915,2,CIN07,v,CIN,0,1,0,regular,y,y,
CIN192909160,spoha101,BSN,1,2,value,27,3,0,0,1,0,0,0,0,0,1,19290916,0,CIN07,v,CIN,1,0,0,regular,y,y,
PIT192909181,spoha101,BSN,1,2,value,9,4,0,0,0,0,0,0,0,0,0,19290918,1,PIT06,v,PIT,1,0,0,regular,y,y,
PIT192909190,spoha101,BSN,1,2,value,9,0,0,1,0,0,0,0,0,0,0,19290919,0,PIT06,v,PIT,1,0,0,regular,y,y,
PIT192909210,spoha101,BSN,1,2,value,21,3,0,0,0,0,0,0,0,0,1,19290921,0,PIT06,v,PIT,0,1,0,regular,y,y,
NY1192909241,spoha101,BSN,1,2,value,26,2,0,0,0,0,0,0,1,0,1,19290924,1,NYC14,v,NY1,0,1,0,regular,y,y,
NY1192909242,spoha101,BSN,1,2,value,24,0,0,0,0,0,0,0,1,0,1,19290924,2,NYC14,v,NY1,0,1,0,regular,y,y,
NY1192909250,spoha101,BSN,1,2,value,15,6,0,0,0,0,0,0,0,0,1,19290925,0,NYC14,v,NY1,0,1,0,regular,y,y,
PHI192909270,spoha101,BSN,1,2,value,24,2,0,0,0,0,0,1,0,0,1,19290927,0,PHI09,v,PHI,0,1,0,regular,y,y,
PHI192909281,spoha101,BSN,1,2,value,21,4,1,0,0,0,0,0,1,0,1,19290928,1,PHI09,v,PHI,0,1,0,regular,y,y,
BRO192909290,spoha101,BSN,1,2,value,25,5,1,0,0,0,0,0,1,1,1,19290929,0,NYC15,v,BRO,0,1,0,regular,y,y,
BSN192910051,spoha101,BSN,1,2,value,27,7,0,0,0,0,0,0,0,0,1,19291005,1,BOS08,h,BRO,1,0,0,regular,y,y,
BSN192910060,spoha101,BSN,1,2,value,9,1,1,0,0,0,0,0,0,0,1,19291006,0,BOS08,h,NY1,0,1,0,regular,y,y,
NY1193004150,spoha101,BSN,1,2,value,26,1,0,0,0,0,0,0,1,0,1,19300415,0,NYC14,v,NY1,0,1,0,regular,y,y,
BRO193004190,spoha101,BSN,1,2,value,27,5,0,0,0,0,0,0,0,0,1,19300419,0,NYC15,v,BRO,1,0,0,regular,y,y,
BRO193004200,spoha101,BSN,1,2,value,27,3,1,0,0,0,0,0,1,1,1,19300420,0,NYC15,v,BRO,1,0,0,regular,y,y,
BRO193004210,spoha101,BSN,1,2,value,24,3,1,2,0,0,0,0,2,0,1,19300421,0,NYC15,v,BRO,0,1,0,regular,y,y,
BSN193004250,spoha101,BSN,1,2,value,27,4,0,0,0,0,0,0,0,0,1,19300425,0,BOS08,h,BRO,0,1,0,regular,y,y,
BSN193004260,spoha101,BSN,1,2,value,27,3,0,0,0,0,0,0,0,0,1,19300426,0,BOS08,h,BRO,1,0,0,regular,y,y,
PHI193004280,spoha101,BSN,1,2,value,24,2,0,1,0,0,1,0,1,0,1,19300428,0,PHI09,v,PHI,0,1,0,regular,y,y,
PIT193005010,spoha101,BSN,1,2,value,27,2,2,0,0,0,0,0,0,1,1,19300501,0,PIT06,v,PIT,1,0,0,regular,y,y,
PIT193005020,spoha101,BSN,1,2,value,24,4,0,0,0,0,0,0,1,0,1,19300502,0,PIT06,v,PIT,0,1,0,regular,y,y,
PIT193005030,spoha101,BSN,1,2,value,18,2,0,0,0,0,0,0,1,0,0,19300503,0,PIT06,v,PIT,1,0,0,regular,y,y,
CIN193005060,spoha101,BSN,1,2,value,27,0,0,0,0,0,0,0,0,0,1,19300506,0,CIN07,v,CIN,1,0,0,regular,y,y,
CIN193005070,spoha101,BSN,1,2,value,25,3,0,0,0,0,0,0,0,0,1,19300507,0,CIN07,v,CIN,0,1,0,regular,y,y,
CIN193005080,spoha101,BSN,1,2,value,21,2,0,0,0,0,1,0,0,0,1,19300508,0,CIN07,v,CIN,0,1,0,regular,y,y,
SLN193005111,spoha101,BSN,1,2,value,24,5,1,0,0,0,0,0,0,1,1,19300511,1,STL07,v,SLN,0,1,0,regular,y,y,
SLN193005112,spoha101,BSN,1,2,value,24,7,0,0,0,0,0,0,0,0,1,19300511,2,STL07,v,SLN,0,1,0,regular,y,y,
CHN193005130,spoha101,BSN,1,2,value,24,3,0,1,0,0,2,0,3,0,1,19300513,0,CHI11,v,CHN,0,1,0,regular,y,y,
NY1193005171,spoha101,BSN,1,2,value,30,5,0,0,0,0,0,0,0,0,1,19300517,1,NYC14,v,NY1,1,0,0,regular,y,y,
NY1193005172,spoha101,BSN,1,2,value,27,6,1,0,0,0,0,0,0,0,1,19300517,2,NYC14,v,NY1,1,0,0,regular,y,y,
NY1193005181,spoha101,BSN,1,2,value,27,3,2,0,1,0,0,0,1,2,1,19300518,1,NYC14,v,NY1,1,0,0,regular,y,y,
NY1193005182,spoha101,BSN,1,2,value,11,2,0,0,0,0,0,0,0,0,0,19300518,2,NYC14,v,NY1,0,1,0,regular,y,y,
NY1193005200,spoha101,BSN,1,2,value,30,4,0,0,0,0,0,0,2,0,1,19300520,0,NYC14,v,NY1,1,0,0,regular,y,y,
BSN193005220,spoha101,BSN,1,2,value,27,1,0,0,0,0,0,0,1,0,1,19300522,0,BOS08,h,BRO,1,0,0,regular,y,y,
BSN193005230,spoha101,BSN,1,2,value,9,0,0,0,0,0,0,0,0,0,0,19300523,0,BOS08,h,BRO,0,1,0,regular,y,y,
BSN193005240,spoha101,BSN,1,2,value,33,5,1,0,0,0,0,0,0,1,1,19300524,0,BOS08,h,BRO,0,1,0,regular,y,y,
BSN193005280,spoha101,BSN,1,2,value,27,5,0,0,0,0,0,0,0,0,1,19300528,0,BOS08,h,PHI,1,0,0,regular,y,y,
BSN193005301,spoha101,BSN,1,2,value,27,2,1,0,0,0,0,0,0,1,1,19300530,1,BOS08,h,NY1,1,0,0,regular,y,y,
BSN193005302,spoha101,BSN,1,2,value,27,0,0,1,0,0,0,0,2,0,1,19300530,2,BOS08,h,NY1,1,0,0,regular,y,y,
BSN193005310,spoha101,BSN,1,2,value,27,1,2,0,0,0,0,0,0,1,1,19300531,0,BOS08,h,NY1,1,0,0,regular,y,y,
BSN193006012,spoha101,BSN,1,2,value,21,2,1,1,0,0,0,0,1,0,1,19300601,2,BOS08,h,NY1,0,1,0,regular,y,y,
BSN193006030,spoha101,BSN,1,2,value,21,5,1,1,0,0,0,0,1,1,1,19300603,0,BOS08,h,CHN,0,1,0,regular,y,y,
BSN193006040,spoha101,BSN,1,2,value,27,1,0,0,0,0,0,1,0,0,1,19300604,0,BOS08,h,CHN,0,1,0,regular,y,y,
BSN193006050,spoha101,BSN,1,2,value,27,9,0,0,0,0,0,0,0,0,1,19300605,0,BOS08,h,CHN,0,1,0,regular,y,y,
BSN193006060,spoha101,BSN,1,2,value,27,4,1,0,0,0,0,0,0,1,1,19300606,0,BOS08,h,PIT,0,1,0,regular,y,y,
BSN193006070,spoha101,BSN,1,2,value,27,4,0,0,0,0,0,0,0,0,1,19300607,0,BOS08,h,PIT,1,0,0,regular,y,y,
BSN193006080,spoha101,BSN,1,2,value,27,3,0,0,0,0,0,0,0,0,1,19300608,0,BOS08,h,PIT,1,0,0,regular,y,y,
BSN193006100,spoha101,BSN,1,2,value,30,3,0,0,0,0,0,0,0,0,1,19300610,0,BOS08,h,SLN,0,1,0,regular,y,y,
BSN193006130,spoha101,BSN,1,2,value,30,9,0,0,0,0,0,0,0,0,1,19300613,0,BOS08,h,SLN,1,0,0,regular,y,y,
BSN193006140,spoha101,BSN,1,2,value,27,4,0,0,0,0,0,0,0,0,1,19300614,0,BOS08,h,CIN,1,0,0,regular,y,y,
BSN193006150,spoha101,BSN,1,2,value,27,0,1,0,0,0,0,0,0,0,1,19300615,0,BOS08,h,CIN,1,0,0,regular,y,y,
BSN193006160,spoha101,BSN,1,2,value,15,1,1,0,0,0,0,0,0,0,1,19300616,0,BOS08,h,CIN,0,1,0,regular,y,y,
BSN193006171,spoha101,BSN,1,2,value,27,3,0,0,0,0,1,0,1,0,1,19300617,1,BOS08,h,CIN,1,0,0,regular,y,y,
BSN193006172,spoha101,BSN,1,2,value,9,0,0,0,0,0,0,0,0,0,0,19300617,2,BOS08,h,CIN,1,0,0,regular,y,y,
CHN193006190,spoha101,BSN,1,2,value,15,3,0,1,0,0,0,1,0,0,1,19300619,0,CHI11,v,CHN,0,1,0,regular,y,y,
CHN193006200,spoha101,BSN,1,2,value,24,4,0,1,0,0,0,1,1,0,1,19300620,0,CHI11,v,CHN,0,1,0,regular,y,y,
CHN193006211,spoha101,BSN,1,2,value,34,7,0,0,0,0,1,0,0,0,1,19300621,1,CHI11,v,CHN,0,1,0,regular,y,y,
CHN193006220,spoha101,BSN,1,2,value,27,7,0,0,0,0,0,0,0,0,1,19300622,0,CHI11,v,CHN,1,0,0,regular,y,y,
SLN193006230,spoha101,BSN,1,2,value,27,4,0,0,0,0,0,0,2,0,1,19300623,0,STL07,v,SLN,1,0,0,regular,y,y,
CIN193006270,spoha101,BSN,1,2,value,25,4,0,0,0,0,0,0,0,0,1,19300627,0,CIN07,v,CIN,0,1,0,regular,y,y,
CIN193006292,spoha101,BSN,1,2,value,27,4,0,0,0,0,0,0,0,0,1,19300629,2,CIN07,v,CIN,1,0,0,regular,y,y,
PIT193006300,spoha101,BSN,1,2,value,17,1,1,0,0,0,0,1,0,0,1,19300630,0,PIT06,v,PIT,1,0,0,regular,y,y,
PHI193007041,spoha101,BSN,1,2,value,24,2,0,0,0,0,0,0,1,0,1,19300704,1,PHI09,v,PHI,0,1,0,regular,y,d,
PHI193007042,spoha101,BSN,1,2,value,27,7,0,0,0,0,0,0,0,0,1,19300704,2,PHI09,v,PHI,1,0,0,regular,y,d,
PHI193007051,spoha101,BSN,1,2,value,27,3,0,0,0,0,0,0,0,0,1,19300705,1,PHI09,v,PHI,1,0,0,regular,y,y,
PHI193007052,spoha101,BSN,1,2,value,27,2,0,0,0,0,0,0,0,0,1,19300705,2,PHI09,v,PHI,1,0,0,regular,y,y,
BRO193007070,spoha101,BSN,1,2,value,24,2,0,0,0,0,0,0,0,0,1,19300707,0,NYC15,v,BRO,0,1,0,regular,y,y,
BRO193007080,spoha101,BSN,1,2,value,27,3,0,0,0,0,0,0,0,0,1,19300708,0,NYC15,v,BRO,1,0,0,regular,y,y,
BRO193007091,spoha101,BSN,1,2,value,24,3,1,0,0,0,0,1,0,1,1,19300709,1,NYC15,v,BRO,0,1,0,regular,y,y,
BSN193007120,spoha101,BSN,1,2,value,27,5,0,0,0,0,0,2,1,0,1,19300712,0,BOS08,h,CHN,0,1,0,regular,y,y,
BSN193007132,spoha101,BSN,1,2,value,12,4,0,0,0,0,0,0,1,0,1,19300713,2,BOS08,h,CHN,1,0,0,regular,y,y,
BSN193007162,spoha101,BSN,1,2,value,3,0,0,0,0,0,0,0,0,0,0,19300716,2,BOS08,h,PIT,0,1,0,regular,y,y,
BSN193007170,spoha101,BSN,1,2,value,27,2,1,0,0,0,0,0,1,1,1,19300717,0,BOS08,h,PIT,0,1,0,regular,y,y,
BSN193007180,spoha101,BSN,1,2,value,21,3,0,1,0,0,0,1,1,0,0,19300718,0,BOS08,h,PIT,0,1,0,regular,y,y,
BSN193007190,spoha101,BSN,1,2,value,18,5,0,0,0,0,0,0,1,0,1,19300719,0,BOS08,h,PIT,0,1,0,regular,y,y,
BSN193007201,spoha101,BSN,1,2,value,27,0,1,0,0,0,0,0,0,1,1,19300720,1,BOS08,h,CIN,0,1,0,regular,y,y,
BSN193007231,spoha101,BSN,1,2,value,27,3,1,1,0,0,0,0,1,1,1,19300723,1,BOS08,h,CIN,0,1,0,regular,y,y,
BSN193007232,spoha101,BSN,1,2,value,9,0,0,0,0,0,0,0,1,0,0,19300723,2,BOS08,h,CIN,1,0,0,regular,y,y,
BSN193007250,spoha101,BSN,1,2,value,3,1,0,0,0,0,0,0,0,0,0,19300725,0,BOS08,h,SLN,1,0,0,regular,y,y,
BSN193007261,spoha101,BSN,1,2,value,6,1,0,1,0,0,0,0,0,0,0,19300726,1,BOS08,h,SLN,0,1,0,regular,y,y,
BSN193007261,spoha101,BSN,1,2,official,,,,0,0,,0,,,,,19300726,1,BOS08,h,SLN,0,1,0,regular,y,y,
BSN193007262,spoha101,BSN,1,2,value,27,7,1,0,1,0,0,0,2,0,1,19300726,2,BOS08,h,SLN,1,0,0,regular,y,y,
BSN193007272,spoha101,BSN,1,2,value,27,1,0,0,0,0,0,0,1,0,1,19300727,2,BOS08,h,SLN,0,1,0,regular,y,y,
BSN193007280,spoha101,BSN,1,2,value,27,2,0,0,0,0,0,0,0,0,1,19300728,0,BOS08,h,BRO,0,1,0,regular,y,y,
BSN193007290,spoha101,BSN,1,2,value,30,1,0,0,0,0,0,1,0,0,1,19300729,0,BOS08,h,BRO,1,0,0,regular,y,y,
NY1193007300,spoha101,BSN,1,2,value,24,7,0,0,0,0,0,0,0,0,1,19300730,0,NYC14,v,NY1,0,1,0,regular,y,y,
NY1193007310,spoha101,BSN,1,2,value,24,3,1,1,1,0,0,1,0,0,1,19300731,0,NYC14,v,NY1,0,1,0,regular,y,y,
NY1193008010,spoha101,BSN,1,2,value,24,3,0,1,0,0,0,0,1,0,1,19300801,0,NYC14,v,NY1,0,1,0,regular,y,y,
BSN193008022,spoha101,BSN,1,2,value,30,2,0,0,0,0,0,0,0,0,1,19300802,2,BOS08,h,PHI,1,0,0,regular,y,y,
BSN193008032,spoha101,BSN,1,2,value,27,4,1,0,1,0,0,0,0,0,1,19300803,2,BOS08,h,PHI,0,1,0,regular,y,y,
BSN193008040,spoha101,BSN,1,2,value,27,2,0,0,0,0,0,0,0,0,1,19300804,0,BOS08,h,PHI,1,0,0,regular,y,y,
BSN193008050,spoha101,BSN,1,2,value,24,1,1,0,0,0,0,0,0,0,1,19300805,0,BOS08,h,PHI,1,0,0,regular,y,y,
CIN193008171,spoha101,BSN,1,2,value,15,3,0,0,0,0,0,0,0,0,1,19300817,1,CIN07,v,CIN,1,0,0,regular,y,y,
CIN193008172,spoha101,BSN,1,2,value,15,4,0,0,0,0,0,0,0,0,0,19300817,2,CIN07,v,CIN,1,0,0,regular,y,y,
PIT193008200,spoha101,BSN,1,2,value,6,0,0,0,0,0,0,0,0,0,0,19300820,0,PIT06,v,PIT,0,1,0,regular,y,y,
PIT193008220,spoha101,BSN,1,2,value,24,4,0,1,0,0,1,0,0,0,1,19300822,0,PIT06,v,PIT,0,1,0,regular,y,y,
PIT193008231,spoha101,BSN,1,2,value,24,0,0,0,0,0,0,0,0,0,1,19300823,1,PIT06,v,PIT,0,1,0,regular,y,y,
PIT193008232,spoha101,BSN,1,2,value,3,0,0,0,0,0,0,0,0,0,0,19300823,2,PIT06,v,PIT,0,1,0,regular,y,y,
PHI193008270,spoha101,BSN,1,2,value,24,4,2,0,0,0,0,0,0,0,1,19300827,0,PHI09,v,PHI,0,1,0,regular,y,y,
PHI193008280,spoha101,BSN,1,2,value,27,3,0,0,0,0,0,0,0,0,1,19300828,0,PHI09,v,PHI,1,0,0,regular,y,y,
PHI193008290,spoha101,BSN,1,2,value,24,2,0,0,0,0,0,0,0,0,1,19300829,0,PHI09,v,PHI,1,0,0,regular,y,d,
PHI193008300,spoha101,BSN,1,2,value,24,1,1,0,0,0,0,1,0,1,1,19300830,0,PHI09,v,PHI,0,1,0,regular,y,y,
NY1193008311,spoha101,BSN,1,2,value,24,2,1,0,0,0,0,0,0,1,1,19300831,1,NYC14,v,NY1,0,1,0,regular,y,y,
BSN193009011,spoha101,BSN,1,2,value,27,2,1,0,0,0,0,0,0,1,1,19300901,1,BOS08,h,BRO,1,0,0,regular,y,y,
BSN193009020,spoha101,BSN,1,2,value,27,2,0,0,0,0,0,0,0,0,1,19300902,0,BOS08,h,BRO,1,0,0,regular,y,y,
BSN193009031,spoha101,BSN,1,2,value,27,0,2,0,0,0,0,0,0,1,1,19300903,1,BOS08,h,NY1,0,1,0,regular,y,y,
BSN193009040,spoha101,BSN,1,2,value,27,2,0,0,0,0,0,0,0,0,1,19300904,0,BOS08,h,NY1,1,0,0,regular,y,y,
BSN193009050,spoha101,BSN,1,2,value,27,2,0,0,0,0,0,0,0,0,1,19300905,0,BOS08,h,NY1,1,0,0,regular,y,y,
BSN193009061,spoha101,BSN,1,2,value,27,1,0,0,0,0,1,0,0,0,1,19300906,1,BOS08,h,NY1,0,1,0,regular,y,y,
BSN193009071,spoha101,BSN,1,2,value,27,6,0,0,0,0,0,0,0,0,1,19300907,1,BOS08,h,PHI,0,1,0,regular,y,d,
BSN193009100,spoha101,BSN,1,2,value,27,6,1,0,0,0,0,0,0,1,1,19300910,0,BOS08,h,PIT,1,0,0,regular,y,y,
BSN193009110,spoha101,BSN,1,2,value,27,1,1,0,0,0,1,0,0,0,1,19300911,0,BOS08,h,PIT,0,1,0,regular,y,y,
BSN193009120,spoha101,BSN,1,2,value,30,3,0,0,0,0,0,0,0,0,1,19300912,0,BOS08,h,PIT,1,0,0,regular,y,y,
BSN193009130,spoha101,BSN,1,2,value,27,6,0,0,0,0,0,0,1,0,1,19300913,0,BOS08,h,SLN,0,1,0,regular,y,y,
BSN193009141,spoha101,BSN,1,2,value,12,2,0,0,0,0,0,0,0,0,1,19300914,1,BOS08,h,SLN,0,1,0,regular,y,y,y
BSN193009190,spoha101,BSN,1,2,value,27,3,0,0,0,0,0,0,0,0,1,19300919,0,BOS08,h,CHN,0,1,0,regular,y,y,
BSN193009200,spoha101,BSN,1,2,value,27,3,1,0,0,0,0,0,0,0,1,19300920,0,BOS08,h,CHN,1,0,0,regular,y,y,
BSN193009210,spoha101,BSN,1,2,value,27,4,1,1,0,0,0,0,0,1,1,19300921,0,BOS08,h,CHN,0,1,0,regular,y,y,
BSN193009220,spoha101,BSN,1,2,value,27,9,0,1,0,0,0,0,0,0,1,19300922,0,BOS08,h,CHN,0,1,0,regular,y,y,
BRO193009271,spoha101,BSN,1,2,value,24,3,0,0,0,0,0,0,0,0,1,19300927,1,NYC15,v,BRO,0,1,0,regular,y,y,
BRO193009280,spoha101,BSN,1,2,value,6,1,0,0,0,0,0,0,0,0,0,19300928,0,NYC15,v,BRO,0,1,0,regular,y,y,
BSN193104140,spoha101,BSN,1,2,value,27,6,0,0,0,0,0,0,0,0,1,19310414,0,BOS08,h,BRO,1,0,0,regular,y,y,
BSN193104150,spoha101,BSN,1,2,value,27,4,0,0,0,0,0,0,0,0,1,19310415,0,BOS08,h,BRO,1,0,0,regular,y,y,
BSN193104160,spoha101,BSN,1,2,value,27,9,1,0,0,0,0,0,0,2,1,19310416,0,BOS08,h,BRO,1,0,0,regular,y,y,
BSN193104180,spoha101,BSN,1,2,value,27,5,1,0,0,0,0,1,0,0,1,19310418,0,BOS08,h,BRO,1,0,0,regular,y,y,
BSN193104190,spoha101,BSN,1,2,value,24,0,0,0,0,0,1,0,0,0,1,19310419,0,BOS08,h,NY1,0,1,0,regular,y,y,
BSN193104190,spoha101,BSN,1,2,official,,,,0,0,,0,,,,1,19310419,0,BOS08,h,NY1,0,1,0,regular,y,y,
BSN193104202,spoha101,BSN,1,2,value,27,2,3,0,0,0,0,0,0,2,1,19310420,2,BOS08,h,NY1,1,0,0,regular,y,y,
BSN193104210,spoha101,BSN,1,2,value,27,5,2,0,0,0,0,0,0,2,1,19310421,0,BOS08,h,NY1,1,0,0,regular,y,y,
BRO193104220,spoha101,BSN,1,2,value,27,3,1,0,0,0,0,0,0,0,1,19310422,0,NYC15,v,BRO,1,0,0,regular,y,y,
BRO193104240,spoha101,BSN,1,2,value,11,2,0,0,0,0,0,0,0,0,1,19310424,0,NYC15,v,BRO,0,1,0,regular,y,y,y
BRO193104250,spoha101,BSN,1,2,value,27,7,0,1,0,0,0,1,0,0,1,19310425,0,NYC15,v,BRO,1,0,0,regular,y,y,
PHI193104270,spoha101,BSN,1,2,value,27,3,0,0,0,0,0,0,0,0,1,19310427,0,PHI09,v,PHI,1,0,0,regular,y,y,
PHI193104280,spoha101,BSN,1,2,value,12,1,0,1,0,0,0,0,0,0,1,19310428,0,PHI09,v,PHI,0,1,0,regular,y,y,
NY1193104300,spoha101,BSN,1,2,value,24,5,0,1,0,0,1,1,0,0,1,19310430,0,NYC14,v,NY1,0,1,0,regular,y,y,
NY1193104300,spoha101,BSN,1,2,official,,,,0,0,,1,,,,1,19310430,0,NYC14,v,NY1,0,1,0,regular,y,y,
BSN193105030,spoha101,BSN,1,2,value,27,3,0,0,0,0,0,0,1,0,1,19310503,0,BOS08,h,PHI,0,1,0,regular,y,y,
BSN193105040,spoha101,BSN,1,2,value,27,7,0,0,0,0,0,0,0,0,1,19310504,0,BOS08,h,PHI,1,0,0,regular,y,y,
BSN193105060,spoha101,BSN,1,2,value,21,1,1,0,0,0,0,0,0,1,1,19310506,0,BOS08,h,PHI,0,1,0,regular,y,y,
BSN193105090,spoha101,BSN,1,2,value,27,5,0,0,0,0,0,0,0,0,1,19310509,0,BOS08,h,CIN,1,0,0,regular,y,y,
BSN193105121,spoha101,BSN,1,2,value,27,6,0,0,0,0,0,0,0,0,1,19310512,1,BOS08,h,CIN,1,0,0,regular,y,y,
BSN193105160,spoha101,BSN,1,2,value,27,6,1,0,0,0,0,1,0,0,1,19310516,0,BOS08,h,PIT,1,0,0,regular,y,y,
BSN193105170,spoha101,BSN,1,2,value,27,5,0,0,0,0,0,0,1,0,1,19310517,0,BOS08,h,PIT,0,1,0,regular,y,y,
BSN193105180,spoha101,BSN,1,2,value,27,4,0,1,0,0,0,1,1,0,1,19310518,0,BOS08,h,PIT,1,0,0,regular,y,y,
BSN193105190,spoha101,BSN,1,2,value,27,1,0,0,0,0,0,1,0,0,1,19310519,0,BOS08,h,CHN,1,0,0,regular,y,y,
BSN193105200,spoha101,BSN,1,2,value,21,0,0,0,0,0,0,0,0,0,1,19310520,0,BOS08,h,CHN,0,1,0,regular,y,y,
BSN193105241,spoha101,BSN,1,2,value,27,3,1,0,0,0,0,0,0,0,1,19310524,1,BOS08,h,NY1,0,1,0,regular,y,y,
NY1193105261,spoha101,BSN,1,2,value,24,4,1,0,1,0,0,0,1,1,1,19310526,1,NYC14,v,NY1,0,1,0,regular,y,y,
NY1193105270,spoha101,BSN,1,2,value,15,4,1,0,0,0,0,0,0,1,1,19310527,0,NYC14,v,NY1,0,1,0,regular,y,y,
NY1193105280,spoha101,BSN,1,2,value,27,4,0,0,0,0,0,0,0,0,1,19310528,0,NYC14,v,NY1,1,0,0,regular,y,y,
PHI193105290,spoha101,BSN,1,2,value,27,4,0,0,0,0,0,0,0,0,1,19310529,0,PHI09,v,PHI,1,0,0,regular,y,y,
PHI193105302,spoha101,BSN,1,2,value,15,2,1,0,0,0,0,1,0,1,1,19310530,2,PHI09,v,PHI,0,1,0,regular,y,y,
BRO193105312,spoha101,BSN,1,2,value,30,5,2,0,0,0,0,0,1,0,1,19310531,2,NYC15,v,BRO,0,0,1,regular,y,y,
PIT193106020,spoha101,BSN,1,2,value,26,3,0,0,0,0,0,0,0,0,1,19310602,0,PIT06,v,PIT,0,1,0,regular,y,y,
PIT193106030,spoha101,BSN,1,2,value,30,6,0,0,0,0,0,0,0,0,1,19310603,0,PIT06,v,PIT,1,0,0,regular,y,y,
PIT193106040,spoha101,BSN,1,2,value,37,6,0,0,0,0,0,0,0,0,1,19310604,0,PIT06,v,PIT,0,1,0,regular,y,y,
PIT193106050,spoha101,BSN,1,2,value,12,1,1,0,0,0,0,0,0,0,1,19310605,0,PIT06,v,PIT,1,0,0,regular,y,y,
SLN193106100,spoha101,BSN,1,2,value,24,5,0,0,0,0,0,0,0,0,1,19310610,0,STL07,v,SLN,1,0,0,regular,y,y,
SLN193106110,spoha101,BSN,1,2,value,27,2,0,0,0,0,0,0,0,0,1,19310611,0,STL07,v,SLN,1,0,0,regular,y,y,
SLN193106120,spoha101,BSN,1,2,value,27,7,0,0,0,0,1,0,0,0,1,19310612,0,STL07,v,SLN,1,0,0,regular,y,y,
CHN193106140,spoha101,BSN,1,2,value,27,9,0,0,0,0,0,0,0,0,1,19310614,0,CHI11,v,CHN,1,0,0,regular,y,d,
CHN193106150,spoha101,BSN,1,2,value,1,1,0,0,0,0,0,0,0,0,1,19310615,0,CHI11,v,CHN,1,0,0,regular,y,y,
CHN193106160,spoha101,BSN,1,2,value,5,2,0,0,0,0,0,0,0,0,0,19310616,0,CHI11,v,CHN,0,1,0,regular,y,y,
BSN193106180,spoha101,BSN,1,2,value,27,6,0,0,0,0,0,0,3,0,1,19310618,0,BOS08,h,SLN,0,1,0,regular,y,y,
BSN193106201,spoha101,BSN,1,2,value,27,1,0,1,0,0,0,0,1,0,1,19310620,1,BOS08,h,SLN,1,0,0,regular,y,y,
BSN193106202,spoha101,BSN,1,2,value,3,0,0,0,0,0,0,0,0,0,0,19310620,2,BOS08,h,SLN,1,0,0,regular,y,y,
BSN193106211,spoha101,BSN,1,2,value,27,9,1,0,0,0,0,1,3,1,1,19310621,1,BOS08,h,SLN,1,0,0,regular,y,y,
BSN193106231,spoha101,BSN,1,2,value,24,5,1,0,0,0,1,0,0,0,1,19310623,1,BOS08,h,CIN,0,1,0,regular,y,y,
BSN193106241,spoha101,BSN,1,2,value,27,3,1,0,0,0,0,0,2,0,1,19310624,1,BOS08,h,CIN,0,1,0,regular,y,y,
BSN193106250,spoha101,BSN,1,2,value,27,5,1,0,0,0,0,1,0,1,1,19310625,0,BOS08,h,CHN,1,0,0,regular,y,y,
BSN193106270,spoha101,BSN,1,2,value,27,6,0,0,0,0,1,0,0,0,1,19310627,0,BOS08,h,CHN,0,1,0,regular,y,y,
BSN193106281,spoha101,BSN,1,2,value,27,8,0,0,0,0,0,0,0,0,1,19310628,1,BOS08,h,CHN,1,0,0,regular,y,d,
BSN193106290,spoha101,BSN,1,2,value,27,5,0,0,0,0,0,0,1,0,1,19310629,0,BOS08,h,PIT,0,1,0,regular,y,d,
BSN193106300,spoha101,BSN,1,2,value,27,5,0,0,0,0,0,1,0,0,1,19310630,0,BOS08,h,PIT,1,0,0,regular,y,y,
BSN193107010,spoha101,BSN,1,2,value,27,1,1,0,0,0,0,0,0,1,1,19310701,0,BOS08,h,PIT,0,1,0,regular,y,y,
BSN193107020,spoha101,BSN,1,2,value,24,3,0,1,0,0,0,0,2,0,1,19310702,0,BOS08,h,PIT,0,1,0,regular,y,y,
BSN193107041,spoha101,BSN,1,2,value,27,4,0,0,0,0,0,0,0,0,1,19310704,1,BOS08,h,PHI,0,1,0,regular,y,y,
BSN193107041,spoha101,BSN,1,2,official,,,,0,1,,0,,,,1,19310704,1,BOS08,h,PHI,0,1,0,regular,y,y,
BSN193107050,spoha101,BSN,1,2,value,27,3,0,0,1,0,0,0,0,0,1,19310705,0,BOS08,h,PHI,1,0,0,regular,y,y,
BSN193107050,spoha101,BSN,1,2,official,,,,0,0,,0,,,,1,19310705,0,BOS08,h,PHI,1,0,0,regular,y,y,
BSN193107090,spoha101,BSN,1,2,value,27,3,2,0,0,0,0,0,1,1,1,19310709,0,BOS08,h,BRO,0,1,0,regular,y,y,
BSN193107100,spoha101,BSN,1,2,value,27,3,1,0,0,0,0,1,1,1,1,19310710,0,BOS08,h,BRO,1,0,0,regular,y,y,
BSN193107111,spoha101,BSN,1,2,value,27,4,0,0,0,0,1,0,0,0,1,19310711,1,BOS08,h,BRO,0,1,0,regular,y,y,
BRO193107121,spoha101,BSN,1,2,value,24,0,0,0,0,0,0,0,0,0,1,19310712,1,NYC15,v,BRO,0,1,0,regular,y,y,
BRO193107122,spoha101,BSN,1,2,value,12,1,0,0,0,0,0,0,0,0,0,19310712,2,NYC15,v,BRO,1,0,0,regular,y,y,
CIN193107140,spoha101,BSN,1,2,value,27,1,0,0,0,0,0,0,0,0,1,19310714,0,CIN07,v,CIN,1,0,0,regular,y,y,
CIN193107150,spoha101,BSN,1,2,value,24,5,1,0,1,0,0,0,0,1,1,19310715,0,CIN07,v,CIN,0,1,0,regular,y,y,
CIN193107160,spoha101,BSN,1,2,value,27,4,0,0,0,0,0,0,0,0,1,19310716,0,CIN07,v,CIN,1,0,0,regular,y,y,
CIN193107170,spoha101,BSN,1,2,value,21,1,0,0,0,0,0,0,2,0,1,19310717,0,CIN07,v,CIN,0,1,0,regular,y,y,
PIT193107181,spoha101,BSN,1,2,value,24,4,1,1,0,0,0,0,0,1,1,19310718,1,PIT06,v,PIT,0,1,0,regular,y,y,
CHN193107220,spoha101,BSN,1,2,value,16,0,0,0,0,0,0,0,0,0,1,19310722,0,CHI11,v,CHN,0,1,0,regular,y,y,
SLN193107261,spoha101,BSN,1,2,value,33,5,0,0,0,0,0,0,1,0,1,19310726,1,STL07,v,SLN,1,0,0,regular,y,d,
SLN193107262,spoha101,BSN,1,2,value,21,2,2,0,0,0,0,0,1,0,1,19310726,2,STL07,v,SLN,0,1,0,regular,y,d,
SLN193107280,spoha101,BSN,1,2,value,24,2,0,0,0,0,0,0,0,0,1,19310728,0,STL07,v,SLN,0,1,0,regular,y,y,
SLN193107290,spoha101,BSN,1,2,value,27,7,0,0,0,0,0,0,0,0,1,19310729,0,STL07,v,SLN,1,0,0,regular,y,y,
NY1193107310,spoha101,BSN,1,2,value,33,5,1,0,0,0,0,0,0,1,1,19310731,0,NYC14,v,NY1,1,0,0,regular,y,y,
NY1193108010,spoha101,BSN,1,2,value,24,5,0,0,0,0,0,0,0,0,1,19310801,0,NYC14,v,NY1,0,1,0,regular,y,y,
NY1193108021,spoha101,BSN,1,2,value,24,2,2,0,0,0,0,0,0,0,1,19310802,1,NYC14,v,NY1,0,1,0,regular,y,d,
PHI193108041,spoha101,BSN,1,2,value,24,7,1,0,0,0,0,0,0,1,1,19310804,1,PHI09,v,PHI,0,1,0,regular,y,y,
BSN193108060,spoha101,BSN,1,2,value,3,0,0,0,0,0,0,0,0,0,0,19310806,0,BOS08,h,BRO,0,1,0,regular,y,y,
BSN193108070,spoha101,BSN,1,2,value,27,3,0,0,0,0,0,0,1,0,1,19310807,0,BOS08,h,BRO,1,0,0,regular,y,y,
BSN193108080,spoha101,BSN,1,2,value,27,2,1,0,0,0,0,0,0,1,1,19310808,0,BOS08,h,BRO,0,1,0,regular,y,y,
BSN193108091,spoha101,BSN,1,2,value,27,5,1,0,0,0,0,0,0,1,1,19310809,1,BOS08,h,PHI,1,0,0,regular,y,y,
BSN193108092,spoha101,BSN,1,2,value,27,3,1,0,0,0,0,0,0,1,1,19310809,2,BOS08,h,PHI,1,0,0,regular,y,y,
BSN193108131,spoha101,BSN,1,2,value,12,1,0,1,0,0,0,0,0,0,1,19310813,1,BOS08,h,CIN,0,1,0,regular,y,y,
BSN193108132,spoha101,BSN,1,2,value,27,4,1,0,1,0,0,0,0,1,1,19310813,2,BOS08,h,CIN,0,1,0,regular,y,d,
BSN193108141,spoha101,BSN,1,2,value,27,5,0,0,0,0,0,0,0,0,1,19310814,1,BOS08,h,CIN,1,0,0,regular,y,y,
BSN193108142,spoha101,BSN,1,2,value,3,0,0,0,0,0,0,0,0,0,0,19310814,2,BOS08,h,CIN,1,0,0,regular,y,y,
BSN193108161,spoha101,BSN,1,2,value,18,2,0,0,0,0,0,0,0,0,1,19310816,1,BOS08,h,CHN,0,1,0,regular,y,d,
BSN193108162,spoha101,BSN,1,2,value,27,6,0,0,0,0,0,0,0,0,1,19310816,2,BOS08,h,CHN,0,1,0,regular,y,d,
BSN193108171,spoha101,BSN,1,2,value,27,3,1,0,0,0,0,0,0,1,1,19310817,1,BOS08,h,CHN,0,1,0,regular,y,y,
BSN193108201,spoha101,BSN,1,2,value,27,6,0,0,0,0,0,0,0,0,1,19310820,1,BOS08,h,PIT,1,0,0,regular,y,y,
BSN193108210,spoha101,BSN,1,2,value,27,3,0,0,0,0,0,0,1,0,1,19310821,0,BOS08,h,PIT,1,0,0,regular,y,y,
BSN193108220,spoha101,BSN,1,2,value,27,1,1,0,0,0,0,0,0,1,1,19310822,0,BOS08,h,PIT,1,0,0,regular,y,y,
BSN193108231,spoha101,BSN,1,2,value,27,9,2,1,1,0,0,0,5,1,1,19310823,1,BOS08,h,SLN,0,1,0,regular,y,d,
BSN193108231,spoha101,BSN,1,2,official,,,,0,1,,0,,,,1,19310823,1,BOS08,h,SLN,0,1,0,regular,y,d,
BSN193108250,spoha101,BSN,1,2,value,30,3,1,0,0,0,0,0,0,1,1,19310825,0,BOS08,h,SLN,0,1,0,regular,y,y,
BSN193108261,spoha101,BSN,1,2,value,21,2,1,0,0,0,0,0,0,1,1,19310826,1,BOS08,h,SLN,0,1,0,regular,y,y,
BSN193108262,spoha101,BSN,1,2,value,27,0,1,0,0,0,0,0,2,0,1,19310826,2,BOS08,h,SLN,0,1,0,regular,y,y,
BRO193108301,spoha101,BSN,1,2,value,27,6,0,0,0,0,0,0,1,0,1,19310830,1,NYC15,v,BRO,1,0,0,regular,y,y,
BSN193108311,spoha101,BSN,1,2,value,27,3,1,0,0,0,0,0,0,0,1,19310831,1,BOS08,h,NY1,0,1,0,regular,y,y,
BSN193109010,spoha101,BSN,1,2,value,27,1,1,0,0,0,0,0,0,1,1,19310901,0,BOS08,h,NY1,0,1,0,regular,y,y,
BSN193109021,spoha101,BSN,1,2,value,27,1,1,0,0,0,0,0,1,1,1,19310902,1,BOS08,h,NY1,0,1,0,regular,y,y,
PHI193109040,spoha101,BSN,1,2,value,12,1,0,0,0,0,0,0,0,0,1,19310904,0,PHI09,v,PHI,0,1,0,regular,y,y,
PHI193109051,spoha101,BSN,1,2,value,12,0,0,0,0,0,0,0,2,0,1,19310905,1,PHI09,v,PHI,0,1,0,regular,y,y,
PHI193109052,spoha101,BSN,1,2,value,21,3,1,1,0,0,0,0,0,1,1,19310905,2,PHI09,v,PHI,0,1,0,regular,y,y,
NY1193109060,spoha101,BSN,1,2,value,27,2,0,0,0,0,0,0,0,0,1,19310906,0,NYC14,v,NY1,1,0,0,regular,y,y,
BRO193109071,spoha101,BSN,1,2,value,29,4,1,0,0,0,0,0,1,0,1,19310907,1,NYC15,v,BRO,0,1,0,regular,y,y,
BRO193109080,spoha101,BSN,1,2,value,9,0,0,0,0,0,0,0,0,0,0,19310908,0,NYC15,v,BRO,0,1,0,regular,y,y,
SLN193109100,spoha101,BSN,1,2,value,24,3,1,0,0,0,0,0,1,1,1,19310910,0,STL07,v,SLN,0,1,0,regular,y,y,
SLN193109110,spoha101,BSN,1,2,value,24,4,0,0,0,0,0,0,0,0,1,19310911,0,STL07,v,SLN,1,0,0,regular,y,y,y
SLN193109120,spoha101,BSN,1,2,value,21,1,1,0,0,0,0,0,1,1,1,19310912,0,STL07,v,SLN,0,1,0,regular,y,y,
CHN193109131,spoha101,BSN,1,2,value,32,6,1,0,0,0,0,1,0,1,1,19310913,1,CHI11,v,CHN,0,1,0,regular,y,y,
PIT193109171,spoha101,BSN,1,2,value,27,3,1,0,0,0,0,0,0,1,1,19310917,1,PIT06,v,PIT,1,0,0,regular,y,y,
PIT193109181,spoha101,BSN,1,2,value,27,6,0,0,0,0,0,0,0,0,1,19310918,1,PIT06,v,PIT,1,0,0,regular,y,y,
PIT193109190,spoha101,BSN,1,2,value,18,2,0,0,0,0,0,0,0,0,1,19310919,0,PIT06,v,PIT,0,1,0,regular,y,y,
BSN193109271,spoha101,BSN,1,2,value,27,2,1,0,0,0,0,0,0,0,1,19310927,1,BOS08,h,PHI,0,1,0,regular,y,d,
MLS193110030,spoha101,MLS,1,2,value,27,5,0,0,0,0,0,,,,1,19311003,0,PHI09,h,HIL,0,1,0,exhibition,y,,
MLS193110040,spoha101,MLS,1,2,value,27,7,0,0,0,0,0,0,0,,1,19311004,0,FAI01,h,HIL,0,1,0,exhibition,y,,
HIL193110101,spoha101,MLS,1,2,value,24,6,0,0,0,0,0,,,,1,19311010,1,DAR01,v,HIL,0,1,0,exhibition,y,,
MLS193110111,spoha101,MLS,1,2,value,27,4,1,0,0,0,0,0,0,,1,19311011,1,FAI01,h,HIL,1,0,0,exhibition,y,,
MLS193110112,spoha101,MLS,1,2,value,15,1,0,1,0,0,0,0,0,,1,19311011,2,FAI01,h,HIL,1,0,0,exhibition,y,,
BRO193204120,spoha101,BSN,1,2,value,27,6,0,0,0,0,0,1,0,0,1,19320412,0,NYC15,v,BRO,1,0,0,regular,y,y,
BRO193204150,spoha101,BSN,1,2,value,21,5,0,0,0,0,0,0,0,0,1,19320415,0,NYC15,v,BRO,0,1,0,regular,y,y,
NY1193204160,spoha101,BSN,1,2,value,27,5,1,0,0,0,0,0,1,1,1,19320416,0,NYC14,v,NY1,1,0,0,regular,y,y,
NY1193204170,spoha101,BSN,1,2,value,18,1,0,0,0,0,0,0,0,0,1,19320417,0,NYC14,v,NY1,0,1,0,regular,y,y,
NY1193204180,spoha101,BSN,1,2,value,27,4,2,0,0,0,0,0,0,1,1,19320418,0,NYC14,v,NY1,1,0,0,regular,y,y,
NY1193204190,spoha101,BSN,1,2,value,39,6,0,0,0,0,0,0,1,0,1,19320419,0,NYC14,v,NY1,1,0,0,regular,y,y,
BSN193204210,spoha101,BSN,1,2,value,27,6,0,0,0,0,0,0,1,0,1,19320421,0,BOS08,h,BRO,1,0,0,regular,y,y,
BSN193204220,spoha101,BSN,1,2,value,27,5,2,0,0,0,0,0,0,2,1,19320422,0,BOS08,h,BRO,1,0,0,regular,y,y,
BSN193204240,spoha101,BSN,1,2,value,27,2,1,0,0,0,0,0,0,1,1,19320424,0,BOS08,h,PHI,1,0,0,regular,y,y,
BSN193204290,spoha101,BSN,1,2,value,27,6,0,0,0,0,0,0,1,0,1,19320429,0,BOS08,h,NY1,1,0,0,regular,y,y,
PHI193205020,spoha101,BSN,1,2,value,24,5,0,0,0,0,0,0,2,0,1,19320502,0,PHI09,v,PHI,0,1,0,regular,y,d,
CIN193205050,spoha101,BSN,1,2,value,9,4,1,1,1,0,0,0,0,1,0,19320505,0,CIN07,v,CIN,0,1,0,regular,y,y,
CIN193205050,spoha101,BSN,1,2,official,,,,0,1,,0,,,,,19320505,0,CIN07,v,CIN,0,1,0,regular,y,y,
SLN193205150,spoha101,BSN,1,2,value,15,5,2,0,0,0,0,0,0,0,0,19320515,0,STL07,v,SLN,1,0,0,regular,y,d,
SLN193205170,spoha101,BSN,1,2,value,24,4,0,0,0,0,0,0,0,0,1,19320517,0,STL07,v,SLN,0,1,0,regular,y,y,
BSN193205210,spoha101,BSN,1,2,value,24,5,1,0,0,0,0,1,1,1,1,19320521,0,BOS08,h,PHI,1,0,0,regular,y,y,
BSN193205222,spoha101,BSN,1,2,value,28,7,0,0,0,0,0,0,1,0,1,19320522,2,BOS08,h,PHI,0,1,0,regular,y,y,
BSN193205250,spoha101,BSN,1,2,value,27,5,0,0,0,0,0,0,0,0,1,19320525,0,BOS08,h,BRO,1,0,0,regular,y,y,
PHI193205270,spoha101,BSN,1,2,value,21,1,0,0,0,0,0,0,0,0,1,19320527,0,PHI09,v,PHI,0,1,0,regular,y,y,
PHI193205280,spoha101,BSN,1,2,value,18,1,0,0,0,0,0,0,1,0,1,19320528,0,PHI09,v,PHI,0,1,0,regular,y,y,
BRO193205291,spoha101,BSN,1,2,value,27,7,0,0,0,0,0,0,0,0,1,19320529,1,NYC15,v,BRO,1,0,0,regular,y,d,
BRO193205292,spoha101,BSN,1,2,value,25,4,0,0,0,0,0,0,0,0,1,19320529,2,NYC15,v,BRO,0,1,0,regular,y,y,
BSN193205301,spoha101,BSN,1,2,value,27,2,1,0,0,0,1,1,0,1,1,19320530,1,BOS08,h,NY1,0,1,0,regular,y,y,
BRO193206021,spoha101,BSN,1,2,value,24,2,0,0,0,0,0,0,0,0,1,19320602,1,NYC15,v,BRO,0,1,0,regular,y,y,
BRO193206030,spoha101,BSN,1,2,value,27,8,2,0,0,0,0,1,0,2,1,19320603,0,NYC15,v,BRO,1,0,0,regular,y,y,
BRO193206041,spoha101,BSN,1,2,value,27,4,0,0,0,0,0,0,0,0,1,19320604,1,NYC15,v,BRO,1,0,0,regular,y,y,
BSN193206051,spoha101,BSN,1,2,value,30,3,0,0,0,0,1,0,0,0,1,19320605,1,BOS08,h,NY1,1,0,0,regular,y,y,
BSN193206090,spoha101,BSN,1,2,value,24,4,1,0,1,0,0,0,0,1,1,19320609,0,BOS08,h,SLN,0,1,0,regular,y,y,
BSN193206100,spoha101,BSN,1,2,value,27,4,1,0,0,0,0,0,0,1,1,19320610,0,BOS08,h,SLN,1,0,0,regular,y,y,
BSN193206110,spoha101,BSN,1,2,value,21,1,0,0,0,0,0,0,0,0,1,19320611,0,BOS08,h,CHN,0,1,0,regular,y,y,
BSN193206120,spoha101,BSN,1,2,value,18,2,0,0,0,0,0,0,0,0,0,19320612,0,BOS08,h,CHN,0,1,0,regular,y,d,
BSN193206150,spoha101,BSN,1,2,value,27,2,1,0,0,0,0,0,1,1,1,19320615,0,BOS08,h,PIT,0,1,0,regular,y,y,
BSN193206181,spoha101,BSN,1,2,value,30,7,0,1,0,0,1,0,2,0,1,19320618,1,BOS08,h,PIT,0,1,0,regular,y,y,
BSN193206182,spoha101,BSN,1,2,value,27,1,2,0,0,0,0,0,0,0,1,19320618,2,BOS08,h,PIT,1,0,0,regular,y,d,
BSN193206200,spoha101,BSN,1,2,value,33,3,2,0,0,0,0,0,0,1,1,19320620,0,BOS08,h,CIN,1,0,0,regular,y,y,
BSN193206210,spoha101,BSN,1,2,value,21,5,1,0,0,0,0,0,0,1,1,19320621,0,BOS08,h,CIN,0,1,0,regular,y,y,
BSN193206220,spoha101,BSN,1,2,value,18,2,0,0,0,0,0,1,0,0,1,19320622,0,BOS08,h,CIN,0,1,0,regular,y,y,
BSN193206230,spoha101,BSN,1,2,value,30,3,2,0,0,0,0,0,0,1,1,19320623,0,BOS08,h,BRO,1,0,0,regular,y,y,
BSN193206250,spoha101,BSN,1,2,value,27,3,0,0,0,0,0,0,0,0,1,19320625,0,BOS08,h,BRO,1,0,0,regular,y,y,
BSN193206261,spoha101,BSN,1,2,value,6,5,0,0,0,0,0,0,0,0,0,19320626,1,BOS08,h,PHI,1,0,0,regular,y,y,
BSN193206280,spoha101,BSN,1,2,value,27,6,0,0,0,0,0,0,2,0,1,19320628,0,BOS08,h,PHI,1,0,0,regular,y,y,
NY1193206300,spoha101,BSN,1,2,value,24,1,0,0,0,0,0,0,0,1,1,19320630,0,NYC14,v,NY1,0,1,0,regular,y,y,
NY1193207010,spoha101,BSN,1,2,value,21,1,0,0,0,0,0,0,0,0,1,19320701,0,NYC14,v,NY1,0,1,0,regular,y,y,
NY1193207020,spoha101,BSN,1,2,value,27,4,1,0,0,0,0,1,1,1,1,19320702,0,NYC14,v,NY1,1,0,0,regular,y,y,
NY1193207030,spoha101,BSN,1,2,value,24,6,0,0,0,0,1,0,0,0,1,19320703,0,NYC14,v,NY1,0,1,0,regular,y,y,
PHI193207042,spoha101,BSN,1,2,value,27,5,0,0,0,0,0,0,0,0,1,19320704,2,PHI09,v,PHI,1,0,0,regular,y,y,
SLN193207060,spoha101,BSN,1,2,value,24,6,0,0,0,0,0,0,0,0,1,19320706,0,STL07,v,SLN,0,1,0,regular,y,y,
CHN193207100,spoha101,BSN,1,2,value,24,4,2,0,0,0,0,1,0,2,1,19320710,0,CHI11,v,CHN,0,1,0,regular,y,y,
CHN193207120,spoha101,BSN,1,2,value,26,3,0,0,0,0,0,0,0,0,1,19320712,0,CHI11,v,CHN,0,1,0,regular,y,y,
PIT193207131,spoha101,BSN,1,2,value,27,4,0,0,0,0,0,0,0,0,1,19320713,1,PIT06,v,PIT,1,0,0,regular,y,y,
PIT193207140,spoha101,BSN,1,2,value,21,1,1,0,0,0,0,0,2,0,1,19320714,0,PIT06,v,PIT,0,1,0,regular,y,y,
PIT193207161,spoha101,BSN,1,2,value,25,2,1,0,0,0,0,0,0,1,1,19320716,1,PIT06,v,PIT,0,1,0,regular,y,y,
CIN193207171,spoha101,BSN,1,2,value,27,2,0,0,0,0,0,0,1,0,1,19320717,1,CIN07,v,CIN,1,0,0,regular,y,y,
BSN193207231,spoha101,BSN,1,2,value,42,5,1,0,0,0,0,0,0,0,1,19320723,1,BOS08,h,NY1,0,1,0,regular,y,y,
BSN193207241,spoha101,BSN,1,2,value,3,1,0,0,0,0,0,0,0,0,0,19320724,1,BOS08,h,NY1,1,0,0,regular,y,d,
BSN193207242,spoha101,BSN,1,2,value,27,4,0,0,0,0,0,0,0,0,1,19320724,2,BOS08,h,NY1,0,1,0,regular,y,d,
BSN193207271,spoha101,BSN,1,2,value,27,8,0,1,0,0,0,0,1,0,1,19320727,1,BOS08,h,CHN,1,0,0,regular,y,y,
BSN193207311,spoha101,BSN,1,2,value,27,3,1,0,0,0,0,0,0,1,1,19320731,1,BOS08,h,SLN,0,1,0,regular,y,d,
BSN193208010,spoha101,BSN,1,2,value,27,2,1,0,0,0,0,1,0,1,1,19320801,0,BOS08,h,SLN,0,1,0,regular,y,y,
BSN193208020,spoha101,BSN,1,2,value,24,2,0,0,0,0,0,0,0,0,1,19320802,0,BOS08,h,SLN,1,0,0,regular,y,y,
BSN193208061,spoha101,BSN,1,2,value,27,7,1,0,0,0,0,0,0,0,1,19320806,1,BOS08,h,CIN,1,0,0,regular,y,y,
BSN193208071,spoha101,BSN,1,2,value,27,6,1,0,0,0,0,0,0,0,1,19320807,1,BOS08,h,PIT,1,0,0,regular,y,y,
BSN193208102,spoha101,BSN,1,2,value,27,2,2,0,0,0,0,0,1,0,1,19320810,2,BOS08,h,PIT,1,0,0,regular,y,y,
PHI193208110,spoha101,BSN,1,2,value,24,2,0,0,0,0,0,1,0,0,1,19320811,0,PHI09,v,PHI,0,1,0,regular,y,y,
PHI193208120,spoha101,BSN,1,2,value,24,3,1,0,0,0,0,1,0,1,1,19320812,0,PHI09,v,PHI,0,1,0,regular,y,y,
CIN193208142,spoha101,BSN,1,2,value,24,0,0,0,0,0,0,0,0,0,1,19320814,2,CIN07,v,CIN,0,1,0,regular,y,y,
CHN193208170,spoha101,BSN,1,2,value,36,6,4,0,0,0,0,0,0,4,1,19320817,0,CHI11,v,CHN,0,1,0,regular,y,y,
CHN193208180,spoha101,BSN,1,2,value,42,4,1,2,0,0,0,0,0,1,1,19320818,0,CHI11,v,CHN,0,1,0,regular,y,y,
CHN193208190,spoha101,BSN,1,2,value,27,9,1,0,0,0,0,0,0,1,1,19320819,0,CHI11,v,CHN,1,0,0,regular,y,y,
SLN193208200,spoha101,BSN,1,2,value,22,2,2,0,0,0,0,1,3,2,0,19320820,0,STL07,v,SLN,0,1,0,regular,y,y,
SLN193208211,spoha101,BSN,1,2,value,42,5,1,0,0,0,0,0,1,0,1,19320821,1,STL07,v,SLN,1,0,0,regular,y,d,
SLN193208221,spoha101,BSN,1,2,value,27,2,0,0,0,0,0,0,0,0,1,19320822,1,STL07,v,SLN,1,0,0,regular,y,y,
SLN193208230,spoha101,BSN,1,2,value,27,5,0,0,0,0,0,0,0,0,1,19320823,0,STL07,v,SLN,1,0,0,regular,y,y,
CIN193208241,spoha101,BSN,1,2,value,27,4,1,0,0,0,1,0,1,0,1,19320824,1,CIN07,v,CIN,1,0,0,regular,y,y,
CIN193208242,spoha101,BSN,1,2,value,21,3,2,0,0,0,0,0,0,1,1,19320824,2,CIN07,v,CIN,0,1,0,regular,y,y,
PIT193208270,spoha101,BSN,1,2,value,24,4,1,0,0,0,0,0,0,1,1,19320827,0,PIT06,v,PIT,0,1,0,regular,y,y,
PIT193208301,spoha101,BSN,1,2,value,22,3,1,0,0,0,0,0,0,0,1,19320830,1,PIT06,v,PIT,0,1,0,regular,y,y,y
PIT193208310,spoha101,BSN,1,2,value,24,0,0,0,0,0,0,0,0,0,1,19320831,0,PIT06,v,PIT,0,1,0,regular,y,y,
BSN193209030,spoha101,BSN,1,2,value,27,2,3,0,0,0,0,0,0,1,1,19320903,0,BOS08,h,PHI,0,1,0,regular,y,y,
BSN193209040,spoha101,BSN,1,2,value,27,4,1,0,0,0,0,0,0,0,1,19320904,0,BOS08,h,PHI,1,0,0,regular,y,y,
BSN193209051,spoha101,BSN,1,2,value,24,3,0,0,0,0,0,0,0,0,1,19320905,1,BOS08,h,BRO,1,0,0,regular,y,y,
BSN193209052,spoha101,BSN,1,2,value,27,3,0,0,0,0,0,0,1,0,1,19320905,2,BOS08,h,BRO,1,0,0,regular,y,d,
BSN193209071,spoha101,BSN,1,2,value,24,3,0,0,0,0,0,0,0,0,1,19320907,1,BOS08,h,CHN,1,0,0,regular,y,y,
BSN193209072,spoha101,BSN,1,2,value,27,1,0,0,0,0,0,0,0,0,1,19320907,2,BOS08,h,CHN,1,0,0,regular,y,y,
BSN193209081,spoha101,BSN,1,2,value,27,5,0,0,0,0,0,0,0,0,1,19320908,1,BOS08,h,CHN,0,1,0,regular,y,y,
BSN193209082,spoha101,BSN,1,2,value,27,8,0,0,0,0,0,0,1,0,1,19320908,2,BOS08,h,CHN,1,0,0,regular,y,y,
BSN193209090,spoha101,BSN,1,2,value,27,3,1,0,0,0,0,0,0,1,1,19320909,0,BOS08,h,CHN,0,1,0,regular,y,y,
BSN193209100,spoha101,BSN,1,2,value,24,2,0,0,0,0,0,0,0,0,1,19320910,0,BOS08,h,CIN,0,1,0,regular,y,y,
BSN193209111,spoha101,BSN,1,2,value,21,3,0,0,0,0,0,0,0,0,1,19320911,1,BOS08,h,CIN,1,0,0,regular,y,y,
BSN193209112,spoha101,BSN,1,2,value,27,0,0,0,0,0,0,0,0,0,1,19320911,2,BOS08,h,CIN,1,0,0,regular,y,d,
BSN193209130,spoha101,BSN,1,2,value,27,3,1,0,0,0,0,0,1,0,1,19320913,0,BOS08,h,PIT,1,0,0,regular,y,y,
BSN193209140,spoha101,BSN,1,2,value,27,4,0,0,0,0,0,0,0,0,1,19320914,0,BOS08,h,PIT,1,0,0,regular,y,y,
BSN193209150,spoha101,BSN,1,2,value,27,1,1,0,0,0,0,0,0,1,1,19320915,0,BOS08,h,PIT,0,1,0,regular,y,y,
BSN193209170,spoha101,BSN,1,2,value,27,3,1,0,0,0,0,0,0,0,1,19320917,0,BOS08,h,SLN,1,0,0,regular,y,y,
BSN193209181,spoha101,BSN,1,2,value,27,5,1,0,0,0,0,0,0,0,1,19320918,1,BOS08,h,SLN,1,0,0,regular,y,d,
BSN193209182,spoha101,BSN,1,2,value,27,6,1,0,0,0,0,0,0,0,1,19320918,2,BOS08,h,SLN,0,1,0,regular,y,d,
NY1193209190,spoha101,BSN,1,2,value,27,2,0,0,0,0,0,0,0,0,1,19320919,0,NYC14,v,NY1,1,0,0,regular,y,y,
NY1193209200,spoha101,BSN,1,2,value,17,2,0,0,0,0,0,0,0,0,1,19320920,0,NYC14,v,NY1,0,1,0,regular,y,y,y
NY1193209210,spoha101,BSN,1,2,value,29,3,1,0,0,0,0,0,0,0,1,19320921,0,NYC14,v,NY1,0,1,0,regular,y,y,
BRO193209240,spoha101,BSN,1,2,value,24,4,0,0,0,0,0,0,0,0,1,19320924,0,NYC15,v,BRO,0,1,0,regular,y,y,
BRO193209250,spoha101,BSN,1,2,value,27,9,3,0,0,0,1,0,0,3,1,19320925,0,NYC15,v,BRO,1,0,0,regular,y,y,
BLS193210161,spoha101,ASB,1,2,value,24,5,0,0,0,0,0,,,,1,19321016,1,BAL14,v,BLS,0,1,0,exhibition,y,,
BLS193210230,spoha101,ASB,1,2,value,24,4,2,1,0,0,0,,,,1,19321023,0,BAL14,v,BLS,0,1,0,exhibition,y,,
PHI193304240,spoha101,BSN,1,2,value,10,0,0,0,0,0,0,0,0,0,0,19330424,0,PHI09,v,PHI,0,1,0,regular,y,y,
BSN193304302,spoha101,BSN,1,2,value,6,1,0,0,0,0,0,0,0,0,0,19330430,2,BOS08,h,NY1,1,0,0,regular,y,y,
BSN193305050,spoha101,BSN,1,2,value,3,0,0,0,0,0,0,0,0,0,0,19330505,0,BOS08,h,CHN,1,0,0,regular,y,y,
BSN193305072,spoha101,BSN,1,2,value,27,2,0,0,0,0,0,0,0,0,1,19330507,2,BOS08,h,CHN,0,1,0,regular,y,d,
BSN193305090,spoha101,BSN,1,2,value,27,4,0,0,0,0,0,0,0,0,1,19330509,0,BOS08,h,PIT,1,0,0,regular,y,y,
BSN193305110,spoha101,BSN,1,2,value,27,2,0,0,0,0,0,0,0,0,1,19330511,0,BOS08,h,SLN,0,1,0,regular,y,y,
BSN193305120,spoha101,BSN,1,2,value,33,3,0,0,0,0,1,0,0,0,1,19330512,0,BOS08,h,SLN,1,0,0,regular,y,y,
BSN193305130,spoha101,BSN,1,2,value,12,1,0,0,0,0,0,0,0,0,1,19330513,0,BOS08,h,SLN,0,1,0,regular,y,y,
CHN193305281,spoha101,BSN,1,2,value,24,5,2,0,1,0,0,1,0,1,1,19330528,1,CHI11,v,CHN,0,1,0,regular,y,y,
CHN193305282,spoha101,BSN,1,2,value,26,4,0,0,0,0,0,0,1,0,1,19330528,2,CHI11,v,CHN,0,1,0,regular,y,y,
BSN193306021,spoha101,BSN,1,2,value,27,7,0,0,0,0,0,1,0,0,1,19330602,1,BOS08,h,BRO,1,0,0,regular,y,y,
BSN193306022,spoha101,BSN,1,2,value,27,0,2,1,0,0,1,0,4,1,1,19330602,2,BOS08,h,BRO,0,1,0,regular,y,y,
NY1193306140,spoha101,BSN,1,2,value,24,1,1,0,0,0,0,0,1,0,1,19330614,0,NYC14,v,NY1,0,1,0,regular,y,y,
PHI193306172,spoha101,BSN,1,2,value,30,3,1,0,0,0,0,1,0,0,1,19330617,2,PHI09,v,PHI,1,0,0,regular,y,y,
BSN193306182,spoha101,BSN,1,2,value,24,1,2,0,0,0,0,0,0,1,1,19330618,2,BOS08,h,PIT,0,1,0,regular,y,y,
BSN193306211,spoha101,BSN,1,2,value,9,0,0,0,0,0,0,0,0,0,0,19330621,1,BOS08,h,PIT,1,0,0,regular,y,y,
BSN193306212,spoha101,BSN,1,2,value,27,3,1,0,0,0,0,0,0,1,1,19330621,2,BOS08,h,PIT,1,0,0,regular,y,y,
BSN193306220,spoha101,BSN,1,2,value,27,3,0,0,0,0,0,0,0,0,1,19330622,0,BOS08,h,CHN,1,0,0,regular,y,y,
BSN193306240,spoha101,BSN,1,2,value,33,4,0,0,0,0,0,0,0,0,1,19330624,0,BOS08,h,CHN,1,0,0,regular,y,y,
BSN193306251,spoha101,BSN,1,2,value,27,7,0,0,0,0,0,0,1,0,1,19330625,1,BOS08,h,CHN,0,1,0,regular,y,d,
BSN193306252,spoha101,BSN,1,2,value,6,1,0,0,0,0,0,1,0,0,0,19330625,2,BOS08,h,CHN,1,0,0,regular,y,y,
BSN193306270,spoha101,BSN,1,2,value,27,1,1,0,0,0,0,0,0,0,1,19330627,0,BOS08,h,SLN,1,0,0,regular,y,y,
BSN193306281,spoha101,BSN,1,2,value,27,6,1,0,0,0,0,0,0,1,1,19330628,1,BOS08,h,SLN,1,0,0,regular,y,y,
BSN193307021,spoha101,BSN,1,2,value,27,5,1,0,0,0,0,0,1,0,1,19330702,1,BOS08,h,CIN,1,0,0,regular,y,y,
BSN193307022,spoha101,BSN,1,2,value,27,5,1,0,0,0,0,0,1,0,1,19330702,2,BOS08,h,CIN,0,1,0,regular,y,y,
BSN193307030,spoha101,BSN,1,2,value,6,1,0,0,0,0,0,0,0,0,0,19330703,0,BOS08,h,NY1,0,1,0,regular,y,y,
BSN193307041,spoha101,BSN,1,2,value,27,3,1,0,0,0,0,0,0,0,1,19330704,1,BOS08,h,NY1,1,0,0,regular,y,y,
CIN193307070,spoha101,BSN,1,2,value,18,1,2,0,0,0,0,0,0,1,1,19330707,0,CIN07,v,CIN,0,1,0,regular,y,y,
CIN193307091,spoha101,BSN,1,2,value,30,2,0,0,0,0,0,1,0,0,1,19330709,1,CIN07,v,CIN,1,0,0,regular,y,y,
CIN193307092,spoha101,BSN,1,2,value,3,1,0,0,0,0,0,0,0,0,0,19330709,2,CIN07,v,CIN,1,0,0,regular,y,y,
PIT193307110,spoha101,BSN,1,2,value,27,2,1,1,1,0,0,0,0,1,1,19330711,0,PIT06,v,PIT,1,0,0,regular,y,y,
BSN193308062,spoha101,BSN,1,2,value,30,1,0,0,0,0,0,1,0,0,1,19330806,2,BOS08,h,PHI,1,0,0,regular,y,d,
BSN193308090,spoha101,BSN,1,2,value,27,4,0,0,0,0,0,0,0,0,1,19330809,0,BOS08,h,PHI,1,0,0,regular,y,y,
BRO193308120,spoha101,BSN,1,2,value,27,5,0,0,0,0,0,0,0,0,1,19330812,0,NYC15,v,BRO,1,0,0,regular,y,y,
BRO193308131,spoha101,BSN,1,2,value,27,3,2,0,0,0,0,0,0,1,1,19330813,1,NYC15,v,BRO,1,0,0,regular,y,y,
BRO193308132,spoha101,BSN,1,2,value,15,4,0,1,0,0,0,0,0,0,1,19330813,2,NYC15,v,BRO,0,1,0,regular,y,y,
BSN193308150,spoha101,BSN,1,2,value,27,3,1,0,0,0,0,0,0,1,1,19330815,0,BOS08,h,CHN,1,0,0,regular,y,y,
BSN193308160,spoha101,BSN,1,2,value,27,1,0,0,0,0,0,0,0,0,1,19330816,0,BOS08,h,CHN,1,0,0,regular,y,y,
BSN193308180,spoha101,BSN,1,2,value,27,2,0,1,0,0,0,0,1,0,1,19330818,0,BOS08,h,CHN,0,1,0,regular,y,y,
BSN193308190,spoha101,BSN,1,2,value,27,2,0,0,0,0,0,0,0,0,1,19330819,0,BOS08,h,PIT,1,0,0,regular,y,y,
BSN193308201,spoha101,BSN,1,2,value,33,2,0,0,0,0,0,0,0,0,1,19330820,1,BOS08,h,PIT,1,0,0,regular,y,y,
BSN193308202,spoha101,BSN,1,2,value,27,2,0,0,0,0,0,0,0,0,1,19330820,2,BOS08,h,PIT,1,0,0,regular,y,y,
BSN193308220,spoha101,BSN,1,2,value,42,4,0,0,0,0,0,0,0,0,1,19330822,0,BOS08,h,PIT,1,0,0,regular,y,y,
BSN193308260,spoha101,BSN,1,2,value,27,5,0,0,0,0,0,0,0,0,1,19330826,0,BOS08,h,SLN,1,0,0,regular,y,y,
BSN193308271,spoha101,BSN,1,2,value,27,1,1,0,0,0,0,0,0,0,1,19330827,1,BOS08,h,CIN,1,0,0,regular,y,y,
BSN193308280,spoha101,BSN,1,2,value,27,2,0,0,1,0,0,0,1,0,1,19330828,0,BOS08,h,CIN,0,1,0,regular,y,y,
BSN193308300,spoha101,BSN,1,2,value,27,1,0,0,0,0,0,0,0,0,1,19330830,0,BOS08,h,CIN,1,0,0,regular,y,y,
BSN193308310,spoha101,BSN,1,2,value,27,2,1,0,0,0,0,0,0,0,1,19330831,0,BOS08,h,NY1,1,0,0,regular,y,y,
BSN193309011,spoha101,BSN,1,2,value,30,4,0,0,0,0,0,0,0,0,1,19330901,1,BOS08,h,NY1,0,1,0,regular,y,y,
BSN193309012,spoha101,BSN,1,2,value,3,0,0,0,0,0,0,0,0,0,0,19330901,2,BOS08,h,NY1,0,1,0,regular,y,y,
BSN193309020,spoha101,BSN,1,2,value,27,1,1,0,0,0,0,0,0,0,1,19330902,0,BOS08,h,NY1,0,1,0,regular,y,y,
BSN193309031,spoha101,BSN,1,2,value,21,0,0,0,0,0,0,0,1,0,0,19330903,1,BOS08,h,NY1,0,1,0,regular,y,d,
SLN193309090,spoha101,BSN,1,2,value,3,0,0,0,0,0,0,0,0,0,0,19330909,0,STL07,v,SLN,1,0,0,regular,y,y,
SLN193309102,spoha101,BSN,1,2,value,21,6,0,0,0,0,0,0,3,0,1,19330910,2,STL07,v,SLN,0,1,0,regular,y,y,
PIT193309150,spoha101,BSN,1,2,value,27,4,0,0,0,0,0,0,0,0,1,19330915,0,PIT06,v,PIT,1,0,0,regular,y,y,
PIT193309161,spoha101,BSN,1,2,value,27,3,2,0,1,0,0,0,0,0,1,19330916,1,PIT06,v,PIT,1,0,0,regular,y,y,
PIT193309162,spoha101,BSN,1,2,value,12,1,0,1,0,0,0,0,1,0,1,19330916,2,PIT06,v,PIT,0,1,0,regular,y,d,
CIN193309171,spoha101,BSN,1,2,value,24,0,0,0,0,0,0,0,0,0,1,19330917,1,CIN07,v,CIN,0,1,0,regular,y,y,
PHI193309231,spoha101,BSN,1,2,value,3,0,0,0,0,0,0,0,0,0,0,19330923,1,PHI09,v,PHI,0,1,0,regular,y,y,
PHI193309232,spoha101,BSN,1,2,value,6,0,0,0,0,0,0,0,0,0,0,19330923,2,PHI09,v,PHI,1,0,0,regular,y,y,
NY1193309242,spoha101,BSN,1,2,value,15,2,0,0,0,0,0,0,1,0,1,19330924,2,NYC14,v,NY1,1,0,0,regular,y,d,
BRO193309282,spoha101,BSN,1,2,value,30,2,0,0,0,0,0,0,1,0,1,19330928,2,NYC15,v,BRO,0,0,1,regular,y,y,
BRO193309290,spoha101,BSN,1,2,value,6,3,0,0,0,0,0,0,0,0,0,19330929,0,NYC15,v,BRO,1,0,0,regular,y,y,
BSN193309300,spoha101,BSN,1,2,value,12,0,0,0,0,0,0,0,0,0,0,19330930,0,BOS08,h,PHI,0,1,0,regular,y,y,
BSN193310010,spoha101,BSN,1,2,value,6,1,1,1,0,0,0,0,0,0,0,19331001,0,BOS08,h,PHI,1,0,0,regular,y,y,
BSN193310010,spoha101,BSN,1,2,official,,,,0,0,,0,,,,,19331001,0,BOS08,h,PHI,1,0,0,regular,y,y,
BRO193404180,spoha101,BSN,1,2,value,12,3,0,0,0,0,0,0,0,0,0,19340418,0,NYC15,v,BRO,1,0,0,regular,y,y,
BRO193404190,spoha101,BSN,1,2,value,21,2,0,0,0,0,0,0,0,0,1,19340419,0,NYC15,v,BRO,0,0,1,regular,y,y,
NY1193404210,spoha101,BSN,1,2,value,24,3,2,0,0,0,0,0,0,1,1,19340421,0,NYC14,v,NY1,0,1,0,regular,y,y,
BSN193404250,spoha101,BSN,1,2,value,9,0,0,0,0,0,0,0,0,0,0,19340425,0,BOS08,h,BRO,1,0,0,regular,y,y,
BSN193404260,spoha101,BSN,1,2,value,27,2,0,0,0,0,0,0,0,0,1,19340426,0,BOS08,h,BRO,1,0,0,regular,y,y,
BSN193404290,spoha101,BSN,1,2,value,27,6,0,0,0,0,0,0,0,0,1,19340429,0,BOS08,h,NY1,1,0,0,regular,y,y,
PHI193404300,spoha101,BSN,1,2,value,24,1,0,0,0,0,0,0,0,0,1,19340430,0,PHI09,v,PHI,0,1,0,regular,y,d,
CHN193405030,spoha101,BSN,1,2,value,27,3,0,0,0,0,0,0,0,0,1,19340503,0,CHI11,v,CHN,1,0,0,regular,y,y,
CHN193405040,spoha101,BSN,1,2,value,24,5,1,0,0,0,0,1,2,0,1,19340504,0,CHI11,v,CHN,0,1,0,regular,y,y,
CHN193405050,spoha101,BSN,1,2,value,6,1,1,0,0,0,0,0,0,0,0,19340505,0,CHI11,v,CHN,1,0,0,regular,y,y,
SLN193405060,spoha101,BSN,1,2,value,27,6,0,0,1,0,0,0,1,0,1,19340506,0,STL07,v,SLN,1,0,0,regular,y,y,
SLN193405070,spoha101,BSN,1,2,value,21,4,0,0,0,0,0,0,1,0,1,19340507,0,STL07,v,SLN,0,1,0,regular,y,y,
SLN193405080,spoha101,BSN,1,2,value,24,3,0,1,0,0,1,0,0,0,1,19340508,0,STL07,v,SLN,0,1,0,regular,y,y,
CIN193405090,spoha101,BSN,1,2,value,27,5,0,0,0,0,0,0,0,0,1,19340509,0,CIN07,v,CIN,1,0,0,regular,y,y,
CIN193405100,spoha101,BSN,1,2,value,18,2,1,0,0,0,0,0,0,1,1,19340510,0,CIN07,v,CIN,0,1,0,regular,y,y,
CIN193405110,spoha101,BSN,1,2,value,6,0,0,0,0,0,0,0,0,0,0,19340511,0,CIN07,v,CIN,1,0,0,regular,y,y,
PIT193405130,spoha101,BSN,1,2,value,24,3,1,0,0,0,0,0,0,0,1,19340513,0,PIT06,v,PIT,0,1,0,regular,y,d,
BSN193405200,spoha101,BSN,1,2,value,3,1,0,0,0,0,0,0,0,0,0,19340520,0,BOS08,h,CIN,1,0,0,regular,y,y,
BSN193405220,spoha101,BSN,1,2,value,3,0,0,0,0,0,0,0,1,0,0,19340522,0,BOS08,h,CIN,0,1,0,regular,y,y,
BSN193405230,spoha101,BSN,1,2,value,27,0,0,0,0,0,0,0,0,0,1,19340523,0,BOS08,h,PIT,1,0,0,regular,y,y,
BSN193405240,spoha101,BSN,1,2,value,27,4,2,0,0,0,0,0,0,0,1,19340524,0,BOS08,h,PIT,0,1,0,regular,y,y,
BSN193405260,spoha101,BSN,1,2,value,27,4,0,0,0,0,0,0,0,0,1,19340526,0,BOS08,h,CHN,0,1,0,regular,y,y,
BSN193405270,spoha101,BSN,1,2,value,27,3,0,0,0,0,0,0,0,0,1,19340527,0,BOS08,h,CHN,1,0,0,regular,y,y,
BSN193405280,spoha101,BSN,1,2,value,27,5,1,0,0,0,0,0,2,0,1,19340528,0,BOS08,h,CHN,1,0,0,regular,y,y,
BSN193405290,spoha101,BSN,1,2,value,27,3,0,0,0,0,0,0,1,0,1,19340529,0,BOS08,h,PHI,1,0,0,regular,y,y,
BSN193405301,spoha101,BSN,1,2,value,27,3,0,0,0,0,0,0,0,0,1,19340530,1,BOS08,h,PHI,1,0,0,regular,y,d,
BSN193405302,spoha101,BSN,1,2,value,27,1,0,0,0,0,0,0,0,0,1,19340530,2,BOS08,h,PHI,1,0,0,regular,y,d,
BSN193406010,spoha101,BSN,1,2,value,48,10,1,0,0,0,0,0,0,0,1,19340601,0,BOS08,h,BRO,1,0,0,regular,y,y,
BSN193406020,spoha101,BSN,1,2,value,27,2,0,0,0,0,0,0,0,0,1,19340602,0,BOS08,h,BRO,1,0,0,regular,y,y,
BSN193406030,spoha101,BSN,1,2,value,27,2,1,1,0,0,0,0,2,0,1,19340603,0,BOS08,h,BRO,0,1,0,regular,y,y,
NY1193406050,spoha101,BSN,1,2,value,24,3,1,0,0,0,0,0,0,0,1,19340605,0,NYC14,v,NY1,0,1,0,regular,y,y,
NY1193406060,spoha101,BSN,1,2,value,3,0,0,0,0,0,0,0,0,0,0,19340606,0,NYC14,v,NY1,0,1,0,regular,y,y,
BRO193406091,spoha101,BSN,1,2,value,27,2,3,0,0,0,0,0,0,2,1,19340609,1,NYC15,v,BRO,1,0,0,regular,y,y,
BRO193406092,spoha101,BSN,1,2,value,24,4,2,0,0,0,0,0,0,1,1,19340609,2,NYC15,v,BRO,0,1,0,regular,y,y,
BRO193406100,spoha101,BSN,1,2,value,21,2,0,0,0,0,0,0,0,0,1,19340610,0,NYC15,v,BRO,1,0,0,regular,y,y,
SLN193406120,spoha101,BSN,1,2,value,24,0,1,0,0,0,0,0,0,0,1,19340612,0,STL07,v,SLN,0,1,0,regular,y,y,
SLN193406140,spoha101,BSN,1,2,value,24,5,2,0,0,0,0,0,0,1,1,19340614,0,STL07,v,SLN,0,1,0,regular,y,y,
SLN193406150,spoha101,BSN,1,2,value,27,1,1,0,0,0,0,0,0,0,1,19340615,0,STL07,v,SLN,1,0,0,regular,y,y,
CHN193406160,spoha101,BSN,1,2,value,21,4,0,0,0,0,0,0,0,0,1,19340616,0,CHI11,v,CHN,1,0,0,regular,y,y,
CHN193406172,spoha101,BSN,1,2,value,30,2,2,0,1,0,0,0,0,1,1,19340617,2,CHI11,v,CHN,0,1,0,regular,y,y,
CHN193406190,spoha101,BSN,1,2,value,27,8,1,0,0,0,0,0,0,0,1,19340619,0,CHI11,v,CHN,1,0,0,regular,y,y,
PIT193406200,spoha101,BSN,1,2,value,26,2,0,0,0,0,0,0,0,0,1,19340620,0,PIT06,v,PIT,0,1,0,regular,y,y,
PIT193406212,spoha101,BSN,1,2,value,27,5,0,0,0,0,0,0,1,0,1,19340621,2,PIT06,v,PIT,1,0,0,regular,y,d,
PIT193406220,spoha101,BSN,1,2,value,3,0,0,0,0,0,0,0,0,0,0,19340622,0,PIT06,v,PIT,0,1,0,regular,y,y,
CIN193406241,spoha101,BSN,1,2,value,27,2,1,0,0,0,1,0,0,1,1,19340624,1,CIN07,v,CIN,1,0,0,regular,y,y,
CIN193406242,spoha101,BSN,1,2,value,3,0,0,0,0,0,0,0,0,0,0,19340624,2,CIN07,v,CIN,0,1,0,regular,y,y,
BSN193406290,spoha101,BSN,1,2,value,24,5,2,0,0,0,0,0,1,2,1,19340629,0,BOS08,h,PHI,0,1,0,regular,y,y,
BSN193407011,spoha101,BSN,1,2,value,27,7,1,0,0,0,0,1,0,0,1,19340701,1,BOS08,h,PHI,1,0,0,regular,y,d,
BSN193407012,spoha101,BSN,1,2,value,27,5,0,0,0,0,0,0,0,0,1,19340701,2,BOS08,h,PHI,1,0,0,regular,y,d,
BSN193407030,spoha101,BSN,1,2,value,27,5,0,0,0,0,0,0,0,0,1,19340703,0,BOS08,h,NY1,1,0,0,regular,y,y,
NY1193407042,spoha101,BSN,1,2,value,24,2,0,0,0,0,0,0,0,0,1,19340704,2,NYC14,v,NY1,0,1,0,regular,y,y,
PHI193407050,spoha101,BSN,1,2,value,24,3,1,0,0,0,0,0,1,0,1,19340705,0,PHI09,v,PHI,0,1,0,regular,y,d,
PHI193407060,spoha101,BSN,1,2,value,27,4,0,0,0,0,0,0,0,0,1,19340706,0,PHI09,v,PHI,1,0,0,regular,y,d,
PHI193407072,spoha101,BSN,1,2,value,24,1,0,0,0,0,0,0,0,0,1,19340707,2,PHI09,v,PHI,0,1,0,regular,y,y,
PHI193407080,spoha101,BSN,1,2,value,21,4,1,0,0,0,0,0,0,0,1,19340708,0,PHI09,v,PHI,0,1,0,regular,y,y,
BSN193407111,spoha101,BSN,1,2,value,27,4,0,0,0,0,0,0,0,0,1,19340711,1,BOS08,h,CHN,0,1,0,regular,y,y,
BSN193407112,spoha101,BSN,1,2,value,27,8,1,1,0,0,0,1,1,0,1,19340711,2,BOS08,h,CHN,0,1,0,regular,y,y,
BSN193407120,spoha101,BSN,1,2,value,6,1,1,0,0,0,0,0,0,0,0,19340712,0,BOS08,h,CHN,0,1,0,regular,y,y,
BSN193407130,spoha101,BSN,1,2,value,27,2,0,0,0,0,0,0,0,0,1,19340713,0,BOS08,h,CHN,1,0,0,regular,y,y,
BSN193407140,spoha101,BSN,1,2,value,36,4,0,0,0,0,0,0,0,0,1,19340714,0,BOS08,h,PIT,0,1,0,regular,y,y,
BSN193407151,spoha101,BSN,1,2,value,27,4,2,0,1,0,0,0,1,0,1,19340715,1,BOS08,h,PIT,0,1,0,regular,y,d,
BSN193407181,spoha101,BSN,1,2,value,27,3,0,1,0,0,0,1,2,0,1,19340718,1,BOS08,h,PIT,1,0,0,regular,y,y,
BSN193407182,spoha101,BSN,1,2,value,24,2,0,0,0,0,0,0,0,0,1,19340718,2,BOS08,h,PIT,1,0,0,regular,y,y,
BSN193407190,spoha101,BSN,1,2,value,27,3,1,0,0,0,0,0,0,1,1,19340719,0,BOS08,h,SLN,0,1,0,regular,y,y,
BSN193407200,spoha101,BSN,1,2,value,27,4,1,1,0,0,0,0,1,0,1,19340720,0,BOS08,h,SLN,0,1,0,regular,y,y,
BSN193407210,spoha101,BSN,1,2,value,5,1,0,0,0,0,0,0,0,0,0,19340721,0,BOS08,h,SLN,0,1,0,regular,y,y,
BSN193407221,spoha101,BSN,1,2,value,27,6,0,1,0,0,0,0,2,0,1,19340722,1,BOS08,h,SLN,0,1,0,regular,y,y,
BSN193407230,spoha101,BSN,1,2,value,27,4,2,0,0,0,0,0,0,1,1,19340723,0,BOS08,h,CIN,0,1,0,regular,y,y,
BSN193407240,spoha101,BSN,1,2,value,27,5,0,0,0,0,0,0,1,0,1,19340724,0,BOS08,h,CIN,1,0,0,regular,y,y,
BSN193407251,spoha101,BSN,1,2,value,27,8,1,0,0,0,0,0,0,1,1,19340725,1,BOS08,h,CIN,1,0,0,regular,y,y,
BSN193407292,spoha101,BSN,1,2,value,27,4,0,0,0,0,0,0,0,0,1,19340729,2,BOS08,h,BRO,1,0,0,regular,y,y,
BSN193408012,spoha101,BSN,1,2,value,27,5,1,0,0,0,0,1,0,0,1,19340801,2,BOS08,h,NY1,0,1,0,regular,y,y,
BRO193408040,spoha101,BSN,1,2,value,6,3,0,0,0,0,0,0,0,0,0,19340804,0,NYC15,v,BRO,1,0,0,regular,y,y,
BRO193408051,spoha101,BSN,1,2,value,27,6,1,0,0,0,1,0,0,0,1,19340805,1,NYC15,v,BRO,1,0,0,regular,y,y,
BSN193408080,spoha101,BSN,1,2,value,9,2,0,0,0,0,0,0,0,0,0,19340808,0,BOS08,h,PHI,1,0,0,regular,y,y,
CHN193408161,spoha101,BSN,1,2,value,28,3,1,0,0,0,0,0,0,1,1,19340816,1,CHI11,v,CHN,0,1,0,regular,y,y,
CHN193408170,spoha101,BSN,1,2,value,9,2,0,0,0,0,0,0,0,0,0,19340817,0,CHI11,v,CHN,1,0,0,regular,y,y,
SLN193408180,spoha101,BSN,1,2,value,12,3,0,0,0,0,0,0,1,0,0,19340818,0,STL07,v,SLN,0,1,0,regular,y,y,
SLN193408191,spoha101,BSN,1,2,value,6,1,0,0,0,0,0,0,0,0,0,19340819,1,STL07,v,SLN,1,0,0,regular,y,y,
CIN193408242,spoha101,BSN,1,2,value,27,5,1,0,1,0,0,0,0,0,1,19340824,2,CIN07,v,CIN,1,0,0,regular,y,y,
CIN193408250,spoha101,BSN,1,2,value,21,1,0,0,0,0,0,0,0,0,0,19340825,0,CIN07,v,CIN,1,0,0,regular,y,y,
PIT193408260,spoha101,BSN,1,2,value,9,0,0,0,0,0,0,0,0,0,0,19340826,0,PIT06,v,PIT,1,0,0,regular,y,y,
PIT193408280,spoha101,BSN,1,2,value,3,0,0,0,0,0,0,0,0,0,0,19340828,0,PIT06,v,PIT,1,0,0,regular,y,y,
PIT193408292,spoha101,BSN,1,2,value,24,2,1,0,0,0,0,0,1,1,1,19340829,2,PIT06,v,PIT,0,1,0,regular,y,y,
BSN193409050,spoha101,BSN,1,2,value,3,1,0,1,0,0,0,0,1,0,0,19340905,0,BOS08,h,PIT,0,1,0,regular,y,y,
BSN193409120,spoha101,BSN,1,2,value,21,1,0,0,0,0,0,0,0,0,0,19340912,0,BOS08,h,CHN,0,1,0,regular,y,y,
BSN193409140,spoha101,BSN,1,2,value,27,7,0,0,0,0,0,0,0,0,1,19340914,0,BOS08,h,CIN,1,0,0,regular,y,y,
BSN193409150,spoha101,BSN,1,2,value,27,5,0,0,0,0,0,0,0,0,1,19340915,0,BOS08,h,CIN,1,0,0,regular,y,y,
BSN193409161,spoha101,BSN,1,2,value,3,2,0,0,0,0,0,0,0,0,0,19340916,1,BOS08,h,CIN,0,1,0,regular,y,y,
BSN193409162,spoha101,BSN,1,2,value,27,5,0,0,0,0,0,0,0,0,1,19340916,2,BOS08,h,CIN,0,1,0,regular,y,y,
BSN193409202,spoha101,BSN,1,2,value,27,4,3,1,0,0,0,0,1,2,1,19340920,2,BOS08,h,SLN,0,1,0,regular,y,y,
BSN193409202,spoha101,BSN,1,2,official,,,,1,1,,0,,,,1,19340920,2,BOS08,h,SLN,0,1,0,regular,y,y,
BSN193409210,spoha101,BSN,1,2,value,6,1,0,0,0,0,0,0,0,0,0,19340921,0,BOS08,h,NY1,0,1,0,regular,y,y,
BSN193409231,spoha101,BSN,1,2,value,3,1,0,0,0,0,0,0,0,0,0,19340923,1,BOS08,h,NY1,0,1,0,regular,y,d,
BSN193409232,spoha101,BSN,1,2,value,9,3,0,0,0,0,0,0,0,0,0,19340923,2,BOS08,h,NY1,1,0,0,regular,y,d,
PHI193409270,spoha101,BSN,1,2,value,6,1,0,0,0,0,0,0,0,0,0,19340927,0,PHI09,v,PHI,1,0,0,regular,y,y,
PHI193409290,spoha101,BSN,1,2,value,3,1,0,0,0,0,0,0,0,0,0,19340929,0,PHI09,v,PHI,1,0,0,regular,y,y,
PHI193409301,spoha101,BSN,1,2,value,15,2,1,0,0,0,0,0,0,1,0,19340930,1,PHI09,v,PHI,1,0,0,regular,y,d,
PHI193409302,spoha101,BSN,1,2,value,21,2,0,0,0,0,0,0,0,0,1,19340930,2,PHI09,v,PHI,1,0,0,regular,y,d,
BSN193504192,spoha101,BSN,1,2,value,27,3,1,0,0,0,1,0,1,0,1,19350419,2,BOS08,h,BRO,0,1,0,regular,y,y,
BSN193504210,spoha101,BSN,1,2,value,12,2,0,1,0,0,0,0,0,0,0,19350421,0,BOS08,h,BRO,0,1,0,regular,y,y,
NY1193504230,spoha101,BSN,1,2,value,8,2,0,0,0,0,0,0,0,0,0,19350423,0,NYC14,v,NY1,0,1,0,regular,y,y,
NY1193504240,spoha101,BSN,1,2,value,3,0,0,0,0,0,0,0,0,0,0,19350424,0,NYC14,v,NY1,0,1,0,regular,y,y,
NY1193504250,spoha101,BSN,1,2,value,24,3,0,0,0,0,0,0,0,0,1,19350425,0,NYC14,v,NY1,0,1,0,regular,y,y,
BRO193504260,spoha101,BSN,1,2,value,24,2,0,0,0,0,0,0,0,0,1,19350426,0,NYC15,v,BRO,0,1,0,regular,y,y,
BSN193505040,spoha101,BSN,1,2,value,27,4,1,0,0,0,0,0,0,0,1,19350504,0,BOS08,h,SLN,0,1,0,regular,y,y,
BSN193505050,spoha101,BSN,1,2,value,27,1,0,0,0,0,0,0,0,0,1,19350505,0,BOS08,h,SLN,0,1,0,regular,y,y,
BSN193505060,spoha101,BSN,1,2,value,27,3,0,1,0,0,0,0,0,0,1,19350506,0,BOS08,h,PIT,0,1,0,regular,y,y,
BSN193505080,spoha101,BSN,1,2,value,27,5,1,0,0,0,0,0,0,1,1,19350508,0,BOS08,h,PIT,1,0,0,regular,y,y,
BSN193505090,spoha101,BSN,1,2,value,27,3,1,0,0,0,0,0,0,1,1,19350509,0,BOS08,h,CHN,0,1,0,regular,y,y,
BSN193505110,spoha101,BSN,1,2,value,21,1,0,0,0,0,0,1,0,0,1,19350511,0,BOS08,h,CHN,0,1,0,regular,y,y,
BSN193505120,spoha101,BSN,1,2,value,24,4,2,0,0,0,0,0,1,0,1,19350512,0,BOS08,h,CHN,0,1,0,regular,y,y,
BSN193505130,spoha101,BSN,1,2,value,27,3,1,0,0,0,0,0,1,0,1,19350513,0,BOS08,h,CIN,0,1,0,regular,y,y,
SLN193505170,spoha101,BSN,1,2,value,27,2,0,0,0,0,0,0,0,0,1,19350517,0,STL07,v,SLN,1,0,0,regular,y,y,
SLN193505180,spoha101,BSN,1,2,value,24,3,1,0,0,0,0,0,0,1,1,19350518,0,STL07,v,SLN,0,1,0,regular,y,y,
SLN193505190,spoha101,BSN,1,2,value,24,5,0,0,0,0,0,0,1,0,1,19350519,0,STL07,v,SLN,0,1,0,regular,y,y,
CHN193505200,spoha101,BSN,1,2,value,24,1,0,1,0,0,0,1,0,0,1,19350520,0,CHI11,v,CHN,0,1,0,regular,y,y,
CHN193505210,spoha101,BSN,1,2,value,27,2,0,0,0,0,0,0,0,0,1,19350521,0,CHI11,v,CHN,1,0,0,regular,y,y,
PIT193505230,spoha101,BSN,1,2,value,24,1,0,0,0,0,0,0,0,0,1,19350523,0,PIT06,v,PIT,0,1,0,regular,y,y,
PIT193505240,spoha101,BSN,1,2,value,24,3,1,1,0,0,0,0,1,0,1,19350524,0,PIT06,v,PIT,0,1,0,regular,y,y,
PIT193505250,spoha101,BSN,1,2,value,24,3,0,0,0,0,0,0,0,0,1,19350525,0,PIT06,v,PIT,0,1,0,regular,y,y,
PIT193505250,spoha101,BSN,1,2,official,,,,0,1,,0,,,,1,19350525,0,PIT06,v,PIT,0,1,0,regular,y,y,
CIN193505260,spoha101,BSN,1,2,value,24,4,1,1,0,0,0,0,1,0,1,19350526,0,CIN07,v,CIN,0,1,0,regular,y,y,
CIN193505270,spoha101,BSN,1,2,value,9,0,1,0,0,0,0,0,0,0,0,19350527,0,CIN07,v,CIN,0,1,0,regular,y,y,
CIN193505280,spoha101,BSN,1,2,value,24,0,0,0,0,0,0,0,1,0,1,19350528,0,CIN07,v,CIN,0,1,0,regular,y,y,
PHI193505290,spoha101,BSN,1,2,value,15,2,0,0,0,0,0,0,0,0,0,19350529,0,PHI09,v,PHI,1,0,0,regular,y,y,
PHI193505301,spoha101,BSN,1,2,value,24,2,0,0,0,0,0,0,0,0,1,19350530,1,PHI09,v,PHI,0,1,0,regular,y,d,
BSN193506051,spoha101,BSN,1,2,value,3,0,1,0,0,0,0,0,0,0,0,19350605,1,BOS08,h,BRO,0,1,0,regular,y,y,
BSN193506052,spoha101,BSN,1,2,value,27,5,0,0,0,0,0,0,0,0,1,19350605,2,BOS08,h,BRO,1,0,0,regular,y,y,
BSN193506122,spoha101,BSN,1,2,value,17,4,0,0,0,0,0,0,2,0,1,19350612,2,BOS08,h,SLN,0,1,0,regular,y,y,
BSN193506272,spoha101,BSN,1,2,value,21,5,0,2,0,0,0,0,0,0,1,19350627,2,BOS08,h,PHI,0,1,0,regular,y,d,
BSN193506280,spoha101,BSN,1,2,value,3,1,0,0,0,0,0,0,0,0,0,19350628,0,BOS08,h,PHI,0,1,0,regular,y,y,
BSN193506290,spoha101,BSN,1,2,value,3,0,1,0,0,0,0,0,0,1,0,19350629,0,BOS08,h,PHI,0,1,0,regular,y,y,
BSN193506301,spoha101,BSN,1,2,value,6,1,0,0,0,0,0,0,0,0,0,19350630,1,BOS08,h,PHI,1,0,0,regular,y,y,
BSN193506302,spoha101,BSN,1,2,value,27,5,0,0,0,0,0,0,0,0,1,19350630,2,BOS08,h,PHI,0,1,0,regular,y,d,
BRO193507020,spoha101,BSN,1,2,value,24,2,0,0,1,0,0,0,0,0,1,19350702,0,NYC15,v,BRO,0,1,0,regular,y,y,
BRO193507030,spoha101,BSN,1,2,value,9,1,0,0,0,0,0,1,0,0,0,19350703,0,NYC15,v,BRO,0,1,0,regular,y,y,
BSN193507041,spoha101,BSN,1,2,value,15,4,0,0,0,0,0,0,0,0,0,19350704,1,BOS08,h,NY1,0,1,0,regular,y,d,
PHI193507062,spoha101,BSN,1,2,value,21,4,0,0,0,0,0,2,1,0,1,19350706,2,PHI09,v,PHI,0,1,0,regular,y,d,
CHN193507110,spoha101,BSN,1,2,value,6,0,0,0,0,0,0,0,0,0,0,19350711,0,CHI11,v,CHN,0,1,0,regular,y,y,
CHN193507132,spoha101,BSN,1,2,value,24,5,2,0,0,0,0,0,0,1,1,19350713,2,CHI11,v,CHN,0,1,0,regular,y,d,
CHN193507140,spoha101,BSN,1,2,value,24,2,1,0,0,0,0,0,0,1,1,19350714,0,CHI11,v,CHN,0,1,0,regular,y,y,
SLN193507150,spoha101,BSN,1,2,value,24,2,0,0,0,0,0,2,0,0,1,19350715,0,STL07,v,SLN,0,1,0,regular,y,y,
SLN193507160,spoha101,BSN,1,2,value,24,1,1,0,0,0,0,0,0,1,1,19350716,0,STL07,v,SLN,0,1,0,regular,y,y,
SLN193507170,spoha101,BSN,1,2,value,25,4,1,1,0,0,0,0,0,0,1,19350717,0,STL07,v,SLN,0,1,0,regular,y,y,
PIT193507202,spoha101,BSN,1,2,value,24,2,0,0,0,0,0,0,0,0,1,19350720,2,PIT06,v,PIT,0,1,0,regular,y,y,
BSN193507282,spoha101,BSN,1,2,value,3,0,0,0,0,0,0,0,0,0,0,19350728,2,BOS08,h,PHI,1,0,0,regular,y,y,
NY1193508042,spoha101,BSN,1,2,value,24,2,0,0,0,0,1,0,0,0,1,19350804,2,NYC14,v,NY1,0,1,0,regular,y,y,
PHI193508050,spoha101,BSN,1,2,value,19,1,0,0,0,0,0,1,2,0,1,19350805,0,PHI09,v,PHI,0,1,0,regular,y,y,y
BRO193508090,spoha101,BSN,1,2,value,26,4,1,0,0,0,0,0,1,1,1,19350809,0,NYC15,v,BRO,0,1,0,regular,y,y,
BRO193508112,spoha101,BSN,1,2,value,24,1,1,0,0,0,0,0,0,0,1,19350811,2,NYC15,v,BRO,0,1,0,regular,y,y,
BSN193508142,spoha101,BSN,1,2,value,27,5,0,0,0,0,0,0,0,0,1,19350814,2,BOS08,h,CIN,1,0,0,regular,y,y,
BSN193508150,spoha101,BSN,1,2,value,27,1,1,0,0,0,0,0,0,1,1,19350815,0,BOS08,h,CIN,1,0,0,regular,y,y,
BSN193508161,spoha101,BSN,1,2,value,27,2,1,0,0,0,0,0,0,0,1,19350816,1,BOS08,h,CIN,0,1,0,regular,y,y,
BSN193508182,spoha101,BSN,1,2,value,30,7,3,0,1,0,0,0,0,1,1,19350818,2,BOS08,h,SLN,0,1,0,regular,y,d,
BSN193508182,spoha101,BSN,1,2,official,,,,0,0,,0,,,,1,19350818,2,BOS08,h,SLN,0,1,0,regular,y,d,
BSN193508200,spoha101,BSN,1,2,value,24,2,1,0,0,0,0,0,1,1,1,19350820,0,BOS08,h,SLN,0,1,0,regular,y,y,
BSN193508230,spoha101,BSN,1,2,value,27,4,2,0,0,0,0,0,0,2,1,19350823,0,BOS08,h,PIT,0,1,0,regular,y,d,
BSN193508240,spoha101,BSN,1,2,value,24,1,0,0,0,0,0,0,0,0,1,19350824,0,BOS08,h,PIT,0,1,0,regular,y,y,
BSN193508251,spoha101,BSN,1,2,value,27,3,2,0,0,0,0,0,0,0,1,19350825,1,BOS08,h,PIT,0,1,0,regular,y,d,
BSN193508252,spoha101,BSN,1,2,value,24,2,0,1,0,0,0,0,0,0,1,19350825,2,BOS08,h,PIT,0,1,0,regular,y,d,
BSN193508281,spoha101,BSN,1,2,value,27,3,0,0,0,0,0,0,0,0,1,19350828,1,BOS08,h,CHN,1,0,0,regular,y,y,
BSN193508282,spoha101,BSN,1,2,value,27,5,0,0,0,0,0,0,1,0,1,19350828,2,BOS08,h,CHN,0,1,0,regular,y,y,
BSN193508290,spoha101,BSN,1,2,value,27,4,0,0,0,0,0,0,1,0,1,19350829,0,BOS08,h,CHN,0,1,0,regular,y,y,
BSN193508310,spoha101,BSN,1,2,value,27,2,1,0,0,0,0,0,0,1,1,19350831,0,BOS08,h,BRO,0,1,0,regular,y,y,
BSN193509010,spoha101,BSN,1,2,value,27,3,3,0,1,0,0,0,0,0,1,19350901,0,BOS08,h,BRO,0,1,0,regular,y,y,
BSN193509010,spoha101,BSN,1,2,official,,,,0,0,,0,,,,1,19350901,0,BOS08,h,BRO,0,1,0,regular,y,y,
SLN193509040,spoha101,BSN,1,2,value,24,2,0,0,0,0,0,0,1,0,1,19350904,0,STL07,v,SLN,0,1,0,regular,y,y,
SLN193509050,spoha101,BSN,1,2,value,24,2,3,0,1,0,0,1,0,1,1,19350905,0,STL07,v,SLN,0,1,0,regular,y,y,
SLN193509060,spoha101,BSN,1,2,value,24,3,0,0,0,0,0,0,1,0,1,19350906,0,STL07,v,SLN,0,1,0,regular,y,y,
SLN193509070,spoha101,BSN,1,2,value,24,2,0,1,0,0,0,0,3,0,1,19350907,0,STL07,v,SLN,0,1,0,regular,y,y,
CHN193509091,spoha101,BSN,1,2,value,24,2,0,0,0,0,0,1,0,0,1,19350909,1,CHI11,v,CHN,0,1,0,regular,y,y,
CHN193509092,spoha101,BSN,1,2,value,24,0,0,0,0,0,0,0,0,0,1,19350909,2,CHI11,v,CHN,0,1,0,regular,y,y,
CHN193509100,spoha101,BSN,1,2,value,24,5,0,0,0,0,0,0,0,0,1,19350910,0,CHI11,v,CHN,0,1,0,regular,y,y,
CHN193509110,spoha101,BSN,1,2,value,24,3,1,0,0,0,0,0,0,1,1,19350911,0,CHI11,v,CHN,0,1,0,regular,y,y,
CIN193509120,spoha101,BSN,1,2,value,24,3,0,0,1,0,0,0,1,0,1,19350912,0,CIN07,v,CIN,0,1,0,regular,y,y,
CIN193509130,spoha101,BSN,1,2,value,24,5,0,0,0,0,0,0,1,0,1,19350913,0,CIN07,v,CIN,0,1,0,regular,y,y,
CIN193509140,spoha101,BSN,1,2,value,27,4,0,0,0,0,0,0,0,0,1,19350914,0,CIN07,v,CIN,1,0,0,regular,y,y,
CIN193509151,spoha101,BSN,1,2,value,24,1,0,0,0,0,0,0,0,0,1,19350915,1,CIN07,v,CIN,0,1,0,regular,y,y,
PIT193509160,spoha101,BSN,1,2,value,24,4,0,0,0,0,0,0,0,0,1,19350916,0,PIT06,v,PIT,0,1,0,regular,y,y,
PIT193509170,spoha101,BSN,1,2,value,24,3,1,0,0,0,0,0,0,0,1,19350917,0,PIT06,v,PIT,0,1,0,regular,y,d,
PIT193509180,spoha101,BSN,1,2,value,24,3,0,1,0,0,0,0,0,0,1,19350918,0,PIT06,v,PIT,0,1,0,regular,y,y,
PIT193509190,spoha101,BSN,1,2,value,24,2,0,0,0,0,0,0,0,0,1,19350919,0,PIT06,v,PIT,0,1,0,regular,y,y,
PHI193509211,spoha101,BSN,1,2,value,24,4,1,0,0,0,0,0,0,1,1,19350921,1,PHI09,v,PHI,0,1,0,regular,y,y,
PHI193509221,spoha101,BSN,1,2,value,24,4,0,0,0,0,0,0,1,0,1,19350922,1,PHI09,v,PHI,0,1,0,regular,y,d,
PHI193509222,spoha101,BSN,1,2,value,6,1,0,0,0,0,0,0,0,0,0,19350922,2,PHI09,v,PHI,0,1,0,regular,y,d,
NY1193509231,spoha101,BSN,1,2,value,24,2,1,0,0,0,0,0,0,1,1,19350923,1,NYC14,v,NY1,0,1,0,regular,y,y,
NY1193509232,spoha101,BSN,1,2,value,12,2,0,0,0,0,0,0,0,0,0,19350923,2,NYC14,v,NY1,1,0,0,regular,y,y,
BRO193509241,spoha101,BSN,1,2,value,21,2,1,0,0,0,0,1,1,0,1,19350924,1,NYC15,v,BRO,0,1,0,regular,y,y,
BRO193509242,spoha101,BSN,1,2,value,15,1,1,0,0,0,0,0,0,1,0,19350924,2,NYC15,v,BRO,0,1,0,regular,y,y,
BSN193509272,spoha101,BSN,1,2,value,27,3,1,1,0,0,0,0,0,0,1,19350927,2,BOS08,h,NY1,0,1,0,regular,y,y,
BSN193509292,spoha101,BSN,1,2,value,24,4,1,0,0,0,0,0,0,0,1,19350929,2,BOS08,h,NY1,1,0,0,regular,y,d,
