gid,id,team,d_seq,d_pos,stattype,d_ifouts,d_po,d_a,d_e,d_dp,d_tp,d_pb,d_wp,d_sb,d_cs,d_gs,date,number,site,vishome,opp,win,loss,tie,gametype,box,pbp
CV6193106170,mcner102,LS4,1,8,value,24,0,0,0,0,0,,,,,1,19310617,0,CLE11,v,CV6,0,1,0,regular,y,
CV6193106170,coopa103,LS4,1,6,value,24,6,1,2,1,0,,,,,1,19310617,0,CLE11,v,CV6,0,1,0,regular,y,
CV6193106170,scotj105,LS4,1,3,value,24,7,0,0,1,0,,,,,1,19310617,0,CLE11,v,CV6,0,1,0,regular,y,
CV6193106170,johnh102,LS4,1,2,value,24,5,3,0,0,0,0,,,,1,19310617,0,CLE11,v,CV6,0,1,0,regular,y,
CV6193106170,gisew101,LS4,1,9,value,24,1,0,0,0,0,,,,,1,19310617,0,CLE11,v,CV6,0,1,0,regular,y,
CV6193106170,clara104,LS4,1,7,value,24,1,0,0,0,0,,,,,1,19310617,0,CLE11,v,CV6,0,1,0,regular,y,
CV6193106170,snowf101,LS4,1,5,value,24,1,0,0,0,0,,,,,1,19310617,0,CLE11,v,CV6,0,1,0,regular,y,
CV6193106170,catej101,LS4,1,4,value,24,3,3,0,0,0,,,,,1,19310617,0,CLE11,v,CV6,0,1,0,regular,y,
CV6193106170,popej101,LS4,1,1,value,12,0,2,0,0,0,,,,,1,19310617,0,CLE11,v,CV6,0,1,0,regular,y,
CV6193106170,bellj104,LS4,1,1,value,12,0,0,0,0,0,,,,,,19310617,0,CLE11,v,CV6,0,1,0,regular,y,
CV6193106170,cox-c102,CV6,1,9,value,27,1,0,0,0,0,,,,,1,19310617,0,CLE11,h,LS4,1,0,0,regular,y,
CV6193106170,singo101,CV6,1,7,value,27,4,0,0,0,0,,,,,1,19310617,0,CLE11,h,LS4,1,0,0,regular,y,
CV6193106170,ridlj101,CV6,1,8,value,27,1,0,0,0,0,,,,,1,19310617,0,CLE11,h,LS4,1,0,0,regular,y,
CV6193106170,walkh103,CV6,1,6,value,27,5,3,0,1,1,,,,,1,19310617,0,CLE11,h,LS4,1,0,0,regular,y,
CV6193106170,dixog101,CV6,1,2,value,27,1,1,0,0,0,0,,,,1,19310617,0,CLE11,h,LS4,1,0,0,regular,y,
CV6193106170,laurm101,CV6,1,1,value,27,2,2,0,0,0,,,,,1,19310617,0,CLE11,h,LS4,1,0,0,regular,y,
CV6193106170,wiggj102,CV6,1,5,value,27,1,2,0,0,0,,,,,1,19310617,0,CLE11,h,LS4,1,0,0,regular,y,
CV6193106170,westj102,CV6,1,3,value,27,12,0,0,1,1,,,,,1,19310617,0,CLE11,h,LS4,1,0,0,regular,y,
CV6193106170,zompc101,CV6,1,4,value,,0,3,0,0,0,,,,,1,19310617,0,CLE11,h,LS4,1,0,0,regular,y,
CV6193106170,hewij102,CV6,1,4,value,,0,3,0,1,0,,,,,,19310617,0,CLE11,h,LS4,1,0,0,regular,y,
