gid,id,team,d_seq,d_pos,stattype,d_ifouts,d_po,d_a,d_e,d_dp,d_tp,d_pb,d_wp,d_sb,d_cs,d_gs,date,number,site,vishome,opp,win,loss,tie,gametype,box,pbp,eject
BRO192809272,windb101,PIT,1,3,value,9,2,0,0,0,0,,,,,0,19280927,2,NYC15,v,BRO,0,1,0,regular,y,y,
PIT192909200,windb101,PIT,1,3,value,6,2,0,0,1,0,,,,,0,19290920,0,PIT06,h,BSN,1,0,0,regular,y,y,
SLN192909270,windb101,PIT,1,3,value,3,1,0,0,0,0,,,,,0,19290927,0,STL07,v,SLN,0,1,0,regular,y,y,
ASD193310100,windb101,ASD,1,3,value,27,7,0,0,0,0,,,,,1,19331010,0,JOP01,h,KCM,1,0,0,exhibition,y,,
