gid,id,team,p_seq,stattype,p_ipouts,p_noout,p_bfp,p_h,p_d,p_t,p_hr,p_r,p_er,p_w,p_iw,p_k,p_hbp,p_wp,p_bk,p_sh,p_sf,p_sb,p_cs,p_pb,wp,lp,save,p_gs,p_gf,p_cg,date,number,site,vishome,opp,win,loss,tie,gametype,box,pbp
CUE192705090,cockp101,HIL,1,value,21,,33,11,,0,2,9,,2,,2,0,0,0,4,,,,,,1,,1,,,19270509,0,RIC03,v,CUE,0,1,0,regular,y,
CUE192705090,kenwu101,HIL,2,value,3,,8,5,,0,1,3,,0,0,1,0,0,0,0,,,,,,,,,1,,19270509,0,RIC03,v,CUE,0,1,0,regular,y,
CUE192705090,fabri101,CUE,1,value,27,,42,13,2,1,0,7,,3,,4,0,0,0,2,,,,,1,,,1,,1,19270509,0,RIC03,h,HIL,1,0,0,regular,y,
BLG194705070,lewir101,NW2,1,value,27,0,34,5,2,0,0,1,1,2,0,8,0,0,0,0,0,0,0,0,1,,,1,,1,19470507,0,RIC03,v,BLG,1,0,0,regular,y,d
BLG194705070,perej104,BLG,1,value,8,0,12,2,1,0,0,4,4,2,0,4,0,0,0,1,0,0,0,0,,1,,1,,,19470507,0,RIC03,h,NW2,0,1,0,regular,y,d
BLG194705070,forrp101,BLG,2,value,4,2,9,5,0,0,0,2,1,0,0,3,0,0,0,0,0,0,0,0,,,,,,,19470507,0,RIC03,h,NW2,0,1,0,regular,y,d
BLG194705070,jackg103,BLG,3,value,15,0,20,1,1,0,0,2,2,3,0,1,0,0,0,0,0,0,0,0,,,,,1,,19470507,0,RIC03,h,NW2,0,1,0,regular,y,d
