gid,id,team,b_lp,b_seq,stattype,b_pa,b_ab,b_r,b_h,b_d,b_t,b_hr,b_rbi,b_sh,b_sf,b_hbp,b_w,b_iw,b_k,b_sb,b_cs,b_gdp,b_xi,b_roe,dh,ph,pr,date,number,site,vishome,opp,win,loss,tie,gametype,box,pbp,eject
CVB194404301,browj114,CVB,,1,value,,,,,,,,,,,,,,,,,,,,,,,19440430,1,IND10,h,BLG,0,1,0,exhibition,,,
CIA194405100,browj114,CVB,,,value,,,,,,,,,,,,,,,,,,,,,,,19440510,0,IND10,v,CIA,0,1,0,regular,,,
CVB194406120,browj114,CVB,,1,value,,,,,,,,,,,,,,,,,,,,,,,19440612,0,DAY03,h,KCM,1,0,0,regular,,,
CAG194407140,browj114,CVB,,,value,,,,,,,,,,,,,,,,,,,,,,,19440714,0,BEL01,v,CAG,0,1,0,regular,,,
MEM194407190,browj114,CVB,,2,value,,,,,,,,,,,,,,,,,,,,,,,19440719,0,LRK02,v,MEM,1,0,0,regular,,,
MEM194407210,browj114,CVB,,,value,,,,,,,,,,,,,,,,,,,,,,,19440721,0,MUS01,v,MEM,0,1,0,regular,,,
CIA194408010,browj114,CVB,7,3,value,0,0,0,0,0,0,0,0,0,0,0,0,0,,0,0,0,0,0,,,1,19440801,0,SPR04,v,CIA,0,1,0,regular,y,d,
CIA194408062,browj114,CVB,,2,value,,,0,,,,,0,,,,,,,,,,,,,,,19440806,2,IND10,v,CIA,0,1,0,regular,,,
CVB194408150,browj114,CVB,,2,value,,,,,,,,,,,,,,,,,,,,,,,19440815,0,DAY03,h,CAG,0,1,0,regular,,,
CAG194408310,browj114,CVB,1,3,value,0,0,1,0,0,0,0,0,0,0,0,0,0,,0,0,0,0,0,,,1,19440831,0,RAC01,v,CAG,0,1,0,regular,y,d,
CVB194409101,browj114,CVB,,,value,,,,,,,,,,,,,,,,,,,,,,,19440910,1,CLE06,h,HOM,0,1,0,exhibition,,,
HOM194409130,browj114,CVB,9,1,value,4,4,1,2,0,0,0,0,0,0,0,0,0,,0,0,0,0,0,,,,19440913,0,WAP01,v,HOM,0,0,1,exhibition,y,d,
BLG194409160,browj114,CVB,9,2,value,1,1,0,0,0,0,0,,0,,0,0,0,,0,,0,0,,,,,19440916,0,HRB01,v,BLG,0,1,0,exhibition,y,,
BLG194409172,browj114,CVB,9,2,value,2,2,0,0,0,0,0,0,0,,0,0,0,,0,,,0,,,,,19440917,2,BAL14,v,BLG,0,1,0,exhibition,y,,
NY6194504082,browj114,CVB,,,value,,,0,,,,,,,,,,,,,,,,,,,,19450408,2,NOL01,v,NY6,1,0,0,exhibition,,,
CVB194504170,browj114,CVB,9,1,value,1,1,0,0,0,0,0,0,0,0,0,0,0,,0,0,1,0,0,,,,19450417,0,SAT02,h,CAG,1,0,0,exhibition,y,d,
CAG194504230,browj114,CVB,,1,value,,,,,,,,,,,,,,,,,,,,,,,19450423,0,DAL01,v,CAG,1,0,0,exhibition,,,
CAG194504300,browj114,CVB,,,value,,,,,,,,,,,,,,,,,,,,,,,19450430,0,NOL01,v,CAG,1,0,0,exhibition,,,
BIR194505080,browj114,CVB,,,value,,,,,,,,,,,,,,,,,,,,,,,19450508,0,MTG01,v,BIR,0,1,0,regular,,,
CIA194505202,browj114,CVB,,2,value,,,,,,,,,,,,,,,,,,,,,,,19450520,2,CIN07,v,CIA,0,1,0,regular,,,
CVB194505260,browj114,CVB,,1,value,,,,,,,,,,,,,,,,,,,,,,,19450526,0,COL05,h,MEM,1,0,0,regular,,,
CVB194506270,browj114,CVB,,,value,,,,,,,,,,,,,,,,,,,,,,,19450627,0,DAY03,h,BIR,1,0,0,regular,,,
CVB194507060,browj114,CVB,,,value,,,,,,,,,,,,,,,,,,,,,,,19450706,0,DAY03,h,NY6,0,1,0,exhibition,,,
NY6194507300,browj114,CVB,9,1,value,3,3,0,0,0,0,0,0,0,0,0,0,0,,0,0,0,0,0,,,,19450730,0,NYC23,v,NY6,0,1,0,exhibition,y,d,
MEM194508250,browj114,CVB,,1,value,,,,,,,,,,,,,,,,,,,,,,,19450825,0,MEM02,v,MEM,1,0,0,regular,,,
CVB194508290,browj114,CVB,,2,value,,,,,,,,,,,,,,,,,,,,,,,19450829,0,DAY03,h,MEM,1,0,0,regular,,,
CVB194508301,browj114,CVB,,,value,,,,,,,,,,,,,,,,,,,,,,,19450830,1,CLE07,h,MEM,1,0,0,regular,,,
CVB194509140,browj114,CVB,9,1,value,4,4,0,1,0,0,0,0,0,,0,0,,,0,,,,,,,,19450914,0,DAY03,h,HOM,0,1,0,exhibition,y,,
PH5194509202,browj114,CVB,9,1,value,3,3,1,0,0,0,0,0,0,,0,0,0,,0,,,0,,,,,19450920,2,PHI11,v,PH5,1,0,0,exhibition,y,,
HOM194509232,browj114,CVB,,,value,,,,,,,,,,,,,,,,,,,,,,,19450923,2,NYC16,v,HOM,0,1,0,exhibition,,,
BIR194605090,browj114,CVB,9,2,value,1,1,0,0,0,0,0,0,0,0,0,0,0,,0,0,1,0,0,,,,19460509,0,BIR01,v,BIR,0,1,0,regular,y,d,
CVB194605280,browj114,CVB,,2,value,,,,,,,,0,,,,,,,,,,,,,,,19460528,0,DAY03,h,CAG,0,1,0,regular,,,
CVB194606022,browj114,CVB,,,value,,,,,,,,,,,,,,,,,,,,,,,19460602,2,CLE06,h,IN9,0,1,0,regular,,,
CAG194607072,browj114,CAG,,1,value,,,,,,,,,,,,,,1,,,,,,,,,19460707,2,CHI10,h,BIR,0,1,0,regular,,,
CAG194607072,browj114,CAG,,1,lower,1,1,,,,,,,,,,,,1,,,,,,,,,19460707,2,CHI10,h,BIR,0,1,0,regular,,,
IN9194607300,browj114,CAG,,2,value,,,,,,,,,,,,,,,,,,,,,,,19460730,0,IND10,v,IN9,0,1,0,regular,,,
IN9194607310,browj114,CAG,,,value,,,,,,,,,,,,,,,,,,,,,,,19460731,0,IND10,v,IN9,0,1,0,regular,,,
BIR194608041,browj114,CAG,,2,value,,,,,,,,,,,,,,,,,,,,,,,19460804,1,BIR01,v,BIR,1,0,0,regular,,,
ASE194608150,browj114,ASW,7,3,value,1,1,0,0,0,0,0,0,0,0,0,0,0,,0,0,0,0,0,,1,,19460815,0,WAS09,v,ASE,0,1,0,allstar,y,d,
CAG194608251,browj114,CAG,,2,value,,,,,,,,,,,,,,,,,,,,,,,19460825,1,CHI10,h,IN9,0,1,0,regular,,,
MEM194609170,browj114,CAG,,,value,,,,,,,,,,,,,,,,,,,,,,,19460917,0,OKC02,v,MEM,0,0,1,exhibition,,,
CAG194704200,browj114,CVB,,,value,,,,,,,,,,,,,,,,,,,,,,,19470420,0,LRK02,v,CAG,1,0,0,exhibition,,,
MEM194804112,browj114,CVB,,,value,,,,,,,,,,,,,,,,,,,,,,,19480411,2,MEM02,v,MEM,0,1,0,exhibition,,,
CVB194805091,browj114,CVB,,,value,,,,,,,,,,,,,,,,,,,,,,,19480509,1,CLE06,h,BIR,0,1,0,regular,,,
KCM194805190,browj114,CVB,9,2,value,2,1,0,0,0,0,0,0,0,0,0,1,0,,0,0,0,0,0,,,,19480519,0,WIC01,v,KCM,0,1,0,regular,y,d,
KCM194805210,browj114,CVB,9,4,value,0,0,0,0,0,0,0,0,0,0,0,0,0,,0,0,0,0,0,,,,19480521,0,KAN05,v,KCM,0,1,0,regular,y,d,
MEM194805231,browj114,CVB,,,value,,,,,,,,,,,,,,,,,,,,,,,19480523,1,MEM02,v,MEM,0,1,0,regular,,,
MEM194805240,browj114,CVB,,,value,,,,,,,,,,,,,,,,,,,,,,,19480524,0,MEM02,v,MEM,0,1,0,regular,,,
CVB194806090,browj114,CVB,,,value,,,,,,,,,,,,,,,,,,,,,,,19480609,0,COL05,h,MEM,1,0,0,regular,,,
CVB194807030,browj114,CVB,,,value,,,,,,,,,,,,,,,,,,,,,,,19480703,0,COL05,h,IN9,1,0,0,regular,,,
IN9194807300,browj114,CVB,,,value,,,,,,,,,,,,,,,,,,,,,,,19480730,0,IND10,v,IN9,0,1,0,regular,,,
BIR194808082,browj114,CVB,9,2,value,0,0,0,0,0,0,0,0,0,0,0,0,0,,0,0,0,0,0,,,,19480808,2,BIR01,v,BIR,0,1,0,regular,y,d,
BIR194808120,browj114,CVB,9,2,value,2,2,0,0,0,0,0,0,0,,0,0,0,,0,,,0,,,,,19480812,0,BIR01,v,BIR,0,1,0,regular,y,,
CVB194808200,browj114,CVB,,,value,,,,,,,,,,,,,,,,,,,,,,,19480820,0,DAY03,h,HOM,0,1,0,exhibition,,,
CVB194809060,browj114,CVB,,,value,,,,,,,,,,,,,,,,,,,,,,,19480906,0,BUF06,h,CAG,0,1,0,regular,,,
BIR194905020,browj114,HOE,9,1,value,4,4,0,1,0,0,0,0,0,0,0,0,0,0,0,0,0,0,0,,,,19490502,0,ATL04,v,BIR,1,0,0,regular,y,d,
LCB194905050,browj114,LCB,,,value,,,0,,0,0,0,0,,,,,,,,,,,,,,,19490505,0,CHA01,h,PH5,0,1,0,regular,,,
MEM194905080,browj114,HOE,,,value,,,,,,,,,,,,,,,,,,,,,,,19490508,0,MEM02,v,MEM,1,0,0,regular,,,
HOE194905152,browj114,HOE,,2,value,,,0,,,,0,0,,,,,,,,,,,,,,,19490515,2,HOU04,h,KCM,1,0,0,regular,,,
HOE194905182,browj114,HOE,,,value,,,,,,,,,,,,,,,,,,,,,,,19490518,2,SAT01,h,KCM,1,0,0,regular,,,
