gid,id,team,b_lp,b_seq,stattype,b_pa,b_ab,b_r,b_h,b_d,b_t,b_hr,b_rbi,b_sh,b_sf,b_hbp,b_w,b_iw,b_k,b_sb,b_cs,b_gdp,b_xi,b_roe,dh,ph,pr,date,number,site,vishome,opp,win,loss,tie,gametype,box,pbp,eject
NW2193606220,stewl102,NW2,,,value,,,,,,,,,,,,,,,,,,,,,,,19360622,0,NBG01,h,PTC,1,0,0,regular,,,
PH5193606300,stewl102,NW2,,,value,,,,,,,,,,,,,,,,,,,,,,,19360630,0,CAM03,v,PH5,0,1,0,regular,,,
NW2193607052,stewl102,NW2,9,1,value,0,0,0,0,0,0,0,0,0,0,0,0,0,0,0,0,0,0,0,,,,19360705,2,NWK04,h,PH5,1,0,0,regular,y,d,
NW2193607121,stewl102,NW2,9,3,value,0,0,0,0,0,0,0,0,0,0,0,0,0,,0,0,0,0,0,,,,19360712,1,NWK04,h,NY5,0,1,0,regular,y,y,
HOM193607250,stewl102,NW2,9,2,value,0,0,0,0,0,0,0,,0,0,0,0,,0,0,,,,0,,,,19360725,0,ERI01,v,HOM,0,1,0,regular,y,,
HOM193607262,stewl102,NW2,9,1,value,1,1,0,1,0,0,0,,0,,0,0,,,0,,,,,,,,19360726,2,CAN03,v,HOM,0,1,0,regular,y,,
NW2194006290,stewl102,NW2,9,2,value,2,2,0,0,0,0,0,,0,,0,0,0,,0,,,0,,,,,19400629,0,NWK04,h,NY6,0,1,0,regular,y,,
