gid,id,team,b_lp,b_seq,stattype,b_pa,b_ab,b_r,b_h,b_d,b_t,b_hr,b_rbi,b_sh,b_sf,b_hbp,b_w,b_iw,b_k,b_sb,b_cs,b_gdp,b_xi,b_roe,dh,ph,pr,date,number,site,vishome,opp,win,loss,tie,gametype,box,pbp,eject
CUS193705311,torra102,CUS,9,1,value,2,1,0,0,0,0,0,,0,,0,1,,,0,,,,,,,,19370531,1,NYC28,h,BRG,0,1,0,exhibition,y,,
NW2193905281,torra102,NY6,9,3,value,0,0,0,0,0,0,0,0,0,0,0,0,0,,0,0,0,0,0,,,,19390528,1,NWK04,v,NW2,0,1,0,regular,y,d,
HOM193905302,torra102,NY6,,,value,,,,,,,,,,,,,,,,,,,,,,,19390530,2,PIT06,v,HOM,0,1,0,regular,,,
HOM193905310,torra102,NY6,,,value,,,,,,,,,,,,,,,,,,,,,,,19390531,0,DAY03,v,HOM,0,1,0,regular,,,
PH5193906031,torra102,NY6,9,2,value,2,2,0,0,,,,,,,,,,,,,,,,,,,19390603,1,PHI17,v,PH5,0,1,0,regular,y,,
CAG193906210,torra102,NY6,9,1,value,5,5,0,2,1,0,0,3,0,,0,0,0,,0,,,0,,,,,19390621,0,SPR03,v,CAG,1,0,0,exhibition,y,,
BLG193907162,torra102,NY6,9,4,value,1,0,1,0,0,0,0,0,0,0,0,1,0,,0,0,0,0,0,,,,19390716,2,BAL10,v,BLG,0,1,0,regular,y,d,
PH5193908051,torra102,NY6,9,2,value,0,0,0,0,0,0,0,0,0,0,0,0,0,0,0,0,0,0,0,,,,19390805,1,PHI17,v,PH5,1,0,0,regular,y,d,
PH5193908052,torra102,NY6,9,1,value,3,2,0,1,0,0,0,0,1,0,0,0,0,0,0,0,0,0,0,,,,19390805,2,PHI17,v,PH5,0,1,0,regular,y,d,
NW2193908201,torra102,NY6,9,1,value,2,2,0,0,0,0,0,0,0,0,0,0,0,,0,0,0,0,0,,,,19390820,1,NWK04,v,NW2,0,1,0,regular,y,d,
BLG193908272,torra102,NY6,9,1,value,3,2,0,1,0,0,0,1,0,0,0,1,0,,0,0,0,0,0,,,,19390827,2,BAL10,v,BLG,0,1,0,exhibition,y,d,
