gid,visteam,hometeam,site,date,number,starttime,daynight,innings,tiebreaker,usedh,htbf,timeofgame,attendance,fieldcond,precip,sky,temp,winddir,windspeed,oscorer,forfeit,suspend,umphome,ump1b,ump2b,ump3b,umplf,umprf,wp,lp,save,gametype,vruns,hruns,wteam,lteam,line,batteries,lineups,box,pbp,season
CAG192105070,KCM,CAG,CHI09,19210507,0,0:00PM,,,,FALSE,,-1,0,unknown,unknown,unknown,0,unknown,-1,,,,,,,,,,browd104,currr101,,regular,0,2,CAG,KCM,y,both,y,y,,1921
CAG192105080,KCM,CAG,CHI09,19210508,0,0:00PM,,,,FALSE,,-1,0,unknown,unknown,unknown,0,unknown,-1,,,,goece901,eckmu901,,,,,rogab101,johnt105,,regular,3,1,KCM,CAG,y,both,y,y,,1921
CAG192105090,KCM,CAG,CHI09,19210509,0,0:00PM,,,,FALSE,,-1,0,unknown,unknown,unknown,0,unknown,-1,,,,cusau901,eckmu901,,,,,willt104,craws102,,regular,5,7,CAG,KCM,y,both,y,y,,1921
KCM192106120,CNN,KCM,KAN02,19210612,0,0:00PM,day,,,false,,-1,9000,unknown,unknown,unknown,0,unknown,-1,,,,boylu901,mcdou901,,,,,rogab101,leblj101,,regular,3,6,KCM,CNN,y,both,y,y,,1921
KCM192107250,DT1,KCM,KAN02,19210725,0,,day,,,,,155,,,,,,,,,,,boylu901,mcdou901,,,,,currr101,hollb106,,regular,7,8,KCM,DT1,y,both,y,y,,1921
