gid,id,team,p_seq,stattype,p_ipouts,p_noout,p_bfp,p_h,p_d,p_t,p_hr,p_r,p_er,p_w,p_iw,p_k,p_hbp,p_wp,p_bk,p_sh,p_sf,p_sb,p_cs,p_pb,wp,lp,save,p_gs,p_gf,p_cg,date,number,site,vishome,opp,win,loss,tie,gametype,box,pbp
CAG192105070,currr101,KCM,1,value,24,,27,4,,,0,2,,0,,7,0,0,0,2,,,,,,1,,1,,1,19210507,0,CHI09,v,CAG,0,1,0,regular,y,
CAG192105070,browd104,CAG,1,value,27,,33,1,,,0,0,,3,,9,0,0,0,0,,,,,1,,,1,,1,19210507,0,CHI09,h,KCM,1,0,0,regular,y,
CAG192105080,rogab101,KCM,1,value,27,,31,5,,,0,1,,3,,6,0,0,0,1,,,,,1,,,1,,1,19210508,0,CHI09,v,CAG,1,0,0,regular,y,
CAG192105080,johnt105,CAG,1,value,18,,27,2,,,0,3,,5,,1,0,0,0,2,,,,,,1,,1,,,19210508,0,CHI09,h,KCM,0,1,0,regular,y,
CAG192105080,willt104,CAG,2,value,9,,10,0,,,0,0,,0,,1,0,0,0,1,,,,,,,,,1,,19210508,0,CHI09,h,KCM,0,1,0,regular,y,
CAG192105090,craws102,KCM,1,value,9,,17,6,,,0,6,,2,,1,0,0,0,0,,,,,,1,,1,,,19210509,0,CHI09,v,CAG,0,1,0,regular,y,
CAG192105090,forez101,KCM,2,value,15,,18,2,,,0,1,,2,,3,0,0,0,0,,,,,,,,,1,,19210509,0,CHI09,v,CAG,0,1,0,regular,y,
CAG192105090,staro101,CAG,1,value,5,,11,3,,,0,1,,2,,1,0,0,0,1,,,,,,,,1,,,19210509,0,CHI09,h,KCM,1,0,0,regular,y,
CAG192105090,johnt105,CAG,2,value,2,,5,3,,,0,4,,0,,1,0,0,0,0,,,,,,,,,,,19210509,0,CHI09,h,KCM,1,0,0,regular,y,
CAG192105090,willt104,CAG,3,value,20,,22,1,,,0,0,,0,,3,0,0,0,2,,,,,1,,,,1,,19210509,0,CHI09,h,KCM,1,0,0,regular,y,
KCM192106120,leblj101,CNN,1,value,24,,34,12,,,0,6,,0,,1,0,0,0,4,,,,,,1,,1,,1,19210612,0,KAN02,v,KCM,0,1,0,regular,y,
KCM192106120,rogab101,KCM,1,value,27,,36,6,,,0,3,,5,,6,0,1,0,0,,,,,1,,,1,,1,19210612,0,KAN02,h,CNN,1,0,0,regular,y,
KCM192107250,gateb101,DT1,1,value,24,,35,12,,0,0,5,,1,,5,0,0,0,,,,,,,,,1,,,19210725,0,KAN02,v,KCM,0,1,0,regular,y,
KCM192107250,hollb106,DT1,2,value,0,4,4,3,,0,1,3,,0,0,1,0,0,0,,,,,,,1,,,1,,19210725,0,KAN02,v,KCM,0,1,0,regular,y,
KCM192107250,bellc102,KCM,1,value,21,,26,4,,,0,3,,0,0,2,0,0,0,0,,0,,,,,,1,,,19210725,0,KAN02,h,DT1,1,0,0,regular,y,
KCM192107250,currr101,KCM,2,value,6,,11,4,,,0,4,,0,0,0,0,0,0,0,,0,,,1,,,,1,,19210725,0,KAN02,h,DT1,1,0,0,regular,y,
