gid,id,team,d_seq,d_pos,stattype,d_ifouts,d_po,d_a,d_e,d_dp,d_tp,d_pb,d_wp,d_sb,d_cs,d_gs,date,number,site,vishome,opp,win,loss,tie,gametype,box,pbp,eject
BIR193704252,blacc103,CAG,1,1,value,9,,,0,,,,,,,1,19370425,2,BIR01,v,BIR,0,1,0,exhibition,,,
KCM193705130,blacc103,CAG,1,1,value,18,0,1,0,0,0,,,,,0,19370513,0,SPR05,v,KCM,0,1,0,exhibition,y,d,
KCM193705162,blacc103,CAG,1,1,value,9,0,0,0,0,0,,,,,1,19370516,2,KAN05,v,KCM,0,1,0,regular,y,d,
CAG193705220,blacc103,CAG,1,1,value,27,0,3,0,0,0,,,,,1,19370522,0,CHI09,h,BIR,1,0,0,regular,y,d,
CAG193705311,blacc103,CAG,1,1,value,,,,,,,,,,,,19370531,1,CHI09,h,MEM,1,0,0,regular,,,
CAG193705312,blacc103,CAG,1,1,value,,,,,,,,,,,1,19370531,2,CHI09,h,MEM,1,0,0,regular,,,
CI1193706120,blacc103,CAG,2,1,value,,0,1,0,0,,,,,,,19370612,0,CIN07,v,CI1,0,1,0,regular,y,,
CI1193706140,blacc103,CAG,1,1,value,24,,,,,,,,,,1,19370614,0,SPR04,v,CI1,0,1,0,regular,,,
CAG193706190,blacc103,CAG,1,1,value,,,,,,,,,,,,19370619,0,CHI09,h,CI1,1,0,0,regular,,,
CAG193706202,blacc103,CAG,1,1,value,5,0,0,0,0,0,,,,,0,19370620,2,CHI09,h,CI1,0,0,1,regular,y,d,
CAG193707052,blacc103,CAG,1,1,value,27,0,0,0,0,0,,,,,1,19370705,2,CHI09,h,KCM,0,1,0,regular,y,d,
CAG193707112,blacc103,CAG,1,1,value,27,,,0,,,,,0,,1,19370711,2,CHI09,h,IN6,1,0,0,regular,y,,
BIR193707182,blacc103,CAG,1,1,value,18,0,1,0,0,0,,,,,1,19370718,2,BIR01,v,BIR,1,0,0,regular,y,d,
ATN193707210,blacc103,CAG,1,1,value,4,0,0,0,0,0,,,,,0,19370721,0,ATL04,v,ATN,0,1,0,regular,y,d,
KCM193707252,blacc103,CAG,1,1,value,10,1,2,0,0,0,,,,,0,19370725,2,KAN05,v,KCM,0,1,0,regular,y,d,
SAS193708230,blacc103,NAS,,1,value,,,,,,,,,,,,19370823,0,MEM02,v,SAS,0,1,0,allstar,,,
CAG193709062,blacc103,CAG,1,1,value,13,0,1,1,0,0,,,,,1,19370906,2,CHI09,h,ATN,0,1,0,exhibition,y,d,
BIR193805012,blacc103,BIR,2,1,value,,0,,0,0,0,,,0,,,19380501,2,BIR01,h,CAG,0,1,0,exhibition,y,,
JAX193805080,blacc103,BIR,1,1,value,,,,1,0,0,,,0,,,19380508,0,JKV01,v,JAX,0,1,0,exhibition,y,,
ATN193805120,blacc103,BIR,1,1,value,24,0,3,1,0,0,,,,,1,19380512,0,ATL04,v,ATN,0,1,0,regular,y,y,
ATN193805170,blacc103,BIR,1,1,value,19,0,1,0,0,0,,,,,1,19380517,0,ATL04,v,ATN,0,1,0,regular,y,d,
BIR193805221,blacc103,BIR,1,1,value,11,0,1,0,0,0,,,,,1,19380522,1,BIR01,h,ATN,0,1,0,regular,y,d,
BIR193805260,blacc103,BIR,1,1,value,11,0,1,0,0,0,,,,,0,19380526,0,BIR01,h,ATN,0,1,0,regular,y,d,
IN7193805291,blacc103,BIR,1,1,value,23,0,1,1,0,0,,,,,0,19380529,1,MOU01,v,IN7,0,1,0,regular,y,d,
MEM193806051,blacc103,BIR,1,1,value,15,,,,,,,,0,,1,19380605,1,MEM02,v,MEM,0,1,0,regular,y,,
MEM193806080,blacc103,BIR,1,1,value,24,,,,,,,,,,1,19380608,0,CLA01,v,MEM,0,1,0,regular,,,
KCM193806121,blacc103,BIR,1,1,value,24,0,2,0,0,0,,,,,1,19380612,1,KAN05,v,KCM,0,1,0,regular,y,d,
BIR193806200,blacc103,BIR,,1,value,,,,,,,,,,,1,19380620,0,BIR01,h,MEM,1,0,0,regular,,,
BIR193806261,blacc103,BIR,1,1,value,,,,,,,,,,,,19380626,1,BIR01,h,JAX,1,0,0,regular,,,
CAG193807032,blacc103,BIR,1,1,value,,,,,,,,,,,1,19380703,2,CHI09,v,CAG,0,1,0,regular,,,
KCM193807080,blacc103,BIR,1,1,value,24,0,1,0,0,0,,,,,1,19380708,0,MAN01,v,KCM,0,1,0,regular,y,d,
IN7193807242,blacc103,BIR,1,1,value,18,,,0,,,,,,,1,19380724,2,IND10,v,IN7,1,0,0,regular,,,
BIR193808072,blacc103,BIR,1,1,value,6,0,0,0,0,0,,,,,0,19380807,2,BIR01,h,BLG,0,1,0,exhibition,y,d,
MEM193808140,blacc103,BIR,1,1,value,24,0,2,0,0,0,,,,,1,19380814,0,MEM02,v,MEM,1,0,0,regular,y,d,
MEM193808160,blacc103,BIR,1,1,value,21,0,2,0,1,0,,,,,0,19380816,0,MEM02,v,MEM,0,1,0,regular,y,d,
BIR193808200,blacc103,BIR,1,1,value,27,0,,,0,0,,,,,1,19380820,0,LEE01,h,CAG,1,0,0,exhibition,y,,
BIR193809042,blacc103,BIR,1,1,value,21,,,,,,,,,,1,19380904,2,BIR01,h,KCM,0,1,0,regular,,,
SSA193905300,blacc103,ATN,1,1,value,9,,,0,0,0,,,,,1,19390530,0,STL13,v,SSA,0,1,0,regular,y,,
CV9193907092,blacc103,MEM,1,1,value,18,0,2,0,0,0,,,,,1,19390709,2,CLE06,v,CV9,0,1,0,regular,y,d,
SSA193907260,blacc103,MEM,1,1,value,15,0,1,0,0,0,,,,,1,19390726,0,STL13,v,SSA,1,0,0,regular,y,d,
NY5193908062,blacc103,SSA,1,1,value,18,,,0,,0,0,,,,1,19390806,2,NOL01,v,NY5,0,1,0,exhibition,,,
MEM193908180,blacc103,MEM,1,1,value,27,,,1,,0,0,,,,1,19390818,0,OKC01,h,KCM,0,1,0,regular,,,
CAG193909042,blacc103,MEM,1,1,value,,,,0,,0,0,,,,,19390904,2,CHI09,v,CAG,0,1,0,regular,,,
MEM193909130,blacc103,MEM,1,1,value,7,0,,0,0,0,,,,,1,19390913,0,MAC01,h,KCM,0,1,0,exhibition,y,,
NW2194106190,blacc103,NY6,1,1,value,9,,,0,0,0,,,,,1,19410619,0,NWK04,v,NW2,0,1,0,regular,y,,
MEM194107041,blacc103,SNO,1,1,value,9,,,0,,0,0,,,,1,19410704,1,MEM02,v,MEM,0,1,0,regular,,,
KCM194108070,blacc103,SNO,1,1,value,12,0,0,0,0,0,,,,,1,19410807,0,DCT02,v,KCM,0,1,0,regular,y,,
