gid,id,team,b_lp,b_seq,stattype,b_pa,b_ab,b_r,b_h,b_d,b_t,b_hr,b_rbi,b_sh,b_sf,b_hbp,b_w,b_iw,b_k,b_sb,b_cs,b_gdp,b_xi,b_roe,dh,ph,pr,date,number,site,vishome,opp,win,loss,tie,gametype,box,pbp,eject
KCM193310020,bevec101,KCM,9,1,value,4,3,0,0,0,0,0,,0,,0,1,,1,0,,,,,,,,19331002,0,KAN05,h,ASD,1,0,0,exhibition,y,,
ASD193310060,bevec101,KCM,9,1,value,4,4,0,0,0,0,0,,0,,0,0,,,0,,,,,,,,19331006,0,OMA02,v,ASD,1,0,0,exhibition,y,,
ASD193310110,bevec101,KCM,9,1,value,3,3,1,0,0,0,0,0,0,,0,0,,,0,,,,,,,,19331011,0,OKC01,v,ASD,1,0,0,exhibition,y,,
KCM193310150,bevec101,KCM,9,1,value,3,3,0,2,0,0,0,,0,,0,0,,0,0,,,,,,,,19331015,0,KAN05,h,ASD,1,0,0,exhibition,y,,
KCM193504230,bevec101,KCM,,1,value,,,,,,,,,,,,,,,,,,,,,,,19350423,0,OKC02,h,CAG,0,1,0,exhibition,,,
KCM193504270,bevec101,KCM,9,1,value,0,0,0,0,0,0,0,0,0,0,0,0,0,,0,0,0,0,0,,,,19350427,0,EMP01,h,CAG,1,0,0,exhibition,y,d,
KCM193506081,bevec101,KCM,,1,value,,,,,,,,,,,,,,,,,,,,,,,19350608,1,WIN01,h,BIS,0,1,0,exhibition,,,
KCM193506082,bevec101,KCM,1,1,value,,,,,,,,,,,,,,,,,,,,,,,19350608,2,WIN01,h,BIS,1,0,0,exhibition,,,
KCM193506100,bevec101,KCM,9,1,value,5,5,2,2,0,0,0,,0,,,0,,,,,,,,,,,19350610,0,GFK01,h,BIS,1,0,0,exhibition,y,,
BIS193506161,bevec101,KCM,9,1,value,3,3,0,0,0,0,0,0,0,0,0,0,0,,0,0,0,0,0,,,,19350616,1,BIS01,v,BIS,1,0,0,exhibition,y,d,
KCM193509020,bevec101,KCM,9,1,value,1,0,0,0,0,0,0,0,0,,0,1,,,0,,0,,,,,,19350902,0,KAN05,h,CAG,0,1,0,exhibition,y,,
KCM193510130,bevec101,KCM,9,2,value,3,3,0,0,0,0,0,0,0,0,0,0,0,,0,0,0,0,0,,,,19351013,0,KAN05,h,MLS,1,0,0,exhibition,y,d,
HOM193604200,bevec101,NW2,9,1,value,2,2,0,0,0,0,0,0,0,0,0,0,0,0,0,0,0,0,0,,,,19360420,0,ATL04,v,HOM,1,0,0,exhibition,y,d,
NW2193604220,bevec101,NW2,,,value,,,,,,,,,,,,,,,,,,,,,,,19360422,0,ATH01,h,HOM,1,0,0,exhibition,,,
NW2193605090,bevec101,NW2,9,2,value,1,1,0,0,0,0,0,0,0,0,0,0,0,0,0,0,0,0,0,,,,19360509,0,NWK04,h,WEG,0,1,0,regular,y,d,
NW2193605241,bevec101,NW2,9,1,value,3,3,0,0,0,0,0,,0,,,0,,1,0,,,,,,,,19360524,1,NWK04,h,HOM,0,1,0,regular,y,,
NY6193606060,bevec101,NW2,9,3,value,2,2,0,1,0,0,0,0,0,0,0,0,0,,0,0,0,0,0,,,,19360606,0,PAT01,v,NY6,0,1,0,regular,y,d,
NW2193606080,bevec101,NW2,,2,value,,,,,,,,,,,,,,,,,,,,,,,19360608,0,NBG01,h,NY6,0,1,0,exhibition,,,
NW2193606090,bevec101,NW2,9,1,value,5,4,3,3,0,0,1,,0,,0,1,,,,,,,,,,,19360609,0,CAM04,h,BRG,1,0,0,exhibition,y,,
NW2193606090,bevec101,NW2,9,1,lower,5,4,3,3,0,0,1,1,0,,0,1,,,,,,,,,,,19360609,0,CAM04,h,BRG,1,0,0,exhibition,y,,
PH5193607182,bevec101,PH5,9,1,value,2,2,0,0,0,0,0,0,0,0,0,0,0,0,0,0,0,0,0,,,,19360718,2,PHI17,h,HOM,1,0,0,regular,y,d,
PH5193607252,bevec101,PH5,9,1,value,3,3,0,0,0,0,0,0,0,0,0,0,0,0,0,0,0,0,0,,,,19360725,2,PHI17,h,PTC,0,1,0,regular,y,d,
NY6193607262,bevec101,PH5,9,4,value,0,0,0,0,0,0,0,,0,,0,0,,,0,,,,,,,,19360726,2,NYC25,v,NY6,0,1,0,regular,y,,
NW2193608092,bevec101,PH5,9,1,value,2,2,0,0,0,0,0,0,0,0,0,0,0,0,0,0,0,0,0,,,,19360809,2,NWK04,v,NW2,0,1,0,regular,y,d,
HOM193608180,bevec101,PH5,9,2,value,1,1,0,0,0,0,0,0,0,0,0,0,0,,0,0,0,0,0,,,,19360818,0,CAN03,v,HOM,0,1,0,regular,y,d,
HOM193608200,bevec101,PH5,3,1,value,,,0,,,,0,0,,,,,,,,,,,,,,,19360820,0,DAY03,v,HOM,0,1,0,regular,,,
PH5193608250,bevec101,PH5,9,1,value,4,4,2,1,0,0,0,,0,,0,0,0,,,,,,,,,,19360825,0,PHI17,h,CUS,1,0,0,regular,y,,
