gid,id,team,b_lp,b_seq,stattype,b_pa,b_ab,b_r,b_h,b_d,b_t,b_hr,b_rbi,b_sh,b_sf,b_hbp,b_w,b_iw,b_k,b_sb,b_cs,b_gdp,b_xi,b_roe,dh,ph,pr,date,number,site,vishome,opp,win,loss,tie,gametype,box,pbp,eject
PRK194211220,dassf101,PRK,9,2,value,1,1,0,0,0,0,0,0,0,,0,0,,,0,,,,,,,,19421122,0,SAN03,h,PRG,0,1,0,exhibition,y,,
SLN194504221,dassf101,CIN,9,2,value,1,1,0,1,0,0,0,0,0,0,0,0,0,0,0,0,0,0,0,,,,19450422,1,STL07,v,SLN,0,1,0,regular,y,y,
SLN194504222,dassf101,CIN,9,2,value,0,0,0,0,0,0,0,0,0,0,0,0,0,0,0,0,0,0,0,,,,19450422,2,STL07,v,SLN,1,0,0,regular,y,y,
CIN194504291,dassf101,CIN,9,1,value,3,2,0,0,0,0,0,0,1,0,0,0,0,0,0,0,0,0,0,,,,19450429,1,CIN07,h,SLN,0,1,0,regular,y,y,
NY1194505110,dassf101,CIN,9,1,value,3,3,0,0,0,0,0,0,0,0,0,0,0,1,0,0,0,0,0,,,,19450511,0,NYC14,v,NY1,0,1,0,regular,y,y,
PHI194505150,dassf101,CIN,9,1,value,4,4,0,0,0,0,0,0,0,0,0,0,0,2,0,0,0,0,0,,,,19450515,0,PHI11,v,PHI,1,0,0,regular,y,y,
BSN194505202,dassf101,CIN,9,2,value,1,1,0,0,0,0,0,0,0,0,0,0,0,0,0,0,0,0,0,,,,19450520,2,BOS08,v,BSN,0,1,0,regular,y,y,
CIN194505240,dassf101,CIN,9,1,value,0,0,0,0,0,0,0,0,0,0,0,0,0,0,0,0,0,0,0,,,,19450524,0,CIN07,h,NY1,0,1,0,regular,y,y,
CIN194505280,dassf101,CIN,9,1,value,2,1,0,0,0,0,0,0,1,0,0,0,0,1,0,0,0,0,0,,,,19450528,0,CIN07,h,BSN,1,0,0,regular,y,y,
CIN194506032,dassf101,CIN,9,1,value,4,3,0,1,0,0,0,0,0,0,0,1,0,2,0,0,0,0,0,,,,19450603,2,CIN07,h,BRO,1,0,0,regular,y,y,
CHN194506102,dassf101,CIN,9,1,value,3,3,0,0,0,0,0,0,0,0,0,0,0,2,0,0,0,0,0,,,,19450610,2,CHI11,v,CHN,0,1,0,regular,y,y,
CIN194506241,dassf101,CIN,9,2,value,3,3,0,0,0,0,0,0,0,0,0,0,0,1,0,0,0,0,0,,,,19450624,1,CIN07,h,PIT,0,1,0,regular,y,y,
BSN194506280,dassf101,CIN,9,1,value,4,3,1,0,0,0,0,0,0,0,0,1,0,0,0,0,0,0,1,,,,19450628,0,BOS08,v,BSN,0,1,0,regular,y,y,
BRO194507030,dassf101,CIN,9,1,value,4,3,0,0,0,0,0,1,1,0,0,0,0,0,0,0,0,0,1,,,,19450703,0,NYC15,v,BRO,1,0,0,regular,y,y,
NY1194507072,dassf101,CIN,9,1,value,1,1,1,1,0,0,0,1,0,0,0,0,0,0,0,0,0,0,0,,,,19450707,2,NYC14,v,NY1,0,1,0,regular,y,y,
CIN194507122,dassf101,CIN,9,1,value,1,0,0,0,0,0,0,0,1,0,0,0,0,0,0,0,0,0,0,,,,19450712,2,CIN07,h,BRO,0,1,0,regular,y,y,
CIN194507192,dassf101,CIN,9,1,value,3,3,0,2,0,0,0,0,0,0,0,0,0,1,0,0,0,0,0,,,,19450719,2,CIN07,h,BSN,0,1,0,regular,y,y,
CHN194605301,dassf101,CIN,9,6,value,0,0,0,0,0,0,0,0,0,0,0,0,0,0,0,0,0,0,0,,,,19460530,1,CHI11,v,CHN,0,1,0,regular,y,y,
CIN194606060,dassf101,CIN,9,6,value,0,0,0,0,0,0,0,0,0,0,0,0,0,0,0,0,0,0,0,,,,19460606,0,CIN07,h,PHI,0,1,0,regular,y,y,
