gid,team,inn1,inn2,inn3,inn4,inn5,inn6,inn7,inn8,inn9,inn10,inn11,inn12,inn13,inn14,inn15,inn16,inn17,inn18,inn19,inn20,inn21,inn22,inn23,inn24,inn25,inn26,inn27,inn28,lob,mgr,stattype,b_pa,b_ab,b_r,b_h,b_d,b_t,b_hr,b_rbi,b_sh,b_sf,b_hbp,b_w,b_iw,b_k,b_sb,b_cs,b_gdp,b_xi,b_roe,p_ipouts,p_noout,p_bfp,p_h,p_d,p_t,p_hr,p_r,p_er,p_w,p_iw,p_k,p_hbp,p_wp,p_bk,p_sh,p_sf,p_sb,p_cs,p_pb,d_po,d_a,d_e,d_dp,d_tp,d_pb,d_wp,d_sb,d_cs,start_l1,start_l2,start_l3,start_l4,start_l5,start_l6,start_l7,start_l8,start_l9,start_f1,start_f2,start_f3,start_f4,start_f5,start_f6,start_f7,start_f8,start_f9,start_f10,date,number,site,vishome,opp,win,loss,tie,gametype,box,pbp
PRG194210111,PIR,4,0,0,0,0,2,0,0,0,,,,,,,,,,,,,,,,,,,,7,pirrj101,value,40,37,6,10,1,0,0,6,0,,0,3,,,0,,,,,27,,32,7,0,1,1,1,1,0,,,0,0,0,0,,0,,0,27,13,1,1,0,0,0,0,,lowrp101,welll101,dahlb101,hermb102,fernn101,bartl102,hughr101,dappc101,frenl101,frenl101,dappc101,dahlb101,hughr101,fernn101,welll101,bartl102,lowrp101,hermb102,,19421011,1,LOS02,v,PRG,1,0,0,exhibition,y,
PRG194210111,PRG,1,0,0,0,0,0,0,0,0,,,,,,,,,,,,,,,,,,,,4,brewc102,value,32,32,1,7,0,1,1,1,0,,0,0,,,0,,,,,27,,40,10,1,0,0,6,0,3,,,0,0,0,0,,0,,0,27,8,2,0,0,0,0,0,,wadev101,davip102,washk101,diall101,brews101,harrc104,moren101,mackb102,stevw101,moren101,mackb102,harrc104,washk101,brews101,davip102,diall101,wadev101,stevw101,,19421011,1,LOS02,h,PIR,0,1,0,exhibition,y,
PRG194210112,PIR,0,0,0,1,3,,,,,,,,,,,,,,,,,,,,,,,,3,pirrj101,value,22,20,4,6,1,0,1,4,1,,0,1,,,2,,,,,15,,21,4,0,0,0,1,0,2,,,0,0,0,0,,1,,0,15,5,2,0,0,0,0,1,,lowrp101,welll101,dahlb101,hermb102,fernn101,bellf102,hughr101,partr101,florj101,florj101,partr101,dahlb101,hughr101,fernn101,welll101,bellf102,lowrp101,hermb102,,19421011,2,LOS02,v,PRG,1,0,0,exhibition,y,
PRG194210112,PRG,0,1,0,0,0,,,,,,,,,,,,,,,,,,,,,,,,5,brewc102,value,21,19,1,4,0,0,0,1,0,,0,2,,,1,,,,,15,,22,6,1,0,1,4,0,1,,,0,0,0,1,,2,,0,15,6,1,0,0,0,0,2,,wadev101,davip102,washk101,mackb102,brews101,harrc104,collu101,diall101,brewc102,brewc102,mackb102,harrc104,washk101,brews101,davip102,diall101,wadev101,collu101,,19421011,2,LOS02,h,PIR,0,1,0,exhibition,y,
PRG194210181,PIR,0,1,3,0,0,0,0,0,0,,,,,,,,,,,,,,,,,,,,11,pirrj101,value,42,38,4,10,1,2,0,3,0,,0,4,,8,1,,,,,27,,36,9,2,1,0,1,1,2,,2,0,0,0,0,,1,,0,27,12,0,2,0,0,0,1,,lowrp101,pridj101,novil101,fernn101,dahlb101,stril101,hughr101,partr101,frenl101,frenl101,partr101,dahlb101,hughr101,pridj101,stril101,novil101,lowrp101,fernn101,,19421018,1,LOS02,v,PRG,1,0,0,exhibition,y,
PRG194210181,PRG,0,0,0,0,0,1,0,0,0,,,,,,,,,,,,,,,,,,,,8,brewc102,value,36,34,1,9,2,1,0,1,0,,0,2,,2,1,,,,,27,,42,10,1,2,0,4,3,4,,8,0,0,0,0,,1,,0,27,12,1,0,0,0,0,1,,davip102,willc106,washk101,easth104,mackb102,harrc104,brews101,diall101,moren101,moren101,mackb102,harrc104,willc106,davip102,easth104,washk101,diall101,brews101,,19421018,1,LOS02,h,PIR,0,1,0,exhibition,y,
PRG194210182,PIR,0,1,0,0,2,5,,,,,,,,,,,,,,,,,,,,,,,7,pirrj101,value,33,29,8,12,1,0,0,6,0,,0,4,,1,0,,,,,18,,24,6,1,0,0,2,2,1,,2,0,0,0,0,,0,,1,18,10,1,1,0,1,0,0,,bellf102,pridj101,novil101,hermb102,bartl102,stril101,welll101,millf107,florj101,florj101,millf107,bartl102,stril101,pridj101,welll101,novil101,bellf102,hermb102,,19421018,2,LOS02,v,PRG,1,0,0,exhibition,y,
PRG194210182,PRG,1,1,0,0,0,0,,,,,,,,,,,,,,,,,,,,,,,4,brewc102,value,24,23,2,6,1,0,0,2,0,,0,1,,2,0,,,,,18,,33,12,1,0,0,8,8,4,,1,0,0,0,0,,0,,0,18,9,1,0,0,0,0,0,,diall101,willc106,washk101,easth104,mackb102,harrc104,moren101,brews101,brewc102,brewc102,mackb102,harrc104,willc106,brews101,easth104,washk101,diall101,moren101,,19421018,2,LOS02,h,PIR,0,1,0,exhibition,y,
