gid,id,team,d_seq,d_pos,stattype,d_ifouts,d_po,d_a,d_e,d_dp,d_tp,d_pb,d_wp,d_sb,d_cs,d_gs,date,number,site,vishome,opp,win,loss,tie,gametype,box,pbp
ASW194208160,wilsd103,ASE,1,7,value,27,0,0,0,0,0,,,,,1,19420816,0,CHI10,v,ASW,1,0,0,allstar,y,y
ASW194208160,banks101,ASE,1,4,value,21,0,4,0,0,0,,,,,1,19420816,0,CHI10,v,ASW,1,0,0,allstar,y,y
ASW194208160,banks101,ASE,2,8,value,6,0,0,0,0,0,,,,,0,19420816,0,CHI10,v,ASW,1,0,0,allstar,y,y
ASW194208160,wellw101,ASE,1,6,value,27,1,5,0,0,0,,,,,1,19420816,0,CHI10,v,ASW,1,0,0,allstar,y,y
ASW194208160,gibsj101,ASE,1,2,value,27,10,0,0,0,0,0,0,0,0,1,19420816,0,CHI10,v,ASW,1,0,0,allstar,y,y
ASW194208160,wrigb104,ASE,1,9,value,27,2,0,0,0,0,,,,,1,19420816,0,CHI10,v,ASW,1,0,0,allstar,y,y
ASW194208160,westj102,ASE,1,3,value,27,12,0,0,0,0,,,,,1,19420816,0,CHI10,v,ASW,1,0,0,allstar,y,y
ASW194208160,pattp102,ASE,1,5,value,27,0,3,1,0,0,,,,,1,19420816,0,CHI10,v,ASW,1,0,0,allstar,y,y
ASW194208160,vargt101,ASE,1,8,value,21,2,0,0,0,0,,,,,1,19420816,0,CHI10,v,ASW,1,0,0,allstar,y,y
ASW194208160,blanh102,ASE,1,4,value,6,0,0,0,0,0,,,,,0,19420816,0,CHI10,v,ASW,1,0,0,allstar,y,y
ASW194208160,gainj102,ASE,1,1,value,9,0,0,0,0,0,,,,,1,19420816,0,CHI10,v,ASW,1,0,0,allstar,y,y
ASW194208160,barnd101,ASE,1,1,value,9,0,0,0,0,0,,,,,0,19420816,0,CHI10,v,ASW,1,0,0,allstar,y,y
ASW194208160,browb107,ASE,1,1,value,2,0,0,0,0,0,,,,,0,19420816,0,CHI10,v,ASW,1,0,0,allstar,y,y
ASW194208160,day-l101,ASE,1,1,value,7,0,0,0,0,0,,,,,0,19420816,0,CHI10,v,ASW,1,0,0,allstar,y,y
ASW194208160,bellj103,ASW,1,8,value,27,3,1,0,0,0,,,,,1,19420816,0,CHI10,h,ASE,0,1,0,allstar,y,y
ASW194208160,woodp104,ASW,1,5,value,21,1,1,0,0,0,,,,,1,19420816,0,CHI10,h,ASE,0,1,0,allstar,y,y
ASW194208160,cartm101,ASW,1,5,value,6,0,0,0,0,0,,,,,0,19420816,0,CHI10,h,ASE,0,1,0,allstar,y,y
ASW194208160,strot101,ASW,1,9,value,27,1,0,0,0,0,,,,,1,19420816,0,CHI10,h,ASE,0,1,0,allstar,y,y
ASW194208160,broww101,ASW,1,7,value,27,2,0,0,0,0,,,,,1,19420816,0,CHI10,h,ASE,0,1,0,allstar,y,y
ASW194208160,greej108,ASW,1,2,value,27,9,0,0,0,0,0,0,5,0,1,19420816,0,CHI10,h,ASE,0,1,0,allstar,y,y
ASW194208160,oneib801,ASW,1,3,value,27,7,1,1,2,0,,,,,1,19420816,0,CHI10,h,ASE,0,1,0,allstar,y,y
ASW194208160,sampt101,ASW,1,4,value,27,0,4,1,2,0,,,,,1,19420816,0,CHI10,h,ASE,0,1,0,allstar,y,y
ASW194208160,browt105,ASW,1,6,value,27,4,3,0,2,0,,,,,1,19420816,0,CHI10,h,ASE,0,1,0,allstar,y,y
ASW194208160,smith111,ASW,1,1,value,9,0,0,0,0,0,,,,,1,19420816,0,CHI10,h,ASE,0,1,0,allstar,y,y
ASW194208160,mossp101,ASW,1,1,value,6,0,1,0,0,0,,,,,0,19420816,0,CHI10,h,ASE,0,1,0,allstar,y,y
ASW194208160,breme101,ASW,1,1,value,3,0,0,0,0,0,,,,,0,19420816,0,CHI10,h,ASE,0,1,0,allstar,y,y
ASW194208160,paigs101,ASW,1,1,value,9,0,0,0,0,0,,,,,0,19420816,0,CHI10,h,ASE,0,1,0,allstar,y,y
ASW194208180,wilsd103,ASE,1,7,value,27,1,0,0,0,0,,,,,1,19420818,0,CLE07,v,ASW,1,0,0,allstar,y,y
ASW194208180,banks101,ASE,1,4,value,15,2,1,1,0,0,,,,,1,19420818,0,CLE07,v,ASW,1,0,0,allstar,y,y
ASW194208180,blanh102,ASE,1,4,value,12,0,0,0,0,0,,,,,0,19420818,0,CLE07,v,ASW,1,0,0,allstar,y,y
ASW194208180,wellw101,ASE,1,6,value,27,1,2,0,1,0,,,,,1,19420818,0,CLE07,v,ASW,1,0,0,allstar,y,y
ASW194208180,gibsj101,ASE,1,2,value,27,13,2,1,0,0,0,0,0,2,1,19420818,0,CLE07,v,ASW,1,0,0,allstar,y,y
ASW194208180,wrigb104,ASE,1,9,value,27,1,0,0,0,0,,,,,1,19420818,0,CLE07,v,ASW,1,0,0,allstar,y,y
ASW194208180,westj102,ASE,1,3,value,27,7,0,0,1,0,,,,,1,19420818,0,CLE07,v,ASW,1,0,0,allstar,y,y
ASW194208180,pattp102,ASE,1,5,value,27,1,1,0,0,0,,,,,1,19420818,0,CLE07,v,ASW,1,0,0,allstar,y,y
ASW194208180,vargt101,ASE,1,8,value,12,0,0,0,0,0,,,,,1,19420818,0,CLE07,v,ASW,1,0,0,allstar,y,y
ASW194208180,pearl102,ASE,1,8,value,15,1,0,0,0,0,,,,,0,19420818,0,CLE07,v,ASW,1,0,0,allstar,y,y
ASW194208180,smitg105,ASE,1,1,value,9,0,0,0,0,0,,,,,1,19420818,0,CLE07,v,ASW,1,0,0,allstar,y,y
ASW194208180,gainj102,ASE,1,1,value,6,0,0,0,0,0,,,,,0,19420818,0,CLE07,v,ASW,1,0,0,allstar,y,y
ASW194208180,barnd101,ASE,1,1,value,6,0,0,0,0,0,,,,,0,19420818,0,CLE07,v,ASW,1,0,0,allstar,y,y
ASW194208180,day-l101,ASE,1,1,value,6,0,0,0,0,0,,,,,0,19420818,0,CLE07,v,ASW,1,0,0,allstar,y,y
ASW194208180,jeths101,ASW,1,8,value,27,1,0,0,0,0,,,,,1,19420818,0,CLE07,h,ASE,0,1,0,allstar,y,y
ASW194208180,woodp104,ASW,1,5,value,18,1,1,0,0,0,,,,,1,19420818,0,CLE07,h,ASE,0,1,0,allstar,y,y
ASW194208180,cartm101,ASW,1,5,value,9,1,0,0,0,0,,,,,0,19420818,0,CLE07,h,ASE,0,1,0,allstar,y,y
ASW194208180,strot101,ASW,1,9,value,21,3,0,1,0,0,,,,,1,19420818,0,CLE07,h,ASE,0,1,0,allstar,y,y
ASW194208180,strot101,ASW,2,6,value,6,1,1,0,0,0,,,,,0,19420818,0,CLE07,h,ASE,0,1,0,allstar,y,y
ASW194208180,broww101,ASW,1,7,value,27,2,0,0,0,0,,,,,1,19420818,0,CLE07,h,ASE,0,1,0,allstar,y,y
ASW194208180,greej108,ASW,1,2,value,27,5,1,1,0,0,0,1,2,1,1,19420818,0,CLE07,h,ASE,0,1,0,allstar,y,y
ASW194208180,sampt101,ASW,1,4,value,21,2,0,1,0,0,,,,,1,19420818,0,CLE07,h,ASE,0,1,0,allstar,y,y
ASW194208180,bankf101,ASW,1,4,value,3,0,0,0,0,0,,,,,0,19420818,0,CLE07,h,ASE,0,1,0,allstar,y,y
ASW194208180,penna101,ASW,1,4,value,3,0,0,0,0,0,,,,,0,19420818,0,CLE07,h,ASE,0,1,0,allstar,y,y
ASW194208180,oneib801,ASW,1,3,value,27,8,1,0,0,0,,,,,1,19420818,0,CLE07,h,ASE,0,1,0,allstar,y,y
ASW194208180,wyatr101,ASW,1,6,value,21,1,2,1,0,0,,,,,1,19420818,0,CLE07,h,ASE,0,1,0,allstar,y,y
ASW194208180,bellj103,ASW,1,9,value,6,1,0,0,0,0,,,,,0,19420818,0,CLE07,h,ASE,0,1,0,allstar,y,y
ASW194208180,breme101,ASW,1,1,value,8,1,1,0,0,0,,,,,1,19420818,0,CLE07,h,ASE,0,1,0,allstar,y,y
ASW194208180,mathv101,ASW,1,1,value,10,0,1,0,0,0,,,,,0,19420818,0,CLE07,h,ASE,0,1,0,allstar,y,y
ASW194208180,gipsa101,ASW,1,1,value,9,0,0,0,0,0,,,,,0,19420818,0,CLE07,h,ASE,0,1,0,allstar,y,y
