gid,id,team,d_seq,d_pos,stattype,d_ifouts,d_po,d_a,d_e,d_dp,d_tp,d_pb,d_wp,d_sb,d_cs,d_gs,date,number,site,vishome,opp,win,loss,tie,gametype,box,pbp
NW2193905251,valdf101,NY6,1,4,value,24,,,1,0,0,,,,,1,19390525,1,NWK04,v,NW2,0,1,0,regular,y,
NW2193905251,pagep102,NY6,1,3,value,24,,,1,0,0,,,,,1,19390525,1,NWK04,v,NW2,0,1,0,regular,y,
NW2193905251,vargj101,NY6,1,7,value,24,,,0,0,0,,,,,1,19390525,1,NWK04,v,NW2,0,1,0,regular,y,
NW2193905251,carae101,NY6,1,9,value,24,,,0,0,0,,,,,1,19390525,1,NWK04,v,NW2,0,1,0,regular,y,
NW2193905251,aranp101,NY6,1,5,value,24,,,1,0,0,,,,,1,19390525,1,NWK04,v,NW2,0,1,0,regular,y,
NW2193905251,lopec102,NY6,1,8,value,24,,,0,0,0,,,,,1,19390525,1,NWK04,v,NW2,0,1,0,regular,y,
NW2193905251,rodra102,NY6,1,6,value,24,,,0,0,0,,,,,1,19390525,1,NWK04,v,NW2,0,1,0,regular,y,
NW2193905251,fernj101,NY6,1,2,value,24,,,0,0,0,0,,,,1,19390525,1,NWK04,v,NW2,0,1,0,regular,y,
NW2193905251,ruizs101,NY6,1,1,value,24,,,0,0,0,,,,,1,19390525,1,NWK04,v,NW2,0,1,0,regular,y,
NW2193905251,wellw101,NW2,1,6,value,27,,,1,0,0,,,,,1,19390525,1,NWK04,h,NY6,1,0,0,regular,y,
NW2193905251,seayd101,NW2,1,4,value,27,,,0,0,0,,,,,1,19390525,1,NWK04,h,NY6,1,0,0,regular,y,
NW2193905251,wilsf104,NW2,1,7,value,,,,0,0,0,,,,,1,19390525,1,NWK04,h,NY6,1,0,0,regular,y,
NW2193905251,biotc101,NW2,1,8,value,,,,0,0,0,,,,,,19390525,1,NWK04,h,NY6,1,0,0,regular,y,
NW2193905251,suttm101,NW2,1,3,value,27,,,0,0,0,,,,,1,19390525,1,NWK04,h,NY6,1,0,0,regular,y,
NW2193905251,stone101,NW2,1,9,value,27,,,0,0,0,,,,,1,19390525,1,NWK04,h,NY6,1,0,0,regular,y,
NW2193905251,pearl102,NW2,1,8,value,,,,0,0,0,,,,,1,19390525,1,NWK04,h,NY6,1,0,0,regular,y,
NW2193905251,pearl102,NW2,2,7,value,,,,0,0,0,,,,,1,19390525,1,NWK04,h,NY6,1,0,0,regular,y,
NW2193905251,irvim101,NW2,1,5,value,27,,,0,0,0,,,,,1,19390525,1,NWK04,h,NY6,1,0,0,regular,y,
NW2193905251,hayej104,NW2,1,2,value,27,,,0,0,0,0,,,,1,19390525,1,NWK04,h,NY6,1,0,0,regular,y,
NW2193905251,day-l101,NW2,1,1,value,27,,,0,0,0,,,,,1,19390525,1,NWK04,h,NY6,1,0,0,regular,y,
NW2193905252,valdf101,NY6,1,4,value,18,,,0,0,0,,,,,1,19390525,2,NWK04,v,NW2,0,1,0,regular,y,
NW2193905252,pagep102,NY6,1,3,value,18,,,0,0,0,,,,,1,19390525,2,NWK04,v,NW2,0,1,0,regular,y,
NW2193905252,vargj101,NY6,1,7,value,18,,,0,0,0,,,,,1,19390525,2,NWK04,v,NW2,0,1,0,regular,y,
NW2193905252,carae101,NY6,1,9,value,18,,,0,0,0,,,,,1,19390525,2,NWK04,v,NW2,0,1,0,regular,y,
NW2193905252,aranp101,NY6,1,5,value,18,,,1,0,0,,,,,1,19390525,2,NWK04,v,NW2,0,1,0,regular,y,
NW2193905252,lopec102,NY6,1,8,value,18,,,0,0,0,,,,,1,19390525,2,NWK04,v,NW2,0,1,0,regular,y,
NW2193905252,rodra102,NY6,1,6,value,18,,,2,0,0,,,,,1,19390525,2,NWK04,v,NW2,0,1,0,regular,y,
NW2193905252,miraa101,NY6,1,2,value,18,,,1,0,0,0,,,,1,19390525,2,NWK04,v,NW2,0,1,0,regular,y,
NW2193905252,martf104,NY6,1,1,value,12,,,0,0,0,,,,,1,19390525,2,NWK04,v,NW2,0,1,0,regular,y,
NW2193905252,rectc101,NY6,1,1,value,6,,,0,0,0,,,,,,19390525,2,NWK04,v,NW2,0,1,0,regular,y,
NW2193905252,wellw101,NW2,1,6,value,21,,,0,0,0,,,,,1,19390525,2,NWK04,h,NY6,1,0,0,regular,y,
NW2193905252,seayd101,NW2,1,4,value,21,,,0,0,0,,,,,1,19390525,2,NWK04,h,NY6,1,0,0,regular,y,
NW2193905252,wilsf104,NW2,1,7,value,,,,0,0,0,,,,,1,19390525,2,NWK04,h,NY6,1,0,0,regular,y,
NW2193905252,biotc101,NW2,1,8,value,,,,0,0,0,,,,,,19390525,2,NWK04,h,NY6,1,0,0,regular,y,
NW2193905252,suttm101,NW2,1,3,value,21,,,0,0,0,,,,,1,19390525,2,NWK04,h,NY6,1,0,0,regular,y,
NW2193905252,stone101,NW2,1,9,value,21,,,0,0,0,,,,,1,19390525,2,NWK04,h,NY6,1,0,0,regular,y,
NW2193905252,pearl102,NW2,1,8,value,,,,0,0,0,,,,,1,19390525,2,NWK04,h,NY6,1,0,0,regular,y,
NW2193905252,pearl102,NW2,2,7,value,,,,0,0,0,,,,,1,19390525,2,NWK04,h,NY6,1,0,0,regular,y,
NW2193905252,irvim101,NW2,1,5,value,21,,,0,0,0,,,,,1,19390525,2,NWK04,h,NY6,1,0,0,regular,y,
NW2193905252,ruffl101,NW2,1,2,value,21,,,0,0,0,0,,,,1,19390525,2,NWK04,h,NY6,1,0,0,regular,y,
NW2193905252,hubew101,NW2,1,1,value,12,,,0,0,0,,,,,1,19390525,2,NWK04,h,NY6,1,0,0,regular,y,
NW2193905252,browj115,NW2,1,1,value,9,,,0,0,0,,,,,,19390525,2,NWK04,h,NY6,1,0,0,regular,y,
NW2193905281,lopec102,NY6,1,8,value,24,0,0,0,0,0,,,,,1,19390528,1,NWK04,v,NW2,0,1,0,regular,y,d
NW2193905281,pagep102,NY6,1,3,value,24,0,0,0,0,0,,,,,1,19390528,1,NWK04,v,NW2,0,1,0,regular,y,d
NW2193905281,aranp101,NY6,1,5,value,24,0,0,0,0,0,,,,,1,19390528,1,NWK04,v,NW2,0,1,0,regular,y,d
NW2193905281,carae101,NY6,1,9,value,24,0,0,0,0,0,,,,,1,19390528,1,NWK04,v,NW2,0,1,0,regular,y,d
NW2193905281,vargj101,NY6,1,7,value,24,0,0,0,0,0,,,,,1,19390528,1,NWK04,v,NW2,0,1,0,regular,y,d
NW2193905281,rodra102,NY6,1,6,value,24,0,0,0,0,0,,,,,1,19390528,1,NWK04,v,NW2,0,1,0,regular,y,d
NW2193905281,valdf101,NY6,1,4,value,24,0,0,0,0,0,,,,,1,19390528,1,NWK04,v,NW2,0,1,0,regular,y,d
NW2193905281,casem101,NY6,1,2,value,24,0,0,0,0,0,0,0,0,0,1,19390528,1,NWK04,v,NW2,0,1,0,regular,y,d
NW2193905281,tianl102,NY6,1,1,value,14,0,0,0,0,0,,,,,1,19390528,1,NWK04,v,NW2,0,1,0,regular,y,d
NW2193905281,fernr101,NY6,1,1,value,5,0,0,0,0,0,,,,,0,19390528,1,NWK04,v,NW2,0,1,0,regular,y,d
NW2193905281,torra102,NY6,1,1,value,5,0,0,0,0,0,,,,,0,19390528,1,NWK04,v,NW2,0,1,0,regular,y,d
NW2193905281,wellw101,NW2,1,6,value,27,0,0,0,0,0,,,,,1,19390528,1,NWK04,h,NY6,1,0,0,regular,y,d
NW2193905281,seayd101,NW2,1,4,value,27,0,0,0,0,0,,,,,1,19390528,1,NWK04,h,NY6,1,0,0,regular,y,d
NW2193905281,wilsf104,NW2,1,7,value,21,0,0,0,0,0,,,,,1,19390528,1,NWK04,h,NY6,1,0,0,regular,y,d
NW2193905281,biotc101,NW2,1,8,value,6,0,0,0,0,0,,,,,0,19390528,1,NWK04,h,NY6,1,0,0,regular,y,d
NW2193905281,suttm101,NW2,1,3,value,21,0,0,0,0,0,,,,,1,19390528,1,NWK04,h,NY6,1,0,0,regular,y,d
NW2193905281,riddv101,NW2,1,5,value,6,0,0,0,0,0,,,,,0,19390528,1,NWK04,h,NY6,1,0,0,regular,y,d
NW2193905281,stone101,NW2,1,9,value,27,0,0,0,0,0,,,,,1,19390528,1,NWK04,h,NY6,1,0,0,regular,y,d
NW2193905281,irvim101,NW2,1,5,value,21,0,0,0,0,0,,,,,1,19390528,1,NWK04,h,NY6,1,0,0,regular,y,d
NW2193905281,irvim101,NW2,2,3,value,6,0,0,0,0,0,,,,,0,19390528,1,NWK04,h,NY6,1,0,0,regular,y,d
NW2193905281,pearl102,NW2,1,8,value,21,0,0,0,0,0,,,,,1,19390528,1,NWK04,h,NY6,1,0,0,regular,y,d
NW2193905281,pearl102,NW2,2,7,value,6,0,0,0,0,0,,,,,0,19390528,1,NWK04,h,NY6,1,0,0,regular,y,d
NW2193905281,ruffl101,NW2,1,2,value,27,0,0,0,0,0,0,0,0,0,1,19390528,1,NWK04,h,NY6,1,0,0,regular,y,d
NW2193905281,hillj104,NW2,1,1,value,27,0,0,0,0,0,,,,,1,19390528,1,NWK04,h,NY6,1,0,0,regular,y,d
NW2193905282,lopec102,NY6,1,8,value,18,0,0,0,0,0,,,,,1,19390528,2,NWK04,v,NW2,0,1,0,regular,y,d
NW2193905282,vargj101,NY6,1,7,value,18,0,0,0,0,0,,,,,1,19390528,2,NWK04,v,NW2,0,1,0,regular,y,d
NW2193905282,aranp101,NY6,1,3,value,18,0,0,0,0,0,,,,,1,19390528,2,NWK04,v,NW2,0,1,0,regular,y,d
NW2193905282,carae101,NY6,1,5,value,18,0,0,0,0,0,,,,,1,19390528,2,NWK04,v,NW2,0,1,0,regular,y,d
NW2193905282,herer101,NY6,1,9,value,18,0,0,0,0,0,,,,,1,19390528,2,NWK04,v,NW2,0,1,0,regular,y,d
NW2193905282,rodra102,NY6,1,6,value,18,0,0,0,0,0,,,,,1,19390528,2,NWK04,v,NW2,0,1,0,regular,y,d
NW2193905282,valdf101,NY6,1,4,value,18,0,0,1,0,0,,,,,1,19390528,2,NWK04,v,NW2,0,1,0,regular,y,d
NW2193905282,casem101,NY6,1,2,value,18,0,0,0,0,0,0,0,0,0,1,19390528,2,NWK04,v,NW2,0,1,0,regular,y,d
NW2193905282,ruizs101,NY6,1,1,value,18,0,0,0,0,0,,,,,1,19390528,2,NWK04,v,NW2,0,1,0,regular,y,d
NW2193905282,wellw101,NW2,1,6,value,21,0,0,0,0,0,,,,,1,19390528,2,NWK04,h,NY6,1,0,0,regular,y,d
NW2193905282,seayd101,NW2,1,4,value,21,0,0,0,0,0,,,,,1,19390528,2,NWK04,h,NY6,1,0,0,regular,y,d
NW2193905282,wilsf104,NW2,1,7,value,15,0,0,0,0,0,,,,,1,19390528,2,NWK04,h,NY6,1,0,0,regular,y,d
NW2193905282,biotc101,NW2,1,8,value,6,0,0,0,0,0,,,,,0,19390528,2,NWK04,h,NY6,1,0,0,regular,y,d
NW2193905282,suttm101,NW2,1,3,value,21,0,0,0,0,0,,,,,1,19390528,2,NWK04,h,NY6,1,0,0,regular,y,d
NW2193905282,stone101,NW2,1,9,value,21,1,0,0,0,0,,,,,1,19390528,2,NWK04,h,NY6,1,0,0,regular,y,d
NW2193905282,irvim101,NW2,1,5,value,21,0,0,4,0,0,,,,,1,19390528,2,NWK04,h,NY6,1,0,0,regular,y,d
NW2193905282,pearl102,NW2,1,8,value,15,0,0,0,0,0,,,,,1,19390528,2,NWK04,h,NY6,1,0,0,regular,y,d
NW2193905282,pearl102,NW2,2,7,value,6,0,0,0,0,0,,,,,0,19390528,2,NWK04,h,NY6,1,0,0,regular,y,d
NW2193905282,hayej104,NW2,1,2,value,21,0,0,0,0,0,0,0,0,0,1,19390528,2,NWK04,h,NY6,1,0,0,regular,y,d
NW2193905282,hubew101,NW2,1,1,value,21,0,0,0,0,0,,,,,1,19390528,2,NWK04,h,NY6,1,0,0,regular,y,d
HOM193905301,tianl102,NY6,1,1,value,24,,,0,,0,0,,,,1,19390530,1,PIT06,v,HOM,0,1,0,regular,,
HOM193905301,welmr101,HOM,1,1,value,27,,,0,,0,0,,,,1,19390530,1,PIT06,h,NY6,1,0,0,regular,,
HOM193905301,gibsj101,HOM,1,2,value,27,,,0,,0,,,,,1,19390530,1,PIT06,h,NY6,1,0,0,regular,,
HOM193905302,casem101,NY6,1,2,value,24,,,0,,0,,,,,1,19390530,2,PIT06,v,HOM,0,1,0,regular,,
HOM193905302,martf104,NY6,1,1,value,,,,0,,0,0,,,,1,19390530,2,PIT06,v,HOM,0,1,0,regular,,
HOM193905302,torra102,NY6,1,1,value,,,,0,,0,0,,,,,19390530,2,PIT06,v,HOM,0,1,0,regular,,
HOM193905302,gibsj101,HOM,1,2,value,27,,,0,,0,,,,,1,19390530,2,PIT06,h,NY6,1,0,0,regular,,
HOM193905302,ferrw102,HOM,1,1,value,18,,,0,,0,0,,,,1,19390530,2,PIT06,h,NY6,1,0,0,regular,,
HOM193905302,browr103,HOM,1,1,value,9,,,0,,0,0,,,,,19390530,2,PIT06,h,NY6,1,0,0,regular,,
HOM193905310,fernj101,NY6,1,2,value,24,,,0,,0,,,,,1,19390531,0,DAY03,v,HOM,0,1,0,regular,,
HOM193905310,rectc101,NY6,1,1,value,,,,0,,0,0,,,,1,19390531,0,DAY03,v,HOM,0,1,0,regular,,
HOM193905310,torra102,NY6,1,1,value,,,,0,,0,0,,,,,19390531,0,DAY03,v,HOM,0,1,0,regular,,
HOM193905310,gastr101,HOM,1,2,value,27,,,0,,0,,,,,1,19390531,0,DAY03,h,NY6,1,0,0,regular,,
HOM193905310,gibsj101,HOM,1,2,value,27,,,0,,0,,,,,,19390531,0,DAY03,h,NY6,1,0,0,regular,,
HOM193905310,parkt101,HOM,1,1,value,,,,0,,0,0,,,,1,19390531,0,DAY03,h,NY6,1,0,0,regular,,
HOM193905310,robes104,HOM,1,1,value,,,,0,,0,0,,,,,19390531,0,DAY03,h,NY6,1,0,0,regular,,
HOM193906020,fernj101,NY6,1,2,value,24,,,0,,0,,,,,1,19390602,0,BUT01,v,HOM,0,1,0,exhibition,,
HOM193906020,martf104,NY6,1,1,value,24,,,0,,0,0,,,,1,19390602,0,BUT01,v,HOM,0,1,0,exhibition,,
HOM193906020,jackj104,HOM,1,2,value,27,,,0,,0,,,,,1,19390602,0,BUT01,h,NY6,1,0,0,exhibition,,
HOM193906020,ferrw102,HOM,1,1,value,27,,,0,,0,0,,,,1,19390602,0,BUT01,h,NY6,1,0,0,exhibition,,
PH5193906031,lopec102,NY6,1,8,value,24,2,1,0,0,0,,,,,1,19390603,1,PHI17,v,PH5,0,1,0,regular,y,
PH5193906031,pagep102,NY6,1,3,value,24,7,0,0,0,0,,,,,1,19390603,1,PHI17,v,PH5,0,1,0,regular,y,
PH5193906031,miraa101,NY6,1,7,value,24,3,0,0,0,0,,,,,1,19390603,1,PHI17,v,PH5,0,1,0,regular,y,
PH5193906031,carae101,NY6,1,9,value,24,2,0,0,0,0,,,,,1,19390603,1,PHI17,v,PH5,0,1,0,regular,y,
PH5193906031,casem101,NY6,1,2,value,24,5,0,0,0,0,0,,,,1,19390603,1,PHI17,v,PH5,0,1,0,regular,y,
PH5193906031,rodra102,NY6,1,5,value,24,2,1,0,0,0,,,,,1,19390603,1,PHI17,v,PH5,0,1,0,regular,y,
PH5193906031,herer101,NY6,1,4,value,24,2,1,0,0,0,,,,,1,19390603,1,PHI17,v,PH5,0,1,0,regular,y,
PH5193906031,babbu101,NY6,1,6,value,24,1,5,0,0,0,,,,,1,19390603,1,PHI17,v,PH5,0,1,0,regular,y,
PH5193906031,rectc101,NY6,1,1,value,16,0,2,0,0,0,,,,,1,19390603,1,PHI17,v,PH5,0,1,0,regular,y,
PH5193906031,torra102,NY6,1,1,value,8,0,0,0,0,0,,,,,,19390603,1,PHI17,v,PH5,0,1,0,regular,y,
PH5193906031,bensg101,PH5,1,8,value,27,1,0,0,0,0,,,,,1,19390603,1,PHI17,h,NY6,1,0,0,regular,y,
PH5193906031,pattp102,PH5,1,4,value,27,4,4,0,0,0,,,,,1,19390603,1,PHI17,h,NY6,1,0,0,regular,y,
PH5193906031,willc106,PH5,1,6,value,27,3,2,0,0,0,,,,,1,19390603,1,PHI17,h,NY6,1,0,0,regular,y,
PH5193906031,perkb101,PH5,1,2,value,27,6,0,0,0,0,0,,,,1,19390603,1,PHI17,h,NY6,1,0,0,regular,y,
PH5193906031,parnr102,PH5,1,7,value,,2,0,0,0,0,,,,,1,19390603,1,PHI17,h,NY6,1,0,0,regular,y,
PH5193906031,ellir105,PH5,1,7,value,,0,0,0,0,0,,,,,,19390603,1,PHI17,h,NY6,1,0,0,regular,y,
PH5193906031,wilsj106,PH5,1,5,value,27,1,3,0,0,0,,,,,1,19390603,1,PHI17,h,NY6,1,0,0,regular,y,
PH5193906031,dunnj104,PH5,1,9,value,27,2,1,0,0,0,,,,,1,19390603,1,PHI17,h,NY6,1,0,0,regular,y,
PH5193906031,harrc104,PH5,1,3,value,27,8,1,0,0,0,,,,,1,19390603,1,PHI17,h,NY6,1,0,0,regular,y,
PH5193906031,thoms105,PH5,1,1,value,27,0,0,0,0,0,,,,,1,19390603,1,PHI17,h,NY6,1,0,0,regular,y,
PH5193906032,valdf101,NY6,1,6,value,24,1,1,0,0,0,,,,,1,19390603,2,PHI17,v,PH5,1,0,0,regular,y,
PH5193906032,pagep102,NY6,1,9,value,24,1,0,0,0,0,,,,,1,19390603,2,PHI17,v,PH5,1,0,0,regular,y,
PH5193906032,miraa101,NY6,1,7,value,24,5,0,0,0,0,,,,,1,19390603,2,PHI17,v,PH5,1,0,0,regular,y,
PH5193906032,vargj101,NY6,1,8,value,24,2,0,0,0,0,,,,,1,19390603,2,PHI17,v,PH5,1,0,0,regular,y,
PH5193906032,aranp101,NY6,1,3,value,24,6,0,0,0,0,,,,,1,19390603,2,PHI17,v,PH5,1,0,0,regular,y,
PH5193906032,rodra102,NY6,1,5,value,24,2,1,0,0,0,,,,,1,19390603,2,PHI17,v,PH5,1,0,0,regular,y,
PH5193906032,herer101,NY6,1,4,value,24,4,4,0,0,0,,,,,1,19390603,2,PHI17,v,PH5,1,0,0,regular,y,
PH5193906032,fernj101,NY6,1,2,value,24,3,0,0,0,0,0,,,,1,19390603,2,PHI17,v,PH5,1,0,0,regular,y,
PH5193906032,ruizs101,NY6,1,1,value,24,0,1,0,0,0,,,,,1,19390603,2,PHI17,v,PH5,1,0,0,regular,y,
PH5193906032,bensg101,PH5,1,8,value,24,2,0,0,0,0,,,,,1,19390603,2,PHI17,h,NY6,0,1,0,regular,y,
PH5193906032,willc106,PH5,1,6,value,24,3,4,0,0,0,,,,,1,19390603,2,PHI17,h,NY6,0,1,0,regular,y,
PH5193906032,perkb101,PH5,1,2,value,24,0,1,0,0,0,0,,,,1,19390603,2,PHI17,h,NY6,0,1,0,regular,y,
PH5193906032,pattp102,PH5,1,4,value,24,3,0,0,0,0,,,,,1,19390603,2,PHI17,h,NY6,0,1,0,regular,y,
PH5193906032,wilsj106,PH5,1,5,value,24,3,2,0,0,0,,,,,1,19390603,2,PHI17,h,NY6,0,1,0,regular,y,
PH5193906032,dunnj104,PH5,1,9,value,24,2,2,0,0,0,,,,,1,19390603,2,PHI17,h,NY6,0,1,0,regular,y,
PH5193906032,harrc104,PH5,1,3,value,24,8,0,0,0,0,,,,,1,19390603,2,PHI17,h,NY6,0,1,0,regular,y,
PH5193906032,ellir105,PH5,1,7,value,24,3,0,0,0,0,,,,,1,19390603,2,PHI17,h,NY6,0,1,0,regular,y,
PH5193906032,mcheh101,PH5,1,1,value,19,0,1,0,0,0,,,,,1,19390603,2,PHI17,h,NY6,0,1,0,regular,y,
PH5193906032,millh104,PH5,1,1,value,5,0,1,0,0,0,,,,,,19390603,2,PHI17,h,NY6,0,1,0,regular,y,
NY6193906041,kimbh102,BLG,1,7,value,27,2,0,0,0,0,,,,,1,19390604,1,NYC16,v,NY6,1,0,0,regular,y,d
NY6193906041,hughs101,BLG,1,4,value,27,2,0,0,0,0,,,,,1,19390604,1,NYC16,v,NY6,1,0,0,regular,y,d
NY6193906041,wrigb104,BLG,1,8,value,27,2,0,0,0,0,,,,,1,19390604,1,NYC16,v,NY6,1,0,0,regular,y,d
NY6193906041,hoskb101,BLG,1,9,value,27,0,0,0,0,0,,,,,1,19390604,1,NYC16,v,NY6,1,0,0,regular,y,d
NY6193906041,westj102,BLG,1,3,value,27,13,0,0,0,0,,,,,1,19390604,1,NYC16,v,NY6,1,0,0,regular,y,d
NY6193906041,snowf101,BLG,1,6,value,27,1,1,0,0,0,,,,,1,19390604,1,NYC16,v,NY6,1,0,0,regular,y,d
NY6193906041,rivec101,BLG,1,5,value,27,0,0,0,0,0,,,,,1,19390604,1,NYC16,v,NY6,1,0,0,regular,y,d
NY6193906041,mackb102,BLG,1,2,value,27,7,0,0,0,0,0,0,0,2,1,19390604,1,NYC16,v,NY6,1,0,0,regular,y,d
NY6193906041,byrdb101,BLG,1,1,value,27,0,0,1,0,0,,,,,1,19390604,1,NYC16,v,NY6,1,0,0,regular,y,d
NY6193906041,lopec102,NY6,1,8,value,27,4,1,0,1,0,,,,,1,19390604,1,NYC16,h,BLG,0,1,0,regular,y,d
NY6193906041,vargj101,NY6,1,7,value,27,1,0,0,0,0,,,,,1,19390604,1,NYC16,h,BLG,0,1,0,regular,y,d
NY6193906041,pagep102,NY6,1,3,value,27,8,0,0,3,0,,,,,1,19390604,1,NYC16,h,BLG,0,1,0,regular,y,d
NY6193906041,carae101,NY6,1,9,value,27,1,0,0,0,0,,,,,1,19390604,1,NYC16,h,BLG,0,1,0,regular,y,d
NY6193906041,casem101,NY6,1,2,value,27,7,0,0,0,0,0,0,0,0,1,19390604,1,NYC16,h,BLG,0,1,0,regular,y,d
NY6193906041,rodra102,NY6,1,4,value,27,3,1,1,1,0,,,,,1,19390604,1,NYC16,h,BLG,0,1,0,regular,y,d
NY6193906041,aranp101,NY6,1,6,value,27,2,0,0,0,0,,,,,1,19390604,1,NYC16,h,BLG,0,1,0,regular,y,d
NY6193906041,valdf101,NY6,1,5,value,27,1,2,0,1,0,,,,,1,19390604,1,NYC16,h,BLG,0,1,0,regular,y,d
NY6193906041,tianl102,NY6,1,1,value,21,0,0,0,0,0,,,,,1,19390604,1,NYC16,h,BLG,0,1,0,regular,y,d
NY6193906041,fernr101,NY6,1,1,value,6,0,0,0,0,0,,,,,0,19390604,1,NYC16,h,BLG,0,1,0,regular,y,d
PH5193906111,lopec102,NY6,1,8,value,27,4,,0,0,0,,,,,1,19390611,1,PHI17,v,PH5,1,0,0,regular,y,
PH5193906111,pagep102,NY6,1,3,value,27,13,,0,0,0,,,,,1,19390611,1,PHI17,v,PH5,1,0,0,regular,y,
PH5193906111,miraa101,NY6,1,7,value,27,2,,0,0,0,,,,,1,19390611,1,PHI17,v,PH5,1,0,0,regular,y,
PH5193906111,carae101,NY6,1,9,value,27,2,,0,0,0,,,,,1,19390611,1,PHI17,v,PH5,1,0,0,regular,y,
PH5193906111,casem101,NY6,1,2,value,27,2,,0,0,0,0,,,,1,19390611,1,PHI17,v,PH5,1,0,0,regular,y,
PH5193906111,herer101,NY6,1,5,value,27,0,,0,0,0,,,,,1,19390611,1,PHI17,v,PH5,1,0,0,regular,y,
PH5193906111,rodra102,NY6,1,4,value,27,3,,0,0,0,,,,,1,19390611,1,PHI17,v,PH5,1,0,0,regular,y,
PH5193906111,valdf101,NY6,1,6,value,27,1,,0,0,0,,,,,1,19390611,1,PHI17,v,PH5,1,0,0,regular,y,
PH5193906111,tianl102,NY6,1,1,value,27,0,,0,0,0,,,,,1,19390611,1,PHI17,v,PH5,1,0,0,regular,y,
PH5193906111,speac103,PH5,1,9,value,27,0,,0,0,0,,,,,1,19390611,1,PHI17,h,NY6,0,1,0,regular,y,
PH5193906111,willc106,PH5,1,6,value,27,5,,0,0,0,,,,,1,19390611,1,PHI17,h,NY6,0,1,0,regular,y,
PH5193906111,pattp102,PH5,1,4,value,27,2,,0,0,0,,,,,1,19390611,1,PHI17,h,NY6,0,1,0,regular,y,
PH5193906111,perkb101,PH5,1,2,value,27,4,,0,0,0,0,,,,1,19390611,1,PHI17,h,NY6,0,1,0,regular,y,
PH5193906111,bensg101,PH5,1,8,value,27,4,,0,0,0,,,,,1,19390611,1,PHI17,h,NY6,0,1,0,regular,y,
PH5193906111,dunnj104,PH5,1,5,value,27,1,,0,0,0,,,,,1,19390611,1,PHI17,h,NY6,0,1,0,regular,y,
PH5193906111,harrc104,PH5,1,3,value,27,10,,0,0,0,,,,,1,19390611,1,PHI17,h,NY6,0,1,0,regular,y,
PH5193906111,mcheh101,PH5,1,7,value,27,1,,0,0,0,,,,,1,19390611,1,PHI17,h,NY6,0,1,0,regular,y,
PH5193906111,thoms105,PH5,1,1,value,21,0,,0,0,0,,,,,1,19390611,1,PHI17,h,NY6,0,1,0,regular,y,
PH5193906111,ellir105,PH5,1,1,value,6,0,,0,0,0,,,,,,19390611,1,PHI17,h,NY6,0,1,0,regular,y,
PH5193906112,vargj101,NY6,1,8,value,27,2,,0,0,0,,,,,1,19390611,2,PHI17,v,PH5,1,0,0,regular,y,
PH5193906112,pagep102,NY6,1,3,value,27,12,,0,0,0,,,,,1,19390611,2,PHI17,v,PH5,1,0,0,regular,y,
PH5193906112,miraa101,NY6,1,7,value,27,1,,0,0,0,,,,,1,19390611,2,PHI17,v,PH5,1,0,0,regular,y,
PH5193906112,carae101,NY6,1,9,value,27,0,,0,0,0,,,,,1,19390611,2,PHI17,v,PH5,1,0,0,regular,y,
PH5193906112,casem101,NY6,1,2,value,27,6,,0,0,0,0,,,,1,19390611,2,PHI17,v,PH5,1,0,0,regular,y,
PH5193906112,herer101,NY6,1,5,value,27,3,,0,0,0,,,,,1,19390611,2,PHI17,v,PH5,1,0,0,regular,y,
PH5193906112,rodra102,NY6,1,4,value,27,2,,0,0,0,,,,,1,19390611,2,PHI17,v,PH5,1,0,0,regular,y,
PH5193906112,valdf101,NY6,1,6,value,27,1,,0,0,0,,,,,1,19390611,2,PHI17,v,PH5,1,0,0,regular,y,
PH5193906112,ruizs101,NY6,1,1,value,27,0,,0,0,0,,,,,1,19390611,2,PHI17,v,PH5,1,0,0,regular,y,
PH5193906112,speac103,PH5,1,9,value,27,1,,0,0,0,,,,,1,19390611,2,PHI17,h,NY6,0,1,0,regular,y,
PH5193906112,willc106,PH5,1,6,value,27,3,,0,0,0,,,,,1,19390611,2,PHI17,h,NY6,0,1,0,regular,y,
PH5193906112,pattp102,PH5,1,5,value,27,1,,0,0,0,,,,,1,19390611,2,PHI17,h,NY6,0,1,0,regular,y,
PH5193906112,bensg101,PH5,1,8,value,27,3,,0,0,0,,,,,1,19390611,2,PHI17,h,NY6,0,1,0,regular,y,
PH5193906112,perkb101,PH5,1,2,value,27,4,,0,0,0,0,,,,1,19390611,2,PHI17,h,NY6,0,1,0,regular,y,
PH5193906112,dunnj104,PH5,1,7,value,27,2,,0,0,0,,,,,1,19390611,2,PHI17,h,NY6,0,1,0,regular,y,
PH5193906112,harrc104,PH5,1,3,value,27,13,,0,0,0,,,,,1,19390611,2,PHI17,h,NY6,0,1,0,regular,y,
PH5193906112,wilsj106,PH5,1,4,value,27,0,,0,0,0,,,,,1,19390611,2,PHI17,h,NY6,0,1,0,regular,y,
PH5193906112,mcdow101,PH5,1,1,value,27,0,,0,0,0,,,,,1,19390611,2,PHI17,h,NY6,0,1,0,regular,y,
TLC193906181,valdf101,NY6,1,6,value,29,1,3,1,1,0,,,,,1,19390618,1,TOL05,v,TLC,0,1,0,regular,y,d
TLC193906181,pagep102,NY6,1,3,value,29,15,0,0,1,0,,,,,1,19390618,1,TOL05,v,TLC,0,1,0,regular,y,d
TLC193906181,miraa101,NY6,1,7,value,29,2,0,0,0,0,,,,,1,19390618,1,TOL05,v,TLC,0,1,0,regular,y,d
TLC193906181,carae101,NY6,1,9,value,29,2,0,0,0,0,,,,,1,19390618,1,TOL05,v,TLC,0,1,0,regular,y,d
TLC193906181,herer101,NY6,1,5,value,29,1,4,1,0,0,,,,,1,19390618,1,TOL05,v,TLC,0,1,0,regular,y,d
TLC193906181,lopec102,NY6,1,8,value,29,2,0,0,0,0,,,,,1,19390618,1,TOL05,v,TLC,0,1,0,regular,y,d
TLC193906181,rodra102,NY6,1,4,value,29,1,4,0,1,0,,,,,1,19390618,1,TOL05,v,TLC,0,1,0,regular,y,d
TLC193906181,fernj101,NY6,1,2,value,29,5,0,0,0,0,0,0,0,1,1,19390618,1,TOL05,v,TLC,0,1,0,regular,y,d
TLC193906181,ruizs101,NY6,1,1,value,27,0,1,0,0,0,,,,,1,19390618,1,TOL05,v,TLC,0,1,0,regular,y,d
TLC193906181,rectc101,NY6,1,1,value,2,0,0,0,0,0,,,,,0,19390618,1,TOL05,v,TLC,0,1,0,regular,y,d
TLC193906181,crutj101,TLC,1,8,value,30,2,0,0,0,0,,,,,1,19390618,1,TOL05,h,NY6,1,0,0,regular,y,d
TLC193906181,mornl101,TLC,1,4,value,30,3,2,1,2,0,,,,,1,19390618,1,TOL05,h,NY6,1,0,0,regular,y,d
TLC193906181,willj110,TLC,1,9,value,30,2,0,0,0,0,,,,,1,19390618,1,TOL05,h,NY6,1,0,0,regular,y,d
TLC193906181,duket102,TLC,1,2,value,30,9,1,0,1,0,0,0,0,1,1,19390618,1,TOL05,h,NY6,1,0,0,regular,y,d
TLC193906181,clarb101,TLC,1,7,value,30,2,0,0,0,0,,,,,1,19390618,1,TOL05,h,NY6,1,0,0,regular,y,d
TLC193906181,charo101,TLC,1,3,value,30,12,0,0,2,0,,,,,1,19390618,1,TOL05,h,NY6,1,0,0,regular,y,d
TLC193906181,hendc102,TLC,1,6,value,30,0,4,0,1,0,,,,,1,19390618,1,TOL05,h,NY6,1,0,0,regular,y,d
TLC193906181,johnj112,TLC,1,5,value,30,0,2,1,0,0,,,,,1,19390618,1,TOL05,h,NY6,1,0,0,regular,y,d
TLC193906181,johnj115,TLC,1,1,value,30,0,1,0,0,0,,,,,1,19390618,1,TOL05,h,NY6,1,0,0,regular,y,d
TLC193906182,tianl102,NY6,1,1,value,24,,,0,,0,0,,,,1,19390618,2,TOL05,v,TLC,0,1,0,regular,,
TLC193906182,casem101,NY6,1,2,value,24,,,0,,0,,,,,1,19390618,2,TOL05,v,TLC,0,1,0,regular,,
TLC193906182,carts102,TLC,1,1,value,27,,,0,,0,0,,,,1,19390618,2,TOL05,h,NY6,1,0,0,regular,,
TLC193906182,duket102,TLC,1,2,value,27,,,0,,0,,,,,1,19390618,2,TOL05,h,NY6,1,0,0,regular,,
CAG193906210,valdf101,NY6,1,6,value,27,,,1,0,0,,,,,1,19390621,0,SPR03,v,CAG,1,0,0,exhibition,y,
CAG193906210,pagep102,NY6,1,3,value,27,,,0,0,0,,,,,1,19390621,0,SPR03,v,CAG,1,0,0,exhibition,y,
CAG193906210,rodra102,NY6,1,4,value,27,,,0,0,0,,,,,1,19390621,0,SPR03,v,CAG,1,0,0,exhibition,y,
CAG193906210,miraa101,NY6,1,9,value,27,,,0,0,0,,,,,1,19390621,0,SPR03,v,CAG,1,0,0,exhibition,y,
CAG193906210,vargj101,NY6,1,7,value,27,,,0,0,0,,,,,1,19390621,0,SPR03,v,CAG,1,0,0,exhibition,y,
CAG193906210,herer101,NY6,1,5,value,27,,,0,0,0,,,,,1,19390621,0,SPR03,v,CAG,1,0,0,exhibition,y,
CAG193906210,lopec102,NY6,1,8,value,27,,,0,0,0,,,,,1,19390621,0,SPR03,v,CAG,1,0,0,exhibition,y,
CAG193906210,casem101,NY6,1,2,value,27,,,0,0,0,0,,,,1,19390621,0,SPR03,v,CAG,1,0,0,exhibition,y,
CAG193906210,torra102,NY6,1,1,value,27,,,0,0,0,,,,,1,19390621,0,SPR03,v,CAG,1,0,0,exhibition,y,
CAG193906210,simmw101,CAG,1,8,value,27,,,0,0,0,,,,,1,19390621,0,SPR03,h,NY6,0,1,0,exhibition,y,
CAG193906210,radca101,CAG,1,5,value,27,,,0,0,0,,,,,1,19390621,0,SPR03,h,NY6,0,1,0,exhibition,y,
CAG193906210,smite112,CAG,1,7,value,27,,,0,0,0,,,,,1,19390621,0,SPR03,h,NY6,0,1,0,exhibition,y,
CAG193906210,youne102,CAG,1,3,value,27,,,0,0,0,,,,,1,19390621,0,SPR03,h,NY6,0,1,0,exhibition,y,
CAG193906210,byass101,CAG,1,9,value,27,,,0,0,0,,,,,1,19390621,0,SPR03,h,NY6,0,1,0,exhibition,y,
CAG193906210,sparj102,CAG,1,4,value,27,,,0,0,0,,,,,1,19390621,0,SPR03,h,NY6,0,1,0,exhibition,y,
CAG193906210,haler103,CAG,1,6,value,,,,1,0,0,,,,,1,19390621,0,SPR03,h,NY6,0,1,0,exhibition,y,
CAG193906210,hornb101,CAG,1,6,value,,,,0,0,0,,,,,,19390621,0,SPR03,h,NY6,0,1,0,exhibition,y,
CAG193906210,bassp101,CAG,1,2,value,27,,,1,0,0,0,,,,1,19390621,0,SPR03,h,NY6,0,1,0,exhibition,y,
CAG193906210,hensl101,CAG,1,1,value,8,,,0,0,0,,,,,1,19390621,0,SPR03,h,NY6,0,1,0,exhibition,y,
CAG193906210,cornw101,CAG,1,1,value,13,,,0,0,0,,,,,,19390621,0,SPR03,h,NY6,0,1,0,exhibition,y,
CAG193906210,johnt108,CAG,1,1,value,6,,,0,0,0,,,,,,19390621,0,SPR03,h,NY6,0,1,0,exhibition,y,
SSA193906270,valdf101,NY6,1,6,value,27,,,0,0,0,,,,,1,19390627,0,MIL03,v,SSA,1,0,0,exhibition,y,
SSA193906270,rodra102,NY6,1,4,value,27,,,0,0,0,,,,,1,19390627,0,MIL03,v,SSA,1,0,0,exhibition,y,
SSA193906270,vargj101,NY6,1,7,value,27,,,1,0,0,,,,,1,19390627,0,MIL03,v,SSA,1,0,0,exhibition,y,
SSA193906270,miraa101,NY6,1,3,value,27,,,0,0,0,,,,,1,19390627,0,MIL03,v,SSA,1,0,0,exhibition,y,
SSA193906270,herer101,NY6,1,5,value,27,,,0,0,0,,,,,1,19390627,0,MIL03,v,SSA,1,0,0,exhibition,y,
SSA193906270,lopec102,NY6,1,8,value,27,,,0,0,0,,,,,1,19390627,0,MIL03,v,SSA,1,0,0,exhibition,y,
SSA193906270,carae101,NY6,1,9,value,27,,,0,0,0,,,,,1,19390627,0,MIL03,v,SSA,1,0,0,exhibition,y,
SSA193906270,casem101,NY6,1,2,value,27,,,0,0,0,0,,,,1,19390627,0,MIL03,v,SSA,1,0,0,exhibition,y,
SSA193906270,tianl102,NY6,1,1,value,27,,,0,0,0,,,,,1,19390627,0,MIL03,v,SSA,1,0,0,exhibition,y,
SSA193906270,greel102,SSA,1,8,value,27,,,0,0,0,,,,,1,19390627,0,MIL03,h,NY6,0,1,0,exhibition,y,
SSA193906270,robib105,SSA,1,5,value,27,,,0,0,0,,,,,1,19390627,0,MIL03,h,NY6,0,1,0,exhibition,y,
SSA193906270,bradb107,SSA,1,9,value,27,,,0,0,0,,,,,1,19390627,0,MIL03,h,NY6,0,1,0,exhibition,y,
SSA193906270,armob101,SSA,1,6,value,27,,,1,1,0,,,,,1,19390627,0,MIL03,h,NY6,0,1,0,exhibition,y,
SSA193906270,maywe101,SSA,1,3,value,27,,,1,2,0,,,,,1,19390627,0,MIL03,h,NY6,0,1,0,exhibition,y,
SSA193906270,riddm101,SSA,1,4,value,27,,,1,0,0,,,,,1,19390627,0,MIL03,h,NY6,0,1,0,exhibition,y,
SSA193906270,smitt105,SSA,1,7,value,27,,,0,1,0,,,,,1,19390627,0,MIL03,h,NY6,0,1,0,exhibition,y,
SSA193906270,taylr102,SSA,1,2,value,27,,,0,0,0,2,,,,1,19390627,0,MIL03,h,NY6,0,1,0,exhibition,y,
SSA193906270,mcalf101,SSA,1,1,value,25,,,0,0,0,,,,,1,19390627,0,MIL03,h,NY6,0,1,0,exhibition,y,
SSA193906270,browo104,SSA,1,1,value,2,,,0,0,0,,,,,,19390627,0,MIL03,h,NY6,0,1,0,exhibition,y,
BLG193907161,valdf101,NY6,1,6,value,27,3,2,1,1,0,,,,,1,19390716,1,BAL10,v,BLG,1,0,0,regular,y,d
BLG193907161,rodra102,NY6,1,4,value,27,3,1,0,1,0,,,,,1,19390716,1,BAL10,v,BLG,1,0,0,regular,y,d
BLG193907161,vargj101,NY6,1,7,value,27,2,0,0,0,0,,,,,1,19390716,1,BAL10,v,BLG,1,0,0,regular,y,d
BLG193907161,miraa101,NY6,1,3,value,27,10,0,0,1,0,,,,,1,19390716,1,BAL10,v,BLG,1,0,0,regular,y,d
BLG193907161,herer101,NY6,1,5,value,27,0,0,1,0,0,,,,,1,19390716,1,BAL10,v,BLG,1,0,0,regular,y,d
BLG193907161,lopec102,NY6,1,8,value,27,2,1,0,0,0,,,,,1,19390716,1,BAL10,v,BLG,1,0,0,regular,y,d
BLG193907161,carae101,NY6,1,9,value,27,2,0,0,0,0,,,,,1,19390716,1,BAL10,v,BLG,1,0,0,regular,y,d
BLG193907161,fernj101,NY6,1,2,value,27,4,0,0,0,0,0,0,0,0,1,19390716,1,BAL10,v,BLG,1,0,0,regular,y,d
BLG193907161,ruizs101,NY6,1,1,value,27,1,0,0,0,0,,,,,1,19390716,1,BAL10,v,BLG,1,0,0,regular,y,d
BLG193907161,kimbh102,BLG,1,8,value,27,0,0,0,0,0,,,,,1,19390716,1,BAL10,h,NY6,0,1,0,regular,y,d
BLG193907161,hughs101,BLG,1,4,value,27,6,2,1,2,0,,,,,1,19390716,1,BAL10,h,NY6,0,1,0,regular,y,d
BLG193907161,wrigb104,BLG,1,9,value,27,1,0,0,0,0,,,,,1,19390716,1,BAL10,h,NY6,0,1,0,regular,y,d
BLG193907161,hoskb101,BLG,1,7,value,27,3,0,0,0,0,,,,,1,19390716,1,BAL10,h,NY6,0,1,0,regular,y,d
BLG193907161,moorr104,BLG,1,3,value,27,9,0,0,2,0,,,,,1,19390716,1,BAL10,h,NY6,0,1,0,regular,y,d
BLG193907161,snowf101,BLG,1,6,value,27,1,2,0,2,0,,,,,1,19390716,1,BAL10,h,NY6,0,1,0,regular,y,d
BLG193907161,rivec101,BLG,1,5,value,27,2,0,0,0,0,,,,,1,19390716,1,BAL10,h,NY6,0,1,0,regular,y,d
BLG193907161,boono101,BLG,1,2,value,27,5,0,0,0,0,0,0,1,2,1,19390716,1,BAL10,h,NY6,0,1,0,regular,y,d
BLG193907161,gainj102,BLG,1,1,value,1,0,0,0,0,0,,,,,1,19390716,1,BAL10,h,NY6,0,1,0,regular,y,d
BLG193907161,hubew101,BLG,1,1,value,23,0,0,0,0,0,,,,,0,19390716,1,BAL10,h,NY6,0,1,0,regular,y,d
BLG193907161,adame101,BLG,1,1,value,3,0,0,0,0,0,,,,,0,19390716,1,BAL10,h,NY6,0,1,0,regular,y,d
BLG193907162,valdf101,NY6,1,6,value,18,1,0,0,0,0,,,,,1,19390716,2,BAL10,v,BLG,0,1,0,regular,y,d
BLG193907162,rodra102,NY6,1,4,value,8,0,1,0,0,0,,,,,1,19390716,2,BAL10,v,BLG,0,1,0,regular,y,d
BLG193907162,aranp101,NY6,1,3,value,10,2,0,0,0,0,,,,,0,19390716,2,BAL10,v,BLG,0,1,0,regular,y,d
BLG193907162,vargj101,NY6,1,7,value,18,1,0,1,0,0,,,,,1,19390716,2,BAL10,v,BLG,0,1,0,regular,y,d
BLG193907162,miraa101,NY6,1,3,value,8,3,0,0,0,0,,,,,1,19390716,2,BAL10,v,BLG,0,1,0,regular,y,d
BLG193907162,miraa101,NY6,2,4,value,10,2,0,0,0,0,,,,,0,19390716,2,BAL10,v,BLG,0,1,0,regular,y,d
BLG193907162,herer101,NY6,1,5,value,18,2,0,0,0,0,,,,,1,19390716,2,BAL10,v,BLG,0,1,0,regular,y,d
BLG193907162,lopec102,NY6,1,8,value,18,1,0,0,0,0,,,,,1,19390716,2,BAL10,v,BLG,0,1,0,regular,y,d
BLG193907162,carae101,NY6,1,9,value,18,1,0,0,0,0,,,,,1,19390716,2,BAL10,v,BLG,0,1,0,regular,y,d
BLG193907162,casem101,NY6,1,2,value,18,4,0,0,0,0,0,0,0,1,1,19390716,2,BAL10,v,BLG,0,1,0,regular,y,d
BLG193907162,tianl102,NY6,1,1,value,12,0,0,0,0,0,,,,,1,19390716,2,BAL10,v,BLG,0,1,0,regular,y,d
BLG193907162,rectc101,NY6,1,1,value,4,0,0,0,0,0,,,,,0,19390716,2,BAL10,v,BLG,0,1,0,regular,y,d
BLG193907162,torra102,NY6,1,1,value,2,1,0,0,0,0,,,,,0,19390716,2,BAL10,v,BLG,0,1,0,regular,y,d
BLG193907162,kimbh102,BLG,1,8,value,21,1,0,0,0,0,,,,,1,19390716,2,BAL10,h,NY6,1,0,0,regular,y,d
BLG193907162,hughs101,BLG,1,4,value,21,1,0,0,0,0,,,,,1,19390716,2,BAL10,h,NY6,1,0,0,regular,y,d
BLG193907162,wrigb104,BLG,1,9,value,18,1,0,0,0,0,,,,,1,19390716,2,BAL10,h,NY6,1,0,0,regular,y,d
BLG193907162,adame101,BLG,1,9,value,3,1,0,0,0,0,,,,,0,19390716,2,BAL10,h,NY6,1,0,0,regular,y,d
BLG193907162,hoskb101,BLG,1,7,value,21,1,0,0,0,0,,,,,1,19390716,2,BAL10,h,NY6,1,0,0,regular,y,d
BLG193907162,moorr104,BLG,1,3,value,21,11,0,0,1,0,,,,,1,19390716,2,BAL10,h,NY6,1,0,0,regular,y,d
BLG193907162,snowf101,BLG,1,6,value,21,3,1,0,1,0,,,,,1,19390716,2,BAL10,h,NY6,1,0,0,regular,y,d
BLG193907162,rivec101,BLG,1,5,value,21,0,0,0,0,0,,,,,1,19390716,2,BAL10,h,NY6,1,0,0,regular,y,d
BLG193907162,campr102,BLG,1,2,value,21,2,0,0,0,0,0,0,0,1,1,19390716,2,BAL10,h,NY6,1,0,0,regular,y,d
BLG193907162,byrdb101,BLG,1,1,value,21,0,0,0,0,0,,,,,1,19390716,2,BAL10,h,NY6,1,0,0,regular,y,d
NY5193907232,valdf101,NY6,1,6,value,24,2,2,0,0,0,,,,,1,19390723,2,NYC16,v,NY5,0,1,0,regular,y,d
NY5193907232,rodra102,NY6,1,4,value,24,2,4,0,0,0,,,,,1,19390723,2,NYC16,v,NY5,0,1,0,regular,y,d
NY5193907232,vargj101,NY6,1,7,value,24,2,0,0,0,0,,,,,1,19390723,2,NYC16,v,NY5,0,1,0,regular,y,d
NY5193907232,miraa101,NY6,1,3,value,24,11,1,0,0,0,,,,,1,19390723,2,NYC16,v,NY5,0,1,0,regular,y,d
NY5193907232,herer101,NY6,1,5,value,24,0,3,1,0,0,,,,,1,19390723,2,NYC16,v,NY5,0,1,0,regular,y,d
NY5193907232,lopec102,NY6,1,8,value,24,1,1,0,0,0,,,,,1,19390723,2,NYC16,v,NY5,0,1,0,regular,y,d
NY5193907232,carae101,NY6,1,9,value,24,2,0,0,0,0,,,,,1,19390723,2,NYC16,v,NY5,0,1,0,regular,y,d
NY5193907232,casem101,NY6,1,2,value,24,4,0,2,0,0,0,0,3,0,1,19390723,2,NYC16,v,NY5,0,1,0,regular,y,d
NY5193907232,ruizs101,NY6,1,1,value,21,0,3,1,0,0,,,,,1,19390723,2,NYC16,v,NY5,0,1,0,regular,y,d
NY5193907232,tianl102,NY6,1,1,value,3,0,0,0,0,0,,,,,0,19390723,2,NYC16,v,NY5,0,1,0,regular,y,d
NY5193907232,campd103,NY5,1,4,value,27,2,4,0,0,0,,,,,1,19390723,2,NYC16,h,NY6,1,0,0,regular,y,d
NY5193907232,barkm101,NY5,1,8,value,27,0,0,0,0,0,,,,,1,19390723,2,NYC16,h,NY6,1,0,0,regular,y,d
NY5193907232,washj102,NY5,1,3,value,27,9,0,0,0,0,,,,,1,19390723,2,NYC16,h,NY6,1,0,0,regular,y,d
NY5193907232,brooa101,NY5,1,7,value,27,2,0,0,0,0,,,,,1,19390723,2,NYC16,h,NY6,1,0,0,regular,y,d
NY5193907232,cannw101,NY5,1,5,value,27,2,3,0,0,0,,,,,1,19390723,2,NYC16,h,NY6,1,0,0,regular,y,d
NY5193907232,wrigz102,NY5,1,9,value,27,2,0,0,0,0,,,,,1,19390723,2,NYC16,h,NY6,1,0,0,regular,y,d
NY5193907232,millf106,NY5,1,6,value,27,4,2,1,0,0,,,,,1,19390723,2,NYC16,h,NY6,1,0,0,regular,y,d
NY5193907232,clarb107,NY5,1,2,value,27,6,1,0,0,0,0,0,0,0,1,19390723,2,NYC16,h,NY6,1,0,0,regular,y,d
NY5193907232,mcdut101,NY5,1,1,value,27,0,0,0,0,0,,,,,1,19390723,2,NYC16,h,NY6,1,0,0,regular,y,d
PH5193908051,valdf101,NY6,1,6,value,27,4,1,0,1,0,,,,,1,19390805,1,PHI17,v,PH5,1,0,0,regular,y,d
PH5193908051,aranp101,NY6,1,3,value,27,10,0,0,1,0,,,,,1,19390805,1,PHI17,v,PH5,1,0,0,regular,y,d
PH5193908051,vargj101,NY6,1,8,value,27,5,0,0,0,0,,,,,1,19390805,1,PHI17,v,PH5,1,0,0,regular,y,d
PH5193908051,miraa101,NY6,1,4,value,27,3,1,0,1,0,,,,,1,19390805,1,PHI17,v,PH5,1,0,0,regular,y,d
PH5193908051,herer101,NY6,1,5,value,27,1,0,0,0,0,,,,,1,19390805,1,PHI17,v,PH5,1,0,0,regular,y,d
PH5193908051,casem101,NY6,1,2,value,27,0,0,0,0,0,0,2,1,1,1,19390805,1,PHI17,v,PH5,1,0,0,regular,y,d
PH5193908051,pagep102,NY6,1,9,value,21,0,0,0,0,0,,,,,1,19390805,1,PHI17,v,PH5,1,0,0,regular,y,d
PH5193908051,fernj101,NY6,1,9,value,6,0,0,0,0,0,,,,,0,19390805,1,PHI17,v,PH5,1,0,0,regular,y,d
PH5193908051,fabri101,NY6,1,7,value,27,3,0,0,0,0,,,,,1,19390805,1,PHI17,v,PH5,1,0,0,regular,y,d
PH5193908051,ruizs101,NY6,1,1,value,26,1,0,0,0,0,,,,,1,19390805,1,PHI17,v,PH5,1,0,0,regular,y,d
PH5193908051,torra102,NY6,1,1,value,1,0,0,0,0,0,,,,,0,19390805,1,PHI17,v,PH5,1,0,0,regular,y,d
PH5193908051,coopb101,PH5,1,7,value,21,2,0,1,0,0,,,,,1,19390805,1,PHI17,h,NY6,0,1,0,regular,y,d
PH5193908051,palmc101,PH5,1,7,value,6,0,0,0,0,0,,,,,0,19390805,1,PHI17,h,NY6,0,1,0,regular,y,d
PH5193908051,willc106,PH5,1,6,value,27,3,0,0,0,0,,,,,1,19390805,1,PHI17,h,NY6,0,1,0,regular,y,d
PH5193908051,bensg101,PH5,1,8,value,27,3,0,0,0,0,,,,,1,19390805,1,PHI17,h,NY6,0,1,0,regular,y,d
PH5193908051,wilsj106,PH5,1,5,value,27,0,0,0,0,0,,,,,1,19390805,1,PHI17,h,NY6,0,1,0,regular,y,d
PH5193908051,westj102,PH5,1,3,value,27,13,0,0,0,0,,,,,1,19390805,1,PHI17,h,NY6,0,1,0,regular,y,d
PH5193908051,harrc104,PH5,1,4,value,27,2,0,0,0,0,,,,,1,19390805,1,PHI17,h,NY6,0,1,0,regular,y,d
PH5193908051,dunnj104,PH5,1,9,value,21,2,0,0,0,0,,,,,1,19390805,1,PHI17,h,NY6,0,1,0,regular,y,d
PH5193908051,welmr101,PH5,1,9,value,6,0,0,0,0,0,,,,,0,19390805,1,PHI17,h,NY6,0,1,0,regular,y,d
PH5193908051,ruffl101,PH5,1,2,value,27,2,0,0,0,0,0,0,1,0,1,19390805,1,PHI17,h,NY6,0,1,0,regular,y,d
PH5193908051,mcheh101,PH5,1,1,value,27,0,0,0,0,0,,,,,1,19390805,1,PHI17,h,NY6,0,1,0,regular,y,d
PH5193908052,valdf101,NY6,1,6,value,20,3,1,0,0,0,,,,,1,19390805,2,PHI17,v,PH5,0,1,0,regular,y,d
PH5193908052,aranp101,NY6,1,3,value,20,5,0,0,0,0,,,,,1,19390805,2,PHI17,v,PH5,0,1,0,regular,y,d
PH5193908052,vargj101,NY6,1,8,value,20,0,0,0,0,0,,,,,1,19390805,2,PHI17,v,PH5,0,1,0,regular,y,d
PH5193908052,miraa101,NY6,1,4,value,20,1,2,0,0,0,,,,,1,19390805,2,PHI17,v,PH5,0,1,0,regular,y,d
PH5193908052,herer101,NY6,1,5,value,20,2,1,0,0,0,,,,,1,19390805,2,PHI17,v,PH5,0,1,0,regular,y,d
PH5193908052,casem101,NY6,1,2,value,20,5,0,0,0,0,0,0,1,0,1,19390805,2,PHI17,v,PH5,0,1,0,regular,y,d
PH5193908052,pagep102,NY6,1,9,value,20,1,0,0,0,0,,,,,1,19390805,2,PHI17,v,PH5,0,1,0,regular,y,d
PH5193908052,fabri101,NY6,1,7,value,20,3,1,1,0,0,,,,,1,19390805,2,PHI17,v,PH5,0,1,0,regular,y,d
PH5193908052,torra102,NY6,1,1,value,20,0,2,0,0,0,,,,,1,19390805,2,PHI17,v,PH5,0,1,0,regular,y,d
PH5193908052,coopb101,PH5,1,7,value,21,0,0,0,0,0,,,,,1,19390805,2,PHI17,h,NY6,1,0,0,regular,y,d
PH5193908052,willc106,PH5,1,6,value,21,0,6,0,0,0,,,,,1,19390805,2,PHI17,h,NY6,1,0,0,regular,y,d
PH5193908052,bensg101,PH5,1,8,value,21,2,0,0,0,0,,,,,1,19390805,2,PHI17,h,NY6,1,0,0,regular,y,d
PH5193908052,wilsj106,PH5,1,5,value,21,0,2,0,0,0,,,,,1,19390805,2,PHI17,h,NY6,1,0,0,regular,y,d
PH5193908052,westj102,PH5,1,3,value,21,12,1,0,0,0,,,,,1,19390805,2,PHI17,h,NY6,1,0,0,regular,y,d
PH5193908052,palmc101,PH5,1,2,value,21,4,1,0,0,0,0,0,0,0,1,19390805,2,PHI17,h,NY6,1,0,0,regular,y,d
PH5193908052,harrc104,PH5,1,4,value,21,3,0,0,0,0,,,,,1,19390805,2,PHI17,h,NY6,1,0,0,regular,y,d
PH5193908052,dunnj104,PH5,1,9,value,21,0,0,0,0,0,,,,,1,19390805,2,PHI17,h,NY6,1,0,0,regular,y,d
PH5193908052,missj102,PH5,1,1,value,15,0,3,0,0,0,,,,,1,19390805,2,PHI17,h,NY6,1,0,0,regular,y,d
PH5193908052,thoms105,PH5,1,1,value,6,0,0,0,0,0,,,,,0,19390805,2,PHI17,h,NY6,1,0,0,regular,y,d
NY6193908131,kimbh102,BLG,1,8,value,27,4,0,0,0,0,,,,,1,19390813,1,NYC16,v,NY6,1,0,0,regular,y,d
NY6193908131,hughs101,BLG,1,4,value,27,5,4,0,0,0,,,,,1,19390813,1,NYC16,v,NY6,1,0,0,regular,y,d
NY6193908131,moorr104,BLG,1,3,value,27,7,1,0,0,0,,,,,1,19390813,1,NYC16,v,NY6,1,0,0,regular,y,d
NY6193908131,wrigb104,BLG,1,9,value,27,1,0,0,0,0,,,,,1,19390813,1,NYC16,v,NY6,1,0,0,regular,y,d
NY6193908131,hoskb101,BLG,1,7,value,27,2,0,0,0,0,,,,,1,19390813,1,NYC16,v,NY6,1,0,0,regular,y,d
NY6193908131,buttt102,BLG,1,6,value,27,5,3,1,0,0,,,,,1,19390813,1,NYC16,v,NY6,1,0,0,regular,y,d
NY6193908131,snowf101,BLG,1,5,value,27,0,3,1,0,0,,,,,1,19390813,1,NYC16,v,NY6,1,0,0,regular,y,d
NY6193908131,campr102,BLG,1,2,value,27,3,0,0,0,0,0,0,0,0,1,19390813,1,NYC16,v,NY6,1,0,0,regular,y,d
NY6193908131,hubew101,BLG,1,1,value,27,0,1,0,0,0,,,,,1,19390813,1,NYC16,v,NY6,1,0,0,regular,y,d
NY6193908131,rodra102,NY6,1,6,value,27,1,1,0,0,0,,,,,1,19390813,1,NYC16,h,BLG,0,1,0,regular,y,d
NY6193908131,pagep102,NY6,1,3,value,27,5,0,0,0,0,,,,,1,19390813,1,NYC16,h,BLG,0,1,0,regular,y,d
NY6193908131,vargj101,NY6,1,7,value,27,4,0,0,0,0,,,,,1,19390813,1,NYC16,h,BLG,0,1,0,regular,y,d
NY6193908131,miraa101,NY6,1,4,value,27,2,3,2,0,0,,,,,1,19390813,1,NYC16,h,BLG,0,1,0,regular,y,d
NY6193908131,aranp101,NY6,1,5,value,27,1,1,0,0,0,,,,,1,19390813,1,NYC16,h,BLG,0,1,0,regular,y,d
NY6193908131,carae101,NY6,1,9,value,27,4,0,0,0,0,,,,,1,19390813,1,NYC16,h,BLG,0,1,0,regular,y,d
NY6193908131,lopec102,NY6,1,8,value,27,2,0,0,0,0,,,,,1,19390813,1,NYC16,h,BLG,0,1,0,regular,y,d
NY6193908131,casem101,NY6,1,2,value,27,7,1,2,0,0,0,0,2,0,1,19390813,1,NYC16,h,BLG,0,1,0,regular,y,d
NY6193908131,ruizs101,NY6,1,1,value,10,0,0,2,0,0,,,,,1,19390813,1,NYC16,h,BLG,0,1,0,regular,y,d
NY6193908131,tianl102,NY6,1,1,value,11,1,0,0,0,0,,,,,0,19390813,1,NYC16,h,BLG,0,1,0,regular,y,d
NY6193908131,rectc101,NY6,1,1,value,6,0,0,0,0,0,,,,,0,19390813,1,NYC16,h,BLG,0,1,0,regular,y,d
NW2193908170,rodra102,NY6,1,6,value,24,,,0,0,0,,,,,1,19390817,0,NWK04,v,NW2,0,1,0,regular,y,
NW2193908170,pagep102,NY6,1,3,value,24,,,0,0,0,,,,,1,19390817,0,NWK04,v,NW2,0,1,0,regular,y,
NW2193908170,vargj101,NY6,1,7,value,24,,,0,0,0,,,,,1,19390817,0,NWK04,v,NW2,0,1,0,regular,y,
NW2193908170,herer101,NY6,1,4,value,24,,,0,0,0,,,,,1,19390817,0,NWK04,v,NW2,0,1,0,regular,y,
NW2193908170,aranp101,NY6,1,5,value,24,,,0,0,0,,,,,1,19390817,0,NWK04,v,NW2,0,1,0,regular,y,
NW2193908170,carae101,NY6,1,9,value,24,,,0,0,0,,,,,1,19390817,0,NWK04,v,NW2,0,1,0,regular,y,
NW2193908170,lopec102,NY6,1,8,value,24,,,0,0,0,,,,,1,19390817,0,NWK04,v,NW2,0,1,0,regular,y,
NW2193908170,casem101,NY6,1,2,value,24,,,0,0,0,0,,,,1,19390817,0,NWK04,v,NW2,0,1,0,regular,y,
NW2193908170,martf104,NY6,1,1,value,22,,,0,0,0,,,,,1,19390817,0,NWK04,v,NW2,0,1,0,regular,y,
NW2193908170,rectc101,NY6,1,1,value,2,,,0,0,0,,,,,,19390817,0,NWK04,v,NW2,0,1,0,regular,y,
NW2193908170,echoj102,NW2,1,8,value,27,,,0,0,0,,,,,1,19390817,0,NWK04,h,NY6,1,0,0,regular,y,
NW2193908170,seayd101,NW2,1,4,value,27,,,0,0,0,,,,,1,19390817,0,NWK04,h,NY6,1,0,0,regular,y,
NW2193908170,wellw101,NW2,1,6,value,27,,,0,0,0,,,,,1,19390817,0,NWK04,h,NY6,1,0,0,regular,y,
NW2193908170,stone101,NW2,1,9,value,27,,,0,0,0,,,,,1,19390817,0,NWK04,h,NY6,1,0,0,regular,y,
NW2193908170,suttm101,NW2,1,3,value,27,,,0,0,0,,,,,1,19390817,0,NWK04,h,NY6,1,0,0,regular,y,
NW2193908170,wilsf104,NW2,1,5,value,27,,,0,0,0,,,,,1,19390817,0,NWK04,h,NY6,1,0,0,regular,y,
NW2193908170,pearl102,NW2,1,7,value,27,,,0,0,0,,,,,1,19390817,0,NWK04,h,NY6,1,0,0,regular,y,
NW2193908170,mackb102,NW2,1,2,value,27,,,0,0,0,0,,,,1,19390817,0,NWK04,h,NY6,1,0,0,regular,y,
NW2193908170,cozah101,NW2,1,1,value,27,,,0,0,0,,,,,1,19390817,0,NWK04,h,NY6,1,0,0,regular,y,
NW2193908201,valdf101,NY6,1,6,value,24,0,3,0,3,0,,,,,1,19390820,1,NWK04,v,NW2,0,1,0,regular,y,d
NW2193908201,pagep102,NY6,1,3,value,24,3,0,0,3,0,,,,,1,19390820,1,NWK04,v,NW2,0,1,0,regular,y,d
NW2193908201,vargj101,NY6,1,7,value,24,0,0,0,0,0,,,,,1,19390820,1,NWK04,v,NW2,0,1,0,regular,y,d
NW2193908201,herer101,NY6,1,4,value,24,3,3,1,3,0,,,,,1,19390820,1,NWK04,v,NW2,0,1,0,regular,y,d
NW2193908201,aranp101,NY6,1,5,value,24,0,0,1,0,0,,,,,1,19390820,1,NWK04,v,NW2,0,1,0,regular,y,d
NW2193908201,carae101,NY6,1,9,value,24,0,0,0,0,0,,,,,1,19390820,1,NWK04,v,NW2,0,1,0,regular,y,d
NW2193908201,lopec102,NY6,1,8,value,24,0,0,0,0,0,,,,,1,19390820,1,NWK04,v,NW2,0,1,0,regular,y,d
NW2193908201,casem101,NY6,1,2,value,24,0,0,1,0,0,0,0,0,0,1,19390820,1,NWK04,v,NW2,0,1,0,regular,y,d
NW2193908201,torra102,NY6,1,1,value,12,0,0,0,0,0,,,,,1,19390820,1,NWK04,v,NW2,0,1,0,regular,y,d
NW2193908201,rectc101,NY6,1,1,value,12,0,0,0,0,0,,,,,0,19390820,1,NWK04,v,NW2,0,1,0,regular,y,d
NW2193908201,echoj102,NW2,1,8,value,27,0,0,0,0,0,,,,,1,19390820,1,NWK04,h,NY6,1,0,0,regular,y,d
NW2193908201,seayd101,NW2,1,4,value,27,3,3,0,3,0,,,,,1,19390820,1,NWK04,h,NY6,1,0,0,regular,y,d
NW2193908201,wellw101,NW2,1,6,value,27,0,3,0,3,0,,,,,1,19390820,1,NWK04,h,NY6,1,0,0,regular,y,d
NW2193908201,stone101,NW2,1,5,value,27,0,0,0,0,0,,,,,1,19390820,1,NWK04,h,NY6,1,0,0,regular,y,d
NW2193908201,suttm101,NW2,1,3,value,15,3,0,0,3,0,,,,,1,19390820,1,NWK04,h,NY6,1,0,0,regular,y,d
NW2193908201,irvim101,NW2,1,3,value,12,0,0,0,0,0,,,,,0,19390820,1,NWK04,h,NY6,1,0,0,regular,y,d
NW2193908201,wilsf104,NW2,1,9,value,27,0,0,0,0,0,,,,,1,19390820,1,NWK04,h,NY6,1,0,0,regular,y,d
NW2193908201,pearl102,NW2,1,7,value,27,0,0,0,0,0,,,,,1,19390820,1,NWK04,h,NY6,1,0,0,regular,y,d
NW2193908201,hayej104,NW2,1,2,value,27,0,0,1,0,0,0,0,0,0,1,19390820,1,NWK04,h,NY6,1,0,0,regular,y,d
NW2193908201,day-l101,NW2,1,1,value,27,0,0,0,0,0,,,,,1,19390820,1,NWK04,h,NY6,1,0,0,regular,y,d
NW2193908202,valdf101,NY6,1,6,value,24,0,2,0,2,0,,,,,1,19390820,2,NWK04,v,NW2,0,1,0,regular,y,d
NW2193908202,pagep102,NY6,1,3,value,24,2,0,0,2,0,,,,,1,19390820,2,NWK04,v,NW2,0,1,0,regular,y,d
NW2193908202,vargj101,NY6,1,7,value,24,0,0,1,0,0,,,,,1,19390820,2,NWK04,v,NW2,0,1,0,regular,y,d
NW2193908202,herer101,NY6,1,4,value,24,2,2,0,2,0,,,,,1,19390820,2,NWK04,v,NW2,0,1,0,regular,y,d
NW2193908202,aranp101,NY6,1,5,value,24,0,0,1,0,0,,,,,1,19390820,2,NWK04,v,NW2,0,1,0,regular,y,d
NW2193908202,carae101,NY6,1,9,value,24,0,0,0,0,0,,,,,1,19390820,2,NWK04,v,NW2,0,1,0,regular,y,d
NW2193908202,lopec102,NY6,1,8,value,24,0,1,0,0,0,,,,,1,19390820,2,NWK04,v,NW2,0,1,0,regular,y,d
NW2193908202,fernj101,NY6,1,2,value,24,1,0,0,0,0,0,0,1,1,1,19390820,2,NWK04,v,NW2,0,1,0,regular,y,d
NW2193908202,tianl102,NY6,1,1,value,24,0,0,0,0,0,,,,,1,19390820,2,NWK04,v,NW2,0,1,0,regular,y,d
NW2193908202,irvim101,NW2,1,8,value,27,0,0,0,0,0,,,,,1,19390820,2,NWK04,h,NY6,1,0,0,regular,y,d
NW2193908202,seayd101,NW2,1,4,value,27,0,0,0,0,0,,,,,1,19390820,2,NWK04,h,NY6,1,0,0,regular,y,d
NW2193908202,wellw101,NW2,1,6,value,27,0,0,0,0,0,,,,,1,19390820,2,NWK04,h,NY6,1,0,0,regular,y,d
NW2193908202,stone101,NW2,1,5,value,27,0,0,0,0,0,,,,,1,19390820,2,NWK04,h,NY6,1,0,0,regular,y,d
NW2193908202,suttm101,NW2,1,3,value,27,0,0,0,0,0,,,,,1,19390820,2,NWK04,h,NY6,1,0,0,regular,y,d
NW2193908202,wilsf104,NW2,1,9,value,27,0,0,0,0,0,,,,,1,19390820,2,NWK04,h,NY6,1,0,0,regular,y,d
NW2193908202,pearl102,NW2,1,7,value,27,0,0,0,0,0,,,,,1,19390820,2,NWK04,h,NY6,1,0,0,regular,y,d
NW2193908202,mackb102,NW2,1,2,value,27,0,0,0,0,0,0,0,0,0,1,19390820,2,NWK04,h,NY6,1,0,0,regular,y,d
NW2193908202,mannm101,NW2,1,1,value,27,0,0,2,0,0,,,,,1,19390820,2,NWK04,h,NY6,1,0,0,regular,y,d
BLG193908271,valdf101,NY6,1,4,value,27,0,1,0,1,0,,,,,1,19390827,1,BAL10,v,BLG,1,0,0,exhibition,y,d
BLG193908271,rodra102,NY6,1,6,value,27,1,1,0,1,0,,,,,1,19390827,1,BAL10,v,BLG,1,0,0,exhibition,y,d
BLG193908271,vargj101,NY6,1,8,value,27,0,0,0,0,0,,,,,1,19390827,1,BAL10,v,BLG,1,0,0,exhibition,y,d
BLG193908271,herer101,NY6,1,5,value,27,0,0,0,0,0,,,,,1,19390827,1,BAL10,v,BLG,1,0,0,exhibition,y,d
BLG193908271,aranp101,NY6,1,3,value,27,1,0,1,1,0,,,,,1,19390827,1,BAL10,v,BLG,1,0,0,exhibition,y,d
BLG193908271,carae101,NY6,1,9,value,27,0,0,0,0,0,,,,,1,19390827,1,BAL10,v,BLG,1,0,0,exhibition,y,d
BLG193908271,pagep102,NY6,1,7,value,27,0,0,0,0,0,,,,,1,19390827,1,BAL10,v,BLG,1,0,0,exhibition,y,d
BLG193908271,casem101,NY6,1,2,value,27,0,0,0,0,0,0,0,0,0,1,19390827,1,BAL10,v,BLG,1,0,0,exhibition,y,d
BLG193908271,ruizs101,NY6,1,1,value,27,0,0,0,0,0,,,,,1,19390827,1,BAL10,v,BLG,1,0,0,exhibition,y,d
BLG193908271,kimbh102,BLG,1,8,value,27,0,0,0,0,0,,,,,1,19390827,1,BAL10,h,NY6,0,1,0,exhibition,y,d
BLG193908271,snowf101,BLG,1,4,value,27,1,1,0,1,0,,,,,1,19390827,1,BAL10,h,NY6,0,1,0,exhibition,y,d
BLG193908271,moorr104,BLG,1,3,value,27,1,0,0,1,0,,,,,1,19390827,1,BAL10,h,NY6,0,1,0,exhibition,y,d
BLG193908271,hoskb101,BLG,1,7,value,27,0,0,0,0,0,,,,,1,19390827,1,BAL10,h,NY6,0,1,0,exhibition,y,d
BLG193908271,buttt102,BLG,1,6,value,27,0,1,1,1,0,,,,,1,19390827,1,BAL10,h,NY6,0,1,0,exhibition,y,d
BLG193908271,adame101,BLG,1,9,value,21,0,0,0,0,0,,,,,1,19390827,1,BAL10,h,NY6,0,1,0,exhibition,y,d
BLG193908271,gainj102,BLG,1,9,value,6,0,0,0,0,0,,,,,0,19390827,1,BAL10,h,NY6,0,1,0,exhibition,y,d
BLG193908271,walkh103,BLG,1,5,value,27,0,0,0,0,0,,,,,1,19390827,1,BAL10,h,NY6,0,1,0,exhibition,y,d
BLG193908271,campr102,BLG,1,2,value,27,0,0,2,0,0,0,0,1,1,1,19390827,1,BAL10,h,NY6,0,1,0,exhibition,y,d
BLG193908271,hubew101,BLG,1,1,value,27,0,0,0,0,0,,,,,1,19390827,1,BAL10,h,NY6,0,1,0,exhibition,y,d
BLG193908272,valdf101,NY6,1,4,value,18,0,0,0,0,0,,,,,1,19390827,2,BAL10,v,BLG,0,1,0,exhibition,y,d
BLG193908272,rodra102,NY6,1,6,value,18,0,0,0,0,0,,,,,1,19390827,2,BAL10,v,BLG,0,1,0,exhibition,y,d
BLG193908272,vargj101,NY6,1,8,value,18,1,0,0,0,0,,,,,1,19390827,2,BAL10,v,BLG,0,1,0,exhibition,y,d
BLG193908272,herer101,NY6,1,5,value,18,0,0,0,0,0,,,,,1,19390827,2,BAL10,v,BLG,0,1,0,exhibition,y,d
BLG193908272,aranp101,NY6,1,3,value,18,0,0,0,0,0,,,,,1,19390827,2,BAL10,v,BLG,0,1,0,exhibition,y,d
BLG193908272,carae101,NY6,1,9,value,18,0,0,0,0,0,,,,,1,19390827,2,BAL10,v,BLG,0,1,0,exhibition,y,d
BLG193908272,pagep102,NY6,1,7,value,18,0,0,0,0,0,,,,,1,19390827,2,BAL10,v,BLG,0,1,0,exhibition,y,d
BLG193908272,casem101,NY6,1,2,value,18,0,0,0,0,0,0,0,2,0,1,19390827,2,BAL10,v,BLG,0,1,0,exhibition,y,d
BLG193908272,torra102,NY6,1,1,value,18,0,0,0,0,0,,,,,1,19390827,2,BAL10,v,BLG,0,1,0,exhibition,y,d
BLG193908272,kimbh102,BLG,1,8,value,21,0,0,1,0,0,,,,,1,19390827,2,BAL10,h,NY6,1,0,0,exhibition,y,d
BLG193908272,snowf101,BLG,1,4,value,21,0,0,0,0,0,,,,,1,19390827,2,BAL10,h,NY6,1,0,0,exhibition,y,d
BLG193908272,moorr104,BLG,1,3,value,21,0,0,0,0,0,,,,,1,19390827,2,BAL10,h,NY6,1,0,0,exhibition,y,d
BLG193908272,hoskb101,BLG,1,7,value,21,0,0,0,0,0,,,,,1,19390827,2,BAL10,h,NY6,1,0,0,exhibition,y,d
BLG193908272,buttt102,BLG,1,6,value,21,0,0,0,0,0,,,,,1,19390827,2,BAL10,h,NY6,1,0,0,exhibition,y,d
BLG193908272,hollc103,BLG,1,9,value,21,0,0,0,0,0,,,,,1,19390827,2,BAL10,h,NY6,1,0,0,exhibition,y,d
BLG193908272,walkh103,BLG,1,5,value,21,0,0,0,0,0,,,,,1,19390827,2,BAL10,h,NY6,1,0,0,exhibition,y,d
BLG193908272,campr102,BLG,1,2,value,21,0,0,0,0,0,1,0,0,0,1,19390827,2,BAL10,h,NY6,1,0,0,exhibition,y,d
BLG193908272,adame101,BLG,1,1,value,21,0,0,0,0,0,,,,,1,19390827,2,BAL10,h,NY6,1,0,0,exhibition,y,d
NY5193908280,valdf101,NY6,1,6,value,24,1,0,0,0,0,,,,,1,19390828,0,MID04,v,NY5,0,1,0,regular,y,d
NY5193908280,rodra102,NY6,1,4,value,24,2,2,0,0,0,,,,,1,19390828,0,MID04,v,NY5,0,1,0,regular,y,d
NY5193908280,vargj101,NY6,1,7,value,24,1,0,0,0,0,,,,,1,19390828,0,MID04,v,NY5,0,1,0,regular,y,d
NY5193908280,aranp101,NY6,1,5,value,24,1,1,0,0,0,,,,,1,19390828,0,MID04,v,NY5,0,1,0,regular,y,d
NY5193908280,casem101,NY6,1,2,value,24,12,2,0,0,0,0,0,0,2,1,19390828,0,MID04,v,NY5,0,1,0,regular,y,d
NY5193908280,carae101,NY6,1,9,value,24,1,0,0,0,0,,,,,1,19390828,0,MID04,v,NY5,0,1,0,regular,y,d
NY5193908280,lopec102,NY6,1,8,value,24,0,0,0,0,0,,,,,1,19390828,0,MID04,v,NY5,0,1,0,regular,y,d
NY5193908280,pagep102,NY6,1,3,value,24,6,1,0,0,0,,,,,1,19390828,0,MID04,v,NY5,0,1,0,regular,y,d
NY5193908280,tianl102,NY6,1,1,value,24,0,3,0,0,0,,,,,1,19390828,0,MID04,v,NY5,0,1,0,regular,y,d
NY5193908280,campd103,NY5,1,4,value,27,3,6,0,1,0,,,,,1,19390828,0,MID04,h,NY6,1,0,0,regular,y,d
NY5193908280,millf106,NY5,1,6,value,27,1,1,0,1,0,,,,,1,19390828,0,MID04,h,NY6,1,0,0,regular,y,d
NY5193908280,barkm101,NY5,1,5,value,27,0,3,0,0,0,,,,,1,19390828,0,MID04,h,NY6,1,0,0,regular,y,d
NY5193908280,wrigz102,NY5,1,9,value,27,2,0,0,0,0,,,,,1,19390828,0,MID04,h,NY6,1,0,0,regular,y,d
NY5193908280,parkc101,NY5,1,2,value,27,7,0,0,0,0,0,0,0,0,1,19390828,0,MID04,h,NY6,1,0,0,regular,y,d
NY5193908280,washj102,NY5,1,3,value,27,10,0,0,1,0,,,,,1,19390828,0,MID04,h,NY6,1,0,0,regular,y,d
NY5193908280,burgr101,NY5,1,7,value,27,2,0,0,0,0,,,,,1,19390828,0,MID04,h,NY6,1,0,0,regular,y,d
NY5193908280,biotc101,NY5,1,8,value,27,2,0,1,0,0,,,,,1,19390828,0,MID04,h,NY6,1,0,0,regular,y,d
NY5193908280,hollb106,NY5,1,1,value,27,0,1,0,0,0,,,,,1,19390828,0,MID04,h,NY6,1,0,0,regular,y,d
NY5193909041,casem101,NY6,1,2,value,27,,,0,,0,,,,,1,19390904,1,NYC23,v,NY5,1,0,0,regular,,
NY5193909041,martf104,NY6,1,1,value,24,,,0,,0,0,,,,1,19390904,1,NYC23,v,NY5,1,0,0,regular,,
NY5193909041,rectc101,NY6,1,1,value,3,,,0,,0,0,,,,,19390904,1,NYC23,v,NY5,1,0,0,regular,,
NY5193909041,clarb107,NY5,1,2,value,27,,,0,,0,,,,,1,19390904,1,NYC23,h,NY6,0,1,0,regular,,
NY5193909041,stann101,NY5,1,1,value,,,,0,,0,0,,,,1,19390904,1,NYC23,h,NY6,0,1,0,regular,,
NY5193909041,willr106,NY5,1,1,value,,,,0,,0,0,,,,,19390904,1,NYC23,h,NY6,0,1,0,regular,,
