gid,id,team,d_seq,d_pos,stattype,d_ifouts,d_po,d_a,d_e,d_dp,d_tp,d_pb,d_wp,d_sb,d_cs,d_gs,date,number,site,vishome,opp,win,loss,tie,gametype,box,pbp
NW2194005130,millf106,NY5,1,4,value,27,,4,0,1,0,,,,,1,19400513,0,DUR01,v,NW2,1,0,0,exhibition,y,
NW2194005130,currg102,NY5,1,7,value,,,0,0,0,0,,,,,1,19400513,0,DUR01,v,NW2,1,0,0,exhibition,y,
NW2194005130,barbb102,NY5,1,7,value,,,0,0,0,0,,,,,,19400513,0,DUR01,v,NW2,1,0,0,exhibition,y,
NW2194005130,washj102,NY5,1,3,value,27,,0,0,1,0,,,,,1,19400513,0,DUR01,v,NW2,1,0,0,exhibition,y,
NW2194005130,speah101,NY5,1,5,value,27,,2,1,0,0,,,,,1,19400513,0,DUR01,v,NW2,1,0,0,exhibition,y,
NW2194005130,biotc101,NY5,1,8,value,27,,0,1,0,0,,,,,1,19400513,0,DUR01,v,NW2,1,0,0,exhibition,y,
NW2194005130,debrr101,NY5,1,9,value,27,,0,0,0,0,,,,,1,19400513,0,DUR01,v,NW2,1,0,0,exhibition,y,
NW2194005130,hayej104,NY5,1,2,value,27,,1,0,0,0,0,,,,1,19400513,0,DUR01,v,NW2,1,0,0,exhibition,y,
NW2194005130,walkh103,NY5,1,6,value,27,,4,0,1,0,,,,,1,19400513,0,DUR01,v,NW2,1,0,0,exhibition,y,
NW2194005130,barbl101,NY5,1,1,value,27,,3,0,0,0,,,,,1,19400513,0,DUR01,v,NW2,1,0,0,exhibition,y,
NW2194005130,mattf101,NW2,1,3,value,27,,1,0,1,0,,,,,1,19400513,0,DUR01,h,NY5,0,1,0,exhibition,y,
NW2194005130,seayd101,NW2,1,4,value,27,,6,0,1,0,,,,,1,19400513,0,DUR01,h,NY5,0,1,0,exhibition,y,
NW2194005130,stone101,NW2,1,9,value,27,,0,0,0,0,,,,,1,19400513,0,DUR01,h,NY5,0,1,0,exhibition,y,
NW2194005130,suttm101,NW2,1,7,value,27,,0,0,0,0,,,,,1,19400513,0,DUR01,h,NY5,0,1,0,exhibition,y,
NW2194005130,pearl102,NW2,1,6,value,27,,5,1,0,0,,,,,1,19400513,0,DUR01,h,NY5,0,1,0,exhibition,y,
NW2194005130,irvim101,NW2,1,8,value,27,,0,0,0,0,,,,,1,19400513,0,DUR01,h,NY5,0,1,0,exhibition,y,
NW2194005130,isrec101,NW2,1,5,value,27,,0,0,0,0,,,,,1,19400513,0,DUR01,h,NY5,0,1,0,exhibition,y,
NW2194005130,mackb102,NW2,1,2,value,21,,3,0,0,0,0,,,,1,19400513,0,DUR01,h,NY5,0,1,0,exhibition,y,
NW2194005130,eastu101,NW2,1,1,value,3,,0,0,0,0,,,,,,19400513,0,DUR01,h,NY5,0,1,0,exhibition,y,
NW2194005130,reeda102,NW2,1,1,value,3,,0,0,0,0,,,,,,19400513,0,DUR01,h,NY5,0,1,0,exhibition,y,
NW2194005130,mannm101,NW2,1,1,value,8,,1,1,0,0,,,,,1,19400513,0,DUR01,h,NY5,0,1,0,exhibition,y,
NW2194005130,walkj105,NW2,1,1,value,13,,0,2,0,0,,,,,,19400513,0,DUR01,h,NY5,0,1,0,exhibition,y,
NW2194005130,parkc101,NW2,1,2,value,6,,0,0,0,0,0,,,,,19400513,0,DUR01,h,NY5,0,1,0,exhibition,y,
