gid,id,team,p_seq,stattype,p_ipouts,p_noout,p_bfp,p_h,p_d,p_t,p_hr,p_r,p_er,p_w,p_iw,p_k,p_hbp,p_wp,p_bk,p_sh,p_sf,p_sb,p_cs,p_pb,wp,lp,save,p_gs,p_gf,p_cg,date,number,site,vishome,opp,win,loss,tie,gametype,box,pbp
IN8194006170,bradf104,KCM,2,value,15,,,3,,,,1,,2,,,,,,,,,,,1,,,,1,,19400617,0,FOR04,v,IN8,1,0,0,regular,,
IN8194006170,matcj101,KCM,1,value,12,,,2,,,,3,,1,,,,,,,,,,,,,,1,,,19400617,0,FOR04,v,IN8,1,0,0,regular,,
IN8194006170,johnj117,IN8,1,value,27,,,7,1,3,,5,,1,,,,,,,,,,,,1,,1,,1,19400617,0,FOR04,h,KCM,0,1,0,regular,,
BLG194308110,jessg101,CAG,1,value,24,,40,11,,,,8,,2,,7,0,,,0,,,,,,1,,1,,1,19430811,0,FOR04,v,BLG,0,1,0,exhibition,y,
BLG194308110,glovt101,BLG,1,value,27,,36,8,,,,3,,1,,4,0,,,0,,,,,1,,,1,,1,19430811,0,FOR04,h,CAG,1,0,0,exhibition,y,
