gid,id,team,d_seq,d_pos,stattype,d_ifouts,d_po,d_a,d_e,d_dp,d_tp,d_pb,d_wp,d_sb,d_cs,d_gs,date,number,site,vishome,opp,win,loss,tie,gametype,box,pbp,eject
ACY192610010,garcc102,ACY,1,4,value,27,3,3,0,1,0,,,,,1,19261001,0,ACY01,h,CAG,0,0,1,championship,y,y,
ACY192610020,garcc102,ACY,1,4,value,27,1,6,0,0,0,,,,,1,19261002,0,ACY01,h,CAG,0,1,0,championship,y,y,
ACY192610030,garcc102,ACY,1,4,value,27,2,4,0,0,0,,,,,1,19261003,0,BAL13,h,CAG,1,0,0,championship,y,y,
ACY192610040,garcc102,ACY,1,4,value,27,2,4,0,0,0,,,,,1,19261004,0,PHI09,h,CAG,0,0,1,championship,y,y,
ACY192610050,garcc102,ACY,1,4,value,27,1,3,1,0,0,,,,,1,19261005,0,PHI09,h,CAG,1,0,0,championship,y,y,
ACY192610060,garcc102,ACY,1,4,value,27,0,0,0,0,0,,,,,1,19261006,0,ACY01,h,CAG,1,0,0,championship,y,d,
CAG192610090,garcc102,ACY,1,4,value,26,0,2,1,0,0,,,,,1,19261009,0,CHI09,v,CAG,0,1,0,championship,y,y,
CAG192610100,garcc102,ACY,1,4,value,27,3,3,0,0,0,,,,,1,19261010,0,CHI09,v,CAG,1,0,0,championship,y,y,
CAG192610110,garcc102,ACY,1,4,value,24,0,3,0,0,0,,,,,1,19261011,0,CHI09,v,CAG,0,1,0,championship,y,y,
CAG192610130,garcc102,ACY,1,4,value,24,2,4,0,0,0,,,,,1,19261013,0,CHI09,v,CAG,0,1,0,championship,y,y,
CAG192610140,garcc102,ACY,1,4,value,25,0,4,0,0,0,,,,,1,19261014,0,CHI09,v,CAG,0,1,0,championship,y,d,
