gid,id,team,b_lp,b_seq,stattype,b_pa,b_ab,b_r,b_h,b_d,b_t,b_hr,b_rbi,b_sh,b_sf,b_hbp,b_w,b_iw,b_k,b_sb,b_cs,b_gdp,b_xi,b_roe,dh,ph,pr,date,number,site,vishome,opp,win,loss,tie,gametype,box,pbp,eject
BIR193805011,simsl101,BIR,7,1,value,4,3,0,0,0,0,0,0,0,,0,1,,,0,,,,,,,,19380501,1,BIR01,h,CAG,0,1,0,exhibition,y,,
BIR193805012,simsl101,BIR,7,1,value,3,3,0,0,0,0,0,0,0,,0,0,,,0,,,,,,,,19380501,2,BIR01,h,CAG,0,1,0,exhibition,y,,
ATN193805082,simsl101,ATN,2,1,value,3,3,0,0,0,0,0,0,0,0,0,0,0,0,0,0,0,0,0,,,,19380508,2,ATL04,h,CAG,0,1,0,exhibition,y,d,
ATN193805120,simsl101,ATN,2,1,value,4,3,1,1,1,0,0,0,0,0,0,1,0,0,0,0,0,0,0,,,,19380512,0,ATL04,h,BIR,1,0,0,regular,y,y,
ATN193805151,simsl101,ATN,1,1,value,5,5,1,1,0,0,0,0,0,0,0,0,0,0,0,0,0,0,0,,,,19380515,1,ATL04,h,BIR,1,0,0,regular,y,d,
ATN193805152,simsl101,ATN,1,1,value,3,3,0,0,0,0,0,0,0,0,0,0,0,1,0,0,0,0,0,,,,19380515,2,ATL04,h,BIR,0,1,0,regular,y,d,
ATN193805170,simsl101,ATN,2,1,value,6,5,2,3,0,0,0,1,1,0,0,0,0,0,0,0,0,0,0,,,,19380517,0,ATL04,h,BIR,1,0,0,regular,y,d,
BIR193805221,simsl101,ATN,2,1,value,5,5,0,1,0,0,0,0,0,0,0,0,0,,0,0,0,0,0,,,,19380522,1,BIR01,v,BIR,1,0,0,regular,y,d,
BIR193805222,simsl101,ATN,2,1,value,2,2,0,1,0,0,0,0,0,0,0,0,0,,0,0,0,0,0,,,,19380522,2,BIR01,v,BIR,0,1,0,regular,y,d,
BIR193805260,simsl101,ATN,1,1,value,5,5,1,1,1,0,0,0,0,0,0,0,0,0,0,0,0,0,0,,,,19380526,0,BIR01,v,BIR,1,0,0,regular,y,d,
KCM193806051,simsl101,ATN,1,1,value,4,3,0,0,0,0,0,0,0,0,0,1,0,,0,0,0,0,0,,,,19380605,1,KAN05,v,KCM,0,1,0,regular,y,d,
KCM193806052,simsl101,ATN,8,1,value,3,3,0,0,0,0,0,0,0,0,0,0,0,,0,0,0,0,2,,,,19380605,2,KAN05,v,KCM,0,1,0,regular,y,d,
KCM193806060,simsl101,ATN,8,1,value,2,2,0,0,0,0,0,0,0,0,0,0,0,,0,0,0,0,0,,,,19380606,0,WIC01,v,KCM,0,1,0,regular,y,d,
