gid,id,team,d_seq,d_pos,stattype,d_ifouts,d_po,d_a,d_e,d_dp,d_tp,d_pb,d_wp,d_sb,d_cs,d_gs,date,number,site,vishome,opp,win,loss,tie,gametype,box,pbp,eject
PIT192909200,mosoj101,PIT,1,7,value,6,0,0,0,0,0,,,,,0,19290920,0,PIT06,h,BSN,1,0,0,regular,y,y,
SLN192909270,mosoj101,PIT,1,7,value,24,2,0,0,0,0,,,,,1,19290927,0,STL07,v,SLN,0,1,0,regular,y,y,
PIT192910052,mosoj101,PIT,1,7,value,27,6,0,0,0,0,,,,,1,19291005,2,PIT06,h,SLN,1,0,0,regular,y,y,
PIT193005060,mosoj101,PIT,1,7,value,3,0,0,0,0,0,,,,,0,19300506,0,PIT06,h,NY1,0,1,0,regular,y,y,
PIT193005120,mosoj101,PIT,1,9,value,27,1,0,0,0,0,,,,,1,19300512,0,PIT06,h,BRO,1,0,0,regular,y,y,
PIT193005130,mosoj101,PIT,1,9,value,27,2,1,2,0,0,,,,,1,19300513,0,PIT06,h,PHI,0,1,0,regular,y,y,
CIN193005252,mosoj101,PIT,1,9,value,25,0,0,0,0,0,,,,,0,19300525,2,CIN07,v,CIN,0,1,0,regular,y,y,
PIT193005260,mosoj101,PIT,1,9,value,3,0,0,0,0,0,,,,,0,19300526,0,PIT06,h,SLN,0,1,0,regular,y,y,
PIT193005301,mosoj101,PIT,1,9,value,27,2,0,0,0,0,,,,,1,19300530,1,PIT06,h,CIN,0,1,0,regular,y,y,
PIT193005302,mosoj101,PIT,1,9,value,27,1,0,0,0,0,,,,,1,19300530,2,PIT06,h,CIN,1,0,0,regular,y,y,
CHN193006010,mosoj101,PIT,1,9,value,24,0,0,2,0,0,,,,,1,19300601,0,CHI11,v,CHN,0,1,0,regular,y,y,
BRO193006030,mosoj101,PIT,1,7,value,1,0,0,0,0,0,,,,,0,19300603,0,NYC15,v,BRO,0,1,0,regular,y,y,
SLN193007070,mosoj101,PIT,1,9,value,12,3,0,0,0,0,,,,,0,19300707,0,STL07,v,SLN,1,0,0,regular,y,y,
BRO193007140,mosoj101,PIT,1,9,value,24,3,0,0,0,0,,,,,1,19300714,0,NYC15,v,BRO,0,1,0,regular,y,y,
PHI193009160,mosoj101,PIT,1,1,value,1,0,0,0,0,0,,,,,0,19300916,0,PHI09,v,PHI,0,1,0,regular,y,y,
PIT193104240,mosoj101,PIT,1,7,value,27,3,0,0,0,0,,,,,1,19310424,0,PIT06,h,CHN,0,1,0,regular,y,y,
PIT193104250,mosoj101,PIT,1,7,value,27,0,0,0,0,0,,,,,1,19310425,0,PIT06,h,CHN,0,1,0,regular,y,y,
PIT193106030,mosoj101,PIT,1,9,value,30,1,0,0,0,0,,,,,1,19310603,0,PIT06,h,BSN,0,1,0,regular,y,y,
PHI193106260,mosoj101,PIT,1,7,value,24,1,0,0,0,0,,,,,1,19310626,0,PHI09,v,PHI,0,1,0,regular,y,y,
BRO193307010,mosoj101,CHN,1,7,value,27,2,0,0,0,0,,,,,1,19330701,0,NYC15,v,BRO,1,0,0,regular,y,y,
BRO193307021,mosoj101,CHN,1,7,value,24,2,0,0,0,0,,,,,1,19330702,1,NYC15,v,BRO,0,1,0,regular,y,y,
BRO193307022,mosoj101,CHN,1,7,value,26,2,1,0,0,0,,,,,1,19330702,2,NYC15,v,BRO,0,1,0,regular,y,y,
CHN193307041,mosoj101,CHN,1,7,value,27,2,0,0,0,0,,,,,1,19330704,1,CHI11,h,CIN,1,0,0,regular,y,y,
CHN193307042,mosoj101,CHN,1,7,value,27,2,0,0,0,0,,,,,1,19330704,2,CHI11,h,CIN,0,1,0,regular,y,y,
CHN193307050,mosoj101,CHN,1,7,value,27,3,0,0,0,0,,,,,1,19330705,0,CHI11,h,CIN,1,0,0,regular,y,y,
CHN193307070,mosoj101,CHN,1,7,value,27,4,0,0,0,0,,,,,1,19330707,0,CHI11,h,NY1,1,0,0,regular,y,y,
CHN193307080,mosoj101,CHN,1,7,value,27,1,0,0,0,0,,,,,1,19330708,0,CHI11,h,NY1,1,0,0,regular,y,y,
CHN193307092,mosoj101,CHN,1,7,value,27,2,0,0,0,0,,,,,1,19330709,2,CHI11,h,NY1,1,0,0,regular,y,y,
CHN193307110,mosoj101,CHN,1,7,value,27,3,0,0,0,0,,,,,1,19330711,0,CHI11,h,BRO,1,0,0,regular,y,y,
CHN193307120,mosoj101,CHN,1,7,value,27,1,0,0,0,0,,,,,1,19330712,0,CHI11,h,BRO,1,0,0,regular,y,y,
CHN193307130,mosoj101,CHN,1,7,value,27,4,0,0,0,0,,,,,1,19330713,0,CHI11,h,BRO,1,0,0,regular,y,y,
CHN193307140,mosoj101,CHN,1,7,value,27,5,0,0,0,0,,,,,1,19330714,0,CHI11,h,BRO,0,1,0,regular,y,y,
PHI193308261,mosoj101,CHN,1,8,value,3,0,0,0,0,0,,,,,0,19330826,1,PHI09,v,PHI,1,0,0,regular,y,d,
PHI193308261,mosoj101,CHN,2,7,value,3,0,0,0,0,0,,,,,0,19330826,1,PHI09,v,PHI,1,0,0,regular,y,d,
BRO193308271,mosoj101,CHN,1,7,value,27,3,0,0,0,0,,,,,1,19330827,1,NYC15,v,BRO,1,0,0,regular,y,y,
BRO193308272,mosoj101,CHN,1,7,value,24,2,0,0,0,0,,,,,1,19330827,2,NYC15,v,BRO,0,1,0,regular,y,y,
BRO193308291,mosoj101,CHN,1,7,value,24,6,1,1,0,0,,,,,1,19330829,1,NYC15,v,BRO,0,1,0,regular,y,y,
BRO193308292,mosoj101,CHN,1,7,value,27,2,0,0,0,0,,,,,1,19330829,2,NYC15,v,BRO,1,0,0,regular,y,y,
BRO193308301,mosoj101,CHN,1,7,value,27,3,0,1,0,0,,,,,1,19330830,1,NYC15,v,BRO,1,0,0,regular,y,y,
BRO193308302,mosoj101,CHN,1,8,value,3,1,0,0,0,0,,,,,0,19330830,2,NYC15,v,BRO,0,1,0,regular,y,y,
CHN193309152,mosoj101,CHN,1,8,value,6,1,0,0,0,0,,,,,0,19330915,2,CHI11,h,NY1,0,1,0,regular,y,y,
CHN193309190,mosoj101,CHN,1,7,value,12,1,0,0,0,0,,,,,0,19330919,0,CHI11,h,BRO,0,1,0,regular,y,y,
KCM193310150,mosoj101,ASD,1,8,value,,4,0,0,0,0,,,,,1,19331015,0,KAN05,v,KCM,0,1,0,exhibition,y,,
ASD193410120,mosoj101,ASD,1,7,value,27,3,0,0,0,0,,,,,1,19341012,0,KAN05,h,KCM,0,1,0,exhibition,y,,
