gid,event,inning,top_bot,vis_home,site,batteam,pitteam,score_v,score_h,batter,pitcher,lp,bat_f,bathand,pithand,balls,strikes,count,pitches,nump,pa,ab,single,double,triple,hr,sh,sf,hbp,walk,k,xi,roe,fc,othout,noout,oth,bip,bunt,ground,fly,line,iw,gdp,othdp,tp,fle,wp,pb,bk,oa,di,sb2,sb3,sbh,cs2,cs3,csh,pko1,pko2,pko3,k_safe,e1,e2,e3,e4,e5,e6,e7,e8,e9,outs_pre,outs_post,br1_pre,br2_pre,br3_pre,br1_post,br2_post,br3_post,lob_id1,lob_id2,lob_id3,pr1_pre,pr2_pre,pr3_pre,pr1_post,pr2_post,pr3_post,run_b,run1,run2,run3,prun_b,prun1,prun2,prun3,ur_b,ur1,ur2,ur3,rbi_b,rbi1,rbi2,rbi3,runs,rbi,er,tur,l1,l2,l3,l4,l5,l6,l7,l8,l9,lf1,lf2,lf3,lf4,lf5,lf6,lf7,lf8,lf9,f2,f3,f4,f5,f6,f7,f8,f9,po0,po1,po2,po3,po4,po5,po6,po7,po8,po9,a1,a2,a3,a4,a5,a6,a7,a8,a9,fseq,batout1,batout2,batout3,brout_b,brout1,brout2,brout3,firstf,loc,hittype,dpopp,pivot,pn,umphome,ump1b,ump2b,ump3b,umplf,umprf,date,gametype,pbp
PH5194906020,99,1,0,0,BRI01,HOE,PH5,0,0,wilkj101,rickb102,1,8,L,R,?,?,??,,,1,1,0,0,0,0,0,0,0,0,0,0,0,0,1,0,1,1,0,0,0,0,0,0,0,0,0,0,0,0,0,0,0,0,0,0,0,0,0,0,0,0,0,0,0,0,0,0,0,0,0,0,1,,,,,,,,,,,,,,,,,,,,,,,,0,0,0,0,0,0,0,0,0,0,0,0,wilkj101,willc109,wilsb104,harvb102,davij106,washj102,pattp102,ruffl101,hearj101,8,6,5,9,7,3,4,2,1,glens101,jonej109,watkm101,hefna101,clarb101,browb107,cashb101,littb101,1,0,0,0,0,0,0,0,0,0,0,0,0,0,0,0,0,0,0,0,0,0,0,0,0,0,0,0,,,0,0,1,schuu902,zealu901,,,,,19490602,regular,deduced
PH5194906020,99,1,0,0,BRI01,HOE,PH5,0,0,willc109,rickb102,2,6,L,R,?,?,??,,,1,1,0,0,0,0,0,0,0,0,0,0,0,0,1,0,1,1,0,0,0,0,0,0,0,0,0,0,0,0,0,0,0,0,0,0,0,0,0,0,0,0,0,0,0,0,0,0,0,0,0,1,2,,,,,,,,,,,,,,,,,,,,,,,,0,0,0,0,0,0,0,0,0,0,0,0,wilkj101,willc109,wilsb104,harvb102,davij106,washj102,pattp102,ruffl101,hearj101,8,6,5,9,7,3,4,2,1,glens101,jonej109,watkm101,hefna101,clarb101,browb107,cashb101,littb101,1,0,0,0,0,0,0,0,0,0,0,0,0,0,0,0,0,0,0,0,0,0,0,0,0,0,0,0,,,0,0,2,schuu902,zealu901,,,,,19490602,regular,deduced
PH5194906020,D,1,0,0,BRI01,HOE,PH5,0,0,wilsb104,rickb102,3,5,R,R,?,?,??,,,1,1,0,1,0,0,0,0,0,0,0,0,0,0,0,0,0,1,0,0,0,0,0,0,0,0,0,0,0,0,0,0,0,0,0,0,0,0,0,0,0,0,0,0,0,0,0,0,0,0,0,2,2,,,,,wilsb104,,,,,,,,,rickb102,,,,,,,,,,0,0,0,0,0,0,0,0,0,0,0,0,wilkj101,willc109,wilsb104,harvb102,davij106,washj102,pattp102,ruffl101,hearj101,8,6,5,9,7,3,4,2,1,glens101,jonej109,watkm101,hefna101,clarb101,browb107,cashb101,littb101,0,0,0,0,0,0,0,0,0,0,0,0,0,0,0,0,0,0,0,,0,0,0,0,0,0,0,0,,,0,0,3,schuu902,zealu901,,,,,19490602,regular,deduced
PH5194906020,SB3,1,0,0,BRI01,HOE,PH5,0,0,harvb102,rickb102,4,9,L,R,?,?,??,,,0,0,0,0,0,0,0,0,0,0,0,0,0,0,0,0,0,0,0,0,0,0,0,0,0,0,0,0,0,0,0,0,0,1,0,0,0,0,0,0,0,0,0,0,0,0,0,0,0,0,0,2,2,,wilsb104,,,,wilsb104,,,,,rickb102,,,,rickb102,,,,,,,,,0,0,0,0,0,0,0,0,0,0,0,0,wilkj101,willc109,wilsb104,harvb102,davij106,washj102,pattp102,ruffl101,hearj101,8,6,5,9,7,3,4,2,1,glens101,jonej109,watkm101,hefna101,clarb101,browb107,cashb101,littb101,0,0,0,0,0,0,0,0,0,0,0,0,0,0,0,0,0,0,0,,0,0,0,0,0,0,0,0,,,0,0,4,schuu902,zealu901,,,,,19490602,regular,deduced
PH5194906020,99,1,0,0,BRI01,HOE,PH5,0,0,harvb102,rickb102,4,9,L,R,?,?,??,,,1,1,0,0,0,0,0,0,0,0,0,0,0,0,1,0,1,1,0,0,0,0,0,0,0,0,0,0,0,0,0,0,0,0,0,0,0,0,0,0,0,0,0,0,0,0,0,0,0,0,0,2,3,,,wilsb104,,,,wilsb104,,,,,rickb102,,,,,,,,,,,,0,0,0,0,0,0,0,0,0,0,0,0,wilkj101,willc109,wilsb104,harvb102,davij106,washj102,pattp102,ruffl101,hearj101,8,6,5,9,7,3,4,2,1,glens101,jonej109,watkm101,hefna101,clarb101,browb107,cashb101,littb101,1,0,0,0,0,0,0,0,0,0,0,0,0,0,0,0,0,0,0,0,0,0,0,0,0,0,0,0,,,0,0,5,schuu902,zealu901,,,,,19490602,regular,deduced
PH5194906020,99,1,1,1,BRI01,PH5,HOE,0,0,watkm101,hearj101,1,4,L,L,?,?,??,,,1,1,0,0,0,0,0,0,0,0,0,0,0,0,1,0,1,1,0,0,0,0,0,0,0,0,0,0,0,0,0,0,0,0,0,0,0,0,0,0,0,0,0,0,0,0,0,0,0,0,0,0,1,,,,,,,,,,,,,,,,,,,,,,,,0,0,0,0,0,0,0,0,0,0,0,0,watkm101,cashb101,hefna101,clarb101,littb101,glens101,jonej109,browb107,rickb102,4,8,5,6,9,2,3,7,1,ruffl101,washj102,pattp102,wilsb104,willc109,davij106,wilkj101,harvb102,1,0,0,0,0,0,0,0,0,0,0,0,0,0,0,0,0,0,0,0,0,0,0,0,0,0,0,0,,,0,0,6,schuu902,zealu901,,,,,19490602,regular,deduced
PH5194906020,99,1,1,1,BRI01,PH5,HOE,0,0,cashb101,hearj101,2,8,R,L,?,?,??,,,1,1,0,0,0,0,0,0,0,0,0,0,0,0,1,0,1,1,0,0,0,0,0,0,0,0,0,0,0,0,0,0,0,0,0,0,0,0,0,0,0,0,0,0,0,0,0,0,0,0,0,1,2,,,,,,,,,,,,,,,,,,,,,,,,0,0,0,0,0,0,0,0,0,0,0,0,watkm101,cashb101,hefna101,clarb101,littb101,glens101,jonej109,browb107,rickb102,4,8,5,6,9,2,3,7,1,ruffl101,washj102,pattp102,wilsb104,willc109,davij106,wilkj101,harvb102,1,0,0,0,0,0,0,0,0,0,0,0,0,0,0,0,0,0,0,0,0,0,0,0,0,0,0,0,,,0,0,7,schuu902,zealu901,,,,,19490602,regular,deduced
PH5194906020,99,1,1,1,BRI01,PH5,HOE,0,0,hefna101,hearj101,3,5,R,L,?,?,??,,,1,1,0,0,0,0,0,0,0,0,0,0,0,0,1,0,1,1,0,0,0,0,0,0,0,0,0,0,0,0,0,0,0,0,0,0,0,0,0,0,0,0,0,0,0,0,0,0,0,0,0,2,3,,,,,,,,,,,,,,,,,,,,,,,,0,0,0,0,0,0,0,0,0,0,0,0,watkm101,cashb101,hefna101,clarb101,littb101,glens101,jonej109,browb107,rickb102,4,8,5,6,9,2,3,7,1,ruffl101,washj102,pattp102,wilsb104,willc109,davij106,wilkj101,harvb102,1,0,0,0,0,0,0,0,0,0,0,0,0,0,0,0,0,0,0,0,0,0,0,0,0,0,0,0,,,0,0,8,schuu902,zealu901,,,,,19490602,regular,deduced
PH5194906020,99,2,0,0,BRI01,HOE,PH5,0,0,davij106,rickb102,5,7,R,R,?,?,??,,,1,1,0,0,0,0,0,0,0,0,0,0,0,0,1,0,1,1,0,0,0,0,0,0,0,0,0,0,0,0,0,0,0,0,0,0,0,0,0,0,0,0,0,0,0,0,0,0,0,0,0,0,1,,,,,,,,,,,,,,,,,,,,,,,,0,0,0,0,0,0,0,0,0,0,0,0,wilkj101,willc109,wilsb104,harvb102,davij106,washj102,pattp102,ruffl101,hearj101,8,6,5,9,7,3,4,2,1,glens101,jonej109,watkm101,hefna101,clarb101,browb107,cashb101,littb101,1,0,0,0,0,0,0,0,0,0,0,0,0,0,0,0,0,0,0,0,0,0,0,0,0,0,0,0,,,0,0,9,schuu902,zealu901,,,,,19490602,regular,deduced
PH5194906020,D,2,0,0,BRI01,HOE,PH5,0,0,washj102,rickb102,6,3,L,R,?,?,??,,,1,1,0,1,0,0,0,0,0,0,0,0,0,0,0,0,0,1,0,0,0,0,0,0,0,0,0,0,0,0,0,0,0,0,0,0,0,0,0,0,0,0,0,0,0,0,0,0,0,0,0,1,1,,,,,washj102,,,,,,,,,rickb102,,,,,,,,,,0,0,0,0,0,0,0,0,0,0,0,0,wilkj101,willc109,wilsb104,harvb102,davij106,washj102,pattp102,ruffl101,hearj101,8,6,5,9,7,3,4,2,1,glens101,jonej109,watkm101,hefna101,clarb101,browb107,cashb101,littb101,0,0,0,0,0,0,0,0,0,0,0,0,0,0,0,0,0,0,0,,0,0,0,0,0,0,0,0,,,0,0,10,schuu902,zealu901,,,,,19490602,regular,deduced
PH5194906020,S.2-H,2,0,0,BRI01,HOE,PH5,0,0,pattp102,rickb102,7,4,B,R,?,?,??,,,1,1,1,0,0,0,0,0,0,0,0,0,0,0,0,0,0,1,0,0,0,0,0,0,0,0,0,0,0,0,0,0,0,0,0,0,0,0,0,0,0,0,0,0,0,0,0,0,0,0,0,1,1,,washj102,,pattp102,,,,,,,rickb102,,rickb102,,,,,washj102,,,,rickb102,,0,0,0,0,0,0,1,0,1,1,1,0,wilkj101,willc109,wilsb104,harvb102,davij106,washj102,pattp102,ruffl101,hearj101,8,6,5,9,7,3,4,2,1,glens101,jonej109,watkm101,hefna101,clarb101,browb107,cashb101,littb101,0,0,0,0,0,0,0,0,0,0,0,0,0,0,0,0,0,0,0,,0,0,0,0,0,0,0,0,,,0,0,11,schuu902,zealu901,,,,,19490602,regular,deduced
PH5194906020,SB2,2,0,0,BRI01,HOE,PH5,1,0,ruffl101,rickb102,8,2,R,R,?,?,??,,,0,0,0,0,0,0,0,0,0,0,0,0,0,0,0,0,0,0,0,0,0,0,0,0,0,0,0,0,0,0,0,0,1,0,0,0,0,0,0,0,0,0,0,0,0,0,0,0,0,0,0,1,1,pattp102,,,,pattp102,,,,,rickb102,,,,rickb102,,,,,,,,,,0,0,0,0,0,0,0,0,0,0,0,0,wilkj101,willc109,wilsb104,harvb102,davij106,washj102,pattp102,ruffl101,hearj101,8,6,5,9,7,3,4,2,1,glens101,jonej109,watkm101,hefna101,clarb101,browb107,cashb101,littb101,0,0,0,0,0,0,0,0,0,0,0,0,0,0,0,0,0,0,0,,0,0,0,0,0,0,0,0,,,0,0,12,schuu902,zealu901,,,,,19490602,regular,deduced
PH5194906020,W,2,0,0,BRI01,HOE,PH5,1,0,ruffl101,rickb102,8,2,R,R,?,?,??,,,1,0,0,0,0,0,0,0,0,1,0,0,0,0,0,0,0,0,0,0,0,0,0,0,0,0,0,0,0,0,0,0,0,0,0,0,0,0,0,0,0,0,0,0,0,0,0,0,0,0,0,1,1,,pattp102,,ruffl101,pattp102,,,,,,rickb102,,rickb102,rickb102,,,,,,,,,,0,0,0,0,0,0,0,0,0,0,0,0,wilkj101,willc109,wilsb104,harvb102,davij106,washj102,pattp102,ruffl101,hearj101,8,6,5,9,7,3,4,2,1,glens101,jonej109,watkm101,hefna101,clarb101,browb107,cashb101,littb101,0,0,0,0,0,0,0,0,0,0,0,0,0,0,0,0,0,0,0,,0,0,0,0,0,0,0,0,,,0,0,13,schuu902,zealu901,,,,,19490602,regular,deduced
PH5194906020,99/SH.2-3;1-2#,2,0,0,BRI01,HOE,PH5,1,0,hearj101,rickb102,9,1,L,R,?,?,??,,,1,0,0,0,0,0,1,0,0,0,0,0,0,0,0,0,0,1,1,0,0,0,0,0,0,0,0,0,0,0,0,0,0,0,0,0,0,0,0,0,0,0,0,0,0,0,0,0,0,0,0,1,2,ruffl101,pattp102,,,ruffl101,pattp102,,,,rickb102,rickb102,,,rickb102,rickb102,,,,,,,,,0,0,0,0,0,0,0,0,0,0,0,0,wilkj101,willc109,wilsb104,harvb102,davij106,washj102,pattp102,ruffl101,hearj101,8,6,5,9,7,3,4,2,1,glens101,jonej109,watkm101,hefna101,clarb101,browb107,cashb101,littb101,1,0,0,0,0,0,0,0,0,0,0,0,0,0,0,0,0,0,0,0,0,0,0,0,0,0,0,0,,BG,0,0,14,schuu902,zealu901,,,,,19490602,regular,deduced
PH5194906020,99,2,0,0,BRI01,HOE,PH5,1,0,wilkj101,rickb102,1,8,L,R,?,?,??,,,1,1,0,0,0,0,0,0,0,0,0,0,0,0,1,0,1,1,0,0,0,0,0,0,0,0,0,0,0,0,0,0,0,0,0,0,0,0,0,0,0,0,0,0,0,0,0,0,0,0,0,2,3,,ruffl101,pattp102,,,,pattp102,ruffl101,,,rickb102,rickb102,,,,,,,,,,,,0,0,0,0,0,0,0,0,0,0,0,0,wilkj101,willc109,wilsb104,harvb102,davij106,washj102,pattp102,ruffl101,hearj101,8,6,5,9,7,3,4,2,1,glens101,jonej109,watkm101,hefna101,clarb101,browb107,cashb101,littb101,1,0,0,0,0,0,0,0,0,0,0,0,0,0,0,0,0,0,0,0,0,0,0,0,0,0,0,0,,,0,0,15,schuu902,zealu901,,,,,19490602,regular,deduced
PH5194906020,99,2,1,1,BRI01,PH5,HOE,1,0,clarb101,hearj101,4,6,R,L,?,?,??,,,1,1,0,0,0,0,0,0,0,0,0,0,0,0,1,0,1,1,0,0,0,0,0,0,0,0,0,0,0,0,0,0,0,0,0,0,0,0,0,0,0,0,0,0,0,0,0,0,0,0,0,0,1,,,,,,,,,,,,,,,,,,,,,,,,0,0,0,0,0,0,0,0,0,0,0,0,watkm101,cashb101,hefna101,clarb101,littb101,glens101,jonej109,browb107,rickb102,4,8,5,6,9,2,3,7,1,ruffl101,washj102,pattp102,wilsb104,willc109,davij106,wilkj101,harvb102,1,0,0,0,0,0,0,0,0,0,0,0,0,0,0,0,0,0,0,0,0,0,0,0,0,0,0,0,,,0,0,16,schuu902,zealu901,,,,,19490602,regular,deduced
PH5194906020,99,2,1,1,BRI01,PH5,HOE,1,0,littb101,hearj101,5,9,L,L,?,?,??,,,1,1,0,0,0,0,0,0,0,0,0,0,0,0,1,0,1,1,0,0,0,0,0,0,0,0,0,0,0,0,0,0,0,0,0,0,0,0,0,0,0,0,0,0,0,0,0,0,0,0,0,1,2,,,,,,,,,,,,,,,,,,,,,,,,0,0,0,0,0,0,0,0,0,0,0,0,watkm101,cashb101,hefna101,clarb101,littb101,glens101,jonej109,browb107,rickb102,4,8,5,6,9,2,3,7,1,ruffl101,washj102,pattp102,wilsb104,willc109,davij106,wilkj101,harvb102,1,0,0,0,0,0,0,0,0,0,0,0,0,0,0,0,0,0,0,0,0,0,0,0,0,0,0,0,,,0,0,17,schuu902,zealu901,,,,,19490602,regular,deduced
PH5194906020,99,2,1,1,BRI01,PH5,HOE,1,0,glens101,hearj101,6,2,R,L,?,?,??,,,1,1,0,0,0,0,0,0,0,0,0,0,0,0,1,0,1,1,0,0,0,0,0,0,0,0,0,0,0,0,0,0,0,0,0,0,0,0,0,0,0,0,0,0,0,0,0,0,0,0,0,2,3,,,,,,,,,,,,,,,,,,,,,,,,0,0,0,0,0,0,0,0,0,0,0,0,watkm101,cashb101,hefna101,clarb101,littb101,glens101,jonej109,browb107,rickb102,4,8,5,6,9,2,3,7,1,ruffl101,washj102,pattp102,wilsb104,willc109,davij106,wilkj101,harvb102,1,0,0,0,0,0,0,0,0,0,0,0,0,0,0,0,0,0,0,0,0,0,0,0,0,0,0,0,,,0,0,18,schuu902,zealu901,,,,,19490602,regular,deduced
PH5194906020,99,3,0,0,BRI01,HOE,PH5,1,0,willc109,rickb102,2,6,L,R,?,?,??,,,1,1,0,0,0,0,0,0,0,0,0,0,0,0,1,0,1,1,0,0,0,0,0,0,0,0,0,0,0,0,0,0,0,0,0,0,0,0,0,0,0,0,0,0,0,0,0,0,0,0,0,0,1,,,,,,,,,,,,,,,,,,,,,,,,0,0,0,0,0,0,0,0,0,0,0,0,wilkj101,willc109,wilsb104,harvb102,davij106,washj102,pattp102,ruffl101,hearj101,8,6,5,9,7,3,4,2,1,glens101,jonej109,watkm101,hefna101,clarb101,browb107,cashb101,littb101,1,0,0,0,0,0,0,0,0,0,0,0,0,0,0,0,0,0,0,0,0,0,0,0,0,0,0,0,,,0,0,19,schuu902,zealu901,,,,,19490602,regular,deduced
PH5194906020,99,3,0,0,BRI01,HOE,PH5,1,0,wilsb104,rickb102,3,5,R,R,?,?,??,,,1,1,0,0,0,0,0,0,0,0,0,0,0,0,1,0,1,1,0,0,0,0,0,0,0,0,0,0,0,0,0,0,0,0,0,0,0,0,0,0,0,0,0,0,0,0,0,0,0,0,0,1,2,,,,,,,,,,,,,,,,,,,,,,,,0,0,0,0,0,0,0,0,0,0,0,0,wilkj101,willc109,wilsb104,harvb102,davij106,washj102,pattp102,ruffl101,hearj101,8,6,5,9,7,3,4,2,1,glens101,jonej109,watkm101,hefna101,clarb101,browb107,cashb101,littb101,1,0,0,0,0,0,0,0,0,0,0,0,0,0,0,0,0,0,0,0,0,0,0,0,0,0,0,0,,,0,0,20,schuu902,zealu901,,,,,19490602,regular,deduced
PH5194906020,W,3,0,0,BRI01,HOE,PH5,1,0,harvb102,rickb102,4,9,L,R,?,?,??,,,1,0,0,0,0,0,0,0,0,1,0,0,0,0,0,0,0,0,0,0,0,0,0,0,0,0,0,0,0,0,0,0,0,0,0,0,0,0,0,0,0,0,0,0,0,0,0,0,0,0,0,2,2,,,,harvb102,,,,,,,,,rickb102,,,,,,,,,,,0,0,0,0,0,0,0,0,0,0,0,0,wilkj101,willc109,wilsb104,harvb102,davij106,washj102,pattp102,ruffl101,hearj101,8,6,5,9,7,3,4,2,1,glens101,jonej109,watkm101,hefna101,clarb101,browb107,cashb101,littb101,0,0,0,0,0,0,0,0,0,0,0,0,0,0,0,0,0,0,0,,0,0,0,0,0,0,0,0,,,0,0,21,schuu902,zealu901,,,,,19490602,regular,deduced
PH5194906020,WP.1-2#,3,0,0,BRI01,HOE,PH5,1,0,davij106,rickb102,5,7,R,R,?,?,??,,,0,0,0,0,0,0,0,0,0,0,0,0,0,0,0,0,0,0,0,0,0,0,0,0,0,0,0,1,0,0,0,0,0,0,0,0,0,0,0,0,0,0,0,0,0,0,0,0,0,0,0,2,2,harvb102,,,,harvb102,,,,,rickb102,,,,rickb102,,,,,,,,,,0,0,0,0,0,0,0,0,0,0,0,0,wilkj101,willc109,wilsb104,harvb102,davij106,washj102,pattp102,ruffl101,hearj101,8,6,5,9,7,3,4,2,1,glens101,jonej109,watkm101,hefna101,clarb101,browb107,cashb101,littb101,0,0,0,0,0,0,0,0,0,0,0,0,0,0,0,0,0,0,0,,0,0,0,0,0,0,0,0,,,0,0,22,schuu902,zealu901,,,,,19490602,regular,deduced
PH5194906020,99,3,0,0,BRI01,HOE,PH5,1,0,davij106,rickb102,5,7,R,R,?,?,??,,,1,1,0,0,0,0,0,0,0,0,0,0,0,0,1,0,1,1,0,0,0,0,0,0,0,0,0,0,0,0,0,0,0,0,0,0,0,0,0,0,0,0,0,0,0,0,0,0,0,0,0,2,3,,harvb102,,,,,harvb102,,,,rickb102,,,,,,,,,,,,,0,0,0,0,0,0,0,0,0,0,0,0,wilkj101,willc109,wilsb104,harvb102,davij106,washj102,pattp102,ruffl101,hearj101,8,6,5,9,7,3,4,2,1,glens101,jonej109,watkm101,hefna101,clarb101,browb107,cashb101,littb101,1,0,0,0,0,0,0,0,0,0,0,0,0,0,0,0,0,0,0,0,0,0,0,0,0,0,0,0,,,0,0,23,schuu902,zealu901,,,,,19490602,regular,deduced
PH5194906020,E6#,3,1,1,BRI01,PH5,HOE,1,0,jonej109,hearj101,7,3,L,L,?,?,??,,,1,1,0,0,0,0,0,0,0,0,0,0,1,0,0,0,0,1,0,1,0,0,0,0,0,0,0,0,0,0,0,0,0,0,0,0,0,0,0,0,0,0,0,0,0,0,0,1,0,0,0,0,0,,,,jonej109,,,,,,,,,hearj101,,,,,,,,,,,0,0,0,0,0,0,0,0,0,0,0,0,watkm101,cashb101,hefna101,clarb101,littb101,glens101,jonej109,browb107,rickb102,4,8,5,6,9,2,3,7,1,ruffl101,washj102,pattp102,wilsb104,willc109,davij106,wilkj101,harvb102,0,0,0,0,0,0,0,0,0,0,0,0,0,0,0,0,0,0,0,,0,0,0,0,0,0,0,6,6+,G,0,0,24,schuu902,zealu901,,,,,19490602,regular,deduced
PH5194906020,99/SH.1-2,3,1,1,BRI01,PH5,HOE,1,0,browb107,hearj101,8,7,L,L,?,?,??,,,1,0,0,0,0,0,1,0,0,0,0,0,0,0,0,0,0,1,1,0,0,0,0,0,0,0,0,0,0,0,0,0,0,0,0,0,0,0,0,0,0,0,0,0,0,0,0,0,0,0,0,0,1,jonej109,,,,jonej109,,,,,hearj101,,,,hearj101,,,,,,,,,,0,0,0,0,0,0,0,0,0,0,0,0,watkm101,cashb101,hefna101,clarb101,littb101,glens101,jonej109,browb107,rickb102,4,8,5,6,9,2,3,7,1,ruffl101,washj102,pattp102,wilsb104,willc109,davij106,wilkj101,harvb102,1,0,0,0,0,0,0,0,0,0,0,0,0,0,0,0,0,0,0,0,0,0,0,0,0,0,0,0,,BG,0,0,25,schuu902,zealu901,,,,,19490602,regular,deduced
PH5194906020,S.2-3,3,1,1,BRI01,PH5,HOE,1,0,rickb102,hearj101,9,1,R,L,?,?,??,,,1,1,1,0,0,0,0,0,0,0,0,0,0,0,0,0,0,1,0,0,0,0,0,0,0,0,0,0,0,0,0,0,0,0,0,0,0,0,0,0,0,0,0,0,0,0,0,0,0,0,0,1,1,,jonej109,,rickb102,,jonej109,,,,,hearj101,,hearj101,,hearj101,,,,,,,,,0,0,0,0,0,0,0,0,0,0,0,0,watkm101,cashb101,hefna101,clarb101,littb101,glens101,jonej109,browb107,rickb102,4,8,5,6,9,2,3,7,1,ruffl101,washj102,pattp102,wilsb104,willc109,davij106,wilkj101,harvb102,0,0,0,0,0,0,0,0,0,0,0,0,0,0,0,0,0,0,0,,0,0,0,0,0,0,0,0,,,0,0,26,schuu902,zealu901,,,,,19490602,regular,deduced
PH5194906020,PB.3-H(UR);1-2#,3,1,1,BRI01,PH5,HOE,1,0,watkm101,hearj101,1,4,L,L,?,?,??,,,0,0,0,0,0,0,0,0,0,0,0,0,0,0,0,0,0,0,0,0,0,0,0,0,0,0,0,0,1,0,0,0,0,0,0,0,0,0,0,0,0,0,0,0,0,0,0,0,0,0,0,1,1,rickb102,,jonej109,,rickb102,,,,,hearj101,,hearj101,,hearj101,,,,,jonej109,,,,hearj101,0,0,0,1,0,0,0,0,1,0,0,0,watkm101,cashb101,hefna101,clarb101,littb101,glens101,jonej109,browb107,rickb102,4,8,5,6,9,2,3,7,1,ruffl101,washj102,pattp102,wilsb104,willc109,davij106,wilkj101,harvb102,0,0,0,0,0,0,0,0,0,0,0,0,0,0,0,0,0,0,0,,0,0,0,0,0,0,0,0,,,0,0,27,schuu902,zealu901,,,,,19490602,regular,deduced
PH5194906020,99/SH.2-3,3,1,1,BRI01,PH5,HOE,1,1,watkm101,hearj101,1,4,L,L,?,?,??,,,1,0,0,0,0,0,1,0,0,0,0,0,0,0,0,0,0,1,1,0,0,0,0,0,0,0,0,0,0,0,0,0,0,0,0,0,0,0,0,0,0,0,0,0,0,0,0,0,0,0,0,1,2,,rickb102,,,,rickb102,,,,,hearj101,,,,hearj101,,,,,,,,,0,0,0,0,0,0,0,0,0,0,0,0,watkm101,cashb101,hefna101,clarb101,littb101,glens101,jonej109,browb107,rickb102,4,8,5,6,9,2,3,7,1,ruffl101,washj102,pattp102,wilsb104,willc109,davij106,wilkj101,harvb102,1,0,0,0,0,0,0,0,0,0,0,0,0,0,0,0,0,0,0,0,0,0,0,0,0,0,0,0,,BG,0,0,28,schuu902,zealu901,,,,,19490602,regular,deduced
PH5194906020,E5.3-H(NR)(UR)#,3,1,1,BRI01,PH5,HOE,1,1,cashb101,hearj101,2,8,R,L,?,?,??,,,1,1,0,0,0,0,0,0,0,0,0,0,1,0,0,0,0,1,0,1,0,0,0,0,0,0,0,0,0,0,0,0,0,0,0,0,0,0,0,0,0,0,0,0,0,0,1,0,0,0,0,2,2,,,rickb102,cashb101,,,,,,,,hearj101,hearj101,,,,,,rickb102,,,,hearj101,0,0,0,1,0,0,0,0,1,0,0,0,watkm101,cashb101,hefna101,clarb101,littb101,glens101,jonej109,browb107,rickb102,4,8,5,6,9,2,3,7,1,ruffl101,washj102,pattp102,wilsb104,willc109,davij106,wilkj101,harvb102,0,0,0,0,0,0,0,0,0,0,0,0,0,0,0,0,0,0,0,,0,0,0,0,0,0,0,5,5+,G,0,0,29,schuu902,zealu901,,,,,19490602,regular,deduced
PH5194906020,SB2,3,1,1,BRI01,PH5,HOE,1,2,hefna101,hearj101,3,5,R,L,?,?,??,,,0,0,0,0,0,0,0,0,0,0,0,0,0,0,0,0,0,0,0,0,0,0,0,0,0,0,0,0,0,0,0,0,1,0,0,0,0,0,0,0,0,0,0,0,0,0,0,0,0,0,0,2,2,cashb101,,,,cashb101,,,,,hearj101,,,,hearj101,,,,,,,,,,0,0,0,0,0,0,0,0,0,0,0,0,watkm101,cashb101,hefna101,clarb101,littb101,glens101,jonej109,browb107,rickb102,4,8,5,6,9,2,3,7,1,ruffl101,washj102,pattp102,wilsb104,willc109,davij106,wilkj101,harvb102,0,0,0,0,0,0,0,0,0,0,0,0,0,0,0,0,0,0,0,,0,0,0,0,0,0,0,0,,,0,0,30,schuu902,zealu901,,,,,19490602,regular,deduced
PH5194906020,99,3,1,1,BRI01,PH5,HOE,1,2,hefna101,hearj101,3,5,R,L,?,?,??,,,1,1,0,0,0,0,0,0,0,0,0,0,0,0,1,0,1,1,0,0,0,0,0,0,0,0,0,0,0,0,0,0,0,0,0,0,0,0,0,0,0,0,0,0,0,0,0,0,0,0,0,2,3,,cashb101,,,,,cashb101,,,,hearj101,,,,,,,,,,,,,0,0,0,0,0,0,0,0,0,0,0,0,watkm101,cashb101,hefna101,clarb101,littb101,glens101,jonej109,browb107,rickb102,4,8,5,6,9,2,3,7,1,ruffl101,washj102,pattp102,wilsb104,willc109,davij106,wilkj101,harvb102,1,0,0,0,0,0,0,0,0,0,0,0,0,0,0,0,0,0,0,0,0,0,0,0,0,0,0,0,,,0,0,31,schuu902,zealu901,,,,,19490602,regular,deduced
PH5194906020,S,4,0,0,BRI01,HOE,PH5,1,2,washj102,rickb102,6,3,L,R,?,?,??,,,1,1,1,0,0,0,0,0,0,0,0,0,0,0,0,0,0,1,0,0,0,0,0,0,0,0,0,0,0,0,0,0,0,0,0,0,0,0,0,0,0,0,0,0,0,0,0,0,0,0,0,0,0,,,,washj102,,,,,,,,,rickb102,,,,,,,,,,,0,0,0,0,0,0,0,0,0,0,0,0,wilkj101,willc109,wilsb104,harvb102,davij106,washj102,pattp102,ruffl101,hearj101,8,6,5,9,7,3,4,2,1,glens101,jonej109,watkm101,hefna101,clarb101,browb107,cashb101,littb101,0,0,0,0,0,0,0,0,0,0,0,0,0,0,0,0,0,0,0,,0,0,0,0,0,0,0,0,,,0,0,32,schuu902,zealu901,,,,,19490602,regular,deduced
PH5194906020,99/SH.1-2,4,0,0,BRI01,HOE,PH5,1,2,pattp102,rickb102,7,4,B,R,?,?,??,,,1,0,0,0,0,0,1,0,0,0,0,0,0,0,0,0,0,1,1,0,0,0,0,0,0,0,0,0,0,0,0,0,0,0,0,0,0,0,0,0,0,0,0,0,0,0,0,0,0,0,0,0,1,washj102,,,,washj102,,,,,rickb102,,,,rickb102,,,,,,,,,,0,0,0,0,0,0,0,0,0,0,0,0,wilkj101,willc109,wilsb104,harvb102,davij106,washj102,pattp102,ruffl101,hearj101,8,6,5,9,7,3,4,2,1,glens101,jonej109,watkm101,hefna101,clarb101,browb107,cashb101,littb101,1,0,0,0,0,0,0,0,0,0,0,0,0,0,0,0,0,0,0,0,0,0,0,0,0,0,0,0,,BG,0,0,33,schuu902,zealu901,,,,,19490602,regular,deduced
PH5194906020,99,4,0,0,BRI01,HOE,PH5,1,2,ruffl101,rickb102,8,2,R,R,?,?,??,,,1,1,0,0,0,0,0,0,0,0,0,0,0,0,1,0,1,1,0,0,0,0,0,0,0,0,0,0,0,0,0,0,0,0,0,0,0,0,0,0,0,0,0,0,0,0,0,0,0,0,0,1,2,,washj102,,,washj102,,,,,,rickb102,,,rickb102,,,,,,,,,,0,0,0,0,0,0,0,0,0,0,0,0,wilkj101,willc109,wilsb104,harvb102,davij106,washj102,pattp102,ruffl101,hearj101,8,6,5,9,7,3,4,2,1,glens101,jonej109,watkm101,hefna101,clarb101,browb107,cashb101,littb101,1,0,0,0,0,0,0,0,0,0,0,0,0,0,0,0,0,0,0,0,0,0,0,0,0,0,0,0,,,0,0,34,schuu902,zealu901,,,,,19490602,regular,deduced
PH5194906020,99,4,0,0,BRI01,HOE,PH5,1,2,hearj101,rickb102,9,1,L,R,?,?,??,,,1,1,0,0,0,0,0,0,0,0,0,0,0,0,1,0,1,1,0,0,0,0,0,0,0,0,0,0,0,0,0,0,0,0,0,0,0,0,0,0,0,0,0,0,0,0,0,0,0,0,0,2,3,,washj102,,,,,washj102,,,,rickb102,,,,,,,,,,,,,0,0,0,0,0,0,0,0,0,0,0,0,wilkj101,willc109,wilsb104,harvb102,davij106,washj102,pattp102,ruffl101,hearj101,8,6,5,9,7,3,4,2,1,glens101,jonej109,watkm101,hefna101,clarb101,browb107,cashb101,littb101,1,0,0,0,0,0,0,0,0,0,0,0,0,0,0,0,0,0,0,0,0,0,0,0,0,0,0,0,,,0,0,35,schuu902,zealu901,,,,,19490602,regular,deduced
PH5194906020,W,4,1,1,BRI01,PH5,HOE,1,2,clarb101,hearj101,4,6,R,L,?,?,??,,,1,0,0,0,0,0,0,0,0,1,0,0,0,0,0,0,0,0,0,0,0,0,0,0,0,0,0,0,0,0,0,0,0,0,0,0,0,0,0,0,0,0,0,0,0,0,0,0,0,0,0,0,0,,,,clarb101,,,,,,,,,hearj101,,,,,,,,,,,0,0,0,0,0,0,0,0,0,0,0,0,watkm101,cashb101,hefna101,clarb101,littb101,glens101,jonej109,browb107,rickb102,4,8,5,6,9,2,3,7,1,ruffl101,washj102,pattp102,wilsb104,willc109,davij106,wilkj101,harvb102,0,0,0,0,0,0,0,0,0,0,0,0,0,0,0,0,0,0,0,,0,0,0,0,0,0,0,0,,,0,0,36,schuu902,zealu901,,,,,19490602,regular,deduced
PH5194906020,99,4,1,1,BRI01,PH5,HOE,1,2,littb101,hearj101,5,9,L,L,?,?,??,,,1,1,0,0,0,0,0,0,0,0,0,0,0,0,1,0,1,1,0,0,0,0,0,0,0,0,0,0,0,0,0,0,0,0,0,0,0,0,0,0,0,0,0,0,0,0,0,0,0,0,0,0,1,clarb101,,,clarb101,,,,,,hearj101,,,hearj101,,,,,,,,,,,0,0,0,0,0,0,0,0,0,0,0,0,watkm101,cashb101,hefna101,clarb101,littb101,glens101,jonej109,browb107,rickb102,4,8,5,6,9,2,3,7,1,ruffl101,washj102,pattp102,wilsb104,willc109,davij106,wilkj101,harvb102,1,0,0,0,0,0,0,0,0,0,0,0,0,0,0,0,0,0,0,0,0,0,0,0,0,0,0,0,,,0,0,37,schuu902,zealu901,,,,,19490602,regular,deduced
PH5194906020,WP.1-2#,4,1,1,BRI01,PH5,HOE,1,2,glens101,hearj101,6,2,R,L,?,?,??,,,0,0,0,0,0,0,0,0,0,0,0,0,0,0,0,0,0,0,0,0,0,0,0,0,0,0,0,1,0,0,0,0,0,0,0,0,0,0,0,0,0,0,0,0,0,0,0,0,0,0,0,1,1,clarb101,,,,clarb101,,,,,hearj101,,,,hearj101,,,,,,,,,,0,0,0,0,0,0,0,0,0,0,0,0,watkm101,cashb101,hefna101,clarb101,littb101,glens101,jonej109,browb107,rickb102,4,8,5,6,9,2,3,7,1,ruffl101,washj102,pattp102,wilsb104,willc109,davij106,wilkj101,harvb102,0,0,0,0,0,0,0,0,0,0,0,0,0,0,0,0,0,0,0,,0,0,0,0,0,0,0,0,,,0,0,38,schuu902,zealu901,,,,,19490602,regular,deduced
PH5194906020,W,4,1,1,BRI01,PH5,HOE,1,2,glens101,hearj101,6,2,R,L,?,?,??,,,1,0,0,0,0,0,0,0,0,1,0,0,0,0,0,0,0,0,0,0,0,0,0,0,0,0,0,0,0,0,0,0,0,0,0,0,0,0,0,0,0,0,0,0,0,0,0,0,0,0,0,1,1,,clarb101,,glens101,clarb101,,,,,,hearj101,,hearj101,hearj101,,,,,,,,,,0,0,0,0,0,0,0,0,0,0,0,0,watkm101,cashb101,hefna101,clarb101,littb101,glens101,jonej109,browb107,rickb102,4,8,5,6,9,2,3,7,1,ruffl101,washj102,pattp102,wilsb104,willc109,davij106,wilkj101,harvb102,0,0,0,0,0,0,0,0,0,0,0,0,0,0,0,0,0,0,0,,0,0,0,0,0,0,0,0,,,0,0,39,schuu902,zealu901,,,,,19490602,regular,deduced
PH5194906020,99,4,1,1,BRI01,PH5,HOE,1,2,jonej109,hearj101,7,3,L,L,?,?,??,,,1,1,0,0,0,0,0,0,0,0,0,0,0,0,1,0,1,1,0,0,0,0,0,0,0,0,0,0,0,0,0,0,0,0,0,0,0,0,0,0,0,0,0,0,0,0,0,0,0,0,0,1,2,glens101,clarb101,,glens101,clarb101,,,,,hearj101,hearj101,,hearj101,hearj101,,,,,,,,,,0,0,0,0,0,0,0,0,0,0,0,0,watkm101,cashb101,hefna101,clarb101,littb101,glens101,jonej109,browb107,rickb102,4,8,5,6,9,2,3,7,1,ruffl101,washj102,pattp102,wilsb104,willc109,davij106,wilkj101,harvb102,1,0,0,0,0,0,0,0,0,0,0,0,0,0,0,0,0,0,0,0,0,0,0,0,0,0,0,0,,,0,0,40,schuu902,zealu901,,,,,19490602,regular,deduced
PH5194906020,99,4,1,1,BRI01,PH5,HOE,1,2,browb107,hearj101,8,7,L,L,?,?,??,,,1,1,0,0,0,0,0,0,0,0,0,0,0,0,1,0,1,1,0,0,0,0,0,0,0,0,0,0,0,0,0,0,0,0,0,0,0,0,0,0,0,0,0,0,0,0,0,0,0,0,0,2,3,glens101,clarb101,,,,,clarb101,glens101,,hearj101,hearj101,,,,,,,,,,,,,0,0,0,0,0,0,0,0,0,0,0,0,watkm101,cashb101,hefna101,clarb101,littb101,glens101,jonej109,browb107,rickb102,4,8,5,6,9,2,3,7,1,ruffl101,washj102,pattp102,wilsb104,willc109,davij106,wilkj101,harvb102,1,0,0,0,0,0,0,0,0,0,0,0,0,0,0,0,0,0,0,0,0,0,0,0,0,0,0,0,,,0,0,41,schuu902,zealu901,,,,,19490602,regular,deduced
PH5194906020,W,5,0,0,BRI01,HOE,PH5,1,2,wilkj101,rickb102,1,8,L,R,?,?,??,,,1,0,0,0,0,0,0,0,0,1,0,0,0,0,0,0,0,0,0,0,0,0,0,0,0,0,0,0,0,0,0,0,0,0,0,0,0,0,0,0,0,0,0,0,0,0,0,0,0,0,0,0,0,,,,wilkj101,,,,,,,,,rickb102,,,,,,,,,,,0,0,0,0,0,0,0,0,0,0,0,0,wilkj101,willc109,wilsb104,harvb102,davij106,washj102,pattp102,ruffl101,hearj101,8,6,5,9,7,3,4,2,1,glens101,jonej109,watkm101,hefna101,clarb101,browb107,cashb101,littb101,0,0,0,0,0,0,0,0,0,0,0,0,0,0,0,0,0,0,0,,0,0,0,0,0,0,0,0,,,0,0,42,schuu902,zealu901,,,,,19490602,regular,deduced
PH5194906020,PB.1-2#,5,0,0,BRI01,HOE,PH5,1,2,willc109,rickb102,2,6,L,R,?,?,??,,,0,0,0,0,0,0,0,0,0,0,0,0,0,0,0,0,0,0,0,0,0,0,0,0,0,0,0,0,1,0,0,0,0,0,0,0,0,0,0,0,0,0,0,0,0,0,0,0,0,0,0,0,0,wilkj101,,,,wilkj101,,,,,rickb102,,,,rickb102,,,,,,,,,,0,0,0,0,0,0,0,0,0,0,0,0,wilkj101,willc109,wilsb104,harvb102,davij106,washj102,pattp102,ruffl101,hearj101,8,6,5,9,7,3,4,2,1,glens101,jonej109,watkm101,hefna101,clarb101,browb107,cashb101,littb101,0,0,0,0,0,0,0,0,0,0,0,0,0,0,0,0,0,0,0,,0,0,0,0,0,0,0,0,,,0,0,43,schuu902,zealu901,,,,,19490602,regular,deduced
PH5194906020,W,5,0,0,BRI01,HOE,PH5,1,2,willc109,rickb102,2,6,L,R,?,?,??,,,1,0,0,0,0,0,0,0,0,1,0,0,0,0,0,0,0,0,0,0,0,0,0,0,0,0,0,0,0,0,0,0,0,0,0,0,0,0,0,0,0,0,0,0,0,0,0,0,0,0,0,0,0,,wilkj101,,willc109,wilkj101,,,,,,rickb102,,rickb102,rickb102,,,,,,,,,,0,0,0,0,0,0,0,0,0,0,0,0,wilkj101,willc109,wilsb104,harvb102,davij106,washj102,pattp102,ruffl101,hearj101,8,6,5,9,7,3,4,2,1,glens101,jonej109,watkm101,hefna101,clarb101,browb107,cashb101,littb101,0,0,0,0,0,0,0,0,0,0,0,0,0,0,0,0,0,0,0,,0,0,0,0,0,0,0,0,,,0,0,44,schuu902,zealu901,,,,,19490602,regular,deduced
PH5194906020,99,5,0,0,BRI01,HOE,PH5,1,2,wilsb104,rickb102,3,5,R,R,?,?,??,,,1,1,0,0,0,0,0,0,0,0,0,0,0,0,1,0,1,1,0,0,0,0,0,0,0,0,0,0,0,0,0,0,0,0,0,0,0,0,0,0,0,0,0,0,0,0,0,0,0,0,0,0,1,willc109,wilkj101,,willc109,wilkj101,,,,,rickb102,rickb102,,rickb102,rickb102,,,,,,,,,,0,0,0,0,0,0,0,0,0,0,0,0,wilkj101,willc109,wilsb104,harvb102,davij106,washj102,pattp102,ruffl101,hearj101,8,6,5,9,7,3,4,2,1,glens101,jonej109,watkm101,hefna101,clarb101,browb107,cashb101,littb101,1,0,0,0,0,0,0,0,0,0,0,0,0,0,0,0,0,0,0,0,0,0,0,0,0,0,0,0,,,0,0,45,schuu902,zealu901,,,,,19490602,regular,deduced
PH5194906020,99,5,0,0,BRI01,HOE,PH5,1,2,harvb102,rickb102,4,9,L,R,?,?,??,,,1,1,0,0,0,0,0,0,0,0,0,0,0,0,1,0,1,1,0,0,0,0,0,0,0,0,0,0,0,0,0,0,0,0,0,0,0,0,0,0,0,0,0,0,0,0,0,0,0,0,0,1,2,willc109,wilkj101,,willc109,wilkj101,,,,,rickb102,rickb102,,rickb102,rickb102,,,,,,,,,,0,0,0,0,0,0,0,0,0,0,0,0,wilkj101,willc109,wilsb104,harvb102,davij106,washj102,pattp102,ruffl101,hearj101,8,6,5,9,7,3,4,2,1,glens101,jonej109,watkm101,hefna101,clarb101,browb107,cashb101,littb101,1,0,0,0,0,0,0,0,0,0,0,0,0,0,0,0,0,0,0,0,0,0,0,0,0,0,0,0,,,0,0,46,schuu902,zealu901,,,,,19490602,regular,deduced
PH5194906020,99,5,0,0,BRI01,HOE,PH5,1,2,davij106,rickb102,5,7,R,R,?,?,??,,,1,1,0,0,0,0,0,0,0,0,0,0,0,0,1,0,1,1,0,0,0,0,0,0,0,0,0,0,0,0,0,0,0,0,0,0,0,0,0,0,0,0,0,0,0,0,0,0,0,0,0,2,3,willc109,wilkj101,,,,,wilkj101,willc109,,rickb102,rickb102,,,,,,,,,,,,,0,0,0,0,0,0,0,0,0,0,0,0,wilkj101,willc109,wilsb104,harvb102,davij106,washj102,pattp102,ruffl101,hearj101,8,6,5,9,7,3,4,2,1,glens101,jonej109,watkm101,hefna101,clarb101,browb107,cashb101,littb101,1,0,0,0,0,0,0,0,0,0,0,0,0,0,0,0,0,0,0,0,0,0,0,0,0,0,0,0,,,0,0,47,schuu902,zealu901,,,,,19490602,regular,deduced
PH5194906020,T,5,1,1,BRI01,PH5,HOE,1,2,rickb102,hearj101,9,1,R,L,?,?,??,,,1,1,0,0,1,0,0,0,0,0,0,0,0,0,0,0,0,1,0,0,0,0,0,0,0,0,0,0,0,0,0,0,0,0,0,0,0,0,0,0,0,0,0,0,0,0,0,0,0,0,0,0,0,,,,,,rickb102,,,,,,,,,hearj101,,,,,,,,,0,0,0,0,0,0,0,0,0,0,0,0,watkm101,cashb101,hefna101,clarb101,littb101,glens101,jonej109,browb107,rickb102,4,8,5,6,9,2,3,7,1,ruffl101,washj102,pattp102,wilsb104,willc109,davij106,wilkj101,harvb102,0,0,0,0,0,0,0,0,0,0,0,0,0,0,0,0,0,0,0,,0,0,0,0,0,0,0,0,,,0,0,48,schuu902,zealu901,,,,,19490602,regular,deduced
PH5194906020,S.3-H,5,1,1,BRI01,PH5,HOE,1,2,watkm101,hearj101,1,4,L,L,?,?,??,,,1,1,1,0,0,0,0,0,0,0,0,0,0,0,0,0,0,1,0,0,0,0,0,0,0,0,0,0,0,0,0,0,0,0,0,0,0,0,0,0,0,0,0,0,0,0,0,0,0,0,0,0,0,,,rickb102,watkm101,,,,,,,,hearj101,hearj101,,,,,,rickb102,,,,hearj101,0,0,0,0,0,0,0,1,1,1,1,0,watkm101,cashb101,hefna101,clarb101,littb101,glens101,jonej109,browb107,rickb102,4,8,5,6,9,2,3,7,1,ruffl101,washj102,pattp102,wilsb104,willc109,davij106,wilkj101,harvb102,0,0,0,0,0,0,0,0,0,0,0,0,0,0,0,0,0,0,0,,0,0,0,0,0,0,0,0,,,0,0,49,schuu902,zealu901,,,,,19490602,regular,deduced
PH5194906020,99/SH.1-2,5,1,1,BRI01,PH5,HOE,1,3,cashb101,hearj101,2,8,R,L,?,?,??,,,1,0,0,0,0,0,1,0,0,0,0,0,0,0,0,0,0,1,1,0,0,0,0,0,0,0,0,0,0,0,0,0,0,0,0,0,0,0,0,0,0,0,0,0,0,0,0,0,0,0,0,0,1,watkm101,,,,watkm101,,,,,hearj101,,,,hearj101,,,,,,,,,,0,0,0,0,0,0,0,0,0,0,0,0,watkm101,cashb101,hefna101,clarb101,littb101,glens101,jonej109,browb107,rickb102,4,8,5,6,9,2,3,7,1,ruffl101,washj102,pattp102,wilsb104,willc109,davij106,wilkj101,harvb102,1,0,0,0,0,0,0,0,0,0,0,0,0,0,0,0,0,0,0,0,0,0,0,0,0,0,0,0,,BG,0,0,50,schuu902,zealu901,,,,,19490602,regular,deduced
PH5194906020,S.2-3,5,1,1,BRI01,PH5,HOE,1,3,hefna101,hearj101,3,5,R,L,?,?,??,,,1,1,1,0,0,0,0,0,0,0,0,0,0,0,0,0,0,1,0,0,0,0,0,0,0,0,0,0,0,0,0,0,0,0,0,0,0,0,0,0,0,0,0,0,0,0,0,0,0,0,0,1,1,,watkm101,,hefna101,,watkm101,,,,,hearj101,,hearj101,,hearj101,,,,,,,,,0,0,0,0,0,0,0,0,0,0,0,0,watkm101,cashb101,hefna101,clarb101,littb101,glens101,jonej109,browb107,rickb102,4,8,5,6,9,2,3,7,1,ruffl101,washj102,pattp102,wilsb104,willc109,davij106,wilkj101,harvb102,0,0,0,0,0,0,0,0,0,0,0,0,0,0,0,0,0,0,0,,0,0,0,0,0,0,0,0,,,0,0,51,schuu902,zealu901,,,,,19490602,regular,deduced
PH5194906020,SBH;SB2.1-3(E2/TH)#,5,1,1,BRI01,PH5,HOE,1,3,clarb101,hearj101,4,6,R,L,?,?,??,,,0,0,0,0,0,0,0,0,0,0,0,0,0,0,0,0,0,0,0,0,0,0,0,0,0,0,0,0,0,0,0,0,1,0,1,0,0,0,0,0,0,0,0,1,0,0,0,0,0,0,0,1,1,hefna101,,watkm101,,,hefna101,,,,hearj101,,hearj101,,hearj101,hearj101,,,,watkm101,,,,hearj101,0,0,0,0,0,0,0,0,1,0,1,0,watkm101,cashb101,hefna101,clarb101,littb101,glens101,jonej109,browb107,rickb102,4,8,5,6,9,2,3,7,1,ruffl101,washj102,pattp102,wilsb104,willc109,davij106,wilkj101,harvb102,0,0,0,0,0,0,0,0,0,0,0,0,0,0,0,0,0,0,0,,0,0,0,0,0,0,0,0,,,0,0,52,schuu902,zealu901,,,,,19490602,regular,deduced
PH5194906020,SBH(UR)#,5,1,1,BRI01,PH5,HOE,1,4,clarb101,hearj101,4,6,R,L,?,?,??,,,0,0,0,0,0,0,0,0,0,0,0,0,0,0,0,0,0,0,0,0,0,0,0,0,0,0,0,0,0,0,0,0,0,0,1,0,0,0,0,0,0,0,0,0,0,0,0,0,0,0,0,1,1,,,hefna101,,,,,,,,hearj101,hearj101,,hearj101,,,,,hefna101,,,,hearj101,1,0,0,0,0,0,0,0,1,0,0,0,watkm101,cashb101,hefna101,clarb101,littb101,glens101,jonej109,browb107,rickb102,4,8,5,6,9,2,3,7,1,ruffl101,washj102,pattp102,wilsb104,willc109,davij106,wilkj101,harvb102,0,0,0,0,0,0,0,0,0,0,0,0,0,0,0,0,0,0,0,,0,0,0,0,0,0,0,0,,,0,0,53,schuu902,zealu901,,,,,19490602,regular,deduced
PH5194906020,E4#,5,1,1,BRI01,PH5,HOE,1,5,clarb101,hearj101,4,6,R,L,?,?,??,,,1,1,0,0,0,0,0,0,0,0,0,0,1,0,0,0,0,1,0,1,0,0,0,0,0,0,0,0,0,0,0,0,0,0,0,0,0,0,0,0,0,0,0,0,0,1,0,0,0,0,0,1,1,,,,clarb101,,,,,,,hearj101,,hearj101,hearj101,,,,,,,,,,0,0,0,0,0,0,0,0,0,0,0,0,watkm101,cashb101,hefna101,clarb101,littb101,glens101,jonej109,browb107,rickb102,4,8,5,6,9,2,3,7,1,ruffl101,washj102,pattp102,wilsb104,willc109,davij106,wilkj101,harvb102,0,0,0,0,0,0,0,0,0,0,0,0,0,0,0,0,0,0,0,,0,0,0,0,0,0,0,4,4+,G,0,0,54,schuu902,zealu901,,,,,19490602,regular,deduced
PH5194906020,PO1(E1).1-2#,5,1,1,BRI01,PH5,HOE,1,5,littb101,hearj101,5,9,L,L,?,?,??,,,0,0,0,0,0,0,0,0,0,0,0,0,0,0,0,0,0,0,0,0,0,0,0,0,0,0,0,0,0,0,0,0,0,0,0,0,0,0,1,0,0,0,1,0,0,0,0,0,0,0,0,1,1,clarb101,,,,clarb101,,,,,hearj101,hearj101,,,hearj101,,,,,,,,,,0,0,0,0,0,0,0,0,0,0,0,0,watkm101,cashb101,hefna101,clarb101,littb101,glens101,jonej109,browb107,rickb102,4,8,5,6,9,2,3,7,1,ruffl101,washj102,pattp102,wilsb104,willc109,davij106,wilkj101,harvb102,0,0,0,0,0,0,0,0,0,0,0,0,0,0,0,0,0,0,0,,0,0,0,0,0,0,0,0,,,0,0,55,schuu902,zealu901,,,,,19490602,regular,deduced
PH5194906020,99,5,1,1,BRI01,PH5,HOE,1,5,littb101,hearj101,5,9,L,L,?,?,??,,,1,1,0,0,0,0,0,0,0,0,0,0,0,0,1,0,1,1,0,0,0,0,0,0,0,0,0,0,0,0,0,0,0,0,0,0,0,0,0,0,0,0,0,0,0,0,0,0,0,0,0,1,2,,clarb101,,,clarb101,,,,,,hearj101,,,hearj101,,,,,,,,,,0,0,0,0,0,0,0,0,0,0,0,0,watkm101,cashb101,hefna101,clarb101,littb101,glens101,jonej109,browb107,rickb102,4,8,5,6,9,2,3,7,1,ruffl101,washj102,pattp102,wilsb104,willc109,davij106,wilkj101,harvb102,1,0,0,0,0,0,0,0,0,0,0,0,0,0,0,0,0,0,0,0,0,0,0,0,0,0,0,0,,,0,0,56,schuu902,zealu901,,,,,19490602,regular,deduced
PH5194906020,99,5,1,1,BRI01,PH5,HOE,1,5,glens101,hearj101,6,2,R,L,?,?,??,,,1,1,0,0,0,0,0,0,0,0,0,0,0,0,1,0,1,1,0,0,0,0,0,0,0,0,0,0,0,0,0,0,0,0,0,0,0,0,0,0,0,0,0,0,0,0,0,0,0,0,0,2,3,,clarb101,,,,,clarb101,,,,hearj101,,,,,,,,,,,,,0,0,0,0,0,0,0,0,0,0,0,0,watkm101,cashb101,hefna101,clarb101,littb101,glens101,jonej109,browb107,rickb102,4,8,5,6,9,2,3,7,1,ruffl101,washj102,pattp102,wilsb104,willc109,davij106,wilkj101,harvb102,1,0,0,0,0,0,0,0,0,0,0,0,0,0,0,0,0,0,0,0,0,0,0,0,0,0,0,0,,,0,0,57,schuu902,zealu901,,,,,19490602,regular,deduced
PH5194906020,99,6,0,0,BRI01,HOE,PH5,1,5,washj102,rickb102,6,3,L,R,?,?,??,,,1,1,0,0,0,0,0,0,0,0,0,0,0,0,1,0,1,1,0,0,0,0,0,0,0,0,0,0,0,0,0,0,0,0,0,0,0,0,0,0,0,0,0,0,0,0,0,0,0,0,0,0,1,,,,,,,,,,,,,,,,,,,,,,,,0,0,0,0,0,0,0,0,0,0,0,0,wilkj101,willc109,wilsb104,harvb102,davij106,washj102,pattp102,ruffl101,hearj101,8,6,5,9,7,3,4,2,1,glens101,jonej109,watkm101,hefna101,clarb101,browb107,cashb101,littb101,1,0,0,0,0,0,0,0,0,0,0,0,0,0,0,0,0,0,0,0,0,0,0,0,0,0,0,0,,,0,0,58,schuu902,zealu901,,,,,19490602,regular,deduced
PH5194906020,99,6,0,0,BRI01,HOE,PH5,1,5,pattp102,rickb102,7,4,B,R,?,?,??,,,1,1,0,0,0,0,0,0,0,0,0,0,0,0,1,0,1,1,0,0,0,0,0,0,0,0,0,0,0,0,0,0,0,0,0,0,0,0,0,0,0,0,0,0,0,0,0,0,0,0,0,1,2,,,,,,,,,,,,,,,,,,,,,,,,0,0,0,0,0,0,0,0,0,0,0,0,wilkj101,willc109,wilsb104,harvb102,davij106,washj102,pattp102,ruffl101,hearj101,8,6,5,9,7,3,4,2,1,glens101,jonej109,watkm101,hefna101,clarb101,browb107,cashb101,littb101,1,0,0,0,0,0,0,0,0,0,0,0,0,0,0,0,0,0,0,0,0,0,0,0,0,0,0,0,,,0,0,59,schuu902,zealu901,,,,,19490602,regular,deduced
PH5194906020,99,6,0,0,BRI01,HOE,PH5,1,5,ruffl101,rickb102,8,2,R,R,?,?,??,,,1,1,0,0,0,0,0,0,0,0,0,0,0,0,1,0,1,1,0,0,0,0,0,0,0,0,0,0,0,0,0,0,0,0,0,0,0,0,0,0,0,0,0,0,0,0,0,0,0,0,0,2,3,,,,,,,,,,,,,,,,,,,,,,,,0,0,0,0,0,0,0,0,0,0,0,0,wilkj101,willc109,wilsb104,harvb102,davij106,washj102,pattp102,ruffl101,hearj101,8,6,5,9,7,3,4,2,1,glens101,jonej109,watkm101,hefna101,clarb101,browb107,cashb101,littb101,1,0,0,0,0,0,0,0,0,0,0,0,0,0,0,0,0,0,0,0,0,0,0,0,0,0,0,0,,,0,0,60,schuu902,zealu901,,,,,19490602,regular,deduced
PH5194906020,S,6,1,1,BRI01,PH5,HOE,1,5,jonej109,willc107,7,3,L,R,?,?,??,,,1,1,1,0,0,0,0,0,0,0,0,0,0,0,0,0,0,1,0,0,0,0,0,0,0,0,0,0,0,0,0,0,0,0,0,0,0,0,0,0,0,0,0,0,0,0,0,0,0,0,0,0,0,,,,jonej109,,,,,,,,,willc107,,,,,,,,,,,0,0,0,0,0,0,0,0,0,0,0,0,watkm101,cashb101,hefna101,clarb101,littb101,glens101,jonej109,browb107,rickb102,4,8,5,6,9,2,3,7,1,wallb102,washj102,pattp102,wilsb104,willc109,davij106,wilkj101,harvb102,0,0,0,0,0,0,0,0,0,0,0,0,0,0,0,0,0,0,0,,0,0,0,0,0,0,0,0,,,0,0,61,schuu902,zealu901,,,,,19490602,regular,deduced
PH5194906020,S.1-3,6,1,1,BRI01,PH5,HOE,1,5,browb107,willc107,8,7,L,R,?,?,??,,,1,1,1,0,0,0,0,0,0,0,0,0,0,0,0,0,0,1,0,0,0,0,0,0,0,0,0,0,0,0,0,0,0,0,0,0,0,0,0,0,0,0,0,0,0,0,0,0,0,0,0,0,0,jonej109,,,browb107,,jonej109,,,,willc107,,,willc107,,willc107,,,,,,,,,0,0,0,0,0,0,0,0,0,0,0,0,watkm101,cashb101,hefna101,clarb101,littb101,glens101,jonej109,browb107,rickb102,4,8,5,6,9,2,3,7,1,wallb102,washj102,pattp102,wilsb104,willc109,davij106,wilkj101,harvb102,0,0,0,0,0,0,0,0,0,0,0,0,0,0,0,0,0,0,0,,0,0,0,0,0,0,0,0,,,0,0,62,schuu902,zealu901,,,,,19490602,regular,deduced
PH5194906020,SB2,6,1,1,BRI01,PH5,HOE,1,5,rickb102,willc107,9,1,R,R,?,?,??,,,0,0,0,0,0,0,0,0,0,0,0,0,0,0,0,0,0,0,0,0,0,0,0,0,0,0,0,0,0,0,0,0,1,0,0,0,0,0,0,0,0,0,0,0,0,0,0,0,0,0,0,0,0,browb107,,jonej109,,browb107,jonej109,,,,willc107,,willc107,,willc107,willc107,,,,,,,,,0,0,0,0,0,0,0,0,0,0,0,0,watkm101,cashb101,hefna101,clarb101,littb101,glens101,jonej109,browb107,rickb102,4,8,5,6,9,2,3,7,1,wallb102,washj102,pattp102,wilsb104,willc109,davij106,wilkj101,harvb102,0,0,0,0,0,0,0,0,0,0,0,0,0,0,0,0,0,0,0,,0,0,0,0,0,0,0,0,,,0,0,63,schuu902,zealu901,,,,,19490602,regular,deduced
PH5194906020,99,6,1,1,BRI01,PH5,HOE,1,5,rickb102,willc107,9,1,R,R,?,?,??,,,1,1,0,0,0,0,0,0,0,0,0,0,0,0,1,0,1,1,0,0,0,0,0,0,0,0,0,0,0,0,0,0,0,0,0,0,0,0,0,0,0,0,0,0,0,0,0,0,0,0,0,0,1,,browb107,jonej109,,browb107,jonej109,,,,,willc107,willc107,,willc107,willc107,,,,,,,,,0,0,0,0,0,0,0,0,0,0,0,0,watkm101,cashb101,hefna101,clarb101,littb101,glens101,jonej109,browb107,rickb102,4,8,5,6,9,2,3,7,1,wallb102,washj102,pattp102,wilsb104,willc109,davij106,wilkj101,harvb102,1,0,0,0,0,0,0,0,0,0,0,0,0,0,0,0,0,0,0,0,0,0,0,0,0,0,0,0,,,0,0,64,schuu902,zealu901,,,,,19490602,regular,deduced
PH5194906020,99,6,1,1,BRI01,PH5,HOE,1,5,watkm101,willc107,1,4,L,R,?,?,??,,,1,1,0,0,0,0,0,0,0,0,0,0,0,0,1,0,1,1,0,0,0,0,0,0,0,0,0,0,0,0,0,0,0,0,0,0,0,0,0,0,0,0,0,0,0,0,0,0,0,0,0,1,2,,browb107,jonej109,,browb107,jonej109,,,,,willc107,willc107,,willc107,willc107,,,,,,,,,0,0,0,0,0,0,0,0,0,0,0,0,watkm101,cashb101,hefna101,clarb101,littb101,glens101,jonej109,browb107,rickb102,4,8,5,6,9,2,3,7,1,wallb102,washj102,pattp102,wilsb104,willc109,davij106,wilkj101,harvb102,1,0,0,0,0,0,0,0,0,0,0,0,0,0,0,0,0,0,0,0,0,0,0,0,0,0,0,0,,,0,0,65,schuu902,zealu901,,,,,19490602,regular,deduced
PH5194906020,99,6,1,1,BRI01,PH5,HOE,1,5,cashb101,willc107,2,8,R,R,?,?,??,,,1,1,0,0,0,0,0,0,0,0,0,0,0,0,1,0,1,1,0,0,0,0,0,0,0,0,0,0,0,0,0,0,0,0,0,0,0,0,0,0,0,0,0,0,0,0,0,0,0,0,0,2,3,,browb107,jonej109,,,,jonej109,browb107,,,willc107,willc107,,,,,,,,,,,,0,0,0,0,0,0,0,0,0,0,0,0,watkm101,cashb101,hefna101,clarb101,littb101,glens101,jonej109,browb107,rickb102,4,8,5,6,9,2,3,7,1,wallb102,washj102,pattp102,wilsb104,willc109,davij106,wilkj101,harvb102,1,0,0,0,0,0,0,0,0,0,0,0,0,0,0,0,0,0,0,0,0,0,0,0,0,0,0,0,,,0,0,66,schuu902,zealu901,,,,,19490602,regular,deduced
PH5194906020,T,7,0,0,BRI01,HOE,PH5,1,5,willc107,rickb102,9,1,R,R,?,?,??,,,1,1,0,0,1,0,0,0,0,0,0,0,0,0,0,0,0,1,0,0,0,0,0,0,0,0,0,0,0,0,0,0,0,0,0,0,0,0,0,0,0,0,0,0,0,0,0,0,0,0,0,0,0,,,,,,willc107,,,,,,,,,rickb102,,,,,,,,,0,0,0,0,0,0,0,0,0,0,0,0,wilkj101,willc109,wilsb104,harvb102,davij106,washj102,pattp102,wallb102,willc107,8,6,5,9,7,3,4,2,1,glens101,jonej109,watkm101,hefna101,clarb101,browb107,cashb101,littb101,0,0,0,0,0,0,0,0,0,0,0,0,0,0,0,0,0,0,0,,0,0,0,0,0,0,0,0,,,0,0,67,schuu902,zealu901,,,,,19490602,regular,deduced
PH5194906020,S.3-H,7,0,0,BRI01,HOE,PH5,1,5,wilkj101,rickb102,1,8,L,R,?,?,??,,,1,1,1,0,0,0,0,0,0,0,0,0,0,0,0,0,0,1,0,0,0,0,0,0,0,0,0,0,0,0,0,0,0,0,0,0,0,0,0,0,0,0,0,0,0,0,0,0,0,0,0,0,0,,,willc107,wilkj101,,,,,,,,rickb102,rickb102,,,,,,willc107,,,,rickb102,0,0,0,0,0,0,0,1,1,1,1,0,wilkj101,willc109,wilsb104,harvb102,davij106,washj102,pattp102,wallb102,willc107,8,6,5,9,7,3,4,2,1,glens101,jonej109,watkm101,hefna101,clarb101,browb107,cashb101,littb101,0,0,0,0,0,0,0,0,0,0,0,0,0,0,0,0,0,0,0,,0,0,0,0,0,0,0,0,,,0,0,68,schuu902,zealu901,,,,,19490602,regular,deduced
PH5194906020,99,7,0,0,BRI01,HOE,PH5,2,5,willc109,rickb102,2,6,L,R,?,?,??,,,1,1,0,0,0,0,0,0,0,0,0,0,0,0,1,0,1,1,0,0,0,0,0,0,0,0,0,0,0,0,0,0,0,0,0,0,0,0,0,0,0,0,0,0,0,0,0,0,0,0,0,0,1,wilkj101,,,wilkj101,,,,,,rickb102,,,rickb102,,,,,,,,,,,0,0,0,0,0,0,0,0,0,0,0,0,wilkj101,willc109,wilsb104,harvb102,davij106,washj102,pattp102,wallb102,willc107,8,6,5,9,7,3,4,2,1,glens101,jonej109,watkm101,hefna101,clarb101,browb107,cashb101,littb101,1,0,0,0,0,0,0,0,0,0,0,0,0,0,0,0,0,0,0,0,0,0,0,0,0,0,0,0,,,0,0,69,schuu902,zealu901,,,,,19490602,regular,deduced
PH5194906020,99,7,0,0,BRI01,HOE,PH5,2,5,wilsb104,rickb102,3,5,R,R,?,?,??,,,1,1,0,0,0,0,0,0,0,0,0,0,0,0,1,0,1,1,0,0,0,0,0,0,0,0,0,0,0,0,0,0,0,0,0,0,0,0,0,0,0,0,0,0,0,0,0,0,0,0,0,1,2,wilkj101,,,wilkj101,,,,,,rickb102,,,rickb102,,,,,,,,,,,0,0,0,0,0,0,0,0,0,0,0,0,wilkj101,willc109,wilsb104,harvb102,davij106,washj102,pattp102,wallb102,willc107,8,6,5,9,7,3,4,2,1,glens101,jonej109,watkm101,hefna101,clarb101,browb107,cashb101,littb101,1,0,0,0,0,0,0,0,0,0,0,0,0,0,0,0,0,0,0,0,0,0,0,0,0,0,0,0,,,0,0,70,schuu902,zealu901,,,,,19490602,regular,deduced
PH5194906020,W.1-2,7,0,0,BRI01,HOE,PH5,2,5,harvb102,rickb102,4,9,L,R,?,?,??,,,1,0,0,0,0,0,0,0,0,1,0,0,0,0,0,0,0,0,0,0,0,0,0,0,0,0,0,0,0,0,0,0,0,0,0,0,0,0,0,0,0,0,0,0,0,0,0,0,0,0,0,2,2,wilkj101,,,harvb102,wilkj101,,,,,rickb102,,,rickb102,rickb102,,,,,,,,,,0,0,0,0,0,0,0,0,0,0,0,0,wilkj101,willc109,wilsb104,harvb102,davij106,washj102,pattp102,wallb102,willc107,8,6,5,9,7,3,4,2,1,glens101,jonej109,watkm101,hefna101,clarb101,browb107,cashb101,littb101,0,0,0,0,0,0,0,0,0,0,0,0,0,0,0,0,0,0,0,,0,0,0,0,0,0,0,0,,,0,0,71,schuu902,zealu901,,,,,19490602,regular,deduced
PH5194906020,99,7,0,0,BRI01,HOE,PH5,2,5,davij106,rickb102,5,7,R,R,?,?,??,,,1,1,0,0,0,0,0,0,0,0,0,0,0,0,1,0,1,1,0,0,0,0,0,0,0,0,0,0,0,0,0,0,0,0,0,0,0,0,0,0,0,0,0,0,0,0,0,0,0,0,0,2,3,harvb102,wilkj101,,,,,wilkj101,harvb102,,rickb102,rickb102,,,,,,,,,,,,,0,0,0,0,0,0,0,0,0,0,0,0,wilkj101,willc109,wilsb104,harvb102,davij106,washj102,pattp102,wallb102,willc107,8,6,5,9,7,3,4,2,1,glens101,jonej109,watkm101,hefna101,clarb101,browb107,cashb101,littb101,1,0,0,0,0,0,0,0,0,0,0,0,0,0,0,0,0,0,0,0,0,0,0,0,0,0,0,0,,,0,0,72,schuu902,zealu901,,,,,19490602,regular,deduced
PH5194906020,W,7,1,1,BRI01,PH5,HOE,2,5,hefna101,willc107,3,5,R,R,?,?,??,,,1,0,0,0,0,0,0,0,0,1,0,0,0,0,0,0,0,0,0,0,0,0,0,0,0,0,0,0,0,0,0,0,0,0,0,0,0,0,0,0,0,0,0,0,0,0,0,0,0,0,0,0,0,,,,hefna101,,,,,,,,,willc107,,,,,,,,,,,0,0,0,0,0,0,0,0,0,0,0,0,watkm101,cashb101,hefna101,clarb101,littb101,glens101,jonej109,browb107,rickb102,4,8,5,6,9,2,3,7,1,wallb102,washj102,pattp102,wilsb104,willc109,davij106,wilkj101,harvb102,0,0,0,0,0,0,0,0,0,0,0,0,0,0,0,0,0,0,0,,0,0,0,0,0,0,0,0,,,0,0,73,schuu902,zealu901,,,,,19490602,regular,deduced
PH5194906020,WP.1-2#,7,1,1,BRI01,PH5,HOE,2,5,clarb101,willc107,4,6,R,R,?,?,??,,,0,0,0,0,0,0,0,0,0,0,0,0,0,0,0,0,0,0,0,0,0,0,0,0,0,0,0,1,0,0,0,0,0,0,0,0,0,0,0,0,0,0,0,0,0,0,0,0,0,0,0,0,0,hefna101,,,,hefna101,,,,,willc107,,,,willc107,,,,,,,,,,0,0,0,0,0,0,0,0,0,0,0,0,watkm101,cashb101,hefna101,clarb101,littb101,glens101,jonej109,browb107,rickb102,4,8,5,6,9,2,3,7,1,wallb102,washj102,pattp102,wilsb104,willc109,davij106,wilkj101,harvb102,0,0,0,0,0,0,0,0,0,0,0,0,0,0,0,0,0,0,0,,0,0,0,0,0,0,0,0,,,0,0,74,schuu902,zealu901,,,,,19490602,regular,deduced
PH5194906020,W,7,1,1,BRI01,PH5,HOE,2,5,clarb101,willc107,4,6,R,R,?,?,??,,,1,0,0,0,0,0,0,0,0,1,0,0,0,0,0,0,0,0,0,0,0,0,0,0,0,0,0,0,0,0,0,0,0,0,0,0,0,0,0,0,0,0,0,0,0,0,0,0,0,0,0,0,0,,hefna101,,clarb101,hefna101,,,,,,willc107,,willc107,willc107,,,,,,,,,,0,0,0,0,0,0,0,0,0,0,0,0,watkm101,cashb101,hefna101,clarb101,littb101,glens101,jonej109,browb107,rickb102,4,8,5,6,9,2,3,7,1,wallb102,washj102,pattp102,wilsb104,willc109,davij106,wilkj101,harvb102,0,0,0,0,0,0,0,0,0,0,0,0,0,0,0,0,0,0,0,,0,0,0,0,0,0,0,0,,,0,0,75,schuu902,zealu901,,,,,19490602,regular,deduced
PH5194906020,99,7,1,1,BRI01,PH5,HOE,2,5,littb101,willc107,5,9,L,R,?,?,??,,,1,1,0,0,0,0,0,0,0,0,0,0,0,0,1,0,1,1,0,0,0,0,0,0,0,0,0,0,0,0,0,0,0,0,0,0,0,0,0,0,0,0,0,0,0,0,0,0,0,0,0,0,1,clarb101,hefna101,,clarb101,hefna101,,,,,willc107,willc107,,willc107,willc107,,,,,,,,,,0,0,0,0,0,0,0,0,0,0,0,0,watkm101,cashb101,hefna101,clarb101,littb101,glens101,jonej109,browb107,rickb102,4,8,5,6,9,2,3,7,1,wallb102,washj102,pattp102,wilsb104,willc109,davij106,wilkj101,harvb102,1,0,0,0,0,0,0,0,0,0,0,0,0,0,0,0,0,0,0,0,0,0,0,0,0,0,0,0,,,0,0,76,schuu902,zealu901,,,,,19490602,regular,deduced
PH5194906020,99,7,1,1,BRI01,PH5,HOE,2,5,glens101,willc107,6,2,R,R,?,?,??,,,1,1,0,0,0,0,0,0,0,0,0,0,0,0,1,0,1,1,0,0,0,0,0,0,0,0,0,0,0,0,0,0,0,0,0,0,0,0,0,0,0,0,0,0,0,0,0,0,0,0,0,1,2,clarb101,hefna101,,clarb101,hefna101,,,,,willc107,willc107,,willc107,willc107,,,,,,,,,,0,0,0,0,0,0,0,0,0,0,0,0,watkm101,cashb101,hefna101,clarb101,littb101,glens101,jonej109,browb107,rickb102,4,8,5,6,9,2,3,7,1,wallb102,washj102,pattp102,wilsb104,willc109,davij106,wilkj101,harvb102,1,0,0,0,0,0,0,0,0,0,0,0,0,0,0,0,0,0,0,0,0,0,0,0,0,0,0,0,,,0,0,77,schuu902,zealu901,,,,,19490602,regular,deduced
PH5194906020,99,7,1,1,BRI01,PH5,HOE,2,5,jonej109,willc107,7,3,L,R,?,?,??,,,1,1,0,0,0,0,0,0,0,0,0,0,0,0,1,0,1,1,0,0,0,0,0,0,0,0,0,0,0,0,0,0,0,0,0,0,0,0,0,0,0,0,0,0,0,0,0,0,0,0,0,2,3,clarb101,hefna101,,,,,hefna101,clarb101,,willc107,willc107,,,,,,,,,,,,,0,0,0,0,0,0,0,0,0,0,0,0,watkm101,cashb101,hefna101,clarb101,littb101,glens101,jonej109,browb107,rickb102,4,8,5,6,9,2,3,7,1,wallb102,washj102,pattp102,wilsb104,willc109,davij106,wilkj101,harvb102,1,0,0,0,0,0,0,0,0,0,0,0,0,0,0,0,0,0,0,0,0,0,0,0,0,0,0,0,,,0,0,78,schuu902,zealu901,,,,,19490602,regular,deduced
PH5194906020,99,8,0,0,BRI01,HOE,PH5,2,5,washj102,rickb102,6,3,L,R,?,?,??,,,1,1,0,0,0,0,0,0,0,0,0,0,0,0,1,0,1,1,0,0,0,0,0,0,0,0,0,0,0,0,0,0,0,0,0,0,0,0,0,0,0,0,0,0,0,0,0,0,0,0,0,0,1,,,,,,,,,,,,,,,,,,,,,,,,0,0,0,0,0,0,0,0,0,0,0,0,wilkj101,willc109,wilsb104,harvb102,davij106,washj102,pattp102,wallb102,willc107,8,6,5,9,7,3,4,2,1,glens101,jonej109,watkm101,hefna101,clarb101,browb107,cashb101,littb101,1,0,0,0,0,0,0,0,0,0,0,0,0,0,0,0,0,0,0,0,0,0,0,0,0,0,0,0,,,0,0,79,schuu902,zealu901,,,,,19490602,regular,deduced
PH5194906020,99,8,0,0,BRI01,HOE,PH5,2,5,pattp102,rickb102,7,4,B,R,?,?,??,,,1,1,0,0,0,0,0,0,0,0,0,0,0,0,1,0,1,1,0,0,0,0,0,0,0,0,0,0,0,0,0,0,0,0,0,0,0,0,0,0,0,0,0,0,0,0,0,0,0,0,0,1,2,,,,,,,,,,,,,,,,,,,,,,,,0,0,0,0,0,0,0,0,0,0,0,0,wilkj101,willc109,wilsb104,harvb102,davij106,washj102,pattp102,wallb102,willc107,8,6,5,9,7,3,4,2,1,glens101,jonej109,watkm101,hefna101,clarb101,browb107,cashb101,littb101,1,0,0,0,0,0,0,0,0,0,0,0,0,0,0,0,0,0,0,0,0,0,0,0,0,0,0,0,,,0,0,80,schuu902,zealu901,,,,,19490602,regular,deduced
PH5194906020,W,8,0,0,BRI01,HOE,PH5,2,5,wallb102,rickb102,8,2,?,R,?,?,??,,,1,0,0,0,0,0,0,0,0,1,0,0,0,0,0,0,0,0,0,0,0,0,0,0,0,0,0,0,0,0,0,0,0,0,0,0,0,0,0,0,0,0,0,0,0,0,0,0,0,0,0,2,2,,,,wallb102,,,,,,,,,rickb102,,,,,,,,,,,0,0,0,0,0,0,0,0,0,0,0,0,wilkj101,willc109,wilsb104,harvb102,davij106,washj102,pattp102,wallb102,willc107,8,6,5,9,7,3,4,2,1,glens101,jonej109,watkm101,hefna101,clarb101,browb107,cashb101,littb101,0,0,0,0,0,0,0,0,0,0,0,0,0,0,0,0,0,0,0,,0,0,0,0,0,0,0,0,,,0,0,81,schuu902,zealu901,,,,,19490602,regular,deduced
PH5194906020,99,8,0,0,BRI01,HOE,PH5,2,5,willc107,rickb102,9,1,R,R,?,?,??,,,1,1,0,0,0,0,0,0,0,0,0,0,0,0,1,0,1,1,0,0,0,0,0,0,0,0,0,0,0,0,0,0,0,0,0,0,0,0,0,0,0,0,0,0,0,0,0,0,0,0,0,2,3,wallb102,,,,,,wallb102,,,rickb102,,,,,,,,,,,,,,0,0,0,0,0,0,0,0,0,0,0,0,wilkj101,willc109,wilsb104,harvb102,davij106,washj102,pattp102,wallb102,willc107,8,6,5,9,7,3,4,2,1,glens101,jonej109,watkm101,hefna101,clarb101,browb107,cashb101,littb101,1,0,0,0,0,0,0,0,0,0,0,0,0,0,0,0,0,0,0,0,0,0,0,0,0,0,0,0,,,0,0,82,schuu902,zealu901,,,,,19490602,regular,deduced
PH5194906020,99,8,1,1,BRI01,PH5,HOE,2,5,browb107,willc107,8,7,L,R,?,?,??,,,1,1,0,0,0,0,0,0,0,0,0,0,0,0,1,0,1,1,0,0,0,0,0,0,0,0,0,0,0,0,0,0,0,0,0,0,0,0,0,0,0,0,0,0,0,0,0,0,0,0,0,0,1,,,,,,,,,,,,,,,,,,,,,,,,0,0,0,0,0,0,0,0,0,0,0,0,watkm101,cashb101,hefna101,clarb101,littb101,glens101,jonej109,browb107,rickb102,4,8,5,6,9,2,3,7,1,wallb102,washj102,pattp102,wilsb104,willc109,davij106,wilkj101,harvb102,1,0,0,0,0,0,0,0,0,0,0,0,0,0,0,0,0,0,0,0,0,0,0,0,0,0,0,0,,,0,0,83,schuu902,zealu901,,,,,19490602,regular,deduced
PH5194906020,S,8,1,1,BRI01,PH5,HOE,2,5,rickb102,willc107,9,1,R,R,?,?,??,,,1,1,1,0,0,0,0,0,0,0,0,0,0,0,0,0,0,1,0,0,0,0,0,0,0,0,0,0,0,0,0,0,0,0,0,0,0,0,0,0,0,0,0,0,0,0,0,0,0,0,0,1,1,,,,rickb102,,,,,,,,,willc107,,,,,,,,,,,0,0,0,0,0,0,0,0,0,0,0,0,watkm101,cashb101,hefna101,clarb101,littb101,glens101,jonej109,browb107,rickb102,4,8,5,6,9,2,3,7,1,wallb102,washj102,pattp102,wilsb104,willc109,davij106,wilkj101,harvb102,0,0,0,0,0,0,0,0,0,0,0,0,0,0,0,0,0,0,0,,0,0,0,0,0,0,0,0,,,0,0,84,schuu902,zealu901,,,,,19490602,regular,deduced
PH5194906020,WP.1-2#,8,1,1,BRI01,PH5,HOE,2,5,watkm101,willc107,1,4,L,R,?,?,??,,,0,0,0,0,0,0,0,0,0,0,0,0,0,0,0,0,0,0,0,0,0,0,0,0,0,0,0,1,0,0,0,0,0,0,0,0,0,0,0,0,0,0,0,0,0,0,0,0,0,0,0,1,1,rickb102,,,,rickb102,,,,,willc107,,,,willc107,,,,,,,,,,0,0,0,0,0,0,0,0,0,0,0,0,watkm101,cashb101,hefna101,clarb101,littb101,glens101,jonej109,browb107,rickb102,4,8,5,6,9,2,3,7,1,wallb102,washj102,pattp102,wilsb104,willc109,davij106,wilkj101,harvb102,0,0,0,0,0,0,0,0,0,0,0,0,0,0,0,0,0,0,0,,0,0,0,0,0,0,0,0,,,0,0,85,schuu902,zealu901,,,,,19490602,regular,deduced
PH5194906020,W,8,1,1,BRI01,PH5,HOE,2,5,watkm101,willc107,1,4,L,R,?,?,??,,,1,0,0,0,0,0,0,0,0,1,0,0,0,0,0,0,0,0,0,0,0,0,0,0,0,0,0,0,0,0,0,0,0,0,0,0,0,0,0,0,0,0,0,0,0,0,0,0,0,0,0,1,1,,rickb102,,watkm101,rickb102,,,,,,willc107,,willc107,willc107,,,,,,,,,,0,0,0,0,0,0,0,0,0,0,0,0,watkm101,cashb101,hefna101,clarb101,littb101,glens101,jonej109,browb107,rickb102,4,8,5,6,9,2,3,7,1,wallb102,washj102,pattp102,wilsb104,willc109,davij106,wilkj101,harvb102,0,0,0,0,0,0,0,0,0,0,0,0,0,0,0,0,0,0,0,,0,0,0,0,0,0,0,0,,,0,0,86,schuu902,zealu901,,,,,19490602,regular,deduced
PH5194906020,99,8,1,1,BRI01,PH5,HOE,2,5,cashb101,willc107,2,8,R,R,?,?,??,,,1,1,0,0,0,0,0,0,0,0,0,0,0,0,1,0,1,1,0,0,0,0,0,0,0,0,0,0,0,0,0,0,0,0,0,0,0,0,0,0,0,0,0,0,0,0,0,0,0,0,0,1,2,watkm101,rickb102,,watkm101,rickb102,,,,,willc107,willc107,,willc107,willc107,,,,,,,,,,0,0,0,0,0,0,0,0,0,0,0,0,watkm101,cashb101,hefna101,clarb101,littb101,glens101,jonej109,browb107,rickb102,4,8,5,6,9,2,3,7,1,wallb102,washj102,pattp102,wilsb104,willc109,davij106,wilkj101,harvb102,1,0,0,0,0,0,0,0,0,0,0,0,0,0,0,0,0,0,0,0,0,0,0,0,0,0,0,0,,,0,0,87,schuu902,zealu901,,,,,19490602,regular,deduced
PH5194906020,99,8,1,1,BRI01,PH5,HOE,2,5,hefna101,willc107,3,5,R,R,?,?,??,,,1,1,0,0,0,0,0,0,0,0,0,0,0,0,1,0,1,1,0,0,0,0,0,0,0,0,0,0,0,0,0,0,0,0,0,0,0,0,0,0,0,0,0,0,0,0,0,0,0,0,0,2,3,watkm101,rickb102,,,,,rickb102,watkm101,,willc107,willc107,,,,,,,,,,,,,0,0,0,0,0,0,0,0,0,0,0,0,watkm101,cashb101,hefna101,clarb101,littb101,glens101,jonej109,browb107,rickb102,4,8,5,6,9,2,3,7,1,wallb102,washj102,pattp102,wilsb104,willc109,davij106,wilkj101,harvb102,1,0,0,0,0,0,0,0,0,0,0,0,0,0,0,0,0,0,0,0,0,0,0,0,0,0,0,0,,,0,0,88,schuu902,zealu901,,,,,19490602,regular,deduced
PH5194906020,W,9,0,0,BRI01,HOE,PH5,2,5,wilkj101,rickb102,1,8,L,R,?,?,??,,,1,0,0,0,0,0,0,0,0,1,0,0,0,0,0,0,0,0,0,0,0,0,0,0,0,0,0,0,0,0,0,0,0,0,0,0,0,0,0,0,0,0,0,0,0,0,0,0,0,0,0,0,0,,,,wilkj101,,,,,,,,,rickb102,,,,,,,,,,,0,0,0,0,0,0,0,0,0,0,0,0,wilkj101,willc109,wilsb104,harvb102,davij106,washj102,pattp102,wallb102,willc107,8,6,5,9,7,3,4,2,1,glens101,jonej109,watkm101,hefna101,clarb101,browb107,cashb101,littb101,0,0,0,0,0,0,0,0,0,0,0,0,0,0,0,0,0,0,0,,0,0,0,0,0,0,0,0,,,0,0,89,schuu902,zealu901,,,,,19490602,regular,deduced
PH5194906020,CS2(99)#,9,0,0,BRI01,HOE,PH5,2,5,willc109,rickb102,2,6,L,R,?,?,??,,,0,0,0,0,0,0,0,0,0,0,0,0,0,0,0,0,0,0,0,0,0,0,0,0,0,0,0,0,0,0,0,0,0,0,0,1,0,0,0,0,0,0,0,0,0,0,0,0,0,0,0,0,1,wilkj101,,,,,,,,,rickb102,,,,,,,,,,,,,,0,0,0,0,0,0,0,0,0,0,0,0,wilkj101,willc109,wilsb104,harvb102,davij106,washj102,pattp102,wallb102,willc107,8,6,5,9,7,3,4,2,1,glens101,jonej109,watkm101,hefna101,clarb101,browb107,cashb101,littb101,1,0,0,0,0,0,0,0,0,0,0,0,0,0,0,0,0,0,0,0,0,0,0,0,0,0,0,0,,,0,0,90,schuu902,zealu901,,,,,19490602,regular,deduced
PH5194906020,99,9,0,0,BRI01,HOE,PH5,2,5,willc109,rickb102,2,6,L,R,?,?,??,,,1,1,0,0,0,0,0,0,0,0,0,0,0,0,1,0,1,1,0,0,0,0,0,0,0,0,0,0,0,0,0,0,0,0,0,0,0,0,0,0,0,0,0,0,0,0,0,0,0,0,0,1,2,,,,,,,,,,,,,,,,,,,,,,,,0,0,0,0,0,0,0,0,0,0,0,0,wilkj101,willc109,wilsb104,harvb102,davij106,washj102,pattp102,wallb102,willc107,8,6,5,9,7,3,4,2,1,glens101,jonej109,watkm101,hefna101,clarb101,browb107,cashb101,littb101,1,0,0,0,0,0,0,0,0,0,0,0,0,0,0,0,0,0,0,0,0,0,0,0,0,0,0,0,,,0,0,91,schuu902,zealu901,,,,,19490602,regular,deduced
PH5194906020,99,9,0,0,BRI01,HOE,PH5,2,5,wilsb104,rickb102,3,5,R,R,?,?,??,,,1,1,0,0,0,0,0,0,0,0,0,0,0,0,1,0,1,1,0,0,0,0,0,0,0,0,0,0,0,0,0,0,0,0,0,0,0,0,0,0,0,0,0,0,0,0,0,0,0,0,0,2,3,,,,,,,,,,,,,,,,,,,,,,,,0,0,0,0,0,0,0,0,0,0,0,0,wilkj101,willc109,wilsb104,harvb102,davij106,washj102,pattp102,wallb102,willc107,8,6,5,9,7,3,4,2,1,glens101,jonej109,watkm101,hefna101,clarb101,browb107,cashb101,littb101,1,0,0,0,0,0,0,0,0,0,0,0,0,0,0,0,0,0,0,0,0,0,0,0,0,0,0,0,,,0,0,92,schuu902,zealu901,,,,,19490602,regular,deduced
