gid,id,team,d_seq,d_pos,stattype,d_ifouts,d_po,d_a,d_e,d_dp,d_tp,d_pb,d_wp,d_sb,d_cs,d_gs,date,number,site,vishome,opp,win,loss,tie,gametype,box,pbp,eject
CVB194408202,willj114,CVB,1,2,value,,2,0,0,0,0,0,,,,,19440820,2,CLE06,h,CIA,1,0,0,regular,y,,
CIA194408220,willj114,CVB,1,2,value,27,4,0,1,0,0,0,0,0,0,1,19440822,0,NOR03,v,CIA,1,0,0,regular,y,d,
CAG194408250,willj114,CVB,1,2,value,27,,,,,0,,,,,1,19440825,0,SBD01,v,CAG,1,0,0,regular,,,
CAG194409010,willj114,CVB,1,2,value,27,,,,,0,,,,,1,19440901,0,HAM01,v,CAG,1,0,0,regular,,,
CVB194409110,willj114,CVB,1,2,value,27,,,,,0,,,,,1,19440911,0,DAY03,h,HOM,0,1,0,exhibition,,,
CVB194409120,willj114,CVB,1,2,value,21,,,,,0,,,,,1,19440912,0,COL05,h,HOM,0,1,0,exhibition,,,
HOM194409130,willj114,CVB,1,2,value,24,1,0,0,0,0,0,0,0,0,1,19440913,0,WAP01,v,HOM,0,0,1,exhibition,y,d,
HOM194409140,willj114,CVB,1,2,value,24,,,0,0,0,1,,,,1,19440914,0,WAS09,v,HOM,0,1,0,exhibition,y,,
BLG194409160,willj114,CVB,1,2,value,24,5,1,0,0,0,0,,,,1,19440916,0,HRB01,v,BLG,0,1,0,exhibition,y,,
BLG194409172,willj114,CVB,1,2,value,15,,,0,0,0,0,,,,,19440917,2,BAL14,v,BLG,0,1,0,exhibition,y,,
CAG194410060,willj114,CAG,1,2,value,27,,,,,0,,,,,1,19441006,0,OKC02,h,CVB,0,1,0,exhibition,,,
CAG194410081,willj114,CAG,1,2,value,27,,,,,0,,,,,1,19441008,1,LRK02,h,CVB,0,1,0,exhibition,,,
CAG194410082,willj114,CAG,1,2,value,27,,,0,,0,,,,,1,19441008,2,LRK02,h,CVB,0,1,0,exhibition,,,
CAG194505201,willj114,CAG,1,2,value,3,0,0,0,0,0,0,,,,,19450520,1,COL05,h,KCM,0,1,0,regular,y,,
CAG194505210,willj114,CAG,1,2,value,,,,0,,0,,,,,,19450521,0,DAY03,h,KCM,0,1,0,regular,,,
CAG194506102,willj114,CAG,1,2,value,,,,0,,0,1,,,,,19450610,2,CHI10,h,BIR,0,1,0,regular,,,
CVB194507160,willj114,CVB,1,2,value,,0,0,0,0,0,0,,,,1,19450716,0,CLE07,h,BIR,1,0,0,regular,y,,
CVB194507170,willj114,CVB,1,2,value,,,,0,,0,,,,,1,19450717,0,COL05,h,BIR,0,1,0,regular,,,
NY6194507291,willj114,CVB,1,2,value,24,3,1,0,0,0,1,,,,1,19450729,1,NYC14,v,NY6,0,1,0,exhibition,y,,
NY6194507300,willj114,CVB,1,5,value,24,1,0,0,0,0,,,,,1,19450730,0,NYC23,v,NY6,0,1,0,exhibition,y,d,
BLG194508010,willj114,CVB,1,2,value,26,6,1,0,0,0,0,,,,1,19450801,0,HRB01,v,BLG,0,0,1,exhibition,y,,
NW2194508121,willj114,CVB,1,5,value,,,,0,0,0,,,,,,19450812,1,NWK04,v,NW2,0,1,0,exhibition,y,,
MEM194508262,willj114,CVB,1,2,value,21,,,0,,0,,,,,1,19450826,2,MEM03,v,MEM,1,0,0,regular,,,
CVB194508290,willj114,CVB,1,2,value,,,,0,,0,,,,,1,19450829,0,DAY03,h,MEM,1,0,0,regular,,,
CAG194509032,willj114,CVB,1,2,value,18,,,0,,0,,,,,1,19450903,2,CHI10,v,CAG,0,1,0,regular,,,
HOM194509220,willj114,CVB,1,2,value,27,4,1,0,0,0,0,,,,1,19450922,0,WIL04,v,HOM,1,0,0,exhibition,y,,
CAG194704290,willj114,CVB,1,9,value,27,0,0,0,0,0,,,,,1,19470429,0,HUN01,v,CAG,1,0,0,exhibition,y,d,
CVB194705270,willj114,CVB,1,7,value,,,,0,0,0,,,,,,19470527,0,ERI01,h,CAG,1,0,0,regular,y,,
CVB194705270,willj114,CVB,2,3,value,,,,0,0,0,,,,,,19470527,0,ERI01,h,CAG,1,0,0,regular,y,,
CVB194705301,willj114,CVB,1,7,value,,,,0,0,0,,,,,,19470530,1,CLE06,h,CAG,1,0,0,regular,y,,
KCM194706051,willj114,CVB,1,2,value,,0,0,0,0,0,1,,,,,19470605,1,KAN05,v,KCM,1,0,0,regular,y,,
KCM194706052,willj114,CVB,1,2,value,3,0,0,0,0,0,0,,,,,19470605,2,KAN05,v,KCM,0,1,0,regular,y,,
CVB194706160,willj114,CVB,1,7,value,,,,0,0,0,,,,,,19470616,0,ERI01,h,KCM,0,1,0,regular,y,,
CVB194706221,willj114,CVB,1,7,value,,0,0,0,0,0,,,,,,19470622,1,CLE06,h,IN9,1,0,0,regular,y,,
CVB194706250,willj114,CVB,1,7,value,27,,,0,0,0,,,,,1,19470625,0,ERI01,h,IN9,1,0,0,regular,y,,
BIR194707010,willj114,CVB,1,8,value,,,,0,,0,0,,,,,19470701,0,BIR01,v,BIR,1,0,0,regular,,,
NW2194707170,willj114,CVB,1,7,value,5,0,0,0,0,0,,,,,0,19470717,0,NWK04,v,NW2,0,1,0,regular,y,d,
CAG194708110,willj114,CVB,1,9,value,,,,0,0,0,,,,,,19470811,0,FLI01,v,CAG,0,1,0,regular,y,,
BLG194709011,willj114,CVB,1,7,value,24,2,0,0,0,0,,,,,1,19470901,1,BAL14,v,BLG,0,1,0,exhibition,y,,
NY6194709210,willj114,CVB,1,7,value,0,0,0,0,0,0,,,,,1,19470921,0,NYC16,v,NY6,1,0,0,championship,y,d,
CVB194709230,willj114,CVB,1,7,value,3,1,0,0,0,0,,,,,0,19470923,0,CLE07,h,NY6,0,1,0,championship,y,d,
NY6194709240,willj114,CVB,1,7,value,24,1,0,0,0,0,,,,,1,19470924,0,PHI11,v,NY6,0,1,0,championship,y,,
NY6194709260,willj114,CVB,1,2,value,27,,,0,,0,,,,,,19470926,0,CHI10,v,NY6,0,1,0,championship,,,
CVB194709270,willj114,CVB,1,2,value,3,0,0,0,0,0,0,,,,,19470927,0,CLE06,h,NY6,0,1,0,championship,y,,
ASW195108120,willj114,ASW,1,4,value,27,5,2,0,0,0,,,,,1,19510812,0,CHI10,h,ASE,0,1,0,allstar,y,d,
