gid,team,inn1,inn2,inn3,inn4,inn5,inn6,inn7,inn8,inn9,inn10,inn11,inn12,inn13,inn14,inn15,inn16,inn17,inn18,inn19,inn20,inn21,inn22,inn23,inn24,inn25,inn26,inn27,inn28,lob,mgr,stattype,b_pa,b_ab,b_r,b_h,b_d,b_t,b_hr,b_rbi,b_sh,b_sf,b_hbp,b_w,b_iw,b_k,b_sb,b_cs,b_gdp,b_xi,b_roe,p_ipouts,p_noout,p_bfp,p_h,p_d,p_t,p_hr,p_r,p_er,p_w,p_iw,p_k,p_hbp,p_wp,p_bk,p_sh,p_sf,p_sb,p_cs,p_pb,d_po,d_a,d_e,d_dp,d_tp,d_pb,d_wp,d_sb,d_cs,start_l1,start_l2,start_l3,start_l4,start_l5,start_l6,start_l7,start_l8,start_l9,start_f1,start_f2,start_f3,start_f4,start_f5,start_f6,start_f7,start_f8,start_f9,start_f10,date,number,site,vishome,opp,win,loss,tie,gametype,box,pbp
MEM193904090,KCM,,,,,,,,,,,,,,,,,,,,,,,,,,,,,,coopa101,value,,,8,2,,2,,,,,,,,,,,,,,27,,,1,,,1,7,,,,,,,,,,,,,27,,0,,0,,,,,,,,,,,,,,,,,,,,,,,,19390409,0,MEM02,v,MEM,1,0,0,exhibition,,
MEM193904090,MEM,,,,,,,,,,,,,,,,,,,,,,,,,,,,,,radct101,value,,,7,1,,,1,,,,,,,,,,,,,27,,,2,,2,,8,,,,,,,,,,,,,27,,0,,0,,,,,,,,,,,,,,,,,,,,,,,,19390409,0,MEM02,h,KCM,0,1,0,exhibition,,
MEM193904160,KCM,0,1,0,0,4,,,,,,,,,,,,,,,,,,,,,,,,,coopa101,value,,,5,,,,,,,,,,,,,,,,,15,,,,,,,2,,,,,,,,,,,,,15,,0,,0,,,,,,,,,,,,,,smith111,,,,,,,,,,19390416,0,MNL01,v,MEM,1,0,0,exhibition,,
MEM193904160,MEM,1,0,0,0,1,,,,,,,,,,,,,,,,,,,,,,,,,radct101,value,,,2,,,,,,,,,,,,,,,,,15,,,,,,,5,,,,,,,,,,,,,15,,0,,0,,,,,,,,,,,,,,jeffw101,,,,,,,,,,19390416,0,MNL01,h,KCM,0,1,0,exhibition,,
HOM193904231,KCM,0,0,0,0,0,0,0,0,0,,,,,,,,,,,,,,,,,,,,2,coopa101,value,29,28,0,1,0,0,0,0,0,0,0,1,0,10,0,0,0,0,1,24,0,33,6,1,1,1,4,4,4,0,7,0,0,0,0,0,3,0,0,24,6,1,0,0,0,0,3,0,milth101,allen102,bibbr101,broww101,steat101,strot101,oneib801,decul101,walkg103,walkg103,decul101,oneib801,allen102,bibbr101,strot101,broww101,steat101,milth101,,19390423,1,NOL01,v,HOM,0,1,0,exhibition,y,d
HOM193904231,HOM,0,3,0,0,0,0,0,1,,,,,,,,,,,,,,,,,,,,,5,harrv102,value,33,29,4,6,1,1,1,4,0,0,0,4,0,7,3,0,0,0,1,27,0,29,1,0,0,0,0,0,1,0,10,0,0,0,0,0,0,0,0,27,8,1,0,0,0,0,0,0,benjj101,harrv102,banks101,gibsj101,leonb101,whatd101,willh105,jackj104,partr102,partr102,gibsj101,leonb101,banks101,willh105,jackj104,harrv102,benjj101,whatd101,,19390423,1,NOL01,h,KCM,1,0,0,exhibition,y,d
HOM193904232,KCM,1,0,0,0,0,0,0,0,,,,,,,,,,,,,,,,,,,,,5,coopa101,value,30,28,1,5,0,0,0,1,0,0,0,2,0,3,0,0,1,0,1,22,0,31,6,1,0,0,2,2,3,0,3,0,0,0,3,0,0,0,0,22,10,0,0,0,0,0,0,0,milth101,allen102,bibbr101,broww101,steat101,strot101,oneib801,decul101,bradf104,bradf104,decul101,oneib801,allen102,bibbr101,strot101,broww101,steat101,milth101,,19390423,2,NOL01,v,HOM,0,1,0,exhibition,y,d
HOM193904232,HOM,0,0,0,0,0,1,0,1,,,,,,,,,,,,,,,,,,,,,7,harrv102,value,31,25,2,6,1,0,0,2,3,0,0,3,0,3,0,0,0,0,0,24,0,30,5,0,0,0,1,1,2,0,3,0,0,0,0,0,0,0,0,24,12,0,2,0,0,0,0,0,benjj101,harrv102,banks101,gibsj101,leonb101,whatd101,willh105,jackj104,walke103,walke103,gibsj101,leonb101,banks101,willh105,jackj104,harrv102,benjj101,whatd101,,19390423,2,NOL01,h,KCM,1,0,0,exhibition,y,d
HOM193904250,KCM,0,3,0,1,0,0,0,0,0,,,,,,,,,,,,,,,,,,,,4,coopa101,value,35,33,4,5,1,1,1,4,0,0,0,2,0,10,1,0,0,0,1,24,0,41,11,3,0,0,8,5,5,0,6,0,0,0,1,0,0,0,0,24,7,3,1,0,0,0,0,0,milth101,allen102,bibbr101,broww101,steat101,strot101,oneib801,decul101,treae101,treae101,decul101,oneib801,allen102,bibbr101,strot101,broww101,steat101,milth101,,19390425,0,NOL01,v,HOM,0,1,0,exhibition,y,d
HOM193904250,HOM,0,0,0,1,0,4,0,3,,,,,,,,,,,,,,,,,,,,,9,harrv102,value,41,35,8,11,3,0,0,5,1,0,0,5,0,6,0,0,1,0,2,27,0,35,5,1,1,1,4,4,2,0,10,0,0,0,0,0,1,0,0,27,6,1,0,0,0,0,1,0,benjj101,harrv102,banks101,gibsj101,leonb101,willj110,willh105,jackj104,parkt101,parkt101,gibsj101,leonb101,banks101,willh105,jackj104,harrv102,benjj101,willj110,,19390425,0,NOL01,h,KCM,1,0,0,exhibition,y,d
CAG193904270,KCM,0,0,0,1,0,3,0,0,2,,,,,,,,,,,,,,,,,,,,,coopa101,value,,,6,4,,,,,,,,,,,,,,,,27,,,2,,,,1,,,,,,,,,,,,,27,,2,,0,,,,,,,,,,,,,,bradf104,decul101,,,,,,,,,19390427,0,TEX01,v,CAG,1,0,0,exhibition,,
CAG193904270,CAG,0,1,0,0,0,0,0,0,0,,,,,,,,,,,,,,,,,,,,,taylj105,value,,,1,2,,,,,,,,,,,,,,,,27,,,4,,,,6,,,,,,,,,,,,,27,,4,,0,,,,,,,,,,,,,,willl108,bassp101,,,,,,,,,19390427,0,TEX01,h,KCM,0,1,0,exhibition,,
KCM193904290,CAG,0,0,0,0,0,0,,,,,,,,,,,,,,,,,,,,,,,,taylj105,value,,,3,,,,,,,,,,,,,,,,,24,,,,,,,19,,,,,,,,,,,,,24,,,,,,,,,,,,,,,,,,,,,,,,,,,,19390429,0,MRT01,v,KCM,0,1,0,exhibition,,
KCM193904290,KCM,,,,,,,,,,,,,,,,,,,,,,,,,,,,,,coopa101,value,,,19,,,,,,,,,,,,,,,,,27,,,,,,,3,,,,,,,,,,,,,27,,,,,,,,,,,,,,,,,,bradf104,,,,,,,,,,19390429,0,MRT01,h,CAG,1,0,0,exhibition,,
KCM193904300,CAG,0,0,0,0,0,0,7,0,0,0,0,,,,,,,,,,,,,,,,,,7,taylj105,value,47,43,7,14,4,0,0,7,2,0,0,2,0,9,0,1,1,0,1,31,0,57,16,3,2,0,8,6,5,3,5,1,0,0,3,0,2,0,0,31,13,3,2,0,0,0,2,0,simmw101,radca101,smite112,youne102,reduw101,bassp101,sparj102,reedj102,johnt108,johnt108,bassp101,reedj102,sparj102,youne102,radca101,reduw101,simmw101,smite112,,19390430,0,DAL01,v,KCM,0,1,0,exhibition,y,d
KCM193904300,KCM,0,2,0,0,2,0,2,0,1,0,1,,,,,,,,,,,,,,,,,,18,coopa101,value,57,48,8,16,3,2,0,8,3,0,1,5,3,5,2,0,2,0,6,33,0,47,14,4,0,0,7,3,2,0,9,0,0,0,2,0,0,1,0,33,14,4,1,0,0,0,0,1,milth101,allen102,bibbr101,steat101,strot101,broww101,oneib801,decul101,smith111,smith111,decul101,oneib801,allen102,bibbr101,strot101,broww101,steat101,milth101,,19390430,0,DAL01,h,CAG,1,0,0,exhibition,y,d
KCM193905040,CAG,3,2,0,0,2,0,0,0,0,,,,,,,,,,,,,,,,,,,,,taylj105,value,,,7,8,,,1,,,,,,,,,,,,,24,,,17,,,,14,,,,,,,,,,,,,24,,6,,0,,,,,,,,,,,,,,willl108,bassp101,,,,,,,,,19390504,0,TUL01,v,KCM,0,1,0,exhibition,,
KCM193905040,KCM,3,6,0,0,0,0,3,1,1,,,,,,,,,,,,,,,,,,,,,coopa101,value,,,14,17,,,,,,,,,,,,,,,,27,,,8,,,1,7,,,,,,,,,,,,,27,,2,,0,,,,,,,,,,,,,,treae101,decul101,,,,,,,,,19390504,0,TUL01,h,CAG,1,0,0,exhibition,,
MEM193905050,KCM,,,,,,,,,,,,,,,,,,,,,,,,,,,,,,coopa101,value,,,6,9,,,,,,,,,,,,,,,,24,,,11,,,,10,,,,,,,,,,,,,24,,6,,0,,,,,,,,,,,,,,walkg103,,,,,,,,,,19390505,0,LRK02,v,MEM,0,1,0,exhibition,,
MEM193905050,MEM,,,,,,2,3,4,,,,,,,,,,,,,,,,,,,,,,radct101,value,,,10,11,,,,,,,,,,,,,,,,27,,,9,,,,6,,,,,,,,,,,,,27,,6,,0,,,,,,,,,,,,,,jeffw101,,,,,,,,,,19390505,0,LRK02,h,KCM,1,0,0,exhibition,,
BLG193905071,KCM,,,,,,,,,,,,,,,,,,,,,,,,,,,,,,coopa101,value,,,3,,,,,,,,,,,,,,,,,24,,,,,,,17,,,,,,,,,,,,,24,,,,,,,,,,,,,,,,,,,,,,,,,,,,19390507,1,NSH02,v,BLG,0,1,0,exhibition,,
BLG193905071,BLG,,,,,,,,,,,,,,,,,,,,,,,,,,,,,,snowf101,value,,,17,,,,,,,,,,,,,,,,,27,,,,,,,3,,,,,,,,,,,,,27,,,,,,,,,,,,,,,,,,,,,,,,,,,,19390507,1,NSH02,h,KCM,1,0,0,exhibition,,
BLG193905072,KCM,,,,,,,,,,,,,,,,,,,,,,,,,,,,,,coopa101,value,,,4,,,,,,,,,,,,,,,,,18,,,,,,,6,,,,,,,,,,,,,18,,,,,,,,,,,,,,,,,,,,,,,,,,,,19390507,2,NSH02,v,BLG,0,1,0,exhibition,,
BLG193905072,BLG,,,,,,,,,,,,,,,,,,,,,,,,,,,,,,snowf101,value,,,6,,,,,,,,,,,,,,,,,21,,,,,,,4,,,,,,,,,,,,,21,,,,,,,,,,,,,,,,,,,,,,,,,,,,19390507,2,NSH02,h,KCM,1,0,0,exhibition,,
KCM193905080,CAG,,,,,,,,,,,,,,,,,,,,,,,,,,,,,,taylj105,value,,,4,,,,,,,,,,,,,,,,,27,,,,,,,3,,,,,,,,,,,,,27,,,,,,,,,,,,,,,,,,,,,,,,,,,,19390508,0,MEM02,v,KCM,1,0,0,exhibition,,
KCM193905080,KCM,,,,,,,,,,,,,,,,,,,,,,,,,,,,,,coopa101,value,,,3,,,,,,,,,,,,,,,,,27,,,,,,,4,,,,,,,,,,,,,27,,,,,,,,,,,,,,,,,,,,,,,,,,,,19390508,0,MEM02,h,CAG,0,1,0,exhibition,,
MEM193905090,KCM,0,1,0,0,0,0,0,0,0,,,,,,,,,,,,,,,,,,,,,coopa101,value,,,1,7,,,1,1,,0,,0,0,8,,,,,,24,,,11,,,,6,,,,6,,,,,,,,,24,,2,,0,,,,,,,,,,,,,,walkg103,decul101,,,,,,,,,19390509,0,CLA01,v,MEM,0,1,0,exhibition,,
MEM193905090,MEM,0,0,2,4,0,0,0,0,,,,,,,,,,,,,,,,,,,,,,radct101,value,,,6,11,,,,,,,,,,6,,,,,,27,,,7,,,1,1,,0,0,8,,,,,0,,,,27,,0,,0,,,,,,,,,,,,,,radct101,browl107,,,,,,,,,19390509,0,CLA01,h,KCM,1,0,0,exhibition,,
KCM193905120,MEM,,,,,,,,,,,,,,,,,,,,,,,,,,,,,,radct101,value,,,7,,,,,,,,,,,,,,,,,27,,,,,,,6,,,,,,,,,,,,,27,,0,,0,,,,,,,,,,,,,,barnv103,browl107,,,,,,,,,19390512,0,TOP01,v,KCM,1,0,0,exhibition,,
KCM193905120,KCM,,,,,,,,,,,,,,,,,,,,,,,,,,,,,,coopa101,value,,,6,,,,,,,,,,,,,,,,,27,,,,,,,7,,,,,,,,,,,,,27,,0,,0,,,,,,,,,,,,,,mosel101,hardp102,,,,,,,,,19390512,0,TOP01,h,MEM,0,1,0,exhibition,,
KCM193905141,MEM,1,0,0,0,0,0,0,1,0,,,,,,,,,,,,,,,,,,,,5,radct101,value,34,32,2,7,1,0,0,2,1,0,0,1,0,5,0,0,0,0,0,24,0,36,9,2,0,2,6,4,3,0,3,0,0,0,0,0,1,0,0,24,13,3,0,0,0,0,1,0,hydec101,taylj106,davel102,robin101,davib109,browl107,bankf101,browt105,breme101,breme101,browl107,taylj106,hydec101,bankf101,browt105,davib109,robin101,davel102,,19390514,1,KAN05,v,KCM,0,1,0,regular,y,d
KCM193905141,KCM,2,0,0,0,2,0,2,0,,,,,,,,,,,,,,,,,,,,,6,coopa101,value,36,33,6,9,2,0,2,6,0,0,0,3,0,3,1,0,0,0,2,27,0,34,7,1,0,0,2,2,1,0,5,0,0,0,1,0,0,0,1,27,13,0,1,0,1,0,0,0,milth101,bibbr101,steat101,broww101,strot101,oneib801,allen102,decul101,smith111,smith111,decul101,oneib801,allen102,bibbr101,strot101,broww101,steat101,milth101,,19390514,1,KAN05,h,MEM,1,0,0,regular,y,d
KCM193905142,MEM,0,0,0,1,0,1,1,,,,,,,,,,,,,,,,,,,,,,3,radct101,value,27,25,3,9,0,2,0,2,0,2,0,0,0,5,1,2,0,0,0,18,0,28,9,1,0,0,5,5,1,0,8,1,0,0,0,0,0,0,0,18,6,0,1,0,0,0,0,0,hydec101,taylj106,davel102,robin101,davib109,browl107,bankf101,browt105,walsu101,walsu101,browl107,taylj106,hydec101,bankf101,browt105,davib109,robin101,davel102,,19390514,2,KAN05,v,KCM,0,1,0,regular,y,d
KCM193905142,KCM,0,0,0,0,0,5,,,,,,,,,,,,,,,,,,,,,,,5,coopa101,value,28,26,5,9,1,0,0,5,0,0,1,1,0,8,0,0,0,0,0,21,0,27,9,0,2,0,3,3,0,0,5,0,0,0,0,2,1,2,2,21,8,0,1,0,2,0,1,2,milth101,bibbr101,steat101,broww101,strot101,oneib801,allen102,decul101,bradf104,bradf104,decul101,oneib801,allen102,bibbr101,strot101,broww101,steat101,milth101,,19390514,2,KAN05,h,MEM,1,0,0,regular,y,d
KCM193905150,MEM,1,0,0,0,1,0,1,2,3,,,,,,,,,,,,,,,,,,,,,radct101,value,,,8,9,,,,,,,,,,,,,,,,24,,,15,,,3,15,,,,,,,,,,,,,24,,3,,0,,,,,,,,,,,,,,wilsl102,browl107,,,,,,,,,19390515,0,STJ01,v,KCM,0,1,0,exhibition,,
KCM193905150,KCM,0,4,0,0,0,6,4,1,,,,,,,,,,,,,,,,,,,,,,coopa101,value,,,15,15,,,3,,,,,,,,,,,,,27,,,9,,,,8,,,,,,,,,,,,,27,,5,,0,,,,,,,,,,,,,,kranf101,decul101,,,,,,,,,19390515,0,STJ01,h,MEM,1,0,0,exhibition,,
KCM193905170,MEM,0,0,1,0,0,0,0,0,0,,,,,,,,,,,,,,,,,,,,3,radct101,value,31,29,1,6,0,0,0,,0,0,1,1,,9,0,,,0,,24,,42,11,1,0,1,11,,0,0,4,0,0,0,0,1,1,,0,24,9,10,0,0,0,0,1,,hydec101,taylj106,davel102,robin101,davib109,browl107,bankf101,browt105,jeffw101,jeffw101,browl107,taylj106,robin101,bankf101,browt105,davib109,davel102,hydec101,,19390517,0,KAN05,v,KCM,0,1,0,regular,y,
KCM193905170,KCM,3,0,0,0,4,0,1,3,,,,,,,,,,,,,,,,,,,,,7,coopa101,value,42,41,11,11,1,0,1,,0,1,0,0,0,4,1,,,0,,27,,31,6,0,0,0,1,,1,,9,1,0,0,0,0,0,,0,27,18,2,2,0,0,0,0,,milth101,bibbr101,steat101,broww101,strot101,oneib801,allen102,decul101,bradf104,bradf104,decul101,oneib801,allen102,bibbr101,strot101,broww101,steat101,milth101,,19390517,0,KAN05,h,MEM,1,0,0,regular,y,
CAG193905200,KCM,1,0,0,0,0,0,0,0,0,,,,,,,,,,,,,,,,,,,,6,coopa101,value,34,32,1,5,0,0,0,1,1,0,0,1,0,0,0,0,0,0,1,24,0,33,6,0,0,1,4,1,1,0,2,0,0,0,0,0,2,0,0,24,0,2,0,0,0,0,2,0,milth101,bibbr101,steat101,broww101,strot101,oneib801,allen102,decul101,smith111,smith111,decul101,oneib801,allen102,bibbr101,strot101,broww101,steat101,milth101,,19390520,0,CHI09,v,CAG,0,1,0,regular,y,d
CAG193905200,CAG,0,0,0,0,0,0,4,0,,,,,,,,,,,,,,,,,,,,,5,taylj105,value,33,32,4,6,0,0,1,4,0,0,0,1,0,2,2,0,0,0,2,27,0,34,5,0,0,0,1,1,1,0,0,0,0,0,1,0,0,0,0,27,0,1,0,0,0,0,0,0,simmw101,radca101,smite112,youne102,byass101,haler103,hornb101,bassp101,trent101,trent101,bassp101,youne102,hornb101,radca101,haler103,smite112,simmw101,byass101,,19390520,0,CHI09,h,KCM,1,0,0,regular,y,d
CAG193905211,KCM,0,0,0,0,0,0,0,0,3,,,,,,,,,,,,,,,,,,,,6,coopa101,value,36,33,3,5,1,0,0,,1,,0,2,0,11,2,,,0,,24,,32,7,0,0,0,4,,2,0,4,0,0,0,2,,0,,0,24,,2,0,0,0,0,0,,milth101,bibbr101,steat101,broww101,strot101,oneib801,allen102,greej108,kranf101,kranf101,greej108,oneib801,allen102,broww101,strot101,broww101,steat101,milth101,,19390521,1,CHI09,v,CAG,0,1,0,regular,y,
CAG193905211,CAG,0,0,2,0,0,2,0,0,,,,,,,,,,,,,,,,,,,,,4,taylj105,value,32,28,4,7,0,0,0,,2,,0,2,0,4,0,,,0,,27,,36,5,1,0,0,3,,2,0,11,0,0,0,1,,2,,0,27,,3,0,0,0,0,2,,simmw101,radca101,smite112,youne102,byass101,haler103,hornb101,bassp101,cornw101,cornw101,bassp101,youne102,hornb101,radca101,haler103,smite112,smite112,byass101,,19390521,1,CHI09,h,KCM,1,0,0,regular,y,
CAG193905212,KCM,0,0,0,0,0,0,0,0,0,,,,,,,,,,,,,,,,,,,,,coopa101,value,,,0,,,,,0,,,,,,,,,,,,24,,,,,,,5,,,,,,,,,,,,,24,,0,,0,,,,,,,,,,,,,,coopa101,,,,,,,,,,19390521,2,CHI09,v,CAG,0,1,0,regular,,
CAG193905212,CAG,,,,,,,,,,,,,,,,,,,,,,,,,,,,,,taylj105,value,,,5,,,,,,,,,,,,,,,,,27,,,,,,,0,0,,,,,,,,,,,,27,,0,,0,,,,,,,,,,,,,,housj103,bassp101,,,,,,,,,19390521,2,CHI09,h,KCM,1,0,0,regular,,
CAG193905220,KCM,0,1,3,0,1,0,0,0,0,0,0,0,0,0,1,,,,,,,,,,,,,,,coopa101,value,,,6,9,,,,,1,,,,,,,,,,,45,,,11,,,,5,,,,,,,,,,,,,45,,1,,0,,,,,,,,,,,,,,bradf104,greej108,,,,,,,,,19390522,0,CHI09,v,CAG,1,0,0,regular,,
CAG193905220,CAG,0,0,0,0,1,0,3,0,1,0,0,0,0,0,0,,,,,,,,,,,,,,,taylj105,value,,,5,11,,,,,,,,,,,,,,,,45,,,9,,,,6,,,,,,,,1,,,,,45,,1,,0,,,,,,,,,,,,,,johnt108,bassp101,,,,,,,,,19390522,0,CHI09,h,KCM,0,1,0,regular,,
KCM193905260,ATN,0,0,0,0,1,1,0,0,0,,,,,,,,,,,,,,,,,,,,5,kempg101,value,34,30,2,8,3,0,0,2,1,1,0,2,0,5,0,1,0,0,0,24,0,42,13,3,2,1,11,10,4,0,5,0,1,0,1,0,2,0,2,24,7,2,0,0,2,1,2,0,moorr104,kempg101,davib109,andrj104,boono101,reevd101,buttt102,davis105,mitct101,mitct101,boono101,moorr104,kempg101,davis105,buttt102,andrj104,davib109,reevd101,,19390526,0,DES01,v,KCM,0,1,0,regular,y,d
KCM193905260,KCM,2,1,1,0,2,2,2,1,,,,,,,,,,,,,,,,,,,,,7,coopa101,value,42,37,11,13,3,2,1,8,1,0,0,4,0,5,2,0,0,0,1,27,0,34,8,3,0,0,2,2,2,0,5,0,0,0,1,1,0,1,0,27,10,1,2,0,0,0,0,1,milth101,allen102,steat101,broww101,strot101,oneib801,greej108,willj111,walkg103,walkg103,greej108,oneib801,allen102,willj111,strot101,broww101,steat101,milth101,,19390526,0,DES01,h,ATN,1,0,0,regular,y,d
KCM193905281,ATN,0,0,0,0,0,0,0,0,0,,,,,,,,,,,,,,,,,,,,5,kempg101,value,32,26,0,4,0,0,0,0,1,0,0,5,0,4,0,0,4,0,0,24,0,32,7,1,0,0,3,3,4,0,1,1,0,0,1,0,4,0,2,24,17,2,4,0,2,0,4,0,moorr104,davib109,boono101,andrj104,owens102,davis105,buttt102,kempg101,dixoe101,dixoe101,boono101,moorr104,kempg101,davis105,buttt102,owens102,davib109,andrj104,,19390528,1,KAN05,v,KCM,0,1,0,regular,y,d
KCM193905281,KCM,1,0,0,0,0,1,0,1,,,,,,,,,,,,,,,,,,,,,5,coopa101,value,32,26,3,7,1,0,0,2,1,0,1,4,0,1,4,0,3,0,0,27,0,32,4,0,0,0,0,0,5,0,4,0,0,0,1,0,0,0,0,27,21,0,4,0,0,0,0,0,milth101,bibbr101,steat101,broww101,strot101,oneib801,allen102,greej108,mosel101,mosel101,greej108,oneib801,allen102,bibbr101,strot101,broww101,steat101,milth101,,19390528,1,KAN05,h,ATN,1,0,0,regular,y,d
KCM193905282,ATN,0,0,3,1,0,0,0,,,,,,,,,,,,,,,,,,,,,,5,kempg101,value,30,28,4,9,0,1,0,4,0,0,0,2,0,5,1,0,1,0,0,18,0,35,11,2,2,1,9,8,4,0,5,2,0,0,1,0,2,0,3,18,6,2,0,0,3,0,2,0,moorr104,davib109,willn103,andrj104,owens102,davis105,buttt102,kempg101,smitg106,smitg106,willn103,moorr104,kempg101,davis105,buttt102,owens102,davib109,andrj104,,19390528,2,KAN05,v,KCM,0,1,0,regular,y,d
KCM193905282,KCM,2,2,2,0,0,3,,,,,,,,,,,,,,,,,,,,,,,8,coopa101,value,35,28,9,11,2,2,1,7,1,0,2,4,0,5,2,0,0,0,0,21,0,30,9,0,1,0,4,4,2,0,5,0,0,0,0,0,1,0,0,21,6,0,1,0,0,0,1,0,milth101,bibbr101,steat101,broww101,strot101,oneib801,allen102,greej108,kranf101,kranf101,greej108,oneib801,allen102,bibbr101,strot101,broww101,steat101,milth101,,19390528,2,KAN05,h,ATN,1,0,0,regular,y,d
KCM193905301,CV9,0,3,0,0,0,1,2,0,0,,,,,,,,,,,,,,,,,,,,9,mitca102,value,42,35,6,9,0,1,0,5,2,0,2,3,0,12,4,0,0,0,1,27,0,40,8,2,0,1,5,5,3,0,7,0,0,0,0,2,2,0,0,27,12,2,0,0,0,0,2,0,ray-j102,woodp104,tylee101,turnh101,jonem103,royaj101,fraza101,lamac101,henrp101,henrp101,turnh101,jonem103,fraza101,woodp104,lamac101,royaj101,ray-j102,tylee101,,19390530,1,KAN05,v,KCM,1,0,0,regular,y,d
KCM193905301,KCM,1,1,0,0,0,0,0,0,3,,,,,,,,,,,,,,,,,,,,8,coopa101,value,40,35,5,8,2,0,1,5,0,2,0,3,0,7,2,0,0,0,2,27,0,42,9,0,1,0,6,3,3,0,12,2,1,0,2,0,4,0,1,27,9,2,0,0,1,1,4,0,milth101,bibbr101,steat101,broww101,strot101,oneib801,allen102,greej108,smith111,smith111,greej108,oneib801,allen102,bibbr101,strot101,broww101,steat101,milth101,,19390530,1,KAN05,h,CV9,0,1,0,regular,y,d
KCM193905302,CV9,2,0,0,0,0,0,0,,,,,,,,,,,,,,,,,,,,,,5,mitca102,value,28,28,2,8,1,0,0,2,0,0,0,0,0,6,1,0,1,0,0,18,5,26,6,2,1,0,3,3,1,0,2,0,0,0,0,0,0,0,0,18,5,0,0,0,0,0,0,0,ray-j102,woodp104,tylee101,turnh101,jonem103,royaj101,fraza101,lamac101,owens101,owens101,turnh101,jonem103,fraza101,woodp104,lamac101,royaj101,ray-j102,tylee101,,19390530,2,KAN05,v,KCM,0,1,0,regular,y,d
KCM193905302,KCM,0,0,0,0,0,0,3,,,,,,,,,,,,,,,,,,,,,,5,coopa101,value,26,25,3,6,2,1,0,3,0,0,0,1,0,2,0,0,0,0,1,21,0,28,8,1,0,0,2,2,0,0,6,0,0,0,0,0,1,0,0,21,11,0,1,0,0,0,1,0,milth101,bibbr101,steat101,broww101,strot101,oneib801,allen102,decul101,walkg103,walkg103,decul101,oneib801,allen102,bibbr101,strot101,broww101,steat101,milth101,,19390530,2,KAN05,h,CV9,1,0,0,regular,y,d
KCM193906041,SSA,1,0,1,0,0,0,0,0,0,,,,,,,,,,,,,,,,,,,,11,mitcg101,value,40,36,2,8,1,0,0,2,0,0,0,4,0,9,0,0,1,0,2,24,0,34,7,1,1,0,4,3,4,0,5,0,0,0,1,0,3,2,0,24,14,1,0,0,0,0,3,2,wilsd103,robib105,armob101,maywe101,bradb107,greel102,taylr102,riddm101,smitt105,smitt105,taylr102,maywe101,riddm101,robib105,armob101,wilsd103,greel102,bradb107,,19390604,1,KAN05,v,KCM,0,1,0,regular,y,d
KCM193906041,KCM,0,2,0,0,0,2,0,0,,,,,,,,,,,,,,,,,,,,,6,coopa101,value,34,29,4,7,1,1,0,4,1,0,0,4,0,5,3,2,0,0,1,27,0,40,8,1,0,0,2,2,4,0,9,0,1,0,0,0,0,0,1,27,7,2,1,0,1,1,0,0,milth101,bibbr101,steat101,broww101,strot101,oneib801,allen102,decul101,bradf104,bradf104,decul101,oneib801,allen102,bibbr101,strot101,broww101,steat101,milth101,,19390604,1,KAN05,h,SSA,1,0,0,regular,y,d
KCM193906042,SSA,1,0,0,1,0,1,0,,,,,,,,,,,,,,,,,,,,,,7,mitcg101,value,31,27,3,8,0,0,0,2,1,0,1,2,0,4,1,0,1,0,0,18,0,29,9,0,0,0,4,1,3,0,5,0,0,0,1,0,7,0,0,18,7,2,1,0,0,0,7,0,wilsd103,robib105,armob101,maywe101,bradb107,greel102,smitb114,riddm101,mcalf101,mcalf101,smitb114,maywe101,riddm101,robib105,armob101,wilsd103,greel102,bradb107,,19390604,2,KAN05,v,KCM,0,1,0,regular,y,d
KCM193906042,KCM,1,0,0,1,2,0,,,,,,,,,,,,,,,,,,,,,,,7,coopa101,value,29,25,4,9,0,0,0,4,1,0,0,3,0,5,7,0,0,0,1,21,0,31,8,0,0,0,3,2,2,0,4,1,0,0,1,0,1,0,0,21,13,1,1,0,0,0,1,0,milth101,bibbr101,steat101,broww101,strot101,oneib801,allen102,greej108,walkg103,walkg103,greej108,oneib801,allen102,bibbr101,strot101,broww101,steat101,milth101,,19390604,2,KAN05,h,SSA,1,0,0,regular,y,d
KCM193906050,SSA,,,,,,,,,,,,,,,,,,,,,,,,,,,,,,mitcg101,value,,,4,1,,,1,,,,,,,,,,,,,24,,,,,,,5,,,,,,,,,,,,,24,,0,,0,,,,,,,,,,,,,,,,,,,,,,,,19390605,0,SPR05,v,KCM,0,1,0,regular,,
KCM193906050,KCM,,,,,,,,2,,,,,,,,,,,,,,,,,,,,,,coopa101,value,,,5,,,,,,,,,,,,,,,,,27,,,1,,,1,4,,,,,,,,,,,,,27,,0,,0,,,,,,,,,,,,,,,,,,,,,,,,19390605,0,SPR05,h,SSA,1,0,0,regular,,
SSA193906060,KCM,3,0,5,3,4,5,0,1,0,,,,,,,,,,,,,,,,,,,,,coopa101,value,,,21,23,2,,,,,,,,,,,,,,,27,,,14,,,1,13,,,,,,,,,,,,,27,,4,,0,,,,,,,,,,,,,,mosel101,greej108,,,,,,,,,19390606,0,STL13,v,SSA,1,0,0,regular,,
SSA193906060,SSA,1,1,6,0,0,4,1,0,0,,,,,,,,,,,,,,,,,,,,,mitcg101,value,,,13,14,,,1,,,,,,,,,,,,,27,,,23,2,,,21,,,,,,,,,,,,,27,,4,,0,,,,,,,,,,,,,,browo104,taylr102,,,,,,,,,19390606,0,STL13,h,KCM,0,1,0,regular,,
SSA193906070,KCM,,,,,,,,,,,,,,,,,,,,,,,,,,,,,,coopa101,value,,,10,,,,,,,,,,,,,,,,,27,,,,,,,4,,,,,,,,,,,,,27,,,,,,,,,,,,,,,,,,,,,,,,,,,,19390607,0,STL13,v,SSA,1,0,0,regular,,
SSA193906070,SSA,,,,,,,,,,,,,,,,,,,,,,,,,,,,,,mitcg101,value,,,4,,,,,,,,,,,,,,,,,27,,,,,,,10,,,,,,,,,,,,,27,,,,,,,,,,,,,,,,,,,,,,,,,,,,19390607,0,STL13,h,KCM,0,1,0,regular,,
MEM193906111,KCM,0,1,0,0,0,0,1,0,0,,,,,,,,,,,,,,,,,,,,5,coopa101,value,34,33,2,5,0,0,0,,0,,0,1,,,1,,,0,,24,,32,3,1,0,0,5,,2,,,0,0,0,0,,1,,0,24,,0,1,0,0,0,1,,milth101,bibbr101,steat101,broww101,strot101,oneib801,allen102,decul101,bradf104,bradf104,decul101,oneib801,allen102,bibbr101,strot101,broww101,steat101,milth101,,19390611,1,OKC01,v,MEM,0,1,0,regular,y,
MEM193906111,MEM,0,0,0,0,0,4,0,1,,,,,,,,,,,,,,,,,,,,,3,radct101,value,32,30,5,3,1,0,0,,0,,0,2,,,1,,,0,,27,,34,5,0,0,0,2,,1,,,0,0,0,0,,1,,0,27,,0,0,0,0,0,1,,hydec101,taylj106,cartm101,davel102,robin101,browl107,bankf101,browt105,radct101,radct101,browl107,taylj106,cartm101,bankf101,browt105,hydec101,robin101,davel102,,19390611,1,OKC01,h,KCM,1,0,0,regular,y,
MEM193906112,KCM,,,,,,,,,,,,,,,,,,,,,,,,,,,,,,coopa101,value,,,7,13,,,1,,,,,,,,,,,,,21,,,9,,,,1,,,,,,,,,,,,,21,,0,,0,,,,,,,,,,,,,,smith111,decul101,,,,,,,,,19390611,2,OKC01,v,MEM,1,0,0,regular,,
MEM193906112,MEM,,,,,,,,,,,,,,,,,,,,,,,,,,,,,,radct101,value,,,1,9,,,,,,,,,,,,,,,,21,,,13,,,1,7,,,,,,,,,,,,,21,,3,,0,,,,,,,,,,,,,,jeffw101,browl107,,,,,,,,,19390611,2,OKC01,h,KCM,0,1,0,regular,,
MEM193906120,KCM,0,0,0,0,0,4,1,0,0,,,,,,,,,,,,,,,,,,,,,coopa101,value,,,5,11,,,,,,,,,,,,,,,,27,,,6,,,1,1,,,,,,,,,,,,,27,,0,,0,,,,,,,,,,,,,,mosel101,decul101,,,,,,,,,19390612,0,OKC01,v,MEM,1,0,0,regular,,
MEM193906120,MEM,0,0,0,0,0,0,1,0,0,,,,,,,,,,,,,,,,,,,,,radct101,value,,,1,6,,,1,,,,,,,,,,,,,27,,,11,,,,5,,,,,,,,,,,,,27,,2,,0,,,,,,,,,,,,,,breme101,longr102,,,,,,davel102,,,19390612,0,OKC01,h,KCM,0,1,0,regular,,
KCM193906130,MEM,0,0,0,0,1,2,0,0,0,,,,,,,,,,,,,,,,,,,,,radct101,value,,,3,,,,,3,1,,,,,,1,,,,,27,,,2,,,1,1,1,,,,,,,,,,,,27,,0,,0,,,,,,,,,,,,,,mossp101,,,,,,,,,,19390613,0,TUL01,v,KCM,1,0,0,regular,,
KCM193906130,KCM,0,1,0,0,0,0,0,0,0,,,,,,,,,,,,,,,,,,,,,coopa101,value,,,1,2,,,1,1,,,,,,,,,,,,27,,,,,,,3,,,,,,,,1,,,,,27,,0,,0,,,,,,,,,,,,,,treae101,,,,,,,,,,19390613,0,TUL01,h,MEM,0,1,0,regular,,
MEM193906140,KCM,0,0,0,1,0,0,1,0,0,,,,,,,,,,,,,,,,,,,,11,coopa101,value,40,36,2,8,0,0,0,,1,,0,3,,4,0,,,0,,24,,32,7,0,1,0,6,,5,,5,0,0,0,1,,0,,0,24,,1,1,1,0,0,0,,milth101,bibbr101,steat101,broww101,strot101,oneib801,allen102,decul101,jackb102,jackb102,decul101,oneib801,allen102,bibbr101,strot101,broww101,steat101,milth101,,19390614,0,WIC01,v,MEM,0,1,0,regular,y,
MEM193906140,MEM,1,2,1,2,0,0,0,0,,,,,,,,,,,,,,,,,,,,,2,radct101,value,32,26,6,7,0,1,0,,1,,0,5,,5,0,,,0,,27,,40,8,0,0,0,2,,3,,4,0,0,0,1,,0,,0,27,,2,0,0,0,0,0,,hydec101,cartm101,davel102,robin101,rogen101,longr102,taylj106,bankf101,wilsl102,wilsl102,longr102,taylj106,cartm101,bankf101,robin101,hydec101,davel102,rogen101,,19390614,0,WIC01,h,KCM,1,0,0,regular,y,
KCM193906150,MEM,0,0,1,0,0,0,0,2,0,,,,,,,,,,,,,,,,,,,,,radct101,value,,,3,,,,,,,,,,,,1,,,,,25,,,3,,2,1,5,,,,,,,,,1,,,,25,,0,,0,,,,,,,,,,,,,,forrp101,,,,,,,,,,19390615,0,SPR05,v,KCM,0,1,0,regular,,
KCM193906150,KCM,,,1,,,,,,3,,,,,,,,,,,,,,,,,,,,,coopa101,value,,,5,3,,2,1,,,1,,,,,,,,,,27,,,,,,,3,,,,,,1,,,,1,,,27,,2,,0,,1,1,,,,,,,,,,,coopa101,,,,,,,,,,19390615,0,SPR05,h,MEM,1,0,0,regular,,
CV9193906181,KCM,5,0,0,0,0,0,5,0,1,,,,,,,,,,,,,,,,,,,,9,coopa101,value,47,41,11,14,2,2,1,,1,,0,5,0,3,3,,,0,,27,,33,7,0,0,0,0,0,0,0,8,0,0,0,0,0,1,,0,27,11,1,1,0,0,0,1,,milth101,bibbr101,steat101,broww101,strot101,oneib801,allen102,decul101,smith111,smith111,decul101,oneib801,allen102,bibbr101,strot101,broww101,steat101,milth101,,19390618,1,CLE07,v,CV9,1,0,0,regular,y,
CV9193906181,CV9,0,0,0,0,0,0,0,0,0,,,,,,,,,,,,,,,,,,,,6,mitca102,value,33,33,0,7,0,0,0,0,0,0,0,0,0,8,1,,,0,,27,,47,14,2,2,1,11,,5,0,3,0,0,0,1,,3,,0,27,12,3,0,0,0,0,3,,lylej102,woodp104,coler103,turnh101,mitca102,clevd101,burcw101,fraza101,andru101,andru101,burcw101,mitca102,fraza101,woodp104,lylej102,turnh101,clevd101,coler103,,19390618,1,CLE07,h,KCM,0,1,0,regular,y,
CV9193906182,KCM,0,1,0,0,0,0,0,0,0,,,,,,,,,,,,,,,,,,,,3,coopa101,value,31,27,1,7,0,0,0,,0,,0,4,,3,0,,,0,,24,,39,13,1,2,0,11,,1,0,4,0,0,0,2,,2,,0,24,6,1,0,0,0,0,2,,milth101,bibbr101,steat101,broww101,strot101,oneib801,allen102,decul101,mosel101,mosel101,decul101,oneib801,allen102,bibbr101,strot101,broww101,steat101,milth101,,19390618,2,CLE07,v,CV9,0,1,0,regular,y,
CV9193906182,CV9,4,0,1,1,0,1,3,1,,,,,,,,,,,,,,,,,,,,,4,mitca102,value,39,36,11,13,1,2,0,,2,,0,1,0,4,2,,,0,,27,,31,7,0,0,0,1,1,4,,3,0,0,0,0,,0,,0,27,11,0,1,0,0,0,0,,ray-j102,woodp104,lylej102,turnh101,mitca102,clevd101,burcw101,fraza101,owens101,owens101,burcw101,mitca102,fraza101,woodp104,lylej102,turnh101,ray-j102,clevd101,,19390618,2,CLE07,h,KCM,1,0,0,regular,y,
TLC193906200,KCM,0,0,0,2,0,1,2,4,4,,,,,,,,,,,,,,,,,,,,,coopa101,value,,,13,,,,,,,,,,,,,,,,,27,,,,,,,12,,,,,,,,,,,,,27,,0,,0,,,,,,,,,,,,,,kranf101,greej108,,,,,,,,,19390620,0,LIM01,v,TLC,1,0,0,exhibition,,
TLC193906200,TLC,0,3,2,0,0,2,0,0,5,,,,,,,,,,,,,,,,,,,,,charo101,value,,,12,,,,,,,,,,,,,,,,,27,,,,,,,13,,,,,,,,,,,,,27,,0,,0,,,,,,,,,,,,,,kinch101,duket102,,,,,,,,,19390620,0,LIM01,h,KCM,0,1,0,exhibition,,
TLC193906210,KCM,,,,,,,,,,,,,,,,,,,,,,,,,,,,,,coopa101,value,,,9,,,,,,,,,,,,,,,,,27,,,,,,,5,,,,,,,,,,,,,27,,,,,,,,,,,,,,,,,,,,,,,,,,,,19390621,0,CAN03,v,TLC,1,0,0,exhibition,,
TLC193906210,TLC,,,,,,,,,,,,,,,,,,,,,,,,,,,,,,charo101,value,,,5,,,,,,,,,,,,,,,,,27,,,,,,,9,,,,,,,,,,,,,27,,,,,,,,,,,,,,,,,,,,,,,,,,,,19390621,0,CAN03,h,KCM,0,1,0,exhibition,,
SSA193906251,KCM,0,0,0,0,0,0,0,0,0,,,,,,,,,,,,,,,,,,,,8,coopa101,value,35,34,0,7,0,1,0,0,0,,0,1,,5,1,,,0,,24,,33,8,0,1,1,6,,6,0,2,0,0,0,1,,2,,0,24,15,1,0,0,0,0,2,,milth101,bibbr101,steat101,broww101,strot101,oneib801,allen102,greej108,mosel101,mosel101,greej108,oneib801,allen102,bibbr101,strot101,broww101,steat101,milth101,,19390625,1,CLE06,v,SSA,0,1,0,regular,y,
SSA193906251,SSA,1,0,1,0,2,1,1,0,,,,,,,,,,,,,,,,,,,,,3,mitcg101,value,33,26,6,8,0,1,1,5,1,,0,6,0,2,2,,,0,,27,,35,7,0,1,0,0,0,1,,5,0,0,0,0,,1,,0,27,10,2,0,0,0,0,1,,greel102,wilsd103,bradb107,armob101,riddm101,maywe101,robib105,taylr102,smitt105,smitt105,taylr102,maywe101,riddm101,robib105,armob101,wilsd103,greel102,bradb107,,19390625,1,CLE06,h,KCM,1,0,0,regular,y,
TLC193906260,KCM,,,,,,,,,,,,,,,,,,,,,,,,,,,,,,coopa101,value,,,5,,,,,,,,,,,,,,,,,24,,,,,,,7,,,,,,,,,,,,,24,,0,,0,,,,,,,,,,,,,,,,,,,,,,,,19390626,0,DAY03,v,TLC,0,1,0,exhibition,,
TLC193906260,TLC,,,,,,,,5,,,,,,,,,,,,,,,,,,,,,,charo101,value,,,7,,,,,,,,,,,,,,,,,27,,,,,,,5,,,,,,,,,,,,,27,,0,,0,,,,,,,,,,,,,,,,,,,,,,,,19390626,0,DAY03,h,KCM,1,0,0,exhibition,,
TLC193906280,KCM,,,,,,,,,,,,,,,,,,,,,,,,,,,,,,coopa101,value,,,14,14,,,,,,,,,,,,,,,,27,,,9,,,,4,,,,,,,,,,,,,27,,0,,0,,,,,,,,,,,,,,,,,,,,,,,,19390628,0,COL05,v,TLC,1,0,0,exhibition,,
TLC193906280,TLC,,,,,,,,,,,,,,,,,,,,,,,,,,,,,,charo101,value,,,4,9,,,,,,,,,,,,,,,,27,,,14,,,,14,,,,,,,,,,,,,27,,0,,0,,,,,,,,,,,,,,,,,,,,,,,,19390628,0,COL05,h,KCM,0,1,0,exhibition,,
KCM193907021,CAG,0,0,0,0,0,1,0,1,0,0,1,0,0,,,,,,,,,,,,,,,,11,taylj105,value,53,45,3,12,1,1,0,3,3,0,2,3,0,10,2,0,0,0,0,36,2,52,12,4,0,0,4,4,2,0,5,0,0,0,1,0,0,1,0,36,27,4,0,0,0,0,0,1,simmw101,radca101,smite112,youne102,byass101,haler103,hornb101,bassp101,cornw101,cornw101,bassp101,youne102,hornb101,radca101,haler103,smite112,simmw101,byass101,,19390702,1,KAN05,v,KCM,0,1,0,regular,y,d
KCM193907021,KCM,0,0,0,0,1,0,0,0,1,0,1,0,1,,,,,,,,,,,,,,,,12,coopa101,value,52,49,4,12,4,0,0,4,1,0,0,2,0,5,0,1,0,0,3,39,0,53,12,1,1,0,3,2,3,0,10,2,0,0,3,0,2,0,0,39,18,1,1,0,0,0,2,0,milth101,bibbr101,steat101,broww101,strot101,oneib801,greej108,allen102,smith111,smith111,greej108,oneib801,allen102,bibbr101,strot101,broww101,steat101,milth101,,19390702,1,KAN05,h,CAG,1,0,0,regular,y,d
KCM193907022,CAG,1,0,0,0,0,,,,,,,,,,,,,,,,,,,,,,,,6,taylj105,value,22,20,1,6,0,1,0,1,0,0,1,1,0,5,1,1,0,0,0,12,0,18,4,0,1,0,3,2,1,0,2,0,0,0,0,0,0,0,0,12,6,1,0,0,0,0,0,0,fresu101,radca101,smite112,youne102,byass101,haler103,hornb101,bassp101,housj103,housj103,bassp101,youne102,hornb101,radca101,haler103,smite112,fresu101,byass101,,19390702,2,KAN05,v,KCM,0,1,0,regular,y,d
KCM193907022,KCM,0,0,0,3,,,,,,,,,,,,,,,,,,,,,,,,,3,coopa101,value,18,17,3,4,0,1,0,2,0,0,0,1,0,2,0,0,0,0,1,15,0,22,6,0,1,0,1,1,1,0,5,1,0,0,0,0,1,1,0,15,4,0,0,0,0,0,1,1,milth101,bibbr101,steat101,willj111,strot101,oneib801,greej108,allen102,kranf101,kranf101,greej108,oneib801,bibbr101,willj111,strot101,allen102,steat101,milth101,,19390702,2,KAN05,h,CAG,1,0,0,regular,y,d
CAG193907041,KCM,1,0,3,1,0,0,1,1,0,,,,,,,,,,,,,,,,,,,,9,coopa101,value,43,36,7,13,5,1,1,7,2,0,0,5,1,0,0,0,2,0,0,27,0,37,8,1,0,0,5,5,5,0,4,0,0,0,0,0,2,1,0,27,11,0,0,0,0,0,2,1,milth101,bibbr101,steat101,broww101,strot101,oneib801,greej108,allen102,mosel101,mosel101,greej108,oneib801,allen102,bibbr101,strot101,broww101,steat101,milth101,,19390704,1,CHI09,v,CAG,1,0,0,regular,y,d
CAG193907041,CAG,4,1,0,0,0,0,0,0,0,,,,,,,,,,,,,,,,,,,,5,taylj105,value,37,32,5,8,1,0,0,4,0,0,0,5,0,4,2,1,0,0,0,27,0,43,13,5,1,1,7,7,5,1,0,0,0,0,2,0,0,0,0,27,12,0,2,0,0,0,0,0,simmw101,radca101,smite112,youne102,byass101,haler103,hornb101,bassp101,johnt108,johnt108,bassp101,youne102,hornb101,radca101,haler103,smite112,simmw101,byass101,,19390704,1,CHI09,h,KCM,0,1,0,regular,y,d
CAG193907042,KCM,2,0,0,0,1,0,0,1,1,,,,,,,,,,,,,,,,,,,,,coopa101,value,,,5,8,,,,,,,,,,9,,,,,,24,,,12,,,,9,,,,,,,,,,,,,24,,3,,0,,,,,,,,,,,,,,kranf101,greej108,,,,,,,,,19390704,2,CHI09,v,CAG,0,1,0,regular,,
CAG193907042,CAG,3,0,1,0,2,0,1,2,,,,,,,,,,,,,,,,,,,,,,taylj105,value,,,9,12,,,,,,,,,,,,,,,,27,,,8,,,,5,,,,9,,,,,,,,,27,,5,,0,,,,,,,,,,,,,,bowel102,bassp101,,,,,,,,,19390704,2,CHI09,h,KCM,1,0,0,regular,,
KCM193907070,SSA,4,0,0,0,3,0,2,0,0,,,,,,,,,,,,,,,,,,,,4,mitcg101,value,40,34,9,12,3,0,0,8,2,,0,4,0,10,2,,,0,,27,,38,7,0,1,0,5,3,5,,7,0,1,0,2,,0,,1,27,7,4,0,0,1,1,0,,greel102,wilsd103,bradb107,armob101,maywe101,riddm101,robib105,taylr102,deanr101,deanr101,taylr102,maywe101,riddm101,robib105,armob101,wilsd103,greel102,bradb107,,19390707,0,DES01,v,KCM,1,0,0,regular,y,
KCM193907070,KCM,2,0,0,2,0,0,1,0,0,,,,,,,,,,,,,,,,,,,,6,coopa101,value,38,31,5,7,0,1,0,4,2,,0,5,,7,0,,,0,,27,,40,12,3,0,0,9,5,4,0,10,0,0,0,2,,2,,0,27,12,3,0,0,0,0,2,,milth101,bibbr101,steat101,broww101,strot101,oneib801,greej108,willj111,mosel101,mosel101,greej108,oneib801,bibbr101,willj111,strot101,broww101,steat101,milth101,,19390707,0,DES01,h,SSA,0,1,0,regular,y,
KCM193907080,SSA,0,0,0,0,0,0,1,0,0,,,,,,,,,,,,,,,,,,,,2,mitcg101,value,30,29,1,3,0,0,0,1,0,0,0,1,0,0,0,1,0,0,1,24,0,36,7,1,0,0,6,5,5,0,0,0,0,0,0,0,0,0,0,24,0,1,0,0,0,0,0,0,greel102,wilsd103,bradb107,armob101,maywe101,riddm101,robib105,taylr102,browo104,browo104,taylr102,maywe101,riddm101,robib105,armob101,wilsd103,greel102,bradb107,,19390708,0,MAN01,v,KCM,0,1,0,regular,y,d
KCM193907080,KCM,2,0,0,1,0,1,2,0,,,,,,,,,,,,,,,,,,,,,6,coopa101,value,36,31,6,7,1,0,0,6,0,0,0,5,0,0,0,0,0,0,0,27,0,30,3,0,0,0,1,0,1,0,0,0,0,0,0,0,0,1,0,27,0,1,0,0,0,0,0,1,milth101,bibbr101,steat101,broww101,strot101,oneib801,greej108,willj111,coopa101,coopa101,greej108,oneib801,bibbr101,strot101,willj111,broww101,steat101,milth101,,19390708,0,MAN01,h,SSA,1,0,0,regular,y,d
KCM193907091,SSA,0,0,2,0,0,1,0,2,0,,,,,,,,,,,,,,,,,,,,3,mitcg101,value,35,31,5,5,1,0,0,2,0,0,2,2,0,8,2,0,2,0,1,27,0,33,5,0,0,0,1,1,0,0,4,0,0,0,1,0,0,0,1,27,5,0,0,0,1,0,0,0,greel102,wilsd103,bradb107,armob101,maywe101,riddm101,robib105,smitb114,mcalf101,mcalf101,smitb114,maywe101,riddm101,robib105,armob101,wilsd103,greel102,bradb107,,19390709,1,KAN05,v,KCM,1,0,0,regular,y,d
KCM193907091,KCM,0,0,1,0,0,0,0,0,0,,,,,,,,,,,,,,,,,,,,5,coopa101,value,33,32,1,5,0,0,0,1,1,0,0,0,0,4,0,0,0,0,1,27,0,35,5,1,0,0,5,1,2,0,8,2,0,0,0,0,2,0,2,27,15,2,2,0,2,0,2,0,milth101,bibbr101,steat101,broww101,strot101,oneib801,greej108,allen102,smith111,smith111,greej108,oneib801,allen102,bibbr101,strot101,broww101,steat101,milth101,,19390709,1,KAN05,h,SSA,0,1,0,regular,y,d
KCM193907092,SSA,0,0,0,2,2,0,1,,,,,,,,,,,,,,,,,,,,,,3,mitcg101,value,29,23,5,5,1,1,0,5,0,2,0,4,0,4,2,1,0,0,0,21,0,28,8,1,0,0,4,4,0,0,2,1,0,0,1,0,1,1,0,21,10,1,1,0,0,0,1,1,greel102,wilsd103,bradb107,armob101,maywe101,fordj101,robib105,taylr102,smitt105,smitt105,taylr102,maywe101,fordj101,robib105,armob101,wilsd103,greel102,bradb107,,19390709,2,KAN05,v,KCM,1,0,0,regular,y,d
KCM193907092,KCM,0,0,0,0,0,4,0,,,,,,,,,,,,,,,,,,,,,,3,coopa101,value,28,26,4,8,1,0,0,4,1,0,1,0,0,2,1,1,1,0,0,21,0,29,5,1,1,0,5,5,4,0,4,0,0,0,0,2,2,1,0,21,5,1,0,0,0,0,2,1,milth101,bibbr101,steat101,strot101,broww101,oneib801,greej108,willj111,bradf104,bradf104,greej108,oneib801,bibbr101,willj111,strot101,broww101,steat101,milth101,,19390709,2,KAN05,h,SSA,0,1,0,regular,y,d
KCM193907100,SSA,0,0,0,0,0,0,0,0,0,,,,,,,,,,,,,,,,,,,,,mitcg101,value,,,0,5,,,,0,,,,,,11,,,,,,24,,,7,2,,,1,,,,8,,,,,,,,,24,,0,,0,,,,,,,,,,,,,,calhl101,taylr102,,,,,,,,,19390710,0,SCI02,v,KCM,0,1,0,exhibition,,
KCM193907100,KCM,0,0,0,0,0,0,0,1,,,,,,,,,,,,,,,,,,,,,,coopa101,value,,,1,7,2,,,1,,,,,,8,,,,,,27,,,5,,,,0,,,,11,,,,,,,,,27,,0,,0,,,,,,,,,,,,,,jackb102,greej108,,,,,,,,,19390710,0,SCI02,h,SSA,1,0,0,exhibition,,
CAG193907110,KCM,,,,,,,,,,,,,,,,,,,,,,,,,,,,,,coopa101,value,,,14,,,,,,,,,,,,1,,,,,27,,,5,,,,1,,,,,,,,,,,,,27,,0,,0,,,,,,,,,,,,,,bradf104,,,,,,,,,,19390711,0,STP02,v,CAG,1,0,0,exhibition,,
CAG193907110,CAG,,,,,,,,,,,,,,,,,,,,,,,,,,,,,,taylj105,value,,,1,5,,,,,,,,,,,,,,,,27,,,,,,,14,,,,,,,,,,,,,27,,0,,0,,,,,,,,,,,,,,,bassp101,,,,,,,,,19390711,0,STP02,h,KCM,0,1,0,exhibition,,
CAG193907141,KCM,0,2,4,5,0,1,0,0,0,,,,,,,,,,,,,,,,,,,,,coopa101,value,,,12,18,,,1,,,,,,,,,,,,,27,,,16,,,,10,,,,,,,,,,,,,27,,1,,0,,,,,,,,,,,,,,jackb102,hardp102,,,,,,,,,19390714,1,WIN01,v,CAG,1,0,0,exhibition,,
CAG193907141,CAG,0,3,1,0,3,1,2,0,0,,,,,,,,,,,,,,,,,,,,,taylj105,value,,,10,16,,,,,,,,,,,,,,,,27,,,18,,,1,12,,,,,,,,,,,,,27,,4,,0,,,,,,,,,,,,,,willl108,bassp101,,,,,,,,,19390714,1,WIN01,h,KCM,0,1,0,exhibition,,
KCM193907142,CAG,0,0,0,0,0,0,0,0,0,,,,,,,,,,,,,,,,,,,,,taylj105,value,,,0,6,,,,0,,,,,,9,,,,,,24,,,8,2,1,0,4,,,,5,,,,,,,,,24,,2,,0,,,,,,,,,,,,,,trent101,byass101,,,,,,,,,19390714,2,WIN01,v,KCM,0,1,0,exhibition,,
KCM193907142,KCM,0,0,0,0,0,3,1,0,,,,,,,,,,,,,,,,,,,,,,coopa101,value,,,4,8,2,1,0,4,,,,,,5,,,,,,27,,,6,,,,0,0,,,9,,,,,,,,,27,,1,,0,,,,,,,,,,,,,,smith111,greej108,,,,,,,,,19390714,2,WIN01,h,CAG,1,0,0,exhibition,,
KCM193907150,CAG,4,0,1,0,0,3,0,0,0,,,,,,,,,,,,,,,,,,,,,taylj105,value,,,8,11,,,,,,,,,,,,,,,,27,,,9,,,2,4,,,,,,,,,,,,,27,,3,,0,,,,,,,,,,,,,,housj103,bassp101,,,,,,,,,19390715,0,WIN01,v,KCM,1,0,0,exhibition,,
KCM193907150,KCM,0,1,0,1,0,0,2,0,0,,,,,,,,,,,,,,,,,,,,,coopa101,value,,,4,9,,,2,,,,,,,,,,,,,27,,,11,,,,8,,,,,,,,,,,,,27,,1,,0,,,,,,,,,,,,,,bradf104,hardp102,,,,,,,,,19390715,0,WIN01,h,CAG,0,1,0,exhibition,,
KCM193907171,CAG,,,,,,,,,,,,,,,,,,,,,,,,,,,,,,taylj105,value,,,7,,,,,,,,,,,,,,,,,24,,,3,,,3,11,,,,,,,,,,,,,24,,0,,0,,,,,,,,,,,,,,,,,,,,,,,,19390717,1,WIN01,v,KCM,0,1,0,regular,,
KCM193907171,KCM,,,,,,,,,,,,,,,,,,,,,,,,,,,,,,coopa101,value,,,11,3,,,3,,,,,,,,,,,,,27,,,,,,,7,,,,,,,,,,,,,27,,0,,0,,,,,,,,,,,,,,bradf104,,,,,,,,,,19390717,1,WIN01,h,CAG,1,0,0,regular,,
KCM193907172,CAG,,,,,,,,,,,,,,,,,,,,,,,,,,,,,,taylj105,value,,,2,,,,,,,,,,,,,,,,,15,,,,,,,4,,,,,,,,,,,,,15,,0,,0,,,,,,,,,,,,,,,,,,,,,,,,19390717,2,WIN01,v,KCM,0,1,0,regular,,
KCM193907172,KCM,,,,,,,,,,,,,,,,,,,,,,,,,,,,,,coopa101,value,,,4,,,,,,,,,,,,,,,,,15,,,,,,,2,,,,,,,,,,,,,15,,0,,0,,,,,,,,,,,,,,,,,,,,,,,,19390717,2,WIN01,h,CAG,1,0,0,regular,,
CAG193907190,KCM,1,0,1,0,0,3,2,0,2,,,,,,,,,,,,,,,,,,,,6,coopa101,value,42,39,9,12,4,1,1,9,1,0,0,2,0,7,0,0,1,0,3,27,0,37,4,0,1,1,4,3,4,0,7,0,1,0,1,0,0,0,0,27,10,3,0,0,0,1,0,0,milth101,bibbr101,steat101,broww101,strot101,greej108,allen102,willj111,smith111,smith111,greej108,strot101,allen102,bibbr101,willj111,broww101,steat101,milth101,,19390719,0,REG01,v,CAG,1,0,0,regular,y,d
CAG193907190,CAG,0,0,1,1,2,0,0,0,0,,,,,,,,,,,,,,,,,,,,6,taylj105,value,37,32,4,4,0,1,1,3,1,0,0,4,0,7,0,0,0,0,2,27,0,42,12,4,1,1,9,7,2,0,7,0,2,0,1,0,0,0,0,27,14,4,1,0,0,2,0,0,simmw101,radca101,bissj101,byass101,smite112,sparj102,hornb101,bassp101,cornw101,cornw101,bassp101,byass101,hornb101,radca101,sparj102,bissj101,simmw101,smite112,,19390719,0,REG01,h,KCM,0,1,0,regular,y,d
KCM193907200,CAG,1,0,1,0,0,0,0,0,1,,,,,,,,,,,,,,,,,,,,6,taylj105,value,36,34,3,5,1,0,1,3,0,0,0,2,0,12,0,0,0,0,3,24,0,37,10,2,0,0,6,5,2,0,3,1,0,0,2,0,0,0,0,24,15,2,0,0,0,0,0,0,simmw101,radca101,reduw101,byass101,smite112,sparj102,hornb101,bassp101,housj103,housj103,bassp101,byass101,hornb101,radca101,sparj102,reduw101,simmw101,smite112,,19390720,0,REG01,v,KCM,0,1,0,exhibition,y,d
KCM193907200,KCM,0,5,0,0,0,0,1,0,,,,,,,,,,,,,,,,,,,,,7,coopa101,value,37,32,6,10,2,0,0,5,2,0,1,2,0,3,0,0,0,0,0,27,0,36,5,1,0,1,3,2,2,0,12,0,1,0,0,0,0,0,0,27,11,3,0,0,0,1,0,0,milth101,bibbr101,steat101,broww101,strot101,greej108,allen102,willj111,walkg103,walkg103,greej108,strot101,allen102,bibbr101,willj111,broww101,steat101,milth101,,19390720,0,REG01,h,CAG,1,0,0,exhibition,y,d
CAG193907210,KCM,0,1,0,1,0,0,0,0,0,,,,,,,,,,,,,,,,,,,,11,coopa101,value,40,34,2,7,4,0,0,2,1,1,0,4,0,9,1,0,1,0,3,24,0,35,9,2,1,0,4,4,4,0,6,0,0,0,2,0,0,2,0,24,14,3,1,0,0,0,0,2,milth101,bibbr101,steat101,broww101,strot101,greej108,allen102,willj111,hutcw101,hutcw101,greej108,strot101,allen102,bibbr101,willj111,broww101,steat101,milth101,,19390721,0,REG01,v,CAG,0,1,0,regular,y,d
CAG193907210,CAG,0,2,0,0,2,0,0,0,,,,,,,,,,,,,,,,,,,,,7,taylj105,value,35,29,4,9,2,1,0,4,2,0,0,4,0,6,0,2,1,0,2,27,0,40,7,4,0,0,2,2,4,0,9,0,2,0,1,1,1,0,0,27,8,4,1,0,0,2,1,0,simmw101,radca101,smite112,youne102,byass101,sparj102,hornb101,bassp101,bowel102,bowel102,bassp101,youne102,hornb101,radca101,sparj102,smite112,simmw101,byass101,,19390721,0,REG01,h,KCM,1,0,0,regular,y,d
KCM193907230,CAG,2,1,0,0,1,0,0,0,3,,,,,,,,,,,,,,,,,,,,10,taylj105,value,44,37,7,12,1,0,1,6,2,0,1,4,0,4,0,0,1,0,2,27,0,35,8,1,0,2,6,6,3,0,3,0,0,0,1,2,1,2,0,27,14,0,0,0,0,0,1,2,simmw101,radca101,smite112,youne102,byass101,sparj102,hornb101,bassp101,cornw101,cornw101,bassp101,youne102,hornb101,radca101,sparj102,smite112,simmw101,byass101,,19390723,0,BIS01,v,KCM,1,0,0,exhibition,y,d
KCM193907230,KCM,0,0,0,2,0,1,1,2,0,,,,,,,,,,,,,,,,,,,,2,coopa101,value,35,29,6,8,1,0,2,6,1,2,0,3,0,3,1,2,0,0,0,27,0,44,12,1,0,1,7,5,4,0,4,1,0,0,2,0,0,0,0,27,12,2,2,0,0,0,0,0,milth101,bibbr101,steat101,broww101,strot101,greej108,allen102,willj111,smith111,smith111,greej108,strot101,allen102,bibbr101,willj111,broww101,steat101,milth101,,19390723,0,BIS01,h,CAG,0,1,0,exhibition,y,d
KCM193907270,CAG,0,0,0,2,0,0,0,0,0,,,,,,,,,,,,,,,,,,,,3,taylj105,value,32,30,2,5,0,0,0,2,0,0,0,2,0,6,2,2,0,0,0,25,0,35,7,1,0,0,3,3,3,0,7,0,0,0,1,0,3,0,0,25,13,3,0,0,0,0,3,0,simmw101,radca101,smite112,byass101,bissj101,sparj102,hornb101,bassp101,trent101,trent101,bassp101,byass101,hornb101,radca101,sparj102,smite112,simmw101,bissj101,,19390727,0,LIN02,v,KCM,0,1,0,exhibition,y,d
KCM193907270,KCM,0,1,0,0,0,0,0,0,2,,,,,,,,,,,,,,,,,,,,7,coopa101,value,35,31,3,7,1,0,0,2,1,0,0,3,0,7,3,0,0,0,1,27,0,32,5,0,0,0,2,2,2,0,6,0,0,0,0,0,2,2,0,27,14,0,0,0,0,0,2,2,milth101,bibbr101,steat101,broww101,strot101,allen102,hardp102,willj111,kranf101,kranf101,hardp102,strot101,allen102,bibbr101,willj111,broww101,steat101,milth101,,19390727,0,LIN02,h,CAG,1,0,0,exhibition,y,d
CAG193907280,KCM,5,1,0,2,0,11,0,1,0,,,,,,,,,,,,,,,,,,,,5,coopa101,value,52,48,20,20,3,0,2,,1,,0,3,0,16,2,,,0,,27,,44,17,4,1,0,7,7,0,0,7,1,2,0,0,,1,,2,27,10,1,1,0,2,2,1,,milth101,bibbr101,steat101,broww101,strot101,oneib801,allen102,hardp102,jackb102,jackb102,hardp102,oneib801,allen102,bibbr101,strot101,broww101,steat101,milth101,,19390728,0,DES01,v,CAG,1,0,0,exhibition,y,
CAG193907280,CAG,0,3,0,0,1,0,1,2,0,,,,,,,,,,,,,,,,,,,,10,taylj105,value,44,43,7,17,4,1,0,,0,,1,0,0,7,1,,,0,,27,,52,20,3,0,2,20,12,3,0,16,0,1,0,1,,2,,1,27,18,8,0,0,1,1,2,,simmw101,radca101,smite112,byass101,bissj101,sparj102,hornb101,bassp101,johnt108,johnt108,bassp101,byass101,hornb101,radca101,sparj102,smite112,simmw101,bissj101,,19390728,0,DES01,h,KCM,0,1,0,exhibition,y,
CAG193907290,KCM,2,0,1,0,0,0,2,0,0,,,,,,,,,,,,,,,,,,,,2,coopa101,value,34,32,5,6,2,0,0,3,0,0,0,2,0,4,5,2,0,0,3,27,0,30,1,0,0,0,0,0,3,0,4,0,0,0,0,0,0,1,0,27,6,0,0,0,0,0,0,1,milth101,allen102,steat101,broww101,strot101,oneib801,hardp102,willj111,hutcw101,hutcw101,hardp102,oneib801,allen102,willj111,strot101,broww101,steat101,milth101,,19390729,0,CHI09,v,CAG,1,0,0,regular,y,d
CAG193907290,CAG,0,0,0,0,0,0,0,0,0,,,,,,,,,,,,,,,,,,,,3,taylj105,value,30,27,0,1,0,0,0,0,0,0,0,3,0,4,0,1,0,0,0,27,0,34,6,2,0,0,5,4,2,0,4,0,0,0,0,0,5,2,0,27,20,4,1,0,0,0,5,2,simmw101,radca101,smite112,byass101,bissj101,sparj102,hornb101,bassp101,cornw101,cornw101,bassp101,byass101,hornb101,radca101,sparj102,smite112,simmw101,bissj101,,19390729,0,CHI09,h,KCM,0,1,0,regular,y,d
CAG193907301,KCM,0,0,0,1,0,0,0,0,3,,,,,,,,,,,,,,,,,,,,6,coopa101,value,37,33,4,7,1,1,0,2,1,0,0,3,0,4,2,0,1,0,1,27,0,36,7,1,0,0,2,2,2,0,5,1,0,0,2,1,1,0,0,27,17,1,2,0,0,0,1,0,milth101,bibbr101,steat101,broww101,strot101,greej108,allen102,oneib801,walkg103,walkg103,greej108,oneib801,allen102,bibbr101,strot101,broww101,steat101,milth101,,19390730,1,CHI09,v,CAG,1,0,0,regular,y,d
CAG193907301,CAG,0,1,0,0,0,0,0,0,1,,,,,,,,,,,,,,,,,,,,7,taylj105,value,36,30,2,7,1,0,0,2,2,1,1,2,0,5,1,0,1,0,1,27,0,37,7,1,1,0,4,2,3,0,4,0,0,0,1,0,2,0,0,27,22,2,1,0,0,0,2,0,simmw101,hornb101,radca101,byass101,bissj101,sparj102,gilyl101,bassp101,bowel102,bowel102,bassp101,gilyl101,hornb101,radca101,sparj102,bissj101,simmw101,byass101,,19390730,1,CHI09,h,KCM,0,1,0,regular,y,d
CAG193907302,KCM,3,0,0,0,0,0,0,2,1,,,,,,,,,,,,,,,,,,,,5,coopa101,value,38,38,6,10,2,0,0,6,0,0,0,0,0,0,1,1,0,0,2,27,0,35,5,0,0,0,2,0,1,0,0,0,0,0,1,1,1,0,0,27,0,2,0,0,0,0,1,0,milth101,bibbr101,steat101,broww101,strot101,oneib801,greej108,allen102,kranf101,kranf101,greej108,oneib801,allen102,bibbr101,strot101,broww101,steat101,milth101,,19390730,2,CHI09,v,CAG,1,0,0,regular,y,d
CAG193907302,CAG,0,0,0,0,2,0,0,0,0,,,,,,,,,,,,,,,,,,,,6,taylj105,value,35,32,2,5,0,0,0,2,1,1,0,1,0,0,1,0,0,0,2,27,0,38,10,2,0,0,6,4,0,0,0,0,0,0,0,0,1,1,0,27,1,2,0,0,0,0,1,1,simmw101,hornb101,radca101,byass101,bissj101,sparj102,gilyl101,bassp101,housj103,housj103,bassp101,gilyl101,hornb101,radca101,sparj102,bissj101,simmw101,byass101,,19390730,2,CHI09,h,KCM,0,1,0,regular,y,d
TLC193907310,KCM,0,0,0,0,0,0,1,0,0,,,,,,,,,,,,,,,,,,,,,coopa101,value,,,1,5,,,0,,,,,,,,,,,,,24,,,5,,,1,3,,,,,,,,,,,,,24,,1,,0,,,,,,,,,,,,,,bradf104,greej108,,,,,,,,,19390731,0,TOL05,v,TLC,0,1,0,regular,,
TLC193907310,TLC,0,0,0,0,0,1,0,2,,,,,,,,,,,,,,,,,,,,,,charo101,value,,,3,5,,,1,,,,,,,,,,,,,27,,,5,,,0,1,,,,,,,,,,,,,27,,0,,0,,,,,,,,,,,,,,harvb101,duket102,,,,,,,,,19390731,0,TOL05,h,KCM,1,0,0,regular,,
TLC193908010,KCM,0,0,5,0,0,2,0,1,0,,,,,,,,,,,,,,,,,,,,4,coopa101,value,39,38,8,12,0,0,0,8,0,0,0,1,0,5,0,1,1,0,1,27,0,38,11,2,2,0,4,4,1,0,8,0,0,0,0,0,0,0,0,27,8,1,1,0,0,0,0,0,milth101,bibbr101,steat101,broww101,strot101,greej108,allen102,oneib801,smith111,smith111,greej108,oneib801,allen102,bibbr101,strot101,broww101,steat101,milth101,,19390801,0,DCT02,v,TLC,1,0,0,regular,y,d
TLC193908010,TLC,0,1,0,0,0,1,0,0,2,,,,,,,,,,,,,,,,,,,,7,charo101,value,38,37,4,11,2,2,0,4,0,0,0,1,0,8,0,0,1,0,0,27,0,39,12,0,0,0,8,7,1,0,5,0,0,0,0,0,0,1,0,27,9,1,1,0,0,0,0,1,crutj101,mornl101,chrit101,duket102,clarb101,willj110,charo101,hendc102,kinch101,kinch101,duket102,charo101,clarb101,hendc102,mornl101,crutj101,chrit101,willj110,,19390801,0,DCT02,h,KCM,0,1,0,regular,y,d
TLC193908020,KCM,0,0,0,0,0,1,2,0,0,,,,,,,,,,,,,,,,,,,,6,coopa101,value,36,34,3,6,1,0,0,1,1,0,0,1,0,8,0,0,1,0,3,24,0,38,9,1,3,0,5,5,6,0,4,0,2,0,1,0,0,0,1,24,15,1,0,0,1,2,0,0,milth101,bibbr101,steat101,broww101,strot101,greej108,allen102,oneib801,jackb102,jackb102,greej108,oneib801,allen102,bibbr101,strot101,broww101,steat101,milth101,,19390802,0,SPR03,v,TLC,0,1,0,regular,y,d
TLC193908020,TLC,0,2,0,1,0,0,2,0,,,,,,,,,,,,,,,,,,,,,9,charo101,value,38,31,5,9,1,3,0,4,1,0,0,6,0,4,0,0,0,0,0,27,0,36,6,1,0,0,3,2,1,0,8,0,1,1,1,0,0,0,0,27,11,5,1,0,0,1,0,0,crutj101,mornl101,chrit101,duket102,clarb101,willj110,charo101,hendc102,johnj115,johnj115,duket102,charo101,clarb101,hendc102,mornl101,crutj101,chrit101,willj110,,19390802,0,SPR03,h,KCM,1,0,0,regular,y,d
KCM193908040,TLC,,,,,,,,,,,,,,,,,,,,,,,,,,,,,,charo101,value,,,10,,,,,,,,,,,,,,,,,24,,,,,,,16,,,,,,,,,,,,,24,,,,,,,,,,,,,,,,,,,,,,,,,,,,19390804,0,TOP01,v,KCM,0,1,0,exhibition,,
KCM193908040,KCM,,,,,,,,,,,,,,,,,,,,,,,,,,,,,,coopa101,value,,,16,,,,,,,,,,,,,,,,,27,,,,,,,10,,,,,,,,,,,,,27,,,,,,,,,,,,,,,,,,,,,,,,,,,,19390804,0,TOP01,h,TLC,1,0,0,exhibition,,
KCM193908061,TLC,3,0,0,0,0,0,0,2,0,,,,,,,,,,,,,,,,,,,,4,charo101,value,36,34,5,8,2,1,1,,1,,0,1,,6,2,,,0,,27,,39,11,2,0,0,4,,2,,4,0,0,0,1,,2,,0,27,12,1,0,0,0,0,2,,crutj101,hendc102,chrit101,duket102,clarb101,charo101,spenw101,chapu101,johnj115,johnj115,duket102,charo101,clarb101,spenw101,hendc102,crutj101,chrit101,chapu101,,19390806,1,KAN05,v,KCM,1,0,0,exhibition,y,
KCM193908061,KCM,0,0,0,2,2,0,0,0,0,,,,,,,,,,,,,,,,,,,,8,coopa101,value,39,36,4,11,2,0,0,,1,,0,2,,4,2,,,0,,27,,36,8,2,1,1,5,,1,,6,0,0,0,1,,2,,0,27,8,1,0,0,0,0,2,,allen102,willj111,steat101,broww101,greej108,oneib801,hardp102,langu101,hutcw101,hutcw101,greej108,oneib801,langu101,willj111,allen102,broww101,steat101,hardp102,,19390806,1,KAN05,h,TLC,0,1,0,exhibition,y,
KCM193908062,TLC,3,0,0,0,6,2,1,,,,,,,,,,,,,,,,,,,,,,6,charo101,value,39,35,12,11,3,1,0,,0,,1,3,,3,1,,,0,,21,,25,3,1,1,0,1,1,1,,5,0,0,0,0,,0,,0,21,4,0,0,0,0,0,0,,crutj101,hendc102,chrit101,duket102,clarb101,charo101,spenw101,chapu101,carts102,carts102,duket102,charo101,clarb101,spenw101,hendc102,crutj101,chrit101,chapu101,,19390806,2,KAN05,v,KCM,1,0,0,exhibition,y,
KCM193908062,KCM,1,0,0,0,0,0,0,,,,,,,,,,,,,,,,,,,,,,3,coopa101,value,25,24,1,3,1,1,0,,0,,0,1,,5,0,,,0,,21,,39,11,3,1,0,12,,3,,3,1,0,0,0,,1,,0,21,,7,1,0,0,0,1,,allen102,willj111,steat101,broww101,greej108,oneib801,hardp102,langu101,bradf104,bradf104,hardp102,oneib801,langu101,willj111,broww101,greej108,steat101,langu101,,19390806,2,KAN05,h,TLC,0,1,0,exhibition,y,
KCM193908070,TLC,2,1,0,0,0,0,0,0,0,,,,,,,,,,,,,,,,,,,,6,charo101,value,36,31,3,7,0,1,0,3,1,0,0,4,0,9,1,0,2,0,0,24,0,36,8,1,0,0,5,3,5,0,3,0,0,0,0,0,1,1,0,24,14,2,1,0,0,0,1,1,crutj101,mornl101,chrit101,duket102,clarb101,willj110,charo101,hendc102,harvb101,harvb101,duket102,charo101,clarb101,hendc102,mornl101,crutj101,chrit101,willj110,,19390807,0,MUS01,v,KCM,0,1,0,regular,y,d
KCM193908070,KCM,0,0,0,0,2,0,0,3,,,,,,,,,,,,,,,,,,,,,7,coopa101,value,36,31,5,8,1,0,0,5,0,0,0,5,0,3,1,1,1,0,1,27,0,36,7,0,1,0,3,3,4,0,9,0,0,0,1,0,1,0,0,27,13,1,2,0,0,0,1,0,milth101,allen102,langu101,broww101,strot101,hardp102,oneib801,willj111,kranf101,kranf101,hardp102,oneib801,allen102,willj111,strot101,broww101,langu101,milth101,,19390807,0,MUS01,h,TLC,1,0,0,regular,y,d
KCM193908080,TLC,0,0,0,0,0,0,0,0,0,,,,,,,,,,,,,,,,,,,,,charo101,value,,,0,5,,,,0,,,,,,12,,,,,,24,,,11,1,,,8,,,,,,,,,,,,,24,,1,,0,,,,,,,,,,,,,,wrigj105,duket102,,,,,,,,,19390808,0,OKC01,v,KCM,0,1,0,regular,,
KCM193908080,KCM,0,0,0,0,0,0,5,3,,,,,,,,,,,,,,,,,,,,,,coopa101,value,,,8,11,1,,,,,,,,,,,,,,,27,,,5,,,,0,,,,12,,,,,,,,,27,,0,,0,,,,,,,,,,,,,,smith111,greej108,,,,,,,,,19390808,0,OKC01,h,TLC,1,0,0,regular,,
KCM193908110,TLC,,,,,,,,,,,,,,,,,,,,,,,,,,,,,,charo101,value,,,3,,,,,,,,,,,,,,,,,24,,,,,,,4,,,,,,,,,,,,,24,,0,,0,,,,,,,,,,,,,,,,,,,,,,,,19390811,0,TUL01,v,KCM,0,1,0,regular,,
KCM193908110,KCM,,,,,,,,,,,,,,,,,,,,,,,,,,,,,,coopa101,value,,,4,,,,,,,,,,,,,,,,,27,,,,,,,3,,,,,,,,,,,,,27,,0,,0,,,,,,,,,,,,,,,,,,,,,,,,19390811,0,TUL01,h,TLC,1,0,0,regular,,
MEM193908130,KCM,0,0,0,1,0,0,0,0,0,0,2,,,,,,,,,,,,,,,,,,7,coopa101,value,43,39,3,10,5,0,0,3,1,1,0,2,2,7,1,0,1,0,0,33,0,45,8,2,0,0,1,1,3,0,6,0,0,0,3,1,2,0,0,33,0,1,0,0,0,0,2,0,milth101,allen102,steat101,broww101,strot101,greej108,oneib801,willj111,kranf101,kranf101,greej108,oneib801,allen102,willj111,strot101,broww101,steat101,milth101,,19390813,0,MEM02,v,MEM,1,0,0,regular,y,d
MEM193908130,MEM,0,0,0,0,0,0,0,0,1,0,0,,,,,,,,,,,,,,,,,,11,radct101,value,45,38,1,8,2,0,0,1,3,1,0,3,0,6,2,0,0,0,1,33,0,43,10,5,0,0,3,3,2,2,7,0,0,0,1,1,1,0,0,33,3,0,2,0,0,0,1,0,davel102,cartm101,robin101,rogen101,browl107,taylj106,bankf101,browt105,davir103,davir103,browl107,taylj106,bankf101,cartm101,browt105,rogen101,robin101,davel102,,19390813,0,MEM02,h,KCM,0,1,0,regular,y,d
MEM193908150,KCM,2,0,0,0,3,2,1,0,1,,,,,,,,,,,,,,,,,,,,,coopa101,value,,,9,17,1,,,,,,,,,,,,,,,27,,,10,,,2,7,7,,,,,,,,,,,,27,,0,,0,,,,,,,,,,,,,,,,,,,,,,,,19390815,0,GRE01,v,MEM,1,0,0,exhibition,,
MEM193908150,MEM,4,0,0,0,1,2,0,0,0,,,,,,,,,,,,,,,,,,,,,radct101,value,,,7,10,,,2,,,,,,,,,,,,,27,,,17,1,,,9,,,,,,,,,,,,,27,,2,,0,,,,,,,,,,,,,,,,,,,,,,,,19390815,0,GRE01,h,KCM,0,1,0,exhibition,,
MEM193908170,KCM,0,0,0,1,0,0,0,0,0,,,,,,,,,,,,,,,,,,,,,coopa101,value,,,1,5,,,,1,,,1,,,,,,,,,24,,,8,1,,,2,2,1,,,1,,,1,,,,,24,,1,,0,,,,,,,,,,,,,,kranf101,,,,,,,,,,19390817,0,LRK02,v,MEM,0,1,0,regular,,
MEM193908170,MEM,0,0,0,1,0,1,0,0,,,,,,,,,,,,,,,,,,,,,,radct101,value,,,2,8,1,,,,1,,1,1,,,1,,,,,27,,,5,,,,1,0,,,,1,,,,,,,,27,,1,,0,,,,,,,,,,,,,,wilsl102,,,,,,,,,,19390817,0,LRK02,h,KCM,1,0,0,regular,,
MEM193908180,KCM,0,1,0,0,0,0,1,1,1,,,,,,,,,,,,,,,,,,,,,coopa101,value,,,4,10,,,,,,,,,,,,,,,,27,,,7,,,,1,,,,,,,,,,,,,27,,1,,0,,,,,,,,,,,,,,hutcw101,greej108,,,,,,,,,19390818,0,OKC01,v,MEM,1,0,0,regular,,
MEM193908180,MEM,1,0,0,0,0,0,0,0,0,,,,,,,,,,,,,,,,,,,,,radct101,value,,,1,7,,,,,,,,,,,,,,,,27,,,10,,,,4,,,,,,,,,,,,,27,,2,,0,,,,,,,,,,,,,,blacc103,browl107,,,,,,,,,19390818,0,OKC01,h,KCM,0,1,0,regular,,
KCM193908201,MEM,0,0,1,0,0,0,0,0,0,,,,,,,,,,,,,,,,,,,,4,radct101,value,32,32,1,7,0,0,0,0,0,0,0,0,0,4,2,1,1,0,0,24,0,35,8,2,0,0,3,1,2,0,6,0,0,0,1,0,0,0,0,24,8,3,0,0,0,0,0,0,davel102,cartm101,robin101,rogen101,browl107,taylj106,bankf101,browt105,radct101,radct101,browl107,taylj106,bankf101,cartm101,browt105,rogen101,robin101,davel102,,19390820,1,KAN05,v,KCM,0,1,0,regular,y,d
KCM193908201,KCM,1,0,0,0,0,2,0,0,,,,,,,,,,,,,,,,,,,,,8,coopa101,value,35,32,3,8,2,0,0,3,1,0,0,2,0,6,0,0,0,0,1,27,0,32,7,0,0,0,1,1,0,0,4,0,0,0,0,0,2,1,0,27,10,0,1,0,0,0,2,1,milth101,bibbr101,steat101,strot101,greej108,allen102,oneib801,willj111,walkg103,walkg103,greej108,oneib801,allen102,bibbr101,strot101,willj111,steat101,milth101,,19390820,1,KAN05,h,MEM,1,0,0,regular,y,d
KCM193908202,MEM,0,0,1,0,0,0,0,,,,,,,,,,,,,,,,,,,,,,8,radct101,value,30,23,1,4,1,0,0,1,2,0,1,4,0,6,2,0,0,0,0,18,0,30,7,0,1,0,5,4,1,0,1,1,0,0,2,0,0,0,0,18,0,3,0,0,0,0,0,0,cartm101,browt105,davel102,robin101,rogen101,browl107,taylj106,bankf101,davir103,davir103,browl107,taylj106,bankf101,cartm101,browt105,rogen101,robin101,davel102,,19390820,2,KAN05,v,KCM,0,1,0,regular,y,d
KCM193908202,KCM,0,0,1,1,0,3,,,,,,,,,,,,,,,,,,,,,,,7,coopa101,value,30,26,5,7,0,1,0,4,2,0,1,1,0,1,0,0,0,0,3,21,0,30,4,1,0,0,1,1,4,0,6,1,0,0,2,0,2,0,0,21,10,1,0,0,0,0,2,0,milth101,bibbr101,steat101,strot101,greej108,allen102,oneib801,willj111,kranf101,kranf101,greej108,oneib801,allen102,bibbr101,strot101,willj111,steat101,milth101,,19390820,2,KAN05,h,MEM,1,0,0,regular,y,d
KCM193908310,SSA,0,0,0,0,0,0,1,0,0,,,,,,,,,,,,,,,,,,,,8,mitcg101,value,36,32,1,8,0,1,0,1,2,0,0,2,0,12,0,0,1,0,0,24,0,31,8,3,1,0,4,2,0,0,5,0,0,0,0,0,0,2,0,24,8,5,1,0,0,0,0,2,greel102,wilsd103,armob101,maywe101,bradb107,riddm101,robib105,taylr102,calhl101,calhl101,taylr102,maywe101,riddm101,robib105,armob101,wilsd103,greel102,bradb107,,19390831,0,OKC01,v,KCM,0,1,0,lcs,y,d
KCM193908310,KCM,0,0,0,2,0,0,2,0,,,,,,,,,,,,,,,,,,,,,3,coopa101,value,31,31,4,8,3,1,0,3,0,0,0,0,0,5,0,2,0,0,1,27,0,36,8,0,1,0,1,1,2,0,12,0,0,0,2,0,0,0,1,27,15,0,1,0,1,0,0,0,milth101,allen102,steat101,strot101,greej108,bibbr101,oneib801,willj111,smith111,smith111,greej108,oneib801,allen102,bibbr101,strot101,willj111,steat101,milth101,,19390831,0,OKC01,h,SSA,1,0,0,lcs,y,d
KCM193909010,SSA,0,0,0,0,0,0,0,1,1,,,,,,,,,,,,,,,,,,,,7,mitcg101,value,36,34,2,9,3,0,0,2,1,1,0,0,0,7,0,0,1,0,2,24,0,36,9,1,0,1,7,4,2,0,6,0,0,0,0,0,3,0,0,24,9,2,1,0,0,0,3,0,greel102,wilsd103,fordj101,bradb107,maywe101,robib105,riddm101,smitb114,mcalf101,mcalf101,smitb114,maywe101,riddm101,robib105,fordj101,wilsd103,greel102,bradb107,,19390901,0,MUS01,v,KCM,0,1,0,lcs,y,d
KCM193909010,KCM,0,3,0,0,2,0,0,2,,,,,,,,,,,,,,,,,,,,,5,coopa101,value,36,34,7,9,1,0,1,5,0,0,0,2,0,6,3,0,1,0,2,27,0,36,9,3,0,0,2,1,0,0,7,0,0,0,1,1,0,0,0,27,12,2,2,0,0,0,0,0,milth101,allen102,steat101,strot101,greej108,bibbr101,oneib801,willj111,coopa101,coopa101,greej108,oneib801,allen102,bibbr101,strot101,willj111,steat101,milth101,,19390901,0,MUS01,h,SSA,1,0,0,lcs,y,d
KCM193909031,SSA,0,0,0,0,2,0,2,1,0,,,,,,,,,,,,,,,,,,,,11,mitcg101,value,43,34,5,11,0,0,1,5,3,0,0,6,0,5,3,0,2,0,1,24,0,37,10,3,1,0,6,5,1,0,3,0,0,1,1,0,0,0,0,24,13,5,3,0,0,0,0,0,greel102,robib105,wilsd103,armob101,maywe101,bradb107,riddm101,taylr102,smitt105,smitt105,taylr102,maywe101,riddm101,robib105,armob101,wilsd103,greel102,bradb107,,19390903,1,KAN05,v,KCM,0,1,0,lcs,y,d
KCM193909031,KCM,1,0,0,0,3,0,1,1,,,,,,,,,,,,,,,,,,,,,7,coopa101,value,37,35,6,10,3,1,0,5,1,0,0,1,0,3,0,0,3,0,5,27,0,43,11,0,0,1,5,5,6,0,5,0,0,0,3,0,3,0,0,27,10,2,2,0,0,0,3,0,milth101,allen102,steat101,broww101,strot101,greej108,bibbr101,oneib801,kranf101,kranf101,greej108,oneib801,allen102,bibbr101,strot101,broww101,steat101,milth101,,19390903,1,KAN05,h,SSA,1,0,0,lcs,y,d
KCM193909032,SSA,0,0,3,0,0,1,1,,,,,,,,,,,,,,,,,,,,,,8,mitcg101,value,34,30,5,10,2,0,0,5,1,0,0,3,0,3,3,0,0,0,0,21,0,25,3,1,0,0,1,1,1,0,4,0,0,0,0,1,1,0,0,21,9,0,0,0,0,0,1,0,greel102,fordj101,wilsd103,armob101,maywe101,bradb107,riddm101,smitb114,browo104,browo104,smitb114,maywe101,riddm101,fordj101,armob101,wilsd103,greel102,bradb107,,19390903,2,KAN05,v,KCM,1,0,0,lcs,y,d
KCM193909032,KCM,1,0,0,0,0,0,0,,,,,,,,,,,,,,,,,,,,,,3,coopa101,value,25,23,1,3,1,0,0,1,0,1,0,1,0,4,1,0,0,0,0,21,0,34,10,2,0,0,5,5,3,0,3,0,0,0,1,0,3,0,0,21,10,1,0,0,0,0,3,0,milth101,allen102,steat101,broww101,strot101,greej108,bibbr101,oneib801,hutcw101,hutcw101,greej108,oneib801,allen102,bibbr101,strot101,broww101,steat101,milth101,,19390903,2,KAN05,h,SSA,0,1,0,lcs,y,d
KCM193909040,SSA,0,0,0,0,0,0,0,0,0,,,,,,,,,,,,,,,,,,,,9,mitcg101,value,36,35,0,7,0,0,0,0,0,0,0,1,0,9,1,0,1,0,2,24,0,36,9,2,1,0,7,1,2,0,5,0,0,0,0,2,2,1,1,24,7,4,1,0,1,0,2,1,greel102,wilsd103,fordj101,maywe101,armob101,bradb107,riddm101,smitb114,calhl101,calhl101,smitb114,maywe101,riddm101,fordj101,armob101,wilsd103,greel102,bradb107,,19390904,0,KAN05,v,KCM,0,1,0,lcs,y,d
KCM193909040,KCM,0,0,0,0,4,0,2,1,,,,,,,,,,,,,,,,,,,,,5,coopa101,value,36,32,7,9,2,1,0,5,0,2,0,2,0,5,2,1,1,0,3,27,0,36,7,0,0,0,0,0,1,0,9,0,0,0,0,0,1,0,0,27,9,4,1,0,0,0,1,0,milth101,allen102,steat101,broww101,strot101,greej108,bibbr101,oneib801,coopa101,coopa101,greej108,oneib801,allen102,bibbr101,strot101,broww101,steat101,milth101,,19390904,0,KAN05,h,SSA,1,0,0,lcs,y,d
MEM193909070,KCM,0,0,2,0,0,0,0,0,2,,,,,,,,,,,,,,,,,,,,,coopa101,value,,,4,10,1,2,,2,,,,1,1,,,,,,,27,,,9,,,,2,,,,,,,,,,,,,27,,0,,0,,,,,,,,,,,,,,walkg103,,,,,,,,,,19390907,0,LRK02,v,MEM,1,0,0,exhibition,,
MEM193909070,MEM,0,0,0,0,1,0,0,1,0,,,,,,,,,,,,,,,,,,,,,radct101,value,,,2,9,,,,,,,,,,,,,,,,27,,,10,1,2,,4,,1,1,,,,,,,,,,27,,0,,0,,,,,,,,,,,,,,mossp101,,,,,,,,,,19390907,0,LRK02,h,KCM,0,1,0,exhibition,,
MEM193909080,KCM,1,0,0,0,0,3,0,2,0,,,,,,,,,,,,,,,,,,,,,coopa101,value,,,6,8,,,,,,,,,,,,,,,,24,,,12,,,,10,,,,,,,,,,,,,24,,3,,0,,,,,,,,,,,,,,kranf101,greej108,,,,,,,,,19390908,0,MEM02,v,MEM,0,1,0,exhibition,,
MEM193909080,MEM,2,0,5,0,2,0,0,1,,,,,,,,,,,,,,,,,,,,,,radct101,value,,,10,12,,,,,,,,,,,,,,,,27,,,8,,,,6,,,,,,,,,,,,,27,,1,,0,,,,,,,,,,,,,,davir103,longr102,,,,,,,,,19390908,0,MEM02,h,KCM,1,0,0,exhibition,,
MEM193909100,KCM,,,,,,,,,,,,,,,,,,,,,,,,,,,,,,coopa101,value,,,9,,,,,,,,,,,,,,,,,27,,,,,,,2,,,,,,,,,,,,,27,,0,,0,,,,,,,,,,,,,,hutcw101,,,,,,,,,,19390910,0,BIR01,v,MEM,1,0,0,exhibition,,
MEM193909100,MEM,,,,,,,,,,,,,,,,,,,,,,,,,,,,,,radct101,value,,,2,,,,,,,,,,,,,,,,,27,,,,,,,9,,,,,,,,,,,,,27,,0,,0,,,,,,,,,,,,,,,,,,,,,,,,19390910,0,BIR01,h,KCM,0,1,0,exhibition,,
MEM193909120,KCM,,,,,,,,,,,,,,,,,,,,,,,,,,,,,,coopa101,value,,,12,,,,,,,,,,,,,,,,,27,,,,,,,3,,,,8,,,,,,,,,27,,0,,0,,,,,,,,,,,,,,smith111,,,,,,,,,,19390912,0,MTG01,v,MEM,1,0,0,exhibition,,
MEM193909120,MEM,,,,,,,,,,,,,,,,,,,,,,,,,,,,,,radct101,value,,,3,,,,,,,,,,,8,,,,,,27,,,,,,,12,,,,,,,,,,,,,27,,0,,0,,,,,,,,,,,,,,,,,,,,,,,,19390912,0,MTG01,h,KCM,0,1,0,exhibition,,
MEM193909130,KCM,2,0,1,0,1,0,0,0,4,,,,,,,,,,,,,,,,,,,,8,coopa101,value,43,41,8,13,2,1,1,8,0,,0,2,0,4,1,,,0,,27,,39,13,2,0,0,7,,1,0,2,1,0,0,0,,2,,0,27,,4,1,0,0,0,2,,milth101,allen102,steat101,strot101,bibbr101,oneib801,hardp102,langu101,kranf101,kranf101,hardp102,oneib801,allen102,bibbr101,strot101,langu101,steat101,milth101,,19390913,0,MAC01,v,MEM,1,0,0,exhibition,y,
MEM193909130,MEM,1,0,0,4,2,0,0,0,0,,,,,,,,,,,,,,,,,,,,5,radct101,value,39,37,7,13,2,0,0,4,0,,1,1,0,2,2,,,0,,27,,43,13,2,1,1,8,,2,0,4,0,0,0,0,,1,,0,27,,2,0,0,0,0,1,,hydec101,taylj106,davel102,rogen101,browl107,longr102,bankf101,browt105,blacc103,blacc103,browl107,taylj106,bankf101,longr102,browt105,hydec101,davel102,rogen101,,19390913,0,MAC01,h,KCM,0,1,0,exhibition,y,
MEM193909171,KCM,4,0,1,0,0,0,3,1,1,,,,,,,,,,,,,,,,,,,,9,coopa101,value,46,44,10,19,2,2,0,8,1,,0,1,0,4,1,,,0,,27,,32,7,1,0,0,1,,0,0,3,0,0,0,1,,0,,0,27,16,1,2,0,0,0,0,,milth101,allen102,steat101,strot101,bibbr101,oneib801,hardp102,langu101,smith111,smith111,hardp102,oneib801,allen102,bibbr101,strot101,langu101,steat101,milth101,,19390917,1,NOL01,v,MEM,1,0,0,exhibition,y,
MEM193909171,MEM,0,0,0,0,0,0,1,0,0,,,,,,,,,,,,,,,,,,,,4,radct101,value,32,31,1,7,1,0,0,1,1,,0,0,0,3,0,,,0,,27,,46,19,2,2,0,10,,1,0,4,0,0,0,1,,1,,0,27,15,1,1,0,0,0,1,,hydec101,taylj106,davel102,rogen101,cartm101,browl107,longr102,browt105,radct101,radct101,browl107,taylj106,longr102,cartm101,browt105,hydec101,davel102,rogen101,,19390917,1,NOL01,h,KCM,0,1,0,exhibition,y,
MEM193909172,KCM,0,1,0,0,0,0,0,,,,,,,,,,,,,,,,,,,,,,,coopa101,value,,,1,5,,,,,,,,,,,,,,,,18,,,10,,,,6,,,,,,,,,,,,,18,,0,,0,,,,,,,,,,,,,,kranf101,hardp102,,,,,,,,,19390917,2,NOL01,v,MEM,0,1,0,exhibition,,
MEM193909172,MEM,1,2,1,2,0,0,,,,,,,,,,,,,,,,,,,,,,,,radct101,value,,,6,10,,,,,,,,,,,,,,,,21,,,5,,,,1,,,,,,,,,,,,,21,,1,,0,,,,,,,,,,,,,,davir103,browl107,,,,,,,,,19390917,2,NOL01,h,KCM,1,0,0,exhibition,,
MEM193909190,KCM,0,0,0,2,0,0,0,2,0,,,,,,,,,,,,,,,,,,,,,coopa101,value,,,4,,,,,,,,,,,,,,,,,27,,,,,,,1,,,,,,,,,,,,,27,,,,,,,,,,,,,,,,,,,,,,,,,,,,19390919,0,JAC01,v,MEM,1,0,0,exhibition,,
MEM193909190,MEM,0,0,0,0,0,0,1,0,0,,,,,,,,,,,,,,,,,,,,,radct101,value,,,1,,,,,,,,,,,,,,,,,27,,,,,,,4,,,,,,,,,,,,,27,,,,,,,,,,,,,,,,,,,,taylj106,,,,,,,,19390919,0,JAC01,h,KCM,0,1,0,exhibition,,
MEM193909200,KCM,1,0,1,0,0,0,0,0,0,,,,,,,,,,,,,,,,,,,,,coopa101,value,,,2,,,,,,,,,,,,,,,,,27,,,,,,,1,,,,,,,,,,,,,27,,,,,,,,,,,,,,,,,,walkg103,,,,,,,,,,19390920,0,MNL01,v,MEM,1,0,0,exhibition,,
MEM193909200,MEM,0,0,0,1,0,0,0,0,0,,,,,,,,,,,,,,,,,,,,,radct101,value,,,1,,,,,,,,,,,,,,,,,27,,,,,,,2,,,,,,,,,,,,,27,,,,,,,,,,,,,,,,,,mossp101,,,,,,,,,,19390920,0,MNL01,h,KCM,0,1,0,exhibition,,
MEM193909220,KCM,,,,,,,,,,,,,,,,,,,,,,,,,,,,,,coopa101,value,,,11,,,,,,,,,,,,,,,,,27,,,,,,,12,,,,,,,,,,,,,27,,,,,,,,,,,,,,,,,,hutcw101,,,,,,,,,,19390922,0,LRK01,v,MEM,0,1,0,exhibition,,
MEM193909220,MEM,,,,,,,,,,,,,,,,,,,,,,,,,,,,,,radct101,value,,,12,,,,,,,,,,,,,,,,,27,,,,,,,11,,,,,,,,,,,,,27,,,,,,,,,,,,,,,,,,davir103,,,,,,,,,,19390922,0,LRK01,h,KCM,1,0,0,exhibition,,
KCM193909241,MEM,0,0,0,0,1,0,1,0,0,,,,,,,,,,,,,,,,,,,,,radct101,value,,,2,7,,,,,,,,,,,,,,,,24,,,9,,,1,5,,,,,,,,,,,,,24,,4,,,,,,,,,,,,,,,,radct101,browl107,,,,,,,,,19390924,1,OKC01,v,KCM,0,1,0,exhibition,,
KCM193909241,KCM,2,0,1,0,2,0,0,0,,,,,,,,,,,,,,,,,,,,,,coopa101,value,,,5,9,,,1,,,,,,,,,,,,,27,,,7,,,,2,,,,,,,,,,,,,27,,2,,,,,,,,,,,,,,,,smith111,greej108,,,,,,,,,19390924,1,OKC01,h,MEM,1,0,0,exhibition,,
KCM193909242,MEM,1,0,1,2,0,0,0,,,,,,,,,,,,,,,,,,,,,,,radct101,value,,,4,6,,,,,,,,,,,,,,,,18,,,11,,,1,9,,,,,,,,,,,,,18,,3,,,,,,,,,,,,,,,,wilsl102,browl107,,,,,,,,,19390924,2,OKC01,v,KCM,0,1,0,exhibition,,
KCM193909242,KCM,0,1,2,2,1,3,,,,,,,,,,,,,,,,,,,,,,,,coopa101,value,,,9,11,,,1,,,,,,,,,,,,,21,,,6,,,,4,,,,,,,,,,,,,21,,0,,,,,,,,,,,,,,,,hutcw101,hardp102,,,,,,,,,19390924,2,OKC01,h,MEM,1,0,0,exhibition,,
KCM193909250,MEM,1,1,0,0,0,0,0,,,,,,,,,,,,,,,,,,,,,,5,radct101,value,28,25,2,6,0,1,1,,0,,,3,,4,,,,,,18,,29,8,1,0,1,6,,1,,1,,,,1,,,,,18,,0,0,,,,,,davel102,taylj106,cartm101,rogen101,browl107,longr102,bankf101,browt105,davir103,davir103,browl107,taylj106,bankf101,cartm101,browt105,longr102,davel102,rogen101,,19390925,0,WIC01,v,KCM,0,1,0,exhibition,y,
KCM193909250,KCM,1,0,0,5,0,0,,,,,,,,,,,,,,,,,,,,,,,5,coopa101,value,29,27,6,8,1,0,1,,1,,,1,,1,,,,,,21,,28,6,0,1,1,2,,3,,4,,,,0,,,,,21,,1,2,,,,,,milth101,allen102,steat101,strot101,greej108,bibbr101,oneib801,langu101,walkg103,walkg103,greej108,oneib801,allen102,bibbr101,strot101,langu101,steat101,milth101,,19390925,0,WIC01,h,MEM,1,0,0,exhibition,y,
