gid,id,team,d_seq,d_pos,stattype,d_ifouts,d_po,d_a,d_e,d_dp,d_tp,d_pb,d_wp,d_sb,d_cs,d_gs,date,number,site,vishome,opp,win,loss,tie,gametype,box,pbp,eject
KCM193310020,dwige101,KCM,1,8,value,27,0,0,0,0,0,,,,,1,19331002,0,KAN05,h,ASD,1,0,0,exhibition,y,,
ASD193310060,dwige101,KCM,1,8,value,27,3,0,0,0,0,,,,,1,19331006,0,OMA02,v,ASD,1,0,0,exhibition,y,,
KCM193310080,dwige101,KCM,1,8,value,27,3,0,0,0,0,,,,,1,19331008,0,KAN05,h,ASD,1,0,0,exhibition,y,,
ASD193310100,dwige101,KCM,1,8,value,24,4,0,0,0,0,,,,,1,19331010,0,JOP01,v,ASD,0,1,0,exhibition,y,,
ASD193310110,dwige101,KCM,1,8,value,24,0,0,0,0,0,,,,,1,19331011,0,OKC01,v,ASD,1,0,0,exhibition,y,,
KCM193310150,dwige101,KCM,1,8,value,27,1,0,0,0,0,,,,,1,19331015,0,KAN05,h,ASD,1,0,0,exhibition,y,,
ASD193410120,dwige101,KCM,1,8,value,27,4,0,0,0,0,,,,,1,19341012,0,KAN05,v,ASD,1,0,0,exhibition,y,,
CHM193410140,dwige101,KCM,1,8,value,24,2,0,1,0,0,,,,,1,19341014,0,CHI15,v,CHM,0,1,0,exhibition,y,y,
CAG193504240,dwige101,KCM,1,8,value,30,0,0,0,0,0,,,,,1,19350424,0,TUL02,v,CAG,1,0,0,exhibition,y,d,
KCM193504250,dwige101,KCM,1,8,value,27,3,0,0,1,,,,,,1,19350425,0,WIC01,h,CAG,1,0,0,exhibition,y,,
CAG193504260,dwige101,KCM,1,8,value,30,2,1,0,1,,,,,,1,19350426,0,WIC01,v,CAG,1,0,0,exhibition,y,,
KCM193504270,dwige101,KCM,1,8,value,15,1,0,0,0,0,,,,,1,19350427,0,EMP01,h,CAG,1,0,0,exhibition,y,d,
KCM193506100,dwige101,KCM,1,7,value,27,1,0,0,,,,,,,1,19350610,0,GFK01,h,BIS,1,0,0,exhibition,y,,
BIS193506162,dwige101,KCM,1,7,value,24,1,0,0,0,0,,,,,1,19350616,2,BIS01,v,BIS,0,1,0,exhibition,y,d,
BIS193508290,dwige101,KCM,1,8,value,27,0,1,0,0,0,,,,,1,19350829,0,WIC01,v,BIS,1,0,0,exhibition,y,,
KCM193509020,dwige101,KCM,1,8,value,27,3,0,0,0,0,0,0,0,,1,19350902,0,KAN05,h,CAG,0,1,0,exhibition,y,,
KCM193509040,dwige101,KCM,1,8,value,27,2,0,0,0,0,,,,,1,19350904,0,KAN05,h,BIS,0,1,0,exhibition,y,d,
ASD193510060,dwige101,KCM,1,8,value,24,0,0,0,0,0,,,,,1,19351006,0,KAN05,v,ASD,0,1,0,exhibition,y,d,
KCM193510130,dwige101,KCM,1,8,value,27,4,0,0,0,0,,,,,1,19351013,0,KAN05,h,MLS,1,0,0,exhibition,y,d,
KCM193605240,dwige101,KCM,1,8,value,27,2,0,0,0,0,,,,,1,19360524,0,KAN05,h,CAG,1,0,0,exhibition,y,d,
CAG193605311,dwige101,KCM,1,8,value,27,3,0,0,0,0,,,,,1,19360531,1,CHI09,v,CAG,1,0,0,exhibition,y,d,
CAG193605312,dwige101,KCM,1,8,value,21,3,0,0,0,0,,,,,1,19360531,2,CHI09,v,CAG,1,0,0,exhibition,y,d,
ASW193608230,dwige101,ASW,1,8,value,15,0,0,0,0,0,,,,,1,19360823,0,CHI10,h,ASE,0,1,0,allstar,y,d,
HOM193608240,dwige101,KCM,1,8,value,27,1,0,0,0,0,,,,,1,19360824,0,SBD01,v,HOM,1,0,0,exhibition,y,d,
KCM193608310,dwige101,KCM,1,8,value,27,4,1,0,0,0,,,,,1,19360831,0,KAN05,h,CAG,1,0,0,exhibition,y,d,
CAG193609072,dwige101,KCM,1,8,value,27,3,0,0,,,,,,,1,19360907,2,CHI09,v,CAG,1,0,0,exhibition,y,,
KCM193609200,dwige101,KCM,1,8,value,27,1,0,1,0,0,,,,,1,19360920,0,KAN05,h,NNS,1,0,0,exhibition,y,d,
KCM193609210,dwige101,KCM,1,4,value,27,1,0,0,0,,0,0,0,,,19360921,0,KAN05,h,NNS,0,1,0,exhibition,y,,
KCM193609220,dwige101,KCM,1,8,value,27,2,0,0,0,,,,,,1,19360922,0,WIC01,h,NNS,1,0,0,exhibition,y,,
MEM193705021,dwige101,KCM,1,8,value,27,0,0,0,0,0,,,,,1,19370502,1,MEM02,v,MEM,1,0,0,exhibition,y,d,
MEM193705022,dwige101,KCM,1,8,value,15,0,0,0,0,0,,,,,1,19370502,2,MEM02,v,MEM,0,1,0,exhibition,y,d,
BIR193705091,dwige101,KCM,1,8,value,27,3,0,0,0,0,,,,,1,19370509,1,BIR01,v,BIR,1,0,0,regular,y,d,
BIR193705092,dwige101,KCM,1,8,value,21,4,0,0,0,0,,,,,1,19370509,2,BIR01,v,BIR,1,0,0,regular,y,d,
KCM193705130,dwige101,KCM,1,8,value,27,0,0,0,0,0,,,,,1,19370513,0,SPR05,h,CAG,1,0,0,exhibition,y,d,
KCM193705140,dwige101,KCM,1,8,value,27,0,0,0,0,0,,,,,1,19370514,0,CMB01,h,CAG,1,0,0,exhibition,y,d,
KCM193705150,dwige101,KCM,1,8,value,30,1,0,0,0,0,,,,,1,19370515,0,KAN05,h,CAG,0,1,0,regular,y,d,
KCM193705161,dwige101,KCM,1,8,value,27,0,0,0,0,0,,,,,1,19370516,1,KAN05,h,CAG,1,0,0,regular,y,d,
KCM193705162,dwige101,KCM,1,8,value,21,4,0,0,0,0,,,,,1,19370516,2,KAN05,h,CAG,1,0,0,regular,y,d,
KCM193705170,dwige101,KCM,1,8,value,27,2,1,0,0,0,,,,,1,19370517,0,KAN05,h,CAG,1,0,0,regular,y,d,
KCM193705220,dwige101,KCM,1,8,value,27,1,0,0,0,0,,,,,1,19370522,0,KAN05,h,CI1,1,0,0,regular,y,d,
KCM193705231,dwige101,KCM,1,8,value,27,1,0,0,0,0,,,,,1,19370523,1,KAN05,h,CI1,0,1,0,regular,y,d,
KCM193705232,dwige101,KCM,1,4,value,21,3,1,0,0,0,,,,,1,19370523,2,KAN05,h,CI1,1,0,0,regular,y,d,
KCM193705240,dwige101,KCM,1,4,value,21,2,4,2,1,0,,,,,1,19370524,0,KAN05,h,CI1,1,0,0,regular,y,d,
KCM193705301,dwige101,KCM,1,8,value,27,3,0,0,0,0,,,,,1,19370530,1,KAN05,h,BIR,1,0,0,regular,y,d,
KCM193705302,dwige101,KCM,1,8,value,21,1,0,1,0,0,,,,,1,19370530,2,KAN05,h,BIR,1,0,0,regular,y,d,
KCM193705311,dwige101,KCM,1,8,value,27,1,0,0,0,0,,,,,1,19370531,1,KAN05,h,BIR,1,0,0,regular,y,d,
KCM193705312,dwige101,KCM,1,8,value,27,1,0,0,0,0,,,,,1,19370531,2,KAN05,h,BIR,0,1,0,regular,y,d,
CI1193706050,dwige101,KCM,1,8,value,18,2,0,0,0,0,,,,,1,19370605,0,CIN07,v,CI1,0,1,0,regular,y,d,
CI1193706060,dwige101,KCM,1,8,value,27,2,0,0,0,0,,,,,1,19370606,0,CIN07,v,CI1,1,0,0,regular,y,,
KCM193706202,dwige101,KCM,1,8,value,21,0,0,0,0,0,,,,,1,19370620,2,KAN05,h,SSA,1,0,0,regular,y,d,
KCM193706250,dwige101,KCM,1,8,value,27,1,0,0,0,,,0,0,,1,19370625,0,SPR05,h,MEM,1,0,0,regular,y,,
KCM193706280,dwige101,KCM,1,8,value,3,0,0,0,0,0,,,,,0,19370628,0,KAN05,h,MEM,1,0,0,regular,y,d,
CAG193707041,dwige101,KCM,1,8,value,27,1,0,0,0,0,,,,,1,19370704,1,CHI09,v,CAG,1,0,0,regular,y,d,
KCM193707181,dwige101,KCM,1,8,value,27,1,0,0,0,0,,,,,1,19370718,1,KAN05,h,DT2,1,0,0,regular,y,d,
KCM193707190,dwige101,KCM,1,8,value,27,0,0,0,0,0,,,,,1,19370719,0,KAN05,h,DT2,1,0,0,regular,y,d,
KCM193707200,dwige101,KCM,1,8,value,33,,,,,,,,,,1,19370720,0,BEL01,h,DT2,0,1,0,regular,,,
KCM193707252,dwige101,KCM,1,8,value,12,1,0,0,0,0,,,,,1,19370725,2,KAN05,h,CAG,1,0,0,regular,y,d,
KCM193707260,dwige101,KCM,1,8,value,3,0,0,0,0,0,,,,,0,19370726,0,KAN05,h,CAG,0,1,0,regular,y,d,
KCM193707270,dwige101,KCM,1,8,value,30,0,0,1,0,0,,,,,1,19370727,0,MAN01,h,CAG,1,0,0,regular,y,d,
CI1193708151,dwige101,KCM,1,8,value,24,1,0,1,0,0,,,,,1,19370815,1,CIN07,v,CI1,0,1,0,regular,y,d,
CAG193708180,dwige101,KCM,1,8,value,27,,,0,,,,,,,1,19370818,0,MIL03,v,CAG,1,0,0,regular,y,,
CAG193708190,dwige101,KCM,1,8,value,24,0,0,0,0,0,,,,,1,19370819,0,MIL03,v,CAG,0,1,0,regular,y,d,
KCM193708250,dwige101,KCM,1,8,value,27,3,0,0,0,0,,,,,1,19370825,0,CMB01,h,SSA,1,0,0,regular,y,d,
CAG193709120,dwige101,KCM,1,8,value,39,3,0,0,0,0,,,,,1,19370912,0,CHI09,v,CAG,0,0,1,lcs,y,d,
KCM193709170,dwige101,KCM,1,8,value,21,2,0,0,0,0,,,,,1,19370917,0,KAN05,h,CAG,1,0,0,lcs,y,d,
MLS193710070,dwige101,KCM,1,8,value,15,1,0,0,0,0,,,,,0,19371007,0,CED01,v,MLS,0,1,0,exhibition,y,d,
KCM193710090,dwige101,KCM,1,8,value,27,0,0,0,0,0,,,,,1,19371009,0,MAN01,h,MLS,0,1,0,exhibition,y,d,
KCM193710102,dwige101,KCM,1,8,value,27,1,0,0,0,0,,,,,1,19371010,2,WIC01,h,MLS,1,0,0,exhibition,y,d,
MLS193710110,dwige101,KCM,1,8,value,27,2,0,0,0,0,,,,,1,19371011,0,OKC01,v,MLS,1,0,0,exhibition,y,d,
