gid,id,team,d_seq,d_pos,stattype,d_ifouts,d_po,d_a,d_e,d_dp,d_tp,d_pb,d_wp,d_sb,d_cs,d_gs,date,number,site,vishome,opp,win,loss,tie,gametype,box,pbp
HWS194307041,boonl102,HSL,1,1,value,12,,,,,0,,,,,1,19430704,1,CIN07,v,HWS,1,0,0,exhibition,,
HWS194307041,walkr103,HSL,1,1,value,15,,,,,0,,,,,,19430704,1,CIN07,v,HWS,1,0,0,exhibition,,
HWS194307041,deand102,HWS,1,1,value,12,,,,,0,,,,,1,19430704,1,CIN07,h,HSL,0,1,0,exhibition,,
HWS194307041,deand102,HWS,2,7,value,15,,,,0,0,,,,,1,19430704,1,CIN07,h,HSL,0,1,0,exhibition,,
HWS194307041,tatea101,HWS,1,1,value,15,,,,,0,,,,,,19430704,1,CIN07,h,HSL,0,1,0,exhibition,,
HWS194307042,peckh102,HWS,1,1,value,21,,,,,0,,,,,1,19430704,2,CIN07,h,HSL,1,0,0,exhibition,,
HSL194307110,yotee101,HWS,1,5,value,31,1,2,1,0,0,,,,,1,19430711,0,HRB01,v,HSL,0,1,0,exhibition,y,d
HSL194307110,lipir101,HWS,1,6,value,31,4,5,1,1,0,,,,,1,19430711,0,HRB01,v,HSL,0,1,0,exhibition,y,d
HSL194307110,powlh101,HWS,1,7,value,31,3,0,0,0,0,,,,,1,19430711,0,HRB01,v,HSL,0,1,0,exhibition,y,d
HSL194307110,collr101,HWS,1,2,value,31,2,0,0,0,0,0,0,2,0,1,19430711,0,HRB01,v,HSL,0,1,0,exhibition,y,d
HSL194307110,meidc101,HWS,1,9,value,30,0,0,0,0,0,,,,,1,19430711,0,HRB01,v,HSL,0,1,0,exhibition,y,d
HSL194307110,martj110,HWS,1,9,value,1,0,0,0,0,0,,,,,0,19430711,0,HRB01,v,HSL,0,1,0,exhibition,y,d
HSL194307110,heyla101,HWS,1,8,value,31,3,0,0,0,0,,,,,1,19430711,0,HRB01,v,HSL,0,1,0,exhibition,y,d
HSL194307110,stacp101,HWS,1,3,value,31,15,0,1,1,0,,,,,1,19430711,0,HRB01,v,HSL,0,1,0,exhibition,y,d
HSL194307110,snydb101,HWS,1,4,value,31,3,8,0,1,0,,,,,1,19430711,0,HRB01,v,HSL,0,1,0,exhibition,y,d
HSL194307110,peckh102,HWS,1,1,value,31,0,3,0,0,0,,,,,1,19430711,0,HRB01,v,HSL,0,1,0,exhibition,y,d
HSL194307110,cartw102,HSL,1,5,value,33,2,3,0,0,0,,,,,1,19430711,0,HRB01,h,HWS,1,0,0,exhibition,y,d
HSL194307110,wilsd103,HSL,1,6,value,33,0,2,2,0,0,,,,,1,19430711,0,HRB01,h,HWS,1,0,0,exhibition,y,d
HSL194307110,armob101,HSL,1,8,value,33,2,0,0,0,0,,,,,1,19430711,0,HRB01,h,HWS,1,0,0,exhibition,y,d
HSL194307110,fordj101,HSL,1,4,value,33,4,2,0,0,0,,,,,1,19430711,0,HRB01,h,HWS,1,0,0,exhibition,y,d
HSL194307110,mcalf101,HSL,1,7,value,33,1,0,0,0,0,,,,,1,19430711,0,HRB01,h,HWS,1,0,0,exhibition,y,d
HSL194307110,mccof102,HSL,1,2,value,4,1,1,0,0,0,0,0,0,0,1,19430711,0,HRB01,h,HWS,1,0,0,exhibition,y,d
HSL194307110,jonec109,HSL,1,2,value,29,6,3,0,1,0,0,0,0,2,0,19430711,0,HRB01,h,HWS,1,0,0,exhibition,y,d
HSL194307110,wille105,HSL,1,9,value,33,5,0,0,0,0,,,,,1,19430711,0,HRB01,h,HWS,1,0,0,exhibition,y,d
HSL194307110,turnl101,HSL,1,3,value,33,12,0,0,1,0,,,,,1,19430711,0,HRB01,h,HWS,1,0,0,exhibition,y,d
HSL194307110,parkt101,HSL,1,1,value,15,0,1,0,0,0,,,,,1,19430711,0,HRB01,h,HWS,1,0,0,exhibition,y,d
HSL194307110,walkr103,HSL,1,1,value,18,0,4,1,1,0,,,,,0,19430711,0,HRB01,h,HWS,1,0,0,exhibition,y,d
HSL194307130,boonl102,HSL,1,1,value,27,,,,,0,,,,,1,19430713,0,UNI01,h,HWS,1,0,0,exhibition,,
HWS194307181,cartw102,HSL,1,6,value,27,2,2,3,1,0,,,,,1,19430718,1,OIL01,v,HWS,1,0,0,exhibition,y,d
HWS194307181,grayc104,HSL,1,2,value,27,8,0,0,0,0,0,0,3,0,1,19430718,1,OIL01,v,HWS,1,0,0,exhibition,y,d
HWS194307181,parkt101,HSL,1,9,value,27,0,0,0,0,0,,,,,1,19430718,1,OIL01,v,HWS,1,0,0,exhibition,y,d
HWS194307181,fordj101,HSL,1,4,value,27,4,2,0,1,0,,,,,1,19430718,1,OIL01,v,HWS,1,0,0,exhibition,y,d
HWS194307181,armob101,HSL,1,8,value,27,3,0,0,0,0,,,,,1,19430718,1,OIL01,v,HWS,1,0,0,exhibition,y,d
HWS194307181,wille105,HSL,1,7,value,27,1,0,0,0,0,,,,,1,19430718,1,OIL01,v,HWS,1,0,0,exhibition,y,d
HWS194307181,turnl101,HSL,1,3,value,27,6,1,0,2,0,,,,,1,19430718,1,OIL01,v,HWS,1,0,0,exhibition,y,d
HWS194307181,mccof102,HSL,1,5,value,27,2,3,0,1,0,,,,,1,19430718,1,OIL01,v,HWS,1,0,0,exhibition,y,d
HWS194307181,grimh101,HSL,1,1,value,25,1,1,0,0,0,,,,,1,19430718,1,OIL01,v,HWS,1,0,0,exhibition,y,d
HWS194307181,boonl102,HSL,1,1,value,2,0,0,0,0,0,,,,,0,19430718,1,OIL01,v,HWS,1,0,0,exhibition,y,d
HWS194307181,tatea101,HWS,1,9,value,9,0,0,0,0,0,,,,,1,19430718,1,OIL01,h,HSL,0,1,0,exhibition,y,d
HWS194307181,fugaj101,HWS,1,3,value,18,9,0,0,1,0,,,,,0,19430718,1,OIL01,h,HSL,0,1,0,exhibition,y,d
HWS194307181,lipir101,HWS,1,6,value,27,2,5,0,1,0,,,,,1,19430718,1,OIL01,h,HSL,0,1,0,exhibition,y,d
HWS194307181,powlh101,HWS,1,8,value,27,0,1,0,0,0,,,,,1,19430718,1,OIL01,h,HSL,0,1,0,exhibition,y,d
HWS194307181,collr101,HWS,1,3,value,9,7,1,0,0,0,,,,,1,19430718,1,OIL01,h,HSL,0,1,0,exhibition,y,d
HWS194307181,collr101,HWS,2,9,value,18,0,0,0,0,0,,,,,0,19430718,1,OIL01,h,HSL,0,1,0,exhibition,y,d
HWS194307181,meidc101,HWS,1,7,value,27,1,0,0,0,0,,,,,1,19430718,1,OIL01,h,HSL,0,1,0,exhibition,y,d
HWS194307181,heyla101,HWS,1,5,value,27,1,0,1,0,0,,,,,1,19430718,1,OIL01,h,HSL,0,1,0,exhibition,y,d
HWS194307181,martj110,HWS,1,2,value,27,5,0,0,0,0,0,2,1,0,1,19430718,1,OIL01,h,HSL,0,1,0,exhibition,y,d
HWS194307181,snydb101,HWS,1,4,value,27,2,7,0,1,0,,,,,1,19430718,1,OIL01,h,HSL,0,1,0,exhibition,y,d
HWS194307181,baurj101,HWS,1,1,value,27,0,2,1,0,0,,,,,1,19430718,1,OIL01,h,HSL,0,1,0,exhibition,y,d
HWS194307182,cartw102,HSL,1,6,value,12,1,1,0,0,0,,,,,1,19430718,2,OIL01,v,HWS,0,1,0,exhibition,y,d
HWS194307182,fordj101,HSL,1,4,value,7,1,2,0,0,0,,,,,1,19430718,2,OIL01,v,HWS,0,1,0,exhibition,y,d
HWS194307182,fordj101,HSL,2,5,value,5,0,0,0,0,0,,,,,0,19430718,2,OIL01,v,HWS,0,1,0,exhibition,y,d
HWS194307182,parkt101,HSL,1,9,value,5,0,0,0,0,0,,,,,1,19430718,2,OIL01,v,HWS,0,1,0,exhibition,y,d
HWS194307182,parkt101,HSL,2,1,value,7,0,0,0,0,0,,,,,0,19430718,2,OIL01,v,HWS,0,1,0,exhibition,y,d
HWS194307182,armob101,HSL,1,8,value,12,1,0,0,0,0,,,,,1,19430718,2,OIL01,v,HWS,0,1,0,exhibition,y,d
HWS194307182,grayc104,HSL,1,2,value,12,1,1,0,0,0,0,0,0,0,1,19430718,2,OIL01,v,HWS,0,1,0,exhibition,y,d
HWS194307182,wille105,HSL,1,7,value,12,3,0,0,0,0,,,,,1,19430718,2,OIL01,v,HWS,0,1,0,exhibition,y,d
HWS194307182,turnl101,HSL,1,3,value,12,5,0,1,0,0,,,,,1,19430718,2,OIL01,v,HWS,0,1,0,exhibition,y,d
HWS194307182,mccof102,HSL,1,5,value,7,0,0,3,0,0,,,,,1,19430718,2,OIL01,v,HWS,0,1,0,exhibition,y,d
HWS194307182,mccof102,HSL,2,4,value,5,0,0,0,0,0,,,,,0,19430718,2,OIL01,v,HWS,0,1,0,exhibition,y,d
HWS194307182,boonl102,HSL,1,1,value,4,0,0,0,0,0,,,,,1,19430718,2,OIL01,v,HWS,0,1,0,exhibition,y,d
HWS194307182,calhl101,HSL,1,1,value,1,0,1,0,0,0,,,,,0,19430718,2,OIL01,v,HWS,0,1,0,exhibition,y,d
HWS194307182,calhl101,HSL,2,9,value,7,0,0,0,0,0,,,,,0,19430718,2,OIL01,v,HWS,0,1,0,exhibition,y,d
HWS194307182,meidc101,HWS,1,7,value,15,2,0,0,0,0,,,,,1,19430718,2,OIL01,h,HSL,1,0,0,exhibition,y,d
HWS194307182,lipir101,HWS,1,6,value,15,0,1,0,0,0,,,,,1,19430718,2,OIL01,h,HSL,1,0,0,exhibition,y,d
HWS194307182,powlh101,HWS,1,8,value,15,2,0,0,0,0,,,,,1,19430718,2,OIL01,h,HSL,1,0,0,exhibition,y,d
HWS194307182,fugaj101,HWS,1,3,value,15,2,0,0,0,0,,,,,1,19430718,2,OIL01,h,HSL,1,0,0,exhibition,y,d
HWS194307182,collr101,HWS,1,2,value,15,4,1,0,0,0,0,0,0,0,1,19430718,2,OIL01,h,HSL,1,0,0,exhibition,y,d
HWS194307182,heyla101,HWS,1,5,value,15,0,2,0,0,0,,,,,1,19430718,2,OIL01,h,HSL,1,0,0,exhibition,y,d
HWS194307182,martj110,HWS,1,9,value,15,2,0,0,0,0,,,,,1,19430718,2,OIL01,h,HSL,1,0,0,exhibition,y,d
HWS194307182,snydb101,HWS,1,4,value,15,3,1,0,0,0,,,,,1,19430718,2,OIL01,h,HSL,1,0,0,exhibition,y,d
HWS194307182,tatea101,HWS,1,1,value,15,0,0,0,0,0,,,,,1,19430718,2,OIL01,h,HSL,1,0,0,exhibition,y,d
HWS194307250,cartw102,HSL,1,6,value,25,0,2,0,0,0,,,,,1,19430725,0,UNI01,v,HWS,0,1,0,exhibition,y,d
HWS194307250,wilsd103,HSL,1,4,value,25,1,2,1,0,0,,,,,1,19430725,0,UNI01,v,HWS,0,1,0,exhibition,y,d
HWS194307250,parkt101,HSL,1,7,value,25,1,0,1,0,0,,,,,1,19430725,0,UNI01,v,HWS,0,1,0,exhibition,y,d
HWS194307250,fordj101,HSL,1,5,value,25,1,0,0,0,0,,,,,1,19430725,0,UNI01,v,HWS,0,1,0,exhibition,y,d
HWS194307250,armob101,HSL,1,8,value,25,2,1,0,0,0,,,,,1,19430725,0,UNI01,v,HWS,0,1,0,exhibition,y,d
HWS194307250,grayc104,HSL,1,2,value,25,11,2,0,0,0,1,1,0,1,1,19430725,0,UNI01,v,HWS,0,1,0,exhibition,y,d
HWS194307250,mcalf101,HSL,1,9,value,22,0,0,0,0,0,,,,,1,19430725,0,UNI01,v,HWS,0,1,0,exhibition,y,d
HWS194307250,mcalf101,HSL,2,1,value,3,0,2,0,0,0,,,,,0,19430725,0,UNI01,v,HWS,0,1,0,exhibition,y,d
HWS194307250,turnl101,HSL,1,3,value,25,9,0,0,0,0,,,,,1,19430725,0,UNI01,v,HWS,0,1,0,exhibition,y,d
HWS194307250,walkr103,HSL,1,1,value,9,0,1,0,0,0,,,,,1,19430725,0,UNI01,v,HWS,0,1,0,exhibition,y,d
HWS194307250,wille105,HSL,1,9,value,3,0,0,0,0,0,,,,,0,19430725,0,UNI01,v,HWS,0,1,0,exhibition,y,d
HWS194307250,boonl102,HSL,1,1,value,13,0,0,1,0,0,,,,,0,19430725,0,UNI01,v,HWS,0,1,0,exhibition,y,d
HWS194307250,gormh101,HWS,1,9,value,21,0,0,0,0,0,,,,,1,19430725,0,UNI01,h,HSL,1,0,0,exhibition,y,d
HWS194307250,martj110,HWS,1,9,value,6,0,0,0,0,0,,,,,0,19430725,0,UNI01,h,HSL,1,0,0,exhibition,y,d
HWS194307250,barna101,HWS,1,6,value,27,1,4,0,0,0,,,,,1,19430725,0,UNI01,h,HSL,1,0,0,exhibition,y,d
HWS194307250,powlh101,HWS,1,8,value,27,3,0,0,0,0,,,,,1,19430725,0,UNI01,h,HSL,1,0,0,exhibition,y,d
HWS194307250,fugaj101,HWS,1,3,value,27,11,0,0,1,0,,,,,1,19430725,0,UNI01,h,HSL,1,0,0,exhibition,y,d
HWS194307250,vanjp101,HWS,1,5,value,27,2,1,0,0,0,,,,,1,19430725,0,UNI01,h,HSL,1,0,0,exhibition,y,d
HWS194307250,heyla101,HWS,1,7,value,27,2,1,0,1,0,,,,,1,19430725,0,UNI01,h,HSL,1,0,0,exhibition,y,d
HWS194307250,collr101,HWS,1,2,value,27,5,0,0,0,0,0,1,0,0,1,19430725,0,UNI01,h,HSL,1,0,0,exhibition,y,d
HWS194307250,snydb101,HWS,1,4,value,27,3,2,0,1,0,,,,,1,19430725,0,UNI01,h,HSL,1,0,0,exhibition,y,d
HWS194307250,baurj101,HWS,1,1,value,21,0,3,0,0,0,,,,,1,19430725,0,UNI01,h,HSL,1,0,0,exhibition,y,d
HWS194307250,tatea101,HWS,1,1,value,6,0,1,0,0,0,,,,,0,19430725,0,UNI01,h,HSL,1,0,0,exhibition,y,d
HWS194308010,deand102,HWS,1,1,value,12,,,,,0,,,,,1,19430801,0,BUF06,h,HSL,1,0,0,exhibition,,
HWS194308010,deand102,HWS,2,3,value,15,,,,0,0,,,,,1,19430801,0,BUF06,h,HSL,1,0,0,exhibition,,
HWS194308220,jonec109,HSL,1,6,value,24,1,4,1,0,0,0,0,0,,1,19430822,0,PIT06,v,HWS,0,1,0,exhibition,y,
HWS194308220,turnl101,HSL,1,3,value,24,5,0,0,1,0,0,0,0,,1,19430822,0,PIT06,v,HWS,0,1,0,exhibition,y,
HWS194308220,parkt101,HSL,1,9,value,24,0,0,1,0,0,0,0,0,,1,19430822,0,PIT06,v,HWS,0,1,0,exhibition,y,
HWS194308220,armob101,HSL,1,8,value,24,3,0,0,0,0,0,0,0,,1,19430822,0,PIT06,v,HWS,0,1,0,exhibition,y,
HWS194308220,fordj101,HSL,1,4,value,24,5,3,0,0,0,0,0,0,,1,19430822,0,PIT06,v,HWS,0,1,0,exhibition,y,
HWS194308220,mcalf101,HSL,1,7,value,24,0,0,0,0,0,0,0,0,,1,19430822,0,PIT06,v,HWS,0,1,0,exhibition,y,
HWS194308220,fagag101,HSL,1,2,value,,2,0,1,0,0,2,0,1,,1,19430822,0,PIT06,v,HWS,0,1,0,exhibition,y,
HWS194308220,mccof102,HSL,1,2,value,,7,0,2,0,0,1,0,0,,,19430822,0,PIT06,v,HWS,0,1,0,exhibition,y,
HWS194308220,johnu101,HSL,1,5,value,24,1,1,0,1,0,0,0,0,,1,19430822,0,PIT06,v,HWS,0,1,0,exhibition,y,
HWS194308220,boonl102,HSL,1,1,value,4,0,0,0,0,0,0,0,0,,1,19430822,0,PIT06,v,HWS,0,1,0,exhibition,y,
HWS194308220,walkr103,HSL,1,1,value,20,0,0,1,0,0,0,1,0,,,19430822,0,PIT06,v,HWS,0,1,0,exhibition,y,
HWS194308220,gormh101,HWS,1,9,value,27,2,0,0,0,0,0,0,0,,1,19430822,0,PIT06,h,HSL,1,0,0,exhibition,y,
HWS194308220,heyla101,HWS,1,7,value,27,2,0,0,0,0,0,0,0,,1,19430822,0,PIT06,h,HSL,1,0,0,exhibition,y,
HWS194308220,powlh101,HWS,1,8,value,27,1,0,0,0,0,0,0,0,,1,19430822,0,PIT06,h,HSL,1,0,0,exhibition,y,
HWS194308220,fugaj101,HWS,1,3,value,12,5,0,0,0,0,0,0,0,,,19430822,0,PIT06,h,HSL,1,0,0,exhibition,y,
HWS194308220,peckh102,HWS,1,1,value,15,0,0,0,0,0,0,0,0,,,19430822,0,PIT06,h,HSL,1,0,0,exhibition,y,
HWS194308220,vanjp101,HWS,1,4,value,,4,2,0,1,0,0,0,0,,1,19430822,0,PIT06,h,HSL,1,0,0,exhibition,y,
HWS194308220,vanjp101,HWS,2,5,value,,,,0,1,0,0,0,0,,,19430822,0,PIT06,h,HSL,1,0,0,exhibition,y,
HWS194308220,yotee101,HWS,1,5,value,,0,1,0,0,0,0,0,0,,1,19430822,0,PIT06,h,HSL,1,0,0,exhibition,y,
HWS194308220,snydb101,HWS,1,4,value,,0,1,0,0,0,0,0,0,,,19430822,0,PIT06,h,HSL,1,0,0,exhibition,y,
HWS194308220,barna101,HWS,1,6,value,27,3,4,1,1,0,0,0,0,,1,19430822,0,PIT06,h,HSL,1,0,0,exhibition,y,
HWS194308220,collr101,HWS,1,2,value,27,6,3,0,0,0,0,0,0,,1,19430822,0,PIT06,h,HSL,1,0,0,exhibition,y,
HWS194308220,deand102,HWS,1,1,value,12,4,3,1,1,0,0,0,0,,1,19430822,0,PIT06,h,HSL,1,0,0,exhibition,y,
HWS194308220,deand102,HWS,2,3,value,15,,,1,1,0,0,0,0,,1,19430822,0,PIT06,h,HSL,1,0,0,exhibition,y,
