gid,team,inn1,inn2,inn3,inn4,inn5,inn6,inn7,inn8,inn9,inn10,inn11,inn12,inn13,inn14,inn15,inn16,inn17,inn18,inn19,inn20,inn21,inn22,inn23,inn24,inn25,inn26,inn27,inn28,lob,mgr,stattype,b_pa,b_ab,b_r,b_h,b_d,b_t,b_hr,b_rbi,b_sh,b_sf,b_hbp,b_w,b_iw,b_k,b_sb,b_cs,b_gdp,b_xi,b_roe,p_ipouts,p_noout,p_bfp,p_h,p_d,p_t,p_hr,p_r,p_er,p_w,p_iw,p_k,p_hbp,p_wp,p_bk,p_sh,p_sf,p_sb,p_cs,p_pb,d_po,d_a,d_e,d_dp,d_tp,d_pb,d_wp,d_sb,d_cs,start_l1,start_l2,start_l3,start_l4,start_l5,start_l6,start_l7,start_l8,start_l9,start_f1,start_f2,start_f3,start_f4,start_f5,start_f6,start_f7,start_f8,start_f9,start_f10,date,number,site,vishome,opp,win,loss,tie,gametype,box,pbp
HOM193905071,NY5,,,,,,,,,,,,,,,,,,,,,,,,,,,,,,scalg101,value,,,2,,,,,,,,,,,,,,,,,24,,,,,,,5,,,,,,,,,,,,,24,,,,,,,,,,,,,,,,,,,,,,,,,,,,19390507,1,IND10,v,HOM,0,1,0,exhibition,,
HOM193905071,HOM,,,,,,,,,,,,,,,,,,,,,,,,,,,,,,harrv102,value,,,5,,,,,,,,,,,,,,,,,27,,,,,,,2,,,,,,,,,,,,,27,,,,,,,,,,,,,,,,,,,,,,,,,,,,19390507,1,IND10,h,NY5,1,0,0,exhibition,,
HOM193905072,NY5,,,,,,,,,,,,,,,,,,,,,,,,,,,,,,scalg101,value,,,1,,,,,,,,,,,,,,,,,18,,,,,,,8,,,,,,,,,,,,,18,,,,,,,,,,,,,,,,,,,,,,,,,,,,19390507,2,IND10,v,HOM,0,1,0,exhibition,,
HOM193905072,HOM,,,,,,,,,,,,,,,,,,,,,,,,,,,,,,harrv102,value,,,8,,,,,,,,,,,,,,,,,21,,,,,,,1,,,,,,,,,,,,,21,,,,,,,,,,,,,,,,,,,,,,,,,,,,19390507,2,IND10,h,NY5,1,0,0,exhibition,,
HOM193905100,NY5,0,0,3,0,0,0,0,0,,,,,,,,,,,,,,,,,,,,,,scalg101,value,,,3,9,,,2,,,,,,,,,,,,,21,,,15,,,3,16,,,,,,,,,,,,,21,,5,,0,,,,,,,,,,,,,,stann101,clarb107,,,,,,,,,19390510,0,MSN01,v,HOM,0,1,0,exhibition,,
HOM193905100,HOM,1,0,6,2,4,1,2,,,,,,,,,,,,,,,,,,,,,,,harrv102,value,,,16,15,,,3,,,,,,,,,,,,,24,,,9,,,2,3,,,,,,,,,,,,,24,,3,,0,,,,,,,,,,,,,,robes104,gibsj101,,,,,,,,,19390510,0,MSN01,h,NY5,1,0,0,exhibition,,
HOM193905120,NY5,0,1,0,0,1,0,0,4,4,,,,,,,,,,,,,,,,,,,,7,scalg101,value,44,38,10,11,2,0,1,,0,,0,6,,3,0,,,0,,27,,36,4,3,0,0,2,,1,,5,0,0,0,0,,0,,0,27,9,0,0,0,0,0,0,,campd103,burgr101,cannw101,washj102,brooa101,currg102,palmc101,scalg101,willr106,willr106,palmc101,washj102,campd103,scalg101,cannw101,brooa101,currg102,burgr101,,19390512,0,PIT06,v,HOM,1,0,0,regular,y,
HOM193905120,HOM,0,0,0,0,2,0,0,0,0,,,,,,,,,,,,,,,,,,,,7,harrv102,value,36,35,2,4,3,0,0,,0,,0,1,,5,0,,,0,,27,,44,11,2,0,1,10,,6,,3,0,0,0,0,,0,,0,27,15,0,0,0,0,0,0,,benjj101,harrv102,banks101,gibsj101,leonb101,whatd101,speah101,jackj104,parkt101,parkt101,gibsj101,leonb101,banks101,speah101,jackj104,harrv102,benjj101,whatd101,,19390512,0,PIT06,h,NY5,0,1,0,regular,y,
TLC193905130,NY5,0,2,0,0,0,0,0,0,1,,,,,,,,,,,,,,,,,,,,8,scalg101,value,38,33,3,5,1,0,0,2,1,0,0,4,0,5,0,0,0,0,2,27,0,35,5,1,0,0,2,0,3,0,3,0,0,0,0,0,0,0,0,27,2,2,1,0,0,0,0,0,campd103,burgr101,cannw101,washj102,brooa101,currg102,scalg101,clarb107,stann101,stann101,clarb107,washj102,campd103,scalg101,cannw101,brooa101,currg102,burgr101,,19390513,0,TOL05,v,TLC,1,0,0,regular,y,d
TLC193905130,TLC,0,0,0,2,0,0,0,0,0,,,,,,,,,,,,,,,,,,,,6,charo101,value,35,32,2,5,1,0,0,2,0,0,0,3,0,3,0,0,1,0,1,27,0,38,5,1,0,0,3,2,4,0,5,0,0,0,1,0,0,0,0,27,0,2,0,0,0,0,0,0,crutj101,taylr103,willj110,duket102,charo101,clarb101,spenw101,poinr102,harvb101,harvb101,duket102,charo101,crutj101,spenw101,clarb101,poinr102,taylr103,willj110,,19390513,0,TOL05,h,NY5,0,1,0,regular,y,d
TLC193905141,NY5,2,1,0,0,0,2,0,0,1,,,,,,,,,,,,,,,,,,,,4,scalg101,value,37,36,6,11,0,0,0,6,0,0,0,1,0,3,1,0,1,0,1,27,0,37,10,3,0,0,3,3,1,0,0,0,0,0,0,0,0,0,0,27,2,1,0,0,0,0,0,0,campd103,burgr101,cannw101,washj102,palmc101,brooa101,currg102,scalg101,hollb106,hollb106,palmc101,washj102,campd103,scalg101,cannw101,brooa101,currg102,burgr101,,19390514,1,TOL05,v,TLC,1,0,0,regular,y,d
TLC193905141,TLC,0,1,0,1,0,0,0,0,1,,,,,,,,,,,,,,,,,,,,7,charo101,value,37,36,3,10,3,0,0,3,0,0,0,1,0,0,0,0,0,0,0,27,0,37,11,0,0,0,6,6,1,0,3,0,0,0,0,0,1,0,0,27,6,1,1,0,0,0,1,0,crutj101,taylr103,willj110,duket102,charo101,clarb101,spenw101,milln102,johnj115,johnj115,duket102,charo101,milln102,spenw101,clarb101,taylr103,crutj101,willj110,,19390514,1,TOL05,h,NY5,0,1,0,regular,y,d
TLC193905142,NY5,0,0,2,0,1,0,4,,,,,,,,,,,,,,,,,,,,,,7,scalg101,value,35,28,7,8,0,0,0,6,1,0,0,6,0,0,0,0,0,0,0,21,0,33,9,0,0,1,7,5,3,0,0,0,0,0,0,0,0,0,0,21,7,1,0,0,0,0,0,0,campd103,burgr101,cannw101,washj102,brooa101,currg102,scalg101,clarb107,mcdut101,mcdut101,clarb107,washj102,campd103,scalg101,cannw101,brooa101,currg102,burgr101,,19390514,2,TOL05,v,TLC,0,0,1,regular,y,d
TLC193905142,TLC,2,0,3,0,0,0,2,,,,,,,,,,,,,,,,,,,,,,5,charo101,value,33,30,7,9,0,0,1,7,0,0,0,3,0,0,0,0,0,0,1,21,0,35,8,0,0,0,7,7,6,0,0,0,1,0,1,0,0,0,0,21,3,0,0,0,0,1,0,0,crutj101,taylr103,willj110,duket102,charo101,clarb101,spenw101,milln102,poinr102,poinr102,duket102,charo101,milln102,spenw101,clarb101,taylr103,crutj101,willj110,,19390514,2,TOL05,h,NY5,0,0,1,regular,y,d
TLC193905150,NY5,2,3,3,0,0,2,0,0,0,,,,,,,,,,,,,,,,,,,,,scalg101,value,,,10,,,,,,,,,,,,,,,,,27,,,,,,,6,,,,,,,,,,,,,27,,0,,0,,,,,,,,,,,,,,willr106,palmc101,,,,,,,,,19390515,0,DAY03,v,TLC,1,0,0,regular,,
TLC193905150,TLC,0,1,0,0,0,0,4,0,1,,,,,,,,,,,,,,,,,,,,,charo101,value,,,6,,,,,,,,,,,,,,,,,27,,,,,,,10,,,,,,,,,,,,,27,,0,,0,,,,,,,,,,,,,,vamou101,duket102,,,,,,,,,19390515,0,DAY03,h,NY5,0,1,0,regular,,
TLC193905160,NY5,0,2,0,1,1,0,2,0,1,,,,,,,,,,,,,,,,,,,,8,scalg101,value,42,36,7,11,1,0,0,6,2,0,0,4,0,0,1,1,0,0,2,25,0,40,13,1,1,2,8,8,3,1,0,0,0,0,1,1,1,1,0,25,0,0,0,0,0,0,1,1,campd103,burgr101,cannw101,washj102,brooa101,currg102,scalg101,clarb107,stann101,stann101,clarb107,washj102,campd103,scalg101,cannw101,brooa101,currg102,burgr101,,19390516,0,CHA01,v,TLC,0,1,0,exhibition,y,d
TLC193905160,TLC,0,0,0,1,1,3,2,0,1,,,,,,,,,,,,,,,,,,,,7,charo101,value,40,35,8,13,1,1,2,8,1,1,0,3,1,0,1,1,0,0,0,27,0,42,11,1,0,0,7,5,4,0,0,0,0,0,2,0,1,1,0,27,3,2,0,0,0,0,1,1,crutj101,poinr102,willj110,duket102,clarb101,spenw101,harvb101,terrt102,boscu101,boscu101,duket102,harvb101,terrt102,spenw101,clarb101,poinr102,crutj101,willj110,,19390516,0,CHA01,h,NY5,1,0,0,exhibition,y,d
HOM193905180,NY5,0,0,0,0,0,1,0,0,0,,,,,,,,,,,,,,,,,,,,,scalg101,value,,,1,7,,,1,,,,,,,,,,,,,24,,,13,,,2,12,,,,,,,,,,,,,24,,3,,0,,,,,,,,,,,,,,poinr102,parkc101,,,,,,,,,19390518,0,WHE02,v,HOM,0,1,0,exhibition,,
HOM193905180,HOM,5,2,0,1,2,0,1,1,,,,,,,,,,,,,,,,,,,,,,harrv102,value,,,12,13,,,2,,,,,,,,,,,,,27,,,7,,,1,1,,,,,,,,,,,,,27,,1,,0,,,,,,,,,,,,,,robes104,gibsj101,,,,,,,,,19390518,0,WHE02,h,NY5,1,0,0,exhibition,,
PH5193905211,NY5,0,0,0,1,0,2,0,0,0,0,,,,,,,,,,,,,,,,,,,7,scalg101,value,40,36,3,9,0,0,1,3,1,0,0,3,0,5,0,0,1,0,0,29,0,44,10,2,0,1,4,4,2,0,2,0,0,0,0,0,1,0,0,29,0,2,0,0,0,0,1,0,campd103,burgr101,cannw101,washj102,brooa101,currg102,scalg101,palmc101,hollb106,hollb106,palmc101,washj102,campd103,scalg101,cannw101,brooa101,currg102,burgr101,,19390521,1,PHI17,v,PH5,0,1,0,regular,y,d
PH5193905211,PH5,2,1,0,0,0,0,0,0,0,1,,,,,,,,,,,,,,,,,,,11,wilsj106,value,44,42,4,10,2,0,1,4,0,0,0,2,0,2,1,0,0,0,3,30,0,40,9,0,0,1,3,3,3,0,5,0,0,0,1,0,0,0,0,30,2,0,1,0,0,0,0,0,speac103,willc106,parnr102,wilsj106,perkb101,bensg101,dunnj104,harrc104,carts102,carts102,perkb101,harrc104,dunnj104,wilsj106,willc106,parnr102,bensg101,speac103,,19390521,1,PHI17,h,NY5,1,0,0,regular,y,d
PH5193905212,NY5,2,0,0,0,0,1,2,,,,,,,,,,,,,,,,,,,,,,,scalg101,value,,,5,10,,,,,,,,,,,,,,,,21,,,7,,,,2,,,,,,,,,,,,,21,,0,,0,,,,,,,,,,,,,,mcdut101,clarb107,,,,,,,,,19390521,2,PHI17,v,PH5,1,0,0,regular,,
PH5193905212,PH5,0,0,0,1,0,0,1,,,,,,,,,,,,,,,,,,,,,,,wilsj106,value,,,2,7,,,,,,,,,,,,,,,,21,,,10,,,,5,,,,,,,,,,,,,21,,1,,0,,,,,,,,,,,,,,mcdow101,perkb101,,,,,,,,,19390521,2,PHI17,h,NY5,0,1,0,regular,,
BLG193905271,NY5,,,,,,,,,,,,,,,,,,,,,,,,,,,,,,scalg101,value,,,1,,,,,,,,,,,,,,,,,24,,,,,,,5,,,,,,,,,,,,,24,,,,,,,,,,,,,,,,,,,,,,,,,,,,19390527,1,PHI17,v,BLG,0,1,0,regular,,
BLG193905271,BLG,,,,,,,,,,,,,,,,,,,,,,,,,,,,,,snowf101,value,,,5,,,,,,,,,,,,,,,,,27,,,,,,,1,,,,,,,,,,,,,27,,,,,,,,,,,,,,,,,,,,,,,,,,,,19390527,1,PHI17,h,NY5,1,0,0,regular,,
BLG193905272,NY5,,,,,,,,,,,,,,,,,,,,,,,,,,,,,,scalg101,value,,,1,,,,,,,,,,,,,,,,,18,,,,,,,2,,,,,,,,,,,,,18,,,,,,,,,,,,,,,,,,,,,,,,,,,,19390527,2,PHI17,v,BLG,0,1,0,regular,,
BLG193905272,BLG,,,,,,,,,,,,,,,,,,,,,,,,,,,,,,snowf101,value,,,2,,,,,,,,,,,,,,,,,21,,,,,,,1,,,,,,,,,,,,,21,,,,,,,,,,,,,,,,,,,,,,,,,,,,19390527,2,PHI17,h,NY5,1,0,0,regular,,
BLG193905281,NY5,4,2,0,0,1,0,2,0,1,,,,,,,,,,,,,,,,,,,,5,scalg101,value,42,39,10,15,3,1,3,10,1,0,0,2,0,5,1,1,1,0,0,27,0,46,10,2,0,2,8,5,3,0,6,2,0,0,0,0,0,0,0,27,0,3,0,0,0,0,0,0,campd103,millf106,currg102,washj102,brooa101,wrigz102,scalg101,palmc101,willr106,willr106,palmc101,washj102,campd103,scalg101,millf106,brooa101,currg102,wrigz102,,19390528,1,BAL10,v,BLG,1,0,0,regular,y,d
BLG193905281,BLG,3,0,0,0,1,0,2,0,2,,,,,,,,,,,,,,,,,,,,11,snowf101,value,46,41,8,10,2,0,2,6,0,0,2,3,0,6,0,0,0,0,4,27,0,42,15,3,1,3,10,10,2,0,5,0,0,0,1,0,1,1,0,27,1,0,1,0,0,0,1,1,kimbh102,snowf101,wrigb104,hoskb101,hughs101,mackb102,westj102,walkh103,byrdb101,byrdb101,mackb102,westj102,hughs101,snowf101,walkh103,kimbh102,wrigb104,hoskb101,,19390528,1,BAL10,h,NY5,0,1,0,regular,y,d
BLG193905282,NY5,0,0,1,1,1,,,,,,,,,,,,,,,,,,,,,,,,4,scalg101,value,22,21,3,6,1,0,0,3,0,0,0,1,0,3,1,1,0,0,1,15,0,20,4,0,0,0,1,1,0,0,2,0,0,0,0,0,2,0,0,15,0,2,0,0,0,0,2,0,campd103,millf106,currg102,washj102,brooa101,wrigz102,scalg101,clarb107,hollb106,hollb106,clarb107,washj102,campd103,scalg101,millf106,brooa101,currg102,wrigz102,,19390528,2,BAL10,v,BLG,1,0,0,regular,y,d
BLG193905282,BLG,0,1,0,0,0,,,,,,,,,,,,,,,,,,,,,,,,4,snowf101,value,20,20,1,4,0,0,0,1,0,0,0,0,0,2,2,0,0,0,1,15,0,22,6,1,0,0,3,3,1,0,3,0,0,0,0,0,1,1,0,15,0,1,0,0,0,0,1,1,kimbh102,snowf101,wrigb104,hoskb101,hughs101,campr102,westj102,walkh103,adame101,adame101,campr102,westj102,hughs101,snowf101,walkh103,kimbh102,wrigb104,hoskb101,,19390528,2,BAL10,h,NY5,0,1,0,regular,y,d
NY5193905301,BLG,1,1,0,0,0,0,2,0,7,,,,,,,,,,,,,,,,,,,,8,snowf101,value,46,40,11,15,0,1,1,,2,,0,4,0,0,1,,,0,,27,,36,9,1,1,0,3,,0,0,5,2,0,0,0,,0,,0,27,15,1,1,0,0,0,0,,kimbh102,hughs101,wrigb104,hoskb101,westj102,snowf101,rivec101,campr102,glovt101,glovt101,campr102,westj102,hughs101,rivec101,snowf101,kimbh102,wrigb104,hoskb101,,19390530,1,NYC23,v,NY5,1,0,0,regular,y,
NY5193905301,NY5,1,0,0,0,0,0,0,1,1,,,,,,,,,,,,,,,,,,,,6,scalg101,value,36,34,3,9,1,1,0,,0,,2,0,0,5,0,,,0,,27,,46,15,0,1,1,11,,4,0,0,0,0,0,2,,1,,0,27,,3,0,0,0,0,1,,campd103,millf106,currg102,wrigz102,burgr101,palmc101,washj102,scalg101,stann101,stann101,palmc101,washj102,scalg101,scalg101,millf106,burgr101,currg102,wrigz102,,19390530,1,NYC23,h,BLG,0,1,0,regular,y,
NY5193905302,BLG,1,0,0,0,4,0,0,,,,,,,,,,,,,,,,,,,,,,8,snowf101,value,34,28,5,7,1,0,0,,0,,0,6,,5,0,,,0,,18,,38,13,5,0,0,14,,8,0,2,0,0,0,1,,1,,0,18,,7,0,0,0,0,1,,kimbh102,hughs101,wrigb104,hoskb101,westj102,snowf101,rivec101,campr102,phill101,phill101,campr102,westj102,snowf101,rivec101,rivec101,kimbh102,wrigb104,hoskb101,,19390530,2,NYC23,v,NY5,0,1,0,regular,y,
NY5193905302,NY5,6,4,0,2,2,0,,,,,,,,,,,,,,,,,,,,,,,6,scalg101,value,38,29,14,13,5,0,0,,1,,0,8,0,2,1,,,0,,21,,34,7,1,0,0,5,,6,,5,0,2,0,0,,0,,2,21,9,0,1,0,2,2,0,,campd103,millf106,currg102,wrigz102,brooa101,scalg101,washj102,clarb107,mcdut101,mcdut101,clarb107,washj102,campd103,scalg101,millf106,brooa101,currg102,wrigz102,,19390530,2,NYC23,h,BLG,1,0,0,regular,y,
PH5193906010,NY5,1,0,0,0,0,,,,,,,,,,,,,,,,,,,,,,,,3,scalg101,value,19,18,1,3,0,1,0,1,0,0,0,1,0,0,0,0,0,0,0,15,0,19,4,0,0,1,1,1,0,0,0,0,0,0,0,0,0,0,0,15,2,0,0,0,0,0,0,0,campd103,millf106,currg102,washj102,brooa101,palmc101,burgr101,scalg101,willr106,willr106,palmc101,washj102,campd103,scalg101,millf106,brooa101,currg102,burgr101,,19390601,0,PHI17,v,PH5,0,0,1,regular,y,d
PH5193906010,PH5,0,0,0,1,0,,,,,,,,,,,,,,,,,,,,,,,,3,wilsj106,value,19,19,1,4,0,0,1,1,0,0,0,0,0,0,0,0,0,0,0,15,0,19,3,0,1,0,1,1,1,0,0,0,0,0,0,0,0,0,0,15,6,0,0,0,0,0,0,0,speac103,willc106,pattp102,perkb101,parnr102,wilsj106,bensg101,dunnj104,ellir105,ellir105,perkb101,dunnj104,pattp102,wilsj106,willc106,parnr102,bensg101,speac103,,19390601,0,PHI17,h,NY5,0,0,1,regular,y,d
NY5193906042,PH5,0,0,0,0,0,2,0,2,0,,,,,,,,,,,,,,,,,,,,10,wilsj106,value,41,39,4,12,1,0,2,4,0,0,1,1,0,1,1,0,0,0,0,24,0,33,8,3,0,0,5,1,0,0,1,1,0,0,1,0,0,0,0,24,4,2,2,0,0,0,0,0,speac103,willc106,pattp102,perkb101,wilsj106,bensg101,dunnj104,harrc104,mcdow101,mcdow101,perkb101,harrc104,pattp102,wilsj106,willc106,dunnj104,bensg101,speac103,,19390604,2,NYC16,v,NY5,0,1,0,regular,y,d
NY5193906042,NY5,0,0,3,0,1,0,0,1,,,,,,,,,,,,,,,,,,,,,4,scalg101,value,33,31,5,8,3,0,0,4,1,0,1,0,0,1,0,0,1,0,2,27,0,41,12,1,0,2,4,4,1,0,1,1,0,0,0,0,1,0,0,27,0,0,0,0,0,0,1,0,campd103,millf106,currg102,brooa101,washj102,wrigz102,palmc101,scalg101,mcdut101,mcdut101,palmc101,washj102,campd103,scalg101,millf106,brooa101,currg102,wrigz102,,19390604,2,NYC16,h,PH5,1,0,0,regular,y,d
PH5193906101,NY5,0,0,1,0,3,0,1,0,0,0,0,,,,,,,,,,,,,,,,,,7,scalg101,value,45,41,5,8,0,0,0,,0,,0,4,0,,0,,,0,,32,,49,13,1,0,0,6,,2,0,,0,0,0,0,1,0,,0,32,,0,0,0,0,0,0,,campd103,millf106,cannw101,palmc101,wrigz102,burgr101,currg102,scalg101,stann101,stann101,palmc101,cannw101,campd103,scalg101,millf106,burgr101,currg102,wrigz102,,19390610,1,PHI17,v,PH5,0,1,0,regular,y,
PH5193906101,PH5,0,1,2,0,1,0,0,1,0,0,1,,,,,,,,,,,,,,,,,,11,wilsj106,value,49,46,6,13,1,0,0,,0,1,0,2,0,,0,,,0,,33,,45,8,0,0,0,5,,4,0,,0,0,0,0,,0,,0,33,,0,0,0,0,0,0,,speac103,willc106,pattp102,perkb101,bensg101,dunnj104,wilsj106,harrc104,missj102,missj102,perkb101,harrc104,pattp102,wilsj106,willc106,dunnj104,bensg101,speac103,,19390610,1,PHI17,h,NY5,1,0,0,regular,y,
PH5193906102,NY5,2,0,0,0,1,0,0,,,,,,,,,,,,,,,,,,,,,,7,scalg101,value,31,29,3,7,0,0,0,,0,,0,2,,,0,,,0,,18,,26,5,0,0,1,4,,1,,,0,0,0,0,,0,,0,18,6,0,0,0,0,0,0,,campd103,millf106,currg102,brooa101,wrigz102,cannw101,scalg101,clarb107,mcdut101,mcdut101,clarb107,cannw101,campd103,scalg101,millf106,brooa101,currg102,wrigz102,,19390610,2,PHI17,v,PH5,0,1,0,regular,y,
PH5193906102,PH5,1,0,0,2,0,1,,,,,,,,,,,,,,,,,,,,,,,4,wilsj106,value,26,25,4,5,0,0,1,,0,,0,1,,,0,,,0,,21,,31,7,0,0,0,3,,2,,,0,0,0,0,,0,,0,21,5,0,0,0,0,0,0,,speac103,willc106,pattp102,bensg101,perkb101,dunnj104,harrc104,ellir105,mcheh101,mcheh101,perkb101,harrc104,pattp102,dunnj104,willc106,ellir105,bensg101,speac103,,19390610,2,PHI17,h,NY5,1,0,0,regular,y,
NW2193906210,NY5,0,0,0,0,1,2,3,2,1,,,,,,,,,,,,,,,,,,,,,scalg101,value,,,9,13,,,,,,,,,,,,,,,,27,,,11,,,,8,,,,,,,,,,,,,27,,1,,0,,,,,,,,,,,,,,stann101,clarb107,,,,,,,,,19390621,0,RIC05,v,NW2,1,0,0,exhibition,,
NW2193906210,NW2,0,0,0,0,2,2,1,2,1,,,,,,,,,,,,,,,,,,,,,lundd103,value,,,8,11,,,,,,,,,,,,,,,,27,,,13,,,,9,,,,,,,,,,,,,27,,2,,0,,,,,,,,,,,,,,hillj104,hayej104,,,,,,,,,19390621,0,RIC05,h,NY5,0,1,0,exhibition,,
NW2193906220,NY5,0,0,3,0,2,0,4,1,0,,,,,,,,,,,,,,,,,,,,,scalg101,value,,,10,17,,,,,,,,,,,,,,,,27,,,9,,,,5,,,,,,,,,,,,,27,,2,,0,,,,,,,,,,,,,,willr106,clarb107,,,,,,,,,19390622,0,CHA03,v,NW2,1,0,0,exhibition,,
NW2193906220,NW2,0,0,0,1,1,0,2,0,1,,,,,,,,,,,,,,,,,,,,,lundd103,value,,,5,9,,,,2,,,,,,,,,,,,27,,,17,,,,10,,,,,,,,,,,,,27,,0,,0,,,,,,,,,,,,,,hubew101,ruffl101,,,,,,,,,19390622,0,CHA03,h,NY5,0,1,0,exhibition,,
NW2193906241,NY5,,,,,,,,,,,,,,,,,,,,,,,,,,,,,,scalg101,value,,,4,,,,,,,,,,,,,,,,,24,,,,,,,6,,,,,,,,,,,,,24,,,,,,,,,,,,,,,,,,,,,,,,,,,,19390624,1,WSL01,v,NW2,0,1,0,exhibition,,
NW2193906241,NW2,,,,,,,,,,,,,,,,,,,,,,,,,,,,,,lundd103,value,,,6,,,,,,,,,,,,,,,,,27,,,,,,,4,,,,,,,,,,,,,27,,,,,,,,,,,,,,,,,,,,,,,,,,,,19390624,1,WSL01,h,NY5,1,0,0,exhibition,,
NW2193906242,NY5,,,,,,,,,,,,,,,,,,,,,,,,,,,,,,scalg101,value,,,3,,,,,,,,,,,,,,,,,24,,,,,,,17,,,,,,,,,,,,,24,,,,,,,,,,,,,,,,,,,,,,,,,,,,19390624,2,WSL01,v,NW2,0,1,0,exhibition,,
NW2193906242,NW2,,,,,,,,,,,,,,,,,,,,,,,,,,,,,,lundd103,value,,,17,,,,,,,,,,,,,,,,,27,,,,,,,3,,,,,,,,,,,,,27,,,,,,,,,,,,,,,,,,,,,,,,,,,,19390624,2,WSL01,h,NY5,1,0,0,exhibition,,
NW2193906251,NY5,0,1,0,0,0,0,0,1,2,,,,,,,,,,,,,,,,,,,,9,scalg101,value,40,32,4,11,1,1,0,4,1,0,0,7,0,2,0,0,1,0,0,24,0,46,19,2,0,5,14,11,5,0,4,0,0,0,0,0,1,1,0,24,11,3,1,0,0,0,1,1,currg102,millf106,cannw101,wrigz102,scalg101,burgr101,clarb107,washj102,hollb106,hollb106,clarb107,washj102,cannw101,scalg101,millf106,burgr101,currg102,wrigz102,,19390625,1,NOR05,v,NW2,0,1,0,regular,y,d
NW2193906251,NW2,2,1,3,1,2,2,0,3,,,,,,,,,,,,,,,,,,,,,8,lundd103,value,46,41,14,19,2,0,5,12,0,0,0,5,0,4,1,1,1,0,0,27,0,40,11,1,1,0,4,3,7,0,2,0,0,0,1,0,0,0,1,27,13,0,1,0,1,0,0,0,wellw101,seayd101,stone101,suttm101,wilsf104,irvim101,pearl102,hayej104,hillj104,hillj104,hayej104,suttm101,seayd101,irvim101,wellw101,wilsf104,pearl102,stone101,,19390625,1,NOR05,h,NY5,1,0,0,regular,y,d
NY5193906252,NW2,0,0,0,1,2,0,0,,,,,,,,,,,,,,,,,,,,,,5,lundd103,value,29,27,3,6,0,0,1,3,0,0,0,2,0,4,0,0,0,0,2,18,3,29,5,1,0,1,3,1,7,0,2,0,0,0,0,1,0,0,0,18,8,1,1,0,0,0,0,0,wellw101,seayd101,stone101,suttm101,wilsf104,irvim101,pearl102,ruffl101,day-l101,day-l101,ruffl101,suttm101,seayd101,irvim101,wellw101,wilsf104,pearl102,stone101,,19390625,2,NOR05,v,NY5,0,0,1,regular,y,d
NY5193906252,NY5,0,1,0,0,2,0,0,,,,,,,,,,,,,,,,,,,,,,8,scalg101,value,29,21,3,5,1,0,1,2,0,1,0,7,0,2,0,0,0,0,1,21,0,29,6,0,0,1,3,3,2,0,4,0,0,0,0,0,0,0,0,21,9,3,1,0,0,0,0,0,currg102,millf106,brooa101,cannw101,washj102,campd103,wrigz102,clarb107,mcdut101,mcdut101,clarb107,washj102,campd103,cannw101,millf106,brooa101,currg102,wrigz102,,19390625,2,NOR05,h,NW2,0,0,1,regular,y,d
PH5193907011,NY5,0,0,0,0,0,0,0,0,0,,,,,,,,,,,,,,,,,,,,3,scalg101,value,30,26,0,4,0,0,0,0,3,0,0,1,0,0,0,0,0,0,0,24,0,32,11,1,0,0,2,1,0,0,0,0,0,0,2,0,0,0,1,24,0,0,0,0,1,0,0,0,campd103,millf106,cannw101,wrigz102,biotc101,barkm101,washj102,clarb107,stann101,stann101,clarb107,washj102,campd103,cannw101,millf106,barkm101,biotc101,wrigz102,,19390701,1,PHI17,v,PH5,0,1,0,regular,y,d
PH5193907011,PH5,2,0,0,0,0,0,0,0,,,,,,,,,,,,,,,,,,,,,6,dunnj104,value,32,30,2,11,1,0,0,1,2,0,0,0,0,0,0,0,0,0,0,27,0,30,4,0,0,0,0,0,1,0,0,0,0,0,3,0,0,0,0,27,0,0,0,0,0,0,0,0,pattp102,willc106,wilsj106,palmc101,harrc104,dunnj104,bensg101,speac103,missj102,missj102,palmc101,harrc104,pattp102,wilsj106,willc106,dunnj104,bensg101,speac103,,19390701,1,PHI17,h,NY5,1,0,0,regular,y,d
PH5193907012,NY5,0,0,0,0,0,0,0,,,,,,,,,,,,,,,,,,,,,,5,scalg101,value,26,24,0,4,0,0,0,0,1,0,0,1,0,0,0,0,0,0,0,18,0,27,6,0,0,0,2,1,3,0,0,0,0,0,1,0,3,0,0,18,7,1,0,0,0,0,3,0,biotc101,millf106,cannw101,wrigz102,brooa101,campd103,washj102,clarb107,browj112,browj112,clarb107,washj102,campd103,cannw101,millf106,brooa101,biotc101,wrigz102,,19390701,2,PHI17,v,PH5,0,1,0,regular,y,d
PH5193907012,PH5,0,0,1,0,1,0,,,,,,,,,,,,,,,,,,,,,,,7,dunnj104,value,27,23,2,6,0,0,0,1,1,0,0,3,0,0,3,0,0,0,0,21,0,26,4,0,0,0,0,0,1,0,0,0,0,0,1,0,0,0,0,21,8,0,0,0,0,0,0,0,pattp102,willc106,wilsj106,palmc101,harrc104,bensg101,dunnj104,speac103,mincp101,mincp101,palmc101,harrc104,pattp102,wilsj106,willc106,dunnj104,bensg101,speac103,,19390701,2,PHI17,h,NY5,1,0,0,regular,y,d
NY5193907022,BLG,0,0,1,0,0,0,0,0,3,,,,,,,,,,,,,,,,,,,,13,snowf101,value,44,39,4,12,2,1,0,4,1,0,1,3,0,7,0,0,0,0,1,27,0,32,7,0,0,0,0,0,0,0,3,0,0,0,0,0,0,1,0,27,14,0,1,0,0,0,0,1,kimbh102,hughs101,wrigb104,westj102,snowf101,hoskb101,rivec101,mackb102,gainj102,gainj102,mackb102,westj102,hughs101,rivec101,snowf101,hoskb101,kimbh102,wrigb104,,19390702,2,NYC16,v,NY5,1,0,0,regular,y,d
NY5193907022,NY5,0,0,0,0,0,0,0,0,0,,,,,,,,,,,,,,,,,,,,5,scalg101,value,32,32,0,7,0,0,0,0,0,0,0,0,0,3,0,1,0,0,0,27,0,44,12,2,1,0,4,3,3,0,7,1,0,0,1,0,0,0,0,27,10,3,0,0,0,0,0,0,campd103,millf106,cannw101,wrigz102,barkm101,biotc101,washj102,clarb107,mcdut101,mcdut101,clarb107,washj102,campd103,cannw101,millf106,barkm101,biotc101,wrigz102,,19390702,2,NYC16,h,BLG,0,1,0,regular,y,d
NY5193907041,NW2,0,0,0,0,0,2,0,1,0,,,,,,,,,,,,,,,,,,,,7,lundd103,value,37,36,3,11,0,0,1,2,0,,0,1,,3,0,,,0,,27,,35,5,1,0,0,1,,4,,2,0,1,0,0,,0,,1,27,18,2,1,0,1,1,0,,wellw101,seayd101,stone101,suttm101,irvim101,wilsf104,pearl102,hayej104,hillj104,hillj104,hayej104,suttm101,seayd101,irvim101,wellw101,wilsf104,pearl102,stone101,,19390704,1,NYC23,v,NY5,1,0,0,regular,y,
NY5193907041,NY5,0,1,0,0,0,0,0,0,0,,,,,,,,,,,,,,,,,,,,7,scalg101,value,35,31,1,5,1,0,0,1,0,,0,4,,2,0,,,0,,27,,37,11,0,0,1,3,,1,,3,0,0,0,0,,0,,0,27,14,2,2,0,0,0,0,,biotc101,millf106,cannw101,wrigz102,scalg101,barkm101,washj102,clarb107,hollb106,hollb106,clarb107,washj102,cannw101,scalg101,millf106,barkm101,biotc101,wrigz102,,19390704,1,NYC23,h,NW2,0,1,0,regular,y,
NY5193907042,NW2,0,0,0,0,0,0,0,,,,,,,,,,,,,,,,,,,,,,7,lundd103,value,28,24,0,4,1,0,0,0,0,0,0,4,,3,1,,,0,,18,,35,7,1,3,0,7,,8,,2,1,1,0,3,,0,,1,18,8,2,1,0,1,1,0,,wellw101,seayd101,stone101,suttm101,irvim101,wilsf104,pearl102,ruffl101,browj115,browj115,ruffl101,suttm101,seayd101,irvim101,wellw101,wilsf104,pearl102,stone101,,19390704,2,NYC23,v,NY5,0,1,0,regular,y,
NY5193907042,NY5,0,2,1,1,3,0,,,,,,,,,,,,,,,,,,,,,,,10,scalg101,value,35,23,7,7,1,3,0,6,3,,1,8,,2,0,,,0,,21,,28,4,1,0,0,0,0,4,,3,0,0,0,0,0,1,,0,21,14,2,3,0,0,0,1,,campd103,millf106,brooa101,washj102,cannw101,currg102,wrigz102,clarb107,browj112,browj112,clarb107,washj102,campd103,cannw101,millf106,currg102,brooa101,wrigz102,,19390704,2,NYC23,h,NW2,1,0,0,regular,y,
NW2193907130,NY5,2,0,1,0,0,0,0,1,0,,,,,,,,,,,,,,,,,,,,10,scalg101,value,41,32,4,10,0,0,0,4,1,0,0,8,0,4,0,2,0,0,0,25,0,41,11,0,0,2,5,4,7,0,0,0,0,0,2,1,0,3,0,25,1,1,0,0,0,0,0,3,campd103,millf106,currg102,brooa101,washj102,barkm101,burgr101,clarb107,stann101,stann101,clarb107,washj102,campd103,burgr101,millf106,barkm101,currg102,brooa101,,19390713,0,NWK04,v,NW2,0,1,0,regular,y,d
NW2193907130,NW2,0,1,1,1,1,0,0,0,1,,,,,,,,,,,,,,,,,,,,11,lundd103,value,41,31,5,11,0,0,2,5,2,1,0,7,0,0,0,3,0,0,1,27,0,41,10,0,0,0,4,4,8,0,4,0,0,0,1,0,0,2,0,27,0,1,0,0,0,0,0,2,wellw101,seayd101,stone101,suttm101,pearl102,irvim101,riddv101,ruffl101,browj115,browj115,ruffl101,suttm101,seayd101,riddv101,wellw101,pearl102,irvim101,stone101,,19390713,0,NWK04,h,NY5,1,0,0,regular,y,d
NW2193907161,NY5,0,0,0,0,2,0,0,0,0,,,,,,,,,,,,,,,,,,,,9,scalg101,value,38,32,2,6,0,0,0,2,1,0,0,5,0,4,0,0,0,0,0,24,0,44,17,0,0,2,12,12,2,0,0,0,0,0,0,0,0,0,0,24,0,2,0,0,0,0,0,0,currg102,millf106,cannw101,washj102,wrigz102,campd103,barkm101,clarb107,hollb106,hollb106,clarb107,washj102,campd103,cannw101,millf106,barkm101,currg102,wrigz102,,19390716,1,NWK04,v,NW2,0,1,0,regular,y,d
NW2193907161,NW2,3,0,1,2,0,4,0,2,,,,,,,,,,,,,,,,,,,,,8,lundd103,value,44,42,12,17,0,0,2,12,0,0,0,2,0,0,0,0,0,0,1,27,0,38,6,0,0,0,2,2,5,0,4,0,0,0,1,0,0,0,0,27,0,0,0,0,0,0,0,0,wellw101,seayd101,stone101,suttm101,wilsf104,irvim101,hayej104,riddv101,day-l101,day-l101,hayej104,suttm101,seayd101,riddv101,wellw101,wilsf104,irvim101,stone101,,19390716,1,NWK04,h,NY5,1,0,0,regular,y,d
NW2193907162,NY5,3,0,1,0,0,0,1,,,,,,,,,,,,,,,,,,,,,,6,scalg101,value,32,22,5,4,0,0,0,5,2,0,0,8,0,0,0,0,1,0,0,21,0,27,6,1,0,0,3,2,0,0,0,0,0,0,0,0,0,0,0,21,0,1,0,0,0,0,0,0,currg102,barkm101,washj102,cannw101,brooa101,millf106,campd103,clarb107,mcdut101,mcdut101,clarb107,washj102,cannw101,barkm101,millf106,brooa101,currg102,campd103,,19390716,2,NWK04,v,NW2,1,0,0,regular,y,d
NW2193907162,NW2,0,1,0,1,0,1,0,,,,,,,,,,,,,,,,,,,,,,3,lundd103,value,27,27,3,6,1,0,0,3,0,0,0,0,0,0,0,0,0,0,0,21,0,32,4,0,0,0,5,5,8,0,0,0,0,0,2,0,0,0,0,21,2,0,1,0,0,0,0,0,wellw101,seayd101,stone101,suttm101,pearl102,irvim101,mackb102,riddv101,cozah101,cozah101,mackb102,suttm101,seayd101,riddv101,wellw101,pearl102,irvim101,stone101,,19390716,2,NWK04,h,NY5,0,1,0,regular,y,d
PH5193907221,NY5,4,0,0,1,0,0,3,0,1,,,,,,,,,,,,,,,,,,,,11,scalg101,value,47,42,9,13,1,0,1,8,0,,0,5,0,,0,,,0,,24,,52,21,1,1,4,18,,8,0,,0,0,0,0,,0,,0,24,,3,0,0,0,0,0,,burgr101,barkm101,cannw101,wrigz102,washj102,scalg101,millf106,clarb107,willr106,willr106,clarb107,washj102,cannw101,scalg101,millf106,burgr101,barkm101,wrigz102,,19390722,1,PHI17,v,PH5,0,1,0,regular,y,
PH5193907221,PH5,0,3,0,0,5,0,10,0,,,,,,,,,,,,,,,,,,,,,10,dunnj104,value,52,44,18,21,1,1,4,14,0,,0,8,0,,0,,,0,,27,,47,13,1,0,1,9,,5,0,,0,0,0,0,,0,0,0,27,16,1,0,0,0,0,0,0,parnr102,willc106,pattp102,wilsj106,bensg101,westj102,harrc104,dunnj104,missj102,missj102,harrc104,westj102,pattp102,wilsj106,willc106,parnr102,bensg101,dunnj104,,19390722,1,PHI17,h,NY5,1,0,0,regular,y,
PH5193907222,NY5,3,0,0,0,0,0,4,,,,,,,,,,,,,,,,,,,,,,4,scalg101,value,32,29,7,7,0,0,4,7,0,,0,3,,,0,,,0,,21,,30,9,1,0,1,6,,4,0,,0,0,0,0,,0,,0,21,,0,0,0,0,0,0,,barkm101,scalg101,washj102,brooa101,cannw101,wrigz102,millf106,clarb107,stann101,stann101,clarb107,washj102,cannw101,scalg101,millf106,brooa101,barkm101,wrigz102,,19390722,2,PHI17,v,PH5,1,0,0,regular,y,
PH5193907222,PH5,3,3,0,0,0,0,0,,,,,,,,,,,,,,,,,,,,,,3,dunnj104,value,30,26,6,9,1,0,1,6,0,,0,4,0,,0,,,0,,21,,32,7,0,0,4,7,,3,,,0,0,0,0,,0,,0,21,7,1,0,0,0,0,0,,parnr102,willc106,pattp102,harrc104,dunnj104,westj102,bensg101,coopb101,mcheh101,mcheh101,coopb101,westj102,pattp102,harrc104,willc106,parnr102,bensg101,dunnj104,,19390722,2,PHI17,h,NY5,0,1,0,regular,y,
NY5193907232,NY6,0,0,0,0,0,0,0,0,0,,,,,,,,,,,,,,,,,,,,5,fernj101,value,32,29,0,2,0,0,0,0,0,0,0,3,0,6,0,0,0,0,0,24,0,40,7,1,0,1,4,2,7,0,5,0,0,0,1,0,3,0,0,24,14,4,0,0,0,0,3,0,valdf101,rodra102,vargj101,miraa101,herer101,lopec102,carae101,casem101,ruizs101,ruizs101,casem101,miraa101,rodra102,herer101,valdf101,vargj101,lopec102,carae101,,19390723,2,NYC16,v,NY5,0,1,0,regular,y,d
NY5193907232,NY5,1,1,0,0,2,0,0,0,,,,,,,,,,,,,,,,,,,,,12,scalg101,value,40,32,4,7,1,0,1,3,1,0,0,7,0,5,3,0,0,0,3,27,0,32,2,0,0,0,0,0,3,0,6,0,0,0,0,0,0,0,0,27,10,1,0,0,0,0,0,0,campd103,barkm101,washj102,brooa101,cannw101,wrigz102,millf106,clarb107,mcdut101,mcdut101,clarb107,washj102,campd103,cannw101,millf106,brooa101,barkm101,wrigz102,,19390723,2,NYC16,h,NY6,1,0,0,regular,y,d
BLG193907301,NY5,1,0,0,0,0,0,0,0,0,,,,,,,,,,,,,,,,,,,,,scalg101,value,,,1,7,,,,,,,,,,,,,,,,24,,,6,,,,2,,,,,,,,,,,,,24,,1,,0,,,,,,,,,,,,,,mcdut101,clarb107,,,,,,,,,19390730,1,IND10,v,BLG,0,1,0,regular,,
BLG193907301,BLG,0,0,0,0,0,0,0,2,,,,,,,,,,,,,,,,,,,,,,snowf101,value,,,2,6,,,,,,,,,,,,,,,,27,,,7,,,,1,,,,,,,,,,,,,27,,1,,0,,,,,,,,,,,,,,byrdb101,campr102,,,,,,,,,19390730,1,IND10,h,NY5,1,0,0,regular,,
BLG193907302,NY5,3,1,0,0,0,0,1,,,,,,,,,,,,,,,,,,,,,,,scalg101,value,,,5,10,,,,,,,,,,,,,,,,21,,,6,,,,2,,,,,,,,,,,,,21,,1,,0,,,,,,,,,,,,,,willr106,brooa101,,,,,,,,,19390730,2,IND10,v,BLG,1,0,0,regular,,
BLG193907302,BLG,0,0,0,0,0,0,2,,,,,,,,,,,,,,,,,,,,,,,snowf101,value,,,2,6,,,,,,,,,,,,,,,,21,,,10,,,,5,,,,,,,,,,,,,21,,1,,0,,,,,,,,,,,,,,adame101,campr102,,,,,,,,,19390730,2,IND10,h,NY5,0,1,0,regular,,
BLG193908010,NY5,,,,,,,,,,,,,,,,,,,,,,,,,,,,,,scalg101,value,,,3,6,,,,,,,,,,,,,,,,24,,,8,,,,4,,,,,,,,,,,,,24,,2,,0,,,,,,,,,,,,,,stann101,brooa101,,,,,,,,,19390801,0,BIR01,v,BLG,0,1,0,regular,,
BLG193908010,BLG,,,,,,,,,,,,,,,,,,,,,,,,,,,,,,snowf101,value,,,4,8,,,,,,,,,,,,,,,,27,,,6,,,,3,,,,,,,,,,,,,27,,1,,0,,,,,,,,,,,,,,gainj102,boono101,,,,,,,,,19390801,0,BIR01,h,NY5,1,0,0,regular,,
NY5193908030,BLG,0,0,0,2,0,0,0,0,0,,,,,,,,,,,,,,,,,,,,,snowf101,value,,,2,,,,,,,,,,,,,,,,,24,,,,,,,4,,,,,,,,,,,,,24,,0,,0,,,,,,,,,,,,,,adame101,boono101,,,,,,,,,19390803,0,MTG01,v,NY5,0,1,0,exhibition,,
NY5193908030,NY5,0,1,0,0,1,2,0,0,,,,,,,,,,,,,,,,,,,,,,scalg101,value,,,4,,,,,,,,,,,,,,,,,27,,,,,,,2,,,,,,,,,,,,,27,,0,,0,,,,,,,,,,,,,,mcdut101,clarb107,,,,,,,,,19390803,0,MTG01,h,BLG,1,0,0,exhibition,,
NY5193908062,SSA,2,5,0,0,0,1,0,,,,,,,,,,,,,,,,,,,,,,,mitcg101,value,,,8,9,,,1,,,,,,,,,,,,,18,,,9,,,,10,,,,,,,,,,,,,18,,3,,0,,,,,,,,,,,,,,blacc103,taylr102,,,,,,,,,19390806,2,NOL01,v,NY5,0,1,0,exhibition,,
NY5193908062,NY5,5,1,0,3,0,1,,,,,,,,,,,,,,,,,,,,,,,,scalg101,value,,,10,9,,,,,,,,,,,,,,,,21,,,9,,,1,8,,,,,,,,,,,,,21,,1,,0,,,,,,,,,,,,,,willr106,brooa101,,,,,,,,,19390806,2,NOL01,h,SSA,1,0,0,exhibition,,
SSA193908061,NY5,1,0,0,0,0,2,0,1,0,,,,,,,,,,,,,,,,,,,,6,scalg101,value,37,35,4,10,1,0,0,4,0,0,0,2,0,3,0,0,0,0,1,27,0,35,4,1,0,0,0,0,3,0,9,0,0,0,1,0,0,0,0,27,8,1,0,0,0,0,0,0,campd103,millf106,washj102,brooa101,cannw101,wrigz102,benju101,clarb107,stann101,stann101,clarb107,washj102,campd103,cannw101,millf106,benju101,brooa101,wrigz102,,19390806,1,NOL01,v,SSA,1,0,0,exhibition,y,d
SSA193908061,SSA,0,0,0,0,0,0,0,0,0,,,,,,,,,,,,,,,,,,,,8,mitcg101,value,35,31,0,4,1,0,0,0,1,0,0,3,0,9,0,0,0,0,1,27,0,37,10,1,0,0,4,4,2,0,3,0,0,0,0,0,0,0,1,27,10,2,1,1,1,0,0,0,greel102,robib105,riddm101,fordj101,maywe101,taylr102,bradb107,joneu104,calhl101,calhl101,taylr102,maywe101,riddm101,robib105,fordj101,joneu104,greel102,bradb107,,19390806,1,NOL01,h,NY5,0,1,0,exhibition,y,d
PH5193908100,NY5,2,0,0,1,0,0,2,0,0,,,,,,,,,,,,,,,,,,,,10,scalg101,value,42,38,5,10,0,0,0,,0,,0,4,0,8,0,,,0,,24,,36,9,2,0,2,8,,2,0,,0,0,0,0,,0,,0,24,,0,0,0,0,0,0,,currg102,barkm101,cannw101,wrigz102,washj102,scalg101,brooa101,millf106,browj112,browj112,brooa101,washj102,cannw101,scalg101,millf106,barkm101,currg102,wrigz102,,19390810,0,PHI17,v,PH5,0,1,0,regular,y,
PH5193908100,PH5,0,0,0,0,4,2,1,1,,,,,,,,,,,,,,,,,,,,,4,dunnj104,value,36,34,8,9,2,0,2,,0,,0,2,0,,0,,,0,,27,,42,10,0,0,0,5,,4,0,8,0,0,0,0,,0,0,0,27,,0,0,0,0,0,0,0,parnr102,willc106,pattp102,wilsj106,dunnj104,westj102,bensg101,ruffl101,welmr101,welmr101,ruffl101,westj102,pattp102,wilsj106,willc106,parnr102,bensg101,dunnj104,,19390810,0,PHI17,h,NY5,1,0,0,regular,y,
NY5193908132,HOM,0,0,4,1,0,2,0,3,0,,,,,,,,,,,,,,,,,,,,9,harrv102,value,46,40,10,11,1,1,1,9,0,1,0,5,1,7,0,0,0,0,3,27,0,44,13,0,0,0,5,4,3,0,1,0,0,0,1,0,0,0,0,27,16,2,1,0,0,0,0,0,whatd101,banks101,leonb101,gibsj101,speah101,harrv102,davic106,jackj104,browr103,browr103,gibsj101,leonb101,banks101,speah101,jackj104,harrv102,davic106,whatd101,,19390813,2,NYC16,v,NY5,1,0,0,regular,y,d
NY5193908132,NY5,1,0,1,0,1,2,0,0,0,,,,,,,,,,,,,,,,,,,,12,scalg101,value,44,40,5,13,0,0,0,5,1,0,0,3,0,1,0,0,1,0,2,27,0,46,11,1,1,1,10,6,5,1,7,0,0,0,0,1,0,0,0,27,12,3,0,0,0,0,0,0,campd103,currg102,washj102,wrigz102,brooa101,cannw101,millf106,clarb107,stann101,stann101,clarb107,washj102,campd103,cannw101,millf106,brooa101,currg102,wrigz102,,19390813,2,NYC16,h,HOM,0,1,0,regular,y,d
BLG193908201,NY5,,,,,,,,,,,,,,,,,,,,,,,,,,,,,,scalg101,value,,,4,,,,,,,,,,,,,,,,,27,,,,,,,3,,,,,,,,,,,,,27,,,,,,,,,,,,,,,,,,,,,,,,,,,,19390820,1,BAL10,v,BLG,1,0,0,regular,,
BLG193908201,BLG,,,,,,,,,,,,,,,,,,,,,,,,,,,,,,snowf101,value,,,3,,,,,,,,,,,,,,,,,27,,,,,,,4,,,,,,,,,,,,,27,,,,,,,,,,,,,,,,,,,,,,,,,,,,19390820,1,BAL10,h,NY5,0,1,0,regular,,
BLG193908202,NY5,,,,,,,,,,,,,,,,,,,,,,,,,,,,,,scalg101,value,,,2,,,,,,,,,,,,,,,,,21,,,,,,,1,,,,,,,,,,,,,21,,,,,,,,,,,,,,,,,,,,,,,,,,,,19390820,2,BAL10,v,BLG,1,0,0,regular,,
BLG193908202,BLG,,,,,,,,,,,,,,,,,,,,,,,,,,,,,,snowf101,value,,,1,,,,,,,,,,,,,,,,,21,,,,,,,2,,,,,,,,,,,,,21,,,,,,,,,,,,,,,,,,,,,,,,,,,,19390820,2,BAL10,h,NY5,0,1,0,regular,,
PH5193908261,NY5,,,,,,,,,,,,,,,,,,,,,,,,,,,,,,scalg101,value,,,3,,,,,,,,,,,,,,,,,24,,,8,,1,,4,,,,,,,,,,,,,24,,0,,0,,,,,,,,,,,,,,,,,,,,,,,,19390826,1,PHI17,v,PH5,0,1,0,regular,,
PH5193908261,PH5,,,,,,,,3,,,,,,,,,,,,,,,,,,,,,,dunnj104,value,,,4,8,,1,,3,,,,,,,,,,,,27,,,,,,,3,,,,,,,,,,,,,27,,0,,0,,,,,,,,,,,,,,thoms105,,,,,,,,,,19390826,1,PHI17,h,NY5,1,0,0,regular,,
PH5193908262,NY5,,,,,,,,,,,,,,,,,,,,,,,,,,,,,,scalg101,value,,,8,,,,,,,,,,,,,,,,,18,,,12,,,,10,,,,,,,,,,,,,18,,0,,0,,,,,,,,,,,,,,,,,,,,,,,,19390826,2,PHI17,v,PH5,0,1,0,regular,,
PH5193908262,PH5,,,,,,,,,,,,,,,,,,,,,,,,,,,,,,dunnj104,value,,,10,12,,,,,,,,,,,,,,,,21,,,,,,,8,,,,,,,,,,,,,21,,0,,0,,,,,,,,,,,,,,thoms105,,,,,,,,,,19390826,2,PHI17,h,NY5,1,0,0,regular,,
HOM193908272,NY5,0,1,0,0,0,1,0,,,,,,,,,,,,,,,,,,,,,,6,scalg101,value,29,25,2,5,1,0,0,2,1,1,0,2,0,1,2,0,0,0,1,21,0,29,9,0,0,0,2,2,1,0,2,0,0,0,0,1,0,0,0,21,7,0,2,0,0,0,0,0,campd103,clarb107,wrigz102,washj102,barkm101,millf106,burgr101,biotc101,browj112,browj112,clarb107,washj102,campd103,barkm101,millf106,burgr101,biotc101,wrigz102,,19390827,2,WAS09,v,HOM,0,0,1,exhibition,y,d
HOM193908272,HOM,0,1,0,0,0,1,0,,,,,,,,,,,,,,,,,,,,,,6,harrv102,value,29,27,2,9,0,0,0,2,0,1,0,1,0,2,0,0,2,0,0,21,0,29,5,1,0,0,2,2,2,0,1,0,0,0,1,1,2,0,0,21,10,1,0,0,0,0,2,0,whatd101,jackj104,banks101,speah101,browr103,parkt101,davic106,browj116,walke103,walke103,browj116,browr103,banks101,speah101,jackj104,parkt101,davic106,whatd101,,19390827,2,WAS09,h,NY5,0,0,1,exhibition,y,d
NY5193908271,NW2,0,0,0,1,0,0,0,0,0,,,,,,,,,,,,,,,,,,,,6,lundd103,value,34,31,1,7,1,1,0,1,1,0,0,2,0,3,1,0,0,0,0,24,0,33,7,0,1,0,2,2,1,0,3,0,0,0,2,0,0,0,0,24,10,1,0,0,0,0,0,0,echoj102,seayd101,wilsf104,suttm101,irvim101,pearl102,mackb102,hayej104,mannm101,mannm101,hayej104,mackb102,pearl102,irvim101,seayd101,suttm101,echoj102,wilsf104,,19390827,1,WAS09,v,NY5,0,1,0,exhibition,y,d
NY5193908271,NY5,0,0,0,0,0,2,0,0,,,,,,,,,,,,,,,,,,,,,7,scalg101,value,33,30,2,7,0,1,0,2,2,0,0,1,0,3,0,0,0,0,1,27,0,34,7,1,1,0,1,1,2,0,3,0,0,0,1,0,1,0,0,27,10,0,0,0,0,0,1,0,campd103,wrigz102,washj102,barkm101,millf106,burgr101,biotc101,wilsa104,willr106,willr106,wilsa104,washj102,campd103,barkm101,millf106,burgr101,biotc101,wrigz102,,19390827,1,WAS09,h,NW2,1,0,0,exhibition,y,d
NY5193908280,NY6,2,0,0,0,0,0,0,0,0,,,,,,,,,,,,,,,,,,,,7,fernj101,value,36,36,2,9,1,1,0,2,0,0,0,0,0,7,0,0,1,0,1,24,0,34,10,3,1,0,5,5,2,0,13,0,0,0,1,0,0,2,0,24,9,0,0,0,0,0,0,2,valdf101,rodra102,vargj101,aranp101,casem101,carae101,lopec102,pagep102,tianl102,tianl102,casem101,pagep102,rodra102,aranp101,valdf101,vargj101,lopec102,carae101,,19390828,0,MID04,v,NY5,0,1,0,regular,y,d
NY5193908280,NY5,1,3,0,0,0,0,1,0,,,,,,,,,,,,,,,,,,,,,5,scalg101,value,34,31,5,10,3,1,0,5,1,0,0,2,0,13,0,2,0,0,0,27,0,36,9,1,1,0,2,2,0,0,7,0,0,0,0,0,0,0,0,27,11,1,1,0,0,0,0,0,campd103,millf106,barkm101,wrigz102,parkc101,washj102,burgr101,biotc101,hollb106,hollb106,parkc101,washj102,campd103,barkm101,millf106,burgr101,biotc101,wrigz102,,19390828,0,MID04,h,NY6,1,0,0,regular,y,d
NY5193909041,NY6,1,0,2,0,0,0,0,0,0,,,,,,,,,,,,,,,,,,,,,fernj101,value,,,3,11,,,,,,,,,,,,,,,,27,,,7,,,,2,2,,,1,,,,,1,,,,27,,0,,0,,,,,,,,,,,,,,martf104,casem101,,,,,,,,,19390904,1,NYC23,v,NY5,1,0,0,regular,,
NY5193909041,NY5,0,0,0,0,0,0,0,0,2,,,,,,,,,,,,,,,,,,,,,scalg101,value,,,2,7,,,,2,,1,,,,1,,,,,,27,,,11,,,,3,3,,,,,,,,,,,,27,,0,,0,,,,,,,,,,,,,,stann101,clarb107,,,,,,,,,19390904,1,NYC23,h,NY6,0,1,0,regular,,
