gid,id,team,d_seq,d_pos,stattype,d_ifouts,d_po,d_a,d_e,d_dp,d_tp,d_pb,d_wp,d_sb,d_cs,d_gs,date,number,site,vishome,opp,win,loss,tie,gametype,box,pbp,eject
BLG194704130,turnt106,CAG,1,3,value,24,11,0,0,0,0,,,,,1,19470413,0,NSH02,v,BLG,0,1,0,exhibition,y,d,
CAG194704271,turnt106,CAG,1,3,value,27,,,0,,0,0,,,,,19470427,1,CHI10,h,CVB,0,1,0,exhibition,,,
CAG194704290,turnt106,CAG,1,3,value,27,0,0,0,0,0,,,,,1,19470429,0,HUN01,h,CVB,0,1,0,exhibition,y,d,
KCM194705050,turnt106,CAG,1,3,value,27,11,2,0,0,0,,,,,1,19470505,0,KAN05,v,KCM,1,0,0,regular,y,d,
KCM194705060,turnt106,CAG,1,3,value,24,8,,0,0,0,,,,,1,19470506,0,WIC01,v,KCM,0,1,0,regular,y,,
KCM194705080,turnt106,CAG,1,3,value,24,6,0,0,0,0,,,,,1,19470508,0,KAN05,v,KCM,0,1,0,regular,y,d,
KCM194705220,turnt106,CAG,1,1,value,3,0,,0,0,0,,,,,,19470522,0,WIC01,v,KCM,0,1,0,regular,y,,
