gid,id,team,d_seq,d_pos,stattype,d_ifouts,d_po,d_a,d_e,d_dp,d_tp,d_pb,d_wp,d_sb,d_cs,d_gs,date,number,site,vishome,opp,win,loss,tie,gametype,box,pbp
HOM194404231,watkm101,NW2,1,5,value,24,0,0,1,0,0,,,,,1,19440423,1,WAS09,v,HOM,0,1,0,exhibition,y,d
HOM194404231,johnl105,NW2,1,4,value,24,1,1,0,2,0,,,,,1,19440423,1,WAS09,v,HOM,0,1,0,exhibition,y,d
HOM194404231,dandr101,NW2,1,6,value,24,1,1,1,1,0,,,,,1,19440423,1,WAS09,v,HOM,0,1,0,exhibition,y,d
HOM194404231,pearl102,NW2,1,3,value,24,1,0,0,1,0,,,,,1,19440423,1,WAS09,v,HOM,0,1,0,exhibition,y,d
HOM194404231,davij106,NW2,1,8,value,24,0,0,0,0,0,,,,,1,19440423,1,WAS09,v,HOM,0,1,0,exhibition,y,d
HOM194404231,harvb102,NW2,1,7,value,24,0,0,1,0,0,,,,,1,19440423,1,WAS09,v,HOM,0,1,0,exhibition,y,d
HOM194404231,suttm101,NW2,1,9,value,24,0,0,0,0,0,,,,,1,19440423,1,WAS09,v,HOM,0,1,0,exhibition,y,d
HOM194404231,ruffl101,NW2,1,2,value,24,1,1,0,1,0,0,0,0,0,1,19440423,1,WAS09,v,HOM,0,1,0,exhibition,y,d
HOM194404231,forrp101,NW2,1,1,value,15,0,0,0,0,0,,,,,1,19440423,1,WAS09,v,HOM,0,1,0,exhibition,y,d
HOM194404231,newcd101,NW2,1,1,value,9,0,1,0,1,0,,,,,0,19440423,1,WAS09,v,HOM,0,1,0,exhibition,y,d
HOM194404231,bellj103,HOM,1,7,value,27,0,0,0,0,0,,,,,1,19440423,1,WAS09,h,NW2,1,0,0,exhibition,y,d
HOM194404231,benjj101,HOM,1,8,value,27,0,0,0,0,0,,,,,1,19440423,1,WAS09,h,NW2,1,0,0,exhibition,y,d
HOM194404231,leonb101,HOM,1,3,value,27,0,0,1,0,0,,,,,1,19440423,1,WAS09,h,NW2,1,0,0,exhibition,y,d
HOM194404231,gibsj101,HOM,1,2,value,27,0,0,0,0,0,0,0,0,0,1,19440423,1,WAS09,h,NW2,1,0,0,exhibition,y,d
HOM194404231,wilsj106,HOM,1,5,value,27,0,0,1,0,0,,,,,1,19440423,1,WAS09,h,NW2,1,0,0,exhibition,y,d
HOM194404231,banks101,HOM,1,6,value,27,0,0,0,0,0,,,,,1,19440423,1,WAS09,h,NW2,1,0,0,exhibition,y,d
HOM194404231,hoskd101,HOM,1,9,value,27,0,0,0,0,0,,,,,1,19440423,1,WAS09,h,NW2,1,0,0,exhibition,y,d
HOM194404231,spenj103,HOM,1,4,value,27,0,0,0,0,0,,,,,1,19440423,1,WAS09,h,NW2,1,0,0,exhibition,y,d
HOM194404231,johnj110,HOM,1,1,value,9,0,0,0,0,0,,,,,1,19440423,1,WAS09,h,NW2,1,0,0,exhibition,y,d
HOM194404231,walke103,HOM,1,1,value,18,0,0,0,0,0,,,,,0,19440423,1,WAS09,h,NW2,1,0,0,exhibition,y,d
HOM194404232,ashfu101,NW2,1,2,value,12,,,,,0,,,,,1,19440423,2,WAS09,v,HOM,0,1,0,exhibition,,
HOM194404232,hookl101,NW2,1,1,value,12,,,,,0,0,,,,1,19440423,2,WAS09,v,HOM,0,1,0,exhibition,,
HOM194404232,gastr101,HOM,1,2,value,15,,,,,0,,,,,1,19440423,2,WAS09,h,NW2,1,0,0,exhibition,,
HOM194404232,hoskd101,HOM,1,1,value,15,,,,,0,0,,,,1,19440423,2,WAS09,h,NW2,1,0,0,exhibition,,
HOM194404250,cranu101,NW2,1,1,value,,,,,,0,0,,,,1,19440425,0,GRE03,v,HOM,0,1,0,exhibition,,
HOM194404250,newcd101,NW2,1,1,value,,,,,,0,0,,,,,19440425,0,GRE03,v,HOM,0,1,0,exhibition,,
HOM194404250,wynnw101,NW2,1,2,value,24,,,,,0,,,,,1,19440425,0,GRE03,v,HOM,0,1,0,exhibition,,
HOM194404250,gibsj101,HOM,1,2,value,27,,,,,0,,,,,1,19440425,0,GRE03,h,NW2,1,0,0,exhibition,,
HOM194404250,johnj110,HOM,1,1,value,,,,,,0,0,,,,,19440425,0,GRE03,h,NW2,1,0,0,exhibition,,
HOM194404250,kingd101,HOM,1,1,value,,,,,,0,0,,,,1,19440425,0,GRE03,h,NW2,1,0,0,exhibition,,
NW2194405141,sunkp101,PH5,1,7,value,24,0,0,0,0,0,,,,,1,19440514,1,NWK04,v,NW2,0,1,0,regular,y,d
NW2194405141,duckm101,PH5,1,6,value,24,0,1,0,1,0,,,,,1,19440514,1,NWK04,v,NW2,0,1,0,regular,y,d
NW2194405141,westj102,PH5,1,3,value,24,1,0,0,1,0,,,,,1,19440514,1,NWK04,v,NW2,0,1,0,regular,y,d
NW2194405141,speah101,PH5,1,5,value,24,0,0,1,0,0,,,,,1,19440514,1,NWK04,v,NW2,0,1,0,regular,y,d
NW2194405141,bensg101,PH5,1,8,value,24,0,0,0,0,0,,,,,1,19440514,1,NWK04,v,NW2,0,1,0,regular,y,d
NW2194405141,willm107,PH5,1,4,value,24,1,1,0,1,0,,,,,1,19440514,1,NWK04,v,NW2,0,1,0,regular,y,d
NW2194405141,stone101,PH5,1,9,value,24,0,0,0,0,0,,,,,1,19440514,1,NWK04,v,NW2,0,1,0,regular,y,d
NW2194405141,cashb101,PH5,1,2,value,24,0,0,3,0,0,0,0,0,0,1,19440514,1,NWK04,v,NW2,0,1,0,regular,y,d
NW2194405141,rickb102,PH5,1,1,value,24,0,0,0,0,0,,,,,1,19440514,1,NWK04,v,NW2,0,1,0,regular,y,d
NW2194405141,watkm101,NW2,1,5,value,27,0,0,0,0,0,,,,,1,19440514,1,NWK04,h,PH5,1,0,0,regular,y,d
NW2194405141,johnl105,NW2,1,4,value,27,0,0,0,0,0,,,,,1,19440514,1,NWK04,h,PH5,1,0,0,regular,y,d
NW2194405141,dandr101,NW2,1,6,value,27,0,0,0,0,0,,,,,1,19440514,1,NWK04,h,PH5,1,0,0,regular,y,d
NW2194405141,pearl102,NW2,1,3,value,27,0,0,0,0,0,,,,,1,19440514,1,NWK04,h,PH5,1,0,0,regular,y,d
NW2194405141,harvb102,NW2,1,7,value,27,0,0,0,0,0,,,,,1,19440514,1,NWK04,h,PH5,1,0,0,regular,y,d
NW2194405141,davij106,NW2,1,8,value,27,0,0,0,0,0,,,,,1,19440514,1,NWK04,h,PH5,1,0,0,regular,y,d
NW2194405141,makew101,NW2,1,9,value,18,0,0,0,0,0,,,,,1,19440514,1,NWK04,h,PH5,1,0,0,regular,y,d
NW2194405141,suttm101,NW2,1,9,value,9,0,0,0,0,0,,,,,0,19440514,1,NWK04,h,PH5,1,0,0,regular,y,d
NW2194405141,wynnw101,NW2,1,2,value,27,0,0,1,0,0,0,0,1,0,1,19440514,1,NWK04,h,PH5,1,0,0,regular,y,d
NW2194405141,hillj104,NW2,1,1,value,1,0,0,0,0,0,,,,,1,19440514,1,NWK04,h,PH5,1,0,0,regular,y,d
NW2194405141,hookl101,NW2,1,1,value,26,0,0,0,0,0,,,,,0,19440514,1,NWK04,h,PH5,1,0,0,regular,y,d
NW2194405142,browb107,PH5,1,1,value,18,,,,,,,,,,1,19440514,2,NWK04,v,NW2,0,1,0,regular,,
NW2194405142,palmc101,PH5,1,2,value,18,,,,,,,,,,1,19440514,2,NWK04,v,NW2,0,1,0,regular,,
NW2194405142,forrp101,NW2,1,1,value,,,,,,0,,,,,1,19440514,2,NWK04,h,PH5,1,0,0,regular,,
NW2194405142,jacoe102,NW2,1,1,value,,,,,,0,,,,,,19440514,2,NWK04,h,PH5,1,0,0,regular,,
NW2194405142,newcd101,NW2,1,1,value,,,,,,0,,,,,,19440514,2,NWK04,h,PH5,1,0,0,regular,,
NW2194405142,wynnw101,NW2,1,2,value,21,,,,,,,,,,1,19440514,2,NWK04,h,PH5,1,0,0,regular,,
NW2194405170,tianl102,NY6,1,1,value,24,,,,,0,,,,,1,19440517,0,NOR02,v,NW2,0,1,0,regular,,
NW2194405170,hookl101,NW2,1,1,value,27,,,0,,0,,,,,1,19440517,0,NOR02,h,NY6,1,0,0,regular,,
NW2194405211,bellj103,HOM,1,7,value,27,4,0,0,0,0,,,,,1,19440521,1,NYC15,v,NW2,1,0,0,regular,y,d
NW2194405211,benjj101,HOM,1,8,value,27,6,0,0,0,0,,,,,1,19440521,1,NYC15,v,NW2,1,0,0,regular,y,d
NW2194405211,banks101,HOM,1,4,value,27,2,4,1,1,0,,,,,1,19440521,1,NYC15,v,NW2,1,0,0,regular,y,d
NW2194405211,leonb101,HOM,1,3,value,27,9,0,0,1,0,,,,,1,19440521,1,NYC15,v,NW2,1,0,0,regular,y,d
NW2194405211,hoskd101,HOM,1,9,value,27,3,0,0,0,0,,,,,1,19440521,1,NYC15,v,NW2,1,0,0,regular,y,d
NW2194405211,gibsj101,HOM,1,2,value,27,2,0,0,0,0,0,0,0,0,1,19440521,1,NYC15,v,NW2,1,0,0,regular,y,d
NW2194405211,jackj104,HOM,1,6,value,27,1,0,0,0,0,,,,,1,19440521,1,NYC15,v,NW2,1,0,0,regular,y,d
NW2194405211,battr102,HOM,1,5,value,27,0,1,0,0,0,,,,,1,19440521,1,NYC15,v,NW2,1,0,0,regular,y,d
NW2194405211,browr103,HOM,1,1,value,27,0,4,0,1,0,,,,,1,19440521,1,NYC15,v,NW2,1,0,0,regular,y,d
NW2194405211,turnb101,NW2,1,8,value,27,5,1,0,0,0,,,,,1,19440521,1,NYC15,h,HOM,0,1,0,regular,y,d
NW2194405211,watkm101,NW2,1,5,value,27,1,2,0,0,0,,,,,1,19440521,1,NYC15,h,HOM,0,1,0,regular,y,d
NW2194405211,dandr101,NW2,1,6,value,27,6,2,2,2,0,,,,,1,19440521,1,NYC15,h,HOM,0,1,0,regular,y,d
NW2194405211,pearl102,NW2,1,3,value,21,6,1,0,2,0,,,,,1,19440521,1,NYC15,h,HOM,0,1,0,regular,y,d
NW2194405211,pearl102,NW2,2,7,value,6,0,0,0,0,0,,,,,0,19440521,1,NYC15,h,HOM,0,1,0,regular,y,d
NW2194405211,davij106,NW2,1,9,value,27,1,0,0,0,0,,,,,1,19440521,1,NYC15,h,HOM,0,1,0,regular,y,d
NW2194405211,harvb102,NW2,1,7,value,21,1,0,0,0,0,,,,,1,19440521,1,NYC15,h,HOM,0,1,0,regular,y,d
NW2194405211,suttm101,NW2,1,3,value,6,3,0,0,0,0,,,,,0,19440521,1,NYC15,h,HOM,0,1,0,regular,y,d
NW2194405211,wynnw101,NW2,1,2,value,27,4,2,0,0,0,0,0,0,1,1,19440521,1,NYC15,h,HOM,0,1,0,regular,y,d
NW2194405211,johnl105,NW2,1,4,value,27,0,2,0,1,0,,,,,1,19440521,1,NYC15,h,HOM,0,1,0,regular,y,d
NW2194405211,hookl101,NW2,1,1,value,27,0,1,0,0,0,,,,,1,19440521,1,NYC15,h,HOM,0,1,0,regular,y,d
NW2194405212,bellj103,HOM,1,7,value,27,1,0,0,0,0,,,,,1,19440521,2,NYC15,v,NW2,1,0,0,regular,y,d
NW2194405212,benjj101,HOM,1,8,value,27,2,0,0,0,0,,,,,1,19440521,2,NYC15,v,NW2,1,0,0,regular,y,d
NW2194405212,banks101,HOM,1,4,value,27,4,5,0,1,0,,,,,1,19440521,2,NYC15,v,NW2,1,0,0,regular,y,d
NW2194405212,leonb101,HOM,1,3,value,27,10,1,0,1,0,,,,,1,19440521,2,NYC15,v,NW2,1,0,0,regular,y,d
NW2194405212,hoskd101,HOM,1,9,value,27,2,0,0,0,0,,,,,1,19440521,2,NYC15,v,NW2,1,0,0,regular,y,d
NW2194405212,gibsj101,HOM,1,2,value,27,4,1,0,0,0,0,0,0,1,1,19440521,2,NYC15,v,NW2,1,0,0,regular,y,d
NW2194405212,jackj104,HOM,1,6,value,27,3,3,0,1,0,,,,,1,19440521,2,NYC15,v,NW2,1,0,0,regular,y,d
NW2194405212,battr102,HOM,1,5,value,27,0,0,0,0,0,,,,,1,19440521,2,NYC15,v,NW2,1,0,0,regular,y,d
NW2194405212,carts102,HOM,1,1,value,27,1,0,0,0,0,,,,,1,19440521,2,NYC15,v,NW2,1,0,0,regular,y,d
NW2194405212,turnb101,NW2,1,8,value,27,3,1,1,0,0,,,,,1,19440521,2,NYC15,h,HOM,0,1,0,regular,y,d
NW2194405212,watkm101,NW2,1,5,value,27,3,3,0,0,0,,,,,1,19440521,2,NYC15,h,HOM,0,1,0,regular,y,d
NW2194405212,dandr101,NW2,1,6,value,27,1,2,0,0,0,,,,,1,19440521,2,NYC15,h,HOM,0,1,0,regular,y,d
NW2194405212,pearl102,NW2,1,3,value,27,9,1,1,1,0,,,,,1,19440521,2,NYC15,h,HOM,0,1,0,regular,y,d
NW2194405212,davij106,NW2,1,9,value,27,4,0,0,0,0,,,,,1,19440521,2,NYC15,h,HOM,0,1,0,regular,y,d
NW2194405212,harvb102,NW2,1,7,value,27,3,0,0,0,0,,,,,1,19440521,2,NYC15,h,HOM,0,1,0,regular,y,d
NW2194405212,wynnw101,NW2,1,2,value,12,1,0,0,0,0,0,1,2,0,1,19440521,2,NYC15,h,HOM,0,1,0,regular,y,d
NW2194405212,cozah101,NW2,1,1,value,15,0,1,0,0,0,,,,,0,19440521,2,NYC15,h,HOM,0,1,0,regular,y,d
NW2194405212,johnl105,NW2,1,4,value,27,2,2,0,1,0,,,,,1,19440521,2,NYC15,h,HOM,0,1,0,regular,y,d
NW2194405212,forrp101,NW2,1,1,value,1,0,0,0,0,0,,,,,1,19440521,2,NYC15,h,HOM,0,1,0,regular,y,d
NW2194405212,jacoe102,NW2,1,1,value,11,0,1,0,0,0,,,,,0,19440521,2,NYC15,h,HOM,0,1,0,regular,y,d
NW2194405212,browu102,NW2,1,2,value,15,1,1,0,0,0,0,1,1,1,0,19440521,2,NYC15,h,HOM,0,1,0,regular,y,d
NW2194405281,baker101,NY5,1,6,value,24,0,1,0,1,0,,,,,1,19440528,1,NWK04,v,NW2,0,1,0,regular,y,d
NW2194405281,barkm101,NY5,1,8,value,24,0,0,1,0,0,,,,,1,19440528,1,NWK04,v,NW2,0,1,0,regular,y,d
NW2194405281,willh105,NY5,1,2,value,24,0,0,1,0,0,0,0,0,0,1,19440528,1,NWK04,v,NW2,0,1,0,regular,y,d
NW2194405281,willj110,NY5,1,7,value,24,0,0,0,0,0,,,,,1,19440528,1,NWK04,v,NW2,0,1,0,regular,y,d
NW2194405281,chrit101,NY5,1,9,value,24,0,0,0,0,0,,,,,1,19440528,1,NWK04,v,NW2,0,1,0,regular,y,d
NW2194405281,millf106,NY5,1,4,value,24,1,1,0,1,0,,,,,1,19440528,1,NWK04,v,NW2,0,1,0,regular,y,d
NW2194405281,andrc101,NY5,1,5,value,24,0,0,0,0,0,,,,,1,19440528,1,NWK04,v,NW2,0,1,0,regular,y,d
NW2194405281,clayz101,NY5,1,3,value,24,1,0,1,1,0,,,,,1,19440528,1,NWK04,v,NW2,0,1,0,regular,y,d
NW2194405281,mcdut101,NY5,1,1,value,10,0,0,0,0,0,,,,,1,19440528,1,NWK04,v,NW2,0,1,0,regular,y,d
NW2194405281,russb102,NY5,1,1,value,14,0,0,0,0,0,,,,,0,19440528,1,NWK04,v,NW2,0,1,0,regular,y,d
NW2194405281,turnb101,NW2,1,8,value,27,0,0,0,0,0,,,,,1,19440528,1,NWK04,h,NY5,1,0,0,regular,y,d
NW2194405281,watkm101,NW2,1,5,value,27,0,0,0,0,0,,,,,1,19440528,1,NWK04,h,NY5,1,0,0,regular,y,d
NW2194405281,dandr101,NW2,1,4,value,27,0,0,1,0,0,,,,,1,19440528,1,NWK04,h,NY5,1,0,0,regular,y,d
NW2194405281,pearl102,NW2,1,3,value,27,0,0,1,0,0,,,,,1,19440528,1,NWK04,h,NY5,1,0,0,regular,y,d
NW2194405281,davij106,NW2,1,7,value,27,0,0,0,0,0,,,,,1,19440528,1,NWK04,h,NY5,1,0,0,regular,y,d
NW2194405281,harvb102,NW2,1,9,value,27,0,0,0,0,0,,,,,1,19440528,1,NWK04,h,NY5,1,0,0,regular,y,d
NW2194405281,wynnw101,NW2,1,2,value,27,0,0,0,0,0,0,0,2,1,1,19440528,1,NWK04,h,NY5,1,0,0,regular,y,d
NW2194405281,morts102,NW2,1,6,value,27,0,0,0,0,0,,,,,1,19440528,1,NWK04,h,NY5,1,0,0,regular,y,d
NW2194405281,hookl101,NW2,1,1,value,15,0,0,0,0,0,,,,,1,19440528,1,NWK04,h,NY5,1,0,0,regular,y,d
NW2194405281,cozah101,NW2,1,1,value,12,0,0,1,0,0,,,,,0,19440528,1,NWK04,h,NY5,1,0,0,regular,y,d
NW2194405282,clayz101,NY5,1,3,value,18,,,,,0,,,,,,19440528,2,NWK04,v,NW2,0,1,0,regular,,
NW2194405282,royaj101,NY5,1,2,value,18,,,,,0,,,,,1,19440528,2,NWK04,v,NW2,0,1,0,regular,,
NW2194405282,sarva101,NY5,1,1,value,18,,,,,0,,,,,1,19440528,2,NWK04,v,NW2,0,1,0,regular,,
NW2194405282,stann101,NY5,1,1,value,0,0,0,1,,0,,,,,,19440528,2,NWK04,v,NW2,0,1,0,regular,,
NW2194405282,willj110,NY5,1,7,value,18,,,,,0,,,,,,19440528,2,NWK04,v,NW2,0,1,0,regular,,
NW2194405282,zeigf101,NY5,1,1,value,0,0,0,,,0,,,,,,19440528,2,NWK04,v,NW2,0,1,0,regular,,
NW2194405282,forrp101,NW2,1,1,value,21,,,1,,0,,,,,1,19440528,2,NWK04,h,NY5,1,0,0,regular,,
NW2194405282,wynnw101,NW2,1,2,value,21,,,,,0,,,,,1,19440528,2,NWK04,h,NY5,1,0,0,regular,,
NW2194405301,baker101,NY5,1,6,value,,,,,,,,,,,1,19440530,1,NWK04,v,NW2,0,1,0,regular,y,
NW2194405301,barkm101,NY5,1,8,value,,,,,,,,,,,1,19440530,1,NWK04,v,NW2,0,1,0,regular,y,
NW2194405301,willh105,NY5,1,2,value,,,,,,,,,,,1,19440530,1,NWK04,v,NW2,0,1,0,regular,y,
NW2194405301,willj110,NY5,1,7,value,,,,,,,,,,,1,19440530,1,NWK04,v,NW2,0,1,0,regular,y,
NW2194405301,millf106,NY5,1,4,value,,,,,,,,,,,1,19440530,1,NWK04,v,NW2,0,1,0,regular,y,
NW2194405301,chrit101,NY5,1,9,value,,,,,,,,,,,1,19440530,1,NWK04,v,NW2,0,1,0,regular,y,
NW2194405301,andrc101,NY5,1,5,value,,,,,,,,,,,1,19440530,1,NWK04,v,NW2,0,1,0,regular,y,
NW2194405301,clayz101,NY5,1,3,value,,,,,,,,,,,1,19440530,1,NWK04,v,NW2,0,1,0,regular,y,
NW2194405301,stann101,NY5,1,1,value,,,,,,,,,,,1,19440530,1,NWK04,v,NW2,0,1,0,regular,y,
NW2194405301,mcdut101,NY5,1,1,value,,,,,,,,,,,,19440530,1,NWK04,v,NW2,0,1,0,regular,y,
NW2194405301,turnb101,NW2,1,8,value,,,,,,,,,,,1,19440530,1,NWK04,h,NY5,1,0,0,regular,y,
NW2194405301,watkm101,NW2,1,5,value,,,,,,,,,,,1,19440530,1,NWK04,h,NY5,1,0,0,regular,y,
NW2194405301,dandr101,NW2,1,4,value,,,,,,,,,,,1,19440530,1,NWK04,h,NY5,1,0,0,regular,y,
NW2194405301,pearl102,NW2,1,3,value,,,,,,,,,,,1,19440530,1,NWK04,h,NY5,1,0,0,regular,y,
NW2194405301,davij106,NW2,1,7,value,,,,,,,,,,,1,19440530,1,NWK04,h,NY5,1,0,0,regular,y,
NW2194405301,harvb102,NW2,1,9,value,,,,,,,,,,,1,19440530,1,NWK04,h,NY5,1,0,0,regular,y,
NW2194405301,wynnw101,NW2,1,2,value,,,,,,,,,,,1,19440530,1,NWK04,h,NY5,1,0,0,regular,y,
NW2194405301,morts102,NW2,1,6,value,,,,,,,,,,,1,19440530,1,NWK04,h,NY5,1,0,0,regular,y,
NW2194405301,hillj104,NW2,1,1,value,,,,,,,,,,,1,19440530,1,NWK04,h,NY5,1,0,0,regular,y,
NW2194405301,jacoe102,NW2,1,1,value,,,,,,,,,,,,19440530,1,NWK04,h,NY5,1,0,0,regular,y,
NW2194405302,royaj101,NY5,1,2,value,,,,,,,,,,,,19440530,2,NWK04,v,NW2,0,1,0,regular,,
NW2194405302,robes104,NY5,1,1,value,,,,,,,,,,,1,19440530,2,NWK04,v,NW2,0,1,0,regular,,
NW2194405302,russb102,NY5,1,1,value,,,,,,,,,,,,19440530,2,NWK04,v,NW2,0,1,0,regular,,
NW2194405302,sarva101,NY5,1,1,value,,,,,,,,,,,,19440530,2,NWK04,v,NW2,0,1,0,regular,,
NW2194405302,wynnw101,NW2,1,2,value,,,,,,,,,,,1,19440530,2,NWK04,h,NY5,1,0,0,regular,,
NW2194405302,makew101,NW2,1,2,value,,,,,,,,,,,,19440530,2,NWK04,h,NY5,1,0,0,regular,,
NW2194405302,newcd101,NW2,1,1,value,,,,,,,,,,,1,19440530,2,NWK04,h,NY5,1,0,0,regular,,
NW2194405302,forrp101,NW2,1,1,value,,,,,,,,,,,,19440530,2,NWK04,h,NY5,1,0,0,regular,,
PH5194406010,turnb101,NW2,1,8,value,24,3,0,0,0,0,,,,,1,19440601,0,PHI17,v,PH5,0,1,0,regular,y,d
PH5194406010,watkm101,NW2,1,5,value,24,2,1,0,0,0,,,,,1,19440601,0,PHI17,v,PH5,0,1,0,regular,y,d
PH5194406010,dandr101,NW2,1,4,value,24,3,5,1,0,0,,,,,1,19440601,0,PHI17,v,PH5,0,1,0,regular,y,d
PH5194406010,pearl102,NW2,1,3,value,24,8,0,0,0,0,,,,,1,19440601,0,PHI17,v,PH5,0,1,0,regular,y,d
PH5194406010,davij106,NW2,1,7,value,24,2,0,0,0,0,,,,,1,19440601,0,PHI17,v,PH5,0,1,0,regular,y,d
PH5194406010,harvb102,NW2,1,9,value,24,0,0,0,0,0,,,,,1,19440601,0,PHI17,v,PH5,0,1,0,regular,y,d
PH5194406010,wynnw101,NW2,1,2,value,24,5,1,0,0,0,0,0,0,0,1,19440601,0,PHI17,v,PH5,0,1,0,regular,y,d
PH5194406010,morts102,NW2,1,6,value,24,1,1,0,0,0,,,,,1,19440601,0,PHI17,v,PH5,0,1,0,regular,y,d
PH5194406010,cozah101,NW2,1,1,value,6,0,0,0,0,0,,,,,1,19440601,0,PHI17,v,PH5,0,1,0,regular,y,d
PH5194406010,jacoe102,NW2,1,1,value,3,0,3,1,0,0,,,,,0,19440601,0,PHI17,v,PH5,0,1,0,regular,y,d
PH5194406010,newcd101,NW2,1,1,value,15,0,1,0,0,0,,,,,0,19440601,0,PHI17,v,PH5,0,1,0,regular,y,d
PH5194406010,bensg101,PH5,1,8,value,27,3,0,0,0,0,,,,,1,19440601,0,PHI17,h,NW2,1,0,0,regular,y,d
PH5194406010,duckm101,PH5,1,6,value,27,2,3,1,0,0,,,,,1,19440601,0,PHI17,h,NW2,1,0,0,regular,y,d
PH5194406010,currg102,PH5,1,9,value,27,0,0,0,0,0,,,,,1,19440601,0,PHI17,h,NW2,1,0,0,regular,y,d
PH5194406010,westj102,PH5,1,3,value,27,6,1,0,0,0,,,,,1,19440601,0,PHI17,h,NW2,1,0,0,regular,y,d
PH5194406010,willm107,PH5,1,4,value,27,3,3,0,0,0,,,,,1,19440601,0,PHI17,h,NW2,1,0,0,regular,y,d
PH5194406010,browb107,PH5,1,7,value,27,0,0,0,0,0,,,,,1,19440601,0,PHI17,h,NW2,1,0,0,regular,y,d
PH5194406010,cashb101,PH5,1,5,value,27,0,0,0,0,0,,,,,1,19440601,0,PHI17,h,NW2,1,0,0,regular,y,d
PH5194406010,palmc101,PH5,1,2,value,27,13,1,0,0,0,0,0,2,0,1,19440601,0,PHI17,h,NW2,1,0,0,regular,y,d
PH5194406010,rickb102,PH5,1,1,value,27,0,1,0,0,0,,,,,1,19440601,0,PHI17,h,NW2,1,0,0,regular,y,d
BLG194406020,byrdb101,BLG,1,1,value,27,,,,,0,0,,,,1,19440602,0,BAL14,h,NW2,1,0,0,regular,,
BLG194406030,campr102,BLG,1,2,value,27,,,0,,0,,,,,,19440603,0,BAL14,h,NW2,1,0,0,regular,,
BLG194406030,glovt101,BLG,1,1,value,,,,,,0,0,,,,,19440603,0,BAL14,h,NW2,1,0,0,regular,,
BLG194406030,porta103,BLG,1,1,value,,,,,,0,0,,,,1,19440603,0,BAL14,h,NW2,1,0,0,regular,,
BLG194406030,walkt105,BLG,1,1,value,,,,,,0,0,,,,,19440603,0,BAL14,h,NW2,1,0,0,regular,,
BLG194406041,hookl101,NW2,1,1,value,15,,,0,,0,0,,,,1,19440604,1,BAL14,v,BLG,0,1,0,regular,,
BLG194406041,newcd101,NW2,1,1,value,9,,,0,,0,0,,,,,19440604,1,BAL14,v,BLG,0,1,0,regular,,
BLG194406041,blacj103,BLG,1,1,value,27,,,,,0,0,,,,1,19440604,1,BAL14,h,NW2,1,0,0,regular,,
BLG194406042,davij106,NW2,1,1,value,21,,,,,0,0,,,,1,19440604,2,BAL14,v,BLG,1,0,0,regular,,
BLG194406042,harvb101,BLG,1,1,value,18,,,0,,0,0,,,,,19440604,2,BAL14,h,NW2,0,1,0,regular,,
BLG194406042,troyd102,BLG,1,1,value,3,,,0,,0,0,,,,1,19440604,2,BAL14,h,NW2,0,1,0,regular,,
MEM194406110,watkm101,NW2,1,5,value,39,3,5,0,2,0,,,,,1,19440611,0,CHI11,v,MEM,1,0,0,exhibition,y,d
MEM194406110,morts102,NW2,1,6,value,39,2,3,0,1,0,,,,,1,19440611,0,CHI11,v,MEM,1,0,0,exhibition,y,d
MEM194406110,dandr101,NW2,1,4,value,39,7,7,0,1,0,,,,,1,19440611,0,CHI11,v,MEM,1,0,0,exhibition,y,d
MEM194406110,davij106,NW2,1,7,value,39,3,1,0,1,0,,,,,1,19440611,0,CHI11,v,MEM,1,0,0,exhibition,y,d
MEM194406110,pearl102,NW2,1,3,value,39,15,0,0,1,0,,,,,1,19440611,0,CHI11,v,MEM,1,0,0,exhibition,y,d
MEM194406110,dobyl101,NW2,1,8,value,39,2,0,0,0,0,,,,,1,19440611,0,CHI11,v,MEM,1,0,0,exhibition,y,d
MEM194406110,barnv104,NW2,1,9,value,39,1,0,0,0,0,,,,,1,19440611,0,CHI11,v,MEM,1,0,0,exhibition,y,d
MEM194406110,wynnw101,NW2,1,2,value,39,6,1,0,0,0,0,0,0,1,1,19440611,0,CHI11,v,MEM,1,0,0,exhibition,y,d
MEM194406110,hookl101,NW2,1,1,value,36,0,3,0,0,0,,,,,1,19440611,0,CHI11,v,MEM,1,0,0,exhibition,y,d
MEM194406110,mcdut101,NW2,1,1,value,3,0,0,0,0,0,,,,,0,19440611,0,CHI11,v,MEM,1,0,0,exhibition,y,d
MEM194406110,bankf101,MEM,1,4,value,24,1,1,0,0,0,,,,,1,19440611,0,CHI11,h,NW2,0,1,0,exhibition,y,d
MEM194406110,wellw102,MEM,1,4,value,15,1,2,1,0,0,,,,,0,19440611,0,CHI11,h,NW2,0,1,0,exhibition,y,d
MEM194406110,browt105,MEM,1,6,value,39,1,10,1,0,0,,,,,1,19440611,0,CHI11,h,NW2,0,1,0,exhibition,y,d
MEM194406110,robin101,MEM,1,8,value,39,8,0,0,0,0,,,,,1,19440611,0,CHI11,h,NW2,0,1,0,exhibition,y,d
MEM194406110,fordj101,MEM,1,5,value,39,2,6,1,0,0,,,,,1,19440611,0,CHI11,h,NW2,0,1,0,exhibition,y,d
MEM194406110,hydec101,MEM,1,9,value,39,1,0,0,0,0,,,,,1,19440611,0,CHI11,h,NW2,0,1,0,exhibition,y,d
MEM194406110,mcdaf101,MEM,1,7,value,39,2,0,0,0,0,,,,,1,19440611,0,CHI11,h,NW2,0,1,0,exhibition,y,d
MEM194406110,canaj102,MEM,1,3,value,39,17,0,0,0,0,,,,,1,19440611,0,CHI11,h,NW2,0,1,0,exhibition,y,d
MEM194406110,browl107,MEM,1,2,value,24,5,0,0,0,0,0,0,0,0,1,19440611,0,CHI11,h,NW2,0,1,0,exhibition,y,d
MEM194406110,longr102,MEM,1,2,value,15,1,0,0,0,0,0,0,1,0,0,19440611,0,CHI11,h,NW2,0,1,0,exhibition,y,d
MEM194406110,keyer101,MEM,1,1,value,39,0,2,0,0,0,,,,,1,19440611,0,CHI11,h,NW2,0,1,0,exhibition,y,d
MEM194406130,turnb101,NW2,1,8,value,27,0,0,0,0,0,,,,,1,19440613,0,DAV01,v,MEM,1,0,0,exhibition,y,d
MEM194406130,watkm101,NW2,1,5,value,27,4,2,0,0,0,,,,,1,19440613,0,DAV01,v,MEM,1,0,0,exhibition,y,d
MEM194406130,dandr101,NW2,1,4,value,27,5,6,1,3,0,,,,,1,19440613,0,DAV01,v,MEM,1,0,0,exhibition,y,d
MEM194406130,davij106,NW2,1,7,value,27,0,0,0,0,0,,,,,1,19440613,0,DAV01,v,MEM,1,0,0,exhibition,y,d
MEM194406130,pearl102,NW2,1,3,value,27,10,0,0,3,0,,,,,1,19440613,0,DAV01,v,MEM,1,0,0,exhibition,y,d
MEM194406130,barnv104,NW2,1,9,value,27,0,0,0,0,0,,,,,1,19440613,0,DAV01,v,MEM,1,0,0,exhibition,y,d
MEM194406130,atkij102,NW2,1,6,value,27,4,3,2,3,0,,,,,1,19440613,0,DAV01,v,MEM,1,0,0,exhibition,y,d
MEM194406130,makew101,NW2,1,2,value,27,4,0,0,0,0,0,0,0,0,1,19440613,0,DAV01,v,MEM,1,0,0,exhibition,y,d
MEM194406130,jacoe102,NW2,1,1,value,27,0,4,0,0,0,,,,,1,19440613,0,DAV01,v,MEM,1,0,0,exhibition,y,d
MEM194406130,bankf101,MEM,1,4,value,27,2,3,0,0,0,,,,,1,19440613,0,DAV01,h,NW2,0,1,0,exhibition,y,d
MEM194406130,browt105,MEM,1,6,value,27,1,4,3,0,0,,,,,1,19440613,0,DAV01,h,NW2,0,1,0,exhibition,y,d
MEM194406130,fordj101,MEM,1,5,value,24,1,0,1,0,0,,,,,1,19440613,0,DAV01,h,NW2,0,1,0,exhibition,y,d
MEM194406130,wellw102,MEM,1,5,value,3,2,0,0,0,0,,,,,0,19440613,0,DAV01,h,NW2,0,1,0,exhibition,y,d
MEM194406130,robin101,MEM,1,8,value,27,1,1,0,0,0,,,,,1,19440613,0,DAV01,h,NW2,0,1,0,exhibition,y,d
MEM194406130,hydec101,MEM,1,9,value,27,1,0,0,0,0,,,,,1,19440613,0,DAV01,h,NW2,0,1,0,exhibition,y,d
MEM194406130,mcdaf101,MEM,1,7,value,27,1,1,0,0,0,,,,,1,19440613,0,DAV01,h,NW2,0,1,0,exhibition,y,d
MEM194406130,longr102,MEM,1,3,value,27,6,0,0,0,0,,,,,1,19440613,0,DAV01,h,NW2,0,1,0,exhibition,y,d
MEM194406130,browl107,MEM,1,2,value,24,11,1,0,0,0,0,0,1,1,1,19440613,0,DAV01,h,NW2,0,1,0,exhibition,y,d
MEM194406130,jonec108,MEM,1,2,value,3,1,0,0,0,0,0,0,0,0,0,19440613,0,DAV01,h,NW2,0,1,0,exhibition,y,d
MEM194406130,chate101,MEM,1,1,value,24,0,2,0,0,0,,,,,1,19440613,0,DAV01,h,NW2,0,1,0,exhibition,y,d
MEM194406130,mathv101,MEM,1,1,value,3,0,0,0,0,0,,,,,0,19440613,0,DAV01,h,NW2,0,1,0,exhibition,y,d
NY6194406150,cozah101,NW2,1,1,value,24,,,,,0,,,,,1,19440615,0,COL05,v,NY6,1,0,0,regular,,
NY6194406150,dandr101,NW2,1,4,value,27,,,,,0,,,,,,19440615,0,COL05,v,NY6,1,0,0,regular,,
NY6194406150,mcdut101,NW2,1,1,value,3,,,,,0,,,,,,19440615,0,COL05,v,NY6,1,0,0,regular,,
NY6194406150,wynnw101,NW2,1,2,value,27,,,,,0,,,,,1,19440615,0,COL05,v,NY6,1,0,0,regular,,
NY6194406150,brooa101,NY6,1,7,value,27,,,,,0,,,,,,19440615,0,COL05,h,NW2,0,1,0,regular,,
NY6194406150,greev101,NY6,1,1,value,27,,,,,0,,,,,1,19440615,0,COL05,h,NW2,0,1,0,regular,,
NY6194406150,loudl101,NY6,1,2,value,27,,,,,0,,,,,1,19440615,0,COL05,h,NW2,0,1,0,regular,,
NY6194406150,vargj101,NY6,1,8,value,27,,,,,0,,,,,,19440615,0,COL05,h,NW2,0,1,0,regular,,
NY6194406160,hillj104,NW2,1,1,value,18,,,,,0,,,,,1,19440616,0,DAY03,v,NY6,0,1,0,regular,,
NY6194406160,newcd101,NW2,1,1,value,6,,,,,0,,,,,,19440616,0,DAY03,v,NY6,0,1,0,regular,,
NY6194406160,wynnw101,NW2,1,2,value,24,,,,,0,,,,,1,19440616,0,DAY03,v,NY6,0,1,0,regular,,
NY6194406160,linar101,NY6,1,3,value,27,,,,,0,,,,,,19440616,0,DAY03,h,NW2,1,0,0,regular,,
NY6194406160,loudl101,NY6,1,2,value,27,,,,,0,,,,,1,19440616,0,DAY03,h,NW2,1,0,0,regular,,
NY6194406160,morrb104,NY6,1,1,value,,,,,,0,,,,,,19440616,0,DAY03,h,NW2,1,0,0,regular,,
NY6194406160,scanp101,NY6,1,1,value,,,,,,0,,,,,,19440616,0,DAY03,h,NW2,1,0,0,regular,,
NY6194406160,tianl102,NY6,1,1,value,18,,,,,0,,,,,1,19440616,0,DAY03,h,NW2,1,0,0,regular,,
HOM194406181,watkm101,NW2,1,5,value,24,1,1,0,0,0,,,,,1,19440618,1,PIT06,v,HOM,0,1,0,regular,y,
HOM194406181,wynnw101,NW2,1,2,value,24,3,0,0,0,0,0,,,,1,19440618,1,PIT06,v,HOM,0,1,0,regular,y,
HOM194406181,dandr101,NW2,1,4,value,24,1,2,0,0,0,,,,,1,19440618,1,PIT06,v,HOM,0,1,0,regular,y,
HOM194406181,pearl102,NW2,1,3,value,24,12,0,0,0,0,,,,,1,19440618,1,PIT06,v,HOM,0,1,0,regular,y,
HOM194406181,davij106,NW2,1,7,value,24,2,0,0,0,0,,,,,1,19440618,1,PIT06,v,HOM,0,1,0,regular,y,
HOM194406181,barnv104,NW2,1,9,value,,1,0,0,0,0,,,,,1,19440618,1,PIT06,v,HOM,0,1,0,regular,y,
HOM194406181,harvb102,NW2,1,9,value,,0,0,0,0,0,,,,,,19440618,1,PIT06,v,HOM,0,1,0,regular,y,
HOM194406181,brata101,NW2,1,8,value,24,2,0,0,0,0,,,,,1,19440618,1,PIT06,v,HOM,0,1,0,regular,y,
HOM194406181,morts102,NW2,1,6,value,24,2,5,0,0,0,,,,,1,19440618,1,PIT06,v,HOM,0,1,0,regular,y,
HOM194406181,hookl101,NW2,1,1,value,16,0,0,0,0,0,,,,,1,19440618,1,PIT06,v,HOM,0,1,0,regular,y,
HOM194406181,newcd101,NW2,1,1,value,1,0,0,0,0,0,,,,,,19440618,1,PIT06,v,HOM,0,1,0,regular,y,
HOM194406181,jacoe102,NW2,1,1,value,7,0,0,0,0,0,,,,,,19440618,1,PIT06,v,HOM,0,1,0,regular,y,
HOM194406181,bellj103,HOM,1,7,value,27,3,0,0,0,0,,,,,1,19440618,1,PIT06,h,NW2,1,0,0,regular,y,
HOM194406181,benjj101,HOM,1,8,value,27,1,0,0,0,0,,,,,1,19440618,1,PIT06,h,NW2,1,0,0,regular,y,
HOM194406181,banks101,HOM,1,6,value,27,5,4,0,0,0,,,,,1,19440618,1,PIT06,h,NW2,1,0,0,regular,y,
HOM194406181,leonb101,HOM,1,3,value,27,13,0,0,0,0,,,,,1,19440618,1,PIT06,h,NW2,1,0,0,regular,y,
HOM194406181,gibsj101,HOM,1,2,value,27,1,0,1,0,0,0,,,,1,19440618,1,PIT06,h,NW2,1,0,0,regular,y,
HOM194406181,cannw101,HOM,1,4,value,27,2,3,0,0,0,,,,,1,19440618,1,PIT06,h,NW2,1,0,0,regular,y,
HOM194406181,hoskd101,HOM,1,9,value,27,1,0,0,0,0,,,,,1,19440618,1,PIT06,h,NW2,1,0,0,regular,y,
HOM194406181,battr102,HOM,1,5,value,27,1,3,0,0,0,,,,,1,19440618,1,PIT06,h,NW2,1,0,0,regular,y,
HOM194406181,browr103,HOM,1,1,value,27,0,2,0,0,0,,,,,1,19440618,1,PIT06,h,NW2,1,0,0,regular,y,
HOM194406182,mcdut101,NW2,1,1,value,18,,,,0,0,0,,,,1,19440618,2,PIT06,v,HOM,0,1,0,regular,,
HOM194406182,wynnw101,NW2,1,2,value,18,,,,0,0,0,,,,1,19440618,2,PIT06,v,HOM,0,1,0,regular,,
HOM194406182,carts102,HOM,1,1,value,21,,,,0,0,0,,,,1,19440618,2,PIT06,h,NW2,1,0,0,regular,,
HOM194406182,bellj103,HOM,1,7,value,,,,,1,,,,,,,19440618,2,PIT06,h,NW2,1,0,0,regular,,
HOM194406182,battr102,HOM,1,5,value,,,,,1,,,,,,,19440618,2,PIT06,h,NW2,1,0,0,regular,,
NW2194406190,bellj103,HOM,1,7,value,24,2,0,0,0,0,,,,,1,19440619,0,HRB01,v,NW2,0,1,0,regular,y,d
NW2194406190,benjj101,HOM,1,8,value,24,2,0,0,0,0,,,,,1,19440619,0,HRB01,v,NW2,0,1,0,regular,y,d
NW2194406190,banks101,HOM,1,6,value,24,1,3,1,1,0,,,,,1,19440619,0,HRB01,v,NW2,0,1,0,regular,y,d
NW2194406190,leonb101,HOM,1,3,value,24,7,0,0,1,0,,,,,1,19440619,0,HRB01,v,NW2,0,1,0,regular,y,d
NW2194406190,gastr101,HOM,1,2,value,18,6,1,0,0,0,0,1,0,0,1,19440619,0,HRB01,v,NW2,0,1,0,regular,y,d
NW2194406190,gibsj101,HOM,1,2,value,6,1,0,0,0,0,0,0,0,0,0,19440619,0,HRB01,v,NW2,0,1,0,regular,y,d
NW2194406190,cannw101,HOM,1,4,value,24,0,1,0,1,0,,,,,1,19440619,0,HRB01,v,NW2,0,1,0,regular,y,d
NW2194406190,whatd101,HOM,1,9,value,24,2,0,0,0,0,,,,,1,19440619,0,HRB01,v,NW2,0,1,0,regular,y,d
NW2194406190,battr102,HOM,1,5,value,15,2,1,0,0,0,,,,,1,19440619,0,HRB01,v,NW2,0,1,0,regular,y,d
NW2194406190,spenj103,HOM,1,5,value,9,1,1,1,0,0,,,,,0,19440619,0,HRB01,v,NW2,0,1,0,regular,y,d
NW2194406190,johnj110,HOM,1,1,value,4,0,0,0,0,0,,,,,1,19440619,0,HRB01,v,NW2,0,1,0,regular,y,d
NW2194406190,white107,HOM,1,1,value,3,0,0,1,0,0,,,,,0,19440619,0,HRB01,v,NW2,0,1,0,regular,y,d
NW2194406190,hubew101,HOM,1,1,value,17,0,0,0,0,0,,,,,0,19440619,0,HRB01,v,NW2,0,1,0,regular,y,d
NW2194406190,watkm101,NW2,1,5,value,27,1,4,1,0,0,,,,,1,19440619,0,HRB01,h,HOM,1,0,0,regular,y,d
NW2194406190,barnv104,NW2,1,9,value,27,0,0,0,0,0,,,,,1,19440619,0,HRB01,h,HOM,1,0,0,regular,y,d
NW2194406190,dandr101,NW2,1,4,value,27,6,6,0,1,0,,,,,1,19440619,0,HRB01,h,HOM,1,0,0,regular,y,d
NW2194406190,pearl102,NW2,1,3,value,27,15,1,0,1,0,,,,,1,19440619,0,HRB01,h,HOM,1,0,0,regular,y,d
NW2194406190,davij106,NW2,1,7,value,27,2,0,0,0,0,,,,,1,19440619,0,HRB01,h,HOM,1,0,0,regular,y,d
NW2194406190,brata101,NW2,1,8,value,18,0,0,0,0,0,,,,,1,19440619,0,HRB01,h,HOM,1,0,0,regular,y,d
NW2194406190,cozah101,NW2,1,8,value,9,0,0,1,0,0,,,,,0,19440619,0,HRB01,h,HOM,1,0,0,regular,y,d
NW2194406190,makew101,NW2,1,6,value,27,2,1,0,1,0,,,,,1,19440619,0,HRB01,h,HOM,1,0,0,regular,y,d
NW2194406190,morts102,NW2,1,2,value,27,1,3,1,0,0,0,0,0,0,1,19440619,0,HRB01,h,HOM,1,0,0,regular,y,d
NW2194406190,newcd101,NW2,1,1,value,27,0,5,0,0,0,,,,,1,19440619,0,HRB01,h,HOM,1,0,0,regular,y,d
HOM194406200,hillj104,NW2,1,1,value,27,,,,,0,0,,,,1,19440620,0,WAS09,v,HOM,1,0,0,regular,,
HOM194406200,wynnw101,NW2,1,2,value,27,,,,,0,,,,,1,19440620,0,WAS09,v,HOM,1,0,0,regular,,
HOM194406200,browr103,HOM,1,1,value,,,,,,0,0,,,,1,19440620,0,WAS09,h,NW2,0,1,0,regular,,
HOM194406200,gibsj101,HOM,1,2,value,27,,,,,0,,,,,1,19440620,0,WAS09,h,NW2,0,1,0,regular,,
HOM194406200,hoskd101,HOM,1,1,value,,,,,,0,0,,,,,19440620,0,WAS09,h,NW2,0,1,0,regular,,
NW2194406251,duckm101,PH5,1,5,value,24,0,0,0,0,0,,,,,1,19440625,1,NWK04,v,NW2,0,1,0,regular,y,d
NW2194406251,austf101,PH5,1,6,value,24,0,0,0,0,0,,,,,1,19440625,1,NWK04,v,NW2,0,1,0,regular,y,d
NW2194406251,stone101,PH5,1,9,value,24,0,0,0,0,0,,,,,1,19440625,1,NWK04,v,NW2,0,1,0,regular,y,d
NW2194406251,westj102,PH5,1,3,value,24,1,0,1,1,0,,,,,1,19440625,1,NWK04,v,NW2,0,1,0,regular,y,d
NW2194406251,willm107,PH5,1,4,value,24,0,0,0,0,0,,,,,1,19440625,1,NWK04,v,NW2,0,1,0,regular,y,d
NW2194406251,bensg101,PH5,1,8,value,24,0,0,0,0,0,,,,,1,19440625,1,NWK04,v,NW2,0,1,0,regular,y,d
NW2194406251,browb107,PH5,1,7,value,24,0,0,0,0,0,,,,,1,19440625,1,NWK04,v,NW2,0,1,0,regular,y,d
NW2194406251,cashb101,PH5,1,2,value,24,0,0,0,0,0,0,0,0,0,1,19440625,1,NWK04,v,NW2,0,1,0,regular,y,d
NW2194406251,rickb102,PH5,1,1,value,24,1,1,0,1,0,,,,,1,19440625,1,NWK04,v,NW2,0,1,0,regular,y,d
NW2194406251,watkm101,NW2,1,5,value,27,0,1,0,1,0,,,,,1,19440625,1,NWK04,h,PH5,1,0,0,regular,y,d
NW2194406251,wynnw101,NW2,1,2,value,27,0,0,0,0,0,0,0,0,0,1,19440625,1,NWK04,h,PH5,1,0,0,regular,y,d
NW2194406251,harvb102,NW2,1,9,value,27,0,0,0,0,0,,,,,1,19440625,1,NWK04,h,PH5,1,0,0,regular,y,d
NW2194406251,dandr101,NW2,1,4,value,27,1,1,0,1,0,,,,,1,19440625,1,NWK04,h,PH5,1,0,0,regular,y,d
NW2194406251,davij106,NW2,1,7,value,27,0,0,0,0,0,,,,,1,19440625,1,NWK04,h,PH5,1,0,0,regular,y,d
NW2194406251,pearl102,NW2,1,3,value,27,3,1,0,3,0,,,,,1,19440625,1,NWK04,h,PH5,1,0,0,regular,y,d
NW2194406251,brata101,NW2,1,8,value,27,0,0,0,0,0,,,,,1,19440625,1,NWK04,h,PH5,1,0,0,regular,y,d
NW2194406251,morts102,NW2,1,6,value,27,2,2,0,2,0,,,,,1,19440625,1,NWK04,h,PH5,1,0,0,regular,y,d
NW2194406251,hookl101,NW2,1,1,value,27,0,1,0,1,0,,,,,1,19440625,1,NWK04,h,PH5,1,0,0,regular,y,d
NW2194406252,cashb101,PH5,1,2,value,18,,,0,,0,,,,,1,19440625,2,NWK04,v,NW2,0,1,0,regular,,
NW2194406252,glenh103,PH5,1,1,value,18,,,0,,0,,,,,1,19440625,2,NWK04,v,NW2,0,1,0,regular,,
NW2194406252,jacoe102,NW2,1,1,value,9,,,,,0,,,,,1,19440625,2,NWK04,h,PH5,1,0,0,regular,,
NW2194406252,mcdut101,NW2,1,1,value,12,,,,,0,,,,,,19440625,2,NWK04,h,PH5,1,0,0,regular,,
NW2194406252,wynnw101,NW2,1,2,value,21,,,,,0,,,,,1,19440625,2,NWK04,h,PH5,1,0,0,regular,,
NW2194407021,bellj103,HOM,1,7,value,28,,,0,0,0,,,,,1,19440702,1,NWK04,v,NW2,0,1,0,regular,y,
NW2194407021,benjj101,HOM,1,8,value,28,,,0,0,0,,,,,1,19440702,1,NWK04,v,NW2,0,1,0,regular,y,
NW2194407021,banks101,HOM,1,6,value,28,,,0,0,0,,,,,1,19440702,1,NWK04,v,NW2,0,1,0,regular,y,
NW2194407021,leonb101,HOM,1,3,value,28,,,0,1,0,,,,,1,19440702,1,NWK04,v,NW2,0,1,0,regular,y,
NW2194407021,gibsj101,HOM,1,2,value,28,,,0,0,0,0,,,,1,19440702,1,NWK04,v,NW2,0,1,0,regular,y,
NW2194407021,cannw101,HOM,1,4,value,28,,,0,1,0,,,,,1,19440702,1,NWK04,v,NW2,0,1,0,regular,y,
NW2194407021,hoskd101,HOM,1,9,value,28,,,0,0,0,,,,,1,19440702,1,NWK04,v,NW2,0,1,0,regular,y,
NW2194407021,battr102,HOM,1,5,value,,,,0,0,0,,,,,1,19440702,1,NWK04,v,NW2,0,1,0,regular,y,
NW2194407021,wilsj106,HOM,1,5,value,,,,0,0,0,,,,,,19440702,1,NWK04,v,NW2,0,1,0,regular,y,
NW2194407021,browr103,HOM,1,1,value,24,,,0,0,0,,,,,1,19440702,1,NWK04,v,NW2,0,1,0,regular,y,
NW2194407021,johnj110,HOM,1,1,value,4,,,0,0,0,,,,,,19440702,1,NWK04,v,NW2,0,1,0,regular,y,
NW2194407021,watkm101,NW2,1,5,value,30,,,0,0,0,,,,,1,19440702,1,NWK04,h,HOM,1,0,0,regular,y,
NW2194407021,wynnw101,NW2,1,2,value,30,,,0,1,0,0,,,,1,19440702,1,NWK04,h,HOM,1,0,0,regular,y,
NW2194407021,dandr101,NW2,1,4,value,30,,,0,0,0,,,,,1,19440702,1,NWK04,h,HOM,1,0,0,regular,y,
NW2194407021,harvb102,NW2,1,9,value,,,,0,0,0,,,,,1,19440702,1,NWK04,h,HOM,1,0,0,regular,y,
NW2194407021,harvb102,NW2,2,7,value,,,,0,0,0,,,,,,19440702,1,NWK04,h,HOM,1,0,0,regular,y,
NW2194407021,pearl102,NW2,1,3,value,30,,,1,1,0,,,,,1,19440702,1,NWK04,h,HOM,1,0,0,regular,y,
NW2194407021,davij106,NW2,1,7,value,,,,0,0,0,,,,,1,19440702,1,NWK04,h,HOM,1,0,0,regular,y,
NW2194407021,davij106,NW2,2,1,value,6,,,0,0,0,,,,,,19440702,1,NWK04,h,HOM,1,0,0,regular,y,
NW2194407021,brata101,NW2,1,8,value,30,,,0,0,0,,,,,1,19440702,1,NWK04,h,HOM,1,0,0,regular,y,
NW2194407021,morts102,NW2,1,6,value,30,,,0,0,0,,,,,1,19440702,1,NWK04,h,HOM,1,0,0,regular,y,
NW2194407021,hillj104,NW2,1,1,value,24,,,0,1,0,,,,,1,19440702,1,NWK04,h,HOM,1,0,0,regular,y,
NW2194407021,barnv104,NW2,1,9,value,,,,0,0,0,,,,,,19440702,1,NWK04,h,HOM,1,0,0,regular,y,
NW2194407022,gibsj101,HOM,1,2,value,21,,,,,0,,,,,1,19440702,2,NWK04,v,NW2,1,0,0,regular,,
NW2194407022,leonb101,HOM,1,3,value,21,2,,,,0,,,,,,19440702,2,NWK04,v,NW2,1,0,0,regular,,
NW2194407022,partr102,HOM,1,1,value,21,,,,,0,,,,,1,19440702,2,NWK04,v,NW2,1,0,0,regular,,
NW2194407022,davij106,NW2,1,1,value,,,,,,0,,,,,,19440702,2,NWK04,h,HOM,0,1,0,regular,,
NW2194407022,jacoe102,NW2,1,1,value,,,,,,0,,,,,,19440702,2,NWK04,h,HOM,0,1,0,regular,,
NW2194407022,newcd101,NW2,1,1,value,,,,,,0,,,,,1,19440702,2,NWK04,h,HOM,0,1,0,regular,,
NW2194407022,wynnw101,NW2,1,2,value,21,,,,,0,,,,,1,19440702,2,NWK04,h,HOM,0,1,0,regular,,
NW2194407041,rodrh101,NY6,1,5,value,27,0,5,1,0,0,,,,,1,19440704,1,NYC15,v,NW2,1,0,0,regular,y,d
NW2194407041,thomd104,NY6,1,3,value,27,11,0,0,0,0,,,,,1,19440704,1,NYC15,v,NW2,1,0,0,regular,y,d
NW2194407041,loudl101,NY6,1,2,value,27,3,2,0,0,0,0,1,0,0,1,19440704,1,NYC15,v,NW2,1,0,0,regular,y,d
NW2194407041,coimp101,NY6,1,9,value,27,2,0,0,0,0,,,,,1,19440704,1,NYC15,v,NW2,1,0,0,regular,y,d
NW2194407041,linar101,NY6,1,7,value,27,2,0,0,0,0,,,,,1,19440704,1,NYC15,v,NW2,1,0,0,regular,y,d
NW2194407041,vargj101,NY6,1,8,value,27,4,0,0,0,0,,,,,1,19440704,1,NYC15,v,NW2,1,0,0,regular,y,d
NW2194407041,perej103,NY6,1,4,value,24,4,3,0,0,0,,,,,1,19440704,1,NYC15,v,NW2,1,0,0,regular,y,d
NW2194407041,garrg103,NY6,1,4,value,3,0,0,0,0,0,,,,,0,19440704,1,NYC15,v,NW2,1,0,0,regular,y,d
NW2194407041,martr105,NY6,1,6,value,27,1,3,1,0,0,,,,,1,19440704,1,NYC15,v,NW2,1,0,0,regular,y,d
NW2194407041,morrb104,NY6,1,1,value,27,0,1,0,0,0,,,,,1,19440704,1,NYC15,v,NW2,1,0,0,regular,y,d
NW2194407041,watkm101,NW2,1,5,value,27,2,2,0,0,0,,,,,1,19440704,1,NYC15,h,NY6,0,1,0,regular,y,d
NW2194407041,wynnw101,NW2,1,2,value,27,1,0,0,0,0,0,0,1,0,1,19440704,1,NYC15,h,NY6,0,1,0,regular,y,d
NW2194407041,dandr101,NW2,1,4,value,27,0,1,0,0,0,,,,,1,19440704,1,NYC15,h,NY6,0,1,0,regular,y,d
NW2194407041,harvb102,NW2,1,9,value,27,2,0,0,0,0,,,,,1,19440704,1,NYC15,h,NY6,0,1,0,regular,y,d
NW2194407041,pearl102,NW2,1,3,value,21,14,0,0,0,0,,,,,1,19440704,1,NYC15,h,NY6,0,1,0,regular,y,d
NW2194407041,pearl102,NW2,2,8,value,6,0,0,0,0,0,,,,,0,19440704,1,NYC15,h,NY6,0,1,0,regular,y,d
NW2194407041,davij106,NW2,1,7,value,27,2,0,0,0,0,,,,,1,19440704,1,NYC15,h,NY6,0,1,0,regular,y,d
NW2194407041,brata101,NW2,1,8,value,21,1,0,0,0,0,,,,,1,19440704,1,NYC15,h,NY6,0,1,0,regular,y,d
NW2194407041,mcdut101,NW2,1,1,value,6,0,0,1,0,0,,,,,0,19440704,1,NYC15,h,NY6,0,1,0,regular,y,d
NW2194407041,morts102,NW2,1,6,value,27,2,2,1,0,0,,,,,1,19440704,1,NYC15,h,NY6,0,1,0,regular,y,d
NW2194407041,hookl101,NW2,1,1,value,21,0,3,0,0,0,,,,,1,19440704,1,NYC15,h,NY6,0,1,0,regular,y,d
NW2194407041,suttm101,NW2,1,3,value,6,3,0,0,0,0,,,,,0,19440704,1,NYC15,h,NY6,0,1,0,regular,y,d
NW2194407042,rodrh101,NY6,1,5,value,24,0,2,0,0,0,,,,,1,19440704,2,NYC15,v,NW2,0,1,0,regular,y,d
NW2194407042,thomd104,NY6,1,3,value,24,10,0,0,0,0,,,,,1,19440704,2,NYC15,v,NW2,0,1,0,regular,y,d
NW2194407042,linar101,NY6,1,7,value,24,0,0,0,0,0,,,,,1,19440704,2,NYC15,v,NW2,0,1,0,regular,y,d
NW2194407042,coimp101,NY6,1,9,value,24,0,0,0,0,0,,,,,1,19440704,2,NYC15,v,NW2,0,1,0,regular,y,d
NW2194407042,vargj101,NY6,1,8,value,24,4,0,0,0,0,,,,,1,19440704,2,NYC15,v,NW2,0,1,0,regular,y,d
NW2194407042,martr105,NY6,1,6,value,24,2,3,1,0,0,,,,,1,19440704,2,NYC15,v,NW2,0,1,0,regular,y,d
NW2194407042,garrg103,NY6,1,4,value,24,4,2,0,0,0,,,,,1,19440704,2,NYC15,v,NW2,0,1,0,regular,y,d
NW2194407042,brooa101,NY6,1,2,value,24,4,0,0,0,0,0,0,0,0,1,19440704,2,NYC15,v,NW2,0,1,0,regular,y,d
NW2194407042,howac102,NY6,1,1,value,18,0,0,0,0,0,,,,,1,19440704,2,NYC15,v,NW2,0,1,0,regular,y,d
NW2194407042,andeb106,NY6,1,1,value,6,0,1,0,0,0,,,,,0,19440704,2,NYC15,v,NW2,0,1,0,regular,y,d
NW2194407042,watkm101,NW2,1,5,value,27,0,4,1,0,0,,,,,1,19440704,2,NYC15,h,NY6,1,0,0,regular,y,d
NW2194407042,wynnw101,NW2,1,2,value,27,5,0,0,0,0,0,1,0,0,1,19440704,2,NYC15,h,NY6,1,0,0,regular,y,d
NW2194407042,dandr101,NW2,1,4,value,27,3,1,0,0,0,,,,,1,19440704,2,NYC15,h,NY6,1,0,0,regular,y,d
NW2194407042,harvb102,NW2,1,7,value,27,2,0,0,0,0,,,,,1,19440704,2,NYC15,h,NY6,1,0,0,regular,y,d
NW2194407042,pearl102,NW2,1,3,value,27,12,0,1,0,0,,,,,1,19440704,2,NYC15,h,NY6,1,0,0,regular,y,d
NW2194407042,davij106,NW2,1,8,value,27,2,0,0,0,0,,,,,1,19440704,2,NYC15,h,NY6,1,0,0,regular,y,d
NW2194407042,barnv104,NW2,1,9,value,27,2,0,0,0,0,,,,,1,19440704,2,NYC15,h,NY6,1,0,0,regular,y,d
NW2194407042,morts102,NW2,1,6,value,27,1,1,2,0,0,,,,,1,19440704,2,NYC15,h,NY6,1,0,0,regular,y,d
NW2194407042,mcdut101,NW2,1,1,value,27,0,3,0,0,0,,,,,1,19440704,2,NYC15,h,NY6,1,0,0,regular,y,d
PH5194407080,watkm101,NW2,1,5,value,24,0,2,0,0,0,,,,,1,19440708,0,PHI17,v,PH5,0,1,0,regular,y,
PH5194407080,wynnw101,NW2,1,2,value,,2,1,0,0,0,3,,,,1,19440708,0,PHI17,v,PH5,0,1,0,regular,y,
PH5194407080,makew101,NW2,1,2,value,,1,3,0,0,0,1,,,,,19440708,0,PHI17,v,PH5,0,1,0,regular,y,
PH5194407080,dandr101,NW2,1,4,value,24,2,5,1,0,0,,,,,1,19440708,0,PHI17,v,PH5,0,1,0,regular,y,
PH5194407080,harvb102,NW2,1,7,value,24,0,0,0,0,0,,,,,1,19440708,0,PHI17,v,PH5,0,1,0,regular,y,
PH5194407080,pearl102,NW2,1,3,value,24,14,0,0,0,0,,,,,1,19440708,0,PHI17,v,PH5,0,1,0,regular,y,
PH5194407080,barnv104,NW2,1,9,value,24,4,0,0,0,0,,,,,1,19440708,0,PHI17,v,PH5,0,1,0,regular,y,
PH5194407080,brata101,NW2,1,8,value,24,0,0,0,0,0,,,,,1,19440708,0,PHI17,v,PH5,0,1,0,regular,y,
PH5194407080,morts102,NW2,1,6,value,,0,0,1,0,0,,,,,1,19440708,0,PHI17,v,PH5,0,1,0,regular,y,
PH5194407080,holdu101,NW2,1,6,value,,0,2,0,0,0,,,,,,19440708,0,PHI17,v,PH5,0,1,0,regular,y,
PH5194407080,newcd101,NW2,1,1,value,3,0,0,0,0,0,,,,,1,19440708,0,PHI17,v,PH5,0,1,0,regular,y,
PH5194407080,hillj104,NW2,1,1,value,21,1,1,0,0,0,,,,,,19440708,0,PHI17,v,PH5,0,1,0,regular,y,
PH5194407080,austf101,PH5,1,6,value,27,2,3,0,0,0,,,,,1,19440708,0,PHI17,h,NW2,1,0,0,regular,y,
PH5194407080,bensg101,PH5,1,8,value,27,1,0,0,0,0,,,,,1,19440708,0,PHI17,h,NW2,1,0,0,regular,y,
PH5194407080,stone101,PH5,1,9,value,27,3,0,0,0,0,,,,,1,19440708,0,PHI17,h,NW2,1,0,0,regular,y,
PH5194407080,westj102,PH5,1,3,value,27,10,1,0,0,0,,,,,1,19440708,0,PHI17,h,NW2,1,0,0,regular,y,
PH5194407080,willm107,PH5,1,4,value,27,2,4,0,0,0,,,,,1,19440708,0,PHI17,h,NW2,1,0,0,regular,y,
PH5194407080,currg102,PH5,1,7,value,27,1,0,0,0,0,,,,,1,19440708,0,PHI17,h,NW2,1,0,0,regular,y,
PH5194407080,cashb101,PH5,1,2,value,27,7,0,0,0,0,0,,,,1,19440708,0,PHI17,h,NW2,1,0,0,regular,y,
PH5194407080,speah101,PH5,1,5,value,,1,1,0,0,0,,,,,1,19440708,0,PHI17,h,NW2,1,0,0,regular,y,
PH5194407080,duckm101,PH5,1,5,value,,0,1,0,0,0,,,,,,19440708,0,PHI17,h,NW2,1,0,0,regular,y,
PH5194407080,rickb102,PH5,1,1,value,27,0,2,0,0,0,,,,,1,19440708,0,PHI17,h,NW2,1,0,0,regular,y,
BLG194407091,watkm101,NW2,1,5,value,24,0,0,0,0,0,,,,,1,19440709,1,BAL14,v,BLG,0,1,0,regular,y,d
BLG194407091,wynnw101,NW2,1,2,value,24,1,0,0,0,0,0,0,0,0,1,19440709,1,BAL14,v,BLG,0,1,0,regular,y,d
BLG194407091,dandr101,NW2,1,4,value,24,3,5,0,1,0,,,,,1,19440709,1,BAL14,v,BLG,0,1,0,regular,y,d
BLG194407091,harvb102,NW2,1,7,value,24,1,0,0,0,0,,,,,1,19440709,1,BAL14,v,BLG,0,1,0,regular,y,d
BLG194407091,pearl102,NW2,1,3,value,3,2,0,0,0,0,,,,,1,19440709,1,BAL14,v,BLG,0,1,0,regular,y,d
BLG194407091,pearl102,NW2,2,8,value,21,0,0,1,0,0,,,,,0,19440709,1,BAL14,v,BLG,0,1,0,regular,y,d
BLG194407091,barnv104,NW2,1,9,value,24,5,0,0,0,0,,,,,1,19440709,1,BAL14,v,BLG,0,1,0,regular,y,d
BLG194407091,brata101,NW2,1,8,value,3,0,0,1,0,0,,,,,1,19440709,1,BAL14,v,BLG,0,1,0,regular,y,d
BLG194407091,suttm101,NW2,1,3,value,21,11,0,0,1,0,,,,,0,19440709,1,BAL14,v,BLG,0,1,0,regular,y,d
BLG194407091,morts102,NW2,1,6,value,24,1,6,1,1,0,,,,,1,19440709,1,BAL14,v,BLG,0,1,0,regular,y,d
BLG194407091,mcdut101,NW2,1,1,value,24,0,1,0,0,0,,,,,1,19440709,1,BAL14,v,BLG,0,1,0,regular,y,d
BLG194407091,kimbh102,BLG,1,8,value,27,0,0,0,0,0,,,,,1,19440709,1,BAL14,h,NW2,1,0,0,regular,y,d
BLG194407091,snowf101,BLG,1,5,value,27,0,0,0,0,0,,,,,1,19440709,1,BAL14,h,NW2,1,0,0,regular,y,d
BLG194407091,russf101,BLG,1,4,value,27,1,6,0,0,0,,,,,1,19440709,1,BAL14,h,NW2,1,0,0,regular,y,d
BLG194407091,scalg101,BLG,1,9,value,21,4,0,0,0,0,,,,,1,19440709,1,BAL14,h,NW2,1,0,0,regular,y,d
BLG194407091,robin102,BLG,1,9,value,6,0,0,0,0,0,,,,,0,19440709,1,BAL14,h,NW2,1,0,0,regular,y,d
BLG194407091,hoskb101,BLG,1,7,value,27,2,0,0,0,0,,,,,1,19440709,1,BAL14,h,NW2,1,0,0,regular,y,d
BLG194407091,dennd102,BLG,1,3,value,27,13,0,0,0,0,,,,,1,19440709,1,BAL14,h,NW2,1,0,0,regular,y,d
BLG194407091,buttt102,BLG,1,6,value,27,0,5,0,0,0,,,,,1,19440709,1,BAL14,h,NW2,1,0,0,regular,y,d
BLG194407091,clarb107,BLG,1,2,value,27,7,0,0,0,0,0,0,0,0,1,19440709,1,BAL14,h,NW2,1,0,0,regular,y,d
BLG194407091,byrdb101,BLG,1,1,value,27,0,8,0,0,0,,,,,1,19440709,1,BAL14,h,NW2,1,0,0,regular,y,d
BLG194407092,hookl101,NW2,1,1,value,18,,,,,0,0,,,,1,19440709,2,BAL14,v,BLG,0,1,0,regular,,
BLG194407092,wynnw101,NW2,1,2,value,18,,,,,0,,,,,1,19440709,2,BAL14,v,BLG,0,1,0,regular,,
BLG194407092,blacj103,BLG,1,1,value,16,,,,,0,0,,,,,19440709,2,BAL14,h,NW2,1,0,0,regular,,
BLG194407092,campr102,BLG,1,2,value,21,,,,,0,,,,,1,19440709,2,BAL14,h,NW2,1,0,0,regular,,
BLG194407092,gainj102,BLG,1,1,value,5,,,,,0,0,,,,1,19440709,2,BAL14,h,NW2,1,0,0,regular,,
BLG194407100,watkm101,NW2,1,5,value,24,0,7,0,1,0,,,,,1,19440710,0,HRB01,v,BLG,0,1,0,regular,y,d
BLG194407100,barnv104,NW2,1,9,value,24,0,0,0,0,0,,,,,1,19440710,0,HRB01,v,BLG,0,1,0,regular,y,d
BLG194407100,harvb102,NW2,1,7,value,24,0,0,0,0,0,,,,,1,19440710,0,HRB01,v,BLG,0,1,0,regular,y,d
BLG194407100,dandr101,NW2,1,4,value,24,5,2,0,0,0,,,,,1,19440710,0,HRB01,v,BLG,0,1,0,regular,y,d
BLG194407100,pearl102,NW2,1,3,value,24,15,1,0,1,0,,,,,1,19440710,0,HRB01,v,BLG,0,1,0,regular,y,d
BLG194407100,wynnw101,NW2,1,2,value,24,3,3,0,1,0,0,1,1,0,1,19440710,0,HRB01,v,BLG,0,1,0,regular,y,d
BLG194407100,brata101,NW2,1,8,value,21,0,0,0,0,0,,,,,1,19440710,0,HRB01,v,BLG,0,1,0,regular,y,d
BLG194407100,davij106,NW2,1,8,value,3,0,0,0,0,0,,,,,0,19440710,0,HRB01,v,BLG,0,1,0,regular,y,d
BLG194407100,morts102,NW2,1,6,value,24,1,2,0,0,0,,,,,1,19440710,0,HRB01,v,BLG,0,1,0,regular,y,d
BLG194407100,newcd101,NW2,1,1,value,24,0,3,0,0,0,,,,,1,19440710,0,HRB01,v,BLG,0,1,0,regular,y,d
BLG194407100,kimbh102,BLG,1,8,value,27,4,0,0,0,0,,,,,1,19440710,0,HRB01,h,NW2,1,0,0,regular,y,d
BLG194407100,robin102,BLG,1,9,value,27,0,0,0,0,0,,,,,1,19440710,0,HRB01,h,NW2,1,0,0,regular,y,d
BLG194407100,russf101,BLG,1,4,value,27,5,3,1,0,0,,,,,1,19440710,0,HRB01,h,NW2,1,0,0,regular,y,d
BLG194407100,campr102,BLG,1,2,value,27,7,0,0,0,0,2,1,2,0,1,19440710,0,HRB01,h,NW2,1,0,0,regular,y,d
BLG194407100,hoskb101,BLG,1,7,value,27,0,0,0,0,0,,,,,1,19440710,0,HRB01,h,NW2,1,0,0,regular,y,d
BLG194407100,dennd102,BLG,1,3,value,27,8,0,1,0,0,,,,,1,19440710,0,HRB01,h,NW2,1,0,0,regular,y,d
BLG194407100,buttt102,BLG,1,6,value,27,2,2,0,0,0,,,,,1,19440710,0,HRB01,h,NW2,1,0,0,regular,y,d
BLG194407100,snowf101,BLG,1,5,value,27,1,3,0,0,0,,,,,1,19440710,0,HRB01,h,NW2,1,0,0,regular,y,d
BLG194407100,troyd102,BLG,1,1,value,24,0,2,0,0,0,,,,,1,19440710,0,HRB01,h,NW2,1,0,0,regular,y,d
BLG194407100,porta103,BLG,1,1,value,3,0,1,0,0,0,,,,,0,19440710,0,HRB01,h,NW2,1,0,0,regular,y,d
BLG194407110,watkm101,NW2,1,5,value,24,,,0,0,0,,,,,1,19440711,0,BAL14,v,BLG,0,1,0,regular,y,
BLG194407110,barnv104,NW2,1,9,value,24,,,0,0,0,,,,,1,19440711,0,BAL14,v,BLG,0,1,0,regular,y,
BLG194407110,dandr101,NW2,1,4,value,24,,,0,0,0,,,,,1,19440711,0,BAL14,v,BLG,0,1,0,regular,y,
BLG194407110,pearl102,NW2,1,3,value,24,,,0,0,0,,,,,1,19440711,0,BAL14,v,BLG,0,1,0,regular,y,
BLG194407110,davij106,NW2,1,1,value,24,,,1,0,0,,,,,1,19440711,0,BAL14,v,BLG,0,1,0,regular,y,
BLG194407110,wynnw101,NW2,1,2,value,24,,,0,0,0,0,,,,1,19440711,0,BAL14,v,BLG,0,1,0,regular,y,
BLG194407110,makew101,NW2,1,7,value,12,,,0,0,0,,,,,1,19440711,0,BAL14,v,BLG,0,1,0,regular,y,
BLG194407110,mcdut101,NW2,1,7,value,3,,,0,0,0,,,,,,19440711,0,BAL14,v,BLG,0,1,0,regular,y,
BLG194407110,willc107,NW2,1,7,value,9,,,0,0,0,,,,,,19440711,0,BAL14,v,BLG,0,1,0,regular,y,
BLG194407110,brata101,NW2,1,8,value,24,,,0,0,0,,,,,1,19440711,0,BAL14,v,BLG,0,1,0,regular,y,
BLG194407110,morts102,NW2,1,6,value,24,,,0,0,0,,,,,1,19440711,0,BAL14,v,BLG,0,1,0,regular,y,
BLG194407110,kimbh102,BLG,1,8,value,27,,,0,0,0,,,,,1,19440711,0,BAL14,h,NW2,1,0,0,regular,y,
BLG194407110,robin102,BLG,1,9,value,27,,,0,0,0,,,,,1,19440711,0,BAL14,h,NW2,1,0,0,regular,y,
BLG194407110,russf101,BLG,1,4,value,27,,,1,0,0,,,,,1,19440711,0,BAL14,h,NW2,1,0,0,regular,y,
BLG194407110,campr102,BLG,1,2,value,27,,,0,0,0,0,,,,1,19440711,0,BAL14,h,NW2,1,0,0,regular,y,
BLG194407110,hoskb101,BLG,1,7,value,27,,,0,0,0,,,,,1,19440711,0,BAL14,h,NW2,1,0,0,regular,y,
BLG194407110,dennd102,BLG,1,3,value,27,,,1,0,0,,,,,1,19440711,0,BAL14,h,NW2,1,0,0,regular,y,
BLG194407110,buttt102,BLG,1,6,value,27,,,0,0,0,,,,,1,19440711,0,BAL14,h,NW2,1,0,0,regular,y,
BLG194407110,snowf101,BLG,1,5,value,27,,,1,0,0,,,,,1,19440711,0,BAL14,h,NW2,1,0,0,regular,y,
BLG194407110,porta103,BLG,1,1,value,27,,,0,0,0,,,,,1,19440711,0,BAL14,h,NW2,1,0,0,regular,y,
NW2194407140,spenj103,NY5,1,4,value,24,0,0,0,0,0,,,,,1,19440714,0,NWK04,v,NW2,0,1,0,regular,y,d
NW2194407140,clayz101,NY5,1,3,value,24,0,0,0,0,0,,,,,1,19440714,0,NWK04,v,NW2,0,1,0,regular,y,d
NW2194407140,baker101,NY5,1,6,value,24,0,0,0,0,0,,,,,1,19440714,0,NWK04,v,NW2,0,1,0,regular,y,d
NW2194407140,chrit101,NY5,1,7,value,24,0,0,0,0,0,,,,,1,19440714,0,NWK04,v,NW2,0,1,0,regular,y,d
NW2194407140,barkm101,NY5,1,8,value,24,0,0,0,0,0,,,,,1,19440714,0,NWK04,v,NW2,0,1,0,regular,y,d
NW2194407140,rivec101,NY5,1,5,value,24,0,0,0,0,0,,,,,1,19440714,0,NWK04,v,NW2,0,1,0,regular,y,d
NW2194407140,willh105,NY5,1,9,value,24,0,0,0,0,0,,,,,1,19440714,0,NWK04,v,NW2,0,1,0,regular,y,d
NW2194407140,kellw103,NY5,1,2,value,24,0,0,0,0,0,0,0,0,0,1,19440714,0,NWK04,v,NW2,0,1,0,regular,y,d
NW2194407140,stann101,NY5,1,1,value,24,0,0,0,0,0,,,,,1,19440714,0,NWK04,v,NW2,0,1,0,regular,y,d
NW2194407140,watkm101,NW2,1,5,value,27,0,0,0,0,0,,,,,1,19440714,0,NWK04,h,NY5,1,0,0,regular,y,d
NW2194407140,barnv104,NW2,1,9,value,27,0,0,0,0,0,,,,,1,19440714,0,NWK04,h,NY5,1,0,0,regular,y,d
NW2194407140,dandr101,NW2,1,4,value,27,0,0,0,0,0,,,,,1,19440714,0,NWK04,h,NY5,1,0,0,regular,y,d
NW2194407140,pearl102,NW2,1,3,value,27,0,0,0,0,0,,,,,1,19440714,0,NWK04,h,NY5,1,0,0,regular,y,d
NW2194407140,wynnw101,NW2,1,2,value,27,0,0,0,0,0,0,0,0,0,1,19440714,0,NWK04,h,NY5,1,0,0,regular,y,d
NW2194407140,harvb102,NW2,1,7,value,27,0,0,0,0,0,,,,,1,19440714,0,NWK04,h,NY5,1,0,0,regular,y,d
NW2194407140,brata101,NW2,1,8,value,27,0,0,0,0,0,,,,,1,19440714,0,NWK04,h,NY5,1,0,0,regular,y,d
NW2194407140,morts102,NW2,1,6,value,27,0,0,0,0,0,,,,,1,19440714,0,NWK04,h,NY5,1,0,0,regular,y,d
NW2194407140,newcd101,NW2,1,1,value,21,0,0,0,0,0,,,,,1,19440714,0,NWK04,h,NY5,1,0,0,regular,y,d
NW2194407140,mcdut101,NW2,1,1,value,6,0,0,0,0,0,,,,,0,19440714,0,NWK04,h,NY5,1,0,0,regular,y,d
NW2194407150,wilsd103,NY5,1,8,value,27,,,0,0,0,,,,,1,19440715,0,TRE01,v,NW2,1,0,0,regular,y,
NW2194407150,clayz101,NY5,1,3,value,27,,,0,2,0,,,,,1,19440715,0,TRE01,v,NW2,1,0,0,regular,y,
NW2194407150,barkm101,NY5,1,5,value,27,,,1,0,0,,,,,1,19440715,0,TRE01,v,NW2,1,0,0,regular,y,
NW2194407150,chrit101,NY5,1,9,value,27,,,1,0,0,,,,,1,19440715,0,TRE01,v,NW2,1,0,0,regular,y,
NW2194407150,willj110,NY5,1,7,value,27,,,0,0,0,,,,,1,19440715,0,TRE01,v,NW2,1,0,0,regular,y,
NW2194407150,rivec101,NY5,1,6,value,27,,,0,1,0,,,,,1,19440715,0,TRE01,v,NW2,1,0,0,regular,y,
NW2194407150,spenj103,NY5,1,4,value,27,,,1,2,0,,,,,1,19440715,0,TRE01,v,NW2,1,0,0,regular,y,
NW2194407150,kellw103,NY5,1,2,value,27,,,0,0,0,0,,,,1,19440715,0,TRE01,v,NW2,1,0,0,regular,y,
NW2194407150,rectc101,NY5,1,1,value,27,,,0,0,0,,,,,1,19440715,0,TRE01,v,NW2,1,0,0,regular,y,
NW2194407150,watkm101,NW2,1,5,value,27,,,0,0,0,,,,,1,19440715,0,TRE01,h,NY5,0,1,0,regular,y,
NW2194407150,barnv104,NW2,1,9,value,27,,,0,0,0,,,,,1,19440715,0,TRE01,h,NY5,0,1,0,regular,y,
NW2194407150,dandr101,NW2,1,4,value,27,,,0,0,0,,,,,1,19440715,0,TRE01,h,NY5,0,1,0,regular,y,
NW2194407150,harvb102,NW2,1,7,value,27,,,0,0,0,,,,,1,19440715,0,TRE01,h,NY5,0,1,0,regular,y,
NW2194407150,pearl102,NW2,1,3,value,27,,,2,1,0,,,,,1,19440715,0,TRE01,h,NY5,0,1,0,regular,y,
NW2194407150,wynnw101,NW2,1,2,value,27,,,0,0,0,0,,,,1,19440715,0,TRE01,h,NY5,0,1,0,regular,y,
NW2194407150,brata101,NW2,1,8,value,27,,,1,0,0,,,,,1,19440715,0,TRE01,h,NY5,0,1,0,regular,y,
NW2194407150,morts102,NW2,1,6,value,27,,,0,0,0,,,,,1,19440715,0,TRE01,h,NY5,0,1,0,regular,y,
NW2194407150,hillj104,NW2,1,1,value,27,,,0,0,0,,,,,1,19440715,0,TRE01,h,NY5,0,1,0,regular,y,
NW2194407160,wilsd103,NY5,1,8,value,24,,,0,0,0,0,0,0,,1,19440716,0,NWK04,v,NW2,0,1,0,regular,y,
NW2194407160,clayz101,NY5,1,3,value,24,,,1,1,0,0,0,0,,1,19440716,0,NWK04,v,NW2,0,1,0,regular,y,
NW2194407160,barkm101,NY5,1,9,value,24,,,3,0,0,0,0,0,,,19440716,0,NWK04,v,NW2,0,1,0,regular,y,
NW2194407160,chrit101,NY5,1,7,value,24,,,0,0,0,0,0,0,,1,19440716,0,NWK04,v,NW2,0,1,0,regular,y,
NW2194407160,willj110,NY5,1,5,value,24,,,0,0,0,0,0,0,,,19440716,0,NWK04,v,NW2,0,1,0,regular,y,
NW2194407160,rivec101,NY5,1,6,value,24,,,3,2,0,0,0,0,,1,19440716,0,NWK04,v,NW2,0,1,0,regular,y,
NW2194407160,spenj103,NY5,1,4,value,24,,,1,2,0,0,0,0,,1,19440716,0,NWK04,v,NW2,0,1,0,regular,y,
NW2194407160,kellw103,NY5,1,2,value,24,,,0,1,0,0,0,1,,1,19440716,0,NWK04,v,NW2,0,1,0,regular,y,
NW2194407160,forrp101,NY5,1,1,value,,,,0,0,0,0,0,0,,1,19440716,0,NWK04,v,NW2,0,1,0,regular,y,
NW2194407160,sarva101,NY5,2,1,value,,,,0,0,0,0,0,0,,,19440716,0,NWK04,v,NW2,0,1,0,regular,y,
NW2194407160,rectc101,NY5,3,1,value,27,27,,0,0,0,0,0,0,,,19440716,0,NWK04,v,NW2,0,1,0,regular,y,
NW2194407160,watkm101,NW2,1,5,value,27,,,0,0,0,0,0,0,,1,19440716,0,NWK04,h,NY5,1,0,0,regular,y,
NW2194407160,barnv104,NW2,1,9,value,27,,,0,1,0,0,0,0,,1,19440716,0,NWK04,h,NY5,1,0,0,regular,y,
NW2194407160,dandr101,NW2,1,4,value,27,,,0,0,0,0,0,0,,1,19440716,0,NWK04,h,NY5,1,0,0,regular,y,
NW2194407160,harvb102,NW2,1,7,value,27,,,0,0,0,0,0,0,,1,19440716,0,NWK04,h,NY5,1,0,0,regular,y,
NW2194407160,pearl102,NW2,1,3,value,,,,0,0,0,0,0,0,,1,19440716,0,NWK04,h,NY5,1,0,0,regular,y,
NW2194407160,pearl102,NW2,2,7,value,,,,0,0,0,0,0,0,,,19440716,0,NWK04,h,NY5,1,0,0,regular,y,
NW2194407160,brata101,NW2,1,3,value,,,,0,0,0,0,0,0,,,19440716,0,NWK04,h,NY5,1,0,0,regular,y,
NW2194407160,wynnw101,NW2,1,2,value,,,,0,1,0,0,0,0,,1,19440716,0,NWK04,h,NY5,1,0,0,regular,y,
NW2194407160,morts102,NW2,1,6,value,27,,,0,0,0,0,0,0,,1,19440716,0,NWK04,h,NY5,1,0,0,regular,y,
NW2194407160,hookl101,NW2,1,1,value,27,,,0,0,0,0,0,0,,1,19440716,0,NWK04,h,NY5,1,0,0,regular,y,
NW2194407160,makew101,NW2,2,2,value,,,,0,0,0,0,0,0,,,19440716,0,NWK04,h,NY5,1,0,0,regular,y,
NW2194407160,suttm101,NW2,2,3,value,,,,0,0,0,0,0,0,,,19440716,0,NWK04,h,NY5,1,0,0,regular,y,
PH5194407220,watkm101,NW2,1,5,value,24,0,2,1,0,0,,,,,1,19440722,0,PHI17,v,PH5,0,1,0,regular,y,d
PH5194407220,barnv104,NW2,1,9,value,24,1,0,0,0,0,,,,,1,19440722,0,PHI17,v,PH5,0,1,0,regular,y,d
PH5194407220,dandr101,NW2,1,4,value,24,3,1,0,1,0,,,,,1,19440722,0,PHI17,v,PH5,0,1,0,regular,y,d
PH5194407220,pearl102,NW2,1,3,value,24,13,1,0,2,0,,,,,1,19440722,0,PHI17,v,PH5,0,1,0,regular,y,d
PH5194407220,harvb102,NW2,1,7,value,24,0,0,1,0,0,,,,,1,19440722,0,PHI17,v,PH5,0,1,0,regular,y,d
PH5194407220,wynnw101,NW2,1,2,value,24,2,1,1,0,0,0,0,1,0,1,19440722,0,PHI17,v,PH5,0,1,0,regular,y,d
PH5194407220,brata101,NW2,1,8,value,24,3,0,2,0,0,,,,,1,19440722,0,PHI17,v,PH5,0,1,0,regular,y,d
PH5194407220,morts102,NW2,1,6,value,24,2,5,0,2,0,,,,,1,19440722,0,PHI17,v,PH5,0,1,0,regular,y,d
PH5194407220,hookl101,NW2,1,1,value,24,0,0,0,0,0,,,,,1,19440722,0,PHI17,v,PH5,0,1,0,regular,y,d
PH5194407220,austf101,PH5,1,6,value,27,0,6,0,0,0,,,,,1,19440722,0,PHI17,h,NW2,1,0,0,regular,y,d
PH5194407220,bensg101,PH5,1,8,value,27,0,1,0,0,0,,,,,1,19440722,0,PHI17,h,NW2,1,0,0,regular,y,d
PH5194407220,stone101,PH5,1,9,value,27,3,0,0,0,0,,,,,1,19440722,0,PHI17,h,NW2,1,0,0,regular,y,d
PH5194407220,westj102,PH5,1,3,value,27,12,1,0,0,0,,,,,1,19440722,0,PHI17,h,NW2,1,0,0,regular,y,d
PH5194407220,willm107,PH5,1,4,value,27,1,4,0,0,0,,,,,1,19440722,0,PHI17,h,NW2,1,0,0,regular,y,d
PH5194407220,browb107,PH5,1,7,value,27,1,0,0,0,0,,,,,1,19440722,0,PHI17,h,NW2,1,0,0,regular,y,d
PH5194407220,speah101,PH5,1,5,value,15,1,0,1,0,0,,,,,1,19440722,0,PHI17,h,NW2,1,0,0,regular,y,d
PH5194407220,duckm101,PH5,1,5,value,12,2,0,0,0,0,,,,,0,19440722,0,PHI17,h,NW2,1,0,0,regular,y,d
PH5194407220,cashb101,PH5,1,2,value,27,7,0,0,0,0,0,0,0,0,1,19440722,0,PHI17,h,NW2,1,0,0,regular,y,d
PH5194407220,rickb102,PH5,1,1,value,27,0,2,0,0,0,,,,,1,19440722,0,PHI17,h,NW2,1,0,0,regular,y,d
HOM194407231,watkm101,NW2,1,5,value,24,0,1,0,1,0,,,,,1,19440723,1,WAS09,v,HOM,0,1,0,regular,y,d
HOM194407231,ruffl101,NW2,1,2,value,24,3,0,0,0,0,0,0,2,0,1,19440723,1,WAS09,v,HOM,0,1,0,regular,y,d
HOM194407231,dandr101,NW2,1,4,value,24,1,1,0,1,0,,,,,1,19440723,1,WAS09,v,HOM,0,1,0,regular,y,d
HOM194407231,pearl102,NW2,1,8,value,24,1,0,0,0,0,,,,,1,19440723,1,WAS09,v,HOM,0,1,0,regular,y,d
HOM194407231,harvb102,NW2,1,7,value,24,0,0,0,0,0,,,,,1,19440723,1,WAS09,v,HOM,0,1,0,regular,y,d
HOM194407231,suttm101,NW2,1,3,value,24,2,0,0,2,0,,,,,1,19440723,1,WAS09,v,HOM,0,1,0,regular,y,d
HOM194407231,davij106,NW2,1,1,value,24,0,0,0,0,0,,,,,1,19440723,1,WAS09,v,HOM,0,1,0,regular,y,d
HOM194407231,barnv104,NW2,1,9,value,24,0,0,0,0,0,,,,,1,19440723,1,WAS09,v,HOM,0,1,0,regular,y,d
HOM194407231,morts102,NW2,1,6,value,24,1,1,0,1,0,,,,,1,19440723,1,WAS09,v,HOM,0,1,0,regular,y,d
HOM194407231,bellj103,HOM,1,7,value,27,0,0,0,0,0,,,,,1,19440723,1,WAS09,h,NW2,1,0,0,regular,y,d
HOM194407231,benjj101,HOM,1,8,value,27,0,0,0,0,0,,,,,1,19440723,1,WAS09,h,NW2,1,0,0,regular,y,d
HOM194407231,banks101,HOM,1,6,value,27,0,1,0,1,0,,,,,1,19440723,1,WAS09,h,NW2,1,0,0,regular,y,d
HOM194407231,leonb101,HOM,1,3,value,27,1,0,1,1,0,,,,,1,19440723,1,WAS09,h,NW2,1,0,0,regular,y,d
HOM194407231,gibsj101,HOM,1,2,value,27,2,0,1,0,0,0,0,0,0,1,19440723,1,WAS09,h,NW2,1,0,0,regular,y,d
HOM194407231,cannw101,HOM,1,4,value,27,1,1,0,1,0,,,,,1,19440723,1,WAS09,h,NW2,1,0,0,regular,y,d
HOM194407231,hoskd101,HOM,1,9,value,27,0,0,0,0,0,,,,,1,19440723,1,WAS09,h,NW2,1,0,0,regular,y,d
HOM194407231,battr102,HOM,1,5,value,27,0,0,1,0,0,,,,,1,19440723,1,WAS09,h,NW2,1,0,0,regular,y,d
HOM194407231,browr103,HOM,1,1,value,27,0,0,0,0,0,,,,,1,19440723,1,WAS09,h,NW2,1,0,0,regular,y,d
HOM194407232,watkm101,NW2,1,5,value,24,0,0,1,0,0,,,,,1,19440723,2,WAS09,v,HOM,1,0,0,regular,y,d
HOM194407232,ruffl101,NW2,1,2,value,24,0,0,0,0,0,0,0,0,1,1,19440723,2,WAS09,v,HOM,1,0,0,regular,y,d
HOM194407232,dandr101,NW2,1,4,value,24,1,1,0,1,0,,,,,1,19440723,2,WAS09,v,HOM,1,0,0,regular,y,d
HOM194407232,harvb102,NW2,1,7,value,24,0,0,0,0,0,,,,,1,19440723,2,WAS09,v,HOM,1,0,0,regular,y,d
HOM194407232,pearl102,NW2,1,3,value,24,1,0,0,1,0,,,,,1,19440723,2,WAS09,v,HOM,1,0,0,regular,y,d
HOM194407232,davij106,NW2,1,8,value,24,0,0,0,0,0,,,,,1,19440723,2,WAS09,v,HOM,1,0,0,regular,y,d
HOM194407232,barnv104,NW2,1,9,value,24,0,0,0,0,0,,,,,1,19440723,2,WAS09,v,HOM,1,0,0,regular,y,d
HOM194407232,morts102,NW2,1,6,value,24,0,1,0,1,0,,,,,1,19440723,2,WAS09,v,HOM,1,0,0,regular,y,d
HOM194407232,mcdut101,NW2,1,1,value,24,0,0,0,0,0,,,,,1,19440723,2,WAS09,v,HOM,1,0,0,regular,y,d
HOM194407232,bellj103,HOM,1,7,value,24,0,0,0,0,0,,,,,1,19440723,2,WAS09,h,NW2,0,1,0,regular,y,d
HOM194407232,benjj101,HOM,1,8,value,24,0,0,0,0,0,,,,,1,19440723,2,WAS09,h,NW2,0,1,0,regular,y,d
HOM194407232,banks101,HOM,1,6,value,24,0,1,0,1,0,,,,,1,19440723,2,WAS09,h,NW2,0,1,0,regular,y,d
HOM194407232,leonb101,HOM,1,3,value,24,1,0,0,1,0,,,,,1,19440723,2,WAS09,h,NW2,0,1,0,regular,y,d
HOM194407232,gibsj101,HOM,1,2,value,24,0,0,0,0,0,0,0,1,0,1,19440723,2,WAS09,h,NW2,0,1,0,regular,y,d
HOM194407232,cannw101,HOM,1,4,value,24,1,1,0,1,0,,,,,1,19440723,2,WAS09,h,NW2,0,1,0,regular,y,d
HOM194407232,hoskd101,HOM,1,9,value,24,0,0,0,0,0,,,,,1,19440723,2,WAS09,h,NW2,0,1,0,regular,y,d
HOM194407232,battr102,HOM,1,5,value,21,0,0,0,0,0,,,,,1,19440723,2,WAS09,h,NW2,0,1,0,regular,y,d
HOM194407232,jackj104,HOM,1,5,value,3,0,0,0,0,0,,,,,0,19440723,2,WAS09,h,NW2,0,1,0,regular,y,d
HOM194407232,carts102,HOM,1,1,value,21,0,0,0,0,0,,,,,1,19440723,2,WAS09,h,NW2,0,1,0,regular,y,d
HOM194407232,johnj110,HOM,1,1,value,3,0,0,0,0,0,,,,,0,19440723,2,WAS09,h,NW2,0,1,0,regular,y,d
BLG194407280,watkm101,NW2,1,5,value,27,0,0,0,0,0,,,,,1,19440728,0,BAL14,v,BLG,1,0,0,regular,y,d
BLG194407280,barnv104,NW2,1,9,value,27,0,0,0,0,0,,,,,1,19440728,0,BAL14,v,BLG,1,0,0,regular,y,d
BLG194407280,dandr101,NW2,1,4,value,27,0,0,0,0,0,,,,,1,19440728,0,BAL14,v,BLG,1,0,0,regular,y,d
BLG194407280,harvb102,NW2,1,7,value,27,0,0,0,0,0,,,,,1,19440728,0,BAL14,v,BLG,1,0,0,regular,y,d
BLG194407280,pearl102,NW2,1,3,value,27,0,0,0,0,0,,,,,1,19440728,0,BAL14,v,BLG,1,0,0,regular,y,d
BLG194407280,wynnw101,NW2,1,2,value,27,0,0,0,0,0,0,0,1,0,1,19440728,0,BAL14,v,BLG,1,0,0,regular,y,d
BLG194407280,davij106,NW2,1,1,value,27,0,0,0,0,0,,,,,1,19440728,0,BAL14,v,BLG,1,0,0,regular,y,d
BLG194407280,brata101,NW2,1,8,value,27,0,0,0,0,0,,,,,1,19440728,0,BAL14,v,BLG,1,0,0,regular,y,d
BLG194407280,morts102,NW2,1,6,value,27,0,0,1,0,0,,,,,1,19440728,0,BAL14,v,BLG,1,0,0,regular,y,d
BLG194407280,kimbh102,BLG,1,8,value,27,0,0,0,0,0,,,,,1,19440728,0,BAL14,h,NW2,0,1,0,regular,y,d
BLG194407280,buttt102,BLG,1,6,value,27,1,1,0,1,0,,,,,1,19440728,0,BAL14,h,NW2,0,1,0,regular,y,d
BLG194407280,hoskb101,BLG,1,7,value,27,0,0,0,0,0,,,,,1,19440728,0,BAL14,h,NW2,0,1,0,regular,y,d
BLG194407280,campr102,BLG,1,9,value,27,0,0,0,0,0,,,,,1,19440728,0,BAL14,h,NW2,0,1,0,regular,y,d
BLG194407280,snowf101,BLG,1,5,value,27,0,0,0,0,0,,,,,1,19440728,0,BAL14,h,NW2,0,1,0,regular,y,d
BLG194407280,dennd102,BLG,1,3,value,27,1,0,0,1,0,,,,,1,19440728,0,BAL14,h,NW2,0,1,0,regular,y,d
BLG194407280,russf101,BLG,1,4,value,27,0,1,0,1,0,,,,,1,19440728,0,BAL14,h,NW2,0,1,0,regular,y,d
BLG194407280,clarb107,BLG,1,2,value,27,0,0,1,0,0,0,1,0,1,1,19440728,0,BAL14,h,NW2,0,1,0,regular,y,d
BLG194407280,troyd102,BLG,1,1,value,27,0,0,0,0,0,,,,,1,19440728,0,BAL14,h,NW2,0,1,0,regular,y,d
NY6194407302,mcdut101,NW2,1,1,value,27,,,0,,0,,,,,1,19440730,2,NYC16,v,NY6,1,0,0,regular,,
NY6194407302,wynnw101,NW2,1,2,value,27,,,0,,0,,,,,1,19440730,2,NYC16,v,NY6,1,0,0,regular,,
NY6194407302,greev101,NY6,1,1,value,15,,,,,0,,,,,1,19440730,2,NYC16,h,NW2,0,1,0,regular,,
NY6194407302,howac102,NY6,1,1,value,9,,,,,0,,,,,,19440730,2,NYC16,h,NW2,0,1,0,regular,,
NY6194407302,loudl101,NY6,1,2,value,27,,,,,0,,,,,1,19440730,2,NYC16,h,NW2,0,1,0,regular,,
BLG194408050,watkm101,NW2,1,5,value,24,,,0,0,0,,,,,1,19440805,0,BAL14,v,BLG,0,1,0,regular,y,
BLG194408050,barnv104,NW2,1,9,value,24,,,0,0,0,,,,,1,19440805,0,BAL14,v,BLG,0,1,0,regular,y,
BLG194408050,dandr101,NW2,1,4,value,,,,0,0,0,,,,,1,19440805,0,BAL14,v,BLG,0,1,0,regular,y,
BLG194408050,harvb102,NW2,1,7,value,24,,,0,0,0,,,,,1,19440805,0,BAL14,v,BLG,0,1,0,regular,y,
BLG194408050,pearl102,NW2,1,3,value,24,,,0,0,0,,,,,1,19440805,0,BAL14,v,BLG,0,1,0,regular,y,
BLG194408050,davij106,NW2,1,1,value,7,,,0,0,0,,,,,1,19440805,0,BAL14,v,BLG,0,1,0,regular,y,
BLG194408050,hillj104,NW2,1,1,value,17,,,0,0,0,,,,,,19440805,0,BAL14,v,BLG,0,1,0,regular,y,
BLG194408050,wynnw101,NW2,1,2,value,24,,,1,0,0,0,,,,1,19440805,0,BAL14,v,BLG,0,1,0,regular,y,
BLG194408050,brata101,NW2,1,8,value,24,,,0,0,0,,,,,1,19440805,0,BAL14,v,BLG,0,1,0,regular,y,
BLG194408050,morts102,NW2,1,6,value,,,,0,0,0,,,,,1,19440805,0,BAL14,v,BLG,0,1,0,regular,y,
BLG194408050,morts102,NW2,2,4,value,,,,0,0,0,,,,,,19440805,0,BAL14,v,BLG,0,1,0,regular,y,
BLG194408050,holdu101,NW2,1,6,value,,,,0,0,0,,,,,,19440805,0,BAL14,v,BLG,0,1,0,regular,y,
BLG194408050,kimbh102,BLG,1,8,value,27,,,1,0,0,,,,,1,19440805,0,BAL14,h,NW2,1,0,0,regular,y,
BLG194408050,buttt102,BLG,1,6,value,27,,,1,0,0,,,,,1,19440805,0,BAL14,h,NW2,1,0,0,regular,y,
BLG194408050,snowf101,BLG,1,5,value,27,,,0,1,0,,,,,1,19440805,0,BAL14,h,NW2,1,0,0,regular,y,
BLG194408050,campr102,BLG,1,2,value,27,,,1,1,0,0,,,,1,19440805,0,BAL14,h,NW2,1,0,0,regular,y,
BLG194408050,hoskb101,BLG,1,7,value,27,,,0,0,0,,,,,1,19440805,0,BAL14,h,NW2,1,0,0,regular,y,
BLG194408050,russf101,BLG,1,4,value,27,,,1,1,0,,,,,1,19440805,0,BAL14,h,NW2,1,0,0,regular,y,
BLG194408050,robin102,BLG,1,9,value,27,,,0,0,0,,,,,1,19440805,0,BAL14,h,NW2,1,0,0,regular,y,
BLG194408050,dennd102,BLG,1,3,value,27,,,0,2,0,,,,,1,19440805,0,BAL14,h,NW2,1,0,0,regular,y,
BLG194408050,troyd102,BLG,1,1,value,17,,,0,1,0,,,,,1,19440805,0,BAL14,h,NW2,1,0,0,regular,y,
BLG194408050,harvb101,BLG,1,1,value,10,,,0,0,0,,,,,,19440805,0,BAL14,h,NW2,1,0,0,regular,y,
BLG194408061,watkm101,NW2,1,5,value,27,0,0,1,0,0,,,,,1,19440806,1,BAL14,v,BLG,1,0,0,regular,y,d
BLG194408061,wynnw101,NW2,1,2,value,27,0,0,0,0,0,0,0,0,0,1,19440806,1,BAL14,v,BLG,1,0,0,regular,y,d
BLG194408061,dandr101,NW2,1,4,value,27,1,1,1,1,0,,,,,1,19440806,1,BAL14,v,BLG,1,0,0,regular,y,d
BLG194408061,pearl102,NW2,1,3,value,27,1,0,1,1,0,,,,,1,19440806,1,BAL14,v,BLG,1,0,0,regular,y,d
BLG194408061,harvb102,NW2,1,7,value,27,0,0,0,0,0,,,,,1,19440806,1,BAL14,v,BLG,1,0,0,regular,y,d
BLG194408061,davij106,NW2,1,9,value,27,0,0,0,0,0,,,,,1,19440806,1,BAL14,v,BLG,1,0,0,regular,y,d
BLG194408061,brata101,NW2,1,8,value,27,0,0,0,0,0,,,,,1,19440806,1,BAL14,v,BLG,1,0,0,regular,y,d
BLG194408061,morts102,NW2,1,6,value,27,0,1,0,1,0,,,,,1,19440806,1,BAL14,v,BLG,1,0,0,regular,y,d
BLG194408061,mcdut101,NW2,1,1,value,27,0,0,0,0,0,,,,,1,19440806,1,BAL14,v,BLG,1,0,0,regular,y,d
BLG194408061,kimbh102,BLG,1,8,value,27,0,0,1,0,0,,,,,1,19440806,1,BAL14,h,NW2,0,1,0,regular,y,d
BLG194408061,buttt102,BLG,1,6,value,27,0,0,0,0,0,,,,,1,19440806,1,BAL14,h,NW2,0,1,0,regular,y,d
BLG194408061,snowf101,BLG,1,5,value,27,0,0,0,0,0,,,,,1,19440806,1,BAL14,h,NW2,0,1,0,regular,y,d
BLG194408061,campr102,BLG,1,2,value,27,0,0,0,0,0,0,0,0,0,1,19440806,1,BAL14,h,NW2,0,1,0,regular,y,d
BLG194408061,hoskb101,BLG,1,7,value,27,0,0,0,0,0,,,,,1,19440806,1,BAL14,h,NW2,0,1,0,regular,y,d
BLG194408061,scalg101,BLG,1,9,value,21,0,0,0,0,0,,,,,1,19440806,1,BAL14,h,NW2,0,1,0,regular,y,d
BLG194408061,scalg101,BLG,2,3,value,6,0,0,0,0,0,,,,,0,19440806,1,BAL14,h,NW2,0,1,0,regular,y,d
BLG194408061,russf101,BLG,1,4,value,21,0,0,2,0,0,,,,,1,19440806,1,BAL14,h,NW2,0,1,0,regular,y,d
BLG194408061,robin102,BLG,1,9,value,6,0,0,0,0,0,,,,,0,19440806,1,BAL14,h,NW2,0,1,0,regular,y,d
BLG194408061,dennd102,BLG,1,3,value,21,0,0,1,0,0,,,,,1,19440806,1,BAL14,h,NW2,0,1,0,regular,y,d
BLG194408061,dennd102,BLG,2,4,value,6,0,0,1,0,0,,,,,0,19440806,1,BAL14,h,NW2,0,1,0,regular,y,d
BLG194408061,byrdb101,BLG,1,1,value,27,0,0,0,0,0,,,,,1,19440806,1,BAL14,h,NW2,0,1,0,regular,y,d
BLG194408062,watkm101,NW2,1,5,value,18,0,0,0,0,0,,,,,1,19440806,2,BAL14,v,BLG,0,1,0,regular,y,d
BLG194408062,wynnw101,NW2,1,2,value,18,0,0,0,0,0,0,0,1,1,1,19440806,2,BAL14,v,BLG,0,1,0,regular,y,d
BLG194408062,dandr101,NW2,1,4,value,18,0,0,0,0,0,,,,,1,19440806,2,BAL14,v,BLG,0,1,0,regular,y,d
BLG194408062,pearl102,NW2,1,3,value,18,0,0,0,0,0,,,,,1,19440806,2,BAL14,v,BLG,0,1,0,regular,y,d
BLG194408062,davij106,NW2,1,9,value,18,0,0,1,0,0,,,,,1,19440806,2,BAL14,v,BLG,0,1,0,regular,y,d
BLG194408062,brata101,NW2,1,8,value,18,0,0,0,0,0,,,,,1,19440806,2,BAL14,v,BLG,0,1,0,regular,y,d
BLG194408062,harvb102,NW2,1,7,value,18,0,0,0,0,0,,,,,1,19440806,2,BAL14,v,BLG,0,1,0,regular,y,d
BLG194408062,morts102,NW2,1,6,value,18,0,0,0,0,0,,,,,1,19440806,2,BAL14,v,BLG,0,1,0,regular,y,d
BLG194408062,hookl101,NW2,1,1,value,18,0,0,0,0,0,,,,,1,19440806,2,BAL14,v,BLG,0,1,0,regular,y,d
BLG194408062,kimbh102,BLG,1,8,value,21,0,0,0,0,0,,,,,1,19440806,2,BAL14,h,NW2,1,0,0,regular,y,d
BLG194408062,buttt102,BLG,1,6,value,21,1,1,0,1,0,,,,,1,19440806,2,BAL14,h,NW2,1,0,0,regular,y,d
BLG194408062,snowf101,BLG,1,5,value,21,0,0,0,0,0,,,,,1,19440806,2,BAL14,h,NW2,1,0,0,regular,y,d
BLG194408062,campr102,BLG,1,9,value,21,0,0,0,0,0,,,,,1,19440806,2,BAL14,h,NW2,1,0,0,regular,y,d
BLG194408062,hoskb101,BLG,1,7,value,21,0,0,1,0,0,,,,,1,19440806,2,BAL14,h,NW2,1,0,0,regular,y,d
BLG194408062,scalg101,BLG,1,3,value,21,1,0,0,1,0,,,,,1,19440806,2,BAL14,h,NW2,1,0,0,regular,y,d
BLG194408062,dennd102,BLG,1,4,value,21,0,0,0,0,0,,,,,1,19440806,2,BAL14,h,NW2,1,0,0,regular,y,d
BLG194408062,clarb107,BLG,1,2,value,21,0,0,0,0,0,0,0,0,0,1,19440806,2,BAL14,h,NW2,1,0,0,regular,y,d
BLG194408062,gainj102,BLG,1,1,value,21,0,1,0,1,0,,,,,1,19440806,2,BAL14,h,NW2,1,0,0,regular,y,d
PH5194408120,watkm101,NW2,1,5,value,27,0,2,0,0,0,,,,,1,19440812,0,PHI17,v,PH5,1,0,0,exhibition,y,d
PH5194408120,barnv104,NW2,1,9,value,27,4,0,0,0,0,,,,,1,19440812,0,PHI17,v,PH5,1,0,0,exhibition,y,d
PH5194408120,harvb102,NW2,1,7,value,27,2,0,0,0,0,,,,,1,19440812,0,PHI17,v,PH5,1,0,0,exhibition,y,d
PH5194408120,pearl102,NW2,1,3,value,27,8,1,0,0,0,,,,,1,19440812,0,PHI17,v,PH5,1,0,0,exhibition,y,d
PH5194408120,brata101,NW2,1,8,value,27,2,0,0,0,0,,,,,1,19440812,0,PHI17,v,PH5,1,0,0,exhibition,y,d
PH5194408120,wynnw101,NW2,1,2,value,27,6,0,0,0,0,0,0,0,0,1,19440812,0,PHI17,v,PH5,1,0,0,exhibition,y,d
PH5194408120,morts102,NW2,1,4,value,27,3,3,0,0,0,,,,,1,19440812,0,PHI17,v,PH5,1,0,0,exhibition,y,d
PH5194408120,holdu101,NW2,1,6,value,27,1,3,1,0,0,,,,,1,19440812,0,PHI17,v,PH5,1,0,0,exhibition,y,d
PH5194408120,hobgf101,NW2,1,1,value,27,1,3,1,0,0,,,,,1,19440812,0,PHI17,v,PH5,1,0,0,exhibition,y,d
PH5194408120,austf101,PH5,1,6,value,27,2,3,0,0,0,,,,,1,19440812,0,PHI17,h,NW2,0,1,0,exhibition,y,d
PH5194408120,bensg101,PH5,1,8,value,27,4,0,0,0,0,,,,,1,19440812,0,PHI17,h,NW2,0,1,0,exhibition,y,d
PH5194408120,stone101,PH5,1,9,value,27,2,0,0,0,0,,,,,1,19440812,0,PHI17,h,NW2,0,1,0,exhibition,y,d
PH5194408120,westj102,PH5,1,3,value,27,5,0,0,0,0,,,,,1,19440812,0,PHI17,h,NW2,0,1,0,exhibition,y,d
PH5194408120,speah101,PH5,1,5,value,27,0,2,0,0,0,,,,,1,19440812,0,PHI17,h,NW2,0,1,0,exhibition,y,d
PH5194408120,hartg104,PH5,1,7,value,27,1,0,0,0,0,,,,,1,19440812,0,PHI17,h,NW2,0,1,0,exhibition,y,d
PH5194408120,cashb101,PH5,1,2,value,27,11,1,0,0,0,0,0,0,1,1,19440812,0,PHI17,h,NW2,0,1,0,exhibition,y,d
PH5194408120,duckm101,PH5,1,4,value,27,2,0,0,0,0,,,,,1,19440812,0,PHI17,h,NW2,0,1,0,exhibition,y,d
PH5194408120,carpu101,PH5,1,1,value,2,0,0,0,0,0,,,,,1,19440812,0,PHI17,h,NW2,0,1,0,exhibition,y,d
PH5194408120,kimbl101,PH5,1,1,value,7,0,2,0,0,0,,,,,0,19440812,0,PHI17,h,NW2,0,1,0,exhibition,y,d
PH5194408120,mahou101,PH5,1,1,value,18,0,0,0,0,0,,,,,0,19440812,0,PHI17,h,NW2,0,1,0,exhibition,y,d
NW2194408131,austf101,PH5,1,6,value,24,,,1,1,0,,,,,1,19440813,1,NWK04,v,NW2,0,1,0,exhibition,y,
NW2194408131,bensg101,PH5,1,8,value,24,,,0,0,0,,,,,1,19440813,1,NWK04,v,NW2,0,1,0,exhibition,y,
NW2194408131,stone101,PH5,1,9,value,24,,,0,0,0,,,,,1,19440813,1,NWK04,v,NW2,0,1,0,exhibition,y,
NW2194408131,westj102,PH5,1,3,value,24,,,0,2,0,,,,,1,19440813,1,NWK04,v,NW2,0,1,0,exhibition,y,
NW2194408131,speah101,PH5,1,5,value,24,,,0,0,0,,,,,1,19440813,1,NWK04,v,NW2,0,1,0,exhibition,y,
NW2194408131,hartg104,PH5,1,7,value,24,,,0,0,0,,,,,1,19440813,1,NWK04,v,NW2,0,1,0,exhibition,y,
NW2194408131,cashb101,PH5,1,2,value,24,,,0,0,0,0,,,,1,19440813,1,NWK04,v,NW2,0,1,0,exhibition,y,
NW2194408131,duckm101,PH5,1,4,value,24,,,1,1,0,,,,,1,19440813,1,NWK04,v,NW2,0,1,0,exhibition,y,
NW2194408131,rickb102,PH5,1,1,value,24,,,0,2,0,,,,,1,19440813,1,NWK04,v,NW2,0,1,0,exhibition,y,
NW2194408131,watkm101,NW2,1,5,value,27,,,0,0,0,,,,,1,19440813,1,NWK04,h,PH5,1,0,0,exhibition,y,
NW2194408131,ruffl101,NW2,1,2,value,27,,,0,0,0,0,,,,1,19440813,1,NWK04,h,PH5,1,0,0,exhibition,y,
NW2194408131,barnv104,NW2,1,9,value,27,,,0,0,0,,,,,1,19440813,1,NWK04,h,PH5,1,0,0,exhibition,y,
NW2194408131,pearl102,NW2,1,3,value,,,,0,0,0,,,,,1,19440813,1,NWK04,h,PH5,1,0,0,exhibition,y,
NW2194408131,suttm101,NW2,1,3,value,,,,0,0,0,,,,,,19440813,1,NWK04,h,PH5,1,0,0,exhibition,y,
NW2194408131,harvb102,NW2,1,7,value,27,,,0,0,0,,,,,1,19440813,1,NWK04,h,PH5,1,0,0,exhibition,y,
NW2194408131,brata101,NW2,1,8,value,27,,,0,0,0,,,,,1,19440813,1,NWK04,h,PH5,1,0,0,exhibition,y,
NW2194408131,morts102,NW2,1,4,value,27,,,0,0,0,,,,,1,19440813,1,NWK04,h,PH5,1,0,0,exhibition,y,
NW2194408131,holdu101,NW2,1,6,value,27,,,3,0,0,,,,,1,19440813,1,NWK04,h,PH5,1,0,0,exhibition,y,
NW2194408131,hookl101,NW2,1,1,value,27,,,0,0,0,,,,,1,19440813,1,NWK04,h,PH5,1,0,0,exhibition,y,
NW2194408132,boonl102,PH5,1,1,value,,,,,,0,,,,,,19440813,2,NWK04,v,NW2,0,1,0,exhibition,,
NW2194408132,glens101,PH5,1,2,value,,,,,,0,,,,,1,19440813,2,NWK04,v,NW2,0,1,0,exhibition,,
NW2194408132,millh104,PH5,1,1,value,,,,,,0,,,,,1,19440813,2,NWK04,v,NW2,0,1,0,exhibition,,
NW2194408132,palmc101,PH5,1,2,value,,,,,,0,,,,,,19440813,2,NWK04,v,NW2,0,1,0,exhibition,,
NW2194408132,hillj104,NW2,1,1,value,,,,,,0,,,,,1,19440813,2,NWK04,h,PH5,1,0,0,exhibition,,
NW2194408132,newcd101,NW2,1,1,value,,,,,,0,,,,,,19440813,2,NWK04,h,PH5,1,0,0,exhibition,,
NW2194408132,ruffl101,NW2,1,2,value,,,,,,0,,,,,1,19440813,2,NWK04,h,PH5,1,0,0,exhibition,,
NW2194408132,wynnw101,NW2,1,2,value,21,,,,,0,,,,,,19440813,2,NWK04,h,PH5,1,0,0,exhibition,,
NW2194408180,bellj103,HOM,1,7,value,27,1,0,0,0,0,,,,,1,19440818,0,NWK04,v,NW2,1,0,0,regular,y,d
NW2194408180,benjj101,HOM,1,8,value,27,2,0,0,0,0,,,,,1,19440818,0,NWK04,v,NW2,1,0,0,regular,y,d
NW2194408180,banks101,HOM,1,6,value,27,0,3,1,0,0,,,,,1,19440818,0,NWK04,v,NW2,1,0,0,regular,y,d
NW2194408180,leonb101,HOM,1,3,value,27,12,0,0,0,0,,,,,1,19440818,0,NWK04,v,NW2,1,0,0,regular,y,d
NW2194408180,gibsj101,HOM,1,2,value,27,9,0,0,0,0,0,0,0,0,1,19440818,0,NWK04,v,NW2,1,0,0,regular,y,d
NW2194408180,cannw101,HOM,1,5,value,27,1,2,1,0,0,,,,,1,19440818,0,NWK04,v,NW2,1,0,0,regular,y,d
NW2194408180,hoskd101,HOM,1,9,value,27,1,0,0,0,0,,,,,1,19440818,0,NWK04,v,NW2,1,0,0,regular,y,d
NW2194408180,jackj104,HOM,1,4,value,15,1,1,0,0,0,,,,,1,19440818,0,NWK04,v,NW2,1,0,0,regular,y,d
NW2194408180,carlm101,HOM,1,4,value,12,0,2,0,0,0,,,,,0,19440818,0,NWK04,v,NW2,1,0,0,regular,y,d
NW2194408180,wrigj105,HOM,1,1,value,15,0,0,0,0,0,,,,,1,19440818,0,NWK04,v,NW2,1,0,0,regular,y,d
NW2194408180,walke103,HOM,1,1,value,12,0,0,0,0,0,,,,,0,19440818,0,NWK04,v,NW2,1,0,0,regular,y,d
NW2194408180,watkm101,NW2,1,5,value,27,1,3,0,0,0,,,,,1,19440818,0,NWK04,h,HOM,0,1,0,regular,y,d
NW2194408180,barnv104,NW2,1,9,value,24,2,0,0,0,0,,,,,1,19440818,0,NWK04,h,HOM,0,1,0,regular,y,d
NW2194408180,suttm101,NW2,1,9,value,3,0,0,0,0,0,,,,,0,19440818,0,NWK04,h,HOM,0,1,0,regular,y,d
NW2194408180,dandr101,NW2,1,4,value,27,1,3,0,0,0,,,,,1,19440818,0,NWK04,h,HOM,0,1,0,regular,y,d
NW2194408180,pearl102,NW2,1,3,value,27,15,2,0,0,0,,,,,1,19440818,0,NWK04,h,HOM,0,1,0,regular,y,d
NW2194408180,harvb102,NW2,1,7,value,24,0,0,0,0,0,,,,,1,19440818,0,NWK04,h,HOM,0,1,0,regular,y,d
NW2194408180,davij106,NW2,1,7,value,3,0,0,0,0,0,,,,,0,19440818,0,NWK04,h,HOM,0,1,0,regular,y,d
NW2194408180,brata101,NW2,1,8,value,27,0,0,1,0,0,,,,,1,19440818,0,NWK04,h,HOM,0,1,0,regular,y,d
NW2194408180,wynnw101,NW2,1,2,value,24,5,0,0,0,0,0,0,0,0,1,19440818,0,NWK04,h,HOM,0,1,0,regular,y,d
NW2194408180,parkc101,NW2,1,2,value,3,0,0,0,0,0,0,0,0,0,0,19440818,0,NWK04,h,HOM,0,1,0,regular,y,d
NW2194408180,mcdut101,NW2,1,1,value,27,0,0,0,0,0,,,,,1,19440818,0,NWK04,h,HOM,0,1,0,regular,y,d
NW2194408180,morts102,NW2,1,6,value,27,3,0,1,0,0,,,,,1,19440818,0,NWK04,h,HOM,0,1,0,regular,y,d
NW2194408220,kimbh102,BLG,1,8,value,27,0,0,0,0,0,,,,,1,19440822,0,HRB01,v,NW2,1,0,0,regular,y,d
NW2194408220,buttt102,BLG,1,6,value,27,2,5,0,1,0,,,,,1,19440822,0,HRB01,v,NW2,1,0,0,regular,y,d
NW2194408220,russf101,BLG,1,4,value,27,5,2,1,1,0,,,,,1,19440822,0,HRB01,v,NW2,1,0,0,regular,y,d
NW2194408220,campr102,BLG,1,2,value,27,4,0,1,0,0,0,0,0,0,1,19440822,0,HRB01,v,NW2,1,0,0,regular,y,d
NW2194408220,hoskb101,BLG,1,7,value,27,0,0,0,0,0,,,,,1,19440822,0,HRB01,v,NW2,1,0,0,regular,y,d
NW2194408220,harvb101,BLG,1,9,value,27,0,0,0,0,0,,,,,1,19440822,0,HRB01,v,NW2,1,0,0,regular,y,d
NW2194408220,robin102,BLG,1,5,value,27,2,6,1,1,0,,,,,1,19440822,0,HRB01,v,NW2,1,0,0,regular,y,d
NW2194408220,dennd102,BLG,1,3,value,27,14,0,0,2,0,,,,,1,19440822,0,HRB01,v,NW2,1,0,0,regular,y,d
NW2194408220,troyd102,BLG,1,1,value,27,0,1,0,0,0,,,,,1,19440822,0,HRB01,v,NW2,1,0,0,regular,y,d
NW2194408220,watkm101,NW2,1,5,value,27,2,2,0,1,0,,,,,1,19440822,0,HRB01,h,BLG,0,1,0,regular,y,d
NW2194408220,barnv104,NW2,1,9,value,27,1,0,0,0,0,,,,,1,19440822,0,HRB01,h,BLG,0,1,0,regular,y,d
NW2194408220,dandr101,NW2,1,4,value,27,3,4,0,2,0,,,,,1,19440822,0,HRB01,h,BLG,0,1,0,regular,y,d
NW2194408220,pearl102,NW2,1,3,value,27,9,0,0,2,0,,,,,1,19440822,0,HRB01,h,BLG,0,1,0,regular,y,d
NW2194408220,davij106,NW2,1,7,value,27,0,0,0,0,0,,,,,1,19440822,0,HRB01,h,BLG,0,1,0,regular,y,d
NW2194408220,brata101,NW2,1,8,value,27,2,0,0,0,0,,,,,1,19440822,0,HRB01,h,BLG,0,1,0,regular,y,d
NW2194408220,wynnw101,NW2,1,2,value,27,8,0,1,0,0,0,1,1,0,1,19440822,0,HRB01,h,BLG,0,1,0,regular,y,d
NW2194408220,pittu101,NW2,1,6,value,27,2,5,0,1,0,,,,,1,19440822,0,HRB01,h,BLG,0,1,0,regular,y,d
NW2194408220,newcd101,NW2,1,1,value,27,0,2,0,0,0,,,,,1,19440822,0,HRB01,h,BLG,0,1,0,regular,y,d
NW2194408250,willj111,KCM,1,6,value,24,,,2,,,,,,,1,19440825,0,NWK04,v,NW2,0,1,0,exhibition,y,
NW2194408250,harpd101,KCM,1,7,value,24,,,0,,,,,,,1,19440825,0,NWK04,v,NW2,0,1,0,exhibition,y,
NW2194408250,soueh101,KCM,1,5,value,24,,,1,,,,,,,1,19440825,0,NWK04,v,NW2,0,1,0,exhibition,y,
NW2194408250,serrb101,KCM,1,4,value,24,,,0,,,,,,,1,19440825,0,NWK04,v,NW2,0,1,0,exhibition,y,
NW2194408250,moodl101,KCM,1,8,value,24,,,1,,,,,,,1,19440825,0,NWK04,v,NW2,0,1,0,exhibition,y,
NW2194408250,bumpe101,KCM,1,9,value,24,,,0,,,,,,,1,19440825,0,NWK04,v,NW2,0,1,0,exhibition,y,
NW2194408250,hayns101,KCM,1,3,value,24,,,0,,,,,,,1,19440825,0,NWK04,v,NW2,0,1,0,exhibition,y,
NW2194408250,locke101,KCM,1,1,value,24,,,0,,,,,,,1,19440825,0,NWK04,v,NW2,0,1,0,exhibition,y,
NW2194408250,wingd102,KCM,1,2,value,24,,,0,,,,,,,1,19440825,0,NWK04,v,NW2,0,1,0,exhibition,y,
NW2194408250,watkm101,NW2,1,5,value,27,,,0,,,,,,,1,19440825,0,NWK04,h,KCM,1,0,0,exhibition,y,
NW2194408250,barkm101,NW2,1,9,value,27,,,0,,,,,,,1,19440825,0,NWK04,h,KCM,1,0,0,exhibition,y,
NW2194408250,dandr101,NW2,1,4,value,27,,,2,,,,,,,1,19440825,0,NWK04,h,KCM,1,0,0,exhibition,y,
NW2194408250,pearl102,NW2,1,3,value,27,,,0,,,,,,,1,19440825,0,NWK04,h,KCM,1,0,0,exhibition,y,
NW2194408250,davij106,NW2,1,7,value,27,,,1,,,,,,,1,19440825,0,NWK04,h,KCM,1,0,0,exhibition,y,
NW2194408250,brata101,NW2,1,8,value,27,,,0,,,,,,,1,19440825,0,NWK04,h,KCM,1,0,0,exhibition,y,
NW2194408250,wynnw101,NW2,1,2,value,27,,,0,,,,,,,1,19440825,0,NWK04,h,KCM,1,0,0,exhibition,y,
NW2194408250,makew101,NW2,2,2,value,27,,,0,,,,,,,,19440825,0,NWK04,h,KCM,1,0,0,exhibition,y,
NW2194408250,mcdut101,NW2,1,1,value,27,,,0,,,,,,,1,19440825,0,NWK04,h,KCM,1,0,0,exhibition,y,
NW2194408250,pittu101,NW2,1,6,value,27,,,1,,,,,,,1,19440825,0,NWK04,h,KCM,1,0,0,exhibition,y,
HOM194408260,watkm101,NW2,1,5,value,21,0,4,1,0,0,,,,,1,19440826,0,ALT02,v,HOM,0,1,0,regular,y,d
HOM194408260,barnv104,NW2,1,9,value,21,0,0,0,0,0,,,,,1,19440826,0,ALT02,v,HOM,0,1,0,regular,y,d
HOM194408260,dandr101,NW2,1,4,value,21,3,1,0,0,0,,,,,1,19440826,0,ALT02,v,HOM,0,1,0,regular,y,d
HOM194408260,pearl102,NW2,1,3,value,21,7,0,0,0,0,,,,,1,19440826,0,ALT02,v,HOM,0,1,0,regular,y,d
HOM194408260,suttm101,NW2,1,7,value,21,2,0,0,0,0,,,,,1,19440826,0,ALT02,v,HOM,0,1,0,regular,y,d
HOM194408260,brata101,NW2,1,8,value,21,4,0,2,0,0,,,,,1,19440826,0,ALT02,v,HOM,0,1,0,regular,y,d
HOM194408260,makew101,NW2,1,2,value,21,5,0,0,0,0,0,1,0,0,1,19440826,0,ALT02,v,HOM,0,1,0,regular,y,d
HOM194408260,pittu101,NW2,1,6,value,21,0,1,1,0,0,,,,,1,19440826,0,ALT02,v,HOM,0,1,0,regular,y,d
HOM194408260,davij106,NW2,1,1,value,19,0,2,0,0,0,,,,,1,19440826,0,ALT02,v,HOM,0,1,0,regular,y,d
HOM194408260,hillj104,NW2,1,1,value,2,0,0,0,0,0,,,,,0,19440826,0,ALT02,v,HOM,0,1,0,regular,y,d
HOM194408260,bellj103,HOM,1,7,value,24,0,0,0,0,0,,,,,1,19440826,0,ALT02,h,NW2,1,0,0,regular,y,d
HOM194408260,benjj101,HOM,1,8,value,24,0,2,0,0,0,,,,,1,19440826,0,ALT02,h,NW2,1,0,0,regular,y,d
HOM194408260,banks101,HOM,1,6,value,24,3,5,0,1,0,,,,,1,19440826,0,ALT02,h,NW2,1,0,0,regular,y,d
HOM194408260,leonb101,HOM,1,3,value,24,14,0,0,1,0,,,,,1,19440826,0,ALT02,h,NW2,1,0,0,regular,y,d
HOM194408260,hoskd101,HOM,1,9,value,14,0,2,0,0,0,,,,,1,19440826,0,ALT02,h,NW2,1,0,0,regular,y,d
HOM194408260,hoskd101,HOM,2,1,value,10,0,1,0,0,0,,,,,0,19440826,0,ALT02,h,NW2,1,0,0,regular,y,d
HOM194408260,gastr101,HOM,1,2,value,24,3,0,0,0,0,0,2,1,0,1,19440826,0,ALT02,h,NW2,1,0,0,regular,y,d
HOM194408260,battr102,HOM,1,5,value,24,1,3,0,0,0,,,,,1,19440826,0,ALT02,h,NW2,1,0,0,regular,y,d
HOM194408260,jackj104,HOM,1,4,value,24,2,4,1,1,0,,,,,1,19440826,0,ALT02,h,NW2,1,0,0,regular,y,d
HOM194408260,white107,HOM,1,1,value,14,1,1,0,0,0,,,,,1,19440826,0,ALT02,h,NW2,1,0,0,regular,y,d
HOM194408260,gibsj101,HOM,1,9,value,10,0,0,0,0,0,,,,,0,19440826,0,ALT02,h,NW2,1,0,0,regular,y,d
HOM194408271,watkm101,NW2,1,5,value,24,0,0,0,0,0,,,,,1,19440827,1,PIT06,v,HOM,0,1,0,regular,y,d
HOM194408271,wynnw101,NW2,1,2,value,24,3,0,0,0,0,0,0,0,1,1,19440827,1,PIT06,v,HOM,0,1,0,regular,y,d
HOM194408271,dandr101,NW2,1,4,value,24,4,1,1,1,0,,,,,1,19440827,1,PIT06,v,HOM,0,1,0,regular,y,d
HOM194408271,pearl102,NW2,1,3,value,24,8,0,0,1,0,,,,,1,19440827,1,PIT06,v,HOM,0,1,0,regular,y,d
HOM194408271,davij106,NW2,1,7,value,24,4,0,0,0,0,,,,,1,19440827,1,PIT06,v,HOM,0,1,0,regular,y,d
HOM194408271,suttm101,NW2,1,9,value,21,1,0,0,0,0,,,,,1,19440827,1,PIT06,v,HOM,0,1,0,regular,y,d
HOM194408271,makew101,NW2,1,9,value,3,1,0,0,0,0,,,,,0,19440827,1,PIT06,v,HOM,0,1,0,regular,y,d
HOM194408271,brata101,NW2,1,8,value,24,3,0,0,0,0,,,,,1,19440827,1,PIT06,v,HOM,0,1,0,regular,y,d
HOM194408271,pittu101,NW2,1,6,value,24,0,1,0,1,0,,,,,1,19440827,1,PIT06,v,HOM,0,1,0,regular,y,d
HOM194408271,hookl101,NW2,1,1,value,24,0,0,0,0,0,,,,,1,19440827,1,PIT06,v,HOM,0,1,0,regular,y,d
HOM194408271,bellj103,HOM,1,7,value,27,1,0,0,0,0,,,,,1,19440827,1,PIT06,h,NW2,1,0,0,regular,y,d
HOM194408271,benjj101,HOM,1,8,value,27,3,0,0,0,0,,,,,1,19440827,1,PIT06,h,NW2,1,0,0,regular,y,d
HOM194408271,banks101,HOM,1,6,value,27,2,2,0,2,0,,,,,1,19440827,1,PIT06,h,NW2,1,0,0,regular,y,d
HOM194408271,leonb101,HOM,1,3,value,27,12,0,0,2,0,,,,,1,19440827,1,PIT06,h,NW2,1,0,0,regular,y,d
HOM194408271,gibsj101,HOM,1,2,value,27,7,0,0,0,0,0,0,0,1,1,19440827,1,PIT06,h,NW2,1,0,0,regular,y,d
HOM194408271,cannw101,HOM,1,5,value,27,1,0,0,0,0,,,,,1,19440827,1,PIT06,h,NW2,1,0,0,regular,y,d
HOM194408271,hoskd101,HOM,1,9,value,27,1,0,0,0,0,,,,,1,19440827,1,PIT06,h,NW2,1,0,0,regular,y,d
HOM194408271,jackj104,HOM,1,4,value,27,0,2,0,2,0,,,,,1,19440827,1,PIT06,h,NW2,1,0,0,regular,y,d
HOM194408271,welmr101,HOM,1,1,value,23,0,0,0,0,0,,,,,1,19440827,1,PIT06,h,NW2,1,0,0,regular,y,d
HOM194408271,browr103,HOM,1,1,value,4,0,0,0,0,0,,,,,0,19440827,1,PIT06,h,NW2,1,0,0,regular,y,d
HOM194408272,newcd101,NW2,1,1,value,18,,,,,0,0,,,,1,19440827,2,PIT06,v,HOM,0,1,0,regular,,
HOM194408272,wynnw101,NW2,1,2,value,18,,,,,0,,,,,1,19440827,2,PIT06,v,HOM,0,1,0,regular,,
HOM194408272,gastr101,HOM,1,2,value,6,,,,,0,,,,,1,19440827,2,PIT06,h,NW2,1,0,0,regular,,
HOM194408272,gibsj101,HOM,1,2,value,15,,,,,0,,,,,,19440827,2,PIT06,h,NW2,1,0,0,regular,,
HOM194408272,johnj110,HOM,1,1,value,6,,,,,0,0,,,,1,19440827,2,PIT06,h,NW2,1,0,0,regular,,
HOM194408272,walke103,HOM,1,1,value,15,,,,,0,0,,,,,19440827,2,PIT06,h,NW2,1,0,0,regular,,
HOM194408290,mcdut101,NW2,1,1,value,27,,,0,,0,0,,,,1,19440829,0,NOR02,v,HOM,1,0,0,regular,,
HOM194408290,bellj103,HOM,1,1,value,,,,,,0,0,,,,,19440829,0,NOR02,h,NW2,0,1,0,regular,,
HOM194408290,jackj104,HOM,1,4,value,27,,,,1,0,0,,,,,19440829,0,NOR02,h,NW2,0,1,0,regular,,
HOM194408290,johnj110,HOM,1,1,value,,,,,,0,0,,,,1,19440829,0,NOR02,h,NW2,0,1,0,regular,,
HOM194408290,leonb101,HOM,1,3,value,27,,,,1,0,0,,,,,19440829,0,NOR02,h,NW2,0,1,0,regular,,
HOM194408300,hillj104,NW2,1,1,value,3,,,,,0,0,,,,,19440830,0,POR01,v,HOM,0,1,0,regular,,
HOM194408300,hookl101,NW2,1,1,value,9,,,,,0,0,,,,,19440830,0,POR01,v,HOM,0,1,0,regular,,
HOM194408300,willc107,NW2,1,1,value,9,,,,,0,0,,,,1,19440830,0,POR01,v,HOM,0,1,0,regular,,
HOM194408300,wynnw101,NW2,1,2,value,24,,,,,0,,,,,1,19440830,0,POR01,v,HOM,0,1,0,regular,,
HOM194408300,gastr101,HOM,1,2,value,27,,,,,0,,,,,1,19440830,0,POR01,h,NW2,1,0,0,regular,,
HOM194408300,hoskd101,HOM,1,1,value,27,,,,,0,0,,,,1,19440830,0,POR01,h,NW2,1,0,0,regular,,
NY6194409031,watkm101,NW2,1,5,value,24,1,0,0,0,0,,,,,1,19440903,1,NYC14,v,NY6,0,1,0,regular,y,d
NY6194409031,wynnw101,NW2,1,2,value,24,4,1,1,0,0,0,0,1,0,1,19440903,1,NYC14,v,NY6,0,1,0,regular,y,d
NY6194409031,dandr101,NW2,1,4,value,24,3,2,0,2,0,,,,,1,19440903,1,NYC14,v,NY6,0,1,0,regular,y,d
NY6194409031,pearl102,NW2,1,3,value,24,10,1,0,1,0,,,,,1,19440903,1,NYC14,v,NY6,0,1,0,regular,y,d
NY6194409031,harvb102,NW2,1,9,value,24,2,0,0,0,0,,,,,1,19440903,1,NYC14,v,NY6,0,1,0,regular,y,d
NY6194409031,davij106,NW2,1,7,value,24,0,0,0,0,0,,,,,1,19440903,1,NYC14,v,NY6,0,1,0,regular,y,d
NY6194409031,brata101,NW2,1,8,value,24,2,0,0,0,0,,,,,1,19440903,1,NYC14,v,NY6,0,1,0,regular,y,d
NY6194409031,robib106,NW2,1,6,value,24,2,6,0,2,0,,,,,1,19440903,1,NYC14,v,NY6,0,1,0,regular,y,d
NY6194409031,mcdut101,NW2,1,1,value,13,0,1,0,0,0,,,,,1,19440903,1,NYC14,v,NY6,0,1,0,regular,y,d
NY6194409031,hillj104,NW2,1,1,value,11,0,1,0,0,0,,,,,0,19440903,1,NYC14,v,NY6,0,1,0,regular,y,d
NY6194409031,rodrh101,NY6,1,5,value,27,3,3,0,0,0,,,,,1,19440903,1,NYC14,h,NW2,1,0,0,regular,y,d
NY6194409031,thomd104,NY6,1,3,value,27,10,1,0,2,0,,,,,1,19440903,1,NYC14,h,NW2,1,0,0,regular,y,d
NY6194409031,coimp101,NY6,1,9,value,27,2,0,0,0,0,,,,,1,19440903,1,NYC14,h,NW2,1,0,0,regular,y,d
NY6194409031,duanc101,NY6,1,7,value,27,1,0,0,0,0,,,,,1,19440903,1,NYC14,h,NW2,1,0,0,regular,y,d
NY6194409031,martr105,NY6,1,6,value,27,1,4,0,2,0,,,,,1,19440903,1,NYC14,h,NW2,1,0,0,regular,y,d
NY6194409031,linar101,NY6,1,8,value,27,3,0,0,0,0,,,,,1,19440903,1,NYC14,h,NW2,1,0,0,regular,y,d
NY6194409031,perej103,NY6,1,4,value,27,2,2,0,1,0,,,,,1,19440903,1,NYC14,h,NW2,1,0,0,regular,y,d
NY6194409031,loudl101,NY6,1,2,value,27,5,0,0,0,0,0,0,0,0,1,19440903,1,NYC14,h,NW2,1,0,0,regular,y,d
NY6194409031,barnd101,NY6,1,1,value,22,0,3,0,1,0,,,,,1,19440903,1,NYC14,h,NW2,1,0,0,regular,y,d
NY6194409031,andeb106,NY6,1,1,value,5,0,0,0,0,0,,,,,0,19440903,1,NYC14,h,NW2,1,0,0,regular,y,d
NY6194409032,watkm101,NW2,1,5,value,15,0,2,0,0,0,,,,,1,19440903,2,NYC14,v,NY6,1,0,0,regular,y,d
NY6194409032,wynnw101,NW2,1,2,value,15,1,0,0,0,0,0,0,1,0,1,19440903,2,NYC14,v,NY6,1,0,0,regular,y,d
NY6194409032,dandr101,NW2,1,4,value,15,2,3,0,1,0,,,,,1,19440903,2,NYC14,v,NY6,1,0,0,regular,y,d
NY6194409032,pearl102,NW2,1,3,value,15,7,0,0,1,0,,,,,1,19440903,2,NYC14,v,NY6,1,0,0,regular,y,d
NY6194409032,davij106,NW2,1,7,value,15,1,0,0,0,0,,,,,1,19440903,2,NYC14,v,NY6,1,0,0,regular,y,d
NY6194409032,harvb102,NW2,1,9,value,15,1,0,0,0,0,,,,,1,19440903,2,NYC14,v,NY6,1,0,0,regular,y,d
NY6194409032,brata101,NW2,1,8,value,15,1,0,0,0,0,,,,,1,19440903,2,NYC14,v,NY6,1,0,0,regular,y,d
NY6194409032,robib106,NW2,1,6,value,15,2,1,0,0,0,,,,,1,19440903,2,NYC14,v,NY6,1,0,0,regular,y,d
NY6194409032,hookl101,NW2,1,1,value,15,0,1,0,0,0,,,,,1,19440903,2,NYC14,v,NY6,1,0,0,regular,y,d
NY6194409032,rodrh101,NY6,1,5,value,15,0,3,0,0,0,,,,,1,19440903,2,NYC14,h,NW2,0,1,0,regular,y,d
NY6194409032,thomd104,NY6,1,3,value,15,8,1,0,0,0,,,,,1,19440903,2,NYC14,h,NW2,0,1,0,regular,y,d
NY6194409032,linar101,NY6,1,7,value,15,0,0,0,0,0,,,,,1,19440903,2,NYC14,h,NW2,0,1,0,regular,y,d
NY6194409032,duanc101,NY6,1,9,value,15,0,0,0,0,0,,,,,1,19440903,2,NYC14,h,NW2,0,1,0,regular,y,d
NY6194409032,martr105,NY6,1,6,value,15,2,2,0,0,0,,,,,1,19440903,2,NYC14,h,NW2,0,1,0,regular,y,d
NY6194409032,vargj101,NY6,1,8,value,15,1,0,0,0,0,,,,,1,19440903,2,NYC14,h,NW2,0,1,0,regular,y,d
NY6194409032,perej103,NY6,1,4,value,15,3,2,0,0,0,,,,,1,19440903,2,NYC14,h,NW2,0,1,0,regular,y,d
NY6194409032,loudl101,NY6,1,2,value,15,1,1,0,0,0,0,0,0,1,1,19440903,2,NYC14,h,NW2,0,1,0,regular,y,d
NY6194409032,howac102,NY6,1,1,value,15,0,2,0,0,0,,,,,1,19440903,2,NYC14,h,NW2,0,1,0,regular,y,d
NW2194409041,kimbh102,BLG,1,8,value,24,0,0,0,0,0,,,,,1,19440904,1,NWK04,v,NW2,0,1,0,regular,y,d
NW2194409041,russf101,BLG,1,5,value,24,0,0,0,0,0,,,,,1,19440904,1,NWK04,v,NW2,0,1,0,regular,y,d
NW2194409041,snowf101,BLG,1,4,value,24,0,0,3,0,0,,,,,1,19440904,1,NWK04,v,NW2,0,1,0,regular,y,d
NW2194409041,campr102,BLG,1,2,value,24,0,0,0,0,0,0,0,0,0,1,19440904,1,NWK04,v,NW2,0,1,0,regular,y,d
NW2194409041,hoskb101,BLG,1,7,value,24,0,0,0,0,0,,,,,1,19440904,1,NWK04,v,NW2,0,1,0,regular,y,d
NW2194409041,scalg101,BLG,1,3,value,24,0,0,0,0,0,,,,,1,19440904,1,NWK04,v,NW2,0,1,0,regular,y,d
NW2194409041,dennd102,BLG,1,6,value,24,0,0,1,0,0,,,,,1,19440904,1,NWK04,v,NW2,0,1,0,regular,y,d
NW2194409041,robin102,BLG,1,9,value,24,0,0,0,0,0,,,,,1,19440904,1,NWK04,v,NW2,0,1,0,regular,y,d
NW2194409041,byrdb101,BLG,1,1,value,24,0,0,0,0,0,,,,,1,19440904,1,NWK04,v,NW2,0,1,0,regular,y,d
NW2194409041,watkm101,NW2,1,5,value,27,0,0,0,0,0,,,,,1,19440904,1,NWK04,h,BLG,1,0,0,regular,y,d
NW2194409041,wynnw101,NW2,1,2,value,27,0,0,0,0,0,0,0,0,0,1,19440904,1,NWK04,h,BLG,1,0,0,regular,y,d
NW2194409041,dandr101,NW2,1,4,value,21,0,0,0,0,0,,,,,1,19440904,1,NWK04,h,BLG,1,0,0,regular,y,d
NW2194409041,dandr101,NW2,2,6,value,6,0,0,0,0,0,,,,,0,19440904,1,NWK04,h,BLG,1,0,0,regular,y,d
NW2194409041,pearl102,NW2,1,3,value,21,0,0,0,0,0,,,,,1,19440904,1,NWK04,h,BLG,1,0,0,regular,y,d
NW2194409041,pearl102,NW2,2,4,value,6,0,0,0,0,0,,,,,0,19440904,1,NWK04,h,BLG,1,0,0,regular,y,d
NW2194409041,davij106,NW2,1,1,value,27,0,0,0,0,0,,,,,1,19440904,1,NWK04,h,BLG,1,0,0,regular,y,d
NW2194409041,harvb102,NW2,1,7,value,27,0,0,0,0,0,,,,,1,19440904,1,NWK04,h,BLG,1,0,0,regular,y,d
NW2194409041,brata101,NW2,1,8,value,27,0,0,0,0,0,,,,,1,19440904,1,NWK04,h,BLG,1,0,0,regular,y,d
NW2194409041,barnv104,NW2,1,9,value,27,0,0,0,0,0,,,,,1,19440904,1,NWK04,h,BLG,1,0,0,regular,y,d
NW2194409041,johnl105,NW2,1,6,value,21,0,0,0,0,0,,,,,1,19440904,1,NWK04,h,BLG,1,0,0,regular,y,d
NW2194409041,suttm101,NW2,1,3,value,6,0,0,0,0,0,,,,,0,19440904,1,NWK04,h,BLG,1,0,0,regular,y,d
NW2194409042,mcdut101,NW2,1,1,value,6,,,,,0,,,,,,19440904,2,NWK04,h,BLG,0,1,0,regular,,
NW2194409042,newcd101,NW2,1,1,value,12,,,,,0,,,,,1,19440904,2,NWK04,h,BLG,0,1,0,regular,,
PH5194409160,watkm101,NW2,1,4,value,24,1,3,0,0,0,,,,,1,19440916,0,PHI17,v,PH5,0,1,0,exhibition,y,d
PH5194409160,barnv104,NW2,1,9,value,24,0,0,0,0,0,,,,,1,19440916,0,PHI17,v,PH5,0,1,0,exhibition,y,d
PH5194409160,dandr101,NW2,1,5,value,24,2,4,0,0,0,,,,,1,19440916,0,PHI17,v,PH5,0,1,0,exhibition,y,d
PH5194409160,harvb102,NW2,1,7,value,24,0,0,0,0,0,,,,,1,19440916,0,PHI17,v,PH5,0,1,0,exhibition,y,d
PH5194409160,davij106,NW2,1,3,value,24,13,0,0,1,0,,,,,1,19440916,0,PHI17,v,PH5,0,1,0,exhibition,y,d
PH5194409160,brata101,NW2,1,8,value,24,1,0,0,0,0,,,,,1,19440916,0,PHI17,v,PH5,0,1,0,exhibition,y,d
PH5194409160,wynnw101,NW2,1,2,value,24,7,1,0,1,0,0,1,0,0,1,19440916,0,PHI17,v,PH5,0,1,0,exhibition,y,d
PH5194409160,mcdut101,NW2,1,1,value,24,0,2,0,1,0,,,,,1,19440916,0,PHI17,v,PH5,0,1,0,exhibition,y,d
PH5194409160,pittu101,NW2,1,6,value,24,0,0,0,0,0,,,,,1,19440916,0,PHI17,v,PH5,0,1,0,exhibition,y,d
PH5194409160,austf101,PH5,1,6,value,27,1,4,1,0,0,,,,,1,19440916,0,PHI17,h,NW2,1,0,0,exhibition,y,d
PH5194409160,bensg101,PH5,1,8,value,27,4,0,0,0,0,,,,,1,19440916,0,PHI17,h,NW2,1,0,0,exhibition,y,d
PH5194409160,stone101,PH5,1,9,value,27,1,0,0,0,0,,,,,1,19440916,0,PHI17,h,NW2,1,0,0,exhibition,y,d
PH5194409160,westj102,PH5,1,3,value,27,10,0,0,0,0,,,,,1,19440916,0,PHI17,h,NW2,1,0,0,exhibition,y,d
PH5194409160,willm107,PH5,1,4,value,27,6,4,0,0,0,,,,,1,19440916,0,PHI17,h,NW2,1,0,0,exhibition,y,d
PH5194409160,cashb101,PH5,1,2,value,27,4,0,0,0,0,0,0,0,0,1,19440916,0,PHI17,h,NW2,1,0,0,exhibition,y,d
PH5194409160,duckm101,PH5,1,5,value,27,0,1,0,0,0,,,,,1,19440916,0,PHI17,h,NW2,1,0,0,exhibition,y,d
PH5194409160,hartg104,PH5,1,7,value,27,1,0,0,0,0,,,,,1,19440916,0,PHI17,h,NW2,1,0,0,exhibition,y,d
PH5194409160,millh104,PH5,1,1,value,27,0,2,0,0,0,,,,,1,19440916,0,PHI17,h,NW2,1,0,0,exhibition,y,d
NY6194409170,watkm101,NW2,1,5,value,24,1,2,0,1,0,,,,,1,19440917,0,NYC14,v,NY6,0,1,0,exhibition,y,d
NY6194409170,wynnw101,NW2,1,2,value,24,3,0,1,0,0,0,0,0,0,1,19440917,0,NYC14,v,NY6,0,1,0,exhibition,y,d
NY6194409170,dandr101,NW2,1,4,value,24,3,4,0,1,0,,,,,1,19440917,0,NYC14,v,NY6,0,1,0,exhibition,y,d
NY6194409170,pearl102,NW2,1,3,value,24,9,0,0,1,0,,,,,1,19440917,0,NYC14,v,NY6,0,1,0,exhibition,y,d
NY6194409170,harvb102,NW2,1,9,value,24,1,0,0,0,0,,,,,1,19440917,0,NYC14,v,NY6,0,1,0,exhibition,y,d
NY6194409170,davij106,NW2,1,7,value,24,1,0,0,0,0,,,,,1,19440917,0,NYC14,v,NY6,0,1,0,exhibition,y,d
NY6194409170,brata101,NW2,1,8,value,24,2,0,0,0,0,,,,,1,19440917,0,NYC14,v,NY6,0,1,0,exhibition,y,d
NY6194409170,hookl101,NW2,1,1,value,24,2,3,0,0,0,,,,,1,19440917,0,NYC14,v,NY6,0,1,0,exhibition,y,d
NY6194409170,pittu101,NW2,1,6,value,24,2,2,0,0,0,,,,,1,19440917,0,NYC14,v,NY6,0,1,0,exhibition,y,d
NY6194409170,rodrh101,NY6,1,5,value,27,0,3,0,1,0,,,,,1,19440917,0,NYC14,h,NW2,1,0,0,exhibition,y,d
NY6194409170,thomd104,NY6,1,3,value,27,12,1,0,2,0,,,,,1,19440917,0,NYC14,h,NW2,1,0,0,exhibition,y,d
NY6194409170,linar101,NY6,1,7,value,27,1,0,0,0,0,,,,,1,19440917,0,NYC14,h,NW2,1,0,0,exhibition,y,d
NY6194409170,coimp101,NY6,1,9,value,27,2,0,0,0,0,,,,,1,19440917,0,NYC14,h,NW2,1,0,0,exhibition,y,d
NY6194409170,martr105,NY6,1,6,value,27,2,2,0,1,0,,,,,1,19440917,0,NYC14,h,NW2,1,0,0,exhibition,y,d
NY6194409170,vargj101,NY6,1,8,value,27,3,1,0,0,0,,,,,1,19440917,0,NYC14,h,NW2,1,0,0,exhibition,y,d
NY6194409170,perej103,NY6,1,4,value,27,1,2,0,2,0,,,,,1,19440917,0,NYC14,h,NW2,1,0,0,exhibition,y,d
NY6194409170,brooa101,NY6,1,2,value,27,6,0,1,0,0,0,0,0,0,1,19440917,0,NYC14,h,NW2,1,0,0,exhibition,y,d
NY6194409170,taylj108,NY6,1,1,value,27,0,6,0,0,0,,,,,1,19440917,0,NYC14,h,NW2,1,0,0,exhibition,y,d
