gid,id,team,p_seq,stattype,p_ipouts,p_noout,p_bfp,p_h,p_d,p_t,p_hr,p_r,p_er,p_w,p_iw,p_k,p_hbp,p_wp,p_bk,p_sh,p_sf,p_sb,p_cs,p_pb,wp,lp,save,p_gs,p_gf,p_cg,date,number,site,vishome,opp,win,loss,tie,gametype,box,pbp,eject
KCM194004210,bryaa101,KCM,1,value,9,,10,2,0,0,0,0,0,0,0,,0,0,0,,0,,,,,,,1,,,19400421,0,ATL04,h,IN8,1,0,0,exhibition,y,,
HOM194004281,bryaa101,KCM,2,value,7,,8,1,0,0,0,1,,0,0,1,0,0,0,,0,,,,,,,,1,,19400428,1,NOL01,v,HOM,0,1,0,exhibition,y,,
MEM194005200,bryaa101,KCM,2,value,,,,,,,,,,,,,,,,,,,,,,,,,,,19400520,0,MEM02,v,MEM,0,1,0,regular,,,
KCM194005240,bryaa101,KCM,2,value,3,,9,2,0,0,0,2,,3,0,,0,0,0,,0,,,,,,,,,,19400524,0,WIC01,h,MEM,1,0,0,regular,y,,
CV9194006030,bryaa101,KCM,2,value,11,,17,3,2,0,1,3,,1,0,3,0,0,0,0,0,,,,,,,,1,,19400603,0,WAR02,v,CV9,0,1,0,regular,y,,
KCM194006092,bryaa101,KCM,1,value,14,,18,4,0,0,0,2,,0,0,3,0,0,0,2,0,,,,,,,1,,,19400609,2,KAN05,h,CAG,0,1,0,regular,y,,
PH5194006221,bryaa101,KCM,2,value,8,,11,3,0,1,0,1,1,0,0,,0,0,0,,0,,,,,,,,,,19400622,1,PHI17,v,PH5,0,1,0,exhibition,y,,
IN8194006270,bryaa101,KCM,1,value,12,,17,4,0,0,0,2,,2,0,1,0,0,0,,0,,,,,,,1,,,19400627,0,IND10,v,IN8,0,1,0,regular,y,,
IN8194006280,bryaa101,KCM,1,value,,,,,,,,,,,,,,,,,,,,,,,,1,,,19400628,0,IND10,v,IN8,0,1,0,regular,,,
KCM194105220,bryaa101,KCM,2,value,,,,,,,1,,,,,,,,,,,,,,,,,,1,,19410522,0,OKC02,h,MEM,0,1,0,regular,,,
PH5194107172,bryaa101,KCM,1,value,21,,25,4,0,0,0,0,0,2,,2,0,0,0,0,,,,,1,,,1,,1,19410717,2,PHI17,v,PH5,1,0,0,exhibition,y,,
KCM194107272,bryaa101,KCM,1,value,,,,,,,,,,,,,,,,,,,,,,,,1,,,19410727,2,LOU05,h,JAX,0,1,0,exhibition,,,
SNO194108031,bryaa101,KCM,1,value,9,,16,5,0,0,0,3,3,1,0,0,0,1,0,0,0,,,,,,,1,,,19410803,1,CLE06,v,SNO,1,0,0,regular,y,,
KCM194108070,bryaa101,KCM,1,value,25,,34,8,0,0,0,8,,1,0,8,1,0,0,0,0,,,,,,,1,,,19410807,0,DCT02,h,SNO,1,0,0,regular,y,,
KCM194108120,bryaa101,KCM,2,value,18,,28,8,0,0,0,6,5,2,0,5,0,0,0,0,0,,,,,1,,,1,,19410812,0,DAV01,h,SNO,0,1,0,regular,y,,
KCM194604040,bryaa101,KCM,2,value,,,,,,,,,,,,,,,,,,,,,,,,1,,,19460404,0,HOU04,h,CCR,1,0,0,exhibition,,,
KCM194604120,bryaa101,KCM,1,value,15,0,19,3,0,2,0,3,2,0,0,1,0,0,0,0,0,0,0,0,1,,,1,,,19460412,0,HOU04,h,CCR,1,0,0,exhibition,y,d,
KCM194604190,bryaa101,KCM,1,value,,,,,,,,,,,,,,,,,,,,,,,,1,,,19460419,0,FTW01,h,CCR,1,0,0,exhibition,,,
KCM194605020,bryaa101,KCM,1,value,19,0,29,6,2,0,0,6,3,1,0,6,0,0,0,2,0,0,0,0,,,,1,,,19460502,0,OKC02,h,IN9,1,0,0,exhibition,y,d,
CCR194605290,bryaa101,KCM,1,value,,,,,,,,,,,,,,,,,,,,,,,,1,,,19460529,0,IND10,v,CCR,0,1,0,exhibition,,,
MEM194606060,bryaa101,KCM,1,value,12,,,,,,,,,,,,,,,,,,,,,1,,1,,,19460606,0,LRK02,v,MEM,0,1,0,regular,,,
CVB194606100,bryaa101,KCM,2,value,3,,,,,,,,,,,,,,,,,,,,,,,,1,,19460610,0,COL05,v,CVB,1,0,0,regular,,,
CVB194606110,bryaa101,KCM,2,value,15,,,,,,,,,,,,,,,,,,,,,,,,,,19460611,0,TOL05,v,CVB,0,0,1,regular,,,
CVB194607020,bryaa101,MEM,1,value,26,0,40,9,4,0,0,5,5,4,0,8,1,0,0,2,0,0,1,0,,1,,1,,1,19460702,0,ERI01,v,CVB,0,1,0,regular,y,d,
MEM194607072,bryaa101,MEM,2,value,,,,,,,,,,,,,,,,,,,,,,,,,1,,19460707,2,MEM03,h,CVB,0,1,0,regular,,,
MEM194607080,bryaa101,MEM,1,value,27,,,8,,,,5,,,,,,,,,,,,,,1,,1,,1,19460708,0,LRK02,h,CVB,0,1,0,regular,,,
CCR194607110,bryaa101,MEM,1,value,17,,30,14,0,,1,8,,1,,4,0,0,0,0,,,,,1,,,1,,,19460711,0,SPR03,v,CCR,1,0,0,exhibition,y,,
MEM194607212,bryaa101,MEM,1,value,21,,,6,,,,2,,,,,,,,,,,,,1,,,1,,1,19460721,2,MEM03,h,CCR,1,0,0,exhibition,,,
