gid,id,team,d_seq,d_pos,stattype,d_ifouts,d_po,d_a,d_e,d_dp,d_tp,d_pb,d_wp,d_sb,d_cs,d_gs,date,number,site,vishome,opp,win,loss,tie,gametype,box,pbp,eject
CI2194208021,davip103,CI2,1,1,value,27,,,0,,0,0,,,,1,19420802,1,CIN07,h,MEM,0,1,0,exhibition,,,
BIR194208231,davip103,CI2,1,1,value,24,1,0,0,0,0,,,,,1,19420823,1,BIR01,v,BIR,1,0,0,exhibition,y,,
KCM194208270,davip103,CI2,1,1,value,9,,,0,,0,0,,,,1,19420827,0,TOL05,v,KCM,0,1,0,exhibition,,,
CI2194209010,davip103,CI2,1,1,value,15,,,0,,0,0,,,,1,19420901,0,CIN07,h,KCM,0,1,0,exhibition,,,
KCM194209062,davip103,CI2,1,1,value,18,0,0,0,0,0,,,,,1,19420906,2,CHI11,v,KCM,0,1,0,exhibition,y,,
CI2194209201,davip103,CI2,1,1,value,27,,,0,,0,0,,,,1,19420920,1,IND10,h,BIR,1,0,0,exhibition,,,
CI2194209210,davip103,CI2,1,1,value,27,,,0,,0,0,,,,1,19420921,0,SPR04,h,BIR,1,0,0,exhibition,,,
BIR194209230,davip103,CI2,1,1,value,21,,,,,0,0,,,,1,19420923,0,OKC01,v,BIR,0,1,0,exhibition,,,
BIR194209271,davip103,CI2,1,1,value,24,,,0,,0,0,,,,1,19420927,1,BIR01,v,BIR,0,1,0,exhibition,,,
BIR194306061,davip103,CI2,1,1,value,,,,,,0,,,,,1,19430606,1,BIR01,v,BIR,0,1,0,regular,,,
CI2194306170,davip103,CI2,1,1,value,27,0,5,1,0,0,,,,,1,19430617,0,RCI01,h,BIR,1,0,0,regular,y,d,
MEM194306271,davip103,CI2,1,1,value,6,0,0,0,0,0,,,,,0,19430627,1,MEM03,v,MEM,1,0,0,regular,y,d,
CI2194308111,davip103,CI2,1,1,value,27,,,,,0,,,,,1,19430811,1,WIN01,h,BIR,0,1,0,regular,,,
KCM194308160,davip103,CI2,1,5,value,24,,,,,,,,,,,19430816,0,MEM03,v,KCM,0,1,0,regular,,,
KCM194308260,davip103,CI2,1,1,value,3,0,0,0,0,0,,,,,,19430826,0,KAN05,v,KCM,0,1,0,regular,y,,
CI2194309051,davip103,CI2,1,1,value,27,,,,,0,,,,,1,19430905,1,CIN07,h,CVB,1,0,0,regular,,,
CI2194309080,davip103,CI2,1,1,value,27,0,0,0,0,0,,,,,1,19430908,0,CIN07,h,BIR,0,1,0,regular,y,d,
CVB194309121,davip103,CI2,1,1,value,24,1,2,0,0,0,,,,,1,19430912,1,CLE06,v,CVB,0,1,0,exhibition,y,,
CI2194309150,davip103,CI2,1,1,value,18,,,,,0,,,,,,19430915,0,BEL01,h,KCM,0,1,0,exhibition,,,
KCM194309192,davip103,CI2,1,1,value,21,,,,,0,,,,,1,19430919,2,DAL01,v,KCM,1,0,0,exhibition,,,
KCM194309230,davip103,CI2,1,1,value,24,0,6,0,0,0,,,,,1,19430923,0,HOU04,v,KCM,0,1,0,exhibition,y,,
KCM194605020,davip103,IN9,1,3,value,25,7,2,1,0,0,,,,,1,19460502,0,OKC02,v,KCM,0,1,0,exhibition,y,d,
MEM194605051,davip103,IN9,1,1,value,27,,,0,,0,0,,,,1,19460505,1,MEM03,v,MEM,0,1,0,regular,,,
MEM194605070,davip103,IN9,1,1,value,24,,,,,0,,,,,1,19460507,0,JAC01,v,MEM,0,1,0,regular,,,
CAG194605120,davip103,IN9,1,1,value,60,1,2,0,0,0,,,,,1,19460512,0,CHI10,v,CAG,0,0,1,regular,y,d,
IN9194605192,davip103,IN9,1,1,value,15,,,0,,0,0,,,,1,19460519,2,CIN07,h,CVB,1,0,0,regular,,,
IN9194605302,davip103,IN9,1,1,value,27,,,0,,0,0,,,,1,19460530,2,IND10,h,KCM,0,1,0,regular,,,
CVB194606021,davip103,IN9,1,1,value,3,0,1,0,0,0,,,,,0,19460602,1,CLE06,v,CVB,1,0,0,regular,y,d,
CVB194606022,davip103,IN9,1,1,value,,,,0,,0,0,,,,,19460602,2,CLE06,v,CVB,1,0,0,regular,,,
CAG194606091,davip103,IN9,1,1,value,6,,,0,,0,0,,,,,19460609,1,CHI10,v,CAG,1,0,0,regular,,,
CAG194606092,davip103,IN9,1,1,value,9,,,0,,0,0,,,,,19460609,2,CHI10,v,CAG,0,1,0,regular,,,
CAG194606130,davip103,IN9,1,1,value,24,,,0,,0,0,,,,1,19460613,0,CHI10,v,CAG,0,1,0,regular,,,
IN9194606161,davip103,IN9,1,1,value,12,,,0,,0,0,,,,1,19460616,1,CIN07,h,BIR,0,1,0,regular,,,
IN9194606260,davip103,IN9,1,1,value,27,,,0,,0,0,,,,1,19460626,0,CIN07,h,MEM,1,0,0,regular,,,
IN9194606301,davip103,IN9,1,1,value,,,,0,,0,0,,,,1,19460630,1,IND10,h,CAG,0,1,0,regular,,,
IN9194606301,davip103,IN9,1,1,lower,9,,,0,,0,,,,,1,19460630,1,IND10,h,CAG,0,1,0,regular,,,
IN9194606301,davip103,IN9,1,1,upper,11,,,0,,0,,,,,1,19460630,1,IND10,h,CAG,0,1,0,regular,,,
CCR194607072,davip103,IN9,1,1,value,,,,0,,0,0,,,,1,19460707,2,CIN07,v,CCR,0,1,0,exhibition,,,
IN9194607110,davip103,IN9,1,1,value,18,,,,,0,0,,,,,19460711,0,IND10,h,HOM,0,0,1,exhibition,,,
IN9194607142,davip103,IN9,1,1,value,21,,,0,,0,0,,,,1,19460714,2,IND10,h,CVB,1,0,0,regular,,,
IN9194607281,davip103,IN9,1,1,value,,,,0,,0,0,,,,1,19460728,1,CIN07,h,KCM,0,1,0,regular,,,
IN9194607290,davip103,IN9,1,1,value,15,0,0,0,0,0,,,,,0,19460729,0,DCT02,h,KCM,0,1,0,regular,y,d,
IN9194608041,davip103,IN9,1,1,value,33,,,,,0,0,,,,1,19460804,1,CIN07,h,CCR,0,1,0,exhibition,,,
BIR194608112,davip103,IN9,1,1,value,3,,,0,,0,0,,,,,19460811,2,BIR01,v,BIR,1,0,0,regular,,,
PH5194608122,davip103,IN9,1,1,value,27,0,0,0,0,0,,,,,1,19460812,2,PHI11,v,PH5,0,0,1,exhibition,y,,
IN9194608200,davip103,IN9,1,1,value,6,,,0,0,0,,,,,,19460820,0,ERI01,h,CCR,1,0,0,exhibition,y,,
KCM194608302,davip103,IN9,1,1,value,4,0,0,0,0,0,,,,,1,19460830,2,STL07,v,KCM,0,1,0,regular,y,,
KCM194609011,davip103,IN9,1,1,value,27,1,3,0,0,0,,,,,1,19460901,1,KAN05,v,KCM,1,0,0,regular,y,,
HOM194609122,davip103,IN9,1,1,value,24,,,0,,0,0,,,,1,19460912,2,WAS09,v,HOM,0,1,0,exhibition,,,
BIR194904170,davip103,IN9,1,1,value,40,0,0,0,0,0,,,,,1,19490417,0,ATL04,v,BIR,0,1,0,exhibition,y,d,
IN9194904280,davip103,IN9,1,1,value,6,0,0,0,0,0,,,,,0,19490428,0,CHA03,h,KCM,0,1,0,exhibition,y,d,
IN9194905030,davip103,IN9,1,1,value,22,0,0,0,0,0,,,,,1,19490503,0,POR01,h,NY6,0,1,0,regular,y,d,
PH5194905120,davip103,IN9,1,1,value,27,0,4,0,0,0,,,,,1,19490512,0,WIL04,v,PH5,1,0,0,regular,y,d,
CAG194905221,davip103,IN9,,1,value,,,,,,,,,,,,19490522,1,CHI10,v,CAG,0,1,0,regular,,,
IN9194905240,davip103,IN9,1,1,value,27,,,,,,,,,,1,19490524,0,DAY03,h,CAG,1,0,0,regular,,,
KCM194905301,davip103,IN9,1,1,value,24,0,1,0,0,0,,,,,1,19490530,1,KAN05,v,KCM,0,1,0,regular,y,d,
KCM194906040,davip103,IN9,1,1,value,1,0,0,0,0,0,,,,,0,19490604,0,GIN01,v,KCM,1,0,0,regular,y,d,
KCM194906051,davip103,IN9,2,1,value,,,,,,,,,,,,19490605,1,ARN01,v,KCM,0,1,0,regular,,,
IN9194906110,davip103,IN9,1,1,value,3,0,0,0,0,0,,,,,0,19490611,0,CHA01,h,PH5,1,0,0,regular,y,d,
IN9194906120,davip103,IN9,,1,value,10,,,,,,,,,,,19490612,0,CHA01,h,PH5,0,1,0,regular,,,
IN9194906120,davip103,IN9,,1,lower,10,,,,,,,1,,,,19490612,0,CHA01,h,PH5,0,1,0,regular,,,
IN9194906120,davip103,IN9,,1,upper,13,,,,,,,,,,,19490612,0,CHA01,h,PH5,0,1,0,regular,,,
BIR194906192,davip103,IN9,1,1,value,8,0,0,0,0,0,,,,,0,19490619,2,BIR01,v,BIR,1,0,0,regular,y,d,
BIR194906200,davip103,IN9,1,1,value,4,0,0,0,0,0,,,,,1,19490620,0,BIR01,v,BIR,0,1,0,regular,y,,
MEM194906261,davip103,IN9,1,1,value,27,,,,,,,,,,1,19490626,1,MEM02,v,MEM,1,0,0,regular,,,
IN9194907031,davip103,IN9,1,1,value,27,,,,,,,,,,1,19490703,1,PIT06,h,LCB,1,0,0,regular,,,
LCB194907042,davip103,IN9,2,1,value,,,,,,,,,,,,19490704,2,LOU05,v,LCB,0,1,0,regular,,,
HOE194907101,davip103,IN9,1,1,value,27,,,,,,,,,,1,19490710,1,HOU04,v,HOE,1,0,0,regular,,,
HOE194907140,davip103,IN9,1,1,value,27,,,0,,,,,,,1,19490714,0,GRE01,v,HOE,0,1,0,regular,,,
IN9194907180,davip103,IN9,1,1,value,27,,,,,,,,,,1,19490718,0,CIN07,h,HOE,0,1,0,regular,,,
BLG194907241,davip103,IN9,1,1,value,24,0,3,0,0,0,,,,,1,19490724,1,BAL14,v,BLG,0,1,0,regular,y,d,
IN9194907270,davip103,IN9,,1,value,8,,,,,,,,,,,19490727,0,IND10,h,PH5,1,0,0,regular,,,
LCB194907312,davip103,IN9,,1,value,,,,,,,,,,,,19490731,2,CLE06,v,LCB,1,0,0,regular,,,
LCB194908020,davip103,IN9,1,1,value,28,,,,,,,,,,1,19490802,0,BUF06,v,LCB,0,1,0,regular,,,
LCB194908020,davip103,IN9,1,1,lower,27,,,,,,,,,,1,19490802,0,BUF06,v,LCB,0,1,0,regular,,,
LCB194908020,davip103,IN9,1,1,upper,29,,,,,,,,,,1,19490802,0,BUF06,v,LCB,0,1,0,regular,,,
NY6194908072,davip103,IN9,1,1,value,24,0,0,1,0,0,,,,,1,19490807,2,NYC14,v,NY6,0,0,1,regular,y,d,
NY6194908080,davip103,IN9,1,3,value,18,3,0,1,0,0,,,,,0,19490808,0,WIL04,v,NY6,0,1,0,regular,y,d,
IN9194908190,davip103,IN9,1,1,value,15,,,0,,,,,,,1,19490819,0,COL05,h,PH5,0,1,0,regular,,,
CAG194909070,davip103,IN9,1,1,value,27,,,,,,,,,,1,19490907,0,RCI01,v,CAG,1,0,0,exhibition,,,
KCM194909182,davip103,IN9,1,1,value,7,0,1,0,0,0,,,,,0,19490918,2,KAN05,v,KCM,0,1,0,exhibition,y,d,
