gid,id,team,d_seq,d_pos,stattype,d_ifouts,d_po,d_a,d_e,d_dp,d_tp,d_pb,d_wp,d_sb,d_cs,d_gs,date,number,site,vishome,opp,win,loss,tie,gametype,box,pbp,eject
NY6194604070,hairh101,HOM,1,1,value,15,,,0,,0,0,,,,,19460407,0,COR01,v,NY6,0,1,0,exhibition,,,
NY6194604110,hairh101,HOM,1,1,value,,,,0,,0,0,,,,,19460411,0,DAL01,v,NY6,1,0,0,exhibition,,,
HOM194604210,hairh101,HOM,1,1,value,11,0,0,0,0,0,,,,,0,19460421,0,WAS09,h,NY5,0,1,0,exhibition,y,d,
NY5194604282,hairh101,HOM,1,1,value,21,,,0,,0,0,,,,1,19460428,2,NYC16,v,NY5,1,0,0,exhibition,,,
BLG194605052,hairh101,HOM,1,1,value,15,0,4,0,0,0,,,,,1,19460505,2,BAL14,v,BLG,0,1,0,regular,y,,
NW2194605140,hairh101,HOM,1,1,value,18,0,0,0,0,0,,,,,1,19460514,0,NWK04,v,NW2,0,0,1,regular,y,d,
HOM194605191,hairh101,HOM,1,1,value,18,0,0,0,0,0,,,,,0,19460519,1,WAS09,h,PH5,0,1,0,regular,y,d,
HOM194605220,hairh101,HOM,1,1,value,6,0,0,0,0,0,,,,,,19460522,0,PIT06,h,NY5,1,0,0,regular,y,,
NW2194606180,hairh101,HOM,1,1,value,16,0,0,0,0,0,,,,,0,19460618,0,NWK04,v,NW2,0,1,0,regular,y,d,
NW2194606250,hairh101,HOM,1,1,value,8,0,0,0,0,0,,,,,1,19460625,0,NWK04,v,NW2,0,1,0,regular,y,d,
NW2194606260,hairh101,HOM,1,1,value,3,,,,,0,0,,,,,19460626,0,TRE01,v,NW2,0,1,0,regular,,,
HOM194607011,hairh101,HOM,1,1,value,9,0,0,0,0,0,,,,,,19460701,1,PHI11,h,NY6,1,0,0,regular,y,,
HOM194607042,hairh101,HOM,1,1,value,,,,0,,0,0,,,,1,19460704,2,PIT06,h,NY6,0,1,0,regular,,,
HOM194607120,hairh101,HOM,1,1,value,30,,,0,,0,0,,,,1,19460712,0,DAY03,h,BIR,0,0,1,exhibition,,,
HOM194607282,hairh101,HOM,1,1,value,3,0,,0,0,0,,,,,,19460728,2,WAS09,h,NW2,0,1,0,regular,y,,
HOM194608070,hairh101,HOM,1,1,value,27,0,1,0,0,0,,,,,1,19460807,0,ALT02,h,BLG,1,0,0,regular,y,d,
PH5194608260,hairh101,HOM,1,1,value,24,0,0,0,0,0,,,,,1,19460826,0,LAN01,v,PH5,0,1,0,regular,y,,
HOM194609081,hairh101,HOM,1,1,value,27,,,0,,0,0,,,,1,19460908,1,WAS09,h,NY5,1,0,0,regular,,,
HOM194704271,hairh101,HOM,1,1,value,1,0,0,0,0,0,,,,,0,19470427,1,WAS09,h,NY5,1,0,0,exhibition,y,d,
HOM194705031,hairh101,HOM,1,1,value,2,0,0,0,0,0,,,,,0,19470503,1,PIT06,h,NY6,0,1,0,regular,y,d,
HOM194705241,hairh101,HOM,1,1,value,2,0,0,0,0,0,,,,,,19470524,1,PIT06,h,NY5,1,0,0,regular,y,,
