gid,id,team,b_lp,b_seq,stattype,b_pa,b_ab,b_r,b_h,b_d,b_t,b_hr,b_rbi,b_sh,b_sf,b_hbp,b_w,b_iw,b_k,b_sb,b_cs,b_gdp,b_xi,b_roe,dh,ph,pr,date,number,site,vishome,opp,win,loss,tie,gametype,box,pbp,eject
NW1193505052,baila101,NW1,9,1,value,1,1,0,0,0,0,0,,0,,0,0,0,,0,,0,,,,,,19350505,2,IRV01,h,BRN,0,1,0,regular,y,,
NW1193505121,baila101,NW1,9,3,value,3,3,0,0,0,0,0,,0,,0,0,,,0,,,,,,,,19350512,1,IRV01,h,HOM,1,0,0,regular,y,,
NW1193505160,baila101,NW1,9,1,value,1,1,0,0,,,,,,,,,,,,,,,,,,,19350516,0,IRV01,h,BRN,0,1,0,regular,y,,
PH5193505191,baila101,NW1,9,1,value,3,3,0,0,,,,,,,,,,,,,,,,,,,19350519,1,PHI17,v,PH5,0,1,0,regular,y,,
NSH193505250,baila101,NW1,9,1,value,0,0,0,0,0,0,0,,0,,0,0,,,,,,,,,,,19350525,0,COL04,v,NSH,0,1,0,regular,y,,
NSH193505280,baila101,NW1,9,1,value,3,3,0,0,0,0,0,0,0,0,0,0,0,,0,0,0,0,0,,,,19350528,0,BEC01,v,NSH,0,1,0,regular,y,d,
NW1193506021,baila101,NW1,9,2,value,2,2,1,1,0,0,0,,0,,0,0,0,1,0,,,,,,,,19350602,1,IRV01,h,PTC,0,1,0,regular,y,,
NY6193506060,baila101,NW1,,,value,,,,,,,,,,,,,,,,,,,,,,,19350606,0,PAS01,v,NY6,1,0,0,regular,,,
PH5193507201,baila101,NW1,9,2,value,1,1,0,0,,,0,0,,,,,,,,,,,,,,,19350720,1,PHI17,v,PH5,0,1,0,regular,y,,
BRN193508042,baila101,NW1,9,1,value,2,2,0,0,0,0,0,,0,,0,0,0,,0,,,,,,,,19350804,2,NYC15,v,BRN,1,0,0,regular,y,,
NY6193508182,baila101,NW1,9,3,value,0,0,0,0,0,0,0,0,0,0,0,0,0,,0,0,0,0,0,,,,19350818,2,NYC25,v,NY6,0,1,0,regular,y,d,
BRN193509012,baila101,NW1,9,1,value,2,2,0,0,0,0,0,,0,,0,0,0,,0,,0,,,,,,19350901,2,NYC15,v,BRN,0,1,0,regular,y,,
BRG193609071,baila101,BRG,9,2,value,0,0,0,0,0,0,0,,0,,0,0,,,0,,,,,,,,19360907,1,NYC28,h,CUS,0,1,0,exhibition,y,,
BRG193609072,baila101,BRG,9,1,value,2,2,1,2,1,1,0,,0,,0,0,,,0,,,,,,,,19360907,2,NYC28,h,CUS,1,0,0,exhibition,y,,
HOM193609210,baila101,BRG,,,value,,,,,,,,,,,,,,,,,,,,,,,19360921,0,DAY03,v,HOM,0,1,0,exhibition,,,
