gid,id,team,d_seq,d_pos,stattype,d_ifouts,d_po,d_a,d_e,d_dp,d_tp,d_pb,d_wp,d_sb,d_cs,d_gs,date,number,site,vishome,opp,win,loss,tie,gametype,box,pbp,eject
CAG194106260,younn101,NY5,1,5,value,15,0,1,0,0,0,,,,,1,19410626,0,IND10,v,CAG,1,0,0,exhibition,y,,
SNO194106270,younn101,NY5,1,5,value,18,,,0,0,0,,,,,1,19410627,0,BEL01,v,SNO,0,1,0,exhibition,y,,
KCM194106300,younn101,NY5,1,5,value,27,1,0,0,0,0,,,,,1,19410630,0,KAN05,v,KCM,1,0,0,exhibition,y,,
BLG194107070,younn101,NY5,1,5,value,18,,,0,0,0,,,,,1,19410707,0,BAL14,v,BLG,0,1,0,regular,y,,
PH5194107100,younn101,NY5,1,5,value,21,0,0,0,0,0,,,,,1,19410710,0,PHI17,v,PH5,1,0,0,regular,y,,
NY5194107202,younn101,NY5,1,5,value,27,0,2,0,0,0,,,,,1,19410720,2,NYC16,h,PH5,1,0,0,regular,y,,
NY5194107240,younn101,NY5,1,5,value,18,0,1,0,0,0,,,,,1,19410724,0,HRB01,h,KCM,0,1,0,exhibition,y,,
NW2194107310,younn101,NY5,1,5,value,27,,,0,0,0,,,,,1,19410731,0,NWK04,v,NW2,1,0,0,regular,y,,
NW2194108020,younn101,NY5,1,5,value,27,,,0,1,0,,,,,1,19410802,0,PAT01,v,NW2,1,0,0,regular,y,,
NW2194108031,younn101,NY5,1,5,value,24,,,0,0,0,,,,,1,19410803,1,NWK04,v,NW2,0,1,0,regular,y,,
NW2194108032,younn101,NY5,1,5,value,18,,,0,0,0,,,,,1,19410803,2,NWK04,v,NW2,0,1,0,regular,y,,
NY5194108102,younn101,NY5,1,5,value,27,,,1,0,0,,,,,1,19410810,2,NYC16,h,BIR,0,1,0,exhibition,y,,
NY5194108311,younn101,NY5,1,5,value,27,2,3,0,0,0,,,,,1,19410831,1,NWK04,h,PH5,0,1,0,regular,y,,
BLG194109011,younn101,NY5,1,5,value,24,,,0,0,0,,,,,1,19410901,1,BAL10,v,BLG,0,1,0,regular,y,,
BLG194109012,younn101,NY5,1,5,value,18,,,0,0,0,,,,,1,19410901,2,BAL10,v,BLG,0,1,0,regular,y,,
PH5194109071,younn101,NY5,1,5,value,18,1,2,0,0,0,,,,,1,19410907,1,WAS09,v,PH5,0,1,0,regular,y,,
PH5194109072,younn101,NY5,1,6,value,21,0,1,1,1,0,,,,,1,19410907,2,WAS09,v,PH5,1,0,0,regular,y,,
NAL194109210,younn101,NNL,1,5,value,29,1,2,0,0,0,,,,,1,19410921,0,MEM03,v,NAL,0,1,0,exhibition,y,,
KCM194405230,younn101,KCM,1,4,value,27,,,0,0,0,,,,,1,19440523,0,MUS01,h,CAG,0,1,0,regular,y,,
KCM194406010,younn101,KCM,1,6,value,21,0,1,0,1,0,,,,,0,19440601,0,DAV01,h,CAG,1,0,0,regular,y,d,
CVB194406111,younn101,KCM,1,6,value,36,0,3,0,0,0,,,,,1,19440611,1,CLE06,v,CVB,1,0,0,regular,y,,
CVB194406112,younn101,KCM,1,6,value,18,2,1,0,0,0,,,,,1,19440611,2,CLE06,v,CVB,0,1,0,regular,y,,
KCM194406180,younn101,KCM,1,6,value,27,1,2,0,0,0,,,,,1,19440618,0,KAN05,h,CIA,0,1,0,regular,y,y,
KCM194406190,younn101,KCM,1,6,value,27,2,4,0,2,0,,,,,1,19440619,0,KAN05,h,CIA,0,1,0,regular,y,,
HOM194406251,younn101,KCM,1,5,value,3,0,0,0,0,0,,,,,1,19440625,1,WAS09,v,HOM,0,1,0,exhibition,y,d,
BLG194406300,younn101,KCM,1,6,value,27,5,1,0,0,0,,,,,1,19440630,0,BAL14,v,BLG,1,0,0,exhibition,y,d,
NY6194407022,younn101,KCM,1,6,value,32,1,2,2,0,0,,,,,1,19440702,2,NYC15,v,NY6,0,1,0,exhibition,y,d,
CAG194407091,younn101,KCM,1,6,value,27,1,9,0,1,0,,,,,1,19440709,1,CHI10,v,CAG,1,0,0,regular,y,d,
CAG194407092,younn101,KCM,1,6,value,18,0,3,0,1,0,,,,,1,19440709,2,CHI10,v,CAG,0,1,0,regular,y,d,
KCM194407180,younn101,KCM,1,6,value,,1,0,2,0,0,,,,,,19440718,0,KAN05,h,BIR,0,1,0,regular,y,,
KCM194407240,younn101,KCM,1,6,value,,1,2,0,2,0,0,0,0,,,19440724,0,KAN05,h,CVB,0,1,0,regular,y,,
KCM194407302,younn101,KCM,1,5,value,12,0,0,0,0,0,,,,,1,19440730,2,CHI11,h,MEM,0,1,0,regular,y,d,
CAG194408061,younn101,KCM,1,4,value,3,0,0,0,0,0,,,,,0,19440806,1,DET04,v,CAG,1,0,0,regular,y,d,
KCM194408132,younn101,KCM,1,4,value,,4,1,1,1,0,,,,,1,19440813,2,KAN05,h,CIA,0,1,0,exhibition,y,,
KCM194408210,younn101,KCM,1,4,value,27,1,2,1,0,0,,,,,1,19440821,0,KAN05,h,BIR,1,0,0,regular,y,d,
