gid,id,team,p_seq,stattype,p_ipouts,p_noout,p_bfp,p_h,p_d,p_t,p_hr,p_r,p_er,p_w,p_iw,p_k,p_hbp,p_wp,p_bk,p_sh,p_sf,p_sb,p_cs,p_pb,wp,lp,save,p_gs,p_gf,p_cg,date,number,site,vishome,opp,win,loss,tie,gametype,box,pbp
ASW193508110,jones107,ASE,1,value,9,0,12,1,0,0,0,0,0,2,0,2,0,0,0,0,0,0,0,0,,,,1,,,19350811,0,CHI10,v,ASW,0,1,0,allstar,y,y
ASW193508110,day-l101,ASE,2,value,12,0,20,6,2,0,0,4,3,2,0,3,0,0,0,1,0,0,2,0,,,,,,,19350811,0,CHI10,v,ASW,0,1,0,allstar,y,y
ASW193508110,tianl102,ASE,3,value,9,0,13,3,0,0,0,4,4,2,0,0,0,0,0,0,0,0,1,0,,,,,,,19350811,0,CHI10,v,ASW,0,1,0,allstar,y,y
ASW193508110,dihim101,ASE,4,value,2,0,5,1,0,0,1,3,3,2,0,1,0,0,0,1,0,0,0,0,,1,,,1,,19350811,0,CHI10,v,ASW,0,1,0,allstar,y,y
ASW193508110,browr103,ASW,1,value,9,0,15,4,0,0,0,2,1,1,0,1,0,0,0,0,0,0,0,1,,,,1,,,19350811,0,CHI10,h,ASE,1,0,0,allstar,y,y
ASW193508110,matll101,ASW,2,value,9,0,12,2,0,0,1,2,1,0,0,2,0,0,0,0,0,0,0,0,,,,,,,19350811,0,CHI10,h,ASE,1,0,0,allstar,y,y
ASW193508110,trent101,ASW,3,value,6,0,8,0,0,0,0,0,0,2,0,1,0,0,0,0,0,0,0,0,,,,,,,19350811,0,CHI10,h,ASE,1,0,0,allstar,y,y
ASW193508110,grifb102,ASW,4,value,6,0,13,4,0,0,0,4,3,3,0,3,0,0,0,0,0,1,0,0,,,,,,,19350811,0,CHI10,h,ASE,1,0,0,allstar,y,y
ASW193508110,cornw101,ASW,5,value,3,0,4,0,0,0,0,0,0,1,0,0,0,0,0,1,0,0,0,0,1,,,,1,,19350811,0,CHI10,h,ASE,1,0,0,allstar,y,y
