gid,id,team,b_lp,b_seq,stattype,b_pa,b_ab,b_r,b_h,b_d,b_t,b_hr,b_rbi,b_sh,b_sf,b_hbp,b_w,b_iw,b_k,b_sb,b_cs,b_gdp,b_xi,b_roe,dh,ph,pr,date,number,site,vishome,opp,win,loss,tie,gametype,box,pbp,eject
CI1193605100,prinj101,CAG,6,1,value,6,6,1,2,1,0,0,,0,,0,0,,,0,,,,0,,,,19360510,0,CIN07,v,CI1,1,0,0,exhibition,y,,
KCM193605240,prinj101,CAG,7,1,value,5,4,1,1,0,0,0,0,0,0,0,1,0,,0,0,0,0,0,,,,19360524,0,KAN05,v,KCM,0,1,0,exhibition,y,d,
CAG193605311,prinj101,CAG,7,1,value,3,3,0,0,0,0,0,0,0,0,0,0,0,,0,0,0,0,0,,,,19360531,1,CHI09,h,KCM,0,1,0,exhibition,y,d,
CAG193605312,prinj101,CAG,7,1,value,1,1,0,0,0,0,0,0,0,0,0,0,0,,0,0,0,0,0,,,,19360531,2,CHI09,h,KCM,0,1,0,exhibition,y,d,
CAG193606141,prinj101,CAG,8,1,value,3,3,0,0,0,0,0,0,0,0,0,0,0,,0,0,0,0,0,,,,19360614,1,CHI09,h,CI1,1,0,0,exhibition,y,d,
CAG193606142,prinj101,CAG,8,1,value,2,2,0,0,0,0,0,0,0,0,0,0,0,,0,0,0,0,0,,,,19360614,2,CHI09,h,CI1,1,0,0,exhibition,y,d,
CAG193606150,prinj101,CAG,8,1,value,3,3,0,1,0,0,0,2,0,0,0,0,0,0,0,0,0,0,0,,,,19360615,0,CHI09,h,CI1,1,0,0,exhibition,y,d,
CI1193607260,prinj101,CAG,9,2,value,3,3,0,0,0,0,0,,0,,0,0,,,,,,,,,,,19360726,0,CIN07,v,CI1,0,1,0,exhibition,y,,
CI1193609110,prinj101,CAG,7,1,value,4,4,0,1,0,0,0,1,0,0,0,0,0,,0,0,0,0,0,,,,19360911,0,RCI01,v,CI1,0,0,1,exhibition,y,y,
CI1193609132,prinj101,CAG,8,1,value,2,2,0,0,0,0,0,,0,,0,0,,,,,,,,,,,19360913,2,CIN07,v,CI1,0,1,0,exhibition,y,,
BIR194404021,prinj101,CAG,,1,value,,,,,,,,,,,,,,,,,,,,,,,19440402,1,BIR01,v,BIR,0,1,0,exhibition,,,
