gid,id,team,d_seq,d_pos,stattype,d_ifouts,d_po,d_a,d_e,d_dp,d_tp,d_pb,d_wp,d_sb,d_cs,d_gs,date,number,site,vishome,opp,win,loss,tie,gametype,box,pbp
PTC193505140,lopec102,NY6,1,7,value,27,2,0,0,,,,,,,1,19350514,0,BEA02,v,PTC,1,0,0,exhibition,y,
PTC193505140,martr105,NY6,1,6,value,27,1,5,0,,,,,,,1,19350514,0,BEA02,v,PTC,1,0,0,exhibition,y,
PTC193505140,oms-a101,NY6,1,8,value,27,2,0,0,,,,,,,1,19350514,0,BEA02,v,PTC,1,0,0,exhibition,y,
PTC193505140,lundd103,NY6,1,4,value,27,4,2,0,,,,,,,1,19350514,0,BEA02,v,PTC,1,0,0,exhibition,y,
PTC193505140,dihim101,NY6,1,9,value,27,3,0,0,,,,,,,1,19350514,0,BEA02,v,PTC,1,0,0,exhibition,y,
PTC193505140,salal101,NY6,1,3,value,27,9,0,0,,,,,,,1,19350514,0,BEA02,v,PTC,1,0,0,exhibition,y,
PTC193505140,santa102,NY6,1,5,value,27,3,0,0,,,,,,,1,19350514,0,BEA02,v,PTC,1,0,0,exhibition,y,
PTC193505140,lante101,NY6,1,2,value,27,3,0,0,,,,,,,1,19350514,0,BEA02,v,PTC,1,0,0,exhibition,y,
PTC193505140,fernr101,NY6,1,1,value,,0,1,0,,,,,,,1,19350514,0,BEA02,v,PTC,1,0,0,exhibition,y,
PTC193505140,taylj108,NY6,1,1,value,,0,0,0,,,,,,,,19350514,0,BEA02,v,PTC,1,0,0,exhibition,y,
PTC193505140,bellj103,PTC,1,8,value,27,2,0,0,,,,,,,1,19350514,0,BEA02,h,NY6,0,1,0,exhibition,y,
PTC193505140,banks101,PTC,1,7,value,27,3,0,1,,,,,,,1,19350514,0,BEA02,h,NY6,0,1,0,exhibition,y,
PTC193505140,perkb101,PTC,1,2,value,27,3,0,0,,,,,,,1,19350514,0,BEA02,h,NY6,0,1,0,exhibition,y,
PTC193505140,gibsj101,PTC,1,9,value,27,3,0,0,,,,,,,1,19350514,0,BEA02,h,NY6,0,1,0,exhibition,y,
PTC193505140,johnj108,PTC,1,5,value,27,2,1,0,,,,,,,1,19350514,0,BEA02,h,NY6,0,1,0,exhibition,y,
PTC193505140,harrc104,PTC,1,3,value,27,11,0,0,,,,,,,1,19350514,0,BEA02,h,NY6,0,1,0,exhibition,y,
PTC193505140,willc106,PTC,1,4,value,27,2,2,0,,,,,,,1,19350514,0,BEA02,h,NY6,0,1,0,exhibition,y,
PTC193505140,bondt102,PTC,1,6,value,27,1,3,0,,,,,,,1,19350514,0,BEA02,h,NY6,0,1,0,exhibition,y,
PTC193505140,stres101,PTC,1,1,value,,0,0,0,,,,,,,1,19350514,0,BEA02,h,NY6,0,1,0,exhibition,y,
PTC193505140,carts102,PTC,1,1,value,,0,0,0,,,,,,,,19350514,0,BEA02,h,NY6,0,1,0,exhibition,y,
PTC193505140,bellw101,PTC,1,1,value,,0,4,0,,,,,,,,19350514,0,BEA02,h,NY6,0,1,0,exhibition,y,
PH5193505240,crutj101,PTC,1,9,value,27,1,0,,,,,,,,1,19350524,0,BEA02,v,PH5,0,0,1,exhibition,y,
PH5193505240,banks101,PTC,1,7,value,27,1,0,,,,,,,,1,19350524,0,BEA02,v,PH5,0,0,1,exhibition,y,
PH5193505240,charo101,PTC,1,3,value,,12,0,,,,,,,,1,19350524,0,BEA02,v,PH5,0,0,1,exhibition,y,
PH5193505240,perkb101,PTC,1,2,value,27,8,1,,,,,,,,1,19350524,0,BEA02,v,PH5,0,0,1,exhibition,y,
PH5193505240,pattp102,PTC,1,5,value,,1,2,,,,,,,,1,19350524,0,BEA02,v,PH5,0,0,1,exhibition,y,
PH5193505240,pattp102,PTC,2,4,value,,0,0,,,,,,,,,19350524,0,BEA02,v,PH5,0,0,1,exhibition,y,
PH5193505240,willc106,PTC,1,6,value,,2,6,,,,,,,,1,19350524,0,BEA02,v,PH5,0,0,1,exhibition,y,
PH5193505240,willc106,PTC,2,3,value,,0,0,,,,,,,,,19350524,0,BEA02,v,PH5,0,0,1,exhibition,y,
PH5193505240,harrc104,PTC,1,8,value,27,0,0,,,,,,,,1,19350524,0,BEA02,v,PH5,0,0,1,exhibition,y,
PH5193505240,bondt102,PTC,1,4,value,,2,1,,,,,,,,1,19350524,0,BEA02,v,PH5,0,0,1,exhibition,y,
PH5193505240,bondt102,PTC,2,6,value,,0,0,,,,,,,,,19350524,0,BEA02,v,PH5,0,0,1,exhibition,y,
PH5193505240,kinch101,PTC,1,1,value,,0,2,,,,,,,,1,19350524,0,BEA02,v,PH5,0,0,1,exhibition,y,
PH5193505240,kinch101,PTC,1,1,value,,0,1,,,,,,,,1,19350524,0,BEA02,v,PH5,0,0,1,exhibition,y,
PH5193505240,harvb101,PTC,1,1,value,,0,0,,,,,,,,,19350524,0,BEA02,v,PH5,0,0,1,exhibition,y,
PH5193505240,johnj108,PTC,1,5,value,,0,0,,,,,,,,,19350524,0,BEA02,v,PH5,0,0,1,exhibition,y,
PH5193505240,gibsj101,PTC,1,9,value,,0,0,,,,,,,,,19350524,0,BEA02,v,PH5,0,0,1,exhibition,y,
PH5193505240,seayd101,PH5,1,4,value,27,,,,,,,,,,1,19350524,0,BEA02,h,PTC,0,0,1,exhibition,y,
PH5193505240,cread101,PH5,1,5,value,27,,,,,,,,,,1,19350524,0,BEA02,h,PTC,0,0,1,exhibition,y,
PH5193505240,whitc103,PH5,1,7,value,27,,,,,,,,,,1,19350524,0,BEA02,h,PTC,0,0,1,exhibition,y,
PH5193505240,wilsj106,PH5,1,9,value,27,,,,,,,,,,1,19350524,0,BEA02,h,PTC,0,0,1,exhibition,y,
PH5193505240,casem101,PH5,1,2,value,,,,,,,,,,,1,19350524,0,BEA02,h,PTC,0,0,1,exhibition,y,
PH5193505240,dunnj104,PH5,1,6,value,27,,,,,,,,,,1,19350524,0,BEA02,h,PTC,0,0,1,exhibition,y,
PH5193505240,lyong102,PH5,1,3,value,27,,,,,,,,,,1,19350524,0,BEA02,h,PTC,0,0,1,exhibition,y,
PH5193505240,washp101,PH5,1,8,value,27,,,,,,,,,,1,19350524,0,BEA02,h,PTC,0,0,1,exhibition,y,
PH5193505240,holml101,PH5,1,1,value,27,,,,,,,,,,1,19350524,0,BEA02,h,PTC,0,0,1,exhibition,y,
PH5193505240,mackb102,PH5,1,2,value,,,,,,,,,,,,19350524,0,BEA02,h,PTC,0,0,1,exhibition,y,
