gid,event,inning,top_bot,vis_home,site,batteam,pitteam,score_v,score_h,batter,pitcher,lp,bat_f,bathand,pithand,balls,strikes,count,pitches,nump,pa,ab,single,double,triple,hr,sh,sf,hbp,walk,k,xi,roe,fc,othout,noout,oth,bip,bunt,ground,fly,line,iw,gdp,othdp,tp,fle,wp,pb,bk,oa,di,sb2,sb3,sbh,cs2,cs3,csh,pko1,pko2,pko3,k_safe,e1,e2,e3,e4,e5,e6,e7,e8,e9,outs_pre,outs_post,br1_pre,br2_pre,br3_pre,br1_post,br2_post,br3_post,lob_id1,lob_id2,lob_id3,pr1_pre,pr2_pre,pr3_pre,pr1_post,pr2_post,pr3_post,run_b,run1,run2,run3,prun_b,prun1,prun2,prun3,ur_b,ur1,ur2,ur3,rbi_b,rbi1,rbi2,rbi3,runs,rbi,er,tur,l1,l2,l3,l4,l5,l6,l7,l8,l9,lf1,lf2,lf3,lf4,lf5,lf6,lf7,lf8,lf9,f2,f3,f4,f5,f6,f7,f8,f9,po0,po1,po2,po3,po4,po5,po6,po7,po8,po9,a1,a2,a3,a4,a5,a6,a7,a8,a9,fseq,batout1,batout2,batout3,brout_b,brout1,brout2,brout3,firstf,loc,hittype,dpopp,pivot,pn,umphome,ump1b,ump2b,ump3b,umplf,umprf,date,gametype,pbp
PH5193605190,E6#,1,0,0,CAM03,NY6,PH5,0,0,thomd104,yokel101,1,3,L,R,?,?,??,,,1,1,0,0,0,0,0,0,0,0,0,0,1,0,0,0,0,1,0,1,0,0,0,0,0,0,0,0,0,0,0,0,0,0,0,0,0,0,0,0,0,0,0,0,0,0,0,1,0,0,0,0,0,,,,thomd104,,,,,,,,,yokel101,,,,,,,,,,,0,0,0,0,0,0,0,0,0,0,0,0,thomd104,corrf102,speac103,salal101,radca101,santa102,duncf102,martr105,taylj108,3,4,9,8,5,7,2,6,1,browl107,wilsj106,marsj104,burgr101,yancb101,parnr102,steat101,dunnj104,0,0,0,0,0,0,0,0,0,0,0,0,0,0,0,0,0,0,0,,0,0,0,0,0,0,0,6,6+,G,0,0,1,?,,,,,,19360519,exhibition,deduced
PH5193605190,99,1,0,0,CAM03,NY6,PH5,0,0,corrf102,yokel101,2,4,R,R,?,?,??,,,1,1,0,0,0,0,0,0,0,0,0,0,0,0,1,0,1,1,0,0,0,0,0,0,0,0,0,0,0,0,0,0,0,0,0,0,0,0,0,0,0,0,0,0,0,0,0,0,0,0,0,0,1,thomd104,,,thomd104,,,,,,yokel101,,,yokel101,,,,,,,,,,,0,0,0,0,0,0,0,0,0,0,0,0,thomd104,corrf102,speac103,salal101,radca101,santa102,duncf102,martr105,taylj108,3,4,9,8,5,7,2,6,1,browl107,wilsj106,marsj104,burgr101,yancb101,parnr102,steat101,dunnj104,1,0,0,0,0,0,0,0,0,0,0,0,0,0,0,0,0,0,0,0,0,0,0,0,0,0,0,0,,,0,0,2,?,,,,,,19360519,exhibition,deduced
PH5193605190,W.1-2#,1,0,0,CAM03,NY6,PH5,0,0,speac103,yokel101,3,9,L,R,?,?,??,,,1,0,0,0,0,0,0,0,0,1,0,0,0,0,0,0,0,0,0,0,0,0,0,0,0,0,0,0,0,0,0,0,0,0,0,0,0,0,0,0,0,0,0,0,0,0,0,0,0,0,0,1,1,thomd104,,,speac103,thomd104,,,,,yokel101,,,yokel101,yokel101,,,,,,,,,,0,0,0,0,0,0,0,0,0,0,0,0,thomd104,corrf102,speac103,salal101,radca101,santa102,duncf102,martr105,taylj108,3,4,9,8,5,7,2,6,1,browl107,wilsj106,marsj104,burgr101,yancb101,parnr102,steat101,dunnj104,0,0,0,0,0,0,0,0,0,0,0,0,0,0,0,0,0,0,0,,0,0,0,0,0,0,0,0,,,0,0,3,?,,,,,,19360519,exhibition,deduced
PH5193605190,99,1,0,0,CAM03,NY6,PH5,0,0,salal101,yokel101,4,8,L,R,?,?,??,,,1,1,0,0,0,0,0,0,0,0,0,0,0,0,1,0,1,1,0,0,0,0,0,0,0,0,0,0,0,0,0,0,0,0,0,0,0,0,0,0,0,0,0,0,0,0,0,0,0,0,0,1,2,speac103,thomd104,,speac103,thomd104,,,,,yokel101,yokel101,,yokel101,yokel101,,,,,,,,,,0,0,0,0,0,0,0,0,0,0,0,0,thomd104,corrf102,speac103,salal101,radca101,santa102,duncf102,martr105,taylj108,3,4,9,8,5,7,2,6,1,browl107,wilsj106,marsj104,burgr101,yancb101,parnr102,steat101,dunnj104,1,0,0,0,0,0,0,0,0,0,0,0,0,0,0,0,0,0,0,0,0,0,0,0,0,0,0,0,,,0,0,4,?,,,,,,19360519,exhibition,deduced
PH5193605190,99,1,0,0,CAM03,NY6,PH5,0,0,radca101,yokel101,5,5,R,R,?,?,??,,,1,1,0,0,0,0,0,0,0,0,0,0,0,0,1,0,1,1,0,0,0,0,0,0,0,0,0,0,0,0,0,0,0,0,0,0,0,0,0,0,0,0,0,0,0,0,0,0,0,0,0,2,3,speac103,thomd104,,,,,thomd104,speac103,,yokel101,yokel101,,,,,,,,,,,,,0,0,0,0,0,0,0,0,0,0,0,0,thomd104,corrf102,speac103,salal101,radca101,santa102,duncf102,martr105,taylj108,3,4,9,8,5,7,2,6,1,browl107,wilsj106,marsj104,burgr101,yancb101,parnr102,steat101,dunnj104,1,0,0,0,0,0,0,0,0,0,0,0,0,0,0,0,0,0,0,0,0,0,0,0,0,0,0,0,,,0,0,5,?,,,,,,19360519,exhibition,deduced
PH5193605190,W#,1,1,1,CAM03,PH5,NY6,0,0,marsj104,taylj108,1,4,R,R,?,?,??,,,1,0,0,0,0,0,0,0,0,1,0,0,0,0,0,0,0,0,0,0,0,0,0,0,0,0,0,0,0,0,0,0,0,0,0,0,0,0,0,0,0,0,0,0,0,0,0,0,0,0,0,0,0,,,,marsj104,,,,,,,,,taylj108,,,,,,,,,,,0,0,0,0,0,0,0,0,0,0,0,0,marsj104,parnr102,steat101,wilsj106,dunnj104,burgr101,browl107,yancb101,yokel101,4,7,8,3,9,5,2,6,1,duncf102,thomd104,corrf102,radca101,martr105,santa102,salal101,speac103,0,0,0,0,0,0,0,0,0,0,0,0,0,0,0,0,0,0,0,,0,0,0,0,0,0,0,0,,,0,0,6,?,,,,,,19360519,exhibition,deduced
PH5193605190,99,1,1,1,CAM03,PH5,NY6,0,0,parnr102,taylj108,2,7,R,R,?,?,??,,,1,1,0,0,0,0,0,0,0,0,0,0,0,0,1,0,1,1,0,0,0,0,0,0,0,0,0,0,0,0,0,0,0,0,0,0,0,0,0,0,0,0,0,0,0,0,0,0,0,0,0,0,1,marsj104,,,marsj104,,,,,,taylj108,,,taylj108,,,,,,,,,,,0,0,0,0,0,0,0,0,0,0,0,0,marsj104,parnr102,steat101,wilsj106,dunnj104,burgr101,browl107,yancb101,yokel101,4,7,8,3,9,5,2,6,1,duncf102,thomd104,corrf102,radca101,martr105,santa102,salal101,speac103,1,0,0,0,0,0,0,0,0,0,0,0,0,0,0,0,0,0,0,0,0,0,0,0,0,0,0,0,,,0,0,7,?,,,,,,19360519,exhibition,deduced
PH5193605190,99,1,1,1,CAM03,PH5,NY6,0,0,steat101,taylj108,3,8,L,R,?,?,??,,,1,1,0,0,0,0,0,0,0,0,0,0,0,0,1,0,1,1,0,0,0,0,0,0,0,0,0,0,0,0,0,0,0,0,0,0,0,0,0,0,0,0,0,0,0,0,0,0,0,0,0,1,2,marsj104,,,marsj104,,,,,,taylj108,,,taylj108,,,,,,,,,,,0,0,0,0,0,0,0,0,0,0,0,0,marsj104,parnr102,steat101,wilsj106,dunnj104,burgr101,browl107,yancb101,yokel101,4,7,8,3,9,5,2,6,1,duncf102,thomd104,corrf102,radca101,martr105,santa102,salal101,speac103,1,0,0,0,0,0,0,0,0,0,0,0,0,0,0,0,0,0,0,0,0,0,0,0,0,0,0,0,,,0,0,8,?,,,,,,19360519,exhibition,deduced
PH5193605190,99,1,1,1,CAM03,PH5,NY6,0,0,wilsj106,taylj108,4,3,L,R,?,?,??,,,1,1,0,0,0,0,0,0,0,0,0,0,0,0,1,0,1,1,0,0,0,0,0,0,0,0,0,0,0,0,0,0,0,0,0,0,0,0,0,0,0,0,0,0,0,0,0,0,0,0,0,2,3,marsj104,,,,,,marsj104,,,taylj108,,,,,,,,,,,,,,0,0,0,0,0,0,0,0,0,0,0,0,marsj104,parnr102,steat101,wilsj106,dunnj104,burgr101,browl107,yancb101,yokel101,4,7,8,3,9,5,2,6,1,duncf102,thomd104,corrf102,radca101,martr105,santa102,salal101,speac103,1,0,0,0,0,0,0,0,0,0,0,0,0,0,0,0,0,0,0,0,0,0,0,0,0,0,0,0,,,0,0,9,?,,,,,,19360519,exhibition,deduced
PH5193605190,99,2,0,0,CAM03,NY6,PH5,0,0,santa102,yokel101,6,7,R,R,?,?,??,,,1,1,0,0,0,0,0,0,0,0,0,0,0,0,1,0,1,1,0,0,0,0,0,0,0,0,0,0,0,0,0,0,0,0,0,0,0,0,0,0,0,0,0,0,0,0,0,0,0,0,0,0,1,,,,,,,,,,,,,,,,,,,,,,,,0,0,0,0,0,0,0,0,0,0,0,0,thomd104,corrf102,speac103,salal101,radca101,santa102,duncf102,martr105,taylj108,3,4,9,8,5,7,2,6,1,browl107,wilsj106,marsj104,burgr101,yancb101,parnr102,steat101,dunnj104,1,0,0,0,0,0,0,0,0,0,0,0,0,0,0,0,0,0,0,0,0,0,0,0,0,0,0,0,,,0,0,10,?,,,,,,19360519,exhibition,deduced
PH5193605190,W#,2,0,0,CAM03,NY6,PH5,0,0,duncf102,yokel101,7,2,R,R,?,?,??,,,1,0,0,0,0,0,0,0,0,1,0,0,0,0,0,0,0,0,0,0,0,0,0,0,0,0,0,0,0,0,0,0,0,0,0,0,0,0,0,0,0,0,0,0,0,0,0,0,0,0,0,1,1,,,,duncf102,,,,,,,,,yokel101,,,,,,,,,,,0,0,0,0,0,0,0,0,0,0,0,0,thomd104,corrf102,speac103,salal101,radca101,santa102,duncf102,martr105,taylj108,3,4,9,8,5,7,2,6,1,browl107,wilsj106,marsj104,burgr101,yancb101,parnr102,steat101,dunnj104,0,0,0,0,0,0,0,0,0,0,0,0,0,0,0,0,0,0,0,,0,0,0,0,0,0,0,0,,,0,0,11,?,,,,,,19360519,exhibition,deduced
PH5193605190,S.1-2,2,0,0,CAM03,NY6,PH5,0,0,martr105,yokel101,8,6,R,R,?,?,??,,,1,1,1,0,0,0,0,0,0,0,0,0,0,0,0,0,0,1,0,0,0,0,0,0,0,0,0,0,0,0,0,0,0,0,0,0,0,0,0,0,0,0,0,0,0,0,0,0,0,0,0,1,1,duncf102,,,martr105,duncf102,,,,,yokel101,,,yokel101,yokel101,,,,,,,,,,0,0,0,0,0,0,0,0,0,0,0,0,thomd104,corrf102,speac103,salal101,radca101,santa102,duncf102,martr105,taylj108,3,4,9,8,5,7,2,6,1,browl107,wilsj106,marsj104,burgr101,yancb101,parnr102,steat101,dunnj104,0,0,0,0,0,0,0,0,0,0,0,0,0,0,0,0,0,0,0,,0,0,0,0,0,0,0,0,,,0,0,12,?,,,,,,19360519,exhibition,deduced
PH5193605190,S.2-H;1-2,2,0,0,CAM03,NY6,PH5,0,0,taylj108,yokel101,9,1,R,R,?,?,??,,,1,1,1,0,0,0,0,0,0,0,0,0,0,0,0,0,0,1,0,0,0,0,0,0,0,0,0,0,0,0,0,0,0,0,0,0,0,0,0,0,0,0,0,0,0,0,0,0,0,0,0,1,1,martr105,duncf102,,taylj108,martr105,,,,,yokel101,yokel101,,yokel101,yokel101,,,,duncf102,,,,yokel101,,0,0,0,0,0,0,1,0,1,1,1,0,thomd104,corrf102,speac103,salal101,radca101,santa102,duncf102,martr105,taylj108,3,4,9,8,5,7,2,6,1,browl107,wilsj106,marsj104,burgr101,yancb101,parnr102,steat101,dunnj104,0,0,0,0,0,0,0,0,0,0,0,0,0,0,0,0,0,0,0,,0,0,0,0,0,0,0,0,,,0,0,13,?,,,,,,19360519,exhibition,deduced
PH5193605190,99,2,0,0,CAM03,NY6,PH5,1,0,thomd104,yokel101,1,3,L,R,?,?,??,,,1,1,0,0,0,0,0,0,0,0,0,0,0,0,1,0,1,1,0,0,0,0,0,0,0,0,0,0,0,0,0,0,0,0,0,0,0,0,0,0,0,0,0,0,0,0,0,0,0,0,0,1,2,taylj108,martr105,,taylj108,martr105,,,,,yokel101,yokel101,,yokel101,yokel101,,,,,,,,,,0,0,0,0,0,0,0,0,0,0,0,0,thomd104,corrf102,speac103,salal101,radca101,santa102,duncf102,martr105,taylj108,3,4,9,8,5,7,2,6,1,browl107,wilsj106,marsj104,burgr101,yancb101,parnr102,steat101,dunnj104,1,0,0,0,0,0,0,0,0,0,0,0,0,0,0,0,0,0,0,0,0,0,0,0,0,0,0,0,,,0,0,14,?,,,,,,19360519,exhibition,deduced
PH5193605190,99,2,0,0,CAM03,NY6,PH5,1,0,corrf102,yokel101,2,4,R,R,?,?,??,,,1,1,0,0,0,0,0,0,0,0,0,0,0,0,1,0,1,1,0,0,0,0,0,0,0,0,0,0,0,0,0,0,0,0,0,0,0,0,0,0,0,0,0,0,0,0,0,0,0,0,0,2,3,taylj108,martr105,,,,,martr105,taylj108,,yokel101,yokel101,,,,,,,,,,,,,0,0,0,0,0,0,0,0,0,0,0,0,thomd104,corrf102,speac103,salal101,radca101,santa102,duncf102,martr105,taylj108,3,4,9,8,5,7,2,6,1,browl107,wilsj106,marsj104,burgr101,yancb101,parnr102,steat101,dunnj104,1,0,0,0,0,0,0,0,0,0,0,0,0,0,0,0,0,0,0,0,0,0,0,0,0,0,0,0,,,0,0,15,?,,,,,,19360519,exhibition,deduced
PH5193605190,W#,2,1,1,CAM03,PH5,NY6,1,0,dunnj104,taylj108,5,9,R,R,?,?,??,,,1,0,0,0,0,0,0,0,0,1,0,0,0,0,0,0,0,0,0,0,0,0,0,0,0,0,0,0,0,0,0,0,0,0,0,0,0,0,0,0,0,0,0,0,0,0,0,0,0,0,0,0,0,,,,dunnj104,,,,,,,,,taylj108,,,,,,,,,,,0,0,0,0,0,0,0,0,0,0,0,0,marsj104,parnr102,steat101,wilsj106,dunnj104,burgr101,browl107,yancb101,yokel101,4,7,8,3,9,5,2,6,1,duncf102,thomd104,corrf102,radca101,martr105,santa102,salal101,speac103,0,0,0,0,0,0,0,0,0,0,0,0,0,0,0,0,0,0,0,,0,0,0,0,0,0,0,0,,,0,0,16,?,,,,,,19360519,exhibition,deduced
PH5193605190,99,2,1,1,CAM03,PH5,NY6,1,0,burgr101,taylj108,6,5,R,R,?,?,??,,,1,1,0,0,0,0,0,0,0,0,0,0,0,0,1,0,1,1,0,0,0,0,0,0,0,0,0,0,0,0,0,0,0,0,0,0,0,0,0,0,0,0,0,0,0,0,0,0,0,0,0,0,1,dunnj104,,,dunnj104,,,,,,taylj108,,,taylj108,,,,,,,,,,,0,0,0,0,0,0,0,0,0,0,0,0,marsj104,parnr102,steat101,wilsj106,dunnj104,burgr101,browl107,yancb101,yokel101,4,7,8,3,9,5,2,6,1,duncf102,thomd104,corrf102,radca101,martr105,santa102,salal101,speac103,1,0,0,0,0,0,0,0,0,0,0,0,0,0,0,0,0,0,0,0,0,0,0,0,0,0,0,0,,,0,0,17,?,,,,,,19360519,exhibition,deduced
PH5193605190,99,2,1,1,CAM03,PH5,NY6,1,0,browl107,taylj108,7,2,B,R,?,?,??,,,1,1,0,0,0,0,0,0,0,0,0,0,0,0,1,0,1,1,0,0,0,0,0,0,0,0,0,0,0,0,0,0,0,0,0,0,0,0,0,0,0,0,0,0,0,0,0,0,0,0,0,1,2,dunnj104,,,dunnj104,,,,,,taylj108,,,taylj108,,,,,,,,,,,0,0,0,0,0,0,0,0,0,0,0,0,marsj104,parnr102,steat101,wilsj106,dunnj104,burgr101,browl107,yancb101,yokel101,4,7,8,3,9,5,2,6,1,duncf102,thomd104,corrf102,radca101,martr105,santa102,salal101,speac103,1,0,0,0,0,0,0,0,0,0,0,0,0,0,0,0,0,0,0,0,0,0,0,0,0,0,0,0,,,0,0,18,?,,,,,,19360519,exhibition,deduced
PH5193605190,99,2,1,1,CAM03,PH5,NY6,1,0,yancb101,taylj108,8,6,R,R,?,?,??,,,1,1,0,0,0,0,0,0,0,0,0,0,0,0,1,0,1,1,0,0,0,0,0,0,0,0,0,0,0,0,0,0,0,0,0,0,0,0,0,0,0,0,0,0,0,0,0,0,0,0,0,2,3,dunnj104,,,,,,dunnj104,,,taylj108,,,,,,,,,,,,,,0,0,0,0,0,0,0,0,0,0,0,0,marsj104,parnr102,steat101,wilsj106,dunnj104,burgr101,browl107,yancb101,yokel101,4,7,8,3,9,5,2,6,1,duncf102,thomd104,corrf102,radca101,martr105,santa102,salal101,speac103,1,0,0,0,0,0,0,0,0,0,0,0,0,0,0,0,0,0,0,0,0,0,0,0,0,0,0,0,,,0,0,19,?,,,,,,19360519,exhibition,deduced
PH5193605190,99,3,0,0,CAM03,NY6,PH5,1,0,speac103,yokel101,3,9,L,R,?,?,??,,,1,1,0,0,0,0,0,0,0,0,0,0,0,0,1,0,1,1,0,0,0,0,0,0,0,0,0,0,0,0,0,0,0,0,0,0,0,0,0,0,0,0,0,0,0,0,0,0,0,0,0,0,1,,,,,,,,,,,,,,,,,,,,,,,,0,0,0,0,0,0,0,0,0,0,0,0,thomd104,corrf102,speac103,salal101,radca101,santa102,duncf102,martr105,taylj108,3,4,9,8,5,7,2,6,1,browl107,wilsj106,marsj104,burgr101,yancb101,parnr102,steat101,dunnj104,1,0,0,0,0,0,0,0,0,0,0,0,0,0,0,0,0,0,0,0,0,0,0,0,0,0,0,0,,,0,0,20,?,,,,,,19360519,exhibition,deduced
PH5193605190,S,3,0,0,CAM03,NY6,PH5,1,0,salal101,yokel101,4,8,L,R,?,?,??,,,1,1,1,0,0,0,0,0,0,0,0,0,0,0,0,0,0,1,0,0,0,0,0,0,0,0,0,0,0,0,0,0,0,0,0,0,0,0,0,0,0,0,0,0,0,0,0,0,0,0,0,1,1,,,,salal101,,,,,,,,,yokel101,,,,,,,,,,,0,0,0,0,0,0,0,0,0,0,0,0,thomd104,corrf102,speac103,salal101,radca101,santa102,duncf102,martr105,taylj108,3,4,9,8,5,7,2,6,1,browl107,wilsj106,marsj104,burgr101,yancb101,parnr102,steat101,dunnj104,0,0,0,0,0,0,0,0,0,0,0,0,0,0,0,0,0,0,0,,0,0,0,0,0,0,0,0,,,0,0,21,?,,,,,,19360519,exhibition,deduced
PH5193605190,99,3,0,0,CAM03,NY6,PH5,1,0,radca101,yokel101,5,5,R,R,?,?,??,,,1,1,0,0,0,0,0,0,0,0,0,0,0,0,1,0,1,1,0,0,0,0,0,0,0,0,0,0,0,0,0,0,0,0,0,0,0,0,0,0,0,0,0,0,0,0,0,0,0,0,0,1,2,salal101,,,salal101,,,,,,yokel101,,,yokel101,,,,,,,,,,,0,0,0,0,0,0,0,0,0,0,0,0,thomd104,corrf102,speac103,salal101,radca101,santa102,duncf102,martr105,taylj108,3,4,9,8,5,7,2,6,1,browl107,wilsj106,marsj104,burgr101,yancb101,parnr102,steat101,dunnj104,1,0,0,0,0,0,0,0,0,0,0,0,0,0,0,0,0,0,0,0,0,0,0,0,0,0,0,0,,,0,0,22,?,,,,,,19360519,exhibition,deduced
PH5193605190,99,3,0,0,CAM03,NY6,PH5,1,0,santa102,yokel101,6,7,R,R,?,?,??,,,1,1,0,0,0,0,0,0,0,0,0,0,0,0,1,0,1,1,0,0,0,0,0,0,0,0,0,0,0,0,0,0,0,0,0,0,0,0,0,0,0,0,0,0,0,0,0,0,0,0,0,2,3,salal101,,,,,,salal101,,,yokel101,,,,,,,,,,,,,,0,0,0,0,0,0,0,0,0,0,0,0,thomd104,corrf102,speac103,salal101,radca101,santa102,duncf102,martr105,taylj108,3,4,9,8,5,7,2,6,1,browl107,wilsj106,marsj104,burgr101,yancb101,parnr102,steat101,dunnj104,1,0,0,0,0,0,0,0,0,0,0,0,0,0,0,0,0,0,0,0,0,0,0,0,0,0,0,0,,,0,0,23,?,,,,,,19360519,exhibition,deduced
PH5193605190,99,3,1,1,CAM03,PH5,NY6,1,0,yokel101,taylj108,9,1,R,R,?,?,??,,,1,1,0,0,0,0,0,0,0,0,0,0,0,0,1,0,1,1,0,0,0,0,0,0,0,0,0,0,0,0,0,0,0,0,0,0,0,0,0,0,0,0,0,0,0,0,0,0,0,0,0,0,1,,,,,,,,,,,,,,,,,,,,,,,,0,0,0,0,0,0,0,0,0,0,0,0,marsj104,parnr102,steat101,wilsj106,dunnj104,burgr101,browl107,yancb101,yokel101,4,7,8,3,9,5,2,6,1,duncf102,thomd104,corrf102,radca101,martr105,santa102,salal101,speac103,1,0,0,0,0,0,0,0,0,0,0,0,0,0,0,0,0,0,0,0,0,0,0,0,0,0,0,0,,,0,0,24,?,,,,,,19360519,exhibition,deduced
PH5193605190,99,3,1,1,CAM03,PH5,NY6,1,0,marsj104,taylj108,1,4,R,R,?,?,??,,,1,1,0,0,0,0,0,0,0,0,0,0,0,0,1,0,1,1,0,0,0,0,0,0,0,0,0,0,0,0,0,0,0,0,0,0,0,0,0,0,0,0,0,0,0,0,0,0,0,0,0,1,2,,,,,,,,,,,,,,,,,,,,,,,,0,0,0,0,0,0,0,0,0,0,0,0,marsj104,parnr102,steat101,wilsj106,dunnj104,burgr101,browl107,yancb101,yokel101,4,7,8,3,9,5,2,6,1,duncf102,thomd104,corrf102,radca101,martr105,santa102,salal101,speac103,1,0,0,0,0,0,0,0,0,0,0,0,0,0,0,0,0,0,0,0,0,0,0,0,0,0,0,0,,,0,0,25,?,,,,,,19360519,exhibition,deduced
PH5193605190,99,3,1,1,CAM03,PH5,NY6,1,0,parnr102,taylj108,2,7,R,R,?,?,??,,,1,1,0,0,0,0,0,0,0,0,0,0,0,0,1,0,1,1,0,0,0,0,0,0,0,0,0,0,0,0,0,0,0,0,0,0,0,0,0,0,0,0,0,0,0,0,0,0,0,0,0,2,3,,,,,,,,,,,,,,,,,,,,,,,,0,0,0,0,0,0,0,0,0,0,0,0,marsj104,parnr102,steat101,wilsj106,dunnj104,burgr101,browl107,yancb101,yokel101,4,7,8,3,9,5,2,6,1,duncf102,thomd104,corrf102,radca101,martr105,santa102,salal101,speac103,1,0,0,0,0,0,0,0,0,0,0,0,0,0,0,0,0,0,0,0,0,0,0,0,0,0,0,0,,,0,0,26,?,,,,,,19360519,exhibition,deduced
PH5193605190,99,4,0,0,CAM03,NY6,PH5,1,0,duncf102,yokel101,7,2,R,R,?,?,??,,,1,1,0,0,0,0,0,0,0,0,0,0,0,0,1,0,1,1,0,0,0,0,0,0,0,0,0,0,0,0,0,0,0,0,0,0,0,0,0,0,0,0,0,0,0,0,0,0,0,0,0,0,1,,,,,,,,,,,,,,,,,,,,,,,,0,0,0,0,0,0,0,0,0,0,0,0,thomd104,corrf102,speac103,salal101,radca101,santa102,duncf102,martr105,taylj108,3,4,9,8,5,7,2,6,1,browl107,wilsj106,marsj104,burgr101,yancb101,parnr102,steat101,dunnj104,1,0,0,0,0,0,0,0,0,0,0,0,0,0,0,0,0,0,0,0,0,0,0,0,0,0,0,0,,,0,0,27,?,,,,,,19360519,exhibition,deduced
PH5193605190,99,4,0,0,CAM03,NY6,PH5,1,0,martr105,yokel101,8,6,R,R,?,?,??,,,1,1,0,0,0,0,0,0,0,0,0,0,0,0,1,0,1,1,0,0,0,0,0,0,0,0,0,0,0,0,0,0,0,0,0,0,0,0,0,0,0,0,0,0,0,0,0,0,0,0,0,1,2,,,,,,,,,,,,,,,,,,,,,,,,0,0,0,0,0,0,0,0,0,0,0,0,thomd104,corrf102,speac103,salal101,radca101,santa102,duncf102,martr105,taylj108,3,4,9,8,5,7,2,6,1,browl107,wilsj106,marsj104,burgr101,yancb101,parnr102,steat101,dunnj104,1,0,0,0,0,0,0,0,0,0,0,0,0,0,0,0,0,0,0,0,0,0,0,0,0,0,0,0,,,0,0,28,?,,,,,,19360519,exhibition,deduced
PH5193605190,99,4,0,0,CAM03,NY6,PH5,1,0,taylj108,yokel101,9,1,R,R,?,?,??,,,1,1,0,0,0,0,0,0,0,0,0,0,0,0,1,0,1,1,0,0,0,0,0,0,0,0,0,0,0,0,0,0,0,0,0,0,0,0,0,0,0,0,0,0,0,0,0,0,0,0,0,2,3,,,,,,,,,,,,,,,,,,,,,,,,0,0,0,0,0,0,0,0,0,0,0,0,thomd104,corrf102,speac103,salal101,radca101,santa102,duncf102,martr105,taylj108,3,4,9,8,5,7,2,6,1,browl107,wilsj106,marsj104,burgr101,yancb101,parnr102,steat101,dunnj104,1,0,0,0,0,0,0,0,0,0,0,0,0,0,0,0,0,0,0,0,0,0,0,0,0,0,0,0,,,0,0,29,?,,,,,,19360519,exhibition,deduced
PH5193605190,W#,4,1,1,CAM03,PH5,NY6,1,0,steat101,taylj108,3,8,L,R,?,?,??,,,1,0,0,0,0,0,0,0,0,1,0,0,0,0,0,0,0,0,0,0,0,0,0,0,0,0,0,0,0,0,0,0,0,0,0,0,0,0,0,0,0,0,0,0,0,0,0,0,0,0,0,0,0,,,,steat101,,,,,,,,,taylj108,,,,,,,,,,,0,0,0,0,0,0,0,0,0,0,0,0,marsj104,parnr102,steat101,wilsj106,dunnj104,burgr101,browl107,yancb101,yokel101,4,7,8,3,9,5,2,6,1,duncf102,thomd104,corrf102,radca101,martr105,santa102,salal101,speac103,0,0,0,0,0,0,0,0,0,0,0,0,0,0,0,0,0,0,0,,0,0,0,0,0,0,0,0,,,0,0,30,?,,,,,,19360519,exhibition,deduced
PH5193605190,99,4,1,1,CAM03,PH5,NY6,1,0,wilsj106,taylj108,4,3,L,R,?,?,??,,,1,1,0,0,0,0,0,0,0,0,0,0,0,0,1,0,1,1,0,0,0,0,0,0,0,0,0,0,0,0,0,0,0,0,0,0,0,0,0,0,0,0,0,0,0,0,0,0,0,0,0,0,1,steat101,,,steat101,,,,,,taylj108,,,taylj108,,,,,,,,,,,0,0,0,0,0,0,0,0,0,0,0,0,marsj104,parnr102,steat101,wilsj106,dunnj104,burgr101,browl107,yancb101,yokel101,4,7,8,3,9,5,2,6,1,duncf102,thomd104,corrf102,radca101,martr105,santa102,salal101,speac103,1,0,0,0,0,0,0,0,0,0,0,0,0,0,0,0,0,0,0,0,0,0,0,0,0,0,0,0,,,0,0,31,?,,,,,,19360519,exhibition,deduced
PH5193605190,99,4,1,1,CAM03,PH5,NY6,1,0,dunnj104,taylj108,5,9,R,R,?,?,??,,,1,1,0,0,0,0,0,0,0,0,0,0,0,0,1,0,1,1,0,0,0,0,0,0,0,0,0,0,0,0,0,0,0,0,0,0,0,0,0,0,0,0,0,0,0,0,0,0,0,0,0,1,2,steat101,,,steat101,,,,,,taylj108,,,taylj108,,,,,,,,,,,0,0,0,0,0,0,0,0,0,0,0,0,marsj104,parnr102,steat101,wilsj106,dunnj104,burgr101,browl107,yancb101,yokel101,4,7,8,3,9,5,2,6,1,duncf102,thomd104,corrf102,radca101,martr105,santa102,salal101,speac103,1,0,0,0,0,0,0,0,0,0,0,0,0,0,0,0,0,0,0,0,0,0,0,0,0,0,0,0,,,0,0,32,?,,,,,,19360519,exhibition,deduced
PH5193605190,99,4,1,1,CAM03,PH5,NY6,1,0,burgr101,taylj108,6,5,R,R,?,?,??,,,1,1,0,0,0,0,0,0,0,0,0,0,0,0,1,0,1,1,0,0,0,0,0,0,0,0,0,0,0,0,0,0,0,0,0,0,0,0,0,0,0,0,0,0,0,0,0,0,0,0,0,2,3,steat101,,,,,,steat101,,,taylj108,,,,,,,,,,,,,,0,0,0,0,0,0,0,0,0,0,0,0,marsj104,parnr102,steat101,wilsj106,dunnj104,burgr101,browl107,yancb101,yokel101,4,7,8,3,9,5,2,6,1,duncf102,thomd104,corrf102,radca101,martr105,santa102,salal101,speac103,1,0,0,0,0,0,0,0,0,0,0,0,0,0,0,0,0,0,0,0,0,0,0,0,0,0,0,0,,,0,0,33,?,,,,,,19360519,exhibition,deduced
PH5193605190,99,5,0,0,CAM03,NY6,PH5,1,0,thomd104,yokel101,1,3,L,R,?,?,??,,,1,1,0,0,0,0,0,0,0,0,0,0,0,0,1,0,1,1,0,0,0,0,0,0,0,0,0,0,0,0,0,0,0,0,0,0,0,0,0,0,0,0,0,0,0,0,0,0,0,0,0,0,1,,,,,,,,,,,,,,,,,,,,,,,,0,0,0,0,0,0,0,0,0,0,0,0,thomd104,corrf102,speac103,salal101,radca101,santa102,duncf102,martr105,taylj108,3,4,9,8,5,7,2,6,1,browl107,wilsj106,marsj104,burgr101,yancb101,parnr102,steat101,dunnj104,1,0,0,0,0,0,0,0,0,0,0,0,0,0,0,0,0,0,0,0,0,0,0,0,0,0,0,0,,,0,0,34,?,,,,,,19360519,exhibition,deduced
PH5193605190,W#,5,0,0,CAM03,NY6,PH5,1,0,corrf102,yokel101,2,4,R,R,?,?,??,,,1,0,0,0,0,0,0,0,0,1,0,0,0,0,0,0,0,0,0,0,0,0,0,0,0,0,0,0,0,0,0,0,0,0,0,0,0,0,0,0,0,0,0,0,0,0,0,0,0,0,0,1,1,,,,corrf102,,,,,,,,,yokel101,,,,,,,,,,,0,0,0,0,0,0,0,0,0,0,0,0,thomd104,corrf102,speac103,salal101,radca101,santa102,duncf102,martr105,taylj108,3,4,9,8,5,7,2,6,1,browl107,wilsj106,marsj104,burgr101,yancb101,parnr102,steat101,dunnj104,0,0,0,0,0,0,0,0,0,0,0,0,0,0,0,0,0,0,0,,0,0,0,0,0,0,0,0,,,0,0,35,?,,,,,,19360519,exhibition,deduced
PH5193605190,99,5,0,0,CAM03,NY6,PH5,1,0,dihim101,yokel101,3,11,R,R,?,?,??,,,1,1,0,0,0,0,0,0,0,0,0,0,0,0,1,0,1,1,0,0,0,0,0,0,0,0,0,0,0,0,0,0,0,0,0,0,0,0,0,0,0,0,0,0,0,0,0,0,0,0,0,1,2,corrf102,,,corrf102,,,,,,yokel101,,,yokel101,,,,,,,,,,,0,0,0,0,0,0,0,0,0,0,0,0,thomd104,corrf102,dihim101,salal101,radca101,santa102,duncf102,martr105,taylj108,3,4,11,8,5,7,2,6,1,browl107,wilsj106,marsj104,burgr101,yancb101,parnr102,steat101,dunnj104,1,0,0,0,0,0,0,0,0,0,0,0,0,0,0,0,0,0,0,0,0,0,0,0,0,0,0,0,,,0,0,36,?,,,,,,19360519,exhibition,deduced
PH5193605190,99,5,0,0,CAM03,NY6,PH5,1,0,salal101,yokel101,4,8,L,R,?,?,??,,,1,1,0,0,0,0,0,0,0,0,0,0,0,0,1,0,1,1,0,0,0,0,0,0,0,0,0,0,0,0,0,0,0,0,0,0,0,0,0,0,0,0,0,0,0,0,0,0,0,0,0,2,3,corrf102,,,,,,corrf102,,,yokel101,,,,,,,,,,,,,,0,0,0,0,0,0,0,0,0,0,0,0,thomd104,corrf102,dihim101,salal101,radca101,santa102,duncf102,martr105,taylj108,3,4,11,8,5,7,2,6,1,browl107,wilsj106,marsj104,burgr101,yancb101,parnr102,steat101,dunnj104,1,0,0,0,0,0,0,0,0,0,0,0,0,0,0,0,0,0,0,0,0,0,0,0,0,0,0,0,,,0,0,37,?,,,,,,19360519,exhibition,deduced
PH5193605190,99,5,1,1,CAM03,PH5,NY6,1,0,browl107,taylj108,7,2,B,R,?,?,??,,,1,1,0,0,0,0,0,0,0,0,0,0,0,0,1,0,1,1,0,0,0,0,0,0,0,0,0,0,0,0,0,0,0,0,0,0,0,0,0,0,0,0,0,0,0,0,0,0,0,0,0,0,1,,,,,,,,,,,,,,,,,,,,,,,,0,0,0,0,0,0,0,0,0,0,0,0,marsj104,parnr102,steat101,wilsj106,dunnj104,burgr101,browl107,yancb101,yokel101,4,7,8,3,9,5,2,6,1,duncf102,thomd104,corrf102,radca101,martr105,santa102,salal101,dihim101,1,0,0,0,0,0,0,0,0,0,0,0,0,0,0,0,0,0,0,0,0,0,0,0,0,0,0,0,,,0,0,38,?,,,,,,19360519,exhibition,deduced
PH5193605190,T#,5,1,1,CAM03,PH5,NY6,1,0,yancb101,taylj108,8,6,R,R,?,?,??,,,1,1,0,0,1,0,0,0,0,0,0,0,0,0,0,0,0,1,0,0,0,0,0,0,0,0,0,0,0,0,0,0,0,0,0,0,0,0,0,0,0,0,0,0,0,0,0,0,0,0,0,1,1,,,,,,yancb101,,,,,,,,,taylj108,,,,,,,,,0,0,0,0,0,0,0,0,0,0,0,0,marsj104,parnr102,steat101,wilsj106,dunnj104,burgr101,browl107,yancb101,yokel101,4,7,8,3,9,5,2,6,1,duncf102,thomd104,corrf102,radca101,martr105,santa102,salal101,dihim101,0,0,0,0,0,0,0,0,0,0,0,0,0,0,0,0,0,0,0,,0,0,0,0,0,0,0,0,,,0,0,39,?,,,,,,19360519,exhibition,deduced
PH5193605190,99.3-H,5,1,1,CAM03,PH5,NY6,1,0,davel102,taylj108,9,11,L,R,?,?,??,,,1,1,0,0,0,0,0,0,0,0,0,0,0,0,1,0,1,1,0,0,0,0,0,0,0,0,0,0,0,0,0,0,0,0,0,0,0,0,0,0,0,0,0,0,0,0,0,0,0,0,0,1,2,,,yancb101,,,,,,,,,taylj108,,,,,,,yancb101,,,,taylj108,0,0,0,0,0,0,0,1,1,1,1,0,marsj104,parnr102,steat101,wilsj106,dunnj104,burgr101,browl107,yancb101,davel102,4,7,8,3,9,5,2,6,11,duncf102,thomd104,corrf102,radca101,martr105,santa102,salal101,dihim101,1,0,0,0,0,0,0,0,0,0,0,0,0,0,0,0,0,0,0,0,0,0,0,0,0,0,0,0,,,0,0,40,?,,,,,,19360519,exhibition,deduced
PH5193605190,99,5,1,1,CAM03,PH5,NY6,1,1,marsj104,taylj108,1,4,R,R,?,?,??,,,1,1,0,0,0,0,0,0,0,0,0,0,0,0,1,0,1,1,0,0,0,0,0,0,0,0,0,0,0,0,0,0,0,0,0,0,0,0,0,0,0,0,0,0,0,0,0,0,0,0,0,2,3,,,,,,,,,,,,,,,,,,,,,,,,0,0,0,0,0,0,0,0,0,0,0,0,marsj104,parnr102,steat101,wilsj106,dunnj104,burgr101,browl107,yancb101,davel102,4,7,8,3,9,5,2,6,11,duncf102,thomd104,corrf102,radca101,martr105,santa102,salal101,dihim101,1,0,0,0,0,0,0,0,0,0,0,0,0,0,0,0,0,0,0,0,0,0,0,0,0,0,0,0,,,0,0,41,?,,,,,,19360519,exhibition,deduced
PH5193605190,99,6,0,0,CAM03,NY6,PH5,1,1,radca101,thoms105,5,5,R,R,?,?,??,,,1,1,0,0,0,0,0,0,0,0,0,0,0,0,1,0,1,1,0,0,0,0,0,0,0,0,0,0,0,0,0,0,0,0,0,0,0,0,0,0,0,0,0,0,0,0,0,0,0,0,0,0,1,,,,,,,,,,,,,,,,,,,,,,,,0,0,0,0,0,0,0,0,0,0,0,0,thomd104,corrf102,dihim101,salal101,radca101,santa102,duncf102,martr105,taylj108,3,4,9,8,5,7,2,6,1,casem101,wilsj106,marsj104,burgr101,yancb101,parnr102,steat101,dunnj104,1,0,0,0,0,0,0,0,0,0,0,0,0,0,0,0,0,0,0,0,0,0,0,0,0,0,0,0,,,0,0,42,?,,,,,,19360519,exhibition,deduced
PH5193605190,99,6,0,0,CAM03,NY6,PH5,1,1,santa102,thoms105,6,7,R,R,?,?,??,,,1,1,0,0,0,0,0,0,0,0,0,0,0,0,1,0,1,1,0,0,0,0,0,0,0,0,0,0,0,0,0,0,0,0,0,0,0,0,0,0,0,0,0,0,0,0,0,0,0,0,0,1,2,,,,,,,,,,,,,,,,,,,,,,,,0,0,0,0,0,0,0,0,0,0,0,0,thomd104,corrf102,dihim101,salal101,radca101,santa102,duncf102,martr105,taylj108,3,4,9,8,5,7,2,6,1,casem101,wilsj106,marsj104,burgr101,yancb101,parnr102,steat101,dunnj104,1,0,0,0,0,0,0,0,0,0,0,0,0,0,0,0,0,0,0,0,0,0,0,0,0,0,0,0,,,0,0,43,?,,,,,,19360519,exhibition,deduced
PH5193605190,99,6,0,0,CAM03,NY6,PH5,1,1,duncf102,thoms105,7,2,R,R,?,?,??,,,1,1,0,0,0,0,0,0,0,0,0,0,0,0,1,0,1,1,0,0,0,0,0,0,0,0,0,0,0,0,0,0,0,0,0,0,0,0,0,0,0,0,0,0,0,0,0,0,0,0,0,2,3,,,,,,,,,,,,,,,,,,,,,,,,0,0,0,0,0,0,0,0,0,0,0,0,thomd104,corrf102,dihim101,salal101,radca101,santa102,duncf102,martr105,taylj108,3,4,9,8,5,7,2,6,1,casem101,wilsj106,marsj104,burgr101,yancb101,parnr102,steat101,dunnj104,1,0,0,0,0,0,0,0,0,0,0,0,0,0,0,0,0,0,0,0,0,0,0,0,0,0,0,0,,,0,0,44,?,,,,,,19360519,exhibition,deduced
PH5193605190,99,6,1,1,CAM03,PH5,NY6,1,1,parnr102,taylj108,2,7,R,R,?,?,??,,,1,1,0,0,0,0,0,0,0,0,0,0,0,0,1,0,1,1,0,0,0,0,0,0,0,0,0,0,0,0,0,0,0,0,0,0,0,0,0,0,0,0,0,0,0,0,0,0,0,0,0,0,1,,,,,,,,,,,,,,,,,,,,,,,,0,0,0,0,0,0,0,0,0,0,0,0,marsj104,parnr102,steat101,wilsj106,dunnj104,burgr101,casem101,yancb101,thoms105,4,7,8,3,9,5,2,6,1,duncf102,thomd104,corrf102,radca101,martr105,santa102,salal101,dihim101,1,0,0,0,0,0,0,0,0,0,0,0,0,0,0,0,0,0,0,0,0,0,0,0,0,0,0,0,,,0,0,45,?,,,,,,19360519,exhibition,deduced
PH5193605190,99,6,1,1,CAM03,PH5,NY6,1,1,steat101,taylj108,3,8,L,R,?,?,??,,,1,1,0,0,0,0,0,0,0,0,0,0,0,0,1,0,1,1,0,0,0,0,0,0,0,0,0,0,0,0,0,0,0,0,0,0,0,0,0,0,0,0,0,0,0,0,0,0,0,0,0,1,2,,,,,,,,,,,,,,,,,,,,,,,,0,0,0,0,0,0,0,0,0,0,0,0,marsj104,parnr102,steat101,wilsj106,dunnj104,burgr101,casem101,yancb101,thoms105,4,7,8,3,9,5,2,6,1,duncf102,thomd104,corrf102,radca101,martr105,santa102,salal101,dihim101,1,0,0,0,0,0,0,0,0,0,0,0,0,0,0,0,0,0,0,0,0,0,0,0,0,0,0,0,,,0,0,46,?,,,,,,19360519,exhibition,deduced
PH5193605190,99,6,1,1,CAM03,PH5,NY6,1,1,wilsj106,taylj108,4,3,L,R,?,?,??,,,1,1,0,0,0,0,0,0,0,0,0,0,0,0,1,0,1,1,0,0,0,0,0,0,0,0,0,0,0,0,0,0,0,0,0,0,0,0,0,0,0,0,0,0,0,0,0,0,0,0,0,2,3,,,,,,,,,,,,,,,,,,,,,,,,0,0,0,0,0,0,0,0,0,0,0,0,marsj104,parnr102,steat101,wilsj106,dunnj104,burgr101,casem101,yancb101,thoms105,4,7,8,3,9,5,2,6,1,duncf102,thomd104,corrf102,radca101,martr105,santa102,salal101,dihim101,1,0,0,0,0,0,0,0,0,0,0,0,0,0,0,0,0,0,0,0,0,0,0,0,0,0,0,0,,,0,0,47,?,,,,,,19360519,exhibition,deduced
PH5193605190,99,7,0,0,CAM03,NY6,PH5,1,1,martr105,thoms105,8,6,R,R,?,?,??,,,1,1,0,0,0,0,0,0,0,0,0,0,0,0,1,0,1,1,0,0,0,0,0,0,0,0,0,0,0,0,0,0,0,0,0,0,0,0,0,0,0,0,0,0,0,0,0,0,0,0,0,0,1,,,,,,,,,,,,,,,,,,,,,,,,0,0,0,0,0,0,0,0,0,0,0,0,thomd104,corrf102,dihim101,salal101,radca101,santa102,duncf102,martr105,taylj108,3,4,9,8,5,7,2,6,1,casem101,wilsj106,marsj104,burgr101,yancb101,parnr102,steat101,dunnj104,1,0,0,0,0,0,0,0,0,0,0,0,0,0,0,0,0,0,0,0,0,0,0,0,0,0,0,0,,,0,0,48,?,,,,,,19360519,exhibition,deduced
PH5193605190,99,7,0,0,CAM03,NY6,PH5,1,1,taylj108,thoms105,9,1,R,R,?,?,??,,,1,1,0,0,0,0,0,0,0,0,0,0,0,0,1,0,1,1,0,0,0,0,0,0,0,0,0,0,0,0,0,0,0,0,0,0,0,0,0,0,0,0,0,0,0,0,0,0,0,0,0,1,2,,,,,,,,,,,,,,,,,,,,,,,,0,0,0,0,0,0,0,0,0,0,0,0,thomd104,corrf102,dihim101,salal101,radca101,santa102,duncf102,martr105,taylj108,3,4,9,8,5,7,2,6,1,casem101,wilsj106,marsj104,burgr101,yancb101,parnr102,steat101,dunnj104,1,0,0,0,0,0,0,0,0,0,0,0,0,0,0,0,0,0,0,0,0,0,0,0,0,0,0,0,,,0,0,49,?,,,,,,19360519,exhibition,deduced
PH5193605190,99,7,0,0,CAM03,NY6,PH5,1,1,thomd104,thoms105,1,3,L,R,?,?,??,,,1,1,0,0,0,0,0,0,0,0,0,0,0,0,1,0,1,1,0,0,0,0,0,0,0,0,0,0,0,0,0,0,0,0,0,0,0,0,0,0,0,0,0,0,0,0,0,0,0,0,0,2,3,,,,,,,,,,,,,,,,,,,,,,,,0,0,0,0,0,0,0,0,0,0,0,0,thomd104,corrf102,dihim101,salal101,radca101,santa102,duncf102,martr105,taylj108,3,4,9,8,5,7,2,6,1,casem101,wilsj106,marsj104,burgr101,yancb101,parnr102,steat101,dunnj104,1,0,0,0,0,0,0,0,0,0,0,0,0,0,0,0,0,0,0,0,0,0,0,0,0,0,0,0,,,0,0,50,?,,,,,,19360519,exhibition,deduced
PH5193605190,99,7,1,1,CAM03,PH5,NY6,1,1,dunnj104,taylj108,5,9,R,R,?,?,??,,,1,1,0,0,0,0,0,0,0,0,0,0,0,0,1,0,1,1,0,0,0,0,0,0,0,0,0,0,0,0,0,0,0,0,0,0,0,0,0,0,0,0,0,0,0,0,0,0,0,0,0,0,1,,,,,,,,,,,,,,,,,,,,,,,,0,0,0,0,0,0,0,0,0,0,0,0,marsj104,parnr102,steat101,wilsj106,dunnj104,burgr101,casem101,yancb101,thoms105,4,7,8,3,9,5,2,6,1,duncf102,thomd104,corrf102,radca101,martr105,santa102,salal101,dihim101,1,0,0,0,0,0,0,0,0,0,0,0,0,0,0,0,0,0,0,0,0,0,0,0,0,0,0,0,,,0,0,51,?,,,,,,19360519,exhibition,deduced
PH5193605190,99,7,1,1,CAM03,PH5,NY6,1,1,burgr101,taylj108,6,5,R,R,?,?,??,,,1,1,0,0,0,0,0,0,0,0,0,0,0,0,1,0,1,1,0,0,0,0,0,0,0,0,0,0,0,0,0,0,0,0,0,0,0,0,0,0,0,0,0,0,0,0,0,0,0,0,0,1,2,,,,,,,,,,,,,,,,,,,,,,,,0,0,0,0,0,0,0,0,0,0,0,0,marsj104,parnr102,steat101,wilsj106,dunnj104,burgr101,casem101,yancb101,thoms105,4,7,8,3,9,5,2,6,1,duncf102,thomd104,corrf102,radca101,martr105,santa102,salal101,dihim101,1,0,0,0,0,0,0,0,0,0,0,0,0,0,0,0,0,0,0,0,0,0,0,0,0,0,0,0,,,0,0,52,?,,,,,,19360519,exhibition,deduced
PH5193605190,99,7,1,1,CAM03,PH5,NY6,1,1,casem101,taylj108,7,2,?,R,?,?,??,,,1,1,0,0,0,0,0,0,0,0,0,0,0,0,1,0,1,1,0,0,0,0,0,0,0,0,0,0,0,0,0,0,0,0,0,0,0,0,0,0,0,0,0,0,0,0,0,0,0,0,0,2,3,,,,,,,,,,,,,,,,,,,,,,,,0,0,0,0,0,0,0,0,0,0,0,0,marsj104,parnr102,steat101,wilsj106,dunnj104,burgr101,casem101,yancb101,thoms105,4,7,8,3,9,5,2,6,1,duncf102,thomd104,corrf102,radca101,martr105,santa102,salal101,dihim101,1,0,0,0,0,0,0,0,0,0,0,0,0,0,0,0,0,0,0,0,0,0,0,0,0,0,0,0,,,0,0,53,?,,,,,,19360519,exhibition,deduced
PH5193605190,99,8,0,0,CAM03,NY6,PH5,1,1,corrf102,thoms105,2,4,R,R,?,?,??,,,1,1,0,0,0,0,0,0,0,0,0,0,0,0,1,0,1,1,0,0,0,0,0,0,0,0,0,0,0,0,0,0,0,0,0,0,0,0,0,0,0,0,0,0,0,0,0,0,0,0,0,0,1,,,,,,,,,,,,,,,,,,,,,,,,0,0,0,0,0,0,0,0,0,0,0,0,thomd104,corrf102,dihim101,salal101,radca101,santa102,duncf102,martr105,taylj108,3,4,9,8,5,7,2,6,1,casem101,wilsj106,marsj104,burgr101,yancb101,parnr102,steat101,dunnj104,1,0,0,0,0,0,0,0,0,0,0,0,0,0,0,0,0,0,0,0,0,0,0,0,0,0,0,0,,,0,0,54,?,,,,,,19360519,exhibition,deduced
PH5193605190,99,8,0,0,CAM03,NY6,PH5,1,1,dihim101,thoms105,3,9,R,R,?,?,??,,,1,1,0,0,0,0,0,0,0,0,0,0,0,0,1,0,1,1,0,0,0,0,0,0,0,0,0,0,0,0,0,0,0,0,0,0,0,0,0,0,0,0,0,0,0,0,0,0,0,0,0,1,2,,,,,,,,,,,,,,,,,,,,,,,,0,0,0,0,0,0,0,0,0,0,0,0,thomd104,corrf102,dihim101,salal101,radca101,santa102,duncf102,martr105,taylj108,3,4,9,8,5,7,2,6,1,casem101,wilsj106,marsj104,burgr101,yancb101,parnr102,steat101,dunnj104,1,0,0,0,0,0,0,0,0,0,0,0,0,0,0,0,0,0,0,0,0,0,0,0,0,0,0,0,,,0,0,55,?,,,,,,19360519,exhibition,deduced
PH5193605190,S,8,0,0,CAM03,NY6,PH5,1,1,salal101,thoms105,4,8,L,R,?,?,??,,,1,1,1,0,0,0,0,0,0,0,0,0,0,0,0,0,0,1,0,0,0,0,0,0,0,0,0,0,0,0,0,0,0,0,0,0,0,0,0,0,0,0,0,0,0,0,0,0,0,0,0,2,2,,,,salal101,,,,,,,,,thoms105,,,,,,,,,,,0,0,0,0,0,0,0,0,0,0,0,0,thomd104,corrf102,dihim101,salal101,radca101,santa102,duncf102,martr105,taylj108,3,4,9,8,5,7,2,6,1,casem101,wilsj106,marsj104,burgr101,yancb101,parnr102,steat101,dunnj104,0,0,0,0,0,0,0,0,0,0,0,0,0,0,0,0,0,0,0,,0,0,0,0,0,0,0,0,,,0,0,56,?,,,,,,19360519,exhibition,deduced
PH5193605190,99,8,0,0,CAM03,NY6,PH5,1,1,radca101,thoms105,5,5,R,R,?,?,??,,,1,1,0,0,0,0,0,0,0,0,0,0,0,0,1,0,1,1,0,0,0,0,0,0,0,0,0,0,0,0,0,0,0,0,0,0,0,0,0,0,0,0,0,0,0,0,0,0,0,0,0,2,3,salal101,,,,,,salal101,,,thoms105,,,,,,,,,,,,,,0,0,0,0,0,0,0,0,0,0,0,0,thomd104,corrf102,dihim101,salal101,radca101,santa102,duncf102,martr105,taylj108,3,4,9,8,5,7,2,6,1,casem101,wilsj106,marsj104,burgr101,yancb101,parnr102,steat101,dunnj104,1,0,0,0,0,0,0,0,0,0,0,0,0,0,0,0,0,0,0,0,0,0,0,0,0,0,0,0,,,0,0,57,?,,,,,,19360519,exhibition,deduced
PH5193605190,99,8,1,1,CAM03,PH5,NY6,1,1,yancb101,taylj108,8,6,R,R,?,?,??,,,1,1,0,0,0,0,0,0,0,0,0,0,0,0,1,0,1,1,0,0,0,0,0,0,0,0,0,0,0,0,0,0,0,0,0,0,0,0,0,0,0,0,0,0,0,0,0,0,0,0,0,0,1,,,,,,,,,,,,,,,,,,,,,,,,0,0,0,0,0,0,0,0,0,0,0,0,marsj104,parnr102,steat101,wilsj106,dunnj104,burgr101,casem101,yancb101,thoms105,4,7,8,3,9,5,2,6,1,duncf102,thomd104,corrf102,radca101,martr105,santa102,salal101,gomeu101,1,0,0,0,0,0,0,0,0,0,0,0,0,0,0,0,0,0,0,0,0,0,0,0,0,0,0,0,,,0,0,58,?,,,,,,19360519,exhibition,deduced
PH5193605190,99,8,1,1,CAM03,PH5,NY6,1,1,thoms105,taylj108,9,1,R,R,?,?,??,,,1,1,0,0,0,0,0,0,0,0,0,0,0,0,1,0,1,1,0,0,0,0,0,0,0,0,0,0,0,0,0,0,0,0,0,0,0,0,0,0,0,0,0,0,0,0,0,0,0,0,0,1,2,,,,,,,,,,,,,,,,,,,,,,,,0,0,0,0,0,0,0,0,0,0,0,0,marsj104,parnr102,steat101,wilsj106,dunnj104,burgr101,casem101,yancb101,thoms105,4,7,8,3,9,5,2,6,1,duncf102,thomd104,corrf102,radca101,martr105,santa102,salal101,gomeu101,1,0,0,0,0,0,0,0,0,0,0,0,0,0,0,0,0,0,0,0,0,0,0,0,0,0,0,0,,,0,0,59,?,,,,,,19360519,exhibition,deduced
PH5193605190,99,8,1,1,CAM03,PH5,NY6,1,1,marsj104,taylj108,1,4,R,R,?,?,??,,,1,1,0,0,0,0,0,0,0,0,0,0,0,0,1,0,1,1,0,0,0,0,0,0,0,0,0,0,0,0,0,0,0,0,0,0,0,0,0,0,0,0,0,0,0,0,0,0,0,0,0,2,3,,,,,,,,,,,,,,,,,,,,,,,,0,0,0,0,0,0,0,0,0,0,0,0,marsj104,parnr102,steat101,wilsj106,dunnj104,burgr101,casem101,yancb101,thoms105,4,7,8,3,9,5,2,6,1,duncf102,thomd104,corrf102,radca101,martr105,santa102,salal101,gomeu101,1,0,0,0,0,0,0,0,0,0,0,0,0,0,0,0,0,0,0,0,0,0,0,0,0,0,0,0,,,0,0,60,?,,,,,,19360519,exhibition,deduced
PH5193605190,99,9,0,0,CAM03,NY6,PH5,1,1,santa102,thoms105,6,7,R,R,?,?,??,,,1,1,0,0,0,0,0,0,0,0,0,0,0,0,1,0,1,1,0,0,0,0,0,0,0,0,0,0,0,0,0,0,0,0,0,0,0,0,0,0,0,0,0,0,0,0,0,0,0,0,0,0,1,,,,,,,,,,,,,,,,,,,,,,,,0,0,0,0,0,0,0,0,0,0,0,0,thomd104,corrf102,gomeu101,salal101,radca101,santa102,duncf102,martr105,taylj108,3,4,9,8,5,7,2,6,1,casem101,wilsj106,marsj104,burgr101,yancb101,parnr102,steat101,dunnj104,1,0,0,0,0,0,0,0,0,0,0,0,0,0,0,0,0,0,0,0,0,0,0,0,0,0,0,0,,,0,0,61,?,,,,,,19360519,exhibition,deduced
PH5193605190,99,9,0,0,CAM03,NY6,PH5,1,1,duncf102,thoms105,7,2,R,R,?,?,??,,,1,1,0,0,0,0,0,0,0,0,0,0,0,0,1,0,1,1,0,0,0,0,0,0,0,0,0,0,0,0,0,0,0,0,0,0,0,0,0,0,0,0,0,0,0,0,0,0,0,0,0,1,2,,,,,,,,,,,,,,,,,,,,,,,,0,0,0,0,0,0,0,0,0,0,0,0,thomd104,corrf102,gomeu101,salal101,radca101,santa102,duncf102,martr105,taylj108,3,4,9,8,5,7,2,6,1,casem101,wilsj106,marsj104,burgr101,yancb101,parnr102,steat101,dunnj104,1,0,0,0,0,0,0,0,0,0,0,0,0,0,0,0,0,0,0,0,0,0,0,0,0,0,0,0,,,0,0,62,?,,,,,,19360519,exhibition,deduced
PH5193605190,99,9,0,0,CAM03,NY6,PH5,1,1,martr105,thoms105,8,6,R,R,?,?,??,,,1,1,0,0,0,0,0,0,0,0,0,0,0,0,1,0,1,1,0,0,0,0,0,0,0,0,0,0,0,0,0,0,0,0,0,0,0,0,0,0,0,0,0,0,0,0,0,0,0,0,0,2,3,,,,,,,,,,,,,,,,,,,,,,,,0,0,0,0,0,0,0,0,0,0,0,0,thomd104,corrf102,gomeu101,salal101,radca101,santa102,duncf102,martr105,taylj108,3,4,9,8,5,7,2,6,1,casem101,wilsj106,marsj104,burgr101,yancb101,parnr102,steat101,dunnj104,1,0,0,0,0,0,0,0,0,0,0,0,0,0,0,0,0,0,0,0,0,0,0,0,0,0,0,0,,,0,0,63,?,,,,,,19360519,exhibition,deduced
PH5193605190,99,9,1,1,CAM03,PH5,NY6,1,1,parnr102,taylj108,2,7,R,R,?,?,??,,,1,1,0,0,0,0,0,0,0,0,0,0,0,0,1,0,1,1,0,0,0,0,0,0,0,0,0,0,0,0,0,0,0,0,0,0,0,0,0,0,0,0,0,0,0,0,0,0,0,0,0,0,1,,,,,,,,,,,,,,,,,,,,,,,,0,0,0,0,0,0,0,0,0,0,0,0,marsj104,parnr102,steat101,wilsj106,dunnj104,burgr101,casem101,yancb101,thoms105,4,7,8,3,9,5,2,6,1,duncf102,thomd104,corrf102,radca101,martr105,santa102,salal101,gomeu101,1,0,0,0,0,0,0,0,0,0,0,0,0,0,0,0,0,0,0,0,0,0,0,0,0,0,0,0,,,0,0,64,?,,,,,,19360519,exhibition,deduced
PH5193605190,S/BG,9,1,1,CAM03,PH5,NY6,1,1,steat101,taylj108,3,8,L,R,?,?,??,,,1,1,1,0,0,0,0,0,0,0,0,0,0,0,0,0,0,1,1,0,0,0,0,0,0,0,0,0,0,0,0,0,0,0,0,0,0,0,0,0,0,0,0,0,0,0,0,0,0,0,0,1,1,,,,steat101,,,,,,,,,taylj108,,,,,,,,,,,0,0,0,0,0,0,0,0,0,0,0,0,marsj104,parnr102,steat101,wilsj106,dunnj104,burgr101,casem101,yancb101,thoms105,4,7,8,3,9,5,2,6,1,duncf102,thomd104,corrf102,radca101,martr105,santa102,salal101,gomeu101,0,0,0,0,0,0,0,0,0,0,0,0,0,0,0,0,0,0,0,,0,0,0,0,0,0,0,0,,BG,0,0,65,?,,,,,,19360519,exhibition,deduced
PH5193605190,W.1-2,9,1,1,CAM03,PH5,NY6,1,1,wilsj106,taylj108,4,3,L,R,?,?,??,,,1,0,0,0,0,0,0,0,0,1,0,0,0,0,0,0,0,0,0,0,0,0,0,0,0,0,0,0,0,0,0,0,0,0,0,0,0,0,0,0,0,0,0,0,0,0,0,0,0,0,0,1,1,steat101,,,wilsj106,steat101,,,,,taylj108,,,taylj108,taylj108,,,,,,,,,,0,0,0,0,0,0,0,0,0,0,0,0,marsj104,parnr102,steat101,wilsj106,dunnj104,burgr101,casem101,yancb101,thoms105,4,7,8,3,9,5,2,6,1,duncf102,thomd104,corrf102,radca101,martr105,santa102,salal101,gomeu101,0,0,0,0,0,0,0,0,0,0,0,0,0,0,0,0,0,0,0,,0,0,0,0,0,0,0,0,,,0,0,66,?,,,,,,19360519,exhibition,deduced
PH5193605190,S/BG.2-3;1-2,9,1,1,CAM03,PH5,NY6,1,1,dunnj104,taylj108,5,9,R,R,?,?,??,,,1,1,1,0,0,0,0,0,0,0,0,0,0,0,0,0,0,1,1,0,0,0,0,0,0,0,0,0,0,0,0,0,0,0,0,0,0,0,0,0,0,0,0,0,0,0,0,0,0,0,0,1,1,wilsj106,steat101,,dunnj104,wilsj106,steat101,,,,taylj108,taylj108,,taylj108,taylj108,taylj108,,,,,,,,,0,0,0,0,0,0,0,0,0,0,0,0,marsj104,parnr102,steat101,wilsj106,dunnj104,burgr101,casem101,yancb101,thoms105,4,7,8,3,9,5,2,6,1,duncf102,thomd104,corrf102,radca101,martr105,santa102,salal101,gomeu101,0,0,0,0,0,0,0,0,0,0,0,0,0,0,0,0,0,0,0,,0,0,0,0,0,0,0,0,,BG,0,0,67,?,,,,,,19360519,exhibition,deduced
PH5193605190,99(1)/FO.3-H;2-3,9,1,1,CAM03,PH5,NY6,1,1,burgr101,taylj108,6,5,R,R,?,?,??,,,1,1,0,0,0,0,0,0,0,0,0,0,0,0,1,0,1,1,0,1,0,0,0,0,0,0,0,0,0,0,0,0,0,0,0,0,0,0,0,0,0,0,0,0,0,0,0,0,0,0,0,1,2,dunnj104,wilsj106,steat101,burgr101,,wilsj106,,,,taylj108,taylj108,taylj108,taylj108,,taylj108,,,,steat101,,,,taylj108,0,0,0,0,0,0,0,1,1,1,1,0,marsj104,parnr102,steat101,wilsj106,dunnj104,burgr101,casem101,yancb101,thoms105,4,7,8,3,9,5,2,6,1,duncf102,thomd104,corrf102,radca101,martr105,santa102,salal101,gomeu101,1,0,0,0,0,0,0,0,0,0,0,0,0,0,0,0,0,0,0,0,0,0,0,0,0,0,0,0,,G,1,0,68,?,,,,,,19360519,exhibition,deduced
