gid,team,inn1,inn2,inn3,inn4,inn5,inn6,inn7,inn8,inn9,inn10,inn11,inn12,inn13,inn14,inn15,inn16,inn17,inn18,inn19,inn20,inn21,inn22,inn23,inn24,inn25,inn26,inn27,inn28,lob,mgr,stattype,b_pa,b_ab,b_r,b_h,b_d,b_t,b_hr,b_rbi,b_sh,b_sf,b_hbp,b_w,b_iw,b_k,b_sb,b_cs,b_gdp,b_xi,b_roe,p_ipouts,p_noout,p_bfp,p_h,p_d,p_t,p_hr,p_r,p_er,p_w,p_iw,p_k,p_hbp,p_wp,p_bk,p_sh,p_sf,p_sb,p_cs,p_pb,d_po,d_a,d_e,d_dp,d_tp,d_pb,d_wp,d_sb,d_cs,start_l1,start_l2,start_l3,start_l4,start_l5,start_l6,start_l7,start_l8,start_l9,start_f1,start_f2,start_f3,start_f4,start_f5,start_f6,start_f7,start_f8,start_f9,start_f10,date,number,site,vishome,opp,win,loss,tie,gametype,box,pbp
PH5193605120,HOM,0,1,0,0,2,0,0,,,,,,,,,,,,,,,,,,,,,,6,harrv102,value,30,26,3,5,0,0,0,,0,,0,4,,1,,,,,,18,,28,7,0,0,2,5,,3,,0,0,,,0,,,,,18,7,,,,,,,,benjj101,harrv102,leonb101,duket102,browr103,blevf101,carlm101,jackj104,waita101,waita101,duket102,leonb101,carlm101,blevf101,jackj104,harrv102,benjj101,stroj103,,19360512,0,CAM03,v,PH5,0,1,0,exhibition,y,
PH5193605120,PH5,0,1,2,0,2,0,,,,,,,,,,,,,,,,,,,,,,,5,mcdow101,value,28,25,5,7,0,0,2,,0,,0,3,,0,,,,,,21,,30,5,0,0,0,3,,4,,1,0,,,0,,,,,21,12,,,,,,,,davel102,parnr102,steat101,wilsj106,casem101,dunnj104,cread101,yancb101,huntb106,huntb106,casem101,wilsj106,dunnj104,cread101,yancb101,parnr102,steat101,davel102,,19360512,0,CAM03,h,HOM,1,0,0,exhibition,y,
PH5193605190,NY6,0,1,0,0,0,0,0,0,0,,,,,,,,,,,,,,,,,,,,7,dihim101,value,35,32,1,4,0,0,0,1,0,0,0,3,0,0,0,0,0,0,1,26,0,33,3,0,1,0,2,2,4,0,0,0,0,0,0,0,0,0,0,26,9,0,0,0,0,0,0,0,thomd104,corrf102,speac103,salal101,radca101,santa102,duncf102,martr105,taylj108,taylj108,duncf102,thomd104,corrf102,radca101,martr105,santa102,salal101,speac103,,19360519,0,CAM03,v,PH5,0,1,0,exhibition,y,d
PH5193605190,PH5,0,0,0,0,1,0,0,0,1,,,,,,,,,,,,,,,,,,,,5,mcdow101,value,33,29,2,3,0,1,0,2,0,0,0,4,0,0,0,0,0,0,0,27,0,35,4,0,0,0,1,1,3,0,0,0,0,0,0,0,0,0,0,27,13,1,0,0,0,0,0,0,marsj104,parnr102,steat101,wilsj106,dunnj104,burgr101,browl107,yancb101,yokel101,yokel101,browl107,wilsj106,marsj104,burgr101,yancb101,parnr102,steat101,dunnj104,,19360519,0,CAM03,h,NY6,1,0,0,exhibition,y,d
PH5193605220,NW2,,,,,,,,,,,,,,,,,,,,,,,,,,,,,,bellw101,value,,,3,,,,,,,,,,,,,,,,,27,,,,,,0,0,0,,,,,,,,,,,,27,,,,,,,,,,,,,,,,,,,,,,,,,,,,19360522,0,CAM03,v,PH5,1,0,0,exhibition,,
PH5193605220,PH5,0,0,0,0,0,0,0,0,0,,,,,,,,,,,,,,,,,,,,,mcdow101,value,,,0,,,,0,0,,,,,,,,,,,,27,,,,,,,3,,,,,,,,,,,,,27,,,,,,,,,,,,,,,,,,,,,,,,,,,,19360522,0,CAM03,h,NW2,0,1,0,exhibition,,
PH5193605260,PTC,0,0,0,0,0,0,0,0,0,,,,,,,,,,,,,,,,,,,,,charo101,value,,,0,6,,,0,0,,,,,,,,,,,,24,,,10,,,,5,,,,,,,,,,,,,24,,1,,,,,,,,,,,,,,,,kinch101,perkb101,,,,,,,,,19360526,0,CAM03,v,PH5,0,1,0,exhibition,,
PH5193605260,PH5,3,0,0,0,0,0,0,2,,,,,,,,,,,,,,,,,,,,,,mcdow101,value,,,5,10,,,,,,,,,,,,,,,,27,,,6,,,0,0,0,,,,,,,,,,,,27,,1,,,,,,,,,,,,,,,,mcdow101,browl107,,,,,,,,,19360526,0,CAM03,h,PTC,1,0,0,exhibition,,
PH5193606300,NW2,,,,,,,,,,,,,,,,,,,,,,,,,,,,,,bellw101,value,,,1,,,,,,,,,,,,,,,,,24,,,,,,,2,,,,,,,,,,,,,24,,,,,,,,,,,,,,,,,,stewl102,hayej104,,,,,,,,,19360630,0,CAM03,v,PH5,0,1,0,regular,,
PH5193606300,PH5,,,,,,,,,,,,,,,,,,,,,,,,,,,,,,mcdow101,value,,,2,,,,,,,,,,,,,,,,,27,,,,,,,1,,,,,,,,,,,,,27,,,,,,,,,,,,,,,,,,mcdow101,browl107,,,,,,,,,19360630,0,CAM03,h,NW2,1,0,0,regular,,
HOM194008220,NW2,,,,,,,,,,,,,,,,,,,,,,,,,,,,,,lundd103,value,,,1,,,,,,,,,,,,,,,,,24,,,,,,,9,,,,,,,,,,,,,24,,0,,0,,,,,,,,,,,,,,,,,,,,,,,,19400822,0,CAM03,v,HOM,0,1,0,regular,,
HOM194008220,HOM,,,,,,,,,,,,,,,,,,,,,,,,,,,,,,harrv102,value,,,9,,,,,,,,,,,,,,,,,27,,,,,,,1,,,,,,,,,,,,,27,,0,,0,,,,,,,,,,,,,,,,,,,,,,,,19400822,0,CAM03,h,NW2,1,0,0,regular,,
