gid,id,team,p_seq,stattype,p_ipouts,p_noout,p_bfp,p_h,p_d,p_t,p_hr,p_r,p_er,p_w,p_iw,p_k,p_hbp,p_wp,p_bk,p_sh,p_sf,p_sb,p_cs,p_pb,wp,lp,save,p_gs,p_gf,p_cg,date,number,site,vishome,opp,win,loss,tie,gametype,box,pbp,eject
HOE194904030,pearj102,NY6,2,value,,,,,,,,,,,,,,,,,,,,,,,,,1,,19490403,0,LRK02,v,HOE,1,0,0,exhibition,,,
HOE194904111,pearj102,NY6,1,value,21,,,7,,,,,,,,,,,,,,,,,,,,1,,1,19490411,1,MEM02,v,HOE,0,0,1,exhibition,,,
MEM194904242,pearj102,NY6,2,value,,,,,,,,,,,,,,,,,,,,,,,,,,,19490424,2,MEM02,v,MEM,0,1,0,exhibition,,,
NY6194905292,pearj102,NY6,2,value,14,0,21,4,0,0,1,3,0,1,0,1,0,0,0,0,0,0,0,0,,,,,1,,19490529,2,NYC14,h,BIR,0,1,0,regular,y,d,
BLG194906192,pearj102,NY6,2,value,11,0,16,6,1,0,1,3,3,0,0,0,0,0,0,0,0,0,0,0,,,,,1,,19490619,2,BAL14,v,BLG,0,1,0,regular,y,d,
