gid,id,team,d_seq,d_pos,stattype,d_ifouts,d_po,d_a,d_e,d_dp,d_tp,d_pb,d_wp,d_sb,d_cs,d_gs,date,number,site,vishome,opp,win,loss,tie,gametype,box,pbp
DT1193008270,stepj105,HOM,1,6,value,24,3,1,0,0,0,,,,,1,19300827,0,DET06,v,DT1,0,1,0,championship,y,
DT1193008270,harrv102,HOM,1,7,value,24,1,0,0,0,0,,,,,1,19300827,0,DET06,v,DT1,0,1,0,championship,y,
DT1193008270,charo101,HOM,1,3,value,24,12,1,1,0,0,,,,,1,19300827,0,DET06,v,DT1,0,1,0,championship,y,
DT1193008270,johnj108,HOM,1,5,value,24,1,5,0,0,0,,,,,1,19300827,0,DET06,v,DT1,0,1,0,championship,y,
DT1193008270,scalg101,HOM,1,4,value,24,2,2,1,0,0,,,,,1,19300827,0,DET06,v,DT1,0,1,0,championship,y,
DT1193008270,whitc103,HOM,1,8,value,24,0,0,0,0,0,,,,,1,19300827,0,DET06,v,DT1,0,1,0,championship,y,
DT1193008270,ewinb103,HOM,1,2,value,24,4,2,0,0,0,0,,,,1,19300827,0,DET06,v,DT1,0,1,0,championship,y,
DT1193008270,evanb104,HOM,1,9,value,24,1,0,0,0,0,,,,,1,19300827,0,DET06,v,DT1,0,1,0,championship,y,
DT1193008270,britg103,HOM,1,1,value,20,0,3,0,0,0,,,,,1,19300827,0,DET06,v,DT1,0,1,0,championship,y,
DT1193008270,willl105,HOM,1,1,value,4,0,0,0,0,0,,,,,,19300827,0,DET06,v,DT1,0,1,0,championship,y,
DT1193008270,johnw103,DT1,1,7,value,27,0,0,0,0,0,,,,,1,19300827,0,DET06,h,HOM,1,0,0,championship,y,
DT1193008270,hollc103,DT1,1,9,value,27,2,0,0,0,0,,,,,1,19300827,0,DET06,h,HOM,1,0,0,championship,y,
DT1193008270,rilee101,DT1,1,3,value,27,17,0,0,1,0,,,,,1,19300827,0,DET06,h,HOM,1,0,0,championship,y,
DT1193008270,steat101,DT1,1,8,value,27,1,1,0,0,0,,,,,1,19300827,0,DET06,h,HOM,1,0,0,championship,y,
DT1193008270,palmc101,DT1,1,2,value,27,0,0,0,0,0,0,,,,1,19300827,0,DET06,h,HOM,1,0,0,championship,y,
DT1193008270,robib105,DT1,1,5,value,27,0,3,0,0,0,,,,,1,19300827,0,DET06,h,HOM,1,0,0,championship,y,
DT1193008270,dunnj104,DT1,1,6,value,27,2,6,0,0,0,,,,,1,19300827,0,DET06,h,HOM,1,0,0,championship,y,
DT1193008270,orang101,DT1,1,4,value,27,4,4,0,1,0,,,,,1,19300827,0,DET06,h,HOM,1,0,0,championship,y,
DT1193008270,deann101,DT1,1,1,value,21,1,2,0,1,0,,,,,1,19300827,0,DET06,h,HOM,1,0,0,championship,y,
DT1193008270,powew101,DT1,1,1,value,6,0,0,0,0,0,,,,,,19300827,0,DET06,h,HOM,1,0,0,championship,y,
DT1193008280,stepj105,HOM,1,6,value,27,3,3,1,0,0,,,,,1,19300828,0,DET06,v,DT1,1,0,0,championship,y,
DT1193008280,harrv102,HOM,1,7,value,27,0,0,0,0,0,,,,,1,19300828,0,DET06,v,DT1,1,0,0,championship,y,
DT1193008280,charo101,HOM,1,3,value,27,11,1,0,0,0,,,,,1,19300828,0,DET06,v,DT1,1,0,0,championship,y,
DT1193008280,johnj108,HOM,1,5,value,27,1,3,0,0,0,,,,,1,19300828,0,DET06,v,DT1,1,0,0,championship,y,
DT1193008280,scalg101,HOM,1,4,value,27,0,2,0,0,0,,,,,1,19300828,0,DET06,v,DT1,1,0,0,championship,y,
DT1193008280,whitc103,HOM,1,8,value,27,1,0,0,0,0,,,,,1,19300828,0,DET06,v,DT1,1,0,0,championship,y,
DT1193008280,gibsj101,HOM,1,2,value,,7,1,0,0,0,0,,,,1,19300828,0,DET06,v,DT1,1,0,0,championship,y,
DT1193008280,ewinb103,HOM,1,2,value,,2,0,0,0,0,0,,,,,19300828,0,DET06,v,DT1,1,0,0,championship,y,
DT1193008280,evanb104,HOM,1,9,value,27,2,0,0,0,0,,,,,1,19300828,0,DET06,v,DT1,1,0,0,championship,y,
DT1193008280,willj109,HOM,1,1,value,27,0,1,0,0,0,,,,,1,19300828,0,DET06,v,DT1,1,0,0,championship,y,
DT1193008280,johnw103,DT1,1,7,value,27,1,0,0,0,0,,,,,1,19300828,0,DET06,h,HOM,0,1,0,championship,y,
DT1193008280,hollc103,DT1,1,9,value,27,0,0,0,0,0,,,,,1,19300828,0,DET06,h,HOM,0,1,0,championship,y,
DT1193008280,rilee101,DT1,1,3,value,27,5,1,0,0,0,,,,,1,19300828,0,DET06,h,HOM,0,1,0,championship,y,
DT1193008280,steat101,DT1,1,8,value,27,2,0,0,0,0,,,,,1,19300828,0,DET06,h,HOM,0,1,0,championship,y,
DT1193008280,danip102,DT1,1,2,value,27,10,2,0,0,0,0,,,,1,19300828,0,DET06,h,HOM,0,1,0,championship,y,
DT1193008280,robib105,DT1,1,5,value,27,1,1,0,0,0,,,,,1,19300828,0,DET06,h,HOM,0,1,0,championship,y,
DT1193008280,dunnj104,DT1,1,6,value,27,2,2,0,0,0,,,,,1,19300828,0,DET06,h,HOM,0,1,0,championship,y,
DT1193008280,orang101,DT1,1,4,value,27,6,2,0,0,0,,,,,1,19300828,0,DET06,h,HOM,0,1,0,championship,y,
DT1193008280,coopa101,DT1,1,1,value,24,0,3,0,0,0,,,,,1,19300828,0,DET06,h,HOM,0,1,0,championship,y,
DT1193008280,shawt101,DT1,1,1,value,3,0,1,0,0,0,,,,,,19300828,0,DET06,h,HOM,0,1,0,championship,y,
DT1193009200,bellj103,SSN,1,8,value,24,2,0,0,0,0,,,,,1,19300920,0,DET06,v,DT1,0,1,0,lcs,y,
DT1193009200,gileg101,SSN,1,3,value,24,10,0,0,0,0,,,,,1,19300920,0,DET06,v,DT1,0,1,0,lcs,y,
DT1193009200,russb101,SSN,1,9,value,24,0,0,2,0,0,,,,,1,19300920,0,DET06,v,DT1,0,1,0,lcs,y,
DT1193009200,wellw101,SSN,1,6,value,24,3,0,0,0,0,,,,,1,19300920,0,DET06,v,DT1,0,1,0,lcs,y,
DT1193009200,suttm101,SSN,1,7,value,24,0,0,0,0,0,,,,,1,19300920,0,DET06,v,DT1,0,1,0,lcs,y,
DT1193009200,russj105,SSN,1,4,value,24,2,0,0,0,0,,,,,1,19300920,0,DET06,v,DT1,0,1,0,lcs,y,
DT1193009200,cread101,SSN,1,5,value,24,0,0,0,0,0,,,,,1,19300920,0,DET06,v,DT1,0,1,0,lcs,y,
DT1193009200,willh104,SSN,1,2,value,24,7,0,0,0,0,0,,,,1,19300920,0,DET06,v,DT1,0,1,0,lcs,y,
DT1193009200,trent101,SSN,1,1,value,15,0,0,0,0,0,,,,,1,19300920,0,DET06,v,DT1,0,1,0,lcs,y,
DT1193009200,radct101,SSN,1,1,value,9,0,0,0,0,0,,,,,,19300920,0,DET06,v,DT1,0,1,0,lcs,y,
DT1193009200,johnw103,DT1,1,7,value,27,0,0,0,0,0,,,,,1,19300920,0,DET06,h,SSN,1,0,0,lcs,y,
DT1193009200,hollc103,DT1,1,9,value,27,1,0,0,0,0,,,,,1,19300920,0,DET06,h,SSN,1,0,0,lcs,y,
DT1193009200,rilee101,DT1,1,4,value,27,4,0,0,0,0,,,,,1,19300920,0,DET06,h,SSN,1,0,0,lcs,y,
DT1193009200,steat101,DT1,1,8,value,27,3,0,0,0,0,,,,,1,19300920,0,DET06,h,SSN,1,0,0,lcs,y,
DT1193009200,palmc101,DT1,1,2,value,27,8,0,1,0,0,0,,,,1,19300920,0,DET06,h,SSN,1,0,0,lcs,y,
DT1193009200,diall101,DT1,1,3,value,27,11,0,0,0,0,,,,,1,19300920,0,DET06,h,SSN,1,0,0,lcs,y,
DT1193009200,dunnj104,DT1,1,6,value,27,0,0,1,0,0,,,,,1,19300920,0,DET06,h,SSN,1,0,0,lcs,y,
DT1193009200,orang101,DT1,1,5,value,27,0,0,0,0,0,,,,,1,19300920,0,DET06,h,SSN,1,0,0,lcs,y,
DT1193009200,shawt101,DT1,1,1,value,15,0,0,0,0,0,,,,,1,19300920,0,DET06,h,SSN,1,0,0,lcs,y,
DT1193009200,powew101,DT1,1,1,value,12,0,0,0,0,0,,,,,,19300920,0,DET06,h,SSN,1,0,0,lcs,y,
DT1193009210,bellj103,SSN,1,8,value,27,2,,0,0,0,,,,,1,19300921,0,DET06,v,DT1,1,0,0,lcs,y,
DT1193009210,gileg101,SSN,1,3,value,27,13,,0,0,0,,,,,1,19300921,0,DET06,v,DT1,1,0,0,lcs,y,
DT1193009210,russb101,SSN,1,9,value,27,4,,0,0,0,,,,,1,19300921,0,DET06,v,DT1,1,0,0,lcs,y,
DT1193009210,wellw101,SSN,1,6,value,27,0,,0,0,0,,,,,1,19300921,0,DET06,v,DT1,1,0,0,lcs,y,
DT1193009210,suttm101,SSN,1,7,value,27,1,,0,0,0,,,,,1,19300921,0,DET06,v,DT1,1,0,0,lcs,y,
DT1193009210,russj105,SSN,1,4,value,27,1,,0,0,0,,,,,1,19300921,0,DET06,v,DT1,1,0,0,lcs,y,
DT1193009210,radct101,SSN,1,2,value,27,1,,1,0,0,0,,,,1,19300921,0,DET06,v,DT1,1,0,0,lcs,y,
DT1193009210,hensl101,SSN,1,1,value,27,5,,0,0,0,,,,,1,19300921,0,DET06,v,DT1,1,0,0,lcs,y,
DT1193009210,cread101,SSN,1,5,value,27,0,,0,0,0,,,,,1,19300921,0,DET06,v,DT1,1,0,0,lcs,y,
DT1193009210,johnw103,DT1,1,7,value,27,2,,0,0,0,,,,,1,19300921,0,DET06,h,SSN,0,1,0,lcs,y,
DT1193009210,hollc103,DT1,1,9,value,27,3,,0,0,0,,,,,1,19300921,0,DET06,h,SSN,0,1,0,lcs,y,
DT1193009210,rilee101,DT1,1,4,value,27,4,,0,0,0,,,,,1,19300921,0,DET06,h,SSN,0,1,0,lcs,y,
DT1193009210,steat101,DT1,1,8,value,27,2,,0,0,0,,,,,1,19300921,0,DET06,h,SSN,0,1,0,lcs,y,
DT1193009210,palmc101,DT1,1,2,value,27,3,,0,0,0,0,,,,1,19300921,0,DET06,h,SSN,0,1,0,lcs,y,
DT1193009210,diall101,DT1,1,3,value,27,8,,0,0,0,,,,,1,19300921,0,DET06,h,SSN,0,1,0,lcs,y,
DT1193009210,dunnj104,DT1,1,6,value,27,3,,0,0,0,,,,,1,19300921,0,DET06,h,SSN,0,1,0,lcs,y,
DT1193009210,orang101,DT1,1,5,value,27,2,,0,0,0,,,,,1,19300921,0,DET06,h,SSN,0,1,0,lcs,y,
DT1193009210,davia101,DT1,1,1,value,27,0,,0,0,0,,,,,1,19300921,0,DET06,h,SSN,0,1,0,lcs,y,
DT1193009220,gileg101,SSN,1,3,value,27,12,0,0,0,0,,,,,1,19300922,0,DET06,v,DT1,1,0,0,lcs,y,
DT1193009220,russb101,SSN,1,9,value,27,0,0,1,0,0,,,,,1,19300922,0,DET06,v,DT1,1,0,0,lcs,y,
DT1193009220,wellw101,SSN,1,6,value,27,2,2,0,0,0,,,,,1,19300922,0,DET06,v,DT1,1,0,0,lcs,y,
DT1193009220,suttm101,SSN,1,7,value,27,1,0,0,0,0,,,,,1,19300922,0,DET06,v,DT1,1,0,0,lcs,y,
DT1193009220,russj105,SSN,1,4,value,27,2,5,1,0,0,,,,,1,19300922,0,DET06,v,DT1,1,0,0,lcs,y,
DT1193009220,reduw101,SSN,1,8,value,27,3,0,0,0,0,,,,,1,19300922,0,DET06,v,DT1,1,0,0,lcs,y,
DT1193009220,cread101,SSN,1,5,value,27,1,0,0,0,0,,,,,1,19300922,0,DET06,v,DT1,1,0,0,lcs,y,
DT1193009220,radct101,SSN,1,2,value,27,5,2,1,0,0,0,,,,1,19300922,0,DET06,v,DT1,1,0,0,lcs,y,
DT1193009220,davir103,SSN,1,1,value,27,1,3,0,0,0,,,,,1,19300922,0,DET06,v,DT1,1,0,0,lcs,y,
DT1193009220,johnw103,DT1,1,7,value,27,3,0,0,0,0,,,,,1,19300922,0,DET06,h,SSN,0,1,0,lcs,y,
DT1193009220,hollc103,DT1,1,4,value,27,4,1,0,2,0,,,,,1,19300922,0,DET06,h,SSN,0,1,0,lcs,y,
DT1193009220,danip102,DT1,1,3,value,27,10,0,0,0,0,,,,,1,19300922,0,DET06,h,SSN,0,1,0,lcs,y,
DT1193009220,steat101,DT1,1,8,value,27,0,0,0,0,0,,,,,1,19300922,0,DET06,h,SSN,0,1,0,lcs,y,
DT1193009220,palmc101,DT1,1,2,value,27,7,0,0,1,0,0,,,,1,19300922,0,DET06,h,SSN,0,1,0,lcs,y,
DT1193009220,diall101,DT1,1,9,value,27,2,1,0,1,0,,,,,1,19300922,0,DET06,h,SSN,0,1,0,lcs,y,
DT1193009220,dunnj104,DT1,1,6,value,27,0,1,0,1,0,,,,,1,19300922,0,DET06,h,SSN,0,1,0,lcs,y,
DT1193009220,orang101,DT1,1,5,value,27,1,2,3,0,0,,,,,1,19300922,0,DET06,h,SSN,0,1,0,lcs,y,
DT1193009220,deann101,DT1,1,1,value,24,0,5,0,0,0,,,,,1,19300922,0,DET06,h,SSN,0,1,0,lcs,y,
DT1193009220,coopa101,DT1,1,1,value,3,0,0,0,0,0,,,,,,19300922,0,DET06,h,SSN,0,1,0,lcs,y,
DT2193705150,hydec101,CI1,1,4,value,27,0,0,0,0,0,,,,,1,19370515,0,DET06,v,DT2,1,0,0,regular,y,d
DT2193705150,davel102,CI1,1,7,value,27,0,0,0,0,0,,,,,1,19370515,0,DET06,v,DT2,1,0,0,regular,y,d
DT2193705150,cartm101,CI1,1,5,value,27,0,0,0,0,0,,,,,1,19370515,0,DET06,v,DT2,1,0,0,regular,y,d
DT2193705150,robin101,CI1,1,8,value,27,0,0,0,0,0,,,,,1,19370515,0,DET06,v,DT2,1,0,0,regular,y,d
DT2193705150,easth104,CI1,1,6,value,27,0,0,0,0,0,,,,,1,19370515,0,DET06,v,DT2,1,0,0,regular,y,d
DT2193705150,tater102,CI1,1,9,value,27,0,0,0,0,0,,,,,1,19370515,0,DET06,v,DT2,1,0,0,regular,y,d
DT2193705150,radct101,CI1,1,2,value,27,0,0,1,0,0,0,0,0,0,1,19370515,0,DET06,v,DT2,1,0,0,regular,y,d
DT2193705150,taylj106,CI1,1,3,value,27,0,0,0,0,0,,,,,1,19370515,0,DET06,v,DT2,1,0,0,regular,y,d
DT2193705150,jeffw101,CI1,1,1,value,27,0,0,0,0,0,,,,,1,19370515,0,DET06,v,DT2,1,0,0,regular,y,d
DT2193705150,housc103,DT2,1,5,value,27,0,0,2,0,0,,,,,1,19370515,0,DET06,h,CI1,0,1,0,regular,y,d
DT2193705150,dunna102,DT2,1,3,value,27,2,0,0,2,0,,,,,1,19370515,0,DET06,h,CI1,0,1,0,regular,y,d
DT2193705150,cox-r102,DT2,1,4,value,27,1,1,0,1,0,,,,,1,19370515,0,DET06,h,CI1,0,1,0,regular,y,d
DT2193705150,steat101,DT2,1,8,value,27,0,0,0,0,0,,,,,1,19370515,0,DET06,h,CI1,0,1,0,regular,y,d
DT2193705150,salte101,DT2,1,9,value,27,0,0,0,0,0,,,,,1,19370515,0,DET06,h,CI1,0,1,0,regular,y,d
DT2193705150,haler103,DT2,1,6,value,27,0,0,0,0,0,,,,,1,19370515,0,DET06,h,CI1,0,1,0,regular,y,d
DT2193705150,wilsf103,DT2,1,2,value,27,0,0,0,0,0,0,0,1,0,1,19370515,0,DET06,h,CI1,0,1,0,regular,y,d
DT2193705150,undee101,DT2,1,7,value,21,0,0,0,0,0,,,,,1,19370515,0,DET06,h,CI1,0,1,0,regular,y,d
DT2193705150,justc101,DT2,1,7,value,6,0,0,0,0,0,,,,,0,19370515,0,DET06,h,CI1,0,1,0,regular,y,d
DT2193705150,thomw103,DT2,1,1,value,5,0,0,0,0,0,,,,,1,19370515,0,DET06,h,CI1,0,1,0,regular,y,d
DT2193705150,websd101,DT2,1,1,value,22,1,2,0,2,0,,,,,0,19370515,0,DET06,h,CI1,0,1,0,regular,y,d
DT2193705231,henro102,IN6,1,7,value,24,,,0,0,0,0,,0,,1,19370523,1,DET06,v,DT2,0,1,0,regular,y,
DT2193705231,chila101,IN6,1,4,value,24,,,0,0,0,0,,0,,1,19370523,1,DET06,v,DT2,0,1,0,regular,y,
DT2193705231,strot101,IN6,1,6,value,24,,,0,0,0,0,,0,,1,19370523,1,DET06,v,DT2,0,1,0,regular,y,
DT2193705231,morgp102,IN6,1,9,value,24,,,0,0,0,0,,0,,1,19370523,1,DET06,v,DT2,0,1,0,regular,y,
DT2193705231,milln102,IN6,1,3,value,24,,,1,0,0,0,,0,,1,19370523,1,DET06,v,DT2,0,1,0,regular,y,
DT2193705231,longe101,IN6,1,5,value,24,,,0,0,0,0,,0,,1,19370523,1,DET06,v,DT2,0,1,0,regular,y,
DT2193705231,dunbv101,IN6,1,2,value,,,,0,0,0,0,,2,,1,19370523,1,DET06,v,DT2,0,1,0,regular,y,
DT2193705231,segrj101,IN6,1,8,value,24,,,0,0,0,0,,0,,1,19370523,1,DET06,v,DT2,0,1,0,regular,y,
DT2193705231,howab102,IN6,1,1,value,24,,,0,0,0,0,,0,,1,19370523,1,DET06,v,DT2,0,1,0,regular,y,
DT2193705231,walkc102,IN6,2,2,value,,,,0,0,0,1,,0,,,19370523,1,DET06,v,DT2,0,1,0,regular,y,
DT2193705231,dunna102,DT2,1,3,value,27,,,0,2,0,0,,0,,1,19370523,1,DET06,h,IN6,1,0,0,regular,y,
DT2193705231,bleal101,DT2,1,4,value,27,,,1,3,0,0,,0,,1,19370523,1,DET06,h,IN6,1,0,0,regular,y,
DT2193705231,haler103,DT2,1,6,value,27,,,1,0,0,0,,0,,1,19370523,1,DET06,h,IN6,1,0,0,regular,y,
DT2193705231,steat101,DT2,1,9,value,27,,,0,0,0,0,,0,,1,19370523,1,DET06,h,IN6,1,0,0,regular,y,
DT2193705231,cox-r102,DT2,1,5,value,27,,,1,1,0,0,,0,,1,19370523,1,DET06,h,IN6,1,0,0,regular,y,
DT2193705231,justc101,DT2,1,9,value,27,,,0,0,0,0,,0,,1,19370523,1,DET06,h,IN6,1,0,0,regular,y,
DT2193705231,undee101,DT2,1,7,value,27,,,0,1,0,0,,0,,1,19370523,1,DET06,h,IN6,1,0,0,regular,y,
DT2193705231,petws101,DT2,1,2,value,27,,,0,0,0,0,,1,,1,19370523,1,DET06,h,IN6,1,0,0,regular,y,
DT2193705231,thomd105,DT2,1,1,value,27,,,0,1,0,0,,0,,1,19370523,1,DET06,h,IN6,1,0,0,regular,y,
DT2193705232,henro102,IN6,1,7,value,,,,0,0,0,0,,0,,1,19370523,2,DET06,v,DT2,0,1,0,regular,y,
DT2193705232,chila101,IN6,1,4,value,24,,,1,0,0,0,,0,,1,19370523,2,DET06,v,DT2,0,1,0,regular,y,
DT2193705232,strot101,IN6,1,6,value,24,,,0,0,0,0,,0,,1,19370523,2,DET06,v,DT2,0,1,0,regular,y,
DT2193705232,hallp101,IN6,1,9,value,24,,,0,0,0,0,,0,,1,19370523,2,DET06,v,DT2,0,1,0,regular,y,
DT2193705232,gillg104,IN6,1,3,value,,,,1,0,0,0,,0,,1,19370523,2,DET06,v,DT2,0,1,0,regular,y,
DT2193705232,longe101,IN6,1,5,value,24,,,0,0,0,0,,0,,1,19370523,2,DET06,v,DT2,0,1,0,regular,y,
DT2193705232,walkc102,IN6,1,2,value,24,,,0,0,0,1,,2,,1,19370523,2,DET06,v,DT2,0,1,0,regular,y,
DT2193705232,segrj101,IN6,1,8,value,24,,,0,0,0,0,,0,,1,19370523,2,DET06,v,DT2,0,1,0,regular,y,
DT2193705232,hannl102,IN6,1,1,value,13,,,0,0,0,0,,0,,1,19370523,2,DET06,v,DT2,0,1,0,regular,y,
DT2193705232,milln102,IN6,2,3,value,,,,0,0,0,0,,0,,,19370523,2,DET06,v,DT2,0,1,0,regular,y,
DT2193705232,cookc102,IN6,2,1,value,11,,,0,0,0,0,,0,,,19370523,2,DET06,v,DT2,0,1,0,regular,y,
DT2193705232,dunna102,DT2,1,3,value,27,,,1,1,0,0,,0,,1,19370523,2,DET06,h,IN6,1,0,0,regular,y,
DT2193705232,bleal101,DT2,1,4,value,27,,,1,0,0,0,,0,,1,19370523,2,DET06,h,IN6,1,0,0,regular,y,
DT2193705232,haler103,DT2,1,6,value,27,,,0,1,0,0,,0,,1,19370523,2,DET06,h,IN6,1,0,0,regular,y,
DT2193705232,steat101,DT2,1,8,value,27,,,0,0,0,0,,0,,1,19370523,2,DET06,h,IN6,1,0,0,regular,y,
DT2193705232,cox-r102,DT2,1,9,value,27,,,0,0,0,0,,0,,1,19370523,2,DET06,h,IN6,1,0,0,regular,y,
DT2193705232,wilsf103,DT2,1,2,value,27,,,0,0,0,0,,0,,1,19370523,2,DET06,h,IN6,1,0,0,regular,y,
DT2193705232,justc101,DT2,1,5,value,27,,,0,0,0,0,,0,,1,19370523,2,DET06,h,IN6,1,0,0,regular,y,
DT2193705232,undee101,DT2,1,7,value,27,,,0,0,0,0,,0,,1,19370523,2,DET06,h,IN6,1,0,0,regular,y,
DT2193705232,websd101,DT2,1,1,value,27,,,0,1,0,0,,0,,1,19370523,2,DET06,h,IN6,1,0,0,regular,y,
DT2193706190,dunbv101,IN6,,2,value,24,,,,,,,,,,1,19370619,0,DET06,v,DT2,0,1,0,regular,,
DT2193706190,howab102,IN6,,1,value,12,,,,,,,,,,1,19370619,0,DET06,v,DT2,0,1,0,regular,,
DT2193706190,cookc102,IN6,,1,value,12,,,,,,,,,,,19370619,0,DET06,v,DT2,0,1,0,regular,,
DT2193706190,housc103,DT2,,5,value,27,,,,,,,,,,,19370619,0,DET06,h,IN6,1,0,0,regular,,
DT2193706190,cox-r102,DT2,,4,value,27,,,,,,,,,,,19370619,0,DET06,h,IN6,1,0,0,regular,,
DT2193706190,wilsf103,DT2,,2,value,27,,,,,,,,,,1,19370619,0,DET06,h,IN6,1,0,0,regular,,
DT2193706190,thomw103,DT2,,1,value,27,,,,,,,,,,1,19370619,0,DET06,h,IN6,1,0,0,regular,,
DT2193706201,hughr102,IN6,1,1,value,27,,,,,,,,,,1,19370620,1,DET06,v,DT2,1,0,0,regular,,
DT2193706201,thomd105,DT2,1,1,value,27,,,0,,,,,,,1,19370620,1,DET06,h,IN6,0,1,0,regular,,
DT2193706201,dunna102,DT2,1,3,value,,,,0,,,,,,,,19370620,1,DET06,h,IN6,0,1,0,regular,,
DT2193706202,chila101,IN6,1,4,value,27,0,0,0,0,0,,,,,1,19370620,2,DET06,v,DT2,1,0,0,regular,y,d
DT2193706202,hydec101,IN6,1,9,value,27,0,0,0,0,0,,,,,1,19370620,2,DET06,v,DT2,1,0,0,regular,y,d
DT2193706202,strot101,IN6,1,6,value,27,0,0,0,0,0,,,,,1,19370620,2,DET06,v,DT2,1,0,0,regular,y,d
DT2193706202,gillg104,IN6,1,3,value,27,0,0,0,0,0,,,,,1,19370620,2,DET06,v,DT2,1,0,0,regular,y,d
DT2193706202,morgp102,IN6,1,7,value,27,0,0,0,0,0,,,,,1,19370620,2,DET06,v,DT2,1,0,0,regular,y,d
DT2193706202,longe101,IN6,1,5,value,27,0,0,0,0,0,,,,,1,19370620,2,DET06,v,DT2,1,0,0,regular,y,d
DT2193706202,dunbv101,IN6,1,2,value,27,0,0,0,0,0,0,0,0,0,1,19370620,2,DET06,v,DT2,1,0,0,regular,y,d
DT2193706202,segrj101,IN6,1,8,value,27,0,0,0,0,0,,,,,1,19370620,2,DET06,v,DT2,1,0,0,regular,y,d
DT2193706202,haysc101,IN6,1,1,value,27,0,0,0,0,0,,,,,1,19370620,2,DET06,v,DT2,1,0,0,regular,y,d
DT2193706202,dunna102,DT2,1,3,value,27,0,0,0,0,0,,,,,1,19370620,2,DET06,h,IN6,0,1,0,regular,y,d
DT2193706202,housc103,DT2,1,5,value,27,0,0,0,0,0,,,,,1,19370620,2,DET06,h,IN6,0,1,0,regular,y,d
DT2193706202,cox-r102,DT2,1,4,value,27,0,0,1,0,0,,,,,1,19370620,2,DET06,h,IN6,0,1,0,regular,y,d
DT2193706202,steat101,DT2,1,8,value,27,0,0,0,0,0,,,,,1,19370620,2,DET06,h,IN6,0,1,0,regular,y,d
DT2193706202,hoskb101,DT2,1,9,value,27,0,0,0,0,0,,,,,1,19370620,2,DET06,h,IN6,0,1,0,regular,y,d
DT2193706202,haler103,DT2,1,6,value,27,0,0,1,0,0,,,,,1,19370620,2,DET06,h,IN6,0,1,0,regular,y,d
DT2193706202,petws101,DT2,1,2,value,12,7,0,0,0,0,0,0,0,0,1,19370620,2,DET06,h,IN6,0,1,0,regular,y,d
DT2193706202,staru101,DT2,1,2,value,15,0,0,0,0,0,0,0,0,0,0,19370620,2,DET06,h,IN6,0,1,0,regular,y,d
DT2193706202,undee101,DT2,1,7,value,27,0,0,0,0,0,,,,,1,19370620,2,DET06,h,IN6,0,1,0,regular,y,d
DT2193706202,millp101,DT2,1,1,value,27,0,0,0,0,0,,,,,1,19370620,2,DET06,h,IN6,0,1,0,regular,y,d
DT2193706210,hannl102,IN6,1,1,value,,,,,,,,,,,1,19370621,0,DET06,v,DT2,0,1,0,regular,,
DT2193706210,howab102,IN6,2,1,value,,,,,,,,,,,,19370621,0,DET06,v,DT2,0,1,0,regular,,
DT2193706210,undee101,DT2,1,7,value,,,,,,,,,,,1,19370621,0,DET06,h,IN6,1,0,0,regular,,
DT2193706260,tater102,CAG,1,9,value,27,2,0,0,0,0,,,,,1,19370626,0,DET06,v,DT2,1,0,0,regular,y,d
DT2193706260,bondt102,CAG,1,5,value,27,0,3,0,0,0,,,,,1,19370626,0,DET06,v,DT2,1,0,0,regular,y,d
DT2193706260,radca101,CAG,1,6,value,27,1,5,0,0,0,,,,,1,19370626,0,DET06,v,DT2,1,0,0,regular,y,d
DT2193706260,byass101,CAG,1,2,value,27,12,0,0,0,0,0,0,0,1,1,19370626,0,DET06,v,DT2,1,0,0,regular,y,d
DT2193706260,gilyl101,CAG,1,3,value,27,9,0,0,0,0,,,,,1,19370626,0,DET06,v,DT2,1,0,0,regular,y,d
DT2193706260,reduw101,CAG,1,7,value,27,1,0,0,0,0,,,,,1,19370626,0,DET06,v,DT2,1,0,0,regular,y,d
DT2193706260,sparj102,CAG,1,4,value,27,1,7,1,0,0,,,,,1,19370626,0,DET06,v,DT2,1,0,0,regular,y,d
DT2193706260,dunlh101,CAG,1,8,value,27,1,0,0,0,0,,,,,1,19370626,0,DET06,v,DT2,1,0,0,regular,y,d
DT2193706260,trent101,CAG,1,1,value,27,0,2,0,0,0,,,,,1,19370626,0,DET06,v,DT2,1,0,0,regular,y,d
DT2193706260,dunna102,DT2,1,3,value,27,15,0,1,0,0,,,,,1,19370626,0,DET06,h,CAG,0,1,0,regular,y,d
DT2193706260,housc103,DT2,1,5,value,27,1,5,0,0,0,,,,,1,19370626,0,DET06,h,CAG,0,1,0,regular,y,d
DT2193706260,cox-r102,DT2,1,4,value,27,2,5,0,0,0,,,,,1,19370626,0,DET06,h,CAG,0,1,0,regular,y,d
DT2193706260,steat101,DT2,1,7,value,27,1,0,0,0,0,,,,,1,19370626,0,DET06,h,CAG,0,1,0,regular,y,d
DT2193706260,hoskb101,DT2,1,9,value,27,0,0,0,0,0,,,,,1,19370626,0,DET06,h,CAG,0,1,0,regular,y,d
DT2193706260,haler103,DT2,1,6,value,27,0,1,0,0,0,,,,,1,19370626,0,DET06,h,CAG,0,1,0,regular,y,d
DT2193706260,petws101,DT2,1,2,value,18,5,0,0,0,0,0,0,0,0,1,19370626,0,DET06,h,CAG,0,1,0,regular,y,d
DT2193706260,wilsf103,DT2,1,2,value,9,2,0,0,0,0,0,0,0,0,0,19370626,0,DET06,h,CAG,0,1,0,regular,y,d
DT2193706260,undee101,DT2,1,8,value,27,1,0,1,0,0,,,,,1,19370626,0,DET06,h,CAG,0,1,0,regular,y,d
DT2193706260,thomd105,DT2,1,1,value,9,0,2,0,0,0,,,,,1,19370626,0,DET06,h,CAG,0,1,0,regular,y,d
DT2193706260,thomw103,DT2,1,1,value,18,0,5,1,0,0,,,,,0,19370626,0,DET06,h,CAG,0,1,0,regular,y,d
DT2193706271,cornw101,CAG,1,1,value,18,,,,,,,,,,1,19370627,1,DET06,v,DT2,1,0,0,regular,,
DT2193706271,trent101,CAG,2,1,value,9,,,,,,,,,,,19370627,1,DET06,v,DT2,1,0,0,regular,,
DT2193706271,millp101,DT2,1,1,value,27,,,,,,,,,,1,19370627,1,DET06,h,CAG,0,1,0,regular,,
DT2193706272,clayz101,CAG,1,1,value,27,,,,,,,,,,1,19370627,2,DET06,v,DT2,1,0,0,regular,,
DT2193706272,websd101,DT2,1,1,value,27,,,,,,,,,,1,19370627,2,DET06,h,CAG,0,1,0,regular,,
DT2193707100,milth101,KCM,,9,value,,,,0,,,,,,,1,19370710,0,DET06,v,DT2,1,0,0,regular,,
DT2193707100,allen102,KCM,,4,value,,,,0,,,,,,,1,19370710,0,DET06,v,DT2,1,0,0,regular,,
DT2193707100,broww101,KCM,,7,value,,,,0,,,,,,,1,19370710,0,DET06,v,DT2,1,0,0,regular,,
DT2193707100,brooj101,KCM,,5,value,,,,0,,,,,,,1,19370710,0,DET06,v,DT2,1,0,0,regular,,
DT2193707100,duncf102,KCM,,2,value,,,,1,,,,,,,1,19370710,0,DET06,v,DT2,1,0,0,regular,,
DT2193707100,mcheh101,KCM,,1,value,,,,0,,,,,,,1,19370710,0,DET06,v,DT2,1,0,0,regular,,
DT2193707100,steat101,DT2,,8,value,,,,,,,,,,,1,19370710,0,DET06,h,KCM,0,1,0,regular,,
DT2193707100,housc103,DT2,,5,value,,,,,,,,,,,1,19370710,0,DET06,h,KCM,0,1,0,regular,,
DT2193707100,undee101,DT2,,7,value,,,,,,,,,,,1,19370710,0,DET06,h,KCM,0,1,0,regular,,
DT2193707100,wilsf103,DT2,,2,value,,,,,,,,,,,1,19370710,0,DET06,h,KCM,0,1,0,regular,,
DT2193707100,thomw103,DT2,,1,value,,,,,,,,,,,1,19370710,0,DET06,h,KCM,0,1,0,regular,,
DT2193707100,thomd105,DT2,,1,value,,,,,,,,,,,,19370710,0,DET06,h,KCM,0,1,0,regular,,
DT2193707111,kranf101,KCM,1,1,value,,,,,,,,,,,1,19370711,1,DET06,v,DT2,0,1,0,regular,,
DT2193707111,barnv103,KCM,2,1,value,,,,,,,,,,,,19370711,1,DET06,v,DT2,0,1,0,regular,,
DT2193707111,duncf102,KCM,1,2,value,,,,,,,,,,,1,19370711,1,DET06,v,DT2,0,1,0,regular,,
DT2193707111,millp101,DT2,1,1,value,,,,,,,,,,,1,19370711,1,DET06,h,KCM,1,0,0,regular,,
DT2193707111,cox-r102,DT2,1,2,value,,,,,,,,,,,1,19370711,1,DET06,h,KCM,1,0,0,regular,,
DT2193707112,smith111,KCM,1,1,value,21,,,0,,,,,,,1,19370711,2,DET06,v,DT2,1,0,0,regular,,
DT2193707112,duncf102,KCM,1,2,value,,,,0,,,,,,,1,19370711,2,DET06,v,DT2,1,0,0,regular,,
DT2193707112,elseh101,KCM,2,2,value,,,,0,,,,,,,,19370711,2,DET06,v,DT2,1,0,0,regular,,
DT2193707112,milth101,KCM,1,9,value,,1,,0,,,,,,,,19370711,2,DET06,v,DT2,1,0,0,regular,,
DT2193707112,johnm103,KCM,1,6,value,,,,0,,,,,,,,19370711,2,DET06,v,DT2,1,0,0,regular,,
DT2193707112,websd101,DT2,1,1,value,,,,,,,,,,,1,19370711,2,DET06,h,KCM,0,1,0,regular,,
DT2193707112,justc101,DT2,2,1,value,,,,,,,,,,,,19370711,2,DET06,h,KCM,0,1,0,regular,,
DT2193707112,cox-r102,DT2,1,2,value,,,,,,,,,,,1,19370711,2,DET06,h,KCM,0,1,0,regular,,
DT2193707112,wilsf103,DT2,2,2,value,,,,,,,,,,,,19370711,2,DET06,h,KCM,0,1,0,regular,,
DT2193707120,allen102,KCM,1,4,value,27,,,,,,,,,,1,19370712,0,DET06,v,DT2,1,0,0,regular,,
DT2193707120,kranf101,KCM,1,1,value,27,,,,,,,,,,1,19370712,0,DET06,v,DT2,1,0,0,regular,,
DT2193707120,davia101,DT2,1,1,value,27,,,,,,,,,,1,19370712,0,DET06,h,KCM,0,1,0,regular,,
DT2193708151,howat101,ATN,1,1,value,27,,,0,,,,,,,1,19370815,1,DET06,v,DT2,1,0,0,regular,,
DT2193708151,greej108,ATN,1,2,value,27,,,0,,,,,,,1,19370815,1,DET06,v,DT2,1,0,0,regular,,
DT2193708151,millp101,DT2,1,1,value,,,,,,,,,,,1,19370815,1,DET06,h,ATN,0,1,0,regular,,
DT2193708151,arnou101,DT2,2,1,value,,,,,,,,,,,,19370815,1,DET06,h,ATN,0,1,0,regular,,
DT2193708151,cox-r102,DT2,1,2,value,27,,,,,,,,,,1,19370815,1,DET06,h,ATN,0,1,0,regular,,
DT2193708152,reesj103,ATN,1,1,value,,,,,,,,,,,1,19370815,2,DET06,v,DT2,0,1,0,regular,,
DT2193708152,evanf101,ATN,2,1,value,,,,,,,,,,,,19370815,2,DET06,v,DT2,0,1,0,regular,,
DT2193708152,nelsl103,ATN,3,1,value,,,,,,,,,,,,19370815,2,DET06,v,DT2,0,1,0,regular,,
DT2193708152,burkp102,ATN,4,1,value,,,,,,,,,,,,19370815,2,DET06,v,DT2,0,1,0,regular,,
DT2193708152,greej108,ATN,1,2,value,24,,,,,,,,,,1,19370815,2,DET06,v,DT2,0,1,0,regular,,
DT2193708152,millp101,DT2,1,1,value,,,,,,,,,,,1,19370815,2,DET06,h,ATN,1,0,0,regular,,
DT2193708152,websd101,DT2,2,1,value,,,,,,,,,,,,19370815,2,DET06,h,ATN,1,0,0,regular,,
DT2193708152,justc101,DT2,3,1,value,,,,,,,,,,,,19370815,2,DET06,h,ATN,1,0,0,regular,,
DT2193708152,petws101,DT2,1,2,value,27,,,,,,,,,,1,19370815,2,DET06,h,ATN,1,0,0,regular,,
DT2193708160,reesj103,ATN,,1,value,27,,,,,,,,,,1,19370816,0,DET06,v,DT2,1,0,0,regular,,
DT2193708160,millp101,DT2,,1,value,27,,,,,,,,,,1,19370816,0,DET06,h,ATN,0,1,0,regular,,
