gid,id,team,d_seq,d_pos,stattype,d_ifouts,d_po,d_a,d_e,d_dp,d_tp,d_pb,d_wp,d_sb,d_cs,d_gs,date,number,site,vishome,opp,win,loss,tie,gametype,box,pbp
PRK194211220,wadev101,PRG,1,9,value,27,0,0,0,0,0,,,,,1,19421122,0,SAN03,v,PRK,1,0,0,exhibition,y,
PRK194211220,diall101,PRG,1,8,value,27,3,0,0,0,0,,,,,1,19421122,0,SAN03,v,PRK,1,0,0,exhibition,y,
PRK194211220,easth104,PRG,1,6,value,27,0,4,0,0,0,,,,,1,19421122,0,SAN03,v,PRK,1,0,0,exhibition,y,
PRK194211220,wrigb104,PRG,1,7,value,27,1,0,0,0,0,,,,,1,19421122,0,SAN03,v,PRK,1,0,0,exhibition,y,
PRK194211220,mackb102,PRG,1,2,value,27,5,1,0,0,0,0,,,,1,19421122,0,SAN03,v,PRK,1,0,0,exhibition,y,
PRK194211220,brews101,PRG,1,5,value,27,0,4,1,0,0,,,,,1,19421122,0,SAN03,v,PRK,1,0,0,exhibition,y,
PRK194211220,harrc104,PRG,1,4,value,27,2,4,1,0,0,,,,,1,19421122,0,SAN03,v,PRK,1,0,0,exhibition,y,
PRK194211220,omarj101,PRG,1,3,value,27,14,0,0,0,0,,,,,1,19421122,0,SAN03,v,PRK,1,0,0,exhibition,y,
PRK194211220,brewc102,PRG,1,1,value,27,2,5,0,0,0,,,,,1,19421122,0,SAN03,v,PRK,1,0,0,exhibition,y,
PRK194211220,whipj101,PRK,1,9,value,27,0,0,0,0,0,,,,,1,19421122,0,SAN03,h,PRG,0,1,0,exhibition,y,
PRK194211220,patch101,PRK,1,7,value,27,1,0,0,0,0,,,,,1,19421122,0,SAN03,h,PRG,0,1,0,exhibition,y,
PRK194211220,kerrf101,PRK,1,3,value,27,12,0,0,1,0,,,,,1,19421122,0,SAN03,h,PRG,0,1,0,exhibition,y,
PRK194211220,ellib103,PRK,1,5,value,27,0,2,0,1,0,,,,,1,19421122,0,SAN03,h,PRG,0,1,0,exhibition,y,
PRK194211220,jensw102,PRK,1,8,value,27,1,0,0,0,0,,,,,1,19421122,0,SAN03,h,PRG,0,1,0,exhibition,y,
PRK194211220,balld101,PRK,1,2,value,,4,0,0,0,0,0,,,,1,19421122,0,SAN03,h,PRG,0,1,0,exhibition,y,
PRK194211220,doerh101,PRK,1,2,value,,1,1,0,1,0,0,,,,,19421122,0,SAN03,h,PRG,0,1,0,exhibition,y,
PRK194211220,stinf101,PRK,1,4,value,,1,3,0,0,0,,,,,1,19421122,0,SAN03,h,PRG,0,1,0,exhibition,y,
PRK194211220,kerrt101,PRK,1,4,value,,1,1,1,0,0,,,,,,19421122,0,SAN03,h,PRG,0,1,0,exhibition,y,
PRK194211220,dobbj103,PRK,1,6,value,,4,3,0,0,0,,,,,1,19421122,0,SAN03,h,PRG,0,1,0,exhibition,y,
PRK194211220,kehnc101,PRK,1,6,value,,1,0,0,0,0,,,,,,19421122,0,SAN03,h,PRG,0,1,0,exhibition,y,
PRK194211220,thomf105,PRK,1,1,value,15,0,1,0,0,0,,,,,1,19421122,0,SAN03,h,PRG,0,1,0,exhibition,y,
PRK194211220,dassf101,PRK,1,1,value,6,0,2,0,0,0,,,,,,19421122,0,SAN03,h,PRG,0,1,0,exhibition,y,
PRK194211220,olsev101,PRK,1,1,value,6,1,1,0,0,0,,,,,,19421122,0,SAN03,h,PRG,0,1,0,exhibition,y,
PRK194509260,soueh101,KCR,1,5,value,24,1,0,0,0,0,,,,,1,19450926,0,SAN03,v,PRK,0,1,0,exhibition,y,d
PRK194509260,willj111,KCR,1,4,value,24,2,1,0,0,0,,,,,1,19450926,0,SAN03,v,PRK,0,1,0,exhibition,y,d
PRK194509260,wrigb104,KCR,1,9,value,24,1,0,0,0,0,,,,,1,19450926,0,SAN03,v,PRK,0,1,0,exhibition,y,d
PRK194509260,robij103,KCR,1,6,value,24,1,6,0,1,0,,,,,1,19450926,0,SAN03,v,PRK,0,1,0,exhibition,y,d
PRK194509260,renfc101,KCR,1,7,value,24,0,1,0,0,0,,,,,1,19450926,0,SAN03,v,PRK,0,1,0,exhibition,y,d
PRK194509260,aberr101,KCR,1,8,value,24,0,0,0,0,0,,,,,1,19450926,0,SAN03,v,PRK,0,1,0,exhibition,y,d
PRK194509260,marcz101,KCR,1,3,value,24,8,0,0,1,0,,,,,1,19450926,0,SAN03,v,PRK,0,1,0,exhibition,y,d
PRK194509260,haywb102,KCR,1,2,value,24,11,0,0,0,0,0,0,1,0,1,19450926,0,SAN03,v,PRK,0,1,0,exhibition,y,d
PRK194509260,willj112,KCR,1,1,value,13,0,4,0,1,0,,,,,1,19450926,0,SAN03,v,PRK,0,1,0,exhibition,y,d
PRK194509260,brewc102,KCR,1,1,value,11,0,0,0,0,0,,,,,0,19450926,0,SAN03,v,PRK,0,1,0,exhibition,y,d
PRK194509260,vezil101,PRK,1,7,value,27,1,0,0,0,0,,,,,1,19450926,0,SAN03,h,KCR,1,0,0,exhibition,y,d
PRK194509260,crist101,PRK,1,8,value,27,0,0,0,0,0,,,,,1,19450926,0,SAN03,h,KCR,1,0,0,exhibition,y,d
PRK194509260,anglj101,PRK,1,6,value,27,5,0,0,0,0,,,,,1,19450926,0,SAN03,h,KCR,1,0,0,exhibition,y,d
PRK194509260,pridj101,PRK,1,5,value,27,2,4,1,0,0,,,,,1,19450926,0,SAN03,h,KCR,1,0,0,exhibition,y,d
PRK194509260,richk101,PRK,1,4,value,27,0,3,0,0,0,,,,,1,19450926,0,SAN03,h,KCR,1,0,0,exhibition,y,d
PRK194509260,gabrl101,PRK,1,3,value,27,8,0,1,0,0,,,,,1,19450926,0,SAN03,h,KCR,1,0,0,exhibition,y,d
PRK194509260,hedib101,PRK,1,9,value,27,3,1,0,0,0,,,,,1,19450926,0,SAN03,h,KCR,1,0,0,exhibition,y,d
PRK194509260,boonr101,PRK,1,2,value,12,5,0,0,0,0,0,0,0,0,1,19450926,0,SAN03,h,KCR,1,0,0,exhibition,y,d
PRK194509260,balld101,PRK,1,2,value,15,3,0,0,0,0,0,0,0,0,0,19450926,0,SAN03,h,KCR,1,0,0,exhibition,y,d
PRK194509260,pippc101,PRK,1,1,value,18,0,1,0,0,0,,,,,1,19450926,0,SAN03,h,KCR,1,0,0,exhibition,y,d
PRK194509260,fergb102,PRK,1,1,value,9,0,1,0,0,0,,,,,0,19450926,0,SAN03,h,KCR,1,0,0,exhibition,y,d
PRK194510030,smitj112,KCR,1,9,value,21,0,0,0,0,0,,,,,1,19451003,0,SAN03,v,PRK,1,0,0,exhibition,y,d
PRK194510030,willj111,KCR,1,4,value,21,0,2,0,0,0,,,,,1,19451003,0,SAN03,v,PRK,1,0,0,exhibition,y,d
PRK194510030,wrigb104,KCR,1,8,value,21,0,0,0,0,0,,,,,1,19451003,0,SAN03,v,PRK,1,0,0,exhibition,y,d
PRK194510030,hoskb101,KCR,1,7,value,21,0,0,0,0,0,,,,,1,19451003,0,SAN03,v,PRK,1,0,0,exhibition,y,d
PRK194510030,robij103,KCR,1,6,value,21,1,3,0,0,0,,,,,1,19451003,0,SAN03,v,PRK,1,0,0,exhibition,y,d
PRK194510030,soueh101,KCR,1,5,value,21,0,0,0,0,0,,,,,1,19451003,0,SAN03,v,PRK,1,0,0,exhibition,y,d
PRK194510030,nelsc102,KCR,1,3,value,21,8,0,0,0,0,,,,,1,19451003,0,SAN03,v,PRK,1,0,0,exhibition,y,d
PRK194510030,haywb102,KCR,1,2,value,21,12,1,0,0,0,0,0,0,0,1,19451003,0,SAN03,v,PRK,1,0,0,exhibition,y,d
PRK194510030,paigs101,KCR,1,1,value,15,0,1,0,0,0,,,,,1,19451003,0,SAN03,v,PRK,1,0,0,exhibition,y,d
PRK194510030,willj112,KCR,1,1,value,6,0,2,1,0,0,,,,,0,19451003,0,SAN03,v,PRK,1,0,0,exhibition,y,d
PRK194510030,hedib101,PRK,1,4,value,21,0,3,1,1,0,,,,,1,19451003,0,SAN03,h,KCR,0,1,0,exhibition,y,d
PRK194510030,crist101,PRK,1,9,value,21,0,1,0,0,0,,,,,1,19451003,0,SAN03,h,KCR,0,1,0,exhibition,y,d
PRK194510030,davii102,PRK,1,6,value,21,2,2,0,2,0,,,,,1,19451003,0,SAN03,h,KCR,0,1,0,exhibition,y,d
PRK194510030,adamb101,PRK,1,8,value,21,1,0,0,0,0,,,,,1,19451003,0,SAN03,h,KCR,0,1,0,exhibition,y,d
PRK194510030,vezil101,PRK,1,7,value,21,0,0,0,0,0,,,,,1,19451003,0,SAN03,h,KCR,0,1,0,exhibition,y,d
PRK194510030,gabrl101,PRK,1,3,value,21,3,1,0,2,0,,,,,1,19451003,0,SAN03,h,KCR,0,1,0,exhibition,y,d
PRK194510030,bruce101,PRK,1,2,value,15,11,0,0,0,0,0,1,0,0,1,19451003,0,SAN03,h,KCR,0,1,0,exhibition,y,d
PRK194510030,doerh101,PRK,1,2,value,6,2,0,1,0,0,0,0,0,0,0,19451003,0,SAN03,h,KCR,0,1,0,exhibition,y,d
PRK194510030,ray-k101,PRK,1,5,value,21,0,1,0,0,0,,,,,1,19451003,0,SAN03,h,KCR,0,1,0,exhibition,y,d
PRK194510030,fellb101,PRK,1,1,value,15,2,3,0,1,0,,,,,1,19451003,0,SAN03,h,KCR,0,1,0,exhibition,y,d
PRK194510030,salvj101,PRK,1,1,value,6,0,1,0,0,0,,,,,0,19451003,0,SAN03,h,KCR,0,1,0,exhibition,y,d
PRK194510210,smitj112,KCR,1,9,value,27,4,0,0,0,0,,,,,1,19451021,0,SAN03,v,PRK,1,0,0,exhibition,y,d
PRK194510210,willj111,KCR,1,6,value,27,2,1,1,0,0,,,,,1,19451021,0,SAN03,v,PRK,1,0,0,exhibition,y,d
PRK194510210,wrigb104,KCR,1,8,value,27,2,0,0,0,0,,,,,1,19451021,0,SAN03,v,PRK,1,0,0,exhibition,y,d
PRK194510210,hoskb101,KCR,1,7,value,27,1,0,0,0,0,,,,,1,19451021,0,SAN03,v,PRK,1,0,0,exhibition,y,d
PRK194510210,nelsc102,KCR,1,3,value,27,7,1,0,0,0,,,,,1,19451021,0,SAN03,v,PRK,1,0,0,exhibition,y,d
PRK194510210,soueh101,KCR,1,5,value,27,3,4,1,0,0,,,,,1,19451021,0,SAN03,v,PRK,1,0,0,exhibition,y,d
PRK194510210,dougj102,KCR,1,4,value,27,1,1,0,0,0,,,,,1,19451021,0,SAN03,v,PRK,1,0,0,exhibition,y,d
PRK194510210,haywb102,KCR,1,2,value,27,6,0,0,0,0,0,0,1,0,1,19451021,0,SAN03,v,PRK,1,0,0,exhibition,y,d
PRK194510210,paigs101,KCR,1,1,value,15,1,0,0,0,0,,,,,1,19451021,0,SAN03,v,PRK,1,0,0,exhibition,y,d
PRK194510210,willj112,KCR,1,1,value,12,0,0,0,0,0,,,,,0,19451021,0,SAN03,v,PRK,1,0,0,exhibition,y,d
PRK194510210,coscp101,PRK,1,4,value,27,2,3,0,1,0,,,,,1,19451021,0,SAN03,h,KCR,0,1,0,exhibition,y,d
PRK194510210,crist101,PRK,1,8,value,27,4,2,1,0,0,,,,,1,19451021,0,SAN03,h,KCR,0,1,0,exhibition,y,d
PRK194510210,davii102,PRK,1,6,value,27,4,3,1,3,0,,,,,1,19451021,0,SAN03,h,KCR,0,1,0,exhibition,y,d
PRK194510210,ellib103,PRK,1,7,value,27,1,1,0,0,0,,,,,1,19451021,0,SAN03,h,KCR,0,1,0,exhibition,y,d
PRK194510210,salkb101,PRK,1,2,value,24,1,0,0,0,0,0,0,0,0,1,19451021,0,SAN03,h,KCR,0,1,0,exhibition,y,d
PRK194510210,doerh101,PRK,1,2,value,3,1,0,0,0,0,0,0,0,0,0,19451021,0,SAN03,h,KCR,0,1,0,exhibition,y,d
PRK194510210,gabrl101,PRK,1,3,value,27,10,0,0,3,0,,,,,1,19451021,0,SAN03,h,KCR,0,1,0,exhibition,y,d
PRK194510210,dobbj103,PRK,1,5,value,27,1,2,0,1,0,,,,,1,19451021,0,SAN03,h,KCR,0,1,0,exhibition,y,d
PRK194510210,hedib101,PRK,1,9,value,27,3,0,0,0,0,,,,,1,19451021,0,SAN03,h,KCR,0,1,0,exhibition,y,d
PRK194510210,deprb101,PRK,1,1,value,12,0,4,0,1,0,,,,,1,19451021,0,SAN03,h,KCR,0,1,0,exhibition,y,d
PRK194510210,brilj101,PRK,1,1,value,15,0,1,0,0,0,,,,,0,19451021,0,SAN03,h,KCR,0,1,0,exhibition,y,d
