gid,visteam,hometeam,site,date,number,starttime,daynight,innings,tiebreaker,usedh,htbf,timeofgame,attendance,fieldcond,precip,sky,temp,winddir,windspeed,oscorer,forfeit,suspend,umphome,ump1b,ump2b,ump3b,umplf,umprf,wp,lp,save,gametype,vruns,hruns,wteam,lteam,line,batteries,lineups,box,pbp,season
BIR192709190,CAG,BIR,BIR01,19270919,0,0:00PM,day,,,false,,110,0,unknown,unknown,unknown,0,unknown,-1,,,,donab901,,,,,,fostw101,stres101,,lcs,5,0,CAG,BIR,y,both,y,y,,1927
BIR192709200,CAG,BIR,BIR01,19270920,0,0:00PM,day,,,false,,-1,0,unknown,unknown,unknown,0,unknown,-1,,,,donab901,greeu901,,,,,harng101,salmh101,,lcs,10,5,CAG,BIR,y,both,y,y,,1927
BIR192709210,CAG,BIR,BIR01,19270921,0,0:00PM,day,,,false,,-1,0,unknown,unknown,unknown,0,unknown,-1,,,,donab901,greeu901,,,,,stres101,harng101,,lcs,5,6,BIR,CAG,y,both,y,y,,1927
BIR193704251,CAG,BIR,BIR01,19370425,1,,day,,,,,,3000,,,,,,,,,,,,,,,,,,,exhibition,8,7,CAG,BIR,,,,,,1937
BIR193704252,CAG,BIR,BIR01,19370425,2,,day,7,,,,,3000,,,,,,,,,,,,,,,,,,,exhibition,9,10,BIR,CAG,,,,,,1937
BIR193705091,KCM,BIR,BIR01,19370509,1,,day,,,false,,120,5000,unknown,unknown,unknown,0,unknown,-1,,,,mooru901,montu901,,,,,smith111,hendb104,,regular,7,1,KCM,BIR,y,both,y,y,d,1937
BIR193705092,KCM,BIR,BIR01,19370509,2,,day,7,,false,,115,5000,unknown,unknown,unknown,0,unknown,-1,,,,montu901,mooru901,,,,,markj101,howar101,,regular,10,1,KCM,BIR,y,both,y,y,d,1937
BIR193705150,SSA,BIR,BIR01,19370515,0,,day,,,false,,180,0,unknown,unknown,unknown,0,unknown,-1,,,,willp103,montu901,,,,,eatme101,may-j103,,regular,10,11,BIR,SSA,y,both,y,y,d,1937
BIR193705161,SSA,BIR,BIR01,19370516,1,,day,,,false,,115,3000,unknown,unknown,unknown,0,unknown,-1,,,,montu901,mooru901,,,,,brutj101,reedc101,,regular,4,5,BIR,SSA,y,both,y,y,d,1937
BIR193705162,SSA,BIR,BIR01,19370516,2,,day,7,,false,,120,3000,unknown,unknown,unknown,0,unknown,-1,,,,mooru901,montu901,,,,,ferrw102,millu101,,regular,3,19,BIR,SSA,y,both,y,y,d,1937
BIR193706061,DT2,BIR,BIR01,19370606,1,,day,,,,,135,,,,,,,,,,,mooru901,montu901,,,,,millp101,eatme101,,regular,10,4,DT2,BIR,y,both,y,y,,1937
BIR193706062,DT2,BIR,BIR01,19370606,2,,day,7,,,,95,,,,,,,,,,,montu901,mooru901,,,,,brutj101,thomw103,,regular,3,8,BIR,DT2,y,both,y,y,,1937
BIR193706271,CI1,BIR,BIR01,19370627,1,,day,,,,,,,,,,,,,,,,,,,,,,breme101,brutj101,,regular,9,8,CI1,BIR,y,both,,,,1937
BIR193706272,CI1,BIR,BIR01,19370627,2,,day,7,,,,,,,,,,,,,,,,,,,,,mossp101,,,regular,5,0,CI1,BIR,y,,,,,1937
BIR193707051,IN6,BIR,BIR01,19370705,1,,day,,,false,,120,0,unknown,unknown,unknown,0,unknown,-1,,,,mooru901,montu901,,,,,hannl102,brutj101,,regular,7,4,IN6,BIR,y,both,y,y,d,1937
BIR193707052,IN6,BIR,BIR01,19370705,2,,day,7,,false,,120,0,unknown,unknown,unknown,0,unknown,-1,,,,montu901,mooru901,,,,,hendb104,hughr102,,regular,3,4,BIR,IN6,y,both,y,y,d,1937
BIR193707181,CAG,BIR,BIR01,19370718,1,,day,,,false,,105,4000,unknown,unknown,unknown,0,unknown,-1,,,,mooru901,montu901,,,,,trent101,brutj101,,regular,6,0,CAG,BIR,y,both,y,y,d,1937
BIR193707182,CAG,BIR,BIR01,19370718,2,,day,7,,false,,0,4000,unknown,unknown,unknown,0,unknown,-1,,,,montu901,mooru901,,,,,blacc103,hendb104,,regular,11,7,CAG,BIR,y,both,y,y,d,1937
IN6193708011,BIR,IN6,BIR01,19370801,1,,day,,,,,,,,,,,,,,,,,,,,,,hannl102,mitcb104,,regular,2,3,IN6,BIR,y,both,,,,1937
IN6193708012,BIR,IN6,BIR01,19370801,2,,day,7,,,,,,,,,,,,,,,,,,,,,hughr102,brutj101,,regular,1,11,IN6,BIR,y,both,,,,1937
BIR193708151,SSA,BIR,BIR01,19370815,1,,day,,,false,,105,0,unknown,unknown,unknown,0,unknown,-1,,,,mooru901,montu901,,,,,mitcb104,johnt108,,regular,0,2,BIR,SSA,y,both,y,y,d,1937
BIR193708152,SSA,BIR,BIR01,19370815,2,,day,7,,false,,110,0,unknown,unknown,unknown,0,unknown,-1,,,,montu901,mooru901,,,,,brutj101,hillj105,,regular,4,12,BIR,SSA,y,both,y,y,d,1937
BIR193708160,SSA,BIR,BIR01,19370816,0,,night,,,false,,125,0,unknown,unknown,unknown,0,unknown,-1,,,,,,,,,,ferrw102,dixog102,,regular,9,18,BIR,SSA,y,both,y,y,d,1937
SAS193708220,NAS,SAS,BIR01,19370822,0,,day,,,false,,150,3000,unknown,unknown,unknown,0,unknown,-1,,,,montu901,moseu902,,,,,fostw101,barnv103,,allstar,13,5,NAS,SAS,y,both,y,y,d,1937
BIR193805011,CAG,BIR,BIR01,19380501,1,,,,,,,,4000,,,,,,,,,,,,,,,,trent101,burtd101,,exhibition,5,0,CAG,BIR,y,both,y,y,,1938
BIR193805012,CAG,BIR,BIR01,19380501,2,,,7,,,,,4000,,,,,,,,,,,,,,,,cornw101,duncs101,,exhibition,6,1,CAG,BIR,y,both,y,y,,1938
BIR193805221,ATN,BIR,BIR01,19380522,1,,day,,,false,,0,0,unknown,unknown,unknown,0,unknown,-1,,,,,,,,,,mitcb104,blacc103,dixoe101,regular,7,5,ATN,BIR,y,both,y,y,d,1938
BIR193805222,ATN,BIR,BIR01,19380522,2,,day,7,,false,,0,0,unknown,unknown,unknown,0,unknown,-1,,,,,,,,,,eatme101,howat101,,regular,3,4,BIR,ATN,y,both,y,y,d,1938
BIR193805260,ATN,BIR,BIR01,19380526,0,,night,,,false,,0,0,unknown,unknown,unknown,0,unknown,-1,,,,mooru901,meicl901,,,,,mitcb104,oslej101,,regular,6,4,ATN,BIR,y,both,y,y,d,1938
BIR193806190,MEM,BIR,BIR01,19380619,0,,day,,,false,,0,0,unknown,unknown,unknown,0,unknown,-1,,,,mooru901,,,,,,mossp101,oslej101,,regular,3,2,MEM,BIR,y,both,y,y,y,1938
BIR193806200,MEM,BIR,BIR01,19380620,0,,night,,,,,,,,,,,,,,,,,,,,,,burtd101,jeffw101,,regular,7,8,BIR,MEM,y,both,,,,1938
BIR193806261,JAX,BIR,BIR01,19380626,1,,,,,,,,,,,,,,,,,,mooru901,,,,,,,,,regular,3,8,BIR,JAX,,,,,,1938
BIR193806262,JAX,BIR,BIR01,19380626,2,,,7,,,,,,,,,,,,,,,mooru901,,,,,,craws102,ferrw102,,regular,6,9,BIR,JAX,,,,,,1938
BIR193807140,ATN,BIR,BIR01,19380714,0,,night,,,false,,0,0,unknown,unknown,unknown,0,unknown,-1,,,,mooru901,meicl901,,,,,duncs101,burtd101,dixoe101,regular,8,5,ATN,BIR,y,both,y,y,d,1938
BIR193808072,BLG,BIR,BIR01,19380807,2,,day,,,false,,0,0,unknown,unknown,unknown,0,unknown,-1,,,,,,,,,,porta103,mitcb104,,exhibition,6,2,BLG,BIR,y,both,y,y,d,1938
MEM193808071,KCM,MEM,BIR01,19380807,1,,day,,,false,,0,0,unknown,unknown,unknown,0,unknown,-1,,,,mooru901,meicl901,,,,,smith111,jeffw101,,regular,7,0,KCM,MEM,y,both,y,y,d,1938
BIR193808211,CAG,BIR,BIR01,19380821,1,,,,,,,,,,,,,,,,,,mooru901,,,,,,johnt108,mitcb104,,exhibition,11,3,CAG,BIR,y,both,y,y,,1938
BIR193808212,CAG,BIR,BIR01,19380821,2,,,7,,,,,,,,,,,,,,,,,,,,,trent101,burrs101,,exhibition,4,1,CAG,BIR,,,,,,1938
BIR193809041,KCM,BIR,BIR01,19380904,1,,,,,,,,,,,,,,,,,,,,,,,,barnv103,eatme101,,regular,7,2,KCM,BIR,y,both,,,,1938
BIR193809042,KCM,BIR,BIR01,19380904,2,,,7,,,,,,,,,,,,,,,,,,,,,smith111,blacc103,,regular,8,6,KCM,BIR,y,both,,,,1938
ATN193904240,NW2,ATN,BIR01,19390424,0,,day,,,false,,102,0,unknown,unknown,unknown,0,unknown,-1,,,,willp103,coolu901,,,,,wrigj105,haysc101,,exhibition,8,4,NW2,ATN,y,both,y,y,d,1939
BLG193904301,HOM,BLG,BIR01,19390430,1,,day,,,,,,5000,,,,,,,,,,,,,,,,partr102,,,exhibition,6,2,HOM,BLG,,,,,,1939
BLG193904302,HOM,BLG,BIR01,19390430,2,,day,,,,,,5000,,,,,,,,,,,,,,,,,phill101,,exhibition,5,2,HOM,BLG,,,,,,1939
HOM193904301,BLG,HOM,BIR01,19390430,1,,,,,,,,,,,,,,,,,,,,,,,,,,,exhibition,2,6,HOM,BLG,,,,,,1939
HOM193904302,BLG,HOM,BIR01,19390430,2,,,,,,,,,,,,,,,,,,,,,,,,,,,exhibition,1,5,HOM,BLG,,,,,,1939
BLG193908010,NY5,BLG,BIR01,19390801,0,,night,,,,,,2000,,,,,,,,,,,,,,,,gainj102,stann101,,regular,3,4,BLG,NY5,,both,,,,1939
BLG193908061,MEM,BLG,BIR01,19390806,1,,day,,,false,,118,3000,unknown,unknown,unknown,0,unknown,-1,,,,willp103,mooru901,,,,,davir103,gainj102,,exhibition,7,3,MEM,BLG,y,both,y,y,d,1939
BLG193908062,MEM,BLG,BIR01,19390806,2,,day,7,,false,,90,3000,unknown,unknown,unknown,0,unknown,-1,,,,willp103,mooru901,,,,,hubew101,mossp101,,exhibition,1,14,BLG,MEM,y,both,y,y,d,1939
MEM193909100,KCM,MEM,BIR01,19390910,0,,day,,,,,,8000,,,,,,,,,,,,,,,,hutcw101,,,exhibition,9,2,KCM,MEM,,,,,,1939
BIR194004211,BLG,BIR,BIR01,19400421,1,,day,,,,,,4500,,,,,,,,,,willp103,mooru901,,,,,adame101,burrs101,,exhibition,13,7,BLG,BIR,y,both,y,y,,1940
BIR194004212,BLG,BIR,BIR01,19400421,2,,day,,,,,,4500,,,,,,,,,,mooru901,willp103,,,,,moodb101,barnb105,,exhibition,2,6,BIR,BLG,y,both,y,y,,1940
BIR194005121,KCM,BIR,BIR01,19400512,1,,day,,,,,,8500,,,,,,,,,,willp103,moorc901,,,,,matcj101,howar101,,regular,6,0,KCM,BIR,y,both,y,y,,1940
BIR194005122,KCM,BIR,BIR01,19400512,2,,night,,,,,,8500,,,,,,,,,,moorc901,willp103,,,,,moodb101,smith111,,regular,3,5,BIR,KCM,y,both,y,y,,1940
BIR194005130,KCM,BIR,BIR01,19400513,0,,night,,,,,,,,,,,,,,,,,,,,,,,,,regular,7,8,BIR,KCM,,both,,,,1940
BIR194005191,SNO,BIR,BIR01,19400519,1,,day,,,,,,,,,,,,,,,,mooru901,willp103,,,,,smite111,moodb101,,regular,6,4,SNO,BIR,y,both,y,y,,1940
BIR194005192,SNO,BIR,BIR01,19400519,2,,night,,,,,,,,,,,,,,,,willp103,mooru901,,,,,howar101,duncs101,,regular,1,3,BIR,SNO,y,both,y,y,,1940
BIR194005200,SNO,BIR,BIR01,19400520,0,,night,,,,,,,,,,,,,,,,,,,,,,bankd101,,,regular,4,11,BIR,SNO,,,,,,1940
BIR194006021,MEM,BIR,BIR01,19400602,1,,day,,,,,,,,,,,,,,,,moorw901,willp103,,,,,jackb102,howar101,,regular,3,2,MEM,BIR,y,both,y,y,,1940
BIR194006022,MEM,BIR,BIR01,19400602,2,,,,,,,,,,,,,,,,,,willp103,moorc901,,,,,mathv101,moodb101,,regular,7,0,MEM,BIR,y,both,y,y,,1940
BIR194006231,CV9,BIR,BIR01,19400623,1,,day,,,,,,,,,,,,,,,,,,,,,,boona101,bankd101,,regular,8,7,CV9,BIR,y,both,y,y,,1940
BIR194006232,CV9,BIR,BIR01,19400623,2,,day,,,,,,,,,,,,,,,,,,,,,,howar101,sarva101,,regular,4,5,BIR,CV9,y,both,y,y,,1940
BIR194006270,CV9,BIR,BIR01,19400627,0,,night,,,,,,,,,,,,,,,,,,,,,,,,,regular,7,6,CV9,BIR,,both,,,,1940
BIR194007281,MEM,BIR,BIR01,19400728,1,,,,,,,,,,,,,,,,,,,,,,,,savaj103,bankd101,,regular,8,4,MEM,BIR,,p,,,,1940
BIR194007282,MEM,BIR,BIR01,19400728,2,,,7,,,,,,,,,,,,,,,,,,,,,,,,regular,6,3,MEM,BIR,,,,,,1940
BIR194008041,KCM,BIR,BIR01,19400804,1,,day,,,,,,,,,,,,,,,,,,,,,,sneae101,bradf104,,regular,4,6,BIR,KCM,y,both,y,y,,1940
BIR194008042,KCM,BIR,BIR01,19400804,2,,day,,,,,,,,,,,,,,,,,,,,,,matcj101,jessg101,,regular,7,1,KCM,BIR,y,both,y,y,,1940
BIR194008181,CAG,BIR,BIR01,19400818,1,,day,,,,,,,,,,,,,,,,mooru901,willp103,,,,,sneae101,millw107,,exhibition,2,4,BIR,CAG,y,both,y,y,,1940
BIR194008182,CAG,BIR,BIR01,19400818,2,,day,,,,,,,,,,,,,,,,willp103,mooru901,,,,,bankd101,milez101,,exhibition,2,3,BIR,CAG,y,both,y,y,,1940
BIR194009221,BLG,BIR,BIR01,19400922,1,,,,,,,,,,,,,,,,,,,,,,,,moren101,sneae101,,exhibition,6,4,BLG,BIR,y,both,y,y,,1940
BIR194009222,BLG,BIR,BIR01,19400922,2,,,,,,,,,,,,,,,,,,,,,,,,bankd101,hubew101,,exhibition,1,7,BIR,BLG,y,both,y,y,,1940
BIR194104201,NY5,BIR,BIR01,19410420,1,,day,,,,,115,2000,,,,,,,,,,mooru901,willp103,,,,,stann101,bankd101,,exhibition,5,1,NY5,BIR,y,both,y,y,,1941
BIR194104202,NY5,BIR,BIR01,19410420,2,,day,,,,,,2000,,,,,,,,,,willp103,mooru901,,,,,markj101,rectc101,,exhibition,0,4,BIR,NY5,y,both,y,y,,1941
BIR194105041,NW2,BIR,BIR01,19410504,1,,day,,,,,,2000,,,,,,,,,,willp103,mooru901,,,,,mannm101,gipsa101,,exhibition,5,4,NW2,BIR,y,both,y,y,,1941
BIR194105042,NW2,BIR,BIR01,19410504,2,,day,,,,,,2000,,,,,,,,,,willp103,mooru901,,,,,jessg101,hobgf101,,exhibition,5,6,BIR,NW2,y,both,y,y,,1941
BIR194105111,KCM,BIR,BIR01,19410511,1,,day,,,,,,,,,,,,,,,,,,,,,,bradf104,gipsa101,,regular,9,3,KCM,BIR,y,both,y,y,,1941
BIR194105112,KCM,BIR,BIR01,19410511,2,,day,,,,,,,,,,,,,,,,,,,,,,mcdab101,markj101,,regular,5,3,KCM,BIR,y,both,y,y,,1941
BIR194105251,JAX,BIR,BIR01,19410525,1,2:00pm,day,,,,,,4200,,,,,,,,,,mooru901,willp103,,,,,mckig101,sarva101,,regular,2,7,BIR,JAX,y,both,y,y,,1941
BIR194105252,JAX,BIR,BIR01,19410525,2,,night,,,,,,,,,,,,,,,,,,,,,,markj101,brooa102,,regular,5,6,BIR,JAX,y,both,y,y,,1941
BIR194105260,JAX,BIR,BIR01,19410526,0,,night,,,,,,,,,,,,,,,,,,,,,,jessg101,ellis102,,regular,1,5,BIR,JAX,y,both,,,,1941
BIR194106081,MEM,BIR,BIR01,19410608,1,,day,,,,,,3700,,,,,,,,,,,,,,,,bankd101,mossp101,,regular,2,9,BIR,MEM,y,both,y,y,,1941
BIR194106082,MEM,BIR,BIR01,19410608,2,,night,,,,,,3700,,,,,,,,,,,,,,,,evanf101,gipsa101,,regular,4,0,MEM,BIR,y,both,y,y,,1941
BIR194106291,CAG,BIR,BIR01,19410629,1,,day,,,,,,,,,,,,,,,,,,,,,,mckig101,ferrw102,,regular,3,4,BIR,CAG,y,both,,,,1941
BIR194106292,CAG,BIR,BIR01,19410629,2,,day,,,,,,,,,,,,,,,,,,,,,,cornw101,,,regular,4,0,CAG,BIR,y,both,,,,1941
BIR194107041,JAX,BIR,BIR01,19410704,1,,day,,,,,,5000,,,,,,,,,,,,,,,,bankd101,ellis102,,regular,0,5,BIR,JAX,y,both,,,,1941
BIR194107042,JAX,BIR,BIR01,19410704,2,,day,,,,,,5000,,,,,,,,,,,,,,,,sarva101,,,regular,3,0,JAX,BIR,y,both,,,,1941
BIR194107061,SNO,BIR,BIR01,19410706,1,,day,,,,,,,,,,,,,,,,,,,,,,smite111,markj101,,regular,4,3,SNO,BIR,y,both,y,y,,1941
BIR194107062,SNO,BIR,BIR01,19410706,2,,day,7,,,,,,,,,,,,,,,,,,,,,johnl107,suttl101,,regular,1,2,BIR,SNO,y,both,,,,1941
BIR194107271,MEM,BIR,BIR01,19410727,1,,,,,,,,,,,,,,,,,,,,,,,,mossp101,gipsa101,,exhibition,9,4,MEM,BIR,,p,,,,1941
BIR194107272,MEM,BIR,BIR01,19410727,2,,,,,,,,,,,,,,,,,,,,,,,,,,,exhibition,1,3,BIR,MEM,,,,,,1941
BIR194107292,MEM,BIR,BIR01,19410729,2,,night,,,,,,,,,,,,,,,,mooru901,willp103,,,,,bankd101,evanf101,,regular,2,7,BIR,MEM,,p,,,,1941
BIR194108241,SNO,BIR,BIR01,19410824,1,,day,,,,,,6000,,,,,,,,,,willp103,mooru901,,,,,bankd101,calhl101,,regular,0,2,BIR,SNO,y,both,y,y,,1941
BIR194108242,SNO,BIR,BIR01,19410824,2,,day,7,,,,,6000,,,,,,,,,,mooru901,willp103,,,,,mckig101,mcalf101,,regular,0,4,BIR,SNO,y,both,y,,,1941
BIR194108250,SNO,BIR,BIR01,19410825,0,,night,,,,,,,,,,,,,,,,,,,,,,,,,regular,2,2,,,,p,,,,1941
BIR194109281,NY5,BIR,BIR01,19410928,1,,day,,,,,103,2600,,,,,,,,,,,,,,,,bankd101,stann101,,exhibition,1,5,BIR,NY5,,p,,,,1941
BIR194109282,NY5,BIR,BIR01,19410928,2,,night,,,,,,2600,,,,,,,,,,,,,,,,fillj101,mckig101,,exhibition,8,3,NY5,BIR,,p,,,,1941
BIR194204160,CAG,BIR,BIR01,19420416,0,,,,,,,,,,,,,,,,,,,,,,,,gipsa101,hoskd101,,exhibition,3,7,BIR,CAG,y,both,y,y,,1942
BIR194204191,KCM,BIR,BIR01,19420419,1,,day,,,,,,10000,,,,,,,,,,,,,,,,pipkd101,bradf104,markj101,exhibition,1,2,BIR,KCM,y,both,y,y,,1942
BIR194204192,KCM,BIR,BIR01,19420419,2,,day,,,,,,10000,,,,,,,,,,,,,,,,mcdab101,,,exhibition,8,6,KCM,BIR,y,both,,,,1942
BIR194205101,JAX,BIR,BIR01,19420510,1,,,,,,,,9200,,,,,,,,,,mooru901,willp103,,,,,bankd101,henrp101,,regular,2,9,BIR,JAX,y,both,y,y,,1942
BIR194205102,JAX,BIR,BIR01,19420510,2,,,,,,,,9200,,,,,,,,,,mooru901,willp103,,,,,alleh106,mckig101,,regular,6,3,JAX,BIR,y,both,y,y,,1942
BIR194205171,CAG,BIR,BIR01,19420517,1,,day,,,,,,8000,,,,,,,,,,willu902,willp103,,,,,suttl101,markj101,,regular,6,4,CAG,BIR,y,both,y,y,,1942
BIR194205172,CAG,BIR,BIR01,19420517,2,,night,,,,,,8000,,,,,,,,,,willp103,willu902,,,,,bankd101,cornw101,,regular,0,3,BIR,CAG,y,both,y,y,,1942
BIR194206071,KCM,BIR,BIR01,19420607,1,,,,,,,,7000,,,,,,,,,,willp103,motlb901,,mooru901,,,pipkd101,smith111,,regular,2,12,BIR,KCM,y,both,y,y,,1942
BIR194206072,KCM,BIR,BIR01,19420607,2,,,,,,,,7000,,,,,,,,,,mooru901,motlb901,,willp103,,,matcj101,gipsa101,,regular,5,4,KCM,BIR,y,both,y,y,,1942
BIR194206281,MEM,BIR,BIR01,19420628,1,,,,,,,108,,,,,,,,,,,mooru901,willp103,,,,,mckig101,mossp101,,regular,1,2,BIR,MEM,y,both,y,y,,1942
BIR194206282,MEM,BIR,BIR01,19420628,2,,,,,,,80,,,,,,,,,,,willp103,mooru901,,,,,pipkd101,mathv101,gipsa101,regular,4,7,BIR,MEM,y,both,y,y,,1942
BIR194207041,JAX,BIR,BIR01,19420704,1,,day,,,,,125,,,,,,,,,,,mooru901,willp103,,,,,markj101,alleh106,,regular,3,7,BIR,JAX,y,both,y,y,,1942
BIR194207042,JAX,BIR,BIR01,19420704,2,,day,,,,,,,,,,,,,,,,mooru901,willp103,,,,,sarva101,ellis102,,regular,2,1,JAX,BIR,y,both,y,y,,1942
BIR194207051,KCM,BIR,BIR01,19420705,1,,day,,,,,135,,,,,,,,,,,mooru901,willp103,,,,,matcj101,mckig101,,regular,11,5,KCM,BIR,y,both,y,y,,1942
BIR194207052,KCM,BIR,BIR01,19420705,2,,night,,,,,90,,,,,,,,,,,willp103,mooru901,,,,,mckig101,matcj101,,regular,1,2,BIR,KCM,y,both,y,y,,1942
BIR194207191,MEM,BIR,BIR01,19420719,1,,day,,,,,,,,,,,,,,,,willp103,motlb901,,,,,hutcw101,mckig101,,regular,8,0,MEM,BIR,y,both,y,y,,1942
BIR194207192,MEM,BIR,BIR01,19420719,2,,day,,,,,,,,,,,,,,,,motlb901,willp103,,,,,pipkd101,mathv101,,regular,5,6,BIR,MEM,y,both,y,y,,1942
BIR194208161,CCB,BIR,BIR01,19420816,1,,,,,,,,,,,,,,,,,,mooru901,willp103,,,,,ellis102,boonl102,,exhibition,2,5,BIR,CCB,y,both,y,y,,1942
BIR194208162,CCB,BIR,BIR01,19420816,2,,,,,,,,,,,,,,,,,,willp103,mooru901,,,,,pipkd101,boonl102,,exhibition,0,3,BIR,CCB,y,both,y,y,,1942
BIR194208231,CI2,BIR,BIR01,19420823,1,,,,,,,,,,,,,,,,,,mooru901,willp103,,,,,owens101,radct101,,exhibition,5,4,CI2,BIR,y,both,y,y,,1942
BIR194208232,CI2,BIR,BIR01,19420823,2,,,,,,,,,,,,,,,,,,willp103,mooru901,,,,,,,,exhibition,2,2,,,y,both,y,y,,1942
BIR194209201,NY6,BIR,BIR01,19420920,1,,day,,,,,,,,,,,,,,,,,,,,,,barnd101,,,exhibition,14,5,NY6,BIR,,p,,,,1942
BIR194209202,NY6,BIR,BIR01,19420920,2,,night,7,,,,,,,,,,,,,,,,,,,,,radct101,,,exhibition,1,8,BIR,NY6,,,,,,1942
BIR194209271,CI2,BIR,BIR01,19420927,1,,,,,,,,,,,,,,,,,,,,,,,,keyer101,davip103,,exhibition,1,6,BIR,CI2,,p,,,,1942
BIR194209272,CI2,BIR,BIR01,19420927,2,,night,7,,,,,,,,,,,,,,,,,,,,,bankd101,,,exhibition,1,3,BIR,CI2,,,,,,1942
BIR194210040,NAL,BIR,BIR01,19421004,0,,day,,,,,,,,,,,,,,,,,,,,,,,,,exhibition,3,6,BIR,NAL,,,,,,1942
BIR194304041,MEM,BIR,BIR01,19430404,1,,day,,,,,,,,,,,,,,,,,,,,,,mossp101,bankd101,,exhibition,8,5,MEM,BIR,y,both,y,y,,1943
BIR194304042,MEM,BIR,BIR01,19430404,2,,day,7,,,,,,,,,,,,,,,,,,,,,newbj101,mathv101,,exhibition,0,11,BIR,MEM,,both,,,,1943
BIR194305021,KCM,BIR,BIR01,19430502,1,,day,,,false,,0,10000,unknown,unknown,unknown,0,unknown,-1,,,,,,,,,,mckig101,paigs101,,exhibition,2,4,BIR,KCM,y,both,y,y,d,1943
BIR194305022,KCM,BIR,BIR01,19430502,2,,day,7,,false,,0,0,unknown,unknown,unknown,0,unknown,-1,,,,,,,,,,markj101,mcdab101,,exhibition,2,3,BIR,KCM,y,both,y,y,d,1943
BIR194305030,KCM,BIR,BIR01,19430503,0,,day,9,,FALSE,,,,,,,,,,,,,,,,,,,,newbj101,,exhibition,14,9,KCM,BIR,y,,,,,1943
BIR194305060,KCM,BIR,BIR01,19430506,0,,,,,FALSE,,,,,,,,,,,,,,,,,,,mckig101,,,exhibition,5,6,BIR,KCM,,,,,,1943
BIR194305091,CAG,BIR,BIR01,19430509,1,,day,9,,FALSE,,140,4000,,,,,,,,,,,,,,,,markj101,suttl101,,exhibition,2,3,BIR,CAG,y,both,,,,1943
BIR194305092,CAG,BIR,BIR01,19430509,2,,day,7,,FALSE,,,4000,,,,,,,,,,,,,,,,cornw101,newbj101,,exhibition,9,4,CAG,BIR,y,both,,,,1943
BIR194305301,MEM,BIR,BIR01,19430530,1,,day,,,false,,0,12000,unknown,unknown,unknown,0,unknown,-1,,,,moorw901,willp103,,,,,mckig101,mossp101,,regular,2,6,BIR,MEM,y,both,y,y,d,1943
BIR194305302,MEM,BIR,BIR01,19430530,2,,,7,,FALSE,,,12000,,,,,,,,,,willp103,moorw901,,,,,markj101,hutcw101,,regular,1,10,BIR,MEM,y,both,y,y,,1943
BIR194306061,CI2,BIR,BIR01,19430606,1,,day,,,,,,12000,,,,,,,,,,,,,,,,mckig101,davip103,,regular,0,13,BIR,CI2,y,both,,,,1943
BIR194306062,CI2,BIR,BIR01,19430606,2,,day,7,,,,,12000,,,,,,,,,,,,,,,,markj101,pilll101,,regular,1,2,BIR,CI2,y,both,,,,1943
BIR194307041,CAG,BIR,BIR01,19430704,1,,day,,,,,,11000,,,,,,,,,,moorw901,willp103,,,,,mckig101,cornw101,,regular,1,5,BIR,CAG,y,both,y,y,,1943
BIR194307042,CAG,BIR,BIR01,19430704,2,,day,7,,,,,11000,,,,,,,,,,,,,,,,,gipsa101,,regular,7,3,CAG,BIR,y,both,,,,1943
BIR194307251,NY6,BIR,BIR01,19430725,1,,day,,,,,145,13000,,,,,,,,,,moorw901,willp103,,,,,barnd101,newbj101,,exhibition,11,3,NY6,BIR,y,both,y,y,,1943
BIR194307252,NY6,BIR,BIR01,19430725,2,,day,7,,,,,13000,,,,,,,,,,,,,,,,fernr101,gipsa101,,exhibition,2,1,NY6,BIR,y,both,,,,1943
BIR194307290,NY6,BIR,BIR01,19430729,0,,night,,,,,,,,,,,,,,,,,,,,,,gipsa101,barnd101,,exhibition,4,7,BIR,NY6,y,both,,,,1943
BIR194308010,CAG,BIR,BIR01,19430801,0,,day,,,,,,,,,,,,,,,,,,,,,,newbj101,suttl101,,exhibition,0,2,BIR,CAG,y,both,,,,1943
BIR194309190,CAG,BIR,BIR01,19430919,0,,day,,,false,,89,5000,unknown,unknown,unknown,0,unknown,-1,,,,moorw901,willp103,,,,,hubej101,jessg101,,lcs,0,1,BIR,CAG,y,both,y,y,d,1943
BIR194310030,HOM,BIR,BIR01,19431003,0,,night,,,false,,145,10000,unknown,unknown,unknown,0,unknown,-1,,,,mccrf901,moorw901,,willp103,,,markj101,partr102,,championship,0,1,BIR,HOM,y,both,y,y,d,1943
BIR194310070,HOM,BIR,BIR01,19431007,0,,night,,,,,120,,,,,,,,,,,mccrf901,moorw901,,willp103,,,jessg101,partr102,,exhibition,2,6,BIR,HOM,y,both,y,y,,1943
BIR194310100,HOM,BIR,BIR01,19431010,0,,night,,,,,,,,,,,,,,,,willp103,mccrf901,,moorw901,,,carts102,hubej101,,exhibition,9,4,HOM,BIR,y,both,y,y,,1943
BIR194404021,CAG,BIR,BIR01,19440402,1,,day,,,,,,4000,,,,,,,,,,,,,,,,gipsa101,prinj101,,exhibition,1,9,BIR,CAG,y,both,,,,1944
BIR194404022,CAG,BIR,BIR01,19440402,2,,day,5,,,,,4000,,,,,,,,,,,,,,,,,,,exhibition,7,9,BIR,CAG,y,both,,,,1944
BIR194404090,CVB,BIR,BIR01,19440409,0,,day,,,,,,,,,,,,,,,,,,,,,,,,,exhibition,2,10,BIR,CVB,,both,,,,1944
BIR194404161,NY6,BIR,BIR01,19440416,1,,day,,,,,133,5000,,,,,,,,,,moorw901,willp103,,,,,barnd101,mckig101,,exhibition,10,2,NY6,BIR,y,both,y,y,,1944
BIR194404162,NY6,BIR,BIR01,19440416,2,,day,7,,,,115,5000,,,,,,,,,,moorw901,willp103,,,,,morrb104,hubej101,,exhibition,9,2,NY6,BIR,y,both,y,y,,1944
BIR194404301,CIA,BIR,BIR01,19440430,1,,day,,,,,,6000,,,,,,,,,,,,,,,,sayla101,davir103,,exhibition,0,1,BIR,CIA,y,both,,,,1944
BIR194404302,CIA,BIR,BIR01,19440430,2,,night,7,,,,,6000,,,,,,,,,,,,,,,,hubej101,robes104,,exhibition,1,9,BIR,CIA,y,both,,,,1944
BIR194405141,KCM,BIR,BIR01,19440514,1,,day,,,false,,0,11000,unknown,unknown,unknown,0,unknown,-1,,,,,,,,,,sayla101,matcj101,,regular,2,7,BIR,KCM,y,both,y,y,d,1944
BIR194405142,KCM,BIR,BIR01,19440514,2,,day,7,,,,,11000,,,,,,,,,,,,,,,,gipsa101,wylis101,,regular,0,3,BIR,KCM,y,both,,,,1944
BIR194405281,CVB,BIR,BIR01,19440528,1,,day,,,false,,111,6000,unknown,unknown,unknown,0,unknown,-1,,,,moorw901,willp103,,,,,sayla101,jeffw101,,regular,2,3,BIR,CVB,y,both,y,y,d,1944
BIR194405282,CVB,BIR,BIR01,19440528,2,,day,,,,,,,,,,,,,,,,,,,,,,breme101,hubej101,,regular,2,0,CVB,BIR,y,both,,,,1944
BIR194407161,KCM,BIR,BIR01,19440716,1,,day,,,false,,0,0,unknown,unknown,unknown,0,unknown,-1,,,,,,,,,,paigs101,gipsa101,,regular,6,0,KCM,BIR,y,both,y,y,d,1944
BIR194407162,KCM,BIR,BIR01,19440716,2,,,7,,FALSE,,,,,,,,,,,,,,,,,,,markj101,bumpe101,,regular,5,9,BIR,KCM,y,both,,,,1944
BIR194407301,CAG,BIR,BIR01,19440730,1,,day,,,false,,0,0,unknown,unknown,unknown,0,unknown,-1,,,,vanbm901,,,,,,gipsa101,jessg101,,regular,2,3,BIR,CAG,y,both,y,y,d,1944
BIR194407302,CAG,BIR,BIR01,19440730,2,,,7,,FALSE,,,,,,,,,,,,,vanbm901,,,,,,sayla101,ellis102,,regular,1,7,BIR,CAG,y,both,,,,1944
BIR194408020,CAG,BIR,BIR01,19440802,0,,night,9,,FALSE,,,2030,,,,,,,,,,,,,,,,jessg101,hubej101,,regular,4,2,CAG,BIR,y,both,,,,1944
BIR194408061,MEM,BIR,BIR01,19440806,1,,day,,,false,,0,0,unknown,unknown,unknown,0,unknown,-1,,,,,,,,,,mathv101,sayla101,,regular,4,3,MEM,BIR,y,both,y,y,d,1944
BIR194408062,MEM,BIR,BIR01,19440806,2,,night,7,,FALSE,,,,,,,,,,,,,,,,,,,markj101,hutcw101,,regular,1,2,BIR,MEM,y,both,,,,1944
BIR194409101,NY6,BIR,BIR01,19440910,1,,day,,,,,,,,,,,,,,,,,,,,,,gipsa101,barnd101,,exhibition,4,5,BIR,NY6,y,both,,,,1944
BIR194409102,NY6,BIR,BIR01,19440910,2,,day,7,,,,,,,,,,,,,,,,,,,,,andeb106,mcalf101,,exhibition,7,1,NY6,BIR,y,both,,,,1944
BIR194409130,NY6,BIR,BIR01,19440913,0,,night,,,,,,,,,,,,,,,,,,,,,,greev101,gipsa101,,exhibition,8,4,NY6,BIR,y,both,,,,1944
BIR194409170,HOM,BIR,BIR01,19440917,0,,day,,,false,,112,12449,unknown,unknown,unknown,0,unknown,-1,,,,moorw901,harrm103,wardh901,mccrf901,,,welmr101,markj101,,championship,8,3,HOM,BIR,y,both,y,y,d,1944
BIR194409210,HOM,BIR,BIR01,19440921,0,,night,,,false,,132,6300,unknown,unknown,unknown,0,unknown,-1,,,,wardh901,mccrf901,willp103,harrm103,,,browr103,bumpe101,,championship,9,0,HOM,BIR,y,both,y,y,d,1944
BIR194504081,KCM,BIR,BIR01,19450408,1,,day,,,false,,0,0,unknown,unknown,unknown,0,unknown,-1,,,,,,,,,,mcdab101,markj101,,exhibition,7,0,KCM,BIR,y,both,y,y,d,1945
BIR194504082,KCM,BIR,BIR01,19450408,2,,day,7,,,,,,,,,,,,,,,,,,,,,gipsa101,wylis101,,exhibition,0,2,BIR,KCM,y,both,,,,1945
BIR194504250,NY6,BIR,BIR01,19450425,0,,night,,,,,,,,,,,,,,,,,,,,,,howac102,newbj101,barnd101,exhibition,3,1,NY6,BIR,y,both,,,,1945
BIR194505061,CVB,BIR,BIR01,19450506,1,,,,,,,120,,,,,,,,,,,moorc901,collu901,,willp103,,,breme101,gipsa101,,regular,4,0,CVB,BIR,y,both,y,y,,1945
BIR194505062,CVB,BIR,BIR01,19450506,2,,,7,,,,,,,,,,,,,,,,,,,,,bumpe101,,,regular,3,9,BIR,CVB,y,both,,,,1945
BIR194505271,CIA,BIR,BIR01,19450527,1,,day,,,false,,0,0,unknown,unknown,unknown,0,unknown,-1,,,,moorc901,,,,,,markj101,suttl101,,regular,5,6,BIR,CIA,y,both,y,y,d,1945
BIR194505272,CIA,BIR,BIR01,19450527,2,,,7,,FALSE,,,,,,,,,,,,,,,,,,,gipsa101,willj112,,regular,1,2,BIR,CIA,y,both,,,,1945
BIR194505300,CIA,BIR,BIR01,19450530,0,,night,9,,FALSE,,,,,,,,,,,,,,,,,,,boona101,barbl101,,regular,4,7,BIR,CIA,y,both,,,,1945
BIR194506031,KCM,BIR,BIR01,19450603,1,,day,9,,FALSE,,,,,,,,,,,,,,,,,,,lamaj102,newbj101,mcdab101,regular,9,7,KCM,BIR,y,both,y,y,,1945
BIR194506032,KCM,BIR,BIR01,19450603,2,,night,7,,FALSE,,,,,,,,,,,,,,,,,,,,,,regular,4,3,KCM,BIR,y,both,,,,1945
BIR194506060,KCM,BIR,BIR01,19450606,0,,night,,,FALSE,,,,,,,,,,,,,moorc901,,,,,,,,,regular,0,0,,,y,p,,,,1945
BIR194507011,MEM,BIR,BIR01,19450701,1,,,,,,,,,,,,,,,,,,,,,,,,newbj101,chate101,,regular,1,8,BIR,MEM,y,both,,,,1945
BIR194507012,MEM,BIR,BIR01,19450701,2,,,7,,,,,,,,,,,,,,,,,,,,,bumpe101,mathv101,,regular,3,7,BIR,MEM,y,both,,,,1945
BIR194507030,MEM,BIR,BIR01,19450703,0,,night,,,,,,,,,,,,,,,,,,,,,,,,,regular,7,12,BIR,MEM,y,both,,,,1945
BIR194508051,CIA,BIR,BIR01,19450805,1,,day,,,,,,,,,,,,,,,,,,,,,,,,,regular,8,9,BIR,CIA,y,both,,,,1945
BIR194508052,CIA,BIR,BIR01,19450805,2,,day,,,,,,,,,,,,,,,,,,,,,,,,,regular,3,4,BIR,CIA,y,both,,,,1945
BIR194508191,CVB,BIR,BIR01,19450819,1,,day,,,,,,7000,,,,,,,,,,,,,,,,jeffg102,markj101,,regular,9,2,CVB,BIR,y,both,y,y,,1945
BIR194508192,CVB,BIR,BIR01,19450819,2,,night,7,,,,,7000,,,,,,,,,,,,,,,,,,,regular,4,4,,,y,both,,,,1945
BIR194509200,CAG,BIR,BIR01,19450920,0,,night,,,,,,,,,,,,,,,,,,,,,,,,,exhibition,5,4,CAG,BIR,,,,,,1945
BIR194509231,NY5,BIR,BIR01,19450923,1,,day,,,,,,,,,,,,,,,,,,,,,,,,,exhibition,2,3,BIR,NY5,,,,,,1945
BIR194509232,NY5,BIR,BIR01,19450923,2,,night,,,,,,,,,,,,,,,,,,,,,,,,,exhibition,0,4,BIR,NY5,,,,,,1945
BIR194509240,NY5,BIR,BIR01,19450924,0,,night,,,,,,,,,,,,,,,,,,,,,,thomf110,cruem101,,exhibition,3,6,BIR,NY5,y,both,,,,1945
BIR194510040,NY6,BIR,BIR01,19451004,0,,,,,,,,,,,,,,,,,,,,,,,,thomf110,morrb104,mckig101,exhibition,5,7,BIR,NY6,,p,,,,1945
BIR194603310,CAG,BIR,BIR01,19460331,0,,day,,,,,,,,,,,,,,,,,,,,,,polln102,mccow102,,exhibition,3,4,BIR,CAG,y,both,,,,1946
BIR194604141,IN9,BIR,BIR01,19460414,1,,day,,,,,,6500,,,,,,,,,,,,,,,,polln102,bennj102,,exhibition,2,3,BIR,IN9,y,both,,,,1946
BIR194604142,IN9,BIR,BIR01,19460414,2,,day,7,,,,,6500,,,,,,,,,,,,,,,,poweb103,cozah101,,exhibition,1,3,BIR,IN9,y,both,,,,1946
BIR194605090,CVB,BIR,BIR01,19460509,0,,night,,,false,,0,9000,unknown,unknown,unknown,0,unknown,-1,,,,willp103,moorc901,,,,,hearj103,clarw103,,regular,2,7,BIR,CVB,y,both,y,y,d,1946
BIR194605100,CVB,BIR,BIR01,19460510,0,,,,,,,,,,,,,,,,,,,,,,,,hollc104,,,regular,3,4,BIR,CVB,y,both,,,,1946
BIR194605121,CVB,BIR,BIR01,19460512,1,,,,,,,,,,,,,,,,,,,,,,,,gipsa101,calhf101,,regular,2,5,BIR,CVB,y,both,,,,1946
BIR194605122,CVB,BIR,BIR01,19460512,2,,,,,,,,,,,,,,,,,,,,,,,,woods103,,,regular,15,2,CVB,BIR,y,both,,,,1946
BIR194605261,MEM,BIR,BIR01,19460526,1,,,,,,,,,,,,,,,,,,,,,,,,,,,regular,7,6,MEM,BIR,y,both,,,,1946
BIR194605262,MEM,BIR,BIR01,19460526,2,,,,,,,,,,,,,,,,,,,,,,,,newbj101,hubej101,,regular,5,6,BIR,MEM,y,both,,,,1946
BIR194605300,MEM,BIR,BIR01,19460530,0,,,,,,,,,,,,,,,,,,,,,,,,,,,regular,3,4,BIR,MEM,,,,,,1946
BIR194606231,CAG,BIR,BIR01,19460623,1,,day,,,FALSE,,,,,,,,,,,,,,,,,,,gipsa101,jessg101,,regular,4,5,BIR,CAG,,p,,,,1946
BIR194606232,CAG,BIR,BIR01,19460623,2,,day,7,,FALSE,,,,,,,,,,,,,,,,,,,lockc102,,,regular,2,1,CAG,BIR,,,,,,1946
BIR194606270,CAG,BIR,BIR01,19460627,0,,night,9,,FALSE,,,,,,,,,,,,,,,,,,,hearj103,jessg101,,regular,5,10,BIR,CAG,y,both,,,,1946
BIR194607040,KCM,BIR,BIR01,19460704,0,,,9,,FALSE,,,,,,,,,,,,,,,,,,,lamaj102,,,regular,15,1,KCM,BIR,y,both,,,,1946
BIR194607141,CCR,BIR,BIR01,19460714,1,,day,9,,FALSE,,,,,,,,,,,,,,,,,,,gipsa101,thomf110,,exhibition,0,4,BIR,CCR,y,both,,,,1946
BIR194607142,CCR,BIR,BIR01,19460714,2,,day,7,,FALSE,,,,,,,,,,,,,,,,,,,poweb103,markj101,,exhibition,2,4,BIR,CCR,y,both,,,,1946
BIR194608041,CAG,BIR,BIR01,19460804,1,,day,,,,,,,,,,,,,,,,,,,,,,,newbj101,,regular,7,4,CAG,BIR,y,both,,,,1946
BIR194608042,CAG,BIR,BIR01,19460804,2,,day,,,,,,,,,,,,,,,,,,,,,,hearj103,howar101,,regular,0,3,BIR,CAG,y,both,,,,1946
BIR194608080,CAG,BIR,BIR01,19460808,0,,night,,,,,,,,,,,,,,,,,,,,,,jessg101,,,regular,5,4,CAG,BIR,y,both,,,,1946
BIR194608111,IN9,BIR,BIR01,19460811,1,,day,,,,,,,,,,,,,,,,,,,,,,polln102,,,regular,2,6,BIR,IN9,y,both,,,,1946
BIR194608112,IN9,BIR,BIR01,19460811,2,,day,7,,,,,,,,,,,,,,,,,,,,,henrp101,poweb103,davip103,regular,7,5,IN9,BIR,y,both,,,,1946
BIR194608181,CVB,BIR,BIR01,19460818,1,,day,,,,,,,,,,,,,,,,,,,,,,brewc102,,,exhibition,8,3,CVB,BIR,y,both,,,,1946
BIR194608182,CVB,BIR,BIR01,19460818,2,,day,,,,,,,,,,,,,,,,,,,,,,,,,exhibition,2,2,,,y,both,,,,1946
BIR194609011,MEM,BIR,BIR01,19460901,1,,day,,,,,,,,,,,,,,,,,,,,,,polln102,bankd101,,regular,0,1,BIR,MEM,y,both,,,,1946
BIR194609012,MEM,BIR,BIR01,19460901,2,,day,7,,,,,,,,,,,,,,,,,,,,,,newbj101,,regular,4,3,MEM,BIR,y,both,,,,1946
BIR194609130,CAG,BIR,BIR01,19460913,0,,night,,,,,,,,,,,,,,,,,,,,,,,,,regular,2,3,BIR,CAG,,,,,,1946
BIR194609270,MEM,BIR,BIR01,19460927,0,,night,,,,,,,,,,,,,,,,,,,,,,higdb102,hubej101,,exhibition,0,3,BIR,MEM,y,both,,,,1946
BIR194609291,MEM,BIR,BIR01,19460929,1,,day,,,,,,,,,,,,,,,,,,,,,,hollc104,,,exhibition,4,5,BIR,MEM,y,both,,,,1946
BIR194609292,MEM,BIR,BIR01,19460929,2,,day,,,,,,,,,,,,,,,,,,,,,,,,,exhibition,3,3,,,y,both,,,,1946
SAS194610130,NAS,SAS,BIR01,19461013,0,,,,,,,,,,,,,,,,,,,,,,,,smite111,breme101,,allstar,6,4,NAS,SAS,y,both,,,,1946
BIR194704160,HOM,BIR,BIR01,19470416,0,,night,9,,FALSE,,,,,,,,,,,,,,,,,,,newbj101,popew101,perra101,exhibition,4,6,BIR,HOM,y,both,,,,1947
BIR194704170,HOM,BIR,BIR01,19470417,0,,night,7,,FALSE,,,,,,,,,,,,,,,,,,,fielw101,polln102,,exhibition,17,8,HOM,BIR,y,p,,,,1947
BIR194705100,KCM,BIR,BIR01,19470510,0,,day,,,false,,0,7000,unknown,unknown,unknown,0,unknown,-1,,,,moorc901,austu901,(none),willp103,,,poweb103,wylis101,,regular,2,5,BIR,KCM,y,both,y,y,d,1947
BIR194705111,KCM,BIR,BIR01,19470511,1,2:00PM,day,9,,FALSE,,,,,,,,,,,,,,,,,,,lamaj102,perra101,,regular,6,4,KCM,BIR,y,both,,,,1947
BIR194705112,KCM,BIR,BIR01,19470511,2,,,7,,FALSE,,,,,,,,,,,,,,,,,,,alext101,browu104,,regular,8,0,KCM,BIR,y,both,,,,1947
BIR194705150,KCM,BIR,BIR01,19470515,0,8:00PM,night,,,FALSE,,,,,,,,,,,,,,,,,,,,wylis101,,regular,4,8,BIR,KCM,,,,,,1947
BIR194705251,IN9,BIR,BIR01,19470525,1,2:00pm,day,,,,,,,,,,,,,,,,,,,,,,polln102,guilj101,,regular,5,7,BIR,IN9,y,both,,,,1947
BIR194705252,IN9,BIR,BIR01,19470525,2,,,7,,,,,,,,,,,,,,,,,,,,,perra101,willj112,,regular,10,21,BIR,IN9,y,both,,,,1947
BIR194705280,IN9,BIR,BIR01,19470528,0,8:00pm,night,,,,,,,,,,,,,,,,,,,,,,,,,regular,13,8,IN9,BIR,,,,,,1947
BIR194706011,CAG,BIR,BIR01,19470601,1,,,,,,,,6000,,,,,,,,,,,,,,,,hearj103,bumpe101,,regular,0,3,BIR,CAG,y,both,,,,1947
BIR194706012,CAG,BIR,BIR01,19470601,2,,,7,,,,,6000,,,,,,,,,,,,,,,,hollc104,rhodh101,,regular,0,2,BIR,CAG,y,both,,,,1947
BIR194706030,CAG,BIR,BIR01,19470603,0,,night,,,,,,,,,,,,,,,,,,,,,,,,,regular,11,5,CAG,BIR,y,both,,,,1947
BIR194706151,MEM,BIR,BIR01,19470615,1,2:00pm,day,,,,,,,,,,,,,,,,,,,,,,mathv101,polln102,,regular,6,3,MEM,BIR,y,both,,,,1947
BIR194706152,MEM,BIR,BIR01,19470615,2,,,7,,,,,,,,,,,,,,,,,,,,,perra101,bankd101,,regular,1,4,BIR,MEM,,both,,,,1947
BIR194706190,MEM,BIR,BIR01,19470619,0,8:00pm,night,,,,,,2500,,,,,,,,,,,,,,,,perra101,,,regular,4,7,BIR,MEM,,,,,,1947
BIR194706291,CVB,BIR,BIR01,19470629,1,,day,,,,,,,,,,,,,,,,,,,,,,poweb103,bracd101,,regular,3,8,BIR,CVB,y,both,,,,1947
BIR194706292,CVB,BIR,BIR01,19470629,2,,,,,,,,,,,,,,,,,,,,,,,,perra101,,,regular,0,14,BIR,CVB,y,,,,,1947
BIR194707010,CVB,BIR,BIR01,19470701,0,,night,,,,,,,,,,,,,,,,,,,,,,davis106,newbj101,brewc102,regular,12,10,CVB,BIR,y,both,,,,1947
BIR194707080,NY6,BIR,BIR01,19470708,0,,,,,,,,,,,,,,,,,,,,,,,,poweb103,barnd101,,exhibition,2,5,BIR,NY6,y,both,,,,1947
BIR194708031,IN9,BIR,BIR01,19470803,1,,day,,,,,175,10466,,,,,,,,,,willp103,,,,,,poweb103,guilj101,,regular,4,6,BIR,IN9,y,both,,,,1947
BIR194708032,IN9,BIR,BIR01,19470803,2,,day,7,,,,,10466,,,,,,,,,,willp103,,,,,,andeo101,colzj101,,regular,3,6,BIR,IN9,y,both,,,,1947
BIR194708180,MEM,BIR,BIR01,19470818,0,,night,,,,,,,,,,,,,,,,,,,,,,polln102,ramsl101,,regular,4,9,BIR,MEM,y,both,,,,1947
BIR194708240,CVB,BIR,BIR01,19470824,1,,day,,,,,,,,,,,,,,,,,,,,,,clarw103,perra101,,regular,11,3,CVB,BIR,y,both,,,,1947
BIR194708280,CVB,BIR,BIR01,19470828,0,8:00pm,night,,,,,,,,,,,,,,,,moseh901,,,,,,clarw103,perra101,,regular,10,3,CVB,BIR,,both,,,,1947
BIR194708311,MEM,BIR,BIR01,19470831,1,,,,,,,,8000,,,,,,,,,,,,,,,,,bankd101,,regular,6,18,BIR,MEM,y,,,,,1947
BIR194708312,MEM,BIR,BIR01,19470831,2,,,,,,,,8000,,,,,,,,,,,,,,,,hearj103,mathv101,,regular,0,4,BIR,MEM,y,p,,,,1947
BIR194709250,NY5,BIR,BIR01,19470925,0,,night,,,,,,,,,,,,,,,,,,,,,,newbj101,barbb102,,exhibition,5,7,BIR,NY5,y,both,,,,1947
BIR194804181,IN9,BIR,BIR01,19480418,1,,day,,,false,,150,10000,unknown,unknown,unknown,0,unknown,-1,,,,moorc901,austu901,(none),willp103,,,poweb103,cathw101,,exhibition,4,7,BIR,IN9,y,both,y,y,d,1948
BIR194804182,IN9,BIR,BIR01,19480418,2,,,,,,,,10000,,,,,,,,,,,,,,,,,,,exhibition,1,1,,,y,both,,,,1948
BIR194805010,CVB,BIR,BIR01,19480501,0,,,,,,,,8000,,,,,,,,,,,,,,,,poweb103,jones105,,regular,2,11,BIR,CVB,y,both,,,,1948
BIR194805021,CVB,BIR,BIR01,19480502,1,,day,,,false,,160,6117,unknown,unknown,unknown,0,unknown,-1,,,,willp103,austu901,(none),moorc901,,,clarw103,newbj101,,regular,9,7,CVB,BIR,y,both,y,y,d,1948
BIR194805022,CVB,BIR,BIR01,19480502,2,,day,5,,false,,76,6117,unknown,unknown,unknown,0,unknown,-1,,,,moorc901,willp103,(none),austu901,,,hearj103,brewc102,,regular,6,7,BIR,CVB,y,both,y,y,d,1948
BIR194805161,IN9,BIR,BIR01,19480516,1,0:00PM,day,,,FALSE,,105,9374,unknown,unknown,unknown,0,unknown,-1,,,,moorc901,willp103,,austu901,,,poweb103,cabrl101,,regular,0,5,BIR,IN9,y,both,y,y,,1948
BIR194805162,IN9,BIR,BIR01,19480516,2,0:00PM,night,,,FALSE,,80,9374,unknown,unknown,unknown,0,unknown,-1,,,,moorc901,willp103,,austu901,,,newbj101,willj112,,regular,4,9,BIR,IN9,y,both,y,y,,1948
BIR194805180,IN9,BIR,BIR01,19480518,0,8:15PM,night,,,false,,130,2816,unknown,unknown,unknown,0,unknown,-1,,,,moorc901,austu901,(none),willp103,,,perra101,cohej101,,regular,3,9,BIR,IN9,y,both,y,y,d,1948
BIR194806030,MEM,BIR,BIR01,19480603,0,0:00PM,night,,,FALSE,,135,0,unknown,unknown,unknown,0,unknown,-1,,,,moorc901,willp103,,austu901,,,perra101,woods103,,regular,4,11,BIR,MEM,y,both,y,y,,1948
BIR194806050,KCM,BIR,BIR01,19480605,0,,night,,,,,,,,,,,,,,,,,,,,,,poweb103,,,regular,6,8,BIR,KCM,y,both,,,,1948
BIR194806061,KCM,BIR,BIR01,19480606,1,0:00PM,day,,,FALSE,,135,7000,unknown,unknown,unknown,0,unknown,-1,,,,moorc901,austu901,,willp103,,,greab101,smitf107,,regular,3,4,BIR,KCM,y,both,y,y,,1948
BIR194806062,KCM,BIR,BIR01,19480606,2,0:00PM,night,,,FALSE,,140,7000,unknown,unknown,unknown,0,unknown,-1,,,,willp103,austu901,,moorc901,,,hearj103,collg101,,regular,4,5,BIR,KCM,y,both,y,y,,1948
BIR194806200,CAG,BIR,BIR01,19480620,0,,day,,,false,,200,6862,unknown,unknown,unknown,0,unknown,-1,,,,willp103,moseh901,(none),nortu901,,,perra101,jessg101,,regular,12,13,BIR,CAG,y,both,y,y,d,1948
BIR194806210,CAG,BIR,BIR01,19480621,0,0:00PM,night,,,FALSE,,140,2247,unknown,unknown,unknown,0,unknown,-1,,,,moseh901,austu901,,willp103,,,greab101,stewr101,,regular,6,12,BIR,CAG,y,both,y,y,,1948
BIR194806271,IN9,BIR,BIR01,19480627,1,,day,,,false,,110,5349,unknown,unknown,unknown,0,unknown,-1,,,,moorc901,willp103,(none),austu901,,,greab101,cathw101,,regular,0,5,BIR,IN9,y,both,y,y,d,1948
BIR194806272,IN9,BIR,BIR01,19480627,2,,day,7,,false,,83,5349,unknown,unknown,unknown,0,unknown,-1,,,,willp103,austu901,(none),moorc901,,,poweb103,cabrl101,,regular,2,5,BIR,IN9,y,both,y,y,d,1948
BIR194807010,IN9,BIR,BIR01,19480701,0,,night,,,,,120,3440,,,,,,,,,,moorc901,austu901,willp103,,,,newbj101,willj112,,regular,3,7,BIR,IN9,y,both,y,y,,1948
BIR194807041,MEM,BIR,BIR01,19480704,1,,,,,,,145,5000,,,,,,,,,,willp103,austu901,moorc901,,,,newbj101,mathv101,,regular,9,10,BIR,MEM,y,both,y,y,,1948
BIR194807042,MEM,BIR,BIR01,19480704,2,,,,,,,,5000,,,,,,,,,,willp103,austu901,moorc901,,,,poweb103,,,regular,5,8,BIR,MEM,y,both,,,,1948
BIR194807251,NW2,BIR,BIR01,19480725,1,0:00PM,,,,FALSE,,132,7273,unknown,unknown,unknown,0,unknown,-1,,,,moorc901,austu901,,willp103,,,perra101,goldc101,,exhibition,2,9,BIR,NW2,y,both,y,y,,1948
BIR194807252,NW2,BIR,BIR01,19480725,2,0:00PM,,7,,FALSE,,95,7273,unknown,unknown,unknown,0,unknown,-1,,,,willp103,austu901,,moorc901,,,hookl101,newbj101,,exhibition,14,4,NW2,BIR,y,both,y,y,,1948
BIR194807280,NW2,BIR,BIR01,19480728,0,0:00PM,,,,FALSE,,155,1789,unknown,unknown,unknown,0,unknown,-1,,,,moorc901,austu901,,willp103,,,newbj101,goldc101,,exhibition,5,6,BIR,NW2,y,both,y,y,,1948
BIR194808081,CVB,BIR,BIR01,19480808,1,,day,,,false,,0,7680,unknown,unknown,unknown,0,unknown,-1,,,,moorc901,austu901,(none),willp103,,,newbj101,clarw103,greab101,regular,3,4,BIR,CVB,y,both,y,y,d,1948
BIR194808082,CVB,BIR,BIR01,19480808,2,,day,7,,false,,110,7680,unknown,unknown,unknown,0,unknown,-1,,,,willp103,austu901,(none),moorc901,,,poweb103,smite111,,regular,0,8,BIR,CVB,y,both,y,y,d,1948
BIR194808120,CVB,BIR,BIR01,19480812,0,,night,,,,,160,2841,,,,,,,,,,moorc901,austu901,,willp103,,,newbj101,jones105,,regular,6,7,BIR,CVB,y,both,y,y,,1948
BIR194808140,NY6,BIR,BIR01,19480814,0,0:00PM,,,,FALSE,,140,0,unknown,unknown,unknown,0,unknown,-1,,,,willp103,austu901,,moorc901,,,scanp101,perra101,,exhibition,7,3,NY6,BIR,y,both,y,y,,1948
BIR194808150,NY6,BIR,BIR01,19480815,0,0:00PM,,,,FALSE,,135,2432,unknown,unknown,unknown,0,unknown,-1,,,,moorc901,austu901,,willp103,,,poweb103,santj102,,exhibition,2,8,BIR,NY6,y,both,y,y,,1948
BIR194808190,NY6,BIR,BIR01,19480819,0,0:00PM,,,,FALSE,,150,4126,unknown,unknown,unknown,0,unknown,-1,,,,moorc901,austu901,,willp103,,,loper102,greab101,,exhibition,7,3,NY6,BIR,y,both,y,y,,1948
BIR194809110,KCM,BIR,BIR01,19480911,0,,night,,,false,,0,5300,unknown,unknown,unknown,0,unknown,-1,,,,,,,,,,newbj101,richg102,,lcs,4,5,BIR,KCM,y,both,y,y,d,1948
BIR194809120,KCM,BIR,BIR01,19480912,0,,day,,,false,,135,9000,unknown,unknown,unknown,0,unknown,-1,,,,moorc901,austu901,(none),willp103,,,greab101,smitf107,,lcs,5,6,BIR,KCM,y,both,y,y,d,1948
BIR194809290,HOM,BIR,BIR01,19480929,0,,night,,,false,,0,0,unknown,unknown,unknown,0,unknown,-1,,,,moorc901,vanbm901,willp103,willh901,,,thurb101,poweb103,,championship,5,3,HOM,BIR,y,both,y,y,d,1948
BIR194809300,HOM,BIR,BIR01,19480930,0,,,,,,,,,,,,,,,,,,,,,,,,greab101,alext101,,championship,3,4,BIR,HOM,y,both,,,,1948
BIR194810050,HOM,BIR,BIR01,19481005,0,,,,,,,,,,,,,,,,,,,,,,,,fielw101,greab101,,championship,10,6,HOM,BIR,y,both,,,,1948
BIR194904040,LCB,BIR,BIR01,19490404,0,,night,,,FALSE,,,2300,,,,,,,,,,,,,,,,,,,exhibition,6,4,LCB,BIR,,,,,,1949
BIR194904180,IN9,BIR,BIR01,19490418,0,,,,,FALSE,,,,,,,,,,,,,,,,,,,wills104,butth101,,exhibition,2,5,BIR,IN9,y,both,,,,1949
BIR194904190,IN9,BIR,BIR01,19490419,0,,night,,,FALSE,,,2500,,,,,,,,,,,,,,,,,,,exhibition,4,8,BIR,IN9,y,both,,,,1949
BIR194904300,HOE,BIR,BIR01,19490430,0,,night,,,FALSE,,,4636,,,,,,,,,,,,,,,,perra101,gibsw102,,regular,1,3,BIR,HOE,y,both,,,,1949
BIR194905050,HOE,BIR,BIR01,19490505,0,,night,,,FALSE,,,,,,,,,,,,,,,,,,,poweb103,,,regular,3,7,BIR,HOE,y,both,,,,1949
BIR194905081,CAG,BIR,BIR01,19490508,1,,day,,,,,,4800,,rain,,,,,,,,,,,,,,greab101,jessg101,poweb103,regular,2,6,BIR,CAG,y,both,,,,1949
BIR194905082,CAG,BIR,BIR01,19490508,2,,day,5,,FALSE,,,4800,,rain,,,,,,,,,,,,,,wattd101,gipsa101,perra101,regular,1,4,BIR,CAG,y,both,,,,1949
BIR194905090,NY6,BIR,BIR01,19490509,0,,night,,,,,,3000,,,,,,,,,,,,,,,,perra101,,,regular,5,8,BIR,NY6,y,both,,,,1949
BIR194905100,LCB,BIR,BIR01,19490510,0,,night,,,,,,,,,,,,,,,,,,,,,,jeffg102,newbj101,brewc102,regular,7,5,LCB,BIR,y,both,,,,1949
BIR194905110,CAG,BIR,BIR01,19490511,0,,night,,,false,,117,1862,unknown,unknown,unknown,0,unknown,-1,,,,austu901,moorc901,(none),moseh901,,,wills104,mckig101,perra101,regular,3,4,BIR,CAG,y,both,y,y,d,1949
BIR194905130,KCM,BIR,BIR01,19490513,0,,night,,,,,122,4123,,,,,,,,,,moseh901,moorc901,austu901,,,,perra101,richg102,,regular,3,5,BIR,KCM,y,both,y,y,,1949
BIR194905221,LCB,BIR,BIR01,19490522,1,,day,,,false,,122,5505,unknown,unknown,unknown,0,unknown,-1,,,,moorc901,moseh901,(none),austu901,,,perra101,jones105,,regular,2,14,BIR,LCB,y,both,y,y,d,1949
BIR194905222,LCB,BIR,BIR01,19490522,2,,day,6,,false,,128,5505,unknown,unknown,unknown,0,unknown,-1,,,,moseh901,moorc901,(none),austu901,,,newbj101,jeffg102,,regular,8,18,BIR,LCB,y,both,y,y,d,1949
BIR194905250,LCB,BIR,BIR01,19490525,0,,night,,,false,,134,1957,unknown,unknown,unknown,0,unknown,-1,,,,moorc901,moseh901,(none),austu901,,,wills104,longe102,,regular,3,6,BIR,LCB,y,both,y,y,d,1949
BIR194906110,NY6,BIR,BIR01,19490611,0,,night,,,false,,0,0,unknown,unknown,unknown,0,unknown,-1,,,,,,,,,,poweb103,loper102,,regular,0,1,BIR,NY6,y,both,y,y,d,1949
BIR194906120,NY6,BIR,BIR01,19490612,0,,day,,,false,,122,3800,unknown,unknown,unknown,0,unknown,-1,,,,moseh901,moorc901,(none),austu901,,,wills104,newka101,,regular,4,8,BIR,NY6,y,both,y,y,d,1949
BIR194906150,NY6,BIR,BIR01,19490615,0,,night,,,false,,135,2000,unknown,unknown,unknown,0,unknown,-1,,,,moorc901,austu901,,,,,poweb103,maria101,perra101,regular,3,5,BIR,NY6,y,both,y,y,d,1949
BIR194906191,IN9,BIR,BIR01,19490619,1,,day,,,false,,118,7057,unknown,unknown,unknown,0,unknown,-1,,,,moorc901,moseh901,(none),austu901,,,perra101,cohej101,wills104,regular,5,12,BIR,IN9,y,both,y,y,d,1949
BIR194906192,IN9,BIR,BIR01,19490619,2,,day,7,,false,,146,7057,unknown,unknown,unknown,0,unknown,-1,,,,moseh901,moorc901,(none),austu901,,,watsa102,perra101,godim101,regular,10,8,IN9,BIR,y,both,y,y,d,1949
BIR194906200,IN9,BIR,BIR01,19490620,0,,night,,,FALSE,,150,2177,,,,,,,,,,moorc901,moseh901,,austu901,,,greab101,davip103,,regular,5,9,BIR,IN9,y,both,y,y,,1949
BIR194907031,MEM,BIR,BIR01,19490703,1,,day,,,,,124,7500,,,,,,,,,,moorc901,moseh901,,austu901,,,hutcw101,perra101,,regular,6,3,MEM,BIR,y,both,y,y,,1949
BIR194907032,MEM,BIR,BIR01,19490703,2,,day,7,,,,120,7500,,,,,,,,,,moseh901,moorc901,,austu901,,,mathv101,evanf101,,regular,14,2,MEM,BIR,y,both,y,y,,1949
BIR194907041,MEM,BIR,BIR01,19490704,1,,,,,,,,,,,,,,,,,,,,,,,,,,,regular,5,11,BIR,MEM,,,,,,1949
BIR194907042,MEM,BIR,BIR01,19490704,2,,,7,,,,,,,,,,,,,,,,,,,,,,,,regular,7,8,BIR,MEM,,,,,,1949
IN9194907070,KCM,IN9,BIR01,19490707,0,,night,,,,,,3183,,,,,,,,,,,,,,,,barnf102,cathw101,,regular,5,1,KCM,IN9,y,both,,,,1949
BIR194907100,PH5,BIR,BIR01,19490710,0,,day,,,false,,192,3612,unknown,unknown,unknown,0,unknown,-1,,,,moorc901,moseh901,(none),austu901,,,perra101,browb107,,regular,12,13,BIR,PH5,y,both,y,y,d,1949
BIR194907270,MEM,BIR,BIR01,19490727,0,,night,,,false,,130,1911,unknown,unknown,unknown,0,unknown,-1,,,,moorc901,moseh901,(none),austu901,,,perra101,thomf110,,regular,5,6,BIR,MEM,y,both,y,y,d,1949
BIR194907300,BLG,BIR,BIR01,19490730,0,7:30PM,night,,,,,,,,,,,,,,,,,,,,,,blacj103,evanf101,,regular,7,3,BLG,BIR,y,both,,,,1949
BIR194907311,BLG,BIR,BIR01,19490731,1,,day,,,,,,4888,,,,,,,,,,,,,,,,perra101,rombb101,,regular,3,7,BIR,BLG,y,both,,,,1949
BIR194907312,BLG,BIR,BIR01,19490731,2,,day,7,,,,,4888,,,,,,,,,,moseh901,,,,,,wilma101,poweb103,,regular,4,3,BLG,BIR,y,both,,,,1949
BIR194908050,BLG,BIR,BIR01,19490805,0,,night,,,,,,2601,,,,,,,,,,,,,,,,ferrt102,wills104,,regular,3,2,BLG,BIR,y,both,,,,1949
BIR194908141,CAG,BIR,BIR01,19490814,1,,,,,,,,2000,,,,,,,,,,,,,,,,wills104,rhodh101,poweb103,exhibition,7,8,BIR,CAG,,,,,,1949
BIR194908142,CAG,BIR,BIR01,19490814,2,,,7,,,,,2000,,,,,,,,,,,,,,,,smitt105,evanf101,,exhibition,7,0,CAG,BIR,,,,,,1949
BIR194908170,CAG,BIR,BIR01,19490817,0,,night,,,,,,2000,,,,,,,,,,,,,,,,jessg101,greab101,,regular,6,4,CAG,BIR,,,,,,1949
BIR194908200,KCM,BIR,BIR01,19490820,0,,night,,,,,,,,,,,,,,,,,,,,,,lamaj102,poweb103,,regular,7,3,KCM,BIR,y,both,,,,1949
BIR194908211,KCM,BIR,BIR01,19490821,1,,day,,,,,,2223,,,,,,,,,,,,,,,,johnc103,greab101,,regular,4,2,KCM,BIR,y,both,,,,1949
BIR194908212,KCM,BIR,BIR01,19490821,2,,day,7,,,,,2223,,,,,,,,,,,,,,,,thomh106,wills104,,regular,3,1,KCM,BIR,y,both,,,,1949
BIR194908280,IN9,BIR,BIR01,19490828,0,,night,,,,,130,7000,,,,,,,,,,,,,,,,poweb103,galar101,,regular,1,2,BIR,IN9,y,both,,,,1949
BIR194908290,IN9,BIR,BIR01,19490829,0,,night,,,,,,,,,,,,,,,,,,,,,,porta103,poweb103,,regular,13,12,IN9,BIR,y,both,,,,1949
BIR194909181,LCB,BIR,BIR01,19490918,1,,day,,,,,,,,,,,,,,,,,,,,,,wills104,fincr101,,exhibition,5,14,BIR,LCB,,,,,,1949
BIR194909182,LCB,BIR,BIR01,19490918,2,,day,7,,,,,,,,,,,,,,,,,,,,,newbj101,clarw103,,exhibition,3,6,BIR,LCB,,,,,,1949
BIR194909230,LCB,BIR,BIR01,19490923,0,,night,,,,,,,,,,,,,,,,,,,,,,carts102,jones105,,exhibition,1,7,BIR,LCB,y,both,,,,1949
BIR194909251,MEM,BIR,BIR01,19490925,1,,day,,,,,,,,,,,,,,,,,,,,,,mathv101,poweb103,,exhibition,4,2,MEM,BIR,y,both,,,,1949
BIR194909252,MEM,BIR,BIR01,19490925,2,,day,7,,,,,,,,,,,,,,,,,,,,,greab101,formp101,,exhibition,1,8,BIR,MEM,,,,,,1949
BIR194910021,IN9,BIR,BIR01,19491002,1,,day,,,,,,,,,,,,,,,,,,,,,,,,,exhibition,8,2,IN9,BIR,,,,,,1949
BIR194910022,IN9,BIR,BIR01,19491002,2,,day,,,,,,,,,,,,,,,,,,,,,,,,,exhibition,2,2,,,,,,,,1949
SLN202406200,SFN,SLN,BIR01,20240620,0,6:15PM,night,9,2,true,,173,8332,unknown,none,sunny,90,fromcf,7,johnf701,,,porta901,johna901,moorm901,buckc901,(none),(none),palla001,winnk001,helsr001,regular,5,6,SLN,SFN,y,both,y,y,y,2024
