gid,team,inn1,inn2,inn3,inn4,inn5,inn6,inn7,inn8,inn9,inn10,inn11,inn12,inn13,inn14,inn15,inn16,inn17,inn18,inn19,inn20,inn21,inn22,inn23,inn24,inn25,inn26,inn27,inn28,lob,mgr,stattype,b_pa,b_ab,b_r,b_h,b_d,b_t,b_hr,b_rbi,b_sh,b_sf,b_hbp,b_w,b_iw,b_k,b_sb,b_cs,b_gdp,b_xi,b_roe,p_ipouts,p_noout,p_bfp,p_h,p_d,p_t,p_hr,p_r,p_er,p_w,p_iw,p_k,p_hbp,p_wp,p_bk,p_sh,p_sf,p_sb,p_cs,p_pb,d_po,d_a,d_e,d_dp,d_tp,d_pb,d_wp,d_sb,d_cs,start_l1,start_l2,start_l3,start_l4,start_l5,start_l6,start_l7,start_l8,start_l9,start_f1,start_f2,start_f3,start_f4,start_f5,start_f6,start_f7,start_f8,start_f9,start_f10,date,number,site,vishome,opp,win,loss,tie,gametype,box,pbp
MEM194104060,NY5,0,0,0,0,0,0,0,1,0,,,,,,,,,,,,,,,,,,,,4,burnt102,value,32,29,1,2,1,0,0,,0,0,0,3,0,12,0,,,0,,24,,36,6,0,0,0,4,,2,0,3,0,0,0,1,0,0,,0,24,6,4,0,0,0,0,0,,barkm101,davis105,walkh103,pattg104,tramu101,burnt102,coopb101,fielb101,stann101,stann101,coopb101,burnt102,davis105,fielb101,walkh103,pattg104,barkm101,tramu101,,19410406,0,MEM02,v,MEM,0,1,0,exhibition,y,
MEM194104060,MEM,0,0,0,0,1,0,0,3,,,,,,,,,,,,,,,,,,,,,7,radct101,value,35,32,4,6,1,0,0,,1,0,0,2,0,3,0,,,0,,27,,33,2,1,0,0,1,,3,0,12,0,0,0,0,0,0,,0,27,7,2,0,0,0,0,0,,cartm101,bankf101,hoskb101,rogen101,bradb107,dumal101,longr102,browt105,hutcw101,hutcw101,longr102,dumal101,cartm101,bankf101,browt105,hoskb101,bradb107,rogen101,,19410406,0,MEM02,h,NY5,1,0,0,exhibition,y,
MEM194104120,BLG,0,0,0,1,0,0,0,0,0,,,,,,,,,,,,,,,,,,,,,snowf101,value,,,1,6,,,,,,,,,,,,,,,,24,,,11,,,,7,,,,,,,,,,,,,24,,2,,0,,,,,,,,,,,,,,willr106,clarb107,,,,,,,,,19410412,0,MEM02,v,MEM,0,1,0,exhibition,,
MEM194104120,MEM,1,1,1,2,0,0,2,0,,,,,,,,,,,,,,,,,,,,,,radct101,value,,,7,11,,,,,,,,,,,,,,,,27,,,6,,,,1,,,,,,,,,,,,,27,,1,,0,,,,,,,,,,,,,,keyer101,longr102,,,,,,,,,19410412,0,MEM02,h,BLG,1,0,0,exhibition,,
MEM194104130,BLG,4,1,1,1,0,2,5,0,6,,,,,,,,,,,,,,,,,,,,,snowf101,value,,,20,24,,,,,,,,,,,,,,,,27,,,8,,,,1,,,,,,,,,,,,,27,,2,,0,,,,,,,,,,,,,,adame101,clarb107,,,,,,,,,19410413,0,MEM02,v,MEM,1,0,0,exhibition,,
MEM194104130,MEM,1,0,0,0,0,0,0,0,0,,,,,,,,,,,,,,,,,,,,,radct101,value,,,1,8,,,,,,,,,,,,,,,,27,,,24,,,,20,,,,,,,,,,,,,27,,2,,0,,,,,,,,,,,,,,hutcw101,longr102,,,,,,,,,19410413,0,MEM02,h,BLG,0,1,0,exhibition,,
MEM194104142,BLG,,,,,,,,,,,,,,,,,,,,,,,,,,,,,,snowf101,value,,,6,,,,,,,,,,,,,,,,,21,,,,,,,1,,,,,,,,,,,,,21,,0,,0,,,,,,,,,,,,,,,,,,,,,,,,19410414,2,MEM02,v,MEM,1,0,0,exhibition,,
MEM194104142,MEM,,,,,,,,,,,,,,,,,,,,,,,,,,,,,,radct101,value,,,1,,,,,,,,,,,,,,,,,21,,,,,,,6,,,,,,,,,,,,,21,,0,,0,,,,,,,,,,,,,,,,,,,,,,,,19410414,2,MEM02,h,BLG,0,1,0,exhibition,,
MEM194104201,NY6,0,0,0,0,0,0,0,1,1,,,,,,,,,,,,,,,,,,,,,fernj101,value,,,2,8,,,,,,,,1,,4,,,,,,24,,,12,1,,1,7,,,,,,,,,,,,,24,,0,,0,,,,,,,,,,,,,,barnd101,fernj101,,,,,,,,,19410420,1,MEM02,v,MEM,0,1,0,exhibition,,
MEM194104201,MEM,1,0,0,3,1,0,2,0,,,,,,,,,,,,,,,,,,,,,,radct101,value,,,7,12,1,,1,,,,,,,,,,,,,27,,,8,,,,2,,1,,4,,,,,,,,,27,,1,,0,,,,,,,,,,,,,,mossp101,radct101,,,,,,,,,19410420,1,MEM02,h,NY6,1,0,0,exhibition,,
MEM194104202,NY6,0,0,2,0,2,0,0,,,,,,,,,,,,,,,,,,,,,,,fernj101,value,,,4,8,,,,,,,,,,,,,,,,21,,,4,,1,,4,,2,,,,,,1,,,,,21,,1,,0,,,,,,,,,,,,,,hickj108,colac101,,,,,,,,,19410420,2,MEM02,v,MEM,0,0,1,exhibition,,
MEM194104202,MEM,0,0,0,1,0,0,3,,,,,,,,,,,,,,,,,,,,,,,radct101,value,,,4,4,,1,,3,1,,,2,,,,,,,,21,,,8,,,,4,,,,,,,,,,,,,21,,1,,0,,,,,hydec101,bankf101,cartm101,robin101,bradb107,longr102,dumal101,browt105,keyer101,keyer101,longr102,,,,,,,,,19410420,2,MEM02,h,NY6,0,0,1,exhibition,,
MEM194104230,NY5,0,0,0,2,0,0,0,0,0,,,,,,,,,,,,,,,,,,,,2,burnt102,value,31,28,2,2,0,0,0,0,1,,0,2,,5,1,,,0,,24,,47,17,0,0,1,13,,3,0,3,0,0,0,1,0,3,,0,24,12,4,1,0,0,0,3,,kimbh102,walkh103,barkm101,pattg104,marcz101,coopb101,davis105,fielb101,hollb106,hollb106,marcz101,walkh103,coopb101,fielb101,davis105,barkm101,kimbh102,pattg104,,19410423,0,PBL01,v,MEM,0,1,0,exhibition,y,
MEM194104230,MEM,4,0,3,3,1,2,0,0,,,,,,,,,,,,,,,,,,,,,10,radct101,value,47,43,13,17,2,0,1,13,1,0,0,3,0,3,3,,,0,,27,,31,2,0,0,0,2,,2,,5,0,0,0,1,,1,,0,27,11,2,2,0,0,0,1,,hydec101,bankf101,cartm101,robin101,rogen101,bradb107,longr102,browt105,dumal101,dumal101,longr102,bankf101,cartm101,browt105,robin101,hydec101,bradb107,rogen101,,19410423,0,PBL01,h,NY5,1,0,0,exhibition,y,
MEM194104272,NY6,3,2,0,2,0,0,1,,,,,,,,,,,,,,,,,,,,,,,fernj101,value,,,8,,,,,,,,,,,,,,,,,21,,,,,,,1,,,,,,,,,,,,,21,,0,,0,,,,,,,,,,,,,,andeb106,colac101,,,,,,,,,19410427,2,LRK02,v,MEM,1,0,0,exhibition,,
MEM194104272,MEM,0,0,0,1,0,0,0,,,,,,,,,,,,,,,,,,,,,,,radct101,value,,,1,,,,,,,,,,,,,,,,,21,,,,,,,8,,,,,,,,,,,,,21,,0,,0,,,,,,,,,,,,,,keyer101,radct101,,,,,,,,,19410427,2,LRK02,h,NY6,0,1,0,exhibition,,
NY6194104271,MEM,0,0,0,2,0,0,3,2,0,,,,,,,,,,,,,,,,,,,,,radct101,value,,,7,,,,,,,,,,,,,,,,,27,,,,,,,4,,,,,,,,,,,,,27,,0,,0,,,,,,,,,,,,,,mossp101,radct101,,,,,,,,,19410427,1,LRK02,v,NY6,1,0,0,exhibition,,
NY6194104271,NY6,0,0,0,0,0,0,2,2,0,,,,,,,,,,,,,,,,,,,,,fernj101,value,,,4,,,,,,,,,,,,,,,,,27,,,,,,,7,,,,,,,,,,,,,27,,0,,0,,,,,,,,,,,,,,ruizs101,fernj101,,,,,,,,,19410427,1,LRK02,h,MEM,0,1,0,exhibition,,
MEM194105041,KCM,0,1,0,0,1,0,0,0,0,,,,,,,,,,,,,,,,,,,,1,allen102,value,30,27,2,5,1,0,0,,0,0,1,2,0,1,0,,,0,,24,,32,7,1,0,0,3,2,3,,2,1,0,0,1,,0,,1,24,,1,3,0,1,0,0,,simmw101,allen102,bibbr101,greej108,broww101,sneas101,oneib801,willj111,walkg103,walkg103,greej108,oneib801,bibbr101,willj111,allen102,broww101,simmw101,sneas101,,19410504,1,MEM02,v,MEM,0,1,0,exhibition,y,
MEM194105041,MEM,0,0,0,3,0,0,0,0,,,,,,,,,,,,,,,,,,,,,5,radct101,value,32,27,3,7,1,0,0,,1,,1,3,,2,0,,,0,,27,,30,5,0,0,0,2,,2,0,1,1,0,0,0,0,0,,0,27,,2,1,0,0,0,0,,hydec101,cartm101,byass101,robin101,rogen101,longr102,bankf101,browt105,mossp101,mossp101,longr102,byass101,cartm101,bankf101,browt105,rogen101,robin101,hydec101,,19410504,1,MEM02,h,KCM,1,0,0,exhibition,y,
MEM194105042,KCM,0,1,0,0,5,3,3,,,,,,,,,,,,,,,,,,,,,,,allen102,value,,,12,16,,,1,,,,,,,,,,,,,21,,,10,,,,6,,,,,,,,,,,,,21,,2,,0,,,,,,,,,,,,,,thoms105,greej108,,,,,,,,,19410504,2,MEM02,v,MEM,1,0,0,exhibition,,
MEM194105042,MEM,2,1,1,0,1,1,0,,,,,,,,,,,,,,,,,,,,,,,radct101,value,,,6,10,,,,,,,,,,,,,,,,21,,,16,,,1,12,,,,,,,,,,,,,21,,3,,0,,,,,,,,,,,,,,radct101,longr102,,,,,,,,,19410504,2,MEM02,h,KCM,0,1,0,exhibition,,
MEM194105080,KCM,,,,,,,,,,,,,,,,,,,,,,,,,,,,,,allen102,value,,,5,,,,,,,,,,,,,,,,,27,,,,,,,1,,,,,,,,,,,,,27,,0,,0,,,,,,,,,,,,,,,,,,,,,,,,19410508,0,GRE01,v,MEM,1,0,0,exhibition,,
MEM194105080,MEM,,,,,,,,,,,,,,,,,,,,,,,,,,,,,,radct101,value,,,1,,,,,,,,,,,,,,,,,27,,,,,,,5,,,,,,,,,,,,,27,,0,,0,,,,,,,,,,,,,,,,,,,,,,,,19410508,0,GRE01,h,KCM,0,1,0,exhibition,,
MEM194105111,CAG,,,,,,,,,,,,,,,,,,,,,,,,,,,,,,taylj105,value,,,2,,,,,,,,,,,,,,,,,24,,,,,,,7,,,,,,,,,,,,,24,,0,,0,,,,,,,,,,,,,,,,,,,,,,,,19410511,1,MEM02,v,MEM,0,1,0,regular,,
MEM194105111,MEM,,,,,,,,,,,,,,,,,,,,,,,,,,,,,,radct101,value,,,7,,,,,,,,,,,,,,,,,27,,,,,,,2,,,,,,,,,,,,,27,,0,,0,,,,,,,,,,,,,,,,,,,,,,,,19410511,1,MEM02,h,CAG,1,0,0,regular,,
MEM194105112,CAG,,,,,,,,,,,,,,,,,,,,,,,,,,,,,,taylj105,value,,,5,,,,,,,,,,,,,,,,,21,,,,,,,2,,,,,,,,,,,,,21,,0,,0,,,,,,,,,,,,,,,,,,,,,,,,19410511,2,MEM02,v,MEM,1,0,0,regular,,
MEM194105112,MEM,,,,,,,,,,,,,,,,,,,,,,,,,,,,,,radct101,value,,,2,,,,,,,,,,,,,,,,,21,,,,,,,5,,,,,,,,,,,,,21,,0,,0,,,,,,,,,,,,,,,,,,,,,,,,19410511,2,MEM02,h,CAG,0,1,0,regular,,
MEM194105120,CAG,,,,,,,,,,,,,,,,,,,,,,,,,,,,,,taylj105,value,,,9,,,,,24,,,,,,,,,,,,24,,,,,,,11,,,,,,,,,,,,,24,,0,,0,,,,,,,,,,,,,,,,,,,,,,,,19410512,0,MEM02,v,MEM,0,1,0,regular,,
MEM194105120,MEM,,,,,,,,,,,,,,,,,,,,,,,,,,,,,,radct101,value,,,11,,,,,,,,,,,,,,,,,27,,,,,,,9,,,,,,,,,,,,,27,,0,,0,,,,,,,,,,,,,,,,,,,,,,,,19410512,0,MEM02,h,CAG,1,0,0,regular,,
MEM194105140,CAG,,,,,,,,,,,,,,,,,,,,,,,,,,,,,,taylj105,value,,,2,,,,,,,,,,,,,,,,,24,,,,,,,8,,,,,,,,,,,,,24,,0,,0,,,,,,,,,,,,,,,,,,,,,,,,19410514,0,JON01,v,MEM,0,1,0,regular,,
MEM194105140,MEM,,,,,,,,,,,,,,,,,,,,,,,,,,,,,,radct101,value,,,8,,,,,,,,,,,,,,,,,27,,,,,,,2,,,,,,,,,,,,,27,,0,,0,,,,,,,,,,,,,,,,,,,,,,,,19410514,0,JON01,h,CAG,1,0,0,regular,,
MEM194105150,KCM,,,,0,0,0,0,0,0,,,,,,,,,,,,,,,,,,,,,allen102,value,,,3,,,,,,,,,,,,,,,,,24,,,,,,,7,,,,,,,,,,,,,24,,0,,0,,,,,,,,,,,,,,bradf104,greej108,,,,,,,,,19410515,0,LRK02,v,MEM,0,1,0,regular,,
MEM194105150,MEM,,,,,,,,,,,,,,,,,,,,,,,,,,,,,,radct101,value,,,7,,,,,,,,,,,,,,,,,27,,,,,,,2,,,,,,,,,,,,,27,,0,,0,,,,,,,,,,,,,,mathv101,browl107,,,,,,,,,19410515,0,LRK02,h,KCM,1,0,0,regular,,
MEM194105181,SNO,0,4,0,0,1,1,1,0,0,,,,,,,,,,,,,,,,,,,,,mitcg101,value,,,7,11,,,1,,,,,,,,,,,,,24,,,11,,,1,11,,,,,,,,,,,,,24,,3,,0,,,,,,,,,,,,,,mcalf101,burcw101,,,,,,,,,19410518,1,MEM02,v,MEM,0,1,0,regular,,
MEM194105181,MEM,3,1,0,1,0,3,3,0,,,,,,,,,,,,,,,,,,,,,,radct101,value,,,11,11,,,1,,,,,,,,,,,,,27,,,11,,,1,7,,,,,,,,,,,,,27,,2,,0,,,,,,,,,,,,,,mossp101,browl107,,,,,,,,,19410518,1,MEM02,h,SNO,1,0,0,regular,,
MEM194105182,SNO,0,0,7,0,1,3,,,,,,,,,,,,,,,,,,,,,,,,mitcg101,value,,,11,12,,,,,,,,,,,,,,,,18,,,3,,,,6,,,,,,,,,,,,,18,,1,,0,,,,,,,,,,,,,,smite111,smitb114,,,,,,,,,19410518,2,MEM02,v,MEM,1,0,0,regular,,
MEM194105182,MEM,0,3,0,0,3,0,,,,,,,,,,,,,,,,,,,,,,,,radct101,value,,,6,3,,,,,,,,,,,,,,,,18,,,12,,,,11,,,,,,,,,,,,,18,,2,,0,,,,,,,,,,,,,,mathv101,browl107,,,,,,,,,19410518,2,MEM02,h,SNO,0,1,0,regular,,
MEM194105190,SNO,,,,,,,,,,,,,,,,,,,,,,,,,,,,,,mitcg101,value,,,7,,,,,,,,,,,,,,,,,24,,,,,,,13,,,,,,,,,,,,,24,,0,,0,,,,,,,,,,,,,,,,,,,,,,,,19410519,0,MEM02,v,MEM,0,1,0,regular,,
MEM194105190,MEM,,,,,,,,,,,,,,,,,,,,,,,,,,,,,,radct101,value,,,13,,,,,,,,,,,,,,,,,27,,,,,,,7,,,,,,,,,,,,,27,,0,,0,,,,,,,,,,,,,,,,,,,,,,,,19410519,0,MEM02,h,SNO,1,0,0,regular,,
KCM194105200,MEM,0,0,0,1,1,3,2,0,2,,,,,,,,,,,,,,,,,,,,8,radct101,value,44,40,9,12,0,1,0,6,0,0,0,4,0,,0,,,0,,27,,43,12,4,1,1,7,7,4,,,0,0,0,0,,2,,0,27,15,1,2,0,0,0,2,,hydec101,bankf101,cartm101,robin101,byass101,taylj106,longr102,browt105,mathv101,mathv101,byass101,taylj106,cartm101,bankf101,browt105,longr102,robin101,hydec101,,19410520,0,SPR05,v,KCM,1,0,0,regular,y,
KCM194105200,KCM,0,3,0,0,3,0,0,1,0,,,,,,,,,,,,,,,,,,,,9,allen102,value,43,39,7,12,4,1,1,6,0,,0,4,,,2,,,0,,27,,44,12,0,0,0,9,5,4,0,,0,0,0,0,0,0,,0,27,,3,1,0,0,0,0,,simmw101,allen102,bibbr101,duncf102,broww101,strot101,oneib801,sneas101,smith111,smith111,duncf102,oneib801,bibbr101,strot101,allen102,broww101,broww101,sneas101,,19410520,0,SPR05,h,MEM,0,1,0,regular,y,
KCM194105210,MEM,,,,,,,,,,,,,,,,,,,,,,,,,,,,,,radct101,value,,,4,,,,,,,,,,,,,,,,,33,,,,,,,4,,,,,,,,,,,,,33,,0,,0,,,,,,,,,,,,,,hutcw101,browl107,,,,,,,,,19410521,0,MUS01,v,KCM,0,0,1,regular,,
KCM194105210,KCM,,,,,,,,,,,,,,,,,,,,,,,,,,,,,,allen102,value,,,4,,,,,,,,,,,,,,,,,33,,,,,,,4,,,,,,,,,,,,,33,,0,,0,,,,,,,,,,,,,,smith111,greej108,,,,,,,,,19410521,0,MUS01,h,MEM,0,0,1,regular,,
KCM194105220,MEM,0,0,1,0,2,0,0,0,5,,,,,,,,,,,,,,,,,,,,,radct101,value,,,8,13,,,1,2,,,,,,,,,,,,27,,,11,,,,5,,,,,,,,,,,,,27,,1,,0,,,,,,,,,,,,,,radct101,byass101,,,,,,,,,19410522,0,OKC02,v,KCM,1,0,0,regular,,
KCM194105220,KCM,0,2,3,0,0,0,0,0,0,,,,,,,,,,,,,,,,,,,,,allen102,value,,,5,11,,,,,,,,,,,,,,,,27,,,11,,,1,8,,,,,,,,,,,,,27,,1,,0,,,,,,,,,,,,,,walkg103,greej108,,,,,,,,,19410522,0,OKC02,h,MEM,0,1,0,regular,,
KCM194105250,MEM,0,0,3,0,0,0,2,0,1,,,,,,,,,,,,,,,,,,,,11,radct101,value,44,37,6,15,2,0,0,6,2,0,0,5,0,5,3,,,0,,24,,41,17,0,0,1,7,,1,0,4,0,0,0,0,0,1,,0,24,8,1,0,0,0,0,1,,hydec101,bankf101,cartm101,robin101,longr102,browl107,taylj106,browt105,radct101,radct101,browl107,taylj106,cartm101,bankf101,browt105,longr102,robin101,hydec101,,19410525,0,KAN05,v,KCM,0,1,0,regular,y,
KCM194105250,KCM,0,0,3,1,1,2,0,0,,,,,,,,,,,,,,,,,,,,,9,allen102,value,40,39,7,17,2,1,1,7,0,0,0,1,0,4,1,,,0,,27,,44,15,1,0,0,6,,5,0,5,0,0,0,2,0,3,,1,27,17,1,2,0,1,0,3,,simmw101,allen102,bibbr101,greej108,strot101,broww101,oneib801,sneas101,paigs101,paigs101,greej108,oneib801,bibbr101,strot101,allen102,broww101,simmw101,sneas101,,19410525,0,KAN05,h,MEM,1,0,0,regular,y,
MEM194105280,JAX,,,,,,,,,,,,,,,,,,,,,,,,,,,,,,mitca102,value,,,3,,,,,,,,,,,,,,,,,24,,,,,,,4,,,,,,,,,,,,,24,,0,,0,,,,,,,,,,,,,,,,,,,,,,,,19410528,0,GRE01,v,MEM,0,1,0,regular,,
MEM194105280,MEM,,,,,,,,,,,,,,,,,,,,,,,,,,,,,,radct101,value,,,4,,,,,,,,,,,,,,,,,27,,,,,,,3,,,,,,,,,,,,,27,,0,,0,,,,,,,,,,,,,,,,,,,,,,,,19410528,0,GRE01,h,JAX,1,0,0,regular,,
MEM194105290,JAX,,,,,,,,,,,,,,,,,,,,,,,,,,,,,,mitca102,value,,,2,,,,,,,,,,,,,,,,,24,,,,,,,3,,,,,,,,,,,,,24,,0,,0,,,,,,,,,,,,,,,,,,,,,,,,19410529,0,MEM02,v,MEM,0,1,0,regular,,
MEM194105290,MEM,0,0,3,0,0,0,0,0,,,,,,,,,,,,,,,,,,,,,,radct101,value,,,3,,,,,,,,,,,,,,,,,27,,,,,,,2,,,,,,,,,,,,,27,,0,,0,,,,,,,,,,,,,,,,,,,,,,,,19410529,0,MEM02,h,JAX,1,0,0,regular,,
MEM194105300,BIR,0,0,0,0,0,0,0,0,0,,,,,,,,,,,,,,,,,,,,,welcw101,value,,,0,,,,,0,,,,,,,,,,,,24,,,,,,,2,,,,,,,,,,,,,24,,0,,0,,,,,,,,,,,,,,johnl107,hardp102,,,,,,,,,19410530,0,LRK02,v,MEM,0,1,0,regular,,
MEM194105300,MEM,1,0,0,0,0,0,1,0,,,,,,,,,,,,,,,,,,,,,,radct101,value,,,2,,,,,,,,,,,,,,,,,27,,,,,,,0,0,,,,,,,,,,,,27,,0,,0,,,,,,,,,,,,,,mathv101,byass101,,,,,,,,,19410530,0,LRK02,h,BIR,1,0,0,regular,,
MEM194106011,BIR,0,0,0,0,0,0,0,0,1,,,,,,,,,,,,,,,,,,,,4,welcw101,value,32,25,1,3,0,0,0,1,4,0,0,3,0,2,1,,,0,,27,,35,4,1,0,0,0,0,3,,5,0,0,0,1,,1,,0,27,12,1,0,0,0,0,1,,wilsj107,lockl101,dougj102,bostl102,sampt101,listn101,reddu101,hardp102,bankd101,bankd101,hardp102,bostl102,sampt101,lockl101,reddu101,dougj102,wilsj107,listn101,,19410601,1,MEM02,v,MEM,1,0,0,regular,y,
MEM194106011,MEM,0,0,0,0,0,0,0,0,0,,,,,,,,,,,,,,,,,,,,8,radct101,value,35,31,0,4,1,0,0,0,1,,0,3,,5,1,,,0,,27,,33,3,0,0,0,1,0,3,0,2,0,0,0,4,0,1,,1,27,12,0,0,0,1,0,1,,hydec101,bankf101,cartm101,robin101,longr102,browl107,taylj106,browt105,mossp101,mossp101,browl107,taylj106,cartm101,bankf101,browt105,longr102,robin101,hydec101,,19410601,1,MEM02,h,BIR,0,1,0,regular,y,
MEM194106012,BIR,0,0,0,0,0,0,2,,,,,,,,,,,,,,,,,,,,,,3,welcw101,value,26,24,2,5,1,0,0,,0,,0,2,,2,0,,,0,,18,,29,11,0,0,0,9,,1,0,0,0,0,0,0,0,1,,0,18,4,2,0,0,0,0,1,,wilsj107,lockl101,dougj102,bostl102,sampt101,listn101,reddu101,hardp102,markj101,markj101,hardp102,bostl102,sampt101,lockl101,reddu101,dougj102,wilsj107,listn101,,19410601,2,MEM02,v,MEM,0,1,0,regular,y,
MEM194106012,MEM,3,0,1,3,0,2,,,,,,,,,,,,,,,,,,,,,,,2,radct101,value,29,25,9,11,2,2,0,,0,0,0,1,0,0,1,,,0,,21,,26,5,1,0,0,2,,2,,2,0,0,0,0,,0,,0,21,13,1,0,0,0,0,0,,hydec101,bankf101,cartm101,robin101,byass101,longr102,taylj106,browt105,hutcw101,hutcw101,byass101,taylj106,cartm101,bankf101,browt105,hydec101,robin101,longr102,,19410601,2,MEM02,h,BIR,1,0,0,regular,y,
MEM194106050,BIR,,,,,,,,,,,,,,,,,,,,,,,,,,,,,,welcw101,value,,,0,,,,,0,,,,,,,,,,,,24,,,,,,,4,,,,,,,,,,,,,24,,0,,0,,,,,,,,,,,,,,jessg101,hardp102,,,,,,,,,19410605,0,MEM02,v,MEM,0,1,0,regular,,
MEM194106050,MEM,,,,,,,,,,,,,,,,,,,,,,,,,,,,,,radct101,value,,,6,,,,,,,,,,,,,,,,,27,,,,,,,0,0,,,,,,,,,,,,27,,0,,0,,,,,,,,,,,,,,hutcw101,browl107,,,,,,,,,19410605,0,MEM02,h,BIR,1,0,0,regular,,
MEM194106060,BIR,,,,,,,,,,,,,,,,,,,,,,,,,,,,,,welcw101,value,,,5,,,,,,,,,,,,,,,,,27,,,,,,,3,,,,,,,,,,,,,27,,0,,0,,,,,,,,,,,,,,bankd101,hardp102,,,,,,,,,19410606,0,MEM02,v,MEM,1,0,0,regular,,
MEM194106060,MEM,,,,,,,,,,,,,,,,,,,,,,,,,,,,,,radct101,value,,,3,,,,,,,,,,,,,,,,,27,,,,,,,5,,,,,,,,,,,,,27,,0,,0,,,,,,,,,,,,,,keyer101,byass101,,,,,,,,,19410606,0,MEM02,h,BIR,0,1,0,regular,,
BIR194106081,MEM,0,0,1,0,0,1,0,0,0,,,,,,,,,,,,,,,,,,,,4,radct101,value,33,30,2,5,0,0,0,,2,,0,1,,5,0,,,0,,24,,40,14,0,0,0,9,9,3,0,1,1,0,0,2,0,2,,2,24,9,0,0,0,2,0,2,,hydec101,mathv101,cartm101,robin101,byass101,taylj106,bankf101,browt105,mossp101,mossp101,byass101,taylj106,cartm101,bankf101,browt105,mathv101,robin101,hydec101,,19410608,1,BIR01,v,BIR,0,1,0,regular,y,
BIR194106081,BIR,0,0,4,1,4,0,0,0,,,,,,,,,,,,,,,,,,,,,7,welcw101,value,40,34,9,14,2,2,0,,2,0,1,3,0,1,2,,,0,,27,,33,5,0,0,0,2,2,1,,5,0,0,0,2,,0,,0,27,10,0,1,0,0,0,0,,wilsj107,dougj102,lockl101,bostl102,sampt101,sayla101,reddu101,hardp102,bankd101,bankd101,hardp102,sayla101,sampt101,lockl101,reddu101,dougj102,wilsj107,bostl102,,19410608,1,BIR01,h,MEM,1,0,0,regular,y,
BIR194106082,MEM,3,0,1,0,0,0,0,,,,,,,,,,,,,,,,,,,,,,3,radct101,value,28,28,4,7,0,0,0,,0,0,0,0,0,,0,,,0,,21,,27,4,0,0,0,0,0,2,,,0,0,0,0,,0,,0,21,13,0,0,0,0,0,0,,cartm101,hydec101,mathv101,robin101,taylj106,browl107,bankf101,browt105,evanf101,evanf101,browl107,taylj106,cartm101,bankf101,browt105,mathv101,robin101,hydec101,,19410608,2,BIR01,v,BIR,1,0,0,regular,y,
BIR194106082,BIR,0,0,0,0,0,0,0,,,,,,,,,,,,,,,,,,,,,,6,welcw101,value,27,25,0,4,0,0,0,0,0,,0,2,,,0,,,0,,21,,28,7,0,0,0,4,,0,0,,0,0,0,0,0,0,,0,21,5,0,0,0,0,0,0,,wilsj107,dougj102,lockl101,bostl102,sampt101,sayla101,reddu101,hardp102,gipsa101,gipsa101,hardp102,sayla101,sampt101,lockl101,reddu101,dougj102,wilsj107,bostl102,,19410608,2,BIR01,h,MEM,0,1,0,regular,y,
BIR194106100,MEM,0,0,0,0,0,0,0,0,1,,,,,,,,,,,,,,,,,,,,3,radct101,value,31,28,1,7,2,0,1,1,0,,1,2,,5,0,,,0,,24,,34,8,1,2,0,5,3,1,,10,0,0,0,0,,2,,0,24,,1,1,0,0,0,2,,cartm101,hydec101,longr102,robin101,taylj106,browl107,bankf101,browt105,radct101,radct101,browl107,taylj106,cartm101,bankf101,browt105,longr102,robin101,hydec101,,19410610,0,GAD01,v,BIR,0,1,0,regular,y,
BIR194106100,BIR,0,0,1,0,0,3,0,1,,,,,,,,,,,,,,,,,,,,,5,welcw101,value,34,33,5,8,1,2,0,4,0,,0,1,,10,2,,,0,,27,,31,7,2,0,1,1,1,2,,5,1,0,0,0,,0,,0,27,,1,2,0,0,0,0,,wilsj107,dougj102,lockl101,bostl102,sampt101,sayla101,reddu101,tysoc101,mckig101,mckig101,tysoc101,sayla101,sampt101,lockl101,reddu101,dougj102,wilsj107,bostl102,,19410610,0,GAD01,h,MEM,1,0,0,regular,y,
JAX194106140,MEM,1,0,5,0,1,0,0,,,,,,,,,,,,,,,,,,,,,,,radct101,value,,,7,10,,,,,,,,,,,,,,,,21,,,6,,,,2,,,,,,,,,,,,,21,,2,,0,,,,,,,,,,,,,,evanf101,byass101,,,,,,,,,19410614,0,TAM01,v,JAX,1,0,0,exhibition,,
JAX194106140,JAX,1,0,0,0,0,1,0,,,,,,,,,,,,,,,,,,,,,,,mitca102,value,,,2,6,,,,,,,,,,,,,,,,21,,,10,,,,7,,,,,,,,,,,,,21,,6,,0,,,,,,,,,,,,,,roweu101,barnh102,,,,,,,,,19410614,0,TAM01,h,MEM,0,1,0,exhibition,,
JAX194106151,MEM,,,,,,,,,,,,,,,,,,,,,,,,,,,,,,radct101,value,,,7,,,,,,,,,,,,,,,,,27,,,,,,,2,,,,,,,,,,,,,27,,0,,0,,,,,,,,,,,,,,,,,,,,,,,,19410615,1,JKV01,v,JAX,1,0,0,regular,,
JAX194106151,JAX,,,,,,,,,,,,,,,,,,,,,,,,,,,,,,mitca102,value,,,2,,,,,,,,,,,,,,,,,27,,,,,,,7,,,,,,,,,,,,,27,,0,,0,,,,,,,,,,,,,,,,,,,,,,,,19410615,1,JKV01,h,MEM,0,1,0,regular,,
JAX194106152,MEM,0,0,0,0,0,0,0,,,,,,,,,,,,,,,,,,,,,,,radct101,value,,,0,,,,,0,,,,,,,,,,,,18,,,,,,,2,,,,,,,,,,,,,18,,0,,0,,,,,,,,,,,,,,,,,,,,,,,,19410615,2,JKV01,v,JAX,0,1,0,regular,,
JAX194106152,JAX,,,,,,,,,,,,,,,,,,,,,,,,,,,,,,mitca102,value,,,2,,,,,,,,,,,,,,,,,21,,,,,,,0,0,,,,,,,,,,,,21,,0,,0,,,,,,,,,,,,,,,,,,,,,,,,19410615,2,JKV01,h,MEM,1,0,0,regular,,
MEM194106180,SNO,,,,,,,,,,,,,,,,,,,,,,,,,,,,,,mitcg101,value,,,6,,,,,,,,,,,,,,,,,24,,,,,,,7,,,,,,,,,,,,,24,,0,,0,,,,,,,,,,,,,,,,,,,,,,,,19410618,0,LRK02,v,MEM,0,1,0,regular,,
MEM194106180,MEM,,,,,,,,,,,,,,,,,,,,,,,,,,,,,,radct101,value,,,7,,,,,,,,,,,,,,,,,27,,,,,,,6,,,,,,,,,,,,,27,,0,,0,,,,,,,,,,,,,,,,,,,,,,,,19410618,0,LRK02,h,SNO,1,0,0,regular,,
CAG194106221,MEM,0,0,0,1,2,0,0,0,1,0,0,,,,,,,,,,,,,,,,,,,radct101,value,,,4,5,,,,3,1,,,3,,1,1,1,,,,32,,,9,,,1,5,,1,1,2,,,,1,,,,,32,,1,,0,,,,,hydec101,bankf101,cartm101,robin101,byass101,taylj106,longr102,browt105,hutcw101,hutcw101,,taylj106,cartm101,cartm101,browt105,,robin101,,,19410622,1,CHI10,v,CAG,0,1,0,regular,,
CAG194106221,CAG,2,0,0,1,1,0,0,0,0,0,1,,,,,,,,,,,,,,,,,,,taylj105,value,,,5,1,,,1,3,1,,,1,1,2,,,,,,33,,,5,,,,4,,3,,1,,,,1,,,,,33,,1,,0,,,,,lylej102,crutj101,penna101,youne102,hudsf101,boono101,hendc102,hornb101,cornw101,cornw101,,,,,lylej102,,,,,19410622,1,CHI10,h,MEM,1,0,0,regular,,
CAG194106222,MEM,0,0,0,0,0,0,0,,,,,,,,,,,,,,,,,,,,,,,radct101,value,,,0,1,,,,0,,,,,,,,,,,,18,,,1,,1,,3,1,,,2,,,,1,,,,,18,,1,,0,,,,,,,,,,,,,,evanf101,,,,,,,,,,19410622,2,CHI10,v,CAG,0,1,0,regular,,
CAG194106222,CAG,0,0,0,1,0,2,,,,,,,,,,,,,,,,,,,,,,,,taylj105,value,,,3,1,,1,,3,1,,,,,2,,,,,,21,,,1,,,,0,0,,,,,,,,,,,,21,,0,,0,,,,,gibst101,crutj101,penna101,,,hendc102,bassp101,hornb101,ferrw102,ferrw102,,,,,,,,,,19410622,2,CHI10,h,MEM,1,0,0,regular,,
BIR194106250,MEM,,,,,,,,,,,,,,,,,,,,,,,,,,,,,,radct101,value,,,8,,,,,,,,,,,,,,,,,27,,,,,,,7,,,,,,,,,,,,,27,,0,,0,,,,,,,,,,,,,,,,,,,,,,,,19410625,0,HAM01,v,BIR,1,0,0,regular,,
BIR194106250,BIR,,,,,,,,,,,,,,,,,,,,,,,,,,,,,,welcw101,value,,,7,,,,,,,,,,,,,,,,,27,,,,,,,8,,,,,,,,,,,,,27,,0,,0,,,,,,,,,,,,,,,,,,,,,,,,19410625,0,HAM01,h,MEM,0,1,0,regular,,
MEM194106291,SNO,,,,,,,,,,,,,,,,,,,,,,,,,,,,,,mitcg101,value,,,6,1,,,1,,,,,,,,,,,,,27,,,,,,,3,,,,,,,,,,,,,27,,0,,0,,,,,,,,,,,,,,mcalf101,,,,,,,,,,19410629,1,MEM02,v,MEM,1,0,0,regular,,
MEM194106291,MEM,,,,,,,,,,,,,,,,,,,,,,,,,,,,,,radct101,value,,,3,,,,,,,,,,,,,,,,,27,,,1,,,1,6,,,,,,,,,,,,,27,,0,,0,,,,,,,,,,,,,,,,,,,,,,,,19410629,1,MEM02,h,SNO,0,1,0,regular,,
MEM194106292,SNO,,,,,,,,,,,,,,,,,,,,,,,,,,,,,,mitcg101,value,,,8,,,,,,,,,,,,,,,,,21,,,,,,,2,,,,,,,,,,,,,21,,0,,0,,,,,,,,,,,,,,mcalf101,,,,,,,,,,19410629,2,MEM02,v,MEM,1,0,0,regular,,
MEM194106292,MEM,,,,,,,,,,,,,,,,,,,,,,,,,,,,,,radct101,value,,,2,,,,,,,,,,,,,,,,,21,,,,,,,8,,,,,,,,,,,,,21,,0,,0,,,,,,,,,,,,,,,,,,,,,,,,19410629,2,MEM02,h,SNO,0,1,0,regular,,
MEM194107041,SNO,0,0,0,0,0,0,0,0,4,,,,,,,,,,,,,,,,,,,,-31,mitcg101,value,4,4,8,8,,,,,,,,,,,,,,,,24,,,19,,,1,20,,,,,,,,,,,,,24,,3,,0,,,,,,,,,,,,,,blacc103,smitb114,,,,,,,,,19410704,1,MEM02,v,MEM,0,1,0,regular,,
MEM194107041,MEM,0,3,1,8,4,3,0,1,,,,,,,,,,,,,,,,,,,,,,radct101,value,,,20,19,,,1,,,,,,,,,,,,,27,,4,8,,,,4,,,,,,,,,,,,,27,,0,,0,,,,,,,,,,,,,,radct101,browl107,,,,,,,,,19410704,1,MEM02,h,SNO,1,0,0,regular,,
MEM194107042,SNO,0,1,0,0,0,0,0,,,,,,,,,,,,,,,,,,,,,,,mitcg101,value,,,1,3,,,,,,,,,,,,,,,,18,,,9,,,,5,,,,,,,,,,,,,18,,0,,0,,,,,,,,,,,,,,mcalf101,taylr102,,,,,,,,,19410704,2,MEM02,v,MEM,0,1,0,regular,,
MEM194107042,MEM,0,4,0,1,0,0,,,,,,,,,,,,,,,,,,,,,,,,radct101,value,,,5,9,,,,,,,,,,,,,,,,21,,,3,,,,1,,,,,,,,,,,,,21,,0,,0,,,,,,,,,,,,,,evanf101,byass101,,,,,,,,,19410704,2,MEM02,h,SNO,1,0,0,regular,,
MEM194107061,JAX,0,0,0,0,0,0,0,0,0,,,,,,,,,,,,,,,,,,,,,mitca102,value,,,0,1,,,,0,,,,2,,7,,,,,,24,,,8,,1,,2,,,,,1,,,,,,,,24,,3,,0,,,,,,,,,,,,,,henrp101,barnh102,,,,,,,,,19410706,1,MEM02,v,MEM,0,1,0,regular,,
MEM194107061,MEM,1,0,0,0,0,0,0,1,,,,,,,,,,,,,,,,,,,,,10,radct101,value,,,2,8,,1,,2,,,1,,,,1,,,,,27,,,1,,,,0,0,2,,7,,,,,,,,,27,,0,,0,,,,,cartm101,hydec101,mathv101,,,,,,,mossp101,browl107,,,,,,,,,19410706,1,MEM02,h,JAX,1,0,0,regular,,
MEM194107062,JAX,0,0,2,0,1,0,0,,,,,,,,,,,,,,,,,,,,,,,mitca102,value,,,3,5,,,,,,,,1,,,2,,,,,21,,,7,,,1,2,,,,1,,,,,,,,,21,,3,,0,,,,,,,,,,,,,,ellis102,barnh102,,,,,,,,,19410706,2,MEM02,v,MEM,1,0,0,regular,,
MEM194107062,MEM,1,0,0,0,0,0,1,,,,,,,,,,,,,,,,,,,,,,,radct101,value,,,2,7,,,1,1,,,,,,1,,,,,,21,,,5,,,,3,,1,,,,,,,,,,,21,,2,,0,,,,,hydec101,,,,,,,,,hutcw101,byass101,,,,,,,,,19410706,2,MEM02,h,JAX,0,1,0,regular,,
PH5194107121,MEM,0,1,1,1,3,0,1,0,0,,,,,,,,,,,,,,,,,,,,8,radct101,value,42,41,7,13,0,0,0,,0,0,0,1,0,,0,,,0,,27,,35,8,0,0,0,0,0,0,0,,0,0,0,0,,0,,0,27,10,0,0,0,0,0,0,,hydec101,cartm101,robin101,rogen101,byass101,taylj106,longr102,browt105,keyer101,keyer101,byass101,taylj106,cartm101,longr102,browt105,rogen101,robin101,hydec101,,19410712,1,PHI17,v,PH5,1,0,0,exhibition,y,
PH5194107121,PH5,0,0,0,0,0,0,0,0,0,,,,,,,,,,,,,,,,,,,,8,charo101,value,35,35,0,8,0,0,0,0,0,,0,0,0,,0,,,0,,27,,42,13,0,0,0,7,,1,0,,0,0,1,0,0,0,,0,27,10,3,0,0,0,0,0,,parnr102,campd103,hubej101,westj102,coopb101,owens102,jordl101,duckm101,walke103,walke103,hubej101,westj102,campd103,duckm101,jordl101,coopb101,owens102,parnr102,,19410712,1,PHI17,h,MEM,0,1,0,exhibition,y,
PH5194107122,MEM,0,2,0,0,0,0,2,,,,,,,,,,,,,,,,,,,,,,4,radct101,value,29,28,4,6,0,0,0,,0,0,0,1,0,,0,,,0,,21,,26,5,0,0,0,3,,,0,,0,0,0,0,0,0,,0,21,5,0,0,0,0,0,0,,hydec101,cartm101,robin101,rogen101,browl107,taylj106,longr102,browt105,mossp101,mossp101,browl107,taylj106,cartm101,longr102,browt105,rogen101,robin101,hydec101,,19410712,2,PHI17,v,PH5,1,0,0,exhibition,y,
PH5194107122,PH5,0,0,2,0,1,0,0,,,,,,,,,,,,,,,,,,,,,,2,charo101,value,26,26,3,5,1,1,0,,0,0,0,,0,,0,,,0,,21,,29,6,0,0,0,4,,1,0,,0,0,0,0,0,0,,0,21,,2,0,0,0,0,0,,parnr102,campd103,hubej101,westj102,coopb101,owens102,jordl101,duckm101,walke103,walke103,coopb101,westj102,campd103,duckm101,jordl101,coopb101,owens102,parnr102,,19410712,2,PHI17,h,MEM,0,1,0,exhibition,y,
BLG194107140,MEM,0,0,0,0,0,0,0,0,2,,,,,,,,,,,,,,,,,,,,,radct101,value,,,2,2,,,,,,,,,,7,,,,,,24,,,4,,,,3,,3,,3,,,,,,,,,24,,0,,0,,,,,,,,,,,,,,evanf101,,,,,,,,,,19410714,0,BAL14,v,BLG,0,1,0,exhibition,,
BLG194107140,BLG,3,0,0,0,0,0,0,0,,,,,,,,,,,,,,,,,,,,,,snowf101,value,,,3,4,,,,,,,,3,,3,,,,,,27,,,2,,,,2,,,,7,,,,,,,,,27,,2,,0,,,,,,,,,,,,,,byrdb101,,,,,,,,,,19410714,0,BAL14,h,MEM,1,0,0,exhibition,,
BLG194107160,MEM,,,,,,,,,,,,,,,,,,,,,,,,,,,,,,radct101,value,,,6,,,,,,,,,,,,,,,,,27,,,,,,,0,0,,,,,,,,,,,,27,,0,,0,,,,,,,,,,,,,,,,,,,,,,,,19410716,0,BEL03,v,BLG,1,0,0,exhibition,,
BLG194107160,BLG,0,0,0,0,0,0,0,0,0,,,,,,,,,,,,,,,,,,,,,snowf101,value,,,0,,,,,0,,,,,,,,,,,,27,,,,,,,6,,,,,,,,,,,,,27,,0,,0,,,,,,,,,,,,,,,,,,,,,,,,19410716,0,BEL03,h,MEM,0,1,0,exhibition,,
NW2194107170,MEM,,,,,,,,,,,,,,,,,,,,,,,,,,,,,,radct101,value,,,3,,,,,,,,,,,,,,,,,27,,,,,,,1,,,,,,,,,,,,,27,,0,,0,,,,,,,,,,,,,,,,,,,,,,,,19410717,0,BEL02,v,NW2,1,0,0,exhibition,,
NW2194107170,NW2,,,,,,,,,,,,,,,,,,,,,,,,,,,,,,mackb102,value,,,1,,,,,,,,,,,,,,,,,27,,,,,,,3,,,,,,,,,,,,,27,,0,,0,,,,,,,,,,,,,,,,,,,,,,,,19410717,0,BEL02,h,MEM,0,1,0,exhibition,,
CAG194107203,MEM,1,1,0,0,2,0,1,1,0,,,,,,,,,,,,,,,,,,,,,radct101,value,,,6,9,,,,,,,,,,,,,,,,24,,,15,1,,3,12,,,,,,,,,,,,,24,,2,,0,,,,,,,,,,,,,,radct101,byass101,,,,,,,,,19410720,3,DAY03,v,CAG,0,1,0,exhibition,,
CAG194107203,CAG,1,0,2,4,0,3,2,0,,,,,,,,,,,,,,,,,,,,,,taylj105,value,,,12,15,1,,3,,,,,,,,,,,,,27,,,9,,,,6,,,,,,,,,,,,,27,,1,,0,,,,,,,,,,,,,,ferrw102,boono101,,,,,,,,,19410720,3,DAY03,h,MEM,1,0,0,exhibition,,
SNO194107202,MEM,1,0,1,0,0,0,1,1,2,,,,,,,,,,,,,,,,,,,,9,radct101,value,42,38,6,11,2,3,0,,0,,1,3,,4,2,,,0,,27,,31,4,1,0,0,1,,1,,5,0,0,0,0,,0,,0,27,15,1,0,0,0,0,0,,hydec101,cartm101,robin101,rogen101,browl107,taylj106,browt105,bankf101,mathv101,mathv101,browl107,taylj106,cartm101,bankf101,browt105,rogen101,robin101,hydec101,,19410720,2,CIN07,v,SNO,1,0,0,regular,y,
SNO194107202,SNO,0,0,0,0,0,0,1,0,0,,,,,,,,,,,,,,,,,,,,3,mitcg101,value,31,30,1,4,1,0,0,,0,,0,1,,5,0,,,0,,27,,42,11,2,3,0,6,,3,,4,1,0,0,0,,2,,0,27,12,1,0,0,0,0,2,,warrj101,lylej102,armob101,fordj101,brutj101,wilsd103,bennb101,smitb114,smite111,smite111,smitb114,brutj101,fordj101,warrj101,lylej102,wilsd103,armob101,bennb101,,19410720,2,CIN07,h,MEM,0,1,0,regular,y,
KCM194107250,MEM,0,0,0,0,2,0,0,0,0,,,,,,,,,,,,,,,,,,,,11,radct101,value,40,35,2,9,0,1,0,2,0,,1,4,,15,1,,,0,,24,,42,12,3,1,0,12,,4,,5,0,2,0,1,,2,,2,24,13,2,1,0,2,2,2,,hydec101,bankf101,cartm101,rogen101,byass101,longr102,browt105,evanf101,keyer101,keyer101,byass101,longr102,cartm101,bankf101,browt105,evanf101,hydec101,rogen101,,19410725,0,CAN03,v,KCM,0,1,0,regular,y,
KCM194107250,KCM,5,0,1,1,0,5,0,0,,,,,,,,,,,,,,,,,,,,,6,allen102,value,42,37,12,12,3,1,0,10,1,,0,4,,5,2,,,0,,27,,40,9,0,1,0,2,2,4,,15,1,1,0,0,,1,,2,27,5,3,1,0,2,1,1,,simmw101,oneib801,bibbr101,broww101,greej108,smitf107,willj111,bradf104,johnc103,johnc103,greej108,oneib801,bibbr101,broww101,willj111,smitf107,simmw101,bradf104,,19410725,0,CAN03,h,MEM,1,0,0,regular,y,
BIR194107271,MEM,,,,,,,,,,,,5,,,,,,,,,,,,,,,,,,radct101,value,,,9,,,,,,,,,,,,,,,,,36,,,,,,,4,,,,,,,,,,,,,36,,0,,0,,,,,,,,,,,,,,mossp101,,,,,,,,,,19410727,1,BIR01,v,BIR,1,0,0,exhibition,,
BIR194107271,BIR,,,,,,,,,,,,0,,,,,,,,,,,,,,,,,,welcw101,value,,,4,,,,,,,,,,,,,,,,,36,,,,,,,9,,,,,,,,,,,,,36,,0,,0,,,,,,,,,,,,,,gipsa101,,,,,,,,,,19410727,1,BIR01,h,MEM,0,1,0,exhibition,,
BIR194107272,MEM,,,,,,,,,,,,,,,,,,,,,,,,,,,,,,radct101,value,,,1,,,,,,,,,,,,,,,,,15,,,,,,,3,,,,,,,,,,,,,15,,0,,0,,,,,,,,,,,,,,,,,,,,,,,,19410727,2,BIR01,v,BIR,0,1,0,exhibition,,
BIR194107272,BIR,,,,,,,,,,,,,,,,,,,,,,,,,,,,,,welcw101,value,,,3,,,,,,,,,,,,,,,,,15,,,,,,,1,,,,,,,,,,,,,15,,0,,0,,,,,,,,,,,,,,,,,,,,,,,,19410727,2,BIR01,h,MEM,1,0,0,exhibition,,
BIR194107280,MEM,,,,,,,,,,,,,,,,,,,,,,,,,,,,,,radct101,value,,,12,,,,,,,,,,,,,,,,,27,,,,,,,4,,,,,,,,,,,,,27,,0,,0,,,,,,,,,,,,,,,,,,,,,,,,19410728,0,GAD01,v,BIR,1,0,0,exhibition,,
BIR194107280,BIR,,,,,,,,,,,,,,,,,,,,,,,,,,,,,,welcw101,value,,,4,,,,,,,,,,,,,,,,,27,,,,,,,12,,,,,,,,,,,,,27,,0,,0,,,,,,,,,,,,,,,,,,,,,,,,19410728,0,GAD01,h,MEM,0,1,0,exhibition,,
BIR194107291,MEM,,,,,,,,,,,,,,,,,,,,,,,,,,,,,,radct101,value,,,3,,,,,,,,,,,,,,,,,24,,,,,,,4,,,,,,,,,,,,,24,,0,,0,,,,,,,,,,,,,,,,,,,,,,,,19410729,1,ANN01,v,BIR,0,1,0,exhibition,,
BIR194107291,BIR,,,,,,,,,,,,,,,,,,,,,,,,,,,,,,welcw101,value,,,4,,,,,,,,,,,,,,,,,27,,,,,,,3,,,,,,,,,,,,,27,,0,,0,,,,,,,,,,,,,,,,,,,,,,,,19410729,1,ANN01,h,MEM,1,0,0,exhibition,,
BIR194107292,MEM,,,,,,,,,,,,,,,,,,,,,,,,,,,,,,radct101,value,,,2,4,,1,,1,,,,,,1,4,,,,,24,,,11,3,2,,7,,,,,,,1,,,,,1,24,,0,,0,1,,,,,,,,,,,,,evanf101,,,,,,,,,,19410729,2,BIR01,v,BIR,0,1,0,regular,,
BIR194107292,BIR,2,0,0,2,2,0,1,0,,,,,,,,,,,,,,,,,,,,,,welcw101,value,,,7,11,3,2,,7,,,,,,,,,,,,27,,,4,,1,,2,,,,1,,,,,,,,,27,,0,,0,,,,,,,,,,,,,,bankd101,,,,,,,,,,19410729,2,BIR01,h,MEM,1,0,0,regular,,
MEM194108031,BIR,1,0,2,0,0,0,0,0,1,,,,,,,,,,,,,,,,,,,,5,welcw101,value,36,34,4,10,3,0,0,,1,,0,1,,9,1,,,0,,24,,38,9,0,0,0,5,,6,0,2,0,0,0,1,0,2,,0,24,11,2,2,0,0,0,2,,welcw101,lockl101,walkh103,bostl102,sampe101,dougj102,sayla101,hardp102,bankd101,bankd101,hardp102,sayla101,dougj102,lockl101,walkh103,welcw101,bostl102,sampe101,,19410803,1,MEM02,v,MEM,0,1,0,regular,y,
MEM194108031,MEM,0,0,0,0,0,4,0,1,,,,,,,,,,,,,,,,,,,,,9,radct101,value,38,31,5,9,4,1,0,,1,0,0,6,0,2,2,,,0,,27,,36,10,3,0,0,4,,1,,9,0,0,0,1,,1,,0,27,9,0,1,0,0,0,1,,hydec101,cartm101,robin101,rogen101,byass101,taylj106,browt105,bankf101,mossp101,mossp101,byass101,taylj106,cartm101,bankf101,browt105,rogen101,robin101,hydec101,,19410803,1,MEM02,h,BIR,1,0,0,regular,y,
MEM194108032,BIR,0,0,0,0,0,0,0,1,,,,,,,,,,,,,,,,,,,,,,welcw101,value,,,1,6,,,1,1,,,,,,,,,,,,27,,,3,,,,0,0,,,,,,,,,,,,24,,2,,0,,,,,,,,,,,,,,mckig101,hardp102,,,,,,,,,19410803,2,MEM02,v,MEM,1,0,0,regular,,
MEM194108032,MEM,0,0,0,0,0,0,0,0,,,,,,,,,,,,,,,,,,,,,,radct101,value,,,0,3,,,,0,,,,,,,,,,,,24,,,6,,,1,1,,,,,,,,,,,,,24,,2,,0,,,,,,,,,,,,,,evanf101,browl107,,,,,,,,,19410803,2,MEM02,h,BIR,0,1,0,regular,,
HOM194108080,MEM,0,3,0,0,0,0,1,0,1,,,,,,,,,,,,,,,,,,,,4,radct101,value,36,34,5,12,3,0,0,5,1,,0,1,,1,1,,,0,,27,,36,7,2,0,1,2,1,1,,7,0,0,0,0,,0,,0,27,13,3,1,0,0,0,0,,cartm101,browt105,davel102,rogen101,robin101,taylj106,browl107,bankf101,mathv101,mathv101,browl107,taylj106,cartm101,bankf101,browt105,davel102,robin101,rogen101,,19410808,0,ALT02,v,HOM,1,0,0,exhibition,y,
HOM194108080,HOM,1,0,0,1,0,0,0,0,0,,,,,,,,,,,,,,,,,,,,7,harrv102,value,36,35,2,7,2,0,1,2,0,,0,1,,7,0,,,0,,27,,36,12,3,0,0,5,4,1,,1,0,0,0,1,,1,,1,27,15,2,2,0,1,0,1,,whatd101,willc106,easth104,leonb101,benjj101,harrv102,carlm101,gastr101,hamij104,hamij104,gastr101,leonb101,carlm101,easth104,willc106,harrv102,benjj101,whatd101,,19410808,0,ALT02,h,MEM,0,1,0,exhibition,y,
NY6194108101,MEM,0,0,0,0,1,1,0,0,2,,,,,,,,,,,,,,,,,,,,4,radct101,value,35,31,4,6,1,1,0,4,1,,0,3,,4,1,,,0,,24,,41,16,0,0,0,7,6,2,0,2,0,0,0,4,0,0,,0,24,,1,0,0,0,0,0,,cartm101,browt105,davel102,rogen101,robin101,taylj106,browl107,bankf101,mossp101,mossp101,browl107,taylj106,cartm101,bankf101,browt105,davel102,robin101,rogen101,,19410810,1,NYC16,v,NY6,0,1,0,exhibition,y,
NY6194108101,NY6,1,0,0,2,0,2,2,0,,,,,,,,,,,,,,,,,,,,,10,fernj101,value,41,35,7,16,1,1,0,6,4,0,0,2,0,2,0,,,0,,27,,35,6,1,1,0,4,4,3,,4,0,0,0,1,,1,,0,27,,0,2,0,0,0,1,,herna101,herer101,carrc107,vargt101,coimp101,blanc105,martr105,colac101,barnd101,barnd101,colac101,blanc105,herer101,carrc107,martr105,coimp101,vargt101,herna101,,19410810,1,NYC16,h,MEM,1,0,0,exhibition,y,
PH5194108120,MEM,0,1,0,3,0,0,0,0,0,,,,,,,,,,,,,,,,,,,,6,radct101,value,37,35,4,9,2,0,0,4,0,2,0,2,,5,0,,,0,,27,,38,7,1,0,0,1,1,3,,14,0,1,0,0,,1,,1,27,8,0,0,0,1,1,1,,cartm101,browt105,mathv101,rogen101,byass101,taylj106,robin101,bankf101,hutcw101,hutcw101,byass101,taylj106,cartm101,bankf101,browt105,mathv101,robin101,rogen101,,19410812,0,HRB01,v,PH5,1,0,0,exhibition,y,
PH5194108120,PH5,0,0,0,0,1,0,0,0,0,,,,,,,,,,,,,,,,,,,,10,charo101,value,38,35,1,7,1,0,0,1,0,,0,3,,14,1,,,0,,27,,39,9,2,0,0,4,3,2,,5,0,0,0,0,2,0,,0,27,15,4,1,0,0,0,0,,coopb101,jordl101,hubej101,parnr102,charo101,owens102,shelh102,duckm101,buchc101,buchc101,hubej101,charo101,jordl101,coopb101,duckm101,shelh102,owens102,parnr102,,19410812,0,HRB01,h,MEM,0,1,0,exhibition,y,
SNO194108171,MEM,0,0,0,2,0,1,0,0,0,,,,,,,,,,,,,,,,,,,,,radct101,value,,,3,10,,,,,,,,,,,,,,,,25,,,11,1,,,4,,1,1,,,,,,,,,,25,,1,,0,,,,,,,,,,,,,,hutcw101,byass101,,,,,,,,,19410817,1,CLE06,v,SNO,0,1,0,regular,,
SNO194108171,SNO,1,0,0,1,0,0,0,1,1,,,,,,,,,,,,,,,,,,,,,mitcg101,value,,,4,11,1,,,,,,,1,1,,,,,,,27,,,10,,,,3,,,,,,,,,,,,,27,,4,2,0,,,,,warrj101,lylej102,armob101,maywe101,,,,,mcalf101,mcalf101,taylr102,,,,,,,,,19410817,1,CLE06,h,MEM,1,0,0,regular,,
SNO194108172,MEM,0,0,0,0,1,0,0,,,,,,,,,,,,,,,,,,,,,,,radct101,value,,,1,4,,,,,,,,,,7,,,,,,18,,,10,,1,1,4,,,,,,,,,,,,,18,,2,,0,,,,,,,,,,,,,,mathv101,browl107,,,,,,,,,19410817,2,CLE06,v,SNO,0,1,0,regular,,
SNO194108172,SNO,1,0,1,2,0,0,,,,,,,,,,,,,,,,,,,,,,,,mitcg101,value,,,4,10,,1,1,,,,,,,,,,,,,21,,,4,,,,1,0,,,7,,,,,,,,,21,,3,,0,,,,,,lylej102,,,,,,,,calhl101,taylr102,,,,,,,,,19410817,2,CLE06,h,MEM,1,0,0,regular,,
MEM194108260,NY6,,,,,,,,,,,,,,,,,,,,,,,,,,,,,,fernj101,value,,,1,,,,,,,,,,,,,,,,,24,,,,,,,6,,,,,,,,,,,,,24,,0,,0,,,,,,,,,,,,,,,,,,,,,,,,19410826,0,PER01,v,MEM,0,1,0,exhibition,,
MEM194108260,MEM,,,,,,,,,,,,,,,,,,,,,,,,,,,,,,radct101,value,,,6,,,,,,,,,,,,,,,,,27,,,,,,,1,,,,,,,,,,,,,27,,0,,0,,,,,,,,,,,,,,,,,,,,,,,,19410826,0,PER01,h,NY6,1,0,0,exhibition,,
MEM194108290,KCM,0,0,0,0,0,0,0,5,1,,,,,,,,,,,,,,,,,,,,,allen102,value,,,6,,,,,,,,,,,,,,,,,27,,,2,1,1,,2,,,,,,,,,,,,,27,,0,,0,,,,,,,,,,,,,,,,,,,,,,,,19410829,0,TOL05,v,MEM,1,0,0,regular,,
MEM194108290,MEM,,,,,,,,,,,,,,,,,,,,,,,,,,,,,,radct101,value,,,2,2,1,1,,,,,,,,,,,,,,27,,,,,,,6,,,,,,,,,,,,,27,,0,,0,,,,,,,,,,,,,,,,,,,,,,,,19410829,0,TOL05,h,KCM,0,1,0,regular,,
MEM194109011,NY6,,,,,,,,,,,,,,,,,,,,,,,,,,,,,,fernj101,value,,,2,,,,,,,,,,,,,,,,,24,,,,,,,8,,,,,,,,,,,,,24,,0,,0,,,,,,,,,,,,,,,,,,,,,,,,19410901,1,MEM02,v,MEM,0,1,0,exhibition,,
MEM194109011,MEM,,,,,,,,,,,,,,,,,,,,,,,,,,,,,,radct101,value,,,8,,,,,,,,,,,,,,,,,27,,,,,,,2,,,,,,,,,,,,,27,,0,,0,,,,,,,,,,,,,,,,,,,,,,,,19410901,1,MEM02,h,NY6,1,0,0,exhibition,,
MEM194109012,NY6,,,,,,,,,,,,,,,,,,,,,,,,,,,,,,fernj101,value,,,4,,,,,,,,,,,,,,,,,21,,,,,,,4,,,,,,,,,,,,,21,,0,,0,,,,,,,,,,,,,,,,,,,,,,,,19410901,2,MEM02,v,MEM,0,0,1,exhibition,,
MEM194109012,MEM,,,,,,,,,,,,,,,,,,,,,,,,,,,,,,radct101,value,,,4,,,,,,,,,,,,,,,,,21,,,,,,,4,,,,,,,,,,,,,21,,0,,0,,,,,,,,,,,,,,,,,,,,,,,,19410901,2,MEM02,h,NY6,0,0,1,exhibition,,
MEM194109020,BIR,,,,,,,,,,,,,,,,,,,,,,,,,,,,,,welcw101,value,,,1,,,,,,,,,,,,,,,,,24,,,,,,,11,,,,,,,,,,,,,24,,0,,0,,,,,,,,,,,,,,,,,,,,,,,,19410902,0,MEM03,v,MEM,0,1,0,exhibition,,
MEM194109020,MEM,,,,,,,,,,,,,,,,,,,,,,,,,,,,,,radct101,value,,,11,,,,,,,,,,,,,,,,,27,,,,,,,1,,,,,,,,,,,,,27,,0,,0,,,,,,,,,,,,,,,,,,,,,,,,19410902,0,MEM03,h,BIR,1,0,0,exhibition,,
MEM194109071,CAG,,,,,,,,,,,,,,,,,,,,,,,,,,,,,,taylj105,value,,,6,,,,,,,,,,,,,,,,,24,,,,,,,12,,,,,,,,,,,,,24,,0,,0,,,,,,,,,,,,,,,,,,,,,,,,19410907,1,MEM02,v,MEM,0,1,0,exhibition,,
MEM194109071,MEM,,,,,,,,,,,,,,,,,,,,,,,,,,,,,,radct101,value,,,12,,,,,,,,,,,,,,,,,27,,,,,,,6,,,,,,,,,,,,,27,,0,,0,,,,,,,,,,,,,,,,,,,,,,,,19410907,1,MEM02,h,CAG,1,0,0,exhibition,,
MEM194109072,CAG,,,,,,,,,,,,,,,,,,,,,,,,,,,,,,taylj105,value,,,0,,,,,0,,,,,,,,,,,,18,,,,,,,4,,,,,,,,,,,,,18,,0,,0,,,,,,,,,,,,,,,,,,,,,,,,19410907,2,MEM02,v,MEM,0,1,0,exhibition,,
MEM194109072,MEM,,,,,,,,,,,,,,,,,,,,,,,,,,,,,,radct101,value,,,4,,,,,,,,,,,,,,,,,21,,,,,,,0,0,,,,,,,,,,,,21,,0,,0,,,,,,,,,,,,,,,,,,,,,,,,19410907,2,MEM02,h,CAG,1,0,0,exhibition,,
MEM194109080,CAG,,,,,,,,,,,,,,,,,,,,,,,,,,,,,,taylj105,value,,,7,,,,,,,,,,,,,,,,,27,,,,,,,6,,,,,,,,,,,,,27,,0,,0,,,,,,,,,,,,,,,,,,,,,,,,19410908,0,MEM02,v,MEM,1,0,0,exhibition,,
MEM194109080,MEM,,,,,,,,,,,,,,,,,,,,,,,,,,,,,,radct101,value,,,6,,,,,,,,,,,,,,,,,27,,,,,,,7,,,,,,,,,,,,,27,,0,,0,,,,,,,,,,,,,,,,,,,,,,,,19410908,0,MEM02,h,CAG,0,1,0,exhibition,,
MEM194109101,CAG,1,0,0,0,0,0,0,0,0,,,,,,,,,,,,,,,,,,,,,taylj105,value,,,1,4,,,,,,,,,,,,,,,,27,,,5,,,,1,,,,,,,,,,,,,27,,0,,0,,,,,,,,,,,,,,jessg101,bassp101,,,,,,,,,19410910,1,LRK02,v,MEM,0,0,1,exhibition,,
MEM194109101,MEM,0,0,0,0,0,1,0,0,0,,,,,,,,,,,,,,,,,,,,,radct101,value,,,1,5,,,,,,,,,,,,,,,,27,,,4,,,,1,,,,,,,,,,,,,27,,0,,0,,,,,,,,,,,,,,hutcw101,,,,,,,,,,19410910,1,LRK02,h,CAG,0,0,1,exhibition,,
MEM194109102,CAG,,,,,,,,,,,,,,,,,,,,,,,,,,,,,,taylj105,value,,,3,,,,,,,,,,,,,,,,,21,,,,,,,5,,,,,,,,,,,,,21,,0,,0,,,,,,,,,,,,,,cornw101,bassp101,,,,,,,,,19410910,2,LRK02,v,MEM,0,1,0,exhibition,,
MEM194109102,MEM,4,,,,,,,,,,,,,,,,,,,,,,,,,,,,,radct101,value,,,5,,,,,,,,,,,,,,,,,21,,,,,,,3,,,,,,,,,,,,,21,,0,,0,,,,,,,,,,,,,,keyer101,,,,,,,,,,19410910,2,LRK02,h,CAG,1,0,0,exhibition,,
MEM194109141,NY5,2,0,0,2,0,0,1,0,0,0,0,,,,,,,,,,,,,,,,,,,burnt102,value,,,5,14,,,,,,,,,,,,,,,,30,,,7,,,,6,,1,,,,,,,,,,,30,,1,,0,,,,,,,,,,,,,,fillj101,coopb101,,,,,,,,,19410914,1,LRK02,v,MEM,0,1,0,exhibition,,
MEM194109141,MEM,0,0,0,2,1,0,0,0,2,0,1,,,,,,,,,,,,,,,,,,,radct101,value,,,6,7,,,,,,,,1,,,,,,,,33,,,14,,,,5,,,,,,,,,,,,,33,,0,,0,,,,,,,,,,,,,,evanf101,browl107,,,,,,,,,19410914,1,LRK02,h,NY5,1,0,0,exhibition,,
MEM194109142,NY5,2,0,0,0,0,,,,,,,,,,,,,,,,,,,,,,,,,burnt102,value,,,2,4,,,,,,,,,,,,,,,,15,,,2,,,,1,,,,,,,,,,,,,15,,0,,0,,,,,,,,,,,,,,stann101,coopb101,,,,,,,,,19410914,2,LRK02,v,MEM,1,0,0,exhibition,,
MEM194109142,MEM,0,1,0,0,0,,,,,,,,,,,,,,,,,,,,,,,,,radct101,value,,,1,2,,,,,,,,,,,,,,,,15,,,4,,,,2,,,,,,,,,,,,,15,,0,,0,,,,,,,,,,,,,,mossp101,browl107,,,,,,,,,19410914,2,LRK02,h,NY5,0,1,0,exhibition,,
MEM194109150,NY5,0,0,0,0,0,0,0,1,0,,,,,,,,,,,,,,,,,,,,,burnt102,value,,,1,5,,,,,,,,0,,,,,,,,24,,,10,,,,8,,,,,,,,,,,,,24,,3,,0,,,,,,,,,,,,,,evanb105,coopb101,,,,,,,,,19410915,0,LRK02,v,MEM,0,1,0,exhibition,,
MEM194109150,MEM,0,0,3,2,0,3,0,0,,,,,,,,,,,,,,,,,,,,,,radct101,value,,,8,10,,,,,,,,,,,,,,,,27,,,5,,,,1,,0,,,,,,,,,,,27,,1,,0,,,,,,,,,,,,,,radct101,longr102,,,,,,,,,19410915,0,LRK02,h,NY5,1,0,0,exhibition,,
MEM194109180,NY5,0,0,0,0,0,0,0,0,0,,,,,,,,,,,,,,,,,,,,,burnt102,value,,,0,1,,,,0,,,,,,11,,,,,,24,,,4,,,,2,0,,,,,,,,,,,1,24,,1,,0,1,,,,,,,,,,,,,stann101,coopb101,,,,,,,,,19410918,0,OKC02,v,MEM,0,1,0,exhibition,,
MEM194109180,MEM,1,0,0,0,0,0,1,0,,,,,,,,,,,,,,,,,,,,,,radct101,value,,,2,4,,,,1,,,,,,,,,,,,27,,,1,,,,0,0,,,11,,,,,,,,,27,,1,,0,,,,,,,,,,,,,,mossp101,browl107,,,,,,,,,19410918,0,OKC02,h,NY5,1,0,0,exhibition,,
