gid,team,inn1,inn2,inn3,inn4,inn5,inn6,inn7,inn8,inn9,inn10,inn11,inn12,inn13,inn14,inn15,inn16,inn17,inn18,inn19,inn20,inn21,inn22,inn23,inn24,inn25,inn26,inn27,inn28,lob,mgr,stattype,b_pa,b_ab,b_r,b_h,b_d,b_t,b_hr,b_rbi,b_sh,b_sf,b_hbp,b_w,b_iw,b_k,b_sb,b_cs,b_gdp,b_xi,b_roe,p_ipouts,p_noout,p_bfp,p_h,p_d,p_t,p_hr,p_r,p_er,p_w,p_iw,p_k,p_hbp,p_wp,p_bk,p_sh,p_sf,p_sb,p_cs,p_pb,d_po,d_a,d_e,d_dp,d_tp,d_pb,d_wp,d_sb,d_cs,start_l1,start_l2,start_l3,start_l4,start_l5,start_l6,start_l7,start_l8,start_l9,start_f1,start_f2,start_f3,start_f4,start_f5,start_f6,start_f7,start_f8,start_f9,start_f10,date,number,site,vishome,opp,win,loss,tie,gametype,box,pbp
CAG194306290,BIR,1,1,0,0,2,1,2,1,0,,,,,,,,,,,,,,,,,,,,9,welcw101,value,44,42,8,9,1,0,0,,0,,0,2,,,0,,,0,,27,,39,8,2,0,0,2,,2,,,0,0,0,0,,0,,0,27,10,4,1,0,0,0,0,,mclaf102,speac103,sampt101,lockl101,davip102,walkh103,sayla101,hardp102,hubej101,hubej101,hardp102,sayla101,sampt101,walkh103,davip102,lockl101,mclaf102,speac103,,19430629,0,KEW01,v,CAG,1,0,0,regular,y,
CAG194306290,CAG,0,0,0,0,0,0,0,2,0,,,,,,,,,,,,,,,,,,,,10,radct101,value,39,37,2,8,2,0,0,,0,,0,2,,,0,,,0,,27,,44,9,1,0,0,8,,2,,,0,1,0,0,,0,,1,27,14,8,0,0,1,1,0,,ferrw102,davel102,smitj112,radca101,penna101,radct101,bissj101,charb102,suttl101,suttl101,radct101,charb102,bissj101,radca101,penna101,smitj112,davel102,ferrw102,,19430629,0,KEW01,h,BIR,0,1,0,regular,y,
MEM194307190,CI2,0,0,0,0,0,0,1,2,7,,,,,,,,,,,,,,,,,,,,6,wilsf104,value,43,40,10,13,2,1,1,8,0,0,0,3,0,0,0,1,1,0,2,27,0,44,10,0,0,0,8,6,7,0,0,0,0,0,0,0,0,1,0,27,0,2,0,0,0,0,0,1,smith113,sneas101,wilsf104,tatug101,lindl102,bassp101,haywb102,lamac101,henrp101,henrp101,bassp101,lindl102,sneas101,lamac101,smith113,wilsf104,tatug101,haywb102,,19430719,0,KEW01,v,MEM,1,0,0,regular,y,d
MEM194307190,MEM,0,0,0,0,0,4,0,3,1,,,,,,,,,,,,,,,,,,,,9,browl107,value,44,37,8,10,0,0,0,7,0,0,0,7,0,0,0,1,0,0,1,27,0,43,13,2,1,1,10,6,3,0,0,0,0,0,0,0,0,1,0,27,2,3,1,0,0,0,0,1,wilse104,bankf101,hydec101,longr102,rogen101,mathv101,canaj102,smitb114,keyer101,keyer101,smitb114,canaj102,hydec101,bankf101,longr102,wilse104,mathv101,rogen101,,19430719,0,KEW01,h,CI2,0,1,0,regular,y,d
BIR194308050,CI2,0,0,0,0,0,0,0,0,0,,,,,,,,,,,,,,,,,,,,1,wilsf104,value,28,28,0,2,0,0,0,0,0,0,0,0,0,8,0,0,0,0,0,24,0,34,9,1,0,0,6,6,1,0,3,0,0,0,0,0,2,0,0,24,11,2,0,0,0,0,2,0,britj104,sneas101,wilsf104,tatug101,haywb102,ray-j102,segrs101,lamac101,henrp101,henrp101,haywb102,tatug101,lamac101,britj104,sneas101,segrs101,ray-j102,wilsf104,,19430805,0,KEW01,v,BIR,0,1,0,regular,y,d
BIR194308050,BIR,0,0,0,3,0,3,0,0,,,,,,,,,,,,,,,,,,,,,4,welcw101,value,34,33,6,9,1,0,0,3,0,0,0,1,0,3,2,0,0,0,0,27,0,28,2,0,0,0,0,0,0,0,8,0,0,0,0,0,0,0,0,27,12,0,0,0,0,0,0,0,mornl101,dunna102,speac103,walkh103,davip102,sayla101,hardp102,bellh102,hubej101,hubej101,bellh102,sayla101,mornl101,walkh103,davip102,hardp102,dunna102,speac103,,19430805,0,KEW01,h,CI2,1,0,0,regular,y,d
