gid,id,team,b_lp,b_seq,stattype,b_pa,b_ab,b_r,b_h,b_d,b_t,b_hr,b_rbi,b_sh,b_sf,b_hbp,b_w,b_iw,b_k,b_sb,b_cs,b_gdp,b_xi,b_roe,dh,ph,pr,date,number,site,vishome,opp,win,loss,tie,gametype,box,pbp
PRG193010290,sweeb101,ASG,1,1,value,5,5,1,1,0,0,0,1,0,,0,0,,,0,,,,,,,,19301029,0,LOS02,v,PRG,1,0,0,exhibition,y,
PRG193010290,schaa101,ASG,1,2,value,0,0,0,0,0,0,0,0,0,,0,0,,,0,,,,,,,,19301029,0,LOS02,v,PRG,1,0,0,exhibition,y,
PRG193010290,odoul101,ASG,2,1,value,5,4,1,3,0,0,0,0,0,,0,1,,,0,,,,,,,,19301029,0,LOS02,v,PRG,1,0,0,exhibition,y,
PRG193010290,gehrc101,ASG,3,1,value,5,1,1,0,0,0,0,1,1,,0,3,,,0,,,,,,,,19301029,0,LOS02,v,PRG,1,0,0,exhibition,y,
PRG193010290,millb110,ASG,4,1,value,5,5,0,2,0,0,0,1,0,,0,0,,,0,,,,,,,,19301029,0,LOS02,v,PRG,1,0,0,exhibition,y,
PRG193010290,shira101,ASG,5,1,value,5,3,1,0,0,0,0,0,0,,0,2,,,0,,,,,,,,19301029,0,LOS02,v,PRG,1,0,0,exhibition,y,
PRG193010290,altrn101,ASG,5,2,value,0,0,0,0,0,0,0,0,0,,0,0,,,0,,,,,,,,19301029,0,LOS02,v,PRG,1,0,0,exhibition,y,
PRG193010290,kresr101,ASG,6,1,value,4,4,0,1,0,0,0,2,0,,0,0,,,0,,,,,,,,19301029,0,LOS02,v,PRG,1,0,0,exhibition,y,
PRG193010290,heilh101,ASG,7,1,value,4,4,0,0,0,0,0,0,0,,0,0,,,0,,,,,,,,19301029,0,LOS02,v,PRG,1,0,0,exhibition,y,
PRG193010290,schaw101,ASG,8,1,value,4,3,1,1,0,0,0,0,0,,0,1,,,0,,,,,,,,19301029,0,LOS02,v,PRG,1,0,0,exhibition,y,
PRG193010290,fitzf101,ASG,9,1,value,4,3,1,1,0,0,0,0,0,,0,1,,,0,,,,,,,,19301029,0,LOS02,v,PRG,1,0,0,exhibition,y,
PRG193010290,grovl101,ASG,9,2,value,0,0,0,0,0,0,0,0,0,,0,0,,,0,,,,,,,,19301029,0,LOS02,v,PRG,1,0,0,exhibition,y,
PRG193010290,harrv102,PRG,1,1,value,4,4,0,0,0,0,0,0,0,,0,0,,,0,,,,,,,,19301029,0,LOS02,h,ASG,0,1,0,exhibition,y,
PRG193010290,allen102,PRG,2,1,value,4,4,0,1,0,0,0,1,0,,0,0,,,0,,,,,,,,19301029,0,LOS02,h,ASG,0,1,0,exhibition,y,
PRG193010290,wilsj106,PRG,3,1,value,4,4,1,0,0,0,0,0,0,,0,0,,,0,,,,,,,,19301029,0,LOS02,h,ASG,0,1,0,exhibition,y,
PRG193010290,whitc103,PRG,4,1,value,4,3,1,1,0,1,0,1,0,,0,1,,,1,,,,,,,,19301029,0,LOS02,h,ASG,0,1,0,exhibition,y,
PRG193010290,suttm101,PRG,5,1,value,4,3,0,1,0,0,0,0,0,,0,1,,,0,,,,,,,,19301029,0,LOS02,h,ASG,0,1,0,exhibition,y,
PRG193010290,dixor101,PRG,6,1,value,4,4,0,0,0,0,0,0,0,,0,0,,,0,,,,,,,,19301029,0,LOS02,h,ASG,0,1,0,exhibition,y,
PRG193010290,wellw101,PRG,7,1,value,4,4,0,0,0,0,0,0,0,,0,0,,,0,,,,,,,,19301029,0,LOS02,h,ASG,0,1,0,exhibition,y,
PRG193010290,mackb102,PRG,8,1,value,3,3,1,1,0,0,0,0,0,,0,0,,,0,,,,,,,,19301029,0,LOS02,h,ASG,0,1,0,exhibition,y,
PRG193010290,britg103,PRG,9,1,value,1,1,0,0,0,0,0,0,0,,0,0,,,0,,,,,,,,19301029,0,LOS02,h,ASG,0,1,0,exhibition,y,
PRG193010290,fostw101,PRG,9,2,value,2,2,0,1,1,0,0,0,0,,0,0,,,0,,,,,,,,19301029,0,LOS02,h,ASG,0,1,0,exhibition,y,
PRG193011010,parka103,KLK,1,1,value,5,5,1,1,0,0,0,0,0,,0,0,,,0,,,,,,,,19301101,0,LOS02,v,PRG,1,0,0,exhibition,y,
PRG193011010,statj101,KLK,2,1,value,5,4,2,2,1,0,0,0,0,,0,1,,,1,,,,,,,,19301101,0,LOS02,v,PRG,1,0,0,exhibition,y,
PRG193011010,dursc101,KLK,3,1,value,5,4,0,1,0,0,0,0,1,,0,0,,,1,,,,,,,,19301101,0,LOS02,v,PRG,1,0,0,exhibition,y,
PRG193011010,bergw101,KLK,4,1,value,5,4,0,2,0,0,0,2,0,,0,1,,,0,,,,,,,,19301101,0,LOS02,v,PRG,1,0,0,exhibition,y,
PRG193011010,schuw101,KLK,5,1,value,5,3,0,0,0,0,0,0,0,,0,2,,,0,,,,,,,,19301101,0,LOS02,v,PRG,1,0,0,exhibition,y,
PRG193011010,hanef101,KLK,6,1,value,5,3,2,2,1,0,0,0,0,,0,2,,,0,,,,,,,,19301101,0,LOS02,v,PRG,1,0,0,exhibition,y,
PRG193011010,bassj102,KLK,7,1,value,5,4,0,1,0,0,0,0,0,,0,1,,,0,,,,,,,,19301101,0,LOS02,v,PRG,1,0,0,exhibition,y,
PRG193011010,rawlj101,KLK,8,1,value,5,3,0,0,0,0,0,2,2,,0,0,,,0,,,,,,,,19301101,0,LOS02,v,PRG,1,0,0,exhibition,y,
PRG193011010,ballw101,KLK,9,1,value,4,4,0,1,0,0,0,0,0,,0,0,,,0,,,,,,,,19301101,0,LOS02,v,PRG,1,0,0,exhibition,y,
PRG193011010,harrv102,PRG,1,1,value,5,5,1,1,0,0,0,0,0,,0,0,,,1,,,,,,,,19301101,0,LOS02,h,KLK,0,1,0,exhibition,y,
PRG193011010,allen102,PRG,2,1,value,5,4,0,0,0,0,0,1,1,,0,0,,,0,,,,,,,,19301101,0,LOS02,h,KLK,0,1,0,exhibition,y,
PRG193011010,wilsj106,PRG,3,1,value,4,3,0,0,0,0,0,0,0,,0,1,,,0,,,,,,,,19301101,0,LOS02,h,KLK,0,1,0,exhibition,y,
PRG193011010,whitc103,PRG,4,1,value,4,4,1,1,0,0,0,0,0,,0,0,,,0,,,,,,,,19301101,0,LOS02,h,KLK,0,1,0,exhibition,y,
PRG193011010,suttm101,PRG,5,1,value,4,4,0,2,2,0,0,1,0,,0,0,,,0,,,,,,,,19301101,0,LOS02,h,KLK,0,1,0,exhibition,y,
PRG193011010,dixor101,PRG,6,1,value,4,4,0,1,0,0,0,0,0,,0,0,,,0,,,,,,,,19301101,0,LOS02,h,KLK,0,1,0,exhibition,y,
PRG193011010,wellw101,PRG,7,1,value,4,4,0,0,0,0,0,0,0,,0,0,,,0,,,,,,,,19301101,0,LOS02,h,KLK,0,1,0,exhibition,y,
PRG193011010,mackb102,PRG,8,1,value,4,3,1,2,0,0,0,0,0,,0,1,,,0,,,,,,,,19301101,0,LOS02,h,KLK,0,1,0,exhibition,y,
PRG193011010,charp102,PRG,9,1,value,2,2,0,0,0,0,0,0,0,,0,0,,,0,,,,,,,,19301101,0,LOS02,h,KLK,0,1,0,exhibition,y,
PRG193011010,huntb106,PRG,9,2,value,1,1,0,0,0,0,0,0,0,,0,0,,,0,,,,,,,,19301101,0,LOS02,h,KLK,0,1,0,exhibition,y,
PRG193011010,pullo101,PRG,9,3,value,1,1,0,0,0,0,0,0,0,,0,0,,,0,,,,,,,,19301101,0,LOS02,h,KLK,0,1,0,exhibition,y,
PRG193011021,parka103,KLK,1,1,value,5,4,0,2,0,0,0,0,0,,0,1,,,0,,,,,,,,19301102,1,LOS02,v,PRG,0,1,0,exhibition,y,
PRG193011021,statj101,KLK,2,1,value,5,4,2,2,0,0,0,0,0,,0,1,,,0,,,,,,,,19301102,1,LOS02,v,PRG,0,1,0,exhibition,y,
PRG193011021,dursc101,KLK,3,1,value,4,4,0,1,0,0,0,0,0,,0,0,,,0,,,,,,,,19301102,1,LOS02,v,PRG,0,1,0,exhibition,y,
PRG193011021,bergw101,KLK,4,1,value,4,4,0,0,0,0,0,0,0,,0,0,,,0,,,,,,,,19301102,1,LOS02,v,PRG,0,1,0,exhibition,y,
PRG193011021,schuw101,KLK,5,1,value,4,2,0,1,0,0,0,1,0,,1,1,,,1,,,,,,,,19301102,1,LOS02,v,PRG,0,1,0,exhibition,y,
PRG193011021,hanef101,KLK,6,1,value,4,3,0,1,0,0,0,0,0,,1,0,,,0,,,,,,,,19301102,1,LOS02,v,PRG,0,1,0,exhibition,y,
PRG193011021,bassj102,KLK,7,1,value,4,3,0,0,0,0,0,0,0,,0,1,,,0,,,,,,,,19301102,1,LOS02,v,PRG,0,1,0,exhibition,y,
PRG193011021,rawlj101,KLK,8,1,value,4,4,0,1,0,0,0,0,0,,0,0,,,0,,,,,,,,19301102,1,LOS02,v,PRG,0,1,0,exhibition,y,
PRG193011021,shelf101,KLK,9,1,value,4,4,0,0,0,0,0,0,0,,0,0,,,0,,,,,,,,19301102,1,LOS02,v,PRG,0,1,0,exhibition,y,
PRG193011021,allen102,PRG,1,1,value,4,4,1,2,1,0,0,0,0,,0,0,,,1,,,,,,,,19301102,1,LOS02,h,KLK,1,0,0,exhibition,y,
PRG193011021,dixor101,PRG,2,1,value,4,4,0,1,0,0,0,2,0,,0,0,,,0,,,,,,,,19301102,1,LOS02,h,KLK,1,0,0,exhibition,y,
PRG193011021,whitc103,PRG,3,1,value,4,4,0,1,0,0,0,0,0,,0,0,,,0,,,,,,,,19301102,1,LOS02,h,KLK,1,0,0,exhibition,y,
PRG193011021,wellw101,PRG,4,1,value,4,4,0,0,0,0,0,0,0,,0,0,,,0,,,,,,,,19301102,1,LOS02,h,KLK,1,0,0,exhibition,y,
PRG193011021,wilsj106,PRG,5,1,value,4,2,1,0,0,0,0,0,0,,0,2,,,1,,,,,,,,19301102,1,LOS02,h,KLK,1,0,0,exhibition,y,
PRG193011021,suttm101,PRG,6,1,value,4,3,0,1,0,0,0,0,1,,0,0,,,0,,,,,,,,19301102,1,LOS02,h,KLK,1,0,0,exhibition,y,
PRG193011021,harrv102,PRG,7,1,value,4,3,0,2,0,0,0,1,1,,0,0,,,0,,,,,,,,19301102,1,LOS02,h,KLK,1,0,0,exhibition,y,
PRG193011021,mackb102,PRG,8,1,value,3,2,1,1,0,0,0,0,1,,0,0,,,0,,,,,,,,19301102,1,LOS02,h,KLK,1,0,0,exhibition,y,
PRG193011021,britg103,PRG,9,1,value,3,3,0,0,0,0,0,0,0,,0,0,,,0,,,,,,,,19301102,1,LOS02,h,KLK,1,0,0,exhibition,y,
PRG193011022,parka103,KLK,1,1,value,4,3,0,0,0,0,0,0,0,,0,1,,,0,,,,,,,,19301102,2,LOS02,v,PRG,0,1,0,exhibition,y,
PRG193011022,statj101,KLK,2,1,value,3,3,0,0,0,0,0,0,0,,0,0,,,0,,,,,,,,19301102,2,LOS02,v,PRG,0,1,0,exhibition,y,
PRG193011022,dursc101,KLK,3,1,value,3,3,0,2,1,0,0,0,0,,0,0,,,0,,,,,,,,19301102,2,LOS02,v,PRG,0,1,0,exhibition,y,
PRG193011022,bergw101,KLK,4,1,value,3,3,1,1,0,0,0,0,0,,0,0,,,0,,,,,,,,19301102,2,LOS02,v,PRG,0,1,0,exhibition,y,
PRG193011022,schuw101,KLK,5,1,value,3,3,0,2,0,0,0,0,0,,0,0,,,0,,,,,,,,19301102,2,LOS02,v,PRG,0,1,0,exhibition,y,
PRG193011022,hanef101,KLK,6,1,value,3,3,0,1,0,0,0,0,0,,0,0,,,0,,,,,,,,19301102,2,LOS02,v,PRG,0,1,0,exhibition,y,
PRG193011022,cox-d101,KLK,7,1,value,3,3,0,0,0,0,0,0,0,,0,0,,,0,,,,,,,,19301102,2,LOS02,v,PRG,0,1,0,exhibition,y,
PRG193011022,rawlj101,KLK,8,1,value,3,1,0,1,0,0,0,1,0,,0,2,,,0,,,,,,,,19301102,2,LOS02,v,PRG,0,1,0,exhibition,y,
PRG193011022,gablf101,KLK,9,1,value,1,1,0,0,0,0,0,0,0,,0,0,,,0,,,,,,,,19301102,2,LOS02,v,PRG,0,1,0,exhibition,y,
PRG193011022,walsa102,KLK,9,2,value,2,2,0,0,0,0,0,0,0,,0,0,,,0,,,,,,,,19301102,2,LOS02,v,PRG,0,1,0,exhibition,y,
PRG193011022,allen102,PRG,1,1,value,4,4,1,1,0,0,0,0,0,,0,0,,,1,,,,,,,,19301102,2,LOS02,h,KLK,1,0,0,exhibition,y,
PRG193011022,dixor101,PRG,2,1,value,4,4,1,1,1,0,0,0,0,,0,0,,,2,,,,,,,,19301102,2,LOS02,h,KLK,1,0,0,exhibition,y,
PRG193011022,whitc103,PRG,3,1,value,4,2,1,1,0,0,0,1,0,,0,2,,,0,,,,,,,,19301102,2,LOS02,h,KLK,1,0,0,exhibition,y,
PRG193011022,wellw101,PRG,4,1,value,4,1,1,1,1,0,0,3,1,,0,2,,,1,,,,,,,,19301102,2,LOS02,h,KLK,1,0,0,exhibition,y,
PRG193011022,wilsj106,PRG,5,1,value,3,3,1,1,1,0,0,1,0,,0,0,,,0,,,,,,,,19301102,2,LOS02,h,KLK,1,0,0,exhibition,y,
PRG193011022,suttm101,PRG,6,1,value,3,2,2,1,0,0,1,2,0,,0,1,,,0,,,,,,,,19301102,2,LOS02,h,KLK,1,0,0,exhibition,y,
PRG193011022,harrv102,PRG,7,1,value,3,3,1,1,1,0,0,0,0,,0,0,,,0,,,,,,,,19301102,2,LOS02,h,KLK,1,0,0,exhibition,y,
PRG193011022,mackb102,PRG,8,1,value,3,1,0,0,0,0,0,0,0,,0,2,,,0,,,,,,,,19301102,2,LOS02,h,KLK,1,0,0,exhibition,y,
PRG193011022,fostw101,PRG,9,1,value,3,3,1,1,0,0,0,2,0,,0,0,,,0,,,,,,,,19301102,2,LOS02,h,KLK,1,0,0,exhibition,y,
PRG193011022,coopa101,PRG,9,2,value,0,0,0,0,0,0,0,0,0,,0,0,,,0,,,,,,,,19301102,2,LOS02,h,KLK,1,0,0,exhibition,y,
PRG193011230,rawlj101,KLK,1,1,value,4,4,0,2,0,0,0,0,0,,0,0,,,0,,,,,,,,19301123,0,LOS02,v,PRG,0,1,0,exhibition,y,
PRG193011230,statj101,KLK,2,1,value,4,4,0,0,0,0,0,0,0,,0,0,,,0,,,,,,,,19301123,0,LOS02,v,PRG,0,1,0,exhibition,y,
PRG193011230,dursc101,KLK,3,1,value,4,4,0,0,0,0,0,0,0,,0,0,,,0,,,,,,,,19301123,0,LOS02,v,PRG,0,1,0,exhibition,y,
PRG193011230,bergw101,KLK,4,1,value,4,3,1,1,0,0,0,0,0,,0,1,,,0,,,,,,,,19301123,0,LOS02,v,PRG,0,1,0,exhibition,y,
PRG193011230,schuw101,KLK,5,1,value,4,4,1,1,0,0,0,0,0,,0,0,,,0,,,,,,,,19301123,0,LOS02,v,PRG,0,1,0,exhibition,y,
PRG193011230,shira101,KLK,6,1,value,4,4,0,1,0,0,0,0,0,,0,0,,,0,,,,,,,,19301123,0,LOS02,v,PRG,0,1,0,exhibition,y,
PRG193011230,hanef101,KLK,7,1,value,4,4,0,3,1,0,0,2,0,,0,0,,,0,,,,,,,,19301123,0,LOS02,v,PRG,0,1,0,exhibition,y,
PRG193011230,bassj102,KLK,8,1,value,4,4,0,0,0,0,0,0,0,,0,0,,,0,,,,,,,,19301123,0,LOS02,v,PRG,0,1,0,exhibition,y,
PRG193011230,ballw101,KLK,9,1,value,3,3,0,0,0,0,0,0,0,,0,0,,,0,,,,,,,,19301123,0,LOS02,v,PRG,0,1,0,exhibition,y,
PRG193011230,allen102,PRG,1,1,value,5,5,1,2,0,0,0,0,0,,0,0,,,1,,,,,,,,19301123,0,LOS02,h,KLK,1,0,0,exhibition,y,
PRG193011230,dixor101,PRG,2,1,value,5,3,0,1,0,0,0,0,2,,0,0,,,0,,,,,,,,19301123,0,LOS02,h,KLK,1,0,0,exhibition,y,
PRG193011230,whitc103,PRG,3,1,value,5,5,0,2,0,0,0,1,0,,0,0,,,0,,,,,,,,19301123,0,LOS02,h,KLK,1,0,0,exhibition,y,
PRG193011230,wellw101,PRG,4,1,value,4,3,0,1,0,0,0,0,0,,0,1,,,0,,,,,,,,19301123,0,LOS02,h,KLK,1,0,0,exhibition,y,
PRG193011230,wilsj106,PRG,5,1,value,4,3,2,2,1,0,0,0,0,,0,1,,,1,,,,,,,,19301123,0,LOS02,h,KLK,1,0,0,exhibition,y,
PRG193011230,suttm101,PRG,6,1,value,4,4,1,1,1,0,0,1,0,,0,0,,,1,,,,,,,,19301123,0,LOS02,h,KLK,1,0,0,exhibition,y,
PRG193011230,harrv102,PRG,7,1,value,4,3,0,1,0,0,0,0,0,,0,1,,,0,,,,,,,,19301123,0,LOS02,h,KLK,1,0,0,exhibition,y,
PRG193011230,mackb102,PRG,8,1,value,4,4,1,3,0,0,0,2,0,,0,0,,,0,,,,,,,,19301123,0,LOS02,h,KLK,1,0,0,exhibition,y,
PRG193011230,fostw101,PRG,9,1,value,4,3,0,0,0,0,0,0,0,,0,1,,,0,,,,,,,,19301123,0,LOS02,h,KLK,1,0,0,exhibition,y,
