gid,id,team,d_seq,d_pos,stattype,d_ifouts,d_po,d_a,d_e,d_dp,d_tp,d_pb,d_wp,d_sb,d_cs,d_gs,date,number,site,vishome,opp,win,loss,tie,gametype,box,pbp,eject
BIR194805240,smitt106,CAG,1,1,value,,,,0,,0,0,,,,1,19480524,0,NSH02,v,BIR,0,1,0,regular,,,
BIR194805250,smitt106,CAG,1,1,value,,,,0,,0,0,,,,,19480525,0,CHT01,v,BIR,1,0,0,regular,,,
CAG194805312,smitt106,CAG,1,1,value,9,,,0,,0,0,,,,,19480531,2,CHI10,h,CVB,0,1,0,regular,,,
CVB194806010,smitt106,CAG,1,1,value,,,,0,,0,0,,,,,19480601,0,DAY03,v,CVB,0,1,0,regular,,,
IN9194806080,smitt106,CAG,1,1,value,,,,0,,0,0,,,,,19480608,0,TOL05,v,IN9,0,1,0,regular,,,
BIR194806200,smitt106,CAG,1,1,value,1,0,0,0,0,0,,,,,0,19480620,0,BIR01,v,BIR,0,1,0,regular,y,d,
CAG194908240,smitt106,CAG,1,1,value,21,0,0,0,0,0,,,,,1,19490824,0,KOK02,h,LCB,0,1,0,regular,y,d,
