gid,event,inning,top_bot,vis_home,site,batteam,pitteam,score_v,score_h,batter,pitcher,lp,bat_f,bathand,pithand,balls,strikes,count,pitches,nump,pa,ab,single,double,triple,hr,sh,sf,hbp,walk,k,xi,roe,fc,othout,noout,oth,bip,bunt,ground,fly,line,iw,gdp,othdp,tp,fle,wp,pb,bk,oa,di,sb2,sb3,sbh,cs2,cs3,csh,pko1,pko2,pko3,k_safe,e1,e2,e3,e4,e5,e6,e7,e8,e9,outs_pre,outs_post,br1_pre,br2_pre,br3_pre,br1_post,br2_post,br3_post,lob_id1,lob_id2,lob_id3,pr1_pre,pr2_pre,pr3_pre,pr1_post,pr2_post,pr3_post,run_b,run1,run2,run3,prun_b,prun1,prun2,prun3,ur_b,ur1,ur2,ur3,rbi_b,rbi1,rbi2,rbi3,runs,rbi,er,tur,l1,l2,l3,l4,l5,l6,l7,l8,l9,lf1,lf2,lf3,lf4,lf5,lf6,lf7,lf8,lf9,f2,f3,f4,f5,f6,f7,f8,f9,po0,po1,po2,po3,po4,po5,po6,po7,po8,po9,a1,a2,a3,a4,a5,a6,a7,a8,a9,fseq,batout1,batout2,batout3,brout_b,brout1,brout2,brout3,firstf,loc,hittype,dpopp,pivot,pn,umphome,ump1b,ump2b,ump3b,umplf,umprf,date,gametype,pbp
CAG192106130,43,1,0,0,CHI09,IN4,CAG,0,0,clarm103,staro101,1,6,L,L,?,?,??,,,1,1,0,0,0,0,0,0,0,0,0,0,0,0,1,0,1,1,0,1,0,0,0,0,0,0,0,0,0,0,0,0,0,0,0,0,0,0,0,0,0,0,0,0,0,0,0,0,0,0,0,0,1,,,,,,,,,,,,,,,,,,,,,,,,0,0,0,0,0,0,0,0,0,0,0,0,clarm103,jeffr101,willc105,taylb108,mackb102,kenyh101,washn101,day-c102,johnd108,6,8,4,3,2,7,9,5,1,dixog101,granl101,demob102,malad101,willb107,lyonj101,torrc101,gardj102,0,0,0,1,0,0,0,0,0,0,0,0,0,1,0,0,0,0,0,43,4,0,0,0,0,0,0,4,3+,G,0,0,1,?,,,,,,19210613,regular,full
CAG192106130,3/FL,1,0,0,CHI09,IN4,CAG,0,0,jeffr101,staro101,2,8,R,L,?,?,??,,,1,1,0,0,0,0,0,0,0,0,0,0,0,0,1,0,1,1,0,0,1,0,0,0,0,0,0,0,0,0,0,0,0,0,0,0,0,0,0,0,0,0,0,0,0,0,0,0,0,0,0,1,2,,,,,,,,,,,,,,,,,,,,,,,,0,0,0,0,0,0,0,0,0,0,0,0,clarm103,jeffr101,willc105,taylb108,mackb102,kenyh101,washn101,day-c102,johnd108,6,8,4,3,2,7,9,5,1,dixog101,granl101,demob102,malad101,willb107,lyonj101,torrc101,gardj102,0,0,0,1,0,0,0,0,0,0,0,0,0,0,0,0,0,0,0,3,3,0,0,0,0,0,0,3,,F,0,0,2,?,,,,,,19210613,regular,full
CAG192106130,8,1,0,0,CHI09,IN4,CAG,0,0,willc105,staro101,3,4,?,L,?,?,??,,,1,1,0,0,0,0,0,0,0,0,0,0,0,0,1,0,1,1,0,0,1,0,0,0,0,0,0,0,0,0,0,0,0,0,0,0,0,0,0,0,0,0,0,0,0,0,0,0,0,0,0,2,3,,,,,,,,,,,,,,,,,,,,,,,,0,0,0,0,0,0,0,0,0,0,0,0,clarm103,jeffr101,willc105,taylb108,mackb102,kenyh101,washn101,day-c102,johnd108,6,8,4,3,2,7,9,5,1,dixog101,granl101,demob102,malad101,willb107,lyonj101,torrc101,gardj102,0,0,0,0,0,0,0,0,1,0,0,0,0,0,0,0,0,0,0,8,8,0,0,0,0,0,0,8,8+,F,0,0,3,?,,,,,,19210613,regular,full
CAG192106130,K,1,1,1,CHI09,CAG,IN4,0,0,malad101,johnd108,1,5,B,R,?,?,??,,,1,1,0,0,0,0,0,0,0,0,1,0,0,0,0,0,0,0,0,0,0,0,0,0,0,0,0,0,0,0,0,0,0,0,0,0,0,0,0,0,0,0,0,0,0,0,0,0,0,0,0,0,1,,,,,,,,,,,,,,,,,,,,,,,,0,0,0,0,0,0,0,0,0,0,0,0,malad101,demob102,lyonj101,torrc101,dixog101,gardj102,willb107,granl101,staro101,5,4,7,8,2,9,6,3,1,mackb102,taylb108,willc105,day-c102,clarm103,kenyh101,jeffr101,washn101,0,0,1,0,0,0,0,0,0,0,0,0,0,0,0,0,0,0,0,2,0,0,0,0,0,0,0,0,,,0,0,4,?,,,,,,19210613,regular,full
CAG192106130,63,1,1,1,CHI09,CAG,IN4,0,0,demob102,johnd108,2,4,R,R,?,?,??,,,1,1,0,0,0,0,0,0,0,0,0,0,0,0,1,0,1,1,0,1,0,0,0,0,0,0,0,0,0,0,0,0,0,0,0,0,0,0,0,0,0,0,0,0,0,0,0,0,0,0,0,1,2,,,,,,,,,,,,,,,,,,,,,,,,0,0,0,0,0,0,0,0,0,0,0,0,malad101,demob102,lyonj101,torrc101,dixog101,gardj102,willb107,granl101,staro101,5,4,7,8,2,9,6,3,1,mackb102,taylb108,willc105,day-c102,clarm103,kenyh101,jeffr101,washn101,0,0,0,1,0,0,0,0,0,0,0,0,0,0,0,1,0,0,0,63,6,0,0,0,0,0,0,6,3+,G,0,0,5,?,,,,,,19210613,regular,full
CAG192106130,13,1,1,1,CHI09,CAG,IN4,0,0,lyonj101,johnd108,3,7,L,R,?,?,??,,,1,1,0,0,0,0,0,0,0,0,0,0,0,0,1,0,1,1,0,1,0,0,0,0,0,0,0,0,0,0,0,0,0,0,0,0,0,0,0,0,0,0,0,0,0,0,0,0,0,0,0,2,3,,,,,,,,,,,,,,,,,,,,,,,,0,0,0,0,0,0,0,0,0,0,0,0,malad101,demob102,lyonj101,torrc101,dixog101,gardj102,willb107,granl101,staro101,5,4,7,8,2,9,6,3,1,mackb102,taylb108,willc105,day-c102,clarm103,kenyh101,jeffr101,washn101,0,0,0,1,0,0,0,0,0,0,1,0,0,0,0,0,0,0,0,13,1,0,0,0,0,0,0,1,13+,G,0,0,6,?,,,,,,19210613,regular,full
CAG192106130,43,2,0,0,CHI09,IN4,CAG,0,0,taylb108,staro101,4,3,L,L,?,?,??,,,1,1,0,0,0,0,0,0,0,0,0,0,0,0,1,0,1,1,0,1,0,0,0,0,0,0,0,0,0,0,0,0,0,0,0,0,0,0,0,0,0,0,0,0,0,0,0,0,0,0,0,0,1,,,,,,,,,,,,,,,,,,,,,,,,0,0,0,0,0,0,0,0,0,0,0,0,clarm103,jeffr101,willc105,taylb108,mackb102,kenyh101,washn101,day-c102,johnd108,6,8,4,3,2,7,9,5,1,dixog101,granl101,demob102,malad101,willb107,lyonj101,torrc101,gardj102,0,0,0,1,0,0,0,0,0,0,0,0,0,1,0,0,0,0,0,43,4,0,0,0,0,0,0,4,3+,G,0,0,7,?,,,,,,19210613,regular,full
CAG192106130,E5/TH,2,0,0,CHI09,IN4,CAG,0,0,mackb102,staro101,5,2,B,L,?,?,??,,,1,1,0,0,0,0,0,0,0,0,0,0,1,0,0,0,0,1,0,1,0,0,0,0,0,0,0,0,0,0,0,0,0,0,0,0,0,0,0,0,0,0,0,0,0,0,1,0,0,0,0,1,1,,,,mackb102,,,,,,,,,staro101,,,,,,,,,,,0,0,0,0,0,0,0,0,0,0,0,0,clarm103,jeffr101,willc105,taylb108,mackb102,kenyh101,washn101,day-c102,johnd108,6,8,4,3,2,7,9,5,1,dixog101,granl101,demob102,malad101,willb107,lyonj101,torrc101,gardj102,0,0,0,0,0,0,0,0,0,0,0,0,0,0,0,0,0,0,0,,0,0,0,0,0,0,0,5,5+,G,0,0,8,?,,,,,,19210613,regular,full
CAG192106130,43.1-2,2,0,0,CHI09,IN4,CAG,0,0,kenyh101,staro101,6,7,R,L,?,?,??,,,1,1,0,0,0,0,0,0,0,0,0,0,0,0,1,0,1,1,0,1,0,0,0,0,0,0,0,0,0,0,0,0,0,0,0,0,0,0,0,0,0,0,0,0,0,0,0,0,0,0,0,1,2,mackb102,,,,mackb102,,,,,staro101,,,,staro101,,,,,,,,,,0,0,0,0,0,0,0,0,0,0,0,0,clarm103,jeffr101,willc105,taylb108,mackb102,kenyh101,washn101,day-c102,johnd108,6,8,4,3,2,7,9,5,1,dixog101,granl101,demob102,malad101,willb107,lyonj101,torrc101,gardj102,0,0,0,1,0,0,0,0,0,0,0,0,0,1,0,0,0,0,0,43,4,0,0,0,0,0,0,4,3+,G,0,0,9,?,,,,,,19210613,regular,full
CAG192106130,63,2,0,0,CHI09,IN4,CAG,0,0,washn101,staro101,7,9,?,L,?,?,??,,,1,1,0,0,0,0,0,0,0,0,0,0,0,0,1,0,1,1,0,1,0,0,0,0,0,0,0,0,0,0,0,0,0,0,0,0,0,0,0,0,0,0,0,0,0,0,0,0,0,0,0,2,3,,mackb102,,,,,mackb102,,,,staro101,,,,,,,,,,,,,0,0,0,0,0,0,0,0,0,0,0,0,clarm103,jeffr101,willc105,taylb108,mackb102,kenyh101,washn101,day-c102,johnd108,6,8,4,3,2,7,9,5,1,dixog101,granl101,demob102,malad101,willb107,lyonj101,torrc101,gardj102,0,0,0,1,0,0,0,0,0,0,0,0,0,0,0,1,0,0,0,63,6,0,0,0,0,0,0,6,3+,G,0,0,10,?,,,,,,19210613,regular,full
CAG192106130,8,2,1,1,CHI09,CAG,IN4,0,0,torrc101,johnd108,4,8,L,R,?,?,??,,,1,1,0,0,0,0,0,0,0,0,0,0,0,0,1,0,1,1,0,0,1,0,0,0,0,0,0,0,0,0,0,0,0,0,0,0,0,0,0,0,0,0,0,0,0,0,0,0,0,0,0,0,1,,,,,,,,,,,,,,,,,,,,,,,,0,0,0,0,0,0,0,0,0,0,0,0,malad101,demob102,lyonj101,torrc101,dixog101,gardj102,willb107,granl101,staro101,5,4,7,8,2,9,6,3,1,mackb102,taylb108,willc105,day-c102,clarm103,kenyh101,jeffr101,washn101,0,0,0,0,0,0,0,0,1,0,0,0,0,0,0,0,0,0,0,8,8,0,0,0,0,0,0,8,8+,F,0,0,11,?,,,,,,19210613,regular,full
CAG192106130,E4,2,1,1,CHI09,CAG,IN4,0,0,dixog101,johnd108,5,2,L,R,?,?,??,,,1,1,0,0,0,0,0,0,0,0,0,0,1,0,0,0,0,1,0,1,0,0,0,0,0,0,0,0,0,0,0,0,0,0,0,0,0,0,0,0,0,0,0,0,0,1,0,0,0,0,0,1,1,,,,dixog101,,,,,,,,,johnd108,,,,,,,,,,,0,0,0,0,0,0,0,0,0,0,0,0,malad101,demob102,lyonj101,torrc101,dixog101,gardj102,willb107,granl101,staro101,5,4,7,8,2,9,6,3,1,mackb102,taylb108,willc105,day-c102,clarm103,kenyh101,jeffr101,washn101,0,0,0,0,0,0,0,0,0,0,0,0,0,0,0,0,0,0,0,,0,0,0,0,0,0,0,4,4+,G,0,0,12,?,,,,,,19210613,regular,full
CAG192106130,E6.1-2,2,1,1,CHI09,CAG,IN4,0,0,gardj102,johnd108,6,9,L,R,?,?,??,,,1,1,0,0,0,0,0,0,0,0,0,0,1,0,0,0,0,1,0,1,0,0,0,0,0,0,0,0,0,0,0,0,0,0,0,0,0,0,0,0,0,0,0,0,0,0,0,1,0,0,0,1,1,dixog101,,,gardj102,dixog101,,,,,johnd108,,,johnd108,johnd108,,,,,,,,,,0,0,0,0,0,0,0,0,0,0,0,0,malad101,demob102,lyonj101,torrc101,dixog101,gardj102,willb107,granl101,staro101,5,4,7,8,2,9,6,3,1,mackb102,taylb108,willc105,day-c102,clarm103,kenyh101,jeffr101,washn101,0,0,0,0,0,0,0,0,0,0,0,0,0,0,0,0,0,0,0,,0,0,0,0,0,0,0,6,6+,G,0,0,13,?,,,,,,19210613,regular,full
CAG192106130,13.2-3;1-2,2,1,1,CHI09,CAG,IN4,0,0,willb107,johnd108,7,6,R,R,?,?,??,,,1,1,0,0,0,0,0,0,0,0,0,0,0,0,1,0,1,1,0,1,0,0,0,0,0,0,0,0,0,0,0,0,0,0,0,0,0,0,0,0,0,0,0,0,0,0,0,0,0,0,0,1,2,gardj102,dixog101,,,gardj102,dixog101,,,,johnd108,johnd108,,,johnd108,johnd108,,,,,,,,,0,0,0,0,0,0,0,0,0,0,0,0,malad101,demob102,lyonj101,torrc101,dixog101,gardj102,willb107,granl101,staro101,5,4,7,8,2,9,6,3,1,mackb102,taylb108,willc105,day-c102,clarm103,kenyh101,jeffr101,washn101,0,0,0,1,0,0,0,0,0,0,1,0,0,0,0,0,0,0,0,13,1,0,0,0,0,0,0,1,13+,G,0,0,14,?,,,,,,19210613,regular,full
CAG192106130,63,2,1,1,CHI09,CAG,IN4,0,0,granl101,johnd108,8,3,R,R,?,?,??,,,1,1,0,0,0,0,0,0,0,0,0,0,0,0,1,0,1,1,0,1,0,0,0,0,0,0,0,0,0,0,0,0,0,0,0,0,0,0,0,0,0,0,0,0,0,0,0,0,0,0,0,2,3,,gardj102,dixog101,,,,dixog101,gardj102,,,johnd108,johnd108,,,,,,,,,,,,0,0,0,0,0,0,0,0,0,0,0,0,malad101,demob102,lyonj101,torrc101,dixog101,gardj102,willb107,granl101,staro101,5,4,7,8,2,9,6,3,1,mackb102,taylb108,willc105,day-c102,clarm103,kenyh101,jeffr101,washn101,0,0,0,1,0,0,0,0,0,0,0,0,0,0,0,1,0,0,0,63,6,0,0,0,0,0,0,6,3+,G,0,0,15,?,,,,,,19210613,regular,full
CAG192106130,2/FL,3,0,0,CHI09,IN4,CAG,0,0,day-c102,staro101,8,5,R,L,?,?,??,,,1,1,0,0,0,0,0,0,0,0,0,0,0,0,1,0,1,1,0,0,1,0,0,0,0,0,0,0,0,0,0,0,0,0,0,0,0,0,0,0,0,0,0,0,0,0,0,0,0,0,0,0,1,,,,,,,,,,,,,,,,,,,,,,,,0,0,0,0,0,0,0,0,0,0,0,0,clarm103,jeffr101,willc105,taylb108,mackb102,kenyh101,washn101,day-c102,johnd108,6,8,4,3,2,7,9,5,1,dixog101,granl101,demob102,malad101,willb107,lyonj101,torrc101,gardj102,0,0,1,0,0,0,0,0,0,0,0,0,0,0,0,0,0,0,0,2,2,0,0,0,0,0,0,2,,F,0,0,16,?,,,,,,19210613,regular,full
CAG192106130,93,3,0,0,CHI09,IN4,CAG,0,0,johnd108,staro101,9,1,R,L,?,?,??,,,1,1,0,0,0,0,0,0,0,0,0,0,0,0,1,0,1,1,0,1,0,0,0,0,0,0,0,0,0,0,0,0,0,0,0,0,0,0,0,0,0,0,0,0,0,0,0,0,0,0,0,1,2,,,,,,,,,,,,,,,,,,,,,,,,0,0,0,0,0,0,0,0,0,0,0,0,clarm103,jeffr101,willc105,taylb108,mackb102,kenyh101,washn101,day-c102,johnd108,6,8,4,3,2,7,9,5,1,dixog101,granl101,demob102,malad101,willb107,lyonj101,torrc101,gardj102,0,0,0,1,0,0,0,0,0,0,0,0,0,0,0,0,0,0,1,93,9,0,0,0,0,0,0,9,9+,G,0,0,17,?,,,,,,19210613,regular,full
CAG192106130,4/P,3,0,0,CHI09,IN4,CAG,0,0,clarm103,staro101,1,6,L,L,?,?,??,,,1,1,0,0,0,0,0,0,0,0,0,0,0,0,1,0,1,1,0,0,1,0,0,0,0,0,0,0,0,0,0,0,0,0,0,0,0,0,0,0,0,0,0,0,0,0,0,0,0,0,0,2,3,,,,,,,,,,,,,,,,,,,,,,,,0,0,0,0,0,0,0,0,0,0,0,0,clarm103,jeffr101,willc105,taylb108,mackb102,kenyh101,washn101,day-c102,johnd108,6,8,4,3,2,7,9,5,1,dixog101,granl101,demob102,malad101,willb107,lyonj101,torrc101,gardj102,0,0,0,0,1,0,0,0,0,0,0,0,0,0,0,0,0,0,0,4,4,0,0,0,0,0,0,4,,P,0,0,18,?,,,,,,19210613,regular,full
CAG192106130,43,3,1,1,CHI09,CAG,IN4,0,0,staro101,johnd108,9,1,?,R,?,?,??,,,1,1,0,0,0,0,0,0,0,0,0,0,0,0,1,0,1,1,0,1,0,0,0,0,0,0,0,0,0,0,0,0,0,0,0,0,0,0,0,0,0,0,0,0,0,0,0,0,0,0,0,0,1,,,,,,,,,,,,,,,,,,,,,,,,0,0,0,0,0,0,0,0,0,0,0,0,malad101,demob102,lyonj101,torrc101,dixog101,gardj102,willb107,granl101,staro101,5,4,7,8,2,9,6,3,1,mackb102,taylb108,willc105,day-c102,clarm103,kenyh101,jeffr101,washn101,0,0,0,1,0,0,0,0,0,0,0,0,0,1,0,0,0,0,0,43,4,0,0,0,0,0,0,4,3+,G,0,0,19,?,,,,,,19210613,regular,full
CAG192106130,7,3,1,1,CHI09,CAG,IN4,0,0,malad101,johnd108,1,5,B,R,?,?,??,,,1,1,0,0,0,0,0,0,0,0,0,0,0,0,1,0,1,1,0,0,1,0,0,0,0,0,0,0,0,0,0,0,0,0,0,0,0,0,0,0,0,0,0,0,0,0,0,0,0,0,0,1,2,,,,,,,,,,,,,,,,,,,,,,,,0,0,0,0,0,0,0,0,0,0,0,0,malad101,demob102,lyonj101,torrc101,dixog101,gardj102,willb107,granl101,staro101,5,4,7,8,2,9,6,3,1,mackb102,taylb108,willc105,day-c102,clarm103,kenyh101,jeffr101,washn101,0,0,0,0,0,0,0,1,0,0,0,0,0,0,0,0,0,0,0,7,7,0,0,0,0,0,0,7,7+,F,0,0,20,?,,,,,,19210613,regular,full
CAG192106130,E4,3,1,1,CHI09,CAG,IN4,0,0,demob102,johnd108,2,4,R,R,?,?,??,,,1,1,0,0,0,0,0,0,0,0,0,0,1,0,0,0,0,1,0,1,0,0,0,0,0,0,0,0,0,0,0,0,0,0,0,0,0,0,0,0,0,0,0,0,0,1,0,0,0,0,0,2,2,,,,demob102,,,,,,,,,johnd108,,,,,,,,,,,0,0,0,0,0,0,0,0,0,0,0,0,malad101,demob102,lyonj101,torrc101,dixog101,gardj102,willb107,granl101,staro101,5,4,7,8,2,9,6,3,1,mackb102,taylb108,willc105,day-c102,clarm103,kenyh101,jeffr101,washn101,0,0,0,0,0,0,0,0,0,0,0,0,0,0,0,0,0,0,0,,0,0,0,0,0,0,0,4,4+,G,0,0,21,?,,,,,,19210613,regular,full
CAG192106130,CS2(24),3,1,1,CHI09,CAG,IN4,0,0,lyonj101,johnd108,3,7,L,R,?,?,??,,,0,0,0,0,0,0,0,0,0,0,0,0,0,0,0,0,0,0,0,0,0,0,0,0,0,0,0,0,0,0,0,0,0,0,0,1,0,0,0,0,0,0,0,0,0,0,0,0,0,0,0,2,3,demob102,,,,,,,,,johnd108,,,,,,,,,,,,,,0,0,0,0,0,0,0,0,0,0,0,0,malad101,demob102,lyonj101,torrc101,dixog101,gardj102,willb107,granl101,staro101,5,4,7,8,2,9,6,3,1,mackb102,taylb108,willc105,day-c102,clarm103,kenyh101,jeffr101,washn101,0,0,0,0,1,0,0,0,0,0,0,1,0,0,0,0,0,0,0,24,0,0,0,0,0,0,0,0,,,0,0,22,?,,,,,,19210613,regular,full
CAG192106130,HP,4,0,0,CHI09,IN4,CAG,0,0,jeffr101,staro101,2,8,R,L,?,?,??,,,1,0,0,0,0,0,0,0,1,0,0,0,0,0,0,0,0,0,0,0,0,0,0,0,0,0,0,0,0,0,0,0,0,0,0,0,0,0,0,0,0,0,0,0,0,0,0,0,0,0,0,0,0,,,,jeffr101,,,,,,,,,staro101,,,,,,,,,,,0,0,0,0,0,0,0,0,0,0,0,0,clarm103,jeffr101,willc105,taylb108,mackb102,kenyh101,washn101,day-c102,johnd108,6,8,4,3,2,7,9,5,1,dixog101,granl101,demob102,malad101,willb107,lyonj101,torrc101,gardj102,0,0,0,0,0,0,0,0,0,0,0,0,0,0,0,0,0,0,0,,0,0,0,0,0,0,0,0,,,0,0,23,?,,,,,,19210613,regular,full
CAG192106130,34/G.1-2,4,0,0,CHI09,IN4,CAG,0,0,willc105,staro101,3,4,?,L,?,?,??,,,1,1,0,0,0,0,0,0,0,0,0,0,0,0,1,0,1,1,0,1,0,0,0,0,0,0,0,0,0,0,0,0,0,0,0,0,0,0,0,0,0,0,0,0,0,0,0,0,0,0,0,0,1,jeffr101,,,,jeffr101,,,,,staro101,,,,staro101,,,,,,,,,,0,0,0,0,0,0,0,0,0,0,0,0,clarm103,jeffr101,willc105,taylb108,mackb102,kenyh101,washn101,day-c102,johnd108,6,8,4,3,2,7,9,5,1,dixog101,granl101,demob102,malad101,willb107,lyonj101,torrc101,gardj102,0,0,0,0,1,0,0,0,0,0,0,0,1,0,0,0,0,0,0,34,3,0,0,0,0,0,0,3,,G,1,3,24,?,,,,,,19210613,regular,full
CAG192106130,3/FL,4,0,0,CHI09,IN4,CAG,0,0,taylb108,staro101,4,3,L,L,?,?,??,,,1,1,0,0,0,0,0,0,0,0,0,0,0,0,1,0,1,1,0,0,1,0,0,0,0,0,0,0,0,0,0,0,0,0,0,0,0,0,0,0,0,0,0,0,0,0,0,0,0,0,0,1,2,,jeffr101,,,jeffr101,,,,,,staro101,,,staro101,,,,,,,,,,0,0,0,0,0,0,0,0,0,0,0,0,clarm103,jeffr101,willc105,taylb108,mackb102,kenyh101,washn101,day-c102,johnd108,6,8,4,3,2,7,9,5,1,dixog101,granl101,demob102,malad101,willb107,lyonj101,torrc101,gardj102,0,0,0,1,0,0,0,0,0,0,0,0,0,0,0,0,0,0,0,3,3,0,0,0,0,0,0,3,,F,0,0,25,?,,,,,,19210613,regular,full
CAG192106130,6/P,4,0,0,CHI09,IN4,CAG,0,0,mackb102,staro101,5,2,B,L,?,?,??,,,1,1,0,0,0,0,0,0,0,0,0,0,0,0,1,0,1,1,0,0,1,0,0,0,0,0,0,0,0,0,0,0,0,0,0,0,0,0,0,0,0,0,0,0,0,0,0,0,0,0,0,2,3,,jeffr101,,,,,jeffr101,,,,staro101,,,,,,,,,,,,,0,0,0,0,0,0,0,0,0,0,0,0,clarm103,jeffr101,willc105,taylb108,mackb102,kenyh101,washn101,day-c102,johnd108,6,8,4,3,2,7,9,5,1,dixog101,granl101,demob102,malad101,willb107,lyonj101,torrc101,gardj102,0,0,0,0,0,0,1,0,0,0,0,0,0,0,0,0,0,0,0,6,6,0,0,0,0,0,0,6,,P,0,0,26,?,,,,,,19210613,regular,full
CAG192106130,13,4,1,1,CHI09,CAG,IN4,0,0,lyonj101,johnd108,3,7,L,R,?,?,??,,,1,1,0,0,0,0,0,0,0,0,0,0,0,0,1,0,1,1,0,1,0,0,0,0,0,0,0,0,0,0,0,0,0,0,0,0,0,0,0,0,0,0,0,0,0,0,0,0,0,0,0,0,1,,,,,,,,,,,,,,,,,,,,,,,,0,0,0,0,0,0,0,0,0,0,0,0,malad101,demob102,lyonj101,torrc101,dixog101,gardj102,willb107,granl101,staro101,5,4,7,8,2,9,6,3,1,mackb102,taylb108,willc105,day-c102,clarm103,kenyh101,jeffr101,washn101,0,0,0,1,0,0,0,0,0,0,1,0,0,0,0,0,0,0,0,13,1,0,0,0,0,0,0,1,13+,G,0,0,27,?,,,,,,19210613,regular,full
CAG192106130,53,4,1,1,CHI09,CAG,IN4,0,0,torrc101,johnd108,4,8,L,R,?,?,??,,,1,1,0,0,0,0,0,0,0,0,0,0,0,0,1,0,1,1,0,1,0,0,0,0,0,0,0,0,0,0,0,0,0,0,0,0,0,0,0,0,0,0,0,0,0,0,0,0,0,0,0,1,2,,,,,,,,,,,,,,,,,,,,,,,,0,0,0,0,0,0,0,0,0,0,0,0,malad101,demob102,lyonj101,torrc101,dixog101,gardj102,willb107,granl101,staro101,5,4,7,8,2,9,6,3,1,mackb102,taylb108,willc105,day-c102,clarm103,kenyh101,jeffr101,washn101,0,0,0,1,0,0,0,0,0,0,0,0,0,0,1,0,0,0,0,53,5,0,0,0,0,0,0,5,3+,G,0,0,28,?,,,,,,19210613,regular,full
CAG192106130,3/G,4,1,1,CHI09,CAG,IN4,0,0,dixog101,johnd108,5,2,L,R,?,?,??,,,1,1,0,0,0,0,0,0,0,0,0,0,0,0,1,0,1,1,0,1,0,0,0,0,0,0,0,0,0,0,0,0,0,0,0,0,0,0,0,0,0,0,0,0,0,0,0,0,0,0,0,2,3,,,,,,,,,,,,,,,,,,,,,,,,0,0,0,0,0,0,0,0,0,0,0,0,malad101,demob102,lyonj101,torrc101,dixog101,gardj102,willb107,granl101,staro101,5,4,7,8,2,9,6,3,1,mackb102,taylb108,willc105,day-c102,clarm103,kenyh101,jeffr101,washn101,0,0,0,1,0,0,0,0,0,0,0,0,0,0,0,0,0,0,0,3,3,0,0,0,0,0,0,3,,G,0,0,29,?,,,,,,19210613,regular,full
CAG192106130,T7,5,0,0,CHI09,IN4,CAG,0,0,kenyh101,staro101,6,7,R,L,?,?,??,,,1,1,0,0,1,0,0,0,0,0,0,0,0,0,0,0,0,1,0,0,0,0,0,0,0,0,0,0,0,0,0,0,0,0,0,0,0,0,0,0,0,0,0,0,0,0,0,0,0,0,0,0,0,,,,,,kenyh101,,,,,,,,,staro101,,,,,,,,,0,0,0,0,0,0,0,0,0,0,0,0,clarm103,jeffr101,willc105,taylb108,mackb102,kenyh101,washn101,day-c102,johnd108,6,8,4,3,2,7,9,5,1,dixog101,granl101,demob102,malad101,willb107,lyonj101,torrc101,gardj102,0,0,0,0,0,0,0,0,0,0,0,0,0,0,0,0,0,0,0,,0,0,0,0,0,0,0,7,7+,,0,0,30,?,,,,,,19210613,regular,full
CAG192106130,K,5,0,0,CHI09,IN4,CAG,0,0,washn101,staro101,7,9,?,L,?,?,??,,,1,1,0,0,0,0,0,0,0,0,1,0,0,0,0,0,0,0,0,0,0,0,0,0,0,0,0,0,0,0,0,0,0,0,0,0,0,0,0,0,0,0,0,0,0,0,0,0,0,0,0,0,1,,,kenyh101,,,kenyh101,,,,,,staro101,,,staro101,,,,,,,,,0,0,0,0,0,0,0,0,0,0,0,0,clarm103,jeffr101,willc105,taylb108,mackb102,kenyh101,washn101,day-c102,johnd108,6,8,4,3,2,7,9,5,1,dixog101,granl101,demob102,malad101,willb107,gardj102,torrc101,browj111,0,0,1,0,0,0,0,0,0,0,0,0,0,0,0,0,0,0,0,2,0,0,0,0,0,0,0,0,,,0,0,31,?,,,,,,19210613,regular,full
CAG192106130,K,5,0,0,CHI09,IN4,CAG,0,0,day-c102,staro101,8,5,R,L,?,?,??,,,1,1,0,0,0,0,0,0,0,0,1,0,0,0,0,0,0,0,0,0,0,0,0,0,0,0,0,0,0,0,0,0,0,0,0,0,0,0,0,0,0,0,0,0,0,0,0,0,0,0,0,1,2,,,kenyh101,,,kenyh101,,,,,,staro101,,,staro101,,,,,,,,,0,0,0,0,0,0,0,0,0,0,0,0,clarm103,jeffr101,willc105,taylb108,mackb102,kenyh101,washn101,day-c102,johnd108,6,8,4,3,2,7,9,5,1,dixog101,granl101,demob102,malad101,willb107,gardj102,torrc101,browj111,0,0,1,0,0,0,0,0,0,0,0,0,0,0,0,0,0,0,0,2,0,0,0,0,0,0,0,0,,,0,0,32,?,,,,,,19210613,regular,full
CAG192106130,W,5,0,0,CHI09,IN4,CAG,0,0,johnd108,staro101,9,1,R,L,?,?,??,,,1,0,0,0,0,0,0,0,0,1,0,0,0,0,0,0,0,0,0,0,0,0,0,0,0,0,0,0,0,0,0,0,0,0,0,0,0,0,0,0,0,0,0,0,0,0,0,0,0,0,0,2,2,,,kenyh101,johnd108,,kenyh101,,,,,,staro101,staro101,,staro101,,,,,,,,,0,0,0,0,0,0,0,0,0,0,0,0,clarm103,jeffr101,willc105,taylb108,mackb102,kenyh101,washn101,day-c102,johnd108,6,8,4,3,2,7,9,5,1,dixog101,granl101,demob102,malad101,willb107,gardj102,torrc101,browj111,0,0,0,0,0,0,0,0,0,0,0,0,0,0,0,0,0,0,0,,0,0,0,0,0,0,0,0,,,0,0,33,?,,,,,,19210613,regular,full
CAG192106130,13,5,0,0,CHI09,IN4,CAG,0,0,clarm103,staro101,1,6,L,L,?,?,??,,,1,1,0,0,0,0,0,0,0,0,0,0,0,0,1,0,1,1,0,1,0,0,0,0,0,0,0,0,0,0,0,0,0,0,0,0,0,0,0,0,0,0,0,0,0,0,0,0,0,0,0,2,3,johnd108,,kenyh101,,,,kenyh101,johnd108,,staro101,,staro101,,,,,,,,,,,,0,0,0,0,0,0,0,0,0,0,0,0,clarm103,jeffr101,willc105,taylb108,mackb102,kenyh101,washn101,day-c102,johnd108,6,8,4,3,2,7,9,5,1,dixog101,granl101,demob102,malad101,willb107,gardj102,torrc101,browj111,0,0,0,1,0,0,0,0,0,0,1,0,0,0,0,0,0,0,0,13,1,0,0,0,0,0,0,1,13+,G,0,0,34,?,,,,,,19210613,regular,full
CAG192106130,13,5,1,1,CHI09,CAG,IN4,0,0,gardj102,johnd108,6,7,L,R,?,?,??,,,1,1,0,0,0,0,0,0,0,0,0,0,0,0,1,0,1,1,0,1,0,0,0,0,0,0,0,0,0,0,0,0,0,0,0,0,0,0,0,0,0,0,0,0,0,0,0,0,0,0,0,0,1,,,,,,,,,,,,,,,,,,,,,,,,0,0,0,0,0,0,0,0,0,0,0,0,malad101,demob102,browj111,torrc101,dixog101,gardj102,willb107,granl101,staro101,5,4,9,8,2,7,6,3,1,mackb102,taylb108,willc105,day-c102,clarm103,kenyh101,jeffr101,washn101,0,0,0,1,0,0,0,0,0,0,1,0,0,0,0,0,0,0,0,13,1,0,0,0,0,0,0,1,13+,G,0,0,35,?,,,,,,19210613,regular,full
CAG192106130,2/FL,5,1,1,CHI09,CAG,IN4,0,0,willb107,johnd108,7,6,R,R,?,?,??,,,1,1,0,0,0,0,0,0,0,0,0,0,0,0,1,0,1,1,0,0,1,0,0,0,0,0,0,0,0,0,0,0,0,0,0,0,0,0,0,0,0,0,0,0,0,0,0,0,0,0,0,1,2,,,,,,,,,,,,,,,,,,,,,,,,0,0,0,0,0,0,0,0,0,0,0,0,malad101,demob102,browj111,torrc101,dixog101,gardj102,willb107,granl101,staro101,5,4,9,8,2,7,6,3,1,mackb102,taylb108,willc105,day-c102,clarm103,kenyh101,jeffr101,washn101,0,0,1,0,0,0,0,0,0,0,0,0,0,0,0,0,0,0,0,2,2,0,0,0,0,0,0,2,,F,0,0,36,?,,,,,,19210613,regular,full
CAG192106130,53,5,1,1,CHI09,CAG,IN4,0,0,granl101,johnd108,8,3,R,R,?,?,??,,,1,1,0,0,0,0,0,0,0,0,0,0,0,0,1,0,1,1,0,1,0,0,0,0,0,0,0,0,0,0,0,0,0,0,0,0,0,0,0,0,0,0,0,0,0,0,0,0,0,0,0,2,3,,,,,,,,,,,,,,,,,,,,,,,,0,0,0,0,0,0,0,0,0,0,0,0,malad101,demob102,browj111,torrc101,dixog101,gardj102,willb107,granl101,staro101,5,4,9,8,2,7,6,3,1,mackb102,taylb108,willc105,day-c102,clarm103,kenyh101,jeffr101,washn101,0,0,0,1,0,0,0,0,0,0,0,0,0,0,1,0,0,0,0,53,5,0,0,0,0,0,0,5,3+,G,0,0,37,?,,,,,,19210613,regular,full
CAG192106130,S8,6,0,0,CHI09,IN4,CAG,0,0,jeffr101,staro101,2,8,R,L,?,?,??,,,1,1,1,0,0,0,0,0,0,0,0,0,0,0,0,0,0,1,0,0,0,0,0,0,0,0,0,0,0,0,0,0,0,0,0,0,0,0,0,0,0,0,0,0,0,0,0,0,0,0,0,0,0,,,,jeffr101,,,,,,,,,staro101,,,,,,,,,,,0,0,0,0,0,0,0,0,0,0,0,0,clarm103,jeffr101,willc105,taylb108,mackb102,kenyh101,washn101,day-c102,johnd108,6,8,4,3,2,7,9,5,1,dixog101,granl101,demob102,malad101,willb107,gardj102,torrc101,browj111,0,0,0,0,0,0,0,0,0,0,0,0,0,0,0,0,0,0,0,,0,0,0,0,0,0,0,8,8+,,0,0,38,?,,,,,,19210613,regular,full
CAG192106130,63.1-2,6,0,0,CHI09,IN4,CAG,0,0,willc105,staro101,3,4,?,L,?,?,??,,,1,1,0,0,0,0,0,0,0,0,0,0,0,0,1,0,1,1,0,1,0,0,0,0,0,0,0,0,0,0,0,0,0,0,0,0,0,0,0,0,0,0,0,0,0,0,0,0,0,0,0,0,1,jeffr101,,,,jeffr101,,,,,staro101,,,,staro101,,,,,,,,,,0,0,0,0,0,0,0,0,0,0,0,0,clarm103,jeffr101,willc105,taylb108,mackb102,kenyh101,washn101,day-c102,johnd108,6,8,4,3,2,7,9,5,1,dixog101,granl101,demob102,malad101,willb107,gardj102,torrc101,browj111,0,0,0,1,0,0,0,0,0,0,0,0,0,0,0,1,0,0,0,63,6,0,0,0,0,0,0,6,3+,G,0,0,39,?,,,,,,19210613,regular,full
CAG192106130,CS3(25),6,0,0,CHI09,IN4,CAG,0,0,taylb108,staro101,4,3,L,L,?,?,??,,,0,0,0,0,0,0,0,0,0,0,0,0,0,0,0,0,0,0,0,0,0,0,0,0,0,0,0,0,0,0,0,0,0,0,0,0,1,0,0,0,0,0,0,0,0,0,0,0,0,0,0,1,2,,jeffr101,,,,,,,,,staro101,,,,,,,,,,,,,0,0,0,0,0,0,0,0,0,0,0,0,clarm103,jeffr101,willc105,taylb108,mackb102,kenyh101,washn101,day-c102,johnd108,6,8,4,3,2,7,9,5,1,dixog101,granl101,demob102,malad101,willb107,gardj102,torrc101,browj111,0,0,0,0,0,1,0,0,0,0,0,1,0,0,0,0,0,0,0,25,0,0,0,0,0,0,0,0,,,0,0,40,?,,,,,,19210613,regular,full
CAG192106130,13,6,0,0,CHI09,IN4,CAG,0,0,taylb108,staro101,4,3,L,L,?,?,??,,,1,1,0,0,0,0,0,0,0,0,0,0,0,0,1,0,1,1,0,1,0,0,0,0,0,0,0,0,0,0,0,0,0,0,0,0,0,0,0,0,0,0,0,0,0,0,0,0,0,0,0,2,3,,,,,,,,,,,,,,,,,,,,,,,,0,0,0,0,0,0,0,0,0,0,0,0,clarm103,jeffr101,willc105,taylb108,mackb102,kenyh101,washn101,day-c102,johnd108,6,8,4,3,2,7,9,5,1,dixog101,granl101,demob102,malad101,willb107,gardj102,torrc101,browj111,0,0,0,1,0,0,0,0,0,0,1,0,0,0,0,0,0,0,0,13,1,0,0,0,0,0,0,1,13+,G,0,0,41,?,,,,,,19210613,regular,full
CAG192106130,K,6,1,1,CHI09,CAG,IN4,0,0,staro101,johnd108,9,1,?,R,?,?,??,,,1,1,0,0,0,0,0,0,0,0,1,0,0,0,0,0,0,0,0,0,0,0,0,0,0,0,0,0,0,0,0,0,0,0,0,0,0,0,0,0,0,0,0,0,0,0,0,0,0,0,0,0,1,,,,,,,,,,,,,,,,,,,,,,,,0,0,0,0,0,0,0,0,0,0,0,0,malad101,demob102,browj111,torrc101,dixog101,gardj102,willb107,granl101,staro101,5,4,9,8,2,7,6,3,1,mackb102,taylb108,willc105,day-c102,clarm103,kenyh101,jeffr101,washn101,0,0,1,0,0,0,0,0,0,0,0,0,0,0,0,0,0,0,0,2,0,0,0,0,0,0,0,0,,,0,0,42,?,,,,,,19210613,regular,full
CAG192106130,63,6,1,1,CHI09,CAG,IN4,0,0,malad101,johnd108,1,5,B,R,?,?,??,,,1,1,0,0,0,0,0,0,0,0,0,0,0,0,1,0,1,1,0,1,0,0,0,0,0,0,0,0,0,0,0,0,0,0,0,0,0,0,0,0,0,0,0,0,0,0,0,0,0,0,0,1,2,,,,,,,,,,,,,,,,,,,,,,,,0,0,0,0,0,0,0,0,0,0,0,0,malad101,demob102,browj111,torrc101,dixog101,gardj102,willb107,granl101,staro101,5,4,9,8,2,7,6,3,1,mackb102,taylb108,willc105,day-c102,clarm103,kenyh101,jeffr101,washn101,0,0,0,1,0,0,0,0,0,0,0,0,0,0,0,1,0,0,0,63,6,0,0,0,0,0,0,6,3+,G,0,0,43,?,,,,,,19210613,regular,full
CAG192106130,S7.BX2(743),6,1,1,CHI09,CAG,IN4,0,0,demob102,johnd108,2,4,R,R,?,?,??,,,1,1,1,0,0,0,0,0,0,0,0,0,0,0,0,0,0,1,0,0,0,0,0,0,0,0,0,0,0,0,0,0,0,0,0,0,0,0,0,0,0,0,0,0,0,0,0,0,0,0,0,2,3,,,,,,,,,,,,,,,,,,,,,,,,0,0,0,0,0,0,0,0,0,0,0,0,malad101,demob102,browj111,torrc101,dixog101,gardj102,willb107,granl101,staro101,5,4,9,8,2,7,6,3,1,mackb102,taylb108,willc105,day-c102,clarm103,kenyh101,jeffr101,washn101,0,0,0,1,0,0,0,0,0,0,0,0,0,1,0,0,1,0,0,743,0,0,0,7,0,0,0,7,7+,,0,0,44,?,,,,,,19210613,regular,full
CAG192106130,K,7,0,0,CHI09,IN4,CAG,0,0,mackb102,staro101,5,2,B,L,?,?,??,,,1,1,0,0,0,0,0,0,0,0,1,0,0,0,0,0,0,0,0,0,0,0,0,0,0,0,0,0,0,0,0,0,0,0,0,0,0,0,0,0,0,0,0,0,0,0,0,0,0,0,0,0,1,,,,,,,,,,,,,,,,,,,,,,,,0,0,0,0,0,0,0,0,0,0,0,0,clarm103,jeffr101,willc105,taylb108,mackb102,kenyh101,washn101,day-c102,johnd108,6,8,4,3,2,7,9,5,1,dixog101,granl101,demob102,malad101,willb107,gardj102,torrc101,browj111,0,0,1,0,0,0,0,0,0,0,0,0,0,0,0,0,0,0,0,2,0,0,0,0,0,0,0,0,,,0,0,45,?,,,,,,19210613,regular,full
CAG192106130,8/L,7,0,0,CHI09,IN4,CAG,0,0,kenyh101,staro101,6,7,R,L,?,?,??,,,1,1,0,0,0,0,0,0,0,0,0,0,0,0,1,0,1,1,0,0,0,1,0,0,0,0,0,0,0,0,0,0,0,0,0,0,0,0,0,0,0,0,0,0,0,0,0,0,0,0,0,1,2,,,,,,,,,,,,,,,,,,,,,,,,0,0,0,0,0,0,0,0,0,0,0,0,clarm103,jeffr101,willc105,taylb108,mackb102,kenyh101,washn101,day-c102,johnd108,6,8,4,3,2,7,9,5,1,dixog101,granl101,demob102,malad101,willb107,gardj102,torrc101,browj111,0,0,0,0,0,0,0,0,1,0,0,0,0,0,0,0,0,0,0,8,8,0,0,0,0,0,0,8,,L,0,0,46,?,,,,,,19210613,regular,full
CAG192106130,8/L,7,0,0,CHI09,IN4,CAG,0,0,washn101,staro101,7,9,?,L,?,?,??,,,1,1,0,0,0,0,0,0,0,0,0,0,0,0,1,0,1,1,0,0,0,1,0,0,0,0,0,0,0,0,0,0,0,0,0,0,0,0,0,0,0,0,0,0,0,0,0,0,0,0,0,2,3,,,,,,,,,,,,,,,,,,,,,,,,0,0,0,0,0,0,0,0,0,0,0,0,clarm103,jeffr101,willc105,taylb108,mackb102,kenyh101,washn101,day-c102,johnd108,6,8,4,3,2,7,9,5,1,dixog101,granl101,demob102,malad101,willb107,gardj102,torrc101,browj111,0,0,0,0,0,0,0,0,1,0,0,0,0,0,0,0,0,0,0,8,8,0,0,0,0,0,0,8,,L,0,0,47,?,,,,,,19210613,regular,full
CAG192106130,S8,7,1,1,CHI09,CAG,IN4,0,0,browj111,johnd108,3,9,B,R,?,?,??,,,1,1,1,0,0,0,0,0,0,0,0,0,0,0,0,0,0,1,0,0,0,0,0,0,0,0,0,0,0,0,0,0,0,0,0,0,0,0,0,0,0,0,0,0,0,0,0,0,0,0,0,0,0,,,,browj111,,,,,,,,,johnd108,,,,,,,,,,,0,0,0,0,0,0,0,0,0,0,0,0,malad101,demob102,browj111,torrc101,dixog101,gardj102,willb107,granl101,staro101,5,4,9,8,2,7,6,3,1,mackb102,taylb108,willc105,day-c102,clarm103,kenyh101,jeffr101,washn101,0,0,0,0,0,0,0,0,0,0,0,0,0,0,0,0,0,0,0,,0,0,0,0,0,0,0,8,8+,,0,0,48,?,,,,,,19210613,regular,full
CAG192106130,64(1)3/GDP#,7,1,1,CHI09,CAG,IN4,0,0,torrc101,johnd108,4,8,L,R,?,?,??,,,1,1,0,0,0,0,0,0,0,0,0,0,0,0,1,0,1,1,0,1,0,0,0,1,0,0,0,0,0,0,0,0,0,0,0,0,0,0,0,0,0,0,0,0,0,0,0,0,0,0,0,0,2,browj111,,,,,,,,,johnd108,,,,,,,,,,,,,,0,0,0,0,0,0,0,0,0,0,0,0,malad101,demob102,browj111,torrc101,dixog101,gardj102,willb107,granl101,staro101,5,4,9,8,2,7,6,3,1,mackb102,taylb108,willc105,day-c102,clarm103,kenyh101,jeffr101,washn101,0,0,0,1,1,0,0,0,0,0,0,0,0,1,0,1,0,0,0,643,6,4,0,0,0,0,0,6,,G,1,4,49,?,,,,,,19210613,regular,full
CAG192106130,43,7,1,1,CHI09,CAG,IN4,0,0,dixog101,johnd108,5,2,L,R,?,?,??,,,1,1,0,0,0,0,0,0,0,0,0,0,0,0,1,0,1,1,0,1,0,0,0,0,0,0,0,0,0,0,0,0,0,0,0,0,0,0,0,0,0,0,0,0,0,0,0,0,0,0,0,2,3,,,,,,,,,,,,,,,,,,,,,,,,0,0,0,0,0,0,0,0,0,0,0,0,malad101,demob102,browj111,torrc101,dixog101,gardj102,willb107,granl101,staro101,5,4,9,8,2,7,6,3,1,mackb102,taylb108,willc105,day-c102,clarm103,kenyh101,jeffr101,washn101,0,0,0,1,0,0,0,0,0,0,0,0,0,1,0,0,0,0,0,43,4,0,0,0,0,0,0,4,3+,G,0,0,50,?,,,,,,19210613,regular,full
CAG192106130,S,8,0,0,CHI09,IN4,CAG,0,0,day-c102,staro101,8,5,R,L,?,?,??,,,1,1,1,0,0,0,0,0,0,0,0,0,0,0,0,0,0,1,0,0,0,0,0,0,0,0,0,0,0,0,0,0,0,0,0,0,0,0,0,0,0,0,0,0,0,0,0,0,0,0,0,0,0,,,,day-c102,,,,,,,,,staro101,,,,,,,,,,,0,0,0,0,0,0,0,0,0,0,0,0,clarm103,jeffr101,willc105,taylb108,mackb102,kenyh101,washn101,day-c102,johnd108,6,8,4,3,2,7,9,5,1,dixog101,granl101,demob102,malad101,willb107,gardj102,torrc101,browj111,0,0,0,0,0,0,0,0,0,0,0,0,0,0,0,0,0,0,0,,0,0,0,0,0,0,0,0,,,0,0,51,?,,,,,,19210613,regular,full
CAG192106130,13/SH.1-2,8,0,0,CHI09,IN4,CAG,0,0,johnd108,staro101,9,1,R,L,?,?,??,,,1,0,0,0,0,0,1,0,0,0,0,0,0,0,0,0,0,1,1,0,0,0,0,0,0,0,0,0,0,0,0,0,0,0,0,0,0,0,0,0,0,0,0,0,0,0,0,0,0,0,0,0,1,day-c102,,,,day-c102,,,,,staro101,,,,staro101,,,,,,,,,,0,0,0,0,0,0,0,0,0,0,0,0,clarm103,jeffr101,willc105,taylb108,mackb102,kenyh101,washn101,day-c102,johnd108,6,8,4,3,2,7,9,5,1,dixog101,granl101,demob102,malad101,willb107,gardj102,torrc101,browj111,0,0,0,1,0,0,0,0,0,0,1,0,0,0,0,0,0,0,0,13,1,0,0,0,0,0,0,1,,BG,0,0,52,?,,,,,,19210613,regular,full
CAG192106130,7,8,0,0,CHI09,IN4,CAG,0,0,clarm103,staro101,1,6,L,L,?,?,??,,,1,1,0,0,0,0,0,0,0,0,0,0,0,0,1,0,1,1,0,0,1,0,0,0,0,0,0,0,0,0,0,0,0,0,0,0,0,0,0,0,0,0,0,0,0,0,0,0,0,0,0,1,2,,day-c102,,,day-c102,,,,,,staro101,,,staro101,,,,,,,,,,0,0,0,0,0,0,0,0,0,0,0,0,clarm103,jeffr101,willc105,taylb108,mackb102,kenyh101,washn101,day-c102,johnd108,6,8,4,3,2,7,9,5,1,dixog101,granl101,demob102,malad101,willb107,gardj102,torrc101,browj111,0,0,0,0,0,0,0,1,0,0,0,0,0,0,0,0,0,0,0,7,7,0,0,0,0,0,0,7,7+,F,0,0,53,?,,,,,,19210613,regular,full
CAG192106130,3/G,8,0,0,CHI09,IN4,CAG,0,0,jeffr101,staro101,2,8,R,L,?,?,??,,,1,1,0,0,0,0,0,0,0,0,0,0,0,0,1,0,1,1,0,1,0,0,0,0,0,0,0,0,0,0,0,0,0,0,0,0,0,0,0,0,0,0,0,0,0,0,0,0,0,0,0,2,3,,day-c102,,,,,day-c102,,,,staro101,,,,,,,,,,,,,0,0,0,0,0,0,0,0,0,0,0,0,clarm103,jeffr101,willc105,taylb108,mackb102,kenyh101,washn101,day-c102,johnd108,6,8,4,3,2,7,9,5,1,dixog101,granl101,demob102,malad101,willb107,gardj102,torrc101,browj111,0,0,0,1,0,0,0,0,0,0,0,0,0,0,0,0,0,0,0,3,3,0,0,0,0,0,0,3,,G,0,0,54,?,,,,,,19210613,regular,full
CAG192106130,7,8,1,1,CHI09,CAG,IN4,0,0,gardj102,johnd108,6,7,L,R,?,?,??,,,1,1,0,0,0,0,0,0,0,0,0,0,0,0,1,0,1,1,0,0,1,0,0,0,0,0,0,0,0,0,0,0,0,0,0,0,0,0,0,0,0,0,0,0,0,0,0,0,0,0,0,0,1,,,,,,,,,,,,,,,,,,,,,,,,0,0,0,0,0,0,0,0,0,0,0,0,malad101,demob102,browj111,torrc101,dixog101,gardj102,willb107,granl101,staro101,5,4,9,8,2,7,6,3,1,mackb102,taylb108,willc105,day-c102,clarm103,kenyh101,jeffr101,washn101,0,0,0,0,0,0,0,1,0,0,0,0,0,0,0,0,0,0,0,7,7,0,0,0,0,0,0,7,7+,F,0,0,55,?,,,,,,19210613,regular,full
CAG192106130,2/FL,8,1,1,CHI09,CAG,IN4,0,0,willb107,johnd108,7,6,R,R,?,?,??,,,1,1,0,0,0,0,0,0,0,0,0,0,0,0,1,0,1,1,0,0,1,0,0,0,0,0,0,0,0,0,0,0,0,0,0,0,0,0,0,0,0,0,0,0,0,0,0,0,0,0,0,1,2,,,,,,,,,,,,,,,,,,,,,,,,0,0,0,0,0,0,0,0,0,0,0,0,malad101,demob102,browj111,torrc101,dixog101,gardj102,willb107,granl101,staro101,5,4,9,8,2,7,6,3,1,mackb102,taylb108,willc105,day-c102,clarm103,kenyh101,jeffr101,washn101,0,0,1,0,0,0,0,0,0,0,0,0,0,0,0,0,0,0,0,2,2,0,0,0,0,0,0,2,,F,0,0,56,?,,,,,,19210613,regular,full
CAG192106130,53,8,1,1,CHI09,CAG,IN4,0,0,granl101,johnd108,8,3,R,R,?,?,??,,,1,1,0,0,0,0,0,0,0,0,0,0,0,0,1,0,1,1,0,1,0,0,0,0,0,0,0,0,0,0,0,0,0,0,0,0,0,0,0,0,0,0,0,0,0,0,0,0,0,0,0,2,3,,,,,,,,,,,,,,,,,,,,,,,,0,0,0,0,0,0,0,0,0,0,0,0,malad101,demob102,browj111,torrc101,dixog101,gardj102,willb107,granl101,staro101,5,4,9,8,2,7,6,3,1,mackb102,taylb108,willc105,day-c102,clarm103,kenyh101,jeffr101,washn101,0,0,0,1,0,0,0,0,0,0,0,0,0,0,1,0,0,0,0,53,5,0,0,0,0,0,0,5,3+,G,0,0,57,?,,,,,,19210613,regular,full
CAG192106130,53,9,0,0,CHI09,IN4,CAG,0,0,willc105,staro101,3,4,?,L,?,?,??,,,1,1,0,0,0,0,0,0,0,0,0,0,0,0,1,0,1,1,0,1,0,0,0,0,0,0,0,0,0,0,0,0,0,0,0,0,0,0,0,0,0,0,0,0,0,0,0,0,0,0,0,0,1,,,,,,,,,,,,,,,,,,,,,,,,0,0,0,0,0,0,0,0,0,0,0,0,clarm103,jeffr101,willc105,taylb108,mackb102,kenyh101,washn101,day-c102,johnd108,6,8,4,3,2,7,9,5,1,dixog101,granl101,demob102,malad101,willb107,gardj102,torrc101,browj111,0,0,0,1,0,0,0,0,0,0,0,0,0,0,1,0,0,0,0,53,5,0,0,0,0,0,0,5,3+,G,0,0,58,?,,,,,,19210613,regular,full
CAG192106130,6/P,9,0,0,CHI09,IN4,CAG,0,0,taylb108,staro101,4,3,L,L,?,?,??,,,1,1,0,0,0,0,0,0,0,0,0,0,0,0,1,0,1,1,0,0,1,0,0,0,0,0,0,0,0,0,0,0,0,0,0,0,0,0,0,0,0,0,0,0,0,0,0,0,0,0,0,1,2,,,,,,,,,,,,,,,,,,,,,,,,0,0,0,0,0,0,0,0,0,0,0,0,clarm103,jeffr101,willc105,taylb108,mackb102,kenyh101,washn101,day-c102,johnd108,6,8,4,3,2,7,9,5,1,dixog101,granl101,demob102,malad101,willb107,gardj102,torrc101,browj111,0,0,0,0,0,0,1,0,0,0,0,0,0,0,0,0,0,0,0,6,6,0,0,0,0,0,0,6,,P,0,0,59,?,,,,,,19210613,regular,full
CAG192106130,4/P,9,0,0,CHI09,IN4,CAG,0,0,mackb102,staro101,5,2,B,L,?,?,??,,,1,1,0,0,0,0,0,0,0,0,0,0,0,0,1,0,1,1,0,0,1,0,0,0,0,0,0,0,0,0,0,0,0,0,0,0,0,0,0,0,0,0,0,0,0,0,0,0,0,0,0,2,3,,,,,,,,,,,,,,,,,,,,,,,,0,0,0,0,0,0,0,0,0,0,0,0,clarm103,jeffr101,willc105,taylb108,mackb102,kenyh101,washn101,day-c102,johnd108,6,8,4,3,2,7,9,5,1,dixog101,granl101,demob102,malad101,willb107,gardj102,torrc101,browj111,0,0,0,0,1,0,0,0,0,0,0,0,0,0,0,0,0,0,0,4,4,0,0,0,0,0,0,4,,P,0,0,60,?,,,,,,19210613,regular,full
CAG192106130,K,9,1,1,CHI09,CAG,IN4,0,0,staro101,johnd108,9,1,?,R,?,?,??,,,1,1,0,0,0,0,0,0,0,0,1,0,0,0,0,0,0,0,0,0,0,0,0,0,0,0,0,0,0,0,0,0,0,0,0,0,0,0,0,0,0,0,0,0,0,0,0,0,0,0,0,0,1,,,,,,,,,,,,,,,,,,,,,,,,0,0,0,0,0,0,0,0,0,0,0,0,malad101,demob102,browj111,torrc101,dixog101,gardj102,willb107,granl101,staro101,5,4,9,8,2,7,6,3,1,mackb102,taylb108,willc105,day-c102,clarm103,kenyh101,jeffr101,washn101,0,0,1,0,0,0,0,0,0,0,0,0,0,0,0,0,0,0,0,2,0,0,0,0,0,0,0,0,,,0,0,61,?,,,,,,19210613,regular,full
CAG192106130,43,9,1,1,CHI09,CAG,IN4,0,0,malad101,johnd108,1,5,B,R,?,?,??,,,1,1,0,0,0,0,0,0,0,0,0,0,0,0,1,0,1,1,0,1,0,0,0,0,0,0,0,0,0,0,0,0,0,0,0,0,0,0,0,0,0,0,0,0,0,0,0,0,0,0,0,1,2,,,,,,,,,,,,,,,,,,,,,,,,0,0,0,0,0,0,0,0,0,0,0,0,malad101,demob102,browj111,torrc101,dixog101,gardj102,willb107,granl101,staro101,5,4,9,8,2,7,6,3,1,mackb102,taylb108,willc105,day-c102,clarm103,kenyh101,jeffr101,washn101,0,0,0,1,0,0,0,0,0,0,0,0,0,1,0,0,0,0,0,43,4,0,0,0,0,0,0,4,3+,G,0,0,62,?,,,,,,19210613,regular,full
CAG192106130,2/FL,9,1,1,CHI09,CAG,IN4,0,0,demob102,johnd108,2,4,R,R,?,?,??,,,1,1,0,0,0,0,0,0,0,0,0,0,0,0,1,0,1,1,0,0,1,0,0,0,0,0,0,0,0,0,0,0,0,0,0,0,0,0,0,0,0,0,0,0,0,0,0,0,0,0,0,2,3,,,,,,,,,,,,,,,,,,,,,,,,0,0,0,0,0,0,0,0,0,0,0,0,malad101,demob102,browj111,torrc101,dixog101,gardj102,willb107,granl101,staro101,5,4,9,8,2,7,6,3,1,mackb102,taylb108,willc105,day-c102,clarm103,kenyh101,jeffr101,washn101,0,0,1,0,0,0,0,0,0,0,0,0,0,0,0,0,0,0,0,2,2,0,0,0,0,0,0,2,,F,0,0,63,?,,,,,,19210613,regular,full
CAG192106130,9,10,0,0,CHI09,IN4,CAG,0,0,kenyh101,staro101,6,7,R,L,?,?,??,,,1,1,0,0,0,0,0,0,0,0,0,0,0,0,1,0,1,1,0,0,1,0,0,0,0,0,0,0,0,0,0,0,0,0,0,0,0,0,0,0,0,0,0,0,0,0,0,0,0,0,0,0,1,,,,,,,,,,,,,,,,,,,,,,,,0,0,0,0,0,0,0,0,0,0,0,0,clarm103,jeffr101,willc105,taylb108,mackb102,kenyh101,washn101,day-c102,johnd108,6,8,4,3,2,7,9,5,1,dixog101,granl101,demob102,malad101,willb107,gardj102,torrc101,browj111,0,0,0,0,0,0,0,0,0,1,0,0,0,0,0,0,0,0,0,9,9,0,0,0,0,0,0,9,9+,F,0,0,64,?,,,,,,19210613,regular,full
CAG192106130,7,10,0,0,CHI09,IN4,CAG,0,0,washn101,staro101,7,9,?,L,?,?,??,,,1,1,0,0,0,0,0,0,0,0,0,0,0,0,1,0,1,1,0,0,1,0,0,0,0,0,0,0,0,0,0,0,0,0,0,0,0,0,0,0,0,0,0,0,0,0,0,0,0,0,0,1,2,,,,,,,,,,,,,,,,,,,,,,,,0,0,0,0,0,0,0,0,0,0,0,0,clarm103,jeffr101,willc105,taylb108,mackb102,kenyh101,washn101,day-c102,johnd108,6,8,4,3,2,7,9,5,1,dixog101,granl101,demob102,malad101,willb107,gardj102,torrc101,browj111,0,0,0,0,0,0,0,1,0,0,0,0,0,0,0,0,0,0,0,7,7,0,0,0,0,0,0,7,7+,F,0,0,65,?,,,,,,19210613,regular,full
CAG192106130,2/FL,10,0,0,CHI09,IN4,CAG,0,0,day-c102,staro101,8,5,R,L,?,?,??,,,1,1,0,0,0,0,0,0,0,0,0,0,0,0,1,0,1,1,0,0,1,0,0,0,0,0,0,0,0,0,0,0,0,0,0,0,0,0,0,0,0,0,0,0,0,0,0,0,0,0,0,2,3,,,,,,,,,,,,,,,,,,,,,,,,0,0,0,0,0,0,0,0,0,0,0,0,clarm103,jeffr101,willc105,taylb108,mackb102,kenyh101,washn101,day-c102,johnd108,6,8,4,3,2,7,9,5,1,dixog101,granl101,demob102,malad101,willb107,gardj102,torrc101,browj111,0,0,1,0,0,0,0,0,0,0,0,0,0,0,0,0,0,0,0,2,2,0,0,0,0,0,0,2,,F,0,0,66,?,,,,,,19210613,regular,full
CAG192106130,13,10,1,1,CHI09,CAG,IN4,0,0,browj111,johnd108,3,9,B,R,?,?,??,,,1,1,0,0,0,0,0,0,0,0,0,0,0,0,1,0,1,1,0,1,0,0,0,0,0,0,0,0,0,0,0,0,0,0,0,0,0,0,0,0,0,0,0,0,0,0,0,0,0,0,0,0,1,,,,,,,,,,,,,,,,,,,,,,,,0,0,0,0,0,0,0,0,0,0,0,0,malad101,demob102,browj111,torrc101,dixog101,gardj102,willb107,granl101,staro101,5,4,9,8,2,7,6,3,1,mackb102,taylb108,willc105,day-c102,clarm103,kenyh101,jeffr101,washn101,0,0,0,1,0,0,0,0,0,0,1,0,0,0,0,0,0,0,0,13,1,0,0,0,0,0,0,1,13+,G,0,0,67,?,,,,,,19210613,regular,full
CAG192106130,S,10,1,1,CHI09,CAG,IN4,0,0,torrc101,johnd108,4,8,L,R,?,?,??,,,1,1,1,0,0,0,0,0,0,0,0,0,0,0,0,0,0,1,0,0,0,0,0,0,0,0,0,0,0,0,0,0,0,0,0,0,0,0,0,0,0,0,0,0,0,0,0,0,0,0,0,1,1,,,,torrc101,,,,,,,,,johnd108,,,,,,,,,,,0,0,0,0,0,0,0,0,0,0,0,0,malad101,demob102,browj111,torrc101,dixog101,gardj102,willb107,granl101,staro101,5,4,9,8,2,7,6,3,1,mackb102,taylb108,willc105,day-c102,clarm103,kenyh101,jeffr101,washn101,0,0,0,0,0,0,0,0,0,0,0,0,0,0,0,0,0,0,0,,0,0,0,0,0,0,0,0,,,0,0,68,?,,,,,,19210613,regular,full
CAG192106130,4/P,10,1,1,CHI09,CAG,IN4,0,0,dixog101,johnd108,5,2,L,R,?,?,??,,,1,1,0,0,0,0,0,0,0,0,0,0,0,0,1,0,1,1,0,0,1,0,0,0,0,0,0,0,0,0,0,0,0,0,0,0,0,0,0,0,0,0,0,0,0,0,0,0,0,0,0,1,2,torrc101,,,torrc101,,,,,,johnd108,,,johnd108,,,,,,,,,,,0,0,0,0,0,0,0,0,0,0,0,0,malad101,demob102,browj111,torrc101,dixog101,gardj102,willb107,granl101,staro101,5,4,9,8,2,7,6,3,1,mackb102,taylb108,willc105,day-c102,clarm103,kenyh101,jeffr101,washn101,0,0,0,0,1,0,0,0,0,0,0,0,0,0,0,0,0,0,0,4,4,0,0,0,0,0,0,4,,P,0,0,69,?,,,,,,19210613,regular,full
CAG192106130,S.1-2#,10,1,1,CHI09,CAG,IN4,0,0,gardj102,johnd108,6,7,L,R,?,?,??,,,1,1,1,0,0,0,0,0,0,0,0,0,0,0,0,0,0,1,0,0,0,0,0,0,0,0,0,0,0,0,0,0,0,0,0,0,0,0,0,0,0,0,0,0,0,0,0,0,0,0,0,2,2,torrc101,,,gardj102,torrc101,,,,,johnd108,,,johnd108,johnd108,,,,,,,,,,0,0,0,0,0,0,0,0,0,0,0,0,malad101,demob102,browj111,torrc101,dixog101,gardj102,willb107,granl101,staro101,5,4,9,8,2,7,6,3,1,mackb102,taylb108,willc105,day-c102,clarm103,kenyh101,jeffr101,washn101,0,0,0,0,0,0,0,0,0,0,0,0,0,0,0,0,0,0,0,,0,0,0,0,0,0,0,0,,,0,0,70,?,,,,,,19210613,regular,full
CAG192106130,E5.1-2;2-H(NR)(UR),10,1,1,CHI09,CAG,IN4,0,0,willb107,johnd108,7,6,R,R,?,?,??,,,1,1,0,0,0,0,0,0,0,0,0,0,1,0,0,0,0,1,0,1,0,0,0,0,0,0,0,0,0,0,0,0,0,0,0,0,0,0,0,0,0,0,0,0,0,0,1,0,0,0,0,2,2,gardj102,torrc101,,willb107,gardj102,,,,,johnd108,johnd108,,johnd108,johnd108,,,,torrc101,,,,johnd108,,0,0,1,0,0,0,0,0,1,0,0,0,malad101,demob102,browj111,torrc101,dixog101,gardj102,willb107,granl101,staro101,5,4,9,8,2,7,6,3,1,mackb102,taylb108,willc105,day-c102,clarm103,kenyh101,jeffr101,washn101,0,0,0,0,0,0,0,0,0,0,0,0,0,0,0,0,0,0,0,,0,0,0,0,0,0,0,5,5+,G,0,0,71,?,,,,,,19210613,regular,full
ACY192107310,7,1,0,0,NYC15,IN4,ACY,0,0,clarm103,reddd101,1,6,L,R,?,?,??,,,1,1,0,0,0,0,0,0,0,0,0,0,0,0,1,0,1,1,0,0,1,0,0,0,0,0,0,0,0,0,0,0,0,0,0,0,0,0,0,0,0,0,0,0,0,0,0,0,0,0,0,0,1,,,,,,,,,,,,,,,,,,,,,,,,0,0,0,0,0,0,0,0,0,0,0,0,clarm103,day-c102,mackb102,taylb108,hollc103,washn101,woodw104,power102,johnd108,6,5,4,3,9,8,7,2,1,rojoj101,pettb102,handb102,marco101,lundd103,shivg101,barbj103,browc106,0,0,0,0,0,0,0,1,0,0,0,0,0,0,0,0,0,0,0,7,7,0,0,0,0,0,0,7,7+,F,0,0,1,?,,,,,,19210731,exhibition,full
ACY192107310,S8,1,0,0,NYC15,IN4,ACY,0,0,day-c102,reddd101,2,5,R,R,?,?,??,,,1,1,1,0,0,0,0,0,0,0,0,0,0,0,0,0,0,1,0,0,0,0,0,0,0,0,0,0,0,0,0,0,0,0,0,0,0,0,0,0,0,0,0,0,0,0,0,0,0,0,0,1,1,,,,day-c102,,,,,,,,,reddd101,,,,,,,,,,,0,0,0,0,0,0,0,0,0,0,0,0,clarm103,day-c102,mackb102,taylb108,hollc103,washn101,woodw104,power102,johnd108,6,5,4,3,9,8,7,2,1,rojoj101,pettb102,handb102,marco101,lundd103,shivg101,barbj103,browc106,0,0,0,0,0,0,0,0,0,0,0,0,0,0,0,0,0,0,0,,0,0,0,0,0,0,0,8,8+,,0,0,2,?,,,,,,19210731,exhibition,full
ACY192107310,W.1-2,1,0,0,NYC15,IN4,ACY,0,0,mackb102,reddd101,3,4,B,R,?,?,??,,,1,0,0,0,0,0,0,0,0,1,0,0,0,0,0,0,0,0,0,0,0,0,0,0,0,0,0,0,0,0,0,0,0,0,0,0,0,0,0,0,0,0,0,0,0,0,0,0,0,0,0,1,1,day-c102,,,mackb102,day-c102,,,,,reddd101,,,reddd101,reddd101,,,,,,,,,,0,0,0,0,0,0,0,0,0,0,0,0,clarm103,day-c102,mackb102,taylb108,hollc103,washn101,woodw104,power102,johnd108,6,5,4,3,9,8,7,2,1,rojoj101,pettb102,handb102,marco101,lundd103,shivg101,barbj103,browc106,0,0,0,0,0,0,0,0,0,0,0,0,0,0,0,0,0,0,0,,0,0,0,0,0,0,0,0,,,0,0,3,?,,,,,,19210731,exhibition,full
ACY192107310,S7.2-H;1-2,1,0,0,NYC15,IN4,ACY,0,0,taylb108,reddd101,4,3,L,R,?,?,??,,,1,1,1,0,0,0,0,0,0,0,0,0,0,0,0,0,0,1,0,0,0,0,0,0,0,0,0,0,0,0,0,0,0,0,0,0,0,0,0,0,0,0,0,0,0,0,0,0,0,0,0,1,1,mackb102,day-c102,,taylb108,mackb102,,,,,reddd101,reddd101,,reddd101,reddd101,,,,day-c102,,,,reddd101,,0,0,0,0,0,0,1,0,1,1,1,0,clarm103,day-c102,mackb102,taylb108,hollc103,washn101,woodw104,power102,johnd108,6,5,4,3,9,8,7,2,1,rojoj101,pettb102,handb102,marco101,lundd103,shivg101,barbj103,browc106,0,0,0,0,0,0,0,0,0,0,0,0,0,0,0,0,0,0,0,,0,0,0,0,0,0,0,7,7+,,0,0,4,?,,,,,,19210731,exhibition,full
ACY192107310,S/BR.1X2(4);2-3,1,0,0,NYC15,IN4,ACY,1,0,hollc103,reddd101,5,9,B,R,?,?,??,,,1,1,1,0,0,0,0,0,0,0,0,0,0,0,0,0,0,1,0,0,0,0,0,0,0,0,0,0,0,0,0,0,0,0,0,0,0,0,0,0,0,0,0,0,0,0,0,0,0,0,0,1,2,taylb108,mackb102,,hollc103,,mackb102,,,,reddd101,reddd101,,reddd101,,reddd101,,,,,,,,,0,0,0,0,0,0,0,0,0,0,0,0,clarm103,day-c102,mackb102,taylb108,hollc103,washn101,woodw104,power102,johnd108,6,5,4,3,9,8,7,2,1,rojoj101,pettb102,handb102,marco101,lundd103,shivg101,barbj103,browc106,0,0,0,0,1,0,0,0,0,0,0,0,0,0,0,0,0,0,0,4,0,0,0,0,4,0,0,0,,,0,0,5,?,,,,,,19210731,exhibition,full
ACY192107310,K,1,0,0,NYC15,IN4,ACY,1,0,washn101,reddd101,6,8,?,R,?,?,??,,,1,1,0,0,0,0,0,0,0,0,1,0,0,0,0,0,0,0,0,0,0,0,0,0,0,0,0,0,0,0,0,0,0,0,0,0,0,0,0,0,0,0,0,0,0,0,0,0,0,0,0,2,3,hollc103,,mackb102,,,,mackb102,hollc103,,reddd101,,reddd101,,,,,,,,,,,,0,0,0,0,0,0,0,0,0,0,0,0,clarm103,day-c102,mackb102,taylb108,hollc103,washn101,woodw104,power102,johnd108,6,5,4,3,9,8,7,2,1,rojoj101,pettb102,handb102,marco101,lundd103,shivg101,barbj103,browc106,0,0,1,0,0,0,0,0,0,0,0,0,0,0,0,0,0,0,0,2,0,0,0,0,0,0,0,0,,,0,0,6,?,,,,,,19210731,exhibition,full
ACY192107310,8,1,1,1,NYC15,ACY,IN4,1,0,barbj103,johnd108,1,8,L,R,?,?,??,,,1,1,0,0,0,0,0,0,0,0,0,0,0,0,1,0,1,1,0,0,1,0,0,0,0,0,0,0,0,0,0,0,0,0,0,0,0,0,0,0,0,0,0,0,0,0,0,0,0,0,0,0,1,,,,,,,,,,,,,,,,,,,,,,,,0,0,0,0,0,0,0,0,0,0,0,0,barbj103,shivg101,marco101,pettb102,browc106,rojoj101,lundd103,handb102,reddd101,8,7,5,3,9,2,6,4,1,power102,taylb108,mackb102,day-c102,clarm103,woodw104,washn101,hollc103,0,0,0,0,0,0,0,0,1,0,0,0,0,0,0,0,0,0,0,8,8,0,0,0,0,0,0,8,8+,F,0,0,7,?,,,,,,19210731,exhibition,full
ACY192107310,K,1,1,1,NYC15,ACY,IN4,1,0,shivg101,johnd108,2,7,L,R,?,?,??,,,1,1,0,0,0,0,0,0,0,0,1,0,0,0,0,0,0,0,0,0,0,0,0,0,0,0,0,0,0,0,0,0,0,0,0,0,0,0,0,0,0,0,0,0,0,0,0,0,0,0,0,1,2,,,,,,,,,,,,,,,,,,,,,,,,0,0,0,0,0,0,0,0,0,0,0,0,barbj103,shivg101,marco101,pettb102,browc106,rojoj101,lundd103,handb102,reddd101,8,7,5,3,9,2,6,4,1,power102,taylb108,mackb102,day-c102,clarm103,woodw104,washn101,hollc103,0,0,1,0,0,0,0,0,0,0,0,0,0,0,0,0,0,0,0,2,0,0,0,0,0,0,0,0,,,0,0,8,?,,,,,,19210731,exhibition,full
ACY192107310,D8,1,1,1,NYC15,ACY,IN4,1,0,marco101,johnd108,3,5,R,R,?,?,??,,,1,1,0,1,0,0,0,0,0,0,0,0,0,0,0,0,0,1,0,0,0,0,0,0,0,0,0,0,0,0,0,0,0,0,0,0,0,0,0,0,0,0,0,0,0,0,0,0,0,0,0,2,2,,,,,marco101,,,,,,,,,johnd108,,,,,,,,,,0,0,0,0,0,0,0,0,0,0,0,0,barbj103,shivg101,marco101,pettb102,browc106,rojoj101,lundd103,handb102,reddd101,8,7,5,3,9,2,6,4,1,power102,taylb108,mackb102,day-c102,clarm103,woodw104,washn101,hollc103,0,0,0,0,0,0,0,0,0,0,0,0,0,0,0,0,0,0,0,,0,0,0,0,0,0,0,8,8+,,0,0,9,?,,,,,,19210731,exhibition,full
ACY192107310,W,1,1,1,NYC15,ACY,IN4,1,0,pettb102,johnd108,4,3,L,R,?,?,??,,,1,0,0,0,0,0,0,0,0,1,0,0,0,0,0,0,0,0,0,0,0,0,0,0,0,0,0,0,0,0,0,0,0,0,0,0,0,0,0,0,0,0,0,0,0,0,0,0,0,0,0,2,2,,marco101,,pettb102,marco101,,,,,,johnd108,,johnd108,johnd108,,,,,,,,,,0,0,0,0,0,0,0,0,0,0,0,0,barbj103,shivg101,marco101,pettb102,browc106,rojoj101,lundd103,handb102,reddd101,8,7,5,3,9,2,6,4,1,power102,taylb108,mackb102,day-c102,clarm103,woodw104,washn101,hollc103,0,0,0,0,0,0,0,0,0,0,0,0,0,0,0,0,0,0,0,,0,0,0,0,0,0,0,0,,,0,0,10,?,,,,,,19210731,exhibition,full
ACY192107310,W.2-3;1-2,1,1,1,NYC15,ACY,IN4,1,0,browc106,johnd108,5,9,L,R,?,?,??,,,1,0,0,0,0,0,0,0,0,1,0,0,0,0,0,0,0,0,0,0,0,0,0,0,0,0,0,0,0,0,0,0,0,0,0,0,0,0,0,0,0,0,0,0,0,0,0,0,0,0,0,2,2,pettb102,marco101,,browc106,pettb102,marco101,,,,johnd108,johnd108,,johnd108,johnd108,johnd108,,,,,,,,,0,0,0,0,0,0,0,0,0,0,0,0,barbj103,shivg101,marco101,pettb102,browc106,rojoj101,lundd103,handb102,reddd101,8,7,5,3,9,2,6,4,1,power102,taylb108,mackb102,day-c102,clarm103,woodw104,washn101,hollc103,0,0,0,0,0,0,0,0,0,0,0,0,0,0,0,0,0,0,0,,0,0,0,0,0,0,0,0,,,0,0,11,?,,,,,,19210731,exhibition,full
ACY192107310,HP.3-H;2-3;1-2,1,1,1,NYC15,ACY,IN4,1,0,rojoj101,johnd108,6,2,B,R,?,?,??,,,1,0,0,0,0,0,0,0,1,0,0,0,0,0,0,0,0,0,0,0,0,0,0,0,0,0,0,0,0,0,0,0,0,0,0,0,0,0,0,0,0,0,0,0,0,0,0,0,0,0,0,2,2,browc106,pettb102,marco101,rojoj101,browc106,pettb102,,,,johnd108,johnd108,johnd108,johnd108,johnd108,johnd108,,,,marco101,,,,johnd108,0,0,0,0,0,0,0,1,1,1,1,0,barbj103,shivg101,marco101,pettb102,browc106,rojoj101,lundd103,handb102,reddd101,8,7,5,3,9,2,6,4,1,power102,taylb108,mackb102,day-c102,clarm103,woodw104,washn101,hollc103,0,0,0,0,0,0,0,0,0,0,0,0,0,0,0,0,0,0,0,,0,0,0,0,0,0,0,0,,,0,0,12,?,,,,,,19210731,exhibition,full
ACY192107310,8,1,1,1,NYC15,ACY,IN4,1,1,lundd103,johnd108,7,6,B,R,?,?,??,,,1,1,0,0,0,0,0,0,0,0,0,0,0,0,1,0,1,1,0,0,1,0,0,0,0,0,0,0,0,0,0,0,0,0,0,0,0,0,0,0,0,0,0,0,0,0,0,0,0,0,0,2,3,rojoj101,browc106,pettb102,,,,pettb102,browc106,rojoj101,johnd108,johnd108,johnd108,,,,,,,,,,,,0,0,0,0,0,0,0,0,0,0,0,0,barbj103,shivg101,marco101,pettb102,browc106,rojoj101,lundd103,handb102,reddd101,8,7,5,3,9,2,6,4,1,power102,taylb108,mackb102,day-c102,clarm103,woodw104,washn101,hollc103,0,0,0,0,0,0,0,0,1,0,0,0,0,0,0,0,0,0,0,8,8,0,0,0,0,0,0,8,8+,F,0,0,13,?,,,,,,19210731,exhibition,full
ACY192107310,43,2,0,0,NYC15,IN4,ACY,1,1,woodw104,reddd101,7,7,L,R,?,?,??,,,1,1,0,0,0,0,0,0,0,0,0,0,0,0,1,0,1,1,0,1,0,0,0,0,0,0,0,0,0,0,0,0,0,0,0,0,0,0,0,0,0,0,0,0,0,0,0,0,0,0,0,0,1,,,,,,,,,,,,,,,,,,,,,,,,0,0,0,0,0,0,0,0,0,0,0,0,clarm103,day-c102,mackb102,taylb108,hollc103,washn101,woodw104,power102,johnd108,6,5,4,3,9,8,7,2,1,rojoj101,pettb102,handb102,marco101,lundd103,shivg101,barbj103,browc106,0,0,0,1,0,0,0,0,0,0,0,0,0,1,0,0,0,0,0,43,4,0,0,0,0,0,0,4,3+,G,0,0,14,?,,,,,,19210731,exhibition,full
ACY192107310,9,2,0,0,NYC15,IN4,ACY,1,1,power102,reddd101,8,2,?,R,?,?,??,,,1,1,0,0,0,0,0,0,0,0,0,0,0,0,1,0,1,1,0,0,1,0,0,0,0,0,0,0,0,0,0,0,0,0,0,0,0,0,0,0,0,0,0,0,0,0,0,0,0,0,0,1,2,,,,,,,,,,,,,,,,,,,,,,,,0,0,0,0,0,0,0,0,0,0,0,0,clarm103,day-c102,mackb102,taylb108,hollc103,washn101,woodw104,power102,johnd108,6,5,4,3,9,8,7,2,1,rojoj101,pettb102,handb102,marco101,lundd103,shivg101,barbj103,browc106,0,0,0,0,0,0,0,0,0,1,0,0,0,0,0,0,0,0,0,9,9,0,0,0,0,0,0,9,9+,F,0,0,15,?,,,,,,19210731,exhibition,full
ACY192107310,D9,2,0,0,NYC15,IN4,ACY,1,1,johnd108,reddd101,9,1,R,R,?,?,??,,,1,1,0,1,0,0,0,0,0,0,0,0,0,0,0,0,0,1,0,0,0,0,0,0,0,0,0,0,0,0,0,0,0,0,0,0,0,0,0,0,0,0,0,0,0,0,0,0,0,0,0,2,2,,,,,johnd108,,,,,,,,,reddd101,,,,,,,,,,0,0,0,0,0,0,0,0,0,0,0,0,clarm103,day-c102,mackb102,taylb108,hollc103,washn101,woodw104,power102,johnd108,6,5,4,3,9,8,7,2,1,rojoj101,pettb102,handb102,marco101,lundd103,shivg101,barbj103,browc106,0,0,0,0,0,0,0,0,0,0,0,0,0,0,0,0,0,0,0,,0,0,0,0,0,0,0,9,9+,,0,0,16,?,,,,,,19210731,exhibition,full
ACY192107310,5/P,2,0,0,NYC15,IN4,ACY,1,1,clarm103,reddd101,1,6,L,R,?,?,??,,,1,1,0,0,0,0,0,0,0,0,0,0,0,0,1,0,1,1,0,0,1,0,0,0,0,0,0,0,0,0,0,0,0,0,0,0,0,0,0,0,0,0,0,0,0,0,0,0,0,0,0,2,3,,johnd108,,,,,johnd108,,,,reddd101,,,,,,,,,,,,,0,0,0,0,0,0,0,0,0,0,0,0,clarm103,day-c102,mackb102,taylb108,hollc103,washn101,woodw104,power102,johnd108,6,5,4,3,9,8,7,2,1,rojoj101,pettb102,handb102,marco101,lundd103,shivg101,barbj103,browc106,0,0,0,0,0,1,0,0,0,0,0,0,0,0,0,0,0,0,0,5,5,0,0,0,0,0,0,5,,P,0,0,17,?,,,,,,19210731,exhibition,full
ACY192107310,63,2,1,1,NYC15,ACY,IN4,1,1,handb102,johnd108,8,4,?,R,?,?,??,,,1,1,0,0,0,0,0,0,0,0,0,0,0,0,1,0,1,1,0,1,0,0,0,0,0,0,0,0,0,0,0,0,0,0,0,0,0,0,0,0,0,0,0,0,0,0,0,0,0,0,0,0,1,,,,,,,,,,,,,,,,,,,,,,,,0,0,0,0,0,0,0,0,0,0,0,0,barbj103,shivg101,marco101,pettb102,browc106,rojoj101,lundd103,handb102,reddd101,8,7,5,3,9,2,6,4,1,power102,taylb108,mackb102,day-c102,clarm103,woodw104,washn101,hollc103,0,0,0,1,0,0,0,0,0,0,0,0,0,0,0,1,0,0,0,63,6,0,0,0,0,0,0,6,3+,G,0,0,18,?,,,,,,19210731,exhibition,full
ACY192107310,9,2,1,1,NYC15,ACY,IN4,1,1,reddd101,johnd108,9,1,R,R,?,?,??,,,1,1,0,0,0,0,0,0,0,0,0,0,0,0,1,0,1,1,0,0,1,0,0,0,0,0,0,0,0,0,0,0,0,0,0,0,0,0,0,0,0,0,0,0,0,0,0,0,0,0,0,1,2,,,,,,,,,,,,,,,,,,,,,,,,0,0,0,0,0,0,0,0,0,0,0,0,barbj103,shivg101,marco101,pettb102,browc106,rojoj101,lundd103,handb102,reddd101,8,7,5,3,9,2,6,4,1,power102,taylb108,mackb102,day-c102,clarm103,woodw104,washn101,hollc103,0,0,0,0,0,0,0,0,0,1,0,0,0,0,0,0,0,0,0,9,9,0,0,0,0,0,0,9,9+,F,0,0,19,?,,,,,,19210731,exhibition,full
ACY192107310,7,2,1,1,NYC15,ACY,IN4,1,1,barbj103,johnd108,1,8,L,R,?,?,??,,,1,1,0,0,0,0,0,0,0,0,0,0,0,0,1,0,1,1,0,0,1,0,0,0,0,0,0,0,0,0,0,0,0,0,0,0,0,0,0,0,0,0,0,0,0,0,0,0,0,0,0,2,3,,,,,,,,,,,,,,,,,,,,,,,,0,0,0,0,0,0,0,0,0,0,0,0,barbj103,shivg101,marco101,pettb102,browc106,rojoj101,lundd103,handb102,reddd101,8,7,5,3,9,2,6,4,1,power102,taylb108,mackb102,day-c102,clarm103,woodw104,washn101,hollc103,0,0,0,0,0,0,0,1,0,0,0,0,0,0,0,0,0,0,0,7,7,0,0,0,0,0,0,7,7+,F,0,0,20,?,,,,,,19210731,exhibition,full
ACY192107310,2/FL,3,0,0,NYC15,IN4,ACY,1,1,day-c102,reddd101,2,5,R,R,?,?,??,,,1,1,0,0,0,0,0,0,0,0,0,0,0,0,1,0,1,1,0,0,1,0,0,0,0,0,0,0,0,0,0,0,0,0,0,0,0,0,0,0,0,0,0,0,0,0,0,0,0,0,0,0,1,,,,,,,,,,,,,,,,,,,,,,,,0,0,0,0,0,0,0,0,0,0,0,0,clarm103,day-c102,mackb102,taylb108,hollc103,washn101,woodw104,power102,johnd108,6,5,4,3,9,8,7,2,1,rojoj101,pettb102,handb102,marco101,lundd103,shivg101,barbj103,browc106,0,0,1,0,0,0,0,0,0,0,0,0,0,0,0,0,0,0,0,2,2,0,0,0,0,0,0,2,,F,0,0,21,?,,,,,,19210731,exhibition,full
ACY192107310,9,3,0,0,NYC15,IN4,ACY,1,1,mackb102,reddd101,3,4,B,R,?,?,??,,,1,1,0,0,0,0,0,0,0,0,0,0,0,0,1,0,1,1,0,0,1,0,0,0,0,0,0,0,0,0,0,0,0,0,0,0,0,0,0,0,0,0,0,0,0,0,0,0,0,0,0,1,2,,,,,,,,,,,,,,,,,,,,,,,,0,0,0,0,0,0,0,0,0,0,0,0,clarm103,day-c102,mackb102,taylb108,hollc103,washn101,woodw104,power102,johnd108,6,5,4,3,9,8,7,2,1,rojoj101,pettb102,handb102,marco101,lundd103,shivg101,barbj103,browc106,0,0,0,0,0,0,0,0,0,1,0,0,0,0,0,0,0,0,0,9,9,0,0,0,0,0,0,9,9+,F,0,0,22,?,,,,,,19210731,exhibition,full
ACY192107310,K,3,0,0,NYC15,IN4,ACY,1,1,taylb108,reddd101,4,3,L,R,?,?,??,,,1,1,0,0,0,0,0,0,0,0,1,0,0,0,0,0,0,0,0,0,0,0,0,0,0,0,0,0,0,0,0,0,0,0,0,0,0,0,0,0,0,0,0,0,0,0,0,0,0,0,0,2,3,,,,,,,,,,,,,,,,,,,,,,,,0,0,0,0,0,0,0,0,0,0,0,0,clarm103,day-c102,mackb102,taylb108,hollc103,washn101,woodw104,power102,johnd108,6,5,4,3,9,8,7,2,1,rojoj101,pettb102,handb102,marco101,lundd103,shivg101,barbj103,browc106,0,0,1,0,0,0,0,0,0,0,0,0,0,0,0,0,0,0,0,2,0,0,0,0,0,0,0,0,,,0,0,23,?,,,,,,19210731,exhibition,full
ACY192107310,K,3,1,1,NYC15,ACY,IN4,1,1,shivg101,johnd108,2,7,L,R,?,?,??,,,1,1,0,0,0,0,0,0,0,0,1,0,0,0,0,0,0,0,0,0,0,0,0,0,0,0,0,0,0,0,0,0,0,0,0,0,0,0,0,0,0,0,0,0,0,0,0,0,0,0,0,0,1,,,,,,,,,,,,,,,,,,,,,,,,0,0,0,0,0,0,0,0,0,0,0,0,barbj103,shivg101,marco101,pettb102,browc106,rojoj101,lundd103,handb102,reddd101,8,7,5,3,9,2,6,4,1,power102,taylb108,mackb102,day-c102,clarm103,woodw104,washn101,hollc103,0,0,1,0,0,0,0,0,0,0,0,0,0,0,0,0,0,0,0,2,0,0,0,0,0,0,0,0,,,0,0,24,?,,,,,,19210731,exhibition,full
ACY192107310,K,3,1,1,NYC15,ACY,IN4,1,1,marco101,johnd108,3,5,R,R,?,?,??,,,1,1,0,0,0,0,0,0,0,0,1,0,0,0,0,0,0,0,0,0,0,0,0,0,0,0,0,0,0,0,0,0,0,0,0,0,0,0,0,0,0,0,0,0,0,0,0,0,0,0,0,1,2,,,,,,,,,,,,,,,,,,,,,,,,0,0,0,0,0,0,0,0,0,0,0,0,barbj103,shivg101,marco101,pettb102,browc106,rojoj101,lundd103,handb102,reddd101,8,7,5,3,9,2,6,4,1,power102,taylb108,mackb102,day-c102,clarm103,woodw104,washn101,hollc103,0,0,1,0,0,0,0,0,0,0,0,0,0,0,0,0,0,0,0,2,0,0,0,0,0,0,0,0,,,0,0,25,?,,,,,,19210731,exhibition,full
ACY192107310,3/P,3,1,1,NYC15,ACY,IN4,1,1,pettb102,johnd108,4,3,L,R,?,?,??,,,1,1,0,0,0,0,0,0,0,0,0,0,0,0,1,0,1,1,0,0,1,0,0,0,0,0,0,0,0,0,0,0,0,0,0,0,0,0,0,0,0,0,0,0,0,0,0,0,0,0,0,2,3,,,,,,,,,,,,,,,,,,,,,,,,0,0,0,0,0,0,0,0,0,0,0,0,barbj103,shivg101,marco101,pettb102,browc106,rojoj101,lundd103,handb102,reddd101,8,7,5,3,9,2,6,4,1,power102,taylb108,mackb102,day-c102,clarm103,woodw104,washn101,hollc103,0,0,0,1,0,0,0,0,0,0,0,0,0,0,0,0,0,0,0,3,3,0,0,0,0,0,0,3,,P,0,0,26,?,,,,,,19210731,exhibition,full
ACY192107310,S8,4,0,0,NYC15,IN4,ACY,1,1,hollc103,reddd101,5,9,B,R,?,?,??,,,1,1,1,0,0,0,0,0,0,0,0,0,0,0,0,0,0,1,0,0,0,0,0,0,0,0,0,0,0,0,0,0,0,0,0,0,0,0,0,0,0,0,0,0,0,0,0,0,0,0,0,0,0,,,,hollc103,,,,,,,,,reddd101,,,,,,,,,,,0,0,0,0,0,0,0,0,0,0,0,0,clarm103,day-c102,mackb102,taylb108,hollc103,washn101,woodw104,power102,johnd108,6,5,4,3,9,8,7,2,1,rojoj101,pettb102,handb102,marco101,lundd103,shivg101,barbj103,browc106,0,0,0,0,0,0,0,0,0,0,0,0,0,0,0,0,0,0,0,,0,0,0,0,0,0,0,8,8+,,0,0,27,?,,,,,,19210731,exhibition,full
ACY192107310,24(B)/BG.1-2,4,0,0,NYC15,IN4,ACY,1,1,washn101,reddd101,6,8,?,R,?,?,??,,,1,1,0,0,0,0,0,0,0,0,0,0,0,0,1,0,1,1,1,0,0,0,0,0,0,0,0,0,0,0,0,0,0,0,0,0,0,0,0,0,0,0,0,0,0,0,0,0,0,0,0,0,1,hollc103,,,,hollc103,,,,,reddd101,,,,reddd101,,,,,,,,,,0,0,0,0,0,0,0,0,0,0,0,0,clarm103,day-c102,mackb102,taylb108,hollc103,washn101,woodw104,power102,johnd108,6,5,4,3,9,8,7,2,1,rojoj101,pettb102,handb102,marco101,lundd103,shivg101,barbj103,browc106,0,0,0,0,1,0,0,0,0,0,0,1,0,0,0,0,0,0,0,24,2,0,0,0,0,0,0,2,,BG,0,0,28,?,,,,,,19210731,exhibition,full
ACY192107310,3/G.2-3,4,0,0,NYC15,IN4,ACY,1,1,woodw104,reddd101,7,7,L,R,?,?,??,,,1,1,0,0,0,0,0,0,0,0,0,0,0,0,1,0,1,1,0,1,0,0,0,0,0,0,0,0,0,0,0,0,0,0,0,0,0,0,0,0,0,0,0,0,0,0,0,0,0,0,0,1,2,,hollc103,,,,hollc103,,,,,reddd101,,,,reddd101,,,,,,,,,0,0,0,0,0,0,0,0,0,0,0,0,clarm103,day-c102,mackb102,taylb108,hollc103,washn101,woodw104,power102,johnd108,6,5,4,3,9,8,7,2,1,rojoj101,pettb102,handb102,marco101,lundd103,shivg101,barbj103,browc106,0,0,0,1,0,0,0,0,0,0,0,0,0,0,0,0,0,0,0,3,3,0,0,0,0,0,0,3,,G,0,0,29,?,,,,,,19210731,exhibition,full
ACY192107310,7,4,0,0,NYC15,IN4,ACY,1,1,power102,reddd101,8,2,?,R,?,?,??,,,1,1,0,0,0,0,0,0,0,0,0,0,0,0,1,0,1,1,0,0,1,0,0,0,0,0,0,0,0,0,0,0,0,0,0,0,0,0,0,0,0,0,0,0,0,0,0,0,0,0,0,2,3,,,hollc103,,,,hollc103,,,,,reddd101,,,,,,,,,,,,0,0,0,0,0,0,0,0,0,0,0,0,clarm103,day-c102,mackb102,taylb108,hollc103,washn101,woodw104,power102,johnd108,6,5,4,3,9,8,7,2,1,rojoj101,pettb102,handb102,marco101,lundd103,shivg101,barbj103,browc106,0,0,0,0,0,0,0,1,0,0,0,0,0,0,0,0,0,0,0,7,7,0,0,0,0,0,0,7,7+,F,0,0,30,?,,,,,,19210731,exhibition,full
ACY192107310,8,4,1,1,NYC15,ACY,IN4,1,1,browc106,johnd108,5,9,L,R,?,?,??,,,1,1,0,0,0,0,0,0,0,0,0,0,0,0,1,0,1,1,0,0,1,0,0,0,0,0,0,0,0,0,0,0,0,0,0,0,0,0,0,0,0,0,0,0,0,0,0,0,0,0,0,0,1,,,,,,,,,,,,,,,,,,,,,,,,0,0,0,0,0,0,0,0,0,0,0,0,barbj103,shivg101,marco101,pettb102,browc106,rojoj101,lundd103,handb102,reddd101,8,7,5,3,9,2,6,4,1,power102,taylb108,mackb102,day-c102,clarm103,woodw104,washn101,hollc103,0,0,0,0,0,0,0,0,1,0,0,0,0,0,0,0,0,0,0,8,8,0,0,0,0,0,0,8,8+,F,0,0,31,?,,,,,,19210731,exhibition,full
ACY192107310,W,4,1,1,NYC15,ACY,IN4,1,1,rojoj101,johnd108,6,2,B,R,?,?,??,,,1,0,0,0,0,0,0,0,0,1,0,0,0,0,0,0,0,0,0,0,0,0,0,0,0,0,0,0,0,0,0,0,0,0,0,0,0,0,0,0,0,0,0,0,0,0,0,0,0,0,0,1,1,,,,rojoj101,,,,,,,,,johnd108,,,,,,,,,,,0,0,0,0,0,0,0,0,0,0,0,0,barbj103,shivg101,marco101,pettb102,browc106,rojoj101,lundd103,handb102,reddd101,8,7,5,3,9,2,6,4,1,power102,taylb108,mackb102,day-c102,clarm103,woodw104,washn101,hollc103,0,0,0,0,0,0,0,0,0,0,0,0,0,0,0,0,0,0,0,,0,0,0,0,0,0,0,0,,,0,0,32,?,,,,,,19210731,exhibition,full
ACY192107310,D7.1-3,4,1,1,NYC15,ACY,IN4,1,1,lundd103,johnd108,7,6,B,R,?,?,??,,,1,1,0,1,0,0,0,0,0,0,0,0,0,0,0,0,0,1,0,0,0,0,0,0,0,0,0,0,0,0,0,0,0,0,0,0,0,0,0,0,0,0,0,0,0,0,0,0,0,0,0,1,1,rojoj101,,,,lundd103,rojoj101,,,,johnd108,,,,johnd108,johnd108,,,,,,,,,0,0,0,0,0,0,0,0,0,0,0,0,barbj103,shivg101,marco101,pettb102,browc106,rojoj101,lundd103,handb102,reddd101,8,7,5,3,9,2,6,4,1,power102,taylb108,mackb102,day-c102,clarm103,woodw104,washn101,hollc103,0,0,0,0,0,0,0,0,0,0,0,0,0,0,0,0,0,0,0,,0,0,0,0,0,0,0,7,7+,,0,0,33,?,,,,,,19210731,exhibition,full
ACY192107310,8/SF.3-H,4,1,1,NYC15,ACY,IN4,1,1,handb102,johnd108,8,4,?,R,?,?,??,,,1,0,0,0,0,0,0,1,0,0,0,0,0,0,0,0,0,1,0,0,1,0,0,0,0,0,0,0,0,0,0,0,0,0,0,0,0,0,0,0,0,0,0,0,0,0,0,0,0,0,0,1,2,,lundd103,rojoj101,,lundd103,,,,,,johnd108,johnd108,,johnd108,,,,,rojoj101,,,,johnd108,0,0,0,0,0,0,0,1,1,1,1,0,barbj103,shivg101,marco101,pettb102,browc106,rojoj101,lundd103,handb102,reddd101,8,7,5,3,9,2,6,4,1,power102,taylb108,mackb102,day-c102,clarm103,woodw104,washn101,hollc103,0,0,0,0,0,0,0,0,1,0,0,0,0,0,0,0,0,0,0,8,8,0,0,0,0,0,0,8,,F,0,0,34,?,,,,,,19210731,exhibition,full
ACY192107310,53,4,1,1,NYC15,ACY,IN4,1,2,reddd101,johnd108,9,1,R,R,?,?,??,,,1,1,0,0,0,0,0,0,0,0,0,0,0,0,1,0,1,1,0,1,0,0,0,0,0,0,0,0,0,0,0,0,0,0,0,0,0,0,0,0,0,0,0,0,0,0,0,0,0,0,0,2,3,,lundd103,,,,,lundd103,,,,johnd108,,,,,,,,,,,,,0,0,0,0,0,0,0,0,0,0,0,0,barbj103,shivg101,marco101,pettb102,browc106,rojoj101,lundd103,handb102,reddd101,8,7,5,3,9,2,6,4,1,power102,taylb108,mackb102,day-c102,clarm103,woodw104,washn101,hollc103,0,0,0,1,0,0,0,0,0,0,0,0,0,0,1,0,0,0,0,53,5,0,0,0,0,0,0,5,3+,G,0,0,35,?,,,,,,19210731,exhibition,full
ACY192107310,T9,5,0,0,NYC15,IN4,ACY,1,2,johnd108,reddd101,9,1,R,R,?,?,??,,,1,1,0,0,1,0,0,0,0,0,0,0,0,0,0,0,0,1,0,0,0,0,0,0,0,0,0,0,0,0,0,0,0,0,0,0,0,0,0,0,0,0,0,0,0,0,0,0,0,0,0,0,0,,,,,,johnd108,,,,,,,,,reddd101,,,,,,,,,0,0,0,0,0,0,0,0,0,0,0,0,clarm103,day-c102,mackb102,taylb108,hollc103,washn101,woodw104,power102,johnd108,6,5,4,3,9,8,7,2,1,rojoj101,pettb102,handb102,marco101,lundd103,shivg101,barbj103,browc106,0,0,0,0,0,0,0,0,0,0,0,0,0,0,0,0,0,0,0,,0,0,0,0,0,0,0,9,9+,,0,0,36,?,,,,,,19210731,exhibition,full
ACY192107310,7,5,0,0,NYC15,IN4,ACY,1,2,clarm103,reddd101,1,6,L,R,?,?,??,,,1,1,0,0,0,0,0,0,0,0,0,0,0,0,1,0,1,1,0,0,1,0,0,0,0,0,0,0,0,0,0,0,0,0,0,0,0,0,0,0,0,0,0,0,0,0,0,0,0,0,0,0,1,,,johnd108,,,johnd108,,,,,,reddd101,,,reddd101,,,,,,,,,0,0,0,0,0,0,0,0,0,0,0,0,clarm103,day-c102,mackb102,taylb108,hollc103,washn101,woodw104,power102,johnd108,6,5,4,3,9,8,7,2,1,rojoj101,pettb102,handb102,marco101,lundd103,shivg101,barbj103,browc106,0,0,0,0,0,0,0,1,0,0,0,0,0,0,0,0,0,0,0,7,7,0,0,0,0,0,0,7,7+,F,0,0,37,?,,,,,,19210731,exhibition,full
ACY192107310,63,5,0,0,NYC15,IN4,ACY,1,2,day-c102,reddd101,2,5,R,R,?,?,??,,,1,1,0,0,0,0,0,0,0,0,0,0,0,0,1,0,1,1,0,1,0,0,0,0,0,0,0,0,0,0,0,0,0,0,0,0,0,0,0,0,0,0,0,0,0,0,0,0,0,0,0,1,2,,,johnd108,,,johnd108,,,,,,reddd101,,,reddd101,,,,,,,,,0,0,0,0,0,0,0,0,0,0,0,0,clarm103,day-c102,mackb102,taylb108,hollc103,washn101,woodw104,power102,johnd108,6,5,4,3,9,8,7,2,1,rojoj101,pettb102,handb102,marco101,lundd103,shivg101,barbj103,browc106,0,0,0,1,0,0,0,0,0,0,0,0,0,0,0,1,0,0,0,63,6,0,0,0,0,0,0,6,3+,G,0,0,38,?,,,,,,19210731,exhibition,full
ACY192107310,E6/TH.3-H(NR)(UR),5,0,0,NYC15,IN4,ACY,1,2,mackb102,reddd101,3,4,B,R,?,?,??,,,1,1,0,0,0,0,0,0,0,0,0,0,1,0,0,0,0,1,0,1,0,0,0,0,0,0,0,0,0,0,0,0,0,0,0,0,0,0,0,0,0,0,0,0,0,0,0,1,0,0,0,2,2,,,johnd108,mackb102,,,,,,,,reddd101,reddd101,,,,,,johnd108,,,,reddd101,0,0,0,1,0,0,0,0,1,0,0,0,clarm103,day-c102,mackb102,taylb108,hollc103,washn101,woodw104,power102,johnd108,6,5,4,3,9,8,7,2,1,rojoj101,pettb102,handb102,marco101,lundd103,shivg101,barbj103,browc106,0,0,0,0,0,0,0,0,0,0,0,0,0,0,0,0,0,0,0,,0,0,0,0,0,0,0,6,6+,G,0,0,39,?,,,,,,19210731,exhibition,full
ACY192107310,43,5,0,0,NYC15,IN4,ACY,2,2,taylb108,reddd101,4,3,L,R,?,?,??,,,1,1,0,0,0,0,0,0,0,0,0,0,0,0,1,0,1,1,0,1,0,0,0,0,0,0,0,0,0,0,0,0,0,0,0,0,0,0,0,0,0,0,0,0,0,0,0,0,0,0,0,2,3,mackb102,,,,,,mackb102,,,reddd101,,,,,,,,,,,,,,0,0,0,0,0,0,0,0,0,0,0,0,clarm103,day-c102,mackb102,taylb108,hollc103,washn101,woodw104,power102,johnd108,6,5,4,3,9,8,7,2,1,rojoj101,pettb102,handb102,marco101,lundd103,shivg101,barbj103,browc106,0,0,0,1,0,0,0,0,0,0,0,0,0,1,0,0,0,0,0,43,4,0,0,0,0,0,0,4,3+,G,0,0,40,?,,,,,,19210731,exhibition,full
ACY192107310,63,5,1,1,NYC15,ACY,IN4,2,2,barbj103,johnd108,1,8,L,R,?,?,??,,,1,1,0,0,0,0,0,0,0,0,0,0,0,0,1,0,1,1,0,1,0,0,0,0,0,0,0,0,0,0,0,0,0,0,0,0,0,0,0,0,0,0,0,0,0,0,0,0,0,0,0,0,1,,,,,,,,,,,,,,,,,,,,,,,,0,0,0,0,0,0,0,0,0,0,0,0,barbj103,shivg101,marco101,pettb102,browc106,rojoj101,lundd103,handb102,reddd101,8,7,5,3,9,2,6,4,1,power102,taylb108,mackb102,day-c102,clarm103,woodw104,washn101,hollc103,0,0,0,1,0,0,0,0,0,0,0,0,0,0,0,1,0,0,0,63,6,0,0,0,0,0,0,6,3+,G,0,0,41,?,,,,,,19210731,exhibition,full
ACY192107310,7,5,1,1,NYC15,ACY,IN4,2,2,shivg101,johnd108,2,7,L,R,?,?,??,,,1,1,0,0,0,0,0,0,0,0,0,0,0,0,1,0,1,1,0,0,1,0,0,0,0,0,0,0,0,0,0,0,0,0,0,0,0,0,0,0,0,0,0,0,0,0,0,0,0,0,0,1,2,,,,,,,,,,,,,,,,,,,,,,,,0,0,0,0,0,0,0,0,0,0,0,0,barbj103,shivg101,marco101,pettb102,browc106,rojoj101,lundd103,handb102,reddd101,8,7,5,3,9,2,6,4,1,power102,taylb108,mackb102,day-c102,clarm103,woodw104,washn101,hollc103,0,0,0,0,0,0,0,1,0,0,0,0,0,0,0,0,0,0,0,7,7,0,0,0,0,0,0,7,7+,F,0,0,42,?,,,,,,19210731,exhibition,full
ACY192107310,E6,5,1,1,NYC15,ACY,IN4,2,2,marco101,johnd108,3,5,R,R,?,?,??,,,1,1,0,0,0,0,0,0,0,0,0,0,1,0,0,0,0,1,0,1,0,0,0,0,0,0,0,0,0,0,0,0,0,0,0,0,0,0,0,0,0,0,0,0,0,0,0,1,0,0,0,2,2,,,,marco101,,,,,,,,,johnd108,,,,,,,,,,,0,0,0,0,0,0,0,0,0,0,0,0,barbj103,shivg101,marco101,pettb102,browc106,rojoj101,lundd103,handb102,reddd101,8,7,5,3,9,2,6,4,1,power102,taylb108,mackb102,day-c102,clarm103,woodw104,washn101,hollc103,0,0,0,0,0,0,0,0,0,0,0,0,0,0,0,0,0,0,0,,0,0,0,0,0,0,0,6,6+,G,0,0,43,?,,,,,,19210731,exhibition,full
ACY192107310,7,5,1,1,NYC15,ACY,IN4,2,2,pettb102,johnd108,4,3,L,R,?,?,??,,,1,1,0,0,0,0,0,0,0,0,0,0,0,0,1,0,1,1,0,0,1,0,0,0,0,0,0,0,0,0,0,0,0,0,0,0,0,0,0,0,0,0,0,0,0,0,0,0,0,0,0,2,3,marco101,,,,,,marco101,,,johnd108,,,,,,,,,,,,,,0,0,0,0,0,0,0,0,0,0,0,0,barbj103,shivg101,marco101,pettb102,browc106,rojoj101,lundd103,handb102,reddd101,8,7,5,3,9,2,6,4,1,power102,taylb108,mackb102,day-c102,clarm103,woodw104,washn101,hollc103,0,0,0,0,0,0,0,1,0,0,0,0,0,0,0,0,0,0,0,7,7,0,0,0,0,0,0,7,7+,F,0,0,44,?,,,,,,19210731,exhibition,full
ACY192107310,2/FL,6,0,0,NYC15,IN4,ACY,2,2,hollc103,reddd101,5,9,B,R,?,?,??,,,1,1,0,0,0,0,0,0,0,0,0,0,0,0,1,0,1,1,0,0,1,0,0,0,0,0,0,0,0,0,0,0,0,0,0,0,0,0,0,0,0,0,0,0,0,0,0,0,0,0,0,0,1,,,,,,,,,,,,,,,,,,,,,,,,0,0,0,0,0,0,0,0,0,0,0,0,clarm103,day-c102,mackb102,taylb108,hollc103,washn101,woodw104,power102,johnd108,6,5,4,3,9,8,7,2,1,rojoj101,pettb102,handb102,marco101,lundd103,shivg101,barbj103,browc106,0,0,1,0,0,0,0,0,0,0,0,0,0,0,0,0,0,0,0,2,2,0,0,0,0,0,0,2,,F,0,0,45,?,,,,,,19210731,exhibition,full
ACY192107310,S8,6,0,0,NYC15,IN4,ACY,2,2,washn101,reddd101,6,8,?,R,?,?,??,,,1,1,1,0,0,0,0,0,0,0,0,0,0,0,0,0,0,1,0,0,0,0,0,0,0,0,0,0,0,0,0,0,0,0,0,0,0,0,0,0,0,0,0,0,0,0,0,0,0,0,0,1,1,,,,washn101,,,,,,,,,reddd101,,,,,,,,,,,0,0,0,0,0,0,0,0,0,0,0,0,clarm103,day-c102,mackb102,taylb108,hollc103,washn101,woodw104,power102,johnd108,6,5,4,3,9,8,7,2,1,rojoj101,pettb102,handb102,marco101,lundd103,shivg101,barbj103,browc106,0,0,0,0,0,0,0,0,0,0,0,0,0,0,0,0,0,0,0,,0,0,0,0,0,0,0,8,8+,,0,0,46,?,,,,,,19210731,exhibition,full
ACY192107310,4/P,6,0,0,NYC15,IN4,ACY,2,2,woodw104,reddd101,7,7,L,R,?,?,??,,,1,1,0,0,0,0,0,0,0,0,0,0,0,0,1,0,1,1,0,0,1,0,0,0,0,0,0,0,0,0,0,0,0,0,0,0,0,0,0,0,0,0,0,0,0,0,0,0,0,0,0,1,2,washn101,,,washn101,,,,,,reddd101,,,reddd101,,,,,,,,,,,0,0,0,0,0,0,0,0,0,0,0,0,clarm103,day-c102,mackb102,taylb108,hollc103,washn101,woodw104,power102,johnd108,6,5,4,3,9,8,7,2,1,rojoj101,pettb102,handb102,marco101,lundd103,shivg101,barbj103,browc106,0,0,0,0,1,0,0,0,0,0,0,0,0,0,0,0,0,0,0,4,4,0,0,0,0,0,0,4,,P,0,0,47,?,,,,,,19210731,exhibition,full
ACY192107310,K,6,0,0,NYC15,IN4,ACY,2,2,power102,reddd101,8,2,?,R,?,?,??,,,1,1,0,0,0,0,0,0,0,0,1,0,0,0,0,0,0,0,0,0,0,0,0,0,0,0,0,0,0,0,0,0,0,0,0,0,0,0,0,0,0,0,0,0,0,0,0,0,0,0,0,2,3,washn101,,,,,,washn101,,,reddd101,,,,,,,,,,,,,,0,0,0,0,0,0,0,0,0,0,0,0,clarm103,day-c102,mackb102,taylb108,hollc103,washn101,woodw104,power102,johnd108,6,5,4,3,9,8,7,2,1,rojoj101,pettb102,handb102,marco101,lundd103,shivg101,barbj103,browc106,0,0,1,0,0,0,0,0,0,0,0,0,0,0,0,0,0,0,0,2,0,0,0,0,0,0,0,0,,,0,0,48,?,,,,,,19210731,exhibition,full
ACY192107310,T7,6,1,1,NYC15,ACY,IN4,2,2,browc106,johnd108,5,9,L,R,?,?,??,,,1,1,0,0,1,0,0,0,0,0,0,0,0,0,0,0,0,1,0,0,0,0,0,0,0,0,0,0,0,0,0,0,0,0,0,0,0,0,0,0,0,0,0,0,0,0,0,0,0,0,0,0,0,,,,,,browc106,,,,,,,,,johnd108,,,,,,,,,0,0,0,0,0,0,0,0,0,0,0,0,barbj103,shivg101,marco101,pettb102,browc106,rojoj101,lundd103,handb102,reddd101,8,7,5,3,9,2,6,4,1,power102,taylb108,mackb102,day-c102,clarm103,woodw104,washn101,hollc103,0,0,0,0,0,0,0,0,0,0,0,0,0,0,0,0,0,0,0,,0,0,0,0,0,0,0,7,7+,,0,0,49,?,,,,,,19210731,exhibition,full
ACY192107310,S.3-H,6,1,1,NYC15,ACY,IN4,2,2,rojoj101,johnd108,6,2,B,R,?,?,??,,,1,1,1,0,0,0,0,0,0,0,0,0,0,0,0,0,0,1,0,0,0,0,0,0,0,0,0,0,0,0,0,0,0,0,0,0,0,0,0,0,0,0,0,0,0,0,0,0,0,0,0,0,0,,,browc106,rojoj101,,,,,,,,johnd108,johnd108,,,,,,browc106,,,,johnd108,0,0,0,0,0,0,0,1,1,1,1,0,barbj103,shivg101,marco101,pettb102,browc106,rojoj101,lundd103,handb102,reddd101,8,7,5,3,9,2,6,4,1,power102,taylb108,mackb102,day-c102,clarm103,woodw104,washn101,hollc103,0,0,0,0,0,0,0,0,0,0,0,0,0,0,0,0,0,0,0,,0,0,0,0,0,0,0,0,,,0,0,50,?,,,,,,19210731,exhibition,full
ACY192107310,SB2,6,1,1,NYC15,ACY,IN4,2,3,lundd103,johnd108,7,6,B,R,?,?,??,,,0,0,0,0,0,0,0,0,0,0,0,0,0,0,0,0,0,0,0,0,0,0,0,0,0,0,0,0,0,0,0,0,1,0,0,0,0,0,0,0,0,0,0,0,0,0,0,0,0,0,0,0,0,rojoj101,,,,rojoj101,,,,,johnd108,,,,johnd108,,,,,,,,,,0,0,0,0,0,0,0,0,0,0,0,0,barbj103,shivg101,marco101,pettb102,browc106,rojoj101,lundd103,handb102,reddd101,8,7,5,3,9,2,6,4,1,power102,taylb108,mackb102,day-c102,clarm103,woodw104,washn101,hollc103,0,0,0,0,0,0,0,0,0,0,0,0,0,0,0,0,0,0,0,,0,0,0,0,0,0,0,0,,,0,0,51,?,,,,,,19210731,exhibition,full
ACY192107310,W,6,1,1,NYC15,ACY,IN4,2,3,lundd103,johnd108,7,6,B,R,?,?,??,,,1,0,0,0,0,0,0,0,0,1,0,0,0,0,0,0,0,0,0,0,0,0,0,0,0,0,0,0,0,0,0,0,0,0,0,0,0,0,0,0,0,0,0,0,0,0,0,0,0,0,0,0,0,,rojoj101,,lundd103,rojoj101,,,,,,johnd108,,johnd108,johnd108,,,,,,,,,,0,0,0,0,0,0,0,0,0,0,0,0,barbj103,shivg101,marco101,pettb102,browc106,rojoj101,lundd103,handb102,reddd101,8,7,5,3,9,2,6,4,1,power102,taylb108,mackb102,day-c102,clarm103,woodw104,washn101,hollc103,0,0,0,0,0,0,0,0,0,0,0,0,0,0,0,0,0,0,0,,0,0,0,0,0,0,0,0,,,0,0,52,?,,,,,,19210731,exhibition,full
ACY192107310,53.2-3;1-2,6,1,1,NYC15,ACY,IN4,2,3,handb102,kenyh101,8,4,?,R,?,?,??,,,1,1,0,0,0,0,0,0,0,0,0,0,0,0,1,0,1,1,0,1,0,0,0,0,0,0,0,0,0,0,0,0,0,0,0,0,0,0,0,0,0,0,0,0,0,0,0,0,0,0,0,0,1,lundd103,rojoj101,,,lundd103,rojoj101,,,,johnd108,johnd108,,,johnd108,johnd108,,,,,,,,,0,0,0,0,0,0,0,0,0,0,0,0,barbj103,shivg101,marco101,pettb102,browc106,rojoj101,lundd103,handb102,reddd101,8,7,5,3,9,2,6,4,1,power102,taylb108,mackb102,day-c102,clarm103,woodw104,washn101,hollc103,0,0,0,1,0,0,0,0,0,0,0,0,0,0,1,0,0,0,0,53,5,0,0,0,0,0,0,5,3+,G,0,0,53,?,,,,,,19210731,exhibition,full
ACY192107310,S7.3-H;2-3,6,1,1,NYC15,ACY,IN4,2,3,reddd101,kenyh101,9,1,R,R,?,?,??,,,1,1,1,0,0,0,0,0,0,0,0,0,0,0,0,0,0,1,0,0,0,0,0,0,0,0,0,0,0,0,0,0,0,0,0,0,0,0,0,0,0,0,0,0,0,0,0,0,0,0,0,1,1,,lundd103,rojoj101,reddd101,,lundd103,,,,,johnd108,johnd108,kenyh101,,johnd108,,,,rojoj101,,,,johnd108,0,0,0,0,0,0,0,1,1,1,1,0,barbj103,shivg101,marco101,pettb102,browc106,rojoj101,lundd103,handb102,reddd101,8,7,5,3,9,2,6,4,1,power102,taylb108,mackb102,day-c102,clarm103,woodw104,washn101,hollc103,0,0,0,0,0,0,0,0,0,0,0,0,0,0,0,0,0,0,0,,0,0,0,0,0,0,0,7,7+,,0,0,54,?,,,,,,19210731,exhibition,full
ACY192107310,8,6,1,1,NYC15,ACY,IN4,2,4,barbj103,kenyh101,1,8,L,R,?,?,??,,,1,1,0,0,0,0,0,0,0,0,0,0,0,0,1,0,1,1,0,0,1,0,0,0,0,0,0,0,0,0,0,0,0,0,0,0,0,0,0,0,0,0,0,0,0,0,0,0,0,0,0,1,2,reddd101,,lundd103,reddd101,,lundd103,,,,kenyh101,,johnd108,kenyh101,,johnd108,,,,,,,,,0,0,0,0,0,0,0,0,0,0,0,0,barbj103,shivg101,marco101,pettb102,browc106,rojoj101,lundd103,handb102,reddd101,8,7,5,3,9,2,6,4,1,power102,taylb108,mackb102,day-c102,clarm103,woodw104,washn101,hollc103,0,0,0,0,0,0,0,0,1,0,0,0,0,0,0,0,0,0,0,8,8,0,0,0,0,0,0,8,8+,F,0,0,55,?,,,,,,19210731,exhibition,full
ACY192107310,S.3-H;1-2#,6,1,1,NYC15,ACY,IN4,2,4,shivg101,kenyh101,2,7,L,R,?,?,??,,,1,1,1,0,0,0,0,0,0,0,0,0,0,0,0,0,0,1,0,0,0,0,0,0,0,0,0,0,0,0,0,0,0,0,0,0,0,0,0,0,0,0,0,0,0,0,0,0,0,0,0,2,2,reddd101,,lundd103,shivg101,reddd101,,,,,kenyh101,,johnd108,kenyh101,kenyh101,,,,,lundd103,,,,johnd108,0,0,0,0,0,0,0,1,1,1,1,0,barbj103,shivg101,marco101,pettb102,browc106,rojoj101,lundd103,handb102,reddd101,8,7,5,3,9,2,6,4,1,power102,taylb108,mackb102,day-c102,clarm103,woodw104,washn101,hollc103,0,0,0,0,0,0,0,0,0,0,0,0,0,0,0,0,0,0,0,,0,0,0,0,0,0,0,0,,,0,0,56,?,,,,,,19210731,exhibition,full
ACY192107310,D.2-H;1-3,6,1,1,NYC15,ACY,IN4,2,5,marco101,kenyh101,3,5,R,R,?,?,??,,,1,1,0,1,0,0,0,0,0,0,0,0,0,0,0,0,0,1,0,0,0,0,0,0,0,0,0,0,0,0,0,0,0,0,0,0,0,0,0,0,0,0,0,0,0,0,0,0,0,0,0,2,2,shivg101,reddd101,,,marco101,shivg101,,,,kenyh101,kenyh101,,,kenyh101,kenyh101,,,reddd101,,,,kenyh101,,0,0,0,0,0,0,1,0,1,1,1,0,barbj103,shivg101,marco101,pettb102,browc106,rojoj101,lundd103,handb102,reddd101,8,7,5,3,9,2,6,4,1,power102,taylb108,mackb102,day-c102,clarm103,woodw104,washn101,hollc103,0,0,0,0,0,0,0,0,0,0,0,0,0,0,0,0,0,0,0,,0,0,0,0,0,0,0,0,,,0,0,57,?,,,,,,19210731,exhibition,full
ACY192107310,13,6,1,1,NYC15,ACY,IN4,2,6,pettb102,kenyh101,4,3,L,R,?,?,??,,,1,1,0,0,0,0,0,0,0,0,0,0,0,0,1,0,1,1,0,1,0,0,0,0,0,0,0,0,0,0,0,0,0,0,0,0,0,0,0,0,0,0,0,0,0,0,0,0,0,0,0,2,3,,marco101,shivg101,,,,shivg101,marco101,,,kenyh101,kenyh101,,,,,,,,,,,,0,0,0,0,0,0,0,0,0,0,0,0,barbj103,shivg101,marco101,pettb102,browc106,rojoj101,lundd103,handb102,reddd101,8,7,5,3,9,2,6,4,1,power102,taylb108,mackb102,day-c102,clarm103,woodw104,washn101,hollc103,0,0,0,1,0,0,0,0,0,0,1,0,0,0,0,0,0,0,0,13,1,0,0,0,0,0,0,1,13+,G,0,0,58,?,,,,,,19210731,exhibition,full
ACY192107310,E4#,7,0,0,NYC15,IN4,ACY,2,6,kenyh101,reddd101,9,1,R,R,?,?,??,,,1,1,0,0,0,0,0,0,0,0,0,0,1,0,0,0,0,1,0,1,0,0,0,0,0,0,0,0,0,0,0,0,0,0,0,0,0,0,0,0,0,0,0,0,0,1,0,0,0,0,0,0,0,,,,kenyh101,,,,,,,,,reddd101,,,,,,,,,,,0,0,0,0,0,0,0,0,0,0,0,0,clarm103,day-c102,mackb102,taylb108,hollc103,washn101,woodw104,power102,kenyh101,6,5,4,3,9,8,7,2,1,rojoj101,pettb102,handb102,marco101,lundd103,shivg101,barbj103,browc106,0,0,0,0,0,0,0,0,0,0,0,0,0,0,0,0,0,0,0,,0,0,0,0,0,0,0,4,4+,G,0,0,59,?,,,,,,19210731,exhibition,full
ACY192107310,54(1)/FO,7,0,0,NYC15,IN4,ACY,2,6,clarm103,reddd101,1,6,L,R,?,?,??,,,1,1,0,0,0,0,0,0,0,0,0,0,0,0,1,0,1,1,0,1,0,0,0,0,0,0,0,0,0,0,0,0,0,0,0,0,0,0,0,0,0,0,0,0,0,0,0,0,0,0,0,0,1,kenyh101,,,clarm103,,,,,,reddd101,,,reddd101,,,,,,,,,,,0,0,0,0,0,0,0,0,0,0,0,0,clarm103,day-c102,mackb102,taylb108,hollc103,washn101,woodw104,power102,kenyh101,6,5,4,3,9,8,7,2,1,rojoj101,pettb102,handb102,marco101,lundd103,shivg101,barbj103,browc106,0,0,0,0,1,0,0,0,0,0,0,0,0,0,1,0,0,0,0,54,5,0,0,0,0,0,0,5,,G,1,4,60,?,,,,,,19210731,exhibition,full
ACY192107310,14(1)3/GDP,7,0,0,NYC15,IN4,ACY,2,6,day-c102,reddd101,2,5,R,R,?,?,??,,,1,1,0,0,0,0,0,0,0,0,0,0,0,0,1,0,1,1,0,1,0,0,0,1,0,0,0,0,0,0,0,0,0,0,0,0,0,0,0,0,0,0,0,0,0,0,0,0,0,0,0,1,3,clarm103,,,,,,,,,reddd101,,,,,,,,,,,,,,0,0,0,0,0,0,0,0,0,0,0,0,clarm103,day-c102,mackb102,taylb108,hollc103,washn101,woodw104,power102,kenyh101,6,5,4,3,9,8,7,2,1,rojoj101,pettb102,handb102,marco101,lundd103,shivg101,barbj103,browc106,0,0,0,1,1,0,0,0,0,0,1,0,0,1,0,0,0,0,0,143,1,4,0,0,0,0,0,1,,G,1,4,61,?,,,,,,19210731,exhibition,full
ACY192107310,K,7,1,1,NYC15,ACY,IN4,2,6,browc106,kenyh101,5,9,L,R,?,?,??,,,1,1,0,0,0,0,0,0,0,0,1,0,0,0,0,0,0,0,0,0,0,0,0,0,0,0,0,0,0,0,0,0,0,0,0,0,0,0,0,0,0,0,0,0,0,0,0,0,0,0,0,0,1,,,,,,,,,,,,,,,,,,,,,,,,0,0,0,0,0,0,0,0,0,0,0,0,barbj103,shivg101,marco101,pettb102,browc106,rojoj101,lundd103,handb102,reddd101,8,7,5,3,9,2,6,4,1,power102,taylb108,mackb102,day-c102,clarm103,woodw104,washn101,hollc103,0,0,1,0,0,0,0,0,0,0,0,0,0,0,0,0,0,0,0,2,0,0,0,0,0,0,0,0,,,0,0,62,?,,,,,,19210731,exhibition,full
ACY192107310,E6,7,1,1,NYC15,ACY,IN4,2,6,rojoj101,kenyh101,6,2,B,R,?,?,??,,,1,1,0,0,0,0,0,0,0,0,0,0,1,0,0,0,0,1,0,1,0,0,0,0,0,0,0,0,0,0,0,0,0,0,0,0,0,0,0,0,0,0,0,0,0,0,0,1,0,0,0,1,1,,,,rojoj101,,,,,,,,,kenyh101,,,,,,,,,,,0,0,0,0,0,0,0,0,0,0,0,0,barbj103,shivg101,marco101,pettb102,browc106,rojoj101,lundd103,handb102,reddd101,8,7,5,3,9,2,6,4,1,power102,taylb108,mackb102,day-c102,clarm103,woodw104,washn101,hollc103,0,0,0,0,0,0,0,0,0,0,0,0,0,0,0,0,0,0,0,,0,0,0,0,0,0,0,6,6+,G,0,0,63,?,,,,,,19210731,exhibition,full
ACY192107310,SB2,7,1,1,NYC15,ACY,IN4,2,6,lundd103,kenyh101,7,6,B,R,?,?,??,,,0,0,0,0,0,0,0,0,0,0,0,0,0,0,0,0,0,0,0,0,0,0,0,0,0,0,0,0,0,0,0,0,1,0,0,0,0,0,0,0,0,0,0,0,0,0,0,0,0,0,0,1,1,rojoj101,,,,rojoj101,,,,,kenyh101,,,,kenyh101,,,,,,,,,,0,0,0,0,0,0,0,0,0,0,0,0,barbj103,shivg101,marco101,pettb102,browc106,rojoj101,lundd103,handb102,reddd101,8,7,5,3,9,2,6,4,1,power102,taylb108,mackb102,day-c102,clarm103,woodw104,washn101,hollc103,0,0,0,0,0,0,0,0,0,0,0,0,0,0,0,0,0,0,0,,0,0,0,0,0,0,0,0,,,0,0,64,?,,,,,,19210731,exhibition,full
ACY192107310,S.2-H(UR),7,1,1,NYC15,ACY,IN4,2,6,lundd103,kenyh101,7,6,B,R,?,?,??,,,1,1,1,0,0,0,0,0,0,0,0,0,0,0,0,0,0,1,0,0,0,0,0,0,0,0,0,0,0,0,0,0,0,0,0,0,0,0,0,0,0,0,0,0,0,0,0,0,0,0,0,1,1,,rojoj101,,lundd103,,,,,,,kenyh101,,kenyh101,,,,,rojoj101,,,,kenyh101,,0,0,1,0,0,0,1,0,1,1,0,0,barbj103,shivg101,marco101,pettb102,browc106,rojoj101,lundd103,handb102,reddd101,8,7,5,3,9,2,6,4,1,power102,taylb108,mackb102,day-c102,clarm103,woodw104,washn101,hollc103,0,0,0,0,0,0,0,0,0,0,0,0,0,0,0,0,0,0,0,,0,0,0,0,0,0,0,0,,,0,0,65,?,,,,,,19210731,exhibition,full
ACY192107310,54(1)/FO,7,1,1,NYC15,ACY,IN4,2,7,handb102,kenyh101,8,4,?,R,?,?,??,,,1,1,0,0,0,0,0,0,0,0,0,0,0,0,1,0,1,1,0,1,0,0,0,0,0,0,0,0,0,0,0,0,0,0,0,0,0,0,0,0,0,0,0,0,0,0,0,0,0,0,0,1,2,lundd103,,,handb102,,,,,,kenyh101,,,kenyh101,,,,,,,,,,,0,0,0,0,0,0,0,0,0,0,0,0,barbj103,shivg101,marco101,pettb102,browc106,rojoj101,lundd103,handb102,reddd101,8,7,5,3,9,2,6,4,1,power102,taylb108,mackb102,day-c102,clarm103,woodw104,washn101,hollc103,0,0,0,0,1,0,0,0,0,0,0,0,0,0,1,0,0,0,0,54,5,0,0,0,0,0,0,5,,G,1,4,66,?,,,,,,19210731,exhibition,full
ACY192107310,5/FL,7,1,1,NYC15,ACY,IN4,2,7,reddd101,kenyh101,9,1,R,R,?,?,??,,,1,1,0,0,0,0,0,0,0,0,0,0,0,0,1,0,1,1,0,0,1,0,0,0,0,0,0,0,0,0,0,0,0,0,0,0,0,0,0,0,0,0,0,0,0,0,0,0,0,0,0,2,3,handb102,,,,,,handb102,,,kenyh101,,,,,,,,,,,,,,0,0,0,0,0,0,0,0,0,0,0,0,barbj103,shivg101,marco101,pettb102,browc106,rojoj101,lundd103,handb102,reddd101,8,7,5,3,9,2,6,4,1,power102,taylb108,mackb102,day-c102,clarm103,woodw104,washn101,hollc103,0,0,0,0,0,1,0,0,0,0,0,0,0,0,0,0,0,0,0,5,5,0,0,0,0,0,0,5,,F,0,0,67,?,,,,,,19210731,exhibition,full
ACY192107310,43,8,0,0,NYC15,IN4,ACY,2,7,mackb102,reddd101,3,4,B,R,?,?,??,,,1,1,0,0,0,0,0,0,0,0,0,0,0,0,1,0,1,1,0,1,0,0,0,0,0,0,0,0,0,0,0,0,0,0,0,0,0,0,0,0,0,0,0,0,0,0,0,0,0,0,0,0,1,,,,,,,,,,,,,,,,,,,,,,,,0,0,0,0,0,0,0,0,0,0,0,0,clarm103,day-c102,mackb102,taylb108,hollc103,washn101,woodw104,power102,kenyh101,6,5,4,3,9,8,7,2,1,rojoj101,pettb102,handb102,marco101,lundd103,shivg101,barbj103,browc106,0,0,0,1,0,0,0,0,0,0,0,0,0,1,0,0,0,0,0,43,4,0,0,0,0,0,0,4,3+,G,0,0,68,?,,,,,,19210731,exhibition,full
ACY192107310,8,8,0,0,NYC15,IN4,ACY,2,7,taylb108,reddd101,4,3,L,R,?,?,??,,,1,1,0,0,0,0,0,0,0,0,0,0,0,0,1,0,1,1,0,0,1,0,0,0,0,0,0,0,0,0,0,0,0,0,0,0,0,0,0,0,0,0,0,0,0,0,0,0,0,0,0,1,2,,,,,,,,,,,,,,,,,,,,,,,,0,0,0,0,0,0,0,0,0,0,0,0,clarm103,day-c102,mackb102,taylb108,hollc103,washn101,woodw104,power102,kenyh101,6,5,4,3,9,8,7,2,1,rojoj101,pettb102,handb102,marco101,lundd103,shivg101,barbj103,browc106,0,0,0,0,0,0,0,0,1,0,0,0,0,0,0,0,0,0,0,8,8,0,0,0,0,0,0,8,8+,F,0,0,69,?,,,,,,19210731,exhibition,full
ACY192107310,S,8,0,0,NYC15,IN4,ACY,2,7,hollc103,reddd101,5,9,B,R,?,?,??,,,1,1,1,0,0,0,0,0,0,0,0,0,0,0,0,0,0,1,0,0,0,0,0,0,0,0,0,0,0,0,0,0,0,0,0,0,0,0,0,0,0,0,0,0,0,0,0,0,0,0,0,2,2,,,,hollc103,,,,,,,,,reddd101,,,,,,,,,,,0,0,0,0,0,0,0,0,0,0,0,0,clarm103,day-c102,mackb102,taylb108,hollc103,washn101,woodw104,power102,kenyh101,6,5,4,3,9,8,7,2,1,rojoj101,pettb102,handb102,marco101,lundd103,shivg101,barbj103,browc106,0,0,0,0,0,0,0,0,0,0,0,0,0,0,0,0,0,0,0,,0,0,0,0,0,0,0,0,,,0,0,70,?,,,,,,19210731,exhibition,full
ACY192107310,CS2(24),8,0,0,NYC15,IN4,ACY,2,7,washn101,reddd101,6,8,?,R,?,?,??,,,0,0,0,0,0,0,0,0,0,0,0,0,0,0,0,0,0,0,0,0,0,0,0,0,0,0,0,0,0,0,0,0,0,0,0,1,0,0,0,0,0,0,0,0,0,0,0,0,0,0,0,2,3,hollc103,,,,,,,,,reddd101,,,,,,,,,,,,,,0,0,0,0,0,0,0,0,0,0,0,0,clarm103,day-c102,mackb102,taylb108,hollc103,washn101,woodw104,power102,kenyh101,6,5,4,3,9,8,7,2,1,rojoj101,pettb102,handb102,marco101,lundd103,shivg101,barbj103,browc106,0,0,0,0,1,0,0,0,0,0,0,1,0,0,0,0,0,0,0,24,0,0,0,0,0,0,0,0,,,0,0,71,?,,,,,,19210731,exhibition,full
ACY192107310,D8,8,1,1,NYC15,ACY,IN4,2,7,barbj103,mahoa102,1,8,L,L,?,?,??,,,1,1,0,1,0,0,0,0,0,0,0,0,0,0,0,0,0,1,0,0,0,0,0,0,0,0,0,0,0,0,0,0,0,0,0,0,0,0,0,0,0,0,0,0,0,0,0,0,0,0,0,0,0,,,,,barbj103,,,,,,,,,mahoa102,,,,,,,,,,0,0,0,0,0,0,0,0,0,0,0,0,barbj103,shivg101,marco101,pettb102,browc106,rojoj101,lundd103,handb102,reddd101,8,7,5,3,9,2,6,4,1,power102,taylb108,mackb102,washn101,clarm103,woodw104,jeffj102,hollc103,0,0,0,0,0,0,0,0,0,0,0,0,0,0,0,0,0,0,0,,0,0,0,0,0,0,0,8,8+,,0,0,72,?,,,,,,19210731,exhibition,full
ACY192107310,W,8,1,1,NYC15,ACY,IN4,2,7,shivg101,mahoa102,2,7,L,L,?,?,??,,,1,0,0,0,0,0,0,0,0,1,0,0,0,0,0,0,0,0,0,0,0,0,0,0,0,0,0,0,0,0,0,0,0,0,0,0,0,0,0,0,0,0,0,0,0,0,0,0,0,0,0,0,0,,barbj103,,shivg101,barbj103,,,,,,mahoa102,,mahoa102,mahoa102,,,,,,,,,,0,0,0,0,0,0,0,0,0,0,0,0,barbj103,shivg101,marco101,pettb102,browc106,rojoj101,lundd103,handb102,reddd101,8,7,5,3,9,2,6,4,1,power102,taylb108,mackb102,washn101,clarm103,woodw104,jeffj102,hollc103,0,0,0,0,0,0,0,0,0,0,0,0,0,0,0,0,0,0,0,,0,0,0,0,0,0,0,0,,,0,0,73,?,,,,,,19210731,exhibition,full
ACY192107310,13.2-3;1-2,8,1,1,NYC15,ACY,IN4,2,7,marco101,mahoa102,3,5,R,L,?,?,??,,,1,1,0,0,0,0,0,0,0,0,0,0,0,0,1,0,1,1,0,1,0,0,0,0,0,0,0,0,0,0,0,0,0,0,0,0,0,0,0,0,0,0,0,0,0,0,0,0,0,0,0,0,1,grahd102,barbj103,,,grahd102,barbj103,,,,mahoa102,mahoa102,,,mahoa102,mahoa102,,,,,,,,,0,0,0,0,0,0,0,0,0,0,0,0,barbj103,grahd102,marco101,pettb102,browc106,rojoj101,lundd103,handb102,reddd101,8,12,5,3,9,2,6,4,1,power102,taylb108,mackb102,washn101,clarm103,woodw104,jeffj102,hollc103,0,0,0,1,0,0,0,0,0,0,1,0,0,0,0,0,0,0,0,13,1,0,0,0,0,0,0,1,13+,G,0,0,74,?,,,,,,19210731,exhibition,full
ACY192107310,K,8,1,1,NYC15,ACY,IN4,2,7,pettb102,mahoa102,4,3,L,L,?,?,??,,,1,1,0,0,0,0,0,0,0,0,1,0,0,0,0,0,0,0,0,0,0,0,0,0,0,0,0,0,0,0,0,0,0,0,0,0,0,0,0,0,0,0,0,0,0,0,0,0,0,0,0,1,2,,grahd102,barbj103,,grahd102,barbj103,,,,,mahoa102,mahoa102,,mahoa102,mahoa102,,,,,,,,,0,0,0,0,0,0,0,0,0,0,0,0,barbj103,grahd102,marco101,pettb102,browc106,rojoj101,lundd103,handb102,reddd101,8,12,5,3,9,2,6,4,1,power102,taylb108,mackb102,washn101,clarm103,woodw104,jeffj102,hollc103,0,0,1,0,0,0,0,0,0,0,0,0,0,0,0,0,0,0,0,2,0,0,0,0,0,0,0,0,,,0,0,75,?,,,,,,19210731,exhibition,full
ACY192107310,W,8,1,1,NYC15,ACY,IN4,2,7,browc106,mahoa102,5,9,L,L,?,?,??,,,1,0,0,0,0,0,0,0,0,1,0,0,0,0,0,0,0,0,0,0,0,0,0,0,0,0,0,0,0,0,0,0,0,0,0,0,0,0,0,0,0,0,0,0,0,0,0,0,0,0,0,2,2,,grahd102,barbj103,browc106,grahd102,barbj103,,,,,mahoa102,mahoa102,mahoa102,mahoa102,mahoa102,,,,,,,,,0,0,0,0,0,0,0,0,0,0,0,0,barbj103,grahd102,marco101,pettb102,browc106,rojoj101,lundd103,handb102,reddd101,8,12,5,3,9,2,6,4,1,power102,taylb108,mackb102,washn101,clarm103,woodw104,jeffj102,hollc103,0,0,0,0,0,0,0,0,0,0,0,0,0,0,0,0,0,0,0,,0,0,0,0,0,0,0,0,,,0,0,76,?,,,,,,19210731,exhibition,full
ACY192107310,PB.3-H;2-3,8,1,1,NYC15,ACY,IN4,2,7,rojoj101,mahoa102,6,2,B,L,?,?,??,,,0,0,0,0,0,0,0,0,0,0,0,0,0,0,0,0,0,0,0,0,0,0,0,0,0,0,0,0,1,0,0,0,0,0,0,0,0,0,0,0,0,0,0,0,0,0,0,0,0,0,0,2,2,browc106,grahd102,barbj103,browc106,,grahd102,,,,mahoa102,mahoa102,mahoa102,mahoa102,,mahoa102,,,,barbj103,,,,mahoa102,0,0,0,0,0,0,0,0,1,0,1,0,barbj103,grahd102,marco101,pettb102,browc106,rojoj101,lundd103,handb102,reddd101,8,12,5,3,9,2,6,4,1,power102,taylb108,mackb102,washn101,clarm103,woodw104,jeffj102,hollc103,0,0,0,0,0,0,0,0,0,0,0,0,0,0,0,0,0,0,0,,0,0,0,0,0,0,0,0,,,0,0,77,?,,,,,,19210731,exhibition,full
ACY192107310,SB2,8,1,1,NYC15,ACY,IN4,2,8,rojoj101,mahoa102,6,2,B,L,?,?,??,,,0,0,0,0,0,0,0,0,0,0,0,0,0,0,0,0,0,0,0,0,0,0,0,0,0,0,0,0,0,0,0,0,1,0,0,0,0,0,0,0,0,0,0,0,0,0,0,0,0,0,0,2,2,browc106,,grahd102,,browc106,grahd102,,,,mahoa102,,mahoa102,,mahoa102,mahoa102,,,,,,,,,0,0,0,0,0,0,0,0,0,0,0,0,barbj103,grahd102,marco101,pettb102,browc106,rojoj101,lundd103,handb102,reddd101,8,12,5,3,9,2,6,4,1,power102,taylb108,mackb102,washn101,clarm103,woodw104,jeffj102,hollc103,0,0,0,0,0,0,0,0,0,0,0,0,0,0,0,0,0,0,0,,0,0,0,0,0,0,0,0,,,0,0,78,?,,,,,,19210731,exhibition,full
ACY192107310,W,8,1,1,NYC15,ACY,IN4,2,8,rojoj101,mahoa102,6,2,B,L,?,?,??,,,1,0,0,0,0,0,0,0,0,1,0,0,0,0,0,0,0,0,0,0,0,0,0,0,0,0,0,0,0,0,0,0,0,0,0,0,0,0,0,0,0,0,0,0,0,0,0,0,0,0,0,2,2,,browc106,grahd102,rojoj101,browc106,grahd102,,,,,mahoa102,mahoa102,mahoa102,mahoa102,mahoa102,,,,,,,,,0,0,0,0,0,0,0,0,0,0,0,0,barbj103,grahd102,marco101,pettb102,browc106,rojoj101,lundd103,handb102,reddd101,8,12,5,3,9,2,6,4,1,power102,taylb108,mackb102,washn101,clarm103,woodw104,jeffj102,hollc103,0,0,0,0,0,0,0,0,0,0,0,0,0,0,0,0,0,0,0,,0,0,0,0,0,0,0,0,,,0,0,79,?,,,,,,19210731,exhibition,full
ACY192107310,S.3-H;2-H;1-3,8,1,1,NYC15,ACY,IN4,2,8,lundd103,mahoa102,7,6,B,L,?,?,??,,,1,1,1,0,0,0,0,0,0,0,0,0,0,0,0,0,0,1,0,0,0,0,0,0,0,0,0,0,0,0,0,0,0,0,0,0,0,0,0,0,0,0,0,0,0,0,0,0,0,0,0,2,2,rojoj101,browc106,grahd102,lundd103,,rojoj101,,,,mahoa102,mahoa102,mahoa102,mahoa102,,mahoa102,,,browc106,grahd102,,,mahoa102,mahoa102,0,0,0,0,0,0,1,1,2,2,2,0,barbj103,grahd102,marco101,pettb102,browc106,rojoj101,lundd103,handb102,reddd101,8,12,5,3,9,2,6,4,1,power102,taylb108,mackb102,washn101,clarm103,woodw104,jeffj102,hollc103,0,0,0,0,0,0,0,0,0,0,0,0,0,0,0,0,0,0,0,,0,0,0,0,0,0,0,0,,,0,0,80,?,,,,,,19210731,exhibition,full
ACY192107310,WP.3-H,8,1,1,NYC15,ACY,IN4,2,10,handb102,mahoa102,8,4,?,L,?,?,??,,,0,0,0,0,0,0,0,0,0,0,0,0,0,0,0,0,0,0,0,0,0,0,0,0,0,0,0,1,0,0,0,0,0,0,0,0,0,0,0,0,0,0,0,0,0,0,0,0,0,0,0,2,2,lundd103,,rojoj101,lundd103,,,,,,mahoa102,,mahoa102,mahoa102,,,,,,rojoj101,,,,mahoa102,0,0,0,0,0,0,0,0,1,0,1,0,barbj103,grahd102,marco101,pettb102,browc106,rojoj101,lundd103,handb102,reddd101,8,12,5,3,9,2,6,4,1,power102,taylb108,mackb102,washn101,clarm103,woodw104,jeffj102,hollc103,0,0,0,0,0,0,0,0,0,0,0,0,0,0,0,0,0,0,0,,0,0,0,0,0,0,0,0,,,0,0,81,?,,,,,,19210731,exhibition,full
ACY192107310,HP.1-2,8,1,1,NYC15,ACY,IN4,2,11,handb102,mahoa102,8,4,?,L,?,?,??,,,1,0,0,0,0,0,0,0,1,0,0,0,0,0,0,0,0,0,0,0,0,0,0,0,0,0,0,0,0,0,0,0,0,0,0,0,0,0,0,0,0,0,0,0,0,0,0,0,0,0,0,2,2,lundd103,,,handb102,lundd103,,,,,mahoa102,,,mahoa102,mahoa102,,,,,,,,,,0,0,0,0,0,0,0,0,0,0,0,0,barbj103,grahd102,marco101,pettb102,browc106,rojoj101,lundd103,handb102,reddd101,8,12,5,3,9,2,6,4,1,power102,taylb108,mackb102,washn101,clarm103,woodw104,jeffj102,hollc103,0,0,0,0,0,0,0,0,0,0,0,0,0,0,0,0,0,0,0,,0,0,0,0,0,0,0,0,,,0,0,82,?,,,,,,19210731,exhibition,full
ACY192107310,7,8,1,1,NYC15,ACY,IN4,2,11,reddd101,mahoa102,9,1,R,L,?,?,??,,,1,1,0,0,0,0,0,0,0,0,0,0,0,0,1,0,1,1,0,0,1,0,0,0,0,0,0,0,0,0,0,0,0,0,0,0,0,0,0,0,0,0,0,0,0,0,0,0,0,0,0,2,3,handb102,lundd103,,,,,lundd103,handb102,,mahoa102,mahoa102,,,,,,,,,,,,,0,0,0,0,0,0,0,0,0,0,0,0,barbj103,grahd102,marco101,pettb102,browc106,rojoj101,lundd103,handb102,reddd101,8,12,5,3,9,2,6,4,1,power102,taylb108,mackb102,washn101,clarm103,woodw104,jeffj102,hollc103,0,0,0,0,0,0,0,1,0,0,0,0,0,0,0,0,0,0,0,7,7,0,0,0,0,0,0,7,7+,F,0,0,83,?,,,,,,19210731,exhibition,full
ACY192107310,S,9,0,0,NYC15,IN4,ACY,2,11,washn101,reddd101,6,5,?,R,?,?,??,,,1,1,1,0,0,0,0,0,0,0,0,0,0,0,0,0,0,1,0,0,0,0,0,0,0,0,0,0,0,0,0,0,0,0,0,0,0,0,0,0,0,0,0,0,0,0,0,0,0,0,0,0,0,,,,washn101,,,,,,,,,reddd101,,,,,,,,,,,0,0,0,0,0,0,0,0,0,0,0,0,clarm103,jeffj102,mackb102,taylb108,hollc103,washn101,woodw104,power102,mahoa102,6,8,4,3,9,5,7,2,1,rojoj101,pettb102,handb102,marco101,lundd103,grahd102,barbj103,browc106,0,0,0,0,0,0,0,0,0,0,0,0,0,0,0,0,0,0,0,,0,0,0,0,0,0,0,0,,,0,0,84,?,,,,,,19210731,exhibition,full
ACY192107310,46(1)3/GDP,9,0,0,NYC15,IN4,ACY,2,11,woodw104,reddd101,7,7,L,R,?,?,??,,,1,1,0,0,0,0,0,0,0,0,0,0,0,0,1,0,1,1,0,1,0,0,0,1,0,0,0,0,0,0,0,0,0,0,0,0,0,0,0,0,0,0,0,0,0,0,0,0,0,0,0,0,2,washn101,,,,,,,,,reddd101,,,,,,,,,,,,,,0,0,0,0,0,0,0,0,0,0,0,0,clarm103,jeffj102,mackb102,taylb108,hollc103,washn101,woodw104,power102,mahoa102,6,8,4,3,9,5,7,2,1,rojoj101,pettb102,handb102,marco101,lundd103,grahd102,barbj103,browc106,0,0,0,1,0,0,1,0,0,0,0,0,0,1,0,1,0,0,0,463,4,6,0,0,0,0,0,4,,G,1,6,85,?,,,,,,19210731,exhibition,full
ACY192107310,D9,9,0,0,NYC15,IN4,ACY,2,11,power102,reddd101,8,2,?,R,?,?,??,,,1,1,0,1,0,0,0,0,0,0,0,0,0,0,0,0,0,1,0,0,0,0,0,0,0,0,0,0,0,0,0,0,0,0,0,0,0,0,0,0,0,0,0,0,0,0,0,0,0,0,0,2,2,,,,,power102,,,,,,,,,reddd101,,,,,,,,,,0,0,0,0,0,0,0,0,0,0,0,0,clarm103,jeffj102,mackb102,taylb108,hollc103,washn101,woodw104,power102,mahoa102,6,8,4,3,9,5,7,2,1,rojoj101,pettb102,handb102,marco101,lundd103,grahd102,barbj103,browc106,0,0,0,0,0,0,0,0,0,0,0,0,0,0,0,0,0,0,0,,0,0,0,0,0,0,0,9,9+,,0,0,86,?,,,,,,19210731,exhibition,full
ACY192107310,D.2-H,9,0,0,NYC15,IN4,ACY,2,11,mahoa102,reddd101,9,1,R,R,?,?,??,,,1,1,0,1,0,0,0,0,0,0,0,0,0,0,0,0,0,1,0,0,0,0,0,0,0,0,0,0,0,0,0,0,0,0,0,0,0,0,0,0,0,0,0,0,0,0,0,0,0,0,0,2,2,,power102,,,mahoa102,,,,,,reddd101,,,reddd101,,,,power102,,,,reddd101,,0,0,0,0,0,0,1,0,1,1,1,0,clarm103,jeffj102,mackb102,taylb108,hollc103,washn101,woodw104,power102,mahoa102,6,8,4,3,9,5,7,2,1,rojoj101,pettb102,handb102,marco101,lundd103,grahd102,barbj103,browc106,0,0,0,0,0,0,0,0,0,0,0,0,0,0,0,0,0,0,0,,0,0,0,0,0,0,0,0,,,0,0,87,?,,,,,,19210731,exhibition,full
ACY192107310,W,9,0,0,NYC15,IN4,ACY,3,11,clarm103,reddd101,1,6,L,R,?,?,??,,,1,0,0,0,0,0,0,0,0,1,0,0,0,0,0,0,0,0,0,0,0,0,0,0,0,0,0,0,0,0,0,0,0,0,0,0,0,0,0,0,0,0,0,0,0,0,0,0,0,0,0,2,2,,mahoa102,,clarm103,mahoa102,,,,,,reddd101,,reddd101,reddd101,,,,,,,,,,0,0,0,0,0,0,0,0,0,0,0,0,clarm103,jeffj102,mackb102,taylb108,hollc103,washn101,woodw104,power102,mahoa102,6,8,4,3,9,5,7,2,1,rojoj101,pettb102,handb102,marco101,lundd103,grahd102,barbj103,browc106,0,0,0,0,0,0,0,0,0,0,0,0,0,0,0,0,0,0,0,,0,0,0,0,0,0,0,0,,,0,0,88,?,,,,,,19210731,exhibition,full
ACY192107310,3/G,9,0,0,NYC15,IN4,ACY,3,11,jeffj102,reddd101,2,8,L,R,?,?,??,,,1,1,0,0,0,0,0,0,0,0,0,0,0,0,1,0,1,1,0,1,0,0,0,0,0,0,0,0,0,0,0,0,0,0,0,0,0,0,0,0,0,0,0,0,0,0,0,0,0,0,0,2,3,clarm103,mahoa102,,,,,mahoa102,clarm103,,reddd101,reddd101,,,,,,,,,,,,,0,0,0,0,0,0,0,0,0,0,0,0,clarm103,jeffj102,mackb102,taylb108,hollc103,washn101,woodw104,power102,mahoa102,6,8,4,3,9,5,7,2,1,rojoj101,pettb102,handb102,marco101,lundd103,grahd102,barbj103,browc106,0,0,0,1,0,0,0,0,0,0,0,0,0,0,0,0,0,0,0,3,3,0,0,0,0,0,0,3,,G,0,0,89,?,,,,,,19210731,exhibition,full
