gid,id,team,p_seq,stattype,p_ipouts,p_noout,p_bfp,p_h,p_d,p_t,p_hr,p_r,p_er,p_w,p_iw,p_k,p_hbp,p_wp,p_bk,p_sh,p_sf,p_sb,p_cs,p_pb,wp,lp,save,p_gs,p_gf,p_cg,date,number,site,vishome,opp,win,loss,tie,gametype,box,pbp,eject
NY6194604020,haynj102,HOM,2,value,12,0,16,3,1,0,0,0,0,1,0,0,0,0,0,0,0,1,0,0,1,,,,,,19460402,0,NOL01,v,NY6,1,0,0,exhibition,y,d,
NY6194604070,haynj102,HOM,1,value,9,,,,,,,0,0,,,,,,,,,,,,,,,1,,,19460407,0,COR01,v,NY6,0,1,0,exhibition,,,
NY6194604100,haynj102,HOM,1,value,24,,,12,,1,,11,,,,,,,,,,,,,,1,,1,,1,19460410,0,DAL01,v,NY6,0,1,0,exhibition,,,
NY6194604110,haynj102,HOM,1,value,,,,,,,,,,,,,,,,,,,,,,,,1,,,19460411,0,DAL01,v,NY6,1,0,0,exhibition,,,
