gid,id,team,b_lp,b_seq,stattype,b_pa,b_ab,b_r,b_h,b_d,b_t,b_hr,b_rbi,b_sh,b_sf,b_hbp,b_w,b_iw,b_k,b_sb,b_cs,b_gdp,b_xi,b_roe,dh,ph,pr,date,number,site,vishome,opp,win,loss,tie,gametype,box,pbp,eject
PHA191010050,macke101,PHA,8,1,value,4,4,0,2,0,1,0,0,0,0,0,0,0,2,0,0,0,0,0,,,,19101005,0,PHI11,h,NYA,0,1,0,regular,y,y,
WS1191110032,macke101,PHA,5,1,value,2,2,0,0,0,0,0,0,0,0,0,0,0,0,0,0,0,0,0,,,,19111003,2,WAS09,v,WS1,0,1,0,regular,y,y,
WS1191110040,macke101,PHA,5,2,value,2,2,0,0,0,0,0,0,0,0,0,0,0,1,0,0,0,0,0,,,,19111004,0,WAS09,v,WS1,0,1,0,regular,y,y,
WS1191409300,macke101,PHA,7,1,value,4,4,0,0,0,0,0,0,0,0,0,0,0,0,1,0,0,0,2,,,,19140930,0,WAS09,v,WS1,1,0,0,regular,y,y,
WS1191410010,macke101,PHA,7,1,value,4,4,0,0,0,0,0,0,0,0,0,0,0,0,0,0,0,0,0,,,,19141001,0,WAS09,v,WS1,1,0,0,regular,y,y,
HIL192610090,macke101,ALN,5,1,value,2,2,0,0,0,0,0,,0,,0,0,0,,0,,,,,,,,19261009,0,DAR01,v,HIL,0,1,0,exhibition,y,,
