gid,id,team,d_seq,d_pos,stattype,d_ifouts,d_po,d_a,d_e,d_dp,d_tp,d_pb,d_wp,d_sb,d_cs,d_gs,date,number,site,vishome,opp,win,loss,tie,gametype,box,pbp
CAG194909110,clarw103,LCB,1,8,value,24,0,0,0,0,0,,,,,1,19490911,0,LCR01,v,CAG,0,1,0,exhibition,y,d
CAG194909110,scotj106,LCB,1,7,value,24,0,0,0,0,0,,,,,1,19490911,0,LCR01,v,CAG,0,1,0,exhibition,y,d
CAG194909110,marvc101,LCB,1,3,value,24,1,0,0,1,0,,,,,1,19490911,0,LCR01,v,CAG,0,1,0,exhibition,y,d
CAG194909110,gracw101,LCB,1,5,value,24,0,0,0,0,0,,,,,1,19490911,0,LCR01,v,CAG,0,1,0,exhibition,y,d
CAG194909110,bernp102,LCB,1,6,value,24,0,1,0,1,0,,,,,1,19490911,0,LCR01,v,CAG,0,1,0,exhibition,y,d
CAG194909110,reynb103,LCB,1,4,value,24,1,1,0,1,0,,,,,1,19490911,0,LCR01,v,CAG,0,1,0,exhibition,y,d
CAG194909110,harrt102,LCB,1,2,value,24,0,0,0,0,0,0,0,1,1,1,19490911,0,LCR01,v,CAG,0,1,0,exhibition,y,d
CAG194909110,longe102,LCB,1,9,value,24,1,0,0,0,0,,,,,1,19490911,0,LCR01,v,CAG,0,1,0,exhibition,y,d
CAG194909110,jonep103,LCB,1,1,value,24,0,0,1,0,0,,,,,1,19490911,0,LCR01,v,CAG,0,1,0,exhibition,y,d
CAG194909110,mcnec101,CAG,1,6,value,27,0,1,0,0,0,,,,,1,19490911,0,LCR01,h,LCB,1,0,0,exhibition,y,d
CAG194909110,browg104,CAG,1,5,value,27,0,0,0,0,0,,,,,1,19490911,0,LCR01,h,LCB,1,0,0,exhibition,y,d
CAG194909110,hoskd101,CAG,1,7,value,27,1,0,0,0,0,,,,,1,19490911,0,LCR01,h,LCB,1,0,0,exhibition,y,d
CAG194909110,mclaf102,CAG,1,8,value,27,0,0,0,0,0,,,,,1,19490911,0,LCR01,h,LCB,1,0,0,exhibition,y,d
CAG194909110,radct101,CAG,1,2,value,27,1,0,0,0,0,0,0,1,0,1,19490911,0,LCR01,h,LCB,1,0,0,exhibition,y,d
CAG194909110,bostl102,CAG,1,3,value,27,2,0,1,0,0,,,,,1,19490911,0,LCR01,h,LCB,1,0,0,exhibition,y,d
CAG194909110,wilsj110,CAG,1,9,value,27,0,0,0,0,0,,,,,1,19490911,0,LCR01,h,LCB,1,0,0,exhibition,y,d
CAG194909110,johnl105,CAG,1,4,value,27,0,0,0,0,0,,,,,1,19490911,0,LCR01,h,LCB,1,0,0,exhibition,y,d
CAG194909110,gipsa101,CAG,1,1,value,27,0,0,0,0,0,,,,,1,19490911,0,LCR01,h,LCB,1,0,0,exhibition,y,d
