gid,id,team,b_lp,b_seq,stattype,b_pa,b_ab,b_r,b_h,b_d,b_t,b_hr,b_rbi,b_sh,b_sf,b_hbp,b_w,b_iw,b_k,b_sb,b_cs,b_gdp,b_xi,b_roe,dh,ph,pr,date,number,site,vishome,opp,win,loss,tie,gametype,box,pbp
NW2194205060,cruem101,NY6,,,value,,,,,,,,,,,,,,,,,,,,,,,19420506,0,WIL06,v,NW2,0,1,0,exhibition,,
NW2194205060,dunna102,NY6,,,value,4,4,,3,,,,,,,,,,,,,,,,,,,19420506,0,WIL06,v,NW2,0,1,0,exhibition,,
NW2194205060,haywb102,NY6,,,value,,,,,,,,,,,,,,,,,,,,,,,19420506,0,WIL06,v,NW2,0,1,0,exhibition,,
NW2194205060,saxot101,NY6,,,value,,,,,,,,,,,,,,,,,,,,,,,19420506,0,WIL06,v,NW2,0,1,0,exhibition,,
NW2194205060,dandr101,NW2,,,value,4,4,1,2,,,1,3,,,,,,,,,,,,,,,19420506,0,WIL06,h,NY6,1,0,0,exhibition,,
NW2194205060,day-l101,NW2,,,value,4,4,1,2,,,1,1,,,,,,,,,,,,,,,19420506,0,WIL06,h,NY6,1,0,0,exhibition,,
NW2194205060,hookl101,NW2,,,value,,,,,,,,,,,,,,,,,,,,,,,19420506,0,WIL06,h,NY6,1,0,0,exhibition,,
NW2194205060,parkc101,NW2,,,value,,,,,,,,,,,,,,,,,,,,,,,19420506,0,WIL06,h,NY6,1,0,0,exhibition,,
NW2194205060,wellw101,NW2,,,value,4,4,,3,,,,,,,,,,,,,,,,,,,19420506,0,WIL06,h,NY6,1,0,0,exhibition,,
