gid,id,team,d_seq,d_pos,stattype,d_ifouts,d_po,d_a,d_e,d_dp,d_tp,d_pb,d_wp,d_sb,d_cs,d_gs,date,number,site,vishome,opp,win,loss,tie,gametype,box,pbp
NW2194205060,cruem101,NY6,1,1,value,3,,,0,,0,0,,,,,19420506,0,WIL06,v,NW2,0,1,0,exhibition,,
NW2194205060,haywb102,NY6,1,2,value,24,,,0,,0,,,,,1,19420506,0,WIL06,v,NW2,0,1,0,exhibition,,
NW2194205060,saxot101,NY6,1,1,value,18,,,0,,0,0,,,,1,19420506,0,WIL06,v,NW2,0,1,0,exhibition,,
NW2194205060,day-l101,NW2,1,1,value,3,,,,,0,0,,,,,19420506,0,WIL06,h,NY6,1,0,0,exhibition,,
NW2194205060,hookl101,NW2,1,1,value,24,,,0,,0,0,,,,1,19420506,0,WIL06,h,NY6,1,0,0,exhibition,,
NW2194205060,parkc101,NW2,1,2,value,27,,,0,,0,,,,,1,19420506,0,WIL06,h,NY6,1,0,0,exhibition,,
