gid,id,team,b_lp,b_seq,stattype,b_pa,b_ab,b_r,b_h,b_d,b_t,b_hr,b_rbi,b_sh,b_sf,b_hbp,b_w,b_iw,b_k,b_sb,b_cs,b_gdp,b_xi,b_roe,dh,ph,pr,date,number,site,vishome,opp,win,loss,tie,gametype,box,pbp,eject
SNO194009150,tolbj101,BIR,8,1,value,5,5,0,0,0,0,0,0,0,,0,0,0,,0,,,0,,,,,19400915,0,NOL01,v,SNO,0,1,0,exhibition,y,,
SNO194009170,tolbj101,BIR,,,value,,,,,,,,,,,,,,,,,,,,,,,19400917,0,BAT01,v,SNO,0,1,0,exhibition,,,
NW2194606211,tolbj101,NY5,8,1,value,2,2,0,0,0,0,0,,0,,0,,,,0,,,0,,,,,19460621,1,NWK04,v,NW2,0,1,0,regular,y,,
PH5194606220,tolbj101,NY5,8,1,value,3,3,0,2,0,0,0,0,0,,0,,,,0,,,0,,,,,19460622,0,PHI17,v,PH5,0,1,0,regular,y,,
NY5194606230,tolbj101,NY5,7,2,value,2,2,0,0,0,0,0,0,0,0,0,0,0,,0,0,0,0,0,,,,19460623,0,NYC16,h,BLG,0,1,0,regular,y,d,
CAG194607072,tolbj101,CAG,,1,value,,,,,,,,,,,,,,,,,,,,,,,19460707,2,CHI10,h,BIR,0,1,0,regular,,,
CAG194607180,tolbj101,CAG,,2,value,,,,,,,,,,,,,,,,,,,,,,,19460718,0,CHI10,h,MEM,0,1,0,regular,,,
CAG194607212,tolbj101,CAG,,1,value,,,,,,,,,,,,,,,,,,,,,,,19460721,2,CHI10,h,HOM,0,1,0,exhibition,,,
MEM194607281,tolbj101,CAG,,,value,,,,,,,,,,,,,,,,,,,,,,,19460728,1,MEM03,v,MEM,1,0,0,regular,,,
MEM194607282,tolbj101,CAG,,,value,,,,,,,,,,,,,,,,,,,,,,,19460728,2,MEM03,v,MEM,0,1,0,regular,,,
IN9194607300,tolbj101,CAG,,1,value,,,,,,,,,,,,,,,,,,,,,,,19460730,0,IND10,v,IN9,0,1,0,regular,,,
IN9194607310,tolbj101,CAG,,,value,,,,,,,,,,,,,,,,,,,,,,,19460731,0,IND10,v,IN9,0,1,0,regular,,,
BIR194608041,tolbj101,CAG,,1,value,,,,,,,,,,,,,,,,,,,,,,,19460804,1,BIR01,v,BIR,1,0,0,regular,,,
BIR194608042,tolbj101,CAG,,1,value,,,,,,,,,,,,,,,,,,,,,,,19460804,2,BIR01,v,BIR,0,1,0,regular,,,
BIR194608080,tolbj101,CAG,,1,value,,,,,,,,,,,,,,,,,,,,,,,19460808,0,BIR01,v,BIR,1,0,0,regular,,,
CAG194608090,tolbj101,CAG,,1,value,,,,,,,,,,,,,,,,,,,,,,,19460809,0,MTG01,h,BIR,0,1,0,regular,,,
KCM194608111,tolbj101,CAG,8,1,value,3,3,0,0,0,0,0,0,0,,0,0,0,,0,,,0,,,,,19460811,1,KAN05,v,KCM,0,1,0,regular,y,,
KCM194608112,tolbj101,CAG,8,1,value,3,3,0,0,0,0,0,0,0,,0,0,0,,0,,,0,,,,,19460811,2,KAN05,v,KCM,1,0,0,regular,y,,
CVB194609030,tolbj101,CAG,8,1,value,5,4,0,0,0,0,0,0,1,,0,0,0,,0,,,0,,,,,19460903,0,ERI01,v,CVB,0,1,0,regular,y,,
MEM194609150,tolbj101,CAG,,,value,,,,,,,,,,,,,,,,,,,,,,,19460915,1,LRK02,v,MEM,1,0,0,regular,,,
MEM194609170,tolbj101,CAG,,,value,,,,,,,,,,,,,,,,,,,,,,,19460917,0,OKC02,v,MEM,0,0,1,exhibition,,,
MEM194609180,tolbj101,CAG,,,value,,,,,,,,,,,,,,,,,,,,,,,19460918,0,MUS01,v,MEM,1,0,0,exhibition,,,
SAS194609290,tolbj101,NAS,,,value,,,,,,,,,,,,,,,,,,,,,,,19460929,0,MEM03,v,SAS,1,0,0,allstar,,,
BLG194704130,tolbj101,CAG,7,3,value,0,0,0,0,0,0,0,0,0,0,0,0,0,,0,0,0,0,0,,,,19470413,0,NSH02,v,BLG,0,1,0,exhibition,y,d,
CAG194704272,tolbj101,CAG,,1,value,,,,,,,,,,,,,,,,,,,,,,,19470427,2,CHI10,h,CVB,0,1,0,exhibition,,,
KCM194705050,tolbj101,CAG,8,1,value,3,3,0,0,0,0,0,0,0,0,0,0,0,,0,0,0,0,0,,,,19470505,0,KAN05,v,KCM,1,0,0,regular,y,d,
KCM194705080,tolbj101,CAG,8,1,value,3,2,1,0,0,0,0,0,0,0,0,1,0,,0,0,0,0,1,,,,19470508,0,KAN05,v,KCM,0,1,0,regular,y,d,
MEM194705150,tolbj101,CAG,9,3,value,1,0,0,0,0,0,0,0,0,0,0,1,0,,0,0,0,0,0,,1,,19470515,0,GRE01,v,MEM,1,0,0,regular,y,d,
KCM194705220,tolbj101,CAG,8,1,value,4,2,0,0,0,0,0,0,0,,0,2,,,0,,,0,,,,,19470522,0,WIC01,v,KCM,0,1,0,regular,y,,
BIR194706020,tolbj101,CAG,,2,value,,,,,,,,,,,,,,,,,,,,,,,19470602,0,MTG01,v,BIR,0,1,0,regular,,,
MEM194706090,tolbj101,CAG,,,value,,,,,,,,,,,,,,,,,,,,,,,19470609,0,LRK02,v,MEM,0,1,0,regular,,,
CAG194706152,tolbj101,CAG,,,value,,,,,,,,,,,,,,,,,,,,,,,19470615,2,CHI10,h,IN9,0,1,0,regular,,,
IN9194706160,tolbj101,CAG,,,value,,,,,,,,,,,,,,,,,,,,,,,19470616,0,IND10,v,IN9,0,1,0,regular,,,
CAG194706190,tolbj101,CAG,,,value,,,,,,,,,,,,,,,,,,,,,,,19470619,0,CHI10,h,IN9,0,1,0,regular,,,
CAG194706210,tolbj101,CAG,,,value,,,,,,,,,,,,,,,,,,,,,,,19470621,0,IND10,h,BIR,0,1,0,regular,,,
CAG194706221,tolbj101,CAG,7,1,value,3,3,0,2,0,0,0,,0,,0,0,0,,0,,,0,,,,,19470622,1,CHI10,h,BIR,0,1,0,regular,y,,
CAG194706222,tolbj101,CAG,,,value,,,,,,,,,,,,,,,,,,,,,,,19470622,2,CHI10,h,BIR,1,0,0,regular,,,
CAG194706260,tolbj101,CAG,,,value,,,,,,,,,,,,,,,,,,,,,,,19470626,0,CHI10,h,BIR,0,1,0,regular,,,
CAG194706291,tolbj101,CAG,,,value,,,,,,,,,,,,,,,,,,,,,,,19470629,1,CHI10,h,MEM,0,1,0,regular,,,
CAG194706292,tolbj101,CAG,,,value,,,0,1,,,,0,,,,,,,,,,,,,,,19470629,2,CHI10,h,MEM,0,1,0,regular,,,
CAG194706292,tolbj101,CAG,,,lower,,1,0,1,,,,0,,,,,,,,,,,,,,,19470629,2,CHI10,h,MEM,0,1,0,regular,,,
CAG194707020,tolbj101,CAG,8,1,value,3,3,0,1,0,0,0,0,0,,0,0,0,,0,,,0,,,,,19470702,0,BHM01,h,MEM,0,1,0,regular,y,,
CAG194707030,tolbj101,CAG,,,value,,,,,,,,,,,,,,,,,,,,,,,19470703,0,MIL03,h,MEM,1,0,0,regular,,,
CAG194707041,tolbj101,CAG,,,value,,,,,,,,,,,,,,,,,,,,,,,19470704,1,CHI10,h,MEM,0,1,0,regular,,,
CAG194707042,tolbj101,CAG,,,value,,,,1,1,,,2,,,,,,,,,,,,,,,19470704,2,CHI10,h,MEM,1,0,0,regular,,,
CAG194707042,tolbj101,CAG,,,lower,1,1,,1,1,,,2,,,,1,,,,,,,,,,,19470704,2,CHI10,h,MEM,1,0,0,regular,,,
IN9194707130,tolbj101,CAG,,,value,,,,,,,,,,,,,,,,,,,,,,,19470713,0,IND10,v,IN9,1,0,0,regular,,,
CAG194707240,tolbj101,CAG,,,value,,,,,,,,,,,,,,,,,,,,,,,19470724,0,CHI10,h,KCM,1,0,0,regular,,,
CAG194707250,tolbj101,CAG,8,1,value,5,4,0,0,0,0,0,0,0,0,0,1,0,0,0,0,0,0,0,,,,19470725,0,EAU01,h,KCM,0,1,0,regular,y,d,
CVB194708120,tolbj101,CAG,,,value,,,,,,,,,,,,,,,,,,,,,,,19470812,0,DAY03,v,CVB,0,1,0,regular,,,
CAG194708140,tolbj101,CAG,,,value,,,,,,,,,,,,,,,,,,,,,,,19470814,0,SYR04,h,CVB,0,1,0,regular,,,
BLG194708241,tolbj101,CAG,8,3,value,1,1,0,0,0,0,0,0,0,,0,0,0,,0,,0,0,,,,,19470824,1,BAL14,v,BLG,0,1,0,exhibition,y,,
CAG194708290,tolbj101,CAG,,,value,,,,,,,,,,,,,,,,,,,,,,,19470829,0,CHI10,h,MEM,0,1,0,regular,,,
CAG194709012,tolbj101,CAG,,,value,,,0,,,,,0,,,,,,,,,,,,,,,19470901,2,CHI10,h,IN9,1,0,0,regular,,,
CAG194709050,tolbj101,CAG,7,1,value,3,3,0,0,0,0,0,0,0,,0,0,0,,0,,,0,,,,,19470905,0,DCT02,h,IN9,0,1,0,regular,y,,
CAG194709142,tolbj101,CAG,,,value,,,,,,,,,,,,,,,,,,,,,,,19470914,2,CHI10,h,BIR,0,1,0,regular,,,
CVB194804271,tolbj101,CAG,,,value,,,,,,,,,,,,,,,,,,,,,,,19480427,1,MEM02,v,CVB,0,0,1,exhibition,,,
CVB194804290,tolbj101,CAG,,,value,,,,,,,,,,,,,,,,,,,,,,,19480429,0,MEM02,v,CVB,1,0,0,exhibition,,,
CAG194805162,tolbj101,CAG,,,value,,,,,,,,,,,,,,,,,,,,,,,19480516,2,CHI10,h,MEM,0,1,0,regular,,,
BIR194805240,tolbj101,CAG,,,value,4,4,,3,,,,,,,,,,,,,,,,,,,19480524,0,NSH02,v,BIR,0,1,0,regular,,,
CAG194805312,tolbj101,CAG,,,value,,,,,,,,,,,,,,,,,,,,,,,19480531,2,CHI10,h,CVB,0,1,0,regular,,,
CVB194806010,tolbj101,CAG,,,value,,,,,,,,,,,,,,,,,,,,,,,19480601,0,DAY03,v,CVB,0,1,0,regular,,,
IN9194806080,tolbj101,CAG,,,value,,,,,,,,,,,,,,,,,,,,,,,19480608,0,TOL05,v,IN9,0,1,0,regular,,,
IN9194806090,tolbj101,CAG,,,value,,,,,,,,,,,,,,,,,,,,,,,19480609,0,IND10,v,IN9,1,0,0,regular,,,
IN9194806100,tolbj101,CAG,,,value,,,,,,,,,,,,0,0,,,,,,,,,,19480610,0,LIM01,v,IN9,1,0,0,regular,,,
CAG194806110,tolbj101,CAG,8,3,value,0,0,0,0,0,0,0,0,0,0,0,0,0,,0,0,0,0,0,,,,19480611,0,CHI10,h,KCM,0,1,0,regular,y,d,
CAG194806132,tolbj101,CAG,,,value,,,,,,,,,,,,,,,,,,,,,,,19480613,2,CHI10,h,BIR,0,1,0,regular,,,
CAG194806140,tolbj101,CAG,,,value,,,,,,,,,,,,,,,,,,,,,,,19480614,0,DAN01,h,BIR,0,1,0,regular,,,
BIR194806200,tolbj101,CAG,4,2,value,0,0,0,0,0,0,0,0,0,0,0,0,0,,0,0,0,0,0,,,,19480620,0,BIR01,v,BIR,0,1,0,regular,y,d,
BIR194806220,tolbj101,CAG,,,value,,,,,,,,,,,,,,,,,,,,,,,19480622,0,NOL01,v,BIR,0,1,0,regular,,,
KCM194807041,tolbj101,CAG,8,1,value,3,3,0,0,0,0,0,0,0,,0,0,0,,0,,,0,,,,,19480704,1,KAN05,v,KCM,0,1,0,regular,y,,
KCM194807080,tolbj101,CAG,5,2,value,2,2,0,0,0,0,0,0,0,0,0,0,0,,0,0,0,0,0,,,,19480708,0,DAV01,v,KCM,0,1,0,regular,y,d,
CAG194807112,tolbj101,CAG,,,value,,,,,,,,,,,,,,,,,,,,,,,19480711,2,CHI10,h,KCM,0,1,0,regular,,,
CAG194807120,tolbj101,CAG,7,1,value,4,4,1,0,0,0,0,0,0,,0,0,0,,0,,,0,,,,,19480712,0,DCT02,h,KCM,1,0,0,regular,y,,
IN9194807170,tolbj101,CAG,,,value,,,,,,,,,,,,,,,,,,,,,,,19480717,0,IND10,v,IN9,1,0,0,regular,,,
CAG194807182,tolbj101,CAG,,,value,,,,1,,,,,,,,,,,,,,,,,,,19480718,2,CHI10,h,IN9,0,1,0,regular,,,
CAG194807182,tolbj101,CAG,,,lower,,1,,1,,,,,,,,,,,,,,,,,,,19480718,2,CHI10,h,IN9,0,1,0,regular,,,
NW2194808082,tolbj101,CAG,8,1,value,4,3,1,1,0,0,0,0,0,0,0,1,0,0,0,0,0,0,0,,,,19480808,2,NWK04,v,NW2,0,0,1,exhibition,y,d,
CVB194808250,tolbj101,CAG,8,3,value,1,1,0,1,,,,0,,,,0,0,,,,,,,,,,19480825,0,YOU01,v,CVB,1,0,0,regular,y,,
CAG194808292,tolbj101,CAG,,,value,,,,,,,,,,,,,,,,,,,,,,,19480829,2,CHI10,h,BIR,0,1,0,regular,,,
CVB194809051,tolbj101,CAG,,,value,,,,,,,,,,,,,,,,,,,,,,,19480905,1,CLE06,v,CVB,0,1,0,regular,,,
CVB194809051,tolbj101,CAG,,,lower,,1,,,,,,,,,,,,,,,,,,,,,19480905,1,CLE06,v,CVB,0,1,0,regular,,,
CVB194809070,tolbj101,CAG,,,value,,,,,,,,,,,,,,,,,,,,,,,19480907,0,STC02,v,CVB,1,0,0,exhibition,,,
CVB194809090,tolbj101,CAG,,,value,,,0,,,,,0,,,,,,,,,,,,,,,19480909,0,DAY03,v,CVB,0,1,0,regular,,,
