gid,id,team,d_seq,d_pos,stattype,d_ifouts,d_po,d_a,d_e,d_dp,d_tp,d_pb,d_wp,d_sb,d_cs,d_gs,date,number,site,vishome,opp,win,loss,tie,gametype,box,pbp,eject
CCR194607072,godim101,IN9,1,1,value,,,,0,,0,0,,,,,19460707,2,CIN07,v,CCR,0,1,0,exhibition,,,
IN9194607080,godim101,IN9,1,1,value,3,,,0,,0,0,,,,,19460708,0,COL05,h,CCR,1,0,0,exhibition,,,
IN9194607160,godim101,IN9,1,1,value,10,0,0,0,0,0,,,,,0,19460716,0,ZAN02,h,CVB,0,1,0,regular,y,d,
KCM194607212,godim101,IN9,1,1,value,15,0,2,0,0,0,,,,,,19460721,2,KAN05,v,KCM,1,0,0,regular,y,,
KCM194607230,godim101,IN9,1,1,value,9,0,0,0,0,0,,,,,0,19460723,0,CBI01,v,KCM,1,0,0,regular,y,d,
IN9194608042,godim101,IN9,1,1,value,,,,0,,0,0,,,,1,19460804,2,CIN07,h,CCR,0,1,0,exhibition,,,
BIR194608111,godim101,IN9,1,1,value,,,,0,,0,0,,,,,19460811,1,BIR01,v,BIR,0,1,0,regular,,,
NY6194608140,godim101,IN9,1,1,value,27,,,0,,0,0,,,,1,19460814,0,NYC14,v,NY6,1,0,0,exhibition,,,
NY5194608182,godim101,IN9,1,1,value,24,0,0,0,0,0,,,,,1,19460818,2,NYC16,v,NY5,0,1,0,exhibition,y,,
CAG194608280,godim101,IN9,1,1,value,24,,,0,,0,0,,,,1,19460828,0,CHI10,v,CAG,0,1,0,regular,,,
KCM194609012,godim101,IN9,1,1,value,12,0,2,0,0,0,,,,,,19460901,2,KAN05,v,KCM,0,1,0,regular,y,,
IN9194609081,godim101,IN9,1,1,value,,,,0,,0,0,,,,,19460908,1,CIN07,h,KCM,0,1,0,regular,,,
IN9194609140,godim101,IN9,1,1,value,27,0,3,0,0,0,,,,,1,19460914,0,WIL04,h,KCM,0,1,0,regular,y,,
NY5194609171,godim101,IN9,1,1,value,2,0,0,0,0,0,,,,,0,19460917,1,PHI11,v,NY5,0,1,0,exhibition,y,d,
PH5194609172,godim101,IN9,1,1,value,15,0,1,0,0,0,,,,,1,19460917,2,PHI11,v,PH5,1,0,0,exhibition,y,d,
IN9194704240,godim101,IN9,1,1,value,27,,,0,,0,0,,,,1,19470424,0,LRK02,h,KCM,0,1,0,exhibition,,,
KCM194704300,godim101,IN9,1,1,value,24,,,0,,0,0,,,,1,19470430,0,TUL01,v,KCM,0,1,0,exhibition,,,
MEM194705050,godim101,IN9,1,1,value,27,,,0,,0,0,,,,1,19470505,0,LRK02,v,MEM,1,0,0,regular,,,
IN9194705112,godim101,IN9,1,1,value,18,,,0,,0,0,,,,1,19470511,2,IND10,h,CVB,0,1,0,regular,,,
IN9194705190,godim101,IN9,1,1,value,15,,,0,,0,0,,,,1,19470519,0,COL05,h,BIR,1,0,0,regular,,,
BIR194705260,godim101,IN9,1,1,value,24,,,0,,0,0,,,,1,19470526,0,NOL01,v,BIR,0,1,0,regular,,,
IN9194705302,godim101,IN9,1,1,value,21,,,0,,0,0,,,,1,19470530,2,CIN07,h,BIR,0,1,0,regular,,,
IN9194706160,godim101,IN9,1,1,value,30,,,0,,0,0,,,,1,19470616,0,IND10,h,CAG,1,0,0,regular,,,
CVB194706222,godim101,IN9,1,1,value,18,,,0,,0,0,,,,1,19470622,2,CLE06,v,CVB,0,1,0,regular,,,
CVB194706250,godim101,IN9,1,1,value,15,,,0,0,0,,,,,1,19470625,0,ERI01,v,CVB,0,1,0,regular,y,,
IN9194707130,godim101,IN9,1,1,value,1,,,0,,0,0,,,,,19470713,0,IND10,h,CAG,0,1,0,regular,,,
IN9194707140,godim101,IN9,1,1,value,30,0,0,0,0,0,,,,,1,19470714,0,DCT02,h,CAG,1,0,0,regular,y,d,
IN9194707260,godim101,IN9,1,1,value,27,,,0,,0,0,,,,1,19470726,0,IND10,h,MEM,1,0,0,regular,,,
MEM194707290,godim101,IN9,1,1,value,,,,0,,,,,,,,19470729,0,MEM02,v,MEM,0,1,0,regular,,,
MEM194708010,godim101,IN9,1,1,value,24,,,0,,0,0,,,,1,19470801,0,MEM02,v,MEM,0,1,0,regular,,,
BIR194708070,godim101,IN9,1,1,value,26,,,0,,0,0,,,,1,19470807,0,KNO01,v,BIR,0,1,0,regular,,,
KCM194708190,godim101,IN9,1,1,value,3,,,0,,0,0,,,,1,19470819,0,CBI01,v,KCM,0,1,0,regular,,,
PH5194708262,godim101,IN9,1,1,value,6,0,0,0,0,0,,,,,,19470826,2,PHI11,v,PH5,0,1,0,exhibition,y,,
CAG194708311,godim101,IN9,1,1,value,,,,0,,0,0,,,,,19470831,1,CHI10,v,CAG,0,1,0,regular,,,
CAG194709011,godim101,IN9,1,1,value,12,,,0,,0,0,,,,,19470901,1,CHI10,v,CAG,0,1,0,regular,,,
IN9194709240,godim101,IN9,1,1,value,27,0,0,0,0,0,,,,,1,19470924,0,LIN01,h,KCM,0,1,0,exhibition,y,,
KCM194807252,godim101,IN9,1,1,value,15,0,1,0,0,0,,,,,0,19480725,2,KAN05,v,KCM,0,1,0,regular,y,d,
BLG194808081,godim101,IN9,1,1,value,7,0,0,0,0,0,0,,,,,19480808,1,BAL14,v,BLG,0,1,0,exhibition,y,,
IN9194808140,godim101,IN9,1,1,value,,,,0,,0,0,,,,,19480814,0,IND10,h,KCM,0,1,0,regular,,,
IN9194808152,godim101,IN9,1,1,value,18,,,0,,0,0,,,,1,19480815,2,LOU05,h,KCM,0,0,1,regular,,,
IN9194808200,godim101,IN9,1,1,value,27,,,0,,0,0,,,,1,19480820,0,COL05,h,CAG,1,0,0,regular,,,
IN9194808240,godim101,IN9,1,1,value,27,,,0,,0,0,,,,1,19480824,0,RCI01,h,NY5,1,0,0,exhibition,,,
PH5194809082,godim101,IN9,1,1,value,2,0,0,0,0,0,,,,,1,19480908,2,PHI11,v,PH5,0,1,0,exhibition,y,d,
IN9194905040,godim101,IN9,1,1,value,,,,,,,,,,,1,19490504,0,POR01,h,NY6,0,1,0,regular,,,
NY6194905040,godim101,IN9,1,1,value,,,,,,,,,,,1,19490504,0,POR01,h,NY6,0,1,0,regular,,,
PH5194905132,godim101,IN9,1,1,value,9,0,0,0,0,0,,,,,0,19490513,2,PHI11,v,PH5,0,1,0,regular,y,d,
IN9194905170,godim101,IN9,1,1,value,24,,,,,,,,,,1,19490517,0,ZAN02,h,BIR,1,0,0,regular,,,
IN9194905170,godim101,IN9,1,1,upper,26,,,,,,,,,,1,19490517,0,ZAN02,h,BIR,1,0,0,regular,,,
CAG194905222,godim101,IN9,,1,value,,,,,,,,,,,,19490522,2,CHI10,v,CAG,0,1,0,regular,,,
KCM194906010,godim101,IN9,2,1,value,,,,,,,,,,,,19490601,0,TUL01,v,KCM,0,1,0,regular,,,
KCM194906060,godim101,IN9,2,1,value,14,,,,,,,,,,,19490606,0,SCI01,v,KCM,0,1,0,regular,,,
KCM194906060,godim101,IN9,2,1,lower,13,,,,,,,,,,,19490606,0,SCI01,v,KCM,0,1,0,regular,,,
KCM194906060,godim101,IN9,2,1,upper,15,,,,,,,,,,,19490606,0,SCI01,v,KCM,0,1,0,regular,,,
KCM194906080,godim101,IN9,1,1,value,5,0,0,0,0,0,,,,,1,19490608,0,DAV01,v,KCM,0,1,0,regular,y,d,
BIR194906191,godim101,IN9,1,1,value,9,0,0,0,0,0,,,,,0,19490619,1,BIR01,v,BIR,0,1,0,regular,y,d,
BIR194906192,godim101,IN9,1,1,value,3,0,0,0,0,0,,,,,0,19490619,2,BIR01,v,BIR,1,0,0,regular,y,d,
IN9194907070,godim101,IN9,2,1,value,3,,,,,,,,,,,19490707,0,BIR01,h,KCM,0,1,0,regular,,,
HOE194907102,godim101,IN9,1,1,value,6,,,0,,,,,,,,19490710,2,HOU04,v,HOE,0,1,0,regular,,,
BLG194908090,godim101,IN9,2,1,value,12,0,0,0,0,0,,,0,,,19490809,0,BAL14,v,BLG,0,1,0,regular,y,,
CAG194909040,godim101,IN9,2,1,value,3,,,,,,,,,,,19490904,0,CHI10,v,CAG,1,0,0,regular,,,
