gid,id,team,d_seq,d_pos,stattype,d_ifouts,d_po,d_a,d_e,d_dp,d_tp,d_pb,d_wp,d_sb,d_cs,d_gs,date,number,site,vishome,opp,win,loss,tie,gametype,box,pbp,eject
BIR194104131,tatug101,BIR,1,9,value,27,,,0,0,0,,,,,1,19410413,1,PBL01,h,NY5,1,0,0,exhibition,y,,
BIR194104132,tatug101,BIR,1,9,value,15,,,0,0,0,,,,,1,19410413,2,PBL01,h,NY5,0,1,0,exhibition,y,,
BIR194104202,tatug101,BIR,1,9,value,18,0,0,0,0,0,,,,,1,19410420,2,BIR01,h,NY5,1,0,0,exhibition,y,,
BIR194105041,tatug101,BIR,1,7,value,27,3,0,2,0,0,,,,,1,19410504,1,BIR01,h,NW2,0,1,0,exhibition,y,,
BIR194204160,tatug101,BIR,1,9,value,27,,,0,0,0,,,,,1,19420416,0,BIR01,h,CAG,1,0,0,exhibition,y,,
BIR194204191,tatug101,BIR,1,5,value,27,,,0,0,0,,,,,1,19420419,1,BIR01,h,KCM,1,0,0,exhibition,y,,
BIR194205300,tatug101,BIR,1,9,value,27,1,0,0,0,0,,,,,1,19420530,0,STL07,h,NY5,0,1,0,regular,y,,
CCB194206211,tatug101,BIR,1,7,value,24,,,0,0,0,,,,,1,19420621,1,CIN07,v,CCB,0,1,0,regular,y,,
KCM194209062,tatug101,CI2,1,3,value,25,7,0,1,0,0,,,,,1,19420906,2,CHI11,v,KCM,0,1,0,exhibition,y,,
CAG194209071,tatug101,BIR,1,7,value,9,0,0,0,0,0,,,,,1,19420907,1,KAN05,v,CAG,1,0,0,regular,y,,
CAG194209071,tatug101,BIR,2,5,value,18,,,0,0,0,,,,,1,19420907,1,KAN05,v,CAG,1,0,0,regular,y,,
BLG194305091,tatug101,CI2,1,9,value,27,0,0,0,0,0,,,,,1,19430509,1,BAL14,v,BLG,1,0,0,exhibition,y,d,
BLG194305092,tatug101,CI2,1,9,value,20,0,0,0,0,0,,,,,1,19430509,2,BAL14,v,BLG,1,0,0,exhibition,y,d,
CI2194305163,tatug101,CI2,1,9,value,27,,,0,,0,,,,,,19430516,3,DAY03,h,BIR,0,1,0,exhibition,,,
CI2194305180,tatug101,CI2,1,9,value,21,0,0,0,0,0,,,,,0,19430518,0,SPR04,h,BIR,1,0,0,regular,y,d,
CI2194305250,tatug101,CI2,1,7,value,21,0,0,0,0,0,,,,,1,19430525,0,SPR04,h,CAG,0,1,0,regular,y,d,
CVB194305301,tatug101,CI2,1,9,value,24,5,0,0,0,0,,,,,1,19430530,1,CLE06,v,CVB,0,1,0,regular,y,d,
CVB194305302,tatug101,CI2,1,9,value,18,1,1,0,0,0,,,,,1,19430530,2,CLE06,v,CVB,0,1,0,regular,y,d,
BIR194306070,tatug101,CI2,1,3,value,24,,,,,0,,,,,,19430607,0,MTG01,v,BIR,0,1,0,regular,,,
CI2194306131,tatug101,CI2,1,7,value,27,2,1,2,0,0,,,,,1,19430613,1,CIN07,h,MEM,0,1,0,regular,y,,
CI2194306132,tatug101,CI2,1,7,value,18,2,,0,0,0,,,,,1,19430613,2,CIN07,h,MEM,0,1,0,regular,y,,
CI2194306170,tatug101,CI2,1,7,value,27,1,0,0,0,0,,,,,1,19430617,0,RCI01,h,BIR,1,0,0,regular,y,d,
MEM194306271,tatug101,CI2,1,3,value,27,10,0,0,0,0,,,,,1,19430627,1,MEM03,v,MEM,1,0,0,regular,y,d,
MEM194306280,tatug101,CI2,1,3,value,24,,,,,0,,,,,,19430628,0,LRK02,v,MEM,0,1,0,regular,,,
BIR194307020,tatug101,CI2,1,3,value,24,,,,,0,,,,,,19430702,0,LOU05,v,BIR,0,1,0,regular,,,
CI2194307041,tatug101,CI2,1,3,value,27,11,0,0,0,0,,,,,1,19430704,1,IND10,h,CVB,0,1,0,regular,y,d,
CI2194307051,tatug101,CI2,1,3,value,9,2,0,0,0,0,,,,,1,19430705,1,CIN07,h,CVB,1,0,0,regular,y,d,
CI2194307052,tatug101,CI2,1,3,value,21,6,0,0,1,0,,,,,1,19430705,2,CIN07,h,CVB,1,0,0,regular,y,d,
CI2194307111,tatug101,CI2,1,3,value,27,,,,,0,,,,,,19430711,1,CIN07,h,CAG,0,1,0,regular,,,
CI2194307112,tatug101,CI2,1,3,value,21,,,,,0,,,,,,19430711,2,CIN07,h,CAG,1,0,0,regular,,,
MEM194307190,tatug101,CI2,1,8,value,27,0,0,1,0,0,,,,,1,19430719,0,KEW01,v,MEM,1,0,0,regular,y,d,
CI2194307200,tatug101,CI2,1,8,value,27,1,0,0,0,0,,,,,1,19430720,0,DAV01,h,MEM,0,1,0,regular,y,d,
BIR194308050,tatug101,CI2,1,3,value,24,8,0,0,0,0,,,,,1,19430805,0,KEW01,v,BIR,0,1,0,regular,y,d,
BIR194308060,tatug101,CI2,1,3,value,27,12,0,0,1,0,,,,,1,19430806,0,MIL03,v,BIR,1,0,0,regular,y,d,
CI2194308070,tatug101,CI2,1,9,value,27,0,0,0,0,0,,,,,1,19430807,0,APP01,h,BIR,1,0,0,regular,y,,
BIR194308081,tatug101,CI2,1,3,value,24,,,0,,0,,,,,,19430808,1,MIN05,v,BIR,0,1,0,regular,,,
BIR194308082,tatug101,CI2,1,3,value,18,,,,,0,,,,,,19430808,2,MIN05,v,BIR,0,1,0,regular,,,
CI2194308090,tatug101,CI2,1,3,value,27,10,0,1,0,0,,,,,1,19430809,0,WIN01,h,BIR,1,0,0,regular,y,d,
BIR194308100,tatug101,CI2,1,3,value,24,13,1,0,1,0,,,,,1,19430810,0,WIN01,v,BIR,1,0,0,regular,y,d,
BIR194308130,tatug101,CI2,1,3,value,24,10,0,0,0,0,,,,,1,19430813,0,MIL03,v,BIR,0,1,0,regular,y,d,
KCM194308180,tatug101,CI2,1,3,value,24,,,,,0,,,,,,19430818,0,NOL01,v,KCM,0,1,0,regular,,,
KCM194308190,tatug101,CI2,1,3,value,24,,,,,0,,,,,,19430819,0,HOU04,v,KCM,0,1,0,regular,,,
KCM194308200,tatug101,CI2,1,3,value,24,,,0,,0,0,,,,1,19430820,0,WAC01,v,KCM,0,1,0,regular,,,
KCM194308221,tatug101,CI2,1,3,value,20,6,0,0,0,0,,,,,1,19430822,1,DAL01,v,KCM,0,1,0,regular,y,,
KCM194308260,tatug101,CI2,1,3,value,24,9,0,1,2,0,,,,,1,19430826,0,KAN05,v,KCM,0,1,0,regular,y,,
CI2194308270,tatug101,CI2,1,3,value,27,,,,,0,,,,,,19430827,0,BEL01,h,KCM,1,0,0,regular,,,
CI2194309020,tatug101,CI2,1,3,value,27,8,0,0,0,0,,,,,1,19430902,0,MIL03,h,NY6,0,1,0,exhibition,y,d,
CI2194309080,tatug101,CI2,1,3,value,27,9,0,1,0,0,,,,,1,19430908,0,CIN07,h,BIR,0,1,0,regular,y,d,
CI2194309090,tatug101,CI2,1,3,value,27,,,,,0,,,,,,19430909,0,TOL05,h,BIR,0,1,0,exhibition,,,
CVB194309121,tatug101,CI2,1,3,value,24,6,2,0,0,0,,,,,1,19430912,1,CLE06,v,CVB,0,1,0,exhibition,y,,
CVB194309122,tatug101,CI2,1,3,value,18,11,0,0,1,0,,,,,1,19430912,2,CLE06,v,CVB,0,1,0,exhibition,y,,
KCM194309170,tatug101,CI2,1,3,value,27,14,,,,0,,,,,,19430917,0,OKC02,v,KCM,1,0,0,exhibition,,,
KCM194506101,tatug101,CIA,1,3,value,24,0,4,0,0,0,,,,,1,19450610,1,KAN05,v,KCM,0,1,0,regular,y,,
KCM194506102,tatug101,CIA,1,3,value,21,9,0,0,0,0,,,,,1,19450610,2,KAN05,v,KCM,1,0,0,regular,y,,
KCM194506110,tatug101,CIA,1,3,value,24,12,0,0,0,0,,,,,1,19450611,0,KAN05,v,KCM,0,1,0,regular,y,,
MEM194506171,tatug101,CIA,1,3,value,35,18,0,1,0,0,,,,,1,19450617,1,CHI11,v,MEM,0,1,0,regular,y,,
CIA194508250,tatug101,CIA,1,3,value,27,,,0,0,0,,,,,1,19450825,0,SPR03,h,BIR,0,1,0,regular,y,,
IN9194605150,tatug101,IN9,1,3,value,21,8,0,0,0,0,,,,,1,19460515,0,SBD01,h,CAG,1,0,0,regular,y,d,
IN9194605191,tatug101,IN9,1,3,value,45,,,0,,0,0,,,,,19460519,1,CIN07,h,CVB,0,1,0,regular,,,
CVB194606021,tatug101,IN9,1,3,value,27,12,0,0,0,0,,,,,1,19460602,1,CLE06,v,CVB,1,0,0,regular,y,d,
CAG194606110,tatug101,IN9,1,3,value,21,,,0,0,0,,,,,1,19460611,0,SPR03,v,CAG,0,1,0,regular,y,,
KCM194606200,tatug101,IN9,1,3,value,24,7,,0,0,0,,,,,1,19460620,0,WIC01,v,KCM,0,1,0,regular,y,,
KCM194606210,tatug101,IN9,1,3,value,27,9,0,1,0,0,,,,,1,19460621,0,KAN05,v,KCM,1,0,0,regular,y,d,
IN9194607010,tatug101,IN9,1,3,value,27,12,0,0,2,0,,,,,1,19460701,0,RIC01,h,CAG,1,0,0,regular,y,d,
IN9194607090,tatug101,IN9,1,3,value,27,,,0,,0,0,,,,,19460709,0,RCI01,h,CCR,0,1,0,exhibition,,,
IN9194607160,tatug101,IN9,1,3,value,27,6,0,0,1,0,,,,,1,19460716,0,ZAN02,h,CVB,0,1,0,regular,y,d,
KCM194607211,tatug101,IN9,1,3,value,27,12,0,1,1,0,,,,,1,19460721,1,KAN05,v,KCM,1,0,0,regular,y,,
KCM194607212,tatug101,IN9,1,3,value,27,6,0,0,0,0,,,,,1,19460721,2,KAN05,v,KCM,1,0,0,regular,y,,
KCM194607220,tatug101,IN9,1,3,value,24,7,0,0,1,0,,,,,1,19460722,0,KAN05,v,KCM,0,1,0,regular,y,,
KCM194607230,tatug101,IN9,1,3,value,27,8,0,0,2,0,,,,,1,19460723,0,CBI01,v,KCM,1,0,0,regular,y,d,
PH5194608122,tatug101,IN9,1,3,value,27,11,0,0,0,0,,,,,1,19460812,2,PHI11,v,PH5,0,0,1,exhibition,y,,
BLG194608130,tatug101,IN9,1,3,value,24,7,0,0,1,0,,,,,1,19460813,0,BAL14,v,BLG,0,1,0,exhibition,y,,
NY5194608170,tatug101,IN9,1,3,value,27,9,0,0,1,0,,,,,1,19460817,0,WIL04,v,NY5,1,0,0,exhibition,y,,
NY5194608182,tatug101,IN9,1,3,value,24,0,0,0,0,0,,,,,1,19460818,2,NYC16,v,NY5,0,1,0,exhibition,y,,
IN9194608200,tatug101,IN9,1,3,value,27,,,0,0,0,,,,,1,19460820,0,ERI01,h,CCR,1,0,0,exhibition,y,,
CAG194608280,tatug101,IN9,2,3,value,6,,,,,,,,,,,19460828,0,CHI10,v,CAG,0,1,0,regular,,,
CAG194608290,tatug101,IN9,1,3,value,,3,0,0,0,0,,,,,,19460829,0,DCT02,v,CAG,0,1,0,regular,y,,
KCM194608301,tatug101,IN9,1,3,value,21,10,0,0,0,0,,,,,1,19460830,1,STL07,v,KCM,1,0,0,regular,y,,
KCM194608302,tatug101,IN9,1,3,value,24,9,1,0,1,0,,,,,1,19460830,2,STL07,v,KCM,0,1,0,regular,y,,
KCM194609011,tatug101,IN9,1,3,value,,3,0,0,0,0,,,,,1,19460901,1,KAN05,v,KCM,1,0,0,regular,y,,
MEM194704170,tatug101,IN9,1,3,value,24,12,0,0,0,0,,,,,1,19470417,0,OKC02,v,MEM,0,1,0,exhibition,y,d,
BLG194704200,tatug101,IN9,1,3,value,21,13,,,0,0,,,,,1,19470420,0,NSH02,v,BLG,0,1,0,exhibition,y,,
KCM194704300,tatug101,IN9,1,3,value,24,,,0,,0,0,,,,,19470430,0,TUL01,v,KCM,0,1,0,exhibition,,,
KCM194705010,tatug101,IN9,1,3,value,24,5,1,0,0,0,,,,,1,19470501,0,OKC02,v,KCM,0,1,0,exhibition,y,,
KCM194705020,tatug101,IN9,1,3,value,25,5,0,0,0,0,,,,,1,19470502,0,WIC01,v,KCM,0,1,0,exhibition,y,d,
MEM194705060,tatug101,IN9,1,3,value,24,,,0,,0,0,,,,,19470506,0,HOU04,v,MEM,0,1,0,regular,,,
KCM194706081,tatug101,IN9,1,3,value,24,12,1,0,0,0,,,,,1,19470608,1,KAN05,v,KCM,0,1,0,regular,y,,
KCM194706082,tatug101,IN9,1,3,value,18,4,0,0,0,0,,,,,1,19470608,2,KAN05,v,KCM,0,1,0,regular,y,,
KCM194706090,tatug101,IN9,1,3,value,27,10,0,0,0,0,,,,,1,19470609,0,KAN05,v,KCM,1,0,0,regular,y,,
IN9194706100,tatug101,IN9,1,3,value,27,,,0,0,0,,,,,1,19470610,0,SPR03,h,KCM,0,1,0,regular,y,,
IN9194706120,tatug101,IN9,1,3,value,27,,,1,0,0,,,,,1,19470612,0,FLI01,h,KCM,0,1,0,regular,y,,
CAG194706151,tatug101,IN9,1,3,value,24,11,0,1,0,0,,,,,1,19470615,1,CHI10,v,CAG,0,1,0,regular,y,,
CAG194706152,tatug101,IN9,1,3,value,,1,,,,,,,,,,19470615,2,CHI10,v,CAG,1,0,0,regular,,,
CVB194706221,tatug101,IN9,1,3,value,24,7,0,0,0,0,,,,,1,19470622,1,CLE06,v,CVB,0,1,0,regular,y,,
CVB194706231,tatug101,IN9,1,3,value,18,,,0,,0,0,,,,,19470623,1,SYR04,v,CVB,0,1,0,regular,,,
CVB194706232,tatug101,IN9,1,3,value,18,,,0,,0,0,,,,,19470623,2,SYR04,v,CVB,0,1,0,regular,,,
CVB194706250,tatug101,IN9,1,3,value,24,,,0,0,0,,,,,1,19470625,0,ERI01,v,CVB,0,1,0,regular,y,,
KCM194706291,tatug101,IN9,1,3,value,24,7,1,0,0,0,,,,,1,19470629,1,KAN05,v,KCM,0,1,0,regular,y,,
KCM194706292,tatug101,IN9,1,3,value,18,4,0,0,1,0,,,,,1,19470629,2,KAN05,v,KCM,0,1,0,regular,y,,
NY6194707061,tatug101,IN9,1,3,value,27,,,,,,,,,,,19470706,1,NYC14,v,NY6,1,0,0,exhibition,,,
BLG194707080,tatug101,IN9,1,3,value,24,6,2,0,1,0,,,,,1,19470708,0,BAL14,v,BLG,0,1,0,exhibition,y,,
BLG194707101,tatug101,IN9,1,3,value,27,14,1,0,0,0,,,,,1,19470710,1,WAS09,v,BLG,1,0,0,exhibition,y,d,
HOM194707102,tatug101,IN9,1,3,value,18,6,0,0,0,0,,,,,1,19470710,2,WAS09,v,HOM,0,1,0,exhibition,y,d,
IN9194707140,tatug101,IN9,1,3,value,30,13,0,0,0,0,,,,,1,19470714,0,DCT02,h,CAG,1,0,0,regular,y,d,
ASW194707270,tatug101,ASW,1,3,value,27,8,0,0,1,0,,,,,1,19470727,0,CHI10,h,ASE,1,0,0,allstar,y,d,
MEM194707300,tatug101,IN9,1,3,value,27,,,,,,,,,,,19470730,0,GRE01,v,MEM,1,0,0,regular,,,
MEM194707310,tatug101,IN9,1,3,value,27,,,,,,,,,,,19470731,0,LRK02,v,MEM,1,0,0,regular,,,
KCM194708042,tatug101,IN9,1,3,value,21,0,0,1,0,0,,,,,1,19470804,2,STL07,v,KCM,1,0,0,regular,y,d,
KCM194708171,tatug101,IN9,1,3,value,27,13,0,0,0,0,,,,,1,19470817,1,KAN05,v,KCM,1,0,0,regular,y,,
KCM194708172,tatug101,IN9,1,3,value,18,4,1,0,0,0,,,,,1,19470817,2,KAN05,v,KCM,0,1,0,regular,y,,
KCM194708190,tatug101,IN9,1,3,value,24,,,0,,0,0,,,,,19470819,0,CBI01,v,KCM,0,1,0,regular,,,
KCM194708200,tatug101,IN9,1,3,value,9,6,1,0,0,0,,,,,1,19470820,0,STJ01,v,KCM,1,0,0,regular,y,,
PH5194708262,tatug101,IN9,1,3,value,24,12,1,0,0,0,,,,,1,19470826,2,PHI11,v,PH5,0,1,0,exhibition,y,,
CAG194708312,tatug101,IN9,,3,value,,,,,,,,,,,,19470831,2,CHI10,v,CAG,0,1,0,regular,,,
CAG194709050,tatug101,IN9,1,3,value,27,,,0,0,0,,,,,1,19470905,0,DCT02,v,CAG,1,0,0,regular,y,,
KCM194709212,tatug101,IN9,1,3,value,24,9,2,0,0,0,,,,,1,19470921,2,CBI01,v,KCM,0,1,0,exhibition,y,d,
IN9194709220,tatug101,IN9,1,3,value,27,12,0,0,1,0,,,,,1,19470922,0,NFN01,h,KCM,0,1,0,exhibition,y,d,
IN9194709240,tatug101,IN9,1,3,value,27,12,0,0,1,0,,,,,1,19470924,0,LIN01,h,KCM,0,1,0,exhibition,y,,
KCM194709250,tatug101,IN9,1,3,value,27,10,1,0,0,0,,,,,1,19470925,0,KAN05,v,KCM,1,0,0,exhibition,y,,
MLS194710120,tatug101,KCR,1,3,value,33,7,0,2,1,0,,,,,1,19471012,0,SAN03,v,MLS,0,1,0,exhibition,y,d,
ASF194710140,tatug101,KCR,1,3,value,24,11,0,0,0,0,,,,,1,19471014,0,SAN03,v,ASF,0,1,0,exhibition,y,d,
KCR194710150,tatug101,KCR,1,3,value,27,5,0,0,1,0,,,,,1,19471015,0,LOS02,h,ASF,0,1,0,exhibition,y,d,
ASF194710160,tatug101,KCR,1,3,value,24,0,0,0,0,0,,,,,1,19471016,0,OAK02,v,ASF,0,1,0,exhibition,y,d,
KCR194710190,tatug101,KCR,1,3,value,27,3,0,0,0,0,,,,,1,19471019,0,LOS02,h,ASF,0,1,0,exhibition,y,d,
KCR194710230,tatug101,KCR,1,3,value,39,13,0,1,2,0,,,,,1,19471023,0,LOS02,h,MLS,1,0,0,exhibition,y,d,
BIR194804181,tatug101,IN9,1,3,value,24,1,0,0,1,0,,,,,1,19480418,1,BIR01,v,BIR,0,1,0,exhibition,y,d,
BIR194805180,tatug101,IN9,1,3,value,24,11,0,0,0,0,,,,,1,19480518,0,BIR01,v,BIR,0,1,0,regular,y,d,
KCM194805231,tatug101,IN9,1,3,value,27,7,0,1,0,0,0,,,,1,19480523,1,KAN05,v,KCM,1,0,0,regular,y,,
KCM194805232,tatug101,IN9,1,3,value,21,6,0,0,0,0,0,,,,1,19480523,2,KAN05,v,KCM,0,0,1,regular,y,,
KCM194805240,tatug101,IN9,1,3,value,24,8,0,1,0,0,,,,,1,19480524,0,KAN05,v,KCM,0,1,0,regular,y,d,
KCM194805250,tatug101,IN9,1,3,value,24,9,0,0,0,0,,,,,1,19480525,0,STJ01,v,KCM,0,1,0,regular,y,d,
KCM194805260,tatug101,IN9,1,3,value,24,11,0,0,0,0,,,,,1,19480526,0,WIC01,v,KCM,0,1,0,regular,y,d,
KCM194805270,tatug101,IN9,1,3,value,24,8,,0,0,0,0,,,,1,19480527,0,WIC01,v,KCM,0,1,0,regular,y,,
KCM194805280,tatug101,IN9,1,3,value,27,6,0,1,1,0,,,,,1,19480528,0,KAN05,v,KCM,1,0,0,regular,y,d,
KCM194805300,tatug101,IN9,1,3,value,27,13,0,1,3,0,,,,,1,19480530,0,DAV01,v,KCM,1,0,0,regular,y,d,
KCM194805311,tatug101,IN9,1,3,value,24,8,0,0,0,0,0,,,,1,19480531,1,STL07,v,KCM,0,1,0,regular,y,,
KCM194805312,tatug101,IN9,1,3,value,18,7,0,0,0,0,0,,,,1,19480531,2,STL07,v,KCM,0,1,0,regular,y,,
BIR194806271,tatug101,IN9,1,3,value,24,10,1,0,2,0,,,,,1,19480627,1,BIR01,v,BIR,0,1,0,regular,y,d,
BIR194806272,tatug101,IN9,1,3,value,18,9,1,0,0,0,,,,,1,19480627,2,BIR01,v,BIR,0,1,0,regular,y,d,
BIR194807010,tatug101,IN9,1,3,value,24,12,1,0,0,0,0,,,,1,19480701,0,BIR01,v,BIR,0,1,0,regular,y,,
CVB194807041,tatug101,IN9,1,3,value,30,,,0,,0,0,,,,1,19480704,1,CLE06,v,CVB,1,0,0,regular,,,
HOM194807070,tatug101,IN9,1,3,value,24,11,0,0,0,0,,,,,1,19480707,0,PIT06,v,HOM,0,1,0,exhibition,y,d,
PH5194807081,tatug101,IN9,1,3,value,26,9,2,0,0,0,0,,,,1,19480708,1,PHI11,v,PH5,0,1,0,exhibition,y,,
PH5194807082,tatug101,IN9,1,3,value,27,10,0,0,0,0,0,,,,1,19480708,2,PHI11,v,PH5,0,0,1,exhibition,y,,
PH5194808022,tatug101,IN9,1,3,value,6,5,0,0,0,0,,,,,1,19480802,2,PHI11,v,PH5,1,0,0,exhibition,y,d,
BLG194808081,tatug101,IN9,1,3,value,24,8,1,0,0,0,0,,,,1,19480808,1,BAL14,v,BLG,0,1,0,exhibition,y,,
BLG194808082,tatug101,IN9,1,3,value,19,10,1,0,0,0,0,,,,1,19480808,2,BAL14,v,BLG,0,1,0,exhibition,y,,
BLG194808082,tatug101,IN9,1,3,lower,19,10,0,0,0,0,0,,,,1,19480808,2,BAL14,v,BLG,0,1,0,exhibition,y,,
IN9194808222,tatug101,IN9,1,3,value,27,,,0,,0,0,,,,,19480822,2,ZAN02,h,NY5,0,1,0,exhibition,,,
HOM194809051,tatug101,IN9,1,3,value,24,0,0,0,0,0,,,,,1,19480905,1,WAS09,v,HOM,0,1,0,exhibition,y,d,
NW2194809062,tatug101,IN9,1,3,value,21,0,0,0,0,0,,,,,1,19480906,2,NWK04,v,NW2,1,0,0,exhibition,y,d,
PH5194809082,tatug101,IN9,1,3,value,24,5,0,0,0,0,,,,,1,19480908,2,PHI11,v,PH5,0,1,0,exhibition,y,d,
IN9194904280,tatug101,IN9,1,3,value,27,1,0,0,1,0,,,,,1,19490428,0,CHA03,h,KCM,0,1,0,exhibition,y,d,
IN9194905030,tatug101,IN9,1,3,value,27,0,0,0,0,0,,,,,1,19490503,0,POR01,h,NY6,0,1,0,regular,y,d,
PH5194905120,tatug101,IN9,1,3,value,15,7,0,1,0,0,,,,,1,19490512,0,WIL04,v,PH5,1,0,0,regular,y,d,
KCM194905291,tatug101,IN9,1,3,value,24,3,0,0,1,0,,,,,1,19490529,1,KAN05,v,KCM,0,1,0,regular,y,d,
KCM194905292,tatug101,IN9,1,3,value,18,3,0,0,1,0,,,,,1,19490529,2,KAN05,v,KCM,0,1,0,regular,y,d,
KCM194905301,tatug101,IN9,1,3,value,24,6,0,0,1,0,,,,,1,19490530,1,KAN05,v,KCM,0,1,0,regular,y,d,
KCM194905302,tatug101,IN9,1,3,value,21,8,0,0,0,0,,,,,1,19490530,2,KAN05,v,KCM,1,0,0,regular,y,d,
KCM194906010,tatug101,IN9,1,3,value,,,,,,,,,,,,19490601,0,TUL01,v,KCM,0,1,0,regular,,,
KCM194906040,tatug101,IN9,1,3,value,27,12,0,0,2,0,,,,,1,19490604,0,GIN01,v,KCM,1,0,0,regular,y,d,
KCM194906052,tatug101,IN9,1,3,value,26,8,0,0,2,0,,,,,1,19490605,2,OMA03,v,KCM,0,1,0,regular,y,d,
KCM194906070,tatug101,IN9,1,3,value,24,9,0,0,1,0,,,,,1,19490607,0,CED01,v,KCM,0,1,0,regular,y,d,
KCM194906080,tatug101,IN9,1,3,value,24,5,0,0,1,0,,,,,1,19490608,0,DAV01,v,KCM,0,1,0,regular,y,d,
IN9194906110,tatug101,IN9,1,3,value,30,0,0,0,0,0,,,,,1,19490611,0,CHA01,h,PH5,1,0,0,regular,y,d,
IN9194906140,tatug101,IN9,1,3,value,,,,0,,,,,,,1,19490614,0,ZAN02,h,PH5,1,0,0,regular,,,
BIR194906191,tatug101,IN9,1,3,value,24,7,0,1,0,0,,,,,1,19490619,1,BIR01,v,BIR,0,1,0,regular,y,d,
BIR194906192,tatug101,IN9,1,3,value,24,6,1,0,0,0,,,,,1,19490619,2,BIR01,v,BIR,1,0,0,regular,y,d,
BIR194906200,tatug101,IN9,1,3,value,24,10,0,1,1,0,,,,,1,19490620,0,BIR01,v,BIR,0,1,0,regular,y,,
LCB194907041,tatug101,IN9,1,3,value,21,,,,,,,,,,1,19490704,1,LOU05,v,LCB,1,0,0,regular,,,
LCB194907042,tatug101,IN9,1,3,value,,,,,,,,,,,1,19490704,2,LOU05,v,LCB,0,1,0,regular,,,
HOE194907090,tatug101,IN9,1,3,value,,,,,,,,,,,1,19490709,0,HOU04,v,HOE,1,0,0,regular,,,
BLG194907241,tatug101,IN9,1,3,value,24,8,0,0,1,0,,,,,1,19490724,1,BAL14,v,BLG,0,1,0,regular,y,d,
BLG194907242,tatug101,IN9,1,3,value,33,9,1,0,1,0,,,,,1,19490724,2,BAL14,v,BLG,1,0,0,regular,y,d,
PH5194907251,tatug101,IN9,1,3,value,3,2,0,0,0,0,,,,,0,19490725,1,PHI11,v,PH5,1,0,0,regular,y,d,
PH5194908060,tatug101,IN9,1,3,value,24,9,1,1,,,,,,,1,19490806,0,WIL04,v,PH5,0,1,0,regular,y,,
NY6194908071,tatug101,IN9,1,3,value,24,6,0,0,0,0,,,,,1,19490807,1,NYC14,v,NY6,0,1,0,regular,y,d,
NY6194908072,tatug101,IN9,1,3,value,36,9,0,0,1,0,,,,,1,19490807,2,NYC14,v,NY6,0,0,1,regular,y,d,
NY6194908080,tatug101,IN9,1,3,value,6,5,0,0,0,0,,,,,1,19490808,0,WIL04,v,NY6,0,1,0,regular,y,d,
