gid,id,team,d_seq,d_pos,stattype,d_ifouts,d_po,d_a,d_e,d_dp,d_tp,d_pb,d_wp,d_sb,d_cs,d_gs,date,number,site,vishome,opp,win,loss,tie,gametype,box,pbp,eject
BIR194404090,mccrg101,CVB,1,1,value,,,,,,0,0,,,,,19440409,0,BIR01,v,BIR,0,1,0,exhibition,,,
HOM194405020,mccrg101,CVB,1,1,value,24,,,0,,0,0,,,,1,19440502,0,DAY03,v,HOM,0,1,0,exhibition,,,
CVB194406111,mccrg101,CVB,1,9,value,36,0,0,0,0,0,,,,,1,19440611,1,CLE06,h,KCM,0,1,0,regular,y,,
CVB194407100,mccrg101,CVB,1,1,value,6,0,0,0,0,0,,,,,,19440710,0,HAM02,h,MEM,0,1,0,regular,y,,
KCM194407240,mccrg101,CVB,1,1,value,9,0,3,0,0,0,0,0,0,,,19440724,0,KAN05,v,KCM,1,0,0,regular,y,,
KCM194408131,mccrg101,CIA,1,1,value,3,0,0,0,0,0,,,,,,19440813,1,KAN05,v,KCM,0,1,0,exhibition,y,,
KCM194408140,mccrg101,CIA,1,1,value,19,0,0,0,0,0,,,,,1,19440814,0,KAN05,v,KCM,1,0,0,regular,y,d,
