gid,id,team,d_seq,d_pos,stattype,d_ifouts,d_po,d_a,d_e,d_dp,d_tp,d_pb,d_wp,d_sb,d_cs,d_gs,date,number,site,vishome,opp,win,loss,tie,gametype,box,pbp,eject
NW2194505060,bankn101,NW2,1,4,value,27,0,0,0,0,0,,,,,1,19450506,0,NWK04,h,NY6,1,0,0,regular,y,d,
BLG194505110,bankn101,NW2,1,4,value,25,,,0,0,0,,,,,1,19450511,0,BAL14,v,BLG,0,1,0,regular,y,,
NW2194505130,bankn101,NW2,1,4,value,27,,,0,0,0,,,,,1,19450513,0,NWK04,h,BLG,0,1,0,regular,y,,
NW2194505201,bankn101,NW2,1,4,value,27,,,0,0,0,,,,,1,19450520,1,NWK04,h,PH5,0,1,0,regular,y,,
PH5194505303,bankn101,NW2,1,5,value,24,1,1,0,0,0,,,,,1,19450530,3,WIL04,v,PH5,0,1,0,regular,y,,
HOM194506101,bankn101,NW2,1,5,value,,,,0,0,0,,,,,,19450610,1,WAS09,v,HOM,0,1,0,regular,y,,
BLG194506140,bankn101,NW2,1,4,value,24,4,5,3,0,0,,,,,1,19450614,0,YOR03,v,BLG,0,1,0,regular,y,,
NW2194507041,bankn101,NW2,1,5,value,,,,0,,,,,,,,19450704,1,NWK04,h,NY5,1,0,0,regular,y,,
BLG194507070,bankn101,NW2,1,5,value,24,0,1,1,0,0,,,,,1,19450707,0,HRB01,v,BLG,0,1,0,regular,y,,
BLG194507081,bankn101,NW2,1,5,value,24,0,0,0,0,0,,,,,1,19450708,1,BAL14,v,BLG,0,1,0,regular,y,d,
BLG194507082,bankn101,NW2,1,5,value,18,,,,0,0,,,,,1,19450708,2,BAL14,v,BLG,0,1,0,regular,y,,
PH5194507111,bankn101,NW2,1,5,value,27,2,0,1,0,0,,,,,1,19450711,1,PHI11,v,PH5,1,0,0,regular,y,,
NY6194507160,bankn101,NW2,1,5,value,24,0,1,0,0,0,,,,,1,19450716,0,NYC23,v,NY6,0,1,0,regular,y,,
NW2194507200,bankn101,NW2,1,5,value,27,0,0,0,0,0,,,,,1,19450720,0,NWK04,h,NY6,1,0,0,regular,y,d,
