gid,team,inn1,inn2,inn3,inn4,inn5,inn6,inn7,inn8,inn9,inn10,inn11,inn12,inn13,inn14,inn15,inn16,inn17,inn18,inn19,inn20,inn21,inn22,inn23,inn24,inn25,inn26,inn27,inn28,lob,mgr,stattype,b_pa,b_ab,b_r,b_h,b_d,b_t,b_hr,b_rbi,b_sh,b_sf,b_hbp,b_w,b_iw,b_k,b_sb,b_cs,b_gdp,b_xi,b_roe,p_ipouts,p_noout,p_bfp,p_h,p_d,p_t,p_hr,p_r,p_er,p_w,p_iw,p_k,p_hbp,p_wp,p_bk,p_sh,p_sf,p_sb,p_cs,p_pb,d_po,d_a,d_e,d_dp,d_tp,d_pb,d_wp,d_sb,d_cs,start_l1,start_l2,start_l3,start_l4,start_l5,start_l6,start_l7,start_l8,start_l9,start_f1,start_f2,start_f3,start_f4,start_f5,start_f6,start_f7,start_f8,start_f9,start_f10,date,number,site,vishome,opp,win,loss,tie,gametype,box,pbp
PRG192511070,WHK,1,0,3,0,0,1,0,0,0,1,,,,,,,,,,,,,,,,,,,11,crand101,value,47,42,6,13,1,0,1,6,0,0,0,5,0,3,2,1,1,0,3,30,0,43,12,1,0,4,5,5,2,0,3,0,0,0,0,0,2,0,0,30,11,0,0,0,0,0,2,0,scotp101,twomb101,hoodw101,brazf101,dursc101,lindh101,jenkj102,golvw101,payng102,payng102,jenkj102,golvw101,scotp101,brazf101,lindh101,hoodw101,dursc101,twomb101,,19251107,0,LOS05,v,PRG,1,0,0,exhibition,y,y
PRG192511070,PRG,0,2,2,0,0,0,1,0,0,0,,,,,,,,,,,,,,,,,,,8,goodl801,value,43,41,5,12,1,0,4,5,0,0,0,2,0,3,2,0,0,0,0,30,0,47,13,1,0,1,6,5,5,0,3,0,0,0,0,0,2,1,0,30,15,3,1,0,0,0,2,1,hollc103,day-c102,carrg101,mackb102,dixor101,rogab101,hudsr102,pullo101,currr101,currr101,pullo101,hudsr102,day-c102,carrg101,mackb102,rogab101,dixor101,hollc103,,19251107,0,LOS05,h,WHK,0,1,0,exhibition,y,y
PRG192511080,WHK,0,0,1,0,5,0,0,1,2,,,,,,,,,,,,,,,,,,,,10,crand101,value,46,40,9,11,2,0,1,7,0,1,1,4,0,1,0,0,1,0,4,24,0,39,14,2,0,1,10,8,1,0,3,2,0,0,1,0,3,0,0,24,9,2,1,0,0,0,3,0,scotp101,twomb101,hoodw101,brazf101,dursc101,lindh101,sanbg101,golvw101,barfc101,barfc101,sanbg101,golvw101,scotp101,brazf101,lindh101,hoodw101,dursc101,twomb101,,19251108,0,LOS05,v,PRG,0,1,0,exhibition,y,y
PRG192511080,PRG,3,0,0,2,1,4,0,0,,,,,,,,,,,,,,,,,,,,,5,goodl801,value,39,35,10,14,2,0,1,9,1,0,2,1,0,3,3,0,1,0,0,27,0,46,11,2,0,1,9,4,4,0,1,1,0,0,0,1,0,0,0,27,16,5,1,0,0,0,0,0,hollc103,day-c102,carrg101,mackb102,dixor101,rogab101,britg103,hudsr102,hubbj101,rogab101,mackb102,hudsr102,day-c102,carrg101,britg103,hollc103,dixor101,hubbj101,,19251108,0,LOS05,h,WHK,1,0,0,exhibition,y,y
PRG192511260,WHK,2,2,1,0,3,0,0,0,0,,,,,,,,,,,,,,,,,,,,9,crand101,value,44,41,8,13,4,1,1,8,0,0,1,2,0,2,1,0,0,0,1,27,0,41,14,2,0,3,6,6,1,0,7,0,0,0,1,0,1,0,0,27,14,0,1,0,0,0,1,0,scotp101,twomb101,brazf101,hoodw101,dursc101,lindh101,jenkj102,golvw101,payng102,payng102,jenkj102,golvw101,scotp101,brazf101,lindh101,hoodw101,dursc101,twomb101,,19251126,0,LOS05,v,PRG,1,0,0,exhibition,y,y
PRG192511260,PRG,3,0,1,0,1,0,0,0,1,,,,,,,,,,,,,,,,,,,,8,goodl801,value,41,39,6,14,2,0,3,6,1,0,0,1,0,7,1,0,1,0,0,27,0,44,13,4,1,1,8,7,2,0,2,1,0,0,0,0,1,0,0,27,8,1,0,0,0,0,1,0,hollc103,allen102,carrg101,mackb102,dixor101,rogab101,day-c102,pullo101,hubbj101,hubbj101,pullo101,carrg101,day-c102,mackb102,allen102,hollc103,dixor101,rogab101,,19251126,0,LOS05,h,WHK,0,1,0,exhibition,y,y
PRG192512050,WHK,0,1,2,0,0,0,0,3,1,,,,,,,,,,,,,,,,,,,,8,crand101,value,42,39,7,11,3,0,3,6,1,0,0,2,0,5,2,0,0,0,2,27,0,35,6,1,0,0,4,3,2,0,9,1,0,0,0,1,0,0,0,27,9,1,1,0,0,0,0,0,scotp101,twomb101,brazf101,hoodw101,dursc101,lindh101,golvw101,sanbg101,rootc101,rootc101,sanbg101,golvw101,scotp101,brazf101,lindh101,hoodw101,dursc101,twomb101,,19251205,0,LOS05,v,PRG,1,0,0,exhibition,y,d
PRG192512050,PRG,1,0,0,3,0,0,0,0,0,,,,,,,,,,,,,,,,,,,,4,goodl801,value,35,31,4,6,1,0,0,2,0,1,1,2,0,9,0,0,1,0,0,27,0,42,11,3,0,3,7,6,2,0,5,0,0,0,1,0,2,0,0,27,9,3,0,0,0,0,2,0,hollc103,day-c102,carrg101,mackb102,rogab101,dixor101,pullo101,hudsr102,currr101,currr101,pullo101,hudsr102,day-c102,carrg101,mackb102,hollc103,dixor101,rogab101,,19251205,0,LOS05,h,WHK,0,1,0,exhibition,y,d
PRG192512060,WHK,3,0,2,0,0,0,0,0,0,,,,,,,,,,,,,,,,,,,,6,crand101,value,38,32,5,8,2,0,0,4,0,0,1,5,1,2,2,0,3,0,1,24,0,39,15,3,1,3,11,9,0,0,2,0,0,0,0,0,1,0,0,24,11,3,1,0,0,0,1,0,twomb101,dursc101,brazf101,hoodw101,lindh101,jenkj102,golvw101,mcaui101,payng102,payng102,jenkj102,golvw101,lindh101,brazf101,mcaui101,hoodw101,dursc101,twomb101,,19251206,0,LOS05,v,PRG,0,1,0,exhibition,y,y
PRG192512060,PRG,2,1,2,0,1,2,0,3,,,,,,,,,,,,,,,,,,,,,4,goodl801,value,39,39,11,15,3,1,3,10,0,0,0,0,0,2,1,0,0,0,2,27,0,38,8,2,0,0,5,2,5,1,2,1,0,0,0,0,2,0,0,27,17,1,3,0,0,0,2,0,hollc103,day-c102,carrg101,mackb102,rogab101,hubbj101,dixor101,pullo101,hudsr102,rogab101,pullo101,hudsr102,day-c102,carrg101,mackb102,dixor101,hollc103,hubbj101,,19251206,0,LOS05,h,WHK,1,0,0,exhibition,y,y
PRG192512200,WHK,0,1,0,0,0,0,1,1,0,,,,,,,,,,,,,,,,,,,,6,crand101,value,36,31,3,6,1,0,3,3,1,0,0,4,1,4,0,0,1,0,0,24,0,34,6,2,0,1,4,4,3,0,4,0,0,0,0,0,1,0,0,24,8,1,0,0,0,0,1,0,dursc101,twomb101,brazf101,hoodw101,lindh101,jenkj102,scotp101,golvw101,rootc101,rootc101,jenkj102,golvw101,scotp101,brazf101,lindh101,hoodw101,dursc101,twomb101,,19251220,0,LOS05,v,PRG,0,1,0,exhibition,y,y
PRG192512200,PRG,0,0,0,3,1,0,0,0,,,,,,,,,,,,,,,,,,,,,6,goodl801,value,34,31,4,6,2,0,1,4,0,0,0,3,0,4,1,0,0,0,1,27,0,36,6,1,0,3,3,3,4,1,4,0,0,0,1,0,0,0,0,27,14,0,1,0,0,0,0,0,hollc103,allen102,carrg101,mackb102,pullo101,rogab101,dixor101,hubbj101,day-c102,rogab101,pullo101,carrg101,allen102,day-c102,mackb102,dixor101,hollc103,hubbj101,,19251220,0,LOS05,h,WHK,1,0,0,exhibition,y,y
PRG192601010,WHK,1,0,0,0,0,2,0,1,1,,,,,,,,,,,,,,,,,,,,9,crand101,value,41,38,5,10,1,0,1,4,0,1,0,2,0,7,0,0,0,0,2,24,0,39,13,2,1,1,7,6,4,0,7,0,0,0,0,0,2,1,0,24,9,1,3,0,0,0,2,1,dursc101,twomb101,hoodw101,griga101,lindh101,brazf101,jenkj102,mcaui101,rootc101,rootc101,jenkj102,griga101,lindh101,brazf101,mcaui101,hoodw101,dursc101,twomb101,,19260101,0,LOS05,v,PRG,0,1,0,exhibition,y,y
PRG192601010,PRG,0,5,1,0,0,0,0,1,,,,,,,,,,,,,,,,,,,,,8,goodl801,value,39,35,7,13,2,1,1,7,0,0,0,4,0,7,2,1,2,0,1,27,0,41,10,1,0,1,5,3,2,0,7,0,0,0,0,1,0,0,0,27,12,4,0,0,0,0,0,0,hollc103,allen102,carrg101,mackb102,pullo101,rogab101,dixor101,day-c102,hubbj101,rogab101,pullo101,carrg101,allen102,day-c102,mackb102,dixor101,hollc103,hubbj101,,19260101,0,LOS05,h,WHK,1,0,0,exhibition,y,y
PRG192601020,WHK,2,0,3,0,1,0,3,1,2,,,,,,,,,,,,,,,,,,,,12,crand101,value,51,47,12,19,5,1,1,12,2,0,0,2,0,3,2,0,1,0,5,27,0,34,11,1,0,1,1,1,0,0,5,0,0,0,0,0,0,1,0,27,5,0,2,0,0,0,0,1,dursc101,twomb101,hoodw101,griga101,scotp101,brazf101,sanbg101,mcaui101,payng102,payng102,sanbg101,griga101,scotp101,brazf101,mcaui101,hoodw101,dursc101,twomb101,,19260102,0,LOS05,v,PRG,1,0,0,exhibition,y,y
PRG192601020,PRG,0,0,1,0,0,0,0,0,0,,,,,,,,,,,,,,,,,,,,6,goodl801,value,34,34,1,11,1,0,1,1,0,0,0,0,0,5,0,1,2,0,0,27,0,51,19,5,1,1,12,9,2,0,3,0,0,0,2,0,2,0,0,27,8,3,1,0,0,0,2,0,hollc103,allen102,carrg101,mackb102,pullo101,hubbj101,dixor101,hudsr102,currr101,currr101,pullo101,hudsr102,allen102,carrg101,mackb102,dixor101,hollc103,hubbj101,,19260102,0,LOS05,h,WHK,0,1,0,exhibition,y,y
PRG192601030,WHK,0,2,0,4,2,0,0,0,0,,,,,,,,,,,,,,,,,,,,14,crand101,value,49,41,8,12,2,1,0,8,0,0,0,8,0,3,2,0,0,0,2,27,0,39,11,4,0,0,3,2,1,0,2,0,0,0,0,0,2,0,0,27,11,2,1,0,0,0,2,0,dursc101,twomb101,hoodw101,griga101,lindh101,brazf101,sanbg101,mcaui101,barfc101,barfc101,sanbg101,griga101,lindh101,brazf101,mcaui101,hoodw101,dursc101,twomb101,,19260103,0,LOS05,v,PRG,1,0,0,exhibition,y,y
PRG192601030,PRG,1,0,0,0,0,1,0,1,0,,,,,,,,,,,,,,,,,,,,9,goodl801,value,39,38,3,11,4,0,0,2,0,0,0,1,0,2,2,0,1,0,1,27,0,49,12,2,1,0,8,8,8,0,3,0,0,0,0,0,2,0,1,27,4,2,0,0,1,0,2,0,hollc103,allen102,carrg101,mackb102,pullo101,rogab101,dixor101,day-c102,britg103,britg103,pullo101,carrg101,allen102,day-c102,mackb102,dixor101,hollc103,rogab101,,19260103,0,LOS05,h,WHK,0,1,0,exhibition,y,y
PRG193410200,WHK,0,0,0,0,0,1,0,0,1,,,,,,,,,,,,,,,,,,,,5,johnh801,value,34,29,2,3,1,0,1,2,0,,0,5,,3,0,,,,,24,,33,7,0,0,2,4,0,3,,6,0,0,0,1,,0,,0,24,11,1,1,0,0,0,0,,allib104,frenr101,bergw101,lillg101,powel102,dittc101,ograc101,dannh101,ballw101,ballw101,dannh101,powel102,frenr101,lillg101,dittc101,bergw101,allib104,ograc101,,19341020,0,LOS05,v,PRG,0,1,0,exhibition,y,
PRG193410200,PRG,1,0,0,0,2,0,0,1,,,,,,,,,,,,,,,,,,,,,5,taylj105,value,33,29,4,7,0,0,2,4,1,,0,3,,6,0,,,,,27,,34,3,1,0,1,2,0,5,,3,0,0,0,0,,0,,0,27,9,0,1,0,0,0,0,,bellj103,hughs101,wellw101,steat101,suttm101,willc106,snowf101,browl107,carts102,carts102,browl107,hughs101,willc106,snowf101,wellw101,steat101,bellj103,suttm101,,19341020,0,LOS05,h,WHK,1,0,0,exhibition,y,
PRG193410211,WHK,0,2,2,1,0,1,0,0,0,0,1,,,,,,,,,,,,,,,,,,8,johnh801,value,48,43,7,15,4,0,2,6,1,0,0,4,0,8,1,2,3,0,1,33,0,50,13,4,0,3,6,5,3,0,4,0,0,0,1,0,1,0,0,33,15,2,1,0,0,0,1,0,allib104,frenr101,bergf101,lillg101,powel102,dittc101,ograc101,dannh101,thurs101,thurs101,dannh101,powel102,frenr101,lillg101,dittc101,bergf101,allib104,ograc101,,19341021,1,LOS05,v,PRG,1,0,0,exhibition,y,y
PRG193410211,PRG,1,1,0,1,2,0,1,0,0,0,0,,,,,,,,,,,,,,,,,,11,taylj105,value,50,46,6,13,4,0,3,6,1,0,0,3,0,4,1,0,1,0,2,33,0,48,15,4,0,2,7,6,4,0,8,0,0,0,1,0,1,2,0,33,17,3,3,0,0,0,1,2,bellj103,hughs101,wellw101,steat101,suttm101,willc106,snowf101,browl107,porta103,porta103,browl107,hughs101,willc106,snowf101,wellw101,steat101,bellj103,suttm101,,19341021,1,LOS05,h,WHK,0,1,0,exhibition,y,y
PRG193410212,WHK,0,0,0,0,0,,,,,,,,,,,,,,,,,,,,,,,,,johnh801,value,,,0,4,,,,0,,,,,,,,,,,,12,,,7,2,,,3,,,,,,,,,,,,,12,,0,,0,,,,,,,,,,,,,,buchg101,cranj801,,,,,,,,,19341021,2,LOS05,v,PRG,0,1,0,exhibition,,
PRG193410212,PRG,0,0,1,2,,,,,,,,,,,,,,,,,,,,,,,,,,taylj105,value,,,3,7,2,,,,,,,,,,,,,,,15,,,4,,,,0,0,,,,,,,,,,,,15,,0,,0,,,,,,,,,,,,,,porta103,browl107,,,,,,,,,19341021,2,LOS05,h,WHK,1,0,0,exhibition,,
PRG193411040,WHK,0,0,0,0,0,0,2,0,0,,,,,,,,,,,,,,,,,,,,7,johnh801,value,36,32,2,7,4,0,0,1,0,0,0,4,0,6,0,0,1,0,1,24,0,45,17,4,1,2,13,11,3,0,7,0,0,0,1,0,6,0,1,24,10,2,0,0,1,0,6,0,frenr101,powel102,bergw101,lillg101,vusij101,ograc101,dittc101,cranj801,thurs101,thurs101,cranj801,powel102,frenr101,lillg101,dittc101,bergw101,ograc101,vusij101,,19341104,0,LOS05,v,PRG,0,1,0,exhibition,y,y
PRG193411040,PRG,2,2,1,0,3,1,0,4,,,,,,,,,,,,,,,,,,,,,8,taylj105,value,45,41,13,17,4,1,2,12,1,0,0,3,0,7,6,0,0,0,1,27,0,36,7,4,0,0,2,0,4,0,6,0,0,0,0,0,0,0,0,27,10,2,1,0,0,0,0,0,bellj103,hughs101,wellw101,steat101,suttm101,dunnj104,snowf101,browl107,porta103,porta103,browl107,hughs101,dunnj104,snowf101,wellw101,steat101,bellj103,suttm101,,19341104,0,LOS05,h,WHK,1,0,0,exhibition,y,y
PRG193710100,WHK,0,0,1,4,3,0,0,0,3,,,,,,,,,,,,,,,,,,,,6,campc801,value,44,42,11,15,3,0,2,9,0,0,0,2,0,11,1,0,2,0,2,24,0,54,23,6,2,5,19,19,5,0,4,1,0,0,0,0,2,0,1,24,14,4,2,0,1,0,2,0,almam101,powel102,mesns101,westm102,adamb101,rossd101,allab102,owenm101,gablf101,gablf101,owenm101,powel102,allab102,rossd101,mesns101,adamb101,westm102,almam101,,19371010,0,LOS05,v,PRG,0,1,0,exhibition,y,y
PRG193710100,PRG,5,5,2,2,1,0,0,4,,,,,,,,,,,,,,,,,,,,,11,mackb102,value,54,48,19,23,6,2,5,16,0,0,1,5,0,4,2,0,2,0,3,27,0,44,15,3,0,2,11,7,2,0,11,0,0,0,0,0,1,0,0,27,10,3,2,0,0,0,1,0,bellj103,hughs101,wrigb104,suttm101,westj102,snowf101,walkh103,mackb102,matll101,matll101,mackb102,westj102,hughs101,snowf101,walkh103,wrigb104,bellj103,suttm101,,19371010,0,LOS05,h,WHK,1,0,0,exhibition,y,y
PRG193711071,WHK,0,1,2,0,0,0,0,4,0,,,,,,,,,,,,,,,,,,,,3,campc801,value,37,34,7,9,2,0,1,6,1,0,0,2,0,4,0,0,1,0,0,27,0,36,9,0,1,1,5,5,1,0,3,0,0,0,0,0,0,0,0,27,13,0,1,0,0,0,0,0,powel102,rossd101,mesns101,hermb102,adamb101,allab102,westm102,moord101,gonzj103,gonzj103,moord101,powel102,allab102,rossd101,mesns101,hermb102,adamb101,westm102,,19371107,1,LOS05,v,PRG,1,0,0,exhibition,y,d
PRG193711071,PRG,0,2,2,0,1,0,0,0,0,,,,,,,,,,,,,,,,,,,,4,mackb102,value,36,35,5,9,0,1,1,5,0,0,0,1,0,3,0,0,1,0,0,27,0,37,9,2,0,1,7,6,2,0,4,0,0,0,1,0,0,0,0,27,10,1,1,0,0,0,0,0,bellj103,hughs101,wrigb104,suttm101,westj102,snowf101,walkh103,mackb102,matll101,matll101,mackb102,westj102,hughs101,snowf101,walkh103,suttm101,bellj103,wrigb104,,19371107,1,LOS05,h,WHK,0,1,0,exhibition,y,d
PRG193711072,WHK,,,,,,,,,,,,,,,,,,,,,,,,,,,,,,campc801,value,,,2,5,,,,,,,,,,,,,,,,15,,,4,,,,3,,,,,,,,,,,,,15,,0,,0,,,,,,,,,,,,,,shafu102,moord101,,,,,,,,,19371107,2,LOS05,v,PRG,0,1,0,exhibition,,
PRG193711072,PRG,,,,,,,,,,,,,,,,,,,,,,,,,,,,,,mackb102,value,,,3,4,,,,,,,,,,,,,,,,15,,,5,,,,2,,,,,,,,,,,,,15,,0,,0,,,,,,,,,,,,,,porta103,mackb102,,,,,,,,,19371107,2,LOS05,h,WHK,1,0,0,exhibition,,
