gid,id,team,d_seq,d_pos,stattype,d_ifouts,d_po,d_a,d_e,d_dp,d_tp,d_pb,d_wp,d_sb,d_cs,d_gs,date,number,site,vishome,opp,win,loss,tie,gametype,box,pbp,eject
HOM194606301,younl103,HOM,1,6,value,27,0,2,1,0,0,,,,,1,19460630,1,WAS09,h,NY5,1,0,0,regular,y,d,
HOM194606302,younl103,HOM,1,6,value,21,3,3,0,1,0,,,,,1,19460630,2,WAS09,h,NY5,1,0,0,regular,y,,
HOM194607011,younl103,HOM,1,6,value,27,1,3,0,0,0,,,,,1,19460701,1,PHI11,h,NY6,1,0,0,regular,y,,
HOM194607071,younl103,HOM,1,5,value,,0,1,0,0,0,0,0,0,,1,19460707,1,PIT06,h,NW2,0,1,0,regular,y,,
