gid,id,team,d_seq,d_pos,stattype,d_ifouts,d_po,d_a,d_e,d_dp,d_tp,d_pb,d_wp,d_sb,d_cs,d_gs,date,number,site,vishome,opp,win,loss,tie,gametype,box,pbp,eject
CLE192305130,fishs101,WS1,1,9,value,24,1,0,0,0,0,,,,,1,19230513,0,CLE06,v,CLE,0,1,0,regular,y,y,
CLE192305140,fishs101,WS1,1,9,value,24,3,1,1,1,0,,,,,1,19230514,0,CLE06,v,CLE,0,1,0,regular,y,y,
CHA192305170,fishs101,WS1,1,9,value,30,3,1,0,0,0,,,,,1,19230517,0,CHI10,v,CHA,1,0,0,regular,y,y,
CHA192305180,fishs101,WS1,1,9,value,24,0,0,2,0,0,,,,,1,19230518,0,CHI10,v,CHA,0,1,0,regular,y,y,
SLA192305200,fishs101,WS1,1,9,value,8,0,0,0,0,0,,,,,0,19230520,0,STL07,v,SLA,0,1,0,regular,y,d,
WS1192404150,fishs101,WS1,1,9,value,27,3,0,0,0,0,,,,,1,19240415,0,WAS09,h,PHA,1,0,0,regular,y,y,
WS1192404160,fishs101,WS1,1,9,value,27,4,0,0,0,0,,,,,1,19240416,0,WAS09,h,PHA,0,1,0,regular,y,y,
WS1192404170,fishs101,WS1,1,9,value,27,0,0,0,0,0,,,,,1,19240417,0,WAS09,h,PHA,0,1,0,regular,y,y,
WS1192404190,fishs101,WS1,1,9,value,27,2,0,0,0,0,,,,,1,19240419,0,WAS09,h,NYA,1,0,0,regular,y,y,
WS1192404200,fishs101,WS1,1,9,value,27,1,0,1,0,0,,,,,1,19240420,0,WAS09,h,NYA,1,0,0,regular,y,y,
WS1192404210,fishs101,WS1,1,9,value,27,1,0,0,0,0,,,,,1,19240421,0,WAS09,h,NYA,0,1,0,regular,y,y,
WS1192404220,fishs101,WS1,1,9,value,27,1,0,0,0,0,,,,,1,19240422,0,WAS09,h,NYA,0,1,0,regular,y,y,
PHA192404230,fishs101,WS1,1,9,value,24,0,0,0,0,0,,,,,1,19240423,0,PHI11,v,PHA,0,1,0,regular,y,y,
PHA192404240,fishs101,WS1,1,9,value,21,0,0,0,0,0,,,,,0,19240424,0,PHI11,v,PHA,1,0,0,regular,y,y,
PHA192404250,fishs101,WS1,1,9,value,24,1,0,0,0,0,,,,,1,19240425,0,PHI11,v,PHA,0,1,0,regular,y,y,
PHA192404260,fishs101,WS1,1,9,value,15,1,0,0,0,0,,,,,1,19240426,0,PHI11,v,PHA,0,1,0,regular,y,y,
BLS192910061,fishs101,ASB,1,9,value,24,2,1,0,0,0,,,,,1,19291006,1,BAL13,v,BLS,0,1,0,exhibition,y,,
BLS192910062,fishs101,ASB,1,9,value,21,1,0,0,0,0,,,,,1,19291006,2,BAL13,v,BLS,1,0,0,exhibition,y,,
BLS192910131,fishs101,ASB,1,9,value,24,1,0,0,0,0,,,,,1,19291013,1,BAL13,v,BLS,0,1,0,exhibition,y,,
BLS192910132,fishs101,ASB,1,9,value,18,1,0,0,0,0,,,,,1,19291013,2,BAL13,v,BLS,0,1,0,exhibition,y,,
BLS192910201,fishs101,ASB,1,9,value,24,3,0,0,0,0,,,,,1,19291020,1,BAL13,v,BLS,0,1,0,exhibition,y,,
BLS192910202,fishs101,ASB,1,9,value,12,0,0,1,0,0,,,,,1,19291020,2,BAL13,v,BLS,0,1,0,exhibition,y,,
BLS192910270,fishs101,ASB,1,9,value,24,0,0,0,0,0,,,,,1,19291027,0,BAL13,v,BLS,0,1,0,exhibition,y,,
SLN193004150,fishs101,SLN,1,9,value,27,1,2,0,1,0,,,,,1,19300415,0,STL07,h,CHN,0,1,0,regular,y,y,
SLN193004160,fishs101,SLN,1,9,value,27,1,0,0,0,0,,,,,1,19300416,0,STL07,h,CHN,1,0,0,regular,y,y,
SLN193004170,fishs101,SLN,1,9,value,18,0,0,0,0,0,,,,,1,19300417,0,STL07,h,CHN,0,1,0,regular,y,y,
SLN193004180,fishs101,SLN,1,9,value,27,5,0,0,0,0,,,,,1,19300418,0,STL07,h,CHN,1,0,0,regular,y,y,
SLN193004190,fishs101,SLN,1,9,value,30,3,0,0,0,0,,,,,1,19300419,0,STL07,h,PIT,0,1,0,regular,y,y,
SLN193004210,fishs101,SLN,1,9,value,27,2,0,1,0,0,,,,,1,19300421,0,STL07,h,PIT,0,1,0,regular,y,y,
CHN193004220,fishs101,SLN,1,9,value,27,2,0,0,0,0,,,,,1,19300422,0,CHI11,v,CHN,1,0,0,regular,y,y,
CHN193004230,fishs101,SLN,1,9,value,26,1,0,0,0,0,,,,,1,19300423,0,CHI11,v,CHN,0,1,0,regular,y,y,
CHN193004240,fishs101,SLN,1,9,value,27,4,0,0,0,0,,,,,1,19300424,0,CHI11,v,CHN,1,0,0,regular,y,y,
PIT193004250,fishs101,SLN,1,9,value,24,1,0,0,0,0,,,,,1,19300425,0,PIT06,v,PIT,0,1,0,regular,y,y,
PIT193004260,fishs101,SLN,1,9,value,24,3,0,0,0,0,,,,,1,19300426,0,PIT06,v,PIT,0,1,0,regular,y,y,
CIN193004270,fishs101,SLN,1,9,value,27,3,0,0,0,0,,,,,1,19300427,0,CIN07,v,CIN,1,0,0,regular,y,y,
CIN193004280,fishs101,SLN,1,9,value,27,3,0,0,0,0,,,,,1,19300428,0,CIN07,v,CIN,1,0,0,regular,y,y,
CIN193004300,fishs101,SLN,1,9,value,25,4,0,0,0,0,,,,,1,19300430,0,CIN07,v,CIN,0,1,0,regular,y,y,
SLN193005020,fishs101,SLN,1,9,value,18,1,0,0,0,0,,,,,1,19300502,0,STL07,h,BRO,0,1,0,regular,y,y,
SLN193005030,fishs101,SLN,1,9,value,30,0,0,1,0,0,,,,,1,19300503,0,STL07,h,BRO,0,1,0,regular,y,y,
SLN193005041,fishs101,SLN,1,9,value,27,4,0,0,0,0,,,,,1,19300504,1,STL07,h,BRO,0,1,0,regular,y,y,
SLN193005042,fishs101,SLN,1,9,value,12,2,0,0,0,0,,,,,0,19300504,2,STL07,h,BRO,0,1,0,regular,y,y,
SLN193005070,fishs101,SLN,1,9,value,27,2,0,0,0,0,,,,,1,19300507,0,STL07,h,PHI,1,0,0,regular,y,y,
CIN193006012,fishs101,SLN,1,9,value,21,3,1,0,0,0,,,,,1,19300601,2,CIN07,v,CIN,0,1,0,regular,y,y,
PHI193006020,fishs101,SLN,1,9,value,24,3,0,0,0,0,,,,,1,19300602,0,PHI09,v,PHI,0,1,0,regular,y,y,
BSN193006100,fishs101,SLN,1,7,value,12,0,0,0,0,0,,,,,0,19300610,0,BOS08,v,BSN,1,0,0,regular,y,y,
BRO193006150,fishs101,SLN,1,7,value,27,0,0,1,0,0,,,,,1,19300615,0,NYC15,v,BRO,1,0,0,regular,y,y,
BRO193006160,fishs101,SLN,1,7,value,24,1,0,0,0,0,,,,,1,19300616,0,NYC15,v,BRO,0,1,0,regular,y,y,
SLN193006210,fishs101,SLN,1,7,value,21,0,0,1,0,0,,,,,1,19300621,0,STL07,h,PHI,0,1,0,regular,y,y,
SLN193006221,fishs101,SLN,1,7,value,27,1,0,0,0,0,,,,,1,19300622,1,STL07,h,PHI,1,0,0,regular,y,d,
SLN193006222,fishs101,SLN,1,7,value,27,0,0,0,0,0,,,,,1,19300622,2,STL07,h,PHI,1,0,0,regular,y,d,
SLN193006230,fishs101,SLN,1,7,value,21,1,0,0,0,0,,,,,1,19300623,0,STL07,h,BSN,0,1,0,regular,y,y,
SLN193006291,fishs101,SLN,1,9,value,6,0,0,0,0,0,,,,,0,19300629,1,STL07,h,NY1,1,0,0,regular,y,d,
SLN193006292,fishs101,SLN,1,7,value,27,1,0,0,0,0,,,,,1,19300629,2,STL07,h,NY1,1,0,0,regular,y,y,
SLN193007020,fishs101,SLN,1,7,value,27,3,1,0,0,0,,,,,1,19300702,0,STL07,h,BRO,0,1,0,regular,y,y,
SLN193007041,fishs101,SLN,1,7,value,27,2,0,0,0,0,,,,,1,19300704,1,STL07,h,CIN,1,0,0,regular,y,d,
SLN193007042,fishs101,SLN,1,7,value,27,1,0,0,0,0,,,,,1,19300704,2,STL07,h,CIN,1,0,0,regular,y,y,
SLN193007050,fishs101,SLN,1,7,value,27,0,0,0,0,0,,,,,1,19300705,0,STL07,h,CIN,1,0,0,regular,y,y,
SLN193007061,fishs101,SLN,1,7,value,27,1,0,0,0,0,,,,,1,19300706,1,STL07,h,PIT,1,0,0,regular,y,y,
SLN193007062,fishs101,SLN,1,7,value,27,5,0,1,0,0,,,,,1,19300706,2,STL07,h,PIT,1,0,0,regular,y,y,
BSN193007271,fishs101,SLN,1,9,value,27,5,0,0,0,0,,,,,1,19300727,1,BOS08,v,BSN,1,0,0,regular,y,y,
BSN193007272,fishs101,SLN,1,9,value,27,4,0,0,0,0,,,,,1,19300727,2,BOS08,v,BSN,1,0,0,regular,y,y,
PIT193007290,fishs101,SLN,1,9,value,25,3,0,0,0,0,,,,,1,19300729,0,PIT06,v,PIT,0,1,0,regular,y,y,
PIT193007300,fishs101,SLN,1,9,value,24,4,0,0,0,0,,,,,1,19300730,0,PIT06,v,PIT,0,1,0,regular,y,y,
CIN193008010,fishs101,SLN,1,9,value,27,2,0,0,0,0,,,,,1,19300801,0,CIN07,v,CIN,1,0,0,regular,y,y,
CIN193008020,fishs101,SLN,1,9,value,33,2,0,0,0,0,,,,,1,19300802,0,CIN07,v,CIN,1,0,0,regular,y,y,
CIN193008031,fishs101,SLN,1,9,value,27,2,0,0,0,0,,,,,1,19300803,1,CIN07,v,CIN,1,0,0,regular,y,y,
CIN193008032,fishs101,SLN,1,9,value,27,2,0,0,0,0,,,,,1,19300803,2,CIN07,v,CIN,1,0,0,regular,y,y,
SLN193008050,fishs101,SLN,1,9,value,27,2,0,0,0,0,,,,,1,19300805,0,STL07,h,CHN,0,1,0,regular,y,y,
SLN193008060,fishs101,SLN,1,9,value,27,1,0,0,0,0,,,,,1,19300806,0,STL07,h,CHN,1,0,0,regular,y,y,
SLN193008070,fishs101,SLN,1,9,value,27,1,0,0,0,0,,,,,1,19300807,0,STL07,h,CHN,0,1,0,regular,y,y,
SLN193008080,fishs101,SLN,1,9,value,27,0,0,0,0,0,,,,,1,19300808,0,STL07,h,BRO,0,1,0,regular,y,y,
SLN193008150,fishs101,SLN,1,9,value,27,4,0,0,0,0,,,,,1,19300815,0,STL07,h,BSN,1,0,0,regular,y,y,
SLN193008160,fishs101,SLN,1,9,value,27,2,0,0,0,0,,,,,1,19300816,0,STL07,h,BSN,0,1,0,regular,y,y,
SLN193008190,fishs101,SLN,1,9,value,12,0,1,0,0,0,,,,,0,19300819,0,STL07,h,NY1,0,1,0,regular,y,y,
SLN193008210,fishs101,SLN,1,7,value,3,0,0,0,0,0,,,,,0,19300821,0,STL07,h,PHI,1,0,0,regular,y,y,
SLN193008241,fishs101,SLN,1,7,value,15,1,0,0,0,0,,,,,0,19300824,1,STL07,h,PHI,1,0,0,regular,y,d,
SLN193008242,fishs101,SLN,1,7,value,27,1,0,0,0,0,,,,,1,19300824,2,STL07,h,PHI,1,0,0,regular,y,d,
CIN193008260,fishs101,SLN,1,7,value,27,3,0,0,0,0,,,,,1,19300826,0,CIN07,v,CIN,1,0,0,regular,y,y,
CIN193008270,fishs101,SLN,1,7,value,27,2,0,0,0,0,,,,,1,19300827,0,CIN07,v,CIN,1,0,0,regular,y,y,
CHN193008280,fishs101,SLN,1,7,value,60,2,0,0,0,0,,,,,1,19300828,0,CHI11,v,CHN,1,0,0,regular,y,y,
CHN193008290,fishs101,SLN,1,7,value,36,1,0,0,0,0,,,,,1,19300829,0,CHI11,v,CHN,0,1,0,regular,y,y,
CHN193008300,fishs101,SLN,1,7,value,9,1,0,0,0,0,,,,,1,19300830,0,CHI11,v,CHN,0,1,0,regular,y,y,
PIT193009011,fishs101,SLN,1,7,value,21,1,0,0,0,0,,,,,1,19300901,1,PIT06,v,PIT,1,0,0,regular,y,y,
PIT193009012,fishs101,SLN,1,9,value,27,5,0,0,0,0,,,,,1,19300901,2,PIT06,v,PIT,1,0,0,regular,y,y,
SLN193009040,fishs101,SLN,1,7,value,27,4,1,0,0,0,,,,,1,19300904,0,STL07,h,CIN,1,0,0,regular,y,y,
SLN193009071,fishs101,SLN,1,7,value,27,1,0,0,0,0,,,,,1,19300907,1,STL07,h,CIN,1,0,0,regular,y,d,
SLN193009072,fishs101,SLN,1,7,value,27,3,0,0,0,0,,,,,1,19300907,2,STL07,h,CIN,1,0,0,regular,y,y,
NY1193009100,fishs101,SLN,1,9,value,27,2,0,0,0,0,,,,,1,19300910,0,NYC14,v,NY1,1,0,0,regular,y,y,
PHI193009230,fishs101,SLN,1,9,value,6,0,0,0,0,0,,,,,0,19300923,0,PHI09,v,PHI,1,0,0,regular,y,y,
BLS193010120,fishs101,ASB,1,7,value,24,1,0,0,0,0,,,,,1,19301012,0,BAL13,v,BLS,0,1,0,exhibition,y,y,
BLS193110040,fishs101,ASB,1,9,value,24,0,0,0,0,0,,,,,1,19311004,0,BAL13,v,BLS,0,1,0,exhibition,y,,
DET193207042,fishs101,SLA,1,7,value,15,1,0,0,0,0,,,,,0,19320704,2,DET04,v,DET,0,1,0,regular,y,y,
BOS193207080,fishs101,SLA,1,7,value,24,2,0,0,0,0,,,,,0,19320708,0,BOS07,v,BOS,1,0,0,regular,y,y,
NYA193207110,fishs101,SLA,1,7,value,6,1,0,0,0,0,,,,,0,19320711,0,NYC16,v,NYA,0,1,0,regular,y,y,
SLA193207290,fishs101,SLA,1,7,value,6,2,0,0,0,0,,,,,0,19320729,0,STL07,h,WS1,0,1,0,regular,y,y,
SLA193207300,fishs101,SLA,1,7,value,21,0,0,0,0,0,,,,,1,19320730,0,STL07,h,BOS,0,1,0,regular,y,y,
