gid,id,team,d_seq,d_pos,stattype,d_ifouts,d_po,d_a,d_e,d_dp,d_tp,d_pb,d_wp,d_sb,d_cs,d_gs,date,number,site,vishome,opp,win,loss,tie,gametype,box,pbp,eject
PH5194005181,davij106,NW2,1,1,value,1,0,0,0,0,0,,,,,0,19400518,1,PHI17,v,PH5,0,1,0,regular,y,y,
PH5194005182,davij106,NW2,1,1,value,0,0,0,0,0,0,,,,,1,19400518,2,PHI17,v,PH5,0,1,0,regular,y,y,
NW2194005270,davij106,NW2,1,1,value,8,0,0,0,0,0,,,,,1,19400527,0,SPR06,h,NY6,1,0,0,regular,y,,
NW2194005302,davij106,NW2,1,1,value,3,,,0,0,0,,,,,,19400530,2,NWK04,h,BLG,0,1,0,regular,y,,
NY6194007142,davij106,NW2,1,1,value,12,,,0,,0,0,,,,1,19400714,2,ALB02,v,NY6,1,0,0,regular,,,
NW2194107061,davij106,NW2,1,7,value,27,,,0,0,0,,,,,1,19410706,1,NWK04,h,NY6,0,1,0,regular,y,,
NW2194107062,davij106,NW2,1,7,value,18,,,0,0,0,,,,,1,19410706,2,NWK04,h,NY6,1,0,0,regular,y,,
NW2194107100,davij106,NW2,1,7,value,27,,,0,0,0,,,,,1,19410710,0,NWK04,h,BLG,1,0,0,regular,y,,
NW2194107120,davij106,NW2,1,7,value,21,2,0,0,0,0,,,,,1,19410712,0,PAT01,h,BLG,0,1,0,regular,y,,
NW2194107150,davij106,NW2,1,7,value,27,3,0,1,0,0,,,,,1,19410715,0,NOR02,h,PH5,1,0,0,exhibition,y,,
BLG194107190,davij106,NW2,1,8,value,,1,0,0,0,0,,,,,1,19410719,0,NOR04,v,BLG,0,1,0,exhibition,y,,
BLG194107190,davij106,NW2,2,9,value,,,,0,0,0,,,,,1,19410719,0,NOR04,v,BLG,0,1,0,exhibition,y,,
HOM194107200,davij106,NW2,1,8,value,27,2,0,0,0,0,,,,,1,19410720,0,WAS09,v,HOM,1,0,0,regular,y,,
BLG194107261,davij106,NW2,1,8,value,24,4,0,0,0,0,,,,,1,19410726,1,PHI17,v,BLG,0,1,0,exhibition,y,,
BLG194107262,davij106,NW2,1,8,value,21,3,,0,0,0,,,,,1,19410726,2,PHI17,v,BLG,1,0,0,exhibition,y,,
NW2194107271,davij106,NW2,1,8,value,27,,,0,0,0,,,,,1,19410727,1,NWK04,h,SNO,1,0,0,exhibition,y,,
NW2194107272,davij106,NW2,1,8,value,21,,,0,0,0,,,,,1,19410727,2,NWK04,h,SNO,1,0,0,exhibition,y,,
NW2194107310,davij106,NW2,1,8,value,27,,,0,0,0,,,,,1,19410731,0,NWK04,h,NY5,0,1,0,regular,y,,
NW2194108020,davij106,NW2,1,8,value,27,,,0,0,0,,,,,1,19410802,0,PAT01,h,NY5,0,1,0,regular,y,,
NW2194108031,davij106,NW2,1,8,value,27,,,0,0,0,,,,,1,19410803,1,NWK04,h,NY5,1,0,0,regular,y,,
NW2194108032,davij106,NW2,1,8,value,21,,,0,0,0,,,,,1,19410803,2,NWK04,h,NY5,1,0,0,regular,y,,
NW2194108050,davij106,NW2,1,8,value,27,0,0,1,0,0,,,,,1,19410805,0,RED01,h,PH5,0,1,0,exhibition,y,,
NW2194108070,davij106,NW2,1,8,value,27,,,1,0,0,,,,,1,19410807,0,NWK04,h,NY6,0,1,0,regular,y,,
NW2194108080,davij106,NW2,1,8,value,27,2,0,0,0,0,,,,,1,19410808,0,RED01,h,NY6,0,1,0,regular,y,,
NW2194108090,davij106,NW2,1,8,value,27,3,1,0,0,0,,,,,1,19410809,0,PAT01,h,NY6,0,1,0,regular,y,,
BLG194108100,davij106,NW2,1,8,value,27,,,0,0,0,,,,,1,19410810,0,BAL10,v,BLG,1,0,0,regular,y,,
HOM194108110,davij106,NW2,1,8,value,24,1,1,0,1,0,,,,,1,19410811,0,YOR03,v,HOM,0,1,0,regular,y,,
HOM194108120,davij106,NW2,1,8,value,24,1,0,0,0,0,,,,,1,19410812,0,ALT02,v,HOM,0,1,0,regular,y,,
HOM194108173,davij106,NW2,1,8,value,27,2,0,0,0,0,,,,,1,19410817,3,DAY03,v,HOM,1,0,0,regular,y,,
HOM194108220,davij106,NW2,1,8,value,27,2,1,1,0,0,,,,,1,19410822,0,CAN03,v,HOM,1,0,0,regular,y,,
NW2194108241,davij106,NW2,1,8,value,27,0,1,0,0,0,,,,,1,19410824,1,NYC16,h,KCM,0,1,0,exhibition,y,,
NW2194108312,davij106,NW2,1,8,value,27,,,0,0,0,,,,,1,19410831,2,NWK04,h,BLG,0,1,0,regular,y,,
HOM194109011,davij106,NW2,1,8,value,30,6,0,0,0,0,,,,,1,19410901,1,WAS09,v,HOM,1,0,0,regular,y,,
HOM194109012,davij106,NW2,1,8,value,15,1,0,0,0,0,,,,,1,19410901,2,WAS09,v,HOM,0,1,0,regular,y,,
NW2194109130,davij106,NW2,1,8,value,27,0,0,0,0,0,,,,,1,19410913,0,JER02,h,HOM,0,1,0,exhibition,y,,
NW2194109141,davij106,NW2,1,7,value,27,2,0,0,0,0,,,,,1,19410914,1,NYC14,h,HOM,0,1,0,regular,y,,
NW2194109142,davij106,NW2,1,7,value,21,,,0,0,0,,,,,1,19410914,2,NYC14,h,HOM,0,1,0,regular,y,,
PH5194205260,davij106,NW2,1,8,value,18,1,0,0,0,0,,,,,1,19420526,0,CAM02,v,PH5,0,1,0,exhibition,y,,
NW2194207041,davij106,NW2,1,7,value,27,4,0,0,0,0,,,,,1,19420704,1,NYC16,h,BLG,0,1,0,regular,y,,
NW2194207051,davij106,NW2,1,8,value,27,,,0,0,0,,,,,1,19420705,1,NWK04,h,PH5,1,0,0,regular,y,,
NW2194207052,davij106,NW2,1,8,value,21,,,0,0,0,,,,,1,19420705,2,NWK04,h,PH5,0,1,0,regular,y,,
PH5194207160,davij106,NW2,1,9,value,27,,,0,0,0,,,,,1,19420716,0,PHI17,v,PH5,1,0,0,regular,y,,
BLG194207240,davij106,NW2,1,9,value,27,,,0,0,0,,,,,1,19420724,0,BAL14,v,BLG,1,0,0,regular,y,,
CCB194207280,davij106,NW2,1,9,value,27,2,0,0,0,0,,,,,1,19420728,0,CAN03,v,CCB,1,0,0,exhibition,y,,
CCB194207290,davij106,NW2,1,7,value,27,1,0,0,0,0,,,,,1,19420729,0,AKR01,v,CCB,1,0,0,exhibition,y,,
NW2194208021,davij106,NW2,1,7,value,27,,,0,0,0,,,,,1,19420802,1,NWK04,h,CCB,1,0,0,exhibition,y,,
NW2194208022,davij106,NW2,1,7,value,21,,,0,0,0,,,,,1,19420802,2,NWK04,h,CCB,1,0,0,exhibition,y,,
NW2194208030,davij106,NW2,1,7,value,27,0,0,0,0,0,,,,,1,19420803,0,HAR02,h,CCB,1,0,0,exhibition,y,,
NW2194208040,davij106,NW2,1,9,value,27,3,0,0,0,0,,,,,1,19420804,0,TRE01,h,CCB,1,0,0,exhibition,y,,
NW2194208060,davij106,NW2,1,7,value,27,,,0,0,0,,,,,1,19420806,0,NWK04,h,CCB,1,0,0,exhibition,y,,
NW2194208100,davij106,NW2,1,7,value,30,,,0,,0,0,,,,,19420810,0,NOR02,h,NY6,0,0,1,exhibition,,,
NW2194208160,davij106,NW2,1,9,value,27,,,0,0,0,,,,,1,19420816,0,NWK04,h,CAG,1,0,0,exhibition,y,,
BLG194208210,davij106,NW2,1,7,value,24,,,0,0,0,,,,,1,19420821,0,BAL14,v,BLG,0,1,0,regular,y,,
BLG194208220,davij106,NW2,1,9,value,27,7,1,0,0,0,,,,,1,19420822,0,PHI17,v,BLG,1,0,0,regular,y,,
NW2194208231,davij106,NW2,1,7,value,27,,,1,0,0,,,,,1,19420823,1,NWK04,h,NY5,1,0,0,regular,y,,
NW2194208232,davij106,NW2,1,7,value,21,,,0,0,0,,,,,1,19420823,2,NWK04,h,NY5,1,0,0,regular,y,,
NW2194209061,davij106,NW2,1,7,value,27,0,0,0,0,0,,,,,1,19420906,1,NYC15,h,HOM,0,1,0,regular,y,,
NW2194209062,davij106,NW2,1,7,value,21,,,0,0,0,,,,,1,19420906,2,NYC15,h,HOM,1,0,0,regular,y,,
NW2194209071,davij106,NW2,1,7,value,27,,,0,0,0,,,,,1,19420907,1,NWK04,h,HOM,0,1,0,regular,y,,
NW2194209072,davij106,NW2,1,7,value,21,,,0,0,0,,,,,1,19420907,2,NWK04,h,HOM,1,0,0,regular,y,,
NW2194209141,davij106,NW2,1,7,value,21,2,0,0,0,0,,,,,1,19420914,1,HAR02,h,HOM,1,0,0,exhibition,y,,
NW2194209142,davij106,NW2,1,7,value,27,2,0,0,0,0,,,,,1,19420914,2,HAR02,h,HOM,1,0,0,exhibition,y,,
HOM194304251,davij106,NW2,1,7,value,24,0,0,0,0,0,,,,,1,19430425,1,WAS09,v,HOM,0,1,0,exhibition,y,d,
HOM194304252,davij106,NW2,1,7,value,18,0,0,0,0,0,,,,,1,19430425,2,WAS09,v,HOM,0,1,0,exhibition,y,d,
NW2194305090,davij106,NW2,1,7,value,30,,,0,,0,,,,,1,19430509,0,NWK04,h,HOM,0,1,0,exhibition,y,,
HOM194305100,davij106,NW2,1,7,value,24,3,0,0,0,0,0,0,0,,1,19430510,0,RIC04,v,HOM,0,1,0,exhibition,y,,
NW2194305120,davij106,NW2,1,8,value,27,,,,,0,,,,,1,19430512,0,NOR02,h,HOM,1,0,0,exhibition,,,
PH5194305150,davij106,NW2,1,7,value,33,3,0,0,0,0,,,,,1,19430515,0,PHI17,v,PH5,1,0,0,regular,y,,
HOM194305200,davij106,NW2,1,8,value,24,2,0,0,0,0,,,,,1,19430520,0,WAS09,v,HOM,0,1,0,regular,y,d,
NW2194305231,davij106,NW2,1,8,value,27,1,,0,,0,,,,,,19430523,1,NWK04,h,HSL,0,1,0,regular,,,
NW2194305231,davij106,NW2,2,1,value,3,,,,0,0,,,,,,19430523,1,NWK04,h,HSL,0,1,0,regular,,,
NW2194305231,davij106,NW2,1,8,lower,27,1,,0,,0,,,,,,19430523,1,NWK04,h,HSL,0,1,0,regular,,,
NW2194305231,davij106,NW2,2,1,lower,3,,,,,0,,,,,,19430523,1,NWK04,h,HSL,0,1,0,regular,,,
NW2194305231,davij106,NW2,1,8,upper,27,1,,0,,0,,,,,,19430523,1,NWK04,h,HSL,0,1,0,regular,,,
NW2194305231,davij106,NW2,2,1,upper,3,,,,,0,,,,,,19430523,1,NWK04,h,HSL,0,1,0,regular,,,
NW2194305250,davij106,NW2,1,8,value,27,1,0,0,0,0,,,,,1,19430525,0,TRE01,h,NY5,1,0,0,regular,y,,
NW2194305290,davij106,NW2,1,8,value,27,0,0,0,0,0,,,,,1,19430529,0,PAT01,h,NY5,1,0,0,regular,y,,
NY6194305302,davij106,NW2,1,8,value,3,2,0,0,0,0,,,,,1,19430530,2,NYC14,v,NY6,0,1,0,regular,y,,
NY6194305302,davij106,NW2,2,9,value,21,,,0,0,0,,,,,1,19430530,2,NYC14,v,NY6,0,1,0,regular,y,,
NW2194306061,davij106,NW2,1,8,value,27,0,2,0,0,0,,,,,1,19430606,1,NWK04,h,NY5,1,0,0,regular,y,d,
NW2194306062,davij106,NW2,1,8,value,21,0,0,0,0,0,,,,,1,19430606,2,NWK04,h,NY5,1,0,0,regular,y,d,
BLG194306110,davij106,NW2,1,8,value,27,2,0,0,0,0,,,,,1,19430611,0,BAL14,v,BLG,1,0,0,regular,y,d,
BLG194306120,davij106,NW2,1,8,value,15,1,2,0,0,0,0,0,0,,1,19430612,0,BAL14,v,BLG,0,1,0,regular,y,,
BLG194306120,davij106,NW2,2,1,value,11,,,0,0,0,0,0,0,,,19430612,0,BAL14,v,BLG,0,1,0,regular,y,,
BLG194306130,davij106,NW2,1,8,value,27,2,0,0,0,0,0,0,0,,1,19430613,0,BAL14,v,BLG,1,0,0,regular,y,,
HSL194306180,davij106,NW2,1,8,value,24,0,0,0,0,0,,,,,1,19430618,0,HRB01,v,HSL,0,1,0,regular,y,d,
HSL194306190,davij106,NW2,1,8,value,24,2,0,0,0,0,0,0,0,,1,19430619,0,WIL05,v,HSL,0,1,0,regular,y,,
HSL194306201,davij106,NW2,1,8,value,33,1,0,0,0,0,,,,,1,19430620,1,HRB01,v,HSL,1,0,0,regular,y,d,
NW2194306271,davij106,NW2,1,8,value,27,,,0,0,0,,,,,1,19430627,1,NWK04,h,HOM,0,1,0,regular,y,,
NW2194307020,davij106,NW2,1,8,value,27,2,0,0,0,0,0,0,0,,1,19430702,0,RIC04,h,HOM,0,1,0,regular,y,,
HOM194307041,davij106,NW2,1,8,value,24,4,0,0,0,0,,,,,1,19430704,1,WAS09,v,HOM,0,1,0,regular,y,d,
HOM194307042,davij106,NW2,1,8,value,18,2,0,0,0,0,,,,,1,19430704,2,WAS09,v,HOM,0,1,0,regular,y,d,
NW2194307051,davij106,NW2,1,8,value,27,0,0,0,0,0,,,,,1,19430705,1,NWK04,h,BLG,1,0,0,regular,y,d,
NW2194307052,davij106,NW2,1,1,value,21,0,0,0,0,0,,,,,1,19430705,2,NWK04,h,BLG,0,1,0,regular,y,d,
NY5194307112,davij106,NW2,1,7,value,27,1,0,0,0,0,,,,,1,19430711,2,NYC16,v,NY5,1,0,0,regular,y,,
NW2194307120,davij106,NW2,1,8,value,27,1,0,0,0,0,,,,,1,19430712,0,TRE01,h,BLG,1,0,0,regular,y,d,
PH5194307150,davij106,NW2,1,8,value,33,1,0,0,0,0,0,0,0,,1,19430715,0,PHI17,v,PH5,1,0,0,regular,y,,
NW2194307160,davij106,NW2,1,8,value,27,0,0,0,0,0,,,,,1,19430716,0,NWK04,h,NY5,1,0,0,regular,y,d,
NW2194307181,davij106,NW2,1,8,value,27,1,0,0,0,0,,,,,1,19430718,1,NWK04,h,NY5,1,0,0,regular,y,d,
NW2194307182,davij106,NW2,1,8,value,21,3,0,0,0,0,,,,,1,19430718,2,NWK04,h,NY5,1,0,0,regular,y,d,
NW2194307210,davij106,NW2,1,1,value,27,,,,,0,,,,,1,19430721,0,NPN01,h,BLG,1,0,0,exhibition,,,
NY5194307251,davij106,NW2,1,8,value,27,2,0,0,0,0,,,,,1,19430725,1,NYC14,v,NY5,1,0,0,regular,y,,
HOM194308071,davij106,NW2,1,8,value,24,3,0,0,0,0,,,,,1,19430807,1,PIT06,v,HOM,0,1,0,regular,y,,
HOM194308072,davij106,NW2,1,8,value,18,1,0,0,0,0,,,,,1,19430807,2,PIT06,v,HOM,0,1,0,regular,y,,
HOM194308081,davij106,NW2,1,8,value,24,2,0,0,0,0,,,,,1,19430808,1,WAS09,v,HOM,0,1,0,regular,y,d,
HOM194308082,davij106,NW2,1,8,value,21,2,0,0,0,0,,,,,1,19430808,2,WAS09,v,HOM,1,0,0,regular,y,d,
PH5194308190,davij106,NW2,1,7,value,24,1,0,0,0,0,,,,,1,19430819,0,PHI17,v,PH5,0,1,0,regular,y,,
NW2194308291,davij106,NW2,1,9,value,27,0,0,0,0,0,,,,,1,19430829,1,NWK04,h,NY6,0,1,0,regular,y,d,
NW2194308292,davij106,NW2,1,9,value,14,0,0,0,0,0,,,,,1,19430829,2,NWK04,h,NY6,0,1,0,regular,y,d,
NW2194308292,davij106,NW2,2,1,value,13,0,0,0,0,0,,,,,0,19430829,2,NWK04,h,NY6,0,1,0,regular,y,d,
PH5194309061,davij106,NW2,1,1,value,27,,,0,,0,0,,,,1,19430906,1,PHI17,v,PH5,1,0,0,exhibition,,,
SAS194309090,davij106,NAS,1,7,value,24,0,0,0,0,0,,,,,1,19430909,0,WAS09,v,SAS,0,1,0,allstar,y,d,
HOM194404231,davij106,NW2,1,8,value,24,0,0,0,0,0,,,,,1,19440423,1,WAS09,v,HOM,0,1,0,exhibition,y,d,
NW2194405141,davij106,NW2,1,8,value,27,0,0,0,0,0,,,,,1,19440514,1,NWK04,h,PH5,1,0,0,regular,y,d,
NW2194405211,davij106,NW2,1,9,value,27,1,0,0,0,0,,,,,1,19440521,1,NYC15,h,HOM,0,1,0,regular,y,d,
NW2194405212,davij106,NW2,1,9,value,27,4,0,0,0,0,,,,,1,19440521,2,NYC15,h,HOM,0,1,0,regular,y,d,
NW2194405281,davij106,NW2,1,7,value,27,0,0,0,0,0,,,,,1,19440528,1,NWK04,h,NY5,1,0,0,regular,y,d,
NW2194405301,davij106,NW2,1,7,value,,,,,,,,,,,1,19440530,1,NWK04,h,NY5,1,0,0,regular,y,,
PH5194406010,davij106,NW2,1,7,value,24,2,0,0,0,0,,,,,1,19440601,0,PHI17,v,PH5,0,1,0,regular,y,d,
BLG194406042,davij106,NW2,1,1,value,21,,,,,0,0,,,,1,19440604,2,BAL14,v,BLG,1,0,0,regular,,,
MEM194406110,davij106,NW2,1,7,value,39,3,1,0,1,0,,,,,1,19440611,0,CHI11,v,MEM,1,0,0,exhibition,y,d,
MEM194406130,davij106,NW2,1,7,value,27,0,0,0,0,0,,,,,1,19440613,0,DAV01,v,MEM,1,0,0,exhibition,y,d,
HOM194406181,davij106,NW2,1,7,value,24,2,0,0,0,0,,,,,1,19440618,1,PIT06,v,HOM,0,1,0,regular,y,,
NW2194406190,davij106,NW2,1,7,value,27,2,0,0,0,0,,,,,1,19440619,0,HRB01,h,HOM,1,0,0,regular,y,d,
NW2194406251,davij106,NW2,1,7,value,27,0,0,0,0,0,,,,,1,19440625,1,NWK04,h,PH5,1,0,0,regular,y,d,
NW2194407021,davij106,NW2,1,7,value,,,,0,0,0,,,,,1,19440702,1,NWK04,h,HOM,1,0,0,regular,y,,
NW2194407021,davij106,NW2,2,1,value,6,,,0,0,0,,,,,,19440702,1,NWK04,h,HOM,1,0,0,regular,y,,
NW2194407022,davij106,NW2,1,1,value,,,,,,0,,,,,,19440702,2,NWK04,h,HOM,0,1,0,regular,,,
NW2194407041,davij106,NW2,1,7,value,27,2,0,0,0,0,,,,,1,19440704,1,NYC15,h,NY6,0,1,0,regular,y,d,
NW2194407042,davij106,NW2,1,8,value,27,2,0,0,0,0,,,,,1,19440704,2,NYC15,h,NY6,1,0,0,regular,y,d,
BLG194407100,davij106,NW2,1,8,value,3,0,0,0,0,0,,,,,0,19440710,0,HRB01,v,BLG,0,1,0,regular,y,d,
BLG194407110,davij106,NW2,1,1,value,24,,,1,0,0,,,,,1,19440711,0,BAL14,v,BLG,0,1,0,regular,y,,
HOM194407231,davij106,NW2,1,1,value,24,0,0,0,0,0,,,,,1,19440723,1,WAS09,v,HOM,0,1,0,regular,y,d,
HOM194407232,davij106,NW2,1,8,value,24,0,0,0,0,0,,,,,1,19440723,2,WAS09,v,HOM,1,0,0,regular,y,d,
BLG194407280,davij106,NW2,1,1,value,27,0,0,0,0,0,,,,,1,19440728,0,BAL14,v,BLG,1,0,0,regular,y,d,
BLG194408050,davij106,NW2,1,1,value,7,,,0,0,0,,,,,1,19440805,0,BAL14,v,BLG,0,1,0,regular,y,,
BLG194408061,davij106,NW2,1,9,value,27,0,0,0,0,0,,,,,1,19440806,1,BAL14,v,BLG,1,0,0,regular,y,d,
BLG194408062,davij106,NW2,1,9,value,18,0,0,1,0,0,,,,,1,19440806,2,BAL14,v,BLG,0,1,0,regular,y,d,
ASW194408130,davij106,ASE,1,8,value,24,1,1,0,0,0,,,,,1,19440813,0,CHI10,v,ASW,0,1,0,allstar,y,d,
NW2194408180,davij106,NW2,1,7,value,3,0,0,0,0,0,,,,,0,19440818,0,NWK04,h,HOM,0,1,0,regular,y,d,
NW2194408220,davij106,NW2,1,7,value,27,0,0,0,0,0,,,,,1,19440822,0,HRB01,h,BLG,0,1,0,regular,y,d,
NW2194408250,davij106,NW2,1,7,value,27,,,1,,,,,,,1,19440825,0,NWK04,h,KCM,1,0,0,exhibition,y,,
HOM194408260,davij106,NW2,1,1,value,19,0,2,0,0,0,,,,,1,19440826,0,ALT02,v,HOM,0,1,0,regular,y,d,
HOM194408271,davij106,NW2,1,7,value,24,4,0,0,0,0,,,,,1,19440827,1,PIT06,v,HOM,0,1,0,regular,y,d,
NY6194409031,davij106,NW2,1,7,value,24,0,0,0,0,0,,,,,1,19440903,1,NYC14,v,NY6,0,1,0,regular,y,d,
NY6194409032,davij106,NW2,1,7,value,15,1,0,0,0,0,,,,,1,19440903,2,NYC14,v,NY6,1,0,0,regular,y,d,
NW2194409041,davij106,NW2,1,1,value,27,0,0,0,0,0,,,,,1,19440904,1,NWK04,h,BLG,1,0,0,regular,y,d,
PH5194409160,davij106,NW2,1,3,value,24,13,0,0,1,0,,,,,1,19440916,0,PHI17,v,PH5,0,1,0,exhibition,y,d,
NY6194409170,davij106,NW2,1,7,value,24,1,0,0,0,0,,,,,1,19440917,0,NYC14,v,NY6,0,1,0,exhibition,y,d,
SAS194410010,davij106,NAS,1,8,value,27,3,1,0,1,0,,,,,1,19441001,0,NOL01,v,SAS,1,0,0,allstar,y,d,
NW2194505060,davij106,NW2,1,7,value,27,0,0,0,0,0,,,,,1,19450506,0,NWK04,h,NY6,1,0,0,regular,y,d,
BLG194505110,davij106,NW2,1,7,value,25,,,0,0,0,,,,,1,19450511,0,BAL14,v,BLG,0,1,0,regular,y,,
NW2194505130,davij106,NW2,1,7,value,27,,,0,0,0,,,,,1,19450513,0,NWK04,h,BLG,0,1,0,regular,y,,
NW2194505201,davij106,NW2,1,7,value,27,,,0,0,0,,,,,1,19450520,1,NWK04,h,PH5,0,1,0,regular,y,,
PH5194505303,davij106,NW2,1,7,value,24,3,0,0,0,0,,,,,1,19450530,3,WIL04,v,PH5,0,1,0,regular,y,,
NW2194506010,davij106,NW2,1,7,value,27,,,,,,,,,,1,19450601,0,NWK04,h,NY6,1,0,0,regular,y,,
HOM194506101,davij106,NW2,1,8,value,24,,,0,0,0,,,,,1,19450610,1,WAS09,v,HOM,0,1,0,regular,y,,
BLG194506140,davij106,NW2,1,8,value,24,2,1,0,0,0,,,,,1,19450614,0,YOR03,v,BLG,0,1,0,regular,y,,
NW2194506241,davij106,NW2,1,8,value,27,,,,0,0,,,,,1,19450624,1,NWK04,h,NY5,1,0,0,regular,y,,
NW2194507041,davij106,NW2,1,9,value,,,,0,,,,,,,1,19450704,1,NWK04,h,NY5,1,0,0,regular,y,,
NW2194507041,davij106,NW2,2,8,value,,,,0,,,,,,,,19450704,1,NWK04,h,NY5,1,0,0,regular,y,,
BLG194507070,davij106,NW2,1,8,value,24,2,0,0,0,0,,,,,1,19450707,0,HRB01,v,BLG,0,1,0,regular,y,,
BLG194507081,davij106,NW2,1,3,value,24,0,0,2,0,0,,,,,1,19450708,1,BAL14,v,BLG,0,1,0,regular,y,d,
BLG194507082,davij106,NW2,1,3,value,18,,,,0,0,,,,,1,19450708,2,BAL14,v,BLG,0,1,0,regular,y,,
PH5194507111,davij106,NW2,1,8,value,27,2,0,0,0,0,,,,,1,19450711,1,PHI11,v,PH5,1,0,0,regular,y,,
NY6194507160,davij106,NW2,1,3,value,24,14,0,0,1,0,,,,,1,19450716,0,NYC23,v,NY6,0,1,0,regular,y,,
NW2194507200,davij106,NW2,1,3,value,27,0,0,0,0,0,,,,,1,19450720,0,NWK04,h,NY6,1,0,0,regular,y,d,
ASW194507290,davij106,ASE,1,7,value,15,2,0,0,0,0,,,,,1,19450729,0,CHI10,v,ASW,0,1,0,allstar,y,d,
BLG194508040,davij106,NW2,1,8,value,27,1,0,0,0,0,,,,,1,19450804,0,HRB01,v,BLG,1,0,0,regular,y,,
BLG194508051,davij106,NW2,1,7,value,27,,,0,0,0,,,,,1,19450805,1,BAL14,v,BLG,1,0,0,regular,y,,
BLG194508052,davij106,NW2,1,7,value,21,,,0,0,0,,,,,1,19450805,2,BAL14,v,BLG,1,0,0,regular,y,,
NW2194508121,davij106,NW2,1,8,value,27,,,0,0,0,,,,,1,19450812,1,NWK04,h,CVB,1,0,0,exhibition,y,,
NW2194508122,davij106,NW2,1,8,value,27,,,0,0,0,,,,,1,19450812,2,NWK04,h,CVB,0,1,0,exhibition,y,,
NW2194508191,davij106,NW2,1,8,value,27,,,0,0,0,,,,,1,19450819,1,NWK04,h,PH5,1,0,0,regular,y,,
NW2194508192,davij106,NW2,1,1,value,,,,,,0,,,,,,19450819,2,NWK04,h,PH5,1,0,0,regular,,,
NW2194508210,davij106,NW2,1,4,value,,,,1,0,0,,,,,,19450821,0,NWK04,h,MEM,0,1,0,exhibition,y,,
NW2194508220,davij106,NW2,1,8,value,27,2,0,0,0,0,,,,,1,19450822,0,TRE01,h,NY5,1,0,0,regular,y,,
HOM194508261,davij106,NW2,1,8,value,27,,,0,0,0,,,,,1,19450826,1,WAS09,v,HOM,0,1,0,regular,y,,
HOM194508262,davij106,NW2,1,8,value,18,,,0,0,0,,,,,1,19450826,2,WAS09,v,HOM,0,1,0,regular,y,,
PH5194508302,davij106,NW2,1,1,value,3,3,0,0,0,0,,,,,1,19450830,2,PHI11,v,PH5,0,1,0,regular,y,,
PH5194508302,davij106,NW2,2,8,value,21,,,0,0,0,,,,,1,19450830,2,PHI11,v,PH5,0,1,0,regular,y,,
HOM194509021,davij106,NW2,1,8,value,24,2,0,0,0,0,,,,,1,19450902,1,PIT06,v,HOM,0,1,0,regular,y,,
NW2194509091,davij106,NW2,1,8,value,27,0,0,0,0,0,,,,,1,19450909,1,NWK04,h,BLG,1,0,0,regular,y,d,
NW2194509161,davij106,NW2,1,8,value,30,4,0,0,0,0,,,,,1,19450916,1,NYC14,h,PH5,0,1,0,exhibition,y,,
CDA194510071,davij106,NNS,1,7,value,14,0,0,0,0,0,,,,,0,19451007,1,NYC15,v,CDA,0,1,0,exhibition,y,d,
CDA194510072,davij106,NNS,1,7,value,15,3,0,0,0,0,,,,,1,19451007,2,NYC15,v,CDA,0,1,0,exhibition,y,d,
SAS194510070,davij106,NAS,1,4,value,27,1,2,0,0,0,,,,,1,19451007,0,NOL01,v,SAS,1,0,0,allstar,y,d,
NW2194605050,davij106,NW2,1,7,value,27,2,2,0,0,0,,,,,1,19460505,0,NWK04,h,PH5,1,0,0,regular,y,d,
PH5194605060,davij106,NW2,1,7,value,27,3,0,0,0,0,,,,,1,19460506,0,WIL04,v,PH5,1,0,0,regular,y,,
NW2194605120,davij106,NW2,1,7,value,27,0,0,0,0,0,,,,,1,19460512,0,NWK04,h,NY5,1,0,0,regular,y,d,
NW2194605140,davij106,NW2,1,7,value,18,0,0,0,0,0,,,,,1,19460514,0,NWK04,h,HOM,0,0,1,regular,y,d,
NW2194605191,davij106,NW2,1,7,value,27,1,0,0,0,0,,,,,1,19460519,1,NWK04,h,BLG,0,1,0,regular,y,d,
NW2194605240,davij106,NW2,1,7,value,27,3,0,0,0,0,,,,,1,19460524,0,TRE01,h,PH5,0,1,0,regular,y,,
NY5194605262,davij106,NW2,1,7,value,24,0,0,0,0,0,,,,,1,19460526,2,NYC16,v,NY5,0,1,0,regular,y,d,
NW2194605301,davij106,NW2,1,7,value,27,0,0,0,0,0,,,,,1,19460530,1,NWK04,h,PH5,0,1,0,regular,y,d,
NW2194605302,davij106,NW2,1,7,value,21,0,0,0,0,0,,,,,1,19460530,2,NWK04,h,PH5,1,0,0,regular,y,d,
PH5194605312,davij106,NW2,1,7,value,27,2,0,0,0,0,,,,,1,19460531,2,PHI11,v,PH5,1,0,0,regular,y,,
NW2194606030,davij106,NW2,1,7,value,27,1,0,1,0,0,,,,,1,19460603,0,NOR02,h,BLG,1,0,0,regular,y,d,
BLG194606071,davij106,NW2,1,8,value,19,2,0,0,0,0,,,,,1,19460607,1,BAL14,v,BLG,0,1,0,regular,y,,
BLG194606072,davij106,NW2,1,7,value,30,3,0,0,0,0,,,,,1,19460607,2,BAL14,v,BLG,1,0,0,regular,y,,
HOM194606080,davij106,NW2,1,1,value,24,1,1,1,0,0,,,,,1,19460608,0,WIL04,v,HOM,1,0,0,regular,y,d,
NY6194606091,davij106,NW2,1,7,value,27,1,0,0,0,0,,,,,1,19460609,1,NYC14,v,NY6,1,0,0,regular,y,d,
NY6194606100,davij106,NW2,1,7,value,24,1,0,0,0,0,,,,,1,19460610,0,NYC23,v,NY6,0,1,0,regular,y,d,
NW2194606161,davij106,NW2,1,7,value,27,0,0,0,0,0,,,,,1,19460616,1,NWK04,h,BLG,1,0,0,regular,y,d,
NW2194606162,davij106,NW2,1,7,value,27,0,0,0,0,0,,,,,1,19460616,2,NWK04,h,NY5,1,0,0,regular,y,d,
NW2194606180,davij106,NW2,1,7,value,27,0,0,0,0,0,,,,,1,19460618,0,NWK04,h,HOM,1,0,0,regular,y,d,
NW2194606211,davij106,NW2,1,7,value,21,,,0,0,0,,,,,1,19460621,1,NWK04,h,NY5,1,0,0,regular,y,,
NW2194606231,davij106,NW2,1,7,value,15,0,0,0,0,0,,,,,1,19460623,1,NWK04,h,NY6,1,0,0,regular,y,d,
NW2194606232,davij106,NW2,1,7,value,21,0,0,0,0,0,,,,,1,19460623,2,NWK04,h,NY6,1,0,0,regular,y,d,
NW2194606250,davij106,NW2,1,7,value,27,0,0,0,0,0,,,,,1,19460625,0,NWK04,h,HOM,1,0,0,regular,y,d,
NW2194606260,davij106,NW2,1,7,value,27,,,,,0,0,,,,,19460626,0,TRE01,h,HOM,1,0,0,regular,,,
NW2194606280,davij106,NW2,1,7,value,27,,,0,0,0,,,,,1,19460628,0,NWK04,h,HOM,1,0,0,regular,y,,
NW2194606301,davij106,NW2,1,7,value,27,,,0,0,0,,,,,1,19460630,1,NWK04,h,PH5,1,0,0,regular,y,,
NW2194606302,davij106,NW2,1,7,value,18,0,0,0,0,0,,,,,1,19460630,2,NWK04,h,PH5,1,0,0,regular,y,d,
NW2194607020,davij106,NW2,1,7,value,27,0,0,0,0,0,,,,,1,19460702,0,NWK04,h,NY5,1,0,0,regular,y,d,
NY5194607040,davij106,NW2,1,7,value,27,0,0,0,0,0,,,,,1,19460704,0,NYC16,v,NY5,1,0,0,regular,y,d,
HOM194607071,davij106,NW2,1,7,value,27,5,0,0,0,0,0,0,0,,1,19460707,1,PIT06,v,HOM,1,0,0,regular,y,,
NW2194607100,davij106,NW2,1,7,value,27,,,0,0,0,,,,,1,19460710,0,NWK04,h,NY5,1,0,0,regular,y,,
NW2194607120,davij106,NW2,1,7,value,27,,,0,0,0,,,,,1,19460712,0,NWK04,h,NY6,1,0,0,regular,y,,
NW2194607141,davij106,NW2,1,7,value,27,2,0,0,0,0,,,,,1,19460714,1,NWK04,h,PH5,0,1,0,regular,y,,
NW2194607142,davij106,NW2,1,7,value,21,,,0,0,0,,,,,1,19460714,2,NWK04,h,PH5,0,1,0,regular,y,,
NW2194607160,davij106,NW2,1,7,value,27,,,0,0,0,,,,,1,19460716,0,NWK04,h,KCM,1,0,0,exhibition,y,,
CVB194607180,davij106,NW2,1,7,value,24,0,0,0,0,0,,,,,1,19460718,0,ROC04,v,CVB,0,1,0,exhibition,y,,
CVB194607230,davij106,NW2,1,7,value,24,,,0,0,0,,,,,1,19460723,0,ERI01,v,CVB,0,1,0,exhibition,y,,
HOM194607260,davij106,NW2,1,7,value,27,1,0,0,0,0,,,,,1,19460726,0,WIL04,v,HOM,1,0,0,regular,y,,
PH5194607270,davij106,NW2,1,7,value,27,6,1,0,,0,,,,,1,19460727,0,PHI17,v,PH5,1,0,0,regular,y,,
HOM194607281,davij106,NW2,1,7,value,24,2,,0,0,0,,,,,1,19460728,1,WAS09,v,HOM,0,1,0,regular,y,,
HOM194607282,davij106,NW2,1,7,value,24,1,,1,0,0,,,,,1,19460728,2,WAS09,v,HOM,1,0,0,regular,y,,
BLG194608020,davij106,NW2,1,7,value,27,2,0,0,0,0,,,,,1,19460802,0,BAL14,v,BLG,1,0,0,regular,y,,
NW2194608041,davij106,NW2,1,7,value,27,2,0,0,0,0,,,,,1,19460804,1,NYC16,h,CVB,1,0,0,exhibition,y,,
NY5194608050,davij106,NW2,1,7,value,27,2,0,0,0,0,,,,,1,19460805,0,NYC23,v,NY5,1,0,0,regular,y,d,
NW2194608060,davij106,NW2,1,7,value,27,1,0,0,0,0,,,,,1,19460806,0,NWK04,h,KCM,1,0,0,exhibition,y,d,
NW2194608080,davij106,NW2,1,7,value,27,,,1,0,0,,,,,1,19460808,0,NWK04,h,MEM,0,1,0,exhibition,y,,
NW2194608090,davij106,NW2,1,7,value,27,,,0,0,0,,,,,1,19460809,0,NWK04,h,CVB,1,0,0,exhibition,y,,
NW2194608111,davij106,NW2,1,7,value,45,,,0,0,0,,,,,1,19460811,1,NWK04,h,HOM,1,0,0,regular,y,,
PH5194608121,davij106,NW2,1,7,value,27,0,0,0,0,0,,,,,1,19460812,1,PHI11,v,PH5,1,0,0,regular,y,,
BLG194608181,davij106,NW2,1,7,value,24,1,0,0,0,0,0,0,0,,1,19460818,1,BAL14,v,BLG,0,1,0,exhibition,y,,
BLG194608182,davij106,NW2,1,7,value,18,1,0,0,0,0,0,0,0,,1,19460818,2,BAL14,v,BLG,0,1,0,exhibition,y,,
NW2194608230,davij106,NW2,1,7,value,27,,,0,0,0,,,,,1,19460823,0,NWK04,h,NY6,1,0,0,regular,y,,
NW2194608252,davij106,NW2,1,7,value,27,,,0,0,0,,,,,1,19460825,2,NWK04,h,HOM,1,0,0,regular,y,,
NW2194608260,davij106,NW2,1,7,value,24,4,0,0,0,0,,,,,1,19460826,0,WIL04,h,NY6,1,0,0,regular,y,,
NW2194608260,davij106,NW2,2,1,value,3,,,,0,0,,,,,1,19460826,0,WIL04,h,NY6,1,0,0,regular,y,,
NW2194608270,davij106,NW2,1,7,value,27,,,0,0,0,,,,,1,19460827,0,NWK04,h,NY5,1,0,0,regular,y,,
NW2194608280,davij106,NW2,1,7,value,27,,,0,0,0,,,,,1,19460828,0,NWK04,h,BLG,1,0,0,regular,y,,
BLG194608300,davij106,NW2,1,7,value,33,2,1,0,1,0,,,,,1,19460830,0,BAL14,v,BLG,0,0,1,regular,y,,
NY5194609012,davij106,NW2,1,7,value,27,,,0,0,0,,,,,1,19460901,2,NYC16,v,NY5,1,0,0,regular,y,,
NW2194609021,davij106,NW2,1,7,value,27,,,0,0,0,,,,,1,19460902,1,NWK04,h,PH5,1,0,0,regular,y,,
NW2194609021,davij106,NW2,2,1,value,9,,,,0,0,,,,,,19460902,1,NWK04,h,PH5,1,0,0,regular,y,,
NW2194609022,davij106,NW2,1,7,value,18,,,0,0,0,,,,,1,19460902,2,NWK04,h,PH5,1,0,0,regular,y,,
PH5194609032,davij106,NW2,1,7,value,24,2,1,0,0,0,0,0,0,,1,19460903,2,PHI11,v,PH5,0,1,0,regular,y,,
NW2194609040,davij106,NW2,1,7,value,27,0,0,0,0,0,,,,,1,19460904,0,NWK04,h,NY6,1,0,0,regular,y,d,
NY6194609082,davij106,NW2,1,7,value,24,0,0,0,0,0,,,,,1,19460908,2,NYC14,v,NY6,0,1,0,regular,y,,
BLG194609151,davij106,NW2,1,7,value,26,1,0,0,0,0,,,,,1,19460915,1,BAL14,v,BLG,0,1,0,regular,y,,
BLG194609152,davij106,NW2,1,1,value,,,,0,,0,0,,,,,19460915,2,BAL14,v,BLG,0,1,0,regular,,,
NW2194609170,davij106,NW2,1,7,value,27,2,0,0,0,0,,,,,1,19460917,0,NYC14,h,KCM,0,1,0,championship,y,d,
NW2194609190,davij106,NW2,1,7,value,27,2,0,0,0,0,,,,,1,19460919,0,NWK04,h,KCM,1,0,0,championship,y,d,
KCM194609230,davij106,NW2,1,7,value,24,2,0,0,0,0,,,,,1,19460923,0,KAN05,v,KCM,0,1,0,championship,y,d,
KCM194609240,davij106,NW2,1,7,value,27,0,0,0,0,0,,,,,1,19460924,0,KAN05,v,KCM,1,0,0,championship,y,d,
KCM194609250,davij106,NW2,1,7,value,24,1,0,0,0,0,,,,,1,19460925,0,CHI10,v,KCM,0,1,0,championship,y,d,
NW2194609270,davij106,NW2,1,7,value,27,0,0,0,0,0,,,,,1,19460927,0,NWK04,h,KCM,1,0,0,championship,y,d,
NW2194609290,davij106,NW2,1,7,value,27,0,0,0,0,0,,,,,1,19460929,0,NWK04,h,KCM,1,0,0,championship,y,d,
ASP194610040,davij106,ASP,1,7,value,30,4,0,0,0,0,,,,,1,19461004,0,NYC16,h,ASF,0,1,0,exhibition,y,,
ASF194610061,davij106,ASP,1,7,value,27,0,0,0,0,0,,,,,1,19461006,1,NYC16,v,ASF,1,0,0,exhibition,y,d,
ASP194610062,davij106,ASP,1,7,value,27,1,0,0,0,0,,,,,1,19461006,2,BAL14,h,ASF,1,0,0,exhibition,y,d,
ASF194610070,davij106,ASP,1,7,value,27,0,0,0,0,0,,,,,1,19461007,0,COL05,v,ASF,1,0,0,exhibition,y,,
ASP194610080,davij106,ASP,1,7,value,27,2,0,1,0,0,,,,,1,19461008,0,DAY03,h,ASF,0,1,0,exhibition,y,d,
ASF194610100,davij106,ASP,1,7,value,21,4,0,0,0,0,,,,,1,19461010,0,RCI01,v,ASF,0,1,0,exhibition,y,d,
ASF194610100,davij106,ASP,2,8,value,3,1,0,0,0,0,,,,,0,19461010,0,RCI01,v,ASF,0,1,0,exhibition,y,d,
ASF194610121,davij106,ASP,1,7,value,24,1,0,0,0,0,,,,,1,19461012,1,CBI01,v,ASF,0,1,0,exhibition,y,d,
ASP194610122,davij106,ASP,1,7,value,27,0,0,0,0,0,,,,,1,19461012,2,WIC01,h,ASF,0,1,0,exhibition,y,d,
ASP194610130,davij106,ASP,1,7,value,27,3,4,0,0,0,,,,,1,19461013,0,KAN05,h,ASF,1,0,0,exhibition,y,d,
ASF194610140,davij106,ASP,1,7,value,24,5,0,0,0,0,,,,,1,19461014,0,KAN05,v,ASF,0,1,0,exhibition,y,d,
NY6194704270,davij106,NW2,1,7,value,24,1,0,0,0,0,,,,,1,19470427,0,NYC14,v,NY6,0,1,0,regular,y,d,
BLG194705060,davij106,NW2,1,7,value,25,0,1,0,0,0,,,,,1,19470506,0,BAL14,v,BLG,0,1,0,regular,y,d,
BLG194705070,davij106,NW2,1,7,value,27,2,0,0,0,0,,,,,1,19470507,0,RIC03,v,BLG,1,0,0,regular,y,d,
PH5194705100,davij106,NW2,1,7,value,26,3,0,0,0,0,,,,,1,19470510,0,PHI17,v,PH5,0,1,0,regular,y,d,
NW2194705111,davij106,NW2,1,7,value,27,0,0,0,0,0,,,,,1,19470511,1,NWK04,h,PH5,1,0,0,regular,y,d,
NW2194705112,davij106,NW2,1,7,value,21,0,0,0,0,0,,,,,1,19470511,2,NWK04,h,PH5,1,0,0,regular,y,d,
NW2194705120,davij106,NW2,1,7,value,27,,,0,,0,0,,,,,19470512,0,TRE01,h,NY5,1,0,0,regular,,,
NW2194705181,davij106,NW2,1,7,value,27,,,0,0,0,,,,,1,19470518,1,NWK04,h,HOM,0,1,0,regular,y,,
NW2194705182,davij106,NW2,1,7,value,18,,,0,0,0,,,,,1,19470518,2,NWK04,h,HOM,0,1,0,regular,y,,
NW2194705200,davij106,NW2,1,7,value,27,,,0,0,0,,,,,1,19470520,0,NWK04,h,NY6,1,0,0,regular,y,,
NW2194705220,davij106,NW2,1,7,value,27,,,0,0,0,,,,,1,19470522,0,NWK04,h,BLG,1,0,0,regular,y,,
BLG194705230,davij106,NW2,1,1,value,27,0,3,0,0,0,,,,,1,19470523,0,BAL14,v,BLG,1,0,0,regular,y,,
BLG194705261,davij106,NW2,1,7,value,27,2,0,0,0,0,,,,,1,19470526,1,PHI11,v,BLG,1,0,0,regular,y,,
NW2194705270,davij106,NW2,1,7,value,27,,,0,0,0,,,,,1,19470527,0,NWK04,h,PH5,0,1,0,regular,y,,
NW2194705301,davij106,NW2,1,7,value,27,1,0,0,0,0,,,,,1,19470530,1,NYC15,h,HOM,1,0,0,regular,y,,
NW2194705302,davij106,NW2,1,7,value,21,1,0,0,1,0,,,,,1,19470530,2,NYC15,h,HOM,1,0,0,regular,y,,
HOM194706011,davij106,NW2,1,7,value,30,3,0,0,0,0,,,,,1,19470601,1,WAS09,v,HOM,0,1,0,regular,y,,
HOM194706020,davij106,NW2,1,7,value,27,1,0,0,0,0,,,,,1,19470602,0,ALT02,v,HOM,1,0,0,regular,y,,
HOM194706040,davij106,NW2,1,7,value,27,1,0,0,0,0,,,,,1,19470604,0,PIT06,v,HOM,1,0,0,regular,y,,
PH5194706050,davij106,NW2,1,7,value,24,0,0,0,,,,,,,1,19470605,0,PHI17,v,PH5,0,1,0,regular,y,,
BLG194706060,davij106,NW2,1,1,value,21,1,2,0,0,0,,,,,1,19470606,0,BAL14,v,BLG,0,1,0,regular,y,,
HOM194706081,davij106,NW2,1,8,value,27,,,0,0,0,,,,,1,19470608,1,WAS09,v,HOM,1,0,0,regular,y,,
NW2194706120,davij106,NW2,1,7,value,27,2,0,0,0,0,,,,,1,19470612,0,NYC15,h,NY6,1,0,0,regular,y,d,
NW2194706151,davij106,NW2,1,7,value,27,1,0,0,0,0,,,,,1,19470615,1,NYC15,h,NY6,0,1,0,regular,y,,
NW2194706152,davij106,NW2,1,7,value,21,1,1,0,0,0,,,,,1,19470615,2,NYC15,h,NY6,0,1,0,regular,y,,
NW2194706170,davij106,NW2,1,7,value,27,,,0,0,0,,,,,1,19470617,0,NWK04,h,PH5,1,0,0,regular,y,,
NW2194706221,davij106,NW2,1,7,value,27,,,0,0,0,,,,,1,19470622,1,NWK04,h,HOM,1,0,0,regular,y,,
NW2194706222,davij106,NW2,1,7,value,27,,,0,0,0,,,,,1,19470622,2,NWK04,h,NY5,1,0,0,regular,y,,
NY6194706231,davij106,NW2,1,7,value,33,3,0,0,,,,,,,1,19470623,1,PHI11,v,NY6,1,0,0,regular,y,,
NW2194707010,davij106,NW2,1,7,value,27,3,0,0,0,0,,,,,1,19470701,0,TRE01,h,PH5,1,0,0,regular,y,,
PH5194707020,davij106,NW2,1,7,value,25,1,0,0,0,0,,,,,1,19470702,0,WIL04,v,PH5,0,1,0,regular,y,,
NW2194707041,davij106,NW2,1,7,value,27,,,0,0,0,,,,,1,19470704,1,NWK04,h,PH5,1,0,0,regular,y,,
NW2194707061,davij106,NW2,1,7,value,27,,,0,0,0,,,,,1,19470706,1,NWK04,h,BLG,1,0,0,regular,y,,
NW2194707062,davij106,NW2,1,1,value,3,,,0,,0,0,,,,,19470706,2,NWK04,h,BLG,0,1,0,regular,,,
HOM194707131,davij106,NW2,1,7,value,24,2,0,0,0,0,,,,,1,19470713,1,WAS09,v,HOM,0,1,0,regular,y,d,
HOM194707150,davij106,NW2,1,9,value,27,1,0,0,0,0,,,,,1,19470715,0,WIL04,v,HOM,1,0,0,regular,y,,
NW2194707170,davij106,NW2,1,7,value,27,0,0,0,0,0,,,,,1,19470717,0,NWK04,h,CVB,1,0,0,regular,y,d,
NW2194707170,davij106,NW2,2,1,value,3,0,0,0,0,0,,,,,0,19470717,0,NWK04,h,CVB,1,0,0,regular,y,d,
NW2194707180,davij106,NW2,1,7,value,27,,,0,0,0,,,,,1,19470718,0,NWK04,h,BIR,0,1,0,exhibition,y,,
BLG194707201,davij106,NW2,1,7,value,27,3,0,0,0,0,,,,,1,19470720,1,BAL14,v,BLG,1,0,0,regular,y,,
BLG194707202,davij106,NW2,1,7,value,21,1,0,0,0,0,,,,,1,19470720,2,BAL14,v,BLG,1,0,0,regular,y,,
NW2194707240,davij106,NW2,1,7,value,27,3,0,0,0,0,,,,,1,19470724,0,NYC15,h,BLG,0,1,0,regular,y,,
NW2194707271,davij106,NW2,1,7,value,27,3,0,0,0,0,,,,,1,19470727,1,NYC15,h,BLG,1,0,0,exhibition,y,,
NW2194707272,davij106,NW2,1,7,value,21,0,0,0,0,0,,,,,1,19470727,2,NYC15,h,BLG,1,0,0,exhibition,y,,
NW2194707300,davij106,NW2,1,7,value,27,1,0,0,0,0,0,0,0,,1,19470730,0,WIL04,h,BIR,1,0,0,exhibition,y,,
BLG194708010,davij106,NW2,1,7,value,24,3,0,1,0,0,0,0,0,,1,19470801,0,BAL14,v,BLG,0,1,0,regular,y,,
NW2194708020,davij106,NW2,1,7,value,27,2,0,0,0,0,,,,,1,19470802,0,WIL04,h,BLG,0,1,0,regular,y,,
NW2194708031,davij106,NW2,1,1,value,27,0,1,0,0,0,,,,,1,19470803,1,NYC15,h,PH5,0,1,0,regular,y,d,
NW2194708050,davij106,NW2,1,7,value,27,0,0,0,0,0,,,,,1,19470805,0,NWK04,h,NY6,0,1,0,regular,y,d,
PH5194708071,davij106,NW2,1,7,value,18,0,0,2,0,0,,,,,1,19470807,1,PHI11,v,PH5,0,1,0,regular,y,d,
NW2194708101,davij106,NW2,1,7,value,27,,,0,0,0,,,,,1,19470810,1,NWK04,h,PH5,0,1,0,regular,y,,
NW2194708120,davij106,NW2,1,7,value,27,,,0,0,0,,,,,1,19470812,0,NWK04,h,NY5,1,0,0,regular,y,,
NW2194708150,davij106,NW2,1,7,value,27,0,0,0,0,0,,,,,1,19470815,0,JER02,h,NY6,1,0,0,regular,y,d,
NW2194708171,davij106,NW2,1,7,value,27,,,0,0,0,,,,,1,19470817,1,NWK04,h,NY5,1,0,0,regular,y,,
NW2194708200,davij106,NW2,1,3,value,,,,0,0,0,,,,,1,19470820,0,NWK04,h,CAG,0,1,0,exhibition,y,,
NW2194708200,davij106,NW2,2,7,value,,,,0,0,0,,,,,1,19470820,0,NWK04,h,CAG,0,1,0,exhibition,y,,
HOM194708241,davij106,NW2,1,7,value,27,2,0,0,0,0,,,,,1,19470824,1,WAS09,v,HOM,1,0,0,regular,y,,
HOM194708242,davij106,NW2,1,7,value,18,0,0,0,0,0,,,,,1,19470824,2,WAS09,v,HOM,0,1,0,regular,y,,
NW2194708290,davij106,NW2,1,7,value,27,0,0,0,0,0,,,,,1,19470829,0,NWK04,h,HOM,0,1,0,regular,y,d,
NW2194708311,davij106,NW2,1,7,value,27,,,0,0,0,,,,,1,19470831,1,NWK04,h,BLG,1,0,0,regular,y,,
NW2194708312,davij106,NW2,1,1,value,21,,,,,0,0,,,,1,19470831,2,NWK04,h,BLG,1,0,0,regular,,,
NW2194709071,davij106,NW2,1,7,value,27,,,0,0,0,,,,,1,19470907,1,NWK04,h,PH5,1,0,0,regular,y,,
NY6194709111,davij106,NW2,1,7,value,24,1,0,0,0,0,,,,,1,19470911,1,NYC14,v,NY6,0,1,0,regular,y,,
NW2194709121,davij106,NW2,1,7,value,21,,,0,0,0,,,,,1,19470912,1,NWK04,h,NY6,0,1,0,regular,y,,
NW2194709122,davij106,NW2,1,1,value,18,,,0,,0,0,,,,,19470912,2,NWK04,h,NY6,0,1,0,regular,,,
NW2194709141,davij106,NW2,1,7,value,27,0,0,0,0,0,,,,,1,19470914,1,NYC15,h,HOM,0,1,0,regular,y,d,
NW2194709142,davij106,NW2,1,7,value,21,4,0,0,0,0,,,,,1,19470914,2,NYC15,h,HOM,1,0,0,regular,y,d,
BLG194805020,davij106,NW2,1,7,value,27,3,1,0,0,0,,,,,1,19480502,0,BAL14,v,BLG,1,0,0,regular,y,d,
BLG194805040,davij106,NW2,1,7,value,27,2,0,0,0,0,,,,,1,19480504,0,BAL14,v,BLG,1,0,0,regular,y,d,
NW2194805090,davij106,NW2,1,7,value,27,0,0,0,0,0,,,,,1,19480509,0,NWK04,h,HOM,0,1,0,regular,y,d,
NW2194805110,davij106,NW2,1,7,value,27,1,0,0,0,0,0,,,,1,19480511,0,TRE01,h,PH5,0,1,0,regular,y,,
PH5194805142,davij106,NW2,1,7,value,24,1,0,0,0,0,,,,,1,19480514,2,PHI11,v,PH5,0,1,0,regular,y,d,
NY5194805220,davij106,NW2,1,7,value,27,2,0,0,0,0,0,,,,1,19480522,0,ALB02,v,NY5,1,0,0,regular,y,,
NY5194805251,davij106,NW2,1,7,value,20,2,0,0,0,0,,,,,1,19480525,1,ROC04,v,NY5,0,1,0,regular,y,d,
NY5194805252,davij106,NW2,1,7,value,24,3,0,1,0,0,,,,,1,19480525,2,ROC04,v,NY5,0,1,0,regular,y,y,
NW2194805260,davij106,NW2,1,7,value,33,,,0,0,0,0,,,,1,19480526,0,NWK04,h,NY5,1,0,0,regular,y,,
HOE194903300,davij106,HOE,,1,value,,,,0,,,,,,,1,19490330,0,HOU04,h,CAG,1,0,0,exhibition,,,
BIR194905020,davij106,HOE,1,7,value,27,0,0,0,0,0,,,,,1,19490502,0,ATL04,v,BIR,1,0,0,regular,y,d,
BIR194905030,davij106,HOE,1,7,value,24,0,0,0,0,0,,,,,1,19490503,0,ATL04,v,BIR,0,1,0,regular,y,d,
MEM194905080,davij106,HOE,1,1,value,,,,,,,,,,,,19490508,0,MEM02,v,MEM,1,0,0,regular,,,
HOE194905151,davij106,HOE,1,7,value,27,6,0,,0,,,,,,1,19490515,1,HOU04,h,KCM,0,1,0,regular,y,,
HOE194905210,davij106,HOE,1,1,value,27,,,,,,,,,,1,19490521,0,HOU04,h,MEM,0,1,0,regular,,,
PH5194905291,davij106,HOE,1,7,value,27,0,0,0,0,0,,,,,1,19490529,1,NWK04,v,PH5,1,0,0,regular,y,d,
PH5194905292,davij106,HOE,1,7,value,21,0,0,0,0,0,,,,,1,19490529,2,NWK04,v,PH5,1,0,0,regular,y,d,
PH5194905301,davij106,HOE,1,7,value,24,1,0,0,0,0,,,,,1,19490530,1,CHE01,v,PH5,0,1,0,regular,y,d,
PH5194905302,davij106,HOE,1,7,value,30,3,5,0,0,0,,,,,1,19490530,2,WIL04,v,PH5,1,0,0,regular,y,d,
PH5194906020,davij106,HOE,1,7,value,24,0,0,0,0,0,,,,,1,19490602,0,BRI01,v,PH5,0,1,0,regular,y,d,
PH5194906062,davij106,HOE,1,7,value,30,2,1,0,0,0,,,,,1,19490606,2,PHI11,v,PH5,1,0,0,regular,y,d,
LCB194906200,davij106,HOE,1,1,value,27,,,,,,,,,,1,19490620,0,COL05,v,LCB,1,0,0,regular,,,
CAG194906280,davij106,HOE,2,1,value,,,,,,,,,,,,19490628,0,WFI01,v,CAG,0,1,0,regular,,,
KCM194908071,davij106,HOE,1,7,value,27,3,0,0,0,0,,,,,1,19490807,1,KAN05,v,KCM,1,0,0,regular,y,d,
KCM194908072,davij106,HOE,1,7,value,21,1,0,0,0,0,,,,,1,19490807,2,KAN05,v,KCM,1,0,0,regular,y,d,
KCM194908080,davij106,HOE,1,7,value,24,2,0,0,0,0,,,,,1,19490808,0,KAN05,v,KCM,0,1,0,regular,y,d,
KCM194908090,davij106,HOE,1,7,value,24,0,0,0,0,,0,0,,,1,19490809,0,SUP01,v,KCM,0,1,0,regular,y,,
KCM194908100,davij106,HOE,1,7,value,12,3,1,0,0,0,,,,,1,19490810,0,GIN01,v,KCM,1,0,0,regular,y,d,
KCM194908100,davij106,HOE,2,3,value,15,1,0,0,0,0,,,,,0,19490810,0,GIN01,v,KCM,1,0,0,regular,y,d,
KCM194908110,davij106,HOE,1,3,value,27,7,0,0,0,0,,,,,1,19490811,0,OMA03,v,KCM,1,0,0,regular,y,d,
ASW194908140,davij106,ASW,1,8,value,12,5,0,0,0,0,,,,,0,19490814,0,CHI10,h,ASE,0,1,0,allstar,y,d,
BLG194908160,davij106,HOE,1,7,value,27,2,0,0,0,0,,,,,1,19490816,0,BAL14,v,BLG,1,0,0,regular,y,d,
BLG194908170,davij106,HOE,1,7,value,24,0,0,0,0,0,,,,,1,19490817,0,PET01,v,BLG,0,1,0,regular,y,d,
BLG194908190,davij106,HOE,1,7,value,24,1,0,0,,,,,0,,1,19490819,0,BAL14,v,BLG,0,1,0,regular,y,,
NY6194908211,davij106,HOE,1,7,value,27,0,0,0,0,0,,,,,1,19490821,1,NYC14,v,NY6,1,0,0,regular,y,d,
NY6194908212,davij106,HOE,1,7,value,24,3,0,0,0,0,,,,,1,19490821,2,NYC14,v,NY6,0,1,0,regular,y,d,
