gid,id,team,b_lp,b_seq,stattype,b_pa,b_ab,b_r,b_h,b_d,b_t,b_hr,b_rbi,b_sh,b_sf,b_hbp,b_w,b_iw,b_k,b_sb,b_cs,b_gdp,b_xi,b_roe,dh,ph,pr,date,number,site,vishome,opp,win,loss,tie,gametype,box,pbp
MEM194406181,britj104,BIR,1,1,value,5,5,1,1,1,0,0,0,0,0,0,0,0,,0,0,0,0,0,,,,19440618,1,BEA01,v,MEM,1,0,0,regular,y,d
MEM194406181,sampt101,BIR,2,1,value,5,4,0,1,0,0,0,1,0,0,0,1,0,,0,0,0,0,0,,,,19440618,1,BEA01,v,MEM,1,0,0,regular,y,d
MEM194406181,wilsa101,BIR,3,1,value,5,5,0,2,0,0,0,0,0,0,0,0,0,,0,0,0,0,0,,,,19440618,1,BEA01,v,MEM,1,0,0,regular,y,d
MEM194406181,steee102,BIR,4,1,value,5,4,0,0,0,0,0,0,0,0,0,1,0,,0,0,0,0,1,,,,19440618,1,BEA01,v,MEM,1,0,0,regular,y,d
MEM194406181,younl102,BIR,5,1,value,4,4,0,0,0,0,0,0,0,0,0,0,0,,0,0,1,0,0,,,,19440618,1,BEA01,v,MEM,1,0,0,regular,y,d
MEM194406181,davip102,BIR,6,1,value,4,4,1,2,0,0,0,0,0,0,0,0,0,,0,0,0,0,0,,,,19440618,1,BEA01,v,MEM,1,0,0,regular,y,d
MEM194406181,lockl101,BIR,7,1,value,4,3,0,1,0,0,0,0,0,0,0,1,0,,0,0,0,0,0,,,,19440618,1,BEA01,v,MEM,1,0,0,regular,y,d
MEM194406181,radct101,BIR,8,1,value,4,2,2,0,0,0,0,1,1,0,0,1,0,,0,0,0,0,2,,,,19440618,1,BEA01,v,MEM,1,0,0,regular,y,d
MEM194406181,sayla101,BIR,9,1,value,4,3,0,0,0,0,0,0,1,0,0,0,0,,0,0,0,0,0,,,,19440618,1,BEA01,v,MEM,1,0,0,regular,y,d
MEM194406181,mcdaf101,MEM,1,1,value,4,3,1,1,0,0,0,0,0,0,1,0,0,,0,0,0,0,0,,,,19440618,1,BEA01,h,BIR,0,1,0,regular,y,d
MEM194406181,browt105,MEM,2,1,value,4,4,0,1,0,0,0,0,0,0,0,0,0,,0,0,0,0,0,,,,19440618,1,BEA01,h,BIR,0,1,0,regular,y,d
MEM194406181,fordj101,MEM,3,1,value,4,4,0,1,0,0,0,0,0,0,0,0,0,,0,0,0,0,0,,,,19440618,1,BEA01,h,BIR,0,1,0,regular,y,d
MEM194406181,robin101,MEM,4,1,value,4,4,0,2,0,0,0,0,0,0,0,0,0,,1,0,1,0,0,,,,19440618,1,BEA01,h,BIR,0,1,0,regular,y,d
MEM194406181,mathv101,MEM,5,1,value,4,3,0,1,1,0,0,0,0,0,0,1,0,,0,0,0,0,0,,,,19440618,1,BEA01,h,BIR,0,1,0,regular,y,d
MEM194406181,hydec101,MEM,6,1,value,4,4,0,1,0,0,0,0,0,0,0,0,0,,0,0,0,0,0,,,,19440618,1,BEA01,h,BIR,0,1,0,regular,y,d
MEM194406181,longr102,MEM,7,1,value,4,4,0,1,0,0,0,0,0,0,0,0,0,,0,0,0,0,0,,,,19440618,1,BEA01,h,BIR,0,1,0,regular,y,d
MEM194406181,browl107,MEM,8,1,value,3,3,0,0,0,0,0,0,0,0,0,0,0,,0,0,0,0,0,,,,19440618,1,BEA01,h,BIR,0,1,0,regular,y,d
MEM194406181,rogen101,MEM,8,2,value,1,1,0,0,0,0,0,0,0,0,0,0,0,,0,0,0,0,0,,1,,19440618,1,BEA01,h,BIR,0,1,0,regular,y,d
MEM194406181,keyer101,MEM,9,1,value,3,3,0,1,0,0,0,0,0,0,0,0,0,,0,0,0,0,0,,,,19440618,1,BEA01,h,BIR,0,1,0,regular,y,d
MEM194406181,ligor101,MEM,9,2,value,1,1,0,0,0,0,0,0,0,0,0,0,0,,0,0,0,0,0,,1,,19440618,1,BEA01,h,BIR,0,1,0,regular,y,d
HOE194905200,thomf110,MEM,,,value,,,,,,,,,,,,,,,,,,,,,,,19490520,0,BEA01,v,HOE,1,0,0,regular,,
