gid,id,team,d_seq,d_pos,stattype,d_ifouts,d_po,d_a,d_e,d_dp,d_tp,d_pb,d_wp,d_sb,d_cs,d_gs,date,number,site,vishome,opp,win,loss,tie,gametype,box,pbp
MEM194406181,britj104,BIR,1,5,value,27,4,1,0,1,0,,,,,1,19440618,1,BEA01,v,MEM,1,0,0,regular,y,d
MEM194406181,sampt101,BIR,1,4,value,27,3,0,0,1,0,,,,,1,19440618,1,BEA01,v,MEM,1,0,0,regular,y,d
MEM194406181,wilsa101,BIR,1,6,value,27,1,0,0,0,0,,,,,1,19440618,1,BEA01,v,MEM,1,0,0,regular,y,d
MEM194406181,steee102,BIR,1,9,value,27,1,0,0,0,0,,,,,1,19440618,1,BEA01,v,MEM,1,0,0,regular,y,d
MEM194406181,younl102,BIR,1,7,value,27,1,0,0,0,0,,,,,1,19440618,1,BEA01,v,MEM,1,0,0,regular,y,d
MEM194406181,davip102,BIR,1,3,value,27,13,0,0,0,0,,,,,1,19440618,1,BEA01,v,MEM,1,0,0,regular,y,d
MEM194406181,lockl101,BIR,1,8,value,27,2,0,0,0,0,,,,,1,19440618,1,BEA01,v,MEM,1,0,0,regular,y,d
MEM194406181,radct101,BIR,1,2,value,27,2,0,1,0,0,0,0,1,0,1,19440618,1,BEA01,v,MEM,1,0,0,regular,y,d
MEM194406181,sayla101,BIR,1,1,value,27,0,0,0,0,0,,,,,1,19440618,1,BEA01,v,MEM,1,0,0,regular,y,d
MEM194406181,mcdaf101,MEM,1,7,value,27,3,0,0,0,0,,,,,1,19440618,1,BEA01,h,BIR,0,1,0,regular,y,d
MEM194406181,browt105,MEM,1,6,value,27,2,1,0,1,0,,,,,1,19440618,1,BEA01,h,BIR,0,1,0,regular,y,d
MEM194406181,fordj101,MEM,1,4,value,27,2,1,0,1,0,,,,,1,19440618,1,BEA01,h,BIR,0,1,0,regular,y,d
MEM194406181,robin101,MEM,1,8,value,27,3,0,0,0,0,,,,,1,19440618,1,BEA01,h,BIR,0,1,0,regular,y,d
MEM194406181,mathv101,MEM,1,3,value,27,11,0,0,1,0,,,,,1,19440618,1,BEA01,h,BIR,0,1,0,regular,y,d
MEM194406181,hydec101,MEM,1,9,value,27,1,0,0,0,0,,,,,1,19440618,1,BEA01,h,BIR,0,1,0,regular,y,d
MEM194406181,longr102,MEM,1,5,value,27,3,0,0,0,0,,,,,1,19440618,1,BEA01,h,BIR,0,1,0,regular,y,d
MEM194406181,browl107,MEM,1,2,value,27,2,0,1,0,0,1,0,0,0,1,19440618,1,BEA01,h,BIR,0,1,0,regular,y,d
MEM194406181,keyer101,MEM,1,1,value,27,0,0,1,0,0,,,,,1,19440618,1,BEA01,h,BIR,0,1,0,regular,y,d
HOE194905200,thomf110,MEM,1,1,value,27,,,,,,,,,,1,19490520,0,BEA01,v,HOE,1,0,0,regular,,
