gid,id,team,d_seq,d_pos,stattype,d_ifouts,d_po,d_a,d_e,d_dp,d_tp,d_pb,d_wp,d_sb,d_cs,d_gs,date,number,site,vishome,opp,win,loss,tie,gametype,box,pbp,eject
BRG193705312,hechr101,CUS,1,3,value,24,9,0,0,,,,,,,1,19370531,2,NYC28,v,BRG,0,1,0,exhibition,y,,
CUS193705311,hechr101,CUS,1,3,value,27,10,0,1,,,,,,,1,19370531,1,NYC28,h,BRG,0,1,0,exhibition,y,,
CUS193707050,hechr101,CUS,1,4,value,30,4,4,1,0,,,0,,,1,19370705,0,NYC28,h,BRG,0,0,1,exhibition,y,,
KCM193708060,hechr101,CUS,1,3,value,27,13,0,0,1,0,,,,,1,19370806,0,KAN05,v,KCM,1,0,0,exhibition,y,d,
