gid,id,team,d_seq,d_pos,stattype,d_ifouts,d_po,d_a,d_e,d_dp,d_tp,d_pb,d_wp,d_sb,d_cs,d_gs,date,number,site,vishome,opp,win,loss,tie,gametype,box,pbp,eject
CAG194004142,nixow102,BIR,1,9,value,18,0,0,0,0,0,,,,,1,19400414,2,NOL01,v,CAG,0,1,0,exhibition,y,,
BIR194004211,nixow102,BIR,1,9,value,27,4,0,0,0,0,,,,,1,19400421,1,BIR01,h,BLG,0,1,0,exhibition,y,,
BIR194004212,nixow102,BIR,1,9,value,21,1,0,0,0,0,,,,,1,19400421,2,BIR01,h,BLG,1,0,0,exhibition,y,,
BLG194004281,nixow102,BIR,1,9,value,24,1,,0,0,0,,,,,1,19400428,1,NSH02,v,BLG,0,1,0,exhibition,y,,
BIR194005121,nixow102,BIR,1,9,value,27,3,1,0,0,0,,,,,1,19400512,1,BIR01,h,KCM,0,1,0,regular,y,,
BIR194005122,nixow102,BIR,1,9,value,21,0,,0,0,0,,,,,1,19400512,2,BIR01,h,KCM,1,0,0,regular,y,,
BIR194005170,nixow102,BIR,1,9,value,27,,,0,,0,0,,,,1,19400517,0,ANN01,h,SNO,0,1,0,regular,,,
BIR194005191,nixow102,BIR,1,9,value,30,3,6,0,0,0,,,,,1,19400519,1,BIR01,h,SNO,0,1,0,regular,y,,
BIR194005192,nixow102,BIR,1,7,value,21,3,0,0,0,0,,,,,1,19400519,2,BIR01,h,SNO,1,0,0,regular,y,,
BIR194006021,nixow102,BIR,1,9,value,42,5,1,0,1,0,,,,,1,19400602,1,BIR01,h,MEM,0,1,0,regular,y,,
BIR194006022,nixow102,BIR,1,9,value,21,1,0,0,0,0,,,,,1,19400602,2,BIR01,h,MEM,0,1,0,regular,y,,
MEM194006091,nixow102,BIR,1,9,value,27,4,,0,0,0,,,,,1,19400609,1,MEM02,v,MEM,1,0,0,regular,y,,
MEM194006092,nixow102,BIR,1,9,value,18,0,,0,0,0,,,,,1,19400609,2,MEM02,v,MEM,0,1,0,regular,y,,
MEM194006100,nixow102,BIR,1,9,value,27,0,1,0,0,0,,,,,1,19400610,0,MEM02,v,MEM,1,0,0,regular,y,,
BIR194006231,nixow102,BIR,1,9,value,30,5,0,0,0,0,,,,,1,19400623,1,BIR01,h,CV9,0,1,0,regular,y,,
BIR194006232,nixow102,BIR,1,9,value,,2,1,0,0,0,,,,,1,19400623,2,BIR01,h,CV9,1,0,0,regular,y,,
CV9194006280,nixow102,BIR,1,9,value,12,1,0,0,0,0,,,,,1,19400628,0,ATL04,v,CV9,1,0,0,regular,y,,
CV9194006301,nixow102,BIR,1,7,value,27,,,0,0,0,,,,,1,19400630,1,ATL04,v,CV9,1,0,0,regular,y,,
CV9194006302,nixow102,BIR,1,7,value,18,,,0,0,0,,,,,1,19400630,2,ATL04,v,CV9,0,1,0,regular,y,,
KCM194007040,nixow102,BIR,1,9,value,24,0,0,0,0,0,,,,,1,19400704,0,KAN05,v,KCM,0,1,0,regular,y,,
MEM194007141,nixow102,BIR,1,9,value,27,1,1,0,1,0,,,,,1,19400714,1,MEM02,v,MEM,1,0,0,regular,y,,
MEM194007142,nixow102,BIR,1,9,value,18,0,0,0,0,0,,,,,1,19400714,2,MEM02,v,MEM,0,1,0,regular,y,,
MEM194007160,nixow102,BIR,1,9,value,27,,,0,,0,0,,,,,19400716,0,LRK02,v,MEM,1,0,0,regular,,,
CAG194007211,nixow102,BIR,1,9,value,29,3,0,0,0,0,,,,,1,19400721,1,CHI09,v,CAG,0,1,0,regular,y,,
BIR194008041,nixow102,BIR,1,9,value,27,0,0,0,0,0,,,,,1,19400804,1,BIR01,h,KCM,1,0,0,regular,y,,
BIR194008042,nixow102,BIR,1,9,value,21,0,0,0,0,0,,,,,1,19400804,2,BIR01,h,KCM,0,1,0,regular,y,,
BIR194008181,nixow102,BIR,1,9,value,27,2,0,0,0,0,,,,,1,19400818,1,BIR01,h,CAG,1,0,0,exhibition,y,,
BIR194008182,nixow102,BIR,1,9,value,21,1,0,0,0,0,,,,,1,19400818,2,BIR01,h,CAG,1,0,0,exhibition,y,,
BIR194009221,nixow102,BIR,1,9,value,27,2,0,0,0,0,,,,,1,19400922,1,BIR01,h,BLG,0,1,0,exhibition,y,,
BIR194009222,nixow102,BIR,1,9,value,21,0,0,0,0,0,,,,,1,19400922,2,BIR01,h,BLG,1,0,0,exhibition,y,,
AST194010041,nixow102,AST,1,5,value,21,2,1,1,0,0,,,,,1,19401004,1,NOL01,h,NAS,0,1,0,allstar,y,,
BIR194104201,nixow102,BIR,1,9,value,27,1,0,0,0,0,,,,,1,19410420,1,BIR01,h,NY5,0,1,0,exhibition,y,,
BIR194104202,nixow102,BIR,1,7,value,3,0,0,0,0,0,,,,,,19410420,2,BIR01,h,NY5,1,0,0,exhibition,y,,
BIR194105042,nixow102,BIR,1,7,value,18,2,0,0,0,0,,,,,1,19410504,2,BIR01,h,NW2,1,0,0,exhibition,y,,
BIR194105111,nixow102,BIR,1,8,value,,0,0,0,0,0,,,,,,19410511,1,BIR01,h,KCM,0,1,0,regular,y,,
BIR194105240,nixow102,BIR,1,7,value,21,4,0,0,0,0,,,,,1,19410524,0,ANN01,h,JAX,1,0,0,regular,y,,
BIR194105251,nixow102,BIR,1,7,value,27,2,0,0,0,0,,,,,1,19410525,1,BIR01,h,JAX,1,0,0,regular,y,,
BIR194105252,nixow102,BIR,1,7,value,21,1,0,0,0,0,,,,,1,19410525,2,BIR01,h,JAX,1,0,0,regular,y,,
KCM194106011,nixow102,JAX,1,7,value,27,1,0,0,0,0,,,,,1,19410601,1,KAN05,v,KCM,1,0,0,regular,y,,
KCM194106012,nixow102,JAX,1,9,value,18,1,0,1,0,0,,,,,1,19410601,2,KAN05,v,KCM,0,1,0,regular,y,,
