gid,id,team,d_seq,d_pos,stattype,d_ifouts,d_po,d_a,d_e,d_dp,d_tp,d_pb,d_wp,d_sb,d_cs,d_gs,date,number,site,vishome,opp,win,loss,tie,gametype,box,pbp
NY5193505110,vazqa102,CUS,1,7,value,24,4,1,0,1,0,,,,,1,19350511,0,PAT01,v,NY5,0,1,0,exhibition,y,d
NY5193505110,perej101,CUS,1,3,value,24,11,0,0,0,0,,,,,1,19350511,0,PAT01,v,NY5,0,1,0,exhibition,y,d
NY5193505110,vargj101,CUS,1,8,value,24,3,0,1,0,0,,,,,1,19350511,0,PAT01,v,NY5,0,1,0,exhibition,y,d
NY5193505110,rojar101,CUS,1,9,value,24,0,0,0,0,0,,,,,1,19350511,0,PAT01,v,NY5,0,1,0,exhibition,y,d
NY5193505110,etchc101,CUS,1,4,value,24,2,2,1,0,0,,,,,1,19350511,0,PAT01,v,NY5,0,1,0,exhibition,y,d
NY5193505110,abrej103,CUS,1,6,value,24,0,2,1,0,0,,,,,1,19350511,0,PAT01,v,NY5,0,1,0,exhibition,y,d
NY5193505110,perem102,CUS,1,5,value,24,0,1,1,0,0,,,,,1,19350511,0,PAT01,v,NY5,0,1,0,exhibition,y,d
NY5193505110,fernj101,CUS,1,2,value,24,4,1,0,1,0,0,0,1,1,1,19350511,0,PAT01,v,NY5,0,1,0,exhibition,y,d
NY5193505110,fabri101,CUS,1,1,value,13,0,3,0,0,0,,,,,1,19350511,0,PAT01,v,NY5,0,1,0,exhibition,y,d
NY5193505110,martf104,CUS,1,1,value,11,0,0,0,0,0,,,,,0,19350511,0,PAT01,v,NY5,0,1,0,exhibition,y,d
NY5193505110,speah101,NY5,1,9,value,27,1,0,0,0,0,,,,,1,19350511,0,PAT01,h,CUS,1,0,0,exhibition,y,d
NY5193505110,jeffh102,NY5,1,5,value,27,2,1,0,0,0,,,,,1,19350511,0,PAT01,h,CUS,1,0,0,exhibition,y,d
NY5193505110,riggb101,NY5,1,4,value,27,5,2,0,1,0,,,,,1,19350511,0,PAT01,h,CUS,1,0,0,exhibition,y,d
NY5193505110,thomc103,NY5,1,8,value,27,1,0,0,0,0,,,,,1,19350511,0,PAT01,h,CUS,1,0,0,exhibition,y,d
NY5193505110,cannw101,NY5,1,6,value,27,1,5,1,1,0,,,,,1,19350511,0,PAT01,h,CUS,1,0,0,exhibition,y,d
NY5193505110,thomd104,NY5,1,3,value,27,7,0,1,1,0,,,,,1,19350511,0,PAT01,h,CUS,1,0,0,exhibition,y,d
NY5193505110,hollc103,NY5,1,7,value,27,1,0,0,0,0,,,,,1,19350511,0,PAT01,h,CUS,1,0,0,exhibition,y,d
NY5193505110,clarb107,NY5,1,2,value,27,9,0,1,0,0,0,0,0,0,1,19350511,0,PAT01,h,CUS,1,0,0,exhibition,y,d
NY5193505110,mcheh101,NY5,1,1,value,7,0,1,0,0,0,,,,,1,19350511,0,PAT01,h,CUS,1,0,0,exhibition,y,d
NY5193505110,mcdut101,NY5,1,1,value,20,0,1,1,0,0,,,,,0,19350511,0,PAT01,h,CUS,1,0,0,exhibition,y,d
CUS193505302,speac103,NY5,1,7,value,24,2,0,,0,0,,,,,1,19350530,2,NYC23,v,CUS,0,1,0,exhibition,y,
CUS193505302,jeffh102,NY5,1,5,value,24,0,2,,0,0,,,,,1,19350530,2,NYC23,v,CUS,0,1,0,exhibition,y,
CUS193505302,chrit101,NY5,1,8,value,24,0,0,,0,0,,,,,1,19350530,2,NYC23,v,CUS,0,1,0,exhibition,y,
CUS193505302,cannw101,NY5,1,6,value,24,3,6,,2,0,,,,,,19350530,2,NYC23,v,CUS,0,1,0,exhibition,y,
CUS193505302,thomd104,NY5,1,3,value,24,12,1,,2,0,,,,,,19350530,2,NYC23,v,CUS,0,1,0,exhibition,y,
CUS193505302,speah101,NY5,1,4,value,24,2,3,,2,0,,,,,1,19350530,2,NYC23,v,CUS,0,1,0,exhibition,y,
CUS193505302,browb107,NY5,1,9,value,24,3,0,,0,0,,,,,1,19350530,2,NYC23,v,CUS,0,1,0,exhibition,y,
CUS193505302,clarb107,NY5,1,2,value,24,2,0,,0,0,0,0,1,,1,19350530,2,NYC23,v,CUS,0,1,0,exhibition,y,
CUS193505302,hollb106,NY5,1,1,value,,0,1,,0,0,,,,,1,19350530,2,NYC23,v,CUS,0,1,0,exhibition,y,
CUS193505302,rectc101,NY5,2,1,value,,0,2,,0,0,,,,,,19350530,2,NYC23,v,CUS,0,1,0,exhibition,y,
CUS193505302,vazqa102,CUS,1,7,value,27,2,2,,0,0,,,,,1,19350530,2,NYC23,h,NY5,1,0,0,exhibition,y,
CUS193505302,perej101,CUS,1,3,value,27,10,0,,1,0,,,,,1,19350530,2,NYC23,h,NY5,1,0,0,exhibition,y,
CUS193505302,vargj101,CUS,1,8,value,27,5,0,,0,0,,,,,1,19350530,2,NYC23,h,NY5,1,0,0,exhibition,y,
CUS193505302,roquj103,CUS,1,4,value,27,1,2,,1,0,,,,,1,19350530,2,NYC23,h,NY5,1,0,0,exhibition,y,
CUS193505302,etchc101,CUS,1,6,value,27,3,1,,0,0,,,,,1,19350530,2,NYC23,h,NY5,1,0,0,exhibition,y,
CUS193505302,perem102,CUS,1,5,value,27,1,2,,1,0,,,,,1,19350530,2,NYC23,h,NY5,1,0,0,exhibition,y,
CUS193505302,fabri101,CUS,1,9,value,27,2,0,,0,0,,,,,1,19350530,2,NYC23,h,NY5,1,0,0,exhibition,y,
CUS193505302,corta101,CUS,1,2,value,27,3,0,,0,0,1,1,0,,1,19350530,2,NYC23,h,NY5,1,0,0,exhibition,y,
CUS193505302,sardj101,CUS,1,1,value,27,0,2,,0,0,,,,,1,19350530,2,NYC23,h,NY5,1,0,0,exhibition,y,
NY5193505301,vazqa102,CUS,1,7,value,36,1,0,0,0,0,0,0,0,,1,19350530,1,NYC23,v,NY5,1,0,0,exhibition,y,
NY5193505301,perej101,CUS,1,3,value,36,10,1,0,0,0,0,0,0,,1,19350530,1,NYC23,v,NY5,1,0,0,exhibition,y,
NY5193505301,vargj101,CUS,1,8,value,36,7,0,0,0,0,0,0,0,,1,19350530,1,NYC23,v,NY5,1,0,0,exhibition,y,
NY5193505301,roquj103,CUS,1,4,value,36,2,4,0,0,0,0,0,0,,1,19350530,1,NYC23,v,NY5,1,0,0,exhibition,y,
NY5193505301,etchc101,CUS,1,6,value,36,4,3,0,0,0,0,0,0,,1,19350530,1,NYC23,v,NY5,1,0,0,exhibition,y,
NY5193505301,perem102,CUS,1,5,value,,2,2,0,0,0,0,0,0,,1,19350530,1,NYC23,v,NY5,1,0,0,exhibition,y,
NY5193505301,fabri101,CUS,1,9,value,36,4,0,0,0,0,0,0,0,,1,19350530,1,NYC23,v,NY5,1,0,0,exhibition,y,
NY5193505301,fernj101,CUS,1,2,value,36,3,2,0,0,0,0,0,3,,1,19350530,1,NYC23,v,NY5,1,0,0,exhibition,y,
NY5193505301,miraj102,CUS,1,1,value,36,3,1,0,0,0,0,0,0,,1,19350530,1,NYC23,v,NY5,1,0,0,exhibition,y,
NY5193505301,speac103,NY5,1,9,value,36,3,0,,0,0,0,0,0,,1,19350530,1,NYC23,h,CUS,0,1,0,exhibition,y,
NY5193505301,jeffh102,NY5,1,5,value,36,1,2,,0,0,0,0,0,,1,19350530,1,NYC23,h,CUS,0,1,0,exhibition,y,
NY5193505301,riggb101,NY5,1,4,value,36,2,1,,0,0,0,0,0,,1,19350530,1,NYC23,h,CUS,0,1,0,exhibition,y,
NY5193505301,cannw101,NY5,1,6,value,36,1,3,,0,0,0,0,0,,1,19350530,1,NYC23,h,CUS,0,1,0,exhibition,y,
NY5193505301,hollc103,NY5,1,8,value,,1,0,,0,0,0,0,0,,1,19350530,1,NYC23,h,CUS,0,1,0,exhibition,y,
NY5193505301,speah101,NY5,1,7,value,36,8,0,,0,0,0,0,0,,1,19350530,1,NYC23,h,CUS,0,1,0,exhibition,y,
NY5193505301,thomd104,NY5,1,3,value,36,13,1,,0,0,0,0,0,,1,19350530,1,NYC23,h,CUS,0,1,0,exhibition,y,
NY5193505301,clarb107,NY5,1,2,value,36,5,2,,0,0,0,0,0,,1,19350530,1,NYC23,h,CUS,0,1,0,exhibition,y,
NY5193505301,hubbj101,NY5,1,1,value,36,0,0,,0,0,0,0,0,,1,19350530,1,NYC23,h,CUS,0,1,0,exhibition,y,
NY5193505301,chrit101,NY5,2,8,value,,2,0,,0,0,0,0,0,,,19350530,1,NYC23,h,CUS,0,1,0,exhibition,y,
NY5193505301,browb107,NY5,3,8,value,,0,0,,0,0,0,0,0,,,19350530,1,NYC23,h,CUS,0,1,0,exhibition,y,
NY5193506150,vazqa102,CUS,1,9,value,24,0,0,0,0,0,,,,,1,19350615,0,PAT01,v,NY5,1,0,0,exhibition,y,d
NY5193506150,perej101,CUS,1,3,value,24,10,0,0,1,0,,,,,1,19350615,0,PAT01,v,NY5,1,0,0,exhibition,y,d
NY5193506150,vargj101,CUS,1,8,value,24,5,0,0,0,0,,,,,1,19350615,0,PAT01,v,NY5,1,0,0,exhibition,y,d
NY5193506150,rojar101,CUS,1,7,value,24,0,0,0,0,0,,,,,1,19350615,0,PAT01,v,NY5,1,0,0,exhibition,y,d
NY5193506150,fernj101,CUS,1,2,value,24,3,1,0,0,0,0,0,0,1,1,19350615,0,PAT01,v,NY5,1,0,0,exhibition,y,d
NY5193506150,perem102,CUS,1,5,value,24,4,1,0,0,0,,,,,1,19350615,0,PAT01,v,NY5,1,0,0,exhibition,y,d
NY5193506150,etchc101,CUS,1,4,value,24,1,3,0,0,0,,,,,1,19350615,0,PAT01,v,NY5,1,0,0,exhibition,y,d
NY5193506150,rodra102,CUS,1,6,value,12,1,3,0,1,0,,,,,1,19350615,0,PAT01,v,NY5,1,0,0,exhibition,y,d
NY5193506150,abrej103,CUS,1,6,value,12,0,1,0,0,0,,,,,0,19350615,0,PAT01,v,NY5,1,0,0,exhibition,y,d
NY5193506150,sardj101,CUS,1,1,value,24,0,1,0,0,0,,,,,1,19350615,0,PAT01,v,NY5,1,0,0,exhibition,y,d
NY5193506150,hollc103,NY5,1,9,value,24,1,0,0,0,0,,,,,1,19350615,0,PAT01,h,CUS,0,1,0,exhibition,y,d
NY5193506150,jeffh102,NY5,1,5,value,12,0,0,1,0,0,,,,,1,19350615,0,PAT01,h,CUS,0,1,0,exhibition,y,d
NY5193506150,speah101,NY5,1,4,value,12,1,2,0,0,0,,,,,0,19350615,0,PAT01,h,CUS,0,1,0,exhibition,y,d
NY5193506150,riggb101,NY5,1,4,value,12,2,0,1,0,0,,,,,1,19350615,0,PAT01,h,CUS,0,1,0,exhibition,y,d
NY5193506150,riggb101,NY5,2,5,value,12,0,0,1,0,0,,,,,0,19350615,0,PAT01,h,CUS,0,1,0,exhibition,y,d
NY5193506150,chrit101,NY5,1,7,value,24,0,0,0,0,0,,,,,1,19350615,0,PAT01,h,CUS,0,1,0,exhibition,y,d
NY5193506150,thomd104,NY5,1,3,value,24,10,0,2,0,0,,,,,1,19350615,0,PAT01,h,CUS,0,1,0,exhibition,y,d
NY5193506150,cannw101,NY5,1,6,value,24,1,3,0,0,0,,,,,1,19350615,0,PAT01,h,CUS,0,1,0,exhibition,y,d
NY5193506150,washp101,NY5,1,8,value,24,1,0,2,0,0,,,,,1,19350615,0,PAT01,h,CUS,0,1,0,exhibition,y,d
NY5193506150,clarb107,NY5,1,2,value,24,8,2,0,0,0,0,0,0,0,1,19350615,0,PAT01,h,CUS,0,1,0,exhibition,y,d
NY5193506150,rectc101,NY5,1,1,value,24,0,2,0,0,0,,,,,1,19350615,0,PAT01,h,CUS,0,1,0,exhibition,y,d
NY5193506240,vazqa102,CUS,1,7,value,24,0,0,0,0,0,,,,,1,19350624,0,MID04,v,NY5,0,1,0,exhibition,y,d
NY5193506240,perej101,CUS,1,3,value,24,1,0,0,0,0,,,,,1,19350624,0,MID04,v,NY5,0,1,0,exhibition,y,d
NY5193506240,perem102,CUS,1,5,value,24,1,0,0,0,0,,,,,1,19350624,0,MID04,v,NY5,0,1,0,exhibition,y,d
NY5193506240,rojar101,CUS,1,9,value,24,0,1,0,0,0,,,,,1,19350624,0,MID04,v,NY5,0,1,0,exhibition,y,d
NY5193506240,fernj101,CUS,1,2,value,24,0,0,1,0,0,0,0,4,0,1,19350624,0,MID04,v,NY5,0,1,0,exhibition,y,d
NY5193506240,etchc101,CUS,1,4,value,24,0,0,0,0,0,,,,,1,19350624,0,MID04,v,NY5,0,1,0,exhibition,y,d
NY5193506240,vargj101,CUS,1,8,value,24,0,0,0,0,0,,,,,1,19350624,0,MID04,v,NY5,0,1,0,exhibition,y,d
NY5193506240,rodra102,CUS,1,6,value,24,0,0,1,0,0,,,,,1,19350624,0,MID04,v,NY5,0,1,0,exhibition,y,d
NY5193506240,sardj101,CUS,1,1,value,24,0,0,0,0,0,,,,,1,19350624,0,MID04,v,NY5,0,1,0,exhibition,y,d
NY5193506240,speac103,NY5,1,7,value,27,0,0,0,0,0,,,,,1,19350624,0,MID04,h,CUS,1,0,0,exhibition,y,d
NY5193506240,speah101,NY5,1,4,value,27,0,0,0,0,0,,,,,1,19350624,0,MID04,h,CUS,1,0,0,exhibition,y,d
NY5193506240,hollc103,NY5,1,9,value,27,0,0,0,0,0,,,,,1,19350624,0,MID04,h,CUS,1,0,0,exhibition,y,d
NY5193506240,chrit101,NY5,1,2,value,27,0,0,0,0,0,0,0,0,0,1,19350624,0,MID04,h,CUS,1,0,0,exhibition,y,d
NY5193506240,thomd104,NY5,1,3,value,27,1,0,0,0,0,,,,,1,19350624,0,MID04,h,CUS,1,0,0,exhibition,y,d
NY5193506240,cannw101,NY5,1,6,value,27,0,0,1,0,0,,,,,1,19350624,0,MID04,h,CUS,1,0,0,exhibition,y,d
NY5193506240,riggb101,NY5,1,5,value,27,0,0,0,0,0,,,,,1,19350624,0,MID04,h,CUS,1,0,0,exhibition,y,d
NY5193506240,washp101,NY5,1,8,value,27,0,0,0,0,0,,,,,1,19350624,0,MID04,h,CUS,1,0,0,exhibition,y,d
NY5193506240,hollb106,NY5,1,1,value,27,0,1,0,0,0,,,,,1,19350624,0,MID04,h,CUS,1,0,0,exhibition,y,d
CUS193507042,speac103,NY5,1,9,value,27,2,0,0,,,,,,,1,19350704,2,NYC23,v,CUS,1,0,0,exhibition,y,
CUS193507042,johnj109,NY5,1,7,value,21,0,0,0,,,,,,,1,19350704,2,NYC23,v,CUS,1,0,0,exhibition,y,
CUS193507042,speah101,NY5,1,8,value,6,0,0,0,,,,,,,,19350704,2,NYC23,v,CUS,1,0,0,exhibition,y,
CUS193507042,cannw101,NY5,1,4,value,27,2,3,0,,,,,,,1,19350704,2,NYC23,v,CUS,1,0,0,exhibition,y,
CUS193507042,thomd104,NY5,1,3,value,27,8,0,0,,,,,,,1,19350704,2,NYC23,v,CUS,1,0,0,exhibition,y,
CUS193507042,brooa101,NY5,1,2,value,27,5,0,0,,,,,,,1,19350704,2,NYC23,v,CUS,1,0,0,exhibition,y,
CUS193507042,adamp101,NY5,1,6,value,27,3,5,1,,,,,,,1,19350704,2,NYC23,v,CUS,1,0,0,exhibition,y,
CUS193507042,jeffh102,NY5,1,5,value,27,3,0,0,,,,,,,1,19350704,2,NYC23,v,CUS,1,0,0,exhibition,y,
CUS193507042,washp101,NY5,1,8,value,21,3,0,1,,,,,,,1,19350704,2,NYC23,v,CUS,1,0,0,exhibition,y,
CUS193507042,chrit101,NY5,1,7,value,6,1,0,0,,,,,,,,19350704,2,NYC23,v,CUS,1,0,0,exhibition,y,
CUS193507042,mcdut101,NY5,1,1,value,27,0,1,0,,,,,,,1,19350704,2,NYC23,v,CUS,1,0,0,exhibition,y,
CUS193507042,vazqa102,CUS,1,7,value,27,2,0,0,,,,,,,1,19350704,2,NYC23,h,NY5,0,1,0,exhibition,y,
CUS193507042,masss101,CUS,1,3,value,12,7,0,1,,,,,,,1,19350704,2,NYC23,h,NY5,0,1,0,exhibition,y,
CUS193507042,fernj101,CUS,1,3,value,15,6,0,0,,,,,,,,19350704,2,NYC23,h,NY5,0,1,0,exhibition,y,
CUS193507042,etchc101,CUS,1,5,value,27,1,1,1,,,,,,,1,19350704,2,NYC23,h,NY5,0,1,0,exhibition,y,
CUS193507042,roquj103,CUS,1,9,value,27,5,1,0,,,,,,,1,19350704,2,NYC23,h,NY5,0,1,0,exhibition,y,
CUS193507042,corta101,CUS,1,2,value,27,2,1,0,,,,,,,1,19350704,2,NYC23,h,NY5,0,1,0,exhibition,y,
CUS193507042,vargj101,CUS,1,8,value,,1,0,1,,,,,,,1,19350704,2,NYC23,h,NY5,0,1,0,exhibition,y,
CUS193507042,rodra102,CUS,1,6,value,27,2,3,0,,,,,,,1,19350704,2,NYC23,h,NY5,0,1,0,exhibition,y,
CUS193507042,abrej103,CUS,1,4,value,27,1,4,1,,,,,,,1,19350704,2,NYC23,h,NY5,0,1,0,exhibition,y,
CUS193507042,miraj102,CUS,1,1,value,,0,1,0,,,,,,,1,19350704,2,NYC23,h,NY5,0,1,0,exhibition,y,
CUS193507042,miraj102,CUS,2,8,value,,0,0,0,,,,,,,,19350704,2,NYC23,h,NY5,0,1,0,exhibition,y,
CUS193507042,sardj101,CUS,1,1,value,,0,2,0,,,,,,,,19350704,2,NYC23,h,NY5,0,1,0,exhibition,y,
NY5193507041,vazqa102,CUS,1,7,value,25,3,0,3,,,,,,,1,19350704,1,NYC23,v,NY5,0,1,0,exhibition,y,
NY5193507041,perej101,CUS,1,3,value,25,10,0,0,,,,,,,1,19350704,1,NYC23,v,NY5,0,1,0,exhibition,y,
NY5193507041,etchc101,CUS,1,5,value,25,1,1,0,,,,,,,1,19350704,1,NYC23,v,NY5,0,1,0,exhibition,y,
NY5193507041,roquj103,CUS,1,4,value,,0,0,1,,,,,,,1,19350704,1,NYC23,v,NY5,0,1,0,exhibition,y,
NY5193507041,roquj103,CUS,2,9,value,,0,0,0,,,,,,,,19350704,1,NYC23,v,NY5,0,1,0,exhibition,y,
NY5193507041,fernj101,CUS,1,2,value,25,3,0,1,,,,,,,1,19350704,1,NYC23,v,NY5,0,1,0,exhibition,y,
NY5193507041,vargj101,CUS,1,8,value,25,2,0,0,,,,,,,1,19350704,1,NYC23,v,NY5,0,1,0,exhibition,y,
NY5193507041,rodra102,CUS,1,6,value,25,3,6,1,,,,,,,1,19350704,1,NYC23,v,NY5,0,1,0,exhibition,y,
NY5193507041,novat101,CUS,1,9,value,,1,0,0,,,,,,,1,19350704,1,NYC23,v,NY5,0,1,0,exhibition,y,
NY5193507041,abrej103,CUS,1,4,value,,1,0,0,,,,,,,,19350704,1,NYC23,v,NY5,0,1,0,exhibition,y,
NY5193507041,martf104,CUS,1,1,value,9,0,0,0,,,,,,,1,19350704,1,NYC23,v,NY5,0,1,0,exhibition,y,
NY5193507041,sardj101,CUS,1,1,value,1,0,0,0,,,,,,,,19350704,1,NYC23,v,NY5,0,1,0,exhibition,y,
NY5193507041,fabri101,CUS,1,1,value,15,0,0,1,,,,,,,,19350704,1,NYC23,v,NY5,0,1,0,exhibition,y,
NY5193507041,fabri101,CUS,2,9,value,10,1,0,1,,,,,,,,19350704,1,NYC23,v,NY5,0,1,0,exhibition,y,
NY5193507041,speac103,NY5,1,9,value,27,3,0,0,,,,,,,1,19350704,1,NYC23,h,CUS,1,0,0,exhibition,y,
NY5193507041,johnj109,NY5,1,7,value,27,1,0,0,,,,,,,1,19350704,1,NYC23,h,CUS,1,0,0,exhibition,y,
NY5193507041,cannw101,NY5,1,4,value,,2,1,1,,,,,,,1,19350704,1,NYC23,h,CUS,1,0,0,exhibition,y,
NY5193507041,cannw101,NY5,2,6,value,,0,0,0,,,,,,,,19350704,1,NYC23,h,CUS,1,0,0,exhibition,y,
NY5193507041,thomd104,NY5,1,3,value,27,7,1,0,,,,,,,1,19350704,1,NYC23,h,CUS,1,0,0,exhibition,y,
NY5193507041,brooa101,NY5,1,2,value,27,10,0,3,,,,,,,1,19350704,1,NYC23,h,CUS,1,0,0,exhibition,y,
NY5193507041,adamp101,NY5,1,6,value,27,2,1,1,,,,,,,1,19350704,1,NYC23,h,CUS,1,0,0,exhibition,y,
NY5193507041,chrit101,NY5,1,4,value,,0,2,0,,,,,,,,19350704,1,NYC23,h,CUS,1,0,0,exhibition,y,
NY5193507041,jeffh102,NY5,1,5,value,27,1,3,0,,,,,,,1,19350704,1,NYC23,h,CUS,1,0,0,exhibition,y,
NY5193507041,washp101,NY5,1,8,value,27,0,1,0,,,,,,,1,19350704,1,NYC23,h,CUS,1,0,0,exhibition,y,
NY5193507041,browb107,NY5,1,1,value,13,1,1,0,,,,,,,1,19350704,1,NYC23,h,CUS,1,0,0,exhibition,y,
NY5193507041,mcheh101,NY5,1,1,value,1,0,0,0,,,,,,,,19350704,1,NYC23,h,CUS,1,0,0,exhibition,y,
NY5193507041,hubbj101,NY5,1,1,value,13,0,0,0,,,,,,,,19350704,1,NYC23,h,CUS,1,0,0,exhibition,y,
CUS193508041,johnj109,NY5,1,8,value,27,1,0,0,0,0,,,,,1,19350804,1,NYC25,v,CUS,1,0,0,exhibition,y,d
CUS193508041,jeffh102,NY5,1,5,value,27,0,2,0,0,0,,,,,1,19350804,1,NYC25,v,CUS,1,0,0,exhibition,y,d
CUS193508041,cannw101,NY5,1,3,value,27,8,2,0,0,0,,,,,1,19350804,1,NYC25,v,CUS,1,0,0,exhibition,y,d
CUS193508041,chrit101,NY5,1,7,value,27,1,0,0,0,0,,,,,1,19350804,1,NYC25,v,CUS,1,0,0,exhibition,y,d
CUS193508041,adamp101,NY5,1,6,value,27,1,2,0,0,0,,,,,1,19350804,1,NYC25,v,CUS,1,0,0,exhibition,y,d
CUS193508041,speah101,NY5,1,9,value,27,2,1,0,0,0,,,,,1,19350804,1,NYC25,v,CUS,1,0,0,exhibition,y,d
CUS193508041,clarb107,NY5,1,2,value,27,11,1,0,0,0,0,0,0,0,1,19350804,1,NYC25,v,CUS,1,0,0,exhibition,y,d
CUS193508041,browb107,NY5,1,1,value,27,0,2,0,0,0,,,,,1,19350804,1,NYC25,v,CUS,1,0,0,exhibition,y,d
CUS193508041,gilcd101,NY5,1,4,value,27,3,4,0,0,0,,,,,1,19350804,1,NYC25,v,CUS,1,0,0,exhibition,y,d
CUS193508041,vazqa102,CUS,1,7,value,24,3,0,0,0,0,,,,,1,19350804,1,NYC25,h,NY5,0,1,0,exhibition,y,d
CUS193508041,corta101,CUS,1,7,value,3,0,0,0,0,0,,,,,0,19350804,1,NYC25,h,NY5,0,1,0,exhibition,y,d
CUS193508041,vargj101,CUS,1,8,value,27,1,0,0,0,0,,,,,1,19350804,1,NYC25,h,NY5,0,1,0,exhibition,y,d
CUS193508041,novat101,CUS,1,6,value,27,0,0,0,0,0,,,,,1,19350804,1,NYC25,h,NY5,0,1,0,exhibition,y,d
CUS193508041,etchc101,CUS,1,4,value,27,2,4,0,0,0,,,,,1,19350804,1,NYC25,h,NY5,0,1,0,exhibition,y,d
CUS193508041,fernj101,CUS,1,2,value,27,4,0,0,0,0,0,0,0,0,1,19350804,1,NYC25,h,NY5,0,1,0,exhibition,y,d
CUS193508041,roquj103,CUS,1,9,value,27,3,0,0,0,0,,,,,1,19350804,1,NYC25,h,NY5,0,1,0,exhibition,y,d
CUS193508041,perem102,CUS,1,5,value,27,1,2,0,0,0,,,,,1,19350804,1,NYC25,h,NY5,0,1,0,exhibition,y,d
CUS193508041,perej101,CUS,1,3,value,27,13,0,0,0,0,,,,,1,19350804,1,NYC25,h,NY5,0,1,0,exhibition,y,d
CUS193508041,fabri101,CUS,1,1,value,27,0,2,0,0,0,,,,,1,19350804,1,NYC25,h,NY5,0,1,0,exhibition,y,d
NY5193508042,vazqa102,CUS,1,7,value,27,4,0,0,0,,,,,,1,19350804,2,NYC25,v,NY5,1,0,0,exhibition,y,
NY5193508042,vargj101,CUS,1,8,value,27,3,0,0,0,,,,,,1,19350804,2,NYC25,v,NY5,1,0,0,exhibition,y,
NY5193508042,perem102,CUS,1,5,value,,0,0,0,0,,,,,,1,19350804,2,NYC25,v,NY5,1,0,0,exhibition,y,
NY5193508042,abrej103,CUS,2,5,value,,2,0,0,0,,,,,,,19350804,2,NYC25,v,NY5,1,0,0,exhibition,y,
NY5193508042,roquj103,CUS,1,9,value,27,3,0,1,0,,,,,,1,19350804,2,NYC25,v,NY5,1,0,0,exhibition,y,
NY5193508042,corta101,CUS,1,2,value,27,3,1,0,0,,,,,,1,19350804,2,NYC25,v,NY5,1,0,0,exhibition,y,
NY5193508042,etchc101,CUS,1,4,value,27,0,3,1,0,,,,,,1,19350804,2,NYC25,v,NY5,1,0,0,exhibition,y,
NY5193508042,perej101,CUS,1,3,value,27,11,0,0,0,,,,,,1,19350804,2,NYC25,v,NY5,1,0,0,exhibition,y,
NY5193508042,rodra102,CUS,1,6,value,27,1,2,0,0,,,,,,1,19350804,2,NYC25,v,NY5,1,0,0,exhibition,y,
NY5193508042,sardj101,CUS,1,1,value,27,0,2,0,0,,,,,,1,19350804,2,NYC25,v,NY5,1,0,0,exhibition,y,
NY5193508042,johnj109,NY5,1,7,value,27,2,1,1,0,,,,,,1,19350804,2,NYC25,h,CUS,0,1,0,exhibition,y,
NY5193508042,speah101,NY5,1,5,value,27,1,3,0,0,,,,,,1,19350804,2,NYC25,h,CUS,0,1,0,exhibition,y,
NY5193508042,cannw101,NY5,1,3,value,27,8,0,0,1,,,,,,1,19350804,2,NYC25,h,CUS,0,1,0,exhibition,y,
NY5193508042,chrit101,NY5,1,8,value,27,1,0,0,0,,,,,,1,19350804,2,NYC25,h,CUS,0,1,0,exhibition,y,
NY5193508042,adamp101,NY5,1,6,value,27,0,1,0,0,,,,,,1,19350804,2,NYC25,h,CUS,0,1,0,exhibition,y,
NY5193508042,browb107,NY5,1,9,value,27,2,0,0,0,,,,,,1,19350804,2,NYC25,h,CUS,0,1,0,exhibition,y,
NY5193508042,clarb107,NY5,1,2,value,27,10,0,0,0,,,,,,1,19350804,2,NYC25,h,CUS,0,1,0,exhibition,y,
NY5193508042,hubbj101,NY5,1,1,value,,0,1,0,0,,,,,,,19350804,2,NYC25,h,CUS,0,1,0,exhibition,y,
NY5193508042,gilcd101,NY5,1,4,value,27,3,2,0,1,,,,,,1,19350804,2,NYC25,h,CUS,0,1,0,exhibition,y,
NY5193508042,mcdut101,NY5,2,1,value,,0,0,0,0,,,,,,,19350804,2,NYC25,h,CUS,0,1,0,exhibition,y,
NY5193508042,mcheh101,NY5,3,1,value,,0,1,0,0,,,,,,,19350804,2,NYC25,h,CUS,0,1,0,exhibition,y,
NY5193508090,vazqa102,CUS,1,7,value,24,1,1,0,0,0,,,,,1,19350809,0,MLB01,v,NY5,0,1,0,exhibition,y,d
NY5193508090,perej101,CUS,1,3,value,24,12,1,0,1,0,,,,,1,19350809,0,MLB01,v,NY5,0,1,0,exhibition,y,d
NY5193508090,vargj101,CUS,1,8,value,24,2,0,0,0,0,,,,,1,19350809,0,MLB01,v,NY5,0,1,0,exhibition,y,d
NY5193508090,fernj101,CUS,1,2,value,24,5,0,0,0,0,0,0,2,0,1,19350809,0,MLB01,v,NY5,0,1,0,exhibition,y,d
NY5193508090,etchc101,CUS,1,4,value,24,1,3,0,0,0,,,,,1,19350809,0,MLB01,v,NY5,0,1,0,exhibition,y,d
NY5193508090,abrej103,CUS,1,5,value,24,0,2,0,0,0,,,,,1,19350809,0,MLB01,v,NY5,0,1,0,exhibition,y,d
NY5193508090,novat101,CUS,1,9,value,24,0,0,0,0,0,,,,,1,19350809,0,MLB01,v,NY5,0,1,0,exhibition,y,d
NY5193508090,rodra102,CUS,1,6,value,24,3,5,0,1,0,,,,,1,19350809,0,MLB01,v,NY5,0,1,0,exhibition,y,d
NY5193508090,miraj102,CUS,1,1,value,24,0,2,0,0,0,,,,,1,19350809,0,MLB01,v,NY5,0,1,0,exhibition,y,d
NY5193508090,johnj109,NY5,1,8,value,27,3,0,0,0,0,,,,,1,19350809,0,MLB01,h,CUS,1,0,0,exhibition,y,d
NY5193508090,speac103,NY5,1,9,value,27,0,0,0,0,0,,,,,1,19350809,0,MLB01,h,CUS,1,0,0,exhibition,y,d
NY5193508090,browb107,NY5,1,7,value,27,2,0,0,0,0,,,,,1,19350809,0,MLB01,h,CUS,1,0,0,exhibition,y,d
NY5193508090,chrit101,NY5,1,2,value,27,5,2,0,0,0,0,0,1,0,1,19350809,0,MLB01,h,CUS,1,0,0,exhibition,y,d
NY5193508090,adamp101,NY5,1,6,value,27,4,2,1,1,0,,,,,1,19350809,0,MLB01,h,CUS,1,0,0,exhibition,y,d
NY5193508090,clarb107,NY5,1,3,value,27,6,0,0,1,0,,,,,1,19350809,0,MLB01,h,CUS,1,0,0,exhibition,y,d
NY5193508090,jeffh102,NY5,1,5,value,27,4,1,1,0,0,,,,,1,19350809,0,MLB01,h,CUS,1,0,0,exhibition,y,d
NY5193508090,gilcd101,NY5,1,4,value,27,3,1,0,1,0,,,,,1,19350809,0,MLB01,h,CUS,1,0,0,exhibition,y,d
NY5193508090,rectc101,NY5,1,1,value,27,0,2,0,0,0,,,,,1,19350809,0,MLB01,h,CUS,1,0,0,exhibition,y,d
PH5193608250,alvaa101,CUS,1,7,value,24,0,0,,,,,,,,1,19360825,0,PHI17,v,PH5,0,1,0,regular,y,
PH5193608250,rodrm102,CUS,1,5,value,24,0,0,,,,,,,,1,19360825,0,PHI17,v,PH5,0,1,0,regular,y,
PH5193608250,veitm101,CUS,1,6,value,24,4,3,,,,,,,,1,19360825,0,PHI17,v,PH5,0,1,0,regular,y,
PH5193608250,perej101,CUS,1,4,value,24,4,2,,,,,,,,1,19360825,0,PHI17,v,PH5,0,1,0,regular,y,
PH5193608250,delgc101,CUS,1,9,value,24,4,0,,,,,,,,1,19360825,0,PHI17,v,PH5,0,1,0,regular,y,
PH5193608250,fernj101,CUS,1,2,value,24,7,2,,,,,,,,1,19360825,0,PHI17,v,PH5,0,1,0,regular,y,
PH5193608250,lopec102,CUS,1,8,value,24,2,0,,,,,,,,1,19360825,0,PHI17,v,PH5,0,1,0,regular,y,
PH5193608250,rojoj101,CUS,1,3,value,24,3,1,,,,,,,,1,19360825,0,PHI17,v,PH5,0,1,0,regular,y,
PH5193608250,diazh101,CUS,1,1,value,24,0,0,,,,,,,,1,19360825,0,PHI17,v,PH5,0,1,0,regular,y,
PH5193608250,paget101,PH5,1,9,value,27,0,0,,,,,,,,1,19360825,0,PHI17,h,CUS,1,0,0,regular,y,
PH5193608250,parnr102,PH5,1,7,value,27,0,0,,,,,,,,1,19360825,0,PHI17,h,CUS,1,0,0,regular,y,
PH5193608250,steat101,PH5,1,8,value,27,1,0,,,,,,,,1,19360825,0,PHI17,h,CUS,1,0,0,regular,y,
PH5193608250,scotj105,PH5,1,3,value,27,10,0,,,,,,,,1,19360825,0,PHI17,h,CUS,1,0,0,regular,y,
PH5193608250,cread101,PH5,1,5,value,27,1,2,,,,,,,,1,19360825,0,PHI17,h,CUS,1,0,0,regular,y,
PH5193608250,casem101,PH5,1,2,value,27,12,0,,,,,,,,1,19360825,0,PHI17,h,CUS,1,0,0,regular,y,
PH5193608250,lacko101,PH5,1,4,value,27,2,2,,,,,,,,1,19360825,0,PHI17,h,CUS,1,0,0,regular,y,
PH5193608250,dunnj104,PH5,1,6,value,27,1,3,,,,,,,,1,19360825,0,PHI17,h,CUS,1,0,0,regular,y,
PH5193608250,bevec101,PH5,1,1,value,27,0,1,,,,,,,,1,19360825,0,PHI17,h,CUS,1,0,0,regular,y,
BRG193609040,alvaa101,CUS,1,7,value,24,1,0,0,0,,,,0,,1,19360904,0,TRE01,v,BRG,0,1,0,exhibition,y,
BRG193609040,rodrm102,CUS,1,5,value,24,2,0,0,0,,,,0,,1,19360904,0,TRE01,v,BRG,0,1,0,exhibition,y,
BRG193609040,veitm101,CUS,1,6,value,24,0,4,1,0,,,,0,,1,19360904,0,TRE01,v,BRG,0,1,0,exhibition,y,
BRG193609040,perej101,CUS,1,4,value,24,3,3,0,0,,,,0,,1,19360904,0,TRE01,v,BRG,0,1,0,exhibition,y,
BRG193609040,lopec102,CUS,1,8,value,24,1,0,0,0,,,,0,,1,19360904,0,TRE01,v,BRG,0,1,0,exhibition,y,
BRG193609040,solim102,CUS,1,9,value,24,1,0,0,0,,,,0,,1,19360904,0,TRE01,v,BRG,0,1,0,exhibition,y,
BRG193609040,rojoj101,CUS,1,2,value,24,9,0,0,0,,,,1,,1,19360904,0,TRE01,v,BRG,0,1,0,exhibition,y,
BRG193609040,masss101,CUS,1,3,value,24,7,0,0,0,,,,0,,1,19360904,0,TRE01,v,BRG,0,1,0,exhibition,y,
BRG193609040,martf104,CUS,1,1,value,24,0,1,0,0,,,,0,,1,19360904,0,TRE01,v,BRG,0,1,0,exhibition,y,
BRG193609040,grayw101,BRG,1,9,value,27,3,0,0,0,,,,0,,1,19360904,0,TRE01,h,CUS,1,0,0,exhibition,y,
BRG193609040,hendc102,BRG,1,4,value,27,2,2,1,1,,,,0,,1,19360904,0,TRE01,h,CUS,1,0,0,exhibition,y,
BRG193609040,washp101,BRG,1,8,value,27,3,0,0,0,,,,0,,1,19360904,0,TRE01,h,CUS,1,0,0,exhibition,y,
BRG193609040,whitc103,BRG,1,7,value,27,3,0,0,0,,,,0,,1,19360904,0,TRE01,h,CUS,1,0,0,exhibition,y,
BRG193609040,rilee101,BRG,1,3,value,27,11,0,0,1,,,,0,,1,19360904,0,TRE01,h,CUS,1,0,0,exhibition,y,
BRG193609040,albej101,BRG,1,5,value,27,1,4,0,0,,,,0,,1,19360904,0,TRE01,h,CUS,1,0,0,exhibition,y,
BRG193609040,lewij103,BRG,1,2,value,27,2,0,1,0,,,,0,,1,19360904,0,TRE01,h,CUS,1,0,0,exhibition,y,
BRG193609040,johnb113,BRG,1,6,value,27,2,6,0,1,,,,0,,1,19360904,0,TRE01,h,CUS,1,0,0,exhibition,y,
BRG193609040,reddd101,BRG,1,1,value,27,0,0,1,0,,,,0,,1,19360904,0,TRE01,h,CUS,1,0,0,exhibition,y,
BRG193609071,alvaa101,CUS,1,7,value,27,4,0,0,0,0,,,,,1,19360907,1,NYC28,v,BRG,1,0,0,exhibition,y,
BRG193609071,rodrm102,CUS,1,6,value,27,2,1,0,1,0,,,,,1,19360907,1,NYC28,v,BRG,1,0,0,exhibition,y,
BRG193609071,veitm101,CUS,1,5,value,27,1,1,0,0,0,,,,,1,19360907,1,NYC28,v,BRG,1,0,0,exhibition,y,
BRG193609071,perej101,CUS,1,3,value,27,9,1,0,1,0,,,,,1,19360907,1,NYC28,v,BRG,1,0,0,exhibition,y,
BRG193609071,lopec102,CUS,1,8,value,27,0,1,0,0,0,,,,,1,19360907,1,NYC28,v,BRG,1,0,0,exhibition,y,
BRG193609071,rojoj101,CUS,1,2,value,27,4,0,0,0,0,,,0,,1,19360907,1,NYC28,v,BRG,1,0,0,exhibition,y,
BRG193609071,delgc101,CUS,1,9,value,27,4,0,0,0,0,,,,,1,19360907,1,NYC28,v,BRG,1,0,0,exhibition,y,
BRG193609071,solim102,CUS,1,4,value,27,3,2,0,0,0,,,,,1,19360907,1,NYC28,v,BRG,1,0,0,exhibition,y,
BRG193609071,fernj101,CUS,1,1,value,27,0,2,0,0,0,,,,,1,19360907,1,NYC28,v,BRG,1,0,0,exhibition,y,
BRG193609071,hollc103,BRG,1,9,value,27,7,1,0,0,0,,,,,1,19360907,1,NYC28,h,CUS,0,1,0,exhibition,y,
BRG193609071,hendc102,BRG,1,4,value,,3,1,1,0,0,,,,,1,19360907,1,NYC28,h,CUS,0,1,0,exhibition,y,
BRG193609071,hendc102,BRG,2,6,value,,0,0,0,0,0,,,,,,19360907,1,NYC28,h,CUS,0,1,0,exhibition,y,
BRG193609071,washp101,BRG,1,8,value,27,4,0,0,0,0,,,,,1,19360907,1,NYC28,h,CUS,0,1,0,exhibition,y,
BRG193609071,whitc103,BRG,1,7,value,27,1,0,0,0,0,,,,,1,19360907,1,NYC28,h,CUS,0,1,0,exhibition,y,
BRG193609071,rilee101,BRG,1,3,value,27,5,1,0,1,0,,,,,1,19360907,1,NYC28,h,CUS,0,1,0,exhibition,y,
BRG193609071,lewic103,BRG,1,2,value,27,2,0,1,0,0,,,3,,1,19360907,1,NYC28,h,CUS,0,1,0,exhibition,y,
BRG193609071,albej101,BRG,1,5,value,27,0,1,1,0,0,,,,,1,19360907,1,NYC28,h,CUS,0,1,0,exhibition,y,
BRG193609071,johnb113,BRG,1,6,value,27,4,3,2,1,0,,,,,1,19360907,1,NYC28,h,CUS,0,1,0,exhibition,y,
BRG193609071,brooa101,BRG,1,4,value,,0,0,0,0,0,,,,,,19360907,1,NYC28,h,CUS,0,1,0,exhibition,y,
BRG193609071,grayw101,BRG,1,1,value,5,0,0,0,0,0,,,,,1,19360907,1,NYC28,h,CUS,0,1,0,exhibition,y,
BRG193609071,baila101,BRG,1,1,value,2,0,0,0,0,0,,,,,,19360907,1,NYC28,h,CUS,0,1,0,exhibition,y,
BRG193609071,staro101,BRG,1,1,value,20,1,1,0,0,0,,,,,,19360907,1,NYC28,h,CUS,0,1,0,exhibition,y,
BRG193609072,alvaa101,CUS,1,7,value,24,2,0,0,0,0,,,0,,1,19360907,2,NYC28,v,BRG,0,1,0,exhibition,y,
BRG193609072,rodrm102,CUS,1,6,value,24,2,4,0,0,0,,,0,,1,19360907,2,NYC28,v,BRG,0,1,0,exhibition,y,
BRG193609072,veitm101,CUS,1,5,value,24,1,0,0,0,0,,,0,,1,19360907,2,NYC28,v,BRG,0,1,0,exhibition,y,
BRG193609072,perej101,CUS,1,3,value,24,12,1,0,0,0,,,0,,1,19360907,2,NYC28,v,BRG,0,1,0,exhibition,y,
BRG193609072,lopec102,CUS,1,8,value,24,0,0,0,0,0,,,0,,1,19360907,2,NYC28,v,BRG,0,1,0,exhibition,y,
BRG193609072,rojoj101,CUS,1,2,value,24,4,0,0,0,0,,,1,,1,19360907,2,NYC28,v,BRG,0,1,0,exhibition,y,
BRG193609072,delgc101,CUS,1,9,value,24,1,0,0,0,0,,,0,,1,19360907,2,NYC28,v,BRG,0,1,0,exhibition,y,
BRG193609072,solim102,CUS,1,4,value,24,1,5,0,1,0,,,0,,1,19360907,2,NYC28,v,BRG,0,1,0,exhibition,y,
BRG193609072,diazh101,CUS,1,1,value,,1,1,0,1,0,,,0,,1,19360907,2,NYC28,v,BRG,0,1,0,exhibition,y,
BRG193609072,llubg101,CUS,2,1,value,,0,2,0,0,0,,,0,,,19360907,2,NYC28,v,BRG,0,1,0,exhibition,y,
BRG193609072,hollc103,BRG,1,9,value,27,1,0,0,0,0,,,0,,1,19360907,2,NYC28,h,CUS,1,0,0,exhibition,y,
BRG193609072,hendc102,BRG,1,4,value,27,3,3,1,1,0,,,0,,1,19360907,2,NYC28,h,CUS,1,0,0,exhibition,y,
BRG193609072,washp101,BRG,1,8,value,27,2,0,0,0,0,,,0,,1,19360907,2,NYC28,h,CUS,1,0,0,exhibition,y,
BRG193609072,whitc103,BRG,1,7,value,27,2,0,0,0,0,,,0,,1,19360907,2,NYC28,h,CUS,1,0,0,exhibition,y,
BRG193609072,rilee101,BRG,1,3,value,,15,0,0,2,0,,,0,,1,19360907,2,NYC28,h,CUS,1,0,0,exhibition,y,
BRG193609072,rilee101,BRG,3,1,value,,0,0,0,0,0,,,0,,,19360907,2,NYC28,h,CUS,1,0,0,exhibition,y,
BRG193609072,brooa101,BRG,1,2,value,27,1,0,0,0,0,,,2,,1,19360907,2,NYC28,h,CUS,1,0,0,exhibition,y,
BRG193609072,albej101,BRG,1,5,value,27,1,6,0,1,0,,,0,,1,19360907,2,NYC28,h,CUS,1,0,0,exhibition,y,
BRG193609072,johnb113,BRG,1,6,value,27,1,3,1,2,0,,,0,,1,19360907,2,NYC28,h,CUS,1,0,0,exhibition,y,
BRG193609072,baila101,BRG,1,1,value,,0,3,0,0,0,,,0,,1,19360907,2,NYC28,h,CUS,1,0,0,exhibition,y,
BRG193609072,reddd101,BRG,2,1,value,,0,0,1,0,0,,,0,,,19360907,2,NYC28,h,CUS,1,0,0,exhibition,y,
BRG193609072,grayw101,BRG,2,3,value,,1,0,0,1,0,,,0,,,19360907,2,NYC28,h,CUS,1,0,0,exhibition,y,
NY6193609120,delgc101,CUS,1,9,value,24,3,0,0,0,0,,,,,1,19360912,0,PAT01,v,NY6,0,1,0,exhibition,y,d
NY6193609120,rodrm102,CUS,1,5,value,24,0,1,0,0,0,,,,,1,19360912,0,PAT01,v,NY6,0,1,0,exhibition,y,d
NY6193609120,veitm101,CUS,1,6,value,24,2,4,2,1,0,,,,,1,19360912,0,PAT01,v,NY6,0,1,0,exhibition,y,d
NY6193609120,perej101,CUS,1,4,value,24,2,4,0,1,0,,,,,1,19360912,0,PAT01,v,NY6,0,1,0,exhibition,y,d
NY6193609120,lopec102,CUS,1,8,value,24,1,0,0,0,0,,,,,1,19360912,0,PAT01,v,NY6,0,1,0,exhibition,y,d
NY6193609120,fernj101,CUS,1,2,value,24,2,0,0,0,0,0,0,0,0,1,19360912,0,PAT01,v,NY6,0,1,0,exhibition,y,d
NY6193609120,rojoj101,CUS,1,3,value,24,11,0,0,0,0,,,,,1,19360912,0,PAT01,v,NY6,0,1,0,exhibition,y,d
NY6193609120,solim102,CUS,1,7,value,24,3,0,0,0,0,,,,,1,19360912,0,PAT01,v,NY6,0,1,0,exhibition,y,d
NY6193609120,diazh101,CUS,1,1,value,24,0,1,0,0,0,,,,,1,19360912,0,PAT01,v,NY6,0,1,0,exhibition,y,d
NY6193609120,salal101,NY6,1,3,value,27,11,1,0,0,0,,,,,1,19360912,0,PAT01,h,CUS,1,0,0,exhibition,y,d
NY6193609120,corrf102,NY6,1,4,value,27,1,4,0,0,0,,,,,1,19360912,0,PAT01,h,CUS,1,0,0,exhibition,y,d
NY6193609120,speac103,NY6,1,9,value,27,1,0,0,0,0,,,,,1,19360912,0,PAT01,h,CUS,1,0,0,exhibition,y,d
NY6193609120,andrj104,NY6,1,7,value,27,3,0,0,0,0,,,,,1,19360912,0,PAT01,h,CUS,1,0,0,exhibition,y,d
NY6193609120,dihim101,NY6,1,8,value,27,2,0,1,0,0,,,,,1,19360912,0,PAT01,h,CUS,1,0,0,exhibition,y,d
NY6193609120,garcs101,NY6,1,5,value,24,0,1,0,0,0,,,,,1,19360912,0,PAT01,h,CUS,1,0,0,exhibition,y,d
NY6193609120,duncf102,NY6,1,2,value,3,6,0,0,0,0,0,0,0,0,0,19360912,0,PAT01,h,CUS,1,0,0,exhibition,y,d
NY6193609120,powee101,NY6,1,2,value,24,3,0,0,0,0,0,0,0,0,1,19360912,0,PAT01,h,CUS,1,0,0,exhibition,y,d
NY6193609120,santa102,NY6,1,5,value,3,0,0,0,0,0,,,,,0,19360912,0,PAT01,h,CUS,1,0,0,exhibition,y,d
NY6193609120,martr105,NY6,1,6,value,27,0,4,0,0,0,,,,,1,19360912,0,PAT01,h,CUS,1,0,0,exhibition,y,d
NY6193609120,brewc102,NY6,1,1,value,27,0,3,0,0,0,,,,,1,19360912,0,PAT01,h,CUS,1,0,0,exhibition,y,d
NY6193609271,thomc103,NY6,,3,value,,,,,,,,,,,,19360927,1,NYC25,h,CUS,1,0,0,exhibition,,
NY6193609271,stann101,NY6,,1,value,27,,,,,,,,,,1,19360927,1,NYC25,h,CUS,1,0,0,exhibition,,
NY6193609272,thomc103,NY6,,3,value,,,,,,,,,,,,19360927,2,NYC25,h,CUS,1,0,0,exhibition,,
NY6193609272,tianl102,NY6,,1,value,27,,,,,,,,,,1,19360927,2,NYC25,h,CUS,1,0,0,exhibition,,
BRG193705312,ramii101,CUS,1,6,value,24,1,0,0,,,,,,,1,19370531,2,NYC28,v,BRG,0,1,0,exhibition,y,
BRG193705312,concr101,CUS,1,6,value,2,0,0,0,,,,,,,,19370531,2,NYC28,v,BRG,0,1,0,exhibition,y,
BRG193705312,hechr101,CUS,1,3,value,24,9,0,0,,,,,,,1,19370531,2,NYC28,v,BRG,0,1,0,exhibition,y,
BRG193705312,ruizs101,CUS,1,1,value,2,0,1,0,,,,,,,,19370531,2,NYC28,v,BRG,0,1,0,exhibition,y,
BRG193705312,carrc107,CUS,1,5,value,26,3,2,0,,,,,,,1,19370531,2,NYC28,v,BRG,0,1,0,exhibition,y,
BRG193705312,carae101,CUS,1,7,value,26,0,0,0,,,,,,,1,19370531,2,NYC28,v,BRG,0,1,0,exhibition,y,
BRG193705312,perej101,CUS,1,2,value,26,5,1,1,,,,,,,1,19370531,2,NYC28,v,BRG,0,1,0,exhibition,y,
BRG193705312,etchc101,CUS,1,4,value,26,2,3,1,,,,,,,1,19370531,2,NYC28,v,BRG,0,1,0,exhibition,y,
BRG193705312,fabri101,CUS,1,8,value,26,2,0,1,,,,,,,1,19370531,2,NYC28,v,BRG,0,1,0,exhibition,y,
BRG193705312,abrej102,CUS,1,9,value,26,2,0,0,,,,,,,1,19370531,2,NYC28,v,BRG,0,1,0,exhibition,y,
BRG193705312,martf104,CUS,1,1,value,24,0,3,0,,,,,,,1,19370531,2,NYC28,v,BRG,0,1,0,exhibition,y,
BRG193705312,llubg101,CUS,1,3,value,2,2,0,0,,,,,,,,19370531,2,NYC28,v,BRG,0,1,0,exhibition,y,
BRG193705312,johnp104,BRG,1,7,value,27,2,0,0,,,,,,,1,19370531,2,NYC28,h,CUS,1,0,0,exhibition,y,
BRG193705312,grayw101,BRG,1,8,value,27,4,0,0,,,,,,,1,19370531,2,NYC28,h,CUS,1,0,0,exhibition,y,
BRG193705312,lundd103,BRG,1,6,value,27,1,5,1,,,,,,,1,19370531,2,NYC28,h,CUS,1,0,0,exhibition,y,
BRG193705312,brooa101,BRG,1,5,value,27,0,4,0,,,,,,,1,19370531,2,NYC28,h,CUS,1,0,0,exhibition,y,
BRG193705312,gisew101,BRG,1,9,value,27,0,0,0,,,,,,,1,19370531,2,NYC28,h,CUS,1,0,0,exhibition,y,
BRG193705312,smitu102,BRG,1,3,value,27,10,0,0,,,,,,,1,19370531,2,NYC28,h,CUS,1,0,0,exhibition,y,
BRG193705312,lewij103,BRG,1,2,value,18,5,1,0,,,,,,,1,19370531,2,NYC28,h,CUS,1,0,0,exhibition,y,
BRG193705312,britg103,BRG,1,2,value,9,1,0,0,,,,,,,,19370531,2,NYC28,h,CUS,1,0,0,exhibition,y,
BRG193705312,gadsg101,BRG,1,4,value,27,4,0,1,,,,,,,1,19370531,2,NYC28,h,CUS,1,0,0,exhibition,y,
BRG193705312,owenr102,BRG,1,9,value,25,0,2,0,,,,,,,1,19370531,2,NYC28,h,CUS,1,0,0,exhibition,y,
BRG193705312,staro101,BRG,1,9,value,2,0,0,0,,,,,,,,19370531,2,NYC28,h,CUS,1,0,0,exhibition,y,
CUS193705311,johnp104,BRG,1,7,value,27,0,0,0,,,,,,,1,19370531,1,NYC28,v,CUS,1,0,0,exhibition,y,
CUS193705311,brooa101,BRG,1,5,value,27,1,4,0,,,,,,,1,19370531,1,NYC28,v,CUS,1,0,0,exhibition,y,
CUS193705311,lundd103,BRG,1,6,value,27,0,3,2,,,,,,,1,19370531,1,NYC28,v,CUS,1,0,0,exhibition,y,
CUS193705311,smitu102,BRG,1,3,value,18,8,0,0,,,,,,,1,19370531,1,NYC28,v,CUS,1,0,0,exhibition,y,
CUS193705311,beckj104,BRG,1,3,value,9,3,0,0,,,,,,,,19370531,1,NYC28,v,CUS,1,0,0,exhibition,y,
CUS193705311,gisew101,BRG,1,9,value,27,2,0,0,,,,,,,1,19370531,1,NYC28,v,CUS,1,0,0,exhibition,y,
CUS193705311,britg103,BRG,1,2,value,18,4,0,0,,,,0,,,1,19370531,1,NYC28,v,CUS,1,0,0,exhibition,y,
CUS193705311,lewij103,BRG,1,2,value,9,3,0,1,,,,,,,,19370531,1,NYC28,v,CUS,1,0,0,exhibition,y,
CUS193705311,grayw101,BRG,1,8,value,27,3,0,0,,,,,,,1,19370531,1,NYC28,v,CUS,1,0,0,exhibition,y,
CUS193705311,gadsg101,BRG,1,4,value,27,3,1,0,,,,,,,1,19370531,1,NYC28,v,CUS,1,0,0,exhibition,y,
CUS193705311,staro101,BRG,1,1,value,11,0,1,0,,,,,,,1,19370531,1,NYC28,v,CUS,1,0,0,exhibition,y,
CUS193705311,rectc101,BRG,1,1,value,16,0,2,0,,,,,,,,19370531,1,NYC28,v,CUS,1,0,0,exhibition,y,
CUS193705311,ramii101,CUS,1,6,value,27,3,2,0,,,,,,,1,19370531,1,NYC28,h,BRG,0,1,0,exhibition,y,
CUS193705311,hechr101,CUS,1,3,value,27,10,0,1,,,,,,,1,19370531,1,NYC28,h,BRG,0,1,0,exhibition,y,
CUS193705311,carrc107,CUS,1,5,value,27,1,3,0,,,,,,,1,19370531,1,NYC28,h,BRG,0,1,0,exhibition,y,
CUS193705311,carae101,CUS,1,7,value,27,4,0,0,,,,,,,1,19370531,1,NYC28,h,BRG,0,1,0,exhibition,y,
CUS193705311,fernj101,CUS,1,2,value,27,6,0,0,,,,1,,,1,19370531,1,NYC28,h,BRG,0,1,0,exhibition,y,
CUS193705311,etchc101,CUS,1,4,value,27,2,6,0,,,,,,,1,19370531,1,NYC28,h,BRG,0,1,0,exhibition,y,
CUS193705311,fabri101,CUS,1,8,value,27,0,0,0,,,,,,,1,19370531,1,NYC28,h,BRG,0,1,0,exhibition,y,
CUS193705311,abrej102,CUS,1,9,value,27,1,1,0,,,,,,,1,19370531,1,NYC28,h,BRG,0,1,0,exhibition,y,
CUS193705311,torra102,CUS,1,1,value,9,0,0,0,,,,,,,1,19370531,1,NYC28,h,BRG,0,1,0,exhibition,y,
CUS193705311,miraj102,CUS,1,1,value,18,0,1,0,,,,,,,,19370531,1,NYC28,h,BRG,0,1,0,exhibition,y,
CUS193707050,johnp104,BRG,1,7,value,30,1,0,0,0,,,0,,,1,19370705,0,NYC28,v,CUS,0,0,1,exhibition,y,
CUS193707050,jeffh102,BRG,1,5,value,30,0,5,1,0,,,0,,,1,19370705,0,NYC28,v,CUS,0,0,1,exhibition,y,
CUS193707050,grayw101,BRG,1,8,value,,0,0,0,0,,,0,,,1,19370705,0,NYC28,v,CUS,0,0,1,exhibition,y,
CUS193707050,gadsg101,BRG,2,8,value,,0,0,0,0,,,0,,,,19370705,0,NYC28,v,CUS,0,0,1,exhibition,y,
CUS193707050,brooa101,BRG,1,9,value,30,1,0,0,0,,,0,,,1,19370705,0,NYC28,v,CUS,0,0,1,exhibition,y,
CUS193707050,lewij103,BRG,1,2,value,30,4,0,0,0,,,0,,,1,19370705,0,NYC28,v,CUS,0,0,1,exhibition,y,
CUS193707050,smitu102,BRG,1,3,value,30,19,0,0,1,,,0,,,1,19370705,0,NYC28,v,CUS,0,0,1,exhibition,y,
CUS193707050,collu101,BRG,1,6,value,30,2,8,0,1,,,0,,,1,19370705,0,NYC28,v,CUS,0,0,1,exhibition,y,
CUS193707050,johnb113,BRG,1,4,value,30,3,3,1,1,,,0,,,1,19370705,0,NYC28,v,CUS,0,0,1,exhibition,y,
CUS193707050,rectc101,BRG,1,1,value,30,0,2,0,0,,,0,,,1,19370705,0,NYC28,v,CUS,0,0,1,exhibition,y,
CUS193707050,miraj102,CUS,1,6,value,30,3,4,1,0,,,0,,,1,19370705,0,NYC28,h,BRG,0,0,1,exhibition,y,
CUS193707050,etchc101,CUS,1,2,value,30,10,0,0,0,,,0,,,,19370705,0,NYC28,h,BRG,0,0,1,exhibition,y,
CUS193707050,carrc107,CUS,1,5,value,30,1,2,0,0,,,0,,,1,19370705,0,NYC28,h,BRG,0,0,1,exhibition,y,
CUS193707050,carae101,CUS,1,7,value,30,1,0,0,0,,,0,,,1,19370705,0,NYC28,h,BRG,0,0,1,exhibition,y,
CUS193707050,fernj101,CUS,1,2,value,30,8,3,0,0,,,0,,,1,19370705,0,NYC28,h,BRG,0,0,1,exhibition,y,
CUS193707050,hechr101,CUS,1,4,value,30,4,4,1,0,,,0,,,1,19370705,0,NYC28,h,BRG,0,0,1,exhibition,y,
CUS193707050,fabri101,CUS,1,8,value,30,1,0,0,0,,,0,,,1,19370705,0,NYC28,h,BRG,0,0,1,exhibition,y,
CUS193707050,abrej102,CUS,1,9,value,30,1,0,0,0,,,0,,,1,19370705,0,NYC28,h,BRG,0,0,1,exhibition,y,
CUS193707050,bragr101,CUS,1,1,value,30,1,3,1,0,,,2,,,1,19370705,0,NYC28,h,BRG,0,0,1,exhibition,y,
KCM193708060,navam101,CUS,1,6,value,27,1,3,1,1,0,,,,,1,19370806,0,KAN05,v,KCM,1,0,0,exhibition,y,d
KCM193708060,hechr101,CUS,1,3,value,27,13,0,0,1,0,,,,,1,19370806,0,KAN05,v,KCM,1,0,0,exhibition,y,d
KCM193708060,carrc107,CUS,1,5,value,27,0,3,0,0,0,,,,,1,19370806,0,KAN05,v,KCM,1,0,0,exhibition,y,d
KCM193708060,carae101,CUS,1,8,value,27,3,0,0,0,0,,,,,1,19370806,0,KAN05,v,KCM,1,0,0,exhibition,y,d
KCM193708060,fernj101,CUS,1,2,value,27,7,0,0,0,0,0,0,1,0,1,19370806,0,KAN05,v,KCM,1,0,0,exhibition,y,d
KCM193708060,etchc101,CUS,1,4,value,27,1,7,0,0,0,,,,,1,19370806,0,KAN05,v,KCM,1,0,0,exhibition,y,d
KCM193708060,fabri101,CUS,1,7,value,27,2,0,0,0,0,,,,,1,19370806,0,KAN05,v,KCM,1,0,0,exhibition,y,d
KCM193708060,lorej101,CUS,1,9,value,27,0,0,0,0,0,,,,,1,19370806,0,KAN05,v,KCM,1,0,0,exhibition,y,d
KCM193708060,ruizs101,CUS,1,1,value,27,0,2,1,1,0,,,,,1,19370806,0,KAN05,v,KCM,1,0,0,exhibition,y,d
KCM193708060,milth101,KCM,1,9,value,27,0,2,0,0,0,,,,,1,19370806,0,KAN05,h,CUS,0,1,0,exhibition,y,d
KCM193708060,simmw101,KCM,1,8,value,27,0,0,0,0,0,,,,,1,19370806,0,KAN05,h,CUS,0,1,0,exhibition,y,d
KCM193708060,allen102,KCM,1,4,value,27,2,5,1,1,0,,,,,1,19370806,0,KAN05,h,CUS,0,1,0,exhibition,y,d
KCM193708060,broww101,KCM,1,7,value,27,0,0,0,0,0,,,,,1,19370806,0,KAN05,h,CUS,0,1,0,exhibition,y,d
KCM193708060,maywe101,KCM,1,3,value,27,13,1,0,1,0,,,,,1,19370806,0,KAN05,h,CUS,0,1,0,exhibition,y,d
KCM193708060,brooj101,KCM,1,5,value,27,2,2,1,0,0,,,,,1,19370806,0,KAN05,h,CUS,0,1,0,exhibition,y,d
KCM193708060,duncf102,KCM,1,2,value,27,7,4,1,0,0,1,0,0,0,1,19370806,0,KAN05,h,CUS,0,1,0,exhibition,y,d
KCM193708060,johnm103,KCM,1,6,value,27,2,1,1,1,0,,,,,1,19370806,0,KAN05,h,CUS,0,1,0,exhibition,y,d
KCM193708060,barnv103,KCM,1,1,value,6,0,0,0,0,0,,,,,1,19370806,0,KAN05,h,CUS,0,1,0,exhibition,y,d
KCM193708060,kranf101,KCM,1,1,value,21,1,4,1,0,0,,,,,0,19370806,0,KAN05,h,CUS,0,1,0,exhibition,y,d
NY5193708280,morai101,CUS,1,7,value,27,1,0,0,0,0,,,,,1,19370828,0,PAT01,v,NY5,1,0,0,exhibition,y,d
NY5193708280,corrf102,CUS,1,6,value,27,1,7,1,1,0,,,,,1,19370828,0,PAT01,v,NY5,1,0,0,exhibition,y,d
NY5193708280,salal101,CUS,1,3,value,27,15,0,0,1,0,,,,,1,19370828,0,PAT01,v,NY5,1,0,0,exhibition,y,d
NY5193708280,ruquu101,CUS,1,5,value,27,0,4,0,0,0,,,,,1,19370828,0,PAT01,v,NY5,1,0,0,exhibition,y,d
NY5193708280,miraa101,CUS,1,4,value,27,2,2,0,0,0,,,,,1,19370828,0,PAT01,v,NY5,1,0,0,exhibition,y,d
NY5193708280,andrj104,CUS,1,9,value,27,3,0,0,0,0,,,,,1,19370828,0,PAT01,v,NY5,1,0,0,exhibition,y,d
NY5193708280,jimep101,CUS,1,8,value,27,2,0,0,0,0,,,,,1,19370828,0,PAT01,v,NY5,1,0,0,exhibition,y,d
NY5193708280,mendu101,CUS,1,2,value,27,3,0,0,0,0,0,0,0,0,1,19370828,0,PAT01,v,NY5,1,0,0,exhibition,y,d
NY5193708280,jimem102,CUS,1,1,value,1,0,0,0,0,0,,,,,1,19370828,0,PAT01,v,NY5,1,0,0,exhibition,y,d
NY5193708280,fortu101,CUS,1,1,value,26,0,1,0,0,0,,,,,0,19370828,0,PAT01,v,NY5,1,0,0,exhibition,y,d
NY5193708280,barkm101,NY5,1,5,value,27,1,1,0,0,0,,,,,1,19370828,0,PAT01,h,CUS,0,1,0,exhibition,y,d
NY5193708280,gileg101,NY5,1,3,value,27,10,1,0,0,0,,,,,1,19370828,0,PAT01,h,CUS,0,1,0,exhibition,y,d
NY5193708280,thomc103,NY5,1,8,value,27,3,0,0,0,0,,,,,1,19370828,0,PAT01,h,CUS,0,1,0,exhibition,y,d
NY5193708280,cannw101,NY5,1,4,value,27,1,4,1,0,0,,,,,1,19370828,0,PAT01,h,CUS,0,1,0,exhibition,y,d
NY5193708280,browb107,NY5,1,9,value,27,1,0,0,0,0,,,,,1,19370828,0,PAT01,h,CUS,0,1,0,exhibition,y,d
NY5193708280,jenkf102,NY5,1,7,value,27,2,0,0,0,0,,,,,1,19370828,0,PAT01,h,CUS,0,1,0,exhibition,y,d
NY5193708280,clarb107,NY5,1,2,value,27,6,0,0,0,0,0,0,0,0,1,19370828,0,PAT01,h,CUS,0,1,0,exhibition,y,d
NY5193708280,stepj105,NY5,1,6,value,27,3,4,0,0,0,,,,,1,19370828,0,PAT01,h,CUS,0,1,0,exhibition,y,d
NY5193708280,rectc101,NY5,1,1,value,24,0,2,0,0,0,,,,,1,19370828,0,PAT01,h,CUS,0,1,0,exhibition,y,d
NY5193708280,stann101,NY5,1,1,value,3,0,0,0,0,0,,,,,0,19370828,0,PAT01,h,CUS,0,1,0,exhibition,y,d
SDO193709061,taylj108,CUS,1,1,value,24,,,,,,,,,,1,19370906,1,TOL05,v,SDO,0,1,0,exhibition,,
SDO193709061,matll101,SDO,1,1,value,27,,,,,,,,,,1,19370906,1,TOL05,h,CUS,1,0,0,exhibition,,
SDO193709062,paigs101,SDO,1,1,value,18,,,,,,,,,,1,19370906,2,TOL05,h,CUS,1,0,0,exhibition,,
SDO193709062,parnr102,SDO,,7,value,,,,1,,,,,,,,19370906,2,TOL05,h,CUS,1,0,0,exhibition,,
