gid,id,team,d_seq,d_pos,stattype,d_ifouts,d_po,d_a,d_e,d_dp,d_tp,d_pb,d_wp,d_sb,d_cs,d_gs,date,number,site,vishome,opp,win,loss,tie,gametype,box,pbp,eject
KCM192308052,duncf102,KCM,1,2,value,27,3,0,0,0,0,0,0,0,,1,19230805,2,KAN05,h,ML4,1,0,0,regular,y,,
HIL192410030,duncf102,KCM,1,2,value,27,5,1,0,0,0,0,0,1,1,1,19241003,0,PHI09,v,HIL,1,0,0,championship,y,y,
HIL192410040,duncf102,KCM,1,2,value,24,3,0,0,0,0,0,0,0,0,1,19241004,0,PHI09,v,HIL,0,1,0,championship,y,y,
HIL192410050,duncf102,KCM,1,2,value,39,6,0,1,1,0,0,0,0,0,1,19241005,0,BAL13,v,HIL,0,0,1,championship,y,y,
HIL192410060,duncf102,KCM,1,2,value,24,6,0,0,0,0,0,0,1,0,1,19241006,0,BAL13,v,HIL,0,1,0,championship,y,y,
KCM192410110,duncf102,KCM,1,2,value,27,8,0,0,0,0,0,0,0,0,1,19241011,0,KAN05,h,HIL,0,1,0,championship,y,y,
KCM192410120,duncf102,KCM,1,2,value,27,3,0,0,0,0,0,0,2,0,1,19241012,0,KAN05,h,HIL,1,0,0,championship,y,y,
KCM192410140,duncf102,KCM,1,2,value,36,6,0,0,0,0,0,0,1,0,1,19241014,0,KAN05,h,HIL,1,0,0,championship,y,y,
KCM192410180,duncf102,KCM,1,2,value,27,4,1,0,0,0,1,0,2,0,1,19241018,0,CHI09,h,HIL,1,0,0,championship,y,y,
KCM192410190,duncf102,KCM,1,2,value,27,6,1,0,0,0,0,0,2,0,1,19241019,0,CHI09,h,HIL,0,1,0,championship,y,y,
KCM192410200,duncf102,KCM,1,2,value,27,2,2,0,0,0,0,0,0,0,1,19241020,0,CHI09,h,HIL,1,0,0,championship,y,y,
KCM192508110,duncf102,KCM,1,2,value,27,6,2,0,0,1,0,,,,1,19250811,0,KAN05,h,SSN,0,1,0,regular,y,,
SSN192509190,duncf102,KCM,1,2,value,27,5,1,0,0,0,0,1,0,1,1,19250919,0,STL12,v,SSN,1,0,0,lcs,y,y,
SSN192509230,duncf102,KCM,1,2,value,24,6,0,0,0,0,0,1,0,0,1,19250923,0,STL12,v,SSN,0,1,0,lcs,y,d,
KCM192509260,duncf102,KCM,1,2,value,27,7,2,0,0,0,0,0,0,2,1,19250926,0,CHI09,h,SSN,1,0,0,lcs,y,d,
KCM192509270,duncf102,KCM,1,2,value,27,5,1,0,0,0,0,0,0,1,1,19250927,0,CHI09,h,SSN,0,1,0,lcs,y,d,
KCM192509281,duncf102,KCM,1,2,value,27,3,2,0,0,0,0,0,0,0,1,19250928,1,CHI09,h,SSN,1,0,0,lcs,y,d,
KCM192509282,duncf102,KCM,1,2,value,24,8,3,0,1,0,0,0,0,2,1,19250928,2,CHI09,h,SSN,1,0,0,lcs,y,d,
KCM192510010,duncf102,KCM,1,2,value,36,11,3,0,0,0,0,0,1,2,1,19251001,0,KAN05,h,HIL,0,1,0,championship,y,y,
KCM192510020,duncf102,KCM,1,2,value,27,3,1,0,0,0,0,0,1,0,1,19251002,0,KAN05,h,HIL,1,0,0,championship,y,y,
KCM192510030,duncf102,KCM,1,2,value,30,5,2,0,0,0,0,0,1,0,1,19251003,0,KAN05,h,HIL,0,1,0,championship,y,y,
KCM192510040,duncf102,KCM,1,2,value,27,2,2,0,0,0,1,0,2,1,1,19251004,0,KAN05,h,HIL,0,1,0,championship,y,y,
HIL192510080,duncf102,KCM,1,2,value,24,2,2,0,1,0,0,0,2,1,1,19251008,0,PHI09,v,HIL,0,1,0,championship,y,y,
HIL192510100,duncf102,KCM,1,2,value,24,3,1,0,0,0,0,0,0,0,1,19251010,0,PHI09,v,HIL,0,1,0,championship,y,y,
KCM192609180,duncf102,KCM,1,2,value,27,5,1,0,0,0,0,1,3,1,1,19260918,0,KAN05,h,CAG,1,0,0,lcs,y,y,
KCM192609190,duncf102,KCM,1,2,value,27,5,1,0,0,0,0,0,3,1,1,19260919,0,KAN05,h,CAG,1,0,0,lcs,y,y,
KCM192609200,duncf102,KCM,1,2,value,27,4,1,0,0,0,0,0,0,1,1,19260920,0,KAN05,h,CAG,1,0,0,lcs,y,y,
KCM192609210,duncf102,KCM,1,2,value,27,8,3,0,0,0,0,0,4,3,1,19260921,0,KAN05,h,CAG,0,1,0,lcs,y,y,
CAG192609250,duncf102,KCM,1,2,value,27,6,0,1,0,0,0,0,1,0,1,19260925,0,CHI09,v,CAG,1,0,0,lcs,y,d,
CAG192609260,duncf102,KCM,1,2,value,24,6,2,0,0,0,0,0,1,1,1,19260926,0,CHI09,v,CAG,0,1,0,lcs,y,d,
CAG192609280,duncf102,KCM,1,2,value,24,0,0,0,0,0,0,0,0,0,1,19260928,0,CHI09,v,CAG,0,1,0,lcs,y,d,
CAG192609291,duncf102,KCM,1,2,value,26,7,1,0,0,0,0,0,0,0,1,19260929,1,CHI09,v,CAG,0,1,0,lcs,y,d,
CAG192609292,duncf102,KCM,1,2,value,12,,,0,,0,,,,,1,19260929,2,CHI09,v,CAG,0,1,0,lcs,,,
PRG192610240,duncf102,PRG,1,2,value,27,7,1,0,0,0,1,,,,1,19261024,0,LOS05,h,PIR,1,0,0,exhibition,y,,
PRG192611140,duncf102,PRG,1,2,value,,2,0,0,0,0,0,,,,,19261114,0,LOS05,h,PIR,1,0,0,exhibition,y,,
PRG192612051,duncf102,PRG,1,2,value,27,3,0,0,0,0,0,,,,1,19261205,1,LOS05,h,PIR,1,0,0,exhibition,y,,
PRG192612052,duncf102,PRG,1,2,value,18,2,1,0,1,0,0,,,,1,19261205,2,LOS05,h,PIR,0,1,0,exhibition,y,,
PRG192612052,duncf102,PRG,2,9,value,3,0,0,0,0,0,,,,,1,19261205,2,LOS05,h,PIR,0,1,0,exhibition,y,,
PRG192612190,duncf102,PRG,1,2,value,33,8,2,0,0,0,0,,,,1,19261219,0,LOS05,h,PIR,1,0,0,exhibition,y,,
PRG192612250,duncf102,PRG,1,2,value,,4,0,0,0,0,0,,,,1,19261225,0,LOS05,h,PIR,0,0,1,exhibition,y,,
PRG192612260,duncf102,PRG,1,2,value,27,7,1,0,0,0,0,,,,1,19261226,0,LOS05,h,PIR,1,0,0,exhibition,y,,
KCM192708150,duncf102,KCM,1,2,value,,0,0,0,0,1,1,,0,,,19270815,0,KAN05,h,BIR,0,1,0,regular,y,,
CAG192906290,duncf102,KCM,1,2,value,27,4,1,0,0,0,0,,,,1,19290629,0,CHI09,v,CAG,1,0,0,regular,y,,
HOM193007180,duncf102,KCM,1,3,value,33,19,1,0,2,0,,,,,1,19300718,0,PIT06,v,HOM,0,1,0,exhibition,y,,
HOM193007191,duncf102,KCM,1,2,value,24,4,0,0,0,0,0,,,,1,19300719,1,PIT06,v,HOM,0,1,0,exhibition,y,,
HOM193007192,duncf102,KCM,1,3,value,3,2,0,0,0,0,,,,,,19300719,2,PIT06,v,HOM,1,0,0,exhibition,y,,
KCM193110040,duncf102,KCM,1,3,value,27,9,1,0,1,0,,,,,1,19311004,0,KAN05,h,ASC,1,0,0,exhibition,y,,
ASD193310060,duncf102,KCM,1,9,value,27,1,0,0,0,0,,,,,1,19331006,0,OMA02,v,ASD,1,0,0,exhibition,y,,
ASD193310100,duncf102,KCM,1,2,value,24,5,0,0,0,0,0,,,,1,19331010,0,JOP01,v,ASD,0,1,0,exhibition,y,,
KCM193310150,duncf102,KCM,1,9,value,,0,0,0,0,0,,,,,,19331015,0,KAN05,h,ASD,1,0,0,exhibition,y,,
NSH193504220,duncf102,NY6,1,2,value,,,,,,,,,,,1,19350422,0,GAD01,v,NSH,1,0,0,exhibition,,,
CAG193505050,duncf102,NY6,1,2,value,24,11,1,0,0,0,0,0,2,0,1,19350505,0,CHI16,v,CAG,0,1,0,regular,y,d,
CAG193505080,duncf102,NY6,1,2,value,,,,,,,,,,,1,19350508,0,TOL05,v,CAG,1,0,0,regular,,,
PTC193505110,duncf102,NY6,1,2,value,24,7,3,0,0,0,0,0,2,0,1,19350511,0,PIT09,v,PTC,0,1,0,regular,y,d,
PTC193505122,duncf102,NY6,1,2,value,18,0,0,0,0,0,0,0,0,0,1,19350512,2,PIT09,v,PTC,0,0,1,regular,y,d,
PTC193505130,duncf102,NY6,1,2,value,27,4,0,0,,,,,,,1,19350513,0,PIT09,v,PTC,0,0,1,regular,y,,
NSH193505180,duncf102,NY6,1,2,value,26,5,0,1,0,0,0,0,0,0,1,19350518,0,COL05,v,NSH,0,1,0,regular,y,d,
NSH193505191,duncf102,NY6,1,2,value,27,,2,0,0,0,0,0,0,,1,19350519,1,COL05,v,NSH,1,0,0,regular,y,,
NY6193505261,duncf102,NY6,1,2,value,27,3,1,0,0,0,0,0,0,,1,19350526,1,NYC23,h,HOM,0,1,0,regular,y,,
NY6193505262,duncf102,NY6,2,2,value,,2,0,0,0,0,0,0,0,,,19350526,2,NYC23,h,HOM,0,1,0,regular,y,,
NY6193505270,duncf102,NY6,1,2,value,27,,,,,,,,,,1,19350527,0,LIC01,h,HOM,1,0,0,regular,,,
BRN193505301,duncf102,NY6,1,2,value,24,5,0,0,0,0,1,0,3,,1,19350530,1,NYC15,v,BRN,0,1,0,regular,y,,
NY6193506021,duncf102,NY6,1,2,value,27,8,3,0,0,0,0,0,0,,1,19350602,1,NYC25,h,BRN,1,0,0,regular,y,,
NY6193506022,duncf102,NY6,1,2,value,,7,0,0,0,0,0,0,,,1,19350602,2,NYC25,h,BRN,0,1,0,regular,y,,
NY6193506162,duncf102,NY6,1,2,value,27,8,2,1,0,0,0,0,0,,1,19350616,2,NYC25,h,NSH,0,1,0,regular,y,,
NY6193506220,duncf102,NY6,1,2,value,27,6,2,0,0,0,0,0,0,1,1,19350622,0,BEL02,h,PTC,1,0,0,regular,y,d,
NY6193506232,duncf102,NY6,1,2,value,27,6,2,1,0,0,0,0,0,1,1,19350623,2,NYC25,h,PTC,0,1,0,regular,y,d,
PH5193506291,duncf102,NY6,1,2,value,25,4,1,0,0,0,0,0,3,0,1,19350629,1,PHI17,v,PH5,0,1,0,regular,y,d,
NY6193506301,duncf102,NY6,1,2,value,,,,,,,,,,,1,19350630,1,NYC25,h,PH5,1,0,0,regular,,,
PH5193507041,duncf102,NY6,1,2,value,24,3,2,0,,,,,,,1,19350704,1,PHI17,v,PH5,0,1,0,regular,y,,
NY6193507071,duncf102,NY6,1,2,value,27,,,,,,,,,,1,19350707,1,NYC25,h,NSH,0,1,0,regular,,,
NY6193507130,duncf102,NY6,1,2,value,30,11,0,0,0,0,0,0,0,0,1,19350713,0,BEL02,h,CAG,1,0,0,regular,y,d,
NY6193507142,duncf102,NY6,1,2,value,27,8,1,0,0,0,,,5,,1,19350714,2,NYC25,h,CAG,0,1,0,regular,y,,
NY6193507200,duncf102,NY6,1,2,value,27,,0,0,,,,,0,,1,19350720,0,NYC30,h,HOM,1,0,0,regular,y,,
NY6193507211,duncf102,NY6,1,2,value,27,6,1,0,0,0,0,0,0,,1,19350721,1,NYC25,h,HOM,1,0,0,regular,y,,
NY6193507212,duncf102,NY6,2,2,value,,0,0,0,0,0,0,0,0,,,19350721,2,NYC25,h,HOM,0,1,0,regular,y,,
HOM193507270,duncf102,NY6,1,2,value,24,6,0,0,0,0,0,0,0,0,1,19350727,0,PIT09,v,HOM,1,0,0,regular,y,d,
HOM193507280,duncf102,NY6,1,2,value,36,8,0,,,,,,,,1,19350728,0,PIT09,v,HOM,1,0,0,regular,y,,
HOM193507310,duncf102,NY6,1,2,value,27,,,0,,,,,,,1,19350731,0,DAY03,v,HOM,1,0,0,regular,,,
CAG193508030,duncf102,NY6,1,2,value,27,3,1,0,0,0,,,,,1,19350803,0,CHI09,v,CAG,1,0,0,regular,y,,
CAG193508041,duncf102,NY6,1,2,value,27,7,,0,0,0,0,0,1,,1,19350804,1,CHI09,v,CAG,1,0,0,regular,y,,
NY6193508181,duncf102,NY6,1,2,value,27,7,2,0,,,,,,,1,19350818,1,NYC25,h,NW1,1,0,0,regular,y,,
NY6193508182,duncf102,NY6,1,2,value,27,10,1,0,0,0,0,0,0,0,1,19350818,2,NYC25,h,NW1,1,0,0,regular,y,d,
NY6193508251,duncf102,NY6,1,2,value,27,8,3,0,0,0,0,0,1,,1,19350825,1,NYC25,h,BRN,1,0,0,regular,y,,
NY6193508252,duncf102,NY6,1,2,value,6,2,0,0,0,0,0,0,,,,19350825,2,NYC25,h,BRN,0,1,0,regular,y,,
NY6193508290,duncf102,NY6,1,2,value,30,18,0,0,0,0,0,0,0,0,1,19350829,0,PAT01,h,NSH,0,1,0,regular,y,d,
NY6193509011,duncf102,NY6,1,2,value,27,5,0,0,0,0,0,0,0,,1,19350901,1,NYC25,h,PH5,1,0,0,regular,y,,
NY6193509012,duncf102,NY6,1,2,value,27,10,2,0,0,0,0,0,1,,1,19350901,2,NYC25,h,PH5,1,0,0,regular,y,,
NY6193509071,duncf102,NY6,1,2,value,27,10,2,0,0,0,0,0,1,2,1,19350907,1,PAT01,h,PTC,1,0,0,exhibition,y,d,
NY6193509081,duncf102,NY6,1,2,value,27,6,0,0,0,0,0,0,1,0,1,19350908,1,NYC15,h,PH5,0,0,1,exhibition,y,d,
NY6193509130,duncf102,NY6,1,2,value,27,7,0,0,0,0,0,,,,1,19350913,0,NYC25,h,PTC,1,0,0,lcs,y,,
NY6193509140,duncf102,NY6,1,2,value,27,7,0,0,0,0,0,,,,1,19350914,0,PHI17,h,PTC,1,0,0,lcs,y,,
NY6193509150,duncf102,NY6,1,2,value,27,5,1,0,0,0,0,0,0,0,1,19350915,0,NYC25,h,PTC,0,1,0,lcs,y,y,
PTC193509190,duncf102,NY6,1,2,value,24,4,0,0,0,0,0,,,,1,19350919,0,PIT09,v,PTC,0,1,0,lcs,y,,
PTC193509200,duncf102,NY6,1,2,value,26,11,1,0,0,0,0,,,,1,19350920,0,PHI17,v,PTC,0,1,0,lcs,y,,
NY6193509210,duncf102,NY6,1,2,value,,1,0,0,0,0,0,,,,1,19350921,0,PHI17,h,PTC,0,1,0,lcs,y,,
NY6193509221,duncf102,NY6,1,2,value,27,5,0,0,0,0,0,,,,1,19350922,1,NYC16,h,NSH,0,1,0,exhibition,y,,
NY6193509291,duncf102,NY6,1,2,value,27,8,0,0,0,0,0,,,,1,19350929,1,NYC25,h,BRS,1,0,0,exhibition,y,,
MLS193510122,duncf102,NNS,1,2,value,15,4,0,0,0,0,0,,,,1,19351012,2,PHI11,v,MLS,0,0,1,exhibition,y,,
NNS193510132,duncf102,NNS,1,2,value,15,,,0,,0,,,,,1,19351013,2,NYC16,h,ASD,0,1,0,exhibition,,,
NY6193605090,duncf102,NY6,1,2,value,12,1,0,0,0,0,0,0,6,0,0,19360509,0,PAT01,h,PTC,0,1,0,regular,y,d,
NY6193605101,duncf102,NY6,1,2,value,27,2,1,0,0,0,0,0,0,0,1,19360510,1,NYC25,h,PTC,0,1,0,regular,y,d,
NY6193605102,duncf102,NY6,1,2,value,27,9,0,0,0,0,0,0,0,0,1,19360510,2,NYC25,h,PTC,0,1,0,regular,y,d,
NY6193605160,duncf102,NY6,1,2,value,27,10,0,2,0,0,0,0,0,0,1,19360516,0,PAT01,h,HOM,0,1,0,regular,y,d,
NY6193605171,duncf102,NY6,1,2,value,27,11,0,0,0,,,,1,,1,19360517,1,NYC25,h,HOM,1,0,0,regular,y,,
NY6193605172,duncf102,NY6,1,2,value,30,11,1,1,0,,,,0,,1,19360517,2,NYC25,h,HOM,0,0,1,regular,y,,
PH5193605190,duncf102,NY6,1,2,value,26,10,2,0,0,0,0,0,0,0,1,19360519,0,CAM03,v,PH5,0,1,0,exhibition,y,d,
NY6193605241,duncf102,NY6,1,2,value,27,7,1,0,0,0,0,0,0,1,1,19360524,1,NYC25,h,PH5,1,0,0,regular,y,d,
NY6193605242,duncf102,NY6,1,2,value,27,3,0,0,0,0,0,0,0,0,1,19360524,2,NYC25,h,PH5,0,1,0,regular,y,d,
NY6193605300,duncf102,NY6,1,2,value,24,5,1,0,0,0,0,0,1,0,1,19360530,0,PAT01,h,WEG,0,1,0,regular,y,d,
WEG193605311,duncf102,NY6,1,2,value,24,3,1,0,0,0,0,0,0,0,1,19360531,1,WAS09,v,WEG,0,1,0,regular,y,d,
WEG193605312,duncf102,NY6,1,2,value,27,12,0,0,0,0,0,0,2,0,1,19360531,2,WAS09,v,WEG,1,0,0,regular,y,d,
NY6193606060,duncf102,NY6,1,2,value,27,6,0,0,0,0,0,0,0,0,1,19360606,0,PAT01,h,NW2,1,0,0,regular,y,d,
NY6193606071,duncf102,NY6,1,2,value,27,5,1,0,0,0,0,0,1,0,1,19360607,1,NYC25,h,NW2,1,0,0,regular,y,d,
NY6193606072,duncf102,NY6,1,2,value,27,10,2,0,0,0,,,4,,1,19360607,2,NYC25,h,NW2,0,1,0,regular,y,,
NW2193606080,duncf102,NY6,1,2,value,,,,,,,,,,,1,19360608,0,NBG01,v,NW2,1,0,0,exhibition,,,
NY6193606200,duncf102,NY6,1,2,value,27,8,0,0,0,0,0,0,0,0,1,19360620,0,PAT01,h,PH6,1,0,0,exhibition,y,d,
NY6193606211,duncf102,NY6,1,2,value,27,8,1,0,1,0,0,0,0,0,1,19360621,1,NYC25,h,PH6,1,0,0,exhibition,y,d,
NY6193606270,duncf102,NY6,1,2,value,27,5,0,1,0,0,1,0,1,0,1,19360627,0,PAT01,h,PTC,0,1,0,regular,y,d,
NY6193606281,duncf102,NY6,1,2,value,27,9,0,0,0,0,,,1,,1,19360628,1,NYC25,h,PTC,0,1,0,regular,y,,
NY6193606282,duncf102,NY6,1,2,value,21,11,1,,0,0,,,,,1,19360628,2,NYC25,h,PTC,1,0,0,regular,y,,
PH5193607041,duncf102,NY6,,?,value,,,,,,,,,,,,19360704,1,PHI17,v,PH5,1,0,0,regular,,,
NY6193607051,duncf102,NY6,1,2,value,27,4,2,0,0,0,0,0,1,0,1,19360705,1,NYC25,h,NY5,1,0,0,exhibition,y,d,
NY6193607052,duncf102,NY6,1,2,value,30,7,1,0,1,0,0,0,0,0,1,19360705,2,NYC25,h,NY5,0,1,0,exhibition,y,d,
HOM193607110,duncf102,NY6,1,2,value,21,5,0,0,0,0,0,0,1,0,1,19360711,0,PIT09,v,HOM,0,1,0,regular,y,d,
HOM193607122,duncf102,NY6,1,2,value,24,4,0,,,0,,,,,1,19360712,2,COL04,v,HOM,0,1,0,regular,y,,
NY6193607180,duncf102,NY6,1,2,value,27,7,2,2,1,0,0,1,3,2,1,19360718,0,PAT01,h,NW2,0,1,0,regular,y,d,
NY6193607191,duncf102,NY6,1,2,value,36,4,0,0,0,0,0,0,0,0,1,19360719,1,NYC25,h,PH5,1,0,0,regular,y,d,
NY6193607192,duncf102,NY6,1,2,value,21,6,0,0,0,0,0,0,0,0,1,19360719,2,NYC25,h,PH5,1,0,0,regular,y,d,
NY6193607250,duncf102,NY6,1,2,value,27,6,1,0,0,0,0,0,2,0,1,19360725,0,PAT01,h,BRG,1,0,0,exhibition,y,d,
NY6193607261,duncf102,NY6,1,2,value,27,9,2,0,0,0,0,0,0,2,1,19360726,1,NYC25,h,PH5,0,1,0,regular,y,d,
NY6193607262,duncf102,NY6,1,2,value,27,9,3,0,0,0,,,,,1,19360726,2,NYC25,h,PH5,1,0,0,regular,y,,
NY6193607280,duncf102,NY6,,2,value,,,,,,,,,,,1,19360728,0,NYC25,h,WEG,1,0,0,exhibition,,,
NY6193608010,duncf102,NY6,1,2,value,27,8,2,0,0,0,0,0,0,2,1,19360801,0,PAT01,h,HOM,1,0,0,regular,y,d,
PH5193608010,duncf102,NY6,1,2,value,27,,,,,,,,,,1,19360801,0,PHI17,v,PH5,1,0,0,regular,,,
NY6193608021,duncf102,NY6,1,2,value,27,,,,,,,,,,1,19360802,1,NYC25,h,HOM,1,0,0,regular,,,
NY6193608080,duncf102,NY6,1,2,value,27,5,1,0,0,0,0,0,1,1,1,19360808,0,PAT01,h,PTC,0,1,0,regular,y,d,
NY6193608091,duncf102,NY6,1,2,value,27,8,0,0,0,0,0,0,0,0,1,19360809,1,NYC25,h,PTC,1,0,0,regular,y,d,
NY6193608100,duncf102,NY6,1,2,value,12,0,0,0,0,0,0,0,0,0,0,19360810,0,HAR02,h,PTC,0,1,0,exhibition,y,d,
NY6193608150,duncf102,NY6,1,2,value,27,7,1,0,0,0,0,0,0,0,1,19360815,0,PAT01,h,NW2,1,0,0,regular,y,d,
NY6193608162,duncf102,NY6,1,2,value,24,6,1,0,0,0,0,0,1,0,1,19360816,2,NYC16,h,NY5,0,1,0,regular,y,d,
NY6193608231,duncf102,NY6,1,2,value,21,3,1,0,0,0,0,0,0,1,1,19360823,1,NYC25,h,NW2,0,1,0,exhibition,y,d,
NY6193608232,duncf102,NY6,1,2,value,24,5,2,0,0,0,0,0,0,1,1,19360823,2,NYC25,h,NW2,0,1,0,exhibition,y,d,
NW2193608301,duncf102,NY6,1,2,value,24,0,0,0,0,0,0,0,0,0,1,19360830,1,NWK04,v,NW2,0,1,0,regular,y,d,
NW2193608302,duncf102,NY6,1,2,value,12,0,0,1,0,0,0,0,0,0,0,19360830,2,NWK04,v,NW2,0,1,0,regular,y,d,
NY6193609030,duncf102,NY6,1,2,value,27,9,,0,,,,,,,1,19360903,0,PHI17,h,WEG,1,0,0,exhibition,y,,
NY6193609061,duncf102,NY6,1,2,value,21,3,2,0,0,0,0,0,0,2,1,19360906,1,NYC25,h,NY5,0,1,0,regular,y,d,
NY5193609100,duncf102,NY6,2,2,value,,,,,,,,,,,,19360910,0,FRE01,v,NY5,1,0,0,exhibition,,,
NY6193609120,duncf102,NY6,1,2,value,3,6,0,0,0,0,0,0,0,0,0,19360912,0,PAT01,h,CUS,1,0,0,exhibition,y,d,
NY6193609131,duncf102,NY6,,2,value,,,,,,,,,,,1,19360913,1,NYC25,h,PH5,1,0,0,exhibition,,,
NY6193610110,duncf102,NY6,1,2,value,27,12,1,0,,,,,,,1,19361011,0,NYC25,h,NY5,0,1,0,exhibition,y,,
PH5193704120,duncf102,KCM,,2,value,26,,,,,,,,,,1,19370412,0,GAL01,v,PH5,0,1,0,exhibition,,,
MEM193705021,duncf102,KCM,1,2,value,27,0,0,0,0,0,0,0,2,0,1,19370502,1,MEM02,v,MEM,1,0,0,exhibition,y,d,
MEM193705022,duncf102,KCM,1,2,value,12,0,0,0,0,0,0,0,0,0,0,19370502,2,MEM02,v,MEM,0,1,0,exhibition,y,d,
BIR193705091,duncf102,KCM,1,2,value,27,8,0,0,0,0,0,0,0,0,1,19370509,1,BIR01,v,BIR,1,0,0,regular,y,d,
BIR193705092,duncf102,KCM,1,2,value,21,3,0,0,0,0,0,0,0,0,1,19370509,2,BIR01,v,BIR,1,0,0,regular,y,d,
KCM193705130,duncf102,KCM,1,2,value,27,9,0,0,0,0,0,1,0,0,1,19370513,0,SPR05,h,CAG,1,0,0,exhibition,y,d,
KCM193705140,duncf102,KCM,1,2,value,27,11,2,0,0,0,0,0,1,0,1,19370514,0,CMB01,h,CAG,1,0,0,exhibition,y,d,
KCM193705150,duncf102,KCM,1,2,value,30,1,1,0,0,0,0,0,0,1,1,19370515,0,KAN05,h,CAG,0,1,0,regular,y,d,
KCM193705161,duncf102,KCM,1,2,value,27,6,0,0,0,0,0,0,0,0,1,19370516,1,KAN05,h,CAG,1,0,0,regular,y,d,
KCM193705162,duncf102,KCM,1,2,value,21,4,1,0,0,0,0,0,0,0,1,19370516,2,KAN05,h,CAG,1,0,0,regular,y,d,
KCM193705170,duncf102,KCM,1,2,value,27,16,0,0,0,0,0,0,0,0,1,19370517,0,KAN05,h,CAG,1,0,0,regular,y,d,
KCM193705220,duncf102,KCM,1,2,value,27,9,1,0,0,0,1,0,0,0,1,19370522,0,KAN05,h,CI1,1,0,0,regular,y,d,
KCM193705231,duncf102,KCM,1,2,value,27,11,1,0,0,0,1,1,1,0,1,19370523,1,KAN05,h,CI1,0,1,0,regular,y,d,
KCM193705240,duncf102,KCM,1,2,value,15,4,1,0,0,0,0,0,0,0,0,19370524,0,KAN05,h,CI1,1,0,0,regular,y,d,
KCM193705301,duncf102,KCM,1,2,value,27,7,1,0,0,0,0,0,0,0,1,19370530,1,KAN05,h,BIR,1,0,0,regular,y,d,
KCM193705302,duncf102,KCM,1,2,value,18,2,1,0,0,0,0,0,0,0,0,19370530,2,KAN05,h,BIR,1,0,0,regular,y,d,
KCM193705311,duncf102,KCM,1,2,value,27,6,0,0,0,0,0,0,2,0,1,19370531,1,KAN05,h,BIR,1,0,0,regular,y,d,
KCM193705312,duncf102,KCM,1,2,value,27,6,0,0,0,0,0,0,0,0,1,19370531,2,KAN05,h,BIR,0,1,0,regular,y,d,
CI1193706050,duncf102,KCM,1,2,value,18,3,0,0,0,0,0,0,0,0,1,19370605,0,CIN07,v,CI1,0,1,0,regular,y,d,
IN6193706120,duncf102,KCM,1,2,value,,,,0,,,,,,,1,19370612,0,IND10,v,IN6,0,1,0,regular,,,
KCM193706202,duncf102,KCM,1,2,value,9,6,0,0,0,0,0,1,1,0,1,19370620,2,KAN05,h,SSA,1,0,0,regular,y,d,
KCM193706202,duncf102,KCM,2,3,value,12,0,0,0,0,0,,,,,0,19370620,2,KAN05,h,SSA,1,0,0,regular,y,d,
KCM193706210,duncf102,KCM,1,3,value,27,13,0,0,1,0,,,,,1,19370621,0,KAN05,h,SSA,1,0,0,regular,y,d,
KCM193706250,duncf102,KCM,1,2,value,27,7,1,0,0,,,2,0,,1,19370625,0,SPR05,h,MEM,1,0,0,regular,y,,
KCM193706271,duncf102,KCM,1,2,value,27,5,1,0,0,0,0,2,0,0,1,19370627,1,KAN05,h,MEM,1,0,0,regular,y,d,
KCM193706272,duncf102,KCM,1,2,value,18,7,0,0,0,0,0,0,0,0,1,19370627,2,KAN05,h,MEM,1,0,0,regular,y,d,
KCM193706280,duncf102,KCM,1,2,value,27,9,0,0,0,0,0,1,0,0,1,19370628,0,KAN05,h,MEM,1,0,0,regular,y,d,
CAG193707030,duncf102,KCM,1,2,value,24,9,1,0,1,0,0,0,0,1,1,19370703,0,CHI09,v,CAG,0,1,0,regular,y,d,
CAG193707041,duncf102,KCM,1,2,value,15,3,2,0,0,0,0,0,0,0,1,19370704,1,CHI09,v,CAG,1,0,0,regular,y,d,
CAG193707041,duncf102,KCM,2,3,value,12,0,0,1,0,0,,,,,0,19370704,1,CHI09,v,CAG,1,0,0,regular,y,d,
CAG193707051,duncf102,KCM,1,2,value,27,4,0,0,0,0,0,0,0,0,1,19370705,1,CHI09,v,CAG,1,0,0,regular,y,d,
DT2193707100,duncf102,KCM,,2,value,,,,1,,,,,,,1,19370710,0,DET06,v,DT2,1,0,0,regular,,,
DT2193707111,duncf102,KCM,1,2,value,,,,,,,,,,,1,19370711,1,DET06,v,DT2,0,1,0,regular,,,
DT2193707112,duncf102,KCM,1,2,value,,,,0,,,,,,,1,19370711,2,DET06,v,DT2,1,0,0,regular,,,
KCM193707181,duncf102,KCM,1,3,value,27,13,2,0,1,0,,,,,1,19370718,1,KAN05,h,DT2,1,0,0,regular,y,d,
KCM193707182,duncf102,KCM,1,2,value,21,8,0,0,0,0,0,0,0,0,1,19370718,2,KAN05,h,DT2,1,0,0,regular,y,d,
KCM193707190,duncf102,KCM,1,2,value,27,8,1,0,0,0,0,0,0,0,1,19370719,0,KAN05,h,DT2,1,0,0,regular,y,d,
KCM193707251,duncf102,KCM,1,2,value,27,10,1,0,0,0,0,0,0,1,1,19370725,1,KAN05,h,CAG,1,0,0,regular,y,d,
KCM193707252,duncf102,KCM,1,3,value,9,4,1,0,0,0,,,,,1,19370725,2,KAN05,h,CAG,1,0,0,regular,y,d,
KCM193707270,duncf102,KCM,1,3,value,15,0,0,0,0,0,,,,,0,19370727,0,MAN01,h,CAG,1,0,0,regular,y,d,
KCM193708060,duncf102,KCM,1,2,value,27,7,4,1,0,0,1,0,0,0,1,19370806,0,KAN05,h,CUS,0,1,0,exhibition,y,d,
CAG193708090,duncf102,KCM,1,2,value,27,14,0,0,0,0,0,0,1,1,1,19370809,0,DCT02,v,CAG,1,0,0,regular,y,d,
CI1193708152,duncf102,KCM,1,2,value,27,6,0,0,0,0,0,0,0,0,1,19370815,2,CIN07,v,CI1,1,0,0,regular,y,d,
CAG193708170,duncf102,KCM,1,2,value,27,9,1,0,0,0,0,0,1,0,1,19370817,0,SBD01,v,CAG,1,0,0,regular,y,d,
CAG193708180,duncf102,KCM,1,2,value,27,,,0,,,,0,1,,1,19370818,0,MIL03,v,CAG,1,0,0,regular,y,,
CAG193708190,duncf102,KCM,1,2,value,24,0,1,0,0,0,0,0,3,1,1,19370819,0,MIL03,v,CAG,0,1,0,regular,y,d,
CAG193708221,duncf102,KCM,1,2,value,35,10,1,0,0,0,0,0,0,1,1,19370822,1,CHI09,v,CAG,0,1,0,regular,y,d,
CAG193708222,duncf102,KCM,1,2,value,18,6,1,0,0,0,0,0,0,0,1,19370822,2,CHI09,v,CAG,0,1,0,regular,y,d,
CAG193708240,duncf102,KCM,1,2,value,27,7,1,0,0,0,0,0,1,1,1,19370824,0,DCT02,v,CAG,1,0,0,regular,y,d,
KCM193708250,duncf102,KCM,1,2,value,15,9,0,1,0,0,0,0,0,0,1,19370825,0,CMB01,h,SSA,1,0,0,regular,y,d,
KCM193708270,duncf102,KCM,1,2,value,27,13,3,0,,,,,,,1,19370827,0,MAN01,h,IN6,1,0,0,regular,y,,
KCM193708290,duncf102,KCM,1,2,value,27,3,2,0,0,0,0,1,2,0,1,19370829,0,KAN05,h,SDO,0,1,0,exhibition,y,d,
KCM193708310,duncf102,KCM,1,2,value,18,7,0,0,0,0,0,0,1,0,1,19370831,0,MYV01,h,IN6,1,0,0,regular,y,d,
KCM193708310,duncf102,KCM,2,3,value,9,2,0,0,0,0,,,,,0,19370831,0,MYV01,h,IN6,1,0,0,regular,y,d,
KCM193709020,duncf102,KCM,1,2,value,27,14,1,0,0,0,0,0,0,0,1,19370902,0,JNC01,h,CI1,1,0,0,regular,y,d,
KCM193709051,duncf102,KCM,1,2,value,19,4,1,0,0,0,0,0,0,1,1,19370905,1,KAN05,h,CI1,1,0,0,regular,y,d,
KCM193709052,duncf102,KCM,1,2,value,21,4,1,0,0,0,0,0,0,0,1,19370905,2,KAN05,h,CI1,0,1,0,regular,y,d,
KCM193709061,duncf102,KCM,1,2,value,30,8,3,0,0,0,0,1,0,0,1,19370906,1,KAN05,h,CI1,1,0,0,regular,y,d,
KCM193709062,duncf102,KCM,1,2,value,18,5,0,0,0,0,0,0,0,0,1,19370906,2,KAN05,h,CI1,1,0,0,regular,y,d,
CAG193709080,duncf102,KCM,1,2,value,28,0,0,0,0,0,0,0,0,0,1,19370908,0,DAY03,v,CAG,0,1,0,lcs,y,d,
CAG193709120,duncf102,KCM,1,2,value,18,4,1,0,0,0,0,0,0,0,1,19370912,0,CHI09,v,CAG,0,0,1,lcs,y,d,
CAG193709130,duncf102,KCM,1,2,value,27,0,0,0,0,0,0,3,1,0,1,19370913,0,MIL03,v,CAG,1,0,0,lcs,y,d,
CAG193709140,duncf102,KCM,1,2,value,27,,,0,,0,,,,,1,19370914,0,MIL03,v,CAG,1,0,0,lcs,,,
KCM193709170,duncf102,KCM,1,2,value,12,3,0,1,0,0,0,0,1,0,0,19370917,0,KAN05,h,CAG,1,0,0,lcs,y,d,
NAL193709190,duncf102,NAL,1,2,value,12,1,1,0,0,0,0,0,0,1,0,19370919,0,CHI09,h,NNL,0,1,0,allstar,y,d,
NNL193709200,duncf102,NAL,1,2,value,24,,,0,,0,,,,,1,19370920,0,IND10,v,NNL,0,1,0,allstar,,,
NAL193709210,duncf102,NAL,1,2,value,27,6,1,0,0,0,0,0,0,0,1,19370921,0,DAY03,h,NNL,0,1,0,allstar,y,d,
NNL193709240,duncf102,NAL,1,2,value,24,5,0,0,0,0,0,1,1,0,1,19370924,0,PIT06,v,NNL,0,1,0,allstar,y,d,
NNL193709261,duncf102,NAL,1,2,value,15,5,0,0,0,0,0,0,1,0,0,19370926,1,BAL10,v,NNL,1,0,0,allstar,y,d,
NAL193709270,duncf102,NAL,1,2,value,27,,,0,,0,,,,,1,19370927,0,NYC23,h,NNL,0,1,0,allstar,,,
KCM193710050,duncf102,KCM,1,2,value,27,12,0,0,0,0,0,0,2,0,1,19371005,0,DAV01,h,MLS,0,1,0,exhibition,y,d,
MLS193710070,duncf102,KCM,1,2,value,24,7,1,1,0,0,0,1,1,0,1,19371007,0,CED01,v,MLS,0,1,0,exhibition,y,d,
KCM193710090,duncf102,KCM,1,2,value,27,0,0,0,0,0,0,0,0,0,1,19371009,0,MAN01,h,MLS,0,1,0,exhibition,y,d,
KCM193710102,duncf102,KCM,1,2,value,27,9,0,0,0,0,0,0,1,0,1,19371010,2,WIC01,h,MLS,1,0,0,exhibition,y,d,
MLS193710110,duncf102,KCM,1,2,value,27,9,0,1,0,0,0,0,0,0,1,19371011,0,OKC01,v,MLS,1,0,0,exhibition,y,d,
KCM193804102,duncf102,KCM,6,2,value,27,15,1,0,,,,,,,1,19380410,2,HOU04,h,PH5,1,0,0,exhibition,y,,
KCM193804140,duncf102,KCM,1,2,value,27,5,0,,,,,,,,1,19380414,0,HOU04,h,HOM,0,1,0,exhibition,y,,
HOM193804171,duncf102,KCM,1,2,value,27,4,0,0,0,0,0,0,0,0,1,19380417,1,NOL01,v,HOM,0,1,0,exhibition,y,d,
HOM193804172,duncf102,KCM,1,2,value,18,4,0,0,0,0,0,0,0,0,1,19380417,2,NOL01,v,HOM,1,0,0,exhibition,y,y,
CAG193804220,duncf102,KCM,1,2,value,,,,,,,,,,,1,19380422,0,MRT01,v,CAG,1,0,0,exhibition,,,
CAG193804240,duncf102,KCM,1,2,value,24,2,0,0,0,0,0,0,0,0,1,19380424,0,DAL02,v,CAG,0,1,0,exhibition,y,d,
MEM193805082,duncf102,KCM,1,2,value,18,0,0,0,0,0,0,0,0,0,1,19380508,2,MEM02,v,MEM,0,1,0,exhibition,y,d,
KCM193805151,duncf102,KCM,1,2,value,27,4,1,0,0,0,0,0,1,1,1,19380515,1,KAN05,h,CAG,0,1,0,regular,y,d,
KCM193805152,duncf102,KCM,1,2,value,21,6,1,0,0,0,0,0,0,0,1,19380515,2,KAN05,h,CAG,1,0,0,regular,y,d,
KCM193805221,duncf102,KCM,1,2,value,21,5,0,0,0,0,0,0,0,0,1,19380522,1,KAN05,h,IN7,1,0,0,regular,y,d,
KCM193805222,duncf102,KCM,1,2,value,21,4,1,0,0,0,0,0,0,0,1,19380522,2,KAN05,h,IN7,1,0,0,regular,y,d,
CAG193805280,duncf102,KCM,1,2,value,24,10,0,0,0,0,0,0,0,0,1,19380528,0,CHI09,v,CAG,1,0,0,regular,y,d,
CAG193805291,duncf102,KCM,1,2,value,27,2,0,0,0,0,0,0,0,0,1,19380529,1,CHI09,v,CAG,1,0,0,regular,y,d,
CAG193805292,duncf102,KCM,1,2,value,27,7,1,0,0,0,0,0,0,1,1,19380529,2,CHI09,v,CAG,1,0,0,regular,y,d,
CAG193805300,duncf102,KCM,1,2,value,37,,,,,,,,,,1,19380530,0,CHI09,v,CAG,0,1,0,regular,,,
CAG193805300,duncf102,KCM,1,2,lower,36,,,,,,,,,,1,19380530,0,CHI09,v,CAG,0,1,0,regular,,,
CAG193805300,duncf102,KCM,1,2,upper,38,,,,,,,,,,1,19380530,0,CHI09,v,CAG,0,1,0,regular,,,
KCM193806051,duncf102,KCM,1,2,value,27,11,1,1,0,0,0,2,0,0,1,19380605,1,KAN05,h,ATN,1,0,0,regular,y,d,
KCM193806052,duncf102,KCM,1,2,value,21,4,0,0,0,0,0,0,1,0,1,19380605,2,KAN05,h,ATN,1,0,0,regular,y,d,
KCM193806060,duncf102,KCM,1,2,value,27,9,0,0,0,0,0,0,0,0,1,19380606,0,WIC01,h,ATN,1,0,0,regular,y,d,
KCM193806070,duncf102,KCM,1,2,value,27,,,0,,,,,,,1,19380607,0,OKC01,h,ATN,1,0,0,regular,,,
KCM193806121,duncf102,KCM,1,2,value,27,7,0,0,0,0,0,0,0,0,1,19380612,1,KAN05,h,BIR,1,0,0,regular,y,d,
KCM193806122,duncf102,KCM,1,2,value,21,4,2,0,0,0,0,0,0,0,1,19380612,2,KAN05,h,BIR,1,0,0,regular,y,d,
CAG193806180,duncf102,KCM,1,2,value,27,,,0,,,,,,,1,19380618,0,CHI09,v,CAG,1,0,0,regular,,,
CAG193806191,duncf102,KCM,,2,value,27,,,,,,,,,,1,19380619,1,CHI09,v,CAG,1,0,0,regular,,,
CAG193806192,duncf102,KCM,1,2,value,24,,,,,,,,,,1,19380619,2,CHI09,v,CAG,0,1,0,regular,,,
CAG193806200,duncf102,KCM,1,2,value,27,,,0,,,,,,,1,19380620,0,CHI16,v,CAG,1,0,0,exhibition,,,
KCM193807031,duncf102,KCM,1,2,value,33,4,1,0,,,1,0,3,,1,19380703,1,KAN05,h,MEM,1,0,0,regular,y,,
KCM193807032,duncf102,KCM,1,2,value,,1,1,0,,,,0,3,,1,19380703,2,KAN05,h,MEM,0,1,0,regular,y,,
KCM193807041,duncf102,KCM,1,2,value,27,7,2,1,0,0,0,0,0,,1,19380704,1,KAN05,h,MEM,0,1,0,regular,y,,
CAG193807101,duncf102,CAG,1,2,value,27,6,2,0,0,0,0,0,0,2,1,19380710,1,CHI09,h,MEM,1,0,0,regular,y,d,
CAG193807102,duncf102,CAG,1,2,value,27,0,0,0,0,0,0,0,0,0,1,19380710,2,CHI09,h,MEM,1,0,0,regular,y,d,
CAG193807110,duncf102,CAG,1,2,value,27,0,0,0,0,0,0,0,0,0,1,19380711,0,CHI16,h,MEM,1,0,0,regular,y,d,
KCM193807130,duncf102,CAG,1,2,value,27,0,1,0,0,0,0,0,0,1,1,19380713,0,FAR01,v,KCM,1,0,0,exhibition,y,d,
KCM193807150,duncf102,CAG,1,2,value,,,,,,,,,,,1,19380715,0,WIN01,v,KCM,1,0,0,regular,,,
CAG193807161,duncf102,KCM,,2,value,,,,,,,,,,,,19380716,1,WIN01,v,CAG,1,0,0,regular,,,
KCM193807162,duncf102,CAG,1,2,value,24,,,,,,,,,,,19380716,2,WIN01,v,KCM,0,1,0,regular,,,
KCM193807190,duncf102,KCM,1,2,value,27,,,,,,,,,,1,19380719,0,PLP01,h,CAG,0,1,0,exhibition,,,
CAG193807210,duncf102,CAG,1,2,value,30,5,2,0,0,0,0,0,1,2,1,19380721,0,REG01,h,KCM,1,0,0,regular,y,d,
KCM193807220,duncf102,CAG,1,2,value,27,12,2,0,0,0,0,0,3,2,1,19380722,0,REG01,v,KCM,1,0,0,regular,y,d,
CAG193807242,duncf102,CAG,1,2,value,6,0,0,0,0,0,0,0,0,0,0,19380724,2,BIS01,h,KCM,0,1,0,regular,y,d,
KCM193807241,duncf102,CAG,1,2,value,27,0,0,0,0,0,0,0,0,1,1,19380724,1,BIS01,v,KCM,1,0,0,regular,y,d,
KCM193807250,duncf102,CAG,1,2,value,24,0,2,0,0,0,0,0,0,2,1,19380725,0,FAR01,v,KCM,0,1,0,regular,y,d,
KCM193807280,duncf102,CAG,1,2,value,27,1,0,0,0,0,0,2,0,0,1,19380728,0,DES01,v,KCM,1,0,0,regular,y,d,
KCM193807290,duncf102,CAG,1,2,value,27,8,0,0,0,0,0,0,0,0,1,19380729,0,KAN05,v,KCM,1,0,0,regular,y,d,
CAG193807311,duncf102,CAG,1,2,value,27,6,1,0,0,0,0,0,1,0,1,19380731,1,CHI09,h,KCM,1,0,0,regular,y,d,
CAG193807312,duncf102,CAG,1,2,value,27,6,1,1,0,0,0,0,2,1,1,19380731,2,CHI09,h,KCM,0,1,0,regular,y,d,
CAG193808060,duncf102,CAG,1,2,value,27,6,0,0,0,0,0,0,5,0,1,19380806,0,CHI09,h,IN7,0,1,0,regular,y,d,
CAG193808071,duncf102,CAG,1,2,value,27,9,1,0,0,0,0,0,0,2,1,19380807,1,CHI09,h,IN7,1,0,0,regular,y,d,
CAG193808072,duncf102,CAG,1,2,value,27,0,0,0,0,0,0,1,0,0,1,19380807,2,CHI09,h,IN7,1,0,0,regular,y,d,
CAG193808110,duncf102,CAG,1,2,value,27,0,0,0,0,0,0,0,3,0,1,19380811,0,MIL03,h,ATN,1,0,0,regular,y,d,
CAG193808130,duncf102,CAG,1,2,value,,,,,,,,,,,1,19380813,0,CHI09,h,ATN,1,0,0,regular,,,
CAG193808141,duncf102,CAG,1,2,value,27,11,1,0,0,0,0,0,0,1,1,19380814,1,CHI09,h,ATN,1,0,0,regular,y,d,
CAG193808142,duncf102,CAG,1,2,value,27,0,0,0,0,0,0,0,0,0,1,19380814,2,CHI09,h,ATN,1,0,0,regular,y,d,
CAG193808150,duncf102,CAG,,2,value,27,,,,,,,,,,1,19380815,0,CHI09,h,ATN,0,1,0,regular,,,
ASW193808210,duncf102,ASW,1,2,value,18,3,2,0,1,0,0,0,0,1,1,19380821,0,CHI10,h,ASE,1,0,0,allstar,y,y,
CAG193808281,duncf102,CAG,1,2,value,,,,,,,,,,,1,19380828,1,CHI09,h,KCM,1,0,0,exhibition,,,
CAG193808282,duncf102,CAG,1,2,value,,,,,,,,,,,1,19380828,2,CHI09,h,KCM,0,1,0,exhibition,,,
CAG193809041,duncf102,CAG,1,2,value,27,,,,,,,,,,1,19380904,1,CHI09,h,MEM,0,1,0,regular,,,
CAG193809042,duncf102,CAG,1,2,value,27,,,,,,,,,,1,19380904,2,CHI09,h,MEM,0,1,0,regular,,,
CAG193809051,duncf102,CAG,1,2,value,27,,,,,,,,,,1,19380905,1,CHI09,h,MEM,1,0,0,regular,,,
CAG193809052,duncf102,CAG,1,2,value,27,,,,,,,,,,1,19380905,2,CHI09,h,MEM,0,1,0,regular,,,
CAG194004142,duncf102,CAG,1,2,value,21,8,1,0,0,0,0,,,,1,19400414,2,NOL01,h,BIR,1,0,0,exhibition,y,,
NY5194004211,duncf102,CAG,1,2,value,24,,,0,,0,,,,,1,19400421,1,LRK02,v,NY5,0,1,0,exhibition,,,
NY5194004212,duncf102,CAG,1,2,value,24,,,0,,0,,,,,1,19400421,2,LRK02,v,NY5,0,1,0,exhibition,,,
MEM194105042,duncf102,KCM,1,2,value,21,,,0,,0,,,,,,19410504,2,MEM02,v,MEM,1,0,0,exhibition,,,
BIR194105112,duncf102,KCM,1,2,value,,6,1,0,0,0,0,,,,1,19410511,2,BIR01,v,BIR,1,0,0,regular,y,,
CAG194105182,duncf102,KCM,1,2,value,12,,,0,,0,,,,,,19410518,2,CHI10,v,CAG,0,1,0,regular,,,
KCM194105200,duncf102,KCM,1,2,value,27,7,0,0,0,0,0,,,,1,19410520,0,SPR05,h,MEM,0,1,0,regular,y,,
KCM194106011,duncf102,KCM,1,2,value,,2,1,0,0,0,0,,,,,19410601,1,KAN05,h,JAX,0,1,0,regular,y,,
KCM194106030,duncf102,KCM,1,2,value,27,,,0,,0,,,,,1,19410603,0,OKC02,h,JAX,1,0,0,regular,,,
KCM194106050,duncf102,KCM,1,2,value,27,,,0,,0,,,,,1,19410605,0,OKC02,h,JAX,1,0,0,regular,,,
KCM194106291,duncf102,KCM,1,2,value,,4,2,0,0,0,0,,,,1,19410629,1,KAN05,h,NY5,1,0,0,exhibition,y,,
KCM194107061,duncf102,KCM,1,2,value,27,9,0,0,0,0,0,,,,1,19410706,1,KAN05,h,CAG,0,1,0,regular,y,,
KCM194107132,duncf102,KCM,1,2,value,21,1,0,0,0,0,0,,,,1,19410713,2,KAN05,h,BIR,0,1,0,regular,y,,
PH5194107172,duncf102,KCM,1,2,value,21,7,0,0,0,0,0,,,,1,19410717,2,PHI17,v,PH5,1,0,0,exhibition,y,,
KCM194107250,duncf102,KCM,1,2,value,,0,0,0,0,0,1,,,,,19410725,0,CAN03,h,MEM,1,0,0,regular,y,,
JAX194107271,duncf102,KCM,1,2,value,27,,,0,,0,,,,,1,19410727,1,LOU05,v,JAX,1,0,0,exhibition,,,
KCM194107272,duncf102,KCM,1,2,value,21,,,0,,0,,,,,1,19410727,2,LOU05,h,JAX,0,1,0,exhibition,,,
SNO194108031,duncf102,KCM,1,2,value,,1,0,0,0,0,1,,,,1,19410803,1,CLE06,v,SNO,1,0,0,regular,y,,
KCM194108070,duncf102,KCM,1,2,value,27,10,3,1,0,0,1,,,,1,19410807,0,DCT02,h,SNO,1,0,0,regular,y,,
SNO194108080,duncf102,KCM,1,2,value,27,,,0,0,0,0,,,,1,19410808,0,DAN01,v,SNO,1,0,0,regular,y,,
KCM194108102,duncf102,KCM,1,2,value,21,6,0,0,0,0,0,,,,1,19410810,2,KAN05,h,SNO,1,0,0,regular,y,,
KCM194108120,duncf102,KCM,1,9,value,,1,0,0,0,0,,,,,,19410812,0,DAV01,h,SNO,0,1,0,regular,y,,
CAG194109030,duncf102,KCM,1,2,value,,,,0,0,0,0,,,,1,19410903,0,SPR03,v,CAG,1,0,0,regular,y,,
CAG194109142,duncf102,KCM,1,2,value,27,,,0,,0,,,,,1,19410914,2,DET04,v,CAG,1,0,0,exhibition,,,
MLS194110050,duncf102,KCM,1,2,value,24,11,3,0,0,0,0,,,,1,19411005,0,STL07,v,MLS,0,1,0,exhibition,y,,
KCM194205171,duncf102,KCM,1,2,value,,3,0,0,0,0,0,,,,1,19420517,1,KAN05,h,MEM,1,0,0,regular,y,,
MEM194207042,duncf102,KCM,1,2,value,,,,0,,0,,,,,,19420704,2,MEM02,v,MEM,1,0,0,regular,,,
BIR194207051,duncf102,KCM,1,2,value,27,2,0,0,0,0,0,,,,1,19420705,1,BIR01,v,BIR,1,0,0,regular,y,,
BIR194207052,duncf102,KCM,1,2,value,18,2,1,0,0,0,0,,,,1,19420705,2,BIR01,v,BIR,0,1,0,regular,y,,
KCM194207100,duncf102,KCM,1,2,value,27,,,0,,0,,,,,1,19420710,0,WFL01,h,MEM,1,0,0,regular,,,
MEM194207121,duncf102,KCM,1,2,value,21,,,0,,0,,,,,1,19420712,1,DAL01,v,MEM,1,0,0,regular,,,
HOM194207210,duncf102,KCM,1,2,value,11,1,2,0,0,0,0,,,,,19420721,0,PIT06,v,HOM,0,1,0,exhibition,y,,
KCM194207261,duncf102,KCM,1,2,value,,9,0,1,0,0,0,,,,1,19420726,1,CHI11,h,MEM,0,1,0,regular,y,,
KCM194207262,duncf102,KCM,1,2,value,21,7,2,0,0,0,0,,,,1,19420726,2,CHI11,h,MEM,1,0,0,regular,y,,
NY6194208022,duncf102,KCM,1,2,value,21,7,0,0,0,0,0,,,,1,19420802,2,NYC16,v,NY6,1,0,0,exhibition,y,,
KCM194209062,duncf102,KCM,1,7,value,,1,0,0,0,0,,,,,,19420906,2,CHI11,h,CI2,1,0,0,exhibition,y,,
HOM194209132,duncf102,KCM,1,2,value,,3,0,0,0,0,0,,,,,19420913,2,NYC16,v,HOM,1,0,0,regular,y,,
KCM194209200,duncf102,KCM,1,2,value,27,8,0,0,0,0,0,1,0,0,1,19420920,0,KAN05,h,HOM,0,1,0,championship,y,d,
KCM194209222,duncf102,KCM,1,2,value,,,,0,,0,,,,,1,19420922,2,STJ01,h,BIR,0,1,0,exhibition,,,
KCM194304251,duncf102,KCM,1,2,value,27,0,0,0,0,0,0,0,0,0,1,19430425,1,NOL01,h,BIR,1,0,0,exhibition,y,d,
KCM194304252,duncf102,KCM,1,2,value,21,0,0,0,0,0,0,0,0,0,1,19430425,2,NOL01,h,BIR,1,0,0,exhibition,y,d,
KCM194304270,duncf102,KCM,1,2,value,27,,,,,0,,,,,1,19430427,0,NOL01,h,BIR,1,0,0,exhibition,,,
KCM194305140,duncf102,KCM,1,2,value,27,,,0,,0,,,,,1,19430514,0,OKC02,h,CAG,1,0,0,regular,,,
KCM194305161,duncf102,KCM,1,2,value,27,9,0,0,0,0,0,0,0,0,1,19430516,1,KAN05,h,CAG,1,0,0,regular,y,d,
KCM194305162,duncf102,KCM,1,2,value,21,4,1,0,0,0,0,0,0,1,1,19430516,2,KAN05,h,CAG,1,0,0,regular,y,d,
KCM194305231,duncf102,KCM,1,2,value,27,5,0,1,0,0,0,0,0,0,1,19430523,1,KAN05,h,CVB,0,1,0,regular,y,d,
KCM194305240,duncf102,KCM,1,2,value,36,7,2,1,0,0,0,0,2,1,1,19430524,0,KAN05,h,CVB,0,1,0,regular,y,d,
CAG194305300,duncf102,KCM,1,2,value,27,4,1,0,0,0,0,0,0,1,1,19430530,0,CHI10,v,CAG,1,0,0,regular,y,d,
CVB194306070,duncf102,KCM,1,2,value,,,,,,0,,,,,,19430607,0,BUF06,v,CVB,0,1,0,regular,,,
HOM194306170,duncf102,KCM,1,2,value,18,6,2,0,1,0,0,0,0,1,1,19430617,0,WAS09,v,HOM,1,0,0,exhibition,y,d,
HOM194306201,duncf102,KCM,1,2,value,9,3,0,0,0,0,0,0,0,0,1,19430620,1,WAS09,v,HOM,0,1,0,exhibition,y,d,
HOM194306230,duncf102,KCM,1,2,value,24,3,3,0,1,0,0,0,0,1,1,19430623,0,PIT06,v,HOM,0,1,0,exhibition,y,d,
NY6194306272,duncf102,KCM,1,2,value,27,6,0,0,0,0,0,,,,1,19430627,2,NYC16,v,NY6,1,0,0,exhibition,y,,
KCM194307042,duncf102,KCM,1,2,value,21,5,0,0,0,0,0,,,,1,19430704,2,KAN05,h,MEM,0,1,0,regular,y,,
KCM194307120,duncf102,KCM,1,2,value,27,6,0,0,0,0,0,0,0,0,1,19430712,0,KAN05,h,BIR,1,0,0,regular,y,d,
KCM194308221,duncf102,KCM,1,2,value,21,13,0,0,0,0,0,,,,1,19430822,1,DAL01,h,CI2,1,0,0,regular,y,,
KCM194308260,duncf102,KCM,1,3,value,,10,0,0,0,0,,,,,1,19430826,0,KAN05,h,CI2,1,0,0,regular,y,,
KCM194309010,duncf102,KCM,1,2,value,27,,,,,0,,,,,1,19430901,0,IND10,h,NY6,0,1,0,exhibition,,,
HOM194309051,duncf102,KCM,1,2,value,18,1,0,0,0,0,0,0,0,0,1,19430905,1,WAS09,v,HOM,0,1,0,exhibition,y,d,
HOM194309052,duncf102,KCM,1,2,value,9,4,0,1,0,0,0,0,2,0,1,19430905,2,WAS09,v,HOM,0,1,0,exhibition,y,d,
HOM194309080,duncf102,KCM,1,2,value,21,5,1,1,0,0,0,0,0,1,1,19430908,0,PHI11,v,HOM,0,1,0,exhibition,y,d,
NY6194309122,duncf102,KCM,1,2,value,24,9,1,0,1,0,0,,,,1,19430912,2,NYC16,v,NY6,0,1,0,exhibition,y,,
KCM194309160,duncf102,KCM,1,2,value,36,,,0,,0,,,,,,19430916,0,KAN05,h,CI2,1,0,0,exhibition,,,
KCM194309220,duncf102,KCM,1,2,value,15,3,0,0,0,0,,0,,,1,19430922,0,HOU04,h,CI2,1,0,0,exhibition,y,,
SAS194309260,duncf102,SAS,1,2,value,27,8,0,0,0,0,0,0,1,0,1,19430926,0,NOL01,h,NAS,1,0,0,allstar,y,d,
KCM194404232,duncf102,KCM,1,2,value,,,,0,,0,,,,,,19440423,2,DAL01,h,CIA,1,0,0,exhibition,,,
CIA194404240,duncf102,KCM,1,2,value,27,,,,,0,,,,,1,19440424,0,MUS01,v,CIA,1,0,0,exhibition,,,
KCM194404250,duncf102,KCM,1,2,value,27,10,2,1,0,0,0,0,0,0,1,19440425,0,OKC02,h,CIA,1,0,0,exhibition,y,d,
KCM194404260,duncf102,KCM,1,2,value,27,3,2,0,0,0,0,,,,1,19440426,0,OKC02,h,CIA,0,1,0,exhibition,y,,
KCM194404270,duncf102,KCM,1,2,value,27,,,,,0,,,,,1,19440427,0,DAL01,h,CIA,1,0,0,exhibition,,,
BIR194405141,duncf102,KCM,1,2,value,21,3,0,0,0,0,0,0,2,0,0,19440514,1,BIR01,v,BIR,0,1,0,regular,y,d,
BIR194405142,duncf102,KCM,1,2,value,18,,,0,,0,,,,,1,19440514,2,BIR01,v,BIR,0,1,0,regular,,,
KCM194405211,duncf102,KCM,1,3,value,27,10,0,0,1,0,,,,,1,19440521,1,KAN05,h,MEM,1,0,0,regular,y,d,
KCM194405212,duncf102,KCM,1,3,value,21,10,0,0,0,0,,,,,1,19440521,2,KAN05,h,MEM,0,1,0,regular,y,y,
KCM194405230,duncf102,KCM,1,9,value,27,,,1,0,0,,,,,1,19440523,0,MUS01,h,CAG,0,1,0,regular,y,,
KCM194406070,duncf102,KCM,1,2,value,27,,,,,0,,,,,1,19440607,0,IND10,h,NY6,0,1,0,exhibition,,,
CVB194406111,duncf102,KCM,1,2,value,,4,0,0,0,0,,,,,1,19440611,1,CLE06,v,CVB,1,0,0,regular,y,,
CVB194406112,duncf102,KCM,1,2,value,18,4,2,0,0,0,,,,,1,19440611,2,CLE06,v,CVB,0,1,0,regular,y,,
KCM194406140,duncf102,KCM,1,2,value,27,,,,,0,,,,,1,19440614,0,MTG01,h,CVB,1,0,0,regular,,,
KCM194406160,duncf102,KCM,1,2,value,27,,,,,0,,,,,1,19440616,0,BEL01,h,CIA,0,1,0,regular,,,
HOM194406251,duncf102,KCM,1,3,value,3,1,0,0,0,0,,,,,0,19440625,1,WAS09,v,HOM,0,1,0,exhibition,y,d,
PH5194406270,duncf102,KCM,1,2,value,24,8,3,0,0,0,0,0,0,2,1,19440627,0,PHI11,v,PH5,0,1,0,exhibition,y,y,
NY6194407022,duncf102,KCM,1,2,value,15,8,1,0,0,0,0,0,0,0,0,19440702,2,NYC15,v,NY6,0,1,0,exhibition,y,d,
KCM194407231,duncf102,KCM,1,2,value,24,2,0,0,0,0,0,0,0,,1,19440723,1,KAN05,h,CVB,0,1,0,regular,y,,
KCM194407302,duncf102,KCM,1,2,value,14,8,0,1,0,0,2,0,2,0,0,19440730,2,CHI11,h,MEM,0,1,0,regular,y,d,
CAG194408061,duncf102,KCM,1,2,value,27,1,1,0,1,0,0,0,0,1,1,19440806,1,DET04,v,CAG,1,0,0,regular,y,d,
KCM194408210,duncf102,KCM,1,2,value,27,15,1,0,0,0,0,0,0,0,1,19440821,0,KAN05,h,BIR,1,0,0,regular,y,d,
CAG194408230,duncf102,KCM,1,2,value,,,,0,,0,,,,,1,19440823,0,CHI10,v,CAG,0,1,0,regular,,,
NY6194408272,duncf102,KCM,1,2,value,27,7,1,0,0,0,0,0,0,0,1,19440827,2,NYC16,v,NY6,1,0,0,exhibition,y,d,
KCM194409110,duncf102,KCM,1,2,value,27,17,1,1,0,0,0,0,0,0,1,19440911,0,KAN05,h,CIA,1,0,0,exhibition,y,d,
KCM194409200,duncf102,KCM,1,2,value,27,,,,,0,,,,,1,19440920,0,SAT02,h,CIA,1,0,0,exhibition,,,
SAS194410010,duncf102,SAS,1,2,value,15,3,0,0,0,0,0,0,0,0,1,19441001,0,NOL01,h,NAS,0,1,0,allstar,y,d,
MEM194504130,duncf102,KCM,1,2,value,27,,,0,,0,,,,,1,19450413,0,LRK02,v,MEM,1,0,0,exhibition,,,
KCM194504290,duncf102,KCM,1,2,value,27,,,0,,0,,,,,1,19450429,0,HOU04,h,CIA,1,0,0,exhibition,,,
CIA194505020,duncf102,KCM,1,2,value,27,,,0,,0,,,,,1,19450502,0,FTW01,v,CIA,1,0,0,exhibition,,,
KCM194505060,duncf102,KCM,1,2,value,27,5,0,0,0,0,0,,,,1,19450506,0,KAN05,h,CAG,1,0,0,regular,y,,
CAG194505201,duncf102,KCM,1,2,value,3,1,0,0,0,0,0,,,,,19450520,1,COL05,v,CAG,1,0,0,regular,y,,
CAG194505290,duncf102,KCM,1,2,value,,,,0,0,0,0,,,,,19450529,0,RAC01,v,CAG,1,0,0,regular,y,,
CAG194505301,duncf102,KCM,1,2,value,27,,,0,,0,,,,,1,19450530,1,CHI10,v,CAG,1,0,0,regular,,,
BIR194506040,duncf102,KCM,1,2,value,24,,,0,,0,,,,,1,19450604,0,MTG01,v,BIR,0,1,0,regular,,,
KCM194506101,duncf102,KCM,1,2,value,27,13,1,0,0,0,0,,,,1,19450610,1,KAN05,h,CIA,1,0,0,regular,y,,
CIA194506130,duncf102,KCM,1,2,value,39,,,0,,0,,,,,1,19450613,0,CIN07,v,CIA,0,0,1,regular,,,
KCM194507011,duncf102,KCM,1,2,value,25,11,0,0,0,0,0,,,,,19450701,1,KAN05,h,CVB,0,1,0,regular,y,,
KCM194507012,duncf102,KCM,1,2,value,,2,0,1,0,0,0,,,,,19450701,2,KAN05,h,CVB,0,1,0,regular,y,,
KCM194507042,duncf102,KCM,1,2,value,27,5,0,0,0,0,0,,,,1,19450704,2,KAN05,h,CVB,0,1,0,regular,y,,
NY5194508122,duncf102,KCM,1,2,value,27,11,0,0,0,0,1,,,,1,19450812,2,NYC16,v,NY5,1,0,0,exhibition,y,,
CAG194508261,duncf102,KCM,1,2,value,24,4,3,0,0,0,0,0,0,3,1,19450826,1,CHI10,v,CAG,0,1,0,regular,y,d,
KCM194509031,duncf102,KCM,1,2,value,,1,0,0,0,0,0,,,,,19450903,1,KAN05,h,MEM,1,0,0,regular,y,,
KCM194509032,duncf102,KCM,1,2,value,21,7,2,0,0,0,0,,,,1,19450903,2,KAN05,h,MEM,1,0,0,regular,y,,
PH5194509091,duncf102,KCM,1,2,value,27,,,0,0,0,0,,,,1,19450909,1,DET04,v,PH5,1,0,0,exhibition,y,,
KCM194509180,duncf102,KCM,1,2,value,27,9,2,0,1,0,0,,,,1,19450918,0,KAN05,h,CIA,1,0,0,exhibition,y,,
KCM194509200,duncf102,KCM,1,3,value,27,9,,0,1,0,,,,,1,19450920,0,OKC02,h,CIA,0,1,0,exhibition,y,,
ASP194610130,duncf102,ASP,1,2,value,27,3,1,0,0,0,0,0,0,1,1,19461013,0,KAN05,h,ASF,1,0,0,exhibition,y,d,
ASF194610140,duncf102,ASP,1,2,value,6,1,0,0,0,0,1,0,0,0,0,19461014,0,KAN05,v,ASF,0,1,0,exhibition,y,d,
