gid,visteam,hometeam,site,date,number,starttime,daynight,innings,tiebreaker,usedh,htbf,timeofgame,attendance,fieldcond,precip,sky,temp,winddir,windspeed,oscorer,forfeit,suspend,umphome,ump1b,ump2b,ump3b,umplf,umprf,wp,lp,save,gametype,vruns,hruns,wteam,lteam,line,batteries,lineups,box,pbp,season
HOM193604131,WEG,HOM,ATL04,19360413,1,,day,,,false,,0,1500,unknown,unknown,unknown,0,unknown,-1,,,,,,,,,,browr103,howar101,,exhibition,0,10,HOM,WEG,y,both,y,y,d,1936
HOM193604132,WEG,HOM,ATL04,19360413,2,,day,7,,,,,1500,,,,,,,,,,,,,,,,welmr101,evanf101,,exhibition,0,3,HOM,WEG,,,,,,1936
WEG193604191,NY5,WEG,NSH02,19360419,1,,day,,,,,,,,,,,,,,,,,,,,,,,,,exhibition,7,4,NY5,WEG,,,,,,1936
WEG193604192,NY5,WEG,NSH02,19360419,2,,day,7,,,,,,,,,,,,,,,,,,,,,,,,exhibition,5,1,NY5,WEG,,,,,,1936
PTC193605050,WEG,PTC,PIT09,19360505,0,,night,9,,FALSE,,,,,,,,,,,,,harrm103,,craij901,,,,grifb102,smitt105,,exhibition,7,2,WEG,PTC,y,both,y,y,,1936
PTC193605060,WEG,PTC,PIT09,19360506,0,,night,9,,FALSE,,,,,,,,,,,,,,,,,,,,,,exhibition,11,7,WEG,PIT,,,,,,1936
NW2193605090,WEG,NW2,NWK04,19360509,0,,day,,,false,,0,0,unknown,unknown,unknown,0,unknown,-1,,,,harrm103,gholb901,,,,,porta103,day-l101,grifb102,regular,8,6,WEG,NW2,y,both,y,y,d,1936
NW2193605101,WEG,NW2,NWK04,19360510,1,,day,,,,,,3500,,,,,,,,,,gholb901,harrm103,,,,,mcdut101,grifb102,,regular,6,10,NW2,WEG,y,both,y,y,,1936
NW2193605102,WEG,NW2,NWK04,19360510,2,,day,7,,false,,0,3500,unknown,unknown,unknown,0,unknown,-1,,,,harrm103,gholb901,,,,,bellw101,grifb102,,regular,3,4,NW2,WEG,y,both,y,y,d,1936
NW2193605110,WEG,NW2,NWK04,19360511,0,,night,,,,,,,,,,,,,,,,,,,,,,day-l101,holml101,,regular,1,3,NW2,WEG,y,both,y,y,,1936
WEG193605160,NW2,WEG,WAS09,19360516,0,,day,,,false,,115,1500,unknown,unknown,unknown,0,unknown,-1,,,,kempu901,spenh901,,,,,grifb102,mcdut101,,regular,1,5,WEG,NW2,y,both,y,y,y,1936
WEG193605170,NW2,WEG,WAS09,19360517,0,,,,,,,,2500,,,,,,,,,,,,,,,,porta103,day-l101,,regular,5,9,WEG,NW2,y,both,y,y,,1936
WEG193605231,PTC,WEG,WAS09,19360523,1,,day,,,false,,100,2000,unknown,unknown,unknown,0,unknown,-1,,,,harrm103,kempu901,,,,,matll101,willj117,,regular,3,1,PTC,WEG,y,both,y,y,d,1936
WEG193605232,PTC,WEG,WAS09,19360523,2,,day,,,false,,130,2000,unknown,unknown,unknown,0,unknown,-1,,,,harrm103,kempu901,,,,,byrdb101,carts102,,regular,5,6,WEG,PTC,y,both,y,y,d,1936
WEG193605240,PTC,WEG,WAS09,19360524,0,,day,,,false,,0,0,unknown,unknown,unknown,0,unknown,-1,,,,,,,,,,matll101,byrdb101,,regular,10,8,PTC,WEG,y,both,y,y,d,1936
NY6193605300,WEG,NY6,PAT01,19360530,0,,day,,,false,,0,2500,unknown,unknown,unknown,0,unknown,-1,,,,,,,,,,willj117,taylj108,grifb102,regular,9,8,WEG,NY6,y,both,y,y,d,1936
WEG193605311,NY6,WEG,WAS09,19360531,1,,day,,,false,,0,3000,unknown,unknown,unknown,0,unknown,-1,,,,,,,,,,byrdb101,brewc102,grifb102,regular,3,4,WEG,NY6,y,both,y,y,d,1936
WEG193605312,NY6,WEG,WAS09,19360531,2,,day,,,false,,0,3000,unknown,unknown,unknown,0,unknown,-1,,,,,,,,,,stann101,grifb102,albrt101,regular,8,7,NY6,WEG,y,both,y,y,d,1936
PH5193606020,WEG,PH5,CAM04,19360602,0,,night,,,false,,0,0,unknown,unknown,unknown,0,unknown,-1,,,,,,,,,,thoms105,willj117,,exhibition,2,4,PH5,WEG,y,both,y,y,d,1936
PTC193606050,WEG,PTC,PIT09,19360605,0,,night,,,,,115,,,,,,,,,,,harrm103,harrb901,,,,,byrdb101,smitt105,,regular,16,0,WEG,PTC,y,both,y,y,,1936
PTC193606060,WEG,PTC,PIT09,19360606,0,,night,,,,,,,,,,,,,,,,harrm103,harrb901,,,,,porta103,matll101,,regular,10,4,WEG,PTC,y,both,y,y,,1936
PTC193606071,WEG,PTC,PIT09,19360607,1,,day,,,,,,,,,,,,,,,,harrm103,harrb901,,,,,grifb102,paigs101,byrdb101,regular,8,5,WEG,PTC,y,both,y,y,,1936
PTC193606072,WEG,PTC,PIT09,19360607,2,,day,,,,,,,,,,,,,,,,harrm103,harrb901,,,,,paigs101,wilsl102,,regular,3,8,PTC,WEG,y,both,,,,1936
NY5193606150,WEG,NY5,MID04,19360615,0,,night,,,false,,0,0,unknown,unknown,unknown,0,unknown,-1,,,,morru902,stevu901,,,,,byrdb101,browb107,porta103,exhibition,10,9,WEG,NY5,y,both,y,y,d,1936
PH5193606201,WEG,PH5,PHI17,19360620,1,,day,,,false,,110,0,unknown,unknown,unknown,0,unknown,-1,,,,harrm103,crumj101,,,,,byrdb101,yokel101,,regular,3,0,WEG,PH5,y,both,y,y,d,1936
PH5193606202,WEG,PH5,PHI17,19360620,2,,day,,,false,,0,0,unknown,unknown,unknown,0,unknown,-1,,,,harrm103,crumj101,,,,,grifb102,huntb106,willj117,regular,5,2,WEG,PH5,y,both,y,y,d,1936
WEG193606210,PH5,WEG,WAS09,19360621,0,,day,,,false,,0,0,unknown,unknown,unknown,0,unknown,-1,,,,,,,,,,grifb102,mcdow101,,regular,1,5,WEG,PH5,y,both,y,y,d,1936
HOM193606240,WEG,HOM,ALT01,19360624,0,,night,8,,,,,,,,,,,,,,,,,,,,,welmr101,johna107,,exhibition,6,11,HOM,WEG,y,both,y,y,,1936
WEG193606260,HOM,WEG,HAG01,19360626,0,,night,,,,,,,,,,,,,,,,,,,,,,,,,exhibition,6,5,HOM,WEG,,,,,,1936
WEG193606270,HOM,WEG,WAS09,19360627,0,,,,,,,135,,,,,,,,,,,turnu901,kempu901,,,,,parkt101,willj117,,regular,7,5,HOM,WEG,y,both,y,y,,1936
WEG193606281,HOM,WEG,WAS09,19360628,1,,day,,,,,,3500,,,,,,,,y,,turnu901,,,,,,,,,regular,9,0,WEG,HOM,,,,,,1936
WEG193606282,HOM,WEG,WAS09,19360628,2,,day,,,,,,3500,,,,,,,,,,turnu901,,,,,,welmr101,byrdb101,,regular,9,8,HOM,WEG,y,both,y,y,,1936
NW2193607041,WEG,NW2,NWK04,19360704,1,,,,,,,130,,,,,,,,,,,gholb901,turnu901,,,,,grifb102,bellw101,,regular,11,2,WEG,NW2,y,both,y,y,,1936
NW2193607042,WEG,NW2,NWK04,19360704,2,,day,,,false,,0,0,unknown,unknown,unknown,0,unknown,-1,,,,turnu901,gholb901,,,,,evanb105,porta103,,regular,3,4,NW2,WEG,y,both,y,y,d,1936
NY5193607060,WEG,NY5,MID04,19360706,0,,night,,,false,,0,0,unknown,unknown,unknown,0,unknown,-1,,,,malou902,morru902,,,,,davir103,grifb102,,exhibition,6,11,NY5,WEG,y,both,y,y,d,1936
PTC193607090,WEG,PTC,COL04,19360709,0,,,9,,FALSE,,,,,,,,,,,,,,,,,,,,,,exhibition,7,11,PTC,WEG,,,,,,1936
PTC193607100,WEG,PTC,LOU05,19360710,0,,,,,,,,3500,,,,,,,,,,,,,,,,,,,regular,6,11,PTC,WEG,,p,,,,1936
WEG193607110,PTC,WEG,BGK01,19360711,0,,day,,,,,,,,,,,,,,,,charo101,wrigb104,,,,,lewij104,currg102,,exhibition,15,5,PTC,WEG,y,both,y,y,,1936
WEG193607121,PTC,WEG,NSH02,19360712,1,,,,,,,,3000,,,,,,,,,,,,,,,,paigs101,,,regular,13,2,PTC,WEG,,,,,,1936
WEG193607122,PTC,WEG,NSH02,19360712,2,,,,,,,,3000,,,,,,,,,,,,,,,,grifb102,,,regular,2,7,WEG,PTC,,,,,,1936
WEG193607130,PTC,WEG,NSH02,19360713,0,,day,9,,FALSE,,,,,,,,,,,,,,,,,,,matll101,byrdb101,,regular,6,3,PTC,WEG,y,both,,,,1936
PTC193607170,WEG,PTC,DAY03,19360717,0,,night,9,,FALSE,,,2900,,,,,,,,,,,,,,,,,,,regular,8,4,WEG,PTC,y,both,,,,1936
PTC193607181,WEG,PTC,PIT09,19360718,1,,day,9,,FALSE,,,,,,,,,,,,,craij901,,harrb901,,,,byrdb101,smitt105,,regular,11,3,WEG,PTC,y,both,y,y,,1936
PTC193607182,WEG,PTC,PIT09,19360718,2,,day,7,,false,,0,0,unknown,unknown,unknown,0,unknown,-1,,,,craij901,harrb901,,,,,stres101,willj117,,regular,3,4,PTC,WEG,y,both,y,y,d,1936
PTC193607191,WEG,PTC,CLE06,19360719,1,,day,,,false,,0,10000,unknown,unknown,unknown,0,unknown,-1,,,,craij901,harrb901,(none),hayeg901,,,paigs101,grifb102,,regular,1,4,PTC,WEG,y,both,y,y,d,1936
PTC193607192,WEG,PTC,CLE06,19360719,2,,day,7,,false,,0,10000,unknown,unknown,unknown,0,unknown,-1,,,,craij901,harrb901,(none),hayeg901,,,smitt105,porta103,,regular,6,10,PTC,WEG,y,both,y,y,d,1936
PTC193607200,WEG,PTC,PIT09,19360720,0,,night,,,,,,,,,,,,,,,,,,,,,,matll101,wilsl102,,regular,1,7,PTC,WEG,y,both,y,y,,1936
WEG193607250,NY5,WEG,WAS09,19360725,0,,night,,,false,,0,0,unknown,unknown,unknown,0,unknown,-1,,,,craij901,kempu901,,,,,davir103,grifb102,,regular,1,0,NY5,WEG,y,both,y,y,d,1936
WEG193607261,NY5,WEG,WAS09,19360726,1,,day,,,false,,135,4500,unknown,unknown,unknown,0,unknown,-1,,,,craij901,kempu901,,,,,browb107,willj117,,regular,7,2,NY5,WEG,y,both,y,y,d,1936
WEG193607262,NY5,WEG,WAS09,19360726,2,,day,,,false,,135,4500,unknown,unknown,unknown,0,unknown,-1,,,,craij901,kempu901,,,,,hollb106,byrdb101,,regular,5,3,NY5,WEG,y,both,y,y,d,1936
NY6193607280,WEG,NY6,NYC25,19360728,0,,night,,,,,,,,,,,,,,,,,,,,,,brewc102,porta103,,exhibition,7,19,NY6,WEG,,,,,,1936
WEG193608010,NW2,WEG,WAS09,19360801,0,,day,,,false,,125,0,unknown,unknown,unknown,0,unknown,-1,,,,craij901,kempu901,,,,,bellw101,johna107,,regular,10,2,NW2,WEG,y,both,y,y,d,1936
WEG193608021,NW2,WEG,WAS09,19360802,1,,day,,,false,,0,0,unknown,unknown,unknown,0,unknown,-1,,,,craij901,kempu901,,,,,evanb105,willj117,,regular,3,0,NW2,WEG,y,both,y,y,d,1936
WEG193608022,NW2,WEG,WAS09,19360802,2,,day,7,,,,,,,,,,,,,,,craij901,kempu901,,,,,stewf102,day-l101,,regular,4,13,WEG,NW2,y,both,y,y,,1936
NW2193608040,WEG,NW2,NWK04,19360804,0,,night,,,FALSE,,175,,,,,,,,,,,,,,,,,day-l101,byrdb101,,regular,6,7,NW2,WEG,y,both,y,y,,1936
CI1193608090,WEG,CI1,CIN07,19360809,0,,day,,,,,,,,,,,,,,,,reedp901,gordu901,,,,,porta103,housj103,johna107,exhibition,14,10,WEG,CI1,y,both,y,y,,1936
WEG193608150,PTC,WEG,WAS09,19360815,0,,day,,,,,145,,,,,,,,,,,harrm103,kempu901,,,,,,,,regular,8,8,,,y,both,y,y,,1936
WEG193608161,PTC,WEG,WAS09,19360816,1,,day,,,false,,121,4000,unknown,unknown,unknown,0,unknown,-1,,,,harrb901,kempu901,,,,,willj117,smitt105,,regular,2,10,WEG,PTC,y,both,y,y,d,1936
WEG193608162,PTC,WEG,WAS09,19360816,2,,day,7,,false,,92,4000,unknown,unknown,unknown,0,unknown,-1,,,,harrb901,kempu901,,,,,byrdb101,fostw101,,regular,5,6,WEG,PTC,y,both,y,y,d,1936
WEG193608190,PTC,WEG,PHI17,19360819,0,,night,,,,,,,,,,,,,,,,crumj101,gansj101,,,,,smitt105,grifb102,fostw101,exhibition,3,9,PTC,WEG,y,both,y,y,,1936
PTC193608210,WEG,PTC,AKR01,19360821,0,,night,,,,,,500,,,,,,,,,,lobau901,garmu901,,,,,carts102,byrdb101,stres101,exhibition,9,16,PTC,WEG,y,both,y,y,,1936
PTC193608260,WEG,PTC,COL04,19360826,0,,night,,,FALSE,,,,,,,,,,,,,,,,,,,,,,regular,5,4,WEG,PTC,,,,,,1936
PTC193608270,WEG,PTC,CAN03,19360827,0,,night,,,false,,0,0,unknown,unknown,unknown,0,unknown,-1,,,,johnu903,babcu901,,,,,harvb101,porta103,,regular,1,3,PTC,WEG,y,both,y,y,d,1936
NY5193608301,WEG,NY5,CLE06,19360830,1,,day,5,,,,70,,,,,,,,,,,hayeg901,harrm103,,,,,grifb102,hollb106,willj117,exhibition,6,4,WEG,NY5,y,both,y,y,,1936
PTC193608310,WEG,PTC,CLP01,19360831,0,,day,,,false,,0,0,unknown,unknown,unknown,0,unknown,-1,,,,fostu901,cowdu901,,,,,smitt105,willj117,,exhibition,6,7,PTC,WEG,y,both,y,y,d,1936
NY6193609030,WEG,NY6,PHI17,19360903,0,,night,,,FALSE,,,,,,,,,,,,,,,,,,,dihim101,porta103,,exhibition,1,11,NY6,WEG,,both,y,y,,1936
PTC193609040,WEG,PTC,MID03,19360904,0,,day,,,FALSE,,,900,,,,,,,,,,fiela901,,coopu901,,,,willj117,kinch101,,exhibition,10,1,WEG,PTC,y,both,y,y,,1936
PH5193609051,WEG,PH5,PHI17,19360905,1,,day,,,,,,,,,,,,,,,,,,,,,,byrdb101,mcdow101,porta103,regular,9,7,WEG,PH5,y,both,y,y,,1936
PH5193609052,WEG,PH5,PHI17,19360905,2,,day,7,,,,,,,,,,,,,,,,,,,,,huntb106,grifb102,,regular,4,8,PH5,WEG,y,both,y,y,,1936
NY5193609071,WEG,NY5,NYC23,19360907,1,,day,,,,,,,,,,,,,,,,browu901,shanu901,,clinu901,,,willj117,davir103,,regular,6,2,WEG,NY5,y,both,y,y,,1936
NY5193609072,WEG,NY5,NYC23,19360907,2,,day,,,,,,,,,,,,,,,,clinu901,shanu901,,browu901,,,mcheh101,porta103,,regular,7,11,NY5,WEG,y,both,y,y,,1936
NY5193609073,WEG,NY5,FRE01,19360907,3,,night,,,,,,,,,,,,,,,,,,,,,,willw105,browb107,,regular,3,2,WEG,NY5,y,both,,,,1936
NY5193609110,WEG,NY5,TRE01,19360911,0,,night,9,,FALSE,,,700,,,,,,,,,,,,,,,,,,,exhibition,4,1,WEG,NY5,,,,,,1936
WEG193609140,PH5,WEG,TRE01,19360914,0,,night,,,,,,500,,,,,,,,,,toacu901,dileu901,,,,,mcdow101,willn103,,exhibition,5,3,PH5,WEG,y,both,y,y,,1936
NY5193609160,WEG,NY5,PGK01,19360916,0,,night,,,,,125,6000,,,,,,,,,,bealu901,careu901,,,,,hollb106,younu101,browb107,exhibition,4,12,NY5,WEG,y,both,y,y,,1936
PH5193609170,WEG,PH5,PHI17,19360917,0,,night,,,false,,0,0,unknown,unknown,unknown,0,unknown,-1,,,,,,,,,,byrdb101,thoms105,willj117,playoff,7,5,WEG,PH5,y,both,y,y,d,1936
PH5193609201,WEG,PH5,NYC14,19360920,1,,day,,,false,,0,20000,unknown,unknown,unknown,0,unknown,-1,,,,turnu901,harrm103,devoj102,gholb901,,,byrdb101,huntb106,,exhibition,7,3,WEG,PH5,y,both,y,y,d,1936
PTC193609210,WEG,PTC,PHI17,19360921,0,,night,,,FALSE,,,,,,,,,,,,,,,,,,,porta103,stres101,,lcs,2,0,WEG,PTC,,,,,,1936
WEG193609271,PTC,WEG,NSH02,19360927,1,,,,,,,,,,,,,,,,,,,,,,,,,,,lcs,9,8,PTC,WEG,,,,,,1936
WEG193609272,PTC,WEG,NSH02,19360927,2,,,,,,,,,,,,,,,,,,,,,,,,,,,lcs,1,2,WEG,PTC,,,,,,1936
MEM193704180,WEG,MEM,MEM02,19370418,0,,,9,,FALSE,,132,,,,,,,,,,,wallg901,,goodw901,,,,grifb102,sumrw101,willw105,exhibition,13,3,WEG,MEM,y,both,y,y,,1937
PTC193705151,WEG,PTC,PIT09,19370515,1,,day,,,false,,90,0,unknown,unknown,unknown,0,unknown,-1,,,,harrm103,turnc101,,,,,lewij104,grifb102,matll101,regular,6,7,PTC,WEG,y,both,y,y,d,1937
PTC193705152,WEG,PTC,PIT09,19370515,2,,day,7,,,,,,,,,,,,,,,harrm103,turnc101,,,,,harvb101,direj101,,regular,4,5,PTC,WEG,y,both,,,,1937
WEG193705161,PTC,WEG,BAL10,19370516,1,,day,,,,,,,,,,,,,,,,turnc101,,,,,,byrdb101,matll101,willw105,regular,6,7,WEG,PTC,,p,,,,1937
WEG193705162,PTC,WEG,BAL10,19370516,2,,day,,,,,,,,,,,,,,,,,,,,,,porta103,smitt105,,regular,3,4,WEG,PTC,,p,,,,1937
WEG193705220,PTC,WEG,PAT01,19370522,0,,day,,,false,,150,0,unknown,unknown,unknown,0,unknown,-1,,,,forbf901,washu901,,,,,direj101,morrb104,willw105,regular,1,2,WEG,PTC,y,both,y,y,d,1937
WEG193705230,PTC,WEG,NYC25,19370523,0,,day,,,false,,0,0,unknown,unknown,unknown,0,unknown,-1,,,,washu901,forbf901,,,,,byrdb101,smitt105,,regular,4,10,WEG,PTC,y,both,y,y,d,1937
WEG193705290,HOM,WEG,WAS09,19370529,0,,day,,,false,,0,1000,unknown,unknown,unknown,0,unknown,-1,,,,craij901,cockp101,,,,,grifb102,dulal101,,regular,4,7,WEG,HOM,y,both,y,y,d,1937
WEG193705300,HOM,WEG,WAS09,19370530,0,,day,,,false,,0,2500,unknown,unknown,unknown,0,unknown,-1,,,,craij901,cockp101,,,,,browr103,porta103,,regular,8,3,HOM,WEG,y,both,y,y,d,1937
HOM193705311,WEG,HOM,PIT09,19370531,1,,day,,,,,,,,,,,,,,,,,,,,,,parkt101,byrdb101,,regular,9,21,HOM,WEG,y,both,y,y,,1937
HOM193705312,WEG,HOM,PIT09,19370531,2,,day,7,,,,,,,,,,,,,,,,,,,,,walke103,willw105,,regular,1,3,HOM,WEG,y,both,,,,1937
HOM193706010,WEG,HOM,ALT02,19370601,0,,night,,,false,,0,0,unknown,unknown,unknown,0,unknown,-1,,,,craij901,cockp101,,,,,walkg103,porta103,browr103,regular,7,8,HOM,WEG,y,both,y,y,d,1937
PH5193706020,WEG,PH5,CHE02,19370602,0,,night,,,false,,0,0,unknown,unknown,unknown,0,unknown,-1,,,,,,,,,,,,,regular,2,2,,,y,both,y,y,d,1937
NW2193706050,WEG,NW2,PAT01,19370605,0,,day,,,false,,0,0,unknown,unknown,unknown,0,unknown,-1,,,,,,,,,,mcdut101,direj101,,regular,7,8,NW2,WEG,y,both,y,y,d,1937
WEG193706060,NW2,WEG,WAS09,19370606,0,,day,,,false,,0,0,unknown,unknown,unknown,0,unknown,-1,,,,,,,,,,mcdut101,byrdb101,,regular,5,2,NW2,WEG,y,both,y,y,d,1937
NW2193706070,WEG,NW2,TRE01,19370607,0,,night,,,,,,,,,,,,,,,,,,,,,,,,,regular,4,4,,,,,,,,1937
NY5193706110,WEG,NY5,NYC25,19370611,0,,night,,,,,,,,,,,,,,,,,,,,,,kinch101,willw105,,regular,3,8,NY5,WEG,y,both,,,,1937
PH5193706121,WEG,PH5,PHI17,19370612,1,,day,9,,FALSE,,,,,,,,,,,,,,,,,,,direj101,ellir105,,regular,15,6,WEG,PH5,y,both,y,y,,1937
PH5193706122,WEG,PH5,PHI17,19370612,2,,day,7,,FALSE,,,,,,,,,,,,,,,,,,,thoms105,porta103,,regular,1,5,PH5,WEG,y,both,y,y,,1937
WEG193706130,PH5,WEG,WAS09,19370613,0,,day,,,false,,0,2800,unknown,unknown,unknown,0,unknown,-1,,,,forbf901,washu901,,,,,ellir105,willj117,,regular,8,5,PH5,WEG,y,both,y,y,d,1937
WEG193706191,NW2,WEG,PHI17,19370619,1,,day,,,,,,3500,,,,,,,,,,,,,,,,,,,regular,6,7,WEG,NW2,,,,,,1937
WEG193706192,NW2,WEG,PHI17,19370619,2,,day,7,,false,,0,3500,unknown,unknown,unknown,0,unknown,-1,,,,,,,,,,mcdut101,willw105,,regular,6,5,NW2,WEG,y,both,y,y,d,1937
WEG193706201,NW2,WEG,PHI17,19370620,1,,,,,,,,,,,,,,,,,,,,,,,,,,,regular,3,8,WEG,NW2,,,,,,1937
WEG193706202,NW2,WEG,PHI17,19370620,2,,,7,,,,,,,,,,,,,,,,,,,,,,,,regular,6,5,NW2,WEG,,,,,,1937
NW2193706210,WEG,NW2,TRE01,19370621,0,,,9,,FALSE,,,,,,,,,,,,,,,,,,,,,,regular,11,2,WEG,NW2,,,,,,1937
PTC193706220,WEG,PTC,CHA02,19370622,0,,night,,,false,,85,625,unknown,unknown,unknown,0,unknown,-1,,,,forbf901,washu901,,,,,willw105,lewij104,glovt101,regular,8,2,WEG,PTC,y,both,y,y,d,1937
NW2193706240,WEG,NW2,NWK04,19370624,0,,,,,FALSE,,,,,,,,,,,,,,,,,,,,,,regular,5,17,NW2,WEG,,,,,,1937
NY5193706260,WEG,NY5,PAT01,19370626,0,,day,,,false,,0,0,unknown,unknown,unknown,0,unknown,-1,,,,brucu902,cockp101,,,,,browb107,glovt101,,regular,3,4,NY5,WEG,y,both,y,y,d,1937
WEG193706271,PH5,WEG,BAL10,19370627,1,,day,,,false,,0,3000,unknown,unknown,unknown,0,unknown,-1,,,,turnc101,harrm103,,,,,byrdb101,missj102,,regular,4,6,WEG,PH5,y,both,y,y,d,1937
WEG193706272,PH5,WEG,BAL10,19370627,2,,day,7,,false,,0,3000,unknown,unknown,unknown,0,unknown,-1,,,,harrm103,turnc101,,,,,porta103,yokel101,,regular,1,3,WEG,PH5,y,both,y,y,d,1937
PH5193707030,WEG,PH5,PHI17,19370703,0,,night,9,,FALSE,,,,,,,,,,,,,,,,,,,thoms105,porta103,,regular,3,6,PH5,WEG,y,both,,,,1937
NY5193707041,WEG,NY5,NYC25,19370704,1,,day,,,,,,8000,,,,,,,,,,,,,,,,hollb106,byrdb101,,regular,11,12,NY5,WEG,y,both,,,,1937
NY5193707042,WEG,NY5,NYC25,19370704,2,,day,,,,,,8000,,,,,,,,,,,,,,,,,,,regular,3,5,NY5,WEG,,,,,,1937
PH5193707051,WEG,PH5,PHI17,19370705,1,,day,,,,,,,,,,,,,,,,,,,,,,,,,regular,7,4,WEG,PH5,,,,,,1937
PH5193707052,WEG,PH5,PHI17,19370705,2,,day,,,,,,,,,,,,,,,,,washu901,,,,,mcdow101,byrdb101,,regular,11,12,PH5,WEG,,,,,,1937
NW2193707100,WEG,NW2,PAT01,19370710,0,,day,,,false,,0,0,unknown,unknown,unknown,0,unknown,-1,,,,brutu901,musku901,,,,,evanb105,direj101,gainj102,regular,9,15,NW2,WEG,y,both,y,y,d,1937
WEG193707111,HOM,WEG,WAS09,19370711,1,,day,,,false,,0,3000,unknown,unknown,unknown,0,unknown,-1,,,,cockp101,craij901,,,,,glovt101,walkg103,,regular,2,3,WEG,HOM,y,both,y,y,d,1937
WEG193707112,HOM,WEG,WAS09,19370711,2,,day,7,,false,,0,3000,unknown,unknown,unknown,0,unknown,-1,,,,craij901,cockp101,,,,,welmr101,willw105,walke103,regular,8,2,HOM,WEG,y,both,y,y,y,1937
WEG193707130,PH5,WEG,BAL10,19370713,0,,night,,,false,,0,0,unknown,unknown,unknown,0,unknown,-1,,,,,,,,,,yokel101,porta103,missj102,regular,8,7,PH5,WEG,y,both,y,y,d,1937
WEG193707171,NY5,WEG,PHI17,19370717,1,,day,,,FALSE,,,,,,,,,,,,,,,,,,,willw105,hollb106,,regular,4,5,WEG,NY5,y,both,y,y,,1937
WEG193707172,NY5,WEG,PHI17,19370717,2,,day,5,,FALSE,,,,,,,,,,,,,,,,,,,glovt101,stann101,,regular,5,15,WEG,NY5,y,both,y,y,,1937
WEG193707181,NY5,WEG,BAL10,19370718,1,,day,,,false,,0,3500,unknown,unknown,unknown,0,unknown,-1,,,,turnc101,harrb901,,,,,direj101,browb107,,regular,1,2,WEG,NY5,y,both,y,y,d,1937
WEG193707182,NY5,WEG,BAL10,19370718,2,,day,7,,false,,0,3500,unknown,unknown,unknown,0,unknown,-1,,,,harrb901,turnc101,,,,,byrdb101,stann101,,regular,8,15,WEG,NY5,y,both,y,y,d,1937
WEG193707240,HOM,WEG,CUM01,19370724,0,,day,,,false,,0,0,unknown,unknown,unknown,0,unknown,-1,,,,,,,,,,walke103,direj101,,exhibition,7,6,HOM,WEG,y,both,y,y,d,1937
WEG193707250,HOM,WEG,BAL10,19370725,0,,day,,,false,,0,4000,unknown,unknown,unknown,0,unknown,-1,,,,crumj101,forbf901,,,,,glovt101,browr103,,regular,4,8,WEG,HOM,y,both,y,y,d,1937
HOM193707290,WEG,HOM,CHA01,19370729,0,,,9,,FALSE,,,,,,,,,,,,,,,,,,,,,,regular,2,8,HOM,WEG,,,,,,1937
HOM193707300,WEG,HOM,COL05,19370730,0,,,,,FALSE,,,,,,,,,,,,,,,,,,,,,,regular,4,7,HOM,WEG,,,,,,1937
HOM193707310,WEG,HOM,FMT01,19370731,0,,day,,,,,,3000,,,,,,,,,,turnc101,harrm103,,,,,walke103,porta103,browr103,regular,4,8,HOM,WEG,y,both,y,y,,1937
HOM193708011,WEG,HOM,CLE06,19370801,1,,day,,,false,,0,9500,unknown,unknown,unknown,0,unknown,-1,,,,turnc101,harrb901,(none),hayeg901,,,browr103,glovt101,,regular,2,3,HOM,WEG,y,both,y,y,d,1937
HOM193708012,WEG,HOM,CLE06,19370801,2,,day,7,,false,,0,9500,unknown,unknown,unknown,0,unknown,-1,,,,harrb901,turnc101,(none),hayeg901,,,dulal101,waita101,,regular,0,5,HOM,WEG,y,both,y,y,d,1937
HOM193708020,WEG,HOM,TOL05,19370802,0,,,,,FALSE,,,,,,,,,,,,,,,,,,,,byrdb101,,regular,9,11,HOM,WEG,,,,,,1937
HOM193708030,WEG,HOM,TOL05,19370803,0,9:00pm,night,,,FALSE,,,,,,,,,,,,,,,,,,,,,,regular,8,10,,,,,,,,1937
WEG193708050,NY5,WEG,TOL05,19370805,0,,,,,FALSE,,,,,,,,,,,,,,,,,,,porta103,,,regular,0,2,WEG,NY5,,,,,,1937
WEG193708060,NY5,WEG,DAY03,19370806,0,,night,,,,,,,,,,,,,,,,,,,,,,kinch101,waita101,rectc101,regular,10,8,NY5,WEG,y,both,,,,1937
WEG193708070,NY5,WEG,NSH02,19370807,0,,day,,,,,,,,,,,,,,,,,,,,,,kinch101,glovt101,,regular,7,2,NY5,WEG,,,,,,1937
WEG193708081,NY5,WEG,NSH02,19370808,1,,,,,,,,,,,,,,,,,,,,,,,,,,,exhibition,2,10,WEG,NY5,,,,,,1937
WEG193708082,NY5,WEG,NSH02,19370808,2,,,,,,,,,,,,,,,,,,,,,,,,,,,exhibition,2,11,WEG,NY5,,,,,,1937
WEG193708090,NY5,WEG,CHT01,19370809,0,,night,,,FALSE,,,700,,,,,,,,,,,,,,,,,,,exhibition,2,2,,,y,both,,,,1937
MEM193708101,WEG,MEM,MEM02,19370810,1,,,9,,FALSE,,,,,,,,,,,,,,,,,,,,,,exhibition,5,2,WEG,MEM,,,,,,1937
WEG193708102,NY5,WEG,MEM02,19370810,2,,,9,,FALSE,,,,,,,,,,,,,,,,,,,,,,exhibition,2,0,NY5,WEG,,,,,,1937
CI1193708122,WEG,CI1,CIN07,19370812,2,,day,7,,false,,0,0,unknown,unknown,unknown,0,unknown,-1,,,,reedp901,wardh901,,,,,,,,exhibition,2,2,,,y,both,y,y,d,1937
CI1193708124,WEG,CI1,MID02,19370812,4,,night,7,,FALSE,,,,,,,,,,,,,,,,,,,jeffw101,,,exhibition,0,1,CI1,WEG,,,,,,1937
WEG193708121,NY5,WEG,CIN07,19370812,1,,day,7,,false,,0,0,unknown,unknown,unknown,0,unknown,-1,,,,reedp901,wardh901,,,,,willw105,hollb106,,exhibition,2,3,WEG,NY5,y,both,y,y,d,1937
CI1193708132,WEG,CI1,COL05,19370813,2,,night,,,,,,,,,,,,,,,,,,,,,,,byrdb101,,exhibition,4,5,CI1,WEG,,,,,,1937
WEG193708131,NY5,WEG,COL05,19370813,1,,night,,,,,,,,,,,,,,,,,,,,,,,,,exhibition,4,5,WEG,NY5,,,,,,1937
NY5193708152,WEG,NY5,NYC16,19370815,2,,,,,,,,5000,,,,,,,,,,,,,,,,hollb106,porta103,,regular,1,4,NY5,WEG,,,,,,1937
PH5193708160,WEG,PH5,PHI17,19370816,0,,,9,,FALSE,,,,,,,,,,,,,,,,,,,byrdb101,mcdow101,,regular,11,2,WEG,PH5,y,both,y,y,,1937
WEG193708170,PTC,WEG,PGK01,19370817,0,,night,,,false,,145,3000,unknown,unknown,unknown,0,unknown,-1,,,,muelu901,sullu901,,,,,gainj102,cainm101,,regular,1,11,WEG,PTC,y,both,y,y,d,1937
PH5193708210,WEG,PH5,PHI17,19370821,0,,day,,,false,,0,0,unknown,unknown,unknown,0,unknown,-1,,,,,,,,,,thoms105,byrdb101,,regular,5,6,PH5,WEG,y,both,y,y,d,1937
WEG193708221,PH5,WEG,BAL10,19370822,1,,day,,,,,,,,,,,,,,,,,,,,,,mcdow101,gainj102,,regular,4,1,PH5,WEG,y,both,y,y,,1937
WEG193708222,PH5,WEG,BAL10,19370822,2,,day,7,,,,,,,,,,,,,,,,,,,,,ellir105,direj101,,regular,4,0,PH5,WEG,y,both,,,,1937
PH5193708280,WEG,PH5,PHI17,19370828,0,,night,,,false,,0,0,unknown,unknown,unknown,0,unknown,-1,,,,,,,,,,thoms105,willw105,,regular,9,12,PH5,WEG,y,both,y,y,d,1937
NY5193709010,WEG,NY5,WNY02,19370901,0,,night,,,false,,120,0,unknown,unknown,unknown,0,unknown,-1,,,,urbau901,disau901,,,,,waita101,willr106,,regular,6,5,WEG,NY5,y,both,y,y,d,1937
NY5193709061,WEG,NY5,NYC23,19370906,1,,day,,,false,,0,6000,unknown,unknown,unknown,0,unknown,-1,,,,craij901,forbf901,,,,,hollb106,direj101,,regular,1,3,NY5,WEG,y,both,y,y,d,1937
NY5193709062,WEG,NY5,NYC23,19370906,2,,day,7,,false,,0,6000,unknown,unknown,unknown,0,unknown,-1,,,,forbf901,craij901,,,,,willr106,porta103,stann101,regular,1,4,NY5,WEG,y,both,y,y,d,1937
NY5193709070,WEG,NY5,NYC25,19370907,0,,night,9,,FALSE,,,,,,,,,,,,,,,,,,,,,,regular,6,7,NY5,WEG,,,,,,1937
PH5193709111,WEG,PH5,PHI17,19370911,1,,day,,,,,,,,,,,,,,,,,,,,,,thoms105,porta103,,regular,2,4,PH5,WEG,y,both,y,y,,1937
PH5193709112,WEG,PH5,PHI17,19370911,2,,day,7,,,,,,,,,,,,,,,,,,,,,jones107,gainj102,robes104,regular,3,9,PH5,WEG,y,both,y,y,,1937
WEG193709130,PH5,WEG,YOR03,19370913,0,,night,,,false,,0,0,unknown,unknown,unknown,0,unknown,-1,,,,,,,,,,missj102,willw105,,exhibition,6,3,PH5,WEG,y,both,y,y,d,1937
