gid,id,team,d_seq,d_pos,stattype,d_ifouts,d_po,d_a,d_e,d_dp,d_tp,d_pb,d_wp,d_sb,d_cs,d_gs,date,number,site,vishome,opp,win,loss,tie,gametype,box,pbp,eject
KCM192308052,johnh102,KCM,1,9,value,27,2,0,0,0,0,,,,,1,19230805,2,KAN05,h,ML4,1,0,0,regular,y,,
KCM192404272,johnh102,KCM,1,7,value,24,1,0,0,0,0,,,,,1,19240427,2,KAN05,h,SSN,1,0,0,regular,y,,
HIL192410030,johnh102,KCM,1,9,value,27,3,0,0,0,0,,,,,1,19241003,0,PHI09,v,HIL,1,0,0,championship,y,y,
HIL192410040,johnh102,KCM,1,9,value,24,0,0,0,0,0,,,,,1,19241004,0,PHI09,v,HIL,0,1,0,championship,y,y,
HIL192410050,johnh102,KCM,1,9,value,18,0,0,0,0,0,,,,,1,19241005,0,BAL13,v,HIL,0,0,1,championship,y,y,
HIL192410060,johnh102,KCM,1,9,value,24,2,0,0,0,0,,,,,1,19241006,0,BAL13,v,HIL,0,1,0,championship,y,y,
KCM192410110,johnh102,KCM,1,7,value,24,0,0,0,0,0,,,,,1,19241011,0,KAN05,h,HIL,0,1,0,championship,y,y,
KCM192410140,johnh102,KCM,1,7,value,12,3,0,0,0,0,,,,,0,19241014,0,KAN05,h,HIL,1,0,0,championship,y,y,
KCM192410180,johnh102,KCM,1,7,value,27,5,1,0,0,0,,,,,1,19241018,0,CHI09,h,HIL,1,0,0,championship,y,y,
KCM192410190,johnh102,KCM,1,7,value,27,1,0,0,0,0,,,,,1,19241019,0,CHI09,h,HIL,0,1,0,championship,y,y,
KCM192410200,johnh102,KCM,1,7,value,27,0,0,0,0,0,,,,,1,19241020,0,CHI09,h,HIL,1,0,0,championship,y,y,
BLS192505031,johnh102,BLS,1,7,value,27,4,0,0,0,0,,,,,1,19250503,1,BAL13,h,CUE,0,1,0,regular,y,,
BLS192510111,johnh102,BLS,1,7,value,27,1,,0,0,0,,,,,1,19251011,1,BAL13,h,HOM,0,1,0,exhibition,y,,
BLS192910270,johnh102,BLS,1,9,value,27,0,0,0,0,0,,,,,1,19291027,0,BAL13,h,ASB,1,0,0,exhibition,y,,
CV6193106170,johnh102,LS4,1,2,value,24,5,3,0,0,0,0,,,,1,19310617,0,CLE11,v,CV6,0,1,0,regular,y,,
