gid,id,team,d_seq,d_pos,stattype,d_ifouts,d_po,d_a,d_e,d_dp,d_tp,d_pb,d_wp,d_sb,d_cs,d_gs,date,number,site,vishome,opp,win,loss,tie,gametype,box,pbp,eject
WS1193607192,fellb101,CLE,1,1,value,3,0,0,0,0,0,,,,,0,19360719,2,WAS09,v,WS1,0,1,0,regular,y,y,
CLE193607240,fellb101,CLE,1,1,value,6,0,0,0,0,0,,,,,0,19360724,0,CLE06,h,PHA,1,0,0,regular,y,y,
CLE193607261,fellb101,CLE,1,1,value,3,0,0,0,0,0,,,,,0,19360726,1,CLE06,h,PHA,0,1,0,regular,y,y,
DET193608030,fellb101,CLE,1,1,value,6,0,0,0,0,0,,,,,0,19360803,0,DET04,v,DET,0,1,0,regular,y,y,
SLA193608140,fellb101,CLE,1,1,value,3,0,0,0,0,0,,,,,0,19360814,0,STL07,v,SLA,1,0,0,regular,y,y,
SLA193608160,fellb101,CLE,1,1,value,3,0,0,0,0,0,,,,,0,19360816,0,STL07,v,SLA,0,1,0,regular,y,y,
CLE193608230,fellb101,CLE,1,1,value,27,0,0,0,0,0,,,,,1,19360823,0,CLE06,h,SLA,1,0,0,regular,y,y,
BOS193608302,fellb101,CLE,1,1,value,15,0,1,0,0,0,,,,,1,19360830,2,BOS07,v,BOS,0,1,0,regular,y,y,
NYA193609030,fellb101,CLE,1,1,value,3,0,0,0,0,0,,,,,1,19360903,0,NYC16,v,NYA,0,1,0,regular,y,y,
CLE193609072,fellb101,CLE,1,1,value,27,0,0,0,0,0,,,,,1,19360907,2,CLE06,h,SLA,1,0,0,regular,y,y,
CLE193609131,fellb101,CLE,1,1,value,27,0,0,0,0,0,,,,,1,19360913,1,CLE06,h,PHA,1,0,0,regular,y,y,
DET193609180,fellb101,CLE,1,1,value,18,0,2,0,0,0,,,,,1,19360918,0,DET04,v,DET,0,1,0,regular,y,y,
CLE193609231,fellb101,CLE,1,1,value,27,0,1,0,0,0,,,,,1,19360923,1,CLE06,h,CHA,1,0,0,regular,y,y,
CLE193609270,fellb101,CLE,1,1,value,18,0,1,0,0,0,,,,,1,19360927,0,CLE06,h,DET,1,0,0,regular,y,y,
MLS193610070,fellb101,MLS,1,1,value,9,0,0,0,0,0,,,,,1,19361007,0,DES01,h,NNS,0,1,0,exhibition,y,d,
CLE193704240,fellb101,CLE,1,1,value,18,0,1,0,0,0,,,,,1,19370424,0,CLE06,h,SLA,0,1,0,regular,y,y,
BOS193705180,fellb101,CLE,1,1,value,0,0,0,0,0,0,,,,,0,19370518,0,BOS07,v,BOS,1,0,0,regular,y,y,
WS1193706220,fellb101,CLE,1,1,value,6,0,0,0,0,0,,,,,0,19370622,0,WAS09,v,WS1,0,1,0,regular,y,y,
CLE193707040,fellb101,CLE,1,1,value,12,0,0,1,0,0,,,,,1,19370704,0,CLE07,h,DET,0,1,0,regular,y,y,
DET193707110,fellb101,CLE,1,1,value,26,0,2,0,0,0,,,,,1,19370711,0,DET04,v,DET,0,1,0,regular,y,y,
CLE193707180,fellb101,CLE,1,1,value,27,0,2,1,0,0,,,,,1,19370718,0,CLE07,h,NYA,0,1,0,regular,y,y,
CLE193707211,fellb101,CLE,1,1,value,3,0,0,0,0,0,,,,,0,19370721,1,CLE06,h,PHA,1,0,0,regular,y,y,
CLE193707240,fellb101,CLE,1,1,value,21,0,4,0,0,0,,,,,1,19370724,0,CLE06,h,BOS,1,0,0,regular,y,y,
PHA193707280,fellb101,CLE,1,1,value,1,0,0,0,0,0,,,,,0,19370728,0,PHI11,v,PHA,0,1,0,regular,y,y,
WS1193708010,fellb101,CLE,1,1,value,27,0,0,0,0,0,,,,,1,19370801,0,WAS09,v,WS1,1,0,0,regular,y,y,
NYA193708060,fellb101,CLE,1,1,value,27,0,1,0,0,0,,,,,1,19370806,0,NYC16,v,NYA,0,1,0,regular,y,y,
CLE193708111,fellb101,CLE,1,1,value,27,0,0,0,0,0,,,,,1,19370811,1,CLE06,h,SLA,1,0,0,regular,y,y,
CLE193708151,fellb101,CLE,1,1,value,24,0,3,0,0,0,,,,,1,19370815,1,CLE07,h,CHA,0,1,0,regular,y,y,
SLA193708190,fellb101,CLE,1,1,value,3,0,0,0,0,0,,,,,0,19370819,0,STL07,v,SLA,1,0,0,regular,y,y,
CHA193708221,fellb101,CLE,1,1,value,15,0,2,0,0,0,,,,,1,19370822,1,CHI10,v,CHA,0,1,0,regular,y,y,
CLE193708251,fellb101,CLE,1,1,value,27,0,0,0,0,0,,,,,1,19370825,1,CLE06,h,BOS,1,0,0,regular,y,y,
CLE193708292,fellb101,CLE,1,1,value,21,0,1,0,0,0,,,,,1,19370829,2,CLE07,h,WS1,0,1,0,regular,y,y,
CLE193709020,fellb101,CLE,1,1,value,27,0,2,0,1,0,,,,,1,19370902,0,CLE06,h,NYA,1,0,0,regular,y,y,
CLE193709062,fellb101,CLE,1,1,value,27,0,1,0,0,0,,,,,1,19370906,2,CLE07,h,CHA,1,0,0,regular,y,y,
DET193709100,fellb101,CLE,1,1,value,9,0,0,0,0,0,,,,,1,19370910,0,DET04,v,DET,1,0,0,regular,y,y,
NYA193709151,fellb101,CLE,1,1,value,21,0,4,0,0,0,,,,,1,19370915,1,NYC16,v,NYA,1,0,0,regular,y,y,
PHA193709191,fellb101,CLE,1,1,value,18,0,3,0,0,0,,,,,1,19370919,1,PHI11,v,PHA,0,1,0,regular,y,y,
WS1193709230,fellb101,CLE,1,1,value,3,0,0,0,0,0,,,,,0,19370923,0,WAS09,v,WS1,0,1,0,regular,y,y,
CLE193709262,fellb101,CLE,1,1,value,27,0,1,0,0,0,,,,,1,19370926,2,CLE06,h,DET,1,0,0,regular,y,y,
CHA193709280,fellb101,CLE,1,1,value,5,0,0,0,0,0,,,,,0,19370928,0,CHI10,v,CHA,1,0,0,regular,y,y,
CHA193709302,fellb101,CLE,1,1,value,24,0,1,0,0,0,,,,,1,19370930,2,CHI10,v,CHA,1,0,0,regular,y,y,
KCM193710101,fellb101,MLS,1,1,value,6,0,1,0,0,0,,,,,1,19371010,1,KAN05,v,KCM,1,0,0,exhibition,y,d,
KCM193710102,fellb101,MLS,1,1,value,6,0,0,0,0,0,,,,,0,19371010,2,WIC01,v,KCM,0,1,0,exhibition,y,d,
MLS193710110,fellb101,MLS,1,1,value,3,0,0,0,0,0,,,,,1,19371011,0,OKC01,h,KCM,0,1,0,exhibition,y,d,
CLE193804200,fellb101,CLE,1,1,value,27,0,0,0,0,0,,,,,1,19380420,0,CLE06,h,SLA,1,0,0,regular,y,y,
DET193804240,fellb101,CLE,1,1,value,27,0,1,0,0,0,,,,,1,19380424,0,DET04,v,DET,1,0,0,regular,y,y,
SLA193804290,fellb101,CLE,1,1,value,27,0,2,0,0,0,,,,,1,19380429,0,STL07,v,SLA,1,0,0,regular,y,y,
WS1193805040,fellb101,CLE,1,1,value,30,2,1,1,0,0,,,,,1,19380504,0,WAS09,v,WS1,0,1,0,regular,y,y,
BOS193805080,fellb101,CLE,1,1,value,12,0,0,0,0,0,,,,,1,19380508,0,BOS07,v,BOS,0,1,0,regular,y,y,
NYA193805120,fellb101,CLE,1,1,value,27,0,2,1,0,0,,,,,1,19380512,0,NYC16,v,NYA,1,0,0,regular,y,y,
CLE193805180,fellb101,CLE,1,1,value,27,0,2,0,0,0,,,,,1,19380518,0,CLE06,h,PHA,1,0,0,regular,y,y,
CLE193805220,fellb101,CLE,1,1,value,9,0,0,0,0,0,,,,,1,19380522,0,CLE07,h,NYA,1,0,0,regular,y,y,
CLE193805301,fellb101,CLE,1,1,value,27,0,2,0,0,0,,,,,1,19380530,1,CLE07,h,CHA,1,0,0,regular,y,y,
WS1193806040,fellb101,CLE,1,1,value,9,0,1,0,0,0,,,,,1,19380604,0,WAS09,v,WS1,1,0,0,regular,y,y,
BOS193806080,fellb101,CLE,1,1,value,18,0,1,0,0,0,,,,,1,19380608,0,BOS07,v,BOS,0,1,0,regular,y,y,
NYA193806120,fellb101,CLE,1,1,value,9,0,0,0,0,0,,,,,0,19380612,0,NYC16,v,NYA,0,1,0,regular,y,y,
CLE193806160,fellb101,CLE,1,1,value,27,1,2,0,1,0,,,,,1,19380616,0,CLE06,h,WS1,1,0,0,regular,y,y,
CLE193806210,fellb101,CLE,1,1,value,27,1,2,0,0,0,,,,,1,19380621,0,CLE06,h,NYA,1,0,0,regular,y,y,
CLE193806270,fellb101,CLE,1,1,value,27,0,1,0,0,0,,,,,1,19380627,0,CLE06,h,BOS,1,0,0,regular,y,y,
CLE193806300,fellb101,CLE,1,1,value,21,1,2,0,0,0,,,,,1,19380630,0,CLE06,h,DET,1,0,0,regular,y,y,
DET193807041,fellb101,CLE,1,1,value,24,0,1,0,0,0,,,,,1,19380704,1,DET04,v,DET,0,1,0,regular,y,y,
CLE193807090,fellb101,CLE,1,1,value,23,0,2,0,0,0,,,,,1,19380709,0,CLE06,h,SLA,1,0,0,regular,y,y,
WS1193807130,fellb101,CLE,1,1,value,26,1,0,0,0,0,,,,,1,19380713,0,WAS09,v,WS1,0,1,0,regular,y,y,
PHA193807170,fellb101,CLE,1,1,value,21,0,2,0,0,0,,,,,1,19380717,0,PHI11,v,PHA,1,0,0,regular,y,y,
BOS193807220,fellb101,CLE,1,1,value,9,0,1,0,0,0,,,,,1,19380722,0,BOS07,v,BOS,0,1,0,regular,y,y,
CLE193807260,fellb101,CLE,1,1,value,27,1,1,0,0,0,,,,,1,19380726,0,CLE06,h,PHA,1,0,0,regular,y,y,
CLE193808010,fellb101,CLE,1,1,value,16,0,0,0,0,0,,,,,1,19380801,0,CLE06,h,WS1,0,1,0,regular,y,y,
CLE193808032,fellb101,CLE,1,1,value,8,0,0,0,0,0,,,,,0,19380803,2,CLE07,h,BOS,1,0,0,regular,y,y,
CLE193808050,fellb101,CLE,1,1,value,21,0,0,0,0,0,,,,,1,19380805,0,CLE07,h,NYA,0,1,0,regular,y,y,
SLA193808091,fellb101,CLE,1,1,value,21,0,1,0,0,0,,,,,1,19380809,1,STL07,v,SLA,0,1,0,regular,y,y,
SLA193808111,fellb101,CLE,1,1,value,0,0,0,0,0,0,,,,,0,19380811,1,STL07,v,SLA,0,1,0,regular,y,y,
CHA193808131,fellb101,CLE,1,1,value,27,0,1,0,0,0,,,,,1,19380813,1,CHI10,v,CHA,1,0,0,regular,y,y,
CLE193808180,fellb101,CLE,1,1,value,12,0,2,0,0,0,,,,,1,19380818,0,CLE06,h,SLA,0,1,0,regular,y,y,
CLE193808220,fellb101,CLE,1,1,value,27,0,0,0,0,0,,,,,1,19380822,0,CLE06,h,CHA,0,1,0,regular,y,y,
NYA193808261,fellb101,CLE,1,1,value,21,1,1,0,0,0,,,,,1,19380826,1,NYC16,v,NYA,0,1,0,regular,y,y,
PHA193809010,fellb101,CLE,1,1,value,27,0,1,1,0,0,,,,,1,19380901,0,PHI11,v,PHA,1,0,0,regular,y,y,
DET193809060,fellb101,CLE,1,1,value,27,0,1,0,0,0,,,,,1,19380906,0,DET04,v,DET,1,0,0,regular,y,y,
CLE193809111,fellb101,CLE,1,1,value,27,0,0,0,0,0,,,,,1,19380911,1,CLE06,h,SLA,1,0,0,regular,y,d,
CLE193809152,fellb101,CLE,1,1,value,24,0,2,0,0,0,,,,,1,19380915,2,CLE06,h,BOS,0,1,0,regular,y,d,
CLE193809182,fellb101,CLE,1,1,value,13,0,1,0,0,0,,,,,1,19380918,2,CLE06,h,PHA,0,1,0,regular,y,y,
DET193809231,fellb101,CLE,1,1,value,27,0,0,0,0,0,,,,,1,19380923,1,DET04,v,DET,1,0,0,regular,y,y,
CLE193809270,fellb101,CLE,1,1,value,27,0,1,0,0,0,,,,,1,19380927,0,CLE06,h,CHA,1,0,0,regular,y,y,
CLE193810021,fellb101,CLE,1,1,value,27,0,1,0,0,0,,,,,1,19381002,1,CLE07,h,DET,0,1,0,regular,y,y,
CLE193904210,fellb101,CLE,1,1,value,27,1,3,0,0,0,,,,,1,19390421,0,CLE07,h,DET,1,0,0,regular,y,y,
CLE193904250,fellb101,CLE,1,1,value,27,1,1,0,0,0,,,,,1,19390425,0,CLE06,h,CHA,1,0,0,regular,y,y,
DET193904290,fellb101,CLE,1,1,value,27,0,1,0,0,0,,,,,1,19390429,0,DET04,v,DET,1,0,0,regular,y,y,
CLE193905040,fellb101,CLE,1,1,value,27,1,2,0,0,0,,,,,1,19390504,0,CLE06,h,NYA,0,1,0,regular,y,y,
CLE193905070,fellb101,CLE,1,1,value,7,0,0,0,0,0,,,,,0,19390507,0,CLE07,h,WS1,1,0,0,regular,y,y,
CLE193905100,fellb101,CLE,1,1,value,27,0,2,0,0,0,,,,,1,19390510,0,CLE06,h,PHA,1,0,0,regular,y,y,
CHA193905140,fellb101,CLE,1,1,value,27,0,3,0,0,0,,,,,1,19390514,0,CHI10,v,CHA,1,0,0,regular,y,y,
WS1193905200,fellb101,CLE,1,1,value,18,0,3,0,0,0,,,,,1,19390520,0,WAS09,v,WS1,0,1,0,regular,y,y,
BOS193905250,fellb101,CLE,1,1,value,27,0,0,0,0,0,,,,,1,19390525,0,BOS07,v,BOS,1,0,0,regular,y,y,
CLE193905301,fellb101,CLE,1,1,value,27,0,0,0,0,0,,,,,1,19390530,1,CLE07,h,SLA,1,0,0,regular,y,y,
CLE193906041,fellb101,CLE,1,1,value,27,0,0,0,0,0,,,,,1,19390604,1,CLE07,h,BOS,1,0,0,regular,y,y,
CLE193906090,fellb101,CLE,1,1,value,24,1,0,0,0,0,,,,,1,19390609,0,CLE06,h,WS1,1,0,0,regular,y,y,
NYA193906140,fellb101,CLE,1,1,value,24,1,0,0,0,0,,,,,1,19390614,0,NYC16,v,NYA,1,0,0,regular,y,y,
BOS193906181,fellb101,CLE,1,1,value,22,0,2,0,0,0,,,,,1,19390618,1,BOS07,v,BOS,0,1,0,regular,y,y,
WS1193906210,fellb101,CLE,1,1,value,1,0,0,0,0,0,,,,,0,19390621,0,WAS09,v,WS1,1,0,0,regular,y,y,
PHA193906230,fellb101,CLE,1,1,value,27,1,1,0,0,0,,,,,1,19390623,0,PHI11,v,PHA,1,0,0,regular,y,y,
CLE193906270,fellb101,CLE,1,1,value,27,0,1,0,0,0,,,,,1,19390627,0,CLE07,h,DET,1,0,0,regular,y,y,
DET193907030,fellb101,CLE,1,1,value,27,0,0,0,0,0,,,,,1,19390703,0,DET04,v,DET,1,0,0,regular,y,y,
CHA193907070,fellb101,CLE,1,1,value,27,0,2,0,0,0,,,,,1,19390707,0,CHI10,v,CHA,1,0,0,regular,y,y,
ALS193907110,fellb101,ALS,1,1,value,11,0,0,0,0,0,,,,,0,19390711,0,NYC16,h,NLS,1,0,0,allstar,y,y,
CLE193907130,fellb101,CLE,1,1,value,10,0,0,0,0,0,,,,,1,19390713,0,CLE07,h,BOS,0,1,0,regular,y,y,
CLE193907170,fellb101,CLE,1,1,value,24,0,2,0,0,0,,,,,1,19390717,0,CLE07,h,NYA,0,1,0,regular,y,y,
CLE193907231,fellb101,CLE,1,1,value,27,0,1,0,0,0,,,,,1,19390723,1,CLE07,h,WS1,1,0,0,regular,y,y,
WS1193907280,fellb101,CLE,1,1,value,24,1,1,0,0,0,,,,,1,19390728,0,WAS09,v,WS1,0,1,0,regular,y,y,
BOS193908010,fellb101,CLE,1,1,value,18,0,1,0,0,0,,,,,1,19390801,0,BOS07,v,BOS,0,1,0,regular,y,y,
NYA193908061,fellb101,CLE,1,1,value,27,0,0,0,0,0,,,,,1,19390806,1,NYC16,v,NYA,1,0,0,regular,y,y,
CLE193908131,fellb101,CLE,1,1,value,27,0,1,0,0,0,,,,,1,19390813,1,CLE07,h,CHA,1,0,0,regular,y,y,
CHA193908180,fellb101,CLE,1,1,value,30,1,1,1,0,0,,,,,1,19390818,0,CHI10,v,CHA,0,1,0,regular,y,y,
CLE193908220,fellb101,CLE,1,1,value,27,0,3,0,0,0,,,,,1,19390822,0,CLE07,h,WS1,1,0,0,regular,y,y,
CLE193908271,fellb101,CLE,1,1,value,27,0,1,0,0,0,,,,,1,19390827,1,CLE07,h,BOS,1,0,0,regular,y,y,
CLE193909010,fellb101,CLE,1,1,value,12,0,1,0,1,0,,,,,1,19390901,0,CLE07,h,NYA,0,1,0,regular,y,y,
CLE193909040,fellb101,CLE,1,1,value,29,0,1,1,0,0,,,,,1,19390904,0,CLE07,h,CHA,0,1,0,regular,y,y,
SLA193909080,fellb101,CLE,1,1,value,27,0,0,0,0,0,,,,,1,19390908,0,STL07,v,SLA,1,0,0,regular,y,y,
SLA193909102,fellb101,CLE,1,1,value,3,0,0,0,0,0,,,,,0,19390910,2,STL07,v,SLA,0,1,0,regular,y,y,
NYA193909130,fellb101,CLE,1,1,value,27,0,2,0,0,0,,,,,1,19390913,0,NYC16,v,NYA,1,0,0,regular,y,y,
PHA193909171,fellb101,CLE,1,1,value,24,0,2,1,0,0,,,,,1,19390917,1,PHI11,v,PHA,0,1,0,regular,y,y,
CLE193909220,fellb101,CLE,1,1,value,27,0,3,0,1,0,,,,,1,19390922,0,CLE06,h,DET,1,0,0,regular,y,y,
CHA193909272,fellb101,CLE,1,1,value,21,0,1,0,0,0,,,,,1,19390927,2,CHI10,v,CHA,1,0,0,regular,y,y,
DET193909291,fellb101,CLE,1,1,value,5,0,0,0,0,0,,,,,0,19390929,1,DET04,v,DET,1,0,0,regular,y,d,
DET193910011,fellb101,CLE,1,1,value,27,0,1,0,0,0,,,,,1,19391001,1,DET04,v,DET,1,0,0,regular,y,y,
PRG193910110,fellb101,PIR,1,1,value,21,0,0,0,0,0,,,,,1,19391011,0,LOS04,v,PRG,0,1,0,exhibition,y,d,
CHA194004160,fellb101,CLE,1,1,value,27,0,0,0,0,0,,,,,1,19400416,0,CHI10,v,CHA,1,0,0,regular,y,y,
CLE194004210,fellb101,CLE,1,1,value,9,0,0,0,0,0,,,,,1,19400421,0,CLE07,h,DET,0,1,0,regular,y,y,
CLE194004250,fellb101,CLE,1,1,value,27,0,3,0,0,0,,,,,1,19400425,0,CLE06,h,CHA,1,0,0,regular,y,y,
DET194004290,fellb101,CLE,1,1,value,24,0,0,0,0,0,,,,,1,19400429,0,DET04,v,DET,0,1,0,regular,y,y,
BOS194005050,fellb101,CLE,1,1,value,27,0,2,0,0,0,,,,,1,19400505,0,BOS07,v,BOS,1,0,0,regular,y,y,
NYA194005090,fellb101,CLE,1,1,value,27,1,0,0,0,0,,,,,1,19400509,0,NYC16,v,NYA,1,0,0,regular,y,y,
CLE194005140,fellb101,CLE,1,1,value,11,0,0,0,0,0,,,,,1,19400514,0,CLE06,h,PHA,0,1,0,regular,y,y,
CLE194005190,fellb101,CLE,1,1,value,27,0,0,0,0,0,,,,,1,19400519,0,CLE07,h,NYA,1,0,0,regular,y,y,
SLA194005240,fellb101,CLE,1,1,value,27,0,2,0,0,0,,,,,1,19400524,0,STL07,v,SLA,1,0,0,regular,y,y,
CLE194005290,fellb101,CLE,1,1,value,27,0,0,0,0,0,,,,,1,19400529,0,CLE06,h,DET,1,0,0,regular,y,y,
PHA194006021,fellb101,CLE,1,1,value,27,0,1,0,0,0,,,,,1,19400602,1,PHI11,v,PHA,1,0,0,regular,y,y,
WS1194006042,fellb101,CLE,1,1,value,1,0,0,0,0,0,,,,,0,19400604,2,WAS09,v,WS1,1,0,0,regular,y,y,
NYA194006070,fellb101,CLE,1,1,value,26,0,1,0,0,0,,,,,1,19400607,0,NYC16,v,NYA,0,1,0,regular,y,y,
BOS194006110,fellb101,CLE,1,1,value,15,0,0,0,0,0,,,,,1,19400611,0,BOS07,v,BOS,0,1,0,regular,y,y,
CLE194006161,fellb101,CLE,1,1,value,27,0,2,0,1,0,,,,,1,19400616,1,CLE07,h,PHA,1,0,0,regular,y,y,
CLE194006200,fellb101,CLE,1,1,value,27,0,1,0,0,0,,,,,1,19400620,0,CLE06,h,WS1,1,0,0,regular,y,y,
CLE194006240,fellb101,CLE,1,1,value,27,0,0,0,0,0,,,,,1,19400624,0,CLE07,h,NYA,1,0,0,regular,y,y,
CHA194006290,fellb101,CLE,1,1,value,27,0,0,1,0,0,,,,,1,19400629,0,CHI10,v,CHA,1,0,0,regular,y,y,
CLE194007030,fellb101,CLE,1,1,value,27,0,0,0,0,0,,,,,1,19400703,0,CLE06,h,SLA,1,0,0,regular,y,y,
CLE194007070,fellb101,CLE,1,1,value,27,0,3,0,0,0,,,,,1,19400707,0,CLE07,h,CHA,0,1,0,regular,y,y,
NLS194007090,fellb101,ALS,1,1,value,6,1,0,0,0,0,,,,,0,19400709,0,STL07,v,NLS,0,1,0,allstar,y,y,
PHA194007120,fellb101,CLE,1,1,value,27,0,1,0,0,0,,,,,1,19400712,0,PHI11,v,PHA,1,0,0,regular,y,y,
NYA194007170,fellb101,CLE,1,1,value,37,0,1,1,0,0,,,,,1,19400717,0,NYC16,v,NYA,0,1,0,regular,y,y,
BOS194007211,fellb101,CLE,1,1,value,27,1,1,0,0,0,,,,,1,19400721,1,BOS07,v,BOS,1,0,0,regular,y,y,
CLE194007260,fellb101,CLE,1,1,value,27,0,0,0,0,0,,,,,1,19400726,0,CLE06,h,WS1,1,0,0,regular,y,y,
CLE194007300,fellb101,CLE,1,1,value,27,0,0,0,0,0,,,,,1,19400730,0,CLE07,h,BOS,1,0,0,regular,y,y,
CLE194008040,fellb101,CLE,1,1,value,27,0,0,0,0,0,,,,,1,19400804,0,CLE07,h,NYA,1,0,0,regular,y,y,
CHA194008062,fellb101,CLE,1,1,value,1,0,0,0,0,0,,,,,0,19400806,2,CHI10,v,CHA,1,0,0,regular,y,y,
SLA194008081,fellb101,CLE,1,1,value,27,1,0,0,0,0,,,,,1,19400808,1,STL07,v,SLA,1,0,0,regular,y,y,
CLE194008120,fellb101,CLE,1,1,value,27,0,1,0,0,0,,,,,1,19400812,0,CLE06,h,DET,1,0,0,regular,y,y,
CLE194008160,fellb101,CLE,1,1,value,27,0,3,0,0,0,,,,,1,19400816,0,CLE06,h,SLA,1,0,0,regular,y,y,
BOS194008200,fellb101,CLE,1,1,value,21,0,3,0,0,0,,,,,1,19400820,0,BOS07,v,BOS,1,0,0,regular,y,y,
NYA194008240,fellb101,CLE,1,1,value,25,1,0,0,0,0,,,,,1,19400824,0,NYC16,v,NYA,0,1,0,regular,y,y,
WS1194008260,fellb101,CLE,1,1,value,8,0,0,0,0,0,,,,,0,19400826,0,WAS09,v,WS1,1,0,0,regular,y,y,
CHA194008300,fellb101,CLE,1,1,value,27,0,2,0,0,0,,,,,1,19400830,0,CHI10,v,CHA,1,0,0,regular,y,y,
CHA194009010,fellb101,CLE,1,1,value,3,0,0,0,0,0,,,,,0,19400901,0,CHI10,v,CHA,1,0,0,regular,y,y,
DET194009040,fellb101,CLE,1,1,value,21,0,2,0,1,0,,,,,1,19400904,0,DET04,v,DET,0,1,0,regular,y,y,
CLE194009080,fellb101,CLE,1,1,value,6,0,1,0,0,0,,,,,0,19400908,0,CLE07,h,CHA,1,0,0,regular,y,y,
CLE194009111,fellb101,CLE,1,1,value,24,1,2,0,0,0,,,,,1,19400911,1,CLE07,h,NYA,0,1,0,regular,y,y,
CLE194009151,fellb101,CLE,1,1,value,27,0,0,0,0,0,,,,,1,19400915,1,CLE07,h,PHA,1,0,0,regular,y,y,
CLE194009182,fellb101,CLE,1,1,value,27,0,1,0,0,0,,,,,1,19400918,2,CLE07,h,WS1,1,0,0,regular,y,y,
DET194009200,fellb101,CLE,1,1,value,0,0,0,0,0,0,,,,,0,19400920,0,DET04,v,DET,0,1,0,regular,y,y,
DET194009220,fellb101,CLE,1,1,value,27,0,1,0,0,0,,,,,1,19400922,0,DET04,v,DET,1,0,0,regular,y,y,
CLE194009270,fellb101,CLE,1,1,value,27,0,0,0,0,0,,,,,1,19400927,0,CLE07,h,DET,0,1,0,regular,y,y,
CLE194104150,fellb101,CLE,1,1,value,18,0,0,0,0,0,,,,,1,19410415,0,CLE07,h,CHA,0,1,0,regular,y,y,
DET194104190,fellb101,CLE,1,1,value,27,0,2,0,0,0,,,,,1,19410419,0,DET04,v,DET,1,0,0,regular,y,y,
CLE194104230,fellb101,CLE,1,1,value,27,0,2,0,0,0,,,,,1,19410423,0,CLE06,h,SLA,1,0,0,regular,y,y,
CHA194104250,fellb101,CLE,1,1,value,3,0,1,0,0,0,,,,,0,19410425,0,CHI10,v,CHA,1,0,0,regular,y,y,
CLE194104270,fellb101,CLE,1,1,value,27,0,2,0,0,0,,,,,1,19410427,0,CLE07,h,DET,1,0,0,regular,y,y,
CLE194105010,fellb101,CLE,1,1,value,27,0,1,0,0,0,,,,,1,19410501,0,CLE06,h,PHA,1,0,0,regular,y,y,
CLE194105050,fellb101,CLE,1,1,value,27,0,1,0,0,0,,,,,1,19410505,0,CLE06,h,WS1,1,0,0,regular,y,y,
SLA194105090,fellb101,CLE,1,1,value,10,0,1,0,0,0,,,,,1,19410509,0,STL07,v,SLA,0,1,0,regular,y,y,
NYA194105130,fellb101,CLE,1,1,value,30,0,2,1,0,0,,,,,1,19410513,0,NYC16,v,NYA,1,0,0,regular,y,y,
BOS194105150,fellb101,CLE,1,1,value,3,0,0,0,0,0,,,,,0,19410515,0,BOS07,v,BOS,1,0,0,regular,y,y,
BOS194105170,fellb101,CLE,1,1,value,18,0,1,0,0,0,,,,,1,19410517,0,BOS07,v,BOS,1,0,0,regular,y,y,
WS1194105210,fellb101,CLE,1,1,value,33,0,0,0,0,0,,,,,1,19410521,0,WAS09,v,WS1,1,0,0,regular,y,y,
CLE194105250,fellb101,CLE,1,1,value,27,0,2,0,0,0,,,,,1,19410525,0,CLE07,h,SLA,1,0,0,regular,y,y,
DET194105290,fellb101,CLE,1,1,value,27,0,1,0,0,0,,,,,1,19410529,0,DET04,v,DET,1,0,0,regular,y,y,
CLE194106020,fellb101,CLE,1,1,value,27,1,1,0,0,0,,,,,1,19410602,0,CLE06,h,NYA,1,0,0,regular,y,y,
CLE194106060,fellb101,CLE,1,1,value,27,1,1,0,0,0,,,,,1,19410606,0,CLE06,h,PHA,1,0,0,regular,y,y,
CLE194106100,fellb101,CLE,1,1,value,27,1,1,0,0,0,,,,,1,19410610,0,CLE06,h,WS1,1,0,0,regular,y,y,
NYA194106140,fellb101,CLE,1,1,value,21,0,2,0,0,0,,,,,1,19410614,0,NYC16,v,NYA,0,1,0,regular,y,y,
PHA194106180,fellb101,CLE,1,1,value,27,1,1,0,0,0,,,,,1,19410618,0,PHI11,v,PHA,1,0,0,regular,y,y,
WS1194106220,fellb101,CLE,1,1,value,27,0,0,0,0,0,,,,,1,19410622,0,WAS09,v,WS1,1,0,0,regular,y,y,
BOS194106260,fellb101,CLE,1,1,value,23,0,1,0,0,0,,,,,1,19410626,0,BOS07,v,BOS,1,0,0,regular,y,y,
SLA194106300,fellb101,CLE,1,1,value,19,0,0,0,0,0,,,,,1,19410630,0,STL07,v,SLA,0,1,0,regular,y,y,
CLE194107041,fellb101,CLE,1,1,value,19,0,0,0,0,0,,,,,1,19410704,1,CLE07,h,SLA,1,0,0,regular,y,y,
ALS194107080,fellb101,ALS,1,1,value,9,0,1,0,0,0,,,,,1,19410708,0,DET04,h,NLS,1,0,0,allstar,y,y,
CLE194107100,fellb101,CLE,1,1,value,27,0,6,0,0,0,,,,,1,19410710,0,CLE07,h,PHA,1,0,0,regular,y,y,
CLE194107140,fellb101,CLE,1,1,value,27,0,2,0,0,0,,,,,1,19410714,0,CLE06,h,BOS,1,0,0,regular,y,y,
CLE194107180,fellb101,CLE,1,1,value,24,0,0,0,0,0,,,,,1,19410718,0,CLE06,h,NYA,1,0,0,regular,y,y,
NYA194107220,fellb101,CLE,1,1,value,24,0,2,0,0,0,,,,,1,19410722,0,NYC16,v,NYA,0,1,0,regular,y,y,
BOS194107260,fellb101,CLE,1,1,value,24,0,2,0,0,0,,,,,1,19410726,0,BOS07,v,BOS,0,1,0,regular,y,y,
WS1194107300,fellb101,CLE,1,1,value,24,0,1,0,0,0,,,,,1,19410730,0,WAS09,v,WS1,0,1,0,regular,y,y,
PHA194108031,fellb101,CLE,1,1,value,27,0,1,0,0,0,,,,,1,19410803,1,PHI11,v,PHA,1,0,0,regular,y,y,
CLE194108070,fellb101,CLE,1,1,value,39,0,0,0,0,0,,,,,1,19410807,0,CLE06,h,DET,0,1,0,regular,y,y,
CLE194108090,fellb101,CLE,1,1,value,3,0,0,0,0,0,,,,,0,19410809,0,CLE06,h,CHA,0,1,0,regular,y,y,
DET194108121,fellb101,CLE,1,1,value,24,1,1,0,0,0,,,,,1,19410812,1,DET04,v,DET,0,1,0,regular,y,y,
SLA194108140,fellb101,CLE,1,1,value,13,1,1,0,0,0,,,,,0,19410814,0,STL07,v,SLA,0,0,1,regular,y,y,
CHA194108171,fellb101,CLE,1,1,value,21,0,2,0,1,0,,,,,1,19410817,1,CHI10,v,CHA,0,1,0,regular,y,y,
CLE194108210,fellb101,CLE,1,1,value,27,0,0,0,0,0,,,,,1,19410821,0,CLE06,h,NYA,1,0,0,regular,y,y,
CLE194108250,fellb101,CLE,1,1,value,27,2,1,0,0,0,,,,,1,19410825,0,CLE07,h,BOS,0,1,0,regular,y,y,
CLE194108311,fellb101,CLE,1,1,value,24,0,1,0,0,0,,,,,1,19410831,1,CLE07,h,DET,0,1,0,regular,y,y,
DET194109040,fellb101,CLE,1,1,value,30,2,1,0,0,0,,,,,1,19410904,0,DET04,v,DET,1,0,0,regular,y,y,
PHA194109090,fellb101,CLE,1,1,value,27,1,1,0,0,0,,,,,1,19410909,0,PHI11,v,PHA,1,0,0,regular,y,y,
NYA194109141,fellb101,CLE,1,1,value,21,0,2,0,0,0,,,,,1,19410914,1,NYC16,v,NYA,0,1,0,regular,y,y,
BOS194109180,fellb101,CLE,1,1,value,27,0,1,0,0,0,,,,,1,19410918,0,BOS07,v,BOS,1,0,0,regular,y,y,
CLE194109220,fellb101,CLE,1,1,value,21,0,0,0,0,0,,,,,1,19410922,0,CLE06,h,SLA,0,1,0,regular,y,y,
SLA194109262,fellb101,CLE,1,1,value,27,1,1,0,0,0,,,,,1,19410926,2,STL07,v,SLA,1,0,0,regular,y,y,
MLS194110050,fellb101,MLS,1,1,value,15,0,2,0,0,0,,,,,1,19411005,0,STL07,h,KCM,1,0,0,exhibition,y,,
CLE194508240,fellb101,CLE,1,1,value,27,0,0,0,0,0,,,,,1,19450824,0,CLE07,h,DET,1,0,0,regular,y,y,
CHA194508280,fellb101,CLE,1,1,value,27,1,1,0,0,0,,,,,1,19450828,0,CHI10,v,CHA,1,0,0,regular,y,y,
DET194509010,fellb101,CLE,1,1,value,19,0,0,0,0,0,,,,,1,19450901,0,DET04,v,DET,0,1,0,regular,y,y,
BOS194509051,fellb101,CLE,1,1,value,24,1,0,0,0,0,,,,,1,19450905,1,BOS07,v,BOS,0,1,0,regular,y,y,
NYA194509091,fellb101,CLE,1,1,value,27,0,0,0,0,0,,,,,1,19450909,1,NYC16,v,NYA,1,0,0,regular,y,y,
WS1194509130,fellb101,CLE,1,1,value,21,1,0,0,0,0,,,,,1,19450913,0,WAS09,v,WS1,0,1,0,regular,y,y,
CLE194509190,fellb101,CLE,1,1,value,27,2,1,0,0,0,,,,,1,19450919,0,CLE06,h,DET,1,0,0,regular,y,y,
CLE194509230,fellb101,CLE,1,1,value,27,2,2,0,0,0,,,,,1,19450923,0,CLE07,h,CHA,1,0,0,regular,y,d,
SLA194509280,fellb101,CLE,1,1,value,17,0,0,0,0,0,,,,,1,19450928,0,STL07,v,SLA,0,1,0,regular,y,y,
PRK194510030,fellb101,PRK,1,1,value,15,2,3,0,1,0,,,,,1,19451003,0,SAN03,h,KCR,0,1,0,exhibition,y,d,
ASF194510240,fellb101,ASF,1,1,value,18,1,1,0,0,0,,,,,1,19451024,0,SAN03,h,KCR,0,1,0,exhibition,y,d,
CHA194604160,fellb101,CLE,1,1,value,27,1,0,0,0,0,,,,,1,19460416,0,CHI10,v,CHA,1,0,0,regular,y,d,
CLE194604210,fellb101,CLE,1,1,value,30,0,2,0,0,0,,,,,1,19460421,0,CLE07,h,DET,0,1,0,regular,y,d,
CLE194604260,fellb101,CLE,1,1,value,27,0,4,0,0,0,,,,,1,19460426,0,CLE06,h,CHA,0,1,0,regular,y,y,
NYA194604300,fellb101,CLE,1,1,value,27,0,2,0,0,0,,,,,1,19460430,0,NYC16,v,NYA,1,0,0,regular,y,y,
BOS194605040,fellb101,CLE,1,1,value,18,1,0,0,0,0,,,,,1,19460504,0,BOS07,v,BOS,0,1,0,regular,y,y,
PHA194605080,fellb101,CLE,1,1,value,27,2,0,0,0,0,,,,,1,19460508,0,PHI11,v,PHA,1,0,0,regular,y,y,
CLE194605121,fellb101,CLE,1,1,value,30,0,1,0,0,0,,,,,1,19460512,1,CLE07,h,SLA,1,0,0,regular,y,y,
CLE194605171,fellb101,CLE,1,1,value,27,0,2,0,0,0,,,,,1,19460517,1,CLE06,h,WS1,1,0,0,regular,y,y,
CLE194605210,fellb101,CLE,1,1,value,27,0,1,0,0,0,,,,,1,19460521,0,CLE06,h,NYA,1,0,0,regular,y,y,
SLA194605261,fellb101,CLE,1,1,value,24,0,1,0,0,0,,,,,1,19460526,1,STL07,v,SLA,0,1,0,regular,y,d,
CLE194605301,fellb101,CLE,1,1,value,27,0,1,0,0,0,,,,,1,19460530,1,CLE07,h,CHA,1,0,0,regular,y,y,
WS1194606040,fellb101,CLE,1,1,value,27,0,2,0,0,0,,,,,1,19460604,0,WAS09,v,WS1,1,0,0,regular,y,y,
NYA194606080,fellb101,CLE,1,1,value,27,1,0,0,0,0,,,,,1,19460608,0,NYC16,v,NYA,1,0,0,regular,y,y,
BOS194606120,fellb101,CLE,1,1,value,27,0,2,0,1,0,,,,,1,19460612,0,BOS07,v,BOS,1,0,0,regular,y,y,
CLE194606161,fellb101,CLE,1,1,value,33,0,1,0,0,0,,,,,1,19460616,1,CLE07,h,PHA,1,0,0,regular,y,y,
CLE194606210,fellb101,CLE,1,1,value,27,1,1,0,0,0,,,,,1,19460621,0,CLE07,h,BOS,0,1,0,regular,y,y,
CLE194606250,fellb101,CLE,1,1,value,27,2,0,0,0,0,,,,,1,19460625,0,CLE06,h,NYA,1,0,0,regular,y,y,
CHA194606290,fellb101,CLE,1,1,value,27,1,1,0,0,0,,,,,1,19460629,0,CHI10,v,CHA,1,0,0,regular,y,y,
CLE194607030,fellb101,CLE,1,1,value,27,0,1,0,0,0,,,,,1,19460703,0,CLE06,h,SLA,1,0,0,regular,y,y,
CLE194607071,fellb101,CLE,1,1,value,27,0,1,0,0,0,,,,,1,19460707,1,CLE07,h,CHA,1,0,0,regular,y,y,
ALS194607090,fellb101,ALS,1,1,value,9,0,0,0,0,0,,,,,1,19460709,0,BOS07,h,NLS,1,0,0,allstar,y,y,
NYA194607110,fellb101,CLE,1,1,value,15,0,0,0,0,0,,,,,1,19460711,0,NYC16,v,NYA,0,1,0,regular,y,y,
BOS194607160,fellb101,CLE,1,1,value,27,0,1,0,0,0,,,,,1,19460716,0,BOS07,v,BOS,1,0,0,regular,y,y,
WS1194607200,fellb101,CLE,1,1,value,27,2,1,0,0,0,,,,,1,19460720,0,WAS09,v,WS1,1,0,0,regular,y,d,
WS1194607212,fellb101,CLE,1,1,value,5,0,0,0,0,0,,,,,0,19460721,2,WAS09,v,WS1,0,1,0,regular,y,d,
CLE194607240,fellb101,CLE,1,1,value,27,0,2,0,0,0,,,,,1,19460724,0,CLE06,h,PHA,1,0,0,regular,y,y,
CLE194607281,fellb101,CLE,1,1,value,27,0,0,0,0,0,,,,,1,19460728,1,CLE07,h,WS1,1,0,0,regular,y,y,
CLE194607310,fellb101,CLE,1,1,value,27,0,2,0,0,0,,,,,1,19460731,0,CLE06,h,BOS,1,0,0,regular,y,y,
CLE194608040,fellb101,CLE,1,1,value,20,0,0,0,0,0,,,,,1,19460804,0,CLE07,h,NYA,0,1,0,regular,y,y,
CHA194608081,fellb101,CLE,1,1,value,27,1,2,0,0,0,,,,,1,19460808,1,CHI10,v,CHA,1,0,0,regular,y,d,
SLA194608100,fellb101,CLE,1,1,value,9,0,0,0,0,0,,,,,0,19460810,0,STL07,v,SLA,1,0,0,regular,y,d,
SLA194608112,fellb101,CLE,1,1,value,1,0,0,0,0,0,,,,,0,19460811,2,STL07,v,SLA,1,0,0,regular,y,y,
CLE194608130,fellb101,CLE,1,1,value,24,0,0,0,0,0,,,,,1,19460813,0,CLE07,h,DET,0,1,0,regular,y,y,
CLE194608170,fellb101,CLE,1,1,value,27,0,3,0,0,0,,,,,1,19460817,0,CLE07,h,CHA,0,1,0,regular,y,y,
WS1194608200,fellb101,CLE,1,1,value,24,0,1,1,0,0,,,,,1,19460820,0,WAS09,v,WS1,0,1,0,regular,y,y,
PHA194608220,fellb101,CLE,1,1,value,2,0,0,0,0,0,,,,,0,19460822,0,PHI11,v,PHA,0,1,0,regular,y,y,
PHA194608240,fellb101,CLE,1,1,value,27,0,2,0,0,0,,,,,1,19460824,0,PHI11,v,PHA,1,0,0,regular,y,y,
NYA194608280,fellb101,CLE,1,1,value,21,0,2,0,0,0,,,,,1,19460828,0,NYC16,v,NYA,0,1,0,regular,y,y,
CHA194609010,fellb101,CLE,1,1,value,24,0,1,0,0,0,,,,,1,19460901,0,CHI10,v,CHA,0,1,0,regular,y,y,
SLA194609031,fellb101,CLE,1,1,value,5,0,0,0,0,0,,,,,0,19460903,1,STL07,v,SLA,1,0,0,regular,y,y,
DET194609050,fellb101,CLE,1,1,value,10,0,0,0,0,0,,,,,1,19460905,0,DET04,v,DET,0,1,0,regular,y,d,
CLE194609082,fellb101,CLE,1,1,value,27,0,0,0,0,0,,,,,1,19460908,2,CLE07,h,SLA,1,0,0,regular,y,y,
CLE194609120,fellb101,CLE,1,1,value,27,1,1,0,0,0,,,,,1,19460912,0,CLE06,h,BOS,1,0,0,regular,y,y,
CLE194609152,fellb101,CLE,1,1,value,21,0,1,0,0,0,,,,,1,19460915,2,CLE07,h,PHA,0,1,0,regular,y,y,
CLE194609190,fellb101,CLE,1,1,value,27,1,0,0,0,0,,,,,1,19460919,0,CLE06,h,WS1,1,0,0,regular,y,d,
CLE194609221,fellb101,CLE,1,1,value,27,0,2,0,0,0,,,,,1,19460922,1,CLE07,h,DET,0,1,0,regular,y,y,
CLE194609250,fellb101,CLE,1,1,value,27,0,2,0,1,0,,,,,1,19460925,0,CLE07,h,CHA,0,1,0,regular,y,y,
DET194609270,fellb101,CLE,1,1,value,15,0,0,0,0,0,,,,,0,19460927,0,DET04,v,DET,1,0,0,regular,y,d,
DET194609290,fellb101,CLE,1,1,value,27,0,0,0,0,0,,,,,1,19460929,0,DET04,v,DET,1,0,0,regular,y,y,
ASF194609300,fellb101,ASF,1,1,value,9,0,0,0,0,0,,,,,1,19460930,0,PIT06,h,ASP,0,1,0,exhibition,y,d,
ASF194610012,fellb101,ASF,1,1,value,6,0,0,0,0,0,,,,,1,19461001,2,CLE07,h,ASP,1,0,0,exhibition,y,d,
ASP194610011,fellb101,ASF,1,1,value,9,0,0,1,0,0,,,,,1,19461001,1,YOU01,v,ASP,1,0,0,exhibition,y,d,
ASP194610020,fellb101,ASF,1,1,value,9,,,0,,0,0,,,,1,19461002,0,CHI10,v,ASP,1,0,0,exhibition,,,
ASF194610030,fellb101,ASF,1,1,value,9,,,0,,0,0,,,,1,19461003,0,CIN07,h,ASP,1,0,0,exhibition,,,
ASP194610050,fellb101,ASF,1,1,value,6,0,,0,,0,0,,,,1,19461005,0,NWK04,v,ASP,1,0,0,exhibition,,,
ASF194610061,fellb101,ASF,1,1,value,15,0,0,0,0,0,,,,,1,19461006,1,NYC16,h,ASP,0,1,0,exhibition,y,d,
ASP194610062,fellb101,ASF,1,1,value,3,0,0,0,0,0,,,,,1,19461006,2,BAL14,v,ASP,0,1,0,exhibition,y,d,
ASF194610070,fellb101,ASF,1,1,value,9,0,0,0,0,0,,,,,1,19461007,0,COL05,h,ASP,0,1,0,exhibition,y,,
ASP194610080,fellb101,ASF,1,1,value,9,0,0,0,0,0,,,,,1,19461008,0,DAY03,v,ASP,1,0,0,exhibition,y,d,
ASF194610100,fellb101,ASF,1,1,value,6,0,0,0,0,0,,,,,1,19461010,0,RCI01,h,ASP,1,0,0,exhibition,y,d,
ASF194610121,fellb101,ASF,1,1,value,9,0,1,0,0,0,,,,,0,19461012,1,CBI01,h,ASP,1,0,0,exhibition,y,d,
ASP194610122,fellb101,ASF,1,1,value,9,0,0,0,0,0,,,,,1,19461012,2,WIC01,v,ASP,1,0,0,exhibition,y,d,
ASP194610130,fellb101,ASF,1,1,value,9,0,1,0,0,0,,,,,1,19461013,0,KAN05,v,ASP,0,1,0,exhibition,y,d,
ASF194610140,fellb101,ASF,1,1,value,9,0,0,0,0,0,,,,,1,19461014,0,KAN05,h,ASP,1,0,0,exhibition,y,d,
KCR194610160,fellb101,ASF,1,1,value,15,0,1,0,0,0,,,,,1,19461016,0,LOS02,v,KCR,1,0,0,exhibition,y,d,
ASF194610170,fellb101,ASF,1,1,value,15,0,3,0,0,0,,,,,1,19461017,0,SAN03,h,KCR,1,0,0,exhibition,y,d,
CLE194704150,fellb101,CLE,1,1,value,24,0,1,0,0,0,,,,,1,19470415,0,CLE07,h,CHA,0,1,0,regular,y,y,
CLE194704220,fellb101,CLE,1,1,value,27,1,3,0,0,0,,,,,1,19470422,0,CLE07,h,SLA,1,0,0,regular,y,y,
CLE194704260,fellb101,CLE,1,1,value,27,0,4,0,1,0,,,,,1,19470426,0,CLE07,h,DET,1,0,0,regular,y,y,
CLE194705020,fellb101,CLE,1,1,value,27,0,3,0,0,0,,,,,1,19470502,0,CLE07,h,BOS,1,0,0,regular,y,y,
CLE194705040,fellb101,CLE,1,1,value,3,0,0,0,0,0,,,,,0,19470504,0,CLE07,h,WS1,0,1,0,regular,y,y,
SLA194705090,fellb101,CLE,1,1,value,33,0,4,0,0,0,,,,,1,19470509,0,STL07,v,SLA,1,0,0,regular,y,y,
PHA194705130,fellb101,CLE,1,1,value,24,0,3,0,1,0,,,,,1,19470513,0,PHI11,v,PHA,0,1,0,regular,y,y,
NYA194705180,fellb101,CLE,1,1,value,25,2,1,0,0,0,,,,,1,19470518,0,NYC16,v,NYA,1,0,0,regular,y,y,
CLE194705230,fellb101,CLE,1,1,value,24,0,2,0,0,0,,,,,1,19470523,0,CLE07,h,SLA,0,1,0,regular,y,y,
DET194705270,fellb101,CLE,1,1,value,18,0,2,0,0,0,,,,,1,19470527,0,DET04,v,DET,0,1,0,regular,y,y,
CLE194705310,fellb101,CLE,1,1,value,15,0,0,0,0,0,,,,,1,19470531,0,CLE07,h,NYA,0,1,0,regular,y,y,
CLE194706040,fellb101,CLE,1,1,value,27,1,0,0,0,0,,,,,1,19470604,0,CLE07,h,WS1,1,0,0,regular,y,y,
CLE194706082,fellb101,CLE,1,1,value,27,0,1,0,0,0,,,,,1,19470608,2,CLE07,h,PHA,1,0,0,regular,y,y,
CLE194706110,fellb101,CLE,1,1,value,6,0,0,0,0,0,,,,,0,19470611,0,CLE07,h,BOS,0,1,0,regular,y,y,
PHA194706130,fellb101,CLE,1,1,value,21,2,0,0,0,0,,,,,1,19470613,0,PHI11,v,PHA,1,0,0,regular,y,y,
WS1194706170,fellb101,CLE,1,1,value,27,1,0,0,0,0,,,,,1,19470617,0,WAS09,v,WS1,1,0,0,regular,y,y,
BOS194706210,fellb101,CLE,1,1,value,12,0,0,0,0,0,,,,,1,19470621,0,BOS07,v,BOS,0,1,0,regular,y,y,
CLE194706270,fellb101,CLE,1,1,value,27,0,0,0,0,0,,,,,1,19470627,0,CLE07,h,CHA,1,0,0,regular,y,y,
SLA194707010,fellb101,CLE,1,1,value,4,0,0,0,0,0,,,,,1,19470701,0,STL07,v,SLA,1,0,0,regular,y,y,
CLE194707102,fellb101,CLE,1,1,value,25,0,2,0,0,0,,,,,1,19470710,2,CLE07,h,PHA,1,0,0,regular,y,y,
CLE194707152,fellb101,CLE,1,1,value,27,0,1,0,0,0,,,,,1,19470715,2,CLE07,h,NYA,0,1,0,regular,y,y,
CLE194707201,fellb101,CLE,1,1,value,24,0,1,0,0,0,,,,,1,19470720,1,CLE07,h,WS1,0,1,0,regular,y,y,
PHA194707240,fellb101,CLE,1,1,value,27,0,1,0,0,0,,,,,1,19470724,0,PHI11,v,PHA,1,0,0,regular,y,y,
WS1194707270,fellb101,CLE,1,1,value,10,0,2,0,0,0,,,,,0,19470727,0,WAS09,v,WS1,1,0,0,regular,y,y,
BOS194707290,fellb101,CLE,1,1,value,24,1,0,0,0,0,,,,,1,19470729,0,BOS07,v,BOS,1,0,0,regular,y,y,
NYA194708021,fellb101,CLE,1,1,value,36,0,0,0,0,0,,,,,1,19470802,1,NYC16,v,NYA,0,1,0,regular,y,y,
DET194708061,fellb101,CLE,1,1,value,19,0,0,0,0,0,,,,,1,19470806,1,DET04,v,DET,0,1,0,regular,y,y,
CLE194708101,fellb101,CLE,1,1,value,27,2,2,0,0,0,,,,,1,19470810,1,CLE07,h,SLA,1,0,0,regular,y,y,
CHA194708130,fellb101,CLE,1,1,value,24,0,2,0,0,0,,,,,1,19470813,0,CHI10,v,CHA,0,1,0,regular,y,y,
SLA194708171,fellb101,CLE,1,1,value,3,0,0,0,0,0,,,,,1,19470817,1,STL07,v,SLA,0,1,0,regular,y,y,
CLE194708222,fellb101,CLE,1,1,value,27,0,0,1,0,0,,,,,1,19470822,2,CLE07,h,NYA,1,0,0,regular,y,y,
CLE194708270,fellb101,CLE,1,1,value,27,0,1,0,0,0,,,,,1,19470827,0,CLE07,h,PHA,1,0,0,regular,y,y,
CLE194709011,fellb101,CLE,1,1,value,27,1,3,0,0,0,,,,,1,19470901,1,CLE07,h,SLA,1,0,0,regular,y,y,
CHA194709060,fellb101,CLE,1,1,value,24,1,1,0,0,0,,,,,1,19470906,0,CHI10,v,CHA,1,0,0,regular,y,y,
NYA194709080,fellb101,CLE,1,1,value,3,0,0,0,0,0,,,,,0,19470908,0,NYC16,v,NYA,1,0,0,regular,y,y,
NYA194709100,fellb101,CLE,1,1,value,12,2,0,0,0,0,,,,,1,19470910,0,NYC16,v,NYA,0,1,0,regular,y,y,
BOS194709130,fellb101,CLE,1,1,value,21,1,1,0,0,0,,,,,1,19470913,0,BOS07,v,BOS,0,1,0,regular,y,y,
PHA194709161,fellb101,CLE,1,1,value,27,0,1,0,0,0,,,,,1,19470916,1,PHI11,v,PHA,1,0,0,regular,y,y,
DET194709201,fellb101,CLE,1,1,value,28,0,4,0,0,0,,,,,1,19470920,1,DET04,v,DET,0,1,0,regular,y,y,
DET194709222,fellb101,CLE,1,1,value,3,1,0,0,0,0,,,,,0,19470922,2,DET04,v,DET,1,0,0,regular,y,y,
SLA194709240,fellb101,CLE,1,1,value,27,1,2,0,0,0,,,,,1,19470924,0,STL07,v,SLA,1,0,0,regular,y,y,
CLE194709280,fellb101,CLE,1,1,value,27,0,3,0,0,0,,,,,1,19470928,0,CLE07,h,DET,0,1,0,regular,y,y,
ASF194710140,fellb101,ASF,1,1,value,12,0,0,0,0,0,,,,,1,19471014,0,SAN03,h,KCR,1,0,0,exhibition,y,d,
KCR194710150,fellb101,ASF,1,1,value,12,1,0,0,0,0,,,,,1,19471015,0,LOS02,v,KCR,1,0,0,exhibition,y,d,
ASF194710160,fellb101,ASF,1,1,value,15,0,0,0,0,0,,,,,1,19471016,0,OAK02,h,KCR,1,0,0,exhibition,y,d,
KCR194710170,fellb101,ASF,1,1,value,12,,,0,,0,0,,,,1,19471017,0,SFO01,v,KCR,1,0,0,exhibition,,,
ASF194710180,fellb101,ASF,1,1,value,12,,,0,,0,0,,,,1,19471018,0,SAN03,h,KCR,0,1,0,exhibition,,,
KCR194710190,fellb101,ASF,1,1,value,15,0,0,0,0,0,,,,,1,19471019,0,LOS02,v,KCR,1,0,0,exhibition,y,d,
KCR194711020,fellb101,ASF,1,1,value,24,0,2,1,0,0,,,,,1,19471102,0,LOS02,v,KCR,0,1,0,exhibition,y,d,
CLE194804200,fellb101,CLE,1,1,value,27,0,0,0,0,0,,,,,1,19480420,0,CLE07,h,SLA,1,0,0,regular,y,y,
DET194804240,fellb101,CLE,1,1,value,27,1,0,0,0,0,,,,,1,19480424,0,DET04,v,DET,1,0,0,regular,y,y,
CHA194804260,fellb101,CLE,1,1,value,3,0,0,0,0,0,,,,,0,19480426,0,CHI10,v,CHA,1,0,0,regular,y,y,
CLE194805010,fellb101,CLE,1,1,value,14,0,0,0,0,0,,,,,1,19480501,0,CLE07,h,DET,0,1,0,regular,y,y,
PHA194805060,fellb101,CLE,1,1,value,10,0,1,0,0,0,,,,,1,19480506,0,PHI11,v,PHA,0,1,0,regular,y,y,
BOS194805091,fellb101,CLE,1,1,value,28,1,1,0,0,0,,,,,1,19480509,1,BOS07,v,BOS,1,0,0,regular,y,y,
CLE194805150,fellb101,CLE,1,1,value,27,0,0,0,0,0,,,,,1,19480515,0,CLE07,h,CHA,1,0,0,regular,y,y,
CLE194805190,fellb101,CLE,1,1,value,27,2,1,0,0,0,,,,,1,19480519,0,CLE07,h,PHA,1,0,0,regular,y,y,
CLE194805231,fellb101,CLE,1,1,value,21,0,1,0,0,0,,,,,1,19480523,1,CLE07,h,NYA,0,1,0,regular,y,y,
CHA194805301,fellb101,CLE,1,1,value,17,0,1,0,0,0,,,,,1,19480530,1,CHI10,v,CHA,0,1,0,regular,y,y,
WS1194806040,fellb101,CLE,1,1,value,33,1,4,0,0,0,,,,,1,19480604,0,WAS09,v,WS1,1,0,0,regular,y,y,
BOS194806100,fellb101,CLE,1,1,value,8,0,0,0,0,0,,,,,1,19480610,0,BOS07,v,BOS,0,1,0,regular,y,y,
NYA194806110,fellb101,CLE,1,1,value,1,0,0,0,0,0,,,,,0,19480611,0,NYC16,v,NYA,1,0,0,regular,y,y,
NYA194806130,fellb101,CLE,1,1,value,18,0,0,0,0,0,,,,,1,19480613,0,NYC16,v,NYA,0,1,0,regular,y,y,
CLE194806160,fellb101,CLE,1,1,value,21,0,1,0,0,0,,,,,1,19480616,0,CLE07,h,BOS,0,1,0,regular,y,y,
CLE194806201,fellb101,CLE,1,1,value,27,0,2,0,0,0,,,,,1,19480620,1,CLE07,h,PHA,1,0,0,regular,y,y,
CLE194806240,fellb101,CLE,1,1,value,27,0,2,0,0,0,,,,,1,19480624,0,CLE07,h,NYA,0,1,0,regular,y,y,
DET194806290,fellb101,CLE,1,1,value,27,0,2,0,0,0,,,,,1,19480629,0,DET04,v,DET,1,0,0,regular,y,y,
SLA194807030,fellb101,CLE,1,1,value,27,0,2,0,1,0,,,,,1,19480703,0,STL07,v,SLA,1,0,0,regular,y,y,
CLE194807052,fellb101,CLE,1,1,value,2,1,0,0,0,0,,,,,0,19480705,2,CLE07,h,DET,0,1,0,regular,y,y,
CLE194807070,fellb101,CLE,1,1,value,27,0,3,0,0,0,,,,,1,19480707,0,CLE07,h,CHA,1,0,0,regular,y,y,
CLE194807111,fellb101,CLE,1,1,value,27,1,0,0,0,0,,,,,1,19480711,1,CLE07,h,SLA,0,1,0,regular,y,y,
PHA194807160,fellb101,CLE,1,1,value,1,0,0,0,0,0,,,,,1,19480716,0,PHI11,v,PHA,0,1,0,regular,y,y,
WS1194807182,fellb101,CLE,1,1,value,15,0,0,0,0,0,,,,,1,19480718,2,WAS09,v,WS1,1,0,0,regular,y,y,
NYA194807220,fellb101,CLE,1,1,value,15,0,3,0,0,0,,,,,1,19480722,0,NYC16,v,NYA,0,1,0,regular,y,y,
BOS194807242,fellb101,CLE,1,1,value,1,0,0,0,0,0,,,,,0,19480724,2,BOS07,v,BOS,0,1,0,regular,y,y,
CLE194807270,fellb101,CLE,1,1,value,18,1,0,0,0,0,,,,,1,19480727,0,CLE07,h,PHA,1,0,0,regular,y,y,
CLE194807310,fellb101,CLE,1,1,value,17,0,5,0,0,0,,,,,1,19480731,0,CLE07,h,BOS,1,0,0,regular,y,y,
CLE194808060,fellb101,CLE,1,1,value,22,0,1,0,0,0,,,,,1,19480806,0,CLE07,h,NYA,1,0,0,regular,y,y,
DET194808100,fellb101,CLE,1,1,value,18,0,2,0,0,0,,,,,1,19480810,0,DET04,v,DET,0,1,0,regular,y,y,
SLA194808122,fellb101,CLE,1,1,value,6,0,2,0,0,0,,,,,0,19480812,2,STL07,v,SLA,1,0,0,regular,y,y,
CHA194808151,fellb101,CLE,1,1,value,27,2,0,0,0,0,,,,,1,19480815,1,CHI10,v,CHA,1,0,0,regular,y,y,
CLE194808221,fellb101,CLE,1,1,value,16,0,1,0,0,0,,,,,1,19480822,1,CLE07,h,CHA,0,1,0,regular,y,y,
NYA194808271,fellb101,CLE,1,1,value,27,1,0,1,0,0,,,,,1,19480827,1,NYC16,v,NYA,1,0,0,regular,y,y,
WS1194808292,fellb101,CLE,1,1,value,1,0,0,0,0,0,,,,,0,19480829,2,WAS09,v,WS1,0,1,0,regular,y,y,
PHA194809010,fellb101,CLE,1,1,value,27,1,0,0,0,0,,,,,1,19480901,0,PHI11,v,PHA,1,0,0,regular,y,y,
CHA194809062,fellb101,CLE,1,1,value,21,0,2,0,0,0,,,,,1,19480906,2,CHI10,v,CHA,1,0,0,regular,y,y,
CLE194809090,fellb101,CLE,1,1,value,21,0,0,0,0,0,,,,,1,19480909,0,CLE07,h,DET,1,0,0,regular,y,y,
CLE194809122,fellb101,CLE,1,1,value,27,0,1,1,0,0,,,,,1,19480912,2,CLE07,h,SLA,0,0,1,regular,y,y,
CLE194809170,fellb101,CLE,1,1,value,27,1,1,0,0,0,,,,,1,19480917,0,CLE07,h,WS1,1,0,0,regular,y,y,
CLE194809220,fellb101,CLE,1,1,value,27,0,0,0,0,0,,,,,1,19480922,0,CLE07,h,BOS,1,0,0,regular,y,y,
DET194809260,fellb101,CLE,1,1,value,27,3,1,0,0,0,,,,,1,19480926,0,DET04,v,DET,1,0,0,regular,y,y,
CLE194809290,fellb101,CLE,1,1,value,27,0,2,0,0,0,,,,,1,19480929,0,CLE07,h,CHA,1,0,0,regular,y,y,
CLE194810030,fellb101,CLE,1,1,value,7,1,0,0,0,0,,,,,1,19481003,0,CLE07,h,DET,0,1,0,regular,y,y,
BSN194810060,fellb101,CLE,1,1,value,24,1,4,0,0,0,,,,,1,19481006,0,BOS08,v,BSN,0,1,0,worldseries,y,y,
CLE194810100,fellb101,CLE,1,1,value,19,1,0,0,0,0,,,,,1,19481010,0,CLE07,h,BSN,0,1,0,worldseries,y,y,
SLA194904190,fellb101,CLE,1,1,value,6,0,1,0,0,0,,,,,1,19490419,0,STL07,v,SLA,0,1,0,regular,y,y,
CLE194905050,fellb101,CLE,1,1,value,27,0,0,0,0,0,,,,,1,19490505,0,CLE07,h,BOS,1,0,0,regular,y,y,
CHA194905151,fellb101,CLE,1,1,value,6,0,0,0,0,0,,,,,1,19490515,1,CHI10,v,CHA,0,1,0,regular,y,y,
NYA194905180,fellb101,CLE,1,1,value,21,0,0,0,0,0,,,,,1,19490518,0,NYC16,v,NYA,0,1,0,regular,y,y,
CLE194905291,fellb101,CLE,1,1,value,5,0,0,0,0,0,,,,,0,19490529,1,CLE07,h,CHA,0,1,0,regular,y,y,
CLE194906010,fellb101,CLE,1,1,value,24,1,0,0,0,0,,,,,1,19490601,0,CLE07,h,BOS,0,1,0,regular,y,y,
CLE194906051,fellb101,CLE,1,1,value,27,0,0,0,0,0,,,,,1,19490605,1,CLE07,h,PHA,0,1,0,regular,y,y,
CLE194906110,fellb101,CLE,1,1,value,1,0,0,0,0,0,,,,,1,19490611,0,CLE07,h,NYA,0,1,0,regular,y,y,
BOS194906140,fellb101,CLE,1,1,value,27,3,2,0,0,0,,,,,1,19490614,0,BOS07,v,BOS,1,0,0,regular,y,y,
NYA194906190,fellb101,CLE,1,1,value,33,1,0,0,0,0,,,,,1,19490619,0,NYC16,v,NYA,1,0,0,regular,y,y,
WS1194906240,fellb101,CLE,1,1,value,27,2,2,0,1,0,,,,,1,19490624,0,WAS09,v,WS1,1,0,0,regular,y,y,
CLE194906292,fellb101,CLE,1,1,value,14,0,2,0,0,0,,,,,1,19490629,2,CLE07,h,DET,1,0,0,regular,y,y,
DET194907041,fellb101,CLE,1,1,value,21,0,0,0,0,0,,,,,1,19490704,1,DET04,v,DET,1,0,0,regular,y,y,
SLA194907100,fellb101,CLE,1,1,value,18,0,0,0,0,0,,,,,1,19490710,0,STL07,v,SLA,1,0,0,regular,y,y,
CLE194907150,fellb101,CLE,1,1,value,16,0,1,1,0,0,,,,,1,19490715,0,CLE07,h,PHA,0,1,0,regular,y,y,
CLE194907172,fellb101,CLE,1,1,value,3,0,0,0,0,0,,,,,0,19490717,2,CLE07,h,BOS,0,1,0,regular,y,y,
CLE194907200,fellb101,CLE,1,1,value,8,0,0,0,0,0,,,,,1,19490720,0,CLE07,h,NYA,0,1,0,regular,y,y,
CLE194907230,fellb101,CLE,1,1,value,27,1,0,0,0,0,,,,,1,19490723,0,CLE07,h,WS1,1,0,0,regular,y,y,
BOS194907292,fellb101,CLE,1,1,value,26,0,1,0,0,0,,,,,0,19490729,2,BOS07,v,BOS,1,0,0,regular,y,y,
WS1194908042,fellb101,CLE,1,1,value,27,0,0,0,0,0,,,,,1,19490804,2,WAS09,v,WS1,1,0,0,regular,y,y,
CLE194908090,fellb101,CLE,1,1,value,27,1,1,0,0,0,,,,,1,19490809,0,CLE07,h,SLA,1,0,0,regular,y,y,
CLE194908110,fellb101,CLE,1,1,value,6,0,0,0,0,0,,,,,0,19490811,0,CLE07,h,CHA,1,0,0,regular,y,y,
CLE194908150,fellb101,CLE,1,1,value,30,0,1,0,0,0,,,,,1,19490815,0,CLE07,h,DET,1,0,0,regular,y,y,
SLA194908171,fellb101,CLE,1,1,value,1,0,0,0,0,0,,,,,0,19490817,1,STL07,v,SLA,0,1,0,regular,y,y,
CHA194908211,fellb101,CLE,1,1,value,1,0,0,0,0,0,,,,,1,19490821,1,CHI10,v,CHA,0,1,0,regular,y,y,
CLE194908250,fellb101,CLE,1,1,value,21,0,3,0,0,0,,,,,1,19490825,0,CLE07,h,NYA,0,1,0,regular,y,y,
CLE194908291,fellb101,CLE,1,1,value,27,1,0,0,0,0,,,,,1,19490829,1,CLE07,h,BOS,1,0,0,regular,y,y,
CLE194909030,fellb101,CLE,1,1,value,27,0,0,0,0,0,,,,,1,19490903,0,CLE07,h,SLA,0,1,0,regular,y,y,
DET194909082,fellb101,CLE,1,1,value,24,0,0,0,0,0,,,,,1,19490908,2,DET04,v,DET,0,1,0,regular,y,y,
PHA194909140,fellb101,CLE,1,1,value,24,0,0,0,0,0,,,,,1,19490914,0,PHI11,v,PHA,0,1,0,regular,y,y,
WS1194909160,fellb101,CLE,1,1,value,6,0,0,0,0,0,,,,,0,19490916,0,WAS09,v,WS1,0,1,0,regular,y,y,
NYA194909190,fellb101,CLE,1,1,value,18,2,3,0,0,0,,,,,1,19490919,0,NYC16,v,NYA,0,1,0,regular,y,y,
BOS194909210,fellb101,CLE,1,1,value,2,0,0,0,0,0,,,,,0,19490921,0,BOS07,v,BOS,0,1,0,regular,y,y,
CLE194909240,fellb101,CLE,1,1,value,16,0,1,0,0,0,,,,,1,19490924,0,CLE07,h,DET,0,1,0,regular,y,y,
DET194909300,fellb101,CLE,1,1,value,27,0,2,0,1,0,,,,,1,19490930,0,DET04,v,DET,1,0,0,regular,y,y,
DET194910020,fellb101,CLE,1,1,value,12,0,0,0,0,0,,,,,0,19491002,0,DET04,v,DET,1,0,0,regular,y,y,
SLA195004220,fellb101,CLE,1,1,value,27,1,2,0,0,0,,,,,1,19500422,0,STL07,v,SLA,1,0,0,regular,y,y,
DET195004280,fellb101,CLE,1,1,value,27,0,0,0,0,0,,,,,1,19500428,0,DET04,v,DET,1,0,0,regular,y,y,
BOS195005030,fellb101,CLE,1,1,value,16,1,0,0,0,0,,,,,1,19500503,0,BOS07,v,BOS,0,1,0,regular,y,y,
WS1195005080,fellb101,CLE,1,1,value,18,0,3,0,0,0,,,,,1,19500508,0,WAS09,v,WS1,0,1,0,regular,y,y,
CLE195005130,fellb101,CLE,1,1,value,21,0,1,0,0,0,,,,,1,19500513,0,CLE07,h,CHA,1,0,0,regular,y,y,
CLE195005170,fellb101,CLE,1,1,value,18,0,1,0,0,0,,,,,1,19500517,0,CLE07,h,PHA,0,1,0,regular,y,y,
CLE195005212,fellb101,CLE,1,1,value,18,0,1,0,0,0,,,,,1,19500521,2,CLE07,h,NYA,0,1,0,regular,y,y,
CHA195005260,fellb101,CLE,1,1,value,27,0,3,0,0,0,,,,,1,19500526,0,CHI10,v,CHA,1,0,0,regular,y,y,
BOS195006020,fellb101,CLE,1,1,value,2,0,0,0,0,0,,,,,1,19500602,0,BOS07,v,BOS,0,1,0,regular,y,y,
NYA195006050,fellb101,CLE,1,1,value,27,1,0,0,0,0,,,,,1,19500605,0,NYC16,v,NYA,1,0,0,regular,y,y,
WS1195006090,fellb101,CLE,1,1,value,18,0,0,0,0,0,,,,,1,19500609,0,WAS09,v,WS1,1,0,0,regular,y,y,
CLE195006130,fellb101,CLE,1,1,value,22,0,0,0,0,0,,,,,1,19500613,0,CLE07,h,BOS,0,1,0,regular,y,y,
CLE195006181,fellb101,CLE,1,1,value,27,0,0,0,0,0,,,,,1,19500618,1,CLE07,h,PHA,1,0,0,regular,y,y,
CLE195006220,fellb101,CLE,1,1,value,27,0,0,0,0,0,,,,,1,19500622,0,CLE07,h,NYA,1,0,0,regular,y,y,
SLA195006270,fellb101,CLE,1,1,value,24,0,0,0,0,0,,,,,1,19500627,0,STL07,v,SLA,0,1,0,regular,y,y,
CLE195007022,fellb101,CLE,1,1,value,25,0,1,0,0,0,,,,,1,19500702,2,CLE07,h,DET,1,0,0,regular,y,y,
DET195007070,fellb101,CLE,1,1,value,18,0,2,0,0,0,,,,,1,19500707,0,DET04,v,DET,0,1,0,regular,y,y,
ALS195007110,fellb101,ALS,1,1,value,2,0,0,0,0,0,,,,,0,19500711,0,CHI10,h,NLS,0,1,0,allstar,y,y,
NYA195007150,fellb101,CLE,1,1,value,27,0,2,0,0,0,,,,,1,19500715,0,NYC16,v,NYA,0,1,0,regular,y,y,
PHA195007190,fellb101,CLE,1,1,value,27,0,1,0,0,0,,,,,1,19500719,0,PHI11,v,PHA,1,0,0,regular,y,y,
CLE195007250,fellb101,CLE,1,1,value,25,0,0,0,0,0,,,,,1,19500725,0,CLE07,h,PHA,1,0,0,regular,y,y,
CLE195007301,fellb101,CLE,1,1,value,21,0,1,0,0,0,,,,,1,19500730,1,CLE07,h,BOS,1,0,0,regular,y,y,
CLE195008040,fellb101,CLE,1,1,value,27,0,0,0,0,0,,,,,1,19500804,0,CLE07,h,NYA,0,1,0,regular,y,y,
SLA195008091,fellb101,CLE,1,1,value,14,0,0,0,0,0,,,,,1,19500809,1,STL07,v,SLA,1,0,0,regular,y,y,
CHA195008131,fellb101,CLE,1,1,value,21,0,1,0,0,0,,,,,1,19500813,1,CHI10,v,CHA,1,0,0,regular,y,y,
CLE195008170,fellb101,CLE,1,1,value,16,1,0,0,0,0,,,,,1,19500817,0,CLE07,h,SLA,1,0,0,regular,y,y,
WS1195008220,fellb101,CLE,1,1,value,27,1,1,0,0,0,,,,,1,19500822,0,WAS09,v,WS1,1,0,0,regular,y,y,
BOS195008270,fellb101,CLE,1,1,value,7,1,0,0,0,0,,,,,1,19500827,0,BOS07,v,BOS,0,1,0,regular,y,y,
BOS195008280,fellb101,CLE,1,1,value,7,0,1,0,0,0,,,,,0,19500828,0,BOS07,v,BOS,0,1,0,regular,y,y,
NYA195008301,fellb101,CLE,1,1,value,24,1,0,0,1,0,,,,,1,19500830,1,NYC16,v,NYA,0,1,0,regular,y,y,
SLA195009030,fellb101,CLE,1,1,value,27,0,1,0,0,0,,,,,1,19500903,0,STL07,v,SLA,1,0,0,regular,y,y,
DET195009070,fellb101,CLE,1,1,value,1,0,0,0,0,0,,,,,1,19500907,0,DET04,v,DET,0,0,1,regular,y,y,
CLE195009100,fellb101,CLE,1,1,value,27,1,2,0,0,0,,,,,1,19500910,0,CLE07,h,SLA,0,1,0,regular,y,y,
CLE195009160,fellb101,CLE,1,1,value,27,0,0,0,0,0,,,,,1,19500916,0,CLE07,h,WS1,1,0,0,regular,y,y,
CLE195009220,fellb101,CLE,1,1,value,27,0,0,0,0,0,,,,,1,19500922,0,CLE07,h,DET,1,0,0,regular,y,y,
CLE195009270,fellb101,CLE,1,1,value,27,0,2,0,1,0,,,,,1,19500927,0,CLE07,h,CHA,1,0,0,regular,y,y,
CLE195104200,fellb101,CLE,1,1,value,27,0,0,1,0,0,,,,,1,19510420,0,CLE07,h,SLA,1,0,0,regular,y,y,
CLE195104240,fellb101,CLE,1,1,value,27,0,1,0,0,0,,,,,1,19510424,0,CLE07,h,CHA,1,0,0,regular,y,y,
CLE195105010,fellb101,CLE,1,1,value,27,1,1,0,1,0,,,,,1,19510501,0,CLE07,h,BOS,1,0,0,regular,y,y,
CHA195105131,fellb101,CLE,1,1,value,27,1,2,0,0,0,,,,,1,19510513,1,CHI10,v,CHA,1,0,0,regular,y,y,
BOS195105190,fellb101,CLE,1,1,value,19,0,1,0,0,0,,,,,1,19510519,0,BOS07,v,BOS,0,1,0,regular,y,y,
WS1195105240,fellb101,CLE,1,1,value,27,0,2,0,0,0,,,,,1,19510524,0,WAS09,v,WS1,1,0,0,regular,y,y,
DET195105280,fellb101,CLE,1,1,value,27,0,1,0,0,0,,,,,1,19510528,0,DET04,v,DET,1,0,0,regular,y,y,
CLE195106031,fellb101,CLE,1,1,value,27,1,0,0,0,0,,,,,1,19510603,1,CLE07,h,NYA,1,0,0,regular,y,y,
CLE195106080,fellb101,CLE,1,1,value,27,0,1,0,0,0,,,,,1,19510608,0,CLE07,h,BOS,1,0,0,regular,y,y,
PHA195106120,fellb101,CLE,1,1,value,25,0,0,0,0,0,,,,,1,19510612,0,PHI11,v,PHA,1,0,0,regular,y,y,
BOS195106180,fellb101,CLE,1,1,value,25,0,0,0,0,0,,,,,1,19510618,0,BOS07,v,BOS,1,0,0,regular,y,y,
NYA195106220,fellb101,CLE,1,1,value,21,0,0,0,0,0,,,,,1,19510622,0,NYC16,v,NYA,0,1,0,regular,y,y,
CLE195106260,fellb101,CLE,1,1,value,21,1,1,0,0,0,,,,,1,19510626,0,CLE07,h,SLA,1,0,0,regular,y,y,
CLE195107011,fellb101,CLE,1,1,value,27,0,0,1,0,0,,,,,1,19510701,1,CLE07,h,DET,1,0,0,regular,y,y,
DET195107060,fellb101,CLE,1,1,value,23,0,1,0,0,0,,,,,1,19510706,0,DET04,v,DET,1,0,0,regular,y,y,
CLE195107120,fellb101,CLE,1,1,value,27,0,1,0,0,0,,,,,1,19510712,0,CLE07,h,NYA,0,1,0,regular,y,y,
CLE195107170,fellb101,CLE,1,1,value,27,0,2,0,0,0,,,,,1,19510717,0,CLE07,h,BOS,1,0,0,regular,y,y,
CLE195107210,fellb101,CLE,1,1,value,27,0,1,0,0,0,,,,,1,19510721,0,CLE07,h,PHA,1,0,0,regular,y,y,
NYA195107260,fellb101,CLE,1,1,value,15,0,0,0,0,0,,,,,1,19510726,0,NYC16,v,NYA,1,0,0,regular,y,y,
BOS195107280,fellb101,CLE,1,1,value,5,0,0,0,0,0,,,,,0,19510728,0,BOS07,v,BOS,0,1,0,regular,y,y,
WS1195107310,fellb101,CLE,1,1,value,24,0,4,0,0,0,,,,,1,19510731,0,WAS09,v,WS1,1,0,0,regular,y,y,
PHA195108040,fellb101,CLE,1,1,value,26,0,1,0,0,0,,,,,1,19510804,0,PHI11,v,PHA,1,0,0,regular,y,y,
CLE195108080,fellb101,CLE,1,1,value,27,0,0,0,0,0,,,,,1,19510808,0,CLE07,h,SLA,1,0,0,regular,y,y,
CLE195108130,fellb101,CLE,1,1,value,27,2,4,0,1,0,,,,,1,19510813,0,CLE07,h,DET,1,0,0,regular,y,y,
CHA195108171,fellb101,CLE,1,1,value,21,0,1,0,0,0,,,,,1,19510817,1,CHI10,v,CHA,0,1,0,regular,y,y,
CLE195108210,fellb101,CLE,1,1,value,27,0,0,0,0,0,,,,,1,19510821,0,CLE07,h,WS1,1,0,0,regular,y,y,
CLE195108261,fellb101,CLE,1,1,value,18,0,0,0,0,0,,,,,1,19510826,1,CLE07,h,BOS,0,1,0,regular,y,y,
CLE195108300,fellb101,CLE,1,1,value,8,0,0,0,0,0,,,,,1,19510830,0,CLE07,h,PHA,0,1,0,regular,y,y,
CLE195109031,fellb101,CLE,1,1,value,24,0,2,0,0,0,,,,,1,19510903,1,CLE07,h,CHA,1,0,0,regular,y,y,
SLA195109072,fellb101,CLE,1,1,value,27,0,1,0,0,0,,,,,1,19510907,2,STL07,v,SLA,1,0,0,regular,y,y,
PHA195109112,fellb101,CLE,1,1,value,21,0,1,0,0,0,,,,,1,19510911,2,PHI11,v,PHA,0,1,0,regular,y,y,
NYA195109160,fellb101,CLE,1,1,value,14,0,2,0,0,0,,,,,1,19510916,0,NYC16,v,NYA,0,1,0,regular,y,y,
DET195109210,fellb101,CLE,1,1,value,7,0,0,0,0,0,,,,,1,19510921,0,DET04,v,DET,0,1,0,regular,y,y,
CLE195204180,fellb101,CLE,1,1,value,25,0,3,0,0,0,,,,,1,19520418,0,CLE07,h,DET,1,0,0,regular,y,y,
SLA195204230,fellb101,CLE,1,1,value,24,1,1,0,0,0,,,,,1,19520423,0,STL07,v,SLA,0,1,0,regular,y,y,
PHA195204290,fellb101,CLE,1,1,value,27,1,2,0,0,0,,,,,1,19520429,0,PHI11,v,PHA,1,0,0,regular,y,y,
WS1195205030,fellb101,CLE,1,1,value,16,1,0,0,0,0,,,,,1,19520503,0,WAS09,v,WS1,0,1,0,regular,y,y,
NYA195205080,fellb101,CLE,1,1,value,17,0,1,0,0,0,,,,,1,19520508,0,NYC16,v,NYA,1,0,0,regular,y,y,
CLE195205140,fellb101,CLE,1,1,value,16,0,0,0,0,0,,,,,1,19520514,0,CLE07,h,NYA,0,1,0,regular,y,y,
CLE195205181,fellb101,CLE,1,1,value,24,0,0,0,0,0,,,,,1,19520518,1,CLE07,h,PHA,0,1,0,regular,y,y,
SLA195205240,fellb101,CLE,1,1,value,27,1,1,0,0,0,,,,,1,19520524,0,STL07,v,SLA,1,0,0,regular,y,y,
DET195205290,fellb101,CLE,1,1,value,27,2,0,0,0,0,,,,,1,19520529,0,DET04,v,DET,1,0,0,regular,y,y,
BOS195206040,fellb101,CLE,1,1,value,3,0,0,0,0,0,,,,,1,19520604,0,BOS07,v,BOS,0,1,0,regular,y,y,
PHA195206082,fellb101,CLE,1,1,value,2,0,1,0,0,0,,,,,1,19520608,2,PHI11,v,PHA,0,1,0,regular,y,y,
WS1195206120,fellb101,CLE,1,1,value,27,2,1,1,0,0,,,,,1,19520612,0,WAS09,v,WS1,1,0,0,regular,y,y,
CLE195206170,fellb101,CLE,1,1,value,27,1,1,0,0,0,,,,,1,19520617,0,CLE07,h,WS1,0,1,0,regular,y,y,
CLE195206210,fellb101,CLE,1,1,value,21,0,1,0,0,0,,,,,1,19520621,0,CLE07,h,BOS,0,1,0,regular,y,y,
CHA195206270,fellb101,CLE,1,1,value,24,0,0,1,0,0,,,,,1,19520627,0,CHI10,v,CHA,0,1,0,regular,y,y,
CLE195207010,fellb101,CLE,1,1,value,27,1,2,1,0,0,,,,,1,19520701,0,CLE07,h,SLA,1,0,0,regular,y,y,
CLE195207050,fellb101,CLE,1,1,value,33,0,4,0,1,0,,,,,1,19520705,0,CLE07,h,CHA,1,0,0,regular,y,y,
PHA195207110,fellb101,CLE,1,1,value,8,1,0,0,0,0,,,,,1,19520711,0,PHI11,v,PHA,1,0,0,regular,y,y,
NYA195207162,fellb101,CLE,1,1,value,21,0,3,0,0,0,,,,,1,19520716,2,NYC16,v,NYA,0,1,0,regular,y,y,
CLE195207221,fellb101,CLE,1,1,value,15,0,0,0,0,0,,,,,1,19520722,1,CLE07,h,NYA,0,1,0,regular,y,y,
CLE195207260,fellb101,CLE,1,1,value,10,0,1,0,0,0,,,,,1,19520726,0,CLE07,h,WS1,0,1,0,regular,y,y,
CLE195207300,fellb101,CLE,1,1,value,27,0,3,0,0,0,,,,,1,19520730,0,CLE07,h,BOS,0,1,0,regular,y,y,
CLE195208031,fellb101,CLE,1,1,value,27,0,1,0,0,0,,,,,1,19520803,1,CLE07,h,PHA,1,0,0,regular,y,y,
SLA195208080,fellb101,CLE,1,1,value,0,0,0,0,0,0,,,,,1,19520808,0,STL07,v,SLA,1,0,0,regular,y,y,
CLE195208131,fellb101,CLE,1,1,value,24,1,0,0,0,0,,,,,1,19520813,1,CLE07,h,SLA,0,1,0,regular,y,y,
CLE195208171,fellb101,CLE,1,1,value,27,0,4,0,0,0,,,,,1,19520817,1,CLE07,h,CHA,1,0,0,regular,y,y,
WS1195208240,fellb101,CLE,1,1,value,3,0,0,0,0,0,,,,,1,19520824,0,WAS09,v,WS1,0,1,0,regular,y,y,
PHA195208260,fellb101,CLE,1,1,value,25,0,3,0,0,0,,,,,1,19520826,0,PHI11,v,PHA,1,0,0,regular,y,y,
CHA195208300,fellb101,CLE,1,1,value,8,0,1,0,0,0,,,,,1,19520830,0,CHI10,v,CHA,0,1,0,regular,y,y,
CLE195209030,fellb101,CLE,1,1,value,13,1,1,0,0,0,,,,,1,19520903,0,CLE07,h,DET,0,1,0,regular,y,y,
DET195304170,fellb101,CLE,1,1,value,24,0,1,0,0,0,,,,,1,19530417,0,DET04,v,DET,0,1,0,regular,y,y,
CLE195304261,fellb101,CLE,1,1,value,27,0,6,0,0,0,,,,,1,19530426,1,CLE07,h,DET,1,0,0,regular,y,y,
CLE195305020,fellb101,CLE,1,1,value,24,0,1,0,0,0,,,,,1,19530502,0,CLE07,h,BOS,0,1,0,regular,y,y,
SLA195305100,fellb101,CLE,1,1,value,18,1,2,0,0,0,,,,,1,19530510,0,STL07,v,SLA,1,0,0,regular,y,y,
BOS195305140,fellb101,CLE,1,1,value,18,0,0,0,0,0,,,,,1,19530514,0,BOS07,v,BOS,0,1,0,regular,y,y,
WS1195305200,fellb101,CLE,1,1,value,18,0,2,0,0,0,,,,,1,19530520,0,WAS09,v,WS1,0,1,0,regular,y,y,
CLE195305260,fellb101,CLE,1,1,value,26,0,0,0,0,0,,,,,1,19530526,0,CLE07,h,DET,1,0,0,regular,y,y,
CHA195305301,fellb101,CLE,1,1,value,12,1,1,0,1,0,,,,,1,19530530,1,CHI10,v,CHA,1,0,0,regular,y,y,
CLE195306071,fellb101,CLE,1,1,value,27,0,2,0,0,0,,,,,1,19530607,1,CLE07,h,PHA,1,0,0,regular,y,y,
CLE195306130,fellb101,CLE,1,1,value,9,0,0,0,0,0,,,,,1,19530613,0,CLE07,h,NYA,0,1,0,regular,y,y,
PHA195306170,fellb101,CLE,1,1,value,10,0,1,0,1,0,,,,,1,19530617,0,PHI11,v,PHA,1,0,0,regular,y,y,
WS1195306221,fellb101,CLE,1,1,value,27,1,1,0,0,0,,,,,1,19530622,1,WAS09,v,WS1,1,0,0,regular,y,y,
CLE195307041,fellb101,CLE,1,1,value,27,1,0,0,0,0,,,,,1,19530704,1,CLE07,h,DET,1,0,0,regular,y,y,
CHA195307101,fellb101,CLE,1,1,value,30,2,2,0,0,0,,,,,1,19530710,1,CHI10,v,CHA,1,0,0,regular,y,y,
CLE195307180,fellb101,CLE,1,1,value,3,0,0,0,0,0,,,,,1,19530718,0,CLE07,h,PHA,0,1,0,regular,y,y,
CLE195307261,fellb101,CLE,1,1,value,21,0,0,0,0,0,,,,,1,19530726,1,CLE07,h,WS1,0,1,0,regular,y,y,
PHA195308010,fellb101,CLE,1,1,value,27,0,0,0,0,0,,,,,1,19530801,0,PHI11,v,PHA,1,0,0,regular,y,y,
WS1195308060,fellb101,CLE,1,1,value,18,0,1,0,0,0,,,,,1,19530806,0,WAS09,v,WS1,0,1,0,regular,y,y,
SLA195308140,fellb101,CLE,1,1,value,14,0,1,0,0,0,,,,,1,19530814,0,STL07,v,SLA,1,0,0,regular,y,y,
CLE195308211,fellb101,CLE,1,1,value,27,0,0,0,0,0,,,,,1,19530821,1,CLE07,h,SLA,1,0,0,regular,y,y,
CLE195308301,fellb101,CLE,1,1,value,18,0,1,0,0,0,,,,,1,19530830,1,CLE07,h,BOS,1,0,0,regular,y,y,
CLE195309052,fellb101,CLE,1,1,value,27,3,3,0,2,0,,,,,1,19530905,2,CLE07,h,CHA,1,0,0,regular,y,y,
PHA195309160,fellb101,CLE,1,1,value,27,1,2,0,0,0,,,,,1,19530916,0,PHI11,v,PHA,1,0,0,regular,y,y,
CHA195309220,fellb101,CLE,1,1,value,27,0,1,0,1,0,,,,,1,19530922,0,CHI10,v,CHA,1,0,0,regular,y,y,
CLE195309270,fellb101,CLE,1,1,value,21,0,2,0,0,0,,,,,1,19530927,0,CLE07,h,DET,0,1,0,regular,y,y,
WS1195405021,fellb101,CLE,1,1,value,13,0,1,0,0,0,,,,,1,19540502,1,WAS09,v,WS1,1,0,0,regular,y,y,
CLE195405161,fellb101,CLE,1,1,value,7,0,0,0,0,0,,,,,1,19540516,1,CLE07,h,PHA,1,0,0,regular,y,y,
CLE195405231,fellb101,CLE,1,1,value,27,0,3,0,1,0,,,,,1,19540523,1,CLE07,h,BAL,1,0,0,regular,y,y,
CLE195405311,fellb101,CLE,1,1,value,27,0,1,0,0,0,,,,,1,19540531,1,CLE07,h,CHA,0,1,0,regular,y,y,
PHA195406061,fellb101,CLE,1,1,value,26,0,2,0,0,0,,,,,1,19540606,1,PHI11,v,PHA,1,0,0,regular,y,y,
BOS195406120,fellb101,CLE,1,1,value,18,0,0,0,0,0,,,,,1,19540612,0,BOS07,v,BOS,1,0,0,regular,y,y,
CLE195406201,fellb101,CLE,1,1,value,27,0,1,0,0,0,,,,,1,19540620,1,CLE07,h,BOS,1,0,0,regular,y,y,
CLE195407021,fellb101,CLE,1,1,value,27,1,1,0,0,0,,,,,1,19540702,1,CLE07,h,CHA,1,0,0,regular,y,y,
CLE195407080,fellb101,CLE,1,1,value,27,2,0,0,0,0,,,,,1,19540708,0,CLE07,h,BAL,1,0,0,regular,y,y,
PHA195407170,fellb101,CLE,1,1,value,27,0,1,0,0,0,,,,,1,19540717,0,PHI11,v,PHA,1,0,0,regular,y,y,
BOS195407221,fellb101,CLE,1,1,value,27,1,0,0,0,0,,,,,1,19540722,1,BOS07,v,BOS,1,0,0,regular,y,y,
CLE195407290,fellb101,CLE,1,1,value,5,0,0,0,0,0,,,,,1,19540729,0,CLE07,h,BOS,0,1,0,regular,y,y,
CLE195408070,fellb101,CLE,1,1,value,27,1,0,0,0,0,,,,,1,19540807,0,CLE07,h,PHA,1,0,0,regular,y,y,
CLE195408130,fellb101,CLE,1,1,value,26,0,4,0,1,0,,,,,1,19540813,0,CLE07,h,BAL,1,0,0,regular,y,y,
CLE195408191,fellb101,CLE,1,1,value,24,0,0,0,0,0,,,,,1,19540819,1,CLE07,h,DET,1,0,0,regular,y,y,
WS1195408270,fellb101,CLE,1,1,value,29,2,0,0,0,0,,,,,1,19540827,0,WAS09,v,WS1,0,1,0,regular,y,y,
CHA195409030,fellb101,CLE,1,1,value,19,0,1,0,0,0,,,,,1,19540903,0,CHI10,v,CHA,1,0,0,regular,y,y,
CLE195409090,fellb101,CLE,1,1,value,18,0,0,0,0,0,,,,,1,19540909,0,CLE07,h,PHA,1,0,0,regular,y,y,
CLE195409200,fellb101,CLE,1,1,value,19,0,0,0,0,0,,,,,1,19540920,0,CLE07,h,CHA,1,0,0,regular,y,y,
CHA195504160,fellb101,CLE,1,1,value,12,0,1,1,0,0,,,,,1,19550416,0,CHI10,v,CHA,0,1,0,regular,y,y,
KC1195504180,fellb101,CLE,1,1,value,3,0,0,0,0,0,,,,,0,19550418,0,KAN05,v,KC1,1,0,0,regular,y,y,
CLE195505011,fellb101,CLE,1,1,value,27,0,3,0,0,0,,,,,1,19550501,1,CLE07,h,BOS,1,0,0,regular,y,y,
CLE195505081,fellb101,CLE,1,1,value,5,0,0,0,0,0,,,,,1,19550508,1,CLE07,h,KC1,1,0,0,regular,y,y,
CLE195505310,fellb101,CLE,1,1,value,21,0,1,0,0,0,,,,,1,19550531,0,CLE07,h,BAL,1,0,0,regular,y,y,
CLE195506051,fellb101,CLE,1,1,value,14,0,0,0,0,0,,,,,1,19550605,1,CLE07,h,WS1,0,1,0,regular,y,y,
WS1195506150,fellb101,CLE,1,1,value,9,0,1,1,1,0,,,,,1,19550615,0,WAS09,v,WS1,0,1,0,regular,y,y,
BOS195506190,fellb101,CLE,1,1,value,3,1,0,0,0,0,,,,,0,19550619,0,BOS07,v,BOS,0,1,0,regular,y,y,
BAL195506230,fellb101,CLE,1,1,value,27,0,1,0,0,0,,,,,1,19550623,0,BAL11,v,BAL,1,0,0,regular,y,y,
CLE195506290,fellb101,CLE,1,1,value,14,0,0,0,0,0,,,,,1,19550629,0,CLE07,h,KC1,0,1,0,regular,y,y,
CLE195507041,fellb101,CLE,1,1,value,1,0,0,0,0,0,,,,,0,19550704,1,CLE07,h,DET,1,0,0,regular,y,y,
CHA195507090,fellb101,CLE,1,1,value,5,0,0,0,0,0,,,,,0,19550709,0,CHI10,v,CHA,0,1,0,regular,y,y,
CLE195507171,fellb101,CLE,1,1,value,7,0,1,0,0,0,,,,,0,19550717,1,CLE07,h,BOS,0,1,0,regular,y,y,
CLE195507190,fellb101,CLE,1,1,value,4,0,1,0,0,0,,,,,0,19550719,0,CLE07,h,WS1,0,1,0,regular,y,y,
CLE195507241,fellb101,CLE,1,1,value,18,1,1,0,1,0,,,,,1,19550724,1,CLE07,h,BAL,1,0,0,regular,y,y,
BOS195507270,fellb101,CLE,1,1,value,4,0,0,0,0,0,,,,,0,19550727,0,BOS07,v,BOS,0,1,0,regular,y,y,
BAL195507311,fellb101,CLE,1,1,value,22,0,0,0,0,0,,,,,1,19550731,1,BAL11,v,BAL,0,1,0,regular,y,y,
WS1195508050,fellb101,CLE,1,1,value,6,0,0,0,0,0,,,,,0,19550805,0,WAS09,v,WS1,0,1,0,regular,y,y,
WS1195508060,fellb101,CLE,1,1,value,6,0,0,0,0,0,,,,,0,19550806,0,WAS09,v,WS1,0,1,0,regular,y,y,
KC1195508140,fellb101,CLE,1,1,value,6,0,0,1,0,0,,,,,0,19550814,0,KAN05,v,KC1,0,1,0,regular,y,y,
DET195508170,fellb101,CLE,1,1,value,6,0,0,0,0,0,,,,,0,19550817,0,DET04,v,DET,0,1,0,regular,y,y,
CLE195508230,fellb101,CLE,1,1,value,3,0,0,0,0,0,,,,,0,19550823,0,CLE07,h,BOS,0,1,0,regular,y,y,
CLE195508270,fellb101,CLE,1,1,value,6,0,1,0,0,0,,,,,0,19550827,0,CLE07,h,NYA,1,0,0,regular,y,y,
CLE195508281,fellb101,CLE,1,1,value,6,0,0,0,0,0,,,,,0,19550828,1,CLE07,h,WS1,0,1,0,regular,y,y,
CLE195509051,fellb101,CLE,1,1,value,14,0,0,0,0,0,,,,,1,19550905,1,CLE07,h,KC1,0,1,0,regular,y,y,
CLE195604221,fellb101,CLE,1,1,value,16,2,1,0,0,0,,,,,1,19560422,1,CLE07,h,DET,0,1,0,regular,y,y,
CLE195605131,fellb101,CLE,1,1,value,6,0,0,0,0,0,,,,,1,19560513,1,CLE07,h,KC1,0,1,0,regular,y,y,
BAL195606070,fellb101,CLE,1,1,value,12,0,2,0,0,0,,,,,0,19560607,0,BAL11,v,BAL,0,1,0,regular,y,y,
BOS195606112,fellb101,CLE,1,1,value,11,0,1,0,0,0,,,,,0,19560611,2,BOS07,v,BOS,0,1,0,regular,y,y,
BOS195606130,fellb101,CLE,1,1,value,1,0,0,0,0,0,,,,,0,19560613,0,BOS07,v,BOS,0,0,1,regular,y,y,
CLE195606270,fellb101,CLE,1,1,value,12,0,0,0,0,0,,,,,0,19560627,0,CLE07,h,BAL,1,0,0,regular,y,y,
CLE195606300,fellb101,CLE,1,1,value,3,0,0,0,0,0,,,,,0,19560630,0,CLE07,h,CHA,0,1,0,regular,y,y,
DET195607050,fellb101,CLE,1,1,value,9,0,0,0,0,0,,,,,0,19560705,0,DET04,v,DET,0,1,0,regular,y,y,
KC1195607070,fellb101,CLE,1,1,value,3,0,0,0,0,0,,,,,0,19560707,0,KAN05,v,KC1,0,1,0,regular,y,y,
NYA195607140,fellb101,CLE,1,1,value,0,0,0,0,0,0,,,,,0,19560714,0,NYC16,v,NYA,0,1,0,regular,y,y,
WS1195607181,fellb101,CLE,1,1,value,14,0,0,0,0,0,,,,,0,19560718,1,WAS09,v,WS1,0,1,0,regular,y,y,
CLE195607280,fellb101,CLE,1,1,value,3,0,0,0,0,0,,,,,0,19560728,0,CLE07,h,BAL,0,1,0,regular,y,y,
CLE195607300,fellb101,CLE,1,1,value,6,0,0,1,0,0,,,,,0,19560730,0,CLE07,h,NYA,0,1,0,regular,y,y,
DET195608060,fellb101,CLE,1,1,value,0,0,0,0,0,0,,,,,0,19560806,0,DET04,v,DET,0,1,0,regular,y,y,
KC1195608100,fellb101,CLE,1,1,value,6,0,0,0,0,0,,,,,0,19560810,0,KAN05,v,KC1,1,0,0,regular,y,y,
CLE195608170,fellb101,CLE,1,1,value,13,0,1,0,0,0,,,,,0,19560817,0,CLE07,h,KC1,0,1,0,regular,y,y,
KC1195609031,fellb101,CLE,1,1,value,5,0,0,0,0,0,,,,,0,19560903,1,KAN05,v,KC1,0,1,0,regular,y,y,
CLE195609150,fellb101,CLE,1,1,value,27,0,1,0,0,0,,,,,1,19560915,0,CLE07,h,BOS,0,1,0,regular,y,y,
CLE195609300,fellb101,CLE,1,1,value,27,0,1,0,0,0,,,,,1,19560930,0,CLE07,h,DET,0,1,0,regular,y,y,
