gid,event,inning,top_bot,vis_home,site,batteam,pitteam,score_v,score_h,batter,pitcher,lp,bat_f,bathand,pithand,balls,strikes,count,pitches,nump,pa,ab,single,double,triple,hr,sh,sf,hbp,walk,k,xi,roe,fc,othout,noout,oth,bip,bunt,ground,fly,line,iw,gdp,othdp,tp,fle,wp,pb,bk,oa,di,sb2,sb3,sbh,cs2,cs3,csh,pko1,pko2,pko3,k_safe,e1,e2,e3,e4,e5,e6,e7,e8,e9,outs_pre,outs_post,br1_pre,br2_pre,br3_pre,br1_post,br2_post,br3_post,lob_id1,lob_id2,lob_id3,pr1_pre,pr2_pre,pr3_pre,pr1_post,pr2_post,pr3_post,run_b,run1,run2,run3,prun_b,prun1,prun2,prun3,ur_b,ur1,ur2,ur3,rbi_b,rbi1,rbi2,rbi3,runs,rbi,er,tur,l1,l2,l3,l4,l5,l6,l7,l8,l9,lf1,lf2,lf3,lf4,lf5,lf6,lf7,lf8,lf9,f2,f3,f4,f5,f6,f7,f8,f9,po0,po1,po2,po3,po4,po5,po6,po7,po8,po9,a1,a2,a3,a4,a5,a6,a7,a8,a9,fseq,batout1,batout2,batout3,brout_b,brout1,brout2,brout3,firstf,loc,hittype,dpopp,pivot,pn,umphome,ump1b,ump2b,ump3b,umplf,umprf,date,gametype,pbp
BLG193804170,S,1,0,0,JAC02,BFA,BLG,0,0,ray-j102,willw105,1,9,L,R,?,?,??,,,1,1,1,0,0,0,0,0,0,0,0,0,0,0,0,0,0,1,0,0,0,0,0,0,0,0,0,0,0,0,0,0,0,0,0,0,0,0,0,0,0,0,0,0,0,0,0,0,0,0,0,0,0,,,,ray-j102,,,,,,,,,willw105,,,,,,,,,,,0,0,0,0,0,0,0,0,0,0,0,0,ray-j102,hendl101,fordj101,glade101,currg102,brutj101,sayla101,haysc101,lawsl101,9,6,4,5,8,7,2,1,3,mackb102,westj102,hughs101,snowf101,walkh103,wrigb104,kimbh102,summl101,0,0,0,0,0,0,0,0,0,0,0,0,0,0,0,0,0,0,0,,0,0,0,0,0,0,0,0,,,0,0,1,mccrf901,,,,,,19380417,exhibition,deduced
BLG193804170,S.1X3(99)#,1,0,0,JAC02,BFA,BLG,0,0,hendl101,willw105,2,6,?,R,?,?,??,,,1,1,1,0,0,0,0,0,0,0,0,0,0,0,0,0,0,1,0,0,0,0,0,0,0,0,0,0,0,0,0,0,0,0,0,0,0,0,0,0,0,0,0,0,0,0,0,0,0,0,0,0,1,ray-j102,,,hendl101,,,,,,willw105,,,willw105,,,,,,,,,,,0,0,0,0,0,0,0,0,0,0,0,0,ray-j102,hendl101,fordj101,glade101,currg102,brutj101,sayla101,haysc101,lawsl101,9,6,4,5,8,7,2,1,3,mackb102,westj102,hughs101,snowf101,walkh103,wrigb104,kimbh102,summl101,1,0,0,0,0,0,0,0,0,0,0,0,0,0,0,0,0,0,0,0,0,0,0,0,0,0,0,0,,,0,0,2,mccrf901,,,,,,19380417,exhibition,deduced
BLG193804170,99,1,0,0,JAC02,BFA,BLG,0,0,fordj101,willw105,3,4,R,R,?,?,??,,,1,1,0,0,0,0,0,0,0,0,0,0,0,0,1,0,1,1,0,0,0,0,0,0,0,0,0,0,0,0,0,0,0,0,0,0,0,0,0,0,0,0,0,0,0,0,0,0,0,0,0,1,2,hendl101,,,hendl101,,,,,,willw105,,,willw105,,,,,,,,,,,0,0,0,0,0,0,0,0,0,0,0,0,ray-j102,hendl101,fordj101,glade101,currg102,brutj101,sayla101,haysc101,lawsl101,9,6,4,5,8,7,2,1,3,mackb102,westj102,hughs101,snowf101,walkh103,wrigb104,kimbh102,summl101,1,0,0,0,0,0,0,0,0,0,0,0,0,0,0,0,0,0,0,0,0,0,0,0,0,0,0,0,,,0,0,3,mccrf901,,,,,,19380417,exhibition,deduced
BLG193804170,99,1,0,0,JAC02,BFA,BLG,0,0,glade101,willw105,4,5,?,R,?,?,??,,,1,1,0,0,0,0,0,0,0,0,0,0,0,0,1,0,1,1,0,0,0,0,0,0,0,0,0,0,0,0,0,0,0,0,0,0,0,0,0,0,0,0,0,0,0,0,0,0,0,0,0,2,3,hendl101,,,,,,hendl101,,,willw105,,,,,,,,,,,,,,0,0,0,0,0,0,0,0,0,0,0,0,ray-j102,hendl101,fordj101,glade101,currg102,brutj101,sayla101,haysc101,lawsl101,9,6,4,5,8,7,2,1,3,mackb102,westj102,hughs101,snowf101,walkh103,wrigb104,kimbh102,summl101,1,0,0,0,0,0,0,0,0,0,0,0,0,0,0,0,0,0,0,0,0,0,0,0,0,0,0,0,,,0,0,4,mccrf901,,,,,,19380417,exhibition,deduced
BLG193804170,99,1,1,1,JAC02,BLG,BFA,0,0,kimbh102,haysc101,1,8,L,R,?,?,??,,,1,1,0,0,0,0,0,0,0,0,0,0,0,0,1,0,1,1,0,0,0,0,0,0,0,0,0,0,0,0,0,0,0,0,0,0,0,0,0,0,0,0,0,0,0,0,0,0,0,0,0,0,1,,,,,,,,,,,,,,,,,,,,,,,,0,0,0,0,0,0,0,0,0,0,0,0,kimbh102,hughs101,wrigb104,summl101,westj102,walkh103,snowf101,mackb102,willw105,8,4,7,9,3,6,5,2,1,sayla101,lawsl101,fordj101,glade101,hendl101,brutj101,currg102,ray-j102,1,0,0,0,0,0,0,0,0,0,0,0,0,0,0,0,0,0,0,0,0,0,0,0,0,0,0,0,,,0,0,5,mccrf901,,,,,,19380417,exhibition,deduced
BLG193804170,99,1,1,1,JAC02,BLG,BFA,0,0,hughs101,haysc101,2,4,R,R,?,?,??,,,1,1,0,0,0,0,0,0,0,0,0,0,0,0,1,0,1,1,0,0,0,0,0,0,0,0,0,0,0,0,0,0,0,0,0,0,0,0,0,0,0,0,0,0,0,0,0,0,0,0,0,1,2,,,,,,,,,,,,,,,,,,,,,,,,0,0,0,0,0,0,0,0,0,0,0,0,kimbh102,hughs101,wrigb104,summl101,westj102,walkh103,snowf101,mackb102,willw105,8,4,7,9,3,6,5,2,1,sayla101,lawsl101,fordj101,glade101,hendl101,brutj101,currg102,ray-j102,1,0,0,0,0,0,0,0,0,0,0,0,0,0,0,0,0,0,0,0,0,0,0,0,0,0,0,0,,,0,0,6,mccrf901,,,,,,19380417,exhibition,deduced
BLG193804170,99,1,1,1,JAC02,BLG,BFA,0,0,wrigb104,haysc101,3,7,B,R,?,?,??,,,1,1,0,0,0,0,0,0,0,0,0,0,0,0,1,0,1,1,0,0,0,0,0,0,0,0,0,0,0,0,0,0,0,0,0,0,0,0,0,0,0,0,0,0,0,0,0,0,0,0,0,2,3,,,,,,,,,,,,,,,,,,,,,,,,0,0,0,0,0,0,0,0,0,0,0,0,kimbh102,hughs101,wrigb104,summl101,westj102,walkh103,snowf101,mackb102,willw105,8,4,7,9,3,6,5,2,1,sayla101,lawsl101,fordj101,glade101,hendl101,brutj101,currg102,ray-j102,1,0,0,0,0,0,0,0,0,0,0,0,0,0,0,0,0,0,0,0,0,0,0,0,0,0,0,0,,,0,0,7,mccrf901,,,,,,19380417,exhibition,deduced
BLG193804170,W#,2,0,0,JAC02,BFA,BLG,0,0,currg102,willw105,5,8,L,R,?,?,??,,,1,0,0,0,0,0,0,0,0,1,0,0,0,0,0,0,0,0,0,0,0,0,0,0,0,0,0,0,0,0,0,0,0,0,0,0,0,0,0,0,0,0,0,0,0,0,0,0,0,0,0,0,0,,,,currg102,,,,,,,,,willw105,,,,,,,,,,,0,0,0,0,0,0,0,0,0,0,0,0,ray-j102,hendl101,fordj101,glade101,currg102,brutj101,sayla101,haysc101,lawsl101,9,6,4,5,8,7,2,1,3,mackb102,westj102,hughs101,snowf101,walkh103,wrigb104,kimbh102,summl101,0,0,0,0,0,0,0,0,0,0,0,0,0,0,0,0,0,0,0,,0,0,0,0,0,0,0,0,,,0,0,8,mccrf901,,,,,,19380417,exhibition,deduced
BLG193804170,99,2,0,0,JAC02,BFA,BLG,0,0,brutj101,willw105,6,7,?,R,?,?,??,,,1,1,0,0,0,0,0,0,0,0,0,0,0,0,1,0,1,1,0,0,0,0,0,0,0,0,0,0,0,0,0,0,0,0,0,0,0,0,0,0,0,0,0,0,0,0,0,0,0,0,0,0,1,currg102,,,currg102,,,,,,willw105,,,willw105,,,,,,,,,,,0,0,0,0,0,0,0,0,0,0,0,0,ray-j102,hendl101,fordj101,glade101,currg102,brutj101,sayla101,haysc101,lawsl101,9,6,4,5,8,7,2,1,3,mackb102,westj102,hughs101,snowf101,walkh103,wrigb104,kimbh102,summl101,1,0,0,0,0,0,0,0,0,0,0,0,0,0,0,0,0,0,0,0,0,0,0,0,0,0,0,0,,,0,0,9,mccrf901,,,,,,19380417,exhibition,deduced
BLG193804170,99,2,0,0,JAC02,BFA,BLG,0,0,sayla101,willw105,7,2,B,R,?,?,??,,,1,1,0,0,0,0,0,0,0,0,0,0,0,0,1,0,1,1,0,0,0,0,0,0,0,0,0,0,0,0,0,0,0,0,0,0,0,0,0,0,0,0,0,0,0,0,0,0,0,0,0,1,2,currg102,,,currg102,,,,,,willw105,,,willw105,,,,,,,,,,,0,0,0,0,0,0,0,0,0,0,0,0,ray-j102,hendl101,fordj101,glade101,currg102,brutj101,sayla101,haysc101,lawsl101,9,6,4,5,8,7,2,1,3,mackb102,westj102,hughs101,snowf101,walkh103,wrigb104,kimbh102,summl101,1,0,0,0,0,0,0,0,0,0,0,0,0,0,0,0,0,0,0,0,0,0,0,0,0,0,0,0,,,0,0,10,mccrf901,,,,,,19380417,exhibition,deduced
BLG193804170,99,2,0,0,JAC02,BFA,BLG,0,0,haysc101,willw105,8,1,?,R,?,?,??,,,1,1,0,0,0,0,0,0,0,0,0,0,0,0,1,0,1,1,0,0,0,0,0,0,0,0,0,0,0,0,0,0,0,0,0,0,0,0,0,0,0,0,0,0,0,0,0,0,0,0,0,2,3,currg102,,,,,,currg102,,,willw105,,,,,,,,,,,,,,0,0,0,0,0,0,0,0,0,0,0,0,ray-j102,hendl101,fordj101,glade101,currg102,brutj101,sayla101,haysc101,lawsl101,9,6,4,5,8,7,2,1,3,mackb102,westj102,hughs101,snowf101,walkh103,wrigb104,kimbh102,summl101,1,0,0,0,0,0,0,0,0,0,0,0,0,0,0,0,0,0,0,0,0,0,0,0,0,0,0,0,,,0,0,11,mccrf901,,,,,,19380417,exhibition,deduced
BLG193804170,99,2,1,1,JAC02,BLG,BFA,0,0,summl101,haysc101,4,9,R,R,?,?,??,,,1,1,0,0,0,0,0,0,0,0,0,0,0,0,1,0,1,1,0,0,0,0,0,0,0,0,0,0,0,0,0,0,0,0,0,0,0,0,0,0,0,0,0,0,0,0,0,0,0,0,0,0,1,,,,,,,,,,,,,,,,,,,,,,,,0,0,0,0,0,0,0,0,0,0,0,0,kimbh102,hughs101,wrigb104,summl101,westj102,walkh103,snowf101,mackb102,willw105,8,4,7,9,3,6,5,2,1,sayla101,lawsl101,fordj101,glade101,hendl101,brutj101,currg102,ray-j102,1,0,0,0,0,0,0,0,0,0,0,0,0,0,0,0,0,0,0,0,0,0,0,0,0,0,0,0,,,0,0,12,mccrf901,,,,,,19380417,exhibition,deduced
BLG193804170,D,2,1,1,JAC02,BLG,BFA,0,0,westj102,haysc101,5,3,B,R,?,?,??,,,1,1,0,1,0,0,0,0,0,0,0,0,0,0,0,0,0,1,0,0,0,0,0,0,0,0,0,0,0,0,0,0,0,0,0,0,0,0,0,0,0,0,0,0,0,0,0,0,0,0,0,1,1,,,,,westj102,,,,,,,,,haysc101,,,,,,,,,,0,0,0,0,0,0,0,0,0,0,0,0,kimbh102,hughs101,wrigb104,summl101,westj102,walkh103,snowf101,mackb102,willw105,8,4,7,9,3,6,5,2,1,sayla101,lawsl101,fordj101,glade101,hendl101,brutj101,currg102,ray-j102,0,0,0,0,0,0,0,0,0,0,0,0,0,0,0,0,0,0,0,,0,0,0,0,0,0,0,0,,,0,0,13,mccrf901,,,,,,19380417,exhibition,deduced
BLG193804170,S5.2-H(E5/TH)(NR);B-3#,2,1,1,JAC02,BLG,BFA,0,0,walkh103,haysc101,6,6,R,R,?,?,??,,,1,1,1,0,0,0,0,0,0,0,0,0,0,0,0,0,0,1,0,0,0,0,0,0,0,0,0,0,0,0,0,0,0,0,0,0,0,0,0,0,0,0,0,0,0,0,1,0,0,0,0,1,1,,westj102,,,,walkh103,,,,,haysc101,,,,haysc101,,,westj102,,,,haysc101,,0,0,0,0,0,0,0,0,1,0,1,0,kimbh102,hughs101,wrigb104,summl101,westj102,walkh103,snowf101,mackb102,willw105,8,4,7,9,3,6,5,2,1,sayla101,lawsl101,fordj101,glade101,hendl101,brutj101,currg102,ray-j102,0,0,0,0,0,0,0,0,0,0,0,0,0,0,0,0,0,0,0,,0,0,0,0,0,0,0,5,5+,,0,0,14,mccrf901,,,,,,19380417,exhibition,deduced
BLG193804170,99.3-H(UR)#,2,1,1,JAC02,BLG,BFA,0,1,snowf101,haysc101,7,5,R,R,?,?,??,,,1,1,0,0,0,0,0,0,0,0,0,0,0,0,1,0,1,1,0,0,0,0,0,0,0,0,0,0,0,0,0,0,0,0,0,0,0,0,0,0,0,0,0,0,0,0,0,0,0,0,0,1,2,,,walkh103,,,,,,,,,haysc101,,,,,,,walkh103,,,,haysc101,0,0,0,1,0,0,0,1,1,1,0,0,kimbh102,hughs101,wrigb104,summl101,westj102,walkh103,snowf101,mackb102,willw105,8,4,7,9,3,6,5,2,1,sayla101,lawsl101,fordj101,glade101,hendl101,brutj101,currg102,ray-j102,1,0,0,0,0,0,0,0,0,0,0,0,0,0,0,0,0,0,0,0,0,0,0,0,0,0,0,0,,,0,0,15,mccrf901,,,,,,19380417,exhibition,deduced
BLG193804170,99,2,1,1,JAC02,BLG,BFA,0,2,mackb102,haysc101,8,2,B,R,?,?,??,,,1,1,0,0,0,0,0,0,0,0,0,0,0,0,1,0,1,1,0,0,0,0,0,0,0,0,0,0,0,0,0,0,0,0,0,0,0,0,0,0,0,0,0,0,0,0,0,0,0,0,0,2,3,,,,,,,,,,,,,,,,,,,,,,,,0,0,0,0,0,0,0,0,0,0,0,0,kimbh102,hughs101,wrigb104,summl101,westj102,walkh103,snowf101,mackb102,willw105,8,4,7,9,3,6,5,2,1,sayla101,lawsl101,fordj101,glade101,hendl101,brutj101,currg102,ray-j102,1,0,0,0,0,0,0,0,0,0,0,0,0,0,0,0,0,0,0,0,0,0,0,0,0,0,0,0,,,0,0,16,mccrf901,,,,,,19380417,exhibition,deduced
BLG193804170,W#,3,0,0,JAC02,BFA,BLG,0,2,lawsl101,willw105,9,3,?,R,?,?,??,,,1,0,0,0,0,0,0,0,0,1,0,0,0,0,0,0,0,0,0,0,0,0,0,0,0,0,0,0,0,0,0,0,0,0,0,0,0,0,0,0,0,0,0,0,0,0,0,0,0,0,0,0,0,,,,lawsl101,,,,,,,,,willw105,,,,,,,,,,,0,0,0,0,0,0,0,0,0,0,0,0,ray-j102,hendl101,fordj101,glade101,currg102,brutj101,sayla101,haysc101,lawsl101,9,6,4,5,8,7,2,1,3,mackb102,westj102,hughs101,snowf101,walkh103,wrigb104,kimbh102,summl101,0,0,0,0,0,0,0,0,0,0,0,0,0,0,0,0,0,0,0,,0,0,0,0,0,0,0,0,,,0,0,17,mccrf901,,,,,,19380417,exhibition,deduced
BLG193804170,99,3,0,0,JAC02,BFA,BLG,0,2,ray-j102,willw105,1,9,L,R,?,?,??,,,1,1,0,0,0,0,0,0,0,0,0,0,0,0,1,0,1,1,0,0,0,0,0,0,0,0,0,0,0,0,0,0,0,0,0,0,0,0,0,0,0,0,0,0,0,0,0,0,0,0,0,0,1,lawsl101,,,lawsl101,,,,,,willw105,,,willw105,,,,,,,,,,,0,0,0,0,0,0,0,0,0,0,0,0,ray-j102,hendl101,fordj101,glade101,currg102,brutj101,sayla101,haysc101,lawsl101,9,6,4,5,8,7,2,1,3,mackb102,westj102,hughs101,snowf101,walkh103,wrigb104,kimbh102,summl101,1,0,0,0,0,0,0,0,0,0,0,0,0,0,0,0,0,0,0,0,0,0,0,0,0,0,0,0,,,0,0,18,mccrf901,,,,,,19380417,exhibition,deduced
BLG193804170,99,3,0,0,JAC02,BFA,BLG,0,2,hendl101,willw105,2,6,?,R,?,?,??,,,1,1,0,0,0,0,0,0,0,0,0,0,0,0,1,0,1,1,0,0,0,0,0,0,0,0,0,0,0,0,0,0,0,0,0,0,0,0,0,0,0,0,0,0,0,0,0,0,0,0,0,1,2,lawsl101,,,lawsl101,,,,,,willw105,,,willw105,,,,,,,,,,,0,0,0,0,0,0,0,0,0,0,0,0,ray-j102,hendl101,fordj101,glade101,currg102,brutj101,sayla101,haysc101,lawsl101,9,6,4,5,8,7,2,1,3,mackb102,westj102,hughs101,snowf101,walkh103,wrigb104,kimbh102,summl101,1,0,0,0,0,0,0,0,0,0,0,0,0,0,0,0,0,0,0,0,0,0,0,0,0,0,0,0,,,0,0,19,mccrf901,,,,,,19380417,exhibition,deduced
BLG193804170,99,3,0,0,JAC02,BFA,BLG,0,2,fordj101,willw105,3,4,R,R,?,?,??,,,1,1,0,0,0,0,0,0,0,0,0,0,0,0,1,0,1,1,0,0,0,0,0,0,0,0,0,0,0,0,0,0,0,0,0,0,0,0,0,0,0,0,0,0,0,0,0,0,0,0,0,2,3,lawsl101,,,,,,lawsl101,,,willw105,,,,,,,,,,,,,,0,0,0,0,0,0,0,0,0,0,0,0,ray-j102,hendl101,fordj101,glade101,currg102,brutj101,sayla101,haysc101,lawsl101,9,6,4,5,8,7,2,1,3,mackb102,westj102,hughs101,snowf101,walkh103,wrigb104,kimbh102,summl101,1,0,0,0,0,0,0,0,0,0,0,0,0,0,0,0,0,0,0,0,0,0,0,0,0,0,0,0,,,0,0,20,mccrf901,,,,,,19380417,exhibition,deduced
BLG193804170,S6.B-2(E6/TH)#,3,1,1,JAC02,BLG,BFA,0,2,willw105,haysc101,9,1,?,R,?,?,??,,,1,1,1,0,0,0,0,0,0,0,0,0,0,0,0,0,0,1,0,0,0,0,0,0,0,0,0,0,0,0,0,0,0,0,0,0,0,0,0,0,0,0,0,0,0,0,0,1,0,0,0,0,0,,,,,willw105,,,,,,,,,haysc101,,,,,,,,,,0,0,0,0,0,0,0,0,0,0,0,0,kimbh102,hughs101,wrigb104,summl101,westj102,walkh103,snowf101,mackb102,willw105,8,4,7,9,3,6,5,2,1,sayla101,lawsl101,fordj101,glade101,hendl101,brutj101,currg102,ray-j102,0,0,0,0,0,0,0,0,0,0,0,0,0,0,0,0,0,0,0,,0,0,0,0,0,0,0,6,6+,,0,0,21,mccrf901,,,,,,19380417,exhibition,deduced
BLG193804170,W#,3,1,1,JAC02,BLG,BFA,0,2,kimbh102,haysc101,1,8,L,R,?,?,??,,,1,0,0,0,0,0,0,0,0,1,0,0,0,0,0,0,0,0,0,0,0,0,0,0,0,0,0,0,0,0,0,0,0,0,0,0,0,0,0,0,0,0,0,0,0,0,0,0,0,0,0,0,0,,willw105,,kimbh102,willw105,,,,,,haysc101,,haysc101,haysc101,,,,,,,,,,0,0,0,0,0,0,0,0,0,0,0,0,kimbh102,hughs101,wrigb104,summl101,westj102,walkh103,snowf101,mackb102,willw105,8,4,7,9,3,6,5,2,1,sayla101,lawsl101,fordj101,glade101,hendl101,brutj101,currg102,ray-j102,0,0,0,0,0,0,0,0,0,0,0,0,0,0,0,0,0,0,0,,0,0,0,0,0,0,0,0,,,0,0,22,mccrf901,,,,,,19380417,exhibition,deduced
BLG193804170,99/SH.2-3;1-2#,3,1,1,JAC02,BLG,BFA,0,2,hughs101,haysc101,2,4,R,R,?,?,??,,,1,0,0,0,0,0,1,0,0,0,0,0,0,0,0,0,0,1,1,0,0,0,0,0,0,0,0,0,0,0,0,0,0,0,0,0,0,0,0,0,0,0,0,0,0,0,0,0,0,0,0,0,1,kimbh102,willw105,,,kimbh102,willw105,,,,haysc101,haysc101,,,haysc101,haysc101,,,,,,,,,0,0,0,0,0,0,0,0,0,0,0,0,kimbh102,hughs101,wrigb104,summl101,westj102,walkh103,snowf101,mackb102,willw105,8,4,7,9,3,6,5,2,1,sayla101,lawsl101,fordj101,glade101,hendl101,brutj101,currg102,ray-j102,1,0,0,0,0,0,0,0,0,0,0,0,0,0,0,0,0,0,0,0,0,0,0,0,0,0,0,0,,BG,0,0,23,mccrf901,,,,,,19380417,exhibition,deduced
BLG193804170,S.3-H;2-H,3,1,1,JAC02,BLG,BFA,0,2,wrigb104,haysc101,3,7,B,R,?,?,??,,,1,1,1,0,0,0,0,0,0,0,0,0,0,0,0,0,0,1,0,0,0,0,0,0,0,0,0,0,0,0,0,0,0,0,0,0,0,0,0,0,0,0,0,0,0,0,0,0,0,0,0,1,1,,kimbh102,willw105,wrigb104,,,,,,,haysc101,haysc101,haysc101,,,,,kimbh102,willw105,,,haysc101,haysc101,0,0,0,0,0,0,1,1,2,2,2,0,kimbh102,hughs101,wrigb104,summl101,westj102,walkh103,snowf101,mackb102,willw105,8,4,7,9,3,6,5,2,1,sayla101,lawsl101,fordj101,glade101,hendl101,brutj101,currg102,ray-j102,0,0,0,0,0,0,0,0,0,0,0,0,0,0,0,0,0,0,0,,0,0,0,0,0,0,0,0,,,0,0,24,mccrf901,,,,,,19380417,exhibition,deduced
BLG193804170,D.1-H,3,1,1,JAC02,BLG,BFA,0,4,summl101,haysc101,4,9,R,R,?,?,??,,,1,1,0,1,0,0,0,0,0,0,0,0,0,0,0,0,0,1,0,0,0,0,0,0,0,0,0,0,0,0,0,0,0,0,0,0,0,0,0,0,0,0,0,0,0,0,0,0,0,0,0,1,1,wrigb104,,,,summl101,,,,,haysc101,,,,haysc101,,,wrigb104,,,,haysc101,,,0,0,0,0,0,1,0,0,1,1,1,0,kimbh102,hughs101,wrigb104,summl101,westj102,walkh103,snowf101,mackb102,willw105,8,4,7,9,3,6,5,2,1,sayla101,lawsl101,fordj101,glade101,hendl101,brutj101,currg102,ray-j102,0,0,0,0,0,0,0,0,0,0,0,0,0,0,0,0,0,0,0,,0,0,0,0,0,0,0,0,,,0,0,25,mccrf901,,,,,,19380417,exhibition,deduced
BLG193804170,D.2-H,3,1,1,JAC02,BLG,BFA,0,5,westj102,haysc101,5,3,B,R,?,?,??,,,1,1,0,1,0,0,0,0,0,0,0,0,0,0,0,0,0,1,0,0,0,0,0,0,0,0,0,0,0,0,0,0,0,0,0,0,0,0,0,0,0,0,0,0,0,0,0,0,0,0,0,1,1,,summl101,,,westj102,,,,,,haysc101,,,haysc101,,,,summl101,,,,haysc101,,0,0,0,0,0,0,1,0,1,1,1,0,kimbh102,hughs101,wrigb104,summl101,westj102,walkh103,snowf101,mackb102,willw105,8,4,7,9,3,6,5,2,1,sayla101,lawsl101,fordj101,glade101,hendl101,brutj101,currg102,ray-j102,0,0,0,0,0,0,0,0,0,0,0,0,0,0,0,0,0,0,0,,0,0,0,0,0,0,0,0,,,0,0,26,mccrf901,,,,,,19380417,exhibition,deduced
BLG193804170,99,3,1,1,JAC02,BLG,BFA,0,6,walkh103,haysc101,6,6,R,R,?,?,??,,,1,1,0,0,0,0,0,0,0,0,0,0,0,0,1,0,1,1,0,0,0,0,0,0,0,0,0,0,0,0,0,0,0,0,0,0,0,0,0,0,0,0,0,0,0,0,0,0,0,0,0,1,2,,westj102,,,westj102,,,,,,haysc101,,,haysc101,,,,,,,,,,0,0,0,0,0,0,0,0,0,0,0,0,kimbh102,hughs101,wrigb104,summl101,westj102,walkh103,snowf101,mackb102,willw105,8,4,7,9,3,6,5,2,1,sayla101,lawsl101,fordj101,glade101,hendl101,brutj101,currg102,ray-j102,1,0,0,0,0,0,0,0,0,0,0,0,0,0,0,0,0,0,0,0,0,0,0,0,0,0,0,0,,,0,0,27,mccrf901,,,,,,19380417,exhibition,deduced
BLG193804170,W#,3,1,1,JAC02,BLG,BFA,0,6,snowf101,haysc101,7,5,R,R,?,?,??,,,1,0,0,0,0,0,0,0,0,1,0,0,0,0,0,0,0,0,0,0,0,0,0,0,0,0,0,0,0,0,0,0,0,0,0,0,0,0,0,0,0,0,0,0,0,0,0,0,0,0,0,2,2,,westj102,,snowf101,westj102,,,,,,haysc101,,haysc101,haysc101,,,,,,,,,,0,0,0,0,0,0,0,0,0,0,0,0,kimbh102,hughs101,wrigb104,summl101,westj102,walkh103,snowf101,mackb102,willw105,8,4,7,9,3,6,5,2,1,sayla101,lawsl101,fordj101,glade101,hendl101,brutj101,currg102,ray-j102,0,0,0,0,0,0,0,0,0,0,0,0,0,0,0,0,0,0,0,,0,0,0,0,0,0,0,0,,,0,0,28,mccrf901,,,,,,19380417,exhibition,deduced
BLG193804170,S.2-H;1-2,3,1,1,JAC02,BLG,BFA,0,6,mackb102,haysc101,8,2,B,R,?,?,??,,,1,1,1,0,0,0,0,0,0,0,0,0,0,0,0,0,0,1,0,0,0,0,0,0,0,0,0,0,0,0,0,0,0,0,0,0,0,0,0,0,0,0,0,0,0,0,0,0,0,0,0,2,2,snowf101,westj102,,mackb102,snowf101,,,,,haysc101,haysc101,,haysc101,haysc101,,,,westj102,,,,haysc101,,0,0,0,0,0,0,1,0,1,1,1,0,kimbh102,hughs101,wrigb104,summl101,westj102,walkh103,snowf101,mackb102,willw105,8,4,7,9,3,6,5,2,1,sayla101,lawsl101,fordj101,glade101,hendl101,brutj101,currg102,ray-j102,0,0,0,0,0,0,0,0,0,0,0,0,0,0,0,0,0,0,0,,0,0,0,0,0,0,0,0,,,0,0,29,mccrf901,,,,,,19380417,exhibition,deduced
BLG193804170,99,3,1,1,JAC02,BLG,BFA,0,7,willw105,haysc101,9,1,?,R,?,?,??,,,1,1,0,0,0,0,0,0,0,0,0,0,0,0,1,0,1,1,0,0,0,0,0,0,0,0,0,0,0,0,0,0,0,0,0,0,0,0,0,0,0,0,0,0,0,0,0,0,0,0,0,2,3,mackb102,snowf101,,,,,snowf101,mackb102,,haysc101,haysc101,,,,,,,,,,,,,0,0,0,0,0,0,0,0,0,0,0,0,kimbh102,hughs101,wrigb104,summl101,westj102,walkh103,snowf101,mackb102,willw105,8,4,7,9,3,6,5,2,1,sayla101,lawsl101,fordj101,glade101,hendl101,brutj101,currg102,ray-j102,1,0,0,0,0,0,0,0,0,0,0,0,0,0,0,0,0,0,0,0,0,0,0,0,0,0,0,0,,,0,0,30,mccrf901,,,,,,19380417,exhibition,deduced
BLG193804170,99,4,0,0,JAC02,BFA,BLG,0,7,glade101,willw105,4,5,?,R,?,?,??,,,1,1,0,0,0,0,0,0,0,0,0,0,0,0,1,0,1,1,0,0,0,0,0,0,0,0,0,0,0,0,0,0,0,0,0,0,0,0,0,0,0,0,0,0,0,0,0,0,0,0,0,0,1,,,,,,,,,,,,,,,,,,,,,,,,0,0,0,0,0,0,0,0,0,0,0,0,ray-j102,hendl101,fordj101,glade101,currg102,brutj101,sayla101,haysc101,lawsl101,9,6,4,5,8,7,2,1,3,mackb102,westj102,hughs101,snowf101,walkh103,wrigb104,kimbh102,summl101,1,0,0,0,0,0,0,0,0,0,0,0,0,0,0,0,0,0,0,0,0,0,0,0,0,0,0,0,,,0,0,31,mccrf901,,,,,,19380417,exhibition,deduced
BLG193804170,S,4,0,0,JAC02,BFA,BLG,0,7,currg102,willw105,5,8,L,R,?,?,??,,,1,1,1,0,0,0,0,0,0,0,0,0,0,0,0,0,0,1,0,0,0,0,0,0,0,0,0,0,0,0,0,0,0,0,0,0,0,0,0,0,0,0,0,0,0,0,0,0,0,0,0,1,1,,,,currg102,,,,,,,,,willw105,,,,,,,,,,,0,0,0,0,0,0,0,0,0,0,0,0,ray-j102,hendl101,fordj101,glade101,currg102,brutj101,sayla101,haysc101,lawsl101,9,6,4,5,8,7,2,1,3,mackb102,westj102,hughs101,snowf101,walkh103,wrigb104,kimbh102,summl101,0,0,0,0,0,0,0,0,0,0,0,0,0,0,0,0,0,0,0,,0,0,0,0,0,0,0,0,,,0,0,32,mccrf901,,,,,,19380417,exhibition,deduced
BLG193804170,CS2(99)#,4,0,0,JAC02,BFA,BLG,0,7,brutj101,willw105,6,7,?,R,?,?,??,,,0,0,0,0,0,0,0,0,0,0,0,0,0,0,0,0,0,0,0,0,0,0,0,0,0,0,0,0,0,0,0,0,0,0,0,1,0,0,0,0,0,0,0,0,0,0,0,0,0,0,0,1,2,currg102,,,,,,,,,willw105,,,,,,,,,,,,,,0,0,0,0,0,0,0,0,0,0,0,0,ray-j102,hendl101,fordj101,glade101,currg102,brutj101,sayla101,haysc101,lawsl101,9,6,4,5,8,7,2,1,3,mackb102,westj102,hughs101,snowf101,walkh103,wrigb104,kimbh102,summl101,1,0,0,0,0,0,0,0,0,0,0,0,0,0,0,0,0,0,0,0,0,0,0,0,0,0,0,0,,,0,0,33,mccrf901,,,,,,19380417,exhibition,deduced
BLG193804170,99,4,0,0,JAC02,BFA,BLG,0,7,brutj101,willw105,6,7,?,R,?,?,??,,,1,1,0,0,0,0,0,0,0,0,0,0,0,0,1,0,1,1,0,0,0,0,0,0,0,0,0,0,0,0,0,0,0,0,0,0,0,0,0,0,0,0,0,0,0,0,0,0,0,0,0,2,3,,,,,,,,,,,,,,,,,,,,,,,,0,0,0,0,0,0,0,0,0,0,0,0,ray-j102,hendl101,fordj101,glade101,currg102,brutj101,sayla101,haysc101,lawsl101,9,6,4,5,8,7,2,1,3,mackb102,westj102,hughs101,snowf101,walkh103,wrigb104,kimbh102,summl101,1,0,0,0,0,0,0,0,0,0,0,0,0,0,0,0,0,0,0,0,0,0,0,0,0,0,0,0,,,0,0,34,mccrf901,,,,,,19380417,exhibition,deduced
BLG193804170,99,4,1,1,JAC02,BLG,BFA,0,7,kimbh102,rootu101,1,8,L,?,?,?,??,,,1,1,0,0,0,0,0,0,0,0,0,0,0,0,1,0,1,1,0,0,0,0,0,0,0,0,0,0,0,0,0,0,0,0,0,0,0,0,0,0,0,0,0,0,0,0,0,0,0,0,0,0,1,,,,,,,,,,,,,,,,,,,,,,,,0,0,0,0,0,0,0,0,0,0,0,0,kimbh102,hughs101,wrigb104,summl101,westj102,walkh103,snowf101,mackb102,willw105,8,4,7,9,3,6,5,2,1,sayla101,lawsl101,fordj101,glade101,hendl101,brutj101,currg102,ray-j102,1,0,0,0,0,0,0,0,0,0,0,0,0,0,0,0,0,0,0,0,0,0,0,0,0,0,0,0,,,0,0,35,mccrf901,,,,,,19380417,exhibition,deduced
BLG193804170,W#,4,1,1,JAC02,BLG,BFA,0,7,hughs101,rootu101,2,4,R,?,?,?,??,,,1,0,0,0,0,0,0,0,0,1,0,0,0,0,0,0,0,0,0,0,0,0,0,0,0,0,0,0,0,0,0,0,0,0,0,0,0,0,0,0,0,0,0,0,0,0,0,0,0,0,0,1,1,,,,hughs101,,,,,,,,,rootu101,,,,,,,,,,,0,0,0,0,0,0,0,0,0,0,0,0,kimbh102,hughs101,wrigb104,summl101,westj102,walkh103,snowf101,mackb102,willw105,8,4,7,9,3,6,5,2,1,sayla101,lawsl101,fordj101,glade101,hendl101,brutj101,currg102,ray-j102,0,0,0,0,0,0,0,0,0,0,0,0,0,0,0,0,0,0,0,,0,0,0,0,0,0,0,0,,,0,0,36,mccrf901,,,,,,19380417,exhibition,deduced
BLG193804170,HP.1-2,4,1,1,JAC02,BLG,BFA,0,7,wrigb104,rootu101,3,7,B,?,?,?,??,,,1,0,0,0,0,0,0,0,1,0,0,0,0,0,0,0,0,0,0,0,0,0,0,0,0,0,0,0,0,0,0,0,0,0,0,0,0,0,0,0,0,0,0,0,0,0,0,0,0,0,0,1,1,hughs101,,,wrigb104,hughs101,,,,,rootu101,,,rootu101,rootu101,,,,,,,,,,0,0,0,0,0,0,0,0,0,0,0,0,kimbh102,hughs101,wrigb104,summl101,westj102,walkh103,snowf101,mackb102,willw105,8,4,7,9,3,6,5,2,1,sayla101,lawsl101,fordj101,glade101,hendl101,brutj101,currg102,ray-j102,0,0,0,0,0,0,0,0,0,0,0,0,0,0,0,0,0,0,0,,0,0,0,0,0,0,0,0,,,0,0,37,mccrf901,,,,,,19380417,exhibition,deduced
BLG193804170,99/SH.2-3;1-2#,4,1,1,JAC02,BLG,BFA,0,7,summl101,rootu101,4,9,R,?,?,?,??,,,1,0,0,0,0,0,1,0,0,0,0,0,0,0,0,0,0,1,1,0,0,0,0,0,0,0,0,0,0,0,0,0,0,0,0,0,0,0,0,0,0,0,0,0,0,0,0,0,0,0,0,1,2,wrigb104,hughs101,,,wrigb104,hughs101,,,,rootu101,rootu101,,,rootu101,rootu101,,,,,,,,,0,0,0,0,0,0,0,0,0,0,0,0,kimbh102,hughs101,wrigb104,summl101,westj102,walkh103,snowf101,mackb102,willw105,8,4,7,9,3,6,5,2,1,sayla101,lawsl101,fordj101,glade101,hendl101,brutj101,currg102,ray-j102,1,0,0,0,0,0,0,0,0,0,0,0,0,0,0,0,0,0,0,0,0,0,0,0,0,0,0,0,,BG,0,0,38,mccrf901,,,,,,19380417,exhibition,deduced
BLG193804170,W#,4,1,1,JAC02,BLG,BFA,0,7,westj102,rootu101,5,3,B,?,?,?,??,,,1,0,0,0,0,0,0,0,0,1,0,0,0,0,0,0,0,0,0,0,0,0,0,0,0,0,0,0,0,0,0,0,0,0,0,0,0,0,0,0,0,0,0,0,0,0,0,0,0,0,0,2,2,,wrigb104,hughs101,westj102,wrigb104,hughs101,,,,,rootu101,rootu101,rootu101,rootu101,rootu101,,,,,,,,,0,0,0,0,0,0,0,0,0,0,0,0,kimbh102,hughs101,wrigb104,summl101,westj102,walkh103,snowf101,mackb102,willw105,8,4,7,9,3,6,5,2,1,sayla101,lawsl101,fordj101,glade101,hendl101,brutj101,currg102,ray-j102,0,0,0,0,0,0,0,0,0,0,0,0,0,0,0,0,0,0,0,,0,0,0,0,0,0,0,0,,,0,0,39,mccrf901,,,,,,19380417,exhibition,deduced
BLG193804170,W.3-H;2-3;1-2#,4,1,1,JAC02,BLG,BFA,0,7,walkh103,rootu101,6,6,R,?,?,?,??,,,1,0,0,0,0,0,0,0,0,1,0,0,0,0,0,0,0,0,0,0,0,0,0,0,0,0,0,0,0,0,0,0,0,0,0,0,0,0,0,0,0,0,0,0,0,0,0,0,0,0,0,2,2,westj102,wrigb104,hughs101,walkh103,westj102,wrigb104,,,,rootu101,rootu101,rootu101,rootu101,rootu101,rootu101,,,,hughs101,,,,rootu101,0,0,0,0,0,0,0,1,1,1,1,0,kimbh102,hughs101,wrigb104,summl101,westj102,walkh103,snowf101,mackb102,willw105,8,4,7,9,3,6,5,2,1,sayla101,lawsl101,fordj101,glade101,hendl101,brutj101,currg102,ray-j102,0,0,0,0,0,0,0,0,0,0,0,0,0,0,0,0,0,0,0,,0,0,0,0,0,0,0,0,,,0,0,40,mccrf901,,,,,,19380417,exhibition,deduced
BLG193804170,S.3-H;2-H;1-2,4,1,1,JAC02,BLG,BFA,0,8,snowf101,rootu101,7,5,R,?,?,?,??,,,1,1,1,0,0,0,0,0,0,0,0,0,0,0,0,0,0,1,0,0,0,0,0,0,0,0,0,0,0,0,0,0,0,0,0,0,0,0,0,0,0,0,0,0,0,0,0,0,0,0,0,2,2,walkh103,westj102,wrigb104,snowf101,walkh103,,,,,rootu101,rootu101,rootu101,rootu101,rootu101,,,,westj102,wrigb104,,,rootu101,rootu101,0,0,0,0,0,0,1,1,2,2,2,0,kimbh102,hughs101,wrigb104,summl101,westj102,walkh103,snowf101,mackb102,willw105,8,4,7,9,3,6,5,2,1,sayla101,lawsl101,fordj101,glade101,hendl101,brutj101,currg102,ray-j102,0,0,0,0,0,0,0,0,0,0,0,0,0,0,0,0,0,0,0,,0,0,0,0,0,0,0,0,,,0,0,41,mccrf901,,,,,,19380417,exhibition,deduced
BLG193804170,S.2-3;1-2,4,1,1,JAC02,BLG,BFA,0,10,mackb102,rootu101,8,2,B,?,?,?,??,,,1,1,1,0,0,0,0,0,0,0,0,0,0,0,0,0,0,1,0,0,0,0,0,0,0,0,0,0,0,0,0,0,0,0,0,0,0,0,0,0,0,0,0,0,0,0,0,0,0,0,0,2,2,snowf101,walkh103,,mackb102,snowf101,walkh103,,,,rootu101,rootu101,,rootu101,rootu101,rootu101,,,,,,,,,0,0,0,0,0,0,0,0,0,0,0,0,kimbh102,hughs101,wrigb104,summl101,westj102,walkh103,snowf101,mackb102,willw105,8,4,7,9,3,6,5,2,1,sayla101,lawsl101,fordj101,glade101,hendl101,brutj101,currg102,ray-j102,0,0,0,0,0,0,0,0,0,0,0,0,0,0,0,0,0,0,0,,0,0,0,0,0,0,0,0,,,0,0,42,mccrf901,,,,,,19380417,exhibition,deduced
BLG193804170,99,4,1,1,JAC02,BLG,BFA,0,10,willw105,rootu101,9,1,?,?,?,?,??,,,1,1,0,0,0,0,0,0,0,0,0,0,0,0,1,0,1,1,0,0,0,0,0,0,0,0,0,0,0,0,0,0,0,0,0,0,0,0,0,0,0,0,0,0,0,0,0,0,0,0,0,2,3,mackb102,snowf101,walkh103,,,,walkh103,snowf101,mackb102,rootu101,rootu101,rootu101,,,,,,,,,,,,0,0,0,0,0,0,0,0,0,0,0,0,kimbh102,hughs101,wrigb104,summl101,westj102,walkh103,snowf101,mackb102,willw105,8,4,7,9,3,6,5,2,1,sayla101,lawsl101,fordj101,glade101,hendl101,brutj101,currg102,ray-j102,1,0,0,0,0,0,0,0,0,0,0,0,0,0,0,0,0,0,0,0,0,0,0,0,0,0,0,0,,,0,0,43,mccrf901,,,,,,19380417,exhibition,deduced
BLG193804170,99,5,0,0,JAC02,BFA,BLG,0,10,sayla101,willw105,7,2,B,R,?,?,??,,,1,1,0,0,0,0,0,0,0,0,0,0,0,0,1,0,1,1,0,0,0,0,0,0,0,0,0,0,0,0,0,0,0,0,0,0,0,0,0,0,0,0,0,0,0,0,0,0,0,0,0,0,1,,,,,,,,,,,,,,,,,,,,,,,,0,0,0,0,0,0,0,0,0,0,0,0,ray-j102,hendl101,fordj101,glade101,currg102,brutj101,sayla101,rootu101,lawsl101,9,6,4,5,8,7,2,1,3,mackb102,westj102,hughs101,snowf101,walkh103,wrigb104,kimbh102,summl101,1,0,0,0,0,0,0,0,0,0,0,0,0,0,0,0,0,0,0,0,0,0,0,0,0,0,0,0,,,0,0,44,mccrf901,,,,,,19380417,exhibition,deduced
BLG193804170,99,5,0,0,JAC02,BFA,BLG,0,10,rootu101,willw105,8,1,?,R,?,?,??,,,1,1,0,0,0,0,0,0,0,0,0,0,0,0,1,0,1,1,0,0,0,0,0,0,0,0,0,0,0,0,0,0,0,0,0,0,0,0,0,0,0,0,0,0,0,0,0,0,0,0,0,1,2,,,,,,,,,,,,,,,,,,,,,,,,0,0,0,0,0,0,0,0,0,0,0,0,ray-j102,hendl101,fordj101,glade101,currg102,brutj101,sayla101,rootu101,lawsl101,9,6,4,5,8,7,2,1,3,mackb102,westj102,hughs101,snowf101,walkh103,wrigb104,kimbh102,summl101,1,0,0,0,0,0,0,0,0,0,0,0,0,0,0,0,0,0,0,0,0,0,0,0,0,0,0,0,,,0,0,45,mccrf901,,,,,,19380417,exhibition,deduced
BLG193804170,99,5,0,0,JAC02,BFA,BLG,0,10,lawsl101,willw105,9,3,?,R,?,?,??,,,1,1,0,0,0,0,0,0,0,0,0,0,0,0,1,0,1,1,0,0,0,0,0,0,0,0,0,0,0,0,0,0,0,0,0,0,0,0,0,0,0,0,0,0,0,0,0,0,0,0,0,2,3,,,,,,,,,,,,,,,,,,,,,,,,0,0,0,0,0,0,0,0,0,0,0,0,ray-j102,hendl101,fordj101,glade101,currg102,brutj101,sayla101,rootu101,lawsl101,9,6,4,5,8,7,2,1,3,mackb102,westj102,hughs101,snowf101,walkh103,wrigb104,kimbh102,summl101,1,0,0,0,0,0,0,0,0,0,0,0,0,0,0,0,0,0,0,0,0,0,0,0,0,0,0,0,,,0,0,46,mccrf901,,,,,,19380417,exhibition,deduced
BLG193804170,99,5,1,1,JAC02,BLG,BFA,0,10,kimbh102,rootu101,1,8,L,?,?,?,??,,,1,1,0,0,0,0,0,0,0,0,0,0,0,0,1,0,1,1,0,0,0,0,0,0,0,0,0,0,0,0,0,0,0,0,0,0,0,0,0,0,0,0,0,0,0,0,0,0,0,0,0,0,1,,,,,,,,,,,,,,,,,,,,,,,,0,0,0,0,0,0,0,0,0,0,0,0,kimbh102,hughs101,wrigb104,summl101,westj102,walkh103,snowf101,mackb102,willw105,8,4,7,9,3,6,5,2,1,sayla101,lawsl101,fordj101,glade101,hendl101,brutj101,currg102,ray-j102,1,0,0,0,0,0,0,0,0,0,0,0,0,0,0,0,0,0,0,0,0,0,0,0,0,0,0,0,,,0,0,47,mccrf901,,,,,,19380417,exhibition,deduced
BLG193804170,S,5,1,1,JAC02,BLG,BFA,0,10,hughs101,rootu101,2,4,R,?,?,?,??,,,1,1,1,0,0,0,0,0,0,0,0,0,0,0,0,0,0,1,0,0,0,0,0,0,0,0,0,0,0,0,0,0,0,0,0,0,0,0,0,0,0,0,0,0,0,0,0,0,0,0,0,1,1,,,,hughs101,,,,,,,,,rootu101,,,,,,,,,,,0,0,0,0,0,0,0,0,0,0,0,0,kimbh102,hughs101,wrigb104,summl101,westj102,walkh103,snowf101,mackb102,willw105,8,4,7,9,3,6,5,2,1,sayla101,lawsl101,fordj101,glade101,hendl101,brutj101,currg102,ray-j102,0,0,0,0,0,0,0,0,0,0,0,0,0,0,0,0,0,0,0,,0,0,0,0,0,0,0,0,,,0,0,48,mccrf901,,,,,,19380417,exhibition,deduced
BLG193804170,S.1-2,5,1,1,JAC02,BLG,BFA,0,10,wrigb104,rootu101,3,7,B,?,?,?,??,,,1,1,1,0,0,0,0,0,0,0,0,0,0,0,0,0,0,1,0,0,0,0,0,0,0,0,0,0,0,0,0,0,0,0,0,0,0,0,0,0,0,0,0,0,0,0,0,0,0,0,0,1,1,hughs101,,,wrigb104,hughs101,,,,,rootu101,,,rootu101,rootu101,,,,,,,,,,0,0,0,0,0,0,0,0,0,0,0,0,kimbh102,hughs101,wrigb104,summl101,westj102,walkh103,snowf101,mackb102,willw105,8,4,7,9,3,6,5,2,1,sayla101,lawsl101,fordj101,glade101,hendl101,brutj101,currg102,ray-j102,0,0,0,0,0,0,0,0,0,0,0,0,0,0,0,0,0,0,0,,0,0,0,0,0,0,0,0,,,0,0,49,mccrf901,,,,,,19380417,exhibition,deduced
BLG193804170,99,5,1,1,JAC02,BLG,BFA,0,10,summl101,rootu101,4,9,R,?,?,?,??,,,1,1,0,0,0,0,0,0,0,0,0,0,0,0,1,0,1,1,0,0,0,0,0,0,0,0,0,0,0,0,0,0,0,0,0,0,0,0,0,0,0,0,0,0,0,0,0,0,0,0,0,1,2,wrigb104,hughs101,,wrigb104,hughs101,,,,,rootu101,rootu101,,rootu101,rootu101,,,,,,,,,,0,0,0,0,0,0,0,0,0,0,0,0,kimbh102,hughs101,wrigb104,summl101,westj102,walkh103,snowf101,mackb102,willw105,8,4,7,9,3,6,5,2,1,sayla101,lawsl101,fordj101,glade101,hendl101,brutj101,currg102,ray-j102,1,0,0,0,0,0,0,0,0,0,0,0,0,0,0,0,0,0,0,0,0,0,0,0,0,0,0,0,,,0,0,50,mccrf901,,,,,,19380417,exhibition,deduced
BLG193804170,99,5,1,1,JAC02,BLG,BFA,0,10,westj102,rootu101,5,3,B,?,?,?,??,,,1,1,0,0,0,0,0,0,0,0,0,0,0,0,1,0,1,1,0,0,0,0,0,0,0,0,0,0,0,0,0,0,0,0,0,0,0,0,0,0,0,0,0,0,0,0,0,0,0,0,0,2,3,wrigb104,hughs101,,,,,hughs101,wrigb104,,rootu101,rootu101,,,,,,,,,,,,,0,0,0,0,0,0,0,0,0,0,0,0,kimbh102,hughs101,wrigb104,summl101,westj102,walkh103,snowf101,mackb102,willw105,8,4,7,9,3,6,5,2,1,sayla101,lawsl101,fordj101,glade101,hendl101,brutj101,currg102,ray-j102,1,0,0,0,0,0,0,0,0,0,0,0,0,0,0,0,0,0,0,0,0,0,0,0,0,0,0,0,,,0,0,51,mccrf901,,,,,,19380417,exhibition,deduced
BLG193804170,99,6,0,0,JAC02,BFA,BLG,0,10,ray-j102,willw105,1,9,L,R,?,?,??,,,1,1,0,0,0,0,0,0,0,0,0,0,0,0,1,0,1,1,0,0,0,0,0,0,0,0,0,0,0,0,0,0,0,0,0,0,0,0,0,0,0,0,0,0,0,0,0,0,0,0,0,0,1,,,,,,,,,,,,,,,,,,,,,,,,0,0,0,0,0,0,0,0,0,0,0,0,ray-j102,hendl101,fordj101,glade101,currg102,brutj101,sayla101,rootu101,lawsl101,9,6,4,5,8,7,2,1,3,campr102,westj102,hughs101,snowf101,walkh103,wrigb104,kimbh102,summl101,1,0,0,0,0,0,0,0,0,0,0,0,0,0,0,0,0,0,0,0,0,0,0,0,0,0,0,0,,,0,0,52,mccrf901,,,,,,19380417,exhibition,deduced
BLG193804170,99,6,0,0,JAC02,BFA,BLG,0,10,hendl101,willw105,2,6,?,R,?,?,??,,,1,1,0,0,0,0,0,0,0,0,0,0,0,0,1,0,1,1,0,0,0,0,0,0,0,0,0,0,0,0,0,0,0,0,0,0,0,0,0,0,0,0,0,0,0,0,0,0,0,0,0,1,2,,,,,,,,,,,,,,,,,,,,,,,,0,0,0,0,0,0,0,0,0,0,0,0,ray-j102,hendl101,fordj101,glade101,currg102,brutj101,sayla101,rootu101,lawsl101,9,6,4,5,8,7,2,1,3,campr102,westj102,hughs101,snowf101,walkh103,wrigb104,kimbh102,summl101,1,0,0,0,0,0,0,0,0,0,0,0,0,0,0,0,0,0,0,0,0,0,0,0,0,0,0,0,,,0,0,53,mccrf901,,,,,,19380417,exhibition,deduced
BLG193804170,99,6,0,0,JAC02,BFA,BLG,0,10,fordj101,willw105,3,4,R,R,?,?,??,,,1,1,0,0,0,0,0,0,0,0,0,0,0,0,1,0,1,1,0,0,0,0,0,0,0,0,0,0,0,0,0,0,0,0,0,0,0,0,0,0,0,0,0,0,0,0,0,0,0,0,0,2,3,,,,,,,,,,,,,,,,,,,,,,,,0,0,0,0,0,0,0,0,0,0,0,0,ray-j102,hendl101,fordj101,glade101,currg102,brutj101,sayla101,rootu101,lawsl101,9,6,4,5,8,7,2,1,3,campr102,westj102,hughs101,snowf101,walkh103,wrigb104,kimbh102,summl101,1,0,0,0,0,0,0,0,0,0,0,0,0,0,0,0,0,0,0,0,0,0,0,0,0,0,0,0,,,0,0,54,mccrf901,,,,,,19380417,exhibition,deduced
BLG193804170,99,6,1,1,JAC02,BLG,BFA,0,10,walkh103,rootu101,6,6,R,?,?,?,??,,,1,1,0,0,0,0,0,0,0,0,0,0,0,0,1,0,1,1,0,0,0,0,0,0,0,0,0,0,0,0,0,0,0,0,0,0,0,0,0,0,0,0,0,0,0,0,0,0,0,0,0,0,1,,,,,,,,,,,,,,,,,,,,,,,,0,0,0,0,0,0,0,0,0,0,0,0,kimbh102,hughs101,wrigb104,summl101,westj102,walkh103,snowf101,campr102,willw105,8,4,7,9,3,6,5,2,1,sayla101,lawsl101,fordj101,glade101,hendl101,brutj101,currg102,ray-j102,1,0,0,0,0,0,0,0,0,0,0,0,0,0,0,0,0,0,0,0,0,0,0,0,0,0,0,0,,,0,0,55,mccrf901,,,,,,19380417,exhibition,deduced
BLG193804170,S,6,1,1,JAC02,BLG,BFA,0,10,snowf101,rootu101,7,5,R,?,?,?,??,,,1,1,1,0,0,0,0,0,0,0,0,0,0,0,0,0,0,1,0,0,0,0,0,0,0,0,0,0,0,0,0,0,0,0,0,0,0,0,0,0,0,0,0,0,0,0,0,0,0,0,0,1,1,,,,snowf101,,,,,,,,,rootu101,,,,,,,,,,,0,0,0,0,0,0,0,0,0,0,0,0,kimbh102,hughs101,wrigb104,summl101,westj102,walkh103,snowf101,campr102,willw105,8,4,7,9,3,6,5,2,1,sayla101,lawsl101,fordj101,glade101,hendl101,brutj101,currg102,ray-j102,0,0,0,0,0,0,0,0,0,0,0,0,0,0,0,0,0,0,0,,0,0,0,0,0,0,0,0,,,0,0,56,mccrf901,,,,,,19380417,exhibition,deduced
BLG193804170,D7.1-H,6,1,1,JAC02,BLG,BFA,0,10,campr102,rootu101,8,2,R,?,?,?,??,,,1,1,0,1,0,0,0,0,0,0,0,0,0,0,0,0,0,1,0,0,0,0,0,0,0,0,0,0,0,0,0,0,0,0,0,0,0,0,0,0,0,0,0,0,0,0,0,0,0,0,0,1,1,snowf101,,,,campr102,,,,,rootu101,,,,rootu101,,,snowf101,,,,rootu101,,,0,0,0,0,0,1,0,0,1,1,1,0,kimbh102,hughs101,wrigb104,summl101,westj102,walkh103,snowf101,campr102,willw105,8,4,7,9,3,6,5,2,1,sayla101,lawsl101,fordj101,glade101,hendl101,brutj101,currg102,ray-j102,0,0,0,0,0,0,0,0,0,0,0,0,0,0,0,0,0,0,0,,0,0,0,0,0,0,0,7,7+,,0,0,57,mccrf901,,,,,,19380417,exhibition,deduced
BLG193804170,99/SH.2-3#,6,1,1,JAC02,BLG,BFA,0,11,willw105,rootu101,9,1,?,?,?,?,??,,,1,0,0,0,0,0,1,0,0,0,0,0,0,0,0,0,0,1,1,0,0,0,0,0,0,0,0,0,0,0,0,0,0,0,0,0,0,0,0,0,0,0,0,0,0,0,0,0,0,0,0,1,2,,campr102,,,,campr102,,,,,rootu101,,,,rootu101,,,,,,,,,0,0,0,0,0,0,0,0,0,0,0,0,kimbh102,hughs101,wrigb104,summl101,westj102,walkh103,snowf101,campr102,willw105,8,4,7,9,3,6,5,2,1,sayla101,lawsl101,fordj101,glade101,hendl101,brutj101,currg102,ray-j102,1,0,0,0,0,0,0,0,0,0,0,0,0,0,0,0,0,0,0,0,0,0,0,0,0,0,0,0,,BG,0,0,58,mccrf901,,,,,,19380417,exhibition,deduced
BLG193804170,99,6,1,1,JAC02,BLG,BFA,0,11,kimbh102,rootu101,1,8,L,?,?,?,??,,,1,1,0,0,0,0,0,0,0,0,0,0,0,0,1,0,1,1,0,0,0,0,0,0,0,0,0,0,0,0,0,0,0,0,0,0,0,0,0,0,0,0,0,0,0,0,0,0,0,0,0,2,3,,,campr102,,,,campr102,,,,,rootu101,,,,,,,,,,,,0,0,0,0,0,0,0,0,0,0,0,0,kimbh102,hughs101,wrigb104,summl101,westj102,walkh103,snowf101,campr102,willw105,8,4,7,9,3,6,5,2,1,sayla101,lawsl101,fordj101,glade101,hendl101,brutj101,currg102,ray-j102,1,0,0,0,0,0,0,0,0,0,0,0,0,0,0,0,0,0,0,0,0,0,0,0,0,0,0,0,,,0,0,59,mccrf901,,,,,,19380417,exhibition,deduced
BLG193804170,99,7,0,0,JAC02,BFA,BLG,0,11,glade101,willw105,4,5,?,R,?,?,??,,,1,1,0,0,0,0,0,0,0,0,0,0,0,0,1,0,1,1,0,0,0,0,0,0,0,0,0,0,0,0,0,0,0,0,0,0,0,0,0,0,0,0,0,0,0,0,0,0,0,0,0,0,1,,,,,,,,,,,,,,,,,,,,,,,,0,0,0,0,0,0,0,0,0,0,0,0,ray-j102,hendl101,fordj101,glade101,currg102,brutj101,sayla101,rootu101,lawsl101,9,6,4,5,8,7,2,1,3,campr102,westj102,hughs101,snowf101,walkh103,wrigb104,kimbh102,summl101,1,0,0,0,0,0,0,0,0,0,0,0,0,0,0,0,0,0,0,0,0,0,0,0,0,0,0,0,,,0,0,60,mccrf901,,,,,,19380417,exhibition,deduced
BLG193804170,99,7,0,0,JAC02,BFA,BLG,0,11,currg102,willw105,5,8,L,R,?,?,??,,,1,1,0,0,0,0,0,0,0,0,0,0,0,0,1,0,1,1,0,0,0,0,0,0,0,0,0,0,0,0,0,0,0,0,0,0,0,0,0,0,0,0,0,0,0,0,0,0,0,0,0,1,2,,,,,,,,,,,,,,,,,,,,,,,,0,0,0,0,0,0,0,0,0,0,0,0,ray-j102,hendl101,fordj101,glade101,currg102,brutj101,sayla101,rootu101,lawsl101,9,6,4,5,8,7,2,1,3,campr102,westj102,hughs101,snowf101,walkh103,wrigb104,kimbh102,summl101,1,0,0,0,0,0,0,0,0,0,0,0,0,0,0,0,0,0,0,0,0,0,0,0,0,0,0,0,,,0,0,61,mccrf901,,,,,,19380417,exhibition,deduced
BLG193804170,S,7,0,0,JAC02,BFA,BLG,0,11,brutj101,willw105,6,7,?,R,?,?,??,,,1,1,1,0,0,0,0,0,0,0,0,0,0,0,0,0,0,1,0,0,0,0,0,0,0,0,0,0,0,0,0,0,0,0,0,0,0,0,0,0,0,0,0,0,0,0,0,0,0,0,0,2,2,,,,brutj101,,,,,,,,,willw105,,,,,,,,,,,0,0,0,0,0,0,0,0,0,0,0,0,ray-j102,hendl101,fordj101,glade101,currg102,brutj101,sayla101,rootu101,lawsl101,9,6,4,5,8,7,2,1,3,campr102,westj102,hughs101,snowf101,walkh103,wrigb104,kimbh102,summl101,0,0,0,0,0,0,0,0,0,0,0,0,0,0,0,0,0,0,0,,0,0,0,0,0,0,0,0,,,0,0,62,mccrf901,,,,,,19380417,exhibition,deduced
BLG193804170,99,7,0,0,JAC02,BFA,BLG,0,11,sayla101,willw105,7,2,B,R,?,?,??,,,1,1,0,0,0,0,0,0,0,0,0,0,0,0,1,0,1,1,0,0,0,0,0,0,0,0,0,0,0,0,0,0,0,0,0,0,0,0,0,0,0,0,0,0,0,0,0,0,0,0,0,2,3,brutj101,,,,,,brutj101,,,willw105,,,,,,,,,,,,,,0,0,0,0,0,0,0,0,0,0,0,0,ray-j102,hendl101,fordj101,glade101,currg102,brutj101,sayla101,rootu101,lawsl101,9,6,4,5,8,7,2,1,3,campr102,westj102,hughs101,snowf101,walkh103,wrigb104,kimbh102,summl101,1,0,0,0,0,0,0,0,0,0,0,0,0,0,0,0,0,0,0,0,0,0,0,0,0,0,0,0,,,0,0,63,mccrf901,,,,,,19380417,exhibition,deduced
BLG193804170,99,7,1,1,JAC02,BLG,BFA,0,11,hughs101,sumrw101,2,4,R,R,?,?,??,,,1,1,0,0,0,0,0,0,0,0,0,0,0,0,1,0,1,1,0,0,0,0,0,0,0,0,0,0,0,0,0,0,0,0,0,0,0,0,0,0,0,0,0,0,0,0,0,0,0,0,0,0,1,,,,,,,,,,,,,,,,,,,,,,,,0,0,0,0,0,0,0,0,0,0,0,0,kimbh102,hughs101,wrigb104,summl101,westj102,walkh103,snowf101,campr102,willw105,8,4,7,9,3,6,5,2,1,sayla101,lawsl101,fordj101,glade101,hendl101,brutj101,currg102,ray-j102,1,0,0,0,0,0,0,0,0,0,0,0,0,0,0,0,0,0,0,0,0,0,0,0,0,0,0,0,,,0,0,64,mccrf901,,,,,,19380417,exhibition,deduced
BLG193804170,99,7,1,1,JAC02,BLG,BFA,0,11,wrigb104,sumrw101,3,7,B,R,?,?,??,,,1,1,0,0,0,0,0,0,0,0,0,0,0,0,1,0,1,1,0,0,0,0,0,0,0,0,0,0,0,0,0,0,0,0,0,0,0,0,0,0,0,0,0,0,0,0,0,0,0,0,0,1,2,,,,,,,,,,,,,,,,,,,,,,,,0,0,0,0,0,0,0,0,0,0,0,0,kimbh102,hughs101,wrigb104,summl101,westj102,walkh103,snowf101,campr102,willw105,8,4,7,9,3,6,5,2,1,sayla101,lawsl101,fordj101,glade101,hendl101,brutj101,currg102,ray-j102,1,0,0,0,0,0,0,0,0,0,0,0,0,0,0,0,0,0,0,0,0,0,0,0,0,0,0,0,,,0,0,65,mccrf901,,,,,,19380417,exhibition,deduced
BLG193804170,99,7,1,1,JAC02,BLG,BFA,0,11,summl101,sumrw101,4,9,R,R,?,?,??,,,1,1,0,0,0,0,0,0,0,0,0,0,0,0,1,0,1,1,0,0,0,0,0,0,0,0,0,0,0,0,0,0,0,0,0,0,0,0,0,0,0,0,0,0,0,0,0,0,0,0,0,2,3,,,,,,,,,,,,,,,,,,,,,,,,0,0,0,0,0,0,0,0,0,0,0,0,kimbh102,hughs101,wrigb104,summl101,westj102,walkh103,snowf101,campr102,willw105,8,4,7,9,3,6,5,2,1,sayla101,lawsl101,fordj101,glade101,hendl101,brutj101,currg102,ray-j102,1,0,0,0,0,0,0,0,0,0,0,0,0,0,0,0,0,0,0,0,0,0,0,0,0,0,0,0,,,0,0,66,mccrf901,,,,,,19380417,exhibition,deduced
BLG193804170,99,8,0,0,JAC02,BFA,BLG,0,11,sumrw101,willw105,8,1,?,R,?,?,??,,,1,1,0,0,0,0,0,0,0,0,0,0,0,0,1,0,1,1,0,0,0,0,0,0,0,0,0,0,0,0,0,0,0,0,0,0,0,0,0,0,0,0,0,0,0,0,0,0,0,0,0,0,1,,,,,,,,,,,,,,,,,,,,,,,,0,0,0,0,0,0,0,0,0,0,0,0,ray-j102,hendl101,fordj101,glade101,currg102,brutj101,sayla101,sumrw101,lawsl101,9,6,4,5,8,7,2,1,3,campr102,westj102,hughs101,snowf101,walkh103,wrigb104,kimbh102,summl101,1,0,0,0,0,0,0,0,0,0,0,0,0,0,0,0,0,0,0,0,0,0,0,0,0,0,0,0,,,0,0,67,mccrf901,,,,,,19380417,exhibition,deduced
BLG193804170,99,8,0,0,JAC02,BFA,BLG,0,11,lawsl101,willw105,9,3,?,R,?,?,??,,,1,1,0,0,0,0,0,0,0,0,0,0,0,0,1,0,1,1,0,0,0,0,0,0,0,0,0,0,0,0,0,0,0,0,0,0,0,0,0,0,0,0,0,0,0,0,0,0,0,0,0,1,2,,,,,,,,,,,,,,,,,,,,,,,,0,0,0,0,0,0,0,0,0,0,0,0,ray-j102,hendl101,fordj101,glade101,currg102,brutj101,sayla101,sumrw101,lawsl101,9,6,4,5,8,7,2,1,3,campr102,westj102,hughs101,snowf101,walkh103,wrigb104,kimbh102,summl101,1,0,0,0,0,0,0,0,0,0,0,0,0,0,0,0,0,0,0,0,0,0,0,0,0,0,0,0,,,0,0,68,mccrf901,,,,,,19380417,exhibition,deduced
BLG193804170,99,8,0,0,JAC02,BFA,BLG,0,11,ray-j102,willw105,1,9,L,R,?,?,??,,,1,1,0,0,0,0,0,0,0,0,0,0,0,0,1,0,1,1,0,0,0,0,0,0,0,0,0,0,0,0,0,0,0,0,0,0,0,0,0,0,0,0,0,0,0,0,0,0,0,0,0,2,3,,,,,,,,,,,,,,,,,,,,,,,,0,0,0,0,0,0,0,0,0,0,0,0,ray-j102,hendl101,fordj101,glade101,currg102,brutj101,sayla101,sumrw101,lawsl101,9,6,4,5,8,7,2,1,3,campr102,westj102,hughs101,snowf101,walkh103,wrigb104,kimbh102,summl101,1,0,0,0,0,0,0,0,0,0,0,0,0,0,0,0,0,0,0,0,0,0,0,0,0,0,0,0,,,0,0,69,mccrf901,,,,,,19380417,exhibition,deduced
BLG193804170,S,8,1,1,JAC02,BLG,BFA,0,11,westj102,sumrw101,5,3,B,R,?,?,??,,,1,1,1,0,0,0,0,0,0,0,0,0,0,0,0,0,0,1,0,0,0,0,0,0,0,0,0,0,0,0,0,0,0,0,0,0,0,0,0,0,0,0,0,0,0,0,0,0,0,0,0,0,0,,,,westj102,,,,,,,,,sumrw101,,,,,,,,,,,0,0,0,0,0,0,0,0,0,0,0,0,kimbh102,hughs101,wrigb104,summl101,westj102,walkh103,snowf101,campr102,willw105,8,4,7,9,3,6,5,2,1,sayla101,lawsl101,fordj101,glade101,hendl101,brutj101,currg102,ray-j102,0,0,0,0,0,0,0,0,0,0,0,0,0,0,0,0,0,0,0,,0,0,0,0,0,0,0,0,,,0,0,70,mccrf901,,,,,,19380417,exhibition,deduced
BLG193804170,64(1)3/GDP#,8,1,1,JAC02,BLG,BFA,0,11,walkh103,sumrw101,6,6,R,R,?,?,??,,,1,1,0,0,0,0,0,0,0,0,0,0,0,0,1,0,1,1,0,1,0,0,0,1,0,0,0,0,0,0,0,0,0,0,0,0,0,0,0,0,0,0,0,0,0,0,0,0,0,0,0,0,2,westj102,,,,,,,,,sumrw101,,,,,,,,,,,,,,0,0,0,0,0,0,0,0,0,0,0,0,kimbh102,hughs101,wrigb104,summl101,westj102,walkh103,snowf101,campr102,willw105,8,4,7,9,3,6,5,2,1,sayla101,lawsl101,fordj101,glade101,hendl101,brutj101,currg102,ray-j102,0,0,0,1,1,0,0,0,0,0,0,0,0,1,0,1,0,0,0,643,6,4,0,0,0,0,0,6,,G,1,4,71,mccrf901,,,,,,19380417,exhibition,deduced
BLG193804170,S4.B-2(E4/TH)#,8,1,1,JAC02,BLG,BFA,0,11,snowf101,sumrw101,7,5,R,R,?,?,??,,,1,1,1,0,0,0,0,0,0,0,0,0,0,0,0,0,0,1,0,0,0,0,0,0,0,0,0,0,0,0,0,0,0,0,0,0,0,0,0,0,0,0,0,0,0,1,0,0,0,0,0,2,2,,,,,snowf101,,,,,,,,,sumrw101,,,,,,,,,,0,0,0,0,0,0,0,0,0,0,0,0,kimbh102,hughs101,wrigb104,summl101,westj102,walkh103,snowf101,campr102,willw105,8,4,7,9,3,6,5,2,1,sayla101,lawsl101,fordj101,glade101,hendl101,brutj101,currg102,ray-j102,0,0,0,0,0,0,0,0,0,0,0,0,0,0,0,0,0,0,0,,0,0,0,0,0,0,0,4,4+,,0,0,72,mccrf901,,,,,,19380417,exhibition,deduced
BLG193804170,99,8,1,1,JAC02,BLG,BFA,0,11,campr102,sumrw101,8,2,R,R,?,?,??,,,1,1,0,0,0,0,0,0,0,0,0,0,0,0,1,0,1,1,0,0,0,0,0,0,0,0,0,0,0,0,0,0,0,0,0,0,0,0,0,0,0,0,0,0,0,0,0,0,0,0,0,2,3,,snowf101,,,,,snowf101,,,,sumrw101,,,,,,,,,,,,,0,0,0,0,0,0,0,0,0,0,0,0,kimbh102,hughs101,wrigb104,summl101,westj102,walkh103,snowf101,campr102,willw105,8,4,7,9,3,6,5,2,1,sayla101,lawsl101,fordj101,glade101,hendl101,brutj101,currg102,ray-j102,1,0,0,0,0,0,0,0,0,0,0,0,0,0,0,0,0,0,0,0,0,0,0,0,0,0,0,0,,,0,0,73,mccrf901,,,,,,19380417,exhibition,deduced
BLG193804170,99,9,0,0,JAC02,BFA,BLG,0,11,hendl101,willw105,2,6,?,R,?,?,??,,,1,1,0,0,0,0,0,0,0,0,0,0,0,0,1,0,1,1,0,0,0,0,0,0,0,0,0,0,0,0,0,0,0,0,0,0,0,0,0,0,0,0,0,0,0,0,0,0,0,0,0,0,1,,,,,,,,,,,,,,,,,,,,,,,,0,0,0,0,0,0,0,0,0,0,0,0,ray-j102,hendl101,fordj101,glade101,currg102,brutj101,sayla101,sumrw101,lawsl101,9,6,4,5,8,7,2,1,3,campr102,westj102,hughs101,snowf101,walkh103,wrigb104,kimbh102,summl101,1,0,0,0,0,0,0,0,0,0,0,0,0,0,0,0,0,0,0,0,0,0,0,0,0,0,0,0,,,0,0,74,mccrf901,,,,,,19380417,exhibition,deduced
BLG193804170,99,9,0,0,JAC02,BFA,BLG,0,11,fordj101,willw105,3,4,R,R,?,?,??,,,1,1,0,0,0,0,0,0,0,0,0,0,0,0,1,0,1,1,0,0,0,0,0,0,0,0,0,0,0,0,0,0,0,0,0,0,0,0,0,0,0,0,0,0,0,0,0,0,0,0,0,1,2,,,,,,,,,,,,,,,,,,,,,,,,0,0,0,0,0,0,0,0,0,0,0,0,ray-j102,hendl101,fordj101,glade101,currg102,brutj101,sayla101,sumrw101,lawsl101,9,6,4,5,8,7,2,1,3,campr102,westj102,hughs101,snowf101,walkh103,wrigb104,kimbh102,summl101,1,0,0,0,0,0,0,0,0,0,0,0,0,0,0,0,0,0,0,0,0,0,0,0,0,0,0,0,,,0,0,75,mccrf901,,,,,,19380417,exhibition,deduced
BLG193804170,99,9,0,0,JAC02,BFA,BLG,0,11,glade101,willw105,4,5,?,R,?,?,??,,,1,1,0,0,0,0,0,0,0,0,0,0,0,0,1,0,1,1,0,0,0,0,0,0,0,0,0,0,0,0,0,0,0,0,0,0,0,0,0,0,0,0,0,0,0,0,0,0,0,0,0,2,3,,,,,,,,,,,,,,,,,,,,,,,,0,0,0,0,0,0,0,0,0,0,0,0,ray-j102,hendl101,fordj101,glade101,currg102,brutj101,sayla101,sumrw101,lawsl101,9,6,4,5,8,7,2,1,3,campr102,westj102,hughs101,snowf101,walkh103,wrigb104,kimbh102,summl101,1,0,0,0,0,0,0,0,0,0,0,0,0,0,0,0,0,0,0,0,0,0,0,0,0,0,0,0,,,0,0,76,mccrf901,,,,,,19380417,exhibition,deduced
