gid,id,team,b_lp,b_seq,stattype,b_pa,b_ab,b_r,b_h,b_d,b_t,b_hr,b_rbi,b_sh,b_sf,b_hbp,b_w,b_iw,b_k,b_sb,b_cs,b_gdp,b_xi,b_roe,dh,ph,pr,date,number,site,vishome,opp,win,loss,tie,gametype,box,pbp
PRK194211220,wadev101,PRG,1,1,value,5,5,0,0,0,0,0,0,0,,0,0,,,0,,,,,,,,19421122,0,SAN03,v,PRK,1,0,0,exhibition,y,
PRK194211220,diall101,PRG,2,1,value,4,3,0,0,0,0,0,0,0,,0,1,,,0,,,,,,,,19421122,0,SAN03,v,PRK,1,0,0,exhibition,y,
PRK194211220,easth104,PRG,3,1,value,4,4,1,2,1,0,0,0,0,,0,0,,,0,,,,,,,,19421122,0,SAN03,v,PRK,1,0,0,exhibition,y,
PRK194211220,wrigb104,PRG,4,1,value,4,3,0,1,1,0,0,1,0,,0,1,,,0,,,,,,,,19421122,0,SAN03,v,PRK,1,0,0,exhibition,y,
PRK194211220,mackb102,PRG,5,1,value,4,4,0,0,0,0,0,0,0,,0,0,,,0,,,,,,,,19421122,0,SAN03,v,PRK,1,0,0,exhibition,y,
PRK194211220,brews101,PRG,6,1,value,4,4,0,0,0,0,0,0,0,,0,0,,,0,,,,,,,,19421122,0,SAN03,v,PRK,1,0,0,exhibition,y,
PRK194211220,harrc104,PRG,7,1,value,4,4,1,2,1,0,0,0,0,,0,0,,,0,,,,,,,,19421122,0,SAN03,v,PRK,1,0,0,exhibition,y,
PRK194211220,omarj101,PRG,8,1,value,4,4,1,2,0,0,0,0,0,,0,0,,,0,,,,,,,,19421122,0,SAN03,v,PRK,1,0,0,exhibition,y,
PRK194211220,brewc102,PRG,9,1,value,4,3,0,1,0,0,0,1,1,,0,0,,,0,,,,,,,,19421122,0,SAN03,v,PRK,1,0,0,exhibition,y,
PRK194211220,whipj101,PRK,1,1,value,4,4,0,3,0,0,0,0,0,,0,0,,,0,,,,,,,,19421122,0,SAN03,h,PRG,0,1,0,exhibition,y,
PRK194211220,patch101,PRK,2,1,value,4,4,0,1,0,0,0,0,0,,0,0,,,0,,,,,,,,19421122,0,SAN03,h,PRG,0,1,0,exhibition,y,
PRK194211220,kerrf101,PRK,3,1,value,4,4,0,0,0,0,0,0,0,,0,0,,,0,,,,,,,,19421122,0,SAN03,h,PRG,0,1,0,exhibition,y,
PRK194211220,ellib103,PRK,4,1,value,4,4,0,1,0,0,0,0,0,,0,0,,,0,,,,,,,,19421122,0,SAN03,h,PRG,0,1,0,exhibition,y,
PRK194211220,jensw102,PRK,5,1,value,4,4,0,0,0,0,0,0,0,,0,0,,,0,,,,,,,,19421122,0,SAN03,h,PRG,0,1,0,exhibition,y,
PRK194211220,balld101,PRK,6,1,value,3,3,0,0,0,0,0,0,0,,0,0,,,0,,,,,,,,19421122,0,SAN03,h,PRG,0,1,0,exhibition,y,
PRK194211220,doerh101,PRK,6,2,value,1,1,0,0,0,0,0,0,0,,0,0,,,0,,,,,,,,19421122,0,SAN03,h,PRG,0,1,0,exhibition,y,
PRK194211220,stinf101,PRK,7,1,value,2,2,0,0,0,0,0,0,0,,0,0,,,0,,,,,,,,19421122,0,SAN03,h,PRG,0,1,0,exhibition,y,
PRK194211220,kerrt101,PRK,7,2,value,2,1,0,0,0,0,0,0,0,,0,1,,,0,,,,,,,,19421122,0,SAN03,h,PRG,0,1,0,exhibition,y,
PRK194211220,dobbj103,PRK,8,1,value,2,2,0,0,0,0,0,0,0,,0,0,,,0,,,,,,,,19421122,0,SAN03,h,PRG,0,1,0,exhibition,y,
PRK194211220,kehnc101,PRK,8,2,value,2,2,0,0,0,0,0,0,0,,0,0,,,0,,,,,,,,19421122,0,SAN03,h,PRG,0,1,0,exhibition,y,
PRK194211220,thomf105,PRK,9,1,value,2,2,0,1,0,0,0,0,0,,0,0,,,0,,,,,,,,19421122,0,SAN03,h,PRG,0,1,0,exhibition,y,
PRK194211220,dassf101,PRK,9,2,value,1,1,0,0,0,0,0,0,0,,0,0,,,0,,,,,,,,19421122,0,SAN03,h,PRG,0,1,0,exhibition,y,
PRK194211220,olsev101,PRK,9,3,value,0,0,0,0,0,0,0,0,0,,0,0,,,0,,,,,,,,19421122,0,SAN03,h,PRG,0,1,0,exhibition,y,
