gid,id,team,d_seq,d_pos,stattype,d_ifouts,d_po,d_a,d_e,d_dp,d_tp,d_pb,d_wp,d_sb,d_cs,d_gs,date,number,site,vishome,opp,win,loss,tie,gametype,box,pbp
PRK194211220,wadev101,PRG,1,9,value,27,0,0,0,0,0,,,,,1,19421122,0,SAN03,v,PRK,1,0,0,exhibition,y,
PRK194211220,diall101,PRG,1,8,value,27,3,0,0,0,0,,,,,1,19421122,0,SAN03,v,PRK,1,0,0,exhibition,y,
PRK194211220,easth104,PRG,1,6,value,27,0,4,0,0,0,,,,,1,19421122,0,SAN03,v,PRK,1,0,0,exhibition,y,
PRK194211220,wrigb104,PRG,1,7,value,27,1,0,0,0,0,,,,,1,19421122,0,SAN03,v,PRK,1,0,0,exhibition,y,
PRK194211220,mackb102,PRG,1,2,value,27,5,1,0,0,0,0,,,,1,19421122,0,SAN03,v,PRK,1,0,0,exhibition,y,
PRK194211220,brews101,PRG,1,5,value,27,0,4,1,0,0,,,,,1,19421122,0,SAN03,v,PRK,1,0,0,exhibition,y,
PRK194211220,harrc104,PRG,1,4,value,27,2,4,1,0,0,,,,,1,19421122,0,SAN03,v,PRK,1,0,0,exhibition,y,
PRK194211220,omarj101,PRG,1,3,value,27,14,0,0,0,0,,,,,1,19421122,0,SAN03,v,PRK,1,0,0,exhibition,y,
PRK194211220,brewc102,PRG,1,1,value,27,2,5,0,0,0,,,,,1,19421122,0,SAN03,v,PRK,1,0,0,exhibition,y,
PRK194211220,whipj101,PRK,1,9,value,27,0,0,0,0,0,,,,,1,19421122,0,SAN03,h,PRG,0,1,0,exhibition,y,
PRK194211220,patch101,PRK,1,7,value,27,1,0,0,0,0,,,,,1,19421122,0,SAN03,h,PRG,0,1,0,exhibition,y,
PRK194211220,kerrf101,PRK,1,3,value,27,12,0,0,1,0,,,,,1,19421122,0,SAN03,h,PRG,0,1,0,exhibition,y,
PRK194211220,ellib103,PRK,1,5,value,27,0,2,0,1,0,,,,,1,19421122,0,SAN03,h,PRG,0,1,0,exhibition,y,
PRK194211220,jensw102,PRK,1,8,value,27,1,0,0,0,0,,,,,1,19421122,0,SAN03,h,PRG,0,1,0,exhibition,y,
PRK194211220,balld101,PRK,1,2,value,,4,0,0,0,0,0,,,,1,19421122,0,SAN03,h,PRG,0,1,0,exhibition,y,
PRK194211220,doerh101,PRK,1,2,value,,1,1,0,1,0,0,,,,,19421122,0,SAN03,h,PRG,0,1,0,exhibition,y,
PRK194211220,stinf101,PRK,1,4,value,,1,3,0,0,0,,,,,1,19421122,0,SAN03,h,PRG,0,1,0,exhibition,y,
PRK194211220,kerrt101,PRK,1,4,value,,1,1,1,0,0,,,,,,19421122,0,SAN03,h,PRG,0,1,0,exhibition,y,
PRK194211220,dobbj103,PRK,1,6,value,,4,3,0,0,0,,,,,1,19421122,0,SAN03,h,PRG,0,1,0,exhibition,y,
PRK194211220,kehnc101,PRK,1,6,value,,1,0,0,0,0,,,,,,19421122,0,SAN03,h,PRG,0,1,0,exhibition,y,
PRK194211220,thomf105,PRK,1,1,value,15,0,1,0,0,0,,,,,1,19421122,0,SAN03,h,PRG,0,1,0,exhibition,y,
PRK194211220,dassf101,PRK,1,1,value,6,0,2,0,0,0,,,,,,19421122,0,SAN03,h,PRG,0,1,0,exhibition,y,
PRK194211220,olsev101,PRK,1,1,value,6,1,1,0,0,0,,,,,,19421122,0,SAN03,h,PRG,0,1,0,exhibition,y,
