gid,id,team,d_seq,d_pos,stattype,d_ifouts,d_po,d_a,d_e,d_dp,d_tp,d_pb,d_wp,d_sb,d_cs,d_gs,date,number,site,vishome,opp,win,loss,tie,gametype,box,pbp,eject
KCM192308052,thoms104,ML4,1,7,value,24,2,1,0,0,0,,,,,1,19230805,2,KAN05,v,KCM,0,1,0,regular,y,,
MEM192508290,thoms104,BIR,1,8,value,27,3,1,0,1,0,,,,,1,19250829,0,MEM01,v,MEM,1,0,0,regular,y,,
CAG192607132,thoms104,CAG,1,7,value,27,,,0,0,0,,,,,1,19260713,2,CHI09,h,DAY,1,0,0,regular,y,,
KCM192609180,thoms104,CAG,1,7,value,24,3,0,0,0,0,,,,,1,19260918,0,KAN05,v,KCM,0,1,0,lcs,y,y,
KCM192609190,thoms104,CAG,1,7,value,24,2,1,0,1,0,,,,,1,19260919,0,KAN05,v,KCM,0,1,0,lcs,y,y,
KCM192609200,thoms104,CAG,1,7,value,24,6,0,0,0,0,,,,,1,19260920,0,KAN05,v,KCM,0,1,0,lcs,y,y,
KCM192609210,thoms104,CAG,1,7,value,27,5,1,0,0,0,,,,,1,19260921,0,KAN05,v,KCM,1,0,0,lcs,y,y,
CAG192609250,thoms104,CAG,1,7,value,27,1,1,0,0,0,,,,,1,19260925,0,CHI09,h,KCM,0,1,0,lcs,y,d,
CAG192609260,thoms104,CAG,1,7,value,27,4,0,0,0,0,,,,,1,19260926,0,CHI09,h,KCM,1,0,0,lcs,y,d,
CAG192609280,thoms104,CAG,1,7,value,27,3,1,0,0,0,,,,,1,19260928,0,CHI09,h,KCM,1,0,0,lcs,y,d,
CAG192609291,thoms104,CAG,1,7,value,27,3,1,0,0,0,,,,,1,19260929,1,CHI09,h,KCM,1,0,0,lcs,y,d,
ACY192610010,thoms104,CAG,1,7,value,27,1,0,0,0,0,,,,,1,19261001,0,ACY01,v,ACY,0,0,1,championship,y,y,
ACY192610020,thoms104,CAG,1,7,value,27,1,0,0,0,0,,,,,1,19261002,0,ACY01,v,ACY,1,0,0,championship,y,y,
ACY192610030,thoms104,CAG,1,7,value,24,3,0,0,0,0,,,,,1,19261003,0,BAL13,v,ACY,0,1,0,championship,y,y,
ACY192610040,thoms104,CAG,1,7,value,27,0,0,0,0,0,,,,,1,19261004,0,PHI09,v,ACY,0,0,1,championship,y,y,
ACY192610050,thoms104,CAG,1,7,value,24,1,0,0,0,0,,,,,1,19261005,0,PHI09,v,ACY,0,1,0,championship,y,y,
ACY192610060,thoms104,CAG,1,7,value,24,1,0,0,0,0,,,,,1,19261006,0,ACY01,v,ACY,0,1,0,championship,y,d,
CAG192610090,thoms104,CAG,1,7,value,27,1,0,0,0,0,,,,,1,19261009,0,CHI09,h,ACY,1,0,0,championship,y,y,
CAG192610100,thoms104,CAG,1,7,value,27,0,0,1,0,0,,,,,1,19261010,0,CHI09,h,ACY,0,1,0,championship,y,y,
CAG192610110,thoms104,CAG,1,7,value,27,1,1,0,1,0,,,,,1,19261011,0,CHI09,h,ACY,1,0,0,championship,y,y,
CAG192610130,thoms104,CAG,1,7,value,27,5,0,0,0,0,,,,,1,19261013,0,CHI09,h,ACY,1,0,0,championship,y,y,
CAG192610140,thoms104,CAG,1,7,value,27,1,0,0,0,0,,,,,1,19261014,0,CHI09,h,ACY,1,0,0,championship,y,d,
KCM192708150,thoms104,BIR,1,8,value,30,4,0,0,0,0,,,,,1,19270815,0,KAN05,v,KCM,1,0,0,regular,y,,
BIR192709190,thoms104,BIR,1,7,value,,0,0,0,0,0,,,,,1,19270919,0,BIR01,h,CAG,0,1,0,lcs,y,,
CAG192809220,thoms104,CAG,1,7,value,27,0,0,0,0,0,,,,,1,19280922,0,CHI09,h,SSN,1,0,0,lcs,y,,
CAG192809230,thoms104,CAG,1,7,value,27,1,0,0,0,0,,,,,1,19280923,0,CHI09,h,SSN,1,0,0,lcs,y,,
CAG192809240,thoms104,CAG,1,7,value,27,1,0,0,0,0,,,,,1,19280924,0,CHI09,h,SSN,0,1,0,lcs,y,,
CAG192809250,thoms104,CAG,1,7,value,27,2,0,0,0,0,,,,,1,19280925,0,CHI09,h,SSN,0,1,0,lcs,y,,
SSN192809290,thoms104,CAG,1,7,value,27,3,0,0,0,0,,,,,1,19280929,0,STL12,v,SSN,1,0,0,lcs,y,,
SSN192810050,thoms104,CAG,1,7,value,,,,0,0,0,,,,,,19281005,0,STL12,v,SSN,0,1,0,lcs,y,,
CAG192906290,thoms104,CAG,1,7,value,27,0,0,0,0,0,,,,,1,19290629,0,CHI09,h,KCM,0,1,0,regular,y,,
NSH193209180,thoms104,CAG,1,7,value,27,0,0,0,0,0,,,,,1,19320918,0,NSH02,v,NSH,1,0,0,lcs,y,,
NSH193210060,thoms104,CAG,1,7,value,27,1,0,0,0,0,,,,,1,19321006,0,NSH02,v,NSH,1,0,0,lcs,y,,
