gid,id,team,b_lp,b_seq,stattype,b_pa,b_ab,b_r,b_h,b_d,b_t,b_hr,b_rbi,b_sh,b_sf,b_hbp,b_w,b_iw,b_k,b_sb,b_cs,b_gdp,b_xi,b_roe,dh,ph,pr,date,number,site,vishome,opp,win,loss,tie,gametype,box,pbp,eject
MEM193705161,milln102,IN6,5,1,value,3,2,0,1,1,0,0,1,0,0,0,1,0,0,0,0,0,0,0,,,,19370516,1,MEM02,v,MEM,1,0,0,regular,y,d,
MEM193705162,milln102,IN6,8,4,value,0,0,0,0,0,0,0,0,0,0,0,0,0,0,0,0,0,0,0,,,,19370516,2,MEM02,v,MEM,0,1,0,regular,y,d,
DT2193705231,milln102,IN6,5,1,value,4,3,0,1,0,0,0,,,0,0,1,,,0,,0,,,,,,19370523,1,DET06,v,DT2,0,1,0,regular,y,,
DT2193705232,milln102,IN6,5,2,value,2,1,1,1,0,0,0,,0,,1,0,,,0,,,,,,,,19370523,2,DET06,v,DT2,0,1,0,regular,y,,
CI1193705290,milln102,IN6,5,1,value,5,3,1,0,0,0,0,,0,,0,2,,,0,,,,,,,,19370529,0,CIN07,v,CI1,1,0,0,regular,y,,
CI1193705301,milln102,IN6,5,1,value,3,3,0,0,0,0,0,,0,,0,0,0,,,,,,,,,,19370530,1,CIN07,v,CI1,0,1,0,regular,y,,
IN6193706070,milln102,IN6,7,3,value,1,1,0,1,0,0,0,1,0,0,0,0,0,,1,0,0,0,0,,1,,19370607,0,IND10,h,MEM,0,1,0,regular,y,d,
TLC193905141,milln102,TLC,8,1,value,4,4,0,0,0,0,0,0,0,0,0,0,0,0,0,0,0,0,0,,,,19390514,1,TOL05,h,NY5,0,1,0,regular,y,d,
TLC193905142,milln102,TLC,8,1,value,3,3,0,0,0,0,0,0,0,0,0,0,0,0,0,0,0,0,0,,,,19390514,2,TOL05,h,NY5,0,0,1,regular,y,d,
