gid,id,team,d_seq,d_pos,stattype,d_ifouts,d_po,d_a,d_e,d_dp,d_tp,d_pb,d_wp,d_sb,d_cs,d_gs,date,number,site,vishome,opp,win,loss,tie,gametype,box,pbp
CIA194407180,davel102,CAG,1,1,value,9,,,,,0,0,,,,,19440718,0,GRA03,v,CIA,0,1,0,regular,,
CIA194407180,garmu101,CAG,1,1,value,9,,,,,0,0,,,,,19440718,0,GRA03,v,CIA,0,1,0,regular,,
CIA194407180,jonea103,CAG,1,1,value,3,,,,,0,0,,,,1,19440718,0,GRA03,v,CIA,0,1,0,regular,,
CIA194407180,smitb114,CAG,1,2,value,24,,,,,0,,,,,1,19440718,0,GRA03,v,CIA,0,1,0,regular,,
CIA194407180,thomu104,CAG,1,1,value,3,,,,,0,0,,,,,19440718,0,GRA03,v,CIA,0,1,0,regular,,
CIA194407180,haywb102,CIA,1,2,value,27,,,0,,0,,,,,,19440718,0,GRA03,h,CAG,1,0,0,regular,,
CIA194407180,ruiza101,CIA,1,1,value,27,,,0,,0,0,,,,1,19440718,0,GRA03,h,CAG,1,0,0,regular,,
