gid,id,team,b_lp,b_seq,stattype,b_pa,b_ab,b_r,b_h,b_d,b_t,b_hr,b_rbi,b_sh,b_sf,b_hbp,b_w,b_iw,b_k,b_sb,b_cs,b_gdp,b_xi,b_roe,dh,ph,pr,date,number,site,vishome,opp,win,loss,tie,gametype,box,pbp,eject
CVB194607090,bracd101,CVB,9,1,value,3,3,0,0,0,0,0,,0,,0,0,0,,0,,,0,,,,,19460709,0,STL07,h,HOM,0,1,0,exhibition,y,,
IN9194607141,bracd101,CVB,,1,value,,,,,,,,,,,,,,,,,,,,,,,19460714,1,IND10,v,IN9,1,0,0,regular,,,
CVB194608251,bracd101,CVB,9,1,value,3,3,0,0,0,0,0,0,0,,0,0,0,,0,,,0,,,,,19460825,1,CLE06,h,BIR,0,1,0,regular,y,,
CVB194705150,bracd101,CVB,,,value,,,,,,,,,,,,,,,,,,,,,,,19470515,0,COL05,h,HOM,0,1,0,exhibition,,,
CVB194705270,bracd101,CVB,9,1,value,4,4,1,1,1,0,0,2,0,,0,0,0,0,0,,,0,,,,,19470527,0,ERI01,h,CAG,1,0,0,regular,y,,
KCM194706030,bracd101,CVB,9,1,value,4,4,0,0,0,0,0,0,0,,0,0,0,,0,,,0,,,,,19470603,0,OKC02,v,KCM,1,0,0,regular,y,,
KCM194706060,bracd101,CVB,,,value,,,,,,,,,,,,,,,,,,,,,,,19470606,0,STJ01,v,KCM,0,1,0,regular,,,
CVB194706160,bracd101,CVB,9,1,value,0,0,0,0,0,0,0,0,0,,0,0,0,,0,,,0,,,,,19470616,0,ERI01,h,KCM,0,1,0,regular,y,,
CVB194706231,bracd101,CVB,,,value,,,,,,,,,,,,,,,,,,,,,,,19470623,1,SYR04,h,IN9,1,0,0,regular,,,
BIR194706291,bracd101,CVB,,1,value,,,,,,,,,,,,,,,,,,,,,,,19470629,1,BIR01,v,BIR,0,1,0,regular,,,
BIR194707010,bracd101,CVB,,2,value,,,,,,,,,,,,,,,,,,,,,,,19470701,0,BIR01,v,BIR,1,0,0,regular,,,
CVB194707030,bracd101,CVB,,,value,,,,,,,,,,,,,,,,,,,,,,,19470703,0,DAY03,h,BIR,0,1,0,regular,,,
CVB194707090,bracd101,CVB,9,3,value,0,0,0,0,0,0,0,0,0,,0,0,0,,0,,,0,,,,,19470709,0,ERI01,h,CAG,1,0,0,regular,y,,
CVB194707100,bracd101,CVB,,,value,,,,,,,,,,,,,,,,,,,,,,,19470710,0,BUF06,h,CAG,0,1,0,regular,,,
CAG194708110,bracd101,CVB,9,2,value,1,1,0,0,0,0,0,0,0,,0,0,0,,0,,,0,,,,,19470811,0,FLI01,v,CAG,0,1,0,regular,y,,
NY6194708311,bracd101,CVB,9,1,value,2,2,1,1,0,0,0,0,0,,0,0,0,,0,,,0,,,,,19470831,1,NYC14,v,NY6,1,0,0,exhibition,y,,
NY6194709210,bracd101,CVB,9,2,value,4,4,1,1,0,0,0,1,0,0,0,0,0,,0,0,0,0,0,,,,19470921,0,NYC16,v,NY6,1,0,0,championship,y,d,
