gid,id,team,d_seq,d_pos,stattype,d_ifouts,d_po,d_a,d_e,d_dp,d_tp,d_pb,d_wp,d_sb,d_cs,d_gs,date,number,site,vishome,opp,win,loss,tie,gametype,box,pbp,eject
BLG194305091,younh104,BLG,1,6,value,27,1,2,1,2,0,,,,,1,19430509,1,BAL14,h,CI2,0,1,0,exhibition,y,d,
BLG194305092,younh104,BLG,1,6,value,21,0,0,2,0,0,,,,,1,19430509,2,BAL14,h,CI2,0,1,0,exhibition,y,d,
HOM194305161,younh104,BLG,1,6,value,24,1,3,0,0,0,,,,,1,19430516,1,WAS09,v,HOM,0,1,0,regular,y,d,
HOM194305162,younh104,BLG,1,6,value,18,0,0,0,0,0,,,,,1,19430516,2,WAS09,v,HOM,0,1,0,regular,y,y,
BLG194305190,younh104,BLG,1,6,value,27,1,0,2,0,0,,,,,1,19430519,0,POR01,h,HOM,0,0,1,regular,y,d,
NY6194305231,younh104,BLG,1,6,value,24,3,1,2,0,0,,,,,1,19430523,1,NYC16,v,NY6,0,1,0,regular,y,,
BLG194305301,younh104,BLG,1,6,value,27,1,1,0,1,0,,,,,1,19430530,1,BAL14,h,HOM,1,0,0,regular,y,d,
BLG194305302,younh104,BLG,1,6,value,21,0,0,0,0,0,,,,,1,19430530,2,BAL14,h,HOM,1,0,0,regular,y,d,
HOM194305310,younh104,BLG,1,6,value,24,1,1,1,0,0,0,0,0,,1,19430531,0,WAS09,v,HOM,0,1,0,regular,y,,
BLG194306040,younh104,BLG,1,6,value,27,0,3,0,0,0,,,,,1,19430604,0,BAL14,h,NY6,1,0,0,regular,y,d,
BLG194306050,younh104,BLG,1,6,value,27,4,3,3,0,0,0,0,0,,1,19430605,0,BAL14,h,NY6,0,1,0,regular,y,,
BLG194306061,younh104,BLG,1,6,value,27,3,1,2,0,0,0,0,0,,1,19430606,1,BAL14,h,NY6,0,1,0,regular,y,,
BLG194306062,younh104,BLG,1,5,value,21,1,1,2,0,0,,,,,1,19430606,2,BAL14,h,NY6,0,1,0,regular,y,d,
BLG194306110,younh104,BLG,1,6,value,27,1,1,0,0,0,,,,,1,19430611,0,BAL14,h,NW2,0,1,0,regular,y,d,
BLG194306180,younh104,BLG,1,6,value,27,3,2,1,2,0,,,,,1,19430618,0,BAL14,h,KCM,0,1,0,exhibition,y,d,
