gid,id,team,b_lp,b_seq,stattype,b_pa,b_ab,b_r,b_h,b_d,b_t,b_hr,b_rbi,b_sh,b_sf,b_hbp,b_w,b_iw,b_k,b_sb,b_cs,b_gdp,b_xi,b_roe,dh,ph,pr,date,number,site,vishome,opp,win,loss,tie,gametype,box,pbp,eject
KCM194204120,philn101,KCM,,,value,,,,,,,,,,,,,,,,,,,,,,,19420412,0,HOU04,h,JAX,1,0,0,exhibition,,,
KCM194204150,philn101,JAX,,,value,,,,,0,0,0,,0,,0,,,,0,,,0,,,,,19420415,0,PTA01,v,KCM,0,1,0,exhibition,,,
BIR194204191,philn101,KCM,9,3,value,1,1,0,0,0,0,0,,0,,0,0,0,,0,,,0,,,,,19420419,1,BIR01,v,BIR,0,1,0,exhibition,y,,
MEM194204230,philn101,KCM,,,value,,,,,,,,,,,,,,,,,,,,,,,19420423,0,LRK02,v,MEM,0,1,0,exhibition,,,
KCM194204262,philn101,KCM,,,value,,,,,,,,,,,,,,,,,,,,,,,19420426,2,NOL01,h,HOM,0,1,0,exhibition,,,
KCM194205171,philn101,MEM,9,3,value,1,1,0,0,0,0,0,0,0,,0,0,0,,0,,,0,,,,,19420517,1,KAN05,v,KCM,0,1,0,regular,y,,
KCM194205200,philn101,MEM,,,value,,,,,,,,,,,,,,,,,,,,,,,19420520,0,OKC01,v,KCM,0,1,0,regular,,,
MEM194205242,philn101,MEM,9,4,value,,,0,,,,,0,,,,,,,,,,,,,,,19420524,2,MEM02,h,CAG,1,0,0,regular,,,
MEM194206180,philn101,MEM,,,value,,,1,1,,,1,1,,,,,,,,,,,,,,,19420618,0,DEF01,h,JAX,1,0,0,regular,,,
MEM194206180,philn101,MEM,,,lower,,1,1,1,,,1,1,,,,,,,,,,,,,,,19420618,0,DEF01,h,JAX,1,0,0,regular,,,
KCM194207022,philn101,KCM,9,1,value,3,3,1,2,0,0,0,,0,,0,0,0,,0,,,0,,,,,19420702,2,KAN05,h,CAG,1,0,0,regular,y,,
KCM194207140,philn101,KCM,,,value,,,0,,,,,0,,,,,,,,,,,,,,,19420714,0,OKC01,h,MEM,1,0,0,regular,,,
CAG194207192,philn101,KCM,,,value,,,,,,,,,,,,,,,,,,,,,,,19420719,2,CHI10,v,CAG,1,0,0,regular,,,
KCM194208231,philn101,KCM,9,1,value,1,1,0,1,0,0,0,0,0,,0,0,0,,0,,,0,,,,,19420823,1,KAN05,h,CAG,1,0,0,regular,y,,
CI2194209170,philn101,KCM,,,value,,,,,,,,,,,,,,,,,,,,,,,19420917,0,IND10,v,CI2,1,0,0,exhibition,,,
CI2194306030,philn101,KCM,,,value,,,,,,,,,,,,,,,,,,,,,,,19430603,0,COL05,v,CI2,1,0,0,regular,,,
CVB194306070,philn101,KCM,,,value,,,,,,,,,,,,,,,,,,,,,,,19430607,0,BUF06,v,CVB,0,1,0,regular,,,
HOM194306170,philn101,KCM,9,1,value,2,2,0,0,0,0,0,0,0,0,0,0,0,0,0,0,0,0,0,,,,19430617,0,WAS09,v,HOM,1,0,0,exhibition,y,d,
PH5194306210,philn101,KCM,9,2,value,1,1,1,1,0,0,0,0,0,,0,0,0,,0,,,0,,,,,19430621,0,PHI11,v,PH5,0,1,0,exhibition,y,,
CVB194306300,philn101,KCM,,,value,,,,,,,,,,,,,,,,,,,,,,,19430630,0,IND10,v,CVB,0,1,0,regular,,,
KCM194307051,philn101,KCM,9,1,value,4,4,0,1,0,0,0,1,0,,0,0,0,,0,,,0,,,,,19430705,1,KAN05,h,MEM,1,0,0,regular,y,,
KCM194307120,philn101,KCM,9,3,value,0,0,0,0,0,0,0,0,0,0,0,0,0,0,0,0,0,0,0,,,,19430712,0,KAN05,h,BIR,1,0,0,regular,y,d,
KCM194307190,philn101,KCM,9,1,value,1,1,0,0,0,0,0,0,0,0,0,0,0,0,0,0,0,0,0,,,,19430719,0,KAN05,h,CAG,0,1,0,regular,y,d,
KCM194307210,philn101,KCM,,,value,,,,,,,,,,,,,,,,,,,,,,,19430721,0,DAL01,h,CAG,1,0,0,regular,,,
CI2194307310,philn101,KCM,,,value,,,,,,,,,,,,,,,,,,,,,,,19430731,0,IND10,v,CI2,0,0,1,regular,,,
KCM194308160,philn101,KCM,,,value,,,,,,,,,,,,,,,,,,,,,,,19430816,0,MEM03,h,CI2,1,0,0,regular,,,
KCM194308190,philn101,KCM,,,value,,,,,,,,,,,,,,,,,,,,,,,19430819,0,HOU04,h,CI2,1,0,0,regular,,,
KCM194308240,philn101,KCM,9,1,value,2,1,1,0,0,0,0,0,0,,0,1,,,0,,,0,,,,,19430824,0,MUS01,h,CI2,1,0,0,regular,y,,
CI2194308270,philn101,KCM,,,value,,,0,0,,,,0,,,,,,,,,,,,,,,19430827,0,BEL01,v,CI2,0,1,0,regular,,,
KCM194309160,philn101,KCM,,,value,,,,,,,,,,,,,,,,,,,,,,,19430916,0,KAN05,h,CI2,1,0,0,exhibition,,,
KCM194309220,philn101,KCM,9,2,value,2,2,0,1,0,0,0,,0,,0,0,,,,,,,,,,,19430922,0,HOU04,h,CI2,1,0,0,exhibition,y,,
