gid,id,team,b_lp,b_seq,stattype,b_pa,b_ab,b_r,b_h,b_d,b_t,b_hr,b_rbi,b_sh,b_sf,b_hbp,b_w,b_iw,b_k,b_sb,b_cs,b_gdp,b_xi,b_roe,dh,ph,pr,date,number,site,vishome,opp,win,loss,tie,gametype,box,pbp,eject
DET192509130,ussad101,CLE,6,3,value,1,1,0,0,0,0,0,0,0,0,0,0,0,0,0,0,0,0,0,,,,19250913,0,DET04,v,DET,1,0,0,regular,y,y,
SLA192709301,ussad101,CLE,2,1,value,4,3,0,0,0,0,0,0,0,0,0,1,0,0,0,0,0,0,0,,,,19270930,1,STL07,v,SLA,1,0,0,regular,y,d,
SLA192709302,ussad101,CLE,2,1,value,4,4,1,1,0,0,0,0,0,0,0,0,0,0,0,0,0,0,0,,,,19270930,2,STL07,v,SLA,0,1,0,regular,y,y,
DET192710021,ussad101,CLE,2,1,value,5,5,2,1,0,1,0,0,0,0,0,0,0,0,0,0,0,0,0,,,,19271002,1,DET04,v,DET,0,1,0,regular,y,y,
DET192710022,ussad101,CLE,2,1,value,5,4,1,1,0,0,0,2,0,0,0,1,0,1,0,0,0,0,0,,,,19271002,2,DET04,v,DET,0,1,0,regular,y,y,
SHR193510090,ussad101,SHR,5,1,value,4,3,0,0,0,0,0,0,0,0,0,1,0,1,0,0,0,0,0,,,,19351009,0,DAY03,h,PTC,0,1,0,exhibition,y,d,
