gid,id,team,d_seq,d_pos,stattype,d_ifouts,d_po,d_a,d_e,d_dp,d_tp,d_pb,d_wp,d_sb,d_cs,d_gs,date,number,site,vishome,opp,win,loss,tie,gametype,box,pbp,eject
PHI193809141,cresc101,SLN,1,6,value,27,3,5,3,1,0,,,,,1,19380914,1,PHI11,v,PHI,1,0,0,regular,y,y,
BRO193809161,cresc101,SLN,1,6,value,27,2,1,0,1,0,,,,,1,19380916,1,NYC15,v,BRO,1,0,0,regular,y,y,
BRO193809162,cresc101,SLN,1,6,value,27,2,2,0,0,0,,,,,1,19380916,2,NYC15,v,BRO,1,0,0,regular,y,y,
BSN193809210,cresc101,SLN,1,6,value,9,1,0,1,0,0,,,,,1,19380921,0,BOS08,v,BSN,1,0,0,regular,y,y,
SLN193809270,cresc101,SLN,1,6,value,21,2,1,1,0,0,,,,,1,19380927,0,STL07,h,CIN,0,1,0,regular,y,y,
SLN193809280,cresc101,SLN,1,6,value,15,1,1,1,0,0,,,,,1,19380928,0,STL07,h,CIN,1,0,0,regular,y,y,
SLN193809290,cresc101,SLN,1,6,value,27,2,2,0,2,0,,,,,1,19380929,0,STL07,h,CIN,0,1,0,regular,y,y,
SLN193904250,cresc101,SLN,1,6,value,3,0,0,0,0,0,,,,,0,19390425,0,STL07,h,CIN,0,1,0,regular,y,y,
SLN193904270,cresc101,SLN,1,6,value,6,0,1,0,0,0,,,,,0,19390427,0,STL07,h,PIT,1,0,0,regular,y,d,
BSN193905020,cresc101,SLN,1,6,value,27,0,1,0,0,0,,,,,1,19390502,0,BOS08,v,BSN,1,0,0,regular,y,y,
NY1193905040,cresc101,SLN,1,6,value,21,0,7,1,2,0,,,,,1,19390504,0,NYC14,v,NY1,0,1,0,regular,y,y,
NY1193905040,cresc101,SLN,1,6,official,,,,1,0,,,,,,1,19390504,0,NYC14,v,NY1,0,1,0,regular,y,y,
SLN193906150,cresc101,SLN,1,4,value,3,0,1,0,0,0,,,,,0,19390615,0,STL07,h,BRO,0,1,0,regular,y,y,
SLN193906160,cresc101,SLN,1,4,value,27,2,6,0,0,0,,,,,1,19390616,0,STL07,h,BRO,1,0,0,regular,y,y,
SLN193906170,cresc101,SLN,1,4,value,24,1,1,0,0,0,,,,,1,19390617,0,STL07,h,NY1,0,1,0,regular,y,y,
SLN193906180,cresc101,SLN,1,4,value,27,2,2,0,0,0,,,,,1,19390618,0,STL07,h,NY1,1,0,0,regular,y,y,
SLN193906210,cresc101,SLN,1,4,value,24,2,4,0,0,0,,,,,1,19390621,0,STL07,h,PHI,1,0,0,regular,y,y,
SLN193906220,cresc101,SLN,1,4,value,24,2,2,1,1,0,,,,,1,19390622,0,STL07,h,PHI,1,0,0,regular,y,d,
SLN194009270,cresc101,SLN,1,5,value,27,2,1,0,0,0,,,,,1,19400927,0,STL07,h,CHN,1,0,0,regular,y,y,
SLN194009280,cresc101,SLN,1,6,value,30,2,3,1,1,0,,,,,1,19400928,0,STL07,h,CHN,1,0,0,regular,y,d,
SLN194009290,cresc101,SLN,1,5,value,27,2,0,0,0,0,,,,,1,19400929,0,STL07,h,CHN,1,0,0,regular,y,y,
CIN194104150,cresc101,SLN,1,4,value,27,7,2,0,2,0,,,,,1,19410415,0,CIN07,v,CIN,1,0,0,regular,y,y,
CIN194104150,cresc101,SLN,1,4,official,,,,0,1,,,,,,1,19410415,0,CIN07,v,CIN,1,0,0,regular,y,y,
CIN194104160,cresc101,SLN,1,4,value,27,2,2,0,1,0,,,,,1,19410416,0,CIN07,v,CIN,1,0,0,regular,y,y,
CIN194104170,cresc101,SLN,1,4,value,27,0,3,0,0,0,,,,,1,19410417,0,CIN07,v,CIN,1,0,0,regular,y,y,
SLN194104180,cresc101,SLN,1,4,value,27,1,1,0,0,0,,,,,1,19410418,0,STL07,h,CHN,0,1,0,regular,y,y,
SLN194104200,cresc101,SLN,1,4,value,30,2,0,0,0,0,,,,,1,19410420,0,STL07,h,CHN,0,1,0,regular,y,y,
SLN194104220,cresc101,SLN,1,4,value,36,6,6,0,3,0,,,,,1,19410422,0,STL07,h,PIT,1,0,0,regular,y,y,
SLN194104230,cresc101,SLN,1,4,value,27,0,2,0,0,0,,,,,1,19410423,0,STL07,h,PIT,1,0,0,regular,y,y,
SLN194104240,cresc101,SLN,1,4,value,27,0,4,0,0,0,,,,,1,19410424,0,STL07,h,CIN,0,1,0,regular,y,y,
SLN194104250,cresc101,SLN,1,4,value,27,3,4,0,3,0,,,,,1,19410425,0,STL07,h,CIN,1,0,0,regular,y,y,
CHN194104260,cresc101,SLN,1,4,value,27,2,2,0,0,0,,,,,1,19410426,0,CHI11,v,CHN,1,0,0,regular,y,y,
CHN194104270,cresc101,SLN,1,4,value,27,0,1,0,0,0,,,,,1,19410427,0,CHI11,v,CHN,1,0,0,regular,y,y,
NY1194104290,cresc101,SLN,1,4,value,27,2,4,0,0,0,,,,,1,19410429,0,NYC14,v,NY1,1,0,0,regular,y,y,
NY1194104300,cresc101,SLN,1,4,value,27,2,1,0,1,0,,,,,1,19410430,0,NYC14,v,NY1,1,0,0,regular,y,y,
NY1194105010,cresc101,SLN,1,4,value,27,0,3,0,0,0,,,,,1,19410501,0,NYC14,v,NY1,1,0,0,regular,y,y,
PHI194105020,cresc101,SLN,1,4,value,27,1,2,0,1,0,,,,,1,19410502,0,PHI11,v,PHI,1,0,0,regular,y,y,
PHI194105030,cresc101,SLN,1,4,value,27,1,3,0,1,0,,,,,1,19410503,0,PHI11,v,PHI,1,0,0,regular,y,y,
BSN194105040,cresc101,SLN,1,4,value,27,0,2,0,0,0,,,,,1,19410504,0,BOS08,v,BSN,1,0,0,regular,y,y,
BSN194105050,cresc101,SLN,1,4,value,27,3,2,0,2,0,,,,,1,19410505,0,BOS08,v,BSN,1,0,0,regular,y,y,
BSN194105060,cresc101,SLN,1,4,value,24,2,2,0,1,0,,,,,1,19410506,0,BOS08,v,BSN,0,1,0,regular,y,y,
BRO194105070,cresc101,SLN,1,4,value,26,5,5,1,2,0,,,,,1,19410507,0,NYC15,v,BRO,0,1,0,regular,y,y,
BRO194105080,cresc101,SLN,1,4,value,35,3,4,0,0,0,,,,,1,19410508,0,NYC15,v,BRO,0,1,0,regular,y,y,
PIT194105110,cresc101,SLN,1,4,value,27,1,4,0,1,0,,,,,1,19410511,0,PIT06,v,PIT,1,0,0,regular,y,y,
PIT194105120,cresc101,SLN,1,4,value,27,1,3,0,0,0,,,,,1,19410512,0,PIT06,v,PIT,1,0,0,regular,y,y,
SLN194105130,cresc101,SLN,1,4,value,27,2,5,0,0,0,,,,,1,19410513,0,STL07,h,NY1,1,0,0,regular,y,y,
SLN194105150,cresc101,SLN,1,4,value,27,4,3,0,3,0,,,,,1,19410515,0,STL07,h,BSN,0,1,0,regular,y,y,
SLN194105160,cresc101,SLN,1,4,value,27,5,10,0,1,0,,,,,1,19410516,0,STL07,h,BSN,1,0,0,regular,y,y,
SLN194105170,cresc101,SLN,1,4,value,30,6,1,0,1,0,,,,,1,19410517,0,STL07,h,BSN,0,1,0,regular,y,y,
SLN194105180,cresc101,SLN,1,4,value,27,1,2,0,0,0,,,,,1,19410518,0,STL07,h,PHI,1,0,0,regular,y,y,
SLN194105200,cresc101,SLN,1,4,value,24,3,2,0,1,0,,,,,1,19410520,0,STL07,h,PHI,0,1,0,regular,y,d,
SLN194105210,cresc101,SLN,1,4,value,27,2,4,0,0,0,,,,,1,19410521,0,STL07,h,BRO,1,0,0,regular,y,y,
SLN194105220,cresc101,SLN,1,4,value,27,4,4,0,0,0,,,,,1,19410522,0,STL07,h,BRO,1,0,0,regular,y,y,
SLN194105230,cresc101,SLN,1,4,value,27,3,2,1,0,0,,,,,1,19410523,0,STL07,h,PIT,1,0,0,regular,y,y,
SLN194105240,cresc101,SLN,1,4,value,27,0,3,1,0,0,,,,,1,19410524,0,STL07,h,PIT,1,0,0,regular,y,y,
SLN194105251,cresc101,SLN,1,4,value,18,4,3,1,1,0,,,,,1,19410525,1,STL07,h,PIT,1,0,0,regular,y,y,
BRO194106010,cresc101,SLN,1,4,value,21,0,1,0,0,0,,,,,1,19410601,0,NYC15,v,BRO,0,1,0,regular,y,y,
BRO194106020,cresc101,SLN,1,4,value,27,4,3,0,0,0,,,,,1,19410602,0,NYC15,v,BRO,1,0,0,regular,y,y,
BRO194106030,cresc101,SLN,1,4,value,24,3,3,0,0,0,,,,,1,19410603,0,NYC15,v,BRO,0,1,0,regular,y,y,
BSN194106040,cresc101,SLN,1,4,value,24,2,4,2,1,0,,,,,1,19410604,0,BOS08,v,BSN,0,1,0,regular,y,y,
BSN194106060,cresc101,SLN,1,4,value,27,2,3,0,0,0,,,,,1,19410606,0,BOS08,v,BSN,1,0,0,regular,y,y,
NY1194106070,cresc101,SLN,1,4,value,27,5,0,0,0,0,,,,,1,19410607,0,NYC14,v,NY1,1,0,0,regular,y,y,
NY1194106081,cresc101,SLN,1,4,value,28,3,2,0,0,0,,,,,1,19410608,1,NYC14,v,NY1,0,1,0,regular,y,y,
NY1194106082,cresc101,SLN,1,4,value,24,1,3,1,0,0,,,,,1,19410608,2,NYC14,v,NY1,0,1,0,regular,y,y,
NY1194106090,cresc101,SLN,1,4,value,27,1,5,2,0,0,,,,,1,19410609,0,NYC14,v,NY1,1,0,0,regular,y,y,
PHI194106100,cresc101,SLN,1,4,value,27,1,0,0,0,0,,,,,1,19410610,0,PHI11,v,PHI,1,0,0,regular,y,y,
PHI194106110,cresc101,SLN,1,4,value,30,5,1,0,1,0,,,,,1,19410611,0,PHI11,v,PHI,1,0,0,regular,y,d,
SLN194106130,cresc101,SLN,1,4,value,27,3,2,0,1,0,,,,,1,19410613,0,STL07,h,BRO,1,0,0,regular,y,y,
SLN194106140,cresc101,SLN,1,4,value,27,1,2,1,0,0,,,,,1,19410614,0,STL07,h,BRO,0,1,0,regular,y,y,
SLN194106151,cresc101,SLN,1,4,value,27,1,4,0,1,0,,,,,1,19410615,1,STL07,h,BRO,0,1,0,regular,y,y,
SLN194106152,cresc101,SLN,1,4,value,27,1,4,0,1,0,,,,,1,19410615,2,STL07,h,BRO,1,0,0,regular,y,y,
SLN194106170,cresc101,SLN,1,4,value,27,4,4,0,1,0,,,,,1,19410617,0,STL07,h,PHI,1,0,0,regular,y,y,
SLN194106180,cresc101,SLN,1,4,value,27,1,4,0,1,0,,,,,1,19410618,0,STL07,h,PHI,1,0,0,regular,y,y,
SLN194106190,cresc101,SLN,1,4,value,33,1,4,0,1,0,,,,,1,19410619,0,STL07,h,PHI,1,0,0,regular,y,y,
SLN194106200,cresc101,SLN,1,4,value,27,0,3,0,0,0,,,,,1,19410620,0,STL07,h,NY1,0,1,0,regular,y,y,
SLN194106210,cresc101,SLN,1,4,value,27,1,1,0,1,0,,,,,1,19410621,0,STL07,h,NY1,1,0,0,regular,y,y,
SLN194106221,cresc101,SLN,1,4,value,27,2,1,0,0,0,,,,,1,19410622,1,STL07,h,NY1,0,1,0,regular,y,y,
SLN194106222,cresc101,SLN,1,4,value,27,4,3,0,1,0,,,,,1,19410622,2,STL07,h,NY1,0,1,0,regular,y,y,
SLN194106240,cresc101,SLN,1,4,value,27,5,4,0,2,0,,,,,1,19410624,0,STL07,h,BSN,1,0,0,regular,y,y,
SLN194106250,cresc101,SLN,1,4,value,27,2,2,0,0,0,,,,,1,19410625,0,STL07,h,BSN,1,0,0,regular,y,y,
SLN194106270,cresc101,SLN,1,4,value,27,1,2,0,0,0,,,,,1,19410627,0,STL07,h,CIN,1,0,0,regular,y,y,
SLN194106291,cresc101,SLN,1,4,value,27,5,2,0,1,0,,,,,1,19410629,1,STL07,h,CIN,0,1,0,regular,y,y,
SLN194106292,cresc101,SLN,1,4,value,27,4,2,0,1,0,,,,,1,19410629,2,STL07,h,CIN,1,0,0,regular,y,y,
PIT194106300,cresc101,SLN,1,4,value,24,3,3,0,0,0,,,,,1,19410630,0,PIT06,v,PIT,0,1,0,regular,y,y,
PIT194107010,cresc101,SLN,1,4,value,27,6,5,0,2,0,,,,,1,19410701,0,PIT06,v,PIT,1,0,0,regular,y,y,
PIT194107010,cresc101,SLN,1,4,official,,,,0,0,,,,,,1,19410701,0,PIT06,v,PIT,1,0,0,regular,y,y,
CHN194107030,cresc101,SLN,1,4,value,24,1,2,1,0,0,,,,,1,19410703,0,CHI11,v,CHN,0,1,0,regular,y,y,
CHN194107041,cresc101,SLN,1,4,value,24,2,2,1,0,0,,,,,1,19410704,1,CHI11,v,CHN,0,1,0,regular,y,y,
CHN194107042,cresc101,SLN,1,4,value,24,3,2,0,0,0,,,,,1,19410704,2,CHI11,v,CHN,0,1,0,regular,y,y,
CIN194107050,cresc101,SLN,1,4,value,24,6,2,1,1,0,,,,,1,19410705,0,CIN07,v,CIN,0,1,0,regular,y,y,
CIN194107060,cresc101,SLN,1,4,value,24,2,2,0,1,0,,,,,1,19410706,0,CIN07,v,CIN,0,1,0,regular,y,y,
NY1194107100,cresc101,SLN,1,4,value,27,3,0,1,0,0,,,,,1,19410710,0,NYC14,v,NY1,1,0,0,regular,y,y,
NY1194107120,cresc101,SLN,1,4,value,24,3,0,0,0,0,,,,,1,19410712,0,NYC14,v,NY1,0,1,0,regular,y,y,
PHI194107131,cresc101,SLN,1,4,value,27,3,2,0,1,0,,,,,1,19410713,1,PHI11,v,PHI,1,0,0,regular,y,y,
PHI194107132,cresc101,SLN,1,4,value,27,4,7,1,2,0,,,,,1,19410713,2,PHI11,v,PHI,1,0,0,regular,y,y,
PHI194107140,cresc101,SLN,1,4,value,24,2,2,0,1,0,,,,,1,19410714,0,PHI11,v,PHI,0,1,0,regular,y,y,
PHI194107150,cresc101,SLN,1,4,value,48,3,4,0,2,0,,,,,1,19410715,0,PHI11,v,PHI,1,0,0,regular,y,y,
BRO194107160,cresc101,SLN,1,4,value,27,5,5,0,2,0,,,,,1,19410716,0,NYC15,v,BRO,1,0,0,regular,y,y,
BRO194107180,cresc101,SLN,1,4,value,27,1,1,0,0,0,,,,,1,19410718,0,NYC15,v,BRO,1,0,0,regular,y,y,
BSN194107190,cresc101,SLN,1,4,value,24,2,2,0,1,0,,,,,1,19410719,0,BOS08,v,BSN,0,1,0,regular,y,y,
BSN194107201,cresc101,SLN,1,4,value,36,4,4,0,0,0,,,,,1,19410720,1,BOS08,v,BSN,1,0,0,regular,y,y,
BSN194107202,cresc101,SLN,1,4,value,24,2,5,0,1,0,,,,,1,19410720,2,BOS08,v,BSN,1,0,0,regular,y,d,
SLN194107220,cresc101,SLN,1,4,value,27,3,4,0,1,0,,,,,1,19410722,0,STL07,h,NY1,1,0,0,regular,y,y,
SLN194107230,cresc101,SLN,1,4,value,36,3,4,1,0,0,,,,,1,19410723,0,STL07,h,NY1,1,0,0,regular,y,y,
SLN194107240,cresc101,SLN,1,4,value,30,2,4,0,0,0,,,,,1,19410724,0,STL07,h,NY1,1,0,0,regular,y,y,
SLN194107250,cresc101,SLN,1,4,value,27,3,5,2,1,0,,,,,1,19410725,0,STL07,h,BSN,0,1,0,regular,y,y,
SLN194107260,cresc101,SLN,1,4,value,27,2,5,0,0,0,,,,,1,19410726,0,STL07,h,BSN,1,0,0,regular,y,y,
SLN194107271,cresc101,SLN,1,4,value,27,1,2,1,1,0,,,,,1,19410727,1,STL07,h,BSN,0,1,0,regular,y,d,
SLN194107272,cresc101,SLN,1,4,value,27,2,4,0,0,0,,,,,1,19410727,2,STL07,h,BSN,1,0,0,regular,y,d,
SLN194107290,cresc101,SLN,1,4,value,36,5,5,0,0,0,,,,,1,19410729,0,STL07,h,BRO,0,0,1,regular,y,y,
SLN194107300,cresc101,SLN,1,4,value,27,1,4,0,0,0,,,,,1,19410730,0,STL07,h,BRO,1,0,0,regular,y,y,
SLN194107310,cresc101,SLN,1,4,value,27,1,4,1,0,0,,,,,1,19410731,0,STL07,h,BRO,0,1,0,regular,y,y,
SLN194108010,cresc101,SLN,1,4,value,33,3,4,1,1,0,,,,,1,19410801,0,STL07,h,PHI,0,1,0,regular,y,d,
SLN194108020,cresc101,SLN,1,4,value,27,1,5,0,1,0,,,,,1,19410802,0,STL07,h,PHI,1,0,0,regular,y,y,
SLN194108031,cresc101,SLN,1,4,value,27,2,1,1,0,0,,,,,1,19410803,1,STL07,h,PHI,1,0,0,regular,y,y,
SLN194108032,cresc101,SLN,1,4,value,27,3,7,0,3,0,,,,,1,19410803,2,STL07,h,PHI,1,0,0,regular,y,y,
CIN194108060,cresc101,SLN,1,4,value,24,3,3,0,0,0,,,,,1,19410806,0,CIN07,v,CIN,0,1,0,regular,y,y,
CIN194108070,cresc101,SLN,1,4,value,33,3,0,0,0,0,,,,,1,19410807,0,CIN07,v,CIN,1,0,0,regular,y,y,
SLN194108090,cresc101,SLN,1,4,value,39,3,4,0,1,0,,,,,1,19410809,0,STL07,h,PIT,0,1,0,regular,y,y,
SLN194108101,cresc101,SLN,1,4,value,27,2,2,0,1,0,,,,,1,19410810,1,STL07,h,PIT,1,0,0,regular,y,y,
SLN194108102,cresc101,SLN,1,4,value,27,6,2,0,1,0,,,,,1,19410810,2,STL07,h,PIT,1,0,0,regular,y,y,
SLN194108110,cresc101,SLN,1,4,value,27,0,4,0,0,0,,,,,1,19410811,0,STL07,h,CHN,1,0,0,regular,y,y,
SLN194108120,cresc101,SLN,1,4,value,27,3,3,0,0,0,,,,,1,19410812,0,STL07,h,CHN,1,0,0,regular,y,y,
CIN194108130,cresc101,SLN,1,4,value,28,0,3,0,0,0,,,,,1,19410813,0,CIN07,v,CIN,0,1,0,regular,y,y,
PIT194108160,cresc101,SLN,1,4,value,24,3,3,0,1,0,,,,,1,19410816,0,PIT06,v,PIT,0,1,0,regular,y,y,
PIT194108171,cresc101,SLN,1,4,value,27,2,5,0,2,0,,,,,1,19410817,1,PIT06,v,PIT,1,0,0,regular,y,y,
PIT194108172,cresc101,SLN,1,4,value,24,6,3,1,1,0,,,,,1,19410817,2,PIT06,v,PIT,0,1,0,regular,y,y,
BSN194108201,cresc101,SLN,1,4,value,27,2,1,0,1,0,,,,,1,19410820,1,BOS08,v,BSN,1,0,0,regular,y,y,
BSN194108202,cresc101,SLN,1,4,value,27,1,5,1,1,0,,,,,1,19410820,2,BOS08,v,BSN,1,0,0,regular,y,y,
PHI194108210,cresc101,SLN,1,4,value,24,2,2,0,1,0,,,,,1,19410821,0,PHI11,v,PHI,0,1,0,regular,y,y,
PHI194108220,cresc101,SLN,1,4,value,30,4,1,0,1,0,,,,,1,19410822,0,PHI11,v,PHI,1,0,0,regular,y,y,
PHI194108230,cresc101,SLN,1,4,value,24,0,4,0,0,0,,,,,1,19410823,0,PHI11,v,PHI,0,1,0,regular,y,y,
BRO194108241,cresc101,SLN,1,4,value,27,0,1,0,0,0,,,,,1,19410824,1,NYC15,v,BRO,1,0,0,regular,y,y,
BRO194108242,cresc101,SLN,1,4,value,25,2,5,0,1,0,,,,,1,19410824,2,NYC15,v,BRO,0,1,0,regular,y,y,
BRO194108261,cresc101,SLN,1,4,value,24,8,3,0,1,0,,,,,1,19410826,1,NYC15,v,BRO,0,1,0,regular,y,y,
BRO194108261,cresc101,SLN,1,4,official,,,,0,0,,,,,,1,19410826,1,NYC15,v,BRO,0,1,0,regular,y,y,
BRO194108262,cresc101,SLN,1,4,value,24,4,3,0,1,0,,,,,1,19410826,2,NYC15,v,BRO,1,0,0,regular,y,y,
NY1194108270,cresc101,SLN,1,4,value,27,3,4,0,1,0,,,,,1,19410827,0,NYC14,v,NY1,1,0,0,regular,y,y,
NY1194108270,cresc101,SLN,1,4,official,,,,0,0,,,,,,1,19410827,0,NYC14,v,NY1,1,0,0,regular,y,y,
NY1194108280,cresc101,SLN,1,4,value,27,1,3,0,0,0,,,,,1,19410828,0,NYC14,v,NY1,1,0,0,regular,y,y,
CIN194108300,cresc101,SLN,1,4,value,27,3,2,1,1,0,,,,,1,19410830,0,CIN07,v,CIN,1,0,0,regular,y,y,
CIN194108310,cresc101,SLN,1,4,value,27,6,2,0,2,0,,,,,1,19410831,0,CIN07,v,CIN,1,0,0,regular,y,y,
SLN194109011,cresc101,SLN,1,4,value,27,2,4,0,3,0,,,,,1,19410901,1,STL07,h,PIT,1,0,0,regular,y,y,
SLN194109012,cresc101,SLN,1,4,value,24,3,2,1,0,0,,,,,1,19410901,2,STL07,h,PIT,1,0,0,regular,y,y,
CHN194109041,cresc101,SLN,1,4,value,24,5,4,0,2,0,,,,,1,19410904,1,CHI11,v,CHN,0,1,0,regular,y,y,
CHN194109042,cresc101,SLN,1,4,value,31,3,4,1,1,0,,,,,1,19410904,2,CHI11,v,CHN,0,1,0,regular,y,y,
SLN194109060,cresc101,SLN,1,4,value,27,4,1,0,1,0,,,,,1,19410906,0,STL07,h,CIN,0,1,0,regular,y,y,
SLN194109071,cresc101,SLN,1,4,value,27,3,2,0,0,0,,,,,1,19410907,1,STL07,h,CIN,1,0,0,regular,y,y,
SLN194109072,cresc101,SLN,1,4,value,24,2,1,0,0,0,,,,,1,19410907,2,STL07,h,CIN,0,1,0,regular,y,y,
SLN194109101,cresc101,SLN,1,4,value,27,3,2,0,2,0,,,,,1,19410910,1,STL07,h,PHI,1,0,0,regular,y,y,
SLN194109102,cresc101,SLN,1,4,value,27,3,5,0,1,0,,,,,1,19410910,2,STL07,h,PHI,1,0,0,regular,y,y,
SLN194109110,cresc101,SLN,1,4,value,33,2,3,1,0,0,,,,,1,19410911,0,STL07,h,BRO,0,1,0,regular,y,y,
SLN194109120,cresc101,SLN,1,4,value,27,5,3,0,2,0,,,,,1,19410912,0,STL07,h,BRO,1,0,0,regular,y,y,
SLN194109130,cresc101,SLN,1,4,value,27,1,2,0,0,0,,,,,1,19410913,0,STL07,h,BRO,0,1,0,regular,y,y,
SLN194109141,cresc101,SLN,1,4,value,27,1,3,0,0,0,,,,,1,19410914,1,STL07,h,NY1,1,0,0,regular,y,y,
SLN194109142,cresc101,SLN,1,4,value,30,1,1,0,0,0,,,,,1,19410914,2,STL07,h,NY1,1,0,0,regular,y,y,
SLN194109160,cresc101,SLN,1,4,value,30,2,5,0,0,0,,,,,1,19410916,0,STL07,h,NY1,0,0,1,regular,y,y,
SLN194109171,cresc101,SLN,1,4,value,27,4,3,0,0,0,,,,,1,19410917,1,STL07,h,BSN,1,0,0,regular,y,y,
SLN194109172,cresc101,SLN,1,4,value,27,4,4,1,0,0,,,,,1,19410917,2,STL07,h,BSN,1,0,0,regular,y,y,
SLN194109180,cresc101,SLN,1,4,value,27,5,2,1,0,0,,,,,1,19410918,0,STL07,h,BSN,0,1,0,regular,y,y,
SLN194109190,cresc101,SLN,1,4,value,27,1,3,0,1,0,,,,,1,19410919,0,STL07,h,CHN,1,0,0,regular,y,y,
SLN194109200,cresc101,SLN,1,4,value,27,4,5,0,1,0,,,,,1,19410920,0,STL07,h,CHN,0,1,0,regular,y,y,
SLN194109211,cresc101,SLN,1,4,value,27,4,1,1,1,0,,,,,1,19410921,1,STL07,h,CHN,1,0,0,regular,y,y,
SLN194109212,cresc101,SLN,1,4,value,27,2,3,0,0,0,,,,,1,19410921,2,STL07,h,CHN,1,0,0,regular,y,y,
PIT194109231,cresc101,SLN,1,4,value,24,2,0,0,0,0,,,,,1,19410923,1,PIT06,v,PIT,0,1,0,regular,y,y,
PIT194109232,cresc101,SLN,1,4,value,27,8,2,0,1,0,,,,,1,19410923,2,PIT06,v,PIT,1,0,0,regular,y,y,
PIT194109232,cresc101,SLN,1,4,official,,,,0,0,,,,,,1,19410923,2,PIT06,v,PIT,1,0,0,regular,y,y,
PIT194109240,cresc101,SLN,1,4,value,27,4,5,0,1,0,,,,,1,19410924,0,PIT06,v,PIT,1,0,0,regular,y,y,
PIT194109250,cresc101,SLN,1,4,value,18,4,2,0,1,0,,,,,1,19410925,0,PIT06,v,PIT,0,1,0,regular,y,y,
CHN194109270,cresc101,SLN,1,4,value,24,3,2,1,1,0,,,,,1,19410927,0,CHI11,v,CHN,0,1,0,regular,y,y,
CHN194109280,cresc101,SLN,1,4,value,27,3,3,0,2,0,,,,,1,19410928,0,CHI11,v,CHN,1,0,0,regular,y,y,
MLS194110050,cresc101,MLS,1,4,value,27,1,1,0,1,0,,,,,1,19411005,0,STL07,h,KCM,1,0,0,exhibition,y,,
SLN194204140,cresc101,SLN,1,4,value,27,2,3,0,0,0,,,,,1,19420414,0,STL07,h,CHN,0,1,0,regular,y,y,
SLN194204150,cresc101,SLN,1,4,value,27,2,1,0,0,0,,,,,1,19420415,0,STL07,h,CHN,1,0,0,regular,y,y,
SLN194204160,cresc101,SLN,1,4,value,27,4,1,1,0,0,,,,,1,19420416,0,STL07,h,CHN,1,0,0,regular,y,d,
PIT194204170,cresc101,SLN,1,4,value,24,4,5,0,1,0,,,,,1,19420417,0,PIT06,v,PIT,0,1,0,regular,y,y,
PIT194204180,cresc101,SLN,1,4,value,24,3,0,0,0,0,,,,,1,19420418,0,PIT06,v,PIT,0,1,0,regular,y,y,
PIT194204190,cresc101,SLN,1,4,value,27,2,3,0,0,0,,,,,1,19420419,0,PIT06,v,PIT,1,0,0,regular,y,y,
SLN194204210,cresc101,SLN,1,4,value,27,3,4,0,1,0,,,,,1,19420421,0,STL07,h,CIN,1,0,0,regular,y,y,
SLN194204220,cresc101,SLN,1,4,value,27,4,4,1,0,0,,,,,1,19420422,0,STL07,h,CIN,1,0,0,regular,y,y,
CHN194204230,cresc101,SLN,1,4,value,24,4,4,0,1,0,,,,,1,19420423,0,CHI11,v,CHN,0,1,0,regular,y,y,
CHN194204240,cresc101,SLN,1,4,value,24,2,3,0,1,0,,,,,1,19420424,0,CHI11,v,CHN,0,1,0,regular,y,d,
SLN194204261,cresc101,SLN,1,4,value,27,4,0,0,0,0,,,,,1,19420426,1,STL07,h,PIT,0,1,0,regular,y,y,
SLN194204262,cresc101,SLN,1,4,value,33,3,2,0,0,0,,,,,1,19420426,2,STL07,h,PIT,0,0,1,regular,y,y,
SLN194204280,cresc101,SLN,1,4,value,30,1,1,0,1,0,,,,,1,19420428,0,STL07,h,NY1,1,0,0,regular,y,y,
SLN194204290,cresc101,SLN,1,4,value,30,4,2,0,1,0,,,,,1,19420429,0,STL07,h,NY1,0,1,0,regular,y,y,
SLN194204300,cresc101,SLN,1,4,value,27,1,3,0,0,0,,,,,1,19420430,0,STL07,h,NY1,1,0,0,regular,y,y,
SLN194205010,cresc101,SLN,1,4,value,30,5,4,0,1,0,,,,,1,19420501,0,STL07,h,BSN,1,0,0,regular,y,y,
SLN194205020,cresc101,SLN,1,4,value,18,3,3,0,2,0,,,,,1,19420502,0,STL07,h,BSN,0,1,0,regular,y,y,
SLN194205031,cresc101,SLN,1,4,value,27,3,5,0,2,0,,,,,1,19420503,1,STL07,h,BRO,1,0,0,regular,y,y,
SLN194205032,cresc101,SLN,1,4,value,18,0,0,1,0,0,,,,,1,19420503,2,STL07,h,BRO,1,0,0,regular,y,y,
SLN194205050,cresc101,SLN,1,4,value,33,7,2,0,1,0,,,,,1,19420505,0,STL07,h,BRO,0,1,0,regular,y,y,
SLN194205060,cresc101,SLN,1,4,value,27,5,3,0,1,0,,,,,1,19420506,0,STL07,h,PHI,1,0,0,regular,y,y,
CIN194205080,cresc101,SLN,1,4,value,27,3,2,0,1,0,,,,,1,19420508,0,CIN07,v,CIN,1,0,0,regular,y,y,
CIN194205090,cresc101,SLN,1,4,value,24,4,2,0,0,0,,,,,1,19420509,0,CIN07,v,CIN,0,1,0,regular,y,y,
CIN194205101,cresc101,SLN,1,4,value,15,4,2,0,1,0,,,,,1,19420510,1,CIN07,v,CIN,0,1,0,regular,y,y,
CIN194205102,cresc101,SLN,1,4,value,24,2,2,0,0,0,,,,,1,19420510,2,CIN07,v,CIN,0,1,0,regular,y,y,
PHI194205120,cresc101,SLN,1,4,value,24,3,1,0,1,0,,,,,1,19420512,0,PHI11,v,PHI,0,1,0,regular,y,y,
PHI194205130,cresc101,SLN,1,4,value,27,4,1,0,0,0,,,,,1,19420513,0,PHI11,v,PHI,1,0,0,regular,y,y,
BSN194205150,cresc101,SLN,1,4,value,26,5,4,0,1,0,,,,,1,19420515,0,BOS08,v,BSN,0,1,0,regular,y,y,
BSN194205150,cresc101,SLN,1,4,official,,,,0,0,,,,,,1,19420515,0,BOS08,v,BSN,0,1,0,regular,y,y,
BSN194205160,cresc101,SLN,1,4,value,27,5,1,0,0,0,,,,,1,19420516,0,BOS08,v,BSN,1,0,0,regular,y,y,
NY1194205171,cresc101,SLN,1,4,value,24,2,2,0,0,0,,,,,1,19420517,1,NYC14,v,NY1,0,1,0,regular,y,y,
NY1194205172,cresc101,SLN,1,4,value,27,2,3,0,0,0,,,,,1,19420517,2,NYC14,v,NY1,1,0,0,regular,y,d,
NY1194205180,cresc101,SLN,1,4,value,27,2,3,0,0,0,,,,,1,19420518,0,NYC14,v,NY1,1,0,0,regular,y,y,
NY1194205190,cresc101,SLN,1,4,value,27,3,3,1,1,0,,,,,1,19420519,0,NYC14,v,NY1,1,0,0,regular,y,y,
BRO194205200,cresc101,SLN,1,4,value,27,4,3,0,0,0,,,,,1,19420520,0,NYC15,v,BRO,1,0,0,regular,y,y,
SLN194205230,cresc101,SLN,1,4,value,27,3,0,0,0,0,,,,,1,19420523,0,STL07,h,CIN,1,0,0,regular,y,y,
SLN194205241,cresc101,SLN,1,4,value,27,2,0,0,0,0,,,,,1,19420524,1,STL07,h,CIN,0,1,0,regular,y,y,
SLN194205242,cresc101,SLN,1,4,value,21,2,1,1,0,0,,,,,1,19420524,2,STL07,h,CIN,0,1,0,regular,y,y,
CIN194205302,cresc101,SLN,1,4,value,9,0,0,0,0,0,,,,,0,19420530,2,CIN07,v,CIN,1,0,0,regular,y,y,
SLN194206141,cresc101,SLN,1,4,value,6,0,0,0,0,0,,,,,0,19420614,1,STL07,h,PHI,1,0,0,regular,y,d,
BRO194206180,cresc101,SLN,1,4,value,16,2,1,0,1,0,,,,,1,19420618,0,NYC15,v,BRO,0,1,0,regular,y,y,y
BRO194206190,cresc101,SLN,1,4,value,24,1,2,0,0,0,,,,,1,19420619,0,NYC15,v,BRO,0,1,0,regular,y,y,
BRO194206200,cresc101,SLN,1,4,value,24,1,1,0,0,0,,,,,1,19420620,0,NYC15,v,BRO,0,1,0,regular,y,y,
BRO194206211,cresc101,SLN,1,4,value,27,0,3,1,0,0,,,,,1,19420621,1,NYC15,v,BRO,1,0,0,regular,y,y,
BRO194206212,cresc101,SLN,1,4,value,24,2,2,1,1,0,,,,,1,19420621,2,NYC15,v,BRO,0,1,0,regular,y,y,
BSN194206241,cresc101,SLN,1,4,value,24,1,0,0,0,0,,,,,1,19420624,1,BOS08,v,BSN,0,1,0,regular,y,y,
BSN194206242,cresc101,SLN,1,4,value,24,2,0,0,0,0,,,,,1,19420624,2,BOS08,v,BSN,0,1,0,regular,y,y,
BSN194206250,cresc101,SLN,1,4,value,27,0,2,0,0,0,,,,,1,19420625,0,BOS08,v,BSN,1,0,0,regular,y,y,
PHI194206281,cresc101,SLN,1,4,value,42,7,3,0,3,0,,,,,1,19420628,1,PHI11,v,PHI,0,1,0,regular,y,y,
PHI194206282,cresc101,SLN,1,4,value,27,3,6,0,0,0,,,,,1,19420628,2,PHI11,v,PHI,1,0,0,regular,y,y,
SLN194206300,cresc101,SLN,1,4,value,27,3,5,0,0,0,,,,,1,19420630,0,STL07,h,PIT,1,0,0,regular,y,y,
SLN194207010,cresc101,SLN,1,4,value,27,2,4,0,0,0,,,,,1,19420701,0,STL07,h,PIT,1,0,0,regular,y,y,
SLN194207020,cresc101,SLN,1,4,value,27,4,7,0,0,0,,,,,1,19420702,0,STL07,h,PIT,1,0,0,regular,y,y,
SLN194207030,cresc101,SLN,1,4,value,27,1,2,0,0,0,,,,,1,19420703,0,STL07,h,PIT,0,1,0,regular,y,y,
SLN194207041,cresc101,SLN,1,4,value,27,4,4,0,2,0,,,,,1,19420704,1,STL07,h,CHN,0,1,0,regular,y,y,
SLN194207042,cresc101,SLN,1,4,value,27,3,1,0,0,0,,,,,1,19420704,2,STL07,h,CHN,1,0,0,regular,y,d,
SLN194207051,cresc101,SLN,1,4,value,27,4,5,1,3,0,,,,,1,19420705,1,STL07,h,CHN,1,0,0,regular,y,y,
SLN194207052,cresc101,SLN,1,4,value,27,2,0,0,0,0,,,,,1,19420705,2,STL07,h,CHN,1,0,0,regular,y,y,
SLN194207090,cresc101,SLN,1,4,value,27,3,3,0,2,0,,,,,1,19420709,0,STL07,h,NY1,1,0,0,regular,y,y,
SLN194207100,cresc101,SLN,1,4,value,21,2,2,1,0,0,,,,,1,19420710,0,STL07,h,NY1,1,0,0,regular,y,y,
SLN194207110,cresc101,SLN,1,4,value,27,2,7,0,2,0,,,,,1,19420711,0,STL07,h,NY1,0,1,0,regular,y,y,
SLN194207121,cresc101,SLN,1,4,value,27,4,2,1,1,0,,,,,1,19420712,1,STL07,h,BSN,1,0,0,regular,y,d,
SLN194207122,cresc101,SLN,1,4,value,27,3,0,0,0,0,,,,,1,19420712,2,STL07,h,BSN,1,0,0,regular,y,d,
SLN194207140,cresc101,SLN,1,4,value,18,0,0,0,0,0,,,,,1,19420714,0,STL07,h,BSN,1,0,0,regular,y,y,
SLN194207152,cresc101,SLN,1,4,value,9,0,0,0,0,0,,,,,0,19420715,2,STL07,h,PHI,1,0,0,regular,y,y,
SLN194207170,cresc101,SLN,1,4,value,9,0,1,0,1,0,,,,,0,19420717,0,STL07,h,PHI,1,0,0,regular,y,y,
SLN194207192,cresc101,SLN,1,4,value,6,0,1,0,1,0,,,,,0,19420719,2,STL07,h,BRO,1,0,0,regular,y,y,
PHI194207210,cresc101,SLN,1,4,value,27,4,4,0,2,0,,,,,1,19420721,0,PHI11,v,PHI,1,0,0,regular,y,y,
PHI194207210,cresc101,SLN,1,4,official,,,,0,1,,,,,,1,19420721,0,PHI11,v,PHI,1,0,0,regular,y,y,
PHI194207220,cresc101,SLN,1,4,value,27,5,2,0,1,0,,,,,1,19420722,0,PHI11,v,PHI,1,0,0,regular,y,y,
PHI194207230,cresc101,SLN,1,4,value,24,1,1,1,0,0,,,,,1,19420723,0,PHI11,v,PHI,0,1,0,regular,y,y,
BRO194207290,cresc101,SLN,1,4,value,1,0,0,0,0,0,,,,,0,19420729,0,NYC15,v,BRO,0,1,0,regular,y,y,
CIN194208040,cresc101,SLN,1,4,value,24,3,2,0,0,0,,,,,1,19420804,0,CIN07,v,CIN,0,1,0,regular,y,y,
CIN194208050,cresc101,SLN,1,4,value,27,2,0,0,0,0,,,,,1,19420805,0,CIN07,v,CIN,1,0,0,regular,y,y,
PIT194208070,cresc101,SLN,1,4,value,24,2,2,0,0,0,,,,,1,19420807,0,PIT06,v,PIT,0,1,0,regular,y,y,
PIT194208080,cresc101,SLN,1,4,value,48,7,3,0,1,0,,,,,1,19420808,0,PIT06,v,PIT,0,0,1,regular,y,y,
PIT194208091,cresc101,SLN,1,4,value,27,1,5,0,1,0,,,,,1,19420809,1,PIT06,v,PIT,1,0,0,regular,y,d,
PIT194208092,cresc101,SLN,1,4,value,24,1,3,0,1,0,,,,,1,19420809,2,PIT06,v,PIT,1,0,0,regular,y,d,
PIT194208100,cresc101,SLN,1,4,value,15,4,1,0,0,0,,,,,1,19420810,0,PIT06,v,PIT,0,1,0,regular,y,y,
CHN194208110,cresc101,SLN,1,4,value,27,3,2,0,0,0,,,,,1,19420811,0,CHI11,v,CHN,1,0,0,regular,y,y,
CHN194208121,cresc101,SLN,1,4,value,27,5,6,1,1,0,,,,,1,19420812,1,CHI11,v,CHN,1,0,0,regular,y,y,
CHN194208122,cresc101,SLN,1,4,value,27,2,2,0,1,0,,,,,1,19420812,2,CHI11,v,CHN,1,0,0,regular,y,y,
CHN194208130,cresc101,SLN,1,4,value,9,1,1,1,0,0,,,,,1,19420813,0,CHI11,v,CHN,0,1,0,regular,y,y,
SLN194209020,cresc101,SLN,1,6,value,27,3,6,1,1,0,,,,,1,19420902,0,STL07,h,NY1,0,1,0,regular,y,y,
SLN194209030,cresc101,SLN,1,6,value,27,2,2,0,0,0,,,,,1,19420903,0,STL07,h,NY1,1,0,0,regular,y,y,
CIN194209060,cresc101,SLN,1,4,value,6,1,2,0,0,0,,,,,0,19420906,0,CIN07,v,CIN,1,0,0,regular,y,y,
PIT194209071,cresc101,SLN,1,6,value,9,0,1,0,0,0,,,,,0,19420907,1,PIT06,v,PIT,0,1,0,regular,y,y,
PIT194209072,cresc101,SLN,1,6,value,24,3,2,1,0,0,,,,,1,19420907,2,PIT06,v,PIT,1,0,0,regular,y,y,
BSN194209170,cresc101,SLN,1,6,value,3,0,0,0,0,0,,,,,0,19420917,0,BOS08,v,BSN,1,0,0,regular,y,y,
SLN194209272,cresc101,SLN,1,4,value,27,3,3,1,1,0,,,,,1,19420927,2,STL07,h,CHN,1,0,0,regular,y,y,
