gid,id,team,p_seq,stattype,p_ipouts,p_noout,p_bfp,p_h,p_d,p_t,p_hr,p_r,p_er,p_w,p_iw,p_k,p_hbp,p_wp,p_bk,p_sh,p_sf,p_sb,p_cs,p_pb,wp,lp,save,p_gs,p_gf,p_cg,date,number,site,vishome,opp,win,loss,tie,gametype,box,pbp
CAG194104210,johnc103,KCM,2,value,,,,,,,,,,,,,,,,,,,,,,,,,1,,19410421,0,PTX01,v,CAG,1,0,0,exhibition,,
CAG194104210,walkg103,KCM,1,value,,,,,,,,,,,,,,,,,,,,,1,,,1,,,19410421,0,PTX01,v,CAG,1,0,0,exhibition,,
CAG194104210,alext101,CAG,3,value,,,,,,,,,,,,,,,,,,,,,,,,,1,,19410421,0,PTX01,h,KCM,0,1,0,exhibition,,
CAG194104210,ferrw102,CAG,1,value,,,,,,,,,,,,,,,,,,,,,,1,,1,,,19410421,0,PTX01,h,KCM,0,1,0,exhibition,,
CAG194104210,merch101,CAG,2,value,,,,,,,,,,,,,,,,,,,,,,,,,,,19410421,0,PTX01,h,KCM,0,1,0,exhibition,,
CCB194204220,alleh106,JAX,2,value,,,,,,,,,,,,,,,,,,,,,,,,,1,,19420422,0,PTX01,v,CCB,0,0,1,exhibition,,
CCB194204220,henrp101,JAX,1,value,,,,,,,,,,,,,,,,,,,,,,,,1,,,19420422,0,PTX01,v,CCB,0,0,1,exhibition,,
CCB194204220,boona101,CCB,1,value,,,,,,,,,,,,,,,,,,,,,,,,1,,,19420422,0,PTX01,h,JAX,0,0,1,exhibition,,
CCB194204220,breme101,CCB,2,value,,,,,,,,,,,,,,,,,,,,,,,,,1,,19420422,0,PTX01,h,JAX,0,0,1,exhibition,,
KCM194606180,calhf101,CVB,1,value,27,,,,,,,14,,,,,,,,,,,,,,1,,1,,1,19460618,0,PTX01,v,KCM,0,1,0,regular,,
KCM194606180,alext101,KCM,1,value,27,,,,,,,5,,,,,,,,,,,,,1,,,1,,1,19460618,0,PTX01,h,CVB,1,0,0,regular,,
