gid,event,inning,top_bot,vis_home,site,batteam,pitteam,score_v,score_h,batter,pitcher,lp,bat_f,bathand,pithand,balls,strikes,count,pitches,nump,pa,ab,single,double,triple,hr,sh,sf,hbp,walk,k,xi,roe,fc,othout,noout,oth,bip,bunt,ground,fly,line,iw,gdp,othdp,tp,fle,wp,pb,bk,oa,di,sb2,sb3,sbh,cs2,cs3,csh,pko1,pko2,pko3,k_safe,e1,e2,e3,e4,e5,e6,e7,e8,e9,outs_pre,outs_post,br1_pre,br2_pre,br3_pre,br1_post,br2_post,br3_post,lob_id1,lob_id2,lob_id3,pr1_pre,pr2_pre,pr3_pre,pr1_post,pr2_post,pr3_post,run_b,run1,run2,run3,prun_b,prun1,prun2,prun3,ur_b,ur1,ur2,ur3,rbi_b,rbi1,rbi2,rbi3,runs,rbi,er,tur,l1,l2,l3,l4,l5,l6,l7,l8,l9,lf1,lf2,lf3,lf4,lf5,lf6,lf7,lf8,lf9,f2,f3,f4,f5,f6,f7,f8,f9,po0,po1,po2,po3,po4,po5,po6,po7,po8,po9,a1,a2,a3,a4,a5,a6,a7,a8,a9,fseq,batout1,batout2,batout3,brout_b,brout1,brout2,brout3,firstf,loc,hittype,dpopp,pivot,pn,umphome,ump1b,ump2b,ump3b,umplf,umprf,date,gametype,pbp
PH5194005181,63,1,0,0,PHI17,NW2,PH5,0,0,mattf101,welmr101,1,3,L,L,?,?,??,,,1,1,0,0,0,0,0,0,0,0,0,0,0,0,1,0,1,1,0,1,0,0,0,0,0,0,0,0,0,0,0,0,0,0,0,0,0,0,0,0,0,0,0,0,0,0,0,0,0,0,0,0,1,,,,,,,,,,,,,,,,,,,,,,,,0,0,0,0,0,0,0,0,0,0,0,0,mattf101,seayd101,stone101,suttm101,pearl102,irvim101,isrec101,mackb102,mannm101,3,4,9,7,6,8,5,2,1,ruffl101,westj102,harrc104,longe101,dunnj104,parnr102,bensg101,bea-d101,0,0,0,1,0,0,0,0,0,0,0,0,0,0,0,1,0,0,0,63,6,0,0,0,0,0,0,6,3+,G,0,0,1,mccrf901,cockp101,,,,,19400518,regular,full
PH5194005181,6,1,0,0,PHI17,NW2,PH5,0,0,seayd101,welmr101,2,4,R,L,?,?,??,,,1,1,0,0,0,0,0,0,0,0,0,0,0,0,1,0,1,1,0,0,1,0,0,0,0,0,0,0,0,0,0,0,0,0,0,0,0,0,0,0,0,0,0,0,0,0,0,0,0,0,0,1,2,,,,,,,,,,,,,,,,,,,,,,,,0,0,0,0,0,0,0,0,0,0,0,0,mattf101,seayd101,stone101,suttm101,pearl102,irvim101,isrec101,mackb102,mannm101,3,4,9,7,6,8,5,2,1,ruffl101,westj102,harrc104,longe101,dunnj104,parnr102,bensg101,bea-d101,0,0,0,0,0,0,1,0,0,0,0,0,0,0,0,0,0,0,0,6,6,0,0,0,0,0,0,6,6+,F,0,0,2,mccrf901,cockp101,,,,,19400518,regular,full
PH5194005181,43,1,0,0,PHI17,NW2,PH5,0,0,stone101,welmr101,3,9,L,L,?,?,??,,,1,1,0,0,0,0,0,0,0,0,0,0,0,0,1,0,1,1,0,1,0,0,0,0,0,0,0,0,0,0,0,0,0,0,0,0,0,0,0,0,0,0,0,0,0,0,0,0,0,0,0,2,3,,,,,,,,,,,,,,,,,,,,,,,,0,0,0,0,0,0,0,0,0,0,0,0,mattf101,seayd101,stone101,suttm101,pearl102,irvim101,isrec101,mackb102,mannm101,3,4,9,7,6,8,5,2,1,ruffl101,westj102,harrc104,longe101,dunnj104,parnr102,bensg101,bea-d101,0,0,0,1,0,0,0,0,0,0,0,0,0,1,0,0,0,0,0,43,4,0,0,0,0,0,0,4,3+,G,0,0,3,mccrf901,cockp101,,,,,19400518,regular,full
PH5194005181,S7,1,1,1,PHI17,PH5,NW2,0,0,longe101,mannm101,1,5,R,R,?,?,??,,,1,1,1,0,0,0,0,0,0,0,0,0,0,0,0,0,0,1,0,0,0,0,0,0,0,0,0,0,0,0,0,0,0,0,0,0,0,0,0,0,0,0,0,0,0,0,0,0,0,0,0,0,0,,,,longe101,,,,,,,,,mannm101,,,,,,,,,,,0,0,0,0,0,0,0,0,0,0,0,0,longe101,parnr102,dunnj104,bensg101,westj102,bea-d101,harrc104,ruffl101,welmr101,5,7,6,8,3,9,4,2,1,mackb102,mattf101,seayd101,isrec101,pearl102,suttm101,irvim101,stone101,0,0,0,0,0,0,0,0,0,0,0,0,0,0,0,0,0,0,0,,0,0,0,0,0,0,0,7,7+,,0,0,4,mccrf901,cockp101,,,,,19400518,regular,full
PH5194005181,D.1-3,1,1,1,PHI17,PH5,NW2,0,0,parnr102,mannm101,2,7,R,R,?,?,??,,,1,1,0,1,0,0,0,0,0,0,0,0,0,0,0,0,0,1,0,0,0,0,0,0,0,0,0,0,0,0,0,0,0,0,0,0,0,0,0,0,0,0,0,0,0,0,0,0,0,0,0,0,0,longe101,,,,parnr102,longe101,,,,mannm101,,,,mannm101,mannm101,,,,,,,,,0,0,0,0,0,0,0,0,0,0,0,0,longe101,parnr102,dunnj104,bensg101,westj102,bea-d101,harrc104,ruffl101,welmr101,5,7,6,8,3,9,4,2,1,mackb102,mattf101,seayd101,isrec101,pearl102,suttm101,irvim101,stone101,0,0,0,0,0,0,0,0,0,0,0,0,0,0,0,0,0,0,0,,0,0,0,0,0,0,0,0,,,0,0,5,mccrf901,cockp101,,,,,19400518,regular,full
PH5194005181,63.3-H,1,1,1,PHI17,PH5,NW2,0,0,dunnj104,mannm101,3,6,R,R,?,?,??,,,1,1,0,0,0,0,0,0,0,0,0,0,0,0,1,0,1,1,0,1,0,0,0,0,0,0,0,0,0,0,0,0,0,0,0,0,0,0,0,0,0,0,0,0,0,0,0,0,0,0,0,0,1,,parnr102,longe101,,parnr102,,,,,,mannm101,mannm101,,mannm101,,,,,longe101,,,,mannm101,0,0,0,0,0,0,0,1,1,1,1,0,longe101,parnr102,dunnj104,bensg101,westj102,bea-d101,harrc104,ruffl101,welmr101,5,7,6,8,3,9,4,2,1,mackb102,mattf101,seayd101,isrec101,pearl102,suttm101,irvim101,stone101,0,0,0,1,0,0,0,0,0,0,0,0,0,0,0,1,0,0,0,63,6,0,0,0,0,0,0,6,3+,G,0,0,6,mccrf901,cockp101,,,,,19400518,regular,full
PH5194005181,D9.2-H,1,1,1,PHI17,PH5,NW2,0,1,bensg101,mannm101,4,8,L,R,?,?,??,,,1,1,0,1,0,0,0,0,0,0,0,0,0,0,0,0,0,1,0,0,0,0,0,0,0,0,0,0,0,0,0,0,0,0,0,0,0,0,0,0,0,0,0,0,0,0,0,0,0,0,0,1,1,,parnr102,,,bensg101,,,,,,mannm101,,,mannm101,,,,parnr102,,,,mannm101,,0,0,0,0,0,0,1,0,1,1,1,0,longe101,parnr102,dunnj104,bensg101,westj102,bea-d101,harrc104,ruffl101,welmr101,5,7,6,8,3,9,4,2,1,mackb102,mattf101,seayd101,isrec101,pearl102,suttm101,irvim101,stone101,0,0,0,0,0,0,0,0,0,0,0,0,0,0,0,0,0,0,0,,0,0,0,0,0,0,0,9,9+,,0,0,7,mccrf901,cockp101,,,,,19400518,regular,full
PH5194005181,8,1,1,1,PHI17,PH5,NW2,0,2,westj102,mannm101,5,3,B,R,?,?,??,,,1,1,0,0,0,0,0,0,0,0,0,0,0,0,1,0,1,1,0,0,1,0,0,0,0,0,0,0,0,0,0,0,0,0,0,0,0,0,0,0,0,0,0,0,0,0,0,0,0,0,0,1,2,,bensg101,,,bensg101,,,,,,mannm101,,,mannm101,,,,,,,,,,0,0,0,0,0,0,0,0,0,0,0,0,longe101,parnr102,dunnj104,bensg101,westj102,bea-d101,harrc104,ruffl101,welmr101,5,7,6,8,3,9,4,2,1,mackb102,mattf101,seayd101,isrec101,pearl102,suttm101,irvim101,stone101,0,0,0,0,0,0,0,0,1,0,0,0,0,0,0,0,0,0,0,8,8,0,0,0,0,0,0,8,8+,F,0,0,8,mccrf901,cockp101,,,,,19400518,regular,full
PH5194005181,K,1,1,1,PHI17,PH5,NW2,0,2,bea-d101,mannm101,6,9,?,R,?,?,??,,,1,1,0,0,0,0,0,0,0,0,1,0,0,0,0,0,0,0,0,0,0,0,0,0,0,0,0,0,0,0,0,0,0,0,0,0,0,0,0,0,0,0,0,0,0,0,0,0,0,0,0,2,3,,bensg101,,,,,bensg101,,,,mannm101,,,,,,,,,,,,,0,0,0,0,0,0,0,0,0,0,0,0,longe101,parnr102,dunnj104,bensg101,westj102,bea-d101,harrc104,ruffl101,welmr101,5,7,6,8,3,9,4,2,1,mackb102,mattf101,seayd101,isrec101,pearl102,suttm101,irvim101,stone101,0,0,1,0,0,0,0,0,0,0,0,0,0,0,0,0,0,0,0,2,0,0,0,0,0,0,0,0,,,0,0,9,mccrf901,cockp101,,,,,19400518,regular,full
PH5194005181,E4,2,0,0,PHI17,NW2,PH5,0,2,suttm101,welmr101,4,7,R,L,?,?,??,,,1,1,0,0,0,0,0,0,0,0,0,0,1,0,0,0,0,1,0,1,0,0,0,0,0,0,0,0,0,0,0,0,0,0,0,0,0,0,0,0,0,0,0,0,0,1,0,0,0,0,0,0,0,,,,suttm101,,,,,,,,,welmr101,,,,,,,,,,,0,0,0,0,0,0,0,0,0,0,0,0,mattf101,seayd101,stone101,suttm101,pearl102,irvim101,isrec101,mackb102,mannm101,3,4,9,7,6,8,5,2,1,ruffl101,westj102,harrc104,longe101,dunnj104,parnr102,bensg101,bea-d101,0,0,0,0,0,0,0,0,0,0,0,0,0,0,0,0,0,0,0,,0,0,0,0,0,0,0,4,4+,G,0,0,10,mccrf901,cockp101,,,,,19400518,regular,full
PH5194005181,E6.1-2,2,0,0,PHI17,NW2,PH5,0,2,pearl102,welmr101,5,6,R,L,?,?,??,,,1,1,0,0,0,0,0,0,0,0,0,0,1,0,0,0,0,1,0,1,0,0,0,0,0,0,0,0,0,0,0,0,0,0,0,0,0,0,0,0,0,0,0,0,0,0,0,1,0,0,0,0,0,suttm101,,,pearl102,suttm101,,,,,welmr101,,,welmr101,welmr101,,,,,,,,,,0,0,0,0,0,0,0,0,0,0,0,0,mattf101,seayd101,stone101,suttm101,pearl102,irvim101,isrec101,mackb102,mannm101,3,4,9,7,6,8,5,2,1,ruffl101,westj102,harrc104,longe101,dunnj104,parnr102,bensg101,bea-d101,0,0,0,0,0,0,0,0,0,0,0,0,0,0,0,0,0,0,0,,0,0,0,0,0,0,0,6,6+,G,0,0,11,mccrf901,cockp101,,,,,19400518,regular,full
PH5194005181,D.2-H(UR);1-3#,2,0,0,PHI17,NW2,PH5,0,2,irvim101,welmr101,6,8,R,L,?,?,??,,,1,1,0,1,0,0,0,0,0,0,0,0,0,0,0,0,0,1,0,0,0,0,0,0,0,0,0,0,0,0,0,0,0,0,0,0,0,0,0,0,0,0,0,0,0,0,0,0,0,0,0,0,0,pearl102,suttm101,,,irvim101,pearl102,,,,welmr101,welmr101,,,welmr101,welmr101,,,suttm101,,,,welmr101,,0,0,1,0,0,0,1,0,1,1,0,0,mattf101,seayd101,stone101,suttm101,pearl102,irvim101,isrec101,mackb102,mannm101,3,4,9,7,6,8,5,2,1,ruffl101,westj102,harrc104,longe101,dunnj104,parnr102,bensg101,bea-d101,0,0,0,0,0,0,0,0,0,0,0,0,0,0,0,0,0,0,0,,0,0,0,0,0,0,0,0,,,0,0,12,mccrf901,cockp101,,,,,19400518,regular,full
PH5194005181,8/F.3-H(UR)#,2,0,0,PHI17,NW2,PH5,1,2,isrec101,welmr101,7,5,R,L,?,?,??,,,1,1,0,0,0,0,0,0,0,0,0,0,0,0,1,0,1,1,0,0,1,0,0,0,0,0,0,0,0,0,0,0,0,0,0,0,0,0,0,0,0,0,0,0,0,0,0,0,0,0,0,0,1,,irvim101,pearl102,,irvim101,,,,,,welmr101,welmr101,,welmr101,,,,,pearl102,,,,welmr101,0,0,0,1,0,0,0,1,1,1,0,0,mattf101,seayd101,stone101,suttm101,pearl102,irvim101,isrec101,mackb102,mannm101,3,4,9,7,6,8,5,2,1,ruffl101,westj102,harrc104,longe101,dunnj104,parnr102,bensg101,bea-d101,0,0,0,0,0,0,0,0,1,0,0,0,0,0,0,0,0,0,0,8,8,0,0,0,0,0,0,8,,F,0,0,13,mccrf901,cockp101,,,,,19400518,regular,full
PH5194005181,9,2,0,0,PHI17,NW2,PH5,2,2,mackb102,welmr101,8,2,B,L,?,?,??,,,1,1,0,0,0,0,0,0,0,0,0,0,0,0,1,0,1,1,0,0,1,0,0,0,0,0,0,0,0,0,0,0,0,0,0,0,0,0,0,0,0,0,0,0,0,0,0,0,0,0,0,1,2,,irvim101,,,irvim101,,,,,,welmr101,,,welmr101,,,,,,,,,,0,0,0,0,0,0,0,0,0,0,0,0,mattf101,seayd101,stone101,suttm101,pearl102,irvim101,isrec101,mackb102,mannm101,3,4,9,7,6,8,5,2,1,ruffl101,westj102,harrc104,longe101,dunnj104,parnr102,bensg101,bea-d101,0,0,0,0,0,0,0,0,0,1,0,0,0,0,0,0,0,0,0,9,9,0,0,0,0,0,0,9,9+,F,0,0,14,mccrf901,cockp101,,,,,19400518,regular,full
PH5194005181,3/G,2,0,0,PHI17,NW2,PH5,2,2,mannm101,welmr101,9,1,R,L,?,?,??,,,1,1,0,0,0,0,0,0,0,0,0,0,0,0,1,0,1,1,0,1,0,0,0,0,0,0,0,0,0,0,0,0,0,0,0,0,0,0,0,0,0,0,0,0,0,0,0,0,0,0,0,2,3,,irvim101,,,,,irvim101,,,,welmr101,,,,,,,,,,,,,0,0,0,0,0,0,0,0,0,0,0,0,mattf101,seayd101,stone101,suttm101,pearl102,irvim101,isrec101,mackb102,mannm101,3,4,9,7,6,8,5,2,1,ruffl101,westj102,harrc104,longe101,dunnj104,parnr102,bensg101,bea-d101,0,0,0,1,0,0,0,0,0,0,0,0,0,0,0,0,0,0,0,3,3,0,0,0,0,0,0,3,,G,0,0,15,mccrf901,cockp101,,,,,19400518,regular,full
PH5194005181,43,2,1,1,PHI17,PH5,NW2,2,2,harrc104,mannm101,7,4,R,R,?,?,??,,,1,1,0,0,0,0,0,0,0,0,0,0,0,0,1,0,1,1,0,1,0,0,0,0,0,0,0,0,0,0,0,0,0,0,0,0,0,0,0,0,0,0,0,0,0,0,0,0,0,0,0,0,1,,,,,,,,,,,,,,,,,,,,,,,,0,0,0,0,0,0,0,0,0,0,0,0,longe101,parnr102,dunnj104,bensg101,westj102,bea-d101,harrc104,ruffl101,welmr101,5,7,6,8,3,9,4,2,1,mackb102,mattf101,seayd101,isrec101,pearl102,suttm101,irvim101,stone101,0,0,0,1,0,0,0,0,0,0,0,0,0,1,0,0,0,0,0,43,4,0,0,0,0,0,0,4,3+,G,0,0,16,mccrf901,cockp101,,,,,19400518,regular,full
PH5194005181,63,2,1,1,PHI17,PH5,NW2,2,2,ruffl101,mannm101,8,2,R,R,?,?,??,,,1,1,0,0,0,0,0,0,0,0,0,0,0,0,1,0,1,1,0,1,0,0,0,0,0,0,0,0,0,0,0,0,0,0,0,0,0,0,0,0,0,0,0,0,0,0,0,0,0,0,0,1,2,,,,,,,,,,,,,,,,,,,,,,,,0,0,0,0,0,0,0,0,0,0,0,0,longe101,parnr102,dunnj104,bensg101,westj102,bea-d101,harrc104,ruffl101,welmr101,5,7,6,8,3,9,4,2,1,mackb102,mattf101,seayd101,isrec101,pearl102,suttm101,irvim101,stone101,0,0,0,1,0,0,0,0,0,0,0,0,0,0,0,1,0,0,0,63,6,0,0,0,0,0,0,6,3+,G,0,0,17,mccrf901,cockp101,,,,,19400518,regular,full
PH5194005181,8,2,1,1,PHI17,PH5,NW2,2,2,welmr101,mannm101,9,1,B,R,?,?,??,,,1,1,0,0,0,0,0,0,0,0,0,0,0,0,1,0,1,1,0,0,1,0,0,0,0,0,0,0,0,0,0,0,0,0,0,0,0,0,0,0,0,0,0,0,0,0,0,0,0,0,0,2,3,,,,,,,,,,,,,,,,,,,,,,,,0,0,0,0,0,0,0,0,0,0,0,0,longe101,parnr102,dunnj104,bensg101,westj102,bea-d101,harrc104,ruffl101,welmr101,5,7,6,8,3,9,4,2,1,mackb102,mattf101,seayd101,isrec101,pearl102,suttm101,irvim101,stone101,0,0,0,0,0,0,0,0,1,0,0,0,0,0,0,0,0,0,0,8,8,0,0,0,0,0,0,8,8+,F,0,0,18,mccrf901,cockp101,,,,,19400518,regular,full
PH5194005181,S8,3,0,0,PHI17,NW2,PH5,2,2,mattf101,welmr101,1,3,L,L,?,?,??,,,1,1,1,0,0,0,0,0,0,0,0,0,0,0,0,0,0,1,0,0,0,0,0,0,0,0,0,0,0,0,0,0,0,0,0,0,0,0,0,0,0,0,0,0,0,0,0,0,0,0,0,0,0,,,,mattf101,,,,,,,,,welmr101,,,,,,,,,,,0,0,0,0,0,0,0,0,0,0,0,0,mattf101,seayd101,stone101,suttm101,pearl102,irvim101,isrec101,mackb102,mannm101,3,4,9,7,6,8,5,2,1,ruffl101,westj102,harrc104,longe101,dunnj104,parnr102,bensg101,bea-d101,0,0,0,0,0,0,0,0,0,0,0,0,0,0,0,0,0,0,0,,0,0,0,0,0,0,0,8,8+,,0,0,19,mccrf901,cockp101,,,,,19400518,regular,full
PH5194005181,HR/7.1-H,3,0,0,PHI17,NW2,PH5,2,2,seayd101,welmr101,2,4,R,L,?,?,??,,,1,1,0,0,0,1,0,0,0,0,0,0,0,0,0,0,0,0,0,0,0,0,0,0,0,0,0,0,0,0,0,0,0,0,0,0,0,0,0,0,0,0,0,0,0,0,0,0,0,0,0,0,0,mattf101,,,,,,,,,welmr101,,,,,,seayd101,mattf101,,,welmr101,welmr101,,,0,0,0,0,1,1,0,0,2,2,2,0,mattf101,seayd101,stone101,suttm101,pearl102,irvim101,isrec101,mackb102,mannm101,3,4,9,7,6,8,5,2,1,ruffl101,westj102,harrc104,longe101,dunnj104,parnr102,bensg101,bea-d101,0,0,0,0,0,0,0,0,0,0,0,0,0,0,0,0,0,0,0,,0,0,0,0,0,0,0,0,,,0,0,20,mccrf901,cockp101,,,,,19400518,regular,full
PH5194005181,8,3,0,0,PHI17,NW2,PH5,4,2,stone101,welmr101,3,9,L,L,?,?,??,,,1,1,0,0,0,0,0,0,0,0,0,0,0,0,1,0,1,1,0,0,1,0,0,0,0,0,0,0,0,0,0,0,0,0,0,0,0,0,0,0,0,0,0,0,0,0,0,0,0,0,0,0,1,,,,,,,,,,,,,,,,,,,,,,,,0,0,0,0,0,0,0,0,0,0,0,0,mattf101,seayd101,stone101,suttm101,pearl102,irvim101,isrec101,mackb102,mannm101,3,4,9,7,6,8,5,2,1,ruffl101,westj102,harrc104,longe101,dunnj104,parnr102,bensg101,bea-d101,0,0,0,0,0,0,0,0,1,0,0,0,0,0,0,0,0,0,0,8,8,0,0,0,0,0,0,8,8+,F,0,0,21,mccrf901,cockp101,,,,,19400518,regular,full
PH5194005181,S,3,0,0,PHI17,NW2,PH5,4,2,suttm101,welmr101,4,7,R,L,?,?,??,,,1,1,1,0,0,0,0,0,0,0,0,0,0,0,0,0,0,1,0,0,0,0,0,0,0,0,0,0,0,0,0,0,0,0,0,0,0,0,0,0,0,0,0,0,0,0,0,0,0,0,0,1,1,,,,suttm101,,,,,,,,,welmr101,,,,,,,,,,,0,0,0,0,0,0,0,0,0,0,0,0,mattf101,seayd101,stone101,suttm101,pearl102,irvim101,isrec101,mackb102,mannm101,3,4,9,7,6,8,5,2,1,ruffl101,westj102,harrc104,longe101,dunnj104,parnr102,bensg101,bea-d101,0,0,0,0,0,0,0,0,0,0,0,0,0,0,0,0,0,0,0,,0,0,0,0,0,0,0,0,,,0,0,22,mccrf901,cockp101,,,,,19400518,regular,full
PH5194005181,T7.1-H,3,0,0,PHI17,NW2,PH5,4,2,pearl102,welmr101,5,6,R,L,?,?,??,,,1,1,0,0,1,0,0,0,0,0,0,0,0,0,0,0,0,1,0,0,0,0,0,0,0,0,0,0,0,0,0,0,0,0,0,0,0,0,0,0,0,0,0,0,0,0,0,0,0,0,0,1,1,suttm101,,,,,pearl102,,,,welmr101,,,,,welmr101,,suttm101,,,,welmr101,,,0,0,0,0,0,1,0,0,1,1,1,0,mattf101,seayd101,stone101,suttm101,pearl102,irvim101,isrec101,mackb102,mannm101,3,4,9,7,6,8,5,2,1,ruffl101,westj102,harrc104,longe101,dunnj104,parnr102,bensg101,bea-d101,0,0,0,0,0,0,0,0,0,0,0,0,0,0,0,0,0,0,0,,0,0,0,0,0,0,0,7,7+,,0,0,23,mccrf901,cockp101,,,,,19400518,regular,full
PH5194005181,99/F.3-H#,3,0,0,PHI17,NW2,PH5,5,2,irvim101,millh104,6,8,R,R,?,?,??,,,1,1,0,0,0,0,0,0,0,0,0,0,0,0,1,0,1,1,0,0,1,0,0,0,0,0,0,0,0,0,0,0,0,0,0,0,0,0,0,0,0,0,0,0,0,0,0,0,0,0,0,1,2,,,pearl102,,,,,,,,,welmr101,,,,,,,pearl102,,,,welmr101,0,0,0,0,0,0,0,1,1,1,1,0,mattf101,seayd101,stone101,suttm101,pearl102,irvim101,isrec101,mackb102,mannm101,3,4,9,7,6,8,5,2,1,ruffl101,westj102,harrc104,longe101,dunnj104,parnr102,bensg101,bea-d101,1,0,0,0,0,0,0,0,0,0,0,0,0,0,0,0,0,0,0,0,0,0,0,0,0,0,0,0,,F,0,0,24,mccrf901,cockp101,,,,,19400518,regular,full
PH5194005181,99,3,0,0,PHI17,NW2,PH5,6,2,isrec101,millh104,7,5,R,R,?,?,??,,,1,1,0,0,0,0,0,0,0,0,0,0,0,0,1,0,1,1,0,0,0,0,0,0,0,0,0,0,0,0,0,0,0,0,0,0,0,0,0,0,0,0,0,0,0,0,0,0,0,0,0,2,3,,,,,,,,,,,,,,,,,,,,,,,,0,0,0,0,0,0,0,0,0,0,0,0,mattf101,seayd101,stone101,suttm101,pearl102,irvim101,isrec101,mackb102,mannm101,3,4,9,7,6,8,5,2,1,ruffl101,westj102,harrc104,longe101,dunnj104,parnr102,bensg101,bea-d101,1,0,0,0,0,0,0,0,0,0,0,0,0,0,0,0,0,0,0,0,0,0,0,0,0,0,0,0,,,0,0,25,mccrf901,cockp101,,,,,19400518,regular,full
PH5194005181,13,3,1,1,PHI17,PH5,NW2,6,2,longe101,mannm101,1,5,R,R,?,?,??,,,1,1,0,0,0,0,0,0,0,0,0,0,0,0,1,0,1,1,0,1,0,0,0,0,0,0,0,0,0,0,0,0,0,0,0,0,0,0,0,0,0,0,0,0,0,0,0,0,0,0,0,0,1,,,,,,,,,,,,,,,,,,,,,,,,0,0,0,0,0,0,0,0,0,0,0,0,longe101,parnr102,dunnj104,bensg101,westj102,bea-d101,harrc104,ruffl101,millh104,5,7,6,8,3,9,4,2,1,mackb102,mattf101,seayd101,isrec101,pearl102,suttm101,irvim101,stone101,0,0,0,1,0,0,0,0,0,0,1,0,0,0,0,0,0,0,0,13,1,0,0,0,0,0,0,1,13+,G,0,0,26,mccrf901,cockp101,,,,,19400518,regular,full
PH5194005181,43,3,1,1,PHI17,PH5,NW2,6,2,parnr102,mannm101,2,7,R,R,?,?,??,,,1,1,0,0,0,0,0,0,0,0,0,0,0,0,1,0,1,1,0,1,0,0,0,0,0,0,0,0,0,0,0,0,0,0,0,0,0,0,0,0,0,0,0,0,0,0,0,0,0,0,0,1,2,,,,,,,,,,,,,,,,,,,,,,,,0,0,0,0,0,0,0,0,0,0,0,0,longe101,parnr102,dunnj104,bensg101,westj102,bea-d101,harrc104,ruffl101,millh104,5,7,6,8,3,9,4,2,1,mackb102,mattf101,seayd101,isrec101,pearl102,suttm101,irvim101,stone101,0,0,0,1,0,0,0,0,0,0,0,0,0,1,0,0,0,0,0,43,4,0,0,0,0,0,0,4,3+,G,0,0,27,mccrf901,cockp101,,,,,19400518,regular,full
PH5194005181,K,3,1,1,PHI17,PH5,NW2,6,2,dunnj104,mannm101,3,6,R,R,?,?,??,,,1,1,0,0,0,0,0,0,0,0,1,0,0,0,0,0,0,0,0,0,0,0,0,0,0,0,0,0,0,0,0,0,0,0,0,0,0,0,0,0,0,0,0,0,0,0,0,0,0,0,0,2,3,,,,,,,,,,,,,,,,,,,,,,,,0,0,0,0,0,0,0,0,0,0,0,0,longe101,parnr102,dunnj104,bensg101,westj102,bea-d101,harrc104,ruffl101,millh104,5,7,6,8,3,9,4,2,1,mackb102,mattf101,seayd101,isrec101,pearl102,suttm101,irvim101,stone101,0,0,1,0,0,0,0,0,0,0,0,0,0,0,0,0,0,0,0,2,0,0,0,0,0,0,0,0,,,0,0,28,mccrf901,cockp101,,,,,19400518,regular,full
PH5194005181,S7,4,0,0,PHI17,NW2,PH5,6,2,mackb102,millh104,8,2,B,R,?,?,??,,,1,1,1,0,0,0,0,0,0,0,0,0,0,0,0,0,0,1,0,0,0,0,0,0,0,0,0,0,0,0,0,0,0,0,0,0,0,0,0,0,0,0,0,0,0,0,0,0,0,0,0,0,0,,,,mackb102,,,,,,,,,millh104,,,,,,,,,,,0,0,0,0,0,0,0,0,0,0,0,0,mattf101,seayd101,stone101,suttm101,pearl102,irvim101,isrec101,mackb102,mannm101,3,4,9,7,6,8,5,2,1,ruffl101,westj102,harrc104,longe101,dunnj104,parnr102,bensg101,bea-d101,0,0,0,0,0,0,0,0,0,0,0,0,0,0,0,0,0,0,0,,0,0,0,0,0,0,0,7,7+,,0,0,29,mccrf901,cockp101,,,,,19400518,regular,full
PH5194005181,99(1)/FO,4,0,0,PHI17,NW2,PH5,6,2,mannm101,millh104,9,1,R,R,?,?,??,,,1,1,0,0,0,0,0,0,0,0,0,0,0,0,1,0,1,1,0,1,0,0,0,0,0,0,0,0,0,0,0,0,0,0,0,0,0,0,0,0,0,0,0,0,0,0,0,0,0,0,0,0,1,mackb102,,,mannm101,,,,,,millh104,,,millh104,,,,,,,,,,,0,0,0,0,0,0,0,0,0,0,0,0,mattf101,seayd101,stone101,suttm101,pearl102,irvim101,isrec101,mackb102,mannm101,3,4,9,7,6,8,5,2,1,ruffl101,westj102,harrc104,longe101,dunnj104,parnr102,bensg101,bea-d101,1,0,0,0,0,0,0,0,0,0,0,0,0,0,0,0,0,0,0,0,0,0,0,0,0,0,0,0,,G,1,0,30,mccrf901,cockp101,,,,,19400518,regular,full
PH5194005181,36(1)3/GDP,4,0,0,PHI17,NW2,PH5,6,2,mattf101,millh104,1,3,L,R,?,?,??,,,1,1,0,0,0,0,0,0,0,0,0,0,0,0,1,0,1,1,0,1,0,0,0,1,0,0,0,0,0,0,0,0,0,0,0,0,0,0,0,0,0,0,0,0,0,0,0,0,0,0,0,1,3,mannm101,,,,,,,,,millh104,,,,,,,,,,,,,,0,0,0,0,0,0,0,0,0,0,0,0,mattf101,seayd101,stone101,suttm101,pearl102,irvim101,isrec101,mackb102,mannm101,3,4,9,7,6,8,5,2,1,ruffl101,westj102,harrc104,longe101,dunnj104,parnr102,bensg101,bea-d101,0,0,0,1,0,0,1,0,0,0,0,0,1,0,0,1,0,0,0,363,3,6,0,0,0,0,0,3,,G,1,6,31,mccrf901,cockp101,,,,,19400518,regular,full
PH5194005181,S7,4,1,1,PHI17,PH5,NW2,6,2,bensg101,mannm101,4,8,L,R,?,?,??,,,1,1,1,0,0,0,0,0,0,0,0,0,0,0,0,0,0,1,0,0,0,0,0,0,0,0,0,0,0,0,0,0,0,0,0,0,0,0,0,0,0,0,0,0,0,0,0,0,0,0,0,0,0,,,,bensg101,,,,,,,,,mannm101,,,,,,,,,,,0,0,0,0,0,0,0,0,0,0,0,0,longe101,parnr102,dunnj104,bensg101,westj102,bea-d101,harrc104,ruffl101,millh104,5,7,6,8,3,9,4,2,1,mackb102,mattf101,seayd101,isrec101,pearl102,suttm101,irvim101,stone101,0,0,0,0,0,0,0,0,0,0,0,0,0,0,0,0,0,0,0,,0,0,0,0,0,0,0,7,7+,,0,0,32,mccrf901,cockp101,,,,,19400518,regular,full
PH5194005181,HP.1-2,4,1,1,PHI17,PH5,NW2,6,2,westj102,mannm101,5,3,B,R,?,?,??,,,1,0,0,0,0,0,0,0,1,0,0,0,0,0,0,0,0,0,0,0,0,0,0,0,0,0,0,0,0,0,0,0,0,0,0,0,0,0,0,0,0,0,0,0,0,0,0,0,0,0,0,0,0,bensg101,,,westj102,bensg101,,,,,mannm101,,,mannm101,mannm101,,,,,,,,,,0,0,0,0,0,0,0,0,0,0,0,0,longe101,parnr102,dunnj104,bensg101,westj102,bea-d101,harrc104,ruffl101,millh104,5,7,6,8,3,9,4,2,1,mackb102,mattf101,seayd101,isrec101,pearl102,suttm101,irvim101,stone101,0,0,0,0,0,0,0,0,0,0,0,0,0,0,0,0,0,0,0,,0,0,0,0,0,0,0,0,,,0,0,33,mccrf901,cockp101,,,,,19400518,regular,full
PH5194005181,99(1)/FO.2-3,4,1,1,PHI17,PH5,NW2,6,2,bea-d101,mannm101,6,9,?,R,?,?,??,,,1,1,0,0,0,0,0,0,0,0,0,0,0,0,1,0,1,1,0,1,0,0,0,0,0,0,0,0,0,0,0,0,0,0,0,0,0,0,0,0,0,0,0,0,0,0,0,0,0,0,0,0,1,westj102,bensg101,,bea-d101,,bensg101,,,,mannm101,mannm101,,mannm101,,mannm101,,,,,,,,,0,0,0,0,0,0,0,0,0,0,0,0,longe101,parnr102,dunnj104,bensg101,westj102,bea-d101,harrc104,ruffl101,millh104,5,7,6,8,3,9,4,2,1,mackb102,mattf101,seayd101,isrec101,pearl102,suttm101,irvim101,stone101,1,0,0,0,0,0,0,0,0,0,0,0,0,0,0,0,0,0,0,0,0,0,0,0,0,0,0,0,,G,1,0,34,mccrf901,cockp101,,,,,19400518,regular,full
PH5194005181,99(1)/FO.3-H,4,1,1,PHI17,PH5,NW2,6,2,harrc104,mannm101,7,4,R,R,?,?,??,,,1,1,0,0,0,0,0,0,0,0,0,0,0,0,1,0,1,1,0,1,0,0,0,0,0,0,0,0,0,0,0,0,0,0,0,0,0,0,0,0,0,0,0,0,0,0,0,0,0,0,0,1,2,bea-d101,,bensg101,harrc104,,,,,,mannm101,,mannm101,mannm101,,,,,,bensg101,,,,mannm101,0,0,0,0,0,0,0,1,1,1,1,0,longe101,parnr102,dunnj104,bensg101,westj102,bea-d101,harrc104,ruffl101,millh104,5,7,6,8,3,9,4,2,1,mackb102,mattf101,seayd101,isrec101,pearl102,suttm101,irvim101,stone101,1,0,0,0,0,0,0,0,0,0,0,0,0,0,0,0,0,0,0,0,0,0,0,0,0,0,0,0,,G,1,0,35,mccrf901,cockp101,,,,,19400518,regular,full
PH5194005181,4,4,1,1,PHI17,PH5,NW2,6,3,ruffl101,mannm101,8,2,R,R,?,?,??,,,1,1,0,0,0,0,0,0,0,0,0,0,0,0,1,0,1,1,0,0,1,0,0,0,0,0,0,0,0,0,0,0,0,0,0,0,0,0,0,0,0,0,0,0,0,0,0,0,0,0,0,2,3,harrc104,,,,,,harrc104,,,mannm101,,,,,,,,,,,,,,0,0,0,0,0,0,0,0,0,0,0,0,longe101,parnr102,dunnj104,bensg101,westj102,bea-d101,harrc104,ruffl101,millh104,5,7,6,8,3,9,4,2,1,mackb102,mattf101,seayd101,isrec101,pearl102,suttm101,irvim101,stone101,0,0,0,0,1,0,0,0,0,0,0,0,0,0,0,0,0,0,0,4,4,0,0,0,0,0,0,4,4+,F,0,0,36,mccrf901,cockp101,,,,,19400518,regular,full
PH5194005181,S9,5,0,0,PHI17,NW2,PH5,6,3,seayd101,millh104,2,4,R,R,?,?,??,,,1,1,1,0,0,0,0,0,0,0,0,0,0,0,0,0,0,1,0,0,0,0,0,0,0,0,0,0,0,0,0,0,0,0,0,0,0,0,0,0,0,0,0,0,0,0,0,0,0,0,0,0,0,,,,seayd101,,,,,,,,,millh104,,,,,,,,,,,0,0,0,0,0,0,0,0,0,0,0,0,mattf101,seayd101,stone101,suttm101,pearl102,irvim101,isrec101,mackb102,mannm101,3,4,9,7,6,8,5,2,1,ruffl101,westj102,harrc104,longe101,dunnj104,parnr102,bensg101,bea-d101,0,0,0,0,0,0,0,0,0,0,0,0,0,0,0,0,0,0,0,,0,0,0,0,0,0,0,9,9+,,0,0,37,mccrf901,cockp101,,,,,19400518,regular,full
PH5194005181,S9.1-3,5,0,0,PHI17,NW2,PH5,6,3,stone101,millh104,3,9,L,R,?,?,??,,,1,1,1,0,0,0,0,0,0,0,0,0,0,0,0,0,0,1,0,0,0,0,0,0,0,0,0,0,0,0,0,0,0,0,0,0,0,0,0,0,0,0,0,0,0,0,0,0,0,0,0,0,0,seayd101,,,stone101,,seayd101,,,,millh104,,,millh104,,millh104,,,,,,,,,0,0,0,0,0,0,0,0,0,0,0,0,mattf101,seayd101,stone101,suttm101,pearl102,irvim101,isrec101,mackb102,mannm101,3,4,9,7,6,8,5,2,1,ruffl101,westj102,harrc104,longe101,dunnj104,parnr102,bensg101,bea-d101,0,0,0,0,0,0,0,0,0,0,0,0,0,0,0,0,0,0,0,,0,0,0,0,0,0,0,9,9+,,0,0,38,mccrf901,cockp101,,,,,19400518,regular,full
PH5194005181,8.3-H,5,0,0,PHI17,NW2,PH5,6,3,suttm101,millh104,4,7,R,R,?,?,??,,,1,1,0,0,0,0,0,0,0,0,0,0,0,0,1,0,1,1,0,0,1,0,0,0,0,0,0,0,0,0,0,0,0,0,0,0,0,0,0,0,0,0,0,0,0,0,0,0,0,0,0,0,1,stone101,,seayd101,stone101,,,,,,millh104,,millh104,millh104,,,,,,seayd101,,,,millh104,0,0,0,0,0,0,0,1,1,1,1,0,mattf101,seayd101,stone101,suttm101,pearl102,irvim101,isrec101,mackb102,mannm101,3,4,9,7,6,8,5,2,1,ruffl101,westj102,harrc104,longe101,dunnj104,parnr102,bensg101,bea-d101,0,0,0,0,0,0,0,0,1,0,0,0,0,0,0,0,0,0,0,8,8,0,0,0,0,0,0,8,8+,F,0,0,39,mccrf901,cockp101,,,,,19400518,regular,full
PH5194005181,SB2,5,0,0,PHI17,NW2,PH5,7,3,pearl102,millh104,5,6,R,R,?,?,??,,,0,0,0,0,0,0,0,0,0,0,0,0,0,0,0,0,0,0,0,0,0,0,0,0,0,0,0,0,0,0,0,0,1,0,0,0,0,0,0,0,0,0,0,0,0,0,0,0,0,0,0,1,1,stone101,,,,stone101,,,,,millh104,,,,millh104,,,,,,,,,,0,0,0,0,0,0,0,0,0,0,0,0,mattf101,seayd101,stone101,suttm101,pearl102,irvim101,isrec101,mackb102,mannm101,3,4,9,7,6,8,5,2,1,ruffl101,westj102,harrc104,longe101,dunnj104,parnr102,bensg101,bea-d101,0,0,0,0,0,0,0,0,0,0,0,0,0,0,0,0,0,0,0,,0,0,0,0,0,0,0,0,,,0,0,40,mccrf901,cockp101,,,,,19400518,regular,full
PH5194005181,K,5,0,0,PHI17,NW2,PH5,7,3,pearl102,millh104,5,6,R,R,?,?,??,,,1,1,0,0,0,0,0,0,0,0,1,0,0,0,0,0,0,0,0,0,0,0,0,0,0,0,0,0,0,0,0,0,0,0,0,0,0,0,0,0,0,0,0,0,0,0,0,0,0,0,0,1,2,,stone101,,,stone101,,,,,,millh104,,,millh104,,,,,,,,,,0,0,0,0,0,0,0,0,0,0,0,0,mattf101,seayd101,stone101,suttm101,pearl102,irvim101,isrec101,mackb102,mannm101,3,4,9,7,6,8,5,2,1,ruffl101,westj102,harrc104,longe101,dunnj104,parnr102,bensg101,bea-d101,0,0,1,0,0,0,0,0,0,0,0,0,0,0,0,0,0,0,0,2,0,0,0,0,0,0,0,0,,,0,0,41,mccrf901,cockp101,,,,,19400518,regular,full
PH5194005181,8,5,0,0,PHI17,NW2,PH5,7,3,irvim101,millh104,6,8,R,R,?,?,??,,,1,1,0,0,0,0,0,0,0,0,0,0,0,0,1,0,1,1,0,0,1,0,0,0,0,0,0,0,0,0,0,0,0,0,0,0,0,0,0,0,0,0,0,0,0,0,0,0,0,0,0,2,3,,stone101,,,,,stone101,,,,millh104,,,,,,,,,,,,,0,0,0,0,0,0,0,0,0,0,0,0,mattf101,seayd101,stone101,suttm101,pearl102,irvim101,isrec101,mackb102,mannm101,3,4,9,7,6,8,5,2,1,ruffl101,westj102,harrc104,longe101,dunnj104,parnr102,bensg101,bea-d101,0,0,0,0,0,0,0,0,1,0,0,0,0,0,0,0,0,0,0,8,8,0,0,0,0,0,0,8,8+,F,0,0,42,mccrf901,cockp101,,,,,19400518,regular,full
PH5194005181,K,5,1,1,PHI17,PH5,NW2,7,3,millh104,mannm101,9,1,R,R,?,?,??,,,1,1,0,0,0,0,0,0,0,0,1,0,0,0,0,0,0,0,0,0,0,0,0,0,0,0,0,0,0,0,0,0,0,0,0,0,0,0,0,0,0,0,0,0,0,0,0,0,0,0,0,0,1,,,,,,,,,,,,,,,,,,,,,,,,0,0,0,0,0,0,0,0,0,0,0,0,longe101,parnr102,dunnj104,bensg101,westj102,bea-d101,harrc104,ruffl101,millh104,5,7,6,8,3,9,4,2,1,mackb102,mattf101,seayd101,isrec101,pearl102,suttm101,irvim101,stone101,0,0,1,0,0,0,0,0,0,0,0,0,0,0,0,0,0,0,0,2,0,0,0,0,0,0,0,0,,,0,0,43,mccrf901,cockp101,,,,,19400518,regular,full
PH5194005181,8,5,1,1,PHI17,PH5,NW2,7,3,longe101,mannm101,1,5,R,R,?,?,??,,,1,1,0,0,0,0,0,0,0,0,0,0,0,0,1,0,1,1,0,0,1,0,0,0,0,0,0,0,0,0,0,0,0,0,0,0,0,0,0,0,0,0,0,0,0,0,0,0,0,0,0,1,2,,,,,,,,,,,,,,,,,,,,,,,,0,0,0,0,0,0,0,0,0,0,0,0,longe101,parnr102,dunnj104,bensg101,westj102,bea-d101,harrc104,ruffl101,millh104,5,7,6,8,3,9,4,2,1,mackb102,mattf101,seayd101,isrec101,pearl102,suttm101,irvim101,stone101,0,0,0,0,0,0,0,0,1,0,0,0,0,0,0,0,0,0,0,8,8,0,0,0,0,0,0,8,8+,F,0,0,44,mccrf901,cockp101,,,,,19400518,regular,full
PH5194005181,K,5,1,1,PHI17,PH5,NW2,7,3,parnr102,mannm101,2,7,R,R,?,?,??,,,1,1,0,0,0,0,0,0,0,0,1,0,0,0,0,0,0,0,0,0,0,0,0,0,0,0,0,0,0,0,0,0,0,0,0,0,0,0,0,0,0,0,0,0,0,0,0,0,0,0,0,2,3,,,,,,,,,,,,,,,,,,,,,,,,0,0,0,0,0,0,0,0,0,0,0,0,longe101,parnr102,dunnj104,bensg101,westj102,bea-d101,harrc104,ruffl101,millh104,5,7,6,8,3,9,4,2,1,mackb102,mattf101,seayd101,isrec101,pearl102,suttm101,irvim101,stone101,0,0,1,0,0,0,0,0,0,0,0,0,0,0,0,0,0,0,0,2,0,0,0,0,0,0,0,0,,,0,0,45,mccrf901,cockp101,,,,,19400518,regular,full
PH5194005181,43,6,0,0,PHI17,NW2,PH5,7,3,isrec101,millh104,7,5,R,R,?,?,??,,,1,1,0,0,0,0,0,0,0,0,0,0,0,0,1,0,1,1,0,1,0,0,0,0,0,0,0,0,0,0,0,0,0,0,0,0,0,0,0,0,0,0,0,0,0,0,0,0,0,0,0,0,1,,,,,,,,,,,,,,,,,,,,,,,,0,0,0,0,0,0,0,0,0,0,0,0,mattf101,seayd101,stone101,suttm101,pearl102,irvim101,isrec101,mackb102,mannm101,3,4,9,7,6,8,5,2,1,ruffl101,westj102,harrc104,longe101,dunnj104,parnr102,bensg101,bea-d101,0,0,0,1,0,0,0,0,0,0,0,0,0,1,0,0,0,0,0,43,4,0,0,0,0,0,0,4,3+,G,0,0,46,mccrf901,cockp101,,,,,19400518,regular,full
PH5194005181,3/G,6,0,0,PHI17,NW2,PH5,7,3,mackb102,millh104,8,2,B,R,?,?,??,,,1,1,0,0,0,0,0,0,0,0,0,0,0,0,1,0,1,1,0,1,0,0,0,0,0,0,0,0,0,0,0,0,0,0,0,0,0,0,0,0,0,0,0,0,0,0,0,0,0,0,0,1,2,,,,,,,,,,,,,,,,,,,,,,,,0,0,0,0,0,0,0,0,0,0,0,0,mattf101,seayd101,stone101,suttm101,pearl102,irvim101,isrec101,mackb102,mannm101,3,4,9,7,6,8,5,2,1,ruffl101,westj102,harrc104,longe101,dunnj104,parnr102,bensg101,bea-d101,0,0,0,1,0,0,0,0,0,0,0,0,0,0,0,0,0,0,0,3,3,0,0,0,0,0,0,3,,G,0,0,47,mccrf901,cockp101,,,,,19400518,regular,full
PH5194005181,63,6,0,0,PHI17,NW2,PH5,7,3,mannm101,millh104,9,1,R,R,?,?,??,,,1,1,0,0,0,0,0,0,0,0,0,0,0,0,1,0,1,1,0,1,0,0,0,0,0,0,0,0,0,0,0,0,0,0,0,0,0,0,0,0,0,0,0,0,0,0,0,0,0,0,0,2,3,,,,,,,,,,,,,,,,,,,,,,,,0,0,0,0,0,0,0,0,0,0,0,0,mattf101,seayd101,stone101,suttm101,pearl102,irvim101,isrec101,mackb102,mannm101,3,4,9,7,6,8,5,2,1,ruffl101,westj102,harrc104,longe101,dunnj104,parnr102,bensg101,bea-d101,0,0,0,1,0,0,0,0,0,0,0,0,0,0,0,1,0,0,0,63,6,0,0,0,0,0,0,6,3+,G,0,0,48,mccrf901,cockp101,,,,,19400518,regular,full
PH5194005181,S8,6,1,1,PHI17,PH5,NW2,7,3,dunnj104,mannm101,3,6,R,R,?,?,??,,,1,1,1,0,0,0,0,0,0,0,0,0,0,0,0,0,0,1,0,0,0,0,0,0,0,0,0,0,0,0,0,0,0,0,0,0,0,0,0,0,0,0,0,0,0,0,0,0,0,0,0,0,0,,,,dunnj104,,,,,,,,,mannm101,,,,,,,,,,,0,0,0,0,0,0,0,0,0,0,0,0,longe101,parnr102,dunnj104,bensg101,westj102,bea-d101,harrc104,ruffl101,millh104,5,7,6,8,3,9,4,2,1,mackb102,mattf101,seayd101,isrec101,pearl102,suttm101,irvim101,stone101,0,0,0,0,0,0,0,0,0,0,0,0,0,0,0,0,0,0,0,,0,0,0,0,0,0,0,8,8+,,0,0,49,mccrf901,cockp101,,,,,19400518,regular,full
PH5194005181,W.1-2,6,1,1,PHI17,PH5,NW2,7,3,bensg101,mannm101,4,8,L,R,?,?,??,,,1,0,0,0,0,0,0,0,0,1,0,0,0,0,0,0,0,0,0,0,0,0,0,0,0,0,0,0,0,0,0,0,0,0,0,0,0,0,0,0,0,0,0,0,0,0,0,0,0,0,0,0,0,dunnj104,,,bensg101,dunnj104,,,,,mannm101,,,mannm101,mannm101,,,,,,,,,,0,0,0,0,0,0,0,0,0,0,0,0,longe101,parnr102,dunnj104,bensg101,westj102,bea-d101,harrc104,ruffl101,millh104,5,7,6,8,3,9,4,2,1,mackb102,mattf101,seayd101,isrec101,pearl102,suttm101,irvim101,stone101,0,0,0,0,0,0,0,0,0,0,0,0,0,0,0,0,0,0,0,,0,0,0,0,0,0,0,0,,,0,0,50,mccrf901,cockp101,,,,,19400518,regular,full
PH5194005181,W.2-3;1-2,6,1,1,PHI17,PH5,NW2,7,3,westj102,mannm101,5,3,B,R,?,?,??,,,1,0,0,0,0,0,0,0,0,1,0,0,0,0,0,0,0,0,0,0,0,0,0,0,0,0,0,0,0,0,0,0,0,0,0,0,0,0,0,0,0,0,0,0,0,0,0,0,0,0,0,0,0,bensg101,dunnj104,,westj102,bensg101,dunnj104,,,,mannm101,mannm101,,mannm101,mannm101,mannm101,,,,,,,,,0,0,0,0,0,0,0,0,0,0,0,0,longe101,parnr102,dunnj104,bensg101,westj102,bea-d101,harrc104,ruffl101,millh104,5,7,6,8,3,9,4,2,1,mackb102,mattf101,seayd101,isrec101,pearl102,suttm101,irvim101,stone101,0,0,0,0,0,0,0,0,0,0,0,0,0,0,0,0,0,0,0,,0,0,0,0,0,0,0,0,,,0,0,51,mccrf901,cockp101,,,,,19400518,regular,full
PH5194005181,S7.3-H;2-3;1-2,6,1,1,PHI17,PH5,NW2,7,3,bea-d101,mannm101,6,9,?,R,?,?,??,,,1,1,1,0,0,0,0,0,0,0,0,0,0,0,0,0,0,1,0,0,0,0,0,0,0,0,0,0,0,0,0,0,0,0,0,0,0,0,0,0,0,0,0,0,0,0,0,0,0,0,0,0,0,westj102,bensg101,dunnj104,bea-d101,westj102,bensg101,,,,mannm101,mannm101,mannm101,mannm101,mannm101,mannm101,,,,dunnj104,,,,mannm101,0,0,0,0,0,0,0,1,1,1,1,0,longe101,parnr102,dunnj104,bensg101,westj102,bea-d101,harrc104,ruffl101,millh104,5,7,6,8,3,9,4,2,1,mackb102,mattf101,seayd101,isrec101,pearl102,suttm101,irvim101,stone101,0,0,0,0,0,0,0,0,0,0,0,0,0,0,0,0,0,0,0,,0,0,0,0,0,0,0,7,7+,,0,0,52,mccrf901,cockp101,,,,,19400518,regular,full
PH5194005181,W.3-H;2-3;1-2,6,1,1,PHI17,PH5,NW2,7,4,coopb101,mannm101,7,11,L,R,?,?,??,,,1,0,0,0,0,0,0,0,0,1,0,0,0,0,0,0,0,0,0,0,0,0,0,0,0,0,0,0,0,0,0,0,0,0,0,0,0,0,0,0,0,0,0,0,0,0,0,0,0,0,0,0,0,bea-d101,westj102,bensg101,coopb101,bea-d101,westj102,,,,mannm101,mannm101,mannm101,mannm101,mannm101,mannm101,,,,bensg101,,,,mannm101,0,0,0,0,0,0,0,1,1,1,1,0,longe101,parnr102,dunnj104,bensg101,westj102,bea-d101,coopb101,ruffl101,millh104,5,7,6,8,3,9,11,2,1,mackb102,mattf101,seayd101,isrec101,pearl102,suttm101,irvim101,stone101,0,0,0,0,0,0,0,0,0,0,0,0,0,0,0,0,0,0,0,,0,0,0,0,0,0,0,0,,,0,0,53,mccrf901,cockp101,,,,,19400518,regular,full
PH5194005181,W.3-H;2-3;1-2,6,1,1,PHI17,PH5,NW2,7,5,jonea104,davij106,8,11,R,R,?,?,??,,,1,0,0,0,0,0,0,0,0,1,0,0,0,0,0,0,0,0,0,0,0,0,0,0,0,0,0,0,0,0,0,0,0,0,0,0,0,0,0,0,0,0,0,0,0,0,0,0,0,0,0,0,0,coopb101,bea-d101,westj102,jonea104,coopb101,bea-d101,,,,mannm101,mannm101,mannm101,davij106,mannm101,mannm101,,,,westj102,,,,mannm101,0,0,0,0,0,0,0,1,1,1,1,0,longe101,parnr102,dunnj104,bensg101,westj102,bea-d101,coopb101,jonea104,millh104,5,7,6,8,3,9,11,11,1,mackb102,mattf101,seayd101,isrec101,pearl102,suttm101,irvim101,stone101,0,0,0,0,0,0,0,0,0,0,0,0,0,0,0,0,0,0,0,,0,0,0,0,0,0,0,0,,,0,0,54,mccrf901,cockp101,,,,,19400518,regular,full
PH5194005181,K,6,1,1,PHI17,PH5,NW2,7,6,mcheh101,davij106,9,11,R,R,?,?,??,,,1,1,0,0,0,0,0,0,0,0,1,0,0,0,0,0,0,0,0,0,0,0,0,0,0,0,0,0,0,0,0,0,0,0,0,0,0,0,0,0,0,0,0,0,0,0,0,0,0,0,0,0,1,jonea104,coopb101,bea-d101,jonea104,coopb101,bea-d101,,,,davij106,mannm101,mannm101,davij106,mannm101,mannm101,,,,,,,,,0,0,0,0,0,0,0,0,0,0,0,0,longe101,parnr102,dunnj104,bensg101,westj102,bea-d101,coopb101,jonea104,mcheh101,5,7,6,8,3,9,11,11,11,mackb102,mattf101,seayd101,isrec101,pearl102,suttm101,irvim101,stone101,0,0,1,0,0,0,0,0,0,0,0,0,0,0,0,0,0,0,0,2,0,0,0,0,0,0,0,0,,,0,0,55,mccrf901,cockp101,,,,,19400518,regular,full
PH5194005181,W.3-H;2-3;1-2,6,1,1,PHI17,PH5,NW2,7,6,hayec101,davij106,1,11,?,R,?,?,??,,,1,0,0,0,0,0,0,0,0,1,0,0,0,0,0,0,0,0,0,0,0,0,0,0,0,0,0,0,0,0,0,0,0,0,0,0,0,0,0,0,0,0,0,0,0,0,0,0,0,0,0,1,1,jonea104,coopb101,bea-d101,hayec101,jonea104,coopb101,,,,davij106,mannm101,mannm101,davij106,davij106,mannm101,,,,bea-d101,,,,mannm101,0,0,0,0,0,0,0,1,1,1,1,0,hayec101,parnr102,dunnj104,bensg101,westj102,bea-d101,coopb101,jonea104,mcheh101,11,7,6,8,3,9,11,11,11,mackb102,mattf101,seayd101,isrec101,pearl102,suttm101,irvim101,stone101,0,0,0,0,0,0,0,0,0,0,0,0,0,0,0,0,0,0,0,,0,0,0,0,0,0,0,0,,,0,0,56,mccrf901,cockp101,,,,,19400518,regular,full
PH5194005181,E6.3-H;2-3;1-2,6,1,1,PHI17,PH5,NW2,7,7,parnr102,davij106,2,7,R,R,?,?,??,,,1,1,0,0,0,0,0,0,0,0,0,0,1,0,0,0,0,1,0,1,0,0,0,0,0,0,0,0,0,0,0,0,0,0,0,0,0,0,0,0,0,0,0,0,0,0,0,1,0,0,0,1,1,hayec101,jonea104,coopb101,parnr102,hayec101,jonea104,,,,davij106,davij106,mannm101,davij106,davij106,davij106,,,,coopb101,,,,mannm101,0,0,0,0,0,0,0,1,1,1,1,0,hayec101,parnr102,dunnj104,bensg101,westj102,bea-d101,coopb101,jonea104,mcheh101,11,7,6,8,3,9,11,11,11,mackb102,mattf101,seayd101,isrec101,pearl102,suttm101,irvim101,stone101,0,0,0,0,0,0,0,0,0,0,0,0,0,0,0,0,0,0,0,,0,0,0,0,0,0,0,6,6+,G,0,0,57,mccrf901,cockp101,,,,,19400518,regular,full
PH5194005181,D.3-H;2-H;1-3,6,1,1,PHI17,PH5,NW2,7,8,dunnj104,davij106,3,6,R,R,?,?,??,,,1,1,0,1,0,0,0,0,0,0,0,0,0,0,0,0,0,1,0,0,0,0,0,0,0,0,0,0,0,0,0,0,0,0,0,0,0,0,0,0,0,0,0,0,0,0,0,0,0,0,0,1,1,parnr102,hayec101,jonea104,,dunnj104,parnr102,,,,davij106,davij106,davij106,,davij106,davij106,,,hayec101,jonea104,,,davij106,davij106,0,0,0,0,0,0,1,1,2,2,2,0,hayec101,parnr102,dunnj104,bensg101,westj102,bea-d101,coopb101,jonea104,mcheh101,11,7,6,8,3,9,11,11,11,mackb102,mattf101,seayd101,isrec101,pearl102,suttm101,irvim101,stone101,0,0,0,0,0,0,0,0,0,0,0,0,0,0,0,0,0,0,0,,0,0,0,0,0,0,0,0,,,0,0,58,mccrf901,cockp101,,,,,19400518,regular,full
PH5194005181,43,6,1,1,PHI17,PH5,NW2,7,10,bensg101,hookl101,4,8,L,R,?,?,??,,,1,1,0,0,0,0,0,0,0,0,0,0,0,0,1,0,1,1,0,1,0,0,0,0,0,0,0,0,0,0,0,0,0,0,0,0,0,0,0,0,0,0,0,0,0,0,0,0,0,0,0,1,2,,dunnj104,parnr102,,dunnj104,parnr102,,,,,davij106,davij106,,davij106,davij106,,,,,,,,,0,0,0,0,0,0,0,0,0,0,0,0,hayec101,parnr102,dunnj104,bensg101,westj102,bea-d101,coopb101,jonea104,mcheh101,11,7,6,8,3,9,11,11,11,mackb102,mattf101,seayd101,isrec101,pearl102,suttm101,irvim101,stone101,0,0,0,1,0,0,0,0,0,0,0,0,0,1,0,0,0,0,0,43,4,0,0,0,0,0,0,4,3+,G,0,0,59,mccrf901,cockp101,,,,,19400518,regular,full
PH5194005181,SBH(UR),6,1,1,PHI17,PH5,NW2,7,10,westj102,hookl101,5,3,B,R,?,?,??,,,0,0,0,0,0,0,0,0,0,0,0,0,0,0,0,0,0,0,0,0,0,0,0,0,0,0,0,0,0,0,0,0,0,0,1,0,0,0,0,0,0,0,0,0,0,0,0,0,0,0,0,2,2,,dunnj104,parnr102,,dunnj104,,,,,,davij106,davij106,,davij106,,,,,parnr102,,,,davij106,1,0,0,0,0,0,0,0,1,0,0,0,hayec101,parnr102,dunnj104,bensg101,westj102,bea-d101,coopb101,jonea104,mcheh101,11,7,6,8,3,9,11,11,11,mackb102,mattf101,seayd101,isrec101,pearl102,suttm101,irvim101,stone101,0,0,0,0,0,0,0,0,0,0,0,0,0,0,0,0,0,0,0,,0,0,0,0,0,0,0,0,,,0,0,60,mccrf901,cockp101,,,,,19400518,regular,full
PH5194005181,S.2-3,6,1,1,PHI17,PH5,NW2,7,11,westj102,hookl101,5,3,B,R,?,?,??,,,1,1,1,0,0,0,0,0,0,0,0,0,0,0,0,0,0,1,0,0,0,0,0,0,0,0,0,0,0,0,0,0,0,0,0,0,0,0,0,0,0,0,0,0,0,0,0,0,0,0,0,2,2,,dunnj104,,westj102,,dunnj104,,,,,davij106,,hookl101,,davij106,,,,,,,,,0,0,0,0,0,0,0,0,0,0,0,0,hayec101,parnr102,dunnj104,bensg101,westj102,bea-d101,coopb101,jonea104,mcheh101,11,7,6,8,3,9,11,11,11,mackb102,mattf101,seayd101,isrec101,pearl102,suttm101,irvim101,stone101,0,0,0,0,0,0,0,0,0,0,0,0,0,0,0,0,0,0,0,,0,0,0,0,0,0,0,0,,,0,0,61,mccrf901,cockp101,,,,,19400518,regular,full
PH5194005181,S.3-H(UR);1-2,6,1,1,PHI17,PH5,NW2,7,11,bea-d101,hookl101,6,9,?,R,?,?,??,,,1,1,1,0,0,0,0,0,0,0,0,0,0,0,0,0,0,1,0,0,0,0,0,0,0,0,0,0,0,0,0,0,0,0,0,0,0,0,0,0,0,0,0,0,0,0,0,0,0,0,0,2,2,westj102,,dunnj104,bea-d101,westj102,,,,,hookl101,,davij106,hookl101,hookl101,,,,,dunnj104,,,,davij106,0,0,0,1,0,0,0,1,1,1,0,0,hayec101,parnr102,dunnj104,bensg101,westj102,bea-d101,coopb101,jonea104,mcheh101,11,7,6,8,3,9,11,11,11,mackb102,mattf101,seayd101,isrec101,pearl102,suttm101,irvim101,stone101,0,0,0,0,0,0,0,0,0,0,0,0,0,0,0,0,0,0,0,,0,0,0,0,0,0,0,0,,,0,0,62,mccrf901,cockp101,,,,,19400518,regular,full
PH5194005181,8,6,1,1,PHI17,PH5,NW2,7,12,coopb101,hookl101,7,,L,R,?,?,??,,,1,1,0,0,0,0,0,0,0,0,0,0,0,0,1,0,1,1,0,0,1,0,0,0,0,0,0,0,0,0,0,0,0,0,0,0,0,0,0,0,0,0,0,0,0,0,0,0,0,0,0,2,3,bea-d101,westj102,,,,,westj102,bea-d101,,hookl101,hookl101,,,,,,,,,,,,,0,0,0,0,0,0,0,0,0,0,0,0,hayec101,parnr102,dunnj104,bensg101,westj102,bea-d101,coopb101,jonea104,mcheh101,11,7,6,8,3,9,11,11,11,mackb102,mattf101,seayd101,isrec101,pearl102,suttm101,irvim101,stone101,0,0,0,0,0,0,0,0,1,0,0,0,0,0,0,0,0,0,0,8,8,0,0,0,0,0,0,8,8+,F,0,0,63,mccrf901,cockp101,,,,,19400518,regular,full
PH5194005181,S9,7,0,0,PHI17,NW2,PH5,7,12,mattf101,mcheh101,1,3,L,R,?,?,??,,,1,1,1,0,0,0,0,0,0,0,0,0,0,0,0,0,0,1,0,0,0,0,0,0,0,0,0,0,0,0,0,0,0,0,0,0,0,0,0,0,0,0,0,0,0,0,0,0,0,0,0,0,0,,,,mattf101,,,,,,,,,mcheh101,,,,,,,,,,,0,0,0,0,0,0,0,0,0,0,0,0,mattf101,seayd101,stone101,suttm101,pearl102,irvim101,isrec101,mackb102,hookl101,3,4,9,7,6,8,5,2,1,jonea104,westj102,hayec101,dunnj104,morts102,parnr102,bensg101,bea-d101,0,0,0,0,0,0,0,0,0,0,0,0,0,0,0,0,0,0,0,,0,0,0,0,0,0,0,9,9+,,0,0,64,mccrf901,cockp101,,,,,19400518,regular,full
PH5194005181,14(1)/FO,7,0,0,PHI17,NW2,PH5,7,12,seayd101,mcheh101,2,4,R,R,?,?,??,,,1,1,0,0,0,0,0,0,0,0,0,0,0,0,1,0,1,1,0,1,0,0,0,0,0,0,0,0,0,0,0,0,0,0,0,0,0,0,0,0,0,0,0,0,0,0,0,0,0,0,0,0,1,mattf101,,,seayd101,,,,,,mcheh101,,,mcheh101,,,,,,,,,,,0,0,0,0,0,0,0,0,0,0,0,0,mattf101,seayd101,stone101,suttm101,pearl102,irvim101,isrec101,mackb102,hookl101,3,4,9,7,6,8,5,2,1,jonea104,westj102,hayec101,dunnj104,morts102,parnr102,bensg101,bea-d101,0,0,0,0,1,0,0,0,0,0,1,0,0,0,0,0,0,0,0,14,1,0,0,0,0,0,0,1,,G,1,4,65,mccrf901,cockp101,,,,,19400518,regular,full
PH5194005181,E6.1-2,7,0,0,PHI17,NW2,PH5,7,12,stone101,mcheh101,3,9,L,R,?,?,??,,,1,1,0,0,0,0,0,0,0,0,0,0,1,0,0,0,0,1,0,1,0,0,0,0,0,0,0,0,0,0,0,0,0,0,0,0,0,0,0,0,0,0,0,0,0,0,0,1,0,0,0,1,1,seayd101,,,stone101,seayd101,,,,,mcheh101,,,mcheh101,mcheh101,,,,,,,,,,0,0,0,0,0,0,0,0,0,0,0,0,mattf101,seayd101,stone101,suttm101,pearl102,irvim101,isrec101,mackb102,hookl101,3,4,9,7,6,8,5,2,1,jonea104,westj102,hayec101,dunnj104,morts102,parnr102,bensg101,bea-d101,0,0,0,0,0,0,0,0,0,0,0,0,0,0,0,0,0,0,0,,0,0,0,0,0,0,0,6,6+,G,0,0,66,mccrf901,cockp101,,,,,19400518,regular,full
PH5194005181,9(B)6(1)/FDP,7,0,0,PHI17,NW2,PH5,7,12,suttm101,mcheh101,4,7,R,R,?,?,??,,,1,1,0,0,0,0,0,0,0,0,0,0,0,0,1,0,1,1,0,0,1,0,0,0,1,0,0,0,0,0,0,0,0,0,0,0,0,0,0,0,0,0,0,0,0,0,0,0,0,0,0,1,3,stone101,seayd101,,,,,seayd101,,,mcheh101,mcheh101,,,,,,,,,,,,,0,0,0,0,0,0,0,0,0,0,0,0,mattf101,seayd101,stone101,suttm101,pearl102,irvim101,isrec101,mackb102,hookl101,3,4,9,7,6,8,5,2,1,jonea104,westj102,hayec101,dunnj104,morts102,parnr102,bensg101,bea-d101,0,0,0,0,0,0,1,0,0,1,0,0,0,0,0,0,0,0,1,96,9,9,0,0,0,0,0,9,,F,0,0,67,mccrf901,cockp101,,,,,19400518,regular,full
PH5194005181,W,7,1,1,PHI17,PH5,NW2,7,12,jonea104,hookl101,8,2,R,R,?,?,??,,,1,0,0,0,0,0,0,0,0,1,0,0,0,0,0,0,0,0,0,0,0,0,0,0,0,0,0,0,0,0,0,0,0,0,0,0,0,0,0,0,0,0,0,0,0,0,0,0,0,0,0,0,0,,,,jonea104,,,,,,,,,hookl101,,,,,,,,,,,0,0,0,0,0,0,0,0,0,0,0,0,hayec101,parnr102,dunnj104,bensg101,westj102,bea-d101,morts102,jonea104,mcheh101,4,7,5,8,3,9,6,2,1,mackb102,mattf101,seayd101,isrec101,pearl102,suttm101,irvim101,stone101,0,0,0,0,0,0,0,0,0,0,0,0,0,0,0,0,0,0,0,,0,0,0,0,0,0,0,0,,,0,0,68,mccrf901,cockp101,,,,,19400518,regular,full
PH5194005181,K,7,1,1,PHI17,PH5,NW2,7,12,mcheh101,hookl101,9,1,R,R,?,?,??,,,1,1,0,0,0,0,0,0,0,0,1,0,0,0,0,0,0,0,0,0,0,0,0,0,0,0,0,0,0,0,0,0,0,0,0,0,0,0,0,0,0,0,0,0,0,0,0,0,0,0,0,0,1,jonea104,,,jonea104,,,,,,hookl101,,,hookl101,,,,,,,,,,,0,0,0,0,0,0,0,0,0,0,0,0,hayec101,parnr102,dunnj104,bensg101,westj102,bea-d101,morts102,jonea104,mcheh101,4,7,5,8,3,9,6,2,1,mackb102,mattf101,seayd101,isrec101,pearl102,suttm101,irvim101,stone101,0,0,1,0,0,0,0,0,0,0,0,0,0,0,0,0,0,0,0,2,0,0,0,0,0,0,0,0,,,0,0,69,mccrf901,cockp101,,,,,19400518,regular,full
PH5194005181,99(1)/FO,7,1,1,PHI17,PH5,NW2,7,12,hayec101,hookl101,1,4,?,R,?,?,??,,,1,1,0,0,0,0,0,0,0,0,0,0,0,0,1,0,1,1,0,1,0,0,0,0,0,0,0,0,0,0,0,0,0,0,0,0,0,0,0,0,0,0,0,0,0,0,0,0,0,0,0,1,2,jonea104,,,hayec101,,,,,,hookl101,,,hookl101,,,,,,,,,,,0,0,0,0,0,0,0,0,0,0,0,0,hayec101,parnr102,dunnj104,bensg101,westj102,bea-d101,morts102,jonea104,mcheh101,4,7,5,8,3,9,6,2,1,mackb102,mattf101,seayd101,isrec101,pearl102,suttm101,irvim101,stone101,1,0,0,0,0,0,0,0,0,0,0,0,0,0,0,0,0,0,0,0,0,0,0,0,0,0,0,0,,G,1,0,70,mccrf901,cockp101,,,,,19400518,regular,full
PH5194005181,D.1-3,7,1,1,PHI17,PH5,NW2,7,12,parnr102,hookl101,2,7,R,R,?,?,??,,,1,1,0,1,0,0,0,0,0,0,0,0,0,0,0,0,0,1,0,0,0,0,0,0,0,0,0,0,0,0,0,0,0,0,0,0,0,0,0,0,0,0,0,0,0,0,0,0,0,0,0,2,2,hayec101,,,,parnr102,hayec101,,,,hookl101,,,,hookl101,hookl101,,,,,,,,,0,0,0,0,0,0,0,0,0,0,0,0,hayec101,parnr102,dunnj104,bensg101,westj102,bea-d101,morts102,jonea104,mcheh101,4,7,5,8,3,9,6,2,1,mackb102,mattf101,seayd101,isrec101,pearl102,suttm101,irvim101,stone101,0,0,0,0,0,0,0,0,0,0,0,0,0,0,0,0,0,0,0,,0,0,0,0,0,0,0,0,,,0,0,71,mccrf901,cockp101,,,,,19400518,regular,full
PH5194005181,S.3-H;2-H,7,1,1,PHI17,PH5,NW2,7,12,dunnj104,hookl101,3,5,R,R,?,?,??,,,1,1,1,0,0,0,0,0,0,0,0,0,0,0,0,0,0,1,0,0,0,0,0,0,0,0,0,0,0,0,0,0,0,0,0,0,0,0,0,0,0,0,0,0,0,0,0,0,0,0,0,2,2,,parnr102,hayec101,dunnj104,,,,,,,hookl101,hookl101,hookl101,,,,,parnr102,hayec101,,,hookl101,hookl101,0,0,0,0,0,0,1,1,2,2,2,0,hayec101,parnr102,dunnj104,bensg101,westj102,bea-d101,morts102,jonea104,mcheh101,4,7,5,8,3,9,6,2,1,mackb102,mattf101,seayd101,isrec101,pearl102,suttm101,irvim101,stone101,0,0,0,0,0,0,0,0,0,0,0,0,0,0,0,0,0,0,0,,0,0,0,0,0,0,0,0,,,0,0,72,mccrf901,cockp101,,,,,19400518,regular,full
PH5194005181,53,7,1,1,PHI17,PH5,NW2,7,14,bensg101,hookl101,4,8,L,R,?,?,??,,,1,1,0,0,0,0,0,0,0,0,0,0,0,0,1,0,1,1,0,1,0,0,0,0,0,0,0,0,0,0,0,0,0,0,0,0,0,0,0,0,0,0,0,0,0,0,0,0,0,0,0,2,3,dunnj104,,,,,,dunnj104,,,hookl101,,,,,,,,,,,,,,0,0,0,0,0,0,0,0,0,0,0,0,hayec101,parnr102,dunnj104,bensg101,westj102,bea-d101,morts102,jonea104,mcheh101,4,7,5,8,3,9,6,2,1,mackb102,mattf101,seayd101,isrec101,pearl102,suttm101,irvim101,stone101,0,0,0,1,0,0,0,0,0,0,0,0,0,0,1,0,0,0,0,53,5,0,0,0,0,0,0,5,3+,G,0,0,73,mccrf901,cockp101,,,,,19400518,regular,full
PH5194005181,5,8,0,0,PHI17,NW2,PH5,7,14,pearl102,mcheh101,5,6,R,R,?,?,??,,,1,1,0,0,0,0,0,0,0,0,0,0,0,0,1,0,1,1,0,0,1,0,0,0,0,0,0,0,0,0,0,0,0,0,0,0,0,0,0,0,0,0,0,0,0,0,0,0,0,0,0,0,1,,,,,,,,,,,,,,,,,,,,,,,,0,0,0,0,0,0,0,0,0,0,0,0,mattf101,seayd101,stone101,suttm101,pearl102,irvim101,isrec101,mackb102,hookl101,3,4,9,7,6,8,5,2,1,jonea104,westj102,hayec101,dunnj104,morts102,parnr102,bensg101,bea-d101,0,0,0,0,0,1,0,0,0,0,0,0,0,0,0,0,0,0,0,5,5,0,0,0,0,0,0,5,5+,F,0,0,74,mccrf901,cockp101,,,,,19400518,regular,full
PH5194005181,K,8,0,0,PHI17,NW2,PH5,7,14,irvim101,mcheh101,6,8,R,R,?,?,??,,,1,1,0,0,0,0,0,0,0,0,1,0,0,0,0,0,0,0,0,0,0,0,0,0,0,0,0,0,0,0,0,0,0,0,0,0,0,0,0,0,0,0,0,0,0,0,0,0,0,0,0,1,2,,,,,,,,,,,,,,,,,,,,,,,,0,0,0,0,0,0,0,0,0,0,0,0,mattf101,seayd101,stone101,suttm101,pearl102,irvim101,isrec101,mackb102,hookl101,3,4,9,7,6,8,5,2,1,jonea104,westj102,hayec101,dunnj104,morts102,parnr102,bensg101,bea-d101,0,0,1,0,0,0,0,0,0,0,0,0,0,0,0,0,0,0,0,2,0,0,0,0,0,0,0,0,,,0,0,75,mccrf901,cockp101,,,,,19400518,regular,full
PH5194005181,5,8,0,0,PHI17,NW2,PH5,7,14,isrec101,mcheh101,7,5,R,R,?,?,??,,,1,1,0,0,0,0,0,0,0,0,0,0,0,0,1,0,1,1,0,0,1,0,0,0,0,0,0,0,0,0,0,0,0,0,0,0,0,0,0,0,0,0,0,0,0,0,0,0,0,0,0,2,3,,,,,,,,,,,,,,,,,,,,,,,,0,0,0,0,0,0,0,0,0,0,0,0,mattf101,seayd101,stone101,suttm101,pearl102,irvim101,isrec101,mackb102,hookl101,3,4,9,7,6,8,5,2,1,jonea104,westj102,hayec101,dunnj104,morts102,parnr102,bensg101,bea-d101,0,0,0,0,0,1,0,0,0,0,0,0,0,0,0,0,0,0,0,5,5,0,0,0,0,0,0,5,5+,F,0,0,76,mccrf901,cockp101,,,,,19400518,regular,full
PH5194005181,8,8,1,1,PHI17,PH5,NW2,7,14,westj102,hookl101,5,3,B,R,?,?,??,,,1,1,0,0,0,0,0,0,0,0,0,0,0,0,1,0,1,1,0,0,1,0,0,0,0,0,0,0,0,0,0,0,0,0,0,0,0,0,0,0,0,0,0,0,0,0,0,0,0,0,0,0,1,,,,,,,,,,,,,,,,,,,,,,,,0,0,0,0,0,0,0,0,0,0,0,0,hayec101,parnr102,dunnj104,bensg101,westj102,bea-d101,morts102,jonea104,mcheh101,4,7,5,8,3,9,6,2,1,mackb102,mattf101,seayd101,isrec101,pearl102,suttm101,irvim101,stone101,0,0,0,0,0,0,0,0,1,0,0,0,0,0,0,0,0,0,0,8,8,0,0,0,0,0,0,8,8+,F,0,0,77,mccrf901,cockp101,,,,,19400518,regular,full
PH5194005181,9,8,1,1,PHI17,PH5,NW2,7,14,bea-d101,hookl101,6,9,?,R,?,?,??,,,1,1,0,0,0,0,0,0,0,0,0,0,0,0,1,0,1,1,0,0,1,0,0,0,0,0,0,0,0,0,0,0,0,0,0,0,0,0,0,0,0,0,0,0,0,0,0,0,0,0,0,1,2,,,,,,,,,,,,,,,,,,,,,,,,0,0,0,0,0,0,0,0,0,0,0,0,hayec101,parnr102,dunnj104,bensg101,westj102,bea-d101,morts102,jonea104,mcheh101,4,7,5,8,3,9,6,2,1,mackb102,mattf101,seayd101,isrec101,pearl102,suttm101,irvim101,stone101,0,0,0,0,0,0,0,0,0,1,0,0,0,0,0,0,0,0,0,9,9,0,0,0,0,0,0,9,9+,F,0,0,78,mccrf901,cockp101,,,,,19400518,regular,full
PH5194005181,S,8,1,1,PHI17,PH5,NW2,7,14,morts102,hookl101,7,6,R,R,?,?,??,,,1,1,1,0,0,0,0,0,0,0,0,0,0,0,0,0,0,1,0,0,0,0,0,0,0,0,0,0,0,0,0,0,0,0,0,0,0,0,0,0,0,0,0,0,0,0,0,0,0,0,0,2,2,,,,morts102,,,,,,,,,hookl101,,,,,,,,,,,0,0,0,0,0,0,0,0,0,0,0,0,hayec101,parnr102,dunnj104,bensg101,westj102,bea-d101,morts102,jonea104,mcheh101,4,7,5,8,3,9,6,2,1,mackb102,mattf101,seayd101,isrec101,pearl102,suttm101,irvim101,stone101,0,0,0,0,0,0,0,0,0,0,0,0,0,0,0,0,0,0,0,,0,0,0,0,0,0,0,0,,,0,0,79,mccrf901,cockp101,,,,,19400518,regular,full
PH5194005181,99(1)/FO,8,1,1,PHI17,PH5,NW2,7,14,jonea104,hookl101,8,2,R,R,?,?,??,,,1,1,0,0,0,0,0,0,0,0,0,0,0,0,1,0,1,1,0,1,0,0,0,0,0,0,0,0,0,0,0,0,0,0,0,0,0,0,0,0,0,0,0,0,0,0,0,0,0,0,0,2,3,morts102,,,,,,jonea104,,,hookl101,,,,,,,,,,,,,,0,0,0,0,0,0,0,0,0,0,0,0,hayec101,parnr102,dunnj104,bensg101,westj102,bea-d101,morts102,jonea104,mcheh101,4,7,5,8,3,9,6,2,1,mackb102,mattf101,seayd101,isrec101,pearl102,suttm101,irvim101,stone101,1,0,0,0,0,0,0,0,0,0,0,0,0,0,0,0,0,0,0,0,0,0,0,0,0,0,0,0,,G,0,0,80,mccrf901,cockp101,,,,,19400518,regular,full
PH5194005181,43,9,0,0,PHI17,NW2,PH5,7,14,hillj104,mcheh101,8,11,L,R,?,?,??,,,1,1,0,0,0,0,0,0,0,0,0,0,0,0,1,0,1,1,0,1,0,0,0,0,0,0,0,0,0,0,0,0,0,0,0,0,0,0,0,0,0,0,0,0,0,0,0,0,0,0,0,0,1,,,,,,,,,,,,,,,,,,,,,,,,0,0,0,0,0,0,0,0,0,0,0,0,mattf101,seayd101,stone101,suttm101,pearl102,irvim101,isrec101,hillj104,hookl101,3,4,9,7,6,8,5,11,1,jonea104,westj102,hayec101,dunnj104,morts102,parnr102,bensg101,bea-d101,0,0,0,1,0,0,0,0,0,0,0,0,0,1,0,0,0,0,0,43,4,0,0,0,0,0,0,4,3+,G,0,0,81,mccrf901,cockp101,,,,,19400518,regular,full
PH5194005181,NP,9,0,0,PHI17,NW2,PH5,7,14,hookl101,mcheh101,9,1,R,R,?,?,??,,,0,0,0,0,0,0,0,0,0,0,0,0,0,0,0,0,0,0,0,0,0,0,0,0,0,0,0,0,0,0,0,0,0,0,0,0,0,0,0,0,0,0,0,0,0,0,0,0,0,0,0,1,1,,,,,,,,,,,,,,,,,,,,,,,,0,0,0,0,0,0,0,0,0,0,0,0,mattf101,seayd101,stone101,suttm101,pearl102,irvim101,isrec101,hillj104,hookl101,3,4,9,7,6,8,5,11,1,jonea104,westj102,hayec101,dunnj104,morts102,parnr102,bensg101,bea-d101,0,0,0,0,0,0,0,0,0,0,0,0,0,0,0,0,0,0,0,,0,0,0,0,0,0,0,0,,,0,0,82,mccrf901,cockp101,,,,,19400518,regular,full
PH5194005181,K,9,0,0,PHI17,NW2,PH5,7,14,clarb101,mcheh101,9,11,R,R,?,?,??,,,1,1,0,0,0,0,0,0,0,0,1,0,0,0,0,0,0,0,0,0,0,0,0,0,0,0,0,0,0,0,0,0,0,0,0,0,0,0,0,0,0,0,0,0,0,0,0,0,0,0,0,1,2,,,,,,,,,,,,,,,,,,,,,,,,0,0,0,0,0,0,0,0,0,0,0,0,mattf101,seayd101,stone101,suttm101,pearl102,irvim101,isrec101,hillj104,clarb101,3,4,9,7,6,8,5,11,11,jonea104,westj102,hayec101,dunnj104,morts102,parnr102,bensg101,bea-d101,0,0,1,0,0,0,0,0,0,0,0,0,0,0,0,0,0,0,0,2,0,0,0,0,0,0,0,0,,,0,0,83,mccrf901,cockp101,,,,,19400518,regular,full
PH5194005181,53,9,0,0,PHI17,NW2,PH5,7,14,mattf101,mcheh101,1,3,L,R,?,?,??,,,1,1,0,0,0,0,0,0,0,0,0,0,0,0,1,0,1,1,0,1,0,0,0,0,0,0,0,0,0,0,0,0,0,0,0,0,0,0,0,0,0,0,0,0,0,0,0,0,0,0,0,2,3,,,,,,,,,,,,,,,,,,,,,,,,0,0,0,0,0,0,0,0,0,0,0,0,mattf101,seayd101,stone101,suttm101,pearl102,irvim101,isrec101,hillj104,clarb101,3,4,9,7,6,8,5,11,11,jonea104,westj102,hayec101,dunnj104,morts102,parnr102,bensg101,bea-d101,0,0,0,1,0,0,0,0,0,0,0,0,0,0,1,0,0,0,0,53,5,0,0,0,0,0,0,5,3+,G,0,0,84,mccrf901,cockp101,,,,,19400518,regular,full
PH5194005182,5,1,0,0,PHI17,NW2,PH5,0,0,mattf101,mcheh101,1,3,L,R,?,?,??,,,1,1,0,0,0,0,0,0,0,0,0,0,0,0,1,0,1,1,0,0,1,0,0,0,0,0,0,0,0,0,0,0,0,0,0,0,0,0,0,0,0,0,0,0,0,0,0,0,0,0,0,0,1,,,,,,,,,,,,,,,,,,,,,,,,0,0,0,0,0,0,0,0,0,0,0,0,mattf101,seayd101,stone101,suttm101,pearl102,irvim101,parkc101,mackb102,davij106,3,4,9,7,6,8,5,2,1,coopb101,westj102,hayec101,longe101,dunnj104,parnr102,bensg101,bea-d101,0,0,0,0,0,1,0,0,0,0,0,0,0,0,0,0,0,0,0,5,5,0,0,0,0,0,0,5,5+,F,0,0,1,mccrf901,cockp101,,,,,19400518,regular,full
PH5194005182,13,1,0,0,PHI17,NW2,PH5,0,0,seayd101,mcheh101,2,4,R,R,?,?,??,,,1,1,0,0,0,0,0,0,0,0,0,0,0,0,1,0,1,1,0,1,0,0,0,0,0,0,0,0,0,0,0,0,0,0,0,0,0,0,0,0,0,0,0,0,0,0,0,0,0,0,0,1,2,,,,,,,,,,,,,,,,,,,,,,,,0,0,0,0,0,0,0,0,0,0,0,0,mattf101,seayd101,stone101,suttm101,pearl102,irvim101,parkc101,mackb102,davij106,3,4,9,7,6,8,5,2,1,coopb101,westj102,hayec101,longe101,dunnj104,parnr102,bensg101,bea-d101,0,0,0,1,0,0,0,0,0,0,1,0,0,0,0,0,0,0,0,13,1,0,0,0,0,0,0,1,13+,G,0,0,2,mccrf901,cockp101,,,,,19400518,regular,full
PH5194005182,K,1,0,0,PHI17,NW2,PH5,0,0,stone101,mcheh101,3,9,L,R,?,?,??,,,1,1,0,0,0,0,0,0,0,0,1,0,0,0,0,0,0,0,0,0,0,0,0,0,0,0,0,0,0,0,0,0,0,0,0,0,0,0,0,0,0,0,0,0,0,0,0,0,0,0,0,2,3,,,,,,,,,,,,,,,,,,,,,,,,0,0,0,0,0,0,0,0,0,0,0,0,mattf101,seayd101,stone101,suttm101,pearl102,irvim101,parkc101,mackb102,davij106,3,4,9,7,6,8,5,2,1,coopb101,westj102,hayec101,longe101,dunnj104,parnr102,bensg101,bea-d101,0,0,1,0,0,0,0,0,0,0,0,0,0,0,0,0,0,0,0,2,0,0,0,0,0,0,0,0,,,0,0,3,mccrf901,cockp101,,,,,19400518,regular,full
PH5194005182,S7,1,1,1,PHI17,PH5,NW2,0,0,longe101,davij106,1,5,R,R,?,?,??,,,1,1,1,0,0,0,0,0,0,0,0,0,0,0,0,0,0,1,0,0,0,0,0,0,0,0,0,0,0,0,0,0,0,0,0,0,0,0,0,0,0,0,0,0,0,0,0,0,0,0,0,0,0,,,,longe101,,,,,,,,,davij106,,,,,,,,,,,0,0,0,0,0,0,0,0,0,0,0,0,longe101,parnr102,dunnj104,bensg101,westj102,bea-d101,hayec101,coopb101,mcheh101,5,7,6,8,3,9,4,2,1,mackb102,mattf101,seayd101,parkc101,pearl102,suttm101,irvim101,stone101,0,0,0,0,0,0,0,0,0,0,0,0,0,0,0,0,0,0,0,,0,0,0,0,0,0,0,7,7+,,0,0,4,mccrf901,cockp101,,,,,19400518,regular,full
PH5194005182,T.1-H,1,1,1,PHI17,PH5,NW2,0,0,parnr102,davij106,2,7,R,R,?,?,??,,,1,1,0,0,1,0,0,0,0,0,0,0,0,0,0,0,0,1,0,0,0,0,0,0,0,0,0,0,0,0,0,0,0,0,0,0,0,0,0,0,0,0,0,0,0,0,0,0,0,0,0,0,0,longe101,,,,,parnr102,,,,davij106,,,,,davij106,,longe101,,,,davij106,,,0,0,0,0,0,1,0,0,1,1,1,0,longe101,parnr102,dunnj104,bensg101,westj102,bea-d101,hayec101,coopb101,mcheh101,5,7,6,8,3,9,4,2,1,mackb102,mattf101,seayd101,parkc101,pearl102,suttm101,irvim101,stone101,0,0,0,0,0,0,0,0,0,0,0,0,0,0,0,0,0,0,0,,0,0,0,0,0,0,0,0,,,0,0,5,mccrf901,cockp101,,,,,19400518,regular,full
PH5194005182,T.3-H,1,1,1,PHI17,PH5,NW2,0,1,dunnj104,davij106,3,6,R,R,?,?,??,,,1,1,0,0,1,0,0,0,0,0,0,0,0,0,0,0,0,1,0,0,0,0,0,0,0,0,0,0,0,0,0,0,0,0,0,0,0,0,0,0,0,0,0,0,0,0,0,0,0,0,0,0,0,,,parnr102,,,dunnj104,,,,,,davij106,,,davij106,,,,parnr102,,,,davij106,0,0,0,0,0,0,0,1,1,1,1,0,longe101,parnr102,dunnj104,bensg101,westj102,bea-d101,hayec101,coopb101,mcheh101,5,7,6,8,3,9,4,2,1,mackb102,mattf101,seayd101,parkc101,pearl102,suttm101,irvim101,stone101,0,0,0,0,0,0,0,0,0,0,0,0,0,0,0,0,0,0,0,,0,0,0,0,0,0,0,0,,,0,0,6,mccrf901,cockp101,,,,,19400518,regular,full
PH5194005182,HP,1,1,1,PHI17,PH5,NW2,0,2,bensg101,davij106,4,8,L,R,?,?,??,,,1,0,0,0,0,0,0,0,1,0,0,0,0,0,0,0,0,0,0,0,0,0,0,0,0,0,0,0,0,0,0,0,0,0,0,0,0,0,0,0,0,0,0,0,0,0,0,0,0,0,0,0,0,,,dunnj104,bensg101,,dunnj104,,,,,,davij106,davij106,,davij106,,,,,,,,,0,0,0,0,0,0,0,0,0,0,0,0,longe101,parnr102,dunnj104,bensg101,westj102,bea-d101,hayec101,coopb101,mcheh101,5,7,6,8,3,9,4,2,1,mackb102,mattf101,seayd101,parkc101,pearl102,suttm101,irvim101,stone101,0,0,0,0,0,0,0,0,0,0,0,0,0,0,0,0,0,0,0,,0,0,0,0,0,0,0,0,,,0,0,7,mccrf901,cockp101,,,,,19400518,regular,full
PH5194005182,S.3-H;1-2,1,1,1,PHI17,PH5,NW2,0,2,westj102,davij106,5,3,B,R,?,?,??,,,1,1,1,0,0,0,0,0,0,0,0,0,0,0,0,0,0,1,0,0,0,0,0,0,0,0,0,0,0,0,0,0,0,0,0,0,0,0,0,0,0,0,0,0,0,0,0,0,0,0,0,0,0,bensg101,,dunnj104,westj102,bensg101,,,,,davij106,,davij106,davij106,davij106,,,,,dunnj104,,,,davij106,0,0,0,0,0,0,0,1,1,1,1,0,longe101,parnr102,dunnj104,bensg101,westj102,bea-d101,hayec101,coopb101,mcheh101,5,7,6,8,3,9,4,2,1,mackb102,mattf101,seayd101,parkc101,pearl102,suttm101,irvim101,stone101,0,0,0,0,0,0,0,0,0,0,0,0,0,0,0,0,0,0,0,,0,0,0,0,0,0,0,0,,,0,0,8,mccrf901,cockp101,,,,,19400518,regular,full
PH5194005182,D7.2-H;1-3,1,1,1,PHI17,PH5,NW2,0,3,bea-d101,walkj105,6,9,?,?,?,?,??,,,1,1,0,1,0,0,0,0,0,0,0,0,0,0,0,0,0,1,0,0,0,0,0,0,0,0,0,0,0,0,0,0,0,0,0,0,0,0,0,0,0,0,0,0,0,0,0,0,0,0,0,0,0,westj102,bensg101,,,bea-d101,westj102,,,,davij106,davij106,,,walkj105,davij106,,,bensg101,,,,davij106,,0,0,0,0,0,0,1,0,1,1,1,0,longe101,parnr102,dunnj104,bensg101,westj102,bea-d101,hayec101,coopb101,mcheh101,5,7,6,8,3,9,4,2,1,mackb102,mattf101,seayd101,parkc101,pearl102,suttm101,irvim101,stone101,0,0,0,0,0,0,0,0,0,0,0,0,0,0,0,0,0,0,0,,0,0,0,0,0,0,0,7,7+,,0,0,9,mccrf901,cockp101,,,,,19400518,regular,full
PH5194005182,K,1,1,1,PHI17,PH5,NW2,0,4,hayec101,walkj105,7,4,?,?,?,?,??,,,1,1,0,0,0,0,0,0,0,0,1,0,0,0,0,0,0,0,0,0,0,0,0,0,0,0,0,0,0,0,0,0,0,0,0,0,0,0,0,0,0,0,0,0,0,0,0,0,0,0,0,0,1,,bea-d101,westj102,,bea-d101,westj102,,,,,walkj105,davij106,,walkj105,davij106,,,,,,,,,0,0,0,0,0,0,0,0,0,0,0,0,longe101,parnr102,dunnj104,bensg101,westj102,bea-d101,hayec101,coopb101,mcheh101,5,7,6,8,3,9,4,2,1,mackb102,mattf101,seayd101,parkc101,pearl102,suttm101,irvim101,stone101,0,0,1,0,0,0,0,0,0,0,0,0,0,0,0,0,0,0,0,2,0,0,0,0,0,0,0,0,,,0,0,10,mccrf901,cockp101,,,,,19400518,regular,full
PH5194005182,7.3-H,1,1,1,PHI17,PH5,NW2,0,4,coopb101,walkj105,8,2,L,?,?,?,??,,,1,1,0,0,0,0,0,0,0,0,0,0,0,0,1,0,1,1,0,0,1,0,0,0,0,0,0,0,0,0,0,0,0,0,0,0,0,0,0,0,0,0,0,0,0,0,0,0,0,0,0,1,2,,bea-d101,westj102,,bea-d101,,,,,,walkj105,davij106,,walkj105,,,,,westj102,,,,davij106,0,0,0,0,0,0,0,1,1,1,1,0,longe101,parnr102,dunnj104,bensg101,westj102,bea-d101,hayec101,coopb101,mcheh101,5,7,6,8,3,9,4,2,1,mackb102,mattf101,seayd101,parkc101,pearl102,suttm101,irvim101,stone101,0,0,0,0,0,0,0,1,0,0,0,0,0,0,0,0,0,0,0,7,7,0,0,0,0,0,0,7,7+,F,0,0,11,mccrf901,cockp101,,,,,19400518,regular,full
PH5194005182,K,1,1,1,PHI17,PH5,NW2,0,5,mcheh101,walkj105,9,1,R,?,?,?,??,,,1,1,0,0,0,0,0,0,0,0,1,0,0,0,0,0,0,0,0,0,0,0,0,0,0,0,0,0,0,0,0,0,0,0,0,0,0,0,0,0,0,0,0,0,0,0,0,0,0,0,0,2,3,,bea-d101,,,,,bea-d101,,,,walkj105,,,,,,,,,,,,,0,0,0,0,0,0,0,0,0,0,0,0,longe101,parnr102,dunnj104,bensg101,westj102,bea-d101,hayec101,coopb101,mcheh101,5,7,6,8,3,9,4,2,1,mackb102,mattf101,seayd101,parkc101,pearl102,suttm101,irvim101,stone101,0,0,1,0,0,0,0,0,0,0,0,0,0,0,0,0,0,0,0,2,0,0,0,0,0,0,0,0,,,0,0,12,mccrf901,cockp101,,,,,19400518,regular,full
PH5194005182,13,2,0,0,PHI17,NW2,PH5,0,5,suttm101,mcheh101,4,7,R,R,?,?,??,,,1,1,0,0,0,0,0,0,0,0,0,0,0,0,1,0,1,1,0,1,0,0,0,0,0,0,0,0,0,0,0,0,0,0,0,0,0,0,0,0,0,0,0,0,0,0,0,0,0,0,0,0,1,,,,,,,,,,,,,,,,,,,,,,,,0,0,0,0,0,0,0,0,0,0,0,0,mattf101,seayd101,stone101,suttm101,pearl102,irvim101,parkc101,mackb102,walkj105,3,4,9,7,6,8,5,2,1,coopb101,westj102,hayec101,longe101,dunnj104,parnr102,bensg101,bea-d101,0,0,0,1,0,0,0,0,0,0,1,0,0,0,0,0,0,0,0,13,1,0,0,0,0,0,0,1,13+,G,0,0,13,mccrf901,cockp101,,,,,19400518,regular,full
PH5194005182,3/G,2,0,0,PHI17,NW2,PH5,0,5,pearl102,mcheh101,5,6,R,R,?,?,??,,,1,1,0,0,0,0,0,0,0,0,0,0,0,0,1,0,1,1,0,1,0,0,0,0,0,0,0,0,0,0,0,0,0,0,0,0,0,0,0,0,0,0,0,0,0,0,0,0,0,0,0,1,2,,,,,,,,,,,,,,,,,,,,,,,,0,0,0,0,0,0,0,0,0,0,0,0,mattf101,seayd101,stone101,suttm101,pearl102,irvim101,parkc101,mackb102,walkj105,3,4,9,7,6,8,5,2,1,coopb101,westj102,hayec101,longe101,dunnj104,parnr102,bensg101,bea-d101,0,0,0,1,0,0,0,0,0,0,0,0,0,0,0,0,0,0,0,3,3,0,0,0,0,0,0,3,,G,0,0,14,mccrf901,cockp101,,,,,19400518,regular,full
PH5194005182,K,2,0,0,PHI17,NW2,PH5,0,5,irvim101,mcheh101,6,8,R,R,?,?,??,,,1,1,0,0,0,0,0,0,0,0,1,0,0,0,0,0,0,0,0,0,0,0,0,0,0,0,0,0,0,0,0,0,0,0,0,0,0,0,0,0,0,0,0,0,0,0,0,0,0,0,0,2,3,,,,,,,,,,,,,,,,,,,,,,,,0,0,0,0,0,0,0,0,0,0,0,0,mattf101,seayd101,stone101,suttm101,pearl102,irvim101,parkc101,mackb102,walkj105,3,4,9,7,6,8,5,2,1,coopb101,westj102,hayec101,longe101,dunnj104,parnr102,bensg101,bea-d101,0,0,1,0,0,0,0,0,0,0,0,0,0,0,0,0,0,0,0,2,0,0,0,0,0,0,0,0,,,0,0,15,mccrf901,cockp101,,,,,19400518,regular,full
PH5194005182,13,2,1,1,PHI17,PH5,NW2,0,5,longe101,walkj105,1,5,R,?,?,?,??,,,1,1,0,0,0,0,0,0,0,0,0,0,0,0,1,0,1,1,0,1,0,0,0,0,0,0,0,0,0,0,0,0,0,0,0,0,0,0,0,0,0,0,0,0,0,0,0,0,0,0,0,0,1,,,,,,,,,,,,,,,,,,,,,,,,0,0,0,0,0,0,0,0,0,0,0,0,longe101,parnr102,dunnj104,bensg101,westj102,bea-d101,hayec101,coopb101,mcheh101,5,7,6,8,3,9,4,2,1,mackb102,mattf101,seayd101,parkc101,pearl102,suttm101,irvim101,stone101,0,0,0,1,0,0,0,0,0,0,1,0,0,0,0,0,0,0,0,13,1,0,0,0,0,0,0,1,13+,G,0,0,16,mccrf901,cockp101,,,,,19400518,regular,full
PH5194005182,43,2,1,1,PHI17,PH5,NW2,0,5,parnr102,walkj105,2,7,R,?,?,?,??,,,1,1,0,0,0,0,0,0,0,0,0,0,0,0,1,0,1,1,0,1,0,0,0,0,0,0,0,0,0,0,0,0,0,0,0,0,0,0,0,0,0,0,0,0,0,0,0,0,0,0,0,1,2,,,,,,,,,,,,,,,,,,,,,,,,0,0,0,0,0,0,0,0,0,0,0,0,longe101,parnr102,dunnj104,bensg101,westj102,bea-d101,hayec101,coopb101,mcheh101,5,7,6,8,3,9,4,2,1,mackb102,mattf101,seayd101,parkc101,pearl102,suttm101,irvim101,stone101,0,0,0,1,0,0,0,0,0,0,0,0,0,1,0,0,0,0,0,43,4,0,0,0,0,0,0,4,3+,G,0,0,17,mccrf901,cockp101,,,,,19400518,regular,full
PH5194005182,K,2,1,1,PHI17,PH5,NW2,0,5,dunnj104,walkj105,3,6,R,?,?,?,??,,,1,1,0,0,0,0,0,0,0,0,1,0,0,0,0,0,0,0,0,0,0,0,0,0,0,0,0,0,0,0,0,0,0,0,0,0,0,0,0,0,0,0,0,0,0,0,0,0,0,0,0,2,3,,,,,,,,,,,,,,,,,,,,,,,,0,0,0,0,0,0,0,0,0,0,0,0,longe101,parnr102,dunnj104,bensg101,westj102,bea-d101,hayec101,coopb101,mcheh101,5,7,6,8,3,9,4,2,1,mackb102,mattf101,seayd101,parkc101,pearl102,suttm101,irvim101,stone101,0,0,1,0,0,0,0,0,0,0,0,0,0,0,0,0,0,0,0,2,0,0,0,0,0,0,0,0,,,0,0,18,mccrf901,cockp101,,,,,19400518,regular,full
PH5194005182,K,3,0,0,PHI17,NW2,PH5,0,5,parkc101,mcheh101,7,5,R,R,?,?,??,,,1,1,0,0,0,0,0,0,0,0,1,0,0,0,0,0,0,0,0,0,0,0,0,0,0,0,0,0,0,0,0,0,0,0,0,0,0,0,0,0,0,0,0,0,0,0,0,0,0,0,0,0,1,,,,,,,,,,,,,,,,,,,,,,,,0,0,0,0,0,0,0,0,0,0,0,0,mattf101,seayd101,stone101,suttm101,pearl102,irvim101,parkc101,mackb102,walkj105,3,4,9,7,6,8,5,2,1,coopb101,westj102,hayec101,longe101,dunnj104,parnr102,bensg101,bea-d101,0,0,1,0,0,0,0,0,0,0,0,0,0,0,0,0,0,0,0,2,0,0,0,0,0,0,0,0,,,0,0,19,mccrf901,cockp101,,,,,19400518,regular,full
PH5194005182,S7,3,0,0,PHI17,NW2,PH5,0,5,mackb102,mcheh101,8,2,B,R,?,?,??,,,1,1,1,0,0,0,0,0,0,0,0,0,0,0,0,0,0,1,0,0,0,0,0,0,0,0,0,0,0,0,0,0,0,0,0,0,0,0,0,0,0,0,0,0,0,0,0,0,0,0,0,1,1,,,,mackb102,,,,,,,,,mcheh101,,,,,,,,,,,0,0,0,0,0,0,0,0,0,0,0,0,mattf101,seayd101,stone101,suttm101,pearl102,irvim101,parkc101,mackb102,walkj105,3,4,9,7,6,8,5,2,1,coopb101,westj102,hayec101,longe101,dunnj104,parnr102,bensg101,bea-d101,0,0,0,0,0,0,0,0,0,0,0,0,0,0,0,0,0,0,0,,0,0,0,0,0,0,0,7,7+,,0,0,20,mccrf901,cockp101,,,,,19400518,regular,full
PH5194005182,K,3,0,0,PHI17,NW2,PH5,0,5,walkj105,mcheh101,9,1,?,R,?,?,??,,,1,1,0,0,0,0,0,0,0,0,1,0,0,0,0,0,0,0,0,0,0,0,0,0,0,0,0,0,0,0,0,0,0,0,0,0,0,0,0,0,0,0,0,0,0,0,0,0,0,0,0,1,2,mackb102,,,mackb102,,,,,,mcheh101,,,mcheh101,,,,,,,,,,,0,0,0,0,0,0,0,0,0,0,0,0,mattf101,seayd101,stone101,suttm101,pearl102,irvim101,parkc101,mackb102,walkj105,3,4,9,7,6,8,5,2,1,coopb101,westj102,hayec101,longe101,dunnj104,parnr102,bensg101,bea-d101,0,0,1,0,0,0,0,0,0,0,0,0,0,0,0,0,0,0,0,2,0,0,0,0,0,0,0,0,,,0,0,21,mccrf901,cockp101,,,,,19400518,regular,full
PH5194005182,13,3,0,0,PHI17,NW2,PH5,0,5,mattf101,mcheh101,1,3,L,R,?,?,??,,,1,1,0,0,0,0,0,0,0,0,0,0,0,0,1,0,1,1,0,1,0,0,0,0,0,0,0,0,0,0,0,0,0,0,0,0,0,0,0,0,0,0,0,0,0,0,0,0,0,0,0,2,3,mackb102,,,,,,mackb102,,,mcheh101,,,,,,,,,,,,,,0,0,0,0,0,0,0,0,0,0,0,0,mattf101,seayd101,stone101,suttm101,pearl102,irvim101,parkc101,mackb102,walkj105,3,4,9,7,6,8,5,2,1,coopb101,westj102,hayec101,longe101,dunnj104,parnr102,bensg101,bea-d101,0,0,0,1,0,0,0,0,0,0,1,0,0,0,0,0,0,0,0,13,1,0,0,0,0,0,0,1,13+,G,0,0,22,mccrf901,cockp101,,,,,19400518,regular,full
PH5194005182,7,3,1,1,PHI17,PH5,NW2,0,5,bensg101,walkj105,4,8,L,?,?,?,??,,,1,1,0,0,0,0,0,0,0,0,0,0,0,0,1,0,1,1,0,0,1,0,0,0,0,0,0,0,0,0,0,0,0,0,0,0,0,0,0,0,0,0,0,0,0,0,0,0,0,0,0,0,1,,,,,,,,,,,,,,,,,,,,,,,,0,0,0,0,0,0,0,0,0,0,0,0,longe101,parnr102,dunnj104,bensg101,westj102,bea-d101,hayec101,coopb101,mcheh101,5,7,6,8,3,9,4,2,1,mackb102,mattf101,seayd101,parkc101,pearl102,suttm101,irvim101,stone101,0,0,0,0,0,0,0,1,0,0,0,0,0,0,0,0,0,0,0,7,7,0,0,0,0,0,0,7,7+,F,0,0,23,mccrf901,cockp101,,,,,19400518,regular,full
PH5194005182,S,3,1,1,PHI17,PH5,NW2,0,5,westj102,walkj105,5,3,B,?,?,?,??,,,1,1,1,0,0,0,0,0,0,0,0,0,0,0,0,0,0,1,0,0,0,0,0,0,0,0,0,0,0,0,0,0,0,0,0,0,0,0,0,0,0,0,0,0,0,0,0,0,0,0,0,1,1,,,,westj102,,,,,,,,,walkj105,,,,,,,,,,,0,0,0,0,0,0,0,0,0,0,0,0,longe101,parnr102,dunnj104,bensg101,westj102,bea-d101,hayec101,coopb101,mcheh101,5,7,6,8,3,9,4,2,1,mackb102,mattf101,seayd101,parkc101,pearl102,suttm101,irvim101,stone101,0,0,0,0,0,0,0,0,0,0,0,0,0,0,0,0,0,0,0,,0,0,0,0,0,0,0,0,,,0,0,24,mccrf901,cockp101,,,,,19400518,regular,full
PH5194005182,43.1-2,3,1,1,PHI17,PH5,NW2,0,5,bea-d101,walkj105,6,9,?,?,?,?,??,,,1,1,0,0,0,0,0,0,0,0,0,0,0,0,1,0,1,1,0,1,0,0,0,0,0,0,0,0,0,0,0,0,0,0,0,0,0,0,0,0,0,0,0,0,0,0,0,0,0,0,0,1,2,westj102,,,,westj102,,,,,walkj105,,,,walkj105,,,,,,,,,,0,0,0,0,0,0,0,0,0,0,0,0,longe101,parnr102,dunnj104,bensg101,westj102,bea-d101,hayec101,coopb101,mcheh101,5,7,6,8,3,9,4,2,1,mackb102,mattf101,seayd101,parkc101,pearl102,suttm101,irvim101,stone101,0,0,0,1,0,0,0,0,0,0,0,0,0,1,0,0,0,0,0,43,4,0,0,0,0,0,0,4,3+,G,0,0,25,mccrf901,cockp101,,,,,19400518,regular,full
PH5194005182,6,3,1,1,PHI17,PH5,NW2,0,5,hayec101,walkj105,7,4,?,?,?,?,??,,,1,1,0,0,0,0,0,0,0,0,0,0,0,0,1,0,1,1,0,0,1,0,0,0,0,0,0,0,0,0,0,0,0,0,0,0,0,0,0,0,0,0,0,0,0,0,0,0,0,0,0,2,3,,westj102,,,,,westj102,,,,walkj105,,,,,,,,,,,,,0,0,0,0,0,0,0,0,0,0,0,0,longe101,parnr102,dunnj104,bensg101,westj102,bea-d101,hayec101,coopb101,mcheh101,5,7,6,8,3,9,4,2,1,mackb102,mattf101,seayd101,parkc101,pearl102,suttm101,irvim101,stone101,0,0,0,0,0,0,1,0,0,0,0,0,0,0,0,0,0,0,0,6,6,0,0,0,0,0,0,6,6+,F,0,0,26,mccrf901,cockp101,,,,,19400518,regular,full
PH5194005182,63,4,0,0,PHI17,NW2,PH5,0,5,seayd101,mcheh101,2,4,R,R,?,?,??,,,1,1,0,0,0,0,0,0,0,0,0,0,0,0,1,0,1,1,0,1,0,0,0,0,0,0,0,0,0,0,0,0,0,0,0,0,0,0,0,0,0,0,0,0,0,0,0,0,0,0,0,0,1,,,,,,,,,,,,,,,,,,,,,,,,0,0,0,0,0,0,0,0,0,0,0,0,mattf101,seayd101,stone101,suttm101,pearl102,irvim101,parkc101,mackb102,walkj105,3,4,9,7,6,8,5,2,1,coopb101,westj102,hayec101,longe101,dunnj104,parnr102,bensg101,bea-d101,0,0,0,1,0,0,0,0,0,0,0,0,0,0,0,1,0,0,0,63,6,0,0,0,0,0,0,6,3+,G,0,0,27,mccrf901,cockp101,,,,,19400518,regular,full
PH5194005182,8,4,0,0,PHI17,NW2,PH5,0,5,stone101,mcheh101,3,9,L,R,?,?,??,,,1,1,0,0,0,0,0,0,0,0,0,0,0,0,1,0,1,1,0,0,1,0,0,0,0,0,0,0,0,0,0,0,0,0,0,0,0,0,0,0,0,0,0,0,0,0,0,0,0,0,0,1,2,,,,,,,,,,,,,,,,,,,,,,,,0,0,0,0,0,0,0,0,0,0,0,0,mattf101,seayd101,stone101,suttm101,pearl102,irvim101,parkc101,mackb102,walkj105,3,4,9,7,6,8,5,2,1,coopb101,westj102,hayec101,longe101,dunnj104,parnr102,bensg101,bea-d101,0,0,0,0,0,0,0,0,1,0,0,0,0,0,0,0,0,0,0,8,8,0,0,0,0,0,0,8,8+,F,0,0,28,mccrf901,cockp101,,,,,19400518,regular,full
PH5194005182,9,4,0,0,PHI17,NW2,PH5,0,5,suttm101,mcheh101,4,7,R,R,?,?,??,,,1,1,0,0,0,0,0,0,0,0,0,0,0,0,1,0,1,1,0,0,1,0,0,0,0,0,0,0,0,0,0,0,0,0,0,0,0,0,0,0,0,0,0,0,0,0,0,0,0,0,0,2,3,,,,,,,,,,,,,,,,,,,,,,,,0,0,0,0,0,0,0,0,0,0,0,0,mattf101,seayd101,stone101,suttm101,pearl102,irvim101,parkc101,mackb102,walkj105,3,4,9,7,6,8,5,2,1,coopb101,westj102,hayec101,longe101,dunnj104,parnr102,bensg101,bea-d101,0,0,0,0,0,0,0,0,0,1,0,0,0,0,0,0,0,0,0,9,9,0,0,0,0,0,0,9,9+,F,0,0,29,mccrf901,cockp101,,,,,19400518,regular,full
PH5194005182,4,4,1,1,PHI17,PH5,NW2,0,5,coopb101,walkj105,8,2,L,?,?,?,??,,,1,1,0,0,0,0,0,0,0,0,0,0,0,0,1,0,1,1,0,0,1,0,0,0,0,0,0,0,0,0,0,0,0,0,0,0,0,0,0,0,0,0,0,0,0,0,0,0,0,0,0,0,1,,,,,,,,,,,,,,,,,,,,,,,,0,0,0,0,0,0,0,0,0,0,0,0,longe101,parnr102,dunnj104,bensg101,westj102,bea-d101,hayec101,coopb101,mcheh101,5,7,6,8,3,9,4,2,1,mackb102,mattf101,seayd101,parkc101,pearl102,suttm101,irvim101,stone101,0,0,0,0,1,0,0,0,0,0,0,0,0,0,0,0,0,0,0,4,4,0,0,0,0,0,0,4,4+,F,0,0,30,mccrf901,cockp101,,,,,19400518,regular,full
PH5194005182,D7,4,1,1,PHI17,PH5,NW2,0,5,mcheh101,walkj105,9,1,R,?,?,?,??,,,1,1,0,1,0,0,0,0,0,0,0,0,0,0,0,0,0,1,0,0,0,0,0,0,0,0,0,0,0,0,0,0,0,0,0,0,0,0,0,0,0,0,0,0,0,0,0,0,0,0,0,1,1,,,,,mcheh101,,,,,,,,,walkj105,,,,,,,,,,0,0,0,0,0,0,0,0,0,0,0,0,longe101,parnr102,dunnj104,bensg101,westj102,bea-d101,hayec101,coopb101,mcheh101,5,7,6,8,3,9,4,2,1,mackb102,mattf101,seayd101,parkc101,pearl102,suttm101,irvim101,stone101,0,0,0,0,0,0,0,0,0,0,0,0,0,0,0,0,0,0,0,,0,0,0,0,0,0,0,7,7+,,0,0,31,mccrf901,cockp101,,,,,19400518,regular,full
PH5194005182,83,4,1,1,PHI17,PH5,NW2,0,5,longe101,walkj105,1,5,R,?,?,?,??,,,1,1,0,0,0,0,0,0,0,0,0,0,0,0,1,0,1,1,0,1,0,0,0,0,0,0,0,0,0,0,0,0,0,0,0,0,0,0,0,0,0,0,0,0,0,0,0,0,0,0,0,1,2,,mcheh101,,,mcheh101,,,,,,walkj105,,,walkj105,,,,,,,,,,0,0,0,0,0,0,0,0,0,0,0,0,longe101,parnr102,dunnj104,bensg101,westj102,bea-d101,hayec101,coopb101,mcheh101,5,7,6,8,3,9,4,2,1,mackb102,mattf101,seayd101,parkc101,pearl102,suttm101,irvim101,stone101,0,0,0,1,0,0,0,0,0,0,0,0,0,0,0,0,0,1,0,83,8,0,0,0,0,0,0,8,8+,G,0,0,32,mccrf901,cockp101,,,,,19400518,regular,full
PH5194005182,K,4,1,1,PHI17,PH5,NW2,0,5,parnr102,walkj105,2,7,R,?,?,?,??,,,1,1,0,0,0,0,0,0,0,0,1,0,0,0,0,0,0,0,0,0,0,0,0,0,0,0,0,0,0,0,0,0,0,0,0,0,0,0,0,0,0,0,0,0,0,0,0,0,0,0,0,2,3,,mcheh101,,,,,mcheh101,,,,walkj105,,,,,,,,,,,,,0,0,0,0,0,0,0,0,0,0,0,0,longe101,parnr102,dunnj104,bensg101,westj102,bea-d101,hayec101,coopb101,mcheh101,5,7,6,8,3,9,4,2,1,mackb102,mattf101,seayd101,parkc101,pearl102,suttm101,irvim101,stone101,0,0,1,0,0,0,0,0,0,0,0,0,0,0,0,0,0,0,0,2,0,0,0,0,0,0,0,0,,,0,0,33,mccrf901,cockp101,,,,,19400518,regular,full
PH5194005182,S8,5,0,0,PHI17,NW2,PH5,0,5,pearl102,mcheh101,5,6,R,R,?,?,??,,,1,1,1,0,0,0,0,0,0,0,0,0,0,0,0,0,0,1,0,0,0,0,0,0,0,0,0,0,0,0,0,0,0,0,0,0,0,0,0,0,0,0,0,0,0,0,0,0,0,0,0,0,0,,,,pearl102,,,,,,,,,mcheh101,,,,,,,,,,,0,0,0,0,0,0,0,0,0,0,0,0,mattf101,seayd101,stone101,suttm101,pearl102,irvim101,parkc101,mackb102,walkj105,3,4,9,7,6,8,5,2,1,coopb101,westj102,hayec101,longe101,dunnj104,parnr102,bensg101,bea-d101,0,0,0,0,0,0,0,0,0,0,0,0,0,0,0,0,0,0,0,,0,0,0,0,0,0,0,8,8+,,0,0,34,mccrf901,cockp101,,,,,19400518,regular,full
PH5194005182,T7.1-H,5,0,0,PHI17,NW2,PH5,0,5,irvim101,mcheh101,6,8,R,R,?,?,??,,,1,1,0,0,1,0,0,0,0,0,0,0,0,0,0,0,0,1,0,0,0,0,0,0,0,0,0,0,0,0,0,0,0,0,0,0,0,0,0,0,0,0,0,0,0,0,0,0,0,0,0,0,0,pearl102,,,,,irvim101,,,,mcheh101,,,,,mcheh101,,pearl102,,,,mcheh101,,,0,0,0,0,0,1,0,0,1,1,1,0,mattf101,seayd101,stone101,suttm101,pearl102,irvim101,parkc101,mackb102,walkj105,3,4,9,7,6,8,5,2,1,coopb101,westj102,hayec101,longe101,dunnj104,parnr102,bensg101,bea-d101,0,0,0,0,0,0,0,0,0,0,0,0,0,0,0,0,0,0,0,,0,0,0,0,0,0,0,7,7+,,0,0,35,mccrf901,cockp101,,,,,19400518,regular,full
PH5194005182,43.3-H,5,0,0,PHI17,NW2,PH5,1,5,parkc101,mcheh101,7,5,R,R,?,?,??,,,1,1,0,0,0,0,0,0,0,0,0,0,0,0,1,0,1,1,0,1,0,0,0,0,0,0,0,0,0,0,0,0,0,0,0,0,0,0,0,0,0,0,0,0,0,0,0,0,0,0,0,0,1,,,irvim101,,,,,,,,,mcheh101,,,,,,,irvim101,,,,mcheh101,0,0,0,0,0,0,0,1,1,1,1,0,mattf101,seayd101,stone101,suttm101,pearl102,irvim101,parkc101,mackb102,walkj105,3,4,9,7,6,8,5,2,1,coopb101,westj102,hayec101,longe101,dunnj104,parnr102,bensg101,bea-d101,0,0,0,1,0,0,0,0,0,0,0,0,0,1,0,0,0,0,0,43,4,0,0,0,0,0,0,4,3+,G,0,0,36,mccrf901,cockp101,,,,,19400518,regular,full
PH5194005182,13,5,0,0,PHI17,NW2,PH5,2,5,mackb102,mcheh101,8,2,B,R,?,?,??,,,1,1,0,0,0,0,0,0,0,0,0,0,0,0,1,0,1,1,0,1,0,0,0,0,0,0,0,0,0,0,0,0,0,0,0,0,0,0,0,0,0,0,0,0,0,0,0,0,0,0,0,1,2,,,,,,,,,,,,,,,,,,,,,,,,0,0,0,0,0,0,0,0,0,0,0,0,mattf101,seayd101,stone101,suttm101,pearl102,irvim101,parkc101,mackb102,walkj105,3,4,9,7,6,8,5,2,1,coopb101,westj102,hayec101,longe101,dunnj104,parnr102,bensg101,bea-d101,0,0,0,1,0,0,0,0,0,0,1,0,0,0,0,0,0,0,0,13,1,0,0,0,0,0,0,1,13+,G,0,0,37,mccrf901,cockp101,,,,,19400518,regular,full
PH5194005182,S7,5,0,0,PHI17,NW2,PH5,2,5,walkj105,mcheh101,9,1,?,R,?,?,??,,,1,1,1,0,0,0,0,0,0,0,0,0,0,0,0,0,0,1,0,0,0,0,0,0,0,0,0,0,0,0,0,0,0,0,0,0,0,0,0,0,0,0,0,0,0,0,0,0,0,0,0,2,2,,,,walkj105,,,,,,,,,mcheh101,,,,,,,,,,,0,0,0,0,0,0,0,0,0,0,0,0,mattf101,seayd101,stone101,suttm101,pearl102,irvim101,parkc101,mackb102,walkj105,3,4,9,7,6,8,5,2,1,coopb101,westj102,hayec101,longe101,dunnj104,parnr102,bensg101,bea-d101,0,0,0,0,0,0,0,0,0,0,0,0,0,0,0,0,0,0,0,,0,0,0,0,0,0,0,7,7+,,0,0,38,mccrf901,cockp101,,,,,19400518,regular,full
PH5194005182,S7.1-2,5,0,0,PHI17,NW2,PH5,2,5,mattf101,mcheh101,1,3,L,R,?,?,??,,,1,1,1,0,0,0,0,0,0,0,0,0,0,0,0,0,0,1,0,0,0,0,0,0,0,0,0,0,0,0,0,0,0,0,0,0,0,0,0,0,0,0,0,0,0,0,0,0,0,0,0,2,2,walkj105,,,mattf101,walkj105,,,,,mcheh101,,,mcheh101,mcheh101,,,,,,,,,,0,0,0,0,0,0,0,0,0,0,0,0,mattf101,seayd101,stone101,suttm101,pearl102,irvim101,parkc101,mackb102,walkj105,3,4,9,7,6,8,5,2,1,coopb101,westj102,hayec101,longe101,dunnj104,parnr102,bensg101,bea-d101,0,0,0,0,0,0,0,0,0,0,0,0,0,0,0,0,0,0,0,,0,0,0,0,0,0,0,7,7+,,0,0,39,mccrf901,cockp101,,,,,19400518,regular,full
PH5194005182,43,5,0,0,PHI17,NW2,PH5,2,5,seayd101,mcheh101,2,4,R,R,?,?,??,,,1,1,0,0,0,0,0,0,0,0,0,0,0,0,1,0,1,1,0,1,0,0,0,0,0,0,0,0,0,0,0,0,0,0,0,0,0,0,0,0,0,0,0,0,0,0,0,0,0,0,0,2,3,mattf101,walkj105,,,,,walkj105,mattf101,,mcheh101,mcheh101,,,,,,,,,,,,,0,0,0,0,0,0,0,0,0,0,0,0,mattf101,seayd101,stone101,suttm101,pearl102,irvim101,parkc101,mackb102,walkj105,3,4,9,7,6,8,5,2,1,coopb101,westj102,hayec101,longe101,dunnj104,parnr102,bensg101,bea-d101,0,0,0,1,0,0,0,0,0,0,0,0,0,1,0,0,0,0,0,43,4,0,0,0,0,0,0,4,3+,G,0,0,40,mccrf901,cockp101,,,,,19400518,regular,full
PH5194005182,43,5,1,1,PHI17,PH5,NW2,2,5,dunnj104,walkj105,3,6,R,?,?,?,??,,,1,1,0,0,0,0,0,0,0,0,0,0,0,0,1,0,1,1,0,1,0,0,0,0,0,0,0,0,0,0,0,0,0,0,0,0,0,0,0,0,0,0,0,0,0,0,0,0,0,0,0,0,1,,,,,,,,,,,,,,,,,,,,,,,,0,0,0,0,0,0,0,0,0,0,0,0,longe101,parnr102,dunnj104,bensg101,westj102,bea-d101,hayec101,coopb101,mcheh101,5,7,6,8,3,9,4,2,1,mackb102,mattf101,seayd101,parkc101,pearl102,suttm101,irvim101,stone101,0,0,0,1,0,0,0,0,0,0,0,0,0,1,0,0,0,0,0,43,4,0,0,0,0,0,0,4,3+,G,0,0,41,mccrf901,cockp101,,,,,19400518,regular,full
PH5194005182,8,5,1,1,PHI17,PH5,NW2,2,5,bensg101,walkj105,4,8,L,?,?,?,??,,,1,1,0,0,0,0,0,0,0,0,0,0,0,0,1,0,1,1,0,0,1,0,0,0,0,0,0,0,0,0,0,0,0,0,0,0,0,0,0,0,0,0,0,0,0,0,0,0,0,0,0,1,2,,,,,,,,,,,,,,,,,,,,,,,,0,0,0,0,0,0,0,0,0,0,0,0,longe101,parnr102,dunnj104,bensg101,westj102,bea-d101,hayec101,coopb101,mcheh101,5,7,6,8,3,9,4,2,1,mackb102,mattf101,seayd101,parkc101,pearl102,suttm101,irvim101,stone101,0,0,0,0,0,0,0,0,1,0,0,0,0,0,0,0,0,0,0,8,8,0,0,0,0,0,0,8,8+,F,0,0,42,mccrf901,cockp101,,,,,19400518,regular,full
PH5194005182,43,5,1,1,PHI17,PH5,NW2,2,5,westj102,walkj105,5,3,B,?,?,?,??,,,1,1,0,0,0,0,0,0,0,0,0,0,0,0,1,0,1,1,0,1,0,0,0,0,0,0,0,0,0,0,0,0,0,0,0,0,0,0,0,0,0,0,0,0,0,0,0,0,0,0,0,2,3,,,,,,,,,,,,,,,,,,,,,,,,0,0,0,0,0,0,0,0,0,0,0,0,longe101,parnr102,dunnj104,bensg101,westj102,bea-d101,hayec101,coopb101,mcheh101,5,7,6,8,3,9,4,2,1,mackb102,mattf101,seayd101,parkc101,pearl102,suttm101,irvim101,stone101,0,0,0,1,0,0,0,0,0,0,0,0,0,1,0,0,0,0,0,43,4,0,0,0,0,0,0,4,3+,G,0,0,43,mccrf901,cockp101,,,,,19400518,regular,full
PH5194005182,S8,6,0,0,PHI17,NW2,PH5,2,5,stone101,mcheh101,3,9,L,R,?,?,??,,,1,1,1,0,0,0,0,0,0,0,0,0,0,0,0,0,0,1,0,0,0,0,0,0,0,0,0,0,0,0,0,0,0,0,0,0,0,0,0,0,0,0,0,0,0,0,0,0,0,0,0,0,0,,,,stone101,,,,,,,,,mcheh101,,,,,,,,,,,0,0,0,0,0,0,0,0,0,0,0,0,mattf101,seayd101,stone101,suttm101,pearl102,irvim101,parkc101,mackb102,walkj105,3,4,9,7,6,8,5,2,1,coopb101,westj102,hayec101,longe101,dunnj104,parnr102,bensg101,bea-d101,0,0,0,0,0,0,0,0,0,0,0,0,0,0,0,0,0,0,0,,0,0,0,0,0,0,0,8,8+,,0,0,44,mccrf901,cockp101,,,,,19400518,regular,full
PH5194005182,8,6,0,0,PHI17,NW2,PH5,2,5,suttm101,mcheh101,4,7,R,R,?,?,??,,,1,1,0,0,0,0,0,0,0,0,0,0,0,0,1,0,1,1,0,0,1,0,0,0,0,0,0,0,0,0,0,0,0,0,0,0,0,0,0,0,0,0,0,0,0,0,0,0,0,0,0,0,1,stone101,,,stone101,,,,,,mcheh101,,,mcheh101,,,,,,,,,,,0,0,0,0,0,0,0,0,0,0,0,0,mattf101,seayd101,stone101,suttm101,pearl102,irvim101,parkc101,mackb102,walkj105,3,4,9,7,6,8,5,2,1,coopb101,westj102,hayec101,longe101,dunnj104,parnr102,bensg101,bea-d101,0,0,0,0,0,0,0,0,1,0,0,0,0,0,0,0,0,0,0,8,8,0,0,0,0,0,0,8,8+,F,0,0,45,mccrf901,cockp101,,,,,19400518,regular,full
PH5194005182,6,6,0,0,PHI17,NW2,PH5,2,5,pearl102,mcheh101,5,6,R,R,?,?,??,,,1,1,0,0,0,0,0,0,0,0,0,0,0,0,1,0,1,1,0,0,1,0,0,0,0,0,0,0,0,0,0,0,0,0,0,0,0,0,0,0,0,0,0,0,0,0,0,0,0,0,0,1,2,stone101,,,stone101,,,,,,mcheh101,,,mcheh101,,,,,,,,,,,0,0,0,0,0,0,0,0,0,0,0,0,mattf101,seayd101,stone101,suttm101,pearl102,irvim101,parkc101,mackb102,walkj105,3,4,9,7,6,8,5,2,1,coopb101,westj102,hayec101,longe101,dunnj104,parnr102,bensg101,bea-d101,0,0,0,0,0,0,1,0,0,0,0,0,0,0,0,0,0,0,0,6,6,0,0,0,0,0,0,6,6+,F,0,0,46,mccrf901,cockp101,,,,,19400518,regular,full
PH5194005182,CS2(26),6,0,0,PHI17,NW2,PH5,2,5,irvim101,mcheh101,6,8,R,R,?,?,??,,,0,0,0,0,0,0,0,0,0,0,0,0,0,0,0,0,0,0,0,0,0,0,0,0,0,0,0,0,0,0,0,0,0,0,0,1,0,0,0,0,0,0,0,0,0,0,0,0,0,0,0,2,3,stone101,,,,,,,,,mcheh101,,,,,,,,,,,,,,0,0,0,0,0,0,0,0,0,0,0,0,mattf101,seayd101,stone101,suttm101,pearl102,irvim101,parkc101,mackb102,walkj105,3,4,9,7,6,8,5,2,1,coopb101,westj102,hayec101,longe101,dunnj104,parnr102,bensg101,bea-d101,0,0,0,0,0,0,1,0,0,0,0,1,0,0,0,0,0,0,0,26,0,0,0,0,0,0,0,0,,,0,0,47,mccrf901,cockp101,,,,,19400518,regular,full
PH5194005182,7,6,1,1,PHI17,PH5,NW2,2,5,bea-d101,walkj105,6,9,?,?,?,?,??,,,1,1,0,0,0,0,0,0,0,0,0,0,0,0,1,0,1,1,0,0,1,0,0,0,0,0,0,0,0,0,0,0,0,0,0,0,0,0,0,0,0,0,0,0,0,0,0,0,0,0,0,0,1,,,,,,,,,,,,,,,,,,,,,,,,0,0,0,0,0,0,0,0,0,0,0,0,longe101,parnr102,dunnj104,bensg101,westj102,bea-d101,hayec101,coopb101,mcheh101,5,7,6,8,3,9,4,2,1,mackb102,mattf101,seayd101,parkc101,pearl102,suttm101,irvim101,stone101,0,0,0,0,0,0,0,1,0,0,0,0,0,0,0,0,0,0,0,7,7,0,0,0,0,0,0,7,7+,F,0,0,48,mccrf901,cockp101,,,,,19400518,regular,full
PH5194005182,W,6,1,1,PHI17,PH5,NW2,2,5,hayec101,walkj105,7,4,?,?,?,?,??,,,1,0,0,0,0,0,0,0,0,1,0,0,0,0,0,0,0,0,0,0,0,0,0,0,0,0,0,0,0,0,0,0,0,0,0,0,0,0,0,0,0,0,0,0,0,0,0,0,0,0,0,1,1,,,,hayec101,,,,,,,,,walkj105,,,,,,,,,,,0,0,0,0,0,0,0,0,0,0,0,0,longe101,parnr102,dunnj104,bensg101,westj102,bea-d101,hayec101,coopb101,mcheh101,5,7,6,8,3,9,4,2,1,mackb102,mattf101,seayd101,parkc101,pearl102,suttm101,irvim101,stone101,0,0,0,0,0,0,0,0,0,0,0,0,0,0,0,0,0,0,0,,0,0,0,0,0,0,0,0,,,0,0,49,mccrf901,cockp101,,,,,19400518,regular,full
PH5194005182,3,6,1,1,PHI17,PH5,NW2,2,5,coopb101,walkj105,8,2,L,?,?,?,??,,,1,1,0,0,0,0,0,0,0,0,0,0,0,0,1,0,1,1,0,0,1,0,0,0,0,0,0,0,0,0,0,0,0,0,0,0,0,0,0,0,0,0,0,0,0,0,0,0,0,0,0,1,2,hayec101,,,hayec101,,,,,,walkj105,,,walkj105,,,,,,,,,,,0,0,0,0,0,0,0,0,0,0,0,0,longe101,parnr102,dunnj104,bensg101,westj102,bea-d101,hayec101,coopb101,mcheh101,5,7,6,8,3,9,4,2,1,mackb102,mattf101,seayd101,parkc101,pearl102,suttm101,irvim101,stone101,0,0,0,1,0,0,0,0,0,0,0,0,0,0,0,0,0,0,0,3,3,0,0,0,0,0,0,3,3+,F,0,0,50,mccrf901,cockp101,,,,,19400518,regular,full
PH5194005182,HR/7.1-H,6,1,1,PHI17,PH5,NW2,2,5,mcheh101,walkj105,9,1,R,?,?,?,??,,,1,1,0,0,0,1,0,0,0,0,0,0,0,0,0,0,0,0,0,0,0,0,0,0,0,0,0,0,0,0,0,0,0,0,0,0,0,0,0,0,0,0,0,0,0,0,0,0,0,0,0,2,2,hayec101,,,,,,,,,walkj105,,,,,,mcheh101,hayec101,,,walkj105,walkj105,,,0,0,0,0,1,1,0,0,2,2,2,0,longe101,parnr102,dunnj104,bensg101,westj102,bea-d101,hayec101,coopb101,mcheh101,5,7,6,8,3,9,4,2,1,mackb102,mattf101,seayd101,parkc101,pearl102,suttm101,irvim101,stone101,0,0,0,0,0,0,0,0,0,0,0,0,0,0,0,0,0,0,0,,0,0,0,0,0,0,0,0,,,0,0,51,mccrf901,cockp101,,,,,19400518,regular,full
PH5194005182,7,6,1,1,PHI17,PH5,NW2,2,7,longe101,walkj105,1,5,R,?,?,?,??,,,1,1,0,0,0,0,0,0,0,0,0,0,0,0,1,0,1,1,0,0,1,0,0,0,0,0,0,0,0,0,0,0,0,0,0,0,0,0,0,0,0,0,0,0,0,0,0,0,0,0,0,2,3,,,,,,,,,,,,,,,,,,,,,,,,0,0,0,0,0,0,0,0,0,0,0,0,longe101,parnr102,dunnj104,bensg101,westj102,bea-d101,hayec101,coopb101,mcheh101,5,7,6,8,3,9,4,2,1,mackb102,mattf101,seayd101,parkc101,pearl102,suttm101,irvim101,stone101,0,0,0,0,0,0,0,1,0,0,0,0,0,0,0,0,0,0,0,7,7,0,0,0,0,0,0,7,7+,F,0,0,52,mccrf901,cockp101,,,,,19400518,regular,full
PH5194005182,K,7,0,0,PHI17,NW2,PH5,2,7,irvim101,mcheh101,6,8,R,R,?,?,??,,,1,1,0,0,0,0,0,0,0,0,1,0,0,0,0,0,0,0,0,0,0,0,0,0,0,0,0,0,0,0,0,0,0,0,0,0,0,0,0,0,0,0,0,0,0,0,0,0,0,0,0,0,1,,,,,,,,,,,,,,,,,,,,,,,,0,0,0,0,0,0,0,0,0,0,0,0,mattf101,seayd101,stone101,suttm101,pearl102,irvim101,parkc101,mackb102,walkj105,3,4,9,7,6,8,5,2,1,coopb101,westj102,hayec101,longe101,dunnj104,parnr102,bensg101,bea-d101,0,0,1,0,0,0,0,0,0,0,0,0,0,0,0,0,0,0,0,2,0,0,0,0,0,0,0,0,,,0,0,53,mccrf901,cockp101,,,,,19400518,regular,full
PH5194005182,9,7,0,0,PHI17,NW2,PH5,2,7,parkc101,mcheh101,7,5,R,R,?,?,??,,,1,1,0,0,0,0,0,0,0,0,0,0,0,0,1,0,1,1,0,0,1,0,0,0,0,0,0,0,0,0,0,0,0,0,0,0,0,0,0,0,0,0,0,0,0,0,0,0,0,0,0,1,2,,,,,,,,,,,,,,,,,,,,,,,,0,0,0,0,0,0,0,0,0,0,0,0,mattf101,seayd101,stone101,suttm101,pearl102,irvim101,parkc101,mackb102,walkj105,3,4,9,7,6,8,5,2,1,coopb101,westj102,hayec101,longe101,dunnj104,parnr102,bensg101,bea-d101,0,0,0,0,0,0,0,0,0,1,0,0,0,0,0,0,0,0,0,9,9,0,0,0,0,0,0,9,9+,F,0,0,54,mccrf901,cockp101,,,,,19400518,regular,full
PH5194005182,E5,7,0,0,PHI17,NW2,PH5,2,7,hillj104,mcheh101,8,11,L,R,?,?,??,,,1,1,0,0,0,0,0,0,0,0,0,0,1,0,0,0,0,1,0,1,0,0,0,0,0,0,0,0,0,0,0,0,0,0,0,0,0,0,0,0,0,0,0,0,0,0,1,0,0,0,0,2,2,,,,hillj104,,,,,,,,,mcheh101,,,,,,,,,,,0,0,0,0,0,0,0,0,0,0,0,0,mattf101,seayd101,stone101,suttm101,pearl102,irvim101,parkc101,hillj104,walkj105,3,4,9,7,6,8,5,11,1,coopb101,westj102,hayec101,longe101,dunnj104,parnr102,bensg101,bea-d101,0,0,0,0,0,0,0,0,0,0,0,0,0,0,0,0,0,0,0,,0,0,0,0,0,0,0,5,5+,G,0,0,55,mccrf901,cockp101,,,,,19400518,regular,full
PH5194005182,K,7,0,0,PHI17,NW2,PH5,2,7,isrec101,mcheh101,9,11,R,R,?,?,??,,,1,1,0,0,0,0,0,0,0,0,1,0,0,0,0,0,0,0,0,0,0,0,0,0,0,0,0,0,0,0,0,0,0,0,0,0,0,0,0,0,0,0,0,0,0,0,0,0,0,0,0,2,3,hillj104,,,,,,hillj104,,,mcheh101,,,,,,,,,,,,,,0,0,0,0,0,0,0,0,0,0,0,0,mattf101,seayd101,stone101,suttm101,pearl102,irvim101,parkc101,hillj104,isrec101,3,4,9,7,6,8,5,11,11,coopb101,westj102,hayec101,longe101,dunnj104,parnr102,bensg101,bea-d101,0,0,1,0,0,0,0,0,0,0,0,0,0,0,0,0,0,0,0,2,0,0,0,0,0,0,0,0,,,0,0,56,mccrf901,cockp101,,,,,19400518,regular,full
