gid,id,team,b_lp,b_seq,stattype,b_pa,b_ab,b_r,b_h,b_d,b_t,b_hr,b_rbi,b_sh,b_sf,b_hbp,b_w,b_iw,b_k,b_sb,b_cs,b_gdp,b_xi,b_roe,dh,ph,pr,date,number,site,vishome,opp,win,loss,tie,gametype,box,pbp,eject
ASW195408220,masoh101,ASW,9,2,value,1,0,1,0,0,0,0,0,0,0,0,1,0,,0,0,0,0,0,,,,19540822,0,CHI10,h,ASE,1,0,0,allstar,y,d,
PHI195809122,masoh101,PHI,9,3,value,2,2,0,0,0,0,0,0,0,0,0,0,0,1,0,0,0,0,0,,,,19580912,2,PHI11,h,SFN,0,1,0,regular,y,y,
PHI196004160,masoh101,PHI,9,5,value,0,0,0,0,0,0,0,0,0,0,0,0,0,0,0,0,0,0,0,,,,19600416,0,PHI11,h,MLN,0,1,0,regular,y,y,
PIT196004210,masoh101,PHI,9,3,value,1,1,0,0,0,0,0,0,0,0,0,0,0,0,0,0,0,0,0,,,,19600421,0,PIT06,v,PIT,0,1,0,regular,y,y,
PHI196004242,masoh101,PHI,9,6,value,0,0,0,0,0,0,0,0,0,0,0,0,0,0,0,0,0,0,0,,,,19600424,2,PHI11,h,CIN,0,1,0,regular,y,y,
