gid,id,team,b_lp,b_seq,stattype,b_pa,b_ab,b_r,b_h,b_d,b_t,b_hr,b_rbi,b_sh,b_sf,b_hbp,b_w,b_iw,b_k,b_sb,b_cs,b_gdp,b_xi,b_roe,dh,ph,pr,date,number,site,vishome,opp,win,loss,tie,gametype,box,pbp,eject
BRO192608300,clabm101,BRO,9,5,value,1,1,0,0,0,0,0,0,0,0,0,0,0,0,0,0,0,0,0,,1,,19260830,0,NYC15,h,NY1,0,1,0,regular,y,y,
BRO192609030,clabm101,BRO,5,2,value,1,1,0,0,0,0,0,1,0,0,0,0,0,0,0,0,0,0,0,,1,,19260903,0,NYC15,h,PHI,1,0,0,regular,y,y,
BRO192609040,clabm101,BRO,1,2,value,1,0,1,0,0,0,0,0,0,0,1,0,0,0,0,0,0,0,0,,1,,19260904,0,NYC15,h,PHI,1,0,0,regular,y,y,
PHI192609090,clabm101,BRO,9,4,value,2,2,1,1,1,0,0,0,0,0,0,0,0,0,0,0,0,0,0,,1,,19260909,0,PHI09,v,PHI,1,0,0,regular,y,y,
NY1192609111,clabm101,BRO,7,2,value,1,1,0,0,0,0,0,0,0,0,0,0,0,0,0,0,0,0,0,,1,,19260911,1,NYC14,v,NY1,0,1,0,regular,y,y,
BRO192609121,clabm101,BRO,7,2,value,1,1,0,0,0,0,0,0,0,0,0,0,0,0,0,0,0,0,0,,1,,19260912,1,NYC15,h,CIN,0,1,0,regular,y,y,
BRO192609140,clabm101,BRO,9,2,value,1,1,0,0,0,0,0,0,0,0,0,0,0,1,0,0,0,0,0,,1,,19260914,0,NYC15,h,CIN,0,1,0,regular,y,y,
BRO192609140,clabm101,BRO,9,2,official,,1,0,0,0,0,0,0,0,,0,0,,0,0,,,,,,,,19260914,0,NYC15,h,CIN,0,1,0,regular,y,y,
BRO192609150,clabm101,BRO,3,2,value,1,1,0,0,0,0,0,0,0,0,0,0,0,0,0,0,0,0,0,,,,19260915,0,NYC15,h,CIN,0,1,0,regular,y,y,
BRO192609190,clabm101,BRO,5,1,value,4,4,0,0,0,0,0,0,0,0,0,0,0,1,0,0,0,0,0,,,,19260919,0,NYC15,h,PIT,0,1,0,regular,y,y,
BRO192609220,clabm101,BRO,9,4,value,1,1,0,0,0,0,0,0,0,0,0,0,0,0,0,0,0,0,0,,1,,19260922,0,NYC15,h,SLN,0,1,0,regular,y,y,
BRO192609250,clabm101,BRO,8,2,value,1,1,0,0,0,0,0,0,0,0,0,0,0,0,0,0,0,0,0,,1,,19260925,0,NYC15,h,CHN,0,1,0,regular,y,y,
KCM193310150,clabm101,ASD,7,1,value,3,3,0,0,0,0,0,,0,,0,0,,1,0,,,,,,,,19331015,0,KAN05,v,KCM,0,1,0,exhibition,y,,
