gid,id,team,d_seq,d_pos,stattype,d_ifouts,d_po,d_a,d_e,d_dp,d_tp,d_pb,d_wp,d_sb,d_cs,d_gs,date,number,site,vishome,opp,win,loss,tie,gametype,box,pbp,eject
PH5194708072,favot101,KCM,1,3,value,21,8,1,0,0,0,,,,,1,19470807,2,PHI11,v,PH5,0,1,0,exhibition,y,d,
HOM194708102,favot101,KCM,1,7,value,18,,,0,0,0,,,,,1,19470810,2,WAS09,v,HOM,0,1,0,exhibition,y,,
KCM194708171,favot101,KCM,1,7,value,27,1,0,0,0,0,,,,,1,19470817,1,KAN05,h,IN9,0,1,0,regular,y,,
KCM194708200,favot101,KCM,1,9,value,27,0,0,0,0,0,,,,,1,19470820,0,STJ01,h,IN9,0,1,0,regular,y,,
IN9194708210,favot101,KCM,1,9,value,27,1,0,0,0,0,,,,,1,19470821,0,DCT02,v,IN9,1,0,0,regular,y,,
