gid,team,inn1,inn2,inn3,inn4,inn5,inn6,inn7,inn8,inn9,inn10,inn11,inn12,inn13,inn14,inn15,inn16,inn17,inn18,inn19,inn20,inn21,inn22,inn23,inn24,inn25,inn26,inn27,inn28,lob,mgr,stattype,b_pa,b_ab,b_r,b_h,b_d,b_t,b_hr,b_rbi,b_sh,b_sf,b_hbp,b_w,b_iw,b_k,b_sb,b_cs,b_gdp,b_xi,b_roe,p_ipouts,p_noout,p_bfp,p_h,p_d,p_t,p_hr,p_r,p_er,p_w,p_iw,p_k,p_hbp,p_wp,p_bk,p_sh,p_sf,p_sb,p_cs,p_pb,d_po,d_a,d_e,d_dp,d_tp,d_pb,d_wp,d_sb,d_cs,start_l1,start_l2,start_l3,start_l4,start_l5,start_l6,start_l7,start_l8,start_l9,start_f1,start_f2,start_f3,start_f4,start_f5,start_f6,start_f7,start_f8,start_f9,start_f10,date,number,site,vishome,opp,win,loss,tie,gametype,box,pbp
IN4192104240,CNN,0,1,0,0,0,0,0,0,1,,,,,,,,,,,,,,,,,,,,4,molit101,value,33,29,2,5,0,0,0,1,2,,0,2,,3,1,,,0,,27,,35,6,0,0,0,0,0,1,,5,0,0,0,3,,2,,0,27,13,1,0,0,0,0,2,,herrp102,drekv101,barob101,guerm103,parrm102,riosm101,abree101,jimeb101,leblj101,leblj101,abree101,parrm102,jimeb101,herrp102,riosm101,drekv101,barob101,guerm103,,19210424,0,IND11,v,IN4,1,0,0,exhibition,y,
IN4192104240,IN4,0,0,0,0,0,0,0,0,0,,,,,,,,,,,,,,,,,,,,8,taylc104,value,35,31,0,6,0,0,0,0,3,,0,1,,5,2,,,0,,27,,33,5,0,0,0,2,1,2,,3,0,0,0,2,,1,,1,27,9,2,1,0,1,0,1,,clarm103,washn101,jeffr101,taylb108,mackb102,hollc103,day-c102,willc105,jeffj102,jeffj102,mackb102,taylb108,hollc103,day-c102,willc105,washn101,clarm103,jeffr101,,19210424,0,IND11,h,CNN,0,1,0,exhibition,y,
IN4192105090,CB1,0,0,0,0,0,0,0,0,0,,,,,,,,,,,,,,,,,,,,5,lloyj101,value,32,28,0,3,0,0,0,,3,,0,1,,,1,,,,,24,,43,10,0,0,0,7,0,11,,,0,1,0,0,,4,,0,24,11,,0,0,0,1,4,,woodw104,browg103,alexk101,thomc103,hudsr102,lloyj101,dewis101,ewinb103,britg103,britg103,ewinb103,hudsr102,thomc103,dewis101,lloyj101,alexk101,browg103,woodw104,,19210509,0,IND11,v,IN4,0,1,0,regular,y,
IN4192105090,IN4,0,0,0,0,3,2,0,2,,,,,,,,,,,,,,,,,,,,,12,taylc104,value,43,32,7,10,0,0,0,,0,,0,11,,,4,,,,,27,,32,3,0,0,0,0,0,1,,,0,0,0,3,,1,,0,27,20,0,2,0,0,0,1,,clarm103,washn101,jeffr101,taylb108,mackb102,hollc103,day-c102,lowek101,jeffj102,jeffj102,mackb102,taylb108,day-c102,lowek101,clarm103,jeffr101,washn101,hollc103,,19210509,0,IND11,h,CB1,1,0,0,regular,y,
