gid,id,team,p_seq,stattype,p_ipouts,p_noout,p_bfp,p_h,p_d,p_t,p_hr,p_r,p_er,p_w,p_iw,p_k,p_hbp,p_wp,p_bk,p_sh,p_sf,p_sb,p_cs,p_pb,wp,lp,save,p_gs,p_gf,p_cg,date,number,site,vishome,opp,win,loss,tie,gametype,box,pbp
ASW195808240,harrw104,ASE,1,value,9,0,16,3,0,1,0,2,2,4,0,4,0,1,0,0,0,2,0,0,,,,1,,,19580824,0,CHI10,v,ASW,1,0,0,allstar,y,d
ASW195808240,smitw102,ASE,2,value,9,0,12,2,0,0,0,0,0,1,0,4,0,0,0,0,0,0,0,0,1,,,,,,19580824,0,CHI10,v,ASW,1,0,0,allstar,y,d
ASW195808240,winsj102,ASE,3,value,9,0,11,1,0,0,1,1,1,0,0,2,0,0,0,1,0,0,0,0,,,1,,1,,19580824,0,CHI10,v,ASW,1,0,0,allstar,y,d
ASW195808240,pridc101,ASW,1,value,9,0,13,2,0,0,0,0,0,2,0,1,0,0,0,0,0,0,0,0,,,,1,,,19580824,0,CHI10,h,ASE,0,1,0,allstar,y,d
ASW195808240,griga103,ASW,2,value,9,0,15,3,0,0,1,4,3,3,0,1,0,0,0,0,0,0,0,1,,1,,,,,19580824,0,CHI10,h,ASE,0,1,0,allstar,y,d
ASW195808240,cainm101,ASW,3,value,9,0,9,0,0,0,0,0,0,0,0,3,0,0,0,0,0,0,0,0,,,,,1,,19580824,0,CHI10,h,ASE,0,1,0,allstar,y,d
ASW195808310,harrw104,ASE,1,value,27,,,5,,,1,5,,,,,,,,,,,,,1,,,1,,1,19580831,0,NYC16,v,ASW,1,0,0,allstar,,
ASW195808310,cainm101,ASW,2,value,6,,,2,,,0,2,2,1,,,,,,,1,2,,,,1,,,1,,19580831,0,NYC16,h,ASE,0,1,0,allstar,,
ASW195808310,pridc101,ASW,1,value,21,,,4,,,2,4,,,,,,,,,,,,,,,,1,,,19580831,0,NYC16,h,ASE,0,1,0,allstar,,
