gid,id,team,d_seq,d_pos,stattype,d_ifouts,d_po,d_a,d_e,d_dp,d_tp,d_pb,d_wp,d_sb,d_cs,d_gs,date,number,site,vishome,opp,win,loss,tie,gametype,box,pbp
STA192107160,malad101,CAG,1,5,value,27,1,2,1,0,0,,,,,1,19210716,0,DCT01,v,STA,1,0,0,exhibition,y,
STA192107160,demob102,CAG,1,4,value,27,3,1,0,0,0,,,,,1,19210716,0,DCT01,v,STA,1,0,0,exhibition,y,
STA192107160,lyonj101,CAG,1,7,value,27,0,0,0,0,0,,,,,1,19210716,0,DCT01,v,STA,1,0,0,exhibition,y,
STA192107160,torrc101,CAG,1,8,value,27,2,0,0,0,0,,,,,1,19210716,0,DCT01,v,STA,1,0,0,exhibition,y,
STA192107160,browj111,CAG,1,2,value,27,12,3,0,0,0,0,,,,1,19210716,0,DCT01,v,STA,1,0,0,exhibition,y,
STA192107160,gardj102,CAG,1,9,value,27,1,0,0,0,0,,,,,1,19210716,0,DCT01,v,STA,1,0,0,exhibition,y,
STA192107160,willb107,CAG,1,6,value,27,1,2,0,0,0,,,,,1,19210716,0,DCT01,v,STA,1,0,0,exhibition,y,
STA192107160,granl101,CAG,1,3,value,27,7,0,0,0,0,,,,,1,19210716,0,DCT01,v,STA,1,0,0,exhibition,y,
STA192107160,browd104,CAG,1,1,value,27,0,0,0,0,0,,,,,1,19210716,0,DCT01,v,STA,1,0,0,exhibition,y,
STA192107160,meinw101,STA,1,8,value,27,1,0,0,0,0,,,,,1,19210716,0,DCT01,h,CAG,0,1,0,exhibition,y,
STA192107160,woodb102,STA,1,6,value,12,3,2,0,1,0,,,,,1,19210716,0,DCT01,h,CAG,0,1,0,exhibition,y,
STA192107160,woodb102,STA,2,4,value,15,3,1,0,0,0,,,,,1,19210716,0,DCT01,h,CAG,0,1,0,exhibition,y,
STA192107160,pahll101,STA,1,3,value,27,9,0,0,1,0,,,,,1,19210716,0,DCT01,h,CAG,0,1,0,exhibition,y,
STA192107160,halag101,STA,1,4,value,12,0,2,1,1,0,,,,,1,19210716,0,DCT01,h,CAG,0,1,0,exhibition,y,
STA192107160,halag101,STA,2,9,value,15,1,0,0,0,0,,,,,1,19210716,0,DCT01,h,CAG,0,1,0,exhibition,y,
STA192107160,demmr101,STA,1,7,value,27,0,0,0,0,0,,,,,1,19210716,0,DCT01,h,CAG,0,1,0,exhibition,y,
STA192107160,hemie101,STA,1,5,value,27,1,4,0,0,0,,,,,1,19210716,0,DCT01,h,CAG,0,1,0,exhibition,y,
STA192107160,chamg101,STA,1,9,value,12,0,0,0,0,0,,,,,1,19210716,0,DCT01,h,CAG,0,1,0,exhibition,y,
STA192107160,chamg101,STA,2,1,value,15,0,4,1,0,0,,,,,1,19210716,0,DCT01,h,CAG,0,1,0,exhibition,y,
STA192107160,mcgla101,STA,1,2,value,,1,1,0,0,0,0,,,,1,19210716,0,DCT01,h,CAG,0,1,0,exhibition,y,
STA192107160,watka101,STA,1,2,value,,7,0,0,0,0,0,,,,,19210716,0,DCT01,h,CAG,0,1,0,exhibition,y,
STA192107160,mcgij101,STA,1,1,value,12,0,1,0,0,0,,,,,1,19210716,0,DCT01,h,CAG,0,1,0,exhibition,y,
STA192107160,schac102,STA,1,6,value,15,1,0,1,0,0,,,,,,19210716,0,DCT01,h,CAG,0,1,0,exhibition,y,
