gid,id,team,b_lp,b_seq,stattype,b_pa,b_ab,b_r,b_h,b_d,b_t,b_hr,b_rbi,b_sh,b_sf,b_hbp,b_w,b_iw,b_k,b_sb,b_cs,b_gdp,b_xi,b_roe,dh,ph,pr,date,number,site,vishome,opp,win,loss,tie,gametype,box,pbp
MLS194310170,brewc102,KCR,,,value,,,,,,,,,,,,,,,,,,,,,,,19431017,0,LGB01,v,MLS,1,0,0,exhibition,,
MLS194310170,broww101,KCR,,,value,,,,1,,,,1,,,,,,,,,,,,,,,19431017,0,LGB01,v,MLS,1,0,0,exhibition,,
MLS194310170,dandr101,KCR,,,value,,,1,1,1,,,0,,,,,,,,,,,,,,,19431017,0,LGB01,v,MLS,1,0,0,exhibition,,
MLS194310170,mackb102,KCR,,,value,,,,,,,,,,,,,,,,,,,,,,,19431017,0,LGB01,v,MLS,1,0,0,exhibition,,
MLS194310170,matcj101,KCR,,,value,,,,,,,,,,,,,,,,,,,,,,,19431017,0,LGB01,v,MLS,1,0,0,exhibition,,
MLS194310170,mcdut101,KCR,,,value,,,,,,,,,,,,,,,,,,,,,,,19431017,0,LGB01,v,MLS,1,0,0,exhibition,,
MLS194310170,wrigb104,KCR,,,value,4,4,1,3,2,1,,1,,,,,,,,,,,,,,,19431017,0,LGB01,v,MLS,1,0,0,exhibition,,
MLS194310170,clapu101,MLS,,,value,,,,,,,,,,,,,,,,,,,,,,,19431017,0,LGB01,h,KCR,0,1,0,exhibition,,
MLS194310170,olsew101,MLS,,,value,,,,,,,,,,,,,,,,,,,,,,,19431017,0,LGB01,h,KCR,0,1,0,exhibition,,
KCR194311050,lowrp101,MLS,1,1,value,4,4,1,0,0,0,0,0,0,0,0,0,0,,0,0,0,0,1,,,,19431105,0,LOS02,v,KCR,1,0,0,exhibition,y,d
KCR194311050,sturb101,MLS,2,1,value,4,4,0,1,0,0,0,0,0,0,0,0,0,,0,0,0,0,0,,,,19431105,0,LOS02,v,KCR,1,0,0,exhibition,y,d
KCR194311050,pridj101,MLS,3,1,value,4,3,1,1,0,1,0,3,0,0,0,1,0,,0,0,0,0,0,,,,19431105,0,LOS02,v,KCR,1,0,0,exhibition,y,d
KCR194311050,metkg101,MLS,4,1,value,4,3,0,0,0,0,0,0,0,0,0,1,0,,0,0,0,0,1,,,,19431105,0,LOS02,v,KCR,1,0,0,exhibition,y,d
KCR194311050,stepv101,MLS,5,1,value,2,2,0,0,0,0,0,0,0,0,0,0,0,,0,0,0,0,0,,,,19431105,0,LOS02,v,KCR,1,0,0,exhibition,y,d
KCR194311050,buzaj101,MLS,5,2,value,2,2,0,0,0,0,0,0,0,0,0,0,0,,0,0,1,0,0,,,,19431105,0,LOS02,v,KCR,1,0,0,exhibition,y,d
KCR194311050,prouw101,MLS,6,1,value,4,3,0,0,0,0,0,0,0,0,0,1,0,,0,0,0,0,0,,,,19431105,0,LOS02,v,KCR,1,0,0,exhibition,y,d
KCR194311050,zaria101,MLS,7,1,value,3,3,1,1,0,0,0,0,0,0,0,0,0,,0,0,1,0,0,,,,19431105,0,LOS02,v,KCR,1,0,0,exhibition,y,d
KCR194311050,gerru101,MLS,7,2,value,1,1,0,0,0,0,0,0,0,0,0,0,0,,0,0,0,0,0,,,,19431105,0,LOS02,v,KCR,1,0,0,exhibition,y,d
KCR194311050,maloe101,MLS,8,1,value,4,3,0,0,0,0,0,0,0,0,0,1,0,,0,0,0,0,0,,,,19431105,0,LOS02,v,KCR,1,0,0,exhibition,y,d
KCR194311050,newsb101,MLS,9,1,value,0,0,0,0,0,0,0,0,0,0,0,0,0,,0,0,0,0,0,,,,19431105,0,LOS02,v,KCR,1,0,0,exhibition,y,d
KCR194311050,salvj101,MLS,9,2,value,3,2,1,1,0,0,0,0,0,0,0,1,0,,0,0,0,0,0,,,,19431105,0,LOS02,v,KCR,1,0,0,exhibition,y,d
KCR194311050,castg101,MLS,9,3,value,1,1,0,0,0,0,0,0,0,0,0,0,0,,0,0,0,0,0,,,,19431105,0,LOS02,v,KCR,1,0,0,exhibition,y,d
KCR194311050,simmw101,KCR,1,1,value,4,4,1,1,0,0,0,0,0,0,0,0,0,,0,0,0,0,0,,,,19431105,0,LOS02,h,MLS,0,1,0,exhibition,y,d
KCR194311050,easth104,KCR,2,1,value,4,4,1,1,0,0,0,0,0,0,0,0,0,,0,0,0,0,0,,,,19431105,0,LOS02,h,MLS,0,1,0,exhibition,y,d
KCR194311050,wrigb104,KCR,3,1,value,4,3,0,1,0,0,0,0,1,0,0,0,0,,0,0,0,0,0,,,,19431105,0,LOS02,h,MLS,0,1,0,exhibition,y,d
KCR194311050,broww101,KCR,4,1,value,4,4,0,2,1,0,0,2,0,0,0,0,0,,0,1,0,0,0,,,,19431105,0,LOS02,h,MLS,0,1,0,exhibition,y,d
KCR194311050,trouq101,KCR,5,1,value,4,3,0,0,0,0,0,0,0,0,0,1,0,,0,0,0,0,0,,,,19431105,0,LOS02,h,MLS,0,1,0,exhibition,y,d
KCR194311050,leonb101,KCR,6,1,value,3,3,0,1,0,0,0,0,0,0,0,0,0,,0,0,1,0,0,,,,19431105,0,LOS02,h,MLS,0,1,0,exhibition,y,d
KCR194311050,serrb101,KCR,7,1,value,3,3,0,1,0,0,0,0,0,0,0,0,0,,0,0,0,0,0,,,,19431105,0,LOS02,h,MLS,0,1,0,exhibition,y,d
KCR194311050,speac103,KCR,8,1,value,3,3,0,0,0,0,0,0,0,0,0,0,0,,0,0,1,0,0,,,,19431105,0,LOS02,h,MLS,0,1,0,exhibition,y,d
KCR194311050,mcdut101,KCR,9,1,value,1,0,0,0,0,0,0,0,0,0,0,1,0,,0,0,0,0,0,,,,19431105,0,LOS02,h,MLS,0,1,0,exhibition,y,d
KCR194311050,matcj101,KCR,9,2,value,1,1,0,1,0,0,0,0,0,0,0,0,0,,0,0,0,0,0,,,,19431105,0,LOS02,h,MLS,0,1,0,exhibition,y,d
KCR194311050,brewc102,KCR,9,3,value,1,1,0,0,0,0,0,0,0,0,0,0,0,,0,0,0,0,0,,,,19431105,0,LOS02,h,MLS,0,1,0,exhibition,y,d
KCR194311110,newss101,WPS,1,1,value,4,4,0,0,0,0,0,0,0,0,0,0,0,,0,0,0,0,0,,,,19431111,0,LOS02,v,KCR,0,1,0,exhibition,y,d
KCR194311110,zaria101,WPS,2,1,value,4,3,0,1,0,0,0,0,0,0,0,1,0,,0,0,0,0,0,,,,19431111,0,LOS02,v,KCR,0,1,0,exhibition,y,d
KCR194311110,novil101,WPS,3,1,value,4,4,0,0,0,0,0,0,0,0,0,0,0,,0,0,0,0,0,,,,19431111,0,LOS02,v,KCR,0,1,0,exhibition,y,d
KCR194311110,lindj101,WPS,4,1,value,4,4,0,1,0,0,0,0,0,0,0,0,0,,0,0,0,0,0,,,,19431111,0,LOS02,v,KCR,0,1,0,exhibition,y,d
KCR194311110,stepv101,WPS,5,1,value,3,3,0,1,0,0,0,0,0,0,0,0,0,1,0,0,0,0,0,,,,19431111,0,LOS02,v,KCR,0,1,0,exhibition,y,d
KCR194311110,mesns101,WPS,6,1,value,3,3,1,1,0,0,0,0,0,0,0,0,0,,0,0,0,0,0,,,,19431111,0,LOS02,v,KCR,0,1,0,exhibition,y,d
KCR194311110,mcqug101,WPS,7,1,value,3,3,0,1,1,0,0,1,0,0,0,0,0,,0,0,0,0,0,,,,19431111,0,LOS02,v,KCR,0,1,0,exhibition,y,d
KCR194311110,campg101,WPS,8,1,value,3,3,0,0,0,0,0,0,0,0,0,0,0,,0,0,0,0,0,,,,19431111,0,LOS02,v,KCR,0,1,0,exhibition,y,d
KCR194311110,florj101,WPS,9,1,value,2,2,0,0,0,0,0,0,0,0,0,0,0,,0,0,0,0,0,,,,19431111,0,LOS02,v,KCR,0,1,0,exhibition,y,d
KCR194311110,seinb101,WPS,9,2,value,1,1,0,0,0,0,0,0,0,0,0,0,0,,0,0,0,0,0,,,,19431111,0,LOS02,v,KCR,0,1,0,exhibition,y,d
KCR194311110,simmw101,KCR,1,1,value,4,4,1,0,0,0,0,0,0,0,0,0,0,,0,0,0,0,0,,,,19431111,0,LOS02,h,WPS,1,0,0,exhibition,y,d
KCR194311110,easth104,KCR,2,1,value,4,4,1,2,0,0,0,0,0,0,0,0,0,,1,0,0,0,0,,,,19431111,0,LOS02,h,WPS,1,0,0,exhibition,y,d
KCR194311110,wrigb104,KCR,3,1,value,4,4,1,1,0,0,0,1,0,0,0,0,0,,0,0,0,0,0,,,,19431111,0,LOS02,h,WPS,1,0,0,exhibition,y,d
KCR194311110,broww101,KCR,4,1,value,4,4,1,2,0,1,0,2,0,0,0,0,0,,1,0,0,0,0,,,,19431111,0,LOS02,h,WPS,1,0,0,exhibition,y,d
KCR194311110,trouq101,KCR,5,1,value,4,4,0,1,1,0,0,1,0,0,0,0,0,,0,0,0,0,0,,,,19431111,0,LOS02,h,WPS,1,0,0,exhibition,y,d
KCR194311110,leonb101,KCR,6,1,value,4,3,0,1,0,0,0,0,0,0,0,1,0,,0,0,0,0,0,,,,19431111,0,LOS02,h,WPS,1,0,0,exhibition,y,d
KCR194311110,serrb101,KCR,7,1,value,3,3,0,0,0,0,0,0,0,0,0,0,0,,0,0,0,0,0,,,,19431111,0,LOS02,h,WPS,1,0,0,exhibition,y,d
KCR194311110,speac103,KCR,8,1,value,3,3,0,1,0,0,0,0,0,0,0,0,0,,0,1,0,0,0,,,,19431111,0,LOS02,h,WPS,1,0,0,exhibition,y,d
KCR194311110,mcdut101,KCR,9,1,value,3,3,0,1,0,0,0,0,0,0,0,0,0,,0,0,0,0,0,,,,19431111,0,LOS02,h,WPS,1,0,0,exhibition,y,d
KCR194311141,maloe101,MLS,,,value,,,,,,,,,,,,,,,,,,,,,,,19431114,1,LOS02,v,KCR,1,0,0,exhibition,,
KCR194311141,olsew101,MLS,,,value,,,,,,,,,,,,,,,,,,,,,,,19431114,1,LOS02,v,KCR,1,0,0,exhibition,,
KCR194311141,matcj101,KCR,,,value,,,,,,,,,,,,,,,,,,,,,,,19431114,1,LOS02,h,MLS,0,1,0,exhibition,,
KCR194311141,trouq101,KCR,,,value,,,,,,,,,,,,,,,,,,,,,,,19431114,1,LOS02,h,MLS,0,1,0,exhibition,,
KCR194311142,dawsb101,MLS,,,value,,,,,,,,,,,,,,,,,,,,,,,19431114,2,LOS02,v,KCR,1,0,0,exhibition,,
KCR194311142,seinb101,MLS,,,value,,,,,,,,,,,,,,,,,,,,,,,19431114,2,LOS02,v,KCR,1,0,0,exhibition,,
KCR194311142,brewc102,KCR,,,value,,,0,,,,0,0,,,,,,,,,,,,,,,19431114,2,LOS02,h,MLS,0,1,0,exhibition,,
KCR194311142,trouq101,KCR,,,value,,,0,,,,0,0,,,,,,,,,,,,,,,19431114,2,LOS02,h,MLS,0,1,0,exhibition,,
