gid,event,inning,top_bot,vis_home,site,batteam,pitteam,score_v,score_h,batter,pitcher,lp,bat_f,bathand,pithand,balls,strikes,count,pitches,nump,pa,ab,single,double,triple,hr,sh,sf,hbp,walk,k,xi,roe,fc,othout,noout,oth,bip,bunt,ground,fly,line,iw,gdp,othdp,tp,fle,wp,pb,bk,oa,di,sb2,sb3,sbh,cs2,cs3,csh,pko1,pko2,pko3,k_safe,e1,e2,e3,e4,e5,e6,e7,e8,e9,outs_pre,outs_post,br1_pre,br2_pre,br3_pre,br1_post,br2_post,br3_post,lob_id1,lob_id2,lob_id3,pr1_pre,pr2_pre,pr3_pre,pr1_post,pr2_post,pr3_post,run_b,run1,run2,run3,prun_b,prun1,prun2,prun3,ur_b,ur1,ur2,ur3,rbi_b,rbi1,rbi2,rbi3,runs,rbi,er,tur,l1,l2,l3,l4,l5,l6,l7,l8,l9,lf1,lf2,lf3,lf4,lf5,lf6,lf7,lf8,lf9,f2,f3,f4,f5,f6,f7,f8,f9,po0,po1,po2,po3,po4,po5,po6,po7,po8,po9,a1,a2,a3,a4,a5,a6,a7,a8,a9,fseq,batout1,batout2,batout3,brout_b,brout1,brout2,brout3,firstf,loc,hittype,dpopp,pivot,pn,umphome,ump1b,ump2b,ump3b,umplf,umprf,date,gametype,pbp
KCR194311050,99,1,0,0,LOS02,MLS,KCR,0,0,lowrp101,mcdut101,1,8,R,R,?,?,??,,,1,1,0,0,0,0,0,0,0,0,0,0,0,0,1,0,1,1,0,0,0,0,0,0,0,0,0,0,0,0,0,0,0,0,0,0,0,0,0,0,0,0,0,0,0,0,0,0,0,0,0,0,1,,,,,,,,,,,,,,,,,,,,,,,,0,0,0,0,0,0,0,0,0,0,0,0,lowrp101,sturb101,pridj101,metkg101,stepv101,prouw101,zaria101,maloe101,newsb101,8,6,4,7,5,3,9,2,1,trouq101,leonb101,serrb101,speac103,easth104,simmw101,broww101,wrigb104,1,0,0,0,0,0,0,0,0,0,0,0,0,0,0,0,0,0,0,0,0,0,0,0,0,0,0,0,,,0,0,1,?,,,,,,19431105,exhibition,deduced
KCR194311050,S,1,0,0,LOS02,MLS,KCR,0,0,sturb101,mcdut101,2,6,R,R,?,?,??,,,1,1,1,0,0,0,0,0,0,0,0,0,0,0,0,0,0,1,0,0,0,0,0,0,0,0,0,0,0,0,0,0,0,0,0,0,0,0,0,0,0,0,0,0,0,0,0,0,0,0,0,1,1,,,,sturb101,,,,,,,,,mcdut101,,,,,,,,,,,0,0,0,0,0,0,0,0,0,0,0,0,lowrp101,sturb101,pridj101,metkg101,stepv101,prouw101,zaria101,maloe101,newsb101,8,6,4,7,5,3,9,2,1,trouq101,leonb101,serrb101,speac103,easth104,simmw101,broww101,wrigb104,0,0,0,0,0,0,0,0,0,0,0,0,0,0,0,0,0,0,0,,0,0,0,0,0,0,0,0,,,0,0,2,?,,,,,,19431105,exhibition,deduced
KCR194311050,99,1,0,0,LOS02,MLS,KCR,0,0,pridj101,mcdut101,3,4,R,R,?,?,??,,,1,1,0,0,0,0,0,0,0,0,0,0,0,0,1,0,1,1,0,0,0,0,0,0,0,0,0,0,0,0,0,0,0,0,0,0,0,0,0,0,0,0,0,0,0,0,0,0,0,0,0,1,2,sturb101,,,sturb101,,,,,,mcdut101,,,mcdut101,,,,,,,,,,,0,0,0,0,0,0,0,0,0,0,0,0,lowrp101,sturb101,pridj101,metkg101,stepv101,prouw101,zaria101,maloe101,newsb101,8,6,4,7,5,3,9,2,1,trouq101,leonb101,serrb101,speac103,easth104,simmw101,broww101,wrigb104,1,0,0,0,0,0,0,0,0,0,0,0,0,0,0,0,0,0,0,0,0,0,0,0,0,0,0,0,,,0,0,3,?,,,,,,19431105,exhibition,deduced
KCR194311050,99,1,0,0,LOS02,MLS,KCR,0,0,metkg101,mcdut101,4,7,L,R,?,?,??,,,1,1,0,0,0,0,0,0,0,0,0,0,0,0,1,0,1,1,0,0,0,0,0,0,0,0,0,0,0,0,0,0,0,0,0,0,0,0,0,0,0,0,0,0,0,0,0,0,0,0,0,2,3,sturb101,,,,,,sturb101,,,mcdut101,,,,,,,,,,,,,,0,0,0,0,0,0,0,0,0,0,0,0,lowrp101,sturb101,pridj101,metkg101,stepv101,prouw101,zaria101,maloe101,newsb101,8,6,4,7,5,3,9,2,1,trouq101,leonb101,serrb101,speac103,easth104,simmw101,broww101,wrigb104,1,0,0,0,0,0,0,0,0,0,0,0,0,0,0,0,0,0,0,0,0,0,0,0,0,0,0,0,,,0,0,4,?,,,,,,19431105,exhibition,deduced
KCR194311050,S,1,1,1,LOS02,KCR,MLS,0,0,simmw101,newsb101,1,7,L,R,?,?,??,,,1,1,1,0,0,0,0,0,0,0,0,0,0,0,0,0,0,1,0,0,0,0,0,0,0,0,0,0,0,0,0,0,0,0,0,0,0,0,0,0,0,0,0,0,0,0,0,0,0,0,0,0,0,,,,simmw101,,,,,,,,,newsb101,,,,,,,,,,,0,0,0,0,0,0,0,0,0,0,0,0,simmw101,easth104,wrigb104,broww101,trouq101,leonb101,serrb101,speac103,mcdut101,7,6,9,8,2,3,4,5,1,maloe101,prouw101,pridj101,stepv101,sturb101,metkg101,lowrp101,zaria101,0,0,0,0,0,0,0,0,0,0,0,0,0,0,0,0,0,0,0,,0,0,0,0,0,0,0,0,,,0,0,5,?,,,,,,19431105,exhibition,deduced
KCR194311050,S.1-2,1,1,1,LOS02,KCR,MLS,0,0,easth104,newsb101,2,6,B,R,?,?,??,,,1,1,1,0,0,0,0,0,0,0,0,0,0,0,0,0,0,1,0,0,0,0,0,0,0,0,0,0,0,0,0,0,0,0,0,0,0,0,0,0,0,0,0,0,0,0,0,0,0,0,0,0,0,simmw101,,,easth104,simmw101,,,,,newsb101,,,newsb101,newsb101,,,,,,,,,,0,0,0,0,0,0,0,0,0,0,0,0,simmw101,easth104,wrigb104,broww101,trouq101,leonb101,serrb101,speac103,mcdut101,7,6,9,8,2,3,4,5,1,maloe101,prouw101,pridj101,stepv101,sturb101,metkg101,lowrp101,zaria101,0,0,0,0,0,0,0,0,0,0,0,0,0,0,0,0,0,0,0,,0,0,0,0,0,0,0,0,,,0,0,6,?,,,,,,19431105,exhibition,deduced
KCR194311050,99/SH.2-3;1-2,1,1,1,LOS02,KCR,MLS,0,0,wrigb104,newsb101,3,9,B,R,?,?,??,,,1,0,0,0,0,0,1,0,0,0,0,0,0,0,0,0,0,1,1,0,0,0,0,0,0,0,0,0,0,0,0,0,0,0,0,0,0,0,0,0,0,0,0,0,0,0,0,0,0,0,0,0,1,easth104,simmw101,,,easth104,simmw101,,,,newsb101,newsb101,,,newsb101,newsb101,,,,,,,,,0,0,0,0,0,0,0,0,0,0,0,0,simmw101,easth104,wrigb104,broww101,trouq101,leonb101,serrb101,speac103,mcdut101,7,6,9,8,2,3,4,5,1,maloe101,prouw101,pridj101,stepv101,sturb101,metkg101,lowrp101,zaria101,1,0,0,0,0,0,0,0,0,0,0,0,0,0,0,0,0,0,0,0,0,0,0,0,0,0,0,0,,BG,0,0,7,?,,,,,,19431105,exhibition,deduced
KCR194311050,D.3-H;2-H,1,1,1,LOS02,KCR,MLS,0,0,broww101,newsb101,4,8,R,R,?,?,??,,,1,1,0,1,0,0,0,0,0,0,0,0,0,0,0,0,0,1,0,0,0,0,0,0,0,0,0,0,0,0,0,0,0,0,0,0,0,0,0,0,0,0,0,0,0,0,0,0,0,0,0,1,1,,easth104,simmw101,,broww101,,,,,,newsb101,newsb101,,newsb101,,,,easth104,simmw101,,,newsb101,newsb101,0,0,0,0,0,0,1,1,2,2,2,0,simmw101,easth104,wrigb104,broww101,trouq101,leonb101,serrb101,speac103,mcdut101,7,6,9,8,2,3,4,5,1,maloe101,prouw101,pridj101,stepv101,sturb101,metkg101,lowrp101,zaria101,0,0,0,0,0,0,0,0,0,0,0,0,0,0,0,0,0,0,0,,0,0,0,0,0,0,0,0,,,0,0,8,?,,,,,,19431105,exhibition,deduced
KCR194311050,W,1,1,1,LOS02,KCR,MLS,0,2,trouq101,newsb101,5,2,B,R,?,?,??,,,1,0,0,0,0,0,0,0,0,1,0,0,0,0,0,0,0,0,0,0,0,0,0,0,0,0,0,0,0,0,0,0,0,0,0,0,0,0,0,0,0,0,0,0,0,0,0,0,0,0,0,1,1,,broww101,,trouq101,broww101,,,,,,newsb101,,newsb101,newsb101,,,,,,,,,,0,0,0,0,0,0,0,0,0,0,0,0,simmw101,easth104,wrigb104,broww101,trouq101,leonb101,serrb101,speac103,mcdut101,7,6,9,8,2,3,4,5,1,maloe101,prouw101,pridj101,stepv101,sturb101,metkg101,lowrp101,zaria101,0,0,0,0,0,0,0,0,0,0,0,0,0,0,0,0,0,0,0,,0,0,0,0,0,0,0,0,,,0,0,9,?,,,,,,19431105,exhibition,deduced
KCR194311050,54(1)3/GDP#,1,1,1,LOS02,KCR,MLS,0,2,leonb101,newsb101,6,3,L,R,?,?,??,,,1,1,0,0,0,0,0,0,0,0,0,0,0,0,1,0,1,1,0,1,0,0,0,1,0,0,0,0,0,0,0,0,0,0,0,0,0,0,0,0,0,0,0,0,0,0,0,0,0,0,0,1,3,trouq101,broww101,,,,,broww101,,,newsb101,newsb101,,,,,,,,,,,,,0,0,0,0,0,0,0,0,0,0,0,0,simmw101,easth104,wrigb104,broww101,trouq101,leonb101,serrb101,speac103,mcdut101,7,6,9,8,2,3,4,5,1,maloe101,prouw101,pridj101,stepv101,sturb101,metkg101,lowrp101,zaria101,0,0,0,1,1,0,0,0,0,0,0,0,0,1,1,0,0,0,0,543,5,4,0,0,0,0,0,5,,G,1,4,10,?,,,,,,19431105,exhibition,deduced
KCR194311050,99,2,0,0,LOS02,MLS,KCR,0,2,stepv101,mcdut101,5,5,R,R,?,?,??,,,1,1,0,0,0,0,0,0,0,0,0,0,0,0,1,0,1,1,0,0,0,0,0,0,0,0,0,0,0,0,0,0,0,0,0,0,0,0,0,0,0,0,0,0,0,0,0,0,0,0,0,0,1,,,,,,,,,,,,,,,,,,,,,,,,0,0,0,0,0,0,0,0,0,0,0,0,lowrp101,sturb101,pridj101,metkg101,stepv101,prouw101,zaria101,maloe101,newsb101,8,6,4,7,5,3,9,2,1,trouq101,leonb101,serrb101,speac103,easth104,simmw101,broww101,wrigb104,1,0,0,0,0,0,0,0,0,0,0,0,0,0,0,0,0,0,0,0,0,0,0,0,0,0,0,0,,,0,0,11,?,,,,,,19431105,exhibition,deduced
KCR194311050,99,2,0,0,LOS02,MLS,KCR,0,2,prouw101,mcdut101,6,3,R,R,?,?,??,,,1,1,0,0,0,0,0,0,0,0,0,0,0,0,1,0,1,1,0,0,0,0,0,0,0,0,0,0,0,0,0,0,0,0,0,0,0,0,0,0,0,0,0,0,0,0,0,0,0,0,0,1,2,,,,,,,,,,,,,,,,,,,,,,,,0,0,0,0,0,0,0,0,0,0,0,0,lowrp101,sturb101,pridj101,metkg101,stepv101,prouw101,zaria101,maloe101,newsb101,8,6,4,7,5,3,9,2,1,trouq101,leonb101,serrb101,speac103,easth104,simmw101,broww101,wrigb104,1,0,0,0,0,0,0,0,0,0,0,0,0,0,0,0,0,0,0,0,0,0,0,0,0,0,0,0,,,0,0,12,?,,,,,,19431105,exhibition,deduced
KCR194311050,99,2,0,0,LOS02,MLS,KCR,0,2,zaria101,mcdut101,7,9,L,R,?,?,??,,,1,1,0,0,0,0,0,0,0,0,0,0,0,0,1,0,1,1,0,0,0,0,0,0,0,0,0,0,0,0,0,0,0,0,0,0,0,0,0,0,0,0,0,0,0,0,0,0,0,0,0,2,3,,,,,,,,,,,,,,,,,,,,,,,,0,0,0,0,0,0,0,0,0,0,0,0,lowrp101,sturb101,pridj101,metkg101,stepv101,prouw101,zaria101,maloe101,newsb101,8,6,4,7,5,3,9,2,1,trouq101,leonb101,serrb101,speac103,easth104,simmw101,broww101,wrigb104,1,0,0,0,0,0,0,0,0,0,0,0,0,0,0,0,0,0,0,0,0,0,0,0,0,0,0,0,,,0,0,13,?,,,,,,19431105,exhibition,deduced
KCR194311050,99,2,1,1,LOS02,KCR,MLS,0,2,serrb101,salvj101,7,4,L,R,?,?,??,,,1,1,0,0,0,0,0,0,0,0,0,0,0,0,1,0,1,1,0,0,0,0,0,0,0,0,0,0,0,0,0,0,0,0,0,0,0,0,0,0,0,0,0,0,0,0,0,0,0,0,0,0,1,,,,,,,,,,,,,,,,,,,,,,,,0,0,0,0,0,0,0,0,0,0,0,0,simmw101,easth104,wrigb104,broww101,trouq101,leonb101,serrb101,speac103,mcdut101,7,6,9,8,2,3,4,5,1,maloe101,prouw101,pridj101,stepv101,sturb101,metkg101,lowrp101,zaria101,1,0,0,0,0,0,0,0,0,0,0,0,0,0,0,0,0,0,0,0,0,0,0,0,0,0,0,0,,,0,0,14,?,,,,,,19431105,exhibition,deduced
KCR194311050,99,2,1,1,LOS02,KCR,MLS,0,2,speac103,salvj101,8,5,L,R,?,?,??,,,1,1,0,0,0,0,0,0,0,0,0,0,0,0,1,0,1,1,0,0,0,0,0,0,0,0,0,0,0,0,0,0,0,0,0,0,0,0,0,0,0,0,0,0,0,0,0,0,0,0,0,1,2,,,,,,,,,,,,,,,,,,,,,,,,0,0,0,0,0,0,0,0,0,0,0,0,simmw101,easth104,wrigb104,broww101,trouq101,leonb101,serrb101,speac103,mcdut101,7,6,9,8,2,3,4,5,1,maloe101,prouw101,pridj101,stepv101,sturb101,metkg101,lowrp101,zaria101,1,0,0,0,0,0,0,0,0,0,0,0,0,0,0,0,0,0,0,0,0,0,0,0,0,0,0,0,,,0,0,15,?,,,,,,19431105,exhibition,deduced
KCR194311050,W,2,1,1,LOS02,KCR,MLS,0,2,mcdut101,salvj101,9,1,R,R,?,?,??,,,1,0,0,0,0,0,0,0,0,1,0,0,0,0,0,0,0,0,0,0,0,0,0,0,0,0,0,0,0,0,0,0,0,0,0,0,0,0,0,0,0,0,0,0,0,0,0,0,0,0,0,2,2,,,,mcdut101,,,,,,,,,salvj101,,,,,,,,,,,0,0,0,0,0,0,0,0,0,0,0,0,simmw101,easth104,wrigb104,broww101,trouq101,leonb101,serrb101,speac103,mcdut101,7,6,9,8,2,3,4,5,1,maloe101,prouw101,pridj101,stepv101,sturb101,metkg101,lowrp101,zaria101,0,0,0,0,0,0,0,0,0,0,0,0,0,0,0,0,0,0,0,,0,0,0,0,0,0,0,0,,,0,0,16,?,,,,,,19431105,exhibition,deduced
KCR194311050,99,2,1,1,LOS02,KCR,MLS,0,2,simmw101,salvj101,1,7,L,R,?,?,??,,,1,1,0,0,0,0,0,0,0,0,0,0,0,0,1,0,1,1,0,0,0,0,0,0,0,0,0,0,0,0,0,0,0,0,0,0,0,0,0,0,0,0,0,0,0,0,0,0,0,0,0,2,3,mcdut101,,,,,,mcdut101,,,salvj101,,,,,,,,,,,,,,0,0,0,0,0,0,0,0,0,0,0,0,simmw101,easth104,wrigb104,broww101,trouq101,leonb101,serrb101,speac103,mcdut101,7,6,9,8,2,3,4,5,1,maloe101,prouw101,pridj101,stepv101,sturb101,metkg101,lowrp101,zaria101,1,0,0,0,0,0,0,0,0,0,0,0,0,0,0,0,0,0,0,0,0,0,0,0,0,0,0,0,,,0,0,17,?,,,,,,19431105,exhibition,deduced
KCR194311050,99,3,0,0,LOS02,MLS,KCR,0,2,maloe101,mcdut101,8,2,R,R,?,?,??,,,1,1,0,0,0,0,0,0,0,0,0,0,0,0,1,0,1,1,0,0,0,0,0,0,0,0,0,0,0,0,0,0,0,0,0,0,0,0,0,0,0,0,0,0,0,0,0,0,0,0,0,0,1,,,,,,,,,,,,,,,,,,,,,,,,0,0,0,0,0,0,0,0,0,0,0,0,lowrp101,sturb101,pridj101,metkg101,stepv101,prouw101,zaria101,maloe101,salvj101,8,6,4,7,5,3,9,2,1,trouq101,leonb101,serrb101,speac103,easth104,simmw101,broww101,wrigb104,1,0,0,0,0,0,0,0,0,0,0,0,0,0,0,0,0,0,0,0,0,0,0,0,0,0,0,0,,,0,0,18,?,,,,,,19431105,exhibition,deduced
KCR194311050,W,3,0,0,LOS02,MLS,KCR,0,2,salvj101,mcdut101,9,1,R,R,?,?,??,,,1,0,0,0,0,0,0,0,0,1,0,0,0,0,0,0,0,0,0,0,0,0,0,0,0,0,0,0,0,0,0,0,0,0,0,0,0,0,0,0,0,0,0,0,0,0,0,0,0,0,0,1,1,,,,salvj101,,,,,,,,,mcdut101,,,,,,,,,,,0,0,0,0,0,0,0,0,0,0,0,0,lowrp101,sturb101,pridj101,metkg101,stepv101,prouw101,zaria101,maloe101,salvj101,8,6,4,7,5,3,9,2,1,trouq101,leonb101,serrb101,speac103,easth104,simmw101,broww101,wrigb104,0,0,0,0,0,0,0,0,0,0,0,0,0,0,0,0,0,0,0,,0,0,0,0,0,0,0,0,,,0,0,19,?,,,,,,19431105,exhibition,deduced
KCR194311050,99,3,0,0,LOS02,MLS,KCR,0,2,lowrp101,mcdut101,1,8,R,R,?,?,??,,,1,1,0,0,0,0,0,0,0,0,0,0,0,0,1,0,1,1,0,0,0,0,0,0,0,0,0,0,0,0,0,0,0,0,0,0,0,0,0,0,0,0,0,0,0,0,0,0,0,0,0,1,2,salvj101,,,salvj101,,,,,,mcdut101,,,mcdut101,,,,,,,,,,,0,0,0,0,0,0,0,0,0,0,0,0,lowrp101,sturb101,pridj101,metkg101,stepv101,prouw101,zaria101,maloe101,salvj101,8,6,4,7,5,3,9,2,1,trouq101,leonb101,serrb101,speac103,easth104,simmw101,broww101,wrigb104,1,0,0,0,0,0,0,0,0,0,0,0,0,0,0,0,0,0,0,0,0,0,0,0,0,0,0,0,,,0,0,20,?,,,,,,19431105,exhibition,deduced
KCR194311050,99,3,0,0,LOS02,MLS,KCR,0,2,sturb101,mcdut101,2,6,R,R,?,?,??,,,1,1,0,0,0,0,0,0,0,0,0,0,0,0,1,0,1,1,0,0,0,0,0,0,0,0,0,0,0,0,0,0,0,0,0,0,0,0,0,0,0,0,0,0,0,0,0,0,0,0,0,2,3,salvj101,,,,,,salvj101,,,mcdut101,,,,,,,,,,,,,,0,0,0,0,0,0,0,0,0,0,0,0,lowrp101,sturb101,pridj101,metkg101,stepv101,prouw101,zaria101,maloe101,salvj101,8,6,4,7,5,3,9,2,1,trouq101,leonb101,serrb101,speac103,easth104,simmw101,broww101,wrigb104,1,0,0,0,0,0,0,0,0,0,0,0,0,0,0,0,0,0,0,0,0,0,0,0,0,0,0,0,,,0,0,21,?,,,,,,19431105,exhibition,deduced
KCR194311050,99,3,1,1,LOS02,KCR,MLS,0,2,easth104,salvj101,2,6,B,R,?,?,??,,,1,1,0,0,0,0,0,0,0,0,0,0,0,0,1,0,1,1,0,0,0,0,0,0,0,0,0,0,0,0,0,0,0,0,0,0,0,0,0,0,0,0,0,0,0,0,0,0,0,0,0,0,1,,,,,,,,,,,,,,,,,,,,,,,,0,0,0,0,0,0,0,0,0,0,0,0,simmw101,easth104,wrigb104,broww101,trouq101,leonb101,serrb101,speac103,mcdut101,7,6,9,8,2,3,4,5,1,maloe101,prouw101,pridj101,stepv101,sturb101,metkg101,lowrp101,zaria101,1,0,0,0,0,0,0,0,0,0,0,0,0,0,0,0,0,0,0,0,0,0,0,0,0,0,0,0,,,0,0,22,?,,,,,,19431105,exhibition,deduced
KCR194311050,99,3,1,1,LOS02,KCR,MLS,0,2,wrigb104,salvj101,3,9,B,R,?,?,??,,,1,1,0,0,0,0,0,0,0,0,0,0,0,0,1,0,1,1,0,0,0,0,0,0,0,0,0,0,0,0,0,0,0,0,0,0,0,0,0,0,0,0,0,0,0,0,0,0,0,0,0,1,2,,,,,,,,,,,,,,,,,,,,,,,,0,0,0,0,0,0,0,0,0,0,0,0,simmw101,easth104,wrigb104,broww101,trouq101,leonb101,serrb101,speac103,mcdut101,7,6,9,8,2,3,4,5,1,maloe101,prouw101,pridj101,stepv101,sturb101,metkg101,lowrp101,zaria101,1,0,0,0,0,0,0,0,0,0,0,0,0,0,0,0,0,0,0,0,0,0,0,0,0,0,0,0,,,0,0,23,?,,,,,,19431105,exhibition,deduced
KCR194311050,99,3,1,1,LOS02,KCR,MLS,0,2,broww101,salvj101,4,8,R,R,?,?,??,,,1,1,0,0,0,0,0,0,0,0,0,0,0,0,1,0,1,1,0,0,0,0,0,0,0,0,0,0,0,0,0,0,0,0,0,0,0,0,0,0,0,0,0,0,0,0,0,0,0,0,0,2,3,,,,,,,,,,,,,,,,,,,,,,,,0,0,0,0,0,0,0,0,0,0,0,0,simmw101,easth104,wrigb104,broww101,trouq101,leonb101,serrb101,speac103,mcdut101,7,6,9,8,2,3,4,5,1,maloe101,prouw101,pridj101,stepv101,sturb101,metkg101,lowrp101,zaria101,1,0,0,0,0,0,0,0,0,0,0,0,0,0,0,0,0,0,0,0,0,0,0,0,0,0,0,0,,,0,0,24,?,,,,,,19431105,exhibition,deduced
KCR194311050,W,4,0,0,LOS02,MLS,KCR,0,2,pridj101,matcj101,3,4,R,R,?,?,??,,,1,0,0,0,0,0,0,0,0,1,0,0,0,0,0,0,0,0,0,0,0,0,0,0,0,0,0,0,0,0,0,0,0,0,0,0,0,0,0,0,0,0,0,0,0,0,0,0,0,0,0,0,0,,,,pridj101,,,,,,,,,matcj101,,,,,,,,,,,0,0,0,0,0,0,0,0,0,0,0,0,lowrp101,sturb101,pridj101,metkg101,stepv101,prouw101,zaria101,maloe101,salvj101,8,6,4,7,5,3,9,2,1,trouq101,leonb101,serrb101,speac103,easth104,simmw101,broww101,wrigb104,0,0,0,0,0,0,0,0,0,0,0,0,0,0,0,0,0,0,0,,0,0,0,0,0,0,0,0,,,0,0,25,?,,,,,,19431105,exhibition,deduced
KCR194311050,99,4,0,0,LOS02,MLS,KCR,0,2,metkg101,matcj101,4,7,L,R,?,?,??,,,1,1,0,0,0,0,0,0,0,0,0,0,0,0,1,0,1,1,0,0,0,0,0,0,0,0,0,0,0,0,0,0,0,0,0,0,0,0,0,0,0,0,0,0,0,0,0,0,0,0,0,0,1,pridj101,,,pridj101,,,,,,matcj101,,,matcj101,,,,,,,,,,,0,0,0,0,0,0,0,0,0,0,0,0,lowrp101,sturb101,pridj101,metkg101,stepv101,prouw101,zaria101,maloe101,salvj101,8,6,4,7,5,3,9,2,1,trouq101,leonb101,serrb101,speac103,easth104,simmw101,broww101,wrigb104,1,0,0,0,0,0,0,0,0,0,0,0,0,0,0,0,0,0,0,0,0,0,0,0,0,0,0,0,,,0,0,26,?,,,,,,19431105,exhibition,deduced
KCR194311050,99,4,0,0,LOS02,MLS,KCR,0,2,stepv101,matcj101,5,5,R,R,?,?,??,,,1,1,0,0,0,0,0,0,0,0,0,0,0,0,1,0,1,1,0,0,0,0,0,0,0,0,0,0,0,0,0,0,0,0,0,0,0,0,0,0,0,0,0,0,0,0,0,0,0,0,0,1,2,pridj101,,,pridj101,,,,,,matcj101,,,matcj101,,,,,,,,,,,0,0,0,0,0,0,0,0,0,0,0,0,lowrp101,sturb101,pridj101,metkg101,stepv101,prouw101,zaria101,maloe101,salvj101,8,6,4,7,5,3,9,2,1,trouq101,leonb101,serrb101,speac103,easth104,simmw101,broww101,wrigb104,1,0,0,0,0,0,0,0,0,0,0,0,0,0,0,0,0,0,0,0,0,0,0,0,0,0,0,0,,,0,0,27,?,,,,,,19431105,exhibition,deduced
KCR194311050,99,4,0,0,LOS02,MLS,KCR,0,2,prouw101,matcj101,6,3,R,R,?,?,??,,,1,1,0,0,0,0,0,0,0,0,0,0,0,0,1,0,1,1,0,0,0,0,0,0,0,0,0,0,0,0,0,0,0,0,0,0,0,0,0,0,0,0,0,0,0,0,0,0,0,0,0,2,3,pridj101,,,,,,pridj101,,,matcj101,,,,,,,,,,,,,,0,0,0,0,0,0,0,0,0,0,0,0,lowrp101,sturb101,pridj101,metkg101,stepv101,prouw101,zaria101,maloe101,salvj101,8,6,4,7,5,3,9,2,1,trouq101,leonb101,serrb101,speac103,easth104,simmw101,broww101,wrigb104,1,0,0,0,0,0,0,0,0,0,0,0,0,0,0,0,0,0,0,0,0,0,0,0,0,0,0,0,,,0,0,28,?,,,,,,19431105,exhibition,deduced
KCR194311050,99,4,1,1,LOS02,KCR,MLS,0,2,trouq101,salvj101,5,2,B,R,?,?,??,,,1,1,0,0,0,0,0,0,0,0,0,0,0,0,1,0,1,1,0,0,0,0,0,0,0,0,0,0,0,0,0,0,0,0,0,0,0,0,0,0,0,0,0,0,0,0,0,0,0,0,0,0,1,,,,,,,,,,,,,,,,,,,,,,,,0,0,0,0,0,0,0,0,0,0,0,0,simmw101,easth104,wrigb104,broww101,trouq101,leonb101,serrb101,speac103,matcj101,7,6,9,8,2,3,4,5,1,maloe101,prouw101,pridj101,buzaj101,sturb101,metkg101,lowrp101,zaria101,1,0,0,0,0,0,0,0,0,0,0,0,0,0,0,0,0,0,0,0,0,0,0,0,0,0,0,0,,,0,0,29,?,,,,,,19431105,exhibition,deduced
KCR194311050,S,4,1,1,LOS02,KCR,MLS,0,2,leonb101,salvj101,6,3,L,R,?,?,??,,,1,1,1,0,0,0,0,0,0,0,0,0,0,0,0,0,0,1,0,0,0,0,0,0,0,0,0,0,0,0,0,0,0,0,0,0,0,0,0,0,0,0,0,0,0,0,0,0,0,0,0,1,1,,,,leonb101,,,,,,,,,salvj101,,,,,,,,,,,0,0,0,0,0,0,0,0,0,0,0,0,simmw101,easth104,wrigb104,broww101,trouq101,leonb101,serrb101,speac103,matcj101,7,6,9,8,2,3,4,5,1,maloe101,prouw101,pridj101,buzaj101,sturb101,metkg101,lowrp101,zaria101,0,0,0,0,0,0,0,0,0,0,0,0,0,0,0,0,0,0,0,,0,0,0,0,0,0,0,0,,,0,0,30,?,,,,,,19431105,exhibition,deduced
KCR194311050,S.1-2,4,1,1,LOS02,KCR,MLS,0,2,serrb101,salvj101,7,4,L,R,?,?,??,,,1,1,1,0,0,0,0,0,0,0,0,0,0,0,0,0,0,1,0,0,0,0,0,0,0,0,0,0,0,0,0,0,0,0,0,0,0,0,0,0,0,0,0,0,0,0,0,0,0,0,0,1,1,leonb101,,,serrb101,leonb101,,,,,salvj101,,,salvj101,salvj101,,,,,,,,,,0,0,0,0,0,0,0,0,0,0,0,0,simmw101,easth104,wrigb104,broww101,trouq101,leonb101,serrb101,speac103,matcj101,7,6,9,8,2,3,4,5,1,maloe101,prouw101,pridj101,buzaj101,sturb101,metkg101,lowrp101,zaria101,0,0,0,0,0,0,0,0,0,0,0,0,0,0,0,0,0,0,0,,0,0,0,0,0,0,0,0,,,0,0,31,?,,,,,,19431105,exhibition,deduced
KCR194311050,46(1)3/GDP#,4,1,1,LOS02,KCR,MLS,0,2,speac103,salvj101,8,5,L,R,?,?,??,,,1,1,0,0,0,0,0,0,0,0,0,0,0,0,1,0,1,1,0,1,0,0,0,1,0,0,0,0,0,0,0,0,0,0,0,0,0,0,0,0,0,0,0,0,0,0,0,0,0,0,0,1,3,serrb101,leonb101,,,,,leonb101,,,salvj101,salvj101,,,,,,,,,,,,,0,0,0,0,0,0,0,0,0,0,0,0,simmw101,easth104,wrigb104,broww101,trouq101,leonb101,serrb101,speac103,matcj101,7,6,9,8,2,3,4,5,1,maloe101,prouw101,pridj101,buzaj101,sturb101,metkg101,lowrp101,zaria101,0,0,0,1,0,0,1,0,0,0,0,0,0,1,0,1,0,0,0,463,4,6,0,0,0,0,0,4,,G,1,6,32,?,,,,,,19431105,exhibition,deduced
KCR194311050,S,5,0,0,LOS02,MLS,KCR,0,2,zaria101,matcj101,7,9,L,R,?,?,??,,,1,1,1,0,0,0,0,0,0,0,0,0,0,0,0,0,0,1,0,0,0,0,0,0,0,0,0,0,0,0,0,0,0,0,0,0,0,0,0,0,0,0,0,0,0,0,0,0,0,0,0,0,0,,,,zaria101,,,,,,,,,matcj101,,,,,,,,,,,0,0,0,0,0,0,0,0,0,0,0,0,lowrp101,sturb101,pridj101,metkg101,buzaj101,prouw101,zaria101,maloe101,salvj101,8,6,4,7,5,3,9,2,1,trouq101,leonb101,serrb101,speac103,easth104,simmw101,broww101,wrigb104,0,0,0,0,0,0,0,0,0,0,0,0,0,0,0,0,0,0,0,,0,0,0,0,0,0,0,0,,,0,0,33,?,,,,,,19431105,exhibition,deduced
KCR194311050,99,5,0,0,LOS02,MLS,KCR,0,2,maloe101,matcj101,8,2,R,R,?,?,??,,,1,1,0,0,0,0,0,0,0,0,0,0,0,0,1,0,1,1,0,0,0,0,0,0,0,0,0,0,0,0,0,0,0,0,0,0,0,0,0,0,0,0,0,0,0,0,0,0,0,0,0,0,1,zaria101,,,zaria101,,,,,,matcj101,,,matcj101,,,,,,,,,,,0,0,0,0,0,0,0,0,0,0,0,0,lowrp101,sturb101,pridj101,metkg101,buzaj101,prouw101,zaria101,maloe101,salvj101,8,6,4,7,5,3,9,2,1,trouq101,leonb101,serrb101,speac103,easth104,simmw101,broww101,wrigb104,1,0,0,0,0,0,0,0,0,0,0,0,0,0,0,0,0,0,0,0,0,0,0,0,0,0,0,0,,,0,0,34,?,,,,,,19431105,exhibition,deduced
KCR194311050,S.1-2,5,0,0,LOS02,MLS,KCR,0,2,salvj101,matcj101,9,1,R,R,?,?,??,,,1,1,1,0,0,0,0,0,0,0,0,0,0,0,0,0,0,1,0,0,0,0,0,0,0,0,0,0,0,0,0,0,0,0,0,0,0,0,0,0,0,0,0,0,0,0,0,0,0,0,0,1,1,zaria101,,,salvj101,zaria101,,,,,matcj101,,,matcj101,matcj101,,,,,,,,,,0,0,0,0,0,0,0,0,0,0,0,0,lowrp101,sturb101,pridj101,metkg101,buzaj101,prouw101,zaria101,maloe101,salvj101,8,6,4,7,5,3,9,2,1,trouq101,leonb101,serrb101,speac103,easth104,simmw101,broww101,wrigb104,0,0,0,0,0,0,0,0,0,0,0,0,0,0,0,0,0,0,0,,0,0,0,0,0,0,0,0,,,0,0,35,?,,,,,,19431105,exhibition,deduced
KCR194311050,E4.2-3;1-2,5,0,0,LOS02,MLS,KCR,0,2,lowrp101,matcj101,1,8,R,R,?,?,??,,,1,1,0,0,0,0,0,0,0,0,0,0,1,0,0,0,0,1,0,1,0,0,0,0,0,0,0,0,0,0,0,0,0,0,0,0,0,0,0,0,0,0,0,0,0,1,0,0,0,0,0,1,1,salvj101,zaria101,,lowrp101,salvj101,zaria101,,,,matcj101,matcj101,,matcj101,matcj101,matcj101,,,,,,,,,0,0,0,0,0,0,0,0,0,0,0,0,lowrp101,sturb101,pridj101,metkg101,buzaj101,prouw101,zaria101,maloe101,salvj101,8,6,4,7,5,3,9,2,1,trouq101,leonb101,serrb101,speac103,easth104,simmw101,broww101,wrigb104,0,0,0,0,0,0,0,0,0,0,0,0,0,0,0,0,0,0,0,,0,0,0,0,0,0,0,4,4+,G,0,0,36,?,,,,,,19431105,exhibition,deduced
KCR194311050,99,5,0,0,LOS02,MLS,KCR,0,2,sturb101,matcj101,2,6,R,R,?,?,??,,,1,1,0,0,0,0,0,0,0,0,0,0,0,0,1,0,1,1,0,0,0,0,0,0,0,0,0,0,0,0,0,0,0,0,0,0,0,0,0,0,0,0,0,0,0,0,0,0,0,0,0,1,2,lowrp101,salvj101,zaria101,lowrp101,salvj101,zaria101,,,,matcj101,matcj101,matcj101,matcj101,matcj101,matcj101,,,,,,,,,0,0,0,0,0,0,0,0,0,0,0,0,lowrp101,sturb101,pridj101,metkg101,buzaj101,prouw101,zaria101,maloe101,salvj101,8,6,4,7,5,3,9,2,1,trouq101,leonb101,serrb101,speac103,easth104,simmw101,broww101,wrigb104,1,0,0,0,0,0,0,0,0,0,0,0,0,0,0,0,0,0,0,0,0,0,0,0,0,0,0,0,,,0,0,37,?,,,,,,19431105,exhibition,deduced
KCR194311050,T.3-H(UR);2-H(UR);1-H(UR),5,0,0,LOS02,MLS,KCR,0,2,pridj101,matcj101,3,4,R,R,?,?,??,,,1,1,0,0,1,0,0,0,0,0,0,0,0,0,0,0,0,1,0,0,0,0,0,0,0,0,0,0,0,0,0,0,0,0,0,0,0,0,0,0,0,0,0,0,0,0,0,0,0,0,0,2,2,lowrp101,salvj101,zaria101,,,pridj101,,,,matcj101,matcj101,matcj101,,,matcj101,,lowrp101,salvj101,zaria101,,matcj101,matcj101,matcj101,0,1,1,1,0,1,1,1,3,3,0,0,lowrp101,sturb101,pridj101,metkg101,buzaj101,prouw101,zaria101,maloe101,salvj101,8,6,4,7,5,3,9,2,1,trouq101,leonb101,serrb101,speac103,easth104,simmw101,broww101,wrigb104,0,0,0,0,0,0,0,0,0,0,0,0,0,0,0,0,0,0,0,,0,0,0,0,0,0,0,0,,,0,0,38,?,,,,,,19431105,exhibition,deduced
KCR194311050,E3.3-H(NR)(UR),5,0,0,LOS02,MLS,KCR,3,2,metkg101,matcj101,4,7,L,R,?,?,??,,,1,1,0,0,0,0,0,0,0,0,0,0,1,0,0,0,0,1,0,1,0,0,0,0,0,0,0,0,0,0,0,0,0,0,0,0,0,0,0,0,0,0,0,0,1,0,0,0,0,0,0,2,2,,,pridj101,metkg101,,,,,,,,matcj101,matcj101,,,,,,pridj101,,,,matcj101,0,0,0,1,0,0,0,0,1,0,0,0,lowrp101,sturb101,pridj101,metkg101,buzaj101,prouw101,zaria101,maloe101,salvj101,8,6,4,7,5,3,9,2,1,trouq101,leonb101,serrb101,speac103,easth104,simmw101,broww101,wrigb104,0,0,0,0,0,0,0,0,0,0,0,0,0,0,0,0,0,0,0,,0,0,0,0,0,0,0,3,3+,G,0,0,39,?,,,,,,19431105,exhibition,deduced
KCR194311050,99,5,0,0,LOS02,MLS,KCR,4,2,buzaj101,matcj101,5,5,R,R,?,?,??,,,1,1,0,0,0,0,0,0,0,0,0,0,0,0,1,0,1,1,0,0,0,0,0,0,0,0,0,0,0,0,0,0,0,0,0,0,0,0,0,0,0,0,0,0,0,0,0,0,0,0,0,2,3,metkg101,,,,,,metkg101,,,matcj101,,,,,,,,,,,,,,0,0,0,0,0,0,0,0,0,0,0,0,lowrp101,sturb101,pridj101,metkg101,buzaj101,prouw101,zaria101,maloe101,salvj101,8,6,4,7,5,3,9,2,1,trouq101,leonb101,serrb101,speac103,easth104,simmw101,broww101,wrigb104,1,0,0,0,0,0,0,0,0,0,0,0,0,0,0,0,0,0,0,0,0,0,0,0,0,0,0,0,,,0,0,40,?,,,,,,19431105,exhibition,deduced
KCR194311050,S7.BX2(74)#,5,1,1,LOS02,KCR,MLS,4,2,matcj101,salvj101,9,1,L,R,?,?,??,,,1,1,1,0,0,0,0,0,0,0,0,0,0,0,0,0,0,1,0,0,0,0,0,0,0,0,0,0,0,0,0,0,0,0,0,0,0,0,0,0,0,0,0,0,0,0,0,0,0,0,0,0,1,,,,,,,,,,,,,,,,,,,,,,,,0,0,0,0,0,0,0,0,0,0,0,0,simmw101,easth104,wrigb104,broww101,trouq101,leonb101,serrb101,speac103,matcj101,7,6,9,8,2,3,4,5,1,maloe101,prouw101,pridj101,buzaj101,sturb101,metkg101,lowrp101,zaria101,0,0,0,0,1,0,0,0,0,0,0,0,0,0,0,0,1,0,0,74,0,0,0,7,0,0,0,7,7+,,0,0,41,?,,,,,,19431105,exhibition,deduced
KCR194311050,99,5,1,1,LOS02,KCR,MLS,4,2,simmw101,salvj101,1,7,L,R,?,?,??,,,1,1,0,0,0,0,0,0,0,0,0,0,0,0,1,0,1,1,0,0,0,0,0,0,0,0,0,0,0,0,0,0,0,0,0,0,0,0,0,0,0,0,0,0,0,0,0,0,0,0,0,1,2,,,,,,,,,,,,,,,,,,,,,,,,0,0,0,0,0,0,0,0,0,0,0,0,simmw101,easth104,wrigb104,broww101,trouq101,leonb101,serrb101,speac103,matcj101,7,6,9,8,2,3,4,5,1,maloe101,prouw101,pridj101,buzaj101,sturb101,metkg101,lowrp101,zaria101,1,0,0,0,0,0,0,0,0,0,0,0,0,0,0,0,0,0,0,0,0,0,0,0,0,0,0,0,,,0,0,42,?,,,,,,19431105,exhibition,deduced
KCR194311050,99,5,1,1,LOS02,KCR,MLS,4,2,easth104,salvj101,2,6,B,R,?,?,??,,,1,1,0,0,0,0,0,0,0,0,0,0,0,0,1,0,1,1,0,0,0,0,0,0,0,0,0,0,0,0,0,0,0,0,0,0,0,0,0,0,0,0,0,0,0,0,0,0,0,0,0,2,3,,,,,,,,,,,,,,,,,,,,,,,,0,0,0,0,0,0,0,0,0,0,0,0,simmw101,easth104,wrigb104,broww101,trouq101,leonb101,serrb101,speac103,matcj101,7,6,9,8,2,3,4,5,1,maloe101,prouw101,pridj101,buzaj101,sturb101,metkg101,lowrp101,zaria101,1,0,0,0,0,0,0,0,0,0,0,0,0,0,0,0,0,0,0,0,0,0,0,0,0,0,0,0,,,0,0,43,?,,,,,,19431105,exhibition,deduced
KCR194311050,W,6,0,0,LOS02,MLS,KCR,4,2,prouw101,brewc102,6,3,R,R,?,?,??,,,1,0,0,0,0,0,0,0,0,1,0,0,0,0,0,0,0,0,0,0,0,0,0,0,0,0,0,0,0,0,0,0,0,0,0,0,0,0,0,0,0,0,0,0,0,0,0,0,0,0,0,0,0,,,,prouw101,,,,,,,,,brewc102,,,,,,,,,,,0,0,0,0,0,0,0,0,0,0,0,0,lowrp101,sturb101,pridj101,metkg101,buzaj101,prouw101,zaria101,maloe101,salvj101,8,6,4,7,5,3,9,2,1,trouq101,leonb101,serrb101,speac103,easth104,simmw101,broww101,wrigb104,0,0,0,0,0,0,0,0,0,0,0,0,0,0,0,0,0,0,0,,0,0,0,0,0,0,0,0,,,0,0,44,?,,,,,,19431105,exhibition,deduced
KCR194311050,64(1)3/GDP#,6,0,0,LOS02,MLS,KCR,4,2,zaria101,brewc102,7,9,L,R,?,?,??,,,1,1,0,0,0,0,0,0,0,0,0,0,0,0,1,0,1,1,0,1,0,0,0,1,0,0,0,0,0,0,0,0,0,0,0,0,0,0,0,0,0,0,0,0,0,0,0,0,0,0,0,0,2,prouw101,,,,,,,,,brewc102,,,,,,,,,,,,,,0,0,0,0,0,0,0,0,0,0,0,0,lowrp101,sturb101,pridj101,metkg101,buzaj101,prouw101,zaria101,maloe101,salvj101,8,6,4,7,5,3,9,2,1,trouq101,leonb101,serrb101,speac103,easth104,simmw101,broww101,wrigb104,0,0,0,1,1,0,0,0,0,0,0,0,0,1,0,1,0,0,0,643,6,4,0,0,0,0,0,6,,G,1,4,45,?,,,,,,19431105,exhibition,deduced
KCR194311050,W,6,0,0,LOS02,MLS,KCR,4,2,maloe101,brewc102,8,2,R,R,?,?,??,,,1,0,0,0,0,0,0,0,0,1,0,0,0,0,0,0,0,0,0,0,0,0,0,0,0,0,0,0,0,0,0,0,0,0,0,0,0,0,0,0,0,0,0,0,0,0,0,0,0,0,0,2,2,,,,maloe101,,,,,,,,,brewc102,,,,,,,,,,,0,0,0,0,0,0,0,0,0,0,0,0,lowrp101,sturb101,pridj101,metkg101,buzaj101,prouw101,zaria101,maloe101,salvj101,8,6,4,7,5,3,9,2,1,trouq101,leonb101,serrb101,speac103,easth104,simmw101,broww101,wrigb104,0,0,0,0,0,0,0,0,0,0,0,0,0,0,0,0,0,0,0,,0,0,0,0,0,0,0,0,,,0,0,46,?,,,,,,19431105,exhibition,deduced
KCR194311050,99,6,0,0,LOS02,MLS,KCR,4,2,salvj101,brewc102,9,1,R,R,?,?,??,,,1,1,0,0,0,0,0,0,0,0,0,0,0,0,1,0,1,1,0,0,0,0,0,0,0,0,0,0,0,0,0,0,0,0,0,0,0,0,0,0,0,0,0,0,0,0,0,0,0,0,0,2,3,maloe101,,,,,,maloe101,,,brewc102,,,,,,,,,,,,,,0,0,0,0,0,0,0,0,0,0,0,0,lowrp101,sturb101,pridj101,metkg101,buzaj101,prouw101,zaria101,maloe101,salvj101,8,6,4,7,5,3,9,2,1,trouq101,leonb101,serrb101,speac103,easth104,simmw101,broww101,wrigb104,1,0,0,0,0,0,0,0,0,0,0,0,0,0,0,0,0,0,0,0,0,0,0,0,0,0,0,0,,,0,0,47,?,,,,,,19431105,exhibition,deduced
KCR194311050,99,6,1,1,LOS02,KCR,MLS,4,2,wrigb104,salvj101,3,9,B,R,?,?,??,,,1,1,0,0,0,0,0,0,0,0,0,0,0,0,1,0,1,1,0,0,0,0,0,0,0,0,0,0,0,0,0,0,0,0,0,0,0,0,0,0,0,0,0,0,0,0,0,0,0,0,0,0,1,,,,,,,,,,,,,,,,,,,,,,,,0,0,0,0,0,0,0,0,0,0,0,0,simmw101,easth104,wrigb104,broww101,trouq101,leonb101,serrb101,speac103,brewc102,7,6,9,8,2,3,4,5,1,maloe101,prouw101,pridj101,buzaj101,sturb101,metkg101,lowrp101,zaria101,1,0,0,0,0,0,0,0,0,0,0,0,0,0,0,0,0,0,0,0,0,0,0,0,0,0,0,0,,,0,0,48,?,,,,,,19431105,exhibition,deduced
KCR194311050,99,6,1,1,LOS02,KCR,MLS,4,2,broww101,salvj101,4,8,R,R,?,?,??,,,1,1,0,0,0,0,0,0,0,0,0,0,0,0,1,0,1,1,0,0,0,0,0,0,0,0,0,0,0,0,0,0,0,0,0,0,0,0,0,0,0,0,0,0,0,0,0,0,0,0,0,1,2,,,,,,,,,,,,,,,,,,,,,,,,0,0,0,0,0,0,0,0,0,0,0,0,simmw101,easth104,wrigb104,broww101,trouq101,leonb101,serrb101,speac103,brewc102,7,6,9,8,2,3,4,5,1,maloe101,prouw101,pridj101,buzaj101,sturb101,metkg101,lowrp101,zaria101,1,0,0,0,0,0,0,0,0,0,0,0,0,0,0,0,0,0,0,0,0,0,0,0,0,0,0,0,,,0,0,49,?,,,,,,19431105,exhibition,deduced
KCR194311050,99,6,1,1,LOS02,KCR,MLS,4,2,trouq101,salvj101,5,2,B,R,?,?,??,,,1,1,0,0,0,0,0,0,0,0,0,0,0,0,1,0,1,1,0,0,0,0,0,0,0,0,0,0,0,0,0,0,0,0,0,0,0,0,0,0,0,0,0,0,0,0,0,0,0,0,0,2,3,,,,,,,,,,,,,,,,,,,,,,,,0,0,0,0,0,0,0,0,0,0,0,0,simmw101,easth104,wrigb104,broww101,trouq101,leonb101,serrb101,speac103,brewc102,7,6,9,8,2,3,4,5,1,maloe101,prouw101,pridj101,buzaj101,sturb101,metkg101,lowrp101,zaria101,1,0,0,0,0,0,0,0,0,0,0,0,0,0,0,0,0,0,0,0,0,0,0,0,0,0,0,0,,,0,0,50,?,,,,,,19431105,exhibition,deduced
KCR194311050,99,7,0,0,LOS02,MLS,KCR,4,2,lowrp101,brewc102,1,8,R,R,?,?,??,,,1,1,0,0,0,0,0,0,0,0,0,0,0,0,1,0,1,1,0,0,0,0,0,0,0,0,0,0,0,0,0,0,0,0,0,0,0,0,0,0,0,0,0,0,0,0,0,0,0,0,0,0,1,,,,,,,,,,,,,,,,,,,,,,,,0,0,0,0,0,0,0,0,0,0,0,0,lowrp101,sturb101,pridj101,metkg101,buzaj101,prouw101,zaria101,maloe101,salvj101,8,6,4,7,5,3,9,2,1,trouq101,leonb101,serrb101,speac103,easth104,simmw101,broww101,wrigb104,1,0,0,0,0,0,0,0,0,0,0,0,0,0,0,0,0,0,0,0,0,0,0,0,0,0,0,0,,,0,0,51,?,,,,,,19431105,exhibition,deduced
KCR194311050,99,7,0,0,LOS02,MLS,KCR,4,2,sturb101,brewc102,2,6,R,R,?,?,??,,,1,1,0,0,0,0,0,0,0,0,0,0,0,0,1,0,1,1,0,0,0,0,0,0,0,0,0,0,0,0,0,0,0,0,0,0,0,0,0,0,0,0,0,0,0,0,0,0,0,0,0,1,2,,,,,,,,,,,,,,,,,,,,,,,,0,0,0,0,0,0,0,0,0,0,0,0,lowrp101,sturb101,pridj101,metkg101,buzaj101,prouw101,zaria101,maloe101,salvj101,8,6,4,7,5,3,9,2,1,trouq101,leonb101,serrb101,speac103,easth104,simmw101,broww101,wrigb104,1,0,0,0,0,0,0,0,0,0,0,0,0,0,0,0,0,0,0,0,0,0,0,0,0,0,0,0,,,0,0,52,?,,,,,,19431105,exhibition,deduced
KCR194311050,99,7,0,0,LOS02,MLS,KCR,4,2,pridj101,brewc102,3,4,R,R,?,?,??,,,1,1,0,0,0,0,0,0,0,0,0,0,0,0,1,0,1,1,0,0,0,0,0,0,0,0,0,0,0,0,0,0,0,0,0,0,0,0,0,0,0,0,0,0,0,0,0,0,0,0,0,2,3,,,,,,,,,,,,,,,,,,,,,,,,0,0,0,0,0,0,0,0,0,0,0,0,lowrp101,sturb101,pridj101,metkg101,buzaj101,prouw101,zaria101,maloe101,salvj101,8,6,4,7,5,3,9,2,1,trouq101,leonb101,serrb101,speac103,easth104,simmw101,broww101,wrigb104,1,0,0,0,0,0,0,0,0,0,0,0,0,0,0,0,0,0,0,0,0,0,0,0,0,0,0,0,,,0,0,53,?,,,,,,19431105,exhibition,deduced
KCR194311050,99,7,1,1,LOS02,KCR,MLS,4,2,leonb101,salvj101,6,3,L,R,?,?,??,,,1,1,0,0,0,0,0,0,0,0,0,0,0,0,1,0,1,1,0,0,0,0,0,0,0,0,0,0,0,0,0,0,0,0,0,0,0,0,0,0,0,0,0,0,0,0,0,0,0,0,0,0,1,,,,,,,,,,,,,,,,,,,,,,,,0,0,0,0,0,0,0,0,0,0,0,0,simmw101,easth104,wrigb104,broww101,trouq101,leonb101,serrb101,speac103,brewc102,7,6,9,8,2,3,4,5,1,maloe101,prouw101,pridj101,buzaj101,sturb101,metkg101,lowrp101,zaria101,1,0,0,0,0,0,0,0,0,0,0,0,0,0,0,0,0,0,0,0,0,0,0,0,0,0,0,0,,,0,0,54,?,,,,,,19431105,exhibition,deduced
KCR194311050,99,7,1,1,LOS02,KCR,MLS,4,2,serrb101,salvj101,7,4,L,R,?,?,??,,,1,1,0,0,0,0,0,0,0,0,0,0,0,0,1,0,1,1,0,0,0,0,0,0,0,0,0,0,0,0,0,0,0,0,0,0,0,0,0,0,0,0,0,0,0,0,0,0,0,0,0,1,2,,,,,,,,,,,,,,,,,,,,,,,,0,0,0,0,0,0,0,0,0,0,0,0,simmw101,easth104,wrigb104,broww101,trouq101,leonb101,serrb101,speac103,brewc102,7,6,9,8,2,3,4,5,1,maloe101,prouw101,pridj101,buzaj101,sturb101,metkg101,lowrp101,zaria101,1,0,0,0,0,0,0,0,0,0,0,0,0,0,0,0,0,0,0,0,0,0,0,0,0,0,0,0,,,0,0,55,?,,,,,,19431105,exhibition,deduced
KCR194311050,99,7,1,1,LOS02,KCR,MLS,4,2,speac103,salvj101,8,5,L,R,?,?,??,,,1,1,0,0,0,0,0,0,0,0,0,0,0,0,1,0,1,1,0,0,0,0,0,0,0,0,0,0,0,0,0,0,0,0,0,0,0,0,0,0,0,0,0,0,0,0,0,0,0,0,0,2,3,,,,,,,,,,,,,,,,,,,,,,,,0,0,0,0,0,0,0,0,0,0,0,0,simmw101,easth104,wrigb104,broww101,trouq101,leonb101,serrb101,speac103,brewc102,7,6,9,8,2,3,4,5,1,maloe101,prouw101,pridj101,buzaj101,sturb101,metkg101,lowrp101,zaria101,1,0,0,0,0,0,0,0,0,0,0,0,0,0,0,0,0,0,0,0,0,0,0,0,0,0,0,0,,,0,0,56,?,,,,,,19431105,exhibition,deduced
KCR194311050,W,8,0,0,LOS02,MLS,KCR,4,2,metkg101,brewc102,4,7,L,R,?,?,??,,,1,0,0,0,0,0,0,0,0,1,0,0,0,0,0,0,0,0,0,0,0,0,0,0,0,0,0,0,0,0,0,0,0,0,0,0,0,0,0,0,0,0,0,0,0,0,0,0,0,0,0,0,0,,,,metkg101,,,,,,,,,brewc102,,,,,,,,,,,0,0,0,0,0,0,0,0,0,0,0,0,lowrp101,sturb101,pridj101,metkg101,buzaj101,prouw101,zaria101,maloe101,salvj101,8,6,4,7,5,3,9,2,1,trouq101,leonb101,serrb101,speac103,easth104,simmw101,broww101,wrigb104,0,0,0,0,0,0,0,0,0,0,0,0,0,0,0,0,0,0,0,,0,0,0,0,0,0,0,0,,,0,0,57,?,,,,,,19431105,exhibition,deduced
KCR194311050,6(1)3/GDP#,8,0,0,LOS02,MLS,KCR,4,2,buzaj101,brewc102,5,5,R,R,?,?,??,,,1,1,0,0,0,0,0,0,0,0,0,0,0,0,1,0,1,1,0,1,0,0,0,1,0,0,0,0,0,0,0,0,0,0,0,0,0,0,0,0,0,0,0,0,0,0,0,0,0,0,0,0,2,metkg101,,,,,,,,,brewc102,,,,,,,,,,,,,,0,0,0,0,0,0,0,0,0,0,0,0,lowrp101,sturb101,pridj101,metkg101,buzaj101,prouw101,zaria101,maloe101,salvj101,8,6,4,7,5,3,9,2,1,trouq101,leonb101,serrb101,speac103,easth104,simmw101,broww101,wrigb104,0,0,0,1,0,0,1,0,0,0,0,0,0,0,0,1,0,0,0,63,6,6,0,0,0,0,0,6,,G,1,6,58,?,,,,,,19431105,exhibition,deduced
KCR194311050,99,8,0,0,LOS02,MLS,KCR,4,2,prouw101,brewc102,6,3,R,R,?,?,??,,,1,1,0,0,0,0,0,0,0,0,0,0,0,0,1,0,1,1,0,0,0,0,0,0,0,0,0,0,0,0,0,0,0,0,0,0,0,0,0,0,0,0,0,0,0,0,0,0,0,0,0,2,3,,,,,,,,,,,,,,,,,,,,,,,,0,0,0,0,0,0,0,0,0,0,0,0,lowrp101,sturb101,pridj101,metkg101,buzaj101,prouw101,zaria101,maloe101,salvj101,8,6,4,7,5,3,9,2,1,trouq101,leonb101,serrb101,speac103,easth104,simmw101,broww101,wrigb104,1,0,0,0,0,0,0,0,0,0,0,0,0,0,0,0,0,0,0,0,0,0,0,0,0,0,0,0,,,0,0,59,?,,,,,,19431105,exhibition,deduced
KCR194311050,99,8,1,1,LOS02,KCR,MLS,4,2,brewc102,castg101,9,1,B,R,?,?,??,,,1,1,0,0,0,0,0,0,0,0,0,0,0,0,1,0,1,1,0,0,0,0,0,0,0,0,0,0,0,0,0,0,0,0,0,0,0,0,0,0,0,0,0,0,0,0,0,0,0,0,0,0,1,,,,,,,,,,,,,,,,,,,,,,,,0,0,0,0,0,0,0,0,0,0,0,0,simmw101,easth104,wrigb104,broww101,trouq101,leonb101,serrb101,speac103,brewc102,7,6,9,8,2,3,4,5,1,maloe101,prouw101,pridj101,buzaj101,sturb101,metkg101,lowrp101,gerru101,1,0,0,0,0,0,0,0,0,0,0,0,0,0,0,0,0,0,0,0,0,0,0,0,0,0,0,0,,,0,0,60,?,,,,,,19431105,exhibition,deduced
KCR194311050,99,8,1,1,LOS02,KCR,MLS,4,2,simmw101,castg101,1,7,L,R,?,?,??,,,1,1,0,0,0,0,0,0,0,0,0,0,0,0,1,0,1,1,0,0,0,0,0,0,0,0,0,0,0,0,0,0,0,0,0,0,0,0,0,0,0,0,0,0,0,0,0,0,0,0,0,1,2,,,,,,,,,,,,,,,,,,,,,,,,0,0,0,0,0,0,0,0,0,0,0,0,simmw101,easth104,wrigb104,broww101,trouq101,leonb101,serrb101,speac103,brewc102,7,6,9,8,2,3,4,5,1,maloe101,prouw101,pridj101,buzaj101,sturb101,metkg101,lowrp101,gerru101,1,0,0,0,0,0,0,0,0,0,0,0,0,0,0,0,0,0,0,0,0,0,0,0,0,0,0,0,,,0,0,61,?,,,,,,19431105,exhibition,deduced
KCR194311050,99,8,1,1,LOS02,KCR,MLS,4,2,easth104,castg101,2,6,B,R,?,?,??,,,1,1,0,0,0,0,0,0,0,0,0,0,0,0,1,0,1,1,0,0,0,0,0,0,0,0,0,0,0,0,0,0,0,0,0,0,0,0,0,0,0,0,0,0,0,0,0,0,0,0,0,2,3,,,,,,,,,,,,,,,,,,,,,,,,0,0,0,0,0,0,0,0,0,0,0,0,simmw101,easth104,wrigb104,broww101,trouq101,leonb101,serrb101,speac103,brewc102,7,6,9,8,2,3,4,5,1,maloe101,prouw101,pridj101,buzaj101,sturb101,metkg101,lowrp101,gerru101,1,0,0,0,0,0,0,0,0,0,0,0,0,0,0,0,0,0,0,0,0,0,0,0,0,0,0,0,,,0,0,62,?,,,,,,19431105,exhibition,deduced
KCR194311050,99,9,0,0,LOS02,MLS,KCR,4,2,gerru101,brewc102,7,9,?,R,?,?,??,,,1,1,0,0,0,0,0,0,0,0,0,0,0,0,1,0,1,1,0,0,0,0,0,0,0,0,0,0,0,0,0,0,0,0,0,0,0,0,0,0,0,0,0,0,0,0,0,0,0,0,0,0,1,,,,,,,,,,,,,,,,,,,,,,,,0,0,0,0,0,0,0,0,0,0,0,0,lowrp101,sturb101,pridj101,metkg101,buzaj101,prouw101,gerru101,maloe101,castg101,8,6,4,7,5,3,9,2,1,trouq101,leonb101,serrb101,speac103,easth104,simmw101,broww101,wrigb104,1,0,0,0,0,0,0,0,0,0,0,0,0,0,0,0,0,0,0,0,0,0,0,0,0,0,0,0,,,0,0,63,?,,,,,,19431105,exhibition,deduced
KCR194311050,99,9,0,0,LOS02,MLS,KCR,4,2,maloe101,brewc102,8,2,R,R,?,?,??,,,1,1,0,0,0,0,0,0,0,0,0,0,0,0,1,0,1,1,0,0,0,0,0,0,0,0,0,0,0,0,0,0,0,0,0,0,0,0,0,0,0,0,0,0,0,0,0,0,0,0,0,1,2,,,,,,,,,,,,,,,,,,,,,,,,0,0,0,0,0,0,0,0,0,0,0,0,lowrp101,sturb101,pridj101,metkg101,buzaj101,prouw101,gerru101,maloe101,castg101,8,6,4,7,5,3,9,2,1,trouq101,leonb101,serrb101,speac103,easth104,simmw101,broww101,wrigb104,1,0,0,0,0,0,0,0,0,0,0,0,0,0,0,0,0,0,0,0,0,0,0,0,0,0,0,0,,,0,0,64,?,,,,,,19431105,exhibition,deduced
KCR194311050,99,9,0,0,LOS02,MLS,KCR,4,2,castg101,brewc102,9,1,R,R,?,?,??,,,1,1,0,0,0,0,0,0,0,0,0,0,0,0,1,0,1,1,0,0,0,0,0,0,0,0,0,0,0,0,0,0,0,0,0,0,0,0,0,0,0,0,0,0,0,0,0,0,0,0,0,2,3,,,,,,,,,,,,,,,,,,,,,,,,0,0,0,0,0,0,0,0,0,0,0,0,lowrp101,sturb101,pridj101,metkg101,buzaj101,prouw101,gerru101,maloe101,castg101,8,6,4,7,5,3,9,2,1,trouq101,leonb101,serrb101,speac103,easth104,simmw101,broww101,wrigb104,1,0,0,0,0,0,0,0,0,0,0,0,0,0,0,0,0,0,0,0,0,0,0,0,0,0,0,0,,,0,0,65,?,,,,,,19431105,exhibition,deduced
KCR194311050,S,9,1,1,LOS02,KCR,MLS,4,2,wrigb104,castg101,3,9,B,R,?,?,??,,,1,1,1,0,0,0,0,0,0,0,0,0,0,0,0,0,0,1,0,0,0,0,0,0,0,0,0,0,0,0,0,0,0,0,0,0,0,0,0,0,0,0,0,0,0,0,0,0,0,0,0,0,0,,,,wrigb104,,,,,,,,,castg101,,,,,,,,,,,0,0,0,0,0,0,0,0,0,0,0,0,simmw101,easth104,wrigb104,broww101,trouq101,leonb101,serrb101,speac103,brewc102,7,6,9,8,2,3,4,5,1,maloe101,prouw101,pridj101,buzaj101,sturb101,metkg101,lowrp101,gerru101,0,0,0,0,0,0,0,0,0,0,0,0,0,0,0,0,0,0,0,,0,0,0,0,0,0,0,0,,,0,0,66,?,,,,,,19431105,exhibition,deduced
KCR194311050,S7.1X3(75)#,9,1,1,LOS02,KCR,MLS,4,2,broww101,castg101,4,8,R,R,?,?,??,,,1,1,1,0,0,0,0,0,0,0,0,0,0,0,0,0,0,1,0,0,0,0,0,0,0,0,0,0,0,0,0,0,0,0,0,0,0,0,0,0,0,0,0,0,0,0,0,0,0,0,0,0,1,wrigb104,,,broww101,,,,,,castg101,,,castg101,,,,,,,,,,,0,0,0,0,0,0,0,0,0,0,0,0,simmw101,easth104,wrigb104,broww101,trouq101,leonb101,serrb101,speac103,brewc102,7,6,9,8,2,3,4,5,1,maloe101,prouw101,pridj101,buzaj101,sturb101,metkg101,lowrp101,gerru101,0,0,0,0,0,1,0,0,0,0,0,0,0,0,0,0,1,0,0,75,0,0,0,0,7,0,0,7,7+,,0,0,67,?,,,,,,19431105,exhibition,deduced
KCR194311050,CS2(24)#,9,1,1,LOS02,KCR,MLS,4,2,trouq101,castg101,5,2,B,R,?,?,??,,,0,0,0,0,0,0,0,0,0,0,0,0,0,0,0,0,0,0,0,0,0,0,0,0,0,0,0,0,0,0,0,0,0,0,0,1,0,0,0,0,0,0,0,0,0,0,0,0,0,0,0,1,2,broww101,,,,,,,,,castg101,,,,,,,,,,,,,,0,0,0,0,0,0,0,0,0,0,0,0,simmw101,easth104,wrigb104,broww101,trouq101,leonb101,serrb101,speac103,brewc102,7,6,9,8,2,3,4,5,1,maloe101,prouw101,pridj101,buzaj101,sturb101,metkg101,lowrp101,gerru101,0,0,0,0,1,0,0,0,0,0,0,1,0,0,0,0,0,0,0,24,0,0,0,0,0,0,0,0,,,0,0,68,?,,,,,,19431105,exhibition,deduced
KCR194311050,99,9,1,1,LOS02,KCR,MLS,4,2,trouq101,castg101,5,2,B,R,?,?,??,,,1,1,0,0,0,0,0,0,0,0,0,0,0,0,1,0,1,1,0,0,0,0,0,0,0,0,0,0,0,0,0,0,0,0,0,0,0,0,0,0,0,0,0,0,0,0,0,0,0,0,0,2,3,,,,,,,,,,,,,,,,,,,,,,,,0,0,0,0,0,0,0,0,0,0,0,0,simmw101,easth104,wrigb104,broww101,trouq101,leonb101,serrb101,speac103,brewc102,7,6,9,8,2,3,4,5,1,maloe101,prouw101,pridj101,buzaj101,sturb101,metkg101,lowrp101,gerru101,1,0,0,0,0,0,0,0,0,0,0,0,0,0,0,0,0,0,0,0,0,0,0,0,0,0,0,0,,,0,0,69,?,,,,,,19431105,exhibition,deduced
KCR194311110,99,1,0,0,LOS02,WPS,KCR,0,0,newss101,mcdut101,1,4,R,R,?,?,??,,,1,1,0,0,0,0,0,0,0,0,0,0,0,0,1,0,1,1,0,0,0,0,0,0,0,0,0,0,0,0,0,0,0,0,0,0,0,0,0,0,0,0,0,0,0,0,0,0,0,0,0,0,1,,,,,,,,,,,,,,,,,,,,,,,,0,0,0,0,0,0,0,0,0,0,0,0,newss101,zaria101,novil101,lindj101,stepv101,mesns101,mcqug101,campg101,florj101,4,9,7,8,6,5,3,2,1,trouq101,leonb101,serrb101,speac103,easth104,simmw101,broww101,wrigb104,1,0,0,0,0,0,0,0,0,0,0,0,0,0,0,0,0,0,0,0,0,0,0,0,0,0,0,0,,,0,0,1,fordu901,ashfe901,,,,,19431111,exhibition,deduced
KCR194311110,99,1,0,0,LOS02,WPS,KCR,0,0,zaria101,mcdut101,2,9,L,R,?,?,??,,,1,1,0,0,0,0,0,0,0,0,0,0,0,0,1,0,1,1,0,0,0,0,0,0,0,0,0,0,0,0,0,0,0,0,0,0,0,0,0,0,0,0,0,0,0,0,0,0,0,0,0,1,2,,,,,,,,,,,,,,,,,,,,,,,,0,0,0,0,0,0,0,0,0,0,0,0,newss101,zaria101,novil101,lindj101,stepv101,mesns101,mcqug101,campg101,florj101,4,9,7,8,6,5,3,2,1,trouq101,leonb101,serrb101,speac103,easth104,simmw101,broww101,wrigb104,1,0,0,0,0,0,0,0,0,0,0,0,0,0,0,0,0,0,0,0,0,0,0,0,0,0,0,0,,,0,0,2,fordu901,ashfe901,,,,,19431111,exhibition,deduced
KCR194311110,99,1,0,0,LOS02,WPS,KCR,0,0,novil101,mcdut101,3,7,R,R,?,?,??,,,1,1,0,0,0,0,0,0,0,0,0,0,0,0,1,0,1,1,0,0,0,0,0,0,0,0,0,0,0,0,0,0,0,0,0,0,0,0,0,0,0,0,0,0,0,0,0,0,0,0,0,2,3,,,,,,,,,,,,,,,,,,,,,,,,0,0,0,0,0,0,0,0,0,0,0,0,newss101,zaria101,novil101,lindj101,stepv101,mesns101,mcqug101,campg101,florj101,4,9,7,8,6,5,3,2,1,trouq101,leonb101,serrb101,speac103,easth104,simmw101,broww101,wrigb104,1,0,0,0,0,0,0,0,0,0,0,0,0,0,0,0,0,0,0,0,0,0,0,0,0,0,0,0,,,0,0,3,fordu901,ashfe901,,,,,19431111,exhibition,deduced
KCR194311110,99,1,1,1,LOS02,KCR,WPS,0,0,simmw101,florj101,1,7,L,R,?,?,??,,,1,1,0,0,0,0,0,0,0,0,0,0,0,0,1,0,1,1,0,0,0,0,0,0,0,0,0,0,0,0,0,0,0,0,0,0,0,0,0,0,0,0,0,0,0,0,0,0,0,0,0,0,1,,,,,,,,,,,,,,,,,,,,,,,,0,0,0,0,0,0,0,0,0,0,0,0,simmw101,easth104,wrigb104,broww101,trouq101,leonb101,serrb101,speac103,mcdut101,7,6,9,8,2,3,4,5,1,campg101,mcqug101,newss101,mesns101,stepv101,novil101,lindj101,zaria101,1,0,0,0,0,0,0,0,0,0,0,0,0,0,0,0,0,0,0,0,0,0,0,0,0,0,0,0,,,0,0,4,fordu901,ashfe901,,,,,19431111,exhibition,deduced
KCR194311110,S,1,1,1,LOS02,KCR,WPS,0,0,easth104,florj101,2,6,B,R,?,?,??,,,1,1,1,0,0,0,0,0,0,0,0,0,0,0,0,0,0,1,0,0,0,0,0,0,0,0,0,0,0,0,0,0,0,0,0,0,0,0,0,0,0,0,0,0,0,0,0,0,0,0,0,1,1,,,,easth104,,,,,,,,,florj101,,,,,,,,,,,0,0,0,0,0,0,0,0,0,0,0,0,simmw101,easth104,wrigb104,broww101,trouq101,leonb101,serrb101,speac103,mcdut101,7,6,9,8,2,3,4,5,1,campg101,mcqug101,newss101,mesns101,stepv101,novil101,lindj101,zaria101,0,0,0,0,0,0,0,0,0,0,0,0,0,0,0,0,0,0,0,,0,0,0,0,0,0,0,0,,,0,0,5,fordu901,ashfe901,,,,,19431111,exhibition,deduced
KCR194311110,SB2,1,1,1,LOS02,KCR,WPS,0,0,wrigb104,florj101,3,9,B,R,?,?,??,,,0,0,0,0,0,0,0,0,0,0,0,0,0,0,0,0,0,0,0,0,0,0,0,0,0,0,0,0,0,0,0,0,1,0,0,0,0,0,0,0,0,0,0,0,0,0,0,0,0,0,0,1,1,easth104,,,,easth104,,,,,florj101,,,,florj101,,,,,,,,,,0,0,0,0,0,0,0,0,0,0,0,0,simmw101,easth104,wrigb104,broww101,trouq101,leonb101,serrb101,speac103,mcdut101,7,6,9,8,2,3,4,5,1,campg101,mcqug101,newss101,mesns101,stepv101,novil101,lindj101,zaria101,0,0,0,0,0,0,0,0,0,0,0,0,0,0,0,0,0,0,0,,0,0,0,0,0,0,0,0,,,0,0,6,fordu901,ashfe901,,,,,19431111,exhibition,deduced
KCR194311110,99,1,1,1,LOS02,KCR,WPS,0,0,wrigb104,florj101,3,9,B,R,?,?,??,,,1,1,0,0,0,0,0,0,0,0,0,0,0,0,1,0,1,1,0,0,0,0,0,0,0,0,0,0,0,0,0,0,0,0,0,0,0,0,0,0,0,0,0,0,0,0,0,0,0,0,0,1,2,,easth104,,,easth104,,,,,,florj101,,,florj101,,,,,,,,,,0,0,0,0,0,0,0,0,0,0,0,0,simmw101,easth104,wrigb104,broww101,trouq101,leonb101,serrb101,speac103,mcdut101,7,6,9,8,2,3,4,5,1,campg101,mcqug101,newss101,mesns101,stepv101,novil101,lindj101,zaria101,1,0,0,0,0,0,0,0,0,0,0,0,0,0,0,0,0,0,0,0,0,0,0,0,0,0,0,0,,,0,0,7,fordu901,ashfe901,,,,,19431111,exhibition,deduced
KCR194311110,99,1,1,1,LOS02,KCR,WPS,0,0,broww101,florj101,4,8,R,R,?,?,??,,,1,1,0,0,0,0,0,0,0,0,0,0,0,0,1,0,1,1,0,0,0,0,0,0,0,0,0,0,0,0,0,0,0,0,0,0,0,0,0,0,0,0,0,0,0,0,0,0,0,0,0,2,3,,easth104,,,,,easth104,,,,florj101,,,,,,,,,,,,,0,0,0,0,0,0,0,0,0,0,0,0,simmw101,easth104,wrigb104,broww101,trouq101,leonb101,serrb101,speac103,mcdut101,7,6,9,8,2,3,4,5,1,campg101,mcqug101,newss101,mesns101,stepv101,novil101,lindj101,zaria101,1,0,0,0,0,0,0,0,0,0,0,0,0,0,0,0,0,0,0,0,0,0,0,0,0,0,0,0,,,0,0,8,fordu901,ashfe901,,,,,19431111,exhibition,deduced
KCR194311110,S8,2,0,0,LOS02,WPS,KCR,0,0,lindj101,mcdut101,4,8,R,R,?,?,??,,,1,1,1,0,0,0,0,0,0,0,0,0,0,0,0,0,0,1,0,0,0,0,0,0,0,0,0,0,0,0,0,0,0,0,0,0,0,0,0,0,0,0,0,0,0,0,0,0,0,0,0,0,0,,,,lindj101,,,,,,,,,mcdut101,,,,,,,,,,,0,0,0,0,0,0,0,0,0,0,0,0,newss101,zaria101,novil101,lindj101,stepv101,mesns101,mcqug101,campg101,florj101,4,9,7,8,6,5,3,2,1,trouq101,leonb101,serrb101,speac103,easth104,simmw101,broww101,wrigb104,0,0,0,0,0,0,0,0,0,0,0,0,0,0,0,0,0,0,0,,0,0,0,0,0,0,0,8,8+,,0,0,9,fordu901,ashfe901,,,,,19431111,exhibition,deduced
KCR194311110,K,2,0,0,LOS02,WPS,KCR,0,0,stepv101,mcdut101,5,6,R,R,?,?,??,,,1,1,0,0,0,0,0,0,0,0,1,0,0,0,0,0,0,0,0,0,0,0,0,0,0,0,0,0,0,0,0,0,0,0,0,0,0,0,0,0,0,0,0,0,0,0,0,0,0,0,0,0,1,lindj101,,,lindj101,,,,,,mcdut101,,,mcdut101,,,,,,,,,,,0,0,0,0,0,0,0,0,0,0,0,0,newss101,zaria101,novil101,lindj101,stepv101,mesns101,mcqug101,campg101,florj101,4,9,7,8,6,5,3,2,1,trouq101,leonb101,serrb101,speac103,easth104,simmw101,broww101,wrigb104,0,0,1,0,0,0,0,0,0,0,0,0,0,0,0,0,0,0,0,2,0,0,0,0,0,0,0,0,,,0,0,10,fordu901,ashfe901,,,,,19431111,exhibition,deduced
KCR194311110,99(1)/FO,2,0,0,LOS02,WPS,KCR,0,0,mesns101,mcdut101,6,5,R,R,?,?,??,,,1,1,0,0,0,0,0,0,0,0,0,0,0,0,1,0,1,1,0,1,0,0,0,0,0,0,0,0,0,0,0,0,0,0,0,0,0,0,0,0,0,0,0,0,0,0,0,0,0,0,0,1,2,lindj101,,,mesns101,,,,,,mcdut101,,,mcdut101,,,,,,,,,,,0,0,0,0,0,0,0,0,0,0,0,0,newss101,zaria101,novil101,lindj101,stepv101,mesns101,mcqug101,campg101,florj101,4,9,7,8,6,5,3,2,1,trouq101,leonb101,serrb101,speac103,easth104,simmw101,broww101,wrigb104,1,0,0,0,0,0,0,0,0,0,0,0,0,0,0,0,0,0,0,0,0,0,0,0,0,0,0,0,,G,1,0,11,fordu901,ashfe901,,,,,19431111,exhibition,deduced
KCR194311110,D/78.1-H,2,0,0,LOS02,WPS,KCR,0,0,mcqug101,mcdut101,7,3,L,R,?,?,??,,,1,1,0,1,0,0,0,0,0,0,0,0,0,0,0,0,0,1,0,0,0,0,0,0,0,0,0,0,0,0,0,0,0,0,0,0,0,0,0,0,0,0,0,0,0,0,0,0,0,0,0,2,2,mesns101,,,,mcqug101,,,,,mcdut101,,,,mcdut101,,,mesns101,,,,mcdut101,,,0,0,0,0,0,1,0,0,1,1,1,0,newss101,zaria101,novil101,lindj101,stepv101,mesns101,mcqug101,campg101,florj101,4,9,7,8,6,5,3,2,1,trouq101,leonb101,serrb101,speac103,easth104,simmw101,broww101,wrigb104,0,0,0,0,0,0,0,0,0,0,0,0,0,0,0,0,0,0,0,,0,0,0,0,0,0,0,7,78+,,0,0,12,fordu901,ashfe901,,,,,19431111,exhibition,deduced
KCR194311110,99,2,0,0,LOS02,WPS,KCR,1,0,campg101,mcdut101,8,2,L,R,?,?,??,,,1,1,0,0,0,0,0,0,0,0,0,0,0,0,1,0,1,1,0,0,0,0,0,0,0,0,0,0,0,0,0,0,0,0,0,0,0,0,0,0,0,0,0,0,0,0,0,0,0,0,0,2,3,,mcqug101,,,,,mcqug101,,,,mcdut101,,,,,,,,,,,,,0,0,0,0,0,0,0,0,0,0,0,0,newss101,zaria101,novil101,lindj101,stepv101,mesns101,mcqug101,campg101,florj101,4,9,7,8,6,5,3,2,1,trouq101,leonb101,serrb101,speac103,easth104,simmw101,broww101,wrigb104,1,0,0,0,0,0,0,0,0,0,0,0,0,0,0,0,0,0,0,0,0,0,0,0,0,0,0,0,,,0,0,13,fordu901,ashfe901,,,,,19431111,exhibition,deduced
KCR194311110,99,2,1,1,LOS02,KCR,WPS,1,0,trouq101,florj101,5,2,B,R,?,?,??,,,1,1,0,0,0,0,0,0,0,0,0,0,0,0,1,0,1,1,0,0,0,0,0,0,0,0,0,0,0,0,0,0,0,0,0,0,0,0,0,0,0,0,0,0,0,0,0,0,0,0,0,0,1,,,,,,,,,,,,,,,,,,,,,,,,0,0,0,0,0,0,0,0,0,0,0,0,simmw101,easth104,wrigb104,broww101,trouq101,leonb101,serrb101,speac103,mcdut101,7,6,9,8,2,3,4,5,1,campg101,mcqug101,newss101,mesns101,stepv101,novil101,lindj101,zaria101,1,0,0,0,0,0,0,0,0,0,0,0,0,0,0,0,0,0,0,0,0,0,0,0,0,0,0,0,,,0,0,14,fordu901,ashfe901,,,,,19431111,exhibition,deduced
KCR194311110,S,2,1,1,LOS02,KCR,WPS,1,0,leonb101,florj101,6,3,L,R,?,?,??,,,1,1,1,0,0,0,0,0,0,0,0,0,0,0,0,0,0,1,0,0,0,0,0,0,0,0,0,0,0,0,0,0,0,0,0,0,0,0,0,0,0,0,0,0,0,0,0,0,0,0,0,1,1,,,,leonb101,,,,,,,,,florj101,,,,,,,,,,,0,0,0,0,0,0,0,0,0,0,0,0,simmw101,easth104,wrigb104,broww101,trouq101,leonb101,serrb101,speac103,mcdut101,7,6,9,8,2,3,4,5,1,campg101,mcqug101,newss101,mesns101,stepv101,novil101,lindj101,zaria101,0,0,0,0,0,0,0,0,0,0,0,0,0,0,0,0,0,0,0,,0,0,0,0,0,0,0,0,,,0,0,15,fordu901,ashfe901,,,,,19431111,exhibition,deduced
KCR194311110,99,2,1,1,LOS02,KCR,WPS,1,0,serrb101,florj101,7,4,L,R,?,?,??,,,1,1,0,0,0,0,0,0,0,0,0,0,0,0,1,0,1,1,0,0,0,0,0,0,0,0,0,0,0,0,0,0,0,0,0,0,0,0,0,0,0,0,0,0,0,0,0,0,0,0,0,1,2,leonb101,,,leonb101,,,,,,florj101,,,florj101,,,,,,,,,,,0,0,0,0,0,0,0,0,0,0,0,0,simmw101,easth104,wrigb104,broww101,trouq101,leonb101,serrb101,speac103,mcdut101,7,6,9,8,2,3,4,5,1,campg101,mcqug101,newss101,mesns101,stepv101,novil101,lindj101,zaria101,1,0,0,0,0,0,0,0,0,0,0,0,0,0,0,0,0,0,0,0,0,0,0,0,0,0,0,0,,,0,0,16,fordu901,ashfe901,,,,,19431111,exhibition,deduced
KCR194311110,99,2,1,1,LOS02,KCR,WPS,1,0,speac103,florj101,8,5,L,R,?,?,??,,,1,1,0,0,0,0,0,0,0,0,0,0,0,0,1,0,1,1,0,0,0,0,0,0,0,0,0,0,0,0,0,0,0,0,0,0,0,0,0,0,0,0,0,0,0,0,0,0,0,0,0,2,3,leonb101,,,,,,leonb101,,,florj101,,,,,,,,,,,,,,0,0,0,0,0,0,0,0,0,0,0,0,simmw101,easth104,wrigb104,broww101,trouq101,leonb101,serrb101,speac103,mcdut101,7,6,9,8,2,3,4,5,1,campg101,mcqug101,newss101,mesns101,stepv101,novil101,lindj101,zaria101,1,0,0,0,0,0,0,0,0,0,0,0,0,0,0,0,0,0,0,0,0,0,0,0,0,0,0,0,,,0,0,17,fordu901,ashfe901,,,,,19431111,exhibition,deduced
KCR194311110,99,3,0,0,LOS02,WPS,KCR,1,0,florj101,mcdut101,9,1,R,R,?,?,??,,,1,1,0,0,0,0,0,0,0,0,0,0,0,0,1,0,1,1,0,0,0,0,0,0,0,0,0,0,0,0,0,0,0,0,0,0,0,0,0,0,0,0,0,0,0,0,0,0,0,0,0,0,1,,,,,,,,,,,,,,,,,,,,,,,,0,0,0,0,0,0,0,0,0,0,0,0,newss101,zaria101,novil101,lindj101,stepv101,mesns101,mcqug101,campg101,florj101,4,9,7,8,6,5,3,2,1,trouq101,leonb101,serrb101,speac103,easth104,simmw101,broww101,wrigb104,1,0,0,0,0,0,0,0,0,0,0,0,0,0,0,0,0,0,0,0,0,0,0,0,0,0,0,0,,,0,0,18,fordu901,ashfe901,,,,,19431111,exhibition,deduced
KCR194311110,99,3,0,0,LOS02,WPS,KCR,1,0,newss101,mcdut101,1,4,R,R,?,?,??,,,1,1,0,0,0,0,0,0,0,0,0,0,0,0,1,0,1,1,0,0,0,0,0,0,0,0,0,0,0,0,0,0,0,0,0,0,0,0,0,0,0,0,0,0,0,0,0,0,0,0,0,1,2,,,,,,,,,,,,,,,,,,,,,,,,0,0,0,0,0,0,0,0,0,0,0,0,newss101,zaria101,novil101,lindj101,stepv101,mesns101,mcqug101,campg101,florj101,4,9,7,8,6,5,3,2,1,trouq101,leonb101,serrb101,speac103,easth104,simmw101,broww101,wrigb104,1,0,0,0,0,0,0,0,0,0,0,0,0,0,0,0,0,0,0,0,0,0,0,0,0,0,0,0,,,0,0,19,fordu901,ashfe901,,,,,19431111,exhibition,deduced
KCR194311110,99,3,0,0,LOS02,WPS,KCR,1,0,zaria101,mcdut101,2,9,L,R,?,?,??,,,1,1,0,0,0,0,0,0,0,0,0,0,0,0,1,0,1,1,0,0,0,0,0,0,0,0,0,0,0,0,0,0,0,0,0,0,0,0,0,0,0,0,0,0,0,0,0,0,0,0,0,2,3,,,,,,,,,,,,,,,,,,,,,,,,0,0,0,0,0,0,0,0,0,0,0,0,newss101,zaria101,novil101,lindj101,stepv101,mesns101,mcqug101,campg101,florj101,4,9,7,8,6,5,3,2,1,trouq101,leonb101,serrb101,speac103,easth104,simmw101,broww101,wrigb104,1,0,0,0,0,0,0,0,0,0,0,0,0,0,0,0,0,0,0,0,0,0,0,0,0,0,0,0,,,0,0,20,fordu901,ashfe901,,,,,19431111,exhibition,deduced
KCR194311110,99,3,1,1,LOS02,KCR,WPS,1,0,mcdut101,florj101,9,1,R,R,?,?,??,,,1,1,0,0,0,0,0,0,0,0,0,0,0,0,1,0,1,1,0,0,0,0,0,0,0,0,0,0,0,0,0,0,0,0,0,0,0,0,0,0,0,0,0,0,0,0,0,0,0,0,0,0,1,,,,,,,,,,,,,,,,,,,,,,,,0,0,0,0,0,0,0,0,0,0,0,0,simmw101,easth104,wrigb104,broww101,trouq101,leonb101,serrb101,speac103,mcdut101,7,6,9,8,2,3,4,5,1,campg101,mcqug101,newss101,mesns101,stepv101,novil101,lindj101,zaria101,1,0,0,0,0,0,0,0,0,0,0,0,0,0,0,0,0,0,0,0,0,0,0,0,0,0,0,0,,,0,0,21,fordu901,ashfe901,,,,,19431111,exhibition,deduced
KCR194311110,99,3,1,1,LOS02,KCR,WPS,1,0,simmw101,florj101,1,7,L,R,?,?,??,,,1,1,0,0,0,0,0,0,0,0,0,0,0,0,1,0,1,1,0,0,0,0,0,0,0,0,0,0,0,0,0,0,0,0,0,0,0,0,0,0,0,0,0,0,0,0,0,0,0,0,0,1,2,,,,,,,,,,,,,,,,,,,,,,,,0,0,0,0,0,0,0,0,0,0,0,0,simmw101,easth104,wrigb104,broww101,trouq101,leonb101,serrb101,speac103,mcdut101,7,6,9,8,2,3,4,5,1,campg101,mcqug101,newss101,mesns101,stepv101,novil101,lindj101,zaria101,1,0,0,0,0,0,0,0,0,0,0,0,0,0,0,0,0,0,0,0,0,0,0,0,0,0,0,0,,,0,0,22,fordu901,ashfe901,,,,,19431111,exhibition,deduced
KCR194311110,99,3,1,1,LOS02,KCR,WPS,1,0,easth104,florj101,2,6,B,R,?,?,??,,,1,1,0,0,0,0,0,0,0,0,0,0,0,0,1,0,1,1,0,0,0,0,0,0,0,0,0,0,0,0,0,0,0,0,0,0,0,0,0,0,0,0,0,0,0,0,0,0,0,0,0,2,3,,,,,,,,,,,,,,,,,,,,,,,,0,0,0,0,0,0,0,0,0,0,0,0,simmw101,easth104,wrigb104,broww101,trouq101,leonb101,serrb101,speac103,mcdut101,7,6,9,8,2,3,4,5,1,campg101,mcqug101,newss101,mesns101,stepv101,novil101,lindj101,zaria101,1,0,0,0,0,0,0,0,0,0,0,0,0,0,0,0,0,0,0,0,0,0,0,0,0,0,0,0,,,0,0,23,fordu901,ashfe901,,,,,19431111,exhibition,deduced
KCR194311110,99,4,0,0,LOS02,WPS,KCR,1,0,novil101,mcdut101,3,7,R,R,?,?,??,,,1,1,0,0,0,0,0,0,0,0,0,0,0,0,1,0,1,1,0,0,0,0,0,0,0,0,0,0,0,0,0,0,0,0,0,0,0,0,0,0,0,0,0,0,0,0,0,0,0,0,0,0,1,,,,,,,,,,,,,,,,,,,,,,,,0,0,0,0,0,0,0,0,0,0,0,0,newss101,zaria101,novil101,lindj101,stepv101,mesns101,mcqug101,campg101,florj101,4,9,7,8,6,5,3,2,1,trouq101,leonb101,serrb101,speac103,easth104,simmw101,broww101,wrigb104,1,0,0,0,0,0,0,0,0,0,0,0,0,0,0,0,0,0,0,0,0,0,0,0,0,0,0,0,,,0,0,24,fordu901,ashfe901,,,,,19431111,exhibition,deduced
KCR194311110,99,4,0,0,LOS02,WPS,KCR,1,0,lindj101,mcdut101,4,8,R,R,?,?,??,,,1,1,0,0,0,0,0,0,0,0,0,0,0,0,1,0,1,1,0,0,0,0,0,0,0,0,0,0,0,0,0,0,0,0,0,0,0,0,0,0,0,0,0,0,0,0,0,0,0,0,0,1,2,,,,,,,,,,,,,,,,,,,,,,,,0,0,0,0,0,0,0,0,0,0,0,0,newss101,zaria101,novil101,lindj101,stepv101,mesns101,mcqug101,campg101,florj101,4,9,7,8,6,5,3,2,1,trouq101,leonb101,serrb101,speac103,easth104,simmw101,broww101,wrigb104,1,0,0,0,0,0,0,0,0,0,0,0,0,0,0,0,0,0,0,0,0,0,0,0,0,0,0,0,,,0,0,25,fordu901,ashfe901,,,,,19431111,exhibition,deduced
KCR194311110,S,4,0,0,LOS02,WPS,KCR,1,0,stepv101,mcdut101,5,6,R,R,?,?,??,,,1,1,1,0,0,0,0,0,0,0,0,0,0,0,0,0,0,1,0,0,0,0,0,0,0,0,0,0,0,0,0,0,0,0,0,0,0,0,0,0,0,0,0,0,0,0,0,0,0,0,0,2,2,,,,stepv101,,,,,,,,,mcdut101,,,,,,,,,,,0,0,0,0,0,0,0,0,0,0,0,0,newss101,zaria101,novil101,lindj101,stepv101,mesns101,mcqug101,campg101,florj101,4,9,7,8,6,5,3,2,1,trouq101,leonb101,serrb101,speac103,easth104,simmw101,broww101,wrigb104,0,0,0,0,0,0,0,0,0,0,0,0,0,0,0,0,0,0,0,,0,0,0,0,0,0,0,0,,,0,0,26,fordu901,ashfe901,,,,,19431111,exhibition,deduced
KCR194311110,S7.1X3(75)#,4,0,0,LOS02,WPS,KCR,1,0,mesns101,mcdut101,6,5,R,R,?,?,??,,,1,1,1,0,0,0,0,0,0,0,0,0,0,0,0,0,0,1,0,0,0,0,0,0,0,0,0,0,0,0,0,0,0,0,0,0,0,0,0,0,0,0,0,0,0,0,0,0,0,0,0,2,3,stepv101,,,,,,mesns101,,,mcdut101,,,,,,,,,,,,,,0,0,0,0,0,0,0,0,0,0,0,0,newss101,zaria101,novil101,lindj101,stepv101,mesns101,mcqug101,campg101,florj101,4,9,7,8,6,5,3,2,1,trouq101,leonb101,serrb101,speac103,easth104,simmw101,broww101,wrigb104,0,0,0,0,0,1,0,0,0,0,0,0,0,0,0,0,1,0,0,75,0,0,0,0,7,0,0,7,7+,,0,0,27,fordu901,ashfe901,,,,,19431111,exhibition,deduced
KCR194311110,99,4,1,1,LOS02,KCR,WPS,1,0,wrigb104,florj101,3,9,B,R,?,?,??,,,1,1,0,0,0,0,0,0,0,0,0,0,0,0,1,0,1,1,0,0,0,0,0,0,0,0,0,0,0,0,0,0,0,0,0,0,0,0,0,0,0,0,0,0,0,0,0,0,0,0,0,0,1,,,,,,,,,,,,,,,,,,,,,,,,0,0,0,0,0,0,0,0,0,0,0,0,simmw101,easth104,wrigb104,broww101,trouq101,leonb101,serrb101,speac103,mcdut101,7,6,9,8,2,3,4,5,1,campg101,mcqug101,newss101,mesns101,stepv101,novil101,lindj101,zaria101,1,0,0,0,0,0,0,0,0,0,0,0,0,0,0,0,0,0,0,0,0,0,0,0,0,0,0,0,,,0,0,28,fordu901,ashfe901,,,,,19431111,exhibition,deduced
KCR194311110,S,4,1,1,LOS02,KCR,WPS,1,0,broww101,florj101,4,8,R,R,?,?,??,,,1,1,1,0,0,0,0,0,0,0,0,0,0,0,0,0,0,1,0,0,0,0,0,0,0,0,0,0,0,0,0,0,0,0,0,0,0,0,0,0,0,0,0,0,0,0,0,0,0,0,0,1,1,,,,broww101,,,,,,,,,florj101,,,,,,,,,,,0,0,0,0,0,0,0,0,0,0,0,0,simmw101,easth104,wrigb104,broww101,trouq101,leonb101,serrb101,speac103,mcdut101,7,6,9,8,2,3,4,5,1,campg101,mcqug101,newss101,mesns101,stepv101,novil101,lindj101,zaria101,0,0,0,0,0,0,0,0,0,0,0,0,0,0,0,0,0,0,0,,0,0,0,0,0,0,0,0,,,0,0,29,fordu901,ashfe901,,,,,19431111,exhibition,deduced
KCR194311110,SB2,4,1,1,LOS02,KCR,WPS,1,0,trouq101,florj101,5,2,B,R,?,?,??,,,0,0,0,0,0,0,0,0,0,0,0,0,0,0,0,0,0,0,0,0,0,0,0,0,0,0,0,0,0,0,0,0,1,0,0,0,0,0,0,0,0,0,0,0,0,0,0,0,0,0,0,1,1,broww101,,,,broww101,,,,,florj101,,,,florj101,,,,,,,,,,0,0,0,0,0,0,0,0,0,0,0,0,simmw101,easth104,wrigb104,broww101,trouq101,leonb101,serrb101,speac103,mcdut101,7,6,9,8,2,3,4,5,1,campg101,mcqug101,newss101,mesns101,stepv101,novil101,lindj101,zaria101,0,0,0,0,0,0,0,0,0,0,0,0,0,0,0,0,0,0,0,,0,0,0,0,0,0,0,0,,,0,0,30,fordu901,ashfe901,,,,,19431111,exhibition,deduced
KCR194311110,99,4,1,1,LOS02,KCR,WPS,1,0,trouq101,florj101,5,2,B,R,?,?,??,,,1,1,0,0,0,0,0,0,0,0,0,0,0,0,1,0,1,1,0,0,0,0,0,0,0,0,0,0,0,0,0,0,0,0,0,0,0,0,0,0,0,0,0,0,0,0,0,0,0,0,0,1,2,,broww101,,,broww101,,,,,,florj101,,,florj101,,,,,,,,,,0,0,0,0,0,0,0,0,0,0,0,0,simmw101,easth104,wrigb104,broww101,trouq101,leonb101,serrb101,speac103,mcdut101,7,6,9,8,2,3,4,5,1,campg101,mcqug101,newss101,mesns101,stepv101,novil101,lindj101,zaria101,1,0,0,0,0,0,0,0,0,0,0,0,0,0,0,0,0,0,0,0,0,0,0,0,0,0,0,0,,,0,0,31,fordu901,ashfe901,,,,,19431111,exhibition,deduced
KCR194311110,W,4,1,1,LOS02,KCR,WPS,1,0,leonb101,florj101,6,3,L,R,?,?,??,,,1,0,0,0,0,0,0,0,0,1,0,0,0,0,0,0,0,0,0,0,0,0,0,0,0,0,0,0,0,0,0,0,0,0,0,0,0,0,0,0,0,0,0,0,0,0,0,0,0,0,0,2,2,,broww101,,leonb101,broww101,,,,,,florj101,,florj101,florj101,,,,,,,,,,0,0,0,0,0,0,0,0,0,0,0,0,simmw101,easth104,wrigb104,broww101,trouq101,leonb101,serrb101,speac103,mcdut101,7,6,9,8,2,3,4,5,1,campg101,mcqug101,newss101,mesns101,stepv101,novil101,lindj101,zaria101,0,0,0,0,0,0,0,0,0,0,0,0,0,0,0,0,0,0,0,,0,0,0,0,0,0,0,0,,,0,0,32,fordu901,ashfe901,,,,,19431111,exhibition,deduced
KCR194311110,99,4,1,1,LOS02,KCR,WPS,1,0,serrb101,florj101,7,4,L,R,?,?,??,,,1,1,0,0,0,0,0,0,0,0,0,0,0,0,1,0,1,1,0,0,0,0,0,0,0,0,0,0,0,0,0,0,0,0,0,0,0,0,0,0,0,0,0,0,0,0,0,0,0,0,0,2,3,leonb101,broww101,,,,,broww101,leonb101,,florj101,florj101,,,,,,,,,,,,,0,0,0,0,0,0,0,0,0,0,0,0,simmw101,easth104,wrigb104,broww101,trouq101,leonb101,serrb101,speac103,mcdut101,7,6,9,8,2,3,4,5,1,campg101,mcqug101,newss101,mesns101,stepv101,novil101,lindj101,zaria101,1,0,0,0,0,0,0,0,0,0,0,0,0,0,0,0,0,0,0,0,0,0,0,0,0,0,0,0,,,0,0,33,fordu901,ashfe901,,,,,19431111,exhibition,deduced
KCR194311110,99,5,0,0,LOS02,WPS,KCR,1,0,mcqug101,mcdut101,7,3,L,R,?,?,??,,,1,1,0,0,0,0,0,0,0,0,0,0,0,0,1,0,1,1,0,0,0,0,0,0,0,0,0,0,0,0,0,0,0,0,0,0,0,0,0,0,0,0,0,0,0,0,0,0,0,0,0,0,1,,,,,,,,,,,,,,,,,,,,,,,,0,0,0,0,0,0,0,0,0,0,0,0,newss101,zaria101,novil101,lindj101,stepv101,mesns101,mcqug101,campg101,florj101,4,9,7,8,6,5,3,2,1,trouq101,leonb101,serrb101,speac103,easth104,simmw101,broww101,wrigb104,1,0,0,0,0,0,0,0,0,0,0,0,0,0,0,0,0,0,0,0,0,0,0,0,0,0,0,0,,,0,0,34,fordu901,ashfe901,,,,,19431111,exhibition,deduced
KCR194311110,99,5,0,0,LOS02,WPS,KCR,1,0,campg101,mcdut101,8,2,L,R,?,?,??,,,1,1,0,0,0,0,0,0,0,0,0,0,0,0,1,0,1,1,0,0,0,0,0,0,0,0,0,0,0,0,0,0,0,0,0,0,0,0,0,0,0,0,0,0,0,0,0,0,0,0,0,1,2,,,,,,,,,,,,,,,,,,,,,,,,0,0,0,0,0,0,0,0,0,0,0,0,newss101,zaria101,novil101,lindj101,stepv101,mesns101,mcqug101,campg101,florj101,4,9,7,8,6,5,3,2,1,trouq101,leonb101,serrb101,speac103,easth104,simmw101,broww101,wrigb104,1,0,0,0,0,0,0,0,0,0,0,0,0,0,0,0,0,0,0,0,0,0,0,0,0,0,0,0,,,0,0,35,fordu901,ashfe901,,,,,19431111,exhibition,deduced
KCR194311110,99,5,0,0,LOS02,WPS,KCR,1,0,florj101,mcdut101,9,1,R,R,?,?,??,,,1,1,0,0,0,0,0,0,0,0,0,0,0,0,1,0,1,1,0,0,0,0,0,0,0,0,0,0,0,0,0,0,0,0,0,0,0,0,0,0,0,0,0,0,0,0,0,0,0,0,0,2,3,,,,,,,,,,,,,,,,,,,,,,,,0,0,0,0,0,0,0,0,0,0,0,0,newss101,zaria101,novil101,lindj101,stepv101,mesns101,mcqug101,campg101,florj101,4,9,7,8,6,5,3,2,1,trouq101,leonb101,serrb101,speac103,easth104,simmw101,broww101,wrigb104,1,0,0,0,0,0,0,0,0,0,0,0,0,0,0,0,0,0,0,0,0,0,0,0,0,0,0,0,,,0,0,36,fordu901,ashfe901,,,,,19431111,exhibition,deduced
KCR194311110,99,5,1,1,LOS02,KCR,WPS,1,0,speac103,florj101,8,5,L,R,?,?,??,,,1,1,0,0,0,0,0,0,0,0,0,0,0,0,1,0,1,1,0,0,0,0,0,0,0,0,0,0,0,0,0,0,0,0,0,0,0,0,0,0,0,0,0,0,0,0,0,0,0,0,0,0,1,,,,,,,,,,,,,,,,,,,,,,,,0,0,0,0,0,0,0,0,0,0,0,0,simmw101,easth104,wrigb104,broww101,trouq101,leonb101,serrb101,speac103,mcdut101,7,6,9,8,2,3,4,5,1,campg101,mcqug101,newss101,mesns101,stepv101,novil101,lindj101,zaria101,1,0,0,0,0,0,0,0,0,0,0,0,0,0,0,0,0,0,0,0,0,0,0,0,0,0,0,0,,,0,0,37,fordu901,ashfe901,,,,,19431111,exhibition,deduced
KCR194311110,S7,5,1,1,LOS02,KCR,WPS,1,0,mcdut101,florj101,9,1,R,R,?,?,??,,,1,1,1,0,0,0,0,0,0,0,0,0,0,0,0,0,0,1,0,0,0,0,0,0,0,0,0,0,0,0,0,0,0,0,0,0,0,0,0,0,0,0,0,0,0,0,0,0,0,0,0,1,1,,,,mcdut101,,,,,,,,,florj101,,,,,,,,,,,0,0,0,0,0,0,0,0,0,0,0,0,simmw101,easth104,wrigb104,broww101,trouq101,leonb101,serrb101,speac103,mcdut101,7,6,9,8,2,3,4,5,1,campg101,mcqug101,newss101,mesns101,stepv101,novil101,lindj101,zaria101,0,0,0,0,0,0,0,0,0,0,0,0,0,0,0,0,0,0,0,,0,0,0,0,0,0,0,7,7+,,0,0,38,fordu901,ashfe901,,,,,19431111,exhibition,deduced
KCR194311110,99(1)/FO,5,1,1,LOS02,KCR,WPS,1,0,simmw101,florj101,1,7,L,R,?,?,??,,,1,1,0,0,0,0,0,0,0,0,0,0,0,0,1,0,1,1,0,1,0,0,0,0,0,0,0,0,0,0,0,0,0,0,0,0,0,0,0,0,0,0,0,0,0,0,0,0,0,0,0,1,2,mcdut101,,,simmw101,,,,,,florj101,,,florj101,,,,,,,,,,,0,0,0,0,0,0,0,0,0,0,0,0,simmw101,easth104,wrigb104,broww101,trouq101,leonb101,serrb101,speac103,mcdut101,7,6,9,8,2,3,4,5,1,campg101,mcqug101,newss101,mesns101,stepv101,novil101,lindj101,zaria101,1,0,0,0,0,0,0,0,0,0,0,0,0,0,0,0,0,0,0,0,0,0,0,0,0,0,0,0,,G,1,0,39,fordu901,ashfe901,,,,,19431111,exhibition,deduced
KCR194311110,S.1-3,5,1,1,LOS02,KCR,WPS,1,0,easth104,florj101,2,6,B,R,?,?,??,,,1,1,1,0,0,0,0,0,0,0,0,0,0,0,0,0,0,1,0,0,0,0,0,0,0,0,0,0,0,0,0,0,0,0,0,0,0,0,0,0,0,0,0,0,0,0,0,0,0,0,0,2,2,simmw101,,,easth104,,simmw101,,,,florj101,,,florj101,,florj101,,,,,,,,,0,0,0,0,0,0,0,0,0,0,0,0,simmw101,easth104,wrigb104,broww101,trouq101,leonb101,serrb101,speac103,mcdut101,7,6,9,8,2,3,4,5,1,campg101,mcqug101,newss101,mesns101,stepv101,novil101,lindj101,zaria101,0,0,0,0,0,0,0,0,0,0,0,0,0,0,0,0,0,0,0,,0,0,0,0,0,0,0,0,,,0,0,40,fordu901,ashfe901,,,,,19431111,exhibition,deduced
KCR194311110,S.3-H;1-2,5,1,1,LOS02,KCR,WPS,1,0,wrigb104,florj101,3,9,B,R,?,?,??,,,1,1,1,0,0,0,0,0,0,0,0,0,0,0,0,0,0,1,0,0,0,0,0,0,0,0,0,0,0,0,0,0,0,0,0,0,0,0,0,0,0,0,0,0,0,0,0,0,0,0,0,2,2,easth104,,simmw101,wrigb104,easth104,,,,,florj101,,florj101,florj101,florj101,,,,,simmw101,,,,florj101,0,0,0,0,0,0,0,1,1,1,1,0,simmw101,easth104,wrigb104,broww101,trouq101,leonb101,serrb101,speac103,mcdut101,7,6,9,8,2,3,4,5,1,campg101,mcqug101,newss101,mesns101,stepv101,novil101,lindj101,zaria101,0,0,0,0,0,0,0,0,0,0,0,0,0,0,0,0,0,0,0,,0,0,0,0,0,0,0,0,,,0,0,41,fordu901,ashfe901,,,,,19431111,exhibition,deduced
KCR194311110,T/89.2-H;1-H,5,1,1,LOS02,KCR,WPS,1,1,broww101,florj101,4,8,R,R,?,?,??,,,1,1,0,0,1,0,0,0,0,0,0,0,0,0,0,0,0,1,0,0,0,0,0,0,0,0,0,0,0,0,0,0,0,0,0,0,0,0,0,0,0,0,0,0,0,0,0,0,0,0,0,2,2,wrigb104,easth104,,,,broww101,,,,florj101,florj101,,,,florj101,,wrigb104,easth104,,,florj101,florj101,,0,0,0,0,0,1,1,0,2,2,2,0,simmw101,easth104,wrigb104,broww101,trouq101,leonb101,serrb101,speac103,mcdut101,7,6,9,8,2,3,4,5,1,campg101,mcqug101,newss101,mesns101,stepv101,novil101,lindj101,zaria101,0,0,0,0,0,0,0,0,0,0,0,0,0,0,0,0,0,0,0,,0,0,0,0,0,0,0,8,89+,,0,0,42,fordu901,ashfe901,,,,,19431111,exhibition,deduced
KCR194311110,D.3-H,5,1,1,LOS02,KCR,WPS,1,3,trouq101,seinb101,5,2,B,L,?,?,??,,,1,1,0,1,0,0,0,0,0,0,0,0,0,0,0,0,0,1,0,0,0,0,0,0,0,0,0,0,0,0,0,0,0,0,0,0,0,0,0,0,0,0,0,0,0,0,0,0,0,0,0,2,2,,,broww101,,trouq101,,,,,,,florj101,,seinb101,,,,,broww101,,,,florj101,0,0,0,0,0,0,0,1,1,1,1,0,simmw101,easth104,wrigb104,broww101,trouq101,leonb101,serrb101,speac103,mcdut101,7,6,9,8,2,3,4,5,1,campg101,mcqug101,newss101,mesns101,stepv101,novil101,lindj101,zaria101,0,0,0,0,0,0,0,0,0,0,0,0,0,0,0,0,0,0,0,,0,0,0,0,0,0,0,0,,,0,0,43,fordu901,ashfe901,,,,,19431111,exhibition,deduced
KCR194311110,99,5,1,1,LOS02,KCR,WPS,1,4,leonb101,seinb101,6,3,L,L,?,?,??,,,1,1,0,0,0,0,0,0,0,0,0,0,0,0,1,0,1,1,0,0,0,0,0,0,0,0,0,0,0,0,0,0,0,0,0,0,0,0,0,0,0,0,0,0,0,0,0,0,0,0,0,2,3,,trouq101,,,,,trouq101,,,,seinb101,,,,,,,,,,,,,0,0,0,0,0,0,0,0,0,0,0,0,simmw101,easth104,wrigb104,broww101,trouq101,leonb101,serrb101,speac103,mcdut101,7,6,9,8,2,3,4,5,1,campg101,mcqug101,newss101,mesns101,stepv101,novil101,lindj101,zaria101,1,0,0,0,0,0,0,0,0,0,0,0,0,0,0,0,0,0,0,0,0,0,0,0,0,0,0,0,,,0,0,44,fordu901,ashfe901,,,,,19431111,exhibition,deduced
KCR194311110,99,6,0,0,LOS02,WPS,KCR,1,4,newss101,mcdut101,1,4,R,R,?,?,??,,,1,1,0,0,0,0,0,0,0,0,0,0,0,0,1,0,1,1,0,0,0,0,0,0,0,0,0,0,0,0,0,0,0,0,0,0,0,0,0,0,0,0,0,0,0,0,0,0,0,0,0,0,1,,,,,,,,,,,,,,,,,,,,,,,,0,0,0,0,0,0,0,0,0,0,0,0,newss101,zaria101,novil101,lindj101,stepv101,mesns101,mcqug101,campg101,seinb101,4,9,7,8,6,5,3,2,1,trouq101,leonb101,serrb101,speac103,easth104,simmw101,broww101,wrigb104,1,0,0,0,0,0,0,0,0,0,0,0,0,0,0,0,0,0,0,0,0,0,0,0,0,0,0,0,,,0,0,45,fordu901,ashfe901,,,,,19431111,exhibition,deduced
KCR194311110,S,6,0,0,LOS02,WPS,KCR,1,4,zaria101,mcdut101,2,9,L,R,?,?,??,,,1,1,1,0,0,0,0,0,0,0,0,0,0,0,0,0,0,1,0,0,0,0,0,0,0,0,0,0,0,0,0,0,0,0,0,0,0,0,0,0,0,0,0,0,0,0,0,0,0,0,0,1,1,,,,zaria101,,,,,,,,,mcdut101,,,,,,,,,,,0,0,0,0,0,0,0,0,0,0,0,0,newss101,zaria101,novil101,lindj101,stepv101,mesns101,mcqug101,campg101,seinb101,4,9,7,8,6,5,3,2,1,trouq101,leonb101,serrb101,speac103,easth104,simmw101,broww101,wrigb104,0,0,0,0,0,0,0,0,0,0,0,0,0,0,0,0,0,0,0,,0,0,0,0,0,0,0,0,,,0,0,46,fordu901,ashfe901,,,,,19431111,exhibition,deduced
KCR194311110,PO1(13)#,6,0,0,LOS02,WPS,KCR,1,4,novil101,mcdut101,3,7,R,R,?,?,??,,,0,0,0,0,0,0,0,0,0,0,0,0,0,0,0,0,0,0,0,0,0,0,0,0,0,0,0,0,0,0,0,0,0,0,0,0,0,0,1,0,0,0,0,0,0,0,0,0,0,0,0,1,2,zaria101,,,,,,,,,mcdut101,,,,,,,,,,,,,,0,0,0,0,0,0,0,0,0,0,0,0,newss101,zaria101,novil101,lindj101,stepv101,mesns101,mcqug101,campg101,seinb101,4,9,7,8,6,5,3,2,1,trouq101,leonb101,serrb101,speac103,easth104,simmw101,broww101,wrigb104,0,0,0,1,0,0,0,0,0,0,1,0,0,0,0,0,0,0,0,13,0,0,0,0,0,0,0,0,,,0,0,47,fordu901,ashfe901,,,,,19431111,exhibition,deduced
KCR194311110,99,6,0,0,LOS02,WPS,KCR,1,4,novil101,mcdut101,3,7,R,R,?,?,??,,,1,1,0,0,0,0,0,0,0,0,0,0,0,0,1,0,1,1,0,0,0,0,0,0,0,0,0,0,0,0,0,0,0,0,0,0,0,0,0,0,0,0,0,0,0,0,0,0,0,0,0,2,3,,,,,,,,,,,,,,,,,,,,,,,,0,0,0,0,0,0,0,0,0,0,0,0,newss101,zaria101,novil101,lindj101,stepv101,mesns101,mcqug101,campg101,seinb101,4,9,7,8,6,5,3,2,1,trouq101,leonb101,serrb101,speac103,easth104,simmw101,broww101,wrigb104,1,0,0,0,0,0,0,0,0,0,0,0,0,0,0,0,0,0,0,0,0,0,0,0,0,0,0,0,,,0,0,48,fordu901,ashfe901,,,,,19431111,exhibition,deduced
KCR194311110,99,6,1,1,LOS02,KCR,WPS,1,4,serrb101,seinb101,7,4,L,L,?,?,??,,,1,1,0,0,0,0,0,0,0,0,0,0,0,0,1,0,1,1,0,0,0,0,0,0,0,0,0,0,0,0,0,0,0,0,0,0,0,0,0,0,0,0,0,0,0,0,0,0,0,0,0,0,1,,,,,,,,,,,,,,,,,,,,,,,,0,0,0,0,0,0,0,0,0,0,0,0,simmw101,easth104,wrigb104,broww101,trouq101,leonb101,serrb101,speac103,mcdut101,7,6,9,8,2,3,4,5,1,campg101,mcqug101,newss101,mesns101,stepv101,novil101,lindj101,zaria101,1,0,0,0,0,0,0,0,0,0,0,0,0,0,0,0,0,0,0,0,0,0,0,0,0,0,0,0,,,0,0,49,fordu901,ashfe901,,,,,19431111,exhibition,deduced
KCR194311110,S,6,1,1,LOS02,KCR,WPS,1,4,speac103,seinb101,8,5,L,L,?,?,??,,,1,1,1,0,0,0,0,0,0,0,0,0,0,0,0,0,0,1,0,0,0,0,0,0,0,0,0,0,0,0,0,0,0,0,0,0,0,0,0,0,0,0,0,0,0,0,0,0,0,0,0,1,1,,,,speac103,,,,,,,,,seinb101,,,,,,,,,,,0,0,0,0,0,0,0,0,0,0,0,0,simmw101,easth104,wrigb104,broww101,trouq101,leonb101,serrb101,speac103,mcdut101,7,6,9,8,2,3,4,5,1,campg101,mcqug101,newss101,mesns101,stepv101,novil101,lindj101,zaria101,0,0,0,0,0,0,0,0,0,0,0,0,0,0,0,0,0,0,0,,0,0,0,0,0,0,0,0,,,0,0,50,fordu901,ashfe901,,,,,19431111,exhibition,deduced
KCR194311110,CS2(26)#,6,1,1,LOS02,KCR,WPS,1,4,mcdut101,seinb101,9,1,R,L,?,?,??,,,0,0,0,0,0,0,0,0,0,0,0,0,0,0,0,0,0,0,0,0,0,0,0,0,0,0,0,0,0,0,0,0,0,0,0,1,0,0,0,0,0,0,0,0,0,0,0,0,0,0,0,1,2,speac103,,,,,,,,,seinb101,,,,,,,,,,,,,,0,0,0,0,0,0,0,0,0,0,0,0,simmw101,easth104,wrigb104,broww101,trouq101,leonb101,serrb101,speac103,mcdut101,7,6,9,8,2,3,4,5,1,campg101,mcqug101,newss101,mesns101,stepv101,novil101,lindj101,zaria101,0,0,0,0,0,0,1,0,0,0,0,1,0,0,0,0,0,0,0,26,0,0,0,0,0,0,0,0,,,0,0,51,fordu901,ashfe901,,,,,19431111,exhibition,deduced
KCR194311110,99,6,1,1,LOS02,KCR,WPS,1,4,mcdut101,seinb101,9,1,R,L,?,?,??,,,1,1,0,0,0,0,0,0,0,0,0,0,0,0,1,0,1,1,0,0,0,0,0,0,0,0,0,0,0,0,0,0,0,0,0,0,0,0,0,0,0,0,0,0,0,0,0,0,0,0,0,2,3,,,,,,,,,,,,,,,,,,,,,,,,0,0,0,0,0,0,0,0,0,0,0,0,simmw101,easth104,wrigb104,broww101,trouq101,leonb101,serrb101,speac103,mcdut101,7,6,9,8,2,3,4,5,1,campg101,mcqug101,newss101,mesns101,stepv101,novil101,lindj101,zaria101,1,0,0,0,0,0,0,0,0,0,0,0,0,0,0,0,0,0,0,0,0,0,0,0,0,0,0,0,,,0,0,52,fordu901,ashfe901,,,,,19431111,exhibition,deduced
KCR194311110,99,7,0,0,LOS02,WPS,KCR,1,4,lindj101,mcdut101,4,8,R,R,?,?,??,,,1,1,0,0,0,0,0,0,0,0,0,0,0,0,1,0,1,1,0,0,0,0,0,0,0,0,0,0,0,0,0,0,0,0,0,0,0,0,0,0,0,0,0,0,0,0,0,0,0,0,0,0,1,,,,,,,,,,,,,,,,,,,,,,,,0,0,0,0,0,0,0,0,0,0,0,0,newss101,zaria101,novil101,lindj101,stepv101,mesns101,mcqug101,campg101,seinb101,4,9,7,8,6,5,3,2,1,trouq101,leonb101,serrb101,speac103,easth104,simmw101,broww101,wrigb104,1,0,0,0,0,0,0,0,0,0,0,0,0,0,0,0,0,0,0,0,0,0,0,0,0,0,0,0,,,0,0,53,fordu901,ashfe901,,,,,19431111,exhibition,deduced
KCR194311110,99,7,0,0,LOS02,WPS,KCR,1,4,stepv101,mcdut101,5,6,R,R,?,?,??,,,1,1,0,0,0,0,0,0,0,0,0,0,0,0,1,0,1,1,0,0,0,0,0,0,0,0,0,0,0,0,0,0,0,0,0,0,0,0,0,0,0,0,0,0,0,0,0,0,0,0,0,1,2,,,,,,,,,,,,,,,,,,,,,,,,0,0,0,0,0,0,0,0,0,0,0,0,newss101,zaria101,novil101,lindj101,stepv101,mesns101,mcqug101,campg101,seinb101,4,9,7,8,6,5,3,2,1,trouq101,leonb101,serrb101,speac103,easth104,simmw101,broww101,wrigb104,1,0,0,0,0,0,0,0,0,0,0,0,0,0,0,0,0,0,0,0,0,0,0,0,0,0,0,0,,,0,0,54,fordu901,ashfe901,,,,,19431111,exhibition,deduced
KCR194311110,99,7,0,0,LOS02,WPS,KCR,1,4,mesns101,mcdut101,6,5,R,R,?,?,??,,,1,1,0,0,0,0,0,0,0,0,0,0,0,0,1,0,1,1,0,0,0,0,0,0,0,0,0,0,0,0,0,0,0,0,0,0,0,0,0,0,0,0,0,0,0,0,0,0,0,0,0,2,3,,,,,,,,,,,,,,,,,,,,,,,,0,0,0,0,0,0,0,0,0,0,0,0,newss101,zaria101,novil101,lindj101,stepv101,mesns101,mcqug101,campg101,seinb101,4,9,7,8,6,5,3,2,1,trouq101,leonb101,serrb101,speac103,easth104,simmw101,broww101,wrigb104,1,0,0,0,0,0,0,0,0,0,0,0,0,0,0,0,0,0,0,0,0,0,0,0,0,0,0,0,,,0,0,55,fordu901,ashfe901,,,,,19431111,exhibition,deduced
KCR194311110,99,7,1,1,LOS02,KCR,WPS,1,4,simmw101,seinb101,1,7,L,L,?,?,??,,,1,1,0,0,0,0,0,0,0,0,0,0,0,0,1,0,1,1,0,0,0,0,0,0,0,0,0,0,0,0,0,0,0,0,0,0,0,0,0,0,0,0,0,0,0,0,0,0,0,0,0,0,1,,,,,,,,,,,,,,,,,,,,,,,,0,0,0,0,0,0,0,0,0,0,0,0,simmw101,easth104,wrigb104,broww101,trouq101,leonb101,serrb101,speac103,mcdut101,7,6,9,8,2,3,4,5,1,campg101,mcqug101,newss101,mesns101,stepv101,novil101,lindj101,zaria101,1,0,0,0,0,0,0,0,0,0,0,0,0,0,0,0,0,0,0,0,0,0,0,0,0,0,0,0,,,0,0,56,fordu901,ashfe901,,,,,19431111,exhibition,deduced
KCR194311110,99,7,1,1,LOS02,KCR,WPS,1,4,easth104,seinb101,2,6,B,L,?,?,??,,,1,1,0,0,0,0,0,0,0,0,0,0,0,0,1,0,1,1,0,0,0,0,0,0,0,0,0,0,0,0,0,0,0,0,0,0,0,0,0,0,0,0,0,0,0,0,0,0,0,0,0,1,2,,,,,,,,,,,,,,,,,,,,,,,,0,0,0,0,0,0,0,0,0,0,0,0,simmw101,easth104,wrigb104,broww101,trouq101,leonb101,serrb101,speac103,mcdut101,7,6,9,8,2,3,4,5,1,campg101,mcqug101,newss101,mesns101,stepv101,novil101,lindj101,zaria101,1,0,0,0,0,0,0,0,0,0,0,0,0,0,0,0,0,0,0,0,0,0,0,0,0,0,0,0,,,0,0,57,fordu901,ashfe901,,,,,19431111,exhibition,deduced
KCR194311110,99,7,1,1,LOS02,KCR,WPS,1,4,wrigb104,seinb101,3,9,B,L,?,?,??,,,1,1,0,0,0,0,0,0,0,0,0,0,0,0,1,0,1,1,0,0,0,0,0,0,0,0,0,0,0,0,0,0,0,0,0,0,0,0,0,0,0,0,0,0,0,0,0,0,0,0,0,2,3,,,,,,,,,,,,,,,,,,,,,,,,0,0,0,0,0,0,0,0,0,0,0,0,simmw101,easth104,wrigb104,broww101,trouq101,leonb101,serrb101,speac103,mcdut101,7,6,9,8,2,3,4,5,1,campg101,mcqug101,newss101,mesns101,stepv101,novil101,lindj101,zaria101,1,0,0,0,0,0,0,0,0,0,0,0,0,0,0,0,0,0,0,0,0,0,0,0,0,0,0,0,,,0,0,58,fordu901,ashfe901,,,,,19431111,exhibition,deduced
KCR194311110,99,8,0,0,LOS02,WPS,KCR,1,4,mcqug101,mcdut101,7,3,L,R,?,?,??,,,1,1,0,0,0,0,0,0,0,0,0,0,0,0,1,0,1,1,0,0,0,0,0,0,0,0,0,0,0,0,0,0,0,0,0,0,0,0,0,0,0,0,0,0,0,0,0,0,0,0,0,0,1,,,,,,,,,,,,,,,,,,,,,,,,0,0,0,0,0,0,0,0,0,0,0,0,newss101,zaria101,novil101,lindj101,stepv101,mesns101,mcqug101,campg101,seinb101,4,9,7,8,6,5,3,2,1,trouq101,leonb101,serrb101,speac103,easth104,simmw101,broww101,wrigb104,1,0,0,0,0,0,0,0,0,0,0,0,0,0,0,0,0,0,0,0,0,0,0,0,0,0,0,0,,,0,0,59,fordu901,ashfe901,,,,,19431111,exhibition,deduced
KCR194311110,99,8,0,0,LOS02,WPS,KCR,1,4,campg101,mcdut101,8,2,L,R,?,?,??,,,1,1,0,0,0,0,0,0,0,0,0,0,0,0,1,0,1,1,0,0,0,0,0,0,0,0,0,0,0,0,0,0,0,0,0,0,0,0,0,0,0,0,0,0,0,0,0,0,0,0,0,1,2,,,,,,,,,,,,,,,,,,,,,,,,0,0,0,0,0,0,0,0,0,0,0,0,newss101,zaria101,novil101,lindj101,stepv101,mesns101,mcqug101,campg101,seinb101,4,9,7,8,6,5,3,2,1,trouq101,leonb101,serrb101,speac103,easth104,simmw101,broww101,wrigb104,1,0,0,0,0,0,0,0,0,0,0,0,0,0,0,0,0,0,0,0,0,0,0,0,0,0,0,0,,,0,0,60,fordu901,ashfe901,,,,,19431111,exhibition,deduced
KCR194311110,99,8,0,0,LOS02,WPS,KCR,1,4,seinb101,mcdut101,9,1,B,R,?,?,??,,,1,1,0,0,0,0,0,0,0,0,0,0,0,0,1,0,1,1,0,0,0,0,0,0,0,0,0,0,0,0,0,0,0,0,0,0,0,0,0,0,0,0,0,0,0,0,0,0,0,0,0,2,3,,,,,,,,,,,,,,,,,,,,,,,,0,0,0,0,0,0,0,0,0,0,0,0,newss101,zaria101,novil101,lindj101,stepv101,mesns101,mcqug101,campg101,seinb101,4,9,7,8,6,5,3,2,1,trouq101,leonb101,serrb101,speac103,easth104,simmw101,broww101,wrigb104,1,0,0,0,0,0,0,0,0,0,0,0,0,0,0,0,0,0,0,0,0,0,0,0,0,0,0,0,,,0,0,61,fordu901,ashfe901,,,,,19431111,exhibition,deduced
KCR194311110,99,8,1,1,LOS02,KCR,WPS,1,4,broww101,seinb101,4,8,R,L,?,?,??,,,1,1,0,0,0,0,0,0,0,0,0,0,0,0,1,0,1,1,0,0,0,0,0,0,0,0,0,0,0,0,0,0,0,0,0,0,0,0,0,0,0,0,0,0,0,0,0,0,0,0,0,0,1,,,,,,,,,,,,,,,,,,,,,,,,0,0,0,0,0,0,0,0,0,0,0,0,simmw101,easth104,wrigb104,broww101,trouq101,leonb101,serrb101,speac103,mcdut101,7,6,9,8,2,3,4,5,1,campg101,mcqug101,newss101,mesns101,stepv101,novil101,lindj101,zaria101,1,0,0,0,0,0,0,0,0,0,0,0,0,0,0,0,0,0,0,0,0,0,0,0,0,0,0,0,,,0,0,62,fordu901,ashfe901,,,,,19431111,exhibition,deduced
KCR194311110,99,8,1,1,LOS02,KCR,WPS,1,4,trouq101,seinb101,5,2,B,L,?,?,??,,,1,1,0,0,0,0,0,0,0,0,0,0,0,0,1,0,1,1,0,0,0,0,0,0,0,0,0,0,0,0,0,0,0,0,0,0,0,0,0,0,0,0,0,0,0,0,0,0,0,0,0,1,2,,,,,,,,,,,,,,,,,,,,,,,,0,0,0,0,0,0,0,0,0,0,0,0,simmw101,easth104,wrigb104,broww101,trouq101,leonb101,serrb101,speac103,mcdut101,7,6,9,8,2,3,4,5,1,campg101,mcqug101,newss101,mesns101,stepv101,novil101,lindj101,zaria101,1,0,0,0,0,0,0,0,0,0,0,0,0,0,0,0,0,0,0,0,0,0,0,0,0,0,0,0,,,0,0,63,fordu901,ashfe901,,,,,19431111,exhibition,deduced
KCR194311110,99,8,1,1,LOS02,KCR,WPS,1,4,leonb101,seinb101,6,3,L,L,?,?,??,,,1,1,0,0,0,0,0,0,0,0,0,0,0,0,1,0,1,1,0,0,0,0,0,0,0,0,0,0,0,0,0,0,0,0,0,0,0,0,0,0,0,0,0,0,0,0,0,0,0,0,0,2,3,,,,,,,,,,,,,,,,,,,,,,,,0,0,0,0,0,0,0,0,0,0,0,0,simmw101,easth104,wrigb104,broww101,trouq101,leonb101,serrb101,speac103,mcdut101,7,6,9,8,2,3,4,5,1,campg101,mcqug101,newss101,mesns101,stepv101,novil101,lindj101,zaria101,1,0,0,0,0,0,0,0,0,0,0,0,0,0,0,0,0,0,0,0,0,0,0,0,0,0,0,0,,,0,0,64,fordu901,ashfe901,,,,,19431111,exhibition,deduced
KCR194311110,99,9,0,0,LOS02,WPS,KCR,1,4,newss101,mcdut101,1,4,R,R,?,?,??,,,1,1,0,0,0,0,0,0,0,0,0,0,0,0,1,0,1,1,0,0,0,0,0,0,0,0,0,0,0,0,0,0,0,0,0,0,0,0,0,0,0,0,0,0,0,0,0,0,0,0,0,0,1,,,,,,,,,,,,,,,,,,,,,,,,0,0,0,0,0,0,0,0,0,0,0,0,newss101,zaria101,novil101,lindj101,stepv101,mesns101,mcqug101,campg101,seinb101,4,9,7,8,6,5,3,2,1,trouq101,leonb101,serrb101,speac103,easth104,simmw101,broww101,wrigb104,1,0,0,0,0,0,0,0,0,0,0,0,0,0,0,0,0,0,0,0,0,0,0,0,0,0,0,0,,,0,0,65,fordu901,ashfe901,,,,,19431111,exhibition,deduced
KCR194311110,W,9,0,0,LOS02,WPS,KCR,1,4,zaria101,mcdut101,2,9,L,R,?,?,??,,,1,0,0,0,0,0,0,0,0,1,0,0,0,0,0,0,0,0,0,0,0,0,0,0,0,0,0,0,0,0,0,0,0,0,0,0,0,0,0,0,0,0,0,0,0,0,0,0,0,0,0,1,1,,,,zaria101,,,,,,,,,mcdut101,,,,,,,,,,,0,0,0,0,0,0,0,0,0,0,0,0,newss101,zaria101,novil101,lindj101,stepv101,mesns101,mcqug101,campg101,seinb101,4,9,7,8,6,5,3,2,1,trouq101,leonb101,serrb101,speac103,easth104,simmw101,broww101,wrigb104,0,0,0,0,0,0,0,0,0,0,0,0,0,0,0,0,0,0,0,,0,0,0,0,0,0,0,0,,,0,0,66,fordu901,ashfe901,,,,,19431111,exhibition,deduced
KCR194311110,99,9,0,0,LOS02,WPS,KCR,1,4,novil101,mcdut101,3,7,R,R,?,?,??,,,1,1,0,0,0,0,0,0,0,0,0,0,0,0,1,0,1,1,0,0,0,0,0,0,0,0,0,0,0,0,0,0,0,0,0,0,0,0,0,0,0,0,0,0,0,0,0,0,0,0,0,1,2,zaria101,,,zaria101,,,,,,mcdut101,,,mcdut101,,,,,,,,,,,0,0,0,0,0,0,0,0,0,0,0,0,newss101,zaria101,novil101,lindj101,stepv101,mesns101,mcqug101,campg101,seinb101,4,9,7,8,6,5,3,2,1,trouq101,leonb101,serrb101,speac103,easth104,simmw101,broww101,wrigb104,1,0,0,0,0,0,0,0,0,0,0,0,0,0,0,0,0,0,0,0,0,0,0,0,0,0,0,0,,,0,0,67,fordu901,ashfe901,,,,,19431111,exhibition,deduced
KCR194311110,99,9,0,0,LOS02,WPS,KCR,1,4,lindj101,mcdut101,4,8,R,R,?,?,??,,,1,1,0,0,0,0,0,0,0,0,0,0,0,0,1,0,1,1,0,0,0,0,0,0,0,0,0,0,0,0,0,0,0,0,0,0,0,0,0,0,0,0,0,0,0,0,0,0,0,0,0,2,3,zaria101,,,,,,zaria101,,,mcdut101,,,,,,,,,,,,,,0,0,0,0,0,0,0,0,0,0,0,0,newss101,zaria101,novil101,lindj101,stepv101,mesns101,mcqug101,campg101,seinb101,4,9,7,8,6,5,3,2,1,trouq101,leonb101,serrb101,speac103,easth104,simmw101,broww101,wrigb104,1,0,0,0,0,0,0,0,0,0,0,0,0,0,0,0,0,0,0,0,0,0,0,0,0,0,0,0,,,0,0,68,fordu901,ashfe901,,,,,19431111,exhibition,deduced
