gid,team,inn1,inn2,inn3,inn4,inn5,inn6,inn7,inn8,inn9,inn10,inn11,inn12,inn13,inn14,inn15,inn16,inn17,inn18,inn19,inn20,inn21,inn22,inn23,inn24,inn25,inn26,inn27,inn28,lob,mgr,stattype,b_pa,b_ab,b_r,b_h,b_d,b_t,b_hr,b_rbi,b_sh,b_sf,b_hbp,b_w,b_iw,b_k,b_sb,b_cs,b_gdp,b_xi,b_roe,p_ipouts,p_noout,p_bfp,p_h,p_d,p_t,p_hr,p_r,p_er,p_w,p_iw,p_k,p_hbp,p_wp,p_bk,p_sh,p_sf,p_sb,p_cs,p_pb,d_po,d_a,d_e,d_dp,d_tp,d_pb,d_wp,d_sb,d_cs,start_l1,start_l2,start_l3,start_l4,start_l5,start_l6,start_l7,start_l8,start_l9,start_f1,start_f2,start_f3,start_f4,start_f5,start_f6,start_f7,start_f8,start_f9,start_f10,date,number,site,vishome,opp,win,loss,tie,gametype,box,pbp
MLS194310170,KCR,0,0,1,0,0,0,0,1,0,,,,,,,,,,,,,,,,,,,,,brewc102,value,,,2,6,3,1,,2,,,,,,,,,,,,27,,,7,,,0,0,0,,,,,,,,,,,,27,,1,,0,,,,,,,,,,,,,,matcj101,mackb102,,,,,,,,,19431017,0,LGB01,v,MLS,1,0,0,exhibition,,
MLS194310170,MLS,0,0,0,0,0,0,0,0,0,,,,,,,,,,,,,,,,,,,,,feisb801,value,,,0,7,,,0,0,,,,,,,,,,,,27,,,6,3,1,,2,2,,,,,,,,,,,,27,,2,,0,,,,,,,,,,,,,,olsew101,clapu101,,,,,,,,,19431017,0,LGB01,h,KCR,0,1,0,exhibition,,
KCR194311050,MLS,0,0,0,0,4,0,0,0,0,,,,,,,,,,,,,,,,,,,,5,feisb801,value,36,31,4,4,0,1,0,3,0,0,0,5,0,8,0,0,2,0,2,27,0,32,8,1,0,0,2,2,2,0,4,0,0,0,1,0,0,1,0,27,15,0,2,0,0,0,0,1,lowrp101,sturb101,pridj101,metkg101,stepv101,prouw101,zaria101,maloe101,newsb101,newsb101,maloe101,prouw101,pridj101,stepv101,sturb101,metkg101,lowrp101,zaria101,,19431105,0,LOS02,v,KCR,1,0,0,exhibition,y,d
KCR194311050,KCR,2,0,0,0,0,0,0,0,0,,,,,,,,,,,,,,,,,,,,3,brewc102,value,32,29,2,8,1,0,0,2,1,0,0,2,0,4,0,1,2,0,0,27,0,36,4,0,1,0,4,0,5,0,8,0,0,0,0,0,0,0,0,27,13,2,2,0,0,0,0,0,simmw101,easth104,wrigb104,broww101,trouq101,leonb101,serrb101,speac103,mcdut101,mcdut101,trouq101,leonb101,serrb101,speac103,easth104,simmw101,broww101,wrigb104,,19431105,0,LOS02,h,MLS,0,1,0,exhibition,y,d
KCR194311110,WPS,0,1,0,0,0,0,0,0,0,,,,,,,,,,,,,,,,,,,,3,aherp801,value,31,30,1,5,1,0,0,1,0,0,0,1,0,3,0,0,0,0,0,24,0,33,9,1,1,0,4,4,1,0,3,0,0,0,0,0,2,1,0,24,8,0,0,0,0,0,2,1,newss101,zaria101,novil101,lindj101,stepv101,mesns101,mcqug101,campg101,florj101,florj101,campg101,mcqug101,newss101,mesns101,stepv101,novil101,lindj101,zaria101,,19431111,0,LOS02,v,KCR,0,1,0,exhibition,y,d
KCR194311110,KCR,0,0,0,0,4,0,0,0,,,,,,,,,,,,,,,,,,,,,5,brewc102,value,33,32,4,9,1,1,0,4,0,0,0,1,0,3,2,1,0,0,0,27,0,31,5,1,0,0,1,1,1,0,3,0,0,0,0,0,0,0,0,27,13,0,0,0,0,0,0,0,simmw101,easth104,wrigb104,broww101,trouq101,leonb101,serrb101,speac103,mcdut101,mcdut101,trouq101,leonb101,serrb101,speac103,easth104,simmw101,broww101,wrigb104,,19431111,0,LOS02,h,WPS,1,0,0,exhibition,y,d
KCR194311141,MLS,1,0,0,0,4,0,0,1,0,,,,,,,,,,,,,,,,,,,,,feisb801,value,,,6,11,,,,,,,,,,,,,,,,27,,,3,,,,2,,,,,,,,,,,,,27,,2,,0,,,,,,,,,,,,,,olsew101,maloe101,,,,,,,,,19431114,1,LOS02,v,KCR,1,0,0,exhibition,,
KCR194311141,KCR,0,1,0,0,0,0,0,0,1,,,,,,,,,,,,,,,,,,,,,brewc102,value,,,2,3,,,,,,,,,,,,,,,,27,,,11,,,,6,,,,,,,,,,,,,27,,3,,0,,,,,,,,,,,,,,matcj101,trouq101,,,,,,,,,19431114,1,LOS02,h,MLS,0,1,0,exhibition,,
KCR194311142,MLS,0,1,0,0,0,0,0,,,,,,,,,,,,,,,,,,,,,,,feisb801,value,,,1,3,,,,,,,,,,,,,,,,21,,,3,,,0,0,0,,,,,,,,,,,,21,,1,,0,,,,,,,,,,,,,,seinb101,dawsb101,,,,,,,,,19431114,2,LOS02,v,KCR,1,0,0,exhibition,,
KCR194311142,KCR,0,0,0,0,0,0,0,,,,,,,,,,,,,,,,,,,,,,,brewc102,value,,,0,3,,,0,0,,,,,,,,,,,,21,,,3,,,,1,,,,,,,,,,,,,21,,2,,0,,,,,,,,,,,,,,brewc102,trouq101,,,,,,,,,19431114,2,LOS02,h,MLS,0,1,0,exhibition,,
