gid,id,team,p_seq,stattype,p_ipouts,p_noout,p_bfp,p_h,p_d,p_t,p_hr,p_r,p_er,p_w,p_iw,p_k,p_hbp,p_wp,p_bk,p_sh,p_sf,p_sb,p_cs,p_pb,wp,lp,save,p_gs,p_gf,p_cg,date,number,site,vishome,opp,win,loss,tie,gametype,box,pbp,eject
HOM193504140,allec101,HOM,2,value,,,,,,,,,,,,,,,,,,,,,,,,,1,,19350414,0,WIL07,h,NW1,0,1,0,exhibition,,,
WEG193705290,allec101,HOM,2,value,0,0,5,3,0,0,0,2,2,2,0,0,0,0,0,0,0,0,0,0,,,,,,,19370529,0,WAS09,v,WEG,0,1,0,regular,y,d,
PTC193707052,allec101,HOM,2,value,,,,,,,,,,,,,,,,,,,,,,,,,,,19370705,2,PIT09,v,PTC,0,1,0,regular,,,
MEM193806140,allec101,MEM,1,value,27,,,5,,,,1,0,,,,,,,,,,,,1,,,1,,1,19380614,0,MNL01,h,CAG,1,0,0,regular,,,
JAX193806220,allec101,MEM,1,value,13,0,20,4,0,0,0,4,3,4,0,1,0,0,0,0,0,0,0,0,,,,1,,,19380622,0,JKV01,v,JAX,0,1,0,regular,y,d,
MEM193806290,allec101,MEM,1,value,,,,,,,,,,,,,,,,,,,,,,,,1,,,19380629,0,LRK02,h,ATN,1,0,0,regular,,,
KCM193807042,allec101,MEM,1,value,24,,30,5,0,2,0,2,,1,,5,0,0,,1,,2,,,,1,,1,,1,19380704,2,KAN05,v,KCM,0,1,0,regular,y,,
CAG193807110,allec101,MEM,1,value,24,0,35,8,2,0,0,5,3,3,0,0,0,0,0,0,0,0,1,0,,1,,1,,1,19380711,0,CHI16,v,CAG,0,1,0,regular,y,d,
MEM193807171,allec101,MEM,1,value,8,0,18,5,0,1,0,3,3,3,0,0,0,0,0,0,0,0,0,0,,,,1,,,19380717,1,MEM02,h,JAX,1,0,0,regular,y,d,
MEM193807200,allec101,MEM,1,value,27,,,,,,,4,,,,,,,,,,,,,1,,,1,,1,19380720,0,LRK02,h,BIR,1,0,0,regular,,,
MEM193807200,allec101,MEM,1,lower,27,,,6,,,,4,,,,,,,,,,,,,1,,,1,,1,19380720,0,LRK02,h,BIR,1,0,0,regular,,,
HOM193807280,allec101,MEM,1,value,,,,,,,,,,,,,,,,,,,,,,1,,,,,19380728,0,ZAN01,v,HOM,0,1,0,exhibition,,,
HOM193807280,allec101,MEM,1,lower,,,,,,,2,,,,,,,,,,,,,,,1,,,,,19380728,0,ZAN01,v,HOM,0,1,0,exhibition,,,
KCM193808020,allec101,MEM,,value,9,,16,5,,,0,5,,2,,5,0,,,,,,,,,,,,1,,19380802,0,KCK01,v,KCM,0,1,0,regular,y,,
ATN193808290,allec101,MEM,2,value,,,,,,,,,,,,,,,,,,,,,,,,,,,19380829,0,MAC01,v,ATN,0,1,0,regular,,,
CAG193809060,allec101,MEM,1,value,27,,,6,,,,3,3,,,,,,,,,,,,1,,,1,,1,19380906,0,SBD01,v,CAG,1,0,0,regular,,,
KCM193809112,allec101,MEM,2,value,0,4,4,4,,,0,4,,0,0,0,0,,,,,,,,,,,,,,19380911,2,KAN05,v,KCM,0,1,0,exhibition,y,,
KCM193809140,allec101,MEM,2,value,2,,7,3,,,0,4,2,1,,2,0,0,,0,,,,,,,,,,,19380914,0,LIN01,v,KCM,0,1,0,exhibition,y,,
