gid,team,inn1,inn2,inn3,inn4,inn5,inn6,inn7,inn8,inn9,inn10,inn11,inn12,inn13,inn14,inn15,inn16,inn17,inn18,inn19,inn20,inn21,inn22,inn23,inn24,inn25,inn26,inn27,inn28,lob,mgr,stattype,b_pa,b_ab,b_r,b_h,b_d,b_t,b_hr,b_rbi,b_sh,b_sf,b_hbp,b_w,b_iw,b_k,b_sb,b_cs,b_gdp,b_xi,b_roe,p_ipouts,p_noout,p_bfp,p_h,p_d,p_t,p_hr,p_r,p_er,p_w,p_iw,p_k,p_hbp,p_wp,p_bk,p_sh,p_sf,p_sb,p_cs,p_pb,d_po,d_a,d_e,d_dp,d_tp,d_pb,d_wp,d_sb,d_cs,start_l1,start_l2,start_l3,start_l4,start_l5,start_l6,start_l7,start_l8,start_l9,start_f1,start_f2,start_f3,start_f4,start_f5,start_f6,start_f7,start_f8,start_f9,start_f10,date,number,site,vishome,opp,win,loss,tie,gametype,box,pbp
HOM193904050,NW2,0,0,0,0,0,1,0,0,0,,,,,,,,,,,,,,,,,,,,,lundd103,value,,,1,5,,,,,,,,,,11,,,,,,24,,,,,3,,7,,,,,,,,,,,,,24,,0,,0,,,,,,,,,,,,,,,,,,,,,,,,19390405,0,ORL01,v,HOM,0,1,0,exhibition,,
HOM193904050,HOM,2,1,0,0,0,2,1,1,,,,,,,,,,,,,,,,,,,,,,harrv102,value,,,7,,,3,,,,,,,,,,,,,,27,,,5,,,,1,,,,11,,,,,,,,,27,,0,,0,,,,,,,,,,,,,,partr102,,,,,,,,,,19390405,0,ORL01,h,NW2,1,0,0,exhibition,,
ATN193904230,NW2,0,0,1,0,0,0,2,2,0,,,,,,,,,,,,,,,,,,,,10,lundd103,value,42,37,5,7,1,0,0,2,0,0,1,4,0,5,3,0,0,0,3,27,0,41,7,3,0,0,4,3,8,1,9,0,0,0,0,0,1,0,0,27,18,2,0,0,0,0,1,0,biotc101,johnb113,wellw101,wilsf104,suttm101,pearl102,browj113,hayej104,hillj104,hillj104,hayej104,suttm101,johnb113,pearl102,wellw101,browj113,biotc101,wilsf104,,19390423,0,ATL04,v,ATN,1,0,0,exhibition,y,d
ATN193904230,ATN,0,0,0,0,0,0,4,0,0,,,,,,,,,,,,,,,,,,,,10,kempg101,value,41,33,4,7,3,0,0,3,0,0,0,8,1,9,1,0,0,0,0,27,0,42,7,1,0,0,5,2,4,0,5,1,0,0,0,0,3,0,0,27,16,4,0,0,0,0,3,0,owens102,davis105,boono101,reevd101,willn103,andrj104,kempg101,buttt102,evanf101,evanf101,boono101,willn103,kempg101,davis105,buttt102,andrj104,owens102,reevd101,,19390423,0,ATL04,h,NW2,0,1,0,exhibition,y,d
ATN193904240,NW2,3,0,3,1,0,1,0,0,0,,,,,,,,,,,,,,,,,,,,12,lundd103,value,47,42,8,13,4,1,0,7,1,0,1,3,0,0,0,0,0,0,3,27,0,38,8,1,2,1,4,4,2,0,0,0,0,0,0,0,0,0,0,27,17,1,0,0,0,0,0,0,biotc101,johnb113,wellw101,wilsf104,suttm101,pearl102,browj113,hayej104,wrigj105,wrigj105,hayej104,suttm101,johnb113,pearl102,wellw101,browj113,biotc101,wilsf104,,19390424,0,BIR01,v,ATN,1,0,0,exhibition,y,d
ATN193904240,ATN,0,1,0,0,0,0,0,1,2,,,,,,,,,,,,,,,,,,,,7,kempg101,value,38,36,4,8,1,2,1,4,0,0,0,2,0,0,0,0,0,0,1,27,0,47,13,4,1,0,8,6,3,0,0,1,0,0,1,0,0,0,0,27,9,5,0,0,0,0,0,0,owens102,davis105,boono101,reevd101,andrj104,kempg101,lamah102,buttt102,haysc101,haysc101,boono101,davis105,lamah102,kempg101,buttt102,andrj104,owens102,reevd101,,19390424,0,BIR01,h,NW2,0,1,0,exhibition,y,d
NW2193904270,ATN,0,0,0,0,0,0,0,0,,,,,,,,,,,,,,,,,,,,,5,kempg101,value,29,26,0,5,0,0,0,0,1,0,0,2,0,7,0,1,1,0,0,21,0,36,13,2,2,0,11,11,3,0,5,0,0,0,0,0,1,0,0,21,2,2,1,0,0,0,1,0,coopb101,davis105,boono101,reevd101,andrj104,kempg101,owens102,buttt102,dixoe101,dixoe101,boono101,coopb101,kempg101,davis105,buttt102,andrj104,owens102,reevd101,,19390427,0,MAC01,v,NW2,0,1,0,exhibition,y,d
NW2193904270,NW2,0,0,0,4,4,3,0,,,,,,,,,,,,,,,,,,,,,,4,lundd103,value,36,33,11,13,2,2,0,10,0,0,0,3,0,5,1,0,1,0,1,24,0,29,5,0,0,0,0,0,2,0,7,0,0,0,1,0,0,1,0,24,2,0,1,0,0,0,0,1,biotc101,johnb113,wellw101,wilsf104,suttm101,pearl102,browj113,hayej104,browj115,browj115,hayej104,suttm101,johnb113,pearl102,wellw101,browj113,biotc101,wilsf104,,19390427,0,MAC01,h,ATN,1,0,0,exhibition,y,d
NW2193904300,ATN,0,3,0,0,0,0,0,0,2,,,,,,,,,,,,,,,,,,,,5,kempg101,value,37,35,5,11,0,1,0,5,0,,0,2,,10,,,,,,24,,40,11,1,2,0,8,,4,,3,0,,,0,,,,,24,,4,,0,,,,,owens102,davis105,andrj104,reevd101,evanf101,boono101,kempg101,buttt102,richl105,richl105,boono101,evanf101,kempg101,davis105,buttt102,andrj104,owens102,reevd101,,19390430,0,MAC01,v,NW2,0,1,0,exhibition,y,
NW2193904300,NW2,3,1,0,0,0,2,0,2,,,,,,,,,,,,,,,,,,,,,8,lundd103,value,40,36,8,11,1,2,0,8,0,,0,4,,3,,,,,,27,,37,11,0,1,0,5,5,2,,10,0,,,0,,,,,27,,0,,0,,,,,biotc101,johnb113,wellw101,wilsf104,suttm101,pearl102,browj113,hayej104,day-l101,day-l101,hayej104,suttm101,johnb113,pearl102,wellw101,browj113,biotc101,wilsf104,,19390430,0,MAC01,h,ATN,1,0,0,exhibition,y,
NW2193905140,PH5,1,2,1,0,1,0,1,0,1,,,,,,,,,,,,,,,,,,,,7,wilsj106,value,41,36,7,9,1,1,1,7,0,0,0,5,0,6,0,0,0,0,0,27,0,41,7,0,0,1,5,5,7,0,5,1,0,0,0,0,0,1,2,27,0,1,0,0,2,0,0,1,speac103,mornl101,parnr102,dunnj104,bensg101,perkb101,wilsj106,harrc104,carts102,carts102,perkb101,harrc104,mornl101,wilsj106,dunnj104,parnr102,bensg101,speac103,,19390514,0,NWK04,v,NW2,1,0,0,regular,y,d
NW2193905140,NW2,1,0,1,0,1,0,2,0,0,,,,,,,,,,,,,,,,,,,,9,lundd103,value,41,33,5,7,0,0,1,5,0,0,1,7,0,5,0,1,0,0,0,27,0,41,9,1,1,1,7,6,5,0,6,0,0,0,0,0,0,0,1,27,0,0,0,0,1,0,0,0,seayd101,stone101,wellw101,wilsf104,suttm101,pearl102,irvim101,hayej104,day-l101,day-l101,hayej104,suttm101,seayd101,irvim101,wellw101,wilsf104,pearl102,stone101,,19390514,0,NWK04,h,PH5,0,1,0,regular,y,d
NW2193905171,PH5,1,0,0,0,0,0,0,1,0,,,,,,,,,,,,,,,,,,,,7,wilsj106,value,36,33,2,7,0,0,0,2,0,0,0,3,0,0,0,0,0,0,1,24,0,34,7,0,0,1,5,5,3,0,0,0,0,0,0,0,0,0,0,24,2,1,1,0,0,0,0,0,speac103,mornl101,parnr102,dunnj104,bensg101,perkb101,wilsj106,harrc104,ellir105,ellir105,perkb101,harrc104,mornl101,wilsj106,dunnj104,parnr102,bensg101,speac103,,19390517,1,NWK04,v,NW2,0,1,0,regular,y,d
NW2193905171,NW2,0,0,0,0,2,3,0,0,,,,,,,,,,,,,,,,,,,,,5,lundd103,value,34,31,5,7,0,0,1,5,0,0,0,3,0,0,0,0,1,0,1,27,0,36,7,0,0,0,2,2,3,0,0,0,0,0,0,0,0,0,0,27,2,1,0,0,0,0,0,0,biotc101,seayd101,wellw101,wilsf104,suttm101,stone101,pearl102,hayej104,browj115,browj115,hayej104,suttm101,seayd101,pearl102,wellw101,wilsf104,biotc101,stone101,,19390517,1,NWK04,h,PH5,1,0,0,regular,y,d
NW2193905172,PH5,0,0,0,0,0,0,0,,,,,,,,,,,,,,,,,,,,,,8,wilsj106,value,29,27,0,6,0,0,0,0,0,0,0,2,0,0,0,0,0,0,0,18,0,22,4,1,0,0,1,1,1,0,0,0,0,0,0,0,0,1,0,18,0,1,0,0,0,0,0,1,speac103,mornl101,parnr102,dunnj104,bensg101,perkb101,wilsj106,harrc104,mcdow101,mcdow101,perkb101,harrc104,mornl101,wilsj106,dunnj104,parnr102,bensg101,speac103,,19390517,2,NWK04,v,NW2,0,1,0,regular,y,d
NW2193905172,NW2,0,0,0,0,1,0,,,,,,,,,,,,,,,,,,,,,,,3,lundd103,value,22,21,1,4,1,0,0,1,0,0,0,1,0,0,0,1,0,0,0,21,0,29,6,0,0,0,0,0,2,0,0,0,0,0,0,0,0,0,0,21,0,0,0,0,0,0,0,0,biotc101,seayd101,wellw101,wilsf104,suttm101,stone101,pearl102,hayej104,day-l101,day-l101,hayej104,suttm101,seayd101,pearl102,wellw101,wilsf104,biotc101,stone101,,19390517,2,NWK04,h,PH5,1,0,0,regular,y,d
NW2193905211,BLG,0,0,0,0,0,0,0,0,0,,,,,,,,,,,,,,,,,,,,4,snowf101,value,31,27,0,2,0,0,0,0,1,0,0,3,0,7,0,0,1,0,0,24,0,34,7,1,0,0,4,3,1,0,0,0,0,0,0,0,0,0,0,24,0,4,0,0,0,0,0,0,kimbh102,snowf101,wrigb104,hughs101,westj102,hoskb101,walkh103,mackb102,byrdb101,byrdb101,mackb102,westj102,hughs101,snowf101,walkh103,kimbh102,wrigb104,hoskb101,,19390521,1,NWK04,v,NW2,0,1,0,regular,y,d
NW2193905211,NW2,0,0,0,0,0,0,0,4,,,,,,,,,,,,,,,,,,,,,6,lundd103,value,34,33,4,7,1,0,0,3,0,0,0,1,0,0,0,0,0,0,2,27,0,31,2,0,0,0,0,0,3,0,7,0,0,0,1,0,0,0,0,27,2,0,1,0,0,0,0,0,wellw101,seayd101,wilsf104,suttm101,stone101,pearl102,irvim101,hayej104,hillj104,hillj104,hayej104,suttm101,seayd101,irvim101,wellw101,wilsf104,pearl102,stone101,,19390521,1,NWK04,h,BLG,1,0,0,regular,y,d
NW2193905212,BLG,2,0,0,0,0,0,1,,,,,,,,,,,,,,,,,,,,,,12,snowf101,value,36,27,3,7,0,1,0,3,1,0,0,8,0,0,0,0,0,0,0,19,0,27,9,2,0,0,4,4,1,0,0,0,0,0,0,0,0,1,0,19,0,0,0,0,0,0,0,1,kimbh102,snowf101,hughs101,mackb102,wrigb104,westj102,hoskb101,walkh103,johnj110,johnj110,mackb102,westj102,hughs101,snowf101,walkh103,kimbh102,wrigb104,hoskb101,,19390521,2,NWK04,v,NW2,0,1,0,regular,y,d
NW2193905212,NW2,0,2,0,0,1,0,1,,,,,,,,,,,,,,,,,,,,,,4,lundd103,value,27,26,4,9,2,0,0,4,0,0,0,1,0,0,0,1,0,0,0,21,0,36,7,0,1,0,3,3,8,0,0,0,0,0,1,0,0,0,0,21,0,0,0,0,0,0,0,0,wellw101,seayd101,wilsf104,suttm101,stone101,pearl102,irvim101,ruffl101,browj113,browj113,ruffl101,suttm101,seayd101,irvim101,wellw101,wilsf104,pearl102,stone101,,19390521,2,NWK04,h,BLG,1,0,0,regular,y,d
NW2193905251,NY6,0,1,0,0,0,0,2,0,0,,,,,,,,,,,,,,,,,,,,4,fernj101,value,34,32,3,5,0,0,0,,0,,0,2,,,0,,,0,,24,,38,9,0,0,3,8,,2,,,0,0,0,0,,0,,0,24,,3,0,0,0,0,0,,valdf101,pagep102,vargj101,carae101,aranp101,lopec102,rodra102,fernj101,ruizs101,ruizs101,fernj101,pagep102,valdf101,aranp101,rodra102,vargj101,lopec102,carae101,,19390525,1,NWK04,v,NW2,0,1,0,regular,y,
NW2193905251,NW2,0,2,3,0,0,1,0,2,,,,,,,,,,,,,,,,,,,,,6,lundd103,value,38,36,8,9,0,0,3,,0,,0,2,,,0,,,0,,27,,34,5,0,0,0,3,,2,,,0,0,0,0,,0,,0,27,,1,0,0,0,0,0,,wellw101,seayd101,wilsf104,suttm101,stone101,pearl102,irvim101,hayej104,day-l101,day-l101,hayej104,suttm101,seayd101,irvim101,wellw101,pearl102,pearl102,stone101,,19390525,1,NWK04,h,NY6,1,0,0,regular,y,
NW2193905252,NY6,0,0,4,0,0,0,0,,,,,,,,,,,,,,,,,,,,,,3,fernj101,value,28,22,4,3,0,0,1,4,0,0,0,6,0,0,0,,,0,,18,,35,15,1,1,0,10,,1,0,,0,0,0,0,,0,,0,18,,4,0,0,0,0,0,,valdf101,pagep102,vargj101,carae101,aranp101,lopec102,rodra102,miraa101,martf104,martf104,miraa101,pagep102,valdf101,aranp101,rodra102,vargj101,lopec102,carae101,,19390525,2,NWK04,v,NW2,0,1,0,regular,y,
NW2193905252,NW2,2,0,1,3,2,2,,,,,,,,,,,,,,,,,,,,,,,7,lundd103,value,35,34,10,15,1,1,0,,0,,0,1,0,,0,,,0,,21,,28,3,0,0,1,4,4,6,0,0,0,0,0,0,0,0,,0,21,,0,0,0,0,0,0,,wellw101,seayd101,wilsf104,suttm101,stone101,pearl102,irvim101,ruffl101,hubew101,hubew101,ruffl101,suttm101,seayd101,irvim101,wellw101,pearl102,pearl102,stone101,,19390525,2,NWK04,h,NY6,1,0,0,regular,y,
NW2193905270,TLC,0,0,0,0,0,0,0,0,0,,,,,,,,,,,,,,,,,,,,5,charo101,value,32,29,0,3,0,0,0,0,0,0,1,2,0,6,2,0,0,0,0,24,0,37,8,3,1,0,4,4,5,0,4,1,1,0,1,0,0,1,0,24,11,1,1,0,0,1,0,1,mornl101,johnj112,harvb101,duket102,clarb101,charo101,spenw101,taylr103,johnj115,johnj115,duket102,charo101,mornl101,johnj112,clarb101,harvb101,taylr103,spenw101,,19390527,0,TRE01,v,NW2,0,1,0,regular,y,d
NW2193905270,NW2,0,2,0,0,0,0,0,2,,,,,,,,,,,,,,,,,,,,,9,lundd103,value,37,30,4,8,3,1,0,4,1,0,1,5,0,4,0,1,0,0,1,27,0,32,3,0,0,0,0,0,2,0,6,1,0,0,0,0,2,0,0,27,16,0,0,0,0,0,2,0,wellw101,seayd101,wilsf104,suttm101,stone101,pearl102,irvim101,ruffl101,browj115,browj115,ruffl101,suttm101,seayd101,irvim101,wellw101,wilsf104,pearl102,stone101,,19390527,0,TRE01,h,TLC,1,0,0,regular,y,d
NW2193905281,NY6,0,0,0,2,0,0,0,2,0,,,,,,,,,,,,,,,,,,,,9,fernj101,value,40,36,4,9,2,0,1,4,0,0,0,4,0,4,0,0,0,0,0,24,0,39,11,0,0,3,12,12,4,0,0,0,0,0,0,0,0,0,0,24,0,0,0,0,0,0,0,0,lopec102,pagep102,aranp101,carae101,vargj101,rodra102,valdf101,casem101,tianl102,tianl102,casem101,pagep102,valdf101,aranp101,rodra102,vargj101,lopec102,carae101,,19390528,1,NWK04,v,NW2,0,1,0,regular,y,d
NW2193905281,NW2,0,0,0,3,2,3,4,0,,,,,,,,,,,,,,,,,,,,,3,lundd103,value,39,35,12,11,0,0,3,12,0,0,0,4,0,0,0,0,0,0,1,27,0,40,9,2,0,1,4,4,4,0,4,0,0,0,0,0,0,0,0,27,0,0,0,0,0,0,0,0,wellw101,seayd101,wilsf104,suttm101,stone101,irvim101,pearl102,ruffl101,hillj104,hillj104,ruffl101,suttm101,seayd101,irvim101,wellw101,wilsf104,pearl102,stone101,,19390528,1,NWK04,h,NY6,1,0,0,regular,y,d
NW2193905282,NY6,0,0,0,1,0,0,1,,,,,,,,,,,,,,,,,,,,,,10,fernj101,value,33,27,2,3,1,0,0,0,0,0,0,6,0,0,0,0,0,0,3,18,0,26,6,1,0,2,5,5,1,0,0,0,0,0,0,0,0,0,0,18,0,1,0,0,0,0,0,0,lopec102,vargj101,aranp101,carae101,herer101,rodra102,valdf101,casem101,ruizs101,ruizs101,casem101,aranp101,valdf101,carae101,rodra102,vargj101,lopec102,herer101,,19390528,2,NWK04,v,NW2,0,1,0,regular,y,d
NW2193905282,NW2,0,0,0,2,3,0,,,,,,,,,,,,,,,,,,,,,,,3,lundd103,value,26,25,5,6,1,0,2,5,0,0,0,1,0,0,0,0,0,0,1,21,0,33,3,1,0,0,2,0,6,0,0,0,0,0,0,0,0,0,0,21,0,4,0,0,0,0,0,0,wellw101,seayd101,wilsf104,suttm101,stone101,irvim101,pearl102,hayej104,hubew101,hubew101,hayej104,suttm101,seayd101,irvim101,wellw101,wilsf104,pearl102,stone101,,19390528,2,NWK04,h,NY6,1,0,0,regular,y,d
HOM193906041,NW2,3,0,2,1,1,3,9,0,1,,,,,,,,,,,,,,,,,,,,,lundd103,value,,,20,19,,,4,,,,,,,,1,,,,,27,,,5,,,,3,,,,,,,,,,,,,27,,0,,0,,,,,,,,,,,,,,hillj104,hayej104,,,,,,,,,19390604,1,BUF06,v,HOM,1,0,0,regular,,
HOM193906041,HOM,1,0,0,0,1,1,0,0,0,,,,,,,,,,,,,,,,,,,,,harrv102,value,,,3,5,,,,,,,,,,,,,,,,27,,,19,,,4,20,,,,,,,,,,,,,27,,0,,0,,,,,,,,,,,,,,browl108,napie101,,,,,,,,,19390604,1,BUF06,h,NW2,0,1,0,regular,,
HOM193906042,NW2,2,1,0,0,6,0,5,,,,,,,,,,,,,,,,,,,,,,,lundd103,value,,,14,17,,,3,,,,,,,,,,,,,21,,,8,,,,6,,,,,,,,,,,,,21,,0,,0,,,,,,,,,,,,,,browj115,ruffl101,,,,,,,,,19390604,2,BUF06,v,HOM,1,0,0,regular,,
HOM193906042,HOM,0,0,3,1,0,1,1,,,,,,,,,,,,,,,,,,,,,,,harrv102,value,,,6,8,,,,,,,,,,,,,,,,21,,,17,,,3,14,,,,,,,,,,,,,21,,0,,0,,,,,,,,,,,,,,walke103,napie101,,,,,,,,,19390604,2,BUF06,h,NW2,0,1,0,regular,,
PH5193906150,NW2,3,2,0,0,0,0,0,4,0,,,,,,,,,,,,,,,,,,,,13,lundd103,value,49,39,9,12,1,0,2,9,0,0,0,10,0,0,0,0,0,0,0,27,0,31,1,0,0,0,0,0,3,0,5,0,0,0,0,0,0,0,0,27,0,0,0,0,0,0,0,0,wellw101,seayd101,stone101,suttm101,wilsf104,irvim101,pearl102,hayej104,browj115,browj115,hayej104,suttm101,seayd101,irvim101,wellw101,wilsf104,pearl102,stone101,,19390615,0,PHI17,v,PH5,1,0,0,regular,y,d
PH5193906150,PH5,0,0,0,0,0,0,0,0,0,,,,,,,,,,,,,,,,,,,,4,wilsj106,value,31,28,0,1,0,0,0,0,0,0,0,3,0,5,0,0,0,0,0,27,0,49,12,1,0,2,9,9,10,0,0,0,0,0,0,0,0,0,0,27,0,0,0,0,0,0,0,0,speac103,willc106,pattp102,bensg101,perkb101,wilsj106,dunnj104,harrc104,millh104,millh104,perkb101,harrc104,pattp102,wilsj106,willc106,dunnj104,bensg101,speac103,,19390615,0,PHI17,h,NW2,0,1,0,regular,y,d
PH5193906171,NW2,3,4,0,1,0,2,2,0,3,,,,,,,,,,,,,,,,,,,,9,lundd103,value,51,50,15,20,,,,,,,,1,,,,,,,,27,,42,11,,,,7,,3,,,,0,,,,0,,0,27,,0,0,0,0,0,0,,wellw101,seayd101,stone101,suttm101,wilsf104,pearl102,hayej104,biotc101,day-l101,day-l101,hayej104,suttm101,seayd101,pearl102,wellw101,wilsf104,biotc101,stone101,,19390617,1,PHI17,v,PH5,1,0,0,regular,y,
PH5193906171,PH5,0,1,2,4,0,0,0,0,0,,,,,,,,,,,,,,,,,,,,8,wilsj106,value,42,39,7,11,,,,,,,,3,,,,,,,,27,,51,20,,,,15,,1,,,,0,,,,0,,0,27,,0,0,0,0,0,0,,bensg101,willc106,speac103,pattp102,wilsj106,perkb101,parnr102,dunnj104,thoms105,thoms105,perkb101,wilsj106,dunnj104,pattp102,willc106,parnr102,bensg101,speac103,,19390617,1,PHI17,h,NW2,0,1,0,regular,y,
PH5193906172,NW2,0,0,0,0,0,0,2,,,,,,,,,,,,,,,,,,,,,,4,lundd103,value,27,24,2,3,,,,,,,,3,,,,,,,,18,,32,9,,,,9,,2,,,,0,,,,0,,0,18,,0,0,0,0,0,0,,wellw101,seayd101,stone101,suttm101,wilsf104,pearl102,biotc101,ruffl101,browj115,browj115,ruffl101,suttm101,seayd101,pearl102,wellw101,wilsf104,biotc101,stone101,,19390617,2,PHI17,v,PH5,0,1,0,regular,y,
PH5193906172,PH5,1,0,3,1,4,0,,,,,,,,,,,,,,,,,,,,,,,5,wilsj106,value,32,30,9,9,,,,,,,,2,,,,,,,,21,,27,3,,,,2,,3,,,,0,,,,0,,0,21,,0,0,0,0,0,0,,bensg101,willc106,parnr102,pattp102,dunnj104,perkb101,harrc104,speac103,mcheh101,mcheh101,perkb101,harrc104,dunnj104,pattp102,willc106,parnr102,bensg101,speac103,,19390617,2,PHI17,h,NW2,1,0,0,regular,y,
BLG193906181,NW2,,,,,,,,,,,,,,,,,,,,,,,,,,,,,,lundd103,value,,,8,17,2,,,,,,,,,,,,,,,27,,,9,,,,1,,,,7,,,,,,,,,27,,0,,0,,,,,,,,,,,,,,hillj104,,,,,,,,,,19390618,1,BAL10,v,BLG,1,0,0,regular,,
BLG193906181,BLG,,,,,,,,,,,,,,,,,,,,,,,,,,,,,,snowf101,value,,,1,9,,,,,,,,,,7,,,,,,27,,,17,2,,,8,,,,,,,,,,,,,27,,0,,0,,,,,,,,,,,,,,,,,,,,,,,,19390618,1,BAL10,h,NW2,0,1,0,regular,,
BLG193906182,NW2,,,,,,,,,,,,,,,,,,,,,,,,,,,,,,lundd103,value,,,2,3,,,1,2,,,,,,,,,,,,18,,,4,,,,0,0,,,,,,,,,,,,18,,0,,0,,,,,,,,,,,,,,mannm101,,,,,,,,,,19390618,2,BAL10,v,BLG,1,0,0,regular,,
BLG193906182,BLG,,,,,,,,,,,,,,,,,,,,,,,,,,,,,,snowf101,value,,,0,4,,,,,,,,,,,,,,,,18,,,3,,,1,2,,,,,,,,,,,,,18,,0,,0,,,,,,,,,,,,,,,,,,,,,,,,19390618,2,BAL10,h,NW2,0,1,0,regular,,
BLG193906190,NW2,0,0,1,0,0,0,0,1,5,,,,,,,,,,,,,,,,,,,,9,lundd103,value,43,42,7,15,3,0,0,,0,,0,1,,6,0,,,,,24,,57,22,6,1,1,17,,10,,5,0,0,0,0,,0,,,24,,2,1,0,,0,0,,wellw101,seayd101,stone101,suttm101,wilsf104,irvim101,pearl102,ruffl101,browj115,browj115,ruffl101,suttm101,seayd101,irvim101,wellw101,stone101,pearl102,wilsf104,,19390619,0,RIC05,v,BLG,0,1,0,regular,y,
BLG193906190,BLG,8,0,5,1,2,0,1,0,,,,,,,,,,,,,,,,,,,,,16,snowf101,value,57,47,17,22,6,1,1,,0,,0,10,,5,0,,,,,27,,43,15,3,0,0,7,,1,,6,0,0,0,0,,0,,0,27,,2,0,0,0,0,0,,kimbh102,hughs101,wrigb104,hoskb101,westj102,snowf101,walkh103,mackb102,glovt101,glovt101,mackb102,westj102,hughs101,walkh103,snowf101,wrigb104,kimbh102,hoskb101,,19390619,0,RIC05,h,NW2,1,0,0,regular,y,
NW2193906210,NY5,0,0,0,0,1,2,3,2,1,,,,,,,,,,,,,,,,,,,,,scalg101,value,,,9,13,,,,,,,,,,,,,,,,27,,,11,,,,8,,,,,,,,,,,,,27,,1,,0,,,,,,,,,,,,,,stann101,clarb107,,,,,,,,,19390621,0,RIC05,v,NW2,1,0,0,exhibition,,
NW2193906210,NW2,0,0,0,0,2,2,1,2,1,,,,,,,,,,,,,,,,,,,,,lundd103,value,,,8,11,,,,,,,,,,,,,,,,27,,,13,,,,9,,,,,,,,,,,,,27,,2,,0,,,,,,,,,,,,,,hillj104,hayej104,,,,,,,,,19390621,0,RIC05,h,NY5,0,1,0,exhibition,,
NW2193906220,NY5,0,0,3,0,2,0,4,1,0,,,,,,,,,,,,,,,,,,,,,scalg101,value,,,10,17,,,,,,,,,,,,,,,,27,,,9,,,,5,,,,,,,,,,,,,27,,2,,0,,,,,,,,,,,,,,willr106,clarb107,,,,,,,,,19390622,0,CHA03,v,NW2,1,0,0,exhibition,,
NW2193906220,NW2,0,0,0,1,1,0,2,0,1,,,,,,,,,,,,,,,,,,,,,lundd103,value,,,5,9,,,,2,,,,,,,,,,,,27,,,17,,,,10,,,,,,,,,,,,,27,,0,,0,,,,,,,,,,,,,,hubew101,ruffl101,,,,,,,,,19390622,0,CHA03,h,NY5,0,1,0,exhibition,,
NW2193906241,NY5,,,,,,,,,,,,,,,,,,,,,,,,,,,,,,scalg101,value,,,4,,,,,,,,,,,,,,,,,24,,,,,,,6,,,,,,,,,,,,,24,,,,,,,,,,,,,,,,,,,,,,,,,,,,19390624,1,WSL01,v,NW2,0,1,0,exhibition,,
NW2193906241,NW2,,,,,,,,,,,,,,,,,,,,,,,,,,,,,,lundd103,value,,,6,,,,,,,,,,,,,,,,,27,,,,,,,4,,,,,,,,,,,,,27,,,,,,,,,,,,,,,,,,,,,,,,,,,,19390624,1,WSL01,h,NY5,1,0,0,exhibition,,
NW2193906242,NY5,,,,,,,,,,,,,,,,,,,,,,,,,,,,,,scalg101,value,,,3,,,,,,,,,,,,,,,,,24,,,,,,,17,,,,,,,,,,,,,24,,,,,,,,,,,,,,,,,,,,,,,,,,,,19390624,2,WSL01,v,NW2,0,1,0,exhibition,,
NW2193906242,NW2,,,,,,,,,,,,,,,,,,,,,,,,,,,,,,lundd103,value,,,17,,,,,,,,,,,,,,,,,27,,,,,,,3,,,,,,,,,,,,,27,,,,,,,,,,,,,,,,,,,,,,,,,,,,19390624,2,WSL01,h,NY5,1,0,0,exhibition,,
NW2193906251,NY5,0,1,0,0,0,0,0,1,2,,,,,,,,,,,,,,,,,,,,9,scalg101,value,40,32,4,11,1,1,0,4,1,0,0,7,0,2,0,0,1,0,0,24,0,46,19,2,0,5,14,11,5,0,4,0,0,0,0,0,1,1,0,24,11,3,1,0,0,0,1,1,currg102,millf106,cannw101,wrigz102,scalg101,burgr101,clarb107,washj102,hollb106,hollb106,clarb107,washj102,cannw101,scalg101,millf106,burgr101,currg102,wrigz102,,19390625,1,NOR05,v,NW2,0,1,0,regular,y,d
NW2193906251,NW2,2,1,3,1,2,2,0,3,,,,,,,,,,,,,,,,,,,,,8,lundd103,value,46,41,14,19,2,0,5,12,0,0,0,5,0,4,1,1,1,0,0,27,0,40,11,1,1,0,4,3,7,0,2,0,0,0,1,0,0,0,1,27,13,0,1,0,1,0,0,0,wellw101,seayd101,stone101,suttm101,wilsf104,irvim101,pearl102,hayej104,hillj104,hillj104,hayej104,suttm101,seayd101,irvim101,wellw101,wilsf104,pearl102,stone101,,19390625,1,NOR05,h,NY5,1,0,0,regular,y,d
NY5193906252,NW2,0,0,0,1,2,0,0,,,,,,,,,,,,,,,,,,,,,,5,lundd103,value,29,27,3,6,0,0,1,3,0,0,0,2,0,4,0,0,0,0,2,18,3,29,5,1,0,1,3,1,7,0,2,0,0,0,0,1,0,0,0,18,8,1,1,0,0,0,0,0,wellw101,seayd101,stone101,suttm101,wilsf104,irvim101,pearl102,ruffl101,day-l101,day-l101,ruffl101,suttm101,seayd101,irvim101,wellw101,wilsf104,pearl102,stone101,,19390625,2,NOR05,v,NY5,0,0,1,regular,y,d
NY5193906252,NY5,0,1,0,0,2,0,0,,,,,,,,,,,,,,,,,,,,,,8,scalg101,value,29,21,3,5,1,0,1,2,0,1,0,7,0,2,0,0,0,0,1,21,0,29,6,0,0,1,3,3,2,0,4,0,0,0,0,0,0,0,0,21,9,3,1,0,0,0,0,0,currg102,millf106,brooa101,cannw101,washj102,campd103,wrigz102,clarb107,mcdut101,mcdut101,clarb107,washj102,campd103,cannw101,millf106,brooa101,currg102,wrigz102,,19390625,2,NOR05,h,NW2,0,0,1,regular,y,d
NW2193907010,BLG,,,,,,,3,1,0,,,,,,,,,,,,,,,,,,,,,snowf101,value,,,8,,,,,,,,,,,,,,,,,27,,,,,,2,4,,,,,,,,,,,,,27,,,,,,,,,,,,,,,,,,,,,,,,,,,,19390701,0,NWK04,v,NW2,1,0,0,regular,,
NW2193907010,NW2,0,0,0,0,0,4,0,0,0,,,,,,,,,,,,,,,,,,,,,lundd103,value,,,4,,,,2,4,,,,,,,,,,,,27,,,,,,,8,,,,,,,,,,,,,27,,,,,,,,,,,,,,,,,,,,,,,,,,,,19390701,0,NWK04,h,BLG,0,1,0,regular,,
NW2193907021,PH5,0,0,1,0,0,0,0,0,0,,,,,,,,,,,,,,,,,,,,5,dunnj104,value,33,31,1,5,2,0,0,0,0,0,0,2,0,6,0,0,0,0,0,24,0,38,12,2,0,3,8,6,2,0,5,0,0,0,2,0,0,1,0,24,19,3,0,0,0,0,0,1,pattp102,speac103,wilsj106,palmc101,bensg101,harrc104,willc106,dunnj104,ellir105,ellir105,palmc101,harrc104,pattp102,wilsj106,willc106,dunnj104,bensg101,speac103,,19390702,1,NYC16,v,NW2,0,1,0,regular,y,d
NW2193907021,NW2,2,0,4,1,0,0,0,1,,,,,,,,,,,,,,,,,,,,,6,lundd103,value,38,34,8,12,2,0,3,8,2,0,0,2,0,5,0,1,0,0,2,27,0,33,5,2,0,0,1,0,2,0,6,0,0,0,0,0,0,0,0,27,12,2,0,0,0,0,0,0,wellw101,seayd101,stone101,suttm101,irvim101,wilsf104,pearl102,hayej104,day-l101,day-l101,hayej104,suttm101,seayd101,irvim101,wellw101,wilsf104,pearl102,stone101,,19390702,1,NYC16,h,PH5,1,0,0,regular,y,d
NY5193907041,NW2,0,0,0,0,0,2,0,1,0,,,,,,,,,,,,,,,,,,,,7,lundd103,value,37,36,3,11,0,0,1,2,0,,0,1,,3,0,,,0,,27,,35,5,1,0,0,1,,4,,2,0,1,0,0,,0,,1,27,18,2,1,0,1,1,0,,wellw101,seayd101,stone101,suttm101,irvim101,wilsf104,pearl102,hayej104,hillj104,hillj104,hayej104,suttm101,seayd101,irvim101,wellw101,wilsf104,pearl102,stone101,,19390704,1,NYC23,v,NY5,1,0,0,regular,y,
NY5193907041,NY5,0,1,0,0,0,0,0,0,0,,,,,,,,,,,,,,,,,,,,7,scalg101,value,35,31,1,5,1,0,0,1,0,,0,4,,2,0,,,0,,27,,37,11,0,0,1,3,,1,,3,0,0,0,0,,0,,0,27,14,2,2,0,0,0,0,,biotc101,millf106,cannw101,wrigz102,scalg101,barkm101,washj102,clarb107,hollb106,hollb106,clarb107,washj102,cannw101,scalg101,millf106,barkm101,biotc101,wrigz102,,19390704,1,NYC23,h,NW2,0,1,0,regular,y,
NY5193907042,NW2,0,0,0,0,0,0,0,,,,,,,,,,,,,,,,,,,,,,7,lundd103,value,28,24,0,4,1,0,0,0,0,0,0,4,,3,1,,,0,,18,,35,7,1,3,0,7,,8,,2,1,1,0,3,,0,,1,18,8,2,1,0,1,1,0,,wellw101,seayd101,stone101,suttm101,irvim101,wilsf104,pearl102,ruffl101,browj115,browj115,ruffl101,suttm101,seayd101,irvim101,wellw101,wilsf104,pearl102,stone101,,19390704,2,NYC23,v,NY5,0,1,0,regular,y,
NY5193907042,NY5,0,2,1,1,3,0,,,,,,,,,,,,,,,,,,,,,,,10,scalg101,value,35,23,7,7,1,3,0,6,3,,1,8,,2,0,,,0,,21,,28,4,1,0,0,0,0,4,,3,0,0,0,0,0,1,,0,21,14,2,3,0,0,0,1,,campd103,millf106,brooa101,washj102,cannw101,currg102,wrigz102,clarb107,browj112,browj112,clarb107,washj102,campd103,cannw101,millf106,currg102,brooa101,wrigz102,,19390704,2,NYC23,h,NW2,1,0,0,regular,y,
NW2193907091,HOM,0,0,1,0,1,0,0,0,0,,,,,,,,,,,,,,,,,,,,9,harrv102,value,38,30,2,5,0,0,1,,0,,0,8,,6,0,,,0,,24,,35,9,0,0,1,6,,4,,,0,0,0,0,,0,,0,24,,0,0,0,0,0,0,,harrv102,banks101,browr103,gibsj101,leonb101,speah101,whatd101,jackj104,partr102,partr102,gibsj101,leonb101,banks101,speah101,jackj104,harrv102,browr103,whatd101,,19390709,1,NWK04,v,NW2,0,1,0,regular,y,
NW2193907091,NW2,0,0,1,0,1,0,1,3,,,,,,,,,,,,,,,,,,,,,5,lundd103,value,35,31,6,9,0,0,1,,0,,0,4,,,0,,,0,,27,,38,5,0,0,1,2,1,8,,6,0,0,0,0,,0,,0,27,,0,0,0,0,0,0,,wellw101,seayd101,stone101,suttm101,wilsf104,irvim101,pearl102,ruffl101,day-l101,day-l101,ruffl101,suttm101,seayd101,irvim101,wellw101,wilsf104,pearl102,stone101,,19390709,1,NWK04,h,HOM,1,0,0,regular,y,
NW2193907092,HOM,0,0,0,2,0,1,0,,,,,,,,,,,,,,,,,,,,,,3,harrv102,value,27,24,3,4,0,0,0,,0,,0,3,,4,0,,,0,,21,,24,5,0,0,0,1,,1,,,0,0,0,0,,0,,0,21,,0,0,0,0,0,0,,harrv102,banks101,browr103,gibsj101,leonb101,speah101,whatd101,jackj104,walke103,walke103,gibsj101,leonb101,banks101,speah101,jackj104,harrv102,browr103,whatd101,,19390709,2,NWK04,v,NW2,1,0,0,regular,y,
NW2193907092,NW2,1,0,0,0,0,0,0,,,,,,,,,,,,,,,,,,,,,,2,lundd103,value,24,23,1,5,0,0,0,,0,,0,1,,,0,,,0,,21,,27,4,0,0,0,3,,3,,4,0,0,0,0,,0,,0,21,,0,0,0,0,0,0,,wellw101,seayd101,stone101,suttm101,wilsf104,irvim101,pearl102,hayej104,cozah101,cozah101,hayej104,suttm101,seayd101,irvim101,wellw101,wilsf104,pearl102,stone101,,19390709,2,NWK04,h,HOM,0,1,0,regular,y,
NW2193907130,NY5,2,0,1,0,0,0,0,1,0,,,,,,,,,,,,,,,,,,,,10,scalg101,value,41,32,4,10,0,0,0,4,1,0,0,8,0,4,0,2,0,0,0,25,0,41,11,0,0,2,5,4,7,0,0,0,0,0,2,1,0,3,0,25,1,1,0,0,0,0,0,3,campd103,millf106,currg102,brooa101,washj102,barkm101,burgr101,clarb107,stann101,stann101,clarb107,washj102,campd103,burgr101,millf106,barkm101,currg102,brooa101,,19390713,0,NWK04,v,NW2,0,1,0,regular,y,d
NW2193907130,NW2,0,1,1,1,1,0,0,0,1,,,,,,,,,,,,,,,,,,,,11,lundd103,value,41,31,5,11,0,0,2,5,2,1,0,7,0,0,0,3,0,0,1,27,0,41,10,0,0,0,4,4,8,0,4,0,0,0,1,0,0,2,0,27,0,1,0,0,0,0,0,2,wellw101,seayd101,stone101,suttm101,pearl102,irvim101,riddv101,ruffl101,browj115,browj115,ruffl101,suttm101,seayd101,riddv101,wellw101,pearl102,irvim101,stone101,,19390713,0,NWK04,h,NY5,1,0,0,regular,y,d
NW2193907161,NY5,0,0,0,0,2,0,0,0,0,,,,,,,,,,,,,,,,,,,,9,scalg101,value,38,32,2,6,0,0,0,2,1,0,0,5,0,4,0,0,0,0,0,24,0,44,17,0,0,2,12,12,2,0,0,0,0,0,0,0,0,0,0,24,0,2,0,0,0,0,0,0,currg102,millf106,cannw101,washj102,wrigz102,campd103,barkm101,clarb107,hollb106,hollb106,clarb107,washj102,campd103,cannw101,millf106,barkm101,currg102,wrigz102,,19390716,1,NWK04,v,NW2,0,1,0,regular,y,d
NW2193907161,NW2,3,0,1,2,0,4,0,2,,,,,,,,,,,,,,,,,,,,,8,lundd103,value,44,42,12,17,0,0,2,12,0,0,0,2,0,0,0,0,0,0,1,27,0,38,6,0,0,0,2,2,5,0,4,0,0,0,1,0,0,0,0,27,0,0,0,0,0,0,0,0,wellw101,seayd101,stone101,suttm101,wilsf104,irvim101,hayej104,riddv101,day-l101,day-l101,hayej104,suttm101,seayd101,riddv101,wellw101,wilsf104,irvim101,stone101,,19390716,1,NWK04,h,NY5,1,0,0,regular,y,d
NW2193907162,NY5,3,0,1,0,0,0,1,,,,,,,,,,,,,,,,,,,,,,6,scalg101,value,32,22,5,4,0,0,0,5,2,0,0,8,0,0,0,0,1,0,0,21,0,27,6,1,0,0,3,2,0,0,0,0,0,0,0,0,0,0,0,21,0,1,0,0,0,0,0,0,currg102,barkm101,washj102,cannw101,brooa101,millf106,campd103,clarb107,mcdut101,mcdut101,clarb107,washj102,cannw101,barkm101,millf106,brooa101,currg102,campd103,,19390716,2,NWK04,v,NW2,1,0,0,regular,y,d
NW2193907162,NW2,0,1,0,1,0,1,0,,,,,,,,,,,,,,,,,,,,,,3,lundd103,value,27,27,3,6,1,0,0,3,0,0,0,0,0,0,0,0,0,0,0,21,0,32,4,0,0,0,5,5,8,0,0,0,0,0,2,0,0,0,0,21,2,0,1,0,0,0,0,0,wellw101,seayd101,stone101,suttm101,pearl102,irvim101,mackb102,riddv101,cozah101,cozah101,mackb102,suttm101,seayd101,riddv101,wellw101,pearl102,irvim101,stone101,,19390716,2,NWK04,h,NY5,0,1,0,regular,y,d
BLG193907220,NW2,4,0,2,0,0,0,2,0,0,,,,,,,,,,,,,,,,,,,,1,lundd103,value,36,31,8,10,2,0,1,,2,,0,3,,,2,,,0,,27,,36,15,3,0,2,5,,3,,,0,0,0,0,,0,,0,27,10,1,0,0,0,0,0,,wellw101,seayd101,stone101,suttm101,pearl102,irvim101,mackb102,riddv101,wilsf104,wilsf104,mackb102,suttm101,seayd101,riddv101,wellw101,pearl102,irvim101,stone101,,19390722,0,WIL08,v,BLG,1,0,0,regular,y,
BLG193907220,BLG,1,0,1,0,3,0,0,0,0,,,,,,,,,,,,,,,,,,,,4,snowf101,value,36,33,5,15,3,0,2,,0,,0,3,,,0,,,0,,27,,36,10,2,0,1,8,,3,,,0,0,0,2,,2,,0,27,11,1,0,0,0,0,2,,kimbh102,hughs101,moorr104,wrigb104,snowf101,hoskb101,buttt102,boono101,glovt101,glovt101,boono101,moorr104,hughs101,snowf101,buttt102,hoskb101,kimbh102,wrigb104,,19390722,0,WIL08,h,NW2,0,1,0,regular,y,
BLG193907231,NW2,0,1,0,1,0,1,0,0,1,,,,,,,,,,,,,,,,,,,,9,lundd103,value,40,35,4,9,1,2,0,4,1,1,0,3,0,2,1,0,0,0,2,27,0,37,7,0,0,0,2,2,1,0,10,1,0,0,0,0,0,0,0,27,11,0,0,0,0,0,0,0,wellw101,seayd101,stone101,suttm101,irvim101,wilsf104,pearl102,mackb102,day-l101,day-l101,mackb102,suttm101,seayd101,irvim101,wellw101,wilsf104,pearl102,stone101,,19390723,1,WAS09,v,BLG,1,0,0,regular,y,d
BLG193907231,BLG,0,0,0,0,0,0,0,0,2,,,,,,,,,,,,,,,,,,,,8,snowf101,value,37,35,2,7,0,0,0,2,0,0,1,1,0,10,0,0,0,0,1,27,0,40,9,1,2,0,4,3,3,0,2,0,0,0,1,1,1,0,1,27,11,1,0,0,1,0,1,0,kimbh102,hughs101,moorr104,wrigb104,hoskb101,snowf101,buttt102,campr102,gainj102,gainj102,campr102,moorr104,hughs101,snowf101,buttt102,hoskb101,kimbh102,wrigb104,,19390723,1,WAS09,h,NW2,0,1,0,regular,y,d
BLG193907232,NW2,1,0,0,0,0,0,,,,,,,,,,,,,,,,,,,,,,,7,lundd103,value,26,21,1,4,0,0,0,1,2,0,1,2,0,1,2,0,0,0,2,15,0,31,8,2,0,0,4,4,6,0,4,1,0,0,0,1,0,0,0,15,5,1,0,0,0,0,0,0,wellw101,seayd101,stone101,suttm101,irvim101,wilsf104,pearl102,hayej104,mannm101,mannm101,hayej104,suttm101,seayd101,irvim101,wellw101,wilsf104,pearl102,stone101,,19390723,2,WAS09,v,BLG,0,1,0,regular,y,d
BLG193907232,BLG,0,0,1,2,1,,,,,,,,,,,,,,,,,,,,,,,,12,snowf101,value,31,23,4,8,2,0,0,3,0,1,1,6,0,4,0,0,0,0,1,18,0,26,4,0,0,0,1,1,2,0,1,1,2,0,2,0,2,0,0,18,6,2,0,0,0,2,2,0,kimbh102,hughs101,moorr104,wrigb104,hoskb101,snowf101,rivec101,campr102,hubew101,hubew101,campr102,moorr104,hughs101,rivec101,snowf101,hoskb101,kimbh102,wrigb104,,19390723,2,WAS09,h,NW2,1,0,0,regular,y,d
NW2193907240,BLG,1,0,2,0,0,0,0,,,,,,,,,,,,,,,,,,,,,,,snowf101,value,,,3,6,,,,,,,,,,,,,,,,18,,,13,,,,12,,,,,,,,,,,,,18,,2,,0,,,,,,,,,,,,,,kimbh102,boono101,,,,,,,,,19390724,0,WIL08,v,NW2,0,1,0,exhibition,,
NW2193907240,NW2,6,6,0,0,0,0,,,,,,,,,,,,,,,,,,,,,,,,lundd103,value,,,12,13,,,,,,,,,,,,,,,,21,,,6,,,,3,,,,,,,,,,,,,21,,1,,0,,,,,,,,,,,,,,evanf101,mackb102,,,,,,,,,19390724,0,WIL08,h,BLG,1,0,0,exhibition,,
BLG193907250,NW2,1,,,,,,,2,0,,,,,,,,,,,,,,,,,,,,,lundd103,value,,,8,15,1,1,1,,,,,,,,,,,,,27,,,12,,,,5,,,,,,,,,,,,,27,,,,,,,,,,,,,,,,,,cozah101,,,,,,,,,,19390725,0,EAS01,v,BLG,1,0,0,exhibition,,
BLG193907250,BLG,,,,,,,,,,,,,,,,,,,,,,,,,,,,,,snowf101,value,,,5,12,,,,,,,,,,,,,,,,27,,,15,1,1,1,8,,,,,,,,,,,,,27,,,,,,,,,,,,,,,,,,,,,,,,,,,,19390725,0,EAS01,h,NW2,0,1,0,exhibition,,
BLG193907260,NW2,,,,,,,,,,,,,,,,,,,,,,,,,,,,,,lundd103,value,,,6,12,,,,,,,,,,,,,,,,24,,,16,,,,9,,,,,,,,,,,,,24,,,,,,,,,,,,,,,,,,,,,,,,,,,,19390726,0,SBY01,v,BLG,0,1,0,exhibition,,
BLG193907260,BLG,,,,,,,,5,,,,,,,,,,,,,,,,,,,,,,snowf101,value,,,9,16,,,,,,,,,,,,,,,,27,,,12,,,,6,,,,,,,,,,,,,27,,,,,,,,,,,,,,,,,,,,,,,,,,,,19390726,0,SBY01,h,NW2,1,0,0,exhibition,,
HOM193908010,NW2,,,,,,,,,,,,,,,,,,,,,,,,,,,,,,lundd103,value,,,10,3,1,1,1,,,,,,,,,,,,,27,,,10,,,,3,,,,,,,,,,,,,27,,0,,0,,,,,,,,,,,,,,cozah101,,,,,,,,,,19390801,0,BUF06,v,HOM,1,0,0,regular,,
HOM193908010,HOM,,,,,,,,,,,,,,,,,,,,,,,,,,,,,,harrv102,value,,,3,10,,,,,,,,,,,,,,,,27,,,3,1,1,1,10,,,,,,,,,,,,,27,,0,,0,,,,,,,,,,,,,,,,,,,,,,,,19390801,0,BUF06,h,NW2,0,1,0,regular,,
HOM193908020,NW2,3,0,0,0,0,0,0,0,,,,,,,,,,,,,,,,,,,,,6,lundd103,value,33,28,3,4,0,1,0,,0,,0,5,,7,0,,,0,,21,,34,10,2,1,0,4,,3,0,3,0,0,0,0,,0,,0,21,5,0,0,0,0,0,0,,wellw101,seayd101,stone101,suttm101,irvim101,wilsf104,pearl102,mackb102,mannm101,mannm101,mackb102,suttm101,seayd101,irvim101,wellw101,wilsf104,pearl102,stone101,,19390802,0,PIT06,v,HOM,0,1,0,regular,y,
HOM193908020,HOM,0,0,2,1,1,0,0,,,,,,,,,,,,,,,,,,,,,,9,harrv102,value,34,31,4,10,2,1,0,,0,,0,3,0,3,0,,,0,,24,,33,4,0,1,0,3,,5,,7,0,0,0,0,,0,0,0,24,6,0,0,0,0,0,0,0,whatd101,banks101,leonb101,gibsj101,harrv102,speah101,davic106,jackj104,partr102,partr102,gibsj101,leonb101,banks101,speah101,jackj104,harrv102,davic106,whatd101,,19390802,0,PIT06,h,NW2,1,0,0,regular,y,
HOM193908030,NW2,0,0,0,1,6,0,2,0,0,,,,,,,,,,,,,,,,,,,,6,lundd103,value,42,38,9,11,1,0,1,9,0,1,0,3,0,6,0,0,1,0,2,24,0,44,15,4,0,2,12,6,4,0,2,0,1,0,0,0,0,0,1,24,14,2,0,0,1,1,0,0,riddv101,seayd101,stone101,wilsf104,wellw101,irvim101,pearl102,hayej104,evanf101,evanf101,hayej104,pearl102,seayd101,riddv101,wellw101,wilsf104,irvim101,stone101,,19390803,0,ALT02,v,HOM,0,1,0,regular,y,d
HOM193908030,HOM,2,4,0,1,0,0,0,5,,,,,,,,,,,,,,,,,,,,,8,harrv102,value,44,40,12,15,4,0,2,11,0,0,0,4,0,2,0,0,0,0,1,27,0,42,11,1,0,1,9,9,3,0,6,0,0,0,0,1,0,0,0,27,12,2,1,0,0,0,0,0,whatd101,banks101,leonb101,gibsj101,harrv102,speah101,davic106,jackj104,browr103,browr103,gibsj101,leonb101,banks101,speah101,jackj104,harrv102,davic106,whatd101,,19390803,0,ALT02,h,NW2,1,0,0,regular,y,d
HOM193908040,NW2,3,0,4,0,0,0,0,0,0,,,,,,,,,,,,,,,,,,,,,lundd103,value,,,7,11,,,,,,,,,,,,,,,,24,,,12,,,1,8,,,,,,,,,,,,,24,,1,,0,,,,,,,,,,,,,,alext101,hayej104,,,,,,,,,19390804,0,CAN03,v,HOM,0,1,0,regular,,
HOM193908040,HOM,1,0,2,3,0,1,0,0,1,,,,,,,,,,,,,,,,,,,,,harrv102,value,,,8,12,,,1,,,,,,,,,,,,,27,,,11,,,,7,,,,,,,,,,,,,27,,0,,0,,,,,,,,,,,,,,robes104,gibsj101,,,,,,,,,19390804,0,CAN03,h,NW2,1,0,0,regular,,
NW2193908050,HOM,2,0,1,1,0,0,4,0,1,0,,,,,,,,,,,,,,,,,,,,harrv102,value,,,9,13,,,,,,,,,,,,,,,,27,,,15,1,,,11,,,,,,,,,,,,,27,,3,,0,,,,,,,,,,,,,,walke103,browj116,,,,,,,,,19390805,0,COL05,v,NW2,0,1,0,regular,,
NW2193908050,NW2,0,1,1,0,1,0,5,1,0,2,,,,,,,,,,,,,,,,,,,,lundd103,value,,,11,15,1,,,,,,,,,,,,,,,30,,,13,,,,9,,,,,,,,,,,,,30,,4,,0,,,,,,,,,,,,,,cozah101,hayej104,,,,,,,,,19390805,0,COL05,h,HOM,1,0,0,regular,,
HOM193908061,NW2,2,0,0,1,0,1,1,0,1,,,,,,,,,,,,,,,,,,,,9,lundd103,value,42,37,6,10,2,0,0,,0,,0,5,,4,0,,,0,1,24,,40,14,2,0,1,9,,1,,3,1,0,0,0,,0,,0,24,11,0,0,0,0,0,0,,irvim101,seayd101,stone101,wilsf104,pearl102,mackb102,hayej104,cozah101,mannm101,mannm101,hayej104,pearl102,stone101,mackb102,seayd101,wilsf104,irvim101,cozah101,,19390806,1,IND10,v,HOM,0,1,0,exhibition,y,
HOM193908061,HOM,2,1,2,2,0,1,0,1,,,,,,,,,,,,,,,,,,,,,7,harrv102,value,40,38,9,14,2,0,1,,0,,1,1,,3,0,,,0,0,27,,42,10,2,0,0,6,,5,,4,0,0,0,0,,0,,0,27,13,0,0,0,0,0,0,,whatd101,banks101,harrv102,parkt101,speah101,davic106,gastr101,jackj104,ferrw102,ferrw102,gastr101,harrv102,banks101,speah101,jackj104,parkt101,davic106,whatd101,,19390806,1,IND10,h,NW2,1,0,0,exhibition,y,
HOM193908062,NW2,0,1,0,0,1,2,5,,,,,,,,,,,,,,,,,,,,,,,lundd103,value,,,9,9,,,,,,,,,,,,,,,,21,,,8,,,,5,,,,,,,,,,,,,21,,5,,0,,,,,,,,,,,,,,evanf101,hayej104,,,,,,,,,19390806,2,IND10,v,HOM,1,0,0,exhibition,,
HOM193908062,HOM,1,1,1,0,1,1,0,,,,,,,,,,,,,,,,,,,,,,,harrv102,value,,,5,8,,,,,,,,,,,,,,,,21,,,9,,,,9,,,,,,,,,,,,,21,,4,,0,,,,,,,,,,,,,,browr103,gastr101,,,,,,,,,19390806,2,IND10,h,NW2,0,1,0,exhibition,,
NW2193908100,HOM,0,0,0,0,0,1,0,0,1,,,,,,,,,,,,,,,,,,,,6,harrv102,value,35,31,2,7,0,0,0,,2,,0,2,,7,0,,,0,,24,,36,9,0,0,1,7,,3,0,,0,0,0,0,,0,,0,24,,1,0,0,0,0,0,,whatd101,banks101,leonb101,gibsj101,harrv102,speah101,davic106,jackj104,parkt101,parkt101,gibsj101,leonb101,banks101,speah101,jackj104,harrv102,davic106,whatd101,,19390810,0,NWK04,v,NW2,0,1,0,regular,y,
NW2193908100,NW2,3,0,1,3,0,0,0,0,,,,,,,,,,,,,,,,,,,,,5,lundd103,value,36,33,7,9,0,0,1,,0,,0,3,0,,0,,,0,,27,,35,7,0,0,0,2,,2,,7,0,0,0,2,,0,,0,27,,1,0,0,0,0,0,,irvim101,seayd101,wellw101,stone101,suttm101,wilsf104,pearl102,hayej104,day-l101,day-l101,hayej104,suttm101,seayd101,stone101,wellw101,pearl102,irvim101,wilsf104,,19390810,0,NWK04,h,HOM,1,0,0,regular,y,
PH5193908121,NW2,0,2,2,0,1,0,0,0,0,0,0,0,0,0,0,,,,,,,,,,,,,,8,lundd103,value,58,53,5,13,2,0,2,3,2,,0,3,0,,0,,,0,,42,,57,12,4,0,0,6,,3,0,,0,0,0,2,,0,,0,42,,,0,0,0,0,0,,irvim101,seayd101,wellw101,stone101,suttm101,pearl102,mackb102,riddv101,evanb105,evanb105,mackb102,suttm101,seayd101,riddv101,wellw101,pearl102,irvim101,stone101,,19390812,1,PHI17,v,PH5,0,1,0,regular,y,
PH5193908121,PH5,3,0,0,0,1,1,0,0,0,0,0,0,0,0,1,,,,,,,,,,,,,,9,dunnj104,value,57,52,6,12,4,0,0,5,2,,0,3,0,,0,,,0,,45,,58,13,2,0,2,5,,3,0,,0,0,0,2,,0,,0,45,,0,0,0,0,0,0,,parnr102,willc106,pattp102,wilsj106,westj102,bensg101,dunnj104,ruffl101,millh104,millh104,ruffl101,westj102,pattp102,wilsj106,willc106,parnr102,bensg101,dunnj104,,19390812,1,PHI17,h,NW2,1,0,0,regular,y,
PH5193908122,NW2,0,0,0,4,2,,,,,,,,,,,,,,,,,,,,,,,,4,lundd103,value,25,24,6,9,0,0,1,6,0,,0,1,0,,0,,,0,,13,,25,8,1,0,0,7,,5,0,,0,0,0,0,,0,,0,13,,0,0,0,0,0,0,,day-l101,seayd101,wellw101,stone101,suttm101,pearl102,hayej104,irvim101,mannm101,mannm101,hayej104,suttm101,seayd101,stone101,wellw101,pearl102,irvim101,suttm101,,19390812,2,PHI17,v,PH5,0,1,0,regular,y,
PH5193908122,PH5,1,0,4,0,2,,,,,,,,,,,,,,,,,,,,,,,,5,dunnj104,value,25,20,7,8,1,0,0,5,0,,0,5,0,,0,,,0,,15,,25,9,0,0,1,6,,1,0,,0,0,0,0,,0,,0,15,,0,0,0,0,0,0,,parnr102,willc106,pattp102,bensg101,westj102,harrc104,dunnj104,coopb101,mcdow101,mcdow101,coopb101,westj102,harrc104,pattp102,willc106,parnr102,bensg101,dunnj104,,19390812,2,PHI17,h,NW2,1,0,0,regular,y,
NW2193908131,PH5,0,2,0,0,2,0,0,3,4,,,,,,,,,,,,,,,,,,,,3,dunnj104,value,41,40,11,11,0,0,2,,0,,0,1,,,0,,,0,,27,,40,11,1,0,0,2,2,4,,,0,0,0,0,,0,,0,27,,0,0,0,0,0,0,,parnr102,willc106,pattp102,coopb101,westj102,harrc104,dunnj104,ruffl101,mcheh101,mcheh101,ruffl101,westj102,harrc104,pattp102,willc106,coopb101,parnr102,dunnj104,,19390813,1,NWK04,v,NW2,1,0,0,regular,y,
NW2193908131,NW2,0,0,0,1,0,0,1,0,0,,,,,,,,,,,,,,,,,,,,11,lundd103,value,40,36,2,11,1,0,0,,0,,0,4,,,0,,,0,,27,,41,11,0,0,2,11,,1,,,0,0,0,0,,0,,0,27,,4,0,0,0,0,0,,echoj102,seayd101,wellw101,stone101,suttm101,pearl102,mackb102,hayej104,day-l101,day-l101,hayej104,mackb102,seayd101,stone101,wellw101,pearl102,echoj102,suttm101,,19390813,1,NWK04,h,PH5,0,1,0,regular,y,
NW2193908132,PH5,0,0,1,0,0,0,0,3,3,,,,,,,,,,,,,,,,,,,,5,dunnj104,value,39,35,7,7,0,0,0,,0,,0,4,0,,0,,,0,,27,,37,9,0,0,0,2,,3,,,0,0,0,0,,0,,0,27,,0,0,0,0,0,0,,parnr102,willc106,pattp102,coopb101,westj102,harrc104,dunnj104,ruffl101,welmr101,welmr101,ruffl101,westj102,harrc104,pattp102,willc106,coopb101,parnr102,dunnj104,,19390813,2,NWK04,v,NW2,1,0,0,regular,y,
NW2193908132,NW2,0,0,0,1,0,1,0,0,0,,,,,,,,,,,,,,,,,,,,8,lundd103,value,37,34,2,9,0,0,0,,0,,0,3,,,0,,,0,,27,,39,7,0,0,0,7,,4,0,,0,0,0,0,,0,,0,27,,0,0,0,0,0,0,,echoj102,seayd101,wellw101,stone101,suttm101,pearl102,mackb102,hayej104,cozah101,cozah101,hayej104,mackb102,seayd101,stone101,wellw101,pearl102,echoj102,suttm101,,19390813,2,NWK04,h,PH5,0,1,0,regular,y,
NW2193908170,NY6,2,0,0,0,0,0,0,0,0,,,,,,,,,,,,,,,,,,,,5,fernj101,value,34,30,2,6,0,0,0,,0,,0,4,,,0,,,0,,24,,42,15,1,0,1,12,,3,0,,0,0,0,0,,0,,0,24,,0,0,0,0,0,0,,rodra102,pagep102,vargj101,herer101,aranp101,carae101,lopec102,casem101,martf104,martf104,casem101,pagep102,herer101,aranp101,rodra102,vargj101,lopec102,carae101,,19390817,0,NWK04,v,NW2,0,1,0,regular,y,
NW2193908170,NW2,1,4,0,1,0,0,1,5,,,,,,,,,,,,,,,,,,,,,6,lundd103,value,42,39,12,15,1,0,1,,0,,0,3,0,,0,,,0,,27,,34,6,0,0,0,2,,4,,,0,0,0,0,,0,,0,27,,0,0,0,0,0,0,,echoj102,seayd101,wellw101,stone101,suttm101,wilsf104,pearl102,mackb102,cozah101,cozah101,mackb102,suttm101,seayd101,wilsf104,wellw101,pearl102,echoj102,stone101,,19390817,0,NWK04,h,NY6,1,0,0,regular,y,
NW2193908201,NY6,0,0,0,0,0,0,0,0,0,,,,,,,,,,,,,,,,,,,,8,fernj101,value,35,31,0,8,0,0,0,0,1,0,0,3,0,3,0,0,3,0,0,24,0,39,10,2,0,0,9,7,7,0,0,0,0,0,0,2,0,0,0,24,6,3,3,0,0,0,0,0,valdf101,pagep102,vargj101,herer101,aranp101,carae101,lopec102,casem101,torra102,torra102,casem101,pagep102,herer101,aranp101,valdf101,vargj101,lopec102,carae101,,19390820,1,NWK04,v,NW2,0,1,0,regular,y,d
NW2193908201,NW2,0,0,3,0,4,0,0,2,,,,,,,,,,,,,,,,,,,,,6,lundd103,value,39,30,9,10,2,0,0,8,0,2,0,7,0,0,0,0,3,0,1,27,0,35,8,0,0,0,0,0,3,0,3,0,0,0,1,0,0,0,0,27,6,1,3,0,0,0,0,0,echoj102,seayd101,wellw101,stone101,suttm101,wilsf104,pearl102,hayej104,day-l101,day-l101,hayej104,suttm101,seayd101,stone101,wellw101,pearl102,echoj102,wilsf104,,19390820,1,NWK04,h,NY6,1,0,0,regular,y,d
NW2193908202,NY6,0,0,0,0,0,0,0,0,0,,,,,,,,,,,,,,,,,,,,3,fernj101,value,30,29,0,2,0,0,0,0,0,0,0,1,0,0,0,0,0,0,0,24,0,31,7,0,0,0,2,2,1,0,0,1,0,0,1,0,1,1,0,24,5,2,2,0,0,0,1,1,valdf101,pagep102,vargj101,herer101,aranp101,carae101,lopec102,fernj101,tianl102,tianl102,fernj101,pagep102,herer101,aranp101,valdf101,vargj101,lopec102,carae101,,19390820,2,NWK04,v,NW2,0,1,0,regular,y,d
NW2193908202,NW2,0,0,0,0,0,0,0,2,,,,,,,,,,,,,,,,,,,,,5,lundd103,value,31,28,2,7,0,0,0,2,1,0,1,1,0,0,1,1,2,0,2,27,0,30,2,0,0,0,0,0,1,0,0,0,0,0,0,0,0,0,0,27,0,2,0,0,0,0,0,0,irvim101,seayd101,wellw101,stone101,suttm101,wilsf104,pearl102,mackb102,mannm101,mannm101,mackb102,suttm101,seayd101,stone101,wellw101,pearl102,irvim101,wilsf104,,19390820,2,NWK04,h,NY6,1,0,0,regular,y,d
NY5193908271,NW2,0,0,0,1,0,0,0,0,0,,,,,,,,,,,,,,,,,,,,6,lundd103,value,34,31,1,7,1,1,0,1,1,0,0,2,0,3,1,0,0,0,0,24,0,33,7,0,1,0,2,2,1,0,3,0,0,0,2,0,0,0,0,24,10,1,0,0,0,0,0,0,echoj102,seayd101,wilsf104,suttm101,irvim101,pearl102,mackb102,hayej104,mannm101,mannm101,hayej104,mackb102,pearl102,irvim101,seayd101,suttm101,echoj102,wilsf104,,19390827,1,WAS09,v,NY5,0,1,0,exhibition,y,d
NY5193908271,NY5,0,0,0,0,0,2,0,0,,,,,,,,,,,,,,,,,,,,,7,scalg101,value,33,30,2,7,0,1,0,2,2,0,0,1,0,3,0,0,0,0,1,27,0,34,7,1,1,0,1,1,2,0,3,0,0,0,1,0,1,0,0,27,10,0,0,0,0,0,1,0,campd103,wrigz102,washj102,barkm101,millf106,burgr101,biotc101,wilsa104,willr106,willr106,wilsa104,washj102,campd103,barkm101,millf106,burgr101,biotc101,wrigz102,,19390827,1,WAS09,h,NW2,1,0,0,exhibition,y,d
NW2193908290,HOM,1,0,0,0,0,0,0,0,5,,,,,,,,,,,,,,,,,,,,,harrv102,value,,,6,9,,,1,,,,,,,,,,,,,24,,,12,2,,2,12,,,,,,,,,,,,,24,,3,,0,,,,,,,,,,,,,,browr103,gibsj101,,,,,,,,,19390829,0,WIL07,v,NW2,0,1,0,exhibition,,
NW2193908290,NW2,0,8,0,4,0,0,0,0,,,,,,,,,,,,,,,,,,,,,,lundd103,value,,,12,12,2,,2,,,,,,,,,,,,,27,,,9,,,1,6,,,,,,,,,,,,,27,,3,,0,,,,,,,,,,,,,,cozah101,mackb102,,,,,,,,,19390829,0,WIL07,h,HOM,1,0,0,exhibition,,
NW2193909010,HOM,,,,,,,,,,,,,,,,,,,,,,,,,,,,,,harrv102,value,,,8,,,,,,,,,,,,,,,,,24,,,,,,,9,,,,,,,,,,,,,24,,0,,0,,,,,,,,,,,,,,,,,,,,,,,,19390901,0,RIC05,v,NW2,0,1,0,exhibition,,
NW2193909010,NW2,,,,,,,,,6,,,,,,,,,,,,,,,,,,,,,lundd103,value,,,9,,,,,,,,,,,,,,,,,27,,,,,,,8,,,,,,,,,,,,,27,,0,,0,,,,,,,,,,,,,,evanf101,,,,,,,,,,19390901,0,RIC05,h,HOM,1,0,0,exhibition,,
NW2193909032,HOM,0,0,1,3,0,0,1,0,2,,,,,,,,,,,,,,,,,,,,3,harrv102,value,37,36,7,10,0,0,4,7,0,0,0,1,0,0,0,0,1,0,0,27,0,42,9,0,0,1,4,4,8,0,1,0,0,0,0,0,0,0,0,27,0,0,0,0,0,0,0,0,whatd101,harrv102,banks101,gibsj101,leonb101,speah101,davic106,jackj104,walke103,walke103,gibsj101,leonb101,banks101,speah101,jackj104,harrv102,whatd101,davic106,,19390903,2,NWK04,v,NW2,1,0,0,regular,y,d
NW2193909032,NW2,0,1,0,0,0,0,2,0,1,,,,,,,,,,,,,,,,,,,,11,lundd103,value,42,34,4,9,0,0,1,4,0,0,0,8,0,1,0,0,0,0,0,27,0,37,10,0,0,4,7,7,1,0,0,0,0,0,0,0,0,0,0,27,2,1,1,0,0,0,0,0,irvim101,seayd101,wellw101,stone101,suttm101,pearl102,mackb102,wilsf104,day-l101,day-l101,mackb102,suttm101,seayd101,pearl102,wellw101,wilsf104,irvim101,stone101,,19390903,2,NWK04,h,HOM,0,1,0,regular,y,d
PH5193909041,NW2,,,,,,,,,,,,,,,,,,,,,,,,,,,,,,lundd103,value,,,5,,,,,,,,,,,,,,,,,24,,,,,,,15,,,,,,,,,,,,,24,,,,,,,,,,,,,,,,,,,,,,,,,,,,19390904,1,PHI17,v,PH5,0,1,0,regular,,
PH5193909041,PH5,,,,,,,,,,,,,,,,,,,,,,,,,,,,,,dunnj104,value,,,15,,,,,,,,,,,,,,,,,27,,,,,,,5,,,,,,,,,,,,,27,,,,,,,,,,,,,,,,,,,,,,,,,,,,19390904,1,PHI17,h,NW2,1,0,0,regular,,
PH5193909042,NW2,,,,,,,,,,,,,,,,,,,,,,,,,,,,,,lundd103,value,,,7,,,,,,,,,,,,,,,,,18,,,,,,,8,,,,,,,,,,,,,18,,,,,,,,,,,,,,,,,,,,,,,,,,,,19390904,2,PHI17,v,PH5,0,1,0,regular,,
PH5193909042,PH5,,,,,,,,,,,,,,,,,,,,,,,,,,,,,,dunnj104,value,,,8,,,,,,,,,,,,,,,,,21,,,,,,,7,,,,,,,,,,,,,21,,,,,,,,,,,,,,,,,,,,,,,,,,,,19390904,2,PHI17,h,NW2,1,0,0,regular,,
NW2193909060,BLG,0,0,1,4,0,0,1,0,0,,,,,,,,,,,,,,,,,,,,8,snowf101,value,41,37,6,11,0,0,0,6,1,0,0,3,0,0,0,1,0,0,1,24,0,39,11,2,0,3,8,8,4,0,0,0,0,0,1,0,0,0,0,24,0,3,0,0,0,0,0,0,kimbh102,hughs101,moorr104,wrigb104,snowf101,hoskb101,buttt102,campr102,adame101,adame101,campr102,moorr104,hughs101,snowf101,buttt102,hoskb101,kimbh102,wrigb104,,19390906,0,NWK04,v,NW2,0,1,0,divisionseries,y,d
NW2193909060,NW2,0,0,0,2,4,2,0,0,,,,,,,,,,,,,,,,,,,,,7,lundd103,value,39,34,8,11,2,0,3,8,1,0,0,4,0,0,0,0,0,0,0,27,0,41,11,0,0,0,6,4,3,0,0,0,0,0,1,0,0,1,0,27,0,2,0,0,0,0,0,1,echoj102,seayd101,wellw101,stone101,wilsf104,suttm101,irvim101,mackb102,evanf101,evanf101,mackb102,suttm101,seayd101,irvim101,wellw101,wilsf104,echoj102,stone101,,19390906,0,NWK04,h,BLG,1,0,0,divisionseries,y,d
NW2193909090,BLG,2,1,1,1,0,4,0,2,0,,,,,,,,,,,,,,,,,,,,8,snowf101,value,46,38,11,12,5,0,1,10,2,0,1,5,1,1,0,0,0,0,2,27,0,37,7,0,0,1,3,3,5,0,6,0,0,0,0,0,0,2,0,27,0,0,0,0,0,0,0,2,kimbh102,hughs101,moorr104,wrigb104,snowf101,hoskb101,buttt102,campr102,gainj102,gainj102,campr102,moorr104,hughs101,snowf101,buttt102,hoskb101,kimbh102,wrigb104,,19390909,0,PHI17,v,NW2,1,0,0,divisionseries,y,d
NW2193909090,NW2,0,0,0,0,0,0,0,2,1,,,,,,,,,,,,,,,,,,,,7,lundd103,value,37,32,3,7,0,0,1,3,0,0,0,5,0,6,0,2,0,0,0,27,0,46,12,5,0,1,11,6,5,1,1,1,0,0,2,0,0,0,0,27,0,5,0,0,0,0,0,0,irvim101,seayd101,wellw101,stone101,suttm101,pearl102,wilsf104,mackb102,day-l101,day-l101,mackb102,suttm101,seayd101,irvim101,wellw101,pearl102,stone101,wilsf104,,19390909,0,PHI17,h,BLG,0,1,0,divisionseries,y,d
BLG193909101,NW2,0,0,0,0,1,2,0,0,0,,,,,,,,,,,,,,,,,,,,10,lundd103,value,40,40,3,13,3,0,1,3,0,0,0,0,0,6,1,0,0,0,0,24,0,37,10,2,0,1,7,7,4,0,4,0,0,0,0,1,1,0,0,24,0,2,0,0,0,0,1,0,echoj102,seayd101,wellw101,stone101,wilsf104,suttm101,irvim101,mackb102,cozah101,cozah101,mackb102,suttm101,seayd101,irvim101,wellw101,wilsf104,echoj102,stone101,,19390910,1,BAL10,v,BLG,0,1,0,divisionseries,y,d
BLG193909101,BLG,0,0,2,2,0,2,0,1,,,,,,,,,,,,,,,,,,,,,6,snowf101,value,37,32,7,10,2,0,1,7,0,1,0,4,0,4,1,0,0,0,0,27,0,40,13,3,0,1,3,3,0,0,6,0,0,0,0,0,1,0,0,27,0,1,0,0,0,0,1,0,kimbh102,hughs101,moorr104,wrigb104,snowf101,hoskb101,buttt102,campr102,byrdb101,byrdb101,campr102,moorr104,hughs101,snowf101,buttt102,hoskb101,kimbh102,wrigb104,,19390910,1,BAL10,h,NW2,1,0,0,divisionseries,y,d
BLG193909102,NW2,1,0,0,0,1,0,,,,,,,,,,,,,,,,,,,,,,,5,lundd103,value,25,19,2,2,0,0,1,1,1,0,1,4,0,3,1,1,0,0,1,15,0,27,11,1,0,0,5,5,1,0,2,0,0,0,1,0,1,0,0,15,0,0,0,0,0,0,1,0,wellw101,echoj102,stone101,wilsf104,suttm101,seayd101,irvim101,hayej104,mannm101,mannm101,hayej104,suttm101,seayd101,irvim101,wellw101,wilsf104,echoj102,stone101,,19390910,2,BAL10,v,BLG,0,1,0,divisionseries,y,d
BLG193909102,BLG,2,0,0,1,2,,,,,,,,,,,,,,,,,,,,,,,,7,snowf101,value,27,25,5,11,1,0,0,5,1,0,0,1,0,2,1,0,0,0,0,18,0,25,2,0,0,1,2,1,4,0,3,1,0,0,1,0,1,1,0,18,0,2,0,0,0,0,1,1,kimbh102,hughs101,moorr104,wrigb104,snowf101,hoskb101,buttt102,campr102,hubew101,hubew101,campr102,moorr104,hughs101,snowf101,buttt102,hoskb101,kimbh102,wrigb104,,19390910,2,BAL10,h,NW2,1,0,0,divisionseries,y,d
