gid,id,team,d_seq,d_pos,stattype,d_ifouts,d_po,d_a,d_e,d_dp,d_tp,d_pb,d_wp,d_sb,d_cs,d_gs,date,number,site,vishome,opp,win,loss,tie,gametype,box,pbp,eject
HOM194405250,hartg104,PH5,1,5,value,6,0,0,0,0,0,,,,,0,19440525,0,WAS09,v,HOM,0,1,0,regular,y,d,
NY6194405282,hartg104,PH5,1,5,value,6,0,0,0,0,0,,,,,0,19440528,2,NYC16,v,NY6,0,1,0,regular,y,d,
PH5194405301,hartg104,PH5,1,5,value,3,,,1,,0,,,,,1,19440530,1,PHI17,h,NY6,0,1,0,regular,,,
NY6194405310,hartg104,PH5,1,4,value,24,0,3,1,0,0,,,,,1,19440531,0,HRB01,v,NY6,0,1,0,regular,y,d,
PH5194406150,hartg104,PH5,1,7,value,,1,0,0,0,0,,,,,,19440615,0,PHI17,h,NY5,1,0,0,regular,y,,
PH5194407182,hartg104,PH5,1,9,value,3,0,0,0,0,0,,,,,0,19440718,2,PHI11,h,HOM,0,0,1,regular,y,y,
PH5194407301,hartg104,PH5,1,7,value,2,0,0,0,0,0,,,,,,19440730,1,NYC16,h,BLG,1,0,0,regular,y,,
PH5194408072,hartg104,PH5,1,7,value,3,0,0,0,0,0,,,,,0,19440807,2,PHI11,h,HOM,1,0,0,regular,y,y,
PH5194408120,hartg104,PH5,1,7,value,27,1,0,0,0,0,,,,,1,19440812,0,PHI17,h,NW2,0,1,0,exhibition,y,d,
NW2194408131,hartg104,PH5,1,7,value,24,,,0,0,0,,,,,1,19440813,1,NWK04,v,NW2,0,1,0,exhibition,y,,
PH5194408260,hartg104,PH5,1,7,value,12,0,0,0,0,0,,,,,1,19440826,0,PHI17,h,BLG,0,1,0,exhibition,y,d,
PH5194409160,hartg104,PH5,1,7,value,27,1,0,0,0,0,,,,,1,19440916,0,PHI17,h,NW2,1,0,0,exhibition,y,d,
PH5194409292,hartg104,PH5,1,9,value,3,0,0,0,0,0,,,,,0,19440929,2,PHI11,h,HOM,0,1,0,exhibition,y,d,
