gid,id,team,d_seq,d_pos,stattype,d_ifouts,d_po,d_a,d_e,d_dp,d_tp,d_pb,d_wp,d_sb,d_cs,d_gs,date,number,site,vishome,opp,win,loss,tie,gametype,box,pbp
ASW195707280,wyatw103,ASE,1,4,value,24,6,1,2,0,0,,,,,1,19570728,0,CHI10,v,ASW,0,1,0,allstar,y,d
ASW195707280,hubbp101,ASE,1,9,value,24,0,0,0,0,0,,,,,1,19570728,0,CHI10,v,ASW,0,1,0,allstar,y,d
ASW195707280,shadh101,ASE,1,6,value,24,1,1,0,0,0,,,,,1,19570728,0,CHI10,v,ASW,0,1,0,allstar,y,d
ASW195707280,willj119,ASE,1,7,value,9,0,0,0,0,0,,,,,1,19570728,0,CHI10,v,ASW,0,1,0,allstar,y,d
ASW195707280,mitcj103,ASE,1,7,value,15,2,0,0,0,0,,,,,0,19570728,0,CHI10,v,ASW,0,1,0,allstar,y,d
ASW195707280,johna109,ASE,1,3,value,15,2,0,0,0,0,,,,,1,19570728,0,CHI10,v,ASW,0,1,0,allstar,y,d
ASW195707280,baldr103,ASE,1,3,value,9,1,1,0,0,0,,,,,0,19570728,0,CHI10,v,ASW,0,1,0,allstar,y,d
ASW195707280,harrd102,ASE,1,8,value,15,3,0,0,0,0,,,,,1,19570728,0,CHI10,v,ASW,0,1,0,allstar,y,d
ASW195707280,johng104,ASE,1,8,value,9,1,0,0,0,0,,,,,0,19570728,0,CHI10,v,ASW,0,1,0,allstar,y,d
ASW195707280,ivorj101,ASE,1,5,value,24,2,2,0,0,0,,,,,1,19570728,0,CHI10,v,ASW,0,1,0,allstar,y,d
ASW195707280,aguir101,ASE,1,2,value,9,2,0,0,0,0,0,0,1,0,1,19570728,0,CHI10,v,ASW,0,1,0,allstar,y,d
ASW195707280,castj104,ASE,1,2,value,9,1,0,0,0,0,0,0,3,0,0,19570728,0,CHI10,v,ASW,0,1,0,allstar,y,d
ASW195707280,bailo101,ASE,1,2,value,6,3,1,1,0,0,0,0,0,0,0,19570728,0,CHI10,v,ASW,0,1,0,allstar,y,d
ASW195707280,canac101,ASE,1,1,value,9,0,0,0,0,0,,,,,1,19570728,0,CHI10,v,ASW,0,1,0,allstar,y,d
ASW195707280,wrigd103,ASE,1,1,value,9,0,1,0,0,0,,,,,0,19570728,0,CHI10,v,ASW,0,1,0,allstar,y,d
ASW195707280,ellij106,ASE,1,1,value,6,0,0,0,0,0,,,,,0,19570728,0,CHI10,v,ASW,0,1,0,allstar,y,d
ASW195707280,wilsb104,ASW,1,8,value,27,3,0,1,0,0,,,,,1,19570728,0,CHI10,h,ASE,1,0,0,allstar,y,d
ASW195707280,evanj104,ASW,1,5,value,24,1,1,0,0,0,,,,,1,19570728,0,CHI10,h,ASE,1,0,0,allstar,y,d
ASW195707280,valej103,ASW,1,5,value,3,0,0,0,0,0,,,,,0,19570728,0,CHI10,h,ASE,1,0,0,allstar,y,d
ASW195707280,bankj101,ASW,1,3,value,15,2,0,0,1,0,,,,,1,19570728,0,CHI10,h,ASE,1,0,0,allstar,y,d
ASW195707280,white109,ASW,1,3,value,12,3,0,0,0,0,,,,,0,19570728,0,CHI10,h,ASE,1,0,0,allstar,y,d
ASW195707280,mckni101,ASW,1,2,value,21,6,0,0,0,0,0,0,0,0,1,19570728,0,CHI10,h,ASE,1,0,0,allstar,y,d
ASW195707280,barni101,ASW,1,2,value,6,4,0,0,0,0,0,0,1,0,0,19570728,0,CHI10,h,ASE,1,0,0,allstar,y,d
ASW195707280,marsf102,ASW,1,9,value,27,2,1,0,0,0,,,,,1,19570728,0,CHI10,h,ASE,1,0,0,allstar,y,d
ASW195707280,gipsr101,ASW,1,4,value,15,2,1,0,1,0,,,,,1,19570728,0,CHI10,h,ASE,1,0,0,allstar,y,d
ASW195707280,robij106,ASW,1,4,value,12,1,1,1,0,0,,,,,0,19570728,0,CHI10,h,ASE,1,0,0,allstar,y,d
ASW195707280,sandj103,ASW,1,7,value,27,1,0,0,0,0,,,,,1,19570728,0,CHI10,h,ASE,1,0,0,allstar,y,d
ASW195707280,stroa102,ASW,1,6,value,12,2,2,0,1,0,,,,,1,19570728,0,CHI10,h,ASE,1,0,0,allstar,y,d
ASW195707280,ortif101,ASW,1,6,value,15,0,2,0,0,0,,,,,0,19570728,0,CHI10,h,ASE,1,0,0,allstar,y,d
ASW195707280,winsj102,ASW,1,1,value,9,0,0,0,0,0,,,,,1,19570728,0,CHI10,h,ASE,1,0,0,allstar,y,d
ASW195707280,thoms107,ASW,1,1,value,9,0,0,0,0,0,,,,,0,19570728,0,CHI10,h,ASE,1,0,0,allstar,y,d
ASW195707280,wille107,ASW,1,1,value,9,0,0,0,0,0,,,,,0,19570728,0,CHI10,h,ASE,1,0,0,allstar,y,d
