gid,team,inn1,inn2,inn3,inn4,inn5,inn6,inn7,inn8,inn9,inn10,inn11,inn12,inn13,inn14,inn15,inn16,inn17,inn18,inn19,inn20,inn21,inn22,inn23,inn24,inn25,inn26,inn27,inn28,lob,mgr,stattype,b_pa,b_ab,b_r,b_h,b_d,b_t,b_hr,b_rbi,b_sh,b_sf,b_hbp,b_w,b_iw,b_k,b_sb,b_cs,b_gdp,b_xi,b_roe,p_ipouts,p_noout,p_bfp,p_h,p_d,p_t,p_hr,p_r,p_er,p_w,p_iw,p_k,p_hbp,p_wp,p_bk,p_sh,p_sf,p_sb,p_cs,p_pb,d_po,d_a,d_e,d_dp,d_tp,d_pb,d_wp,d_sb,d_cs,start_l1,start_l2,start_l3,start_l4,start_l5,start_l6,start_l7,start_l8,start_l9,start_f1,start_f2,start_f3,start_f4,start_f5,start_f6,start_f7,start_f8,start_f9,start_f10,date,number,site,vishome,opp,win,loss,tie,gametype,box,pbp
NW2193906241,NY5,,,,,,,,,,,,,,,,,,,,,,,,,,,,,,scalg101,value,,,4,,,,,,,,,,,,,,,,,24,,,,,,,6,,,,,,,,,,,,,24,,,,,,,,,,,,,,,,,,,,,,,,,,,,19390624,1,WSL01,v,NW2,0,1,0,exhibition,,
NW2193906241,NW2,,,,,,,,,,,,,,,,,,,,,,,,,,,,,,lundd103,value,,,6,,,,,,,,,,,,,,,,,27,,,,,,,4,,,,,,,,,,,,,27,,,,,,,,,,,,,,,,,,,,,,,,,,,,19390624,1,WSL01,h,NY5,1,0,0,exhibition,,
NW2193906242,NY5,,,,,,,,,,,,,,,,,,,,,,,,,,,,,,scalg101,value,,,3,,,,,,,,,,,,,,,,,24,,,,,,,17,,,,,,,,,,,,,24,,,,,,,,,,,,,,,,,,,,,,,,,,,,19390624,2,WSL01,v,NW2,0,1,0,exhibition,,
NW2193906242,NW2,,,,,,,,,,,,,,,,,,,,,,,,,,,,,,lundd103,value,,,17,,,,,,,,,,,,,,,,,27,,,,,,,3,,,,,,,,,,,,,27,,,,,,,,,,,,,,,,,,,,,,,,,,,,19390624,2,WSL01,h,NY5,1,0,0,exhibition,,
