gid,id,team,b_lp,b_seq,stattype,b_pa,b_ab,b_r,b_h,b_d,b_t,b_hr,b_rbi,b_sh,b_sf,b_hbp,b_w,b_iw,b_k,b_sb,b_cs,b_gdp,b_xi,b_roe,dh,ph,pr,date,number,site,vishome,opp,win,loss,tie,gametype,box,pbp,eject
MEM194610060,wills104,BIR,,,value,,,,,,,,,,,,,,,,,,,,,,,19461006,0,MEM03,v,MEM,0,1,0,exhibition,,,
BIR194704170,wills104,BIR,,,value,,,,,,,,,,,,,,,,,,,,,,,19470417,0,BIR01,h,HOM,0,1,0,exhibition,,,
BIR194705252,wills104,BIR,,3,value,,,,,,,,,,,,,,,,,,,,,,,19470525,2,BIR01,h,IN9,1,0,0,regular,,,
BIR194705270,wills104,BIR,,1,value,,,,,,,,,,,,,,,,,,,,,,,19470527,0,NOL01,h,IN9,0,1,0,regular,,,
BIR194706030,wills104,BIR,,,value,,,,,,,,,,,,,,,,,,,,,,,19470603,0,BIR01,h,CAG,0,1,0,regular,,,
BIR194707010,wills104,BIR,,3,value,,,,,,,,,,,,,,,,,,,,,,,19470701,0,BIR01,h,CVB,0,1,0,regular,,,
CVB194707030,wills104,BIR,,,value,,,,,,,,,,,,,,,,,,,,,,,19470703,0,DAY03,v,CVB,1,0,0,regular,,,
KCM194707110,wills104,BIR,,,value,,,,,,,,,,,,,,,,,,,,,,,19470711,0,TUL01,v,KCM,0,1,0,regular,,,
NW2194707300,wills104,BIR,9,1,value,4,2,2,1,1,0,0,0,1,,1,0,0,,0,,,0,,,,,19470730,0,WIL04,v,NW2,0,1,0,exhibition,y,,
MEM194708172,wills104,BIR,,,value,,,,,,,,,,,,,,,,,,,,,,,19470817,2,MEM02,v,MEM,0,1,0,regular,,,
BIR194709030,wills104,BIR,,1,value,,,,,,,,,,,,,,,,,,,,,,,19470903,0,MTG01,h,MEM,1,0,0,regular,,,
MEM194709180,wills104,BIR,,,value,,,,,,,,,,,,,,,,,,,,,,,19470918,0,LRK02,v,MEM,1,0,0,exhibition,,,
BIR194805070,wills104,BIR,,,value,,,,,,,,,,,,,,,,,,,,,,,19480507,0,KNO01,h,CVB,1,0,0,regular,,,
MEM194806020,wills104,BIR,,,value,,,,,,,,,,,,,,,,,,,,,,,19480602,0,NOL01,v,MEM,1,0,0,regular,,,
KCM194806080,wills104,BIR,,,value,,,,,,,,,,,,,,,,,,,,,,,19480608,0,CEN01,v,KCM,0,1,0,regular,,,
BIR194806230,wills104,BIR,,,value,,,,,,,,,,,,,,,,,,,,,,,19480623,0,NOL01,h,CAG,0,1,0,regular,,,
BIR194806300,wills104,BIR,,1,value,,,,,,,,,,,,,,,,,,,,,,,19480630,0,MTG01,h,IN9,0,1,0,regular,,,
BIR194807041,wills104,BIR,9,2,value,0,0,0,0,0,0,0,0,0,,0,0,0,,0,,,0,,,,,19480704,1,BIR01,h,MEM,1,0,0,regular,y,,
MEM194807060,wills104,BIR,,,value,,,,,,,,,,,,,,,,,,,,,,,19480706,0,GRE01,v,MEM,1,0,0,regular,,,
CVB194807220,wills104,BIR,9,1,value,3,3,0,0,0,0,0,0,0,,0,0,0,,0,,,0,,,,,19480722,0,NWO01,v,CVB,1,0,0,regular,y,,
BIR194807280,wills104,BIR,9,1,value,3,2,0,0,0,0,0,,1,,0,0,,,0,,,,,,,,19480728,0,BIR01,h,NW2,1,0,0,exhibition,y,,
BIR194808090,wills104,BIR,,,value,,,,,,,,,,,,,,,,,,,,,,,19480809,0,MEM02,h,CVB,1,0,0,regular,,,
BIR194808180,wills104,BIR,,,value,,,,,,,,,,,,,,,,,,,,,,,19480818,0,CHT01,h,NY6,0,1,0,exhibition,,,
BIR194808240,wills104,BIR,,,value,,,,,,,,,,,,,,,,,,,,,,,19480824,0,GRE01,h,NY6,0,1,0,exhibition,,,
CAG194808300,wills104,BIR,,,value,,,,,,,,,,,,,,,,,,,,,,,19480830,0,IND10,v,CAG,1,0,0,regular,,,
KCM194809210,wills104,BIR,9,1,value,4,1,0,0,0,0,0,0,0,0,0,3,0,,0,0,0,0,0,,,,19480921,0,KAN05,v,KCM,0,1,0,lcs,y,d,
BIR194810050,wills104,BIR,,,value,,,,,,,,,,,,,,,,,,,,,,,19481005,0,BIR01,h,HOM,0,1,0,championship,,,
BIR194904030,wills104,BIR,,,value,,,,,,,,,,,,,,,,,,,,,,,19490403,0,MOB01,h,LCB,1,0,0,exhibition,,,
BIR194904180,wills104,BIR,,1,value,,,,,,,,,,,,,,,,,,,,,,,19490418,0,BIR01,h,IN9,1,0,0,exhibition,,,
BIR194905110,wills104,BIR,9,1,value,3,3,1,0,0,0,0,0,0,0,0,0,0,,0,0,0,0,0,,,,19490511,0,BIR01,h,CAG,1,0,0,regular,y,d,
IN9194905170,wills104,BIR,,,value,,,,,,,,,,,,,,,,,,,,,,,19490517,0,ZAN02,v,IN9,0,1,0,regular,,,
BIR194905250,wills104,BIR,9,1,value,4,3,1,1,0,0,0,0,1,0,0,0,0,,0,0,0,0,0,,,,19490525,0,BIR01,h,LCB,1,0,0,regular,y,d,
BLG194906052,wills104,BIR,9,1,value,2,2,0,1,0,0,0,0,0,0,0,0,0,,0,0,0,0,0,,,,19490605,2,BAL14,v,BLG,1,0,0,regular,y,d,
BIR194906120,wills104,BIR,9,1,value,4,2,1,0,0,0,0,0,0,0,0,2,0,,0,0,0,0,0,,,,19490612,0,BIR01,h,NY6,1,0,0,regular,y,d,
BIR194906180,wills104,BIR,9,1,value,0,0,0,0,0,0,0,0,0,0,0,0,0,,0,0,0,0,0,,,,19490618,0,CHT01,h,IN9,0,1,0,regular,y,d,
BIR194906191,wills104,BIR,9,2,value,2,1,1,0,0,0,0,0,1,0,0,0,0,,0,0,0,0,1,,,,19490619,1,BIR01,h,IN9,1,0,0,regular,y,d,
BIR194906192,wills104,BIR,9,2,value,0,0,0,0,0,0,0,0,0,0,0,0,0,,0,0,0,0,0,,,,19490619,2,BIR01,h,IN9,0,1,0,regular,y,d,
KCM194906262,wills104,BIR,2,2,value,0,0,0,0,0,0,0,0,0,0,0,0,0,,0,0,0,0,0,,,,19490626,2,KAN05,v,KCM,0,1,0,regular,y,d,
KCM194906290,wills104,BIR,9,1,value,5,4,1,0,0,0,0,0,0,0,0,1,0,,0,0,0,0,0,,,,19490629,0,GIN01,v,KCM,1,0,0,regular,y,d,
BIR194907100,wills104,BIR,8,3,value,0,0,1,0,0,0,0,0,0,0,0,0,0,,0,0,0,0,0,,,1,19490710,0,BIR01,h,PH5,1,0,0,regular,y,d,
BIR194907171,wills104,BIR,,1,value,,,,,,,,,,,,,,,,,,,,,,,19490717,1,NOL01,h,PH5,0,1,0,regular,,,
MEM194907241,wills104,BIR,,1,value,,,,,,,,,,,,,,,,,,,,,,,19490724,1,MEM02,v,MEM,1,0,0,regular,,,
BIR194908050,wills104,BIR,,1,value,,,,0,0,0,0,,,,,,,,,,,,,,,,19490805,0,BIR01,h,BLG,0,1,0,regular,,,
BIR194908141,wills104,BIR,,1,value,,,,,,,,,,,,,,,,,,,,,,,19490814,1,BIR01,h,CAG,1,0,0,exhibition,,,
BIR194908212,wills104,BIR,,,value,,,,,,,,,,,,,,,,,,,,,,,19490821,2,BIR01,h,KCM,0,1,0,regular,,,
MEM194909041,wills104,BIR,,1,value,,,,,,,,,,,,,,,,,,,,,,,19490904,1,MEM02,v,MEM,1,0,0,regular,,,
BIR194909181,wills104,BIR,,1,value,,,,,,,,,,,,,,,,,,,,,,,19490918,1,BIR01,h,LCB,1,0,0,exhibition,,,
