gid,id,team,p_seq,stattype,p_ipouts,p_noout,p_bfp,p_h,p_d,p_t,p_hr,p_r,p_er,p_w,p_iw,p_k,p_hbp,p_wp,p_bk,p_sh,p_sf,p_sb,p_cs,p_pb,wp,lp,save,p_gs,p_gf,p_cg,date,number,site,vishome,opp,win,loss,tie,gametype,box,pbp
NY5193609160,younu101,WEG,1,value,4,,9,3,,0,0,3,,2,,1,,,,,,,,,,1,,1,,,19360916,0,PGK01,v,NY5,0,1,0,exhibition,y,
NY5193609160,currg102,WEG,2,value,12,,21,7,,0,0,4,,1,,2,,,,,,,,,,,,,,,19360916,0,PGK01,v,NY5,0,1,0,exhibition,y,
NY5193609160,willn103,WEG,3,value,8,,15,4,,0,0,5,,3,,0,,,,,,,,,,,,,1,,19360916,0,PGK01,v,NY5,0,1,0,exhibition,y,
NY5193609160,hollb106,NY5,1,value,18,,24,7,,0,0,2,,0,,3,,,,0,,0,,,1,,,1,,,19360916,0,PGK01,h,WEG,1,0,0,exhibition,y,
NY5193609160,browb107,NY5,2,value,9,,15,6,,0,0,2,,1,,0,,,,0,,0,,,,,1,,1,,19360916,0,PGK01,h,WEG,1,0,0,exhibition,y,
WEG193708170,cainm101,PTC,1,value,12,0,21,7,5,0,0,7,4,2,0,2,0,0,0,0,0,0,1,0,,1,,1,,,19370817,0,PGK01,v,WEG,0,1,0,regular,y,d
WEG193708170,duncs101,PTC,2,value,6,0,12,5,0,0,0,3,3,2,0,0,0,0,0,0,0,0,0,0,,,,,,,19370817,0,PGK01,v,WEG,0,1,0,regular,y,d
WEG193708170,lewij104,PTC,3,value,6,0,9,2,0,0,0,1,0,1,0,0,0,0,0,0,0,0,0,0,,,,,1,,19370817,0,PGK01,v,WEG,0,1,0,regular,y,d
WEG193708170,gainj102,WEG,1,value,27,0,40,6,1,0,0,1,1,7,0,11,0,0,0,0,0,0,0,0,1,,,1,,1,19370817,0,PGK01,h,PTC,1,0,0,regular,y,d
