gid,id,team,d_seq,d_pos,stattype,d_ifouts,d_po,d_a,d_e,d_dp,d_tp,d_pb,d_wp,d_sb,d_cs,d_gs,date,number,site,vishome,opp,win,loss,tie,gametype,box,pbp,eject
HOM193505040,carlm101,HOM,1,4,value,6,0,1,0,0,0,,,,,0,19350504,0,PIT09,h,PH5,0,1,0,regular,y,d,
HOM193505050,carlm101,HOM,1,4,value,24,0,5,0,1,0,,,,,1,19350505,0,PIT09,h,PH5,1,0,0,regular,y,d,
NW1193505110,carlm101,HOM,1,4,value,27,0,0,0,0,0,,,,,1,19350511,0,IRV01,v,NW1,1,0,0,regular,y,d,
NW1193505121,carlm101,HOM,1,4,value,24,2,2,0,0,0,0,0,0,,1,19350512,1,IRV01,v,NW1,0,1,0,regular,y,,
NW1193505122,carlm101,HOM,1,4,value,18,0,0,0,0,0,0,0,0,,1,19350512,2,IRV01,v,NW1,0,1,0,regular,y,,
NW1193505130,carlm101,HOM,1,4,value,27,,,1,0,,,,,,1,19350513,0,IRV01,v,NW1,1,0,0,regular,y,,
BRN193505180,carlm101,HOM,1,4,value,27,2,5,0,1,0,,,,,1,19350518,0,NYC15,v,BRN,1,0,0,regular,y,d,
BRN193505191,carlm101,HOM,1,4,value,24,0,1,0,1,0,,,,,1,19350519,1,NYC15,v,BRN,0,1,0,regular,y,,
BRN193505192,carlm101,HOM,1,4,value,21,0,1,0,0,0,,,,,1,19350519,2,NYC15,v,BRN,1,0,0,regular,y,d,
BRN193505200,carlm101,HOM,1,4,value,21,3,1,1,0,0,,,,,1,19350520,0,NYC15,v,BRN,0,1,0,regular,y,d,
BRN193505200,carlm101,HOM,2,6,value,3,1,1,0,0,0,,,,,0,19350520,0,NYC15,v,BRN,0,1,0,regular,y,d,
NY6193505261,carlm101,HOM,2,4,value,,1,2,0,1,0,,,,,,19350526,1,NYC23,v,NY6,1,0,0,regular,y,,
NY6193505262,carlm101,HOM,1,4,value,27,2,6,0,2,0,,,,,1,19350526,2,NYC23,v,NY6,1,0,0,regular,y,,
HOM193505301,carlm101,HOM,1,4,value,27,1,0,0,0,0,0,0,0,,1,19350530,1,PIT09,h,CAG,1,0,0,regular,y,,
CAG193506010,carlm101,HOM,1,4,value,27,2,3,0,0,0,,,,,1,19350601,0,CHI09,v,CAG,1,0,0,regular,y,d,
CAG193506021,carlm101,HOM,1,4,value,27,0,4,0,0,0,0,0,0,,1,19350602,1,CHI09,v,CAG,1,0,0,regular,y,,
CAG193506022,carlm101,HOM,1,4,value,,0,,,0,0,0,0,0,,1,19350602,2,CHI09,v,CAG,0,1,0,regular,y,,
CAG193506030,carlm101,HOM,1,4,value,24,1,0,0,0,0,,,,,1,19350603,0,CHI09,v,CAG,0,1,0,regular,y,d,
HOM193506151,carlm101,HOM,1,6,value,27,0,3,0,0,0,0,0,0,,1,19350615,1,PIT09,h,BRN,0,1,0,regular,y,,
HOM193506152,carlm101,HOM,1,4,value,27,3,,,0,0,0,0,0,,1,19350615,2,PIT09,h,BRN,1,0,0,regular,y,,
HOM193506161,carlm101,HOM,1,4,value,,2,2,0,0,0,,,,,1,19350616,1,PIT09,h,BRN,0,1,0,regular,y,,
HOM193506161,carlm101,HOM,2,6,value,,0,0,0,0,0,,,,,,19350616,1,PIT09,h,BRN,0,1,0,regular,y,,
HOM193506162,carlm101,HOM,1,4,value,24,2,2,,0,0,0,0,0,,1,19350616,2,PIT09,h,BRN,1,0,0,regular,y,,
HOM193506170,carlm101,HOM,1,4,value,27,1,5,0,0,0,,,,,1,19350617,0,ALT02,h,BRN,1,0,0,regular,y,d,
NW1193506240,carlm101,HOM,1,4,value,21,2,1,1,0,0,,,,,1,19350624,0,NBR01,v,NW1,0,1,0,exhibition,y,d,
HOM193506291,carlm101,HOM,1,4,value,27,2,5,0,0,0,0,0,0,,1,19350629,1,COL05,h,NSH,1,0,0,regular,y,,
NSH193506292,carlm101,HOM,1,4,value,18,1,2,0,0,0,0,0,0,,1,19350629,2,COL05,v,NSH,0,1,0,regular,y,,
PTC193507041,carlm101,HOM,1,4,value,24,1,4,,,,,,,,1,19350704,1,PIT09,v,PTC,0,1,0,exhibition,y,,
PTC193507061,carlm101,HOM,1,6,value,27,0,5,,,,,,,,1,19350706,1,PIT09,v,PTC,1,0,0,regular,y,,
PTC193507110,carlm101,HOM,1,4,value,12,2,2,0,0,0,,,,,1,19350711,0,ALT02,v,PTC,0,1,0,regular,y,d,
PTC193507110,carlm101,HOM,2,6,value,12,0,3,0,0,0,,,,,0,19350711,0,ALT02,v,PTC,0,1,0,regular,y,d,
PH5193507131,carlm101,HOM,1,4,value,27,3,2,0,0,0,,,,,1,19350713,1,PHI17,v,PH5,1,0,0,regular,y,d,
PH5193507132,carlm101,HOM,1,4,value,24,3,2,2,,,,,,,1,19350713,2,PHI17,v,PH5,0,1,0,regular,y,,
PH5193507141,carlm101,HOM,1,4,value,24,1,4,0,,,,,,,1,19350714,1,PHI16,v,PH5,0,1,0,regular,y,,
PH5193507142,carlm101,HOM,1,4,value,24,3,1,0,,,,,,,1,19350714,2,PHI16,v,PH5,1,0,0,regular,y,,
NY6193507200,carlm101,HOM,1,4,value,0,,4,0,,,,,,,1,19350720,0,NYC30,v,NY6,0,1,0,regular,y,,
NY6193507211,carlm101,HOM,1,4,value,24,2,3,0,1,0,0,0,0,,1,19350721,1,NYC25,v,NY6,0,1,0,regular,y,,
NY6193507212,carlm101,HOM,1,4,value,27,1,5,0,0,0,0,0,0,,1,19350721,2,NYC25,v,NY6,1,0,0,regular,y,,
HOM193507270,carlm101,HOM,1,4,value,27,4,2,1,1,0,,,,,1,19350727,0,PIT09,h,NY6,0,1,0,regular,y,d,
HOM193507280,carlm101,HOM,1,4,value,36,1,4,,,,,,,,1,19350728,0,PIT09,h,NY6,0,1,0,regular,y,,
PTC193508080,carlm101,HOM,1,4,value,24,2,0,1,0,0,,,,,1,19350808,0,PHI17,v,PTC,0,1,0,regular,y,d,
HOM193508090,carlm101,HOM,1,4,value,27,1,,1,,,,,,,1,19350809,0,WAS09,h,PTC,1,0,0,exhibition,y,,
HOM193508100,carlm101,HOM,1,4,value,24,0,1,1,,,,,,,1,19350810,0,ALT02,h,BRN,0,1,0,Regular,y,,
HOM193508120,carlm101,HOM,1,4,value,21,2,1,0,1,0,,,,,1,19350812,0,CRL01,h,BRN,0,1,0,regular,y,d,
HOM193508130,carlm101,HOM,1,4,value,27,4,2,0,0,0,,,,,1,19350813,0,AKR01,h,BRN,0,1,0,regular,y,d,
PTC193508170,carlm101,HOM,1,4,value,24,2,0,1,0,0,0,0,0,,1,19350817,0,PIT09,v,PTC,1,0,0,regular,y,,
HOM193508182,carlm101,HOM,,4,value,,,,1,,,,,,,,19350818,2,CLE07,h,PTC,0,1,0,regular,,,
PTC193508190,carlm101,HOM,1,4,value,24,1,2,1,1,0,,,,,1,19350819,0,AKR01,v,PTC,0,1,0,regular,y,d,
PH5193508241,carlm101,HOM,1,4,value,15,2,1,0,0,0,0,0,0,,,19350824,1,PHI17,v,PH5,1,0,0,regular,y,,
PH5193508242,carlm101,HOM,1,4,value,,3,3,1,,,,,,,1,19350824,2,PHI17,v,PH5,1,0,0,regular,y,,
PH5193508251,carlm101,HOM,1,4,value,27,6,5,0,,,,,,,1,19350825,1,PHI17,v,PH5,1,0,0,regular,y,,
PTC193509021,carlm101,HOM,1,4,value,27,2,3,0,1,0,0,0,0,,1,19350902,1,PIT09,v,PTC,1,0,0,regular,y,,
PTC193509022,carlm101,HOM,1,4,value,,,,0,1,0,0,0,0,,,19350902,2,PIT09,v,PTC,0,1,0,regular,,,
HOM193604131,carlm101,HOM,1,4,value,27,4,3,0,0,0,,,,,1,19360413,1,ATL04,h,WEG,1,0,0,exhibition,y,d,
HOM193604190,carlm101,HOM,1,4,value,27,3,2,0,1,0,,,,,1,19360419,0,ATL04,h,NW2,0,1,0,exhibition,y,d,
HOM193604200,carlm101,HOM,1,4,value,27,3,4,0,2,0,,,,,1,19360420,0,ATL04,h,NW2,0,1,0,exhibition,y,d,
PH5193605090,carlm101,HOM,1,4,value,24,2,1,0,0,0,,,,,1,19360509,0,PHI16,v,PH5,0,1,0,regular,y,d,
PH5193605090,carlm101,HOM,2,6,value,2,0,2,0,0,0,,,,,0,19360509,0,PHI16,v,PH5,0,1,0,regular,y,d,
PH5193605101,carlm101,HOM,1,4,value,24,3,2,1,,,,,,,1,19360510,1,PHI17,v,PH5,0,1,0,regular,y,,
PH5193605102,carlm101,HOM,1,4,value,21,1,,0,,,,,,,1,19360510,2,PHI17,v,PH5,0,1,0,regular,y,,
PH5193605110,carlm101,HOM,1,4,value,21,3,1,0,,,,,,,1,19360511,0,PHI17,v,PH5,0,1,0,exhibition,y,,
PH5193605120,carlm101,HOM,1,4,value,18,3,4,,,,,,,,1,19360512,0,CAM03,v,PH5,0,1,0,exhibition,y,,
PH5193605140,carlm101,HOM,1,4,value,21,2,5,0,,,,,,,1,19360514,0,WIL08,v,PH5,1,0,0,exhibition,y,,
NY6193605160,carlm101,HOM,1,4,value,27,2,5,0,1,0,,,,,1,19360516,0,PAT01,v,NY6,1,0,0,regular,y,d,
NY6193605171,carlm101,HOM,1,4,value,24,2,7,1,0,,,,0,,1,19360517,1,NYC25,v,NY6,0,1,0,regular,y,,
NY6193605172,carlm101,HOM,1,4,value,30,3,3,0,1,,,,0,,1,19360517,2,NYC25,v,NY6,0,0,1,regular,y,,
NW2193605241,carlm101,HOM,1,4,value,27,,,0,1,,,,0,,1,19360524,1,NWK04,v,NW2,1,0,0,regular,y,,
NW2193605250,carlm101,HOM,1,4,value,24,1,4,0,0,0,,,,,1,19360525,0,NWK04,v,NW2,0,1,0,regular,y,d,
HOM193605301,carlm101,HOM,1,4,value,24,2,4,1,0,0,,,,,1,19360530,1,PIT06,h,NW2,1,0,0,regular,y,d,
HOM193605301,carlm101,HOM,2,6,value,3,0,0,0,0,0,,,,,0,19360530,1,PIT06,h,NW2,1,0,0,regular,y,d,
HOM193605302,carlm101,HOM,1,4,value,27,0,4,0,,,,,,,1,19360530,2,PIT06,h,NW2,0,1,0,regular,y,,
HOM193605311,carlm101,HOM,1,4,value,27,4,4,0,,,,,,,1,19360531,1,PIT06,h,NW2,1,0,0,regular,y,,
HOM193606070,carlm101,HOM,1,6,value,27,4,6,1,0,0,,,,,1,19360607,0,CLE06,h,PH5,1,0,0,regular,y,d,
HOM193606080,carlm101,HOM,1,6,value,15,0,2,0,0,0,,,,,1,19360608,0,AKR01,h,PH5,1,0,0,regular,y,d,
HOM193606080,carlm101,HOM,2,4,value,12,0,0,0,0,0,,,,,0,19360608,0,AKR01,h,PH5,1,0,0,regular,y,d,
CI1193606210,carlm101,HOM,1,6,value,27,3,4,0,1,0,,,,,1,19360621,0,CIN07,v,CI1,1,0,0,exhibition,y,d,
HOM193606240,carlm101,HOM,1,6,value,24,6,3,,,,,,,,1,19360624,0,ALT01,h,WEG,1,0,0,exhibition,y,,
WEG193606270,carlm101,HOM,1,6,value,,2,3,0,,,,,0,,1,19360627,0,WAS09,v,WEG,1,0,0,regular,y,,
WEG193606270,carlm101,HOM,2,4,value,,0,0,0,,,,,0,,,19360627,0,WAS09,v,WEG,1,0,0,regular,y,,
WEG193606282,carlm101,HOM,1,6,value,27,2,,,,,,,,,1,19360628,2,WAS09,v,WEG,1,0,0,regular,y,,
PTC193607041,carlm101,HOM,1,6,value,24,1,1,,0,,,,0,,1,19360704,1,PIT09,v,PTC,0,1,0,regular,y,,
PTC193607042,carlm101,HOM,1,4,value,24,2,2,,0,0,,,0,,1,19360704,2,PIT09,v,PTC,0,1,0,regular,y,,
HOM193607051,carlm101,HOM,1,4,value,27,2,3,0,0,0,,,,,1,19360705,1,CLE06,h,PTC,1,0,0,regular,y,d,
HOM193607052,carlm101,HOM,1,4,value,15,3,2,1,0,0,,,,,1,19360705,2,CLE06,h,PTC,0,1,0,regular,y,d,
HOM193607052,carlm101,HOM,2,6,value,6,0,0,0,0,0,,,,,0,19360705,2,CLE06,h,PTC,0,1,0,regular,y,d,
HOM193607100,carlm101,HOM,1,4,value,24,1,2,0,0,0,,,,,1,19360710,0,ALT02,h,NY6,1,0,0,exhibition,y,d,
HOM193607110,carlm101,HOM,1,4,value,24,1,2,1,2,0,,,,,1,19360711,0,PIT09,h,NY6,1,0,0,regular,y,d,
HOM193607122,carlm101,HOM,1,6,value,,1,1,,,,,,,,1,19360712,2,COL04,h,NY6,1,0,0,regular,y,,
PH5193607181,carlm101,HOM,1,4,value,26,2,2,1,0,0,,,,,1,19360718,1,PHI17,v,PH5,0,1,0,regular,y,d,
PH5193607182,carlm101,HOM,1,6,value,9,0,0,2,0,0,,,,,0,19360718,2,PHI17,v,PH5,0,1,0,regular,y,d,
NW2193607191,carlm101,HOM,1,6,value,21,0,0,0,0,0,,,,,1,19360719,1,NWK04,v,NW2,0,1,0,regular,y,d,
NW2193607192,carlm101,HOM,1,6,value,12,0,0,0,0,0,,,,,1,19360719,2,NWK04,v,NW2,1,0,0,regular,y,d,
HOM193607250,carlm101,HOM,1,4,value,27,2,1,,,,,0,0,,1,19360725,0,ERI01,h,NW2,1,0,0,regular,y,,
HOM193607261,carlm101,HOM,1,4,value,27,1,3,0,2,0,,,0,,1,19360726,1,YOU01,h,NW2,0,1,0,regular,y,,
HOM193607262,carlm101,HOM,1,4,value,27,2,4,1,0,0,,,0,,1,19360726,2,CAN03,h,NW2,1,0,0,regular,y,,
NY6193608010,carlm101,HOM,1,4,value,25,3,8,0,2,0,,,,,1,19360801,0,PAT01,v,NY6,0,1,0,regular,y,d,
HOM193608070,carlm101,HOM,1,4,value,27,3,3,2,0,0,,,,,1,19360807,0,MID03,h,PH5,0,1,0,regular,y,d,
PH5193608081,carlm101,HOM,1,4,value,24,0,5,0,0,0,,,,,1,19360808,1,PHI17,v,PH5,0,1,0,regular,y,d,
PH5193608082,carlm101,HOM,1,4,value,21,2,4,0,0,0,,,,,1,19360808,2,PHI17,v,PH5,0,1,0,regular,y,d,
PH5193608082,carlm101,HOM,2,6,value,1,0,0,0,0,0,,,,,0,19360808,2,PHI17,v,PH5,0,1,0,regular,y,d,
HOM193608180,carlm101,HOM,1,4,value,18,1,1,0,1,0,,,,,1,19360818,0,CAN03,h,PH5,1,0,0,regular,y,d,
HOM193608180,carlm101,HOM,2,6,value,9,0,0,0,0,0,,,,,0,19360818,0,CAN03,h,PH5,1,0,0,regular,y,d,
CI1193608230,carlm101,HOM,1,4,value,27,2,0,0,1,,,,,,1,19360823,0,CIN07,v,CI1,1,0,0,exhibition,y,,
HOM193608240,carlm101,HOM,1,4,value,27,1,1,1,0,0,,,,,1,19360824,0,SBD01,h,KCM,0,1,0,exhibition,y,d,
HOM193608310,carlm101,HOM,1,4,value,27,1,4,0,1,0,,,,,1,19360831,0,AKR01,h,PH5,1,0,0,regular,y,d,
PTC193609050,carlm101,HOM,1,4,value,21,0,4,,1,,,,,,1,19360905,0,PIT09,v,PTC,0,1,0,regular,y,,
PTC193609050,carlm101,HOM,2,6,value,3,0,1,,1,,,,,,,19360905,0,PIT09,v,PTC,0,1,0,regular,y,,
PTC193609060,carlm101,HOM,1,4,value,27,2,3,0,1,,,,,,1,19360906,0,CLE06,v,PTC,1,0,0,regular,y,,
PTC193609071,carlm101,HOM,1,4,value,27,4,4,0,,,,,,,1,19360907,1,PIT09,v,PTC,1,0,0,regular,y,,
PTC193609072,carlm101,HOM,1,4,value,18,0,1,,,,,,,,1,19360907,2,PIT09,v,PTC,0,1,0,regular,y,,
MEM193704110,carlm101,HOM,1,4,value,27,2,2,,0,,,,,,1,19370411,0,MEM02,v,MEM,1,0,0,exhibition,y,,
HOM193704252,carlm101,HOM,1,4,value,21,2,4,1,2,,,0,,,1,19370425,2,NOL02,h,PTC,1,0,0,exhibition,y,,
PTC193704251,carlm101,HOM,1,4,value,27,1,6,0,,,,,,,1,19370425,1,NOL02,v,PTC,1,0,0,exhibition,y,,
PTC193704260,carlm101,HOM,1,4,value,33,0,4,,,,,,,,1,19370426,0,BAT01,v,PTC,0,0,1,exhibition,y,,
HOM193704270,carlm101,HOM,1,4,value,27,0,1,0,0,0,,,,,1,19370427,0,ALE01,h,PTC,1,0,0,exhibition,y,d,
PTC193705080,carlm101,HOM,1,4,value,27,1,3,0,1,,,,,,1,19370508,0,PIT09,v,PTC,1,0,0,exhibition,y,,
PTC193705090,carlm101,HOM,1,4,value,32,5,2,,,,,,,,1,19370509,0,PIT09,v,PTC,0,1,0,exhibition,y,,
NW2193705150,carlm101,HOM,1,4,value,27,3,4,1,0,0,,,,,1,19370515,0,PAT01,v,NW2,1,0,0,regular,y,d,
NW2193705161,carlm101,HOM,1,4,value,24,,,0,,,,,,,1,19370516,1,NWK04,v,NW2,0,1,0,regular,y,,
NW2193705162,carlm101,HOM,1,4,value,21,,,0,,,,,,,1,19370516,2,NWK04,v,NW2,1,0,0,regular,y,,
NW2193705170,carlm101,HOM,1,4,value,27,0,5,1,0,0,,,,,1,19370517,0,TRE01,v,NW2,1,0,0,regular,y,d,
NW2193705180,carlm101,HOM,1,4,value,21,1,4,0,,,,,,,1,19370518,0,WIL04,v,NW2,0,1,0,regular,y,,
NW2193705200,carlm101,HOM,1,4,value,24,1,5,0,,,,,,,1,19370520,0,NWK04,v,NW2,0,1,0,regular,y,,
HOM193705210,carlm101,HOM,1,4,value,27,,,,,,,,,,1,19370521,0,HOP02,h,NY5,1,0,0,exhibition,y,,
HOM193705220,carlm101,HOM,1,4,value,27,2,4,0,,,,,,,1,19370522,0,PIT09,h,NY5,1,0,0,regular,y,,
HOM193705231,carlm101,HOM,1,4,value,27,5,1,2,,,,,0,,1,19370523,1,CLE06,h,NY5,1,0,0,regular,y,,
HOM193705232,carlm101,HOM,1,4,value,27,2,4,,2,,,,,,1,19370523,2,CLE06,h,NY5,0,1,0,regular,y,,
HOM193705250,carlm101,HOM,1,4,value,27,3,4,0,,,,,,,1,19370525,0,PIT09,h,NY5,1,0,0,regular,y,,
WEG193705290,carlm101,HOM,1,4,value,24,1,1,0,1,0,,,,,1,19370529,0,WAS09,v,WEG,0,1,0,regular,y,d,
WEG193705300,carlm101,HOM,1,4,value,27,0,3,0,0,0,,,,,1,19370530,0,WAS09,v,WEG,1,0,0,regular,y,d,
HOM193705311,carlm101,HOM,1,8,value,27,1,4,,,,,,,,1,19370531,1,PIT09,h,WEG,1,0,0,regular,y,,
HOM193706010,carlm101,HOM,1,4,value,27,1,3,0,0,0,,,,,1,19370601,0,ALT02,h,WEG,1,0,0,regular,y,d,
PTC193706050,carlm101,HOM,1,4,value,27,2,1,1,0,0,,,,,1,19370605,0,PIT09,v,PTC,1,0,0,regular,y,d,
PTC193706061,carlm101,HOM,,6,value,,,,,3,,,,,,,19370606,1,TOL05,v,PTC,1,0,0,regular,,,
PTC193706062,carlm101,HOM,1,4,value,19,3,0,0,,,,,,,1,19370606,2,TOL05,v,PTC,0,1,0,regular,y,,
PTC193706070,carlm101,HOM,1,4,value,27,0,2,0,,,,,,,1,19370607,0,AKR01,v,PTC,1,0,0,regular,y,,
HOM193706120,carlm101,HOM,1,4,value,27,2,5,0,0,0,,,,,1,19370612,0,PIT09,h,NW2,1,0,0,regular,y,d,
HOM193706131,carlm101,HOM,1,4,value,27,2,2,0,0,0,,,,,1,19370613,1,COL05,h,NW2,1,0,0,regular,y,d,
HOM193706170,carlm101,HOM,1,4,value,27,0,1,0,0,0,,,,,1,19370617,0,TOL05,h,NW2,1,0,0,regular,y,d,
NY5193706190,carlm101,HOM,1,4,value,27,2,3,0,0,0,,,,,1,19370619,0,PAT01,v,NY5,1,0,0,regular,y,d,
PTC193706260,carlm101,HOM,1,4,value,27,4,4,0,1,0,,,,,1,19370626,0,PIT09,v,PTC,1,0,0,regular,y,,
HOM193706271,carlm101,HOM,1,4,value,27,3,1,1,1,0,,,,,1,19370627,1,CLE06,h,PTC,1,0,0,regular,y,d,
HOM193706272,carlm101,HOM,1,4,value,21,2,,0,,,,,0,,1,19370627,2,CLE06,h,PTC,1,0,0,regular,y,,
PTC193707040,carlm101,HOM,1,4,value,27,3,4,,,,,,,,1,19370704,0,PIT09,v,PTC,1,0,0,regular,y,,
PTC193707051,carlm101,HOM,1,4,value,25,1,3,0,0,0,,,,,1,19370705,1,PIT09,v,PTC,0,1,0,regular,y,d,
PH5193707101,carlm101,HOM,1,4,value,,2,4,0,,,,,,,1,19370710,1,PHI17,v,PH5,1,0,0,regular,y,,
PH5193707102,carlm101,HOM,1,4,value,21,1,5,0,,,,,,,1,19370710,2,PHI17,v,PH5,1,0,0,regular,y,,
WEG193707111,carlm101,HOM,1,4,value,29,0,5,0,1,0,,,,,1,19370711,1,WAS09,v,WEG,0,1,0,regular,y,d,
WEG193707112,carlm101,HOM,1,4,value,21,1,2,0,0,0,,,,,1,19370711,2,WAS09,v,WEG,1,0,0,regular,y,y,
HOM193707181,carlm101,HOM,1,4,value,27,5,1,,,,,,,,1,19370718,1,COL05,h,PH5,1,0,0,regular,y,,
HOM193707200,carlm101,HOM,1,4,value,27,1,6,0,0,0,,,,,1,19370720,0,IND10,h,PH5,1,0,0,regular,y,d,
HOM193707220,carlm101,HOM,1,4,value,27,0,6,2,2,0,,,,,1,19370722,0,BEC01,h,PH5,1,0,0,regular,y,d,
WEG193707240,carlm101,HOM,1,4,value,27,4,5,2,1,0,,,,,1,19370724,0,CUM01,v,WEG,1,0,0,exhibition,y,d,
WEG193707250,carlm101,HOM,1,4,value,24,0,4,1,0,0,,,,,1,19370725,0,BAL10,v,WEG,0,1,0,regular,y,d,
HOM193707310,carlm101,HOM,1,4,value,27,3,4,0,,,,,,,1,19370731,0,FMT01,h,WEG,1,0,0,regular,y,,
HOM193708011,carlm101,HOM,1,4,value,27,1,4,1,1,0,,,,,1,19370801,1,CLE06,h,WEG,1,0,0,regular,y,d,
HOM193708012,carlm101,HOM,1,4,value,21,1,0,0,0,0,,,,,1,19370801,2,CLE06,h,WEG,1,0,0,regular,y,d,
NW2193708140,carlm101,HOM,1,4,value,27,3,3,,,,,,,,1,19370814,0,PAT01,v,NW2,1,0,0,regular,y,,
NW2193708151,carlm101,HOM,1,4,value,27,0,0,0,0,0,,,,,1,19370815,1,NWK04,v,NW2,1,0,0,regular,y,d,
NW2193708152,carlm101,HOM,1,4,value,21,0,0,3,0,0,,,,,1,19370815,2,NWK04,v,NW2,1,0,0,regular,y,d,
NW2193708153,carlm101,HOM,1,4,value,26,4,2,0,1,0,,,,,1,19370815,3,TRE01,v,NW2,0,1,0,exhibition,y,d,
HOM193708210,carlm101,HOM,1,4,value,15,4,9,0,2,,,,0,,1,19370821,0,PIT09,h,PTC,1,0,0,regular,y,,
HOM193708210,carlm101,HOM,2,6,value,30,0,0,0,,,,,0,,1,19370821,0,PIT09,h,PTC,1,0,0,regular,y,,
CI1193708260,carlm101,HOM,1,4,value,27,2,5,0,1,0,,,,,1,19370826,0,CIN07,v,CI1,1,0,0,regular,y,d,
CAG193708291,carlm101,HOM,1,4,value,27,2,1,0,1,0,,,,,1,19370829,1,CHI09,v,CAG,1,0,0,exhibition,y,d,
CAG193708292,carlm101,HOM,1,4,value,24,2,1,0,0,0,,,,,1,19370829,2,CHI09,v,CAG,1,0,0,exhibition,y,d,
PTC193709061,carlm101,HOM,1,4,value,27,4,3,0,,,,,,,1,19370906,1,PIT09,v,PTC,1,0,0,regular,y,,
NAL193709190,carlm101,NNL,1,4,value,27,0,3,1,2,0,,,,,1,19370919,0,CHI09,v,NAL,1,0,0,allstar,y,d,
NAL193709210,carlm101,NNL,1,4,value,27,2,2,1,0,0,,,,,1,19370921,0,DAY03,v,NAL,1,0,0,allstar,y,d,
NNL193709240,carlm101,NNL,1,4,value,27,4,4,0,0,0,,,,,1,19370924,0,PIT06,h,NAL,1,0,0,allstar,y,d,
NNL193709261,carlm101,NNL,1,4,value,27,1,4,0,1,0,,,,,1,19370926,1,BAL10,h,NAL,0,1,0,allstar,y,d,
MEM193804030,carlm101,HOM,1,4,value,27,0,5,1,0,0,,,,,1,19380403,0,MEM02,v,MEM,1,0,0,exhibition,y,y,
PH5193804130,carlm101,HOM,1,4,value,27,1,3,0,,,,,,,1,19380413,0,GAL01,v,PH5,1,0,0,exhibition,y,,
KCM193804140,carlm101,HOM,1,4,value,27,3,5,,2,,,,,,1,19380414,0,HOU04,v,KCM,1,0,0,exhibition,y,,
HOM193804171,carlm101,HOM,1,4,value,30,2,4,0,0,0,,,,,1,19380417,1,NOL01,h,KCM,1,0,0,exhibition,y,d,
HOM193804172,carlm101,HOM,1,4,value,18,1,2,0,0,0,,,,,1,19380417,2,NOL01,h,KCM,0,1,0,exhibition,y,y,
ATN193804240,carlm101,HOM,1,4,value,27,5,3,0,2,0,,,,,1,19380424,0,ATL04,v,ATN,1,0,0,exhibition,y,y,
ATN193804250,carlm101,HOM,1,4,value,27,2,2,0,1,0,,,,,1,19380425,0,ATL04,v,ATN,1,0,0,exhibition,y,d,
ATN193804260,carlm101,HOM,1,4,value,27,3,1,0,0,0,,,,,1,19380426,0,ATL04,v,ATN,1,0,0,exhibition,y,d,
PTC193804300,carlm101,HOM,1,4,value,27,2,4,0,0,,,,,,1,19380430,0,PIT09,v,PTC,1,0,0,exhibition,y,,
HOM193805120,carlm101,HOM,1,4,value,27,0,2,1,1,0,,,,,1,19380512,0,BEC01,h,NY5,1,0,0,exhibition,y,d,
HOM193805150,carlm101,HOM,1,4,value,27,0,0,0,0,0,,,,,1,19380515,0,CUM01,h,NY5,1,0,0,regular,y,d,
HOM193805160,carlm101,HOM,1,4,value,18,0,1,0,0,0,,,,,1,19380516,0,MSN01,h,NY5,0,1,0,exhibition,y,d,
HOM193805170,carlm101,HOM,1,4,value,27,1,0,2,0,0,,,,,1,19380517,0,SCP01,h,NY5,1,0,0,exhibition,y,d,
PH5193805211,carlm101,HOM,1,4,value,27,5,3,0,0,0,,,,,1,19380521,1,PHI17,v,PH5,1,0,0,regular,y,d,
PH5193805212,carlm101,HOM,1,4,value,18,1,5,0,0,0,,,,,1,19380521,2,PHI17,v,PH5,0,1,0,regular,y,d,
PH5193805221,carlm101,HOM,1,4,value,27,2,2,2,,,,,,,1,19380522,1,PHI16,v,PH5,1,0,0,regular,y,,
PH5193805222,carlm101,HOM,1,4,value,21,1,3,0,,,,,,,1,19380522,2,PHI17,v,PH5,1,0,0,regular,y,,
PH5193805230,carlm101,HOM,1,4,value,15,2,1,0,0,0,,,,,1,19380523,0,CHE02,v,PH5,0,1,0,regular,y,d,
HOM193805280,carlm101,HOM,1,4,value,27,1,1,0,0,0,,,,,1,19380528,0,PPB01,h,WBS,1,0,0,regular,y,d,
HOM193805291,carlm101,HOM,1,4,value,27,,,1,,,,,,,1,19380529,1,CLE07,h,WBS,1,0,0,regular,y,,
HOM193805301,carlm101,HOM,1,4,value,27,0,4,,,,,,,,1,19380530,1,PIT09,h,WBS,1,0,0,regular,y,,
HOM193805310,carlm101,HOM,1,4,value,27,4,5,2,0,0,,,,,1,19380531,0,CAN03,h,WBS,1,0,0,regular,y,d,
NW2193806040,carlm101,HOM,1,5,value,27,,,1,,,,,,,1,19380604,0,TRE01,v,NW2,1,0,0,regular,y,,
NW2193806051,carlm101,HOM,1,4,value,27,3,2,0,0,0,,,,,1,19380605,1,NWK04,v,NW2,1,0,0,regular,y,d,
NW2193806052,carlm101,HOM,1,4,value,21,0,6,0,0,0,,,,,1,19380605,2,NWK04,v,NW2,1,0,0,regular,y,d,
PH5193806090,carlm101,HOM,1,4,value,24,2,1,0,0,0,,,,,1,19380609,0,PHI17,v,PH5,0,1,0,regular,y,d,
HOM193806120,carlm101,HOM,1,4,value,27,,,0,,,,,,,1,19380612,0,IND10,h,BLG,1,0,0,regular,y,,
HOM193806140,carlm101,HOM,1,4,value,27,,,0,,,,,,,1,19380614,0,LOU05,h,BLG,1,0,0,regular,y,,
HOM193806160,carlm101,HOM,1,4,value,,,,0,,,,,,,1,19380616,0,MID02,h,BLG,1,0,0,regular,y,,
HOM193807031,carlm101,HOM,1,4,value,27,1,4,0,0,,,,,,1,19380703,1,CLE07,h,PTC,1,0,0,regular,y,,
HOM193807032,carlm101,HOM,1,4,value,21,,,,,,,,,,1,19380703,2,CLE07,h,PTC,1,0,0,regular,y,,
PTC193807041,carlm101,HOM,1,4,value,27,3,7,1,0,,,,,,1,19380704,1,PIT09,v,PTC,1,0,0,regular,y,,
BLG193807090,carlm101,HOM,1,4,value,27,1,3,0,,,,,,,1,19380709,0,BAL14,v,BLG,1,0,0,regular,y,,
BLG193807101,carlm101,HOM,1,4,value,27,2,4,,,,,,,,1,19380710,1,BAL14,v,BLG,1,0,0,regular,y,,
BLG193807102,carlm101,HOM,1,4,value,19,,,,,,,,,,1,19380710,2,BAL14,v,BLG,0,1,0,regular,y,,
BLG193807110,carlm101,HOM,1,4,value,27,,,,,,,,,,1,19380711,0,BAL14,v,BLG,1,0,0,regular,y,,
HOM193807161,carlm101,HOM,1,6,value,26,2,2,1,1,0,,,,,1,19380716,1,PIT09,h,NY5,0,1,0,regular,y,d,
HOM193807161,carlm101,HOM,2,4,value,4,0,0,0,0,0,,,,,0,19380716,1,PIT09,h,NY5,0,1,0,regular,y,d,
HOM193807171,carlm101,HOM,1,4,value,27,1,8,0,,,,,,,1,19380717,1,CLE06,h,NY5,1,0,0,regular,y,,
HOM193807172,carlm101,HOM,1,4,value,21,1,4,0,,,,,,,1,19380717,2,CLE06,h,NY5,0,1,0,regular,y,,
HOM193807190,carlm101,HOM,1,4,value,27,,,,,,,,,,1,19380719,0,COL05,h,NY5,1,0,0,regular,y,,
HOM193807250,carlm101,HOM,1,4,value,27,2,3,0,3,0,,,,,1,19380725,0,IND10,h,MEM,1,0,0,exhibition,y,d,
HOM193807260,carlm101,HOM,1,4,value,27,1,2,0,0,0,,,,,1,19380726,0,DAY03,h,MEM,1,0,0,exhibition,y,d,
HOM193807312,carlm101,HOM,1,4,value,27,1,0,0,0,0,,,,,1,19380731,2,NYC16,h,MEM,1,0,0,exhibition,y,d,
HOM193808020,carlm101,HOM,1,4,value,27,6,1,0,1,0,,,,,1,19380802,0,ROC04,h,NW2,1,0,0,regular,y,d,
HOM193808070,carlm101,HOM,1,4,value,27,5,6,0,3,0,,,,,1,19380807,0,PIT06,h,NW2,1,0,0,regular,y,d,
PH5193808131,carlm101,HOM,1,4,value,27,1,3,1,0,0,,,,,1,19380813,1,PHI17,v,PH5,1,0,0,regular,y,d,
PH5193808132,carlm101,HOM,1,4,value,21,1,4,,,,,,,,1,19380813,2,PHI17,v,PH5,1,0,0,regular,y,,
NW2193808210,carlm101,HOM,1,4,value,46,3,9,2,0,0,,,,,1,19380821,0,NWK04,v,NW2,0,1,0,regular,y,d,
PH5193808271,carlm101,HOM,1,4,value,27,1,6,0,0,0,,,,,1,19380827,1,PHI17,v,PH5,1,0,0,regular,y,d,
PH5193808272,carlm101,HOM,1,4,value,18,2,1,0,0,0,,,,,1,19380827,2,PHI17,v,PH5,0,1,0,regular,y,y,
HOM193808281,carlm101,HOM,1,4,value,27,1,0,0,0,0,,,,,1,19380828,1,NWK04,h,PTC,1,0,0,regular,y,d,
HOM193808283,carlm101,HOM,1,4,value,27,3,5,0,2,,,,,,1,19380828,3,RED01,h,PTC,1,0,0,exhibition,y,,
BLG193908061,carlm101,MEM,1,4,value,27,2,3,0,0,0,,,,,1,19390806,1,BIR01,v,BLG,1,0,0,exhibition,y,d,
BLG193908062,carlm101,MEM,1,4,value,18,2,2,0,1,0,,,,,1,19390806,2,BIR01,v,BLG,0,1,0,exhibition,y,d,
HOM194004050,carlm101,HOM,1,4,value,27,,,0,0,0,,,,,1,19400405,0,ORL01,h,CV9,1,0,0,exhibition,y,,
HOM194004281,carlm101,HOM,1,4,value,27,1,4,0,1,0,,,,,1,19400428,1,NOL01,h,KCM,1,0,0,exhibition,y,,
HOM194004282,carlm101,HOM,1,4,value,21,2,2,0,0,0,,,,,1,19400428,2,NOL01,h,KCM,1,0,0,exhibition,y,,
HOM194005030,carlm101,HOM,1,4,value,27,1,,0,0,0,,,,,1,19400503,0,MNL01,h,CAG,1,0,0,exhibition,y,,
HOM194005110,carlm101,HOM,1,4,value,27,4,2,0,1,0,,,,,1,19400511,0,PIT06,h,NY6,1,0,0,regular,y,,
HOM194005121,carlm101,HOM,1,4,value,27,,,1,0,0,,,,,1,19400512,1,WAS09,h,NY6,1,0,0,regular,y,,
HOM194005122,carlm101,HOM,1,4,value,21,,,0,0,0,,,,,1,19400512,2,WAS09,h,NY6,1,0,0,regular,y,,
HOM194005180,carlm101,HOM,1,4,value,27,0,1,0,0,0,,,,,1,19400518,0,HRB01,h,BLG,0,1,0,regular,y,,
HOM194005191,carlm101,HOM,1,4,value,27,,,0,1,0,,,,,1,19400519,1,WAS09,h,BLG,1,0,0,regular,y,,
HOM194005192,carlm101,HOM,1,4,value,21,,,1,0,0,,,,,1,19400519,2,WAS09,h,BLG,0,1,0,regular,y,,
HOM194005261,carlm101,HOM,1,4,value,27,3,6,0,0,0,,,,,1,19400526,1,NYC16,h,PH5,1,0,0,regular,y,,
PH5194006011,carlm101,HOM,1,4,value,27,2,5,0,0,0,,,,,1,19400601,1,PHI17,v,PH5,1,0,0,regular,y,y,
PH5194006012,carlm101,HOM,1,4,value,21,6,1,1,1,0,,,,,1,19400601,2,PHI17,v,PH5,1,0,0,regular,y,y,
PH5194006060,carlm101,HOM,1,4,value,27,2,6,0,0,0,,,,,1,19400606,0,PHI17,v,PH5,1,0,0,regular,y,,
NW2194006091,carlm101,HOM,1,4,value,24,,,0,0,0,,,,,1,19400609,1,NWK04,v,NW2,0,1,0,regular,y,,
NW2194006092,carlm101,HOM,1,4,value,21,,,0,0,0,,,,,1,19400609,2,NWK04,v,NW2,1,0,0,regular,y,,
NW2194006130,carlm101,HOM,1,4,value,27,,,0,0,0,,,,,1,19400613,0,NWK04,v,NW2,1,0,0,regular,y,,
HOM194006161,carlm101,HOM,1,4,value,27,4,4,0,0,0,,,,,1,19400616,1,WAS09,h,NW2,1,0,0,regular,y,,
HOM194006162,carlm101,HOM,1,4,value,21,3,0,0,0,0,,,,,1,19400616,2,WAS09,h,NW2,0,1,0,regular,y,,
HOM194006200,carlm101,HOM,1,4,value,27,0,3,0,0,0,,,,,1,19400620,0,PIT06,h,KCM,1,0,0,exhibition,y,,
HOM194006231,carlm101,HOM,1,4,value,30,,,0,0,0,,,,,1,19400623,1,WAS09,h,PH5,1,0,0,regular,y,,
HOM194006232,carlm101,HOM,1,4,value,21,,,1,0,0,,,,,1,19400623,2,WAS09,h,PH5,1,0,0,regular,y,,
HOM194006270,carlm101,HOM,1,4,value,27,5,4,1,1,0,,,,,1,19400627,0,WAR03,h,PH5,1,0,0,regular,y,,
HOM194006301,carlm101,HOM,1,4,value,27,,,0,0,0,,,,,1,19400630,1,WAS09,h,NY5,1,0,0,regular,y,,
HOM194007020,carlm101,HOM,1,4,value,27,,,0,2,0,,,,,1,19400702,0,BUF06,h,BLG,0,1,0,regular,y,,
HOM194007041,carlm101,HOM,1,4,value,27,4,5,1,2,0,,,,,1,19400704,1,PIT06,h,BLG,1,0,0,regular,y,,
HOM194007042,carlm101,HOM,1,4,value,21,,,0,0,0,,,,,1,19400704,2,PIT06,h,BLG,1,0,0,regular,y,,
NY5194007072,carlm101,HOM,1,4,value,27,3,2,1,1,0,,,,,1,19400707,2,NYC16,v,NY5,1,0,0,regular,y,,
HOM194007120,carlm101,HOM,1,6,value,27,1,3,1,1,0,,,,,1,19400712,0,HRB01,h,BLG,0,1,0,regular,y,,
PH5194007131,carlm101,HOM,1,6,value,24,1,5,1,0,0,,,,,1,19400713,1,PHI17,v,PH5,0,1,0,regular,y,,
PH5194007132,carlm101,HOM,1,4,value,21,2,4,0,0,0,,,,,1,19400713,2,PHI17,v,PH5,1,0,0,regular,y,,
BLG194007141,carlm101,HOM,1,4,value,18,2,4,0,1,0,,,,,1,19400714,1,BAL10,v,BLG,0,1,0,regular,y,,
BLG194007142,carlm101,HOM,1,4,value,,,,0,0,0,,,,,1,19400714,2,BAL10,v,BLG,0,1,0,regular,y,,
BLG194007142,carlm101,HOM,2,6,value,,,,0,0,0,,,,,1,19400714,2,BAL10,v,BLG,0,1,0,regular,y,,
HOM194007281,carlm101,HOM,1,4,value,27,2,7,0,0,0,,,,,1,19400728,1,NYC16,h,BLG,1,0,0,regular,y,,
HOM194007282,carlm101,HOM,1,4,value,27,3,4,1,0,0,,,,,1,19400728,2,NYC16,h,BLG,0,1,0,regular,y,,
HOM194007310,carlm101,HOM,1,4,value,27,0,1,0,1,0,,,,,1,19400731,0,ALT02,h,PH5,1,0,0,regular,y,,
HOM194008010,carlm101,HOM,1,4,value,27,,,1,0,0,,,,,1,19400801,0,WAS09,h,PH5,0,1,0,exhibition,y,,
HOM194008041,carlm101,HOM,1,4,value,27,1,3,0,1,0,,,,,1,19400804,1,WAS09,h,NY6,1,0,0,regular,y,,
HOM194008042,carlm101,HOM,1,4,value,21,,,0,1,0,,,,,1,19400804,2,WAS09,h,NY6,1,0,0,regular,y,,
HOM194008070,carlm101,HOM,1,4,value,33,,,0,,0,0,,,,,19400807,0,CAN03,h,NY6,1,0,0,regular,,,
HOM194008090,carlm101,HOM,1,4,value,21,,,0,0,0,,,,,1,19400809,0,IND10,h,NY6,1,0,0,regular,y,,
HOM194008090,carlm101,HOM,2,6,value,6,,,0,0,0,,,,,1,19400809,0,IND10,h,NY6,1,0,0,regular,y,,
HOM194008150,carlm101,HOM,1,4,value,27,,,0,0,0,,,,,1,19400815,0,POR02,h,NY6,1,0,0,exhibition,y,,
HOM194008181,carlm101,HOM,1,4,value,27,,,0,1,0,,,,,1,19400818,1,WAS09,h,PH5,1,0,0,exhibition,y,,
HOM194008182,carlm101,HOM,1,4,value,21,,,0,0,0,,,,,1,19400818,2,WAS09,h,PH5,1,0,0,exhibition,y,,
NW2194008251,carlm101,HOM,1,4,value,,,,1,0,0,,,,,1,19400825,1,NWK04,v,NW2,0,1,0,regular,y,,
NW2194008252,carlm101,HOM,1,4,value,18,,,0,1,0,,,,,1,19400825,2,NWK04,v,NW2,0,1,0,regular,y,,
HOM194009011,carlm101,HOM,1,4,value,27,,,0,1,0,,,,,1,19400901,1,WAS09,h,BLG,1,0,0,regular,y,,
HOM194009012,carlm101,HOM,1,4,value,21,,,0,1,0,,,,,1,19400901,2,WAS09,h,BLG,1,0,0,regular,y,,
PH5194009021,carlm101,HOM,1,4,value,27,1,,0,0,0,,,,,1,19400902,1,PHI17,v,PH5,1,0,0,regular,y,,
PH5194009022,carlm101,HOM,1,4,value,24,4,,0,0,0,,,,,1,19400902,2,PHI17,v,PH5,0,1,0,regular,y,,
HOM194009030,carlm101,HOM,1,4,value,21,0,3,0,1,0,,,,,1,19400903,0,ALT02,h,NY6,0,1,0,exhibition,y,,
HOM194009081,carlm101,HOM,1,4,value,27,1,4,0,0,0,,,,,1,19400908,1,NYC16,h,MEM,1,0,0,exhibition,y,,
HOM194009120,carlm101,HOM,1,4,value,27,2,5,0,0,0,,,,,1,19400912,0,HRB01,h,MEM,1,0,0,exhibition,y,,
HOM194009130,carlm101,HOM,1,4,value,27,4,3,0,1,0,,,,,1,19400913,0,BEL02,h,MEM,1,0,0,exhibition,y,,
BLG194009141,carlm101,HOM,1,4,value,27,3,,0,0,0,,,,,1,19400914,1,PHI17,v,BLG,1,0,0,exhibition,y,,
BLG194009142,carlm101,HOM,1,4,value,21,2,,0,0,0,,,,,1,19400914,2,PHI17,v,BLG,1,0,0,exhibition,y,,
HOM194104300,carlm101,HOM,1,4,value,27,3,3,0,0,0,,,,,1,19410430,0,POR02,h,BLG,0,1,0,exhibition,y,,
HOM194105030,carlm101,HOM,1,4,value,27,1,4,0,0,0,,,,,1,19410503,0,PIT06,h,BLG,1,0,0,exhibition,y,,
HOM194105041,carlm101,HOM,1,4,value,27,5,4,0,0,0,,,,,1,19410504,1,WAS09,h,BLG,1,0,0,exhibition,y,,
HOM194105042,carlm101,HOM,1,4,value,21,3,5,0,1,0,,,,,1,19410504,2,WAS09,h,BLG,0,1,0,exhibition,y,,
HOM194105100,carlm101,HOM,1,4,value,27,1,2,0,0,0,,,,,1,19410510,0,HRB01,h,BLG,1,0,0,regular,y,,
BLG194105112,carlm101,HOM,1,4,value,21,,,0,0,0,,,,,1,19410511,2,BAL10,v,BLG,1,0,0,regular,y,,
HOM194105120,carlm101,HOM,1,4,value,27,2,1,2,0,0,,,,,1,19410512,0,RIC04,h,BLG,1,0,0,regular,y,,
HOM194105181,carlm101,HOM,1,4,value,27,2,,1,0,0,,,,,1,19410518,1,CLE07,h,NY5,1,0,0,regular,y,,
HOM194105182,carlm101,HOM,1,4,value,21,2,,0,0,0,,,,,1,19410518,2,CLE07,h,NY5,1,0,0,regular,y,,
HOM194105200,carlm101,HOM,1,4,value,27,3,3,1,1,0,,,,,1,19410520,0,CAN03,h,NY5,1,0,0,regular,y,,
HOM194105241,carlm101,HOM,1,4,value,27,0,3,0,0,0,,,,,1,19410524,1,PIT06,h,NY6,1,0,0,regular,y,,
HOM194105242,carlm101,HOM,1,4,value,21,1,3,1,0,0,,,,,1,19410524,2,PIT06,h,NY6,1,0,0,regular,y,,
HOM194105251,carlm101,HOM,1,4,value,27,3,3,0,0,0,,,,,1,19410525,1,WAS09,h,NY6,0,1,0,regular,y,,
HOM194105252,carlm101,HOM,1,4,value,21,6,4,1,1,0,,,,,1,19410525,2,WAS09,h,NY6,0,1,0,regular,y,,
PH5194105301,carlm101,HOM,1,4,value,27,2,5,0,0,0,,,,,1,19410530,1,PHI17,v,PH5,1,0,0,regular,y,,
PH5194105302,carlm101,HOM,1,4,value,24,5,4,0,0,0,,,,,1,19410530,2,PHI17,v,PH5,0,1,0,regular,y,,
HOM194106012,carlm101,HOM,1,5,value,3,0,,0,0,0,,,,,,19410601,2,WAS09,h,PH5,1,0,0,regular,y,,
HOM194106081,carlm101,HOM,1,5,value,3,0,0,0,1,0,,,,,,19410608,1,WAS09,h,BLG,1,0,0,regular,y,,
HOM194106082,carlm101,HOM,1,4,value,21,1,3,0,0,0,,,,,1,19410608,2,WAS09,h,BLG,0,1,0,regular,y,,
HOM194106090,carlm101,HOM,1,4,value,27,1,1,0,1,0,,,,,1,19410609,0,ALT02,h,NY6,1,0,0,regular,y,,
PH5194106190,carlm101,HOM,1,4,value,26,2,,1,0,0,,,,,1,19410619,0,PHI17,v,PH5,0,1,0,regular,y,,
NW2194106221,carlm101,HOM,1,4,value,,,,0,0,0,,,,,1,19410622,1,NWK04,v,NW2,1,0,0,regular,y,,
NW2194106222,carlm101,HOM,1,4,value,21,,,0,0,0,,,,,1,19410622,2,NWK04,v,NW2,0,0,1,regular,y,,
HOM194106250,carlm101,HOM,1,6,value,27,3,3,0,1,0,,,,,1,19410625,0,ALT02,h,PH5,1,0,0,regular,y,,
NW2194106260,carlm101,HOM,1,4,value,24,,,1,0,0,,,,,1,19410626,0,NWK04,v,NW2,0,1,0,regular,y,,
PH5194106281,carlm101,HOM,1,4,value,27,2,5,0,0,0,,,,,1,19410628,1,PHI17,v,PH5,1,0,0,regular,y,,
PH5194106282,carlm101,HOM,1,4,value,18,2,1,1,0,0,,,,,1,19410628,2,PHI17,v,PH5,0,1,0,regular,y,,
NY6194106292,carlm101,HOM,1,4,value,,3,5,0,2,0,,,,,1,19410629,2,NYC16,v,NY6,1,0,0,regular,y,,
NY6194107090,carlm101,HOM,1,4,value,18,3,3,0,0,0,,,,,1,19410709,0,NOR02,v,NY6,1,0,0,exhibition,y,,
NY6194107100,carlm101,HOM,1,4,value,24,3,4,0,1,0,,,,,1,19410710,0,NPN01,v,NY6,1,0,0,exhibition,y,,
NY6194107110,carlm101,HOM,1,4,value,27,3,2,0,0,0,,,,,1,19410711,0,YOR03,v,NY6,1,0,0,regular,y,,
HOM194107120,carlm101,HOM,1,4,value,27,3,4,0,2,0,,,,,1,19410712,0,ALT02,h,NY6,1,0,0,regular,y,,
HOM194107200,carlm101,HOM,1,4,value,27,2,4,0,0,0,,,,,1,19410720,0,WAS09,h,NW2,0,1,0,regular,y,,
HOM194107290,carlm101,HOM,1,4,value,27,5,0,1,0,0,,,,,1,19410729,0,CAN03,h,PH5,1,0,0,regular,y,,
HOM194108031,carlm101,HOM,1,4,value,27,0,0,0,0,0,,,,,1,19410803,1,DET04,h,BLG,0,1,0,regular,y,y,
HOM194108032,carlm101,HOM,1,4,value,30,1,0,0,0,0,,,,,1,19410803,2,DET04,h,BLG,1,0,0,regular,y,y,
HOM194108050,carlm101,HOM,1,4,value,27,1,,0,,0,0,,,,,19410805,0,POR01,h,NY6,1,0,0,exhibition,,,
PH5194108070,carlm101,HOM,1,4,value,27,2,5,0,0,0,,,,,1,19410807,0,PHI17,v,PH5,1,0,0,regular,y,,
HOM194108080,carlm101,HOM,1,4,value,27,1,3,1,1,0,,,,,1,19410808,0,ALT02,h,MEM,0,1,0,exhibition,y,,
HOM194108101,carlm101,HOM,1,4,value,27,0,1,0,0,0,,,,,1,19410810,1,WAS09,h,PH5,1,0,0,regular,y,,
HOM194108102,carlm101,HOM,1,4,value,21,2,4,0,0,0,,,,,1,19410810,2,WAS09,h,PH5,1,0,0,regular,y,,
HOM194108110,carlm101,HOM,1,4,value,27,1,1,1,0,0,,,,,1,19410811,0,YOR03,h,NW2,1,0,0,regular,y,,
HOM194108120,carlm101,HOM,1,4,value,27,1,6,0,2,0,,,,,1,19410812,0,ALT02,h,NW2,1,0,0,regular,y,,
HOM194108173,carlm101,HOM,1,4,value,,0,3,1,0,0,,,,,1,19410817,3,DAY03,h,NW2,0,1,0,regular,y,,
HOM194108231,carlm101,HOM,1,4,value,27,3,1,0,1,0,,,,,1,19410823,1,PIT06,h,BLG,1,0,0,regular,y,,
HOM194108241,carlm101,HOM,1,4,value,24,1,2,0,0,0,,,,,1,19410824,1,WAS09,h,BLG,0,1,0,regular,y,,
HOM194108242,carlm101,HOM,1,4,value,,0,0,0,0,0,,,,,,19410824,2,WAS09,h,BLG,0,1,0,regular,y,,
HOM194108280,carlm101,HOM,1,4,value,27,4,4,0,2,,,,,,1,19410828,0,YOU01,h,NY6,1,0,0,regular,y,,
HOM194108300,carlm101,HOM,1,4,value,27,1,2,0,1,0,,,,,1,19410830,0,KNP01,h,NY6,1,0,0,exhibition,y,,
HOM194109011,carlm101,HOM,1,4,value,30,0,5,1,0,0,,,,,1,19410901,1,WAS09,h,NW2,0,1,0,regular,y,,
HOM194109012,carlm101,HOM,1,4,value,15,1,1,0,0,0,,,,,1,19410901,2,WAS09,h,NW2,1,0,0,regular,y,,
NW2194109130,carlm101,HOM,1,4,value,27,2,2,1,1,0,,,,,1,19410913,0,JER02,v,NW2,1,0,0,exhibition,y,,
NW2194109141,carlm101,HOM,1,4,value,27,0,3,0,0,0,,,,,1,19410914,1,NYC14,v,NW2,1,0,0,regular,y,,
NW2194109142,carlm101,HOM,1,4,value,21,,,1,1,0,,,,,1,19410914,2,NYC14,v,NW2,1,0,0,regular,y,,
NY6194109211,carlm101,HOM,1,4,value,27,0,7,0,0,0,,,,,1,19410921,1,NYC16,v,NY6,1,0,0,championship,y,,
NY6194109212,carlm101,HOM,1,4,value,27,1,4,0,0,0,,,,,1,19410921,2,NYC16,v,NY6,1,0,0,exhibition,y,,
HOM194204191,carlm101,HOM,1,4,value,27,3,1,2,0,0,,,,,1,19420419,1,WAS09,h,NW2,0,1,0,exhibition,y,,
HOM194204192,carlm101,HOM,1,4,value,21,3,2,0,0,0,,,,,1,19420419,2,WAS09,h,NW2,0,1,0,exhibition,y,,
NY5194204240,carlm101,HOM,1,5,value,27,0,1,0,0,0,,,,,1,19420424,0,GRE01,v,NY5,1,0,0,exhibition,y,,
KCM194204261,carlm101,HOM,1,4,value,5,0,1,0,0,0,,,,,,19420426,1,NOL01,v,KCM,0,1,0,exhibition,y,,
NW2194205030,carlm101,HOM,1,9,value,,,,0,0,0,,,,,1,19420503,0,NWK04,v,NW2,1,0,0,exhibition,y,,
HOM194205102,carlm101,HOM,1,7,value,21,0,0,0,0,0,,,,,1,19420510,2,WAS09,h,NY5,1,0,0,regular,y,,
HOM194205110,carlm101,HOM,1,7,value,27,0,0,0,0,0,,,,,1,19420511,0,ALT02,h,BLG,0,1,0,exhibition,y,,
HOM194205172,carlm101,HOM,1,4,value,21,1,4,0,0,0,,,,,1,19420517,2,WAS09,h,BLG,1,0,0,regular,y,,
HOM194205301,carlm101,HOM,1,4,value,27,4,3,0,1,0,,,,,1,19420530,1,PIT06,h,NY6,1,0,0,regular,y,,
HOM194205302,carlm101,HOM,1,4,value,21,,,0,,0,0,,,,,19420530,2,PIT06,h,NY6,1,0,0,regular,,,
HOM194205310,carlm101,HOM,1,4,value,27,3,4,0,0,0,,,,,1,19420531,0,WAS09,h,ASD,1,0,0,exhibition,y,d,
PH5194206040,carlm101,HOM,1,4,value,24,1,0,1,1,0,,,,,1,19420604,0,PHI17,v,PH5,0,1,0,regular,y,,
HOM194206080,carlm101,HOM,1,4,value,21,1,2,1,0,0,,,,,1,19420608,0,YOR03,h,NW2,1,0,0,exhibition,y,,
HOM194206090,carlm101,HOM,1,4,value,18,3,0,0,0,0,,,,,1,19420609,0,CAN03,h,NW2,1,0,0,exhibition,y,,
HOM194206100,carlm101,HOM,1,4,value,27,5,0,0,0,0,,,,,1,19420610,0,AKR01,h,NW2,1,0,0,exhibition,y,,
PH5194206200,carlm101,HOM,1,4,value,6,0,0,0,0,0,,,,,,19420620,0,PHI17,v,PH5,1,0,0,regular,y,,
HOM194206281,carlm101,HOM,1,9,value,27,,,0,0,0,,,,,1,19420628,1,WAS09,h,NW2,0,1,0,regular,y,,
HOM194206281,carlm101,HOM,2,4,value,15,,,0,0,0,,,,,1,19420628,1,WAS09,h,NW2,0,1,0,regular,y,,
HOM194206282,carlm101,HOM,1,4,value,3,,,0,0,0,,,,,,19420628,2,WAS09,h,NW2,0,0,1,regular,y,,
HOM194206290,carlm101,HOM,1,9,value,27,,,2,,0,0,,,,1,19420629,0,NPN01,h,NW2,1,0,0,exhibition,,,
BLG194207030,carlm101,HOM,1,4,value,24,,,0,1,0,,,,,1,19420703,0,BAL14,v,BLG,0,1,0,regular,y,,
PH5194207041,carlm101,HOM,1,4,value,24,5,3,0,0,0,,,,,1,19420704,1,PHI17,v,PH5,0,1,0,regular,y,,
PH5194207121,carlm101,HOM,1,4,value,24,3,2,1,0,0,,,,,1,19420712,1,PHI17,v,PH5,0,1,0,regular,y,,
PH5194207122,carlm101,HOM,1,4,value,21,,,0,0,0,,,,,1,19420712,2,PHI17,v,PH5,1,0,0,regular,y,,
CCB194207150,carlm101,HOM,1,4,value,36,,,1,0,0,,,,,1,19420715,0,IND10,v,CCB,1,0,0,exhibition,y,,
CCB194207160,carlm101,HOM,1,4,value,27,4,2,0,0,0,,,,,1,19420716,0,MUN02,v,CCB,1,0,0,exhibition,y,,
CCB194207180,carlm101,HOM,1,4,value,27,0,4,0,0,0,,,,,1,19420718,0,AKR01,v,CCB,1,0,0,exhibition,y,,
CCB194207191,carlm101,HOM,1,4,value,27,,,0,0,0,,,,,1,19420719,1,CLE06,v,CCB,1,0,0,exhibition,y,,
CCB194207200,carlm101,HOM,1,4,value,27,2,2,0,0,0,,,,,1,19420720,0,YOU01,v,CCB,1,0,0,exhibition,y,,
CCB194207230,carlm101,HOM,1,4,value,27,4,5,0,3,0,,,,,1,19420723,0,ERI01,v,CCB,1,0,0,exhibition,y,,
HOM194207251,carlm101,HOM,1,4,value,27,4,6,1,0,0,,,,,1,19420725,1,PIT06,h,CCB,1,0,0,exhibition,y,,
HOM194207261,carlm101,HOM,1,4,value,27,2,2,1,0,0,,,,,1,19420726,1,WAS09,h,BLG,1,0,0,regular,y,,
HOM194207262,carlm101,HOM,1,4,value,21,2,3,1,0,0,,,,,1,19420726,2,WAS09,h,BLG,1,0,0,regular,y,,
HOM194208021,carlm101,HOM,1,4,value,27,3,4,1,0,0,,,,,1,19420802,1,WAS09,h,BIR,0,1,0,exhibition,y,,
HOM194208022,carlm101,HOM,1,4,value,21,4,2,0,0,0,,,,,1,19420802,2,WAS09,h,BIR,1,0,0,exhibition,y,,
BLG194208070,carlm101,HOM,1,4,value,27,,,1,1,0,,,,,1,19420807,0,BAL14,v,BLG,1,0,0,regular,y,,
HOM194208130,carlm101,HOM,1,4,value,24,0,5,0,0,0,,,,,1,19420813,0,WAS09,h,KCM,1,0,0,exhibition,y,,
HOM194208161,carlm101,HOM,1,4,value,27,2,2,0,0,0,,,,,1,19420816,1,WAS09,h,NY6,0,1,0,exhibition,y,,
HOM194208162,carlm101,HOM,1,4,value,21,1,1,1,1,0,,,,,1,19420816,2,WAS09,h,NY6,1,0,0,exhibition,y,,
HOM194208181,carlm101,HOM,1,4,value,27,0,5,0,0,0,,,,,1,19420818,1,AKR01,h,CAG,1,0,0,exhibition,y,,
HOM194208182,carlm101,HOM,1,4,value,27,3,4,0,1,0,,,,,1,19420818,2,CAN03,h,CAG,1,0,0,exhibition,y,,
HOM194208190,carlm101,HOM,1,4,value,27,1,4,1,0,0,,,,,1,19420819,0,OIL01,h,CAG,1,0,0,exhibition,y,,
HOM194208211,carlm101,HOM,1,4,value,18,0,2,0,0,0,,,,,1,19420821,1,PIT06,h,PH5,0,1,0,exhibition,y,,
HOM194208212,carlm101,HOM,1,4,value,27,4,2,0,2,0,,,,,1,19420821,2,WAP01,h,PH5,1,0,0,exhibition,y,,
HOM194208221,carlm101,HOM,1,4,value,27,2,2,0,0,0,,,,,1,19420822,1,PIT06,h,PH5,1,0,0,regular,y,,
HOM194208230,carlm101,HOM,1,4,value,27,3,2,1,0,0,,,,,1,19420823,0,WAS09,h,PH5,1,0,0,regular,y,,
PH5194208240,carlm101,HOM,1,4,value,27,,,0,0,0,,,,,1,19420824,0,PHI17,v,PH5,0,0,1,exhibition,y,,
HOM194208280,carlm101,HOM,1,4,value,27,,,0,,0,0,,,,,19420828,0,LIM01,h,PH5,1,0,0,exhibition,,,
CAG194208302,carlm101,HOM,1,4,value,21,3,0,0,0,0,,,,,1,19420830,2,CHI10,v,CAG,1,0,0,regular,y,d,
NW2194209061,carlm101,HOM,1,4,value,27,0,1,0,0,0,,,,,1,19420906,1,NYC15,v,NW2,1,0,0,regular,y,,
NW2194209062,carlm101,HOM,1,4,value,18,,,0,0,0,,,,,1,19420906,2,NYC15,v,NW2,0,1,0,regular,y,,
NW2194209071,carlm101,HOM,1,4,value,27,,,1,0,0,,,,,1,19420907,1,NWK04,v,NW2,1,0,0,regular,y,,
NW2194209072,carlm101,HOM,1,4,value,18,,,0,0,0,,,,,1,19420907,2,NWK04,v,NW2,0,1,0,regular,y,,
HOM194209080,carlm101,HOM,1,4,value,27,1,6,1,2,0,,,,,1,19420908,0,WAS09,h,KCM,0,1,0,championship,y,d,
HOM194209131,carlm101,HOM,1,4,value,27,2,2,0,0,0,,,,,1,19420913,1,NYC16,h,KCM,0,1,0,championship,y,d,
HOM194209132,carlm101,HOM,1,4,value,21,2,1,0,0,0,,,,,1,19420913,2,NYC16,h,KCM,0,1,0,regular,y,,
NW2194209141,carlm101,HOM,1,4,value,18,1,2,1,0,0,,,,,1,19420914,1,HAR02,v,NW2,0,1,0,exhibition,y,,
NW2194209142,carlm101,HOM,1,4,value,21,3,1,0,1,0,,,,,1,19420914,2,HAR02,v,NW2,0,1,0,exhibition,y,,
PH5194209160,carlm101,HOM,1,4,value,36,6,1,2,0,0,,,,,1,19420916,0,PHI17,v,PH5,0,0,1,exhibition,y,,
BLG194209170,carlm101,HOM,1,4,value,29,,,3,1,0,,,,,1,19420917,0,BAL14,v,BLG,0,1,0,exhibition,y,,
HOM194209290,carlm101,HOM,1,4,value,24,1,2,1,0,0,,,,,1,19420929,0,PHI11,h,KCM,0,1,0,championship,y,y,
HOM194306131,carlm101,HOM,1,5,value,,2,6,1,0,0,,,,,1,19430613,1,WAS09,h,NY6,0,1,0,regular,y,,
HOM194306131,carlm101,HOM,2,4,value,,,,1,0,0,,,,,1,19430613,1,WAS09,h,NY6,0,1,0,regular,y,,
HOM194306170,carlm101,HOM,1,5,value,18,0,0,0,0,0,,,,,1,19430617,0,WAS09,h,KCM,0,1,0,exhibition,y,d,
PH5194306190,carlm101,HOM,1,5,value,27,3,0,1,0,0,,,,,1,19430619,0,PHI17,v,PH5,1,0,0,regular,y,,
HOM194306240,carlm101,HOM,1,5,value,33,2,1,2,0,0,,,,,1,19430624,0,WAS09,h,HSL,1,0,0,regular,y,d,
HOM194307010,carlm101,HOM,1,5,value,27,,,0,,0,0,,,,,19430701,0,NOR02,h,NW2,1,0,0,regular,,,
NW2194307020,carlm101,HOM,1,5,value,27,0,2,0,0,0,0,0,0,,1,19430702,0,RIC04,v,NW2,1,0,0,regular,y,,
HOM194307080,carlm101,HOM,1,4,value,27,0,4,0,0,0,,,,,1,19430708,0,HAM02,v,CVB,1,0,0,exhibition,y,,
HOM194307102,carlm101,HOM,1,5,value,15,0,2,1,0,0,,,,,1,19430710,2,PIT06,h,CVB,0,1,0,exhibition,y,d,
HOM194308072,carlm101,HOM,1,4,value,,4,3,2,0,0,,,,,,19430807,2,PIT06,h,NW2,1,0,0,regular,y,,
HOM194308140,carlm101,HOM,1,4,value,27,1,2,0,0,0,,,,,1,19430814,0,WAS09,h,NY6,1,0,0,regular,y,,
HOM194308151,carlm101,HOM,1,4,value,27,1,2,1,0,0,,,,,1,19430815,1,WAS09,h,NY6,0,1,0,regular,y,,
HOM194308152,carlm101,HOM,1,4,value,21,1,2,0,1,0,,,,,1,19430815,2,WAS09,h,NY6,1,0,0,regular,y,,
HOM194309121,carlm101,HOM,1,4,value,3,0,0,0,0,0,,,,,,19430912,1,WAS09,h,PH5,1,0,0,exhibition,y,,
HOM194309122,carlm101,HOM,1,5,value,21,0,2,0,0,0,,,,,1,19430912,2,WAS09,h,PH5,1,0,0,exhibition,y,,
NNS194309180,carlm101,HOM,1,4,value,27,3,2,0,0,0,,,,,1,19430918,0,PHI17,v,NNS,1,0,0,exhibition,y,d,
NNS194309191,carlm101,HOM,1,4,value,24,3,4,0,0,0,,,,,1,19430919,1,PHI17,v,NNS,0,1,0,exhibition,y,d,
BIR194309260,carlm101,HOM,1,4,value,15,2,2,0,1,0,,,,,0,19430926,0,CHI10,v,BIR,1,0,0,championship,y,d,
BIR194310100,carlm101,HOM,1,4,value,27,2,1,0,0,0,0,0,0,,1,19431010,0,BIR01,v,BIR,1,0,0,exhibition,y,,
NW2194408180,carlm101,HOM,1,4,value,12,0,2,0,0,0,,,,,0,19440818,0,NWK04,v,NW2,1,0,0,regular,y,d,
NY6194604020,carlm101,HOM,1,4,value,27,1,2,0,0,0,,,,,1,19460402,0,NOL01,v,NY6,1,0,0,exhibition,y,d,
HOM194604210,carlm101,HOM,1,4,value,27,1,1,0,1,0,,,,,1,19460421,0,WAS09,h,NY5,0,1,0,exhibition,y,d,
NY5194604281,carlm101,HOM,1,4,value,27,1,2,0,1,0,,,,,1,19460428,1,NYC16,v,NY5,1,0,0,exhibition,y,d,
BLG194605051,carlm101,HOM,1,4,value,27,1,3,0,0,0,,,,,1,19460505,1,BAL14,v,BLG,1,0,0,regular,y,,
BLG194605052,carlm101,HOM,1,4,value,20,0,3,0,0,0,,,,,1,19460505,2,BAL14,v,BLG,0,1,0,regular,y,,
HOM194605090,carlm101,HOM,1,4,value,27,2,4,0,0,0,,,,,1,19460509,0,YOR02,h,BLG,0,1,0,regular,y,d,
HOM194605100,carlm101,HOM,1,4,value,24,3,1,0,0,0,,,,,1,19460510,0,ALT02,h,BLG,1,0,0,regular,y,d,
HOM194605200,carlm101,HOM,1,4,value,27,0,5,0,1,0,,,,,1,19460520,0,HRB01,h,NY5,1,0,0,regular,y,,
BLG194605302,carlm101,HOM,1,4,value,,2,1,0,0,0,,,,,,19460530,2,BAL14,v,BLG,1,0,0,regular,y,,
NY6194606030,carlm101,HOM,1,4,value,24,4,3,0,0,0,,,,,1,19460603,0,NYC23,v,NY6,0,1,0,regular,y,d,
PH5194606060,carlm101,HOM,1,4,value,24,1,2,2,0,0,,,,,1,19460606,0,PHI17,v,PH5,0,1,0,regular,y,,
HOM194606162,carlm101,HOM,1,4,value,6,1,1,0,1,0,,,,,0,19460616,2,WAS09,h,NY6,1,0,0,regular,y,d,
NY5194608120,carlm101,HOM,1,5,value,9,0,1,0,0,0,,,,,,19460812,0,NYC23,v,NY5,1,0,0,regular,y,,
PH5194608260,carlm101,HOM,1,4,value,24,2,2,0,0,0,,,,,1,19460826,0,LAN01,v,PH5,0,1,0,regular,y,,
PH5194608290,carlm101,HOM,1,4,value,27,5,3,0,0,0,,,,,1,19460829,0,YOU01,v,PH5,1,0,0,regular,y,,
PH5194608301,carlm101,HOM,1,4,value,24,1,0,0,0,0,,,,,1,19460830,1,NYC16,v,PH5,0,1,0,regular,y,d,
PH5194608310,carlm101,HOM,1,4,value,12,2,2,0,0,0,,,,,1,19460831,0,WIL04,v,PH5,0,1,0,regular,y,,
NY6194609222,carlm101,HOM,1,4,value,21,2,0,0,0,0,,,,,1,19460922,2,NYC14,v,NY6,0,0,1,exhibition,y,,
VMA194609300,carlm101,HOM,1,4,value,24,0,1,0,0,0,,,,,1,19460930,0,DAY03,v,VMA,0,1,0,exhibition,y,,
MEM194704170,carlm101,IN9,1,6,value,24,0,1,1,0,0,,,,,1,19470417,0,OKC02,v,MEM,0,1,0,exhibition,y,d,
NY6194806061,carlm101,NY6,1,6,value,,0,2,1,0,0,0,,,,1,19480606,1,NYC14,h,HOM,0,1,0,regular,y,,
BLG194806080,carlm101,NY6,1,6,value,,1,1,0,0,0,0,,,,1,19480608,0,BAL14,v,BLG,0,1,0,regular,y,,
PH5194806100,carlm101,NY6,1,6,value,,0,2,0,0,0,0,,,,1,19480610,0,WIL04,v,PH5,0,1,0,regular,y,,
