gid,team,inn1,inn2,inn3,inn4,inn5,inn6,inn7,inn8,inn9,inn10,inn11,inn12,inn13,inn14,inn15,inn16,inn17,inn18,inn19,inn20,inn21,inn22,inn23,inn24,inn25,inn26,inn27,inn28,lob,mgr,stattype,b_pa,b_ab,b_r,b_h,b_d,b_t,b_hr,b_rbi,b_sh,b_sf,b_hbp,b_w,b_iw,b_k,b_sb,b_cs,b_gdp,b_xi,b_roe,p_ipouts,p_noout,p_bfp,p_h,p_d,p_t,p_hr,p_r,p_er,p_w,p_iw,p_k,p_hbp,p_wp,p_bk,p_sh,p_sf,p_sb,p_cs,p_pb,d_po,d_a,d_e,d_dp,d_tp,d_pb,d_wp,d_sb,d_cs,start_l1,start_l2,start_l3,start_l4,start_l5,start_l6,start_l7,start_l8,start_l9,start_f1,start_f2,start_f3,start_f4,start_f5,start_f6,start_f7,start_f8,start_f9,start_f10,date,number,site,vishome,opp,win,loss,tie,gametype,box,pbp
IN9194709290,KCM,0,1,1,0,0,1,0,0,1,,,,,,,,,,,,,,,,,,,,,duncf102,value,,,4,8,,1,,,,,,,,,,,,,,27,,,5,,,,3,,,,,,,,,,,,,27,,3,,0,,,,,,,,,,,,,,collg101,taboe101,,,,,,,,,19470929,0,AUS01,v,IN9,1,0,0,exhibition,,
IN9194709290,IN9,0,0,0,1,0,0,1,1,0,,,,,,,,,,,,,,,,,,,,,walkh103,value,,,3,5,,,,,,,,,,,,,,,,27,,,8,,1,,4,,,,,,,,,,,,,27,,6,,0,,,,,,,,,,,,,,willj112,hairs101,,,,,,,,,19470929,0,AUS01,h,KCM,0,1,0,exhibition,,
KCM194804110,IN9,1,0,1,1,0,1,0,0,1,,,,,,,,,,,,,,,,,,,,11,ramir101,value,43,41,5,12,2,1,0,4,1,0,0,1,0,5,1,0,1,0,4,24,0,37,11,0,2,0,6,5,5,1,4,0,0,0,0,0,2,2,1,24,12,1,0,0,1,0,2,2,mesaa101,ferrc102,neilr101,hairs101,cabrr101,drakr101,merch101,perel101,cabrl101,cabrl101,hairs101,merch101,neilr101,perel101,ferrc102,cabrr101,drakr101,mesaa101,,19480411,0,AUS01,v,KCM,0,1,0,exhibition,y,d
KCM194804110,KCM,0,1,0,0,2,1,2,0,,,,,,,,,,,,,,,,,,,,,7,oneib801,value,37,32,6,11,0,2,0,5,0,0,0,5,1,4,2,2,0,0,0,27,0,43,12,2,1,0,5,3,1,0,5,0,0,0,1,0,1,0,0,27,11,4,1,0,0,0,1,0,robec102,soueh101,thomh103,broww101,scotj106,bakeg101,taboe101,coopt101,lamaj102,lamaj102,taboe101,coopt101,thomh103,soueh101,bakeg101,robec102,broww101,scotj106,,19480411,0,AUS01,h,IN9,1,0,0,exhibition,y,d
HOE194907120,IN9,1,0,1,0,0,0,0,0,1,,,,,,,,,,,,,,,,,,,,,haywb102,value,,,3,6,,,,,,,,,,,,,,,,27,,,4,,,,1,,,,,,,,,,,,,27,,1,,,,,,,,,,,,,,,,maddr101,piggl101,,,,,,,,,19490712,0,AUS01,v,HOE,1,0,0,regular,,
HOE194907120,HOE,1,0,0,0,0,0,0,0,0,,,,,,,,,,,,,,,,,,,,,joner104,value,,,1,4,,,,,,,,,,,,,,,,27,,,6,,,,3,,,,,,,,,,,,,27,,3,,,,,,,,,,,,,,,,odelj101,ruffl101,,,,,,,,,19490712,0,AUS01,h,IN9,0,1,0,regular,,
