gid,id,team,p_seq,stattype,p_ipouts,p_noout,p_bfp,p_h,p_d,p_t,p_hr,p_r,p_er,p_w,p_iw,p_k,p_hbp,p_wp,p_bk,p_sh,p_sf,p_sb,p_cs,p_pb,wp,lp,save,p_gs,p_gf,p_cg,date,number,site,vishome,opp,win,loss,tie,gametype,box,pbp,eject
BIR194304190,danig101,CI2,1,value,24,,,,,,,3,,,,,,,,,,,,,1,,,1,,,19430419,0,MTG01,v,BIR,1,0,0,exhibition,,,
CI2194305180,danig101,CI2,1,value,30,0,45,8,0,0,0,2,1,7,0,3,2,0,0,2,0,1,2,0,1,,,1,,1,19430518,0,SPR04,h,BIR,1,0,0,regular,y,d,
CI2194305232,danig101,CI2,1,value,14,0,19,3,1,0,0,1,1,3,0,1,0,0,0,0,0,0,0,0,,,,1,,,19430523,2,CIN07,h,CAG,1,0,0,regular,y,d,
CI2194305260,danig101,CI2,1,value,10,0,15,3,0,1,1,2,2,2,0,0,0,0,0,0,0,0,0,0,,1,,1,,,19430526,0,SPR03,h,CAG,0,1,0,regular,y,d,
CVB194305290,danig101,CI2,1,value,3,,,,,,,5,,,,,,,,,,,,,,1,,1,,,19430529,0,CAN03,v,CVB,0,1,0,regular,,,
CVB194306010,danig101,CI2,1,value,3,,,3,,,,3,3,,,,1,,,,,,,,,1,,1,,,19430601,0,BUF06,v,CVB,0,1,0,regular,,,
CI2194306030,danig101,CI2,1,value,,,,,,,,,,,,,,,,,,,,,,,,1,,,19430603,0,COL05,h,KCM,0,1,0,regular,,,
KCM194308230,danig101,CI2,1,value,15,2,31,5,0,0,0,7,4,9,0,2,1,0,0,,0,,,,,1,,1,,,19430823,0,OKC02,v,KCM,0,1,0,regular,y,,
KCM194308240,danig101,CI2,1,value,7,,16,3,0,0,0,5,,4,0,0,0,1,0,0,0,,,,,,,1,,,19430824,0,MUS01,v,KCM,0,1,0,regular,y,,
