gid,id,team,d_seq,d_pos,stattype,d_ifouts,d_po,d_a,d_e,d_dp,d_tp,d_pb,d_wp,d_sb,d_cs,d_gs,date,number,site,vishome,opp,win,loss,tie,gametype,box,pbp,eject
NY5193905301,rivec101,BLG,1,5,value,27,0,1,0,1,0,,,,,1,19390530,1,NYC23,v,NY5,1,0,0,regular,y,,
NY5193905302,rivec101,BLG,1,5,value,3,2,1,0,0,0,,,,,1,19390530,2,NYC23,v,NY5,0,1,0,regular,y,,
NY5193905302,rivec101,BLG,2,6,value,15,,,1,0,0,,,,,1,19390530,2,NYC23,v,NY5,0,1,0,regular,y,,
NY6193906041,rivec101,BLG,1,5,value,27,0,0,0,0,0,,,,,1,19390604,1,NYC16,v,NY6,1,0,0,regular,y,d,
PH5193906080,rivec101,BLG,1,5,value,27,1,0,0,0,0,,,,,1,19390608,0,PHI17,v,PH5,1,0,0,regular,y,,
PH5193906270,rivec101,BLG,1,5,value,27,0,,0,0,0,,,,,1,19390627,0,PHI17,v,PH5,1,0,0,regular,y,,
NY5193907022,rivec101,BLG,1,5,value,27,1,2,0,0,0,,,,,1,19390702,2,NYC16,v,NY5,1,0,0,regular,y,d,
PH5193907081,rivec101,BLG,1,5,value,27,0,4,1,0,0,,,,,1,19390708,1,PHI17,v,PH5,1,0,0,regular,y,d,
PH5193907082,rivec101,BLG,1,5,value,21,0,2,0,0,0,,,,,1,19390708,2,PHI17,v,PH5,1,0,0,regular,y,d,
BLG193907161,rivec101,BLG,1,5,value,27,2,0,0,0,0,,,,,1,19390716,1,BAL10,h,NY6,0,1,0,regular,y,d,
BLG193907162,rivec101,BLG,1,5,value,21,0,0,0,0,0,,,,,1,19390716,2,BAL10,h,NY6,1,0,0,regular,y,d,
BLG193907232,rivec101,BLG,1,5,value,15,1,0,0,0,0,,,,,1,19390723,2,WAS09,h,NW2,1,0,0,regular,y,d,
BLG193908061,rivec101,BLG,1,5,value,27,0,2,2,0,0,,,,,1,19390806,1,BIR01,h,MEM,0,1,0,exhibition,y,d,
BLG193908062,rivec101,BLG,1,5,value,21,2,3,0,2,0,,,,,1,19390806,2,BIR01,h,MEM,1,0,0,exhibition,y,d,
NY5194305161,rivec101,NY6,1,6,value,27,,,1,0,0,,,,,1,19430516,1,NYC16,v,NY5,1,0,0,regular,y,,
NY5194305162,rivec101,NY6,1,6,value,30,,,0,0,0,,,,,1,19430516,2,NYC16,v,NY5,0,0,1,regular,y,,
NY6194305232,rivec101,NY6,1,4,value,27,5,2,0,1,0,,,,,1,19430523,2,NYC16,h,BLG,1,0,0,regular,y,,
PH5194305290,rivec101,NY6,1,4,value,27,2,6,1,0,0,,,,,1,19430529,0,PHI17,v,PH5,1,0,0,regular,y,,
NY6194305302,rivec101,NY6,1,4,value,27,1,2,0,0,0,,,,,1,19430530,2,NYC14,h,NW2,1,0,0,regular,y,,
PH5194305311,rivec101,NY6,1,4,value,,1,2,0,0,0,,,,,1,19430531,1,PHI17,v,PH5,0,1,0,regular,y,,
PH5194305311,rivec101,NY6,2,6,value,,,,0,0,0,,,,,1,19430531,1,PHI17,v,PH5,0,1,0,regular,y,,
PH5194305312,rivec101,NY6,1,6,value,27,5,3,1,0,0,,,,,1,19430531,2,PHI17,v,PH5,1,0,0,regular,y,,
NY6194306010,rivec101,NY6,1,6,value,27,,,0,3,0,0,,,,,19430601,0,NOR02,h,HOM,0,1,0,regular,,,
BLG194306040,rivec101,NY6,1,6,value,24,1,4,0,0,0,,,,,1,19430604,0,BAL14,v,BLG,0,1,0,regular,y,d,
BLG194306050,rivec101,NY6,1,6,value,27,5,4,2,1,0,0,0,0,,1,19430605,0,BAL14,v,BLG,1,0,0,regular,y,,
BLG194306061,rivec101,NY6,1,6,value,27,3,2,0,1,0,0,0,0,,1,19430606,1,BAL14,v,BLG,1,0,0,regular,y,,
BLG194306062,rivec101,NY6,1,6,value,21,1,3,0,2,0,,,,,1,19430606,2,BAL14,v,BLG,1,0,0,regular,y,d,
HOM194306121,rivec101,NY6,1,4,value,24,1,4,0,1,0,,,,,1,19430612,1,WAS09,v,HOM,0,1,0,regular,y,d,
HOM194306122,rivec101,NY6,1,4,value,18,1,4,0,0,0,,,,,1,19430612,2,WAS09,v,HOM,0,1,0,regular,y,d,
HOM194306131,rivec101,NY6,1,4,value,27,2,3,0,0,0,,,,,1,19430613,1,WAS09,v,HOM,1,0,0,regular,y,,
HOM194306132,rivec101,NY6,1,4,value,18,2,2,0,0,0,,,,,1,19430613,2,WAS09,v,HOM,0,1,0,regular,y,,
MEM194306160,rivec101,NY6,1,4,value,18,2,0,0,0,0,,,,,1,19430616,0,SPR04,v,MEM,0,1,0,exhibition,y,d,
BIR194306200,rivec101,NY6,1,4,value,24,4,5,1,0,0,,,,,1,19430620,0,CHI11,v,BIR,0,1,0,exhibition,y,d,
BIR194306250,rivec101,NY6,1,4,value,24,3,6,0,1,0,,,,,1,19430625,0,ZAN02,v,BIR,0,1,0,exhibition,y,d,
NY6194307042,rivec101,NY6,1,4,value,,2,0,0,0,0,,,,,,19430704,2,NYC16,h,PH5,1,0,0,regular,y,,
PH5194307051,rivec101,NY6,1,4,value,27,4,7,0,0,0,,,,,1,19430705,1,PHI17,v,PH5,1,0,0,regular,y,,
PH5194307052,rivec101,NY6,1,4,value,24,0,1,1,0,0,,,,,1,19430705,2,PHI17,v,PH5,0,1,0,regular,y,,
NY6194308081,rivec101,NY6,1,5,value,21,1,0,0,0,0,,,,,1,19430808,1,NYC16,h,PH5,1,0,0,regular,y,,
NY6194308082,rivec101,NY6,1,5,value,27,1,0,0,0,0,,,,,1,19430808,2,NYC16,h,KCM,1,0,0,exhibition,y,,
PH5194308120,rivec101,NY6,1,5,value,18,1,1,0,0,0,,,,,1,19430812,0,PHI17,v,PH5,0,1,0,regular,y,,
HOM194308140,rivec101,NY6,1,5,value,24,2,3,0,0,0,,,,,1,19430814,0,WAS09,v,HOM,0,1,0,regular,y,,
HOM194308151,rivec101,NY6,1,5,value,,0,0,0,0,0,,,,,,19430815,1,WAS09,v,HOM,1,0,0,regular,y,,
HOM194308152,rivec101,NY6,1,5,value,,1,2,0,0,0,,,,,1,19430815,2,WAS09,v,HOM,0,1,0,regular,y,,
HOM194308152,rivec101,NY6,2,3,value,,,,0,0,0,,,,,1,19430815,2,WAS09,v,HOM,0,1,0,regular,y,,
NW2194308292,rivec101,NY6,1,5,value,27,0,0,1,0,0,,,,,1,19430829,2,NWK04,v,NW2,1,0,0,regular,y,d,
CI2194309020,rivec101,NY6,1,4,value,27,1,2,0,0,0,,,,,1,19430902,0,MIL03,v,CI2,1,0,0,exhibition,y,d,
NY6194309121,rivec101,NY6,1,5,value,27,0,3,0,0,0,,,,,1,19430912,1,NYC16,h,BLG,1,0,0,exhibition,y,,
NY6194309122,rivec101,NY6,1,5,value,27,1,2,0,1,0,,,,,1,19430912,2,NYC16,h,KCM,1,0,0,exhibition,y,,
PH5194406150,rivec101,NY5,1,6,value,24,0,2,0,0,0,,,,,1,19440615,0,PHI17,v,PH5,0,1,0,regular,y,,
BLG194407021,rivec101,NY5,1,5,value,24,,,1,,0,0,,,,,19440702,1,BAL14,v,BLG,0,1,0,regular,,,
NY5194407091,rivec101,NY5,1,5,value,27,3,4,1,0,0,0,0,0,,1,19440709,1,NYC14,h,PH5,0,1,0,regular,y,,
NW2194407140,rivec101,NY5,1,5,value,24,0,0,0,0,0,,,,,1,19440714,0,NWK04,v,NW2,0,1,0,regular,y,d,
NW2194407150,rivec101,NY5,1,6,value,27,,,0,1,0,,,,,1,19440715,0,TRE01,v,NW2,1,0,0,regular,y,,
NW2194407160,rivec101,NY5,1,6,value,24,,,3,2,0,0,0,0,,1,19440716,0,NWK04,v,NW2,0,1,0,regular,y,,
BLG194407210,rivec101,NY5,1,6,value,18,1,2,0,2,0,,,,,1,19440721,0,BAL14,v,BLG,0,1,0,regular,y,d,
BLG194407210,rivec101,NY5,2,5,value,6,0,0,1,0,0,,,,,0,19440721,0,BAL14,v,BLG,0,1,0,regular,y,d,
BLG194407231,rivec101,NY5,1,6,value,24,0,0,0,0,0,,,,,1,19440723,1,BAL14,v,BLG,0,1,0,regular,y,d,
BLG194407232,rivec101,NY5,1,5,value,18,0,0,0,0,0,,,,,1,19440723,2,BAL14,v,BLG,0,1,0,regular,y,d,
NY6194407280,rivec101,NY5,1,5,value,24,1,3,0,0,0,,,,,1,19440728,0,HRB01,v,NY6,0,1,0,regular,y,d,
HOM194407301,rivec101,NY5,1,6,value,18,0,0,0,0,0,,,,,1,19440730,1,WAS09,v,HOM,0,1,0,regular,y,d,
HOM194407301,rivec101,NY5,2,5,value,8,0,0,0,0,0,,,,,0,19440730,1,WAS09,v,HOM,0,1,0,regular,y,d,
HOM194407302,rivec101,NY5,1,5,value,18,0,0,0,0,0,,,,,1,19440730,2,WAS09,v,HOM,0,1,0,regular,y,d,
HOM194407310,rivec101,NY5,1,5,value,24,1,1,2,0,0,,,,,1,19440731,0,ALT02,v,HOM,0,1,0,regular,y,d,
HOM194408010,rivec101,NY5,1,5,value,24,2,1,0,0,0,,,,,1,19440801,0,PIT06,v,HOM,0,1,0,regular,y,,
PH5194408030,rivec101,NY5,1,5,value,27,0,3,0,0,0,,,,,1,19440803,0,PHI17,v,PH5,1,0,0,regular,y,,
BLG194409031,rivec101,NY5,1,5,value,24,,,0,0,0,,,,,1,19440903,1,BAL14,v,BLG,0,1,0,regular,y,,
BLG194409032,rivec101,NY5,1,5,value,18,,,1,0,0,,,,,1,19440903,2,BAL14,v,BLG,0,1,0,regular,y,,
PH5194409041,rivec101,NY5,1,5,value,24,1,1,0,0,0,,,,,1,19440904,1,PHI17,v,PH5,0,1,0,regular,y,d,
