gid,id,team,d_seq,d_pos,stattype,d_ifouts,d_po,d_a,d_e,d_dp,d_tp,d_pb,d_wp,d_sb,d_cs,d_gs,date,number,site,vishome,opp,win,loss,tie,gametype,box,pbp,eject
ATN193705302,coopb101,ATN,1,2,value,21,4,0,0,0,0,0,0,0,0,1,19370530,2,ATL04,h,JAX,1,0,0,exhibition,y,d,
ATN193706100,coopb101,ATN,1,2,value,9,2,0,2,0,0,0,0,0,0,0,19370610,0,ATL04,h,BIR,0,1,0,exhibition,y,d,
ATN193707080,coopb101,ATN,1,5,value,27,1,1,0,0,0,,,,,1,19370708,0,ATL04,h,CI1,0,1,0,regular,y,d,
ATN193707112,coopb101,ATN,1,2,value,21,8,1,0,0,0,0,0,0,0,1,19370711,2,ATL04,h,CI1,1,0,0,regular,y,d,
ATN193707200,coopb101,ATN,1,2,value,27,12,0,0,0,0,0,0,1,0,1,19370720,0,ATL04,h,CAG,1,0,0,regular,y,d,
ATN193707230,coopb101,ATN,1,5,value,27,0,2,1,0,0,,,,,1,19370723,0,ATL04,h,JAX,1,0,0,exhibition,y,d,
ATN193707240,coopb101,ATN,1,5,value,27,1,1,1,0,0,,,,,1,19370724,0,ATL04,h,JAX,1,0,0,regular,y,d,
ATN193707251,coopb101,ATN,1,5,value,27,1,1,2,0,0,,,,,1,19370725,1,ATL04,h,JAX,1,0,0,regular,y,d,
ATN193707252,coopb101,ATN,1,5,value,21,0,2,0,0,0,,,,,1,19370725,2,ATL04,h,JAX,1,0,0,regular,y,d,
ATN193708070,coopb101,ATN,1,2,value,27,6,2,0,0,0,0,0,1,1,1,19370807,0,ATL04,h,SSA,1,0,0,regular,y,d,
ATN193708082,coopb101,ATN,1,2,value,15,7,0,0,0,0,0,0,0,0,1,19370808,2,ATL04,h,SSA,1,0,0,exhibition,y,d,
ATN193708200,coopb101,ATN,,5,value,27,,,1,,,,,,,,19370820,0,ATL04,h,BIR,1,0,0,regular,,,
ATN193708220,coopb101,ATN,1,5,value,27,1,4,1,1,0,,,,,1,19370822,0,ATL04,h,BIR,0,1,0,regular,y,d,
ATN193804250,coopb101,ATN,1,5,value,27,2,0,0,0,0,,,,,1,19380425,0,ATL04,h,HOM,0,1,0,exhibition,y,d,
ATN193804260,coopb101,ATN,1,5,value,27,0,0,1,0,0,,,,,1,19380426,0,ATL04,h,HOM,0,1,0,exhibition,y,d,
ATN193805082,coopb101,ATN,1,2,value,18,0,0,0,0,0,0,0,0,0,1,19380508,2,ATL04,h,CAG,0,1,0,exhibition,y,d,
ATN193805120,coopb101,ATN,1,2,value,27,7,3,0,0,0,1,0,1,1,1,19380512,0,ATL04,h,BIR,1,0,0,regular,y,y,
BIR193805221,coopb101,ATN,1,2,value,18,3,0,0,0,0,0,0,0,0,0,19380522,1,BIR01,v,BIR,1,0,0,regular,y,d,
BIR193805222,coopb101,ATN,1,2,value,6,2,0,0,0,0,0,0,0,0,0,19380522,2,BIR01,v,BIR,0,1,0,regular,y,d,
ATN193805280,coopb101,ATN,1,5,value,27,4,1,1,0,0,,,,,1,19380528,0,ATL06,h,JAX,0,1,0,regular,y,d,
ATN193806100,coopb101,ATN,1,4,value,27,2,1,1,1,0,,,,,1,19380610,0,ATL04,h,IN7,0,1,0,regular,y,d,
ATN193806121,coopb101,ATN,1,6,value,27,1,4,1,0,0,,,,,1,19380612,1,ATL04,h,IN7,0,1,0,regular,y,d,
ATN193806122,coopb101,ATN,1,2,value,15,3,0,0,0,0,0,1,1,0,1,19380612,2,ATL04,h,IN7,1,0,0,regular,y,d,
ATN193806140,coopb101,ATN,1,4,value,27,1,4,0,1,0,,,,,1,19380614,0,ATL04,h,IN7,0,1,0,regular,y,d,
MEM193806261,coopb101,ATN,1,2,value,26,2,2,1,1,0,0,0,2,2,1,19380626,1,MEM02,v,MEM,0,1,0,regular,y,d,
MEM193806262,coopb101,ATN,1,2,value,12,4,0,0,0,0,0,0,0,0,1,19380626,2,MEM02,v,MEM,0,1,0,regular,y,d,
MEM193806262,coopb101,ATN,2,4,value,5,0,0,0,0,0,,,,,0,19380626,2,MEM02,v,MEM,0,1,0,regular,y,d,
MEM193806280,coopb101,ATN,1,2,value,24,9,1,1,,,,,,,1,19380628,0,MEM02,v,MEM,0,1,0,regular,y,,
ATN193807010,coopb101,ATN,1,2,value,27,5,2,0,0,0,0,0,2,1,1,19380701,0,ATL04,h,JAX,0,1,0,regular,y,d,
ATN193807020,coopb101,ATN,1,2,value,30,8,0,1,0,0,0,0,4,0,1,19380702,0,ATL04,h,JAX,0,1,0,regular,y,d,
ATN193807031,coopb101,ATN,1,3,value,3,0,0,1,0,0,,,,,0,19380703,1,ATL04,h,JAX,0,1,0,regular,y,d,
ATN193807032,coopb101,ATN,1,7,value,15,1,0,0,0,0,,,,,1,19380703,2,ATL04,h,JAX,1,0,0,regular,y,d,
ATN193807102,coopb101,ATN,1,2,value,15,4,0,0,0,0,0,0,1,0,1,19380710,2,ATL04,h,IN7,1,0,0,regular,y,d,
BIR193807140,coopb101,ATN,1,2,value,27,5,2,0,0,0,0,0,0,2,1,19380714,0,BIR01,v,BIR,1,0,0,regular,y,d,
IN7193807180,coopb101,ATN,1,2,value,24,4,1,0,0,0,0,0,1,0,1,19380718,0,SBD01,v,IN7,0,1,0,regular,y,y,
CAG193808110,coopb101,ATN,1,2,value,26,0,0,0,0,0,0,0,2,1,1,19380811,0,MIL03,v,CAG,0,1,0,regular,y,d,
CAG193808130,coopb101,ATN,,2,value,,,,,,,,,,,,19380813,0,CHI09,v,CAG,0,1,0,regular,,,
CAG193808141,coopb101,ATN,1,2,value,15,2,1,0,0,0,0,0,1,0,1,19380814,1,CHI09,v,CAG,0,1,0,regular,y,d,
CAG193808142,coopb101,ATN,1,2,value,24,2,0,0,0,0,0,0,0,0,1,19380814,2,CHI09,v,CAG,0,1,0,regular,y,d,
KCM193808220,coopb101,ATN,1,2,value,27,5,2,0,0,0,0,2,4,,1,19380822,0,JNC01,v,KCM,1,0,0,regular,y,,
ATN193808260,coopb101,ATN,1,2,value,27,6,0,1,0,0,1,1,1,0,1,19380826,0,ATL04,h,MEM,1,0,0,regular,y,y,
ATN193808282,coopb101,ATN,1,2,value,15,5,1,0,0,0,0,0,2,0,1,19380828,2,ATL04,h,MEM,1,0,0,regular,y,d,
ATN193808310,coopb101,ATN,1,2,value,27,9,0,0,0,0,0,1,2,0,1,19380831,0,ATL04,h,KCM,1,0,0,regular,y,d,
MEM193809190,coopb101,ATN,1,2,value,10,2,1,0,0,0,0,0,4,0,1,19380919,0,MEM02,v,MEM,0,1,0,lcs,y,d,
ATN193809251,coopb101,ATN,1,2,value,27,1,0,0,0,0,0,0,0,0,1,19380925,1,ATL04,h,BIR,1,0,0,exhibition,y,d,
NW2193904270,coopb101,ATN,1,3,value,21,5,0,1,1,0,,,,,1,19390427,0,MAC01,v,NW2,0,1,0,exhibition,y,d,
ATN193906150,coopb101,ATN,1,5,value,24,0,0,1,0,0,,,,,0,19390615,0,ATL04,h,CV9,0,1,0,regular,y,d,
ATN193906200,coopb101,ATN,1,2,value,27,,,,1,0,0,,,2,1,19390620,0,ATL04,h,MEM,1,0,0,regular,y,,
PH5193907222,coopb101,PH5,1,2,value,21,4,1,1,0,0,0,,,,1,19390722,2,PHI17,h,NY5,0,1,0,regular,y,,
HOM193907231,coopb101,PH5,1,2,value,18,5,0,0,0,0,0,0,0,0,0,19390723,1,NYC16,v,HOM,0,1,0,regular,y,d,
HOM193907240,coopb101,PH5,1,2,value,24,3,2,0,0,0,0,,,,1,19390724,0,GRE04,v,HOM,0,1,0,regular,y,,
PH5193908051,coopb101,PH5,1,7,value,21,2,0,1,0,0,,,,,1,19390805,1,PHI17,h,NY6,0,1,0,regular,y,d,
PH5193908052,coopb101,PH5,1,7,value,21,0,0,0,0,0,,,,,1,19390805,2,PHI17,h,NY6,1,0,0,regular,y,d,
PH5193908122,coopb101,PH5,1,2,value,15,3,,0,0,0,0,,,,1,19390812,2,PHI17,h,NW2,1,0,0,regular,y,,
NW2193908131,coopb101,PH5,1,7,value,,,,0,0,0,,,,,1,19390813,1,NWK04,v,NW2,1,0,0,regular,y,,
NW2193908132,coopb101,PH5,1,7,value,27,,,0,0,0,,,,,1,19390813,2,NWK04,v,NW2,1,0,0,regular,y,,
PH5193909130,coopb101,PH5,1,2,value,24,8,0,0,0,0,0,0,0,0,0,19390913,0,PHI17,h,HOM,1,0,0,divisionseries,y,d,
PH5193909140,coopb101,PH5,1,2,value,27,12,0,0,0,0,0,0,0,2,1,19390914,0,PHI17,h,HOM,0,1,0,divisionseries,y,d,
PH5194005110,coopb101,PH5,1,2,value,3,1,0,0,0,0,0,0,0,0,0,19400511,0,PHI17,h,BLG,0,1,0,regular,y,y,
BLG194005121,coopb101,PH5,1,2,value,24,,,0,0,0,0,,,,1,19400512,1,BAL10,v,BLG,0,1,0,regular,y,,
BLG194005122,coopb101,PH5,1,5,value,12,,,0,0,0,,,,,1,19400512,2,BAL10,v,BLG,0,1,0,regular,y,,
BLG194005122,coopb101,PH5,2,2,value,6,,,0,0,0,0,,,,1,19400512,2,BAL10,v,BLG,0,1,0,regular,y,,
PH5194005182,coopb101,PH5,1,2,value,21,6,1,0,0,0,0,0,0,1,1,19400518,2,PHI17,h,NW2,1,0,0,regular,y,y,
HOM194005261,coopb101,PH5,1,2,value,24,6,0,0,0,0,1,,,,1,19400526,1,NYC16,v,HOM,0,1,0,regular,y,,
PH5194005301,coopb101,PH5,1,2,value,27,3,,0,0,0,0,,,,1,19400530,1,PHI17,h,NY6,1,0,0,regular,y,,
PH5194006011,coopb101,PH5,1,2,value,24,3,0,0,0,0,0,0,1,0,1,19400601,1,PHI17,h,HOM,0,1,0,regular,y,y,
NW2194006021,coopb101,PH5,1,2,value,24,1,1,1,0,0,0,,,,1,19400602,1,ALB02,v,NW2,0,1,0,regular,y,,
PH5194006060,coopb101,PH5,1,2,value,24,6,1,0,0,0,0,,,,1,19400606,0,PHI17,h,HOM,0,1,0,regular,y,,
PH5194006081,coopb101,PH5,1,2,value,24,3,0,0,0,0,0,1,1,0,1,19400608,1,PHI17,h,BLG,1,0,0,regular,y,y,
PH5194006091,coopb101,PH5,1,2,value,27,4,0,0,0,0,1,,,,1,19400609,1,HRB01,h,NY6,1,0,0,regular,y,,
PH5194006130,coopb101,PH5,1,5,value,27,,,0,0,0,,,,,1,19400613,0,PHI17,h,NY6,0,1,0,regular,y,,
NY5194006140,coopb101,PH5,1,5,value,20,,,0,0,0,,,,,1,19400614,0,PAT01,v,NY5,0,1,0,regular,y,,
PH5194006151,coopb101,PH5,1,5,value,27,,,0,0,0,,,,,1,19400615,1,PHI17,h,NW2,0,1,0,regular,y,,
PH5194006152,coopb101,PH5,1,5,value,21,0,0,0,0,0,,,,,1,19400615,2,PHI17,h,NW2,1,0,0,regular,y,,
NY5194006162,coopb101,PH5,1,5,value,18,0,1,0,0,0,,,,,1,19400616,2,NYC16,v,NY5,0,1,0,regular,y,,
PH5194006200,coopb101,PH5,1,2,value,27,10,1,0,0,0,0,,,,1,19400620,0,PHI17,h,NY5,1,0,0,regular,y,,
PH5194006221,coopb101,PH5,1,2,value,27,4,3,0,0,0,0,,,,1,19400622,1,PHI17,h,KCM,1,0,0,exhibition,y,,
HOM194006231,coopb101,PH5,1,2,value,27,,,0,0,0,0,,,,1,19400623,1,WAS09,v,HOM,0,1,0,regular,y,,
HOM194006232,coopb101,PH5,1,2,value,3,,,0,0,0,0,,,,,19400623,2,WAS09,v,HOM,0,1,0,regular,y,,
HOM194006270,coopb101,PH5,1,2,value,,2,0,1,0,0,1,,,,1,19400627,0,WAR03,v,HOM,0,1,0,regular,y,,
PH5194006291,coopb101,PH5,1,2,value,27,5,0,0,0,0,0,,,,1,19400629,1,PHI17,h,NY5,1,0,0,regular,y,,
PH5194006292,coopb101,PH5,1,2,value,21,3,0,0,0,0,0,,,,1,19400629,2,PHI17,h,NY5,1,0,0,regular,y,,
PH5194007041,coopb101,PH5,1,2,value,24,2,1,0,0,0,1,,,,1,19400704,1,PHI17,h,NW2,0,1,0,regular,y,,
PH5194007042,coopb101,PH5,1,2,value,,2,2,0,0,0,0,,,,1,19400704,2,PHI17,h,NW2,0,1,0,regular,y,,
PH5194007061,coopb101,PH5,1,2,value,27,2,2,0,1,0,0,,,,1,19400706,1,PHI17,h,NY6,0,1,0,regular,y,,
NY6194007071,coopb101,PH5,1,2,value,27,5,1,0,0,0,0,,,,1,19400707,1,NYC16,v,NY6,1,0,0,regular,y,,
PH5194007131,coopb101,PH5,1,2,value,27,2,2,0,0,0,0,,,,1,19400713,1,PHI17,h,HOM,1,0,0,regular,y,,
PH5194007201,coopb101,PH5,1,2,value,27,5,0,1,0,0,0,,,,1,19400720,1,PHI17,h,BLG,0,1,0,regular,y,,
PH5194007272,coopb101,PH5,1,2,value,,6,1,0,0,0,0,,,,1,19400727,2,PHI17,h,NY5,0,1,0,regular,y,,
HOM194007310,coopb101,PH5,1,5,value,26,1,1,0,0,0,,,,,1,19400731,0,ALT02,v,HOM,0,1,0,regular,y,,
HOM194008010,coopb101,PH5,1,2,value,27,,,1,0,0,0,,,,1,19400801,0,WAS09,v,HOM,1,0,0,exhibition,y,,
PH5194008032,coopb101,PH5,1,2,value,21,9,0,0,0,0,0,,,,1,19400803,2,PHI17,h,SNO,1,0,0,exhibition,y,,
NW2194008041,coopb101,PH5,1,2,value,0,0,0,0,0,0,0,,,,1,19400804,1,NWK04,v,NW2,0,1,0,regular,y,,
NW2194008041,coopb101,PH5,2,5,value,24,,,1,0,0,,,,,1,19400804,1,NWK04,v,NW2,0,1,0,regular,y,,
NW2194008042,coopb101,PH5,1,5,value,18,,,1,0,0,,,,,1,19400804,2,NWK04,v,NW2,0,1,0,regular,y,,
PH5194008101,coopb101,PH5,1,2,value,27,3,1,0,1,0,0,,,,1,19400810,1,PHI17,h,MEM,1,0,0,exhibition,y,,
PH5194008112,coopb101,PH5,1,2,value,21,,,0,0,0,0,,,,1,19400811,2,BAL10,h,NY5,0,1,0,regular,y,,
HOM194008181,coopb101,PH5,1,9,value,24,,,0,0,0,,,,,1,19400818,1,WAS09,v,HOM,0,1,0,exhibition,y,,
HOM194008182,coopb101,PH5,1,9,value,18,,,0,0,0,,,,,1,19400818,2,WAS09,v,HOM,0,1,0,exhibition,y,,
NW2194008200,coopb101,PH5,1,2,value,24,,,0,0,0,0,,,,1,19400820,0,NWK04,v,NW2,0,1,0,regular,y,,
PH5194008241,coopb101,PH5,1,2,value,27,3,0,0,0,0,0,,,,1,19400824,1,PHI17,h,BLG,0,1,0,regular,y,,
PH5194008242,coopb101,PH5,1,9,value,,1,0,0,0,0,,,,,,19400824,2,PHI17,h,BLG,1,0,0,regular,y,,
PH5194009022,coopb101,PH5,1,2,value,24,2,,0,0,0,0,,,,,19400902,2,PHI17,h,HOM,1,0,0,regular,y,,
PH5194009050,coopb101,PH5,1,2,value,27,11,0,0,0,0,0,,,,1,19400905,0,PHI17,h,MEM,1,0,0,exhibition,y,,
PH5194009060,coopb101,PH5,1,2,value,24,3,1,0,0,0,0,,,,1,19400906,0,CHE01,h,MEM,1,0,0,exhibition,y,,
PH5194009071,coopb101,PH5,1,2,value,27,3,1,1,0,0,0,,,,1,19400907,1,PHI17,h,MEM,1,0,0,exhibition,y,,
PH5194009072,coopb101,PH5,1,2,value,21,0,1,0,0,0,0,,,,1,19400907,2,PHI17,h,MEM,0,1,0,exhibition,y,,
PH5194009151,coopb101,PH5,1,5,value,27,1,5,0,1,0,,,,,1,19400915,1,HRB01,h,NY5,1,0,0,exhibition,y,,
PH5194009152,coopb101,PH5,1,5,value,21,2,0,0,0,0,,,,,1,19400915,2,HRB01,h,NY5,1,0,0,exhibition,y,,
MEM194104060,coopb101,NY5,1,2,value,24,3,0,0,0,0,0,,,,1,19410406,0,MEM02,v,MEM,0,1,0,exhibition,y,,
BIR194104131,coopb101,NY5,1,2,value,24,,,1,0,0,2,,,,1,19410413,1,PBL01,v,BIR,0,1,0,exhibition,y,,
BIR194104132,coopb101,NY5,1,2,value,15,,,0,0,0,0,,,,1,19410413,2,PBL01,v,BIR,1,0,0,exhibition,y,,
NY5194104141,coopb101,NY5,1,2,value,21,6,0,0,1,0,0,,,,1,19410414,1,MEM02,h,BLG,0,1,0,exhibition,y,,
MEM194104230,coopb101,NY5,1,4,value,24,3,6,0,1,0,,,,,1,19410423,0,PBL01,v,MEM,0,1,0,exhibition,y,,
PH5194105100,coopb101,PH5,1,2,value,27,4,0,0,0,0,0,,,,1,19410510,0,PHI17,h,NY6,0,1,0,regular,y,,
NY5194105111,coopb101,PH5,1,2,value,24,3,0,0,0,0,0,,,,1,19410511,1,NYC16,v,NY5,0,1,0,regular,y,,
PH5194105170,coopb101,PH5,1,2,value,27,3,0,0,0,0,0,,,,1,19410517,0,PHI17,h,BLG,0,1,0,regular,y,,
NW2194105182,coopb101,PH5,1,2,value,20,,,0,0,0,0,,,,1,19410518,2,NWK04,v,NW2,0,1,0,regular,y,,
PH5194105241,coopb101,PH5,1,2,value,27,4,0,0,1,0,1,,,,1,19410524,1,PHI17,h,NY5,1,0,0,regular,y,,
PH5194105242,coopb101,PH5,1,2,value,21,2,1,0,0,0,0,,,,1,19410524,2,PHI17,h,NY5,0,1,0,regular,y,,
PH5194105302,coopb101,PH5,1,9,value,27,2,0,0,0,0,,,,,1,19410530,2,PHI17,h,HOM,1,0,0,regular,y,,
HOM194106011,coopb101,PH5,1,9,value,,0,0,0,0,0,,,,,,19410601,1,WAS09,v,HOM,0,1,0,regular,y,,
HOM194106012,coopb101,PH5,1,2,value,18,3,1,0,0,0,0,,,,1,19410601,2,WAS09,v,HOM,0,1,0,regular,y,,
PH5194106071,coopb101,PH5,1,9,value,27,4,,0,0,0,,,,,1,19410607,1,PHI17,h,NY6,0,1,0,regular,y,,
PH5194106072,coopb101,PH5,1,2,value,21,1,,0,0,0,0,,,,1,19410607,2,PHI17,h,NY6,1,0,0,regular,y,,
PH5194106141,coopb101,PH5,1,2,value,27,1,1,0,0,0,0,,,,1,19410614,1,PHI17,h,NW2,0,1,0,regular,y,,
PH5194106152,coopb101,PH5,1,2,value,21,4,1,0,0,0,0,,,,1,19410615,2,HRB01,h,NW2,1,0,0,regular,y,,
PH5194106211,coopb101,PH5,1,2,value,27,7,2,0,0,0,0,,,,1,19410621,1,PHI17,h,BLG,0,1,0,regular,y,,
PH5194106212,coopb101,PH5,1,2,value,21,0,0,0,0,0,0,,,,1,19410621,2,PHI17,h,BLG,1,0,0,regular,y,,
HOM194106250,coopb101,PH5,1,2,value,24,3,0,1,0,0,0,,,,1,19410625,0,ALT02,v,HOM,0,1,0,regular,y,,
PH5194106260,coopb101,PH5,1,5,value,,2,1,0,0,0,,,,,1,19410626,0,PHI17,h,NY6,0,1,0,regular,y,,
PH5194106260,coopb101,PH5,2,2,value,,,,0,0,0,0,,,,1,19410626,0,PHI17,h,NY6,0,1,0,regular,y,,
PH5194106281,coopb101,PH5,1,2,value,27,4,2,0,0,0,0,,,,1,19410628,1,PHI17,h,HOM,0,1,0,regular,y,,
PH5194106282,coopb101,PH5,1,2,value,21,3,0,0,0,0,0,,,,1,19410628,2,PHI17,h,HOM,1,0,0,regular,y,,
BLG194106291,coopb101,PH5,1,2,value,24,3,0,0,0,0,0,,,,1,19410629,1,NYC16,v,BLG,0,1,0,regular,y,,
PH5194107050,coopb101,PH5,1,2,value,27,5,,0,0,0,0,,,,1,19410705,0,PHI17,h,BLG,0,1,0,regular,y,,
PH5194107100,coopb101,PH5,1,7,value,27,2,0,0,0,0,,,,,1,19410710,0,PHI17,h,NY5,0,1,0,regular,y,,
PH5194107121,coopb101,PH5,1,7,value,27,3,0,0,0,0,,,,,1,19410712,1,PHI17,h,MEM,0,1,0,exhibition,y,,
PH5194107122,coopb101,PH5,1,7,value,12,0,0,0,0,0,,,,,1,19410712,2,PHI17,h,MEM,0,1,0,exhibition,y,,
PH5194107122,coopb101,PH5,2,2,value,9,,,0,0,0,0,,,,1,19410712,2,PHI17,h,MEM,0,1,0,exhibition,y,,
NW2194107150,coopb101,PH5,1,2,value,24,2,3,2,0,0,0,,,,1,19410715,0,NOR02,v,NW2,0,1,0,exhibition,y,,
PH5194107170,coopb101,PH5,1,2,value,27,,,0,,0,,,,,1,19410717,0,PHI17,h,KCM,0,1,0,exhibition,,,
PH5194107191,coopb101,PH5,1,2,value,27,4,2,0,0,0,0,,,,1,19410719,1,PHI17,h,KCM,0,1,0,exhibition,y,,
NY5194107202,coopb101,PH5,1,2,value,24,5,2,0,0,0,0,,,,1,19410720,2,NYC16,v,NY5,0,1,0,regular,y,,
HOM194107230,coopb101,PH5,1,2,value,24,,,0,,0,,,,,1,19410723,0,IND10,v,HOM,0,1,0,regular,,,
HOM194107290,coopb101,PH5,1,2,value,24,2,1,0,0,0,0,,,,1,19410729,0,CAN03,v,HOM,0,1,0,regular,y,,
HOM194108010,coopb101,PH5,1,2,value,24,,,0,,0,,,,,1,19410801,0,BUT01,v,HOM,0,1,0,regular,,,
PH5194108020,coopb101,PH5,1,2,value,27,3,1,1,0,0,0,,,,1,19410802,0,PHI17,h,NY6,0,1,0,regular,y,,
NW2194108050,coopb101,PH5,1,2,value,27,5,0,0,0,0,0,,,,1,19410805,0,RED01,v,NW2,1,0,0,exhibition,y,,
PH5194108070,coopb101,PH5,1,2,value,27,5,1,0,0,0,0,,,,1,19410807,0,PHI17,h,HOM,0,1,0,regular,y,,
PH5194108090,coopb101,PH5,1,5,value,27,0,4,0,0,0,,,,,1,19410809,0,PHI17,h,BIR,1,0,0,exhibition,y,,
HOM194108101,coopb101,PH5,1,5,value,24,1,2,0,0,0,,,,,1,19410810,1,WAS09,v,HOM,0,1,0,regular,y,,
HOM194108102,coopb101,PH5,1,5,value,18,0,2,0,0,0,,,,,1,19410810,2,WAS09,v,HOM,0,1,0,regular,y,,
PH5194108120,coopb101,PH5,1,5,value,27,0,1,3,0,0,,,,,1,19410812,0,HRB01,h,MEM,0,1,0,exhibition,y,,
PH5194108140,coopb101,PH5,1,2,value,27,8,0,0,0,0,0,,,,1,19410814,0,PHI17,h,JAX,1,0,0,exhibition,y,,
PH5194108160,coopb101,PH5,1,2,value,27,2,1,0,0,0,0,,,,1,19410816,0,PHI17,h,NY5,1,0,0,regular,y,,
PH5194108171,coopb101,PH5,1,2,value,27,10,0,0,0,0,0,,,,1,19410817,1,BAL14,h,NY5,1,0,0,regular,y,,
NY6194108242,coopb101,PH5,1,2,value,26,4,3,0,0,0,2,,,,1,19410824,2,NYC16,v,NY6,0,1,0,regular,y,,
PH5194108280,coopb101,PH5,1,2,value,27,,,0,,0,,,,,1,19410828,0,PHI17,h,CAG,0,1,0,exhibition,,,
PH5194108300,coopb101,PH5,1,2,value,27,,,0,,0,,,,,1,19410830,0,PHI17,h,BLG,0,1,0,regular,,,
NY5194108311,coopb101,PH5,1,2,value,27,7,1,0,0,0,0,,,,1,19410831,1,NWK04,v,NY5,1,0,0,regular,y,,
PH5194109011,coopb101,PH5,1,2,value,,5,,0,0,0,0,,,,1,19410901,1,PHI17,h,NY6,0,1,0,regular,y,,
PH5194109011,coopb101,PH5,2,9,value,,,,0,0,0,,,,,1,19410901,1,PHI17,h,NY6,0,1,0,regular,y,,
PH5194109011,coopb101,PH5,3,7,value,,,,0,0,0,,,,,1,19410901,1,PHI17,h,NY6,0,1,0,regular,y,,
PH5194109012,coopb101,PH5,1,7,value,,0,,0,0,0,,,,,1,19410901,2,PHI17,h,NY6,0,1,0,regular,y,,
PH5194109071,coopb101,PH5,1,5,value,21,1,3,1,0,0,,,,,1,19410907,1,WAS09,h,NY5,1,0,0,regular,y,,
PH5194109072,coopb101,PH5,1,5,value,21,1,2,0,0,0,,,,,1,19410907,2,WAS09,h,NY5,0,1,0,regular,y,,
MEM194109141,coopb101,NY5,1,2,value,30,,,0,,0,,,,,1,19410914,1,LRK02,v,MEM,0,1,0,exhibition,,,
MEM194109142,coopb101,NY5,1,2,value,15,,,0,,0,,,,,1,19410914,2,LRK02,v,MEM,1,0,0,exhibition,,,
MEM194109150,coopb101,NY5,1,2,value,24,,,0,,0,,,,,1,19410915,0,LRK02,v,MEM,0,1,0,exhibition,,,
MEM194109180,coopb101,NY5,1,2,value,24,,,0,,0,1,,,,1,19410918,0,OKC02,v,MEM,0,1,0,exhibition,,,
NAL194109210,coopb101,NNL,1,2,value,29,7,0,1,0,0,0,,,,1,19410921,0,MEM03,v,NAL,0,1,0,exhibition,y,,
PH5194205231,coopb101,PH5,1,2,value,27,2,2,0,0,0,0,,,,1,19420523,1,PHI17,h,NY6,1,0,0,regular,y,,
PH5194205311,coopb101,PH5,1,2,value,27,2,0,0,0,0,0,,,,1,19420531,1,NYC16,h,BLG,0,1,0,regular,y,,
PH5194206040,coopb101,PH5,1,2,value,27,5,1,1,0,0,0,,,,1,19420604,0,PHI17,h,HOM,1,0,0,regular,y,,
PH5194206060,coopb101,PH5,1,2,value,,2,0,0,0,0,0,,,,1,19420606,0,PHI17,h,NW2,0,1,0,regular,y,,
PH5194206071,coopb101,PH5,1,2,value,,3,3,0,0,0,0,,,,,19420607,1,PHI17,h,NW2,0,1,0,regular,y,,
PH5194206110,coopb101,PH5,1,2,value,27,8,1,0,0,0,0,,,,1,19420611,0,PHI17,h,BLG,1,0,0,regular,y,,
PH5194206130,coopb101,PH5,1,2,value,27,6,0,0,0,0,0,,,,1,19420613,0,PHI17,h,NY5,0,1,0,regular,y,,
PH5194206180,coopb101,PH5,1,2,value,27,10,1,0,0,0,0,,,,1,19420618,0,PHI17,h,BLG,1,0,0,regular,y,,
PH5194206200,coopb101,PH5,1,2,value,27,6,3,0,0,0,0,,,,1,19420620,0,PHI17,h,HOM,0,1,0,regular,y,,
PH5194206211,coopb101,PH5,1,2,value,27,2,0,0,1,0,0,,,,1,19420621,1,NYC16,h,HOM,0,1,0,regular,y,,
PH5194206250,coopb101,PH5,1,2,value,27,1,2,0,0,0,0,,,,1,19420625,0,PHI17,h,NW2,1,0,0,regular,y,,
PH5194206270,coopb101,PH5,1,2,value,,1,0,0,0,0,0,,,,,19420627,0,PHI17,h,NY5,1,0,0,regular,y,,
NY6194206281,coopb101,PH5,1,2,value,27,5,1,0,0,0,1,,,,1,19420628,1,NYC16,v,NY6,1,0,0,regular,y,,
PH5194207020,coopb101,PH5,1,2,value,27,1,0,0,0,0,0,,,,1,19420702,0,PHI17,h,NY6,1,0,0,regular,y,,
PH5194207041,coopb101,PH5,1,2,value,27,8,0,0,1,0,0,,,,1,19420704,1,PHI17,h,HOM,1,0,0,regular,y,,
PH5194207042,coopb101,PH5,1,2,value,6,1,0,0,0,0,0,,,,,19420704,2,PHI17,h,HOM,0,1,0,regular,y,,
NW2194207051,coopb101,PH5,1,2,value,24,,,0,0,0,1,,,,1,19420705,1,NWK04,v,NW2,0,1,0,regular,y,,
PH5194207090,coopb101,PH5,1,2,value,27,6,2,0,0,0,0,,,,1,19420709,0,PHI17,h,NY5,1,0,0,regular,y,,
PH5194207110,coopb101,PH5,1,2,value,24,4,0,0,0,0,0,,,,1,19420711,0,PHI17,h,HOM,1,0,0,regular,y,,
PH5194207121,coopb101,PH5,1,2,value,27,4,0,0,0,0,0,,,,1,19420712,1,PHI17,h,HOM,1,0,0,regular,y,,
PH5194207160,coopb101,PH5,1,2,value,27,,,0,0,0,0,,,,1,19420716,0,PHI17,h,NW2,0,1,0,regular,y,,
PH5194207230,coopb101,PH5,1,2,value,27,4,0,0,0,0,0,,,,1,19420723,0,PHI17,h,BLG,0,1,0,regular,y,,
PH5194207250,coopb101,PH5,1,2,value,27,8,3,0,0,0,0,,,,1,19420725,0,PHI17,h,BIR,1,0,0,exhibition,y,,
PH5194207300,coopb101,PH5,1,2,value,27,6,1,0,0,0,0,,,,1,19420730,0,PHI17,h,CAG,1,0,0,exhibition,y,,
PH5194208010,coopb101,PH5,1,2,value,27,8,2,2,0,0,0,,,,1,19420801,0,PHI17,h,NY5,0,1,0,regular,y,,
PH5194208021,coopb101,PH5,1,2,value,27,5,0,1,0,0,0,,,,1,19420802,1,NYC16,h,BLG,1,0,0,regular,y,,
PH5194208060,coopb101,PH5,1,2,value,27,5,2,0,0,0,0,,,,1,19420806,0,PHI17,h,KCM,0,1,0,exhibition,y,,
PH5194208150,coopb101,PH5,1,2,value,27,8,,0,0,0,0,,,,1,19420815,0,PHI17,h,CAG,1,0,0,exhibition,y,,
HOM194208230,coopb101,PH5,1,2,value,24,6,0,1,0,0,1,,,,1,19420823,0,WAS09,v,HOM,0,1,0,regular,y,,
PH5194208240,coopb101,PH5,1,2,value,27,,,0,0,0,0,,,,1,19420824,0,PHI17,h,HOM,0,0,1,exhibition,y,,
PH5194209030,coopb101,PH5,1,2,value,27,6,1,0,0,0,0,,,,1,19420903,0,PHI17,h,NY5,0,1,0,regular,y,,
PH5194209050,coopb101,PH5,1,2,value,27,0,0,0,0,0,0,,,,1,19420905,0,PHI17,h,BLG,0,1,0,regular,y,,
PH5194209071,coopb101,PH5,1,2,value,27,,,0,0,0,0,,,,1,19420907,1,PHI17,h,BLG,0,1,0,regular,y,,
PH5194209160,coopb101,PH5,1,2,value,36,4,2,0,0,0,0,,,,1,19420916,0,PHI17,h,HOM,0,0,1,exhibition,y,,
PH5194306120,coopb101,PH5,1,2,value,27,8,3,1,0,0,0,,,,1,19430612,0,PHI17,h,NY5,0,1,0,regular,y,,
NY5194604281,coopb101,NY5,1,2,value,3,0,0,0,0,0,0,0,0,0,0,19460428,1,NYC16,h,HOM,0,1,0,exhibition,y,d,
NY5194604282,coopb101,NY5,1,2,value,21,,,0,,0,,,,,1,19460428,2,NYC16,h,HOM,0,1,0,exhibition,,,
PH5194606080,coopb101,NY5,1,9,value,26,4,0,0,0,0,,,,,1,19460608,0,PHI17,v,PH5,0,1,0,regular,y,,
NW2194606162,coopb101,NY5,1,9,value,24,0,0,0,0,0,,,,,1,19460616,2,NWK04,v,NW2,0,1,0,regular,y,d,
NY5194606170,coopb101,NY5,1,2,value,27,4,1,0,0,0,0,,,,1,19460617,0,NYC23,h,BLG,0,1,0,regular,y,,
PH5194606181,coopb101,NY5,1,9,value,18,0,0,0,0,0,,,,,1,19460618,1,WIL04,v,PH5,0,1,0,regular,y,d,
PH5194606182,coopb101,NY5,1,2,value,24,4,1,1,0,0,0,0,0,,1,19460618,2,WIL04,v,PH5,0,1,0,regular,y,,
