gid,id,team,d_seq,d_pos,stattype,d_ifouts,d_po,d_a,d_e,d_dp,d_tp,d_pb,d_wp,d_sb,d_cs,d_gs,date,number,site,vishome,opp,win,loss,tie,gametype,box,pbp,eject
NYL191307180,petwb101,CAG,1,2,value,24,,,0,,0,,,,,1,19130718,0,NYC22,v,NYL,0,1,0,championship,,,
NYL191307190,petwb101,CAG,1,2,value,27,,,0,,0,,,,,1,19130719,0,NYC22,v,NYL,0,0,1,championship,,,
NYL191307201,petwb101,CAG,1,2,value,26,4,2,0,0,0,0,,,,1,19130720,1,NYC22,v,NYL,0,1,0,championship,y,,
NYL191307202,petwb101,CAG,1,2,value,27,5,0,1,0,0,0,,,,1,19130720,2,NYC22,v,NYL,1,0,0,championship,y,,
CAG191307270,petwb101,CAG,1,2,value,27,7,1,0,0,0,0,0,1,0,1,19130727,0,CHI09,h,NYL,0,1,0,championship,y,y,
CAG191307280,petwb101,CAG,1,2,value,27,6,2,0,1,0,0,0,0,0,1,19130728,0,CHI09,h,NYL,0,1,0,championship,y,y,
CAG191307290,petwb101,CAG,1,2,value,27,3,2,0,0,0,0,0,1,1,1,19130729,0,CHI09,h,NYL,1,0,0,championship,y,y,
CAG191307300,petwb101,CAG,1,2,value,27,4,1,1,0,0,0,0,0,1,1,19130730,0,CHI09,h,NYL,1,0,0,championship,y,y,
CAG191307310,petwb101,CAG,1,2,value,27,7,0,1,0,0,0,0,1,0,1,19130731,0,CHI09,h,NYL,1,0,0,championship,y,y,
CAG191308022,petwb101,CAG,1,2,value,27,1,3,1,0,0,0,,,,1,19130802,2,CHI09,h,NYL,0,1,0,championship,y,,
CAG191308090,petwb101,CAG,1,2,value,27,4,4,0,0,0,0,,,,1,19130809,0,CHI09,h,NYL,0,1,0,championship,y,,
CAG191308121,petwb101,CAG,1,2,value,27,3,1,0,1,0,0,0,2,0,1,19130812,1,CHI09,h,NYL,0,1,0,championship,y,y,
CAG191308130,petwb101,CAG,1,2,value,27,5,2,0,0,0,0,0,1,1,1,19130813,0,CHI09,h,NYL,0,1,0,championship,y,y,
CAG191608270,petwb101,CAG,1,2,value,27,6,2,0,1,0,0,0,0,0,1,19160827,0,CHI09,h,IN4,1,0,0,exhibition,y,y,
CAG191608280,petwb101,CAG,1,2,value,27,6,3,0,0,0,0,0,1,2,1,19160828,0,CHI09,h,IN4,1,0,0,exhibition,y,y,
DT1192105070,petwb101,DT1,1,2,value,27,5,1,0,2,0,0,0,0,0,1,19210507,0,DET07,h,ACY,1,0,0,exhibition,y,y,
DT1192106060,petwb101,DT1,1,2,value,27,12,0,0,0,0,0,,,,1,19210606,0,DET07,h,CNN,1,0,0,regular,y,,
CB1192107090,petwb101,DT1,1,3,value,15,6,1,1,0,0,,,,,1,19210709,0,COL04,v,CB1,0,1,0,regular,y,,
CB1192107090,petwb101,DT1,2,2,value,9,1,0,0,0,0,0,,,,1,19210709,0,COL04,v,CB1,0,1,0,regular,y,,
KCM192107250,petwb101,DT1,1,2,value,24,7,2,1,0,0,0,,,,1,19210725,0,KAN02,v,KCM,0,1,0,regular,y,,
HIL192109052,petwb101,DT1,1,2,value,24,2,0,0,0,0,0,,,,1,19210905,2,DAR01,v,HIL,0,1,0,exhibition,y,,
