gid,id,team,d_seq,d_pos,stattype,d_ifouts,d_po,d_a,d_e,d_dp,d_tp,d_pb,d_wp,d_sb,d_cs,d_gs,date,number,site,vishome,opp,win,loss,tie,gametype,box,pbp,eject
ASD193310100,haler102,KCM,1,9,value,24,1,0,0,0,0,,,,,1,19331010,0,JOP01,v,ASD,0,1,0,exhibition,y,,
ASD193310110,haler102,KCM,1,9,value,24,3,0,0,0,0,,,,,1,19331011,0,OKC01,v,ASD,1,0,0,exhibition,y,,
KCM193310150,haler102,KCM,1,9,value,,1,0,0,0,0,,,,,1,19331015,0,KAN05,h,ASD,1,0,0,exhibition,y,,
KCM193506060,haler102,BIS,1,4,value,27,1,1,0,1,0,,,,,1,19350606,0,WIN01,v,KCM,0,0,1,exhibition,y,d,
BIS193506070,haler102,BIS,1,4,value,27,2,2,0,0,0,,,,,1,19350607,0,WIN01,h,KCM,0,1,0,exhibition,y,d,
KCM193506100,haler102,BIS,1,4,value,24,2,4,1,,,,,,,1,19350610,0,GFK01,v,KCM,0,1,0,exhibition,y,,
BIS193506161,haler102,BIS,1,4,value,27,2,2,0,0,0,,,,,1,19350616,1,BIS01,h,KCM,0,1,0,exhibition,y,d,
BIS193506162,haler102,BIS,1,4,value,27,6,1,0,1,0,,,,,1,19350616,2,BIS01,h,KCM,1,0,0,exhibition,y,d,
BIS193508290,haler102,BIS,1,3,value,27,7,0,0,0,0,,,,,1,19350829,0,WIC01,h,KCM,0,1,0,exhibition,y,,
KCM193509040,haler102,BIS,1,3,value,27,3,0,1,0,0,,,,,1,19350904,0,KAN05,v,KCM,1,0,0,exhibition,y,d,
