gid,id,team,d_seq,d_pos,stattype,d_ifouts,d_po,d_a,d_e,d_dp,d_tp,d_pb,d_wp,d_sb,d_cs,d_gs,date,number,site,vishome,opp,win,loss,tie,gametype,box,pbp
CI2194306240,browl107,MEM,1,2,value,15,,,,,0,,,,,1,19430624,0,HOP01,v,CI2,0,0,1,regular,,
CI2194306240,keyer101,MEM,1,1,value,15,,,,,0,,,,,1,19430624,0,HOP01,v,CI2,0,0,1,regular,,
CI2194306240,henrp101,CI2,1,1,value,,,,,,0,,,,,,19430624,0,HOP01,h,MEM,0,0,1,regular,,
CI2194306240,kingb103,CI2,1,1,value,,,,,,0,,,,,1,19430624,0,HOP01,h,MEM,0,0,1,regular,,
CI2194306240,sneas101,CI2,1,2,value,15,,,,,0,,,,,1,19430624,0,HOP01,h,MEM,0,0,1,regular,,
