gid,id,team,b_lp,b_seq,stattype,b_pa,b_ab,b_r,b_h,b_d,b_t,b_hr,b_rbi,b_sh,b_sf,b_hbp,b_w,b_iw,b_k,b_sb,b_cs,b_gdp,b_xi,b_roe,dh,ph,pr,date,number,site,vishome,opp,win,loss,tie,gametype,box,pbp,eject
HOM194405071,russb102,NY5,9,2,value,1,1,0,0,0,0,0,0,0,0,0,0,0,,0,0,0,0,0,,,,19440507,1,WAS09,v,HOM,0,1,0,regular,y,d,
NW2194405281,russb102,NY5,9,2,value,1,1,0,0,0,0,0,0,0,0,0,0,0,0,0,0,0,0,0,,,,19440528,1,NWK04,v,NW2,0,1,0,regular,y,d,
NW2194405302,russb102,NY5,,,value,,,,,,,,,,,,,,,,,,,,,,,19440530,2,NWK04,v,NW2,0,1,0,regular,,,
NY5194406042,russb102,NY5,9,2,value,0,0,0,0,0,0,0,0,0,,0,0,0,,0,,,0,,,,,19440604,2,NYC16,h,BIR,0,1,0,exhibition,y,,
PH5194407041,russb102,NY5,,,value,,,,,,,,,,,,,,,,,,,,,,,19440704,1,PHI17,v,PH5,0,1,0,regular,,,
