gid,id,team,d_seq,d_pos,stattype,d_ifouts,d_po,d_a,d_e,d_dp,d_tp,d_pb,d_wp,d_sb,d_cs,d_gs,date,number,site,vishome,opp,win,loss,tie,gametype,box,pbp
MLS193910080,burbb102,NNS,1,8,value,24,0,0,0,0,0,,,,,1,19391008,0,BAL10,v,MLS,0,1,0,exhibition,y,d
MLS193910080,cread101,NNS,1,4,value,24,0,0,1,0,0,,,,,1,19391008,0,BAL10,v,MLS,0,1,0,exhibition,y,d
MLS193910080,speac103,NNS,1,9,value,24,0,0,0,0,0,,,,,1,19391008,0,BAL10,v,MLS,0,1,0,exhibition,y,d
MLS193910080,wilsj106,NNS,1,5,value,24,0,0,0,0,0,,,,,1,19391008,0,BAL10,v,MLS,0,1,0,exhibition,y,d
MLS193910080,thomd104,NNS,1,3,value,24,1,0,0,0,0,,,,,1,19391008,0,BAL10,v,MLS,0,1,0,exhibition,y,d
MLS193910080,mackb102,NNS,1,7,value,24,0,0,0,0,0,,,,,1,19391008,0,BAL10,v,MLS,0,1,0,exhibition,y,d
MLS193910080,jackj104,NNS,1,6,value,24,1,0,0,0,0,,,,,1,19391008,0,BAL10,v,MLS,0,1,0,exhibition,y,d
MLS193910080,campr102,NNS,1,2,value,24,1,0,0,0,0,0,0,0,1,1,19391008,0,BAL10,v,MLS,0,1,0,exhibition,y,d
MLS193910080,cainm101,NNS,1,1,value,3,0,0,1,0,0,,,,,1,19391008,0,BAL10,v,MLS,0,1,0,exhibition,y,d
MLS193910080,mcdow101,NNS,1,1,value,21,0,0,0,0,0,,,,,0,19391008,0,BAL10,v,MLS,0,1,0,exhibition,y,d
MLS193910080,heffd101,MLS,1,4,value,27,0,0,1,0,0,,,,,1,19391008,0,BAL10,h,NNS,1,0,0,exhibition,y,d
MLS193910080,cramd102,MLS,1,8,value,27,0,0,0,0,0,,,,,1,19391008,0,BAL10,h,NNS,1,0,0,exhibition,y,d
MLS193910080,miled101,MLS,1,9,value,27,1,0,0,0,0,,,,,1,19391008,0,BAL10,h,NNS,1,0,0,exhibition,y,d
MLS193910080,hayef101,MLS,1,5,value,27,0,0,0,0,0,,,,,1,19391008,0,BAL10,h,NNS,1,0,0,exhibition,y,d
MLS193910080,wagnh102,MLS,1,2,value,27,1,1,0,1,0,1,0,1,1,1,19391008,0,BAL10,h,NNS,1,0,0,exhibition,y,d
MLS193910080,brana101,MLS,1,6,value,27,0,0,0,0,0,,,,,1,19391008,0,BAL10,h,NNS,1,0,0,exhibition,y,d
MLS193910080,portd101,MLS,1,7,value,27,0,0,0,0,0,,,,,1,19391008,0,BAL10,h,NNS,1,0,0,exhibition,y,d
MLS193910080,vernm101,MLS,1,3,value,27,1,0,0,1,0,,,,,1,19391008,0,BAL10,h,NNS,1,0,0,exhibition,y,d
MLS193910080,applp101,MLS,1,1,value,21,0,0,1,0,0,,,,,1,19391008,0,BAL10,h,NNS,1,0,0,exhibition,y,d
MLS193910080,thomb102,MLS,1,1,value,6,0,1,0,1,0,,,,,0,19391008,0,BAL10,h,NNS,1,0,0,exhibition,y,d
