gid,id,team,d_seq,d_pos,stattype,d_ifouts,d_po,d_a,d_e,d_dp,d_tp,d_pb,d_wp,d_sb,d_cs,d_gs,date,number,site,vishome,opp,win,loss,tie,gametype,box,pbp,eject
HOM193705231,barbb102,NY5,1,1,value,1,0,0,0,,,,,0,,,19370523,1,CLE06,v,HOM,0,1,0,regular,y,,
NW2193705301,barbb102,NY5,2,1,value,,,,0,,,,,,,,19370530,1,NWK04,v,NW2,0,1,0,regular,,,
NY5193705311,barbb102,NY5,1,1,value,15,0,3,0,,,,,,,1,19370531,1,NYC23,h,NW2,0,1,0,regular,y,,
PH5193706052,barbb102,NY5,1,9,value,18,0,0,0,0,0,,,,,1,19370605,2,PHI17,v,PH5,0,1,0,regular,y,d,
NY5193706060,barbb102,NY5,1,9,value,24,,,0,,,,,,,1,19370606,0,NYC25,h,PH5,0,1,0,regular,y,,
NY5193706070,barbb102,NY5,1,1,value,27,,,,,,,,,,1,19370607,0,FRE01,h,PH5,1,0,0,regular,,,
NY5193706120,barbb102,NY5,1,9,value,27,0,0,,,,,,,,1,19370612,0,LIC01,h,PTC,0,1,0,regular,y,,
NY5193706132,barbb102,NY5,1,1,value,19,0,0,0,0,0,,,,,1,19370613,2,NYC25,h,PTC,0,1,0,regular,y,d,
NY5193707030,barbb102,NY5,1,1,value,9,0,0,0,0,0,,,,,0,19370703,0,PAT01,h,NW2,0,1,0,regular,y,d,
NY5193707051,barbb102,NY5,2,1,value,3,0,0,0,0,0,,,,,,19370705,1,NYC23,h,NW2,0,1,0,regular,y,,
NY5193707052,barbb102,NY5,1,9,value,,0,0,2,0,0,0,,0,,1,19370705,2,NYC23,h,NW2,0,1,0,regular,y,,
PTC193707130,barbb102,NY5,1,1,value,24,1,13,0,1,0,,,,,1,19370713,0,CHA02,v,PTC,1,0,0,regular,y,d,
NY5193707240,barbb102,NY5,1,1,value,3,0,0,0,0,0,,,,,1,19370724,0,PAT01,h,PTC,0,1,0,regular,y,d,
NY5193708030,barbb102,NY5,1,1,value,24,0,0,0,0,0,,,,,1,19370803,0,NWK04,h,NW2,0,1,0,exhibition,y,d,
WEG193708121,barbb102,NY5,1,9,value,20,5,0,0,0,0,,,,,1,19370812,1,CIN07,v,WEG,0,1,0,exhibition,y,d,
NY5193708180,barbb102,NY5,1,9,value,27,0,0,0,0,0,,,,,1,19370818,0,WNY02,h,PTC,1,0,0,regular,y,d,
NY5193709140,barbb102,NY5,1,9,value,27,2,0,0,0,0,,,,,1,19370914,0,BEL02,h,PH5,1,0,0,exhibition,y,d,
NY5193806250,barbb102,NY5,1,1,value,12,0,1,1,0,0,,,,,0,19380625,0,PAT01,h,NW2,0,1,0,regular,y,d,
SNO194004141,barbb102,NY5,1,1,value,0,0,0,0,0,0,,,,,1,19400414,1,NOL01,v,SNO,0,1,0,exhibition,y,,
NY5194004211,barbb102,NY5,1,1,value,,,,0,,0,0,,,,,19400421,1,LRK02,h,CAG,1,0,0,exhibition,,,
NW2194005050,barbb102,NY5,1,1,value,15,,,0,0,0,,,,,1,19400505,0,NWK04,v,NW2,0,1,0,regular,y,,
NW2194005110,barbb102,NY5,1,1,value,,,,0,,0,0,,,,1,19400511,0,GOL01,v,NW2,1,0,0,exhibition,,,
NW2194005130,barbb102,NY5,1,7,value,,,0,0,0,0,,,,,,19400513,0,DUR01,v,NW2,1,0,0,exhibition,y,,
NY5194005191,barbb102,NY5,1,1,value,27,0,1,0,0,0,,,,,1,19400519,1,NYC16,h,NY6,1,0,0,regular,y,,
NY5194005262,barbb102,NY5,1,1,value,14,0,0,1,0,0,,,,,1,19400526,2,NYC16,h,BLG,0,1,0,regular,y,,
BLG194006021,barbb102,NY5,1,1,value,3,,,1,0,0,,,,,,19400602,1,COL05,v,BLG,0,1,0,regular,y,,
NY5194006140,barbb102,NY5,1,1,value,1,,,0,0,0,,,,,,19400614,0,PAT01,h,PH5,1,0,0,regular,y,,
BLG194006220,barbb102,NY5,1,1,value,18,0,0,0,0,0,,,,,1,19400622,0,HRB01,v,BLG,0,1,0,regular,y,,
BLG194006231,barbb102,BLG,1,9,value,12,,,0,0,0,,,,,,19400623,1,BAL10,h,NY5,0,1,0,regular,y,,
BLG194006232,barbb102,BLG,1,1,value,15,,,0,0,0,,,,,1,19400623,2,BAL10,h,NY5,1,0,0,regular,y,,
HOM194007020,barbb102,BLG,1,1,value,24,,,0,1,0,,,,,1,19400702,0,BUF06,v,HOM,1,0,0,regular,y,,
NW2194007071,barbb102,BLG,1,1,value,22,,,0,0,0,,,,,1,19400707,1,NWK04,v,NW2,1,0,0,regular,y,,
HOM194007120,barbb102,BLG,1,1,value,6,0,0,0,0,0,,,,,,19400712,0,HRB01,v,HOM,1,0,0,regular,y,,
BLG194007142,barbb102,BLG,1,1,value,16,,,0,0,0,,,,,,19400714,2,BAL10,h,HOM,1,0,0,regular,y,,
BLG194007210,barbb102,BLG,1,1,value,22,,,0,0,0,,,,,1,19400721,0,BAL10,h,PH5,0,1,0,regular,y,,
HOM194007282,barbb102,BLG,1,1,value,16,0,0,0,0,0,,,,,1,19400728,2,NYC16,v,HOM,1,0,0,regular,y,,
NW2194008010,barbb102,BLG,1,1,value,4,,,0,0,0,,,,,1,19400801,0,NWK04,v,NW2,0,1,0,regular,y,,
BLG194008041,barbb102,BLG,1,1,value,1,0,0,1,0,0,,,,,,19400804,1,NYC16,h,SNO,0,1,0,exhibition,y,,
BLG194008130,barbb102,BLG,1,1,value,21,,,0,0,0,,,,,1,19400813,0,ATL04,h,NY5,1,0,0,regular,y,,
PH5194008241,barbb102,BLG,1,1,value,27,3,4,0,0,0,,,,,1,19400824,1,PHI17,v,PH5,1,0,0,regular,y,,
HOM194009012,barbb102,BLG,1,1,value,19,,,1,0,0,,,,,1,19400901,2,WAS09,v,HOM,0,1,0,regular,y,,
NW2194009060,barbb102,BLG,1,7,value,24,0,0,0,0,0,,,,,1,19400906,0,BEL02,v,NW2,0,1,0,exhibition,y,,
BLG194009090,barbb102,BLG,1,1,value,30,,,0,,0,0,,,,1,19400909,0,BAL14,h,MEM,1,0,0,exhibition,,,
BIR194009222,barbb102,BLG,1,2,value,6,3,0,0,0,0,0,,,,,19400922,2,BIR01,v,BIR,0,1,0,exhibition,y,,
SAS194010010,barbb102,NAS,1,1,value,6,0,1,0,0,0,,,,,,19401001,0,NOL01,v,SAS,1,0,0,allstar,y,,
SAS194010042,barbb102,NAS,1,1,value,,,,0,,0,0,,,,,19401004,2,NOL01,v,SAS,0,1,0,allstar,,,
CAG194108130,barbb102,NY6,1,7,value,24,,,0,0,0,,,,,1,19410813,0,POR02,v,CAG,0,1,0,exhibition,y,,
BLG194205100,barbb102,PH5,1,3,value,1,,,0,0,0,,,,,,19420510,0,BAL10,v,BLG,0,1,0,regular,y,,
PH5194205162,barbb102,PH5,1,1,value,6,0,0,0,0,0,,,,,1,19420516,2,PHI17,h,NW2,0,1,0,regular,y,,
PH5194206060,barbb102,PH5,1,1,value,2,0,0,0,0,0,,,,,,19420606,0,PHI17,h,NW2,0,1,0,regular,y,,
PH5194206160,barbb102,PH5,1,1,value,21,0,1,0,0,0,,,,,1,19420616,0,HRB01,h,NW2,1,0,0,exhibition,y,,
PH5194207010,barbb102,PH5,1,1,value,7,0,1,0,0,0,,,,,1,19420701,0,HRB01,h,BLG,1,0,0,exhibition,y,,
CI2194208022,barbb102,CI2,1,3,value,,,,0,0,0,,,,,,19420802,2,CIN07,h,MEM,1,0,0,exhibition,y,,
BIR194208170,barbb102,CI2,1,1,value,27,,,0,,0,0,,,,1,19420817,0,LOU05,v,BIR,1,0,0,exhibition,,,
KCM194209020,barbb102,CI2,1,8,value,27,2,0,0,0,0,,,,,1,19420902,0,AKR01,v,KCM,1,0,0,exhibition,y,,
KCM194209062,barbb102,CI2,1,8,value,25,2,0,0,0,0,,,,,1,19420906,2,CHI11,v,KCM,0,1,0,exhibition,y,,
NY6194305232,barbb102,BLG,1,3,value,,2,1,0,0,0,,,,,,19430523,2,NYC16,v,NY6,0,1,0,regular,y,,
BLG194305302,barbb102,BLG,1,3,value,21,0,0,0,0,0,,,,,1,19430530,2,BAL14,h,HOM,1,0,0,regular,y,d,
HOM194305310,barbb102,BLG,1,3,value,,4,0,0,0,0,0,0,0,,1,19430531,0,WAS09,v,HOM,0,1,0,regular,y,,
BLG194306050,barbb102,BLG,1,3,value,27,6,1,0,0,0,0,0,0,,1,19430605,0,BAL14,h,NY6,0,1,0,regular,y,,
BLG194306061,barbb102,BLG,1,1,value,11,0,2,1,0,0,0,0,0,,,19430606,1,BAL14,h,NY6,0,1,0,regular,y,,
BLG194306062,barbb102,BLG,1,3,value,21,6,1,0,1,0,,,,,1,19430606,2,BAL14,h,NY6,0,1,0,regular,y,d,
BLG194306120,barbb102,BLG,1,3,value,27,9,0,0,0,0,0,0,0,,1,19430612,0,BAL14,h,NW2,1,0,0,regular,y,,
BLG194306130,barbb102,BLG,1,3,value,27,10,2,1,0,0,0,0,0,,1,19430613,0,BAL14,h,NW2,0,1,0,regular,y,,
BLG194306180,barbb102,BLG,1,3,value,27,14,2,0,2,0,,,,,1,19430618,0,BAL14,h,KCM,0,1,0,exhibition,y,d,
BLG194306201,barbb102,BLG,1,3,value,27,10,1,0,1,0,,,,,1,19430620,1,BAL14,h,NY5,1,0,0,regular,y,,
BLG194306202,barbb102,BLG,1,3,value,21,7,1,0,0,0,0,0,0,,1,19430620,2,BAL14,h,NY5,0,1,0,regular,y,,
BLG194306240,barbb102,BLG,1,3,value,27,9,0,0,0,0,,,,,1,19430624,0,BAL14,h,KCM,0,1,0,exhibition,y,,
BLG194306271,barbb102,BLG,1,3,value,27,9,0,0,1,0,,,,,1,19430627,1,BAL14,h,PH5,0,1,0,regular,y,,
BLG194306272,barbb102,BLG,1,3,value,27,7,0,0,1,0,,,,,1,19430627,2,BAL14,h,PH5,1,0,0,regular,y,d,
PH5194307010,barbb102,BLG,1,3,value,27,5,0,0,2,0,0,0,0,,1,19430701,0,PHI17,v,PH5,1,0,0,regular,y,,
PH5194307030,barbb102,BLG,1,3,value,24,14,0,1,1,0,,,,,1,19430703,0,PHI17,v,PH5,0,1,0,regular,y,,
NY5194307041,barbb102,BLG,1,3,value,27,10,0,0,0,0,,,,,1,19430704,1,NYC16,v,NY5,1,0,0,regular,y,,
NW2194307051,barbb102,BLG,1,3,value,24,0,0,0,0,0,,,,,1,19430705,1,NWK04,v,NW2,0,1,0,regular,y,d,
NW2194307052,barbb102,BLG,1,3,value,21,0,0,0,0,0,,,,,1,19430705,2,NWK04,v,NW2,1,0,0,regular,y,d,
PH5194307100,barbb102,BLG,1,3,value,26,9,1,0,0,0,,,,,1,19430710,0,PHI17,v,PH5,0,1,0,regular,y,,
PH5194307111,barbb102,BLG,1,3,value,27,7,1,0,0,0,,,,,1,19430711,1,NYC16,v,PH5,1,0,0,regular,y,,
NW2194307120,barbb102,BLG,1,3,value,24,10,0,1,0,0,,,,,1,19430712,0,TRE01,v,NW2,0,1,0,regular,y,d,
BLG194307140,barbb102,BLG,1,3,value,27,9,1,1,1,0,,,,,1,19430714,0,BAL14,h,CVB,1,0,0,exhibition,y,,
BLG194307181,barbb102,BLG,1,3,value,27,5,0,1,0,0,,,,,1,19430718,1,BAL14,h,PH5,1,0,0,regular,y,d,
BLG194307182,barbb102,BLG,1,3,value,18,5,0,0,0,0,,,,,1,19430718,2,BAL14,h,PH5,1,0,0,regular,y,d,
PH5194307270,barbb102,BLG,1,3,value,25,11,0,0,1,0,,,,,1,19430727,0,PHI17,v,PH5,0,1,0,regular,y,,
BLG194307300,barbb102,BLG,1,3,value,30,12,0,2,1,0,,,0,,1,19430730,0,BAL14,h,NY5,0,0,1,exhibition,y,,
BLG194307310,barbb102,BLG,1,3,value,27,11,0,0,2,0,,,,,1,19430731,0,BAL14,h,NY5,1,0,0,exhibition,y,d,
BLG194308011,barbb102,BLG,1,3,value,27,8,0,1,2,0,,,,,1,19430801,1,BAL14,h,NY5,0,1,0,exhibition,y,,
BLG194308012,barbb102,BLG,1,3,value,24,5,0,0,0,0,,,,,1,19430801,2,BAL14,h,NY5,1,0,0,exhibition,y,d,
CAG194308081,barbb102,BLG,1,3,value,27,,,0,0,0,,,,,1,19430808,1,CHI10,v,CAG,1,0,0,exhibition,y,,
BLG194308110,barbb102,BLG,1,3,value,27,,,0,,0,,,,,1,19430811,0,FOR04,h,CAG,1,0,0,exhibition,y,,
BLG194308151,barbb102,BLG,1,9,value,27,,,0,0,0,0,0,0,,1,19430815,1,NSH02,h,CAG,0,1,0,exhibition,y,,
CAG194308180,barbb102,BLG,1,1,value,,,,,,0,,,,,1,19430818,0,IND10,v,CAG,0,1,0,exhibition,,,
HOM194308211,barbb102,BLG,1,3,value,24,11,0,0,0,0,,,,,1,19430821,1,PIT06,v,HOM,0,1,0,regular,y,,
HOM194308212,barbb102,BLG,1,3,value,22,8,1,0,2,0,,,,,1,19430821,2,PIT06,v,HOM,0,1,0,regular,y,,
HOM194308221,barbb102,BLG,1,3,value,24,2,1,0,0,0,,,,,1,19430822,1,WAS09,v,HOM,0,1,0,regular,y,,
HOM194308222,barbb102,BLG,1,3,value,18,4,0,1,0,0,,,,,1,19430822,2,WAS09,v,HOM,0,1,0,regular,y,,
PH5194308260,barbb102,BLG,1,3,value,33,9,2,0,0,0,0,0,0,,1,19430826,0,PHI17,v,PH5,0,0,1,regular,y,,
BLG194309051,barbb102,BLG,1,3,value,36,12,0,0,0,0,,,,,1,19430905,1,BAL14,h,BIR,1,0,0,exhibition,y,d,
BLG194309052,barbb102,BLG,1,3,value,21,6,1,0,0,0,0,0,0,,1,19430905,2,BAL14,h,BIR,0,1,0,exhibition,y,,
BLG194309060,barbb102,BLG,1,3,value,27,12,0,0,0,0,,,,,1,19430906,0,BAL14,h,KCM,0,1,0,exhibition,y,d,
BLG194309100,barbb102,BLG,1,3,value,27,11,0,1,0,0,,,,,1,19430910,0,BAL14,h,HOM,0,1,0,regular,y,d,
NY6194309121,barbb102,BLG,1,3,value,24,9,0,1,2,0,,,,,1,19430912,1,NYC16,v,NY6,0,1,0,exhibition,y,,
HOM194606301,barbb102,NY5,1,3,value,24,13,0,0,1,0,,,,,1,19460630,1,WAS09,v,HOM,0,1,0,regular,y,d,
HOM194606302,barbb102,NY5,1,9,value,18,1,0,0,0,0,,,,,1,19460630,2,WAS09,v,HOM,0,1,0,regular,y,,
NW2194607020,barbb102,NY5,1,3,value,24,0,0,0,0,0,,,,,1,19460702,0,NWK04,v,NW2,0,1,0,regular,y,d,
NY5194607040,barbb102,NY5,1,3,value,27,1,0,0,1,0,,,,,1,19460704,0,NYC16,h,NW2,0,1,0,regular,y,d,
NY5194607071,barbb102,NY5,1,3,value,27,10,0,0,1,0,,,,,1,19460707,1,NYC16,h,PH5,1,0,0,regular,y,,
PH5194607081,barbb102,NY5,1,3,value,27,13,0,0,0,0,,,,,1,19460708,1,PHI11,v,PH5,1,0,0,regular,y,d,
NW2194607100,barbb102,NY5,1,3,value,24,,,2,0,0,,,,,1,19460710,0,NWK04,v,NW2,0,1,0,regular,y,,
BLG194607141,barbb102,NY5,1,3,value,24,11,0,0,0,0,,,,,1,19460714,1,BAL14,v,BLG,0,1,0,regular,y,,
BLG194607142,barbb102,NY5,1,3,value,18,9,0,0,0,0,,,,,1,19460714,2,BAL14,v,BLG,0,1,0,regular,y,,
NY5194607150,barbb102,NY5,1,3,value,27,13,0,1,0,0,,,,,1,19460715,0,NYC23,h,NY6,0,1,0,regular,y,,
PH5194607180,barbb102,NY5,1,3,value,27,9,0,1,,0,,,,,1,19460718,0,PHI17,v,PH5,1,0,0,regular,y,,
NY5194607280,barbb102,NY5,1,3,value,27,13,3,0,1,0,,,,,1,19460728,0,NYC16,h,NY6,0,1,0,regular,y,,
NY5194607290,barbb102,NY5,1,3,value,27,15,0,0,0,0,,,,,1,19460729,0,NYC23,h,CCR,1,0,0,exhibition,y,,
PH5194608030,barbb102,NY5,1,3,value,26,7,0,1,0,0,,,,,1,19460803,0,PHI17,v,PH5,0,1,0,regular,y,d,
NY5194608050,barbb102,NY5,1,1,value,10,0,1,0,0,0,,,,,1,19460805,0,NYC23,h,NW2,0,1,0,regular,y,d,
NY5194608050,barbb102,NY5,2,3,value,17,10,0,0,1,0,,,,,0,19460805,0,NYC23,h,NW2,0,1,0,regular,y,d,
NY5194608111,barbb102,NY5,1,3,value,36,11,0,0,0,0,,,,,1,19460811,1,NYC14,h,PH5,1,0,0,regular,y,,
NY5194608120,barbb102,NY5,1,3,value,27,6,0,0,0,0,,,,,1,19460812,0,NYC23,h,HOM,0,1,0,regular,y,,
NY5194608170,barbb102,NY5,1,3,value,27,11,0,0,0,0,,,,,1,19460817,0,WIL04,h,IN9,0,1,0,exhibition,y,,
NY5194608182,barbb102,NY5,1,3,value,27,13,1,0,0,0,,,,,1,19460818,2,NYC16,h,IN9,1,0,0,exhibition,y,,
PH5194608240,barbb102,NY5,1,3,value,24,4,0,0,0,0,,,,,1,19460824,0,PHI17,v,PH5,0,1,0,regular,y,,
BLG194608251,barbb102,NY5,1,3,value,24,12,0,2,0,0,,,,,1,19460825,1,BAL14,v,BLG,0,1,0,regular,y,,
BLG194608252,barbb102,NY5,1,3,value,21,10,0,0,2,0,,,,,1,19460825,2,BAL14,v,BLG,1,0,0,regular,y,,
NW2194608270,barbb102,NY5,1,3,value,,,,0,1,0,,,,,1,19460827,0,NWK04,v,NW2,0,1,0,regular,y,,
NW2194608270,barbb102,NY5,2,1,value,4,,,,1,0,,,,,1,19460827,0,NWK04,v,NW2,0,1,0,regular,y,,
NY5194609012,barbb102,NY5,1,3,value,27,,,0,0,0,,,,,1,19460901,2,NYC16,h,NW2,0,1,0,regular,y,,
HOM194609081,barbb102,NY5,1,1,value,9,,,0,,0,0,,,,,19460908,1,WAS09,v,HOM,0,1,0,regular,,,
NY5194609152,barbb102,NY5,1,3,value,27,0,0,0,0,0,,,,,1,19460915,2,NYC16,h,KCM,1,0,0,exhibition,y,d,
NY5194609171,barbb102,NY5,1,3,value,27,11,0,0,1,0,,,,,1,19460917,1,PHI11,h,IN9,1,0,0,exhibition,y,d,
NY5194704200,barbb102,NY5,1,1,value,25,1,1,0,0,0,,,,,1,19470420,0,NYC16,h,HOM,0,0,1,exhibition,y,d,
HOM194704271,barbb102,NY5,1,1,value,8,0,3,0,0,0,,,,,1,19470427,1,WAS09,v,HOM,0,1,0,exhibition,y,d,
HOM194704272,barbb102,NY5,1,7,value,21,0,0,0,0,0,,,,,1,19470427,2,WAS09,v,HOM,1,0,0,exhibition,y,d,
NY6194705070,barbb102,NY5,1,1,value,10,,,,,,,,,,1,19470507,0,NOR01,v,NY6,0,1,0,regular,,,
NY6194705070,barbb102,NY5,1,1,lower,9,,,,,,,,,,1,19470507,0,NOR01,v,NY6,0,1,0,regular,,,
NY6194705070,barbb102,NY5,1,1,upper,11,,,,,,,,,,1,19470507,0,NOR01,v,NY6,0,1,0,regular,,,
NY5194705111,barbb102,NY5,1,1,value,22,0,0,0,0,0,,,,,0,19470511,1,NYC16,h,NY6,1,0,0,regular,y,d,
BLG194705180,barbb102,NY5,1,1,value,21,0,1,0,0,0,,,,,1,19470518,0,BAL14,v,BLG,0,0,1,regular,y,,
HOM194705241,barbb102,NY5,1,1,value,9,0,0,0,0,0,,,,,1,19470524,1,PIT06,v,HOM,0,1,0,regular,y,,
HOM194705252,barbb102,NY5,1,7,value,18,1,1,0,0,0,,,,,1,19470525,2,WAS09,v,HOM,0,1,0,regular,y,,
PH5194705262,barbb102,NY5,1,1,value,27,1,6,0,2,0,,,,,1,19470526,2,PHI11,v,PH5,0,0,1,regular,y,,
BLG194705302,barbb102,NY5,1,3,value,,1,0,0,0,0,,,,,,19470530,2,BAL14,v,BLG,0,1,0,regular,y,,
BLG194706151,barbb102,NY5,1,9,value,24,1,1,0,1,0,,,,,1,19470615,1,BAL14,v,BLG,0,1,0,regular,y,,
BLG194706152,barbb102,NY5,1,7,value,21,2,,0,0,0,,,,,1,19470615,2,BAL14,v,BLG,1,0,0,regular,y,,
PH5194706210,barbb102,NY5,1,9,value,24,1,0,0,,,,,,,1,19470621,0,PHI17,v,PH5,0,1,0,regular,y,,
NW2194706222,barbb102,NY5,1,9,value,24,,,0,0,0,,,,,1,19470622,2,NWK04,v,NW2,0,1,0,regular,y,,
NY5194706230,barbb102,NY5,1,9,value,33,4,0,0,0,0,,,,,1,19470623,0,NYC23,h,HOM,0,1,0,regular,y,,
BLG194706241,barbb102,NY5,1,7,value,18,0,0,0,0,0,,,,,1,19470624,1,BAL14,v,BLG,0,1,0,regular,y,,
BLG194706242,barbb102,NY5,1,7,value,24,2,0,1,0,0,,,,,1,19470624,2,BAL14,v,BLG,0,1,0,regular,y,,
BLG194706270,barbb102,NY5,1,7,value,27,1,0,0,0,0,0,0,0,,1,19470627,0,BAL14,v,BLG,1,0,0,regular,y,,
NY5194706291,barbb102,NY5,1,1,value,15,,,0,,0,0,,,,1,19470629,1,NYC16,h,NW2,0,1,0,regular,,,
MEM194707061,barbb102,NY5,1,1,value,,,,0,,0,0,,,,1,19470706,1,MEM02,v,MEM,0,1,0,exhibition,,,
MEM194707080,barbb102,NY5,1,1,value,27,1,1,0,0,0,,,,,1,19470708,0,OKC02,v,MEM,1,0,0,exhibition,y,,
NY5194707211,barbb102,NY5,1,1,value,3,0,1,0,0,0,,,,,,19470721,1,PHI11,h,BLG,0,1,0,regular,y,,
BLG194707250,barbb102,NY5,1,8,value,27,3,1,0,0,0,,,,,1,19470725,0,BAL14,v,BLG,1,0,0,regular,y,,
NW2194708120,barbb102,NY5,1,1,value,24,,,0,0,0,,,,,1,19470812,0,NWK04,v,NW2,0,1,0,regular,y,,
NW2194708171,barbb102,NY5,1,7,value,24,,,0,0,0,,,,,1,19470817,1,NWK04,v,NW2,0,1,0,regular,y,,
NY6194708191,barbb102,NY5,1,1,value,0,0,0,0,0,0,,,,,1,19470819,1,WIL04,v,NY6,0,1,0,regular,y,,
NY6194708192,barbb102,NY5,1,1,value,24,0,1,0,0,0,,,,,1,19470819,2,WIL04,v,NY6,0,1,0,regular,y,,
BLG194708291,barbb102,NY5,1,1,value,18,0,3,1,0,0,,,,,1,19470829,1,BAL14,v,BLG,0,1,0,regular,y,,
BIR194709250,barbb102,NY5,1,1,value,24,,,0,,0,0,,,,1,19470925,0,BIR01,v,BIR,0,1,0,exhibition,,,
NY5194805022,barbb102,NY5,1,7,value,27,2,0,0,0,0,,,,,1,19480502,2,NYC16,h,PH5,0,1,0,regular,y,d,
BLG194805091,barbb102,NY5,1,7,value,24,3,0,0,0,0,,,,,1,19480509,1,BAL14,v,BLG,0,1,0,regular,y,d,
BLG194805092,barbb102,NY5,1,7,value,18,,,0,0,0,0,,,,1,19480509,2,BAL14,v,BLG,0,1,0,regular,y,,
HOM194805120,barbb102,NY5,1,7,value,18,1,0,0,0,0,,,,,1,19480512,0,ALT02,v,HOM,0,1,0,regular,y,d,
HOM194805151,barbb102,NY5,1,1,value,,,,0,,0,0,,,,,19480515,1,MNH01,v,HOM,1,0,0,regular,,,
NY5194805220,barbb102,NY5,1,3,value,27,7,1,0,0,0,0,,,,1,19480522,0,ALB02,h,NW2,0,1,0,regular,y,,
NY5194805251,barbb102,NY5,1,3,value,21,9,0,0,0,0,,,,,1,19480525,1,ROC04,h,NW2,1,0,0,regular,y,d,
NY5194805252,barbb102,NY5,1,3,value,27,8,0,0,0,0,,,,,1,19480525,2,ROC04,h,NW2,1,0,0,regular,y,y,
NW2194805260,barbb102,NY5,1,3,value,31,,,0,0,0,0,,,,1,19480526,0,NWK04,v,NW2,0,1,0,regular,y,,
NW2194805260,barbb102,NY5,1,3,lower,30,,,0,,0,0,,,,1,19480526,0,NWK04,v,NW2,0,1,0,regular,y,,
NY5194805290,barbb102,NY5,1,3,value,27,10,0,0,0,0,,,,,1,19480529,0,ROC04,h,PH5,0,1,0,regular,y,d,
BLG194806040,barbb102,NY5,1,3,value,24,12,0,0,0,0,0,,,,1,19480604,0,BAL14,v,BLG,0,1,0,regular,y,,
HOM194806110,barbb102,NY5,1,3,value,,8,0,0,0,0,0,,,,1,19480611,0,NWC01,v,HOM,0,1,0,regular,y,,
HOM194806170,barbb102,NY5,1,3,value,24,,,0,0,0,0,,,,1,19480617,0,WAS09,v,HOM,0,1,0,regular,y,,
BLG194806250,barbb102,NY5,1,7,value,24,2,0,0,0,0,0,,,,1,19480625,0,BAL14,v,BLG,0,1,0,regular,y,,
BLG194806271,barbb102,NY5,1,7,value,24,4,0,1,0,0,0,,,,1,19480627,1,BAL14,v,BLG,0,1,0,regular,y,,
BLG194806272,barbb102,NY5,1,7,value,18,0,0,0,0,0,0,,,,1,19480627,2,BAL14,v,BLG,0,1,0,regular,y,,
NY6194807040,barbb102,NY5,1,7,value,27,1,0,0,0,0,0,,,,1,19480704,0,NYC14,v,NY6,1,0,0,regular,y,,
NY5194807090,barbb102,NY5,1,7,value,27,1,0,0,0,0,0,,,,1,19480709,0,ROC04,h,NY6,0,1,0,regular,y,,
NY5194807100,barbb102,NY5,1,2,value,,1,0,0,0,0,0,,,,,19480710,0,ALB02,h,NY6,0,1,0,regular,y,,
NY6194807250,barbb102,NY5,1,7,value,27,1,0,0,0,0,,,,,1,19480725,0,NYC14,v,NY6,1,0,0,regular,y,d,
NY5194807261,barbb102,NY5,1,7,value,27,2,0,0,0,0,0,,,,1,19480726,1,PHI11,h,NY6,1,0,0,regular,y,,
PH5194807270,barbb102,NY5,1,7,value,24,3,0,0,0,0,0,,,,1,19480727,0,WIL04,v,PH5,0,1,0,regular,y,,
NY5194807290,barbb102,NY5,1,2,value,27,,,0,,0,,,,,1,19480729,0,ROC04,h,PH5,0,1,0,regular,,,
HOM194808081,barbb102,NY5,1,7,value,24,1,0,0,0,0,0,,,,1,19480808,1,WAS09,v,HOM,0,1,0,regular,y,,
HOM194808082,barbb102,NY5,1,5,value,18,1,1,0,0,0,0,,,,1,19480808,2,WAS09,v,HOM,0,1,0,regular,y,,
NY5194808140,barbb102,NY5,1,2,value,21,,,0,,0,,,,,1,19480814,0,ALB02,h,HOM,0,1,0,regular,,,
NW2194809051,barbb102,NY5,1,3,value,27,0,0,1,0,0,,,,,1,19480905,1,NWK04,v,NW2,1,0,0,regular,y,d,
NW2194809052,barbb102,NY5,1,3,value,18,0,0,1,0,0,,,,,1,19480905,2,NWK04,v,NW2,0,1,0,regular,y,d,
MEM194809130,barbb102,NY5,1,1,value,24,,,0,,0,0,,,,1,19480913,0,LRK02,v,MEM,0,1,0,exhibition,,,
CAG194908310,barbb102,LCB,1,9,value,8,0,0,0,0,0,,,,,0,19490831,0,WIN02,v,CAG,0,1,0,regular,y,d,
