gid,id,team,d_seq,d_pos,stattype,d_ifouts,d_po,d_a,d_e,d_dp,d_tp,d_pb,d_wp,d_sb,d_cs,d_gs,date,number,site,vishome,opp,win,loss,tie,gametype,box,pbp,eject
CAG193505050,lopec102,NY6,1,8,value,24,2,1,0,0,0,,,,,1,19350505,0,CHI16,v,CAG,0,1,0,regular,y,d,
PTC193505110,lopec102,NY6,1,9,value,24,1,1,0,0,0,,,,,1,19350511,0,PIT09,v,PTC,0,1,0,regular,y,d,
PTC193505121,lopec102,NY6,1,9,value,24,1,0,0,0,0,,,,,1,19350512,1,PIT09,v,PTC,0,1,0,regular,y,d,
PTC193505122,lopec102,NY6,1,9,value,27,0,0,0,0,0,,,,,1,19350512,2,PIT09,v,PTC,0,0,1,regular,y,d,
PTC193505130,lopec102,NY6,1,8,value,27,3,0,0,,,,,,,1,19350513,0,PIT09,v,PTC,0,0,1,regular,y,,
PTC193505140,lopec102,NY6,1,7,value,27,2,0,0,,,,,,,1,19350514,0,BEA02,v,PTC,1,0,0,exhibition,y,,
NSH193505180,lopec102,NY6,1,7,value,26,0,0,0,0,0,,,,,1,19350518,0,COL05,v,NSH,0,1,0,regular,y,d,
NSH193505191,lopec102,NY6,1,7,value,27,,0,0,0,0,0,0,0,,1,19350519,1,COL05,v,NSH,1,0,0,regular,y,,
NY6193505261,lopec102,NY6,1,7,value,27,1,0,0,0,0,,,,,1,19350526,1,NYC23,h,HOM,0,1,0,regular,y,,
NY6193505262,lopec102,NY6,1,7,value,,0,0,0,0,0,,,,,1,19350526,2,NYC23,h,HOM,0,1,0,regular,y,,
BRN193505301,lopec102,NY6,1,7,value,,4,0,1,0,0,0,0,0,,1,19350530,1,NYC15,v,BRN,0,1,0,regular,y,,
NY6193506021,lopec102,NY6,2,7,value,,0,0,0,0,0,0,0,0,,,19350602,1,NYC25,h,BRN,1,0,0,regular,y,,
NY6193506220,lopec102,NY6,1,7,value,27,2,0,0,0,0,,,,,1,19350622,0,BEL02,h,PTC,1,0,0,regular,y,d,
NY6193506231,lopec102,NY6,1,7,value,27,2,0,0,0,0,,,,,1,19350623,1,NYC25,h,PTC,0,1,0,regular,y,d,
NY6193506232,lopec102,NY6,1,7,value,27,2,0,0,0,0,,,,,1,19350623,2,NYC25,h,PTC,0,1,0,regular,y,d,
NY6193507130,lopec102,NY6,1,8,value,30,3,0,0,0,0,,,,,1,19350713,0,BEL02,h,CAG,1,0,0,regular,y,d,
NY6193507141,lopec102,NY6,2,9,value,,0,0,0,0,0,,,0,,,19350714,1,NYC25,h,CAG,1,0,0,regular,y,,
NY6193507142,lopec102,NY6,1,7,value,27,2,0,0,0,0,,,,,1,19350714,2,NYC25,h,CAG,0,1,0,regular,y,,
PH5193608250,lopec102,CUS,1,8,value,24,2,0,,,,,,,,1,19360825,0,PHI17,v,PH5,0,1,0,regular,y,,
BRG193609040,lopec102,CUS,1,8,value,24,1,0,0,0,,,,0,,1,19360904,0,TRE01,v,BRG,0,1,0,exhibition,y,,
BRG193609071,lopec102,CUS,1,8,value,27,0,1,0,0,0,,,,,1,19360907,1,NYC28,v,BRG,1,0,0,exhibition,y,,
BRG193609072,lopec102,CUS,1,8,value,24,0,0,0,0,0,,,0,,1,19360907,2,NYC28,v,BRG,0,1,0,exhibition,y,,
NY6193609120,lopec102,CUS,1,8,value,24,1,0,0,0,0,,,,,1,19360912,0,PAT01,v,NY6,0,1,0,exhibition,y,d,
NW2193905251,lopec102,NY6,1,8,value,24,,,0,0,0,,,,,1,19390525,1,NWK04,v,NW2,0,1,0,regular,y,,
NW2193905252,lopec102,NY6,1,8,value,18,,,0,0,0,,,,,1,19390525,2,NWK04,v,NW2,0,1,0,regular,y,,
NW2193905281,lopec102,NY6,1,8,value,24,0,0,0,0,0,,,,,1,19390528,1,NWK04,v,NW2,0,1,0,regular,y,d,
NW2193905282,lopec102,NY6,1,8,value,18,0,0,0,0,0,,,,,1,19390528,2,NWK04,v,NW2,0,1,0,regular,y,d,
PH5193906031,lopec102,NY6,1,8,value,24,2,1,0,0,0,,,,,1,19390603,1,PHI17,v,PH5,0,1,0,regular,y,,
NY6193906041,lopec102,NY6,1,8,value,27,4,1,0,1,0,,,,,1,19390604,1,NYC16,h,BLG,0,1,0,regular,y,d,
PH5193906111,lopec102,NY6,1,8,value,27,4,,0,0,0,,,,,1,19390611,1,PHI17,v,PH5,1,0,0,regular,y,,
TLC193906181,lopec102,NY6,1,8,value,29,2,0,0,0,0,,,,,1,19390618,1,TOL05,v,TLC,0,1,0,regular,y,d,
CAG193906210,lopec102,NY6,1,8,value,27,,,0,0,0,,,,,1,19390621,0,SPR03,v,CAG,1,0,0,exhibition,y,,
SSA193906270,lopec102,NY6,1,8,value,27,,,0,0,0,,,,,1,19390627,0,MIL03,v,SSA,1,0,0,exhibition,y,,
BLG193907161,lopec102,NY6,1,8,value,27,2,1,0,0,0,,,,,1,19390716,1,BAL10,v,BLG,1,0,0,regular,y,d,
BLG193907162,lopec102,NY6,1,8,value,18,1,0,0,0,0,,,,,1,19390716,2,BAL10,v,BLG,0,1,0,regular,y,d,
NY5193907232,lopec102,NY6,1,8,value,24,1,1,0,0,0,,,,,1,19390723,2,NYC16,v,NY5,0,1,0,regular,y,d,
NY6193908131,lopec102,NY6,1,8,value,27,2,0,0,0,0,,,,,1,19390813,1,NYC16,h,BLG,0,1,0,regular,y,d,
NW2193908170,lopec102,NY6,1,8,value,24,,,0,0,0,,,,,1,19390817,0,NWK04,v,NW2,0,1,0,regular,y,,
NW2193908201,lopec102,NY6,1,8,value,24,0,0,0,0,0,,,,,1,19390820,1,NWK04,v,NW2,0,1,0,regular,y,d,
NW2193908202,lopec102,NY6,1,8,value,24,0,1,0,0,0,,,,,1,19390820,2,NWK04,v,NW2,0,1,0,regular,y,d,
ASE193908270,lopec102,ASE,1,7,value,12,1,0,0,0,0,,,,,0,19390827,0,NYC16,h,ASW,1,0,0,allstar,y,y,
NY5193908280,lopec102,NY6,1,8,value,24,0,0,0,0,0,,,,,1,19390828,0,MID04,v,NY5,0,1,0,regular,y,d,
CAG194108130,lopec102,NY6,1,3,value,24,,,0,0,0,,,,,1,19410813,0,POR02,v,CAG,0,1,0,exhibition,y,,
