gid,id,team,d_seq,d_pos,stattype,d_ifouts,d_po,d_a,d_e,d_dp,d_tp,d_pb,d_wp,d_sb,d_cs,d_gs,date,number,site,vishome,opp,win,loss,tie,gametype,box,pbp,eject
PHI192907120,clars101,PIT,1,5,value,27,0,4,0,0,0,,,,,1,19290712,0,PHI09,v,PHI,1,0,0,regular,y,d,
PHI192907130,clars101,PIT,1,5,value,27,1,0,0,0,0,,,,,1,19290713,0,PHI09,v,PHI,1,0,0,regular,y,y,
BSN192907150,clars101,PIT,1,5,value,33,1,1,0,0,0,,,,,1,19290715,0,BOS08,v,BSN,1,0,0,regular,y,y,
BSN192907160,clars101,PIT,1,5,value,24,2,2,0,0,0,,,,,1,19290716,0,BOS08,v,BSN,0,1,0,regular,y,y,
BSN192907171,clars101,PIT,1,5,value,18,0,0,0,0,0,,,,,1,19290717,1,BOS08,v,BSN,0,1,0,regular,y,y,
BSN192907172,clars101,PIT,1,5,value,9,0,0,1,0,0,,,,,0,19290717,2,BOS08,v,BSN,1,0,0,regular,y,y,
PIT192907220,clars101,PIT,1,5,value,12,0,0,0,0,0,,,,,0,19290722,0,PIT06,h,BRO,1,0,0,regular,y,y,
PIT192907240,clars101,PIT,1,5,value,18,1,3,0,2,0,,,,,1,19290724,0,PIT06,h,BRO,0,1,0,regular,y,y,
PIT192907260,clars101,PIT,1,5,value,4,0,1,0,0,0,,,,,0,19290726,0,PIT06,h,BSN,1,0,0,regular,y,y,
PIT192907271,clars101,PIT,1,5,value,27,1,1,0,0,0,,,,,1,19290727,1,PIT06,h,BSN,0,1,0,regular,y,y,
PIT192907272,clars101,PIT,1,5,value,27,2,0,0,0,0,,,,,1,19290727,2,PIT06,h,BSN,1,0,0,regular,y,y,
PIT192907290,clars101,PIT,1,5,value,27,1,4,0,1,0,,,,,1,19290729,0,PIT06,h,BSN,0,1,0,regular,y,y,
PIT192907300,clars101,PIT,1,5,value,27,1,2,0,0,0,,,,,1,19290730,0,PIT06,h,PHI,0,1,0,regular,y,y,
PIT192907310,clars101,PIT,1,5,value,27,2,0,0,0,0,,,,,1,19290731,0,PIT06,h,PHI,0,1,0,regular,y,y,
PIT192908010,clars101,PIT,1,5,value,27,1,0,0,0,0,,,,,1,19290801,0,PIT06,h,PHI,1,0,0,regular,y,y,
PIT192908020,clars101,PIT,1,6,value,27,1,5,3,0,0,,,,,1,19290802,0,PIT06,h,PHI,0,1,0,regular,y,y,
PIT192908050,clars101,PIT,1,6,value,27,2,3,0,1,0,,,,,1,19290805,0,PIT06,h,NY1,0,1,0,regular,y,y,
PIT192908060,clars101,PIT,1,6,value,27,1,5,1,1,0,,,,,1,19290806,0,PIT06,h,NY1,0,1,0,regular,y,y,
PIT192908070,clars101,PIT,1,6,value,27,2,3,0,2,0,,,,,1,19290807,0,PIT06,h,NY1,1,0,0,regular,y,y,
PIT192908070,clars101,PIT,1,6,official,,,,0,1,,,,,,1,19290807,0,PIT06,h,NY1,1,0,0,regular,y,y,
PIT192908080,clars101,PIT,1,6,value,27,0,1,0,0,0,,,,,1,19290808,0,PIT06,h,SLN,1,0,0,regular,y,y,
PIT192908090,clars101,PIT,1,6,value,15,1,1,0,0,0,,,,,1,19290809,0,PIT06,h,SLN,1,0,0,regular,y,y,
BRO192908102,clars101,PIT,1,6,value,12,3,1,0,0,0,,,,,0,19290810,2,NYC15,v,BRO,0,1,0,regular,y,y,
BRO192908110,clars101,PIT,1,6,value,24,2,3,0,0,0,,,,,1,19290811,0,NYC15,v,BRO,0,1,0,regular,y,y,
PIT192908281,clars101,PIT,1,6,value,27,1,4,1,0,0,,,,,1,19290828,1,PIT06,h,CHN,1,0,0,regular,y,y,
PIT192908282,clars101,PIT,1,6,value,21,5,1,0,0,0,,,,,1,19290828,2,PIT06,h,CHN,1,0,0,regular,y,y,
PIT192908290,clars101,PIT,1,6,value,27,3,4,1,0,0,,,,,1,19290829,0,PIT06,h,CHN,1,0,0,regular,y,y,
PIT192908300,clars101,PIT,1,6,value,27,0,7,0,1,0,,,,,1,19290830,0,PIT06,h,CHN,1,0,0,regular,y,y,
PIT192908310,clars101,PIT,1,6,value,27,2,7,0,1,0,,,,,1,19290831,0,PIT06,h,CHN,0,1,0,regular,y,y,
CIN192909010,clars101,PIT,1,6,value,33,2,8,0,1,0,,,,,1,19290901,0,CIN07,v,CIN,1,0,0,regular,y,y,
PIT192909021,clars101,PIT,1,6,value,24,3,1,1,0,0,,,,,1,19290902,1,PIT06,h,CIN,0,1,0,regular,y,y,
PIT192909022,clars101,PIT,1,6,value,27,0,2,2,0,0,,,,,1,19290902,2,PIT06,h,CIN,1,0,0,regular,y,y,
CIN192909040,clars101,PIT,1,6,value,24,3,1,1,1,0,,,,,1,19290904,0,CIN07,v,CIN,0,1,0,regular,y,y,
CIN192909050,clars101,PIT,1,6,value,27,3,2,1,1,0,,,,,1,19290905,0,CIN07,v,CIN,1,0,0,regular,y,y,
PIT192909061,clars101,PIT,1,6,value,27,0,3,0,0,0,,,,,1,19290906,1,PIT06,h,BRO,0,1,0,regular,y,y,
PIT192909062,clars101,PIT,1,6,value,27,1,0,1,0,0,,,,,1,19290906,2,PIT06,h,BRO,1,0,0,regular,y,y,
PIT192909070,clars101,PIT,1,6,value,27,2,4,0,0,0,,,,,1,19290907,0,PIT06,h,BRO,1,0,0,regular,y,y,
BRO192909080,clars101,PIT,1,6,value,24,5,4,0,1,0,,,,,1,19290908,0,NYC15,v,BRO,0,1,0,regular,y,y,
PIT192909090,clars101,PIT,1,6,value,21,3,2,0,0,0,,,,,1,19290909,0,PIT06,h,BRO,1,0,0,regular,y,y,
PIT192909100,clars101,PIT,1,6,value,27,3,1,1,1,0,,,,,1,19290910,0,PIT06,h,BRO,1,0,0,regular,y,y,
PIT192909111,clars101,PIT,1,6,value,27,2,7,0,1,0,,,,,1,19290911,1,PIT06,h,NY1,0,1,0,regular,y,y,
PIT192909112,clars101,PIT,1,6,value,24,1,3,0,1,0,,,,,1,19290911,2,PIT06,h,NY1,0,1,0,regular,y,y,
PIT192909120,clars101,PIT,1,6,value,27,2,1,0,0,0,,,,,1,19290912,0,PIT06,h,NY1,0,1,0,regular,y,y,
PIT192909161,clars101,PIT,1,6,value,30,1,3,0,0,0,,,,,1,19290916,1,PIT06,h,PHI,1,0,0,regular,y,y,
PIT192909162,clars101,PIT,1,6,value,27,1,1,0,0,0,,,,,1,19290916,2,PIT06,h,PHI,1,0,0,regular,y,y,
PIT192909170,clars101,PIT,1,6,value,27,0,2,0,0,0,,,,,1,19290917,0,PIT06,h,PHI,1,0,0,regular,y,y,
PIT192909181,clars101,PIT,1,6,value,27,2,2,0,1,0,,,,,1,19290918,1,PIT06,h,BSN,0,1,0,regular,y,y,
PIT192909182,clars101,PIT,1,6,value,27,1,2,0,0,0,,,,,1,19290918,2,PIT06,h,BSN,1,0,0,regular,y,y,
PIT192909190,clars101,PIT,1,6,value,27,3,2,0,0,0,,,,,1,19290919,0,PIT06,h,BSN,0,1,0,regular,y,y,
PIT192909200,clars101,PIT,1,6,value,27,3,7,1,1,0,,,,,1,19290920,0,PIT06,h,BSN,1,0,0,regular,y,y,
PIT192909210,clars101,PIT,1,6,value,27,0,3,0,0,0,,,,,1,19290921,0,PIT06,h,BSN,1,0,0,regular,y,y,
SLN192909260,clars101,PIT,1,6,value,24,1,3,1,0,0,,,,,1,19290926,0,STL07,v,SLN,0,1,0,regular,y,y,
SLN192909270,clars101,PIT,1,6,value,21,2,3,0,0,0,,,,,1,19290927,0,STL07,v,SLN,0,1,0,regular,y,y,
SLN192909280,clars101,PIT,1,6,value,27,2,5,2,1,0,,,,,1,19290928,0,STL07,v,SLN,1,0,0,regular,y,y,
SLN192909291,clars101,PIT,1,6,value,27,0,5,0,2,0,,,,,1,19290929,1,STL07,v,SLN,1,0,0,regular,y,y,
SLN192909292,clars101,PIT,1,6,value,24,2,3,1,2,0,,,,,1,19290929,2,STL07,v,SLN,0,1,0,regular,y,y,
PIT192910051,clars101,PIT,1,6,value,27,1,5,0,0,0,,,,,1,19291005,1,PIT06,h,SLN,0,1,0,regular,y,y,
CHN192910060,clars101,PIT,1,4,value,27,4,1,0,0,0,,,,,1,19291006,0,CHI11,v,CHN,1,0,0,regular,y,d,
PIT193004250,clars101,PIT,1,4,value,27,2,1,0,0,0,,,,,1,19300425,0,PIT06,h,SLN,1,0,0,regular,y,y,
PIT193004260,clars101,PIT,1,4,value,27,4,3,0,0,0,,,,,1,19300426,0,PIT06,h,SLN,1,0,0,regular,y,y,
KCM193310020,clars101,ASD,1,6,value,25,0,1,0,0,0,,,,,1,19331002,0,KAN05,v,KCM,0,1,0,exhibition,y,,
KCM193310080,clars101,ASD,1,5,value,24,2,2,1,0,0,,,,,1,19331008,0,KAN05,v,KCM,0,1,0,exhibition,y,,
