gid,event,inning,top_bot,vis_home,site,batteam,pitteam,score_v,score_h,batter,pitcher,lp,bat_f,bathand,pithand,balls,strikes,count,pitches,nump,pa,ab,single,double,triple,hr,sh,sf,hbp,walk,k,xi,roe,fc,othout,noout,oth,bip,bunt,ground,fly,line,iw,gdp,othdp,tp,fle,wp,pb,bk,oa,di,sb2,sb3,sbh,cs2,cs3,csh,pko1,pko2,pko3,k_safe,e1,e2,e3,e4,e5,e6,e7,e8,e9,outs_pre,outs_post,br1_pre,br2_pre,br3_pre,br1_post,br2_post,br3_post,lob_id1,lob_id2,lob_id3,pr1_pre,pr2_pre,pr3_pre,pr1_post,pr2_post,pr3_post,run_b,run1,run2,run3,prun_b,prun1,prun2,prun3,ur_b,ur1,ur2,ur3,rbi_b,rbi1,rbi2,rbi3,runs,rbi,er,tur,l1,l2,l3,l4,l5,l6,l7,l8,l9,lf1,lf2,lf3,lf4,lf5,lf6,lf7,lf8,lf9,f2,f3,f4,f5,f6,f7,f8,f9,po0,po1,po2,po3,po4,po5,po6,po7,po8,po9,a1,a2,a3,a4,a5,a6,a7,a8,a9,fseq,batout1,batout2,batout3,brout_b,brout1,brout2,brout3,firstf,loc,hittype,dpopp,pivot,pn,umphome,ump1b,ump2b,ump3b,umplf,umprf,date,gametype,pbp
PHG190309150,99,1,0,0,CAM02,CUX,PHG,0,0,granc101,cartk101,1,4,R,L,?,?,??,,,1,1,0,0,0,0,0,0,0,0,0,0,0,0,1,0,1,1,0,0,0,0,0,0,0,0,0,0,0,0,0,0,0,0,0,0,0,0,0,0,0,0,0,0,0,0,0,0,0,0,0,0,1,,,,,,,,,,,,,,,,,,,,,,,,0,0,0,0,0,0,0,0,0,0,0,0,granc101,jordb102,johng103,mccld101,willc112,jackw103,payna101,hillj106,smitb115,4,3,6,1,2,7,8,5,9,footr101,nelsj103,granf101,bingw102,whits105,pattj102,mannj105,buckh101,1,0,0,0,0,0,0,0,0,0,0,0,0,0,0,0,0,0,0,0,0,0,0,0,0,0,0,0,,,0,0,1,,,,,,,19030915,championship,deduced
PHG190309150,99,1,0,0,CAM02,CUX,PHG,0,0,jordb102,cartk101,2,3,?,L,?,?,??,,,1,1,0,0,0,0,0,0,0,0,0,0,0,0,1,0,1,1,0,0,0,0,0,0,0,0,0,0,0,0,0,0,0,0,0,0,0,0,0,0,0,0,0,0,0,0,0,0,0,0,0,1,2,,,,,,,,,,,,,,,,,,,,,,,,0,0,0,0,0,0,0,0,0,0,0,0,granc101,jordb102,johng103,mccld101,willc112,jackw103,payna101,hillj106,smitb115,4,3,6,1,2,7,8,5,9,footr101,nelsj103,granf101,bingw102,whits105,pattj102,mannj105,buckh101,1,0,0,0,0,0,0,0,0,0,0,0,0,0,0,0,0,0,0,0,0,0,0,0,0,0,0,0,,,0,0,2,,,,,,,19030915,championship,deduced
PHG190309150,99,1,0,0,CAM02,CUX,PHG,0,0,johng103,cartk101,3,6,R,L,?,?,??,,,1,1,0,0,0,0,0,0,0,0,0,0,0,0,1,0,1,1,0,0,0,0,0,0,0,0,0,0,0,0,0,0,0,0,0,0,0,0,0,0,0,0,0,0,0,0,0,0,0,0,0,2,3,,,,,,,,,,,,,,,,,,,,,,,,0,0,0,0,0,0,0,0,0,0,0,0,granc101,jordb102,johng103,mccld101,willc112,jackw103,payna101,hillj106,smitb115,4,3,6,1,2,7,8,5,9,footr101,nelsj103,granf101,bingw102,whits105,pattj102,mannj105,buckh101,1,0,0,0,0,0,0,0,0,0,0,0,0,0,0,0,0,0,0,0,0,0,0,0,0,0,0,0,,,0,0,3,,,,,,,19030915,championship,deduced
PHG190309150,D7,1,1,1,CAM02,PHG,CUX,0,0,whits105,mccld101,1,6,R,L,?,?,??,,,1,1,0,1,0,0,0,0,0,0,0,0,0,0,0,0,0,1,0,0,0,0,0,0,0,0,0,0,0,0,0,0,0,0,0,0,0,0,0,0,0,0,0,0,0,0,0,0,0,0,0,0,0,,,,,whits105,,,,,,,,,mccld101,,,,,,,,,,0,0,0,0,0,0,0,0,0,0,0,0,whits105,granf101,pattj102,buckh101,bingw102,nelsj103,mannj105,cartk101,footr101,6,4,7,9,5,3,8,1,2,willc112,jordb102,granc101,hillj106,johng103,jackw103,payna101,smitb115,0,0,0,0,0,0,0,0,0,0,0,0,0,0,0,0,0,0,0,,0,0,0,0,0,0,0,7,7+,,0,0,4,,,,,,,19030915,championship,deduced
PHG190309150,99,1,1,1,CAM02,PHG,CUX,0,0,granf101,mccld101,2,4,R,L,?,?,??,,,1,1,0,0,0,0,0,0,0,0,0,0,0,0,1,0,1,1,0,0,0,0,0,0,0,0,0,0,0,0,0,0,0,0,0,0,0,0,0,0,0,0,0,0,0,0,0,0,0,0,0,0,1,,whits105,,,whits105,,,,,,mccld101,,,mccld101,,,,,,,,,,0,0,0,0,0,0,0,0,0,0,0,0,whits105,granf101,pattj102,buckh101,bingw102,nelsj103,mannj105,cartk101,footr101,6,4,7,9,5,3,8,1,2,willc112,jordb102,granc101,hillj106,johng103,jackw103,payna101,smitb115,1,0,0,0,0,0,0,0,0,0,0,0,0,0,0,0,0,0,0,0,0,0,0,0,0,0,0,0,,,0,0,5,,,,,,,19030915,championship,deduced
PHG190309150,99,1,1,1,CAM02,PHG,CUX,0,0,pattj102,mccld101,3,7,?,L,?,?,??,,,1,1,0,0,0,0,0,0,0,0,0,0,0,0,1,0,1,1,0,0,0,0,0,0,0,0,0,0,0,0,0,0,0,0,0,0,0,0,0,0,0,0,0,0,0,0,0,0,0,0,0,1,2,,whits105,,,whits105,,,,,,mccld101,,,mccld101,,,,,,,,,,0,0,0,0,0,0,0,0,0,0,0,0,whits105,granf101,pattj102,buckh101,bingw102,nelsj103,mannj105,cartk101,footr101,6,4,7,9,5,3,8,1,2,willc112,jordb102,granc101,hillj106,johng103,jackw103,payna101,smitb115,1,0,0,0,0,0,0,0,0,0,0,0,0,0,0,0,0,0,0,0,0,0,0,0,0,0,0,0,,,0,0,6,,,,,,,19030915,championship,deduced
PHG190309150,99,1,1,1,CAM02,PHG,CUX,0,0,buckh101,mccld101,4,9,R,L,?,?,??,,,1,1,0,0,0,0,0,0,0,0,0,0,0,0,1,0,1,1,0,0,0,0,0,0,0,0,0,0,0,0,0,0,0,0,0,0,0,0,0,0,0,0,0,0,0,0,0,0,0,0,0,2,3,,whits105,,,,,whits105,,,,mccld101,,,,,,,,,,,,,0,0,0,0,0,0,0,0,0,0,0,0,whits105,granf101,pattj102,buckh101,bingw102,nelsj103,mannj105,cartk101,footr101,6,4,7,9,5,3,8,1,2,willc112,jordb102,granc101,hillj106,johng103,jackw103,payna101,smitb115,1,0,0,0,0,0,0,0,0,0,0,0,0,0,0,0,0,0,0,0,0,0,0,0,0,0,0,0,,,0,0,7,,,,,,,19030915,championship,deduced
PHG190309150,99,2,0,0,CAM02,CUX,PHG,0,0,mccld101,cartk101,4,1,L,L,?,?,??,,,1,1,0,0,0,0,0,0,0,0,0,0,0,0,1,0,1,1,0,0,0,0,0,0,0,0,0,0,0,0,0,0,0,0,0,0,0,0,0,0,0,0,0,0,0,0,0,0,0,0,0,0,1,,,,,,,,,,,,,,,,,,,,,,,,0,0,0,0,0,0,0,0,0,0,0,0,granc101,jordb102,johng103,mccld101,willc112,jackw103,payna101,hillj106,smitb115,4,3,6,1,2,7,8,5,9,footr101,nelsj103,granf101,bingw102,whits105,pattj102,mannj105,buckh101,1,0,0,0,0,0,0,0,0,0,0,0,0,0,0,0,0,0,0,0,0,0,0,0,0,0,0,0,,,0,0,8,,,,,,,19030915,championship,deduced
PHG190309150,99,2,0,0,CAM02,CUX,PHG,0,0,willc112,cartk101,5,2,R,L,?,?,??,,,1,1,0,0,0,0,0,0,0,0,0,0,0,0,1,0,1,1,0,0,0,0,0,0,0,0,0,0,0,0,0,0,0,0,0,0,0,0,0,0,0,0,0,0,0,0,0,0,0,0,0,1,2,,,,,,,,,,,,,,,,,,,,,,,,0,0,0,0,0,0,0,0,0,0,0,0,granc101,jordb102,johng103,mccld101,willc112,jackw103,payna101,hillj106,smitb115,4,3,6,1,2,7,8,5,9,footr101,nelsj103,granf101,bingw102,whits105,pattj102,mannj105,buckh101,1,0,0,0,0,0,0,0,0,0,0,0,0,0,0,0,0,0,0,0,0,0,0,0,0,0,0,0,,,0,0,9,,,,,,,19030915,championship,deduced
PHG190309150,99,2,0,0,CAM02,CUX,PHG,0,0,jackw103,cartk101,6,7,?,L,?,?,??,,,1,1,0,0,0,0,0,0,0,0,0,0,0,0,1,0,1,1,0,0,0,0,0,0,0,0,0,0,0,0,0,0,0,0,0,0,0,0,0,0,0,0,0,0,0,0,0,0,0,0,0,2,3,,,,,,,,,,,,,,,,,,,,,,,,0,0,0,0,0,0,0,0,0,0,0,0,granc101,jordb102,johng103,mccld101,willc112,jackw103,payna101,hillj106,smitb115,4,3,6,1,2,7,8,5,9,footr101,nelsj103,granf101,bingw102,whits105,pattj102,mannj105,buckh101,1,0,0,0,0,0,0,0,0,0,0,0,0,0,0,0,0,0,0,0,0,0,0,0,0,0,0,0,,,0,0,10,,,,,,,19030915,championship,deduced
PHG190309150,W#,2,1,1,CAM02,PHG,CUX,0,0,bingw102,mccld101,5,5,?,L,?,?,??,,,1,0,0,0,0,0,0,0,0,1,0,0,0,0,0,0,0,0,0,0,0,0,0,0,0,0,0,0,0,0,0,0,0,0,0,0,0,0,0,0,0,0,0,0,0,0,0,0,0,0,0,0,0,,,,bingw102,,,,,,,,,mccld101,,,,,,,,,,,0,0,0,0,0,0,0,0,0,0,0,0,whits105,granf101,pattj102,buckh101,bingw102,nelsj103,mannj105,cartk101,footr101,6,4,7,9,5,3,8,1,2,willc112,jordb102,granc101,hillj106,johng103,jackw103,payna101,smitb115,0,0,0,0,0,0,0,0,0,0,0,0,0,0,0,0,0,0,0,,0,0,0,0,0,0,0,0,,,0,0,11,,,,,,,19030915,championship,deduced
PHG190309150,99,2,1,1,CAM02,PHG,CUX,0,0,nelsj103,mccld101,6,3,?,L,?,?,??,,,1,1,0,0,0,0,0,0,0,0,0,0,0,0,1,0,1,1,0,0,0,0,0,0,0,0,0,0,0,0,0,0,0,0,0,0,0,0,0,0,0,0,0,0,0,0,0,0,0,0,0,0,1,bingw102,,,bingw102,,,,,,mccld101,,,mccld101,,,,,,,,,,,0,0,0,0,0,0,0,0,0,0,0,0,whits105,granf101,pattj102,buckh101,bingw102,nelsj103,mannj105,cartk101,footr101,6,4,7,9,5,3,8,1,2,willc112,jordb102,granc101,hillj106,johng103,jackw103,payna101,smitb115,1,0,0,0,0,0,0,0,0,0,0,0,0,0,0,0,0,0,0,0,0,0,0,0,0,0,0,0,,,0,0,12,,,,,,,19030915,championship,deduced
PHG190309150,99,2,1,1,CAM02,PHG,CUX,0,0,mannj105,mccld101,7,8,?,L,?,?,??,,,1,1,0,0,0,0,0,0,0,0,0,0,0,0,1,0,1,1,0,0,0,0,0,0,0,0,0,0,0,0,0,0,0,0,0,0,0,0,0,0,0,0,0,0,0,0,0,0,0,0,0,1,2,bingw102,,,bingw102,,,,,,mccld101,,,mccld101,,,,,,,,,,,0,0,0,0,0,0,0,0,0,0,0,0,whits105,granf101,pattj102,buckh101,bingw102,nelsj103,mannj105,cartk101,footr101,6,4,7,9,5,3,8,1,2,willc112,jordb102,granc101,hillj106,johng103,jackw103,payna101,smitb115,1,0,0,0,0,0,0,0,0,0,0,0,0,0,0,0,0,0,0,0,0,0,0,0,0,0,0,0,,,0,0,13,,,,,,,19030915,championship,deduced
PHG190309150,99,2,1,1,CAM02,PHG,CUX,0,0,cartk101,mccld101,8,1,?,L,?,?,??,,,1,1,0,0,0,0,0,0,0,0,0,0,0,0,1,0,1,1,0,0,0,0,0,0,0,0,0,0,0,0,0,0,0,0,0,0,0,0,0,0,0,0,0,0,0,0,0,0,0,0,0,2,3,bingw102,,,,,,bingw102,,,mccld101,,,,,,,,,,,,,,0,0,0,0,0,0,0,0,0,0,0,0,whits105,granf101,pattj102,buckh101,bingw102,nelsj103,mannj105,cartk101,footr101,6,4,7,9,5,3,8,1,2,willc112,jordb102,granc101,hillj106,johng103,jackw103,payna101,smitb115,1,0,0,0,0,0,0,0,0,0,0,0,0,0,0,0,0,0,0,0,0,0,0,0,0,0,0,0,,,0,0,14,,,,,,,19030915,championship,deduced
PHG190309150,99,3,0,0,CAM02,CUX,PHG,0,0,payna101,cartk101,7,8,R,L,?,?,??,,,1,1,0,0,0,0,0,0,0,0,0,0,0,0,1,0,1,1,0,0,0,0,0,0,0,0,0,0,0,0,0,0,0,0,0,0,0,0,0,0,0,0,0,0,0,0,0,0,0,0,0,0,1,,,,,,,,,,,,,,,,,,,,,,,,0,0,0,0,0,0,0,0,0,0,0,0,granc101,jordb102,johng103,mccld101,willc112,jackw103,payna101,hillj106,smitb115,4,3,6,1,2,7,8,5,9,footr101,nelsj103,granf101,bingw102,whits105,pattj102,mannj105,buckh101,1,0,0,0,0,0,0,0,0,0,0,0,0,0,0,0,0,0,0,0,0,0,0,0,0,0,0,0,,,0,0,15,,,,,,,19030915,championship,deduced
PHG190309150,99,3,0,0,CAM02,CUX,PHG,0,0,hillj106,cartk101,8,5,R,L,?,?,??,,,1,1,0,0,0,0,0,0,0,0,0,0,0,0,1,0,1,1,0,0,0,0,0,0,0,0,0,0,0,0,0,0,0,0,0,0,0,0,0,0,0,0,0,0,0,0,0,0,0,0,0,1,2,,,,,,,,,,,,,,,,,,,,,,,,0,0,0,0,0,0,0,0,0,0,0,0,granc101,jordb102,johng103,mccld101,willc112,jackw103,payna101,hillj106,smitb115,4,3,6,1,2,7,8,5,9,footr101,nelsj103,granf101,bingw102,whits105,pattj102,mannj105,buckh101,1,0,0,0,0,0,0,0,0,0,0,0,0,0,0,0,0,0,0,0,0,0,0,0,0,0,0,0,,,0,0,16,,,,,,,19030915,championship,deduced
PHG190309150,S#,3,0,0,CAM02,CUX,PHG,0,0,smitb115,cartk101,9,9,?,L,?,?,??,,,1,1,1,0,0,0,0,0,0,0,0,0,0,0,0,0,0,1,0,0,0,0,0,0,0,0,0,0,0,0,0,0,0,0,0,0,0,0,0,0,0,0,0,0,0,0,0,0,0,0,0,2,2,,,,smitb115,,,,,,,,,cartk101,,,,,,,,,,,0,0,0,0,0,0,0,0,0,0,0,0,granc101,jordb102,johng103,mccld101,willc112,jackw103,payna101,hillj106,smitb115,4,3,6,1,2,7,8,5,9,footr101,nelsj103,granf101,bingw102,whits105,pattj102,mannj105,buckh101,0,0,0,0,0,0,0,0,0,0,0,0,0,0,0,0,0,0,0,,0,0,0,0,0,0,0,0,,,0,0,17,,,,,,,19030915,championship,deduced
PHG190309150,99,3,0,0,CAM02,CUX,PHG,0,0,granc101,cartk101,1,4,R,L,?,?,??,,,1,1,0,0,0,0,0,0,0,0,0,0,0,0,1,0,1,1,0,0,0,0,0,0,0,0,0,0,0,0,0,0,0,0,0,0,0,0,0,0,0,0,0,0,0,0,0,0,0,0,0,2,3,smitb115,,,,,,smitb115,,,cartk101,,,,,,,,,,,,,,0,0,0,0,0,0,0,0,0,0,0,0,granc101,jordb102,johng103,mccld101,willc112,jackw103,payna101,hillj106,smitb115,4,3,6,1,2,7,8,5,9,footr101,nelsj103,granf101,bingw102,whits105,pattj102,mannj105,buckh101,1,0,0,0,0,0,0,0,0,0,0,0,0,0,0,0,0,0,0,0,0,0,0,0,0,0,0,0,,,0,0,18,,,,,,,19030915,championship,deduced
PHG190309150,S#,3,1,1,CAM02,PHG,CUX,0,0,footr101,mccld101,9,2,?,L,?,?,??,,,1,1,1,0,0,0,0,0,0,0,0,0,0,0,0,0,0,1,0,0,0,0,0,0,0,0,0,0,0,0,0,0,0,0,0,0,0,0,0,0,0,0,0,0,0,0,0,0,0,0,0,0,0,,,,footr101,,,,,,,,,mccld101,,,,,,,,,,,0,0,0,0,0,0,0,0,0,0,0,0,whits105,granf101,pattj102,buckh101,bingw102,nelsj103,mannj105,cartk101,footr101,6,4,7,9,5,3,8,1,2,willc112,jordb102,granc101,hillj106,johng103,jackw103,payna101,smitb115,0,0,0,0,0,0,0,0,0,0,0,0,0,0,0,0,0,0,0,,0,0,0,0,0,0,0,0,,,0,0,19,,,,,,,19030915,championship,deduced
PHG190309150,99,3,1,1,CAM02,PHG,CUX,0,0,whits105,mccld101,1,6,R,L,?,?,??,,,1,1,0,0,0,0,0,0,0,0,0,0,0,0,1,0,1,1,0,0,0,0,0,0,0,0,0,0,0,0,0,0,0,0,0,0,0,0,0,0,0,0,0,0,0,0,0,0,0,0,0,0,1,footr101,,,footr101,,,,,,mccld101,,,mccld101,,,,,,,,,,,0,0,0,0,0,0,0,0,0,0,0,0,whits105,granf101,pattj102,buckh101,bingw102,nelsj103,mannj105,cartk101,footr101,6,4,7,9,5,3,8,1,2,willc112,jordb102,granc101,hillj106,johng103,jackw103,payna101,smitb115,1,0,0,0,0,0,0,0,0,0,0,0,0,0,0,0,0,0,0,0,0,0,0,0,0,0,0,0,,,0,0,20,,,,,,,19030915,championship,deduced
PHG190309150,FC.1-2;B-1#,3,1,1,CAM02,PHG,CUX,0,0,granf101,mccld101,2,4,R,L,?,?,??,,,1,1,0,0,0,0,0,0,0,0,0,0,0,1,0,0,0,1,0,1,0,0,0,0,0,0,0,0,0,0,0,0,0,0,0,0,0,0,0,0,0,0,0,0,0,0,0,0,0,0,0,1,1,footr101,,,granf101,footr101,,,,,mccld101,,,mccld101,mccld101,,,,,,,,,,0,0,0,0,0,0,0,0,0,0,0,0,whits105,granf101,pattj102,buckh101,bingw102,nelsj103,mannj105,cartk101,footr101,6,4,7,9,5,3,8,1,2,willc112,jordb102,granc101,hillj106,johng103,jackw103,payna101,smitb115,0,0,0,0,0,0,0,0,0,0,0,0,0,0,0,0,0,0,0,,0,0,0,0,0,0,0,0,,G,1,0,21,,,,,,,19030915,championship,deduced
PHG190309150,99,3,1,1,CAM02,PHG,CUX,0,0,pattj102,mccld101,3,7,?,L,?,?,??,,,1,1,0,0,0,0,0,0,0,0,0,0,0,0,1,0,1,1,0,0,0,0,0,0,0,0,0,0,0,0,0,0,0,0,0,0,0,0,0,0,0,0,0,0,0,0,0,0,0,0,0,1,2,granf101,footr101,,granf101,footr101,,,,,mccld101,mccld101,,mccld101,mccld101,,,,,,,,,,0,0,0,0,0,0,0,0,0,0,0,0,whits105,granf101,pattj102,buckh101,bingw102,nelsj103,mannj105,cartk101,footr101,6,4,7,9,5,3,8,1,2,willc112,jordb102,granc101,hillj106,johng103,jackw103,payna101,smitb115,1,0,0,0,0,0,0,0,0,0,0,0,0,0,0,0,0,0,0,0,0,0,0,0,0,0,0,0,,,0,0,22,,,,,,,19030915,championship,deduced
PHG190309150,99,3,1,1,CAM02,PHG,CUX,0,0,buckh101,mccld101,4,9,R,L,?,?,??,,,1,1,0,0,0,0,0,0,0,0,0,0,0,0,1,0,1,1,0,0,0,0,0,0,0,0,0,0,0,0,0,0,0,0,0,0,0,0,0,0,0,0,0,0,0,0,0,0,0,0,0,2,3,granf101,footr101,,,,,footr101,granf101,,mccld101,mccld101,,,,,,,,,,,,,0,0,0,0,0,0,0,0,0,0,0,0,whits105,granf101,pattj102,buckh101,bingw102,nelsj103,mannj105,cartk101,footr101,6,4,7,9,5,3,8,1,2,willc112,jordb102,granc101,hillj106,johng103,jackw103,payna101,smitb115,1,0,0,0,0,0,0,0,0,0,0,0,0,0,0,0,0,0,0,0,0,0,0,0,0,0,0,0,,,0,0,23,,,,,,,19030915,championship,deduced
PHG190309150,S,4,0,0,CAM02,CUX,PHG,0,0,jordb102,cartk101,2,3,?,L,?,?,??,,,1,1,1,0,0,0,0,0,0,0,0,0,0,0,0,0,0,1,0,0,0,0,0,0,0,0,0,0,0,0,0,0,0,0,0,0,0,0,0,0,0,0,0,0,0,0,0,0,0,0,0,0,0,,,,jordb102,,,,,,,,,cartk101,,,,,,,,,,,0,0,0,0,0,0,0,0,0,0,0,0,granc101,jordb102,johng103,mccld101,willc112,jackw103,payna101,hillj106,smitb115,4,3,6,1,2,7,8,5,9,footr101,nelsj103,granf101,bingw102,whits105,pattj102,mannj105,buckh101,0,0,0,0,0,0,0,0,0,0,0,0,0,0,0,0,0,0,0,,0,0,0,0,0,0,0,0,,,0,0,24,,,,,,,19030915,championship,deduced
PHG190309150,64(1)3/GDP#,4,0,0,CAM02,CUX,PHG,0,0,johng103,cartk101,3,6,R,L,?,?,??,,,1,1,0,0,0,0,0,0,0,0,0,0,0,0,1,0,1,1,0,1,0,0,0,1,0,0,0,0,0,0,0,0,0,0,0,0,0,0,0,0,0,0,0,0,0,0,0,0,0,0,0,0,2,jordb102,,,,,,,,,cartk101,,,,,,,,,,,,,,0,0,0,0,0,0,0,0,0,0,0,0,granc101,jordb102,johng103,mccld101,willc112,jackw103,payna101,hillj106,smitb115,4,3,6,1,2,7,8,5,9,footr101,nelsj103,granf101,bingw102,whits105,pattj102,mannj105,buckh101,0,0,0,1,1,0,0,0,0,0,0,0,0,1,0,1,0,0,0,643,6,4,0,0,0,0,0,6,,G,1,4,25,,,,,,,19030915,championship,deduced
PHG190309150,99,4,0,0,CAM02,CUX,PHG,0,0,mccld101,cartk101,4,1,L,L,?,?,??,,,1,1,0,0,0,0,0,0,0,0,0,0,0,0,1,0,1,1,0,0,0,0,0,0,0,0,0,0,0,0,0,0,0,0,0,0,0,0,0,0,0,0,0,0,0,0,0,0,0,0,0,2,3,,,,,,,,,,,,,,,,,,,,,,,,0,0,0,0,0,0,0,0,0,0,0,0,granc101,jordb102,johng103,mccld101,willc112,jackw103,payna101,hillj106,smitb115,4,3,6,1,2,7,8,5,9,footr101,nelsj103,granf101,bingw102,whits105,pattj102,mannj105,buckh101,1,0,0,0,0,0,0,0,0,0,0,0,0,0,0,0,0,0,0,0,0,0,0,0,0,0,0,0,,,0,0,26,,,,,,,19030915,championship,deduced
PHG190309150,99,4,1,1,CAM02,PHG,CUX,0,0,bingw102,mccld101,5,5,?,L,?,?,??,,,1,1,0,0,0,0,0,0,0,0,0,0,0,0,1,0,1,1,0,0,0,0,0,0,0,0,0,0,0,0,0,0,0,0,0,0,0,0,0,0,0,0,0,0,0,0,0,0,0,0,0,0,1,,,,,,,,,,,,,,,,,,,,,,,,0,0,0,0,0,0,0,0,0,0,0,0,whits105,granf101,pattj102,buckh101,bingw102,nelsj103,mannj105,cartk101,footr101,6,4,7,9,5,3,8,1,2,willc112,jordb102,granc101,hillj106,johng103,jackw103,payna101,smitb115,1,0,0,0,0,0,0,0,0,0,0,0,0,0,0,0,0,0,0,0,0,0,0,0,0,0,0,0,,,0,0,27,,,,,,,19030915,championship,deduced
PHG190309150,99,4,1,1,CAM02,PHG,CUX,0,0,nelsj103,mccld101,6,3,?,L,?,?,??,,,1,1,0,0,0,0,0,0,0,0,0,0,0,0,1,0,1,1,0,0,0,0,0,0,0,0,0,0,0,0,0,0,0,0,0,0,0,0,0,0,0,0,0,0,0,0,0,0,0,0,0,1,2,,,,,,,,,,,,,,,,,,,,,,,,0,0,0,0,0,0,0,0,0,0,0,0,whits105,granf101,pattj102,buckh101,bingw102,nelsj103,mannj105,cartk101,footr101,6,4,7,9,5,3,8,1,2,willc112,jordb102,granc101,hillj106,johng103,jackw103,payna101,smitb115,1,0,0,0,0,0,0,0,0,0,0,0,0,0,0,0,0,0,0,0,0,0,0,0,0,0,0,0,,,0,0,28,,,,,,,19030915,championship,deduced
PHG190309150,W#,4,1,1,CAM02,PHG,CUX,0,0,mannj105,mccld101,7,8,?,L,?,?,??,,,1,0,0,0,0,0,0,0,0,1,0,0,0,0,0,0,0,0,0,0,0,0,0,0,0,0,0,0,0,0,0,0,0,0,0,0,0,0,0,0,0,0,0,0,0,0,0,0,0,0,0,2,2,,,,mannj105,,,,,,,,,mccld101,,,,,,,,,,,0,0,0,0,0,0,0,0,0,0,0,0,whits105,granf101,pattj102,buckh101,bingw102,nelsj103,mannj105,cartk101,footr101,6,4,7,9,5,3,8,1,2,willc112,jordb102,granc101,hillj106,johng103,jackw103,payna101,smitb115,0,0,0,0,0,0,0,0,0,0,0,0,0,0,0,0,0,0,0,,0,0,0,0,0,0,0,0,,,0,0,29,,,,,,,19030915,championship,deduced
PHG190309150,99,4,1,1,CAM02,PHG,CUX,0,0,cartk101,mccld101,8,1,?,L,?,?,??,,,1,1,0,0,0,0,0,0,0,0,0,0,0,0,1,0,1,1,0,0,0,0,0,0,0,0,0,0,0,0,0,0,0,0,0,0,0,0,0,0,0,0,0,0,0,0,0,0,0,0,0,2,3,mannj105,,,,,,mannj105,,,mccld101,,,,,,,,,,,,,,0,0,0,0,0,0,0,0,0,0,0,0,whits105,granf101,pattj102,buckh101,bingw102,nelsj103,mannj105,cartk101,footr101,6,4,7,9,5,3,8,1,2,willc112,jordb102,granc101,hillj106,johng103,jackw103,payna101,smitb115,1,0,0,0,0,0,0,0,0,0,0,0,0,0,0,0,0,0,0,0,0,0,0,0,0,0,0,0,,,0,0,30,,,,,,,19030915,championship,deduced
PHG190309150,W#,5,0,0,CAM02,CUX,PHG,0,0,willc112,cartk101,5,2,R,L,?,?,??,,,1,0,0,0,0,0,0,0,0,1,0,0,0,0,0,0,0,0,0,0,0,0,0,0,0,0,0,0,0,0,0,0,0,0,0,0,0,0,0,0,0,0,0,0,0,0,0,0,0,0,0,0,0,,,,willc112,,,,,,,,,cartk101,,,,,,,,,,,0,0,0,0,0,0,0,0,0,0,0,0,granc101,jordb102,johng103,mccld101,willc112,jackw103,payna101,hillj106,smitb115,4,3,6,1,2,7,8,5,9,footr101,nelsj103,granf101,bingw102,whits105,pattj102,mannj105,buckh101,0,0,0,0,0,0,0,0,0,0,0,0,0,0,0,0,0,0,0,,0,0,0,0,0,0,0,0,,,0,0,31,,,,,,,19030915,championship,deduced
PHG190309150,99,5,0,0,CAM02,CUX,PHG,0,0,jackw103,cartk101,6,7,?,L,?,?,??,,,1,1,0,0,0,0,0,0,0,0,0,0,0,0,1,0,1,1,0,0,0,0,0,0,0,0,0,0,0,0,0,0,0,0,0,0,0,0,0,0,0,0,0,0,0,0,0,0,0,0,0,0,1,willc112,,,willc112,,,,,,cartk101,,,cartk101,,,,,,,,,,,0,0,0,0,0,0,0,0,0,0,0,0,granc101,jordb102,johng103,mccld101,willc112,jackw103,payna101,hillj106,smitb115,4,3,6,1,2,7,8,5,9,footr101,nelsj103,granf101,bingw102,whits105,pattj102,mannj105,buckh101,1,0,0,0,0,0,0,0,0,0,0,0,0,0,0,0,0,0,0,0,0,0,0,0,0,0,0,0,,,0,0,32,,,,,,,19030915,championship,deduced
PHG190309150,99,5,0,0,CAM02,CUX,PHG,0,0,payna101,cartk101,7,8,R,L,?,?,??,,,1,1,0,0,0,0,0,0,0,0,0,0,0,0,1,0,1,1,0,0,0,0,0,0,0,0,0,0,0,0,0,0,0,0,0,0,0,0,0,0,0,0,0,0,0,0,0,0,0,0,0,1,2,willc112,,,willc112,,,,,,cartk101,,,cartk101,,,,,,,,,,,0,0,0,0,0,0,0,0,0,0,0,0,granc101,jordb102,johng103,mccld101,willc112,jackw103,payna101,hillj106,smitb115,4,3,6,1,2,7,8,5,9,footr101,nelsj103,granf101,bingw102,whits105,pattj102,mannj105,buckh101,1,0,0,0,0,0,0,0,0,0,0,0,0,0,0,0,0,0,0,0,0,0,0,0,0,0,0,0,,,0,0,33,,,,,,,19030915,championship,deduced
PHG190309150,99,5,0,0,CAM02,CUX,PHG,0,0,hillj106,cartk101,8,5,R,L,?,?,??,,,1,1,0,0,0,0,0,0,0,0,0,0,0,0,1,0,1,1,0,0,0,0,0,0,0,0,0,0,0,0,0,0,0,0,0,0,0,0,0,0,0,0,0,0,0,0,0,0,0,0,0,2,3,willc112,,,,,,willc112,,,cartk101,,,,,,,,,,,,,,0,0,0,0,0,0,0,0,0,0,0,0,granc101,jordb102,johng103,mccld101,willc112,jackw103,payna101,hillj106,smitb115,4,3,6,1,2,7,8,5,9,footr101,nelsj103,granf101,bingw102,whits105,pattj102,mannj105,buckh101,1,0,0,0,0,0,0,0,0,0,0,0,0,0,0,0,0,0,0,0,0,0,0,0,0,0,0,0,,,0,0,34,,,,,,,19030915,championship,deduced
PHG190309150,99,5,1,1,CAM02,PHG,CUX,0,0,footr101,mccld101,9,2,?,L,?,?,??,,,1,1,0,0,0,0,0,0,0,0,0,0,0,0,1,0,1,1,0,0,0,0,0,0,0,0,0,0,0,0,0,0,0,0,0,0,0,0,0,0,0,0,0,0,0,0,0,0,0,0,0,0,1,,,,,,,,,,,,,,,,,,,,,,,,0,0,0,0,0,0,0,0,0,0,0,0,whits105,granf101,pattj102,buckh101,bingw102,nelsj103,mannj105,cartk101,footr101,6,4,7,9,5,3,8,1,2,willc112,jordb102,granc101,hillj106,johng103,jackw103,payna101,smitb115,1,0,0,0,0,0,0,0,0,0,0,0,0,0,0,0,0,0,0,0,0,0,0,0,0,0,0,0,,,0,0,35,,,,,,,19030915,championship,deduced
PHG190309150,S,5,1,1,CAM02,PHG,CUX,0,0,whits105,mccld101,1,6,R,L,?,?,??,,,1,1,1,0,0,0,0,0,0,0,0,0,0,0,0,0,0,1,0,0,0,0,0,0,0,0,0,0,0,0,0,0,0,0,0,0,0,0,0,0,0,0,0,0,0,0,0,0,0,0,0,1,1,,,,whits105,,,,,,,,,mccld101,,,,,,,,,,,0,0,0,0,0,0,0,0,0,0,0,0,whits105,granf101,pattj102,buckh101,bingw102,nelsj103,mannj105,cartk101,footr101,6,4,7,9,5,3,8,1,2,willc112,jordb102,granc101,hillj106,johng103,jackw103,payna101,smitb115,0,0,0,0,0,0,0,0,0,0,0,0,0,0,0,0,0,0,0,,0,0,0,0,0,0,0,0,,,0,0,36,,,,,,,19030915,championship,deduced
PHG190309150,99/G.1-2,5,1,1,CAM02,PHG,CUX,0,0,granf101,mccld101,2,4,R,L,?,?,??,,,1,1,0,0,0,0,0,0,0,0,0,0,0,0,1,0,1,1,0,1,0,0,0,0,0,0,0,0,0,0,0,0,0,0,0,0,0,0,0,0,0,0,0,0,0,0,0,0,0,0,0,1,2,whits105,,,,whits105,,,,,mccld101,,,,mccld101,,,,,,,,,,0,0,0,0,0,0,0,0,0,0,0,0,whits105,granf101,pattj102,buckh101,bingw102,nelsj103,mannj105,cartk101,footr101,6,4,7,9,5,3,8,1,2,willc112,jordb102,granc101,hillj106,johng103,jackw103,payna101,smitb115,1,0,0,0,0,0,0,0,0,0,0,0,0,0,0,0,0,0,0,0,0,0,0,0,0,0,0,0,,G,1,0,37,,,,,,,19030915,championship,deduced
PHG190309150,E5.2-H(E2/TH)(NR)(UR);B-2,5,1,1,CAM02,PHG,CUX,0,0,pattj102,mccld101,3,7,?,L,?,?,??,,,1,1,0,0,0,0,0,0,0,0,0,0,1,0,0,0,0,1,0,1,0,0,0,0,0,0,0,0,0,0,0,0,0,0,0,0,0,0,0,0,0,0,0,1,0,0,1,0,0,0,0,2,2,,whits105,,,pattj102,,,,,,mccld101,,,mccld101,,,,whits105,,,,mccld101,,0,0,1,0,0,0,0,0,1,0,0,0,whits105,granf101,pattj102,buckh101,bingw102,nelsj103,mannj105,cartk101,footr101,6,4,7,9,5,3,8,1,2,willc112,jordb102,granc101,hillj106,johng103,jackw103,payna101,smitb115,0,0,0,0,0,0,0,0,0,0,0,0,0,0,0,0,0,0,0,,0,0,0,0,0,0,0,5,5+,G,0,0,38,,,,,,,19030915,championship,deduced
PHG190309150,W#,5,1,1,CAM02,PHG,CUX,0,1,buckh101,mccld101,4,9,R,L,?,?,??,,,1,0,0,0,0,0,0,0,0,1,0,0,0,0,0,0,0,0,0,0,0,0,0,0,0,0,0,0,0,0,0,0,0,0,0,0,0,0,0,0,0,0,0,0,0,0,0,0,0,0,0,2,2,,pattj102,,buckh101,pattj102,,,,,,mccld101,,mccld101,mccld101,,,,,,,,,,0,0,0,0,0,0,0,0,0,0,0,0,whits105,granf101,pattj102,buckh101,bingw102,nelsj103,mannj105,cartk101,footr101,6,4,7,9,5,3,8,1,2,willc112,jordb102,granc101,hillj106,johng103,jackw103,payna101,smitb115,0,0,0,0,0,0,0,0,0,0,0,0,0,0,0,0,0,0,0,,0,0,0,0,0,0,0,0,,,0,0,39,,,,,,,19030915,championship,deduced
PHG190309150,99,5,1,1,CAM02,PHG,CUX,0,1,bingw102,mccld101,5,5,?,L,?,?,??,,,1,1,0,0,0,0,0,0,0,0,0,0,0,0,1,0,1,1,0,0,0,0,0,0,0,0,0,0,0,0,0,0,0,0,0,0,0,0,0,0,0,0,0,0,0,0,0,0,0,0,0,2,3,buckh101,pattj102,,,,,pattj102,buckh101,,mccld101,mccld101,,,,,,,,,,,,,0,0,0,0,0,0,0,0,0,0,0,0,whits105,granf101,pattj102,buckh101,bingw102,nelsj103,mannj105,cartk101,footr101,6,4,7,9,5,3,8,1,2,willc112,jordb102,granc101,hillj106,johng103,jackw103,payna101,smitb115,1,0,0,0,0,0,0,0,0,0,0,0,0,0,0,0,0,0,0,0,0,0,0,0,0,0,0,0,,,0,0,40,,,,,,,19030915,championship,deduced
PHG190309150,99,6,0,0,CAM02,CUX,PHG,0,1,smitb115,cartk101,9,9,?,L,?,?,??,,,1,1,0,0,0,0,0,0,0,0,0,0,0,0,1,0,1,1,0,0,0,0,0,0,0,0,0,0,0,0,0,0,0,0,0,0,0,0,0,0,0,0,0,0,0,0,0,0,0,0,0,0,1,,,,,,,,,,,,,,,,,,,,,,,,0,0,0,0,0,0,0,0,0,0,0,0,granc101,jordb102,johng103,mccld101,willc112,jackw103,payna101,hillj106,smitb115,4,3,6,1,2,7,8,5,9,footr101,nelsj103,granf101,bingw102,whits105,pattj102,mannj105,buckh101,1,0,0,0,0,0,0,0,0,0,0,0,0,0,0,0,0,0,0,0,0,0,0,0,0,0,0,0,,,0,0,41,,,,,,,19030915,championship,deduced
PHG190309150,99,6,0,0,CAM02,CUX,PHG,0,1,granc101,cartk101,1,4,R,L,?,?,??,,,1,1,0,0,0,0,0,0,0,0,0,0,0,0,1,0,1,1,0,0,0,0,0,0,0,0,0,0,0,0,0,0,0,0,0,0,0,0,0,0,0,0,0,0,0,0,0,0,0,0,0,1,2,,,,,,,,,,,,,,,,,,,,,,,,0,0,0,0,0,0,0,0,0,0,0,0,granc101,jordb102,johng103,mccld101,willc112,jackw103,payna101,hillj106,smitb115,4,3,6,1,2,7,8,5,9,footr101,nelsj103,granf101,bingw102,whits105,pattj102,mannj105,buckh101,1,0,0,0,0,0,0,0,0,0,0,0,0,0,0,0,0,0,0,0,0,0,0,0,0,0,0,0,,,0,0,42,,,,,,,19030915,championship,deduced
PHG190309150,S,6,0,0,CAM02,CUX,PHG,0,1,jordb102,cartk101,2,3,?,L,?,?,??,,,1,1,1,0,0,0,0,0,0,0,0,0,0,0,0,0,0,1,0,0,0,0,0,0,0,0,0,0,0,0,0,0,0,0,0,0,0,0,0,0,0,0,0,0,0,0,0,0,0,0,0,2,2,,,,jordb102,,,,,,,,,cartk101,,,,,,,,,,,0,0,0,0,0,0,0,0,0,0,0,0,granc101,jordb102,johng103,mccld101,willc112,jackw103,payna101,hillj106,smitb115,4,3,6,1,2,7,8,5,9,footr101,nelsj103,granf101,bingw102,whits105,pattj102,mannj105,buckh101,0,0,0,0,0,0,0,0,0,0,0,0,0,0,0,0,0,0,0,,0,0,0,0,0,0,0,0,,,0,0,43,,,,,,,19030915,championship,deduced
PHG190309150,99,6,0,0,CAM02,CUX,PHG,0,1,johng103,cartk101,3,6,R,L,?,?,??,,,1,1,0,0,0,0,0,0,0,0,0,0,0,0,1,0,1,1,0,0,0,0,0,0,0,0,0,0,0,0,0,0,0,0,0,0,0,0,0,0,0,0,0,0,0,0,0,0,0,0,0,2,3,jordb102,,,,,,jordb102,,,cartk101,,,,,,,,,,,,,,0,0,0,0,0,0,0,0,0,0,0,0,granc101,jordb102,johng103,mccld101,willc112,jackw103,payna101,hillj106,smitb115,4,3,6,1,2,7,8,5,9,footr101,nelsj103,granf101,bingw102,whits105,pattj102,mannj105,buckh101,1,0,0,0,0,0,0,0,0,0,0,0,0,0,0,0,0,0,0,0,0,0,0,0,0,0,0,0,,,0,0,44,,,,,,,19030915,championship,deduced
PHG190309150,W#,6,1,1,CAM02,PHG,CUX,0,1,nelsj103,mccld101,6,3,?,L,?,?,??,,,1,0,0,0,0,0,0,0,0,1,0,0,0,0,0,0,0,0,0,0,0,0,0,0,0,0,0,0,0,0,0,0,0,0,0,0,0,0,0,0,0,0,0,0,0,0,0,0,0,0,0,0,0,,,,nelsj103,,,,,,,,,mccld101,,,,,,,,,,,0,0,0,0,0,0,0,0,0,0,0,0,whits105,granf101,pattj102,buckh101,bingw102,nelsj103,mannj105,cartk101,footr101,6,4,7,9,5,3,8,1,2,willc112,jordb102,granc101,hillj106,johng103,jackw103,payna101,smitb115,0,0,0,0,0,0,0,0,0,0,0,0,0,0,0,0,0,0,0,,0,0,0,0,0,0,0,0,,,0,0,45,,,,,,,19030915,championship,deduced
PHG190309150,99,6,1,1,CAM02,PHG,CUX,0,1,mannj105,mccld101,7,8,?,L,?,?,??,,,1,1,0,0,0,0,0,0,0,0,0,0,0,0,1,0,1,1,0,0,0,0,0,0,0,0,0,0,0,0,0,0,0,0,0,0,0,0,0,0,0,0,0,0,0,0,0,0,0,0,0,0,1,nelsj103,,,nelsj103,,,,,,mccld101,,,mccld101,,,,,,,,,,,0,0,0,0,0,0,0,0,0,0,0,0,whits105,granf101,pattj102,buckh101,bingw102,nelsj103,mannj105,cartk101,footr101,6,4,7,9,5,3,8,1,2,willc112,jordb102,granc101,hillj106,johng103,jackw103,payna101,smitb115,1,0,0,0,0,0,0,0,0,0,0,0,0,0,0,0,0,0,0,0,0,0,0,0,0,0,0,0,,,0,0,46,,,,,,,19030915,championship,deduced
PHG190309150,99,6,1,1,CAM02,PHG,CUX,0,1,cartk101,mccld101,8,1,?,L,?,?,??,,,1,1,0,0,0,0,0,0,0,0,0,0,0,0,1,0,1,1,0,0,0,0,0,0,0,0,0,0,0,0,0,0,0,0,0,0,0,0,0,0,0,0,0,0,0,0,0,0,0,0,0,1,2,nelsj103,,,nelsj103,,,,,,mccld101,,,mccld101,,,,,,,,,,,0,0,0,0,0,0,0,0,0,0,0,0,whits105,granf101,pattj102,buckh101,bingw102,nelsj103,mannj105,cartk101,footr101,6,4,7,9,5,3,8,1,2,willc112,jordb102,granc101,hillj106,johng103,jackw103,payna101,smitb115,1,0,0,0,0,0,0,0,0,0,0,0,0,0,0,0,0,0,0,0,0,0,0,0,0,0,0,0,,,0,0,47,,,,,,,19030915,championship,deduced
PHG190309150,99,6,1,1,CAM02,PHG,CUX,0,1,footr101,mccld101,9,2,?,L,?,?,??,,,1,1,0,0,0,0,0,0,0,0,0,0,0,0,1,0,1,1,0,0,0,0,0,0,0,0,0,0,0,0,0,0,0,0,0,0,0,0,0,0,0,0,0,0,0,0,0,0,0,0,0,2,3,nelsj103,,,,,,nelsj103,,,mccld101,,,,,,,,,,,,,,0,0,0,0,0,0,0,0,0,0,0,0,whits105,granf101,pattj102,buckh101,bingw102,nelsj103,mannj105,cartk101,footr101,6,4,7,9,5,3,8,1,2,willc112,jordb102,granc101,hillj106,johng103,jackw103,payna101,smitb115,1,0,0,0,0,0,0,0,0,0,0,0,0,0,0,0,0,0,0,0,0,0,0,0,0,0,0,0,,,0,0,48,,,,,,,19030915,championship,deduced
PHG190309150,E4#,7,0,0,CAM02,CUX,PHG,0,1,mccld101,cartk101,4,1,L,L,?,?,??,,,1,1,0,0,0,0,0,0,0,0,0,0,1,0,0,0,0,1,0,1,0,0,0,0,0,0,0,0,0,0,0,0,0,0,0,0,0,0,0,0,0,0,0,0,0,1,0,0,0,0,0,0,0,,,,mccld101,,,,,,,,,cartk101,,,,,,,,,,,0,0,0,0,0,0,0,0,0,0,0,0,granc101,jordb102,johng103,mccld101,willc112,jackw103,payna101,hillj106,smitb115,4,3,6,1,2,7,8,5,9,footr101,nelsj103,granf101,bingw102,whits105,pattj102,mannj105,buckh101,0,0,0,0,0,0,0,0,0,0,0,0,0,0,0,0,0,0,0,,0,0,0,0,0,0,0,4,4+,G,0,0,49,,,,,,,19030915,championship,deduced
PHG190309150,99,7,0,0,CAM02,CUX,PHG,0,1,willc112,cartk101,5,2,R,L,?,?,??,,,1,1,0,0,0,0,0,0,0,0,0,0,0,0,1,0,1,1,0,0,0,0,0,0,0,0,0,0,0,0,0,0,0,0,0,0,0,0,0,0,0,0,0,0,0,0,0,0,0,0,0,0,1,mccld101,,,mccld101,,,,,,cartk101,,,cartk101,,,,,,,,,,,0,0,0,0,0,0,0,0,0,0,0,0,granc101,jordb102,johng103,mccld101,willc112,jackw103,payna101,hillj106,smitb115,4,3,6,1,2,7,8,5,9,footr101,nelsj103,granf101,bingw102,whits105,pattj102,mannj105,buckh101,1,0,0,0,0,0,0,0,0,0,0,0,0,0,0,0,0,0,0,0,0,0,0,0,0,0,0,0,,,0,0,50,,,,,,,19030915,championship,deduced
PHG190309150,99,7,0,0,CAM02,CUX,PHG,0,1,jackw103,cartk101,6,7,?,L,?,?,??,,,1,1,0,0,0,0,0,0,0,0,0,0,0,0,1,0,1,1,0,0,0,0,0,0,0,0,0,0,0,0,0,0,0,0,0,0,0,0,0,0,0,0,0,0,0,0,0,0,0,0,0,1,2,mccld101,,,mccld101,,,,,,cartk101,,,cartk101,,,,,,,,,,,0,0,0,0,0,0,0,0,0,0,0,0,granc101,jordb102,johng103,mccld101,willc112,jackw103,payna101,hillj106,smitb115,4,3,6,1,2,7,8,5,9,footr101,nelsj103,granf101,bingw102,whits105,pattj102,mannj105,buckh101,1,0,0,0,0,0,0,0,0,0,0,0,0,0,0,0,0,0,0,0,0,0,0,0,0,0,0,0,,,0,0,51,,,,,,,19030915,championship,deduced
PHG190309150,99,7,0,0,CAM02,CUX,PHG,0,1,payna101,cartk101,7,8,R,L,?,?,??,,,1,1,0,0,0,0,0,0,0,0,0,0,0,0,1,0,1,1,0,0,0,0,0,0,0,0,0,0,0,0,0,0,0,0,0,0,0,0,0,0,0,0,0,0,0,0,0,0,0,0,0,2,3,mccld101,,,,,,mccld101,,,cartk101,,,,,,,,,,,,,,0,0,0,0,0,0,0,0,0,0,0,0,granc101,jordb102,johng103,mccld101,willc112,jackw103,payna101,hillj106,smitb115,4,3,6,1,2,7,8,5,9,footr101,nelsj103,granf101,bingw102,whits105,pattj102,mannj105,buckh101,1,0,0,0,0,0,0,0,0,0,0,0,0,0,0,0,0,0,0,0,0,0,0,0,0,0,0,0,,,0,0,52,,,,,,,19030915,championship,deduced
PHG190309150,S,7,1,1,CAM02,PHG,CUX,0,1,whits105,mccld101,1,6,R,L,?,?,??,,,1,1,1,0,0,0,0,0,0,0,0,0,0,0,0,0,0,1,0,0,0,0,0,0,0,0,0,0,0,0,0,0,0,0,0,0,0,0,0,0,0,0,0,0,0,0,0,0,0,0,0,0,0,,,,whits105,,,,,,,,,mccld101,,,,,,,,,,,0,0,0,0,0,0,0,0,0,0,0,0,whits105,granf101,pattj102,buckh101,bingw102,nelsj103,mannj105,cartk101,footr101,6,4,7,9,5,3,8,1,2,willc112,jordb102,granc101,hillj106,johng103,jackw103,payna101,smitb115,0,0,0,0,0,0,0,0,0,0,0,0,0,0,0,0,0,0,0,,0,0,0,0,0,0,0,0,,,0,0,53,,,,,,,19030915,championship,deduced
PHG190309150,S.1-2,7,1,1,CAM02,PHG,CUX,0,1,granf101,mccld101,2,4,R,L,?,?,??,,,1,1,1,0,0,0,0,0,0,0,0,0,0,0,0,0,0,1,0,0,0,0,0,0,0,0,0,0,0,0,0,0,0,0,0,0,0,0,0,0,0,0,0,0,0,0,0,0,0,0,0,0,0,whits105,,,granf101,whits105,,,,,mccld101,,,mccld101,mccld101,,,,,,,,,,0,0,0,0,0,0,0,0,0,0,0,0,whits105,granf101,pattj102,buckh101,bingw102,nelsj103,mannj105,cartk101,footr101,6,4,7,9,5,3,8,1,2,willc112,jordb102,granc101,hillj106,johng103,jackw103,payna101,smitb115,0,0,0,0,0,0,0,0,0,0,0,0,0,0,0,0,0,0,0,,0,0,0,0,0,0,0,0,,,0,0,54,,,,,,,19030915,championship,deduced
PHG190309150,1/BP,7,1,1,CAM02,PHG,CUX,0,1,pattj102,mccld101,3,7,?,L,?,?,??,,,1,1,0,0,0,0,0,0,0,0,0,0,0,0,1,0,1,1,1,0,0,0,0,0,0,0,0,0,0,0,0,0,0,0,0,0,0,0,0,0,0,0,0,0,0,0,0,0,0,0,0,0,1,granf101,whits105,,granf101,whits105,,,,,mccld101,mccld101,,mccld101,mccld101,,,,,,,,,,0,0,0,0,0,0,0,0,0,0,0,0,whits105,granf101,pattj102,buckh101,bingw102,nelsj103,mannj105,cartk101,footr101,6,4,7,9,5,3,8,1,2,willc112,jordb102,granc101,hillj106,johng103,jackw103,payna101,smitb115,0,1,0,0,0,0,0,0,0,0,0,0,0,0,0,0,0,0,0,1,1,0,0,0,0,0,0,1,,BP,0,0,55,,,,,,,19030915,championship,deduced
PHG190309150,D9.2-H;1-3,7,1,1,CAM02,PHG,CUX,0,1,buckh101,mccld101,4,9,R,L,?,?,??,,,1,1,0,1,0,0,0,0,0,0,0,0,0,0,0,0,0,1,0,0,0,0,0,0,0,0,0,0,0,0,0,0,0,0,0,0,0,0,0,0,0,0,0,0,0,0,0,0,0,0,0,1,1,granf101,whits105,,,buckh101,granf101,,,,mccld101,mccld101,,,mccld101,mccld101,,,whits105,,,,mccld101,,0,0,0,0,0,0,1,0,1,1,1,0,whits105,granf101,pattj102,buckh101,bingw102,nelsj103,mannj105,cartk101,footr101,6,4,7,9,5,3,8,1,2,willc112,jordb102,granc101,hillj106,johng103,jackw103,payna101,smitb115,0,0,0,0,0,0,0,0,0,0,0,0,0,0,0,0,0,0,0,,0,0,0,0,0,0,0,9,9+,,0,0,56,,,,,,,19030915,championship,deduced
PHG190309150,8/F.3-H(E2)(NR)(UR),7,1,1,CAM02,PHG,CUX,0,2,bingw102,mccld101,5,5,?,L,?,?,??,,,1,1,0,0,0,0,0,0,0,0,0,0,0,0,1,0,1,1,0,0,1,0,0,0,0,0,0,0,0,0,0,0,0,0,0,0,0,0,0,0,0,0,0,1,0,0,0,0,0,0,0,1,2,,buckh101,granf101,,buckh101,,,,,,mccld101,mccld101,,mccld101,,,,,granf101,,,,mccld101,0,0,0,1,0,0,0,0,1,0,0,0,whits105,granf101,pattj102,buckh101,bingw102,nelsj103,mannj105,cartk101,footr101,6,4,7,9,5,3,8,1,2,willc112,jordb102,granc101,hillj106,johng103,jackw103,payna101,smitb115,0,0,0,0,0,0,0,0,1,0,0,0,0,0,0,0,0,0,0,8,8,0,0,0,0,0,0,8,,F,0,0,57,,,,,,,19030915,championship,deduced
PHG190309150,99,7,1,1,CAM02,PHG,CUX,0,3,nelsj103,mccld101,6,3,?,L,?,?,??,,,1,1,0,0,0,0,0,0,0,0,0,0,0,0,1,0,1,1,0,0,0,0,0,0,0,0,0,0,0,0,0,0,0,0,0,0,0,0,0,0,0,0,0,0,0,0,0,0,0,0,0,2,3,,buckh101,,,,,buckh101,,,,mccld101,,,,,,,,,,,,,0,0,0,0,0,0,0,0,0,0,0,0,whits105,granf101,pattj102,buckh101,bingw102,nelsj103,mannj105,cartk101,footr101,6,4,7,9,5,3,8,1,2,willc112,jordb102,granc101,hillj106,johng103,jackw103,payna101,smitb115,1,0,0,0,0,0,0,0,0,0,0,0,0,0,0,0,0,0,0,0,0,0,0,0,0,0,0,0,,,0,0,58,,,,,,,19030915,championship,deduced
PHG190309150,99,8,0,0,CAM02,CUX,PHG,0,3,hillj106,cartk101,8,5,R,L,?,?,??,,,1,1,0,0,0,0,0,0,0,0,0,0,0,0,1,0,1,1,0,0,0,0,0,0,0,0,0,0,0,0,0,0,0,0,0,0,0,0,0,0,0,0,0,0,0,0,0,0,0,0,0,0,1,,,,,,,,,,,,,,,,,,,,,,,,0,0,0,0,0,0,0,0,0,0,0,0,granc101,jordb102,johng103,mccld101,willc112,jackw103,payna101,hillj106,smitb115,4,3,6,1,2,7,8,5,9,footr101,nelsj103,granf101,bingw102,whits105,pattj102,mannj105,buckh101,1,0,0,0,0,0,0,0,0,0,0,0,0,0,0,0,0,0,0,0,0,0,0,0,0,0,0,0,,,0,0,59,,,,,,,19030915,championship,deduced
PHG190309150,99,8,0,0,CAM02,CUX,PHG,0,3,smitb115,cartk101,9,9,?,L,?,?,??,,,1,1,0,0,0,0,0,0,0,0,0,0,0,0,1,0,1,1,0,0,0,0,0,0,0,0,0,0,0,0,0,0,0,0,0,0,0,0,0,0,0,0,0,0,0,0,0,0,0,0,0,1,2,,,,,,,,,,,,,,,,,,,,,,,,0,0,0,0,0,0,0,0,0,0,0,0,granc101,jordb102,johng103,mccld101,willc112,jackw103,payna101,hillj106,smitb115,4,3,6,1,2,7,8,5,9,footr101,nelsj103,granf101,bingw102,whits105,pattj102,mannj105,buckh101,1,0,0,0,0,0,0,0,0,0,0,0,0,0,0,0,0,0,0,0,0,0,0,0,0,0,0,0,,,0,0,60,,,,,,,19030915,championship,deduced
PHG190309150,99,8,0,0,CAM02,CUX,PHG,0,3,granc101,cartk101,1,4,R,L,?,?,??,,,1,1,0,0,0,0,0,0,0,0,0,0,0,0,1,0,1,1,0,0,0,0,0,0,0,0,0,0,0,0,0,0,0,0,0,0,0,0,0,0,0,0,0,0,0,0,0,0,0,0,0,2,3,,,,,,,,,,,,,,,,,,,,,,,,0,0,0,0,0,0,0,0,0,0,0,0,granc101,jordb102,johng103,mccld101,willc112,jackw103,payna101,hillj106,smitb115,4,3,6,1,2,7,8,5,9,footr101,nelsj103,granf101,bingw102,whits105,pattj102,mannj105,buckh101,1,0,0,0,0,0,0,0,0,0,0,0,0,0,0,0,0,0,0,0,0,0,0,0,0,0,0,0,,,0,0,61,,,,,,,19030915,championship,deduced
PHG190309150,99,8,1,1,CAM02,PHG,CUX,0,3,mannj105,mccld101,7,8,?,L,?,?,??,,,1,1,0,0,0,0,0,0,0,0,0,0,0,0,1,0,1,1,0,0,0,0,0,0,0,0,0,0,0,0,0,0,0,0,0,0,0,0,0,0,0,0,0,0,0,0,0,0,0,0,0,0,1,,,,,,,,,,,,,,,,,,,,,,,,0,0,0,0,0,0,0,0,0,0,0,0,whits105,granf101,pattj102,buckh101,bingw102,nelsj103,mannj105,cartk101,footr101,6,4,7,9,5,3,8,1,2,willc112,jordb102,granc101,hillj106,johng103,jackw103,payna101,smitb115,1,0,0,0,0,0,0,0,0,0,0,0,0,0,0,0,0,0,0,0,0,0,0,0,0,0,0,0,,,0,0,62,,,,,,,19030915,championship,deduced
PHG190309150,99,8,1,1,CAM02,PHG,CUX,0,3,cartk101,mccld101,8,1,?,L,?,?,??,,,1,1,0,0,0,0,0,0,0,0,0,0,0,0,1,0,1,1,0,0,0,0,0,0,0,0,0,0,0,0,0,0,0,0,0,0,0,0,0,0,0,0,0,0,0,0,0,0,0,0,0,1,2,,,,,,,,,,,,,,,,,,,,,,,,0,0,0,0,0,0,0,0,0,0,0,0,whits105,granf101,pattj102,buckh101,bingw102,nelsj103,mannj105,cartk101,footr101,6,4,7,9,5,3,8,1,2,willc112,jordb102,granc101,hillj106,johng103,jackw103,payna101,smitb115,1,0,0,0,0,0,0,0,0,0,0,0,0,0,0,0,0,0,0,0,0,0,0,0,0,0,0,0,,,0,0,63,,,,,,,19030915,championship,deduced
PHG190309150,99,8,1,1,CAM02,PHG,CUX,0,3,footr101,mccld101,9,2,?,L,?,?,??,,,1,1,0,0,0,0,0,0,0,0,0,0,0,0,1,0,1,1,0,0,0,0,0,0,0,0,0,0,0,0,0,0,0,0,0,0,0,0,0,0,0,0,0,0,0,0,0,0,0,0,0,2,3,,,,,,,,,,,,,,,,,,,,,,,,0,0,0,0,0,0,0,0,0,0,0,0,whits105,granf101,pattj102,buckh101,bingw102,nelsj103,mannj105,cartk101,footr101,6,4,7,9,5,3,8,1,2,willc112,jordb102,granc101,hillj106,johng103,jackw103,payna101,smitb115,1,0,0,0,0,0,0,0,0,0,0,0,0,0,0,0,0,0,0,0,0,0,0,0,0,0,0,0,,,0,0,64,,,,,,,19030915,championship,deduced
PHG190309150,S,9,0,0,CAM02,CUX,PHG,0,3,jordb102,cartk101,2,3,?,L,?,?,??,,,1,1,1,0,0,0,0,0,0,0,0,0,0,0,0,0,0,1,0,0,0,0,0,0,0,0,0,0,0,0,0,0,0,0,0,0,0,0,0,0,0,0,0,0,0,0,0,0,0,0,0,0,0,,,,jordb102,,,,,,,,,cartk101,,,,,,,,,,,0,0,0,0,0,0,0,0,0,0,0,0,granc101,jordb102,johng103,mccld101,willc112,jackw103,payna101,hillj106,smitb115,4,3,6,1,2,7,8,5,9,footr101,nelsj103,granf101,bingw102,whits105,pattj102,mannj105,buckh101,0,0,0,0,0,0,0,0,0,0,0,0,0,0,0,0,0,0,0,,0,0,0,0,0,0,0,0,,,0,0,65,,,,,,,19030915,championship,deduced
PHG190309150,99/FL,9,0,0,CAM02,CUX,PHG,0,3,johng103,cartk101,3,6,R,L,?,?,??,,,1,1,0,0,0,0,0,0,0,0,0,0,0,0,1,0,1,1,0,0,1,0,0,0,0,0,0,0,0,0,0,0,0,0,0,0,0,0,0,0,0,0,0,0,0,0,0,0,0,0,0,0,1,jordb102,,,jordb102,,,,,,cartk101,,,cartk101,,,,,,,,,,,0,0,0,0,0,0,0,0,0,0,0,0,granc101,jordb102,johng103,mccld101,willc112,jackw103,payna101,hillj106,smitb115,4,3,6,1,2,7,8,5,9,footr101,nelsj103,granf101,bingw102,whits105,pattj102,mannj105,buckh101,1,0,0,0,0,0,0,0,0,0,0,0,0,0,0,0,0,0,0,0,0,0,0,0,0,0,0,0,,F,0,0,66,,,,,,,19030915,championship,deduced
PHG190309150,99(1)/FO,9,0,0,CAM02,CUX,PHG,0,3,fostr105,cartk101,4,11,R,L,?,?,??,,,1,1,0,0,0,0,0,0,0,0,0,0,0,0,1,0,1,1,0,1,0,0,0,0,0,0,0,0,0,0,0,0,0,0,0,0,0,0,0,0,0,0,0,0,0,0,0,0,0,0,0,1,2,jordb102,,,fostr105,,,,,,cartk101,,,cartk101,,,,,,,,,,,0,0,0,0,0,0,0,0,0,0,0,0,granc101,jordb102,johng103,fostr105,willc112,jackw103,payna101,hillj106,smitb115,4,3,6,11,2,7,8,5,9,footr101,nelsj103,granf101,bingw102,whits105,pattj102,mannj105,buckh101,1,0,0,0,0,0,0,0,0,0,0,0,0,0,0,0,0,0,0,0,0,0,0,0,0,0,0,0,,G,1,0,67,,,,,,,19030915,championship,deduced
PHG190309150,S.1-2,9,0,0,CAM02,CUX,PHG,0,3,willc112,cartk101,5,2,R,L,?,?,??,,,1,1,1,0,0,0,0,0,0,0,0,0,0,0,0,0,0,1,0,0,0,0,0,0,0,0,0,0,0,0,0,0,0,0,0,0,0,0,0,0,0,0,0,0,0,0,0,0,0,0,0,2,2,fostr105,,,willc112,fostr105,,,,,cartk101,,,cartk101,cartk101,,,,,,,,,,0,0,0,0,0,0,0,0,0,0,0,0,granc101,jordb102,johng103,fostr105,willc112,jackw103,payna101,hillj106,smitb115,4,3,6,11,2,7,8,5,9,footr101,nelsj103,granf101,bingw102,whits105,pattj102,mannj105,buckh101,0,0,0,0,0,0,0,0,0,0,0,0,0,0,0,0,0,0,0,,0,0,0,0,0,0,0,0,,,0,0,68,,,,,,,19030915,championship,deduced
PHG190309150,K,9,0,0,CAM02,CUX,PHG,0,3,wilsr103,cartk101,6,11,R,L,?,?,??,,,1,1,0,0,0,0,0,0,0,0,1,0,0,0,0,0,0,0,0,0,0,0,0,0,0,0,0,0,0,0,0,0,0,0,0,0,0,0,0,0,0,0,0,0,0,0,0,0,0,0,0,2,3,willc112,fostr105,,,,,fostr105,willc112,,cartk101,cartk101,,,,,,,,,,,,,0,0,0,0,0,0,0,0,0,0,0,0,granc101,jordb102,johng103,fostr105,willc112,wilsr103,payna101,hillj106,smitb115,4,3,6,11,2,11,8,5,9,footr101,nelsj103,granf101,bingw102,whits105,pattj102,mannj105,buckh101,0,0,1,0,0,0,0,0,0,0,0,0,0,0,0,0,0,0,0,2,0,0,0,0,0,0,0,0,,,0,0,69,,,,,,,19030915,championship,deduced
PHG190309250,W#,1,0,0,CAM02,CUX,PHG,0,0,granc101,cartk101,1,4,R,L,?,?,??,,,1,0,0,0,0,0,0,0,0,1,0,0,0,0,0,0,0,0,0,0,0,0,0,0,0,0,0,0,0,0,0,0,0,0,0,0,0,0,0,0,0,0,0,0,0,0,0,0,0,0,0,0,0,,,,granc101,,,,,,,,,cartk101,,,,,,,,,,,0,0,0,0,0,0,0,0,0,0,0,0,granc101,jordb102,johng103,willc112,jackw103,fostr105,mccld101,wilsr103,hillj106,4,8,6,2,7,1,9,3,5,footr101,nelsj103,granf101,bingw102,whits105,pattj102,mannj105,buckh101,0,0,0,0,0,0,0,0,0,0,0,0,0,0,0,0,0,0,0,,0,0,0,0,0,0,0,0,,,0,0,1,,,,,,,19030925,championship,deduced
PHG190309250,PO1(99)#,1,0,0,CAM02,CUX,PHG,0,0,jordb102,cartk101,2,8,?,L,?,?,??,,,0,0,0,0,0,0,0,0,0,0,0,0,0,0,0,0,0,0,0,0,0,0,0,0,0,0,0,0,0,0,0,0,0,0,0,0,0,0,1,0,0,0,0,0,0,0,0,0,0,0,0,0,1,granc101,,,,,,,,,cartk101,,,,,,,,,,,,,,0,0,0,0,0,0,0,0,0,0,0,0,granc101,jordb102,johng103,willc112,jackw103,fostr105,mccld101,wilsr103,hillj106,4,8,6,2,7,1,9,3,5,footr101,nelsj103,granf101,bingw102,whits105,pattj102,mannj105,buckh101,1,0,0,0,0,0,0,0,0,0,0,0,0,0,0,0,0,0,0,0,0,0,0,0,0,0,0,0,,,0,0,2,,,,,,,19030925,championship,deduced
PHG190309250,99,1,0,0,CAM02,CUX,PHG,0,0,jordb102,cartk101,2,8,?,L,?,?,??,,,1,1,0,0,0,0,0,0,0,0,0,0,0,0,1,0,1,1,0,0,0,0,0,0,0,0,0,0,0,0,0,0,0,0,0,0,0,0,0,0,0,0,0,0,0,0,0,0,0,0,0,1,2,,,,,,,,,,,,,,,,,,,,,,,,0,0,0,0,0,0,0,0,0,0,0,0,granc101,jordb102,johng103,willc112,jackw103,fostr105,mccld101,wilsr103,hillj106,4,8,6,2,7,1,9,3,5,footr101,nelsj103,granf101,bingw102,whits105,pattj102,mannj105,buckh101,1,0,0,0,0,0,0,0,0,0,0,0,0,0,0,0,0,0,0,0,0,0,0,0,0,0,0,0,,,0,0,3,,,,,,,19030925,championship,deduced
PHG190309250,99,1,0,0,CAM02,CUX,PHG,0,0,johng103,cartk101,3,6,R,L,?,?,??,,,1,1,0,0,0,0,0,0,0,0,0,0,0,0,1,0,1,1,0,0,0,0,0,0,0,0,0,0,0,0,0,0,0,0,0,0,0,0,0,0,0,0,0,0,0,0,0,0,0,0,0,2,3,,,,,,,,,,,,,,,,,,,,,,,,0,0,0,0,0,0,0,0,0,0,0,0,granc101,jordb102,johng103,willc112,jackw103,fostr105,mccld101,wilsr103,hillj106,4,8,6,2,7,1,9,3,5,footr101,nelsj103,granf101,bingw102,whits105,pattj102,mannj105,buckh101,1,0,0,0,0,0,0,0,0,0,0,0,0,0,0,0,0,0,0,0,0,0,0,0,0,0,0,0,,,0,0,4,,,,,,,19030925,championship,deduced
PHG190309250,FLE2#,1,1,1,CAM02,PHG,CUX,0,0,whits105,fostr105,1,6,R,R,?,?,??,,,0,0,0,0,0,0,0,0,0,0,0,0,0,0,0,0,0,0,0,0,0,0,0,0,0,0,1,0,0,0,0,0,0,0,0,0,0,0,0,0,0,0,0,1,0,0,0,0,0,0,0,0,0,,,,,,,,,,,,,,,,,,,,,,,,0,0,0,0,0,0,0,0,0,0,0,0,whits105,granf101,buckh101,pattj102,bingw102,mannj105,nelsj103,footr101,cartk101,6,4,9,7,5,8,3,2,1,willc112,wilsr103,granc101,hillj106,johng103,jackw103,jordb102,mccld101,0,0,0,0,0,0,0,0,0,0,0,0,0,0,0,0,0,0,0,,0,0,0,0,0,0,0,0,,,0,0,5,,,,,,,19030925,championship,deduced
PHG190309250,99,1,1,1,CAM02,PHG,CUX,0,0,whits105,fostr105,1,6,R,R,?,?,??,,,1,1,0,0,0,0,0,0,0,0,0,0,0,0,1,0,1,1,0,0,0,0,0,0,0,0,0,0,0,0,0,0,0,0,0,0,0,0,0,0,0,0,0,0,0,0,0,0,0,0,0,0,1,,,,,,,,,,,,,,,,,,,,,,,,0,0,0,0,0,0,0,0,0,0,0,0,whits105,granf101,buckh101,pattj102,bingw102,mannj105,nelsj103,footr101,cartk101,6,4,9,7,5,8,3,2,1,willc112,wilsr103,granc101,hillj106,johng103,jackw103,jordb102,mccld101,1,0,0,0,0,0,0,0,0,0,0,0,0,0,0,0,0,0,0,0,0,0,0,0,0,0,0,0,,,0,0,6,,,,,,,19030925,championship,deduced
PHG190309250,99,1,1,1,CAM02,PHG,CUX,0,0,granf101,fostr105,2,4,R,R,?,?,??,,,1,1,0,0,0,0,0,0,0,0,0,0,0,0,1,0,1,1,0,0,0,0,0,0,0,0,0,0,0,0,0,0,0,0,0,0,0,0,0,0,0,0,0,0,0,0,0,0,0,0,0,1,2,,,,,,,,,,,,,,,,,,,,,,,,0,0,0,0,0,0,0,0,0,0,0,0,whits105,granf101,buckh101,pattj102,bingw102,mannj105,nelsj103,footr101,cartk101,6,4,9,7,5,8,3,2,1,willc112,wilsr103,granc101,hillj106,johng103,jackw103,jordb102,mccld101,1,0,0,0,0,0,0,0,0,0,0,0,0,0,0,0,0,0,0,0,0,0,0,0,0,0,0,0,,,0,0,7,,,,,,,19030925,championship,deduced
PHG190309250,99,1,1,1,CAM02,PHG,CUX,0,0,buckh101,fostr105,3,9,R,R,?,?,??,,,1,1,0,0,0,0,0,0,0,0,0,0,0,0,1,0,1,1,0,0,0,0,0,0,0,0,0,0,0,0,0,0,0,0,0,0,0,0,0,0,0,0,0,0,0,0,0,0,0,0,0,2,3,,,,,,,,,,,,,,,,,,,,,,,,0,0,0,0,0,0,0,0,0,0,0,0,whits105,granf101,buckh101,pattj102,bingw102,mannj105,nelsj103,footr101,cartk101,6,4,9,7,5,8,3,2,1,willc112,wilsr103,granc101,hillj106,johng103,jackw103,jordb102,mccld101,1,0,0,0,0,0,0,0,0,0,0,0,0,0,0,0,0,0,0,0,0,0,0,0,0,0,0,0,,,0,0,8,,,,,,,19030925,championship,deduced
PHG190309250,S#,2,0,0,CAM02,CUX,PHG,0,0,willc112,cartk101,4,2,R,L,?,?,??,,,1,1,1,0,0,0,0,0,0,0,0,0,0,0,0,0,0,1,0,0,0,0,0,0,0,0,0,0,0,0,0,0,0,0,0,0,0,0,0,0,0,0,0,0,0,0,0,0,0,0,0,0,0,,,,willc112,,,,,,,,,cartk101,,,,,,,,,,,0,0,0,0,0,0,0,0,0,0,0,0,granc101,jordb102,johng103,willc112,jackw103,fostr105,mccld101,wilsr103,hillj106,4,8,6,2,7,1,9,3,5,footr101,nelsj103,granf101,bingw102,whits105,pattj102,mannj105,buckh101,0,0,0,0,0,0,0,0,0,0,0,0,0,0,0,0,0,0,0,,0,0,0,0,0,0,0,0,,,0,0,9,,,,,,,19030925,championship,deduced
PHG190309250,64(1)3/GDP#,2,0,0,CAM02,CUX,PHG,0,0,jackw103,cartk101,5,7,?,L,?,?,??,,,1,1,0,0,0,0,0,0,0,0,0,0,0,0,1,0,1,1,0,1,0,0,0,1,0,0,0,0,0,0,0,0,0,0,0,0,0,0,0,0,0,0,0,0,0,0,0,0,0,0,0,0,2,willc112,,,,,,,,,cartk101,,,,,,,,,,,,,,0,0,0,0,0,0,0,0,0,0,0,0,granc101,jordb102,johng103,willc112,jackw103,fostr105,mccld101,wilsr103,hillj106,4,8,6,2,7,1,9,3,5,footr101,nelsj103,granf101,bingw102,whits105,pattj102,mannj105,buckh101,0,0,0,1,1,0,0,0,0,0,0,0,0,1,0,1,0,0,0,643,6,4,0,0,0,0,0,6,,G,1,4,10,,,,,,,19030925,championship,deduced
PHG190309250,99,2,0,0,CAM02,CUX,PHG,0,0,fostr105,cartk101,6,1,R,L,?,?,??,,,1,1,0,0,0,0,0,0,0,0,0,0,0,0,1,0,1,1,0,0,0,0,0,0,0,0,0,0,0,0,0,0,0,0,0,0,0,0,0,0,0,0,0,0,0,0,0,0,0,0,0,2,3,,,,,,,,,,,,,,,,,,,,,,,,0,0,0,0,0,0,0,0,0,0,0,0,granc101,jordb102,johng103,willc112,jackw103,fostr105,mccld101,wilsr103,hillj106,4,8,6,2,7,1,9,3,5,footr101,nelsj103,granf101,bingw102,whits105,pattj102,mannj105,buckh101,1,0,0,0,0,0,0,0,0,0,0,0,0,0,0,0,0,0,0,0,0,0,0,0,0,0,0,0,,,0,0,11,,,,,,,19030925,championship,deduced
PHG190309250,99,2,1,1,CAM02,PHG,CUX,0,0,pattj102,fostr105,4,7,?,R,?,?,??,,,1,1,0,0,0,0,0,0,0,0,0,0,0,0,1,0,1,1,0,0,0,0,0,0,0,0,0,0,0,0,0,0,0,0,0,0,0,0,0,0,0,0,0,0,0,0,0,0,0,0,0,0,1,,,,,,,,,,,,,,,,,,,,,,,,0,0,0,0,0,0,0,0,0,0,0,0,whits105,granf101,buckh101,pattj102,bingw102,mannj105,nelsj103,footr101,cartk101,6,4,9,7,5,8,3,2,1,willc112,wilsr103,granc101,hillj106,johng103,jackw103,jordb102,mccld101,1,0,0,0,0,0,0,0,0,0,0,0,0,0,0,0,0,0,0,0,0,0,0,0,0,0,0,0,,,0,0,12,,,,,,,19030925,championship,deduced
PHG190309250,S#,2,1,1,CAM02,PHG,CUX,0,0,bingw102,fostr105,5,5,?,R,?,?,??,,,1,1,1,0,0,0,0,0,0,0,0,0,0,0,0,0,0,1,0,0,0,0,0,0,0,0,0,0,0,0,0,0,0,0,0,0,0,0,0,0,0,0,0,0,0,0,0,0,0,0,0,1,1,,,,bingw102,,,,,,,,,fostr105,,,,,,,,,,,0,0,0,0,0,0,0,0,0,0,0,0,whits105,granf101,buckh101,pattj102,bingw102,mannj105,nelsj103,footr101,cartk101,6,4,9,7,5,8,3,2,1,willc112,wilsr103,granc101,hillj106,johng103,jackw103,jordb102,mccld101,0,0,0,0,0,0,0,0,0,0,0,0,0,0,0,0,0,0,0,,0,0,0,0,0,0,0,0,,,0,0,13,,,,,,,19030925,championship,deduced
PHG190309250,99,2,1,1,CAM02,PHG,CUX,0,0,mannj105,fostr105,6,8,?,R,?,?,??,,,1,1,0,0,0,0,0,0,0,0,0,0,0,0,1,0,1,1,0,0,0,0,0,0,0,0,0,0,0,0,0,0,0,0,0,0,0,0,0,0,0,0,0,0,0,0,0,0,0,0,0,1,2,bingw102,,,bingw102,,,,,,fostr105,,,fostr105,,,,,,,,,,,0,0,0,0,0,0,0,0,0,0,0,0,whits105,granf101,buckh101,pattj102,bingw102,mannj105,nelsj103,footr101,cartk101,6,4,9,7,5,8,3,2,1,willc112,wilsr103,granc101,hillj106,johng103,jackw103,jordb102,mccld101,1,0,0,0,0,0,0,0,0,0,0,0,0,0,0,0,0,0,0,0,0,0,0,0,0,0,0,0,,,0,0,14,,,,,,,19030925,championship,deduced
PHG190309250,99,2,1,1,CAM02,PHG,CUX,0,0,nelsj103,fostr105,7,3,?,R,?,?,??,,,1,1,0,0,0,0,0,0,0,0,0,0,0,0,1,0,1,1,0,0,0,0,0,0,0,0,0,0,0,0,0,0,0,0,0,0,0,0,0,0,0,0,0,0,0,0,0,0,0,0,0,2,3,bingw102,,,,,,bingw102,,,fostr105,,,,,,,,,,,,,,0,0,0,0,0,0,0,0,0,0,0,0,whits105,granf101,buckh101,pattj102,bingw102,mannj105,nelsj103,footr101,cartk101,6,4,9,7,5,8,3,2,1,willc112,wilsr103,granc101,hillj106,johng103,jackw103,jordb102,mccld101,1,0,0,0,0,0,0,0,0,0,0,0,0,0,0,0,0,0,0,0,0,0,0,0,0,0,0,0,,,0,0,15,,,,,,,19030925,championship,deduced
PHG190309250,99,3,0,0,CAM02,CUX,PHG,0,0,mccld101,cartk101,7,9,L,L,?,?,??,,,1,1,0,0,0,0,0,0,0,0,0,0,0,0,1,0,1,1,0,0,0,0,0,0,0,0,0,0,0,0,0,0,0,0,0,0,0,0,0,0,0,0,0,0,0,0,0,0,0,0,0,0,1,,,,,,,,,,,,,,,,,,,,,,,,0,0,0,0,0,0,0,0,0,0,0,0,granc101,jordb102,johng103,willc112,jackw103,fostr105,mccld101,wilsr103,hillj106,4,8,6,2,7,1,9,3,5,footr101,nelsj103,granf101,bingw102,whits105,pattj102,mannj105,buckh101,1,0,0,0,0,0,0,0,0,0,0,0,0,0,0,0,0,0,0,0,0,0,0,0,0,0,0,0,,,0,0,16,,,,,,,19030925,championship,deduced
PHG190309250,99,3,0,0,CAM02,CUX,PHG,0,0,wilsr103,cartk101,8,3,R,L,?,?,??,,,1,1,0,0,0,0,0,0,0,0,0,0,0,0,1,0,1,1,0,0,0,0,0,0,0,0,0,0,0,0,0,0,0,0,0,0,0,0,0,0,0,0,0,0,0,0,0,0,0,0,0,1,2,,,,,,,,,,,,,,,,,,,,,,,,0,0,0,0,0,0,0,0,0,0,0,0,granc101,jordb102,johng103,willc112,jackw103,fostr105,mccld101,wilsr103,hillj106,4,8,6,2,7,1,9,3,5,footr101,nelsj103,granf101,bingw102,whits105,pattj102,mannj105,buckh101,1,0,0,0,0,0,0,0,0,0,0,0,0,0,0,0,0,0,0,0,0,0,0,0,0,0,0,0,,,0,0,17,,,,,,,19030925,championship,deduced
PHG190309250,99,3,0,0,CAM02,CUX,PHG,0,0,hillj106,cartk101,9,5,R,L,?,?,??,,,1,1,0,0,0,0,0,0,0,0,0,0,0,0,1,0,1,1,0,0,0,0,0,0,0,0,0,0,0,0,0,0,0,0,0,0,0,0,0,0,0,0,0,0,0,0,0,0,0,0,0,2,3,,,,,,,,,,,,,,,,,,,,,,,,0,0,0,0,0,0,0,0,0,0,0,0,granc101,jordb102,johng103,willc112,jackw103,fostr105,mccld101,wilsr103,hillj106,4,8,6,2,7,1,9,3,5,footr101,nelsj103,granf101,bingw102,whits105,pattj102,mannj105,buckh101,1,0,0,0,0,0,0,0,0,0,0,0,0,0,0,0,0,0,0,0,0,0,0,0,0,0,0,0,,,0,0,18,,,,,,,19030925,championship,deduced
PHG190309250,W#,3,1,1,CAM02,PHG,CUX,0,0,footr101,fostr105,8,2,?,R,?,?,??,,,1,0,0,0,0,0,0,0,0,1,0,0,0,0,0,0,0,0,0,0,0,0,0,0,0,0,0,0,0,0,0,0,0,0,0,0,0,0,0,0,0,0,0,0,0,0,0,0,0,0,0,0,0,,,,footr101,,,,,,,,,fostr105,,,,,,,,,,,0,0,0,0,0,0,0,0,0,0,0,0,whits105,granf101,buckh101,pattj102,bingw102,mannj105,nelsj103,footr101,cartk101,6,4,9,7,5,8,3,2,1,willc112,wilsr103,granc101,hillj106,johng103,jackw103,jordb102,mccld101,0,0,0,0,0,0,0,0,0,0,0,0,0,0,0,0,0,0,0,,0,0,0,0,0,0,0,0,,,0,0,19,,,,,,,19030925,championship,deduced
PHG190309250,99,3,1,1,CAM02,PHG,CUX,0,0,cartk101,fostr105,9,1,?,R,?,?,??,,,1,1,0,0,0,0,0,0,0,0,0,0,0,0,1,0,1,1,0,0,0,0,0,0,0,0,0,0,0,0,0,0,0,0,0,0,0,0,0,0,0,0,0,0,0,0,0,0,0,0,0,0,1,footr101,,,footr101,,,,,,fostr105,,,fostr105,,,,,,,,,,,0,0,0,0,0,0,0,0,0,0,0,0,whits105,granf101,buckh101,pattj102,bingw102,mannj105,nelsj103,footr101,cartk101,6,4,9,7,5,8,3,2,1,willc112,wilsr103,granc101,hillj106,johng103,jackw103,jordb102,mccld101,1,0,0,0,0,0,0,0,0,0,0,0,0,0,0,0,0,0,0,0,0,0,0,0,0,0,0,0,,,0,0,20,,,,,,,19030925,championship,deduced
PHG190309250,99,3,1,1,CAM02,PHG,CUX,0,0,whits105,fostr105,1,6,R,R,?,?,??,,,1,1,0,0,0,0,0,0,0,0,0,0,0,0,1,0,1,1,0,0,0,0,0,0,0,0,0,0,0,0,0,0,0,0,0,0,0,0,0,0,0,0,0,0,0,0,0,0,0,0,0,1,2,footr101,,,footr101,,,,,,fostr105,,,fostr105,,,,,,,,,,,0,0,0,0,0,0,0,0,0,0,0,0,whits105,granf101,buckh101,pattj102,bingw102,mannj105,nelsj103,footr101,cartk101,6,4,9,7,5,8,3,2,1,willc112,wilsr103,granc101,hillj106,johng103,jackw103,jordb102,mccld101,1,0,0,0,0,0,0,0,0,0,0,0,0,0,0,0,0,0,0,0,0,0,0,0,0,0,0,0,,,0,0,21,,,,,,,19030925,championship,deduced
PHG190309250,99,3,1,1,CAM02,PHG,CUX,0,0,granf101,fostr105,2,4,R,R,?,?,??,,,1,1,0,0,0,0,0,0,0,0,0,0,0,0,1,0,1,1,0,0,0,0,0,0,0,0,0,0,0,0,0,0,0,0,0,0,0,0,0,0,0,0,0,0,0,0,0,0,0,0,0,2,3,footr101,,,,,,footr101,,,fostr105,,,,,,,,,,,,,,0,0,0,0,0,0,0,0,0,0,0,0,whits105,granf101,buckh101,pattj102,bingw102,mannj105,nelsj103,footr101,cartk101,6,4,9,7,5,8,3,2,1,willc112,wilsr103,granc101,hillj106,johng103,jackw103,jordb102,mccld101,1,0,0,0,0,0,0,0,0,0,0,0,0,0,0,0,0,0,0,0,0,0,0,0,0,0,0,0,,,0,0,22,,,,,,,19030925,championship,deduced
PHG190309250,99,4,0,0,CAM02,CUX,PHG,0,0,granc101,cartk101,1,4,R,L,?,?,??,,,1,1,0,0,0,0,0,0,0,0,0,0,0,0,1,0,1,1,0,0,0,0,0,0,0,0,0,0,0,0,0,0,0,0,0,0,0,0,0,0,0,0,0,0,0,0,0,0,0,0,0,0,1,,,,,,,,,,,,,,,,,,,,,,,,0,0,0,0,0,0,0,0,0,0,0,0,granc101,jordb102,johng103,willc112,jackw103,fostr105,mccld101,wilsr103,hillj106,4,8,6,2,7,1,9,3,5,footr101,nelsj103,granf101,bingw102,whits105,pattj102,mannj105,buckh101,1,0,0,0,0,0,0,0,0,0,0,0,0,0,0,0,0,0,0,0,0,0,0,0,0,0,0,0,,,0,0,23,,,,,,,19030925,championship,deduced
PHG190309250,99,4,0,0,CAM02,CUX,PHG,0,0,jordb102,cartk101,2,8,?,L,?,?,??,,,1,1,0,0,0,0,0,0,0,0,0,0,0,0,1,0,1,1,0,0,0,0,0,0,0,0,0,0,0,0,0,0,0,0,0,0,0,0,0,0,0,0,0,0,0,0,0,0,0,0,0,1,2,,,,,,,,,,,,,,,,,,,,,,,,0,0,0,0,0,0,0,0,0,0,0,0,granc101,jordb102,johng103,willc112,jackw103,fostr105,mccld101,wilsr103,hillj106,4,8,6,2,7,1,9,3,5,footr101,nelsj103,granf101,bingw102,whits105,pattj102,mannj105,buckh101,1,0,0,0,0,0,0,0,0,0,0,0,0,0,0,0,0,0,0,0,0,0,0,0,0,0,0,0,,,0,0,24,,,,,,,19030925,championship,deduced
PHG190309250,99,4,0,0,CAM02,CUX,PHG,0,0,johng103,cartk101,3,6,R,L,?,?,??,,,1,1,0,0,0,0,0,0,0,0,0,0,0,0,1,0,1,1,0,0,0,0,0,0,0,0,0,0,0,0,0,0,0,0,0,0,0,0,0,0,0,0,0,0,0,0,0,0,0,0,0,2,3,,,,,,,,,,,,,,,,,,,,,,,,0,0,0,0,0,0,0,0,0,0,0,0,granc101,jordb102,johng103,willc112,jackw103,fostr105,mccld101,wilsr103,hillj106,4,8,6,2,7,1,9,3,5,footr101,nelsj103,granf101,bingw102,whits105,pattj102,mannj105,buckh101,1,0,0,0,0,0,0,0,0,0,0,0,0,0,0,0,0,0,0,0,0,0,0,0,0,0,0,0,,,0,0,25,,,,,,,19030925,championship,deduced
PHG190309250,W#,4,1,1,CAM02,PHG,CUX,0,0,buckh101,fostr105,3,9,R,R,?,?,??,,,1,0,0,0,0,0,0,0,0,1,0,0,0,0,0,0,0,0,0,0,0,0,0,0,0,0,0,0,0,0,0,0,0,0,0,0,0,0,0,0,0,0,0,0,0,0,0,0,0,0,0,0,0,,,,buckh101,,,,,,,,,fostr105,,,,,,,,,,,0,0,0,0,0,0,0,0,0,0,0,0,whits105,granf101,buckh101,pattj102,bingw102,mannj105,nelsj103,footr101,cartk101,6,4,9,7,5,8,3,2,1,willc112,wilsr103,granc101,hillj106,johng103,jackw103,jordb102,mccld101,0,0,0,0,0,0,0,0,0,0,0,0,0,0,0,0,0,0,0,,0,0,0,0,0,0,0,0,,,0,0,26,,,,,,,19030925,championship,deduced
PHG190309250,99,4,1,1,CAM02,PHG,CUX,0,0,pattj102,fostr105,4,7,?,R,?,?,??,,,1,1,0,0,0,0,0,0,0,0,0,0,0,0,1,0,1,1,0,0,0,0,0,0,0,0,0,0,0,0,0,0,0,0,0,0,0,0,0,0,0,0,0,0,0,0,0,0,0,0,0,0,1,buckh101,,,buckh101,,,,,,fostr105,,,fostr105,,,,,,,,,,,0,0,0,0,0,0,0,0,0,0,0,0,whits105,granf101,buckh101,pattj102,bingw102,mannj105,nelsj103,footr101,cartk101,6,4,9,7,5,8,3,2,1,willc112,wilsr103,granc101,hillj106,johng103,jackw103,jordb102,mccld101,1,0,0,0,0,0,0,0,0,0,0,0,0,0,0,0,0,0,0,0,0,0,0,0,0,0,0,0,,,0,0,27,,,,,,,19030925,championship,deduced
PHG190309250,99,4,1,1,CAM02,PHG,CUX,0,0,bingw102,fostr105,5,5,?,R,?,?,??,,,1,1,0,0,0,0,0,0,0,0,0,0,0,0,1,0,1,1,0,0,0,0,0,0,0,0,0,0,0,0,0,0,0,0,0,0,0,0,0,0,0,0,0,0,0,0,0,0,0,0,0,1,2,buckh101,,,buckh101,,,,,,fostr105,,,fostr105,,,,,,,,,,,0,0,0,0,0,0,0,0,0,0,0,0,whits105,granf101,buckh101,pattj102,bingw102,mannj105,nelsj103,footr101,cartk101,6,4,9,7,5,8,3,2,1,willc112,wilsr103,granc101,hillj106,johng103,jackw103,jordb102,mccld101,1,0,0,0,0,0,0,0,0,0,0,0,0,0,0,0,0,0,0,0,0,0,0,0,0,0,0,0,,,0,0,28,,,,,,,19030925,championship,deduced
PHG190309250,99,4,1,1,CAM02,PHG,CUX,0,0,mannj105,fostr105,6,8,?,R,?,?,??,,,1,1,0,0,0,0,0,0,0,0,0,0,0,0,1,0,1,1,0,0,0,0,0,0,0,0,0,0,0,0,0,0,0,0,0,0,0,0,0,0,0,0,0,0,0,0,0,0,0,0,0,2,3,buckh101,,,,,,buckh101,,,fostr105,,,,,,,,,,,,,,0,0,0,0,0,0,0,0,0,0,0,0,whits105,granf101,buckh101,pattj102,bingw102,mannj105,nelsj103,footr101,cartk101,6,4,9,7,5,8,3,2,1,willc112,wilsr103,granc101,hillj106,johng103,jackw103,jordb102,mccld101,1,0,0,0,0,0,0,0,0,0,0,0,0,0,0,0,0,0,0,0,0,0,0,0,0,0,0,0,,,0,0,29,,,,,,,19030925,championship,deduced
PHG190309250,99,5,0,0,CAM02,CUX,PHG,0,0,willc112,cartk101,4,2,R,L,?,?,??,,,1,1,0,0,0,0,0,0,0,0,0,0,0,0,1,0,1,1,0,0,0,0,0,0,0,0,0,0,0,0,0,0,0,0,0,0,0,0,0,0,0,0,0,0,0,0,0,0,0,0,0,0,1,,,,,,,,,,,,,,,,,,,,,,,,0,0,0,0,0,0,0,0,0,0,0,0,granc101,jordb102,johng103,willc112,jackw103,fostr105,mccld101,wilsr103,hillj106,4,8,6,2,7,1,9,3,5,footr101,nelsj103,granf101,bingw102,whits105,pattj102,mannj105,buckh101,1,0,0,0,0,0,0,0,0,0,0,0,0,0,0,0,0,0,0,0,0,0,0,0,0,0,0,0,,,0,0,30,,,,,,,19030925,championship,deduced
PHG190309250,99,5,0,0,CAM02,CUX,PHG,0,0,jackw103,cartk101,5,7,?,L,?,?,??,,,1,1,0,0,0,0,0,0,0,0,0,0,0,0,1,0,1,1,0,0,0,0,0,0,0,0,0,0,0,0,0,0,0,0,0,0,0,0,0,0,0,0,0,0,0,0,0,0,0,0,0,1,2,,,,,,,,,,,,,,,,,,,,,,,,0,0,0,0,0,0,0,0,0,0,0,0,granc101,jordb102,johng103,willc112,jackw103,fostr105,mccld101,wilsr103,hillj106,4,8,6,2,7,1,9,3,5,footr101,nelsj103,granf101,bingw102,whits105,pattj102,mannj105,buckh101,1,0,0,0,0,0,0,0,0,0,0,0,0,0,0,0,0,0,0,0,0,0,0,0,0,0,0,0,,,0,0,31,,,,,,,19030925,championship,deduced
PHG190309250,99,5,0,0,CAM02,CUX,PHG,0,0,fostr105,cartk101,6,1,R,L,?,?,??,,,1,1,0,0,0,0,0,0,0,0,0,0,0,0,1,0,1,1,0,0,0,0,0,0,0,0,0,0,0,0,0,0,0,0,0,0,0,0,0,0,0,0,0,0,0,0,0,0,0,0,0,2,3,,,,,,,,,,,,,,,,,,,,,,,,0,0,0,0,0,0,0,0,0,0,0,0,granc101,jordb102,johng103,willc112,jackw103,fostr105,mccld101,wilsr103,hillj106,4,8,6,2,7,1,9,3,5,footr101,nelsj103,granf101,bingw102,whits105,pattj102,mannj105,buckh101,1,0,0,0,0,0,0,0,0,0,0,0,0,0,0,0,0,0,0,0,0,0,0,0,0,0,0,0,,,0,0,32,,,,,,,19030925,championship,deduced
PHG190309250,99,5,1,1,CAM02,PHG,CUX,0,0,nelsj103,fostr105,7,3,?,R,?,?,??,,,1,1,0,0,0,0,0,0,0,0,0,0,0,0,1,0,1,1,0,0,0,0,0,0,0,0,0,0,0,0,0,0,0,0,0,0,0,0,0,0,0,0,0,0,0,0,0,0,0,0,0,0,1,,,,,,,,,,,,,,,,,,,,,,,,0,0,0,0,0,0,0,0,0,0,0,0,whits105,granf101,buckh101,pattj102,bingw102,mannj105,nelsj103,footr101,cartk101,6,4,9,7,5,8,3,2,1,willc112,wilsr103,granc101,hillj106,johng103,jackw103,jordb102,mccld101,1,0,0,0,0,0,0,0,0,0,0,0,0,0,0,0,0,0,0,0,0,0,0,0,0,0,0,0,,,0,0,33,,,,,,,19030925,championship,deduced
PHG190309250,99,5,1,1,CAM02,PHG,CUX,0,0,footr101,fostr105,8,2,?,R,?,?,??,,,1,1,0,0,0,0,0,0,0,0,0,0,0,0,1,0,1,1,0,0,0,0,0,0,0,0,0,0,0,0,0,0,0,0,0,0,0,0,0,0,0,0,0,0,0,0,0,0,0,0,0,1,2,,,,,,,,,,,,,,,,,,,,,,,,0,0,0,0,0,0,0,0,0,0,0,0,whits105,granf101,buckh101,pattj102,bingw102,mannj105,nelsj103,footr101,cartk101,6,4,9,7,5,8,3,2,1,willc112,wilsr103,granc101,hillj106,johng103,jackw103,jordb102,mccld101,1,0,0,0,0,0,0,0,0,0,0,0,0,0,0,0,0,0,0,0,0,0,0,0,0,0,0,0,,,0,0,34,,,,,,,19030925,championship,deduced
PHG190309250,99,5,1,1,CAM02,PHG,CUX,0,0,cartk101,fostr105,9,1,?,R,?,?,??,,,1,1,0,0,0,0,0,0,0,0,0,0,0,0,1,0,1,1,0,0,0,0,0,0,0,0,0,0,0,0,0,0,0,0,0,0,0,0,0,0,0,0,0,0,0,0,0,0,0,0,0,2,3,,,,,,,,,,,,,,,,,,,,,,,,0,0,0,0,0,0,0,0,0,0,0,0,whits105,granf101,buckh101,pattj102,bingw102,mannj105,nelsj103,footr101,cartk101,6,4,9,7,5,8,3,2,1,willc112,wilsr103,granc101,hillj106,johng103,jackw103,jordb102,mccld101,1,0,0,0,0,0,0,0,0,0,0,0,0,0,0,0,0,0,0,0,0,0,0,0,0,0,0,0,,,0,0,35,,,,,,,19030925,championship,deduced
PHG190309250,S,6,0,0,CAM02,CUX,PHG,0,0,mccld101,cartk101,7,9,L,L,?,?,??,,,1,1,1,0,0,0,0,0,0,0,0,0,0,0,0,0,0,1,0,0,0,0,0,0,0,0,0,0,0,0,0,0,0,0,0,0,0,0,0,0,0,0,0,0,0,0,0,0,0,0,0,0,0,,,,mccld101,,,,,,,,,cartk101,,,,,,,,,,,0,0,0,0,0,0,0,0,0,0,0,0,granc101,jordb102,johng103,willc112,jackw103,fostr105,mccld101,wilsr103,hillj106,4,8,6,2,7,1,9,3,5,footr101,nelsj103,granf101,bingw102,whits105,pattj102,mannj105,buckh101,0,0,0,0,0,0,0,0,0,0,0,0,0,0,0,0,0,0,0,,0,0,0,0,0,0,0,0,,,0,0,36,,,,,,,19030925,championship,deduced
PHG190309250,16(1)/FO,6,0,0,CAM02,CUX,PHG,0,0,wilsr103,cartk101,8,3,R,L,?,?,??,,,1,1,0,0,0,0,0,0,0,0,0,0,0,0,1,0,1,1,0,1,0,0,0,0,0,0,0,0,0,0,0,0,0,0,0,0,0,0,0,0,0,0,0,0,0,0,0,0,0,0,0,0,1,mccld101,,,wilsr103,,,,,,cartk101,,,cartk101,,,,,,,,,,,0,0,0,0,0,0,0,0,0,0,0,0,granc101,jordb102,johng103,willc112,jackw103,fostr105,mccld101,wilsr103,hillj106,4,8,6,2,7,1,9,3,5,footr101,nelsj103,granf101,bingw102,whits105,pattj102,mannj105,buckh101,0,0,0,0,0,0,1,0,0,0,1,0,0,0,0,0,0,0,0,16,1,0,0,0,0,0,0,1,,G,1,6,37,,,,,,,19030925,championship,deduced
PHG190309250,E4/G.1-2,6,0,0,CAM02,CUX,PHG,0,0,hillj106,cartk101,9,5,R,L,?,?,??,,,1,1,0,0,0,0,0,0,0,0,0,0,1,0,0,0,0,1,0,1,0,0,0,0,0,0,0,0,0,0,0,0,0,0,0,0,0,0,0,0,0,0,0,0,0,1,0,0,0,0,0,1,1,wilsr103,,,hillj106,wilsr103,,,,,cartk101,,,cartk101,cartk101,,,,,,,,,,0,0,0,0,0,0,0,0,0,0,0,0,granc101,jordb102,johng103,willc112,jackw103,fostr105,mccld101,wilsr103,hillj106,4,8,6,2,7,1,9,3,5,footr101,nelsj103,granf101,bingw102,whits105,pattj102,mannj105,buckh101,0,0,0,0,0,0,0,0,0,0,0,0,0,0,0,0,0,0,0,,0,0,0,0,0,0,0,4,,G,1,0,38,,,,,,,19030925,championship,deduced
PHG190309250,46(1)/FO.2-H(E6/TH)(NR)(UR);B-2,6,0,0,CAM02,CUX,PHG,0,0,granc101,cartk101,1,4,R,L,?,?,??,,,1,1,0,0,0,0,0,0,0,0,0,0,0,0,1,0,1,1,0,1,0,0,0,0,0,0,0,0,0,0,0,0,0,0,0,0,0,0,0,0,0,0,0,0,0,0,0,1,0,0,0,1,2,hillj106,wilsr103,,,granc101,,,,,cartk101,cartk101,,,cartk101,,,,wilsr103,,,,cartk101,,0,0,1,0,0,0,0,0,1,0,0,0,granc101,jordb102,johng103,willc112,jackw103,fostr105,mccld101,wilsr103,hillj106,4,8,6,2,7,1,9,3,5,footr101,nelsj103,granf101,bingw102,whits105,pattj102,mannj105,buckh101,0,0,0,0,0,0,1,0,0,0,0,0,0,1,0,0,0,0,0,46,4,0,0,0,0,0,0,4,,G,1,6,39,,,,,,,19030925,championship,deduced
PHG190309250,D8.2-H(UR),6,0,0,CAM02,CUX,PHG,1,0,jordb102,cartk101,2,8,?,L,?,?,??,,,1,1,0,1,0,0,0,0,0,0,0,0,0,0,0,0,0,1,0,0,0,0,0,0,0,0,0,0,0,0,0,0,0,0,0,0,0,0,0,0,0,0,0,0,0,0,0,0,0,0,0,2,2,,granc101,,,jordb102,,,,,,cartk101,,,cartk101,,,,granc101,,,,cartk101,,0,0,1,0,0,0,1,0,1,1,0,0,granc101,jordb102,johng103,willc112,jackw103,fostr105,mccld101,wilsr103,hillj106,4,8,6,2,7,1,9,3,5,footr101,nelsj103,granf101,bingw102,whits105,pattj102,mannj105,buckh101,0,0,0,0,0,0,0,0,0,0,0,0,0,0,0,0,0,0,0,,0,0,0,0,0,0,0,8,8+,,0,0,40,,,,,,,19030925,championship,deduced
PHG190309250,W#,6,0,0,CAM02,CUX,PHG,2,0,johng103,cartk101,3,6,R,L,?,?,??,,,1,0,0,0,0,0,0,0,0,1,0,0,0,0,0,0,0,0,0,0,0,0,0,0,0,0,0,0,0,0,0,0,0,0,0,0,0,0,0,0,0,0,0,0,0,0,0,0,0,0,0,2,2,,jordb102,,johng103,jordb102,,,,,,cartk101,,cartk101,cartk101,,,,,,,,,,0,0,0,0,0,0,0,0,0,0,0,0,granc101,jordb102,johng103,willc112,jackw103,fostr105,mccld101,wilsr103,hillj106,4,8,6,2,7,1,9,3,5,footr101,nelsj103,granf101,bingw102,whits105,pattj102,mannj105,buckh101,0,0,0,0,0,0,0,0,0,0,0,0,0,0,0,0,0,0,0,,0,0,0,0,0,0,0,0,,,0,0,41,,,,,,,19030925,championship,deduced
PHG190309250,99,6,0,0,CAM02,CUX,PHG,2,0,willc112,cartk101,4,2,R,L,?,?,??,,,1,1,0,0,0,0,0,0,0,0,0,0,0,0,1,0,1,1,0,0,0,0,0,0,0,0,0,0,0,0,0,0,0,0,0,0,0,0,0,0,0,0,0,0,0,0,0,0,0,0,0,2,3,johng103,jordb102,,,,,jordb102,johng103,,cartk101,cartk101,,,,,,,,,,,,,0,0,0,0,0,0,0,0,0,0,0,0,granc101,jordb102,johng103,willc112,jackw103,fostr105,mccld101,wilsr103,hillj106,4,8,6,2,7,1,9,3,5,footr101,nelsj103,granf101,bingw102,whits105,pattj102,mannj105,buckh101,1,0,0,0,0,0,0,0,0,0,0,0,0,0,0,0,0,0,0,0,0,0,0,0,0,0,0,0,,,0,0,42,,,,,,,19030925,championship,deduced
PHG190309250,W,6,1,1,CAM02,PHG,CUX,2,0,whits105,fostr105,1,6,R,R,?,?,??,,,1,0,0,0,0,0,0,0,0,1,0,0,0,0,0,0,0,0,0,0,0,0,0,0,0,0,0,0,0,0,0,0,0,0,0,0,0,0,0,0,0,0,0,0,0,0,0,0,0,0,0,0,0,,,,whits105,,,,,,,,,fostr105,,,,,,,,,,,0,0,0,0,0,0,0,0,0,0,0,0,whits105,granf101,buckh101,pattj102,bingw102,mannj105,nelsj103,footr101,cartk101,6,4,9,7,5,8,3,2,1,willc112,wilsr103,granc101,hillj106,johng103,jackw103,jordb102,mccld101,0,0,0,0,0,0,0,0,0,0,0,0,0,0,0,0,0,0,0,,0,0,0,0,0,0,0,0,,,0,0,43,,,,,,,19030925,championship,deduced
PHG190309250,PB.1-3,6,1,1,CAM02,PHG,CUX,2,0,granf101,fostr105,2,4,R,R,?,?,??,,,0,0,0,0,0,0,0,0,0,0,0,0,0,0,0,0,0,0,0,0,0,0,0,0,0,0,0,0,1,0,0,0,0,0,0,0,0,0,0,0,0,0,0,0,0,0,0,0,0,0,0,0,0,whits105,,,,,whits105,,,,fostr105,,,,,fostr105,,,,,,,,,0,0,0,0,0,0,0,0,0,0,0,0,whits105,granf101,buckh101,pattj102,bingw102,mannj105,nelsj103,footr101,cartk101,6,4,9,7,5,8,3,2,1,willc112,wilsr103,granc101,hillj106,johng103,jackw103,jordb102,mccld101,0,0,0,0,0,0,0,0,0,0,0,0,0,0,0,0,0,0,0,,0,0,0,0,0,0,0,0,,,0,0,44,,,,,,,19030925,championship,deduced
PHG190309250,W,6,1,1,CAM02,PHG,CUX,2,0,granf101,fostr105,2,4,R,R,?,?,??,,,1,0,0,0,0,0,0,0,0,1,0,0,0,0,0,0,0,0,0,0,0,0,0,0,0,0,0,0,0,0,0,0,0,0,0,0,0,0,0,0,0,0,0,0,0,0,0,0,0,0,0,0,0,,,whits105,granf101,,whits105,,,,,,fostr105,fostr105,,fostr105,,,,,,,,,0,0,0,0,0,0,0,0,0,0,0,0,whits105,granf101,buckh101,pattj102,bingw102,mannj105,nelsj103,footr101,cartk101,6,4,9,7,5,8,3,2,1,willc112,wilsr103,granc101,hillj106,johng103,jackw103,jordb102,mccld101,0,0,0,0,0,0,0,0,0,0,0,0,0,0,0,0,0,0,0,,0,0,0,0,0,0,0,0,,,0,0,45,,,,,,,19030925,championship,deduced
PHG190309250,SB2,6,1,1,CAM02,PHG,CUX,2,0,buckh101,fostr105,3,9,R,R,?,?,??,,,0,0,0,0,0,0,0,0,0,0,0,0,0,0,0,0,0,0,0,0,0,0,0,0,0,0,0,0,0,0,0,0,1,0,0,0,0,0,0,0,0,0,0,0,0,0,0,0,0,0,0,0,0,granf101,,whits105,,granf101,whits105,,,,fostr105,,fostr105,,fostr105,fostr105,,,,,,,,,0,0,0,0,0,0,0,0,0,0,0,0,whits105,granf101,buckh101,pattj102,bingw102,mannj105,nelsj103,footr101,cartk101,6,4,9,7,5,8,3,2,1,willc112,wilsr103,granc101,hillj106,johng103,jackw103,jordb102,mccld101,0,0,0,0,0,0,0,0,0,0,0,0,0,0,0,0,0,0,0,,0,0,0,0,0,0,0,0,,,0,0,46,,,,,,,19030925,championship,deduced
PHG190309250,K,6,1,1,CAM02,PHG,CUX,2,0,buckh101,fostr105,3,9,R,R,?,?,??,,,1,1,0,0,0,0,0,0,0,0,1,0,0,0,0,0,0,0,0,0,0,0,0,0,0,0,0,0,0,0,0,0,0,0,0,0,0,0,0,0,0,0,0,0,0,0,0,0,0,0,0,0,1,,granf101,whits105,,granf101,whits105,,,,,fostr105,fostr105,,fostr105,fostr105,,,,,,,,,0,0,0,0,0,0,0,0,0,0,0,0,whits105,granf101,buckh101,pattj102,bingw102,mannj105,nelsj103,footr101,cartk101,6,4,9,7,5,8,3,2,1,willc112,wilsr103,granc101,hillj106,johng103,jackw103,jordb102,mccld101,0,0,1,0,0,0,0,0,0,0,0,0,0,0,0,0,0,0,0,2,0,0,0,0,0,0,0,0,,,0,0,47,,,,,,,19030925,championship,deduced
PHG190309250,K,6,1,1,CAM02,PHG,CUX,2,0,pattj102,fostr105,4,7,?,R,?,?,??,,,1,1,0,0,0,0,0,0,0,0,1,0,0,0,0,0,0,0,0,0,0,0,0,0,0,0,0,0,0,0,0,0,0,0,0,0,0,0,0,0,0,0,0,0,0,0,0,0,0,0,0,1,2,,granf101,whits105,,granf101,whits105,,,,,fostr105,fostr105,,fostr105,fostr105,,,,,,,,,0,0,0,0,0,0,0,0,0,0,0,0,whits105,granf101,buckh101,pattj102,bingw102,mannj105,nelsj103,footr101,cartk101,6,4,9,7,5,8,3,2,1,willc112,wilsr103,granc101,hillj106,johng103,jackw103,jordb102,mccld101,0,0,1,0,0,0,0,0,0,0,0,0,0,0,0,0,0,0,0,2,0,0,0,0,0,0,0,0,,,0,0,48,,,,,,,19030925,championship,deduced
PHG190309250,43,6,1,1,CAM02,PHG,CUX,2,0,bingw102,fostr105,5,5,?,R,?,?,??,,,1,1,0,0,0,0,0,0,0,0,0,0,0,0,1,0,1,1,0,1,0,0,0,0,0,0,0,0,0,0,0,0,0,0,0,0,0,0,0,0,0,0,0,0,0,0,0,0,0,0,0,2,3,,granf101,whits105,,,,whits105,granf101,,,fostr105,fostr105,,,,,,,,,,,,0,0,0,0,0,0,0,0,0,0,0,0,whits105,granf101,buckh101,pattj102,bingw102,mannj105,nelsj103,footr101,cartk101,6,4,9,7,5,8,3,2,1,willc112,wilsr103,granc101,hillj106,johng103,jackw103,jordb102,mccld101,0,0,0,1,0,0,0,0,0,0,0,0,0,1,0,0,0,0,0,43,4,0,0,0,0,0,0,4,3+,G,0,0,49,,,,,,,19030925,championship,deduced
PHG190309250,99,7,0,0,CAM02,CUX,PHG,2,0,jackw103,cartk101,5,7,?,L,?,?,??,,,1,1,0,0,0,0,0,0,0,0,0,0,0,0,1,0,1,1,0,0,0,0,0,0,0,0,0,0,0,0,0,0,0,0,0,0,0,0,0,0,0,0,0,0,0,0,0,0,0,0,0,0,1,,,,,,,,,,,,,,,,,,,,,,,,0,0,0,0,0,0,0,0,0,0,0,0,granc101,jordb102,johng103,willc112,jackw103,fostr105,mccld101,wilsr103,hillj106,4,8,6,2,7,1,9,3,5,footr101,nelsj103,granf101,bingw102,whits105,pattj102,mannj105,buckh101,1,0,0,0,0,0,0,0,0,0,0,0,0,0,0,0,0,0,0,0,0,0,0,0,0,0,0,0,,,0,0,50,,,,,,,19030925,championship,deduced
PHG190309250,S#,7,0,0,CAM02,CUX,PHG,2,0,fostr105,cartk101,6,1,R,L,?,?,??,,,1,1,1,0,0,0,0,0,0,0,0,0,0,0,0,0,0,1,0,0,0,0,0,0,0,0,0,0,0,0,0,0,0,0,0,0,0,0,0,0,0,0,0,0,0,0,0,0,0,0,0,1,1,,,,fostr105,,,,,,,,,cartk101,,,,,,,,,,,0,0,0,0,0,0,0,0,0,0,0,0,granc101,jordb102,johng103,willc112,jackw103,fostr105,mccld101,wilsr103,hillj106,4,8,6,2,7,1,9,3,5,footr101,nelsj103,granf101,bingw102,whits105,pattj102,mannj105,buckh101,0,0,0,0,0,0,0,0,0,0,0,0,0,0,0,0,0,0,0,,0,0,0,0,0,0,0,0,,,0,0,51,,,,,,,19030925,championship,deduced
PHG190309250,99,7,0,0,CAM02,CUX,PHG,2,0,mccld101,cartk101,7,9,L,L,?,?,??,,,1,1,0,0,0,0,0,0,0,0,0,0,0,0,1,0,1,1,0,0,0,0,0,0,0,0,0,0,0,0,0,0,0,0,0,0,0,0,0,0,0,0,0,0,0,0,0,0,0,0,0,1,2,fostr105,,,fostr105,,,,,,cartk101,,,cartk101,,,,,,,,,,,0,0,0,0,0,0,0,0,0,0,0,0,granc101,jordb102,johng103,willc112,jackw103,fostr105,mccld101,wilsr103,hillj106,4,8,6,2,7,1,9,3,5,footr101,nelsj103,granf101,bingw102,whits105,pattj102,mannj105,buckh101,1,0,0,0,0,0,0,0,0,0,0,0,0,0,0,0,0,0,0,0,0,0,0,0,0,0,0,0,,,0,0,52,,,,,,,19030925,championship,deduced
PHG190309250,99,7,0,0,CAM02,CUX,PHG,2,0,wilsr103,cartk101,8,3,R,L,?,?,??,,,1,1,0,0,0,0,0,0,0,0,0,0,0,0,1,0,1,1,0,0,0,0,0,0,0,0,0,0,0,0,0,0,0,0,0,0,0,0,0,0,0,0,0,0,0,0,0,0,0,0,0,2,3,fostr105,,,,,,fostr105,,,cartk101,,,,,,,,,,,,,,0,0,0,0,0,0,0,0,0,0,0,0,granc101,jordb102,johng103,willc112,jackw103,fostr105,mccld101,wilsr103,hillj106,4,8,6,2,7,1,9,3,5,footr101,nelsj103,granf101,bingw102,whits105,pattj102,mannj105,buckh101,1,0,0,0,0,0,0,0,0,0,0,0,0,0,0,0,0,0,0,0,0,0,0,0,0,0,0,0,,,0,0,53,,,,,,,19030925,championship,deduced
PHG190309250,99,7,1,1,CAM02,PHG,CUX,2,0,mannj105,fostr105,6,8,?,R,?,?,??,,,1,1,0,0,0,0,0,0,0,0,0,0,0,0,1,0,1,1,0,0,0,0,0,0,0,0,0,0,0,0,0,0,0,0,0,0,0,0,0,0,0,0,0,0,0,0,0,0,0,0,0,0,1,,,,,,,,,,,,,,,,,,,,,,,,0,0,0,0,0,0,0,0,0,0,0,0,whits105,granf101,buckh101,pattj102,bingw102,mannj105,nelsj103,footr101,cartk101,6,4,9,7,5,8,3,2,1,willc112,wilsr103,granc101,hillj106,johng103,jackw103,jordb102,mccld101,1,0,0,0,0,0,0,0,0,0,0,0,0,0,0,0,0,0,0,0,0,0,0,0,0,0,0,0,,,0,0,54,,,,,,,19030925,championship,deduced
PHG190309250,99,7,1,1,CAM02,PHG,CUX,2,0,nelsj103,fostr105,7,3,?,R,?,?,??,,,1,1,0,0,0,0,0,0,0,0,0,0,0,0,1,0,1,1,0,0,0,0,0,0,0,0,0,0,0,0,0,0,0,0,0,0,0,0,0,0,0,0,0,0,0,0,0,0,0,0,0,1,2,,,,,,,,,,,,,,,,,,,,,,,,0,0,0,0,0,0,0,0,0,0,0,0,whits105,granf101,buckh101,pattj102,bingw102,mannj105,nelsj103,footr101,cartk101,6,4,9,7,5,8,3,2,1,willc112,wilsr103,granc101,hillj106,johng103,jackw103,jordb102,mccld101,1,0,0,0,0,0,0,0,0,0,0,0,0,0,0,0,0,0,0,0,0,0,0,0,0,0,0,0,,,0,0,55,,,,,,,19030925,championship,deduced
PHG190309250,S,7,1,1,CAM02,PHG,CUX,2,0,footr101,fostr105,8,2,?,R,?,?,??,,,1,1,1,0,0,0,0,0,0,0,0,0,0,0,0,0,0,1,0,0,0,0,0,0,0,0,0,0,0,0,0,0,0,0,0,0,0,0,0,0,0,0,0,0,0,0,0,0,0,0,0,2,2,,,,footr101,,,,,,,,,fostr105,,,,,,,,,,,0,0,0,0,0,0,0,0,0,0,0,0,whits105,granf101,buckh101,pattj102,bingw102,mannj105,nelsj103,footr101,cartk101,6,4,9,7,5,8,3,2,1,willc112,wilsr103,granc101,hillj106,johng103,jackw103,jordb102,mccld101,0,0,0,0,0,0,0,0,0,0,0,0,0,0,0,0,0,0,0,,0,0,0,0,0,0,0,0,,,0,0,56,,,,,,,19030925,championship,deduced
PHG190309250,D8.1-3,7,1,1,CAM02,PHG,CUX,2,0,cartk101,fostr105,9,1,?,R,?,?,??,,,1,1,0,1,0,0,0,0,0,0,0,0,0,0,0,0,0,1,0,0,0,0,0,0,0,0,0,0,0,0,0,0,0,0,0,0,0,0,0,0,0,0,0,0,0,0,0,0,0,0,0,2,2,footr101,,,,cartk101,footr101,,,,fostr105,,,,fostr105,fostr105,,,,,,,,,0,0,0,0,0,0,0,0,0,0,0,0,whits105,granf101,buckh101,pattj102,bingw102,mannj105,nelsj103,footr101,cartk101,6,4,9,7,5,8,3,2,1,willc112,wilsr103,granc101,hillj106,johng103,jackw103,jordb102,mccld101,0,0,0,0,0,0,0,0,0,0,0,0,0,0,0,0,0,0,0,,0,0,0,0,0,0,0,8,8+,,0,0,57,,,,,,,19030925,championship,deduced
PHG190309250,99,7,1,1,CAM02,PHG,CUX,2,0,whits105,fostr105,1,6,R,R,?,?,??,,,1,1,0,0,0,0,0,0,0,0,0,0,0,0,1,0,1,1,0,0,0,0,0,0,0,0,0,0,0,0,0,0,0,0,0,0,0,0,0,0,0,0,0,0,0,0,0,0,0,0,0,2,3,,cartk101,footr101,,,,footr101,cartk101,,,fostr105,fostr105,,,,,,,,,,,,0,0,0,0,0,0,0,0,0,0,0,0,whits105,granf101,buckh101,pattj102,bingw102,mannj105,nelsj103,footr101,cartk101,6,4,9,7,5,8,3,2,1,willc112,wilsr103,granc101,hillj106,johng103,jackw103,jordb102,mccld101,1,0,0,0,0,0,0,0,0,0,0,0,0,0,0,0,0,0,0,0,0,0,0,0,0,0,0,0,,,0,0,58,,,,,,,19030925,championship,deduced
PHG190309250,S#,8,0,0,CAM02,CUX,PHG,2,0,hillj106,cartk101,9,5,R,L,?,?,??,,,1,1,1,0,0,0,0,0,0,0,0,0,0,0,0,0,0,1,0,0,0,0,0,0,0,0,0,0,0,0,0,0,0,0,0,0,0,0,0,0,0,0,0,0,0,0,0,0,0,0,0,0,0,,,,hillj106,,,,,,,,,cartk101,,,,,,,,,,,0,0,0,0,0,0,0,0,0,0,0,0,granc101,jordb102,johng103,willc112,jackw103,fostr105,mccld101,wilsr103,hillj106,4,8,6,2,7,1,9,3,5,footr101,nelsj103,granf101,bingw102,whits105,pattj102,mannj105,buckh101,0,0,0,0,0,0,0,0,0,0,0,0,0,0,0,0,0,0,0,,0,0,0,0,0,0,0,0,,,0,0,59,,,,,,,19030925,championship,deduced
PHG190309250,99,8,0,0,CAM02,CUX,PHG,2,0,granc101,cartk101,1,4,R,L,?,?,??,,,1,1,0,0,0,0,0,0,0,0,0,0,0,0,1,0,1,1,0,0,0,0,0,0,0,0,0,0,0,0,0,0,0,0,0,0,0,0,0,0,0,0,0,0,0,0,0,0,0,0,0,0,1,hillj106,,,hillj106,,,,,,cartk101,,,cartk101,,,,,,,,,,,0,0,0,0,0,0,0,0,0,0,0,0,granc101,jordb102,johng103,willc112,jackw103,fostr105,mccld101,wilsr103,hillj106,4,8,6,2,7,1,9,3,5,footr101,nelsj103,granf101,bingw102,whits105,pattj102,mannj105,buckh101,1,0,0,0,0,0,0,0,0,0,0,0,0,0,0,0,0,0,0,0,0,0,0,0,0,0,0,0,,,0,0,60,,,,,,,19030925,championship,deduced
PHG190309250,99,8,0,0,CAM02,CUX,PHG,2,0,jordb102,cartk101,2,8,?,L,?,?,??,,,1,1,0,0,0,0,0,0,0,0,0,0,0,0,1,0,1,1,0,0,0,0,0,0,0,0,0,0,0,0,0,0,0,0,0,0,0,0,0,0,0,0,0,0,0,0,0,0,0,0,0,1,2,hillj106,,,hillj106,,,,,,cartk101,,,cartk101,,,,,,,,,,,0,0,0,0,0,0,0,0,0,0,0,0,granc101,jordb102,johng103,willc112,jackw103,fostr105,mccld101,wilsr103,hillj106,4,8,6,2,7,1,9,3,5,footr101,nelsj103,granf101,bingw102,whits105,pattj102,mannj105,buckh101,1,0,0,0,0,0,0,0,0,0,0,0,0,0,0,0,0,0,0,0,0,0,0,0,0,0,0,0,,,0,0,61,,,,,,,19030925,championship,deduced
PHG190309250,99,8,0,0,CAM02,CUX,PHG,2,0,johng103,cartk101,3,6,R,L,?,?,??,,,1,1,0,0,0,0,0,0,0,0,0,0,0,0,1,0,1,1,0,0,0,0,0,0,0,0,0,0,0,0,0,0,0,0,0,0,0,0,0,0,0,0,0,0,0,0,0,0,0,0,0,2,3,hillj106,,,,,,hillj106,,,cartk101,,,,,,,,,,,,,,0,0,0,0,0,0,0,0,0,0,0,0,granc101,jordb102,johng103,willc112,jackw103,fostr105,mccld101,wilsr103,hillj106,4,8,6,2,7,1,9,3,5,footr101,nelsj103,granf101,bingw102,whits105,pattj102,mannj105,buckh101,1,0,0,0,0,0,0,0,0,0,0,0,0,0,0,0,0,0,0,0,0,0,0,0,0,0,0,0,,,0,0,62,,,,,,,19030925,championship,deduced
PHG190309250,E6/TH.B-2,8,1,1,CAM02,PHG,CUX,2,0,granf101,fostr105,2,4,R,R,?,?,??,,,1,1,0,0,0,0,0,0,0,0,0,0,1,0,0,0,0,1,0,1,0,0,0,0,0,0,0,0,0,0,0,0,0,0,0,0,0,0,0,0,0,0,0,0,0,0,0,1,0,0,0,0,0,,,,,granf101,,,,,,,,,fostr105,,,,,,,,,,0,0,0,0,0,0,0,0,0,0,0,0,whits105,granf101,buckh101,pattj102,bingw102,mannj105,nelsj103,footr101,cartk101,6,4,9,7,5,8,3,2,1,willc112,wilsr103,granc101,hillj106,johng103,jackw103,jordb102,mccld101,0,0,0,0,0,0,0,0,0,0,0,0,0,0,0,0,0,0,0,,0,0,0,0,0,0,0,6,6+,G,0,0,63,,,,,,,19030925,championship,deduced
PHG190309250,4/P,8,1,1,CAM02,PHG,CUX,2,0,buckh101,fostr105,3,9,R,R,?,?,??,,,1,1,0,0,0,0,0,0,0,0,0,0,0,0,1,0,1,1,0,0,1,0,0,0,0,0,0,0,0,0,0,0,0,0,0,0,0,0,0,0,0,0,0,0,0,0,0,0,0,0,0,0,1,,granf101,,,granf101,,,,,,fostr105,,,fostr105,,,,,,,,,,0,0,0,0,0,0,0,0,0,0,0,0,whits105,granf101,buckh101,pattj102,bingw102,mannj105,nelsj103,footr101,cartk101,6,4,9,7,5,8,3,2,1,willc112,wilsr103,granc101,hillj106,johng103,jackw103,jordb102,mccld101,0,0,0,0,1,0,0,0,0,0,0,0,0,0,0,0,0,0,0,4,4,0,0,0,0,0,0,4,,P,0,0,64,,,,,,,19030925,championship,deduced
PHG190309250,99/G,8,1,1,CAM02,PHG,CUX,2,0,pattj102,fostr105,4,7,?,R,?,?,??,,,1,1,0,0,0,0,0,0,0,0,0,0,0,0,1,0,1,1,0,1,0,0,0,0,0,0,0,0,0,0,0,0,0,0,0,0,0,0,0,0,0,0,0,0,0,0,0,0,0,0,0,1,2,,granf101,,,granf101,,,,,,fostr105,,,fostr105,,,,,,,,,,0,0,0,0,0,0,0,0,0,0,0,0,whits105,granf101,buckh101,pattj102,bingw102,mannj105,nelsj103,footr101,cartk101,6,4,9,7,5,8,3,2,1,willc112,wilsr103,granc101,hillj106,johng103,jackw103,jordb102,mccld101,1,0,0,0,0,0,0,0,0,0,0,0,0,0,0,0,0,0,0,0,0,0,0,0,0,0,0,0,,G,0,0,65,,,,,,,19030925,championship,deduced
PHG190309250,3/G,8,1,1,CAM02,PHG,CUX,2,0,bingw102,fostr105,5,5,?,R,?,?,??,,,1,1,0,0,0,0,0,0,0,0,0,0,0,0,1,0,1,1,0,1,0,0,0,0,0,0,0,0,0,0,0,0,0,0,0,0,0,0,0,0,0,0,0,0,0,0,0,0,0,0,0,2,3,,granf101,,,,,granf101,,,,fostr105,,,,,,,,,,,,,0,0,0,0,0,0,0,0,0,0,0,0,whits105,granf101,buckh101,pattj102,bingw102,mannj105,nelsj103,footr101,cartk101,6,4,9,7,5,8,3,2,1,willc112,wilsr103,granc101,hillj106,johng103,jackw103,jordb102,mccld101,0,0,0,1,0,0,0,0,0,0,0,0,0,0,0,0,0,0,0,3,3,0,0,0,0,0,0,3,,G,0,0,66,,,,,,,19030925,championship,deduced
PHG190309250,W#,9,0,0,CAM02,CUX,PHG,2,0,willc112,cartk101,4,2,R,L,?,?,??,,,1,0,0,0,0,0,0,0,0,1,0,0,0,0,0,0,0,0,0,0,0,0,0,0,0,0,0,0,0,0,0,0,0,0,0,0,0,0,0,0,0,0,0,0,0,0,0,0,0,0,0,0,0,,,,willc112,,,,,,,,,cartk101,,,,,,,,,,,0,0,0,0,0,0,0,0,0,0,0,0,granc101,jordb102,johng103,willc112,jackw103,fostr105,mccld101,wilsr103,hillj106,4,8,6,2,7,1,9,3,5,footr101,nelsj103,granf101,bingw102,whits105,pattj102,mannj105,buckh101,0,0,0,0,0,0,0,0,0,0,0,0,0,0,0,0,0,0,0,,0,0,0,0,0,0,0,0,,,0,0,67,,,,,,,19030925,championship,deduced
PHG190309250,99,9,0,0,CAM02,CUX,PHG,2,0,jackw103,cartk101,5,7,?,L,?,?,??,,,1,1,0,0,0,0,0,0,0,0,0,0,0,0,1,0,1,1,0,0,0,0,0,0,0,0,0,0,0,0,0,0,0,0,0,0,0,0,0,0,0,0,0,0,0,0,0,0,0,0,0,0,1,willc112,,,willc112,,,,,,cartk101,,,cartk101,,,,,,,,,,,0,0,0,0,0,0,0,0,0,0,0,0,granc101,jordb102,johng103,willc112,jackw103,fostr105,mccld101,wilsr103,hillj106,4,8,6,2,7,1,9,3,5,footr101,nelsj103,granf101,bingw102,whits105,pattj102,mannj105,buckh101,1,0,0,0,0,0,0,0,0,0,0,0,0,0,0,0,0,0,0,0,0,0,0,0,0,0,0,0,,,0,0,68,,,,,,,19030925,championship,deduced
PHG190309250,99,9,0,0,CAM02,CUX,PHG,2,0,fostr105,cartk101,6,1,R,L,?,?,??,,,1,1,0,0,0,0,0,0,0,0,0,0,0,0,1,0,1,1,0,0,0,0,0,0,0,0,0,0,0,0,0,0,0,0,0,0,0,0,0,0,0,0,0,0,0,0,0,0,0,0,0,1,2,willc112,,,willc112,,,,,,cartk101,,,cartk101,,,,,,,,,,,0,0,0,0,0,0,0,0,0,0,0,0,granc101,jordb102,johng103,willc112,jackw103,fostr105,mccld101,wilsr103,hillj106,4,8,6,2,7,1,9,3,5,footr101,nelsj103,granf101,bingw102,whits105,pattj102,mannj105,buckh101,1,0,0,0,0,0,0,0,0,0,0,0,0,0,0,0,0,0,0,0,0,0,0,0,0,0,0,0,,,0,0,69,,,,,,,19030925,championship,deduced
PHG190309250,99,9,0,0,CAM02,CUX,PHG,2,0,mccld101,cartk101,7,9,L,L,?,?,??,,,1,1,0,0,0,0,0,0,0,0,0,0,0,0,1,0,1,1,0,0,0,0,0,0,0,0,0,0,0,0,0,0,0,0,0,0,0,0,0,0,0,0,0,0,0,0,0,0,0,0,0,2,3,willc112,,,,,,willc112,,,cartk101,,,,,,,,,,,,,,0,0,0,0,0,0,0,0,0,0,0,0,granc101,jordb102,johng103,willc112,jackw103,fostr105,mccld101,wilsr103,hillj106,4,8,6,2,7,1,9,3,5,footr101,nelsj103,granf101,bingw102,whits105,pattj102,mannj105,buckh101,1,0,0,0,0,0,0,0,0,0,0,0,0,0,0,0,0,0,0,0,0,0,0,0,0,0,0,0,,,0,0,70,,,,,,,19030925,championship,deduced
PHG190309250,99,9,1,1,CAM02,PHG,CUX,2,0,evanh101,fostr105,6,11,?,R,?,?,??,,,1,1,0,0,0,0,0,0,0,0,0,0,0,0,1,0,1,1,0,0,0,0,0,0,0,0,0,0,0,0,0,0,0,0,0,0,0,0,0,0,0,0,0,0,0,0,0,0,0,0,0,0,1,,,,,,,,,,,,,,,,,,,,,,,,0,0,0,0,0,0,0,0,0,0,0,0,whits105,granf101,buckh101,pattj102,bingw102,evanh101,nelsj103,footr101,cartk101,6,4,9,7,5,11,3,2,1,willc112,wilsr103,granc101,hillj106,johng103,jackw103,jordb102,mccld101,1,0,0,0,0,0,0,0,0,0,0,0,0,0,0,0,0,0,0,0,0,0,0,0,0,0,0,0,,,0,0,71,,,,,,,19030925,championship,deduced
PHG190309250,99,9,1,1,CAM02,PHG,CUX,2,0,nelsj103,fostr105,7,3,?,R,?,?,??,,,1,1,0,0,0,0,0,0,0,0,0,0,0,0,1,0,1,1,0,0,0,0,0,0,0,0,0,0,0,0,0,0,0,0,0,0,0,0,0,0,0,0,0,0,0,0,0,0,0,0,0,1,2,,,,,,,,,,,,,,,,,,,,,,,,0,0,0,0,0,0,0,0,0,0,0,0,whits105,granf101,buckh101,pattj102,bingw102,evanh101,nelsj103,footr101,cartk101,6,4,9,7,5,11,3,2,1,willc112,wilsr103,granc101,hillj106,johng103,jackw103,jordb102,mccld101,1,0,0,0,0,0,0,0,0,0,0,0,0,0,0,0,0,0,0,0,0,0,0,0,0,0,0,0,,,0,0,72,,,,,,,19030925,championship,deduced
PHG190309250,99,9,1,1,CAM02,PHG,CUX,2,0,footr101,fostr105,8,2,?,R,?,?,??,,,1,1,0,0,0,0,0,0,0,0,0,0,0,0,1,0,1,1,0,0,0,0,0,0,0,0,0,0,0,0,0,0,0,0,0,0,0,0,0,0,0,0,0,0,0,0,0,0,0,0,0,2,3,,,,,,,,,,,,,,,,,,,,,,,,0,0,0,0,0,0,0,0,0,0,0,0,whits105,granf101,buckh101,pattj102,bingw102,evanh101,nelsj103,footr101,cartk101,6,4,9,7,5,11,3,2,1,willc112,wilsr103,granc101,hillj106,johng103,jackw103,jordb102,mccld101,1,0,0,0,0,0,0,0,0,0,0,0,0,0,0,0,0,0,0,0,0,0,0,0,0,0,0,0,,,0,0,73,,,,,,,19030925,championship,deduced
