gid,event,inning,top_bot,vis_home,site,batteam,pitteam,score_v,score_h,batter,pitcher,lp,bat_f,bathand,pithand,balls,strikes,count,pitches,nump,pa,ab,single,double,triple,hr,sh,sf,hbp,walk,k,xi,roe,fc,othout,noout,oth,bip,bunt,ground,fly,line,iw,gdp,othdp,tp,fle,wp,pb,bk,oa,di,sb2,sb3,sbh,cs2,cs3,csh,pko1,pko2,pko3,k_safe,e1,e2,e3,e4,e5,e6,e7,e8,e9,outs_pre,outs_post,br1_pre,br2_pre,br3_pre,br1_post,br2_post,br3_post,lob_id1,lob_id2,lob_id3,pr1_pre,pr2_pre,pr3_pre,pr1_post,pr2_post,pr3_post,run_b,run1,run2,run3,prun_b,prun1,prun2,prun3,ur_b,ur1,ur2,ur3,rbi_b,rbi1,rbi2,rbi3,runs,rbi,er,tur,l1,l2,l3,l4,l5,l6,l7,l8,l9,lf1,lf2,lf3,lf4,lf5,lf6,lf7,lf8,lf9,f2,f3,f4,f5,f6,f7,f8,f9,po0,po1,po2,po3,po4,po5,po6,po7,po8,po9,a1,a2,a3,a4,a5,a6,a7,a8,a9,fseq,batout1,batout2,batout3,brout_b,brout1,brout2,brout3,firstf,loc,hittype,dpopp,pivot,pn,umphome,ump1b,ump2b,ump3b,umplf,umprf,date,gametype,pbp
CAG194408310,99,1,0,0,RAC01,CVB,CAG,0,0,crutj101,smitj112,1,9,L,L,?,?,??,,,1,1,0,0,0,0,0,0,0,0,0,0,0,0,1,0,1,1,0,0,0,0,0,0,0,0,0,0,0,0,0,0,0,0,0,0,0,0,0,0,0,0,0,0,0,0,0,0,0,0,0,0,1,,,,,,,,,,,,,,,,,,,,,,,,0,0,0,0,0,0,0,0,0,0,0,0,crutj101,kingw102,davel102,jeths101,armob101,warea101,bibbr101,cowaj101,jeffw101,9,6,8,2,7,3,5,4,1,barnh102,jacks105,dougj102,nelsc102,wellw102,bissj101,minog101,rogen101,1,0,0,0,0,0,0,0,0,0,0,0,0,0,0,0,0,0,0,0,0,0,0,0,0,0,0,0,,,0,0,1,poolu901,remou901,,,,,19440831,regular,deduced
CAG194408310,99,1,0,0,RAC01,CVB,CAG,0,0,kingw102,smitj112,2,6,?,L,?,?,??,,,1,1,0,0,0,0,0,0,0,0,0,0,0,0,1,0,1,1,0,0,0,0,0,0,0,0,0,0,0,0,0,0,0,0,0,0,0,0,0,0,0,0,0,0,0,0,0,0,0,0,0,1,2,,,,,,,,,,,,,,,,,,,,,,,,0,0,0,0,0,0,0,0,0,0,0,0,crutj101,kingw102,davel102,jeths101,armob101,warea101,bibbr101,cowaj101,jeffw101,9,6,8,2,7,3,5,4,1,barnh102,jacks105,dougj102,nelsc102,wellw102,bissj101,minog101,rogen101,1,0,0,0,0,0,0,0,0,0,0,0,0,0,0,0,0,0,0,0,0,0,0,0,0,0,0,0,,,0,0,2,poolu901,remou901,,,,,19440831,regular,deduced
CAG194408310,W,1,0,0,RAC01,CVB,CAG,0,0,davel102,smitj112,3,8,L,L,?,?,??,,,1,0,0,0,0,0,0,0,0,1,0,0,0,0,0,0,0,0,0,0,0,0,0,0,0,0,0,0,0,0,0,0,0,0,0,0,0,0,0,0,0,0,0,0,0,0,0,0,0,0,0,2,2,,,,davel102,,,,,,,,,smitj112,,,,,,,,,,,0,0,0,0,0,0,0,0,0,0,0,0,crutj101,kingw102,davel102,jeths101,armob101,warea101,bibbr101,cowaj101,jeffw101,9,6,8,2,7,3,5,4,1,barnh102,jacks105,dougj102,nelsc102,wellw102,bissj101,minog101,rogen101,0,0,0,0,0,0,0,0,0,0,0,0,0,0,0,0,0,0,0,,0,0,0,0,0,0,0,0,,,0,0,3,poolu901,remou901,,,,,19440831,regular,deduced
CAG194408310,99,1,0,0,RAC01,CVB,CAG,0,0,jeths101,smitj112,4,2,B,L,?,?,??,,,1,1,0,0,0,0,0,0,0,0,0,0,0,0,1,0,1,1,0,0,0,0,0,0,0,0,0,0,0,0,0,0,0,0,0,0,0,0,0,0,0,0,0,0,0,0,0,0,0,0,0,2,3,davel102,,,,,,davel102,,,smitj112,,,,,,,,,,,,,,0,0,0,0,0,0,0,0,0,0,0,0,crutj101,kingw102,davel102,jeths101,armob101,warea101,bibbr101,cowaj101,jeffw101,9,6,8,2,7,3,5,4,1,barnh102,jacks105,dougj102,nelsc102,wellw102,bissj101,minog101,rogen101,1,0,0,0,0,0,0,0,0,0,0,0,0,0,0,0,0,0,0,0,0,0,0,0,0,0,0,0,,,0,0,4,poolu901,remou901,,,,,19440831,regular,deduced
CAG194408310,99,1,1,1,RAC01,CAG,CVB,0,0,minog101,jeffw101,1,8,?,R,?,?,??,,,1,1,0,0,0,0,0,0,0,0,0,0,0,0,1,0,1,1,0,0,0,0,0,0,0,0,0,0,0,0,0,0,0,0,0,0,0,0,0,0,0,0,0,0,0,0,0,0,0,0,0,0,1,,,,,,,,,,,,,,,,,,,,,,,,0,0,0,0,0,0,0,0,0,0,0,0,minog101,dougj102,bissj101,nelsc102,jacks105,barnh102,rogen101,wellw102,smitj112,8,4,7,5,3,2,9,6,1,jeths101,warea101,cowaj101,bibbr101,kingw102,armob101,davel102,crutj101,1,0,0,0,0,0,0,0,0,0,0,0,0,0,0,0,0,0,0,0,0,0,0,0,0,0,0,0,,,0,0,5,poolu901,remou901,,,,,19440831,regular,deduced
CAG194408310,99,1,1,1,RAC01,CAG,CVB,0,0,dougj102,jeffw101,2,4,L,R,?,?,??,,,1,1,0,0,0,0,0,0,0,0,0,0,0,0,1,0,1,1,0,0,0,0,0,0,0,0,0,0,0,0,0,0,0,0,0,0,0,0,0,0,0,0,0,0,0,0,0,0,0,0,0,1,2,,,,,,,,,,,,,,,,,,,,,,,,0,0,0,0,0,0,0,0,0,0,0,0,minog101,dougj102,bissj101,nelsc102,jacks105,barnh102,rogen101,wellw102,smitj112,8,4,7,5,3,2,9,6,1,jeths101,warea101,cowaj101,bibbr101,kingw102,armob101,davel102,crutj101,1,0,0,0,0,0,0,0,0,0,0,0,0,0,0,0,0,0,0,0,0,0,0,0,0,0,0,0,,,0,0,6,poolu901,remou901,,,,,19440831,regular,deduced
CAG194408310,99,1,1,1,RAC01,CAG,CVB,0,0,bissj101,jeffw101,3,7,R,R,?,?,??,,,1,1,0,0,0,0,0,0,0,0,0,0,0,0,1,0,1,1,0,0,0,0,0,0,0,0,0,0,0,0,0,0,0,0,0,0,0,0,0,0,0,0,0,0,0,0,0,0,0,0,0,2,3,,,,,,,,,,,,,,,,,,,,,,,,0,0,0,0,0,0,0,0,0,0,0,0,minog101,dougj102,bissj101,nelsc102,jacks105,barnh102,rogen101,wellw102,smitj112,8,4,7,5,3,2,9,6,1,jeths101,warea101,cowaj101,bibbr101,kingw102,armob101,davel102,crutj101,1,0,0,0,0,0,0,0,0,0,0,0,0,0,0,0,0,0,0,0,0,0,0,0,0,0,0,0,,,0,0,7,poolu901,remou901,,,,,19440831,regular,deduced
CAG194408310,99,2,0,0,RAC01,CVB,CAG,0,0,armob101,smitj112,5,7,L,L,?,?,??,,,1,1,0,0,0,0,0,0,0,0,0,0,0,0,1,0,1,1,0,0,0,0,0,0,0,0,0,0,0,0,0,0,0,0,0,0,0,0,0,0,0,0,0,0,0,0,0,0,0,0,0,0,1,,,,,,,,,,,,,,,,,,,,,,,,0,0,0,0,0,0,0,0,0,0,0,0,crutj101,kingw102,davel102,jeths101,armob101,warea101,bibbr101,cowaj101,jeffw101,9,6,8,2,7,3,5,4,1,barnh102,jacks105,dougj102,nelsc102,wellw102,bissj101,minog101,rogen101,1,0,0,0,0,0,0,0,0,0,0,0,0,0,0,0,0,0,0,0,0,0,0,0,0,0,0,0,,,0,0,8,poolu901,remou901,,,,,19440831,regular,deduced
CAG194408310,99,2,0,0,RAC01,CVB,CAG,0,0,warea101,smitj112,6,3,L,L,?,?,??,,,1,1,0,0,0,0,0,0,0,0,0,0,0,0,1,0,1,1,0,0,0,0,0,0,0,0,0,0,0,0,0,0,0,0,0,0,0,0,0,0,0,0,0,0,0,0,0,0,0,0,0,1,2,,,,,,,,,,,,,,,,,,,,,,,,0,0,0,0,0,0,0,0,0,0,0,0,crutj101,kingw102,davel102,jeths101,armob101,warea101,bibbr101,cowaj101,jeffw101,9,6,8,2,7,3,5,4,1,barnh102,jacks105,dougj102,nelsc102,wellw102,bissj101,minog101,rogen101,1,0,0,0,0,0,0,0,0,0,0,0,0,0,0,0,0,0,0,0,0,0,0,0,0,0,0,0,,,0,0,9,poolu901,remou901,,,,,19440831,regular,deduced
CAG194408310,99,2,0,0,RAC01,CVB,CAG,0,0,bibbr101,smitj112,7,5,B,L,?,?,??,,,1,1,0,0,0,0,0,0,0,0,0,0,0,0,1,0,1,1,0,0,0,0,0,0,0,0,0,0,0,0,0,0,0,0,0,0,0,0,0,0,0,0,0,0,0,0,0,0,0,0,0,2,3,,,,,,,,,,,,,,,,,,,,,,,,0,0,0,0,0,0,0,0,0,0,0,0,crutj101,kingw102,davel102,jeths101,armob101,warea101,bibbr101,cowaj101,jeffw101,9,6,8,2,7,3,5,4,1,barnh102,jacks105,dougj102,nelsc102,wellw102,bissj101,minog101,rogen101,1,0,0,0,0,0,0,0,0,0,0,0,0,0,0,0,0,0,0,0,0,0,0,0,0,0,0,0,,,0,0,10,poolu901,remou901,,,,,19440831,regular,deduced
CAG194408310,99,2,1,1,RAC01,CAG,CVB,0,0,nelsc102,jeffw101,4,5,R,R,?,?,??,,,1,1,0,0,0,0,0,0,0,0,0,0,0,0,1,0,1,1,0,0,0,0,0,0,0,0,0,0,0,0,0,0,0,0,0,0,0,0,0,0,0,0,0,0,0,0,0,0,0,0,0,0,1,,,,,,,,,,,,,,,,,,,,,,,,0,0,0,0,0,0,0,0,0,0,0,0,minog101,dougj102,bissj101,nelsc102,jacks105,barnh102,rogen101,wellw102,smitj112,8,4,7,5,3,2,9,6,1,jeths101,warea101,cowaj101,bibbr101,kingw102,armob101,davel102,crutj101,1,0,0,0,0,0,0,0,0,0,0,0,0,0,0,0,0,0,0,0,0,0,0,0,0,0,0,0,,,0,0,11,poolu901,remou901,,,,,19440831,regular,deduced
CAG194408310,99,2,1,1,RAC01,CAG,CVB,0,0,jacks105,jeffw101,5,3,?,R,?,?,??,,,1,1,0,0,0,0,0,0,0,0,0,0,0,0,1,0,1,1,0,0,0,0,0,0,0,0,0,0,0,0,0,0,0,0,0,0,0,0,0,0,0,0,0,0,0,0,0,0,0,0,0,1,2,,,,,,,,,,,,,,,,,,,,,,,,0,0,0,0,0,0,0,0,0,0,0,0,minog101,dougj102,bissj101,nelsc102,jacks105,barnh102,rogen101,wellw102,smitj112,8,4,7,5,3,2,9,6,1,jeths101,warea101,cowaj101,bibbr101,kingw102,armob101,davel102,crutj101,1,0,0,0,0,0,0,0,0,0,0,0,0,0,0,0,0,0,0,0,0,0,0,0,0,0,0,0,,,0,0,12,poolu901,remou901,,,,,19440831,regular,deduced
CAG194408310,99,2,1,1,RAC01,CAG,CVB,0,0,barnh102,jeffw101,6,2,R,R,?,?,??,,,1,1,0,0,0,0,0,0,0,0,0,0,0,0,1,0,1,1,0,0,0,0,0,0,0,0,0,0,0,0,0,0,0,0,0,0,0,0,0,0,0,0,0,0,0,0,0,0,0,0,0,2,3,,,,,,,,,,,,,,,,,,,,,,,,0,0,0,0,0,0,0,0,0,0,0,0,minog101,dougj102,bissj101,nelsc102,jacks105,barnh102,rogen101,wellw102,smitj112,8,4,7,5,3,2,9,6,1,jeths101,warea101,cowaj101,bibbr101,kingw102,armob101,davel102,crutj101,1,0,0,0,0,0,0,0,0,0,0,0,0,0,0,0,0,0,0,0,0,0,0,0,0,0,0,0,,,0,0,13,poolu901,remou901,,,,,19440831,regular,deduced
CAG194408310,99,3,0,0,RAC01,CVB,CAG,0,0,cowaj101,smitj112,8,4,R,L,?,?,??,,,1,1,0,0,0,0,0,0,0,0,0,0,0,0,1,0,1,1,0,0,0,0,0,0,0,0,0,0,0,0,0,0,0,0,0,0,0,0,0,0,0,0,0,0,0,0,0,0,0,0,0,0,1,,,,,,,,,,,,,,,,,,,,,,,,0,0,0,0,0,0,0,0,0,0,0,0,crutj101,kingw102,davel102,jeths101,armob101,warea101,bibbr101,cowaj101,jeffw101,9,6,8,2,7,3,5,4,1,barnh102,jacks105,dougj102,nelsc102,wellw102,bissj101,minog101,rogen101,1,0,0,0,0,0,0,0,0,0,0,0,0,0,0,0,0,0,0,0,0,0,0,0,0,0,0,0,,,0,0,14,poolu901,remou901,,,,,19440831,regular,deduced
CAG194408310,S8,3,0,0,RAC01,CVB,CAG,0,0,jeffw101,smitj112,9,1,R,L,?,?,??,,,1,1,1,0,0,0,0,0,0,0,0,0,0,0,0,0,0,1,0,0,0,0,0,0,0,0,0,0,0,0,0,0,0,0,0,0,0,0,0,0,0,0,0,0,0,0,0,0,0,0,0,1,1,,,,jeffw101,,,,,,,,,smitj112,,,,,,,,,,,0,0,0,0,0,0,0,0,0,0,0,0,crutj101,kingw102,davel102,jeths101,armob101,warea101,bibbr101,cowaj101,jeffw101,9,6,8,2,7,3,5,4,1,barnh102,jacks105,dougj102,nelsc102,wellw102,bissj101,minog101,rogen101,0,0,0,0,0,0,0,0,0,0,0,0,0,0,0,0,0,0,0,,0,0,0,0,0,0,0,8,8+,,0,0,15,poolu901,remou901,,,,,19440831,regular,deduced
CAG194408310,CS2(24),3,0,0,RAC01,CVB,CAG,0,0,crutj101,smitj112,1,9,L,L,?,?,??,,,0,0,0,0,0,0,0,0,0,0,0,0,0,0,0,0,0,0,0,0,0,0,0,0,0,0,0,0,0,0,0,0,0,0,0,1,0,0,0,0,0,0,0,0,0,0,0,0,0,0,0,1,2,jeffw101,,,,,,,,,smitj112,,,,,,,,,,,,,,0,0,0,0,0,0,0,0,0,0,0,0,crutj101,kingw102,davel102,jeths101,armob101,warea101,bibbr101,cowaj101,jeffw101,9,6,8,2,7,3,5,4,1,barnh102,jacks105,dougj102,nelsc102,wellw102,bissj101,minog101,rogen101,0,0,0,0,1,0,0,0,0,0,0,1,0,0,0,0,0,0,0,24,0,0,0,0,0,0,0,0,,,0,0,16,poolu901,remou901,,,,,19440831,regular,deduced
CAG194408310,99,3,0,0,RAC01,CVB,CAG,0,0,crutj101,smitj112,1,9,L,L,?,?,??,,,1,1,0,0,0,0,0,0,0,0,0,0,0,0,1,0,1,1,0,0,0,0,0,0,0,0,0,0,0,0,0,0,0,0,0,0,0,0,0,0,0,0,0,0,0,0,0,0,0,0,0,2,3,,,,,,,,,,,,,,,,,,,,,,,,0,0,0,0,0,0,0,0,0,0,0,0,crutj101,kingw102,davel102,jeths101,armob101,warea101,bibbr101,cowaj101,jeffw101,9,6,8,2,7,3,5,4,1,barnh102,jacks105,dougj102,nelsc102,wellw102,bissj101,minog101,rogen101,1,0,0,0,0,0,0,0,0,0,0,0,0,0,0,0,0,0,0,0,0,0,0,0,0,0,0,0,,,0,0,17,poolu901,remou901,,,,,19440831,regular,deduced
CAG194408310,99,3,1,1,RAC01,CAG,CVB,0,0,rogen101,jeffw101,7,9,L,R,?,?,??,,,1,1,0,0,0,0,0,0,0,0,0,0,0,0,1,0,1,1,0,0,0,0,0,0,0,0,0,0,0,0,0,0,0,0,0,0,0,0,0,0,0,0,0,0,0,0,0,0,0,0,0,0,1,,,,,,,,,,,,,,,,,,,,,,,,0,0,0,0,0,0,0,0,0,0,0,0,minog101,dougj102,bissj101,nelsc102,jacks105,barnh102,rogen101,wellw102,smitj112,8,4,7,5,3,2,9,6,1,jeths101,warea101,cowaj101,bibbr101,kingw102,armob101,davel102,crutj101,1,0,0,0,0,0,0,0,0,0,0,0,0,0,0,0,0,0,0,0,0,0,0,0,0,0,0,0,,,0,0,18,poolu901,remou901,,,,,19440831,regular,deduced
CAG194408310,99,3,1,1,RAC01,CAG,CVB,0,0,wellw102,jeffw101,8,6,R,R,?,?,??,,,1,1,0,0,0,0,0,0,0,0,0,0,0,0,1,0,1,1,0,0,0,0,0,0,0,0,0,0,0,0,0,0,0,0,0,0,0,0,0,0,0,0,0,0,0,0,0,0,0,0,0,1,2,,,,,,,,,,,,,,,,,,,,,,,,0,0,0,0,0,0,0,0,0,0,0,0,minog101,dougj102,bissj101,nelsc102,jacks105,barnh102,rogen101,wellw102,smitj112,8,4,7,5,3,2,9,6,1,jeths101,warea101,cowaj101,bibbr101,kingw102,armob101,davel102,crutj101,1,0,0,0,0,0,0,0,0,0,0,0,0,0,0,0,0,0,0,0,0,0,0,0,0,0,0,0,,,0,0,19,poolu901,remou901,,,,,19440831,regular,deduced
CAG194408310,99,3,1,1,RAC01,CAG,CVB,0,0,smitj112,jeffw101,9,1,L,R,?,?,??,,,1,1,0,0,0,0,0,0,0,0,0,0,0,0,1,0,1,1,0,0,0,0,0,0,0,0,0,0,0,0,0,0,0,0,0,0,0,0,0,0,0,0,0,0,0,0,0,0,0,0,0,2,3,,,,,,,,,,,,,,,,,,,,,,,,0,0,0,0,0,0,0,0,0,0,0,0,minog101,dougj102,bissj101,nelsc102,jacks105,barnh102,rogen101,wellw102,smitj112,8,4,7,5,3,2,9,6,1,jeths101,warea101,cowaj101,bibbr101,kingw102,armob101,davel102,crutj101,1,0,0,0,0,0,0,0,0,0,0,0,0,0,0,0,0,0,0,0,0,0,0,0,0,0,0,0,,,0,0,20,poolu901,remou901,,,,,19440831,regular,deduced
CAG194408310,99,4,0,0,RAC01,CVB,CAG,0,0,kingw102,smitj112,2,6,?,L,?,?,??,,,1,1,0,0,0,0,0,0,0,0,0,0,0,0,1,0,1,1,0,0,0,0,0,0,0,0,0,0,0,0,0,0,0,0,0,0,0,0,0,0,0,0,0,0,0,0,0,0,0,0,0,0,1,,,,,,,,,,,,,,,,,,,,,,,,0,0,0,0,0,0,0,0,0,0,0,0,crutj101,kingw102,davel102,jeths101,armob101,warea101,bibbr101,cowaj101,jeffw101,9,6,8,2,7,3,5,4,1,barnh102,jacks105,dougj102,nelsc102,wellw102,bissj101,minog101,rogen101,1,0,0,0,0,0,0,0,0,0,0,0,0,0,0,0,0,0,0,0,0,0,0,0,0,0,0,0,,,0,0,21,poolu901,remou901,,,,,19440831,regular,deduced
CAG194408310,99,4,0,0,RAC01,CVB,CAG,0,0,davel102,smitj112,3,8,L,L,?,?,??,,,1,1,0,0,0,0,0,0,0,0,0,0,0,0,1,0,1,1,0,0,0,0,0,0,0,0,0,0,0,0,0,0,0,0,0,0,0,0,0,0,0,0,0,0,0,0,0,0,0,0,0,1,2,,,,,,,,,,,,,,,,,,,,,,,,0,0,0,0,0,0,0,0,0,0,0,0,crutj101,kingw102,davel102,jeths101,armob101,warea101,bibbr101,cowaj101,jeffw101,9,6,8,2,7,3,5,4,1,barnh102,jacks105,dougj102,nelsc102,wellw102,bissj101,minog101,rogen101,1,0,0,0,0,0,0,0,0,0,0,0,0,0,0,0,0,0,0,0,0,0,0,0,0,0,0,0,,,0,0,22,poolu901,remou901,,,,,19440831,regular,deduced
CAG194408310,99,4,0,0,RAC01,CVB,CAG,0,0,jeths101,smitj112,4,2,B,L,?,?,??,,,1,1,0,0,0,0,0,0,0,0,0,0,0,0,1,0,1,1,0,0,0,0,0,0,0,0,0,0,0,0,0,0,0,0,0,0,0,0,0,0,0,0,0,0,0,0,0,0,0,0,0,2,3,,,,,,,,,,,,,,,,,,,,,,,,0,0,0,0,0,0,0,0,0,0,0,0,crutj101,kingw102,davel102,jeths101,armob101,warea101,bibbr101,cowaj101,jeffw101,9,6,8,2,7,3,5,4,1,barnh102,jacks105,dougj102,nelsc102,wellw102,bissj101,minog101,rogen101,1,0,0,0,0,0,0,0,0,0,0,0,0,0,0,0,0,0,0,0,0,0,0,0,0,0,0,0,,,0,0,23,poolu901,remou901,,,,,19440831,regular,deduced
CAG194408310,T8,4,1,1,RAC01,CAG,CVB,0,0,minog101,jeffw101,1,8,?,R,?,?,??,,,1,1,0,0,1,0,0,0,0,0,0,0,0,0,0,0,0,1,0,0,0,0,0,0,0,0,0,0,0,0,0,0,0,0,0,0,0,0,0,0,0,0,0,0,0,0,0,0,0,0,0,0,0,,,,,,minog101,,,,,,,,,jeffw101,,,,,,,,,0,0,0,0,0,0,0,0,0,0,0,0,minog101,dougj102,bissj101,nelsc102,jacks105,barnh102,rogen101,wellw102,smitj112,8,4,7,5,3,2,9,6,1,jeths101,warea101,cowaj101,bibbr101,kingw102,armob101,davel102,crutj101,0,0,0,0,0,0,0,0,0,0,0,0,0,0,0,0,0,0,0,,0,0,0,0,0,0,0,8,8+,,0,0,24,poolu901,remou901,,,,,19440831,regular,deduced
CAG194408310,S8.3-H,4,1,1,RAC01,CAG,CVB,0,0,dougj102,jeffw101,2,4,L,R,?,?,??,,,1,1,1,0,0,0,0,0,0,0,0,0,0,0,0,0,0,1,0,0,0,0,0,0,0,0,0,0,0,0,0,0,0,0,0,0,0,0,0,0,0,0,0,0,0,0,0,0,0,0,0,0,0,,,minog101,dougj102,,,,,,,,jeffw101,jeffw101,,,,,,minog101,,,,jeffw101,0,0,0,0,0,0,0,1,1,1,1,0,minog101,dougj102,bissj101,nelsc102,jacks105,barnh102,rogen101,wellw102,smitj112,8,4,7,5,3,2,9,6,1,jeths101,warea101,cowaj101,bibbr101,kingw102,armob101,davel102,crutj101,0,0,0,0,0,0,0,0,0,0,0,0,0,0,0,0,0,0,0,,0,0,0,0,0,0,0,8,8+,,0,0,25,poolu901,remou901,,,,,19440831,regular,deduced
CAG194408310,K,4,1,1,RAC01,CAG,CVB,0,1,bissj101,jeffw101,3,7,R,R,?,?,??,,,1,1,0,0,0,0,0,0,0,0,1,0,0,0,0,0,0,0,0,0,0,0,0,0,0,0,0,0,0,0,0,0,0,0,0,0,0,0,0,0,0,0,0,0,0,0,0,0,0,0,0,0,1,dougj102,,,dougj102,,,,,,jeffw101,,,jeffw101,,,,,,,,,,,0,0,0,0,0,0,0,0,0,0,0,0,minog101,dougj102,bissj101,nelsc102,jacks105,barnh102,rogen101,wellw102,smitj112,8,4,7,5,3,2,9,6,1,jeths101,warea101,cowaj101,bibbr101,kingw102,armob101,davel102,crutj101,0,0,1,0,0,0,0,0,0,0,0,0,0,0,0,0,0,0,0,2,0,0,0,0,0,0,0,0,,,0,0,26,poolu901,remou901,,,,,19440831,regular,deduced
CAG194408310,CS2(26),4,1,1,RAC01,CAG,CVB,0,1,nelsc102,jeffw101,4,5,R,R,?,?,??,,,0,0,0,0,0,0,0,0,0,0,0,0,0,0,0,0,0,0,0,0,0,0,0,0,0,0,0,0,0,0,0,0,0,0,0,1,0,0,0,0,0,0,0,0,0,0,0,0,0,0,0,1,2,dougj102,,,,,,,,,jeffw101,,,,,,,,,,,,,,0,0,0,0,0,0,0,0,0,0,0,0,minog101,dougj102,bissj101,nelsc102,jacks105,barnh102,rogen101,wellw102,smitj112,8,4,7,5,3,2,9,6,1,jeths101,warea101,cowaj101,bibbr101,kingw102,armob101,davel102,crutj101,0,0,0,0,0,0,1,0,0,0,0,1,0,0,0,0,0,0,0,26,0,0,0,0,0,0,0,0,,,0,0,27,poolu901,remou901,,,,,19440831,regular,deduced
CAG194408310,S,4,1,1,RAC01,CAG,CVB,0,1,nelsc102,jeffw101,4,5,R,R,?,?,??,,,1,1,1,0,0,0,0,0,0,0,0,0,0,0,0,0,0,1,0,0,0,0,0,0,0,0,0,0,0,0,0,0,0,0,0,0,0,0,0,0,0,0,0,0,0,0,0,0,0,0,0,2,2,,,,nelsc102,,,,,,,,,jeffw101,,,,,,,,,,,0,0,0,0,0,0,0,0,0,0,0,0,minog101,dougj102,bissj101,nelsc102,jacks105,barnh102,rogen101,wellw102,smitj112,8,4,7,5,3,2,9,6,1,jeths101,warea101,cowaj101,bibbr101,kingw102,armob101,davel102,crutj101,0,0,0,0,0,0,0,0,0,0,0,0,0,0,0,0,0,0,0,,0,0,0,0,0,0,0,0,,,0,0,28,poolu901,remou901,,,,,19440831,regular,deduced
CAG194408310,99,4,1,1,RAC01,CAG,CVB,0,1,jacks105,jeffw101,5,3,?,R,?,?,??,,,1,1,0,0,0,0,0,0,0,0,0,0,0,0,1,0,1,1,0,0,0,0,0,0,0,0,0,0,0,0,0,0,0,0,0,0,0,0,0,0,0,0,0,0,0,0,0,0,0,0,0,2,3,nelsc102,,,,,,nelsc102,,,jeffw101,,,,,,,,,,,,,,0,0,0,0,0,0,0,0,0,0,0,0,minog101,dougj102,bissj101,nelsc102,jacks105,barnh102,rogen101,wellw102,smitj112,8,4,7,5,3,2,9,6,1,jeths101,warea101,cowaj101,bibbr101,kingw102,armob101,davel102,crutj101,1,0,0,0,0,0,0,0,0,0,0,0,0,0,0,0,0,0,0,0,0,0,0,0,0,0,0,0,,,0,0,29,poolu901,remou901,,,,,19440831,regular,deduced
CAG194408310,99,5,0,0,RAC01,CVB,CAG,0,1,armob101,smitj112,5,7,L,L,?,?,??,,,1,1,0,0,0,0,0,0,0,0,0,0,0,0,1,0,1,1,0,0,0,0,0,0,0,0,0,0,0,0,0,0,0,0,0,0,0,0,0,0,0,0,0,0,0,0,0,0,0,0,0,0,1,,,,,,,,,,,,,,,,,,,,,,,,0,0,0,0,0,0,0,0,0,0,0,0,crutj101,kingw102,davel102,jeths101,armob101,warea101,bibbr101,cowaj101,jeffw101,9,6,8,2,7,3,5,4,1,barnh102,jacks105,dougj102,nelsc102,wellw102,bissj101,minog101,rogen101,1,0,0,0,0,0,0,0,0,0,0,0,0,0,0,0,0,0,0,0,0,0,0,0,0,0,0,0,,,0,0,30,poolu901,remou901,,,,,19440831,regular,deduced
CAG194408310,99,5,0,0,RAC01,CVB,CAG,0,1,warea101,smitj112,6,3,L,L,?,?,??,,,1,1,0,0,0,0,0,0,0,0,0,0,0,0,1,0,1,1,0,0,0,0,0,0,0,0,0,0,0,0,0,0,0,0,0,0,0,0,0,0,0,0,0,0,0,0,0,0,0,0,0,1,2,,,,,,,,,,,,,,,,,,,,,,,,0,0,0,0,0,0,0,0,0,0,0,0,crutj101,kingw102,davel102,jeths101,armob101,warea101,bibbr101,cowaj101,jeffw101,9,6,8,2,7,3,5,4,1,barnh102,jacks105,dougj102,nelsc102,wellw102,bissj101,minog101,rogen101,1,0,0,0,0,0,0,0,0,0,0,0,0,0,0,0,0,0,0,0,0,0,0,0,0,0,0,0,,,0,0,31,poolu901,remou901,,,,,19440831,regular,deduced
CAG194408310,S,5,0,0,RAC01,CVB,CAG,0,1,bibbr101,smitj112,7,5,B,L,?,?,??,,,1,1,1,0,0,0,0,0,0,0,0,0,0,0,0,0,0,1,0,0,0,0,0,0,0,0,0,0,0,0,0,0,0,0,0,0,0,0,0,0,0,0,0,0,0,0,0,0,0,0,0,2,2,,,,bibbr101,,,,,,,,,smitj112,,,,,,,,,,,0,0,0,0,0,0,0,0,0,0,0,0,crutj101,kingw102,davel102,jeths101,armob101,warea101,bibbr101,cowaj101,jeffw101,9,6,8,2,7,3,5,4,1,barnh102,jacks105,dougj102,nelsc102,wellw102,bissj101,minog101,rogen101,0,0,0,0,0,0,0,0,0,0,0,0,0,0,0,0,0,0,0,,0,0,0,0,0,0,0,0,,,0,0,32,poolu901,remou901,,,,,19440831,regular,deduced
CAG194408310,99,5,0,0,RAC01,CVB,CAG,0,1,cowaj101,smitj112,8,4,R,L,?,?,??,,,1,1,0,0,0,0,0,0,0,0,0,0,0,0,1,0,1,1,0,0,0,0,0,0,0,0,0,0,0,0,0,0,0,0,0,0,0,0,0,0,0,0,0,0,0,0,0,0,0,0,0,2,3,bibbr101,,,,,,bibbr101,,,smitj112,,,,,,,,,,,,,,0,0,0,0,0,0,0,0,0,0,0,0,crutj101,kingw102,davel102,jeths101,armob101,warea101,bibbr101,cowaj101,jeffw101,9,6,8,2,7,3,5,4,1,barnh102,jacks105,dougj102,nelsc102,wellw102,bissj101,minog101,rogen101,1,0,0,0,0,0,0,0,0,0,0,0,0,0,0,0,0,0,0,0,0,0,0,0,0,0,0,0,,,0,0,33,poolu901,remou901,,,,,19440831,regular,deduced
CAG194408310,99,5,1,1,RAC01,CAG,CVB,0,1,barnh102,jeffw101,6,2,R,R,?,?,??,,,1,1,0,0,0,0,0,0,0,0,0,0,0,0,1,0,1,1,0,0,0,0,0,0,0,0,0,0,0,0,0,0,0,0,0,0,0,0,0,0,0,0,0,0,0,0,0,0,0,0,0,0,1,,,,,,,,,,,,,,,,,,,,,,,,0,0,0,0,0,0,0,0,0,0,0,0,minog101,dougj102,bissj101,nelsc102,jacks105,barnh102,rogen101,wellw102,smitj112,8,4,7,5,3,2,9,6,1,jeths101,warea101,cowaj101,bibbr101,kingw102,armob101,davel102,crutj101,1,0,0,0,0,0,0,0,0,0,0,0,0,0,0,0,0,0,0,0,0,0,0,0,0,0,0,0,,,0,0,34,poolu901,remou901,,,,,19440831,regular,deduced
CAG194408310,S,5,1,1,RAC01,CAG,CVB,0,1,rogen101,jeffw101,7,9,L,R,?,?,??,,,1,1,1,0,0,0,0,0,0,0,0,0,0,0,0,0,0,1,0,0,0,0,0,0,0,0,0,0,0,0,0,0,0,0,0,0,0,0,0,0,0,0,0,0,0,0,0,0,0,0,0,1,1,,,,rogen101,,,,,,,,,jeffw101,,,,,,,,,,,0,0,0,0,0,0,0,0,0,0,0,0,minog101,dougj102,bissj101,nelsc102,jacks105,barnh102,rogen101,wellw102,smitj112,8,4,7,5,3,2,9,6,1,jeths101,warea101,cowaj101,bibbr101,kingw102,armob101,davel102,crutj101,0,0,0,0,0,0,0,0,0,0,0,0,0,0,0,0,0,0,0,,0,0,0,0,0,0,0,0,,,0,0,35,poolu901,remou901,,,,,19440831,regular,deduced
CAG194408310,99,5,1,1,RAC01,CAG,CVB,0,1,wellw102,jeffw101,8,6,R,R,?,?,??,,,1,1,0,0,0,0,0,0,0,0,0,0,0,0,1,0,1,1,0,0,0,0,0,0,0,0,0,0,0,0,0,0,0,0,0,0,0,0,0,0,0,0,0,0,0,0,0,0,0,0,0,1,2,rogen101,,,rogen101,,,,,,jeffw101,,,jeffw101,,,,,,,,,,,0,0,0,0,0,0,0,0,0,0,0,0,minog101,dougj102,bissj101,nelsc102,jacks105,barnh102,rogen101,wellw102,smitj112,8,4,7,5,3,2,9,6,1,jeths101,warea101,cowaj101,bibbr101,kingw102,armob101,davel102,crutj101,1,0,0,0,0,0,0,0,0,0,0,0,0,0,0,0,0,0,0,0,0,0,0,0,0,0,0,0,,,0,0,36,poolu901,remou901,,,,,19440831,regular,deduced
CAG194408310,S.1-2,5,1,1,RAC01,CAG,CVB,0,1,smitj112,jeffw101,9,1,L,R,?,?,??,,,1,1,1,0,0,0,0,0,0,0,0,0,0,0,0,0,0,1,0,0,0,0,0,0,0,0,0,0,0,0,0,0,0,0,0,0,0,0,0,0,0,0,0,0,0,0,0,0,0,0,0,2,2,rogen101,,,smitj112,rogen101,,,,,jeffw101,,,jeffw101,jeffw101,,,,,,,,,,0,0,0,0,0,0,0,0,0,0,0,0,minog101,dougj102,bissj101,nelsc102,jacks105,barnh102,rogen101,wellw102,smitj112,8,4,7,5,3,2,9,6,1,jeths101,warea101,cowaj101,bibbr101,kingw102,armob101,davel102,crutj101,0,0,0,0,0,0,0,0,0,0,0,0,0,0,0,0,0,0,0,,0,0,0,0,0,0,0,0,,,0,0,37,poolu901,remou901,,,,,19440831,regular,deduced
CAG194408310,99,5,1,1,RAC01,CAG,CVB,0,1,minog101,jeffw101,1,8,?,R,?,?,??,,,1,1,0,0,0,0,0,0,0,0,0,0,0,0,1,0,1,1,0,0,0,0,0,0,0,0,0,0,0,0,0,0,0,0,0,0,0,0,0,0,0,0,0,0,0,0,0,0,0,0,0,2,3,smitj112,rogen101,,,,,rogen101,smitj112,,jeffw101,jeffw101,,,,,,,,,,,,,0,0,0,0,0,0,0,0,0,0,0,0,minog101,dougj102,bissj101,nelsc102,jacks105,barnh102,rogen101,wellw102,smitj112,8,4,7,5,3,2,9,6,1,jeths101,warea101,cowaj101,bibbr101,kingw102,armob101,davel102,crutj101,1,0,0,0,0,0,0,0,0,0,0,0,0,0,0,0,0,0,0,0,0,0,0,0,0,0,0,0,,,0,0,38,poolu901,remou901,,,,,19440831,regular,deduced
CAG194408310,99,6,0,0,RAC01,CVB,CAG,0,1,jeffw101,smitj112,9,1,R,L,?,?,??,,,1,1,0,0,0,0,0,0,0,0,0,0,0,0,1,0,1,1,0,0,0,0,0,0,0,0,0,0,0,0,0,0,0,0,0,0,0,0,0,0,0,0,0,0,0,0,0,0,0,0,0,0,1,,,,,,,,,,,,,,,,,,,,,,,,0,0,0,0,0,0,0,0,0,0,0,0,crutj101,kingw102,davel102,jeths101,armob101,warea101,bibbr101,cowaj101,jeffw101,9,6,8,2,7,3,5,4,1,barnh102,jacks105,dougj102,nelsc102,wellw102,bissj101,minog101,rogen101,1,0,0,0,0,0,0,0,0,0,0,0,0,0,0,0,0,0,0,0,0,0,0,0,0,0,0,0,,,0,0,39,poolu901,remou901,,,,,19440831,regular,deduced
CAG194408310,99,6,0,0,RAC01,CVB,CAG,0,1,crutj101,smitj112,1,9,L,L,?,?,??,,,1,1,0,0,0,0,0,0,0,0,0,0,0,0,1,0,1,1,0,0,0,0,0,0,0,0,0,0,0,0,0,0,0,0,0,0,0,0,0,0,0,0,0,0,0,0,0,0,0,0,0,1,2,,,,,,,,,,,,,,,,,,,,,,,,0,0,0,0,0,0,0,0,0,0,0,0,crutj101,kingw102,davel102,jeths101,armob101,warea101,bibbr101,cowaj101,jeffw101,9,6,8,2,7,3,5,4,1,barnh102,jacks105,dougj102,nelsc102,wellw102,bissj101,minog101,rogen101,1,0,0,0,0,0,0,0,0,0,0,0,0,0,0,0,0,0,0,0,0,0,0,0,0,0,0,0,,,0,0,40,poolu901,remou901,,,,,19440831,regular,deduced
CAG194408310,E4#,6,0,0,RAC01,CVB,CAG,0,1,kingw102,smitj112,2,6,?,L,?,?,??,,,1,1,0,0,0,0,0,0,0,0,0,0,1,0,0,0,0,1,0,1,0,0,0,0,0,0,0,0,0,0,0,0,0,0,0,0,0,0,0,0,0,0,0,0,0,1,0,0,0,0,0,2,2,,,,kingw102,,,,,,,,,smitj112,,,,,,,,,,,0,0,0,0,0,0,0,0,0,0,0,0,crutj101,kingw102,davel102,jeths101,armob101,warea101,bibbr101,cowaj101,jeffw101,9,6,8,2,7,3,5,4,1,barnh102,jacks105,dougj102,nelsc102,wellw102,bissj101,minog101,rogen101,0,0,0,0,0,0,0,0,0,0,0,0,0,0,0,0,0,0,0,,0,0,0,0,0,0,0,4,4+,G,0,0,41,poolu901,remou901,,,,,19440831,regular,deduced
CAG194408310,SB2,6,0,0,RAC01,CVB,CAG,0,1,davel102,smitj112,3,8,L,L,?,?,??,,,0,0,0,0,0,0,0,0,0,0,0,0,0,0,0,0,0,0,0,0,0,0,0,0,0,0,0,0,0,0,0,0,1,0,0,0,0,0,0,0,0,0,0,0,0,0,0,0,0,0,0,2,2,kingw102,,,,kingw102,,,,,smitj112,,,,smitj112,,,,,,,,,,0,0,0,0,0,0,0,0,0,0,0,0,crutj101,kingw102,davel102,jeths101,armob101,warea101,bibbr101,cowaj101,jeffw101,9,6,8,2,7,3,5,4,1,barnh102,jacks105,dougj102,nelsc102,wellw102,bissj101,minog101,rogen101,0,0,0,0,0,0,0,0,0,0,0,0,0,0,0,0,0,0,0,,0,0,0,0,0,0,0,0,,,0,0,42,poolu901,remou901,,,,,19440831,regular,deduced
CAG194408310,99,6,0,0,RAC01,CVB,CAG,0,1,davel102,smitj112,3,8,L,L,?,?,??,,,1,1,0,0,0,0,0,0,0,0,0,0,0,0,1,0,1,1,0,0,0,0,0,0,0,0,0,0,0,0,0,0,0,0,0,0,0,0,0,0,0,0,0,0,0,0,0,0,0,0,0,2,3,,kingw102,,,,,kingw102,,,,smitj112,,,,,,,,,,,,,0,0,0,0,0,0,0,0,0,0,0,0,crutj101,kingw102,davel102,jeths101,armob101,warea101,bibbr101,cowaj101,jeffw101,9,6,8,2,7,3,5,4,1,barnh102,jacks105,dougj102,nelsc102,wellw102,bissj101,minog101,rogen101,1,0,0,0,0,0,0,0,0,0,0,0,0,0,0,0,0,0,0,0,0,0,0,0,0,0,0,0,,,0,0,43,poolu901,remou901,,,,,19440831,regular,deduced
CAG194408310,S,6,1,1,RAC01,CAG,CVB,0,1,dougj102,jeffw101,2,4,L,R,?,?,??,,,1,1,1,0,0,0,0,0,0,0,0,0,0,0,0,0,0,1,0,0,0,0,0,0,0,0,0,0,0,0,0,0,0,0,0,0,0,0,0,0,0,0,0,0,0,0,0,0,0,0,0,0,0,,,,dougj102,,,,,,,,,jeffw101,,,,,,,,,,,0,0,0,0,0,0,0,0,0,0,0,0,minog101,dougj102,bissj101,nelsc102,jacks105,barnh102,rogen101,wellw102,smitj112,8,4,7,5,3,2,9,6,1,jeths101,warea101,cowaj101,bibbr101,kingw102,armob101,davel102,crutj101,0,0,0,0,0,0,0,0,0,0,0,0,0,0,0,0,0,0,0,,0,0,0,0,0,0,0,0,,,0,0,44,poolu901,remou901,,,,,19440831,regular,deduced
CAG194408310,CS2(24),6,1,1,RAC01,CAG,CVB,0,1,bissj101,jeffw101,3,7,R,R,?,?,??,,,0,0,0,0,0,0,0,0,0,0,0,0,0,0,0,0,0,0,0,0,0,0,0,0,0,0,0,0,0,0,0,0,0,0,0,1,0,0,0,0,0,0,0,0,0,0,0,0,0,0,0,0,1,dougj102,,,,,,,,,jeffw101,,,,,,,,,,,,,,0,0,0,0,0,0,0,0,0,0,0,0,minog101,dougj102,bissj101,nelsc102,jacks105,barnh102,rogen101,wellw102,smitj112,8,4,7,5,3,2,9,6,1,jeths101,warea101,cowaj101,bibbr101,kingw102,armob101,davel102,crutj101,0,0,0,0,1,0,0,0,0,0,0,1,0,0,0,0,0,0,0,24,0,0,0,0,0,0,0,0,,,0,0,45,poolu901,remou901,,,,,19440831,regular,deduced
CAG194408310,K/C,6,1,1,RAC01,CAG,CVB,0,1,bissj101,jeffw101,3,7,R,R,?,?,??,,,1,1,0,0,0,0,0,0,0,0,1,0,0,0,0,0,0,0,0,0,0,0,0,0,0,0,0,0,0,0,0,0,0,0,0,0,0,0,0,0,0,0,0,0,0,0,0,0,0,0,0,1,2,,,,,,,,,,,,,,,,,,,,,,,,0,0,0,0,0,0,0,0,0,0,0,0,minog101,dougj102,bissj101,nelsc102,jacks105,barnh102,rogen101,wellw102,smitj112,8,4,7,5,3,2,9,6,1,jeths101,warea101,cowaj101,bibbr101,kingw102,armob101,davel102,crutj101,0,0,1,0,0,0,0,0,0,0,0,0,0,0,0,0,0,0,0,2,0,0,0,0,0,0,0,0,,,0,0,46,poolu901,remou901,,,,,19440831,regular,deduced
CAG194408310,D9,6,1,1,RAC01,CAG,CVB,0,1,nelsc102,jeffw101,4,5,R,R,?,?,??,,,1,1,0,1,0,0,0,0,0,0,0,0,0,0,0,0,0,1,0,0,0,0,0,0,0,0,0,0,0,0,0,0,0,0,0,0,0,0,0,0,0,0,0,0,0,0,0,0,0,0,0,2,2,,,,,nelsc102,,,,,,,,,jeffw101,,,,,,,,,,0,0,0,0,0,0,0,0,0,0,0,0,minog101,dougj102,bissj101,nelsc102,jacks105,barnh102,rogen101,wellw102,smitj112,8,4,7,5,3,2,9,6,1,jeths101,warea101,cowaj101,bibbr101,kingw102,armob101,davel102,crutj101,0,0,0,0,0,0,0,0,0,0,0,0,0,0,0,0,0,0,0,,0,0,0,0,0,0,0,9,9+,,0,0,47,poolu901,remou901,,,,,19440831,regular,deduced
CAG194408310,D.2-H,6,1,1,RAC01,CAG,CVB,0,1,jacks105,jeffw101,5,3,?,R,?,?,??,,,1,1,0,1,0,0,0,0,0,0,0,0,0,0,0,0,0,1,0,0,0,0,0,0,0,0,0,0,0,0,0,0,0,0,0,0,0,0,0,0,0,0,0,0,0,0,0,0,0,0,0,2,2,,nelsc102,,,jacks105,,,,,,jeffw101,,,jeffw101,,,,nelsc102,,,,jeffw101,,0,0,0,0,0,0,1,0,1,1,1,0,minog101,dougj102,bissj101,nelsc102,jacks105,barnh102,rogen101,wellw102,smitj112,8,4,7,5,3,2,9,6,1,jeths101,warea101,cowaj101,bibbr101,kingw102,armob101,davel102,crutj101,0,0,0,0,0,0,0,0,0,0,0,0,0,0,0,0,0,0,0,,0,0,0,0,0,0,0,0,,,0,0,48,poolu901,remou901,,,,,19440831,regular,deduced
CAG194408310,63,6,1,1,RAC01,CAG,CVB,0,2,barnh102,jeffw101,6,2,R,R,?,?,??,,,1,1,0,0,0,0,0,0,0,0,0,0,0,0,1,0,1,1,0,1,0,0,0,0,0,0,0,0,0,0,0,0,0,0,0,0,0,0,0,0,0,0,0,0,0,0,0,0,0,0,0,2,3,,jacks105,,,,,jacks105,,,,jeffw101,,,,,,,,,,,,,0,0,0,0,0,0,0,0,0,0,0,0,minog101,dougj102,bissj101,nelsc102,jacks105,barnh102,rogen101,wellw102,smitj112,8,4,7,5,3,2,9,6,1,jeths101,warea101,cowaj101,bibbr101,kingw102,armob101,davel102,crutj101,0,0,0,1,0,0,0,0,0,0,0,0,0,0,0,1,0,0,0,63,6,0,0,0,0,0,0,6,3+,G,0,0,49,poolu901,remou901,,,,,19440831,regular,deduced
CAG194408310,99,7,0,0,RAC01,CVB,CAG,0,2,jeths101,smitj112,4,2,B,L,?,?,??,,,1,1,0,0,0,0,0,0,0,0,0,0,0,0,1,0,1,1,0,0,0,0,0,0,0,0,0,0,0,0,0,0,0,0,0,0,0,0,0,0,0,0,0,0,0,0,0,0,0,0,0,0,1,,,,,,,,,,,,,,,,,,,,,,,,0,0,0,0,0,0,0,0,0,0,0,0,crutj101,kingw102,davel102,jeths101,armob101,warea101,bibbr101,cowaj101,jeffw101,9,6,8,2,7,3,5,4,1,barnh102,jacks105,dougj102,nelsc102,wellw102,bissj101,minog101,rogen101,1,0,0,0,0,0,0,0,0,0,0,0,0,0,0,0,0,0,0,0,0,0,0,0,0,0,0,0,,,0,0,50,poolu901,remou901,,,,,19440831,regular,deduced
CAG194408310,99,7,0,0,RAC01,CVB,CAG,0,2,armob101,smitj112,5,7,L,L,?,?,??,,,1,1,0,0,0,0,0,0,0,0,0,0,0,0,1,0,1,1,0,0,0,0,0,0,0,0,0,0,0,0,0,0,0,0,0,0,0,0,0,0,0,0,0,0,0,0,0,0,0,0,0,1,2,,,,,,,,,,,,,,,,,,,,,,,,0,0,0,0,0,0,0,0,0,0,0,0,crutj101,kingw102,davel102,jeths101,armob101,warea101,bibbr101,cowaj101,jeffw101,9,6,8,2,7,3,5,4,1,barnh102,jacks105,dougj102,nelsc102,wellw102,bissj101,minog101,rogen101,1,0,0,0,0,0,0,0,0,0,0,0,0,0,0,0,0,0,0,0,0,0,0,0,0,0,0,0,,,0,0,51,poolu901,remou901,,,,,19440831,regular,deduced
CAG194408310,99,7,0,0,RAC01,CVB,CAG,0,2,warea101,smitj112,6,3,L,L,?,?,??,,,1,1,0,0,0,0,0,0,0,0,0,0,0,0,1,0,1,1,0,0,0,0,0,0,0,0,0,0,0,0,0,0,0,0,0,0,0,0,0,0,0,0,0,0,0,0,0,0,0,0,0,2,3,,,,,,,,,,,,,,,,,,,,,,,,0,0,0,0,0,0,0,0,0,0,0,0,crutj101,kingw102,davel102,jeths101,armob101,warea101,bibbr101,cowaj101,jeffw101,9,6,8,2,7,3,5,4,1,barnh102,jacks105,dougj102,nelsc102,wellw102,bissj101,minog101,rogen101,1,0,0,0,0,0,0,0,0,0,0,0,0,0,0,0,0,0,0,0,0,0,0,0,0,0,0,0,,,0,0,52,poolu901,remou901,,,,,19440831,regular,deduced
CAG194408310,E5#,7,1,1,RAC01,CAG,CVB,0,2,rogen101,jeffw101,7,9,L,R,?,?,??,,,1,1,0,0,0,0,0,0,0,0,0,0,1,0,0,0,0,1,0,1,0,0,0,0,0,0,0,0,0,0,0,0,0,0,0,0,0,0,0,0,0,0,0,0,0,0,1,0,0,0,0,0,0,,,,rogen101,,,,,,,,,jeffw101,,,,,,,,,,,0,0,0,0,0,0,0,0,0,0,0,0,minog101,dougj102,bissj101,nelsc102,jacks105,barnh102,rogen101,wellw102,smitj112,8,4,7,5,3,2,9,6,1,jeths101,warea101,cowaj101,bibbr101,kingw102,armob101,davel102,crutj101,0,0,0,0,0,0,0,0,0,0,0,0,0,0,0,0,0,0,0,,0,0,0,0,0,0,0,5,5+,G,0,0,53,poolu901,remou901,,,,,19440831,regular,deduced
CAG194408310,FC.1-2#,7,1,1,RAC01,CAG,CVB,0,2,wellw102,jeffw101,8,6,R,R,?,?,??,,,1,1,0,0,0,0,0,0,0,0,0,0,0,1,0,0,0,1,0,1,0,0,0,0,0,0,0,0,0,0,0,0,0,0,0,0,0,0,0,0,0,0,0,0,0,0,0,0,0,0,0,0,0,rogen101,,,wellw102,rogen101,,,,,jeffw101,,,jeffw101,jeffw101,,,,,,,,,,0,0,0,0,0,0,0,0,0,0,0,0,minog101,dougj102,bissj101,nelsc102,jacks105,barnh102,rogen101,wellw102,smitj112,8,4,7,5,3,2,9,6,1,jeths101,warea101,cowaj101,bibbr101,kingw102,armob101,davel102,crutj101,0,0,0,0,0,0,0,0,0,0,0,0,0,0,0,0,0,0,0,,0,0,0,0,0,0,0,0,,G,1,0,54,poolu901,remou901,,,,,19440831,regular,deduced
CAG194408310,99,7,1,1,RAC01,CAG,CVB,0,2,smitj112,jeffw101,9,1,L,R,?,?,??,,,1,1,0,0,0,0,0,0,0,0,0,0,0,0,1,0,1,1,0,0,0,0,0,0,0,0,0,0,0,0,0,0,0,0,0,0,0,0,0,0,0,0,0,0,0,0,0,0,0,0,0,0,1,wellw102,rogen101,,wellw102,rogen101,,,,,jeffw101,jeffw101,,jeffw101,jeffw101,,,,,,,,,,0,0,0,0,0,0,0,0,0,0,0,0,minog101,dougj102,bissj101,nelsc102,jacks105,barnh102,rogen101,wellw102,smitj112,8,4,7,5,3,2,9,6,1,jeths101,warea101,cowaj101,bibbr101,kingw102,armob101,davel102,crutj101,1,0,0,0,0,0,0,0,0,0,0,0,0,0,0,0,0,0,0,0,0,0,0,0,0,0,0,0,,,0,0,55,poolu901,remou901,,,,,19440831,regular,deduced
CAG194408310,99,7,1,1,RAC01,CAG,CVB,0,2,minog101,jeffw101,1,8,?,R,?,?,??,,,1,1,0,0,0,0,0,0,0,0,0,0,0,0,1,0,1,1,0,0,0,0,0,0,0,0,0,0,0,0,0,0,0,0,0,0,0,0,0,0,0,0,0,0,0,0,0,0,0,0,0,1,2,wellw102,rogen101,,wellw102,rogen101,,,,,jeffw101,jeffw101,,jeffw101,jeffw101,,,,,,,,,,0,0,0,0,0,0,0,0,0,0,0,0,minog101,dougj102,bissj101,nelsc102,jacks105,barnh102,rogen101,wellw102,smitj112,8,4,7,5,3,2,9,6,1,jeths101,warea101,cowaj101,bibbr101,kingw102,armob101,davel102,crutj101,1,0,0,0,0,0,0,0,0,0,0,0,0,0,0,0,0,0,0,0,0,0,0,0,0,0,0,0,,,0,0,56,poolu901,remou901,,,,,19440831,regular,deduced
CAG194408310,99,7,1,1,RAC01,CAG,CVB,0,2,dougj102,jeffw101,2,4,L,R,?,?,??,,,1,1,0,0,0,0,0,0,0,0,0,0,0,0,1,0,1,1,0,0,0,0,0,0,0,0,0,0,0,0,0,0,0,0,0,0,0,0,0,0,0,0,0,0,0,0,0,0,0,0,0,2,3,wellw102,rogen101,,,,,rogen101,wellw102,,jeffw101,jeffw101,,,,,,,,,,,,,0,0,0,0,0,0,0,0,0,0,0,0,minog101,dougj102,bissj101,nelsc102,jacks105,barnh102,rogen101,wellw102,smitj112,8,4,7,5,3,2,9,6,1,jeths101,warea101,cowaj101,bibbr101,kingw102,armob101,davel102,crutj101,1,0,0,0,0,0,0,0,0,0,0,0,0,0,0,0,0,0,0,0,0,0,0,0,0,0,0,0,,,0,0,57,poolu901,remou901,,,,,19440831,regular,deduced
CAG194408310,99,8,0,0,RAC01,CVB,CAG,0,2,bibbr101,smitj112,7,5,B,L,?,?,??,,,1,1,0,0,0,0,0,0,0,0,0,0,0,0,1,0,1,1,0,0,0,0,0,0,0,0,0,0,0,0,0,0,0,0,0,0,0,0,0,0,0,0,0,0,0,0,0,0,0,0,0,0,1,,,,,,,,,,,,,,,,,,,,,,,,0,0,0,0,0,0,0,0,0,0,0,0,crutj101,kingw102,davel102,jeths101,armob101,warea101,bibbr101,cowaj101,jeffw101,9,6,8,2,7,3,5,4,1,barnh102,jacks105,dougj102,nelsc102,wellw102,bissj101,minog101,rogen101,1,0,0,0,0,0,0,0,0,0,0,0,0,0,0,0,0,0,0,0,0,0,0,0,0,0,0,0,,,0,0,58,poolu901,remou901,,,,,19440831,regular,deduced
CAG194408310,99,8,0,0,RAC01,CVB,CAG,0,2,cowaj101,smitj112,8,4,R,L,?,?,??,,,1,1,0,0,0,0,0,0,0,0,0,0,0,0,1,0,1,1,0,0,0,0,0,0,0,0,0,0,0,0,0,0,0,0,0,0,0,0,0,0,0,0,0,0,0,0,0,0,0,0,0,1,2,,,,,,,,,,,,,,,,,,,,,,,,0,0,0,0,0,0,0,0,0,0,0,0,crutj101,kingw102,davel102,jeths101,armob101,warea101,bibbr101,cowaj101,jeffw101,9,6,8,2,7,3,5,4,1,barnh102,jacks105,dougj102,nelsc102,wellw102,bissj101,minog101,rogen101,1,0,0,0,0,0,0,0,0,0,0,0,0,0,0,0,0,0,0,0,0,0,0,0,0,0,0,0,,,0,0,59,poolu901,remou901,,,,,19440831,regular,deduced
CAG194408310,99,8,0,0,RAC01,CVB,CAG,0,2,jeffw101,smitj112,9,1,R,L,?,?,??,,,1,1,0,0,0,0,0,0,0,0,0,0,0,0,1,0,1,1,0,0,0,0,0,0,0,0,0,0,0,0,0,0,0,0,0,0,0,0,0,0,0,0,0,0,0,0,0,0,0,0,0,2,3,,,,,,,,,,,,,,,,,,,,,,,,0,0,0,0,0,0,0,0,0,0,0,0,crutj101,kingw102,davel102,jeths101,armob101,warea101,bibbr101,cowaj101,jeffw101,9,6,8,2,7,3,5,4,1,barnh102,jacks105,dougj102,nelsc102,wellw102,bissj101,minog101,rogen101,1,0,0,0,0,0,0,0,0,0,0,0,0,0,0,0,0,0,0,0,0,0,0,0,0,0,0,0,,,0,0,60,poolu901,remou901,,,,,19440831,regular,deduced
CAG194408310,99,8,1,1,RAC01,CAG,CVB,0,2,bissj101,jeffw101,3,7,R,R,?,?,??,,,1,1,0,0,0,0,0,0,0,0,0,0,0,0,1,0,1,1,0,0,0,0,0,0,0,0,0,0,0,0,0,0,0,0,0,0,0,0,0,0,0,0,0,0,0,0,0,0,0,0,0,0,1,,,,,,,,,,,,,,,,,,,,,,,,0,0,0,0,0,0,0,0,0,0,0,0,minog101,dougj102,bissj101,nelsc102,jacks105,barnh102,rogen101,wellw102,smitj112,8,4,7,5,3,2,9,6,1,jeths101,warea101,cowaj101,bibbr101,kingw102,armob101,davel102,crutj101,1,0,0,0,0,0,0,0,0,0,0,0,0,0,0,0,0,0,0,0,0,0,0,0,0,0,0,0,,,0,0,61,poolu901,remou901,,,,,19440831,regular,deduced
CAG194408310,99,8,1,1,RAC01,CAG,CVB,0,2,nelsc102,jeffw101,4,5,R,R,?,?,??,,,1,1,0,0,0,0,0,0,0,0,0,0,0,0,1,0,1,1,0,0,0,0,0,0,0,0,0,0,0,0,0,0,0,0,0,0,0,0,0,0,0,0,0,0,0,0,0,0,0,0,0,1,2,,,,,,,,,,,,,,,,,,,,,,,,0,0,0,0,0,0,0,0,0,0,0,0,minog101,dougj102,bissj101,nelsc102,jacks105,barnh102,rogen101,wellw102,smitj112,8,4,7,5,3,2,9,6,1,jeths101,warea101,cowaj101,bibbr101,kingw102,armob101,davel102,crutj101,1,0,0,0,0,0,0,0,0,0,0,0,0,0,0,0,0,0,0,0,0,0,0,0,0,0,0,0,,,0,0,62,poolu901,remou901,,,,,19440831,regular,deduced
CAG194408310,99,8,1,1,RAC01,CAG,CVB,0,2,jacks105,jeffw101,5,3,?,R,?,?,??,,,1,1,0,0,0,0,0,0,0,0,0,0,0,0,1,0,1,1,0,0,0,0,0,0,0,0,0,0,0,0,0,0,0,0,0,0,0,0,0,0,0,0,0,0,0,0,0,0,0,0,0,2,3,,,,,,,,,,,,,,,,,,,,,,,,0,0,0,0,0,0,0,0,0,0,0,0,minog101,dougj102,bissj101,nelsc102,jacks105,barnh102,rogen101,wellw102,smitj112,8,4,7,5,3,2,9,6,1,jeths101,warea101,cowaj101,bibbr101,kingw102,armob101,davel102,crutj101,1,0,0,0,0,0,0,0,0,0,0,0,0,0,0,0,0,0,0,0,0,0,0,0,0,0,0,0,,,0,0,63,poolu901,remou901,,,,,19440831,regular,deduced
CAG194408310,S,9,0,0,RAC01,CVB,CAG,0,2,gracw101,smitj112,1,11,B,L,?,?,??,,,1,1,1,0,0,0,0,0,0,0,0,0,0,0,0,0,0,1,0,0,0,0,0,0,0,0,0,0,0,0,0,0,0,0,0,0,0,0,0,0,0,0,0,0,0,0,0,0,0,0,0,0,0,,,,gracw101,,,,,,,,,smitj112,,,,,,,,,,,0,0,0,0,0,0,0,0,0,0,0,0,gracw101,kingw102,davel102,jeths101,armob101,warea101,bibbr101,cowaj101,jeffw101,11,6,8,2,7,3,5,4,1,barnh102,jacks105,dougj102,nelsc102,wellw102,bissj101,minog101,rogen101,0,0,0,0,0,0,0,0,0,0,0,0,0,0,0,0,0,0,0,,0,0,0,0,0,0,0,0,,,0,0,64,poolu901,remou901,,,,,19440831,regular,deduced
CAG194408310,NP,9,0,0,RAC01,CVB,CAG,0,2,kingw102,smitj112,2,6,?,L,?,?,??,,,0,0,0,0,0,0,0,0,0,0,0,0,0,0,0,0,0,0,0,0,0,0,0,0,0,0,0,0,0,0,0,0,0,0,0,0,0,0,0,0,0,0,0,0,0,0,0,0,0,0,0,0,0,gracw101,,,gracw101,,,,,,smitj112,,,smitj112,,,,,,,,,,,0,0,0,0,0,0,0,0,0,0,0,0,gracw101,kingw102,davel102,jeths101,armob101,warea101,bibbr101,cowaj101,jeffw101,11,6,8,2,7,3,5,4,1,barnh102,jacks105,dougj102,nelsc102,wellw102,bissj101,minog101,rogen101,0,0,0,0,0,0,0,0,0,0,0,0,0,0,0,0,0,0,0,,0,0,0,0,0,0,0,0,,,0,0,65,poolu901,remou901,,,,,19440831,regular,deduced
CAG194408310,HP.1-2,9,0,0,RAC01,CVB,CAG,0,2,kingw102,smitj112,2,6,?,L,?,?,??,,,1,0,0,0,0,0,0,0,1,0,0,0,0,0,0,0,0,0,0,0,0,0,0,0,0,0,0,0,0,0,0,0,0,0,0,0,0,0,0,0,0,0,0,0,0,0,0,0,0,0,0,0,0,browj114,,,kingw102,browj114,,,,,smitj112,,,smitj112,smitj112,,,,,,,,,,0,0,0,0,0,0,0,0,0,0,0,0,browj114,kingw102,davel102,jeths101,armob101,warea101,bibbr101,cowaj101,jeffw101,12,6,8,2,7,3,5,4,1,barnh102,jacks105,dougj102,nelsc102,wellw102,bissj101,minog101,rogen101,0,0,0,0,0,0,0,0,0,0,0,0,0,0,0,0,0,0,0,,0,0,0,0,0,0,0,0,,,0,0,66,poolu901,remou901,,,,,19440831,regular,deduced
CAG194408310,2/FL,9,0,0,RAC01,CVB,CAG,0,2,davel102,smitj112,3,8,L,L,?,?,??,,,1,1,0,0,0,0,0,0,0,0,0,0,0,0,1,0,1,1,0,0,1,0,0,0,0,0,0,0,0,0,0,0,0,0,0,0,0,0,0,0,0,0,0,0,0,0,0,0,0,0,0,0,1,kingw102,browj114,,kingw102,browj114,,,,,smitj112,smitj112,,smitj112,smitj112,,,,,,,,,,0,0,0,0,0,0,0,0,0,0,0,0,browj114,kingw102,davel102,jeths101,armob101,warea101,bibbr101,cowaj101,jeffw101,12,6,8,2,7,3,5,4,1,barnh102,jacks105,dougj102,nelsc102,wellw102,bissj101,minog101,rogen101,0,0,1,0,0,0,0,0,0,0,0,0,0,0,0,0,0,0,0,2,2,0,0,0,0,0,0,2,,F,0,0,67,poolu901,remou901,,,,,19440831,regular,deduced
CAG194408310,E1/TH.2-3;1-2,9,0,0,RAC01,CVB,CAG,0,2,jeths101,smitj112,4,2,B,L,?,?,??,,,1,1,0,0,0,0,0,0,0,0,0,0,1,0,0,0,0,1,0,1,0,0,0,0,0,0,0,0,0,0,0,0,0,0,0,0,0,0,0,0,0,0,1,0,0,0,0,0,0,0,0,1,1,kingw102,browj114,,jeths101,kingw102,browj114,,,,smitj112,smitj112,,smitj112,smitj112,smitj112,,,,,,,,,0,0,0,0,0,0,0,0,0,0,0,0,browj114,kingw102,davel102,jeths101,armob101,warea101,bibbr101,cowaj101,jeffw101,12,6,8,2,7,3,5,4,1,barnh102,jacks105,dougj102,nelsc102,wellw102,bissj101,minog101,rogen101,0,0,0,0,0,0,0,0,0,0,0,0,0,0,0,0,0,0,0,,0,0,0,0,0,0,0,1,1+,G,0,0,68,poolu901,remou901,,,,,19440831,regular,deduced
CAG194408310,9/F.3-H(UR);2-3;1-2,9,0,0,RAC01,CVB,CAG,0,2,woodp104,smitj112,5,11,R,L,?,?,??,,,1,1,0,0,0,0,0,0,0,0,0,0,0,0,1,0,1,1,0,0,1,0,0,0,0,0,0,0,0,0,0,0,0,0,0,0,0,0,0,0,0,0,0,0,0,0,0,0,0,0,0,1,2,jeths101,kingw102,browj114,,jeths101,kingw102,,,,smitj112,smitj112,smitj112,,smitj112,smitj112,,,,browj114,,,,smitj112,0,0,0,1,0,0,0,1,1,1,0,0,browj114,kingw102,davel102,jeths101,woodp104,warea101,bibbr101,cowaj101,jeffw101,12,6,8,2,11,3,5,4,1,barnh102,jacks105,dougj102,nelsc102,wellw102,bissj101,minog101,rogen101,0,0,0,0,0,0,0,0,0,1,0,0,0,0,0,0,0,0,0,9,9,0,0,0,0,0,0,9,,F,0,0,69,poolu901,remou901,,,,,19440831,regular,deduced
CAG194408310,8/F,9,0,0,RAC01,CVB,CAG,1,2,warea101,smitj112,6,3,L,L,?,?,??,,,1,1,0,0,0,0,0,0,0,0,0,0,0,0,1,0,1,1,0,0,1,0,0,0,0,0,0,0,0,0,0,0,0,0,0,0,0,0,0,0,0,0,0,0,0,0,0,0,0,0,0,2,3,,jeths101,kingw102,,,,kingw102,jeths101,,,smitj112,smitj112,,,,,,,,,,,,0,0,0,0,0,0,0,0,0,0,0,0,browj114,kingw102,davel102,jeths101,woodp104,warea101,bibbr101,cowaj101,jeffw101,12,6,8,2,11,3,5,4,1,barnh102,jacks105,dougj102,nelsc102,wellw102,bissj101,minog101,rogen101,0,0,0,0,0,0,0,0,1,0,0,0,0,0,0,0,0,0,0,8,8,0,0,0,0,0,0,8,,F,0,0,70,poolu901,remou901,,,,,19440831,regular,deduced
