gid,id,team,p_seq,stattype,p_ipouts,p_noout,p_bfp,p_h,p_d,p_t,p_hr,p_r,p_er,p_w,p_iw,p_k,p_hbp,p_wp,p_bk,p_sh,p_sf,p_sb,p_cs,p_pb,wp,lp,save,p_gs,p_gf,p_cg,date,number,site,vishome,opp,win,loss,tie,gametype,box,pbp
ALM193510250,matll101,PTC,1,value,24,0,36,12,2,1,0,4,4,0,0,3,0,0,0,0,0,0,0,0,,,,1,,,19351025,0,MEX01,v,ALM,0,0,1,exhibition,y,y
ALM193510250,davir103,PTC,2,value,9,0,13,2,0,0,1,2,1,0,0,0,0,0,0,0,0,0,0,0,,,,,1,,19351025,0,MEX01,v,ALM,0,0,1,exhibition,y,y
ALM193510250,white102,ALM,1,value,27,0,43,11,1,1,1,6,4,3,0,2,0,0,0,0,0,1,0,0,,,,1,,,19351025,0,MEX01,h,PTC,0,0,1,exhibition,y,y
ALM193510250,kennv101,ALM,2,value,6,0,9,2,0,0,0,0,0,1,0,1,0,0,0,1,0,0,0,0,,,,,1,,19351025,0,MEX01,h,PTC,0,0,1,exhibition,y,y
ALM193510260,kinch101,PTC,1,value,9,,16,6,,,1,6,,2,,0,0,1,0,0,,,,,,1,,1,,,19351026,0,MEX01,v,ALM,0,1,0,exhibition,y,
ALM193510260,carts102,PTC,2,value,15,,25,10,,,1,5,,0,,1,1,0,0,0,,,,,,,,,1,,19351026,0,MEX01,v,ALM,0,1,0,exhibition,y,
ALM193510260,lyont102,ALM,1,value,27,,32,6,,,0,1,,1,,3,0,0,0,1,,,,,1,,,1,,1,19351026,0,MEX01,h,PTC,1,0,0,exhibition,y,
ALM193510270,huntb106,PTC,1,value,24,0,40,9,1,0,1,7,7,7,0,6,0,2,0,1,0,2,0,0,,1,,1,,1,19351027,0,MEX01,v,ALM,0,1,0,exhibition,y,y
ALM193510270,knotj102,ALM,1,value,27,0,39,9,3,0,0,2,2,5,0,3,0,0,0,1,0,0,0,1,1,,,1,,1,19351027,0,MEX01,h,PTC,1,0,0,exhibition,y,y
