gid,visteam,hometeam,site,date,number,starttime,daynight,innings,tiebreaker,usedh,htbf,timeofgame,attendance,fieldcond,precip,sky,temp,winddir,windspeed,oscorer,forfeit,suspend,umphome,ump1b,ump2b,ump3b,umplf,umprf,wp,lp,save,gametype,vruns,hruns,wteam,lteam,line,batteries,lineups,box,pbp,season
KCM193504220,CAG,KCM,MUS01,19350422,0,,night,9,,FALSE,,,1500,,,,,,,,,,,,,,,,madib101,thomw103,,exhibition,2,4,KCM,CAG,y,both,,,,1935
KCM193504230,CAG,KCM,OKC02,19350423,0,,night,9,,FALSE,,,,,,,,,,,,,,,,,,,cornw101,bevec101,,exhibition,5,2,CAG,KCM,y,both,,,,1935
CAG193504240,KCM,CAG,TUL02,19350424,0,,night,,,false,,0,1000,unknown,unknown,unknown,0,unknown,-1,,,,browu901,vigau901,,,,,kranf101,trent101,brewc102,exhibition,6,4,KCM,CAG,y,both,y,y,d,1935
KCM193504250,CAG,KCM,WIC01,19350425,0,,,,,,,,2500,,,,,,,,,,reynu901,fairu901,,,,,coopa101,fostw101,,exhibition,8,13,KCM,CAG,y,both,y,y,,1935
CAG193504260,KCM,CAG,WIC01,19350426,0,,,,,,,,,,,,,,,,,,fairu901,reynu901,,,,,brewc102,,,exhibition,10,8,KCM,CAG,y,both,y,y,,1935
KCM193504270,CAG,KCM,EMP01,19350427,0,,day,,,false,,0,333,unknown,unknown,unknown,0,unknown,-1,,,,bairu901,ganzu901,,,,,rogab101,mcdol102,coopa101,exhibition,9,11,KCM,CAG,y,both,y,y,d,1935
CAG193505050,NY6,CAG,CHI16,19350505,0,,day,,,false,,120,0,unknown,unknown,unknown,0,unknown,-1,,,,craij901,harrm103,,,,,cornw101,dihim101,trent101,regular,3,4,CAG,NY6,y,both,y,y,d,1935
CAG193505080,NY6,CAG,TOL05,19350508,0,,,9,,FALSE,,,,,,,,,,,,,,,,,,,stann101,trent101,,regular,9,4,NY6,CAG,y,both,,,,1935
CAG193505111,NSH,CAG,CHI16,19350511,1,,day,,,false,,109,0,unknown,unknown,unknown,0,unknown,-1,,,,turnc101,cleap901,,,,,browo104,byrdb101,,regular,1,4,CAG,NSH,y,both,y,y,d,1935
CAG193505112,NSH,CAG,CHI16,19350511,2,,day,7,,false,,0,0,unknown,unknown,unknown,0,unknown,-1,,,,cleap901,turnc101,,,,,trent101,wrigh102,,regular,3,4,CAG,NSH,y,both,y,y,d,1935
PTC193505180,CAG,PTC,PIT09,19350518,0,,day,,,false,,135,0,unknown,unknown,unknown,0,unknown,-1,,,,turnc101,cleap901,,,,,cornw101,davir103,trent101,regular,7,4,CAG,PTC,y,both,y,y,d,1935
PTC193505191,CAG,PTC,PIT09,19350519,1,,day,,,false,,105,0,unknown,unknown,unknown,0,unknown,-1,,,,cleap901,turnc101,,,,,matll101,trent101,,regular,0,1,PTC,CAG,y,both,y,y,d,1935
PTC193505192,CAG,PTC,PIT09,19350519,2,,day,7,,,,115,,,,,,,,,,,cleap901,turnc101,,,,,huntb106,browo104,,regular,7,14,PTC,CAG,y,both,,,,1935
PTC193505200,CAG,PTC,PIT09,19350520,0,,,9,,FALSE,,,,,,,,,,,,,,,,,,,cornw101,bellw101,thomw103,regular,15,7,CAG,PTC,y,both,y,y,,1935
PTC193505210,CAG,PTC,HRB01,19350521,0,,night,,,false,,125,700,unknown,unknown,unknown,0,unknown,-1,,,,fiela901,carpu901,,,,,powem104,carts102,,regular,8,1,CAG,PTC,y,both,y,y,d,1935
PTC193505220,CAG,PTC,YOR01,19350522,0,,night,9,,FALSE,,,600,,,,,,,,,,,,,,,,stres101,browo104,,regular,3,10,PTC,CAG,y,both,y,y,,1935
BRN193505251,CAG,BRN,NYC15,19350525,1,,day,,,false,,120,0,unknown,unknown,unknown,0,unknown,-1,,,,gholb901,crumj101,,,,,fostw101,radct101,,regular,8,2,CAG,BRN,y,both,y,y,d,1935
BRN193505252,CAG,BRN,NYC15,19350525,2,,day,,,false,,0,0,unknown,unknown,unknown,0,unknown,-1,,,,crumj101,gholb901,,,,,trent101,jackw101,,regular,9,5,CAG,BRN,y,both,y,y,d,1935
BRN193505261,CAG,BRN,NYC15,19350526,1,,,,,,,,5000,,,,,,,,,,gholb901,dixou901,,,,,jackw101,trent101,,regular,5,6,BRN,CAG,y,both,y,y,,1935
BRN193505262,CAG,BRN,NYC15,19350526,2,,,7,,,,,5000,,,,,,,,,,crumj101,gholb901,,,,,jackw101,browo104,,regular,4,14,BRN,CAG,y,both,y,y,,1935
HOM193505301,CAG,HOM,PIT09,19350530,1,,,,,,,,,,,,,,,,,,harrm103,gansj101,,,,,browr103,trent101,,regular,5,6,HOM,CAG,y,both,y,y,,1935
HOM193505302,CAG,HOM,PIT09,19350530,2,,,,,,,,,,,,,,,,,,harrm103,gansj101,,,,,,,,regular,4,4,,,y,both,,,,1935
CAG193506010,HOM,CAG,CHI09,19350601,0,,day,,,false,,0,0,unknown,unknown,unknown,0,unknown,-1,,,,,,,,,,gisew101,cornw101,,regular,5,4,HOM,CAG,y,both,y,y,d,1935
CAG193506021,HOM,CAG,CHI09,19350602,1,,day,,,,,,,,,,,,,,,,gansj101,harrm103,,,,,browr103,browo104,,regular,8,2,HOM,CAG,y,both,y,y,,1935
CAG193506022,HOM,CAG,CHI09,19350602,2,,day,7,,,,,,,,,,,,,,,harrm103,gansj101,,,,,trent101,parkt101,,regular,4,7,CAG,HOM,y,both,y,y,,1935
CAG193506030,HOM,CAG,CHI09,19350603,0,,night,,,false,,0,0,unknown,unknown,unknown,0,unknown,-1,,,,,,,,,,fostw101,gisew101,,regular,0,6,CAG,HOM,y,both,y,y,d,1935
CAG193506080,PH5,CAG,CHI09,19350608,0,,,,,,,,,,,,,,,,,,,,,,,,thomw103,ellir105,,regular,4,10,CAG,PH5,y,both,y,y,,1935
CAG193506091,PH5,CAG,CHI09,19350609,1,,day,,,false,,0,0,unknown,unknown,unknown,0,unknown,-1,,,,,,,,,,mcdow101,trent101,,regular,10,5,PH5,CAG,y,both,y,y,d,1935
CAG193506092,PH5,CAG,CHI09,19350609,2,,,7,,,,,,,,,,,,,,,,,,,,,cartp102,powem104,,regular,11,5,PH5,CAG,y,both,,,,1935
CAG193506100,PH5,CAG,CHI09,19350610,0,,day,,,false,,0,0,unknown,unknown,unknown,0,unknown,-1,,,,harrm103,gansj101,,,,,browo104,holml101,,regular,1,18,CAG,PH5,y,both,y,y,d,1935
NW1193506150,CAG,NW1,IRV01,19350615,0,,day,,,false,,0,0,unknown,unknown,unknown,0,unknown,-1,,,,cornu901,greeu902,,,,,hayeb104,trent101,,regular,3,5,NW1,CAG,y,both,y,y,d,1935
NW1193506161,CAG,NW1,IRV01,19350616,1,,,,,,,,,,,,,,,,,,harrm103,gansj101,,,,,craih101,browo104,evanb105,regular,6,7,NW1,CAG,y,both,y,y,,1935
NW1193506162,CAG,NW1,IRV01,19350616,2,,,7,,,,,,,,,,,,,,,gansj101,harrm103,,,,,thomw103,evanb105,,regular,12,5,CAG,NW1,y,both,y,y,,1935
NW1193506170,CAG,NW1,NBR01,19350617,0,,night,8,,false,,0,0,unknown,unknown,unknown,0,unknown,-1,,,,harrm103,gansj101,,,,,bellw101,powem104,,regular,5,8,NW1,CAG,y,both,y,y,d,1935
PH5193506221,CAG,PH5,PHI17,19350622,1,,day,,,false,,0,0,unknown,unknown,unknown,0,unknown,-1,,,,harrm103,gansj101,,,,,mcdow101,trent101,,regular,1,2,PH5,CAG,y,both,y,y,d,1935
PH5193506222,CAG,PH5,PHI17,19350622,2,,day,7,,,,,,,,,,,,,,,gansj101,harrm103,,,,,holml101,trent101,,regular,11,12,PH5,CAG,y,both,y,y,,1935
PH5193506231,CAG,PH5,PHI16,19350623,1,,day,,,false,,0,0,unknown,unknown,unknown,0,unknown,-1,,,,,,,,,,cornw101,reynj102,,regular,9,4,CAG,PH5,y,both,y,y,d,1935
PH5193506232,CAG,PH5,PHI16,19350623,2,,,7,,,,,,,,,,,,,,,,,,,,,cornw101,jones107,,regular,11,1,CAG,PH5,y,both,y,y,,1935
PH5193506240,CAG,PH5,CHE03,19350624,0,,day,9,,FALSE,,,,,,,,,,,,,,,,,,,holml101,thomw103,,regular,3,6,PH5,CAG,y,both,y,y,,1935
CAG193506290,BRN,CAG,CHI09,19350629,0,,,,,,,,,,,,,,,,,,,,,,,,jackw101,browo104,,regular,6,3,BRN,CAG,y,both,y,y,,1935
CAG193506301,BRN,CAG,CHI09,19350630,1,,day,,,false,,0,0,unknown,unknown,unknown,0,unknown,-1,,,,turnc101,bluev901,,,,,day-l101,thomw103,,regular,2,1,BRN,CAG,y,both,y,y,d,1935
CAG193506302,BRN,CAG,CHI09,19350630,2,,day,7,,false,,0,0,unknown,unknown,unknown,0,unknown,-1,,,,bluev901,turnc101,,,,,powem104,wille104,,regular,4,5,CAG,BRN,y,both,y,y,d,1935
CAG193507010,BRN,CAG,CHI09,19350701,0,,day,,,,,,,,,,,,,,,,,,,,,,staro101,mcdol102,jackw101,regular,5,3,BRN,CAG,y,both,,,,1935
CAG193507060,NW1,CAG,CHI09,19350706,0,,day,9,,FALSE,,,,,,,,,,,,,,,,,,,hayeb104,powem104,,regular,8,2,NW1,CAG,y,both,,,,1935
CAG193507071,NW1,CAG,CHI09,19350707,1,,,,,,,,,,,,,,,,,,,,,,,,trent101,burnw102,,regular,3,4,CAG,NW1,y,both,,,,1935
CAG193507072,NW1,CAG,CHI09,19350707,2,,,7,,,,,,,,,,,,,,,,,,,,,cornw101,craih101,,regular,1,7,CAG,NW1,y,both,,,,1935
CAG193507073,NW1,CAG,MIL03,19350707,3,,night,,,false,,70,1000,unknown,unknown,unknown,0,unknown,-1,,,,younu901,slatu901,,,,,thomw103,bellw101,,exhibition,0,8,CAG,NW1,y,both,y,y,d,1935
CAG193507080,NW1,CAG,CHI09,19350708,0,,day,9,,FALSE,,,,,,,,,,,,,,,,,,,fostw101,evanb105,,regular,2,3,CAG,NW1,y,both,,,,1935
NW1193507110,CAG,NW1,CAR01,19350711,0,,night,9,,FALSE,,,,,,,,,,,,,,,,,,,,,,regular,5,3,CAG,NW1,,,,,,1935
NY6193507130,CAG,NY6,BEL02,19350713,0,,day,,,false,,0,600,unknown,unknown,unknown,0,unknown,-1,,,,,,,,,,blakf101,trent101,,regular,1,2,NY6,CAG,y,both,y,y,d,1935
NY6193507141,CAG,NY6,NYC25,19350714,1,,,,,,,,6000,,,,,,,,,,gansj101,harrm103,,,,,garcc103,thomw103,,regular,5,11,NY6,CAG,y,both,y,y,,1935
NY6193507142,CAG,NY6,NYC25,19350714,2,,,,,,,,6000,,,,,,,,,,harrm103,gansj101,,,,,fostw101,tianl102,,regular,10,5,CAG,NY6,y,both,y,y,,1935
PTC193507190,CAG,PTC,CAR01,19350719,0,,day,,,,,,,,,,,,,,,,,,,,,,thomw103,kinch101,,exhibition,11,4,CAG,PTC,y,both,,,,1935
PTC193507200,CAG,PTC,PIT09,19350720,0,,day,,,,,,,,,,,,,,,,wallg901,turnc101,,,,,stres101,cornw101,,regular,9,12,PTC,CAG,y,both,y,y,,1935
PTC193507211,CAG,PTC,CLE06,19350721,1,,,,,,,,8000,,,,,,,,,,wallg901,turnc101,,,,,davir103,browo104,,regular,2,17,PTC,CAG,y,both,y,y,,1935
PTC193507212,CAG,PTC,CLE06,19350721,2,,,7,,,,,8000,,,,,,,,,,turnc101,wallg901,,,,,matll101,cornw101,,regular,8,12,PTC,CAG,y,both,y,y,,1935
PTC193507220,CAG,PTC,PIT09,19350722,0,,night,,,,,,,,,,,,,,,,,,,,,,thomw103,kinch101,mcdol102,regular,9,7,CAG,PTC,y,both,y,y,,1935
CAG193508030,NY6,CAG,CHI09,19350803,0,,day,,,,,,,,,,,,,,,,harrm103,gansj101,,turnc101,,,taylj108,cornw101,,regular,9,4,NY6,CAG,y,both,y,y,,1935
CAG193508041,NY6,CAG,CHI09,19350804,1,,,,,,,,,,,,,,,,,,gansj101,turnc101,,harrm103,,,dihim101,fostw101,tianl102,regular,8,6,NY6,CAG,y,both,y,y,,1935
CAG193508042,NY6,CAG,CHI09,19350804,2,,,,,,,,,,,,,,,,,,turnc101,harrm103,,gansj101,,,thomw103,blakf101,,regular,5,10,CAG,NY6,y,both,,,,1935
CAG193508050,NY6,CAG,CHI09,19350805,0,,day,9,,FALSE,,,,,,,,,,,,,,,,,,,dihim101,trent101,,regular,6,1,NY6,CAG,y,both,,,,1935
CAG193508060,NY6,CAG,CHI15,19350806,0,,,6,,FALSE,,,,,,,,,,,,,,,,,,,,,,exhibition,6,6,,,,,,,,1935
CAG193508240,PTC,CAG,CHI09,19350824,0,,,,,,,210,,,,,,,,,,,turnc101,harrm103,,,,,huntb106,fostw101,,regular,11,8,PTC,CAG,y,both,y,y,,1935
CAG193508251,PTC,CAG,CHI09,19350825,1,,,,,,,,,,,,,,,,,,,,,,,,,,,regular,9,10,CAG,PTC,y,both,,,,1935
CAG193508252,PTC,CAG,CHI09,19350825,2,,,,,,,,,,,,,,,,,,,,,,,,matll101,mcdol102,,regular,7,5,PTC,CAG,y,both,,,,1935
CAG193508270,PTC,CAG,MIL03,19350827,0,,night,9,,FALSE,,,,,,,,,,,,,,,,,,,carts102,thomw103,,regular,17,2,PTC,CAG,y,both,y,y,,1935
CAG193508280,PTC,CAG,MIL03,19350828,0,,night,9,,FALSE,,,,,,,,,,,,,,,,,,,stres101,trent101,,regular,8,3,PTC,CAG,y,both,y,y,,1935
KCM193509020,CAG,KCM,KAN05,19350902,0,,day,,,,,,1500,,,,,,,,,,,,,,,,fostw101,bevec101,,exhibition,7,3,CAG,KCM,y,both,y,y,,1935
HOM193509130,CAG,HOM,BEC01,19350913,0,,night,9,,FALSE,,,,,,,,,,,,,,,,,,,,,,exhibition,8,15,HOM,CAG,Y,both,,,,1935
