gid,id,team,d_seq,d_pos,stattype,d_ifouts,d_po,d_a,d_e,d_dp,d_tp,d_pb,d_wp,d_sb,d_cs,d_gs,date,number,site,vishome,opp,win,loss,tie,gametype,box,pbp
MLS192810080,brigo101,HIL,1,9,value,27,1,0,0,0,0,,,,,1,19281008,0,MTH01,v,MLS,1,0,0,exhibition,y,
MLS192810080,stepj105,HIL,1,6,value,27,2,6,0,0,0,,,,,1,19281008,0,MTH01,v,MLS,1,0,0,exhibition,y,
MLS192810080,mackb102,HIL,1,3,value,27,10,0,0,0,0,,,,,1,19281008,0,MTH01,v,MLS,1,0,0,exhibition,y,
MLS192810080,charo101,HIL,1,8,value,27,2,0,0,0,0,,,,,1,19281008,0,MTH01,v,MLS,1,0,0,exhibition,y,
MLS192810080,johnj108,HIL,1,5,value,27,1,2,0,0,0,,,,,1,19281008,0,MTH01,v,MLS,1,0,0,exhibition,y,
MLS192810080,dalle101,HIL,1,7,value,27,2,0,0,0,0,,,,,1,19281008,0,MTH01,v,MLS,1,0,0,exhibition,y,
MLS192810080,warff101,HIL,1,4,value,27,4,1,0,0,0,,,,,1,19281008,0,MTH01,v,MLS,1,0,0,exhibition,y,
MLS192810080,lewij103,HIL,1,2,value,27,5,1,0,0,0,0,,,,1,19281008,0,MTH01,v,MLS,1,0,0,exhibition,y,
MLS192810080,cartc101,HIL,1,1,value,27,0,1,0,0,0,,,,,1,19281008,0,MTH01,v,MLS,1,0,0,exhibition,y,
MLS192810080,padge101,MLS,1,6,value,27,2,3,1,0,0,,,,,1,19281008,0,MTH01,h,HIL,0,1,0,exhibition,y,
MLS192810080,weinl101,MLS,1,9,value,27,1,0,0,0,0,,,,,1,19281008,0,MTH01,h,HIL,0,1,0,exhibition,y,
MLS192810080,bushj102,MLS,1,4,value,27,4,4,1,0,0,,,,,1,19281008,0,MTH01,h,HIL,0,1,0,exhibition,y,
MLS192810080,haasm101,MLS,1,8,value,,1,0,0,0,0,,,,,1,19281008,0,MTH01,h,HIL,0,1,0,exhibition,y,
MLS192810080,myere101,MLS,1,8,value,,0,0,0,0,0,,,,,,19281008,0,MTH01,h,HIL,0,1,0,exhibition,y,
MLS192810080,mccae101,MLS,1,3,value,27,12,0,0,0,0,,,,,1,19281008,0,MTH01,h,HIL,0,1,0,exhibition,y,
MLS192810080,leacf101,MLS,1,7,value,,1,0,0,0,0,,,,,1,19281008,0,MTH01,h,HIL,0,1,0,exhibition,y,
MLS192810080,cromn101,MLS,1,7,value,,1,0,1,0,0,,,,,,19281008,0,MTH01,h,HIL,0,1,0,exhibition,y,
MLS192810080,stutg101,MLS,1,5,value,,1,0,0,0,0,,,,,1,19281008,0,MTH01,h,HIL,0,1,0,exhibition,y,
MLS192810080,lucij101,MLS,1,5,value,,1,2,0,0,0,,,,,,19281008,0,MTH01,h,HIL,0,1,0,exhibition,y,
MLS192810080,emerj101,MLS,1,2,value,27,3,0,0,0,0,0,,,,1,19281008,0,MTH01,h,HIL,0,1,0,exhibition,y,
MLS192810080,smits102,MLS,1,1,value,27,0,3,0,0,0,,,,,1,19281008,0,MTH01,h,HIL,0,1,0,exhibition,y,
