gid,team,inn1,inn2,inn3,inn4,inn5,inn6,inn7,inn8,inn9,inn10,inn11,inn12,inn13,inn14,inn15,inn16,inn17,inn18,inn19,inn20,inn21,inn22,inn23,inn24,inn25,inn26,inn27,inn28,lob,mgr,stattype,b_pa,b_ab,b_r,b_h,b_d,b_t,b_hr,b_rbi,b_sh,b_sf,b_hbp,b_w,b_iw,b_k,b_sb,b_cs,b_gdp,b_xi,b_roe,p_ipouts,p_noout,p_bfp,p_h,p_d,p_t,p_hr,p_r,p_er,p_w,p_iw,p_k,p_hbp,p_wp,p_bk,p_sh,p_sf,p_sb,p_cs,p_pb,d_po,d_a,d_e,d_dp,d_tp,d_pb,d_wp,d_sb,d_cs,start_l1,start_l2,start_l3,start_l4,start_l5,start_l6,start_l7,start_l8,start_l9,start_f1,start_f2,start_f3,start_f4,start_f5,start_f6,start_f7,start_f8,start_f9,start_f10,date,number,site,vishome,opp,win,loss,tie,gametype,box,pbp
SSN192707300,CAG,3,0,0,0,0,0,1,0,0,,,,,,,,,,,,,,,,,,,,7,malad101,value,38,33,4,10,1,0,0,,3,,0,2,,3,0,,,0,,24,,33,7,1,0,1,5,,2,,7,0,0,0,1,,0,,0,24,,3,1,0,0,0,0,,malad101,jacks103,davis103,russp102,brayj101,sweag101,willc105,mille107,mcdow101,mcdow101,brayj101,mille107,mille107,malad101,russp102,davis103,jacks103,sweag101,,19270730,0,STL12,v,SSN,0,1,0,regular,y,
SSN192707300,SSN,0,0,5,0,0,0,0,0,,,,,,,,,,,,,,,,,,,,,4,taylj105,value,33,30,5,7,1,0,1,5,1,,0,2,,7,0,,,0,,27,,38,10,1,0,0,4,,2,,3,0,0,0,3,,0,,0,27,,3,2,1,0,0,0,,bellj103,zompc101,bobow101,wellw101,reduw101,cread101,willh104,stepf101,mcdol102,mcdol102,willh104,bobow101,cread101,cread101,wellw101,stepf101,bellj103,reduw101,,19270730,0,STL12,h,CAG,1,0,0,regular,y,
CAG192708140,MEM,0,0,0,0,0,0,0,0,0,,,,,,,,,,,,,,,,,,,,2,weslc101,value,29,26,0,0,0,0,0,0,0,,0,3,,7,0,,,0,,24,,34,9,2,0,0,3,,1,,2,0,0,0,3,,0,,0,24,,6,0,0,0,0,0,,mchaj103,weslc101,davis104,wardp104,rogen101,millb116,robib105,browl107,bellc102,bellc102,browl107,mchaj103,wardp104,robib105,millb116,rogen101,wardp104,davis104,,19270814,0,CHI09,v,CAG,0,1,0,regular,y,
CAG192708140,CAG,0,2,0,0,1,0,0,0,,,,,,,,,,,,,,,,,,,,,7,malad101,value,34,30,3,9,2,0,0,2,3,,0,1,,2,0,,,0,,27,,29,0,0,0,0,0,0,3,,7,0,0,0,0,,0,,0,27,,1,0,0,0,0,0,,jacks103,browj111,davis103,russp102,brayj101,sweag101,malad101,willc105,powew101,powew101,brayj101,browj111,willc105,malad101,russp102,davis103,jacks103,sweag101,,19270814,0,CHI09,h,MEM,1,0,0,regular,y,
BIR192709190,CAG,0,2,3,0,0,0,0,0,,,,,,,,,,,,,,,,,,,,,5,malad101,value,34,33,5,8,1,0,1,4,1,,0,0,,9,4,,,,,24,,33,6,1,0,0,0,0,2,,5,1,0,0,2,,1,,0,24,11,1,0,0,0,0,1,,browj111,malad101,davis103,russp102,sweag101,jacks103,browl107,willc105,fostw101,fostw101,browl107,browj111,willc105,malad101,russp102,davis103,jacks103,sweag101,,19270919,0,BIR01,v,BIR,1,0,0,lcs,y,
BIR192709190,BIR,0,0,0,0,0,0,0,0,,,,,,,,,,,,,,,,,,,,,9,joner104,value,33,28,0,6,1,0,0,0,2,,1,2,,5,1,,,,,24,,34,8,1,0,1,5,4,0,,9,0,0,0,1,,4,,0,24,14,3,0,0,0,0,4,,robib105,mcalg101,parnr102,wardp104,palmc101,thoms104,millb116,owend101,stres101,stres101,palmc101,mcalg101,millb116,robib105,owend101,thoms104,wardp104,parnr102,,19270919,0,BIR01,h,CAG,0,1,0,lcs,y,
BIR192709200,CAG,0,0,0,4,0,0,0,0,6,,,,,,,,,,,,,,,,,,,,7,malad101,value,44,39,10,13,0,1,2,10,2,,0,3,,8,1,,,,,27,,39,10,1,0,0,5,0,3,,5,0,0,0,1,,1,,0,27,9,1,1,0,0,0,1,,browj111,malad101,davis103,rogen101,russp102,jacks103,browl107,willc105,powew101,powew101,browl107,browj111,willc105,malad101,russp102,davis103,jacks103,rogen101,,19270920,0,BIR01,v,BIR,1,0,0,lcs,y,
BIR192709200,BIR,0,2,0,0,0,0,3,0,0,,,,,,,,,,,,,,,,,,,,7,joner104,value,39,35,5,10,1,0,0,5,1,,0,3,,5,1,,,,,27,,44,13,0,1,2,10,0,3,,8,0,0,0,2,,1,,0,27,22,1,0,0,0,0,1,,mcalg101,robib105,parnr102,wardp104,willp103,joner104,millb116,owend101,paigs101,paigs101,willp103,mcalg101,millb116,robib105,owend101,joner104,wardp104,parnr102,,19270920,0,BIR01,h,CAG,0,1,0,lcs,y,
BIR192709210,CAG,0,2,0,1,2,0,0,0,0,,,,,,,,,,,,,,,,,,,,6,malad101,value,38,34,5,8,1,0,1,,2,,0,2,,7,0,,,,,26,,40,14,3,1,1,6,0,2,,4,0,0,0,0,,0,,0,26,12,1,1,0,0,0,0,,browj111,malad101,davis103,rogen101,russp102,jacks103,browl107,willc105,mcdow101,mcdow101,browl107,browj111,willc105,malad101,russp102,davis103,jacks103,rogen101,,19270921,0,BIR01,v,BIR,0,1,0,lcs,y,
BIR192709210,BIR,0,1,2,0,1,1,0,0,1,,,,,,,,,,,,,,,,,,,,8,joner104,value,40,38,6,14,3,1,1,,0,,0,2,,4,0,,,,,27,,38,8,1,0,1,5,0,2,,7,0,0,0,2,,0,,0,27,8,0,0,0,0,0,0,,mcalg101,robib105,parnr102,wardp104,willp103,joner104,millb116,owend101,stres101,stres101,willp103,mcalg101,millb116,robib105,owend101,joner104,wardp104,parnr102,,19270921,0,BIR01,h,CAG,1,0,0,lcs,y,
CAG192709240,BIR,0,0,0,2,0,1,0,1,0,,,,,,,,,,,,,,,,,,,,5,joner104,value,36,34,4,6,1,0,0,3,0,,1,1,,6,1,,,,,24,,35,10,3,1,1,6,0,2,,7,0,0,0,2,,4,0,0,24,10,0,1,0,0,0,4,0,mcalg101,robib105,parnr102,wardp104,willp103,millb116,joner104,owend101,poinr101,poinr101,willp103,mcalg101,millb116,robib105,owend101,parnr102,wardp104,joner104,,19270924,0,CHI09,v,CAG,0,1,0,lcs,y,
CAG192709240,CAG,1,0,1,3,0,0,0,1,,,,,,,,,,,,,,,,,,,,,5,malad101,value,35,31,6,10,3,1,1,5,2,,0,2,,7,4,0,,,,27,,36,6,1,0,0,4,0,1,,6,1,0,0,0,,1,,0,27,14,2,0,0,0,0,1,,browj111,malad101,davis103,rogen101,russp102,sweag101,browl107,willc105,fostw101,fostw101,browl107,browj111,willc105,malad101,russp102,rogen101,sweag101,davis103,,19270924,0,CHI09,h,BIR,1,0,0,lcs,y,
CAG192709250,BIR,0,0,0,0,0,1,0,0,1,,,,,,,,,,,,,,,,,,,,2,joner104,value,31,28,2,4,1,0,0,0,0,,0,3,,1,2,1,,,,24,,34,9,0,1,0,6,0,0,,6,0,0,0,1,,0,0,0,24,10,1,1,0,0,0,0,0,parnr102,mcalg101,palmc101,joner104,millb116,wardp104,robib105,owend101,stres101,stres101,palmc101,mcalg101,millb116,robib105,owend101,parnr102,wardp104,joner104,,19270925,0,CHI09,v,CAG,0,1,0,lcs,y,
CAG192709250,CAG,4,0,0,0,1,0,0,1,,,,,,,,,,,,,,,,,,,,,4,malad101,value,34,33,6,9,0,1,0,5,1,,0,0,,6,0,0,,,,27,,31,4,1,0,0,2,0,3,,1,0,0,0,0,,2,1,0,27,,3,0,0,0,0,2,1,browj111,malad101,davis103,rogen101,russp102,sweag101,browl107,willc105,powew101,powew101,browl107,browj111,willc105,malad101,russp102,rogen101,sweag101,davis103,,19270925,0,CHI09,h,BIR,1,0,0,lcs,y,
CAG192710010,ACY,0,1,0,0,0,0,0,0,1,,,,,,,,,,,,,,,,,,,,13,lundd103,value,42,39,2,13,2,1,0,2,1,0,0,2,0,8,0,1,0,0,1,24,0,36,8,3,0,0,6,5,1,0,6,2,0,0,3,1,0,1,0,24,14,2,0,0,0,0,0,1,reida101,dalle101,whitc103,marco101,lundd103,smitc110,jonew103,turnc101,farrl101,farrl101,jonew103,dalle101,turnc101,marco101,lundd103,reida101,whitc103,smitc110,,19271001,0,CHI09,v,CAG,0,1,0,championship,y,y
CAG192710010,CAG,0,1,3,1,0,0,1,0,,,,,,,,,,,,,,,,,,,,,6,malad101,value,36,29,6,8,3,0,0,6,3,1,2,1,0,6,0,1,0,0,2,27,0,42,13,2,1,0,2,2,2,0,8,0,0,0,1,0,0,1,0,27,12,1,0,0,0,0,0,1,browj111,malad101,davis103,rogen101,russp102,sweag101,browl107,willc105,fostw101,fostw101,browl107,browj111,willc105,malad101,russp102,rogen101,sweag101,davis103,,19271001,0,CHI09,h,ACY,1,0,0,championship,y,y
CAG192710020,ACY,0,0,0,0,0,1,0,0,0,,,,,,,,,,,,,,,,,,,,5,lundd103,value,33,30,1,4,1,0,0,1,0,0,0,3,0,5,0,2,0,0,1,24,0,43,14,2,0,0,11,7,1,0,4,0,0,0,1,0,0,1,1,24,16,4,0,0,1,0,0,1,reida101,dalle101,whitc103,marco101,lundd103,smitc110,turnc101,jonew103,hubbj101,hubbj101,jonew103,dalle101,turnc101,marco101,lundd103,reida101,whitc103,smitc110,,19271002,0,CHI09,v,CAG,0,1,0,championship,y,y
CAG192710020,CAG,3,1,0,0,5,0,2,0,,,,,,,,,,,,,,,,,,,,,8,malad101,value,43,41,11,14,2,0,0,10,1,0,0,1,0,4,0,1,0,0,5,27,0,33,4,1,0,0,1,1,3,0,5,0,0,0,0,0,0,2,0,27,10,1,0,0,0,0,0,2,browj111,malad101,davis103,russp102,sweag101,jacks103,browl107,willc105,powew101,powew101,browl107,browj111,willc105,malad101,russp102,sweag101,jacks103,davis103,,19271002,0,CHI09,h,ACY,1,0,0,championship,y,y
CAG192710030,ACY,0,0,0,0,0,0,0,0,0,,,,,,,,,,,,,,,,,,,,5,lundd103,value,32,31,0,4,2,0,0,0,0,0,0,1,0,8,1,0,0,0,0,24,0,36,10,1,2,0,7,6,2,0,1,0,0,0,1,0,1,0,0,24,12,4,2,0,0,0,1,0,whitc103,dalle101,reida101,farrl101,lundd103,turnc101,marco101,jonew103,hubbj101,hubbj101,jonew103,dalle101,turnc101,marco101,lundd103,reida101,whitc103,farrl101,,19271003,0,CHI09,v,CAG,0,1,0,championship,y,y
CAG192710030,CAG,0,2,3,1,0,0,1,0,,,,,,,,,,,,,,,,,,,,,5,malad101,value,36,33,7,10,1,2,0,6,1,0,0,2,0,1,1,0,1,0,2,27,0,32,4,2,0,0,0,0,1,0,8,0,0,0,0,0,1,0,0,27,12,0,0,0,0,0,1,0,browj111,malad101,davis103,russp102,sweag101,jacks103,browl107,willc105,harng101,harng101,browl107,browj111,willc105,malad101,russp102,sweag101,jacks103,davis103,,19271003,0,CHI09,h,ACY,1,0,0,championship,y,y
CAG192710040,ACY,0,0,1,0,0,0,0,0,0,,,,,,,,,,,,,,,,,,,,6,lundd103,value,34,33,1,6,2,1,0,0,0,0,0,1,0,4,0,1,1,0,3,24,0,43,11,2,0,0,9,4,6,0,1,0,0,0,1,1,1,0,0,24,18,5,0,0,0,0,1,0,whitc103,dalle101,reida101,smitc110,lundd103,marco101,turnc101,jonew103,farrl101,farrl101,jonew103,dalle101,turnc101,marco101,lundd103,reida101,whitc103,smitc110,,19271004,0,CHI09,v,CAG,0,1,0,championship,y,y
CAG192710040,CAG,0,0,0,1,5,0,0,3,,,,,,,,,,,,,,,,,,,,,10,malad101,value,43,35,9,11,2,0,0,5,1,1,0,6,0,1,1,0,0,0,4,27,0,34,6,2,1,0,1,1,1,0,4,0,0,0,0,0,0,1,0,27,11,4,2,0,0,0,0,1,browj111,malad101,davis103,russp102,sweag101,jacks103,browl107,willc105,mcdow101,mcdow101,browl107,browj111,willc105,malad101,russp102,sweag101,jacks103,davis103,,19271004,0,CHI09,h,ACY,1,0,0,championship,y,y
ACY192710080,CAG,0,0,0,1,1,0,0,,,,,,,,,,,,,,,,,,,,,,3,malad101,value,26,20,2,0,0,0,0,0,1,0,0,5,0,3,2,0,1,0,3,18,0,26,5,1,0,0,3,2,3,0,3,0,0,0,2,0,0,0,0,18,10,1,0,0,0,0,0,0,browj111,malad101,davis103,russp102,sweag101,jacks103,browl107,willc105,fostw101,fostw101,browl107,browj111,willc105,malad101,russp102,sweag101,jacks103,davis103,,19271008,0,ACY01,v,ACY,0,1,0,championship,y,y
ACY192710080,ACY,0,3,0,0,0,0,,,,,,,,,,,,,,,,,,,,,,,5,lundd103,value,26,21,3,5,1,0,0,2,2,0,0,3,0,3,0,0,0,0,0,21,0,26,0,0,0,0,2,0,5,0,3,0,0,0,1,0,2,0,0,21,11,4,2,0,0,0,2,0,reida101,marco101,whitc103,lewim101,lundd103,smitc110,jonew103,turnc101,farrl101,farrl101,jonew103,lewim101,turnc101,marco101,lundd103,reida101,whitc103,smitc110,,19271008,0,ACY01,h,CAG,1,0,0,championship,y,y
ACY192710100,CAG,0,0,0,0,0,1,0,0,0,0,,,,,,,,,,,,,,,,,,,5,malad101,value,36,33,1,5,1,0,1,1,1,0,0,2,0,5,0,0,1,0,0,30,0,40,8,0,0,1,1,1,3,0,6,0,0,0,2,0,0,0,1,30,15,2,1,0,1,0,0,0,browj111,malad101,davis103,russp102,sweag101,rogen101,browl107,willc105,powew101,powew101,browl107,browj111,willc105,malad101,russp102,rogen101,sweag101,davis103,,19271010,0,ACY01,v,ACY,0,0,1,championship,y,y
ACY192710100,ACY,0,0,0,1,0,0,0,0,0,0,,,,,,,,,,,,,,,,,,,9,lundd103,value,40,35,1,8,0,0,1,1,2,0,0,3,0,6,0,0,1,0,1,30,0,36,5,1,0,1,1,1,2,0,5,0,0,0,1,0,0,0,0,30,16,0,1,0,0,0,0,0,reida101,marco101,whitc103,lewim101,lundd103,smitc110,jonew103,turnc101,lockh101,lockh101,jonew103,lewim101,turnc101,marco101,lundd103,reida101,whitc103,smitc110,,19271010,0,ACY01,h,CAG,0,0,1,championship,y,y
ACY192710110,CAG,0,0,0,1,0,0,0,0,0,,,,,,,,,,,,,,,,,,,,12,malad101,value,40,32,1,7,0,0,0,1,0,0,2,6,0,4,1,2,0,0,0,24,0,40,11,4,1,0,8,4,5,0,3,0,0,1,0,1,1,0,1,24,11,2,2,0,1,0,1,0,browj111,malad101,davis103,russp102,sweag101,rogen101,browl107,willc105,harng101,harng101,browl107,browj111,willc105,malad101,russp102,rogen101,sweag101,davis103,,19271011,0,ACY01,v,ACY,0,1,0,championship,y,y
ACY192710110,ACY,1,1,0,1,5,0,0,0,,,,,,,,,,,,,,,,,,,,,8,lundd103,value,40,34,8,11,4,1,0,8,0,1,0,5,0,3,1,0,1,0,2,27,0,40,7,0,0,0,1,1,6,0,4,2,0,0,0,0,1,2,1,27,11,1,0,0,1,0,1,2,hubbj101,marco101,lundd103,lewim101,whitc103,jonew103,dalle101,turnc101,farrl101,farrl101,jonew103,lewim101,turnc101,marco101,lundd103,dalle101,whitc103,hubbj101,,19271011,0,ACY01,h,CAG,1,0,0,championship,y,y
ACY192710120,CAG,2,0,0,0,2,0,1,0,0,,,,,,,,,,,,,,,,,,,,5,malad101,value,37,30,5,6,2,1,0,5,2,1,0,4,0,4,1,0,0,0,1,24,0,38,10,2,2,0,6,4,3,0,5,1,0,0,0,1,3,0,1,24,12,3,1,0,1,0,3,0,jacks103,malad101,davis103,russp102,rogen101,browj111,sweag101,willc105,mcdow101,mcdow101,browj111,sweag101,willc105,malad101,russp102,rogen101,jacks103,davis103,,19271012,0,ACY01,v,ACY,0,1,0,championship,y,y
ACY192710120,ACY,0,1,1,0,3,0,0,1,,,,,,,,,,,,,,,,,,,,,8,lundd103,value,38,33,6,10,2,2,0,4,0,1,1,3,0,5,3,0,1,0,1,27,0,37,6,2,1,0,5,5,4,0,4,0,0,0,2,1,1,0,0,27,14,1,0,0,0,0,1,0,dalle101,marco101,lundd103,lewim101,whitc103,farrl101,jonew103,turnc101,hubbj101,hubbj101,jonew103,lewim101,turnc101,marco101,lundd103,dalle101,whitc103,farrl101,,19271012,0,ACY01,h,CAG,1,0,0,championship,y,y
ACY192710130,CAG,3,2,1,1,0,0,0,4,0,,,,,,,,,,,,,,,,,,,,8,malad101,value,44,39,11,14,3,0,3,11,1,0,0,4,0,9,3,0,0,0,1,24,0,39,8,2,0,0,4,4,5,0,2,1,0,0,0,2,0,0,0,24,13,1,0,0,0,0,0,0,browj111,malad101,davis103,rogen101,brayj101,russp102,sweag101,willc105,powew101,powew101,brayj101,browj111,willc105,malad101,russp102,rogen101,sweag101,davis103,,19271013,0,ACY01,v,ACY,1,0,0,championship,y,y
ACY192710130,ACY,0,1,0,0,3,0,0,0,,,,,,,,,,,,,,,,,,,,,11,lundd103,value,39,31,4,8,2,0,0,4,0,2,1,5,0,2,0,0,0,0,2,25,0,44,14,3,0,3,11,9,4,0,9,0,0,0,1,0,3,0,1,25,13,2,0,0,1,0,3,0,hubbj101,marco101,lundd103,lewim101,whitc103,dalle101,jonew103,turnc101,lockh101,lockh101,jonew103,lewim101,turnc101,marco101,lundd103,dalle101,whitc103,hubbj101,,19271013,0,ACY01,h,CAG,0,1,0,championship,y,y
