gid,event,inning,top_bot,vis_home,site,batteam,pitteam,score_v,score_h,batter,pitcher,lp,bat_f,bathand,pithand,balls,strikes,count,pitches,nump,pa,ab,single,double,triple,hr,sh,sf,hbp,walk,k,xi,roe,fc,othout,noout,oth,bip,bunt,ground,fly,line,iw,gdp,othdp,tp,fle,wp,pb,bk,oa,di,sb2,sb3,sbh,cs2,cs3,csh,pko1,pko2,pko3,k_safe,e1,e2,e3,e4,e5,e6,e7,e8,e9,outs_pre,outs_post,br1_pre,br2_pre,br3_pre,br1_post,br2_post,br3_post,lob_id1,lob_id2,lob_id3,pr1_pre,pr2_pre,pr3_pre,pr1_post,pr2_post,pr3_post,run_b,run1,run2,run3,prun_b,prun1,prun2,prun3,ur_b,ur1,ur2,ur3,rbi_b,rbi1,rbi2,rbi3,runs,rbi,er,tur,l1,l2,l3,l4,l5,l6,l7,l8,l9,lf1,lf2,lf3,lf4,lf5,lf6,lf7,lf8,lf9,f2,f3,f4,f5,f6,f7,f8,f9,po0,po1,po2,po3,po4,po5,po6,po7,po8,po9,a1,a2,a3,a4,a5,a6,a7,a8,a9,fseq,batout1,batout2,batout3,brout_b,brout1,brout2,brout3,firstf,loc,hittype,dpopp,pivot,pn,umphome,ump1b,ump2b,ump3b,umplf,umprf,date,gametype,pbp
ASD193510060,99,1,0,0,KAN05,KCM,ASD,0,0,allen102,rybam101,1,4,R,R,?,?,??,,,1,1,0,0,0,0,0,0,0,0,0,0,0,0,1,0,1,1,0,0,0,0,0,0,0,0,0,0,0,0,0,0,0,0,0,0,0,0,0,0,0,0,0,0,0,0,0,0,0,0,0,0,1,,,,,,,,,,,,,,,,,,,,,,,,0,0,0,0,0,0,0,0,0,0,0,0,allen102,dwige101,tayll103,maywe101,rogab101,milth101,trouq101,broww101,paigs101,4,8,9,3,5,7,2,6,1,seebd101,michj102,mould101,clard101,radtj101,bowmj101,deand102,deanp101,1,0,0,0,0,0,0,0,0,0,0,0,0,0,0,0,0,0,0,0,0,0,0,0,0,0,0,0,,,0,0,1,?,,,,,,19351006,exhibition,deduced
ASD193510060,S,1,0,0,KAN05,KCM,ASD,0,0,dwige101,rybam101,2,8,R,R,?,?,??,,,1,1,1,0,0,0,0,0,0,0,0,0,0,0,0,0,0,1,0,0,0,0,0,0,0,0,0,0,0,0,0,0,0,0,0,0,0,0,0,0,0,0,0,0,0,0,0,0,0,0,0,1,1,,,,dwige101,,,,,,,,,rybam101,,,,,,,,,,,0,0,0,0,0,0,0,0,0,0,0,0,allen102,dwige101,tayll103,maywe101,rogab101,milth101,trouq101,broww101,paigs101,4,8,9,3,5,7,2,6,1,seebd101,michj102,mould101,clard101,radtj101,bowmj101,deand102,deanp101,0,0,0,0,0,0,0,0,0,0,0,0,0,0,0,0,0,0,0,,0,0,0,0,0,0,0,0,,,0,0,2,?,,,,,,19351006,exhibition,deduced
ASD193510060,SB2#,1,0,0,KAN05,KCM,ASD,0,0,tayll103,rybam101,3,9,L,R,?,?,??,,,0,0,0,0,0,0,0,0,0,0,0,0,0,0,0,0,0,0,0,0,0,0,0,0,0,0,0,0,0,0,0,0,1,0,0,0,0,0,0,0,0,0,0,0,0,0,0,0,0,0,0,1,1,dwige101,,,,dwige101,,,,,rybam101,,,,rybam101,,,,,,,,,,0,0,0,0,0,0,0,0,0,0,0,0,allen102,dwige101,tayll103,maywe101,rogab101,milth101,trouq101,broww101,paigs101,4,8,9,3,5,7,2,6,1,seebd101,michj102,mould101,clard101,radtj101,bowmj101,deand102,deanp101,0,0,0,0,0,0,0,0,0,0,0,0,0,0,0,0,0,0,0,,0,0,0,0,0,0,0,0,,,0,0,3,?,,,,,,19351006,exhibition,deduced
ASD193510060,99,1,0,0,KAN05,KCM,ASD,0,0,tayll103,rybam101,3,9,L,R,?,?,??,,,1,1,0,0,0,0,0,0,0,0,0,0,0,0,1,0,1,1,0,0,0,0,0,0,0,0,0,0,0,0,0,0,0,0,0,0,0,0,0,0,0,0,0,0,0,0,0,0,0,0,0,1,2,,dwige101,,,dwige101,,,,,,rybam101,,,rybam101,,,,,,,,,,0,0,0,0,0,0,0,0,0,0,0,0,allen102,dwige101,tayll103,maywe101,rogab101,milth101,trouq101,broww101,paigs101,4,8,9,3,5,7,2,6,1,seebd101,michj102,mould101,clard101,radtj101,bowmj101,deand102,deanp101,1,0,0,0,0,0,0,0,0,0,0,0,0,0,0,0,0,0,0,0,0,0,0,0,0,0,0,0,,,0,0,4,?,,,,,,19351006,exhibition,deduced
ASD193510060,99,1,0,0,KAN05,KCM,ASD,0,0,maywe101,rybam101,4,3,L,R,?,?,??,,,1,1,0,0,0,0,0,0,0,0,0,0,0,0,1,0,1,1,0,0,0,0,0,0,0,0,0,0,0,0,0,0,0,0,0,0,0,0,0,0,0,0,0,0,0,0,0,0,0,0,0,2,3,,dwige101,,,,,dwige101,,,,rybam101,,,,,,,,,,,,,0,0,0,0,0,0,0,0,0,0,0,0,allen102,dwige101,tayll103,maywe101,rogab101,milth101,trouq101,broww101,paigs101,4,8,9,3,5,7,2,6,1,seebd101,michj102,mould101,clard101,radtj101,bowmj101,deand102,deanp101,1,0,0,0,0,0,0,0,0,0,0,0,0,0,0,0,0,0,0,0,0,0,0,0,0,0,0,0,,,0,0,5,?,,,,,,19351006,exhibition,deduced
ASD193510060,S#,1,1,1,KAN05,ASD,KCM,0,0,radtj101,paigs101,1,6,B,R,?,?,??,,,1,1,1,0,0,0,0,0,0,0,0,0,0,0,0,0,0,1,0,0,0,0,0,0,0,0,0,0,0,0,0,0,0,0,0,0,0,0,0,0,0,0,0,0,0,0,0,0,0,0,0,0,0,,,,radtj101,,,,,,,,,paigs101,,,,,,,,,,,0,0,0,0,0,0,0,0,0,0,0,0,radtj101,mould101,clard101,seebd101,michj102,deand102,deanp101,bowmj101,rybam101,6,4,5,2,3,8,9,7,1,trouq101,maywe101,allen102,rogab101,broww101,milth101,dwige101,tayll103,0,0,0,0,0,0,0,0,0,0,0,0,0,0,0,0,0,0,0,,0,0,0,0,0,0,0,0,,,0,0,6,?,,,,,,19351006,exhibition,deduced
ASD193510060,W.1-2#,1,1,1,KAN05,ASD,KCM,0,0,mould101,paigs101,2,4,?,R,?,?,??,,,1,0,0,0,0,0,0,0,0,1,0,0,0,0,0,0,0,0,0,0,0,0,0,0,0,0,0,0,0,0,0,0,0,0,0,0,0,0,0,0,0,0,0,0,0,0,0,0,0,0,0,0,0,radtj101,,,mould101,radtj101,,,,,paigs101,,,paigs101,paigs101,,,,,,,,,,0,0,0,0,0,0,0,0,0,0,0,0,radtj101,mould101,clard101,seebd101,michj102,deand102,deanp101,bowmj101,rybam101,6,4,5,2,3,8,9,7,1,trouq101,maywe101,allen102,rogab101,broww101,milth101,dwige101,tayll103,0,0,0,0,0,0,0,0,0,0,0,0,0,0,0,0,0,0,0,,0,0,0,0,0,0,0,0,,,0,0,7,?,,,,,,19351006,exhibition,deduced
ASD193510060,SB3;SB2#,1,1,1,KAN05,ASD,KCM,0,0,clard101,paigs101,3,5,L,R,?,?,??,,,0,0,0,0,0,0,0,0,0,0,0,0,0,0,0,0,0,0,0,0,0,0,0,0,0,0,0,0,0,0,0,0,1,1,0,0,0,0,0,0,0,0,0,0,0,0,0,0,0,0,0,0,0,mould101,radtj101,,,mould101,radtj101,,,,paigs101,paigs101,,,paigs101,paigs101,,,,,,,,,0,0,0,0,0,0,0,0,0,0,0,0,radtj101,mould101,clard101,seebd101,michj102,deand102,deanp101,bowmj101,rybam101,6,4,5,2,3,8,9,7,1,trouq101,maywe101,allen102,rogab101,broww101,milth101,dwige101,tayll103,0,0,0,0,0,0,0,0,0,0,0,0,0,0,0,0,0,0,0,,0,0,0,0,0,0,0,0,,,0,0,8,?,,,,,,19351006,exhibition,deduced
ASD193510060,99,1,1,1,KAN05,ASD,KCM,0,0,clard101,paigs101,3,5,L,R,?,?,??,,,1,1,0,0,0,0,0,0,0,0,0,0,0,0,1,0,1,1,0,0,0,0,0,0,0,0,0,0,0,0,0,0,0,0,0,0,0,0,0,0,0,0,0,0,0,0,0,0,0,0,0,0,1,,mould101,radtj101,,mould101,radtj101,,,,,paigs101,paigs101,,paigs101,paigs101,,,,,,,,,0,0,0,0,0,0,0,0,0,0,0,0,radtj101,mould101,clard101,seebd101,michj102,deand102,deanp101,bowmj101,rybam101,6,4,5,2,3,8,9,7,1,trouq101,maywe101,allen102,rogab101,broww101,milth101,dwige101,tayll103,1,0,0,0,0,0,0,0,0,0,0,0,0,0,0,0,0,0,0,0,0,0,0,0,0,0,0,0,,,0,0,9,?,,,,,,19351006,exhibition,deduced
ASD193510060,99,1,1,1,KAN05,ASD,KCM,0,0,seebd101,paigs101,4,2,?,R,?,?,??,,,1,1,0,0,0,0,0,0,0,0,0,0,0,0,1,0,1,1,0,0,0,0,0,0,0,0,0,0,0,0,0,0,0,0,0,0,0,0,0,0,0,0,0,0,0,0,0,0,0,0,0,1,2,,mould101,radtj101,,mould101,radtj101,,,,,paigs101,paigs101,,paigs101,paigs101,,,,,,,,,0,0,0,0,0,0,0,0,0,0,0,0,radtj101,mould101,clard101,seebd101,michj102,deand102,deanp101,bowmj101,rybam101,6,4,5,2,3,8,9,7,1,trouq101,maywe101,allen102,rogab101,broww101,milth101,dwige101,tayll103,1,0,0,0,0,0,0,0,0,0,0,0,0,0,0,0,0,0,0,0,0,0,0,0,0,0,0,0,,,0,0,10,?,,,,,,19351006,exhibition,deduced
ASD193510060,99,1,1,1,KAN05,ASD,KCM,0,0,michj102,paigs101,5,3,L,R,?,?,??,,,1,1,0,0,0,0,0,0,0,0,0,0,0,0,1,0,1,1,0,0,0,0,0,0,0,0,0,0,0,0,0,0,0,0,0,0,0,0,0,0,0,0,0,0,0,0,0,0,0,0,0,2,3,,mould101,radtj101,,,,radtj101,mould101,,,paigs101,paigs101,,,,,,,,,,,,0,0,0,0,0,0,0,0,0,0,0,0,radtj101,mould101,clard101,seebd101,michj102,deand102,deanp101,bowmj101,rybam101,6,4,5,2,3,8,9,7,1,trouq101,maywe101,allen102,rogab101,broww101,milth101,dwige101,tayll103,1,0,0,0,0,0,0,0,0,0,0,0,0,0,0,0,0,0,0,0,0,0,0,0,0,0,0,0,,,0,0,11,?,,,,,,19351006,exhibition,deduced
ASD193510060,99,2,0,0,KAN05,KCM,ASD,0,0,rogab101,rybam101,5,5,R,R,?,?,??,,,1,1,0,0,0,0,0,0,0,0,0,0,0,0,1,0,1,1,0,0,0,0,0,0,0,0,0,0,0,0,0,0,0,0,0,0,0,0,0,0,0,0,0,0,0,0,0,0,0,0,0,0,1,,,,,,,,,,,,,,,,,,,,,,,,0,0,0,0,0,0,0,0,0,0,0,0,allen102,dwige101,tayll103,maywe101,rogab101,milth101,trouq101,broww101,paigs101,4,8,9,3,5,7,2,6,1,seebd101,michj102,mould101,clard101,radtj101,bowmj101,deand102,deanp101,1,0,0,0,0,0,0,0,0,0,0,0,0,0,0,0,0,0,0,0,0,0,0,0,0,0,0,0,,,0,0,12,?,,,,,,19351006,exhibition,deduced
ASD193510060,D,2,0,0,KAN05,KCM,ASD,0,0,milth101,rybam101,6,7,L,R,?,?,??,,,1,1,0,1,0,0,0,0,0,0,0,0,0,0,0,0,0,1,0,0,0,0,0,0,0,0,0,0,0,0,0,0,0,0,0,0,0,0,0,0,0,0,0,0,0,0,0,0,0,0,0,1,1,,,,,milth101,,,,,,,,,rybam101,,,,,,,,,,0,0,0,0,0,0,0,0,0,0,0,0,allen102,dwige101,tayll103,maywe101,rogab101,milth101,trouq101,broww101,paigs101,4,8,9,3,5,7,2,6,1,seebd101,michj102,mould101,clard101,radtj101,bowmj101,deand102,deanp101,0,0,0,0,0,0,0,0,0,0,0,0,0,0,0,0,0,0,0,,0,0,0,0,0,0,0,0,,,0,0,13,?,,,,,,19351006,exhibition,deduced
ASD193510060,99,2,0,0,KAN05,KCM,ASD,0,0,trouq101,rybam101,7,2,B,R,?,?,??,,,1,1,0,0,0,0,0,0,0,0,0,0,0,0,1,0,1,1,0,0,0,0,0,0,0,0,0,0,0,0,0,0,0,0,0,0,0,0,0,0,0,0,0,0,0,0,0,0,0,0,0,1,2,,milth101,,,milth101,,,,,,rybam101,,,rybam101,,,,,,,,,,0,0,0,0,0,0,0,0,0,0,0,0,allen102,dwige101,tayll103,maywe101,rogab101,milth101,trouq101,broww101,paigs101,4,8,9,3,5,7,2,6,1,seebd101,michj102,mould101,clard101,radtj101,bowmj101,deand102,deanp101,1,0,0,0,0,0,0,0,0,0,0,0,0,0,0,0,0,0,0,0,0,0,0,0,0,0,0,0,,,0,0,14,?,,,,,,19351006,exhibition,deduced
ASD193510060,99,2,0,0,KAN05,KCM,ASD,0,0,broww101,rybam101,8,6,R,R,?,?,??,,,1,1,0,0,0,0,0,0,0,0,0,0,0,0,1,0,1,1,0,0,0,0,0,0,0,0,0,0,0,0,0,0,0,0,0,0,0,0,0,0,0,0,0,0,0,0,0,0,0,0,0,2,3,,milth101,,,,,milth101,,,,rybam101,,,,,,,,,,,,,0,0,0,0,0,0,0,0,0,0,0,0,allen102,dwige101,tayll103,maywe101,rogab101,milth101,trouq101,broww101,paigs101,4,8,9,3,5,7,2,6,1,seebd101,michj102,mould101,clard101,radtj101,bowmj101,deand102,deanp101,1,0,0,0,0,0,0,0,0,0,0,0,0,0,0,0,0,0,0,0,0,0,0,0,0,0,0,0,,,0,0,15,?,,,,,,19351006,exhibition,deduced
ASD193510060,99,2,1,1,KAN05,ASD,KCM,0,0,deand102,paigs101,6,8,R,R,?,?,??,,,1,1,0,0,0,0,0,0,0,0,0,0,0,0,1,0,1,1,0,0,0,0,0,0,0,0,0,0,0,0,0,0,0,0,0,0,0,0,0,0,0,0,0,0,0,0,0,0,0,0,0,0,1,,,,,,,,,,,,,,,,,,,,,,,,0,0,0,0,0,0,0,0,0,0,0,0,radtj101,mould101,clard101,seebd101,michj102,deand102,deanp101,bowmj101,rybam101,6,4,5,2,3,8,9,7,1,trouq101,maywe101,allen102,rogab101,broww101,milth101,dwige101,tayll103,1,0,0,0,0,0,0,0,0,0,0,0,0,0,0,0,0,0,0,0,0,0,0,0,0,0,0,0,,,0,0,16,?,,,,,,19351006,exhibition,deduced
ASD193510060,S,2,1,1,KAN05,ASD,KCM,0,0,deanp101,paigs101,7,9,R,R,?,?,??,,,1,1,1,0,0,0,0,0,0,0,0,0,0,0,0,0,0,1,0,0,0,0,0,0,0,0,0,0,0,0,0,0,0,0,0,0,0,0,0,0,0,0,0,0,0,0,0,0,0,0,0,1,1,,,,deanp101,,,,,,,,,paigs101,,,,,,,,,,,0,0,0,0,0,0,0,0,0,0,0,0,radtj101,mould101,clard101,seebd101,michj102,deand102,deanp101,bowmj101,rybam101,6,4,5,2,3,8,9,7,1,trouq101,maywe101,allen102,rogab101,broww101,milth101,dwige101,tayll103,0,0,0,0,0,0,0,0,0,0,0,0,0,0,0,0,0,0,0,,0,0,0,0,0,0,0,0,,,0,0,17,?,,,,,,19351006,exhibition,deduced
ASD193510060,SB2,2,1,1,KAN05,ASD,KCM,0,0,bowmj101,paigs101,8,7,L,R,?,?,??,,,0,0,0,0,0,0,0,0,0,0,0,0,0,0,0,0,0,0,0,0,0,0,0,0,0,0,0,0,0,0,0,0,1,0,0,0,0,0,0,0,0,0,0,0,0,0,0,0,0,0,0,1,1,deanp101,,,,deanp101,,,,,paigs101,,,,paigs101,,,,,,,,,,0,0,0,0,0,0,0,0,0,0,0,0,radtj101,mould101,clard101,seebd101,michj102,deand102,deanp101,bowmj101,rybam101,6,4,5,2,3,8,9,7,1,trouq101,maywe101,allen102,rogab101,broww101,milth101,dwige101,tayll103,0,0,0,0,0,0,0,0,0,0,0,0,0,0,0,0,0,0,0,,0,0,0,0,0,0,0,0,,,0,0,18,?,,,,,,19351006,exhibition,deduced
ASD193510060,W,2,1,1,KAN05,ASD,KCM,0,0,bowmj101,paigs101,8,7,L,R,?,?,??,,,1,0,0,0,0,0,0,0,0,1,0,0,0,0,0,0,0,0,0,0,0,0,0,0,0,0,0,0,0,0,0,0,0,0,0,0,0,0,0,0,0,0,0,0,0,0,0,0,0,0,0,1,1,,deanp101,,bowmj101,deanp101,,,,,,paigs101,,paigs101,paigs101,,,,,,,,,,0,0,0,0,0,0,0,0,0,0,0,0,radtj101,mould101,clard101,seebd101,michj102,deand102,deanp101,bowmj101,rybam101,6,4,5,2,3,8,9,7,1,trouq101,maywe101,allen102,rogab101,broww101,milth101,dwige101,tayll103,0,0,0,0,0,0,0,0,0,0,0,0,0,0,0,0,0,0,0,,0,0,0,0,0,0,0,0,,,0,0,19,?,,,,,,19351006,exhibition,deduced
ASD193510060,PB.2-3;1-2#,2,1,1,KAN05,ASD,KCM,0,0,rybam101,paigs101,9,1,R,R,?,?,??,,,0,0,0,0,0,0,0,0,0,0,0,0,0,0,0,0,0,0,0,0,0,0,0,0,0,0,0,0,1,0,0,0,0,0,0,0,0,0,0,0,0,0,0,0,0,0,0,0,0,0,0,1,1,bowmj101,deanp101,,,bowmj101,deanp101,,,,paigs101,paigs101,,,paigs101,paigs101,,,,,,,,,0,0,0,0,0,0,0,0,0,0,0,0,radtj101,mould101,clard101,seebd101,michj102,deand102,deanp101,bowmj101,rybam101,6,4,5,2,3,8,9,7,1,trouq101,maywe101,allen102,rogab101,broww101,milth101,dwige101,tayll103,0,0,0,0,0,0,0,0,0,0,0,0,0,0,0,0,0,0,0,,0,0,0,0,0,0,0,0,,,0,0,20,?,,,,,,19351006,exhibition,deduced
ASD193510060,99,2,1,1,KAN05,ASD,KCM,0,0,rybam101,paigs101,9,1,R,R,?,?,??,,,1,1,0,0,0,0,0,0,0,0,0,0,0,0,1,0,1,1,0,0,0,0,0,0,0,0,0,0,0,0,0,0,0,0,0,0,0,0,0,0,0,0,0,0,0,0,0,0,0,0,0,1,2,,bowmj101,deanp101,,bowmj101,deanp101,,,,,paigs101,paigs101,,paigs101,paigs101,,,,,,,,,0,0,0,0,0,0,0,0,0,0,0,0,radtj101,mould101,clard101,seebd101,michj102,deand102,deanp101,bowmj101,rybam101,6,4,5,2,3,8,9,7,1,trouq101,maywe101,allen102,rogab101,broww101,milth101,dwige101,tayll103,1,0,0,0,0,0,0,0,0,0,0,0,0,0,0,0,0,0,0,0,0,0,0,0,0,0,0,0,,,0,0,21,?,,,,,,19351006,exhibition,deduced
ASD193510060,W,2,1,1,KAN05,ASD,KCM,0,0,radtj101,paigs101,1,6,B,R,?,?,??,,,1,0,0,0,0,0,0,0,0,1,0,0,0,0,0,0,0,0,0,0,0,0,0,0,0,0,0,0,0,0,0,0,0,0,0,0,0,0,0,0,0,0,0,0,0,0,0,0,0,0,0,2,2,,bowmj101,deanp101,radtj101,bowmj101,deanp101,,,,,paigs101,paigs101,paigs101,paigs101,paigs101,,,,,,,,,0,0,0,0,0,0,0,0,0,0,0,0,radtj101,mould101,clard101,seebd101,michj102,deand102,deanp101,bowmj101,rybam101,6,4,5,2,3,8,9,7,1,trouq101,maywe101,allen102,rogab101,broww101,milth101,dwige101,tayll103,0,0,0,0,0,0,0,0,0,0,0,0,0,0,0,0,0,0,0,,0,0,0,0,0,0,0,0,,,0,0,22,?,,,,,,19351006,exhibition,deduced
ASD193510060,99,2,1,1,KAN05,ASD,KCM,0,0,mould101,paigs101,2,4,?,R,?,?,??,,,1,1,0,0,0,0,0,0,0,0,0,0,0,0,1,0,1,1,0,0,0,0,0,0,0,0,0,0,0,0,0,0,0,0,0,0,0,0,0,0,0,0,0,0,0,0,0,0,0,0,0,2,3,radtj101,bowmj101,deanp101,,,,deanp101,bowmj101,radtj101,paigs101,paigs101,paigs101,,,,,,,,,,,,0,0,0,0,0,0,0,0,0,0,0,0,radtj101,mould101,clard101,seebd101,michj102,deand102,deanp101,bowmj101,rybam101,6,4,5,2,3,8,9,7,1,trouq101,maywe101,allen102,rogab101,broww101,milth101,dwige101,tayll103,1,0,0,0,0,0,0,0,0,0,0,0,0,0,0,0,0,0,0,0,0,0,0,0,0,0,0,0,,,0,0,23,?,,,,,,19351006,exhibition,deduced
ASD193510060,99,3,0,0,KAN05,KCM,ASD,0,0,paigs101,rybam101,9,1,R,R,?,?,??,,,1,1,0,0,0,0,0,0,0,0,0,0,0,0,1,0,1,1,0,0,0,0,0,0,0,0,0,0,0,0,0,0,0,0,0,0,0,0,0,0,0,0,0,0,0,0,0,0,0,0,0,0,1,,,,,,,,,,,,,,,,,,,,,,,,0,0,0,0,0,0,0,0,0,0,0,0,allen102,dwige101,tayll103,maywe101,rogab101,milth101,trouq101,broww101,paigs101,4,8,9,3,5,7,2,6,1,seebd101,michj102,mould101,clard101,radtj101,bowmj101,deand102,deanp101,1,0,0,0,0,0,0,0,0,0,0,0,0,0,0,0,0,0,0,0,0,0,0,0,0,0,0,0,,,0,0,24,?,,,,,,19351006,exhibition,deduced
ASD193510060,99,3,0,0,KAN05,KCM,ASD,0,0,allen102,rybam101,1,4,R,R,?,?,??,,,1,1,0,0,0,0,0,0,0,0,0,0,0,0,1,0,1,1,0,0,0,0,0,0,0,0,0,0,0,0,0,0,0,0,0,0,0,0,0,0,0,0,0,0,0,0,0,0,0,0,0,1,2,,,,,,,,,,,,,,,,,,,,,,,,0,0,0,0,0,0,0,0,0,0,0,0,allen102,dwige101,tayll103,maywe101,rogab101,milth101,trouq101,broww101,paigs101,4,8,9,3,5,7,2,6,1,seebd101,michj102,mould101,clard101,radtj101,bowmj101,deand102,deanp101,1,0,0,0,0,0,0,0,0,0,0,0,0,0,0,0,0,0,0,0,0,0,0,0,0,0,0,0,,,0,0,25,?,,,,,,19351006,exhibition,deduced
ASD193510060,S6.B-2(E6/TH)#,3,0,0,KAN05,KCM,ASD,0,0,dwige101,rybam101,2,8,R,R,?,?,??,,,1,1,1,0,0,0,0,0,0,0,0,0,0,0,0,0,0,1,0,0,0,0,0,0,0,0,0,0,0,0,0,0,0,0,0,0,0,0,0,0,0,0,0,0,0,0,0,1,0,0,0,2,2,,,,,dwige101,,,,,,,,,rybam101,,,,,,,,,,0,0,0,0,0,0,0,0,0,0,0,0,allen102,dwige101,tayll103,maywe101,rogab101,milth101,trouq101,broww101,paigs101,4,8,9,3,5,7,2,6,1,seebd101,michj102,mould101,clard101,radtj101,bowmj101,deand102,deanp101,0,0,0,0,0,0,0,0,0,0,0,0,0,0,0,0,0,0,0,,0,0,0,0,0,0,0,6,6+,,0,0,26,?,,,,,,19351006,exhibition,deduced
ASD193510060,99,3,0,0,KAN05,KCM,ASD,0,0,tayll103,rybam101,3,9,L,R,?,?,??,,,1,1,0,0,0,0,0,0,0,0,0,0,0,0,1,0,1,1,0,0,0,0,0,0,0,0,0,0,0,0,0,0,0,0,0,0,0,0,0,0,0,0,0,0,0,0,0,0,0,0,0,2,3,,dwige101,,,,,dwige101,,,,rybam101,,,,,,,,,,,,,0,0,0,0,0,0,0,0,0,0,0,0,allen102,dwige101,tayll103,maywe101,rogab101,milth101,trouq101,broww101,paigs101,4,8,9,3,5,7,2,6,1,seebd101,michj102,mould101,clard101,radtj101,bowmj101,deand102,deanp101,1,0,0,0,0,0,0,0,0,0,0,0,0,0,0,0,0,0,0,0,0,0,0,0,0,0,0,0,,,0,0,27,?,,,,,,19351006,exhibition,deduced
ASD193510060,S7,3,1,1,KAN05,ASD,KCM,0,0,clard101,paigs101,3,5,L,R,?,?,??,,,1,1,1,0,0,0,0,0,0,0,0,0,0,0,0,0,0,1,0,0,0,0,0,0,0,0,0,0,0,0,0,0,0,0,0,0,0,0,0,0,0,0,0,0,0,0,0,0,0,0,0,0,0,,,,clard101,,,,,,,,,paigs101,,,,,,,,,,,0,0,0,0,0,0,0,0,0,0,0,0,radtj101,mould101,clard101,seebd101,michj102,deand102,deanp101,bowmj101,rybam101,6,4,5,2,3,8,9,7,1,trouq101,maywe101,allen102,rogab101,broww101,milth101,dwige101,tayll103,0,0,0,0,0,0,0,0,0,0,0,0,0,0,0,0,0,0,0,,0,0,0,0,0,0,0,7,7+,,0,0,28,?,,,,,,19351006,exhibition,deduced
ASD193510060,E6/TH.1-2,3,1,1,KAN05,ASD,KCM,0,0,seebd101,paigs101,4,2,?,R,?,?,??,,,1,1,0,0,0,0,0,0,0,0,0,0,1,0,0,0,0,1,0,1,0,0,0,0,0,0,0,0,0,0,0,0,0,0,0,0,0,0,0,0,0,0,0,0,0,0,0,1,0,0,0,0,0,clard101,,,seebd101,clard101,,,,,paigs101,,,paigs101,paigs101,,,,,,,,,,0,0,0,0,0,0,0,0,0,0,0,0,radtj101,mould101,clard101,seebd101,michj102,deand102,deanp101,bowmj101,rybam101,6,4,5,2,3,8,9,7,1,trouq101,maywe101,allen102,rogab101,broww101,milth101,dwige101,tayll103,0,0,0,0,0,0,0,0,0,0,0,0,0,0,0,0,0,0,0,,0,0,0,0,0,0,0,6,6+,G,0,0,29,?,,,,,,19351006,exhibition,deduced
ASD193510060,99/SH.2-3;1-2,3,1,1,KAN05,ASD,KCM,0,0,michj102,paigs101,5,3,L,R,?,?,??,,,1,0,0,0,0,0,1,0,0,0,0,0,0,0,0,0,0,1,1,0,0,0,0,0,0,0,0,0,0,0,0,0,0,0,0,0,0,0,0,0,0,0,0,0,0,0,0,0,0,0,0,0,1,seebd101,clard101,,,seebd101,clard101,,,,paigs101,paigs101,,,paigs101,paigs101,,,,,,,,,0,0,0,0,0,0,0,0,0,0,0,0,radtj101,mould101,clard101,seebd101,michj102,deand102,deanp101,bowmj101,rybam101,6,4,5,2,3,8,9,7,1,trouq101,maywe101,allen102,rogab101,broww101,milth101,dwige101,tayll103,1,0,0,0,0,0,0,0,0,0,0,0,0,0,0,0,0,0,0,0,0,0,0,0,0,0,0,0,,BG,0,0,30,?,,,,,,19351006,exhibition,deduced
ASD193510060,7/F.3-H(UR),3,1,1,KAN05,ASD,KCM,0,0,deand102,paigs101,6,8,R,R,?,?,??,,,1,1,0,0,0,0,0,0,0,0,0,0,0,0,1,0,1,1,0,0,1,0,0,0,0,0,0,0,0,0,0,0,0,0,0,0,0,0,0,0,0,0,0,0,0,0,0,0,0,0,0,1,2,,seebd101,clard101,,seebd101,,,,,,paigs101,paigs101,,paigs101,,,,,clard101,,,,paigs101,0,0,0,1,0,0,0,1,1,1,0,0,radtj101,mould101,clard101,seebd101,michj102,deand102,deanp101,bowmj101,rybam101,6,4,5,2,3,8,9,7,1,trouq101,maywe101,allen102,rogab101,broww101,milth101,dwige101,tayll103,0,0,0,0,0,0,0,1,0,0,0,0,0,0,0,0,0,0,0,7,7,0,0,0,0,0,0,7,,F,0,0,31,?,,,,,,19351006,exhibition,deduced
ASD193510060,99,3,1,1,KAN05,ASD,KCM,0,1,deanp101,paigs101,7,9,R,R,?,?,??,,,1,1,0,0,0,0,0,0,0,0,0,0,0,0,1,0,1,1,0,0,0,0,0,0,0,0,0,0,0,0,0,0,0,0,0,0,0,0,0,0,0,0,0,0,0,0,0,0,0,0,0,2,3,,seebd101,,,,,seebd101,,,,paigs101,,,,,,,,,,,,,0,0,0,0,0,0,0,0,0,0,0,0,radtj101,mould101,clard101,seebd101,michj102,deand102,deanp101,bowmj101,rybam101,6,4,5,2,3,8,9,7,1,trouq101,maywe101,allen102,rogab101,broww101,milth101,dwige101,tayll103,1,0,0,0,0,0,0,0,0,0,0,0,0,0,0,0,0,0,0,0,0,0,0,0,0,0,0,0,,,0,0,32,?,,,,,,19351006,exhibition,deduced
ASD193510060,7,4,0,0,KAN05,KCM,ASD,0,1,maywe101,deand102,4,3,L,R,?,?,??,,,1,1,0,0,0,0,0,0,0,0,0,0,0,0,1,0,1,1,0,0,1,0,0,0,0,0,0,0,0,0,0,0,0,0,0,0,0,0,0,0,0,0,0,0,0,0,0,0,0,0,0,0,1,,,,,,,,,,,,,,,,,,,,,,,,0,0,0,0,0,0,0,0,0,0,0,0,allen102,dwige101,tayll103,maywe101,rogab101,milth101,trouq101,broww101,paigs101,4,8,9,3,5,7,2,6,1,seebd101,michj102,mould101,clard101,radtj101,bowmj101,ebelw101,deanp101,0,0,0,0,0,0,0,1,0,0,0,0,0,0,0,0,0,0,0,7,7,0,0,0,0,0,0,7,7+,F,0,0,33,?,,,,,,19351006,exhibition,deduced
ASD193510060,S6,4,0,0,KAN05,KCM,ASD,0,1,rogab101,deand102,5,5,R,R,?,?,??,,,1,1,1,0,0,0,0,0,0,0,0,0,0,0,0,0,0,1,0,0,0,0,0,0,0,0,0,0,0,0,0,0,0,0,0,0,0,0,0,0,0,0,0,0,0,0,0,0,0,0,0,1,1,,,,rogab101,,,,,,,,,deand102,,,,,,,,,,,0,0,0,0,0,0,0,0,0,0,0,0,allen102,dwige101,tayll103,maywe101,rogab101,milth101,trouq101,broww101,paigs101,4,8,9,3,5,7,2,6,1,seebd101,michj102,mould101,clard101,radtj101,bowmj101,ebelw101,deanp101,0,0,0,0,0,0,0,0,0,0,0,0,0,0,0,0,0,0,0,,0,0,0,0,0,0,0,6,6+,,0,0,34,?,,,,,,19351006,exhibition,deduced
ASD193510060,8,4,0,0,KAN05,KCM,ASD,0,1,milth101,deand102,6,7,L,R,?,?,??,,,1,1,0,0,0,0,0,0,0,0,0,0,0,0,1,0,1,1,0,0,1,0,0,0,0,0,0,0,0,0,0,0,0,0,0,0,0,0,0,0,0,0,0,0,0,0,0,0,0,0,0,1,2,rogab101,,,rogab101,,,,,,deand102,,,deand102,,,,,,,,,,,0,0,0,0,0,0,0,0,0,0,0,0,allen102,dwige101,tayll103,maywe101,rogab101,milth101,trouq101,broww101,paigs101,4,8,9,3,5,7,2,6,1,seebd101,michj102,mould101,clard101,radtj101,bowmj101,ebelw101,deanp101,0,0,0,0,0,0,0,0,1,0,0,0,0,0,0,0,0,0,0,8,8,0,0,0,0,0,0,8,8+,F,0,0,35,?,,,,,,19351006,exhibition,deduced
ASD193510060,K,4,0,0,KAN05,KCM,ASD,0,1,trouq101,deand102,7,2,B,R,?,?,??,,,1,1,0,0,0,0,0,0,0,0,1,0,0,0,0,0,0,0,0,0,0,0,0,0,0,0,0,0,0,0,0,0,0,0,0,0,0,0,0,0,0,0,0,0,0,0,0,0,0,0,0,2,3,rogab101,,,,,,rogab101,,,deand102,,,,,,,,,,,,,,0,0,0,0,0,0,0,0,0,0,0,0,allen102,dwige101,tayll103,maywe101,rogab101,milth101,trouq101,broww101,paigs101,4,8,9,3,5,7,2,6,1,seebd101,michj102,mould101,clard101,radtj101,bowmj101,ebelw101,deanp101,0,0,1,0,0,0,0,0,0,0,0,0,0,0,0,0,0,0,0,2,0,0,0,0,0,0,0,0,,,0,0,36,?,,,,,,19351006,exhibition,deduced
ASD193510060,99,4,1,1,KAN05,ASD,KCM,0,1,bowmj101,paigs101,8,7,L,R,?,?,??,,,1,1,0,0,0,0,0,0,0,0,0,0,0,0,1,0,1,1,0,0,0,0,0,0,0,0,0,0,0,0,0,0,0,0,0,0,0,0,0,0,0,0,0,0,0,0,0,0,0,0,0,0,1,,,,,,,,,,,,,,,,,,,,,,,,0,0,0,0,0,0,0,0,0,0,0,0,radtj101,mould101,clard101,seebd101,michj102,deand102,deanp101,bowmj101,ebelw101,6,4,5,2,3,1,9,7,8,trouq101,maywe101,allen102,rogab101,broww101,milth101,dwige101,tayll103,1,0,0,0,0,0,0,0,0,0,0,0,0,0,0,0,0,0,0,0,0,0,0,0,0,0,0,0,,,0,0,37,?,,,,,,19351006,exhibition,deduced
ASD193510060,99,4,1,1,KAN05,ASD,KCM,0,1,ebelw101,paigs101,9,8,R,R,?,?,??,,,1,1,0,0,0,0,0,0,0,0,0,0,0,0,1,0,1,1,0,0,0,0,0,0,0,0,0,0,0,0,0,0,0,0,0,0,0,0,0,0,0,0,0,0,0,0,0,0,0,0,0,1,2,,,,,,,,,,,,,,,,,,,,,,,,0,0,0,0,0,0,0,0,0,0,0,0,radtj101,mould101,clard101,seebd101,michj102,deand102,deanp101,bowmj101,ebelw101,6,4,5,2,3,1,9,7,8,trouq101,maywe101,allen102,rogab101,broww101,milth101,dwige101,tayll103,1,0,0,0,0,0,0,0,0,0,0,0,0,0,0,0,0,0,0,0,0,0,0,0,0,0,0,0,,,0,0,38,?,,,,,,19351006,exhibition,deduced
ASD193510060,99,4,1,1,KAN05,ASD,KCM,0,1,radtj101,paigs101,1,6,B,R,?,?,??,,,1,1,0,0,0,0,0,0,0,0,0,0,0,0,1,0,1,1,0,0,0,0,0,0,0,0,0,0,0,0,0,0,0,0,0,0,0,0,0,0,0,0,0,0,0,0,0,0,0,0,0,2,3,,,,,,,,,,,,,,,,,,,,,,,,0,0,0,0,0,0,0,0,0,0,0,0,radtj101,mould101,clard101,seebd101,michj102,deand102,deanp101,bowmj101,ebelw101,6,4,5,2,3,1,9,7,8,trouq101,maywe101,allen102,rogab101,broww101,milth101,dwige101,tayll103,1,0,0,0,0,0,0,0,0,0,0,0,0,0,0,0,0,0,0,0,0,0,0,0,0,0,0,0,,,0,0,39,?,,,,,,19351006,exhibition,deduced
ASD193510060,43,5,0,0,KAN05,KCM,ASD,0,1,broww101,deanp101,8,6,R,R,?,?,??,,,1,1,0,0,0,0,0,0,0,0,0,0,0,0,1,0,1,1,0,1,0,0,0,0,0,0,0,0,0,0,0,0,0,0,0,0,0,0,0,0,0,0,0,0,0,0,0,0,0,0,0,0,1,,,,,,,,,,,,,,,,,,,,,,,,0,0,0,0,0,0,0,0,0,0,0,0,allen102,dwige101,tayll103,maywe101,rogab101,milth101,trouq101,broww101,paigs101,4,8,9,3,5,7,2,6,1,seebd101,michj102,mould101,clard101,radtj101,bowmj101,ebelw101,deand102,0,0,0,1,0,0,0,0,0,0,0,0,0,1,0,0,0,0,0,43,4,0,0,0,0,0,0,4,3+,G,0,0,40,?,,,,,,19351006,exhibition,deduced
ASD193510060,5,5,0,0,KAN05,KCM,ASD,0,1,paigs101,deanp101,9,1,R,R,?,?,??,,,1,1,0,0,0,0,0,0,0,0,0,0,0,0,1,0,1,1,0,0,1,0,0,0,0,0,0,0,0,0,0,0,0,0,0,0,0,0,0,0,0,0,0,0,0,0,0,0,0,0,0,1,2,,,,,,,,,,,,,,,,,,,,,,,,0,0,0,0,0,0,0,0,0,0,0,0,allen102,dwige101,tayll103,maywe101,rogab101,milth101,trouq101,broww101,paigs101,4,8,9,3,5,7,2,6,1,seebd101,michj102,mould101,clard101,radtj101,bowmj101,ebelw101,deand102,0,0,0,0,0,1,0,0,0,0,0,0,0,0,0,0,0,0,0,5,5,0,0,0,0,0,0,5,5+,F,0,0,41,?,,,,,,19351006,exhibition,deduced
ASD193510060,7,5,0,0,KAN05,KCM,ASD,0,1,allen102,deanp101,1,4,R,R,?,?,??,,,1,1,0,0,0,0,0,0,0,0,0,0,0,0,1,0,1,1,0,0,1,0,0,0,0,0,0,0,0,0,0,0,0,0,0,0,0,0,0,0,0,0,0,0,0,0,0,0,0,0,0,2,3,,,,,,,,,,,,,,,,,,,,,,,,0,0,0,0,0,0,0,0,0,0,0,0,allen102,dwige101,tayll103,maywe101,rogab101,milth101,trouq101,broww101,paigs101,4,8,9,3,5,7,2,6,1,seebd101,michj102,mould101,clard101,radtj101,bowmj101,ebelw101,deand102,0,0,0,0,0,0,0,1,0,0,0,0,0,0,0,0,0,0,0,7,7,0,0,0,0,0,0,7,7+,F,0,0,42,?,,,,,,19351006,exhibition,deduced
ASD193510060,99,5,1,1,KAN05,ASD,KCM,0,1,mould101,paigs101,2,4,?,R,?,?,??,,,1,1,0,0,0,0,0,0,0,0,0,0,0,0,1,0,1,1,0,0,0,0,0,0,0,0,0,0,0,0,0,0,0,0,0,0,0,0,0,0,0,0,0,0,0,0,0,0,0,0,0,0,1,,,,,,,,,,,,,,,,,,,,,,,,0,0,0,0,0,0,0,0,0,0,0,0,radtj101,mould101,clard101,seebd101,michj102,deand102,deanp101,bowmj101,ebelw101,6,4,5,2,3,9,1,7,8,trouq101,maywe101,allen102,rogab101,broww101,milth101,dwige101,tayll103,1,0,0,0,0,0,0,0,0,0,0,0,0,0,0,0,0,0,0,0,0,0,0,0,0,0,0,0,,,0,0,43,?,,,,,,19351006,exhibition,deduced
ASD193510060,99,5,1,1,KAN05,ASD,KCM,0,1,clard101,paigs101,3,5,L,R,?,?,??,,,1,1,0,0,0,0,0,0,0,0,0,0,0,0,1,0,1,1,0,0,0,0,0,0,0,0,0,0,0,0,0,0,0,0,0,0,0,0,0,0,0,0,0,0,0,0,0,0,0,0,0,1,2,,,,,,,,,,,,,,,,,,,,,,,,0,0,0,0,0,0,0,0,0,0,0,0,radtj101,mould101,clard101,seebd101,michj102,deand102,deanp101,bowmj101,ebelw101,6,4,5,2,3,9,1,7,8,trouq101,maywe101,allen102,rogab101,broww101,milth101,dwige101,tayll103,1,0,0,0,0,0,0,0,0,0,0,0,0,0,0,0,0,0,0,0,0,0,0,0,0,0,0,0,,,0,0,44,?,,,,,,19351006,exhibition,deduced
ASD193510060,W,5,1,1,KAN05,ASD,KCM,0,1,coopw102,paigs101,4,11,R,R,?,?,??,,,1,0,0,0,0,0,0,0,0,1,0,0,0,0,0,0,0,0,0,0,0,0,0,0,0,0,0,0,0,0,0,0,0,0,0,0,0,0,0,0,0,0,0,0,0,0,0,0,0,0,0,2,2,,,,coopw102,,,,,,,,,paigs101,,,,,,,,,,,0,0,0,0,0,0,0,0,0,0,0,0,radtj101,mould101,clard101,coopw102,michj102,deand102,deanp101,bowmj101,ebelw101,6,4,5,11,3,9,1,7,8,trouq101,maywe101,allen102,rogab101,broww101,milth101,dwige101,tayll103,0,0,0,0,0,0,0,0,0,0,0,0,0,0,0,0,0,0,0,,0,0,0,0,0,0,0,0,,,0,0,45,?,,,,,,19351006,exhibition,deduced
ASD193510060,PO1(E1).1-2#,5,1,1,KAN05,ASD,KCM,0,1,michj102,paigs101,5,3,L,R,?,?,??,,,0,0,0,0,0,0,0,0,0,0,0,0,0,0,0,0,0,0,0,0,0,0,0,0,0,0,0,0,0,0,0,0,0,0,0,0,0,0,1,0,0,0,1,0,0,0,0,0,0,0,0,2,2,coopw102,,,,coopw102,,,,,paigs101,,,,paigs101,,,,,,,,,,0,0,0,0,0,0,0,0,0,0,0,0,radtj101,mould101,clard101,coopw102,michj102,deand102,deanp101,bowmj101,ebelw101,6,4,5,11,3,9,1,7,8,trouq101,maywe101,allen102,rogab101,broww101,milth101,dwige101,tayll103,0,0,0,0,0,0,0,0,0,0,0,0,0,0,0,0,0,0,0,,0,0,0,0,0,0,0,0,,,0,0,46,?,,,,,,19351006,exhibition,deduced
ASD193510060,PB.2-3#,5,1,1,KAN05,ASD,KCM,0,1,michj102,paigs101,5,3,L,R,?,?,??,,,0,0,0,0,0,0,0,0,0,0,0,0,0,0,0,0,0,0,0,0,0,0,0,0,0,0,0,0,1,0,0,0,0,0,0,0,0,0,0,0,0,0,0,0,0,0,0,0,0,0,0,2,2,,coopw102,,,,coopw102,,,,,paigs101,,,,paigs101,,,,,,,,,0,0,0,0,0,0,0,0,0,0,0,0,radtj101,mould101,clard101,coopw102,michj102,deand102,deanp101,bowmj101,ebelw101,6,4,5,11,3,9,1,7,8,trouq101,maywe101,allen102,rogab101,broww101,milth101,dwige101,tayll103,0,0,0,0,0,0,0,0,0,0,0,0,0,0,0,0,0,0,0,,0,0,0,0,0,0,0,0,,,0,0,47,?,,,,,,19351006,exhibition,deduced
ASD193510060,99,5,1,1,KAN05,ASD,KCM,0,1,michj102,paigs101,5,3,L,R,?,?,??,,,1,1,0,0,0,0,0,0,0,0,0,0,0,0,1,0,1,1,0,0,0,0,0,0,0,0,0,0,0,0,0,0,0,0,0,0,0,0,0,0,0,0,0,0,0,0,0,0,0,0,0,2,3,,,coopw102,,,,coopw102,,,,,paigs101,,,,,,,,,,,,0,0,0,0,0,0,0,0,0,0,0,0,radtj101,mould101,clard101,coopw102,michj102,deand102,deanp101,bowmj101,ebelw101,6,4,5,11,3,9,1,7,8,trouq101,maywe101,allen102,rogab101,broww101,milth101,dwige101,tayll103,1,0,0,0,0,0,0,0,0,0,0,0,0,0,0,0,0,0,0,0,0,0,0,0,0,0,0,0,,,0,0,48,?,,,,,,19351006,exhibition,deduced
ASD193510060,99,6,0,0,KAN05,KCM,ASD,0,1,dwige101,coopm101,2,8,R,R,?,?,??,,,1,1,0,0,0,0,0,0,0,0,0,0,0,0,1,0,1,1,0,0,0,0,0,0,0,0,0,0,0,0,0,0,0,0,0,0,0,0,0,0,0,0,0,0,0,0,0,0,0,0,0,0,1,,,,,,,,,,,,,,,,,,,,,,,,0,0,0,0,0,0,0,0,0,0,0,0,allen102,dwige101,tayll103,maywe101,rogab101,milth101,trouq101,broww101,paigs101,4,8,9,3,5,7,2,6,1,coopw102,michj102,mould101,clard101,radtj101,bowmj101,ebelw101,deand102,1,0,0,0,0,0,0,0,0,0,0,0,0,0,0,0,0,0,0,0,0,0,0,0,0,0,0,0,,,0,0,49,?,,,,,,19351006,exhibition,deduced
ASD193510060,99,6,0,0,KAN05,KCM,ASD,0,1,tayll103,coopm101,3,9,L,R,?,?,??,,,1,1,0,0,0,0,0,0,0,0,0,0,0,0,1,0,1,1,0,0,0,0,0,0,0,0,0,0,0,0,0,0,0,0,0,0,0,0,0,0,0,0,0,0,0,0,0,0,0,0,0,1,2,,,,,,,,,,,,,,,,,,,,,,,,0,0,0,0,0,0,0,0,0,0,0,0,allen102,dwige101,tayll103,maywe101,rogab101,milth101,trouq101,broww101,paigs101,4,8,9,3,5,7,2,6,1,coopw102,michj102,mould101,clard101,radtj101,bowmj101,ebelw101,deand102,1,0,0,0,0,0,0,0,0,0,0,0,0,0,0,0,0,0,0,0,0,0,0,0,0,0,0,0,,,0,0,50,?,,,,,,19351006,exhibition,deduced
ASD193510060,99,6,0,0,KAN05,KCM,ASD,0,1,maywe101,coopm101,4,3,L,R,?,?,??,,,1,1,0,0,0,0,0,0,0,0,0,0,0,0,1,0,1,1,0,0,0,0,0,0,0,0,0,0,0,0,0,0,0,0,0,0,0,0,0,0,0,0,0,0,0,0,0,0,0,0,0,2,3,,,,,,,,,,,,,,,,,,,,,,,,0,0,0,0,0,0,0,0,0,0,0,0,allen102,dwige101,tayll103,maywe101,rogab101,milth101,trouq101,broww101,paigs101,4,8,9,3,5,7,2,6,1,coopw102,michj102,mould101,clard101,radtj101,bowmj101,ebelw101,deand102,1,0,0,0,0,0,0,0,0,0,0,0,0,0,0,0,0,0,0,0,0,0,0,0,0,0,0,0,,,0,0,51,?,,,,,,19351006,exhibition,deduced
ASD193510060,99,6,1,1,KAN05,ASD,KCM,0,1,deand102,paigs101,6,9,R,R,?,?,??,,,1,1,0,0,0,0,0,0,0,0,0,0,0,0,1,0,1,1,0,0,0,0,0,0,0,0,0,0,0,0,0,0,0,0,0,0,0,0,0,0,0,0,0,0,0,0,0,0,0,0,0,0,1,,,,,,,,,,,,,,,,,,,,,,,,0,0,0,0,0,0,0,0,0,0,0,0,radtj101,mould101,clard101,coopw102,michj102,deand102,coopm101,bowmj101,ebelw101,6,4,5,2,3,9,1,7,8,trouq101,maywe101,allen102,rogab101,broww101,milth101,dwige101,tayll103,1,0,0,0,0,0,0,0,0,0,0,0,0,0,0,0,0,0,0,0,0,0,0,0,0,0,0,0,,,0,0,52,?,,,,,,19351006,exhibition,deduced
ASD193510060,99,6,1,1,KAN05,ASD,KCM,0,1,coopm101,paigs101,7,1,R,R,?,?,??,,,1,1,0,0,0,0,0,0,0,0,0,0,0,0,1,0,1,1,0,0,0,0,0,0,0,0,0,0,0,0,0,0,0,0,0,0,0,0,0,0,0,0,0,0,0,0,0,0,0,0,0,1,2,,,,,,,,,,,,,,,,,,,,,,,,0,0,0,0,0,0,0,0,0,0,0,0,radtj101,mould101,clard101,coopw102,michj102,deand102,coopm101,bowmj101,ebelw101,6,4,5,2,3,9,1,7,8,trouq101,maywe101,allen102,rogab101,broww101,milth101,dwige101,tayll103,1,0,0,0,0,0,0,0,0,0,0,0,0,0,0,0,0,0,0,0,0,0,0,0,0,0,0,0,,,0,0,53,?,,,,,,19351006,exhibition,deduced
ASD193510060,99,6,1,1,KAN05,ASD,KCM,0,1,bowmj101,paigs101,8,7,L,R,?,?,??,,,1,1,0,0,0,0,0,0,0,0,0,0,0,0,1,0,1,1,0,0,0,0,0,0,0,0,0,0,0,0,0,0,0,0,0,0,0,0,0,0,0,0,0,0,0,0,0,0,0,0,0,2,3,,,,,,,,,,,,,,,,,,,,,,,,0,0,0,0,0,0,0,0,0,0,0,0,radtj101,mould101,clard101,coopw102,michj102,deand102,coopm101,bowmj101,ebelw101,6,4,5,2,3,9,1,7,8,trouq101,maywe101,allen102,rogab101,broww101,milth101,dwige101,tayll103,1,0,0,0,0,0,0,0,0,0,0,0,0,0,0,0,0,0,0,0,0,0,0,0,0,0,0,0,,,0,0,54,?,,,,,,19351006,exhibition,deduced
ASD193510060,99,7,0,0,KAN05,KCM,ASD,0,1,rogab101,coopm101,5,5,R,R,?,?,??,,,1,1,0,0,0,0,0,0,0,0,0,0,0,0,1,0,1,1,0,0,0,0,0,0,0,0,0,0,0,0,0,0,0,0,0,0,0,0,0,0,0,0,0,0,0,0,0,0,0,0,0,0,1,,,,,,,,,,,,,,,,,,,,,,,,0,0,0,0,0,0,0,0,0,0,0,0,allen102,dwige101,tayll103,maywe101,rogab101,milth101,trouq101,broww101,paigs101,4,8,9,3,5,7,2,6,1,coopw102,michj102,mould101,clard101,radtj101,bowmj101,ebelw101,deand102,1,0,0,0,0,0,0,0,0,0,0,0,0,0,0,0,0,0,0,0,0,0,0,0,0,0,0,0,,,0,0,55,?,,,,,,19351006,exhibition,deduced
ASD193510060,S4,7,0,0,KAN05,KCM,ASD,0,1,milth101,coopm101,6,7,L,R,?,?,??,,,1,1,1,0,0,0,0,0,0,0,0,0,0,0,0,0,0,1,0,0,0,0,0,0,0,0,0,0,0,0,0,0,0,0,0,0,0,0,0,0,0,0,0,0,0,0,0,0,0,0,0,1,1,,,,milth101,,,,,,,,,coopm101,,,,,,,,,,,0,0,0,0,0,0,0,0,0,0,0,0,allen102,dwige101,tayll103,maywe101,rogab101,milth101,trouq101,broww101,paigs101,4,8,9,3,5,7,2,6,1,coopw102,michj102,mould101,clard101,radtj101,bowmj101,ebelw101,deand102,0,0,0,0,0,0,0,0,0,0,0,0,0,0,0,0,0,0,0,,0,0,0,0,0,0,0,4,4+,,0,0,56,?,,,,,,19351006,exhibition,deduced
ASD193510060,W.1-2,7,0,0,KAN05,KCM,ASD,0,1,trouq101,coopm101,7,2,B,R,?,?,??,,,1,0,0,0,0,0,0,0,0,1,0,0,0,0,0,0,0,0,0,0,0,0,0,0,0,0,0,0,0,0,0,0,0,0,0,0,0,0,0,0,0,0,0,0,0,0,0,0,0,0,0,1,1,milth101,,,trouq101,milth101,,,,,coopm101,,,coopm101,coopm101,,,,,,,,,,0,0,0,0,0,0,0,0,0,0,0,0,allen102,dwige101,tayll103,maywe101,rogab101,milth101,trouq101,broww101,paigs101,4,8,9,3,5,7,2,6,1,coopw102,michj102,mould101,clard101,radtj101,bowmj101,ebelw101,deand102,0,0,0,0,0,0,0,0,0,0,0,0,0,0,0,0,0,0,0,,0,0,0,0,0,0,0,0,,,0,0,57,?,,,,,,19351006,exhibition,deduced
ASD193510060,CS3(99),7,0,0,KAN05,KCM,ASD,0,1,broww101,coopm101,8,6,R,R,?,?,??,,,0,0,0,0,0,0,0,0,0,0,0,0,0,0,0,0,0,0,0,0,0,0,0,0,0,0,0,0,0,0,0,0,0,0,0,0,1,0,0,0,0,0,0,0,0,0,0,0,0,0,0,1,2,trouq101,milth101,,trouq101,,,,,,coopm101,coopm101,,coopm101,,,,,,,,,,,0,0,0,0,0,0,0,0,0,0,0,0,allen102,dwige101,tayll103,maywe101,rogab101,milth101,trouq101,broww101,paigs101,4,8,9,3,5,7,2,6,1,coopw102,michj102,mould101,clard101,radtj101,bowmj101,ebelw101,deand102,1,0,0,0,0,0,0,0,0,0,0,0,0,0,0,0,0,0,0,0,0,0,0,0,0,0,0,0,,,0,0,58,?,,,,,,19351006,exhibition,deduced
ASD193510060,D8.1-3,7,0,0,KAN05,KCM,ASD,0,1,broww101,coopm101,8,6,R,R,?,?,??,,,1,1,0,1,0,0,0,0,0,0,0,0,0,0,0,0,0,1,0,0,0,0,0,0,0,0,0,0,0,0,0,0,0,0,0,0,0,0,0,0,0,0,0,0,0,0,0,0,0,0,0,2,2,trouq101,,,,broww101,trouq101,,,,coopm101,,,,coopm101,coopm101,,,,,,,,,0,0,0,0,0,0,0,0,0,0,0,0,allen102,dwige101,tayll103,maywe101,rogab101,milth101,trouq101,broww101,paigs101,4,8,9,3,5,7,2,6,1,coopw102,michj102,mould101,clard101,radtj101,bowmj101,ebelw101,deand102,0,0,0,0,0,0,0,0,0,0,0,0,0,0,0,0,0,0,0,,0,0,0,0,0,0,0,8,8+,,0,0,59,?,,,,,,19351006,exhibition,deduced
ASD193510060,53,7,0,0,KAN05,KCM,ASD,0,1,paigs101,coopm101,9,1,R,R,?,?,??,,,1,1,0,0,0,0,0,0,0,0,0,0,0,0,1,0,1,1,0,1,0,0,0,0,0,0,0,0,0,0,0,0,0,0,0,0,0,0,0,0,0,0,0,0,0,0,0,0,0,0,0,2,3,,broww101,trouq101,,,,trouq101,broww101,,,coopm101,coopm101,,,,,,,,,,,,0,0,0,0,0,0,0,0,0,0,0,0,allen102,dwige101,tayll103,maywe101,rogab101,milth101,trouq101,broww101,paigs101,4,8,9,3,5,7,2,6,1,coopw102,michj102,mould101,clard101,radtj101,bowmj101,ebelw101,deand102,0,0,0,1,0,0,0,0,0,0,0,0,0,0,1,0,0,0,0,53,5,0,0,0,0,0,0,5,3+,G,0,0,60,?,,,,,,19351006,exhibition,deduced
ASD193510060,K,7,1,1,KAN05,ASD,KCM,0,1,ebelw101,paigs101,9,8,R,R,?,?,??,,,1,1,0,0,0,0,0,0,0,0,1,0,0,0,0,0,0,0,0,0,0,0,0,0,0,0,0,0,0,0,0,0,0,0,0,0,0,0,0,0,0,0,0,0,0,0,0,0,0,0,0,0,1,,,,,,,,,,,,,,,,,,,,,,,,0,0,0,0,0,0,0,0,0,0,0,0,radtj101,mould101,clard101,coopw102,michj102,deand102,coopm101,bowmj101,ebelw101,6,4,5,2,3,9,1,7,8,trouq101,maywe101,allen102,rogab101,broww101,milth101,dwige101,tayll103,0,0,1,0,0,0,0,0,0,0,0,0,0,0,0,0,0,0,0,2,0,0,0,0,0,0,0,0,,,0,0,61,?,,,,,,19351006,exhibition,deduced
ASD193510060,K,7,1,1,KAN05,ASD,KCM,0,1,radtj101,paigs101,1,6,B,R,?,?,??,,,1,1,0,0,0,0,0,0,0,0,1,0,0,0,0,0,0,0,0,0,0,0,0,0,0,0,0,0,0,0,0,0,0,0,0,0,0,0,0,0,0,0,0,0,0,0,0,0,0,0,0,1,2,,,,,,,,,,,,,,,,,,,,,,,,0,0,0,0,0,0,0,0,0,0,0,0,radtj101,mould101,clard101,coopw102,michj102,deand102,coopm101,bowmj101,ebelw101,6,4,5,2,3,9,1,7,8,trouq101,maywe101,allen102,rogab101,broww101,milth101,dwige101,tayll103,0,0,1,0,0,0,0,0,0,0,0,0,0,0,0,0,0,0,0,2,0,0,0,0,0,0,0,0,,,0,0,62,?,,,,,,19351006,exhibition,deduced
ASD193510060,K,7,1,1,KAN05,ASD,KCM,0,1,mould101,paigs101,2,4,?,R,?,?,??,,,1,1,0,0,0,0,0,0,0,0,1,0,0,0,0,0,0,0,0,0,0,0,0,0,0,0,0,0,0,0,0,0,0,0,0,0,0,0,0,0,0,0,0,0,0,0,0,0,0,0,0,2,3,,,,,,,,,,,,,,,,,,,,,,,,0,0,0,0,0,0,0,0,0,0,0,0,radtj101,mould101,clard101,coopw102,michj102,deand102,coopm101,bowmj101,ebelw101,6,4,5,2,3,9,1,7,8,trouq101,maywe101,allen102,rogab101,broww101,milth101,dwige101,tayll103,0,0,1,0,0,0,0,0,0,0,0,0,0,0,0,0,0,0,0,2,0,0,0,0,0,0,0,0,,,0,0,63,?,,,,,,19351006,exhibition,deduced
ASD193510060,S8,8,0,0,KAN05,KCM,ASD,0,1,madib101,coopm101,1,11,?,R,?,?,??,,,1,1,1,0,0,0,0,0,0,0,0,0,0,0,0,0,0,1,0,0,0,0,0,0,0,0,0,0,0,0,0,0,0,0,0,0,0,0,0,0,0,0,0,0,0,0,0,0,0,0,0,0,0,,,,madib101,,,,,,,,,coopm101,,,,,,,,,,,0,0,0,0,0,0,0,0,0,0,0,0,madib101,dwige101,tayll103,maywe101,rogab101,milth101,trouq101,broww101,paigs101,11,8,9,3,5,7,2,6,1,coopw102,michj102,mould101,clard101,radtj101,bowmj101,ebelw101,deand102,0,0,0,0,0,0,0,0,0,0,0,0,0,0,0,0,0,0,0,,0,0,0,0,0,0,0,8,8+,,0,0,64,?,,,,,,19351006,exhibition,deduced
ASD193510060,5,8,0,0,KAN05,KCM,ASD,0,1,dwige101,coopm101,2,8,R,R,?,?,??,,,1,1,0,0,0,0,0,0,0,0,0,0,0,0,1,0,1,1,0,0,1,0,0,0,0,0,0,0,0,0,0,0,0,0,0,0,0,0,0,0,0,0,0,0,0,0,0,0,0,0,0,0,1,madib101,,,madib101,,,,,,coopm101,,,coopm101,,,,,,,,,,,0,0,0,0,0,0,0,0,0,0,0,0,madib101,dwige101,tayll103,maywe101,rogab101,milth101,trouq101,broww101,paigs101,11,8,9,3,5,7,2,6,1,coopw102,michj102,mould101,clard101,radtj101,bowmj101,ebelw101,deand102,0,0,0,0,0,1,0,0,0,0,0,0,0,0,0,0,0,0,0,5,5,0,0,0,0,0,0,5,5+,F,0,0,65,?,,,,,,19351006,exhibition,deduced
ASD193510060,CS2(99),8,0,0,KAN05,KCM,ASD,0,1,tayll103,coopm101,3,9,L,R,?,?,??,,,0,0,0,0,0,0,0,0,0,0,0,0,0,0,0,0,0,0,0,0,0,0,0,0,0,0,0,0,0,0,0,0,0,0,0,1,0,0,0,0,0,0,0,0,0,0,0,0,0,0,0,1,2,madib101,,,,,,,,,coopm101,,,,,,,,,,,,,,0,0,0,0,0,0,0,0,0,0,0,0,madib101,dwige101,tayll103,maywe101,rogab101,milth101,trouq101,broww101,paigs101,11,8,9,3,5,7,2,6,1,coopw102,michj102,mould101,clard101,radtj101,bowmj101,ebelw101,deand102,1,0,0,0,0,0,0,0,0,0,0,0,0,0,0,0,0,0,0,0,0,0,0,0,0,0,0,0,,,0,0,66,?,,,,,,19351006,exhibition,deduced
ASD193510060,K,8,0,0,KAN05,KCM,ASD,0,1,tayll103,coopm101,3,9,L,R,?,?,??,,,1,1,0,0,0,0,0,0,0,0,1,0,0,0,0,0,0,0,0,0,0,0,0,0,0,0,0,0,0,0,0,0,0,0,0,0,0,0,0,0,0,0,0,0,0,0,0,0,0,0,0,2,3,,,,,,,,,,,,,,,,,,,,,,,,0,0,0,0,0,0,0,0,0,0,0,0,madib101,dwige101,tayll103,maywe101,rogab101,milth101,trouq101,broww101,paigs101,11,8,9,3,5,7,2,6,1,coopw102,michj102,mould101,clard101,radtj101,bowmj101,ebelw101,deand102,0,0,1,0,0,0,0,0,0,0,0,0,0,0,0,0,0,0,0,2,0,0,0,0,0,0,0,0,,,0,0,67,?,,,,,,19351006,exhibition,deduced
ASD193510060,99,8,1,1,KAN05,ASD,KCM,0,1,clard101,paigs101,3,5,L,R,?,?,??,,,1,1,0,0,0,0,0,0,0,0,0,0,0,0,1,0,1,1,0,0,0,0,0,0,0,0,0,0,0,0,0,0,0,0,0,0,0,0,0,0,0,0,0,0,0,0,0,0,0,0,0,0,1,,,,,,,,,,,,,,,,,,,,,,,,0,0,0,0,0,0,0,0,0,0,0,0,radtj101,mould101,clard101,coopw102,michj102,deand102,coopm101,bowmj101,ebelw101,6,4,5,2,3,9,1,7,8,trouq101,maywe101,milth101,rogab101,broww101,madib101,dwige101,tayll103,1,0,0,0,0,0,0,0,0,0,0,0,0,0,0,0,0,0,0,0,0,0,0,0,0,0,0,0,,,0,0,68,?,,,,,,19351006,exhibition,deduced
ASD193510060,99,8,1,1,KAN05,ASD,KCM,0,1,coopw102,paigs101,4,2,R,R,?,?,??,,,1,1,0,0,0,0,0,0,0,0,0,0,0,0,1,0,1,1,0,0,0,0,0,0,0,0,0,0,0,0,0,0,0,0,0,0,0,0,0,0,0,0,0,0,0,0,0,0,0,0,0,1,2,,,,,,,,,,,,,,,,,,,,,,,,0,0,0,0,0,0,0,0,0,0,0,0,radtj101,mould101,clard101,coopw102,michj102,deand102,coopm101,bowmj101,ebelw101,6,4,5,2,3,9,1,7,8,trouq101,maywe101,milth101,rogab101,broww101,madib101,dwige101,tayll103,1,0,0,0,0,0,0,0,0,0,0,0,0,0,0,0,0,0,0,0,0,0,0,0,0,0,0,0,,,0,0,69,?,,,,,,19351006,exhibition,deduced
ASD193510060,99,8,1,1,KAN05,ASD,KCM,0,1,michj102,paigs101,5,3,L,R,?,?,??,,,1,1,0,0,0,0,0,0,0,0,0,0,0,0,1,0,1,1,0,0,0,0,0,0,0,0,0,0,0,0,0,0,0,0,0,0,0,0,0,0,0,0,0,0,0,0,0,0,0,0,0,2,3,,,,,,,,,,,,,,,,,,,,,,,,0,0,0,0,0,0,0,0,0,0,0,0,radtj101,mould101,clard101,coopw102,michj102,deand102,coopm101,bowmj101,ebelw101,6,4,5,2,3,9,1,7,8,trouq101,maywe101,milth101,rogab101,broww101,madib101,dwige101,tayll103,1,0,0,0,0,0,0,0,0,0,0,0,0,0,0,0,0,0,0,0,0,0,0,0,0,0,0,0,,,0,0,70,?,,,,,,19351006,exhibition,deduced
ASD193510060,E3#,9,0,0,KAN05,KCM,ASD,0,1,maywe101,coopm101,4,3,L,R,?,?,??,,,1,1,0,0,0,0,0,0,0,0,0,0,1,0,0,0,0,1,0,1,0,0,0,0,0,0,0,0,0,0,0,0,0,0,0,0,0,0,0,0,0,0,0,0,1,0,0,0,0,0,0,0,0,,,,maywe101,,,,,,,,,coopm101,,,,,,,,,,,0,0,0,0,0,0,0,0,0,0,0,0,madib101,dwige101,tayll103,maywe101,rogab101,milth101,trouq101,broww101,paigs101,7,8,9,3,5,4,2,6,1,coopw102,michj102,mould101,clard101,radtj101,bowmj101,ebelw101,deand102,0,0,0,0,0,0,0,0,0,0,0,0,0,0,0,0,0,0,0,,0,0,0,0,0,0,0,3,3+,G,0,0,71,?,,,,,,19351006,exhibition,deduced
ASD193510060,W.1-2,9,0,0,KAN05,KCM,ASD,0,1,rogab101,coopm101,5,5,R,R,?,?,??,,,1,0,0,0,0,0,0,0,0,1,0,0,0,0,0,0,0,0,0,0,0,0,0,0,0,0,0,0,0,0,0,0,0,0,0,0,0,0,0,0,0,0,0,0,0,0,0,0,0,0,0,0,0,maywe101,,,rogab101,maywe101,,,,,coopm101,,,coopm101,coopm101,,,,,,,,,,0,0,0,0,0,0,0,0,0,0,0,0,madib101,dwige101,tayll103,maywe101,rogab101,milth101,trouq101,broww101,paigs101,7,8,9,3,5,4,2,6,1,coopw102,michj102,mould101,clard101,radtj101,bowmj101,ebelw101,deand102,0,0,0,0,0,0,0,0,0,0,0,0,0,0,0,0,0,0,0,,0,0,0,0,0,0,0,0,,,0,0,72,?,,,,,,19351006,exhibition,deduced
ASD193510060,99,9,0,0,KAN05,KCM,ASD,0,1,milth101,coopm101,6,4,L,R,?,?,??,,,1,1,0,0,0,0,0,0,0,0,0,0,0,0,1,0,1,1,0,0,0,0,0,0,0,0,0,0,0,0,0,0,0,0,0,0,0,0,0,0,0,0,0,0,0,0,0,0,0,0,0,0,1,rogab101,maywe101,,rogab101,maywe101,,,,,coopm101,coopm101,,coopm101,coopm101,,,,,,,,,,0,0,0,0,0,0,0,0,0,0,0,0,madib101,dwige101,tayll103,maywe101,rogab101,milth101,trouq101,broww101,paigs101,7,8,9,3,5,4,2,6,1,coopw102,michj102,mould101,clard101,radtj101,bowmj101,ebelw101,deand102,1,0,0,0,0,0,0,0,0,0,0,0,0,0,0,0,0,0,0,0,0,0,0,0,0,0,0,0,,,0,0,73,?,,,,,,19351006,exhibition,deduced
ASD193510060,99,9,0,0,KAN05,KCM,ASD,0,1,trouq101,coopm101,7,2,B,R,?,?,??,,,1,1,0,0,0,0,0,0,0,0,0,0,0,0,1,0,1,1,0,0,0,0,0,0,0,0,0,0,0,0,0,0,0,0,0,0,0,0,0,0,0,0,0,0,0,0,0,0,0,0,0,1,2,rogab101,maywe101,,rogab101,maywe101,,,,,coopm101,coopm101,,coopm101,coopm101,,,,,,,,,,0,0,0,0,0,0,0,0,0,0,0,0,madib101,dwige101,tayll103,maywe101,rogab101,milth101,trouq101,broww101,paigs101,7,8,9,3,5,4,2,6,1,coopw102,michj102,mould101,clard101,radtj101,bowmj101,ebelw101,deand102,1,0,0,0,0,0,0,0,0,0,0,0,0,0,0,0,0,0,0,0,0,0,0,0,0,0,0,0,,,0,0,74,?,,,,,,19351006,exhibition,deduced
ASD193510060,99,9,0,0,KAN05,KCM,ASD,0,1,broww101,coopm101,8,6,R,R,?,?,??,,,1,1,0,0,0,0,0,0,0,0,0,0,0,0,1,0,1,1,0,0,0,0,0,0,0,0,0,0,0,0,0,0,0,0,0,0,0,0,0,0,0,0,0,0,0,0,0,0,0,0,0,2,3,rogab101,maywe101,,,,,maywe101,rogab101,,coopm101,coopm101,,,,,,,,,,,,,0,0,0,0,0,0,0,0,0,0,0,0,madib101,dwige101,tayll103,maywe101,rogab101,milth101,trouq101,broww101,paigs101,7,8,9,3,5,4,2,6,1,coopw102,michj102,mould101,clard101,radtj101,bowmj101,ebelw101,deand102,1,0,0,0,0,0,0,0,0,0,0,0,0,0,0,0,0,0,0,0,0,0,0,0,0,0,0,0,,,0,0,75,?,,,,,,19351006,exhibition,deduced
