gid,id,team,p_seq,stattype,p_ipouts,p_noout,p_bfp,p_h,p_d,p_t,p_hr,p_r,p_er,p_w,p_iw,p_k,p_hbp,p_wp,p_bk,p_sh,p_sf,p_sb,p_cs,p_pb,wp,lp,save,p_gs,p_gf,p_cg,date,number,site,vishome,opp,win,loss,tie,gametype,box,pbp,eject
KCM193504220,madib101,KCM,1,value,27,,,4,,,1,2,,,,,,,,,,,,,1,,,1,,1,19350422,0,MUS01,h,CAG,1,0,0,exhibition,,,
CAG193504260,madib101,KCM,1,value,18,,29,8,,,3,7,,1,,6,0,,,,,,,,,,,1,,,19350426,0,WIC01,v,CAG,1,0,0,exhibition,y,,
KCM193506081,madib101,KCM,3,value,,,,,,,,,,,,,,,,,,,,,,,,,1,,19350608,1,WIN01,h,BIS,0,1,0,exhibition,,,
KCM193605240,madib101,KCM,1,value,11,0,22,6,1,0,0,3,1,5,0,5,0,0,0,0,0,0,0,0,,,,1,,,19360524,0,KAN05,h,CAG,1,0,0,exhibition,y,d,
MEM193705162,madib101,MEM,1,value,21,0,33,7,1,0,0,5,4,4,0,0,0,0,0,1,0,0,0,0,1,,,1,,1,19370516,2,MEM02,h,IN6,1,0,0,regular,y,d,
MEM193705240,madib101,MEM,1,value,27,,,4,,,,2,,,,12,,,,,,,,,1,,,1,1,1,19370524,0,MEM02,h,SSA,1,0,0,regular,,,
CAG193705290,madib101,MEM,1,value,12,,22,8,,,0,6,,0,,3,,,,,,,,,,1,,1,,,19370529,0,CHI09,v,CAG,0,1,0,regular,y,,
IN6193706070,madib101,MEM,1,value,27,0,40,7,1,0,0,4,4,5,0,11,0,0,0,0,0,2,0,0,1,,,1,,1,19370607,0,IND10,v,IN6,1,0,0,regular,y,d,
MEM193706110,madib101,MEM,2,value,,,,,,,,,,,,,,,,,,,,,,,1,,1,,19370611,0,MEM02,h,DT2,1,0,0,regular,,,
MEM193706131,madib101,MEM,1,value,27,,,,,,,,,,,,,,,,,,,,1,,,1,,1,19370613,1,MEM02,h,DT2,1,0,0,regular,,,
MEM193706201,madib101,MEM,2,value,6,,,,,,,,,,,,,,,,,,,,,,,,,,19370620,1,MEM02,h,BIR,0,1,0,regular,,,
MEM193706202,madib101,MEM,2,value,,,,,,,,,,,,,,,,,,,,,,,,,1,,19370620,2,MEM02,h,BIR,0,1,0,regular,,,
KCM193706272,madib101,MEM,1,value,7,0,10,0,0,0,0,1,1,3,0,3,0,0,0,0,0,1,0,1,,,,1,,,19370627,2,KAN05,v,KCM,0,1,0,regular,y,d,
CI1193707182,madib101,MEM,1,value,24,0,40,13,3,2,0,6,6,3,0,3,0,0,0,0,0,0,0,0,,1,,1,,1,19370718,2,CIN07,v,CI1,0,1,0,regular,y,d,
MEM193708011,madib101,MEM,2,value,1,0,1,0,0,0,0,0,0,0,0,0,0,0,0,0,0,0,0,0,,,,,,,19370801,1,MEM02,h,CI1,0,1,0,regular,y,d,
MEM193708082,madib101,MEM,2,value,,,,,,,,,,,,,,,,,,,,,,,,,,,19370808,2,MEM02,h,BIR,0,1,0,exhibition,,,
KCM193807041,madib101,MEM,1,value,0,2,2,0,0,0,0,1,,2,,0,0,1,,0,,,,,,,,1,,,19380704,1,KAN05,v,KCM,1,0,0,regular,y,,
