gid,id,team,b_lp,b_seq,stattype,b_pa,b_ab,b_r,b_h,b_d,b_t,b_hr,b_rbi,b_sh,b_sf,b_hbp,b_w,b_iw,b_k,b_sb,b_cs,b_gdp,b_xi,b_roe,dh,ph,pr,date,number,site,vishome,opp,win,loss,tie,gametype,box,pbp,eject
CAG191608270,browg103,IN4,8,1,value,3,3,0,0,0,0,0,0,0,0,0,0,0,1,0,0,0,0,1,,,,19160827,0,CHI09,v,CAG,0,1,0,exhibition,y,y,
CAG191608280,browg103,IN4,8,1,value,4,3,0,2,0,0,0,0,0,0,0,1,0,0,0,0,0,0,1,,,,19160828,0,CHI09,v,CAG,0,1,0,exhibition,y,y,
CB1192104300,browg103,CB1,8,1,value,4,4,1,1,0,0,0,,0,,0,0,,,1,,,,,,,,19210430,0,COL04,h,CG1,0,1,0,regular,y,,
CB1192105010,browg103,CB1,7,1,value,4,4,0,1,0,0,0,,0,,0,0,,,0,,,,,,,,19210501,0,COL04,h,CG1,0,0,1,regular,y,,
IN4192105090,browg103,CB1,2,1,value,4,4,0,1,0,0,0,,0,,0,0,,,0,,,,,,,,19210509,0,IND11,v,IN4,0,1,0,regular,y,,
SLG192106290,browg103,CB1,7,1,value,4,4,0,2,1,0,0,1,0,0,0,0,0,0,0,0,0,0,0,,,,19210629,0,STL11,v,SLG,0,1,0,regular,y,y,
CB1192107090,browg103,CB1,1,1,value,5,3,1,2,0,0,0,,1,,1,0,,,0,,,,,,,,19210709,0,COL04,h,DT1,1,0,0,regular,y,,
HIL192109052,browg103,DT1,2,1,value,4,4,0,0,0,0,0,0,0,,0,0,0,,0,,,0,,,,,19210905,2,DAR01,v,HIL,0,1,0,exhibition,y,,
