gid,team,inn1,inn2,inn3,inn4,inn5,inn6,inn7,inn8,inn9,inn10,inn11,inn12,inn13,inn14,inn15,inn16,inn17,inn18,inn19,inn20,inn21,inn22,inn23,inn24,inn25,inn26,inn27,inn28,lob,mgr,stattype,b_pa,b_ab,b_r,b_h,b_d,b_t,b_hr,b_rbi,b_sh,b_sf,b_hbp,b_w,b_iw,b_k,b_sb,b_cs,b_gdp,b_xi,b_roe,p_ipouts,p_noout,p_bfp,p_h,p_d,p_t,p_hr,p_r,p_er,p_w,p_iw,p_k,p_hbp,p_wp,p_bk,p_sh,p_sf,p_sb,p_cs,p_pb,d_po,d_a,d_e,d_dp,d_tp,d_pb,d_wp,d_sb,d_cs,start_l1,start_l2,start_l3,start_l4,start_l5,start_l6,start_l7,start_l8,start_l9,start_f1,start_f2,start_f3,start_f4,start_f5,start_f6,start_f7,start_f8,start_f9,start_f10,date,number,site,vishome,opp,win,loss,tie,gametype,box,pbp
NAL193709190,NNL,0,0,0,1,3,1,0,0,0,,,,,,,,,,,,,,,,,,,,6,harrv102,value,38,35,5,10,1,0,0,3,1,0,1,1,0,4,2,1,0,0,2,27,0,38,4,1,0,0,2,1,7,0,10,2,1,0,0,0,0,1,0,27,10,1,2,0,0,1,0,1,benjj101,wellw101,harrv102,gibsj101,leonb101,willj110,dandr101,carlm101,mcdut101,mcdut101,gibsj101,leonb101,carlm101,dandr101,wellw101,harrv102,benjj101,willj110,,19370919,0,CHI09,v,NAL,1,0,0,allstar,y,d
NAL193709190,NAL,0,0,0,1,0,1,0,0,0,,,,,,,,,,,,,,,,,,,,9,taylj105,value,38,29,2,4,1,0,0,2,0,0,2,7,0,10,0,1,2,0,1,27,0,38,10,1,0,0,5,1,1,0,4,1,0,1,1,0,2,1,0,27,20,5,0,0,0,0,2,1,milth101,allen102,strot101,steat101,radca101,simmw101,bondt102,byass101,mossp101,mossp101,byass101,strot101,allen102,bondt102,radca101,simmw101,steat101,milth101,,19370919,0,CHI09,h,NNL,0,1,0,allstar,y,d
NNL193709200,NAL,0,0,0,0,0,0,0,0,0,,,,,,,,,,,,,,,,,,,,,taylj105,value,,,0,9,,,,0,,,,,,17,,,,,,24,,,7,,,,3,,,,,,,,1,,,,,24,,2,,0,,,,,,,,,,,,,,smith111,duncf102,,,,,,,,,19370920,0,IND10,v,NNL,0,1,0,allstar,,
NNL193709200,NNL,1,0,0,2,0,0,0,0,,,,,,,,,,,,,,,,,,,,,,harrv102,value,,,3,7,,,,,1,,,,,,,,,,,27,,,9,,,,0,0,,,17,,,,,,,,,27,,1,,0,,,,,,,,,,,,,,day-l101,gibsj101,,,,,,,,,19370920,0,IND10,h,NAL,1,0,0,allstar,,
NAL193709210,NNL,0,0,0,1,0,0,0,3,3,,,,,,,,,,,,,,,,,,,,8,harrv102,value,42,36,7,10,1,2,0,6,2,0,0,4,0,6,0,0,0,0,1,27,0,39,6,1,1,0,2,1,3,0,10,2,0,0,0,0,0,0,0,27,13,3,0,0,0,0,0,0,benjj101,wellw101,harrv102,gibsj101,leonb101,willj110,dandr101,carlm101,browr103,browr103,gibsj101,leonb101,carlm101,dandr101,wellw101,harrv102,benjj101,willj110,,19370921,0,DAY03,v,NAL,1,0,0,allstar,y,d
NAL193709210,NAL,0,0,1,0,0,0,1,0,0,,,,,,,,,,,,,,,,,,,,10,taylj105,value,39,34,2,6,1,1,0,2,0,0,2,3,0,10,0,0,0,0,1,27,0,42,10,1,2,0,7,6,4,0,6,0,0,0,2,0,0,0,0,27,12,2,0,0,0,0,0,0,bondt102,allen102,strot101,simmw101,steat101,milth101,duncf102,clayz101,fostw101,fostw101,duncf102,clayz101,allen102,bondt102,strot101,simmw101,steat101,milth101,,19370921,0,DAY03,h,NNL,0,1,0,allstar,y,d
NNL193709230,NAL,,,,,,,,,,,,,,,,,,,,,,,,,,,,,,taylj105,value,,,7,,,,,,,,,,,,,,,,,27,,,,,,,8,,,,,,,,,,,,,27,,1,,,,,,,,,,,,,,,,,,,,,,,,,,19370923,0,TOL05,v,NNL,0,1,0,allstar,,
NNL193709230,NNL,,,,,,,,,,1,,,,,,,,,,,,,,,,,,,,harrv102,value,,,8,,,,,,,,,,,,,,,,,30,,,,,,,7,,,,,,,,,,,,,30,,,,,,,,,,,,,,,,,,,,,,,,,,,,19370923,0,TOL05,h,NAL,1,0,0,allstar,,
NNL193709240,NAL,0,0,0,0,0,0,0,0,0,,,,,,,,,,,,,,,,,,,,7,taylj105,value,34,34,0,7,1,0,0,0,0,0,0,0,0,0,0,0,0,0,0,24,0,43,9,1,1,1,9,9,10,0,0,0,1,0,0,0,1,0,0,24,8,0,0,0,0,1,1,0,milth101,marsj104,strot101,steat101,reduw101,duncf102,smith111,clayz101,coopa101,coopa101,duncf102,clayz101,milth101,marsj104,strot101,reduw101,steat101,smith111,,19370924,0,PIT06,v,NNL,0,1,0,allstar,y,d
NNL193709240,NNL,1,1,0,0,3,0,1,3,,,,,,,,,,,,,,,,,,,,,10,harrv102,value,43,33,9,9,1,1,1,8,0,0,0,10,0,0,1,0,0,0,0,27,0,34,7,1,0,0,0,0,0,0,0,0,0,0,0,0,0,0,0,27,11,0,0,0,0,0,0,0,benjj101,wellw101,harrv102,gibsj101,willj110,dandr101,perej103,carlm101,dulal101,dulal101,gibsj101,perej103,carlm101,dandr101,wellw101,harrv102,benjj101,willj110,,19370924,0,PIT06,h,NAL,1,0,0,allstar,y,d
NAL193709251,NNL,3,2,1,1,0,0,0,2,4,,,,,,,,,,,,,,,,,,,,,harrv102,value,,,13,,,,,,,,,,,,,,,,,27,,,,,,,8,,,,,,,,,,,,,27,,1,,0,,,,,,,,,,,,,,mcdut101,,,,,,,,,,19370925,1,PHI16,v,NAL,1,0,0,allstar,,
NAL193709251,NAL,4,0,0,4,0,0,0,0,0,,,,,,,,,,,,,,,,,,,,,taylj105,value,,,8,,,,,,,,,,,,,,,,,27,,,,,,,13,,,,,,,,,,,,,27,,0,,0,,,,,,,,,,,,,,mossp101,,,,,,,,,,19370925,1,PHI16,h,NNL,0,1,0,allstar,,
NAL193709252,NNL,,,,,,,,3,0,3,,,,,,,,,,,,,,,,,,,,harrv102,value,,,10,,,,,,,,,,,,,,,,,30,,,,,,,7,,,,,,,,,,,,,30,,0,,0,,,,,,,,,,,,,,,,,,,,,,,,19370925,2,PHI17,v,NAL,1,0,0,allstar,,
NAL193709252,NAL,,,,,,,,0,0,0,,,,,,,,,,,,,,,,,,,,taylj105,value,,,7,,,,,,,,,,,,,,,,,30,,,,,,,10,,,,,,,,,,,,,30,,0,,0,,,,,,,,,,,,,,kranf101,,,,,,,,,,19370925,2,PHI17,h,NNL,0,1,0,allstar,,
NNL193709261,NAL,1,0,0,2,6,4,1,0,0,,,,,,,,,,,,,,,,,,,,4,taylj105,value,45,39,14,12,2,0,4,13,1,0,0,5,0,7,0,0,0,0,2,27,0,44,14,2,1,2,11,11,2,0,5,0,0,0,1,0,3,0,0,27,9,0,0,0,0,0,3,0,milth101,allen102,strot101,steat101,cox-r102,marsj104,reduw101,browj111,cornw101,cornw101,browj111,strot101,marsj104,cox-r102,allen102,reduw101,steat101,milth101,,19370926,1,BAL10,v,NNL,1,0,0,allstar,y,d
NNL193709261,NNL,4,0,1,0,4,0,0,2,0,,,,,,,,,,,,,,,,,,,,6,harrv102,value,44,41,11,14,2,1,2,11,1,0,0,2,0,5,3,0,0,0,1,27,0,45,12,2,0,4,14,14,5,0,7,0,1,0,1,0,0,0,0,27,10,3,1,0,0,1,0,0,benjj101,wellw101,harrv102,gibsj101,leonb101,willj110,dandr101,carlm101,day-l101,day-l101,gibsj101,leonb101,carlm101,dandr101,wellw101,harrv102,benjj101,willj110,,19370926,1,BAL10,h,NAL,0,1,0,allstar,y,d
NNL193709262,NAL,1,0,0,0,0,0,,,,,,,,,,,,,,,,,,,,,,,,taylj105,value,,,1,,,,,,,,,,,,,,,,,15,,,,,,,8,,,,,,,,,,,,,15,,0,,0,,,,,,,,,,,,,,millp101,broww101,,,,,,,,,19370926,2,BAL10,v,NNL,0,1,0,allstar,,
NNL193709262,NNL,3,0,0,0,5,,,,,,,,,,,,,,,,,,,,,,,,,harrv102,value,,,8,,,,,,,,,,,,,,,,,18,,,,,,,1,,,,,,,,,,,,,18,,0,,0,,,,,,,,,,,,,,walke103,gibsj101,,,,,,,,,19370926,2,BAL10,h,NAL,1,0,0,allstar,,
NAL193709270,NNL,3,0,2,0,0,4,0,0,5,,,,,,,,,,,,,,,,,,,,,harrv102,value,,,14,20,,,,,,,,,,,,,,,,27,,,7,,,,4,,,,,,,,,,,,,27,,3,,0,,,,,,,,,,,,,,parkt101,duket102,,,,,,,,,19370927,0,NYC23,v,NAL,1,0,0,allstar,,
NAL193709270,NAL,0,0,0,0,0,0,1,3,0,,,,,,,,,,,,,,,,,,,,,taylj105,value,,,4,7,,,,,,,,,,,,,,,,27,,,20,,,,14,,,,,,,,,,,,,27,,4,,0,,,,,,,,,,,,,,coopa101,duncf102,,,,,,,,,19370927,0,NYC23,h,NNL,0,1,0,allstar,,
NNL193809240,NAL,0,0,0,2,0,0,0,0,1,,,,,,,,,,,,,,,,,,,,7,dismd101,value,37,35,3,8,0,0,1,3,0,0,0,2,0,0,0,0,0,0,0,24,0,48,14,5,2,0,14,11,6,0,0,1,0,0,0,0,0,0,0,24,0,5,0,0,0,0,0,0,jonej110,owens102,robin101,johnb111,taylj106,smitr113,fordj101,browl107,barnv103,barnv103,browl107,taylj106,fordj101,smitr113,robin101,johnb111,owens102,jonej110,,19380924,0,PHI17,v,NNL,0,1,0,allstar,y,d
NNL193809240,NNL,0,0,1,2,7,0,2,2,,,,,,,,,,,,,,,,,,,,,10,harrv102,value,48,41,14,14,5,2,0,11,0,0,1,6,0,0,0,0,0,0,4,27,0,37,8,0,0,1,3,3,2,0,0,0,0,0,0,0,0,0,0,27,0,0,0,0,0,0,0,0,wrigb104,hughs101,leonb101,gibsj101,banks101,wellw101,dandr101,dunnj104,mcdut101,mcdut101,gibsj101,leonb101,hughs101,dandr101,wellw101,wrigb104,banks101,dunnj104,,19380924,0,PHI17,h,NAL,1,0,0,allstar,y,d
NNL193809250,NAL,0,0,0,1,1,0,2,0,0,0,,,,,,,,,,,,,,,,,,,11,dismd101,value,45,36,4,7,2,0,1,4,1,0,0,8,0,12,0,0,0,0,1,29,0,40,8,3,0,0,5,5,4,0,3,0,0,0,0,0,0,2,0,29,8,2,0,0,0,0,0,2,fordj101,taylj106,johnb111,woodp104,robin101,cartc102,smitr113,browl107,trent101,trent101,browl107,taylj106,woodp104,smitr113,robin101,johnb111,cartc102,fordj101,,19380925,0,NYC14,v,NNL,0,1,0,allstar,y,d
NNL193809250,NNL,0,0,0,0,0,0,0,4,0,1,,,,,,,,,,,,,,,,,,,6,harrv102,value,40,36,5,8,3,0,0,5,0,0,0,4,0,3,0,2,0,0,1,30,0,45,7,2,0,1,4,2,8,0,12,0,0,0,1,0,0,0,1,30,10,1,0,0,1,0,0,0,wrigb104,willc106,banks101,gibsj101,suttm101,wellw101,dandr101,dunnj104,browr103,browr103,gibsj101,suttm101,willc106,dandr101,wellw101,dunnj104,banks101,wrigb104,,19380925,0,NYC14,h,NAL,1,0,0,allstar,y,d
NAL194109210,NNL,0,2,0,0,0,0,0,0,0,0,,,,,,,,,,,,,,,,,,,2,burnt102,value,34,33,2,6,0,0,0,2,0,0,0,1,0,8,1,,,0,,29,,40,5,0,1,0,3,,5,,6,0,0,0,2,1,2,,0,29,7,2,0,0,0,0,2,,kimbh102,duckm101,hoskb101,willj110,byass101,coopb101,coopa103,younn101,fillj101,fillj101,coopb101,byass101,coopa103,younn101,duckm101,hoskb101,kimbh102,willj110,,19410921,0,MEM03,v,NAL,0,1,0,exhibition,y,
NAL194109210,NAL,2,0,0,0,0,0,0,0,0,1,,,,,,,,,,,,,,,,,,,7,radct101,value,39,32,3,5,0,1,0,3,2,1,0,5,,6,2,,,0,,30,,35,6,0,0,0,2,2,1,0,8,0,0,0,0,0,1,,0,30,12,1,0,0,0,0,1,,bankf101,woodp104,hydec101,robin101,armob101,taylj106,browt105,bassp101,mcalf101,mcalf101,bassp101,taylj106,bankf101,woodp104,browt105,hydec101,robin101,armob101,,19410921,0,MEM03,h,NNL,1,0,0,exhibition,y,
