gid,team,inn1,inn2,inn3,inn4,inn5,inn6,inn7,inn8,inn9,inn10,inn11,inn12,inn13,inn14,inn15,inn16,inn17,inn18,inn19,inn20,inn21,inn22,inn23,inn24,inn25,inn26,inn27,inn28,lob,mgr,stattype,b_pa,b_ab,b_r,b_h,b_d,b_t,b_hr,b_rbi,b_sh,b_sf,b_hbp,b_w,b_iw,b_k,b_sb,b_cs,b_gdp,b_xi,b_roe,p_ipouts,p_noout,p_bfp,p_h,p_d,p_t,p_hr,p_r,p_er,p_w,p_iw,p_k,p_hbp,p_wp,p_bk,p_sh,p_sf,p_sb,p_cs,p_pb,d_po,d_a,d_e,d_dp,d_tp,d_pb,d_wp,d_sb,d_cs,start_l1,start_l2,start_l3,start_l4,start_l5,start_l6,start_l7,start_l8,start_l9,start_f1,start_f2,start_f3,start_f4,start_f5,start_f6,start_f7,start_f8,start_f9,start_f10,date,number,site,vishome,opp,win,loss,tie,gametype,box,pbp
BRG193705312,CUS,1,0,0,3,0,0,0,1,2,,,,,,,,,,,,,,,,,,,,14,levio101,value,48,41,7,12,3,1,0,,0,,1,6,,5,,,,,,26,,45,16,4,3,1,8,,2,,5,0,,,1,,,,,26,10,3,,,,,,,ramii101,hechr101,carrc107,carae101,perej101,etchc101,fabri101,abrej102,martf104,martf104,perej101,hechr101,etchc101,carrc107,ramii101,carae101,fabri101,abrej102,,19370531,2,NYC28,v,BRG,0,1,0,exhibition,y,
BRG193705312,BRG,1,4,1,1,0,0,0,0,1,,,,,,,,,,,,,,,,,,,,11,beckj104,value,45,42,8,16,4,3,1,,1,,0,2,,5,,,,,,27,,48,12,3,1,0,7,,6,,5,1,,,0,,,,,27,12,2,,,,,,,johnp104,grayw101,lundd103,brooa101,gisew101,smitu102,lewij103,gadsg101,owenr102,owenr102,lewij103,smitu102,gadsg101,brooa101,lundd103,johnp104,grayw101,owenr102,,19370531,2,NYC28,h,CUS,1,0,0,exhibition,y,
CUS193705311,BRG,1,0,5,1,0,0,0,1,0,,,,,,,,,,,,,,,,,,,,9,beckj104,value,44,34,8,8,3,0,0,,0,,0,10,,4,1,,,,,27,,45,10,2,2,0,7,,5,,7,0,0,,3,,0,,,27,11,3,,,,0,0,,johnp104,brooa101,lundd103,smitu102,gisew101,britg103,grayw101,gadsg101,staro101,staro101,britg103,smitu102,gadsg101,brooa101,lundd103,johnp104,grayw101,gisew101,,19370531,1,NYC28,v,CUS,1,0,0,exhibition,y,
CUS193705311,CUS,1,0,3,3,0,0,0,0,0,,,,,,,,,,,,,,,,,,,,11,levio101,value,45,37,7,10,2,2,0,,3,,0,5,,7,0,,,,,27,,44,8,3,0,0,8,,10,,4,0,1,,0,,1,,,27,13,1,,,,1,1,,ramii101,hechr101,carrc107,carae101,fernj101,etchc101,fabri101,abrej102,torra102,torra102,fernj101,hechr101,etchc101,carrc107,ramii101,carae101,fabri101,abrej102,,19370531,1,NYC28,h,BRG,0,1,0,exhibition,y,
BRG193707010,CUS,,,,,,,,,,,,,,,,,,,,,,,,,,,,,,levio101,value,,,10,,,,,,,,,,,,,,,,,27,,,,,,,9,,,,,,,,,,,,,27,,,,,,,,,,,,,,,,,,,,,,,,,,,,19370701,0,PAR01,v,BRG,1,0,0,exhibition,,
BRG193707010,BRG,,,,,,,,,,,,,,,,,,,,,,,,,,,,,,beckj104,value,,,9,,,,,,,,,,,,,,,,,27,,,,,,,10,,,,,,,,,,,,,27,,,,,,,,,,,,,,,,,,,,,,,,,,,,19370701,0,PAR01,h,CUS,0,1,0,exhibition,,
CUS193707050,BRG,0,1,2,0,0,0,0,1,1,0,,,,,,,,,,,,,,,,,,,8,beckj104,value,43,39,5,11,2,,,,2,,0,2,,7,,,0,,,30,,40,10,3,,,5,,0,,4,0,0,,0,,,,,30,18,2,1,,,0,,,johnp104,jeffh102,grayw101,brooa101,lewij103,smitu102,collu101,johnb113,rectc101,rectc101,lewij103,smitu102,johnb113,jeffh102,collu101,johnp104,grayw101,brooa101,,19370705,0,NYC28,v,CUS,0,0,1,exhibition,y,
CUS193707050,CUS,0,0,0,0,0,3,2,0,0,0,,,,,,,,,,,,,,,,,,,5,levio101,value,40,40,5,10,3,,,,0,,0,0,,4,,,1,,,30,,43,11,2,,,5,,2,,7,0,2,,2,,,,,30,16,3,0,,,2,,,miraj102,etchc101,carrc107,carae101,fernj101,hechr101,fabri101,abrej102,bragr101,bragr101,fernj101,etchc101,hechr101,carrc107,miraj102,carae101,fabri101,abrej102,,19370705,0,NYC28,h,BRG,0,0,1,exhibition,y,
