gid,id,team,d_seq,d_pos,stattype,d_ifouts,d_po,d_a,d_e,d_dp,d_tp,d_pb,d_wp,d_sb,d_cs,d_gs,date,number,site,vishome,opp,win,loss,tie,gametype,box,pbp,eject
SSN192707300,davis103,CAG,1,7,value,,1,0,0,0,0,,,,,1,19270730,0,STL12,v,SSN,0,1,0,regular,y,,
SSN192707300,davis103,CAG,2,9,value,,,,0,0,0,,,,,1,19270730,0,STL12,v,SSN,0,1,0,regular,y,,
CAG192708140,davis103,CAG,1,7,value,27,,,0,0,0,,,,,1,19270814,0,CHI09,h,MEM,1,0,0,regular,y,,
BIR192709190,davis103,CAG,1,7,value,24,1,0,0,0,0,,,,,1,19270919,0,BIR01,v,BIR,1,0,0,lcs,y,,
BIR192709200,davis103,CAG,1,7,value,27,2,0,0,0,0,,,,,1,19270920,0,BIR01,v,BIR,1,0,0,lcs,y,,
BIR192709210,davis103,CAG,1,7,value,26,0,0,0,0,0,,,,,1,19270921,0,BIR01,v,BIR,0,1,0,lcs,y,,
CAG192709240,davis103,CAG,1,9,value,27,0,0,0,0,0,,,,,1,19270924,0,CHI09,h,BIR,1,0,0,lcs,y,,
CAG192709250,davis103,CAG,1,9,value,27,3,,0,0,0,,,,,1,19270925,0,CHI09,h,BIR,1,0,0,lcs,y,,
CAG192710010,davis103,CAG,1,9,value,27,2,0,0,0,0,,,,,1,19271001,0,CHI09,h,ACY,1,0,0,championship,y,y,
CAG192710020,davis103,CAG,1,9,value,27,2,0,0,0,0,,,,,1,19271002,0,CHI09,h,ACY,1,0,0,championship,y,y,
CAG192710030,davis103,CAG,1,9,value,27,1,0,0,0,0,,,,,1,19271003,0,CHI09,h,ACY,1,0,0,championship,y,y,
CAG192710040,davis103,CAG,1,9,value,27,3,0,0,0,0,,,,,1,19271004,0,CHI09,h,ACY,1,0,0,championship,y,y,
ACY192710080,davis103,CAG,1,9,value,18,0,0,0,0,0,,,,,1,19271008,0,ACY01,v,ACY,0,1,0,championship,y,y,
ACY192710100,davis103,CAG,1,9,value,30,2,0,0,0,0,,,,,1,19271010,0,ACY01,v,ACY,0,0,1,championship,y,y,
ACY192710110,davis103,CAG,1,9,value,24,1,0,0,0,0,,,,,1,19271011,0,ACY01,v,ACY,0,1,0,championship,y,y,
ACY192710120,davis103,CAG,1,9,value,24,0,0,1,0,0,,,,,1,19271012,0,ACY01,v,ACY,0,1,0,championship,y,y,
ACY192710130,davis103,CAG,1,9,value,21,2,1,0,0,0,,,,,1,19271013,0,ACY01,v,ACY,1,0,0,championship,y,y,
CAG192809220,davis103,CAG,1,9,value,27,1,0,0,0,0,,,,,1,19280922,0,CHI09,h,SSN,1,0,0,lcs,y,,
CAG192809230,davis103,CAG,1,9,value,27,0,0,0,0,0,,,,,1,19280923,0,CHI09,h,SSN,1,0,0,lcs,y,,
CAG192809240,davis103,CAG,1,9,value,27,1,0,1,0,0,,,,,1,19280924,0,CHI09,h,SSN,0,1,0,lcs,y,,
CAG192809250,davis103,CAG,1,9,value,27,1,0,0,0,0,,,,,1,19280925,0,CHI09,h,SSN,0,1,0,lcs,y,,
SSN192809290,davis103,CAG,1,9,value,27,2,0,0,0,0,,,,,1,19280929,0,STL12,v,SSN,1,0,0,lcs,y,,
SSN192809300,davis103,CAG,1,9,value,21,1,0,0,0,0,,,,,1,19280930,0,STL12,v,SSN,0,1,0,lcs,y,,
SSN192810050,davis103,CAG,1,9,value,24,,,0,0,0,,,,,1,19281005,0,STL12,v,SSN,0,1,0,lcs,y,,
CAG192906290,davis103,CAG,1,3,value,27,13,1,0,0,0,,,,,1,19290629,0,CHI09,h,KCM,0,1,0,regular,y,,
CAG192910120,davis103,CAG,1,9,value,27,5,0,1,0,0,,,,,1,19291012,0,CHI09,h,ALN,1,0,0,exhibition,y,,
CAG192910150,davis103,CAG,1,7,value,27,0,0,0,0,0,,,,,1,19291015,0,CHI09,h,ALN,1,0,0,exhibition,y,,
CAG192910170,davis103,CAG,1,9,value,27,1,0,0,0,0,,,,,1,19291017,0,SPR02,h,ALN,1,0,0,exhibition,y,,
CAG193010050,davis103,CAG,1,9,value,27,5,0,0,0,0,,,,,1,19301005,0,CHI09,h,ALN,1,0,0,exhibition,y,,
NSH193209180,davis103,CAG,1,3,value,27,6,0,1,0,0,,,,,1,19320918,0,NSH02,v,NSH,1,0,0,lcs,y,,
NSH193210060,davis103,CAG,1,3,value,27,11,0,0,1,0,,,,,1,19321006,0,NSH02,v,NSH,1,0,0,lcs,y,,
PTC193307231,davis103,CAG,1,7,value,24,2,1,1,0,0,,,,,1,19330723,1,CLE06,v,PTC,0,1,0,regular,y,,
PTC193307232,davis103,CAG,1,7,value,,2,0,0,0,0,,,,,1,19330723,2,CLE06,v,PTC,0,1,0,regular,y,,
PTC193307232,davis103,CAG,2,3,value,,6,0,0,0,0,,,,,1,19330723,2,CLE06,v,PTC,0,1,0,regular,y,,
ASW193309100,davis103,ASW,1,7,value,27,5,0,0,0,0,,,,,1,19330910,0,CHI10,h,ASE,1,0,0,allstar,y,y,
CAG193310050,davis103,CAG,1,7,value,27,1,0,0,0,0,,,,,1,19331005,0,CIN07,h,SHV,1,0,0,exhibition,y,,
ASD193410120,davis103,KCM,1,9,value,27,1,0,0,0,0,,,,,1,19341012,0,KAN05,v,ASD,1,0,0,exhibition,y,,
CHM193410140,davis103,KCM,1,9,value,24,1,2,0,0,0,,,,,1,19341014,0,CHI15,v,CHM,0,1,0,exhibition,y,y,
CAG193505050,davis103,CAG,1,3,value,27,12,0,1,0,0,,,,,1,19350505,0,CHI16,h,NY6,1,0,0,regular,y,d,
PTC193505180,davis103,CAG,1,3,value,27,9,0,0,1,0,,,,,1,19350518,0,PIT09,v,PTC,1,0,0,regular,y,d,
PTC193505191,davis103,CAG,1,3,value,3,1,0,0,1,0,,,,,0,19350519,1,PIT09,v,PTC,0,1,0,regular,y,d,
PTC193505200,davis103,CAG,1,3,value,21,7,0,,,,,,,,1,19350520,0,PIT09,v,PTC,1,0,0,regular,y,,
PTC193505210,davis103,CAG,1,3,value,27,7,0,0,2,0,,,,,1,19350521,0,HRB01,v,PTC,1,0,0,regular,y,d,
BRN193505251,davis103,CAG,1,3,value,27,10,0,0,0,0,,,,,1,19350525,1,NYC15,v,BRN,1,0,0,regular,y,d,
BRN193505252,davis103,CAG,1,3,value,36,2,0,0,2,0,,,,,1,19350525,2,NYC15,v,BRN,1,0,0,regular,y,d,
BRN193505261,davis103,CAG,1,3,value,27,10,3,0,0,0,,,,,1,19350526,1,NYC15,v,BRN,0,1,0,regular,y,,
BRN193505262,davis103,CAG,2,7,value,,0,0,0,0,0,,,,,,19350526,2,NYC15,v,BRN,0,1,0,regular,y,,
HOM193505301,davis103,CAG,1,3,value,24,11,0,0,0,0,0,0,0,,,19350530,1,PIT09,v,HOM,0,1,0,regular,y,,
CAG193506010,davis103,CAG,1,7,value,3,1,0,0,0,0,,,,,0,19350601,0,CHI09,h,HOM,0,1,0,regular,y,d,
CAG193506021,davis103,CAG,1,7,value,27,1,0,1,0,0,0,0,0,,1,19350602,1,CHI09,h,HOM,0,1,0,regular,y,,
CAG193506022,davis103,CAG,1,7,value,21,0,,,0,0,0,0,0,,1,19350602,2,CHI09,h,HOM,1,0,0,regular,y,,
CAG193506030,davis103,CAG,1,7,value,27,2,0,0,0,0,,,,,1,19350603,0,CHI09,h,HOM,1,0,0,regular,y,d,
CAG193506080,davis103,CAG,1,3,value,27,5,1,0,1,0,0,0,0,,1,19350608,0,CHI09,h,PH5,1,0,0,regular,y,,
CAG193506091,davis103,CAG,1,3,value,27,10,0,0,1,0,,,,,1,19350609,1,CHI09,h,PH5,0,1,0,regular,y,d,
NW1193506150,davis103,CAG,1,7,value,15,8,0,0,0,0,,,,,1,19350615,0,IRV01,v,NW1,0,1,0,regular,y,d,
NW1193506150,davis103,CAG,2,3,value,9,0,1,0,1,0,,,,,0,19350615,0,IRV01,v,NW1,0,1,0,regular,y,d,
NW1193506161,davis103,CAG,1,3,value,24,11,,2,1,0,0,0,0,,1,19350616,1,IRV01,v,NW1,0,1,0,regular,y,,
NW1193506162,davis103,CAG,1,3,value,21,,,0,,,,,,,1,19350616,2,IRV01,v,NW1,1,0,0,regular,y,,
NW1193506170,davis103,CAG,1,7,value,21,0,0,0,0,0,,,,,1,19350617,0,NBR01,v,NW1,0,1,0,regular,y,d,
PH5193506221,davis103,CAG,1,3,value,3,0,0,0,0,0,,,,,1,19350622,1,PHI17,v,PH5,0,1,0,regular,y,d,
PH5193506221,davis103,CAG,2,7,value,25,4,0,1,0,0,,,,,0,19350622,1,PHI17,v,PH5,0,1,0,regular,y,d,
PH5193506222,davis103,CAG,1,3,value,19,6,,1,,,,,,,1,19350622,2,PHI17,v,PH5,0,1,0,regular,y,,
PH5193506231,davis103,CAG,1,7,value,27,3,0,0,0,0,,,,,1,19350623,1,PHI16,v,PH5,1,0,0,regular,y,d,
PH5193506231,davis103,CAG,2,9,value,3,0,0,0,0,0,,,,,0,19350623,1,PHI16,v,PH5,1,0,0,regular,y,d,
PH5193506232,davis103,CAG,1,3,value,18,7,,0,,,,,,,1,19350623,2,PHI16,v,PH5,1,0,0,regular,y,,
PH5193506240,davis103,CAG,1,3,value,24,12,1,0,,,,,,,1,19350624,0,CHE03,v,PH5,0,1,0,regular,y,,
CAG193506290,davis103,CAG,1,3,value,27,14,,1,0,0,0,0,0,,1,19350629,0,CHI09,h,BRN,0,1,0,regular,y,,
CAG193506301,davis103,CAG,1,3,value,27,1,0,0,1,0,,,,,1,19350630,1,CHI09,h,BRN,0,1,0,regular,y,d,
CAG193506302,davis103,CAG,1,3,value,21,9,0,0,0,0,,,,,1,19350630,2,CHI09,h,BRN,1,0,0,regular,y,d,
CAG193507073,davis103,CAG,1,3,value,27,4,0,0,4,0,,,,,1,19350707,3,MIL03,h,NW1,1,0,0,exhibition,y,d,
NY6193507130,davis103,CAG,1,3,value,29,8,0,0,2,0,,,,,1,19350713,0,BEL02,v,NY6,0,1,0,regular,y,d,
NY6193507141,davis103,CAG,1,3,value,24,4,1,0,1,0,,,0,,1,19350714,1,NYC25,v,NY6,0,1,0,regular,y,,
PTC193507200,davis103,CAG,1,3,value,3,1,0,0,1,,,,,,,19350720,0,PIT09,v,PTC,0,1,0,regular,y,,
PTC193507211,davis103,CAG,1,3,value,24,7,1,0,,,,,,,1,19350721,1,CLE06,v,PTC,0,1,0,regular,y,,
PTC193507212,davis103,CAG,1,3,value,,2,0,0,,,,,,,1,19350721,2,CLE06,v,PTC,0,1,0,regular,y,,
PTC193507212,davis103,CAG,2,7,value,,1,0,0,,,,,,,,19350721,2,CLE06,v,PTC,0,1,0,regular,y,,
