gid,id,team,d_seq,d_pos,stattype,d_ifouts,d_po,d_a,d_e,d_dp,d_tp,d_pb,d_wp,d_sb,d_cs,d_gs,date,number,site,vishome,opp,win,loss,tie,gametype,box,pbp,eject
CAG193010050,andrj104,CAG,1,8,value,,1,0,0,0,0,,,,,,19301005,0,CHI09,h,ALN,1,0,0,exhibition,y,,
NY6193607191,andrj104,NY6,1,7,value,18,1,0,0,0,0,,,,,1,19360719,1,NYC25,h,PH5,1,0,0,regular,y,d,
NY6193607192,andrj104,NY6,1,7,value,21,0,0,0,0,0,,,,,1,19360719,2,NYC25,h,PH5,1,0,0,regular,y,d,
NY6193607250,andrj104,NY6,1,7,value,27,0,0,0,0,0,,,,,1,19360725,0,PAT01,h,BRG,1,0,0,exhibition,y,d,
NY6193607261,andrj104,NY6,1,7,value,27,4,1,0,0,0,,,,,1,19360726,1,NYC25,h,PH5,0,1,0,regular,y,d,
NY6193607262,andrj104,NY6,2,7,value,27,1,0,0,0,0,,,,,1,19360726,2,NYC25,h,PH5,1,0,0,regular,y,,
NY6193608092,andrj104,NY6,1,7,value,21,0,0,0,0,0,,,,,1,19360809,2,NYC25,h,PTC,0,1,0,regular,y,d,
NY6193608100,andrj104,NY6,1,7,value,27,0,0,0,0,0,,,,,1,19360810,0,HAR02,h,PTC,0,1,0,exhibition,y,d,
NY6193608150,andrj104,NY6,1,7,value,27,5,0,0,0,0,,,,,1,19360815,0,PAT01,h,NW2,1,0,0,regular,y,d,
NY6193608220,andrj104,NY6,1,7,value,27,0,0,0,0,0,,,,,1,19360822,0,PAT01,h,PH6,1,0,0,exhibition,y,d,
NY6193608231,andrj104,NY6,1,7,value,9,2,0,0,0,0,,,,,1,19360823,1,NYC25,h,NW2,0,1,0,exhibition,y,d,
NY6193608231,andrj104,NY6,2,9,value,18,0,0,0,0,0,,,,,0,19360823,1,NYC25,h,NW2,0,1,0,exhibition,y,d,
NY6193608232,andrj104,NY6,1,9,value,24,2,0,0,0,0,,,,,1,19360823,2,NYC25,h,NW2,0,1,0,exhibition,y,d,
NY6193608240,andrj104,NY6,1,7,value,27,0,0,0,0,0,,,,,1,19360824,0,HAR02,h,NW2,1,0,0,exhibition,y,d,
NW2193608301,andrj104,NY6,1,7,value,24,0,0,0,0,0,,,,,1,19360830,1,NWK04,v,NW2,0,1,0,regular,y,d,
NY6193609030,andrj104,NY6,1,7,value,27,2,,0,,,,,,,1,19360903,0,PHI17,h,WEG,1,0,0,exhibition,y,,
NY6193609061,andrj104,NY6,1,7,value,27,0,0,0,0,0,,,,,1,19360906,1,NYC25,h,NY5,0,1,0,regular,y,d,
NY6193609062,andrj104,NY6,1,7,value,9,1,0,0,0,,,,,,1,19360906,2,NYC25,h,NY5,1,0,0,regular,y,,
NY6193609120,andrj104,NY6,1,7,value,27,3,0,0,0,0,,,,,1,19360912,0,PAT01,h,CUS,1,0,0,exhibition,y,d,
NY6193609131,andrj104,NY6,,7,value,,,,,,,,,,,1,19360913,1,NYC25,h,PH5,1,0,0,exhibition,,,
PTC193706192,andrj104,PTC,1,7,value,21,1,1,0,1,0,,,,,1,19370619,2,PIT09,h,PH5,0,1,0,regular,y,d,
PTC193706260,andrj104,PTC,1,7,value,27,2,0,1,0,0,,,,,1,19370626,0,PIT09,h,HOM,0,1,0,regular,y,,
HOM193706271,andrj104,PTC,1,7,value,24,2,0,1,0,0,,,,,1,19370627,1,CLE06,v,HOM,0,1,0,regular,y,d,
HOM193706272,andrj104,PTC,1,8,value,18,2,,0,,,,,0,,1,19370627,2,CLE06,v,HOM,0,1,0,regular,y,,
PTC193707040,andrj104,PTC,1,8,value,27,3,0,,,,,,,,1,19370704,0,PIT09,h,HOM,0,1,0,regular,y,,
PTC193707051,andrj104,PTC,1,8,value,27,3,1,0,0,0,,,,,1,19370705,1,PIT09,h,HOM,1,0,0,regular,y,d,
PTC193707112,andrj104,PTC,1,8,value,21,2,0,0,0,0,,,,,1,19370711,2,CLE06,h,NY5,0,1,0,regular,y,d,
PTC193707130,andrj104,PTC,1,7,value,24,4,0,0,0,0,,,,,1,19370713,0,CHA02,h,NY5,0,1,0,regular,y,d,
PH5193707150,andrj104,PTC,1,7,value,24,1,0,0,0,0,,,,,1,19370715,0,YOR03,v,PH5,0,1,0,regular,y,d,
NY5193708280,andrj104,CUS,1,9,value,27,3,0,0,0,0,,,,,1,19370828,0,PAT01,v,NY5,1,0,0,exhibition,y,d,
PTC193804240,andrj104,WBS,1,7,value,24,0,0,0,0,0,,,,,1,19380424,0,PIT09,v,PTC,0,1,0,exhibition,y,d,
WBS193805150,andrj104,WBS,1,7,value,27,2,0,0,0,0,,,,,1,19380515,0,WAS09,h,BFA,1,0,0,exhibition,y,d,
WBS193805210,andrj104,WBS,1,7,value,27,3,0,0,0,0,,,,,1,19380521,0,WAS09,h,NY5,0,1,0,regular,y,d,
WBS193805220,andrj104,WBS,1,7,value,27,3,0,0,0,0,,,,,1,19380522,0,WAS09,h,NY5,0,1,0,regular,y,,
HOM193805280,andrj104,WBS,1,7,value,24,0,0,0,0,0,,,,,1,19380528,0,PPB01,v,HOM,0,1,0,regular,y,d,
HOM193805291,andrj104,WBS,1,7,value,24,,,0,,,,,,,1,19380529,1,CLE07,v,HOM,0,1,0,regular,y,,
HOM193805301,andrj104,WBS,1,7,value,9,1,0,,,,,,,,,19380530,1,PIT09,v,HOM,0,1,0,regular,y,,
HOM193805310,andrj104,WBS,1,7,value,12,1,0,0,0,0,,,,,0,19380531,0,CAN03,v,HOM,0,1,0,regular,y,d,
PH5193806041,andrj104,WBS,1,6,value,,0,0,0,,,,,,,,19380604,1,PHI17,v,PH5,0,1,0,regular,y,,
WBS193806192,andrj104,WBS,1,7,value,21,,,0,0,,,,,,1,19380619,2,WAS09,h,PTC,1,0,0,regular,y,,
WBS193807020,andrj104,WBS,2,9,value,,1,0,0,,,,,,,,19380702,0,WAS09,h,NW2,0,1,0,regular,y,,
WBS193807031,andrj104,WBS,1,7,value,27,1,0,,,,,,,,1,19380703,1,WAS09,h,PH5,0,1,0,regular,y,,
BLG193807160,andrj104,WBS,1,7,value,23,0,,,,,,,,,1,19380716,0,BAL14,v,BLG,1,0,0,regular,y,,
PH5193807280,andrj104,WBS,1,9,value,24,0,0,1,0,0,,,,,1,19380728,0,PHI17,v,PH5,0,1,0,regular,y,d,
ATN193809251,andrj104,BIR,1,9,value,24,0,0,0,0,0,,,,,1,19380925,1,ATL04,v,ATN,0,1,0,exhibition,y,d,
ATN193809252,andrj104,BIR,1,9,value,18,0,0,0,0,0,,,,,1,19380925,2,ATL04,v,ATN,0,1,0,exhibition,y,d,
ATN193904190,andrj104,ATN,1,7,value,21,1,0,0,0,0,,,,,1,19390419,0,GRI01,h,CAG,1,0,0,exhibition,y,d,
ATN193904210,andrj104,ATN,1,7,value,27,0,0,0,0,0,,,,,1,19390421,0,ATL04,h,HOM,0,1,0,exhibition,y,d,
ATN193904230,andrj104,ATN,1,7,value,27,1,0,0,0,0,,,,,1,19390423,0,ATL04,h,NW2,0,1,0,exhibition,y,d,
ATN193904240,andrj104,ATN,1,7,value,27,2,1,0,0,0,,,,,1,19390424,0,BIR01,h,NW2,0,1,0,exhibition,y,d,
NW2193904270,andrj104,ATN,1,7,value,21,3,0,0,0,0,,,,,1,19390427,0,MAC01,v,NW2,0,1,0,exhibition,y,d,
ATN193904280,andrj104,ATN,1,7,value,24,,,,,0,0,,,,,19390428,0,SEL01,h,HOM,1,0,0,exhibition,,,
NW2193904300,andrj104,ATN,1,7,value,24,4,,0,,0,,,,,1,19390430,0,MAC01,v,NW2,0,1,0,exhibition,y,,
SSA193905120,andrj104,ATN,1,7,value,21,3,0,0,0,0,,,,,1,19390512,0,MOU01,v,SSA,1,0,0,exhibition,y,d,
SSA193905140,andrj104,ATN,1,7,value,21,3,0,1,0,0,,,,,1,19390514,0,STL13,v,SSA,1,0,0,regular,y,d,
SSA193905150,andrj104,ATN,1,7,value,24,2,0,0,0,0,,,,,1,19390515,0,STL13,v,SSA,0,1,0,regular,y,d,
CV9193905211,andrj104,ATN,1,7,value,24,1,0,0,0,0,,,,,1,19390521,1,CLE06,v,CV9,0,1,0,regular,y,d,
CV9193905212,andrj104,ATN,1,7,value,15,1,0,0,0,0,,,,,1,19390521,2,CLE07,v,CV9,0,1,0,regular,y,y,
KCM193905260,andrj104,ATN,1,7,value,24,2,0,0,0,0,,,,,1,19390526,0,DES01,v,KCM,0,1,0,regular,y,d,
KCM193905281,andrj104,ATN,1,9,value,24,0,0,0,0,0,,,,,1,19390528,1,KAN05,v,KCM,0,1,0,regular,y,d,
KCM193905282,andrj104,ATN,1,9,value,6,1,0,0,0,0,,,,,1,19390528,2,KAN05,v,KCM,0,1,0,regular,y,d,
KCM193905282,andrj104,ATN,2,7,value,12,0,0,0,0,0,,,,,0,19390528,2,KAN05,v,KCM,0,1,0,regular,y,d,
SSA193905300,andrj104,ATN,1,7,value,9,,,0,0,0,,,,,1,19390530,0,STL13,v,SSA,0,1,0,regular,y,,
SSA193905300,andrj104,ATN,2,1,value,5,,,0,0,0,,,,,1,19390530,0,STL13,v,SSA,0,1,0,regular,y,,
MEM193906040,andrj104,ATN,1,7,value,24,5,1,0,0,0,,,,,1,19390604,0,MEM02,v,MEM,0,1,0,regular,y,d,
CV9193906120,andrj104,ATN,1,7,value,27,,,0,,0,0,,,,,19390612,0,JKV01,v,CV9,1,0,0,regular,,,
ATN193906140,andrj104,ATN,1,9,value,27,1,0,0,0,0,,,,,1,19390614,0,ATL04,h,CV9,1,0,0,regular,y,d,
ATN193906150,andrj104,ATN,1,9,value,33,0,0,0,0,0,,,,,1,19390615,0,ATL04,h,CV9,0,1,0,regular,y,d,
ATN193906180,andrj104,ATN,1,9,value,24,0,0,0,0,0,,,,,1,19390618,0,ATL04,h,MEM,1,0,0,regular,y,d,
ATN193906200,andrj104,ATN,1,7,value,27,,,,0,0,,,,,1,19390620,0,ATL04,h,MEM,1,0,0,regular,y,,
CAG194004142,andrj104,BIR,1,7,value,18,0,0,0,0,0,,,,,1,19400414,2,NOL01,v,CAG,0,1,0,exhibition,y,,
BIR194004211,andrj104,BIR,1,7,value,27,3,0,0,0,0,,,,,1,19400421,1,BIR01,h,BLG,0,1,0,exhibition,y,,
BIR194004212,andrj104,BIR,1,7,value,21,1,0,0,0,0,,,,,1,19400421,2,BIR01,h,BLG,1,0,0,exhibition,y,,
BLG194004281,andrj104,BIR,1,7,value,24,3,,0,0,0,,,,,1,19400428,1,NSH02,v,BLG,0,1,0,exhibition,y,,
BIR194005121,andrj104,BIR,1,7,value,27,3,0,0,0,0,,,,,1,19400512,1,BIR01,h,KCM,0,1,0,regular,y,,
BIR194005122,andrj104,BIR,1,7,value,21,4,,1,0,0,,,,,1,19400512,2,BIR01,h,KCM,1,0,0,regular,y,,
BIR194005170,andrj104,BIR,1,7,value,27,,,0,,0,0,,,,1,19400517,0,ANN01,h,SNO,0,1,0,regular,,,
BIR194005191,andrj104,BIR,1,7,value,30,2,0,1,0,0,,,,,1,19400519,1,BIR01,h,SNO,0,1,0,regular,y,,
BIR194005192,andrj104,BIR,1,9,value,21,1,0,0,0,0,,,,,1,19400519,2,BIR01,h,SNO,1,0,0,regular,y,,
MEM194006091,andrj104,BIR,1,7,value,,2,,0,0,0,,,,,,19400609,1,MEM02,v,MEM,1,0,0,regular,y,,
MEM194006092,andrj104,BIR,1,7,value,18,0,,0,0,0,,,,,1,19400609,2,MEM02,v,MEM,0,1,0,regular,y,,
MEM194006100,andrj104,BIR,1,7,value,27,1,0,1,0,0,,,,,1,19400610,0,MEM02,v,MEM,1,0,0,regular,y,,
BIR194006231,andrj104,BIR,1,7,value,30,1,0,0,0,0,,,,,1,19400623,1,BIR01,h,CV9,0,1,0,regular,y,,
BIR194006232,andrj104,BIR,1,7,value,21,0,0,0,0,0,,,,,1,19400623,2,BIR01,h,CV9,1,0,0,regular,y,,
CV9194006280,andrj104,BIR,1,7,value,12,0,0,0,0,0,,,,,1,19400628,0,ATL04,v,CV9,1,0,0,regular,y,,
CV9194006301,andrj104,BIR,1,9,value,27,,,0,0,0,,,,,1,19400630,1,ATL04,v,CV9,1,0,0,regular,y,,
CV9194006302,andrj104,BIR,1,9,value,18,,,0,0,0,,,,,1,19400630,2,ATL04,v,CV9,0,1,0,regular,y,,
KCM194007040,andrj104,BIR,1,7,value,24,0,0,0,0,0,,,,,1,19400704,0,KAN05,v,KCM,0,1,0,regular,y,,
MEM194007141,andrj104,BIR,1,7,value,27,0,0,0,0,0,,,,,1,19400714,1,MEM02,v,MEM,1,0,0,regular,y,,
MEM194007142,andrj104,BIR,1,7,value,18,1,0,0,0,0,,,,,1,19400714,2,MEM02,v,MEM,0,1,0,regular,y,,
CAG194007211,andrj104,BIR,1,7,value,29,3,0,0,0,0,,,,,1,19400721,1,CHI09,v,CAG,0,1,0,regular,y,,
BIR194008041,andrj104,BIR,1,7,value,27,2,0,0,0,0,,,,,1,19400804,1,BIR01,h,KCM,1,0,0,regular,y,,
BIR194008042,andrj104,BIR,1,7,value,21,0,0,0,0,0,,,,,1,19400804,2,BIR01,h,KCM,0,1,0,regular,y,,
BIR194008181,andrj104,BIR,1,7,value,27,1,0,0,0,0,,,,,1,19400818,1,BIR01,h,CAG,1,0,0,exhibition,y,,
BIR194008182,andrj104,BIR,1,7,value,21,0,0,0,0,0,,,,,1,19400818,2,BIR01,h,CAG,1,0,0,exhibition,y,,
KCM194009010,andrj104,BIR,1,7,value,24,2,0,1,0,0,,,,,1,19400901,0,KAN05,v,KCM,0,1,0,regular,y,,
SNO194009150,andrj104,BIR,1,7,value,24,0,0,0,0,0,,,,,1,19400915,0,NOL01,v,SNO,0,1,0,exhibition,y,,
BIR194009221,andrj104,BIR,1,7,value,27,1,0,0,0,0,,,,,1,19400922,1,BIR01,h,BLG,0,1,0,exhibition,y,,
BIR194009222,andrj104,BIR,1,7,value,21,0,0,0,0,0,,,,,1,19400922,2,BIR01,h,BLG,1,0,0,exhibition,y,,
AST194010041,andrj104,AST,1,8,value,21,2,0,0,0,0,,,,,1,19401004,1,NOL01,h,NAS,0,1,0,allstar,y,,
CAG194205031,andrj104,JAX,1,7,value,24,,,0,,0,0,,,,,19420503,1,OKC01,v,CAG,0,1,0,exhibition,,,
BIR194205101,andrj104,JAX,1,7,value,24,4,0,0,0,0,,,,,1,19420510,1,BIR01,v,BIR,0,1,0,regular,y,,
MEM194206071,andrj104,JAX,1,9,value,9,1,0,0,0,0,,,,,,19420607,1,LRK02,v,MEM,0,1,0,regular,y,,
BIR194207041,andrj104,JAX,1,9,value,24,0,0,0,0,0,,,,,1,19420704,1,BIR01,v,BIR,0,1,0,regular,y,,
BIR194207042,andrj104,JAX,1,9,value,21,1,0,0,0,0,,,,,1,19420704,2,BIR01,v,BIR,1,0,0,regular,y,,
NY5194207261,andrj104,CAG,1,7,value,24,0,0,0,0,0,,,,,1,19420726,1,NYC16,v,NY5,0,1,0,exhibition,y,,
PH5194207300,andrj104,CAG,1,7,value,24,2,0,0,0,0,,,,,1,19420730,0,PHI17,v,PH5,0,1,0,exhibition,y,,
BLG194208100,andrj104,CAG,1,7,value,24,1,0,0,0,0,,,,,1,19420810,0,YOR03,v,BLG,0,1,0,exhibition,y,,
PH5194208150,andrj104,CAG,1,7,value,24,1,,0,0,0,,,,,1,19420815,0,PHI17,v,PH5,0,1,0,exhibition,y,,
NW2194208160,andrj104,CAG,1,7,value,24,,,0,0,0,,,,,1,19420816,0,NWK04,v,NW2,0,1,0,exhibition,y,,
HOM194208181,andrj104,CAG,1,9,value,24,1,0,1,0,0,,,,,1,19420818,1,AKR01,v,HOM,0,1,0,exhibition,y,,
HOM194208182,andrj104,CAG,1,7,value,24,0,0,0,0,0,,,,,1,19420818,2,CAN03,v,HOM,0,1,0,exhibition,y,,
HOM194208190,andrj104,CAG,1,7,value,24,1,0,0,0,0,,,,,1,19420819,0,OIL01,v,HOM,0,1,0,exhibition,y,,
CAG194208201,andrj104,CAG,1,7,value,27,,,0,0,0,,,,,1,19420820,1,RCI01,h,CCB,0,1,0,regular,y,,
KCM194208231,andrj104,CAG,1,7,value,41,4,0,1,0,0,,,,,1,19420823,1,KAN05,v,KCM,0,1,0,regular,y,,
KCM194208232,andrj104,CAG,1,7,value,18,3,0,0,0,0,,,,,1,19420823,2,KAN05,v,KCM,0,1,0,regular,y,,
CAG194208302,andrj104,CAG,1,7,value,21,0,0,0,0,0,,,,,1,19420830,2,CHI10,h,HOM,0,1,0,regular,y,d,
CAG194209040,andrj104,CAG,1,7,value,27,1,0,0,0,0,,,,,1,19420904,0,DAV01,h,NY6,0,1,0,exhibition,y,,
CAG194209071,andrj104,CAG,1,7,value,27,1,0,0,0,0,,,,,1,19420907,1,KAN05,h,BIR,0,1,0,regular,y,,
CAG194209072,andrj104,CAG,1,7,value,15,0,0,0,0,0,,,,,1,19420907,2,KAN05,h,BIR,1,0,0,regular,y,,
CAG194209080,andrj104,CAG,1,7,value,27,1,0,0,0,0,,,,,1,19420908,0,STJ01,h,BIR,0,1,0,exhibition,y,,
MEM194209131,andrj104,CAG,1,8,value,24,,,0,0,0,,,,,1,19420913,1,MEM02,v,MEM,0,1,0,exhibition,y,,
MEM194209132,andrj104,CAG,1,8,value,21,,,0,0,0,,,,,1,19420913,2,MEM02,v,MEM,1,0,0,exhibition,y,,
