gid,id,team,d_seq,d_pos,stattype,d_ifouts,d_po,d_a,d_e,d_dp,d_tp,d_pb,d_wp,d_sb,d_cs,d_gs,date,number,site,vishome,opp,win,loss,tie,gametype,box,pbp,eject
PH5193906172,mannm101,NW2,1,1,value,5,0,,0,0,0,,,,,,19390617,2,PHI17,v,PH5,0,1,0,regular,y,,
BLG193906182,mannm101,NW2,1,1,value,18,,,0,,0,0,,,,1,19390618,2,BAL10,v,BLG,1,0,0,regular,,,
NW2193907130,mannm101,NW2,1,1,value,24,0,0,0,0,0,,,,,0,19390713,0,NWK04,h,NY5,1,0,0,regular,y,d,
BLG193907232,mannm101,NW2,1,1,value,12,0,1,0,0,0,,,,,1,19390723,2,WAS09,v,BLG,0,1,0,regular,y,d,
HOM193908020,mannm101,NW2,1,1,value,12,0,0,0,0,0,,,,,1,19390802,0,PIT06,v,HOM,0,1,0,regular,y,,
HOM193908061,mannm101,NW2,1,1,value,24,0,1,0,0,0,,,,,1,19390806,1,IND10,v,HOM,0,1,0,exhibition,y,,
PH5193908122,mannm101,NW2,1,1,value,9,0,,0,0,0,,,,,1,19390812,2,PHI17,v,PH5,0,1,0,regular,y,,
NW2193908132,mannm101,NW2,1,1,value,2,,,0,0,0,,,,,,19390813,2,NWK04,h,PH5,0,1,0,regular,y,,
NW2193908202,mannm101,NW2,1,1,value,27,0,0,2,0,0,,,,,1,19390820,2,NWK04,h,NY6,1,0,0,regular,y,d,
NY5193908271,mannm101,NW2,1,1,value,24,0,1,0,0,0,,,,,1,19390827,1,WAS09,v,NY5,0,1,0,exhibition,y,d,
NW2193909060,mannm101,NW2,1,1,value,15,0,0,0,0,0,,,,,0,19390906,0,NWK04,h,BLG,1,0,0,divisionseries,y,d,
BLG193909102,mannm101,NW2,1,1,value,15,0,0,0,0,0,,,,,1,19390910,2,BAL10,v,BLG,0,1,0,divisionseries,y,d,
CV9194004170,mannm101,NW2,1,1,value,6,0,,0,0,0,,,,,,19400417,0,JKV01,v,CV9,0,1,0,exhibition,y,,
NW2194005050,mannm101,NW2,1,1,value,6,,,0,0,0,,,,,,19400505,0,NWK04,h,NY5,1,0,0,regular,y,,
NY5194005060,mannm101,NW2,1,1,value,,,,0,,0,0,,,,,19400506,0,POR01,v,NY5,0,1,0,exhibition,,,
NY5194005122,mannm101,NW2,1,1,value,6,1,0,0,0,0,,,,,1,19400512,2,NOR02,v,NY5,0,1,0,regular,y,,
NW2194005130,mannm101,NW2,1,1,value,8,,1,1,0,0,,,,,1,19400513,0,DUR01,h,NY5,0,1,0,exhibition,y,,
PH5194005181,mannm101,NW2,1,1,value,15,0,1,0,0,0,,,,,1,19400518,1,PHI17,v,PH5,0,1,0,regular,y,y,
NW2194005270,mannm101,NW2,1,1,value,19,1,0,0,0,0,,,,,,19400527,0,SPR06,h,NY6,1,0,0,regular,y,,
NW2194005301,mannm101,NW2,1,1,value,9,,,0,0,0,,,,,,19400530,1,NWK04,h,BLG,0,1,0,regular,y,,
NW2194006022,mannm101,NW2,1,1,value,14,0,0,0,0,0,,,,,,19400602,2,ALB02,h,PH5,0,1,0,regular,y,,
NW2194006091,mannm101,NW2,1,1,value,6,,,0,0,0,,,,,,19400609,1,NWK04,h,HOM,1,0,0,regular,y,,
NW2194006092,mannm101,NW2,1,1,value,12,,,0,0,0,,,,,1,19400609,2,NWK04,h,HOM,0,1,0,regular,y,,
NW2194006130,mannm101,NW2,1,1,value,3,,,0,0,0,,,,,,19400613,0,NWK04,h,HOM,0,1,0,regular,y,,
PH5194006151,mannm101,NW2,1,1,value,27,,,0,0,0,,,,,1,19400615,1,PHI17,v,PH5,1,0,0,regular,y,,
HOM194006161,mannm101,NW2,1,1,value,1,0,1,0,0,0,,,,,,19400616,1,WAS09,v,HOM,0,1,0,regular,y,,
NW2194006270,mannm101,NW2,1,1,value,27,,,0,0,0,,,,,1,19400627,0,NWK04,h,NY6,1,0,0,regular,y,,
PH5194007042,mannm101,NW2,1,1,value,27,0,2,0,0,0,,,,,1,19400704,2,PHI17,v,PH5,1,0,0,regular,y,,
NW2194007072,mannm101,NW2,1,1,value,9,,,0,0,0,,,,,,19400707,2,NWK04,h,BLG,0,1,0,regular,y,,
NW2194007180,mannm101,NW2,1,1,value,22,,,0,0,0,,,,,1,19400718,0,NWK04,h,NY5,1,0,0,regular,y,,
NW2194007212,mannm101,NW2,1,1,value,21,,,0,0,0,,,,,1,19400721,2,NWK04,h,NY5,1,0,0,regular,y,,
NY5194007282,mannm101,NW2,1,1,value,6,,,0,0,0,,,,,,19400728,2,WAS09,v,NY5,1,0,0,regular,y,,
NW2194008041,mannm101,NW2,1,1,value,27,,,1,0,0,,,,,1,19400804,1,NWK04,h,PH5,1,0,0,regular,y,,
NW2194008200,mannm101,NW2,1,1,value,27,,,0,0,0,,,,,1,19400820,0,NWK04,h,PH5,1,0,0,regular,y,,
NW2194008240,mannm101,NW2,1,1,value,27,,,0,,0,0,,,,1,19400824,0,ACY02,h,HOM,0,0,1,regular,,,
NW2194008251,mannm101,NW2,1,1,value,27,,,0,0,0,,,,,1,19400825,1,NWK04,h,HOM,1,0,0,regular,y,,
NW2194009021,mannm101,NW2,1,1,value,15,,,0,0,0,,,,,1,19400902,1,NWK04,h,BLG,0,1,0,regular,y,,
NW2194009060,mannm101,NW2,1,1,value,27,0,1,0,0,0,,,,,1,19400906,0,BEL02,h,BLG,1,0,0,exhibition,y,,
BIR194105041,mannm101,NW2,1,1,value,27,0,1,0,0,0,,,,,1,19410504,1,BIR01,v,BIR,1,0,0,exhibition,y,,
NW2194105110,mannm101,NW2,1,1,value,5,,,0,0,0,,,,,,19410511,0,NWK04,h,NY6,0,1,0,regular,y,,
NW2194105150,mannm101,NW2,1,1,value,3,,,0,0,0,,,,,,19410515,0,NWK04,h,NY6,1,0,0,regular,y,,
NW2194105182,mannm101,NW2,1,1,value,18,,,0,0,0,,,,,1,19410518,2,NWK04,h,PH5,1,0,0,regular,y,,
PH5194105190,mannm101,NW2,1,1,value,3,0,0,0,0,0,,,,,,19410519,0,CHE01,v,PH5,1,0,0,regular,y,,
NW2194105252,mannm101,NW2,1,1,value,21,,,1,0,0,,,,,1,19410525,2,NWK04,h,BLG,1,0,0,regular,y,,
NY5194105302,mannm101,NW2,1,1,value,26,0,0,0,0,0,,,,,1,19410530,2,NYC16,v,NY5,0,1,0,regular,y,,
PH5194106142,mannm101,NW2,1,1,value,7,0,,0,0,0,,,,,,19410614,2,PHI17,v,PH5,1,0,0,regular,y,,
PH5194106152,mannm101,NW2,1,1,value,18,0,1,0,0,0,,,,,1,19410615,2,HRB01,v,PH5,0,1,0,regular,y,,
NW2194106222,mannm101,NW2,1,1,value,20,,,0,0,0,,,,,1,19410622,2,NWK04,h,HOM,0,0,1,regular,y,,
BLG194106270,mannm101,NW2,1,1,value,11,,,0,0,0,,,,,1,19410627,0,BAL14,v,BLG,0,1,0,regular,y,,
NW2194107061,mannm101,NW2,1,1,value,11,,,0,0,0,,,,,,19410706,1,NWK04,h,NY6,0,1,0,regular,y,,
NW2194107100,mannm101,NW2,1,1,value,27,,,1,0,0,,,,,1,19410710,0,NWK04,h,BLG,1,0,0,regular,y,,
BLG194107180,mannm101,NW2,1,1,value,,,,0,,0,0,,,,1,19410718,0,BAL14,v,BLG,0,1,0,regular,,,
BLG194107250,mannm101,NW2,1,1,value,,,,0,,0,0,,,,1,19410725,0,BAL14,v,BLG,0,1,0,regular,,,
BLG194107261,mannm101,NW2,1,6,value,,0,0,0,0,0,,,,,,19410726,1,PHI17,v,BLG,0,1,0,exhibition,y,,
NW2194107271,mannm101,NW2,1,1,value,27,,,0,0,0,,,,,1,19410727,1,NWK04,h,SNO,1,0,0,exhibition,y,,
NW2194107310,mannm101,NW2,1,1,value,5,,,0,0,0,,,,,,19410731,0,NWK04,h,NY5,0,1,0,regular,y,,
NW2194108031,mannm101,NW2,1,1,value,27,,,0,0,0,,,,,1,19410803,1,NWK04,h,NY5,1,0,0,regular,y,,
NW2194108090,mannm101,NW2,1,1,value,24,0,2,0,0,0,,,,,1,19410809,0,PAT01,h,NY6,0,1,0,regular,y,,
HOM194108200,mannm101,NW2,1,1,value,,,,0,,0,0,,,,1,19410820,0,IND10,v,HOM,1,0,0,regular,,,
HOM194108220,mannm101,NW2,1,9,value,27,0,1,1,0,0,,,,,1,19410822,0,CAN03,v,HOM,1,0,0,regular,y,,
NW2194108241,mannm101,NW2,1,1,value,6,0,0,0,0,0,,,,,,19410824,1,NYC16,h,KCM,0,1,0,exhibition,y,,
NW2194108312,mannm101,NW2,1,1,value,15,,,0,0,0,,,,,,19410831,2,NWK04,h,BLG,0,1,0,regular,y,,
NW2194204150,mannm101,NW2,1,1,value,9,,,0,,0,0,,,,,19420415,0,RAL01,h,HOM,0,1,0,exhibition,,,
NY6194205050,mannm101,NW2,1,1,value,21,,,0,,0,0,,,,1,19420505,0,NOR02,v,NY6,1,0,0,exhibition,,,
NW2194205102,mannm101,NW2,1,1,value,12,,,1,0,0,,,,,1,19420510,2,NWK04,h,NY6,0,1,0,regular,y,,
PH5194205162,mannm101,NW2,1,1,value,21,1,2,0,0,0,,,,,1,19420516,2,PHI17,v,PH5,1,0,0,regular,y,,
NW2194205241,mannm101,NW2,1,1,value,21,,,1,0,0,,,,,,19420524,1,NWK04,h,BLG,0,1,0,regular,y,,
BLG194205301,mannm101,NW2,1,1,value,10,,,0,0,0,,,,,,19420530,1,BAL14,v,BLG,0,1,0,regular,y,,
PH5194206071,mannm101,NW2,1,1,value,21,0,1,0,0,0,,,,,,19420607,1,PHI17,v,PH5,1,0,0,regular,y,,
HOM194206142,mannm101,NW2,1,1,value,18,,,0,,0,0,,,,1,19420614,2,IND10,v,HOM,0,1,0,regular,,,
NW2194206180,mannm101,NW2,1,1,value,21,,,0,0,0,,,,,1,19420618,0,NWK04,h,NY6,1,0,0,regular,y,,
PH5194206250,mannm101,NW2,1,1,value,15,0,3,0,0,0,,,,,1,19420625,0,PHI17,v,PH5,0,1,0,regular,y,,
HOM194206282,mannm101,NW2,1,1,value,27,,,0,0,0,,,,,1,19420628,2,WAS09,v,HOM,0,0,1,regular,y,,
NW2194207052,mannm101,NW2,1,1,value,9,,,0,0,0,,,,,1,19420705,2,NWK04,h,PH5,0,1,0,regular,y,,
NW2194207090,mannm101,NW2,1,1,value,27,,,0,0,0,,,,,1,19420709,0,NWK04,h,BLG,1,0,0,regular,y,,
PH5194207191,mannm101,NW2,1,1,value,7,,,0,,0,0,,,,1,19420719,1,BUF06,v,PH5,0,1,0,regular,,,
CCB194207290,mannm101,NW2,1,1,value,27,0,1,0,0,0,,,,,1,19420729,0,AKR01,v,CCB,1,0,0,exhibition,y,,
NW2194208022,mannm101,NW2,1,1,value,21,,,0,0,0,,,,,1,19420802,2,NWK04,h,CCB,1,0,0,exhibition,y,,
NW2194208100,mannm101,NW2,1,1,value,,,,0,,0,0,,,,,19420810,0,NOR02,h,NY6,0,0,1,exhibition,,,
NW2194208160,mannm101,NW2,1,1,value,27,,,0,0,0,,,,,1,19420816,0,NWK04,h,CAG,1,0,0,exhibition,y,,
BLG194208210,mannm101,NW2,1,1,value,24,,,0,0,0,,,,,1,19420821,0,BAL14,v,BLG,0,1,0,regular,y,,
NW2194208301,mannm101,NW2,1,1,value,2,,,0,,0,0,,,,,19420830,1,NOR02,h,NY6,1,0,0,regular,,,
NW2194208302,mannm101,NW2,1,1,value,18,,,0,,0,0,,,,1,19420830,2,NOR02,h,NY6,0,1,0,regular,,,
NW2194209062,mannm101,NW2,1,1,value,21,,,0,0,0,,,,,1,19420906,2,NYC15,h,HOM,1,0,0,regular,y,,
NW2194306280,mannm101,NW2,1,1,value,27,,,,,0,,,,,1,19430628,0,RIC04,h,HOM,0,1,0,regular,,,
NW2194307020,mannm101,NW2,1,1,value,27,0,0,1,0,0,0,0,0,,1,19430702,0,RIC04,h,HOM,0,1,0,regular,y,,
PH5194605060,mannm101,NW2,1,1,value,27,0,2,0,0,0,,,,,1,19460506,0,WIL04,v,PH5,1,0,0,regular,y,,
NW2194605140,mannm101,NW2,1,1,value,6,0,0,0,0,0,,,,,0,19460514,0,NWK04,h,HOM,0,0,1,regular,y,d,
NW2194605191,mannm101,NW2,1,1,value,6,0,0,0,0,0,,,,,0,19460519,1,NWK04,h,BLG,0,1,0,regular,y,d,
NW2194605240,mannm101,NW2,1,1,value,3,0,2,0,0,0,,,,,1,19460524,0,TRE01,h,PH5,0,1,0,regular,y,,
NW2194605301,mannm101,NW2,1,1,value,3,0,0,0,0,0,,,,,0,19460530,1,NWK04,h,PH5,0,1,0,regular,y,d,
NW2194606030,mannm101,NW2,1,1,value,3,0,0,0,0,0,,,,,0,19460603,0,NOR02,h,BLG,1,0,0,regular,y,d,
BLG194606072,mannm101,NW2,1,1,value,30,1,3,0,0,0,,,,,1,19460607,2,BAL14,v,BLG,1,0,0,regular,y,,
HOM194606130,mannm101,NW2,1,1,value,6,,,0,,0,0,,,,,19460613,0,WAS09,v,HOM,0,1,0,regular,,,
NW2194606162,mannm101,NW2,1,1,value,25,0,0,0,0,0,,,,,1,19460616,2,NWK04,h,NY5,1,0,0,regular,y,d,
NW2194606250,mannm101,NW2,1,1,value,27,0,1,0,1,0,,,,,1,19460625,0,NWK04,h,HOM,1,0,0,regular,y,d,
NW2194606280,mannm101,NW2,1,1,value,12,,,0,0,0,,,,,,19460628,0,NWK04,h,HOM,1,0,0,regular,y,,
NY5194607040,mannm101,NW2,1,1,value,27,0,0,0,0,0,,,,,1,19460704,0,NYC16,v,NY5,1,0,0,regular,y,d,
NW2194607100,mannm101,NW2,1,1,value,27,,,0,0,0,,,,,1,19460710,0,NWK04,h,NY5,1,0,0,regular,y,,
NW2194607160,mannm101,NW2,1,1,value,27,,,0,0,0,,,,,1,19460716,0,NWK04,h,KCM,1,0,0,exhibition,y,,
CVB194607230,mannm101,NW2,1,1,value,24,,,0,0,0,,,,,1,19460723,0,ERI01,v,CVB,0,1,0,exhibition,y,,
HOM194607282,mannm101,NW2,1,1,value,3,0,,0,0,0,,,,,,19460728,2,WAS09,v,HOM,1,0,0,regular,y,,
NY5194608050,mannm101,NW2,1,1,value,24,0,1,0,0,0,,,,,0,19460805,0,NYC23,v,NY5,1,0,0,regular,y,d,
PH5194608121,mannm101,NW2,1,1,value,27,0,3,0,0,0,,,,,1,19460812,1,PHI11,v,PH5,1,0,0,regular,y,,
NW2194608230,mannm101,NW2,1,1,value,27,,,0,0,0,,,,,1,19460823,0,NWK04,h,NY6,1,0,0,regular,y,,
BLG194608300,mannm101,NW2,1,1,value,33,0,3,0,0,0,,,,,1,19460830,0,BAL14,v,BLG,0,0,1,regular,y,,
NW2194609040,mannm101,NW2,1,1,value,27,0,0,0,0,0,,,,,1,19460904,0,NWK04,h,NY6,1,0,0,regular,y,d,
NW2194609190,mannm101,NW2,1,1,value,27,0,1,1,0,0,,,,,1,19460919,0,NWK04,h,KCM,1,0,0,championship,y,d,
KCM194609230,mannm101,NW2,1,1,value,1,0,0,0,0,0,,,,,0,19460923,0,KAN05,v,KCM,0,1,0,championship,y,d,
KCM194609250,mannm101,NW2,1,1,value,24,0,3,0,0,0,,,,,1,19460925,0,CHI10,v,KCM,0,1,0,championship,y,d,
ASP194610011,mannm101,ASP,1,1,value,27,0,0,1,0,0,,,,,1,19461001,1,YOU01,h,ASF,0,1,0,exhibition,y,d,
ASP194610050,mannm101,ASP,1,1,value,21,,,0,,0,0,,,,,19461005,0,NWK04,h,ASF,0,1,0,exhibition,,,
ASF194610100,mannm101,ASP,1,1,value,3,0,0,0,0,0,,,,,0,19461010,0,RCI01,v,ASF,0,1,0,exhibition,y,d,
ASP194610122,mannm101,ASP,1,9,value,21,0,0,0,0,0,,,,,1,19461012,2,WIC01,h,ASF,0,1,0,exhibition,y,d,
NY6194704270,mannm101,NW2,1,1,value,15,0,0,0,0,0,,,,,1,19470427,0,NYC14,v,NY6,0,1,0,regular,y,d,
BLG194705060,mannm101,NW2,1,1,value,25,0,0,1,0,0,,,,,1,19470506,0,BAL14,v,BLG,0,1,0,regular,y,d,
NW2194705111,mannm101,NW2,1,1,value,27,0,0,0,0,0,,,,,1,19470511,1,NWK04,h,PH5,1,0,0,regular,y,d,
NW2194705182,mannm101,NW2,1,1,value,6,,,0,0,0,,,,,1,19470518,2,NWK04,h,HOM,0,1,0,regular,y,,
BLG194705261,mannm101,NW2,1,1,value,27,0,6,0,0,0,,,,,1,19470526,1,PHI11,v,BLG,1,0,0,regular,y,,
NW2194705302,mannm101,NW2,1,1,value,21,0,1,0,1,0,,,,,1,19470530,2,NYC15,h,HOM,1,0,0,regular,y,,
HOM194706040,mannm101,NW2,1,1,value,27,0,2,0,0,0,,,,,1,19470604,0,PIT06,v,HOM,1,0,0,regular,y,,
NW2194706120,mannm101,NW2,1,1,value,27,1,3,0,0,0,,,,,1,19470612,0,NYC15,h,NY6,1,0,0,regular,y,d,
NW2194706151,mannm101,NW2,1,1,value,7,0,1,0,0,0,,,,,,19470615,1,NYC15,h,NY6,0,1,0,regular,y,,
NW2194706190,mannm101,NW2,1,1,value,27,,,0,,0,0,,,,1,19470619,0,TRE01,h,NY5,1,0,0,regular,,,
NY6194706231,mannm101,NW2,1,1,value,33,1,1,0,,,,,,,1,19470623,1,PHI11,v,NY6,1,0,0,regular,y,,
NY5194706291,mannm101,NW2,1,1,value,27,,,0,,0,0,,,,1,19470629,1,NYC16,v,NY5,1,0,0,regular,,,
NW2194707041,mannm101,NW2,1,1,value,27,,,0,0,0,,,,,1,19470704,1,NWK04,h,PH5,1,0,0,regular,y,,
NW2194707090,mannm101,NW2,1,1,value,27,,,0,,0,0,,,,1,19470709,0,TRE01,h,BLG,1,0,0,regular,,,
NW2194707160,mannm101,NW2,1,1,value,27,,,0,,0,0,,,,1,19470716,0,TRE01,h,HOM,0,1,0,regular,,,
NW2194707240,mannm101,NW2,1,1,value,6,0,0,0,0,0,,,,,1,19470724,0,NYC15,h,BLG,0,1,0,regular,y,,
ASW194707270,mannm101,ASE,1,1,value,7,0,0,0,0,0,,,,,1,19470727,0,CHI10,v,ASW,0,1,0,allstar,y,d,
NW2194708020,mannm101,NW2,1,1,value,27,0,3,0,1,0,,,,,1,19470802,0,WIL04,h,BLG,0,1,0,regular,y,,
NW2194708050,mannm101,NW2,1,1,value,6,0,0,0,0,0,,,,,0,19470805,0,NWK04,h,NY6,0,1,0,regular,y,d,
NW2194708101,mannm101,NW2,1,1,value,2,,,0,0,0,,,,,1,19470810,1,NWK04,h,PH5,0,1,0,regular,y,,
NW2194708171,mannm101,NW2,1,1,value,27,,,0,0,0,,,,,1,19470817,1,NWK04,h,NY5,1,0,0,regular,y,,
NW2194708200,mannm101,NW2,1,1,value,9,,,0,0,0,,,,,,19470820,0,NWK04,h,CAG,0,1,0,exhibition,y,,
NW2194708311,mannm101,NW2,1,1,value,27,,,0,0,0,,,,,1,19470831,1,NWK04,h,BLG,1,0,0,regular,y,,
NW2194709071,mannm101,NW2,1,1,value,27,,,2,0,0,,,,,1,19470907,1,NWK04,h,PH5,1,0,0,regular,y,,
NW2194709142,mannm101,NW2,1,1,value,21,2,0,0,0,0,,,,,1,19470914,2,NYC15,h,HOM,1,0,0,regular,y,d,
BLG194805040,mannm101,NW2,1,1,value,25,0,2,0,0,0,,,,,1,19480504,0,BAL14,v,BLG,1,0,0,regular,y,d,
NW2194805280,mannm101,NW2,1,1,value,27,0,0,0,0,0,,,,,1,19480528,0,NWK04,h,NY6,1,0,0,regular,y,d,
NW2194806030,mannm101,NW2,1,1,value,27,0,0,1,0,0,,,,,1,19480603,0,NWK04,h,PH5,1,0,0,regular,y,d,
BLG194806131,mannm101,NW2,1,1,value,6,0,0,0,0,0,0,,,,1,19480613,1,BAL14,v,BLG,0,1,0,regular,y,,
NW2194806202,mannm101,NW2,1,1,value,21,0,0,0,0,0,,,,,1,19480620,2,NWK04,h,BLG,1,0,0,regular,y,d,
NW2194806290,mannm101,NW2,1,1,value,27,0,0,0,0,0,,,,,1,19480629,0,NWK04,h,HOM,0,1,0,regular,y,d,
HOM194807041,mannm101,NW2,1,1,value,27,1,1,0,0,0,,,,,1,19480704,1,WAS09,v,HOM,1,0,0,regular,y,d,
BLG194807070,mannm101,NW2,1,1,value,27,0,1,0,0,0,0,,,,1,19480707,0,WIL04,v,BLG,1,0,0,regular,y,,
BLG194807090,mannm101,NW2,1,1,value,24,1,3,0,0,0,,,,,1,19480709,0,BAL14,v,BLG,0,1,0,regular,y,d,
NW2194807160,mannm101,NW2,1,1,value,27,0,0,0,0,0,,,,,1,19480716,0,NWK04,h,NY5,1,0,0,regular,y,d,
BLG194807230,mannm101,NW2,1,1,value,18,0,0,0,0,0,,,,,1,19480723,0,BAL14,v,BLG,0,0,1,regular,y,d,
NW2194807310,mannm101,NW2,1,1,value,27,,,0,,0,0,,,,1,19480731,0,TRE01,h,BLG,1,0,0,regular,,,
NW2194808081,mannm101,NW2,1,1,value,33,0,0,1,0,0,,,,,1,19480808,1,NWK04,h,CAG,1,0,0,exhibition,y,d,
BLG194808151,mannm101,NW2,1,1,value,24,0,0,0,0,0,,,,,1,19480815,1,BAL14,v,BLG,0,1,0,regular,y,d,
ASE194808240,mannm101,ASE,1,1,value,9,0,0,0,0,0,,,,,1,19480824,0,NYC16,h,ASW,1,0,0,allstar,y,y,
NY6194808290,mannm101,NW2,1,1,value,27,0,0,0,0,0,,,,,1,19480829,0,NYC14,v,NY6,1,0,0,regular,y,d,
NW2194809052,mannm101,NW2,1,1,value,21,0,0,0,0,0,,,,,1,19480905,2,NWK04,h,NY5,1,0,0,regular,y,d,
NW2194809080,mannm101,NW2,1,1,value,6,0,0,0,0,0,,,,,0,19480908,0,NWK04,h,HOM,0,1,0,regular,y,d,
BLG194809122,mannm101,NW2,1,1,value,21,,,0,,0,0,,,,1,19480912,2,BAL14,v,BLG,1,0,0,regular,,,
HOE194905190,mannm101,HOE,2,1,value,5,,,,,,,,,,,19490519,0,WFL01,h,KCM,0,1,0,regular,,,
HOE194905221,mannm101,HOE,,1,value,,,,,,,,,,,,19490522,1,HOU04,h,MEM,1,0,0,regular,,,
PH5194905302,mannm101,HOE,1,1,value,24,0,1,0,0,0,,,,,0,19490530,2,WIL04,v,PH5,1,0,0,regular,y,d,
BLG194906070,mannm101,HOE,1,1,value,27,,,,,,,,,,1,19490607,0,BAL14,v,BLG,1,0,0,regular,,,
MEM194906130,mannm101,HOE,2,1,value,,,,,,,,,,,,19490613,0,OKC02,v,MEM,0,1,0,regular,,,
LCB194906191,mannm101,HOE,1,1,value,27,,,,,,,,,,1,19490619,1,CLE06,v,LCB,1,0,0,regular,,,
CAG194906261,mannm101,HOE,2,1,value,,,,0,,,,,,,,19490626,1,CHI10,v,CAG,0,1,0,regular,,,
MEM194907010,mannm101,HOE,1,1,value,24,,,,,,,,,,1,19490701,0,JON01,v,MEM,0,1,0,regular,,,
HOE194907102,mannm101,HOE,1,1,value,3,,,,,,,,,,,19490710,2,HOU04,h,IN9,1,0,0,regular,,,
HOE194907130,mannm101,HOE,1,1,value,27,,,0,,,,,,,1,19490713,0,DAL02,h,IN9,1,0,0,regular,,,
IN9194907180,mannm101,HOE,1,1,value,27,,,,,,,,,,1,19490718,0,CIN07,v,IN9,1,0,0,regular,,,
HOE194907241,mannm101,HOE,1,1,value,27,,,,,,,,,,1,19490724,1,HOU04,h,LCB,1,0,0,regular,,,
KCM194908071,mannm101,HOE,1,1,value,26,0,1,1,0,0,,,,,1,19490807,1,KAN05,v,KCM,1,0,0,regular,y,d,
KCM194908110,mannm101,HOE,1,1,value,27,1,1,0,0,0,,,,,1,19490811,0,OMA03,v,KCM,1,0,0,regular,y,d,
BLG194908160,mannm101,HOE,1,1,value,27,0,0,0,0,0,,,,,1,19490816,0,BAL14,v,BLG,1,0,0,regular,y,d,
NY6194908212,mannm101,HOE,1,1,value,24,0,2,0,0,0,,,,,1,19490821,2,NYC14,v,NY6,0,1,0,regular,y,d,
MEM194908260,mannm101,HOE,1,1,value,27,,,,,,,,,,1,19490826,0,MEM02,v,MEM,1,0,0,regular,,,
