id,last,first,bat,throw,team,g,g_p,g_sp,g_rp,g_c,g_1b,g_2b,g_3b,g_ss,g_lf,g_cf,g_rf,g_of,g_dh,g_ph,g_pr,first_g,last_g,season
armep101,Armenteros,Pablo,?,?,CUE,0,0,0,0,0,0,0,0,0,0,0,0,0,0,0,0,0,0,1916
barob101,Baro,Bernardo,L,L,CUE,0,0,0,0,0,0,0,0,0,0,0,0,0,0,0,0,0,0,1916
fabej101,Fabelo,Julian,R,R,CUE,0,0,0,0,0,0,0,0,0,0,0,0,0,0,0,0,0,0,1916
fernj101,Fernandez,Jose Maria,R,R,CUE,0,0,0,0,0,0,0,0,0,0,0,0,0,0,0,0,0,0,1916
guerm103,Guerra,Marcelino,R,R,CUE,0,0,0,0,0,0,0,0,0,0,0,0,0,0,0,0,0,0,1916
lazaa101,Lazaga,Agapito,?,L,CUE,0,0,0,0,0,0,0,0,0,0,0,0,0,0,0,0,0,0,1916
portb103,Portuondo,Bartolo,R,R,CUE,0,0,0,0,0,0,0,0,0,0,0,0,0,0,0,0,0,0,1916
ramir101,Ramirez,Ramiro,R,R,CUE,0,0,0,0,0,0,0,0,0,0,0,0,0,0,0,0,0,0,1916
rojoj101,Rojo,Julio,B,R,CUE,0,0,0,0,0,0,0,0,0,0,0,0,0,0,0,0,0,0,1916
suarj101,Suarez,Jose,R,R,CUE,0,0,0,0,0,0,0,0,0,0,0,0,0,0,0,0,0,0,1916
terar101,Teran,Recurvon,?,R,CUE,0,0,0,0,0,0,0,0,0,0,0,0,0,0,0,0,0,0,1916
calde102,Calderin,Evelio,R,R,CUE,0,0,0,0,0,0,0,0,0,0,0,0,0,0,0,0,0,0,1917
chacp101,Chacon,Pelayo,R,R,CUE,0,0,0,0,0,0,0,0,0,0,0,0,0,0,0,0,0,0,1917
fabej101,Fabelo,Julian,R,R,CUE,0,0,0,0,0,0,0,0,0,0,0,0,0,0,0,0,0,0,1917
fernj101,Fernandez,Jose Maria,R,R,CUE,0,0,0,0,0,0,0,0,0,0,0,0,0,0,0,0,0,0,1917
leonu103,Leon,,?,?,CUE,0,0,0,0,0,0,0,0,0,0,0,0,0,0,0,0,0,0,1917
oms-a101,Oms,Alejandro,L,L,CUE,0,0,0,0,0,0,0,0,0,0,0,0,0,0,0,0,0,0,1917
paniu101,Panier,,?,?,CUE,0,0,0,0,0,0,0,0,0,0,0,0,0,0,0,0,0,0,1917
parpa101,Parpetti,Agustin,R,R,CUE,0,0,0,0,0,0,0,0,0,0,0,0,0,0,0,0,0,0,1917
ramir101,Ramirez,Ramiro,R,R,CUE,0,0,0,0,0,0,0,0,0,0,0,0,0,0,0,0,0,0,1917
rivaf101,Rivas,Francisco,R,R,CUE,0,0,0,0,0,0,0,0,0,0,0,0,0,0,0,0,0,0,1917
rojoj101,Rojo,Julio,B,R,CUE,0,0,0,0,0,0,0,0,0,0,0,0,0,0,0,0,0,0,1917
suarj101,Suarez,Jose,R,R,CUE,0,0,0,0,0,0,0,0,0,0,0,0,0,0,0,0,0,0,1917
baram101,Baranda,Manuel,?,?,CUE,0,0,0,0,0,0,0,0,0,0,0,0,0,0,0,0,0,0,1918
calde102,Calderin,Evelio,R,R,CUE,0,0,0,0,0,0,0,0,0,0,0,0,0,0,0,0,0,0,1918
chacp101,Chacon,Pelayo,R,R,CUE,0,0,0,0,0,0,0,0,0,0,0,0,0,0,0,0,0,0,1918
cresr101,Crespo,Rogelio,R,R,CUE,0,0,0,0,0,0,0,0,0,0,0,0,0,0,0,0,0,0,1918
cruzr101,Cruz,Rafael,?,?,CUE,0,0,0,0,0,0,0,0,0,0,0,0,0,0,0,0,0,0,1918
fabri101,Fabre,Isidro,R,R,CUE,0,0,0,0,0,0,0,0,0,0,0,0,0,0,0,0,0,0,1918
fernj101,Fernandez,Jose Maria,R,R,CUE,0,0,0,0,0,0,0,0,0,0,0,0,0,0,0,0,0,0,1918
lazaa101,Lazaga,Agapito,?,L,CUE,0,0,0,0,0,0,0,0,0,0,0,0,0,0,0,0,0,0,1918
leonu103,Leon,,?,?,CUE,0,0,0,0,0,0,0,0,0,0,0,0,0,0,0,0,0,0,1918
manzh101,Manzano,Hilario,?,?,CUE,0,0,0,0,0,0,0,0,0,0,0,0,0,0,0,0,0,0,1918
padrj101,Padron,Juan,L,L,CUE,0,0,0,0,0,0,0,0,0,0,0,0,0,0,0,0,0,0,1918
peree101,Perez,Eduardo Valdes,L,L,CUE,0,0,0,0,0,0,0,0,0,0,0,0,0,0,0,0,0,0,1918
ramir101,Ramirez,Ramiro,R,R,CUE,0,0,0,0,0,0,0,0,0,0,0,0,0,0,0,0,0,0,1918
rojoj101,Rojo,Julio,B,R,CUE,0,0,0,0,0,0,0,0,0,0,0,0,0,0,0,0,0,0,1918
terar101,Teran,Recurvon,?,R,CUE,0,0,0,0,0,0,0,0,0,0,0,0,0,0,0,0,0,0,1918
boadl101,Boada,Lucas,R,R,CUE,0,0,0,0,0,0,0,0,0,0,0,0,0,0,0,0,0,0,1919
calde102,Calderin,Evelio,R,R,CUE,0,0,0,0,0,0,0,0,0,0,0,0,0,0,0,0,0,0,1919
chacp101,Chacon,Pelayo,R,R,CUE,0,0,0,0,0,0,0,0,0,0,0,0,0,0,0,0,0,0,1919
cresr101,Crespo,Rogelio,R,R,CUE,0,0,0,0,0,0,0,0,0,0,0,0,0,0,0,0,0,0,1919
drekv101,Dreke,Valentin,L,R,CUE,0,0,0,0,0,0,0,0,0,0,0,0,0,0,0,0,0,0,1919
fernj101,Fernandez,Jose Maria,R,R,CUE,0,0,0,0,0,0,0,0,0,0,0,0,0,0,0,0,0,0,1919
gonzr101,Gonzalez,Ramon,R,R,CUE,0,0,0,0,0,0,0,0,0,0,0,0,0,0,0,0,0,0,1919
padrj101,Padron,Juan,L,L,CUE,0,0,0,0,0,0,0,0,0,0,0,0,0,0,0,0,0,0,1919
ramir101,Ramirez,Ramiro,R,R,CUE,0,0,0,0,0,0,0,0,0,0,0,0,0,0,0,0,0,0,1919
rojoj101,Rojo,Julio,B,R,CUE,0,0,0,0,0,0,0,0,0,0,0,0,0,0,0,0,0,0,1919
suarj101,Suarez,Jose,R,R,CUE,0,0,0,0,0,0,0,0,0,0,0,0,0,0,0,0,0,0,1919
terar101,Teran,Recurvon,?,R,CUE,0,0,0,0,0,0,0,0,0,0,0,0,0,0,0,0,0,0,1919
boadl101,Boada,Lucas,R,R,CUE,0,0,0,0,0,0,0,0,0,0,0,0,0,0,0,0,0,0,1920
borrm101,Borroto,Mario,?,?,CUE,0,0,0,0,0,0,0,0,0,0,0,0,0,0,0,0,0,0,1920
campt101,Campos,Tatica,R,R,CUE,0,0,0,0,0,0,0,0,0,0,0,0,0,0,0,0,0,0,1920
chacp101,Chacon,Pelayo,R,R,CUE,0,0,0,0,0,0,0,0,0,0,0,0,0,0,0,0,0,0,1920
fabej101,Fabelo,Julian,R,R,CUE,0,0,0,0,0,0,0,0,0,0,0,0,0,0,0,0,0,0,1920
fabri101,Fabre,Isidro,R,R,CUE,0,0,0,0,0,0,0,0,0,0,0,0,0,0,0,0,0,0,1920
fernj101,Fernandez,Jose Maria,R,R,CUE,0,0,0,0,0,0,0,0,0,0,0,0,0,0,0,0,0,0,1920
jimee102,Jimenez,Eusebio,?,R,CUE,0,0,0,0,0,0,0,0,0,0,0,0,0,0,0,0,0,0,1920
juncj101,Junco,Jose,?,L,CUE,0,0,0,0,0,0,0,0,0,0,0,0,0,0,0,0,0,0,1920
lazaa101,Lazaga,Agapito,?,L,CUE,0,0,0,0,0,0,0,0,0,0,0,0,0,0,0,0,0,0,1920
leonu103,Leon,,?,?,CUE,0,0,0,0,0,0,0,0,0,0,0,0,0,0,0,0,0,0,1920
medel101,Mederos,Lico,R,R,CUE,0,0,0,0,0,0,0,0,0,0,0,0,0,0,0,0,0,0,1920
padrj101,Padron,Juan,L,L,CUE,0,0,0,0,0,0,0,0,0,0,0,0,0,0,0,0,0,0,1920
ramir101,Ramirez,Ramiro,R,R,CUE,0,0,0,0,0,0,0,0,0,0,0,0,0,0,0,0,0,0,1920
romaj103,Romagosa,Jesus,?,?,CUE,0,0,0,0,0,0,0,0,0,0,0,0,0,0,0,0,0,0,1920
terar101,Teran,Recurvon,?,R,CUE,0,0,0,0,0,0,0,0,0,0,0,0,0,0,0,0,0,0,1920
valdl101,Valdes,Lucio,?,?,CUE,0,0,0,0,0,0,0,0,0,0,0,0,0,0,0,0,0,0,1920
borrm101,Borroto,Mario,?,?,CUE,0,0,0,0,0,0,0,0,0,0,0,0,0,0,0,0,0,0,1921
campt101,Campos,Tatica,R,R,CUE,0,0,0,0,0,0,0,0,0,0,0,0,0,0,0,0,0,0,1921
chacp101,Chacon,Pelayo,R,R,CUE,0,0,0,0,0,0,0,0,0,0,0,0,0,0,0,0,0,0,1921
fabej101,Fabelo,Julian,R,R,CUE,0,0,0,0,0,0,0,0,0,0,0,0,0,0,0,0,0,0,1921
fabri101,Fabre,Isidro,R,R,CUE,0,0,0,0,0,0,0,0,0,0,0,0,0,0,0,0,0,0,1921
juncj101,Junco,Jose,?,L,CUE,0,0,0,0,0,0,0,0,0,0,0,0,0,0,0,0,0,0,1921
levio101,Levis,Oscar,L,R,CUE,0,0,0,0,0,0,0,0,0,0,0,0,0,0,0,0,0,0,1921
mesap101,Mesa,Pablo,L,L,CUE,0,0,0,0,0,0,0,0,0,0,0,0,0,0,0,0,0,0,1921
miraj101,Mirabal,Juanelo,R,R,CUE,0,0,0,0,0,0,0,0,0,0,0,0,0,0,0,0,0,0,1921
oms-a101,Oms,Alejandro,L,L,CUE,0,0,0,0,0,0,0,0,0,0,0,0,0,0,0,0,0,0,1921
padrj101,Padron,Juan,L,L,CUE,0,0,0,0,0,0,0,0,0,0,0,0,0,0,0,0,0,0,1921
rodrv101,Rodriguez,Vicente,?,R,CUE,0,0,0,0,0,0,0,0,0,0,0,0,0,0,0,0,0,0,1921
terar101,Teran,Recurvon,?,R,CUE,0,0,0,0,0,0,0,0,0,0,0,0,0,0,0,0,0,0,1921
barob101,Baro,Bernardo,L,L,CUE,0,0,0,0,0,0,0,0,0,0,0,0,0,0,0,0,0,0,1922
campt101,Campos,Tatica,R,R,CUE,0,0,0,0,0,0,0,0,0,0,0,0,0,0,0,0,0,0,1922
chacp101,Chacon,Pelayo,R,R,CUE,0,0,0,0,0,0,0,0,0,0,0,0,0,0,0,0,0,0,1922
fabri101,Fabre,Isidro,R,R,CUE,0,0,0,0,0,0,0,0,0,0,0,0,0,0,0,0,0,0,1922
fernj101,Fernandez,Jose Maria,R,R,CUE,0,0,0,0,0,0,0,0,0,0,0,0,0,0,0,0,0,0,1922
jimee102,Jimenez,Eusebio,?,R,CUE,0,0,0,0,0,0,0,0,0,0,0,0,0,0,0,0,0,0,1922
juncj101,Junco,Jose,?,L,CUE,0,0,0,0,0,0,0,0,0,0,0,0,0,0,0,0,0,0,1922
levio101,Levis,Oscar,L,R,CUE,0,0,0,0,0,0,0,0,0,0,0,0,0,0,0,0,0,0,1922
martp105,Martinez,Prudencio,?,?,CUE,0,0,0,0,0,0,0,0,0,0,0,0,0,0,0,0,0,0,1922
mesap101,Mesa,Pablo,L,L,CUE,0,0,0,0,0,0,0,0,0,0,0,0,0,0,0,0,0,0,1922
miraj101,Mirabal,Juanelo,R,R,CUE,0,0,0,0,0,0,0,0,0,0,0,0,0,0,0,0,0,0,1922
oms-a101,Oms,Alejandro,L,L,CUE,0,0,0,0,0,0,0,0,0,0,0,0,0,0,0,0,0,0,1922
padrj101,Padron,Juan,L,L,CUE,0,0,0,0,0,0,0,0,0,0,0,0,0,0,0,0,0,0,1922
perej101,Perez,Jose,R,R,CUE,0,0,0,0,0,0,0,0,0,0,0,0,0,0,0,0,0,0,1922
terar101,Teran,Recurvon,?,R,CUE,0,0,0,0,0,0,0,0,0,0,0,0,0,0,0,0,0,0,1922
barob101,Baro,Bernardo,L,L,CUE,0,0,0,0,0,0,0,0,0,0,0,0,0,0,0,0,0,0,1923
chacp101,Chacón,Pelayo,R,R,CUE,0,0,0,0,0,0,0,0,0,0,0,0,0,0,0,0,0,0,1923
dihim101,Dihigo,Martin,R,R,CUE,0,0,0,0,0,0,0,0,0,0,0,0,0,0,0,0,0,0,1923
fabej101,Fabelo,Julian,R,R,CUE,0,0,0,0,0,0,0,0,0,0,0,0,0,0,0,0,0,0,1923
fabri101,Fabre,Isidro,R,R,CUE,0,0,0,0,0,0,0,0,0,0,0,0,0,0,0,0,0,0,1923
fernj101,Fernandez,Jose Maria,R,R,CUE,0,0,0,0,0,0,0,0,0,0,0,0,0,0,0,0,0,0,1923
levio101,Levis,Oscar,L,R,CUE,0,0,0,0,0,0,0,0,0,0,0,0,0,0,0,0,0,0,1923
lopea103,Lopez,Armando,?,?,CUE,0,0,0,0,0,0,0,0,0,0,0,0,0,0,0,0,0,0,1923
mesap101,Mesa,Pablo,L,L,CUE,0,0,0,0,0,0,0,0,0,0,0,0,0,0,0,0,0,0,1923
miraj101,Mirabal,Juanelo,R,R,CUE,0,0,0,0,0,0,0,0,0,0,0,0,0,0,0,0,0,0,1923
oms-a101,Oms,Alejandro,L,L,CUE,0,0,0,0,0,0,0,0,0,0,0,0,0,0,0,0,0,0,1923
perej101,Perez,Jose,R,R,CUE,0,0,0,0,0,0,0,0,0,0,0,0,0,0,0,0,0,0,1923
portb103,Portuondo,Bartolo,R,R,CUE,0,0,0,0,0,0,0,0,0,0,0,0,0,0,0,0,0,0,1923
terar101,Teran,Recurvon,?,R,CUE,0,0,0,0,0,0,0,0,0,0,0,0,0,0,0,0,0,0,1923
barob101,Baro,Bernardo,L,L,CUE,0,0,0,0,0,0,0,0,0,0,0,0,0,0,0,0,0,0,1924
calde102,Calderin,Evelio,R,R,CUE,0,0,0,0,0,0,0,0,0,0,0,0,0,0,0,0,0,0,1924
cardf101,Cardenas,Francisco,R,R,CUE,0,0,0,0,0,0,0,0,0,0,0,0,0,0,0,0,0,0,1924
chacp101,Chacon,Pelayo,R,R,CUE,0,0,0,0,0,0,0,0,0,0,0,0,0,0,0,0,0,0,1924
dihim101,Dihigo,Martin,R,R,CUE,0,0,0,0,0,0,0,0,0,0,0,0,0,0,0,0,0,0,1924
estro101,Estrada,Oscar,L,L,CUE,0,0,0,0,0,0,0,0,0,0,0,0,0,0,0,0,0,0,1924
fabri101,Fabre,Isidro,R,R,CUE,0,0,0,0,0,0,0,0,0,0,0,0,0,0,0,0,0,0,1924
fernj101,Fernandez,Jose Maria,R,R,CUE,0,0,0,0,0,0,0,0,0,0,0,0,0,0,0,0,0,0,1924
jeffr101,Jefferson,Ralph,R,?,CUE,0,0,0,0,0,0,0,0,0,0,0,0,0,0,0,0,0,0,1924
jimeb101,Jimenez,Bienvenido,R,R,CUE,0,0,0,0,0,0,0,0,0,0,0,0,0,0,0,0,0,0,1924
levio101,Levis,Oscar,L,R,CUE,0,0,0,0,0,0,0,0,0,0,0,0,0,0,0,0,0,0,1924
lopea103,Lopez,Armando,?,?,CUE,0,0,0,0,0,0,0,0,0,0,0,0,0,0,0,0,0,0,1924
mesap101,Mesa,Pablo,L,L,CUE,0,0,0,0,0,0,0,0,0,0,0,0,0,0,0,0,0,0,1924
miraj101,Mirabal,Juanelo,R,R,CUE,0,0,0,0,0,0,0,0,0,0,0,0,0,0,0,0,0,0,1924
oms-a101,Oms,Alejandro,L,L,CUE,0,0,0,0,0,0,0,0,0,0,0,0,0,0,0,0,0,0,1924
portb103,Portuondo,Bartolo,R,R,CUE,0,0,0,0,0,0,0,0,0,0,0,0,0,0,0,0,0,0,1924
barob101,Baro,Bernardo,L,L,CUE,1,0,0,0,0,1,0,0,0,0,0,0,0,0,0,0,19250503,19250503,1925
cardf101,Cardenas,Francisco,R,R,CUE,1,0,0,0,1,0,0,0,0,0,0,0,0,0,0,0,19250503,19250503,1925
chacp101,Chacon,Pelayo,R,R,CUE,1,0,0,0,0,0,0,0,1,0,0,0,0,0,0,0,19250503,19250503,1925
dihim101,Dihigo,Martin,R,R,CUE,1,0,0,0,0,0,0,1,0,0,0,0,0,0,0,0,19250503,19250503,1925
fabri101,Fabre,Isidro,R,R,CUE,1,0,0,0,0,0,0,0,0,0,0,1,1,0,0,0,19250503,19250503,1925
fernj101,Fernandez,Jose Maria,R,R,CUE,0,0,0,0,0,0,0,0,0,0,0,0,0,0,0,0,0,0,1925
ferrp101,Ferrer,Pedro,?,?,CUE,1,0,0,0,0,0,1,0,0,0,0,0,0,0,0,0,19250503,19250503,1925
gamid101,Gamiz,Domingo,?,R,CUE,0,0,0,0,0,0,0,0,0,0,0,0,0,0,0,0,0,0,1925
levio101,Levis,Oscar,L,R,CUE,1,1,1,0,0,0,0,0,0,0,0,0,0,0,0,0,19250503,19250503,1925
manec101,Manela,Claudio,?,L,CUE,0,0,0,0,0,0,0,0,0,0,0,0,0,0,0,0,0,0,1925
masss101,Massip,Salvador,R,R,CUE,0,0,0,0,0,0,0,0,0,0,0,0,0,0,0,0,0,0,1925
mesap101,Mesa,Pablo,L,L,CUE,1,0,0,0,0,0,0,0,0,1,0,0,1,0,0,0,19250503,19250503,1925
miraj101,Mirabal,Juanelo,R,R,CUE,0,0,0,0,0,0,0,0,0,0,0,0,0,0,0,0,0,0,1925
oms-a101,Oms,Alejandro,L,L,CUE,1,0,0,0,0,0,0,0,0,0,1,0,1,0,0,0,19250503,19250503,1925
portb103,Portuondo,Bartolo,R,R,CUE,0,0,0,0,0,0,0,0,0,0,0,0,0,0,0,0,0,0,1925
salvm102,Salvat,Manuel,?,R,CUE,0,0,0,0,0,0,0,0,0,0,0,0,0,0,0,0,0,0,1925
barob101,Baro,Bernardo,L,L,CUE,1,0,0,0,0,0,0,0,0,0,0,1,1,0,0,0,19260919,19260919,1926
cardf101,Cardenas,Francisco,R,R,CUE,2,0,0,0,1,1,0,0,0,0,0,0,0,0,0,0,19260919,19260919,1926
chacp101,Chacon,Pelayo,R,R,CUE,2,0,0,0,0,0,0,0,2,0,0,0,0,0,0,0,19260919,19260919,1926
cresr101,Crespo,Rogelio,R,R,CUE,2,0,0,0,0,0,2,0,0,0,0,0,0,0,0,0,19260919,19260919,1926
dihim101,Dihigo,Martin,R,R,CUE,2,0,0,0,0,0,0,0,0,1,0,1,2,0,0,0,19260919,19260919,1926
fabri101,Fabre,Isidro,R,R,CUE,2,1,0,1,0,0,0,0,0,1,0,0,1,0,0,0,19260919,19260919,1926
fernj101,Fernandez,Jose Maria,R,R,CUE,2,0,0,0,1,1,0,0,0,0,0,0,0,0,0,0,19260919,19260919,1926
levio101,Levis,Oscar,L,R,CUE,1,1,1,0,0,0,0,0,0,0,0,0,0,0,0,0,19260919,19260919,1926
mesap101,Mesa,Pablo,L,L,CUE,0,0,0,0,0,0,0,0,0,0,0,0,0,0,0,0,0,0,1926
miraj101,Mirabal,Juanelo,R,R,CUE,0,0,0,0,0,0,0,0,0,0,0,0,0,0,0,0,0,0,1926
oms-a101,Oms,Alejandro,L,L,CUE,2,0,0,0,0,0,0,0,0,0,2,0,2,0,0,0,19260919,19260919,1926
pedre101,Pedroso,Eustaquio,R,R,CUE,1,1,1,0,0,0,0,0,0,0,0,0,0,0,0,0,19260919,19260919,1926
portb103,Portuondo,Bartolo,R,R,CUE,2,0,0,0,0,0,0,2,0,0,0,0,0,0,0,0,19260919,19260919,1926
san-p101,San,Pedro,R,R,CUE,1,1,0,1,0,0,0,0,0,0,0,0,0,0,0,0,19260919,19260919,1926
alfoa101,Alfonso,Angel,R,R,CUE,2,0,0,0,0,0,0,2,0,0,0,0,0,0,0,0,19270509,19270515,1927
alvar102,Alvarez,Raul,?,?,CUE,0,0,0,0,0,0,0,0,0,0,0,0,0,0,0,0,0,0,1927
barob101,Baro,Bernardo,L,L,CUE,2,0,0,0,0,0,0,0,0,0,0,2,2,0,0,0,19270509,19270515,1927
cardf101,Cardenas,Francisco,R,R,CUE,0,0,0,0,0,0,0,0,0,0,0,0,0,0,0,0,0,0,1927
chacp101,Chacon,Pelayo,R,R,CUE,0,0,0,0,0,0,0,0,0,0,0,0,0,0,0,0,0,0,1927
cresr101,Crespo,Rogelio,R,R,CUE,2,0,0,0,0,0,2,0,0,0,0,0,0,0,0,0,19270509,19270515,1927
dihim101,Dihigo,Martin,R,R,CUE,2,0,0,0,0,0,0,0,2,0,0,0,0,0,0,0,19270509,19270515,1927
fabri101,Fabre,Isidro,R,R,CUE,1,1,1,0,0,0,0,0,0,0,0,0,0,0,0,0,19270509,19270509,1927
fernj101,Fernandez,Jose Maria,R,R,CUE,2,0,0,0,1,1,0,0,0,0,0,0,0,0,0,0,19270509,19270515,1927
levio101,Levis,Oscar,L,R,CUE,0,0,0,0,0,0,0,0,0,0,0,0,0,0,0,0,0,0,1927
mesap101,Mesa,Pablo,L,L,CUE,2,0,0,0,0,0,0,0,0,2,0,0,2,0,0,0,19270509,19270515,1927
miraj101,Mirabal,Juanelo,R,R,CUE,0,0,0,0,0,0,0,0,0,0,0,0,0,0,0,0,0,0,1927
oms-a101,Oms,Alejandro,L,L,CUE,2,0,0,0,0,0,0,0,0,0,2,0,2,0,0,0,19270509,19270515,1927
parrm102,Parrado,Manuel,R,R,CUE,0,0,0,0,0,0,0,0,0,0,0,0,0,0,0,0,0,0,1927
pontu101,Pontello,,?,?,CUE,0,0,0,0,0,0,0,0,0,0,0,0,0,0,0,0,0,0,1927
portb103,Portuondo,Bartolo,R,R,CUE,2,0,0,0,1,1,0,0,0,0,0,0,0,0,0,0,19270509,19270515,1927
rodrb101,Rodriguez,Bernardo,?,?,CUE,1,1,1,0,0,0,0,0,0,0,0,0,0,0,0,0,19270515,19270515,1927
rojoj101,Rojo,Julio,B,R,CUE,0,0,0,0,0,0,0,0,0,0,0,0,0,0,0,0,0,0,1927
san-p101,San,Pedro,R,R,CUE,0,0,0,0,0,0,0,0,0,0,0,0,0,0,0,0,0,0,1927
vargt101,Vargas,Tetelo,R,R,CUE,0,0,0,0,0,0,0,0,0,0,0,0,0,0,0,0,0,0,1927
alfoa101,Alfonso,Angel,R,R,CUE,0,0,0,0,0,0,0,0,0,0,0,0,0,0,0,0,0,0,1928
barob101,Baro,Bernardo,L,L,CUE,0,0,0,0,0,0,0,0,0,0,0,0,0,0,0,0,0,0,1928
bejea101,Bejerano,Agustin,L,L,CUE,0,0,0,0,0,0,0,0,0,0,0,0,0,0,0,0,0,0,1928
bragr101,Bragana,Ramon,R,R,CUE,0,0,0,0,0,0,0,0,0,0,0,0,0,0,0,0,0,0,1928
fabri101,Fabre,Isidro,R,R,CUE,0,0,0,0,0,0,0,0,0,0,0,0,0,0,0,0,0,0,1928
fernj101,Fernandez,Jose Maria,R,R,CUE,0,0,0,0,0,0,0,0,0,0,0,0,0,0,0,0,0,0,1928
herrp102,Herrera,Paito,R,R,CUE,0,0,0,0,0,0,0,0,0,0,0,0,0,0,0,0,0,0,1928
levio101,Levis,Oscar,L,R,CUE,0,0,0,0,0,0,0,0,0,0,0,0,0,0,0,0,0,0,1928
miraj101,Mirabal,Juanelo,R,R,CUE,0,0,0,0,0,0,0,0,0,0,0,0,0,0,0,0,0,0,1928
navam101,Navarro,Millito,R,R,CUE,0,0,0,0,0,0,0,0,0,0,0,0,0,0,0,0,0,0,1928
oms-a101,Oms,Alejandro,L,L,CUE,0,0,0,0,0,0,0,0,0,0,0,0,0,0,0,0,0,0,1928
pedrr101,Pedroso,Rafael,?,?,CUE,0,0,0,0,0,0,0,0,0,0,0,0,0,0,0,0,0,0,1928
perej101,Perez,Jose,R,R,CUE,0,0,0,0,0,0,0,0,0,0,0,0,0,0,0,0,0,0,1928
ruizs101,Ruiz,Silvino,R,R,CUE,0,0,0,0,0,0,0,0,0,0,0,0,0,0,0,0,0,0,1928
san-p101,San,Pedro,R,R,CUE,0,0,0,0,0,0,0,0,0,0,0,0,0,0,0,0,0,0,1928
solim102,Solis,Miguel,R,R,CUE,0,0,0,0,0,0,0,0,0,0,0,0,0,0,0,0,0,0,1928
alfoa101,Alfonso,Angel,R,R,CUE,0,0,0,0,0,0,0,0,0,0,0,0,0,0,0,0,0,0,1929
barob101,Baro,Bernardo,L,L,CUE,0,0,0,0,0,0,0,0,0,0,0,0,0,0,0,0,0,0,1929
bejea101,Bejerano,Agustin,L,L,CUE,0,0,0,0,0,0,0,0,0,0,0,0,0,0,0,0,0,0,1929
castl102,Castro,Luis,?,?,CUE,0,0,0,0,0,0,0,0,0,0,0,0,0,0,0,0,0,0,1929
corrf102,Correa,Francisco,R,R,CUE,0,0,0,0,0,0,0,0,0,0,0,0,0,0,0,0,0,0,1929
fabri101,Fabre,Isidro,R,R,CUE,0,0,0,0,0,0,0,0,0,0,0,0,0,0,0,0,0,0,1929
fernj101,Fernandez,Jose Maria,R,R,CUE,0,0,0,0,0,0,0,0,0,0,0,0,0,0,0,0,0,0,1929
gamim101,Gamiz,Margaro,?,R,CUE,0,0,0,0,0,0,0,0,0,0,0,0,0,0,0,0,0,0,1929
gisew101,Gisentaner,Willie,L,L,CUE,0,0,0,0,0,0,0,0,0,0,0,0,0,0,0,0,0,0,1929
gomes101,Gomez,Sijo,?,L,CUE,0,0,0,0,0,0,0,0,0,0,0,0,0,0,0,0,0,0,1929
lambn101,Lambertus,Nestor,?,R,CUE,0,0,0,0,0,0,0,0,0,0,0,0,0,0,0,0,0,0,1929
levio101,Levis,Oscar,L,R,CUE,0,0,0,0,0,0,0,0,0,0,0,0,0,0,0,0,0,0,1929
mccof102,McCoy,Frank,L,R,CUE,0,0,0,0,0,0,0,0,0,0,0,0,0,0,0,0,0,0,1929
miraj101,Mirabal,Juanelo,R,R,CUE,0,0,0,0,0,0,0,0,0,0,0,0,0,0,0,0,0,0,1929
navam101,Navarro,Millito,R,R,CUE,0,0,0,0,0,0,0,0,0,0,0,0,0,0,0,0,0,0,1929
perej101,Perez,Jose,R,R,CUE,0,0,0,0,0,0,0,0,0,0,0,0,0,0,0,0,0,0,1929
ramoc102,Ramos,Cheo,R,R,CUE,0,0,0,0,0,0,0,0,0,0,0,0,0,0,0,0,0,0,1929
roseb103,Rosell,Basilio,?,R,CUE,0,0,0,0,0,0,0,0,0,0,0,0,0,0,0,0,0,0,1929
ruizs101,Ruiz,Silvino,R,R,CUE,0,0,0,0,0,0,0,0,0,0,0,0,0,0,0,0,0,0,1929
solim102,Solis,Miguel,R,R,CUE,0,0,0,0,0,0,0,0,0,0,0,0,0,0,0,0,0,0,1929
vargt101,Vargas,Tetelo,R,R,CUE,0,0,0,0,0,0,0,0,0,0,0,0,0,0,0,0,0,0,1929
