gid,id,team,b_lp,b_seq,stattype,b_pa,b_ab,b_r,b_h,b_d,b_t,b_hr,b_rbi,b_sh,b_sf,b_hbp,b_w,b_iw,b_k,b_sb,b_cs,b_gdp,b_xi,b_roe,dh,ph,pr,date,number,site,vishome,opp,win,loss,tie,gametype,box,pbp
BLS192505031,mesap101,CUE,1,1,value,4,4,0,2,0,0,0,,0,,0,0,0,,0,,,0,,,,,19250503,1,BAL13,v,BLS,1,0,0,regular,y,
BLS192505031,barob101,CUE,2,1,value,4,4,0,2,0,0,0,,0,,0,0,0,,0,,,0,,,,,19250503,1,BAL13,v,BLS,1,0,0,regular,y,
BLS192505031,oms-a101,CUE,3,1,value,4,2,1,1,0,0,0,,0,,0,2,,,1,,,0,,,,,19250503,1,BAL13,v,BLS,1,0,0,regular,y,
BLS192505031,chacp101,CUE,4,1,value,4,2,1,0,0,0,0,,0,,1,1,,,1,,,0,,,,,19250503,1,BAL13,v,BLS,1,0,0,regular,y,
BLS192505031,fabri101,CUE,5,1,value,4,4,1,2,1,0,0,,0,,0,0,0,,0,,,0,,,,,19250503,1,BAL13,v,BLS,1,0,0,regular,y,
BLS192505031,dihim101,CUE,6,1,value,4,3,0,0,0,0,0,,0,,0,1,,,0,,,0,,,,,19250503,1,BAL13,v,BLS,1,0,0,regular,y,
BLS192505031,ferrp101,CUE,7,1,value,4,4,0,0,0,0,0,,0,,0,0,0,,0,,,0,,,,,19250503,1,BAL13,v,BLS,1,0,0,regular,y,
BLS192505031,cardf101,CUE,8,1,value,4,4,1,1,0,0,1,,0,,0,0,0,,0,,,0,,,,,19250503,1,BAL13,v,BLS,1,0,0,regular,y,
BLS192505031,levio101,CUE,9,1,value,4,4,0,1,1,0,0,,0,,0,0,0,,0,,,0,,,,,19250503,1,BAL13,v,BLS,1,0,0,regular,y,
BLS192505031,hollc103,BLS,1,1,value,5,5,1,1,0,0,0,,0,,0,0,0,,0,,,0,,,,,19250503,1,BAL13,h,CUE,0,1,0,regular,y,
BLS192505031,britg103,BLS,2,1,value,4,4,1,1,0,0,0,,0,,0,0,0,,0,,,0,,,,,19250503,1,BAL13,h,CUE,0,1,0,regular,y,
BLS192505031,beckj104,BLS,3,1,value,4,4,0,3,1,0,0,,0,,0,0,0,,0,,,0,,,,,19250503,1,BAL13,h,CUE,0,1,0,regular,y,
BLS192505031,wilsj106,BLS,4,1,value,4,1,1,1,0,0,0,,0,,0,3,,,2,,,0,,,,,19250503,1,BAL13,h,CUE,0,1,0,regular,y,
BLS192505031,johnh102,BLS,5,1,value,4,2,0,0,0,0,0,,0,,0,2,,,0,,,0,,,,,19250503,1,BAL13,h,CUE,0,1,0,regular,y,
BLS192505031,rojoj101,BLS,6,1,value,4,2,0,0,0,0,0,,0,1,0,1,,,0,,,0,,,,,19250503,1,BAL13,h,CUE,0,1,0,regular,y,
BLS192505031,leonb102,BLS,7,1,value,4,4,0,0,0,0,0,,0,,0,0,0,,0,,,0,,,,,19250503,1,BAL13,h,CUE,0,1,0,regular,y,
BLS192505031,day-c102,BLS,8,1,value,4,4,0,0,0,0,0,,0,,0,0,0,,0,,,0,,,,,19250503,1,BAL13,h,CUE,0,1,0,regular,y,
BLS192505031,mungj101,BLS,9,1,value,3,2,0,0,0,0,0,,0,,0,1,,,0,,,0,,,,,19250503,1,BAL13,h,CUE,0,1,0,regular,y,
BLS192505031,clarb107,BLS,9,2,value,1,0,0,0,0,0,0,,0,,0,1,,,0,,,0,,,,,19250503,1,BAL13,h,CUE,0,1,0,regular,y,
BLS192505031,stroj103,BLS,9,3,value,0,0,0,0,0,0,0,,0,,0,0,0,,0,,,0,,,,,19250503,1,BAL13,h,CUE,0,1,0,regular,y,
NYL192609191,cresr101,CUE,1,1,value,6,5,3,2,2,0,0,,1,,0,0,0,,0,,,0,,,,,19260919,1,NYC24,v,NYL,1,0,0,exhibition,y,
NYL192609191,fabri101,CUE,2,1,value,6,5,1,1,0,0,0,,1,,0,0,0,,0,,,0,,,,,19260919,1,NYC24,v,NYL,1,0,0,exhibition,y,
NYL192609191,dihim101,CUE,3,1,value,6,5,2,3,1,0,2,,0,,0,1,,,0,,,0,,,,,19260919,1,NYC24,v,NYL,1,0,0,exhibition,y,
NYL192609191,oms-a101,CUE,4,1,value,6,5,0,0,0,0,0,,0,,0,1,,,0,,,0,,,,,19260919,1,NYC24,v,NYL,1,0,0,exhibition,y,
NYL192609191,chacp101,CUE,5,1,value,6,4,1,1,0,0,0,,0,,0,2,,,1,,,0,,,,,19260919,1,NYC24,v,NYL,1,0,0,exhibition,y,
NYL192609191,cardf101,CUE,6,1,value,5,3,1,0,0,0,0,,0,,0,2,,,0,,,0,,,,,19260919,1,NYC24,v,NYL,1,0,0,exhibition,y,
NYL192609191,fernj101,CUE,7,1,value,5,3,3,2,1,0,0,,1,,1,0,0,,0,,,0,,,,,19260919,1,NYC24,v,NYL,1,0,0,exhibition,y,
NYL192609191,portb103,CUE,8,1,value,5,4,1,1,0,0,0,,1,,0,0,0,,0,,,0,,,,,19260919,1,NYC24,v,NYL,1,0,0,exhibition,y,
NYL192609191,levio101,CUE,9,1,value,2,2,1,2,0,0,1,,0,,0,0,0,,0,,,0,,,,,19260919,1,NYC24,v,NYL,1,0,0,exhibition,y,
NYL192609191,san-p101,CUE,9,2,value,3,3,0,1,0,0,0,,0,,0,0,0,,0,,,0,,,,,19260919,1,NYC24,v,NYL,1,0,0,exhibition,y,
NYL192609191,younb103,NYL,1,1,value,5,5,1,1,0,1,0,,0,,0,0,0,,0,,,0,,,,,19260919,1,NYC24,h,CUE,0,1,0,exhibition,y,
NYL192609191,johng102,NYL,2,1,value,5,4,1,1,0,1,0,,1,,0,0,0,,0,,,0,,,,,19260919,1,NYC24,h,CUE,0,1,0,exhibition,y,
NYL192609191,masoc102,NYL,3,1,value,4,4,1,2,0,1,0,,0,,0,0,0,,1,,,0,,,,,19260919,1,NYC24,h,CUE,0,1,0,exhibition,y,
NYL192609191,scalg101,NYL,4,1,value,4,3,2,1,0,1,0,,1,,0,0,0,,0,,,0,,,,,19260919,1,NYC24,h,CUE,0,1,0,exhibition,y,
NYL192609191,hudsr102,NYL,5,1,value,4,3,1,2,1,0,0,,1,,0,0,0,,0,,,0,,,,,19260919,1,NYC24,h,CUE,0,1,0,exhibition,y,
NYL192609191,lloyj101,NYL,6,1,value,4,4,0,3,1,0,0,,0,,0,0,0,,0,,,0,,,,,19260919,1,NYC24,h,CUE,0,1,0,exhibition,y,
NYL192609191,gee-r101,NYL,7,1,value,4,4,0,0,0,0,0,,0,,0,0,0,,0,,,0,,,,,19260919,1,NYC24,h,CUE,0,1,0,exhibition,y,
NYL192609191,finlt101,NYL,8,1,value,4,4,1,0,0,0,0,,0,,0,0,0,,0,,,0,,,,,19260919,1,NYC24,h,CUE,0,1,0,exhibition,y,
NYL192609191,gisew101,NYL,9,1,value,0,0,0,0,0,0,0,,0,,0,0,0,,0,,,0,,,,,19260919,1,NYC24,h,CUE,0,1,0,exhibition,y,
NYL192609191,chamr102,NYL,9,2,value,4,4,0,0,0,0,0,,0,,0,0,0,,0,,,0,,,,,19260919,1,NYC24,h,CUE,0,1,0,exhibition,y,
NYL192609192,cresr101,CUE,1,1,value,4,4,1,1,1,0,0,,0,,0,0,0,,0,,,0,,,,,19260919,2,NYC24,v,NYL,0,1,0,exhibition,y,
NYL192609192,barob101,CUE,2,1,value,4,4,0,1,0,0,0,,0,,0,0,0,,0,,,0,,,,,19260919,2,NYC24,v,NYL,0,1,0,exhibition,y,
NYL192609192,dihim101,CUE,3,1,value,4,2,0,1,0,0,0,,0,,0,2,,,0,,,0,,,,,19260919,2,NYC24,v,NYL,0,1,0,exhibition,y,
NYL192609192,oms-a101,CUE,4,1,value,4,4,0,2,0,0,0,,0,,0,0,0,,0,,,0,,,,,19260919,2,NYC24,v,NYL,0,1,0,exhibition,y,
NYL192609192,chacp101,CUE,5,1,value,4,3,1,0,0,0,0,,0,,0,1,,,0,,,0,,,,,19260919,2,NYC24,v,NYL,0,1,0,exhibition,y,
NYL192609192,cardf101,CUE,6,1,value,4,4,1,2,0,0,0,,0,,0,0,0,,0,,,0,,,,,19260919,2,NYC24,v,NYL,0,1,0,exhibition,y,
NYL192609192,fernj101,CUE,7,1,value,4,4,0,0,0,0,0,,0,,0,0,0,,0,,,0,,,,,19260919,2,NYC24,v,NYL,0,1,0,exhibition,y,
NYL192609192,portb103,CUE,8,1,value,4,3,1,1,0,0,0,,0,,1,0,0,,0,,,0,,,,,19260919,2,NYC24,v,NYL,0,1,0,exhibition,y,
NYL192609192,pedre101,CUE,9,1,value,2,2,0,1,1,0,0,,0,,0,0,0,,0,,,0,,,,,19260919,2,NYC24,v,NYL,0,1,0,exhibition,y,
NYL192609192,fabri101,CUE,9,2,value,2,2,0,0,0,0,0,,0,,0,0,0,,0,,,0,,,,,19260919,2,NYC24,v,NYL,0,1,0,exhibition,y,
NYL192609192,younb103,NYL,1,1,value,4,3,1,2,1,0,0,,0,,0,1,,0,0,,,0,,,,,19260919,2,NYC24,h,CUE,1,0,0,exhibition,y,
NYL192609192,johng102,NYL,2,1,value,4,4,0,0,0,0,0,,0,,0,0,0,0,0,,,0,,,,,19260919,2,NYC24,h,CUE,1,0,0,exhibition,y,
NYL192609192,masoc102,NYL,3,1,value,4,4,1,1,0,0,1,,0,,0,0,0,0,0,,,0,,,,,19260919,2,NYC24,h,CUE,1,0,0,exhibition,y,
NYL192609192,scalg101,NYL,4,1,value,4,4,3,3,0,0,3,,0,,0,0,0,0,0,,,0,,,,,19260919,2,NYC24,h,CUE,1,0,0,exhibition,y,
NYL192609192,hudsr102,NYL,5,1,value,4,4,0,1,0,1,0,,0,,0,0,0,0,0,,,0,,,,,19260919,2,NYC24,h,CUE,1,0,0,exhibition,y,
NYL192609192,lloyj101,NYL,6,1,value,4,4,0,1,0,0,0,,0,,0,0,0,0,0,,,0,,,,,19260919,2,NYC24,h,CUE,1,0,0,exhibition,y,
NYL192609192,gee-t101,NYL,7,1,value,4,4,0,0,0,0,0,,0,,0,0,0,0,0,,,0,,,,,19260919,2,NYC24,h,CUE,1,0,0,exhibition,y,
NYL192609192,finlt101,NYL,8,1,value,4,3,0,1,0,0,0,,0,,0,1,,0,0,,,0,,,,,19260919,2,NYC24,h,CUE,1,0,0,exhibition,y,
NYL192609192,gilml102,NYL,9,1,value,3,3,0,0,0,0,0,,0,,0,0,0,0,0,,,0,,,,,19260919,2,NYC24,h,CUE,1,0,0,exhibition,y,
CUE192705090,brigo101,HIL,1,1,value,5,5,2,3,1,0,0,,0,,0,0,0,,0,,,0,,,,,19270509,0,RIC03,v,CUE,0,1,0,regular,y,
CUE192705090,warff101,HIL,2,1,value,5,4,1,1,0,1,0,,1,,0,0,0,,0,,,0,,,,,19270509,0,RIC03,v,CUE,0,1,0,regular,y,
CUE192705090,carrg101,HIL,3,1,value,5,4,0,1,0,0,0,,0,,0,1,,,0,,,0,,,,,19270509,0,RIC03,v,CUE,0,1,0,regular,y,
CUE192705090,washn101,HIL,4,1,value,5,5,0,0,0,0,0,,0,,0,0,0,,0,,,0,,,,,19270509,0,RIC03,v,CUE,0,1,0,regular,y,
CUE192705090,wintn101,HIL,5,1,value,5,5,0,0,0,0,0,,0,,0,0,0,,0,,,0,,,,,19270509,0,RIC03,v,CUE,0,1,0,regular,y,
CUE192705090,lewij103,HIL,6,1,value,5,5,1,1,0,0,0,,0,,0,0,0,,0,,,0,,,,,19270509,0,RIC03,v,CUE,0,1,0,regular,y,
CUE192705090,stepj105,HIL,7,1,value,4,3,1,2,1,0,0,,0,,0,1,,,0,,,0,,,,,19270509,0,RIC03,v,CUE,0,1,0,regular,y,
CUE192705090,yancb101,HIL,8,1,value,4,4,1,4,0,0,0,,0,,0,0,0,,1,,,0,,,,,19270509,0,RIC03,v,CUE,0,1,0,regular,y,
CUE192705090,cockp101,HIL,9,1,value,3,2,1,1,0,0,0,,1,,0,0,0,,0,,,0,,,,,19270509,0,RIC03,v,CUE,0,1,0,regular,y,
CUE192705090,kenwu101,HIL,9,2,value,1,0,0,0,0,0,0,,0,,0,1,,,0,,,0,,,,,19270509,0,RIC03,v,CUE,0,1,0,regular,y,
CUE192705090,alfoa101,CUE,1,1,value,5,4,1,1,0,0,0,,1,,0,0,0,,0,,,0,,,,,19270509,0,RIC03,h,HIL,1,0,0,regular,y,
CUE192705090,barob101,CUE,2,1,value,5,5,2,3,0,0,0,,0,,0,0,0,,0,,,0,,,,,19270509,0,RIC03,h,HIL,1,0,0,regular,y,
CUE192705090,dihim101,CUE,3,1,value,5,5,4,5,0,0,3,9,0,,0,0,0,,0,,,0,,,,,19270509,0,RIC03,h,HIL,1,0,0,regular,y,
CUE192705090,oms-a101,CUE,4,1,value,5,5,2,2,1,0,0,,0,,0,0,0,,0,,,0,,,,,19270509,0,RIC03,h,HIL,1,0,0,regular,y,
CUE192705090,mesap101,CUE,5,1,value,5,5,2,1,0,0,0,,0,,0,0,0,,0,,,0,,,,,19270509,0,RIC03,h,HIL,1,0,0,regular,y,
CUE192705090,cresr101,CUE,6,1,value,4,2,0,1,0,0,0,,1,,0,1,,,1,,,0,,,,,19270509,0,RIC03,h,HIL,1,0,0,regular,y,
CUE192705090,portb103,CUE,7,1,value,4,3,0,1,0,0,0,,1,,0,0,0,,0,,,0,,,,,19270509,0,RIC03,h,HIL,1,0,0,regular,y,
CUE192705090,fernj101,CUE,8,1,value,4,4,0,1,0,0,0,,0,,0,0,0,,0,,,0,,,,,19270509,0,RIC03,h,HIL,1,0,0,regular,y,
CUE192705090,fabri101,CUE,9,1,value,4,2,1,1,0,0,0,,1,,0,1,,,0,,,0,,,,,19270509,0,RIC03,h,HIL,1,0,0,regular,y,
BLS192705152,alfoa101,CUE,1,1,value,4,4,0,0,0,0,0,0,0,,0,0,0,,0,,,0,,,,,19270515,2,BAL13,v,BLS,0,1,0,regular,y,
BLS192705152,barob101,CUE,2,1,value,4,4,0,0,0,0,0,0,0,,0,0,0,,0,,,0,,,,,19270515,2,BAL13,v,BLS,0,1,0,regular,y,
BLS192705152,dihim101,CUE,3,1,value,4,4,0,0,0,0,0,0,0,,0,0,0,,0,,,0,,,,,19270515,2,BAL13,v,BLS,0,1,0,regular,y,
BLS192705152,oms-a101,CUE,4,1,value,4,3,0,0,0,0,0,0,0,,0,1,,,0,,,0,,,,,19270515,2,BAL13,v,BLS,0,1,0,regular,y,
BLS192705152,mesap101,CUE,5,1,value,3,3,0,0,0,0,0,0,0,,0,0,0,,0,,,0,,,,,19270515,2,BAL13,v,BLS,0,1,0,regular,y,
BLS192705152,cresr101,CUE,6,1,value,3,3,0,0,0,0,0,0,0,,0,0,0,,0,,,0,,,,,19270515,2,BAL13,v,BLS,0,1,0,regular,y,
BLS192705152,fernj101,CUE,7,1,value,3,2,0,0,0,0,0,0,0,,0,1,,,0,,,0,,,,,19270515,2,BAL13,v,BLS,0,1,0,regular,y,
BLS192705152,portb103,CUE,8,1,value,3,3,0,0,0,0,0,0,0,,0,0,0,,0,,,0,,,,,19270515,2,BAL13,v,BLS,0,1,0,regular,y,
BLS192705152,rodrb101,CUE,9,1,value,3,3,0,0,0,0,0,0,0,,0,0,0,,0,,,0,,,,,19270515,2,BAL13,v,BLS,0,1,0,regular,y,
BLS192705152,johnp103,BLS,1,1,value,4,4,0,0,0,0,0,,0,,0,0,0,0,0,,,0,,,,,19270515,2,BAL13,h,CUE,1,0,0,regular,y,
BLS192705152,hollc103,BLS,2,1,value,4,4,0,0,0,0,0,,0,,0,0,0,0,0,,,0,,,,,19270515,2,BAL13,h,CUE,1,0,0,regular,y,
BLS192705152,jackd102,BLS,3,1,value,4,4,0,2,0,0,0,,0,,0,0,0,0,0,,,0,,,,,19270515,2,BAL13,h,CUE,1,0,0,regular,y,
BLS192705152,wilsj106,BLS,4,1,value,4,4,1,1,1,0,0,,0,,0,0,0,0,0,,,0,,,,,19270515,2,BAL13,h,CUE,1,0,0,regular,y,
BLS192705152,taylb108,BLS,5,1,value,4,3,2,1,0,0,0,,0,,0,1,,0,0,,,0,,,,,19270515,2,BAL13,h,CUE,1,0,0,regular,y,
BLS192705152,washp101,BLS,6,1,value,4,4,2,2,2,0,0,,0,,0,0,0,0,0,,,0,,,,,19270515,2,BAL13,h,CUE,1,0,0,regular,y,
BLS192705152,egglm101,BLS,7,1,value,4,4,3,3,1,0,2,2,0,,0,0,0,0,0,,,0,,,,,19270515,2,BAL13,h,CUE,1,0,0,regular,y,
BLS192705152,brows104,BLS,8,1,value,4,3,0,2,0,0,0,,1,,0,0,0,0,0,,,0,,,,,19270515,2,BAL13,h,CUE,1,0,0,regular,y,
BLS192705152,yokel101,BLS,9,1,value,3,2,0,0,0,0,0,,0,1,0,0,0,0,0,,,0,,,,,19270515,2,BAL13,h,CUE,1,0,0,regular,y,
