gid,visteam,hometeam,site,date,number,starttime,daynight,innings,tiebreaker,usedh,htbf,timeofgame,attendance,fieldcond,precip,sky,temp,winddir,windspeed,oscorer,forfeit,suspend,umphome,ump1b,ump2b,ump3b,umplf,umprf,wp,lp,save,gametype,vruns,hruns,wteam,lteam,line,batteries,lineups,box,pbp,season
PH5193505110,BRN,PH5,PHI17,19350511,0,,day,,,false,,115,4000,unknown,unknown,unknown,0,unknown,-1,,,,gansj101,poles101,,,,,ellir105,radct101,holml101,regular,5,8,PH5,BRN,y,both,y,y,y,1935
PH5193505121,BRN,PH5,PHI17,19350512,1,,,,,,,161,,,,,,,,,,,poles101,gansj101,,,,,day-l101,charp102,,regular,8,3,BRN,PH5,y,both,y,y,,1935
PH5193505122,BRN,PH5,PHI17,19350512,2,,,,,,,,75,,,,,,,,,,gansj101,poles101,,,,,jones107,jackw101,,regular,1,5,PH5,BRN,y,both,y,y,,1935
PH5193505181,NW1,PH5,PHI17,19350518,1,,day,,,false,,0,0,unknown,unknown,unknown,0,unknown,-1,,,,,,,,,,jones107,craih101,,regular,1,8,PH5,NW1,y,both,y,y,d,1935
PH5193505182,NW1,PH5,PHI17,19350518,2,,day,7,,false,,0,0,unknown,unknown,unknown,0,unknown,-1,,,,,,,,,,cartp102,burnw102,,regular,6,12,PH5,NW1,y,both,y,y,d,1935
PH5193505191,NW1,PH5,PHI17,19350519,1,,day,,,,,,,,,,,,,,,,,,,,,,ellir105,baila101,,regular,4,11,PH5,NW1,y,both,y,y,,1935
PH5193505192,NW1,PH5,PHI17,19350519,2,,day,7,,,,,,,,,,,,,,,,,,,,,evanb105,holml101,,regular,9,3,NW1,PH5,y,both,y,y,,1935
PH5193505301,PTC,PH5,PHI17,19350530,1,,day,,,,,,7000,,,,,,,,,,,,,,,,stres101,cartp102,,regular,11,4,PTC,PH5,y,both,y,y,,1935
PH5193505302,PTC,PH5,PHI17,19350530,2,,day,,,,,,7000,,,,,,,,,,,,,,,,huntb106,jones107,,regular,9,3,PTC,PH5,y,both,y,y,,1935
PH5193506011,NSH,PH5,PHI17,19350601,1,,,,,,,,2000,,,,,,,,,,gholb901,crumj101,,,,,willj117,mcdow101,,regular,12,4,NSH,PH5,y,both,y,y,,1935
PH5193506012,NSH,PH5,PHI17,19350601,2,,day,,,false,,0,2000,unknown,unknown,unknown,0,unknown,-1,,,,crumj101,gholb901,,,,,ellir105,byrdb101,,regular,2,5,PH5,NSH,y,both,y,y,d,1935
PH5193506021,NSH,PH5,PHI17,19350602,1,,day,,,,,,,,,,,,,,,,gholb901,crumj101,,,,,charp102,porta103,,regular,12,14,PH5,NSH,y,both,y,y,,1935
PH5193506022,NSH,PH5,PHI17,19350602,2,,day,,,,,,,,,,,,,,,,crumj101,gholb901,,,,,,,,regular,2,2,,,y,both,y,y,,1935
PH5193506151,PTC,PH5,PHI17,19350615,1,,day,,,false,,95,4000,unknown,unknown,unknown,0,unknown,-1,,,,harrm103,craij901,,,,,matll101,mcdow101,harvb101,regular,6,5,PTC,PH5,y,both,y,y,d,1935
PH5193506152,PTC,PH5,PHI17,19350615,2,,day,,,,,105,4000,,,,,,,,,,craij901,harrm103,,,,,huntb106,cartp102,,regular,6,5,PTC,PH5,y,both,y,y,,1935
PH5193506221,CAG,PH5,PHI17,19350622,1,,day,,,false,,0,0,unknown,unknown,unknown,0,unknown,-1,,,,harrm103,gansj101,,,,,mcdow101,trent101,,regular,1,2,PH5,CAG,y,both,y,y,d,1935
PH5193506222,CAG,PH5,PHI17,19350622,2,,day,7,,,,,,,,,,,,,,,gansj101,harrm103,,,,,holml101,trent101,,regular,11,12,PH5,CAG,y,both,y,y,,1935
PH5193506291,NY6,PH5,PHI17,19350629,1,,day,,,false,,0,0,unknown,unknown,unknown,0,unknown,-1,,,,crumj101,,,,,,ellir105,stann101,,regular,2,3,PH5,NY6,y,both,y,y,d,1935
PH5193506292,NY6,PH5,PHI17,19350629,2,,day,,,,,,,,,,,,,,,,,crumj101,,,,,,,,regular,7,7,,,y,both,y,y,,1935
PH5193507041,NY6,PH5,PHI17,19350704,1,,day,,,,,,,,,,,,,,,,,,,,,,mcdow101,stann101,,regular,4,5,PH5,NY6,y,both,y,y,,1935
PH5193507042,NY6,PH5,PHI17,19350704,2,,day,,,,,,,,,,,,,,,,,,,,,,,,,regular,11,8,NY6,PH5,,,,,,1935
PH5193507061,BRN,PH5,PHI17,19350706,1,,day,9,,FALSE,,,,,,,,,,,,,,,,,,,ellir105,staro101,cartp102,regular,6,7,PH5,BRN,y,both,y,y,,1935
PH5193507062,BRN,PH5,PHI17,19350706,2,,day,7,,false,,0,0,unknown,unknown,unknown,0,unknown,-1,,,,,,,,,,cartp102,wille104,,regular,3,4,PH5,BRN,y,both,y,y,d,1935
PH5193507131,HOM,PH5,PHI17,19350713,1,,day,,,false,,0,0,unknown,unknown,unknown,0,unknown,-1,,,,turnc101,wallg901,,,,,stroj103,holml101,gisew101,regular,9,6,HOM,PH5,y,both,y,y,d,1935
PH5193507132,HOM,PH5,PHI17,19350713,2,,day,9,,FALSE,,,,,,,,,,,,,wallg901,,turnc101,,,,ellir105,gisew101,,regular,8,10,PH5,HOM,y,both,y,y,,1935
PH5193507201,NW1,PH5,PHI17,19350720,1,,day,,,,,,3000,,,,,,,,,,,,,,,,mcdow101,burnw102,,regular,2,18,PH5,NW1,y,both,y,y,,1935
PH5193507202,NW1,PH5,PHI17,19350720,2,,,,,,,,,,,,,,,,,,,,,,,,jones107,bellw101,,regular,5,7,PH5,NW1,y,both,y,y,,1935
PH5193507230,HOM,PH5,PHI17,19350723,0,,night,,,,,,,,,,,,,,,,,,,,,,mcdow101,gisew101,,regular,3,4,PH5,HOM,,p,,,,1935
PTC193508080,HOM,PTC,PHI17,19350808,0,,night,,,false,,0,5000,unknown,unknown,unknown,0,unknown,-1,,,,,,,,,,stres101,browr103,matll101,regular,2,3,PTC,HOM,y,both,y,y,d,1935
PH5193508171,BRN,PH5,PHI17,19350817,1,,day,,,false,,0,0,unknown,unknown,unknown,0,unknown,-1,,,,gholb901,crumj101,,,,,mcdow101,jackw101,,regular,1,4,PH5,BRN,y,both,y,y,d,1935
PH5193508172,BRN,PH5,PHI17,19350817,2,,day,7,,false,,0,0,unknown,unknown,unknown,0,unknown,-1,,,,crumj101,gholb901,,,,,cartp102,staro101,,regular,0,4,PH5,BRN,y,both,y,y,d,1935
PH5193508220,NSH,PH5,PHI17,19350822,0,,night,,,false,,150,0,unknown,unknown,unknown,0,unknown,-1,,,,wallg901,harrm103,,,,,mcdow101,grifb102,,regular,7,8,PH5,NSH,y,both,y,y,d,1935
PH5193508241,HOM,PH5,PHI17,19350824,1,,day,,,,,,,,,,,,,,,,wallg901,harrb901,,,,,gisew101,mcdow101,browr103,regular,16,8,HOM,PH5,y,both,y,y,,1935
PH5193508242,HOM,PH5,PHI17,19350824,2,,day,7,,,,145,,,,,,,,,,,harrb901,wallg901,,,,,gisew101,ellir105,,regular,10,2,HOM,PH5,y,both,y,y,,1935
PH5193508251,HOM,PH5,PHI17,19350825,1,,day,,,,,,,,,,,,,,,,,,,,,,stroj103,yokel101,,regular,10,4,HOM,PH5,y,both,y,y,,1935
PH5193508252,HOM,PH5,PHI17,19350825,2,,day,,,,,,,,,,,,,,,,,,,,,,parkt101,cartp102,,regular,4,3,HOM,PH5,y,both,,,,1935
PH5193509072,PTC,PH5,PHI17,19350907,2,,night,,,false,,0,0,unknown,unknown,unknown,0,unknown,-1,,,,,,,,,,yokel101,harvb101,,exhibition,3,5,PH5,PTC,y,both,y,y,d,1935
PH5193509120,NSH,PH5,PHI17,19350912,0,,night,9,,FALSE,,,,,,,,,,,,,,,,,,,,,,exhibition,7,3,NSH,PH5,,,,,,1935
NY6193509140,PTC,NY6,PHI17,19350914,0,0:00PM,,,,false,,110,10000,unknown,unknown,unknown,0,unknown,-1,,,,gansj101,harrm103,gholb901,craij901,,,stann101,davir103,,lcs,0,4,NY6,PTC,y,both,y,y,,1935
PH5193509160,NY6,PH5,PHI17,19350916,0,,night,,,false,,117,0,unknown,unknown,unknown,0,unknown,-1,,,,schau901,daviu902,,,,,,,,exhibition,6,6,,,y,both,y,y,d,1935
PTC193509200,NY6,PTC,PHI17,19350920,0,0:00PM,day,,,false,,-1,0,unknown,unknown,unknown,0,unknown,-1,,,,,,,,,,matll101,dihim101,,lcs,6,7,PTC,NY6,y,both,y,y,,1935
NY6193509210,PTC,NY6,PHI17,19350921,0,0:00PM,,,,false,,-1,0,unknown,unknown,unknown,0,unknown,-1,,,,harrm103,gholb901,craij901,gansj101,,,harvb101,taylj108,,lcs,8,7,PTC,NY6,y,both,y,y,,1935
PH5193605101,HOM,PH5,PHI17,19360510,1,,,,,,,,,,,,,,,,,,,craij901,crumj101,,,,yokel101,browr103,,regular,3,7,PH5,HOM,y,both,y,y,,1936
PH5193605102,HOM,PH5,PHI17,19360510,2,,,,,,,,,,,,,,,,,,crumj101,craij901,,,,,mcdow101,parkt101,,regular,3,7,PH5,HOM,y,both,y,y,,1936
PH5193605110,HOM,PH5,PHI17,19360511,0,,day,8,,,,,,,,,,,,,,,,,,,,,ellir105,gisew101,,exhibition,2,9,PH5,HOM,y,both,y,y,,1936
PH5193605231,NW2,PH5,PHI17,19360523,1,,day,,,,,,,,,,,,,,,,,,,,,,yokel101,day-l101,,regular,2,3,PH5,NW2,y,,,,,1936
PH5193605232,NW2,PH5,PHI17,19360523,2,,day,,,,,,,,,,,,,,,,,,,,,,thoms105,bellw101,,regular,5,6,PH5,NW2,y,,,,,1936
PH5193605301,PTC,PH5,PHI17,19360530,1,,day,,,false,,0,0,unknown,unknown,unknown,0,unknown,-1,,,,,,,,,,jones107,harvb101,,regular,6,7,PH5,PTC,y,both,y,y,d,1936
PH5193605302,PTC,PH5,PHI17,19360530,2,,day,,,false,,0,0,unknown,unknown,unknown,0,unknown,-1,,,,,,,,,,paigs101,thoms105,,regular,7,6,PTC,PH5,y,both,y,y,d,1936
PH5193606201,WEG,PH5,PHI17,19360620,1,,day,,,false,,110,0,unknown,unknown,unknown,0,unknown,-1,,,,harrm103,crumj101,,,,,byrdb101,yokel101,,regular,3,0,WEG,PH5,y,both,y,y,d,1936
PH5193606202,WEG,PH5,PHI17,19360620,2,,day,,,false,,0,0,unknown,unknown,unknown,0,unknown,-1,,,,harrm103,crumj101,,,,,grifb102,huntb106,willj117,regular,5,2,WEG,PH5,y,both,y,y,d,1936
PH5193606271,NW2,PH5,PHI17,19360627,1,,day,,,,,,,,,,,,,,,,,,,,,,yokel101,mcdut101,,regular,7,11,PH5,NW2,y,both,y,y,,1936
PH5193606272,NW2,PH5,PHI17,19360627,2,,day,7,,,,,,,,,,,,,,,,,,,,,bellw101,ellir105,,regular,5,4,NW2,PH5,y,both,y,y,,1936
PH5193606280,NY5,PH5,PHI17,19360628,0,,day,,,,,,,,,,,,,,,,,,,,,,ellir105,hollb106,,exhibition,8,9,PH5,NY5,y,both,y,y,,1936
PH5193607041,NY6,PH5,PHI17,19360704,1,,,,,,,,,,,,,,,,,,,crumj101,,,,,,yokel101,,regular,4,3,NY6,PH5,,,,,,1936
PH5193607042,NY6,PH5,PHI17,19360704,2,,,,,,,,,,,,,,,,,,,,,,,,mcdow101,taylj108,thoms105,regular,4,16,PH5,NY6,,,,,,1936
PH5193607111,NY5,PH5,PHI17,19360711,1,,day,,,false,,0,0,unknown,unknown,unknown,0,unknown,-1,,,,,,,,,,hollb106,mcdow101,,regular,11,8,NY5,PH5,y,both,y,y,d,1936
PH5193607112,NY5,PH5,PHI17,19360711,2,,day,7,,,,,,,,,,,,,,,,,,,,,,,,regular,4,0,NY5,PH5,y,,,,,1936
PH5193607181,HOM,PH5,PHI17,19360718,1,,day,,,false,,0,0,unknown,unknown,unknown,0,unknown,-1,,,,turnu901,gansj101,,,,,yokel101,gisew101,,regular,9,10,PH5,HOM,y,both,y,y,d,1936
PH5193607182,HOM,PH5,PHI17,19360718,2,,day,7,,false,,0,0,unknown,unknown,unknown,0,unknown,-1,,,,turnu901,gansj101,,,,,bevec101,parkt101,huntb106,regular,6,9,PH5,HOM,y,both,y,y,d,1936
PH5193607251,PTC,PH5,PHI17,19360725,1,,day,,,false,,0,0,unknown,unknown,unknown,0,unknown,-1,,,,turnu901,gansj101,,,,,paigs101,yokel101,,regular,6,4,PTC,PH5,y,both,y,y,d,1936
PH5193607252,PTC,PH5,PHI17,19360725,2,,day,7,,false,,0,0,unknown,unknown,unknown,0,unknown,-1,,,,turnu901,gansj101,,,,,fostw101,bevec101,,regular,8,5,PTC,PH5,y,both,y,y,d,1936
PH5193608010,NY6,PH5,PHI17,19360801,0,,night,,,,,,2500,,,,,,,,,,,,,,,,stann101,huntb106,,regular,4,0,NY6,PH5,y,both,,,,1936
PH5193608081,HOM,PH5,PHI17,19360808,1,,day,,,false,,0,0,unknown,unknown,unknown,0,unknown,-1,,,,,,,,,,huntb106,welmr101,,regular,1,2,PH5,HOM,y,both,y,y,d,1936
PH5193608082,HOM,PH5,PHI17,19360808,2,,day,8,,false,,0,0,unknown,unknown,unknown,0,unknown,-1,,,,,,,,,,jones107,waita101,,regular,2,3,PH5,HOM,y,both,y,y,d,1936
PH5193608130,NW2,PH5,PHI17,19360813,0,,,,,,,,,,,,,,,,,,,,,,,,,,,regular,5,7,PH5,NW2,,,,,,1936
PH5193608151,NY5,PH5,PHI17,19360815,1,,day,,,,,,,,,,,,,,,,,,,,,,mcheh101,yokel101,,exhibition,7,2,NY5,PH5,y,both,y,y,,1936
PH5193608152,NY5,PH5,PHI17,19360815,2,,day,7,,false,,0,0,unknown,unknown,unknown,0,unknown,-1,,,,,,,,,,thoms105,davir103,,regular,1,3,PH5,NY5,y,both,y,y,d,1936
WEG193608190,PTC,WEG,PHI17,19360819,0,,night,,,,,,,,,,,,,,,,crumj101,gansj101,,,,,smitt105,grifb102,fostw101,exhibition,3,9,PTC,WEG,y,both,y,y,,1936
PH5193608250,CUS,PH5,PHI17,19360825,0,,night,,,,,,,,,,,,,,,,,,,,,,bevec101,diazh101,,regular,5,7,PH5,CUS,y,both,y,y,,1936
NY6193609030,WEG,NY6,PHI17,19360903,0,,night,,,FALSE,,,,,,,,,,,,,,,,,,,dihim101,porta103,,exhibition,1,11,NY6,WEG,,both,y,y,,1936
PH5193609051,WEG,PH5,PHI17,19360905,1,,day,,,,,,,,,,,,,,,,,,,,,,byrdb101,mcdow101,porta103,regular,9,7,WEG,PH5,y,both,y,y,,1936
PH5193609052,WEG,PH5,PHI17,19360905,2,,day,7,,,,,,,,,,,,,,,,,,,,,huntb106,grifb102,,regular,4,8,PH5,WEG,y,both,y,y,,1936
PH5193609071,NY6,PH5,PHI17,19360907,1,,,,,,,,,,,,,,,,,,,,,,,,dihim101,thoms105,,regular,6,3,NY6,PH5,y,both,,,,1936
PH5193609072,NY6,PH5,PHI17,19360907,2,,,7,,,,,,,,,,,,,,,,,,,,,,,,regular,5,2,NY6,PH5,,,,,,1936
PH5193609121,NY5,PH5,PHI17,19360912,1,,day,,,false,,0,0,unknown,unknown,unknown,0,unknown,-1,,,,,,,,,,thoms105,browb107,,regular,1,3,PH5,NY5,y,both,y,y,d,1936
PH5193609122,NY5,PH5,PHI17,19360912,2,,day,,,false,,0,0,unknown,unknown,unknown,0,unknown,-1,,,,,,,,,,thoms105,browb107,,regular,2,3,PH5,NY5,y,both,y,y,d,1936
PH5193609170,WEG,PH5,PHI17,19360917,0,,night,,,false,,0,0,unknown,unknown,unknown,0,unknown,-1,,,,,,,,,,byrdb101,thoms105,willj117,playoff,7,5,WEG,PH5,y,both,y,y,d,1936
PH5193609191,PTC,PH5,PHI17,19360919,1,,day,,,,,,,,,,,,,,,,,,,,,,smitt105,yokel101,,regular,13,4,PTC,PH5,y,both,,,,1936
PH5193609192,PTC,PH5,PHI17,19360919,2,,day,,,,,,,,,,,,,,,,,,,,,,lewij104,jones107,fostw101,regular,5,4,PTC,PH5,y,both,,,,1936
PTC193609210,WEG,PTC,PHI17,19360921,0,,night,,,FALSE,,,,,,,,,,,,,,,,,,,porta103,stres101,,lcs,2,0,WEG,PTC,,,,,,1936
PH5193705150,NY5,PH5,PHI17,19370515,0,,day,,,false,,0,5000,unknown,unknown,unknown,0,unknown,-1,,,,washu901,forbf901,,,,,thoms105,davir103,,regular,7,8,PH5,NY5,y,both,y,y,d,1937
PH5193705221,NW2,PH5,PHI17,19370522,1,,day,,,false,,0,0,unknown,unknown,unknown,0,unknown,-1,,,,turnc101,harrm103,,,,,day-l101,mcdow101,,regular,8,6,NW2,PH5,y,both,y,y,d,1937
PH5193705222,NW2,PH5,PHI17,19370522,2,,day,,,false,,0,0,unknown,unknown,unknown,0,unknown,-1,,,,turnc101,harrm103,,,,,bellw101,overa101,,regular,11,2,NW2,PH5,y,both,y,y,d,1937
PH5193705290,PTC,PH5,PHI17,19370529,0,,day,,,false,,0,0,unknown,unknown,unknown,0,unknown,-1,,,,harrm103,turnc101,,,,,smitt105,thoms105,,regular,6,5,PTC,PH5,y,both,y,y,d,1937
PH5193705311,PTC,PH5,PHI17,19370531,1,,day,,,false,,0,0,unknown,unknown,unknown,0,unknown,-1,,,,washu901,forbf901,,,,,davir103,robes104,,regular,4,2,PTC,PH5,y,both,y,y,d,1937
PH5193705312,PTC,PH5,PHI17,19370531,2,,day,,,false,,105,0,unknown,unknown,unknown,0,unknown,-1,,,,forbf901,washu901,,,,,morrb104,ellir105,,regular,3,0,PTC,PH5,y,both,y,y,d,1937
PH5193706051,NY5,PH5,PHI17,19370605,1,,day,,,false,,0,0,unknown,unknown,unknown,0,unknown,-1,,,,washu901,,,,,,thoms105,hollb106,,regular,2,4,PH5,NY5,y,both,y,y,d,1937
PH5193706052,NY5,PH5,PHI17,19370605,2,,day,7,,false,,0,0,unknown,unknown,unknown,0,unknown,-1,,,,washu901,forbf901,,,,,robes104,stann101,missj102,regular,3,5,PH5,NY5,y,both,y,y,d,1937
PH5193706080,NW2,PH5,PHI17,19370608,0,,night,,,,,,,,,,,,,,,,,,,,,,evanb105,,,regular,3,1,NW2,PH5,,,,,,1937
PH5193706121,WEG,PH5,PHI17,19370612,1,,day,9,,FALSE,,,,,,,,,,,,,,,,,,,direj101,ellir105,,regular,15,6,WEG,PH5,y,both,y,y,,1937
PH5193706122,WEG,PH5,PHI17,19370612,2,,day,7,,FALSE,,,,,,,,,,,,,,,,,,,thoms105,porta103,,regular,1,5,PH5,WEG,y,both,y,y,,1937
WEG193706191,NW2,WEG,PHI17,19370619,1,,day,,,,,,3500,,,,,,,,,,,,,,,,,,,regular,6,7,WEG,NW2,,,,,,1937
WEG193706192,NW2,WEG,PHI17,19370619,2,,day,7,,false,,0,3500,unknown,unknown,unknown,0,unknown,-1,,,,,,,,,,mcdut101,willw105,,regular,6,5,NW2,WEG,y,both,y,y,d,1937
WEG193706201,NW2,WEG,PHI17,19370620,1,,,,,,,,,,,,,,,,,,,,,,,,,,,regular,3,8,WEG,NW2,,,,,,1937
WEG193706202,NW2,WEG,PHI17,19370620,2,,,7,,,,,,,,,,,,,,,,,,,,,,,,regular,6,5,NW2,WEG,,,,,,1937
PH5193706240,HOM,PH5,PHI17,19370624,0,,,,,FALSE,,,,,,,,,,,,,,,,,,,,,,regular,7,8,PH5,HOM,,,,,,1937
PH5193706261,NW2,PH5,PHI17,19370626,1,,day,,,false,,120,0,unknown,unknown,unknown,0,unknown,-1,,,,harrm103,craij901,,,,,missj102,evanb105,,regular,4,5,PH5,NW2,y,both,y,y,d,1937
PH5193706262,NW2,PH5,PHI17,19370626,2,,day,7,,false,,85,0,unknown,unknown,unknown,0,unknown,-1,,,,harrm103,craij901,,,,,thoms105,bellw101,,regular,0,9,PH5,NW2,y,both,y,y,d,1937
PH5193707030,WEG,PH5,PHI17,19370703,0,,night,9,,FALSE,,,,,,,,,,,,,,,,,,,thoms105,porta103,,regular,3,6,PH5,WEG,y,both,,,,1937
PH5193707051,WEG,PH5,PHI17,19370705,1,,day,,,,,,,,,,,,,,,,,,,,,,,,,regular,7,4,WEG,PH5,,,,,,1937
PH5193707052,WEG,PH5,PHI17,19370705,2,,day,,,,,,,,,,,,,,,,,washu901,,,,,mcdow101,byrdb101,,regular,11,12,PH5,WEG,,,,,,1937
PH5193707101,HOM,PH5,PHI17,19370710,1,,day,,,,,,,,,,,,,,,,crumj101,forbf901,,,,,welmr101,ellir105,,regular,10,6,HOM,PH5,y,both,y,y,,1937
PH5193707102,HOM,PH5,PHI17,19370710,2,,day,7,,,,,,,,,,,,,,,forbf901,crumj101,,,,,welmr101,thoms105,,regular,12,4,HOM,PH5,y,both,y,y,,1937
PH5193707120,HOM,PH5,PHI17,19370712,0,,,,,FALSE,,,,,,,,,,,,,,,,,,,lacep101,,thoms105,regular,8,11,PH5,HOM,,,,,,1937
WEG193707171,NY5,WEG,PHI17,19370717,1,,day,,,FALSE,,,,,,,,,,,,,,,,,,,willw105,hollb106,,regular,4,5,WEG,NY5,y,both,y,y,,1937
WEG193707172,NY5,WEG,PHI17,19370717,2,,day,5,,FALSE,,,,,,,,,,,,,,,,,,,glovt101,stann101,,regular,5,15,WEG,NY5,y,both,y,y,,1937
PH5193707241,NW2,PH5,PHI17,19370724,1,,day,,,false,,0,0,unknown,unknown,unknown,0,unknown,-1,,,,,,,,,,evanb105,ellir105,day-l101,regular,7,6,NW2,PH5,y,both,y,y,d,1937
PH5193707242,NW2,PH5,PHI17,19370724,2,,day,7,,false,,0,0,unknown,unknown,unknown,0,unknown,-1,,,,,,,,,,mcdow101,owenr102,,regular,3,4,PH5,NW2,y,both,y,y,d,1937
PH5193707310,PTC,PH5,PHI17,19370731,0,,,,,,,,,,,,,,,,,,,,,,,,morrb104,,,regular,6,2,PTC,PH5,,,,,,1937
PH5193708020,PTC,PH5,PHI17,19370802,0,,,9,,FALSE,,,,,,,,,,,,,,,,,,,ellir105,cainm101,,regular,7,10,PH5,PTC,,p,,,,1937
PH5193708090,HOM,PH5,PHI17,19370809,0,,night,,,FALSE,,,,,,,,,,,,,,,crumj101,,,,thoms105,welmr101,,exhibition,3,6,PH5,HOM,,,,,,1937
PH5193708140,PTC,PH5,PHI17,19370814,0,,night,,,,,,,,,,,,,,,,,,,,,,smitt105,lacep101,,regular,10,9,PTC,PH5,y,both,y,y,,1937
PH5193708160,WEG,PH5,PHI17,19370816,0,,,9,,FALSE,,,,,,,,,,,,,,,,,,,byrdb101,mcdow101,,regular,11,2,WEG,PH5,y,both,y,y,,1937
PH5193708210,WEG,PH5,PHI17,19370821,0,,day,,,false,,0,0,unknown,unknown,unknown,0,unknown,-1,,,,,,,,,,thoms105,byrdb101,,regular,5,6,PH5,WEG,y,both,y,y,d,1937
PH5193708280,WEG,PH5,PHI17,19370828,0,,night,,,false,,0,0,unknown,unknown,unknown,0,unknown,-1,,,,,,,,,,thoms105,willw105,,regular,9,12,PH5,WEG,y,both,y,y,d,1937
PH5193709060,NW2,PH5,PHI17,19370906,0,,day,,,,,,,,,,,,,,,,,,,,,,day-l101,,,regular,8,3,NW2,PH5,,,,,,1937
PH5193709111,WEG,PH5,PHI17,19370911,1,,day,,,,,,,,,,,,,,,,,,,,,,thoms105,porta103,,regular,2,4,PH5,WEG,y,both,y,y,,1937
PH5193709112,WEG,PH5,PHI17,19370911,2,,day,7,,,,,,,,,,,,,,,,,,,,,jones107,gainj102,robes104,regular,3,9,PH5,WEG,y,both,y,y,,1937
NAL193709252,NNL,NAL,PHI17,19370925,2,,night,,,,,,1000,,,,,,,,,,,,,,,,,,,allstar,10,7,NNL,NAL,,,,,,1937
PH5193805211,HOM,PH5,PHI17,19380521,1,,day,,,false,,0,0,unknown,unknown,unknown,0,unknown,-1,,,,mccrf901,cockp101,,,,,partr102,jones107,browr103,regular,8,1,HOM,PH5,y,both,y,y,d,1938
PH5193805212,HOM,PH5,PHI17,19380521,2,,day,7,,false,,0,0,unknown,unknown,unknown,0,unknown,-1,,,,mccrf901,cockp101,,,,,mcdow101,welmr101,,regular,3,8,PH5,HOM,y,both,y,y,d,1938
PH5193805222,HOM,PH5,PHI17,19380522,2,,,7,,,,,,,,,,,,,,,,,,,,,walke103,brutj101,,regular,6,2,HOM,PH5,y,both,y,y,,1938
PH5193805281,PTC,PH5,PHI17,19380528,1,,day,,,false,,140,0,unknown,unknown,unknown,0,unknown,-1,,,,cockp101,meicl901,,,,,brutj101,smitt105,mcdow101,regular,8,10,PH5,PTC,y,both,y,y,d,1938
PH5193805282,PTC,PH5,PHI17,19380528,2,,day,7,,false,,0,0,unknown,unknown,unknown,0,unknown,-1,,,,meicl901,cockp101,,,,,missj102,cainm101,,regular,4,5,PH5,PTC,y,both,y,y,d,1938
PH5193805301,PTC,PH5,PHI17,19380530,1,,day,,,false,,0,0,unknown,unknown,unknown,0,unknown,-1,,,,crumj101,cockp101,,,,,carts102,taylj108,,regular,3,4,PH5,PTC,y,both,y,y,d,1938
PH5193805302,PTC,PH5,PHI17,19380530,2,,day,,,false,,0,0,unknown,unknown,unknown,0,unknown,-1,,,,crumj101,cockp101,,,,,matll101,missj102,taylj108,regular,18,9,PTC,PH5,y,both,y,y,d,1938
PH5193806020,NW2,PH5,PHI17,19380602,0,,night,,,false,,0,0,unknown,unknown,unknown,0,unknown,-1,,,,,,,,,,mcdow101,wrigj105,,regular,1,4,PH5,NW2,y,both,y,y,d,1938
PH5193806041,WBS,PH5,PHI17,19380604,1,,,,,,,,,,,,,,,,,,,,,,,,carts102,robes104,,regular,5,16,PH5,WBS,y,both,y,y,,1938
PH5193806042,WBS,PH5,PHI17,19380604,2,,,7,,,,,,,,,,,,,,,,,,,,,,yokel101,,regular,4,8,PH5,WBS,y,,,,,1938
PH5193806090,HOM,PH5,PHI17,19380609,0,,night,,,false,,0,4000,unknown,unknown,unknown,0,unknown,-1,,,,,,,,,,mcdow101,partr102,,regular,2,4,PH5,HOM,y,both,y,y,d,1938
PH5193806160,NY5,PH5,PHI17,19380616,0,,,9,,FALSE,,,,,,,,,,,,,,,,,,,mcheh101,stann101,jones107,regular,2,4,PH5,NY5,y,both,,,,1938
PH5193806181,NW2,PH5,PHI17,19380618,1,,day,,,false,,0,0,unknown,unknown,unknown,0,unknown,-1,,,,,,,,,,carts102,browj112,,regular,6,12,PH5,NW2,y,both,y,y,d,1938
PH5193806182,NW2,PH5,PHI17,19380618,2,,day,7,,false,,0,0,unknown,unknown,unknown,0,unknown,-1,,,,,,,,,,millh104,mcdut101,mcdow101,regular,4,6,PH5,NW2,y,both,y,y,d,1938
PH5193806230,BLG,PH5,PHI17,19380623,0,,night,,,false,,0,0,unknown,unknown,unknown,0,unknown,-1,,,,,,,,,,,,,regular,6,6,,,y,both,y,y,d,1938
PH5193806251,PTC,PH5,PHI17,19380625,1,,day,,,false,,0,0,unknown,unknown,unknown,0,unknown,-1,,,,craij901,cockp101,,,,,mcheh101,matll101,,regular,3,4,PH5,PTC,y,both,y,y,d,1938
PH5193806252,PTC,PH5,PHI17,19380625,2,,day,7,,false,,0,0,unknown,unknown,unknown,0,unknown,-1,,,,craij901,cockp101,,,,,harvb101,millh104,,regular,4,1,PTC,PH5,y,both,y,y,d,1938
PH5193806300,PTC,PH5,PHI17,19380630,0,,,8,,FALSE,,,,,,,,,,,,,,,,,,,taylj108,mcdow101,,regular,7,4,PTC,PH5,y,both,,,,1938
PH5193807020,BLG,PH5,PHI17,19380702,0,,night,,,false,,0,0,unknown,unknown,unknown,0,unknown,-1,,,,,,,,,,,,,regular,8,8,,,y,both,y,y,d,1938
PH5193807041,BLG,PH5,PHI17,19380704,1,,day,,,false,,0,0,unknown,unknown,unknown,0,unknown,-1,,,,,,,,,,byrdb101,missj102,,regular,9,1,BLG,PH5,y,both,y,y,d,1938
PH5193807042,BLG,PH5,PHI17,19380704,2,,day,7,,false,,0,0,unknown,unknown,unknown,0,unknown,-1,,,,,,,,,,millh104,porta103,,regular,2,8,PH5,BLG,y,both,y,y,d,1938
PH5193807070,NY5,PH5,PHI17,19380707,0,,night,,,false,,0,0,unknown,unknown,unknown,0,unknown,-1,,,,,,,,,,brutj101,hollb106,,regular,1,2,PH5,NY5,y,both,y,y,d,1938
PH5193807091,NW2,PH5,PHI17,19380709,1,,day,,,false,,0,0,unknown,unknown,unknown,0,unknown,-1,,,,,,,,,,carts102,wrigj105,,regular,5,6,PH5,NW2,y,both,y,y,d,1938
PH5193807092,NW2,PH5,PHI17,19380709,2,,day,7,,false,,0,0,unknown,unknown,unknown,0,unknown,-1,,,,,,,,,,evanb105,mcheh101,,regular,6,3,NW2,PH5,y,both,y,y,d,1938
PH5193807161,PTC,PH5,PHI17,19380716,1,,day,,,false,,0,0,unknown,unknown,unknown,0,unknown,-1,,,,,,,,,,smitt105,carts102,,regular,7,2,PTC,PH5,y,both,y,y,d,1938
PH5193807162,PTC,PH5,PHI17,19380716,2,,day,7,,false,,0,0,unknown,unknown,unknown,0,unknown,-1,,,,mccrf901,cockp101,,,,,brutj101,harvb101,,regular,3,8,PH5,PTC,y,both,y,y,d,1938
PH5193807280,WBS,PH5,PHI17,19380728,0,,night,,,false,,0,0,unknown,unknown,unknown,0,unknown,-1,,,,,,,,,,ellir105,kinch101,,regular,5,11,PH5,WBS,y,both,y,y,d,1938
PH5193807301,NW2,PH5,PHI17,19380730,1,,day,,,false,,0,0,unknown,unknown,unknown,0,unknown,-1,,,,,,,,,,carts102,evanb105,,regular,4,10,PH5,NW2,y,both,y,y,d,1938
PH5193807302,NW2,PH5,PHI17,19380730,2,,day,7,,false,,0,0,unknown,unknown,unknown,0,unknown,-1,,,,craij901,,,,,,mcheh101,evanb105,,regular,5,6,PH5,NW2,y,both,y,y,d,1938
PH5193808040,BLG,PH5,PHI17,19380804,0,,night,,,,,,,,,,,,,,,,,,,,,,byrdb101,millh104,,regular,11,4,BLG,PH5,y,both,y,y,,1938
PH5193808060,PTC,PH5,PHI17,19380806,0,,day,,,false,,0,0,unknown,unknown,unknown,0,unknown,-1,,,,,,,,,,mcdow101,smitt105,,regular,1,13,PH5,PTC,y,both,y,y,d,1938
PH5193808110,NY5,PH5,PHI17,19380811,0,,night,,,false,,0,0,unknown,unknown,unknown,0,unknown,-1,,,,,,,,,,browb107,millh104,,regular,6,2,NY5,PH5,y,both,y,y,d,1938
PH5193808131,HOM,PH5,PHI17,19380813,1,,day,,,false,,0,0,unknown,unknown,unknown,0,unknown,-1,,,,,,,,,,partr102,mcdow101,,regular,6,5,HOM,PH5,y,both,y,y,d,1938
PH5193808132,HOM,PH5,PHI17,19380813,2,,day,7,,,,,,,,,,,,,,,,,,,,,walke103,carts102,,regular,10,0,HOM,PH5,y,both,y,y,,1938
PH5193808180,HOM,PH5,PHI17,19380818,0,,night,,,,,,,,,,,,,,,,,,,,,,dulal101,jones107,browr103,regular,9,8,HOM,PH5,,,,,,1938
PH5193808201,NY5,PH5,PHI17,19380820,1,,day,,,,,,,,,,,,,,,,,,,,,,mcdow101,currg102,,exhibition,2,7,PH5,NY5,y,both,y,y,,1938
PH5193808202,NY5,PH5,PHI17,19380820,2,,day,,,,,,,,,,,,,,,,,,,,,,millh104,stann101,,exhibition,8,9,PH5,NY5,y,both,y,y,,1938
PH5193808250,NW2,PH5,PHI17,19380825,0,,night,,,false,,0,0,unknown,unknown,unknown,0,unknown,-1,,,,craij901,mccrf901,,,,,johnj115,mcdow101,,regular,6,4,NW2,PH5,y,both,y,y,d,1938
PH5193808271,HOM,PH5,PHI17,19380827,1,,day,,,false,,0,0,unknown,unknown,unknown,0,unknown,-1,,,,,,,,,,walke103,brutj101,,regular,13,8,HOM,PH5,y,both,y,y,d,1938
PH5193808272,HOM,PH5,PHI17,19380827,2,,day,7,,false,,0,0,unknown,unknown,unknown,0,unknown,-1,,,,,,,,,,mcheh101,partr102,,regular,0,3,PH5,HOM,y,both,y,y,y,1938
HOM193808290,PTC,HOM,PHI17,19380829,0,,night,9,,FALSE,,,,,,,,,,,,,,,,,,,parkt101,taylj108,,regular,5,10,HOM,PTC,,,,,,1938
PH5193809010,NY5,PH5,PHI17,19380901,0,,night,,,false,,0,0,unknown,unknown,unknown,0,unknown,-1,,,,mccrf901,craij901,,,,,mcheh101,clarb107,,regular,4,6,PH5,NY5,y,both,y,y,d,1938
PH5193809051,BLG,PH5,PHI17,19380905,1,,day,,,false,,0,4000,unknown,unknown,unknown,0,unknown,-1,,,,,,,,,,byrdb101,ellir105,,regular,4,3,BLG,PH5,y,both,y,y,d,1938
PH5193809052,BLG,PH5,PHI17,19380905,2,,day,,,false,,0,4000,unknown,unknown,unknown,0,unknown,-1,,,,,,,,,,direj101,carts102,,regular,12,9,BLG,PH5,y,both,y,y,d,1938
PH5193809080,PTC,PH5,PHI17,19380908,0,,night,,,false,,0,0,unknown,unknown,unknown,0,unknown,-1,,,,,,,,,,morrb104,mcdow101,,lcs,2,1,PTC,PH5,y,both,y,y,d,1938
PH5193809101,PTC,PH5,PHI17,19380910,1,,day,,,false,,0,0,unknown,unknown,unknown,0,unknown,-1,,,,mccrf901,,,,,,taylj108,ellir105,,lcs,10,5,PTC,PH5,y,both,y,y,d,1938
PH5193809102,PTC,PH5,PHI17,19380910,2,,day,,,false,,0,0,unknown,unknown,unknown,0,unknown,-1,,,,,mccrf901,,,,,mcheh101,matll101,,lcs,2,3,PH5,PTC,y,both,y,y,d,1938
PH5193809130,PTC,PH5,PHI17,19380913,0,,,,,,,,,,,,,,,,,,,,,,,,carts102,matll101,,championship,8,12,PH5,PTC,,,,,,1938
NNL193809240,NAL,NNL,PHI17,19380924,0,,day,,,false,,0,0,unknown,unknown,unknown,0,unknown,-1,,,,,,,,,,mcdut101,barnv103,,allstar,3,14,NNL,NAL,y,both,y,y,d,1938
PH5193905201,HOM,PH5,PHI17,19390520,1,,,,,,,,,,,,,,,,,,,,,,,,thoms105,partr102,,regular,3,4,PH5,HOM,,p,,,,1939
PH5193905202,HOM,PH5,PHI17,19390520,2,,night,7,,,,,,,,,,,,,,,,,,,,,walke103,carts102,,regular,16,1,HOM,PH5,,p,,,,1939
PH5193905211,NY5,PH5,PHI17,19390521,1,,day,,,false,,0,0,unknown,unknown,unknown,0,unknown,-1,,,,,,,,,,mcheh101,hollb106,,regular,3,4,PH5,NY5,y,both,y,y,d,1939
PH5193905212,NY5,PH5,PHI17,19390521,2,,day,7,,,,,,,,,,,,,,,,,,,,,mcdut101,mcdow101,,regular,5,2,NY5,PH5,y,both,,,,1939
BLG193905271,NY5,BLG,PHI17,19390527,1,,day,,,,,,,,,,,,,,,,,,,,,,,,,regular,1,5,BLG,NY5,,,,,,1939
BLG193905272,NY5,BLG,PHI17,19390527,2,,day,7,,,,,,,,,,,,,,,,,,,,,,,,regular,1,2,BLG,NY5,,,,,,1939
PH5193905301,TLC,PH5,PHI17,19390530,1,,day,,,,,,,,,,,,,,,,,,,,,,mcdow101,wrigj105,,regular,5,17,PH5,TLC,y,both,y,y,,1939
PH5193905302,TLC,PH5,PHI17,19390530,2,,night,,,,,,,,,,,,,,,,,,,,,,mcheh101,johnj115,,regular,3,4,PH5,TLC,y,both,y,y,,1939
PH5193906010,NY5,PH5,PHI17,19390601,0,,night,,,false,,0,0,unknown,unknown,unknown,0,unknown,-1,,,,,,,,,,,,,regular,1,1,,,y,both,y,y,d,1939
PH5193906031,NY6,PH5,PHI17,19390603,1,,day,,,,,,,,,,,,,,,,,,,,,,thoms105,rectc101,,regular,1,13,PH5,NY6,y,both,y,y,,1939
PH5193906032,NY6,PH5,PHI17,19390603,2,,night,7,,,,,,,,,,,,,,,mccrf901,,cockp101,,,,ruizs101,millh104,,regular,6,5,NY6,PH5,y,both,y,y,,1939
PH5193906080,BLG,PH5,PHI17,19390608,0,,,,,,,,,,,,,,,,,,,,,,,,byrdb101,mcdow101,,regular,12,9,BLG,PH5,y,both,y,y,,1939
PH5193906101,NY5,PH5,PHI17,19390610,1,,day,,,,,,,,,,,,,,,,,,,,,,mcheh101,hollb106,,regular,5,6,PH5,NY5,y,both,y,y,,1939
PH5193906102,NY5,PH5,PHI17,19390610,2,,night,7,,,,,,,,,,,,,,,,,,,,,mcheh101,mcdut101,,regular,3,4,PH5,NY5,y,both,y,y,,1939
PH5193906111,NY6,PH5,PHI17,19390611,1,,,,,,,,,,,,,,,,,,,,,,,,tianl102,thoms105,,regular,8,3,NY6,PH5,y,both,y,y,,1939
PH5193906112,NY6,PH5,PHI17,19390611,2,,,,,,,,,,,,,,,,,,,,,,,,ruizs101,mcdow101,,regular,6,3,NY6,PH5,y,both,y,y,,1939
PH5193906150,NW2,PH5,PHI17,19390615,0,,night,,,false,,0,0,unknown,unknown,unknown,0,unknown,-1,,,,,,,,,,browj115,millh104,,regular,9,0,NW2,PH5,y,both,y,y,d,1939
PH5193906171,NW2,PH5,PHI17,19390617,1,,,,,,,,,,,,,,,,,,,,,,,,day-l101,thoms105,hubew101,regular,15,7,NW2,PH5,y,both,y,y,,1939
PH5193906172,NW2,PH5,PHI17,19390617,2,,,7,,,,,,,,,,,,,,,,,,,,,mcheh101,browj115,,regular,2,9,PH5,NW2,y,both,y,y,,1939
PH5193906181,HOM,PH5,PHI17,19390618,1,,day,,,,,,,,,,,,,,,,,,,,,,partr102,mcdow101,,regular,12,0,HOM,PH5,y,both,y,y,,1939
PH5193906182,HOM,PH5,PHI17,19390618,2,,night,,,,,,,,,,,,,,,,,,,,,,browr103,thoms105,,regular,7,2,HOM,PH5,y,both,y,y,,1939
PH5193906241,HOM,PH5,PHI17,19390624,1,,day,,,,,,,,,,,,,,,,,,,,,,welmr101,partr102,,regular,8,9,PH5,HOM,y,both,y,y,,1939
PH5193906242,HOM,PH5,PHI17,19390624,2,,night,7,,,,,,,,,,,,,,,,,,,,,robes104,missj102,,regular,8,4,HOM,PH5,y,both,y,y,,1939
PH5193906270,BLG,PH5,PHI17,19390627,0,,,,,,,,,,,,,,,,,,,,,,,,byrdb101,welmr101,,regular,11,4,BLG,PH5,y,both,y,y,,1939
PH5193907011,NY5,PH5,PHI17,19390701,1,,day,,,false,,0,0,unknown,unknown,unknown,0,unknown,-1,,,,,,,,,,missj102,stann101,,regular,0,2,PH5,NY5,y,both,y,y,d,1939
PH5193907012,NY5,PH5,PHI17,19390701,2,,night,7,,false,,0,0,unknown,unknown,unknown,0,unknown,-1,,,,,,,,,,mcheh101,browj112,,regular,0,2,PH5,NY5,y,both,y,y,d,1939
PH5193907041,BLG,PH5,PHI17,19390704,1,,day,,,,,,,,,,,,,,,,,,,,,,mcheh101,adame101,,regular,1,6,PH5,BLG,y,p,,,,1939
PH5193907042,BLG,PH5,PHI17,19390704,2,,night,7,,,,,,,,,,,,,,,,,,,,,missj102,hubew101,,regular,3,6,PH5,BLG,,p,,,,1939
PH5193907081,BLG,PH5,PHI17,19390708,1,,day,,,false,,0,0,unknown,unknown,unknown,0,unknown,-1,,,,,,,,,,byrdb101,missj102,,regular,10,2,BLG,PH5,y,both,y,y,d,1939
PH5193907082,BLG,PH5,PHI17,19390708,2,,day,7,,false,,0,0,unknown,unknown,unknown,0,unknown,-1,,,,,,,,,,hubew101,welmr101,,regular,5,4,BLG,PH5,y,both,y,y,d,1939
PH5193907151,HOM,PH5,PHI17,19390715,1,,day,,,,,,,,,,,,,,,,,,,,,,welmr101,walke103,,regular,5,10,PH5,HOM,y,both,y,y,,1939
PH5193907152,HOM,PH5,PHI17,19390715,2,,night,7,,,,,,,,,,,,,,,,,,,,,robes104,missj102,,regular,8,2,HOM,PH5,y,both,y,y,,1939
PH5193907221,NY5,PH5,PHI17,19390722,1,,day,,,,,,15000,,,,,,,,,,,,,,,,ellir105,currg102,,regular,9,18,PH5,NY5,y,both,y,y,,1939
PH5193907222,NY5,PH5,PHI17,19390722,2,,night,7,,,,,15000,,,,,,,,,,,,,,,,stann101,mcheh101,,regular,7,6,NY5,PH5,y,both,y,y,,1939
PH5193907290,HOM,PH5,PHI17,19390729,0,,,,,,,,,,,,,,,,,,mccrf901,cockp101,,,,,millh104,browr103,,regular,4,6,PH5,HOM,y,both,y,y,,1939
PH5193908051,NY6,PH5,PHI17,19390805,1,,day,,,false,,0,0,unknown,unknown,unknown,0,unknown,-1,,,,cockp101,johnu902,,,,,ruizs101,mcheh101,torra102,regular,8,6,NY6,PH5,y,both,y,y,d,1939
PH5193908052,NY6,PH5,PHI17,19390805,2,,day,7,,false,,0,0,unknown,unknown,unknown,0,unknown,-1,,,,johnu902,cockp101,,,,,thoms105,torra102,,regular,1,2,PH5,NY6,y,both,y,y,d,1939
PH5193908100,NY5,PH5,PHI17,19390810,0,,night,,,,,,,,,,,,,,,,,,,,,,welmr101,browj112,,regular,5,8,PH5,NY5,y,both,y,y,,1939
PH5193908121,NW2,PH5,PHI17,19390812,1,,day,,,,,,,,,,,,,,,,turnc101,cockp101,,,,,mcheh101,cozah101,,regular,5,6,PH5,NW2,y,both,y,y,,1939
PH5193908122,NW2,PH5,PHI17,19390812,2,,day,5,,,,,,,,,,,,,,,,,,,,,thoms105,evanf101,,regular,6,7,PH5,NW2,y,both,y,y,,1939
PH5193908261,NY5,PH5,PHI17,19390826,1,,day,,,,,,,,,,,,,,,,,,,,,,thoms105,,,regular,3,4,PH5,NY5,,,,,,1939
PH5193908262,NY5,PH5,PHI17,19390826,2,,night,7,,,,,,,,,,,,,,,,,,,,,thoms105,,,regular,8,10,PH5,NY5,,,,,,1939
PH5193909041,NW2,PH5,PHI17,19390904,1,,,,,,,,,,,,,,,,,,,,,,,,,,,regular,5,15,PH5,NW2,,,,,,1939
PH5193909042,NW2,PH5,PHI17,19390904,2,,day,7,,,,,,,,,,,,,,,,,,,,,,,,regular,7,8,PH5,NW2,,,,,,1939
NW2193909090,BLG,NW2,PHI17,19390909,0,,night,,,false,,0,0,unknown,unknown,unknown,0,unknown,-1,,,,turnc101,cockp101,,,,,gainj102,day-l101,,divisionseries,11,3,BLG,NW2,y,both,y,y,d,1939
PH5193909130,HOM,PH5,PHI17,19390913,0,,night,,,false,,0,0,unknown,unknown,unknown,0,unknown,-1,,,,mccrf901,turnc101,,,,,welmr101,walke103,,divisionseries,3,5,PH5,HOM,y,both,y,y,d,1939
PH5193909140,HOM,PH5,PHI17,19390914,0,,night,,,false,,0,0,unknown,unknown,unknown,0,unknown,-1,,,,turnc101,mccrf901,,,,,browr103,mcheh101,,divisionseries,3,0,HOM,PH5,y,both,y,y,d,1939
HOM193909160,BLG,HOM,PHI17,19390916,0,,night,,,false,,0,3000,unknown,unknown,unknown,0,unknown,-1,,,,,,,,,,partr102,byrdb101,,lcs,1,2,HOM,BLG,y,both,y,y,d,1939
HOM193909230,BLG,HOM,PHI17,19390923,0,,night,,,false,,0,0,unknown,unknown,unknown,0,unknown,-1,,,,turnc101,cockp101,,,,,byrdb101,robes104,,lcs,10,5,BLG,HOM,y,both,y,y,d,1939
PH5194005110,BLG,PH5,PHI17,19400511,0,,day,,,false,,0,5000,unknown,unknown,unknown,0,unknown,-1,,,,mccrf901,cockp101,,,,,davis106,missj102,,regular,12,10,BLG,PH5,y,both,y,y,y,1940
PH5194005181,NW2,PH5,PHI17,19400518,1,,day,,,false,,0,0,unknown,unknown,unknown,0,unknown,-1,,,,mccrf901,cockp101,,,,,millh104,mannm101,,regular,7,14,PH5,NW2,y,both,y,y,y,1940
PH5194005182,NW2,PH5,PHI17,19400518,2,,day,7,,false,,0,0,unknown,unknown,unknown,0,unknown,-1,,,,mccrf901,cockp101,,,,,mcheh101,davij106,,regular,2,7,PH5,NW2,y,both,y,y,y,1940
PH5194005301,NY6,PH5,PHI17,19400530,1,,day,,,,,,,,,,,,,,,,forbf901,cockp101,,,,,mcheh101,figuj102,,regular,3,7,PH5,NY6,y,both,y,y,,1940
PH5194005302,NY6,PH5,PHI17,19400530,2,,night,,,,,,,,,,,,,,,,,,,,,,ruizs101,johnt106,,regular,6,0,NY6,PH5,y,both,y,y,,1940
PH5194006011,HOM,PH5,PHI17,19400601,1,,day,,,false,,0,0,dry,unknown,unknown,0,unknown,-1,,,,mccrf901,cockp101,,,,,stevw101,thoms105,,regular,5,2,HOM,PH5,y,both,y,y,y,1940
PH5194006012,HOM,PH5,PHI17,19400601,2,,day,7,,false,,0,0,unknown,unknown,unknown,0,unknown,-1,,,,mccrf901,cockp101,,,,,hamij104,missj102,,regular,4,1,HOM,PH5,y,both,y,y,y,1940
PH5194006060,HOM,PH5,PHI17,19400606,0,,night,,,,,,3000,,,,,,,,,,mccrf901,harrm103,,,,,browr103,mcheh101,,regular,4,0,HOM,PH5,y,both,y,y,,1940
PH5194006081,BLG,PH5,PHI17,19400608,1,,day,,,false,,0,0,unknown,unknown,unknown,0,unknown,-1,,,,harrm103,mccrf901,,,,,thoms105,hubew101,,regular,5,6,PH5,BLG,y,both,y,y,y,1940
PH5194006082,BLG,PH5,PHI17,19400608,2,,day,7,,false,,0,0,unknown,unknown,unknown,0,unknown,-1,,,,mccrf901,harrm103,,,,,adame101,buchc101,,regular,6,0,BLG,PH5,y,both,y,y,y,1940
PH5194006130,NY6,PH5,PHI17,19400613,0,,night,,,,,,,,,,,,,,,,harrm103,cockp101,,,,,ruizs101,thoms105,,regular,7,4,NY6,PH5,y,both,y,y,,1940
PH5194006151,NW2,PH5,PHI17,19400615,1,,day,,,,,,,,,,,,,,,,mccrf901,,harrm103,,,,mannm101,welmr101,,regular,18,3,NW2,PH5,y,both,y,y,,1940
PH5194006152,NW2,PH5,PHI17,19400615,2,,,,,,,,,,,,,,,,,,mccrf901,,harrm103,,,,welmr101,everj103,,regular,7,10,PH5,NW2,y,both,y,y,,1940
PH5194006200,NY5,PH5,PHI17,19400620,0,,night,,,,,,,,,,,,,,,,mccrf901,cockp101,,,,,mcheh101,willr106,,regular,3,6,PH5,NY5,y,both,y,y,,1940
PH5194006221,KCM,PH5,PHI17,19400622,1,,day,,,,,,,,,,,,,,,,mccrf901,turnc101,,,,,johnt106,matcj101,,exhibition,5,7,PH5,KCM,y,both,y,y,,1940
PH5194006222,KCM,PH5,PHI17,19400622,2,,day,,,,,,,,,,,,,,,,turnc101,mccrf901,,,,,kranf101,millh104,,exhibition,8,3,KCM,PH5,y,both,y,y,,1940
PH5194006291,NY5,PH5,PHI17,19400629,1,,day,,,,,,,,,,,,,,,,harrm103,,cockp101,,,,mcheh101,stann101,,regular,7,15,PH5,NY5,y,both,y,y,,1940
PH5194006292,NY5,PH5,PHI17,19400629,2,,night,,,,,,,,,,,,,,,,harrm103,,cockp101,,,,buchc101,hollb106,,regular,3,4,PH5,NY5,y,both,y,y,,1940
PH5194007041,NW2,PH5,PHI17,19400704,1,,day,,,,,,,,,,,,,,,,mccrf901,cockp101,,,,,hookl101,buchc101,,regular,3,1,NW2,PH5,y,both,y,y,,1940
PH5194007042,NW2,PH5,PHI17,19400704,2,,day,,,,,,,,,,,,,,,,,,,,,,mannm101,johnt106,,regular,5,1,NW2,PH5,y,both,y,y,,1940
PH5194007061,NY6,PH5,PHI17,19400706,1,,day,,,,,,,,,,,,,,,,mccrf901,harrm103,,,,,ruizs101,johnt106,,regular,14,6,NY6,PH5,y,both,y,y,,1940
PH5194007062,NY6,PH5,PHI17,19400706,2,,night,,,,,,,,,,,,,,,,harrm103,mccrf901,,,,,thoms105,howac102,,regular,5,11,PH5,NY6,y,both,y,y,,1940
PH5194007131,HOM,PH5,PHI17,19400713,1,,day,,,,,,,,,,,,,,,,harrm103,mccrf901,,,,,mcheh101,ellir105,,regular,13,16,PH5,HOM,y,both,y,y,,1940
PH5194007132,HOM,PH5,PHI17,19400713,2,,night,,,,,,,,,,,,,,,,mccrf901,harrm103,,,,,browr103,buchc101,,regular,6,1,HOM,PH5,y,both,y,y,,1940
PH5194007201,BLG,PH5,PHI17,19400720,1,,,,,,,,,,,,,,,,,,harrb901,mccrf901,,,,,adame101,buchc101,,regular,9,1,BLG,PH5,y,both,y,y,,1940
PH5194007202,BLG,PH5,PHI17,19400720,2,,,,,,,,,,,,,,,,,,mccrf901,harrb901,,,,,hubew101,johnt106,,regular,12,8,BLG,PH5,y,both,y,y,,1940
PH5194007271,NY5,PH5,PHI17,19400727,1,,day,,,,,,,,,,,,,,,,,,,,,,mcheh101,browj112,,regular,5,9,PH5,NY5,y,both,y,y,,1940
PH5194007272,NY5,PH5,PHI17,19400727,2,,night,,,,,,,,,,,,,,,,,,,,,,stann101,thoms105,,regular,8,7,NY5,PH5,y,both,y,y,,1940
PH5194007300,HOM,PH5,PHI17,19400730,0,,night,,,,,,,,,,,,,,,,,,,,,,mcheh101,browr103,,regular,4,5,PH5,HOM,y,p,,,,1940
PH5194008031,SNO,PH5,PHI17,19400803,1,,day,,,,,,,,,,,,,,,,mccrf901,harrm103,,,,,buchc101,mcalf101,,exhibition,9,19,PH5,SNO,y,both,y,y,,1940
PH5194008032,SNO,PH5,PHI17,19400803,2,,night,,,,,,,,,,,,,,,,harrm103,mccrf901,,,,,missj102,smite111,,exhibition,3,4,PH5,SNO,y,both,y,y,,1940
PH5194008101,MEM,PH5,PHI17,19400810,1,,day,,,,,,,,,,,,,,,,mccrf901,cockp101,,,,,buchc101,breme101,,exhibition,1,4,PH5,MEM,y,both,y,y,,1940
PH5194008102,MEM,PH5,PHI17,19400810,2,,day,,,,,,,,,,,,,,,,mccrf901,cockp101,,,,,savaj103,missj102,,exhibition,4,1,MEM,PH5,y,both,y,y,,1940
PH5194008241,BLG,PH5,PHI17,19400824,1,,,,,,,,,,,,,,,,,,harrm103,,vanne901,,,,barbb102,buchc101,,regular,7,5,BLG,PH5,y,both,y,y,,1940
PH5194008242,BLG,PH5,PHI17,19400824,2,,,,,,,,,,,,,,,,,,harrm103,,vanne901,,,,mcheh101,hubew101,,regular,7,11,PH5,BLG,y,both,y,y,,1940
PH5194009021,HOM,PH5,PHI17,19400902,1,,day,,,,,,,,,,,,,,,,mccrf901,cockp101,,,,,walke103,buchc101,,regular,4,3,HOM,PH5,y,both,y,y,,1940
PH5194009022,HOM,PH5,PHI17,19400902,2,,night,,,,,,,,,,,,,,,,mccrf901,cockp101,,,,,mcheh101,hamij104,,regular,2,10,PH5,HOM,y,both,y,y,,1940
PH5194009050,MEM,PH5,PHI17,19400905,0,,,,,,,,,,,,,,,,,,,,,,,,millh104,dumal101,,exhibition,2,4,PH5,MEM,y,both,y,y,,1940
PH5194009071,MEM,PH5,PHI17,19400907,1,,,,,,,,,,,,,,,,,,mccrf901,cockp101,,,,,ellis102,evanf101,,exhibition,5,10,PH5,MEM,y,both,y,y,,1940
PH5194009072,MEM,PH5,PHI17,19400907,2,,,,,,,,,,,,,,,,,,mccrf901,cockp101,,,,,hutcw101,parnr102,,exhibition,3,1,MEM,PH5,y,both,y,y,,1940
BLG194009141,HOM,BLG,PHI17,19400914,1,,,,,,,,,,,,,,,,,,turnc101,,mccrf901,,,,ferrw102,browj112,,exhibition,7,3,HOM,BLG,y,both,y,y,,1940
BLG194009142,HOM,BLG,PHI17,19400914,2,,,,,,,,,,,,,,,,,,turnc101,,mccrf901,,,,robes104,barnb105,,exhibition,10,5,HOM,BLG,y,both,y,y,,1940
PH5194105100,NY6,PH5,PHI17,19410510,0,,day,,,,,,3000,,,,,,,,,,turnc101,cockp101,,,,,ruizs101,mcheh101,,regular,6,3,NY6,PH5,y,both,y,y,,1941
PH5194105170,BLG,PH5,PHI17,19410517,0,,,,,,,,,,,,,,,,,,,,,,,,byrdb101,mcheh101,,regular,9,4,BLG,PH5,y,both,y,y,,1941
PH5194105241,NY5,PH5,PHI17,19410524,1,,,,,,,135,1800,,,,,,,,,,mccrf901,turnc101,,,,,mcheh101,rectc101,,regular,9,10,PH5,NY5,y,both,y,y,,1941
PH5194105242,NY5,PH5,PHI17,19410524,2,,,,,,,90,1800,,,,,,,,,,mccrf901,turnc101,,,,,stann101,fillj101,,regular,5,3,NY5,PH5,y,both,y,y,,1941
PH5194105301,HOM,PH5,PHI17,19410530,1,,day,,,,,,,,,,,,,,,,mccrf901,cockp101,,,,,hamij104,walke103,,regular,10,1,HOM,PH5,y,both,y,y,,1941
PH5194105302,HOM,PH5,PHI17,19410530,2,,day,,,,,,,,,,,,,,,,mccrf901,cockp101,,,,,mcheh101,browr103,,regular,3,8,PH5,HOM,y,both,y,y,,1941
PH5194106071,NY6,PH5,PHI17,19410607,1,,,,,,,,,,,,,,,,,,turnc101,,mccrf901,,,,howac102,buchc101,,regular,3,1,NY6,PH5,y,both,y,y,,1941
PH5194106072,NY6,PH5,PHI17,19410607,2,,,,,,,,,,,,,,,,,,mccrf901,,turnc101,,,,brewc102,andeb106,,regular,2,4,PH5,NY6,y,both,y,y,,1941
PH5194106100,NY5,PH5,PHI17,19410610,0,,,,,,,,,,,,,,,,,,,,,,,,,,,regular,0,10,PH5,NY5,y,,,,,1941
PH5194106141,NW2,PH5,PHI17,19410614,1,,,,,,,,,,,,,,,,,,turnc101,cockp101,,,,,hookl101,brewc102,,regular,5,1,NW2,PH5,y,both,y,y,,1941
PH5194106142,NW2,PH5,PHI17,19410614,2,,,,,,,,,,,,,,,,,,turnc101,cockp101,,,,,hobgf101,buchc101,mannm101,regular,6,3,NW2,PH5,y,both,y,y,,1941
PH5194106190,HOM,PH5,PHI17,19410619,0,,night,,,,,,2000,,,,,,,,,,cockp101,schuu901,,,,,walke103,mcdut101,,regular,3,4,PH5,HOM,y,both,y,y,,1941
PH5194106211,BLG,PH5,PHI17,19410621,1,,night,,,,,,,,,,,,,,,,mccrf901,turnc101,,,,,willr106,fillj101,,regular,4,2,BLG,PH5,y,both,y,y,,1941
PH5194106212,BLG,PH5,PHI17,19410621,2,,night,,,,,,,,,,,,,,,,turnc101,mccrf901,,,,,mcheh101,byrdb101,,regular,1,2,PH5,BLG,y,both,y,y,,1941
PH5194106260,NY6,PH5,PHI17,19410626,0,,,,,,,,,,,,,,,,,,mccrf901,cockp101,,,,,andeb106,fillj101,,regular,7,2,NY6,PH5,y,both,y,y,,1941
PH5194106281,HOM,PH5,PHI17,19410628,1,,day,,,,,,,,,,,,,,,,turnc101,mccrf901,,,,,browr103,mcheh101,,regular,6,2,HOM,PH5,y,both,y,y,,1941
PH5194106282,HOM,PH5,PHI17,19410628,2,,day,,,,,,,,,,,,,,,,turnc101,mccrf901,,,,,walke103,hamij104,,regular,4,5,PH5,HOM,y,both,y,y,,1941
PH5194107050,BLG,PH5,PHI17,19410705,0,,night,,,,,,,,,,,,,,,,turnc101,mccrf901,,,,,adame101,fillj101,,regular,9,1,BLG,PH5,y,both,y,y,,1941
PH5194107100,NY5,PH5,PHI17,19410710,0,,,,,,,125,1100,,,,,,,,,,jenku901,mccrf901,,,,,evanb105,mcheh101,,regular,11,5,NY5,PH5,y,both,y,y,,1941
PH5194107121,MEM,PH5,PHI17,19410712,1,,,,,,,,,,,,,,,,,,mccrf901,vanne901,,,,,keyer101,walke103,,exhibition,7,0,MEM,PH5,y,both,y,y,,1941
PH5194107122,MEM,PH5,PHI17,19410712,2,,,,,,,,,,,,,,,,,,,,,,,,mossp101,mcheh101,radct101,exhibition,4,3,MEM,PH5,y,both,y,y,,1941
PH5194107170,KCM,PH5,PHI17,19410717,0,,night,,,,,,,,,,,,,,,,,,,,,,smith111,brewc102,,exhibition,2,1,KCM,PH5,y,both,,,,1941
PH5194107172,KCM,PH5,PHI17,19410717,2,,night,,,,,,,,,,,,,,,,mccrf901,cockp101,,,,,bryaa101,buchc101,,exhibition,1,0,KCM,PH5,y,both,y,y,,1941
PH5194107191,KCM,PH5,PHI17,19410719,1,,day,,,,,,,,,,,,,,,,mccrf901,cockp101,,,,,smitf107,walke103,,exhibition,6,4,KCM,PH5,y,both,y,y,,1941
BLG194107240,NY6,BLG,PHI17,19410724,0,,night,,,,,95,2000,,,,,,,,,,mccrf901,turnc101,,,,,byrdb101,barnd101,,regular,0,2,BLG,NY6,y,both,y,y,,1941
BLG194107261,NW2,BLG,PHI17,19410726,1,,,,,,,,,,,,,,,,,,,,,,,,willr106,hookl101,,exhibition,5,7,BLG,NW2,y,both,y,y,,1941
BLG194107262,NW2,BLG,PHI17,19410726,2,,,,,,,,,,,,,,,,,,turnc101,cockp101,,,,,hobgf101,barnb105,,exhibition,4,1,NW2,BLG,y,both,y,y,,1941
PH5194108020,NY6,PH5,PHI17,19410802,0,,night,,,,,,,,,,,,,,,,cockp101,bishl901,,,,,barnd101,buchc101,,regular,8,3,NY6,PH5,y,both,y,y,,1941
PH5194108070,HOM,PH5,PHI17,19410807,0,,night,,,,,,,,,,,,,,,,,,,,,,browr103,mcheh101,,regular,7,1,HOM,PH5,y,both,y,y,,1941
PH5194108090,BIR,PH5,PHI17,19410809,0,,,,,,,,,,,,,,,,,,mccrf901,,cockp101,,,,fillj101,gipsa101,,exhibition,4,10,PH5,BIR,y,both,y,y,,1941
PH5194108140,JAX,PH5,PHI17,19410814,0,,night,,,,,,,,,,,,,,,,turnc101,cockp101,,,,,mcheh101,henrp101,,exhibition,1,8,PH5,JAX,y,both,y,y,,1941
PH5194108160,NY5,PH5,PHI17,19410816,0,,night,,,,,,,,,,,,,,,,turnc101,cockp101,,,,,walke103,rectc101,,regular,3,5,PH5,NY5,y,both,y,y,,1941
BLG194108210,CAG,BLG,PHI17,19410821,0,,night,,,,,,,,,,,,,,,,,,,,,,willr106,jessg101,,exhibition,1,4,BLG,CAG,y,both,y,y,,1941
PH5194108280,CAG,PH5,PHI17,19410828,0,,night,,,,,,,,,,,,,,,,turnc101,mccrf901,,,,,ferrw102,mcheh101,,exhibition,7,1,CAG,PH5,,both,,,,1941
PH5194108300,BLG,PH5,PHI17,19410830,0,,night,,,,,,,,,,,,,,,,turnc101,mccrf901,,,,,adame101,walke103,,regular,8,2,BLG,PH5,y,both,,,,1941
PH5194109011,NY6,PH5,PHI17,19410901,1,,day,,,,,,,,,,,,,,,,turnc101,vanne901,,,,,barnd101,gibbj103,,regular,7,4,NY6,PH5,y,both,y,y,,1941
PH5194109012,NY6,PH5,PHI17,19410901,2,,day,,,,,,,,,,,,,,,,turnc101,vanne901,,,,,howac102,fillj101,,regular,10,3,NY6,PH5,y,both,y,y,,1941
NY6194109200,HOM,NY6,PHI17,19410920,0,,,,,,,,2500,,,,,,,,,,,,,,,,greev101,housj103,,championship,4,5,NY6,HOM,y,both,,,,1941
PH5194205090,BLG,PH5,PHI17,19420509,0,,day,,,,,,,,,,,,,,,,mccrf901,cockp101,,,,,adame101,mcdut101,byrdb101,regular,2,1,BLG,PH5,y,both,y,y,,1942
PH5194205161,NW2,PH5,PHI17,19420516,1,,day,,,,,,,,,,,,,,,,mccrf901,cockp101,,,,,mcdut101,hobgf101,,regular,1,4,PH5,NW2,y,both,y,y,,1942
PH5194205162,NW2,PH5,PHI17,19420516,2,,day,,,,,,,,,,,,,,,,mccrf901,cockp101,,,,,mannm101,barbb102,,regular,8,0,NW2,PH5,y,both,y,y,,1942
PH5194205231,NY6,PH5,PHI17,19420523,1,,day,,,,,,,,,,,,,,,,turnu901,craij901,,,,,browb107,morrb104,,regular,6,12,PH5,NY6,y,both,y,y,,1942
PH5194205232,NY6,PH5,PHI17,19420523,2,,day,,,,,,,,,,,,,,,,craij901,turnu901,,,,,mcdut101,andeb106,,regular,1,10,PH5,NY6,y,both,y,y,,1942
PH5194206040,HOM,PH5,PHI17,19420604,0,,night,,,,,,5500,,,,,,,,,,,,,,,,browb107,welmr101,,regular,2,4,PH5,HOM,y,both,y,y,,1942
PH5194206060,NW2,PH5,PHI17,19420606,0,,night,,,,,,,,,,,,,,,,,,,,,,day-l101,mcdut101,,regular,13,0,NW2,PH5,y,both,y,y,,1942
PH5194206071,NW2,PH5,PHI17,19420607,1,,,,,,,,,,,,,,,,,,,,,,,,hillj104,browb107,,regular,6,4,NW2,PH5,y,both,y,y,,1942
PH5194206072,NW2,PH5,PHI17,19420607,2,,,,,,,,,,,,,,,,,,,,,,,,fillj101,hillj104,,regular,2,4,PH5,NW2,y,both,y,y,,1942
PH5194206110,BLG,PH5,PHI17,19420611,0,,night,,,,,,,,,,,,,,,,,,,,,,browb107,harvb101,,regular,3,11,PH5,BLG,y,both,y,y,,1942
PH5194206130,NY5,PH5,PHI17,19420613,0,,night,,,,,,,,,,,,,,,,,,,,,,mcalf101,mcdut101,,regular,8,0,NY5,PH5,y,both,y,y,,1942
PH5194206180,BLG,PH5,PHI17,19420618,0,,night,,,,,,,,,,,,,,,,,,,,,,browb107,byrdb101,,regular,5,9,PH5,BLG,y,both,y,y,,1942
PH5194206200,HOM,PH5,PHI17,19420620,0,,,,,,,,,,,,,,,,,,,,,,,,welmr101,fillj101,,regular,7,2,HOM,PH5,y,both,y,y,,1942
PH5194206250,NW2,PH5,PHI17,19420625,0,,night,,,,,,,,,,,,,,,,,,,,,,buchc101,hillj104,,regular,4,5,PH5,NW2,y,both,y,y,,1942
PH5194206270,NY5,PH5,PHI17,19420627,0,,night,,,,,,,,,,,,,,,,,,,,,,evanb105,boonl102,,regular,5,14,PH5,NY5,y,both,y,y,,1942
PH5194207020,NY6,PH5,PHI17,19420702,0,,night,,,,,,,,,,,,,,,,,,,,,,fillj101,andeb106,,regular,7,9,PH5,NY6,y,both,y,y,,1942
PH5194207041,HOM,PH5,PHI17,19420704,1,,day,,,,,,9000,,,,,,,,,,,,,,,,browb107,welmr101,,regular,0,4,PH5,HOM,y,both,y,y,,1942
PH5194207042,HOM,PH5,PHI17,19420704,2,,day,,,,,,9000,,,,,,,,,,,,,,,,wrigj105,evanb105,,regular,6,4,HOM,PH5,y,both,y,y,,1942
PH5194207090,NY5,PH5,PHI17,19420709,0,,night,,,,,,,,,,,,,,,,,,,,,,mcdut101,grifb102,,regular,3,9,PH5,NY5,y,both,y,y,,1942
PH5194207110,HOM,PH5,PHI17,19420711,0,,night,,,,,,,,,,,,,,,,turnu901,,craij901,,,,calhl101,partr102,,regular,2,3,PH5,HOM,y,both,y,y,,1942
PH5194207121,HOM,PH5,PHI17,19420712,1,,,,,,,,,,,,,,,,,,,,,,,,browb107,browr103,,regular,1,9,PH5,HOM,y,both,y,y,,1942
PH5194207122,HOM,PH5,PHI17,19420712,2,,,,,,,,,,,,,,,,,,,,,,,,welmr101,mcdut101,,regular,11,8,HOM,PH5,y,both,y,y,,1942
PH5194207160,NW2,PH5,PHI17,19420716,0,,night,,,,,,,,,,,,,,,,,,,,,,hookl101,fillj101,,regular,9,5,NW2,PH5,y,both,y,y,,1942
BLG194207180,NY6,BLG,PHI17,19420718,0,,night,,,,,,,,,,,,,,,,,,,,,,glovt101,cruem101,,regular,3,11,BLG,NY6,y,both,y,y,,1942
PH5194207230,BLG,PH5,PHI17,19420723,0,,night,,,,,,,,,,,,,,,,mccrf901,thomj901,,,,,glovt101,browb107,,regular,9,5,BLG,PH5,y,both,y,y,,1942
PH5194207250,BIR,PH5,PHI17,19420725,0,,night,,,,,,,,,,,,,,,,,,,,,,fillj101,gipsa101,,exhibition,3,4,PH5,BIR,y,both,y,y,,1942
PH5194207300,CAG,PH5,PHI17,19420730,0,,night,,,,,,7000,,,,,,,,,,,,,,,,fillj101,westo102,,exhibition,4,6,PH5,CAG,y,both,y,y,,1942
PH5194208010,NY5,PH5,PHI17,19420801,0,,night,,,,,,6500,,,,,,,,,,,,,,,,smite111,evanb105,,regular,6,4,NY5,PH5,y,both,y,y,,1942
PH5194208060,KCM,PH5,PHI17,19420806,0,,night,,,,,,11500,,,,,,,,,,,,,,,,smith111,browb107,,exhibition,10,2,KCM,PH5,y,both,y,y,,1942
PH5194208150,CAG,PH5,PHI17,19420815,0,,,,,,,,,,,,,,,,,,,,,,,,jeffw101,thoms105,,exhibition,0,5,PH5,CAG,y,both,y,y,,1942
PH5194208200,MEM,PH5,PHI17,19420820,0,,night,,,,,,,,,,,,,,,,,,,,,,fillj101,,,exhibition,7,14,PH5,MEM,,,,,,1942
BLG194208220,NW2,BLG,PHI17,19420822,0,,,,,,,,,,,,,,,,,,turnu901,,craij901,,,,hookl101,glovt101,,regular,6,5,NW2,BLG,y,both,y,y,,1942
PH5194208240,HOM,PH5,PHI17,19420824,0,,night,,,,,,,,,,,,,,,,,,,,,,,,,exhibition,4,4,,,y,both,y,y,,1942
BLG194208270,NY6,BLG,PHI17,19420827,0,,,,,,,,,,,,,,,,,,,,,,,,,,,regular,3,5,BLG,NY6,,,,,,1942
PH5194209030,NY5,PH5,PHI17,19420903,0,,night,,,,,,,,,,,,,,,,,,,,,,grifb102,jeffw101,,regular,8,5,NY5,PH5,y,both,y,y,,1942
PH5194209050,BLG,PH5,PHI17,19420905,0,,night,,,,,,,,,,,,,,,,,,,,,,byrdb101,calhl101,,regular,8,3,BLG,PH5,y,both,y,y,,1942
PH5194209071,BLG,PH5,PHI17,19420907,1,,day,,,,,,,,,,,,,,,,craij901,,,,,,harvb101,browb107,,regular,6,0,BLG,PH5,y,both,y,y,,1942
PH5194209072,BLG,PH5,PHI17,19420907,2,,day,,,,,,,,,,,,,,,,craij901,,,,,,buchc101,adame101,,regular,3,4,PH5,BLG,y,both,y,y,,1942
PH5194209160,HOM,PH5,PHI17,19420916,0,,night,,,,,,,,,,,,,,,,mccrf901,,,,,,,,,exhibition,5,5,,,y,both,y,y,,1942
PH5194305150,NW2,PH5,PHI17,19430515,0,,,,,,,,4000,,,,,,,,,,mccrf901,cockp101,,,,,hookl101,buchc101,,regular,4,2,NW2,PH5,y,both,y,y,,1943
PH5194305220,HOM,PH5,PHI17,19430522,0,,night,,,,,,,,,,,,,,,,mccrf901,cockp101,,,,,shiec102,mathv101,,regular,7,1,HOM,PH5,y,both,y,y,,1943
PH5194305270,HSL,PH5,PHI17,19430527,0,,night,,,,,,,,,,,,,,,,mccrf901,,cockp101,,,,keyer101,mcalf101,,regular,4,9,PH5,HSL,y,both,y,y,,1943
PH5194305290,NY6,PH5,PHI17,19430529,0,,,,,,,,,,,,,,,,,,,,,,,,andeb106,buchc101,,regular,9,3,NY6,PH5,y,both,y,y,,1943
PH5194305311,NY6,PH5,PHI17,19430531,1,,day,,,,,,,,,,,,,,,,forbf901,cockp101,,,,,keyer101,howac102,,regular,5,10,PH5,NY6,y,both,y,y,,1943
PH5194305312,NY6,PH5,PHI17,19430531,2,,day,,,,,,,,,,,,,,,,forbf901,cockp101,,,,,howac102,buchc101,,regular,10,4,NY6,PH5,y,both,y,y,,1943
PH5194306030,NY5,PH5,PHI17,19430603,0,,night,,,,,,,,,,,,,,,,mccrf901,cockp101,,,,,keyer101,stann101,,regular,2,11,PH5,NY5,y,both,y,y,,1943
PH5194306050,HOM,PH5,PHI17,19430605,0,,night,,,,,,,,,,,,,,,,cockp101,forbf901,,,,,browb107,wrigj105,,regular,2,12,PH5,HOM,y,both,y,y,,1943
PH5194306080,HSL,PH5,PHI17,19430608,0,,,,,,,,,,,,,,,,,,,,,,,,,,,regular,8,5,HSL,PH5,,,,,,1943
PH5194306100,NW2,PH5,PHI17,19430610,0,,night,,,,,,,,,,,,,,,,mccrf901,bishl901,,,,,buchc101,elamj101,,regular,1,2,PH5,NW2,y,p,,,,1943
PH5194306120,NY5,PH5,PHI17,19430612,0,,night,,,,,,,,,,,,,,,,,,,,,,evanb105,bunnw101,,regular,6,2,NY5,PH5,y,both,y,y,,1943
PH5194306190,HOM,PH5,PHI17,19430619,0,,night,,,,,,,,,,,,,,,,mccrf901,bishl901,,,,,carts102,bunnw101,,regular,6,4,HOM,PH5,y,both,y,y,,1943
PH5194306240,NY5,PH5,PHI17,19430624,0,,night,,,,,,,,,,,,,,,,,,,,,,buchc101,adame101,,regular,3,17,PH5,NY5,y,both,y,y,,1943
PH5194306260,HOM,PH5,PHI17,19430626,0,,night,,,,,,,,,,,,,,,,mccrf901,cockp101,,,,,carts102,browb107,,regular,10,1,HOM,PH5,y,both,y,y,,1943
PH5194307010,BLG,PH5,PHI17,19430701,0,,night,,,,,,,,,,,,,,,,mccrf901,cockp101,,,,,porta103,kimbl101,,regular,10,4,BLG,PH5,y,both,y,y,,1943
PH5194307030,BLG,PH5,PHI17,19430703,0,,night,,,,,,,,,,,,,,,,mccrf901,cockp101,,,,,browb107,burnw102,,regular,3,9,PH5,BLG,y,both,y,y,,1943
PH5194307051,NY6,PH5,PHI17,19430705,1,,day,,,,,,,,,,,,,,,,,,,,,,andeb106,kimbl101,,regular,8,5,NY6,PH5,y,both,y,y,,1943
PH5194307052,NY6,PH5,PHI17,19430705,2,,day,,,,,,,,,,,,,,,,,,,,,,currg102,howac102,,regular,1,7,PH5,NY6,y,both,y,y,,1943
PH5194307100,BLG,PH5,PHI17,19430710,0,,night,,,,,,,,,,,,,,,,mccrf901,cockp101,,,,,buchc101,burnw102,,regular,10,11,PH5,BLG,y,both,y,y,,1943
PH5194307150,NW2,PH5,PHI17,19430715,0,,night,,,,,,,,,,,,,,,,,,,,,,hookl101,currg102,,regular,12,10,NW2,PH5,y,both,y,y,,1943
PH5194307170,NY5,PH5,PHI17,19430717,0,,night,,,,,,,,,,,,,,,,mccrf901,,,,,,currg102,mccrj102,,regular,0,17,PH5,NY5,y,both,y,y,,1943
PH5194307240,HOM,PH5,PHI17,19430724,0,,night,,,,,,,,,,,,,,,,,,,,,,carts102,currg102,,regular,8,2,HOM,PH5,y,both,y,y,,1943
PH5194307270,BLG,PH5,PHI17,19430727,0,,night,,,,,,,,,,,,,,,,mccrf901,bishl901,,,,,buchc101,byrdb101,,regular,1,2,PH5,BLG,y,both,y,y,,1943
PH5194307290,NY5,PH5,PHI17,19430729,0,,night,,,,,,,,,,,,,,,,gilbu901,bishl901,,,,,kimbl101,mccrj102,,regular,10,23,PH5,NY5,y,both,y,y,,1943
PH5194308120,NY6,PH5,PHI17,19430812,0,,night,,,,,,,,,,,,,,,,mccrf901,cockp101,,,,,browb107,howac102,,regular,1,4,PH5,NY6,y,both,y,y,,1943
PH5194308190,NW2,PH5,PHI17,19430819,0,,night,,,,,,,,,,,,,,,,,,,,,,sunkp101,hobgf101,,regular,11,12,PH5,NW2,y,both,y,y,,1943
PH5194308210,BIR,PH5,PHI17,19430821,0,,night,,,false,,0,0,unknown,unknown,unknown,0,unknown,-1,,,,mccrf901,,,,,,gipsa101,evanb105,,exhibition,5,1,BIR,PH5,y,both,y,y,d,1943
PH5194308260,BLG,PH5,PHI17,19430826,0,,night,,,,,,,,,,,,,,,,,,,,,,,,,regular,5,5,,,y,both,y,y,,1943
PH5194308280,NY5,PH5,PHI17,19430828,0,,night,,,,,,,,,,,,,,,,mccrf901,,,,,,hillb103,mccrj102,,regular,10,18,PH5,NY5,y,both,y,y,,1943
PH5194309040,BIR,PH5,PHI17,19430904,0,,night,,,,,,,,,,,,,,,,,,,,,,buchc101,gipsa101,,exhibition,2,9,PH5,BIR,y,both,y,y,,1943
PH5194309061,NW2,PH5,PHI17,19430906,1,,,,,,,,,,,,,,,,,,,,,,,,davij106,sunkp101,,exhibition,5,4,NW2,PH5,y,p,,,,1943
PH5194309062,NW2,PH5,PHI17,19430906,2,,,,,,,,,,,,,,,,,,,,,,,,day-l101,evanb105,,exhibition,7,2,NW2,PH5,,p,,,,1943
PH5194309110,HOM,PH5,PHI17,19430911,0,,night,,,,,,,,,,,,,,,,,,,,,,hookl101,browr103,browb107,exhibition,8,9,PH5,HOM,y,both,y,y,,1943
NNS194309180,HOM,NNS,PHI17,19430918,0,,night,,,false,,0,0,unknown,unknown,unknown,0,unknown,-1,,,,mccrf901,bishl901,,,,,wrigj105,day-l101,partr102,exhibition,2,1,HOM,NNS,y,both,y,y,d,1943
NNS194309191,HOM,NNS,PHI17,19430919,1,,day,,,false,,0,0,unknown,unknown,unknown,0,unknown,-1,,,,mccrf901,bishl901,,,,,sunkp101,walke103,,exhibition,7,8,NNS,HOM,y,both,y,y,d,1943
NNS194309192,HOM,NNS,PHI17,19430919,2,,day,,,,,,,,,,,,,,,,,,,,,,browr103,andeb106,,exhibition,9,0,HOM,NNS,y,both,y,y,,1943
PH5194405060,BLG,PH5,PHI17,19440506,0,,day,,,false,,0,3000,unknown,unknown,unknown,0,unknown,-1,,,,,,,,,,browb107,byrdb101,,regular,4,5,PH5,BLG,y,both,y,y,d,1944
PH5194405200,NY6,PH5,PHI17,19440520,0,,night,,,false,,0,0,unknown,unknown,unknown,0,unknown,-1,,,,mccrf901,cockp101,,,,,morrb104,glenh103,greev101,regular,6,3,NY6,PH5,y,both,y,y,d,1944
PH5194405301,NY6,PH5,PHI17,19440530,1,,day,,,,,,,,,,,,,,,,,,,,,,howac102,currg102,,regular,9,5,NY6,PH5,y,p,,,,1944
PH5194405302,NY6,PH5,PHI17,19440530,2,,day,,,false,,0,0,unknown,unknown,unknown,0,unknown,-1,,,,,,,,,,glenh103,scanp101,,regular,5,6,PH5,NY6,y,both,y,y,d,1944
PH5194406010,NW2,PH5,PHI17,19440601,0,,night,,,false,,0,0,unknown,unknown,unknown,0,unknown,-1,,,,,,,,,,rickb102,cozah101,,regular,1,6,PH5,NW2,y,both,y,y,d,1944
PH5194406030,NY5,PH5,PHI17,19440603,0,,night,,,,,,,,,,,,,,,,rhoac101,cockp101,,,,,glenh103,forrp101,,regular,6,13,PH5,NY5,y,both,y,y,,1944
PH5194406080,BLG,PH5,PHI17,19440608,0,,night,,,,,,,,,,,,,,,,,,,,,,buchc101,,,regular,1,3,PH5,BLG,,p,,,,1944
PH5194406150,NY5,PH5,PHI17,19440615,0,,night,,,,,,,,,,,,,,,,mccrf901,cockp101,,,,,sunkp101,stann101,rickb102,regular,5,6,PH5,NY5,y,both,y,y,,1944
PH5194406170,BLG,PH5,PHI17,19440617,0,,night,,,,,,,,,,,,,,,,mccrf901,cockp101,(none),rhoac101,,,porta103,buchc101,,regular,13,4,BLG,PH5,y,both,y,y,,1944
PH5194406220,NY6,PH5,PHI17,19440622,0,,night,,,false,,0,0,unknown,unknown,unknown,0,unknown,-1,,,,,,,,,,tianl102,browb107,morrb104,regular,10,4,NY6,PH5,y,both,y,y,d,1944
PH5194406240,HOM,PH5,PHI17,19440624,0,,night,,,,,,,,,,,,,,,,mccrf901,cockp101,,rhoac101,,,ander103,mahou101,,exhibition,11,8,HOM,PH5,y,both,y,y,,1944
PH5194407010,NY6,PH5,PHI17,19440701,0,,night,,,,,,,,,,,,,,,,mccrf901,cockp101,,,,,rickb102,scanp101,,regular,4,7,PH5,NY6,y,both,y,y,,1944
PH5194407041,NY5,PH5,PHI17,19440704,1,,day,,,,,,,,,,,,,,,,,,,,,,currg102,russb102,,regular,2,9,PH5,NY5,,p,,,,1944
PH5194407042,NY5,PH5,PHI17,19440704,2,,day,,,,,,,,,,,,,,,,,rhoac101,,,,,rickb102,mcfaj101,,regular,5,6,PH5,NY5,y,both,,,,1944
PH5194407080,NW2,PH5,PHI17,19440708,0,,night,,,,,,,,,,,,,,,,mccrf901,cockp101,(none),rhoac101,,,rickb102,newcd101,,regular,2,13,PH5,NW2,y,both,y,y,,1944
PH5194407220,NW2,PH5,PHI17,19440722,0,,night,,,false,,0,0,unknown,unknown,unknown,0,unknown,-1,,,,mccrf901,cockp101,(none),rhoac101,,,rickb102,hookl101,,regular,5,8,PH5,NW2,y,both,y,y,d,1944
PH5194407290,BLG,PH5,PHI17,19440729,0,,night,,,false,,0,0,unknown,unknown,unknown,0,unknown,-1,,,,mccrf901,cockp101,(none),rhoac101,,,millh104,glovt101,,regular,1,9,PH5,BLG,y,both,y,y,d,1944
PH5194408030,NY5,PH5,PHI17,19440803,0,,night,,,,,,,,,,,,,,,,cockp101,rhoac101,,,,,mcfaj101,currg102,,regular,3,2,NY5,PH5,y,both,y,y,,1944
PH5194408100,NY6,PH5,PHI17,19440810,0,,night,,,,,,,,,,,,,,,,,,,,,,millh104,morrb104,,regular,0,2,PH5,NY6,y,p,,,,1944
PH5194408120,NW2,PH5,PHI17,19440812,0,,night,,,false,,0,0,unknown,unknown,unknown,0,unknown,-1,,,,,,,,,,hobgf101,mahou101,,exhibition,7,5,NW2,PH5,y,both,y,y,d,1944
PH5194408170,NY5,PH5,PHI17,19440817,0,,night,,,,,,,,,,,,,,,,mccrf901,cockp101,,,,,millh104,forrp101,,regular,3,20,PH5,NY5,y,both,y,y,,1944
PH5194408190,HOM,PH5,PHI17,19440819,0,,night,,,false,,0,0,unknown,unknown,unknown,0,unknown,-1,,,,cockp101,rhoac101,,,,,rickb102,johnj110,,regular,3,4,PH5,HOM,y,both,y,y,d,1944
PH5194408260,BLG,PH5,PHI17,19440826,0,,night,,,false,,0,0,unknown,unknown,unknown,0,unknown,-1,,,,cockp101,mccrf901,(none),rhoac101,,,troyd102,currg102,,exhibition,9,4,BLG,PH5,y,both,y,y,d,1944
PH5194408310,NY6,PH5,PHI17,19440831,0,,night,,,false,,0,0,unknown,unknown,unknown,0,unknown,-1,,,,mccrf901,cockp101,(none),rhoac101,,,millh104,scanp101,,regular,5,7,PH5,NY6,y,both,y,y,d,1944
PH5194409020,HOM,PH5,PHI17,19440902,0,,night,,,false,,0,0,unknown,unknown,unknown,0,unknown,-1,,,,mccrf901,cockp101,(none),rhoac101,,,welmr101,rickb102,,exhibition,8,0,HOM,PH5,y,both,y,y,d,1944
PH5194409041,NY5,PH5,PHI17,19440904,1,,day,,,false,,0,0,unknown,unknown,unknown,0,unknown,-1,,,,,,,,,,glenh103,stann101,,regular,1,5,PH5,NY5,y,both,y,y,d,1944
PH5194409042,NY5,PH5,PHI17,19440904,2,,day,,,,,,,,,,,,,,,,,,,,,,,,,regular,0,9,PH5,NY5,y,,,,,1944
PH5194409160,NW2,PH5,PHI17,19440916,0,,night,,,false,,0,0,unknown,unknown,unknown,0,unknown,-1,,,,rhoac101,cockp101,,,,,millh104,mcdut101,,exhibition,2,5,PH5,NW2,y,both,y,y,d,1944
PH5194505050,BLG,PH5,PHI17,19450505,0,,,,,,,,,,,,,,,,,,stevj901,procu901,,,,,rickb102,glovt101,,regular,0,13,PH5,BLG,y,both,y,y,,1945
PH5194505120,NY6,PH5,PHI17,19450512,0,,night,,,,,,,,,,,,,,,,mccrf901,casou901,,,,,tianl102,rickb102,,regular,6,4,NY6,PH5,y,both,y,y,,1945
PH5194505240,NY5,PH5,PHI17,19450524,0,,night,,,,,,,,,,,,,,,,,,,,,,currg102,stann101,,regular,3,10,PH5,NY5,y,both,y,y,,1945
PH5194505301,NW2,PH5,PHI17,19450530,1,,day,,,,,,,,,,,,,,,,,,,,,,mcdut101,rickb102,,regular,5,4,NW2,PH5,,p,,,,1945
PH5194505302,NW2,PH5,PHI17,19450530,2,,day,,,,,,,,,,,,,,,,,,,,,,browb107,peacw101,,regular,0,2,PH5,NW2,y,p,,,,1945
PH5194506020,NY6,PH5,PHI17,19450602,0,,night,,,,,,,,,,,,,,,,,,,,,,sunkp101,morrb104,,regular,0,1,PH5,NY6,y,both,y,y,,1945
PH5194506090,NY5,PH5,PHI17,19450609,0,,,,,,,,,,,,,,,,,,mccrf901,cockp101,,,,,,,,regular,5,5,,,y,both,y,y,,1945
PH5194506160,HOM,PH5,PHI17,19450616,0,,night,,,,,,,,,,,,,,,,harrm103,mccrf901,,,,,blaig101,sunkp101,,regular,9,0,HOM,PH5,y,both,y,y,,1945
PH5194506230,BLG,PH5,PHI17,19450623,0,,night,,,,,,,,,,,,,,,,harrm103,cockp101,,,,,millh104,hinta101,,regular,7,15,PH5,BLG,y,both,y,y,,1945
PH5194506300,HOM,PH5,PHI17,19450630,0,,night,,,,,,,,,,,,,,,,,,,,,,carts102,harrw101,,regular,7,3,HOM,PH5,y,both,y,y,,1945
PH5194507041,BLG,PH5,PHI17,19450704,1,,,,,,,,,,,,,,,,,,,,,,,,porta103,millh104,,regular,8,1,BLG,PH5,y,both,y,y,,1945
PH5194507042,BLG,PH5,PHI17,19450704,2,,,7,,,,,,,,,,,,,,,,,,,,,,,,regular,4,5,PH5,BLG,y,,,,,1945
PH5194507210,NY5,PH5,PHI17,19450721,0,,night,,,,,,,,,,,,,,,,mccrf901,rhoac101,,,,,millh104,mackg102,,regular,5,6,PH5,NY5,y,both,y,y,,1945
PH5194508020,BLG,PH5,PHI17,19450802,0,,night,,,,,,,,,,,,,,,,mccrf901,cockp101,,,,,partr102,byrdb101,,regular,1,5,PH5,BLG,y,both,y,y,,1945
PH5194508040,NY5,PH5,PHI17,19450804,0,,night,,,,,,,,,,,,,,,,mccrf901,,,,,,johnj110,millh104,,regular,9,2,NY5,PH5,y,both,y,y,,1945
PH5194508110,HOM,PH5,PHI17,19450811,0,,night,,,,,,,,,,,,,,,,,,,,,,fillj101,walkr103,,regular,6,7,PH5,HOM,y,both,y,y,,1945
PH5194508180,BLG,PH5,PHI17,19450818,0,,,,,,,,,,,,,,,,,,,,,,,,byrdb101,fillj101,,regular,7,5,BLG,PH5,y,both,y,y,,1945
PH5194509010,NY5,PH5,PHI17,19450901,0,,night,,,,,,,,,,,,,,,,,,,,,,harrw101,johnj110,,regular,2,16,PH5,NY5,y,both,y,y,,1945
HOM194509080,BIR,HOM,PHI17,19450908,0,,night,,,,,,,,,,,,,,,,,,,,,,boona101,walkr103,,exhibition,4,2,BIR,HOM,y,both,y,y,,1945
PH5194605110,NY6,PH5,PHI17,19460511,0,,,,,,,,,,,,,,,,,,,,,,,,mcheh101,jenkp101,,regular,3,4,PH5,NY6,y,both,y,y,,1946
PH5194605250,NY6,PH5,PHI17,19460525,0,,night,,,,,,,,,,,,,,,,,,,,,,fillj101,scanp101,,regular,4,6,PH5,NY6,y,both,y,y,,1946
PH5194606060,HOM,PH5,PHI17,19460606,0,,night,,,,,,,,,,,,,,,,,,,,,,browb107,warrc101,,regular,0,4,PH5,HOM,y,both,y,y,,1946
PH5194606080,NY5,PH5,PHI17,19460608,0,,night,,,,,,,,,,,,,,,,,,,,,,fillj101,newka101,,regular,3,4,PH5,NY5,y,both,y,y,,1946
PH5194606150,NY6,PH5,PHI17,19460615,0,,night,,,,,,,,,,,,,,,,,,,,,,jeffe101,barnd101,,regular,5,6,PH5,NY6,y,both,y,y,,1946
PH5194606220,NY5,PH5,PHI17,19460622,0,,night,,,,,,,,,,,,,,,,,,,,,,fillj101,poolc101,,regular,0,10,PH5,NY5,y,both,y,y,,1946
PH5194607041,BLG,PH5,PHI17,19460704,1,,day,,,false,,0,0,unknown,unknown,unknown,0,unknown,-1,,,,,,,,,,fillj101,blacj103,mcheh101,regular,4,5,PH5,BLG,y,both,y,y,d,1946
PH5194607042,BLG,PH5,PHI17,19460704,2,,day,7,,false,,0,0,unknown,unknown,unknown,0,unknown,-1,,,,,,,,,,figut101,harrw101,byrdb101,regular,4,3,BLG,PH5,y,both,y,y,d,1946
PH5194607110,NY6,PH5,PHI17,19460711,0,,night,,,,,,,,,,,,,,,,,,,,,,harrw101,cruem101,,regular,1,8,PH5,NY6,y,both,y,y,,1946
PH5194607130,BLG,PH5,PHI17,19460713,0,,night,,,,,,,,,,,,,,,,,,,,,,barnb105,millh104,,regular,11,3,BLG,PH5,y,both,y,y,,1946
PH5194607180,NY5,PH5,PHI17,19460718,0,,night,,,,,,,,,,,,,,,,,,,,,,newka101,harrw101,,regular,6,5,NY5,PH5,y,both,y,y,,1946
PH5194607270,NW2,PH5,PHI17,19460727,0,,night,,,,,,,,,,,,,,,,,,,,,,lewir101,harrw101,peacw101,regular,6,5,NW2,PH5,y,both,y,y,,1946
PH5194608030,NY5,PH5,PHI17,19460803,0,,night,,,false,,0,0,unknown,unknown,unknown,0,unknown,-1,,,,,,,,,,mcheh101,fernr101,,regular,3,4,PH5,NY5,y,both,y,y,d,1946
PH5194608100,HOM,PH5,PHI17,19460810,0,,night,,,,,,,,,,,,,,,,,,,,,,browb107,thurb101,,regular,2,7,PH5,HOM,y,both,y,y,,1946
PH5194608240,NY5,PH5,PHI17,19460824,0,,night,,,,,,,,,,,,,,,,,,,,,,rickb102,forrp101,,regular,5,7,PH5,NY5,y,both,y,y,,1946
PH5194705030,BLG,PH5,PHI17,19470503,0,,,,,,,,2000,,,,,,,,,,,,,,,,byrdb101,browb107,,exhibition,20,4,BLG,PH5,y,both,y,y,,1947
PH5194705100,NW2,PH5,PHI17,19470510,0,,night,,,false,,0,0,unknown,unknown,unknown,0,unknown,-1,,,,,,,,,,millh104,willc107,,regular,3,4,PH5,NW2,y,both,y,y,d,1947
PH5194705301,NY6,PH5,PHI17,19470530,1,,day,,,,,,,,,,,,,,,,,,,,,,browb107,scanp101,,regular,2,3,PH5,NY6,y,both,y,y,,1947
PH5194705302,NY6,PH5,PHI17,19470530,2,,day,,,,,,,,,,,,,,,,,,,,,,cruem101,wilma101,,regular,9,6,NY6,PH5,y,both,,,,1947
PH5194706050,NW2,PH5,PHI17,19470605,0,,night,,,,,,,,,,,,,,,,,,,,,,millh104,hookl101,,regular,0,8,PH5,NW2,y,both,y,y,,1947
PH5194706190,NY6,PH5,PHI17,19470619,0,,night,,,,,,,,,,,,,,,,,,,,,,scanp101,partr102,,regular,9,5,NY6,PH5,y,both,y,y,,1947
PH5194706210,NY5,PH5,PHI17,19470621,0,,,,,,,,,,,,,,,,,,,,,,,,millh104,newka101,,regular,2,11,PH5,NY5,y,both,y,y,,1947
PH5194706260,HOM,PH5,PHI17,19470626,0,,night,,,,,,,,,,,,,,,,,,,,,,,,,regular,10,10,,,y,both,y,y,,1947
PH5194707120,BLG,PH5,PHI17,19470712,0,,night,,,,,,,,,,,,,,,,,,,,,,rombb101,partr102,,regular,5,2,BLG,PH5,y,both,y,y,,1947
PH5194707260,NY5,PH5,PHI17,19470726,0,,night,,,,,,,,,,,,,,,,,,,,,,goulh101,mcfaj101,,regular,8,14,PH5,NY5,y,both,y,y,,1947
PH5194708020,NY6,PH5,PHI17,19470802,0,,,,,,,,,,,,,,,,,,,,,,,,,,,regular,11,2,NY6,PH5,,,,,,1947
PH5194708140,BLG,PH5,PHI17,19470814,0,,,,,,,,,,,,,,,,,,,,,,,,harrw101,blacj103,,regular,2,5,PH5,BLG,y,both,y,y,,1947
PH5194708230,NY6,PH5,PHI17,19470823,0,,,,,,,,,,,,,,,,,,,,,,,,,,,regular,9,2,NY6,PH5,,,,,,1947
