gid,id,team,d_seq,d_pos,stattype,d_ifouts,d_po,d_a,d_e,d_dp,d_tp,d_pb,d_wp,d_sb,d_cs,d_gs,date,number,site,vishome,opp,win,loss,tie,gametype,box,pbp,eject
SLN193504250,heuse101,SLN,1,1,value,3,0,1,0,0,0,,,,,0,19350425,0,STL07,h,CHN,0,1,0,regular,y,y,
SLN193504260,heuse101,SLN,1,1,value,19,0,1,0,0,0,,,,,0,19350426,0,STL07,h,PIT,1,0,0,regular,y,y,
BRO193505080,heuse101,SLN,1,1,value,13,0,1,0,0,0,,,,,0,19350508,0,NYC15,v,BRO,0,1,0,regular,y,y,
PHI193505120,heuse101,SLN,1,1,value,9,1,0,0,0,0,,,,,0,19350512,0,PHI09,v,PHI,1,0,0,regular,y,d,
SLN193505170,heuse101,SLN,1,1,value,15,0,0,0,0,0,,,,,1,19350517,0,STL07,h,BSN,0,1,0,regular,y,y,
CHN193506030,heuse101,SLN,1,1,value,12,0,1,0,0,0,,,,,1,19350603,0,CHI11,v,CHN,0,1,0,regular,y,y,
PIT193506040,heuse101,SLN,1,1,value,6,0,1,0,0,0,,,,,0,19350604,0,PIT06,v,PIT,0,1,0,regular,y,y,
BSN193506121,heuse101,SLN,1,1,value,15,0,3,0,1,0,,,,,0,19350612,1,BOS08,v,BSN,1,0,0,regular,y,y,
BSN193506141,heuse101,SLN,1,1,value,3,0,1,0,0,0,,,,,0,19350614,1,BOS08,v,BSN,0,1,0,regular,y,y,
NY1193506160,heuse101,SLN,1,1,value,18,0,0,0,0,0,,,,,0,19350616,0,NYC14,v,NY1,0,1,0,regular,y,y,
PHI193506210,heuse101,SLN,1,1,value,5,0,1,0,0,0,,,,,0,19350621,0,PHI09,v,PHI,0,1,0,regular,y,y,
BRO193506232,heuse101,SLN,1,1,value,6,0,0,0,0,0,,,,,0,19350623,2,NYC15,v,BRO,0,1,0,regular,y,y,
BRO193506240,heuse101,SLN,1,1,value,1,0,0,0,0,0,,,,,0,19350624,0,NYC15,v,BRO,1,0,0,regular,y,y,
SLN193507212,heuse101,SLN,1,1,value,3,0,0,0,0,0,,,,,0,19350721,2,STL07,h,BRO,1,0,0,regular,y,y,
SLN193507232,heuse101,SLN,1,1,value,10,0,1,0,0,0,,,,,0,19350723,2,STL07,h,NY1,0,1,0,regular,y,y,
SLN193507252,heuse101,SLN,1,1,value,10,0,0,0,0,0,,,,,0,19350725,2,STL07,h,NY1,0,1,0,regular,y,d,
PIT193507290,heuse101,SLN,1,1,value,3,0,0,0,0,0,,,,,0,19350729,0,PIT06,v,PIT,0,1,0,regular,y,y,
CIN193507300,heuse101,SLN,1,1,value,2,0,0,0,0,0,,,,,0,19350730,0,CIN07,v,CIN,0,1,0,regular,y,y,
CIN193508010,heuse101,SLN,1,1,value,0,0,0,1,0,0,,,,,0,19350801,0,CIN07,v,CIN,1,0,0,regular,y,y,
SLN193508041,heuse101,SLN,1,1,value,12,1,0,0,0,0,,,,,0,19350804,1,STL07,h,PIT,1,0,0,regular,y,y,
SLN193508070,heuse101,SLN,1,1,value,9,0,1,0,0,0,,,,,0,19350807,0,STL07,h,CIN,1,0,0,regular,y,y,
NY1193508141,heuse101,SLN,1,1,value,18,1,1,0,0,0,,,,,0,19350814,1,NYC14,v,NY1,0,1,0,regular,y,y,
NY1193508170,heuse101,SLN,1,1,value,21,0,0,0,0,0,,,,,1,19350817,0,NYC14,v,NY1,1,0,0,regular,y,y,
BRO193508231,heuse101,SLN,1,1,value,27,3,1,0,1,0,,,,,1,19350823,1,NYC15,v,BRO,1,0,0,regular,y,y,
BRO193508231,heuse101,SLN,1,1,official,,,,0,0,,,,,,1,19350823,1,NYC15,v,BRO,1,0,0,regular,y,y,
PHI193508281,heuse101,SLN,1,1,value,27,0,0,0,0,0,,,,,1,19350828,1,PHI09,v,PHI,1,0,0,regular,y,y,
SLN193509021,heuse101,SLN,1,1,value,21,0,0,0,0,0,,,,,1,19350902,1,STL07,h,PIT,1,0,0,regular,y,y,
SLN193509082,heuse101,SLN,1,1,value,9,0,0,0,0,0,,,,,1,19350908,2,STL07,h,PHI,0,1,0,regular,y,y,
SLN193509090,heuse101,SLN,1,1,value,12,0,2,0,1,0,,,,,0,19350909,0,STL07,h,PHI,0,1,0,regular,y,y,
SLN193509130,heuse101,SLN,1,1,value,6,0,0,0,0,0,,,,,1,19350913,0,STL07,h,NY1,0,1,0,regular,y,d,
SLN193509140,heuse101,SLN,1,1,value,27,1,3,0,1,0,,,,,1,19350914,0,STL07,h,NY1,0,1,0,regular,y,y,
SLN193509172,heuse101,SLN,1,1,value,18,0,0,0,0,0,,,,,1,19350917,2,STL07,h,BRO,0,1,0,regular,y,y,
SLN193509210,heuse101,SLN,1,1,value,3,0,1,0,0,0,,,,,0,19350921,0,STL07,h,CIN,0,1,0,regular,y,y,
SLN193509230,heuse101,SLN,1,1,value,7,0,0,0,0,0,,,,,1,19350923,0,STL07,h,PIT,0,1,0,regular,y,y,
SLN193604140,heuse101,SLN,1,1,value,3,0,0,0,0,0,,,,,0,19360414,0,STL07,h,CHN,0,1,0,regular,y,y,
BSN193605150,heuse101,SLN,1,1,value,5,0,1,0,0,0,,,,,0,19360515,0,BOS08,v,BSN,0,1,0,regular,y,y,
BSN193605160,heuse101,SLN,1,1,value,15,0,5,1,1,0,,,,,0,19360516,0,BOS08,v,BSN,1,0,0,regular,y,y,
NY1193605200,heuse101,SLN,1,1,value,2,0,0,2,0,0,,,,,0,19360520,0,NYC14,v,NY1,0,1,0,regular,y,y,
SLN193605280,heuse101,SLN,1,1,value,13,0,1,1,0,0,,,,,0,19360528,0,STL07,h,PIT,0,1,0,regular,y,y,
SLN193606020,heuse101,SLN,1,1,value,1,0,0,0,0,0,,,,,0,19360602,0,STL07,h,BRO,1,0,0,regular,y,y,
SLN193606061,heuse101,SLN,1,1,value,4,0,0,0,0,0,,,,,1,19360606,1,STL07,h,NY1,0,1,0,regular,y,y,
SLN193606090,heuse101,SLN,1,1,value,12,0,1,0,0,0,,,,,0,19360609,0,STL07,h,BSN,1,0,0,regular,y,y,
SLN193606140,heuse101,SLN,1,1,value,7,0,0,0,0,0,,,,,0,19360614,0,STL07,h,PHI,1,0,0,regular,y,y,
BSN193606171,heuse101,SLN,1,1,value,19,0,1,0,0,0,,,,,0,19360617,1,BOS08,v,BSN,0,1,0,regular,y,y,
NY1193606210,heuse101,SLN,1,1,value,15,1,0,0,0,0,,,,,1,19360621,0,NYC14,v,NY1,0,1,0,regular,y,y,
PHI193606230,heuse101,SLN,1,1,value,21,0,1,0,0,0,,,,,1,19360623,0,PHI09,v,PHI,1,0,0,regular,y,y,
PIT193606302,heuse101,SLN,1,1,value,3,1,0,0,0,0,,,,,0,19360630,2,PIT06,v,PIT,1,0,0,regular,y,y,
PIT193607010,heuse101,SLN,1,1,value,6,0,1,0,0,0,,,,,0,19360701,0,PIT06,v,PIT,0,1,0,regular,y,y,
CIN193607051,heuse101,SLN,1,1,value,6,0,0,0,0,0,,,,,0,19360705,1,CIN07,v,CIN,1,0,0,regular,y,y,
CIN193607052,heuse101,SLN,1,1,value,1,0,0,0,0,0,,,,,0,19360705,2,CIN07,v,CIN,1,0,0,regular,y,y,
SLN193607100,heuse101,SLN,1,1,value,4,0,0,0,0,0,,,,,0,19360710,0,STL07,h,NY1,1,0,0,regular,y,y,
SLN193607110,heuse101,SLN,1,1,value,12,0,0,0,0,0,,,,,0,19360711,0,STL07,h,NY1,1,0,0,regular,y,y,
SLN193607122,heuse101,SLN,1,1,value,2,0,0,0,0,0,,,,,0,19360712,2,STL07,h,BRO,0,1,0,regular,y,y,
SLN193607140,heuse101,SLN,1,1,value,1,0,0,0,0,0,,,,,0,19360714,0,STL07,h,BRO,1,0,0,regular,y,y,
SLN193607150,heuse101,SLN,1,1,value,13,0,1,0,1,0,,,,,0,19360715,0,STL07,h,PHI,0,1,0,regular,y,y,
SLN193607170,heuse101,SLN,1,1,value,1,0,0,0,0,0,,,,,0,19360717,0,STL07,h,PHI,1,0,0,regular,y,y,
SLN193607180,heuse101,SLN,1,1,value,3,0,0,0,0,0,,,,,0,19360718,0,STL07,h,BSN,0,1,0,regular,y,y,
BRO193607291,heuse101,SLN,1,1,value,15,0,0,0,0,0,,,,,0,19360729,1,NYC15,v,BRO,0,1,0,regular,y,y,
CHN193608040,heuse101,SLN,1,1,value,9,0,2,0,0,0,,,,,0,19360804,0,CHI11,v,CHN,1,0,0,regular,y,y,
SLN193608092,heuse101,SLN,1,1,value,10,0,0,0,0,0,,,,,0,19360809,2,STL07,h,CIN,0,1,0,regular,y,y,
PIT193608150,heuse101,SLN,1,1,value,4,0,1,0,0,0,,,,,0,19360815,0,PIT06,v,PIT,0,1,0,regular,y,y,
SLN193608210,heuse101,SLN,1,1,value,6,0,1,0,0,0,,,,,0,19360821,0,STL07,h,PIT,0,1,0,regular,y,y,
SLN193608231,heuse101,SLN,1,1,value,6,0,0,0,0,0,,,,,0,19360823,1,STL07,h,PIT,1,0,0,regular,y,y,
SLN193608240,heuse101,SLN,1,1,value,2,0,0,0,0,0,,,,,0,19360824,0,STL07,h,PIT,0,1,0,regular,y,y,
SLN193608251,heuse101,SLN,1,1,value,25,0,0,0,0,0,,,,,0,19360825,1,STL07,h,BSN,0,1,0,regular,y,y,
CIN193609061,heuse101,SLN,1,1,value,6,0,1,0,0,0,,,,,0,19360906,1,CIN07,v,CIN,0,1,0,regular,y,y,
PIT193609072,heuse101,SLN,1,1,value,12,0,0,0,0,0,,,,,0,19360907,2,PIT06,v,PIT,0,1,0,regular,y,y,
BSN193609100,heuse101,SLN,1,1,value,6,0,1,0,0,0,,,,,0,19360910,0,BOS08,v,BSN,1,0,0,regular,y,y,
BRO193609112,heuse101,SLN,1,1,value,2,0,0,0,0,0,,,,,0,19360911,2,NYC15,v,BRO,0,1,0,regular,y,y,
NY1193609131,heuse101,SLN,1,1,value,14,0,4,0,0,0,,,,,0,19360913,1,NYC14,v,NY1,0,1,0,regular,y,y,
NY1193609140,heuse101,SLN,1,1,value,8,0,1,0,0,0,,,,,0,19360914,0,NYC14,v,NY1,0,1,0,regular,y,y,
CHN193609180,heuse101,SLN,1,1,value,1,0,0,0,0,0,,,,,0,19360918,0,CHI11,v,CHN,0,1,0,regular,y,y,
CHN193609190,heuse101,SLN,1,1,value,2,0,0,0,0,0,,,,,0,19360919,0,CHI11,v,CHN,1,0,0,regular,y,y,
CHN193609210,heuse101,SLN,1,1,value,1,0,0,0,0,0,,,,,0,19360921,0,CHI11,v,CHN,1,0,0,regular,y,y,
SLN193609250,heuse101,SLN,1,1,value,6,0,0,0,0,0,,,,,0,19360925,0,STL07,h,CIN,0,1,0,regular,y,y,
SLN193609260,heuse101,SLN,1,1,value,9,0,1,0,0,0,,,,,0,19360926,0,STL07,h,CHN,0,1,0,regular,y,y,
NY1193804260,heuse101,PHI,1,1,value,3,0,0,0,0,0,,,,,0,19380426,0,NYC14,v,NY1,0,1,0,regular,y,y,
NYA194004240,heuse101,PHA,1,1,value,3,0,0,0,0,0,,,,,0,19400424,0,NYC16,v,NYA,0,1,0,regular,y,y,
PHA194004270,heuse101,PHA,1,1,value,6,0,0,0,0,0,,,,,0,19400427,0,PHI11,h,BOS,1,0,0,regular,y,y,
PHA194004280,heuse101,PHA,1,1,value,9,0,0,0,0,0,,,,,0,19400428,0,PHI11,h,BOS,0,1,0,regular,y,y,
PHA194005070,heuse101,PHA,1,1,value,6,0,0,0,0,0,,,,,0,19400507,0,PHI11,h,CHA,0,1,0,regular,y,y,
PHA194005080,heuse101,PHA,1,1,value,7,0,0,0,0,0,,,,,0,19400508,0,PHI11,h,SLA,1,0,0,regular,y,y,
PHA194005100,heuse101,PHA,1,1,value,1,0,0,0,0,0,,,,,0,19400510,0,PHI11,h,WS1,1,0,0,regular,y,y,
PHA194005110,heuse101,PHA,1,1,value,3,0,0,0,0,0,,,,,0,19400511,0,PHI11,h,WS1,0,1,0,regular,y,y,
CHA194005230,heuse101,PHA,1,1,value,2,0,0,0,0,0,,,,,0,19400523,0,CHI10,v,CHA,0,1,0,regular,y,y,
PHA194005280,heuse101,PHA,1,1,value,2,0,0,0,0,0,,,,,0,19400528,0,PHI11,h,BOS,0,1,0,regular,y,y,
PHA194005290,heuse101,PHA,1,1,value,3,0,0,0,0,0,,,,,0,19400529,0,PHI11,h,BOS,0,1,0,regular,y,y,
PHA194005301,heuse101,PHA,1,1,value,3,0,0,0,0,0,,,,,0,19400530,1,PHI11,h,WS1,1,0,0,regular,y,y,
PHA194006022,heuse101,PHA,1,1,value,15,0,0,0,0,0,,,,,0,19400602,2,PHI11,h,CLE,1,0,0,regular,y,y,
PHA194006040,heuse101,PHA,1,1,value,5,1,0,0,0,0,,,,,0,19400604,0,PHI11,h,DET,1,0,0,regular,y,y,
PHA194006050,heuse101,PHA,1,1,value,2,0,0,0,0,0,,,,,0,19400605,0,PHI11,h,DET,0,1,0,regular,y,y,
PHA194006091,heuse101,PHA,1,1,value,3,0,0,0,0,0,,,,,0,19400609,1,PHI11,h,SLA,0,1,0,regular,y,y,
PHA194006110,heuse101,PHA,1,1,value,18,0,2,0,0,0,,,,,0,19400611,0,PHI11,h,CHA,0,1,0,regular,y,y,
CLE194006140,heuse101,PHA,1,1,value,3,0,1,0,0,0,,,,,0,19400614,0,CLE06,v,CLE,0,1,0,regular,y,y,
DET194006200,heuse101,PHA,1,1,value,5,0,0,0,0,0,,,,,0,19400620,0,DET04,v,DET,1,0,0,regular,y,y,
SLA194006250,heuse101,PHA,1,1,value,2,0,0,0,0,0,,,,,0,19400625,0,STL07,v,SLA,0,1,0,regular,y,d,
NYA194006290,heuse101,PHA,1,1,value,12,1,2,0,0,0,,,,,0,19400629,0,NYC16,v,NYA,0,1,0,regular,y,y,
BOS194007021,heuse101,PHA,1,1,value,18,0,0,0,0,0,,,,,1,19400702,1,BOS07,v,BOS,1,0,0,regular,y,y,
WS1194007042,heuse101,PHA,1,1,value,6,0,0,1,0,0,,,,,0,19400704,2,WAS09,v,WS1,0,1,0,regular,y,y,
PHA194007110,heuse101,PHA,1,1,value,15,0,2,0,0,0,,,,,0,19400711,0,PHI11,h,CLE,0,1,0,regular,y,y,
PHA194007150,heuse101,PHA,1,1,value,10,0,0,0,0,0,,,,,1,19400715,0,PHI11,h,DET,0,1,0,regular,y,y,
PHA194007200,heuse101,PHA,1,1,value,12,0,2,0,0,0,,,,,0,19400720,0,PHI11,h,CHA,0,1,0,regular,y,y,
SLA194008020,heuse101,PHA,1,1,value,3,0,0,0,0,0,,,,,0,19400802,0,STL07,v,SLA,0,1,0,regular,y,y,
SLA194008030,heuse101,PHA,1,1,value,13,0,1,0,0,0,,,,,0,19400803,0,STL07,v,SLA,1,0,0,regular,y,y,
NYA194008090,heuse101,PHA,1,1,value,6,0,1,0,0,0,,,,,0,19400809,0,NYC16,v,NYA,0,1,0,regular,y,y,
NYA194008110,heuse101,PHA,1,1,value,7,0,1,0,0,0,,,,,0,19400811,0,NYC16,v,NYA,0,1,0,regular,y,y,
PHA194008152,heuse101,PHA,1,1,value,2,0,0,0,0,0,,,,,0,19400815,2,PHI11,h,WS1,1,0,0,regular,y,y,
PHA194008181,heuse101,PHA,1,1,value,6,0,0,0,0,0,,,,,0,19400818,1,PHI11,h,NYA,0,1,0,regular,y,y,
PHA194008202,heuse101,PHA,1,1,value,3,0,0,0,0,0,,,,,0,19400820,2,PHI11,h,CHA,1,0,0,regular,y,y,
PHA194008240,heuse101,PHA,1,1,value,2,1,0,0,0,0,,,,,0,19400824,0,PHI11,h,SLA,0,1,0,regular,y,y,
PHA194008250,heuse101,PHA,1,1,value,3,0,1,0,0,0,,,,,0,19400825,0,PHI11,h,DET,0,1,0,regular,y,y,
PHA194008300,heuse101,PHA,1,1,value,18,3,0,0,0,0,,,,,0,19400830,0,PHI11,h,BOS,0,1,0,regular,y,y,
BOS194009041,heuse101,PHA,1,1,value,6,0,2,0,0,0,,,,,0,19400904,1,BOS07,v,BOS,0,1,0,regular,y,y,
WS1194009081,heuse101,PHA,1,1,value,9,0,1,0,0,0,,,,,0,19400908,1,WAS09,v,WS1,0,1,0,regular,y,d,
CHA194009131,heuse101,PHA,1,1,value,24,1,4,0,1,0,,,,,1,19400913,1,CHI10,v,CHA,0,1,0,regular,y,y,
DET194009182,heuse101,PHA,1,1,value,24,1,1,0,0,0,,,,,1,19400918,2,DET04,v,DET,1,0,0,regular,y,y,
PHA194009241,heuse101,PHA,1,1,value,9,1,0,0,0,0,,,,,1,19400924,1,PHI11,h,BOS,0,1,0,regular,y,y,
BOS194009282,heuse101,PHA,1,1,value,24,0,1,0,0,0,,,,,1,19400928,2,BOS07,v,BOS,0,1,0,regular,y,y,
CIN194305040,heuse101,CIN,1,1,value,12,0,0,0,0,0,,,,,0,19430504,0,CIN07,h,PIT,0,1,0,regular,y,y,
CIN194305080,heuse101,CIN,1,1,value,3,1,0,0,0,0,,,,,0,19430508,0,CIN07,h,CHN,1,0,0,regular,y,y,
BSN194305162,heuse101,CIN,1,1,value,6,0,1,0,0,0,,,,,0,19430516,2,BOS08,v,BSN,0,1,0,regular,y,y,
NY1194305190,heuse101,CIN,1,1,value,3,0,0,0,0,0,,,,,0,19430519,0,NYC14,v,NY1,0,1,0,regular,y,y,
BRO194305220,heuse101,CIN,1,1,value,3,0,0,0,0,0,,,,,0,19430522,0,NYC15,v,BRO,0,1,0,regular,y,y,
CIN194305312,heuse101,CIN,1,1,value,18,1,0,0,0,0,,,,,1,19430531,2,CIN07,h,NY1,0,0,1,regular,y,y,
CIN194306050,heuse101,CIN,1,1,value,3,0,1,0,0,0,,,,,0,19430605,0,CIN07,h,BSN,0,1,0,regular,y,y,
CHN194306120,heuse101,CIN,1,1,value,2,0,0,0,0,0,,,,,0,19430612,0,CHI11,v,CHN,1,0,0,regular,y,y,
CHN194306132,heuse101,CIN,1,1,value,21,0,2,0,0,0,,,,,1,19430613,2,CHI11,v,CHN,0,1,0,regular,y,y,
PIT194306202,heuse101,CIN,1,1,value,21,1,0,0,0,0,,,,,1,19430620,2,PIT06,v,PIT,0,1,0,regular,y,y,
CIN194306260,heuse101,CIN,1,1,value,16,0,1,0,0,0,,,,,0,19430626,0,CIN07,h,PIT,0,1,0,regular,y,y,
BRO194306302,heuse101,CIN,1,1,value,14,2,1,0,0,0,,,,,1,19430630,2,NYC15,v,BRO,0,1,0,regular,y,y,
NY1194307042,heuse101,CIN,1,1,value,27,0,1,0,0,0,,,,,1,19430704,2,NYC14,v,NY1,1,0,0,regular,y,y,
PHI194307090,heuse101,CIN,1,1,value,8,1,0,0,0,0,,,,,1,19430709,0,PHI11,v,PHI,1,0,0,regular,y,y,
CIN194307212,heuse101,CIN,1,1,value,5,0,0,0,0,0,,,,,0,19430721,2,CIN07,h,BRO,0,1,0,regular,y,y,
CIN194307252,heuse101,CIN,1,1,value,24,0,1,0,0,0,,,,,1,19430725,2,CIN07,h,PHI,0,1,0,regular,y,y,
CIN194308011,heuse101,CIN,1,1,value,15,0,1,0,1,0,,,,,1,19430801,1,CIN07,h,NY1,1,0,0,regular,y,y,
BRO194308120,heuse101,CIN,1,1,value,6,0,0,0,0,0,,,,,0,19430812,0,NYC15,v,BRO,0,1,0,regular,y,y,
NY1194308152,heuse101,CIN,1,1,value,2,0,0,0,0,0,,,,,1,19430815,2,NYC14,v,NY1,1,0,0,regular,y,y,
NY1194308170,heuse101,CIN,1,1,value,18,0,2,0,0,0,,,,,1,19430817,0,NYC14,v,NY1,1,0,0,regular,y,y,
CIN194309010,heuse101,CIN,1,1,value,8,0,0,0,0,0,,,,,0,19430901,0,CIN07,h,CHN,0,1,0,regular,y,y,
CIN194309101,heuse101,CIN,1,1,value,4,0,0,0,0,0,,,,,0,19430910,1,CIN07,h,PIT,0,1,0,regular,y,y,
CIN194309110,heuse101,CIN,1,1,value,2,0,1,0,0,0,,,,,0,19430911,0,CIN07,h,PIT,0,1,0,regular,y,y,
CIN194309122,heuse101,CIN,1,1,value,3,0,0,0,0,0,,,,,0,19430912,2,CIN07,h,PIT,0,1,0,regular,y,y,
PIT194309191,heuse101,CIN,1,1,value,9,0,0,0,0,0,,,,,0,19430919,1,PIT06,v,PIT,0,1,0,regular,y,y,
CIN194309240,heuse101,CIN,1,1,value,20,0,1,0,0,0,,,,,0,19430924,0,CIN07,h,NY1,1,0,0,regular,y,y,
CIN194404280,heuse101,CIN,1,1,value,27,0,0,0,0,0,,,,,1,19440428,0,CIN07,h,PIT,1,0,0,regular,y,y,
CIN194405120,heuse101,CIN,1,1,value,10,0,0,0,0,0,,,,,1,19440512,0,CIN07,h,NY1,0,1,0,regular,y,y,
CIN194405160,heuse101,CIN,1,1,value,24,0,1,0,0,0,,,,,1,19440516,0,CIN07,h,BSN,0,1,0,regular,y,y,
CIN194405211,heuse101,CIN,1,1,value,27,1,0,0,0,0,,,,,1,19440521,1,CIN07,h,BRO,1,0,0,regular,y,y,
BRO194405270,heuse101,CIN,1,1,value,27,0,0,0,0,0,,,,,1,19440527,0,NYC15,v,BRO,1,0,0,regular,y,y,
PHI194405301,heuse101,CIN,1,1,value,2,0,0,0,0,0,,,,,0,19440530,1,PHI11,v,PHI,1,0,0,regular,y,y,
BSN194406020,heuse101,CIN,1,1,value,24,1,4,0,0,0,,,,,1,19440602,0,BOS08,v,BSN,0,1,0,regular,y,y,
CIN194406100,heuse101,CIN,1,1,value,0,0,0,0,0,0,,,,,0,19440610,0,CIN07,h,SLN,0,1,0,regular,y,y,
CIN194406130,heuse101,CIN,1,1,value,15,1,1,0,0,0,,,,,1,19440613,0,CIN07,h,PIT,0,1,0,regular,y,y,
CHN194406160,heuse101,CIN,1,1,value,9,0,1,0,0,0,,,,,0,19440616,0,CHI11,v,CHN,1,0,0,regular,y,y,
PIT194406210,heuse101,CIN,1,1,value,26,0,2,0,0,0,,,,,1,19440621,0,PIT06,v,PIT,0,1,0,regular,y,y,
CIN194406252,heuse101,CIN,1,1,value,3,0,0,0,0,0,,,,,0,19440625,2,CIN07,h,CHN,0,1,0,regular,y,y,
CIN194407010,heuse101,CIN,1,1,value,27,0,1,0,0,0,,,,,1,19440701,0,CIN07,h,NY1,1,0,0,regular,y,y,
CIN194407050,heuse101,CIN,1,1,value,27,1,1,0,0,0,,,,,1,19440705,0,CIN07,h,BRO,1,0,0,regular,y,y,
CIN194407092,heuse101,CIN,1,1,value,7,0,0,0,0,0,,,,,0,19440709,2,CIN07,h,PHI,1,0,0,regular,y,y,
SLN194407162,heuse101,CIN,1,1,value,21,0,1,0,0,0,,,,,1,19440716,2,STL07,v,SLN,1,0,0,regular,y,y,
BRO194407210,heuse101,CIN,1,1,value,27,2,0,0,0,0,,,,,1,19440721,0,NYC15,v,BRO,1,0,0,regular,y,y,
NY1194407291,heuse101,CIN,1,1,value,24,1,0,0,0,0,,,,,1,19440729,1,NYC14,v,NY1,0,1,0,regular,y,y,
NY1194408010,heuse101,CIN,1,1,value,4,0,0,0,0,0,,,,,0,19440801,0,NYC14,v,NY1,1,0,0,regular,y,y,
CIN194408060,heuse101,CIN,1,1,value,11,0,1,1,0,0,,,,,1,19440806,0,CIN07,h,SLN,0,1,0,regular,y,y,
CIN194408110,heuse101,CIN,1,1,value,16,0,2,0,0,0,,,,,1,19440811,0,CIN07,h,BSN,1,0,0,regular,y,y,
CIN194408160,heuse101,CIN,1,1,value,27,0,5,0,0,0,,,,,1,19440816,0,CIN07,h,BRO,0,1,0,regular,y,y,
CIN194408202,heuse101,CIN,1,1,value,3,1,0,0,0,0,,,,,0,19440820,2,CIN07,h,PHI,0,1,0,regular,y,y,
CHN194408250,heuse101,CIN,1,1,value,27,0,1,0,0,0,,,,,1,19440825,0,CHI11,v,CHN,1,0,0,regular,y,y,
CIN194409032,heuse101,CIN,1,1,value,27,1,2,0,0,0,,,,,1,19440903,2,CIN07,h,CHN,0,1,0,regular,y,y,
CIN194409070,heuse101,CIN,1,1,value,27,0,1,0,0,0,,,,,1,19440907,0,CIN07,h,PIT,1,0,0,regular,y,y,
CIN194409070,heuse101,CIN,1,1,official,,,,0,1,,,,,,1,19440907,0,CIN07,h,PIT,1,0,0,regular,y,y,
CHN194409141,heuse101,CIN,1,1,value,39,0,4,0,1,0,,,,,1,19440914,1,CHI11,v,CHN,1,0,0,regular,y,y,
CHN194409141,heuse101,CIN,1,1,official,,,,0,0,,,,,,1,19440914,1,CHI11,v,CHN,1,0,0,regular,y,y,
PHI194409201,heuse101,CIN,1,1,value,24,1,1,0,0,0,,,,,1,19440920,1,PHI11,v,PHI,0,1,0,regular,y,y,
NY1194409250,heuse101,CIN,1,1,value,24,1,2,0,0,0,,,,,1,19440925,0,NYC14,v,NY1,0,1,0,regular,y,y,
BRO194409300,heuse101,CIN,1,1,value,18,0,0,0,0,0,,,,,1,19440930,0,NYC15,v,BRO,0,1,0,regular,y,y,
CIN194504180,heuse101,CIN,1,1,value,27,0,3,0,0,0,,,,,1,19450418,0,CIN07,h,PIT,1,0,0,regular,y,y,
CIN194504270,heuse101,CIN,1,1,value,27,2,3,0,0,0,,,,,1,19450427,0,CIN07,h,SLN,1,0,0,regular,y,y,
PIT194505061,heuse101,CIN,1,1,value,27,1,0,0,0,0,,,,,1,19450506,1,PIT06,v,PIT,1,0,0,regular,y,y,
PHI194505160,heuse101,CIN,1,1,value,18,0,1,0,0,0,,,,,1,19450516,0,PHI11,v,PHI,0,1,0,regular,y,y,
BSN194505202,heuse101,CIN,1,1,value,10,0,0,0,0,0,,,,,1,19450520,2,BOS08,v,BSN,0,1,0,regular,y,y,
CIN194505250,heuse101,CIN,1,1,value,24,0,2,0,0,0,,,,,1,19450525,0,CIN07,h,NY1,0,1,0,regular,y,y,
CIN194505301,heuse101,CIN,1,1,value,27,1,2,0,0,0,,,,,1,19450530,1,CIN07,h,PHI,1,0,0,regular,y,y,
PIT194506051,heuse101,CIN,1,1,value,27,2,1,0,0,0,,,,,1,19450605,1,PIT06,v,PIT,1,0,0,regular,y,y,
CHN194506101,heuse101,CIN,1,1,value,21,0,2,0,0,0,,,,,1,19450610,1,CHI11,v,CHN,0,1,0,regular,y,y,
CIN194506170,heuse101,CIN,1,1,value,27,0,2,0,0,0,,,,,1,19450617,0,CIN07,h,CHN,0,1,0,regular,y,y,
CIN194506220,heuse101,CIN,1,1,value,27,0,3,0,0,0,,,,,1,19450622,0,CIN07,h,PIT,0,1,0,regular,y,y,
PHI194506300,heuse101,CIN,1,1,value,9,0,0,0,0,0,,,,,1,19450630,0,PHI11,v,PHI,1,0,0,regular,y,y,
BRO194507042,heuse101,CIN,1,1,value,18,1,2,0,0,0,,,,,1,19450704,2,NYC15,v,BRO,0,1,0,regular,y,y,
NY1194507082,heuse101,CIN,1,1,value,18,0,2,0,0,0,,,,,1,19450708,2,NYC14,v,NY1,0,1,0,regular,y,y,
CIN194507130,heuse101,CIN,1,1,value,21,0,0,0,0,0,,,,,1,19450713,0,CIN07,h,BRO,1,0,0,regular,y,y,
CIN194507191,heuse101,CIN,1,1,value,27,1,4,0,1,0,,,,,1,19450719,1,CIN07,h,BSN,1,0,0,regular,y,y,
CIN194507222,heuse101,CIN,1,1,value,8,0,0,0,0,0,,,,,0,19450722,2,CIN07,h,NY1,1,0,0,regular,y,y,
CHN194507260,heuse101,CIN,1,1,value,24,1,4,0,1,0,,,,,1,19450726,0,CHI11,v,CHN,0,1,0,regular,y,y,
SLN194507300,heuse101,CIN,1,1,value,27,0,0,0,0,0,,,,,1,19450730,0,STL07,v,SLN,1,0,0,regular,y,y,
CIN194508040,heuse101,CIN,1,1,value,27,0,1,0,0,0,,,,,1,19450804,0,CIN07,h,CHN,1,0,0,regular,y,y,
BRO194508091,heuse101,CIN,1,1,value,10,0,0,0,0,0,,,,,1,19450809,1,NYC15,v,BRO,0,1,0,regular,y,y,
NY1194508122,heuse101,CIN,1,1,value,24,0,1,0,0,0,,,,,1,19450812,2,NYC14,v,NY1,0,1,0,regular,y,y,
BSN194508152,heuse101,CIN,1,1,value,21,0,2,0,0,0,,,,,1,19450815,2,BOS08,v,BSN,0,1,0,regular,y,y,
PHI194508191,heuse101,CIN,1,1,value,24,0,1,0,0,0,,,,,1,19450819,1,PHI11,v,PHI,0,1,0,regular,y,y,
PIT194508240,heuse101,CIN,1,1,value,27,0,2,0,0,0,,,,,1,19450824,0,PIT06,v,PIT,1,0,0,regular,y,y,
CIN194508280,heuse101,CIN,1,1,value,27,0,2,1,0,0,,,,,1,19450828,0,CIN07,h,SLN,1,0,0,regular,y,y,
CHN194509031,heuse101,CIN,1,1,value,3,0,0,0,0,0,,,,,1,19450903,1,CHI11,v,CHN,0,1,0,regular,y,y,
CIN194509100,heuse101,CIN,1,1,value,21,0,1,0,0,0,,,,,1,19450910,0,CIN07,h,BRO,0,1,0,regular,y,y,
CIN194509150,heuse101,CIN,1,1,value,27,0,1,0,0,0,,,,,1,19450915,0,CIN07,h,BSN,1,0,0,regular,y,y,
SLN194509220,heuse101,CIN,1,1,value,18,0,1,0,0,0,,,,,1,19450922,0,STL07,v,SLN,0,1,0,regular,y,y,
CIN194509271,heuse101,CIN,1,1,value,27,0,2,0,0,0,,,,,1,19450927,1,CIN07,h,CHN,0,1,0,regular,y,y,
KCR194510072,heuse101,VDA,1,1,value,,,,0,,0,0,,,,1,19451007,2,LOS02,v,KCR,1,0,0,exhibition,,,
KCR194510090,heuse101,VDA,1,1,value,1,0,0,0,0,0,,,,,0,19451009,0,LOS02,v,KCR,1,0,0,exhibition,y,d,
CIN194604160,heuse101,CIN,1,1,value,3,0,0,0,0,0,,,,,0,19460416,0,CIN07,h,CHN,0,1,0,regular,y,y,
PIT194604211,heuse101,CIN,1,1,value,27,0,1,0,0,0,,,,,1,19460421,1,PIT06,v,PIT,1,0,0,regular,y,y,
CIN194604280,heuse101,CIN,1,1,value,27,1,2,0,0,0,,,,,1,19460428,0,CIN07,h,PIT,1,0,0,regular,y,y,
CIN194605052,heuse101,CIN,1,1,value,27,0,3,0,1,0,,,,,1,19460505,2,CIN07,h,NY1,1,0,0,regular,y,y,
CIN194605090,heuse101,CIN,1,1,value,5,0,0,0,0,0,,,,,0,19460509,0,CIN07,h,BRO,1,0,0,regular,y,y,
BRO194605190,heuse101,CIN,1,1,value,27,0,3,0,1,0,,,,,1,19460519,0,NYC15,v,BRO,1,0,0,regular,y,y,
PIT194605280,heuse101,CIN,1,1,value,18,0,1,0,0,0,,,,,1,19460528,0,PIT06,v,PIT,0,1,0,regular,y,y,
CIN194606021,heuse101,CIN,1,1,value,33,1,1,1,0,0,,,,,1,19460602,1,CIN07,h,BRO,0,1,0,regular,y,y,
CIN194606080,heuse101,CIN,1,1,value,27,0,3,0,0,0,,,,,1,19460608,0,CIN07,h,BSN,1,0,0,regular,y,y,
BSN194606150,heuse101,CIN,1,1,value,27,0,2,0,0,0,,,,,1,19460615,0,BOS08,v,BSN,1,0,0,regular,y,y,
PHI194606210,heuse101,CIN,1,1,value,21,0,0,0,0,0,,,,,1,19460621,0,PHI11,v,PHI,0,1,0,regular,y,y,
BRO194606260,heuse101,CIN,1,1,value,19,0,1,0,0,0,,,,,1,19460626,0,NYC15,v,BRO,0,1,0,regular,y,y,
SLN194607010,heuse101,CIN,1,1,value,3,0,0,0,0,0,,,,,0,19460701,0,STL07,v,SLN,1,0,0,regular,y,y,
CIN194607041,heuse101,CIN,1,1,value,21,0,1,1,0,0,,,,,1,19460704,1,CIN07,h,PIT,0,1,0,regular,y,y,
CIN194607131,heuse101,CIN,1,1,value,8,0,0,0,0,0,,,,,1,19460713,1,CIN07,h,BSN,0,1,0,regular,y,y,
CIN194607180,heuse101,CIN,1,1,value,27,1,0,0,0,0,,,,,1,19460718,0,CIN07,h,BRO,1,0,0,regular,y,y,
NY1194607271,heuse101,CIN,1,1,value,21,0,2,0,1,0,,,,,1,19460727,1,NYC14,v,NY1,0,1,0,regular,y,y,
BRO194608020,heuse101,CIN,1,1,value,21,1,2,0,0,0,,,,,1,19460802,0,NYC15,v,BRO,0,1,0,regular,y,y,
PIT194608120,heuse101,CIN,1,1,value,18,0,1,0,0,0,,,,,1,19460812,0,PIT06,v,PIT,0,1,0,regular,y,y,
SLN194608182,heuse101,CIN,1,1,value,21,0,0,1,0,0,,,,,1,19460818,2,STL07,v,SLN,0,1,0,regular,y,y,
CIN194608240,heuse101,CIN,1,1,value,27,1,3,0,0,0,,,,,1,19460824,0,CIN07,h,BRO,0,1,0,regular,y,y,
CIN194608290,heuse101,CIN,1,1,value,3,0,0,0,0,0,,,,,0,19460829,0,CIN07,h,BSN,0,1,0,regular,y,y,
CIN194609022,heuse101,CIN,1,1,value,18,1,1,0,0,0,,,,,1,19460902,2,CIN07,h,SLN,0,1,0,regular,y,y,
BRO194609100,heuse101,CIN,1,1,value,4,0,0,0,0,0,,,,,1,19460910,0,NYC15,v,BRO,0,1,0,regular,y,y,
NY1194609120,heuse101,CIN,1,1,value,9,0,1,0,0,0,,,,,0,19460912,0,NYC14,v,NY1,0,1,0,regular,y,y,
BSN194609151,heuse101,CIN,1,1,value,18,0,0,0,0,0,,,,,1,19460915,1,BOS08,v,BSN,0,1,0,regular,y,y,
PHI194609181,heuse101,CIN,1,1,value,3,0,0,0,0,0,,,,,0,19460918,1,PHI11,v,PHI,0,1,0,regular,y,y,
PHI194609182,heuse101,CIN,1,1,value,5,0,0,0,0,0,,,,,0,19460918,2,PHI11,v,PHI,0,1,0,regular,y,y,
PIT194609210,heuse101,CIN,1,1,value,15,0,0,0,0,0,,,,,0,19460921,0,PIT06,v,PIT,0,1,0,regular,y,y,
PHI194804210,heuse101,PHI,1,1,value,1,0,0,0,0,0,,,,,0,19480421,0,PHI11,h,BSN,1,0,0,regular,y,y,
PHI194804220,heuse101,PHI,1,1,value,10,0,3,1,0,0,,,,,0,19480422,0,PHI11,h,BSN,0,1,0,regular,y,y,
NY1194804270,heuse101,PHI,1,1,value,1,0,0,0,0,0,,,,,0,19480427,0,NYC14,v,NY1,0,1,0,regular,y,y,
PHI194805021,heuse101,PHI,1,1,value,3,0,0,0,0,0,,,,,0,19480502,1,PHI11,h,BRO,0,1,0,regular,y,y,
CHN194805050,heuse101,PHI,1,1,value,12,0,1,0,0,0,,,,,0,19480505,0,CHI11,v,CHN,1,0,0,regular,y,y,
CIN194805110,heuse101,PHI,1,1,value,13,0,1,0,0,0,,,,,0,19480511,0,CIN07,v,CIN,1,0,0,regular,y,y,
PIT194805130,heuse101,PHI,1,1,value,3,0,0,0,0,0,,,,,0,19480513,0,PIT06,v,PIT,0,1,0,regular,y,y,
PHI194805220,heuse101,PHI,1,1,value,5,0,0,0,0,0,,,,,0,19480522,0,PHI11,h,CIN,0,1,0,regular,y,y,
PHI194805232,heuse101,PHI,1,1,value,3,0,0,0,0,0,,,,,0,19480523,2,PHI11,h,SLN,0,1,0,regular,y,y,
NY1194805300,heuse101,PHI,1,1,value,21,0,1,0,0,0,,,,,0,19480530,0,NYC14,v,NY1,0,1,0,regular,y,y,
CHN194806052,heuse101,PHI,1,1,value,1,0,0,0,0,0,,,,,0,19480605,2,CHI11,v,CHN,1,0,0,regular,y,y,
SLN194806062,heuse101,PHI,1,1,value,3,0,0,0,0,0,,,,,0,19480606,2,STL07,v,SLN,0,1,0,regular,y,y,
SLN194806080,heuse101,PHI,1,1,value,9,1,0,0,0,0,,,,,0,19480608,0,STL07,v,SLN,0,1,0,regular,y,y,
PIT194806131,heuse101,PHI,1,1,value,2,0,0,0,0,0,,,,,0,19480613,1,PIT06,v,PIT,1,0,0,regular,y,y,
PHI194806180,heuse101,PHI,1,1,value,3,0,0,0,0,0,,,,,0,19480618,0,PHI11,h,PIT,0,1,0,regular,y,d,
PHI194806190,heuse101,PHI,1,1,value,2,0,1,0,0,0,,,,,0,19480619,0,PHI11,h,PIT,0,1,0,regular,y,y,
PHI194806202,heuse101,PHI,1,1,value,6,0,0,0,0,0,,,,,0,19480620,2,PHI11,h,PIT,0,1,0,regular,y,y,
PHI194806220,heuse101,PHI,1,1,value,9,0,0,0,0,0,,,,,0,19480622,0,PHI11,h,CIN,0,1,0,regular,y,y,
PHI194807030,heuse101,PHI,1,1,value,3,0,0,0,0,0,,,,,0,19480703,0,PHI11,h,BSN,0,1,0,regular,y,y,
PHI194807052,heuse101,PHI,1,1,value,3,0,0,0,0,0,,,,,0,19480705,2,PHI11,h,BRO,0,1,0,regular,y,y,
PIT194807200,heuse101,PHI,1,1,value,5,0,0,0,0,0,,,,,0,19480720,0,PIT06,v,PIT,0,1,0,regular,y,y,
PIT194807221,heuse101,PHI,1,1,value,24,0,1,0,0,0,,,,,0,19480722,1,PIT06,v,PIT,0,1,0,regular,y,y,
CIN194807240,heuse101,PHI,1,1,value,6,0,0,0,0,0,,,,,0,19480724,0,CIN07,v,CIN,1,0,0,regular,y,y,
CIN194807252,heuse101,PHI,1,1,value,8,1,0,0,0,0,,,,,0,19480725,2,CIN07,v,CIN,0,1,0,regular,y,y,
PHI194808081,heuse101,PHI,1,1,value,6,0,1,0,0,0,,,,,0,19480808,1,PHI11,h,SLN,0,1,0,regular,y,y,
PHI194808152,heuse101,PHI,1,1,value,17,1,0,0,0,0,,,,,0,19480815,2,PHI11,h,NY1,1,0,0,regular,y,y,
PHI194808170,heuse101,PHI,1,1,value,6,0,0,0,0,0,,,,,0,19480817,0,PHI11,h,BRO,0,1,0,regular,y,y,
CIN194808250,heuse101,PHI,1,1,value,6,0,2,0,0,0,,,,,0,19480825,0,CIN07,v,CIN,0,1,0,regular,y,y,
PIT194808262,heuse101,PHI,1,1,value,6,0,0,0,0,0,,,,,0,19480826,2,PIT06,v,PIT,0,1,0,regular,y,y,
BSN194809042,heuse101,PHI,1,1,value,11,0,1,0,0,0,,,,,0,19480904,2,BOS08,v,BSN,0,1,0,regular,y,d,
PHI194809061,heuse101,PHI,1,1,value,6,0,1,0,0,0,,,,,0,19480906,1,PHI11,h,NY1,0,1,0,regular,y,y,
PHI194809111,heuse101,PHI,1,1,value,3,0,0,0,0,0,,,,,0,19480911,1,PHI11,h,BSN,0,1,0,regular,y,y,
PHI194809140,heuse101,PHI,1,1,value,5,1,1,0,0,0,,,,,0,19480914,0,PHI11,h,SLN,0,1,0,regular,y,y,
