gid,id,team,p_seq,stattype,p_ipouts,p_noout,p_bfp,p_h,p_d,p_t,p_hr,p_r,p_er,p_w,p_iw,p_k,p_hbp,p_wp,p_bk,p_sh,p_sf,p_sb,p_cs,p_pb,wp,lp,save,p_gs,p_gf,p_cg,date,number,site,vishome,opp,win,loss,tie,gametype,box,pbp,eject
PH5193506222,reynj102,PH5,2,value,12,,21,8,,0,1,6,,1,,2,,,,,,,,,,,,,,,19350622,2,PHI17,h,CAG,1,0,0,regular,y,,
PH5193506231,reynj102,PH5,3,value,5,0,12,7,0,0,1,6,5,1,0,0,0,0,0,1,0,0,0,1,,1,,,1,,19350623,1,PHI16,h,CAG,0,1,0,regular,y,d,
PH5193507062,reynj102,PH5,1,value,15,1,21,4,0,0,0,3,1,1,0,0,0,0,0,0,0,0,0,0,,,,1,,,19350706,2,PHI17,h,BRN,1,0,0,regular,y,d,
PH5193507131,reynj102,PH5,3,value,3,0,4,1,0,0,0,0,0,0,0,0,0,0,0,0,0,0,0,0,,,,,1,,19350713,1,PHI17,h,HOM,0,1,0,regular,y,d,
NY6193606200,reynj102,PH6,1,value,24,0,44,9,4,0,1,7,2,7,0,0,1,0,0,0,0,1,0,0,,1,,1,,1,19360620,0,PAT01,v,NY6,0,1,0,exhibition,y,d,
NW2193607070,reynj102,PH6,1,value,19,0,33,8,1,0,2,7,6,5,0,3,1,0,0,1,0,1,0,0,,1,,1,,,19360707,0,NWK04,v,NW2,0,1,0,exhibition,y,d,
