gid,id,team,d_seq,d_pos,stattype,d_ifouts,d_po,d_a,d_e,d_dp,d_tp,d_pb,d_wp,d_sb,d_cs,d_gs,date,number,site,vishome,opp,win,loss,tie,gametype,box,pbp
BIR194104160,bankd101,BIR,1,1,value,,,,0,,0,0,,,,1,19410416,0,SHR01,h,CAG,1,0,0,exhibition,,
BIR194104160,gipsa101,BIR,1,1,value,,,,0,,0,0,,,,,19410416,0,SHR01,h,CAG,1,0,0,exhibition,,
BIR194104160,lockl101,BIR,1,5,value,27,,,0,,0,0,,,,,19410416,0,SHR01,h,CAG,1,0,0,exhibition,,
BIR194104160,markj101,BIR,1,1,value,,,,0,,0,0,,,,,19410416,0,SHR01,h,CAG,1,0,0,exhibition,,
BIR194104160,sayla101,BIR,1,3,value,27,,,0,,0,0,,,,,19410416,0,SHR01,h,CAG,1,0,0,exhibition,,
BIR194705130,renfc101,KCM,1,4,value,24,0,0,0,0,0,,,,,1,19470513,0,SHR01,v,BIR,0,1,0,regular,y,d
BIR194705130,thomh103,KCM,1,6,value,24,0,0,0,0,0,,,,,1,19470513,0,SHR01,v,BIR,0,1,0,regular,y,d
BIR194705130,strot101,KCM,1,9,value,24,0,0,0,0,0,,,,,1,19470513,0,SHR01,v,BIR,0,1,0,regular,y,d
BIR194705130,broww101,KCM,1,8,value,24,0,0,0,0,0,,,,,1,19470513,0,SHR01,v,BIR,0,1,0,regular,y,d
BIR194705130,oneib801,KCM,1,3,value,24,0,0,0,0,0,,,,,1,19470513,0,SHR01,v,BIR,0,1,0,regular,y,d
BIR194705130,scotj106,KCM,1,7,value,24,0,0,0,0,0,,,,,1,19470513,0,SHR01,v,BIR,0,1,0,regular,y,d
BIR194705130,soueh101,KCM,1,5,value,24,0,0,0,0,0,,,,,1,19470513,0,SHR01,v,BIR,0,1,0,regular,y,d
BIR194705130,taboe101,KCM,1,2,value,24,0,0,0,0,0,0,0,0,0,1,19470513,0,SHR01,v,BIR,0,1,0,regular,y,d
BIR194705130,napol101,KCM,1,1,value,6,0,0,0,0,0,,,,,1,19470513,0,SHR01,v,BIR,0,1,0,regular,y,d
BIR194705130,wylis101,KCM,1,1,value,18,0,0,0,0,0,,,,,0,19470513,0,SHR01,v,BIR,0,1,0,regular,y,d
BIR194705130,chise101,BIR,1,7,value,27,1,0,0,0,0,,,,,1,19470513,0,SHR01,h,KCM,1,0,0,regular,y,d
BIR194705130,britj104,BIR,1,5,value,27,0,0,0,0,0,,,,,1,19470513,0,SHR01,h,KCM,1,0,0,regular,y,d
BIR194705130,wilsa101,BIR,1,6,value,27,0,1,1,1,0,,,,,1,19470513,0,SHR01,h,KCM,1,0,0,regular,y,d
BIR194705130,davip102,BIR,1,3,value,27,2,0,0,1,0,,,,,1,19470513,0,SHR01,h,KCM,1,0,0,regular,y,d
BIR194705130,thomj104,BIR,1,8,value,27,0,0,0,0,0,,,,,1,19470513,0,SHR01,h,KCM,1,0,0,regular,y,d
BIR194705130,steee102,BIR,1,9,value,27,0,0,0,0,0,,,,,1,19470513,0,SHR01,h,KCM,1,0,0,regular,y,d
BIR194705130,sampt101,BIR,1,4,value,27,1,1,0,1,0,,,,,1,19470513,0,SHR01,h,KCM,1,0,0,regular,y,d
BIR194705130,bassp101,BIR,1,2,value,27,1,0,0,0,0,0,0,0,1,1,19470513,0,SHR01,h,KCM,1,0,0,regular,y,d
BIR194705130,newbj101,BIR,1,1,value,27,0,1,0,0,0,,,,,1,19470513,0,SHR01,h,KCM,1,0,0,regular,y,d
NY6194904180,taboe101,KCM,,2,value,,,,,,,,,,,,19490418,0,SHR01,v,NY6,0,1,0,exhibition,,
