gid,id,team,b_lp,b_seq,stattype,b_pa,b_ab,b_r,b_h,b_d,b_t,b_hr,b_rbi,b_sh,b_sf,b_hbp,b_w,b_iw,b_k,b_sb,b_cs,b_gdp,b_xi,b_roe,dh,ph,pr,date,number,site,vishome,opp,win,loss,tie,gametype,box,pbp,eject
PTC193705080,butlu101,PTC,5,1,value,4,4,0,1,0,0,0,,,,,0,,,,,,,,,,,19370508,0,PIT09,h,HOM,0,1,0,exhibition,y,,
PTC193705090,butlu101,PTC,5,1,value,6,5,1,1,0,0,0,,,,,1,,,,,,,,,,,19370509,0,PIT09,h,HOM,1,0,0,exhibition,y,,
WEG193705220,butlu101,PTC,5,1,value,4,4,0,0,0,0,0,0,0,0,0,0,0,,0,0,0,0,1,,,,19370522,0,PAT01,v,WEG,0,1,0,regular,y,d,
WEG193705230,butlu101,PTC,4,1,value,4,4,1,1,0,0,0,0,0,0,0,0,0,,0,0,0,0,0,,,,19370523,0,NYC25,v,WEG,0,1,0,regular,y,d,
PH5193705290,butlu101,PTC,6,1,value,4,4,1,1,0,0,0,0,0,0,0,0,0,,0,0,0,0,0,,,,19370529,0,PHI17,v,PH5,1,0,0,regular,y,d,
PTC193705301,butlu101,PTC,6,1,value,4,4,0,2,,,,,,,,,,,,,,,,,,,19370530,1,BAL10,h,PH5,0,1,0,regular,y,,
PH5193706010,butlu101,PTC,3,1,value,3,2,2,1,0,0,0,0,0,0,0,1,0,0,0,0,0,0,0,,,,19370601,0,WIL04,v,PH5,1,0,0,regular,y,d,
