gid,id,team,d_seq,d_pos,stattype,d_ifouts,d_po,d_a,d_e,d_dp,d_tp,d_pb,d_wp,d_sb,d_cs,d_gs,date,number,site,vishome,opp,win,loss,tie,gametype,box,pbp,eject
BLS192909292,albej102,ASB,1,2,value,20,8,3,0,0,0,0,,,,1,19290929,2,BAL13,v,BLS,0,1,0,exhibition,y,,
BLS192910062,albej102,ASB,1,2,value,21,6,0,0,0,0,0,,,,1,19291006,2,BAL13,v,BLS,1,0,0,exhibition,y,,
BLS193010052,albej102,ASB,1,2,value,12,7,0,0,0,0,0,,,,1,19301005,2,BAL13,v,BLS,0,1,0,exhibition,y,,
BLS193110040,albej102,ASB,1,2,value,24,5,2,0,0,0,1,,,,1,19311004,0,BAL13,v,BLS,0,1,0,exhibition,y,,
BLS193110111,albej102,ASB,1,2,value,27,6,0,0,0,0,0,,,,1,19311011,1,BAL13,v,BLS,1,0,0,exhibition,y,,
