gid,id,team,b_lp,b_seq,stattype,b_pa,b_ab,b_r,b_h,b_d,b_t,b_hr,b_rbi,b_sh,b_sf,b_hbp,b_w,b_iw,b_k,b_sb,b_cs,b_gdp,b_xi,b_roe,dh,ph,pr,date,number,site,vishome,opp,win,loss,tie,gametype,box,pbp,eject
CAG192906290,hardh102,KCM,1,1,value,4,4,2,2,0,0,0,,0,0,0,0,0,,1,,,0,,,,,19290629,0,CHI09,v,CAG,1,0,0,regular,y,,
HOM193007180,hardh102,KCM,1,1,value,6,6,0,1,0,0,0,,0,,0,0,0,,0,,,0,,,,,19300718,0,PIT06,v,HOM,0,1,0,exhibition,y,,
HOM193007191,hardh102,KCM,1,1,value,5,4,0,0,0,0,0,,0,,0,1,,,0,,,0,,,,,19300719,1,PIT06,v,HOM,0,1,0,exhibition,y,,
HOM193007192,hardh102,KCM,8,2,value,0,0,1,0,0,0,0,,0,,0,0,0,,0,,,0,,,,,19300719,2,PIT06,v,HOM,1,0,0,exhibition,y,,
NY5193705162,hardh102,PH5,9,2,value,1,1,0,0,0,0,0,0,0,0,0,0,0,,0,0,0,0,0,,1,,19370516,2,NYC25,v,NY5,0,1,0,regular,y,d,
PH5193705290,hardh102,PH5,9,4,value,1,1,0,0,0,0,0,0,0,0,0,0,0,,0,0,0,0,0,,1,,19370529,0,PHI17,h,PTC,0,1,0,regular,y,d,
PH5193705311,hardh102,PH5,8,1,value,3,3,0,0,0,0,0,0,0,0,0,0,0,0,0,0,0,0,0,,,,19370531,1,PHI17,h,PTC,0,1,0,regular,y,d,
PH5193705312,hardh102,PH5,8,1,value,3,2,0,0,0,0,0,0,0,0,0,1,0,,0,0,0,0,0,,,,19370531,2,PHI17,h,PTC,0,1,0,regular,y,d,
