gid,id,team,d_seq,d_pos,stattype,d_ifouts,d_po,d_a,d_e,d_dp,d_tp,d_pb,d_wp,d_sb,d_cs,d_gs,date,number,site,vishome,opp,win,loss,tie,gametype,box,pbp,eject
PH5194406030,kellw103,NY5,1,2,value,24,0,4,0,0,0,0,0,0,,1,19440603,0,PHI17,v,PH5,0,1,0,regular,y,,
NY5194406042,kellw103,NY5,1,2,value,21,6,1,0,0,0,0,,,,1,19440604,2,NYC16,h,BIR,0,1,0,exhibition,y,,
PH5194406150,kellw103,NY5,1,2,value,24,8,1,0,0,0,0,0,2,,1,19440615,0,PHI17,v,PH5,0,1,0,regular,y,,
NW2194407140,kellw103,NY5,1,2,value,24,0,0,0,0,0,0,0,0,0,1,19440714,0,NWK04,v,NW2,0,1,0,regular,y,d,
NW2194407150,kellw103,NY5,1,2,value,27,,,0,0,0,0,,,,1,19440715,0,TRE01,v,NW2,1,0,0,regular,y,,
NW2194407160,kellw103,NY5,1,2,value,24,,,0,1,0,0,0,1,,1,19440716,0,NWK04,v,NW2,0,1,0,regular,y,,
BLG194407210,kellw103,NY5,1,2,value,24,0,0,0,0,0,0,0,0,1,1,19440721,0,BAL14,v,BLG,0,1,0,regular,y,d,
BLG194407231,kellw103,NY5,1,2,value,24,0,0,1,0,0,0,0,0,0,1,19440723,1,BAL14,v,BLG,0,1,0,regular,y,d,
NY6194407280,kellw103,NY5,1,3,value,12,9,0,0,0,0,,,,,1,19440728,0,HRB01,v,NY6,0,1,0,regular,y,d,
NY6194407280,kellw103,NY5,2,2,value,12,0,0,1,0,0,0,0,0,0,0,19440728,0,HRB01,v,NY6,0,1,0,regular,y,d,
HOM194407301,kellw103,NY5,1,2,value,26,1,1,0,1,0,0,0,0,0,1,19440730,1,WAS09,v,HOM,0,1,0,regular,y,d,
HOM194407302,kellw103,NY5,1,2,value,18,0,0,0,0,0,0,0,0,1,1,19440730,2,WAS09,v,HOM,0,1,0,regular,y,d,
HOM194408010,kellw103,NY5,1,2,value,,1,0,0,0,0,0,,,,,19440801,0,PIT06,v,HOM,0,1,0,regular,y,,
PH5194408030,kellw103,NY5,1,2,value,27,6,2,0,0,0,0,0,0,,1,19440803,0,PHI17,v,PH5,1,0,0,regular,y,,
PH5194408170,kellw103,NY5,1,2,value,24,3,0,0,0,0,0,0,0,,1,19440817,0,PHI17,v,PH5,0,1,0,regular,y,,
BLG194409031,kellw103,NY5,1,2,value,24,,,1,0,0,0,,,,1,19440903,1,BAL14,v,BLG,0,1,0,regular,y,,
BLG194409032,kellw103,NY5,1,2,value,18,,,0,0,0,0,,,,1,19440903,2,BAL14,v,BLG,0,1,0,regular,y,,
PH5194409041,kellw103,NY5,1,2,value,24,1,0,0,0,0,0,0,1,0,1,19440904,1,PHI17,v,PH5,0,1,0,regular,y,d,
NY5194505060,kellw103,NY5,1,2,value,27,,,0,,0,,,,,1,19450506,0,NYC16,h,HOM,0,1,0,regular,,,
HOM194505120,kellw103,NY5,1,2,value,27,4,0,0,,0,,,,,1,19450512,0,PIT06,v,HOM,1,0,0,regular,y,,
HOM194505131,kellw103,NY5,1,2,value,24,4,0,0,0,0,1,,,,1,19450513,1,WAS09,v,HOM,0,1,0,regular,y,,
HOM194505132,kellw103,NY5,1,2,value,18,,,0,,0,,,,,1,19450513,2,WAS09,v,HOM,0,1,0,regular,,,
NY5194505201,kellw103,NY5,1,2,value,6,1,0,0,0,0,0,0,0,0,0,19450520,1,NYC16,h,BLG,0,1,0,regular,y,d,
NY5194505202,kellw103,NY5,1,2,value,27,0,0,0,0,0,0,0,0,0,1,19450520,2,NYC16,h,BLG,0,1,0,regular,y,d,
PH5194505240,kellw103,NY5,1,2,value,24,9,0,0,0,0,1,,,,1,19450524,0,PHI17,v,PH5,0,1,0,regular,y,,
BLG194505290,kellw103,NY5,1,2,value,26,,,0,0,0,0,,,,1,19450529,0,BAL14,v,BLG,0,1,0,regular,y,,
NY5194506171,kellw103,NY5,1,2,value,27,3,0,0,0,0,0,0,0,0,1,19450617,1,NYC16,h,PH5,0,1,0,regular,y,d,
