gid,id,team,d_seq,d_pos,stattype,d_ifouts,d_po,d_a,d_e,d_dp,d_tp,d_pb,d_wp,d_sb,d_cs,d_gs,date,number,site,vishome,opp,win,loss,tie,gametype,box,pbp,eject
CVB194305020,wille105,HSL,1,7,value,33,1,1,0,0,0,,,,,1,19430502,0,CLE06,v,CVB,0,0,1,exhibition,y,d,
PH5194305270,wille105,HSL,1,7,value,24,2,0,0,0,0,,,,,1,19430527,0,PHI17,v,PH5,0,1,0,regular,y,,
HSL194305290,wille105,HSL,1,7,value,27,0,0,0,0,0,,,,,1,19430529,0,HRB01,h,HOM,0,1,0,regular,y,d,
HSL194306061,wille105,HSL,1,9,value,27,3,0,0,0,0,,,,,1,19430606,1,HRB01,h,PH5,0,1,0,regular,y,d,
HSL194306062,wille105,HSL,1,9,value,15,0,0,0,0,0,,,,,1,19430606,2,HRB01,h,PH5,1,0,0,regular,y,d,
HSL194306180,wille105,HSL,1,5,value,27,1,0,1,0,0,,,,,1,19430618,0,HRB01,h,NW2,1,0,0,regular,y,d,
HSL194306190,wille105,HSL,1,9,value,27,1,0,0,0,0,0,0,0,,1,19430619,0,WIL05,h,NW2,1,0,0,regular,y,,
HSL194306201,wille105,HSL,1,5,value,33,3,4,0,2,0,,,,,1,19430620,1,HRB01,h,NW2,0,1,0,regular,y,d,
HSL194307110,wille105,HSL,1,9,value,33,5,0,0,0,0,,,,,1,19430711,0,HRB01,h,HWS,1,0,0,exhibition,y,d,
HWS194307181,wille105,HSL,1,7,value,27,1,0,0,0,0,,,,,1,19430718,1,OIL01,v,HWS,1,0,0,exhibition,y,d,
HWS194307182,wille105,HSL,1,7,value,12,3,0,0,0,0,,,,,1,19430718,2,OIL01,v,HWS,0,1,0,exhibition,y,d,
HWS194307250,wille105,HSL,1,9,value,3,0,0,0,0,0,,,,,0,19430725,0,UNI01,v,HWS,0,1,0,exhibition,y,d,
