gid,team,inn1,inn2,inn3,inn4,inn5,inn6,inn7,inn8,inn9,inn10,inn11,inn12,inn13,inn14,inn15,inn16,inn17,inn18,inn19,inn20,inn21,inn22,inn23,inn24,inn25,inn26,inn27,inn28,lob,mgr,stattype,b_pa,b_ab,b_r,b_h,b_d,b_t,b_hr,b_rbi,b_sh,b_sf,b_hbp,b_w,b_iw,b_k,b_sb,b_cs,b_gdp,b_xi,b_roe,p_ipouts,p_noout,p_bfp,p_h,p_d,p_t,p_hr,p_r,p_er,p_w,p_iw,p_k,p_hbp,p_wp,p_bk,p_sh,p_sf,p_sb,p_cs,p_pb,d_po,d_a,d_e,d_dp,d_tp,d_pb,d_wp,d_sb,d_cs,start_l1,start_l2,start_l3,start_l4,start_l5,start_l6,start_l7,start_l8,start_l9,start_f1,start_f2,start_f3,start_f4,start_f5,start_f6,start_f7,start_f8,start_f9,start_f10,date,number,site,vishome,opp,win,loss,tie,gametype,box,pbp
HOM193504140,NW1,,,,,,,,,,,,,,,,,,,,,,,,,,,,,,lundd103,value,,,11,,,,5,,,,,,,,,,,,,27,,,,,,,7,,,,,,,,,,,,,27,,,,,,,,,,,,,,,,,,burnw102,hayej104,,,,,,,,,19350414,0,WIL07,v,HOM,1,0,0,exhibition,,
HOM193504140,HOM,,,,,,,,,,,,,,,,,,,,,,,,,,,,,,posec101,value,,,7,,,,,,,,,,,,,,,,,27,,,,,,5,11,,,,,,,,,,,,,27,,,,,,,,,,,,,,,,,,salmh101,stroj103,,,,,,,,,19350414,0,WIL07,h,NW1,0,1,0,exhibition,,
HOM193505040,PH5,3,0,0,0,0,0,0,1,0,,,,,,,,,,,,,,,,,,,,4,mcdow101,value,35,31,4,7,0,0,1,4,2,0,0,2,0,0,1,0,2,0,1,27,0,37,6,1,0,1,2,2,3,0,2,2,0,0,0,0,0,0,0,27,14,1,3,0,0,0,0,0,stepj105,cread101,whitc103,wilsj106,mackb102,dunnj104,davel102,seayd101,charp102,charp102,mackb102,wilsj106,seayd101,cread101,stepj105,whitc103,davel102,dunnj104,,19350504,0,PIT09,v,HOM,1,0,0,regular,y,d
HOM193505040,HOM,0,0,0,1,0,0,0,1,0,,,,,,,,,,,,,,,,,,,,8,posec101,value,37,32,2,6,1,0,1,2,0,0,2,3,0,2,0,0,2,0,2,27,0,35,7,0,0,1,4,4,2,0,0,0,0,0,2,0,1,0,0,27,13,2,2,0,0,0,1,0,burbb102,bindj101,benjj101,leonb101,harrv102,scalg101,jackj104,duket102,dulal101,dulal101,duket102,leonb101,scalg101,bindj101,jackj104,harrv102,benjj101,burbb102,,19350504,0,PIT09,h,PH5,0,1,0,regular,y,d
HOM193505050,PH5,0,0,0,0,0,0,1,0,,,,,,,,,,,,,,,,,,,,,5,mcdow101,value,30,27,1,5,2,0,0,1,1,0,0,2,0,0,1,0,1,0,0,23,0,40,12,2,0,0,7,6,2,0,2,0,0,0,0,0,0,0,0,23,8,4,0,0,0,0,0,0,stepj105,cread101,whitc103,wilsj106,mackb102,dunnj104,washp101,seayd101,holml101,holml101,mackb102,wilsj106,seayd101,cread101,stepj105,whitc103,washp101,dunnj104,,19350505,0,PIT09,v,HOM,0,1,0,regular,y,d
HOM193505050,HOM,2,0,2,0,0,3,0,0,,,,,,,,,,,,,,,,,,,,,10,posec101,value,40,38,7,12,2,0,0,7,0,0,0,2,0,2,0,0,0,0,3,24,0,30,5,2,0,0,1,1,2,0,0,0,0,0,1,0,1,0,0,24,15,0,1,0,0,0,1,0,benjj101,leonb101,carlm101,parkt101,harrv102,bindj101,browr103,jackj104,gastr101,browr103,gastr101,leonb101,carlm101,bindj101,jackj104,harrv102,benjj101,parkt101,,19350505,0,PIT09,h,PH5,1,0,0,regular,y,d
NW1193505110,HOM,4,3,0,0,6,0,3,0,0,,,,,,,,,,,,,,,,,,,,9,posec101,value,52,48,16,20,5,1,1,16,0,0,0,4,0,0,3,1,0,0,3,27,0,44,13,5,0,1,7,7,5,0,3,0,0,0,0,0,0,1,0,27,11,0,0,0,0,0,0,1,benjj101,carlm101,burbb102,scalg101,harrv102,bindj101,jackj104,duket102,browr103,browr103,duket102,scalg101,carlm101,bindj101,jackj104,harrv102,benjj101,burbb102,,19350511,0,IRV01,v,NW1,1,0,0,regular,y,d
NW1193505110,NW1,0,0,1,1,3,0,0,0,2,,,,,,,,,,,,,,,,,,,,10,lundd103,value,44,39,7,13,5,0,1,7,0,0,0,5,0,3,0,1,0,0,0,27,0,52,20,5,1,1,16,14,4,0,0,0,0,0,0,0,3,1,0,27,18,3,0,0,0,0,3,1,arnop101,coopa103,dandr101,willj110,starj102,hayej104,millf106,johnb111,jemic101,jemic101,hayej104,starj102,millf106,dandr101,coopa103,willj110,arnop101,johnb111,,19350511,0,IRV01,h,HOM,0,1,0,regular,y,d
NW1193505121,HOM,3,0,0,0,1,0,1,0,0,,,,,,,,,,,,,,,,,,,,7,posec101,value,39,35,5,9,2,1,1,,0,,0,4,,5,1,,,,,24,,42,15,2,2,1,13,,5,,4,0,0,,1,,2,,0,24,15,1,0,0,0,0,2,,benjj101,carlm101,burbb102,scalg101,harrv102,bindj101,jackj104,stroj103,gastr101,stroj103,gastr101,scalg101,carlm101,bindj101,jackj104,harrv102,benjj101,burbb102,,19350512,1,IRV01,v,NW1,0,1,0,regular,y,
NW1193505121,NW1,0,0,0,1,6,0,0,6,x,,,,,,,,,,,,,,,,,,,,5,lundd103,value,42,36,13,15,2,2,1,,1,,0,5,,4,2,,,,,27,,39,9,2,1,1,5,,4,,5,0,0,,0,,1,,0,27,10,2,0,0,0,0,1,,arnop101,coopa103,dandr101,willj110,starj102,hayej104,millf106,johnb111,craih101,craih101,hayej104,starj102,coopa103,dandr101,millf106,willj110,arnop101,johnb111,,19350512,1,IRV01,h,HOM,1,0,0,regular,y,
NW1193505122,HOM,1,0,0,0,1,0,0,,,,,,,,,,,,,,,,,,,,,,4,posec101,value,27,25,2,3,1,0,0,,0,,,2,,4,2,,,,,18,,25,6,2,1,0,4,,1,,1,,0,,0,,1,,0,18,8,0,0,0,0,0,1,,benjj101,carlm101,burbb102,scalg101,browr103,bindj101,jackj104,duket102,dulal101,dulal101,dulal101,scalg101,carlm101,bindj101,jackj104,browr103,benjj101,burbb102,,19350512,2,IRV01,v,NW1,0,1,0,regular,y,
NW1193505122,NW1,1,2,0,1,0,0,x,,,,,,,,,,,,,,,,,,,,,,3,lundd103,value,25,24,4,6,2,1,0,,0,,,1,,1,1,,,,,21,,27,3,1,0,0,2,,2,,4,,0,,0,,2,,0,21,8,1,0,0,0,0,2,,arnop101,coopa103,dandr101,willj110,starj102,mccof102,millf106,johnb111,craih101,craih101,mccof102,starj102,coopa103,dandr101,millf106,willj110,arnop101,johnb111,,19350512,2,IRV01,h,HOM,1,0,0,regular,y,
NW1193505130,HOM,5,0,0,0,0,0,0,5,1,,,,,,,,,,,,,,,,,,,,5,posec101,value,43,41,11,14,0,2,2,,0,,2,0,0,,,,,,,27,,41,8,2,0,0,5,,5,,,1,,,0,,,,,27,,1,1,,,,,,benjj101,carlm101,burbb102,duket102,scalg101,parkt101,bindj101,jackj104,browr103,browr103,duket102,scalg101,carlm101,bindj101,jackj104,parkt101,benjj101,burbb102,,19350513,0,IRV01,v,NW1,1,0,0,regular,y,
NW1193505130,NW1,0,0,0,0,1,0,0,0,4,,,,,,,,,,,,,,,,,,,,9,lundd103,value,41,35,5,8,2,0,0,,0,,1,5,,,,,,,,27,,43,14,0,2,2,11,,0,0,,2,,,0,,,,,27,,2,0,,,,,,arnop101,coopa103,dandr101,willj110,starj102,hayej104,millf106,markd102,burnw102,burnw102,hayej104,starj102,coopa103,dandr101,millf106,willj110,arnop101,markd102,,19350513,0,IRV01,h,HOM,0,1,0,regular,y,
BRN193505180,HOM,1,4,4,0,5,0,3,3,0,,,,,,,,,,,,,,,,,,,,7,posec101,value,54,50,20,23,4,2,4,19,1,0,1,2,0,7,0,0,0,0,2,27,0,42,11,2,0,3,7,6,3,0,3,0,0,0,4,0,4,0,0,27,13,2,1,0,0,0,4,0,benjj101,carlm101,burbb102,leonb101,harrv102,scalg101,duket102,jackj104,stroj103,stroj103,duket102,leonb101,carlm101,scalg101,jackj104,harrv102,benjj101,burbb102,,19350518,0,NYC15,v,BRN,1,0,0,regular,y,d
BRN193505180,BRN,4,2,0,0,1,0,0,0,0,,,,,,,,,,,,,,,,,,,,8,taylb108,value,42,35,7,11,2,0,3,7,4,0,0,3,0,3,4,0,1,0,3,27,0,54,23,4,2,4,20,19,2,0,7,1,0,0,1,0,0,0,0,27,12,3,0,0,0,0,0,0,jenkf102,willh105,gileg101,dixor101,stone101,palmc101,yancb101,gilcd101,radct101,radct101,palmc101,gileg101,gilcd101,willh105,yancb101,jenkf102,dixor101,stone101,,19350518,0,NYC15,h,HOM,0,1,0,regular,y,d
BRN193505191,HOM,1,0,5,0,1,0,2,0,0,,,,,,,,,,,,,,,,,,,,6,posec101,value,42,35,9,14,1,2,1,,0,,0,7,,4,4,,0,,,24,,49,20,7,0,0,18,,7,,3,0,0,,1,,3,,3,24,10,2,2,0,3,0,3,,benjj101,carlm101,burbb102,leonb101,harrv102,scalg101,duket102,jackj104,browr103,browr103,duket102,leonb101,carlm101,scalg101,jackj104,harrv102,benjj101,burbb102,,19350519,1,NYC15,v,BRN,0,1,0,regular,y,
BRN193505191,BRN,1,2,2,0,1,1,11,0,x,,,,,,,,,,,,,,,,,,,,7,taylb108,value,49,41,18,20,7,0,0,,1,,0,7,,3,3,,2,,,27,,42,14,1,2,1,9,,7,,4,0,0,,0,,4,,2,27,14,3,0,0,2,0,4,,jenkf102,willh105,gileg101,dixor101,stone101,danip102,yancb101,gilcd101,day-l101,day-l101,danip102,gileg101,gilcd101,willh105,yancb101,jenkf102,dixor101,stone101,,19350519,1,NYC15,h,HOM,1,0,0,regular,y,
BRN193505192,HOM,1,3,0,0,0,0,0,,,,,,,,,,,,,,,,,,,,,,11,posec101,value,36,34,4,11,3,0,0,4,0,0,0,2,0,1,1,0,0,0,2,21,0,30,5,1,1,0,2,2,3,0,3,0,0,0,0,0,0,0,0,21,3,1,0,0,0,0,0,0,benjj101,carlm101,browr103,leonb101,harrv102,bindj101,duket102,jackj104,dulal101,dulal101,duket102,leonb101,carlm101,bindj101,jackj104,harrv102,benjj101,browr103,,19350519,2,NYC15,v,BRN,1,0,0,regular,y,d
BRN193505192,BRN,0,0,0,0,2,0,0,,,,,,,,,,,,,,,,,,,,,,7,taylb108,value,30,27,2,5,1,1,0,2,0,0,0,3,0,3,0,0,0,0,1,21,0,36,11,3,0,0,4,4,2,0,1,0,0,0,0,0,1,0,0,21,7,3,0,0,0,0,1,0,jenkf102,willh105,gileg101,dixor101,stone101,palmc101,yancb101,gilcd101,radct101,radct101,palmc101,gileg101,gilcd101,willh105,yancb101,jenkf102,dixor101,stone101,,19350519,2,NYC15,h,HOM,0,1,0,regular,y,d
BRN193505200,HOM,0,0,0,0,0,0,2,0,1,,,,,,,,,,,,,,,,,,,,3,posec101,value,33,32,3,5,3,1,0,3,0,0,0,1,0,7,0,0,1,0,1,24,0,36,10,1,0,0,4,3,3,0,4,0,0,0,0,0,3,2,0,24,9,6,0,0,0,0,3,2,benjj101,carlm101,burbb102,leonb101,harrv102,scalg101,duket102,jackj104,browr103,browr103,duket102,leonb101,carlm101,scalg101,jackj104,harrv102,benjj101,burbb102,,19350520,0,NYC15,v,BRN,0,1,0,regular,y,d
BRN193505200,BRN,0,0,0,0,0,3,0,1,,,,,,,,,,,,,,,,,,,,,8,taylb108,value,36,33,4,10,1,0,0,3,0,0,0,3,0,4,3,2,0,0,1,27,0,33,5,3,1,0,3,3,1,0,7,0,0,0,0,0,0,0,0,27,6,0,1,0,0,0,0,0,jenkf102,willh105,gileg101,dixor101,stone101,yancb101,gilcd101,ruffl101,jackw101,jackw101,ruffl101,gileg101,gilcd101,willh105,yancb101,jenkf102,dixor101,stone101,,19350520,0,NYC15,h,HOM,1,0,0,regular,y,d
NY6193505250,HOM,,,,,,,,,,,,,,,,,,,,,,,,,,,,,,posec101,value,,,0,4,,,0,0,,,,,,,,,,,,24,,,,,,,4,,,,,,,,,,,,,24,,,,,,,,,,,,,,,,,,,,,,,,,,,,19350525,0,BEL02,v,NY6,0,1,0,regular,,
NY6193505250,NY6,,,,,,,,,,,,,,,,,,,,,,,,,,,,,,dihim101,value,,,4,,,,,,,,,,,,,,,,,27,,,4,,,0,0,0,,,,,,,,,,,,27,,,,,,,,,,,,,,,,,,tianl102,,,,,,,,,,19350525,0,BEL02,h,HOM,1,0,0,regular,,
NY6193505261,HOM,3,0,0,1,0,4,0,2,2,,,,,,,,,,,,,,,,,,,,10,posec101,value,49,45,12,22,3,1,2,,1,,0,3,,3,0,,1,,,27,,38,10,1,0,0,3,,3,,7,0,0,0,3,,1,,0,27,11,2,1,0,0,0,1,,harrv102,scalg101,parkt101,leonb101,browr103,bindj101,duket102,jackj104,dulal101,dulal101,duket102,leonb101,scalg101,bindj101,jackj104,harrv102,browr103,parkt101,,19350526,1,NYC23,v,NY6,1,0,0,regular,y,
NY6193505261,NY6,1,0,0,0,1,1,0,0,0,,,,,,,,,,,,,,,,,,,,8,dihim101,value,38,32,3,10,1,0,0,,3,,0,3,,7,1,,1,,,27,,49,22,3,1,2,12,,3,,3,0,0,0,1,,0,,0,27,10,1,0,0,0,0,0,,lopec102,corrf102,dihim101,salal101,oms-a101,santa102,aranp101,duncf102,stann101,stann101,duncf102,salal101,santa102,fernr101,corrf102,lopec102,dihim101,oms-a101,,19350526,1,NYC23,h,HOM,0,1,0,regular,y,
NY6193505262,HOM,3,0,1,0,0,0,2,0,0,,,,,,,,,,,,,,,,,,,,12,posec101,value,45,37,6,10,3,0,1,,1,,0,7,,9,0,,0,,,27,,37,7,0,0,1,3,3,2,,7,0,0,0,3,,0,,0,27,12,0,2,0,0,0,0,,harrv102,scalg101,carlm101,parkt101,leonb101,browr103,bindj101,duket102,jackj104,browr103,duket102,leonb101,carlm101,bindj101,jackj104,harrv102,benjj101,burbb102,,19350526,2,NYC23,v,NY6,1,0,0,regular,y,
NY6193505262,NY6,0,0,0,0,0,2,1,0,0,,,,,,,,,,,,,,,,,,,,7,dihim101,value,37,32,3,7,0,0,1,,3,,0,2,,7,0,,2,,,27,,45,10,3,0,1,6,6,7,,9,0,0,0,1,,0,,0,27,13,0,0,0,0,0,0,,lopec102,corrf102,dihim101,salal101,oms-a101,santa102,aranp101,lante101,duncf102,duncf102,lante101,salal101,santa102,aranp101,corrf102,lopec102,dihim101,oms-a101,,19350526,2,NYC23,h,HOM,0,1,0,regular,y,
NY6193505270,HOM,0,0,0,0,0,2,0,0,0,,,,,,,,,,,,,,,,,,,,,posec101,value,,,2,5,,,,,,,,,,12,,,,,,24,,,5,,,,8,,,,12,,,,,,,,,24,,2,,,,,,,,,,,,,,,,parkt101,duket102,,,,,,,,,19350527,0,LIC01,v,NY6,0,1,0,regular,,
NY6193505270,NY6,1,0,0,3,0,4,0,0,x,,,,,,,,,,,,,,,,,,,,,dihim101,value,,,8,5,,,,,,,,,,12,,,,,,27,,,5,,,,2,2,,,12,,,,,,,,,27,,0,,,,,,,,,,,,,,,,dihim101,duncf102,,,,,,,,,19350527,0,LIC01,h,HOM,1,0,0,regular,,
HOM193505301,CAG,0,0,3,0,0,1,0,1,0,,,,,,,,,,,,,,,,,,,,4,browl107,value,36,31,5,4,2,0,1,,0,,0,5,,8,0,,0,,,24,,38,12,0,0,0,6,6,2,,5,0,0,0,0,,0,,0,24,12,0,0,0,0,0,0,,marsj104,radca101,wellw101,steat101,suttm101,davis103,reduw101,browl107,trent101,trent101,browl107,suttm101,marsj104,radca101,wellw101,steat101,wellw101,reduw101,,19350530,1,PIT09,v,HOM,0,1,0,regular,y,
HOM193505301,HOM,1,1,0,2,0,0,2,0,x,,,,,,,,,,,,,,,,,,,,8,posec101,value,38,36,6,12,0,0,0,,0,,0,2,,5,0,,0,,0,27,,36,4,2,0,1,5,,5,,8,0,0,0,0,,0,,0,27,13,3,0,0,0,0,0,,harrv102,carlm101,burbb102,leonb101,browr103,benjj101,duket102,bindj101,jackj104,browr103,duket102,leonb101,carlm101,bindj101,jackj104,harrv102,benjj101,burbb102,,19350530,1,PIT09,h,CAG,1,0,0,regular,y,
HOM193505302,CAG,0,0,0,2,0,0,0,1,1,0,,,,,,,,,,,,,,,,,,,,browl107,value,,,4,12,,,,,,,,,,,,,,,,30,,,7,,,,4,,,,,,,,,,,,,30,,1,,,,,,,,,,,,,,,,powem104,byass101,,,,,,,,,19350530,2,PIT09,v,HOM,0,0,1,regular,,
HOM193505302,HOM,2,0,1,0,0,1,0,0,0,0,,,,,,,,,,,,,,,,,,,,posec101,value,,,4,7,,,,,,,,,,,,,,,,30,,,12,,,,4,,,,,,,,,,,,,30,,2,,,,,,,,,,,,,,,,salmh101,parkt101,,,,,,,,,19350530,2,PIT09,h,CAG,0,0,1,regular,,
CAG193506010,HOM,1,0,0,0,0,2,2,0,0,,,,,,,,,,,,,,,,,,,,8,posec101,value,40,32,5,10,2,1,1,5,2,0,0,6,0,2,0,3,0,0,0,27,0,38,7,1,0,2,4,4,4,0,4,0,0,0,1,0,0,0,0,27,11,0,0,0,0,0,0,0,harrv102,carlm101,benjj101,leonb101,browr103,bindj101,duket102,gisew101,jackj104,gisew101,duket102,leonb101,carlm101,bindj101,jackj104,harrv102,browr103,benjj101,,19350601,0,CHI09,v,CAG,1,0,0,regular,y,d
CAG193506010,CAG,0,0,0,1,1,0,0,2,0,,,,,,,,,,,,,,,,,,,,7,browl107,value,38,33,4,7,1,0,2,4,1,0,0,4,0,4,0,0,0,0,0,27,0,40,10,2,1,1,5,5,6,0,2,0,0,0,2,0,0,3,0,27,14,0,0,0,0,0,0,3,marsj104,radca101,wellw101,steat101,suttm101,reduw101,browl107,clayz101,cornw101,cornw101,browl107,clayz101,marsj104,radca101,wellw101,suttm101,steat101,reduw101,,19350601,0,CHI09,h,HOM,0,1,0,regular,y,d
CAG193506021,HOM,0,0,0,0,1,1,6,0,0,,,,,,,,,,,,,,,,,,,,6,posec101,value,41,36,8,9,2,3,0,1,1,,0,4,,2,0,,1,,,27,,37,7,0,0,2,2,,3,,5,0,1,0,0,,0,,0,27,10,3,1,0,0,1,0,,harrv102,carlm101,benjj101,leonb101,browr103,burbb102,bindj101,duket102,jackj104,browr103,duket102,leonb101,carlm101,bindj101,jackj104,harrv102,benjj101,burbb102,,19350602,1,CHI09,v,CAG,1,0,0,regular,y,
CAG193506021,CAG,0,0,0,1,1,0,0,0,0,,,,,,,,,,,,,,,,,,,,8,browl107,value,37,34,2,7,0,0,2,2,0,,0,3,,5,0,,1,,,27,,41,9,2,3,0,8,,4,,2,0,1,0,1,,0,,0,27,16,3,1,0,0,1,0,,marsj104,radca101,wellw101,steat101,davis103,browj111,reduw101,byass101,browo104,browo104,byass101,browj111,marsj104,radca101,wellw101,davis103,steat101,reduw101,,19350602,1,CHI09,h,HOM,0,1,0,regular,y,
CAG193506022,HOM,1,0,0,0,2,1,0,,,,,,,,,,,,,,,,,,,,,,4,posec101,value,29,23,4,6,1,0,1,,3,,0,3,,3,0,,0,,,21,,29,8,0,0,1,7,,3,,3,0,0,0,0,,0,,0,21,,,0,0,0,0,0,,harrv102,carlm101,benjj101,leonb101,parkt101,burbb102,bindj101,duket102,jackj104,parkt101,duket102,leonb101,carlm101,bindj101,jackj104,harrv102,benjj101,burbb102,,19350602,2,CHI09,v,CAG,0,1,0,regular,y,
CAG193506022,CAG,4,0,1,0,2,0,x,,,,,,,,,,,,,,,,,,,,,,1,browl107,value,29,26,7,8,0,0,1,,0,,0,3,,3,0,,0,,,21,,29,6,1,0,1,4,,3,,3,0,0,0,3,,0,,0,21,,,0,0,0,0,0,,marsj104,radca101,wellw101,steat101,davis103,browj111,reduw101,browl107,trent101,trent101,browl107,browj111,marsj104,radca101,wellw101,davis103,steat101,reduw101,,19350602,2,CHI09,h,HOM,1,0,0,regular,y,
CAG193506030,HOM,0,0,0,0,0,0,0,0,0,,,,,,,,,,,,,,,,,,,,4,posec101,value,31,28,0,4,0,0,0,0,0,0,0,3,0,1,0,0,3,0,0,24,0,39,13,3,0,0,6,6,2,0,1,0,0,0,4,0,0,0,0,24,0,0,0,0,0,0,0,0,harrv102,carlm101,benjj101,leonb101,browr103,scalg101,gastr101,gisew101,jackj104,gisew101,gastr101,leonb101,carlm101,scalg101,jackj104,harrv102,browr103,benjj101,,19350603,0,CHI09,v,CAG,0,1,0,regular,y,d
CAG193506030,CAG,1,0,1,0,0,1,3,0,,,,,,,,,,,,,,,,,,,,,9,browl107,value,39,33,6,13,3,0,0,6,4,0,0,2,0,1,0,0,0,0,0,27,0,31,4,0,0,0,0,0,3,0,1,0,0,0,0,0,0,0,0,27,5,0,3,0,0,0,0,0,marsj104,radca101,wellw101,steat101,davis103,browj111,reduw101,browl107,fostw101,fostw101,browl107,browj111,marsj104,radca101,wellw101,davis103,steat101,reduw101,,19350603,0,CHI09,h,HOM,1,0,0,regular,y,d
HOM193506151,BRN,0,0,0,4,3,0,0,0,0,,,,,,,,,,,,,,,,,,,,6,gileg101,value,40,35,7,8,3,0,0,,0,,0,5,,3,2,,0,,0,27,,40,8,4,0,1,6,6,4,,2,3,0,0,0,,2,,0,27,9,0,1,0,0,0,2,,jenkf102,gileg101,willh105,stone101,perej103,burnt102,palmc101,yancb101,wille104,wille104,palmc101,gileg101,willh105,burnt102,yancb101,jenkf102,perej103,stone101,,19350615,1,PIT09,v,HOM,1,0,0,regular,y,
HOM193506151,HOM,0,0,3,0,0,0,0,2,1,,,,,,,,,,,,,,,,,,,,7,posec101,value,40,33,6,8,4,0,1,,0,,3,4,,2,2,,0,,,27,,40,8,3,0,0,7,7,5,,3,0,0,0,0,,2,,0,27,16,1,0,0,0,0,2,,burbb102,carlm101,benjj101,leonb101,harrv102,scalg101,browr103,duket102,bindj101,browr103,duket102,leonb101,scalg101,bindj101,carlm101,harrv102,benjj101,burbb102,,19350615,1,PIT09,h,BRN,0,1,0,regular,y,
HOM193506152,BRN,0,0,0,0,0,1,0,0,0,,,,,,,,,,,,,,,,,,,,9,gileg101,value,37,35,1,8,1,0,1,,0,,0,2,,4,0,,1,,,24,,45,16,1,4,0,9,,5,,1,0,0,0,0,,3,,0,24,,1,0,0,0,0,3,,jenkf102,gileg101,willh105,stone101,perej103,burnt102,radct101,yancb101,jackw101,jackw101,radct101,gileg101,willh105,burnt102,yancb101,jenkf102,perej103,stone101,,19350615,2,PIT09,v,HOM,0,1,0,regular,y,
HOM193506152,HOM,0,3,2,0,0,3,0,1,x,,,,,,,,,,,,,,,,,,,,12,posec101,value,45,40,9,16,1,4,0,,0,,0,5,,1,3,,0,,,27,,37,8,1,0,1,1,,2,,4,0,0,0,0,,0,,0,27,,1,1,0,0,0,0,,carlm101,burbb102,leonb101,scalg101,harrv102,browr103,duket102,gisew101,jackj104,gisew101,duket102,leonb101,carlm101,scalg101,jackj104,harrv102,browr103,burbb102,,19350615,2,PIT09,h,BRN,1,0,0,regular,y,
HOM193506161,BRN,2,0,1,3,0,1,0,3,1,,,,,,,,,,,,,,,,,,,,12,gileg101,value,50,40,11,16,1,2,1,,1,,0,9,,4,4,,1,,,27,,42,11,2,1,1,10,,5,,4,1,0,0,0,,2,,0,27,15,1,1,0,0,0,2,,jenkf102,gileg101,willh105,stone101,perej103,burnt102,palmc101,yancb101,radct101,radct101,palmc101,gileg101,willh105,burnt102,yancb101,jenkf102,stone101,perej103,,19350616,1,PIT09,v,HOM,1,0,0,regular,y,
HOM193506161,HOM,0,2,0,0,2,0,3,0,3,,,,,,,,,,,,,,,,,,,,5,posec101,value,42,36,10,11,2,1,1,,0,,1,5,,4,2,,1,,,27,,50,16,1,2,1,11,,9,,4,0,0,0,1,,4,,1,27,12,1,1,0,1,0,4,,carlm101,harrv102,leonb101,scalg101,browr103,benjj101,duket102,stroj103,jackj104,stroj103,duket102,leonb101,carlm101,scalg101,jackj104,harrv102,benjj101,browr103,,19350616,1,PIT09,h,BRN,0,1,0,regular,y,
HOM193506162,BRN,0,0,2,0,1,0,0,0,,,,,,,,,,,,,,,,,,,,,8,gileg101,value,35,30,3,10,1,0,0,,2,,0,3,,4,0,,0,,,24,,34,9,5,1,1,7,,3,,3,0,0,0,2,,0,,0,24,7,1,1,0,0,0,0,,jenkf102,gileg101,willh105,stone101,perej103,burnt102,palmc101,yancb101,wille104,wille104,palmc101,gileg101,willh105,burnt102,yancb101,jenkf102,stone101,perej103,,19350616,2,PIT09,v,HOM,0,1,0,regular,y,
HOM193506162,HOM,0,1,0,0,2,0,0,4,,,,,,,,,,,,,,,,,,,,,3,posec101,value,34,29,7,9,5,1,1,,2,,0,3,,3,0,,,,,24,,35,10,1,0,0,3,,3,,4,0,0,0,2,,0,,0,24,9,1,0,0,0,0,0,,burbb102,carlm101,leonb101,scalg101,harrv102,benjj101,browr103,gastr101,jackj104,browr103,gastr101,leonb101,carlm101,scalg101,jackj104,harrv102,benjj101,burbb102,,19350616,2,PIT09,h,BRN,1,0,0,regular,y,
HOM193506170,BRN,1,1,1,0,0,0,0,1,1,,,,,,,,,,,,,,,,,,,,10,gileg101,value,42,36,5,11,2,1,1,5,1,0,1,4,0,6,0,1,0,0,1,24,0,36,10,4,0,1,6,6,2,0,1,0,0,0,1,0,2,0,0,24,7,2,1,0,0,0,2,0,jenkf102,perej103,willh105,stone101,gileg101,ruffl101,yancb101,day-l101,jackw101,jackw101,ruffl101,gileg101,willh105,perej103,yancb101,jenkf102,stone101,day-l101,,19350617,0,ALT02,v,HOM,0,1,0,regular,y,d
HOM193506170,HOM,0,2,1,0,2,0,0,1,,,,,,,,,,,,,,,,,,,,,6,posec101,value,36,33,6,10,4,0,1,6,1,0,0,2,0,1,2,0,1,0,1,27,0,42,11,2,1,1,5,4,4,0,6,1,0,0,1,0,0,1,0,27,14,2,0,0,0,0,0,1,burbb102,carlm101,harrv102,scalg101,leonb101,browr103,duket102,jackj104,stroj103,stroj103,duket102,leonb101,carlm101,scalg101,jackj104,harrv102,browr103,burbb102,,19350617,0,ALT02,h,BRN,1,0,0,regular,y,d
NW1193506240,HOM,1,0,0,2,2,0,0,0,,,,,,,,,,,,,,,,,,,,,6,posec101,value,35,33,5,7,1,0,0,3,0,0,0,2,0,2,2,0,0,0,2,21,0,34,6,1,0,0,8,6,7,0,7,0,0,0,1,0,2,1,0,21,10,1,0,0,0,0,2,1,benjj101,carlm101,harrv102,leonb101,burbb102,bindj101,duket102,jackj104,parkt101,parkt101,duket102,leonb101,carlm101,bindj101,jackj104,harrv102,benjj101,burbb102,,19350624,0,NBR01,v,NW1,0,1,0,exhibition,y,d
NW1193506240,NW1,0,0,3,3,0,0,2,,,,,,,,,,,,,,,,,,,,,,5,bellw101,value,34,26,8,6,1,0,0,6,1,0,0,7,0,7,2,1,0,0,1,24,0,35,7,1,0,0,5,3,2,0,2,0,0,0,0,0,2,0,0,24,5,2,0,0,0,0,2,0,arnop101,bondt102,willj110,starj102,hayej104,johnb111,barkm101,millf106,hayeb104,hayeb104,hayej104,starj102,millf106,barkm101,bondt102,willj110,arnop101,johnb111,,19350624,0,NBR01,h,HOM,1,0,0,exhibition,y,d
HOM193506291,NSH,0,2,3,0,0,1,0,0,0,,,,,,,,,,,,,,,,,,,,12,taylj105,value,45,43,6,17,0,3,0,,1,,0,1,,1,1,,0,,,27,,46,14,3,3,2,13,,1,0,1,0,0,0,2,,1,,0,27,16,2,1,0,0,0,1,,byrdb101,snowf101,parnr102,wrigz102,wrigb104,willn103,westj102,hardp102,wrigh102,wrigh102,hardp102,westj102,snowf101,willn103,wrigz102,parnr102,wrigb104,byrdb101,,19350629,1,COL05,v,HOM,0,1,0,regular,y,
HOM193506291,HOM,2,0,1,0,3,5,2,0,0,,,,,,,,,,,,,,,,,,,,6,posec101,value,46,43,13,14,3,3,2,,2,,0,1,0,1,1,,1,,,27,,45,17,0,3,0,6,,1,,1,0,0,0,1,,1,,0,27,11,2,0,0,0,0,1,,benjj101,burbb102,carlm101,leonb101,harrv102,duket102,bindj101,jackj104,stroj103,stroj103,duket102,leonb101,carlm101,bindj101,jackj104,harrv102,benjj101,burbb102,,19350629,1,COL05,h,NSH,1,0,0,regular,y,
NSH193506292,HOM,0,0,0,0,0,1,0,,,,,,,,,,,,,,,,,,,,,,5,posec101,value,27,22,1,1,0,0,0,,0,,0,5,,7,0,,0,,0,18,,23,3,1,1,0,2,2,4,,10,1,0,0,1,,1,,0,18,5,0,0,0,0,0,1,,benjj101,burbb102,carlm101,leonb101,harrv102,gastr101,bindj101,jackj104,parkt101,parkt101,gastr101,leonb101,carlm101,bindj101,jackj104,harrv102,benjj101,burbb102,,19350629,2,COL05,v,NSH,0,1,0,regular,y,
NSH193506292,NSH,0,1,0,0,1,0,x,,,,,,,,,,,,,,,,,,,,,,3,taylj105,value,23,18,2,3,1,1,0,,1,,1,4,,10,1,,0,,0,21,,27,1,0,0,0,1,1,5,,7,0,0,0,0,,0,,0,21,11,0,0,0,0,0,0,,byrdb101,snowf101,parnr102,wrigz102,wrigb104,willn103,westj102,hardp102,grifb102,grifb102,hardp102,westj102,snowf101,willn103,wrigz102,parnr102,wrigb104,byrdb101,,19350629,2,COL05,h,HOM,1,0,0,regular,y,
HOM193506301,NSH,,,,,,,,,,,,,,,,,,,,,,,,,,,,,,taylj105,value,,,3,,,,,,,,,,,,,,,,,24,,,,,,,5,,,,,,,,,,,,,24,,,,,,,,,,,,,,,,,,,,,,,,,,,,19350630,1,COL05,v,HOM,0,1,0,regular,,
HOM193506301,HOM,,,,,,,,,,,,,,,,,,,,,,,,,,,,,,posec101,value,,,5,,,,,,,,,,,,,,,,,27,,,,,,,3,,,,,,,,,,,,,27,,,,,,,,,,,,,,,,,,,,,,,,,,,,19350630,1,COL05,h,NSH,1,0,0,regular,,
HOM193506302,NSH,,,,,,,,,,,,,,,,,,,,,,,,,,,,,,taylj105,value,,,2,,,,,,,,,,,,,,,,,21,,,,,,,1,,,,,,,,,,,,,21,,,,,,,,,,,,,,,,,,,,,,,,,,,,19350630,2,COL05,v,HOM,1,0,0,regular,,
HOM193506302,HOM,,,,,,,,,,,,,,,,,,,,,,,,,,,,,,posec101,value,,,1,,,,,,,,,,,,,,,,,21,,,,,,,2,,,,,,,,,,,,,21,,,,,,,,,,,,,,,,,,,,,,,,,,,,19350630,2,COL05,h,NSH,0,1,0,regular,,
PTC193507041,HOM,1,1,0,0,0,0,0,0,0,,,,,,,,,,,,,,,,,,,,8,posec101,value,37,36,2,6,,,,,0,,0,1,,2,2,,,,,24,,32,7,1,,1,6,,,,,0,,,0,,0,,,24,8,1,,,,,0,,carlm101,bindj101,benjj101,leonb101,harrv102,browr103,parkt101,jackj104,gastr101,parkt101,gastr101,leonb101,carlm101,bindj101,jackj104,harrv102,benjj101,browr103,,19350704,1,PIT09,v,PTC,0,1,0,exhibition,y,
PTC193507041,PTC,0,0,1,0,0,2,3,0,,,,,,,,,,,,,,,,,,,,,2,charo101,value,32,32,6,7,1,,1,,0,,0,,,,0,,,,,27,,37,6,,,,2,,1,,2,0,,,0,,2,,,27,17,3,,,,,2,,crutj101,gibsj101,banks101,charo101,perkb101,pattp102,willc106,harrc104,stres101,stres101,gibsj101,charo101,harrc104,pattp102,willc106,banks101,perkb101,crutj101,,19350704,1,PIT09,h,HOM,1,0,0,exhibition,y,
PTC193507042,HOM,0,1,0,3,1,0,1,0,0,,,,,,,,,,,,,,,,,,,,,posec101,value,,,6,11,,,,,,,,,,,,,,,,24,,,10,,,,8,,,,,,,,,,,,,24,,4,,,,,,,,,,,,,,,,browr103,duket102,,,,,,,,,19350704,2,PIT09,v,PTC,0,1,0,exhibition,,
PTC193507042,PTC,0,0,0,2,0,2,4,0,,,,,,,,,,,,,,,,,,,,,,charo101,value,,,8,10,,,,,,,,,,,,,,,,27,,,11,,,,6,,,,,,,,,,,,,27,,2,,,,,,,,,,,,,,,,matll101,gibsj101,,,,,,,,,19350704,2,PIT09,h,HOM,1,0,0,exhibition,,
PTC193507050,HOM,,,,,,,,,,,,,,,,,,,,,,,,,,,,,,posec101,value,,,1,,,,,,,,,,,,,,,,,24,,,,,,,11,,,,,,,,,,,,,24,,,,,,,,,,,,,,,,,,melll101,,,,,,,,,,19350705,0,PIT09,v,PTC,0,1,0,regular,,
PTC193507050,PTC,,,,,,,,,,,,,,,,,,,,,,,,,,,,,,charo101,value,,,11,,,,,,,,,,,,,,,,,27,,,,,,,1,,,,,,,,,,,,,27,,,,,,,,,,,,,,,,,,carts102,,,,,,,,,,19350705,0,PIT09,h,HOM,1,0,0,regular,,
PTC193507061,HOM,0,0,0,0,2,0,7,6,3,,,,,,,,,,,,,,,,,,,,4,posec101,value,49,45,18,18,4,0,2,,,,,4,,4,,,,,,27,,40,9,2,0,2,7,,4,,3,,,,,,,,,27,13,,,,,,,,harrv102,benjj101,leonb101,scalg101,browr103,carlm101,duket102,bindj101,stroj103,stroj103,duket102,leonb101,scalg101,bindj101,carlm101,harrv102,browr103,benjj101,,19350706,1,PIT09,v,PTC,1,0,0,regular,y,
PTC193507061,PTC,0,1,3,0,0,3,0,0,0,,,,,,,,,,,,,,,,,,,,6,charo101,value,40,36,7,9,2,0,2,,,,,4,,3,,,,,,27,,49,18,4,0,2,18,,4,,4,,,,,,,,,27,9,,,,,,,,bellj103,crutj101,charo101,gibsj101,pattp102,perkb101,johnj108,willc106,huntb106,huntb106,perkb101,gibsj101,pattp102,johnj108,willc106,crutj101,bellj103,charo101,,19350706,1,PIT09,h,HOM,0,1,0,regular,y,
PTC193507062,HOM,,,,,,,,,,,,,,,,,,,,,,,,,,,,,,posec101,value,,,3,,,,,,,,,,,,,,,,,21,,,,,,,3,,,,,,,,,,,,,21,,,,,,,,,,,,,,,,,,,,,,,,,,,,19350706,2,MCK01,v,PTC,0,0,1,regular,,
PTC193507062,PTC,,,,,,,,,,,,,,,,,,,,,,,,,,,,,,charo101,value,,,3,,,,,,,,,,,,,,,,,21,,,,,,,3,,,,,,,,,,,,,21,,,,,,,,,,,,,,,,,,,,,,,,,,,,19350706,2,MCK01,h,HOM,0,0,1,regular,,
HOM193507072,PTC,1,0,0,0,0,2,,,,,,,,,,,,,,,,,,,,,,,6,charo101,value,27,25,3,7,1,0,0,3,1,0,0,1,0,1,0,0,0,0,1,15,0,28,7,1,0,0,8,8,5,0,1,0,0,0,1,0,1,0,0,15,3,4,0,0,0,0,1,0,bellj103,banks101,charo101,perkb101,pattp102,johnj108,willc106,harrc104,kinch101,kinch101,perkb101,charo101,pattp102,johnj108,willc106,banks101,bellj103,harrc104,,19350707,2,HRB01,v,HOM,0,1,0,regular,y,d
HOM193507072,HOM,1,7,0,0,0,,,,,,,,,,,,,,,,,,,,,,,,5,posec101,value,28,22,8,7,1,0,0,8,1,0,0,5,0,1,1,0,0,0,1,18,0,27,7,1,0,0,3,2,1,0,1,0,0,0,1,0,0,0,0,18,10,1,0,0,0,0,0,0,harrv102,burbb102,leonb101,scalg101,browr103,benjj101,duket102,bindj101,jackj104,browr103,duket102,leonb101,scalg101,bindj101,jackj104,harrv102,benjj101,burbb102,,19350707,2,HRB01,h,PTC,1,0,0,regular,y,d
PTC193507071,HOM,0,0,0,1,0,0,0,0,1,,,,,,,,,,,,,,,,,,,,7,posec101,value,36,35,2,9,1,0,0,2,0,0,0,1,0,2,0,0,1,0,0,24,0,50,15,2,0,0,14,13,12,0,3,0,0,0,0,0,2,0,1,24,9,2,2,0,1,0,2,0,harrv102,benjj101,leonb101,scalg101,burbb102,duket102,bindj101,jackj104,parkt101,parkt101,duket102,leonb101,scalg101,bindj101,jackj104,harrv102,benjj101,burbb102,,19350707,1,HRB01,v,PTC,0,1,0,regular,y,d
PTC193507071,PTC,0,0,3,5,0,0,6,0,,,,,,,,,,,,,,,,,,,,,12,charo101,value,50,38,14,15,2,0,0,13,0,0,0,12,0,3,2,0,2,0,1,27,0,36,9,1,0,0,2,2,1,0,2,0,0,0,0,0,0,0,0,27,11,1,1,0,0,0,0,0,bellj103,banks101,charo101,gibsj101,pattp102,perkb101,johnj108,willc106,davir103,davir103,gibsj101,charo101,pattp102,johnj108,willc106,banks101,bellj103,perkb101,,19350707,1,HRB01,h,HOM,1,0,0,regular,y,d
HOM193507081,PTC,1,2,0,0,3,0,,,,,,,,,,,,,,,,,,,,,,,5,charo101,value,29,23,6,7,0,0,0,,3,,0,5,,2,,,,,,15,,23,5,0,1,0,4,,2,,3,0,,,0,,,,,15,6,2,2,,,,,,crutj101,banks101,charo101,gibsj101,pattp102,perkb101,johnj108,willc106,harvb101,harvb101,gibsj101,charo101,pattp102,johnj108,willc106,banks101,crutj101,perkb101,,19350708,1,WAS09,v,HOM,1,0,0,exhibition,y,
HOM193507081,HOM,0,0,0,4,0,x,,,,,,,,,,,,,,,,,,,,,,,4,posec101,value,23,21,4,5,0,1,0,,0,,0,2,,3,,,,,,18,,29,7,0,0,0,6,,5,,2,0,,,3,,,,,18,7,3,1,,,,,,harrv102,burbb102,leonb101,scalg101,browr103,gastr101,bindj101,jackj104,parkt101,parkt101,gastr101,leonb101,scalg101,bindj101,jackj104,harrv102,browr103,burbb102,,19350708,1,WAS09,h,PTC,0,1,0,exhibition,y,
HOM193507090,PTC,,,,,,,,,,,,,,,,,,,,,,,,,,,,,,charo101,value,,,4,,,,,,,,,,,,,,,,,27,,,,,,,1,,,,,,,,,,,,,27,,,,,,,,,,,,,,,,,,,,,,,,,,,,19350709,0,HAG01,v,HOM,1,0,0,exhibition,,
HOM193507090,HOM,,,,,,,,,,,,,,,,,,,,,,,,,,,,,,posec101,value,,,1,,,,,,,,,,,,,,,,,27,,,,,,,4,,,,,,,,,,,,,27,,,,,,,,,,,,,,,,,,,,,,,,,,,,19350709,0,HAG01,h,PTC,0,1,0,exhibition,,
PTC193507110,HOM,0,0,0,0,3,1,1,0,0,,,,,,,,,,,,,,,,,,,,9,posec101,value,41,38,5,11,4,0,1,5,0,0,0,3,0,7,0,0,0,0,0,24,0,42,10,4,0,1,10,7,6,0,4,0,1,1,0,0,1,0,1,24,15,3,1,0,1,1,1,0,harrv102,carlm101,stroj103,leonb101,browr103,benjj101,duket102,bindj101,jackj104,browr103,duket102,leonb101,carlm101,bindj101,jackj104,harrv102,benjj101,stroj103,,19350711,0,ALT02,v,PTC,0,1,0,regular,y,d
PTC193507110,PTC,1,1,5,1,0,2,0,0,,,,,,,,,,,,,,,,,,,,,8,charo101,value,42,36,10,10,4,0,1,10,0,0,0,6,0,4,1,0,1,0,3,27,0,41,11,4,0,1,5,4,3,0,7,0,1,0,0,0,0,0,1,27,10,1,0,0,1,1,0,0,crutj101,banks101,charo101,gibsj101,pattp102,bellj103,johnj108,willc106,huntb106,huntb106,gibsj101,charo101,pattp102,johnj108,willc106,banks101,bellj103,crutj101,,19350711,0,ALT02,h,HOM,1,0,0,regular,y,d
PH5193507131,HOM,2,1,2,3,1,0,0,0,0,,,,,,,,,,,,,,,,,,,,6,posec101,value,42,39,9,12,3,1,1,8,0,0,0,3,0,4,0,0,0,0,0,27,0,42,14,3,1,1,6,6,1,0,0,0,0,0,0,0,0,0,0,27,7,2,0,0,0,0,0,0,harrv102,benjj101,browr103,leonb101,carlm101,gastr101,bindj101,jackj104,stroj103,stroj103,gastr101,leonb101,carlm101,bindj101,jackj104,harrv102,browr103,benjj101,,19350713,1,PHI17,v,PH5,1,0,0,regular,y,d
PH5193507131,PH5,0,1,0,2,3,0,0,0,0,,,,,,,,,,,,,,,,,,,,9,mcdow101,value,42,41,6,14,3,1,1,6,0,0,0,1,0,0,0,0,0,0,0,27,0,42,12,3,1,1,9,9,3,0,4,0,0,0,0,0,0,0,0,27,13,2,0,0,0,0,0,0,stepj105,paget101,whitc103,wilsj106,mackb102,casem101,cread101,dunnj104,holml101,holml101,casem101,mackb102,stepj105,cread101,dunnj104,wilsj106,whitc103,paget101,,19350713,1,PHI17,h,HOM,0,1,0,regular,y,d
PH5193507132,HOM,1,2,2,0,1,0,0,0,2,,,,,,,,,,,,,,,,,,,,7,posec101,value,42,42,8,13,0,1,3,,,,,0,,,1,,,,,24,,40,11,3,0,0,10,,5,,,,,,,,4,,,24,11,5,,,,,4,,harrv102,benjj101,burbb102,leonb101,carlm101,duket102,bindj101,jackj104,parkt101,parkt101,duket102,leonb101,carlm101,bindj101,jackj104,harrv102,benjj101,burbb102,,19350713,2,PHI17,v,PH5,0,1,0,regular,y,
PH5193507132,PH5,2,0,1,3,3,0,0,1,x,,,,,,,,,,,,,,,,,,,,6,mcdow101,value,40,35,10,11,3,0,0,,,,,5,,,4,,,,,27,,42,13,0,1,3,8,,0,,,,,,,,1,,,27,10,2,,,,,1,,paget101,stepj105,cread101,wilsj106,mackb102,casem101,dunnj104,seayd101,ellir105,ellir105,casem101,mackb102,seayd101,cread101,stepj105,wilsj106,dunnj104,paget101,,19350713,2,PHI17,h,HOM,1,0,0,regular,y,
PH5193507141,HOM,3,0,0,3,0,1,0,0,0,,,,,,,,,,,,,,,,,,,,2,posec101,value,36,36,7,11,,,,,,,,,,,,,,,,24,,41,14,,,,11,,,,,,,,,,,,,24,11,2,,,,,,,benjj101,carlm101,harrv102,leonb101,duket102,parkt101,bindj101,jackj104,stroj103,stroj103,duket102,leonb101,carlm101,bindj101,jackj104,harrv102,benjj101,parkt101,,19350714,1,PHI16,v,PH5,0,1,0,regular,y,
PH5193507141,PH5,2,0,4,0,0,1,0,4,x,,,,,,,,,,,,,,,,,,,,6,mcdow101,value,41,41,11,14,,,,,,,,,,,,,,,,27,,36,11,,,,7,,,,,,,,,,,,,27,12,1,,,,,,,paget101,stepj105,cread101,wilsj106,mackb102,seayd101,dunnj104,bassp101,mcdow101,mcdow101,bassp101,mackb102,seayd101,cread101,stepj105,wilsj106,dunnj104,paget101,,19350714,1,PHI16,h,HOM,1,0,0,regular,y,
PH5193507142,HOM,1,0,0,0,0,2,2,5,,,,,,,,,,,,,,,,,,,,,8,posec101,value,42,42,10,15,,,,,,,,,,,,,,,,24,,39,12,,,,3,,,,,,,,,,,,,24,11,0,,,,,,,benjj101,carlm101,harrv102,leonb101,duket102,parkt101,bindj101,jackj104,gisew101,gisew101,duket102,leonb101,carlm101,bindj101,jackj104,harrv102,benjj101,parkt101,,19350714,2,PHI16,v,PH5,1,0,0,regular,y,
PH5193507142,PH5,0,0,1,2,0,0,0,0,,,,,,,,,,,,,,,,,,,,,12,mcdow101,value,39,39,3,12,,,,,,,,,,,,,,,,24,,42,15,,,,10,,,,,,,,,,,,,24,9,0,,,,,,,paget101,stepj105,cread101,wilsj106,mackb102,seayd101,dunnj104,bassp101,mcdow101,mcdow101,bassp101,mackb102,seayd101,cread101,stepj105,wilsj106,dunnj104,paget101,,19350714,2,PHI16,h,HOM,0,1,0,regular,y,
NY6193507200,HOM,0,0,3,0,1,0,1,0,0,,,,,,,,,,,,,,,,,,,,8,posec101,value,40,34,5,8,1,0,0,,1,,0,5,,10,0,,,,,24,,40,12,3,0,0,6,,4,,7,0,,,4,,1,,,24,7,1,,,,,1,,harrv102,scalg101,leonb101,duket102,browr103,benjj101,carlm101,jackj104,stroj103,stroj103,duket102,leonb101,carlm101,scalg101,jackj104,harrv102,browr103,benjj101,,19350720,0,NYC30,v,NY6,0,1,0,regular,y,
NY6193507200,NY6,0,1,0,0,0,2,1,2,,,,,,,,,,,,,,,,,,,,,10,dihim101,value,40,32,6,12,3,0,0,,4,,0,4,,7,1,,,,,27,,40,8,1,0,0,5,,5,,10,0,,,1,,0,,,27,13,3,,,,,0,,speac103,thomd104,dihim101,oms-a101,lundd103,salal101,duncf102,martr105,stann101,stann101,duncf102,thomd104,lundd103,dihim101,martr105,salal101,oms-a101,speac103,,19350720,0,NYC30,h,HOM,1,0,0,regular,y,
NY6193507211,HOM,0,0,0,0,0,0,0,0,0,,,,,,,,,,,,,,,,,,,,5,posec101,value,32,30,0,4,0,0,0,0,0,0,0,2,,7,0,,0,,,24,,42,14,2,0,0,11,,7,,6,0,0,0,0,,1,,0,24,9,1,2,0,0,0,1,,harrv102,scalg101,leonb101,duket102,browr103,benjj101,carlm101,jackj104,gisew101,gisew101,duket102,leonb101,carlm101,scalg101,jackj104,harrv102,browr103,benjj101,,19350721,1,NYC25,v,NY6,0,1,0,regular,y,
NY6193507211,NY6,4,0,0,2,0,0,3,2,x,,,,,,,,,,,,,,,,,,,,7,dihim101,value,42,35,11,14,2,0,0,,0,,0,7,,6,1,,1,,,27,,32,4,0,0,0,0,0,2,,7,0,0,0,0,0,0,,0,27,10,0,0,0,0,0,0,,santa102,thomd104,dihim101,oms-a101,lundd103,dixor101,duncf102,martr105,tianl102,tianl102,duncf102,thomd104,lundd103,santa102,martr105,dihim101,dixor101,oms-a101,,19350721,1,NYC25,h,HOM,1,0,0,regular,y,
NY6193507212,HOM,0,0,3,0,0,0,2,1,0,,,,,,,,,,,,,,,,,,,,5,posec101,value,38,34,6,8,1,0,1,,1,,0,3,,4,0,,,,,27,,34,3,0,0,0,0,0,4,,7,0,0,0,2,0,0,,0,27,13,0,0,0,0,0,0,,benjj101,carlm101,harrv102,leonb101,browr103,duket102,parkt101,bindj101,jackj104,browr103,duket102,leonb101,carlm101,bindj101,jackj104,harrv102,parkt101,benjj101,,19350721,2,NYC25,v,NY6,1,0,0,regular,y,
NY6193507212,NY6,0,0,0,0,0,0,0,0,0,,,,,,,,,,,,,,,,,,,,7,dihim101,value,34,28,0,3,0,0,0,0,2,0,0,4,,7,0,,0,,0,27,,38,8,1,0,1,6,,3,,4,0,0,0,1,,0,,0,27,11,5,2,0,0,0,0,,speac103,thomd104,salal101,oms-a101,lundd103,aranp101,diazh101,dihim101,martr105,martr105,diazh101,thomd104,lundd103,aranp101,martr105,salal101,oms-a101,speac103,,19350721,2,NYC25,h,HOM,0,1,0,regular,y,
PH5193507230,HOM,,,,,,,,,,,,,,,,,,,,,,,,,,,,,,posec101,value,,,3,2,,,,,,,,,,,,,,,,31,,,,,,,4,,,,,,,,,,,,,31,,,,,,,,,,,,,,,,,,gisew101,,,,,,,,,,19350723,0,PHI17,v,PH5,0,1,0,regular,,
PH5193507230,PH5,,,,,,,,,,,1,,,,,,,,,,,,,,,,,,,mcdow101,value,,,4,,,,,,,,,,,,,,,,,33,,,2,,,,3,,,,,,,,,,,,,33,,,,,,,,,,,,,,,,,,mcdow101,,,,,,,,,,19350723,0,PHI17,h,HOM,1,0,0,regular,,
HOM193507270,NY6,0,0,0,1,0,1,0,0,3,,,,,,,,,,,,,,,,,,,,5,dihim101,value,37,36,5,10,1,1,1,5,0,0,0,1,0,4,0,0,2,0,1,27,0,37,6,3,0,0,4,4,5,0,5,0,0,0,0,0,0,0,0,27,14,3,2,0,0,0,0,0,speac103,thomd104,dihim101,oms-a101,lundd103,salal101,duncf102,martr105,stann101,stann101,duncf102,thomd104,lundd103,dihim101,martr105,salal101,oms-a101,speac103,,19350727,0,PIT09,v,HOM,1,0,0,regular,y,d
HOM193507270,HOM,0,0,0,2,1,1,0,0,0,,,,,,,,,,,,,,,,,,,,6,posec101,value,37,32,4,6,3,0,0,4,0,0,0,5,0,5,0,0,1,0,1,27,0,37,10,1,1,1,5,5,1,0,4,0,0,0,0,0,0,0,0,27,9,1,2,0,0,0,0,0,harrv102,carlm101,leonb101,beckj104,browr103,scalg101,benjj101,jackj104,stroj103,stroj103,beckj104,leonb101,carlm101,scalg101,jackj104,harrv102,browr103,benjj101,,19350727,0,PIT09,h,NY6,0,1,0,regular,y,d
HOM193507280,NY6,0,0,0,3,2,4,2,0,1,0,2,2,,,,,,,,,,,,,,,,,6,dihim101,value,58,58,16,17,,,,,,,,,,,,,,,,36,,55,16,,,,15,,,,,,,,,,,,,36,13,,,,,,,,speac103,thomd104,dihim101,oms-a101,lundd103,santa102,dixor101,duncf102,martr105,martr105,duncf102,thomd104,lundd103,dihim101,martr105,dixor101,oms-a101,speac103,,19350728,0,PIT09,v,HOM,1,0,0,regular,y,
HOM193507280,HOM,1,0,2,0,5,0,0,0,4,0,2,1,,,,,,,,,,,,,,,,,4,posec101,value,55,55,15,16,,,,,,,,,,,,,,,,36,,58,17,,,,16,,,,,,,,,,,,,36,13,,,,,,,,harrv102,scalg101,leonb101,duket102,beckj104,gastr101,browr103,carlm101,benjj101,benjj101,duket102,leonb101,carlm101,scalg101,jackj104,harrv102,browr103,benjj101,,19350728,0,PIT09,h,NY6,0,1,0,regular,y,
HOM193507310,NY6,0,0,1,0,0,0,0,0,1,1,,,,,,,,,,,,,,,,,,,,dihim101,value,,,3,7,1,1,0,3,,1,,,,11,,,,,,30,,,10,3,1,0,2,2,,,,,,,,,,,,30,,0,,,,,,,,,,,,,,,,dihim101,duncf102,,,,,,,,,19350731,0,DAY03,v,HOM,1,0,0,regular,,
HOM193507310,HOM,0,0,1,0,1,0,0,0,0,0,,,,,,,,,,,,,,,,,,,,posec101,value,,,2,10,3,1,0,2,,,,,,,,,,,,30,,,7,1,1,0,3,3,,,11,,,,,1,,,,30,,0,,,,,,,,,,,,,,,,browr103,beckj104,,,,,,,,,19350731,0,DAY03,h,NY6,0,1,0,regular,,
PTC193508080,HOM,1,1,0,0,0,0,0,0,0,,,,,,,,,,,,,,,,,,,,5,posec101,value,34,33,2,6,0,1,1,2,0,0,0,1,0,0,0,0,0,0,0,24,0,32,4,1,1,0,3,3,1,0,1,2,1,0,1,0,0,0,0,24,6,1,0,0,0,1,0,0,benjj101,jackj104,leonb101,beckj104,harrv102,scalg101,parkt101,carlm101,browr103,browr103,beckj104,leonb101,carlm101,scalg101,jackj104,harrv102,benjj101,parkt101,,19350808,0,PHI17,v,PTC,0,1,0,regular,y,d
PTC193508080,PTC,0,0,0,0,0,1,2,0,,,,,,,,,,,,,,,,,,,,,5,charo101,value,32,28,3,4,1,1,0,3,1,0,2,1,0,1,0,0,0,0,1,27,0,34,6,0,1,1,2,2,1,0,0,0,0,0,0,0,0,0,0,27,11,0,0,0,0,0,0,0,bellj103,banks101,pattp102,charo101,crutj101,perkb101,harrc104,willc106,stres101,stres101,perkb101,charo101,pattp102,harrc104,willc106,banks101,bellj103,crutj101,,19350808,0,PHI17,h,HOM,1,0,0,regular,y,d
HOM193508090,PTC,0,0,0,0,0,0,2,0,0,,,,,,,,,,,,,,,,,,,,6,charo101,value,35,32,2,6,1,1,0,,0,,0,3,,,,,,,,24,,41,11,1,2,0,11,,4,,,0,,,0,,,,,24,,3,,,,,,,coopa103,banks101,pattp102,perkb101,harrc104,lacko101,harvb101,johnj108,huntb106,huntb106,perkb101,johnj108,pattp102,lacko101,coopa103,harrc104,banks101,harvb101,,19350809,0,WAS09,v,HOM,0,1,0,exhibition,y,
HOM193508090,HOM,1,0,1,0,4,0,4,1,x,,,,,,,,,,,,,,,,,,,,6,posec101,value,41,37,11,11,1,2,0,,0,,0,4,,,,,,,,27,,35,6,1,1,0,2,,3,,,0,,,0,,,,,27,,3,,,,,,,benjj101,jackj104,harrv102,duket102,scalg101,gisew101,carlm101,bindj101,parkt101,parkt101,duket102,scalg101,carlm101,bindj101,jackj104,harrv102,benjj101,gisew101,,19350809,0,WAS09,h,PTC,1,0,0,exhibition,y,
HOM193508100,BRN,0,3,2,3,0,2,0,3,,,,,,,,,,,,,,,,,,,,,7,gileg101,value,44,38,13,14,2,0,3,13,1,,0,5,,6,,,,,,24,,42,16,6,0,1,11,10,3,,3,0,,,0,,,,,24,12,2,,,,,,,hollc103,burnt102,grifc102,willh105,perej103,mcdut101,palmc101,sadlb101,staro101,staro101,palmc101,burnt102,willh105,perej103,sadlb101,mcdut101,grifc102,hollc103,,19350810,0,ALT02,v,HOM,1,0,0,Regular,y,
HOM193508100,HOM,1,2,2,1,0,2,0,3,,,,,,,,,,,,,,,,,,,,,7,posec101,value,42,39,11,16,6,0,1,11,0,,0,3,,3,,,,,,24,,44,14,2,0,3,13,8,5,,6,0,,,1,,,,,24,8,3,,,,,,,benjj101,jackj104,harrv102,beckj104,scalg101,dulal101,carlm101,bindj101,gisew101,gisew101,beckj104,scalg101,carlm101,bindj101,jackj104,harrv102,benjj101,dulal101,,19350810,0,ALT02,h,BRN,0,1,0,Regular,y,
HOM193508120,BRN,4,2,0,0,5,2,0,,,,,,,,,,,,,,,,,,,,,,11,gileg101,value,45,34,13,15,0,0,3,13,1,0,0,10,0,5,1,0,1,0,1,21,0,28,3,2,0,0,0,0,3,0,5,0,1,0,0,0,1,0,0,21,7,1,0,0,0,1,1,0,hollc103,burnt102,grifc102,perej103,palmc101,sadlb101,staro101,wille104,mcdut101,mcdut101,palmc101,burnt102,perej103,wille104,sadlb101,staro101,grifc102,hollc103,,19350812,0,CRL01,v,HOM,1,0,0,regular,y,d
HOM193508120,HOM,0,0,0,0,0,0,0,,,,,,,,,,,,,,,,,,,,,,7,posec101,value,28,25,0,3,2,0,0,0,0,0,0,3,0,5,1,0,0,0,1,21,0,45,15,0,0,3,13,13,10,0,5,0,2,0,1,0,1,0,0,21,8,3,1,0,0,2,1,0,carlm101,jackj104,benjj101,duket102,beckj104,scalg101,gisew101,bindj101,parkt101,parkt101,duket102,scalg101,carlm101,bindj101,jackj104,beckj104,benjj101,gisew101,,19350812,0,CRL01,h,BRN,0,1,0,regular,y,d
HOM193508130,BRN,1,0,0,0,0,0,0,3,0,,,,,,,,,,,,,,,,,,,,5,gileg101,value,36,34,4,7,1,0,0,3,0,0,0,2,0,9,0,0,0,0,0,27,0,40,8,2,0,0,3,2,5,0,7,1,0,0,1,0,0,0,0,27,9,2,3,0,0,0,0,0,hollc103,gileg101,grifc102,stone101,perej103,palmc101,yancb101,sadlb101,day-l101,day-l101,palmc101,gileg101,yancb101,perej103,sadlb101,hollc103,grifc102,stone101,,19350813,0,AKR01,v,HOM,1,0,0,regular,y,d
HOM193508130,HOM,0,0,0,0,0,3,0,0,0,,,,,,,,,,,,,,,,,,,,10,posec101,value,40,33,3,8,2,0,0,3,1,0,1,5,0,7,0,0,2,0,2,27,0,36,7,1,0,0,4,2,2,0,9,0,1,0,0,0,0,0,0,27,10,2,0,0,0,1,0,0,carlm101,jackj104,benjj101,duket102,scalg101,gisew101,parkt101,bindj101,stroj103,stroj103,duket102,scalg101,carlm101,bindj101,jackj104,parkt101,benjj101,gisew101,,19350813,0,AKR01,h,BRN,0,1,0,regular,y,d
PTC193508170,HOM,0,2,1,0,1,1,0,0,,,,,,,,,,,,,,,,,,,,,9,posec101,value,38,31,5,8,5,0,0,,0,,1,6,,3,0,,1,,0,24,,33,7,1,0,0,4,,2,,3,0,0,0,0,,3,,0,24,6,3,0,0,0,0,3,,benjj101,jackj104,leonb101,duket102,harrv102,browr103,scalg101,carlm101,stroj103,stroj103,duket102,leonb101,carlm101,scalg101,jackj104,harrv102,browr103,benjj101,,19350817,0,PIT09,v,PTC,1,0,0,regular,y,
PTC193508170,PTC,0,1,1,0,2,0,0,0,,,,,,,,,,,,,,,,,,,,,5,charo101,value,33,31,4,7,1,0,0,,0,,0,2,,3,3,,0,,,24,,38,8,5,0,0,5,5,6,,3,1,0,0,0,,0,,0,24,13,0,1,0,0,0,0,,bellj103,banks101,pattp102,gibsj101,crutj101,perkb101,willc106,harrc104,huntb106,huntb106,perkb101,gibsj101,pattp102,harrc104,willc106,banks101,bellj103,crutj101,,19350817,0,PIT09,h,HOM,0,1,0,regular,y,
HOM193508181,PTC,,,,,,,,,,,,,,,,,,,,,,,,,,,,,,charo101,value,,,10,,,,,,,,,,,,,,,,,27,,,,1,1,1,6,,,,,,,,,,,,,27,,,,,,,,,,,,,,,,,,davir103,gibsj101,,,,,,,,,19350818,1,CLE07,v,HOM,1,0,0,regular,,
HOM193508181,HOM,,,,,,,,,,,,,,,,,,,,,,,,,,,,,,posec101,value,,,6,,1,1,1,,,,,,,,,,,,,27,,,,,,,10,,,,,,,,,,,,,27,,,,,,,,,,,,,,,,,,gisew101,duket102,,,,,,,,,19350818,1,CLE07,h,PTC,0,1,0,regular,,
HOM193508182,PTC,0,0,0,0,0,0,0,1,,,,,,,,,,,,,,,,,,,,,,charo101,value,,,1,3,,,,0,,,,,,,,,,,,21,,,3,,,0,0,0,,,,,,,,0,,,,21,,,,,,,,,,,,,,,,,,matll101,,,,,,,,,,19350818,2,CLE07,v,HOM,1,0,0,regular,,
HOM193508182,HOM,0,0,0,0,0,0,0,0,,,,,,,,,,,,,,,,,,,,,,posec101,value,,,0,3,,,0,0,,0,,,,,,,,,,21,,,3,,,,1,0,,,,,,,,,,,,21,,,,,,,,,,,,,,,,,,browr103,,,,,,,,,,19350818,2,CLE07,h,PTC,0,1,0,regular,,
PTC193508190,HOM,3,0,0,0,0,0,0,0,0,,,,,,,,,,,,,,,,,,,,8,posec101,value,38,34,3,11,3,1,0,3,2,0,0,2,0,7,0,0,1,0,0,24,0,38,15,2,0,2,9,7,1,0,7,0,1,0,3,0,0,0,0,24,8,5,1,0,0,1,0,0,benjj101,carlm101,leonb101,scalg101,harrv102,browr103,gastr101,jackj104,dulal101,dulal101,gastr101,leonb101,carlm101,scalg101,jackj104,harrv102,browr103,benjj101,,19350819,0,AKR01,v,PTC,0,1,0,regular,y,d
PTC193508190,PTC,0,2,1,1,0,0,3,2,,,,,,,,,,,,,,,,,,,,,5,charo101,value,38,34,9,15,2,0,2,7,3,0,0,1,0,7,0,0,1,0,0,27,0,38,11,3,1,0,3,3,2,0,7,0,0,0,2,0,0,0,0,27,13,0,1,0,0,0,0,0,bellj103,banks101,pattp102,gibsj101,charo101,crutj101,willc106,harrc104,stres101,stres101,gibsj101,charo101,pattp102,harrc104,willc106,banks101,bellj103,crutj101,,19350819,0,AKR01,h,HOM,1,0,0,regular,y,d
PH5193508241,HOM,1,0,3,5,3,0,4,0,0,,,,,,,,,,,,,,,,,,,,10,posec101,value,53,49,16,12,2,0,3,,0,,0,4,,6,2,,0,,,27,,46,11,3,0,1,8,,2,,1,0,0,0,1,,1,,0,27,14,2,0,0,0,0,1,,benjj101,scalg101,leonb101,duket102,harrv102,browr103,bindj101,jackj104,gisew101,gisew101,duket102,leonb101,bindj101,scalg101,jackj104,harrv102,browr103,benjj101,,19350824,1,PHI17,v,PH5,1,0,0,regular,y,
PH5193508241,PH5,0,2,1,3,0,2,0,0,0,,,,,,,,,,,,,,,,,,,,11,mcdow101,value,46,44,8,11,3,0,1,,1,,0,2,,1,1,,0,,,27,,53,12,2,0,3,16,,4,,6,0,0,0,0,,2,,0,27,10,7,0,0,0,0,2,,seayd101,paget101,whitc103,wilsj106,mackb102,davel102,cread101,dunnj104,mcdow101,mcdow101,mackb102,wilsj106,seayd101,cread101,dunnj104,whitc103,davel102,paget101,,19350824,1,PHI17,h,HOM,0,1,0,regular,y,
PH5193508242,HOM,4,0,1,0,3,0,2,,,,,,,,,,,,,,,,,,,,,,5,posec101,value,36,36,10,12,,,,,,,,,,,,,,,,21,,30,8,,,,2,,,,,,,,,,,,,21,10,2,,,,,,,benjj101,bindj101,leonb101,duket102,harrv102,browr103,carlm101,jackj104,gisew101,gisew101,duket102,leonb101,carlm101,bindj101,jackj104,harrv102,browr103,benjj101,,19350824,2,PHI17,v,PH5,1,0,0,regular,y,
PH5193508242,PH5,1,0,0,0,0,0,1,,,,,,,,,,,,,,,,,,,,,,7,mcdow101,value,30,30,2,8,,,,,,,,,,,,,,,,21,,36,12,,,,10,,,,,,,,,,,,,21,6,5,,,,,,,paget101,seayd101,whitc103,wilsj106,cread101,mackb102,dunnj104,bassp101,ellir105,ellir105,bassp101,mackb102,seayd101,cread101,dunnj104,wilsj106,whitc103,paget101,,19350824,2,PHI17,h,HOM,0,1,0,regular,y,
PH5193508251,HOM,1,0,3,2,0,0,0,4,0,,,,,,,,,,,,,,,,,,,,4,posec101,value,41,41,10,12,,,,,,,,,,,,,,,,27,,36,9,,,,4,,,,,,,,,,,,,27,12,1,,,,,,,benjj101,scalg101,leonb101,duket102,harrv102,browr103,carlm101,jackj104,stroj103,stroj103,duket102,leonb101,carlm101,scalg101,jackj104,harrv102,browr103,benjj101,,19350825,1,PHI17,v,PH5,1,0,0,regular,y,
PH5193508251,PH5,0,0,0,0,0,0,2,2,0,,,,,,,,,,,,,,,,,,,,5,mcdow101,value,36,36,4,9,,,,,,,,,,,,,,,,27,,41,12,,,,10,,,,,,,,,,,,,27,10,2,,,,,,,paget101,cread101,whitc103,wilsj106,davel102,mackb102,dunnj104,bassp101,yokel101,yokel101,bassp101,wilsj106,mackb102,cread101,dunnj104,whitc103,davel102,paget101,,19350825,1,PHI17,h,HOM,0,1,0,regular,y,
PH5193508252,HOM,0,1,1,0,0,0,2,,,,,,,,,,,,,,,,,,,,,,,posec101,value,,,4,11,,,,,,,,,,,,,,,,21,,,6,,,,3,,,,,,,,,,,,,21,,1,,,,,,,,,,,,,,,,parkt101,duket102,,,,,,,,,19350825,2,PHI17,v,PH5,1,0,0,regular,,
PH5193508252,PH5,0,1,0,2,0,0,0,,,,,,,,,,,,,,,,,,,,,,,mcdow101,value,,,3,6,,,,,,,,,,,,,,,,21,,,11,,,,4,,,,,,,,,,,,,21,,1,,,,,,,,,,,,,,,,cartp102,mackb102,,,,,,,,,19350825,2,PHI17,h,HOM,0,1,0,regular,,
PTC193508310,HOM,,,,,,,,,,,,,,,,,,,,,,,,,,,,,,posec101,value,,,9,,,,,,,,,,,,,,,,,24,,,,,,,11,,,,,,,,,,,,,24,,,,,,,,,,,,,,,,,,stroj103,,,,,,,,,,19350831,0,DET09,v,PTC,0,1,0,regular,,
PTC193508310,PTC,3,4,,,,,,,,,,,,,,,,,,,,,,,,,,,,charo101,value,,,11,,,,,,,,,,,,,,,,,27,,,,,,,9,,,,,,,,,,,,,27,,,,,,,,,,,,,,,,,,willc106,,,,,,,,,,19350831,0,DET09,h,HOM,1,0,0,regular,,
PTC193509010,HOM,,,,,,,,,,,,,,,,,,,,,,,,,,,,,,posec101,value,,,10,,,,,,,,,,,,,,,,,27,,,,,,,9,,,,,,,,,,,,,27,,,,,,,,,,,,,,,,,,,,,,,,,,,,19350901,0,BUF06,v,PTC,1,0,0,regular,,
PTC193509010,PTC,,,,,,,,,,,,,,,,,,,,,,,,,,,,,,charo101,value,,,9,,,,,,,,,,,,,,,,,27,,,,,,,10,,,,,,,,,,,,,27,,,,,,,,,,,,,,,,,,,,,,,,,,,,19350901,0,BUF06,h,HOM,0,1,0,regular,,
PTC193509021,HOM,1,0,1,2,0,1,3,0,0,,,,,,,,,,,,,,,,,,,,6,posec101,value,41,35,8,11,3,0,1,,1,,0,5,,2,0,,1,,0,27,,43,16,3,2,0,7,7,2,,4,0,0,0,0,,1,,0,27,12,0,1,0,0,0,1,,benjj101,scalg101,leonb101,duket102,harrv102,browr103,carlm101,jackj104,stroj103,stroj103,benjj101,leonb101,carlm101,scalg101,jackj104,harrv102,browr103,benjj101,,19350902,1,PIT09,v,PTC,1,0,0,regular,y,
PTC193509021,PTC,2,0,0,0,0,0,0,4,1,,,,,,,,,,,,,,,,,,,,9,charo101,value,43,41,7,16,3,2,0,,0,,0,2,,4,1,,1,,0,27,,41,11,3,0,1,8,8,5,,2,0,0,0,1,,0,,0,27,16,0,1,0,0,0,0,,bellj103,banks101,pattp102,gibsj101,charo101,crutj101,johnj108,willc106,davir103,davir103,gibsj101,charo101,pattp102,johnj108,willc106,banks101,bellj103,crutj101,,19350902,1,PIT09,h,HOM,0,1,0,regular,y,
PTC193509022,HOM,1,2,0,0,0,0,0,,,,,,,,,,,,,,,,,,,,,,,posec101,value,,,3,6,3,0,1,,0,,0,0,0,4,0,,1,,0,18,,,12,1,1,1,7,7,1,,0,0,0,0,0,,0,,0,18,,0,1,0,0,0,0,,,,,,,,,,,browr103,beckj104,,,,,,,,,19350902,2,PIT09,v,PTC,0,1,0,regular,,
PTC193509022,PTC,1,5,0,1,0,0,x,,,,,,,,,,,,,,,,,,,,,,,charo101,value,,,7,12,1,1,1,,0,,0,1,,0,0,,1,,0,21,,,6,3,0,1,3,3,0,0,4,0,0,0,0,,0,,0,21,,0,1,0,0,0,0,,,,,,,,,,,matll101,gibsj101,,,,,,,,,19350902,2,PIT09,h,HOM,1,0,0,regular,,
HOM193509130,CAG,1,1,1,2,0,1,2,0,0,,,,,,,,,,,,,,,,,,,,,browl107,value,,,8,17,,,1,,,,,,,,,,,,,24,,,19,,,2,15,,,,,,,,,,,,,24,,2,,,,,,,,,,,,,,,,browo104,,,,,,,,,,19350913,0,BEC01,v,HOM,0,1,0,exhibition,,
HOM193509130,HOM,0,0,6,0,0,0,0,9,x,,,,,,,,,,,,,,,,,,,,,posec101,value,,,15,19,,,2,,,,,,,,,,,,,27,,,17,,,1,8,,,,,,,,,,,,,27,,3,,,,,,,,,,,,,,,,stroj103,,,,,,,,,,19350913,0,BEC01,h,CAG,1,0,0,exhibition,,
NSH193509200,HOM,,,,,,,,,,,,,,,,,,,,,,,,,,,,,,posec101,value,,,14,18,3,0,1,,,,,,,,,,,,,27,,,12,,,,8,,,,,,,,,,,,,27,,,,,,,,,,,,,,,,,,,,,,,,,,,,19350920,0,WAS09,v,NSH,1,0,0,exhibition,,
NSH193509200,NSH,,,,,,,,,,,,,,,,,,,,,,,,,,,,,,taylj105,value,,,8,12,,,,,,,,,,,,,,,,27,,,18,3,0,1,14,,,,,,,,,,,,,27,,,,,,,,,,,,,,,,,,,,,,,,,,,,19350920,0,WAS09,h,HOM,0,1,0,exhibition,,
