gid,id,team,d_seq,d_pos,stattype,d_ifouts,d_po,d_a,d_e,d_dp,d_tp,d_pb,d_wp,d_sb,d_cs,d_gs,date,number,site,vishome,opp,win,loss,tie,gametype,box,pbp,eject
NY6194805110,littb101,NY5,1,7,value,24,0,0,0,0,0,0,,,,1,19480511,0,WIL04,v,NY6,0,1,0,regular,y,,
NY5194805251,littb101,NY5,1,7,value,21,1,0,0,0,0,,,,,1,19480525,1,ROC04,h,NW2,1,0,0,regular,y,d,
NY5194805252,littb101,NY5,1,7,value,21,1,0,1,0,0,,,,,1,19480525,2,ROC04,h,NW2,1,0,0,regular,y,y,
NW2194805260,littb101,NY5,1,7,value,,,,0,0,0,0,,,,1,19480526,0,NWK04,v,NW2,0,1,0,regular,y,,
NY5194805290,littb101,NY5,1,7,value,27,1,0,0,0,0,,,,,1,19480529,0,ROC04,h,PH5,0,1,0,regular,y,d,
BLG194806040,littb101,NY5,1,9,value,3,0,0,0,0,0,0,,,,,19480604,0,BAL14,v,BLG,0,1,0,regular,y,,
HOM194806110,littb101,NY5,1,9,value,18,3,0,0,0,0,0,,,,,19480611,0,NWC01,v,HOM,0,1,0,regular,y,,
HOM194806170,littb101,NY5,1,9,value,24,,,0,0,0,0,,,,1,19480617,0,WAS09,v,HOM,0,1,0,regular,y,,
BLG194806250,littb101,NY5,1,9,value,24,2,1,0,0,0,0,,,,1,19480625,0,BAL14,v,BLG,0,1,0,regular,y,,
BLG194806271,littb101,NY5,1,9,value,24,4,0,0,0,0,0,,,,1,19480627,1,BAL14,v,BLG,0,1,0,regular,y,,
BLG194806272,littb101,NY5,1,9,value,,1,0,0,0,0,0,,,,1,19480627,2,BAL14,v,BLG,0,1,0,regular,y,,
NY5194807100,littb101,NY5,1,9,value,27,2,0,1,0,0,0,,,,1,19480710,0,ALB02,h,NY6,0,1,0,regular,y,,
NW2194807160,littb101,NY5,1,9,value,24,1,0,0,0,0,,,,,1,19480716,0,NWK04,v,NW2,0,1,0,regular,y,d,
BLG194807181,littb101,NY5,1,9,value,24,4,0,0,0,0,0,,,,1,19480718,1,BAL14,v,BLG,0,1,0,regular,y,,
BLG194807182,littb101,NY5,1,9,value,18,,,0,0,0,0,,,,1,19480718,2,BAL14,v,BLG,0,1,0,regular,y,,
NY6194807250,littb101,NY5,1,9,value,9,1,0,0,0,0,,,,,1,19480725,0,NYC14,v,NY6,1,0,0,regular,y,d,
NW2194809051,littb101,NY5,1,9,value,15,0,0,0,0,0,,,,,1,19480905,1,NWK04,v,NW2,1,0,0,regular,y,d,
NW2194809051,littb101,NY5,2,7,value,12,0,0,0,0,0,,,,,0,19480905,1,NWK04,v,NW2,1,0,0,regular,y,d,
NW2194809052,littb101,NY5,1,9,value,18,0,0,0,0,0,,,,,1,19480905,2,NWK04,v,NW2,0,1,0,regular,y,d,
LCB194905010,littb101,PH5,1,9,value,12,0,0,0,0,0,,,,,1,19490501,0,LOU05,v,LCB,0,1,0,regular,y,d,
PH5194905081,littb101,PH5,1,9,value,27,1,0,0,0,0,,,,,1,19490508,1,NWK04,h,KCM,1,0,0,regular,y,d,
PH5194905082,littb101,PH5,1,9,value,21,0,0,0,0,0,,,,,1,19490508,2,NWK04,h,KCM,1,0,0,regular,y,d,
PH5194905120,littb101,PH5,1,9,value,27,0,0,0,0,0,,,,,1,19490512,0,WIL04,h,IN9,0,1,0,regular,y,d,
PH5194905131,littb101,PH5,1,9,value,27,1,0,0,0,0,,,,,1,19490513,1,PHI11,h,IN9,1,0,0,regular,y,d,
PH5194905132,littb101,PH5,1,9,value,27,4,1,0,0,0,,,,,1,19490513,2,PHI11,h,IN9,1,0,0,regular,y,d,
BLG194905151,littb101,PH5,1,9,value,24,2,0,0,0,0,,,,,1,19490515,1,BAL14,v,BLG,0,1,0,regular,y,d,
BLG194905152,littb101,PH5,1,9,value,18,4,0,0,0,0,,,,,1,19490515,2,BAL14,v,BLG,0,1,0,regular,y,d,
PH5194905190,littb101,PH5,1,9,value,27,3,0,0,0,0,,,,,1,19490519,0,CHE01,h,BLG,0,1,0,regular,y,d,
KCM194905220,littb101,PH5,1,9,value,24,3,0,0,0,0,,,,,1,19490522,0,KAN05,v,KCM,0,1,0,regular,y,d,
KCM194905230,littb101,PH5,1,9,value,24,4,0,0,0,0,,,,,1,19490523,0,KAN05,v,KCM,0,1,0,regular,y,d,
KCM194905240,littb101,PH5,1,9,value,25,0,0,1,0,0,,,,,1,19490524,0,WIC01,v,KCM,0,1,0,regular,y,d,
KCM194905250,littb101,PH5,1,9,value,27,2,0,0,0,0,,,,,1,19490525,0,OMA03,v,KCM,1,0,0,regular,y,d,
PH5194905291,littb101,PH5,1,9,value,27,0,0,0,0,0,,,,,1,19490529,1,NWK04,h,HOE,0,1,0,regular,y,d,
PH5194905292,littb101,PH5,1,9,value,21,0,0,0,0,0,,,,,1,19490529,2,NWK04,h,HOE,0,1,0,regular,y,d,
PH5194905301,littb101,PH5,1,9,value,27,0,0,0,0,0,,,,,1,19490530,1,CHE01,h,HOE,1,0,0,regular,y,d,
PH5194905302,littb101,PH5,1,9,value,30,1,1,1,0,0,,,,,1,19490530,2,WIL04,h,HOE,0,1,0,regular,y,d,
PH5194906020,littb101,PH5,1,9,value,27,0,0,0,0,0,,,,,1,19490602,0,BRI01,h,HOE,1,0,0,regular,y,d,
PH5194906062,littb101,PH5,1,9,value,30,2,0,0,0,0,,,,,1,19490606,2,PHI11,h,HOE,0,1,0,regular,y,d,
PH5194906070,littb101,PH5,1,9,value,27,1,0,0,0,0,,,,,1,19490607,0,CHE01,h,BIR,1,0,0,regular,y,d,
IN9194906110,littb101,PH5,1,9,value,28,0,0,0,0,0,,,,,1,19490611,0,CHA01,v,IN9,0,1,0,regular,y,d,
IN9194906140,littb101,PH5,1,9,value,,,,,,,,,,,1,19490614,0,ZAN02,v,IN9,0,1,0,regular,,,
CAG194906220,littb101,PH5,1,9,value,27,0,0,0,0,0,,,,,1,19490622,0,DCT02,v,CAG,1,0,0,regular,y,d,
BIR194907100,littb101,PH5,1,9,value,29,7,0,0,0,0,,,,,1,19490710,0,BIR01,v,BIR,0,1,0,regular,y,d,
PH5194907241,littb101,PH5,1,9,value,27,1,0,0,0,0,,,,,1,19490724,1,WAS09,h,NY6,0,1,0,regular,y,d,
PH5194907242,littb101,PH5,1,9,value,24,0,0,0,0,0,,,,,1,19490724,2,WAS09,h,NY6,0,1,0,regular,y,d,
PH5194907251,littb101,PH5,1,9,value,27,1,0,0,0,0,,,,,1,19490725,1,PHI11,h,IN9,0,1,0,regular,y,d,
PH5194907252,littb101,PH5,1,9,value,27,1,1,0,0,0,,,,,1,19490725,2,PHI11,h,IN9,0,1,0,regular,y,d,
PH5194907260,littb101,PH5,1,9,value,27,1,0,0,0,0,,,,,1,19490726,0,NWC01,h,IN9,1,0,0,regular,y,d,
PH5194908010,littb101,PH5,1,9,value,27,2,1,0,,,,,,,1,19490801,0,PHI11,h,CAG,1,0,0,regular,y,,
PH5194908060,littb101,PH5,1,9,value,27,0,0,0,,,,,,,1,19490806,0,WIL04,h,IN9,1,0,0,regular,y,,
PH5194908242,littb101,PH5,1,9,value,27,0,0,0,0,0,,,,,1,19490824,2,PHI11,h,BLG,0,1,0,regular,y,d,
BLG194908260,littb101,PH5,1,9,value,24,1,1,0,0,0,,0,0,,1,19490826,0,BAL14,v,BLG,0,1,0,regular,y,,
BLG194909020,littb101,PH5,1,9,value,15,0,0,0,0,0,,,,,1,19490902,0,BAL14,v,BLG,0,1,0,regular,y,d,
BLG194909051,littb101,PH5,1,9,value,33,2,0,0,0,,,0,0,,1,19490905,1,BAL14,v,BLG,0,1,0,regular,y,,
ASW195008200,littb101,ASE,1,9,value,21,1,0,0,0,0,,,,,1,19500820,0,CHI10,v,ASW,0,1,0,allstar,y,d,
