gid,id,team,d_seq,d_pos,stattype,d_ifouts,d_po,d_a,d_e,d_dp,d_tp,d_pb,d_wp,d_sb,d_cs,d_gs,date,number,site,vishome,opp,win,loss,tie,gametype,box,pbp,eject
PRG192511140,cookl101,PIR,1,2,value,24,4,0,1,0,0,0,0,1,1,1,19251114,0,LOS05,v,PRG,0,1,0,exhibition,y,d,
PRG192511150,cookl101,PIR,1,2,value,24,6,3,0,0,0,0,1,1,2,1,19251115,0,LOS05,v,PRG,0,1,0,exhibition,y,y,
PRG192511290,cookl101,PIR,1,2,value,27,2,1,0,0,0,0,0,0,0,1,19251129,0,LOS05,v,PRG,1,0,0,exhibition,y,y,
PRG192512120,cookl101,PIR,1,2,value,24,11,1,0,0,0,0,2,2,0,1,19251212,0,LOS05,v,PRG,0,1,0,exhibition,y,d,
PRG192512270,cookl101,PIR,1,2,value,24,6,0,0,0,0,0,0,1,0,1,19251227,0,LOS05,v,PRG,0,1,0,exhibition,y,d,
PRG192601170,cookl101,PIR,1,2,value,34,5,0,0,0,0,0,0,1,0,1,19260117,0,LOS05,v,PRG,0,1,0,exhibition,y,y,
