gid,id,team,p_seq,stattype,p_ipouts,p_noout,p_bfp,p_h,p_d,p_t,p_hr,p_r,p_er,p_w,p_iw,p_k,p_hbp,p_wp,p_bk,p_sh,p_sf,p_sb,p_cs,p_pb,wp,lp,save,p_gs,p_gf,p_cg,date,number,site,vishome,opp,win,loss,tie,gametype,box,pbp
KCM194804110,cabrl101,IN9,1,value,18,0,27,10,0,2,0,4,3,1,0,3,0,0,0,0,0,1,1,1,,,,1,,,19480411,0,AUS01,v,KCM,0,1,0,exhibition,y,d
KCM194804110,henrp101,IN9,2,value,2,0,6,1,0,0,0,2,2,4,1,0,0,0,0,0,0,1,1,0,,1,,,,,19480411,0,AUS01,v,KCM,0,1,0,exhibition,y,d
KCM194804110,blaib103,IN9,3,value,4,0,4,0,0,0,0,0,0,0,0,1,0,0,0,0,0,0,0,0,,,,,1,,19480411,0,AUS01,v,KCM,0,1,0,exhibition,y,d
KCM194804110,lamaj102,KCM,1,value,27,0,43,12,2,1,0,5,3,1,0,5,0,0,0,1,0,1,0,0,1,,,1,,1,19480411,0,AUS01,h,IN9,1,0,0,exhibition,y,d
IN9194804150,smith111,KCM,1,value,27,,,,,,,7,,,,,,,,,,,,,1,,,1,,1,19480415,0,JAC01,v,IN9,1,0,0,exhibition,,
BIR194804181,cathw101,IN9,1,value,18,2,27,7,0,0,0,6,3,3,0,4,0,0,0,0,0,0,0,0,,1,,1,,,19480418,1,BIR01,v,BIR,0,1,0,exhibition,y,d
BIR194804181,willj112,IN9,2,value,6,0,9,1,0,1,0,1,1,1,0,1,0,0,0,0,0,0,0,0,,,,,1,,19480418,1,BIR01,v,BIR,0,1,0,exhibition,y,d
BIR194804181,poweb103,BIR,1,value,27,0,39,9,1,0,0,4,4,2,0,2,0,0,0,0,0,2,0,0,1,,,1,,1,19480418,1,BIR01,h,IN9,1,0,0,exhibition,y,d
BIR194804182,cabrl101,IN9,1,value,15,,,4,,,,1,1,,,,,,,,,,,,,,,1,,1,19480418,2,BIR01,v,BIR,0,0,1,exhibition,,
BIR194804182,hearj103,BIR,1,value,15,,,2,,,,1,1,,,,,,,,,,,,,,,1,,1,19480418,2,BIR01,h,IN9,0,0,1,exhibition,,
BIR194804220,velaj101,IN9,1,value,,,,,,,,,,,,,,,,,,,,,,,,1,,,19480422,0,MTG01,v,BIR,1,0,0,exhibition,,
BIR194804220,willj112,IN9,2,value,,,,,,,,,,,,,,,,,,,,,,,,,1,,19480422,0,MTG01,v,BIR,1,0,0,exhibition,,
BIR194804220,hearj103,BIR,3,value,,,,,,,,,,,,,,,,,,,,,,,,,1,,19480422,0,MTG01,h,IN9,0,1,0,exhibition,,
BIR194804220,hollc104,BIR,2,value,,,,,,,,,,,,,,,,,,,,,,,,,,,19480422,0,MTG01,h,IN9,0,1,0,exhibition,,
BIR194804220,perra101,BIR,1,value,,,,,,,,,,,,,,,,,,,,,,,,1,,,19480422,0,MTG01,h,IN9,0,1,0,exhibition,,
BIR194804230,blaib103,IN9,1,value,,,,,,,1,,,,,,,,,,,,,,,,,1,,,19480423,0,NOL01,v,BIR,0,1,0,exhibition,,
BIR194804230,willj112,IN9,2,value,,,,,,,,,,,,,,,,,,,,,,,,,1,,19480423,0,NOL01,v,BIR,0,1,0,exhibition,,
BIR194804230,newbj101,BIR,1,value,27,,,5,,,,0,0,,,,,,,,,,,,1,,,1,,1,19480423,0,NOL01,h,IN9,1,0,0,exhibition,,
KCM194804240,cabrl101,IN9,1,value,27,,,6,,,,5,,,,,,,,,,,,,1,,,1,,1,19480424,0,HOU04,v,KCM,1,0,0,exhibition,,
KCM194804240,collg101,KCM,1,value,27,,,9,,,,8,,,,,,,,,,,,,,1,,1,,1,19480424,0,HOU04,h,IN9,0,1,0,exhibition,,
IN9194804250,johnc103,KCM,1,value,27,,,10,,,,5,,,,,,,,,,,,,1,,,1,,1,19480425,0,HOU04,v,IN9,1,0,0,exhibition,,
IN9194804250,blaib103,IN9,2,value,,,,,,,,,,,,,,,,,,,,,,,,,1,,19480425,0,HOU04,h,KCM,0,1,0,exhibition,,
IN9194804250,cohej101,IN9,1,value,,,,,,,,,,,,,,,,,,,,,,1,,1,,,19480425,0,HOU04,h,KCM,0,1,0,exhibition,,
KCM194804280,cabrl101,IN9,2,value,3,,,,,,,,,,,,,,,,,,,,,,,,1,,19480428,0,OKC02,v,KCM,0,1,0,exhibition,,
KCM194804280,garca101,IN9,1,value,21,,,,,,,,,,,,,,,,,,,,,1,,1,,,19480428,0,OKC02,v,KCM,0,1,0,exhibition,,
KCM194804280,stubm102,KCM,1,value,27,,,6,,,,2,,,,,,,,,,,,,1,,,1,,1,19480428,0,OKC02,h,IN9,1,0,0,exhibition,,
KCM194804290,bennj102,IN9,1,value,27,,,2,,,,2,,,,,,,,,,,,,1,,,1,,1,19480429,0,OKC02,v,KCM,1,0,0,exhibition,,
KCM194804290,willu103,KCM,1,value,27,,,6,,,,7,,,,,,,,,,,,,,1,,1,,1,19480429,0,OKC02,h,IN9,0,1,0,exhibition,,
KCM194804300,bennj102,IN9,1,value,,,,,,,,,,,,,,,,,,,,,,,,1,,,19480430,0,DAL01,v,KCM,0,1,0,exhibition,,
KCM194804300,cohej101,IN9,3,value,,,,,,,,,,,,,,,,,,,,,,1,,,1,,19480430,0,DAL01,v,KCM,0,1,0,exhibition,,
KCM194804300,garca101,IN9,2,value,,,,,,,,,,,,,,,,,,,,,,,,,,,19480430,0,DAL01,v,KCM,0,1,0,exhibition,,
KCM194804300,lamaj102,KCM,2,value,,,,,,,,,,,,,,,,,,,,,1,,,,1,,19480430,0,DAL01,h,IN9,1,0,0,exhibition,,
KCM194804300,smith111,KCM,1,value,,,,,,,,,,,,,,,,,,,,,,,,1,,,19480430,0,DAL01,h,IN9,1,0,0,exhibition,,
IN9194805021,ortir102,CAG,1,value,27,,,,,,,1,,,,,,,,,,,,,1,,,1,,1,19480502,1,NOL01,v,IN9,1,0,0,regular,,
IN9194805022,cabrl101,IN9,1,value,15,,,,,,,1,,,,,,,,,,,,,1,,,1,,1,19480502,2,NOL01,h,CAG,1,0,0,regular,,
IN9194805050,bumpe101,CAG,2,value,,,,,,,,,,,,,,,,,,,,,,,,,,,19480505,0,CHT01,v,IN9,0,1,0,regular,,
IN9194805050,lockc102,CAG,3,value,,,,,,,,,,,,,,,,,,,,,,,,,,,19480505,0,CHT01,v,IN9,0,1,0,regular,,
IN9194805050,rhodh101,CAG,1,value,,,,,,,,,,,,,,,,,,,,,,1,,1,,,19480505,0,CHT01,v,IN9,0,1,0,regular,,
IN9194805050,stewr101,CAG,4,value,,,,,,,,,,,,,,,,,,,,,,,,,1,,19480505,0,CHT01,v,IN9,0,1,0,regular,,
IN9194805050,cathw101,IN9,1,value,27,,,8,,,,3,,,,,,,,,,,,,1,,,1,,1,19480505,0,CHT01,h,CAG,1,0,0,regular,,
IN9194805070,cohej101,IN9,1,value,27,,,,,,,3,,,,,,,,,,,,,1,,,1,,1,19480507,0,IND10,h,CAG,1,0,0,regular,,
MEM194805091,cathw101,IN9,1,value,,,,,,,,,,,,,,,,,,,,,,1,,1,,,19480509,1,MEM02,v,MEM,0,1,0,regular,,
MEM194805091,willj112,IN9,2,value,,,,,,,,,,,,,,,,,,,,,,,,,1,,19480509,1,MEM02,v,MEM,0,1,0,regular,,
MEM194805091,carts102,MEM,2,value,6,,,,,,,0,0,,,,,,,,,,,,,,,,1,,19480509,1,MEM02,h,IN9,1,0,0,regular,,
MEM194805091,mathv101,MEM,1,value,21,,,,,,,3,,,,,,,,,,,,,1,,,1,,,19480509,1,MEM02,h,IN9,1,0,0,regular,,
MEM194805092,cohej101,IN9,1,value,21,,,5,,,,2,,,,,,,,,,,,,1,,,1,,1,19480509,2,MEM02,v,MEM,1,0,0,regular,,
MEM194805092,sharp101,MEM,1,value,,,,,,,,,,,,,,,,,,,,,,,,1,,,19480509,2,MEM02,h,IN9,0,1,0,regular,,
MEM194805092,woods103,MEM,2,value,,,,,,,,,,,,,,,,,,,,,,,,,1,,19480509,2,MEM02,h,IN9,0,1,0,regular,,
MEM194805120,bennj102,IN9,1,value,,,,,,,,,,,,,,,,,,,,,,,,1,,,19480512,0,MEM02,v,MEM,0,0,1,regular,,
MEM194805120,cabrl101,IN9,3,value,,,,,,,,,,,,,,,,,,,,,,,,,1,,19480512,0,MEM02,v,MEM,0,0,1,regular,,
MEM194805120,velaj101,IN9,2,value,,,,,,,,,,,,,,,,,,,,,,,,,,,19480512,0,MEM02,v,MEM,0,0,1,regular,,
MEM194805120,carts102,MEM,3,value,3,,,,,,,,,,,,,,,,,,,,,,,,1,,19480512,0,MEM02,h,IN9,0,0,1,regular,,
MEM194805120,sancr102,MEM,1,value,,,,,,,,,,,,,,,,,,,,,,,,1,,,19480512,0,MEM02,h,IN9,0,0,1,regular,,
MEM194805120,woods103,MEM,2,value,,,,,,,,,,,,,,,,,,,,,,,,,,,19480512,0,MEM02,h,IN9,0,0,1,regular,,
MEM194805130,blaib103,IN9,1,value,12,,,,,,,7,,,,,,,,,,,,,,,,1,,,19480513,0,LRK02,v,MEM,0,0,1,regular,,
MEM194805130,willj112,IN9,2,value,15,,,,,,,0,,,,,,,,,,,,,,,,,1,,19480513,0,LRK02,v,MEM,0,0,1,regular,,
MEM194805130,mathv101,MEM,1,value,21,,,,,,,5,,,,,,,,,,,,,,,,1,,,19480513,0,LRK02,h,IN9,0,0,1,regular,,
MEM194805130,whitl101,MEM,2,value,6,,,,,,,1,,,,,,,,,,,,,,,,,1,,19480513,0,LRK02,h,IN9,0,0,1,regular,,
MEM194805140,cathw101,IN9,1,value,27,,,10,,,,4,,,,,,,,,,,,,1,,,1,,1,19480514,0,MEM02,v,MEM,1,0,0,regular,,
MEM194805140,carts102,MEM,2,value,,,,,,,,,,,,,,,,,,,,,,,,,1,,19480514,0,MEM02,h,IN9,0,1,0,regular,,
MEM194805140,welli101,MEM,1,value,,,,,,,,,,,,,,,,,,,,,,,,1,,,19480514,0,MEM02,h,IN9,0,1,0,regular,,
BIR194805161,cabrl101,IN9,1,value,24,,33,7,,,1,5,,0,,2,2,0,0,0,,,,,,1,,1,,1,19480516,1,BIR01,v,BIR,0,1,0,regular,y,
BIR194805161,poweb103,BIR,1,value,27,,36,8,,,0,0,0,4,,9,0,0,0,0,,,,,1,,,1,,1,19480516,1,BIR01,h,IN9,1,0,0,regular,y,
BIR194805162,willj112,IN9,1,value,15,,29,7,,,0,9,,4,,0,0,0,0,0,,,,,,1,,1,,1,19480516,2,BIR01,v,BIR,0,1,0,regular,y,
BIR194805162,hearj103,BIR,1,value,1,,6,4,,,0,2,2,0,,0,0,0,0,1,,,,,,,,1,,,19480516,2,BIR01,h,IN9,1,0,0,regular,y,
BIR194805162,newbj101,BIR,2,value,17,,21,3,,,0,2,,1,,3,0,0,0,1,,,,,1,,,,1,,19480516,2,BIR01,h,IN9,1,0,0,regular,y,
BIR194805180,cohej101,IN9,1,value,13,0,23,9,3,1,0,7,6,1,0,2,0,0,0,0,0,0,1,0,,1,,1,,,19480518,0,BIR01,v,BIR,0,1,0,regular,y,d
BIR194805180,cathw101,IN9,2,value,11,0,17,4,1,0,1,2,1,1,0,4,0,0,0,0,0,0,0,0,,,,,1,,19480518,0,BIR01,v,BIR,0,1,0,regular,y,d
BIR194805180,perra101,BIR,1,value,27,0,36,8,2,1,1,3,3,3,0,5,0,0,0,1,0,0,1,0,1,,,1,,1,19480518,0,BIR01,h,IN9,1,0,0,regular,y,d
BIR194805190,cabrl101,IN9,1,value,24,,,12,,,,9,,,,,,,,,,,,,,1,,1,,1,19480519,0,NSH02,v,BIR,0,1,0,regular,,
BIR194805190,polln102,BIR,1,value,27,,,10,,,,3,,,,,,,,,,,,,1,,,1,,1,19480519,0,NSH02,h,IN9,1,0,0,regular,,
IN9194805200,poweb103,BIR,1,value,27,,,7,,,,4,,,,,,,,,,,,,1,,,1,,1,19480520,0,IND10,v,IN9,1,0,0,regular,,
IN9194805200,garca101,IN9,1,value,27,,,6,,,,8,,,,,,,,,,,,,,1,,1,,1,19480520,0,IND10,h,BIR,0,1,0,regular,,
IN9194805210,newbj101,BIR,1,value,51,,,7,,,,0,,,,,,,,,,,,,1,,,1,,1,19480521,0,CEN01,v,IN9,1,0,0,regular,,
IN9194805210,velaj101,IN9,1,value,51,,,11,,,,6,,2,,,,,,,,,,,,1,,1,,1,19480521,0,CEN01,h,BIR,0,1,0,regular,,
KCM194805231,cabrl101,IN9,1,value,27,,42,12,,,0,5,,7,,2,0,1,0,0,,,,,1,,,1,,1,19480523,1,KAN05,v,KCM,1,0,0,regular,y,
KCM194805231,johnc103,KCM,2,value,6,,11,3,,,0,2,,2,,1,0,0,0,0,,,,,,,,,,,19480523,1,KAN05,h,IN9,0,1,0,regular,y,
KCM194805231,johnl108,KCM,1,value,18,,30,9,,,0,8,,3,,0,0,0,0,1,,,,,,1,,1,,,19480523,1,KAN05,h,IN9,0,1,0,regular,y,
KCM194805231,smith111,KCM,3,value,3,,5,2,,,0,2,,0,,0,0,0,0,1,,,,,,,,,1,,19480523,1,KAN05,h,IN9,0,1,0,regular,y,
KCM194805232,willj112,IN9,1,value,21,,32,5,,,0,5,5,4,,1,0,0,0,0,,,,,,,,1,,1,19480523,2,KAN05,v,KCM,0,0,1,regular,y,
KCM194805232,collg101,KCM,2,value,5,,6,0,,,0,0,0,0,,2,0,0,0,1,,,,,,,,,1,,19480523,2,KAN05,h,IN9,0,0,1,regular,y,
KCM194805232,richg102,KCM,1,value,16,,24,8,,,0,5,,1,,1,0,0,0,1,,,,,,,,1,,,19480523,2,KAN05,h,IN9,0,0,1,regular,y,
KCM194805240,cohej101,IN9,1,value,24,0,35,7,0,1,0,4,2,3,0,2,0,0,0,0,0,2,0,0,,1,,1,,1,19480524,0,KAN05,v,KCM,0,1,0,regular,y,d
KCM194805240,collg101,KCM,1,value,27,0,39,5,2,1,0,2,2,7,0,11,0,0,0,0,0,0,0,0,1,,,1,,1,19480524,0,KAN05,h,IN9,1,0,0,regular,y,d
KCM194805250,cathw101,IN9,1,value,24,0,44,15,3,0,2,12,9,2,0,6,0,0,0,0,0,3,0,0,,1,,1,,1,19480525,0,STJ01,v,KCM,0,1,0,regular,y,d
KCM194805250,lamaj102,KCM,1,value,27,0,37,10,0,1,0,6,6,1,0,4,0,0,0,0,0,0,0,1,1,,,1,,1,19480525,0,STJ01,h,IN9,1,0,0,regular,y,d
KCM194805260,velaj101,IN9,1,value,24,0,34,7,0,1,0,4,4,3,0,1,0,0,0,0,0,4,0,0,,1,,1,,1,19480526,0,WIC01,v,KCM,0,1,0,regular,y,d
KCM194805260,smitf107,KCM,1,value,27,0,34,7,2,0,0,3,0,0,0,7,0,0,0,0,0,1,0,0,1,,,1,,1,19480526,0,WIC01,h,IN9,1,0,0,regular,y,d
KCM194805270,blaib103,IN9,2,value,12,,17,2,,,0,2,,3,,,0,0,0,0,,,,,,,,,1,,19480527,0,WIC01,v,KCM,0,1,0,regular,y,
KCM194805270,garca101,IN9,1,value,12,,32,15,,,0,16,,5,,,0,0,0,0,,,,,,1,,1,,,19480527,0,WIC01,v,KCM,0,1,0,regular,y,
KCM194805270,johnc103,KCM,2,value,4,,5,0,,,0,0,,1,,,0,0,0,0,,,,,,,,,1,,19480527,0,WIC01,h,IN9,1,0,0,regular,y,
KCM194805270,johnl108,KCM,1,value,23,,44,15,,,1,12,,5,,,0,0,0,0,,,,,1,,,1,,,19480527,0,WIC01,h,IN9,1,0,0,regular,y,
KCM194805280,cabrl101,IN9,1,value,27,0,36,6,1,1,0,3,3,3,0,7,0,0,0,1,0,0,0,0,1,,,1,,1,19480528,0,KAN05,v,KCM,1,0,0,regular,y,d
KCM194805280,richg102,KCM,1,value,7,0,13,7,0,0,0,3,3,0,0,0,0,0,0,0,0,0,0,0,,1,,1,,,19480528,0,KAN05,h,IN9,0,1,0,regular,y,d
KCM194805280,smith111,KCM,2,value,20,0,28,5,0,1,0,4,4,4,0,3,0,0,0,1,0,1,0,0,,,,,1,,19480528,0,KAN05,h,IN9,0,1,0,regular,y,d
KCM194805300,cohej101,IN9,1,value,27,0,37,12,2,1,0,7,7,1,0,0,0,0,0,0,0,0,0,0,1,,,1,,1,19480530,0,DAV01,v,KCM,1,0,0,regular,y,d
KCM194805300,collg101,KCM,1,value,27,0,46,9,1,0,0,9,5,7,0,10,1,1,0,2,0,0,0,0,,1,,1,,1,19480530,0,DAV01,h,IN9,0,1,0,regular,y,d
KCM194805311,velaj101,IN9,1,value,24,,36,9,,,1,4,,3,,,0,0,0,0,,,,,,1,,1,,1,19480531,1,STL07,v,KCM,0,1,0,regular,y,
KCM194805311,smitf107,KCM,1,value,27,,37,8,,,0,2,,1,,,0,0,0,0,,,,,1,,,1,,1,19480531,1,STL07,h,IN9,1,0,0,regular,y,
KCM194805312,cathw101,IN9,1,value,18,,32,11,,,0,9,,2,,,0,0,0,0,,,,,,1,,1,,1,19480531,2,STL07,v,KCM,0,1,0,regular,y,
KCM194805312,lamaj102,KCM,1,value,21,,27,5,,,0,2,,1,,,0,0,0,0,,,,,1,,,1,,1,19480531,2,STL07,h,IN9,1,0,0,regular,y,
IN9194806010,richg102,KCM,1,value,27,,,5,,,,0,,,,,,,,,,,,,1,,,1,,1,19480601,0,IND10,v,IN9,1,0,0,regular,,
IN9194806010,cabrl101,IN9,1,value,27,,,7,,,1,2,1,,,,,,,,1,,,,,1,,1,,1,19480601,0,IND10,h,KCM,0,1,0,regular,,
IN9194806020,collg101,KCM,3,value,6,,,,,,,,,,,,,,,,,,,,,,,,1,,19480602,0,COL05,v,IN9,0,1,0,regular,,
IN9194806020,johnl108,KCM,1,value,9,,,,,,,,,,,,,,,,,,,,,1,,1,,,19480602,0,COL05,v,IN9,0,1,0,regular,,
IN9194806020,smith111,KCM,2,value,9,,,,,,,,,,,,,,,,,,,,,,,,,,19480602,0,COL05,v,IN9,0,1,0,regular,,
IN9194806020,willj112,IN9,1,value,27,,,11,,,1,7,,,,,,,,,,,,,1,,,1,,1,19480602,0,COL05,h,KCM,1,0,0,regular,,
CAG194806061,cabrl101,IN9,1,value,27,,,6,,,,2,2,,,,,,,,,,,,1,,,1,,1,19480606,1,CHI10,v,CAG,1,0,0,regular,,
CAG194806061,ortir102,CAG,1,value,27,,,11,,,1,4,4,,,,,,,1,,,,,,1,,1,,1,19480606,1,CHI10,h,IN9,0,1,0,regular,,
CAG194806062,willj112,IN9,1,value,19,,,7,2,1,,5,,1,,,,,,,,,,,,1,,1,,1,19480606,2,CHI10,v,CAG,0,1,0,regular,,
CAG194806062,vargr101,CAG,1,value,21,,,6,,,1,4,,0,,6,,,,,,,,,1,,,1,,1,19480606,2,CHI10,h,IN9,1,0,0,regular,,
IN9194806080,bumpe101,CAG,3,value,,,,,,,,,,,,,,,,,,,,,,,,,1,,19480608,0,TOL05,v,IN9,0,1,0,regular,,
IN9194806080,rhodh101,CAG,1,value,,,,,,,,,,,,,,,,,,,,,,1,,1,,,19480608,0,TOL05,v,IN9,0,1,0,regular,,
IN9194806080,smitt106,CAG,2,value,,,,,,,,,,,,,,,,,,,,,,,,,,,19480608,0,TOL05,v,IN9,0,1,0,regular,,
IN9194806080,porta103,IN9,1,value,27,,,13,,,2,8,,,,,,,,,,,,,1,,,1,,1,19480608,0,TOL05,h,CAG,1,0,0,regular,,
IN9194806090,jessg101,CAG,1,value,27,,,4,,,,2,,,,,,,,,,,,,1,,,1,,1,19480609,0,IND10,v,IN9,1,0,0,regular,,
IN9194806090,cabrl101,IN9,1,value,27,,,10,,,,3,,,,,,,,,,,,,,1,,1,,1,19480609,0,IND10,h,CAG,0,1,0,regular,,
IN9194806100,lockc102,CAG,1,value,27,,,9,,,,1,,,,,,,,,,,,,1,,,1,,1,19480610,0,LIM01,v,IN9,1,0,0,regular,,
IN9194806100,cathw101,IN9,1,value,27,,,17,,,1,9,,0,,13,,,,,,,,,,1,,1,,1,19480610,0,LIM01,h,CAG,0,1,0,regular,,
IN9194806131,woods103,MEM,1,value,24,,,9,2,,1,7,,,,,,,,,,,,,,1,,1,,1,19480613,1,IND10,v,IN9,0,1,0,regular,,
IN9194806131,porta103,IN9,1,value,24,,,,,,,,,,,,,,,,,,,,1,,,1,,,19480613,1,IND10,h,MEM,1,0,0,regular,,
IN9194806131,willj112,IN9,2,value,3,,,,,,,,,,,,,,,,,,,,,,1,,1,,19480613,1,IND10,h,MEM,1,0,0,regular,,
IN9194806132,evanf101,MEM,1,value,3,,,,,,,,,,,,,,,,,,,,,1,,1,,,19480613,2,IND10,v,IN9,0,1,0,regular,,
IN9194806132,mathv101,MEM,2,value,15,,,,,,,,,,,,,,,,,,,,,,,,1,,19480613,2,IND10,v,IN9,0,1,0,regular,,
IN9194806132,cohej101,IN9,1,value,21,,,3,,,,0,,,,,,,,,,,,,1,,,1,,1,19480613,2,IND10,h,MEM,1,0,0,regular,,
IN9194806140,sharp101,MEM,1,value,27,,,5,,,,1,,,,,,,,,,,,,1,,,1,,1,19480614,0,COL05,v,IN9,1,0,0,regular,,
IN9194806140,cathw101,IN9,2,value,9,,,,,,,,,,,,,,,,,,,,,,,,1,,19480614,0,COL05,h,MEM,0,1,0,regular,,
IN9194806140,velaj101,IN9,1,value,18,,,,,,,,,,,,,,,,,,,,,1,,1,,,19480614,0,COL05,h,MEM,0,1,0,regular,,
IN9194806170,gaicu101,MEM,1,value,6,,,,,,1,,,,,,,,,,,,,,,1,,1,,,19480617,0,IND10,v,IN9,0,1,0,regular,,
IN9194806170,morgs101,MEM,2,value,12,,,,,,,,,,,,,,,,,,,,,,,,,,19480617,0,IND10,v,IN9,0,1,0,regular,,
IN9194806170,woods103,MEM,3,value,6,,,,,,,,,,,,,,,,,,,,,,,,1,,19480617,0,IND10,v,IN9,0,1,0,regular,,
IN9194806170,cabrl101,IN9,1,value,27,,,8,,,,1,,,,,,,,,,,,,1,,,1,,1,19480617,0,IND10,h,MEM,1,0,0,regular,,
IN9194806190,clarw103,CVB,1,value,24,,,9,,,1,4,,,,,,,,,,,,,,1,,1,,1,19480619,0,IND10,v,IN9,0,1,0,regular,,
IN9194806190,porta103,IN9,1,value,27,,,4,,,,1,,,,,,,,,,,,,1,,,1,,1,19480619,0,IND10,h,CVB,1,0,0,regular,,
IN9194806201,brewc102,CVB,1,value,30,,,1,1,,,4,,,,,,,,,,,,,1,,,1,,1,19480620,1,LOU05,v,IN9,1,0,0,regular,,
IN9194806201,cohej101,IN9,1,value,,,,,,,,,,,,,,,,,,,,,,,,1,,,19480620,1,LOU05,h,CVB,0,1,0,regular,,
IN9194806201,willj112,IN9,2,value,,,,,,,,,,,,,,,,,,,,,,,,,1,,19480620,1,LOU05,h,CVB,0,1,0,regular,,
IN9194806202,breme101,CVB,1,value,24,,,,,,1,7,,,,,,,,,,,,,,1,,1,,1,19480620,2,LOU05,v,IN9,0,1,0,regular,,
IN9194806202,cabrl101,IN9,1,value,27,,,,,,,3,,,,,,,,,,,,,1,,,1,,1,19480620,2,LOU05,h,CVB,1,0,0,regular,,
IN9194806220,jones105,CVB,1,value,27,,,6,,,,2,,,,,,,,,,,,,1,,,1,,1,19480622,0,COL05,v,IN9,1,0,0,regular,,
IN9194806220,cathw101,IN9,1,value,21,,,,,,,4,,,,,,,,,,,,,,1,,1,,,19480622,0,COL05,h,CVB,0,1,0,regular,,
IN9194806220,gibbw101,IN9,2,value,3,,,,,,,,,,,,,,,,,,,,,,,,,,19480622,0,COL05,h,CVB,0,1,0,regular,,
IN9194806220,velaj101,IN9,3,value,3,,,,,,,,,,,,,,,,,,,,,,,,1,,19480622,0,COL05,h,CVB,0,1,0,regular,,
IN9194806230,clarw103,CVB,1,value,27,,,9,,,1,6,,,,,,,,,,,,,1,,,1,,1,19480623,0,DAY03,v,IN9,1,0,0,regular,,
IN9194806230,porta103,IN9,2,value,3,,,,,,,,,,,,,,,,,,,,,,,,1,,19480623,0,DAY03,h,CVB,0,1,0,regular,,
IN9194806230,willj112,IN9,1,value,24,,,,,,1,,,,,,,,,,,,,,,,,1,,,19480623,0,DAY03,h,CVB,0,1,0,regular,,
BIR194806250,gibbw101,IN9,2,value,,,,,,,,,,,,,,,,,,,,,,,,,1,,19480625,0,CHT01,v,BIR,0,1,0,regular,,
BIR194806250,whitl101,IN9,1,value,,,,,,,,,,,,,,,,,,,,,,,,1,,,19480625,0,CHT01,v,BIR,0,1,0,regular,,
BIR194806250,newbj101,BIR,2,value,27,,,,,,,1,,2,,6,,,,,,,,,1,,,,1,,19480625,0,CHT01,h,IN9,1,0,0,regular,,
BIR194806250,polln102,BIR,1,value,1,,,,,,,,,,,,,,,,,,,,,,,1,,,19480625,0,CHT01,h,IN9,1,0,0,regular,,
BIR194806271,cathw101,IN9,1,value,24,0,34,9,0,2,0,5,5,2,0,4,2,0,0,0,0,0,1,0,,1,,1,,1,19480627,1,BIR01,v,BIR,0,1,0,regular,y,d
BIR194806271,greab101,BIR,1,value,27,0,33,4,1,0,0,0,0,3,0,5,0,0,0,1,0,0,0,0,1,,,1,,1,19480627,1,BIR01,h,IN9,1,0,0,regular,y,d
BIR194806272,cabrl101,IN9,1,value,4,0,9,4,0,0,0,3,2,0,0,1,0,0,0,0,0,0,0,0,,1,,1,,,19480627,2,BIR01,v,BIR,0,1,0,regular,y,d
BIR194806272,cohej101,IN9,2,value,14,0,22,6,2,0,0,2,2,3,0,0,0,1,0,0,0,0,0,0,,,,,1,,19480627,2,BIR01,v,BIR,0,1,0,regular,y,d
BIR194806272,poweb103,BIR,1,value,21,0,25,3,0,0,0,2,2,1,0,7,0,0,0,0,0,0,0,0,1,,,1,,1,19480627,2,BIR01,h,IN9,1,0,0,regular,y,d
BIR194806290,porta103,IN9,1,value,28,,,9,,,,6,,,,,,,,,,,,,,1,,1,,1,19480629,0,GRE02,v,BIR,0,1,0,regular,,
BIR194806290,perra101,BIR,1,value,30,,,8,,,,5,,,,,,,,,,,,,1,,,1,,1,19480629,0,GRE02,h,IN9,1,0,0,regular,,
BIR194806300,gibbw101,IN9,1,value,27,,,6,,,,2,,,,,,,,,,,,,1,,,1,,1,19480630,0,MTG01,v,BIR,1,0,0,regular,,
BIR194806300,wills104,BIR,1,value,27,,,11,,,,9,,,,,,,,,,,,,,1,,1,,1,19480630,0,MTG01,h,IN9,0,1,0,regular,,
BIR194807010,willj112,IN9,1,value,24,,38,11,2,0,2,7,,0,,4,2,0,0,1,,,,,,1,,1,,1,19480701,0,BIR01,v,BIR,0,1,0,regular,y,
BIR194807010,newbj101,BIR,1,value,27,,43,8,0,1,0,3,,4,,6,0,0,0,0,,,,,1,,,1,,1,19480701,0,BIR01,h,IN9,1,0,0,regular,y,
CVB194807030,cohej101,IN9,1,value,24,,,9,,,1,5,,,,,,,,,,,,,,1,,1,,1,19480703,0,COL05,v,CVB,0,1,0,regular,,
CVB194807030,browj114,CVB,1,value,27,,,6,,,1,3,,,,,,,,,,,,,1,,,1,,1,19480703,0,COL05,h,IN9,1,0,0,regular,,
CVB194807041,cabrl101,IN9,1,value,30,,,6,1,,,1,1,,,,,,,1,,,,,1,,,1,,1,19480704,1,CLE06,v,CVB,1,0,0,regular,,
CVB194807041,smite111,CVB,1,value,30,,,8,,,,3,1,1,,6,1,,,1,,,,,,1,,1,,1,19480704,1,CLE06,h,IN9,0,1,0,regular,,
CVB194807042,cathw101,IN9,1,value,21,2,,2,,,1,7,,,,,1,,,,,,,,,1,,1,,1,19480704,2,CLE06,v,CVB,0,1,0,regular,,
CVB194807042,porta103,IN9,2,value,0,2,,1,,,,0,,,,,,,,1,,,,,,,,,1,,19480704,2,CLE06,v,CVB,0,1,0,regular,,
CVB194807042,brewc102,CVB,1,value,21,,,,,,,5,,,,,,,,,,,,,,,,1,,,19480704,2,CLE06,h,IN9,1,0,0,regular,,
CVB194807042,jones105,CVB,2,value,3,,,,,,,1,0,1,,,,,,1,,,,,1,,,,1,,19480704,2,CLE06,h,IN9,1,0,0,regular,,
HOM194807070,cohej101,IN9,1,value,24,0,31,3,0,1,0,2,2,4,0,4,0,0,0,0,0,0,1,0,,1,,1,,1,19480707,0,PIT06,v,HOM,0,1,0,exhibition,y,d
HOM194807070,fielw101,HOM,1,value,27,0,32,2,0,0,0,1,0,3,0,6,0,0,0,0,0,0,0,0,1,,,1,,1,19480707,0,PIT06,h,IN9,1,0,0,exhibition,y,d
PH5194807081,whitl101,IN9,1,value,26,,37,11,,,0,4,,3,,2,0,0,0,1,,,,,,1,,1,,1,19480708,1,PHI11,v,PH5,0,1,0,exhibition,y,
PH5194807081,millh104,PH5,1,value,27,,40,9,,,1,3,,6,,6,1,0,0,0,,,,,1,,,1,,1,19480708,1,PHI11,h,IN9,1,0,0,exhibition,y,
PH5194807082,cathw101,IN9,2,value,18,,21,3,,,0,1,,1,,3,0,0,0,0,,,,,,,,,1,,19480708,2,PHI11,v,PH5,0,0,1,exhibition,y,
PH5194807082,gibbw101,IN9,1,value,9,,20,8,,,1,3,,3,,1,0,0,0,0,,,,,,,,1,,,19480708,2,PHI11,v,PH5,0,0,1,exhibition,y,
PH5194807082,browb107,PH5,2,value,19,,22,3,,,0,0,,0,,6,0,0,0,0,,,,,,,,,1,,19480708,2,PHI11,h,IN9,0,0,1,exhibition,y,
PH5194807082,rickb102,PH5,1,value,8,,14,4,,,0,4,,2,,1,0,0,0,0,,,,,,,,1,,,19480708,2,PHI11,h,IN9,0,0,1,exhibition,y,
BLG194807100,willj112,IN9,1,value,24,,32,6,,,0,3,,1,,3,1,0,0,1,,,,,,1,,1,,1,19480710,0,BAL14,v,BLG,0,1,0,exhibition,y,
BLG194807100,ferrt102,BLG,2,value,6,,7,0,,,0,0,,2,,0,0,0,0,0,,,,,,,,,1,,19480710,0,BAL14,h,IN9,1,0,0,exhibition,y,
BLG194807100,gainj102,BLG,1,value,21,,25,3,,,1,1,,2,,7,0,0,0,1,,,,,1,,,1,,,19480710,0,BAL14,h,IN9,1,0,0,exhibition,y,
NW2194807111,porta103,IN9,1,value,18,5,34,12,1,0,2,8,7,4,0,0,0,0,0,0,0,0,0,0,,1,,1,,,19480711,1,NWK04,v,NW2,0,1,0,exhibition,y,d
NW2194807111,gibbw101,IN9,2,value,6,0,8,1,0,0,0,1,1,1,0,0,0,0,0,0,0,0,0,0,,,,,1,,19480711,1,NWK04,v,NW2,0,1,0,exhibition,y,d
NW2194807111,cartj101,NW2,1,value,20,0,34,6,0,0,0,3,3,7,0,2,0,0,0,2,0,0,0,0,1,,,1,,,19480711,1,NWK04,h,IN9,1,0,0,exhibition,y,d
NW2194807111,goldc101,NW2,2,value,7,0,11,2,0,0,0,0,0,0,0,1,0,0,0,0,0,0,0,0,,,1,,1,,19480711,1,NWK04,h,IN9,1,0,0,exhibition,y,d
NW2194807112,cohej101,IN9,1,value,21,0,27,3,0,0,0,2,2,3,0,0,0,0,0,1,0,0,0,0,,,,1,,1,19480711,2,NWK04,v,NW2,0,0,1,exhibition,y,d
NW2194807112,lansw101,NW2,1,value,13,0,19,4,0,0,1,2,2,2,0,0,0,0,0,0,0,0,0,0,,,,1,,,19480711,2,NWK04,h,IN9,0,0,1,exhibition,y,d
NW2194807112,hookl101,NW2,2,value,8,0,8,0,0,0,0,0,0,1,0,0,0,0,0,0,0,0,0,0,,,,,1,,19480711,2,NWK04,h,IN9,0,0,1,exhibition,y,d
PH5194807130,gibbw101,IN9,1,value,24,,40,14,,,0,8,,2,,3,0,0,0,0,,,,,,1,,1,,1,19480713,0,WIL04,v,PH5,0,1,0,exhibition,y,
PH5194807130,browb107,PH5,1,value,27,,38,14,,,0,3,,1,,10,0,1,0,0,,,,,1,,,1,,1,19480713,0,WIL04,h,IN9,1,0,0,exhibition,y,
NY6194807150,cabrl101,IN9,1,value,21,,,,,,2,,,,,,,,,,,,,,,1,,1,,,19480715,0,NYC14,v,NY6,0,1,0,exhibition,,
NY6194807150,cohej101,IN9,2,value,3,,,,,,,,,,,,,,,,,,,,,,,,1,,19480715,0,NYC14,v,NY6,0,1,0,exhibition,,
NY6194807150,santj102,NY6,1,value,27,,,7,,,,2,,,,,,,,,,,,,1,,,1,,1,19480715,0,NYC14,h,IN9,1,0,0,exhibition,,
IN9194807170,stewr101,CAG,1,value,27,,,9,,,,5,,,,,,,,,,,,,1,,,1,,1,19480717,0,IND10,v,IN9,1,0,0,regular,,
IN9194807170,gibbw101,IN9,2,value,15,,,,,,,7,,,,,,,,,,,,,,1,,,1,,19480717,0,IND10,h,CAG,0,1,0,regular,,
IN9194807170,porta103,IN9,1,value,9,,,,,,,,,,,,,,,,,,,,,,,1,,,19480717,0,IND10,h,CAG,0,1,0,regular,,
CAG194807181,cohej101,IN9,1,value,35,,,6,,,,1,1,1,,,,,,,,,,,,1,,1,,1,19480718,1,CHI10,v,CAG,0,1,0,regular,,
CAG194807181,rhodh101,CAG,1,value,36,,,10,1,,,0,0,,,,,,,,,,,,1,,,1,,1,19480718,1,CHI10,h,IN9,1,0,0,regular,,
CAG194807182,willj112,IN9,1,value,21,,,4,,,1,2,,,,,,,,,,,,,1,,,1,,1,19480718,2,CHI10,v,CAG,1,0,0,regular,,
CAG194807182,jessg101,CAG,1,value,21,,,3,1,,,5,1,2,,,,,,,,,,,,1,,1,,1,19480718,2,CHI10,h,IN9,0,1,0,regular,,
IN9194807220,collg101,KCM,2,value,3,,,,,,,1,,,,,,,,,,,,,,,1,,1,,19480722,0,IND10,v,IN9,1,0,0,regular,,
IN9194807220,smith111,KCM,1,value,21,,,,,,,4,,,,,,,,,,,,,1,,,1,,,19480722,0,IND10,v,IN9,1,0,0,regular,,
IN9194807220,cohej101,IN9,1,value,1,,,,,,,,,,,,,,,,,,,,,1,,1,,,19480722,0,IND10,h,KCM,0,1,0,regular,,
IN9194807220,willj112,IN9,2,value,24,,,,,,,5,,,,,,,,,,,,,,,,,1,,19480722,0,IND10,h,KCM,0,1,0,regular,,
CAG194807230,cohej101,IN9,1,value,24,,,10,2,1,,4,4,1,,2,,,,,,,,,,1,,1,,1,19480723,0,CHI10,v,CAG,0,1,0,regular,,
CAG194807230,jessg101,CAG,1,value,27,,,5,,,,1,0,5,,2,,,,,,,,,1,,,1,,1,19480723,0,CHI10,h,IN9,1,0,0,regular,,
KCM194807251,porta103,IN9,1,value,24,0,35,8,0,0,2,4,4,2,0,4,0,1,0,0,0,0,0,1,,1,,1,,1,19480725,1,KAN05,v,KCM,0,1,0,regular,y,d
KCM194807251,collg101,KCM,1,value,27,0,38,1,0,0,0,0,0,9,0,8,0,1,0,1,0,0,0,1,1,,,1,,1,19480725,1,KAN05,h,IN9,1,0,0,regular,y,d
KCM194807252,cathw101,IN9,1,value,3,4,8,4,3,0,0,4,3,0,0,1,0,0,0,0,0,0,0,0,,1,,1,,,19480725,2,KAN05,v,KCM,0,1,0,regular,y,d
KCM194807252,godim101,IN9,2,value,15,0,21,8,1,2,0,4,4,0,0,1,0,0,0,0,0,0,0,0,,,,,,,19480725,2,KAN05,v,KCM,0,1,0,regular,y,d
KCM194807252,piggl101,IN9,3,value,0,0,0,0,0,0,0,0,0,0,0,0,0,0,0,0,0,0,0,0,,,,,1,,19480725,2,KAN05,v,KCM,0,1,0,regular,y,d
KCM194807252,lamaj102,KCM,1,value,21,0,28,5,1,0,0,1,1,2,0,1,0,0,0,0,0,0,0,0,1,,,1,,1,19480725,2,KAN05,h,IN9,1,0,0,regular,y,d
KCM194807261,willj112,IN9,1,value,24,,,15,,,1,9,,,,,,,,,,,,,,1,,1,,1,19480726,1,STL07,v,KCM,0,1,0,regular,,
KCM194807261,smitf107,KCM,1,value,27,,,12,,,,5,,,,,,,,,,,,,1,,,1,,1,19480726,1,STL07,h,IN9,1,0,0,regular,,
KCM194807262,whitl101,IN9,1,value,,,,,,,,,,,,,,,,,,,,,,1,,1,,,19480726,2,STL07,v,KCM,0,1,0,regular,,
KCM194807262,cathw101,IN9,2,value,,,,,,,,,,,,,,,,,,,,,,,,,,,19480726,2,STL07,v,KCM,0,1,0,regular,,
KCM194807262,gibbw101,IN9,3,value,,,,,,,,,,,,,,,,,,,,,,,,,1,,19480726,2,STL07,v,KCM,0,1,0,regular,,
KCM194807262,johnc103,KCM,1,value,21,,,7,,,,2,,,,,,,,,,,,,1,,,1,,1,19480726,2,STL07,h,IN9,1,0,0,regular,,
KCM194807270,cohej101,IN9,1,value,24,,32,8,1,1,0,5,,0,,3,0,0,0,0,,,,,,1,,1,,1,19480727,0,KAN05,v,KCM,0,1,0,regular,y,
KCM194807270,richg102,KCM,1,value,27,,41,8,0,0,0,4,,5,,11,0,0,0,0,,,,,1,,,1,,1,19480727,0,KAN05,h,IN9,1,0,0,regular,y,
KCM194807280,cathw101,IN9,2,value,19,,25,4,,,0,2,0,2,,5,0,0,0,0,,,,,1,,,,1,,19480728,0,STJ01,v,KCM,1,0,0,regular,y,
KCM194807280,whitl101,IN9,1,value,8,,18,7,,,0,6,2,2,,1,0,0,0,0,,,,,,,,1,,,19480728,0,STJ01,v,KCM,1,0,0,regular,y,
KCM194807280,lamaj102,KCM,2,value,6,,11,5,,0,0,2,2,0,,2,0,0,0,,,,,,,1,,,1,,19480728,0,STJ01,h,IN9,0,1,0,regular,y,
KCM194807280,smith111,KCM,1,value,21,,35,9,,0,0,7,5,3,,3,1,0,0,1,,,,,,,,1,,,19480728,0,STJ01,h,IN9,0,1,0,regular,y,
IN9194807300,boona101,CVB,3,value,3,,,,,,,0,,,,,,,,,,,,,,,,,1,,19480730,0,IND10,v,IN9,0,1,0,regular,,
IN9194807300,browj114,CVB,1,value,9,,,,,,,1,,,,,,,,,,,,,,1,,1,,,19480730,0,IND10,v,IN9,0,1,0,regular,,
IN9194807300,jones105,CVB,2,value,9,,,,,,,1,,,,,,,,,,,,,,,,,,,19480730,0,IND10,v,IN9,0,1,0,regular,,
IN9194807300,bennj102,IN9,1,value,27,,,12,,,,1,,,,,,,,,,,,,1,,,1,,1,19480730,0,IND10,h,CVB,1,0,0,regular,,
PH5194808022,cathw101,IN9,1,value,13,0,19,4,0,0,0,3,3,1,0,0,0,0,1,0,0,0,0,0,,,,1,,,19480802,2,PHI11,v,PH5,1,0,0,exhibition,y,d
PH5194808022,willj112,IN9,2,value,14,0,21,7,0,0,0,3,3,0,0,0,0,0,0,0,0,0,0,0,1,,,,1,,19480802,2,PHI11,v,PH5,1,0,0,exhibition,y,d
PH5194808022,browb107,PH5,1,value,3,0,5,2,0,0,0,0,0,0,0,1,0,0,0,0,0,0,0,0,,,,1,,,19480802,2,PHI11,h,IN9,0,1,0,exhibition,y,d
PH5194808022,harrw101,PH5,2,value,15,5,24,6,0,0,0,6,6,3,0,4,0,0,0,0,0,0,0,0,,,,,,,19480802,2,PHI11,h,IN9,0,1,0,exhibition,y,d
PH5194808022,mcheh101,PH5,3,value,9,0,12,3,1,0,0,1,1,0,0,1,0,0,0,0,0,0,0,0,,1,,,1,,19480802,2,PHI11,h,IN9,0,1,0,exhibition,y,d
HOM194808060,parkt101,HOM,1,value,27,,,7,1,,,4,,3,,,,,,,,,,,1,,,1,,1,19480806,0,WAS09,h,IN9,1,0,0,exhibition,,
BLG194808081,bennj102,IN9,1,value,6,,11,2,,,0,3,,3,,0,0,0,0,0,,,,,,,,1,,,19480808,1,BAL14,v,BLG,0,1,0,exhibition,y,
BLG194808081,godim101,IN9,3,value,7,,10,2,,,0,0,,1,,0,0,0,0,0,,,,,,1,,,1,,19480808,1,BAL14,v,BLG,0,1,0,exhibition,y,
BLG194808081,willj112,IN9,2,value,11,,21,6,,,0,7,,4,,3,0,0,0,0,,,,,,,,,,,19480808,1,BAL14,v,BLG,0,1,0,exhibition,y,
BLG194808081,wilma101,BLG,1,value,27,,37,8,,,0,5,,2,,7,0,0,0,0,,,,,1,,,1,,1,19480808,1,BAL14,h,IN9,1,0,0,exhibition,y,
BLG194808082,cathw101,IN9,2,value,1,,2,1,,,0,0,,0,,0,0,0,0,0,,,,,,,,,,,19480808,2,BAL14,v,BLG,0,1,0,exhibition,y,
BLG194808082,cohej101,IN9,1,value,18,,28,7,,,0,4,,1,,0,0,0,0,0,,,,,,1,,1,,,19480808,2,BAL14,v,BLG,0,1,0,exhibition,y,
BLG194808082,willj112,IN9,3,value,0,,1,1,,,0,0,,0,,0,0,0,0,0,,,,,,,,,1,,19480808,2,BAL14,v,BLG,0,1,0,exhibition,y,
BLG194808082,burke103,BLG,1,value,21,,31,4,,,0,3,,4,,3,0,0,0,0,,,,,1,,,1,,1,19480808,2,BAL14,h,IN9,1,0,0,exhibition,y,
HOM194808090,porta103,IN9,1,value,24,,,7,1,,,4,,,,,,,,,,,,,,1,,1,,1,19480809,0,PIT06,v,HOM,0,1,0,exhibition,,
HOM194808090,alext101,HOM,1,value,21,,,,,,,1,,,,,,,,,,,,,1,,,1,,,19480809,0,PIT06,h,IN9,1,0,0,exhibition,,
HOM194808090,tricb101,HOM,2,value,6,,,,,,,0,,,,,,,,,,,,,,,1,,1,,19480809,0,PIT06,h,IN9,1,0,0,exhibition,,
IN9194808140,lamaj102,KCM,1,value,27,,,4,,,,0,0,,,,,,,,,,,,1,,,1,,1,19480814,0,IND10,v,IN9,1,0,0,regular,,
IN9194808140,godim101,IN9,2,value,,,,,,,,,,,,,,,,,,,,,,,,,1,,19480814,0,IND10,h,KCM,0,1,0,regular,,
IN9194808140,willj112,IN9,1,value,,,,,,,,,,,,,,,,,,,,,,1,,1,,,19480814,0,IND10,h,KCM,0,1,0,regular,,
IN9194808151,johnc103,KCM,1,value,27,,,9,,,,1,,,,,,,,,,,,,1,,,1,,1,19480815,1,LOU05,v,IN9,1,0,0,regular,,
IN9194808151,cathw101,IN9,2,value,,,,,,,,,,,,,,,,,,,,,,,,,1,,19480815,1,LOU05,h,KCM,0,1,0,regular,,
IN9194808151,cohej101,IN9,1,value,,,,,,,,,,,,,,,,,,,,,,1,,1,,,19480815,1,LOU05,h,KCM,0,1,0,regular,,
IN9194808152,richg102,KCM,1,value,18,,,12,,,,3,,,,,,,,,,,,,,,,1,,1,19480815,2,LOU05,v,IN9,0,0,1,regular,,
IN9194808152,godim101,IN9,1,value,18,,,5,,,,3,,,,,,,,,,,,,,,,1,,1,19480815,2,LOU05,h,KCM,0,0,1,regular,,
IN9194808160,smitf107,KCM,1,value,27,,,9,,,,3,,,,,,,,,,,,,1,,,1,,1,19480816,0,DAY03,v,IN9,1,0,0,regular,,
IN9194808160,gibbw101,IN9,1,value,3,,,,,,,,,,,,,,,,,,,,,1,,1,,,19480816,0,DAY03,h,KCM,0,1,0,regular,,
IN9194808160,porta103,IN9,2,value,21,,,,,,,3,,,,,,,,,,,,,,,,,1,,19480816,0,DAY03,h,KCM,0,1,0,regular,,
IN9194808170,kimbl101,HOM,1,value,21,,,,,,,,,,,,,,,,,,,,1,,,1,,,19480817,0,COL05,v,IN9,1,0,0,exhibition,,
IN9194808170,parkt101,HOM,2,value,6,,,,,,,,,,,,,,,,,,,,,,1,,1,,19480817,0,COL05,v,IN9,1,0,0,exhibition,,
IN9194808170,cathw101,IN9,2,value,24,,,,,,,,,,,,,,,,,,,,,,,,1,,19480817,0,COL05,h,HOM,0,1,0,exhibition,,
IN9194808170,cohej101,IN9,1,value,3,,,,,,,,,,,,,,,,,,,,,1,,1,,,19480817,0,COL05,h,HOM,0,1,0,exhibition,,
IN9194808190,bumpe101,CAG,2,value,,,,,,,,,,,,,,,,,,,,,,,,,,,19480819,0,IND10,v,IN9,0,1,0,regular,,
IN9194808190,stewr101,CAG,1,value,,,,,,,,,,,,,,,,,,,,,,,,1,,,19480819,0,IND10,v,IN9,0,1,0,regular,,
IN9194808190,vargr101,CAG,3,value,,,,,,,,,,,,,,,,,,,,,,,,,1,,19480819,0,IND10,v,IN9,0,1,0,regular,,
IN9194808190,cathw101,IN9,2,value,,,,,,,,,,,,,,,,,,,,,1,,,,1,,19480819,0,IND10,h,CAG,1,0,0,regular,,
IN9194808190,cohej101,IN9,1,value,,,,,,,,,,,,,,,,,,,,,,,,1,,,19480819,0,IND10,h,CAG,1,0,0,regular,,
IN9194808200,rhodh101,CAG,2,value,3,,,,,,,1,,,,,,,,,,,,,,,,,,,19480820,0,COL05,v,IN9,0,1,0,regular,,
IN9194808200,shepf102,CAG,1,value,6,,,,,,,2,,,,,,,,,,,,,,1,,1,,,19480820,0,COL05,v,IN9,0,1,0,regular,,
IN9194808200,thomu104,CAG,3,value,9,,,,,,,2,,,,,,,,,,,,,,,,,1,,19480820,0,COL05,v,IN9,0,1,0,regular,,
IN9194808200,godim101,IN9,1,value,27,,,12,,,,5,,,,,,,,,,,,,1,,,1,,1,19480820,0,COL05,h,CAG,1,0,0,regular,,
IN9194808210,smitj112,NY5,1,value,24,,,6,,,,3,3,,,,,,,,,,,,,1,,1,,1,19480821,0,IND10,v,IN9,0,1,0,exhibition,,
IN9194808210,willj112,IN9,1,value,27,,,8,,,1,2,2,,,,,,,,,,,,1,,,1,,1,19480821,0,IND10,h,NY5,1,0,0,exhibition,,
IN9194808221,davic105,NY5,1,value,18,,,,,,,3,,,,,,,,,,,,,,1,,1,,,19480822,1,COL05,v,IN9,0,1,0,exhibition,,
IN9194808221,pearf104,NY5,2,value,3,,,,,,,1,,,,,,,,,,,,,,,,,1,,19480822,1,COL05,v,IN9,0,1,0,exhibition,,
IN9194808221,porta103,IN9,1,value,27,,,9,,,,4,4,,,,,,,,,,,,1,,,1,,1,19480822,1,COL05,h,NY5,1,0,0,exhibition,,
IN9194808240,davic105,NY5,2,value,9,,,,,,,3,3,,,,,,,,,,,,,,,,1,,19480824,0,RCI01,v,IN9,0,1,0,exhibition,,
IN9194808240,vierc101,NY5,1,value,12,,,,,,,2,2,,,,,,,,,,,,,1,,1,,,19480824,0,RCI01,v,IN9,0,1,0,exhibition,,
IN9194808240,godim101,IN9,1,value,27,,,14,,,,2,,,,,,,,,,,,,1,,,1,,1,19480824,0,RCI01,h,NY5,1,0,0,exhibition,,
IN9194808260,stann101,NY5,1,value,21,,,,,,,4,,,,,,,,,,,,,,,,1,,,19480826,0,IND10,v,IN9,0,1,0,exhibition,,
IN9194808260,stepa101,NY5,2,value,3,,,,,,,1,,,,,,,,,,,,,,1,,,1,,19480826,0,IND10,v,IN9,0,1,0,exhibition,,
IN9194808260,willj112,IN9,1,value,27,,,8,,,,4,,,,,,,,,,,,,1,,,1,,1,19480826,0,IND10,h,NY5,1,0,0,exhibition,,
IN9194808270,longe102,CVB,1,value,27,,,5,,,,2,,,,,,,,,,,,,1,,,1,,1,19480827,0,IND10,v,IN9,1,0,0,regular,,
IN9194808270,cohej101,IN9,1,value,27,,,12,,,,3,3,,,,,,,,,,,,,1,,1,,1,19480827,0,IND10,h,CVB,0,1,0,regular,,
MEM194808291,porta103,IN9,1,value,27,,,6,,,,1,,,,,,,,,,,,,1,,,1,,1,19480829,1,MEM02,v,MEM,1,0,0,regular,,
MEM194808291,evanf101,MEM,1,value,27,,,11,,,,4,4,,,,,,,,,,,,,1,,1,,1,19480829,1,MEM02,h,IN9,0,1,0,regular,,
MEM194808292,gibbw101,IN9,1,value,3,,,,,,1,5,5,,,,,,,,,,,,,,,1,,,19480829,2,MEM02,v,MEM,0,0,1,regular,,
MEM194808292,willj112,IN9,2,value,,,,,,,,0,0,,,,,,,,,,,,,,,,1,,19480829,2,MEM02,v,MEM,0,0,1,regular,,
MEM194808292,morgs101,MEM,1,value,3,,,,,,,3,3,,,,,,,,,,,,,,,1,,,19480829,2,MEM02,h,IN9,0,0,1,regular,,
MEM194808292,sharp101,MEM,2,value,,,,,,,,,,,,,,,,,,,,,,,,,,,19480829,2,MEM02,h,IN9,0,0,1,regular,,
MEM194808292,woods103,MEM,3,value,,,,,,,,,,,,,,,,,,,,,,,,,1,,19480829,2,MEM02,h,IN9,0,0,1,regular,,
IN9194808300,keyer101,MEM,1,value,27,,,5,,,,0,0,,,,,,,,,,,,1,,,1,,1,19480830,0,LRK02,v,IN9,1,0,0,regular,,
IN9194808300,willj112,IN9,1,value,27,,,11,,,,7,,,,,,,,,,,,,,1,,1,,1,19480830,0,LRK02,h,MEM,0,1,0,regular,,
MEM194808310,cathw101,IN9,1,value,27,,,3,,,,0,0,,,,,,,,,,,,1,,,1,,1,19480831,0,GRE02,v,MEM,1,0,0,regular,,
MEM194808310,sharp101,MEM,1,value,27,,,11,,,1,6,,,,,,,,,,,,,,1,,1,,1,19480831,0,GRE02,h,IN9,0,1,0,regular,,
MEM194809010,gibbw101,IN9,1,value,27,,,6,,,,2,,,,,,,,,,,,,1,,,1,,1,19480901,0,GRE01,v,MEM,1,0,0,regular,,
MEM194809010,woods103,MEM,1,value,27,,,9,,,,4,,,,,,,,,,,,,,1,,1,,1,19480901,0,GRE01,h,IN9,0,1,0,regular,,
MEM194809020,cohej101,IN9,1,value,24,,,9,,,,3,,,,,,,,,,,,,,1,,1,,1,19480902,0,MEM02,v,MEM,0,1,0,regular,,
MEM194809020,mathv101,MEM,1,value,27,,,6,,,,1,,,,,,,,,,,,,1,,,1,,1,19480902,0,MEM02,h,IN9,1,0,0,regular,,
HOM194809051,porta103,IN9,1,value,7,0,15,7,0,0,0,5,4,1,0,1,0,0,0,0,0,1,0,0,,1,,1,,,19480905,1,WAS09,v,HOM,0,1,0,exhibition,y,d
HOM194809051,cathw101,IN9,2,value,17,0,28,6,0,0,0,3,3,2,0,2,0,0,0,1,0,3,0,1,,,,,1,,19480905,1,WAS09,v,HOM,0,1,0,exhibition,y,d
HOM194809051,evanc102,HOM,1,value,23,0,36,9,0,0,0,4,4,4,0,1,0,0,0,0,0,0,0,0,1,,,1,,,19480905,1,WAS09,h,IN9,1,0,0,exhibition,y,d
HOM194809051,tricb101,HOM,2,value,4,0,3,0,0,0,0,0,0,0,0,1,0,0,0,0,0,0,0,0,,,1,,1,,19480905,1,WAS09,h,IN9,1,0,0,exhibition,y,d
NW2194809062,porta103,IN9,1,value,21,0,29,7,0,0,0,3,2,1,0,0,0,0,0,0,0,2,0,0,1,,,1,,1,19480906,2,NWK04,v,NW2,1,0,0,exhibition,y,d
NW2194809062,lansw101,NW2,1,value,15,2,22,3,0,2,0,5,3,3,0,0,0,0,0,1,0,0,1,0,,1,,1,,,19480906,2,NWK04,h,IN9,0,1,0,exhibition,y,d
NW2194809062,goldc101,NW2,2,value,6,0,12,4,1,0,0,5,4,2,0,0,0,0,0,0,0,0,0,0,,,,,1,,19480906,2,NWK04,h,IN9,0,1,0,exhibition,y,d
NY6194809061,cohej101,IN9,1,value,24,,,9,,,2,6,,,,,,,,,,,,,,1,,1,,1,19480906,1,NYC14,v,NY6,0,1,0,exhibition,,
NY6194809061,loper102,NY6,1,value,27,,,4,,,1,3,,,,,,,,,,,,,1,,,1,,1,19480906,1,NYC14,h,IN9,1,0,0,exhibition,,
PH5194809082,godim101,IN9,1,value,2,0,9,7,1,1,2,6,6,0,0,0,0,0,0,0,0,0,0,0,,1,,1,,,19480908,2,PHI11,v,PH5,0,1,0,exhibition,y,d
PH5194809082,cathw101,IN9,2,value,22,0,27,5,0,0,1,2,2,0,0,0,0,0,0,0,0,0,0,0,,,,,1,,19480908,2,PHI11,v,PH5,0,1,0,exhibition,y,d
PH5194809082,browb107,PH5,1,value,27,0,33,4,0,0,0,1,0,0,0,0,0,0,0,1,0,0,0,0,1,,,1,,1,19480908,2,PHI11,h,IN9,1,0,0,exhibition,y,d
IN9194809090,collg101,KCM,1,value,27,,,8,,,1,4,,,,,,,,,,,,,1,,,1,,1,19480909,0,NWC01,v,IN9,1,0,0,regular,,
IN9194809090,cathw101,IN9,2,value,,,,,,,,,,,,,,,,,,,,,,,,,1,,19480909,0,NWC01,h,KCM,0,1,0,regular,,
IN9194809090,garca101,IN9,1,value,,,,,,,,,,,,,,,,,,,,,,1,,1,,,19480909,0,NWC01,h,KCM,0,1,0,regular,,
CAG194809121,cohej101,IN9,1,value,27,,,12,,,,10,,,,,,,,,,,,,,1,,1,,1,19480912,1,CHI10,v,CAG,0,1,0,exhibition,,
CAG194809121,stewr101,CAG,1,value,27,,,9,,,,2,,,,,,,,,,,,,1,,,1,,1,19480912,1,CHI10,h,IN9,1,0,0,exhibition,,
CAG194809122,cathw101,IN9,2,value,6,,,1,,,1,3,,,,,,1,,,,,,,,1,,,1,,19480912,2,CHI10,v,CAG,0,1,0,exhibition,,
CAG194809122,willj112,IN9,1,value,9,,,,,,1,5,,,,,,,,,,,,,,,,1,,,19480912,2,CHI10,v,CAG,0,1,0,exhibition,,
CAG194809122,bumpe101,CAG,2,value,9,,,,,,,0,0,,,,,,,,,,,,,,,,1,,19480912,2,CHI10,h,IN9,1,0,0,exhibition,,
CAG194809122,shepf102,CAG,1,value,12,,,2,,,,5,,2,,,,,,,,,,,1,,,1,,,19480912,2,CHI10,h,IN9,1,0,0,exhibition,,
