gid,id,team,b_lp,b_seq,stattype,b_pa,b_ab,b_r,b_h,b_d,b_t,b_hr,b_rbi,b_sh,b_sf,b_hbp,b_w,b_iw,b_k,b_sb,b_cs,b_gdp,b_xi,b_roe,dh,ph,pr,date,number,site,vishome,opp,win,loss,tie,gametype,box,pbp
KCM194909070,newka101,NY6,,1,value,,,,,,,,,,,,,,,,,,,,,,,19490907,0,HAN01,v,KCM,0,1,0,exhibition,,
KCM194909070,loudl101,NY6,,1,value,,,,,,,,,,,,,,,,,,,,,,,19490907,0,HAN01,v,KCM,0,1,0,exhibition,,
KCM194909070,duncm101,KCM,,1,value,,,,,,,,,,,,,,,,,,,,,,,19490907,0,HAN01,h,NY6,1,0,0,exhibition,,
KCM194909070,clifl101,KCM,,1,value,,,,,,,,,,,,,,,,,,,,,,,19490907,0,HAN01,h,NY6,1,0,0,exhibition,,
