gid,id,team,b_lp,b_seq,stattype,b_pa,b_ab,b_r,b_h,b_d,b_t,b_hr,b_rbi,b_sh,b_sf,b_hbp,b_w,b_iw,b_k,b_sb,b_cs,b_gdp,b_xi,b_roe,dh,ph,pr,date,number,site,vishome,opp,win,loss,tie,gametype,box,pbp,eject
IN4191505090,jennt101,CG1,1,1,value,4,4,0,0,0,0,0,0,0,,0,0,0,,0,,,0,,,,,19150509,0,IND09,v,IN4,0,1,0,exhibition,y,,
CAG192106190,jennt101,CG1,3,1,value,4,4,0,1,0,0,0,0,0,0,0,0,0,0,0,0,0,0,0,,,,19210619,0,CHI09,v,CAG,0,1,0,regular,y,y,
CAG192106200,jennt101,CG1,3,1,value,5,4,0,1,0,0,0,,1,,0,0,0,,0,,,0,,,,,19210620,0,CHI09,v,CAG,0,1,0,regular,y,,
CB1192107190,jennt101,CG1,3,1,value,4,4,0,1,0,0,0,,0,,0,0,0,,0,,,0,,,,,19210719,0,COL04,v,CB1,0,1,0,regular,y,,
