gid,visteam,hometeam,site,date,number,starttime,daynight,innings,tiebreaker,usedh,htbf,timeofgame,attendance,fieldcond,precip,sky,temp,winddir,windspeed,oscorer,forfeit,suspend,umphome,ump1b,ump2b,ump3b,umplf,umprf,wp,lp,save,gametype,vruns,hruns,wteam,lteam,line,batteries,lineups,box,pbp,season
PH5193605090,HOM,PH5,PHI16,19360509,0,,day,,,false,,0,500,unknown,unknown,unknown,0,unknown,-1,,,,craij901,crumj101,,,,,mcdow101,dulal101,,regular,13,14,PH5,HOM,y,both,y,y,d,1936
PH5193605101,HOM,PH5,PHI17,19360510,1,,,,,,,,,,,,,,,,,,,craij901,crumj101,,,,yokel101,browr103,,regular,3,7,PH5,HOM,y,both,y,y,,1936
PH5193605102,HOM,PH5,PHI17,19360510,2,,,,,,,,,,,,,,,,,,crumj101,craij901,,,,,mcdow101,parkt101,,regular,3,7,PH5,HOM,y,both,y,y,,1936
PH5193605110,HOM,PH5,PHI17,19360511,0,,day,8,,,,,,,,,,,,,,,,,,,,,ellir105,gisew101,,exhibition,2,9,PH5,HOM,y,both,y,y,,1936
PH5193605120,HOM,PH5,CAM03,19360512,0,,day,7,,,,,,,,,,,,,,,craij901,crumj101,,,,,huntb106,waita101,thoms105,exhibition,3,5,PH5,HOM,y,both,y,y,,1936
PH5193605140,HOM,PH5,WIL08,19360514,0,,day,7,,,,,,,,,,,,,,,,,,,,,stroj103,smitu102,,exhibition,11,4,HOM,PH5,y,both,y,y,,1936
PTC193605150,PH5,PTC,PIT09,19360515,0,,night,,,,,,,,,,,,,,,,craij901,harrb901,,,,,yokel101,harvb101,,regular,8,3,PH5,PTC,y,both,y,y,,1936
PTC193605160,PH5,PTC,PIT09,19360516,0,,night,9,,FALSE,,120,,,,,,,,,,,craij901,harrm103,,,,,carts102,thoms105,,regular,9,10,PTC,PH5,y,both,y,y,,1936
PTC193605171,PH5,PTC,PIT09,19360517,1,,day,,,,,,,,,,,,,,,,craij901,harrm103,,,,,ellir105,paigs101,,regular,6,2,PH5,PTC,y,both,y,y,,1936
PTC193605172,PH5,PTC,PIT09,19360517,2,,day,,,,,,,,,,,,,,,,harrm103,craij901,,,,,smitt105,thoms105,,exhibition,2,17,PTC,PH5,,,,,,1936
PH5193605190,NY6,PH5,CAM03,19360519,0,,day,,,false,,0,0,unknown,unknown,unknown,0,unknown,-1,,,,,,,,,,thoms105,taylj108,,exhibition,1,2,PH5,NY6,y,both,y,y,d,1936
PH5193605220,NW2,PH5,CAM03,19360522,0,,,,,,,,,,,,,,,,,,,,,,,,,,,exhibition,3,0,NW2,PH5,,,,,,1936
PH5193605231,NW2,PH5,PHI17,19360523,1,,day,,,,,,,,,,,,,,,,,,,,,,yokel101,day-l101,,regular,2,3,PH5,NW2,y,,,,,1936
PH5193605232,NW2,PH5,PHI17,19360523,2,,day,,,,,,,,,,,,,,,,,,,,,,thoms105,bellw101,,regular,5,6,PH5,NW2,y,,,,,1936
NY6193605241,PH5,NY6,NYC25,19360524,1,,day,,,false,,0,5000,unknown,unknown,unknown,0,unknown,-1,,,,crumj101,taggu901,,,,,dihim101,ellir105,taylj108,regular,7,8,NY6,PH5,y,both,y,y,d,1936
NY6193605242,PH5,NY6,NYC25,19360524,2,,day,,,false,,0,5000,unknown,unknown,unknown,0,unknown,-1,,,,crumj101,taggu901,,,,,mcdow101,brewc102,,regular,7,6,PH5,NY6,y,both,y,y,d,1936
PH5193605260,PTC,PH5,CAM03,19360526,0,,day,,,,,,,,,,,,,,,,,,,,,,mcdow101,kinch101,,exhibition,0,5,PH5,PTC,y,both,,,,1936
PH6193605280,PH5,PH6,PHI16,19360528,0,,night,7,,false,,0,900,unknown,unknown,unknown,0,unknown,-1,,,,,,,,,,jones107,jacku101,,exhibition,8,1,PH5,PH6,y,both,y,y,d,1936
PH5193605301,PTC,PH5,PHI17,19360530,1,,day,,,false,,0,0,unknown,unknown,unknown,0,unknown,-1,,,,,,,,,,jones107,harvb101,,regular,6,7,PH5,PTC,y,both,y,y,d,1936
PH5193605302,PTC,PH5,PHI17,19360530,2,,day,,,false,,0,0,unknown,unknown,unknown,0,unknown,-1,,,,,,,,,,paigs101,thoms105,,regular,7,6,PTC,PH5,y,both,y,y,d,1936
PH5193605311,PTC,PH5,PHI16,19360531,1,,,,,,,,,,,,,,,,,,,,,,,,huntb106,stres101,,regular,3,10,PH5,PTC,y,both,y,y,,1936
PH5193605312,PTC,PH5,PHI16,19360531,2,,,,,,,,,,,,,,,,,,,,,,,,ellir105,carts102,,regular,6,9,PH5,PTC,y,both,,,,1936
PH5193606010,PTC,PH5,CHE03,19360601,0,,night,8,,FALSE,,,,,,,,,,,,,,,,,,,kinch101,jones107,,regular,9,4,PTC,PH5,y,both,y,y,,1936
PH5193606020,WEG,PH5,CAM04,19360602,0,,night,,,false,,0,0,unknown,unknown,unknown,0,unknown,-1,,,,,,,,,,thoms105,willj117,,exhibition,2,4,PH5,WEG,y,both,y,y,d,1936
HOM193606060,PH5,HOM,JOH01,19360606,0,,night,,,,,,,,,,,,,,,,mcclu901,wattu901,,,,,yokel101,parkt101,,regular,5,3,PH5,HOM,y,both,y,y,,1936
HOM193606070,PH5,HOM,CLE06,19360607,0,,day,,,false,,0,6000,unknown,unknown,unknown,0,unknown,-1,,,,,,,,,,browr103,huntb106,,regular,8,10,HOM,PH5,y,both,y,y,d,1936
HOM193606080,PH5,HOM,AKR01,19360608,0,,night,,,false,,180,3000,unknown,unknown,unknown,0,unknown,-1,,,,garmu901,lobau901,,,,,parkt101,mcdow101,waita101,regular,7,8,HOM,PH5,y,both,y,y,d,1936
HOM193606090,PH5,HOM,OLE01,19360609,0,,night,9,,,,,2000,,,,,,,,,,,,,,,,,,,exhibition,10,3,PH5,HOM,,,,,,1936
HOM193606100,PH5,HOM,BUF06,19360610,0,,night,,,,,,2500,,,,,,,,,,,,,,,,,,,exhibition,12,1,PH5,HOM,,,,,,1936
PH5193606180,PTC,PH5,WIL08,19360618,0,,day,8,,FALSE,,,,,,,,,,,,,,,,,,,kinch101,thoms105,,exhibition,9,6,PTC,PH5,y,both,,,,1936
PH5193606201,WEG,PH5,PHI17,19360620,1,,day,,,false,,110,0,unknown,unknown,unknown,0,unknown,-1,,,,harrm103,crumj101,,,,,byrdb101,yokel101,,regular,3,0,WEG,PH5,y,both,y,y,d,1936
PH5193606202,WEG,PH5,PHI17,19360620,2,,day,,,false,,0,0,unknown,unknown,unknown,0,unknown,-1,,,,harrm103,crumj101,,,,,grifb102,huntb106,willj117,regular,5,2,WEG,PH5,y,both,y,y,d,1936
WEG193606210,PH5,WEG,WAS09,19360621,0,,day,,,false,,0,0,unknown,unknown,unknown,0,unknown,-1,,,,,,,,,,grifb102,mcdow101,,regular,1,5,WEG,PH5,y,both,y,y,d,1936
PH5193606271,NW2,PH5,PHI17,19360627,1,,day,,,,,,,,,,,,,,,,,,,,,,yokel101,mcdut101,,regular,7,11,PH5,NW2,y,both,y,y,,1936
PH5193606272,NW2,PH5,PHI17,19360627,2,,day,7,,,,,,,,,,,,,,,,,,,,,bellw101,ellir105,,regular,5,4,NW2,PH5,y,both,y,y,,1936
PH5193606280,NY5,PH5,PHI17,19360628,0,,day,,,,,,,,,,,,,,,,,,,,,,ellir105,hollb106,,exhibition,8,9,PH5,NY5,y,both,y,y,,1936
PH5193606300,NW2,PH5,CAM03,19360630,0,,day,,,,,,,,,,,,,,,,,,,,,,mcdow101,stewl102,,regular,1,2,PH5,NW2,,,,,,1936
PH5193607041,NY6,PH5,PHI17,19360704,1,,,,,,,,,,,,,,,,,,,crumj101,,,,,,yokel101,,regular,4,3,NY6,PH5,,,,,,1936
PH5193607042,NY6,PH5,PHI17,19360704,2,,,,,,,,,,,,,,,,,,,,,,,,mcdow101,taylj108,thoms105,regular,4,16,PH5,NY6,,,,,,1936
NW2193607051,PH5,NW2,NWK04,19360705,1,,,,,,,155,,,,,,,,,,,turnu901,gholb901,,,,,ellir105,day-l101,,regular,13,6,PH5,NW2,y,both,y,y,,1936
NW2193607052,PH5,NW2,NWK04,19360705,2,,day,7,,false,,100,0,unknown,unknown,unknown,0,unknown,-1,,,,turnu901,gholb901,,,,,bellw101,huntb106,day-l101,regular,6,9,NW2,PH5,y,both,y,y,d,1936
PH5193607111,NY5,PH5,PHI17,19360711,1,,day,,,false,,0,0,unknown,unknown,unknown,0,unknown,-1,,,,,,,,,,hollb106,mcdow101,,regular,11,8,NY5,PH5,y,both,y,y,d,1936
PH5193607112,NY5,PH5,PHI17,19360711,2,,day,7,,,,,,,,,,,,,,,,,,,,,,,,regular,4,0,NY5,PH5,y,,,,,1936
PH5193607181,HOM,PH5,PHI17,19360718,1,,day,,,false,,0,0,unknown,unknown,unknown,0,unknown,-1,,,,turnu901,gansj101,,,,,yokel101,gisew101,,regular,9,10,PH5,HOM,y,both,y,y,d,1936
PH5193607182,HOM,PH5,PHI17,19360718,2,,day,7,,false,,0,0,unknown,unknown,unknown,0,unknown,-1,,,,turnu901,gansj101,,,,,bevec101,parkt101,huntb106,regular,6,9,PH5,HOM,y,both,y,y,d,1936
NY6193607191,PH5,NY6,NYC25,19360719,1,,day,,,false,,0,5000,unknown,unknown,unknown,0,unknown,-1,,,,harrb901,devoj102,,,,,stann101,yokel101,,regular,7,8,NY6,PH5,y,both,y,y,d,1936
NY6193607192,PH5,NY6,NYC25,19360719,2,,day,7,,false,,0,5000,unknown,unknown,unknown,0,unknown,-1,,,,harrb901,devoj102,,,,,taylj108,thoms105,,regular,2,9,NY6,PH5,y,both,y,y,d,1936
NY5193607200,PH5,NY5,MID04,19360720,0,,night,,,false,,0,0,unknown,unknown,unknown,0,unknown,-1,,,,moorw901,morru902,,,,,mcdow101,hollb106,,regular,6,5,PH5,NY5,y,both,y,y,d,1936
PH5193607220,PTC,PH5,CHE03,19360722,0,,,,,,,,,,,,,,,,,,,,,,,,huntb106,lewij104,,regular,0,7,PH5,PTC,y,both,,,,1936
PH5193607251,PTC,PH5,PHI17,19360725,1,,day,,,false,,0,0,unknown,unknown,unknown,0,unknown,-1,,,,turnu901,gansj101,,,,,paigs101,yokel101,,regular,6,4,PTC,PH5,y,both,y,y,d,1936
PH5193607252,PTC,PH5,PHI17,19360725,2,,day,7,,false,,0,0,unknown,unknown,unknown,0,unknown,-1,,,,turnu901,gansj101,,,,,fostw101,bevec101,,regular,8,5,PTC,PH5,y,both,y,y,d,1936
NY6193607261,PH5,NY6,NYC25,19360726,1,,day,,,false,,0,0,unknown,unknown,unknown,0,unknown,-1,,,,turnu901,devoj102,,,,,huntb106,taylj108,,regular,5,4,PH5,NY6,y,both,y,y,d,1936
NY6193607262,PH5,NY6,NYC25,19360726,2,,day,,,,,,,,,,,,,,,,turnu901,devoj102,,,,,,,,regular,9,17,NY6,PH5,y,both,y,y,,1936
PH5193608010,NY6,PH5,PHI17,19360801,0,,night,,,,,,2500,,,,,,,,,,,,,,,,stann101,huntb106,,regular,4,0,NY6,PH5,y,both,,,,1936
PH5193608023,HOM,PH5,FRE01,19360802,3,,night,,,,,,,,,,,,,,,,,,,,,,jones107,speah101,ellir105,exhibition,5,8,PH5,HOM,y,both,,,,1936
HOM193608070,PH5,HOM,MID03,19360807,0,,night,,,false,,0,1100,unknown,unknown,unknown,0,unknown,-1,,,,fiela901,coopu901,,,,,thoms105,gisew101,,regular,4,3,PH5,HOM,y,both,y,y,d,1936
PH5193608081,HOM,PH5,PHI17,19360808,1,,day,,,false,,0,0,unknown,unknown,unknown,0,unknown,-1,,,,,,,,,,huntb106,welmr101,,regular,1,2,PH5,HOM,y,both,y,y,d,1936
PH5193608082,HOM,PH5,PHI17,19360808,2,,day,8,,false,,0,0,unknown,unknown,unknown,0,unknown,-1,,,,,,,,,,jones107,waita101,,regular,2,3,PH5,HOM,y,both,y,y,d,1936
NW2193608091,PH5,NW2,NWK04,19360809,1,,day,,,,,140,,,,,,,,,,,turnu901,gholb901,,,,,yokel101,bellw101,,regular,10,7,PH5,NW2,y,both,y,y,,1936
NW2193608092,PH5,NW2,NWK04,19360809,2,,day,7,,false,,80,0,unknown,unknown,unknown,0,unknown,-1,,,,turnu901,gholb901,,,,,mcdut101,bevec101,,regular,1,6,NW2,PH5,y,both,y,y,d,1936
NW2193608110,PH5,NW2,NWK04,19360811,0,,night,,,false,,0,0,unknown,unknown,unknown,0,unknown,-1,,,,turnu901,gholb901,,,,,day-l101,jones107,,regular,2,5,NW2,PH5,y,both,y,y,d,1936
PH5193608130,NW2,PH5,PHI17,19360813,0,,,,,,,,,,,,,,,,,,,,,,,,,,,regular,5,7,PH5,NW2,,,,,,1936
PH5193608151,NY5,PH5,PHI17,19360815,1,,day,,,,,,,,,,,,,,,,,,,,,,mcheh101,yokel101,,exhibition,7,2,NY5,PH5,y,both,y,y,,1936
PH5193608152,NY5,PH5,PHI17,19360815,2,,day,7,,false,,0,0,unknown,unknown,unknown,0,unknown,-1,,,,,,,,,,thoms105,davir103,,regular,1,3,PH5,NY5,y,both,y,y,d,1936
NW2193608161,PH5,NW2,NYC16,19360816,1,,day,,,false,,0,15000,unknown,unknown,unknown,0,unknown,-1,,,,craij901,turnu901,devoj102,gholb901,,,mcdow101,evanb105,huntb106,regular,15,7,PH5,NW2,y,both,y,y,d,1936
HOM193608170,PH5,HOM,OLE01,19360817,0,,night,,,,,,500,,,,,,,,,,,,,,,,browr103,yokel101,,regular,7,8,HOM,PH5,,p,,,,1936
HOM193608180,PH5,HOM,CAN03,19360818,0,,night,,,false,,116,0,unknown,unknown,unknown,0,unknown,-1,,,,turnu901,babcu901,,,,,gisew101,ellir105,welmr101,regular,6,8,HOM,PH5,y,both,y,y,d,1936
HOM193608190,PH5,HOM,TOL05,19360819,0,,night,,,,,,,,,,,,,,,,,,,,,,jones107,welmr101,,regular,7,1,PH5,HOM,,both,,,,1936
HOM193608200,PH5,HOM,DAY03,19360820,0,,night,,,,,,,,,,,,,,,,,,,,,,browr103,huntb106,,regular,0,4,HOM,PH5,y,both,,,,1936
NY5193608240,PH5,NY5,MID04,19360824,0,,night,,,false,,0,0,unknown,unknown,unknown,0,unknown,-1,,,,greeu902,hendu901,,,,,mcheh101,ellir105,,exhibition,6,7,NY5,PH5,y,both,y,y,d,1936
PH5193608250,CUS,PH5,PHI17,19360825,0,,night,,,,,,,,,,,,,,,,,,,,,,bevec101,diazh101,,regular,5,7,PH5,CUS,y,both,y,y,,1936
NY5193608260,PH5,NY5,NYC23,19360826,0,,day,,,false,,0,0,unknown,unknown,unknown,0,unknown,-1,,,,devoj102,turnu901,,,,,,,,regular,3,3,,,y,both,y,y,d,1936
PH5193608280,NY5,PH5,MID03,19360828,0,,night,,,false,,0,500,unknown,unknown,overcast,0,unknown,-1,,,,taylu901,coopu901,,,,,rectc101,jones107,,exhibition,5,3,NY5,PH5,y,both,y,y,d,1936
PTC193608291,PH5,PTC,PIT09,19360829,1,,day,,,false,,110,0,unknown,unknown,unknown,0,unknown,-1,,,,harrm103,harrb901,,,,,matll101,thoms105,,regular,3,6,PTC,PH5,y,both,y,y,d,1936
PTC193608292,PH5,PTC,PIT09,19360829,2,,day,7,,false,,0,0,unknown,unknown,unknown,0,unknown,-1,,,,harrm103,harrb901,,,,,fostw101,ellir105,,regular,0,4,PTC,PH5,y,both,y,y,d,1936
PTC193608302,PH5,PTC,CLE06,19360830,2,,day,5,,,,,,,,,,,,,,,hayeg901,harrm103,,,,,harvb101,huntb106,,exhibition,3,9,PTC,PH5,y,both,y,y,,1936
HOM193608310,PH5,HOM,AKR01,19360831,0,,night,,,false,,147,0,unknown,unknown,unknown,0,unknown,-1,,,,lobau901,garmu901,,,,,welmr101,mcdow101,waita101,regular,6,11,HOM,PH5,y,both,y,y,d,1936
PH5193609030,HOM,PH5,OLE01,19360903,0,,night,,,,,,300,,,,,,,,,,,,,,,,,,,exhibition,10,2,HOM,PH5,,,,,,1936
PH5193609051,WEG,PH5,PHI17,19360905,1,,day,,,,,,,,,,,,,,,,,,,,,,byrdb101,mcdow101,porta103,regular,9,7,WEG,PH5,y,both,y,y,,1936
PH5193609052,WEG,PH5,PHI17,19360905,2,,day,7,,,,,,,,,,,,,,,,,,,,,huntb106,grifb102,,regular,4,8,PH5,WEG,y,both,y,y,,1936
PH5193609071,NY6,PH5,PHI17,19360907,1,,,,,,,,,,,,,,,,,,,,,,,,dihim101,thoms105,,regular,6,3,NY6,PH5,y,both,,,,1936
PH5193609072,NY6,PH5,PHI17,19360907,2,,,7,,,,,,,,,,,,,,,,,,,,,,,,regular,5,2,NY6,PH5,,,,,,1936
PH5193609121,NY5,PH5,PHI17,19360912,1,,day,,,false,,0,0,unknown,unknown,unknown,0,unknown,-1,,,,,,,,,,thoms105,browb107,,regular,1,3,PH5,NY5,y,both,y,y,d,1936
PH5193609122,NY5,PH5,PHI17,19360912,2,,day,,,false,,0,0,unknown,unknown,unknown,0,unknown,-1,,,,,,,,,,thoms105,browb107,,regular,2,3,PH5,NY5,y,both,y,y,d,1936
NY6193609131,PH5,NY6,NYC25,19360913,1,,,,,,,,5000,,,,,,,,,,,,,,,,taylj108,yokel101,stann101,exhibition,1,9,NY6,PH5,y,both,,,,1936
NY6193609132,PH5,NY6,NYC25,19360913,2,,,,,,,,5000,,,,,,,,,,,,,,,,tianl102,ellir105,stann101,exhibition,4,5,NY6,PH5,y,p,,,,1936
WEG193609140,PH5,WEG,TRE01,19360914,0,,night,,,,,,500,,,,,,,,,,toacu901,dileu901,,,,,mcdow101,willn103,,exhibition,5,3,PH5,WEG,y,both,y,y,,1936
PH5193609170,WEG,PH5,PHI17,19360917,0,,night,,,false,,0,0,unknown,unknown,unknown,0,unknown,-1,,,,,,,,,,byrdb101,thoms105,willj117,playoff,7,5,WEG,PH5,y,both,y,y,d,1936
PH5193609191,PTC,PH5,PHI17,19360919,1,,day,,,,,,,,,,,,,,,,,,,,,,smitt105,yokel101,,regular,13,4,PTC,PH5,y,both,,,,1936
PH5193609192,PTC,PH5,PHI17,19360919,2,,day,,,,,,,,,,,,,,,,,,,,,,lewij104,jones107,fostw101,regular,5,4,PTC,PH5,y,both,,,,1936
PH5193609201,WEG,PH5,NYC14,19360920,1,,day,,,false,,0,20000,unknown,unknown,unknown,0,unknown,-1,,,,turnu901,harrm103,devoj102,gholb901,,,byrdb101,huntb106,,exhibition,7,3,WEG,PH5,y,both,y,y,d,1936
NY5193609250,PH5,NY5,BEL02,19360925,0,,night,,,,,,,,,,,,,,,,volau901,phelu902,,hopku901,,,mcheh101,thoms105,,exhibition,4,14,NY5,PH5,y,both,y,y,,1936
