gid,id,team,d_seq,d_pos,stattype,d_ifouts,d_po,d_a,d_e,d_dp,d_tp,d_pb,d_wp,d_sb,d_cs,d_gs,date,number,site,vishome,opp,win,loss,tie,gametype,box,pbp
HIL192810060,padge101,MLS,1,6,value,24,1,3,1,0,0,,,,,1,19281006,0,DAR01,v,HIL,0,1,0,exhibition,y,
HIL192810060,weinl101,MLS,1,7,value,,0,0,0,0,0,,,,,1,19281006,0,DAR01,v,HIL,0,1,0,exhibition,y,
HIL192810060,leacf101,MLS,1,7,value,,0,0,0,0,0,,,,,,19281006,0,DAR01,v,HIL,0,1,0,exhibition,y,
HIL192810060,bushj102,MLS,1,4,value,24,1,4,0,0,0,,,,,1,19281006,0,DAR01,v,HIL,0,1,0,exhibition,y,
HIL192810060,haasm101,MLS,1,8,value,24,3,1,0,0,0,,,,,1,19281006,0,DAR01,v,HIL,0,1,0,exhibition,y,
HIL192810060,mccae101,MLS,1,3,value,24,10,0,1,0,0,,,,,1,19281006,0,DAR01,v,HIL,0,1,0,exhibition,y,
HIL192810060,cromn101,MLS,1,9,value,24,2,0,0,0,0,,,,,1,19281006,0,DAR01,v,HIL,0,1,0,exhibition,y,
HIL192810060,lucij101,MLS,1,5,value,24,1,2,2,0,0,,,,,1,19281006,0,DAR01,v,HIL,0,1,0,exhibition,y,
HIL192810060,emerj101,MLS,1,2,value,,4,0,0,0,0,0,,,,1,19281006,0,DAR01,v,HIL,0,1,0,exhibition,y,
HIL192810060,hursd101,MLS,1,2,value,,1,1,1,0,0,0,,,,,19281006,0,DAR01,v,HIL,0,1,0,exhibition,y,
HIL192810060,myere101,MLS,1,1,value,24,1,3,0,0,0,,,,,1,19281006,0,DAR01,v,HIL,0,1,0,exhibition,y,
HIL192810060,brigo101,HIL,1,8,value,27,3,0,0,0,0,,,,,1,19281006,0,DAR01,h,MLS,1,0,0,exhibition,y,
HIL192810060,stepj105,HIL,1,6,value,27,1,2,0,0,0,,,,,1,19281006,0,DAR01,h,MLS,1,0,0,exhibition,y,
HIL192810060,mackb102,HIL,1,3,value,27,14,0,0,0,0,,,,,1,19281006,0,DAR01,h,MLS,1,0,0,exhibition,y,
HIL192810060,charo101,HIL,1,7,value,27,0,0,0,0,0,,,,,1,19281006,0,DAR01,h,MLS,1,0,0,exhibition,y,
HIL192810060,dalle101,HIL,1,9,value,27,0,0,1,0,0,,,,,1,19281006,0,DAR01,h,MLS,1,0,0,exhibition,y,
HIL192810060,johnj108,HIL,1,5,value,27,1,3,0,0,0,,,,,1,19281006,0,DAR01,h,MLS,1,0,0,exhibition,y,
HIL192810060,lewij103,HIL,1,2,value,27,3,2,0,0,0,0,,,,1,19281006,0,DAR01,h,MLS,1,0,0,exhibition,y,
HIL192810060,warff101,HIL,1,4,value,27,4,5,0,0,0,,,,,1,19281006,0,DAR01,h,MLS,1,0,0,exhibition,y,
HIL192810060,cockp101,HIL,1,1,value,27,1,2,1,0,0,,,,,1,19281006,0,DAR01,h,MLS,1,0,0,exhibition,y,
MLS192810080,brigo101,HIL,1,9,value,27,1,0,0,0,0,,,,,1,19281008,0,MTH01,v,MLS,1,0,0,exhibition,y,
MLS192810080,stepj105,HIL,1,6,value,27,2,6,0,0,0,,,,,1,19281008,0,MTH01,v,MLS,1,0,0,exhibition,y,
MLS192810080,mackb102,HIL,1,3,value,27,10,0,0,0,0,,,,,1,19281008,0,MTH01,v,MLS,1,0,0,exhibition,y,
MLS192810080,charo101,HIL,1,8,value,27,2,0,0,0,0,,,,,1,19281008,0,MTH01,v,MLS,1,0,0,exhibition,y,
MLS192810080,johnj108,HIL,1,5,value,27,1,2,0,0,0,,,,,1,19281008,0,MTH01,v,MLS,1,0,0,exhibition,y,
MLS192810080,dalle101,HIL,1,7,value,27,2,0,0,0,0,,,,,1,19281008,0,MTH01,v,MLS,1,0,0,exhibition,y,
MLS192810080,warff101,HIL,1,4,value,27,4,1,0,0,0,,,,,1,19281008,0,MTH01,v,MLS,1,0,0,exhibition,y,
MLS192810080,lewij103,HIL,1,2,value,27,5,1,0,0,0,0,,,,1,19281008,0,MTH01,v,MLS,1,0,0,exhibition,y,
MLS192810080,cartc101,HIL,1,1,value,27,0,1,0,0,0,,,,,1,19281008,0,MTH01,v,MLS,1,0,0,exhibition,y,
MLS192810080,padge101,MLS,1,6,value,27,2,3,1,0,0,,,,,1,19281008,0,MTH01,h,HIL,0,1,0,exhibition,y,
MLS192810080,weinl101,MLS,1,9,value,27,1,0,0,0,0,,,,,1,19281008,0,MTH01,h,HIL,0,1,0,exhibition,y,
MLS192810080,bushj102,MLS,1,4,value,27,4,4,1,0,0,,,,,1,19281008,0,MTH01,h,HIL,0,1,0,exhibition,y,
MLS192810080,haasm101,MLS,1,8,value,,1,0,0,0,0,,,,,1,19281008,0,MTH01,h,HIL,0,1,0,exhibition,y,
MLS192810080,myere101,MLS,1,8,value,,0,0,0,0,0,,,,,,19281008,0,MTH01,h,HIL,0,1,0,exhibition,y,
MLS192810080,mccae101,MLS,1,3,value,27,12,0,0,0,0,,,,,1,19281008,0,MTH01,h,HIL,0,1,0,exhibition,y,
MLS192810080,leacf101,MLS,1,7,value,,1,0,0,0,0,,,,,1,19281008,0,MTH01,h,HIL,0,1,0,exhibition,y,
MLS192810080,cromn101,MLS,1,7,value,,1,0,1,0,0,,,,,,19281008,0,MTH01,h,HIL,0,1,0,exhibition,y,
MLS192810080,stutg101,MLS,1,5,value,,1,0,0,0,0,,,,,1,19281008,0,MTH01,h,HIL,0,1,0,exhibition,y,
MLS192810080,lucij101,MLS,1,5,value,,1,2,0,0,0,,,,,,19281008,0,MTH01,h,HIL,0,1,0,exhibition,y,
MLS192810080,emerj101,MLS,1,2,value,27,3,0,0,0,0,0,,,,1,19281008,0,MTH01,h,HIL,0,1,0,exhibition,y,
MLS192810080,smits102,MLS,1,1,value,27,0,3,0,0,0,,,,,1,19281008,0,MTH01,h,HIL,0,1,0,exhibition,y,
MLS193110030,dalle101,HIL,1,3,value,27,9,0,0,0,0,,,,,1,19311003,0,PHI09,v,MLS,1,0,0,exhibition,y,
MLS193110030,dixor101,HIL,1,7,value,27,2,0,0,0,0,,,,,1,19311003,0,PHI09,v,MLS,1,0,0,exhibition,y,
MLS193110030,jenkf102,HIL,1,9,value,27,2,0,0,0,0,,,,,1,19311003,0,PHI09,v,MLS,1,0,0,exhibition,y,
MLS193110030,dihim101,HIL,1,8,value,27,3,0,0,0,0,,,,,1,19311003,0,PHI09,v,MLS,1,0,0,exhibition,y,
MLS193110030,cannw101,HIL,1,4,value,27,3,3,0,0,0,,,,,1,19311003,0,PHI09,v,MLS,1,0,0,exhibition,y,
MLS193110030,lewij103,HIL,1,2,value,,3,1,0,0,0,0,,,,1,19311003,0,PHI09,v,MLS,1,0,0,exhibition,y,
MLS193110030,johnj108,HIL,1,5,value,27,1,0,0,0,0,,,,,1,19311003,0,PHI09,v,MLS,1,0,0,exhibition,y,
MLS193110030,yancb101,HIL,1,6,value,27,4,4,0,0,0,,,,,1,19311003,0,PHI09,v,MLS,1,0,0,exhibition,y,
MLS193110030,cockp101,HIL,1,1,value,27,0,4,0,0,0,,,,,1,19311003,0,PHI09,v,MLS,1,0,0,exhibition,y,
MLS193110030,sothd101,MLS,1,7,value,27,3,0,0,0,0,,,,,1,19311003,0,PHI09,h,HIL,0,1,0,exhibition,y,
MLS193110030,fullc101,MLS,1,8,value,27,2,2,1,0,0,,,,,1,19311003,0,PHI09,h,HIL,0,1,0,exhibition,y,
MLS193110030,hunnb101,MLS,1,4,value,27,3,3,0,0,0,,,,,1,19311003,0,PHI09,h,HIL,0,1,0,exhibition,y,
MLS193110030,narlb101,MLS,1,6,value,27,2,0,1,0,0,,,,,1,19311003,0,PHI09,h,HIL,0,1,0,exhibition,y,
MLS193110030,spoha101,MLS,1,2,value,27,5,0,0,0,0,0,,,,1,19311003,0,PHI09,h,HIL,0,1,0,exhibition,y,
MLS193110030,bushj102,MLS,1,3,value,27,8,0,0,0,0,,,,,1,19311003,0,PHI09,h,HIL,0,1,0,exhibition,y,
MLS193110030,jonej103,MLS,1,9,value,27,2,1,1,0,0,,,,,1,19311003,0,PHI09,h,HIL,0,1,0,exhibition,y,
MLS193110030,tarrr101,MLS,1,5,value,27,2,4,1,0,0,,,,,1,19311003,0,PHI09,h,HIL,0,1,0,exhibition,y,
MLS193110030,heimf101,MLS,1,1,value,27,0,2,0,0,0,,,,,1,19311003,0,PHI09,h,HIL,0,1,0,exhibition,y,
MLS193110040,dalle101,HIL,1,3,value,27,10,0,0,0,0,,,,,1,19311004,0,FAI01,v,MLS,1,0,0,exhibition,y,
MLS193110040,yancb101,HIL,1,6,value,27,0,4,0,0,0,,,,,1,19311004,0,FAI01,v,MLS,1,0,0,exhibition,y,
MLS193110040,jenkf102,HIL,1,7,value,27,1,0,0,0,0,,,,,1,19311004,0,FAI01,v,MLS,1,0,0,exhibition,y,
MLS193110040,dihim101,HIL,1,8,value,27,2,0,0,0,0,,,,,1,19311004,0,FAI01,v,MLS,1,0,0,exhibition,y,
MLS193110040,beckj104,HIL,1,9,value,27,1,0,0,0,0,,,,,1,19311004,0,FAI01,v,MLS,1,0,0,exhibition,y,
MLS193110040,cannw101,HIL,1,4,value,27,3,4,0,0,0,,,,,1,19311004,0,FAI01,v,MLS,1,0,0,exhibition,y,
MLS193110040,lewij103,HIL,1,2,value,27,7,0,0,0,0,0,0,0,,1,19311004,0,FAI01,v,MLS,1,0,0,exhibition,y,
MLS193110040,johnj108,HIL,1,5,value,27,2,1,0,0,0,,,,,1,19311004,0,FAI01,v,MLS,1,0,0,exhibition,y,
MLS193110040,mcdow101,HIL,1,1,value,27,1,2,0,0,0,,,,,1,19311004,0,FAI01,v,MLS,1,0,0,exhibition,y,
MLS193110040,sothd101,MLS,1,8,value,27,5,0,0,0,0,,,,,1,19311004,0,FAI01,h,HIL,0,1,0,exhibition,y,
MLS193110040,fullc101,MLS,1,4,value,27,4,3,0,0,0,,,,,1,19311004,0,FAI01,h,HIL,0,1,0,exhibition,y,
MLS193110040,spoha101,MLS,1,2,value,27,7,0,0,0,0,0,0,0,,1,19311004,0,FAI01,h,HIL,0,1,0,exhibition,y,
MLS193110040,heilh101,MLS,1,3,value,27,7,1,0,0,0,,,,,1,19311004,0,FAI01,h,HIL,0,1,0,exhibition,y,
MLS193110040,narlb101,MLS,1,6,value,27,3,4,0,0,0,,,,,1,19311004,0,FAI01,h,HIL,0,1,0,exhibition,y,
MLS193110040,bushj102,MLS,1,9,value,27,1,0,0,0,0,,,,,1,19311004,0,FAI01,h,HIL,0,1,0,exhibition,y,
MLS193110040,tarrr101,MLS,1,5,value,27,0,1,0,0,0,,,,,1,19311004,0,FAI01,h,HIL,0,1,0,exhibition,y,
MLS193110040,jonej103,MLS,1,7,value,27,0,0,0,0,0,,,,,1,19311004,0,FAI01,h,HIL,0,1,0,exhibition,y,
MLS193110040,heimf101,MLS,1,1,value,24,0,1,0,0,0,,,,,1,19311004,0,FAI01,h,HIL,0,1,0,exhibition,y,
MLS193110040,higgm102,MLS,1,1,value,3,0,1,0,0,0,,,,,,19311004,0,FAI01,h,HIL,0,1,0,exhibition,y,
HIL193110101,tarrr101,MLS,1,5,value,24,0,3,0,0,0,,,,,1,19311010,1,DAR01,v,HIL,0,1,0,exhibition,y,
HIL193110101,fullc101,MLS,1,8,value,24,1,0,0,0,0,,,,,1,19311010,1,DAR01,v,HIL,0,1,0,exhibition,y,
HIL193110101,hunnb101,MLS,1,4,value,24,2,1,0,0,0,,,,,1,19311010,1,DAR01,v,HIL,0,1,0,exhibition,y,
HIL193110101,spoha101,MLS,1,2,value,24,6,0,0,0,0,0,,,,1,19311010,1,DAR01,v,HIL,0,1,0,exhibition,y,
HIL193110101,bushj102,MLS,1,3,value,24,11,0,0,0,0,,,,,1,19311010,1,DAR01,v,HIL,0,1,0,exhibition,y,
HIL193110101,sothd101,MLS,1,7,value,24,0,0,0,0,0,,,,,1,19311010,1,DAR01,v,HIL,0,1,0,exhibition,y,
HIL193110101,spald101,MLS,1,9,value,24,3,0,0,0,0,,,,,1,19311010,1,DAR01,v,HIL,0,1,0,exhibition,y,
HIL193110101,narlb101,MLS,1,6,value,24,1,3,0,0,0,,,,,1,19311010,1,DAR01,v,HIL,0,1,0,exhibition,y,
HIL193110101,heimf101,MLS,1,1,value,24,0,2,0,0,0,,,,,1,19311010,1,DAR01,v,HIL,0,1,0,exhibition,y,
HIL193110101,dalle101,HIL,1,3,value,27,8,0,0,0,0,,,,,1,19311010,1,DAR01,h,MLS,1,0,0,exhibition,y,
HIL193110101,dixor101,HIL,1,8,value,27,2,0,0,0,0,,,,,1,19311010,1,DAR01,h,MLS,1,0,0,exhibition,y,
HIL193110101,jenkf102,HIL,1,9,value,27,1,0,0,0,0,,,,,1,19311010,1,DAR01,h,MLS,1,0,0,exhibition,y,
HIL193110101,beckj104,HIL,1,7,value,27,3,0,0,0,0,,,,,1,19311010,1,DAR01,h,MLS,1,0,0,exhibition,y,
HIL193110101,cannw101,HIL,1,4,value,27,4,2,0,0,0,,,,,1,19311010,1,DAR01,h,MLS,1,0,0,exhibition,y,
HIL193110101,johnj108,HIL,1,5,value,27,1,3,0,0,0,,,,,1,19311010,1,DAR01,h,MLS,1,0,0,exhibition,y,
HIL193110101,lewij103,HIL,1,2,value,27,6,2,0,0,0,0,,,,1,19311010,1,DAR01,h,MLS,1,0,0,exhibition,y,
HIL193110101,yancb101,HIL,1,6,value,27,2,2,0,0,0,,,,,1,19311010,1,DAR01,h,MLS,1,0,0,exhibition,y,
HIL193110101,cartp102,HIL,1,1,value,27,0,5,0,0,0,,,,,1,19311010,1,DAR01,h,MLS,1,0,0,exhibition,y,
HIL193110102,fullc101,MLS,1,5,value,18,0,1,0,0,0,,,,,1,19311010,2,DAR01,v,HIL,0,1,0,exhibition,y,
HIL193110102,spald101,MLS,1,9,value,18,0,0,0,0,0,,,,,1,19311010,2,DAR01,v,HIL,0,1,0,exhibition,y,
HIL193110102,hunnb101,MLS,1,4,value,18,0,1,0,0,0,,,,,1,19311010,2,DAR01,v,HIL,0,1,0,exhibition,y,
HIL193110102,jonej103,MLS,1,8,value,18,3,0,0,0,0,,,,,1,19311010,2,DAR01,v,HIL,0,1,0,exhibition,y,
HIL193110102,bushj102,MLS,1,3,value,18,9,1,0,0,0,,,,,1,19311010,2,DAR01,v,HIL,0,1,0,exhibition,y,
HIL193110102,sothd101,MLS,1,7,value,18,1,0,1,0,0,,,,,1,19311010,2,DAR01,v,HIL,0,1,0,exhibition,y,
HIL193110102,narlb101,MLS,1,6,value,18,1,3,0,0,0,,,,,1,19311010,2,DAR01,v,HIL,0,1,0,exhibition,y,
HIL193110102,shefg101,MLS,1,2,value,18,3,1,1,0,0,0,,,,1,19311010,2,DAR01,v,HIL,0,1,0,exhibition,y,
HIL193110102,chamu101,MLS,1,1,value,18,1,4,0,0,0,,,,,1,19311010,2,DAR01,v,HIL,0,1,0,exhibition,y,
HIL193110102,dalle101,HIL,1,3,value,21,7,0,0,0,0,,,,,1,19311010,2,DAR01,h,MLS,1,0,0,exhibition,y,
HIL193110102,dixor101,HIL,1,8,value,21,4,0,0,0,0,,,,,1,19311010,2,DAR01,h,MLS,1,0,0,exhibition,y,
HIL193110102,jenkf102,HIL,1,9,value,21,0,0,0,0,0,,,,,1,19311010,2,DAR01,h,MLS,1,0,0,exhibition,y,
HIL193110102,beckj104,HIL,1,7,value,21,1,0,0,0,0,,,,,1,19311010,2,DAR01,h,MLS,1,0,0,exhibition,y,
HIL193110102,cannw101,HIL,1,4,value,21,1,1,0,0,0,,,,,1,19311010,2,DAR01,h,MLS,1,0,0,exhibition,y,
HIL193110102,johnj108,HIL,1,5,value,21,3,1,0,0,0,,,,,1,19311010,2,DAR01,h,MLS,1,0,0,exhibition,y,
HIL193110102,lewij103,HIL,1,2,value,21,5,1,0,0,0,0,,,,1,19311010,2,DAR01,h,MLS,1,0,0,exhibition,y,
HIL193110102,yancb101,HIL,1,6,value,21,0,1,1,0,0,,,,,1,19311010,2,DAR01,h,MLS,1,0,0,exhibition,y,
HIL193110102,charp102,HIL,1,1,value,18,0,3,0,0,0,,,,,1,19311010,2,DAR01,h,MLS,1,0,0,exhibition,y,
HIL193110102,mcdow101,HIL,1,1,value,3,0,0,0,0,0,,,,,,19311010,2,DAR01,h,MLS,1,0,0,exhibition,y,
MLS193110111,dalle101,HIL,1,3,value,24,7,1,0,0,0,,,,,1,19311011,1,FAI01,v,MLS,0,1,0,exhibition,y,
MLS193110111,yancb101,HIL,1,6,value,24,3,1,1,0,0,,,,,1,19311011,1,FAI01,v,MLS,0,1,0,exhibition,y,
MLS193110111,jenkf102,HIL,1,8,value,24,2,0,1,0,0,,,,,1,19311011,1,FAI01,v,MLS,0,1,0,exhibition,y,
MLS193110111,beckj104,HIL,1,7,value,24,1,0,0,0,0,,,,,1,19311011,1,FAI01,v,MLS,0,1,0,exhibition,y,
MLS193110111,cannw101,HIL,1,4,value,24,1,4,1,0,0,,,,,1,19311011,1,FAI01,v,MLS,0,1,0,exhibition,y,
MLS193110111,johnj108,HIL,1,5,value,24,2,1,1,0,0,,,,,1,19311011,1,FAI01,v,MLS,0,1,0,exhibition,y,
MLS193110111,cockp101,HIL,1,9,value,24,0,0,0,0,0,,,,,1,19311011,1,FAI01,v,MLS,0,1,0,exhibition,y,
MLS193110111,lewij103,HIL,1,2,value,24,8,2,0,0,0,0,0,0,,1,19311011,1,FAI01,v,MLS,0,1,0,exhibition,y,
MLS193110111,mcdow101,HIL,1,1,value,18,0,2,0,0,0,,,,,1,19311011,1,FAI01,v,MLS,0,1,0,exhibition,y,
MLS193110111,ryanr102,HIL,1,1,value,6,0,0,0,0,0,,,,,,19311011,1,FAI01,v,MLS,0,1,0,exhibition,y,
MLS193110111,tarrr101,MLS,1,6,value,27,3,2,0,0,0,,,,,1,19311011,1,FAI01,h,HIL,1,0,0,exhibition,y,
MLS193110111,fullc101,MLS,1,5,value,27,0,4,1,0,0,,,,,1,19311011,1,FAI01,h,HIL,1,0,0,exhibition,y,
MLS193110111,hunnb101,MLS,1,4,value,27,2,2,0,0,0,,,,,1,19311011,1,FAI01,h,HIL,1,0,0,exhibition,y,
MLS193110111,spoha101,MLS,1,2,value,27,4,1,0,0,0,0,0,0,,1,19311011,1,FAI01,h,HIL,1,0,0,exhibition,y,
MLS193110111,bushj102,MLS,1,3,value,27,11,0,0,0,0,,,,,1,19311011,1,FAI01,h,HIL,1,0,0,exhibition,y,
MLS193110111,spald101,MLS,1,8,value,27,2,0,0,0,0,,,,,1,19311011,1,FAI01,h,HIL,1,0,0,exhibition,y,
MLS193110111,jonej103,MLS,1,9,value,27,3,0,0,0,0,,,,,1,19311011,1,FAI01,h,HIL,1,0,0,exhibition,y,
MLS193110111,sothd101,MLS,1,7,value,27,2,0,0,0,0,,,,,1,19311011,1,FAI01,h,HIL,1,0,0,exhibition,y,
MLS193110111,heimf101,MLS,1,1,value,27,0,4,0,0,0,,,,,1,19311011,1,FAI01,h,HIL,1,0,0,exhibition,y,
MLS193110112,dalle101,HIL,1,3,value,12,5,0,0,0,0,,,,,1,19311011,2,FAI01,v,MLS,0,1,0,exhibition,y,
MLS193110112,yancb101,HIL,1,6,value,12,0,2,0,0,0,,,,,1,19311011,2,FAI01,v,MLS,0,1,0,exhibition,y,
MLS193110112,jenkf102,HIL,1,8,value,12,2,0,0,0,0,,,,,1,19311011,2,FAI01,v,MLS,0,1,0,exhibition,y,
MLS193110112,beckj104,HIL,1,7,value,12,1,0,0,0,0,,,,,1,19311011,2,FAI01,v,MLS,0,1,0,exhibition,y,
MLS193110112,cannw101,HIL,1,4,value,12,1,1,1,0,0,,,,,1,19311011,2,FAI01,v,MLS,0,1,0,exhibition,y,
MLS193110112,johnj108,HIL,1,5,value,12,0,0,0,0,0,,,,,1,19311011,2,FAI01,v,MLS,0,1,0,exhibition,y,
MLS193110112,cockp101,HIL,1,9,value,12,0,0,0,0,0,,,,,1,19311011,2,FAI01,v,MLS,0,1,0,exhibition,y,
MLS193110112,lewij103,HIL,1,2,value,12,3,0,0,0,0,0,0,0,,1,19311011,2,FAI01,v,MLS,0,1,0,exhibition,y,
MLS193110112,ryanr102,HIL,1,1,value,12,0,2,0,0,0,,,,,1,19311011,2,FAI01,v,MLS,0,1,0,exhibition,y,
MLS193110112,tarrr101,MLS,1,6,value,15,5,2,0,0,0,,,,,1,19311011,2,FAI01,h,HIL,1,0,0,exhibition,y,
MLS193110112,fullc101,MLS,1,5,value,15,0,0,0,0,0,,,,,1,19311011,2,FAI01,h,HIL,1,0,0,exhibition,y,
MLS193110112,hunnb101,MLS,1,4,value,15,0,1,0,0,0,,,,,1,19311011,2,FAI01,h,HIL,1,0,0,exhibition,y,
MLS193110112,spoha101,MLS,1,2,value,15,1,0,1,0,0,0,0,0,,1,19311011,2,FAI01,h,HIL,1,0,0,exhibition,y,
MLS193110112,bushj102,MLS,1,3,value,15,6,0,0,0,0,,,,,1,19311011,2,FAI01,h,HIL,1,0,0,exhibition,y,
MLS193110112,spald101,MLS,1,8,value,15,3,0,0,0,0,,,,,1,19311011,2,FAI01,h,HIL,1,0,0,exhibition,y,
MLS193110112,jonej103,MLS,1,9,value,15,0,0,0,0,0,,,,,1,19311011,2,FAI01,h,HIL,1,0,0,exhibition,y,
MLS193110112,sothd101,MLS,1,7,value,15,0,0,0,0,0,,,,,1,19311011,2,FAI01,h,HIL,1,0,0,exhibition,y,
MLS193110112,higgm102,MLS,1,1,value,15,0,2,0,0,0,,,,,1,19311011,2,FAI01,h,HIL,1,0,0,exhibition,y,
MLS193510121,bellj103,NNS,1,8,value,27,1,0,0,0,0,,,,,1,19351012,1,PHI11,v,MLS,1,0,0,exhibition,y,
MLS193510121,speac103,NNS,1,9,value,27,0,0,0,0,0,,,,,1,19351012,1,PHI11,v,MLS,1,0,0,exhibition,y,
MLS193510121,wilsj106,NNS,1,5,value,27,1,1,0,0,0,,,,,1,19351012,1,PHI11,v,MLS,1,0,0,exhibition,y,
MLS193510121,gibsj101,NNS,1,2,value,27,10,2,1,0,0,0,,,,1,19351012,1,PHI11,v,MLS,1,0,0,exhibition,y,
MLS193510121,dixop101,NNS,1,7,value,18,0,0,0,0,0,,,,,1,19351012,1,PHI11,v,MLS,1,0,0,exhibition,y,
MLS193510121,stann101,NNS,1,1,value,9,0,2,0,0,0,,,,,,19351012,1,PHI11,v,MLS,1,0,0,exhibition,y,
MLS193510121,pattp102,NNS,1,4,value,27,1,4,1,0,0,,,,,1,19351012,1,PHI11,v,MLS,1,0,0,exhibition,y,
MLS193510121,thomw103,NNS,1,3,value,27,12,1,0,0,0,,,,,1,19351012,1,PHI11,v,MLS,1,0,0,exhibition,y,
MLS193510121,dandr101,NNS,1,6,value,27,1,2,1,0,0,,,,,1,19351012,1,PHI11,v,MLS,1,0,0,exhibition,y,
MLS193510121,mcdow101,NNS,1,1,value,18,1,0,0,0,0,,,,,1,19351012,1,PHI11,v,MLS,1,0,0,exhibition,y,
MLS193510121,paget101,NNS,1,7,value,9,0,0,0,0,0,,,,,,19351012,1,PHI11,v,MLS,1,0,0,exhibition,y,
MLS193510121,urbab101,MLS,1,6,value,27,2,7,0,1,0,,,,,1,19351012,1,PHI11,h,NNS,0,1,0,exhibition,y,
MLS193510121,garbb102,MLS,1,4,value,27,3,0,0,0,0,,,,,1,19351012,1,PHI11,h,NNS,0,1,0,exhibition,y,
MLS193510121,strij101,MLS,1,5,value,27,2,0,0,0,0,,,,,1,19351012,1,PHI11,h,NNS,0,1,0,exhibition,y,
MLS193510121,soltm101,MLS,1,9,value,27,1,0,0,0,0,,,,,1,19351012,1,PHI11,h,NNS,0,1,0,exhibition,y,
MLS193510121,rippj101,MLS,1,8,value,27,4,0,0,0,0,,,,,1,19351012,1,PHI11,h,NNS,0,1,0,exhibition,y,
MLS193510121,carno101,MLS,1,7,value,27,2,1,0,0,0,,,,,1,19351012,1,PHI11,h,NNS,0,1,0,exhibition,y,
MLS193510121,rybam101,MLS,1,2,value,27,3,1,0,0,0,0,,,,1,19351012,1,PHI11,h,NNS,0,1,0,exhibition,y,
MLS193510121,roete101,MLS,1,3,value,27,10,0,0,1,0,,,,,1,19351012,1,PHI11,h,NNS,0,1,0,exhibition,y,
MLS193510121,deand102,MLS,1,1,value,15,0,3,0,1,0,,,,,1,19351012,1,PHI11,h,NNS,0,1,0,exhibition,y,
MLS193510121,swifb101,MLS,1,1,value,6,0,0,0,0,0,,,,,,19351012,1,PHI11,h,NNS,0,1,0,exhibition,y,
MLS193510121,winfj101,MLS,1,1,value,6,0,0,0,0,0,,,,,,19351012,1,PHI11,h,NNS,0,1,0,exhibition,y,
MLS193510122,bellj103,NNS,1,8,value,15,1,0,0,0,0,,,,,1,19351012,2,PHI11,v,MLS,0,0,1,exhibition,y,
MLS193510122,speac103,NNS,1,9,value,15,1,0,0,0,0,,,,,1,19351012,2,PHI11,v,MLS,0,0,1,exhibition,y,
MLS193510122,wilsj106,NNS,1,5,value,15,3,1,0,0,0,,,,,1,19351012,2,PHI11,v,MLS,0,0,1,exhibition,y,
MLS193510122,pattp102,NNS,1,4,value,15,0,2,0,0,0,,,,,1,19351012,2,PHI11,v,MLS,0,0,1,exhibition,y,
MLS193510122,paget101,NNS,1,7,value,15,1,0,0,0,0,,,,,1,19351012,2,PHI11,v,MLS,0,0,1,exhibition,y,
MLS193510122,thomw103,NNS,1,3,value,15,5,0,0,0,0,,,,,1,19351012,2,PHI11,v,MLS,0,0,1,exhibition,y,
MLS193510122,dandr101,NNS,1,6,value,15,0,1,0,0,0,,,,,1,19351012,2,PHI11,v,MLS,0,0,1,exhibition,y,
MLS193510122,duncf102,NNS,1,2,value,15,4,0,0,0,0,0,,,,1,19351012,2,PHI11,v,MLS,0,0,1,exhibition,y,
MLS193510122,blakf101,NNS,1,1,value,15,0,0,0,0,0,,,,,1,19351012,2,PHI11,v,MLS,0,0,1,exhibition,y,
MLS193510122,urbab101,MLS,1,6,value,15,2,1,0,0,0,,,,,1,19351012,2,PHI11,h,NNS,0,0,1,exhibition,y,
MLS193510122,garbb102,MLS,1,2,value,15,4,0,0,0,0,0,,,,1,19351012,2,PHI11,h,NNS,0,0,1,exhibition,y,
MLS193510122,strij101,MLS,1,5,value,15,0,0,0,0,0,,,,,1,19351012,2,PHI11,h,NNS,0,0,1,exhibition,y,
MLS193510122,soltm101,MLS,1,9,value,15,0,0,0,0,0,,,,,1,19351012,2,PHI11,h,NNS,0,0,1,exhibition,y,
MLS193510122,rippj101,MLS,1,8,value,15,2,0,0,0,0,,,,,1,19351012,2,PHI11,h,NNS,0,0,1,exhibition,y,
MLS193510122,carno101,MLS,1,7,value,15,2,0,0,0,0,,,,,1,19351012,2,PHI11,h,NNS,0,0,1,exhibition,y,
MLS193510122,myerb101,MLS,1,4,value,15,0,1,0,0,0,,,,,1,19351012,2,PHI11,h,NNS,0,0,1,exhibition,y,
MLS193510122,roete101,MLS,1,3,value,15,5,0,0,0,0,,,,,1,19351012,2,PHI11,h,NNS,0,0,1,exhibition,y,
MLS193510122,swifb101,MLS,1,1,value,15,0,2,0,0,0,,,,,1,19351012,2,PHI11,h,NNS,0,0,1,exhibition,y,
KCM193510130,radtj101,MLS,1,6,value,24,2,0,0,0,0,,,,,1,19351013,0,KAN05,v,KCM,0,1,0,exhibition,y,d
KCM193510130,mould101,MLS,1,9,value,24,1,0,0,0,0,,,,,1,19351013,0,KAN05,v,KCM,0,1,0,exhibition,y,d
KCM193510130,schuh104,MLS,1,5,value,24,0,3,1,0,0,,,,,1,19351013,0,KAN05,v,KCM,0,1,0,exhibition,y,d
KCM193510130,gehrc101,MLS,1,4,value,24,1,4,0,1,0,,,,,1,19351013,0,KAN05,v,KCM,0,1,0,exhibition,y,d
KCM193510130,ebelw101,MLS,1,8,value,24,2,0,0,0,0,,,,,1,19351013,0,KAN05,v,KCM,0,1,0,exhibition,y,d
KCM193510130,rearf101,MLS,1,3,value,24,7,0,0,1,0,,,,,1,19351013,0,KAN05,v,KCM,0,1,0,exhibition,y,d
KCM193510130,coopm101,MLS,1,7,value,24,3,0,0,0,0,,,,,1,19351013,0,KAN05,v,KCM,0,1,0,exhibition,y,d
KCM193510130,coopw102,MLS,1,2,value,24,7,0,1,0,0,0,1,1,0,1,19351013,0,KAN05,v,KCM,0,1,0,exhibition,y,d
KCM193510130,bowmj101,MLS,1,1,value,12,0,0,0,0,0,,,,,1,19351013,0,KAN05,v,KCM,0,1,0,exhibition,y,d
KCM193510130,rowes101,MLS,1,1,value,6,0,2,2,0,0,,,,,0,19351013,0,KAN05,v,KCM,0,1,0,exhibition,y,d
KCM193510130,bridt101,MLS,1,1,value,6,1,0,0,0,0,,,,,0,19351013,0,KAN05,v,KCM,0,1,0,exhibition,y,d
KCM193510130,allen102,KCM,1,4,value,27,1,2,0,0,0,,,,,1,19351013,0,KAN05,h,MLS,1,0,0,exhibition,y,d
KCM193510130,dwige101,KCM,1,8,value,27,4,0,0,0,0,,,,,1,19351013,0,KAN05,h,MLS,1,0,0,exhibition,y,d
KCM193510130,tayll103,KCM,1,9,value,27,3,0,0,0,0,,,,,1,19351013,0,KAN05,h,MLS,1,0,0,exhibition,y,d
KCM193510130,yount101,KCM,1,2,value,27,6,0,0,0,0,1,1,0,0,1,19351013,0,KAN05,h,MLS,1,0,0,exhibition,y,d
KCM193510130,maywe101,KCM,1,3,value,27,10,0,0,1,0,,,,,1,19351013,0,KAN05,h,MLS,1,0,0,exhibition,y,d
KCM193510130,rogab101,KCM,1,5,value,27,1,2,0,0,0,,,,,1,19351013,0,KAN05,h,MLS,1,0,0,exhibition,y,d
KCM193510130,milth101,KCM,1,7,value,27,1,0,0,0,0,,,,,1,19351013,0,KAN05,h,MLS,1,0,0,exhibition,y,d
KCM193510130,broww101,KCM,1,6,value,27,1,1,1,1,0,,,,,1,19351013,0,KAN05,h,MLS,1,0,0,exhibition,y,d
KCM193510130,paigs101,KCM,1,1,value,9,0,0,0,0,0,,,,,1,19351013,0,KAN05,h,MLS,1,0,0,exhibition,y,d
KCM193510130,bevec101,KCM,1,1,value,18,0,3,0,1,0,,,,,0,19351013,0,KAN05,h,MLS,1,0,0,exhibition,y,d
NNS193610010,kingl102,MLS,1,8,value,27,0,0,0,0,0,,,,,1,19361001,0,DAV01,v,NNS,1,0,0,exhibition,y,d
NNS193610010,clifh101,MLS,1,5,value,27,0,2,0,0,0,,,,,1,19361001,0,DAV01,v,NNS,1,0,0,exhibition,y,d
NNS193610010,hornr101,MLS,1,4,value,27,2,2,0,0,0,,,,,1,19361001,0,DAV01,v,NNS,1,0,0,exhibition,y,d
NNS193610010,mizej101,MLS,1,3,value,27,16,1,0,0,0,,,,,1,19361001,0,DAV01,v,NNS,1,0,0,exhibition,y,d
NNS193610010,suhrg101,MLS,1,9,value,27,0,0,0,0,0,,,,,1,19361001,0,DAV01,v,NNS,1,0,0,exhibition,y,d
NNS193610010,goodi101,MLS,1,7,value,27,1,0,0,0,0,,,,,1,19361001,0,DAV01,v,NNS,1,0,0,exhibition,y,d
NNS193610010,muelh101,MLS,1,6,value,27,2,2,1,0,0,,,,,1,19361001,0,DAV01,v,NNS,1,0,0,exhibition,y,d
NNS193610010,todda101,MLS,1,2,value,27,6,2,1,0,0,0,0,0,2,1,19361001,0,DAV01,v,NNS,1,0,0,exhibition,y,d
NNS193610010,winfj101,MLS,1,1,value,27,0,7,0,0,0,,,,,1,19361001,0,DAV01,v,NNS,1,0,0,exhibition,y,d
NNS193610010,bellj103,NNS,1,8,value,27,0,0,0,0,0,,,,,1,19361001,0,DAV01,h,MLS,0,1,0,exhibition,y,d
NNS193610010,hughs101,NNS,1,4,value,27,1,0,0,0,0,,,,,1,19361001,0,DAV01,h,MLS,0,1,0,exhibition,y,d
NNS193610010,wrigb104,NNS,1,9,value,27,1,0,2,0,0,,,,,1,19361001,0,DAV01,h,MLS,0,1,0,exhibition,y,d
NNS193610010,perkb101,NNS,1,2,value,27,16,0,0,0,0,0,1,0,0,1,19361001,0,DAV01,h,MLS,0,1,0,exhibition,y,d
NNS193610010,willc106,NNS,1,6,value,27,1,0,0,0,0,,,,,1,19361001,0,DAV01,h,MLS,0,1,0,exhibition,y,d
NNS193610010,banks101,NNS,1,7,value,3,0,0,0,0,0,,,,,1,19361001,0,DAV01,h,MLS,0,1,0,exhibition,y,d
NNS193610010,crutj101,NNS,1,7,value,24,2,0,0,0,0,,,,,0,19361001,0,DAV01,h,MLS,0,1,0,exhibition,y,d
NNS193610010,snowf101,NNS,1,5,value,27,0,1,0,0,0,,,,,1,19361001,0,DAV01,h,MLS,0,1,0,exhibition,y,d
NNS193610010,westj102,NNS,1,3,value,27,6,0,0,0,0,,,,,1,19361001,0,DAV01,h,MLS,0,1,0,exhibition,y,d
NNS193610010,paigs101,NNS,1,1,value,15,0,2,0,0,0,,,,,1,19361001,0,DAV01,h,MLS,0,1,0,exhibition,y,d
NNS193610010,porta103,NNS,1,1,value,12,0,1,0,0,0,,,,,0,19361001,0,DAV01,h,MLS,0,1,0,exhibition,y,d
MLS193610020,bellj103,NNS,1,8,value,27,3,0,0,0,0,,,,,1,19361002,0,DES01,v,MLS,1,0,0,exhibition,y,d
MLS193610020,hughs101,NNS,1,4,value,27,2,0,1,0,0,,,,,1,19361002,0,DES01,v,MLS,1,0,0,exhibition,y,d
MLS193610020,charo101,NNS,1,3,value,27,7,1,0,0,0,,,,,1,19361002,0,DES01,v,MLS,1,0,0,exhibition,y,d
MLS193610020,perkb101,NNS,1,2,value,27,9,1,0,0,0,0,0,0,0,1,19361002,0,DES01,v,MLS,1,0,0,exhibition,y,d
MLS193610020,wrigb104,NNS,1,9,value,27,2,0,0,0,0,,,,,1,19361002,0,DES01,v,MLS,1,0,0,exhibition,y,d
MLS193610020,willc106,NNS,1,6,value,27,1,2,0,0,0,,,,,1,19361002,0,DES01,v,MLS,1,0,0,exhibition,y,d
MLS193610020,snowf101,NNS,1,5,value,27,1,0,0,0,0,,,,,1,19361002,0,DES01,v,MLS,1,0,0,exhibition,y,d
MLS193610020,crutj101,NNS,1,7,value,27,2,0,0,0,0,,,,,1,19361002,0,DES01,v,MLS,1,0,0,exhibition,y,d
MLS193610020,matll101,NNS,1,1,value,27,0,2,0,0,0,,,,,1,19361002,0,DES01,v,MLS,1,0,0,exhibition,y,d
MLS193610020,kingl102,MLS,1,8,value,27,0,0,0,0,0,,,,,1,19361002,0,DES01,h,NNS,0,1,0,exhibition,y,d
MLS193610020,clifh101,MLS,1,5,value,27,0,0,0,0,0,,,,,1,19361002,0,DES01,h,NNS,0,1,0,exhibition,y,d
MLS193610020,hornr101,MLS,1,4,value,27,1,2,0,0,0,,,,,1,19361002,0,DES01,h,NNS,0,1,0,exhibition,y,d
MLS193610020,mizej101,MLS,1,3,value,27,10,1,1,0,0,,,,,1,19361002,0,DES01,h,NNS,0,1,0,exhibition,y,d
MLS193610020,suhrg101,MLS,1,9,value,27,1,0,0,0,0,,,,,1,19361002,0,DES01,h,NNS,0,1,0,exhibition,y,d
MLS193610020,goodi101,MLS,1,7,value,27,2,0,0,0,0,,,,,1,19361002,0,DES01,h,NNS,0,1,0,exhibition,y,d
MLS193610020,muelh101,MLS,1,6,value,27,1,4,0,0,0,,,,,1,19361002,0,DES01,h,NNS,0,1,0,exhibition,y,d
MLS193610020,todda101,MLS,1,2,value,27,12,1,0,0,0,0,0,3,1,1,19361002,0,DES01,h,NNS,0,1,0,exhibition,y,d
MLS193610020,weavj101,MLS,1,1,value,21,0,2,0,0,0,,,,,1,19361002,0,DES01,h,NNS,0,1,0,exhibition,y,d
MLS193610020,rybam101,MLS,1,1,value,6,0,0,0,0,0,,,,,0,19361002,0,DES01,h,NNS,0,1,0,exhibition,y,d
MLS193610041,bellj103,NNS,1,8,value,27,3,0,0,0,0,,,,,1,19361004,1,DEN03,v,MLS,1,0,0,exhibition,y,d
MLS193610041,hughs101,NNS,1,4,value,27,1,3,0,0,0,,,,,1,19361004,1,DEN03,v,MLS,1,0,0,exhibition,y,d
MLS193610041,charo101,NNS,1,3,value,27,10,0,1,0,0,,,,,1,19361004,1,DEN03,v,MLS,1,0,0,exhibition,y,d
MLS193610041,perkb101,NNS,1,2,value,27,9,0,0,0,0,0,1,0,0,1,19361004,1,DEN03,v,MLS,1,0,0,exhibition,y,d
MLS193610041,wrigb104,NNS,1,9,value,27,1,0,0,0,0,,,,,1,19361004,1,DEN03,v,MLS,1,0,0,exhibition,y,d
MLS193610041,willc106,NNS,1,6,value,27,2,5,0,0,0,,,,,1,19361004,1,DEN03,v,MLS,1,0,0,exhibition,y,d
MLS193610041,snowf101,NNS,1,5,value,27,0,0,0,0,0,,,,,1,19361004,1,DEN03,v,MLS,1,0,0,exhibition,y,d
MLS193610041,crutj101,NNS,1,7,value,27,1,0,0,0,0,,,,,1,19361004,1,DEN03,v,MLS,1,0,0,exhibition,y,d
MLS193610041,paigs101,NNS,1,1,value,27,0,0,0,0,0,,,,,1,19361004,1,DEN03,v,MLS,1,0,0,exhibition,y,d
MLS193610041,muelh101,MLS,1,6,value,27,3,1,0,0,0,,,,,1,19361004,1,DEN03,h,NNS,0,1,0,exhibition,y,d
MLS193610041,clifh101,MLS,1,5,value,27,1,2,0,0,0,,,,,1,19361004,1,DEN03,h,NNS,0,1,0,exhibition,y,d
MLS193610041,hornr101,MLS,1,4,value,27,1,3,0,0,0,,,,,1,19361004,1,DEN03,h,NNS,0,1,0,exhibition,y,d
MLS193610041,mizej101,MLS,1,3,value,27,10,1,0,0,0,,,,,1,19361004,1,DEN03,h,NNS,0,1,0,exhibition,y,d
MLS193610041,suhrg101,MLS,1,9,value,27,2,1,0,0,0,,,,,1,19361004,1,DEN03,h,NNS,0,1,0,exhibition,y,d
MLS193610041,goodi101,MLS,1,7,value,27,4,0,0,0,0,,,,,1,19361004,1,DEN03,h,NNS,0,1,0,exhibition,y,d
MLS193610041,kingl102,MLS,1,8,value,27,1,0,0,0,0,,,,,1,19361004,1,DEN03,h,NNS,0,1,0,exhibition,y,d
MLS193610041,todda101,MLS,1,2,value,27,5,3,0,0,0,0,1,0,1,1,19361004,1,DEN03,h,NNS,0,1,0,exhibition,y,d
MLS193610041,winfj101,MLS,1,1,value,5,0,1,1,0,0,,,,,1,19361004,1,DEN03,h,NNS,0,1,0,exhibition,y,d
MLS193610041,rybam101,MLS,1,1,value,22,0,0,0,0,0,,,,,0,19361004,1,DEN03,h,NNS,0,1,0,exhibition,y,d
NNS193610042,muelh101,MLS,1,6,value,18,0,2,0,0,0,,,,,1,19361004,2,DEN03,v,NNS,0,1,0,exhibition,y,d
NNS193610042,clifh101,MLS,1,5,value,18,1,3,0,1,0,,,,,1,19361004,2,DEN03,v,NNS,0,1,0,exhibition,y,d
NNS193610042,hornr101,MLS,1,4,value,18,1,4,0,0,0,,,,,1,19361004,2,DEN03,v,NNS,0,1,0,exhibition,y,d
NNS193610042,mizej101,MLS,1,3,value,18,11,1,0,1,0,,,,,1,19361004,2,DEN03,v,NNS,0,1,0,exhibition,y,d
NNS193610042,suhrg101,MLS,1,9,value,18,0,0,0,0,0,,,,,1,19361004,2,DEN03,v,NNS,0,1,0,exhibition,y,d
NNS193610042,goodi101,MLS,1,7,value,18,1,0,0,0,0,,,,,1,19361004,2,DEN03,v,NNS,0,1,0,exhibition,y,d
NNS193610042,kingl102,MLS,1,8,value,18,1,0,0,0,0,,,,,1,19361004,2,DEN03,v,NNS,0,1,0,exhibition,y,d
NNS193610042,todda101,MLS,1,2,value,18,3,0,1,0,0,0,2,0,0,1,19361004,2,DEN03,v,NNS,0,1,0,exhibition,y,d
NNS193610042,weavj101,MLS,1,1,value,18,0,1,0,0,0,,,,,1,19361004,2,DEN03,v,NNS,0,1,0,exhibition,y,d
NNS193610042,bellj103,NNS,1,8,value,21,2,0,0,0,0,,,,,1,19361004,2,DEN03,h,MLS,1,0,0,exhibition,y,d
NNS193610042,hughs101,NNS,1,4,value,21,2,5,1,1,0,,,,,1,19361004,2,DEN03,h,MLS,1,0,0,exhibition,y,d
NNS193610042,willc106,NNS,1,6,value,21,0,3,0,1,0,,,,,1,19361004,2,DEN03,h,MLS,1,0,0,exhibition,y,d
NNS193610042,mackb102,NNS,1,2,value,21,5,0,0,0,0,0,0,0,0,1,19361004,2,DEN03,h,MLS,1,0,0,exhibition,y,d
NNS193610042,wrigb104,NNS,1,7,value,21,0,0,1,0,0,,,,,1,19361004,2,DEN03,h,MLS,1,0,0,exhibition,y,d
NNS193610042,snowf101,NNS,1,5,value,21,0,2,0,0,0,,,,,1,19361004,2,DEN03,h,MLS,1,0,0,exhibition,y,d
NNS193610042,crutj101,NNS,1,9,value,21,1,0,0,0,0,,,,,1,19361004,2,DEN03,h,MLS,1,0,0,exhibition,y,d
NNS193610042,westj102,NNS,1,3,value,21,10,1,0,1,0,,,,,1,19361004,2,DEN03,h,MLS,1,0,0,exhibition,y,d
NNS193610042,grifb102,NNS,1,1,value,18,1,1,0,0,0,,,,,1,19361004,2,DEN03,h,MLS,1,0,0,exhibition,y,d
NNS193610042,matll101,NNS,1,1,value,3,0,0,0,0,0,,,,,0,19361004,2,DEN03,h,MLS,1,0,0,exhibition,y,d
MLS193610070,bellj103,NNS,1,8,value,27,0,0,0,0,0,,,,,1,19361007,0,DES01,v,MLS,1,0,0,exhibition,y,d
MLS193610070,hughs101,NNS,1,4,value,27,2,1,2,0,0,,,,,1,19361007,0,DES01,v,MLS,1,0,0,exhibition,y,d
MLS193610070,westj102,NNS,1,3,value,27,9,0,0,0,0,,,,,1,19361007,0,DES01,v,MLS,1,0,0,exhibition,y,d
MLS193610070,perkb101,NNS,1,2,value,27,11,0,1,0,0,0,0,0,0,1,19361007,0,DES01,v,MLS,1,0,0,exhibition,y,d
MLS193610070,wrigb104,NNS,1,7,value,27,1,1,1,0,0,,,,,1,19361007,0,DES01,v,MLS,1,0,0,exhibition,y,d
MLS193610070,willc106,NNS,1,6,value,27,4,4,0,0,0,,,,,1,19361007,0,DES01,v,MLS,1,0,0,exhibition,y,d
MLS193610070,snowf101,NNS,1,5,value,27,0,2,1,0,0,,,,,1,19361007,0,DES01,v,MLS,1,0,0,exhibition,y,d
MLS193610070,crutj101,NNS,1,9,value,27,0,0,0,0,0,,,,,1,19361007,0,DES01,v,MLS,1,0,0,exhibition,y,d
MLS193610070,paigs101,NNS,1,1,value,9,0,1,0,0,0,,,,,1,19361007,0,DES01,v,MLS,1,0,0,exhibition,y,d
MLS193610070,porta103,NNS,1,1,value,9,0,1,0,0,0,,,,,0,19361007,0,DES01,v,MLS,1,0,0,exhibition,y,d
MLS193610070,grifb102,NNS,1,1,value,9,0,1,0,0,0,,,,,0,19361007,0,DES01,v,MLS,1,0,0,exhibition,y,d
MLS193610070,muelh101,MLS,1,5,value,27,2,3,0,0,0,,,,,1,19361007,0,DES01,h,NNS,0,1,0,exhibition,y,d
MLS193610070,kingl102,MLS,1,8,value,27,0,1,0,0,0,,,,,1,19361007,0,DES01,h,NNS,0,1,0,exhibition,y,d
MLS193610070,hornr101,MLS,1,4,value,27,2,2,0,0,0,,,,,1,19361007,0,DES01,h,NNS,0,1,0,exhibition,y,d
MLS193610070,mizej101,MLS,1,3,value,27,11,1,0,0,0,,,,,1,19361007,0,DES01,h,NNS,0,1,0,exhibition,y,d
MLS193610070,goodi101,MLS,1,9,value,27,2,1,0,1,0,,,,,1,19361007,0,DES01,h,NNS,0,1,0,exhibition,y,d
MLS193610070,rybam101,MLS,1,7,value,12,1,0,0,0,0,,,,,1,19361007,0,DES01,h,NNS,0,1,0,exhibition,y,d
MLS193610070,rybam101,MLS,2,1,value,15,0,3,0,0,0,,,,,0,19361007,0,DES01,h,NNS,0,1,0,exhibition,y,d
MLS193610070,todda101,MLS,1,2,value,27,8,2,0,1,0,0,0,1,1,1,19361007,0,DES01,h,NNS,0,1,0,exhibition,y,d
MLS193610070,blako101,MLS,1,6,value,27,1,3,0,0,0,,,,,1,19361007,0,DES01,h,NNS,0,1,0,exhibition,y,d
MLS193610070,fellb101,MLS,1,1,value,9,0,0,0,0,0,,,,,1,19361007,0,DES01,h,NNS,0,1,0,exhibition,y,d
MLS193610070,calde101,MLS,1,1,value,3,0,2,0,0,0,,,,,0,19361007,0,DES01,h,NNS,0,1,0,exhibition,y,d
MLS193610070,calde101,MLS,2,7,value,15,0,0,0,0,0,,,,,0,19361007,0,DES01,h,NNS,0,1,0,exhibition,y,d
KCM193710050,guttd101,MLS,1,5,value,27,3,2,0,0,0,,,,,1,19371005,0,DAV01,v,KCM,1,0,0,exhibition,y,d
KCM193710050,goodi101,MLS,1,7,value,27,1,0,0,0,0,,,,,1,19371005,0,DAV01,v,KCM,1,0,0,exhibition,y,d
KCM193710050,mizej101,MLS,1,3,value,27,13,0,0,1,0,,,,,1,19371005,0,DAV01,v,KCM,1,0,0,exhibition,y,d
KCM193710050,suhrg101,MLS,1,9,value,27,0,0,0,0,0,,,,,1,19371005,0,DAV01,v,KCM,1,0,0,exhibition,y,d
KCM193710050,dimav101,MLS,1,8,value,27,2,0,0,0,0,,,,,1,19371005,0,DAV01,v,KCM,1,0,0,exhibition,y,d
KCM193710050,kampa101,MLS,1,4,value,27,1,3,0,0,0,,,,,1,19371005,0,DAV01,v,KCM,1,0,0,exhibition,y,d
KCM193710050,muelh101,MLS,1,6,value,27,2,4,1,0,0,,,,,1,19371005,0,DAV01,v,KCM,1,0,0,exhibition,y,d
KCM193710050,hemsr101,MLS,1,2,value,27,5,2,0,0,0,0,0,0,0,1,19371005,0,DAV01,v,KCM,1,0,0,exhibition,y,d
KCM193710050,warnl101,MLS,1,1,value,6,0,1,0,0,0,,,,,1,19371005,0,DAV01,v,KCM,1,0,0,exhibition,y,d
KCM193710050,fettl101,MLS,1,1,value,3,0,1,0,0,0,,,,,0,19371005,0,DAV01,v,KCM,1,0,0,exhibition,y,d
KCM193710050,weavj101,MLS,1,1,value,9,0,1,0,0,0,,,,,0,19371005,0,DAV01,v,KCM,1,0,0,exhibition,y,d
KCM193710050,browm103,MLS,1,1,value,9,0,0,0,0,0,,,,,0,19371005,0,DAV01,v,KCM,1,0,0,exhibition,y,d
KCM193710050,milth101,KCM,1,9,value,27,4,1,0,0,0,,,,,1,19371005,0,DAV01,h,MLS,0,1,0,exhibition,y,d
KCM193710050,allen102,KCM,1,4,value,27,3,1,0,0,0,,,,,1,19371005,0,DAV01,h,MLS,0,1,0,exhibition,y,d
KCM193710050,strot101,KCM,1,3,value,27,3,0,0,0,0,,,,,1,19371005,0,DAV01,h,MLS,0,1,0,exhibition,y,d
KCM193710050,broww101,KCM,1,7,value,27,2,0,0,0,0,,,,,1,19371005,0,DAV01,h,MLS,0,1,0,exhibition,y,d
KCM193710050,simmw101,KCM,1,8,value,27,1,1,0,0,0,,,,,1,19371005,0,DAV01,h,MLS,0,1,0,exhibition,y,d
KCM193710050,brooj101,KCM,1,5,value,27,2,1,0,0,0,,,,,1,19371005,0,DAV01,h,MLS,0,1,0,exhibition,y,d
KCM193710050,duncf102,KCM,1,2,value,27,12,0,0,0,0,0,0,2,0,1,19371005,0,DAV01,h,MLS,0,1,0,exhibition,y,d
KCM193710050,johnm103,KCM,1,6,value,27,0,2,0,0,0,,,,,1,19371005,0,DAV01,h,MLS,0,1,0,exhibition,y,d
KCM193710050,cornw101,KCM,1,1,value,9,0,0,0,0,0,,,,,1,19371005,0,DAV01,h,MLS,0,1,0,exhibition,y,d
KCM193710050,kranf101,KCM,1,1,value,9,0,0,0,0,0,,,,,0,19371005,0,DAV01,h,MLS,0,1,0,exhibition,y,d
KCM193710050,smith111,KCM,1,1,value,9,0,1,0,0,0,,,,,0,19371005,0,DAV01,h,MLS,0,1,0,exhibition,y,d
MLS193710070,milth101,KCM,1,9,value,24,2,0,0,0,0,,,,,1,19371007,0,CED01,v,MLS,0,1,0,exhibition,y,d
MLS193710070,allen102,KCM,1,6,value,24,0,1,0,1,0,,,,,1,19371007,0,CED01,v,MLS,0,1,0,exhibition,y,d
MLS193710070,broww101,KCM,1,7,value,24,1,0,0,0,0,,,,,1,19371007,0,CED01,v,MLS,0,1,0,exhibition,y,d
MLS193710070,pattp102,KCM,1,4,value,24,4,4,1,1,0,,,,,1,19371007,0,CED01,v,MLS,0,1,0,exhibition,y,d
MLS193710070,strot101,KCM,1,3,value,24,9,0,0,1,0,,,,,1,19371007,0,CED01,v,MLS,0,1,0,exhibition,y,d
MLS193710070,brooj101,KCM,1,5,value,24,0,2,1,0,0,,,,,1,19371007,0,CED01,v,MLS,0,1,0,exhibition,y,d
MLS193710070,simmw101,KCM,1,8,value,9,0,0,0,0,0,,,,,1,19371007,0,CED01,v,MLS,0,1,0,exhibition,y,d
MLS193710070,dwige101,KCM,1,8,value,15,1,0,0,0,0,,,,,0,19371007,0,CED01,v,MLS,0,1,0,exhibition,y,d
MLS193710070,duncf102,KCM,1,2,value,24,7,1,1,0,0,0,1,1,0,1,19371007,0,CED01,v,MLS,0,1,0,exhibition,y,d
MLS193710070,kranf101,KCM,1,1,value,18,0,0,0,0,0,,,,,1,19371007,0,CED01,v,MLS,0,1,0,exhibition,y,d
MLS193710070,barnv103,KCM,1,1,value,6,0,1,1,0,0,,,,,0,19371007,0,CED01,v,MLS,0,1,0,exhibition,y,d
MLS193710070,guttd101,MLS,1,5,value,27,1,0,0,0,0,,,,,1,19371007,0,CED01,h,KCM,1,0,0,exhibition,y,d
MLS193710070,goodi101,MLS,1,7,value,27,0,0,0,0,0,,,,,1,19371007,0,CED01,h,KCM,1,0,0,exhibition,y,d
MLS193710070,mizej101,MLS,1,3,value,27,8,0,0,0,0,,,,,1,19371007,0,CED01,h,KCM,1,0,0,exhibition,y,d
MLS193710070,suhrg101,MLS,1,9,value,27,1,0,0,0,0,,,,,1,19371007,0,CED01,h,KCM,1,0,0,exhibition,y,d
MLS193710070,dimav101,MLS,1,8,value,27,0,0,0,0,0,,,,,1,19371007,0,CED01,h,KCM,1,0,0,exhibition,y,d
MLS193710070,kampa101,MLS,1,4,value,27,4,2,0,0,0,,,,,1,19371007,0,CED01,h,KCM,1,0,0,exhibition,y,d
MLS193710070,muelh101,MLS,1,6,value,27,0,2,2,0,0,,,,,1,19371007,0,CED01,h,KCM,1,0,0,exhibition,y,d
MLS193710070,hemsr101,MLS,1,2,value,27,13,2,0,0,0,0,2,2,1,1,19371007,0,CED01,h,KCM,1,0,0,exhibition,y,d
MLS193710070,browm103,MLS,1,1,value,12,0,0,0,0,0,,,,,1,19371007,0,CED01,h,KCM,1,0,0,exhibition,y,d
MLS193710070,fettl101,MLS,1,1,value,6,0,1,0,0,0,,,,,0,19371007,0,CED01,h,KCM,1,0,0,exhibition,y,d
MLS193710070,weavj101,MLS,1,1,value,6,0,0,0,0,0,,,,,0,19371007,0,CED01,h,KCM,1,0,0,exhibition,y,d
MLS193710070,warnl101,MLS,1,1,value,3,0,0,0,0,0,,,,,0,19371007,0,CED01,h,KCM,1,0,0,exhibition,y,d
KCM193710090,guttd101,MLS,1,5,value,27,0,1,1,1,0,,,,,1,19371009,0,MAN01,v,KCM,1,0,0,exhibition,y,d
KCM193710090,goodi101,MLS,1,7,value,27,1,0,0,0,0,,,,,1,19371009,0,MAN01,v,KCM,1,0,0,exhibition,y,d
KCM193710090,fettl101,MLS,1,9,value,12,0,0,0,0,0,,,,,1,19371009,0,MAN01,v,KCM,1,0,0,exhibition,y,d
KCM193710090,fettl101,MLS,2,1,value,6,0,0,0,0,0,,,,,0,19371009,0,MAN01,v,KCM,1,0,0,exhibition,y,d
KCM193710090,browm103,MLS,1,1,value,9,0,0,0,0,0,,,,,0,19371009,0,MAN01,v,KCM,1,0,0,exhibition,y,d
KCM193710090,suhrg101,MLS,1,3,value,15,0,0,0,0,0,,,,,1,19371009,0,MAN01,v,KCM,1,0,0,exhibition,y,d
KCM193710090,suhrg101,MLS,2,9,value,12,0,0,0,0,0,,,,,0,19371009,0,MAN01,v,KCM,1,0,0,exhibition,y,d
KCM193710090,dimav101,MLS,1,8,value,27,0,0,0,0,0,,,,,1,19371009,0,MAN01,v,KCM,1,0,0,exhibition,y,d
KCM193710090,kampa101,MLS,1,4,value,27,1,1,0,1,0,,,,,1,19371009,0,MAN01,v,KCM,1,0,0,exhibition,y,d
KCM193710090,muelh101,MLS,1,6,value,27,0,0,1,0,0,,,,,1,19371009,0,MAN01,v,KCM,1,0,0,exhibition,y,d
KCM193710090,hemsr101,MLS,1,2,value,27,0,0,1,0,0,0,0,1,0,1,19371009,0,MAN01,v,KCM,1,0,0,exhibition,y,d
KCM193710090,warnl101,MLS,1,1,value,6,0,0,0,0,0,,,,,1,19371009,0,MAN01,v,KCM,1,0,0,exhibition,y,d
KCM193710090,weavj101,MLS,1,1,value,6,0,0,0,0,0,,,,,0,19371009,0,MAN01,v,KCM,1,0,0,exhibition,y,d
KCM193710090,weavj101,MLS,2,9,value,3,0,0,0,0,0,,,,,0,19371009,0,MAN01,v,KCM,1,0,0,exhibition,y,d
KCM193710090,mizej101,MLS,1,3,value,12,1,0,0,1,0,,,,,0,19371009,0,MAN01,v,KCM,1,0,0,exhibition,y,d
KCM193710090,milth101,KCM,1,9,value,27,0,0,0,0,0,,,,,1,19371009,0,MAN01,h,MLS,0,1,0,exhibition,y,d
KCM193710090,allen102,KCM,1,6,value,27,0,0,1,0,0,,,,,1,19371009,0,MAN01,h,MLS,0,1,0,exhibition,y,d
KCM193710090,pattp102,KCM,1,4,value,27,0,0,0,0,0,,,,,1,19371009,0,MAN01,h,MLS,0,1,0,exhibition,y,d
KCM193710090,broww101,KCM,1,7,value,27,0,0,1,0,0,,,,,1,19371009,0,MAN01,h,MLS,0,1,0,exhibition,y,d
KCM193710090,strot101,KCM,1,3,value,27,0,0,0,0,0,,,,,1,19371009,0,MAN01,h,MLS,0,1,0,exhibition,y,d
KCM193710090,brooj101,KCM,1,5,value,27,0,0,0,0,0,,,,,1,19371009,0,MAN01,h,MLS,0,1,0,exhibition,y,d
KCM193710090,duncf102,KCM,1,2,value,27,0,0,0,0,0,0,0,0,0,1,19371009,0,MAN01,h,MLS,0,1,0,exhibition,y,d
KCM193710090,dwige101,KCM,1,8,value,27,0,0,0,0,0,,,,,1,19371009,0,MAN01,h,MLS,0,1,0,exhibition,y,d
KCM193710090,cornw101,KCM,1,1,value,16,0,0,0,0,0,,,,,1,19371009,0,MAN01,h,MLS,0,1,0,exhibition,y,d
KCM193710090,smith111,KCM,1,1,value,11,0,0,1,0,0,,,,,0,19371009,0,MAN01,h,MLS,0,1,0,exhibition,y,d
KCM193710101,grons101,MLS,1,8,value,27,0,0,0,0,0,,,,,1,19371010,1,KAN05,v,KCM,1,0,0,exhibition,y,d
KCM193710101,jawof101,MLS,1,9,value,27,0,0,0,0,0,,,,,1,19371010,1,KAN05,v,KCM,1,0,0,exhibition,y,d
KCM193710101,yurca101,MLS,1,2,value,27,14,1,0,0,0,0,0,1,0,1,19371010,1,KAN05,v,KCM,1,0,0,exhibition,y,d
KCM193710101,mizej101,MLS,1,3,value,27,8,0,0,1,0,,,,,1,19371010,1,KAN05,v,KCM,1,0,0,exhibition,y,d
KCM193710101,peneh101,MLS,1,5,value,27,0,2,0,0,0,,,,,1,19371010,1,KAN05,v,KCM,1,0,0,exhibition,y,d
KCM193710101,hanif101,MLS,1,6,value,27,2,3,0,1,0,,,,,1,19371010,1,KAN05,v,KCM,1,0,0,exhibition,y,d
KCM193710101,egnaj101,MLS,1,7,value,27,0,0,0,0,0,,,,,1,19371010,1,KAN05,v,KCM,1,0,0,exhibition,y,d
KCM193710101,lee-b106,MLS,1,4,value,27,3,2,0,0,0,,,,,1,19371010,1,KAN05,v,KCM,1,0,0,exhibition,y,d
KCM193710101,fellb101,MLS,1,1,value,6,0,1,0,0,0,,,,,1,19371010,1,KAN05,v,KCM,1,0,0,exhibition,y,d
KCM193710101,warnl101,MLS,1,1,value,9,0,2,0,0,0,,,,,0,19371010,1,KAN05,v,KCM,1,0,0,exhibition,y,d
KCM193710101,browm103,MLS,1,1,value,12,0,2,0,1,0,,,,,0,19371010,1,KAN05,v,KCM,1,0,0,exhibition,y,d
KCM193710101,simmw101,KCM,1,8,value,27,0,0,0,0,0,,,,,1,19371010,1,KAN05,h,MLS,0,1,0,exhibition,y,d
KCM193710101,rogab101,KCM,1,7,value,27,0,0,0,0,0,,,,,1,19371010,1,KAN05,h,MLS,0,1,0,exhibition,y,d
KCM193710101,maywe101,KCM,1,3,value,27,11,0,0,0,0,,,,,1,19371010,1,KAN05,h,MLS,0,1,0,exhibition,y,d
KCM193710101,elseh101,KCM,1,2,value,27,11,2,0,0,0,0,0,0,1,1,19371010,1,KAN05,h,MLS,0,1,0,exhibition,y,d
KCM193710101,brooj101,KCM,1,5,value,27,0,1,0,0,0,,,,,1,19371010,1,KAN05,h,MLS,0,1,0,exhibition,y,d
KCM193710101,clarc102,KCM,1,9,value,27,4,0,0,0,0,,,,,1,19371010,1,KAN05,h,MLS,0,1,0,exhibition,y,d
KCM193710101,johnm103,KCM,1,6,value,27,0,4,0,0,0,,,,,1,19371010,1,KAN05,h,MLS,0,1,0,exhibition,y,d
KCM193710101,stoct101,KCM,1,4,value,27,1,4,0,0,0,,,,,1,19371010,1,KAN05,h,MLS,0,1,0,exhibition,y,d
KCM193710101,barnv103,KCM,1,1,value,27,0,0,0,0,0,,,,,1,19371010,1,KAN05,h,MLS,0,1,0,exhibition,y,d
KCM193710102,guttd101,MLS,1,5,value,24,0,0,0,0,0,,,,,1,19371010,2,WIC01,v,KCM,0,1,0,exhibition,y,d
KCM193710102,goodi101,MLS,1,7,value,24,0,0,0,0,0,,,,,1,19371010,2,WIC01,v,KCM,0,1,0,exhibition,y,d
KCM193710102,rybam101,MLS,1,9,value,24,4,0,0,0,0,,,,,1,19371010,2,WIC01,v,KCM,0,1,0,exhibition,y,d
KCM193710102,suhrg101,MLS,1,3,value,9,2,0,0,0,0,,,,,1,19371010,2,WIC01,v,KCM,0,1,0,exhibition,y,d
KCM193710102,fugip101,MLS,1,3,value,15,4,0,0,0,0,,,,,0,19371010,2,WIC01,v,KCM,0,1,0,exhibition,y,d
KCM193710102,dimav101,MLS,1,8,value,24,1,0,0,0,0,,,,,1,19371010,2,WIC01,v,KCM,0,1,0,exhibition,y,d
KCM193710102,kampa101,MLS,1,4,value,24,3,0,0,0,0,,,,,1,19371010,2,WIC01,v,KCM,0,1,0,exhibition,y,d
KCM193710102,muelh101,MLS,1,6,value,24,1,0,0,0,0,,,,,1,19371010,2,WIC01,v,KCM,0,1,0,exhibition,y,d
KCM193710102,hemsr101,MLS,1,2,value,24,9,0,0,0,0,0,0,0,1,1,19371010,2,WIC01,v,KCM,0,1,0,exhibition,y,d
KCM193710102,fettl101,MLS,1,1,value,9,0,0,0,0,0,,,,,1,19371010,2,WIC01,v,KCM,0,1,0,exhibition,y,d
KCM193710102,weavj101,MLS,1,1,value,9,0,0,0,0,0,,,,,0,19371010,2,WIC01,v,KCM,0,1,0,exhibition,y,d
KCM193710102,fellb101,MLS,1,1,value,6,0,0,0,0,0,,,,,0,19371010,2,WIC01,v,KCM,0,1,0,exhibition,y,d
KCM193710102,milth101,KCM,1,7,value,27,1,0,0,0,0,,,,,1,19371010,2,WIC01,h,MLS,1,0,0,exhibition,y,d
KCM193710102,allen102,KCM,1,6,value,27,0,0,0,0,0,,,,,1,19371010,2,WIC01,h,MLS,1,0,0,exhibition,y,d
KCM193710102,pattp102,KCM,1,4,value,27,0,0,0,0,0,,,,,1,19371010,2,WIC01,h,MLS,1,0,0,exhibition,y,d
KCM193710102,broww101,KCM,1,5,value,27,0,0,0,0,0,,,,,1,19371010,2,WIC01,h,MLS,1,0,0,exhibition,y,d
KCM193710102,strot101,KCM,1,3,value,27,14,0,0,0,0,,,,,1,19371010,2,WIC01,h,MLS,1,0,0,exhibition,y,d
KCM193710102,duncf102,KCM,1,2,value,27,9,0,0,0,0,0,0,1,0,1,19371010,2,WIC01,h,MLS,1,0,0,exhibition,y,d
KCM193710102,dwige101,KCM,1,8,value,27,1,0,0,0,0,,,,,1,19371010,2,WIC01,h,MLS,1,0,0,exhibition,y,d
KCM193710102,smith111,KCM,1,9,value,27,2,0,0,0,0,,,,,1,19371010,2,WIC01,h,MLS,1,0,0,exhibition,y,d
KCM193710102,kranf101,KCM,1,1,value,27,0,0,0,0,0,,,,,1,19371010,2,WIC01,h,MLS,1,0,0,exhibition,y,d
MLS193710110,milth101,KCM,1,9,value,27,0,0,0,0,0,,,,,1,19371011,0,OKC01,v,MLS,1,0,0,exhibition,y,d
MLS193710110,allen102,KCM,1,4,value,27,1,1,0,1,0,,,,,1,19371011,0,OKC01,v,MLS,1,0,0,exhibition,y,d
MLS193710110,pattp102,KCM,1,5,value,27,0,2,0,0,0,,,,,1,19371011,0,OKC01,v,MLS,1,0,0,exhibition,y,d
MLS193710110,broww101,KCM,1,7,value,27,2,0,0,0,0,,,,,1,19371011,0,OKC01,v,MLS,1,0,0,exhibition,y,d
MLS193710110,strot101,KCM,1,3,value,27,11,0,0,1,0,,,,,1,19371011,0,OKC01,v,MLS,1,0,0,exhibition,y,d
MLS193710110,dwige101,KCM,1,8,value,27,2,0,0,0,0,,,,,1,19371011,0,OKC01,v,MLS,1,0,0,exhibition,y,d
MLS193710110,johnm103,KCM,1,6,value,27,2,1,0,1,0,,,,,1,19371011,0,OKC01,v,MLS,1,0,0,exhibition,y,d
MLS193710110,duncf102,KCM,1,2,value,27,9,0,1,0,0,0,0,0,0,1,19371011,0,OKC01,v,MLS,1,0,0,exhibition,y,d
MLS193710110,smith111,KCM,1,1,value,27,0,3,0,0,0,,,,,1,19371011,0,OKC01,v,MLS,1,0,0,exhibition,y,d
MLS193710110,guttd101,MLS,1,5,value,27,1,1,0,0,0,,,,,1,19371011,0,OKC01,h,KCM,0,1,0,exhibition,y,d
MLS193710110,goodi101,MLS,1,7,value,27,1,0,0,0,0,,,,,1,19371011,0,OKC01,h,KCM,0,1,0,exhibition,y,d
MLS193710110,mizej101,MLS,1,3,value,27,7,0,1,0,0,,,,,1,19371011,0,OKC01,h,KCM,0,1,0,exhibition,y,d
MLS193710110,dimav101,MLS,1,8,value,27,1,0,0,0,0,,,,,1,19371011,0,OKC01,h,KCM,0,1,0,exhibition,y,d
MLS193710110,kampa101,MLS,1,4,value,27,6,1,2,0,0,,,,,1,19371011,0,OKC01,h,KCM,0,1,0,exhibition,y,d
MLS193710110,muelh101,MLS,1,6,value,27,1,1,0,0,0,,,,,1,19371011,0,OKC01,h,KCM,0,1,0,exhibition,y,d
MLS193710110,hemsr101,MLS,1,2,value,15,3,0,1,0,0,3,0,0,0,1,19371011,0,OKC01,h,KCM,0,1,0,exhibition,y,d
MLS193710110,rybam101,MLS,1,2,value,12,5,0,2,0,0,0,0,0,0,0,19371011,0,OKC01,h,KCM,0,1,0,exhibition,y,d
MLS193710110,browm103,MLS,1,9,value,21,0,1,0,0,0,,,,,1,19371011,0,OKC01,h,KCM,0,1,0,exhibition,y,d
MLS193710110,browm103,MLS,2,1,value,6,0,1,0,0,0,,,,,0,19371011,0,OKC01,h,KCM,0,1,0,exhibition,y,d
MLS193710110,fellb101,MLS,1,1,value,3,0,0,0,0,0,,,,,1,19371011,0,OKC01,h,KCM,0,1,0,exhibition,y,d
MLS193710110,fettl101,MLS,1,1,value,9,1,0,0,0,0,,,,,0,19371011,0,OKC01,h,KCM,0,1,0,exhibition,y,d
MLS193710110,weavj101,MLS,1,1,value,9,0,1,0,0,0,,,,,0,19371011,0,OKC01,h,KCM,0,1,0,exhibition,y,d
MLS193710110,weavj101,MLS,2,9,value,6,1,0,0,0,0,,,,,0,19371011,0,OKC01,h,KCM,0,1,0,exhibition,y,d
MLS193910080,burbb102,NNS,1,8,value,24,0,0,0,0,0,,,,,1,19391008,0,BAL10,v,MLS,0,1,0,exhibition,y,d
MLS193910080,cread101,NNS,1,4,value,24,0,0,1,0,0,,,,,1,19391008,0,BAL10,v,MLS,0,1,0,exhibition,y,d
MLS193910080,speac103,NNS,1,9,value,24,0,0,0,0,0,,,,,1,19391008,0,BAL10,v,MLS,0,1,0,exhibition,y,d
MLS193910080,wilsj106,NNS,1,5,value,24,0,0,0,0,0,,,,,1,19391008,0,BAL10,v,MLS,0,1,0,exhibition,y,d
MLS193910080,thomd104,NNS,1,3,value,24,1,0,0,0,0,,,,,1,19391008,0,BAL10,v,MLS,0,1,0,exhibition,y,d
MLS193910080,mackb102,NNS,1,7,value,24,0,0,0,0,0,,,,,1,19391008,0,BAL10,v,MLS,0,1,0,exhibition,y,d
MLS193910080,jackj104,NNS,1,6,value,24,1,0,0,0,0,,,,,1,19391008,0,BAL10,v,MLS,0,1,0,exhibition,y,d
MLS193910080,campr102,NNS,1,2,value,24,1,0,0,0,0,0,0,0,1,1,19391008,0,BAL10,v,MLS,0,1,0,exhibition,y,d
MLS193910080,cainm101,NNS,1,1,value,3,0,0,1,0,0,,,,,1,19391008,0,BAL10,v,MLS,0,1,0,exhibition,y,d
MLS193910080,mcdow101,NNS,1,1,value,21,0,0,0,0,0,,,,,0,19391008,0,BAL10,v,MLS,0,1,0,exhibition,y,d
MLS193910080,heffd101,MLS,1,4,value,27,0,0,1,0,0,,,,,1,19391008,0,BAL10,h,NNS,1,0,0,exhibition,y,d
MLS193910080,cramd102,MLS,1,8,value,27,0,0,0,0,0,,,,,1,19391008,0,BAL10,h,NNS,1,0,0,exhibition,y,d
MLS193910080,miled101,MLS,1,9,value,27,1,0,0,0,0,,,,,1,19391008,0,BAL10,h,NNS,1,0,0,exhibition,y,d
MLS193910080,hayef101,MLS,1,5,value,27,0,0,0,0,0,,,,,1,19391008,0,BAL10,h,NNS,1,0,0,exhibition,y,d
MLS193910080,wagnh102,MLS,1,2,value,27,1,1,0,1,0,1,0,1,1,1,19391008,0,BAL10,h,NNS,1,0,0,exhibition,y,d
MLS193910080,brana101,MLS,1,6,value,27,0,0,0,0,0,,,,,1,19391008,0,BAL10,h,NNS,1,0,0,exhibition,y,d
MLS193910080,portd101,MLS,1,7,value,27,0,0,0,0,0,,,,,1,19391008,0,BAL10,h,NNS,1,0,0,exhibition,y,d
MLS193910080,vernm101,MLS,1,3,value,27,1,0,0,1,0,,,,,1,19391008,0,BAL10,h,NNS,1,0,0,exhibition,y,d
MLS193910080,applp101,MLS,1,1,value,21,0,0,1,0,0,,,,,1,19391008,0,BAL10,h,NNS,1,0,0,exhibition,y,d
MLS193910080,thomb102,MLS,1,1,value,6,0,1,0,1,0,,,,,0,19391008,0,BAL10,h,NNS,1,0,0,exhibition,y,d
MLS194110050,simmw101,KCM,1,7,value,24,0,0,0,0,0,,,,,1,19411005,0,STL07,v,MLS,0,1,0,exhibition,y,
MLS194110050,oneib801,KCM,1,3,value,24,5,0,0,0,0,,,,,1,19411005,0,STL07,v,MLS,0,1,0,exhibition,y,
MLS194110050,strot101,KCM,1,9,value,24,1,0,0,0,0,,,,,1,19411005,0,STL07,v,MLS,0,1,0,exhibition,y,
MLS194110050,broww101,KCM,1,8,value,24,1,0,1,0,0,,,,,1,19411005,0,STL07,v,MLS,0,1,0,exhibition,y,
MLS194110050,duncf102,KCM,1,2,value,24,11,3,0,0,0,0,,,,1,19411005,0,STL07,v,MLS,0,1,0,exhibition,y,
MLS194110050,soueh101,KCM,1,5,value,24,2,1,0,0,0,,,,,1,19411005,0,STL07,v,MLS,0,1,0,exhibition,y,
MLS194110050,bibbr101,KCM,1,4,value,24,1,0,1,0,0,,,,,1,19411005,0,STL07,v,MLS,0,1,0,exhibition,y,
MLS194110050,willj111,KCM,1,6,value,24,2,1,0,0,0,,,,,1,19411005,0,STL07,v,MLS,0,1,0,exhibition,y,
MLS194110050,paigs101,KCM,1,1,value,15,0,0,0,0,0,,,,,1,19411005,0,STL07,v,MLS,0,1,0,exhibition,y,
MLS194110050,smith111,KCM,1,1,value,9,1,4,0,0,0,,,,,,19411005,0,STL07,v,MLS,0,1,0,exhibition,y,
MLS194110050,cresc101,MLS,1,4,value,27,1,1,0,1,0,,,,,1,19411005,0,STL07,h,KCM,1,0,0,exhibition,y,
MLS194110050,muelh101,MLS,1,7,value,27,1,0,0,0,0,,,,,1,19411005,0,STL07,h,KCM,1,0,0,exhibition,y,
MLS194110050,gracj101,MLS,1,9,value,27,1,0,0,0,0,,,,,1,19411005,0,STL07,h,KCM,1,0,0,exhibition,y,
MLS194110050,hoppj102,MLS,1,3,value,27,11,0,0,1,0,,,,,1,19411005,0,STL07,h,KCM,1,0,0,exhibition,y,
MLS194110050,lucaj102,MLS,1,5,value,27,1,4,0,0,0,,,,,1,19411005,0,STL07,h,KCM,1,0,0,exhibition,y,
MLS194110050,wyroj101,MLS,1,8,value,27,1,0,0,0,0,,,,,1,19411005,0,STL07,h,KCM,1,0,0,exhibition,y,
MLS194110050,coopw102,MLS,1,2,value,,7,1,0,0,0,0,,,,1,19411005,0,STL07,h,KCM,1,0,0,exhibition,y,
MLS194110050,schuj103,MLS,1,2,value,,3,0,0,0,0,0,,,,,19411005,0,STL07,h,KCM,1,0,0,exhibition,y,
MLS194110050,mattb101,MLS,1,6,value,27,1,1,1,0,0,,,,,1,19411005,0,STL07,h,KCM,1,0,0,exhibition,y,
MLS194110050,fellb101,MLS,1,1,value,15,0,2,0,0,0,,,,,1,19411005,0,STL07,h,KCM,1,0,0,exhibition,y,
MLS194110050,heink101,MLS,1,1,value,12,0,2,0,0,0,,,,,,19411005,0,STL07,h,KCM,1,0,0,exhibition,y,
MLS194310170,brewc102,KCR,1,1,value,,,,,,0,,,,,,19431017,0,LGB01,v,MLS,1,0,0,exhibition,,
MLS194310170,mackb102,KCR,1,2,value,27,,,,,0,,,,,1,19431017,0,LGB01,v,MLS,1,0,0,exhibition,,
MLS194310170,matcj101,KCR,1,1,value,,,,,,0,,,,,1,19431017,0,LGB01,v,MLS,1,0,0,exhibition,,
MLS194310170,mcdut101,KCR,1,1,value,,,,,,0,,,,,,19431017,0,LGB01,v,MLS,1,0,0,exhibition,,
MLS194310170,wrigb104,KCR,1,8,value,27,,,,,0,,,,,,19431017,0,LGB01,v,MLS,1,0,0,exhibition,,
MLS194310170,clapu101,MLS,1,2,value,27,,,,,0,,,,,1,19431017,0,LGB01,h,KCR,0,1,0,exhibition,,
MLS194310170,olsew101,MLS,1,1,value,27,,,,,0,,,,,1,19431017,0,LGB01,h,KCR,0,1,0,exhibition,,
KCR194311050,lowrp101,MLS,1,8,value,27,1,0,0,0,0,,,,,1,19431105,0,LOS02,v,KCR,1,0,0,exhibition,y,d
KCR194311050,sturb101,MLS,1,6,value,27,2,4,0,1,0,,,,,1,19431105,0,LOS02,v,KCR,1,0,0,exhibition,y,d
KCR194311050,pridj101,MLS,1,4,value,27,5,4,0,2,0,,,,,1,19431105,0,LOS02,v,KCR,1,0,0,exhibition,y,d
KCR194311050,metkg101,MLS,1,7,value,27,3,2,0,0,0,,,,,1,19431105,0,LOS02,v,KCR,1,0,0,exhibition,y,d
KCR194311050,stepv101,MLS,1,5,value,9,1,3,0,1,0,,,,,1,19431105,0,LOS02,v,KCR,1,0,0,exhibition,y,d
KCR194311050,buzaj101,MLS,1,5,value,18,1,0,0,0,0,,,,,0,19431105,0,LOS02,v,KCR,1,0,0,exhibition,y,d
KCR194311050,prouw101,MLS,1,3,value,27,10,0,0,2,0,,,,,1,19431105,0,LOS02,v,KCR,1,0,0,exhibition,y,d
KCR194311050,zaria101,MLS,1,9,value,21,1,0,0,0,0,,,,,1,19431105,0,LOS02,v,KCR,1,0,0,exhibition,y,d
KCR194311050,gerru101,MLS,1,9,value,6,0,0,0,0,0,,,,,0,19431105,0,LOS02,v,KCR,1,0,0,exhibition,y,d
KCR194311050,maloe101,MLS,1,2,value,27,3,1,0,0,0,0,0,0,1,1,19431105,0,LOS02,v,KCR,1,0,0,exhibition,y,d
KCR194311050,newsb101,MLS,1,1,value,3,0,0,0,0,0,,,,,1,19431105,0,LOS02,v,KCR,1,0,0,exhibition,y,d
KCR194311050,salvj101,MLS,1,1,value,18,0,1,0,0,0,,,,,0,19431105,0,LOS02,v,KCR,1,0,0,exhibition,y,d
KCR194311050,castg101,MLS,1,1,value,6,0,0,0,0,0,,,,,0,19431105,0,LOS02,v,KCR,1,0,0,exhibition,y,d
KCR194311050,simmw101,KCR,1,7,value,27,0,0,0,0,0,,,,,1,19431105,0,LOS02,h,MLS,0,1,0,exhibition,y,d
KCR194311050,easth104,KCR,1,6,value,27,2,3,0,2,0,,,,,1,19431105,0,LOS02,h,MLS,0,1,0,exhibition,y,d
KCR194311050,wrigb104,KCR,1,9,value,27,2,0,0,0,0,,,,,1,19431105,0,LOS02,h,MLS,0,1,0,exhibition,y,d
KCR194311050,broww101,KCR,1,8,value,27,0,0,0,0,0,,,,,1,19431105,0,LOS02,h,MLS,0,1,0,exhibition,y,d
KCR194311050,trouq101,KCR,1,2,value,27,6,0,0,0,0,0,0,0,0,1,19431105,0,LOS02,h,MLS,0,1,0,exhibition,y,d
KCR194311050,leonb101,KCR,1,3,value,27,15,1,1,2,0,,,,,1,19431105,0,LOS02,h,MLS,0,1,0,exhibition,y,d
KCR194311050,serrb101,KCR,1,4,value,27,1,4,1,1,0,,,,,1,19431105,0,LOS02,h,MLS,0,1,0,exhibition,y,d
KCR194311050,speac103,KCR,1,5,value,27,1,3,0,0,0,,,,,1,19431105,0,LOS02,h,MLS,0,1,0,exhibition,y,d
KCR194311050,mcdut101,KCR,1,1,value,9,0,2,0,0,0,,,,,1,19431105,0,LOS02,h,MLS,0,1,0,exhibition,y,d
KCR194311050,matcj101,KCR,1,1,value,6,0,0,0,0,0,,,,,0,19431105,0,LOS02,h,MLS,0,1,0,exhibition,y,d
KCR194311050,brewc102,KCR,1,1,value,12,0,0,0,0,0,,,,,0,19431105,0,LOS02,h,MLS,0,1,0,exhibition,y,d
KCR194311141,maloe101,MLS,1,2,value,27,,,,,0,,,,,1,19431114,1,LOS02,v,KCR,1,0,0,exhibition,,
KCR194311141,olsew101,MLS,1,1,value,27,,,,,0,,,,,1,19431114,1,LOS02,v,KCR,1,0,0,exhibition,,
KCR194311141,matcj101,KCR,1,1,value,27,,,,,0,,,,,1,19431114,1,LOS02,h,MLS,0,1,0,exhibition,,
KCR194311142,dawsb101,MLS,1,2,value,21,,,,,0,,,,,1,19431114,2,LOS02,v,KCR,1,0,0,exhibition,,
KCR194311142,seinb101,MLS,1,1,value,21,,,,,0,,,,,1,19431114,2,LOS02,v,KCR,1,0,0,exhibition,,
KCR194311142,brewc102,KCR,1,1,value,21,,,,,0,,,,,1,19431114,2,LOS02,h,MLS,0,1,0,exhibition,,
KCR194311142,trouq101,KCR,1,2,value,21,,,,,0,,,,,1,19431114,2,LOS02,h,MLS,0,1,0,exhibition,,
MLS194410110,simmw101,KCR,1,3,value,26,8,0,0,1,0,,,,,1,19441011,0,LOS02,v,MLS,0,1,0,exhibition,y,d
MLS194410110,willj111,KCR,1,6,value,3,0,0,0,0,0,,,,,1,19441011,0,LOS02,v,MLS,0,1,0,exhibition,y,d
MLS194410110,willj111,KCR,2,5,value,23,2,1,1,1,0,,,,,0,19441011,0,LOS02,v,MLS,0,1,0,exhibition,y,d
MLS194410110,serrb101,KCR,1,4,value,26,4,1,1,1,0,,,,,1,19441011,0,LOS02,v,MLS,0,1,0,exhibition,y,d
MLS194410110,marcz101,KCR,1,7,value,3,0,0,0,0,0,,,,,1,19441011,0,LOS02,v,MLS,0,1,0,exhibition,y,d
MLS194410110,wilsa101,KCR,1,6,value,6,0,0,0,0,0,,,,,0,19441011,0,LOS02,v,MLS,0,1,0,exhibition,y,d
MLS194410110,dandr101,KCR,1,6,value,17,1,0,0,0,0,,,,,0,19441011,0,LOS02,v,MLS,0,1,0,exhibition,y,d
MLS194410110,banks101,KCR,1,9,value,26,1,0,0,0,0,,,,,1,19441011,0,LOS02,v,MLS,0,1,0,exhibition,y,d
MLS194410110,benjj101,KCR,1,8,value,26,1,0,0,0,0,,,,,1,19441011,0,LOS02,v,MLS,0,1,0,exhibition,y,d
MLS194410110,jonec109,KCR,1,5,value,3,0,0,0,0,0,,,,,1,19441011,0,LOS02,v,MLS,0,1,0,exhibition,y,d
MLS194410110,bellj103,KCR,1,7,value,23,2,0,0,0,0,,,,,0,19441011,0,LOS02,v,MLS,0,1,0,exhibition,y,d
MLS194410110,bassp101,KCR,1,2,value,18,3,0,0,0,0,0,0,1,0,1,19441011,0,LOS02,v,MLS,0,1,0,exhibition,y,d
MLS194410110,mackb102,KCR,1,2,value,8,3,0,0,0,0,0,0,0,0,0,19441011,0,LOS02,v,MLS,0,1,0,exhibition,y,d
MLS194410110,smith111,KCR,1,1,value,15,0,1,0,0,0,,,,,1,19441011,0,LOS02,v,MLS,0,1,0,exhibition,y,d
MLS194410110,brewc102,KCR,1,1,value,11,1,0,0,0,0,,,,,0,19441011,0,LOS02,v,MLS,0,1,0,exhibition,y,d
MLS194410110,coscp101,MLS,1,6,value,27,4,1,0,1,0,,,,,1,19441011,0,LOS02,h,KCR,1,0,0,exhibition,y,d
MLS194410110,metkg101,MLS,1,9,value,27,1,0,0,0,0,,,,,1,19441011,0,LOS02,h,KCR,1,0,0,exhibition,y,d
MLS194410110,dahlb101,MLS,1,3,value,27,13,0,0,1,0,,,,,1,19441011,0,LOS02,h,KCR,1,0,0,exhibition,y,d
MLS194410110,ellib103,MLS,1,5,value,27,2,0,1,0,0,,,,,1,19441011,0,LOS02,h,KCR,1,0,0,exhibition,y,d
MLS194410110,dimav101,MLS,1,8,value,27,2,0,0,0,0,,,,,1,19441011,0,LOS02,h,KCR,1,0,0,exhibition,y,d
MLS194410110,lowrp101,MLS,1,7,value,27,1,0,0,0,0,,,,,1,19441011,0,LOS02,h,KCR,1,0,0,exhibition,y,d
MLS194410110,johnd101,MLS,1,4,value,27,1,1,1,1,0,,,,,1,19441011,0,LOS02,h,KCR,1,0,0,exhibition,y,d
MLS194410110,partr101,MLS,1,2,value,27,3,2,0,0,0,0,1,1,2,1,19441011,0,LOS02,h,KCR,1,0,0,exhibition,y,d
MLS194410110,barrr101,MLS,1,1,value,27,0,0,0,0,0,,,,,1,19441011,0,LOS02,h,KCR,1,0,0,exhibition,y,d
KCR194410221,camec101,MLS,1,2,value,24,,,,,0,,,,,1,19441022,1,LOS05,v,KCR,0,1,0,exhibition,,
KCR194410221,paepj101,MLS,1,1,value,24,,,,,0,0,,,,1,19441022,1,LOS05,v,KCR,0,1,0,exhibition,,
KCR194410221,mackb102,KCR,1,2,value,27,,,,,0,,,,,1,19441022,1,LOS05,h,MLS,1,0,0,exhibition,,
KCR194410221,smith111,KCR,1,1,value,27,,,,,0,0,,,,1,19441022,1,LOS05,h,MLS,1,0,0,exhibition,,
MLS194410222,bassp101,KCR,1,1,value,21,,,0,,0,0,,,,1,19441022,2,LOS05,v,MLS,1,0,0,exhibition,,
MLS194410222,mackb102,KCR,1,2,value,21,,,0,,0,,,,,1,19441022,2,LOS05,v,MLS,1,0,0,exhibition,,
MLS194410222,burnu101,MLS,1,1,value,21,,,,,0,0,,,,1,19441022,2,LOS05,h,KCR,0,1,0,exhibition,,
MLS194410222,greku101,MLS,1,2,value,21,,,,,0,,,,,1,19441022,2,LOS05,h,KCR,0,1,0,exhibition,,
MLS194710120,willj111,KCR,1,6,value,33,5,5,0,1,0,,,,,1,19471012,0,SAN03,v,MLS,0,1,0,exhibition,y,d
MLS194710120,neilr101,KCR,1,4,value,33,3,2,0,1,0,,,,,1,19471012,0,SAN03,v,MLS,0,1,0,exhibition,y,d
MLS194710120,steee102,KCR,1,9,value,33,5,0,1,0,0,,,,,1,19471012,0,SAN03,v,MLS,0,1,0,exhibition,y,d
MLS194710120,davip102,KCR,1,5,value,33,2,0,0,0,0,,,,,1,19471012,0,SAN03,v,MLS,0,1,0,exhibition,y,d
MLS194710120,hoskb101,KCR,1,7,value,33,4,0,0,0,0,,,,,1,19471012,0,SAN03,v,MLS,0,1,0,exhibition,y,d
MLS194710120,scotj106,KCR,1,8,value,33,1,0,0,0,0,,,,,1,19471012,0,SAN03,v,MLS,0,1,0,exhibition,y,d
MLS194710120,tatug101,KCR,1,3,value,33,7,0,2,1,0,,,,,1,19471012,0,SAN03,v,MLS,0,1,0,exhibition,y,d
MLS194710120,greej108,KCR,1,2,value,12,4,0,0,0,0,0,0,0,0,1,19471012,0,SAN03,v,MLS,0,1,0,exhibition,y,d
MLS194710120,averb101,KCR,1,2,value,21,2,0,0,0,0,0,0,0,0,0,19471012,0,SAN03,v,MLS,0,1,0,exhibition,y,d
MLS194710120,paigs101,KCR,1,1,value,12,0,0,0,0,0,,,,,1,19471012,0,SAN03,v,MLS,0,1,0,exhibition,y,d
MLS194710120,willj112,KCR,1,1,value,21,0,2,0,0,0,,,,,0,19471012,0,SAN03,v,MLS,0,1,0,exhibition,y,d
MLS194710120,lowrp101,MLS,1,8,value,18,0,0,0,0,0,,,,,1,19471012,0,SAN03,h,KCR,1,0,0,exhibition,y,d
MLS194710120,lowrp101,MLS,2,5,value,18,0,1,0,0,0,,,,,0,19471012,0,SAN03,h,KCR,1,0,0,exhibition,y,d
MLS194710120,sturb101,MLS,1,4,value,36,2,2,1,1,0,,,,,1,19471012,0,SAN03,h,KCR,1,0,0,exhibition,y,d
MLS194710120,bocke101,MLS,1,6,value,36,2,8,0,1,0,,,,,1,19471012,0,SAN03,h,KCR,1,0,0,exhibition,y,d
MLS194710120,ellib103,MLS,1,5,value,18,0,2,0,0,0,,,,,1,19471012,0,SAN03,h,KCR,1,0,0,exhibition,y,d
MLS194710120,adamb101,MLS,1,8,value,18,1,0,0,0,0,,,,,0,19471012,0,SAN03,h,KCR,1,0,0,exhibition,y,d
MLS194710120,metkg101,MLS,1,9,value,36,2,0,0,0,0,,,,,1,19471012,0,SAN03,h,KCR,1,0,0,exhibition,y,d
MLS194710120,zaria101,MLS,1,7,value,36,4,0,0,0,0,,,,,1,19471012,0,SAN03,h,KCR,1,0,0,exhibition,y,d
MLS194710120,stevc101,MLS,1,3,value,36,14,0,0,1,0,,,,,1,19471012,0,SAN03,h,KCR,1,0,0,exhibition,y,d
MLS194710120,camec101,MLS,1,2,value,36,11,0,0,0,0,0,0,0,0,1,19471012,0,SAN03,h,KCR,1,0,0,exhibition,y,d
MLS194710120,houta101,MLS,1,1,value,9,0,0,0,0,0,,,,,1,19471012,0,SAN03,h,KCR,1,0,0,exhibition,y,d
MLS194710120,maltg101,MLS,1,1,value,9,0,0,1,0,0,,,,,0,19471012,0,SAN03,h,KCR,1,0,0,exhibition,y,d
MLS194710120,stepb103,MLS,1,1,value,15,0,1,0,0,0,,,,,0,19471012,0,SAN03,h,KCR,1,0,0,exhibition,y,d
MLS194710120,florj101,MLS,1,1,value,3,0,0,0,0,0,,,,,0,19471012,0,SAN03,h,KCR,1,0,0,exhibition,y,d
KCR194710230,dillb102,MLS,1,5,value,38,1,0,0,0,0,,,,,1,19471023,0,LOS02,v,KCR,0,1,0,exhibition,y,d
KCR194710230,lowrp101,MLS,1,8,value,38,2,0,0,0,0,,,,,1,19471023,0,LOS02,v,KCR,0,1,0,exhibition,y,d
KCR194710230,metkg101,MLS,1,3,value,38,15,0,0,0,0,,,,,1,19471023,0,LOS02,v,KCR,0,1,0,exhibition,y,d
KCR194710230,lindj101,MLS,1,7,value,38,3,0,0,0,0,,,,,1,19471023,0,LOS02,v,KCR,0,1,0,exhibition,y,d
KCR194710230,zaria101,MLS,1,9,value,38,3,0,0,0,0,,,,,1,19471023,0,LOS02,v,KCR,0,1,0,exhibition,y,d
KCR194710230,beraj101,MLS,1,4,value,18,0,4,0,0,0,,,,,1,19471023,0,LOS02,v,KCR,0,1,0,exhibition,y,d
KCR194710230,stasb101,MLS,1,4,value,6,0,0,0,0,0,,,,,0,19471023,0,LOS02,v,KCR,0,1,0,exhibition,y,d
KCR194710230,bocke101,MLS,1,4,value,14,1,1,0,0,0,,,,,0,19471023,0,LOS02,v,KCR,0,1,0,exhibition,y,d
KCR194710230,sturb101,MLS,1,6,value,38,4,3,0,0,0,,,,,1,19471023,0,LOS02,v,KCR,0,1,0,exhibition,y,d
KCR194710230,partr101,MLS,1,2,value,38,9,3,1,0,0,0,0,0,1,1,19471023,0,LOS02,v,KCR,0,1,0,exhibition,y,d
KCR194710230,blace102,MLS,1,1,value,12,0,2,0,0,0,,,,,1,19471023,0,LOS02,v,KCR,0,1,0,exhibition,y,d
KCR194710230,florj101,MLS,1,1,value,26,0,2,0,0,0,,,,,0,19471023,0,LOS02,v,KCR,0,1,0,exhibition,y,d
KCR194710230,willj111,KCR,1,6,value,39,5,7,1,2,0,,,,,1,19471023,0,LOS02,h,MLS,1,0,0,exhibition,y,d
KCR194710230,neilr101,KCR,1,4,value,39,3,6,0,2,0,,,,,1,19471023,0,LOS02,h,MLS,1,0,0,exhibition,y,d
KCR194710230,steee102,KCR,1,9,value,39,0,0,0,0,0,,,,,1,19471023,0,LOS02,h,MLS,1,0,0,exhibition,y,d
KCR194710230,davip102,KCR,1,8,value,39,2,0,0,0,0,,,,,1,19471023,0,LOS02,h,MLS,1,0,0,exhibition,y,d
KCR194710230,hoskb101,KCR,1,7,value,39,2,0,0,0,0,,,,,1,19471023,0,LOS02,h,MLS,1,0,0,exhibition,y,d
KCR194710230,renfc101,KCR,1,5,value,39,0,0,0,0,0,,,,,1,19471023,0,LOS02,h,MLS,1,0,0,exhibition,y,d
KCR194710230,tatug101,KCR,1,3,value,39,13,0,1,2,0,,,,,1,19471023,0,LOS02,h,MLS,1,0,0,exhibition,y,d
KCR194710230,haywb102,KCR,1,2,value,39,14,2,1,0,0,0,0,0,1,1,19471023,0,LOS02,h,MLS,1,0,0,exhibition,y,d
KCR194710230,paigs101,KCR,1,1,value,12,0,1,0,0,0,,,,,1,19471023,0,LOS02,h,MLS,1,0,0,exhibition,y,d
KCR194710230,newbj101,KCR,1,1,value,27,0,1,1,0,0,,,,,0,19471023,0,LOS02,h,MLS,1,0,0,exhibition,y,d
KCR194710260,dillb102,MLS,1,5,value,24,1,0,0,0,0,,,,,1,19471026,0,LOS02,v,KCR,0,1,0,exhibition,y,d
KCR194710260,lowrp101,MLS,1,8,value,24,2,1,0,0,0,,,,,1,19471026,0,LOS02,v,KCR,0,1,0,exhibition,y,d
KCR194710260,metkg101,MLS,1,3,value,24,6,0,1,0,0,,,,,1,19471026,0,LOS02,v,KCR,0,1,0,exhibition,y,d
KCR194710260,lindj101,MLS,1,7,value,15,0,0,0,0,0,,,,,1,19471026,0,LOS02,v,KCR,0,1,0,exhibition,y,d
KCR194710260,lindj101,MLS,2,1,value,9,0,0,0,0,0,,,,,0,19471026,0,LOS02,v,KCR,0,1,0,exhibition,y,d
KCR194710260,zaria101,MLS,1,9,value,24,1,1,0,0,0,,,,,1,19471026,0,LOS02,v,KCR,0,1,0,exhibition,y,d
KCR194710260,beraj101,MLS,1,4,value,24,0,1,0,0,0,,,,,1,19471026,0,LOS02,v,KCR,0,1,0,exhibition,y,d
KCR194710260,sturb101,MLS,1,6,value,15,1,2,0,0,0,,,,,1,19471026,0,LOS02,v,KCR,0,1,0,exhibition,y,d
KCR194710260,bocke101,MLS,1,6,value,9,0,1,0,0,0,,,,,0,19471026,0,LOS02,v,KCR,0,1,0,exhibition,y,d
KCR194710260,partr101,MLS,1,2,value,18,9,1,0,0,0,0,0,1,0,1,19471026,0,LOS02,v,KCR,0,1,0,exhibition,y,d
KCR194710260,camec101,MLS,1,2,value,6,3,0,0,0,0,0,0,1,0,0,19471026,0,LOS02,v,KCR,0,1,0,exhibition,y,d
KCR194710260,blace102,MLS,1,1,value,15,0,3,0,0,0,,,,,1,19471026,0,LOS02,v,KCR,0,1,0,exhibition,y,d
KCR194710260,stasb101,MLS,1,7,value,9,1,0,0,0,0,,,,,0,19471026,0,LOS02,v,KCR,0,1,0,exhibition,y,d
KCR194710260,willj111,KCR,1,6,value,27,2,2,0,0,0,,,,,1,19471026,0,LOS02,h,MLS,1,0,0,exhibition,y,d
KCR194710260,neilr101,KCR,1,4,value,27,0,3,2,0,0,,,,,1,19471026,0,LOS02,h,MLS,1,0,0,exhibition,y,d
KCR194710260,steee102,KCR,1,9,value,27,4,0,0,0,0,,,,,1,19471026,0,LOS02,h,MLS,1,0,0,exhibition,y,d
KCR194710260,davip102,KCR,1,3,value,27,9,0,0,0,0,,,,,1,19471026,0,LOS02,h,MLS,1,0,0,exhibition,y,d
KCR194710260,hoskb101,KCR,1,7,value,27,3,0,0,0,0,,,,,1,19471026,0,LOS02,h,MLS,1,0,0,exhibition,y,d
KCR194710260,renfc101,KCR,1,5,value,27,0,0,1,0,0,,,,,1,19471026,0,LOS02,h,MLS,1,0,0,exhibition,y,d
KCR194710260,aberr101,KCR,1,8,value,27,3,0,0,0,0,,,,,1,19471026,0,LOS02,h,MLS,1,0,0,exhibition,y,d
KCR194710260,haywb102,KCR,1,2,value,12,6,0,0,0,0,0,0,1,0,1,19471026,0,LOS02,h,MLS,1,0,0,exhibition,y,d
KCR194710260,greej108,KCR,1,2,value,15,0,0,0,0,0,0,0,2,0,0,19471026,0,LOS02,h,MLS,1,0,0,exhibition,y,d
KCR194710260,paigs101,KCR,1,1,value,12,0,0,0,0,0,,,,,1,19471026,0,LOS02,h,MLS,1,0,0,exhibition,y,d
KCR194710260,newbj101,KCR,1,1,value,15,0,2,0,0,0,,,,,0,19471026,0,LOS02,h,MLS,1,0,0,exhibition,y,d
KCR194810170,bocke101,MLS,1,6,value,27,1,4,0,0,0,,,,,1,19481017,0,LOS02,v,KCR,1,0,0,exhibition,y,d
KCR194810170,stevc101,MLS,1,3,value,12,8,0,0,0,0,,,,,1,19481017,0,LOS02,v,KCR,1,0,0,exhibition,y,d
KCR194810170,vicos101,MLS,1,3,value,15,4,0,0,0,0,,,,,0,19481017,0,LOS02,v,KCR,1,0,0,exhibition,y,d
KCR194810170,beraj101,MLS,1,4,value,27,1,5,0,0,0,,,,,1,19481017,0,LOS02,v,KCR,1,0,0,exhibition,y,d
KCR194810170,mapec101,MLS,1,8,value,27,2,0,0,0,0,,,,,1,19481017,0,LOS02,v,KCR,1,0,0,exhibition,y,d
KCR194810170,zaria101,MLS,1,7,value,27,3,0,0,0,0,,,,,1,19481017,0,LOS02,v,KCR,1,0,0,exhibition,y,d
KCR194810170,jonen101,MLS,1,9,value,27,0,0,0,0,0,,,,,1,19481017,0,LOS02,v,KCR,1,0,0,exhibition,y,d
KCR194810170,langd102,MLS,1,5,value,27,0,0,0,0,0,,,,,1,19481017,0,LOS02,v,KCR,1,0,0,exhibition,y,d
KCR194810170,partr101,MLS,1,2,value,27,8,0,0,0,0,0,0,0,0,1,19481017,0,LOS02,v,KCR,1,0,0,exhibition,y,d
KCR194810170,lemob101,MLS,1,1,value,15,0,1,1,0,0,,,,,1,19481017,0,LOS02,v,KCR,1,0,0,exhibition,y,d
KCR194810170,caplb101,MLS,1,1,value,12,0,0,0,0,0,,,,,0,19481017,0,LOS02,v,KCR,1,0,0,exhibition,y,d
KCR194810170,willj111,KCR,1,6,value,27,2,6,0,0,0,,,,,1,19481017,0,LOS02,h,MLS,0,1,0,exhibition,y,d
KCR194810170,warea101,KCR,1,3,value,27,9,0,0,0,0,,,,,1,19481017,0,LOS02,h,MLS,0,1,0,exhibition,y,d
KCR194810170,soueh101,KCR,1,5,value,27,3,0,0,0,0,,,,,1,19481017,0,LOS02,h,MLS,0,1,0,exhibition,y,d
KCR194810170,kelll101,KCR,1,9,value,27,0,0,0,0,0,,,,,1,19481017,0,LOS02,h,MLS,0,1,0,exhibition,y,d
KCR194810170,robin101,KCR,1,8,value,27,3,0,0,0,0,,,,,1,19481017,0,LOS02,h,MLS,0,1,0,exhibition,y,d
KCR194810170,neilr101,KCR,1,4,value,27,1,2,0,0,0,,,,,1,19481017,0,LOS02,h,MLS,0,1,0,exhibition,y,d
KCR194810170,renfc101,KCR,1,7,value,27,3,0,0,0,0,,,,,1,19481017,0,LOS02,h,MLS,0,1,0,exhibition,y,d
KCR194810170,haywb102,KCR,1,2,value,9,4,0,0,0,0,0,0,0,0,1,19481017,0,LOS02,h,MLS,0,1,0,exhibition,y,d
KCR194810170,hairs101,KCR,1,2,value,18,2,1,1,0,0,1,0,0,1,0,19481017,0,LOS02,h,MLS,0,1,0,exhibition,y,d
KCR194810170,paigs101,KCR,1,1,value,15,0,0,0,0,0,,,,,1,19481017,0,LOS02,h,MLS,0,1,0,exhibition,y,d
KCR194810170,smite111,KCR,1,1,value,12,0,2,0,0,0,,,,,0,19481017,0,LOS02,h,MLS,0,1,0,exhibition,y,d
KCR194810240,bocke101,MLS,1,6,value,24,1,5,0,0,0,,,,,1,19481024,0,LOS02,v,KCR,0,1,0,exhibition,y,d
KCR194810240,vicos101,MLS,1,3,value,15,7,1,0,1,0,,,,,1,19481024,0,LOS02,v,KCR,0,1,0,exhibition,y,d
KCR194810240,stevc101,MLS,1,3,value,9,4,0,0,0,0,,,,,0,19481024,0,LOS02,v,KCR,0,1,0,exhibition,y,d
KCR194810240,beraj101,MLS,1,4,value,24,1,4,0,1,0,,,,,1,19481024,0,LOS02,v,KCR,0,1,0,exhibition,y,d
KCR194810240,mapec101,MLS,1,8,value,24,1,0,1,0,0,,,,,1,19481024,0,LOS02,v,KCR,0,1,0,exhibition,y,d
KCR194810240,zaria101,MLS,1,7,value,24,0,1,0,0,0,,,,,1,19481024,0,LOS02,v,KCR,0,1,0,exhibition,y,d
KCR194810240,jonen101,MLS,1,9,value,24,2,0,0,0,0,,,,,1,19481024,0,LOS02,v,KCR,0,1,0,exhibition,y,d
KCR194810240,langd102,MLS,1,5,value,24,3,2,0,0,0,,,,,1,19481024,0,LOS02,v,KCR,0,1,0,exhibition,y,d
KCR194810240,partr101,MLS,1,2,value,15,4,1,0,0,0,0,0,3,0,1,19481024,0,LOS02,v,KCR,0,1,0,exhibition,y,d
KCR194810240,gardj103,MLS,1,2,value,9,1,0,0,0,0,0,0,0,0,0,19481024,0,LOS02,v,KCR,0,1,0,exhibition,y,d
KCR194810240,bearg102,MLS,1,1,value,15,0,4,0,0,0,,,,,1,19481024,0,LOS02,v,KCR,0,1,0,exhibition,y,d
KCR194810240,caplb101,MLS,1,1,value,9,0,0,0,0,0,,,,,0,19481024,0,LOS02,v,KCR,0,1,0,exhibition,y,d
KCR194810240,willj111,KCR,1,6,value,27,3,0,0,0,0,,,,,1,19481024,0,LOS02,h,MLS,1,0,0,exhibition,y,d
KCR194810240,warea101,KCR,1,3,value,27,3,0,1,2,0,,,,,1,19481024,0,LOS02,h,MLS,1,0,0,exhibition,y,d
KCR194810240,kelll101,KCR,1,5,value,27,2,3,0,1,0,,,,,1,19481024,0,LOS02,h,MLS,1,0,0,exhibition,y,d
KCR194810240,hairs101,KCR,1,2,value,27,8,2,0,1,0,0,0,1,1,1,19481024,0,LOS02,h,MLS,1,0,0,exhibition,y,d
KCR194810240,neilr101,KCR,1,4,value,27,5,1,0,1,0,,,,,1,19481024,0,LOS02,h,MLS,1,0,0,exhibition,y,d
KCR194810240,robin101,KCR,1,7,value,18,1,0,0,0,0,,,,,1,19481024,0,LOS02,h,MLS,1,0,0,exhibition,y,d
KCR194810240,steee102,KCR,1,9,value,9,1,0,0,0,0,,,,,0,19481024,0,LOS02,h,MLS,1,0,0,exhibition,y,d
KCR194810240,smite111,KCR,1,9,value,18,1,0,0,0,0,,,,,1,19481024,0,LOS02,h,MLS,1,0,0,exhibition,y,d
KCR194810240,smite111,KCR,2,7,value,9,0,0,0,0,0,,,,,0,19481024,0,LOS02,h,MLS,1,0,0,exhibition,y,d
KCR194810240,bellj103,KCR,1,8,value,27,2,0,0,0,0,,,,,1,19481024,0,LOS02,h,MLS,1,0,0,exhibition,y,d
KCR194810240,paigs101,KCR,1,1,value,9,0,0,0,0,0,,,,,1,19481024,0,LOS02,h,MLS,1,0,0,exhibition,y,d
KCR194810240,porta103,KCR,1,1,value,16,0,2,0,0,0,,,,,0,19481024,0,LOS02,h,MLS,1,0,0,exhibition,y,d
KCR194810240,lamaj102,KCR,1,1,value,2,1,1,0,1,0,,,,,0,19481024,0,LOS02,h,MLS,1,0,0,exhibition,y,d
MLS194810250,willj111,KCR,1,6,value,27,2,3,1,0,0,,,,,1,19481025,0,SAN03,v,MLS,1,0,0,exhibition,y,d
MLS194810250,warea101,KCR,1,3,value,27,15,1,0,0,0,,,,,1,19481025,0,SAN03,v,MLS,1,0,0,exhibition,y,d
MLS194810250,soueh101,KCR,1,5,value,27,0,2,1,0,0,,,,,1,19481025,0,SAN03,v,MLS,1,0,0,exhibition,y,d
MLS194810250,steee102,KCR,1,9,value,21,1,0,0,0,0,,,,,1,19481025,0,SAN03,v,MLS,1,0,0,exhibition,y,d
MLS194810250,kelll101,KCR,1,9,value,3,0,0,0,0,0,,,,,0,19481025,0,SAN03,v,MLS,1,0,0,exhibition,y,d
MLS194810250,renfc101,KCR,1,9,value,3,0,0,0,0,0,,,,,0,19481025,0,SAN03,v,MLS,1,0,0,exhibition,y,d
MLS194810250,smite111,KCR,1,8,value,27,0,0,0,0,0,,,,,1,19481025,0,SAN03,v,MLS,1,0,0,exhibition,y,d
MLS194810250,neilr101,KCR,1,4,value,27,0,5,0,0,0,,,,,1,19481025,0,SAN03,v,MLS,1,0,0,exhibition,y,d
MLS194810250,hairs101,KCR,1,2,value,27,8,0,0,0,0,0,1,0,0,1,19481025,0,SAN03,v,MLS,1,0,0,exhibition,y,d
MLS194810250,bellj103,KCR,1,7,value,9,0,0,0,0,0,,,,,1,19481025,0,SAN03,v,MLS,1,0,0,exhibition,y,d
MLS194810250,robin101,KCR,1,7,value,18,0,0,0,0,0,,,,,0,19481025,0,SAN03,v,MLS,1,0,0,exhibition,y,d
MLS194810250,paigs101,KCR,1,1,value,9,0,1,0,0,0,,,,,1,19481025,0,SAN03,v,MLS,1,0,0,exhibition,y,d
MLS194810250,brewc102,KCR,1,1,value,1,0,0,0,0,0,,,,,0,19481025,0,SAN03,v,MLS,1,0,0,exhibition,y,d
MLS194810250,millh104,KCR,1,1,value,17,1,0,0,0,0,,,,,0,19481025,0,SAN03,v,MLS,1,0,0,exhibition,y,d
MLS194810250,bocke101,MLS,1,6,value,27,0,3,0,2,0,,,,,1,19481025,0,SAN03,h,KCR,0,1,0,exhibition,y,d
MLS194810250,stevc101,MLS,1,3,value,27,10,0,0,2,0,,,,,1,19481025,0,SAN03,h,KCR,0,1,0,exhibition,y,d
MLS194810250,zaria101,MLS,1,7,value,27,1,0,1,0,0,,,,,1,19481025,0,SAN03,h,KCR,0,1,0,exhibition,y,d
MLS194810250,mapec101,MLS,1,8,value,27,2,0,2,0,0,,,,,1,19481025,0,SAN03,h,KCR,0,1,0,exhibition,y,d
MLS194810250,jonen101,MLS,1,4,value,27,5,5,1,2,0,,,,,1,19481025,0,SAN03,h,KCR,0,1,0,exhibition,y,d
MLS194810250,vicos101,MLS,1,9,value,27,0,0,0,0,0,,,,,1,19481025,0,SAN03,h,KCR,0,1,0,exhibition,y,d
MLS194810250,partr101,MLS,1,2,value,15,6,0,0,0,0,0,0,1,0,1,19481025,0,SAN03,h,KCR,0,1,0,exhibition,y,d
MLS194810250,gardj103,MLS,1,2,value,12,2,0,0,0,0,0,0,0,0,0,19481025,0,SAN03,h,KCR,0,1,0,exhibition,y,d
MLS194810250,bockm101,MLS,1,5,value,27,0,3,0,0,0,,,,,1,19481025,0,SAN03,h,KCR,0,1,0,exhibition,y,d
MLS194810250,lemob101,MLS,1,1,value,15,1,2,0,0,0,,,,,1,19481025,0,SAN03,h,KCR,0,1,0,exhibition,y,d
MLS194810250,bearg102,MLS,1,1,value,12,0,0,0,0,0,,,,,0,19481025,0,SAN03,h,KCR,0,1,0,exhibition,y,d
KCR194810310,bocke101,MLS,1,5,value,15,0,0,0,0,0,,,,,1,19481031,0,LOS02,v,KCR,1,0,0,exhibition,y,d
KCR194810310,langd102,MLS,1,5,value,12,0,0,0,0,0,,,,,0,19481031,0,LOS02,v,KCR,1,0,0,exhibition,y,d
KCR194810310,robij103,MLS,1,4,value,27,0,3,0,1,0,,,,,1,19481031,0,LOS02,v,KCR,1,0,0,exhibition,y,d
KCR194810310,vicos101,MLS,1,3,value,15,7,1,0,1,0,,,,,1,19481031,0,LOS02,v,KCR,1,0,0,exhibition,y,d
KCR194810310,stevc101,MLS,1,3,value,12,5,0,0,1,0,,,,,0,19481031,0,LOS02,v,KCR,1,0,0,exhibition,y,d
KCR194810310,zaria101,MLS,1,8,value,27,2,0,0,0,0,,,,,1,19481031,0,LOS02,v,KCR,1,0,0,exhibition,y,d
KCR194810310,jonen101,MLS,1,9,value,27,0,0,0,0,0,,,,,1,19481031,0,LOS02,v,KCR,1,0,0,exhibition,y,d
KCR194810310,beraj101,MLS,1,6,value,27,5,5,0,2,0,,,,,1,19481031,0,LOS02,v,KCR,1,0,0,exhibition,y,d
KCR194810310,mapec101,MLS,1,7,value,27,1,0,0,0,0,,,,,1,19481031,0,LOS02,v,KCR,1,0,0,exhibition,y,d
KCR194810310,partr101,MLS,1,2,value,15,3,0,0,0,0,0,0,0,0,1,19481031,0,LOS02,v,KCR,1,0,0,exhibition,y,d
KCR194810310,dappc101,MLS,1,2,value,12,3,1,0,0,0,0,0,1,0,0,19481031,0,LOS02,v,KCR,1,0,0,exhibition,y,d
KCR194810310,lemob101,MLS,1,1,value,15,1,2,0,1,0,,,,,1,19481031,0,LOS02,v,KCR,1,0,0,exhibition,y,d
KCR194810310,dickm101,MLS,1,1,value,12,0,1,0,0,0,,,,,0,19481031,0,LOS02,v,KCR,1,0,0,exhibition,y,d
KCR194810310,willj111,KCR,1,6,value,27,1,2,2,0,0,,,,,1,19481031,0,LOS02,h,MLS,0,1,0,exhibition,y,d
KCR194810310,warea101,KCR,1,3,value,27,9,0,0,0,0,,,,,1,19481031,0,LOS02,h,MLS,0,1,0,exhibition,y,d
KCR194810310,soueh101,KCR,1,5,value,27,3,0,0,0,0,,,,,1,19481031,0,LOS02,h,MLS,0,1,0,exhibition,y,d
KCR194810310,kelll101,KCR,1,4,value,27,1,3,0,0,0,,,,,1,19481031,0,LOS02,h,MLS,0,1,0,exhibition,y,d
KCR194810310,steee102,KCR,1,9,value,24,4,0,1,0,0,,,,,1,19481031,0,LOS02,h,MLS,0,1,0,exhibition,y,d
KCR194810310,porta103,KCR,1,1,value,3,0,0,0,0,0,,,,,0,19481031,0,LOS02,h,MLS,0,1,0,exhibition,y,d
KCR194810310,smite111,KCR,1,8,value,27,2,1,0,0,0,,,,,1,19481031,0,LOS02,h,MLS,0,1,0,exhibition,y,d
KCR194810310,bellj103,KCR,1,7,value,27,2,0,0,0,0,,,,,1,19481031,0,LOS02,h,MLS,0,1,0,exhibition,y,d
KCR194810310,hairs101,KCR,1,2,value,21,5,0,1,0,0,0,2,1,0,1,19481031,0,LOS02,h,MLS,0,1,0,exhibition,y,d
KCR194810310,lamaj102,KCR,1,1,value,3,0,1,0,0,0,,,,,0,19481031,0,LOS02,h,MLS,0,1,0,exhibition,y,d
KCR194810310,robin101,KCR,1,9,value,3,0,0,0,0,0,,,,,0,19481031,0,LOS02,h,MLS,0,1,0,exhibition,y,d
KCR194810310,paigs101,KCR,1,1,value,15,0,0,0,0,0,,,,,1,19481031,0,LOS02,h,MLS,0,1,0,exhibition,y,d
KCR194810310,millh104,KCR,1,1,value,6,0,0,0,0,0,,,,,0,19481031,0,LOS02,h,MLS,0,1,0,exhibition,y,d
KCR194810310,renfc101,KCR,1,2,value,6,0,0,0,0,0,0,0,0,0,0,19481031,0,LOS02,h,MLS,0,1,0,exhibition,y,d
KCR194811071,bocke101,MLS,1,6,value,27,1,5,0,1,0,,,,,1,19481107,1,LOS02,v,KCR,1,0,0,exhibition,y,d
KCR194811071,stevc101,MLS,1,3,value,27,13,1,0,1,0,,,,,1,19481107,1,LOS02,v,KCR,1,0,0,exhibition,y,d
KCR194811071,vicos101,MLS,1,9,value,27,2,0,0,0,0,,,,,1,19481107,1,LOS02,v,KCR,1,0,0,exhibition,y,d
KCR194811071,zaria101,MLS,1,8,value,27,2,0,0,0,0,,,,,1,19481107,1,LOS02,v,KCR,1,0,0,exhibition,y,d
KCR194811071,jonen101,MLS,1,4,value,27,5,4,0,1,0,,,,,1,19481107,1,LOS02,v,KCR,1,0,0,exhibition,y,d
KCR194811071,mapec101,MLS,1,7,value,27,1,0,0,0,0,,,,,1,19481107,1,LOS02,v,KCR,1,0,0,exhibition,y,d
KCR194811071,langd102,MLS,1,5,value,27,0,2,0,0,0,,,,,1,19481107,1,LOS02,v,KCR,1,0,0,exhibition,y,d
KCR194811071,partr101,MLS,1,2,value,18,0,0,0,0,0,0,1,0,0,1,19481107,1,LOS02,v,KCR,1,0,0,exhibition,y,d
KCR194811071,dappc101,MLS,1,2,value,9,3,1,0,0,0,0,0,0,1,0,19481107,1,LOS02,v,KCR,1,0,0,exhibition,y,d
KCR194811071,bearg102,MLS,1,1,value,18,0,3,1,0,0,,,,,1,19481107,1,LOS02,v,KCR,1,0,0,exhibition,y,d
KCR194811071,dickm101,MLS,1,1,value,9,0,0,0,0,0,,,,,0,19481107,1,LOS02,v,KCR,1,0,0,exhibition,y,d
KCR194811071,willj111,KCR,1,6,value,27,2,3,0,0,0,,,,,1,19481107,1,LOS02,h,MLS,0,1,0,exhibition,y,d
KCR194811071,warea101,KCR,1,3,value,27,10,3,0,0,0,,,,,1,19481107,1,LOS02,h,MLS,0,1,0,exhibition,y,d
KCR194811071,smite111,KCR,1,8,value,27,2,0,0,0,0,,,,,1,19481107,1,LOS02,h,MLS,0,1,0,exhibition,y,d
KCR194811071,kelll101,KCR,1,5,value,27,0,1,0,0,0,,,,,1,19481107,1,LOS02,h,MLS,0,1,0,exhibition,y,d
KCR194811071,neilr101,KCR,1,4,value,27,3,3,0,0,0,,,,,1,19481107,1,LOS02,h,MLS,0,1,0,exhibition,y,d
KCR194811071,renfc101,KCR,1,9,value,9,0,1,0,0,0,,,,,1,19481107,1,LOS02,h,MLS,0,1,0,exhibition,y,d
KCR194811071,steee102,KCR,1,9,value,6,0,0,0,0,0,,,,,0,19481107,1,LOS02,h,MLS,0,1,0,exhibition,y,d
KCR194811071,hairs101,KCR,1,9,value,9,1,0,0,0,0,,,,,0,19481107,1,LOS02,h,MLS,0,1,0,exhibition,y,d
KCR194811071,hairs101,KCR,2,2,value,3,3,0,0,0,0,0,1,0,0,0,19481107,1,LOS02,h,MLS,0,1,0,exhibition,y,d
KCR194811071,bellj103,KCR,1,7,value,27,0,0,0,0,0,,,,,1,19481107,1,LOS02,h,MLS,0,1,0,exhibition,y,d
KCR194811071,haywb102,KCR,1,2,value,24,5,0,0,0,0,0,0,1,0,1,19481107,1,LOS02,h,MLS,0,1,0,exhibition,y,d
KCR194811071,robin101,KCR,1,9,value,3,0,0,0,0,0,,,,,0,19481107,1,LOS02,h,MLS,0,1,0,exhibition,y,d
KCR194811071,paigs101,KCR,1,1,value,21,1,2,1,0,0,,,,,1,19481107,1,LOS02,h,MLS,0,1,0,exhibition,y,d
KCR194811071,lamaj102,KCR,1,1,value,3,0,1,1,0,0,,,,,0,19481107,1,LOS02,h,MLS,0,1,0,exhibition,y,d
KCR194811071,porta103,KCR,1,1,value,0,0,0,0,0,0,,,,,0,19481107,1,LOS02,h,MLS,0,1,0,exhibition,y,d
KCR194811071,millh104,KCR,1,1,value,3,0,0,0,0,0,,,,,0,19481107,1,LOS02,h,MLS,0,1,0,exhibition,y,d
KCR194811072,bocke101,MLS,1,6,value,15,1,0,1,0,0,,,,,1,19481107,2,LOS02,v,KCR,0,1,0,exhibition,y,d
KCR194811072,stevc101,MLS,1,3,value,15,9,0,0,0,0,,,,,1,19481107,2,LOS02,v,KCR,0,1,0,exhibition,y,d
KCR194811072,vicos101,MLS,1,9,value,15,1,0,0,0,0,,,,,1,19481107,2,LOS02,v,KCR,0,1,0,exhibition,y,d
KCR194811072,zaria101,MLS,1,8,value,15,0,0,0,0,0,,,,,1,19481107,2,LOS02,v,KCR,0,1,0,exhibition,y,d
KCR194811072,jonen101,MLS,1,4,value,15,1,4,0,0,0,,,,,1,19481107,2,LOS02,v,KCR,0,1,0,exhibition,y,d
KCR194811072,mapec101,MLS,1,7,value,15,0,0,0,0,0,,,,,1,19481107,2,LOS02,v,KCR,0,1,0,exhibition,y,d
KCR194811072,langd102,MLS,1,5,value,15,0,0,0,0,0,,,,,1,19481107,2,LOS02,v,KCR,0,1,0,exhibition,y,d
KCR194811072,gardj103,MLS,1,2,value,15,3,1,0,0,0,1,0,2,0,1,19481107,2,LOS02,v,KCR,0,1,0,exhibition,y,d
KCR194811072,lemob101,MLS,1,1,value,15,0,3,0,0,0,,,,,1,19481107,2,LOS02,v,KCR,0,1,0,exhibition,y,d
KCR194811072,willj111,KCR,1,6,value,18,5,1,0,0,0,,,,,1,19481107,2,LOS02,h,MLS,1,0,0,exhibition,y,d
KCR194811072,warea101,KCR,1,3,value,18,7,0,0,0,0,,,,,1,19481107,2,LOS02,h,MLS,1,0,0,exhibition,y,d
KCR194811072,soueh101,KCR,1,5,value,18,0,1,1,0,0,,,,,1,19481107,2,LOS02,h,MLS,1,0,0,exhibition,y,d
KCR194811072,hairs101,KCR,1,9,value,18,0,0,0,0,0,,,,,1,19481107,2,LOS02,h,MLS,1,0,0,exhibition,y,d
KCR194811072,smite111,KCR,1,8,value,18,1,0,0,0,0,,,,,1,19481107,2,LOS02,h,MLS,1,0,0,exhibition,y,d
KCR194811072,neilr101,KCR,1,4,value,18,0,2,0,0,0,,,,,1,19481107,2,LOS02,h,MLS,1,0,0,exhibition,y,d
KCR194811072,renfc101,KCR,1,2,value,18,3,0,0,0,0,0,0,0,0,1,19481107,2,LOS02,h,MLS,1,0,0,exhibition,y,d
KCR194811072,bellj103,KCR,1,7,value,18,2,0,0,0,0,,,,,1,19481107,2,LOS02,h,MLS,1,0,0,exhibition,y,d
KCR194811072,brewc102,KCR,1,1,value,15,0,4,0,0,0,,,,,1,19481107,2,LOS02,h,MLS,1,0,0,exhibition,y,d
KCR194811072,millh104,KCR,1,1,value,3,0,0,0,0,0,,,,,0,19481107,2,LOS02,h,MLS,1,0,0,exhibition,y,d
