gid,visteam,hometeam,site,date,number,starttime,daynight,innings,tiebreaker,usedh,htbf,timeofgame,attendance,fieldcond,precip,sky,temp,winddir,windspeed,oscorer,forfeit,suspend,umphome,ump1b,ump2b,ump3b,umplf,umprf,wp,lp,save,gametype,vruns,hruns,wteam,lteam,line,batteries,lineups,box,pbp,season
HIL192810060,MLS,HIL,DAR01,19281006,0,0:00PM,day,,,false,,-1,0,unknown,unknown,unknown,0,unknown,-1,,,,,,,,,,cockp101,myere101,,exhibition,3,5,HIL,MLS,y,both,y,y,,1928
MLS192810080,HIL,MLS,MTH01,19281008,0,0:00PM,day,,,false,,-1,0,unknown,unknown,unknown,0,unknown,-1,,,,,,,,,,cartc101,smits102,,exhibition,7,2,HIL,MLS,y,both,y,y,,1928
MLS193110030,HIL,MLS,PHI09,19311003,0,0:00PM,night,,,false,,-1,3500,unknown,unknown,unknown,0,unknown,-1,,,,,,,,,,cockp101,heimf101,,exhibition,6,5,HIL,MLS,y,both,y,y,,1931
MLS193110040,HIL,MLS,FAI01,19311004,0,0:00PM,day,,,false,,-1,3000,unknown,unknown,unknown,0,unknown,-1,,,,,,,,,,mcdow101,heimf101,,exhibition,7,0,HIL,MLS,y,both,y,y,,1931
HIL193110101,MLS,HIL,DAR01,19311010,1,,day,,,,,,3000,,,,,,,,,,,,,,,,cartp102,heimf101,,exhibition,0,2,HIL,MLS,y,both,y,y,,1931
HIL193110102,MLS,HIL,DAR01,19311010,2,,day,,,,,,,,,,,,,,,,,,,,,,charp102,chamu101,mcdow101,exhibition,2,5,HIL,MLS,y,both,y,y,,1931
MLS193110111,HIL,MLS,FAI01,19311011,1,0:00PM,day,,,false,,-1,3000,unknown,unknown,unknown,0,unknown,-1,,,,,,,,,,heimf101,mcdow101,,exhibition,3,6,MLS,HIL,y,both,y,y,,1931
MLS193110112,HIL,MLS,FAI01,19311011,2,0:00PM,day,,,false,,-1,3000,unknown,unknown,unknown,0,unknown,-1,,,,,,,,,,higgm102,ryanr102,,exhibition,0,1,MLS,HIL,y,both,y,y,,1931
MLS193510121,NNS,MLS,PHI11,19351012,1,,night,,,false,,-1,2500,unknown,unknown,unknown,0,unknown,-1,,,,schau901,gansj101,(none),gilbu901,,,mcdow101,deand102,,exhibition,7,1,NNS,MLS,y,both,y,y,,1935
MLS193510122,NNS,MLS,PHI11,19351012,2,0:00PM,night,,,false,,-1,2500,unknown,unknown,unknown,0,unknown,-1,,,,gilbu901,gansj101,,schau901,,,,,,exhibition,0,0,,,y,both,y,y,,1935
KCM193510130,MLS,KCM,KAN05,19351013,0,,night,,,false,,0,1200,unknown,unknown,unknown,0,unknown,-1,,,,,,,,,,paigs101,bowmj101,bevec101,exhibition,0,6,KCM,MLS,y,both,y,y,d,1935
NNS193610010,MLS,NNS,DAV01,19361001,0,,night,,,false,,125,2945,unknown,unknown,unknown,0,unknown,-1,,,,brosu901,caldu901,(none),charu901,,,winfj101,porta103,,exhibition,2,1,MLS,NNS,y,both,y,y,d,1936
MLS193610020,NNS,MLS,DES01,19361002,0,,night,,,false,,150,3500,unknown,unknown,unknown,0,unknown,-1,,,,willl902,haydu901,,,,,matll101,weavj101,,exhibition,5,2,NNS,MLS,y,both,y,y,d,1936
MLS193610041,NNS,MLS,DEN03,19361004,1,,day,,,false,,116,0,unknown,unknown,unknown,0,unknown,-1,,,,darnu901,bridu901,,,,,paigs101,winfj101,,exhibition,6,3,NNS,MLS,y,both,y,y,d,1936
NNS193610042,MLS,NNS,DEN03,19361004,2,,day,7,,false,,83,0,unknown,unknown,unknown,0,unknown,-1,,,,bridu901,darnu901,,,,,grifb102,weavj101,matll101,exhibition,4,6,NNS,MLS,y,both,y,y,d,1936
MLS193610070,NNS,MLS,DES01,19361007,0,,night,,,false,,125,5000,unknown,unknown,unknown,0,unknown,-1,,,,willl902,naylu901,,,,,porta103,rybam101,grifb102,exhibition,4,2,NNS,MLS,y,both,y,y,d,1936
KCM193710050,MLS,KCM,DAV01,19371005,0,,night,,,false,,113,5000,unknown,unknown,unknown,0,unknown,-1,,,,duhlu901,rahit901,,,,,warnl101,cornw101,,exhibition,5,3,MLS,KCM,y,both,y,y,d,1937
MLS193710070,KCM,MLS,CED01,19371007,0,,night,,,false,,130,1700,unknown,unknown,unknown,0,unknown,-1,,,,saveu901,mcfau901,,,,,weavj101,barnv103,warnl101,exhibition,5,6,MLS,KCM,y,both,y,y,d,1937
KCM193710090,MLS,KCM,MAN01,19371009,0,,night,,,false,,0,1800,unknown,unknown,unknown,0,unknown,-1,,,,,,,,,,fettl101,cornw101,browm103,exhibition,6,3,MLS,KCM,y,both,y,y,d,1937
KCM193710101,MLS,KCM,KAN05,19371010,1,,day,,,false,,0,2500,unknown,unknown,unknown,0,unknown,-1,,,,walla901,mcdou901,,,,,warnl101,barnv103,browm103,exhibition,1,0,MLS,KCM,y,both,y,y,d,1937
KCM193710102,MLS,KCM,WIC01,19371010,2,,night,,,false,,0,2000,unknown,unknown,unknown,0,unknown,-1,,,,reynu901,fairu901,,,,,kranf101,fettl101,,exhibition,4,5,KCM,MLS,y,both,y,y,d,1937
MLS193710110,KCM,MLS,OKC01,19371011,0,,night,,,false,,130,0,unknown,unknown,unknown,0,unknown,-1,,,,perku901,fitzu901,,,,,smith111,fettl101,,exhibition,10,0,KCM,MLS,y,both,y,y,d,1937
MLS193910080,NNS,MLS,BAL10,19391008,0,,day,,,false,,0,2000,unknown,unknown,unknown,0,unknown,-1,,,,simmu901,cromu901,,,,,applp101,cainm101,thomb102,exhibition,1,3,MLS,NNS,y,both,y,y,d,1939
MLS194110050,KCM,MLS,STL07,19411005,0,0:00PM,night,,,false,,-1,10124,unknown,unknown,unknown,0,unknown,-1,,,,barla901,,,,,,fellb101,paigs101,heink101,exhibition,1,4,MLS,KCM,y,both,y,y,,1941
MLS194310170,KCR,MLS,LGB01,19431017,0,,day,,,,,,3200,,,,,,,,,,,,,,,,,olsew101,,exhibition,2,0,KCR,MLS,y,both,,,,1943
KCR194311050,MLS,KCR,LOS02,19431105,0,,night,,,false,,0,4000,unknown,unknown,unknown,0,unknown,-1,,,,,,,,,,salvj101,matcj101,castg101,exhibition,4,2,MLS,KCR,y,both,y,y,d,1943
KCR194311141,MLS,KCR,LOS02,19431114,1,,day,9,,FALSE,,,,,,,,,,,,,,,,,,,olsew101,matcj101,,exhibition,6,2,MLS,KCR,y,both,,,,1943
KCR194311142,MLS,KCR,LOS02,19431114,2,,day,,,,,,,,,,,,,,,,,,,,,,seinb101,brewc102,,exhibition,1,0,MLS,KCR,y,both,,,,1943
MLS194410110,KCR,MLS,LOS02,19441011,0,,night,,,false,,135,0,unknown,unknown,unknown,0,unknown,-1,,,,conrh901,,,,,,barrr101,brewc102,,exhibition,4,5,MLS,KCR,y,both,y,y,d,1944
KCR194410221,MLS,KCR,LOS05,19441022,1,,day,9,,FALSE,,,1500,,,,,,,,,,,,,,,,smith111,paepj101,,exhibition,1,3,KCR,MLS,y,both,,,,1944
MLS194410222,KCR,MLS,LOS05,19441022,2,,day,,,,,,1500,,,,,,,,,,,,,,,,bassp101,burnu101,,exhibition,2,0,KCR,MLS,y,both,,,,1944
MLS194710120,KCR,MLS,SAN03,19471012,0,,day,,,false,,155,2100,unknown,unknown,unknown,0,unknown,-1,,,,estej901,angur901,,,,,florj101,willj112,,exhibition,3,4,MLS,KCR,y,both,y,y,d,1947
KCR194710230,MLS,KCR,LOS02,19471023,0,,night,,,false,,0,4268,unknown,unknown,unknown,0,unknown,-1,,,,,,,,,,newbj101,florj101,,exhibition,3,4,KCR,MLS,y,both,y,y,d,1947
KCR194710260,MLS,KCR,LOS02,19471026,0,,day,,,false,,0,7416,unknown,unknown,unknown,0,unknown,-1,,,,,,,,,,newbj101,lindj101,,exhibition,2,3,KCR,MLS,y,both,y,y,d,1947
KCR194810170,MLS,KCR,LOS02,19481017,0,,day,,,false,,0,7462,unknown,unknown,unknown,0,unknown,-1,,,,fordu901,ashfe901,,,,,caplb101,smite111,,exhibition,4,2,MLS,KCR,y,both,y,y,d,1948
KCR194810240,MLS,KCR,LOS02,19481024,0,,day,,,false,,0,13552,unknown,unknown,unknown,0,unknown,-1,,,,ashfe901,fordu901,,,,,paigs101,bearg102,lamaj102,exhibition,3,4,KCR,MLS,y,both,y,y,d,1948
MLS194810250,KCR,MLS,SAN03,19481025,0,,night,,,false,,159,5264,unknown,unknown,unknown,0,unknown,-1,,,,estej901,dehaf901,,,,,millh104,bearg102,,exhibition,7,5,KCR,MLS,y,both,y,y,d,1948
KCR194810310,MLS,KCR,LOS02,19481031,0,,day,,,false,,0,14625,unknown,unknown,unknown,0,unknown,-1,,,,ashfe901,fordu901,,,,,lemob101,paigs101,dickm101,exhibition,8,4,MLS,KCR,y,both,y,y,d,1948
KCR194811071,MLS,KCR,LOS02,19481107,1,,day,,,false,,0,0,unknown,unknown,unknown,0,unknown,-1,,,,ashfe901,fordu901,,,,,dickm101,lamaj102,,exhibition,8,7,MLS,KCR,y,both,y,y,d,1948
KCR194811072,MLS,KCR,LOS02,19481107,2,,day,,,false,,0,10006,unknown,unknown,unknown,0,unknown,-1,,,,ashfe901,fordu901,,,,,brewc102,lemob101,millh104,exhibition,2,5,KCR,MLS,y,both,y,y,d,1948
