gid,id,team,b_lp,b_seq,stattype,b_pa,b_ab,b_r,b_h,b_d,b_t,b_hr,b_rbi,b_sh,b_sf,b_hbp,b_w,b_iw,b_k,b_sb,b_cs,b_gdp,b_xi,b_roe,dh,ph,pr,date,number,site,vishome,opp,win,loss,tie,gametype,box,pbp
HOM193904050,banks101,HOM,,,value,,,,1,,1,,,,,,,,,,,,,,,,,19390405,0,ORL01,h,NW2,1,0,0,exhibition,,
HOM193904050,leonb101,HOM,,,value,,,,1,,1,,,,,,,,,,,,,,,,,19390405,0,ORL01,h,NW2,1,0,0,exhibition,,
HOM193904050,willh105,HOM,,,value,,,,1,,1,,,,,,,,,,,,,,,,,19390405,0,ORL01,h,NW2,1,0,0,exhibition,,
HOM193904050,partr102,HOM,,,value,,,,,,,,,,,,,,,,,,,,,,,19390405,0,ORL01,h,NW2,1,0,0,exhibition,,
HOM193904140,benjj101,HOM,,,value,,,1,1,1,,,,,,,,,,,,,,,,,,19390414,0,ORL01,h,CV9,1,0,0,exhibition,,
HOM193904140,harrv102,HOM,,,value,,,1,1,1,,,1,,,,,,,,,,,,,,,19390414,0,ORL01,h,CV9,1,0,0,exhibition,,
HOM193904140,gibsj101,HOM,,,value,,,3,,,1,,1,,,,,,,,,,,,,,,19390414,0,ORL01,h,CV9,1,0,0,exhibition,,
HOM194004050,ray-j102,CV9,1,1,value,5,4,0,1,0,0,0,,0,,0,1,,,0,,,0,,,,,19400405,0,ORL01,v,HOM,0,1,0,exhibition,y,
HOM194004050,jonem103,CV9,2,1,value,5,4,0,1,1,0,0,,1,,0,0,0,,0,,,0,,,,,19400405,0,ORL01,v,HOM,0,1,0,exhibition,y,
HOM194004050,clevd101,CV9,3,1,value,5,5,2,2,0,0,0,,0,,0,0,0,,0,,,0,,,,,19400405,0,ORL01,v,HOM,0,1,0,exhibition,y,
HOM194004050,turnh101,CV9,4,1,value,5,3,1,0,0,0,0,,0,,0,2,,,0,,,0,,,,,19400405,0,ORL01,v,HOM,0,1,0,exhibition,y,
HOM194004050,sampo101,CV9,5,1,value,5,2,2,0,0,0,0,,0,,0,3,,,0,,,0,,,,,19400405,0,ORL01,v,HOM,0,1,0,exhibition,y,
HOM194004050,coler103,CV9,6,1,value,5,4,1,1,0,0,0,,0,,0,1,,,0,,,0,,,,,19400405,0,ORL01,v,HOM,0,1,0,exhibition,y,
HOM194004050,fraza101,CV9,7,1,value,5,2,2,1,0,0,0,,1,,1,1,,,1,,,0,,,,,19400405,0,ORL01,v,HOM,0,1,0,exhibition,y,
HOM194004050,lamac101,CV9,8,1,value,5,2,1,1,0,0,0,1,0,,0,3,,,0,,,0,,,,,19400405,0,ORL01,v,HOM,0,1,0,exhibition,y,
HOM194004050,owens101,CV9,9,1,value,1,1,0,0,0,0,0,,0,,0,0,0,,0,,,0,,,,,19400405,0,ORL01,v,HOM,0,1,0,exhibition,y,
HOM194004050,willj110,CV9,9,2,value,1,1,0,0,0,0,0,,0,,0,0,0,,1,,,0,,,,,19400405,0,ORL01,v,HOM,0,1,0,exhibition,y,
HOM194004050,whitc104,CV9,9,3,value,1,1,0,0,0,0,0,,0,,0,0,0,,0,,,0,,,,,19400405,0,ORL01,v,HOM,0,1,0,exhibition,y,
HOM194004050,henrp101,CV9,9,4,value,1,0,0,0,0,0,0,,0,,0,1,,,0,,,0,,,,,19400405,0,ORL01,v,HOM,0,1,0,exhibition,y,
HOM194004050,thoml105,CV9,9,5,value,1,1,0,0,0,0,0,,0,,0,0,0,,0,,,0,,,,,19400405,0,ORL01,v,HOM,0,1,0,exhibition,y,
HOM194004050,whatd101,HOM,1,1,value,5,5,1,2,0,0,0,,0,,0,0,0,,0,,,0,,,,,19400405,0,ORL01,h,CV9,1,0,0,exhibition,y,
HOM194004050,benjj101,HOM,2,1,value,5,1,1,0,0,0,0,,0,,0,4,,,0,,,0,,,,,19400405,0,ORL01,h,CV9,1,0,0,exhibition,y,
HOM194004050,harrv102,HOM,3,1,value,5,4,1,1,0,1,0,1,1,,0,0,0,,0,,,0,,,,,19400405,0,ORL01,h,CV9,1,0,0,exhibition,y,
HOM194004050,leonb101,HOM,4,1,value,5,4,1,0,0,0,0,,0,,1,0,0,,0,,,0,,,,,19400405,0,ORL01,h,CV9,1,0,0,exhibition,y,
HOM194004050,easth104,HOM,5,1,value,5,5,1,1,0,0,0,,0,,0,0,0,,0,,,0,,,,,19400405,0,ORL01,h,CV9,1,0,0,exhibition,y,
HOM194004050,perrw101,HOM,6,1,value,5,4,1,2,0,0,0,2,0,,0,1,,,0,,,0,,,,,19400405,0,ORL01,h,CV9,1,0,0,exhibition,y,
HOM194004050,carlm101,HOM,7,1,value,5,2,2,0,0,0,0,1,0,,0,3,,,1,,,0,,,,,19400405,0,ORL01,h,CV9,1,0,0,exhibition,y,
HOM194004050,jackj104,HOM,8,1,value,4,3,1,1,0,0,0,,0,,0,1,,,0,,,0,,,,,19400405,0,ORL01,h,CV9,1,0,0,exhibition,y,
HOM194004050,walke103,HOM,9,1,value,3,3,1,2,0,0,0,2,0,,0,0,0,,0,,,0,,,,,19400405,0,ORL01,h,CV9,1,0,0,exhibition,y,
HOM194004050,hickj108,HOM,9,2,value,0,0,0,0,0,0,0,,0,,0,0,0,,0,,,0,,,,,19400405,0,ORL01,h,CV9,1,0,0,exhibition,y,
HOM194004050,browr103,HOM,9,3,value,1,1,0,1,0,0,0,,0,,0,0,0,,0,,,0,,,,,19400405,0,ORL01,h,CV9,1,0,0,exhibition,y,
HOM194104090,bradf104,KCM,,,value,,,,,,,,,,,,,,,,,,,,,,,19410409,0,ORL01,v,HOM,1,0,0,exhibition,,
HOM194104090,mcdab101,KCM,,,value,,,,,,,,,,,,,,,,,,,,,,,19410409,0,ORL01,v,HOM,1,0,0,exhibition,,
HOM194104090,walkg103,KCM,,,value,,,,,,,,,,,,,,,,,,,,,,,19410409,0,ORL01,v,HOM,1,0,0,exhibition,,
