gid,id,team,b_lp,b_seq,stattype,b_pa,b_ab,b_r,b_h,b_d,b_t,b_hr,b_rbi,b_sh,b_sf,b_hbp,b_w,b_iw,b_k,b_sb,b_cs,b_gdp,b_xi,b_roe,dh,ph,pr,date,number,site,vishome,opp,win,loss,tie,gametype,box,pbp,eject
BLS192705152,brows104,BLS,8,1,value,4,3,0,2,0,0,0,,1,,0,0,0,0,0,,,0,,,,,19270515,2,BAL13,h,CUE,1,0,0,regular,y,,
BLS192707311,brows104,BLS,7,1,value,4,4,0,0,0,0,0,0,0,,0,0,0,,0,,,0,,,,,19270731,1,BAL13,h,HIL,1,0,0,regular,y,,
BLS192710090,brows104,BLS,8,1,value,3,3,0,0,0,0,0,0,0,,0,0,,,0,,,,,,,,19271009,0,BAL13,h,ASB,1,0,0,exhibition,y,,
BLS192710160,brows104,BLS,8,1,value,4,4,0,0,0,0,0,,0,,0,0,,,0,,,,,,,,19271016,0,BAL13,h,ASB,1,0,0,exhibition,y,,
BLS192710300,brows104,BLS,8,1,value,4,4,0,0,0,0,0,,0,,0,0,,,0,,,,,,,,19271030,0,BAL13,h,ASB,1,0,0,exhibition,y,,
BLS192810280,brows104,BLS,8,1,value,3,3,0,0,0,0,0,,0,,0,0,,,1,,,,,,,,19281028,0,BAL13,h,ASB,0,1,0,exhibition,y,,
