gid,id,team,d_seq,d_pos,stattype,d_ifouts,d_po,d_a,d_e,d_dp,d_tp,d_pb,d_wp,d_sb,d_cs,d_gs,date,number,site,vishome,opp,win,loss,tie,gametype,box,pbp,eject
BLS192705152,brows104,BLS,1,6,value,27,3,3,0,2,0,,,,,1,19270515,2,BAL13,h,CUE,1,0,0,regular,y,,
BLS192707311,brows104,BLS,1,6,value,33,2,2,1,1,0,,,,,1,19270731,1,BAL13,h,HIL,1,0,0,regular,y,,
BLS192710090,brows104,BLS,1,6,value,21,2,0,0,0,0,,,,,1,19271009,0,BAL13,h,ASB,1,0,0,exhibition,y,,
BLS192710160,brows104,BLS,1,6,value,27,2,0,0,1,0,,,,,1,19271016,0,BAL13,h,ASB,1,0,0,exhibition,y,,
BLS192710300,brows104,BLS,1,6,value,27,1,2,1,0,0,,,,,1,19271030,0,BAL13,h,ASB,1,0,0,exhibition,y,,
BLS192810280,brows104,BLS,1,4,value,27,2,3,0,2,0,,,,,1,19281028,0,BAL13,h,ASB,0,1,0,exhibition,y,,
