gid,id,team,d_seq,d_pos,stattype,d_ifouts,d_po,d_a,d_e,d_dp,d_tp,d_pb,d_wp,d_sb,d_cs,d_gs,date,number,site,vishome,opp,win,loss,tie,gametype,box,pbp,eject
BIR194604210,jones105,CVB,1,1,value,9,,,0,,0,0,,,,,19460421,0,ATL05,v,BIR,1,0,0,exhibition,,,
CVB194605052,jones105,CVB,1,1,value,,,,0,,0,0,,,,,19460505,2,CLE06,h,BIR,0,1,0,regular,,,
BIR194605100,jones105,CVB,1,1,value,,,,0,,0,0,,,,1,19460510,0,BIR01,v,BIR,0,1,0,regular,,,
IN9194605210,jones105,CVB,1,1,value,27,,,0,,0,0,,,,1,19460521,0,COL05,v,IN9,1,0,0,regular,,,
CAG194605302,jones105,CVB,1,1,value,,,,0,,0,0,,,,1,19460530,2,CHI10,v,CAG,0,1,0,regular,,,
CVB194606092,jones105,CVB,1,1,value,19,0,0,1,0,0,,,,,1,19460609,2,CLE06,h,KCM,0,1,0,regular,y,d,
CVB194606100,jones105,CVB,1,1,value,3,,,0,,0,0,,,,,19460610,0,COL05,h,KCM,0,1,0,regular,,,
CVB194706082,jones105,CVB,1,1,value,21,,,0,,0,0,,,,1,19470608,2,CLE06,h,BIR,0,1,0,regular,,,
CVB194706151,jones105,CVB,1,1,value,3,,,0,,0,0,,,,,19470615,1,CLE06,h,KCM,1,0,0,regular,,,
BIR194706291,jones105,CVB,2,1,value,,,,0,,0,0,,,,,19470629,1,BIR01,v,BIR,0,1,0,regular,,,
CVB194707030,jones105,CVB,1,1,value,,,,0,,0,0,,,,1,19470703,0,DAY03,h,BIR,0,1,0,regular,,,
CVB194707310,jones105,CVB,1,1,value,,,,,,,,,,,1,19470731,0,IND10,h,HOM,0,1,0,exhibition,,,
CVB194707310,jones105,CVB,1,1,lower,15,,,,,,,,,,1,19470731,0,IND10,h,HOM,0,1,0,exhibition,,,
CVB194707310,jones105,CVB,1,1,upper,17,,,,,,,,,,1,19470731,0,IND10,h,HOM,0,1,0,exhibition,,,
CVB194708120,jones105,CVB,1,1,value,27,,,0,,0,0,,,,1,19470812,0,DAY03,h,CAG,1,0,0,regular,,,
BIR194708270,jones105,CVB,1,1,value,,,,0,,0,0,,,,1,19470827,0,MTG01,v,BIR,1,0,0,regular,,,
BLG194709011,jones105,CVB,1,1,value,24,0,3,0,0,0,,,,,1,19470901,1,BAL14,v,BLG,0,1,0,exhibition,y,,
CVB194709230,jones105,CVB,1,1,value,2,0,0,0,0,0,,,,,0,19470923,0,CLE07,h,NY6,0,1,0,championship,y,d,
BIR194805010,jones105,CVB,1,1,value,,,,0,,0,0,,,,1,19480501,0,BIR01,v,BIR,0,1,0,regular,,,
BIR194805070,jones105,CVB,1,1,value,,,,0,,0,0,,,,1,19480507,0,KNO01,v,BIR,0,1,0,regular,,,
CVB194805110,jones105,CVB,1,1,value,27,,,0,,0,0,,,,1,19480511,0,DAY03,h,BIR,1,0,0,regular,,,
KCM194805160,jones105,CVB,1,1,value,16,0,2,0,0,0,,,,,0,19480516,0,KAN05,v,KCM,0,1,0,regular,y,d,
KCM194805200,jones105,CVB,1,1,value,,,,0,,0,0,,,,,19480520,0,OKC02,v,KCM,0,1,0,regular,,,
MEM194805231,jones105,CVB,1,1,value,3,,,0,,0,0,,,,,19480523,1,MEM02,v,MEM,0,1,0,regular,,,
MEM194805232,jones105,CVB,1,1,value,15,,,0,,0,0,,,,1,19480523,2,MEM02,v,MEM,0,0,1,regular,,,
CVB194805280,jones105,CVB,1,1,value,27,,,0,,0,0,,,,1,19480528,0,DAY03,h,CAG,1,0,0,regular,,,
CVB194806010,jones105,CVB,1,1,value,27,,,0,,0,0,,,,1,19480601,0,DAY03,h,CAG,1,0,0,regular,,,
CVB194806131,jones105,CVB,1,1,value,30,,,0,,0,0,,,,1,19480613,1,CLE06,h,KCM,1,0,0,regular,,,
IN9194806220,jones105,CVB,1,1,value,27,,,0,,0,0,,,,1,19480622,0,COL05,v,IN9,1,0,0,regular,,,
KCM194806271,jones105,CVB,1,1,value,24,0,3,0,0,0,,,,,0,19480627,1,KAN05,v,KCM,1,0,0,regular,y,d,
CVB194807042,jones105,CVB,1,1,value,3,,,0,,0,0,,,,,19480704,2,CLE06,h,IN9,1,0,0,regular,,,
CVB194807190,jones105,CVB,1,1,value,24,,,0,,0,0,,,,1,19480719,0,DAY03,h,BIR,1,0,0,regular,,,
IN9194807300,jones105,CVB,1,1,value,9,,,0,,0,0,,,,,19480730,0,IND10,v,IN9,0,1,0,regular,,,
MEM194808011,jones105,CVB,1,1,value,,,,0,,0,0,,,,1,19480801,1,MEM02,v,MEM,0,1,0,regular,,,
MEM194808060,jones105,CVB,1,1,value,27,,,0,,0,0,,,,1,19480806,0,MEM02,v,MEM,1,0,0,regular,,,
BIR194808120,jones105,CVB,1,1,value,7,0,1,0,0,0,0,,,,1,19480812,0,BIR01,v,BIR,0,1,0,regular,y,,
CVB194808310,jones105,CVB,1,1,value,3,,,0,,0,0,,,,1,19480831,0,SPR04,h,KCM,0,1,0,regular,,,
CVB194809010,jones105,CVB,1,1,value,7,0,1,0,0,0,0,,,,1,19480901,0,YOU01,h,KCM,0,1,0,regular,y,,
CVB194809052,jones105,CVB,1,1,value,21,,,0,,0,0,,,,1,19480905,2,CLE06,h,CAG,1,0,0,regular,,,
LCB194905080,jones105,LCB,1,1,value,24,0,0,0,0,0,,,,,1,19490508,0,ATL04,h,NY6,0,1,0,regular,y,d,
BIR194905221,jones105,LCB,1,1,value,9,0,1,0,0,0,,,,,1,19490522,1,BIR01,v,BIR,0,1,0,regular,y,d,
BIR194905222,jones105,LCB,1,1,value,0,0,0,0,0,0,,,,,0,19490522,2,BIR01,v,BIR,0,1,0,regular,y,d,
CAG194905291,jones105,LCB,1,1,value,21,,,,,,,,,,1,19490529,1,CHI10,v,CAG,0,1,0,regular,,,
LCB194906010,jones105,LCB,1,1,value,27,,,0,,,,,,,1,19490601,0,DAY03,h,CAG,0,1,0,regular,,,
LCB194906051,jones105,LCB,1,1,value,,,,,,,,,,,1,19490605,1,BUF06,h,CAG,0,1,0,regular,,,
LCB194906122,jones105,LCB,,1,value,,,,,,,,,,,,19490612,2,BUF06,h,KCM,0,1,0,regular,,,
LCB194907080,jones105,LCB,1,1,value,,,,,,,,,,,1,19490708,0,NCO01,h,CAG,0,1,0,regular,,,
CAG194908100,jones105,LCB,1,1,value,,,,,,,,,,,1,19490810,0,EAU01,v,CAG,0,1,0,regular,,,
BIR194909230,jones105,LCB,1,1,value,,,,,,,,,,,1,19490923,0,BIR01,v,BIR,0,1,0,exhibition,,,
DET195109220,jones105,CLE,1,1,value,2,0,0,0,0,0,,,,,0,19510922,0,DET04,v,DET,0,1,0,regular,y,y,
CLE195109300,jones105,CLE,1,1,value,24,1,1,0,0,0,,,,,1,19510930,0,CLE07,h,DET,0,1,0,regular,y,y,
WS1195205030,jones105,CLE,1,1,value,2,0,0,0,0,0,,,,,0,19520503,0,WAS09,v,WS1,0,1,0,regular,y,y,
BOS195205040,jones105,CLE,1,1,value,6,0,0,0,0,0,,,,,0,19520504,0,BOS07,v,BOS,1,0,0,regular,y,y,
CLE195205140,jones105,CLE,1,1,value,5,0,0,0,0,0,,,,,0,19520514,0,CLE07,h,NYA,0,1,0,regular,y,y,
SLA195205252,jones105,CLE,1,1,value,18,0,0,0,0,0,,,,,1,19520525,2,STL07,v,SLA,1,0,0,regular,y,y,
CLE195205302,jones105,CLE,1,1,value,21,0,1,0,0,0,,,,,1,19520530,2,CLE07,h,CHA,0,1,0,regular,y,y,
BOS195206040,jones105,CLE,1,1,value,3,0,0,0,0,0,,,,,0,19520604,0,BOS07,v,BOS,0,1,0,regular,y,y,
PHA195206081,jones105,CLE,1,1,value,6,0,0,0,0,0,,,,,1,19520608,1,PHI11,v,PHA,0,1,0,regular,y,y,
PHA195206082,jones105,CLE,1,1,value,1,0,0,0,0,0,,,,,0,19520608,2,PHI11,v,PHA,0,1,0,regular,y,y,
CLE195206140,jones105,CLE,1,1,value,12,0,0,0,0,0,,,,,0,19520614,0,CLE07,h,NYA,0,1,0,regular,y,y,
PHA195207100,jones105,CLE,1,1,value,7,0,1,0,0,0,,,,,0,19520710,0,PHI11,v,PHA,0,1,0,regular,y,y,
WS1195207140,jones105,CLE,1,1,value,6,0,0,0,0,0,,,,,1,19520714,0,WAS09,v,WS1,0,1,0,regular,y,y,
CLE195207260,jones105,CLE,1,1,value,7,0,1,0,0,0,,,,,0,19520726,0,CLE07,h,WS1,0,1,0,regular,y,y,
CLE195208032,jones105,CLE,1,1,value,5,0,0,0,0,0,,,,,0,19520803,2,CLE07,h,PHA,0,1,0,regular,y,y,
DET195209280,jones105,CLE,1,1,value,9,0,0,0,0,0,,,,,0,19520928,0,DET04,v,DET,1,0,0,regular,y,y,
CIN195504110,jones105,CHN,1,1,value,15,0,1,0,0,0,,,,,0,19550411,0,CIN07,v,CIN,1,0,0,regular,y,y,
SLN195504160,jones105,CHN,1,1,value,17,0,2,0,0,0,,,,,1,19550416,0,STL07,v,SLN,0,1,0,regular,y,d,
CHN195504200,jones105,CHN,1,1,value,5,0,1,0,0,0,,,,,1,19550420,0,CHI11,h,MLN,0,1,0,regular,y,y,
CHN195504240,jones105,CHN,1,1,value,27,0,2,1,0,0,,,,,1,19550424,0,CHI11,h,CIN,1,0,0,regular,y,y,
BRO195504300,jones105,CHN,1,1,value,13,0,0,0,0,0,,,,,1,19550430,0,NYC15,v,BRO,0,1,0,regular,y,y,
NY1195505040,jones105,CHN,1,1,value,31,1,2,0,0,0,,,,,1,19550504,0,NYC14,v,NY1,0,1,0,regular,y,y,
CIN195505081,jones105,CHN,1,1,value,25,1,2,0,0,0,,,,,1,19550508,1,CIN07,v,CIN,1,0,0,regular,y,y,
CHN195505120,jones105,CHN,1,1,value,27,1,1,0,0,0,,,,,1,19550512,0,CHI11,h,PIT,1,0,0,regular,y,y,
CHN195505181,jones105,CHN,1,1,value,24,0,0,0,0,0,,,,,1,19550518,1,CHI11,h,PHI,1,0,0,regular,y,y,
MLN195505220,jones105,CHN,1,1,value,18,1,1,0,0,0,,,,,1,19550522,0,MIL05,v,MLN,0,1,0,regular,y,d,
CHN195505270,jones105,CHN,1,1,value,13,0,1,0,0,0,,,,,1,19550527,0,CHI11,h,MLN,0,1,0,regular,y,y,
PHI195506010,jones105,CHN,1,1,value,21,0,1,1,0,0,,,,,1,19550601,0,PHI11,v,PHI,0,1,0,regular,y,y,
NY1195506052,jones105,CHN,1,1,value,27,1,0,1,0,0,,,,,1,19550605,2,NYC14,v,NY1,1,0,0,regular,y,y,
BRO195506100,jones105,CHN,1,1,value,15,1,1,0,0,0,,,,,1,19550610,0,NYC15,v,BRO,0,1,0,regular,y,y,
CHN195506140,jones105,CHN,1,1,value,9,0,0,0,0,0,,,,,1,19550614,0,CHI11,h,NY1,0,1,0,regular,y,y,
CHN195506180,jones105,CHN,1,1,value,27,0,3,0,0,0,,,,,1,19550618,0,CHI11,h,PHI,1,0,0,regular,y,y,
CHN195506230,jones105,CHN,1,1,value,19,0,2,2,0,0,,,,,1,19550623,0,CHI11,h,BRO,0,1,0,regular,y,y,
MLN195506280,jones105,CHN,1,1,value,27,0,2,0,0,0,,,,,1,19550628,0,MIL05,v,MLN,1,0,0,regular,y,y,
CHN195507032,jones105,CHN,1,1,value,27,0,2,0,1,0,,,,,1,19550703,2,CHI11,h,SLN,1,0,0,regular,y,y,
CHN195507032,jones105,CHN,1,1,official,,,,0,0,,,,,,1,19550703,2,CHI11,h,SLN,1,0,0,regular,y,y,
CHN195507070,jones105,CHN,1,1,value,27,0,0,0,0,0,,,,,1,19550707,0,CHI11,h,MLN,0,1,0,regular,y,y,
NLS195507120,jones105,NLS,1,1,value,2,0,0,0,0,0,,,,,0,19550712,0,MIL05,h,ALS,1,0,0,allstar,y,y,
NY1195507150,jones105,CHN,1,1,value,18,0,1,0,0,0,,,,,1,19550715,0,NYC14,v,NY1,0,1,0,regular,y,y,
PHI195507171,jones105,CHN,1,1,value,4,0,0,0,0,0,,,,,0,19550717,1,PHI11,v,PHI,0,1,0,regular,y,y,
BRO195507201,jones105,CHN,1,1,value,11,0,0,0,0,0,,,,,1,19550720,1,NYC15,v,BRO,0,1,0,regular,y,y,
PIT195507242,jones105,CHN,1,1,value,27,2,0,0,0,0,,,,,1,19550724,2,PIT06,v,PIT,0,1,0,regular,y,d,
CHN195507290,jones105,CHN,1,1,value,24,0,0,0,0,0,,,,,1,19550729,0,CHI11,h,PHI,0,1,0,regular,y,y,
CHN195508032,jones105,CHN,1,1,value,20,0,4,0,0,0,,,,,1,19550803,2,CHI11,h,PIT,1,0,0,regular,y,y,
CHN195508080,jones105,CHN,1,1,value,27,2,1,0,0,0,,,,,1,19550808,0,CHI11,h,BRO,1,0,0,regular,y,y,
CHN195508130,jones105,CHN,1,1,value,12,1,1,0,0,0,,,,,1,19550813,0,CHI11,h,MLN,0,1,0,regular,y,y,
MLN195508200,jones105,CHN,1,1,value,17,1,1,0,0,0,,,,,1,19550820,0,MIL05,v,MLN,0,1,0,regular,y,y,
PIT195508260,jones105,CHN,1,1,value,27,1,3,0,0,0,,,,,1,19550826,0,PIT06,v,PIT,1,0,0,regular,y,y,
PHI195508300,jones105,CHN,1,1,value,22,0,0,0,0,0,,,,,1,19550830,0,PHI11,v,PHI,1,0,0,regular,y,y,
CHN195509051,jones105,CHN,1,1,value,27,0,0,0,0,0,,,,,1,19550905,1,CHI11,h,MLN,1,0,0,regular,y,y,
CHN195509092,jones105,CHN,1,1,value,17,0,0,0,0,0,,,,,1,19550909,2,CHI11,h,BRO,0,1,0,regular,y,y,
CHN195509130,jones105,CHN,1,1,value,13,0,0,0,0,0,,,,,1,19550913,0,CHI11,h,PHI,0,1,0,regular,y,y,
SLN195509200,jones105,CHN,1,1,value,18,0,0,0,0,0,,,,,1,19550920,0,STL07,v,SLN,0,1,0,regular,y,y,
CIN195509240,jones105,CHN,1,1,value,27,1,2,0,0,0,,,,,1,19550924,0,CIN07,v,CIN,1,0,0,regular,y,y,
CHN195604200,jones105,CHN,1,1,value,27,0,2,1,0,0,,,,,1,19560420,0,CHI11,h,CIN,1,0,0,regular,y,y,
SLN195604250,jones105,CHN,1,1,value,12,0,0,0,0,0,,,,,1,19560425,0,STL07,v,SLN,0,1,0,regular,y,y,
CIN195604292,jones105,CHN,1,1,value,10,0,0,0,0,0,,,,,1,19560429,2,CIN07,v,CIN,0,1,0,regular,y,y,
CHN195605062,jones105,CHN,1,1,value,17,0,2,0,0,0,,,,,1,19560506,2,CHI11,h,PIT,0,0,1,regular,y,y,
CHN195605132,jones105,CHN,1,1,value,11,0,0,1,0,0,,,,,1,19560513,2,CHI11,h,SLN,0,1,0,regular,y,y,
PIT195605190,jones105,CHN,1,1,value,5,0,0,0,0,0,,,,,1,19560519,0,PIT06,v,PIT,0,1,0,regular,y,d,
CHN195605290,jones105,CHN,1,1,value,15,0,0,0,0,0,,,,,1,19560529,0,CHI11,h,CIN,0,1,0,regular,y,y,
CHN195605302,jones105,CHN,1,1,value,3,0,0,0,0,0,,,,,0,19560530,2,CHI11,h,MLN,0,1,0,regular,y,y,
CHN195606010,jones105,CHN,1,1,value,6,0,1,0,0,0,,,,,0,19560601,0,CHI11,h,BRO,1,0,0,regular,y,y,
CHN195606060,jones105,CHN,1,1,value,6,0,1,0,0,0,,,,,0,19560606,0,CHI11,h,PIT,0,1,0,regular,y,y,
CHN195606102,jones105,CHN,1,1,value,25,3,1,0,1,0,,,,,1,19560610,2,CHI11,h,PHI,1,0,0,regular,y,y,
PHI195606172,jones105,CHN,1,1,value,27,0,1,1,0,0,,,,,1,19560617,2,PHI11,v,PHI,1,0,0,regular,y,y,
PIT195606242,jones105,CHN,1,1,value,15,0,0,0,0,0,,,,,1,19560624,2,PIT06,v,PIT,0,1,0,regular,y,d,
CHN195606300,jones105,CHN,1,1,value,16,0,1,0,0,0,,,,,1,19560630,0,CHI11,h,MLN,0,1,0,regular,y,y,
CIN195607042,jones105,CHN,1,1,value,18,0,0,0,0,0,,,,,1,19560704,2,CIN07,v,CIN,0,1,0,regular,y,y,
MLN195607070,jones105,CHN,1,1,value,3,0,0,0,0,0,,,,,0,19560707,0,MIL05,v,MLN,0,1,0,regular,y,y,
CHN195607122,jones105,CHN,1,1,value,27,1,0,0,0,0,,,,,1,19560712,2,CHI11,h,PIT,0,1,0,regular,y,y,
CHN195607160,jones105,CHN,1,1,value,18,1,0,0,0,0,,,,,1,19560716,0,CHI11,h,BRO,0,1,0,regular,y,y,
CHN195607182,jones105,CHN,1,1,value,3,0,0,0,0,0,,,,,0,19560718,2,CHI11,h,PHI,0,1,0,regular,y,y,
CHN195607222,jones105,CHN,1,1,value,21,0,0,0,0,0,,,,,1,19560722,2,CHI11,h,NY1,1,0,0,regular,y,y,
PIT195607260,jones105,CHN,1,1,value,19,0,0,1,0,0,,,,,1,19560726,0,PIT06,v,PIT,0,1,0,regular,y,y,
PHI195607310,jones105,CHN,1,1,value,19,1,0,0,0,0,,,,,1,19560731,0,PHI11,v,PHI,1,0,0,regular,y,y,
MLN195608060,jones105,CHN,1,1,value,18,0,1,0,0,0,,,,,1,19560806,0,MIL05,v,MLN,1,0,0,regular,y,y,
CHN195608110,jones105,CHN,1,1,value,24,0,1,0,1,0,,,,,1,19560811,0,CHI11,h,SLN,0,1,0,regular,y,y,
CHN195608160,jones105,CHN,1,1,value,27,1,2,0,0,0,,,,,1,19560816,0,CHI11,h,CIN,1,0,0,regular,y,y,
CHN195608210,jones105,CHN,1,1,value,23,0,1,0,0,0,,,,,1,19560821,0,CHI11,h,PHI,1,0,0,regular,y,y,
CHN195608262,jones105,CHN,1,1,value,21,0,1,0,0,0,,,,,1,19560826,2,CHI11,h,PIT,0,1,0,regular,y,d,
CIN195609010,jones105,CHN,1,1,value,21,1,1,0,0,0,,,,,1,19560901,0,CIN07,v,CIN,0,1,0,regular,y,y,
CHN195609070,jones105,CHN,1,1,value,27,0,3,0,1,0,,,,,1,19560907,0,CHI11,h,MLN,1,0,0,regular,y,y,
PIT195609120,jones105,CHN,1,1,value,27,0,1,0,0,0,,,,,1,19560912,0,PIT06,v,PIT,1,0,0,regular,y,d,
PHI195609162,jones105,CHN,1,1,value,15,0,0,0,0,0,,,,,1,19560916,2,PHI11,v,PHI,0,1,0,regular,y,y,
MLN195609220,jones105,CHN,1,1,value,19,1,0,0,0,0,,,,,1,19560922,0,MIL05,v,MLN,1,0,0,regular,y,y,
CHN195609290,jones105,CHN,1,1,value,21,0,2,0,0,0,,,,,1,19560929,0,CHI11,h,CIN,0,1,0,regular,y,y,
SLN195704212,jones105,SLN,1,1,value,27,0,0,0,0,0,,,,,1,19570421,2,STL07,h,CHN,1,0,0,regular,y,y,
PIT195704300,jones105,SLN,1,1,value,24,2,1,1,0,0,,,,,1,19570430,0,PIT06,v,PIT,1,0,0,regular,y,y,
PHI195705052,jones105,SLN,1,1,value,27,0,0,0,0,0,,,,,1,19570505,2,PHI11,v,PHI,1,0,0,regular,y,y,
SLN195705100,jones105,SLN,1,1,value,9,0,1,0,0,0,,,,,1,19570510,0,STL07,h,MLN,0,1,0,regular,y,y,
SLN195705150,jones105,SLN,1,1,value,2,0,0,0,0,0,,,,,1,19570515,0,STL07,h,NY1,1,0,0,regular,y,y,
SLN195705170,jones105,SLN,1,1,value,24,0,2,0,0,0,,,,,1,19570517,0,STL07,h,PHI,0,1,0,regular,y,y,
CIN195705240,jones105,SLN,1,1,value,9,0,0,0,0,0,,,,,1,19570524,0,CIN07,v,CIN,1,0,0,regular,y,y,
BRO195706150,jones105,SLN,1,1,value,18,0,2,0,0,0,,,,,1,19570615,0,NYC15,v,BRO,1,0,0,regular,y,y,
SLN195706191,jones105,SLN,1,1,value,27,0,2,0,0,0,,,,,1,19570619,1,STL07,h,PIT,1,0,0,regular,y,y,
SLN195706240,jones105,SLN,1,1,value,19,0,3,0,1,0,,,,,1,19570624,0,STL07,h,BRO,0,1,0,regular,y,y,
SLN195706290,jones105,SLN,1,1,value,33,1,1,0,0,0,,,,,1,19570629,0,STL07,h,NY1,0,1,0,regular,y,y,
CHN195707042,jones105,SLN,1,1,value,27,3,5,0,0,0,,,,,1,19570704,2,CHI11,v,CHN,1,0,0,regular,y,y,
SLN195707071,jones105,SLN,1,1,value,9,1,0,0,0,0,,,,,0,19570707,1,STL07,h,CIN,1,0,0,regular,y,y,
NY1195707120,jones105,SLN,1,1,value,27,0,2,0,0,0,,,,,1,19570712,0,NYC14,v,NY1,1,0,0,regular,y,y,
BRO195707170,jones105,SLN,1,1,value,27,1,0,0,0,0,,,,,1,19570717,0,NYC15,v,BRO,1,0,0,regular,y,y,
SLN195707230,jones105,SLN,1,1,value,24,0,1,0,0,0,,,,,1,19570723,0,STL07,h,BRO,0,1,0,regular,y,y,
SLN195708010,jones105,SLN,1,1,value,27,1,0,0,0,0,,,,,1,19570801,0,STL07,h,NY1,1,0,0,regular,y,y,
SLN195708060,jones105,SLN,1,1,value,20,1,2,0,0,0,,,,,1,19570806,0,STL07,h,CHN,0,1,0,regular,y,y,
SLN195708110,jones105,SLN,1,1,value,9,0,0,0,0,0,,,,,1,19570811,0,STL07,h,MLN,0,1,0,regular,y,y,
CHN195708150,jones105,SLN,1,1,value,24,0,1,0,0,0,,,,,1,19570815,0,CHI11,v,CHN,0,1,0,regular,y,y,
NY1195708201,jones105,SLN,1,1,value,27,1,1,0,0,0,,,,,1,19570820,1,NYC14,v,NY1,1,0,0,regular,y,y,
BRO195708250,jones105,SLN,1,1,value,19,1,3,0,0,0,,,,,1,19570825,0,NYC15,v,BRO,0,1,0,regular,y,y,
CHN195709010,jones105,SLN,1,1,value,18,0,0,0,0,0,,,,,1,19570901,0,CHI11,v,CHN,1,0,0,regular,y,y,
SLN195709050,jones105,SLN,1,1,value,27,0,0,0,0,0,,,,,1,19570905,0,STL07,h,MLN,1,0,0,regular,y,y,
SLN195709100,jones105,SLN,1,1,value,22,0,1,0,0,0,,,,,1,19570910,0,STL07,h,PHI,1,0,0,regular,y,y,
SLN195709152,jones105,SLN,1,1,value,19,0,0,0,0,0,,,,,1,19570915,2,STL07,h,PIT,1,0,0,regular,y,y,
CIN195709210,jones105,SLN,1,1,value,3,0,0,0,0,0,,,,,1,19570921,0,CIN07,v,CIN,0,1,0,regular,y,y,
MLN195709240,jones105,SLN,1,1,value,0,0,0,0,0,0,,,,,1,19570924,0,MIL05,v,MLN,0,1,0,regular,y,y,
CHN195804180,jones105,SLN,1,1,value,10,0,0,0,0,0,,,,,1,19580418,0,CHI11,v,CHN,0,1,0,regular,y,y,
SFN195804230,jones105,SLN,1,1,value,23,0,1,0,0,0,,,,,1,19580423,0,SFO01,v,SFN,0,1,0,regular,y,y,
LAN195804270,jones105,SLN,1,1,value,4,0,2,0,0,0,,,,,1,19580427,0,LOS01,v,LAN,0,1,0,regular,y,y,
SLN195805020,jones105,SLN,1,1,value,23,0,0,0,0,0,,,,,1,19580502,0,STL07,h,CIN,0,1,0,regular,y,y,
SLN195805090,jones105,SLN,1,1,value,27,0,2,0,0,0,,,,,1,19580509,0,STL07,h,CHN,1,0,0,regular,y,y,
CHN195805130,jones105,SLN,1,1,value,15,0,1,0,0,0,,,,,1,19580513,0,CHI11,v,CHN,1,0,0,regular,y,y,
SLN195805160,jones105,SLN,1,1,value,27,0,1,0,0,0,,,,,1,19580516,0,STL07,h,LAN,1,0,0,regular,y,y,
PHI195805210,jones105,SLN,1,1,value,24,0,0,0,0,0,,,,,1,19580521,0,PHI11,v,PHI,0,1,0,regular,y,y,
MLN195805270,jones105,SLN,1,1,value,26,1,1,1,0,0,,,,,1,19580527,0,MIL05,v,MLN,0,1,0,regular,y,y,
SLN195806010,jones105,SLN,1,1,value,18,0,2,0,0,0,,,,,1,19580601,0,STL07,h,SFN,0,1,0,regular,y,y,
SLN195806060,jones105,SLN,1,1,value,27,1,0,0,0,0,,,,,1,19580606,0,STL07,h,PHI,1,0,0,regular,y,y,
SLN195806110,jones105,SLN,1,1,value,24,2,0,0,0,0,,,,,1,19580611,0,STL07,h,CIN,1,0,0,regular,y,y,
SLN195806150,jones105,SLN,1,1,value,23,0,1,0,0,0,,,,,1,19580615,0,STL07,h,MLN,0,1,0,regular,y,y,
MLN195806200,jones105,SLN,1,1,value,21,1,0,0,0,0,,,,,1,19580620,0,MIL05,v,MLN,0,1,0,regular,y,y,
PIT195806240,jones105,SLN,1,1,value,18,1,0,0,0,0,,,,,1,19580624,0,PIT06,v,PIT,1,0,0,regular,y,y,
PHI195806291,jones105,SLN,1,1,value,22,0,0,0,0,0,,,,,1,19580629,1,PHI11,v,PHI,0,1,0,regular,y,y,
LAN195807031,jones105,SLN,1,1,value,21,1,0,0,0,0,,,,,1,19580703,1,LOS01,v,LAN,1,0,0,regular,y,y,
SLN195807110,jones105,SLN,1,1,value,27,1,2,0,0,0,,,,,1,19580711,0,STL07,h,PHI,1,0,0,regular,y,y,
SLN195807160,jones105,SLN,1,1,value,9,0,0,0,0,0,,,,,1,19580716,0,STL07,h,MLN,0,1,0,regular,y,y,
CIN195807200,jones105,SLN,1,1,value,27,0,0,0,0,0,,,,,1,19580720,0,CIN07,v,CIN,1,0,0,regular,y,y,
MLN195807240,jones105,SLN,1,1,value,27,0,3,0,2,0,,,,,1,19580724,0,MIL05,v,MLN,1,0,0,regular,y,y,
PHI195807290,jones105,SLN,1,1,value,30,0,2,0,0,0,,,,,1,19580729,0,PHI11,v,PHI,0,1,0,regular,y,y,
PIT195808020,jones105,SLN,1,1,value,24,0,5,0,1,0,,,,,1,19580802,0,PIT06,v,PIT,0,1,0,regular,y,y,
SLN195808070,jones105,SLN,1,1,value,27,1,0,0,0,0,,,,,1,19580807,0,STL07,h,SFN,1,0,0,regular,y,y,
SFN195808120,jones105,SLN,1,1,value,27,0,1,0,0,0,,,,,1,19580812,0,SFO01,v,SFN,1,0,0,regular,y,y,
LAN195808172,jones105,SLN,1,1,value,19,0,0,0,0,0,,,,,1,19580817,2,LOS01,v,LAN,0,1,0,regular,y,y,
SLN195808220,jones105,SLN,1,1,value,27,0,0,0,0,0,,,,,1,19580822,0,STL07,h,PHI,1,0,0,regular,y,y,
SLN195808260,jones105,SLN,1,1,value,9,1,1,0,0,0,,,,,1,19580826,0,STL07,h,PIT,0,1,0,regular,y,y,
SLN195808300,jones105,SLN,1,1,value,30,0,3,0,0,0,,,,,1,19580830,0,STL07,h,CHN,0,1,0,regular,y,y,
CHN195809040,jones105,SLN,1,1,value,27,0,0,0,0,0,,,,,1,19580904,0,CHI11,v,CHN,1,0,0,regular,y,y,
SLN195809090,jones105,SLN,1,1,value,16,0,1,0,0,0,,,,,1,19580909,0,STL07,h,CHN,1,0,0,regular,y,y,
PHI195809140,jones105,SLN,1,1,value,24,0,2,0,0,0,,,,,1,19580914,0,PHI11,v,PHI,1,0,0,regular,y,y,
SLN195809180,jones105,SLN,1,1,value,11,0,0,0,0,0,,,,,1,19580918,0,STL07,h,MLN,0,1,0,regular,y,y,
LAN195809230,jones105,SLN,1,1,value,24,1,1,0,0,0,,,,,1,19580923,0,LOS01,v,LAN,1,0,0,regular,y,y,
SFN195809280,jones105,SLN,1,1,value,12,0,0,0,0,0,,,,,1,19580928,0,SFO01,v,SFN,0,1,0,regular,y,y,
SLN195904110,jones105,SFN,1,1,value,27,0,2,0,0,0,,,,,1,19590411,0,STL07,v,SLN,1,0,0,regular,y,y,
SFN195904160,jones105,SFN,1,1,value,18,0,2,0,0,0,,,,,1,19590416,0,SFO01,h,CHN,0,1,0,regular,y,y,
LAN195904200,jones105,SFN,1,1,value,24,0,4,0,0,0,,,,,1,19590420,0,LOS01,v,LAN,0,1,0,regular,y,y,
LAN195904200,jones105,SFN,1,1,official,,,,0,1,,,,,,1,19590420,0,LOS01,v,LAN,0,1,0,regular,y,y,
LAN195904220,jones105,SFN,1,1,value,2,0,0,0,0,0,,,,,0,19590422,0,LOS01,v,LAN,1,0,0,regular,y,y,
CHN195904250,jones105,SFN,1,1,value,12,0,0,0,0,0,,,,,1,19590425,0,CHI11,v,CHN,0,1,0,regular,y,y,
MLN195905010,jones105,SFN,1,1,value,23,1,0,0,0,0,,,,,1,19590501,0,MIL05,v,MLN,1,0,0,regular,y,y,
CIN195905050,jones105,SFN,1,1,value,18,0,0,0,0,0,,,,,1,19590505,0,CIN07,v,CIN,0,1,0,regular,y,y,
SFN195905090,jones105,SFN,1,1,value,7,0,2,0,0,0,,,,,1,19590509,0,SFO01,h,LAN,0,1,0,regular,y,y,
SFN195905130,jones105,SFN,1,1,value,27,0,0,0,0,0,,,,,1,19590513,0,SFO01,h,PHI,1,0,0,regular,y,y,
SFN195905180,jones105,SFN,1,1,value,17,0,2,0,0,0,,,,,1,19590518,0,SFO01,h,MLN,0,1,0,regular,y,y,
SFN195905200,jones105,SFN,1,1,value,3,0,0,0,0,0,,,,,0,19590520,0,SFO01,h,MLN,1,0,0,regular,y,y,
LAN195905230,jones105,SFN,1,1,value,27,0,2,1,0,0,,,,,1,19590523,0,LOS01,v,LAN,1,0,0,regular,y,y,
SFN195905280,jones105,SFN,1,1,value,12,0,0,1,0,0,,,,,1,19590528,0,SFO01,h,SLN,1,0,0,regular,y,y,
MLN195906010,jones105,SFN,1,1,value,27,0,2,0,0,0,,,,,1,19590601,0,MIL05,v,MLN,1,0,0,regular,y,y,
CIN195906060,jones105,SFN,1,1,value,27,0,0,0,0,0,,,,,1,19590606,0,CIN07,v,CIN,1,0,0,regular,y,y,
PIT195906100,jones105,SFN,1,1,value,20,0,0,0,0,0,,,,,1,19590610,0,PIT06,v,PIT,1,0,0,regular,y,y,
PHI195906141,jones105,SFN,1,1,value,18,0,0,0,0,0,,,,,1,19590614,1,PHI11,v,PHI,0,1,0,regular,y,y,
SFN195906160,jones105,SFN,1,1,value,2,0,0,0,0,0,,,,,0,19590616,0,SFO01,h,CIN,0,1,0,regular,y,y,
SFN195906170,jones105,SFN,1,1,value,6,0,0,0,0,0,,,,,0,19590617,0,SFO01,h,CIN,1,0,0,regular,y,y,
SFN195906190,jones105,SFN,1,1,value,30,0,1,0,0,0,,,,,1,19590619,0,SFO01,h,MLN,1,0,0,regular,y,y,
SFN195906230,jones105,SFN,1,1,value,21,0,0,0,0,0,,,,,1,19590623,0,SFO01,h,PIT,0,1,0,regular,y,y,
SFN195906270,jones105,SFN,1,1,value,3,0,0,0,0,0,,,,,0,19590627,0,SFO01,h,PHI,0,1,0,regular,y,y,
LAN195906300,jones105,SFN,1,1,value,27,0,0,0,0,0,,,,,1,19590630,0,LOS01,v,LAN,1,0,0,regular,y,y,
SLN195907052,jones105,SFN,1,1,value,21,0,0,0,0,0,,,,,1,19590705,2,STL07,v,SLN,1,0,0,regular,y,y,
CIN195907090,jones105,SFN,1,1,value,4,0,2,0,0,0,,,,,0,19590709,0,CIN07,v,CIN,1,0,0,regular,y,y,
CIN195907100,jones105,SFN,1,1,value,9,0,0,0,0,0,,,,,0,19590710,0,CIN07,v,CIN,1,0,0,regular,y,y,
MLN195907130,jones105,SFN,1,1,value,21,0,2,0,0,0,,,,,1,19590713,0,MIL05,v,MLN,0,1,0,regular,y,y,
PIT195907170,jones105,SFN,1,1,value,27,1,0,0,0,0,,,,,1,19590717,0,PIT06,v,PIT,1,0,0,regular,y,y,
SFN195907210,jones105,SFN,1,1,value,27,0,2,0,0,0,,,,,1,19590721,0,SFO01,h,LAN,0,1,0,regular,y,y,
SFN195907240,jones105,SFN,1,1,value,6,0,0,0,0,0,,,,,0,19590724,0,SFO01,h,CHN,1,0,0,regular,y,y,
SFN195907280,jones105,SFN,1,1,value,15,1,1,0,1,0,,,,,1,19590728,0,SFO01,h,PHI,0,1,0,regular,y,y,
SFN195908010,jones105,SFN,1,1,value,20,0,1,0,0,0,,,,,1,19590801,0,SFO01,h,PIT,1,0,0,regular,y,y,
NLS195908030,jones105,NLS,1,1,value,6,0,0,1,0,0,,,,,0,19590803,0,LOS01,h,ALS,0,1,0,allstar,y,y,
SFN195908060,jones105,SFN,1,1,value,27,1,0,0,0,0,,,,,1,19590806,0,SFO01,h,MLN,1,0,0,regular,y,y,
SLN195908100,jones105,SFN,1,1,value,18,1,2,0,0,0,,,,,1,19590810,0,STL07,v,SLN,1,0,0,regular,y,y,
CHN195908140,jones105,SFN,1,1,value,18,0,1,0,0,0,,,,,1,19590814,0,CHI11,v,CHN,0,1,0,regular,y,y,
CHN195908160,jones105,SFN,1,1,value,3,0,0,0,0,0,,,,,0,19590816,0,CHI11,v,CHN,0,1,0,regular,y,y,
CIN195908170,jones105,SFN,1,1,value,6,0,0,0,0,0,,,,,0,19590817,0,CIN07,v,CIN,1,0,0,regular,y,y,
MLN195908200,jones105,SFN,1,1,value,27,1,1,0,0,0,,,,,1,19590820,0,MIL05,v,MLN,1,0,0,regular,y,y,
PIT195908240,jones105,SFN,1,1,value,9,0,0,0,0,0,,,,,1,19590824,0,PIT06,v,PIT,0,1,0,regular,y,y,
LAN195908280,jones105,SFN,1,1,value,27,2,0,0,0,0,,,,,1,19590828,0,LOS01,v,LAN,1,0,0,regular,y,y,
LAN195908300,jones105,SFN,1,1,value,1,0,0,0,0,0,,,,,0,19590830,0,LOS01,v,LAN,0,1,0,regular,y,y,
SFN195909020,jones105,SFN,1,1,value,2,0,0,0,0,0,,,,,0,19590902,0,SFO01,h,CHN,1,0,0,regular,y,y,
SFN195909040,jones105,SFN,1,1,value,6,0,0,0,0,0,,,,,0,19590904,0,SFO01,h,CHN,0,1,0,regular,y,y,
SFN195909070,jones105,SFN,1,1,value,27,1,3,1,0,0,,,,,1,19590907,0,SFO01,h,SLN,1,0,0,regular,y,y,
SFN195909120,jones105,SFN,1,1,value,27,0,2,0,0,0,,,,,1,19590912,0,SFO01,h,PHI,1,0,0,regular,y,y,
SFN195909160,jones105,SFN,1,1,value,24,1,0,0,0,0,,,,,1,19590916,0,SFO01,h,MLN,0,1,0,regular,y,y,
SFN195909170,jones105,SFN,1,1,value,6,0,0,0,0,0,,,,,0,19590917,0,SFO01,h,MLN,1,0,0,regular,y,y,
SFN195909200,jones105,SFN,1,1,value,10,0,0,0,0,0,,,,,1,19590920,0,SFO01,h,LAN,0,1,0,regular,y,y,
CHN195909220,jones105,SFN,1,1,value,5,0,0,0,0,0,,,,,0,19590922,0,CHI11,v,CHN,0,1,0,regular,y,y,
SLN195909260,jones105,SFN,1,1,value,21,1,1,0,0,0,,,,,1,19590926,0,STL07,v,SLN,1,0,0,regular,y,y,
SFN196004120,jones105,SFN,1,1,value,27,0,2,0,0,0,,,,,1,19600412,0,SFO02,h,SLN,1,0,0,regular,y,y,
SFN196004160,jones105,SFN,1,1,value,27,0,0,0,0,0,,,,,1,19600416,0,SFO02,h,CHN,1,0,0,regular,y,y,
CHN196004220,jones105,SFN,1,1,value,15,0,1,0,0,0,,,,,1,19600422,0,CHI11,v,CHN,1,0,0,regular,y,y,
SLN196004260,jones105,SFN,1,1,value,2,0,0,0,0,0,,,,,1,19600426,0,STL07,v,SLN,0,1,0,regular,y,y,
LAN196004290,jones105,SFN,1,1,value,15,0,0,1,0,0,,,,,1,19600429,0,LOS01,v,LAN,0,1,0,regular,y,y,
SFN196005060,jones105,SFN,1,1,value,27,0,1,0,0,0,,,,,1,19600506,0,SFO02,h,PIT,1,0,0,regular,y,y,
SFN196005110,jones105,SFN,1,1,value,27,0,2,0,0,0,,,,,1,19600511,0,SFO02,h,PHI,1,0,0,regular,y,y,
CIN196005160,jones105,SFN,1,1,value,6,0,0,0,0,0,,,,,1,19600516,0,CIN07,v,CIN,0,1,0,regular,y,y,
PIT196005200,jones105,SFN,1,1,value,21,0,3,1,0,0,,,,,1,19600520,0,PIT06,v,PIT,0,1,0,regular,y,y,
PHI196005240,jones105,SFN,1,1,value,27,3,2,0,0,0,,,,,1,19600524,0,PHI11,v,PHI,1,0,0,regular,y,y,
SLN196005290,jones105,SFN,1,1,value,14,0,4,0,0,0,,,,,1,19600529,0,STL07,v,SLN,0,1,0,regular,y,y,
SFN196006010,jones105,SFN,1,1,value,27,1,1,0,0,0,,,,,1,19600601,0,SFO02,h,CHN,1,0,0,regular,y,y,
SFN196006050,jones105,SFN,1,1,value,17,0,0,0,0,0,,,,,1,19600605,0,SFO02,h,SLN,0,1,0,regular,y,y,
SFN196006080,jones105,SFN,1,1,value,2,0,0,1,0,0,,,,,0,19600608,0,SFO02,h,CIN,1,0,0,regular,y,y,
SFN196006100,jones105,SFN,1,1,value,27,3,1,0,0,0,,,,,1,19600610,0,SFO02,h,MLN,1,0,0,regular,y,y,
SFN196006140,jones105,SFN,1,1,value,15,0,2,0,0,0,,,,,1,19600614,0,SFO02,h,PIT,0,1,0,regular,y,y,
SFN196006180,jones105,SFN,1,1,value,25,0,0,0,0,0,,,,,1,19600618,0,SFO02,h,PHI,1,0,0,regular,y,y,
MLN196006212,jones105,SFN,1,1,value,1,0,1,0,0,0,,,,,0,19600621,2,MIL05,v,MLN,0,1,0,regular,y,y,
MLN196006230,jones105,SFN,1,1,value,17,0,0,1,0,0,,,,,1,19600623,0,MIL05,v,MLN,0,1,0,regular,y,y,
PIT196006280,jones105,SFN,1,1,value,7,0,0,0,0,0,,,,,1,19600628,0,PIT06,v,PIT,0,0,1,regular,y,y,
PHI196007030,jones105,SFN,1,1,value,15,0,1,0,1,0,,,,,1,19600703,0,PHI11,v,PHI,1,0,0,regular,y,y,
SFN196007070,jones105,SFN,1,1,value,7,0,0,0,0,0,,,,,1,19600707,0,SFO02,h,SLN,0,1,0,regular,y,y,
SFN196007100,jones105,SFN,1,1,value,9,0,0,0,0,0,,,,,0,19600710,0,SFO02,h,CHN,1,0,0,regular,y,y,
SFN196007150,jones105,SFN,1,1,value,6,0,0,0,0,0,,,,,1,19600715,0,SFO02,h,LAN,0,1,0,regular,y,y,
SFN196007170,jones105,SFN,1,1,value,0,0,0,0,0,0,,,,,0,19600717,0,SFO02,h,LAN,1,0,0,regular,y,y,
SFN196007200,jones105,SFN,1,1,value,26,0,1,0,0,0,,,,,1,19600720,0,SFO02,h,PHI,1,0,0,regular,y,y,
SFN196007260,jones105,SFN,1,1,value,27,0,3,0,0,0,,,,,1,19600726,0,SFO02,h,MLN,0,1,0,regular,y,y,
SFN196007310,jones105,SFN,1,1,value,27,1,2,0,0,0,,,,,1,19600731,0,SFO02,h,CIN,1,0,0,regular,y,y,
PIT196008050,jones105,SFN,1,1,value,24,0,1,1,0,0,,,,,1,19600805,0,PIT06,v,PIT,0,1,0,regular,y,y,
CIN196008100,jones105,SFN,1,1,value,23,0,1,0,0,0,,,,,1,19600810,0,CIN07,v,CIN,0,1,0,regular,y,y,
MLN196008140,jones105,SFN,1,1,value,21,0,1,0,0,0,,,,,1,19600814,0,MIL05,v,MLN,0,1,0,regular,y,y,
CHN196008200,jones105,SFN,1,1,value,10,0,0,0,0,0,,,,,1,19600820,0,CHI11,v,CHN,0,1,0,regular,y,y,
SFN196008250,jones105,SFN,1,1,value,24,0,1,0,0,0,,,,,1,19600825,0,SFO02,h,CIN,1,0,0,regular,y,y,
SFN196008300,jones105,SFN,1,1,value,27,0,1,0,0,0,,,,,1,19600830,0,SFO02,h,PHI,1,0,0,regular,y,y,
SFN196009040,jones105,SFN,1,1,value,19,0,0,0,0,0,,,,,1,19600904,0,SFO02,h,LAN,1,0,0,regular,y,y,
CIN196009091,jones105,SFN,1,1,value,21,0,2,0,0,0,,,,,1,19600909,1,CIN07,v,CIN,1,0,0,regular,y,y,
PHI196009150,jones105,SFN,1,1,value,16,0,0,0,0,0,,,,,1,19600915,0,PHI11,v,PHI,1,0,0,regular,y,y,
CHN196009200,jones105,SFN,1,1,value,27,0,1,0,0,0,,,,,1,19600920,0,CHI11,v,CHN,1,0,0,regular,y,y,
SFN196009300,jones105,SFN,1,1,value,27,0,0,0,0,0,,,,,1,19600930,0,SFO02,h,SLN,1,0,0,regular,y,y,
SFN196104110,jones105,SFN,1,1,value,15,0,1,0,0,0,,,,,1,19610411,0,SFO02,h,PIT,0,1,0,regular,y,y,
SFN196104160,jones105,SFN,1,1,value,25,1,3,1,1,0,,,,,1,19610416,0,SFO02,h,PHI,1,0,0,regular,y,y,
SFN196104231,jones105,SFN,1,1,value,22,0,2,0,0,0,,,,,1,19610423,1,SFO02,h,SLN,1,0,0,regular,y,y,
MLN196104280,jones105,SFN,1,1,value,24,0,0,0,0,0,,,,,1,19610428,0,MIL05,v,MLN,0,1,0,regular,y,y,
CHN196105040,jones105,SFN,1,1,value,27,2,0,0,0,0,,,,,1,19610504,0,CHI11,v,CHN,1,0,0,regular,y,y,
SFN196105120,jones105,SFN,1,1,value,11,0,0,0,0,0,,,,,1,19610512,0,SFO02,h,MLN,0,1,0,regular,y,y,
SFN196105170,jones105,SFN,1,1,value,21,0,0,0,0,0,,,,,1,19610517,0,SFO02,h,CHN,1,0,0,regular,y,y,
SLN196105230,jones105,SFN,1,1,value,7,0,0,0,0,0,,,,,1,19610523,0,STL07,v,SLN,0,1,0,regular,y,y,
CHN196105260,jones105,SFN,1,1,value,13,0,0,0,0,0,,,,,0,19610526,0,CHI11,v,CHN,1,0,0,regular,y,y,
SFN196105301,jones105,SFN,1,1,value,8,0,0,0,0,0,,,,,1,19610530,1,SFO02,h,CIN,0,1,0,regular,y,y,
SFN196106010,jones105,SFN,1,1,value,3,0,0,0,0,0,,,,,0,19610601,0,SFO02,h,SLN,0,1,0,regular,y,y,
LAN196106040,jones105,SFN,1,1,value,19,1,0,0,0,0,,,,,1,19610604,0,LOS01,v,LAN,1,0,0,regular,y,y,
SFN196106080,jones105,SFN,1,1,value,3,1,0,0,0,0,,,,,1,19610608,0,SFO02,h,PHI,0,1,0,regular,y,y,
SFN196106130,jones105,SFN,1,1,value,10,0,0,0,0,0,,,,,1,19610613,0,SFO02,h,LAN,1,0,0,regular,y,y,
SFN196106160,jones105,SFN,1,1,value,0,0,0,0,0,0,,,,,0,19610616,0,SFO02,h,CHN,0,1,0,regular,y,y,
MLN196106220,jones105,SFN,1,1,value,3,0,0,0,0,0,,,,,0,19610622,0,MIL05,v,MLN,0,1,0,regular,y,y,
SLN196106252,jones105,SFN,1,1,value,16,0,0,0,0,0,,,,,0,19610625,2,STL07,v,SLN,0,1,0,regular,y,y,
PHI196106291,jones105,SFN,1,1,value,18,1,2,0,0,0,,,,,0,19610629,1,PHI11,v,PHI,1,0,0,regular,y,y,
PIT196107010,jones105,SFN,1,1,value,15,0,0,0,0,0,,,,,0,19610701,0,PIT06,v,PIT,1,0,0,regular,y,y,
PIT196107021,jones105,SFN,1,1,value,0,0,0,0,0,0,,,,,0,19610702,1,PIT06,v,PIT,0,1,0,regular,y,y,
SFN196107050,jones105,SFN,1,1,value,6,0,0,0,0,0,,,,,0,19610705,0,SFO02,h,CIN,0,1,0,regular,y,y,
SFN196107070,jones105,SFN,1,1,value,3,0,1,0,0,0,,,,,0,19610707,0,SFO02,h,SLN,0,1,0,regular,y,y,
SFN196107080,jones105,SFN,1,1,value,1,0,0,0,0,0,,,,,0,19610708,0,SFO02,h,SLN,0,1,0,regular,y,y,
SFN196107092,jones105,SFN,1,1,value,9,0,0,0,0,0,,,,,0,19610709,2,SFO02,h,SLN,1,0,0,regular,y,y,
SFN196107160,jones105,SFN,1,1,value,21,0,1,0,0,0,,,,,1,19610716,0,SFO02,h,PHI,1,0,0,regular,y,y,
SLN196107200,jones105,SFN,1,1,value,17,0,0,0,0,0,,,,,1,19610720,0,STL07,v,SLN,1,0,0,regular,y,y,
CIN196107231,jones105,SFN,1,1,value,6,0,0,0,0,0,,,,,0,19610723,1,CIN07,v,CIN,0,1,0,regular,y,y,
SFN196108050,jones105,SFN,1,1,value,12,0,0,0,0,0,,,,,1,19610805,0,SFO02,h,MLN,0,1,0,regular,y,y,
SFN196108130,jones105,SFN,1,1,value,2,0,0,0,0,0,,,,,0,19610813,0,SFO02,h,CIN,0,1,0,regular,y,y,
CIN196108222,jones105,SFN,1,1,value,17,0,1,0,0,0,,,,,1,19610822,2,CIN07,v,CIN,1,0,0,regular,y,y,
SLN196108250,jones105,SFN,1,1,value,10,0,0,0,0,0,,,,,0,19610825,0,STL07,v,SLN,0,1,0,regular,y,y,
MLN196108290,jones105,SFN,1,1,value,1,0,0,0,0,0,,,,,0,19610829,0,MIL05,v,MLN,0,1,0,regular,y,y,
LAN196109050,jones105,SFN,1,1,value,8,0,0,0,0,0,,,,,1,19610905,0,LOS01,v,LAN,0,1,0,regular,y,y,
SFN196109120,jones105,SFN,1,1,value,3,0,0,0,0,0,,,,,0,19610912,0,SFO02,h,PIT,0,1,0,regular,y,y,
SFN196109190,jones105,SFN,1,1,value,4,0,0,0,0,0,,,,,0,19610919,0,SFO02,h,MLN,1,0,0,regular,y,y,
CIN196109230,jones105,SFN,1,1,value,3,0,1,0,0,0,,,,,0,19610923,0,CIN07,v,CIN,0,1,0,regular,y,y,
MLN196109290,jones105,SFN,1,1,value,2,0,0,0,0,0,,,,,0,19610929,0,MIL05,v,MLN,0,1,0,regular,y,y,
DET196204250,jones105,DET,1,1,value,4,0,0,0,0,0,,,,,0,19620425,0,DET04,h,KC1,0,1,0,regular,y,y,
DET196204260,jones105,DET,1,1,value,11,0,0,0,0,0,,,,,0,19620426,0,DET04,h,KC1,1,0,0,regular,y,y,
KC1196205020,jones105,DET,1,1,value,5,0,0,0,0,0,,,,,0,19620502,0,KAN05,v,KC1,0,1,0,regular,y,y,
LAA196205100,jones105,DET,1,1,value,3,0,0,0,0,0,,,,,0,19620510,0,LOS03,v,LAA,0,1,0,regular,y,y,
DET196205120,jones105,DET,1,1,value,3,0,0,1,0,0,,,,,0,19620512,0,DET04,h,BOS,0,1,0,regular,y,y,
CLE196205201,jones105,DET,1,1,value,6,0,0,0,0,0,,,,,0,19620520,1,CLE07,v,CLE,0,1,0,regular,y,y,
NYA196205271,jones105,DET,1,1,value,0,0,0,0,0,0,,,,,0,19620527,1,NYC16,v,NYA,0,1,0,regular,y,y,
DET196205302,jones105,DET,1,1,value,14,2,3,0,0,0,,,,,1,19620530,2,DET04,h,CHA,0,1,0,regular,y,y,
WS2196206081,jones105,DET,1,1,value,3,1,0,0,0,0,,,,,0,19620608,1,WAS10,v,WS2,1,0,0,regular,y,y,
DET196206160,jones105,DET,1,1,value,7,2,0,0,0,0,,,,,0,19620616,0,DET04,h,BOS,0,1,0,regular,y,y,
DET196206231,jones105,DET,1,1,value,15,2,1,0,0,0,,,,,0,19620623,1,DET04,h,NYA,0,1,0,regular,y,y,
DET196206262,jones105,DET,1,1,value,33,0,1,0,0,0,,,,,1,19620626,2,DET04,h,CLE,0,1,0,regular,y,y,
DET196207020,jones105,DET,1,1,value,27,0,0,0,0,0,,,,,1,19620702,0,DET04,h,CHA,1,0,0,regular,y,y,
DET196207070,jones105,DET,1,1,value,19,0,0,0,0,0,,,,,1,19620707,0,DET04,h,BAL,0,1,0,regular,y,y,
CHA196207150,jones105,DET,1,1,value,16,0,3,0,0,0,,,,,1,19620715,0,CHI10,v,CHA,0,1,0,regular,y,y,
KC1196207220,jones105,DET,1,1,value,8,2,0,0,0,0,,,,,1,19620722,0,KAN05,v,KC1,0,1,0,regular,y,y,
MIN196207230,jones105,DET,1,1,value,5,0,0,0,0,0,,,,,0,19620723,0,MIN02,v,MIN,0,1,0,regular,y,y,
MIN196207250,jones105,DET,1,1,value,3,0,0,0,0,0,,,,,0,19620725,0,MIN02,v,MIN,0,1,0,regular,y,y,
DET196207292,jones105,DET,1,1,value,3,0,0,0,0,0,,,,,0,19620729,2,DET04,h,LAA,0,1,0,regular,y,y,
DET196208040,jones105,DET,1,1,value,9,1,0,0,0,0,,,,,0,19620804,0,DET04,h,MIN,0,1,0,regular,y,y,
DET196208051,jones105,DET,1,1,value,6,0,0,0,0,0,,,,,0,19620805,1,DET04,h,MIN,0,1,0,regular,y,y,
CLE196208060,jones105,DET,1,1,value,3,0,0,0,0,0,,,,,0,19620806,0,CLE07,v,CLE,0,1,0,regular,y,y,
WS2196208090,jones105,DET,1,1,value,2,0,0,0,0,0,,,,,0,19620809,0,WAS10,v,WS2,1,0,0,regular,y,y,
NYA196208100,jones105,DET,1,1,value,6,0,0,0,0,0,,,,,0,19620810,0,NYC16,v,NYA,0,1,0,regular,y,y,
NYA196208120,jones105,DET,1,1,value,2,0,0,0,0,0,,,,,0,19620812,0,NYC16,v,NYA,0,1,0,regular,y,y,
DET196208141,jones105,DET,1,1,value,3,1,0,0,0,0,,,,,0,19620814,1,DET04,h,BAL,1,0,0,regular,y,y,
CHA196208191,jones105,DET,1,1,value,4,0,0,0,0,0,,,,,0,19620819,1,CHI10,v,CHA,0,1,0,regular,y,y,
DET196208250,jones105,DET,1,1,value,12,1,1,0,0,0,,,,,0,19620825,0,DET04,h,WS2,1,0,0,regular,y,y,
DET196208262,jones105,DET,1,1,value,6,0,0,0,0,0,,,,,0,19620826,2,DET04,h,WS2,0,1,0,regular,y,y,
DET196209020,jones105,DET,1,1,value,6,0,0,0,0,0,,,,,0,19620902,0,DET04,h,CHA,0,1,0,regular,y,y,
NYN196308080,jones105,SLN,1,1,value,0,0,0,0,0,0,,,,,0,19630808,0,NYC14,v,NYN,0,1,0,regular,y,y,
MLN196308100,jones105,SLN,1,1,value,3,0,0,0,0,0,,,,,0,19630810,0,MIL05,v,MLN,1,0,0,regular,y,y,
MLN196308110,jones105,SLN,1,1,value,2,0,0,0,0,0,,,,,0,19630811,0,MIL05,v,MLN,0,1,0,regular,y,y,
SLN196308150,jones105,SLN,1,1,value,6,0,0,0,0,0,,,,,0,19630815,0,STL07,h,HOU,0,1,0,regular,y,y,
SLN196308190,jones105,SLN,1,1,value,5,1,1,0,0,0,,,,,0,19630819,0,STL07,h,SFN,1,0,0,regular,y,y,
LAN196308220,jones105,SLN,1,1,value,1,0,0,0,0,0,,,,,0,19630822,0,LOS03,v,LAN,1,0,0,regular,y,y,
HOU196308240,jones105,SLN,1,1,value,0,0,0,0,0,0,,,,,0,19630824,0,HOU01,v,HOU,0,1,0,regular,y,y,
SFN196308270,jones105,SLN,1,1,value,9,0,0,0,0,0,,,,,0,19630827,0,SFO02,v,SFN,0,1,0,regular,y,y,
SLN196309030,jones105,SLN,1,1,value,1,0,0,0,0,0,,,,,0,19630903,0,STL07,h,PIT,1,0,0,regular,y,y,
SLN196309040,jones105,SLN,1,1,value,1,0,0,0,0,0,,,,,0,19630904,0,STL07,h,NYN,1,0,0,regular,y,y,
PIT196309070,jones105,SLN,1,1,value,5,0,0,0,0,0,,,,,0,19630907,0,PIT06,v,PIT,1,0,0,regular,y,y,
LAA196409040,jones105,BAL,1,1,value,6,0,0,0,0,0,,,,,0,19640904,0,LOS03,v,LAA,0,1,0,regular,y,y,
KC1196409072,jones105,BAL,1,1,value,3,0,0,0,0,0,,,,,0,19640907,2,KAN05,v,KC1,0,1,0,regular,y,y,
BAL196409112,jones105,BAL,1,1,value,9,0,0,0,0,0,,,,,0,19640911,2,BAL11,h,KC1,0,1,0,regular,y,y,
BAL196409130,jones105,BAL,1,1,value,3,0,1,0,1,0,,,,,0,19640913,0,BAL11,h,KC1,0,1,0,regular,y,y,
DET196409230,jones105,BAL,1,1,value,3,0,0,0,0,0,,,,,0,19640923,0,DET04,v,DET,0,1,0,regular,y,y,
BAL196409302,jones105,BAL,1,1,value,3,0,0,0,0,0,,,,,0,19640930,2,BAL11,h,WS2,0,1,0,regular,y,y,
BAL196410030,jones105,BAL,1,1,value,4,0,0,0,0,0,,,,,0,19641003,0,BAL11,h,DET,1,0,0,regular,y,y,
