gid,id,team,d_seq,d_pos,stattype,d_ifouts,d_po,d_a,d_e,d_dp,d_tp,d_pb,d_wp,d_sb,d_cs,d_gs,date,number,site,vishome,opp,win,loss,tie,gametype,box,pbp,eject
NYA193008130,bridt101,DET,1,1,value,3,0,0,0,0,0,,,,,0,19300813,0,NYC16,v,NYA,0,1,0,regular,y,y,
PHA193008200,bridt101,DET,1,1,value,6,0,0,0,0,0,,,,,0,19300820,0,PHI11,v,PHA,0,1,0,regular,y,y,
DET193008250,bridt101,DET,1,1,value,26,0,2,0,0,0,,,,,1,19300825,0,DET04,h,SLA,1,0,0,regular,y,y,
CHA193008310,bridt101,DET,1,1,value,27,0,2,0,0,0,,,,,1,19300831,0,CHI10,v,CHA,1,0,0,regular,y,d,
DET193009070,bridt101,DET,1,1,value,6,0,1,0,0,0,,,,,1,19300907,0,DET04,h,SLA,0,1,0,regular,y,d,
DET193009132,bridt101,DET,1,1,value,18,0,0,0,0,0,,,,,1,19300913,2,DET04,h,NYA,1,0,0,regular,y,y,
DET193009180,bridt101,DET,1,1,value,21,0,2,0,0,0,,,,,1,19300918,0,DET04,h,BOS,0,1,0,regular,y,y,
DET193009272,bridt101,DET,1,1,value,6,0,0,1,0,0,,,,,0,19300927,2,DET04,h,CHA,0,1,0,regular,y,y,
SLA193104180,bridt101,DET,1,1,value,12,0,1,0,0,0,,,,,1,19310418,0,STL07,v,SLA,0,1,0,regular,y,y,
DET193104230,bridt101,DET,1,1,value,27,2,2,0,0,0,,,,,1,19310423,0,DET04,h,SLA,1,0,0,regular,y,y,
DET193105030,bridt101,DET,1,1,value,6,0,0,0,0,0,,,,,0,19310503,0,DET04,h,CLE,0,1,0,regular,y,y,
DET193105060,bridt101,DET,1,1,value,21,0,2,0,0,0,,,,,1,19310506,0,DET04,h,CHA,1,0,0,regular,y,y,
DET193105110,bridt101,DET,1,1,value,1,0,0,0,0,0,,,,,1,19310511,0,DET04,h,WS1,0,1,0,regular,y,y,
DET193105160,bridt101,DET,1,1,value,18,0,0,0,0,0,,,,,1,19310516,0,DET04,h,NYA,1,0,0,regular,y,y,
DET193105210,bridt101,DET,1,1,value,18,0,0,0,0,0,,,,,1,19310521,0,DET04,h,PHA,0,1,0,regular,y,y,
SLA193105242,bridt101,DET,1,1,value,27,1,2,0,0,0,,,,,1,19310524,2,STL07,v,SLA,1,0,0,regular,y,y,
DET193105290,bridt101,DET,1,1,value,9,0,0,0,0,0,,,,,1,19310529,0,DET04,h,CLE,0,1,0,regular,y,y,
WS1193106040,bridt101,DET,1,1,value,18,0,0,0,0,0,,,,,1,19310604,0,WAS09,v,WS1,0,1,0,regular,y,y,
PHA193106090,bridt101,DET,1,1,value,20,0,2,0,0,0,,,,,1,19310609,0,PHI11,v,PHA,0,1,0,regular,y,y,
DET193106220,bridt101,DET,1,1,value,21,0,0,1,0,0,,,,,1,19310622,0,DET04,h,BOS,0,1,0,regular,y,d,
DET193106281,bridt101,DET,1,1,value,27,0,0,0,0,0,,,,,1,19310628,1,DET04,h,PHA,0,1,0,regular,y,y,
CLE193107042,bridt101,DET,1,1,value,23,0,1,0,0,0,,,,,1,19310704,2,CLE06,v,CLE,1,0,0,regular,y,y,
DET193107080,bridt101,DET,1,1,value,19,0,1,0,0,0,,,,,1,19310708,0,DET04,h,SLA,0,1,0,regular,y,y,
PHA193107151,bridt101,DET,1,1,value,24,0,2,0,0,0,,,,,1,19310715,1,PHI11,v,PHA,0,1,0,regular,y,y,
WS1193107180,bridt101,DET,1,1,value,3,0,0,0,0,0,,,,,0,19310718,0,WAS09,v,WS1,0,1,0,regular,y,y,
NYA193107222,bridt101,DET,1,1,value,15,1,2,1,0,0,,,,,1,19310722,2,NYC16,v,NYA,0,1,0,regular,y,y,
NYA193107250,bridt101,DET,1,1,value,7,0,1,0,0,0,,,,,0,19310725,0,NYC16,v,NYA,0,1,0,regular,y,y,
BOS193107270,bridt101,DET,1,1,value,18,0,2,0,0,0,,,,,1,19310727,0,BOS07,v,BOS,0,1,0,regular,y,y,
DET193108010,bridt101,DET,1,1,value,3,0,1,0,0,0,,,,,0,19310801,0,DET04,h,CHA,0,1,0,regular,y,y,
DET193108040,bridt101,DET,1,1,value,6,0,1,0,0,0,,,,,0,19310804,0,DET04,h,CHA,0,1,0,regular,y,y,
CLE193108090,bridt101,DET,1,1,value,4,0,0,0,0,0,,,,,0,19310809,0,CLE06,v,CLE,1,0,0,regular,y,y,
DET193108120,bridt101,DET,1,1,value,9,1,0,0,0,0,,,,,0,19310812,0,DET04,h,PHA,1,0,0,regular,y,y,
DET193108130,bridt101,DET,1,1,value,3,0,0,0,0,0,,,,,0,19310813,0,DET04,h,PHA,0,1,0,regular,y,y,
DET193108150,bridt101,DET,1,1,value,1,0,0,0,0,0,,,,,0,19310815,0,DET04,h,NYA,0,1,0,regular,y,y,
DET193108180,bridt101,DET,1,1,value,6,0,0,0,0,0,,,,,0,19310818,0,DET04,h,NYA,1,0,0,regular,y,y,
DET193108190,bridt101,DET,1,1,value,9,0,1,0,0,0,,,,,0,19310819,0,DET04,h,BOS,0,1,0,regular,y,y,
DET193108230,bridt101,DET,1,1,value,19,0,0,0,0,0,,,,,0,19310823,0,DET04,h,WS1,0,1,0,regular,y,d,
DET193108290,bridt101,DET,1,1,value,9,0,0,0,0,0,,,,,1,19310829,0,DET04,h,CHA,0,1,0,regular,y,y,
CHA193109050,bridt101,DET,1,1,value,27,0,0,0,0,0,,,,,1,19310905,0,CHI10,v,CHA,1,0,0,regular,y,y,
BOS193109100,bridt101,DET,1,1,value,27,0,3,0,0,0,,,,,1,19310910,0,BOS07,v,BOS,1,0,0,regular,y,y,
NYA193109150,bridt101,DET,1,1,value,18,0,3,0,0,0,,,,,1,19310915,0,NYC16,v,NYA,0,1,0,regular,y,y,
PHA193109212,bridt101,DET,1,1,value,20,0,1,0,0,0,,,,,1,19310921,2,PHI11,v,PHA,1,0,0,regular,y,y,
CLE193109260,bridt101,DET,1,1,value,24,0,1,0,0,0,,,,,1,19310926,0,CLE06,v,CLE,0,1,0,regular,y,y,
CLE193204230,bridt101,DET,1,1,value,0,0,0,0,0,0,,,,,0,19320423,0,CLE06,v,CLE,0,1,0,regular,y,y,
CHA193205020,bridt101,DET,1,1,value,3,0,1,0,0,0,,,,,0,19320502,0,CHI10,v,CHA,1,0,0,regular,y,y,
NYA193205070,bridt101,DET,1,1,value,21,0,1,1,0,0,,,,,1,19320507,0,NYC16,v,NYA,0,1,0,regular,y,y,
DET193205150,bridt101,DET,1,1,value,15,0,1,0,0,0,,,,,1,19320515,0,DET04,h,PHA,1,0,0,regular,y,y,
CHA193205200,bridt101,DET,1,1,value,12,1,0,0,0,0,,,,,1,19320520,0,CHI10,v,CHA,1,0,0,regular,y,y,
CHA193205222,bridt101,DET,1,1,value,22,0,2,0,1,0,,,,,1,19320522,2,CHI10,v,CHA,0,1,0,regular,y,y,
DET193205260,bridt101,DET,1,1,value,27,0,0,0,0,0,,,,,1,19320526,0,DET04,h,CHA,1,0,0,regular,y,y,
SLA193205302,bridt101,DET,1,1,value,27,0,0,0,0,0,,,,,1,19320530,2,STL07,v,SLA,1,0,0,regular,y,y,
DET193206031,bridt101,DET,1,1,value,27,0,4,0,0,0,,,,,1,19320603,1,DET04,h,CLE,0,1,0,regular,y,y,
DET193206070,bridt101,DET,1,1,value,8,0,1,0,0,0,,,,,1,19320607,0,DET04,h,NYA,0,1,0,regular,y,y,
DET193206110,bridt101,DET,1,1,value,21,0,1,0,0,0,,,,,1,19320611,0,DET04,h,PHA,0,1,0,regular,y,y,
DET193206130,bridt101,DET,1,1,value,3,0,0,0,0,0,,,,,0,19320613,0,DET04,h,PHA,0,1,0,regular,y,y,
DET193206160,bridt101,DET,1,1,value,6,0,0,0,0,0,,,,,0,19320616,0,DET04,h,WS1,0,1,0,regular,y,y,
DET193206190,bridt101,DET,1,1,value,18,1,0,0,0,0,,,,,0,19320619,0,DET04,h,WS1,1,0,0,regular,y,y,
DET193206230,bridt101,DET,1,1,value,15,0,3,0,0,0,,,,,1,19320623,0,DET04,h,BOS,1,0,0,regular,y,y,
NYA193207092,bridt101,DET,1,1,value,18,0,2,0,0,0,,,,,1,19320709,2,NYC16,v,NYA,0,1,0,regular,y,y,
PHA193207140,bridt101,DET,1,1,value,20,0,1,0,0,0,,,,,1,19320714,0,PHI11,v,PHA,0,1,0,regular,y,y,
WS1193207182,bridt101,DET,1,1,value,22,1,4,1,0,0,,,,,1,19320718,2,WAS09,v,WS1,1,0,0,regular,y,d,
SLA193207232,bridt101,DET,1,1,value,27,0,0,0,0,0,,,,,1,19320723,2,STL07,v,SLA,1,0,0,regular,y,y,
DET193207280,bridt101,DET,1,1,value,12,0,0,0,0,0,,,,,1,19320728,0,DET04,h,PHA,1,0,0,regular,y,y,
DET193207310,bridt101,DET,1,1,value,12,0,2,0,0,0,,,,,0,19320731,0,DET04,h,NYA,0,1,0,regular,y,y,
DET193208050,bridt101,DET,1,1,value,27,1,2,0,0,0,,,,,1,19320805,0,DET04,h,WS1,1,0,0,regular,y,y,
DET193208100,bridt101,DET,1,1,value,27,1,0,0,0,0,,,,,1,19320810,0,DET04,h,BOS,1,0,0,regular,y,y,
CLE193208140,bridt101,DET,1,1,value,27,0,0,0,0,0,,,,,1,19320814,0,CLE07,v,CLE,1,0,0,regular,y,y,
NYA193208192,bridt101,DET,1,1,value,24,0,2,0,0,0,,,,,1,19320819,2,NYC16,v,NYA,0,1,0,regular,y,y,
BOS193208230,bridt101,DET,1,1,value,21,0,2,0,0,0,,,,,1,19320823,0,BOS07,v,BOS,1,0,0,regular,y,y,
WS1193208280,bridt101,DET,1,1,value,17,0,0,0,0,0,,,,,1,19320828,0,WAS09,v,WS1,1,0,0,regular,y,y,
PHA193209010,bridt101,DET,1,1,value,18,0,0,0,0,0,,,,,1,19320901,0,PHI11,v,PHA,0,1,0,regular,y,y,
CHA193209052,bridt101,DET,1,1,value,18,0,1,0,0,0,,,,,1,19320905,2,CHI10,v,CHA,0,1,0,regular,y,y,
DET193209082,bridt101,DET,1,1,value,1,0,0,0,0,0,,,,,0,19320908,2,DET04,h,NYA,0,0,1,regular,y,y,
DET193209102,bridt101,DET,1,1,value,30,0,3,0,0,0,,,,,1,19320910,2,DET04,h,NYA,0,1,0,regular,y,y,
DET193209150,bridt101,DET,1,1,value,12,0,1,0,0,0,,,,,0,19320915,0,DET04,h,WS1,1,0,0,regular,y,y,
DET193209190,bridt101,DET,1,1,value,12,0,1,0,0,0,,,,,1,19320919,0,DET04,h,BOS,0,1,0,regular,y,y,
DET193209241,bridt101,DET,1,1,value,30,0,2,0,0,0,,,,,1,19320924,1,DET04,h,SLA,1,0,0,regular,y,d,
DET193304120,bridt101,DET,1,1,value,39,0,3,0,0,0,,,,,1,19330412,0,DET04,h,CLE,0,1,0,regular,y,y,
DET193304180,bridt101,DET,1,1,value,9,0,0,1,0,0,,,,,1,19330418,0,DET04,h,CHA,0,1,0,regular,y,y,
DET193304230,bridt101,DET,1,1,value,27,1,1,0,0,0,,,,,1,19330423,0,DET04,h,SLA,1,0,0,regular,y,y,
SLA193304280,bridt101,DET,1,1,value,24,0,4,0,0,0,,,,,1,19330428,0,STL07,v,SLA,1,0,0,regular,y,y,
DET193305040,bridt101,DET,1,1,value,21,1,3,0,0,0,,,,,1,19330504,0,DET04,h,NYA,0,1,0,regular,y,y,
DET193305071,bridt101,DET,1,1,value,15,0,1,0,0,0,,,,,0,19330507,1,DET04,h,WS1,1,0,0,regular,y,y,
DET193305141,bridt101,DET,1,1,value,26,1,2,0,1,0,,,,,1,19330514,1,DET04,h,BOS,0,1,0,regular,y,y,
BOS193305200,bridt101,DET,1,1,value,12,1,4,0,1,0,,,,,1,19330520,0,BOS07,v,BOS,0,1,0,regular,y,y,
WS1193305240,bridt101,DET,1,1,value,27,0,1,1,0,0,,,,,1,19330524,0,WAS09,v,WS1,1,0,0,regular,y,y,
DET193306030,bridt101,DET,1,1,value,5,0,1,0,0,0,,,,,1,19330603,0,DET04,h,CHA,0,1,0,regular,y,y,
CLE193306070,bridt101,DET,1,1,value,27,0,1,0,0,0,,,,,1,19330607,0,CLE07,v,CLE,1,0,0,regular,y,y,
DET193306130,bridt101,DET,1,1,value,27,0,2,0,0,0,,,,,1,19330613,0,DET04,h,CLE,0,1,0,regular,y,y,
DET193306130,bridt101,DET,1,1,official,,,,0,1,,,,,,1,19330613,0,DET04,h,CLE,0,1,0,regular,y,y,
CLE193306170,bridt101,DET,1,1,value,28,0,2,0,0,0,,,,,1,19330617,0,CLE07,v,CLE,0,1,0,regular,y,y,
DET193306200,bridt101,DET,1,1,value,3,0,1,0,0,0,,,,,0,19330620,0,DET04,h,PHA,0,1,0,regular,y,y,
DET193306211,bridt101,DET,1,1,value,10,0,0,0,0,0,,,,,0,19330621,1,DET04,h,BOS,0,1,0,regular,y,y,
DET193306251,bridt101,DET,1,1,value,12,0,1,0,0,0,,,,,1,19330625,1,DET04,h,NYA,1,0,0,regular,y,d,
DET193306300,bridt101,DET,1,1,value,27,1,3,0,0,0,,,,,1,19330630,0,DET04,h,WS1,0,1,0,regular,y,d,
SLA193307050,bridt101,DET,1,1,value,27,0,0,0,0,0,,,,,1,19330705,0,STL07,v,SLA,1,0,0,regular,y,y,
NYA193307092,bridt101,DET,1,1,value,18,0,0,0,0,0,,,,,1,19330709,2,NYC16,v,NYA,0,1,0,regular,y,d,
BOS193307140,bridt101,DET,1,1,value,27,0,1,0,1,0,,,,,1,19330714,0,BOS07,v,BOS,1,0,0,regular,y,y,
WS1193307200,bridt101,DET,1,1,value,27,0,2,0,0,0,,,,,1,19330720,0,WAS09,v,WS1,1,0,0,regular,y,y,
WS1193307230,bridt101,DET,1,1,value,6,0,0,0,0,0,,,,,0,19330723,0,WAS09,v,WS1,1,0,0,regular,y,y,
DET193307260,bridt101,DET,1,1,value,22,0,2,0,1,0,,,,,1,19330726,0,DET04,h,SLA,1,0,0,regular,y,y,
CLE193307300,bridt101,DET,1,1,value,27,1,1,0,0,0,,,,,1,19330730,0,CLE07,v,CLE,1,0,0,regular,y,y,
DET193308051,bridt101,DET,1,1,value,30,0,1,0,1,0,,,,,1,19330805,1,DET04,h,CLE,0,1,0,regular,y,y,
DET193308051,bridt101,DET,1,1,official,,,,0,0,,,,,,1,19330805,1,DET04,h,CLE,0,1,0,regular,y,y,
DET193308061,bridt101,DET,1,1,value,6,0,1,0,0,0,,,,,0,19330806,1,DET04,h,CLE,1,0,0,regular,y,y,
DET193308231,bridt101,DET,1,1,value,27,1,1,0,0,0,,,,,1,19330823,1,DET04,h,WS1,1,0,0,regular,y,d,
DET193308271,bridt101,DET,1,1,value,27,0,2,0,0,0,,,,,1,19330827,1,DET04,h,NYA,1,0,0,regular,y,y,
SLA193309031,bridt101,DET,1,1,value,24,0,0,0,0,0,,,,,1,19330903,1,STL07,v,SLA,0,1,0,regular,y,y,
BOS193309081,bridt101,DET,1,1,value,27,0,5,1,0,0,,,,,1,19330908,1,BOS07,v,BOS,1,0,0,regular,y,y,
NYA193309120,bridt101,DET,1,1,value,12,0,0,0,0,0,,,,,1,19330912,0,NYC16,v,NYA,0,1,0,regular,y,y,
WS1193309170,bridt101,DET,1,1,value,26,0,3,0,0,0,,,,,1,19330917,0,WAS09,v,WS1,0,1,0,regular,y,y,
DET193309241,bridt101,DET,1,1,value,27,1,2,0,0,0,,,,,1,19330924,1,DET04,h,SLA,1,0,0,regular,y,d,
CHA193404180,bridt101,DET,1,1,value,12,0,2,0,0,0,,,,,0,19340418,0,CHI10,v,CHA,1,0,0,regular,y,y,
DET193404280,bridt101,DET,1,1,value,27,0,1,0,0,0,,,,,1,19340428,0,DET04,h,CLE,1,0,0,regular,y,y,
NYA193405040,bridt101,DET,1,1,value,21,0,2,0,0,0,,,,,1,19340504,0,NYC16,v,NYA,0,1,0,regular,y,y,
BOS193405080,bridt101,DET,1,1,value,27,0,5,0,0,0,,,,,1,19340508,0,BOS07,v,BOS,1,0,0,regular,y,y,
WS1193405130,bridt101,DET,1,1,value,19,0,0,0,0,0,,,,,1,19340513,0,WAS09,v,WS1,0,1,0,regular,y,y,
DET193405170,bridt101,DET,1,1,value,27,0,3,0,0,0,,,,,1,19340517,0,DET04,h,NYA,1,0,0,regular,y,y,
DET193405220,bridt101,DET,1,1,value,27,0,2,1,0,0,,,,,1,19340522,0,DET04,h,WS1,0,1,0,regular,y,y,
DET193405260,bridt101,DET,1,1,value,27,0,2,0,0,0,,,,,1,19340526,0,DET04,h,BOS,1,0,0,regular,y,y,
SLA193405301,bridt101,DET,1,1,value,27,0,0,0,0,0,,,,,1,19340530,1,STL07,v,SLA,1,0,0,regular,y,y,
CHA193406030,bridt101,DET,1,1,value,27,0,2,0,0,0,,,,,1,19340603,0,CHI10,v,CHA,1,0,0,regular,y,y,
DET193406070,bridt101,DET,1,1,value,27,1,5,0,0,0,,,,,1,19340607,0,DET04,h,CLE,1,0,0,regular,y,y,
BOS193406120,bridt101,DET,1,1,value,27,0,3,0,0,0,,,,,1,19340612,0,BOS07,v,BOS,1,0,0,regular,y,y,
NYA193406160,bridt101,DET,1,1,value,19,0,0,0,0,0,,,,,1,19340616,0,NYC16,v,NYA,0,1,0,regular,y,y,
WS1193406210,bridt101,DET,1,1,value,13,0,2,0,0,0,,,,,1,19340621,0,WAS09,v,WS1,0,1,0,regular,y,y,
PHA193406250,bridt101,DET,1,1,value,14,0,0,0,0,0,,,,,1,19340625,0,PHI11,v,PHA,0,1,0,regular,y,y,
CLE193407021,bridt101,DET,1,1,value,27,0,1,0,0,0,,,,,1,19340702,1,CLE06,v,CLE,1,0,0,regular,y,y,
DET193407070,bridt101,DET,1,1,value,27,0,1,0,0,0,,,,,1,19340707,0,DET04,h,SLA,1,0,0,regular,y,y,
DET193407130,bridt101,DET,1,1,value,27,0,2,0,0,0,,,,,1,19340713,0,DET04,h,NYA,0,1,0,regular,y,y,
DET193407180,bridt101,DET,1,1,value,27,0,0,0,0,0,,,,,1,19340718,0,DET04,h,WS1,1,0,0,regular,y,y,
DET193407230,bridt101,DET,1,1,value,27,0,0,0,0,0,,,,,1,19340723,0,DET04,h,BOS,1,0,0,regular,y,y,
CHA193407291,bridt101,DET,1,1,value,13,0,0,0,0,0,,,,,1,19340729,1,CHI10,v,CHA,1,0,0,regular,y,y,
CLE193407312,bridt101,DET,1,1,value,27,1,1,0,1,0,,,,,1,19340731,2,CLE06,v,CLE,1,0,0,regular,y,y,
DET193408050,bridt101,DET,1,1,value,27,0,3,0,0,0,,,,,1,19340805,0,DET04,h,CHA,1,0,0,regular,y,y,
DET193408090,bridt101,DET,1,1,value,27,1,0,0,0,0,,,,,1,19340809,0,DET04,h,SLA,1,0,0,regular,y,y,
NYA193408150,bridt101,DET,1,1,value,15,0,0,0,0,0,,,,,1,19340815,0,NYC16,v,NYA,0,1,0,regular,y,y,
BOS193408180,bridt101,DET,1,1,value,12,0,0,0,0,0,,,,,1,19340818,0,BOS07,v,BOS,0,1,0,regular,y,y,
WS1193408230,bridt101,DET,1,1,value,24,0,0,0,0,0,,,,,1,19340823,0,WAS09,v,WS1,0,1,0,regular,y,y,
PHA193408270,bridt101,DET,1,1,value,27,0,3,0,1,0,,,,,1,19340827,0,PHI11,v,PHA,1,0,0,regular,y,y,
CLE193409010,bridt101,DET,1,1,value,33,0,1,0,0,0,,,,,1,19340901,0,CLE06,v,CLE,1,0,0,regular,y,y,
DET193409071,bridt101,DET,1,1,value,6,0,0,0,0,0,,,,,1,19340907,1,DET04,h,PHA,0,1,0,regular,y,y,
DET193409082,bridt101,DET,1,1,value,27,1,0,0,0,0,,,,,1,19340908,2,DET04,h,PHA,1,0,0,regular,y,y,
DET193409120,bridt101,DET,1,1,value,24,0,1,0,0,0,,,,,1,19340912,0,DET04,h,BOS,0,1,0,regular,y,y,
DET193409160,bridt101,DET,1,1,value,27,0,0,1,0,0,,,,,1,19340916,0,DET04,h,WS1,1,0,0,regular,y,y,
SLA193409221,bridt101,DET,1,1,value,27,2,0,0,0,0,,,,,1,19340922,1,STL07,v,SLA,1,0,0,regular,y,y,
DET193409261,bridt101,DET,1,1,value,21,0,0,0,0,0,,,,,1,19340926,1,DET04,h,CHA,1,0,0,regular,y,y,
DET193409302,bridt101,DET,1,1,value,12,0,1,0,0,0,,,,,1,19340930,2,DET04,h,SLA,1,0,0,regular,y,d,
SLN193410050,bridt101,DET,1,1,value,12,0,0,0,0,0,,,,,1,19341005,0,STL07,v,SLN,0,1,0,worldseries,y,y,
SLN193410070,bridt101,DET,1,1,value,27,0,2,0,0,0,,,,,1,19341007,0,STL07,v,SLN,1,0,0,worldseries,y,y,
DET193410090,bridt101,DET,1,1,value,13,0,1,0,0,0,,,,,0,19341009,0,DET04,h,SLN,0,1,0,worldseries,y,y,
DET193504180,bridt101,DET,1,1,value,27,0,1,0,0,0,,,,,1,19350418,0,DET04,h,CHA,1,0,0,regular,y,y,
DET193504220,bridt101,DET,1,1,value,24,0,1,0,0,0,,,,,1,19350422,0,DET04,h,CLE,0,1,0,regular,y,y,
CHA193504240,bridt101,DET,1,1,value,0,0,0,0,0,0,,,,,0,19350424,0,CHI10,v,CHA,0,1,0,regular,y,y,
CLE193504270,bridt101,DET,1,1,value,1,0,0,0,0,0,,,,,1,19350427,0,CLE06,v,CLE,0,1,0,regular,y,y,
SLA193504290,bridt101,DET,1,1,value,27,2,0,0,0,0,,,,,1,19350429,0,STL07,v,SLA,1,0,0,regular,y,y,
DET193505070,bridt101,DET,1,1,value,27,1,2,0,0,0,,,,,1,19350507,0,DET04,h,PHA,1,0,0,regular,y,y,
WS1193505160,bridt101,DET,1,1,value,27,0,2,0,0,0,,,,,1,19350516,0,WAS09,v,WS1,1,0,0,regular,y,y,
PHA193505200,bridt101,DET,1,1,value,33,0,1,0,0,0,,,,,1,19350520,0,PHI11,v,PHA,1,0,0,regular,y,y,
BOS193505250,bridt101,DET,1,1,value,27,0,2,0,0,0,,,,,1,19350525,0,BOS07,v,BOS,1,0,0,regular,y,y,
DET193505302,bridt101,DET,1,1,value,27,1,2,0,0,0,,,,,1,19350530,2,DET04,h,SLA,1,0,0,regular,y,y,
DET193506051,bridt101,DET,1,1,value,27,0,0,0,0,0,,,,,1,19350605,1,DET04,h,CLE,1,0,0,regular,y,y,
CHA193506090,bridt101,DET,1,1,value,27,2,2,0,1,0,,,,,1,19350609,0,CHI10,v,CHA,1,0,0,regular,y,y,
DET193506130,bridt101,DET,1,1,value,27,1,3,0,0,0,,,,,1,19350613,0,DET04,h,BOS,1,0,0,regular,y,y,
DET193506192,bridt101,DET,1,1,value,36,0,0,0,0,0,,,,,1,19350619,2,DET04,h,NYA,0,1,0,regular,y,d,
DET193506240,bridt101,DET,1,1,value,39,1,2,0,0,0,,,,,1,19350624,0,DET04,h,WS1,1,0,0,regular,y,y,
SLA193506290,bridt101,DET,1,1,value,15,0,0,0,0,0,,,,,1,19350629,0,STL07,v,SLA,0,1,0,regular,y,y,
DET193507020,bridt101,DET,1,1,value,27,1,2,0,1,0,,,,,1,19350702,0,DET04,h,CLE,1,0,0,regular,y,y,
CLE193507041,bridt101,DET,1,1,value,2,0,0,0,0,0,,,,,0,19350704,1,CLE06,v,CLE,1,0,0,regular,y,y,
DET193507060,bridt101,DET,1,1,value,6,0,0,0,0,0,,,,,1,19350706,0,DET04,h,SLA,1,0,0,regular,y,y,
WS1193507100,bridt101,DET,1,1,value,1,0,0,0,0,0,,,,,1,19350710,0,WAS09,v,WS1,0,1,0,regular,y,y,
PHA193507132,bridt101,DET,1,1,value,27,0,1,0,0,0,,,,,1,19350713,2,PHI11,v,PHA,1,0,0,regular,y,y,
BOS193507190,bridt101,DET,1,1,value,15,0,1,0,0,0,,,,,1,19350719,0,BOS07,v,BOS,1,0,0,regular,y,y,
BOS193507210,bridt101,DET,1,1,value,25,0,1,0,0,0,,,,,1,19350721,0,BOS07,v,BOS,0,1,0,regular,y,y,
CLE193507270,bridt101,DET,1,1,value,27,1,0,0,0,0,,,,,1,19350727,0,CLE06,v,CLE,1,0,0,regular,y,y,
DET193507310,bridt101,DET,1,1,value,27,1,2,0,0,0,,,,,1,19350731,0,DET04,h,SLA,1,0,0,regular,y,y,
DET193508040,bridt101,DET,1,1,value,27,0,2,0,0,0,,,,,1,19350804,0,DET04,h,CLE,1,0,0,regular,y,y,
DET193508100,bridt101,DET,1,1,value,27,0,2,0,0,0,,,,,1,19350810,0,DET04,h,CHA,1,0,0,regular,y,y,
DET193508150,bridt101,DET,1,1,value,24,0,3,0,0,0,,,,,1,19350815,0,DET04,h,WS1,1,0,0,regular,y,y,
DET193508220,bridt101,DET,1,1,value,21,0,1,1,0,0,,,,,1,19350822,0,DET04,h,BOS,0,1,0,regular,y,y,
DET193508262,bridt101,DET,1,1,value,27,0,1,0,0,0,,,,,1,19350826,2,DET04,h,PHA,0,1,0,regular,y,y,
SLA193508300,bridt101,DET,1,1,value,16,1,2,0,1,0,,,,,1,19350830,0,STL07,v,SLA,0,1,0,regular,y,y,
PHA193509071,bridt101,DET,1,1,value,22,0,0,0,0,0,,,,,1,19350907,1,PHI11,v,PHA,1,0,0,regular,y,y,
WS1193509110,bridt101,DET,1,1,value,33,1,1,1,0,0,,,,,1,19350911,0,WAS09,v,WS1,0,1,0,regular,y,y,
BOS193509160,bridt101,DET,1,1,value,27,0,2,0,1,0,,,,,1,19350916,0,BOS07,v,BOS,1,0,0,regular,y,y,
DET193509211,bridt101,DET,1,1,value,27,0,2,0,0,0,,,,,1,19350921,1,DET04,h,SLA,1,0,0,regular,y,y,
CHA193509281,bridt101,DET,1,1,value,24,2,1,0,0,0,,,,,1,19350928,1,CHI10,v,CHA,0,1,0,regular,y,y,
DET193510030,bridt101,DET,1,1,value,27,1,2,0,1,0,,,,,1,19351003,0,DET04,h,CHN,1,0,0,worldseries,y,y,
DET193510070,bridt101,DET,1,1,value,27,0,3,0,0,0,,,,,1,19351007,0,DET04,h,CHN,1,0,0,worldseries,y,y,
KCM193510130,bridt101,MLS,1,1,value,6,1,0,0,0,0,,,,,0,19351013,0,KAN05,v,KCM,0,1,0,exhibition,y,d,
CLE193604150,bridt101,DET,1,1,value,8,0,1,0,0,0,,,,,1,19360415,0,CLE06,v,CLE,0,1,0,regular,y,y,
DET193604200,bridt101,DET,1,1,value,19,0,2,0,0,0,,,,,1,19360420,0,DET04,h,SLA,0,1,0,regular,y,y,
SLA193604240,bridt101,DET,1,1,value,27,0,2,0,0,0,,,,,1,19360424,0,STL07,v,SLA,1,0,0,regular,y,y,
WS1193604290,bridt101,DET,1,1,value,22,0,2,0,0,0,,,,,1,19360429,0,WAS09,v,WS1,0,1,0,regular,y,y,
BOS193605030,bridt101,DET,1,1,value,15,0,3,0,0,0,,,,,1,19360503,0,BOS07,v,BOS,0,1,0,regular,y,y,
DET193605110,bridt101,DET,1,1,value,27,1,0,2,1,0,,,,,1,19360511,0,DET04,h,CLE,1,0,0,regular,y,y,
DET193605150,bridt101,DET,1,1,value,18,1,0,0,0,0,,,,,1,19360515,0,DET04,h,PHA,0,1,0,regular,y,y,
DET193605190,bridt101,DET,1,1,value,27,4,1,0,0,0,,,,,1,19360519,0,DET04,h,WS1,1,0,0,regular,y,y,
CLE193605231,bridt101,DET,1,1,value,27,1,0,0,0,0,,,,,1,19360523,1,CLE06,v,CLE,1,0,0,regular,y,y,
DET193605270,bridt101,DET,1,1,value,27,0,1,0,0,0,,,,,1,19360527,0,DET04,h,CHA,1,0,0,regular,y,y,
DET193605301,bridt101,DET,1,1,value,15,0,0,0,0,0,,,,,0,19360530,1,DET04,h,SLA,0,1,0,regular,y,y,
PHA193606020,bridt101,DET,1,1,value,27,0,1,0,0,0,,,,,1,19360602,0,PHI11,v,PHA,1,0,0,regular,y,y,
BOS193606081,bridt101,DET,1,1,value,24,1,6,0,0,0,,,,,1,19360608,1,BOS07,v,BOS,0,1,0,regular,y,y,
DET193606160,bridt101,DET,1,1,value,18,0,1,0,0,0,,,,,1,19360616,0,DET04,h,WS1,0,1,0,regular,y,y,
DET193606200,bridt101,DET,1,1,value,27,0,0,0,0,0,,,,,1,19360620,0,DET04,h,NYA,1,0,0,regular,y,y,
DET193606240,bridt101,DET,1,1,value,27,0,1,0,0,0,,,,,1,19360624,0,DET04,h,BOS,1,0,0,regular,y,y,
CHA193607010,bridt101,DET,1,1,value,27,0,6,0,1,0,,,,,1,19360701,0,CHI10,v,CHA,1,0,0,regular,y,y,
SLA193607050,bridt101,DET,1,1,value,15,0,0,0,0,0,,,,,1,19360705,0,STL07,v,SLA,1,0,0,regular,y,y,
PHA193607120,bridt101,DET,1,1,value,27,1,0,0,0,0,,,,,1,19360712,0,PHI11,v,PHA,1,0,0,regular,y,y,
NYA193607160,bridt101,DET,1,1,value,24,0,1,0,0,0,,,,,1,19360716,0,NYC16,v,NYA,0,1,0,regular,y,y,
DET193607211,bridt101,DET,1,1,value,27,0,1,0,0,0,,,,,1,19360721,1,DET04,h,PHA,1,0,0,regular,y,y,
DET193607250,bridt101,DET,1,1,value,4,0,1,0,0,0,,,,,1,19360725,0,DET04,h,BOS,0,1,0,regular,y,y,
DET193607280,bridt101,DET,1,1,value,4,0,0,0,0,0,,,,,1,19360728,0,DET04,h,NYA,0,1,0,regular,y,y,
DET193607310,bridt101,DET,1,1,value,27,0,1,0,0,0,,,,,1,19360731,0,DET04,h,WS1,1,0,0,regular,y,y,
DET193608040,bridt101,DET,1,1,value,27,1,1,0,0,0,,,,,1,19360804,0,DET04,h,CLE,1,0,0,regular,y,y,
DET193608081,bridt101,DET,1,1,value,17,1,0,0,0,0,,,,,1,19360808,1,DET04,h,SLA,1,0,0,regular,y,y,
CLE193608120,bridt101,DET,1,1,value,27,0,1,0,0,0,,,,,1,19360812,0,CLE06,v,CLE,1,0,0,regular,y,y,
CHA193608161,bridt101,DET,1,1,value,27,0,3,0,0,0,,,,,1,19360816,1,CHI10,v,CHA,1,0,0,regular,y,y,
SLA193608200,bridt101,DET,1,1,value,27,0,1,0,0,0,,,,,1,19360820,0,STL07,v,SLA,1,0,0,regular,y,y,
DET193608240,bridt101,DET,1,1,value,18,0,1,0,1,0,,,,,1,19360824,0,DET04,h,CHA,0,1,0,regular,y,y,
BOS193608270,bridt101,DET,1,1,value,27,0,2,0,0,0,,,,,1,19360827,0,BOS07,v,BOS,1,0,0,regular,y,y,
PHA193608302,bridt101,DET,1,1,value,27,0,0,0,0,0,,,,,1,19360830,2,PHI11,v,PHA,1,0,0,regular,y,y,
WS1193609030,bridt101,DET,1,1,value,24,1,2,0,0,0,,,,,1,19360903,0,WAS09,v,WS1,0,1,0,regular,y,y,
CHA193609072,bridt101,DET,1,1,value,21,0,2,0,0,0,,,,,1,19360907,2,CHI10,v,CHA,0,1,0,regular,y,y,
DET193609100,bridt101,DET,1,1,value,27,1,2,0,0,0,,,,,1,19360910,0,DET04,h,WS1,1,0,0,regular,y,y,
DET193609140,bridt101,DET,1,1,value,27,0,1,0,0,0,,,,,1,19360914,0,DET04,h,BOS,1,0,0,regular,y,y,
DET193609180,bridt101,DET,1,1,value,27,3,0,0,0,0,,,,,1,19360918,0,DET04,h,CLE,1,0,0,regular,y,y,
DET193609222,bridt101,DET,1,1,value,27,2,2,0,0,0,,,,,1,19360922,2,DET04,h,SLA,1,0,0,regular,y,y,
CLE193609260,bridt101,DET,1,1,value,24,1,3,0,0,0,,,,,1,19360926,0,CLE06,v,CLE,0,1,0,regular,y,y,
DET193705010,bridt101,DET,1,1,value,27,0,2,0,0,0,,,,,1,19370501,0,DET04,h,CHA,1,0,0,regular,y,y,
DET193705060,bridt101,DET,1,1,value,27,0,1,0,0,0,,,,,1,19370506,0,DET04,h,NYA,1,0,0,regular,y,y,
DET193705100,bridt101,DET,1,1,value,9,0,1,0,0,0,,,,,1,19370510,0,DET04,h,PHA,0,1,0,regular,y,y,
SLA193705140,bridt101,DET,1,1,value,19,0,2,0,0,0,,,,,1,19370514,0,STL07,v,SLA,0,1,0,regular,y,y,
PHA193705190,bridt101,DET,1,1,value,27,1,1,0,0,0,,,,,1,19370519,0,PHI11,v,PHA,1,0,0,regular,y,y,
WS1193705230,bridt101,DET,1,1,value,24,1,2,0,0,0,,,,,1,19370523,0,WAS09,v,WS1,1,0,0,regular,y,y,
NYA193705270,bridt101,DET,1,1,value,24,0,2,0,0,0,,,,,1,19370527,0,NYC16,v,NYA,1,0,0,regular,y,y,
CLE193705312,bridt101,DET,1,1,value,24,0,1,0,0,0,,,,,1,19370531,2,CLE07,v,CLE,0,1,0,regular,y,y,
DET193706040,bridt101,DET,1,1,value,27,1,1,1,0,0,,,,,1,19370604,0,DET04,h,WS1,1,0,0,regular,y,y,
DET193706060,bridt101,DET,1,1,value,4,0,0,0,0,0,,,,,0,19370606,0,DET04,h,NYA,1,0,0,regular,y,y,
DET193706100,bridt101,DET,1,1,value,27,2,1,0,0,0,,,,,1,19370610,0,DET04,h,PHA,1,0,0,regular,y,y,
WS1193706150,bridt101,DET,1,1,value,26,1,2,0,0,0,,,,,1,19370615,0,WAS09,v,WS1,1,0,0,regular,y,y,
PHA193706202,bridt101,DET,1,1,value,27,0,2,0,0,0,,,,,1,19370620,2,PHI11,v,PHA,1,0,0,regular,y,y,
NYA193706250,bridt101,DET,1,1,value,15,0,1,0,0,0,,,,,1,19370625,0,NYC16,v,NYA,0,1,0,regular,y,y,
CHA193706300,bridt101,DET,1,1,value,27,0,2,0,0,0,,,,,1,19370630,0,CHI10,v,CHA,1,0,0,regular,y,y,
ALS193707070,bridt101,ALS,1,1,value,9,0,1,0,0,0,,,,,0,19370707,0,WAS09,h,NLS,1,0,0,allstar,y,y,
DET193707102,bridt101,DET,1,1,value,21,0,0,0,0,0,,,,,1,19370710,2,DET04,h,CLE,0,1,0,regular,y,y,
DET193707170,bridt101,DET,1,1,value,27,1,0,0,0,0,,,,,1,19370717,0,DET04,h,WS1,1,0,0,regular,y,y,
DET193707210,bridt101,DET,1,1,value,17,0,2,0,0,0,,,,,1,19370721,0,DET04,h,BOS,0,1,0,regular,y,y,
BOS193707300,bridt101,DET,1,1,value,22,0,3,0,0,0,,,,,1,19370730,0,BOS07,v,BOS,0,1,0,regular,y,y,
PHA193708030,bridt101,DET,1,1,value,24,1,2,0,0,0,,,,,1,19370803,0,PHI11,v,PHA,0,1,0,regular,y,y,
WS1193708072,bridt101,DET,1,1,value,26,0,3,0,0,0,,,,,1,19370807,2,WAS09,v,WS1,0,1,0,regular,y,y,
DET193708122,bridt101,DET,1,1,value,30,0,2,0,0,0,,,,,1,19370812,2,DET04,h,CHA,0,1,0,regular,y,y,
DET193708150,bridt101,DET,1,1,value,8,1,0,0,0,0,,,,,0,19370815,0,DET04,h,SLA,0,1,0,regular,y,y,
CHA193708190,bridt101,DET,1,1,value,18,0,0,0,0,0,,,,,1,19370819,0,CHI10,v,CHA,1,0,0,regular,y,y,
DET193708241,bridt101,DET,1,1,value,27,0,1,0,0,0,,,,,1,19370824,1,DET04,h,PHA,1,0,0,regular,y,y,
DET193708290,bridt101,DET,1,1,value,9,1,0,0,0,0,,,,,1,19370829,0,DET04,h,NYA,0,1,0,regular,y,y,
DET193709020,bridt101,DET,1,1,value,3,0,0,0,0,0,,,,,0,19370902,0,DET04,h,WS1,1,0,0,regular,y,y,
DET193709040,bridt101,DET,1,1,value,21,0,1,0,0,0,,,,,1,19370904,0,DET04,h,CHA,0,1,0,regular,y,y,
DET193709081,bridt101,DET,1,1,value,23,1,3,0,0,0,,,,,1,19370908,1,DET04,h,CLE,0,1,0,regular,y,y,
CHA193709120,bridt101,DET,1,1,value,27,0,2,0,0,0,,,,,1,19370912,0,CHI10,v,CHA,1,0,0,regular,y,y,
PHA193709181,bridt101,DET,1,1,value,27,0,1,0,0,0,,,,,1,19370918,1,PHI11,v,PHA,1,0,0,regular,y,y,
BOS193709220,bridt101,DET,1,1,value,27,0,2,0,2,0,,,,,1,19370922,0,BOS07,v,BOS,1,0,0,regular,y,y,
CLE193709262,bridt101,DET,1,1,value,24,1,0,0,0,0,,,,,1,19370926,2,CLE06,v,CLE,0,1,0,regular,y,y,
SLA193709300,bridt101,DET,1,1,value,21,1,1,0,0,0,,,,,1,19370930,0,STL07,v,SLA,0,1,0,regular,y,y,
DET193804220,bridt101,DET,1,1,value,12,0,2,0,0,0,,,,,1,19380422,0,DET04,h,CLE,0,1,0,regular,y,y,
SLA193804270,bridt101,DET,1,1,value,18,0,1,0,0,0,,,,,1,19380427,0,STL07,v,SLA,0,1,0,regular,y,y,
DET193805210,bridt101,DET,1,1,value,5,0,0,0,0,0,,,,,0,19380521,0,DET04,h,PHA,1,0,0,regular,y,y,
CHA193805280,bridt101,DET,1,1,value,18,1,2,0,0,0,,,,,1,19380528,0,CHI10,v,CHA,1,0,0,regular,y,y,
BOS193806040,bridt101,DET,1,1,value,21,1,1,0,0,0,,,,,1,19380604,0,BOS07,v,BOS,0,1,0,regular,y,y,
PHA193806080,bridt101,DET,1,1,value,27,0,2,0,0,0,,,,,1,19380608,0,PHI11,v,PHA,1,0,0,regular,y,y,
WS1193806120,bridt101,DET,1,1,value,7,0,0,0,0,0,,,,,0,19380612,0,WAS09,v,WS1,1,0,0,regular,y,d,
DET193806160,bridt101,DET,1,1,value,27,1,1,0,0,0,,,,,1,19380616,0,DET04,h,PHA,1,0,0,regular,y,y,
DET193806211,bridt101,DET,1,1,value,27,0,1,1,0,0,,,,,1,19380621,1,DET04,h,BOS,0,1,0,regular,y,y,
CLE193806280,bridt101,DET,1,1,value,3,0,0,0,0,0,,,,,1,19380628,0,CLE06,v,CLE,0,1,0,regular,y,y,
SLA193807031,bridt101,DET,1,1,value,0,0,0,0,0,0,,,,,0,19380703,1,STL07,v,SLA,0,1,0,regular,y,d,
DET193807082,bridt101,DET,1,1,value,6,0,1,0,0,0,,,,,0,19380708,2,DET04,h,CHA,0,1,0,regular,y,d,
PHA193807242,bridt101,DET,1,1,value,27,0,0,0,0,0,,,,,1,19380724,2,PHI11,v,PHA,1,0,0,regular,y,y,
DET193807301,bridt101,DET,1,1,value,15,0,0,0,0,0,,,,,1,19380730,1,DET04,h,PHA,1,0,0,regular,y,d,
DET193808050,bridt101,DET,1,1,value,3,0,0,0,0,0,,,,,0,19380805,0,DET04,h,BOS,0,1,0,regular,y,y,
CHA193808090,bridt101,DET,1,1,value,27,2,2,0,0,0,,,,,1,19380809,0,CHI10,v,CHA,1,0,0,regular,y,y,
DET193808171,bridt101,DET,1,1,value,27,2,0,0,0,0,,,,,1,19380817,1,DET04,h,CHA,1,0,0,regular,y,y,
PHA193808231,bridt101,DET,1,1,value,27,1,0,0,0,0,,,,,1,19380823,1,PHI11,v,PHA,1,0,0,regular,y,y,
BOS193808280,bridt101,DET,1,1,value,30,0,1,1,0,0,,,,,1,19380828,0,BOS07,v,BOS,1,0,0,regular,y,d,
CHA193809030,bridt101,DET,1,1,value,27,0,0,0,0,0,,,,,1,19380903,0,CHI10,v,CHA,1,0,0,regular,y,y,
CLE193809090,bridt101,DET,1,1,value,27,0,2,0,0,0,,,,,1,19380909,0,CLE06,v,CLE,1,0,0,regular,y,y,
DET193809140,bridt101,DET,1,1,value,0,0,0,0,0,0,,,,,1,19380914,0,DET04,h,BOS,0,1,0,regular,y,y,
DET193809180,bridt101,DET,1,1,value,27,0,0,0,0,0,,,,,1,19380918,0,DET04,h,WS1,1,0,0,regular,y,d,
DET193809240,bridt101,DET,1,1,value,19,0,1,0,0,0,,,,,1,19380924,0,DET04,h,CLE,1,0,0,regular,y,d,
DET193809290,bridt101,DET,1,1,value,27,0,3,0,0,0,,,,,1,19380929,0,DET04,h,SLA,1,0,0,regular,y,y,
DET193904180,bridt101,DET,1,1,value,27,0,2,0,0,0,,,,,1,19390418,0,DET04,h,CHA,1,0,0,regular,y,y,
DET193904240,bridt101,DET,1,1,value,27,0,3,0,0,0,,,,,1,19390424,0,DET04,h,SLA,1,0,0,regular,y,y,
DET193904300,bridt101,DET,1,1,value,27,0,0,0,0,0,,,,,1,19390430,0,DET04,h,CLE,1,0,0,regular,y,y,
DET193905100,bridt101,DET,1,1,value,27,0,0,0,0,0,,,,,1,19390510,0,DET04,h,WS1,1,0,0,regular,y,y,
WS1193905160,bridt101,DET,1,1,value,27,1,1,0,0,0,,,,,1,19390516,0,WAS09,v,WS1,1,0,0,regular,y,d,
BOS193905210,bridt101,DET,1,1,value,18,0,0,0,0,0,,,,,1,19390521,0,BOS07,v,BOS,0,1,0,regular,y,y,
DET193905270,bridt101,DET,1,1,value,27,0,0,0,0,0,,,,,1,19390527,0,DET04,h,SLA,1,0,0,regular,y,y,
DET193906020,bridt101,DET,1,1,value,2,0,0,0,0,0,,,,,0,19390602,0,DET04,h,BOS,1,0,0,regular,y,d,
DET193906050,bridt101,DET,1,1,value,27,1,1,0,0,0,,,,,1,19390605,0,DET04,h,NYA,1,0,0,regular,y,y,
DET193906101,bridt101,DET,1,1,value,21,0,1,0,1,0,,,,,1,19390610,1,DET04,h,WS1,1,0,0,regular,y,d,
BOS193906150,bridt101,DET,1,1,value,27,0,2,0,0,0,,,,,1,19390615,0,BOS07,v,BOS,1,0,0,regular,y,y,
PHA193906200,bridt101,DET,1,1,value,27,1,0,1,0,0,,,,,1,19390620,0,PHI11,v,PHA,1,0,0,regular,y,y,
CLE193906260,bridt101,DET,1,1,value,27,2,2,0,0,0,,,,,1,19390626,0,CLE06,v,CLE,1,0,0,regular,y,y,
DET193907020,bridt101,DET,1,1,value,27,0,4,1,0,0,,,,,1,19390702,0,DET04,h,CHA,1,0,0,regular,y,y,
CHA193907080,bridt101,DET,1,1,value,18,0,0,0,0,0,,,,,1,19390708,0,CHI10,v,CHA,0,1,0,regular,y,y,
ALS193907110,bridt101,ALS,1,1,value,7,1,0,0,0,0,,,,,0,19390711,0,NYC16,h,NLS,1,0,0,allstar,y,y,
DET193907150,bridt101,DET,1,1,value,5,0,0,0,0,0,,,,,1,19390715,0,DET04,h,NYA,0,1,0,regular,y,y,
DET193907180,bridt101,DET,1,1,value,7,0,1,0,0,0,,,,,1,19390718,0,DET04,h,WS1,0,1,0,regular,y,y,
DET193907230,bridt101,DET,1,1,value,27,0,1,1,0,0,,,,,1,19390723,0,DET04,h,PHA,1,0,0,regular,y,y,
PHA193907290,bridt101,DET,1,1,value,24,0,0,0,0,0,,,,,1,19390729,0,PHI11,v,PHA,1,0,0,regular,y,y,
BOS193908050,bridt101,DET,1,1,value,27,0,1,0,0,0,,,,,1,19390805,0,BOS07,v,BOS,1,0,0,regular,y,y,
DET193908100,bridt101,DET,1,1,value,27,1,0,0,0,0,,,,,1,19390810,0,DET04,h,CHA,1,0,0,regular,y,y,
DET193908130,bridt101,DET,1,1,value,1,0,0,0,0,0,,,,,0,19390813,0,DET04,h,SLA,0,1,0,regular,y,y,
CHA193908160,bridt101,DET,1,1,value,18,0,1,0,0,0,,,,,1,19390816,0,CHI10,v,CHA,0,1,0,regular,y,y,
DET193908220,bridt101,DET,1,1,value,27,0,3,0,1,0,,,,,1,19390822,0,DET04,h,PHA,1,0,0,regular,y,y,
DET193908280,bridt101,DET,1,1,value,6,0,0,0,0,0,,,,,1,19390828,0,DET04,h,NYA,0,1,0,regular,y,y,
BOS193909120,bridt101,DET,1,1,value,21,0,2,0,0,0,,,,,1,19390912,0,BOS07,v,BOS,0,1,0,regular,y,y,
WS1193909180,bridt101,DET,1,1,value,18,0,1,0,0,0,,,,,1,19390918,0,WAS09,v,WS1,0,1,0,regular,y,d,
PHA193909210,bridt101,DET,1,1,value,3,0,0,0,0,0,,,,,0,19390921,0,PHI11,v,PHA,1,0,0,regular,y,y,
CLE193909241,bridt101,DET,1,1,value,27,2,1,0,0,0,,,,,1,19390924,1,CLE06,v,CLE,1,0,0,regular,y,y,
DET194004180,bridt101,DET,1,1,value,27,0,1,0,0,0,,,,,1,19400418,0,DET04,h,SLA,1,0,0,regular,y,y,
CHA194004240,bridt101,DET,1,1,value,27,0,2,0,0,0,,,,,1,19400424,0,CHI10,v,CHA,1,0,0,regular,y,y,
WS1194004300,bridt101,DET,1,1,value,18,0,0,1,0,0,,,,,1,19400430,0,WAS09,v,WS1,0,1,0,regular,y,d,
NYA194005060,bridt101,DET,1,1,value,18,0,1,0,0,0,,,,,1,19400506,0,NYC16,v,NYA,1,0,0,regular,y,y,
DET194005110,bridt101,DET,1,1,value,27,0,5,0,0,0,,,,,1,19400511,0,DET04,h,CHA,0,1,0,regular,y,y,
DET194005200,bridt101,DET,1,1,value,13,0,1,0,0,0,,,,,1,19400520,0,DET04,h,BOS,1,0,0,regular,y,y,
CHA194005240,bridt101,DET,1,1,value,21,0,0,0,0,0,,,,,1,19400524,0,CHI10,v,CHA,0,1,0,regular,y,y,
DET194005301,bridt101,DET,1,1,value,27,0,1,0,0,0,,,,,1,19400530,1,DET04,h,SLA,1,0,0,regular,y,y,
PHA194006040,bridt101,DET,1,1,value,11,0,1,0,0,0,,,,,1,19400604,0,PHI11,v,PHA,0,1,0,regular,y,y,
NYA194006110,bridt101,DET,1,1,value,27,0,0,0,0,0,,,,,1,19400611,0,NYC16,v,NYA,1,0,0,regular,y,y,
DET194006160,bridt101,DET,1,1,value,23,1,0,0,0,0,,,,,1,19400616,0,DET04,h,WS1,1,0,0,regular,y,y,
DET194006220,bridt101,DET,1,1,value,24,0,1,0,0,0,,,,,1,19400622,0,DET04,h,NYA,1,0,0,regular,y,y,
SLA194006291,bridt101,DET,1,1,value,21,0,1,0,0,0,,,,,1,19400629,1,STL07,v,SLA,1,0,0,regular,y,y,
DET194007041,bridt101,DET,1,1,value,27,0,2,0,0,0,,,,,1,19400704,1,DET04,h,CLE,1,0,0,regular,y,y,
WS1194007131,bridt101,DET,1,1,value,18,0,3,0,0,0,,,,,1,19400713,1,WAS09,v,WS1,1,0,0,regular,y,y,
BOS194007190,bridt101,DET,1,1,value,27,0,3,0,0,0,,,,,1,19400719,0,BOS07,v,BOS,1,0,0,regular,y,y,
DET194007260,bridt101,DET,1,1,value,12,0,0,0,0,0,,,,,1,19400726,0,DET04,h,PHA,0,1,0,regular,y,y,
DET194007310,bridt101,DET,1,1,value,27,0,0,0,0,0,,,,,1,19400731,0,DET04,h,NYA,1,0,0,regular,y,y,
SLA194008052,bridt101,DET,1,1,value,15,0,1,1,0,0,,,,,1,19400805,2,STL07,v,SLA,0,1,0,regular,y,y,
CHA194008112,bridt101,DET,1,1,value,24,0,0,0,0,0,,,,,1,19400811,2,CHI10,v,CHA,0,1,0,regular,y,y,
DET194008160,bridt101,DET,1,1,value,21,1,2,0,0,0,,,,,1,19400816,0,DET04,h,CHA,0,1,0,regular,y,y,
BOS194008241,bridt101,DET,1,1,value,27,1,0,0,0,0,,,,,1,19400824,1,BOS07,v,BOS,1,0,0,regular,y,y,
SLA194008310,bridt101,DET,1,1,value,27,0,1,0,0,0,,,,,1,19400831,0,STL07,v,SLA,1,0,0,regular,y,y,
DET194009050,bridt101,DET,1,1,value,14,0,3,0,0,0,,,,,1,19400905,0,DET04,h,CLE,1,0,0,regular,y,y,
DET194009080,bridt101,DET,1,1,value,7,0,0,0,0,0,,,,,0,19400908,0,DET04,h,SLA,1,0,0,regular,y,d,
DET194009130,bridt101,DET,1,1,value,27,1,0,0,0,0,,,,,1,19400913,0,DET04,h,NYA,1,0,0,regular,y,y,
DET194009181,bridt101,DET,1,1,value,18,0,0,0,0,0,,,,,1,19400918,1,DET04,h,PHA,1,0,0,regular,y,y,
DET194009220,bridt101,DET,1,1,value,4,0,0,0,0,0,,,,,1,19400922,0,DET04,h,CLE,0,1,0,regular,y,y,
DET194009251,bridt101,DET,1,1,value,14,0,0,0,0,0,,,,,1,19400925,1,DET04,h,CHA,1,0,0,regular,y,y,
DET194010040,bridt101,DET,1,1,value,27,0,1,0,0,0,,,,,1,19401004,0,DET04,h,CIN,1,0,0,worldseries,y,y,
DET194104180,bridt101,DET,1,1,value,24,2,0,0,0,0,,,,,1,19410418,0,DET04,h,CLE,1,0,0,regular,y,y,
DET194104240,bridt101,DET,1,1,value,27,0,3,0,0,0,,,,,1,19410424,0,DET04,h,SLA,1,0,0,regular,y,y,
DET194105010,bridt101,DET,1,1,value,3,0,0,0,0,0,,,,,1,19410501,0,DET04,h,BOS,0,1,0,regular,y,y,
DET194105050,bridt101,DET,1,1,value,27,1,1,0,0,0,,,,,1,19410505,0,DET04,h,NYA,1,0,0,regular,y,y,
CHA194105110,bridt101,DET,1,1,value,26,0,4,0,0,0,,,,,1,19410511,0,CHI10,v,CHA,0,1,0,regular,y,d,
PHA194105170,bridt101,DET,1,1,value,27,0,2,0,0,0,,,,,1,19410517,0,PHI11,v,PHA,1,0,0,regular,y,y,
DET194105231,bridt101,DET,1,1,value,2,0,1,0,0,0,,,,,1,19410523,1,DET04,h,CHA,0,1,0,regular,y,d,
DET194105250,bridt101,DET,1,1,value,3,0,0,0,0,0,,,,,0,19410525,0,DET04,h,CHA,0,1,0,regular,y,d,
DET194105290,bridt101,DET,1,1,value,15,1,0,0,0,0,,,,,1,19410529,0,DET04,h,CLE,0,1,0,regular,y,y,
DET194106100,bridt101,DET,1,1,value,23,0,1,0,0,0,,,,,1,19410610,0,DET04,h,PHA,1,0,0,regular,y,d,
BOS194106190,bridt101,DET,1,1,value,6,0,1,0,0,0,,,,,1,19410619,0,BOS07,v,BOS,0,1,0,regular,y,y,
PHA194106260,bridt101,DET,1,1,value,3,1,0,0,0,0,,,,,1,19410626,0,PHI11,v,PHA,0,1,0,regular,y,y,
DET194107041,bridt101,DET,1,1,value,27,0,2,0,0,0,,,,,1,19410704,1,DET04,h,CHA,0,1,0,regular,y,y,
DET194107140,bridt101,DET,1,1,value,27,2,1,0,1,0,,,,,1,19410714,0,DET04,h,PHA,1,0,0,regular,y,y,
DET194107200,bridt101,DET,1,1,value,15,1,1,1,0,0,,,,,1,19410720,0,DET04,h,NYA,0,1,0,regular,y,y,
PHA194107271,bridt101,DET,1,1,value,12,1,0,0,0,0,,,,,1,19410727,1,PHI11,v,PHA,0,1,0,regular,y,y,
BOS194108020,bridt101,DET,1,1,value,21,2,2,0,0,0,,,,,0,19410802,0,BOS07,v,BOS,1,0,0,regular,y,y,
CHA194108141,bridt101,DET,1,1,value,24,1,2,0,0,0,,,,,1,19410814,1,CHI10,v,CHA,0,1,0,regular,y,d,
DET194108200,bridt101,DET,1,1,value,30,1,1,0,0,0,,,,,1,19410820,0,DET04,h,NYA,1,0,0,regular,y,y,
DET194108262,bridt101,DET,1,1,value,3,0,0,0,0,0,,,,,0,19410826,2,DET04,h,PHA,0,1,0,regular,y,d,
CLE194108312,bridt101,DET,1,1,value,2,0,0,0,0,0,,,,,1,19410831,2,CLE07,v,CLE,0,1,0,regular,y,y,
DET194109070,bridt101,DET,1,1,value,27,1,1,0,0,0,,,,,1,19410907,0,DET04,h,CLE,1,0,0,regular,y,y,
WS1194109140,bridt101,DET,1,1,value,21,1,3,0,0,0,,,,,1,19410914,0,WAS09,v,WS1,0,1,0,regular,y,y,
CHA194109211,bridt101,DET,1,1,value,27,0,2,0,0,0,,,,,1,19410921,1,CHI10,v,CHA,1,0,0,regular,y,y,
DET194109280,bridt101,DET,1,1,value,21,0,2,0,0,0,,,,,1,19410928,0,DET04,h,CHA,0,1,0,regular,y,y,
DET194204160,bridt101,DET,1,1,value,27,3,3,0,0,0,,,,,1,19420416,0,DET04,h,CLE,1,0,0,regular,y,y,
CHA194204220,bridt101,DET,1,1,value,21,1,1,0,0,0,,,,,1,19420422,0,CHI10,v,CHA,0,1,0,regular,y,y,
DET194204261,bridt101,DET,1,1,value,6,0,1,0,0,0,,,,,0,19420426,1,DET04,h,SLA,1,0,0,regular,y,y,
NYA194205020,bridt101,DET,1,1,value,27,2,3,0,0,0,,,,,1,19420502,0,NYC16,v,NYA,1,0,0,regular,y,y,
CLE194205101,bridt101,DET,1,1,value,27,1,2,1,0,0,,,,,1,19420510,1,CLE07,v,CLE,1,0,0,regular,y,y,
DET194205170,bridt101,DET,1,1,value,30,1,0,0,0,0,,,,,1,19420517,0,DET04,h,BOS,1,0,0,regular,y,y,
CHA194205241,bridt101,DET,1,1,value,27,1,2,0,0,0,,,,,1,19420524,1,CHI10,v,CHA,1,0,0,regular,y,y,
DET194205301,bridt101,DET,1,1,value,27,0,1,0,0,0,,,,,1,19420530,1,DET04,h,CHA,1,0,0,regular,y,y,
WS1194206061,bridt101,DET,1,1,value,27,1,1,0,0,0,,,,,1,19420606,1,WAS09,v,WS1,1,0,0,regular,y,y,
BOS194206141,bridt101,DET,1,1,value,24,1,1,0,0,0,,,,,1,19420614,1,BOS07,v,BOS,0,1,0,regular,y,y,
DET194206200,bridt101,DET,1,1,value,24,1,2,0,0,0,,,,,1,19420620,0,DET04,h,WS1,1,0,0,regular,y,y,
DET194206270,bridt101,DET,1,1,value,27,1,1,0,0,0,,,,,1,19420627,0,DET04,h,PHA,1,0,0,regular,y,d,
CLE194207041,bridt101,DET,1,1,value,12,0,0,0,0,0,,,,,1,19420704,1,CLE07,v,CLE,0,1,0,regular,y,y,
WS1194207150,bridt101,DET,1,1,value,21,0,2,0,0,0,,,,,1,19420715,0,WAS09,v,WS1,0,1,0,regular,y,y,
DET194207220,bridt101,DET,1,1,value,24,0,1,0,0,0,,,,,1,19420722,0,DET04,h,WS1,0,1,0,regular,y,d,
DET194207302,bridt101,DET,1,1,value,3,0,0,0,0,0,,,,,1,19420730,2,DET04,h,PHA,0,1,0,regular,y,y,
CHA194208040,bridt101,DET,1,1,value,21,0,2,0,1,0,,,,,1,19420804,0,CHI10,v,CHA,0,1,0,regular,y,y,
CLE194208111,bridt101,DET,1,1,value,42,0,3,0,0,0,,,,,1,19420811,1,CLE07,v,CLE,0,0,1,regular,y,y,
WS1194208290,bridt101,DET,1,1,value,18,1,1,0,0,0,,,,,1,19420829,0,WAS09,v,WS1,0,1,0,regular,y,y,
CHA194209060,bridt101,DET,1,1,value,27,2,1,0,1,0,,,,,1,19420906,0,CHI10,v,CHA,1,0,0,regular,y,y,
DET194209131,bridt101,DET,1,1,value,21,0,2,0,0,0,,,,,1,19420913,1,DET04,h,WS1,0,1,0,regular,y,y,
DET194209210,bridt101,DET,1,1,value,27,0,1,0,0,0,,,,,1,19420921,0,DET04,h,CHA,1,0,0,regular,y,y,
CLE194209270,bridt101,DET,1,1,value,12,0,0,0,0,0,,,,,1,19420927,0,CLE06,v,CLE,0,1,0,regular,y,d,
CLE194304210,bridt101,DET,1,1,value,26,1,3,0,0,0,,,,,1,19430421,0,CLE07,v,CLE,0,1,0,regular,y,y,
DET194304280,bridt101,DET,1,1,value,23,1,2,0,0,0,,,,,1,19430428,0,DET04,h,SLA,1,0,0,regular,y,y,
DET194305120,bridt101,DET,1,1,value,24,0,0,0,0,0,,,,,1,19430512,0,DET04,h,PHA,1,0,0,regular,y,d,
DET194305140,bridt101,DET,1,1,value,10,0,4,0,0,0,,,,,0,19430514,0,DET04,h,PHA,0,1,0,regular,y,y,
DET194305231,bridt101,DET,1,1,value,26,0,1,0,0,0,,,,,1,19430523,1,DET04,h,BOS,1,0,0,regular,y,y,
BOS194305290,bridt101,DET,1,1,value,25,0,0,0,0,0,,,,,1,19430529,0,BOS07,v,BOS,1,0,0,regular,y,y,
WS1194306040,bridt101,DET,1,1,value,21,1,1,0,0,0,,,,,1,19430604,0,WAS09,v,WS1,1,0,0,regular,y,d,
DET194306131,bridt101,DET,1,1,value,27,1,2,0,0,0,,,,,1,19430613,1,DET04,h,CHA,1,0,0,regular,y,y,
DET194306190,bridt101,DET,1,1,value,24,1,0,0,0,0,,,,,1,19430619,0,DET04,h,SLA,1,0,0,regular,y,y,
SLA194306250,bridt101,DET,1,1,value,9,1,1,0,0,0,,,,,0,19430625,0,STL07,v,SLA,0,1,0,regular,y,y,
DET194307020,bridt101,DET,1,1,value,27,0,1,0,1,0,,,,,1,19430702,0,DET04,h,BOS,1,0,0,regular,y,y,
DET194307060,bridt101,DET,1,1,value,36,1,2,0,0,0,,,,,1,19430706,0,DET04,h,WS1,1,0,0,regular,y,y,
DET194307112,bridt101,DET,1,1,value,27,1,2,0,0,0,,,,,1,19430711,2,DET04,h,PHA,1,0,0,regular,y,y,
CHA194307172,bridt101,DET,1,1,value,27,2,0,0,0,0,,,,,1,19430717,2,CHI10,v,CHA,1,0,0,regular,y,y,
WS1194307230,bridt101,DET,1,1,value,27,2,0,0,0,0,,,,,1,19430723,0,WAS09,v,WS1,1,0,0,regular,y,y,
BOS194307281,bridt101,DET,1,1,value,6,0,0,0,0,0,,,,,0,19430728,1,BOS07,v,BOS,0,1,0,regular,y,y,
NYA194308011,bridt101,DET,1,1,value,15,1,0,0,0,0,,,,,1,19430801,1,NYC16,v,NYA,0,1,0,regular,y,y,
DET194308082,bridt101,DET,1,1,value,27,1,0,0,0,0,,,,,1,19430808,2,DET04,h,CHA,1,0,0,regular,y,y,
DET194308152,bridt101,DET,1,1,value,27,2,2,0,0,0,,,,,1,19430815,2,DET04,h,PHA,1,0,0,regular,y,y,
DET194308222,bridt101,DET,1,1,value,27,1,0,0,0,0,,,,,1,19430822,2,DET04,h,NYA,1,0,0,regular,y,y,
SLA194308292,bridt101,DET,1,1,value,27,0,1,0,0,0,,,,,1,19430829,2,STL07,v,SLA,1,0,0,regular,y,y,
DET194309050,bridt101,DET,1,1,value,27,0,4,0,0,0,,,,,1,19430905,0,DET04,h,SLA,0,1,0,regular,y,y,
DET194309120,bridt101,DET,1,1,value,27,1,2,0,0,0,,,,,1,19430912,0,DET04,h,CLE,0,1,0,regular,y,y,
CLE194309192,bridt101,DET,1,1,value,15,0,0,0,0,0,,,,,1,19430919,2,CLE07,v,CLE,0,1,0,regular,y,y,
BOS194309262,bridt101,DET,1,1,value,18,0,0,0,0,0,,,,,1,19430926,2,BOS07,v,BOS,0,1,0,regular,y,d,
DET194509031,bridt101,DET,1,1,value,22,1,2,0,0,0,,,,,1,19450903,1,DET04,h,CHA,1,0,0,regular,y,d,
WS1194509162,bridt101,DET,1,1,value,2,0,0,0,0,0,,,,,0,19450916,2,WAS09,v,WS1,1,0,0,regular,y,y,
CLE194509190,bridt101,DET,1,1,value,3,0,0,0,0,0,,,,,0,19450919,0,CLE06,v,CLE,0,1,0,regular,y,y,
DET194509262,bridt101,DET,1,1,value,6,1,2,0,0,0,,,,,0,19450926,2,DET04,h,CLE,0,1,0,regular,y,y,
CHN194510080,bridt101,DET,1,1,value,5,0,0,0,0,0,,,,,0,19451008,0,CHI11,v,CHN,0,1,0,worldseries,y,y,
BOS194605020,bridt101,DET,1,1,value,6,0,0,0,0,0,,,,,0,19460502,0,BOS07,v,BOS,0,1,0,regular,y,y,
PHA194605052,bridt101,DET,1,1,value,18,0,1,0,0,0,,,,,1,19460505,2,PHI11,v,PHA,1,0,0,regular,y,y,
DET194605140,bridt101,DET,1,1,value,5,0,1,0,0,0,,,,,0,19460514,0,DET04,h,WS1,0,1,0,regular,y,y,
DET194605230,bridt101,DET,1,1,value,9,0,1,0,0,0,,,,,0,19460523,0,DET04,h,NYA,0,1,0,regular,y,y,
SLA194605302,bridt101,DET,1,1,value,6,0,0,0,0,0,,,,,0,19460530,2,STL07,v,SLA,0,1,0,regular,y,d,
BOS194606091,bridt101,DET,1,1,value,6,0,0,0,0,0,,,,,0,19460609,1,BOS07,v,BOS,0,1,0,regular,y,d,
DET194606240,bridt101,DET,1,1,value,1,0,0,0,0,0,,,,,0,19460624,0,DET04,h,BOS,0,0,1,regular,y,y,
DET194607020,bridt101,DET,1,1,value,4,0,0,0,0,0,,,,,0,19460702,0,DET04,h,CHA,0,1,0,regular,y,d,
PHA194607200,bridt101,DET,1,1,value,9,1,0,0,0,0,,,,,0,19460720,0,PHI11,v,PHA,1,0,0,regular,y,y,
