gid,event,inning,top_bot,vis_home,site,batteam,pitteam,score_v,score_h,batter,pitcher,lp,bat_f,bathand,pithand,balls,strikes,count,pitches,nump,pa,ab,single,double,triple,hr,sh,sf,hbp,walk,k,xi,roe,fc,othout,noout,oth,bip,bunt,ground,fly,line,iw,gdp,othdp,tp,fle,wp,pb,bk,oa,di,sb2,sb3,sbh,cs2,cs3,csh,pko1,pko2,pko3,k_safe,e1,e2,e3,e4,e5,e6,e7,e8,e9,outs_pre,outs_post,br1_pre,br2_pre,br3_pre,br1_post,br2_post,br3_post,lob_id1,lob_id2,lob_id3,pr1_pre,pr2_pre,pr3_pre,pr1_post,pr2_post,pr3_post,run_b,run1,run2,run3,prun_b,prun1,prun2,prun3,ur_b,ur1,ur2,ur3,rbi_b,rbi1,rbi2,rbi3,runs,rbi,er,tur,l1,l2,l3,l4,l5,l6,l7,l8,l9,lf1,lf2,lf3,lf4,lf5,lf6,lf7,lf8,lf9,f2,f3,f4,f5,f6,f7,f8,f9,po0,po1,po2,po3,po4,po5,po6,po7,po8,po9,a1,a2,a3,a4,a5,a6,a7,a8,a9,fseq,batout1,batout2,batout3,brout_b,brout1,brout2,brout3,firstf,loc,hittype,dpopp,pivot,pn,umphome,ump1b,ump2b,ump3b,umplf,umprf,date,gametype,pbp
SLG192010040,K/C,1,0,0,STL11,SLN,SLG,0,0,schuj101,drakb101,1,7,R,R,?,?,??,,,1,1,0,0,0,0,0,0,0,0,1,0,0,0,0,0,0,0,0,0,0,0,0,0,0,0,0,0,0,0,0,0,0,0,0,0,0,0,0,0,0,0,0,0,0,0,0,0,0,0,0,0,1,,,,,,,,,,,,,,,,,,,,,,,,0,0,0,0,0,0,0,0,0,0,0,0,schuj101,fourj101,stocm101,janvh101,mchea101,lavad101,dillp101,clemv101,lyong101,7,3,5,4,8,6,9,2,1,kennd102,lyonj101,day-c102,holte101,hewij102,dudld101,charo101,blacc102,0,0,1,0,0,0,0,0,0,0,0,0,0,0,0,0,0,0,0,2,0,0,0,0,0,0,0,0,,,0,0,1,?,,,,,,19201004,exhibition,full
SLG192010040,S9,1,0,0,STL11,SLN,SLG,0,0,fourj101,drakb101,2,3,L,R,?,?,??,,,1,1,1,0,0,0,0,0,0,0,0,0,0,0,0,0,0,1,0,0,0,0,0,0,0,0,0,0,0,0,0,0,0,0,0,0,0,0,0,0,0,0,0,0,0,0,0,0,0,0,0,1,1,,,,fourj101,,,,,,,,,drakb101,,,,,,,,,,,0,0,0,0,0,0,0,0,0,0,0,0,schuj101,fourj101,stocm101,janvh101,mchea101,lavad101,dillp101,clemv101,lyong101,7,3,5,4,8,6,9,2,1,kennd102,lyonj101,day-c102,holte101,hewij102,dudld101,charo101,blacc102,0,0,0,0,0,0,0,0,0,0,0,0,0,0,0,0,0,0,0,,0,0,0,0,0,0,0,9,9+,,0,0,2,?,,,,,,19201004,exhibition,full
SLG192010040,36(1)/FO,1,0,0,STL11,SLN,SLG,0,0,stocm101,drakb101,3,5,R,R,?,?,??,,,1,1,0,0,0,0,0,0,0,0,0,0,0,0,1,0,1,1,0,1,0,0,0,0,0,0,0,0,0,0,0,0,0,0,0,0,0,0,0,0,0,0,0,0,0,0,0,0,0,0,0,1,2,fourj101,,,stocm101,,,,,,drakb101,,,drakb101,,,,,,,,,,,0,0,0,0,0,0,0,0,0,0,0,0,schuj101,fourj101,stocm101,janvh101,mchea101,lavad101,dillp101,clemv101,lyong101,7,3,5,4,8,6,9,2,1,kennd102,lyonj101,day-c102,holte101,hewij102,dudld101,charo101,blacc102,0,0,0,0,0,0,1,0,0,0,0,0,1,0,0,0,0,0,0,36,3,0,0,0,0,0,0,3,,G,1,6,3,?,,,,,,19201004,exhibition,full
SLG192010040,8,1,0,0,STL11,SLN,SLG,0,0,janvh101,drakb101,4,4,R,R,?,?,??,,,1,1,0,0,0,0,0,0,0,0,0,0,0,0,1,0,1,1,0,0,1,0,0,0,0,0,0,0,0,0,0,0,0,0,0,0,0,0,0,0,0,0,0,0,0,0,0,0,0,0,0,2,3,stocm101,,,,,,stocm101,,,drakb101,,,,,,,,,,,,,,0,0,0,0,0,0,0,0,0,0,0,0,schuj101,fourj101,stocm101,janvh101,mchea101,lavad101,dillp101,clemv101,lyong101,7,3,5,4,8,6,9,2,1,kennd102,lyonj101,day-c102,holte101,hewij102,dudld101,charo101,blacc102,0,0,0,0,0,0,0,0,1,0,0,0,0,0,0,0,0,0,0,8,8,0,0,0,0,0,0,8,8+,F,0,0,4,?,,,,,,19201004,exhibition,full
SLG192010040,13/BG,1,1,1,STL11,SLG,SLN,0,0,lyonj101,lyong101,1,3,L,R,?,?,??,,,1,1,0,0,0,0,0,0,0,0,0,0,0,0,1,0,1,1,1,0,0,0,0,0,0,0,0,0,0,0,0,0,0,0,0,0,0,0,0,0,0,0,0,0,0,0,0,0,0,0,0,0,1,,,,,,,,,,,,,,,,,,,,,,,,0,0,0,0,0,0,0,0,0,0,0,0,lyonj101,hewij102,charo101,blacc102,dudld101,kennd102,day-c102,holte101,drakb101,3,6,8,9,7,2,4,5,1,clemv101,fourj101,janvh101,stocm101,lavad101,schuj101,mchea101,dillp101,0,0,0,1,0,0,0,0,0,0,1,0,0,0,0,0,0,0,0,13,1,0,0,0,0,0,0,1,,BG,0,0,5,?,,,,,,19201004,exhibition,full
SLG192010040,W,1,1,1,STL11,SLG,SLN,0,0,hewij102,lyong101,2,6,L,R,?,?,??,,,1,0,0,0,0,0,0,0,0,1,0,0,0,0,0,0,0,0,0,0,0,0,0,0,0,0,0,0,0,0,0,0,0,0,0,0,0,0,0,0,0,0,0,0,0,0,0,0,0,0,0,1,1,,,,hewij102,,,,,,,,,lyong101,,,,,,,,,,,0,0,0,0,0,0,0,0,0,0,0,0,lyonj101,hewij102,charo101,blacc102,dudld101,kennd102,day-c102,holte101,drakb101,3,6,8,9,7,2,4,5,1,clemv101,fourj101,janvh101,stocm101,lavad101,schuj101,mchea101,dillp101,0,0,0,0,0,0,0,0,0,0,0,0,0,0,0,0,0,0,0,,0,0,0,0,0,0,0,0,,,0,0,6,?,,,,,,19201004,exhibition,full
SLG192010040,PO1(13),1,1,1,STL11,SLG,SLN,0,0,charo101,lyong101,3,8,L,R,?,?,??,,,0,0,0,0,0,0,0,0,0,0,0,0,0,0,0,0,0,0,0,0,0,0,0,0,0,0,0,0,0,0,0,0,0,0,0,0,0,0,1,0,0,0,0,0,0,0,0,0,0,0,0,1,2,hewij102,,,,,,,,,lyong101,,,,,,,,,,,,,,0,0,0,0,0,0,0,0,0,0,0,0,lyonj101,hewij102,charo101,blacc102,dudld101,kennd102,day-c102,holte101,drakb101,3,6,8,9,7,2,4,5,1,clemv101,fourj101,janvh101,stocm101,lavad101,schuj101,mchea101,dillp101,0,0,0,1,0,0,0,0,0,0,1,0,0,0,0,0,0,0,0,13,0,0,0,0,0,0,0,0,,,0,0,7,?,,,,,,19201004,exhibition,full
SLG192010040,HR/9,1,1,1,STL11,SLG,SLN,0,0,charo101,lyong101,3,8,L,R,?,?,??,,,1,1,0,0,0,1,0,0,0,0,0,0,0,0,0,0,0,0,0,0,0,0,0,0,0,0,0,0,0,0,0,0,0,0,0,0,0,0,0,0,0,0,0,0,0,0,0,0,0,0,0,2,2,,,,,,,,,,,,,,,,charo101,,,,lyong101,,,,0,0,0,0,1,0,0,0,1,1,1,0,lyonj101,hewij102,charo101,blacc102,dudld101,kennd102,day-c102,holte101,drakb101,3,6,8,9,7,2,4,5,1,clemv101,fourj101,janvh101,stocm101,lavad101,schuj101,mchea101,dillp101,0,0,0,0,0,0,0,0,0,0,0,0,0,0,0,0,0,0,0,,0,0,0,0,0,0,0,0,,,0,0,8,?,,,,,,19201004,exhibition,full
SLG192010040,K,1,1,1,STL11,SLG,SLN,0,1,blacc102,lyong101,4,9,L,R,?,?,??,,,1,1,0,0,0,0,0,0,0,0,1,0,0,0,0,0,0,0,0,0,0,0,0,0,0,0,0,0,0,0,0,0,0,0,0,0,0,0,0,0,0,0,0,0,0,0,0,0,0,0,0,2,3,,,,,,,,,,,,,,,,,,,,,,,,0,0,0,0,0,0,0,0,0,0,0,0,lyonj101,hewij102,charo101,blacc102,dudld101,kennd102,day-c102,holte101,drakb101,3,6,8,9,7,2,4,5,1,clemv101,fourj101,janvh101,stocm101,lavad101,schuj101,mchea101,dillp101,0,0,1,0,0,0,0,0,0,0,0,0,0,0,0,0,0,0,0,2,0,0,0,0,0,0,0,0,,,0,0,9,?,,,,,,19201004,exhibition,full
SLG192010040,63,2,0,0,STL11,SLN,SLG,0,1,mchea101,drakb101,5,8,R,R,?,?,??,,,1,1,0,0,0,0,0,0,0,0,0,0,0,0,1,0,1,1,0,1,0,0,0,0,0,0,0,0,0,0,0,0,0,0,0,0,0,0,0,0,0,0,0,0,0,0,0,0,0,0,0,0,1,,,,,,,,,,,,,,,,,,,,,,,,0,0,0,0,0,0,0,0,0,0,0,0,schuj101,fourj101,stocm101,janvh101,mchea101,lavad101,dillp101,clemv101,lyong101,7,3,5,4,8,6,9,2,1,kennd102,lyonj101,day-c102,holte101,hewij102,dudld101,charo101,blacc102,0,0,0,1,0,0,0,0,0,0,0,0,0,0,0,1,0,0,0,63,6,0,0,0,0,0,0,6,3+,G,0,0,10,?,,,,,,19201004,exhibition,full
SLG192010040,43,2,0,0,STL11,SLN,SLG,0,1,lavad101,drakb101,6,6,R,R,?,?,??,,,1,1,0,0,0,0,0,0,0,0,0,0,0,0,1,0,1,1,0,1,0,0,0,0,0,0,0,0,0,0,0,0,0,0,0,0,0,0,0,0,0,0,0,0,0,0,0,0,0,0,0,1,2,,,,,,,,,,,,,,,,,,,,,,,,0,0,0,0,0,0,0,0,0,0,0,0,schuj101,fourj101,stocm101,janvh101,mchea101,lavad101,dillp101,clemv101,lyong101,7,3,5,4,8,6,9,2,1,kennd102,lyonj101,day-c102,holte101,hewij102,dudld101,charo101,blacc102,0,0,0,1,0,0,0,0,0,0,0,0,0,1,0,0,0,0,0,43,4,0,0,0,0,0,0,4,3+,G,0,0,11,?,,,,,,19201004,exhibition,full
SLG192010040,63,2,0,0,STL11,SLN,SLG,0,1,dillp101,drakb101,7,9,R,R,?,?,??,,,1,1,0,0,0,0,0,0,0,0,0,0,0,0,1,0,1,1,0,1,0,0,0,0,0,0,0,0,0,0,0,0,0,0,0,0,0,0,0,0,0,0,0,0,0,0,0,0,0,0,0,2,3,,,,,,,,,,,,,,,,,,,,,,,,0,0,0,0,0,0,0,0,0,0,0,0,schuj101,fourj101,stocm101,janvh101,mchea101,lavad101,dillp101,clemv101,lyong101,7,3,5,4,8,6,9,2,1,kennd102,lyonj101,day-c102,holte101,hewij102,dudld101,charo101,blacc102,0,0,0,1,0,0,0,0,0,0,0,0,0,0,0,1,0,0,0,63,6,0,0,0,0,0,0,6,3+,G,0,0,12,?,,,,,,19201004,exhibition,full
SLG192010040,S7,2,1,1,STL11,SLG,SLN,0,1,dudld101,lyong101,5,7,L,R,?,?,??,,,1,1,1,0,0,0,0,0,0,0,0,0,0,0,0,0,0,1,0,0,0,0,0,0,0,0,0,0,0,0,0,0,0,0,0,0,0,0,0,0,0,0,0,0,0,0,0,0,0,0,0,0,0,,,,dudld101,,,,,,,,,lyong101,,,,,,,,,,,0,0,0,0,0,0,0,0,0,0,0,0,lyonj101,hewij102,charo101,blacc102,dudld101,kennd102,day-c102,holte101,drakb101,3,6,8,9,7,2,4,5,1,clemv101,fourj101,janvh101,stocm101,lavad101,schuj101,mchea101,dillp101,0,0,0,0,0,0,0,0,0,0,0,0,0,0,0,0,0,0,0,,0,0,0,0,0,0,0,7,7+,,0,0,13,?,,,,,,19201004,exhibition,full
SLG192010040,FC1.1-2,2,1,1,STL11,SLG,SLN,0,1,kennd102,lyong101,6,2,R,R,?,?,??,,,1,1,0,0,0,0,0,0,0,0,0,0,0,1,0,0,0,1,0,1,0,0,0,0,0,0,0,0,0,0,0,0,0,0,0,0,0,0,0,0,0,0,0,0,0,0,0,0,0,0,0,0,0,dudld101,,,kennd102,dudld101,,,,,lyong101,,,lyong101,lyong101,,,,,,,,,,0,0,0,0,0,0,0,0,0,0,0,0,lyonj101,hewij102,charo101,blacc102,dudld101,kennd102,day-c102,holte101,drakb101,3,6,8,9,7,2,4,5,1,clemv101,fourj101,janvh101,stocm101,lavad101,schuj101,mchea101,dillp101,0,0,0,0,0,0,0,0,0,0,0,0,0,0,0,0,0,0,0,,0,0,0,0,0,0,0,1,1+,G,1,0,14,?,,,,,,19201004,exhibition,full
SLG192010040,FC1/BG.2-H(E1/TH)(NR);1-3;B-2,2,1,1,STL11,SLG,SLN,0,1,day-c102,lyong101,7,4,R,R,?,?,??,,,1,1,0,0,0,0,0,0,0,0,0,0,0,1,0,0,0,1,1,0,0,0,0,0,0,0,0,0,0,0,0,0,0,0,0,0,0,0,0,0,0,0,1,0,0,0,0,0,0,0,0,0,0,kennd102,dudld101,,,day-c102,kennd102,,,,lyong101,lyong101,,,lyong101,lyong101,,,dudld101,,,,lyong101,,0,0,0,0,0,0,0,0,1,0,1,0,lyonj101,hewij102,charo101,blacc102,dudld101,kennd102,day-c102,holte101,drakb101,3,6,8,9,7,2,4,5,1,clemv101,fourj101,janvh101,stocm101,lavad101,schuj101,mchea101,dillp101,0,0,0,0,0,0,0,0,0,0,0,0,0,0,0,0,0,0,0,,0,0,0,0,0,0,0,1,,BG,0,0,15,?,,,,,,19201004,exhibition,full
SLG192010040,CSH(2),2,1,1,STL11,SLG,SLN,0,2,holte101,lyong101,8,5,R,R,?,?,??,,,0,0,0,0,0,0,0,0,0,0,0,0,0,0,0,0,0,0,0,0,0,0,0,0,0,0,0,0,0,0,0,0,0,0,0,0,0,1,0,0,0,0,0,0,0,0,0,0,0,0,0,0,1,,day-c102,kennd102,,day-c102,,,,,,lyong101,lyong101,,lyong101,,,,,,,,,,0,0,0,0,0,0,0,0,0,0,0,0,lyonj101,hewij102,charo101,blacc102,dudld101,kennd102,day-c102,holte101,drakb101,3,6,8,9,7,2,4,5,1,clemv101,fourj101,janvh101,stocm101,lavad101,schuj101,mchea101,dillp101,0,0,1,0,0,0,0,0,0,0,0,0,0,0,0,0,0,0,0,2,0,0,0,0,0,0,0,0,,,0,0,16,?,,,,,,19201004,exhibition,full
SLG192010040,S8.2-H,2,1,1,STL11,SLG,SLN,0,2,holte101,lyong101,8,5,R,R,?,?,??,,,1,1,1,0,0,0,0,0,0,0,0,0,0,0,0,0,0,1,0,0,0,0,0,0,0,0,0,0,0,0,0,0,0,0,0,0,0,0,0,0,0,0,0,0,0,0,0,0,0,0,0,1,1,,day-c102,,holte101,,,,,,,lyong101,,lyong101,,,,,day-c102,,,,lyong101,,0,0,0,0,0,0,1,0,1,1,1,0,lyonj101,hewij102,charo101,blacc102,dudld101,kennd102,day-c102,holte101,drakb101,3,6,8,9,7,2,4,5,1,clemv101,fourj101,janvh101,stocm101,lavad101,schuj101,mchea101,dillp101,0,0,0,0,0,0,0,0,0,0,0,0,0,0,0,0,0,0,0,,0,0,0,0,0,0,0,8,8+,,0,0,17,?,,,,,,19201004,exhibition,full
SLG192010040,13.1-2,2,1,1,STL11,SLG,SLN,0,3,drakb101,lyong101,9,1,R,R,?,?,??,,,1,1,0,0,0,0,0,0,0,0,0,0,0,0,1,0,1,1,0,1,0,0,0,0,0,0,0,0,0,0,0,0,0,0,0,0,0,0,0,0,0,0,0,0,0,0,0,0,0,0,0,1,2,holte101,,,,holte101,,,,,lyong101,,,,lyong101,,,,,,,,,,0,0,0,0,0,0,0,0,0,0,0,0,lyonj101,hewij102,charo101,blacc102,dudld101,kennd102,day-c102,holte101,drakb101,3,6,8,9,7,2,4,5,1,clemv101,fourj101,janvh101,stocm101,lavad101,schuj101,mchea101,dillp101,0,0,0,1,0,0,0,0,0,0,1,0,0,0,0,0,0,0,0,13,1,0,0,0,0,0,0,1,13+,G,0,0,18,?,,,,,,19201004,exhibition,full
SLG192010040,E4.2-H(NR)(UR),2,1,1,STL11,SLG,SLN,0,3,lyonj101,lyong101,1,3,L,R,?,?,??,,,1,1,0,0,0,0,0,0,0,0,0,0,1,0,0,0,0,1,0,1,0,0,0,0,0,0,0,0,0,0,0,0,0,0,0,0,0,0,0,0,0,0,0,0,0,1,0,0,0,0,0,2,2,,holte101,,lyonj101,,,,,,,lyong101,,lyong101,,,,,holte101,,,,lyong101,,0,0,1,0,0,0,0,0,1,0,0,0,lyonj101,hewij102,charo101,blacc102,dudld101,kennd102,day-c102,holte101,drakb101,3,6,8,9,7,2,4,5,1,clemv101,fourj101,janvh101,stocm101,lavad101,schuj101,mchea101,dillp101,0,0,0,0,0,0,0,0,0,0,0,0,0,0,0,0,0,0,0,,0,0,0,0,0,0,0,4,4+,G,0,0,19,?,,,,,,19201004,exhibition,full
SLG192010040,S8.1-3,2,1,1,STL11,SLG,SLN,0,4,hewij102,lyong101,2,6,L,R,?,?,??,,,1,1,1,0,0,0,0,0,0,0,0,0,0,0,0,0,0,1,0,0,0,0,0,0,0,0,0,0,0,0,0,0,0,0,0,0,0,0,0,0,0,0,0,0,0,0,0,0,0,0,0,2,2,lyonj101,,,hewij102,,lyonj101,,,,lyong101,,,lyong101,,lyong101,,,,,,,,,0,0,0,0,0,0,0,0,0,0,0,0,lyonj101,hewij102,charo101,blacc102,dudld101,kennd102,day-c102,holte101,drakb101,3,6,8,9,7,2,4,5,1,clemv101,fourj101,janvh101,stocm101,lavad101,schuj101,mchea101,dillp101,0,0,0,0,0,0,0,0,0,0,0,0,0,0,0,0,0,0,0,,0,0,0,0,0,0,0,8,8+,,0,0,20,?,,,,,,19201004,exhibition,full
SLG192010040,CSH(262),2,1,1,STL11,SLG,SLN,0,4,charo101,lyong101,3,8,L,R,?,?,??,,,0,0,0,0,0,0,0,0,0,0,0,0,0,0,0,0,0,0,0,0,0,0,0,0,0,0,0,0,0,0,0,0,0,0,0,0,0,1,0,0,0,0,0,0,0,0,0,0,0,0,0,2,3,hewij102,,lyonj101,,,,hewij102,,,lyong101,,lyong101,,,,,,,,,,,,0,0,0,0,0,0,0,0,0,0,0,0,lyonj101,hewij102,charo101,blacc102,dudld101,kennd102,day-c102,holte101,drakb101,3,6,8,9,7,2,4,5,1,clemv101,fourj101,janvh101,stocm101,lavad101,schuj101,mchea101,dillp101,0,0,1,0,0,0,0,0,0,0,0,1,0,0,0,1,0,0,0,262,0,0,0,0,0,0,0,0,,,0,0,21,?,,,,,,19201004,exhibition,full
SLG192010040,E4,3,0,0,STL11,SLN,SLG,0,4,clemv101,drakb101,8,2,R,R,?,?,??,,,1,1,0,0,0,0,0,0,0,0,0,0,1,0,0,0,0,1,0,1,0,0,0,0,0,0,0,0,0,0,0,0,0,0,0,0,0,0,0,0,0,0,0,0,0,1,0,0,0,0,0,0,0,,,,clemv101,,,,,,,,,drakb101,,,,,,,,,,,0,0,0,0,0,0,0,0,0,0,0,0,schuj101,fourj101,stocm101,janvh101,mchea101,lavad101,dillp101,clemv101,lyong101,7,3,5,4,8,6,9,2,1,kennd102,lyonj101,day-c102,holte101,hewij102,dudld101,charo101,blacc102,0,0,0,0,0,0,0,0,0,0,0,0,0,0,0,0,0,0,0,,0,0,0,0,0,0,0,4,4+,G,0,0,22,?,,,,,,19201004,exhibition,full
SLG192010040,4(1)3/GDP,3,0,0,STL11,SLN,SLG,0,4,lyong101,drakb101,9,1,R,R,?,?,??,,,1,1,0,0,0,0,0,0,0,0,0,0,0,0,1,0,1,1,0,1,0,0,0,1,0,0,0,0,0,0,0,0,0,0,0,0,0,0,0,0,0,0,0,0,0,0,0,0,0,0,0,0,2,clemv101,,,,,,,,,drakb101,,,,,,,,,,,,,,0,0,0,0,0,0,0,0,0,0,0,0,schuj101,fourj101,stocm101,janvh101,mchea101,lavad101,dillp101,clemv101,lyong101,7,3,5,4,8,6,9,2,1,kennd102,lyonj101,day-c102,holte101,hewij102,dudld101,charo101,blacc102,0,0,0,1,1,0,0,0,0,0,0,0,0,1,0,0,0,0,0,43,4,4,0,0,0,0,0,4,,G,1,4,23,?,,,,,,19201004,exhibition,full
SLG192010040,8,3,0,0,STL11,SLN,SLG,0,4,schuj101,drakb101,1,7,R,R,?,?,??,,,1,1,0,0,0,0,0,0,0,0,0,0,0,0,1,0,1,1,0,0,1,0,0,0,0,0,0,0,0,0,0,0,0,0,0,0,0,0,0,0,0,0,0,0,0,0,0,0,0,0,0,2,3,,,,,,,,,,,,,,,,,,,,,,,,0,0,0,0,0,0,0,0,0,0,0,0,schuj101,fourj101,stocm101,janvh101,mchea101,lavad101,dillp101,clemv101,lyong101,7,3,5,4,8,6,9,2,1,kennd102,lyonj101,day-c102,holte101,hewij102,dudld101,charo101,blacc102,0,0,0,0,0,0,0,0,1,0,0,0,0,0,0,0,0,0,0,8,8,0,0,0,0,0,0,8,8+,F,0,0,24,?,,,,,,19201004,exhibition,full
SLG192010040,53,3,1,1,STL11,SLG,SLN,0,4,charo101,lyong101,3,8,L,R,?,?,??,,,1,1,0,0,0,0,0,0,0,0,0,0,0,0,1,0,1,1,0,1,0,0,0,0,0,0,0,0,0,0,0,0,0,0,0,0,0,0,0,0,0,0,0,0,0,0,0,0,0,0,0,0,1,,,,,,,,,,,,,,,,,,,,,,,,0,0,0,0,0,0,0,0,0,0,0,0,lyonj101,hewij102,charo101,blacc102,dudld101,kennd102,day-c102,holte101,drakb101,3,6,8,9,7,2,4,5,1,clemv101,fourj101,janvh101,stocm101,lavad101,schuj101,mchea101,dillp101,0,0,0,1,0,0,0,0,0,0,0,0,0,0,1,0,0,0,0,53,5,0,0,0,0,0,0,5,3+,G,0,0,25,?,,,,,,19201004,exhibition,full
SLG192010040,43,3,1,1,STL11,SLG,SLN,0,4,blacc102,lyong101,4,9,L,R,?,?,??,,,1,1,0,0,0,0,0,0,0,0,0,0,0,0,1,0,1,1,0,1,0,0,0,0,0,0,0,0,0,0,0,0,0,0,0,0,0,0,0,0,0,0,0,0,0,0,0,0,0,0,0,1,2,,,,,,,,,,,,,,,,,,,,,,,,0,0,0,0,0,0,0,0,0,0,0,0,lyonj101,hewij102,charo101,blacc102,dudld101,kennd102,day-c102,holte101,drakb101,3,6,8,9,7,2,4,5,1,clemv101,fourj101,janvh101,stocm101,lavad101,schuj101,mchea101,dillp101,0,0,0,1,0,0,0,0,0,0,0,0,0,1,0,0,0,0,0,43,4,0,0,0,0,0,0,4,3+,G,0,0,26,?,,,,,,19201004,exhibition,full
SLG192010040,53,3,1,1,STL11,SLG,SLN,0,4,dudld101,lyong101,5,7,L,R,?,?,??,,,1,1,0,0,0,0,0,0,0,0,0,0,0,0,1,0,1,1,0,1,0,0,0,0,0,0,0,0,0,0,0,0,0,0,0,0,0,0,0,0,0,0,0,0,0,0,0,0,0,0,0,2,3,,,,,,,,,,,,,,,,,,,,,,,,0,0,0,0,0,0,0,0,0,0,0,0,lyonj101,hewij102,charo101,blacc102,dudld101,kennd102,day-c102,holte101,drakb101,3,6,8,9,7,2,4,5,1,clemv101,fourj101,janvh101,stocm101,lavad101,schuj101,mchea101,dillp101,0,0,0,1,0,0,0,0,0,0,0,0,0,0,1,0,0,0,0,53,5,0,0,0,0,0,0,5,3+,G,0,0,27,?,,,,,,19201004,exhibition,full
SLG192010040,8,4,0,0,STL11,SLN,SLG,0,4,fourj101,drakb101,2,3,L,R,?,?,??,,,1,1,0,0,0,0,0,0,0,0,0,0,0,0,1,0,1,1,0,0,1,0,0,0,0,0,0,0,0,0,0,0,0,0,0,0,0,0,0,0,0,0,0,0,0,0,0,0,0,0,0,0,1,,,,,,,,,,,,,,,,,,,,,,,,0,0,0,0,0,0,0,0,0,0,0,0,schuj101,fourj101,stocm101,janvh101,mchea101,lavad101,dillp101,clemv101,lyong101,7,3,5,4,8,6,9,2,1,kennd102,lyonj101,day-c102,holte101,hewij102,dudld101,charo101,blacc102,0,0,0,0,0,0,0,0,1,0,0,0,0,0,0,0,0,0,0,8,8,0,0,0,0,0,0,8,8+,F,0,0,28,?,,,,,,19201004,exhibition,full
SLG192010040,S6,4,0,0,STL11,SLN,SLG,0,4,stocm101,drakb101,3,5,R,R,?,?,??,,,1,1,1,0,0,0,0,0,0,0,0,0,0,0,0,0,0,1,0,0,0,0,0,0,0,0,0,0,0,0,0,0,0,0,0,0,0,0,0,0,0,0,0,0,0,0,0,0,0,0,0,1,1,,,,stocm101,,,,,,,,,drakb101,,,,,,,,,,,0,0,0,0,0,0,0,0,0,0,0,0,schuj101,fourj101,stocm101,janvh101,mchea101,lavad101,dillp101,clemv101,lyong101,7,3,5,4,8,6,9,2,1,kennd102,lyonj101,day-c102,holte101,hewij102,dudld101,charo101,blacc102,0,0,0,0,0,0,0,0,0,0,0,0,0,0,0,0,0,0,0,,0,0,0,0,0,0,0,6,6+,,0,0,29,?,,,,,,19201004,exhibition,full
SLG192010040,SB2,4,0,0,STL11,SLN,SLG,0,4,janvh101,drakb101,4,4,R,R,?,?,??,,,0,0,0,0,0,0,0,0,0,0,0,0,0,0,0,0,0,0,0,0,0,0,0,0,0,0,0,0,0,0,0,0,1,0,0,0,0,0,0,0,0,0,0,0,0,0,0,0,0,0,0,1,1,stocm101,,,,stocm101,,,,,drakb101,,,,drakb101,,,,,,,,,,0,0,0,0,0,0,0,0,0,0,0,0,schuj101,fourj101,stocm101,janvh101,mchea101,lavad101,dillp101,clemv101,lyong101,7,3,5,4,8,6,9,2,1,kennd102,lyonj101,day-c102,holte101,hewij102,dudld101,charo101,blacc102,0,0,0,0,0,0,0,0,0,0,0,0,0,0,0,0,0,0,0,,0,0,0,0,0,0,0,0,,,0,0,30,?,,,,,,19201004,exhibition,full
SLG192010040,E5.2-3,4,0,0,STL11,SLN,SLG,0,4,janvh101,drakb101,4,4,R,R,?,?,??,,,1,1,0,0,0,0,0,0,0,0,0,0,1,0,0,0,0,1,0,1,0,0,0,0,0,0,0,0,0,0,0,0,0,0,0,0,0,0,0,0,0,0,0,0,0,0,1,0,0,0,0,1,1,,stocm101,,janvh101,,stocm101,,,,,drakb101,,drakb101,,drakb101,,,,,,,,,0,0,0,0,0,0,0,0,0,0,0,0,schuj101,fourj101,stocm101,janvh101,mchea101,lavad101,dillp101,clemv101,lyong101,7,3,5,4,8,6,9,2,1,kennd102,lyonj101,day-c102,holte101,hewij102,dudld101,charo101,blacc102,0,0,0,0,0,0,0,0,0,0,0,0,0,0,0,0,0,0,0,,0,0,0,0,0,0,0,5,5+,G,0,0,31,?,,,,,,19201004,exhibition,full
SLG192010040,8,4,0,0,STL11,SLN,SLG,0,4,mchea101,drakb101,5,8,R,R,?,?,??,,,1,1,0,0,0,0,0,0,0,0,0,0,0,0,1,0,1,1,0,0,1,0,0,0,0,0,0,0,0,0,0,0,0,0,0,0,0,0,0,0,0,0,0,0,0,0,0,0,0,0,0,1,2,janvh101,,stocm101,janvh101,,stocm101,,,,drakb101,,drakb101,drakb101,,drakb101,,,,,,,,,0,0,0,0,0,0,0,0,0,0,0,0,schuj101,fourj101,stocm101,janvh101,mchea101,lavad101,dillp101,clemv101,lyong101,7,3,5,4,8,6,9,2,1,kennd102,lyonj101,day-c102,holte101,hewij102,dudld101,charo101,blacc102,0,0,0,0,0,0,0,0,1,0,0,0,0,0,0,0,0,0,0,8,8,0,0,0,0,0,0,8,8+,F,0,0,32,?,,,,,,19201004,exhibition,full
SLG192010040,9,4,0,0,STL11,SLN,SLG,0,4,lavad101,drakb101,6,6,R,R,?,?,??,,,1,1,0,0,0,0,0,0,0,0,0,0,0,0,1,0,1,1,0,0,1,0,0,0,0,0,0,0,0,0,0,0,0,0,0,0,0,0,0,0,0,0,0,0,0,0,0,0,0,0,0,2,3,janvh101,,stocm101,,,,stocm101,janvh101,,drakb101,,drakb101,,,,,,,,,,,,0,0,0,0,0,0,0,0,0,0,0,0,schuj101,fourj101,stocm101,janvh101,mchea101,lavad101,dillp101,clemv101,lyong101,7,3,5,4,8,6,9,2,1,kennd102,lyonj101,day-c102,holte101,hewij102,dudld101,charo101,blacc102,0,0,0,0,0,0,0,0,0,1,0,0,0,0,0,0,0,0,0,9,9,0,0,0,0,0,0,9,9+,F,0,0,33,?,,,,,,19201004,exhibition,full
SLG192010040,2,4,1,1,STL11,SLG,SLN,0,4,kennd102,lyong101,6,2,R,R,?,?,??,,,1,1,0,0,0,0,0,0,0,0,0,0,0,0,1,0,1,1,0,0,1,0,0,0,0,0,0,0,0,0,0,0,0,0,0,0,0,0,0,0,0,0,0,0,0,0,0,0,0,0,0,0,1,,,,,,,,,,,,,,,,,,,,,,,,0,0,0,0,0,0,0,0,0,0,0,0,lyonj101,hewij102,charo101,blacc102,dudld101,kennd102,day-c102,holte101,drakb101,3,6,8,9,7,2,4,5,1,clemv101,fourj101,janvh101,stocm101,lavad101,schuj101,mchea101,dillp101,0,0,1,0,0,0,0,0,0,0,0,0,0,0,0,0,0,0,0,2,2,0,0,0,0,0,0,2,2+,F,0,0,34,?,,,,,,19201004,exhibition,full
SLG192010040,5,4,1,1,STL11,SLG,SLN,0,4,day-c102,lyong101,7,4,R,R,?,?,??,,,1,1,0,0,0,0,0,0,0,0,0,0,0,0,1,0,1,1,0,0,1,0,0,0,0,0,0,0,0,0,0,0,0,0,0,0,0,0,0,0,0,0,0,0,0,0,0,0,0,0,0,1,2,,,,,,,,,,,,,,,,,,,,,,,,0,0,0,0,0,0,0,0,0,0,0,0,lyonj101,hewij102,charo101,blacc102,dudld101,kennd102,day-c102,holte101,drakb101,3,6,8,9,7,2,4,5,1,clemv101,fourj101,janvh101,stocm101,lavad101,schuj101,mchea101,dillp101,0,0,0,0,0,1,0,0,0,0,0,0,0,0,0,0,0,0,0,5,5,0,0,0,0,0,0,5,5+,F,0,0,35,?,,,,,,19201004,exhibition,full
SLG192010040,9,4,1,1,STL11,SLG,SLN,0,4,holte101,lyong101,8,5,R,R,?,?,??,,,1,1,0,0,0,0,0,0,0,0,0,0,0,0,1,0,1,1,0,0,1,0,0,0,0,0,0,0,0,0,0,0,0,0,0,0,0,0,0,0,0,0,0,0,0,0,0,0,0,0,0,2,3,,,,,,,,,,,,,,,,,,,,,,,,0,0,0,0,0,0,0,0,0,0,0,0,lyonj101,hewij102,charo101,blacc102,dudld101,kennd102,day-c102,holte101,drakb101,3,6,8,9,7,2,4,5,1,clemv101,fourj101,janvh101,stocm101,lavad101,schuj101,mchea101,dillp101,0,0,0,0,0,0,0,0,0,1,0,0,0,0,0,0,0,0,0,9,9,0,0,0,0,0,0,9,9+,F,0,0,36,?,,,,,,19201004,exhibition,full
SLG192010040,S7,5,0,0,STL11,SLN,SLG,0,4,dillp101,drakb101,7,9,R,R,?,?,??,,,1,1,1,0,0,0,0,0,0,0,0,0,0,0,0,0,0,1,0,0,0,0,0,0,0,0,0,0,0,0,0,0,0,0,0,0,0,0,0,0,0,0,0,0,0,0,0,0,0,0,0,0,0,,,,dillp101,,,,,,,,,drakb101,,,,,,,,,,,0,0,0,0,0,0,0,0,0,0,0,0,schuj101,fourj101,stocm101,janvh101,mchea101,lavad101,dillp101,clemv101,lyong101,7,3,5,4,8,6,9,2,1,kennd102,lyonj101,day-c102,holte101,hewij102,dudld101,charo101,blacc102,0,0,0,0,0,0,0,0,0,0,0,0,0,0,0,0,0,0,0,,0,0,0,0,0,0,0,7,7+,,0,0,37,?,,,,,,19201004,exhibition,full
SLG192010040,S8.1-3,5,0,0,STL11,SLN,SLG,0,4,clemv101,drakb101,8,2,R,R,?,?,??,,,1,1,1,0,0,0,0,0,0,0,0,0,0,0,0,0,0,1,0,0,0,0,0,0,0,0,0,0,0,0,0,0,0,0,0,0,0,0,0,0,0,0,0,0,0,0,0,0,0,0,0,0,0,dillp101,,,clemv101,,dillp101,,,,drakb101,,,drakb101,,drakb101,,,,,,,,,0,0,0,0,0,0,0,0,0,0,0,0,schuj101,fourj101,stocm101,janvh101,mchea101,lavad101,dillp101,clemv101,lyong101,7,3,5,4,8,6,9,2,1,kennd102,lyonj101,day-c102,holte101,hewij102,dudld101,charo101,blacc102,0,0,0,0,0,0,0,0,0,0,0,0,0,0,0,0,0,0,0,,0,0,0,0,0,0,0,8,8+,,0,0,38,?,,,,,,19201004,exhibition,full
SLG192010040,46(1)/FO.3-H,5,0,0,STL11,SLN,SLG,0,4,lyong101,drakb101,9,1,R,R,?,?,??,,,1,1,0,0,0,0,0,0,0,0,0,0,0,0,1,0,1,1,0,1,0,0,0,0,0,0,0,0,0,0,0,0,0,0,0,0,0,0,0,0,0,0,0,0,0,0,0,0,0,0,0,0,1,clemv101,,dillp101,lyong101,,,,,,drakb101,,drakb101,drakb101,,,,,,dillp101,,,,drakb101,0,0,0,0,0,0,0,1,1,1,1,0,schuj101,fourj101,stocm101,janvh101,mchea101,lavad101,dillp101,clemv101,lyong101,7,3,5,4,8,6,9,2,1,kennd102,lyonj101,day-c102,holte101,hewij102,dudld101,charo101,blacc102,0,0,0,0,0,0,1,0,0,0,0,0,0,1,0,0,0,0,0,46,4,0,0,0,0,0,0,4,,G,1,6,39,?,,,,,,19201004,exhibition,full
SLG192010040,E5.1-2,5,0,0,STL11,SLN,SLG,1,4,schuj101,drakb101,1,7,R,R,?,?,??,,,1,1,0,0,0,0,0,0,0,0,0,0,1,0,0,0,0,1,0,1,0,0,0,0,0,0,0,0,0,0,0,0,0,0,0,0,0,0,0,0,0,0,0,0,0,0,1,0,0,0,0,1,1,lyong101,,,schuj101,lyong101,,,,,drakb101,,,drakb101,drakb101,,,,,,,,,,0,0,0,0,0,0,0,0,0,0,0,0,schuj101,fourj101,stocm101,janvh101,mchea101,lavad101,dillp101,clemv101,lyong101,7,3,5,4,8,6,9,2,1,kennd102,lyonj101,day-c102,holte101,hewij102,dudld101,charo101,blacc102,0,0,0,0,0,0,0,0,0,0,0,0,0,0,0,0,0,0,0,,0,0,0,0,0,0,0,5,5+,G,0,0,40,?,,,,,,19201004,exhibition,full
SLG192010040,8,5,0,0,STL11,SLN,SLG,1,4,fourj101,drakb101,2,3,L,R,?,?,??,,,1,1,0,0,0,0,0,0,0,0,0,0,0,0,1,0,1,1,0,0,1,0,0,0,0,0,0,0,0,0,0,0,0,0,0,0,0,0,0,0,0,0,0,0,0,0,0,0,0,0,0,1,2,schuj101,lyong101,,schuj101,lyong101,,,,,drakb101,drakb101,,drakb101,drakb101,,,,,,,,,,0,0,0,0,0,0,0,0,0,0,0,0,schuj101,fourj101,stocm101,janvh101,mchea101,lavad101,dillp101,clemv101,lyong101,7,3,5,4,8,6,9,2,1,kennd102,lyonj101,day-c102,holte101,hewij102,dudld101,charo101,blacc102,0,0,0,0,0,0,0,0,1,0,0,0,0,0,0,0,0,0,0,8,8,0,0,0,0,0,0,8,8+,F,0,0,41,?,,,,,,19201004,exhibition,full
SLG192010040,43,5,0,0,STL11,SLN,SLG,1,4,stocm101,drakb101,3,5,R,R,?,?,??,,,1,1,0,0,0,0,0,0,0,0,0,0,0,0,1,0,1,1,0,1,0,0,0,0,0,0,0,0,0,0,0,0,0,0,0,0,0,0,0,0,0,0,0,0,0,0,0,0,0,0,0,2,3,schuj101,lyong101,,,,,lyong101,schuj101,,drakb101,drakb101,,,,,,,,,,,,,0,0,0,0,0,0,0,0,0,0,0,0,schuj101,fourj101,stocm101,janvh101,mchea101,lavad101,dillp101,clemv101,lyong101,7,3,5,4,8,6,9,2,1,kennd102,lyonj101,day-c102,holte101,hewij102,dudld101,charo101,blacc102,0,0,0,1,0,0,0,0,0,0,0,0,0,1,0,0,0,0,0,43,4,0,0,0,0,0,0,4,3+,G,0,0,42,?,,,,,,19201004,exhibition,full
SLG192010040,K,5,1,1,STL11,SLG,SLN,1,4,drakb101,lyong101,9,1,R,R,?,?,??,,,1,1,0,0,0,0,0,0,0,0,1,0,0,0,0,0,0,0,0,0,0,0,0,0,0,0,0,0,0,0,0,0,0,0,0,0,0,0,0,0,0,0,0,0,0,0,0,0,0,0,0,0,1,,,,,,,,,,,,,,,,,,,,,,,,0,0,0,0,0,0,0,0,0,0,0,0,lyonj101,hewij102,charo101,blacc102,dudld101,kennd102,day-c102,holte101,drakb101,3,6,8,9,7,2,4,5,1,clemv101,fourj101,janvh101,stocm101,lavad101,schuj101,mchea101,dillp101,0,0,1,0,0,0,0,0,0,0,0,0,0,0,0,0,0,0,0,2,0,0,0,0,0,0,0,0,,,0,0,43,?,,,,,,19201004,exhibition,full
SLG192010040,7,5,1,1,STL11,SLG,SLN,1,4,lyonj101,lyong101,1,3,L,R,?,?,??,,,1,1,0,0,0,0,0,0,0,0,0,0,0,0,1,0,1,1,0,0,1,0,0,0,0,0,0,0,0,0,0,0,0,0,0,0,0,0,0,0,0,0,0,0,0,0,0,0,0,0,0,1,2,,,,,,,,,,,,,,,,,,,,,,,,0,0,0,0,0,0,0,0,0,0,0,0,lyonj101,hewij102,charo101,blacc102,dudld101,kennd102,day-c102,holte101,drakb101,3,6,8,9,7,2,4,5,1,clemv101,fourj101,janvh101,stocm101,lavad101,schuj101,mchea101,dillp101,0,0,0,0,0,0,0,1,0,0,0,0,0,0,0,0,0,0,0,7,7,0,0,0,0,0,0,7,7+,F,0,0,44,?,,,,,,19201004,exhibition,full
SLG192010040,K,5,1,1,STL11,SLG,SLN,1,4,hewij102,lyong101,2,6,L,R,?,?,??,,,1,1,0,0,0,0,0,0,0,0,1,0,0,0,0,0,0,0,0,0,0,0,0,0,0,0,0,0,0,0,0,0,0,0,0,0,0,0,0,0,0,0,0,0,0,0,0,0,0,0,0,2,3,,,,,,,,,,,,,,,,,,,,,,,,0,0,0,0,0,0,0,0,0,0,0,0,lyonj101,hewij102,charo101,blacc102,dudld101,kennd102,day-c102,holte101,drakb101,3,6,8,9,7,2,4,5,1,clemv101,fourj101,janvh101,stocm101,lavad101,schuj101,mchea101,dillp101,0,0,1,0,0,0,0,0,0,0,0,0,0,0,0,0,0,0,0,2,0,0,0,0,0,0,0,0,,,0,0,45,?,,,,,,19201004,exhibition,full
SLG192010040,S8,6,0,0,STL11,SLN,SLG,1,4,janvh101,drakb101,4,4,R,R,?,?,??,,,1,1,1,0,0,0,0,0,0,0,0,0,0,0,0,0,0,1,0,0,0,0,0,0,0,0,0,0,0,0,0,0,0,0,0,0,0,0,0,0,0,0,0,0,0,0,0,0,0,0,0,0,0,,,,janvh101,,,,,,,,,drakb101,,,,,,,,,,,0,0,0,0,0,0,0,0,0,0,0,0,schuj101,fourj101,stocm101,janvh101,mchea101,lavad101,dillp101,clemv101,lyong101,7,3,5,4,8,6,9,2,1,kennd102,lyonj101,day-c102,walld104,hewij102,dudld101,charo101,blacc102,0,0,0,0,0,0,0,0,0,0,0,0,0,0,0,0,0,0,0,,0,0,0,0,0,0,0,8,8+,,0,0,46,?,,,,,,19201004,exhibition,full
SLG192010040,8,6,0,0,STL11,SLN,SLG,1,4,mchea101,drakb101,5,8,R,R,?,?,??,,,1,1,0,0,0,0,0,0,0,0,0,0,0,0,1,0,1,1,0,0,1,0,0,0,0,0,0,0,0,0,0,0,0,0,0,0,0,0,0,0,0,0,0,0,0,0,0,0,0,0,0,0,1,janvh101,,,janvh101,,,,,,drakb101,,,drakb101,,,,,,,,,,,0,0,0,0,0,0,0,0,0,0,0,0,schuj101,fourj101,stocm101,janvh101,mchea101,lavad101,dillp101,clemv101,lyong101,7,3,5,4,8,6,9,2,1,kennd102,lyonj101,day-c102,walld104,hewij102,dudld101,charo101,blacc102,0,0,0,0,0,0,0,0,1,0,0,0,0,0,0,0,0,0,0,8,8,0,0,0,0,0,0,8,8+,F,0,0,47,?,,,,,,19201004,exhibition,full
SLG192010040,DGR/8.1-3,6,0,0,STL11,SLN,SLG,1,4,lavad101,drakb101,6,6,R,R,?,?,??,,,1,1,0,1,0,0,0,0,0,0,0,0,0,0,0,0,0,1,0,0,0,0,0,0,0,0,0,0,0,0,0,0,0,0,0,0,0,0,0,0,0,0,0,0,0,0,0,0,0,0,0,1,1,janvh101,,,,lavad101,janvh101,,,,drakb101,,,,drakb101,drakb101,,,,,,,,,0,0,0,0,0,0,0,0,0,0,0,0,schuj101,fourj101,stocm101,janvh101,mchea101,lavad101,dillp101,clemv101,lyong101,7,3,5,4,8,6,9,2,1,kennd102,lyonj101,day-c102,walld104,hewij102,dudld101,charo101,blacc102,0,0,0,0,0,0,0,0,0,0,0,0,0,0,0,0,0,0,0,,0,0,0,0,0,0,0,8,8+,,0,0,48,?,,,,,,19201004,exhibition,full
SLG192010040,S9.3-H;2XH(92);B-2(TH),6,0,0,STL11,SLN,SLG,1,4,dillp101,drakb101,7,9,R,R,?,?,??,,,1,1,1,0,0,0,0,0,0,0,0,0,0,0,0,0,0,1,0,0,0,0,0,0,0,0,0,0,0,0,0,0,0,0,0,0,0,0,0,0,0,0,0,0,0,0,0,0,0,0,0,1,2,,lavad101,janvh101,,dillp101,,,,,,drakb101,drakb101,,drakb101,,,,,janvh101,,,,drakb101,0,0,0,0,0,0,0,1,1,1,1,0,schuj101,fourj101,stocm101,janvh101,mchea101,lavad101,dillp101,clemv101,lyong101,7,3,5,4,8,6,9,2,1,kennd102,lyonj101,day-c102,walld104,hewij102,dudld101,charo101,blacc102,0,0,1,0,0,0,0,0,0,0,0,0,0,0,0,0,0,0,1,92,0,0,0,0,0,9,0,9,9+,,0,0,49,?,,,,,,19201004,exhibition,full
SLG192010040,T7.2-H,6,0,0,STL11,SLN,SLG,2,4,clemv101,drakb101,8,2,R,R,?,?,??,,,1,1,0,0,1,0,0,0,0,0,0,0,0,0,0,0,0,1,0,0,0,0,0,0,0,0,0,0,0,0,0,0,0,0,0,0,0,0,0,0,0,0,0,0,0,0,0,0,0,0,0,2,2,,dillp101,,,,clemv101,,,,,drakb101,,,,drakb101,,,dillp101,,,,drakb101,,0,0,0,0,0,0,1,0,1,1,1,0,schuj101,fourj101,stocm101,janvh101,mchea101,lavad101,dillp101,clemv101,lyong101,7,3,5,4,8,6,9,2,1,kennd102,lyonj101,day-c102,walld104,hewij102,dudld101,charo101,blacc102,0,0,0,0,0,0,0,0,0,0,0,0,0,0,0,0,0,0,0,,0,0,0,0,0,0,0,7,7+,,0,0,50,?,,,,,,19201004,exhibition,full
SLG192010040,S8.3-H,6,0,0,STL11,SLN,SLG,3,4,lyong101,drakb101,9,1,R,R,?,?,??,,,1,1,1,0,0,0,0,0,0,0,0,0,0,0,0,0,0,1,0,0,0,0,0,0,0,0,0,0,0,0,0,0,0,0,0,0,0,0,0,0,0,0,0,0,0,0,0,0,0,0,0,2,2,,,clemv101,lyong101,,,,,,,,drakb101,drakb101,,,,,,clemv101,,,,drakb101,0,0,0,0,0,0,0,1,1,1,1,0,schuj101,fourj101,stocm101,janvh101,mchea101,lavad101,dillp101,clemv101,lyong101,7,3,5,4,8,6,9,2,1,kennd102,lyonj101,day-c102,walld104,hewij102,dudld101,charo101,blacc102,0,0,0,0,0,0,0,0,0,0,0,0,0,0,0,0,0,0,0,,0,0,0,0,0,0,0,8,8+,,0,0,51,?,,,,,,19201004,exhibition,full
SLG192010040,4,6,0,0,STL11,SLN,SLG,4,4,schuj101,finnj101,1,7,R,R,?,?,??,,,1,1,0,0,0,0,0,0,0,0,0,0,0,0,1,0,1,1,0,0,1,0,0,0,0,0,0,0,0,0,0,0,0,0,0,0,0,0,0,0,0,0,0,0,0,0,0,0,0,0,0,2,3,lyong101,,,,,,lyong101,,,drakb101,,,,,,,,,,,,,,0,0,0,0,0,0,0,0,0,0,0,0,schuj101,fourj101,stocm101,janvh101,mchea101,lavad101,dillp101,clemv101,lyong101,7,3,5,4,8,6,9,2,1,kennd102,lyonj101,day-c102,walld104,hewij102,dudld101,charo101,blacc102,0,0,0,0,1,0,0,0,0,0,0,0,0,0,0,0,0,0,0,4,4,0,0,0,0,0,0,4,4+,F,0,0,52,?,,,,,,19201004,exhibition,full
SLG192010040,W,6,1,1,STL11,SLG,SLN,4,4,charo101,lyong101,3,8,L,R,?,?,??,,,1,0,0,0,0,0,0,0,0,1,0,0,0,0,0,0,0,0,0,0,0,0,0,0,0,0,0,0,0,0,0,0,0,0,0,0,0,0,0,0,0,0,0,0,0,0,0,0,0,0,0,0,0,,,,charo101,,,,,,,,,lyong101,,,,,,,,,,,0,0,0,0,0,0,0,0,0,0,0,0,lyonj101,hewij102,charo101,blacc102,dudld101,kennd102,day-c102,walld104,finnj101,3,6,8,9,7,2,4,5,1,clemv101,fourj101,janvh101,stocm101,lavad101,schuj101,mchea101,dillp101,0,0,0,0,0,0,0,0,0,0,0,0,0,0,0,0,0,0,0,,0,0,0,0,0,0,0,0,,,0,0,53,?,,,,,,19201004,exhibition,full
SLG192010040,PO1(136),6,1,1,STL11,SLG,SLN,4,4,blacc102,lyong101,4,9,L,R,?,?,??,,,0,0,0,0,0,0,0,0,0,0,0,0,0,0,0,0,0,0,0,0,0,0,0,0,0,0,0,0,0,0,0,0,0,0,0,0,0,0,1,0,0,0,0,0,0,0,0,0,0,0,0,0,1,charo101,,,,,,,,,lyong101,,,,,,,,,,,,,,0,0,0,0,0,0,0,0,0,0,0,0,lyonj101,hewij102,charo101,blacc102,dudld101,kennd102,day-c102,walld104,finnj101,3,6,8,9,7,2,4,5,1,clemv101,fourj101,janvh101,stocm101,lavad101,schuj101,mchea101,dillp101,0,0,0,0,0,0,1,0,0,0,1,0,1,0,0,0,0,0,0,136,0,0,0,0,0,0,0,0,,,0,0,54,?,,,,,,19201004,exhibition,full
SLG192010040,8,6,1,1,STL11,SLG,SLN,4,4,blacc102,lyong101,4,9,L,R,?,?,??,,,1,1,0,0,0,0,0,0,0,0,0,0,0,0,1,0,1,1,0,0,1,0,0,0,0,0,0,0,0,0,0,0,0,0,0,0,0,0,0,0,0,0,0,0,0,0,0,0,0,0,0,1,2,,,,,,,,,,,,,,,,,,,,,,,,0,0,0,0,0,0,0,0,0,0,0,0,lyonj101,hewij102,charo101,blacc102,dudld101,kennd102,day-c102,walld104,finnj101,3,6,8,9,7,2,4,5,1,clemv101,fourj101,janvh101,stocm101,lavad101,schuj101,mchea101,dillp101,0,0,0,0,0,0,0,0,1,0,0,0,0,0,0,0,0,0,0,8,8,0,0,0,0,0,0,8,8+,F,0,0,55,?,,,,,,19201004,exhibition,full
SLG192010040,S8,6,1,1,STL11,SLG,SLN,4,4,dudld101,lyong101,5,7,L,R,?,?,??,,,1,1,1,0,0,0,0,0,0,0,0,0,0,0,0,0,0,1,0,0,0,0,0,0,0,0,0,0,0,0,0,0,0,0,0,0,0,0,0,0,0,0,0,0,0,0,0,0,0,0,0,2,2,,,,dudld101,,,,,,,,,lyong101,,,,,,,,,,,0,0,0,0,0,0,0,0,0,0,0,0,lyonj101,hewij102,charo101,blacc102,dudld101,kennd102,day-c102,walld104,finnj101,3,6,8,9,7,2,4,5,1,clemv101,fourj101,janvh101,stocm101,lavad101,schuj101,mchea101,dillp101,0,0,0,0,0,0,0,0,0,0,0,0,0,0,0,0,0,0,0,,0,0,0,0,0,0,0,8,8+,,0,0,56,?,,,,,,19201004,exhibition,full
SLG192010040,K,6,1,1,STL11,SLG,SLN,4,4,kennd102,lyong101,6,2,R,R,?,?,??,,,1,1,0,0,0,0,0,0,0,0,1,0,0,0,0,0,0,0,0,0,0,0,0,0,0,0,0,0,0,0,0,0,0,0,0,0,0,0,0,0,0,0,0,0,0,0,0,0,0,0,0,2,3,dudld101,,,,,,dudld101,,,lyong101,,,,,,,,,,,,,,0,0,0,0,0,0,0,0,0,0,0,0,lyonj101,hewij102,charo101,blacc102,dudld101,kennd102,day-c102,walld104,finnj101,3,6,8,9,7,2,4,5,1,clemv101,fourj101,janvh101,stocm101,lavad101,schuj101,mchea101,dillp101,0,0,1,0,0,0,0,0,0,0,0,0,0,0,0,0,0,0,0,2,0,0,0,0,0,0,0,0,,,0,0,57,?,,,,,,19201004,exhibition,full
SLG192010040,5,7,0,0,STL11,SLN,SLG,4,4,fourj101,finnj101,2,3,L,R,?,?,??,,,1,1,0,0,0,0,0,0,0,0,0,0,0,0,1,0,1,1,0,0,1,0,0,0,0,0,0,0,0,0,0,0,0,0,0,0,0,0,0,0,0,0,0,0,0,0,0,0,0,0,0,0,1,,,,,,,,,,,,,,,,,,,,,,,,0,0,0,0,0,0,0,0,0,0,0,0,schuj101,fourj101,stocm101,janvh101,mchea101,lavad101,dillp101,clemv101,lyong101,7,3,5,4,8,6,9,2,1,kennd102,lyonj101,day-c102,walld104,hewij102,dudld101,charo101,blacc102,0,0,0,0,0,1,0,0,0,0,0,0,0,0,0,0,0,0,0,5,5,0,0,0,0,0,0,5,5+,F,0,0,58,?,,,,,,19201004,exhibition,full
SLG192010040,S9,7,0,0,STL11,SLN,SLG,4,4,stocm101,finnj101,3,5,R,R,?,?,??,,,1,1,1,0,0,0,0,0,0,0,0,0,0,0,0,0,0,1,0,0,0,0,0,0,0,0,0,0,0,0,0,0,0,0,0,0,0,0,0,0,0,0,0,0,0,0,0,0,0,0,0,1,1,,,,stocm101,,,,,,,,,finnj101,,,,,,,,,,,0,0,0,0,0,0,0,0,0,0,0,0,schuj101,fourj101,stocm101,janvh101,mchea101,lavad101,dillp101,clemv101,lyong101,7,3,5,4,8,6,9,2,1,kennd102,lyonj101,day-c102,walld104,hewij102,dudld101,charo101,blacc102,0,0,0,0,0,0,0,0,0,0,0,0,0,0,0,0,0,0,0,,0,0,0,0,0,0,0,9,9+,,0,0,59,?,,,,,,19201004,exhibition,full
SLG192010040,4,7,0,0,STL11,SLN,SLG,4,4,janvh101,finnj101,4,4,R,R,?,?,??,,,1,1,0,0,0,0,0,0,0,0,0,0,0,0,1,0,1,1,0,0,1,0,0,0,0,0,0,0,0,0,0,0,0,0,0,0,0,0,0,0,0,0,0,0,0,0,0,0,0,0,0,1,2,stocm101,,,stocm101,,,,,,finnj101,,,finnj101,,,,,,,,,,,0,0,0,0,0,0,0,0,0,0,0,0,schuj101,fourj101,stocm101,janvh101,mchea101,lavad101,dillp101,clemv101,lyong101,7,3,5,4,8,6,9,2,1,kennd102,lyonj101,day-c102,walld104,hewij102,dudld101,charo101,blacc102,0,0,0,0,1,0,0,0,0,0,0,0,0,0,0,0,0,0,0,4,4,0,0,0,0,0,0,4,4+,F,0,0,60,?,,,,,,19201004,exhibition,full
SLG192010040,46(1)/FO,7,0,0,STL11,SLN,SLG,4,4,mchea101,finnj101,5,8,R,R,?,?,??,,,1,1,0,0,0,0,0,0,0,0,0,0,0,0,1,0,1,1,0,1,0,0,0,0,0,0,0,0,0,0,0,0,0,0,0,0,0,0,0,0,0,0,0,0,0,0,0,0,0,0,0,2,3,stocm101,,,,,,mchea101,,,finnj101,,,,,,,,,,,,,,0,0,0,0,0,0,0,0,0,0,0,0,schuj101,fourj101,stocm101,janvh101,mchea101,lavad101,dillp101,clemv101,lyong101,7,3,5,4,8,6,9,2,1,kennd102,lyonj101,day-c102,walld104,hewij102,dudld101,charo101,blacc102,0,0,0,0,0,0,1,0,0,0,0,0,0,1,0,0,0,0,0,46,4,0,0,0,0,0,0,4,,G,0,0,61,?,,,,,,19201004,exhibition,full
SLG192010040,E1,7,1,1,STL11,SLG,SLN,4,4,day-c102,lyong101,7,4,R,R,?,?,??,,,1,1,0,0,0,0,0,0,0,0,0,0,1,0,0,0,0,1,0,1,0,0,0,0,0,0,0,0,0,0,0,0,0,0,0,0,0,0,0,0,0,0,1,0,0,0,0,0,0,0,0,0,0,,,,day-c102,,,,,,,,,lyong101,,,,,,,,,,,0,0,0,0,0,0,0,0,0,0,0,0,lyonj101,hewij102,charo101,blacc102,dudld101,kennd102,day-c102,walld104,finnj101,3,6,8,9,7,2,4,5,1,clemv101,fourj101,janvh101,stocm101,lavad101,schuj101,mchea101,dillp101,0,0,0,0,0,0,0,0,0,0,0,0,0,0,0,0,0,0,0,,0,0,0,0,0,0,0,1,1+,G,0,0,62,?,,,,,,19201004,exhibition,full
SLG192010040,54(1)3/GDP,7,1,1,STL11,SLG,SLN,4,4,walld104,lyong101,8,5,R,R,?,?,??,,,1,1,0,0,0,0,0,0,0,0,0,0,0,0,1,0,1,1,0,1,0,0,0,1,0,0,0,0,0,0,0,0,0,0,0,0,0,0,0,0,0,0,0,0,0,0,0,0,0,0,0,0,2,day-c102,,,,,,,,,lyong101,,,,,,,,,,,,,,0,0,0,0,0,0,0,0,0,0,0,0,lyonj101,hewij102,charo101,blacc102,dudld101,kennd102,day-c102,walld104,finnj101,3,6,8,9,7,2,4,5,1,clemv101,fourj101,janvh101,stocm101,lavad101,schuj101,mchea101,dillp101,0,0,0,1,1,0,0,0,0,0,0,0,0,1,1,0,0,0,0,543,5,4,0,0,0,0,0,5,,G,1,4,63,?,,,,,,19201004,exhibition,full
SLG192010040,K,7,1,1,STL11,SLG,SLN,4,4,finnj101,lyong101,9,1,R,R,?,?,??,,,1,1,0,0,0,0,0,0,0,0,1,0,0,0,0,0,0,0,0,0,0,0,0,0,0,0,0,0,0,0,0,0,0,0,0,0,0,0,0,0,0,0,0,0,0,0,0,0,0,0,0,2,3,,,,,,,,,,,,,,,,,,,,,,,,0,0,0,0,0,0,0,0,0,0,0,0,lyonj101,hewij102,charo101,blacc102,dudld101,kennd102,day-c102,walld104,finnj101,3,6,8,9,7,2,4,5,1,clemv101,fourj101,janvh101,stocm101,lavad101,schuj101,mchea101,dillp101,0,0,1,0,0,0,0,0,0,0,0,0,0,0,0,0,0,0,0,2,0,0,0,0,0,0,0,0,,,0,0,64,?,,,,,,19201004,exhibition,full
SLG192010040,6,8,0,0,STL11,SLN,SLG,4,4,lavad101,finnj101,6,6,R,R,?,?,??,,,1,1,0,0,0,0,0,0,0,0,0,0,0,0,1,0,1,1,0,0,1,0,0,0,0,0,0,0,0,0,0,0,0,0,0,0,0,0,0,0,0,0,0,0,0,0,0,0,0,0,0,0,1,,,,,,,,,,,,,,,,,,,,,,,,0,0,0,0,0,0,0,0,0,0,0,0,schuj101,fourj101,stocm101,janvh101,mchea101,lavad101,dillp101,clemv101,lyong101,7,3,5,4,8,6,9,2,1,kennd102,lyonj101,day-c102,walld104,hewij102,dudld101,charo101,blacc102,0,0,0,0,0,0,1,0,0,0,0,0,0,0,0,0,0,0,0,6,6,0,0,0,0,0,0,6,6+,F,0,0,65,?,,,,,,19201004,exhibition,full
SLG192010040,D/89,8,0,0,STL11,SLN,SLG,4,4,dillp101,finnj101,7,9,R,R,?,?,??,,,1,1,0,1,0,0,0,0,0,0,0,0,0,0,0,0,0,1,0,0,0,0,0,0,0,0,0,0,0,0,0,0,0,0,0,0,0,0,0,0,0,0,0,0,0,0,0,0,0,0,0,1,1,,,,,dillp101,,,,,,,,,finnj101,,,,,,,,,,0,0,0,0,0,0,0,0,0,0,0,0,schuj101,fourj101,stocm101,janvh101,mchea101,lavad101,dillp101,clemv101,lyong101,7,3,5,4,8,6,9,2,1,kennd102,lyonj101,day-c102,walld104,hewij102,dudld101,charo101,blacc102,0,0,0,0,0,0,0,0,0,0,0,0,0,0,0,0,0,0,0,,0,0,0,0,0,0,0,8,89+,,0,0,66,?,,,,,,19201004,exhibition,full
SLG192010040,9/L,8,0,0,STL11,SLN,SLG,4,4,clemv101,finnj101,8,2,R,R,?,?,??,,,1,1,0,0,0,0,0,0,0,0,0,0,0,0,1,0,1,1,0,0,0,1,0,0,0,0,0,0,0,0,0,0,0,0,0,0,0,0,0,0,0,0,0,0,0,0,0,0,0,0,0,1,2,,dillp101,,,dillp101,,,,,,finnj101,,,finnj101,,,,,,,,,,0,0,0,0,0,0,0,0,0,0,0,0,schuj101,fourj101,stocm101,janvh101,mchea101,lavad101,dillp101,clemv101,lyong101,7,3,5,4,8,6,9,2,1,kennd102,lyonj101,day-c102,walld104,hewij102,dudld101,charo101,blacc102,0,0,0,0,0,0,0,0,0,1,0,0,0,0,0,0,0,0,0,9,9,0,0,0,0,0,0,9,,L,0,0,67,?,,,,,,19201004,exhibition,full
SLG192010040,43,8,0,0,STL11,SLN,SLG,4,4,lyong101,finnj101,9,1,R,R,?,?,??,,,1,1,0,0,0,0,0,0,0,0,0,0,0,0,1,0,1,1,0,1,0,0,0,0,0,0,0,0,0,0,0,0,0,0,0,0,0,0,0,0,0,0,0,0,0,0,0,0,0,0,0,2,3,,dillp101,,,,,dillp101,,,,finnj101,,,,,,,,,,,,,0,0,0,0,0,0,0,0,0,0,0,0,schuj101,fourj101,stocm101,janvh101,mchea101,lavad101,dillp101,clemv101,lyong101,7,3,5,4,8,6,9,2,1,kennd102,lyonj101,day-c102,walld104,hewij102,dudld101,charo101,blacc102,0,0,0,1,0,0,0,0,0,0,0,0,0,1,0,0,0,0,0,43,4,0,0,0,0,0,0,4,3+,G,0,0,68,?,,,,,,19201004,exhibition,full
SLG192010040,E1/TH.B-2,8,1,1,STL11,SLG,SLN,4,4,lyonj101,lyong101,1,3,L,R,?,?,??,,,1,1,0,0,0,0,0,0,0,0,0,0,1,0,0,0,0,1,0,1,0,0,0,0,0,0,0,0,0,0,0,0,0,0,0,0,0,0,0,0,0,0,1,0,0,0,0,0,0,0,0,0,0,,,,,lyonj101,,,,,,,,,lyong101,,,,,,,,,,0,0,0,0,0,0,0,0,0,0,0,0,lyonj101,hewij102,charo101,blacc102,dudld101,kennd102,day-c102,walld104,finnj101,3,6,8,9,7,2,4,5,1,clemv101,fourj101,janvh101,stocm101,lavad101,schuj101,mchea101,dillp101,0,0,0,0,0,0,0,0,0,0,0,0,0,0,0,0,0,0,0,,0,0,0,0,0,0,0,1,1+,G,0,0,69,?,,,,,,19201004,exhibition,full
SLG192010040,PO2(26),8,1,1,STL11,SLG,SLN,4,4,hewij102,lyong101,2,6,L,R,?,?,??,,,0,0,0,0,0,0,0,0,0,0,0,0,0,0,0,0,0,0,0,0,0,0,0,0,0,0,0,0,0,0,0,0,0,0,0,0,0,0,0,1,0,0,0,0,0,0,0,0,0,0,0,0,1,,lyonj101,,,,,,,,,lyong101,,,,,,,,,,,,,0,0,0,0,0,0,0,0,0,0,0,0,lyonj101,hewij102,charo101,blacc102,dudld101,kennd102,day-c102,walld104,finnj101,3,6,8,9,7,2,4,5,1,clemv101,fourj101,janvh101,stocm101,lavad101,schuj101,mchea101,dillp101,0,0,0,0,0,0,1,0,0,0,0,1,0,0,0,0,0,0,0,26,0,0,0,0,0,0,0,0,,,0,0,70,?,,,,,,19201004,exhibition,full
SLG192010040,63,8,1,1,STL11,SLG,SLN,4,4,hewij102,lyong101,2,6,L,R,?,?,??,,,1,1,0,0,0,0,0,0,0,0,0,0,0,0,1,0,1,1,0,1,0,0,0,0,0,0,0,0,0,0,0,0,0,0,0,0,0,0,0,0,0,0,0,0,0,0,0,0,0,0,0,1,2,,,,,,,,,,,,,,,,,,,,,,,,0,0,0,0,0,0,0,0,0,0,0,0,lyonj101,hewij102,charo101,blacc102,dudld101,kennd102,day-c102,walld104,finnj101,3,6,8,9,7,2,4,5,1,clemv101,fourj101,janvh101,stocm101,lavad101,schuj101,mchea101,dillp101,0,0,0,1,0,0,0,0,0,0,0,0,0,0,0,1,0,0,0,63,6,0,0,0,0,0,0,6,3+,G,0,0,71,?,,,,,,19201004,exhibition,full
SLG192010040,W,8,1,1,STL11,SLG,SLN,4,4,charo101,lyong101,3,8,L,R,?,?,??,,,1,0,0,0,0,0,0,0,0,1,0,0,0,0,0,0,0,0,0,0,0,0,0,0,0,0,0,0,0,0,0,0,0,0,0,0,0,0,0,0,0,0,0,0,0,0,0,0,0,0,0,2,2,,,,charo101,,,,,,,,,lyong101,,,,,,,,,,,0,0,0,0,0,0,0,0,0,0,0,0,lyonj101,hewij102,charo101,blacc102,dudld101,kennd102,day-c102,walld104,finnj101,3,6,8,9,7,2,4,5,1,clemv101,fourj101,janvh101,stocm101,lavad101,schuj101,mchea101,dillp101,0,0,0,0,0,0,0,0,0,0,0,0,0,0,0,0,0,0,0,,0,0,0,0,0,0,0,0,,,0,0,72,?,,,,,,19201004,exhibition,full
SLG192010040,64(1)/FO,8,1,1,STL11,SLG,SLN,4,4,blacc102,lyong101,4,9,L,R,?,?,??,,,1,1,0,0,0,0,0,0,0,0,0,0,0,0,1,0,1,1,0,1,0,0,0,0,0,0,0,0,0,0,0,0,0,0,0,0,0,0,0,0,0,0,0,0,0,0,0,0,0,0,0,2,3,charo101,,,,,,blacc102,,,lyong101,,,,,,,,,,,,,,0,0,0,0,0,0,0,0,0,0,0,0,lyonj101,hewij102,charo101,blacc102,dudld101,kennd102,day-c102,walld104,finnj101,3,6,8,9,7,2,4,5,1,clemv101,fourj101,janvh101,stocm101,lavad101,schuj101,mchea101,dillp101,0,0,0,0,1,0,0,0,0,0,0,0,0,0,0,1,0,0,0,64,6,0,0,0,0,0,0,6,,G,0,0,73,?,,,,,,19201004,exhibition,full
SLG192010040,43,9,0,0,STL11,SLN,SLG,4,4,schuj101,finnj101,1,7,R,R,?,?,??,,,1,1,0,0,0,0,0,0,0,0,0,0,0,0,1,0,1,1,0,1,0,0,0,0,0,0,0,0,0,0,0,0,0,0,0,0,0,0,0,0,0,0,0,0,0,0,0,0,0,0,0,0,1,,,,,,,,,,,,,,,,,,,,,,,,0,0,0,0,0,0,0,0,0,0,0,0,schuj101,fourj101,stocm101,janvh101,mchea101,lavad101,dillp101,clemv101,lyong101,7,3,5,4,8,6,9,2,1,kennd102,lyonj101,day-c102,walld104,hewij102,dudld101,charo101,blacc102,0,0,0,1,0,0,0,0,0,0,0,0,0,1,0,0,0,0,0,43,4,0,0,0,0,0,0,4,3+,G,0,0,74,?,,,,,,19201004,exhibition,full
SLG192010040,S9,9,0,0,STL11,SLN,SLG,4,4,fourj101,finnj101,2,3,L,R,?,?,??,,,1,1,1,0,0,0,0,0,0,0,0,0,0,0,0,0,0,1,0,0,0,0,0,0,0,0,0,0,0,0,0,0,0,0,0,0,0,0,0,0,0,0,0,0,0,0,0,0,0,0,0,1,1,,,,fourj101,,,,,,,,,finnj101,,,,,,,,,,,0,0,0,0,0,0,0,0,0,0,0,0,schuj101,fourj101,stocm101,janvh101,mchea101,lavad101,dillp101,clemv101,lyong101,7,3,5,4,8,6,9,2,1,kennd102,lyonj101,day-c102,walld104,hewij102,dudld101,charo101,blacc102,0,0,0,0,0,0,0,0,0,0,0,0,0,0,0,0,0,0,0,,0,0,0,0,0,0,0,9,9+,,0,0,75,?,,,,,,19201004,exhibition,full
SLG192010040,9,9,0,0,STL11,SLN,SLG,4,4,stocm101,finnj101,3,5,R,R,?,?,??,,,1,1,0,0,0,0,0,0,0,0,0,0,0,0,1,0,1,1,0,0,1,0,0,0,0,0,0,0,0,0,0,0,0,0,0,0,0,0,0,0,0,0,0,0,0,0,0,0,0,0,0,1,2,fourj101,,,fourj101,,,,,,finnj101,,,finnj101,,,,,,,,,,,0,0,0,0,0,0,0,0,0,0,0,0,schuj101,fourj101,stocm101,janvh101,mchea101,lavad101,dillp101,clemv101,lyong101,7,3,5,4,8,6,9,2,1,kennd102,lyonj101,day-c102,walld104,hewij102,dudld101,charo101,blacc102,0,0,0,0,0,0,0,0,0,1,0,0,0,0,0,0,0,0,0,9,9,0,0,0,0,0,0,9,9+,F,0,0,76,?,,,,,,19201004,exhibition,full
SLG192010040,8,9,0,0,STL11,SLN,SLG,4,4,janvh101,finnj101,4,4,R,R,?,?,??,,,1,1,0,0,0,0,0,0,0,0,0,0,0,0,1,0,1,1,0,0,1,0,0,0,0,0,0,0,0,0,0,0,0,0,0,0,0,0,0,0,0,0,0,0,0,0,0,0,0,0,0,2,3,fourj101,,,,,,fourj101,,,finnj101,,,,,,,,,,,,,,0,0,0,0,0,0,0,0,0,0,0,0,schuj101,fourj101,stocm101,janvh101,mchea101,lavad101,dillp101,clemv101,lyong101,7,3,5,4,8,6,9,2,1,kennd102,lyonj101,day-c102,walld104,hewij102,dudld101,charo101,blacc102,0,0,0,0,0,0,0,0,1,0,0,0,0,0,0,0,0,0,0,8,8,0,0,0,0,0,0,8,8+,F,0,0,77,?,,,,,,19201004,exhibition,full
SLG192010040,13,9,1,1,STL11,SLG,SLN,4,4,dudld101,lyong101,5,7,L,R,?,?,??,,,1,1,0,0,0,0,0,0,0,0,0,0,0,0,1,0,1,1,0,1,0,0,0,0,0,0,0,0,0,0,0,0,0,0,0,0,0,0,0,0,0,0,0,0,0,0,0,0,0,0,0,0,1,,,,,,,,,,,,,,,,,,,,,,,,0,0,0,0,0,0,0,0,0,0,0,0,lyonj101,hewij102,charo101,blacc102,dudld101,kennd102,day-c102,walld104,finnj101,3,6,8,9,7,2,4,5,1,clemv101,fourj101,janvh101,stocm101,lavad101,schuj101,mchea101,dillp101,0,0,0,1,0,0,0,0,0,0,1,0,0,0,0,0,0,0,0,13,1,0,0,0,0,0,0,1,13+,G,0,0,78,?,,,,,,19201004,exhibition,full
SLG192010040,S7,9,1,1,STL11,SLG,SLN,4,4,kennd102,lyong101,6,2,R,R,?,?,??,,,1,1,1,0,0,0,0,0,0,0,0,0,0,0,0,0,0,1,0,0,0,0,0,0,0,0,0,0,0,0,0,0,0,0,0,0,0,0,0,0,0,0,0,0,0,0,0,0,0,0,0,1,1,,,,kennd102,,,,,,,,,lyong101,,,,,,,,,,,0,0,0,0,0,0,0,0,0,0,0,0,lyonj101,hewij102,charo101,blacc102,dudld101,kennd102,day-c102,walld104,finnj101,3,6,8,9,7,2,4,5,1,clemv101,fourj101,janvh101,stocm101,lavad101,schuj101,mchea101,dillp101,0,0,0,0,0,0,0,0,0,0,0,0,0,0,0,0,0,0,0,,0,0,0,0,0,0,0,7,7+,,0,0,79,?,,,,,,19201004,exhibition,full
SLG192010040,5,9,1,1,STL11,SLG,SLN,4,4,day-c102,lyong101,7,4,R,R,?,?,??,,,1,1,0,0,0,0,0,0,0,0,0,0,0,0,1,0,1,1,0,0,1,0,0,0,0,0,0,0,0,0,0,0,0,0,0,0,0,0,0,0,0,0,0,0,0,0,0,0,0,0,0,1,2,kennd102,,,kennd102,,,,,,lyong101,,,lyong101,,,,,,,,,,,0,0,0,0,0,0,0,0,0,0,0,0,lyonj101,hewij102,charo101,blacc102,dudld101,kennd102,day-c102,walld104,finnj101,3,6,8,9,7,2,4,5,1,clemv101,fourj101,janvh101,stocm101,lavad101,schuj101,mchea101,dillp101,0,0,0,0,0,1,0,0,0,0,0,0,0,0,0,0,0,0,0,5,5,0,0,0,0,0,0,5,5+,F,0,0,80,?,,,,,,19201004,exhibition,full
SLG192010040,W.1-2,9,1,1,STL11,SLG,SLN,4,4,mackb102,lyong101,8,11,B,R,?,?,??,,,1,0,0,0,0,0,0,0,0,1,0,0,0,0,0,0,0,0,0,0,0,0,0,0,0,0,0,0,0,0,0,0,0,0,0,0,0,0,0,0,0,0,0,0,0,0,0,0,0,0,0,2,2,kennd102,,,mackb102,kennd102,,,,,lyong101,,,lyong101,lyong101,,,,,,,,,,0,0,0,0,0,0,0,0,0,0,0,0,lyonj101,hewij102,charo101,blacc102,dudld101,kennd102,day-c102,mackb102,finnj101,3,6,8,9,7,2,4,11,1,clemv101,fourj101,janvh101,stocm101,lavad101,schuj101,mchea101,dillp101,0,0,0,0,0,0,0,0,0,0,0,0,0,0,0,0,0,0,0,,0,0,0,0,0,0,0,0,,,0,0,81,?,,,,,,19201004,exhibition,full
SLG192010040,K,9,1,1,STL11,SLG,SLN,4,4,finnj101,lyong101,9,1,R,R,?,?,??,,,1,1,0,0,0,0,0,0,0,0,1,0,0,0,0,0,0,0,0,0,0,0,0,0,0,0,0,0,0,0,0,0,0,0,0,0,0,0,0,0,0,0,0,0,0,0,0,0,0,0,0,2,3,mackb102,kennd102,,,,,kennd102,mackb102,,lyong101,lyong101,,,,,,,,,,,,,0,0,0,0,0,0,0,0,0,0,0,0,lyonj101,hewij102,charo101,blacc102,dudld101,kennd102,day-c102,mackb102,finnj101,3,6,8,9,7,2,4,11,1,clemv101,fourj101,janvh101,stocm101,lavad101,schuj101,mchea101,dillp101,0,0,1,0,0,0,0,0,0,0,0,0,0,0,0,0,0,0,0,2,0,0,0,0,0,0,0,0,,,0,0,82,?,,,,,,19201004,exhibition,full
SLG192010040,7,10,0,0,STL11,SLN,SLG,4,4,mchea101,finnj101,5,8,R,R,?,?,??,,,1,1,0,0,0,0,0,0,0,0,0,0,0,0,1,0,1,1,0,0,1,0,0,0,0,0,0,0,0,0,0,0,0,0,0,0,0,0,0,0,0,0,0,0,0,0,0,0,0,0,0,0,1,,,,,,,,,,,,,,,,,,,,,,,,0,0,0,0,0,0,0,0,0,0,0,0,schuj101,fourj101,stocm101,janvh101,mchea101,lavad101,dillp101,clemv101,lyong101,7,3,5,4,8,6,9,2,1,kennd102,lyonj101,day-c102,mackb102,hewij102,dudld101,charo101,blacc102,0,0,0,0,0,0,0,1,0,0,0,0,0,0,0,0,0,0,0,7,7,0,0,0,0,0,0,7,7+,F,0,0,83,?,,,,,,19201004,exhibition,full
SLG192010040,4,10,0,0,STL11,SLN,SLG,4,4,lavad101,finnj101,6,6,R,R,?,?,??,,,1,1,0,0,0,0,0,0,0,0,0,0,0,0,1,0,1,1,0,0,1,0,0,0,0,0,0,0,0,0,0,0,0,0,0,0,0,0,0,0,0,0,0,0,0,0,0,0,0,0,0,1,2,,,,,,,,,,,,,,,,,,,,,,,,0,0,0,0,0,0,0,0,0,0,0,0,schuj101,fourj101,stocm101,janvh101,mchea101,lavad101,dillp101,clemv101,lyong101,7,3,5,4,8,6,9,2,1,kennd102,lyonj101,day-c102,mackb102,hewij102,dudld101,charo101,blacc102,0,0,0,0,1,0,0,0,0,0,0,0,0,0,0,0,0,0,0,4,4,0,0,0,0,0,0,4,4+,F,0,0,84,?,,,,,,19201004,exhibition,full
SLG192010040,63,10,0,0,STL11,SLN,SLG,4,4,dillp101,finnj101,7,9,R,R,?,?,??,,,1,1,0,0,0,0,0,0,0,0,0,0,0,0,1,0,1,1,0,1,0,0,0,0,0,0,0,0,0,0,0,0,0,0,0,0,0,0,0,0,0,0,0,0,0,0,0,0,0,0,0,2,3,,,,,,,,,,,,,,,,,,,,,,,,0,0,0,0,0,0,0,0,0,0,0,0,schuj101,fourj101,stocm101,janvh101,mchea101,lavad101,dillp101,clemv101,lyong101,7,3,5,4,8,6,9,2,1,kennd102,lyonj101,day-c102,mackb102,hewij102,dudld101,charo101,blacc102,0,0,0,1,0,0,0,0,0,0,0,0,0,0,0,1,0,0,0,63,6,0,0,0,0,0,0,6,3+,G,0,0,85,?,,,,,,19201004,exhibition,full
SLG192010040,S9,10,1,1,STL11,SLG,SLN,4,4,lyonj101,lyong101,1,3,L,R,?,?,??,,,1,1,1,0,0,0,0,0,0,0,0,0,0,0,0,0,0,1,0,0,0,0,0,0,0,0,0,0,0,0,0,0,0,0,0,0,0,0,0,0,0,0,0,0,0,0,0,0,0,0,0,0,0,,,,lyonj101,,,,,,,,,lyong101,,,,,,,,,,,0,0,0,0,0,0,0,0,0,0,0,0,lyonj101,hewij102,charo101,blacc102,dudld101,kennd102,day-c102,mackb102,finnj101,3,6,8,9,7,2,4,5,1,clemv101,fourj101,janvh101,stocm101,lavad101,schuj101,mchea101,dillp101,0,0,0,0,0,0,0,0,0,0,0,0,0,0,0,0,0,0,0,,0,0,0,0,0,0,0,9,9+,,0,0,86,?,,,,,,19201004,exhibition,full
SLG192010040,WP.1-2,10,1,1,STL11,SLG,SLN,4,4,hewij102,lyong101,2,6,L,R,?,?,??,,,0,0,0,0,0,0,0,0,0,0,0,0,0,0,0,0,0,0,0,0,0,0,0,0,0,0,0,1,0,0,0,0,0,0,0,0,0,0,0,0,0,0,0,0,0,0,0,0,0,0,0,0,0,lyonj101,,,,lyonj101,,,,,lyong101,,,,lyong101,,,,,,,,,,0,0,0,0,0,0,0,0,0,0,0,0,lyonj101,hewij102,charo101,blacc102,dudld101,kennd102,day-c102,mackb102,finnj101,3,6,8,9,7,2,4,5,1,clemv101,fourj101,janvh101,stocm101,lavad101,schuj101,mchea101,dillp101,0,0,0,0,0,0,0,0,0,0,0,0,0,0,0,0,0,0,0,,0,0,0,0,0,0,0,0,,,0,0,87,?,,,,,,19201004,exhibition,full
SLG192010040,S/BG.2-3,10,1,1,STL11,SLG,SLN,4,4,hewij102,lyong101,2,6,L,R,?,?,??,,,1,1,1,0,0,0,0,0,0,0,0,0,0,0,0,0,0,1,1,0,0,0,0,0,0,0,0,0,0,0,0,0,0,0,0,0,0,0,0,0,0,0,0,0,0,0,0,0,0,0,0,0,0,,lyonj101,,hewij102,,lyonj101,,,,,lyong101,,lyong101,,lyong101,,,,,,,,,0,0,0,0,0,0,0,0,0,0,0,0,lyonj101,hewij102,charo101,blacc102,dudld101,kennd102,day-c102,mackb102,finnj101,3,6,8,9,7,2,4,5,1,clemv101,fourj101,janvh101,stocm101,lavad101,schuj101,mchea101,dillp101,0,0,0,0,0,0,0,0,0,0,0,0,0,0,0,0,0,0,0,,0,0,0,0,0,0,0,0,,BG,0,0,88,?,,,,,,19201004,exhibition,full
SLG192010040,IW.1-2,10,1,1,STL11,SLG,SLN,4,4,charo101,lyong101,3,8,L,R,?,?,??,,,1,0,0,0,0,0,0,0,0,1,0,0,0,0,0,0,0,0,0,0,0,0,1,0,0,0,0,0,0,0,0,0,0,0,0,0,0,0,0,0,0,0,0,0,0,0,0,0,0,0,0,0,0,hewij102,,lyonj101,charo101,hewij102,lyonj101,,,,lyong101,,lyong101,lyong101,lyong101,lyong101,,,,,,,,,0,0,0,0,0,0,0,0,0,0,0,0,lyonj101,hewij102,charo101,blacc102,dudld101,kennd102,day-c102,mackb102,finnj101,3,6,8,9,7,2,4,5,1,clemv101,fourj101,janvh101,stocm101,lavad101,schuj101,mchea101,dillp101,0,0,0,0,0,0,0,0,0,0,0,0,0,0,0,0,0,0,0,,0,0,0,0,0,0,0,0,,,0,0,89,?,,,,,,19201004,exhibition,full
SLG192010040,FC1.3XH(1E2)(NR)(UR);2-3;1-2,10,1,1,STL11,SLG,SLN,4,4,blacc102,lyong101,4,9,L,R,?,?,??,,,1,1,0,0,0,0,0,0,0,0,0,0,0,1,0,0,0,1,0,1,0,0,0,0,0,0,0,0,0,0,0,0,0,0,0,0,0,0,0,0,0,0,0,1,0,0,0,0,0,0,0,0,0,charo101,hewij102,lyonj101,blacc102,charo101,hewij102,,,,lyong101,lyong101,lyong101,lyong101,lyong101,lyong101,,,,lyonj101,,,,lyong101,0,0,0,1,0,0,0,0,1,0,0,0,lyonj101,hewij102,charo101,blacc102,dudld101,kennd102,day-c102,mackb102,finnj101,3,6,8,9,7,2,4,5,1,clemv101,fourj101,janvh101,stocm101,lavad101,schuj101,mchea101,dillp101,0,0,0,0,0,0,0,0,0,0,1,0,0,0,0,0,0,0,0,1,0,0,0,0,0,0,0,1,1+,G,1,0,90,?,,,,,,19201004,exhibition,full
SLG192010050,E6,1,0,0,STL11,SLN,SLG,0,0,schuj101,carrw101,1,7,R,R,?,?,??,,,1,1,0,0,0,0,0,0,0,0,0,0,1,0,0,0,0,1,0,1,0,0,0,0,0,0,0,0,0,0,0,0,0,0,0,0,0,0,0,0,0,0,0,0,0,0,0,1,0,0,0,0,0,,,,schuj101,,,,,,,,,carrw101,,,,,,,,,,,0,0,0,0,0,0,0,0,0,0,0,0,schuj101,fourj101,stocm101,janvh101,mchea101,lavad101,dillp101,clemv101,hainj101,7,3,5,4,8,6,9,2,1,kennd102,lyonj101,day-c102,holte101,hewij102,dudld101,charo101,blacc102,0,0,0,0,0,0,0,0,0,0,0,0,0,0,0,0,0,0,0,,0,0,0,0,0,0,0,6,6+,G,0,0,1,breit101,blano901,,,,,19201005,exhibition,full
SLG192010050,S9.1-3,1,0,0,STL11,SLN,SLG,0,0,fourj101,carrw101,2,3,L,R,?,?,??,,,1,1,1,0,0,0,0,0,0,0,0,0,0,0,0,0,0,1,0,0,0,0,0,0,0,0,0,0,0,0,0,0,0,0,0,0,0,0,0,0,0,0,0,0,0,0,0,0,0,0,0,0,0,schuj101,,,fourj101,,schuj101,,,,carrw101,,,carrw101,,carrw101,,,,,,,,,0,0,0,0,0,0,0,0,0,0,0,0,schuj101,fourj101,stocm101,janvh101,mchea101,lavad101,dillp101,clemv101,hainj101,7,3,5,4,8,6,9,2,1,kennd102,lyonj101,day-c102,holte101,hewij102,dudld101,charo101,blacc102,0,0,0,0,0,0,0,0,0,0,0,0,0,0,0,0,0,0,0,,0,0,0,0,0,0,0,9,9+,,0,0,2,breit101,blano901,,,,,19201005,exhibition,full
SLG192010050,PO1(1E3),1,0,0,STL11,SLN,SLG,0,0,stocm101,carrw101,3,5,R,R,?,?,??,,,0,0,0,0,0,0,0,0,0,0,0,0,0,0,0,0,0,0,0,0,0,0,0,0,0,0,0,0,0,0,0,0,0,0,0,0,0,0,1,0,0,0,0,0,1,0,0,0,0,0,0,0,0,fourj101,,schuj101,fourj101,,schuj101,,,,carrw101,,carrw101,carrw101,,carrw101,,,,,,,,,0,0,0,0,0,0,0,0,0,0,0,0,schuj101,fourj101,stocm101,janvh101,mchea101,lavad101,dillp101,clemv101,hainj101,7,3,5,4,8,6,9,2,1,kennd102,lyonj101,day-c102,holte101,hewij102,dudld101,charo101,blacc102,0,0,0,0,0,0,0,0,0,0,1,0,0,0,0,0,0,0,0,1,0,0,0,0,0,0,0,0,,,0,0,3,breit101,blano901,,,,,19201005,exhibition,full
SLG192010050,7/SF.3-H(UR),1,0,0,STL11,SLN,SLG,0,0,stocm101,carrw101,3,5,R,R,?,?,??,,,1,0,0,0,0,0,0,1,0,0,0,0,0,0,0,0,0,1,0,0,1,0,0,0,0,0,0,0,0,0,0,0,0,0,0,0,0,0,0,0,0,0,0,0,0,0,0,0,0,0,0,0,1,fourj101,,schuj101,fourj101,,,,,,carrw101,,carrw101,carrw101,,,,,,schuj101,,,,carrw101,0,0,0,1,0,0,0,1,1,1,0,0,schuj101,fourj101,stocm101,janvh101,mchea101,lavad101,dillp101,clemv101,hainj101,7,3,5,4,8,6,9,2,1,kennd102,lyonj101,day-c102,holte101,hewij102,dudld101,charo101,blacc102,0,0,0,0,0,0,0,1,0,0,0,0,0,0,0,0,0,0,0,7,7,0,0,0,0,0,0,7,,F,0,0,4,breit101,blano901,,,,,19201005,exhibition,full
SLG192010050,W.1-2,1,0,0,STL11,SLN,SLG,1,0,janvh101,carrw101,4,4,R,R,?,?,??,,,1,0,0,0,0,0,0,0,0,1,0,0,0,0,0,0,0,0,0,0,0,0,0,0,0,0,0,0,0,0,0,0,0,0,0,0,0,0,0,0,0,0,0,0,0,0,0,0,0,0,0,1,1,fourj101,,,janvh101,fourj101,,,,,carrw101,,,carrw101,carrw101,,,,,,,,,,0,0,0,0,0,0,0,0,0,0,0,0,schuj101,fourj101,stocm101,janvh101,mchea101,lavad101,dillp101,clemv101,hainj101,7,3,5,4,8,6,9,2,1,kennd102,lyonj101,day-c102,holte101,hewij102,dudld101,charo101,blacc102,0,0,0,0,0,0,0,0,0,0,0,0,0,0,0,0,0,0,0,,0,0,0,0,0,0,0,0,,,0,0,5,breit101,blano901,,,,,19201005,exhibition,full
SLG192010050,65(2)/FO.1-2,1,0,0,STL11,SLN,SLG,1,0,mchea101,carrw101,5,8,R,R,?,?,??,,,1,1,0,0,0,0,0,0,0,0,0,0,0,0,1,0,1,1,0,1,0,0,0,0,0,0,0,0,0,0,0,0,0,0,0,0,0,0,0,0,0,0,0,0,0,0,0,0,0,0,0,1,2,janvh101,fourj101,,mchea101,janvh101,,,,,carrw101,carrw101,,carrw101,carrw101,,,,,,,,,,0,0,0,0,0,0,0,0,0,0,0,0,schuj101,fourj101,stocm101,janvh101,mchea101,lavad101,dillp101,clemv101,hainj101,7,3,5,4,8,6,9,2,1,kennd102,lyonj101,day-c102,holte101,hewij102,dudld101,charo101,blacc102,0,0,0,0,0,1,0,0,0,0,0,0,0,0,0,1,0,0,0,65,6,0,0,0,0,0,0,6,,G,1,5,6,breit101,blano901,,,,,19201005,exhibition,full
SLG192010050,7,1,0,0,STL11,SLN,SLG,1,0,lavad101,carrw101,6,6,R,R,?,?,??,,,1,1,0,0,0,0,0,0,0,0,0,0,0,0,1,0,1,1,0,0,1,0,0,0,0,0,0,0,0,0,0,0,0,0,0,0,0,0,0,0,0,0,0,0,0,0,0,0,0,0,0,2,3,mchea101,janvh101,,,,,janvh101,mchea101,,carrw101,carrw101,,,,,,,,,,,,,0,0,0,0,0,0,0,0,0,0,0,0,schuj101,fourj101,stocm101,janvh101,mchea101,lavad101,dillp101,clemv101,hainj101,7,3,5,4,8,6,9,2,1,kennd102,lyonj101,day-c102,holte101,hewij102,dudld101,charo101,blacc102,0,0,0,0,0,0,0,1,0,0,0,0,0,0,0,0,0,0,0,7,7,0,0,0,0,0,0,7,7+,F,0,0,7,breit101,blano901,,,,,19201005,exhibition,full
SLG192010050,K,1,1,1,STL11,SLG,SLN,1,0,lyonj101,hainj101,1,3,L,R,?,?,??,,,1,1,0,0,0,0,0,0,0,0,1,0,0,0,0,0,0,0,0,0,0,0,0,0,0,0,0,0,0,0,0,0,0,0,0,0,0,0,0,0,0,0,0,0,0,0,0,0,0,0,0,0,1,,,,,,,,,,,,,,,,,,,,,,,,0,0,0,0,0,0,0,0,0,0,0,0,lyonj101,hewij102,charo101,blacc102,dudld101,kennd102,day-c102,holte101,carrw101,3,6,8,9,7,2,4,5,1,clemv101,fourj101,janvh101,stocm101,lavad101,schuj101,mchea101,dillp101,0,0,1,0,0,0,0,0,0,0,0,0,0,0,0,0,0,0,0,2,0,0,0,0,0,0,0,0,,,0,0,8,breit101,blano901,,,,,19201005,exhibition,full
SLG192010050,4,1,1,1,STL11,SLG,SLN,1,0,hewij102,hainj101,2,6,L,R,?,?,??,,,1,1,0,0,0,0,0,0,0,0,0,0,0,0,1,0,1,1,0,0,1,0,0,0,0,0,0,0,0,0,0,0,0,0,0,0,0,0,0,0,0,0,0,0,0,0,0,0,0,0,0,1,2,,,,,,,,,,,,,,,,,,,,,,,,0,0,0,0,0,0,0,0,0,0,0,0,lyonj101,hewij102,charo101,blacc102,dudld101,kennd102,day-c102,holte101,carrw101,3,6,8,9,7,2,4,5,1,clemv101,fourj101,janvh101,stocm101,lavad101,schuj101,mchea101,dillp101,0,0,0,0,1,0,0,0,0,0,0,0,0,0,0,0,0,0,0,4,4,0,0,0,0,0,0,4,4+,F,0,0,9,breit101,blano901,,,,,19201005,exhibition,full
SLG192010050,K/C,1,1,1,STL11,SLG,SLN,1,0,charo101,hainj101,3,8,L,R,?,?,??,,,1,1,0,0,0,0,0,0,0,0,1,0,0,0,0,0,0,0,0,0,0,0,0,0,0,0,0,0,0,0,0,0,0,0,0,0,0,0,0,0,0,0,0,0,0,0,0,0,0,0,0,2,3,,,,,,,,,,,,,,,,,,,,,,,,0,0,0,0,0,0,0,0,0,0,0,0,lyonj101,hewij102,charo101,blacc102,dudld101,kennd102,day-c102,holte101,carrw101,3,6,8,9,7,2,4,5,1,clemv101,fourj101,janvh101,stocm101,lavad101,schuj101,mchea101,dillp101,0,0,1,0,0,0,0,0,0,0,0,0,0,0,0,0,0,0,0,2,0,0,0,0,0,0,0,0,,,0,0,10,breit101,blano901,,,,,19201005,exhibition,full
SLG192010050,63,2,0,0,STL11,SLN,SLG,1,0,dillp101,carrw101,7,9,R,R,?,?,??,,,1,1,0,0,0,0,0,0,0,0,0,0,0,0,1,0,1,1,0,1,0,0,0,0,0,0,0,0,0,0,0,0,0,0,0,0,0,0,0,0,0,0,0,0,0,0,0,0,0,0,0,0,1,,,,,,,,,,,,,,,,,,,,,,,,0,0,0,0,0,0,0,0,0,0,0,0,schuj101,fourj101,stocm101,janvh101,mchea101,lavad101,dillp101,clemv101,hainj101,7,3,5,4,8,6,9,2,1,kennd102,lyonj101,day-c102,holte101,hewij102,dudld101,charo101,blacc102,0,0,0,1,0,0,0,0,0,0,0,0,0,0,0,1,0,0,0,63,6,0,0,0,0,0,0,6,3+,G,0,0,11,breit101,blano901,,,,,19201005,exhibition,full
SLG192010050,1/P,2,0,0,STL11,SLN,SLG,1,0,clemv101,carrw101,8,2,R,R,?,?,??,,,1,1,0,0,0,0,0,0,0,0,0,0,0,0,1,0,1,1,0,0,1,0,0,0,0,0,0,0,0,0,0,0,0,0,0,0,0,0,0,0,0,0,0,0,0,0,0,0,0,0,0,1,2,,,,,,,,,,,,,,,,,,,,,,,,0,0,0,0,0,0,0,0,0,0,0,0,schuj101,fourj101,stocm101,janvh101,mchea101,lavad101,dillp101,clemv101,hainj101,7,3,5,4,8,6,9,2,1,kennd102,lyonj101,day-c102,holte101,hewij102,dudld101,charo101,blacc102,0,1,0,0,0,0,0,0,0,0,0,0,0,0,0,0,0,0,0,1,1,0,0,0,0,0,0,1,,P,0,0,12,breit101,blano901,,,,,19201005,exhibition,full
SLG192010050,53,2,0,0,STL11,SLN,SLG,1,0,hainj101,carrw101,9,1,R,R,?,?,??,,,1,1,0,0,0,0,0,0,0,0,0,0,0,0,1,0,1,1,0,1,0,0,0,0,0,0,0,0,0,0,0,0,0,0,0,0,0,0,0,0,0,0,0,0,0,0,0,0,0,0,0,2,3,,,,,,,,,,,,,,,,,,,,,,,,0,0,0,0,0,0,0,0,0,0,0,0,schuj101,fourj101,stocm101,janvh101,mchea101,lavad101,dillp101,clemv101,hainj101,7,3,5,4,8,6,9,2,1,kennd102,lyonj101,day-c102,holte101,hewij102,dudld101,charo101,blacc102,0,0,0,1,0,0,0,0,0,0,0,0,0,0,1,0,0,0,0,53,5,0,0,0,0,0,0,5,3+,G,0,0,13,breit101,blano901,,,,,19201005,exhibition,full
SLG192010050,K,2,1,1,STL11,SLG,SLN,1,0,blacc102,hainj101,4,9,L,R,?,?,??,,,1,1,0,0,0,0,0,0,0,0,1,0,0,0,0,0,0,0,0,0,0,0,0,0,0,0,0,0,0,0,0,0,0,0,0,0,0,0,0,0,0,0,0,0,0,0,0,0,0,0,0,0,1,,,,,,,,,,,,,,,,,,,,,,,,0,0,0,0,0,0,0,0,0,0,0,0,lyonj101,hewij102,charo101,blacc102,dudld101,kennd102,day-c102,holte101,carrw101,3,6,8,9,7,2,4,5,1,clemv101,fourj101,janvh101,stocm101,lavad101,schuj101,mchea101,dillp101,0,0,1,0,0,0,0,0,0,0,0,0,0,0,0,0,0,0,0,2,0,0,0,0,0,0,0,0,,,0,0,14,breit101,blano901,,,,,19201005,exhibition,full
SLG192010050,13,2,1,1,STL11,SLG,SLN,1,0,dudld101,hainj101,5,7,L,R,?,?,??,,,1,1,0,0,0,0,0,0,0,0,0,0,0,0,1,0,1,1,0,1,0,0,0,0,0,0,0,0,0,0,0,0,0,0,0,0,0,0,0,0,0,0,0,0,0,0,0,0,0,0,0,1,2,,,,,,,,,,,,,,,,,,,,,,,,0,0,0,0,0,0,0,0,0,0,0,0,lyonj101,hewij102,charo101,blacc102,dudld101,kennd102,day-c102,holte101,carrw101,3,6,8,9,7,2,4,5,1,clemv101,fourj101,janvh101,stocm101,lavad101,schuj101,mchea101,dillp101,0,0,0,1,0,0,0,0,0,0,1,0,0,0,0,0,0,0,0,13,1,0,0,0,0,0,0,1,13+,G,0,0,15,breit101,blano901,,,,,19201005,exhibition,full
SLG192010050,53,2,1,1,STL11,SLG,SLN,1,0,kennd102,hainj101,6,2,R,R,?,?,??,,,1,1,0,0,0,0,0,0,0,0,0,0,0,0,1,0,1,1,0,1,0,0,0,0,0,0,0,0,0,0,0,0,0,0,0,0,0,0,0,0,0,0,0,0,0,0,0,0,0,0,0,2,3,,,,,,,,,,,,,,,,,,,,,,,,0,0,0,0,0,0,0,0,0,0,0,0,lyonj101,hewij102,charo101,blacc102,dudld101,kennd102,day-c102,holte101,carrw101,3,6,8,9,7,2,4,5,1,clemv101,fourj101,janvh101,stocm101,lavad101,schuj101,mchea101,dillp101,0,0,0,1,0,0,0,0,0,0,0,0,0,0,1,0,0,0,0,53,5,0,0,0,0,0,0,5,3+,G,0,0,16,breit101,blano901,,,,,19201005,exhibition,full
SLG192010050,43,3,0,0,STL11,SLN,SLG,1,0,schuj101,carrw101,1,7,R,R,?,?,??,,,1,1,0,0,0,0,0,0,0,0,0,0,0,0,1,0,1,1,0,1,0,0,0,0,0,0,0,0,0,0,0,0,0,0,0,0,0,0,0,0,0,0,0,0,0,0,0,0,0,0,0,0,1,,,,,,,,,,,,,,,,,,,,,,,,0,0,0,0,0,0,0,0,0,0,0,0,schuj101,fourj101,stocm101,janvh101,mchea101,lavad101,dillp101,clemv101,hainj101,7,3,5,4,8,6,9,2,1,kennd102,lyonj101,day-c102,holte101,hewij102,dudld101,charo101,blacc102,0,0,0,1,0,0,0,0,0,0,0,0,0,1,0,0,0,0,0,43,4,0,0,0,0,0,0,4,3+,G,0,0,17,breit101,blano901,,,,,19201005,exhibition,full
SLG192010050,4,3,0,0,STL11,SLN,SLG,1,0,fourj101,carrw101,2,3,L,R,?,?,??,,,1,1,0,0,0,0,0,0,0,0,0,0,0,0,1,0,1,1,0,0,1,0,0,0,0,0,0,0,0,0,0,0,0,0,0,0,0,0,0,0,0,0,0,0,0,0,0,0,0,0,0,1,2,,,,,,,,,,,,,,,,,,,,,,,,0,0,0,0,0,0,0,0,0,0,0,0,schuj101,fourj101,stocm101,janvh101,mchea101,lavad101,dillp101,clemv101,hainj101,7,3,5,4,8,6,9,2,1,kennd102,lyonj101,day-c102,holte101,hewij102,dudld101,charo101,blacc102,0,0,0,0,1,0,0,0,0,0,0,0,0,0,0,0,0,0,0,4,4,0,0,0,0,0,0,4,4+,F,0,0,18,breit101,blano901,,,,,19201005,exhibition,full
SLG192010050,S8,3,0,0,STL11,SLN,SLG,1,0,stocm101,carrw101,3,5,R,R,?,?,??,,,1,1,1,0,0,0,0,0,0,0,0,0,0,0,0,0,0,1,0,0,0,0,0,0,0,0,0,0,0,0,0,0,0,0,0,0,0,0,0,0,0,0,0,0,0,0,0,0,0,0,0,2,2,,,,stocm101,,,,,,,,,carrw101,,,,,,,,,,,0,0,0,0,0,0,0,0,0,0,0,0,schuj101,fourj101,stocm101,janvh101,mchea101,lavad101,dillp101,clemv101,hainj101,7,3,5,4,8,6,9,2,1,kennd102,lyonj101,day-c102,holte101,hewij102,dudld101,charo101,blacc102,0,0,0,0,0,0,0,0,0,0,0,0,0,0,0,0,0,0,0,,0,0,0,0,0,0,0,8,8+,,0,0,19,breit101,blano901,,,,,19201005,exhibition,full
SLG192010050,SB2,3,0,0,STL11,SLN,SLG,1,0,janvh101,carrw101,4,4,R,R,?,?,??,,,0,0,0,0,0,0,0,0,0,0,0,0,0,0,0,0,0,0,0,0,0,0,0,0,0,0,0,0,0,0,0,0,1,0,0,0,0,0,0,0,0,0,0,0,0,0,0,0,0,0,0,2,2,stocm101,,,,stocm101,,,,,carrw101,,,,carrw101,,,,,,,,,,0,0,0,0,0,0,0,0,0,0,0,0,schuj101,fourj101,stocm101,janvh101,mchea101,lavad101,dillp101,clemv101,hainj101,7,3,5,4,8,6,9,2,1,kennd102,lyonj101,day-c102,holte101,hewij102,dudld101,charo101,blacc102,0,0,0,0,0,0,0,0,0,0,0,0,0,0,0,0,0,0,0,,0,0,0,0,0,0,0,0,,,0,0,20,breit101,blano901,,,,,19201005,exhibition,full
SLG192010050,63,3,0,0,STL11,SLN,SLG,1,0,janvh101,carrw101,4,4,R,R,?,?,??,,,1,1,0,0,0,0,0,0,0,0,0,0,0,0,1,0,1,1,0,1,0,0,0,0,0,0,0,0,0,0,0,0,0,0,0,0,0,0,0,0,0,0,0,0,0,0,0,0,0,0,0,2,3,,stocm101,,,,,stocm101,,,,carrw101,,,,,,,,,,,,,0,0,0,0,0,0,0,0,0,0,0,0,schuj101,fourj101,stocm101,janvh101,mchea101,lavad101,dillp101,clemv101,hainj101,7,3,5,4,8,6,9,2,1,kennd102,lyonj101,day-c102,holte101,hewij102,dudld101,charo101,blacc102,0,0,0,1,0,0,0,0,0,0,0,0,0,0,0,1,0,0,0,63,6,0,0,0,0,0,0,6,3+,G,0,0,21,breit101,blano901,,,,,19201005,exhibition,full
SLG192010050,63,3,1,1,STL11,SLG,SLN,1,0,day-c102,hainj101,7,4,R,R,?,?,??,,,1,1,0,0,0,0,0,0,0,0,0,0,0,0,1,0,1,1,0,1,0,0,0,0,0,0,0,0,0,0,0,0,0,0,0,0,0,0,0,0,0,0,0,0,0,0,0,0,0,0,0,0,1,,,,,,,,,,,,,,,,,,,,,,,,0,0,0,0,0,0,0,0,0,0,0,0,lyonj101,hewij102,charo101,blacc102,dudld101,kennd102,day-c102,holte101,carrw101,3,6,8,9,7,2,4,5,1,clemv101,fourj101,janvh101,stocm101,lavad101,schuj101,mchea101,dillp101,0,0,0,1,0,0,0,0,0,0,0,0,0,0,0,1,0,0,0,63,6,0,0,0,0,0,0,6,3+,G,0,0,22,breit101,blano901,,,,,19201005,exhibition,full
SLG192010050,13,3,1,1,STL11,SLG,SLN,1,0,holte101,hainj101,8,5,R,R,?,?,??,,,1,1,0,0,0,0,0,0,0,0,0,0,0,0,1,0,1,1,0,1,0,0,0,0,0,0,0,0,0,0,0,0,0,0,0,0,0,0,0,0,0,0,0,0,0,0,0,0,0,0,0,1,2,,,,,,,,,,,,,,,,,,,,,,,,0,0,0,0,0,0,0,0,0,0,0,0,lyonj101,hewij102,charo101,blacc102,dudld101,kennd102,day-c102,holte101,carrw101,3,6,8,9,7,2,4,5,1,clemv101,fourj101,janvh101,stocm101,lavad101,schuj101,mchea101,dillp101,0,0,0,1,0,0,0,0,0,0,1,0,0,0,0,0,0,0,0,13,1,0,0,0,0,0,0,1,13+,G,0,0,23,breit101,blano901,,,,,19201005,exhibition,full
SLG192010050,4,3,1,1,STL11,SLG,SLN,1,0,carrw101,hainj101,9,1,R,R,?,?,??,,,1,1,0,0,0,0,0,0,0,0,0,0,0,0,1,0,1,1,0,0,1,0,0,0,0,0,0,0,0,0,0,0,0,0,0,0,0,0,0,0,0,0,0,0,0,0,0,0,0,0,0,2,3,,,,,,,,,,,,,,,,,,,,,,,,0,0,0,0,0,0,0,0,0,0,0,0,lyonj101,hewij102,charo101,blacc102,dudld101,kennd102,day-c102,holte101,carrw101,3,6,8,9,7,2,4,5,1,clemv101,fourj101,janvh101,stocm101,lavad101,schuj101,mchea101,dillp101,0,0,0,0,1,0,0,0,0,0,0,0,0,0,0,0,0,0,0,4,4,0,0,0,0,0,0,4,4+,F,0,0,24,breit101,blano901,,,,,19201005,exhibition,full
SLG192010050,K,4,0,0,STL11,SLN,SLG,1,0,mchea101,carrw101,5,8,R,R,?,?,??,,,1,1,0,0,0,0,0,0,0,0,1,0,0,0,0,0,0,0,0,0,0,0,0,0,0,0,0,0,0,0,0,0,0,0,0,0,0,0,0,0,0,0,0,0,0,0,0,0,0,0,0,0,1,,,,,,,,,,,,,,,,,,,,,,,,0,0,0,0,0,0,0,0,0,0,0,0,schuj101,fourj101,stocm101,janvh101,mchea101,lavad101,dillp101,clemv101,hainj101,7,3,5,4,8,6,9,2,1,kennd102,lyonj101,day-c102,holte101,hewij102,dudld101,charo101,blacc102,0,0,1,0,0,0,0,0,0,0,0,0,0,0,0,0,0,0,0,2,0,0,0,0,0,0,0,0,,,0,0,25,breit101,blano901,,,,,19201005,exhibition,full
SLG192010050,3/G,4,0,0,STL11,SLN,SLG,1,0,lavad101,carrw101,6,6,R,R,?,?,??,,,1,1,0,0,0,0,0,0,0,0,0,0,0,0,1,0,1,1,0,1,0,0,0,0,0,0,0,0,0,0,0,0,0,0,0,0,0,0,0,0,0,0,0,0,0,0,0,0,0,0,0,1,2,,,,,,,,,,,,,,,,,,,,,,,,0,0,0,0,0,0,0,0,0,0,0,0,schuj101,fourj101,stocm101,janvh101,mchea101,lavad101,dillp101,clemv101,hainj101,7,3,5,4,8,6,9,2,1,kennd102,lyonj101,day-c102,holte101,hewij102,dudld101,charo101,blacc102,0,0,0,1,0,0,0,0,0,0,0,0,0,0,0,0,0,0,0,3,3,0,0,0,0,0,0,3,,G,0,0,26,breit101,blano901,,,,,19201005,exhibition,full
SLG192010050,D7,4,0,0,STL11,SLN,SLG,1,0,dillp101,carrw101,7,9,R,R,?,?,??,,,1,1,0,1,0,0,0,0,0,0,0,0,0,0,0,0,0,1,0,0,0,0,0,0,0,0,0,0,0,0,0,0,0,0,0,0,0,0,0,0,0,0,0,0,0,0,0,0,0,0,0,2,2,,,,,dillp101,,,,,,,,,carrw101,,,,,,,,,,0,0,0,0,0,0,0,0,0,0,0,0,schuj101,fourj101,stocm101,janvh101,mchea101,lavad101,dillp101,clemv101,hainj101,7,3,5,4,8,6,9,2,1,kennd102,lyonj101,day-c102,holte101,hewij102,dudld101,charo101,blacc102,0,0,0,0,0,0,0,0,0,0,0,0,0,0,0,0,0,0,0,,0,0,0,0,0,0,0,7,7+,,0,0,27,breit101,blano901,,,,,19201005,exhibition,full
SLG192010050,4,4,0,0,STL11,SLN,SLG,1,0,clemv101,carrw101,8,2,R,R,?,?,??,,,1,1,0,0,0,0,0,0,0,0,0,0,0,0,1,0,1,1,0,0,1,0,0,0,0,0,0,0,0,0,0,0,0,0,0,0,0,0,0,0,0,0,0,0,0,0,0,0,0,0,0,2,3,,dillp101,,,,,dillp101,,,,carrw101,,,,,,,,,,,,,0,0,0,0,0,0,0,0,0,0,0,0,schuj101,fourj101,stocm101,janvh101,mchea101,lavad101,dillp101,clemv101,hainj101,7,3,5,4,8,6,9,2,1,kennd102,lyonj101,day-c102,holte101,hewij102,dudld101,charo101,blacc102,0,0,0,0,1,0,0,0,0,0,0,0,0,0,0,0,0,0,0,4,4,0,0,0,0,0,0,4,4+,F,0,0,28,breit101,blano901,,,,,19201005,exhibition,full
SLG192010050,13,4,1,1,STL11,SLG,SLN,1,0,lyonj101,hainj101,1,3,L,R,?,?,??,,,1,1,0,0,0,0,0,0,0,0,0,0,0,0,1,0,1,1,0,1,0,0,0,0,0,0,0,0,0,0,0,0,0,0,0,0,0,0,0,0,0,0,0,0,0,0,0,0,0,0,0,0,1,,,,,,,,,,,,,,,,,,,,,,,,0,0,0,0,0,0,0,0,0,0,0,0,lyonj101,hewij102,charo101,blacc102,dudld101,kennd102,day-c102,holte101,carrw101,3,6,8,9,7,2,4,5,1,clemv101,fourj101,janvh101,stocm101,lavad101,schuj101,mchea101,dillp101,0,0,0,1,0,0,0,0,0,0,1,0,0,0,0,0,0,0,0,13,1,0,0,0,0,0,0,1,13+,G,0,0,29,breit101,blano901,,,,,19201005,exhibition,full
SLG192010050,43,4,1,1,STL11,SLG,SLN,1,0,hewij102,hainj101,2,6,L,R,?,?,??,,,1,1,0,0,0,0,0,0,0,0,0,0,0,0,1,0,1,1,0,1,0,0,0,0,0,0,0,0,0,0,0,0,0,0,0,0,0,0,0,0,0,0,0,0,0,0,0,0,0,0,0,1,2,,,,,,,,,,,,,,,,,,,,,,,,0,0,0,0,0,0,0,0,0,0,0,0,lyonj101,hewij102,charo101,blacc102,dudld101,kennd102,day-c102,holte101,carrw101,3,6,8,9,7,2,4,5,1,clemv101,fourj101,janvh101,stocm101,lavad101,schuj101,mchea101,dillp101,0,0,0,1,0,0,0,0,0,0,0,0,0,1,0,0,0,0,0,43,4,0,0,0,0,0,0,4,3+,G,0,0,30,breit101,blano901,,,,,19201005,exhibition,full
SLG192010050,53,4,1,1,STL11,SLG,SLN,1,0,charo101,hainj101,3,8,L,R,?,?,??,,,1,1,0,0,0,0,0,0,0,0,0,0,0,0,1,0,1,1,0,1,0,0,0,0,0,0,0,0,0,0,0,0,0,0,0,0,0,0,0,0,0,0,0,0,0,0,0,0,0,0,0,2,3,,,,,,,,,,,,,,,,,,,,,,,,0,0,0,0,0,0,0,0,0,0,0,0,lyonj101,hewij102,charo101,blacc102,dudld101,kennd102,day-c102,holte101,carrw101,3,6,8,9,7,2,4,5,1,clemv101,fourj101,janvh101,stocm101,lavad101,schuj101,mchea101,dillp101,0,0,0,1,0,0,0,0,0,0,0,0,0,0,1,0,0,0,0,53,5,0,0,0,0,0,0,5,3+,G,0,0,31,breit101,blano901,,,,,19201005,exhibition,full
SLG192010050,S5,5,0,0,STL11,SLN,SLG,1,0,hainj101,carrw101,9,1,R,R,?,?,??,,,1,1,1,0,0,0,0,0,0,0,0,0,0,0,0,0,0,1,0,0,0,0,0,0,0,0,0,0,0,0,0,0,0,0,0,0,0,0,0,0,0,0,0,0,0,0,0,0,0,0,0,0,0,,,,hainj101,,,,,,,,,carrw101,,,,,,,,,,,0,0,0,0,0,0,0,0,0,0,0,0,schuj101,fourj101,stocm101,janvh101,mchea101,lavad101,dillp101,clemv101,hainj101,7,3,5,4,8,6,9,2,1,kennd102,lyonj101,day-c102,holte101,hewij102,dudld101,charo101,blacc102,0,0,0,0,0,0,0,0,0,0,0,0,0,0,0,0,0,0,0,,0,0,0,0,0,0,0,5,5+,,0,0,32,breit101,blano901,,,,,19201005,exhibition,full
SLG192010050,7,5,0,0,STL11,SLN,SLG,1,0,schuj101,carrw101,1,7,R,R,?,?,??,,,1,1,0,0,0,0,0,0,0,0,0,0,0,0,1,0,1,1,0,0,1,0,0,0,0,0,0,0,0,0,0,0,0,0,0,0,0,0,0,0,0,0,0,0,0,0,0,0,0,0,0,0,1,hainj101,,,hainj101,,,,,,carrw101,,,carrw101,,,,,,,,,,,0,0,0,0,0,0,0,0,0,0,0,0,schuj101,fourj101,stocm101,janvh101,mchea101,lavad101,dillp101,clemv101,hainj101,7,3,5,4,8,6,9,2,1,kennd102,lyonj101,day-c102,holte101,hewij102,dudld101,charo101,blacc102,0,0,0,0,0,0,0,1,0,0,0,0,0,0,0,0,0,0,0,7,7,0,0,0,0,0,0,7,7+,F,0,0,33,breit101,blano901,,,,,19201005,exhibition,full
SLG192010050,S9.1-2,5,0,0,STL11,SLN,SLG,1,0,fourj101,carrw101,2,3,L,R,?,?,??,,,1,1,1,0,0,0,0,0,0,0,0,0,0,0,0,0,0,1,0,0,0,0,0,0,0,0,0,0,0,0,0,0,0,0,0,0,0,0,0,0,0,0,0,0,0,0,0,0,0,0,0,1,1,hainj101,,,fourj101,hainj101,,,,,carrw101,,,carrw101,carrw101,,,,,,,,,,0,0,0,0,0,0,0,0,0,0,0,0,schuj101,fourj101,stocm101,janvh101,mchea101,lavad101,dillp101,clemv101,hainj101,7,3,5,4,8,6,9,2,1,kennd102,lyonj101,day-c102,holte101,hewij102,dudld101,charo101,blacc102,0,0,0,0,0,0,0,0,0,0,0,0,0,0,0,0,0,0,0,,0,0,0,0,0,0,0,9,9+,,0,0,34,breit101,blano901,,,,,19201005,exhibition,full
SLG192010050,W.2-3;1-2,5,0,0,STL11,SLN,SLG,1,0,stocm101,carrw101,3,5,R,R,?,?,??,,,1,0,0,0,0,0,0,0,0,1,0,0,0,0,0,0,0,0,0,0,0,0,0,0,0,0,0,0,0,0,0,0,0,0,0,0,0,0,0,0,0,0,0,0,0,0,0,0,0,0,0,1,1,fourj101,hainj101,,stocm101,fourj101,hainj101,,,,carrw101,carrw101,,carrw101,carrw101,carrw101,,,,,,,,,0,0,0,0,0,0,0,0,0,0,0,0,schuj101,fourj101,stocm101,janvh101,mchea101,lavad101,dillp101,clemv101,hainj101,7,3,5,4,8,6,9,2,1,kennd102,lyonj101,day-c102,holte101,hewij102,dudld101,charo101,blacc102,0,0,0,0,0,0,0,0,0,0,0,0,0,0,0,0,0,0,0,,0,0,0,0,0,0,0,0,,,0,0,35,breit101,blano901,,,,,19201005,exhibition,full
SLG192010050,D7.3-H;2-H;1XH(72),5,0,0,STL11,SLN,SLG,1,0,janvh101,carrw101,4,4,R,R,?,?,??,,,1,1,0,1,0,0,0,0,0,0,0,0,0,0,0,0,0,1,0,0,0,0,0,0,0,0,0,0,0,0,0,0,0,0,0,0,0,0,0,0,0,0,0,0,0,0,0,0,0,0,0,1,2,stocm101,fourj101,hainj101,,janvh101,,,,,carrw101,carrw101,carrw101,,carrw101,,,,fourj101,hainj101,,,carrw101,carrw101,0,0,0,0,0,0,1,1,2,2,2,0,schuj101,fourj101,stocm101,janvh101,mchea101,lavad101,dillp101,clemv101,hainj101,7,3,5,4,8,6,9,2,1,kennd102,lyonj101,day-c102,holte101,hewij102,dudld101,charo101,blacc102,0,0,1,0,0,0,0,0,0,0,0,0,0,0,0,0,1,0,0,72,0,0,0,0,7,0,0,7,7+,,0,0,36,breit101,blano901,,,,,19201005,exhibition,full
SLG192010050,D7.2-H,5,0,0,STL11,SLN,SLG,3,0,mchea101,carrw101,5,8,R,R,?,?,??,,,1,1,0,1,0,0,0,0,0,0,0,0,0,0,0,0,0,1,0,0,0,0,0,0,0,0,0,0,0,0,0,0,0,0,0,0,0,0,0,0,0,0,0,0,0,0,0,0,0,0,0,2,2,,janvh101,,,mchea101,,,,,,carrw101,,,carrw101,,,,janvh101,,,,carrw101,,0,0,0,0,0,0,1,0,1,1,1,0,schuj101,fourj101,stocm101,janvh101,mchea101,lavad101,dillp101,clemv101,hainj101,7,3,5,4,8,6,9,2,1,kennd102,lyonj101,day-c102,holte101,hewij102,dudld101,charo101,blacc102,0,0,0,0,0,0,0,0,0,0,0,0,0,0,0,0,0,0,0,,0,0,0,0,0,0,0,7,7+,,0,0,37,breit101,blano901,,,,,19201005,exhibition,full
SLG192010050,S.2-H,5,0,0,STL11,SLN,SLG,4,0,lavad101,gateb101,6,6,R,R,?,?,??,,,1,1,1,0,0,0,0,0,0,0,0,0,0,0,0,0,0,1,0,0,0,0,0,0,0,0,0,0,0,0,0,0,0,0,0,0,0,0,0,0,0,0,0,0,0,0,0,0,0,0,0,2,2,,mchea101,,lavad101,,,,,,,carrw101,,gateb101,,,,,mchea101,,,,carrw101,,0,0,0,0,0,0,1,0,1,1,1,0,schuj101,fourj101,stocm101,janvh101,mchea101,lavad101,dillp101,clemv101,hainj101,7,3,5,4,8,6,9,2,1,kennd102,lyonj101,day-c102,holte101,hewij102,dudld101,charo101,blacc102,0,0,0,0,0,0,0,0,0,0,0,0,0,0,0,0,0,0,0,,0,0,0,0,0,0,0,0,,,0,0,38,breit101,blano901,,,,,19201005,exhibition,full
SLG192010050,S.1-2,5,0,0,STL11,SLN,SLG,5,0,dillp101,gateb101,7,9,R,R,?,?,??,,,1,1,1,0,0,0,0,0,0,0,0,0,0,0,0,0,0,1,0,0,0,0,0,0,0,0,0,0,0,0,0,0,0,0,0,0,0,0,0,0,0,0,0,0,0,0,0,0,0,0,0,2,2,lavad101,,,dillp101,lavad101,,,,,gateb101,,,gateb101,gateb101,,,,,,,,,,0,0,0,0,0,0,0,0,0,0,0,0,schuj101,fourj101,stocm101,janvh101,mchea101,lavad101,dillp101,clemv101,hainj101,7,3,5,4,8,6,9,2,1,kennd102,lyonj101,day-c102,holte101,hewij102,dudld101,charo101,blacc102,0,0,0,0,0,0,0,0,0,0,0,0,0,0,0,0,0,0,0,,0,0,0,0,0,0,0,0,,,0,0,39,breit101,blano901,,,,,19201005,exhibition,full
SLG192010050,53,5,0,0,STL11,SLN,SLG,5,0,clemv101,gateb101,8,2,R,R,?,?,??,,,1,1,0,0,0,0,0,0,0,0,0,0,0,0,1,0,1,1,0,1,0,0,0,0,0,0,0,0,0,0,0,0,0,0,0,0,0,0,0,0,0,0,0,0,0,0,0,0,0,0,0,2,3,dillp101,lavad101,,,,,lavad101,dillp101,,gateb101,gateb101,,,,,,,,,,,,,0,0,0,0,0,0,0,0,0,0,0,0,schuj101,fourj101,stocm101,janvh101,mchea101,lavad101,dillp101,clemv101,hainj101,7,3,5,4,8,6,9,2,1,kennd102,lyonj101,day-c102,holte101,hewij102,dudld101,charo101,blacc102,0,0,0,1,0,0,0,0,0,0,0,0,0,0,1,0,0,0,0,53,5,0,0,0,0,0,0,5,3+,G,0,0,40,breit101,blano901,,,,,19201005,exhibition,full
SLG192010050,3/P,5,1,1,STL11,SLG,SLN,5,0,blacc102,hainj101,4,9,L,R,?,?,??,,,1,1,0,0,0,0,0,0,0,0,0,0,0,0,1,0,1,1,0,0,1,0,0,0,0,0,0,0,0,0,0,0,0,0,0,0,0,0,0,0,0,0,0,0,0,0,0,0,0,0,0,0,1,,,,,,,,,,,,,,,,,,,,,,,,0,0,0,0,0,0,0,0,0,0,0,0,lyonj101,hewij102,charo101,blacc102,dudld101,kennd102,day-c102,holte101,gateb101,3,6,8,9,7,2,4,5,1,clemv101,fourj101,janvh101,stocm101,lavad101,schuj101,mchea101,dillp101,0,0,0,1,0,0,0,0,0,0,0,0,0,0,0,0,0,0,0,3,3,0,0,0,0,0,0,3,,P,0,0,41,breit101,blano901,,,,,19201005,exhibition,full
SLG192010050,3/P,5,1,1,STL11,SLG,SLN,5,0,dudld101,hainj101,5,7,L,R,?,?,??,,,1,1,0,0,0,0,0,0,0,0,0,0,0,0,1,0,1,1,0,0,1,0,0,0,0,0,0,0,0,0,0,0,0,0,0,0,0,0,0,0,0,0,0,0,0,0,0,0,0,0,0,1,2,,,,,,,,,,,,,,,,,,,,,,,,0,0,0,0,0,0,0,0,0,0,0,0,lyonj101,hewij102,charo101,blacc102,dudld101,kennd102,day-c102,holte101,gateb101,3,6,8,9,7,2,4,5,1,clemv101,fourj101,janvh101,stocm101,lavad101,schuj101,mchea101,dillp101,0,0,0,1,0,0,0,0,0,0,0,0,0,0,0,0,0,0,0,3,3,0,0,0,0,0,0,3,,P,0,0,42,breit101,blano901,,,,,19201005,exhibition,full
SLG192010050,8,5,1,1,STL11,SLG,SLN,5,0,kennd102,hainj101,6,2,R,R,?,?,??,,,1,1,0,0,0,0,0,0,0,0,0,0,0,0,1,0,1,1,0,0,1,0,0,0,0,0,0,0,0,0,0,0,0,0,0,0,0,0,0,0,0,0,0,0,0,0,0,0,0,0,0,2,3,,,,,,,,,,,,,,,,,,,,,,,,0,0,0,0,0,0,0,0,0,0,0,0,lyonj101,hewij102,charo101,blacc102,dudld101,kennd102,day-c102,holte101,gateb101,3,6,8,9,7,2,4,5,1,clemv101,fourj101,janvh101,stocm101,lavad101,schuj101,mchea101,dillp101,0,0,0,0,0,0,0,0,1,0,0,0,0,0,0,0,0,0,0,8,8,0,0,0,0,0,0,8,8+,F,0,0,43,breit101,blano901,,,,,19201005,exhibition,full
SLG192010050,7,6,0,0,STL11,SLN,SLG,5,0,hainj101,gateb101,9,1,R,R,?,?,??,,,1,1,0,0,0,0,0,0,0,0,0,0,0,0,1,0,1,1,0,0,1,0,0,0,0,0,0,0,0,0,0,0,0,0,0,0,0,0,0,0,0,0,0,0,0,0,0,0,0,0,0,0,1,,,,,,,,,,,,,,,,,,,,,,,,0,0,0,0,0,0,0,0,0,0,0,0,schuj101,fourj101,stocm101,janvh101,mchea101,lavad101,dillp101,clemv101,hainj101,7,3,5,4,8,6,9,2,1,kennd102,lyonj101,day-c102,holte101,hewij102,dudld101,charo101,blacc102,0,0,0,0,0,0,0,1,0,0,0,0,0,0,0,0,0,0,0,7,7,0,0,0,0,0,0,7,7+,F,0,0,44,breit101,blano901,,,,,19201005,exhibition,full
SLG192010050,7,6,0,0,STL11,SLN,SLG,5,0,schuj101,gateb101,1,7,R,R,?,?,??,,,1,1,0,0,0,0,0,0,0,0,0,0,0,0,1,0,1,1,0,0,1,0,0,0,0,0,0,0,0,0,0,0,0,0,0,0,0,0,0,0,0,0,0,0,0,0,0,0,0,0,0,1,2,,,,,,,,,,,,,,,,,,,,,,,,0,0,0,0,0,0,0,0,0,0,0,0,schuj101,fourj101,stocm101,janvh101,mchea101,lavad101,dillp101,clemv101,hainj101,7,3,5,4,8,6,9,2,1,kennd102,lyonj101,day-c102,holte101,hewij102,dudld101,charo101,blacc102,0,0,0,0,0,0,0,1,0,0,0,0,0,0,0,0,0,0,0,7,7,0,0,0,0,0,0,7,7+,F,0,0,45,breit101,blano901,,,,,19201005,exhibition,full
SLG192010050,K,6,0,0,STL11,SLN,SLG,5,0,fourj101,gateb101,2,3,L,R,?,?,??,,,1,1,0,0,0,0,0,0,0,0,1,0,0,0,0,0,0,0,0,0,0,0,0,0,0,0,0,0,0,0,0,0,0,0,0,0,0,0,0,0,0,0,0,0,0,0,0,0,0,0,0,2,3,,,,,,,,,,,,,,,,,,,,,,,,0,0,0,0,0,0,0,0,0,0,0,0,schuj101,fourj101,stocm101,janvh101,mchea101,lavad101,dillp101,clemv101,hainj101,7,3,5,4,8,6,9,2,1,kennd102,lyonj101,day-c102,holte101,hewij102,dudld101,charo101,blacc102,0,0,1,0,0,0,0,0,0,0,0,0,0,0,0,0,0,0,0,2,0,0,0,0,0,0,0,0,,,0,0,46,breit101,blano901,,,,,19201005,exhibition,full
SLG192010050,K,6,1,1,STL11,SLG,SLN,5,0,day-c102,hainj101,7,4,R,R,?,?,??,,,1,1,0,0,0,0,0,0,0,0,1,0,0,0,0,0,0,0,0,0,0,0,0,0,0,0,0,0,0,0,0,0,0,0,0,0,0,0,0,0,0,0,0,0,0,0,0,0,0,0,0,0,1,,,,,,,,,,,,,,,,,,,,,,,,0,0,0,0,0,0,0,0,0,0,0,0,lyonj101,hewij102,charo101,blacc102,dudld101,kennd102,day-c102,holte101,gateb101,3,6,8,9,7,2,4,5,1,clemv101,fourj101,janvh101,stocm101,lavad101,schuj101,mchea101,dillp101,0,0,1,0,0,0,0,0,0,0,0,0,0,0,0,0,0,0,0,2,0,0,0,0,0,0,0,0,,,0,0,47,breit101,blano901,,,,,19201005,exhibition,full
SLG192010050,13,6,1,1,STL11,SLG,SLN,5,0,holte101,hainj101,8,5,R,R,?,?,??,,,1,1,0,0,0,0,0,0,0,0,0,0,0,0,1,0,1,1,0,1,0,0,0,0,0,0,0,0,0,0,0,0,0,0,0,0,0,0,0,0,0,0,0,0,0,0,0,0,0,0,0,1,2,,,,,,,,,,,,,,,,,,,,,,,,0,0,0,0,0,0,0,0,0,0,0,0,lyonj101,hewij102,charo101,blacc102,dudld101,kennd102,day-c102,holte101,gateb101,3,6,8,9,7,2,4,5,1,clemv101,fourj101,janvh101,stocm101,lavad101,schuj101,mchea101,dillp101,0,0,0,1,0,0,0,0,0,0,1,0,0,0,0,0,0,0,0,13,1,0,0,0,0,0,0,1,13+,G,0,0,48,breit101,blano901,,,,,19201005,exhibition,full
SLG192010050,S8,6,1,1,STL11,SLG,SLN,5,0,gateb101,hainj101,9,1,R,R,?,?,??,,,1,1,1,0,0,0,0,0,0,0,0,0,0,0,0,0,0,1,0,0,0,0,0,0,0,0,0,0,0,0,0,0,0,0,0,0,0,0,0,0,0,0,0,0,0,0,0,0,0,0,0,2,2,,,,gateb101,,,,,,,,,hainj101,,,,,,,,,,,0,0,0,0,0,0,0,0,0,0,0,0,lyonj101,hewij102,charo101,blacc102,dudld101,kennd102,day-c102,holte101,gateb101,3,6,8,9,7,2,4,5,1,clemv101,fourj101,janvh101,stocm101,lavad101,schuj101,mchea101,dillp101,0,0,0,0,0,0,0,0,0,0,0,0,0,0,0,0,0,0,0,,0,0,0,0,0,0,0,8,8+,,0,0,49,breit101,blano901,,,,,19201005,exhibition,full
SLG192010050,SB2,6,1,1,STL11,SLG,SLN,5,0,lyonj101,hainj101,1,3,L,R,?,?,??,,,0,0,0,0,0,0,0,0,0,0,0,0,0,0,0,0,0,0,0,0,0,0,0,0,0,0,0,0,0,0,0,0,1,0,0,0,0,0,0,0,0,0,0,0,0,0,0,0,0,0,0,2,2,gateb101,,,,gateb101,,,,,hainj101,,,,hainj101,,,,,,,,,,0,0,0,0,0,0,0,0,0,0,0,0,lyonj101,hewij102,charo101,blacc102,dudld101,kennd102,day-c102,holte101,gateb101,3,6,8,9,7,2,4,5,1,clemv101,fourj101,janvh101,stocm101,lavad101,schuj101,mchea101,dillp101,0,0,0,0,0,0,0,0,0,0,0,0,0,0,0,0,0,0,0,,0,0,0,0,0,0,0,0,,,0,0,50,breit101,blano901,,,,,19201005,exhibition,full
SLG192010050,K,6,1,1,STL11,SLG,SLN,5,0,lyonj101,hainj101,1,3,L,R,?,?,??,,,1,1,0,0,0,0,0,0,0,0,1,0,0,0,0,0,0,0,0,0,0,0,0,0,0,0,0,0,0,0,0,0,0,0,0,0,0,0,0,0,0,0,0,0,0,0,0,0,0,0,0,2,3,,gateb101,,,,,gateb101,,,,hainj101,,,,,,,,,,,,,0,0,0,0,0,0,0,0,0,0,0,0,lyonj101,hewij102,charo101,blacc102,dudld101,kennd102,day-c102,holte101,gateb101,3,6,8,9,7,2,4,5,1,clemv101,fourj101,janvh101,stocm101,lavad101,schuj101,mchea101,dillp101,0,0,1,0,0,0,0,0,0,0,0,0,0,0,0,0,0,0,0,2,0,0,0,0,0,0,0,0,,,0,0,51,breit101,blano901,,,,,19201005,exhibition,full
SLG192010050,13,7,0,0,STL11,SLN,SLG,5,0,stocm101,gateb101,3,5,R,R,?,?,??,,,1,1,0,0,0,0,0,0,0,0,0,0,0,0,1,0,1,1,0,1,0,0,0,0,0,0,0,0,0,0,0,0,0,0,0,0,0,0,0,0,0,0,0,0,0,0,0,0,0,0,0,0,1,,,,,,,,,,,,,,,,,,,,,,,,0,0,0,0,0,0,0,0,0,0,0,0,schuj101,fourj101,stocm101,janvh101,mchea101,lavad101,dillp101,clemv101,hainj101,7,3,5,4,8,6,9,2,1,kennd102,lyonj101,day-c102,holte101,hewij102,dudld101,charo101,blacc102,0,0,0,1,0,0,0,0,0,0,1,0,0,0,0,0,0,0,0,13,1,0,0,0,0,0,0,1,13+,G,0,0,52,breit101,blano901,,,,,19201005,exhibition,full
SLG192010050,3/G,7,0,0,STL11,SLN,SLG,5,0,janvh101,gateb101,4,4,R,R,?,?,??,,,1,1,0,0,0,0,0,0,0,0,0,0,0,0,1,0,1,1,0,1,0,0,0,0,0,0,0,0,0,0,0,0,0,0,0,0,0,0,0,0,0,0,0,0,0,0,0,0,0,0,0,1,2,,,,,,,,,,,,,,,,,,,,,,,,0,0,0,0,0,0,0,0,0,0,0,0,schuj101,fourj101,stocm101,janvh101,mchea101,lavad101,dillp101,clemv101,hainj101,7,3,5,4,8,6,9,2,1,kennd102,lyonj101,day-c102,holte101,hewij102,dudld101,charo101,blacc102,0,0,0,1,0,0,0,0,0,0,0,0,0,0,0,0,0,0,0,3,3,0,0,0,0,0,0,3,,G,0,0,53,breit101,blano901,,,,,19201005,exhibition,full
SLG192010050,D7.BX3(75),7,0,0,STL11,SLN,SLG,5,0,mchea101,gateb101,5,8,R,R,?,?,??,,,1,1,0,1,0,0,0,0,0,0,0,0,0,0,0,0,0,1,0,0,0,0,0,0,0,0,0,0,0,0,0,0,0,0,0,0,0,0,0,0,0,0,0,0,0,0,0,0,0,0,0,2,3,,,,,,,,,,,,,,,,,,,,,,,,0,0,0,0,0,0,0,0,0,0,0,0,schuj101,fourj101,stocm101,janvh101,mchea101,lavad101,dillp101,clemv101,hainj101,7,3,5,4,8,6,9,2,1,kennd102,lyonj101,day-c102,holte101,hewij102,dudld101,charo101,blacc102,0,0,0,0,0,1,0,0,0,0,0,0,0,0,0,0,1,0,0,75,0,0,0,7,0,0,0,7,7+,,0,0,54,breit101,blano901,,,,,19201005,exhibition,full
SLG192010050,S7,7,1,1,STL11,SLG,SLN,5,0,hewij102,hainj101,2,6,L,R,?,?,??,,,1,1,1,0,0,0,0,0,0,0,0,0,0,0,0,0,0,1,0,0,0,0,0,0,0,0,0,0,0,0,0,0,0,0,0,0,0,0,0,0,0,0,0,0,0,0,0,0,0,0,0,0,0,,,,hewij102,,,,,,,,,hainj101,,,,,,,,,,,0,0,0,0,0,0,0,0,0,0,0,0,lyonj101,hewij102,charo101,blacc102,dudld101,kennd102,day-c102,holte101,gateb101,3,6,8,9,7,2,4,5,1,clemv101,fourj101,janvh101,stocm101,lavad101,schuj101,mchea101,dillp101,0,0,0,0,0,0,0,0,0,0,0,0,0,0,0,0,0,0,0,,0,0,0,0,0,0,0,7,7+,,0,0,55,breit101,blano901,,,,,19201005,exhibition,full
SLG192010050,8,7,1,1,STL11,SLG,SLN,5,0,charo101,hainj101,3,8,L,R,?,?,??,,,1,1,0,0,0,0,0,0,0,0,0,0,0,0,1,0,1,1,0,0,1,0,0,0,0,0,0,0,0,0,0,0,0,0,0,0,0,0,0,0,0,0,0,0,0,0,0,0,0,0,0,0,1,hewij102,,,hewij102,,,,,,hainj101,,,hainj101,,,,,,,,,,,0,0,0,0,0,0,0,0,0,0,0,0,lyonj101,hewij102,charo101,blacc102,dudld101,kennd102,day-c102,holte101,gateb101,3,6,8,9,7,2,4,5,1,clemv101,fourj101,janvh101,stocm101,lavad101,schuj101,mchea101,dillp101,0,0,0,0,0,0,0,0,1,0,0,0,0,0,0,0,0,0,0,8,8,0,0,0,0,0,0,8,8+,F,0,0,56,breit101,blano901,,,,,19201005,exhibition,full
SLG192010050,63.1-2,7,1,1,STL11,SLG,SLN,5,0,blacc102,hainj101,4,9,L,R,?,?,??,,,1,1,0,0,0,0,0,0,0,0,0,0,0,0,1,0,1,1,0,1,0,0,0,0,0,0,0,0,0,0,0,0,0,0,0,0,0,0,0,0,0,0,0,0,0,0,0,0,0,0,0,1,2,hewij102,,,,hewij102,,,,,hainj101,,,,hainj101,,,,,,,,,,0,0,0,0,0,0,0,0,0,0,0,0,lyonj101,hewij102,charo101,blacc102,dudld101,kennd102,day-c102,holte101,gateb101,3,6,8,9,7,2,4,5,1,clemv101,fourj101,janvh101,stocm101,lavad101,schuj101,mchea101,dillp101,0,0,0,1,0,0,0,0,0,0,0,0,0,0,0,1,0,0,0,63,6,0,0,0,0,0,0,6,3+,G,0,0,57,breit101,blano901,,,,,19201005,exhibition,full
SLG192010050,53,7,1,1,STL11,SLG,SLN,5,0,dudld101,hainj101,5,7,L,R,?,?,??,,,1,1,0,0,0,0,0,0,0,0,0,0,0,0,1,0,1,1,0,1,0,0,0,0,0,0,0,0,0,0,0,0,0,0,0,0,0,0,0,0,0,0,0,0,0,0,0,0,0,0,0,2,3,,hewij102,,,,,hewij102,,,,hainj101,,,,,,,,,,,,,0,0,0,0,0,0,0,0,0,0,0,0,lyonj101,hewij102,charo101,blacc102,dudld101,kennd102,day-c102,holte101,gateb101,3,6,8,9,7,2,4,5,1,clemv101,fourj101,janvh101,stocm101,lavad101,schuj101,mchea101,dillp101,0,0,0,1,0,0,0,0,0,0,0,0,0,0,1,0,0,0,0,53,5,0,0,0,0,0,0,5,3+,G,0,0,58,breit101,blano901,,,,,19201005,exhibition,full
SLG192010050,5,8,0,0,STL11,SLN,SLG,5,0,lavad101,gateb101,6,6,R,R,?,?,??,,,1,1,0,0,0,0,0,0,0,0,0,0,0,0,1,0,1,1,0,0,1,0,0,0,0,0,0,0,0,0,0,0,0,0,0,0,0,0,0,0,0,0,0,0,0,0,0,0,0,0,0,0,1,,,,,,,,,,,,,,,,,,,,,,,,0,0,0,0,0,0,0,0,0,0,0,0,schuj101,fourj101,stocm101,janvh101,mchea101,lavad101,dillp101,clemv101,hainj101,7,3,5,4,8,6,9,2,1,kennd102,lyonj101,day-c102,holte101,hewij102,dudld101,charo101,blacc102,0,0,0,0,0,1,0,0,0,0,0,0,0,0,0,0,0,0,0,5,5,0,0,0,0,0,0,5,5+,F,0,0,59,breit101,blano901,,,,,19201005,exhibition,full
SLG192010050,E4,8,0,0,STL11,SLN,SLG,5,0,dillp101,gateb101,7,9,R,R,?,?,??,,,1,1,0,0,0,0,0,0,0,0,0,0,1,0,0,0,0,1,0,1,0,0,0,0,0,0,0,0,0,0,0,0,0,0,0,0,0,0,0,0,0,0,0,0,0,1,0,0,0,0,0,1,1,,,,dillp101,,,,,,,,,gateb101,,,,,,,,,,,0,0,0,0,0,0,0,0,0,0,0,0,schuj101,fourj101,stocm101,janvh101,mchea101,lavad101,dillp101,clemv101,hainj101,7,3,5,4,8,6,9,2,1,kennd102,lyonj101,day-c102,holte101,hewij102,dudld101,charo101,blacc102,0,0,0,0,0,0,0,0,0,0,0,0,0,0,0,0,0,0,0,,0,0,0,0,0,0,0,4,4+,G,0,0,60,breit101,blano901,,,,,19201005,exhibition,full
SLG192010050,BK.1-2,8,0,0,STL11,SLN,SLG,5,0,clemv101,gateb101,8,2,R,R,?,?,??,,,0,0,0,0,0,0,0,0,0,0,0,0,0,0,0,0,0,0,0,0,0,0,0,0,0,0,0,0,0,1,0,0,0,0,0,0,0,0,0,0,0,0,0,0,0,0,0,0,0,0,0,1,1,dillp101,,,,dillp101,,,,,gateb101,,,,gateb101,,,,,,,,,,0,0,0,0,0,0,0,0,0,0,0,0,schuj101,fourj101,stocm101,janvh101,mchea101,lavad101,dillp101,clemv101,hainj101,7,3,5,4,8,6,9,2,1,kennd102,lyonj101,day-c102,holte101,hewij102,dudld101,charo101,blacc102,0,0,0,0,0,0,0,0,0,0,0,0,0,0,0,0,0,0,0,,0,0,0,0,0,0,0,0,,,0,0,61,breit101,blano901,,,,,19201005,exhibition,full
SLG192010050,WP.2-3,8,0,0,STL11,SLN,SLG,5,0,clemv101,gateb101,8,2,R,R,?,?,??,,,0,0,0,0,0,0,0,0,0,0,0,0,0,0,0,0,0,0,0,0,0,0,0,0,0,0,0,1,0,0,0,0,0,0,0,0,0,0,0,0,0,0,0,0,0,0,0,0,0,0,0,1,1,,dillp101,,,,dillp101,,,,,gateb101,,,,gateb101,,,,,,,,,0,0,0,0,0,0,0,0,0,0,0,0,schuj101,fourj101,stocm101,janvh101,mchea101,lavad101,dillp101,clemv101,hainj101,7,3,5,4,8,6,9,2,1,kennd102,lyonj101,day-c102,holte101,hewij102,dudld101,charo101,blacc102,0,0,0,0,0,0,0,0,0,0,0,0,0,0,0,0,0,0,0,,0,0,0,0,0,0,0,0,,,0,0,62,breit101,blano901,,,,,19201005,exhibition,full
SLG192010050,FC5/DP.3XH(52);BX1(23),8,0,0,STL11,SLN,SLG,5,0,clemv101,gateb101,8,2,R,R,?,?,??,,,1,1,0,0,0,0,0,0,0,0,0,0,0,1,0,0,0,1,0,1,0,0,0,0,1,0,0,0,0,0,0,0,0,0,0,0,0,0,0,0,0,0,0,0,0,0,0,0,0,0,0,1,3,,,dillp101,,,,,,,,,gateb101,,,,,,,,,,,,0,0,0,0,0,0,0,0,0,0,0,0,schuj101,fourj101,stocm101,janvh101,mchea101,lavad101,dillp101,clemv101,hainj101,7,3,5,4,8,6,9,2,1,kennd102,lyonj101,day-c102,holte101,hewij102,dudld101,charo101,blacc102,0,0,1,1,0,0,0,0,0,0,0,1,0,0,1,0,0,0,0,523,0,0,0,2,0,0,5,5,,G,0,0,63,breit101,blano901,,,,,19201005,exhibition,full
SLG192010050,43,8,1,1,STL11,SLG,SLN,5,0,kennd102,hainj101,6,2,R,R,?,?,??,,,1,1,0,0,0,0,0,0,0,0,0,0,0,0,1,0,1,1,0,1,0,0,0,0,0,0,0,0,0,0,0,0,0,0,0,0,0,0,0,0,0,0,0,0,0,0,0,0,0,0,0,0,1,,,,,,,,,,,,,,,,,,,,,,,,0,0,0,0,0,0,0,0,0,0,0,0,lyonj101,hewij102,charo101,blacc102,dudld101,kennd102,day-c102,holte101,gateb101,3,6,8,9,7,2,4,5,1,clemv101,fourj101,janvh101,stocm101,lavad101,schuj101,mchea101,dillp101,0,0,0,1,0,0,0,0,0,0,0,0,0,1,0,0,0,0,0,43,4,0,0,0,0,0,0,4,3+,G,0,0,64,breit101,blano901,,,,,19201005,exhibition,full
SLG192010050,K,8,1,1,STL11,SLG,SLN,5,0,day-c102,hainj101,7,4,R,R,?,?,??,,,1,1,0,0,0,0,0,0,0,0,1,0,0,0,0,0,0,0,0,0,0,0,0,0,0,0,0,0,0,0,0,0,0,0,0,0,0,0,0,0,0,0,0,0,0,0,0,0,0,0,0,1,2,,,,,,,,,,,,,,,,,,,,,,,,0,0,0,0,0,0,0,0,0,0,0,0,lyonj101,hewij102,charo101,blacc102,dudld101,kennd102,day-c102,holte101,gateb101,3,6,8,9,7,2,4,5,1,clemv101,fourj101,janvh101,stocm101,lavad101,schuj101,mchea101,dillp101,0,0,1,0,0,0,0,0,0,0,0,0,0,0,0,0,0,0,0,2,0,0,0,0,0,0,0,0,,,0,0,65,breit101,blano901,,,,,19201005,exhibition,full
SLG192010050,43,8,1,1,STL11,SLG,SLN,5,0,holte101,hainj101,8,5,R,R,?,?,??,,,1,1,0,0,0,0,0,0,0,0,0,0,0,0,1,0,1,1,0,1,0,0,0,0,0,0,0,0,0,0,0,0,0,0,0,0,0,0,0,0,0,0,0,0,0,0,0,0,0,0,0,2,3,,,,,,,,,,,,,,,,,,,,,,,,0,0,0,0,0,0,0,0,0,0,0,0,lyonj101,hewij102,charo101,blacc102,dudld101,kennd102,day-c102,holte101,gateb101,3,6,8,9,7,2,4,5,1,clemv101,fourj101,janvh101,stocm101,lavad101,schuj101,mchea101,dillp101,0,0,0,1,0,0,0,0,0,0,0,0,0,1,0,0,0,0,0,43,4,0,0,0,0,0,0,4,3+,G,0,0,66,breit101,blano901,,,,,19201005,exhibition,full
SLG192010050,9,9,0,0,STL11,SLN,SLG,5,0,hainj101,gateb101,9,1,R,R,?,?,??,,,1,1,0,0,0,0,0,0,0,0,0,0,0,0,1,0,1,1,0,0,1,0,0,0,0,0,0,0,0,0,0,0,0,0,0,0,0,0,0,0,0,0,0,0,0,0,0,0,0,0,0,0,1,,,,,,,,,,,,,,,,,,,,,,,,0,0,0,0,0,0,0,0,0,0,0,0,schuj101,fourj101,stocm101,janvh101,mchea101,lavad101,dillp101,clemv101,hainj101,7,3,5,4,8,6,9,2,1,kennd102,lyonj101,day-c102,holte101,hewij102,dudld101,charo101,blacc102,0,0,0,0,0,0,0,0,0,1,0,0,0,0,0,0,0,0,0,9,9,0,0,0,0,0,0,9,9+,F,0,0,67,breit101,blano901,,,,,19201005,exhibition,full
SLG192010050,53,9,0,0,STL11,SLN,SLG,5,0,schuj101,gateb101,1,7,R,R,?,?,??,,,1,1,0,0,0,0,0,0,0,0,0,0,0,0,1,0,1,1,0,1,0,0,0,0,0,0,0,0,0,0,0,0,0,0,0,0,0,0,0,0,0,0,0,0,0,0,0,0,0,0,0,1,2,,,,,,,,,,,,,,,,,,,,,,,,0,0,0,0,0,0,0,0,0,0,0,0,schuj101,fourj101,stocm101,janvh101,mchea101,lavad101,dillp101,clemv101,hainj101,7,3,5,4,8,6,9,2,1,kennd102,lyonj101,day-c102,holte101,hewij102,dudld101,charo101,blacc102,0,0,0,1,0,0,0,0,0,0,0,0,0,0,1,0,0,0,0,53,5,0,0,0,0,0,0,5,3+,G,0,0,68,breit101,blano901,,,,,19201005,exhibition,full
SLG192010050,43,9,0,0,STL11,SLN,SLG,5,0,fourj101,gateb101,2,3,L,R,?,?,??,,,1,1,0,0,0,0,0,0,0,0,0,0,0,0,1,0,1,1,0,1,0,0,0,0,0,0,0,0,0,0,0,0,0,0,0,0,0,0,0,0,0,0,0,0,0,0,0,0,0,0,0,2,3,,,,,,,,,,,,,,,,,,,,,,,,0,0,0,0,0,0,0,0,0,0,0,0,schuj101,fourj101,stocm101,janvh101,mchea101,lavad101,dillp101,clemv101,hainj101,7,3,5,4,8,6,9,2,1,kennd102,lyonj101,day-c102,holte101,hewij102,dudld101,charo101,blacc102,0,0,0,1,0,0,0,0,0,0,0,0,0,1,0,0,0,0,0,43,4,0,0,0,0,0,0,4,3+,G,0,0,69,breit101,blano901,,,,,19201005,exhibition,full
SLG192010050,63,9,1,1,STL11,SLG,SLN,5,0,gateb101,hainj101,9,1,R,R,?,?,??,,,1,1,0,0,0,0,0,0,0,0,0,0,0,0,1,0,1,1,0,1,0,0,0,0,0,0,0,0,0,0,0,0,0,0,0,0,0,0,0,0,0,0,0,0,0,0,0,0,0,0,0,0,1,,,,,,,,,,,,,,,,,,,,,,,,0,0,0,0,0,0,0,0,0,0,0,0,lyonj101,hewij102,charo101,blacc102,dudld101,kennd102,day-c102,holte101,gateb101,3,6,8,9,7,2,4,5,1,clemv101,fourj101,janvh101,stocm101,lavad101,schuj101,mchea101,dillp101,0,0,0,1,0,0,0,0,0,0,0,0,0,0,0,1,0,0,0,63,6,0,0,0,0,0,0,6,3+,G,0,0,70,breit101,blano901,,,,,19201005,exhibition,full
SLG192010050,W,9,1,1,STL11,SLG,SLN,5,0,lyonj101,hainj101,1,3,L,R,?,?,??,,,1,0,0,0,0,0,0,0,0,1,0,0,0,0,0,0,0,0,0,0,0,0,0,0,0,0,0,0,0,0,0,0,0,0,0,0,0,0,0,0,0,0,0,0,0,0,0,0,0,0,0,1,1,,,,lyonj101,,,,,,,,,hainj101,,,,,,,,,,,0,0,0,0,0,0,0,0,0,0,0,0,lyonj101,hewij102,charo101,blacc102,dudld101,kennd102,day-c102,holte101,gateb101,3,6,8,9,7,2,4,5,1,clemv101,fourj101,janvh101,stocm101,lavad101,schuj101,mchea101,dillp101,0,0,0,0,0,0,0,0,0,0,0,0,0,0,0,0,0,0,0,,0,0,0,0,0,0,0,0,,,0,0,71,breit101,blano901,,,,,19201005,exhibition,full
SLG192010050,8,9,1,1,STL11,SLG,SLN,5,0,hewij102,hainj101,2,6,L,R,?,?,??,,,1,1,0,0,0,0,0,0,0,0,0,0,0,0,1,0,1,1,0,0,1,0,0,0,0,0,0,0,0,0,0,0,0,0,0,0,0,0,0,0,0,0,0,0,0,0,0,0,0,0,0,1,2,lyonj101,,,lyonj101,,,,,,hainj101,,,hainj101,,,,,,,,,,,0,0,0,0,0,0,0,0,0,0,0,0,lyonj101,hewij102,charo101,blacc102,dudld101,kennd102,day-c102,holte101,gateb101,3,6,8,9,7,2,4,5,1,clemv101,fourj101,janvh101,stocm101,lavad101,schuj101,mchea101,dillp101,0,0,0,0,0,0,0,0,1,0,0,0,0,0,0,0,0,0,0,8,8,0,0,0,0,0,0,8,8+,F,0,0,72,breit101,blano901,,,,,19201005,exhibition,full
SLG192010050,7,9,1,1,STL11,SLG,SLN,5,0,charo101,hainj101,3,8,L,R,?,?,??,,,1,1,0,0,0,0,0,0,0,0,0,0,0,0,1,0,1,1,0,0,1,0,0,0,0,0,0,0,0,0,0,0,0,0,0,0,0,0,0,0,0,0,0,0,0,0,0,0,0,0,0,2,3,lyonj101,,,,,,lyonj101,,,hainj101,,,,,,,,,,,,,,0,0,0,0,0,0,0,0,0,0,0,0,lyonj101,hewij102,charo101,blacc102,dudld101,kennd102,day-c102,holte101,gateb101,3,6,8,9,7,2,4,5,1,clemv101,fourj101,janvh101,stocm101,lavad101,schuj101,mchea101,dillp101,0,0,0,0,0,0,0,1,0,0,0,0,0,0,0,0,0,0,0,7,7,0,0,0,0,0,0,7,7+,F,0,0,73,breit101,blano901,,,,,19201005,exhibition,full
