gid,id,team,b_lp,b_seq,stattype,b_pa,b_ab,b_r,b_h,b_d,b_t,b_hr,b_rbi,b_sh,b_sf,b_hbp,b_w,b_iw,b_k,b_sb,b_cs,b_gdp,b_xi,b_roe,dh,ph,pr,date,number,site,vishome,opp,win,loss,tie,gametype,box,pbp,eject
PH6193605280,garrt101,PH6,2,1,value,2,2,0,0,0,0,0,0,0,0,0,0,0,0,0,0,0,0,0,,,,19360528,0,PHI16,h,PH5,0,1,0,exhibition,y,d,
NY6193606212,garrt101,PH6,5,2,value,0,0,0,0,0,0,0,,0,,0,0,,,0,,,,,,,,19360621,2,NYC25,v,NY6,0,1,0,exhibition,y,,
NY5193607030,garrt101,PH6,1,1,value,4,4,0,0,,,,,,,,,,,,,,,,,,,19360703,0,NYA01,v,NY5,0,1,0,exhibition,y,,
NW2193607070,garrt101,PH6,6,1,value,3,3,0,0,0,0,0,0,0,0,0,0,0,,0,0,0,0,0,,,,19360707,0,NWK04,v,NW2,0,1,0,exhibition,y,d,
NY6193608220,garrt101,PH6,7,1,value,4,3,0,1,0,0,0,1,0,0,0,1,0,,0,0,0,0,0,,,,19360822,0,PAT01,v,NY6,0,1,0,exhibition,y,d,
