gid,id,team,d_seq,d_pos,stattype,d_ifouts,d_po,d_a,d_e,d_dp,d_tp,d_pb,d_wp,d_sb,d_cs,d_gs,date,number,site,vishome,opp,win,loss,tie,gametype,box,pbp,eject
PRG193410130,doerh101,PIR,1,2,value,6,3,0,0,0,0,0,0,1,0,0,19341013,0,LOS05,v,PRG,0,1,0,exhibition,y,y,
PRG193410142,doerh101,PIR,1,2,value,15,,,0,,0,,,,,1,19341014,2,LOS05,v,PRG,1,0,0,exhibition,,,
PRG193410282,doerh101,PIR,1,2,value,12,,,0,,0,,,,,1,19341028,2,LOS05,v,PRG,0,1,0,exhibition,,,
PRK194211220,doerh101,PRK,1,2,value,,1,1,0,1,0,0,,,,,19421122,0,SAN03,h,PRG,0,1,0,exhibition,y,,
PRK194510030,doerh101,PRK,1,2,value,6,2,0,1,0,0,0,0,0,0,0,19451003,0,SAN03,h,KCR,0,1,0,exhibition,y,d,
PRK194510210,doerh101,PRK,1,2,value,3,1,0,0,0,0,0,0,0,0,0,19451021,0,SAN03,h,KCR,0,1,0,exhibition,y,d,
