gid,id,team,d_seq,d_pos,stattype,d_ifouts,d_po,d_a,d_e,d_dp,d_tp,d_pb,d_wp,d_sb,d_cs,d_gs,date,number,site,vishome,opp,win,loss,tie,gametype,box,pbp,eject
NSH193209180,hendl101,NSH,1,5,value,27,0,2,0,0,0,,,,,1,19320918,0,NSH02,h,CAG,0,1,0,lcs,y,,
NSH193210060,hendl101,NSH,1,5,value,27,0,1,1,0,0,,,,,1,19321006,0,NSH02,h,CAG,0,1,0,lcs,y,,
SAS193509290,hendl101,SAS,1,5,value,,0,0,0,0,0,,,,,,19350929,0,MEM03,h,NAS,0,1,0,allstar,y,,
BLG193804170,hendl101,BFA,1,6,value,24,0,1,1,1,0,,,,,1,19380417,0,JAC02,v,BLG,0,1,0,exhibition,y,d,
WBS193805150,hendl101,BFA,1,3,value,5,2,0,0,0,0,,,,,0,19380515,0,WAS09,v,WBS,0,1,0,exhibition,y,d,
