gid,id,team,d_seq,d_pos,stattype,d_ifouts,d_po,d_a,d_e,d_dp,d_tp,d_pb,d_wp,d_sb,d_cs,d_gs,date,number,site,vishome,opp,win,loss,tie,gametype,box,pbp
CV9194003240,greel102,SNO,1,7,value,24,,,0,0,0,,,,,1,19400324,0,JKV01,v,CV9,0,1,0,exhibition,y,
CV9194003240,riddm101,SNO,1,4,value,24,,,0,0,0,,,,,1,19400324,0,JKV01,v,CV9,0,1,0,exhibition,y,
CV9194003240,armob101,SNO,1,6,value,,,,0,0,0,,,,,1,19400324,0,JKV01,v,CV9,0,1,0,exhibition,y,
CV9194003240,hayec101,SNO,1,6,value,,,,0,0,0,,,,,,19400324,0,JKV01,v,CV9,0,1,0,exhibition,y,
CV9194003240,fordj101,SNO,1,5,value,24,,,0,0,0,,,,,1,19400324,0,JKV01,v,CV9,0,1,0,exhibition,y,
CV9194003240,maywe101,SNO,1,3,value,24,,,0,0,0,,,,,1,19400324,0,JKV01,v,CV9,0,1,0,exhibition,y,
CV9194003240,smite111,SNO,1,8,value,24,,,0,0,0,,,,,1,19400324,0,JKV01,v,CV9,0,1,0,exhibition,y,
CV9194003240,mcalf101,SNO,1,9,value,24,,,0,0,0,,,,,1,19400324,0,JKV01,v,CV9,0,1,0,exhibition,y,
CV9194003240,taylr102,SNO,1,2,value,,,,0,0,0,0,,,,1,19400324,0,JKV01,v,CV9,0,1,0,exhibition,y,
CV9194003240,grayc104,SNO,1,2,value,,,,0,0,0,0,,,,,19400324,0,JKV01,v,CV9,0,1,0,exhibition,y,
CV9194003240,burcw101,SNO,1,2,value,,,,0,0,0,0,,,,,19400324,0,JKV01,v,CV9,0,1,0,exhibition,y,
CV9194003240,duncs101,SNO,1,1,value,9,,,0,0,0,,,,,1,19400324,0,JKV01,v,CV9,0,1,0,exhibition,y,
CV9194003240,deanr101,SNO,1,1,value,9,,,0,0,0,,,,,,19400324,0,JKV01,v,CV9,0,1,0,exhibition,y,
CV9194003240,armsj101,SNO,1,1,value,3,,,0,0,0,,,,,,19400324,0,JKV01,v,CV9,0,1,0,exhibition,y,
CV9194003240,washf101,SNO,1,1,value,3,,,0,0,0,,,,,,19400324,0,JKV01,v,CV9,0,1,0,exhibition,y,
CV9194003240,ray-j102,CV9,1,8,value,27,,,0,0,0,,,,,1,19400324,0,JKV01,h,SNO,1,0,0,exhibition,y,
CV9194003240,robis101,CV9,1,4,value,27,,,0,0,0,,,,,1,19400324,0,JKV01,h,SNO,1,0,0,exhibition,y,
CV9194003240,clevd101,CV9,1,9,value,27,,,0,0,0,,,,,1,19400324,0,JKV01,h,SNO,1,0,0,exhibition,y,
CV9194003240,turnh101,CV9,1,2,value,27,,,0,0,0,0,,,,1,19400324,0,JKV01,h,SNO,1,0,0,exhibition,y,
CV9194003240,manuu101,CV9,1,7,value,27,,,0,0,0,,,,,1,19400324,0,JKV01,h,SNO,1,0,0,exhibition,y,
CV9194003240,jonem103,CV9,1,3,value,27,,,0,0,0,,,,,1,19400324,0,JKV01,h,SNO,1,0,0,exhibition,y,
CV9194003240,fraza101,CV9,1,5,value,27,,,0,0,0,,,,,1,19400324,0,JKV01,h,SNO,1,0,0,exhibition,y,
CV9194003240,lamac101,CV9,1,6,value,27,,,0,0,0,,,,,1,19400324,0,JKV01,h,SNO,1,0,0,exhibition,y,
CV9194003240,owens101,CV9,1,1,value,9,,,0,0,0,,,,,1,19400324,0,JKV01,h,SNO,1,0,0,exhibition,y,
CV9194003240,henrp101,CV9,1,1,value,9,,,0,0,0,,,,,,19400324,0,JKV01,h,SNO,1,0,0,exhibition,y,
CV9194003240,sarva101,CV9,1,1,value,9,,,0,0,0,,,,,,19400324,0,JKV01,h,SNO,1,0,0,exhibition,y,
CV9194003310,greel102,SNO,1,7,value,29,,,0,0,0,,,,,1,19400331,0,JKV01,v,CV9,0,1,0,exhibition,y,
CV9194003310,riddm101,SNO,1,4,value,29,,,0,0,0,,,,,1,19400331,0,JKV01,v,CV9,0,1,0,exhibition,y,
CV9194003310,armob101,SNO,1,6,value,29,,,0,0,0,,,,,1,19400331,0,JKV01,v,CV9,0,1,0,exhibition,y,
CV9194003310,fordj101,SNO,1,5,value,29,,,0,0,0,,,,,1,19400331,0,JKV01,v,CV9,0,1,0,exhibition,y,
CV9194003310,maywe101,SNO,1,3,value,29,,,0,0,0,,,,,1,19400331,0,JKV01,v,CV9,0,1,0,exhibition,y,
CV9194003310,burcw101,SNO,1,2,value,,,,0,0,0,0,,,,1,19400331,0,JKV01,v,CV9,0,1,0,exhibition,y,
CV9194003310,grayc104,SNO,1,2,value,,,,0,0,0,0,,,,,19400331,0,JKV01,v,CV9,0,1,0,exhibition,y,
CV9194003310,taylr102,SNO,1,2,value,,,,0,0,0,0,,,,,19400331,0,JKV01,v,CV9,0,1,0,exhibition,y,
CV9194003310,smite111,SNO,1,8,value,29,,,0,0,0,,,,,1,19400331,0,JKV01,v,CV9,0,1,0,exhibition,y,
CV9194003310,mcalf101,SNO,1,1,value,6,,,0,0,0,,,,,1,19400331,0,JKV01,v,CV9,0,1,0,exhibition,y,
CV9194003310,duncs101,SNO,1,1,value,6,,,0,0,0,,,,,,19400331,0,JKV01,v,CV9,0,1,0,exhibition,y,
CV9194003310,washf101,SNO,1,1,value,6,,,0,0,0,,,,,,19400331,0,JKV01,v,CV9,0,1,0,exhibition,y,
CV9194003310,deanr101,SNO,1,1,value,11,,,0,0,0,,,,,,19400331,0,JKV01,v,CV9,0,1,0,exhibition,y,
CV9194003310,calhl101,SNO,1,9,value,29,,,0,0,0,,,,,1,19400331,0,JKV01,v,CV9,0,1,0,exhibition,y,
CV9194003310,ray-j102,CV9,1,8,value,30,,,0,0,0,,,,,1,19400331,0,JKV01,h,SNO,1,0,0,exhibition,y,
CV9194003310,robis101,CV9,1,4,value,30,,,0,0,0,,,,,1,19400331,0,JKV01,h,SNO,1,0,0,exhibition,y,
CV9194003310,clevd101,CV9,1,9,value,30,,,0,0,0,,,,,1,19400331,0,JKV01,h,SNO,1,0,0,exhibition,y,
CV9194003310,turnh101,CV9,1,2,value,30,,,0,0,0,0,,,,1,19400331,0,JKV01,h,SNO,1,0,0,exhibition,y,
CV9194003310,sampo101,CV9,1,7,value,30,,,0,0,0,,,,,1,19400331,0,JKV01,h,SNO,1,0,0,exhibition,y,
CV9194003310,jonem103,CV9,1,3,value,30,,,0,0,0,,,,,1,19400331,0,JKV01,h,SNO,1,0,0,exhibition,y,
CV9194003310,fraza101,CV9,1,5,value,30,,,0,0,0,,,,,1,19400331,0,JKV01,h,SNO,1,0,0,exhibition,y,
CV9194003310,lamac101,CV9,1,6,value,30,,,0,0,0,,,,,1,19400331,0,JKV01,h,SNO,1,0,0,exhibition,y,
CV9194003310,henrp101,CV9,1,1,value,9,,,0,0,0,,,,,1,19400331,0,JKV01,h,SNO,1,0,0,exhibition,y,
CV9194003310,sarva101,CV9,1,1,value,9,,,0,0,0,,,,,,19400331,0,JKV01,h,SNO,1,0,0,exhibition,y,
CV9194003310,owens101,CV9,1,1,value,12,,,0,0,0,,,,,,19400331,0,JKV01,h,SNO,1,0,0,exhibition,y,
SNO194004141,debrr101,NY5,1,7,value,24,1,0,0,0,0,,,,,1,19400414,1,NOL01,v,SNO,0,1,0,exhibition,y,
SNO194004141,barkm101,NY5,1,8,value,,0,1,0,0,0,,,,,1,19400414,1,NOL01,v,SNO,0,1,0,exhibition,y,
SNO194004141,currg102,NY5,1,8,value,,0,0,0,0,0,,,,,,19400414,1,NOL01,v,SNO,0,1,0,exhibition,y,
SNO194004141,washj102,NY5,1,3,value,24,10,0,1,0,0,,,,,1,19400414,1,NOL01,v,SNO,0,1,0,exhibition,y,
SNO194004141,speah101,NY5,1,5,value,24,1,0,0,0,0,,,,,1,19400414,1,NOL01,v,SNO,0,1,0,exhibition,y,
SNO194004141,wrigz102,NY5,1,9,value,24,1,0,0,0,0,,,,,1,19400414,1,NOL01,v,SNO,0,1,0,exhibition,y,
SNO194004141,millf106,NY5,1,4,value,24,2,2,0,0,0,,,,,1,19400414,1,NOL01,v,SNO,0,1,0,exhibition,y,
SNO194004141,walkh103,NY5,1,6,value,24,0,4,0,0,0,,,,,1,19400414,1,NOL01,v,SNO,0,1,0,exhibition,y,
SNO194004141,clarb107,NY5,1,2,value,24,9,0,0,0,0,0,,,,1,19400414,1,NOL01,v,SNO,0,1,0,exhibition,y,
SNO194004141,barbb102,NY5,1,1,value,0,0,0,0,0,0,,,,,1,19400414,1,NOL01,v,SNO,0,1,0,exhibition,y,
SNO194004141,stann101,NY5,1,1,value,9,0,1,0,0,0,,,,,,19400414,1,NOL01,v,SNO,0,1,0,exhibition,y,
SNO194004141,evanb105,NY5,1,1,value,15,0,3,0,0,0,,,,,,19400414,1,NOL01,v,SNO,0,1,0,exhibition,y,
SNO194004141,greel102,SNO,1,7,value,27,2,1,0,0,0,,,,,1,19400414,1,NOL01,h,NY5,1,0,0,exhibition,y,
SNO194004141,lylej102,SNO,1,5,value,27,3,3,0,0,0,,,,,1,19400414,1,NOL01,h,NY5,1,0,0,exhibition,y,
SNO194004141,armob101,SNO,1,6,value,27,1,5,1,1,0,,,,,1,19400414,1,NOL01,h,NY5,1,0,0,exhibition,y,
SNO194004141,maywe101,SNO,1,3,value,27,11,0,0,1,0,,,,,1,19400414,1,NOL01,h,NY5,1,0,0,exhibition,y,
SNO194004141,fordj101,SNO,1,9,value,27,1,0,0,0,0,,,,,1,19400414,1,NOL01,h,NY5,1,0,0,exhibition,y,
SNO194004141,riddm101,SNO,1,4,value,27,1,2,1,1,0,,,,,1,19400414,1,NOL01,h,NY5,1,0,0,exhibition,y,
SNO194004141,smite111,SNO,1,8,value,27,1,0,0,0,0,,,,,1,19400414,1,NOL01,h,NY5,1,0,0,exhibition,y,
SNO194004141,taylr102,SNO,1,2,value,,5,0,0,0,0,1,,,,1,19400414,1,NOL01,h,NY5,1,0,0,exhibition,y,
SNO194004141,burcw101,SNO,1,2,value,,2,0,0,0,0,0,,,,,19400414,1,NOL01,h,NY5,1,0,0,exhibition,y,
SNO194004141,mcalf101,SNO,1,1,value,11,0,1,0,0,0,,,,,1,19400414,1,NOL01,h,NY5,1,0,0,exhibition,y,
SNO194004141,calhl101,SNO,1,1,value,16,0,0,0,0,0,,,,,,19400414,1,NOL01,h,NY5,1,0,0,exhibition,y,
MEM194004190,boonl102,MEM,1,1,value,33,,,0,,0,0,,,,1,19400419,0,MUS01,h,SNO,1,0,0,exhibition,,
MEM194004210,calhl101,SNO,1,1,value,,,,0,,0,0,,,,1,19400421,0,OKC01,v,MEM,0,1,0,exhibition,,
MEM194004210,mcalf101,SNO,1,1,value,,,,0,,0,0,,,,,19400421,0,OKC01,v,MEM,0,1,0,exhibition,,
MEM194004210,taylr102,SNO,1,2,value,24,,,0,,0,,,,,1,19400421,0,OKC01,v,MEM,0,1,0,exhibition,,
MEM194004210,washf101,SNO,1,1,value,,,,0,,0,0,,,,,19400421,0,OKC01,v,MEM,0,1,0,exhibition,,
MEM194004210,browl107,MEM,1,2,value,27,,,0,,0,,,,,1,19400421,0,OKC01,h,SNO,1,0,0,exhibition,,
MEM194004210,mathv101,MEM,1,1,value,,,,0,,0,0,,,,1,19400421,0,OKC01,h,SNO,1,0,0,exhibition,,
MEM194004210,sumrw101,MEM,1,1,value,,,,0,,0,0,,,,,19400421,0,OKC01,h,SNO,1,0,0,exhibition,,
KCM194005082,greel102,SNO,1,7,value,21,1,,0,0,0,,,,,1,19400508,2,NOL01,v,KCM,0,0,1,exhibition,y,
KCM194005082,lylej102,SNO,1,5,value,21,2,,0,0,0,,,,,1,19400508,2,NOL01,v,KCM,0,0,1,exhibition,y,
KCM194005082,fordj101,SNO,1,4,value,21,1,,0,0,0,,,,,1,19400508,2,NOL01,v,KCM,0,0,1,exhibition,y,
KCM194005082,armob101,SNO,1,6,value,21,3,,0,0,0,,,,,1,19400508,2,NOL01,v,KCM,0,0,1,exhibition,y,
KCM194005082,maywe101,SNO,1,3,value,18,6,,0,0,0,,,,,1,19400508,2,NOL01,v,KCM,0,0,1,exhibition,y,
KCM194005082,mitcg101,SNO,1,3,value,3,1,,0,0,0,,,,,,19400508,2,NOL01,v,KCM,0,0,1,exhibition,y,
KCM194005082,taylr102,SNO,1,2,value,21,4,,0,0,0,0,,,,1,19400508,2,NOL01,v,KCM,0,0,1,exhibition,y,
KCM194005082,smite111,SNO,1,8,value,21,0,,0,0,0,,,,,1,19400508,2,NOL01,v,KCM,0,0,1,exhibition,y,
KCM194005082,bennb101,SNO,1,9,value,21,2,,0,0,0,,,,,1,19400508,2,NOL01,v,KCM,0,0,1,exhibition,y,
KCM194005082,mcalf101,SNO,1,1,value,21,1,,0,0,0,,,,,1,19400508,2,NOL01,v,KCM,0,0,1,exhibition,y,
KCM194005082,mcdab101,KCM,1,7,value,21,1,,0,0,0,,,,,1,19400508,2,NOL01,h,SNO,0,0,1,exhibition,y,
KCM194005082,dougj102,KCM,1,4,value,21,2,,0,1,0,,,,,1,19400508,2,NOL01,h,SNO,0,0,1,exhibition,y,
KCM194005082,steat101,KCM,1,8,value,21,1,,0,0,0,,,,,1,19400508,2,NOL01,h,SNO,0,0,1,exhibition,y,
KCM194005082,soueh101,KCM,1,5,value,21,1,,0,0,0,,,,,1,19400508,2,NOL01,h,SNO,0,0,1,exhibition,y,
KCM194005082,younl102,KCM,1,9,value,21,2,,0,0,0,,,,,1,19400508,2,NOL01,h,SNO,0,0,1,exhibition,y,
KCM194005082,oneib801,KCM,1,3,value,21,8,,1,1,0,,,,,1,19400508,2,NOL01,h,SNO,0,0,1,exhibition,y,
KCM194005082,willj111,KCM,1,6,value,21,2,,0,0,0,,,,,1,19400508,2,NOL01,h,SNO,0,0,1,exhibition,y,
KCM194005082,decul101,KCM,1,2,value,21,4,,0,0,0,0,,,,1,19400508,2,NOL01,h,SNO,0,0,1,exhibition,y,
KCM194005082,mosel101,KCM,1,1,value,21,0,,0,0,0,,,,,1,19400508,2,NOL01,h,SNO,0,0,1,exhibition,y,
MEM194005121,greel102,SNO,1,7,value,24,0,0,0,0,0,,,,,1,19400512,1,MEM02,v,MEM,0,1,0,regular,y,
MEM194005121,lylej102,SNO,1,8,value,24,1,0,0,0,0,,,,,1,19400512,1,MEM02,v,MEM,0,1,0,regular,y,
MEM194005121,armob101,SNO,1,6,value,24,1,3,0,0,0,,,,,1,19400512,1,MEM02,v,MEM,0,1,0,regular,y,
MEM194005121,fordj101,SNO,1,4,value,24,2,3,0,0,0,,,,,1,19400512,1,MEM02,v,MEM,0,1,0,regular,y,
MEM194005121,robib105,SNO,1,5,value,24,2,1,1,0,0,,,,,1,19400512,1,MEM02,v,MEM,0,1,0,regular,y,
MEM194005121,maywe101,SNO,1,3,value,24,10,1,0,0,0,,,,,1,19400512,1,MEM02,v,MEM,0,1,0,regular,y,
MEM194005121,bennb101,SNO,1,9,value,24,0,0,0,0,0,,,,,1,19400512,1,MEM02,v,MEM,0,1,0,regular,y,
MEM194005121,smitb114,SNO,1,2,value,24,7,2,0,0,0,1,,,,1,19400512,1,MEM02,v,MEM,0,1,0,regular,y,
MEM194005121,calhl101,SNO,1,1,value,2,0,0,0,0,0,,,,,1,19400512,1,MEM02,v,MEM,0,1,0,regular,y,
MEM194005121,mcalf101,SNO,1,1,value,10,1,1,0,0,0,,,,,,19400512,1,MEM02,v,MEM,0,1,0,regular,y,
MEM194005121,duncs101,SNO,1,1,value,12,0,0,0,0,0,,,,,,19400512,1,MEM02,v,MEM,0,1,0,regular,y,
MEM194005121,bankf101,MEM,1,4,value,27,3,5,0,0,0,,,,,1,19400512,1,MEM02,h,SNO,1,0,0,regular,y,
MEM194005121,mathv101,MEM,1,8,value,27,2,0,1,0,0,,,,,1,19400512,1,MEM02,h,SNO,1,0,0,regular,y,
MEM194005121,davir103,MEM,1,7,value,27,2,0,0,0,0,,,,,1,19400512,1,MEM02,h,SNO,1,0,0,regular,y,
MEM194005121,robin101,MEM,1,5,value,27,2,4,0,0,0,,,,,1,19400512,1,MEM02,h,SNO,1,0,0,regular,y,
MEM194005121,taylj106,MEM,1,3,value,27,11,1,0,1,0,,,,,1,19400512,1,MEM02,h,SNO,1,0,0,regular,y,
MEM194005121,longr102,MEM,1,9,value,27,4,0,0,0,0,,,,,1,19400512,1,MEM02,h,SNO,1,0,0,regular,y,
MEM194005121,browt105,MEM,1,6,value,27,0,3,0,1,0,,,,,1,19400512,1,MEM02,h,SNO,1,0,0,regular,y,
MEM194005121,browl107,MEM,1,2,value,27,2,2,0,0,0,1,,,,1,19400512,1,MEM02,h,SNO,1,0,0,regular,y,
MEM194005121,jackb102,MEM,1,1,value,24,1,2,0,0,0,,,,,1,19400512,1,MEM02,h,SNO,1,0,0,regular,y,
MEM194005121,sumrw101,MEM,1,1,value,3,0,1,0,0,0,,,,,,19400512,1,MEM02,h,SNO,1,0,0,regular,y,
MEM194005122,greel102,SNO,1,7,value,18,1,0,0,0,0,,,,,1,19400512,2,MEM02,v,MEM,0,1,0,regular,y,
MEM194005122,lylej102,SNO,1,8,value,18,0,0,0,0,0,,,,,1,19400512,2,MEM02,v,MEM,0,1,0,regular,y,
MEM194005122,armob101,SNO,1,6,value,18,0,3,1,1,0,,,,,1,19400512,2,MEM02,v,MEM,0,1,0,regular,y,
MEM194005122,fordj101,SNO,1,4,value,18,2,3,0,1,0,,,,,1,19400512,2,MEM02,v,MEM,0,1,0,regular,y,
MEM194005122,robib105,SNO,1,5,value,18,0,0,0,0,0,,,,,1,19400512,2,MEM02,v,MEM,0,1,0,regular,y,
MEM194005122,maywe101,SNO,1,3,value,18,10,0,0,1,0,,,,,1,19400512,2,MEM02,v,MEM,0,1,0,regular,y,
MEM194005122,bennb101,SNO,1,9,value,18,0,0,0,0,0,,,,,1,19400512,2,MEM02,v,MEM,0,1,0,regular,y,
MEM194005122,taylr102,SNO,1,2,value,,5,1,0,0,0,1,,,,1,19400512,2,MEM02,v,MEM,0,1,0,regular,y,
MEM194005122,smitb114,SNO,1,2,value,,0,0,0,0,0,0,,,,,19400512,2,MEM02,v,MEM,0,1,0,regular,y,
MEM194005122,smite111,SNO,1,1,value,18,0,0,1,0,0,,,,,1,19400512,2,MEM02,v,MEM,0,1,0,regular,y,
MEM194005122,bankf101,MEM,1,4,value,21,2,2,0,0,0,,,,,1,19400512,2,MEM02,h,SNO,1,0,0,regular,y,
MEM194005122,mathv101,MEM,1,8,value,,0,0,0,0,0,,,,,1,19400512,2,MEM02,h,SNO,1,0,0,regular,y,
MEM194005122,mathv101,MEM,2,7,value,,,,0,0,0,,,,,1,19400512,2,MEM02,h,SNO,1,0,0,regular,y,
MEM194005122,bradb107,MEM,1,7,value,,1,0,0,0,0,,,,,1,19400512,2,MEM02,h,SNO,1,0,0,regular,y,
MEM194005122,cartm101,MEM,1,5,value,,0,1,0,0,0,,,,,,19400512,2,MEM02,h,SNO,1,0,0,regular,y,
MEM194005122,robin101,MEM,1,5,value,,0,2,0,0,1,,,,,1,19400512,2,MEM02,h,SNO,1,0,0,regular,y,
MEM194005122,robin101,MEM,2,8,value,,,,0,0,0,,,,,1,19400512,2,MEM02,h,SNO,1,0,0,regular,y,
MEM194005122,taylj106,MEM,1,3,value,21,11,1,0,0,1,,,,,1,19400512,2,MEM02,h,SNO,1,0,0,regular,y,
MEM194005122,longr102,MEM,1,9,value,21,1,0,0,0,0,,,,,1,19400512,2,MEM02,h,SNO,1,0,0,regular,y,
MEM194005122,browt105,MEM,1,6,value,21,2,2,0,0,1,,,,,1,19400512,2,MEM02,h,SNO,1,0,0,regular,y,
MEM194005122,dawsj102,MEM,1,2,value,21,3,2,0,0,1,0,,,,1,19400512,2,MEM02,h,SNO,1,0,0,regular,y,
MEM194005122,wilsl102,MEM,1,1,value,4,0,0,0,0,0,,,,,1,19400512,2,MEM02,h,SNO,1,0,0,regular,y,
MEM194005122,sumrw101,MEM,1,1,value,17,1,3,0,0,0,,,,,,19400512,2,MEM02,h,SNO,1,0,0,regular,y,
MEM194005130,greel102,SNO,1,7,value,25,3,1,0,1,0,,,,,1,19400513,0,MEM02,v,MEM,0,1,0,regular,y,
MEM194005130,lylej102,SNO,1,8,value,25,0,0,0,0,0,,,,,1,19400513,0,MEM02,v,MEM,0,1,0,regular,y,
MEM194005130,armob101,SNO,1,6,value,25,1,2,0,0,0,,,,,1,19400513,0,MEM02,v,MEM,0,1,0,regular,y,
MEM194005130,fordj101,SNO,1,4,value,25,1,5,1,1,0,,,,,1,19400513,0,MEM02,v,MEM,0,1,0,regular,y,
MEM194005130,robib105,SNO,1,5,value,25,1,1,0,0,0,,,,,1,19400513,0,MEM02,v,MEM,0,1,0,regular,y,
MEM194005130,maywe101,SNO,1,3,value,25,10,1,0,1,0,,,,,1,19400513,0,MEM02,v,MEM,0,1,0,regular,y,
MEM194005130,bennb101,SNO,1,9,value,25,2,0,0,0,0,,,,,1,19400513,0,MEM02,v,MEM,0,1,0,regular,y,
MEM194005130,burcw101,SNO,1,2,value,12,4,1,1,0,0,0,,,,1,19400513,0,MEM02,v,MEM,0,1,0,regular,y,
MEM194005130,taylr102,SNO,1,2,value,13,3,0,0,0,0,0,,,,,19400513,0,MEM02,v,MEM,0,1,0,regular,y,
MEM194005130,washf101,SNO,1,1,value,19,0,0,2,0,0,,,,,1,19400513,0,MEM02,v,MEM,0,1,0,regular,y,
MEM194005130,calhl101,SNO,1,1,value,6,0,1,0,0,0,,,,,,19400513,0,MEM02,v,MEM,0,1,0,regular,y,
MEM194005130,bankf101,MEM,1,4,value,27,5,1,0,2,0,,,,,1,19400513,0,MEM02,h,SNO,1,0,0,regular,y,
MEM194005130,mathv101,MEM,1,8,value,27,1,0,0,0,0,,,,,1,19400513,0,MEM02,h,SNO,1,0,0,regular,y,
MEM194005130,cartm101,MEM,1,5,value,27,1,0,0,0,0,,,,,1,19400513,0,MEM02,h,SNO,1,0,0,regular,y,
MEM194005130,longr102,MEM,1,9,value,,1,0,0,0,0,,,,,1,19400513,0,MEM02,h,SNO,1,0,0,regular,y,
MEM194005130,longr102,MEM,2,7,value,,,,0,0,0,,,,,1,19400513,0,MEM02,h,SNO,1,0,0,regular,y,
MEM194005130,taylj106,MEM,1,3,value,27,9,0,0,2,0,,,,,1,19400513,0,MEM02,h,SNO,1,0,0,regular,y,
MEM194005130,browl107,MEM,1,2,value,27,7,0,0,0,0,1,,,,1,19400513,0,MEM02,h,SNO,1,0,0,regular,y,
MEM194005130,browt105,MEM,1,6,value,27,3,0,0,2,0,,,,,1,19400513,0,MEM02,h,SNO,1,0,0,regular,y,
MEM194005130,davib109,MEM,1,7,value,,0,0,0,0,0,,,,,1,19400513,0,MEM02,h,SNO,1,0,0,regular,y,
MEM194005130,bradb107,MEM,1,9,value,,0,0,0,0,0,,,,,,19400513,0,MEM02,h,SNO,1,0,0,regular,y,
MEM194005130,savaj103,MEM,1,1,value,21,0,2,0,0,0,,,,,1,19400513,0,MEM02,h,SNO,1,0,0,regular,y,
MEM194005130,wilsl102,MEM,1,1,value,6,0,0,0,0,0,,,,,,19400513,0,MEM02,h,SNO,1,0,0,regular,y,
BIR194005170,armob101,SNO,1,6,value,27,,,0,,0,0,,,,1,19400517,0,ANN01,v,BIR,1,0,0,regular,,
BIR194005170,bennb101,SNO,1,9,value,27,,,0,,0,0,,,,1,19400517,0,ANN01,v,BIR,1,0,0,regular,,
BIR194005170,deanr101,SNO,1,1,value,27,,,0,,0,0,,,,1,19400517,0,ANN01,v,BIR,1,0,0,regular,,
BIR194005170,fordj101,SNO,1,4,value,27,,,0,,0,0,,,,1,19400517,0,ANN01,v,BIR,1,0,0,regular,,
BIR194005170,greel102,SNO,1,7,value,27,,,0,,0,0,,,,1,19400517,0,ANN01,v,BIR,1,0,0,regular,,
BIR194005170,lylej102,SNO,1,5,value,27,,,0,,0,0,,,,1,19400517,0,ANN01,v,BIR,1,0,0,regular,,
BIR194005170,maywe101,SNO,1,3,value,27,,,0,,0,0,,,,1,19400517,0,ANN01,v,BIR,1,0,0,regular,,
BIR194005170,smitb114,SNO,1,2,value,27,,,0,,0,,,,,1,19400517,0,ANN01,v,BIR,1,0,0,regular,,
BIR194005170,smite111,SNO,1,8,value,27,,,0,,0,0,,,,1,19400517,0,ANN01,v,BIR,1,0,0,regular,,
BIR194005170,andrj104,BIR,1,7,value,27,,,0,,0,0,,,,1,19400517,0,ANN01,h,SNO,0,1,0,regular,,
BIR194005170,bankd101,BIR,1,5,value,27,,,0,,0,0,,,,1,19400517,0,ANN01,h,SNO,0,1,0,regular,,
BIR194005170,bostl102,BIR,1,3,value,27,,,0,,0,0,,,,1,19400517,0,ANN01,h,SNO,0,1,0,regular,,
BIR194005170,burrs101,BIR,1,1,value,,,,0,,0,0,,,,,19400517,0,ANN01,h,SNO,0,1,0,regular,,
BIR194005170,burts101,BIR,1,4,value,27,,,0,,0,0,,,,1,19400517,0,ANN01,h,SNO,0,1,0,regular,,
BIR194005170,nearh101,BIR,1,2,value,27,,,0,,0,,,,,1,19400517,0,ANN01,h,SNO,0,1,0,regular,,
BIR194005170,nixow102,BIR,1,9,value,27,,,0,,0,0,,,,1,19400517,0,ANN01,h,SNO,0,1,0,regular,,
BIR194005170,reddu101,BIR,1,6,value,27,,,0,,0,0,,,,1,19400517,0,ANN01,h,SNO,0,1,0,regular,,
BIR194005170,sneae101,BIR,1,1,value,,,,0,,0,0,,,,1,19400517,0,ANN01,h,SNO,0,1,0,regular,,
BIR194005170,wilsj107,BIR,1,8,value,27,2,,0,,0,0,,,,1,19400517,0,ANN01,h,SNO,0,1,0,regular,,
BIR194005191,lylej102,SNO,1,8,value,30,4,0,0,0,0,,,,,1,19400519,1,BIR01,v,BIR,1,0,0,regular,y,
BIR194005191,greel102,SNO,1,7,value,30,4,0,0,0,0,,,,,1,19400519,1,BIR01,v,BIR,1,0,0,regular,y,
BIR194005191,armob101,SNO,1,6,value,30,3,5,0,0,0,,,,,1,19400519,1,BIR01,v,BIR,1,0,0,regular,y,
BIR194005191,fordj101,SNO,1,4,value,30,1,7,0,0,0,,,,,1,19400519,1,BIR01,v,BIR,1,0,0,regular,y,
BIR194005191,maywe101,SNO,1,3,value,30,11,0,0,0,0,,,,,1,19400519,1,BIR01,v,BIR,1,0,0,regular,y,
BIR194005191,robib105,SNO,1,9,value,30,0,2,0,0,0,,,,,1,19400519,1,BIR01,v,BIR,1,0,0,regular,y,
BIR194005191,bennb101,SNO,1,5,value,30,0,0,0,0,0,,,,,1,19400519,1,BIR01,v,BIR,1,0,0,regular,y,
BIR194005191,smitb114,SNO,1,2,value,30,6,0,0,0,0,1,,,,1,19400519,1,BIR01,v,BIR,1,0,0,regular,y,
BIR194005191,smite111,SNO,1,1,value,30,1,2,0,0,0,,,,,1,19400519,1,BIR01,v,BIR,1,0,0,regular,y,
BIR194005191,wilsj107,BIR,1,8,value,30,2,0,0,0,0,,,,,1,19400519,1,BIR01,h,SNO,0,1,0,regular,y,
BIR194005191,burts101,BIR,1,5,value,30,1,3,0,0,0,,,,,1,19400519,1,BIR01,h,SNO,0,1,0,regular,y,
BIR194005191,sampt101,BIR,1,4,value,30,2,2,0,0,0,,,,,1,19400519,1,BIR01,h,SNO,0,1,0,regular,y,
BIR194005191,andrj104,BIR,1,7,value,30,2,0,1,0,0,,,,,1,19400519,1,BIR01,h,SNO,0,1,0,regular,y,
BIR194005191,nixow102,BIR,1,9,value,30,3,6,0,0,0,,,,,1,19400519,1,BIR01,h,SNO,0,1,0,regular,y,
BIR194005191,bostl102,BIR,1,3,value,30,11,0,0,0,0,,,,,1,19400519,1,BIR01,h,SNO,0,1,0,regular,y,
BIR194005191,reddu101,BIR,1,6,value,30,3,2,0,0,0,,,,,1,19400519,1,BIR01,h,SNO,0,1,0,regular,y,
BIR194005191,tysoc101,BIR,1,2,value,30,6,1,0,0,0,1,,,,1,19400519,1,BIR01,h,SNO,0,1,0,regular,y,
BIR194005191,moodb101,BIR,1,1,value,24,0,5,0,0,0,,,,,1,19400519,1,BIR01,h,SNO,0,1,0,regular,y,
BIR194005191,burrs101,BIR,1,1,value,6,0,0,0,0,0,,,,,,19400519,1,BIR01,h,SNO,0,1,0,regular,y,
BIR194005192,lylej102,SNO,1,5,value,18,2,2,0,0,0,,,,,1,19400519,2,BIR01,v,BIR,0,1,0,regular,y,
BIR194005192,greel102,SNO,1,7,value,18,2,0,0,0,0,,,,,1,19400519,2,BIR01,v,BIR,0,1,0,regular,y,
BIR194005192,armob101,SNO,1,6,value,18,1,5,0,0,0,,,,,1,19400519,2,BIR01,v,BIR,0,1,0,regular,y,
BIR194005192,maywe101,SNO,1,3,value,18,6,0,0,0,0,,,,,1,19400519,2,BIR01,v,BIR,0,1,0,regular,y,
BIR194005192,fordj101,SNO,1,4,value,18,2,0,0,0,0,,,,,1,19400519,2,BIR01,v,BIR,0,1,0,regular,y,
BIR194005192,owens102,SNO,1,8,value,18,1,0,0,0,0,,,,,1,19400519,2,BIR01,v,BIR,0,1,0,regular,y,
BIR194005192,bennb101,SNO,1,9,value,18,1,1,0,0,0,,,,,1,19400519,2,BIR01,v,BIR,0,1,0,regular,y,
BIR194005192,taylr102,SNO,1,2,value,18,3,0,0,0,0,0,,,,1,19400519,2,BIR01,v,BIR,0,1,0,regular,y,
BIR194005192,duncs101,SNO,1,1,value,12,0,0,0,0,0,,,,,1,19400519,2,BIR01,v,BIR,0,1,0,regular,y,
BIR194005192,calhl101,SNO,1,1,value,6,0,0,0,0,0,,,,,,19400519,2,BIR01,v,BIR,0,1,0,regular,y,
BIR194005192,wilsj107,BIR,1,8,value,21,0,0,0,0,0,,,,,1,19400519,2,BIR01,h,SNO,1,0,0,regular,y,
BIR194005192,burts101,BIR,1,5,value,21,0,0,0,0,0,,,,,1,19400519,2,BIR01,h,SNO,1,0,0,regular,y,
BIR194005192,sampt101,BIR,1,4,value,21,1,5,0,0,0,,,,,1,19400519,2,BIR01,h,SNO,1,0,0,regular,y,
BIR194005192,andrj104,BIR,1,9,value,21,1,0,0,0,0,,,,,1,19400519,2,BIR01,h,SNO,1,0,0,regular,y,
BIR194005192,nixow102,BIR,1,7,value,21,3,0,0,0,0,,,,,1,19400519,2,BIR01,h,SNO,1,0,0,regular,y,
BIR194005192,bostl102,BIR,1,3,value,21,11,0,0,0,0,,,,,1,19400519,2,BIR01,h,SNO,1,0,0,regular,y,
BIR194005192,reddu101,BIR,1,6,value,21,1,0,0,0,0,,,,,1,19400519,2,BIR01,h,SNO,1,0,0,regular,y,
BIR194005192,tysoc101,BIR,1,2,value,21,4,0,0,0,0,0,,,,1,19400519,2,BIR01,h,SNO,1,0,0,regular,y,
BIR194005192,howar101,BIR,1,1,value,21,0,1,0,0,0,,,,,1,19400519,2,BIR01,h,SNO,1,0,0,regular,y,
BIR194005200,calhl101,SNO,1,1,value,,,,0,,0,0,,,,,19400520,0,BIR01,v,BIR,0,1,0,regular,,
BIR194005200,bankd101,BIR,1,1,value,18,,,0,,0,0,,,,1,19400520,0,BIR01,h,SNO,1,0,0,regular,,
CV9194005261,greel102,SNO,1,8,value,27,0,0,0,0,0,,,,,1,19400526,1,CLE06,v,CV9,1,0,0,regular,y,
CV9194005261,robib105,SNO,1,5,value,27,3,0,0,0,0,,,,,1,19400526,1,CLE06,v,CV9,1,0,0,regular,y,
CV9194005261,armob101,SNO,1,9,value,27,1,0,0,0,0,,,,,1,19400526,1,CLE06,v,CV9,1,0,0,regular,y,
CV9194005261,fordj101,SNO,1,4,value,27,5,1,0,0,0,,,,,1,19400526,1,CLE06,v,CV9,1,0,0,regular,y,
CV9194005261,maywe101,SNO,1,3,value,27,7,0,0,0,0,,,,,1,19400526,1,CLE06,v,CV9,1,0,0,regular,y,
CV9194005261,lylej102,SNO,1,6,value,27,1,5,0,0,0,,,,,1,19400526,1,CLE06,v,CV9,1,0,0,regular,y,
CV9194005261,bennb101,SNO,1,7,value,27,1,0,0,0,0,,,,,1,19400526,1,CLE06,v,CV9,1,0,0,regular,y,
CV9194005261,smitb114,SNO,1,2,value,27,9,1,0,0,0,0,,,,1,19400526,1,CLE06,v,CV9,1,0,0,regular,y,
CV9194005261,smite111,SNO,1,1,value,27,0,4,0,0,0,,,,,1,19400526,1,CLE06,v,CV9,1,0,0,regular,y,
CV9194005261,ray-j102,CV9,1,9,value,27,5,0,0,0,0,,,,,1,19400526,1,CLE06,h,SNO,0,1,0,regular,y,
CV9194005261,woodp104,CV9,1,5,value,27,3,1,0,0,0,,,,,1,19400526,1,CLE06,h,SNO,0,1,0,regular,y,
CV9194005261,clevd101,CV9,1,8,value,27,1,0,0,0,0,,,,,1,19400526,1,CLE06,h,SNO,0,1,0,regular,y,
CV9194005261,turnh101,CV9,1,2,value,27,5,1,0,0,0,0,,,,1,19400526,1,CLE06,h,SNO,0,1,0,regular,y,
CV9194005261,willj110,CV9,1,3,value,27,4,1,0,0,0,,,,,1,19400526,1,CLE06,h,SNO,0,1,0,regular,y,
CV9194005261,sampo101,CV9,1,4,value,27,3,1,2,0,0,,,,,1,19400526,1,CLE06,h,SNO,0,1,0,regular,y,
CV9194005261,coler103,CV9,1,7,value,27,2,1,0,0,0,,,,,1,19400526,1,CLE06,h,SNO,0,1,0,regular,y,
CV9194005261,lamac101,CV9,1,6,value,27,4,1,1,0,0,,,,,1,19400526,1,CLE06,h,SNO,0,1,0,regular,y,
CV9194005261,henrp101,CV9,1,1,value,27,0,2,0,0,0,,,,,1,19400526,1,CLE06,h,SNO,0,1,0,regular,y,
CV9194005262,greel102,SNO,1,8,value,21,1,0,0,0,0,,,,,1,19400526,2,CLE06,v,CV9,1,0,0,regular,y,
CV9194005262,robib105,SNO,1,5,value,21,1,1,0,0,0,,,,,1,19400526,2,CLE06,v,CV9,1,0,0,regular,y,
CV9194005262,armob101,SNO,1,9,value,21,4,0,0,0,0,,,,,1,19400526,2,CLE06,v,CV9,1,0,0,regular,y,
CV9194005262,fordj101,SNO,1,4,value,21,3,0,0,0,0,,,,,1,19400526,2,CLE06,v,CV9,1,0,0,regular,y,
CV9194005262,maywe101,SNO,1,3,value,21,4,2,0,0,0,,,,,1,19400526,2,CLE06,v,CV9,1,0,0,regular,y,
CV9194005262,lylej102,SNO,1,6,value,21,1,2,0,0,0,,,,,1,19400526,2,CLE06,v,CV9,1,0,0,regular,y,
CV9194005262,bennb101,SNO,1,7,value,21,1,0,0,0,0,,,,,1,19400526,2,CLE06,v,CV9,1,0,0,regular,y,
CV9194005262,taylr102,SNO,1,2,value,21,4,0,0,0,0,0,,,,1,19400526,2,CLE06,v,CV9,1,0,0,regular,y,
CV9194005262,calhl101,SNO,1,1,value,21,2,0,0,0,0,,,,,1,19400526,2,CLE06,v,CV9,1,0,0,regular,y,
CV9194005262,ray-j102,CV9,1,8,value,21,1,0,0,0,0,,,,,1,19400526,2,CLE06,h,SNO,0,1,0,regular,y,
CV9194005262,woodp104,CV9,1,5,value,21,1,2,0,0,0,,,,,1,19400526,2,CLE06,h,SNO,0,1,0,regular,y,
CV9194005262,clevd101,CV9,1,9,value,21,0,0,0,0,0,,,,,1,19400526,2,CLE06,h,SNO,0,1,0,regular,y,
CV9194005262,turnh101,CV9,1,2,value,21,4,2,0,0,0,0,,,,1,19400526,2,CLE06,h,SNO,0,1,0,regular,y,
CV9194005262,willj110,CV9,1,3,value,21,12,0,0,1,0,,,,,1,19400526,2,CLE06,h,SNO,0,1,0,regular,y,
CV9194005262,sampo101,CV9,1,4,value,21,2,3,0,1,0,,,,,1,19400526,2,CLE06,h,SNO,0,1,0,regular,y,
CV9194005262,coler103,CV9,1,7,value,21,1,0,1,0,0,,,,,1,19400526,2,CLE06,h,SNO,0,1,0,regular,y,
CV9194005262,lamac101,CV9,1,6,value,21,0,0,1,0,0,,,,,1,19400526,2,CLE06,h,SNO,0,1,0,regular,y,
CV9194005262,owens101,CV9,1,1,value,11,0,1,0,0,0,,,,,1,19400526,2,CLE06,h,SNO,0,1,0,regular,y,
CV9194005262,sarva101,CV9,1,1,value,10,0,2,0,0,0,,,,,,19400526,2,CLE06,h,SNO,0,1,0,regular,y,
BIR194005310,duncs101,SNO,1,1,value,27,,,0,,0,0,,,,1,19400531,0,OWE01,v,BIR,1,0,0,regular,,
BIR194005310,bankd101,BIR,1,1,value,,,,0,,0,0,,,,,19400531,0,OWE01,h,SNO,0,1,0,regular,,
BIR194005310,burrs101,BIR,1,1,value,,,,0,,0,0,,,,,19400531,0,OWE01,h,SNO,0,1,0,regular,,
BIR194005310,burts101,BIR,1,1,value,,,,0,,0,0,,,,,19400531,0,OWE01,h,SNO,0,1,0,regular,,
BIR194005310,gregj101,BIR,1,1,value,,,,0,,0,0,,,,1,19400531,0,OWE01,h,SNO,0,1,0,regular,,
IN8194006021,greel102,SNO,1,9,value,29,0,,0,0,0,,,,,1,19400602,1,IND10,v,IN8,0,1,0,regular,y,
IN8194006021,robib105,SNO,1,5,value,29,2,,0,0,0,,,,,1,19400602,1,IND10,v,IN8,0,1,0,regular,y,
IN8194006021,armob101,SNO,1,8,value,29,1,,0,0,0,,,,,1,19400602,1,IND10,v,IN8,0,1,0,regular,y,
IN8194006021,fordj101,SNO,1,4,value,29,1,,1,1,0,,,,,1,19400602,1,IND10,v,IN8,0,1,0,regular,y,
IN8194006021,maywe101,SNO,1,3,value,29,13,,1,1,0,,,,,1,19400602,1,IND10,v,IN8,0,1,0,regular,y,
IN8194006021,lylej102,SNO,1,6,value,29,0,,1,0,0,,,,,1,19400602,1,IND10,v,IN8,0,1,0,regular,y,
IN8194006021,bennb101,SNO,1,7,value,,2,,0,0,0,,,,,1,19400602,1,IND10,v,IN8,0,1,0,regular,y,
IN8194006021,mitcg101,SNO,1,7,value,,0,,0,0,0,,,,,,19400602,1,IND10,v,IN8,0,1,0,regular,y,
IN8194006021,smitb114,SNO,1,2,value,29,10,,0,0,0,0,,,,1,19400602,1,IND10,v,IN8,0,1,0,regular,y,
IN8194006021,smite111,SNO,1,1,value,29,0,,0,0,0,,,,,1,19400602,1,IND10,v,IN8,0,1,0,regular,y,
IN8194006021,wilsj107,IN8,1,9,value,30,0,,0,0,0,,,,,1,19400602,1,IND10,h,SNO,1,0,0,regular,y,
IN8194006021,bibbr101,IN8,1,4,value,30,6,,1,1,0,,,,,1,19400602,1,IND10,h,SNO,1,0,0,regular,y,
IN8194006021,clarb101,IN8,1,6,value,30,2,,0,1,0,,,,,1,19400602,1,IND10,h,SNO,1,0,0,regular,y,
IN8194006021,smitj112,IN8,1,7,value,30,0,,0,0,0,,,,,1,19400602,1,IND10,h,SNO,1,0,0,regular,y,
IN8194006021,hendc102,IN8,1,5,value,30,1,,1,0,0,,,,,1,19400602,1,IND10,h,SNO,1,0,0,regular,y,
IN8194006021,bellh102,IN8,1,2,value,30,9,,0,0,0,0,,,,1,19400602,1,IND10,h,SNO,1,0,0,regular,y,
IN8194006021,turnl101,IN8,1,3,value,30,10,,0,1,0,,,,,1,19400602,1,IND10,h,SNO,1,0,0,regular,y,
IN8194006021,paynr101,IN8,1,8,value,30,2,,0,0,0,,,,,1,19400602,1,IND10,h,SNO,1,0,0,regular,y,
IN8194006021,carts102,IN8,1,1,value,30,0,,0,0,0,,,,,1,19400602,1,IND10,h,SNO,1,0,0,regular,y,
IN8194006022,greel102,SNO,1,8,value,18,,,0,0,0,,,,,1,19400602,2,IND10,v,IN8,1,0,0,regular,y,
IN8194006022,robib105,SNO,1,5,value,18,,,0,0,0,,,,,1,19400602,2,IND10,v,IN8,1,0,0,regular,y,
IN8194006022,armob101,SNO,1,9,value,18,,,0,0,0,,,,,1,19400602,2,IND10,v,IN8,1,0,0,regular,y,
IN8194006022,fordj101,SNO,1,4,value,18,,,0,0,0,,,,,1,19400602,2,IND10,v,IN8,1,0,0,regular,y,
IN8194006022,maywe101,SNO,1,3,value,18,,,0,0,0,,,,,1,19400602,2,IND10,v,IN8,1,0,0,regular,y,
IN8194006022,lylej102,SNO,1,6,value,18,,,1,0,0,,,,,1,19400602,2,IND10,v,IN8,1,0,0,regular,y,
IN8194006022,bennb101,SNO,1,7,value,18,,,0,0,0,,,,,1,19400602,2,IND10,v,IN8,1,0,0,regular,y,
IN8194006022,taylr102,SNO,1,2,value,18,,,0,0,0,0,,,,1,19400602,2,IND10,v,IN8,1,0,0,regular,y,
IN8194006022,mcalf101,SNO,1,1,value,18,,,0,0,0,,,,,1,19400602,2,IND10,v,IN8,1,0,0,regular,y,
IN8194006022,wilsj107,IN8,1,9,value,18,,,0,0,0,,,,,1,19400602,2,IND10,h,SNO,0,1,0,regular,y,
IN8194006022,bibbr101,IN8,1,4,value,18,,,1,0,0,,,,,1,19400602,2,IND10,h,SNO,0,1,0,regular,y,
IN8194006022,clarb101,IN8,1,6,value,18,,,1,0,0,,,,,1,19400602,2,IND10,h,SNO,0,1,0,regular,y,
IN8194006022,smitj112,IN8,1,7,value,18,,,0,0,0,,,,,1,19400602,2,IND10,h,SNO,0,1,0,regular,y,
IN8194006022,hendc102,IN8,1,5,value,18,,,0,0,0,,,,,1,19400602,2,IND10,h,SNO,0,1,0,regular,y,
IN8194006022,bellh102,IN8,1,2,value,18,,,0,0,0,0,,,,1,19400602,2,IND10,h,SNO,0,1,0,regular,y,
IN8194006022,turnl101,IN8,1,3,value,18,,,0,0,0,,,,,1,19400602,2,IND10,h,SNO,0,1,0,regular,y,
IN8194006022,paynr101,IN8,1,8,value,18,,,0,0,0,,,,,1,19400602,2,IND10,h,SNO,0,1,0,regular,y,
IN8194006022,wrigj105,IN8,1,1,value,18,,,0,0,0,,,,,1,19400602,2,IND10,h,SNO,0,1,0,regular,y,
MEM194006180,calhl101,SNO,1,1,value,,,,0,,0,0,,,,,19400618,0,OKC01,v,MEM,1,0,0,regular,,
MEM194006180,smitb114,SNO,1,2,value,27,,,0,,0,,,,,1,19400618,0,OKC01,v,MEM,1,0,0,regular,,
MEM194006180,smite111,SNO,1,1,value,,,,0,,0,0,,,,1,19400618,0,OKC01,v,MEM,1,0,0,regular,,
MEM194006180,browl107,MEM,1,2,value,27,,,0,,0,,,,,1,19400618,0,OKC01,h,SNO,0,1,0,regular,,
MEM194006180,mathv101,MEM,1,1,value,27,,,0,,0,0,,,,1,19400618,0,OKC01,h,SNO,0,1,0,regular,,
MEM194006210,greel102,SNO,1,8,value,27,2,1,0,0,0,,,,,1,19400621,0,NOL01,v,MEM,1,0,0,regular,y,
MEM194006210,lylej102,SNO,1,6,value,27,1,3,0,0,0,,,,,1,19400621,0,NOL01,v,MEM,1,0,0,regular,y,
MEM194006210,armob101,SNO,1,9,value,27,0,0,0,0,0,,,,,1,19400621,0,NOL01,v,MEM,1,0,0,regular,y,
MEM194006210,maywe101,SNO,1,3,value,27,11,1,0,1,0,,,,,1,19400621,0,NOL01,v,MEM,1,0,0,regular,y,
MEM194006210,fordj101,SNO,1,5,value,27,0,1,0,0,0,,,,,1,19400621,0,NOL01,v,MEM,1,0,0,regular,y,
MEM194006210,bennb101,SNO,1,7,value,27,0,0,0,0,0,,,,,1,19400621,0,NOL01,v,MEM,1,0,0,regular,y,
MEM194006210,riddm101,SNO,1,4,value,27,2,3,0,1,0,,,,,1,19400621,0,NOL01,v,MEM,1,0,0,regular,y,
MEM194006210,taylr102,SNO,1,2,value,27,10,2,0,0,0,0,,,,1,19400621,0,NOL01,v,MEM,1,0,0,regular,y,
MEM194006210,mcalf101,SNO,1,1,value,27,1,4,1,1,0,,,,,1,19400621,0,NOL01,v,MEM,1,0,0,regular,y,
MEM194006210,bankf101,MEM,1,4,value,27,2,2,0,0,0,,,,,1,19400621,0,NOL01,h,SNO,0,1,0,regular,y,
MEM194006210,taylj106,MEM,1,3,value,27,8,2,0,1,0,,,,,1,19400621,0,NOL01,h,SNO,0,1,0,regular,y,
MEM194006210,cartm101,MEM,1,9,value,27,3,0,0,0,0,,,,,1,19400621,0,NOL01,h,SNO,0,1,0,regular,y,
MEM194006210,robin101,MEM,1,8,value,27,1,0,1,0,0,,,,,1,19400621,0,NOL01,h,SNO,0,1,0,regular,y,
MEM194006210,mathv101,MEM,1,7,value,27,2,0,0,0,0,,,,,1,19400621,0,NOL01,h,SNO,0,1,0,regular,y,
MEM194006210,browl107,MEM,1,2,value,27,5,4,0,0,0,0,,,,1,19400621,0,NOL01,h,SNO,0,1,0,regular,y,
MEM194006210,browt105,MEM,1,6,value,27,3,3,3,1,0,,,,,1,19400621,0,NOL01,h,SNO,0,1,0,regular,y,
MEM194006210,warrj101,MEM,1,5,value,27,3,1,1,0,0,,,,,1,19400621,0,NOL01,h,SNO,0,1,0,regular,y,
MEM194006210,breme101,MEM,1,1,value,27,0,1,0,0,0,,,,,1,19400621,0,NOL01,h,SNO,0,1,0,regular,y,
MEM194006231,greel102,SNO,1,8,value,27,5,0,0,0,0,,,,,1,19400623,1,MEM02,v,MEM,1,0,0,regular,y,
MEM194006231,lylej102,SNO,1,6,value,27,1,2,0,1,0,,,,,1,19400623,1,MEM02,v,MEM,1,0,0,regular,y,
MEM194006231,armob101,SNO,1,9,value,27,2,1,0,0,0,,,,,1,19400623,1,MEM02,v,MEM,1,0,0,regular,y,
MEM194006231,maywe101,SNO,1,3,value,27,4,0,1,0,0,,,,,1,19400623,1,MEM02,v,MEM,1,0,0,regular,y,
MEM194006231,fordj101,SNO,1,5,value,27,3,0,0,1,0,,,,,1,19400623,1,MEM02,v,MEM,1,0,0,regular,y,
MEM194006231,bennb101,SNO,1,7,value,27,2,0,0,0,0,,,,,1,19400623,1,MEM02,v,MEM,1,0,0,regular,y,
MEM194006231,riddm101,SNO,1,4,value,27,3,3,1,0,0,,,,,1,19400623,1,MEM02,v,MEM,1,0,0,regular,y,
MEM194006231,smitb114,SNO,1,2,value,27,6,2,0,1,0,0,,,,1,19400623,1,MEM02,v,MEM,1,0,0,regular,y,
MEM194006231,smite111,SNO,1,1,value,12,0,0,1,0,0,,,,,1,19400623,1,MEM02,v,MEM,1,0,0,regular,y,
MEM194006231,calhl101,SNO,1,1,value,15,1,2,0,1,0,,,,,,19400623,1,MEM02,v,MEM,1,0,0,regular,y,
MEM194006231,bankf101,MEM,1,4,value,27,3,2,2,2,0,,,,,1,19400623,1,MEM02,h,SNO,0,1,0,regular,y,
MEM194006231,taylj106,MEM,1,3,value,27,7,0,0,2,0,,,,,1,19400623,1,MEM02,h,SNO,0,1,0,regular,y,
MEM194006231,bradb107,MEM,1,9,value,27,2,0,1,0,0,,,,,1,19400623,1,MEM02,h,SNO,0,1,0,regular,y,
MEM194006231,robin101,MEM,1,8,value,27,2,0,0,0,0,,,,,1,19400623,1,MEM02,h,SNO,0,1,0,regular,y,
MEM194006231,browl107,MEM,1,2,value,27,4,0,0,0,0,0,,,,1,19400623,1,MEM02,h,SNO,0,1,0,regular,y,
MEM194006231,browt105,MEM,1,6,value,27,2,3,0,1,0,,,,,1,19400623,1,MEM02,h,SNO,0,1,0,regular,y,
MEM194006231,longr102,MEM,1,7,value,27,5,0,0,0,0,,,,,1,19400623,1,MEM02,h,SNO,0,1,0,regular,y,
MEM194006231,warrj101,MEM,1,5,value,27,1,2,0,0,0,,,,,1,19400623,1,MEM02,h,SNO,0,1,0,regular,y,
MEM194006231,sumrw101,MEM,1,1,value,5,0,0,0,0,0,,,,,1,19400623,1,MEM02,h,SNO,0,1,0,regular,y,
MEM194006231,mathv101,MEM,1,1,value,22,1,0,0,0,0,,,,,,19400623,1,MEM02,h,SNO,0,1,0,regular,y,
MEM194006232,greel102,SNO,1,8,value,21,1,0,0,0,0,,,,,1,19400623,2,MEM02,v,MEM,1,0,0,regular,y,
MEM194006232,lylej102,SNO,1,6,value,21,3,2,0,1,0,,,,,1,19400623,2,MEM02,v,MEM,1,0,0,regular,y,
MEM194006232,armob101,SNO,1,9,value,21,3,1,0,1,0,,,,,1,19400623,2,MEM02,v,MEM,1,0,0,regular,y,
MEM194006232,maywe101,SNO,1,3,value,21,6,1,0,2,0,,,,,1,19400623,2,MEM02,v,MEM,1,0,0,regular,y,
MEM194006232,fordj101,SNO,1,5,value,21,1,2,0,0,0,,,,,1,19400623,2,MEM02,v,MEM,1,0,0,regular,y,
MEM194006232,bennb101,SNO,1,7,value,21,3,0,0,0,0,,,,,1,19400623,2,MEM02,v,MEM,1,0,0,regular,y,
MEM194006232,riddm101,SNO,1,4,value,21,1,1,0,0,0,,,,,1,19400623,2,MEM02,v,MEM,1,0,0,regular,y,
MEM194006232,taylr102,SNO,1,2,value,21,3,0,0,1,0,0,,,,1,19400623,2,MEM02,v,MEM,1,0,0,regular,y,
MEM194006232,duncs101,SNO,1,1,value,16,0,0,0,0,0,,,,,1,19400623,2,MEM02,v,MEM,1,0,0,regular,y,
MEM194006232,mcalf101,SNO,1,1,value,5,0,1,0,0,0,,,,,,19400623,2,MEM02,v,MEM,1,0,0,regular,y,
MEM194006232,bankf101,MEM,1,4,value,21,3,6,0,1,0,,,,,1,19400623,2,MEM02,h,SNO,0,1,0,regular,y,
MEM194006232,taylj106,MEM,1,3,value,21,7,0,0,1,0,,,,,1,19400623,2,MEM02,h,SNO,0,1,0,regular,y,
MEM194006232,bradb107,MEM,1,9,value,21,0,0,1,0,0,,,,,1,19400623,2,MEM02,h,SNO,0,1,0,regular,y,
MEM194006232,robin101,MEM,1,8,value,21,2,0,0,0,0,,,,,1,19400623,2,MEM02,h,SNO,0,1,0,regular,y,
MEM194006232,longr102,MEM,1,7,value,21,0,0,0,0,0,,,,,1,19400623,2,MEM02,h,SNO,0,1,0,regular,y,
MEM194006232,browt105,MEM,1,6,value,21,4,2,0,1,0,,,,,1,19400623,2,MEM02,h,SNO,0,1,0,regular,y,
MEM194006232,warrj101,MEM,1,5,value,21,0,0,0,0,0,,,,,1,19400623,2,MEM02,h,SNO,0,1,0,regular,y,
MEM194006232,dawsj102,MEM,1,2,value,18,2,2,0,0,0,1,,,,1,19400623,2,MEM02,h,SNO,0,1,0,regular,y,
MEM194006232,browl107,MEM,1,2,value,3,2,0,0,0,0,0,,,,,19400623,2,MEM02,h,SNO,0,1,0,regular,y,
MEM194006232,dumal101,MEM,1,1,value,4,0,0,0,0,0,,,,,1,19400623,2,MEM02,h,SNO,0,1,0,regular,y,
MEM194006232,savaj103,MEM,1,1,value,17,1,2,0,0,0,,,,,,19400623,2,MEM02,h,SNO,0,1,0,regular,y,
MEM194006250,brutj101,SNO,1,1,value,,,,0,,0,0,,,,,19400625,0,MEM02,v,MEM,0,1,0,regular,,
MEM194006250,calhl101,SNO,1,1,value,,,,0,,0,0,,,,,19400625,0,MEM02,v,MEM,0,1,0,regular,,
MEM194006250,duncs101,SNO,1,1,value,,,,0,,0,0,,,,1,19400625,0,MEM02,v,MEM,0,1,0,regular,,
MEM194006250,smitb114,SNO,1,2,value,,,,0,,0,,,,,,19400625,0,MEM02,v,MEM,0,1,0,regular,,
MEM194006250,taylr102,SNO,1,2,value,,,,0,,0,,,,,1,19400625,0,MEM02,v,MEM,0,1,0,regular,,
MEM194006250,breme101,MEM,1,1,value,27,,,0,,0,0,,,,1,19400625,0,MEM02,h,SNO,1,0,0,regular,,
MEM194006250,browl107,MEM,1,2,value,27,,,0,,0,,,,,1,19400625,0,MEM02,h,SNO,1,0,0,regular,,
KCM194006301,greel102,SNO,1,8,value,27,0,0,0,0,0,,,,,1,19400630,1,KAN05,v,KCM,1,0,0,regular,y,
KCM194006301,lylej102,SNO,1,6,value,27,1,4,0,1,0,,,,,1,19400630,1,KAN05,v,KCM,1,0,0,regular,y,
KCM194006301,armob101,SNO,1,9,value,27,2,0,0,0,0,,,,,1,19400630,1,KAN05,v,KCM,1,0,0,regular,y,
KCM194006301,maywe101,SNO,1,3,value,27,14,0,0,1,0,,,,,1,19400630,1,KAN05,v,KCM,1,0,0,regular,y,
KCM194006301,fordj101,SNO,1,5,value,27,0,1,1,0,0,,,,,1,19400630,1,KAN05,v,KCM,1,0,0,regular,y,
KCM194006301,bennb101,SNO,1,7,value,27,0,0,0,0,0,,,,,1,19400630,1,KAN05,v,KCM,1,0,0,regular,y,
KCM194006301,riddm101,SNO,1,4,value,27,2,3,0,1,0,,,,,1,19400630,1,KAN05,v,KCM,1,0,0,regular,y,
KCM194006301,smitb114,SNO,1,2,value,27,8,2,0,0,0,1,,,,1,19400630,1,KAN05,v,KCM,1,0,0,regular,y,
KCM194006301,smite111,SNO,1,1,value,24,0,4,1,0,0,,,,,1,19400630,1,KAN05,v,KCM,1,0,0,regular,y,
KCM194006301,calhl101,SNO,1,1,value,3,0,1,0,0,0,,,,,,19400630,1,KAN05,v,KCM,1,0,0,regular,y,
KCM194006301,mcdab101,KCM,1,7,value,27,0,0,0,0,0,,,,,1,19400630,1,KAN05,h,SNO,0,1,0,regular,y,
KCM194006301,milth101,KCM,1,9,value,27,2,0,0,0,0,,,,,1,19400630,1,KAN05,h,SNO,0,1,0,regular,y,
KCM194006301,steat101,KCM,1,8,value,27,1,0,0,0,0,,,,,1,19400630,1,KAN05,h,SNO,0,1,0,regular,y,
KCM194006301,greej108,KCM,1,2,value,18,5,0,0,0,0,0,,,,1,19400630,1,KAN05,h,SNO,0,1,0,regular,y,
KCM194006301,decul101,KCM,1,2,value,9,5,0,0,0,0,0,,,,,19400630,1,KAN05,h,SNO,0,1,0,regular,y,
KCM194006301,oneib801,KCM,1,3,value,27,10,0,0,2,0,,,,,1,19400630,1,KAN05,h,SNO,0,1,0,regular,y,
KCM194006301,soueh101,KCM,1,5,value,27,1,2,0,0,0,,,,,1,19400630,1,KAN05,h,SNO,0,1,0,regular,y,
KCM194006301,willj111,KCM,1,6,value,27,2,3,0,2,0,,,,,1,19400630,1,KAN05,h,SNO,0,1,0,regular,y,
KCM194006301,dougj102,KCM,1,4,value,27,1,3,2,1,0,,,,,1,19400630,1,KAN05,h,SNO,0,1,0,regular,y,
KCM194006301,smith111,KCM,1,1,value,21,0,3,0,0,0,,,,,1,19400630,1,KAN05,h,SNO,0,1,0,regular,y,
KCM194006301,matcj101,KCM,1,1,value,6,0,1,0,0,0,,,,,,19400630,1,KAN05,h,SNO,0,1,0,regular,y,
KCM194006302,greel102,SNO,1,8,value,18,2,0,0,0,0,,,,,1,19400630,2,KAN05,v,KCM,0,1,0,regular,y,
KCM194006302,lylej102,SNO,1,6,value,18,1,0,0,0,0,,,,,1,19400630,2,KAN05,v,KCM,0,1,0,regular,y,
KCM194006302,armob101,SNO,1,9,value,18,1,0,0,0,0,,,,,1,19400630,2,KAN05,v,KCM,0,1,0,regular,y,
KCM194006302,maywe101,SNO,1,3,value,18,5,0,0,0,0,,,,,1,19400630,2,KAN05,v,KCM,0,1,0,regular,y,
KCM194006302,fordj101,SNO,1,5,value,18,2,1,2,0,0,,,,,1,19400630,2,KAN05,v,KCM,0,1,0,regular,y,
KCM194006302,bennb101,SNO,1,7,value,18,1,0,0,0,0,,,,,1,19400630,2,KAN05,v,KCM,0,1,0,regular,y,
KCM194006302,riddm101,SNO,1,4,value,18,1,2,1,0,0,,,,,1,19400630,2,KAN05,v,KCM,0,1,0,regular,y,
KCM194006302,taylr102,SNO,1,2,value,18,4,1,0,0,0,1,,,,1,19400630,2,KAN05,v,KCM,0,1,0,regular,y,
KCM194006302,mcalf101,SNO,1,1,value,6,1,0,0,0,0,,,,,1,19400630,2,KAN05,v,KCM,0,1,0,regular,y,
KCM194006302,calhl101,SNO,1,1,value,3,0,0,0,0,0,,,,,,19400630,2,KAN05,v,KCM,0,1,0,regular,y,
KCM194006302,brutj101,SNO,1,1,value,1,0,1,1,0,0,,,,,,19400630,2,KAN05,v,KCM,0,1,0,regular,y,
KCM194006302,duncs101,SNO,1,1,value,8,0,0,0,0,0,,,,,,19400630,2,KAN05,v,KCM,0,1,0,regular,y,
KCM194006302,milth101,KCM,1,9,value,21,1,0,0,0,0,,,,,1,19400630,2,KAN05,h,SNO,1,0,0,regular,y,
KCM194006302,allen102,KCM,1,7,value,21,1,0,0,0,0,,,,,1,19400630,2,KAN05,h,SNO,1,0,0,regular,y,
KCM194006302,decul101,KCM,1,2,value,21,7,0,0,0,0,1,,,,1,19400630,2,KAN05,h,SNO,1,0,0,regular,y,
KCM194006302,steat101,KCM,1,8,value,21,3,0,0,0,0,,,,,1,19400630,2,KAN05,h,SNO,1,0,0,regular,y,
KCM194006302,oneib801,KCM,1,3,value,21,8,0,0,0,0,,,,,1,19400630,2,KAN05,h,SNO,1,0,0,regular,y,
KCM194006302,soueh101,KCM,1,5,value,21,0,1,0,0,0,,,,,1,19400630,2,KAN05,h,SNO,1,0,0,regular,y,
KCM194006302,willj111,KCM,1,6,value,21,0,3,1,0,0,,,,,1,19400630,2,KAN05,h,SNO,1,0,0,regular,y,
KCM194006302,dougj102,KCM,1,4,value,21,1,2,1,0,0,,,,,1,19400630,2,KAN05,h,SNO,1,0,0,regular,y,
KCM194006302,kranf101,KCM,1,1,value,3,0,0,0,0,0,,,,,1,19400630,2,KAN05,h,SNO,1,0,0,regular,y,
KCM194006302,walkg103,KCM,1,1,value,18,0,1,0,0,0,,,,,,19400630,2,KAN05,h,SNO,1,0,0,regular,y,
KCM194007010,calhl101,SNO,1,1,value,28,,,0,,0,0,,,,1,19400701,0,TUL01,v,KCM,0,1,0,regular,,
KCM194007010,smitb114,SNO,1,2,value,28,,,0,,0,,,,,1,19400701,0,TUL01,v,KCM,0,1,0,regular,,
KCM194007010,bradf104,KCM,1,1,value,21,,,0,,0,0,,,,1,19400701,0,TUL01,h,SNO,1,0,0,regular,,
KCM194007010,decul101,KCM,1,2,value,30,,,0,,0,,,,,1,19400701,0,TUL01,h,SNO,1,0,0,regular,,
KCM194007010,kranf101,KCM,1,1,value,3,,,0,,0,0,,,,,19400701,0,TUL01,h,SNO,1,0,0,regular,,
KCM194007010,matcj101,KCM,1,1,value,6,,,0,,0,0,,,,,19400701,0,TUL01,h,SNO,1,0,0,regular,,
SNO194007071,ray-j102,CV9,1,8,value,33,2,0,0,0,0,,,,,1,19400707,1,NOL01,v,SNO,1,0,0,regular,y,
SNO194007071,woodp104,CV9,1,5,value,33,1,0,0,0,0,,,,,1,19400707,1,NOL01,v,SNO,1,0,0,regular,y,
SNO194007071,clevd101,CV9,1,9,value,33,2,1,0,0,0,,,,,1,19400707,1,NOL01,v,SNO,1,0,0,regular,y,
SNO194007071,turnh101,CV9,1,3,value,33,13,0,0,3,0,,,,,1,19400707,1,NOL01,v,SNO,1,0,0,regular,y,
SNO194007071,sampo101,CV9,1,7,value,33,3,0,0,0,0,,,,,1,19400707,1,NOL01,v,SNO,1,0,0,regular,y,
SNO194007071,barnh102,CV9,1,2,value,33,7,2,0,0,0,0,,,,1,19400707,1,NOL01,v,SNO,1,0,0,regular,y,
SNO194007071,lamac101,CV9,1,6,value,33,2,0,0,3,0,,,,,1,19400707,1,NOL01,v,SNO,1,0,0,regular,y,
SNO194007071,fraza101,CV9,1,4,value,33,2,6,0,2,0,,,,,1,19400707,1,NOL01,v,SNO,1,0,0,regular,y,
SNO194007071,sarva101,CV9,1,1,value,27,1,2,1,1,0,,,,,1,19400707,1,NOL01,v,SNO,1,0,0,regular,y,
SNO194007071,henrp101,CV9,1,1,value,6,0,0,0,0,0,,,,,,19400707,1,NOL01,v,SNO,1,0,0,regular,y,
SNO194007071,greel102,SNO,1,8,value,33,1,1,0,0,0,,,,,1,19400707,1,NOL01,h,CV9,0,1,0,regular,y,
SNO194007071,lylej102,SNO,1,6,value,33,1,4,0,1,0,,,,,1,19400707,1,NOL01,h,CV9,0,1,0,regular,y,
SNO194007071,fordj101,SNO,1,5,value,33,3,0,3,0,0,,,,,1,19400707,1,NOL01,h,CV9,0,1,0,regular,y,
SNO194007071,maywe101,SNO,1,3,value,33,12,0,1,1,0,,,,,1,19400707,1,NOL01,h,CV9,0,1,0,regular,y,
SNO194007071,armob101,SNO,1,9,value,33,1,0,0,0,0,,,,,1,19400707,1,NOL01,h,CV9,0,1,0,regular,y,
SNO194007071,bennb101,SNO,1,7,value,33,2,0,0,0,0,,,,,1,19400707,1,NOL01,h,CV9,0,1,0,regular,y,
SNO194007071,riddm101,SNO,1,4,value,33,4,3,0,1,0,,,,,1,19400707,1,NOL01,h,CV9,0,1,0,regular,y,
SNO194007071,taylr102,SNO,1,2,value,,1,0,0,0,0,0,,,,1,19400707,1,NOL01,h,CV9,0,1,0,regular,y,
SNO194007071,smitb114,SNO,1,2,value,,7,3,2,0,0,1,,,,,19400707,1,NOL01,h,CV9,0,1,0,regular,y,
SNO194007071,smite111,SNO,1,1,value,24,0,0,1,0,0,,,,,1,19400707,1,NOL01,h,CV9,0,1,0,regular,y,
SNO194007071,duncs101,SNO,1,1,value,3,1,0,0,0,0,,,,,,19400707,1,NOL01,h,CV9,0,1,0,regular,y,
SNO194007071,calhl101,SNO,1,1,value,6,0,0,0,0,0,,,,,,19400707,1,NOL01,h,CV9,0,1,0,regular,y,
SNO194007072,ray-j102,CV9,1,8,value,21,1,0,0,0,0,,,,,1,19400707,2,NOL01,v,SNO,1,0,0,regular,y,
SNO194007072,woodp104,CV9,1,5,value,21,0,1,0,0,0,,,,,1,19400707,2,NOL01,v,SNO,1,0,0,regular,y,
SNO194007072,clevd101,CV9,1,9,value,21,1,0,0,0,0,,,,,1,19400707,2,NOL01,v,SNO,1,0,0,regular,y,
SNO194007072,turnh101,CV9,1,3,value,21,11,0,0,0,0,,,,,1,19400707,2,NOL01,v,SNO,1,0,0,regular,y,
SNO194007072,sampo101,CV9,1,7,value,21,1,0,0,0,0,,,,,1,19400707,2,NOL01,v,SNO,1,0,0,regular,y,
SNO194007072,barnh102,CV9,1,2,value,21,6,0,0,0,0,0,,,,1,19400707,2,NOL01,v,SNO,1,0,0,regular,y,
SNO194007072,lamac101,CV9,1,6,value,21,0,3,0,0,0,,,,,1,19400707,2,NOL01,v,SNO,1,0,0,regular,y,
SNO194007072,fraza101,CV9,1,4,value,21,1,3,0,0,0,,,,,1,19400707,2,NOL01,v,SNO,1,0,0,regular,y,
SNO194007072,henrp101,CV9,1,1,value,21,0,2,0,0,0,,,,,1,19400707,2,NOL01,v,SNO,1,0,0,regular,y,
SNO194007072,greel102,SNO,1,8,value,21,1,0,0,0,0,,,,,1,19400707,2,NOL01,h,CV9,0,1,0,regular,y,
SNO194007072,lylej102,SNO,1,6,value,21,1,1,0,1,0,,,,,1,19400707,2,NOL01,h,CV9,0,1,0,regular,y,
SNO194007072,fordj101,SNO,1,5,value,21,2,4,0,0,0,,,,,1,19400707,2,NOL01,h,CV9,0,1,0,regular,y,
SNO194007072,maywe101,SNO,1,3,value,21,10,0,0,1,0,,,,,1,19400707,2,NOL01,h,CV9,0,1,0,regular,y,
SNO194007072,armob101,SNO,1,9,value,21,2,9,0,0,0,,,,,1,19400707,2,NOL01,h,CV9,0,1,0,regular,y,
SNO194007072,bennb101,SNO,1,7,value,21,1,0,0,0,0,,,,,1,19400707,2,NOL01,h,CV9,0,1,0,regular,y,
SNO194007072,riddm101,SNO,1,4,value,21,2,0,0,0,0,,,,,1,19400707,2,NOL01,h,CV9,0,1,0,regular,y,
SNO194007072,taylr102,SNO,1,2,value,21,2,0,0,0,0,0,,,,1,19400707,2,NOL01,h,CV9,0,1,0,regular,y,
SNO194007072,duncs101,SNO,1,1,value,3,0,0,1,0,0,,,,,1,19400707,2,NOL01,h,CV9,0,1,0,regular,y,
SNO194007072,mcalf101,SNO,1,1,value,6,0,0,1,0,0,,,,,,19400707,2,NOL01,h,CV9,0,1,0,regular,y,
SNO194007072,washf101,SNO,1,1,value,12,0,7,0,0,0,,,,,,19400707,2,NOL01,h,CV9,0,1,0,regular,y,
SNO194007090,ray-j102,CV9,1,8,value,24,0,0,0,0,0,,,,,1,19400709,0,NOL01,v,SNO,0,1,0,regular,y,
SNO194007090,woodp104,CV9,1,5,value,24,0,6,0,0,0,,,,,1,19400709,0,NOL01,v,SNO,0,1,0,regular,y,
SNO194007090,clevd101,CV9,1,9,value,24,1,0,0,0,0,,,,,1,19400709,0,NOL01,v,SNO,0,1,0,regular,y,
SNO194007090,robis101,CV9,1,3,value,24,13,0,0,2,0,,,,,1,19400709,0,NOL01,v,SNO,0,1,0,regular,y,
SNO194007090,sampo101,CV9,1,7,value,,3,0,0,0,0,,,,,1,19400709,0,NOL01,v,SNO,0,1,0,regular,y,
SNO194007090,jenkj104,CV9,1,7,value,,0,0,0,0,0,,,,,,19400709,0,NOL01,v,SNO,0,1,0,regular,y,
SNO194007090,barnh102,CV9,1,2,value,24,2,1,0,0,0,2,,,,1,19400709,0,NOL01,v,SNO,0,1,0,regular,y,
SNO194007090,lamac101,CV9,1,6,value,24,2,4,0,2,0,,,,,1,19400709,0,NOL01,v,SNO,0,1,0,regular,y,
SNO194007090,fraza101,CV9,1,4,value,24,3,4,0,2,0,,,,,1,19400709,0,NOL01,v,SNO,0,1,0,regular,y,
SNO194007090,mitca102,CV9,1,1,value,20,0,1,0,0,0,,,,,1,19400709,0,NOL01,v,SNO,0,1,0,regular,y,
SNO194007090,ellis102,CV9,1,1,value,4,0,2,0,0,0,,,,,,19400709,0,NOL01,v,SNO,0,1,0,regular,y,
SNO194007090,greel102,SNO,1,8,value,27,1,0,0,0,0,,,,,1,19400709,0,NOL01,h,CV9,1,0,0,regular,y,
SNO194007090,lylej102,SNO,1,6,value,27,2,3,0,1,0,,,,,1,19400709,0,NOL01,h,CV9,1,0,0,regular,y,
SNO194007090,armob101,SNO,1,9,value,27,1,0,0,0,0,,,,,1,19400709,0,NOL01,h,CV9,1,0,0,regular,y,
SNO194007090,maywe101,SNO,1,3,value,27,11,0,1,1,0,,,,,1,19400709,0,NOL01,h,CV9,1,0,0,regular,y,
SNO194007090,riddm101,SNO,1,4,value,27,1,1,0,0,0,,,,,1,19400709,0,NOL01,h,CV9,1,0,0,regular,y,
SNO194007090,fordj101,SNO,1,5,value,27,2,3,2,0,0,,,,,1,19400709,0,NOL01,h,CV9,1,0,0,regular,y,
SNO194007090,bennb101,SNO,1,7,value,27,0,0,0,0,0,,,,,1,19400709,0,NOL01,h,CV9,1,0,0,regular,y,
SNO194007090,taylr102,SNO,1,2,value,27,9,2,0,0,0,0,,,,1,19400709,0,NOL01,h,CV9,1,0,0,regular,y,
SNO194007090,calhl101,SNO,1,1,value,27,0,2,0,1,0,,,,,1,19400709,0,NOL01,h,CV9,1,0,0,regular,y,
CAG194007141,greel102,SNO,1,8,value,24,,,0,0,0,,,,,1,19400714,1,CHI09,v,CAG,0,1,0,regular,y,
CAG194007141,lylej102,SNO,1,6,value,24,,,0,0,0,,,,,1,19400714,1,CHI09,v,CAG,0,1,0,regular,y,
CAG194007141,armob101,SNO,1,9,value,24,,,0,0,0,,,,,1,19400714,1,CHI09,v,CAG,0,1,0,regular,y,
CAG194007141,fordj101,SNO,1,5,value,24,,,0,0,0,,,,,1,19400714,1,CHI09,v,CAG,0,1,0,regular,y,
CAG194007141,maywe101,SNO,1,3,value,24,,,0,0,0,,,,,1,19400714,1,CHI09,v,CAG,0,1,0,regular,y,
CAG194007141,bennb101,SNO,1,7,value,24,,,0,0,0,,,,,1,19400714,1,CHI09,v,CAG,0,1,0,regular,y,
CAG194007141,riddm101,SNO,1,4,value,24,,,1,0,0,,,,,1,19400714,1,CHI09,v,CAG,0,1,0,regular,y,
CAG194007141,smitb114,SNO,1,2,value,24,,,0,0,0,1,,,,1,19400714,1,CHI09,v,CAG,0,1,0,regular,y,
CAG194007141,smite111,SNO,1,1,value,24,,,0,0,0,,,,,1,19400714,1,CHI09,v,CAG,0,1,0,regular,y,
CAG194007141,simmw101,CAG,1,8,value,27,,,0,0,0,,,,,1,19400714,1,CHI09,h,SNO,1,0,0,regular,y,
CAG194007141,bondt102,CAG,1,5,value,27,,,0,0,0,,,,,1,19400714,1,CHI09,h,SNO,1,0,0,regular,y,
CAG194007141,mornl101,CAG,1,6,value,27,,,1,0,0,,,,,1,19400714,1,CHI09,h,SNO,1,0,0,regular,y,
CAG194007141,youne102,CAG,1,2,value,27,,,0,0,0,0,,,,1,19400714,1,CHI09,h,SNO,1,0,0,regular,y,
CAG194007141,reevd101,CAG,1,9,value,27,,,0,0,0,,,,,1,19400714,1,CHI09,h,SNO,1,0,0,regular,y,
CAG194007141,browj113,CAG,1,3,value,27,,,0,0,0,,,,,1,19400714,1,CHI09,h,SNO,1,0,0,regular,y,
CAG194007141,smite112,CAG,1,7,value,27,,,0,0,0,,,,,1,19400714,1,CHI09,h,SNO,1,0,0,regular,y,
CAG194007141,hornb101,CAG,1,4,value,27,,,0,0,0,,,,,1,19400714,1,CHI09,h,SNO,1,0,0,regular,y,
CAG194007141,hudsf101,CAG,1,1,value,27,,,0,0,0,,,,,1,19400714,1,CHI09,h,SNO,1,0,0,regular,y,
CAG194007142,calhl101,SNO,1,1,value,18,,,0,,0,0,,,,1,19400714,2,CHI09,v,CAG,0,1,0,regular,,
CAG194007142,smite111,SNO,1,1,value,8,,,0,,0,0,,,,,19400714,2,CHI09,v,CAG,0,1,0,regular,,
CAG194007142,taylr102,SNO,1,2,value,26,,,0,,0,,,,,1,19400714,2,CHI09,v,CAG,0,1,0,regular,,
CAG194007142,bowel102,CAG,1,1,value,18,,,0,,0,0,,,,1,19400714,2,CHI09,h,SNO,1,0,0,regular,,
CAG194007142,browj113,CAG,1,2,value,27,,,0,,0,,,,,1,19400714,2,CHI09,h,SNO,1,0,0,regular,,
CAG194007142,millw107,CAG,1,1,value,9,,,0,,0,0,,,,,19400714,2,CHI09,h,SNO,1,0,0,regular,,
CAG194007150,mitcg101,SNO,1,1,value,,,,0,,0,0,,,,,19400715,0,CHI09,v,CAG,0,1,0,regular,,
CAG194007150,oaklc101,SNO,1,1,value,,,,0,,0,0,,,,1,19400715,0,CHI09,v,CAG,0,1,0,regular,,
CAG194007150,taylr102,SNO,1,2,value,25,,,0,,0,,,,,1,19400715,0,CHI09,v,CAG,0,1,0,regular,,
CAG194007150,browj113,CAG,1,2,value,27,,,0,,0,,,,,1,19400715,0,CHI09,h,SNO,1,0,0,regular,,
CAG194007150,merch101,CAG,1,1,value,,,,0,,0,0,,,,1,19400715,0,CHI09,h,SNO,1,0,0,regular,,
CAG194007150,millw107,CAG,1,1,value,,,,0,,0,0,,,,,19400715,0,CHI09,h,SNO,1,0,0,regular,,
CAG194007150,reevd101,CAG,1,9,value,27,,,0,,0,0,,,,,19400715,0,CHI09,h,SNO,1,0,0,regular,,
CAG194007150,simmw101,CAG,1,8,value,27,,,0,,0,0,,,,1,19400715,0,CHI09,h,SNO,1,0,0,regular,,
SNO194007170,barnh102,CV9,1,2,value,33,,,0,,0,,,,,1,19400717,0,SPA01,v,SNO,0,1,0,regular,,
SNO194007170,henrp101,CV9,1,1,value,1,,,0,,0,0,,,,,19400717,0,SPA01,v,SNO,0,1,0,regular,,
SNO194007170,sarva101,CV9,1,1,value,33,,,0,,0,0,,,,1,19400717,0,SPA01,v,SNO,0,1,0,regular,,
SNO194007170,deanr101,SNO,1,1,value,36,,,0,,0,0,,,,1,19400717,0,SPA01,h,CV9,1,0,0,regular,,
SNO194007170,taylr102,SNO,1,2,value,36,,,0,,0,,,,,1,19400717,0,SPA01,h,CV9,1,0,0,regular,,
SNO194007260,wilsj107,IN8,1,4,value,21,2,2,1,0,0,,,,,1,19400726,0,HOU05,v,SNO,1,0,0,regular,y,
SNO194007260,charo101,IN8,1,7,value,21,0,0,0,0,0,,,,,1,19400726,0,HOU05,v,SNO,1,0,0,regular,y,
SNO194007260,hendc102,IN8,1,6,value,21,1,1,0,0,0,,,,,1,19400726,0,HOU05,v,SNO,1,0,0,regular,y,
SNO194007260,johnj117,IN8,1,9,value,21,3,0,0,0,0,,,,,1,19400726,0,HOU05,v,SNO,1,0,0,regular,y,
SNO194007260,shamj101,IN8,1,5,value,21,0,0,0,0,0,,,,,1,19400726,0,HOU05,v,SNO,1,0,0,regular,y,
SNO194007260,smitj112,IN8,1,1,value,21,0,1,0,0,0,,,,,1,19400726,0,HOU05,v,SNO,1,0,0,regular,y,
SNO194007260,spenw101,IN8,1,8,value,21,0,1,0,0,0,,,,,1,19400726,0,HOU05,v,SNO,1,0,0,regular,y,
SNO194007260,turnl101,IN8,1,3,value,21,8,0,0,0,0,,,,,1,19400726,0,HOU05,v,SNO,1,0,0,regular,y,
SNO194007260,bellh102,IN8,1,2,value,21,7,2,0,0,0,0,,,,1,19400726,0,HOU05,v,SNO,1,0,0,regular,y,
SNO194007260,greel102,SNO,1,8,value,21,1,0,0,0,0,,,,,1,19400726,0,HOU05,h,IN8,0,1,0,regular,y,
SNO194007260,lylej102,SNO,1,6,value,21,1,1,1,0,0,,,,,1,19400726,0,HOU05,h,IN8,0,1,0,regular,y,
SNO194007260,armob101,SNO,1,9,value,21,0,0,0,0,0,,,,,1,19400726,0,HOU05,h,IN8,0,1,0,regular,y,
SNO194007260,maywe101,SNO,1,3,value,12,4,0,0,0,0,,,,,1,19400726,0,HOU05,h,IN8,0,1,0,regular,y,
SNO194007260,britj104,SNO,1,3,value,9,3,0,1,0,0,,,,,,19400726,0,HOU05,h,IN8,0,1,0,regular,y,
SNO194007260,bennb101,SNO,1,7,value,21,2,1,0,1,0,,,,,1,19400726,0,HOU05,h,IN8,0,1,0,regular,y,
SNO194007260,riddm101,SNO,1,4,value,21,3,2,1,1,0,,,,,1,19400726,0,HOU05,h,IN8,0,1,0,regular,y,
SNO194007260,fordj101,SNO,1,5,value,21,1,2,0,0,0,,,,,1,19400726,0,HOU05,h,IN8,0,1,0,regular,y,
SNO194007260,smitb114,SNO,1,2,value,21,5,1,0,0,0,0,,,,1,19400726,0,HOU05,h,IN8,0,1,0,regular,y,
SNO194007260,suttl101,SNO,1,1,value,15,1,3,1,0,0,,,,,1,19400726,0,HOU05,h,IN8,0,1,0,regular,y,
SNO194007260,burru101,SNO,1,1,value,6,0,1,0,0,0,,,,,,19400726,0,HOU05,h,IN8,0,1,0,regular,y,
SNO194007270,owens102,IN8,1,8,value,18,2,1,1,0,0,,,,,1,19400727,0,BAT01,v,SNO,0,1,0,regular,y,
SNO194007270,johnj117,IN8,1,9,value,18,1,0,0,0,0,,,,,1,19400727,0,BAT01,v,SNO,0,1,0,regular,y,
SNO194007270,hendc102,IN8,1,6,value,18,2,0,1,0,0,,,,,1,19400727,0,BAT01,v,SNO,0,1,0,regular,y,
SNO194007270,smitj112,IN8,1,7,value,18,0,0,0,0,0,,,,,1,19400727,0,BAT01,v,SNO,0,1,0,regular,y,
SNO194007270,shamj101,IN8,1,5,value,18,0,1,1,0,0,,,,,1,19400727,0,BAT01,v,SNO,0,1,0,regular,y,
SNO194007270,spenw101,IN8,1,4,value,18,2,3,0,0,0,,,,,1,19400727,0,BAT01,v,SNO,0,1,0,regular,y,
SNO194007270,bellh102,IN8,1,2,value,18,4,0,0,0,0,0,,,,1,19400727,0,BAT01,v,SNO,0,1,0,regular,y,
SNO194007270,turnl101,IN8,1,3,value,18,7,1,0,0,0,,,,,1,19400727,0,BAT01,v,SNO,0,1,0,regular,y,
SNO194007270,wilsl102,IN8,1,1,value,18,0,0,0,0,0,,,,,1,19400727,0,BAT01,v,SNO,0,1,0,regular,y,
SNO194007270,greel102,SNO,1,8,value,21,2,0,1,0,0,,,,,1,19400727,0,BAT01,h,IN8,1,0,0,regular,y,
SNO194007270,lylej102,SNO,1,6,value,21,1,2,2,0,0,,,,,1,19400727,0,BAT01,h,IN8,1,0,0,regular,y,
SNO194007270,armob101,SNO,1,9,value,21,1,0,0,0,0,,,,,1,19400727,0,BAT01,h,IN8,1,0,0,regular,y,
SNO194007270,fordj101,SNO,1,5,value,,0,0,0,0,0,,,,,1,19400727,0,BAT01,h,IN8,1,0,0,regular,y,
SNO194007270,robib105,SNO,1,5,value,,1,2,0,0,0,,,,,,19400727,0,BAT01,h,IN8,1,0,0,regular,y,
SNO194007270,maywe101,SNO,1,3,value,21,7,0,0,0,0,,,,,1,19400727,0,BAT01,h,IN8,1,0,0,regular,y,
SNO194007270,bennb101,SNO,1,7,value,,1,0,1,0,0,,,,,1,19400727,0,BAT01,h,IN8,1,0,0,regular,y,
SNO194007270,britj104,SNO,1,7,value,,0,0,0,0,0,,,,,,19400727,0,BAT01,h,IN8,1,0,0,regular,y,
SNO194007270,riddm101,SNO,1,4,value,21,2,0,0,0,0,,,,,1,19400727,0,BAT01,h,IN8,1,0,0,regular,y,
SNO194007270,taylr102,SNO,1,2,value,21,5,0,0,0,0,1,,,,1,19400727,0,BAT01,h,IN8,1,0,0,regular,y,
SNO194007270,oaklc101,SNO,1,1,value,9,0,1,0,0,0,,,,,1,19400727,0,BAT01,h,IN8,1,0,0,regular,y,
SNO194007270,mcalf101,SNO,1,1,value,6,0,1,0,0,0,,,,,,19400727,0,BAT01,h,IN8,1,0,0,regular,y,
SNO194007270,smite111,SNO,1,1,value,3,0,0,1,0,0,,,,,,19400727,0,BAT01,h,IN8,1,0,0,regular,y,
SNO194007270,calhl101,SNO,1,1,value,3,1,0,0,0,0,,,,,,19400727,0,BAT01,h,IN8,1,0,0,regular,y,
SNO194007281,wilsj107,IN8,1,8,value,24,2,0,0,0,0,,,,,1,19400728,1,NOL01,v,SNO,0,1,0,regular,y,
SNO194007281,johnj117,IN8,1,9,value,24,1,0,0,0,0,,,,,1,19400728,1,NOL01,v,SNO,0,1,0,regular,y,
SNO194007281,hendc102,IN8,1,6,value,24,1,2,0,0,0,,,,,1,19400728,1,NOL01,v,SNO,0,1,0,regular,y,
SNO194007281,smitj112,IN8,1,7,value,24,3,0,0,0,0,,,,,1,19400728,1,NOL01,v,SNO,0,1,0,regular,y,
SNO194007281,shamj101,IN8,1,5,value,24,2,1,0,0,0,,,,,1,19400728,1,NOL01,v,SNO,0,1,0,regular,y,
SNO194007281,bellh102,IN8,1,2,value,24,7,0,0,0,0,0,,,,1,19400728,1,NOL01,v,SNO,0,1,0,regular,y,
SNO194007281,turnl101,IN8,1,3,value,24,5,1,1,0,0,,,,,1,19400728,1,NOL01,v,SNO,0,1,0,regular,y,
SNO194007281,hallb110,IN8,1,4,value,24,3,2,1,0,0,,,,,1,19400728,1,NOL01,v,SNO,0,1,0,regular,y,
SNO194007281,wrigj105,IN8,1,1,value,24,0,1,0,0,0,,,,,1,19400728,1,NOL01,v,SNO,0,1,0,regular,y,
SNO194007281,greel102,SNO,1,8,value,27,0,0,0,0,0,,,,,1,19400728,1,NOL01,h,IN8,1,0,0,regular,y,
SNO194007281,robib105,SNO,1,5,value,27,1,3,0,0,0,,,,,1,19400728,1,NOL01,h,IN8,1,0,0,regular,y,
SNO194007281,armob101,SNO,1,6,value,27,2,3,0,0,0,,,,,1,19400728,1,NOL01,h,IN8,1,0,0,regular,y,
SNO194007281,maywe101,SNO,1,3,value,24,6,0,0,0,0,,,,,1,19400728,1,NOL01,h,IN8,1,0,0,regular,y,
SNO194007281,fordj101,SNO,1,9,value,3,0,0,0,0,0,,,,,,19400728,1,NOL01,h,IN8,1,0,0,regular,y,
SNO194007281,britj104,SNO,1,9,value,24,4,0,0,0,0,,,,,1,19400728,1,NOL01,h,IN8,1,0,0,regular,y,
SNO194007281,britj104,SNO,2,3,value,3,,,0,0,0,,,,,1,19400728,1,NOL01,h,IN8,1,0,0,regular,y,
SNO194007281,bennb101,SNO,1,7,value,27,5,0,0,0,0,,,,,1,19400728,1,NOL01,h,IN8,1,0,0,regular,y,
SNO194007281,riddm101,SNO,1,4,value,27,1,2,0,0,0,,,,,1,19400728,1,NOL01,h,IN8,1,0,0,regular,y,
SNO194007281,taylr102,SNO,1,2,value,27,7,0,0,0,0,1,,,,1,19400728,1,NOL01,h,IN8,1,0,0,regular,y,
SNO194007281,smite111,SNO,1,1,value,27,1,4,1,0,0,,,,,1,19400728,1,NOL01,h,IN8,1,0,0,regular,y,
SNO194007282,johnc103,IN8,1,1,value,18,,,0,,0,0,,,,1,19400728,2,NOL01,v,SNO,0,1,0,regular,,
SNO194007282,marcz101,IN8,1,2,value,18,,,0,,0,,,,,1,19400728,2,NOL01,v,SNO,0,1,0,regular,,
SNO194007282,calhl101,SNO,1,1,value,21,,,0,,0,0,,,,1,19400728,2,NOL01,h,IN8,1,0,0,regular,,
SNO194007282,fordj101,SNO,1,5,value,21,,,1,,0,0,,,,,19400728,2,NOL01,h,IN8,1,0,0,regular,,
SNO194007282,smitb114,SNO,1,2,value,21,,,0,,0,,,,,1,19400728,2,NOL01,h,IN8,1,0,0,regular,,
SNO194007290,bellh102,IN8,1,2,value,21,,,0,,0,,,,,1,19400729,0,PTA01,v,SNO,0,1,0,regular,,
SNO194007290,johnc103,IN8,1,1,value,21,,,0,,0,0,,,,1,19400729,0,PTA01,v,SNO,0,1,0,regular,,
SNO194007290,burru101,SNO,1,1,value,,,,0,,0,0,,,,,19400729,0,PTA01,h,IN8,1,0,0,regular,,
SNO194007290,calhl101,SNO,1,1,value,,,,0,,0,0,,,,,19400729,0,PTA01,h,IN8,1,0,0,regular,,
SNO194007290,suttl101,SNO,1,1,value,,,,0,,0,0,,,,1,19400729,0,PTA01,h,IN8,1,0,0,regular,,
SNO194007290,taylr102,SNO,1,2,value,27,,,0,,0,,,,,1,19400729,0,PTA01,h,IN8,1,0,0,regular,,
SNO194007300,bellh102,IN8,1,2,value,27,,,0,,0,,,,,1,19400730,0,HOU04,v,SNO,0,1,0,regular,,
SNO194007300,wrigj105,IN8,1,1,value,27,,,0,,0,0,,,,1,19400730,0,HOU04,v,SNO,0,1,0,regular,,
SNO194007300,burru101,SNO,1,1,value,27,,,0,,0,0,,,,1,19400730,0,HOU04,h,IN8,1,0,0,regular,,
SNO194007300,smitb114,SNO,1,2,value,27,,,0,,0,,,,,1,19400730,0,HOU04,h,IN8,1,0,0,regular,,
MEM194008010,calhl101,SNO,1,1,value,,,,0,,0,0,,,,,19400801,0,PBL01,v,MEM,1,0,0,regular,,
MEM194008010,mcalf101,SNO,1,1,value,,,,0,,0,0,,,,1,19400801,0,PBL01,v,MEM,1,0,0,regular,,
MEM194008010,smite111,SNO,1,1,value,,,,0,,0,0,,,,,19400801,0,PBL01,v,MEM,1,0,0,regular,,
MEM194008010,taylr102,SNO,1,2,value,27,,,0,,0,,,,,1,19400801,0,PBL01,v,MEM,1,0,0,regular,,
MEM194008010,boonl102,MEM,1,1,value,,,,0,,0,0,,,,1,19400801,0,PBL01,h,SNO,0,1,0,regular,,
MEM194008010,longr102,MEM,1,2,value,27,,,0,,0,,,,,1,19400801,0,PBL01,h,SNO,0,1,0,regular,,
MEM194008010,savaj103,MEM,1,1,value,,,,0,,0,0,,,,,19400801,0,PBL01,h,SNO,0,1,0,regular,,
PH5194008031,greel102,SNO,1,8,value,24,2,0,0,0,0,,,,,1,19400803,1,PHI17,v,PH5,0,1,0,exhibition,y,
PH5194008031,lylej102,SNO,1,9,value,24,1,0,0,0,0,,,,,1,19400803,1,PHI17,v,PH5,0,1,0,exhibition,y,
PH5194008031,armob101,SNO,1,6,value,24,2,4,0,0,0,,,,,1,19400803,1,PHI17,v,PH5,0,1,0,exhibition,y,
PH5194008031,maywe101,SNO,1,3,value,24,6,1,0,0,0,,,,,1,19400803,1,PHI17,v,PH5,0,1,0,exhibition,y,
PH5194008031,bennb101,SNO,1,7,value,24,1,0,0,0,0,,,,,1,19400803,1,PHI17,v,PH5,0,1,0,exhibition,y,
PH5194008031,riddm101,SNO,1,4,value,24,3,4,0,0,0,,,,,1,19400803,1,PHI17,v,PH5,0,1,0,exhibition,y,
PH5194008031,robib105,SNO,1,5,value,24,2,0,0,0,0,,,,,1,19400803,1,PHI17,v,PH5,0,1,0,exhibition,y,
PH5194008031,taylr102,SNO,1,2,value,24,6,0,0,0,0,1,,,,1,19400803,1,PHI17,v,PH5,0,1,0,exhibition,y,
PH5194008031,mcalf101,SNO,1,1,value,12,1,0,0,0,0,,,,,1,19400803,1,PHI17,v,PH5,0,1,0,exhibition,y,
PH5194008031,oaklc101,SNO,1,1,value,3,0,0,0,0,0,,,,,,19400803,1,PHI17,v,PH5,0,1,0,exhibition,y,
PH5194008031,suttl101,SNO,1,1,value,9,0,0,0,0,0,,,,,,19400803,1,PHI17,v,PH5,0,1,0,exhibition,y,
PH5194008031,campd103,PH5,1,4,value,27,1,3,0,0,0,,,,,1,19400803,1,PHI17,h,SNO,1,0,0,exhibition,y,
PH5194008031,parnr102,PH5,1,7,value,27,3,0,0,0,0,,,,,1,19400803,1,PHI17,h,SNO,1,0,0,exhibition,y,
PH5194008031,jordl101,PH5,1,6,value,27,3,1,0,0,0,,,,,1,19400803,1,PHI17,h,SNO,1,0,0,exhibition,y,
PH5194008031,bensg101,PH5,1,8,value,27,2,0,0,0,0,,,,,1,19400803,1,PHI17,h,SNO,1,0,0,exhibition,y,
PH5194008031,westj102,PH5,1,3,value,27,11,1,0,0,0,,,,,1,19400803,1,PHI17,h,SNO,1,0,0,exhibition,y,
PH5194008031,palmc101,PH5,1,2,value,27,6,0,0,0,0,0,,,,1,19400803,1,PHI17,h,SNO,1,0,0,exhibition,y,
PH5194008031,dunnj104,PH5,1,9,value,27,1,0,0,0,0,,,,,1,19400803,1,PHI17,h,SNO,1,0,0,exhibition,y,
PH5194008031,duckm101,PH5,1,5,value,27,0,2,0,0,0,,,,,1,19400803,1,PHI17,h,SNO,1,0,0,exhibition,y,
PH5194008031,buchc101,PH5,1,1,value,15,0,1,0,0,0,,,,,1,19400803,1,PHI17,h,SNO,1,0,0,exhibition,y,
PH5194008031,missj102,PH5,1,1,value,12,0,0,0,0,0,,,,,,19400803,1,PHI17,h,SNO,1,0,0,exhibition,y,
PH5194008032,greel102,SNO,1,8,value,18,0,0,0,0,0,,,,,1,19400803,2,PHI17,v,PH5,0,1,0,exhibition,y,
PH5194008032,lylej102,SNO,1,9,value,18,2,0,0,0,0,,,,,1,19400803,2,PHI17,v,PH5,0,1,0,exhibition,y,
PH5194008032,armob101,SNO,1,6,value,18,1,2,0,0,0,,,,,1,19400803,2,PHI17,v,PH5,0,1,0,exhibition,y,
PH5194008032,brutj101,SNO,1,3,value,18,9,0,0,0,0,,,,,1,19400803,2,PHI17,v,PH5,0,1,0,exhibition,y,
PH5194008032,bennb101,SNO,1,7,value,18,0,0,0,0,0,,,,,1,19400803,2,PHI17,v,PH5,0,1,0,exhibition,y,
PH5194008032,riddm101,SNO,1,4,value,18,1,3,0,0,0,,,,,1,19400803,2,PHI17,v,PH5,0,1,0,exhibition,y,
PH5194008032,robib105,SNO,1,5,value,18,0,1,0,0,0,,,,,1,19400803,2,PHI17,v,PH5,0,1,0,exhibition,y,
PH5194008032,taylr102,SNO,1,2,value,12,4,3,0,0,0,0,,,,1,19400803,2,PHI17,v,PH5,0,1,0,exhibition,y,
PH5194008032,smitb114,SNO,1,2,value,6,1,0,0,0,0,0,,,,,19400803,2,PHI17,v,PH5,0,1,0,exhibition,y,
PH5194008032,suttl101,SNO,1,1,value,12,0,1,0,0,0,,,,,1,19400803,2,PHI17,v,PH5,0,1,0,exhibition,y,
PH5194008032,smite111,SNO,1,1,value,0,0,0,0,0,0,,,,,,19400803,2,PHI17,v,PH5,0,1,0,exhibition,y,
PH5194008032,calhl101,SNO,1,1,value,6,0,0,0,0,0,,,,,,19400803,2,PHI17,v,PH5,0,1,0,exhibition,y,
PH5194008032,campd103,PH5,1,4,value,21,4,2,0,0,0,,,,,1,19400803,2,PHI17,h,SNO,1,0,0,exhibition,y,
PH5194008032,parnr102,PH5,1,7,value,21,0,0,0,0,0,,,,,1,19400803,2,PHI17,h,SNO,1,0,0,exhibition,y,
PH5194008032,jordl101,PH5,1,6,value,21,1,0,0,0,0,,,,,1,19400803,2,PHI17,h,SNO,1,0,0,exhibition,y,
PH5194008032,bensg101,PH5,1,8,value,21,1,0,0,0,0,,,,,1,19400803,2,PHI17,h,SNO,1,0,0,exhibition,y,
PH5194008032,westj102,PH5,1,3,value,21,5,0,0,0,0,,,,,1,19400803,2,PHI17,h,SNO,1,0,0,exhibition,y,
PH5194008032,coopb101,PH5,1,2,value,21,9,0,0,0,0,0,,,,1,19400803,2,PHI17,h,SNO,1,0,0,exhibition,y,
PH5194008032,dunnj104,PH5,1,9,value,15,0,0,0,0,0,,,,,1,19400803,2,PHI17,h,SNO,1,0,0,exhibition,y,
PH5194008032,mcheh101,PH5,1,9,value,6,1,0,0,0,0,,,,,,19400803,2,PHI17,h,SNO,1,0,0,exhibition,y,
PH5194008032,duckm101,PH5,1,5,value,21,0,2,0,0,0,,,,,1,19400803,2,PHI17,h,SNO,1,0,0,exhibition,y,
PH5194008032,missj102,PH5,1,1,value,21,0,1,0,0,0,,,,,1,19400803,2,PHI17,h,SNO,1,0,0,exhibition,y,
BLG194008041,greel102,SNO,1,8,value,27,3,0,1,0,0,,,,,1,19400804,1,NYC16,v,BLG,1,0,0,exhibition,y,
BLG194008041,lylej102,SNO,1,9,value,27,3,0,1,0,0,,,,,1,19400804,1,NYC16,v,BLG,1,0,0,exhibition,y,
BLG194008041,armob101,SNO,1,6,value,27,2,3,0,1,0,,,,,1,19400804,1,NYC16,v,BLG,1,0,0,exhibition,y,
BLG194008041,maywe101,SNO,1,3,value,27,10,1,0,2,0,,,,,1,19400804,1,NYC16,v,BLG,1,0,0,exhibition,y,
BLG194008041,fordj101,SNO,1,5,value,27,0,0,0,0,0,,,,,1,19400804,1,NYC16,v,BLG,1,0,0,exhibition,y,
BLG194008041,bennb101,SNO,1,7,value,27,1,0,0,0,0,,,,,1,19400804,1,NYC16,v,BLG,1,0,0,exhibition,y,
BLG194008041,riddm101,SNO,1,4,value,27,5,5,0,2,0,,,,,1,19400804,1,NYC16,v,BLG,1,0,0,exhibition,y,
BLG194008041,taylr102,SNO,1,2,value,27,3,0,1,0,0,0,,,,1,19400804,1,NYC16,v,BLG,1,0,0,exhibition,y,
BLG194008041,smite111,SNO,1,1,value,12,0,0,1,0,0,,,,,1,19400804,1,NYC16,v,BLG,1,0,0,exhibition,y,
BLG194008041,barlu101,SNO,1,1,value,15,0,1,0,0,0,,,,,,19400804,1,NYC16,v,BLG,1,0,0,exhibition,y,
BLG194008041,kimbh102,BLG,1,8,value,27,3,0,0,0,0,,,,,1,19400804,1,NYC16,h,SNO,0,1,0,exhibition,y,
BLG194008041,buttt102,BLG,1,6,value,,1,5,0,0,0,,,,,1,19400804,1,NYC16,h,SNO,0,1,0,exhibition,y,
BLG194008041,hughs101,BLG,1,4,value,27,3,3,0,0,0,,,,,1,19400804,1,NYC16,h,SNO,0,1,0,exhibition,y,
BLG194008041,hoskb101,BLG,1,7,value,27,1,0,0,0,0,,,,,1,19400804,1,NYC16,h,SNO,0,1,0,exhibition,y,
BLG194008041,scalg101,BLG,1,6,value,,0,0,0,0,0,,,,,,19400804,1,NYC16,h,SNO,0,1,0,exhibition,y,
BLG194008041,moorr104,BLG,1,3,value,27,10,2,0,0,0,,,,,1,19400804,1,NYC16,h,SNO,0,1,0,exhibition,y,
BLG194008041,currg102,BLG,1,9,value,27,2,0,0,0,0,,,,,1,19400804,1,NYC16,h,SNO,0,1,0,exhibition,y,
BLG194008041,perkb101,BLG,1,2,value,27,4,1,0,0,0,0,,,,1,19400804,1,NYC16,h,SNO,0,1,0,exhibition,y,
BLG194008041,snowf101,BLG,1,5,value,27,2,2,0,0,0,,,,,1,19400804,1,NYC16,h,SNO,0,1,0,exhibition,y,
BLG194008041,adame101,BLG,1,1,value,26,1,3,1,0,0,,,,,1,19400804,1,NYC16,h,SNO,0,1,0,exhibition,y,
BLG194008041,barbb102,BLG,1,1,value,1,0,0,1,0,0,,,,,,19400804,1,NYC16,h,SNO,0,1,0,exhibition,y,
SNO194008120,bradf104,KCM,1,1,value,,,,0,,0,0,,,,1,19400812,0,TUL01,v,SNO,1,0,0,regular,,
SNO194008120,greej108,KCM,1,2,value,27,,,0,,0,,,,,1,19400812,0,TUL01,v,SNO,1,0,0,regular,,
SNO194008120,matcj101,KCM,1,1,value,,,,0,,0,0,,,,,19400812,0,TUL01,v,SNO,1,0,0,regular,,
SNO194008120,smith111,KCM,1,1,value,,,,0,,0,0,,,,,19400812,0,TUL01,v,SNO,1,0,0,regular,,
SNO194008120,calhl101,SNO,1,1,value,,,,0,,0,0,,,,,19400812,0,TUL01,h,KCM,0,1,0,regular,,
SNO194008120,smite111,SNO,1,1,value,,,,0,,0,0,,,,1,19400812,0,TUL01,h,KCM,0,1,0,regular,,
SNO194008120,taylr102,SNO,1,2,value,27,,,0,,0,,,,,1,19400812,0,TUL01,h,KCM,0,1,0,regular,,
MEM194008150,oaklc101,SNO,1,1,value,,,,0,,0,0,,,,1,19400815,0,LRK02,v,MEM,0,1,0,regular,,
MEM194008150,smitb114,SNO,1,2,value,24,,,0,,0,,,,,1,19400815,0,LRK02,v,MEM,0,1,0,regular,,
MEM194008150,suttl101,SNO,1,1,value,,,,0,,0,0,,,,,19400815,0,LRK02,v,MEM,0,1,0,regular,,
MEM194008150,browl107,MEM,1,2,value,27,,,0,,0,,,,,1,19400815,0,LRK02,h,SNO,1,0,0,regular,,
MEM194008150,hutcw101,MEM,1,1,value,,,,0,,0,0,,,,,19400815,0,LRK02,h,SNO,1,0,0,regular,,
MEM194008150,mathv101,MEM,1,1,value,,,,0,,0,0,,,,1,19400815,0,LRK02,h,SNO,1,0,0,regular,,
SNO194008180,bankf101,MEM,1,4,value,24,3,3,0,0,0,,,,,1,19400818,0,NOL01,v,SNO,0,1,0,exhibition,y,
SNO194008180,cartm101,MEM,1,5,value,24,0,3,0,0,0,,,,,1,19400818,0,NOL01,v,SNO,0,1,0,exhibition,y,
SNO194008180,longr102,MEM,1,2,value,24,3,0,0,0,0,0,,,,1,19400818,0,NOL01,v,SNO,0,1,0,exhibition,y,
SNO194008180,dumal101,MEM,1,8,value,24,2,0,0,0,0,,,,,1,19400818,0,NOL01,v,SNO,0,1,0,exhibition,y,
SNO194008180,bradb107,MEM,1,9,value,24,2,0,0,0,0,,,,,1,19400818,0,NOL01,v,SNO,0,1,0,exhibition,y,
SNO194008180,mathv101,MEM,1,3,value,24,8,0,2,0,0,,,,,1,19400818,0,NOL01,v,SNO,0,1,0,exhibition,y,
SNO194008180,rogen101,MEM,1,7,value,24,1,0,0,0,0,,,,,1,19400818,0,NOL01,v,SNO,0,1,0,exhibition,y,
SNO194008180,browt105,MEM,1,6,value,24,5,4,0,0,0,,,,,1,19400818,0,NOL01,v,SNO,0,1,0,exhibition,y,
SNO194008180,hutcw101,MEM,1,1,value,18,0,1,0,0,0,,,,,1,19400818,0,NOL01,v,SNO,0,1,0,exhibition,y,
SNO194008180,savaj103,MEM,1,1,value,6,0,0,0,0,0,,,,,,19400818,0,NOL01,v,SNO,0,1,0,exhibition,y,
SNO194008180,armob101,SNO,1,6,value,27,3,3,0,0,0,,,,,1,19400818,0,NOL01,h,MEM,1,0,0,exhibition,y,
SNO194008180,lylej102,SNO,1,8,value,27,2,0,0,0,0,,,,,1,19400818,0,NOL01,h,MEM,1,0,0,exhibition,y,
SNO194008180,bennb101,SNO,1,7,value,27,0,0,0,0,0,,,,,1,19400818,0,NOL01,h,MEM,1,0,0,exhibition,y,
SNO194008180,fordj101,SNO,1,4,value,27,2,2,0,0,0,,,,,1,19400818,0,NOL01,h,MEM,1,0,0,exhibition,y,
SNO194008180,brutj101,SNO,1,3,value,27,13,0,1,0,0,,,,,1,19400818,0,NOL01,h,MEM,1,0,0,exhibition,y,
SNO194008180,taylr102,SNO,1,2,value,27,5,3,0,0,0,0,,,,1,19400818,0,NOL01,h,MEM,1,0,0,exhibition,y,
SNO194008180,robib105,SNO,1,5,value,27,0,1,0,0,0,,,,,1,19400818,0,NOL01,h,MEM,1,0,0,exhibition,y,
SNO194008180,smitb114,SNO,1,9,value,27,1,0,0,0,0,,,,,1,19400818,0,NOL01,h,MEM,1,0,0,exhibition,y,
SNO194008180,smite111,SNO,1,1,value,27,1,5,0,0,0,,,,,1,19400818,0,NOL01,h,MEM,1,0,0,exhibition,y,
SNO194008251,barnh102,CV9,1,2,value,27,,,0,,0,,,,,1,19400825,1,LRK02,v,SNO,1,0,0,regular,,
SNO194008251,henrp101,CV9,1,1,value,27,,,0,,0,0,,,,1,19400825,1,LRK02,v,SNO,1,0,0,regular,,
SNO194008251,brooa102,SNO,1,1,value,27,,,0,,0,0,,,,1,19400825,1,LRK02,h,CV9,0,1,0,regular,,
SNO194008251,taylr102,SNO,1,2,value,27,,,0,,0,,,,,1,19400825,1,LRK02,h,CV9,0,1,0,regular,,
SNO194008252,barnh102,CV9,1,2,value,18,,,0,,0,,,,,1,19400825,2,LRK02,v,SNO,0,1,0,regular,,
SNO194008252,ellis102,CV9,1,1,value,,,,0,,0,0,,,,,19400825,2,LRK02,v,SNO,0,1,0,regular,,
SNO194008252,willj117,CV9,1,1,value,,,,0,,0,0,,,,1,19400825,2,LRK02,v,SNO,0,1,0,regular,,
SNO194008252,schou101,SNO,1,1,value,21,,,0,,0,0,,,,1,19400825,2,LRK02,h,CV9,1,0,0,regular,,
SNO194008252,smitb114,SNO,1,2,value,21,,,0,,0,,,,,1,19400825,2,LRK02,h,CV9,1,0,0,regular,,
CV9194009011,calhl101,SNO,1,1,value,27,,,0,,0,0,,,,1,19400901,1,ATL04,v,CV9,1,0,0,regular,,
CV9194009011,fordj101,SNO,1,5,value,27,,,0,,0,0,,,,,19400901,1,ATL04,v,CV9,1,0,0,regular,,
CV9194009011,lylej102,SNO,1,6,value,27,,,0,,0,0,,,,,19400901,1,ATL04,v,CV9,1,0,0,regular,,
CV9194009011,maywe101,SNO,1,3,value,27,,,0,,0,0,,,,,19400901,1,ATL04,v,CV9,1,0,0,regular,,
CV9194009011,smitb114,SNO,1,2,value,27,,,0,,0,,,,,1,19400901,1,ATL04,v,CV9,1,0,0,regular,,
CV9194009011,barnh102,CV9,1,2,value,27,,,0,,0,,,,,1,19400901,1,ATL04,h,SNO,0,1,0,regular,,
CV9194009011,henrp101,CV9,1,1,value,27,,,0,,0,0,,,,1,19400901,1,ATL04,h,SNO,0,1,0,regular,,
CV9194009011,jenkj104,CV9,1,5,value,27,,,0,,0,0,,,,,19400901,1,ATL04,h,SNO,0,1,0,regular,,
CV9194009011,lamac101,CV9,1,6,value,27,,,0,,0,0,,,,,19400901,1,ATL04,h,SNO,0,1,0,regular,,
CV9194009012,lylej102,SNO,1,6,value,18,,3,0,,0,0,,,,,19400901,2,ATL04,v,CV9,0,1,0,regular,,
CV9194009012,maywe101,SNO,1,3,value,18,3,,0,,0,0,,,,,19400901,2,ATL04,v,CV9,0,1,0,regular,,
CV9194009012,mcalf101,SNO,1,1,value,18,,,0,,0,0,,,,1,19400901,2,ATL04,v,CV9,0,1,0,regular,,
CV9194009012,taylr102,SNO,1,2,value,18,,,0,,0,,,,,1,19400901,2,ATL04,v,CV9,0,1,0,regular,,
CV9194009012,barnh102,CV9,1,2,value,21,,,0,,0,,,,,1,19400901,2,ATL04,h,SNO,1,0,0,regular,,
CV9194009012,jenkj104,CV9,1,5,value,21,,,0,,0,0,,,,,19400901,2,ATL04,h,SNO,1,0,0,regular,,
CV9194009012,lamac101,CV9,1,6,value,21,,,0,,0,0,,,,,19400901,2,ATL04,h,SNO,1,0,0,regular,,
CV9194009012,ray-j102,CV9,1,8,value,21,,,0,,0,0,,,,,19400901,2,ATL04,h,SNO,1,0,0,regular,,
CV9194009012,sarva101,CV9,1,1,value,21,,,0,,0,0,,,,1,19400901,2,ATL04,h,SNO,1,0,0,regular,,
CV9194009021,boona101,SNO,1,1,value,27,,,0,,0,0,,,,1,19400902,1,ATL04,v,CV9,1,0,0,regular,,
CV9194009021,burnw102,CV9,1,7,value,27,,,0,,0,0,,,,,19400902,1,ATL04,h,SNO,0,1,0,regular,,
CV9194009021,ellis102,CV9,1,1,value,,,,0,,0,0,,,,1,19400902,1,ATL04,h,SNO,0,1,0,regular,,
CV9194009021,jenkj104,CV9,1,5,value,27,,,0,,0,0,,,,,19400902,1,ATL04,h,SNO,0,1,0,regular,,
CV9194009021,mitca102,CV9,1,1,value,,,,0,,0,0,,,,,19400902,1,ATL04,h,SNO,0,1,0,regular,,
CV9194009022,burnw102,CV9,1,7,value,15,,,1,,0,0,,,,,19400902,2,ATL04,h,SNO,1,0,0,regular,,
CV9194009022,ellis102,CV9,1,1,value,12,,,0,,0,0,,,,1,19400902,2,ATL04,h,SNO,1,0,0,regular,,
CV9194009022,henrp101,CV9,1,1,value,3,,,0,,0,0,,,,,19400902,2,ATL04,h,SNO,1,0,0,regular,,
CV9194009022,jenkj104,CV9,1,5,value,15,,,0,,0,0,,,,,19400902,2,ATL04,h,SNO,1,0,0,regular,,
CV9194009022,ray-j102,CV9,1,3,value,15,,,0,,0,0,,,,,19400902,2,ATL04,h,SNO,1,0,0,regular,,
SNO194009150,thomd107,BIR,1,8,value,24,0,0,0,0,0,,,,,1,19400915,0,NOL01,v,SNO,0,1,0,exhibition,y,
SNO194009150,reddu101,BIR,1,6,value,24,2,1,0,0,0,,,,,1,19400915,0,NOL01,v,SNO,0,1,0,exhibition,y,
SNO194009150,sampt101,BIR,1,4,value,24,2,6,1,0,0,,,,,1,19400915,0,NOL01,v,SNO,0,1,0,exhibition,y,
SNO194009150,woodp104,BIR,1,5,value,24,1,1,0,0,0,,,,,1,19400915,0,NOL01,v,SNO,0,1,0,exhibition,y,
SNO194009150,bostl102,BIR,1,3,value,24,12,0,0,0,0,,,,,1,19400915,0,NOL01,v,SNO,0,1,0,exhibition,y,
SNO194009150,andrj104,BIR,1,7,value,24,0,0,0,0,0,,,,,1,19400915,0,NOL01,v,SNO,0,1,0,exhibition,y,
SNO194009150,burts101,BIR,1,9,value,24,2,0,0,0,0,,,,,1,19400915,0,NOL01,v,SNO,0,1,0,exhibition,y,
SNO194009150,tolbj101,BIR,1,2,value,24,5,2,0,0,0,0,,,,1,19400915,0,NOL01,v,SNO,0,1,0,exhibition,y,
SNO194009150,bankd101,BIR,1,1,value,24,0,4,0,0,0,,,,,1,19400915,0,NOL01,v,SNO,0,1,0,exhibition,y,
SNO194009150,greel102,SNO,1,8,value,27,1,1,0,0,0,,,,,1,19400915,0,NOL01,h,BIR,1,0,0,exhibition,y,
SNO194009150,robib105,SNO,1,5,value,27,1,2,0,0,0,,,,,1,19400915,0,NOL01,h,BIR,1,0,0,exhibition,y,
SNO194009150,lylej102,SNO,1,6,value,27,2,1,2,0,0,,,,,1,19400915,0,NOL01,h,BIR,1,0,0,exhibition,y,
SNO194009150,fordj101,SNO,1,9,value,27,1,2,2,0,0,,,,,1,19400915,0,NOL01,h,BIR,1,0,0,exhibition,y,
SNO194009150,maywe101,SNO,1,3,value,27,8,1,1,0,0,,,,,1,19400915,0,NOL01,h,BIR,1,0,0,exhibition,y,
SNO194009150,riddm101,SNO,1,4,value,27,3,2,0,0,0,,,,,1,19400915,0,NOL01,h,BIR,1,0,0,exhibition,y,
SNO194009150,bennb101,SNO,1,7,value,27,1,0,0,0,0,,,,,1,19400915,0,NOL01,h,BIR,1,0,0,exhibition,y,
SNO194009150,smitb114,SNO,1,2,value,27,10,0,0,0,0,1,,,,1,19400915,0,NOL01,h,BIR,1,0,0,exhibition,y,
SNO194009150,calhl101,SNO,1,1,value,24,0,3,0,0,0,,,,,1,19400915,0,NOL01,h,BIR,1,0,0,exhibition,y,
SNO194009150,boona101,SNO,1,1,value,0,0,0,0,0,0,,,,,,19400915,0,NOL01,h,BIR,1,0,0,exhibition,y,
SNO194009150,suttl101,SNO,1,1,value,0,0,0,0,0,0,,,,,,19400915,0,NOL01,h,BIR,1,0,0,exhibition,y,
SNO194009150,smite111,SNO,1,1,value,3,0,0,0,0,0,,,,,,19400915,0,NOL01,h,BIR,1,0,0,exhibition,y,
SNO194009170,sneae101,BIR,1,1,value,24,,,0,,0,0,,,,1,19400917,0,BAT01,v,SNO,0,1,0,exhibition,,
SNO194009170,tolbj101,BIR,1,2,value,24,,,0,,0,,,,,1,19400917,0,BAT01,v,SNO,0,1,0,exhibition,,
SNO194009170,boona101,SNO,1,1,value,27,,,0,,0,0,,,,1,19400917,0,BAT01,h,BIR,1,0,0,exhibition,,
SNO194009170,smitb114,SNO,1,2,value,27,,,0,,0,,,,,1,19400917,0,BAT01,h,BIR,1,0,0,exhibition,,
SNO194009180,hardp102,BIR,1,2,value,24,,,0,,0,,,,,1,19400918,0,BAT01,v,SNO,0,1,0,exhibition,,
SNO194009180,jessg101,BIR,1,1,value,24,,,0,,0,0,,,,1,19400918,0,BAT01,v,SNO,0,1,0,exhibition,,
SNO194009180,calhl101,SNO,1,9,value,9,,,0,,0,0,,,,,19400918,0,BAT01,h,BIR,1,0,0,exhibition,,
SNO194009180,smitb114,SNO,1,2,value,27,,,0,,0,,,,,1,19400918,0,BAT01,h,BIR,1,0,0,exhibition,,
SNO194009180,suttl101,SNO,1,1,value,27,,,0,,0,0,,,,1,19400918,0,BAT01,h,BIR,1,0,0,exhibition,,
MEM194009290,greel102,SNO,1,8,value,24,2,0,1,0,0,,,,,1,19400929,0,MEM02,v,MEM,0,1,0,exhibition,y,
MEM194009290,robib105,SNO,1,5,value,24,1,1,0,0,0,,,,,1,19400929,0,MEM02,v,MEM,0,1,0,exhibition,y,
MEM194009290,lylej102,SNO,1,7,value,24,2,0,0,0,0,,,,,1,19400929,0,MEM02,v,MEM,0,1,0,exhibition,y,
MEM194009290,fordj101,SNO,1,6,value,24,1,1,0,0,0,,,,,1,19400929,0,MEM02,v,MEM,0,1,0,exhibition,y,
MEM194009290,maywe101,SNO,1,3,value,,9,0,1,0,0,,,,,1,19400929,0,MEM02,v,MEM,0,1,0,exhibition,y,
MEM194009290,bennb101,SNO,1,9,value,,0,0,0,0,0,,,,,,19400929,0,MEM02,v,MEM,0,1,0,exhibition,y,
MEM194009290,brutj101,SNO,1,9,value,,5,0,0,0,0,,,,,1,19400929,0,MEM02,v,MEM,0,1,0,exhibition,y,
MEM194009290,brutj101,SNO,2,3,value,,,,0,0,0,,,,,1,19400929,0,MEM02,v,MEM,0,1,0,exhibition,y,
MEM194009290,riddm101,SNO,1,4,value,24,1,3,0,0,0,,,,,1,19400929,0,MEM02,v,MEM,0,1,0,exhibition,y,
MEM194009290,smitb114,SNO,1,2,value,24,3,0,0,0,0,1,,,,1,19400929,0,MEM02,v,MEM,0,1,0,exhibition,y,
MEM194009290,boona101,SNO,1,1,value,9,0,1,1,0,0,,,,,1,19400929,0,MEM02,v,MEM,0,1,0,exhibition,y,
MEM194009290,smite111,SNO,1,1,value,9,0,1,1,0,0,,,,,,19400929,0,MEM02,v,MEM,0,1,0,exhibition,y,
MEM194009290,calhl101,SNO,1,1,value,6,0,0,0,0,0,,,,,,19400929,0,MEM02,v,MEM,0,1,0,exhibition,y,
MEM194009290,bankf101,MEM,1,4,value,27,,,0,0,0,,,,,1,19400929,0,MEM02,h,SNO,1,0,0,exhibition,y,
MEM194009290,cartm101,MEM,1,5,value,27,,,0,0,0,,,,,1,19400929,0,MEM02,h,SNO,1,0,0,exhibition,y,
MEM194009290,browl107,MEM,1,2,value,27,,,0,0,0,0,,,,1,19400929,0,MEM02,h,SNO,1,0,0,exhibition,y,
MEM194009290,bradb107,MEM,1,9,value,27,,,0,0,0,,,,,1,19400929,0,MEM02,h,SNO,1,0,0,exhibition,y,
MEM194009290,longr102,MEM,1,7,value,27,,,0,0,0,,,,,1,19400929,0,MEM02,h,SNO,1,0,0,exhibition,y,
MEM194009290,taylj106,MEM,1,3,value,27,,,0,0,0,,,,,1,19400929,0,MEM02,h,SNO,1,0,0,exhibition,y,
MEM194009290,browt105,MEM,1,6,value,27,,,2,0,0,,,,,1,19400929,0,MEM02,h,SNO,1,0,0,exhibition,y,
MEM194009290,mathv101,MEM,1,8,value,27,,,0,0,0,,,,,1,19400929,0,MEM02,h,SNO,1,0,0,exhibition,y,
MEM194009290,dumal101,MEM,1,1,value,27,,,0,0,0,,,,,1,19400929,0,MEM02,h,SNO,1,0,0,exhibition,y,
