gid,id,team,d_seq,d_pos,stattype,d_ifouts,d_po,d_a,d_e,d_dp,d_tp,d_pb,d_wp,d_sb,d_cs,d_gs,date,number,site,vishome,opp,win,loss,tie,gametype,box,pbp,eject
NY5193505110,vargj101,CUS,1,8,value,24,3,0,1,0,0,,,,,1,19350511,0,PAT01,v,NY5,0,1,0,exhibition,y,d,
CUS193505302,vargj101,CUS,1,8,value,27,5,0,,0,0,,,,,1,19350530,2,NYC23,h,NY5,1,0,0,exhibition,y,,
NY5193505301,vargj101,CUS,1,8,value,36,7,0,0,0,0,0,0,0,,1,19350530,1,NYC23,v,NY5,1,0,0,exhibition,y,,
NY5193506150,vargj101,CUS,1,8,value,24,5,0,0,0,0,,,,,1,19350615,0,PAT01,v,NY5,1,0,0,exhibition,y,d,
NY5193506240,vargj101,CUS,1,8,value,24,0,0,0,0,0,,,,,1,19350624,0,MID04,v,NY5,0,1,0,exhibition,y,d,
CUS193507042,vargj101,CUS,1,8,value,,1,0,1,,,,,,,1,19350704,2,NYC23,h,NY5,0,1,0,exhibition,y,,
NY5193507041,vargj101,CUS,1,8,value,25,2,0,0,,,,,,,1,19350704,1,NYC23,v,NY5,0,1,0,exhibition,y,,
CUS193508041,vargj101,CUS,1,8,value,27,1,0,0,0,0,,,,,1,19350804,1,NYC25,h,NY5,0,1,0,exhibition,y,d,
NY5193508042,vargj101,CUS,1,8,value,27,3,0,0,0,,,,,,1,19350804,2,NYC25,v,NY5,1,0,0,exhibition,y,,
NY5193508090,vargj101,CUS,1,8,value,24,2,0,0,0,0,,,,,1,19350809,0,MLB01,v,NY5,0,1,0,exhibition,y,d,
NW2193905251,vargj101,NY6,1,7,value,24,,,0,0,0,,,,,1,19390525,1,NWK04,v,NW2,0,1,0,regular,y,,
NW2193905252,vargj101,NY6,1,7,value,18,,,0,0,0,,,,,1,19390525,2,NWK04,v,NW2,0,1,0,regular,y,,
NW2193905281,vargj101,NY6,1,7,value,24,0,0,0,0,0,,,,,1,19390528,1,NWK04,v,NW2,0,1,0,regular,y,d,
NW2193905282,vargj101,NY6,1,7,value,18,0,0,0,0,0,,,,,1,19390528,2,NWK04,v,NW2,0,1,0,regular,y,d,
PH5193906032,vargj101,NY6,1,8,value,24,2,0,0,0,0,,,,,1,19390603,2,PHI17,v,PH5,1,0,0,regular,y,,
NY6193906041,vargj101,NY6,1,7,value,27,1,0,0,0,0,,,,,1,19390604,1,NYC16,h,BLG,0,1,0,regular,y,d,
PH5193906112,vargj101,NY6,1,8,value,27,2,,0,0,0,,,,,1,19390611,2,PHI17,v,PH5,1,0,0,regular,y,,
CAG193906210,vargj101,NY6,1,7,value,27,,,0,0,0,,,,,1,19390621,0,SPR03,v,CAG,1,0,0,exhibition,y,,
SSA193906270,vargj101,NY6,1,7,value,27,,,1,0,0,,,,,1,19390627,0,MIL03,v,SSA,1,0,0,exhibition,y,,
BLG193907161,vargj101,NY6,1,7,value,27,2,0,0,0,0,,,,,1,19390716,1,BAL10,v,BLG,1,0,0,regular,y,d,
BLG193907162,vargj101,NY6,1,7,value,18,1,0,1,0,0,,,,,1,19390716,2,BAL10,v,BLG,0,1,0,regular,y,d,
NY5193907232,vargj101,NY6,1,7,value,24,2,0,0,0,0,,,,,1,19390723,2,NYC16,v,NY5,0,1,0,regular,y,d,
PH5193908051,vargj101,NY6,1,8,value,27,5,0,0,0,0,,,,,1,19390805,1,PHI17,v,PH5,1,0,0,regular,y,d,
PH5193908052,vargj101,NY6,1,8,value,20,0,0,0,0,0,,,,,1,19390805,2,PHI17,v,PH5,0,1,0,regular,y,d,
NY6193908131,vargj101,NY6,1,7,value,27,4,0,0,0,0,,,,,1,19390813,1,NYC16,h,BLG,0,1,0,regular,y,d,
NW2193908170,vargj101,NY6,1,7,value,24,,,0,0,0,,,,,1,19390817,0,NWK04,v,NW2,0,1,0,regular,y,,
NW2193908201,vargj101,NY6,1,7,value,24,0,0,0,0,0,,,,,1,19390820,1,NWK04,v,NW2,0,1,0,regular,y,d,
NW2193908202,vargj101,NY6,1,7,value,24,0,0,1,0,0,,,,,1,19390820,2,NWK04,v,NW2,0,1,0,regular,y,d,
BLG193908271,vargj101,NY6,1,8,value,27,0,0,0,0,0,,,,,1,19390827,1,BAL10,v,BLG,1,0,0,exhibition,y,d,
BLG193908272,vargj101,NY6,1,8,value,18,1,0,0,0,0,,,,,1,19390827,2,BAL10,v,BLG,0,1,0,exhibition,y,d,
NY5193908280,vargj101,NY6,1,7,value,24,1,0,0,0,0,,,,,1,19390828,0,MID04,v,NY5,0,1,0,regular,y,d,
BIR194404161,vargj101,NY6,1,8,value,27,,,0,0,0,,,,,1,19440416,1,BIR01,v,BIR,1,0,0,exhibition,y,,
BIR194404162,vargj101,NY6,1,8,value,21,,,0,0,0,0,,,,1,19440416,2,BIR01,v,BIR,1,0,0,exhibition,y,,
BIR194404170,vargj101,NY6,1,8,value,27,0,0,0,0,0,,,,,1,19440417,0,MTG01,v,BIR,1,0,0,exhibition,y,d,
PH5194405200,vargj101,NY6,1,8,value,3,0,0,0,0,0,,,,,0,19440520,0,PHI17,v,PH5,1,0,0,regular,y,d,
NY5194405211,vargj101,NY6,1,8,value,9,0,0,0,0,0,,,,,0,19440521,1,NYC14,v,NY5,1,0,0,regular,y,d,
BLG194405270,vargj101,NY6,1,8,value,29,2,0,0,0,0,,,,,1,19440527,0,HRB01,v,BLG,0,1,0,regular,y,d,
NY6194405281,vargj101,NY6,1,8,value,27,3,0,0,0,0,,,,,1,19440528,1,NYC16,h,PH5,0,1,0,regular,y,d,
NY6194405282,vargj101,NY6,1,8,value,27,3,0,0,0,0,,,,,1,19440528,2,NYC16,h,PH5,1,0,0,regular,y,d,
PH5194405302,vargj101,NY6,1,8,value,5,1,1,0,0,0,,,,,0,19440530,2,PHI17,v,PH5,0,1,0,regular,y,d,
NY6194405310,vargj101,NY6,1,8,value,27,2,1,0,0,0,,,,,1,19440531,0,HRB01,h,PH5,1,0,0,regular,y,d,
HOM194406020,vargj101,NY6,1,8,value,27,3,0,0,0,0,0,0,0,,1,19440602,0,WAS09,v,HOM,1,0,0,regular,y,,
HOM194406031,vargj101,NY6,1,8,value,,0,0,0,0,0,0,0,0,,1,19440603,1,PIT06,v,HOM,0,1,0,regular,y,,
NY6194406111,vargj101,NY6,1,8,value,27,0,0,0,0,0,,,,,1,19440611,1,DET04,h,BLG,0,1,0,regular,y,d,
NY6194406150,vargj101,NY6,1,8,value,27,,,,,0,,,,,,19440615,0,COL05,h,NW2,0,1,0,regular,,,
BLG194406181,vargj101,NY6,1,8,value,27,,,0,0,0,,,,,1,19440618,1,BAL14,v,BLG,1,0,0,regular,y,,
PH5194406220,vargj101,NY6,1,8,value,27,1,0,0,0,0,,,,,1,19440622,0,PHI17,v,PH5,1,0,0,regular,y,d,
NY6194406251,vargj101,NY6,1,8,value,39,4,0,0,0,0,,,,,1,19440625,1,NYC16,h,BLG,0,1,0,regular,y,,
NY6194406252,vargj101,NY6,1,8,value,21,0,0,0,0,0,,,,,1,19440625,2,NYC16,h,BLG,1,0,0,regular,y,,
PH5194407010,vargj101,NY6,1,8,value,24,0,0,0,0,0,0,0,0,,1,19440701,0,PHI17,v,PH5,0,1,0,regular,y,,
NY6194407021,vargj101,NY6,1,8,value,27,1,0,0,0,0,,,,,1,19440702,1,NYC15,h,PH5,0,1,0,regular,y,d,
NY6194407022,vargj101,NY6,1,8,value,33,1,0,0,0,0,,,,,1,19440702,2,NYC15,h,KCM,1,0,0,exhibition,y,d,
NW2194407041,vargj101,NY6,1,8,value,27,4,0,0,0,0,,,,,1,19440704,1,NYC15,v,NW2,1,0,0,regular,y,d,
NW2194407042,vargj101,NY6,1,8,value,24,4,0,0,0,0,,,,,1,19440704,2,NYC15,v,NW2,0,1,0,regular,y,d,
NY6194407092,vargj101,NY6,1,8,value,27,3,0,0,0,0,,,,,1,19440709,2,NYC14,h,PH5,1,0,0,regular,y,d,
HOM194407110,vargj101,NY6,1,8,value,27,4,0,0,0,0,,,,,1,19440711,0,ALT02,v,HOM,1,0,0,regular,y,d,
HOM194407120,vargj101,NY6,1,8,value,24,3,0,1,0,0,,,,,1,19440712,0,HRB01,v,HOM,0,1,0,regular,y,,
NY6194407160,vargj101,NY6,1,8,value,24,2,0,0,0,0,,,,,1,19440716,0,NYC14,h,HOM,0,0,1,regular,y,d,
NY6194407231,vargj101,NY6,1,8,value,27,0,0,0,0,0,,,,,1,19440723,1,NYC16,h,PH5,1,0,0,regular,y,d,
NY6194407280,vargj101,NY6,1,5,value,27,0,3,0,0,0,,,,,1,19440728,0,HRB01,h,NY5,1,0,0,regular,y,d,
HOM194408071,vargj101,NY6,1,8,value,27,5,0,0,0,0,,,,,1,19440807,1,PHI11,v,HOM,1,0,0,regular,y,y,
BLG194408180,vargj101,NY6,1,8,value,24,0,0,1,0,0,,,,,1,19440818,0,BAL14,v,BLG,0,1,0,regular,y,d,
NY6194408190,vargj101,NY6,1,8,value,27,3,0,0,0,0,,,,,1,19440819,0,HRB01,h,BLG,1,0,0,regular,y,d,
BLG194408202,vargj101,NY6,1,8,value,21,,,0,0,0,,,,,1,19440820,2,BAL14,v,BLG,1,0,0,regular,y,,
NY6194408271,vargj101,NY6,1,8,value,6,0,0,0,0,0,,,,,0,19440827,1,NYC16,h,BIR,1,0,0,exhibition,y,d,
NY6194408272,vargj101,NY6,1,8,value,6,0,0,0,0,0,,,,,1,19440827,2,NYC16,h,KCM,0,1,0,exhibition,y,d,
NY6194408290,vargj101,NY6,1,8,value,27,2,0,0,0,0,,,,,1,19440829,0,HRB01,h,BIR,1,0,0,exhibition,y,d,
PH5194408310,vargj101,NY6,1,8,value,24,3,0,0,0,0,,,,,1,19440831,0,PHI17,v,PH5,0,1,0,regular,y,d,
NY6194409032,vargj101,NY6,1,8,value,15,1,0,0,0,0,,,,,1,19440903,2,NYC14,h,NW2,0,1,0,regular,y,d,
BIR194409080,vargj101,NY6,1,8,value,27,,,,,0,0,,,,,19440908,0,LOU05,v,BIR,1,0,0,exhibition,,,
NY6194409170,vargj101,NY6,1,8,value,27,3,1,0,0,0,,,,,1,19440917,0,NYC14,h,NW2,1,0,0,exhibition,y,d,
