gid,id,team,d_seq,d_pos,stattype,d_ifouts,d_po,d_a,d_e,d_dp,d_tp,d_pb,d_wp,d_sb,d_cs,d_gs,date,number,site,vishome,opp,win,loss,tie,gametype,box,pbp
KCM194909130,willj111,IN9,1,6,value,25,0,4,2,1,0,,,,,1,19490913,0,FLC01,v,KCM,0,1,0,exhibition,y,d
KCM194909130,brews101,IN9,1,4,value,25,4,5,2,2,0,,,,,1,19490913,0,FLC01,v,KCM,0,1,0,exhibition,y,d
KCM194909130,robin102,IN9,1,7,value,25,0,0,0,0,0,,,,,1,19490913,0,FLC01,v,KCM,0,1,0,exhibition,y,d
KCM194909130,hairs101,IN9,1,2,value,25,3,3,1,1,0,0,2,2,1,1,19490913,0,FLC01,v,KCM,0,1,0,exhibition,y,d
KCM194909130,britj104,IN9,1,9,value,25,1,0,0,0,0,,,,,1,19490913,0,FLC01,v,KCM,0,1,0,exhibition,y,d
KCM194909130,kelll101,IN9,1,5,value,25,0,0,0,0,0,,,,,1,19490913,0,FLC01,v,KCM,0,1,0,exhibition,y,d
KCM194909130,warea101,IN9,1,3,value,25,14,1,1,1,0,,,,,1,19490913,0,FLC01,v,KCM,0,1,0,exhibition,y,d
KCM194909130,merch101,IN9,1,8,value,25,3,0,0,0,0,,,,,1,19490913,0,FLC01,v,KCM,0,1,0,exhibition,y,d
KCM194909130,maddr101,IN9,1,1,value,25,0,3,0,0,0,,,,,1,19490913,0,FLC01,v,KCM,0,1,0,exhibition,y,d
KCM194909130,bakeg101,KCM,1,6,value,27,2,3,1,0,0,,,,,1,19490913,0,FLC01,h,IN9,1,0,0,exhibition,y,d
KCM194909130,soueh101,KCM,1,5,value,27,1,1,0,0,0,,,,,1,19490913,0,FLC01,h,IN9,1,0,0,exhibition,y,d
KCM194909130,serrb101,KCM,1,9,value,27,0,0,0,0,0,,,,,1,19490913,0,FLC01,h,IN9,1,0,0,exhibition,y,d
KCM194909130,broww101,KCM,1,7,value,27,4,0,0,0,0,,,,,1,19490913,0,FLC01,h,IN9,1,0,0,exhibition,y,d
KCM194909130,howae101,KCM,1,8,value,27,2,0,0,0,0,,,,,1,19490913,0,FLC01,h,IN9,1,0,0,exhibition,y,d
KCM194909130,clifl101,KCM,1,2,value,27,7,1,0,1,0,1,3,0,0,1,19490913,0,FLC01,h,IN9,1,0,0,exhibition,y,d
KCM194909130,robec102,KCM,1,4,value,27,3,5,0,1,0,,,,,1,19490913,0,FLC01,h,IN9,1,0,0,exhibition,y,d
KCM194909130,coopt101,KCM,1,3,value,27,7,0,0,0,0,,,,,1,19490913,0,FLC01,h,IN9,1,0,0,exhibition,y,d
KCM194909130,barnf102,KCM,1,1,value,27,1,3,0,0,0,,,,,1,19490913,0,FLC01,h,IN9,1,0,0,exhibition,y,d
