gid,id,team,p_seq,stattype,p_ipouts,p_noout,p_bfp,p_h,p_d,p_t,p_hr,p_r,p_er,p_w,p_iw,p_k,p_hbp,p_wp,p_bk,p_sh,p_sf,p_sb,p_cs,p_pb,wp,lp,save,p_gs,p_gf,p_cg,date,number,site,vishome,opp,win,loss,tie,gametype,box,pbp
JAX193803270,johnt108,CAG,1,value,21,,32,10,,,,4,,2,,4,0,,,,,,,,1,,,1,,,19380327,0,JKV01,v,JAX,1,0,0,exhibition,y,
JAX193803270,cornw101,CAG,2,value,6,,7,1,,,,0,0,0,,0,0,,,,,,,,,,1,,1,,19380327,0,JKV01,v,JAX,1,0,0,exhibition,y,
JAX193803270,mcdut101,JAX,1,value,27,,37,8,1,,,5,,1,,10,0,,,1,,,,,,1,,1,,1,19380327,0,JKV01,h,CAG,0,1,0,exhibition,y,
JAX193804030,johnt108,CAG,1,value,24,,33,9,,0,0,5,,0,,1,1,,,,,,,,,,,1,,,19380403,0,JKV01,v,JAX,0,0,1,exhibition,y,
JAX193804030,cornw101,CAG,2,value,12,,17,1,,0,0,0,,4,,1,0,,,,,,,,,,,,1,,19380403,0,JKV01,v,JAX,0,0,1,exhibition,y,
JAX193804030,cox-a101,JAX,1,value,18,,27,5,,0,0,4,,8,,3,0,,,0,,,,,,,,1,,,19380403,0,JKV01,h,CAG,0,0,1,exhibition,y,
JAX193804030,mcdut101,JAX,2,value,18,,21,4,,0,0,1,,1,,5,0,,,0,,,,,,,,,1,,19380403,0,JKV01,h,CAG,0,0,1,exhibition,y,
JAX193804080,johnt108,CAG,1,value,7,0,15,8,1,0,0,5,5,0,0,0,0,0,0,2,0,0,0,0,,,,1,,,19380408,0,DTB01,v,JAX,1,0,0,exhibition,y,d
JAX193804080,davil102,CAG,2,value,20,0,27,5,1,0,0,1,1,2,0,0,0,0,0,1,0,0,0,0,1,,,,1,,19380408,0,DTB01,v,JAX,1,0,0,exhibition,y,d
JAX193804080,owens101,JAX,1,value,8,0,13,4,1,0,0,3,0,0,0,0,0,0,0,1,0,0,0,0,,,,1,,,19380408,0,DTB01,h,CAG,0,1,0,exhibition,y,d
JAX193804080,mcdut101,JAX,2,value,19,0,29,7,1,1,0,4,3,2,0,2,0,0,0,1,0,0,0,0,,1,,,1,,19380408,0,DTB01,h,CAG,0,1,0,exhibition,y,d
JAX193804100,johnt108,CAG,1,value,27,0,36,6,0,0,0,0,0,3,0,2,0,0,0,1,0,0,0,0,1,,,1,,1,19380410,0,JKV01,v,JAX,1,0,0,exhibition,y,d
JAX193804100,cox-a101,JAX,1,value,12,0,20,4,0,0,0,2,2,3,0,4,0,0,0,0,0,0,0,0,,1,,1,,,19380410,0,JKV01,h,CAG,0,1,0,exhibition,y,d
JAX193804100,ferrw102,JAX,2,value,15,0,20,4,1,0,0,1,0,0,0,0,0,0,0,0,0,1,0,0,,,,,1,,19380410,0,JKV01,h,CAG,0,1,0,exhibition,y,d
CAG193804220,bradf104,KCM,1,value,,,,,,,,,,,,,,,,,,,,,1,,,1,,,19380422,0,MRT01,v,CAG,1,0,0,exhibition,,
CAG193804220,markj101,KCM,2,value,,,,,,,,,,,,,,,,,,,,,,,,,,,19380422,0,MRT01,v,CAG,1,0,0,exhibition,,
CAG193804220,smith111,KCM,3,value,,,,,,,,,,,,,,,,,,,,,,,,,1,,19380422,0,MRT01,v,CAG,1,0,0,exhibition,,
CAG193804220,cornw101,CAG,1,value,,,,,,,,,,,,,,,,,,,,,,1,,1,,,19380422,0,MRT01,h,KCM,0,1,0,exhibition,,
CAG193804220,johnt108,CAG,2,value,,,,,,,,,,,,,,,,,,,,,,,,,,,19380422,0,MRT01,h,KCM,0,1,0,exhibition,,
CAG193804220,willh108,CAG,3,value,,,,,,,,,,,,,,,,,,,,,,,,,,,19380422,0,MRT01,h,KCM,0,1,0,exhibition,,
CAG193804220,trent101,CAG,4,value,,,,,,,,,,,,,,,,,,,,,,,,,1,,19380422,0,MRT01,h,KCM,0,1,0,exhibition,,
CAG193804240,smith111,KCM,1,value,6,0,8,2,1,0,0,1,1,0,0,0,0,0,0,0,0,0,0,0,,1,,1,,,19380424,0,DAL02,v,CAG,0,1,0,exhibition,y,d
CAG193804240,kranf101,KCM,2,value,8,0,14,4,1,0,1,5,5,2,0,1,0,0,0,0,0,0,0,0,,,,,,,19380424,0,DAL02,v,CAG,0,1,0,exhibition,y,d
CAG193804240,markj101,KCM,3,value,7,0,12,4,0,1,0,3,2,0,0,0,0,0,0,1,0,0,0,0,,,,,,,19380424,0,DAL02,v,CAG,0,1,0,exhibition,y,d
CAG193804240,mcleu101,KCM,4,value,3,0,4,0,0,0,0,0,0,1,0,1,0,0,0,0,0,0,0,0,,,,,1,,19380424,0,DAL02,v,CAG,0,1,0,exhibition,y,d
CAG193804240,johnt108,CAG,1,value,18,0,24,7,3,0,0,1,1,0,0,4,0,0,0,0,0,0,0,1,1,,,1,,,19380424,0,DAL02,h,KCM,1,0,0,exhibition,y,d
CAG193804240,cornw101,CAG,2,value,9,0,14,4,1,0,0,1,1,1,0,1,0,1,0,0,0,1,0,0,,,1,,1,,19380424,0,DAL02,h,KCM,1,0,0,exhibition,y,d
BIR193805011,trent101,CAG,1,value,27,,39,3,1,0,0,0,0,8,,,0,,,0,,0,,,1,,,1,,1,19380501,1,BIR01,v,BIR,1,0,0,exhibition,y,
BIR193805011,burtd101,BIR,1,value,27,,40,10,2,0,0,5,,5,,,0,,,1,,2,,,,1,,1,,1,19380501,1,BIR01,h,CAG,0,1,0,exhibition,y,
BIR193805012,cornw101,CAG,1,value,21,,32,6,0,0,0,1,,4,,,2,,,0,,0,,,1,,,1,,1,19380501,2,BIR01,v,BIR,1,0,0,exhibition,y,
BIR193805012,duncs101,BIR,1,value,7,,15,3,0,0,0,6,,2,,,0,,,,,,,,,1,,1,,,19380501,2,BIR01,h,CAG,0,1,0,exhibition,y,
BIR193805012,blacc103,BIR,2,value,14,,15,1,0,0,0,0,,0,,,0,,,,,,,,,,,,1,,19380501,2,BIR01,h,CAG,0,1,0,exhibition,y,
BLG193805020,davil102,CAG,1,value,15,,24,5,,,,5,,2,,,0,,,,,,,,,1,,1,,,19380502,0,JAC02,v,BLG,0,1,0,exhibition,y,
BLG193805020,whitg104,CAG,2,value,3,,9,5,,,,3,,1,,,0,,,,,,,,,,,,,,19380502,0,JAC02,v,BLG,0,1,0,exhibition,y,
BLG193805020,johnt108,CAG,3,value,6,,9,1,,,,1,,1,,,0,,,,,,,,,,,,1,,19380502,0,JAC02,v,BLG,0,1,0,exhibition,y,
BLG193805020,glovt101,BLG,1,value,18,,23,5,,,,2,,1,,,0,,,0,,,,,1,,,1,,,19380502,0,JAC02,h,CAG,1,0,0,exhibition,y,
BLG193805020,direj101,BLG,2,value,9,,10,0,,,,0,0,1,,,0,,,0,,,,,,,1,,1,,19380502,0,JAC02,h,CAG,1,0,0,exhibition,y,
BLG193805030,housj103,CAG,1,value,24,,37,10,,,,4,4,4,,,0,,,2,,,,,,1,,1,,1,19380503,0,NSH02,v,BLG,0,1,0,exhibition,y,
BLG193805030,porta103,BLG,1,value,24,,31,8,,,,2,2,1,,,0,,,0,,,,,1,,,1,,,19380503,0,NSH02,h,CAG,1,0,0,exhibition,y,
BLG193805030,willw105,BLG,2,value,1,,4,2,,,,1,1,1,,,0,,,0,,,,,,,,,,,19380503,0,NSH02,h,CAG,1,0,0,exhibition,y,
BLG193805030,grifb102,BLG,3,value,2,,2,0,,,,0,0,0,,,0,,,0,,,,,,,1,,1,,19380503,0,NSH02,h,CAG,1,0,0,exhibition,y,
BLG193805040,trent101,CAG,1,value,9,,,9,,,,,,,,,,,,,,,,,,1,,1,,,19380504,0,NSH02,v,BLG,0,1,0,exhibition,,
BLG193805040,cornw101,CAG,2,value,9,,,5,,,,,,,,,,,,,,,,,,,,,,,19380504,0,NSH02,v,BLG,0,1,0,exhibition,,
ATN193805081,johnt108,CAG,1,value,19,0,26,6,1,0,1,2,2,2,0,0,0,0,0,0,0,0,0,0,1,,,1,,,19380508,1,ATL04,v,ATN,1,0,0,exhibition,y,d
ATN193805081,housj103,CAG,2,value,8,0,9,2,0,0,0,0,0,0,0,2,0,0,0,0,0,0,0,0,,,1,,1,,19380508,1,ATL04,v,ATN,1,0,0,exhibition,y,d
ATN193805081,mitcb104,ATN,1,value,27,0,40,11,1,1,0,8,5,1,0,5,0,1,1,0,0,1,0,0,,1,,1,,1,19380508,1,ATL04,h,CAG,0,1,0,exhibition,y,d
ATN193805082,cornw101,CAG,1,value,18,0,21,3,1,1,0,1,1,0,0,1,0,0,0,0,0,0,0,0,1,,,1,,1,19380508,2,ATL04,v,ATN,1,0,0,exhibition,y,d
ATN193805082,howat101,ATN,1,value,15,0,25,6,2,0,0,4,4,3,0,0,0,0,0,1,0,0,0,0,,1,,1,,,19380508,2,ATL04,h,CAG,0,1,0,exhibition,y,d
ATN193805082,howar101,ATN,2,value,3,0,3,0,0,0,0,0,0,0,0,0,0,0,0,0,0,0,0,0,,,,,1,,19380508,2,ATL04,h,CAG,0,1,0,exhibition,y,d
ATN193805090,housj103,CAG,1,value,,,,,,,,,,,,,,,,,,,,,,,,,,,19380509,0,ELB01,v,ATN,0,1,0,exhibition,,
ATN193805090,davil102,CAG,2,value,,,,,,,,,,,,,,,,,,,,,,,,,,,19380509,0,ELB01,v,ATN,0,1,0,exhibition,,
ATN193805090,dixoe101,ATN,1,value,27,,,6,,,,3,,,,6,,,,,,,,,,,,,,,19380509,0,ELB01,h,CAG,1,0,0,exhibition,,
KCM193805151,housj103,CAG,1,value,27,0,34,8,0,1,0,2,2,1,0,1,0,0,0,0,0,0,1,0,1,,,1,,1,19380515,1,KAN05,v,KCM,1,0,0,regular,y,d
KCM193805151,smith111,KCM,1,value,21,0,28,7,1,0,0,2,1,0,0,1,0,0,0,1,0,1,1,0,,,,1,,,19380515,1,KAN05,h,CAG,0,1,0,regular,y,d
KCM193805151,markj101,KCM,2,value,6,0,9,1,0,0,0,2,0,1,0,2,0,0,0,0,0,0,0,0,,1,,,1,,19380515,1,KAN05,h,CAG,0,1,0,regular,y,d
KCM193805152,trent101,CAG,1,value,12,0,17,4,1,0,0,3,2,0,0,5,0,0,0,0,0,2,0,0,,1,,1,,,19380515,2,KAN05,v,KCM,0,1,0,regular,y,d
KCM193805152,cornw101,CAG,2,value,6,0,6,1,0,0,0,0,0,0,0,0,0,0,0,0,0,0,0,0,,,,,1,,19380515,2,KAN05,v,KCM,0,1,0,regular,y,d
KCM193805152,kranf101,KCM,1,value,21,0,26,4,0,0,0,0,0,1,0,5,0,0,0,0,0,0,0,0,1,,,1,,1,19380515,2,KAN05,h,CAG,1,0,0,regular,y,d
CAG193805210,jeffw101,MEM,1,value,,,,,,,,,,,,,,,,,,,,,,1,,1,,,19380521,0,CHI09,v,CAG,0,1,0,regular,,
CAG193805210,wilsl102,MEM,2,value,,,,,,,,,,,,,,,,,,,,,,,,,1,,19380521,0,CHI09,v,CAG,0,1,0,regular,,
CAG193805210,cornw101,CAG,1,value,27,,,5,,1,,1,1,,,,,,,,,,,,1,,,1,,1,19380521,0,CHI09,h,MEM,1,0,0,regular,,
CAG193805221,radct101,MEM,1,value,27,0,33,6,0,1,0,0,0,0,0,9,0,0,0,0,0,2,0,0,1,,,1,,1,19380522,1,CHI09,v,CAG,1,0,0,regular,y,d
CAG193805221,housj103,CAG,1,value,24,0,36,7,1,0,0,2,1,4,1,3,0,0,0,0,0,0,0,0,,1,,1,,,19380522,1,CHI09,h,MEM,0,1,0,regular,y,d
CAG193805221,trent101,CAG,2,value,3,0,3,0,0,0,0,0,0,0,0,2,0,0,0,0,0,0,0,0,,,,,1,,19380522,1,CHI09,h,MEM,0,1,0,regular,y,d
CAG193805222,mossp101,MEM,1,value,21,0,23,1,0,0,0,0,0,0,0,6,0,0,0,0,0,2,0,0,1,,,1,,1,19380522,2,CHI09,v,CAG,1,0,0,regular,y,d
CAG193805222,trent101,CAG,1,value,12,3,19,6,0,0,0,2,2,0,0,2,0,0,0,0,0,1,0,0,,1,,1,,,19380522,2,CHI09,h,MEM,0,1,0,regular,y,d
CAG193805222,johnt108,CAG,2,value,6,0,5,1,0,0,0,0,0,0,0,0,0,0,0,1,0,0,1,0,,,,,,,19380522,2,CHI09,h,MEM,0,1,0,regular,y,d
CAG193805222,cornw101,CAG,3,value,3,0,3,0,0,0,0,0,0,0,0,1,0,0,0,0,0,0,0,0,,,,,1,,19380522,2,CHI09,h,MEM,0,1,0,regular,y,d
CAG193805280,bradf104,KCM,1,value,24,0,28,2,0,0,0,1,0,1,0,10,1,0,0,1,0,0,0,0,1,,,1,,1,19380528,0,CHI09,v,CAG,1,0,0,regular,y,d
CAG193805280,cornw101,CAG,1,value,24,0,33,6,2,1,1,3,3,3,0,11,0,0,0,0,0,1,0,0,,1,,1,,1,19380528,0,CHI09,h,KCM,0,1,0,regular,y,d
CAG193805291,kranf101,KCM,1,value,27,0,32,3,0,0,0,0,0,1,0,0,1,0,0,0,0,0,0,0,1,,,1,,1,19380529,1,CHI09,v,CAG,1,0,0,regular,y,d
CAG193805291,housj103,CAG,1,value,27,0,39,6,0,1,0,5,3,5,0,6,0,0,0,2,0,3,0,0,,1,,1,,1,19380529,1,CHI09,h,KCM,0,1,0,regular,y,d
CAG193805292,smith111,KCM,1,value,27,0,35,9,0,0,0,1,1,0,0,4,0,0,0,2,0,0,1,0,1,,,1,,1,19380529,2,CHI09,v,CAG,1,0,0,regular,y,d
CAG193805292,trent101,CAG,1,value,14,0,23,9,3,0,0,5,5,1,0,4,0,0,0,0,0,5,0,0,,1,,1,,,19380529,2,CHI09,h,KCM,0,1,0,regular,y,d
CAG193805292,cornw101,CAG,2,value,10,0,12,1,0,0,0,0,0,0,0,2,0,0,0,0,0,0,0,0,,,,,,,19380529,2,CHI09,h,KCM,0,1,0,regular,y,d
CAG193805292,johnt108,CAG,3,value,3,0,5,1,0,0,0,1,1,1,0,0,0,1,0,0,0,1,0,0,,,,,1,,19380529,2,CHI09,h,KCM,0,1,0,regular,y,d
CAG193805300,markj101,KCM,1,value,,,,,,,,,,,,,,,,,,,,,,,,1,,,19380530,0,CHI09,v,CAG,0,1,0,regular,,
CAG193805300,barnv103,KCM,2,value,,,,,,,,,,,,,,,,,,,,,,,,,,,19380530,0,CHI09,v,CAG,0,1,0,regular,,
CAG193805300,kranf101,KCM,3,value,,,,,,,,,,,,,,,,,,,,,,1,,,1,,19380530,0,CHI09,v,CAG,0,1,0,regular,,
CAG193805300,cornw101,CAG,1,value,,,,,,,,,,,,,,,,,,,,,,,,1,,,19380530,0,CHI09,h,KCM,1,0,0,regular,,
CAG193805300,trent101,CAG,2,value,,,,,,,,,,,,,,,,,,,,,,,,,,,19380530,0,CHI09,h,KCM,1,0,0,regular,,
CAG193805300,housj103,CAG,3,value,,,,,,,,,,,,,,,,,,,,,1,,,,1,,19380530,0,CHI09,h,KCM,1,0,0,regular,,
CAG193806040,ferrw102,JAX,1,value,35,0,51,11,1,1,1,7,3,4,1,6,1,0,0,1,0,0,1,0,,1,,1,,1,19380604,0,CHI09,v,CAG,0,1,0,regular,y,d
CAG193806040,johnt108,CAG,1,value,26,0,35,7,2,0,0,6,4,1,0,3,0,0,0,0,0,3,0,0,,,,1,,,19380604,0,CHI09,h,JAX,1,0,0,regular,y,d
CAG193806040,cornw101,CAG,2,value,0,0,2,0,0,0,0,0,0,2,0,0,0,0,0,0,0,0,0,0,,,,,,,19380604,0,CHI09,h,JAX,1,0,0,regular,y,d
CAG193806040,trent101,CAG,3,value,3,0,6,0,0,0,0,0,0,2,0,0,0,0,0,0,0,0,0,0,,,,,,,19380604,0,CHI09,h,JAX,1,0,0,regular,y,d
CAG193806040,davil102,CAG,4,value,7,0,9,2,0,0,0,0,0,1,0,1,0,0,0,0,0,0,1,0,1,,,,1,,19380604,0,CHI09,h,JAX,1,0,0,regular,y,d
CAG193806051,henrp101,JAX,1,value,27,,,7,,,,2,,,,8,,,,,,,,,1,,,1,,1,19380605,1,CHI09,v,CAG,1,0,0,regular,,
CAG193806051,housj103,CAG,1,value,27,,,8,,,,4,,,,4,,,,,,,,,,1,,1,,1,19380605,1,CHI09,h,JAX,0,1,0,regular,,
CAG193806052,evanf101,JAX,1,value,10,,,,,1,,5,5,,,,1,,,,,,,,,1,,1,,,19380605,2,CHI09,v,CAG,0,1,0,regular,,
CAG193806052,cox-a101,JAX,2,value,14,,,,,,,7,,,,,,,,,,,,,,,,,1,,19380605,2,CHI09,v,CAG,0,1,0,regular,,
CAG193806052,davil102,CAG,1,value,27,,,8,,,,2,2,,,,,,,,,,,,1,,,1,,1,19380605,2,CHI09,h,JAX,1,0,0,regular,,
CAG193806060,evanf101,JAX,1,value,13,,,,,,,4,,,,,,,,,,,,,,1,,1,,,19380606,0,CHI09,v,CAG,0,1,0,regular,,
CAG193806060,cox-a101,JAX,2,value,1,,,,,,,3,,,,,,,,,,,,,,,,,,,19380606,0,CHI09,v,CAG,0,1,0,regular,,
CAG193806060,turnh101,JAX,3,value,1,,,,,1,,1,,,,,,,,,,,,,,,,,1,,19380606,0,CHI09,v,CAG,0,1,0,regular,,
MEM193806110,housj103,CAG,1,value,19,0,23,4,0,0,0,2,2,1,0,4,0,0,0,0,0,0,0,0,,,,1,,,19380611,0,MEM02,v,MEM,0,0,1,regular,y,d
MEM193806110,johnt108,CAG,2,value,17,0,23,5,1,0,0,2,2,1,0,3,0,0,0,0,0,0,0,0,,,,,1,,19380611,0,MEM02,v,MEM,0,0,1,regular,y,d
MEM193806110,breme101,MEM,1,value,24,2,38,10,5,0,0,4,4,2,0,4,1,0,0,0,0,0,0,0,,,,1,,,19380611,0,MEM02,h,CAG,0,0,1,regular,y,d
MEM193806110,mossp101,MEM,2,value,12,0,17,4,0,0,0,0,0,1,0,2,0,0,0,1,0,0,0,0,,,,,1,,19380611,0,MEM02,h,CAG,0,0,1,regular,y,d
MEM193806121,cornw101,CAG,1,value,20,0,32,9,3,0,0,5,3,2,0,0,0,0,0,0,0,0,0,0,,1,,1,,,19380612,1,MEM02,v,MEM,0,1,0,regular,y,d
MEM193806121,gillp104,CAG,2,value,4,0,5,1,0,0,0,0,0,0,0,0,0,0,0,0,0,0,0,0,,,,,1,,19380612,1,MEM02,v,MEM,0,1,0,regular,y,d
MEM193806121,mossp101,MEM,1,value,27,0,38,10,2,1,0,3,3,2,0,0,0,0,0,0,0,0,0,0,1,,,1,,1,19380612,1,MEM02,h,CAG,1,0,0,regular,y,d
MEM193806122,johnt108,CAG,1,value,9,0,15,6,0,0,1,3,3,0,0,0,0,0,0,0,0,1,0,0,,,,1,,,19380612,2,MEM02,v,MEM,0,1,0,regular,y,d
MEM193806122,trent101,CAG,2,value,9,0,13,4,0,0,1,2,2,0,0,0,0,0,0,0,0,0,0,0,,1,,,1,,19380612,2,MEM02,v,MEM,0,1,0,regular,y,d
MEM193806122,jeffw101,MEM,1,value,18,0,25,6,1,0,0,3,2,0,0,0,0,0,0,0,0,1,0,0,1,,,1,,,19380612,2,MEM02,h,CAG,1,0,0,regular,y,d
MEM193806122,radct101,MEM,2,value,3,0,3,0,0,0,0,0,0,0,0,0,0,0,0,0,0,0,0,0,,,1,,1,,19380612,2,MEM02,h,CAG,1,0,0,regular,y,d
MEM193806130,housj103,CAG,1,value,9,0,17,8,0,0,0,4,4,1,0,,0,0,0,0,0,0,0,0,,1,,1,,,19380613,0,MEM02,v,MEM,0,1,0,regular,y,d
MEM193806130,johnt108,CAG,2,value,12,0,12,2,0,0,0,0,0,0,0,0,0,0,0,0,0,0,0,0,,,,,,,19380613,0,MEM02,v,MEM,0,1,0,regular,y,d
MEM193806130,gillp104,CAG,3,value,1,0,3,1,0,0,0,1,1,1,0,0,0,0,0,0,0,0,0,0,,,,,,,19380613,0,MEM02,v,MEM,0,1,0,regular,y,d
MEM193806130,trent101,CAG,4,value,2,0,2,1,0,0,0,0,0,0,0,0,0,0,0,0,0,0,1,0,,,,,1,,19380613,0,MEM02,v,MEM,0,1,0,regular,y,d
MEM193806130,wilsl102,MEM,1,value,24,0,29,3,1,1,0,1,0,1,0,2,0,0,0,1,0,0,0,0,1,,,1,,,19380613,0,MEM02,h,CAG,1,0,0,regular,y,d
MEM193806130,mossp101,MEM,2,value,3,0,6,1,0,0,0,0,0,1,0,2,0,0,0,0,0,0,0,0,,,1,,1,,19380613,0,MEM02,h,CAG,1,0,0,regular,y,d
MEM193806140,davil102,CAG,1,value,24,,,6,,,,3,0,,,,,,,,,,,,,1,,1,,1,19380614,0,MNL01,v,MEM,0,1,0,regular,,
MEM193806140,allec101,MEM,1,value,27,,,5,,,,1,0,,,,,,,,,,,,1,,,1,,1,19380614,0,MNL01,h,CAG,1,0,0,regular,,
MEM193806150,cornw101,CAG,1,value,24,,,11,,,1,10,,,,,,,,,,,,,,1,,1,,1,19380615,0,LRK02,v,MEM,0,1,0,regular,,
MEM193806150,jeffw101,MEM,1,value,27,,,6,,,,2,,,,,,,,,,,,,1,,,1,,1,19380615,0,LRK02,h,CAG,1,0,0,regular,,
CAG193806180,smith111,KCM,1,value,27,,,7,,,0,0,0,,,,,,,,,,,,1,,,1,,1,19380618,0,CHI09,v,CAG,1,0,0,regular,,
CAG193806180,housj103,CAG,1,value,,,,,,,,,,,,,,,,,,,,,,1,,1,,,19380618,0,CHI09,h,KCM,0,1,0,regular,,
CAG193806180,davil102,CAG,2,value,,,,,,,,,,,,,,,,,,,,,,,,,1,,19380618,0,CHI09,h,KCM,0,1,0,regular,,
CAG193806191,kranf101,KCM,1,value,27,,,3,,,0,0,0,,,,,,,,,,,,1,,,1,,1,19380619,1,CHI09,v,CAG,1,0,0,regular,,
CAG193806191,trent101,CAG,1,value,27,,,4,,,,3,,,,,,,,,,,,,,1,,1,,1,19380619,1,CHI09,h,KCM,0,1,0,regular,,
CAG193806192,barnv103,KCM,1,value,24,,,10,,,,5,,,,,,,,,,,,,,1,,1,,1,19380619,2,CHI09,v,CAG,0,1,0,regular,,
CAG193806192,cornw101,CAG,2,value,27,,,6,,,,4,,,,,,,,,,,,,1,,,1,,1,19380619,2,CHI09,h,KCM,1,0,0,regular,,
CAG193806200,bradf104,KCM,1,value,27,,,6,,,,2,,,,,,,,,,,,,1,,,1,1,1,19380620,0,CHI16,v,CAG,1,0,0,exhibition,,
CAG193806200,johnt108,CAG,1,value,27,,,10,,,1,7,,,,,,,,,,,,,,1,,1,1,1,19380620,0,CHI16,h,KCM,0,1,0,exhibition,,
CAG193806270,mcalf101,IN7,1,value,27,,,4,,,,2,,,,,,,,,,,,,1,,,1,,1,19380627,0,CHI09,v,CAG,1,0,0,regular,,
CAG193806270,housj103,CAG,1,value,,,,,,,,,,,,,,,,,,,,,,,,1,,,19380627,0,CHI09,h,IN7,0,1,0,regular,,
CAG193806270,davil102,CAG,2,value,,,,,,,,,,,,,,,,,,,,,,,,,,,19380627,0,CHI09,h,IN7,0,1,0,regular,,
CAG193806270,cornw101,CAG,3,value,,,,,,,,,,,,,,,,,,,,,,,,,1,,19380627,0,CHI09,h,IN7,0,1,0,regular,,
CAG193806280,kranf101,KCM,1,value,12,,16,4,,,0,2,,0,0,2,0,,,0,,,,,1,,,1,,,19380628,0,MIL03,v,CAG,1,0,0,regular,y,
CAG193806280,smith111,KCM,2,value,15,,22,4,,,0,2,,3,,5,0,,,0,,,,,,,1,,1,,19380628,0,MIL03,v,CAG,1,0,0,regular,y,
CAG193806280,trent101,CAG,1,value,9,,13,3,,,0,1,,1,,3,0,,,,,,,,,1,,1,,,19380628,0,MIL03,h,KCM,0,1,0,regular,y,
CAG193806280,cornw101,CAG,2,value,7,,14,6,,,0,5,,0,0,3,0,,,,,,,,,,,,,,19380628,0,MIL03,h,KCM,0,1,0,regular,y,
CAG193806280,johnt108,CAG,3,value,11,,17,5,,,0,1,,1,,2,0,,,,,,,,,,,,1,,19380628,0,MIL03,h,KCM,0,1,0,regular,y,
CAG193807031,eatme101,BIR,1,value,1,0,4,3,0,0,0,1,1,0,0,0,0,0,0,1,0,0,0,0,,,,1,,,19380703,1,CHI09,v,CAG,0,1,0,regular,y,d
CAG193807031,thuru102,BIR,2,value,31,0,43,5,0,0,0,3,3,8,0,2,0,0,0,3,0,1,1,0,,1,,,1,,19380703,1,CHI09,v,CAG,0,1,0,regular,y,d
CAG193807031,cornw101,CAG,1,value,33,0,45,7,2,0,0,3,3,4,0,11,1,0,0,3,0,2,0,0,1,,,1,,1,19380703,1,CHI09,h,BIR,1,0,0,regular,y,d
CAG193807032,blacc103,BIR,1,value,,,,,,,,,,,,,,,,,,,,,,1,,1,,,19380703,2,CHI09,v,CAG,0,1,0,regular,,
CAG193807032,oslej101,BIR,2,value,,,,,,,,,,,,,,,,,,,,,,,,,,,19380703,2,CHI09,v,CAG,0,1,0,regular,,
CAG193807032,craws102,BIR,3,value,,,,,,,,,,,,,,,,,,,,,,,,,1,,19380703,2,CHI09,v,CAG,0,1,0,regular,,
CAG193807032,johnt108,CAG,1,value,21,,,4,,,,1,1,,,,,,,,,,,,1,,,1,,1,19380703,2,CHI09,h,BIR,1,0,0,regular,,
CAG193807041,eatme101,BIR,1,value,24,,,11,,,,12,,,,,,,,,,,,,,1,,1,,1,19380704,1,CHI09,v,CAG,0,1,0,regular,,
CAG193807041,trent101,CAG,1,value,27,,,9,,,,4,,,,,,,,,,,,,1,,,1,,1,19380704,1,CHI09,h,BIR,1,0,0,regular,,
CAG193807042,oslej101,BIR,1,value,27,,,5,,,,2,2,,,,,,,,,,,,1,,,1,,1,19380704,2,CHI09,v,CAG,1,0,0,regular,,
CAG193807042,housj103,CAG,1,value,27,,,10,,,,6,,,,,,,,,,,,,,1,,1,,1,19380704,2,CHI09,h,BIR,0,1,0,regular,,
CAG193807080,mossp101,MEM,1,value,12,0,25,6,1,0,1,6,2,5,0,0,0,0,0,1,0,0,0,0,,,,1,,,19380708,0,MIL03,v,CAG,1,0,0,exhibition,y,d
CAG193807080,radct101,MEM,2,value,15,0,17,2,0,1,0,1,1,0,0,0,0,0,0,0,0,0,0,0,1,,,,1,,19380708,0,MIL03,v,CAG,1,0,0,exhibition,y,d
CAG193807080,johnt108,CAG,1,value,21,3,33,10,0,1,1,7,6,4,0,0,1,2,0,1,0,1,2,0,,1,,1,,,19380708,0,MIL03,h,MEM,0,1,0,exhibition,y,d
CAG193807080,trent101,CAG,2,value,0,1,1,0,0,0,0,1,1,1,0,0,0,0,0,0,0,1,0,0,,,,,,,19380708,0,MIL03,h,MEM,0,1,0,exhibition,y,d
CAG193807080,housj103,CAG,3,value,3,0,7,4,0,0,0,2,2,0,0,0,0,0,0,0,0,0,0,0,,,,,,,19380708,0,MIL03,h,MEM,0,1,0,exhibition,y,d
CAG193807080,cornw101,CAG,4,value,3,0,6,2,1,0,0,1,1,1,0,0,0,0,0,0,0,1,0,0,,,,,1,,19380708,0,MIL03,h,MEM,0,1,0,exhibition,y,d
CAG193807101,breme101,MEM,1,value,13,0,24,10,2,0,0,6,6,1,0,2,0,0,0,2,0,2,0,0,,1,,1,,,19380710,1,CHI09,v,CAG,0,1,0,regular,y,d
CAG193807101,jeffw101,MEM,2,value,11,0,15,5,0,1,0,1,1,0,0,5,0,0,0,0,0,0,0,0,,,,,1,,19380710,1,CHI09,v,CAG,0,1,0,regular,y,d
CAG193807101,cornw101,CAG,1,value,27,0,37,9,1,1,0,3,1,2,0,3,0,0,0,0,0,0,2,0,1,,,1,,1,19380710,1,CHI09,h,MEM,1,0,0,regular,y,d
CAG193807102,wilsl102,MEM,1,value,9,0,15,6,1,1,0,4,4,0,0,0,0,0,0,0,0,0,0,0,,1,,1,,,19380710,2,CHI09,v,CAG,0,1,0,regular,y,d
CAG193807102,radct101,MEM,2,value,15,0,19,4,0,0,0,0,0,0,0,0,0,0,0,0,0,0,0,0,,,,,1,,19380710,2,CHI09,v,CAG,0,1,0,regular,y,d
CAG193807102,housj103,CAG,1,value,27,0,34,7,0,1,0,1,1,0,0,0,0,0,0,0,0,0,0,0,1,,,1,,1,19380710,2,CHI09,h,MEM,1,0,0,regular,y,d
CAG193807110,allec101,MEM,1,value,24,0,35,8,2,0,0,5,3,3,0,0,0,0,0,0,0,0,1,0,,1,,1,,1,19380711,0,CHI16,v,CAG,0,1,0,regular,y,d
CAG193807110,trent101,CAG,1,value,27,0,29,2,0,0,0,0,0,0,0,0,0,0,0,0,0,0,0,0,1,,,1,,1,19380711,0,CHI16,h,MEM,1,0,0,regular,y,d
CAG193807120,smith111,KCM,1,value,27,,,7,,,,3,,,,,,,,,,,,,1,,,1,,1,19380712,0,STP02,v,CAG,1,0,0,exhibition,,
KCM193807130,cornw101,CAG,1,value,27,0,34,7,3,0,0,3,3,1,0,0,0,0,0,0,0,0,1,0,1,,,1,,1,19380713,0,FAR01,v,KCM,1,0,0,exhibition,y,d
KCM193807130,bradf104,KCM,1,value,18,2,28,4,1,0,2,3,3,5,0,0,1,0,0,0,0,0,0,2,,,,1,,,19380713,0,FAR01,h,CAG,0,1,0,exhibition,y,d
KCM193807130,markj101,KCM,2,value,9,0,16,3,1,0,0,1,0,2,0,1,1,0,0,2,0,0,0,0,,1,,,1,,19380713,0,FAR01,h,CAG,0,1,0,exhibition,y,d
KCM193807150,trent101,CAG,1,value,,,,,,,,,,,,,,,,,,,,,,,,1,,,19380715,0,WIN01,v,KCM,1,0,0,regular,,
KCM193807150,reedj102,CAG,2,value,,,,,,,,,,,,,,,,,,,,,1,,,,,,19380715,0,WIN01,v,KCM,1,0,0,regular,,
KCM193807150,johnt108,CAG,3,value,,,,,,,,,,,,,,,,,,,,,,,1,,,,19380715,0,WIN01,v,KCM,1,0,0,regular,,
KCM193807150,coopa101,KCM,1,value,21,4,,,,,0,5,,,,,,,,,,,,,,,,1,,,19380715,0,WIN01,h,CAG,0,1,0,regular,,
KCM193807150,barnv103,KCM,2,value,0,,3,3,,,1,3,,,,,,,,,,,,,,1,,,,,19380715,0,WIN01,h,CAG,0,1,0,regular,,
KCM193807150,bradf104,KCM,3,value,3,,,,,,0,0,0,,,,1,,,,,,,,,,,,,,19380715,0,WIN01,h,CAG,0,1,0,regular,,
KCM193807150,mosel101,KCM,4,value,3,,,,,,0,0,0,,,,,,,,,,,,,,,,1,,19380715,0,WIN01,h,CAG,0,1,0,regular,,
CAG193807161,markj101,KCM,1,value,,,,,,,,,,,,,,,,,,,,,,,,,,,19380716,1,WIN01,v,CAG,1,0,0,regular,,
CAG193807161,bradf104,KCM,2,value,,,,,,,,,,,,,,,,,,,,,,,,,,,19380716,1,WIN01,v,CAG,1,0,0,regular,,
CAG193807161,smith111,KCM,3,value,,,,,,,,,,,,,,,,,,,,,,,,,,,19380716,1,WIN01,v,CAG,1,0,0,regular,,
CAG193807161,thorj103,CAG,1,value,,,,,,,,,,,,,,,,,,,,,,,,,,,19380716,1,WIN01,h,KCM,0,1,0,regular,,
CAG193807161,reedj102,CAG,2,value,,,,,,,,,,,,,,,,,,,,,,,,,,,19380716,1,WIN01,h,KCM,0,1,0,regular,,
CAG193807161,johnt108,CAG,3,value,,,,,,,,,,,,,,,,,,,,,,,,,,,19380716,1,WIN01,h,KCM,0,1,0,regular,,
KCM193807162,trent101,CAG,1,value,,,,,,,,,,,,,,,,,,,,,,,,1,,,19380716,2,WIN01,v,KCM,0,1,0,regular,,
KCM193807162,housj103,CAG,2,value,,,,,,,,,,,,,,,,,,,,,,,,,1,,19380716,2,WIN01,v,KCM,0,1,0,regular,,
KCM193807162,bradf104,KCM,1,value,,,,,,,,,,,,,,,,,,,,,1,,,1,,,19380716,2,WIN01,h,CAG,1,0,0,regular,,
KCM193807162,mosel101,KCM,2,value,,,,,,,,,,,,,,,,,,,,,,,,,,,19380716,2,WIN01,h,CAG,1,0,0,regular,,
KCM193807162,smith111,KCM,3,value,,,,,,,,,,,,,,,,,,,,,,,1,,1,,19380716,2,WIN01,h,CAG,1,0,0,regular,,
KCM193807190,cornw101,CAG,1,value,27,,,,,,,1,,,,,,,,,,,,,1,,,1,,1,19380719,0,PLP01,v,KCM,1,0,0,exhibition,,
KCM193807190,kranf101,KCM,1,value,,,,,,,,,,,,,,,,,,,,,,1,,1,,,19380719,0,PLP01,h,CAG,0,1,0,exhibition,,
KCM193807190,mosel101,KCM,2,value,,,,,,,,,,,,,,,,,,,,,,,,,1,,19380719,0,PLP01,h,CAG,0,1,0,exhibition,,
CAG193807210,barnv103,KCM,1,value,21,0,30,5,0,0,0,2,1,2,0,11,0,0,0,2,0,4,0,0,,,,1,,,19380721,0,REG01,v,CAG,0,1,0,regular,y,d
CAG193807210,mosel101,KCM,2,value,6,2,9,0,0,0,0,1,1,2,0,2,0,0,0,0,0,0,0,0,,1,,,,,19380721,0,REG01,v,CAG,0,1,0,regular,y,d
CAG193807210,markj101,KCM,3,value,1,0,3,1,0,0,0,0,0,1,1,0,0,0,0,1,0,0,0,0,,,,,1,,19380721,0,REG01,v,CAG,0,1,0,regular,y,d
CAG193807210,trent101,CAG,1,value,30,0,38,7,2,0,0,2,1,3,0,5,0,0,0,0,0,1,2,0,1,,,1,,1,19380721,0,REG01,h,KCM,1,0,0,regular,y,d
KCM193807220,johnt108,CAG,1,value,12,0,17,3,2,0,0,2,2,4,0,4,0,0,0,0,0,2,2,0,,,,1,,,19380722,0,REG01,v,KCM,1,0,0,regular,y,d
KCM193807220,cornw101,CAG,2,value,15,0,22,4,0,0,0,1,1,2,0,8,0,0,0,2,0,1,0,0,1,,,,1,,19380722,0,REG01,v,KCM,1,0,0,regular,y,d
KCM193807220,kranf101,KCM,1,value,15,0,18,1,0,0,0,0,0,1,0,0,0,0,0,2,0,2,0,0,,,,1,,,19380722,0,REG01,h,CAG,0,1,0,regular,y,d
KCM193807220,bradf104,KCM,2,value,12,0,19,6,1,1,0,4,4,1,0,4,0,0,1,1,0,0,0,0,,1,,,1,,19380722,0,REG01,h,CAG,0,1,0,regular,y,d
CAG193807242,barnv103,KCM,1,value,27,0,40,10,1,0,4,8,7,2,0,0,0,0,0,1,0,1,0,0,1,,,1,,1,19380724,2,BIS01,v,CAG,1,0,0,regular,y,d
CAG193807242,housj103,CAG,1,value,9,2,14,5,1,0,1,4,4,0,0,0,0,0,0,0,0,2,0,0,,,,1,,,19380724,2,BIS01,h,KCM,0,1,0,regular,y,d
CAG193807242,trent101,CAG,2,value,18,0,30,10,2,0,1,6,6,1,0,0,0,0,0,1,0,0,0,0,,1,,,1,,19380724,2,BIS01,h,KCM,0,1,0,regular,y,d
KCM193807241,housj103,CAG,1,value,21,0,32,12,0,0,3,6,6,0,0,0,0,0,0,3,0,0,0,0,1,,,1,,,19380724,1,BIS01,v,KCM,1,0,0,regular,y,d
KCM193807241,cornw101,CAG,2,value,6,0,6,1,0,0,0,0,0,0,0,0,0,0,0,0,0,0,1,0,,,1,,1,,19380724,1,BIS01,v,KCM,1,0,0,regular,y,d
KCM193807241,smith111,KCM,1,value,12,2,19,6,2,1,0,4,4,1,0,0,0,0,0,0,0,0,0,0,,1,,1,,,19380724,1,BIS01,h,CAG,0,1,0,regular,y,d
KCM193807241,mosel101,KCM,2,value,15,0,27,7,1,1,0,6,4,3,0,0,0,0,0,0,0,1,0,0,,,,,1,,19380724,1,BIS01,h,CAG,0,1,0,regular,y,d
KCM193807250,johnt108,CAG,1,value,21,0,30,9,2,0,0,4,2,1,0,0,0,0,0,0,0,0,2,0,,1,,1,,,19380725,0,FAR01,v,KCM,0,1,0,regular,y,d
KCM193807250,trent101,CAG,2,value,3,0,4,1,0,0,0,0,0,0,0,0,0,0,0,0,0,0,0,0,,,,,1,,19380725,0,FAR01,v,KCM,0,1,0,regular,y,d
KCM193807250,smith111,KCM,1,value,27,0,34,7,0,0,0,2,1,0,0,0,0,0,0,0,0,2,0,0,1,,,1,,1,19380725,0,FAR01,h,CAG,1,0,0,regular,y,d
KCM193807280,housj103,CAG,1,value,4,0,10,4,0,0,0,4,4,3,0,1,0,1,0,1,0,0,0,0,,,,1,,,19380728,0,DES01,v,KCM,1,0,0,regular,y,d
KCM193807280,johnt108,CAG,2,value,23,0,29,4,1,0,0,0,0,2,0,4,0,1,0,0,0,0,0,0,1,,,,1,,19380728,0,DES01,v,KCM,1,0,0,regular,y,d
KCM193807280,barnv103,KCM,1,value,14,0,23,8,1,2,0,7,7,2,0,5,1,0,0,0,0,0,1,0,,1,,1,,,19380728,0,DES01,h,CAG,0,1,0,regular,y,d
KCM193807280,jackb102,KCM,2,value,0,0,2,2,1,0,1,2,2,0,0,0,0,0,0,0,0,0,0,0,,,,,,,19380728,0,DES01,h,CAG,0,1,0,regular,y,d
KCM193807280,mosel101,KCM,3,value,10,1,16,4,2,0,1,2,2,4,0,1,0,0,1,0,0,1,0,0,,,,,,,19380728,0,DES01,h,CAG,0,1,0,regular,y,d
KCM193807280,markj101,KCM,4,value,3,0,3,0,0,0,0,0,0,0,0,2,0,0,0,0,0,0,0,0,,,,,1,,19380728,0,DES01,h,CAG,0,1,0,regular,y,d
KCM193807290,trent101,CAG,1,value,27,0,32,5,0,0,0,1,1,0,0,7,0,0,0,2,0,0,0,0,1,,,1,,1,19380729,0,KAN05,v,KCM,1,0,0,regular,y,d
KCM193807290,smith111,KCM,1,value,27,0,34,7,1,0,0,2,2,0,0,11,0,0,0,1,0,1,0,0,,1,,1,,1,19380729,0,KAN05,h,CAG,0,1,0,regular,y,d
CAG193807311,kranf101,KCM,1,value,17,0,30,9,1,0,0,7,6,3,0,1,0,0,0,1,0,1,1,0,,1,,1,,,19380731,1,CHI09,v,CAG,0,1,0,regular,y,d
CAG193807311,bradf104,KCM,2,value,7,0,8,1,1,0,0,0,0,0,0,2,0,0,0,0,0,2,0,0,,,,,1,,19380731,1,CHI09,v,CAG,0,1,0,regular,y,d
CAG193807311,cornw101,CAG,1,value,27,0,34,2,2,0,0,2,1,4,0,7,0,0,0,0,0,1,0,0,1,,,1,,1,19380731,1,CHI09,h,KCM,1,0,0,regular,y,d
CAG193807312,coopa101,KCM,1,value,27,0,32,6,1,0,0,1,1,0,0,4,1,0,0,1,0,0,2,0,1,,,1,,1,19380731,2,CHI09,v,CAG,1,0,0,regular,y,d
CAG193807312,johnt108,CAG,1,value,21,0,28,6,0,0,0,3,0,1,0,3,0,0,0,0,0,2,1,0,,1,,1,,,19380731,2,CHI09,h,KCM,0,1,0,regular,y,d
CAG193807312,housj103,CAG,2,value,6,0,6,0,0,0,0,0,0,0,0,1,0,0,0,0,0,0,0,0,,,,,1,,19380731,2,CHI09,h,KCM,0,1,0,regular,y,d
CAG193808060,browj116,IN7,1,value,21,0,31,9,0,2,0,5,5,1,0,7,0,0,0,1,0,1,0,0,1,,,1,,,19380806,0,CHI09,v,CAG,1,0,0,regular,y,d
CAG193808060,mcalf101,IN7,2,value,6,0,10,4,0,1,0,1,1,0,0,0,0,0,0,0,0,0,0,0,,,1,,1,,19380806,0,CHI09,v,CAG,1,0,0,regular,y,d
CAG193808060,trent101,CAG,1,value,6,1,12,5,0,1,0,4,4,1,0,1,0,0,0,0,0,2,0,0,,1,,1,,,19380806,0,CHI09,h,IN7,0,1,0,regular,y,d
CAG193808060,reedj102,CAG,2,value,18,0,26,5,1,1,0,3,2,3,0,3,0,0,0,2,0,2,0,0,,,,,,,19380806,0,CHI09,h,IN7,0,1,0,regular,y,d
CAG193808060,johnt108,CAG,3,value,3,0,6,2,0,0,0,3,3,1,0,1,0,0,0,1,0,1,0,0,,,,,1,,19380806,0,CHI09,h,IN7,0,1,0,regular,y,d
CAG193808071,calhl101,IN7,1,value,22,0,31,6,1,1,0,5,4,3,0,3,0,0,0,2,0,0,1,0,,1,,1,,,19380807,1,CHI09,v,CAG,0,1,0,regular,y,d
CAG193808071,mcalf101,IN7,2,value,2,0,2,0,0,0,0,0,0,1,0,0,0,0,0,0,0,0,1,0,,,,,1,,19380807,1,CHI09,v,CAG,0,1,0,regular,y,d
CAG193808071,cornw101,CAG,1,value,27,0,32,5,0,1,0,3,3,2,0,7,1,0,0,2,0,0,2,0,1,,,1,,1,19380807,1,CHI09,h,IN7,1,0,0,regular,y,d
CAG193808072,armsj101,IN7,1,value,24,0,31,7,1,0,0,4,3,1,0,2,0,0,0,0,0,6,0,0,,1,,1,,1,19380807,2,CHI09,v,CAG,0,1,0,regular,y,d
CAG193808072,trent101,CAG,1,value,27,0,35,8,2,1,0,3,3,0,0,0,0,1,0,0,0,0,0,0,1,,,1,,1,19380807,2,CHI09,h,IN7,1,0,0,regular,y,d
CAG193808110,reesj103,ATN,1,value,4,0,10,5,1,0,1,4,4,1,0,0,0,0,0,0,0,1,0,0,,,,1,,,19380811,0,MIL03,v,CAG,0,1,0,regular,y,d
CAG193808110,evanf101,ATN,2,value,20,3,28,4,0,0,0,3,3,6,0,0,1,0,0,2,0,1,1,0,,,,,,,19380811,0,MIL03,v,CAG,0,1,0,regular,y,d
CAG193808110,dixoe101,ATN,3,value,2,0,5,2,0,0,0,1,1,1,0,0,0,0,0,0,0,0,0,0,,1,,,1,,19380811,0,MIL03,v,CAG,0,1,0,regular,y,d
CAG193808110,cornw101,CAG,1,value,27,0,44,11,5,0,1,7,7,4,0,0,0,0,0,2,0,3,0,0,1,,,1,,1,19380811,0,MIL03,h,ATN,1,0,0,regular,y,d
CAG193808130,reesj103,ATN,1,value,6,2,,,,,,7,,,,,,,,,,,,,,1,,1,,,19380813,0,CHI09,v,CAG,0,1,0,regular,,
CAG193808130,howat101,ATN,2,value,18,,,,,,,5,,,,,,,,,,,,,,,,,1,,19380813,0,CHI09,v,CAG,0,1,0,regular,,
CAG193808130,johnt108,CAG,1,value,27,,,11,,,,5,,,,,,,,,,,,,1,,,1,,1,19380813,0,CHI09,h,ATN,1,0,0,regular,,
CAG193808141,dixoe101,ATN,1,value,24,0,36,8,2,1,1,6,6,3,0,3,1,0,0,0,0,1,0,0,,1,,1,,1,19380814,1,CHI09,v,CAG,0,1,0,regular,y,d
CAG193808141,cornw101,CAG,1,value,27,0,38,11,1,3,0,5,5,1,0,9,0,0,0,2,0,0,1,0,1,,,1,,1,19380814,1,CHI09,h,ATN,1,0,0,regular,y,d
CAG193808142,duncs101,ATN,1,value,24,0,33,8,2,1,0,4,3,0,0,7,0,0,0,0,0,0,0,0,,1,,1,,1,19380814,2,CHI09,v,CAG,0,1,0,regular,y,d
CAG193808142,trent101,CAG,1,value,27,0,33,5,2,0,0,2,2,1,0,11,0,0,0,0,0,0,0,0,1,,,1,,1,19380814,2,CHI09,h,ATN,1,0,0,regular,y,d
CAG193808150,evanf101,ATN,1,value,27,,,8,,,,6,,,,,,,,,,,,,1,,,1,,1,19380815,0,CHI09,v,CAG,1,0,0,regular,,
CAG193808150,housj103,CAG,1,value,21,,,,,,,4,,,,,,,,,,,,,,1,,1,,,19380815,0,CHI09,h,ATN,0,1,0,regular,,
CAG193808150,cornw101,CAG,2,value,6,,,,,,1,4,,,,,,,,,,2,,,,,,,1,,19380815,0,CHI09,h,ATN,0,1,0,regular,,
BIR193808200,forrp101,CAG,1,value,18,5,31,10,,0,1,7,,2,,3,0,,,,,,,,,,,1,,,19380820,0,LEE01,v,BIR,0,1,0,exhibition,y,
BIR193808200,davil102,CAG,2,value,1,,5,3,,0,0,4,,1,,0,0,,,,,,,,,1,,,,,19380820,0,LEE01,v,BIR,0,1,0,exhibition,y,
BIR193808200,housj103,CAG,3,value,5,,11,3,,0,0,4,,2,,0,0,,,,,,,,,,,,1,,19380820,0,LEE01,v,BIR,0,1,0,exhibition,y,
BIR193808200,blacc103,BIR,1,value,27,,48,12,3,0,1,11,,7,,5,0,,,0,,,,,1,,,1,,1,19380820,0,LEE01,h,CAG,1,0,0,exhibition,y,
BIR193808211,johnt108,CAG,1,value,27,,42,10,1,0,0,3,,3,,1,0,,,1,,,,,1,,,1,,1,19380821,1,BIR01,v,BIR,1,0,0,exhibition,y,
BIR193808211,mitcb104,BIR,1,value,27,,46,12,1,0,1,11,,4,,3,0,,,1,,,,,,1,,1,,1,19380821,1,BIR01,h,CAG,0,1,0,exhibition,y,
BIR193808212,trent101,CAG,1,value,21,,,5,,,,1,,,,,,,,,,,,,1,,,1,,1,19380821,2,BIR01,v,BIR,1,0,0,exhibition,,
BIR193808212,burrs101,BIR,1,value,21,,,8,,,,4,,,,,,2,,,,,,,,1,,1,,1,19380821,2,BIR01,h,CAG,0,1,0,exhibition,,
CAG193808281,smith111,KCM,1,value,10,,,,,,,8,,,,,,,,,,,,,,1,,1,,,19380828,1,CHI09,v,CAG,0,1,0,exhibition,,
CAG193808281,barnv103,KCM,2,value,14,,,,,,,3,,,,,,,,,,,,,,,,,1,,19380828,1,CHI09,v,CAG,0,1,0,exhibition,,
CAG193808281,cornw101,CAG,1,value,23,,,,,,1,9,,,,,,,,,,,,,1,,,1,,,19380828,1,CHI09,h,KCM,1,0,0,exhibition,,
CAG193808281,trent101,CAG,2,value,4,,,,,,0,0,0,,,,,,,,,,,,,,1,,1,,19380828,1,CHI09,h,KCM,1,0,0,exhibition,,
CAG193808282,markj101,KCM,1,value,27,,,9,1,1,,2,2,,,,,,,,,,,,1,,,1,,1,19380828,2,CHI09,v,CAG,1,0,0,exhibition,,
CAG193808282,trent101,CAG,1,value,,,,,,,,,,,,,,,,,,,,,,1,,1,,,19380828,2,CHI09,h,KCM,0,1,0,exhibition,,
CAG193808282,forrp101,CAG,2,value,,,,,,,,,,,,,,,,,,,,,,,,,1,,19380828,2,CHI09,h,KCM,0,1,0,exhibition,,
CAG193809041,mossp101,MEM,1,value,27,,,,,,,5,,,,,,,,,,,,,1,,,1,,1,19380904,1,CHI09,v,CAG,1,0,0,regular,,
CAG193809041,cornw101,CAG,1,value,27,,,9,,,,8,,,,,,,,,,,,,,1,,1,,1,19380904,1,CHI09,h,MEM,0,1,0,regular,,
CAG193809042,jeffw101,MEM,1,value,27,,,5,,,,1,,,,,,,,,,,,,1,,,1,,1,19380904,2,CHI09,v,CAG,1,0,0,regular,,
CAG193809042,trent101,CAG,1,value,27,,,10,,,,5,,,,,,,,,,,,,,1,,1,,1,19380904,2,CHI09,h,MEM,0,1,0,regular,,
CAG193809051,wilsl102,MEM,1,value,,,,,,,,,,,,,,,,,,,,,,1,,1,,,19380905,1,CHI09,v,CAG,0,1,0,regular,,
CAG193809051,hannl102,MEM,2,value,,,,,,,,,,,,,,,,,,,,,,,,,1,,19380905,1,CHI09,v,CAG,0,1,0,regular,,
CAG193809051,johnt108,CAG,1,value,27,,,,,,,,,,,,,,,,,,,,1,,,1,,1,19380905,1,CHI09,h,MEM,1,0,0,regular,,
CAG193809052,radct101,MEM,1,value,27,,,5,,,,1,,,,,,,,,,,,,1,,,1,,1,19380905,2,CHI09,v,CAG,1,0,0,regular,,
CAG193809052,housj103,CAG,1,value,,,,,,,,,,,,,,,,,,,,,,1,,1,,,19380905,2,CHI09,h,MEM,0,1,0,regular,,
CAG193809052,trent101,CAG,2,value,,,,,,,,,,,,,,,,,,,,,,,,,,,19380905,2,CHI09,h,MEM,0,1,0,regular,,
CAG193809052,cornw101,CAG,3,value,,,,,,,,,,,,,,,,,,,,,,,,,1,,19380905,2,CHI09,h,MEM,0,1,0,regular,,
CAG193809060,allec101,MEM,1,value,27,,,6,,,,3,3,,,,,,,,,,,,1,,,1,,1,19380906,0,SBD01,v,CAG,1,0,0,regular,,
CAG193809060,forrp101,CAG,1,value,18,,,,,,1,9,,,,,,,,,,,,,,1,,1,,,19380906,0,SBD01,h,MEM,0,1,0,regular,,
CAG193809060,cornw101,CAG,2,value,9,,,,,,,2,,,,,,,,,,,,,,,,,1,,19380906,0,SBD01,h,MEM,0,1,0,regular,,
