gid,id,team,d_seq,d_pos,stattype,d_ifouts,d_po,d_a,d_e,d_dp,d_tp,d_pb,d_wp,d_sb,d_cs,d_gs,date,number,site,vishome,opp,win,loss,tie,gametype,box,pbp,eject
IN6193705080,daviw104,SSA,1,7,value,20,0,0,0,0,0,,,,,1,19370508,0,IND10,v,IN6,1,0,0,regular,y,y,
IN6193705080,daviw104,SSA,2,9,value,7,0,0,0,0,0,,,,,0,19370508,0,IND10,v,IN6,1,0,0,regular,y,y,
IN6193705090,daviw104,SSA,1,9,value,27,0,0,0,0,0,,,,,1,19370509,0,IND10,v,IN6,1,0,0,regular,y,d,
IN6193705100,daviw104,SSA,1,7,value,24,,,1,,,,,,,1,19370510,0,IND10,v,IN6,0,1,0,regular,y,,
BIR193705150,daviw104,SSA,1,7,value,27,2,0,0,0,0,,,,,1,19370515,0,BIR01,v,BIR,0,1,0,regular,y,d,
BIR193705161,daviw104,SSA,1,7,value,24,0,0,0,0,0,,,,,1,19370516,1,BIR01,v,BIR,0,1,0,regular,y,d,
BIR193705162,daviw104,SSA,1,7,value,18,0,0,0,0,0,,,,,1,19370516,2,BIR01,v,BIR,0,1,0,regular,y,d,
SSA193705311,daviw104,SSA,1,5,value,27,,,0,,,,,,,1,19370531,1,STL14,h,DT2,0,1,0,regular,y,,
SSA193706120,daviw104,SSA,1,5,value,27,,,0,,,,,,,1,19370612,0,STL14,h,BIR,0,1,0,regular,y,,
SSA193706131,daviw104,SSA,1,7,value,24,0,0,0,0,0,,,,,1,19370613,1,STL14,h,BIR,1,0,0,regular,y,d,
SSA193706131,daviw104,SSA,2,5,value,3,0,0,0,0,0,,,,,0,19370613,1,STL14,h,BIR,1,0,0,regular,y,d,
KCM193706190,daviw104,SSA,1,5,value,27,0,0,0,0,0,,,,,1,19370619,0,CMB01,v,KCM,1,0,0,regular,y,d,
KCM193706201,daviw104,SSA,1,5,value,7,2,0,0,0,0,,,,,1,19370620,1,KAN05,v,KCM,0,1,0,regular,y,d,
KCM193706201,daviw104,SSA,2,7,value,17,0,0,0,0,0,,,,,0,19370620,1,KAN05,v,KCM,0,1,0,regular,y,d,
KCM193706202,daviw104,SSA,1,7,value,18,2,0,0,0,0,,,,,1,19370620,2,KAN05,v,KCM,0,1,0,regular,y,d,
KCM193706210,daviw104,SSA,1,8,value,21,2,0,0,0,0,,,,,1,19370621,0,KAN05,v,KCM,0,1,0,regular,y,d,
KCM193706210,daviw104,SSA,2,5,value,3,0,0,2,0,0,,,,,0,19370621,0,KAN05,v,KCM,0,1,0,regular,y,d,
