gid,id,team,b_lp,b_seq,stattype,b_pa,b_ab,b_r,b_h,b_d,b_t,b_hr,b_rbi,b_sh,b_sf,b_hbp,b_w,b_iw,b_k,b_sb,b_cs,b_gdp,b_xi,b_roe,dh,ph,pr,date,number,site,vishome,opp,win,loss,tie,gametype,box,pbp
SAS193509290,bellj103,NAS,1,1,value,5,3,2,0,0,0,0,0,0,,0,2,,,0,,,0,,,,,19350929,0,MEM03,v,SAS,1,0,0,allstar,y,
SAS193509290,hughs101,NAS,2,1,value,5,4,2,0,0,0,0,1,0,,0,1,,,0,,,0,,,,,19350929,0,MEM03,v,SAS,1,0,0,allstar,y,
SAS193509290,wrigb104,NAS,3,1,value,5,5,1,1,0,0,0,1,0,,0,0,0,,0,,,0,,,,,19350929,0,MEM03,v,SAS,1,0,0,allstar,y,
SAS193509290,charo101,NAS,4,1,value,5,4,0,2,1,0,0,2,0,,0,1,,,0,,,0,,,,,19350929,0,MEM03,v,SAS,1,0,0,allstar,y,
SAS193509290,wrigz102,NAS,5,1,value,5,4,0,1,0,0,0,0,0,,0,1,,,0,,,0,,,,,19350929,0,MEM03,v,SAS,1,0,0,allstar,y,
SAS193509290,perkb101,NAS,6,1,value,5,4,1,2,1,1,0,1,0,,0,1,,,0,,,0,,,,,19350929,0,MEM03,v,SAS,1,0,0,allstar,y,
SAS193509290,snowf101,NAS,7,1,value,5,5,0,0,0,0,0,0,0,,0,0,0,,0,,,0,,,,,19350929,0,MEM03,v,SAS,1,0,0,allstar,y,
SAS193509290,walkh103,NAS,8,1,value,4,3,0,0,0,0,0,0,0,,0,1,,,0,,,0,,,,,19350929,0,MEM03,v,SAS,1,0,0,allstar,y,
SAS193509290,willj117,NAS,9,1,value,2,2,0,0,0,0,0,0,0,,0,0,0,,0,,,0,,,,,19350929,0,MEM03,v,SAS,1,0,0,allstar,y,
SAS193509290,thoms105,NAS,9,2,value,2,2,0,0,0,0,0,1,0,,0,0,0,,0,,,0,,,,,19350929,0,MEM03,v,SAS,1,0,0,allstar,y,
SAS193509290,currg102,SAS,1,1,value,5,3,3,2,0,0,1,1,0,,0,2,,,0,,,0,,,,,19350929,0,MEM03,h,NAS,0,1,0,allstar,y,
SAS193509290,smitb114,SAS,2,1,value,2,0,0,0,0,0,0,0,1,,0,1,,,0,,,0,,,,,19350929,0,MEM03,h,NAS,0,1,0,allstar,y,
SAS193509290,hendl101,SAS,2,2,value,3,3,0,0,0,0,0,0,0,,0,0,0,,0,,,0,,,,,19350929,0,MEM03,h,NAS,0,1,0,allstar,y,
SAS193509290,wilsd103,SAS,3,1,value,5,3,1,1,0,0,0,0,0,,0,2,,,0,,,0,,,,,19350929,0,MEM03,h,NAS,0,1,0,allstar,y,
SAS193509290,rogen101,SAS,4,1,value,3,1,0,1,0,0,0,0,0,,0,2,,,0,,,0,,,,,19350929,0,MEM03,h,NAS,0,1,0,allstar,y,
SAS193509290,tater102,SAS,4,2,value,2,2,0,0,0,0,0,0,0,,0,0,0,,0,,,0,,,,,19350929,0,MEM03,h,NAS,0,1,0,allstar,y,
SAS193509290,fordj101,SAS,5,1,value,3,3,0,0,0,0,0,0,0,,0,0,0,,0,,,0,,,,,19350929,0,MEM03,h,NAS,0,1,0,allstar,y,
SAS193509290,mcqup101,SAS,5,2,value,2,2,0,1,0,0,0,2,0,,0,0,0,,0,,,0,,,,,19350929,0,MEM03,h,NAS,0,1,0,allstar,y,
SAS193509290,longr102,SAS,6,1,value,5,5,0,2,1,0,0,0,0,,0,0,0,,0,,,0,,,,,19350929,0,MEM03,h,NAS,0,1,0,allstar,y,
SAS193509290,lylej102,SAS,7,1,value,4,4,0,0,0,0,0,0,0,,0,0,0,,0,,,0,,,,,19350929,0,MEM03,h,NAS,0,1,0,allstar,y,
SAS193509290,hampe101,SAS,7,2,value,0,0,0,0,0,0,0,0,0,,0,0,0,,0,,,0,,,,,19350929,0,MEM03,h,NAS,0,1,0,allstar,y,
SAS193509290,lyong102,SAS,8,1,value,4,4,0,1,0,1,0,0,0,,0,0,0,,0,,,0,,,,,19350929,0,MEM03,h,NAS,0,1,0,allstar,y,
SAS193509290,harvb101,SAS,9,1,value,0,0,0,0,0,0,0,0,0,,0,0,0,,0,,,0,,,,,19350929,0,MEM03,h,NAS,0,1,0,allstar,y,
SAS193509290,howab102,SAS,9,2,value,2,2,0,0,0,0,0,0,0,,0,0,0,,0,,,0,,,,,19350929,0,MEM03,h,NAS,0,1,0,allstar,y,
SAS193509290,smitt105,SAS,9,3,value,1,1,0,0,0,0,0,0,0,,0,0,0,,0,,,0,,,,,19350929,0,MEM03,h,NAS,0,1,0,allstar,y,
SAS193509290,adame101,SAS,9,4,value,1,1,0,0,0,0,0,0,0,,0,0,0,,0,,,0,,,,,19350929,0,MEM03,h,NAS,0,1,0,allstar,y,
