gid,id,team,d_seq,d_pos,stattype,d_ifouts,d_po,d_a,d_e,d_dp,d_tp,d_pb,d_wp,d_sb,d_cs,d_gs,date,number,site,vishome,opp,win,loss,tie,gametype,box,pbp,eject
CV9193903270,thomd107,CV9,1,7,value,30,2,0,0,0,0,,,,,1,19390327,0,JKV01,h,CAG,1,0,0,exhibition,y,d,
CV9193904030,thomd107,CV9,1,7,value,,1,,0,0,0,,,,,1,19390403,0,JKV01,h,CAG,0,1,0,exhibition,y,,
CV9193904230,thomd107,CV9,1,8,value,33,0,0,0,0,0,,,,,1,19390423,0,JKV01,h,SSA,0,1,0,exhibition,y,d,
CAG194004142,thomd107,BIR,1,8,value,18,0,0,0,0,0,,,,,1,19400414,2,NOL01,v,CAG,0,1,0,exhibition,y,,
BIR194004211,thomd107,BIR,1,8,value,27,3,0,0,0,0,,,,,1,19400421,1,BIR01,h,BLG,0,1,0,exhibition,y,,
BIR194004212,thomd107,BIR,1,8,value,21,1,0,0,0,0,,,,,1,19400421,2,BIR01,h,BLG,1,0,0,exhibition,y,,
BLG194004281,thomd107,BIR,1,8,value,24,2,,0,0,0,,,,,1,19400428,1,NSH02,v,BLG,0,1,0,exhibition,y,,
BIR194006021,thomd107,BIR,1,8,value,30,3,1,0,1,0,,,,,1,19400602,1,BIR01,h,MEM,0,1,0,regular,y,,
BIR194006022,thomd107,BIR,1,8,value,18,1,0,0,0,0,,,,,1,19400602,2,BIR01,h,MEM,0,1,0,regular,y,,
MEM194006091,thomd107,BIR,1,8,value,27,5,,0,0,0,,,,,1,19400609,1,MEM02,v,MEM,1,0,0,regular,y,,
MEM194006092,thomd107,BIR,1,8,value,18,4,,0,0,0,,,,,1,19400609,2,MEM02,v,MEM,0,1,0,regular,y,,
MEM194006100,thomd107,BIR,1,8,value,27,1,0,0,0,0,,,,,1,19400610,0,MEM02,v,MEM,1,0,0,regular,y,,
BIR194006232,thomd107,BIR,1,9,value,,0,0,0,0,0,,,,,,19400623,2,BIR01,h,CV9,1,0,0,regular,y,,
CV9194006280,thomd107,BIR,1,8,value,12,0,0,0,0,0,,,,,1,19400628,0,ATL04,v,CV9,1,0,0,regular,y,,
CV9194006301,thomd107,BIR,1,8,value,27,,,0,0,0,,,,,1,19400630,1,ATL04,v,CV9,1,0,0,regular,y,,
CV9194006302,thomd107,BIR,1,8,value,18,,,0,0,0,,,,,1,19400630,2,ATL04,v,CV9,0,1,0,regular,y,,
KCM194007040,thomd107,BIR,1,8,value,24,1,0,0,0,0,,,,,1,19400704,0,KAN05,v,KCM,0,1,0,regular,y,,
MEM194007160,thomd107,BIR,1,8,value,27,,,0,,0,0,,,,,19400716,0,LRK02,v,MEM,1,0,0,regular,,,
CAG194007211,thomd107,BIR,1,8,value,,1,0,0,0,0,,,,,,19400721,1,CHI09,v,CAG,0,1,0,regular,y,,
BIR194008181,thomd107,BIR,1,8,value,27,1,0,0,0,0,,,,,1,19400818,1,BIR01,h,CAG,1,0,0,exhibition,y,,
BIR194008182,thomd107,BIR,1,8,value,21,1,0,0,0,0,,,,,1,19400818,2,BIR01,h,CAG,1,0,0,exhibition,y,,
KCM194009010,thomd107,BIR,1,8,value,24,3,0,0,0,0,,,,,1,19400901,0,KAN05,v,KCM,0,1,0,regular,y,,
SNO194009150,thomd107,BIR,1,8,value,24,0,0,0,0,0,,,,,1,19400915,0,NOL01,v,SNO,0,1,0,exhibition,y,,
BIR194009221,thomd107,BIR,1,8,value,27,1,0,0,0,0,,,,,1,19400922,1,BIR01,h,BLG,0,1,0,exhibition,y,,
BIR194009222,thomd107,BIR,1,8,value,21,2,0,0,0,0,,,,,1,19400922,2,BIR01,h,BLG,1,0,0,exhibition,y,,
