gid,id,team,d_seq,d_pos,stattype,d_ifouts,d_po,d_a,d_e,d_dp,d_tp,d_pb,d_wp,d_sb,d_cs,d_gs,date,number,site,vishome,opp,win,loss,tie,gametype,box,pbp,eject
BLG194805020,willc109,NW2,1,6,value,27,3,0,1,0,0,,,,,1,19480502,0,BAL14,v,BLG,1,0,0,regular,y,d,
BLG194805040,willc109,NW2,1,6,value,27,2,5,1,0,0,,,,,1,19480504,0,BAL14,v,BLG,1,0,0,regular,y,d,
NW2194805090,willc109,NW2,1,6,value,27,0,0,0,0,0,,,,,1,19480509,0,NWK04,h,HOM,0,1,0,regular,y,d,
PH5194805142,willc109,NW2,1,6,value,24,2,3,1,1,0,,,,,1,19480514,2,PHI11,v,PH5,0,1,0,regular,y,d,
NY5194805220,willc109,NW2,1,6,value,27,5,5,0,0,0,0,,,,1,19480522,0,ALB02,v,NY5,1,0,0,regular,y,,
NY5194805251,willc109,NW2,1,6,value,20,0,1,0,1,0,,,,,1,19480525,1,ROC04,v,NY5,0,1,0,regular,y,d,
NY5194805252,willc109,NW2,1,6,value,24,1,0,0,0,0,,,,,1,19480525,2,ROC04,v,NY5,0,1,0,regular,y,y,
NW2194805260,willc109,NW2,1,6,value,33,,,0,0,0,0,,,,1,19480526,0,NWK04,h,NY5,1,0,0,regular,y,,
NW2194805280,willc109,NW2,1,6,value,27,0,0,1,0,0,,,,,1,19480528,0,NWK04,h,NY6,1,0,0,regular,y,d,
NW2194805311,willc109,NW2,1,6,value,27,0,0,0,0,0,,,,,1,19480531,1,NWK04,h,PH5,0,1,0,regular,y,d,
NW2194805312,willc109,NW2,1,6,value,21,0,0,0,0,0,,,,,1,19480531,2,NWK04,h,PH5,0,1,0,regular,y,d,
NW2194806030,willc109,NW2,1,6,value,27,0,0,1,0,0,,,,,1,19480603,0,NWK04,h,PH5,1,0,0,regular,y,d,
BLG194806131,willc109,NW2,1,6,value,24,2,6,2,0,0,0,,,,1,19480613,1,BAL14,v,BLG,0,1,0,regular,y,,
BLG194806132,willc109,NW2,1,6,value,18,1,1,0,0,0,0,,,,1,19480613,2,BAL14,v,BLG,0,1,0,regular,y,,
NW2194806141,willc109,NW2,1,6,value,30,2,3,1,1,0,,,,,1,19480614,1,PHI11,h,NY6,0,1,0,regular,y,d,
BLG194806150,willc109,NW2,1,6,value,24,1,4,0,0,0,0,,,,1,19480615,0,WIL04,v,BLG,0,1,0,regular,y,,
NW2194806201,willc109,NW2,1,6,value,27,0,0,0,0,0,,,,,1,19480620,1,NWK04,h,BLG,1,0,0,regular,y,d,
NW2194806202,willc109,NW2,1,6,value,21,0,0,0,0,0,,,,,1,19480620,2,NWK04,h,BLG,1,0,0,regular,y,d,
NW2194806270,willc109,NW2,1,6,value,27,0,0,0,0,0,,,,,1,19480627,0,NWK04,h,PH5,1,0,0,regular,y,d,
NW2194806290,willc109,NW2,1,3,value,27,0,0,1,0,0,,,,,1,19480629,0,NWK04,h,HOM,0,1,0,regular,y,d,
HOM194807010,willc109,NW2,1,6,value,24,,,1,0,0,0,,,,1,19480701,0,WAS09,v,HOM,0,1,0,regular,y,,
NW2194807020,willc109,NW2,1,6,value,27,0,0,0,0,0,,,,,1,19480702,0,NWK04,h,HOM,0,1,0,regular,y,d,
HOM194807041,willc109,NW2,1,6,value,27,0,2,1,1,0,,,,,1,19480704,1,WAS09,v,HOM,1,0,0,regular,y,d,
HOM194807042,willc109,NW2,1,6,value,18,0,0,1,0,0,,,,,1,19480704,2,WAS09,v,HOM,0,1,0,regular,y,d,
NY6194807052,willc109,NW2,1,6,value,24,2,3,0,0,0,,,,,1,19480705,2,NYC16,v,NY6,0,1,0,regular,y,d,
BLG194807070,willc109,NW2,1,6,value,27,3,3,2,0,0,0,,,,1,19480707,0,WIL04,v,BLG,1,0,0,regular,y,,
NW2194807080,willc109,NW2,1,6,value,27,0,0,1,0,0,,,,,1,19480708,0,NWK04,h,BLG,0,1,0,regular,y,d,
BLG194807090,willc109,NW2,1,6,value,24,1,2,0,0,0,,,,,1,19480709,0,BAL14,v,BLG,0,1,0,regular,y,d,
NW2194807111,willc109,NW2,1,6,value,27,0,0,1,0,0,,,,,1,19480711,1,NWK04,h,IN9,1,0,0,exhibition,y,d,
NW2194807112,willc109,NW2,1,6,value,21,0,1,0,1,0,,,,,1,19480711,2,NWK04,h,IN9,0,0,1,exhibition,y,d,
NW2194807160,willc109,NW2,1,6,value,27,0,0,2,0,0,,,,,1,19480716,0,NWK04,h,NY5,1,0,0,regular,y,d,
NW2194807181,willc109,NW2,1,6,value,27,0,0,0,0,0,,,,,1,19480718,1,NWK04,h,PH5,0,1,0,regular,y,d,
NW2194807182,willc109,NW2,1,6,value,21,0,0,0,0,0,,,,,1,19480718,2,NWK04,h,PH5,1,0,0,regular,y,d,
NW2194807200,willc109,NW2,1,6,value,27,0,0,0,0,0,,,,,1,19480720,0,NWK04,h,PH5,0,1,0,regular,y,d,
BLG194807230,willc109,NW2,1,6,value,18,2,1,0,0,0,,,,,1,19480723,0,BAL14,v,BLG,0,0,1,regular,y,d,
BIR194807251,willc109,NW2,1,6,value,24,0,1,0,1,0,0,,,,1,19480725,1,BIR01,v,BIR,0,1,0,exhibition,y,,
BIR194807251,willc109,NW2,1,6,lower,24,0,1,0,0,0,0,,,,1,19480725,1,BIR01,v,BIR,0,1,0,exhibition,y,,
BIR194807252,willc109,NW2,1,6,value,21,3,2,0,1,0,0,,,,1,19480725,2,BIR01,v,BIR,1,0,0,exhibition,y,,
BIR194807280,willc109,NW2,1,6,value,27,2,2,0,0,0,0,,,,1,19480728,0,BIR01,v,BIR,0,1,0,exhibition,y,,
NW2194808081,willc109,NW2,1,6,value,33,0,0,0,0,0,,,,,1,19480808,1,NWK04,h,CAG,1,0,0,exhibition,y,d,
NW2194808082,willc109,NW2,1,6,value,24,0,0,0,0,0,,,,,1,19480808,2,NWK04,h,CAG,0,0,1,exhibition,y,d,
NW2194808100,willc109,NW2,1,6,value,27,0,1,1,1,0,,,,,1,19480810,0,NWK04,h,HOM,1,0,0,regular,y,d,
NW2194808110,willc109,NW2,1,6,value,27,1,7,0,1,0,,,,,1,19480811,0,TRE01,h,HOM,1,0,0,regular,y,d,
BLG194808140,willc109,NW2,1,6,value,27,3,3,2,1,0,0,,,,1,19480814,0,WIL04,v,BLG,1,0,0,regular,y,,
BLG194808151,willc109,NW2,1,6,value,24,1,1,0,0,0,,,,,1,19480815,1,BAL14,v,BLG,0,1,0,regular,y,d,
BLG194808152,willc109,NW2,1,6,value,19,1,0,1,0,0,,,,,1,19480815,2,BAL14,v,BLG,0,1,0,regular,y,d,
PH5194808160,willc109,NW2,1,6,value,27,3,4,1,0,0,0,,,,1,19480816,0,PHI11,v,PH5,1,0,0,regular,y,,
NW2194808190,willc109,NW2,1,6,value,27,0,0,0,0,0,,,,,1,19480819,0,NWK04,h,BLG,0,1,0,regular,y,d,
NW2194808221,willc109,NW2,1,6,value,27,,,0,0,0,0,,,,1,19480822,1,NWK04,h,PH5,0,1,0,exhibition,y,,
NW2194808222,willc109,NW2,1,6,value,15,,,0,0,0,0,,,,1,19480822,2,NWK04,h,PH5,1,0,0,exhibition,y,,
BLG194808231,willc109,NW2,1,6,value,24,3,6,1,0,0,,,,,1,19480823,1,PHI11,v,BLG,0,1,0,regular,y,d,
NY6194808290,willc109,NW2,1,4,value,27,0,0,1,0,0,,,,,1,19480829,0,NYC14,v,NY6,1,0,0,regular,y,d,
NW2194809030,willc109,NW2,1,6,value,27,0,0,0,0,0,,,,,1,19480903,0,NWK04,h,NY6,1,0,0,regular,y,d,
NW2194809051,willc109,NW2,1,6,value,27,0,0,1,0,0,,,,,1,19480905,1,NWK04,h,NY5,0,1,0,regular,y,d,
NW2194809052,willc109,NW2,1,6,value,21,0,0,0,0,0,,,,,1,19480905,2,NWK04,h,NY5,1,0,0,regular,y,d,
NW2194809061,willc109,NW2,1,6,value,27,0,0,0,0,0,,,,,1,19480906,1,NWK04,h,PH5,1,0,0,regular,y,d,
NW2194809062,willc109,NW2,1,6,value,21,0,0,1,0,0,,,,,1,19480906,2,NWK04,h,IN9,0,1,0,exhibition,y,d,
NW2194809080,willc109,NW2,1,6,value,27,0,0,4,0,0,,,,,1,19480908,0,NWK04,h,HOM,0,1,0,regular,y,d,
BLG194809121,willc109,NW2,1,6,value,27,4,4,0,0,0,0,,,,1,19480912,1,BAL14,v,BLG,1,0,0,regular,y,,
BLG194904170,willc109,HOE,,6,value,,,,,,,,,,,1,19490417,0,NSH01,v,BLG,1,0,0,exhibition,,,
BIR194905020,willc109,HOE,1,6,value,27,2,2,0,2,0,,,,,1,19490502,0,ATL04,v,BIR,1,0,0,regular,y,d,
BIR194905030,willc109,HOE,1,6,value,24,0,0,0,0,0,,,,,1,19490503,0,ATL04,v,BIR,0,1,0,regular,y,d,
PH5194905291,willc109,HOE,1,6,value,27,1,2,0,2,0,,,,,1,19490529,1,NWK04,v,PH5,1,0,0,regular,y,d,
PH5194905292,willc109,HOE,1,6,value,21,0,0,0,0,0,,,,,1,19490529,2,NWK04,v,PH5,1,0,0,regular,y,d,
PH5194905301,willc109,HOE,1,6,value,24,1,2,1,0,0,,,,,1,19490530,1,CHE01,v,PH5,0,1,0,regular,y,d,
PH5194905302,willc109,HOE,1,6,value,30,3,0,0,0,0,,,,,1,19490530,2,WIL04,v,PH5,1,0,0,regular,y,d,
PH5194906020,willc109,HOE,1,6,value,24,0,7,1,0,0,,,,,1,19490602,0,BRI01,v,PH5,0,1,0,regular,y,d,
PH5194906062,willc109,HOE,1,6,value,30,3,2,0,0,0,,,,,1,19490606,2,PHI11,v,PH5,1,0,0,regular,y,d,
KCM194908071,willc109,HOE,1,6,value,27,5,5,0,2,0,,,,,1,19490807,1,KAN05,v,KCM,1,0,0,regular,y,d,
KCM194908072,willc109,HOE,1,6,value,21,4,2,1,0,0,,,,,1,19490807,2,KAN05,v,KCM,1,0,0,regular,y,d,
KCM194908080,willc109,HOE,1,6,value,24,1,4,1,1,0,,,,,1,19490808,0,KAN05,v,KCM,0,1,0,regular,y,d,
KCM194908090,willc109,HOE,1,6,value,24,3,1,1,1,,0,0,,,1,19490809,0,SUP01,v,KCM,0,1,0,regular,y,,
KCM194908100,willc109,HOE,1,6,value,27,5,0,0,0,0,,,,,1,19490810,0,GIN01,v,KCM,1,0,0,regular,y,d,
KCM194908110,willc109,HOE,1,6,value,27,1,1,0,0,0,,,,,1,19490811,0,OMA03,v,KCM,1,0,0,regular,y,d,
BLG194908141,willc109,HOE,1,6,value,24,0,0,0,0,0,,,,,1,19490814,1,BAL14,v,BLG,0,1,0,exhibition,y,d,
BLG194908142,willc109,HOE,1,6,value,18,0,0,1,0,0,,,,,1,19490814,2,BAL14,v,BLG,0,1,0,exhibition,y,d,
BLG194908150,willc109,HOE,1,6,value,27,3,2,0,0,0,,,0,,1,19490815,0,WIL04,v,BLG,1,0,0,regular,y,,
BLG194908160,willc109,HOE,1,6,value,27,2,1,0,0,0,,,,,1,19490816,0,BAL14,v,BLG,1,0,0,regular,y,d,
BLG194908170,willc109,HOE,1,6,value,24,0,0,2,0,0,,,,,1,19490817,0,PET01,v,BLG,0,1,0,regular,y,d,
BLG194908190,willc109,HOE,1,6,value,24,2,2,1,,,,,0,,1,19490819,0,BAL14,v,BLG,0,1,0,regular,y,,
NY6194908211,willc109,HOE,1,6,value,27,2,2,0,0,0,,,,,1,19490821,1,NYC14,v,NY6,1,0,0,regular,y,d,
NY6194908212,willc109,HOE,1,6,value,24,0,3,0,0,0,,,,,1,19490821,2,NYC14,v,NY6,0,1,0,regular,y,d,
ASW195008200,willc109,ASW,1,6,value,9,0,1,0,0,0,,,,,1,19500820,0,CHI10,h,ASE,1,0,0,allstar,y,d,
ASW195108120,willc109,ASW,1,6,value,27,1,4,0,0,0,,,,,1,19510812,0,CHI10,h,ASE,0,1,0,allstar,y,d,
