gid,id,team,d_seq,d_pos,stattype,d_ifouts,d_po,d_a,d_e,d_dp,d_tp,d_pb,d_wp,d_sb,d_cs,d_gs,date,number,site,vishome,opp,win,loss,tie,gametype,box,pbp,eject
BIR194404161,garrg103,NY6,1,6,value,27,,,0,0,0,,,,,1,19440416,1,BIR01,v,BIR,1,0,0,exhibition,y,,
BIR194404162,garrg103,NY6,1,6,value,21,,,0,0,0,0,,,,1,19440416,2,BIR01,v,BIR,1,0,0,exhibition,y,,
BIR194404170,garrg103,NY6,1,6,value,27,0,6,0,0,0,,,,,1,19440417,0,MTG01,v,BIR,1,0,0,exhibition,y,d,
NY5194405211,garrg103,NY6,1,4,value,3,0,0,0,0,0,,,,,0,19440521,1,NYC14,v,NY5,1,0,0,regular,y,d,
BLG194405270,garrg103,NY6,1,6,value,29,3,4,1,1,0,,,,,1,19440527,0,HRB01,v,BLG,0,1,0,regular,y,d,
NY6194405281,garrg103,NY6,1,4,value,24,2,1,0,0,0,,,,,1,19440528,1,NYC16,h,PH5,0,1,0,regular,y,d,
NY6194406251,garrg103,NY6,1,4,value,,0,0,0,0,0,,,,,,19440625,1,NYC16,h,BLG,0,1,0,regular,y,,
NY6194406252,garrg103,NY6,1,4,value,21,4,3,1,2,0,,,,,1,19440625,2,NYC16,h,BLG,1,0,0,regular,y,,
PH5194407010,garrg103,NY6,1,4,value,24,3,3,1,0,0,0,0,0,,1,19440701,0,PHI17,v,PH5,0,1,0,regular,y,,
NY6194407022,garrg103,NY6,1,4,value,24,1,2,1,0,0,,,,,1,19440702,2,NYC15,h,KCM,1,0,0,exhibition,y,d,
NW2194407041,garrg103,NY6,1,4,value,3,0,0,0,0,0,,,,,0,19440704,1,NYC15,v,NW2,1,0,0,regular,y,d,
NW2194407042,garrg103,NY6,1,4,value,24,4,2,0,0,0,,,,,1,19440704,2,NYC15,v,NW2,0,1,0,regular,y,d,
NY6194407280,garrg103,NY6,1,4,value,27,2,6,0,0,0,,,,,1,19440728,0,HRB01,h,NY5,1,0,0,regular,y,d,
HOM194408071,garrg103,NY6,1,4,value,27,3,2,0,0,0,,,,,1,19440807,1,PHI11,v,HOM,1,0,0,regular,y,y,
PH5194408100,garrg103,NY6,,4,value,,,1,,1,,,,,,,19440810,0,PHI17,v,PH5,0,1,0,regular,,,
BLG194408180,garrg103,NY6,1,4,value,24,0,0,0,0,0,,,,,1,19440818,0,BAL14,v,BLG,0,1,0,regular,y,d,
NY6194408190,garrg103,NY6,1,4,value,27,3,5,0,0,0,,,,,1,19440819,0,HRB01,h,BLG,1,0,0,regular,y,d,
BLG194408201,garrg103,NY6,1,4,value,24,,,1,2,0,,,,,1,19440820,1,BAL14,v,BLG,0,1,0,regular,y,,
BLG194408202,garrg103,NY6,1,4,value,21,,,0,0,0,,,,,1,19440820,2,BAL14,v,BLG,1,0,0,regular,y,,
NY6194408271,garrg103,NY6,1,4,value,27,2,2,0,0,0,,,,,1,19440827,1,NYC16,h,BIR,1,0,0,exhibition,y,d,
NY6194408272,garrg103,NY6,1,4,value,27,3,4,1,1,0,,,,,1,19440827,2,NYC16,h,KCM,0,1,0,exhibition,y,d,
NW2194505060,garrg103,NY6,1,4,value,24,1,1,0,1,0,,,,,1,19450506,0,NWK04,v,NW2,0,1,0,regular,y,d,
PH5194505120,garrg103,NY6,1,4,value,27,3,5,1,0,0,,,,,1,19450512,0,PHI17,v,PH5,1,0,0,regular,y,,
NY6194505130,garrg103,NY6,1,4,value,27,1,,0,0,0,,,,,1,19450513,0,NYC16,h,PH5,0,1,0,regular,y,,
HOM194505201,garrg103,NY6,1,4,value,24,1,3,0,0,0,,,,,1,19450520,1,WAS09,v,HOM,0,1,0,regular,y,,
BLG194505220,garrg103,NY6,1,4,value,24,,,0,0,0,,,,,1,19450522,0,BAL14,v,BLG,0,1,0,regular,y,,
NY6194505230,garrg103,NY6,1,4,value,27,0,0,0,0,0,,,,,1,19450523,0,NYC14,h,HOM,0,1,0,regular,y,d,
NY6194506171,garrg103,NY6,1,5,value,27,,,0,0,0,,,,,1,19450617,1,DET04,h,BIR,0,1,0,exhibition,y,,
NY6194506241,garrg103,NY6,1,5,value,27,,,0,0,0,,,,,1,19450624,1,NYC14,h,BIR,1,0,0,exhibition,y,,
HOM194507041,garrg103,NY6,1,5,value,,0,2,0,0,0,,,,,1,19450704,1,PIT06,v,HOM,1,0,0,regular,y,,
NY6194507120,garrg103,NY6,1,5,value,27,2,0,0,1,0,,,,,1,19450712,0,NYC14,h,CIA,1,0,0,exhibition,y,d,
NY6194507160,garrg103,NY6,1,5,value,27,0,0,1,0,0,,,,,1,19450716,0,NYC23,h,NW2,1,0,0,regular,y,,
NW2194507200,garrg103,NY6,1,5,value,24,0,0,0,0,0,,,,,1,19450720,0,NWK04,v,NW2,0,1,0,regular,y,d,
NY6194507230,garrg103,NY6,1,5,value,27,0,4,0,0,0,,,,,1,19450723,0,NYC23,h,HOM,0,1,0,regular,y,,
NY6194507291,garrg103,NY6,1,6,value,27,2,5,0,0,0,,,,,1,19450729,1,NYC14,h,CVB,1,0,0,exhibition,y,,
NY6194507300,garrg103,NY6,1,6,value,27,1,0,0,0,0,,,,,1,19450730,0,NYC23,h,CVB,1,0,0,exhibition,y,d,
HOM194508191,garrg103,NY6,1,5,value,24,,,0,0,0,,,,,1,19450819,1,WAS09,v,HOM,0,1,0,regular,y,,
HOM194508200,garrg103,NY6,1,5,value,,0,1,0,0,0,,,,,1,19450820,0,HRB01,v,HOM,1,0,0,regular,y,,
BLG194508210,garrg103,NY6,1,5,value,21,,,0,0,0,,,,,,19450821,0,BAL14,v,BLG,0,1,0,regular,y,,
BLG194509040,garrg103,NY6,1,5,value,25,,,0,0,0,,,,,1,19450904,0,BAL14,v,BLG,0,1,0,regular,y,,
BLG194509080,garrg103,NY6,1,5,value,24,0,3,0,0,0,,,,,1,19450908,0,WIL04,v,BLG,0,1,0,regular,y,,
NY6194509092,garrg103,NY6,1,5,value,27,1,1,0,0,0,,,,,1,19450909,2,NYC14,h,BIR,0,1,0,exhibition,y,,
NY6194509190,garrg103,NY6,1,6,value,27,1,5,0,0,0,,,,,1,19450919,0,NYC14,h,HOM,1,0,0,exhibition,y,,
NY6194509260,garrg103,NY6,1,6,value,27,1,5,0,0,0,,,,,1,19450926,0,NYC14,h,HOM,1,0,0,exhibition,y,y,
NY6194509302,garrg103,NY6,1,6,value,21,4,6,0,0,0,,,,,1,19450930,2,NYC14,h,BIR,1,0,0,exhibition,y,,
