gid,id,team,d_seq,d_pos,stattype,d_ifouts,d_po,d_a,d_e,d_dp,d_tp,d_pb,d_wp,d_sb,d_cs,d_gs,date,number,site,vishome,opp,win,loss,tie,gametype,box,pbp
PTC193804240,burbb102,WBS,1,8,value,24,3,0,0,0,0,,,,,1,19380424,0,PIT09,v,PTC,0,1,0,exhibition,y,d
PTC193804240,clarc102,WBS,1,4,value,24,4,5,1,0,0,,,,,1,19380424,0,PIT09,v,PTC,0,1,0,exhibition,y,d
PTC193804240,thomd104,WBS,1,3,value,24,4,1,0,0,0,,,,,1,19380424,0,PIT09,v,PTC,0,1,0,exhibition,y,d
PTC193804240,wrigz102,WBS,1,9,value,24,3,0,0,0,0,,,,,1,19380424,0,PIT09,v,PTC,0,1,0,exhibition,y,d
PTC193804240,speah101,WBS,1,5,value,24,2,1,0,0,0,,,,,1,19380424,0,PIT09,v,PTC,0,1,0,exhibition,y,d
PTC193804240,andrj104,WBS,1,7,value,24,0,0,0,0,0,,,,,1,19380424,0,PIT09,v,PTC,0,1,0,exhibition,y,d
PTC193804240,casem101,WBS,1,2,value,24,5,1,0,0,0,0,0,0,0,1,19380424,0,PIT09,v,PTC,0,1,0,exhibition,y,d
PTC193804240,hendc102,WBS,1,6,value,24,2,1,2,0,0,,,,,1,19380424,0,PIT09,v,PTC,0,1,0,exhibition,y,d
PTC193804240,yokel101,WBS,1,1,value,6,0,1,0,0,0,,,,,1,19380424,0,PIT09,v,PTC,0,1,0,exhibition,y,d
PTC193804240,robes104,WBS,1,1,value,9,1,1,0,0,0,,,,,0,19380424,0,PIT09,v,PTC,0,1,0,exhibition,y,d
PTC193804240,kinch101,WBS,1,1,value,9,0,0,0,0,0,,,,,0,19380424,0,PIT09,v,PTC,0,1,0,exhibition,y,d
PTC193804240,wilsd103,PTC,1,9,value,27,2,0,0,0,0,,,,,1,19380424,0,PIT09,h,WBS,1,0,0,exhibition,y,d
PTC193804240,waltf102,PTC,1,8,value,27,2,0,0,0,0,,,,,1,19380424,0,PIT09,h,WBS,1,0,0,exhibition,y,d
PTC193804240,banks101,PTC,1,6,value,27,0,2,1,0,0,,,,,1,19380424,0,PIT09,h,WBS,1,0,0,exhibition,y,d
PTC193804240,willh105,PTC,1,4,value,27,2,3,0,0,0,,,,,1,19380424,0,PIT09,h,WBS,1,0,0,exhibition,y,d
PTC193804240,washj102,PTC,1,3,value,27,12,0,1,0,0,,,,,1,19380424,0,PIT09,h,WBS,1,0,0,exhibition,y,d
PTC193804240,smitc111,PTC,1,5,value,27,2,0,0,0,0,,,,,1,19380424,0,PIT09,h,WBS,1,0,0,exhibition,y,d
PTC193804240,hairn101,PTC,1,7,value,27,3,0,0,0,0,,,,,1,19380424,0,PIT09,h,WBS,1,0,0,exhibition,y,d
PTC193804240,ruffl101,PTC,1,2,value,27,4,0,0,0,0,0,0,1,0,1,19380424,0,PIT09,h,WBS,1,0,0,exhibition,y,d
PTC193804240,richh102,PTC,1,1,value,12,0,2,0,0,0,,,,,1,19380424,0,PIT09,h,WBS,1,0,0,exhibition,y,d
PTC193804240,calhr101,PTC,1,1,value,6,0,0,0,0,0,,,,,0,19380424,0,PIT09,h,WBS,1,0,0,exhibition,y,d
PTC193804240,harvb101,PTC,1,1,value,9,0,1,0,0,0,,,,,0,19380424,0,PIT09,h,WBS,1,0,0,exhibition,y,d
PTC193804300,benjj101,HOM,1,8,value,27,0,0,0,0,,,,,,1,19380430,0,PIT09,v,PTC,1,0,0,exhibition,y,
PTC193804300,carlm101,HOM,1,4,value,27,2,4,0,0,,,,,,1,19380430,0,PIT09,v,PTC,1,0,0,exhibition,y,
PTC193804300,harrv102,HOM,1,7,value,27,2,0,0,0,,,,,,1,19380430,0,PIT09,v,PTC,1,0,0,exhibition,y,
PTC193804300,gibsj101,HOM,1,5,value,27,0,2,0,0,,,,,,1,19380430,0,PIT09,v,PTC,1,0,0,exhibition,y,
PTC193804300,leonb101,HOM,1,3,value,27,13,1,0,0,,,,,,1,19380430,0,PIT09,v,PTC,1,0,0,exhibition,y,
PTC193804300,willj110,HOM,1,9,value,27,3,0,0,0,,,,,,1,19380430,0,PIT09,v,PTC,1,0,0,exhibition,y,
PTC193804300,duket102,HOM,1,2,value,27,5,0,0,0,,,,,,1,19380430,0,PIT09,v,PTC,1,0,0,exhibition,y,
PTC193804300,jackj104,HOM,1,6,value,27,1,4,0,0,,,,,,1,19380430,0,PIT09,v,PTC,1,0,0,exhibition,y,
PTC193804300,browr103,HOM,1,1,value,27,1,4,0,0,,,,,,1,19380430,0,PIT09,v,PTC,1,0,0,exhibition,y,
PTC193804300,wilsd103,PTC,1,6,value,27,2,5,0,1,,,,,,1,19380430,0,PIT09,h,HOM,0,1,0,exhibition,y,
PTC193804300,waltf102,PTC,1,7,value,27,0,0,0,0,,,,,,1,19380430,0,PIT09,h,HOM,0,1,0,exhibition,y,
PTC193804300,banks101,PTC,1,8,value,27,4,0,0,0,,,,,,1,19380430,0,PIT09,h,HOM,0,1,0,exhibition,y,
PTC193804300,willh105,PTC,1,4,value,27,4,2,1,0,,,,,,1,19380430,0,PIT09,h,HOM,0,1,0,exhibition,y,
PTC193804300,smitc111,PTC,1,5,value,27,2,3,0,1,,,,,,1,19380430,0,PIT09,h,HOM,0,1,0,exhibition,y,
PTC193804300,hairn101,PTC,1,9,value,27,2,0,1,0,,,,,,1,19380430,0,PIT09,h,HOM,0,1,0,exhibition,y,
PTC193804300,washj102,PTC,1,3,value,27,9,0,0,0,,,,,,1,19380430,0,PIT09,h,HOM,0,1,0,exhibition,y,
PTC193804300,bassp101,PTC,1,2,value,27,4,1,0,0,,,,,,1,19380430,0,PIT09,h,HOM,0,1,0,exhibition,y,
PTC193804300,harvb101,PTC,1,1,value,27,0,1,0,0,,,,,,1,19380430,0,PIT09,h,HOM,0,1,0,exhibition,y,
PTC193805080,grifb102,BLG,1,1,value,24,,,,,,,,,,1,19380508,0,LOU05,v,PTC,0,1,0,exhibition,,
PTC193805080,westj102,BLG,,3,value,,,,,,,,,,,1,19380508,0,LOU05,v,PTC,0,1,0,exhibition,,
PTC193805080,smitt105,PTC,1,1,value,27,,,,,,,,,,1,19380508,0,LOU05,h,BLG,1,0,0,exhibition,,
PTC193805080,willh105,PTC,,4,value,,,,,,,,,,,1,19380508,0,LOU05,h,BLG,1,0,0,exhibition,,
NW2193805150,wilsd103,PTC,1,5,value,24,1,0,2,0,0,,,,,1,19380515,0,NWK04,v,NW2,0,1,0,regular,y,d
NW2193805150,bensg101,PTC,1,9,value,24,4,0,1,0,0,,,,,1,19380515,0,NWK04,v,NW2,0,1,0,regular,y,d
NW2193805150,banks101,PTC,1,8,value,24,4,1,0,0,0,,,,,1,19380515,0,NWK04,v,NW2,0,1,0,regular,y,d
NW2193805150,willh105,PTC,1,4,value,24,1,3,0,0,0,,,,,1,19380515,0,NWK04,v,NW2,0,1,0,regular,y,d
NW2193805150,willc106,PTC,1,6,value,24,1,3,0,0,0,,,,,1,19380515,0,NWK04,v,NW2,0,1,0,regular,y,d
NW2193805150,washj102,PTC,1,3,value,24,7,1,0,0,0,,,,,1,19380515,0,NWK04,v,NW2,0,1,0,regular,y,d
NW2193805150,hairn101,PTC,1,7,value,24,2,1,1,0,0,,,,,1,19380515,0,NWK04,v,NW2,0,1,0,regular,y,d
NW2193805150,bassp101,PTC,1,2,value,24,4,3,1,0,0,1,0,2,1,1,19380515,0,NWK04,v,NW2,0,1,0,regular,y,d
NW2193805150,smitt105,PTC,1,1,value,24,0,0,0,0,0,,,,,1,19380515,0,NWK04,v,NW2,0,1,0,regular,y,d
NW2193805150,crutj101,NW2,1,8,value,27,2,0,0,0,0,,,,,1,19380515,0,NWK04,h,PTC,1,0,0,regular,y,d
NW2193805150,seayd101,NW2,1,4,value,27,2,1,0,1,0,,,,,1,19380515,0,NWK04,h,PTC,1,0,0,regular,y,d
NW2193805150,wellw101,NW2,1,6,value,27,5,4,0,0,0,,,,,1,19380515,0,NWK04,h,PTC,1,0,0,regular,y,d
NW2193805150,stone101,NW2,1,9,value,27,2,0,0,0,0,,,,,1,19380515,0,NWK04,h,PTC,1,0,0,regular,y,d
NW2193805150,suttm101,NW2,1,3,value,27,5,1,0,1,0,,,,,1,19380515,0,NWK04,h,PTC,1,0,0,regular,y,d
NW2193805150,dandr101,NW2,1,5,value,27,2,2,0,0,0,,,,,1,19380515,0,NWK04,h,PTC,1,0,0,regular,y,d
NW2193805150,pearl102,NW2,1,7,value,27,2,0,0,0,0,,,,,1,19380515,0,NWK04,h,PTC,1,0,0,regular,y,d
NW2193805150,hayej104,NW2,1,2,value,27,6,1,0,0,0,0,0,0,0,1,19380515,0,NWK04,h,PTC,1,0,0,regular,y,d
NW2193805150,mcdut101,NW2,1,1,value,27,1,2,0,1,0,,,,,1,19380515,0,NWK04,h,PTC,1,0,0,regular,y,d
NW2193805170,wilsd103,PTC,1,5,value,27,0,1,0,0,0,,,,,1,19380517,0,TRE01,v,NW2,1,0,0,regular,y,d
NW2193805170,bensg101,PTC,1,9,value,27,0,0,0,0,0,,,,,1,19380517,0,TRE01,v,NW2,1,0,0,regular,y,d
NW2193805170,banks101,PTC,1,8,value,27,0,0,0,0,0,,,,,1,19380517,0,TRE01,v,NW2,1,0,0,regular,y,d
NW2193805170,willh105,PTC,1,4,value,27,2,3,0,0,0,,,,,1,19380517,0,TRE01,v,NW2,1,0,0,regular,y,d
NW2193805170,willc106,PTC,1,6,value,27,1,1,0,0,0,,,,,1,19380517,0,TRE01,v,NW2,1,0,0,regular,y,d
NW2193805170,washj102,PTC,1,3,value,27,14,0,0,0,0,,,,,1,19380517,0,TRE01,v,NW2,1,0,0,regular,y,d
NW2193805170,hairn101,PTC,1,7,value,27,1,0,0,0,0,,,,,1,19380517,0,TRE01,v,NW2,1,0,0,regular,y,d
NW2193805170,ruffl101,PTC,1,2,value,27,9,4,3,0,0,0,0,0,2,1,19380517,0,TRE01,v,NW2,1,0,0,regular,y,d
NW2193805170,morrb104,PTC,1,1,value,27,0,3,0,0,0,,,,,1,19380517,0,TRE01,v,NW2,1,0,0,regular,y,d
NW2193805170,crutj101,NW2,1,8,value,27,2,0,0,0,0,,,,,1,19380517,0,TRE01,h,PTC,0,1,0,regular,y,d
NW2193805170,seayd101,NW2,1,4,value,27,1,2,2,0,0,,,,,1,19380517,0,TRE01,h,PTC,0,1,0,regular,y,d
NW2193805170,wellw101,NW2,1,6,value,27,5,2,1,0,0,,,,,1,19380517,0,TRE01,h,PTC,0,1,0,regular,y,d
NW2193805170,stone101,NW2,1,9,value,27,1,0,0,0,0,,,,,1,19380517,0,TRE01,h,PTC,0,1,0,regular,y,d
NW2193805170,dandr101,NW2,1,5,value,27,1,1,0,0,0,,,,,1,19380517,0,TRE01,h,PTC,0,1,0,regular,y,d
NW2193805170,mattf101,NW2,1,3,value,27,10,1,1,0,0,,,,,1,19380517,0,TRE01,h,PTC,0,1,0,regular,y,d
NW2193805170,pearl102,NW2,1,7,value,27,3,0,0,0,0,,,,,1,19380517,0,TRE01,h,PTC,0,1,0,regular,y,d
NW2193805170,browj113,NW2,1,2,value,27,4,3,1,0,0,0,0,0,2,1,19380517,0,TRE01,h,PTC,0,1,0,regular,y,d
NW2193805170,evanb105,NW2,1,1,value,27,0,0,0,0,0,,,,,1,19380517,0,TRE01,h,PTC,0,1,0,regular,y,d
NW2193805190,wilsd103,PTC,1,5,value,24,3,0,0,0,0,,,,,1,19380519,0,NWK04,v,NW2,0,1,0,regular,y,d
NW2193805190,bensg101,PTC,1,9,value,24,1,0,0,0,0,,,,,1,19380519,0,NWK04,v,NW2,0,1,0,regular,y,d
NW2193805190,banks101,PTC,1,8,value,24,5,0,0,0,0,,,,,1,19380519,0,NWK04,v,NW2,0,1,0,regular,y,d
NW2193805190,willh105,PTC,1,4,value,24,0,3,0,0,0,,,,,1,19380519,0,NWK04,v,NW2,0,1,0,regular,y,d
NW2193805190,willc106,PTC,1,6,value,24,1,2,0,0,0,,,,,1,19380519,0,NWK04,v,NW2,0,1,0,regular,y,d
NW2193805190,washj102,PTC,1,3,value,24,8,0,0,0,0,,,,,1,19380519,0,NWK04,v,NW2,0,1,0,regular,y,d
NW2193805190,hairn101,PTC,1,7,value,24,2,0,0,0,0,,,,,1,19380519,0,NWK04,v,NW2,0,1,0,regular,y,d
NW2193805190,ruffl101,PTC,1,2,value,21,4,1,0,0,0,0,0,0,1,1,19380519,0,NWK04,v,NW2,0,1,0,regular,y,d
NW2193805190,bassp101,PTC,1,2,value,3,0,0,0,0,0,0,0,0,0,0,19380519,0,NWK04,v,NW2,0,1,0,regular,y,d
NW2193805190,matll101,PTC,1,1,value,21,0,3,0,0,0,,,,,1,19380519,0,NWK04,v,NW2,0,1,0,regular,y,d
NW2193805190,smitt105,PTC,1,1,value,3,0,0,0,0,0,,,,,0,19380519,0,NWK04,v,NW2,0,1,0,regular,y,d
NW2193805190,crutj101,NW2,1,8,value,27,1,0,0,0,0,,,,,1,19380519,0,NWK04,h,PTC,1,0,0,regular,y,d
NW2193805190,seayd101,NW2,1,4,value,27,0,0,0,0,0,,,,,1,19380519,0,NWK04,h,PTC,1,0,0,regular,y,d
NW2193805190,wellw101,NW2,1,6,value,27,5,4,0,0,0,,,,,1,19380519,0,NWK04,h,PTC,1,0,0,regular,y,d
NW2193805190,suttm101,NW2,1,3,value,27,12,0,0,0,0,,,,,1,19380519,0,NWK04,h,PTC,1,0,0,regular,y,d
NW2193805190,dandr101,NW2,1,5,value,27,0,0,0,0,0,,,,,1,19380519,0,NWK04,h,PTC,1,0,0,regular,y,d
NW2193805190,stone101,NW2,1,9,value,27,2,0,0,0,0,,,,,1,19380519,0,NWK04,h,PTC,1,0,0,regular,y,d
NW2193805190,pearl102,NW2,1,7,value,27,3,0,0,0,0,,,,,1,19380519,0,NWK04,h,PTC,1,0,0,regular,y,d
NW2193805190,browj113,NW2,1,2,value,27,4,0,0,0,0,0,0,0,0,1,19380519,0,NWK04,h,PTC,1,0,0,regular,y,d
NW2193805190,day-l101,NW2,1,1,value,27,0,3,0,0,0,,,,,1,19380519,0,NWK04,h,PTC,1,0,0,regular,y,d
PTC193805210,kimbh102,BLG,1,8,value,24,1,0,0,0,0,,,,,1,19380521,0,PIT09,v,PTC,0,1,0,regular,y,d
PTC193805210,summl101,BLG,1,7,value,24,2,0,0,0,0,,,,,1,19380521,0,PIT09,v,PTC,0,1,0,regular,y,d
PTC193805210,wrigb104,BLG,1,9,value,24,1,0,0,0,0,,,,,1,19380521,0,PIT09,v,PTC,0,1,0,regular,y,d
PTC193805210,westj102,BLG,1,3,value,24,12,1,0,0,0,,,,,1,19380521,0,PIT09,v,PTC,0,1,0,regular,y,d
PTC193805210,scalg101,BLG,1,5,value,24,0,0,0,0,0,,,,,1,19380521,0,PIT09,v,PTC,0,1,0,regular,y,d
PTC193805210,mackb102,BLG,1,2,value,24,6,0,0,0,0,0,0,1,0,1,19380521,0,PIT09,v,PTC,0,1,0,regular,y,d
PTC193805210,walkh103,BLG,1,6,value,24,1,4,0,0,0,,,,,1,19380521,0,PIT09,v,PTC,0,1,0,regular,y,d
PTC193805210,snowf101,BLG,1,4,value,24,0,3,0,0,0,,,,,1,19380521,0,PIT09,v,PTC,0,1,0,regular,y,d
PTC193805210,grifb102,BLG,1,1,value,24,1,2,0,0,0,,,,,1,19380521,0,PIT09,v,PTC,0,1,0,regular,y,d
PTC193805210,bensg101,PTC,1,9,value,27,2,1,0,1,0,,,,,1,19380521,0,PIT09,h,BLG,1,0,0,regular,y,d
PTC193805210,willc106,PTC,1,6,value,27,3,4,0,1,0,,,,,1,19380521,0,PIT09,h,BLG,1,0,0,regular,y,d
PTC193805210,banks101,PTC,1,8,value,27,1,0,0,0,0,,,,,1,19380521,0,PIT09,h,BLG,1,0,0,regular,y,d
PTC193805210,hairn101,PTC,1,7,value,27,0,0,0,0,0,,,,,1,19380521,0,PIT09,h,BLG,1,0,0,regular,y,d
PTC193805210,willh105,PTC,1,4,value,27,3,3,0,2,0,,,,,1,19380521,0,PIT09,h,BLG,1,0,0,regular,y,d
PTC193805210,washj102,PTC,1,3,value,27,7,1,0,2,0,,,,,1,19380521,0,PIT09,h,BLG,1,0,0,regular,y,d
PTC193805210,wilsd103,PTC,1,5,value,27,3,1,0,1,0,,,,,1,19380521,0,PIT09,h,BLG,1,0,0,regular,y,d
PTC193805210,ruffl101,PTC,1,2,value,27,8,1,0,1,0,3,0,1,0,1,19380521,0,PIT09,h,BLG,1,0,0,regular,y,d
PTC193805210,taylj108,PTC,1,1,value,27,0,2,0,0,0,,,,,1,19380521,0,PIT09,h,BLG,1,0,0,regular,y,d
PTC193805221,kimbh102,BLG,1,8,value,30,0,0,0,0,0,,,,,1,19380522,1,PIT09,v,PTC,1,0,0,regular,y,d
PTC193805221,summl101,BLG,1,7,value,30,3,0,0,0,0,,,,,1,19380522,1,PIT09,v,PTC,1,0,0,regular,y,d
PTC193805221,wrigb104,BLG,1,9,value,30,1,0,0,0,0,,,,,1,19380522,1,PIT09,v,PTC,1,0,0,regular,y,d
PTC193805221,westj102,BLG,1,3,value,30,16,0,0,0,0,,,,,1,19380522,1,PIT09,v,PTC,1,0,0,regular,y,d
PTC193805221,scalg101,BLG,1,5,value,30,2,1,0,0,0,,,,,1,19380522,1,PIT09,v,PTC,1,0,0,regular,y,d
PTC193805221,mackb102,BLG,1,2,value,30,4,1,0,0,0,0,0,0,0,1,19380522,1,PIT09,v,PTC,1,0,0,regular,y,d
PTC193805221,walkh103,BLG,1,6,value,30,2,6,0,0,0,,,,,1,19380522,1,PIT09,v,PTC,1,0,0,regular,y,d
PTC193805221,snowf101,BLG,1,4,value,30,2,3,0,0,0,,,,,1,19380522,1,PIT09,v,PTC,1,0,0,regular,y,d
PTC193805221,byrdb101,BLG,1,1,value,30,0,7,0,0,0,,,,,1,19380522,1,PIT09,v,PTC,1,0,0,regular,y,d
PTC193805221,bensg101,PTC,1,9,value,30,5,0,0,0,0,,,,,1,19380522,1,PIT09,h,BLG,0,1,0,regular,y,d
PTC193805221,willc106,PTC,1,6,value,30,3,4,0,0,0,,,,,1,19380522,1,PIT09,h,BLG,0,1,0,regular,y,d
PTC193805221,banks101,PTC,1,8,value,30,2,0,0,0,0,,,,,1,19380522,1,PIT09,h,BLG,0,1,0,regular,y,d
PTC193805221,hairn101,PTC,1,7,value,30,1,0,0,0,0,,,,,1,19380522,1,PIT09,h,BLG,0,1,0,regular,y,d
PTC193805221,willh105,PTC,1,4,value,30,2,1,0,0,0,,,,,1,19380522,1,PIT09,h,BLG,0,1,0,regular,y,d
PTC193805221,washj102,PTC,1,3,value,30,11,1,0,0,0,,,,,1,19380522,1,PIT09,h,BLG,0,1,0,regular,y,d
PTC193805221,wilsd103,PTC,1,5,value,30,1,0,0,0,0,,,,,1,19380522,1,PIT09,h,BLG,0,1,0,regular,y,d
PTC193805221,ruffl101,PTC,1,2,value,30,5,1,0,0,0,1,0,0,0,1,19380522,1,PIT09,h,BLG,0,1,0,regular,y,d
PTC193805221,morrb104,PTC,1,1,value,30,0,5,0,0,0,,,,,1,19380522,1,PIT09,h,BLG,0,1,0,regular,y,d
PTC193805222,direj101,BLG,1,1,value,5,,,,,,,,,,1,19380522,2,PIT09,v,PTC,0,1,0,regular,,
PTC193805222,willw105,BLG,2,1,value,16,,,,,,,,,,,19380522,2,PIT09,v,PTC,0,1,0,regular,,
PTC193805222,matll101,PTC,1,1,value,18,,,0,,,,,,,1,19380522,2,PIT09,h,BLG,1,0,0,regular,,
PTC193805222,harvb101,PTC,2,1,value,3,,,0,,,,,,,,19380522,2,PIT09,h,BLG,1,0,0,regular,,
PH5193805281,bensg101,PTC,1,9,value,24,2,0,0,0,0,,,,,1,19380528,1,PHI17,v,PH5,0,1,0,regular,y,d
PH5193805281,willc106,PTC,1,6,value,24,2,2,0,1,0,,,,,1,19380528,1,PHI17,v,PH5,0,1,0,regular,y,d
PH5193805281,banks101,PTC,1,8,value,24,3,0,0,0,0,,,,,1,19380528,1,PHI17,v,PH5,0,1,0,regular,y,d
PH5193805281,hairn101,PTC,1,7,value,24,5,0,0,0,0,,,,,1,19380528,1,PHI17,v,PH5,0,1,0,regular,y,d
PH5193805281,willh105,PTC,1,4,value,24,2,5,0,1,0,,,,,1,19380528,1,PHI17,v,PH5,0,1,0,regular,y,d
PH5193805281,washj102,PTC,1,3,value,24,6,0,0,1,0,,,,,1,19380528,1,PHI17,v,PH5,0,1,0,regular,y,d
PH5193805281,wilsd103,PTC,1,5,value,24,0,1,0,0,0,,,,,1,19380528,1,PHI17,v,PH5,0,1,0,regular,y,d
PH5193805281,bassp101,PTC,1,2,value,24,4,0,0,0,0,0,0,0,0,1,19380528,1,PHI17,v,PH5,0,1,0,regular,y,d
PH5193805281,harvb101,PTC,1,1,value,22,0,0,1,0,0,,,,,1,19380528,1,PHI17,v,PH5,0,1,0,regular,y,d
PH5193805281,smitt105,PTC,1,1,value,1,0,0,0,0,0,,,,,0,19380528,1,PHI17,v,PH5,0,1,0,regular,y,d
PH5193805281,matll101,PTC,1,1,value,1,0,0,0,0,0,,,,,0,19380528,1,PHI17,v,PH5,0,1,0,regular,y,d
PH5193805281,speac103,PH5,1,9,value,24,5,0,0,0,0,,,,,1,19380528,1,PHI17,h,PTC,1,0,0,regular,y,d
PH5193805281,mcdow101,PH5,1,1,value,3,0,0,0,0,0,,,,,0,19380528,1,PHI17,h,PTC,1,0,0,regular,y,d
PH5193805281,cread101,PH5,1,4,value,27,3,5,0,0,0,,,,,1,19380528,1,PHI17,h,PTC,1,0,0,regular,y,d
PH5193805281,gileg101,PH5,1,3,value,27,10,0,0,0,0,,,,,1,19380528,1,PHI17,h,PTC,1,0,0,regular,y,d
PH5193805281,dunnj104,PH5,1,8,value,27,1,0,0,0,0,,,,,1,19380528,1,PHI17,h,PTC,1,0,0,regular,y,d
PH5193805281,wilsj106,PH5,1,5,value,27,1,1,0,0,0,,,,,1,19380528,1,PHI17,h,PTC,1,0,0,regular,y,d
PH5193805281,perkb101,PH5,1,2,value,27,4,1,0,0,0,0,0,1,0,1,19380528,1,PHI17,h,PTC,1,0,0,regular,y,d
PH5193805281,harrc104,PH5,1,6,value,27,1,4,0,0,0,,,,,1,19380528,1,PHI17,h,PTC,1,0,0,regular,y,d
PH5193805281,dixop101,PH5,1,7,value,24,2,0,0,0,0,,,,,1,19380528,1,PHI17,h,PTC,1,0,0,regular,y,d
PH5193805281,parnr102,PH5,1,7,value,3,0,0,0,0,0,,,,,0,19380528,1,PHI17,h,PTC,1,0,0,regular,y,d
PH5193805281,carts102,PH5,1,1,value,11,0,2,0,0,0,,,,,1,19380528,1,PHI17,h,PTC,1,0,0,regular,y,d
PH5193805281,ellir105,PH5,1,1,value,5,0,2,1,0,0,,,,,0,19380528,1,PHI17,h,PTC,1,0,0,regular,y,d
PH5193805281,brutj101,PH5,1,1,value,8,0,0,0,0,0,,,,,0,19380528,1,PHI17,h,PTC,1,0,0,regular,y,d
PH5193805281,jones107,PH5,1,9,value,3,0,0,0,0,0,,,,,0,19380528,1,PHI17,h,PTC,1,0,0,regular,y,d
PH5193805282,bensg101,PTC,1,9,value,18,0,0,0,0,0,,,,,1,19380528,2,PHI17,v,PH5,0,1,0,regular,y,d
PH5193805282,willc106,PTC,1,6,value,18,0,4,0,0,0,,,,,1,19380528,2,PHI17,v,PH5,0,1,0,regular,y,d
PH5193805282,banks101,PTC,1,8,value,18,2,0,0,0,0,,,,,1,19380528,2,PHI17,v,PH5,0,1,0,regular,y,d
PH5193805282,hairn101,PTC,1,7,value,18,2,0,0,0,0,,,,,1,19380528,2,PHI17,v,PH5,0,1,0,regular,y,d
PH5193805282,willh105,PTC,1,4,value,18,5,1,0,0,0,,,,,1,19380528,2,PHI17,v,PH5,0,1,0,regular,y,d
PH5193805282,washj102,PTC,1,3,value,18,7,0,0,0,0,,,,,1,19380528,2,PHI17,v,PH5,0,1,0,regular,y,d
PH5193805282,wilsd103,PTC,1,5,value,18,0,0,0,0,0,,,,,1,19380528,2,PHI17,v,PH5,0,1,0,regular,y,d
PH5193805282,ruffl101,PTC,1,2,value,18,2,0,0,0,0,0,0,0,0,1,19380528,2,PHI17,v,PH5,0,1,0,regular,y,d
PH5193805282,morrb104,PTC,1,1,value,3,0,1,0,0,0,,,,,1,19380528,2,PHI17,v,PH5,0,1,0,regular,y,d
PH5193805282,cainm101,PTC,1,1,value,15,0,2,0,0,0,,,,,0,19380528,2,PHI17,v,PH5,0,1,0,regular,y,d
PH5193805282,speac103,PH5,1,9,value,21,1,0,0,0,0,,,,,1,19380528,2,PHI17,h,PTC,1,0,0,regular,y,d
PH5193805282,cread101,PH5,1,4,value,21,0,4,0,0,0,,,,,1,19380528,2,PHI17,h,PTC,1,0,0,regular,y,d
PH5193805282,gileg101,PH5,1,3,value,21,7,0,0,0,0,,,,,1,19380528,2,PHI17,h,PTC,1,0,0,regular,y,d
PH5193805282,dunnj104,PH5,1,8,value,21,2,0,0,0,0,,,,,1,19380528,2,PHI17,h,PTC,1,0,0,regular,y,d
PH5193805282,wilsj106,PH5,1,5,value,21,1,1,0,0,0,,,,,1,19380528,2,PHI17,h,PTC,1,0,0,regular,y,d
PH5193805282,perkb101,PH5,1,2,value,21,4,0,1,0,0,0,0,1,0,1,19380528,2,PHI17,h,PTC,1,0,0,regular,y,d
PH5193805282,harrc104,PH5,1,6,value,21,0,1,0,0,0,,,,,1,19380528,2,PHI17,h,PTC,1,0,0,regular,y,d
PH5193805282,dixop101,PH5,1,7,value,18,2,0,0,0,0,,,,,1,19380528,2,PHI17,h,PTC,1,0,0,regular,y,d
PH5193805282,jones107,PH5,1,7,value,3,2,0,0,0,0,,,,,0,19380528,2,PHI17,h,PTC,1,0,0,regular,y,d
PH5193805282,missj102,PH5,1,1,value,21,2,1,0,0,0,,,,,1,19380528,2,PHI17,h,PTC,1,0,0,regular,y,d
PH5193805301,bensg101,PTC,1,9,value,24,0,0,0,0,0,,,,,1,19380530,1,PHI17,v,PH5,0,1,0,regular,y,d
PH5193805301,willc106,PTC,1,6,value,24,7,2,0,0,0,,,,,1,19380530,1,PHI17,v,PH5,0,1,0,regular,y,d
PH5193805301,banks101,PTC,1,8,value,24,0,0,1,0,0,,,,,1,19380530,1,PHI17,v,PH5,0,1,0,regular,y,d
PH5193805301,hairn101,PTC,1,7,value,24,3,0,0,0,0,,,,,1,19380530,1,PHI17,v,PH5,0,1,0,regular,y,d
PH5193805301,willh105,PTC,1,4,value,24,1,2,0,0,0,,,,,1,19380530,1,PHI17,v,PH5,0,1,0,regular,y,d
PH5193805301,washj102,PTC,1,3,value,24,6,1,0,0,0,,,,,1,19380530,1,PHI17,v,PH5,0,1,0,regular,y,d
PH5193805301,wilsd103,PTC,1,5,value,24,1,1,0,0,0,,,,,1,19380530,1,PHI17,v,PH5,0,1,0,regular,y,d
PH5193805301,bassp101,PTC,1,2,value,24,5,2,0,0,0,0,0,0,0,1,19380530,1,PHI17,v,PH5,0,1,0,regular,y,d
PH5193805301,taylj108,PTC,1,1,value,24,1,4,0,0,0,,,,,1,19380530,1,PHI17,v,PH5,0,1,0,regular,y,d
PH5193805301,speac103,PH5,1,9,value,27,1,0,0,0,0,,,,,1,19380530,1,PHI17,h,PTC,1,0,0,regular,y,d
PH5193805301,parnr102,PH5,1,7,value,27,0,0,0,0,0,,,,,1,19380530,1,PHI17,h,PTC,1,0,0,regular,y,d
PH5193805301,gileg101,PH5,1,3,value,27,13,1,0,0,0,,,,,1,19380530,1,PHI17,h,PTC,1,0,0,regular,y,d
PH5193805301,perkb101,PH5,1,2,value,27,3,2,0,0,0,0,0,0,0,1,19380530,1,PHI17,h,PTC,1,0,0,regular,y,d
PH5193805301,dunnj104,PH5,1,6,value,27,2,4,0,0,0,,,,,1,19380530,1,PHI17,h,PTC,1,0,0,regular,y,d
PH5193805301,cread101,PH5,1,5,value,27,1,5,0,0,0,,,,,1,19380530,1,PHI17,h,PTC,1,0,0,regular,y,d
PH5193805301,harrc104,PH5,1,4,value,27,5,2,1,0,0,,,,,1,19380530,1,PHI17,h,PTC,1,0,0,regular,y,d
PH5193805301,dixop101,PH5,1,8,value,27,2,0,0,0,0,,,,,1,19380530,1,PHI17,h,PTC,1,0,0,regular,y,d
PH5193805301,carts102,PH5,1,1,value,27,0,1,0,0,0,,,,,1,19380530,1,PHI17,h,PTC,1,0,0,regular,y,d
PH5193805302,bensg101,PTC,1,9,value,27,1,0,0,0,0,,,,,1,19380530,2,PHI17,v,PH5,1,0,0,regular,y,d
PH5193805302,willc106,PTC,1,6,value,27,1,0,1,0,0,,,,,1,19380530,2,PHI17,v,PH5,1,0,0,regular,y,d
PH5193805302,banks101,PTC,1,8,value,27,2,0,0,0,0,,,,,1,19380530,2,PHI17,v,PH5,1,0,0,regular,y,d
PH5193805302,hairn101,PTC,1,7,value,27,1,0,0,0,0,,,,,1,19380530,2,PHI17,v,PH5,1,0,0,regular,y,d
PH5193805302,willh105,PTC,1,4,value,27,2,0,0,0,0,,,,,1,19380530,2,PHI17,v,PH5,1,0,0,regular,y,d
PH5193805302,washj102,PTC,1,3,value,27,14,0,0,0,0,,,,,1,19380530,2,PHI17,v,PH5,1,0,0,regular,y,d
PH5193805302,wilsd103,PTC,1,5,value,27,0,0,1,0,0,,,,,1,19380530,2,PHI17,v,PH5,1,0,0,regular,y,d
PH5193805302,ruffl101,PTC,1,2,value,27,0,0,0,0,0,0,0,0,0,1,19380530,2,PHI17,v,PH5,1,0,0,regular,y,d
PH5193805302,matll101,PTC,1,1,value,15,5,0,0,0,0,,,,,1,19380530,2,PHI17,v,PH5,1,0,0,regular,y,d
PH5193805302,taylj108,PTC,1,1,value,12,1,0,1,0,0,,,,,0,19380530,2,PHI17,v,PH5,1,0,0,regular,y,d
PH5193805302,speac103,PH5,1,9,value,27,2,0,1,0,0,,,,,1,19380530,2,PHI17,h,PTC,0,1,0,regular,y,d
PH5193805302,parnr102,PH5,1,7,value,27,1,0,0,0,0,,,,,1,19380530,2,PHI17,h,PTC,0,1,0,regular,y,d
PH5193805302,gileg101,PH5,1,3,value,27,9,0,0,0,0,,,,,1,19380530,2,PHI17,h,PTC,0,1,0,regular,y,d
PH5193805302,perkb101,PH5,1,2,value,27,3,0,1,0,0,0,0,0,0,1,19380530,2,PHI17,h,PTC,0,1,0,regular,y,d
PH5193805302,dunnj104,PH5,1,6,value,27,4,0,0,0,0,,,,,1,19380530,2,PHI17,h,PTC,0,1,0,regular,y,d
PH5193805302,cread101,PH5,1,5,value,27,2,0,1,0,0,,,,,1,19380530,2,PHI17,h,PTC,0,1,0,regular,y,d
PH5193805302,harrc104,PH5,1,4,value,27,2,0,0,0,0,,,,,1,19380530,2,PHI17,h,PTC,0,1,0,regular,y,d
PH5193805302,dixop101,PH5,1,8,value,27,3,0,0,0,0,,,,,1,19380530,2,PHI17,h,PTC,0,1,0,regular,y,d
PH5193805302,mcdow101,PH5,1,1,value,3,1,0,0,0,0,,,,,1,19380530,2,PHI17,h,PTC,0,1,0,regular,y,d
PH5193805302,brutj101,PH5,1,1,value,6,0,0,0,0,0,,,,,0,19380530,2,PHI17,h,PTC,0,1,0,regular,y,d
PH5193805302,missj102,PH5,1,1,value,6,0,0,0,0,0,,,,,0,19380530,2,PHI17,h,PTC,0,1,0,regular,y,d
PH5193805302,carts102,PH5,1,1,value,12,0,0,0,0,0,,,,,0,19380530,2,PHI17,h,PTC,0,1,0,regular,y,d
PH5193806010,bensg101,PTC,1,9,value,24,0,0,0,0,0,,,,,1,19380601,0,CHE01,v,PH5,1,0,0,regular,y,d
PH5193806010,smitc111,PTC,1,4,value,9,0,3,0,0,0,,,,,1,19380601,0,CHE01,v,PH5,1,0,0,regular,y,d
PH5193806010,smitt105,PTC,1,1,value,15,0,1,0,0,0,,,,,0,19380601,0,CHE01,v,PH5,1,0,0,regular,y,d
PH5193806010,banks101,PTC,1,8,value,24,1,0,0,0,0,,,,,1,19380601,0,CHE01,v,PH5,1,0,0,regular,y,d
PH5193806010,hairn101,PTC,1,7,value,24,2,0,0,0,0,,,,,1,19380601,0,CHE01,v,PH5,1,0,0,regular,y,d
PH5193806010,willh105,PTC,1,6,value,9,1,0,0,0,0,,,,,1,19380601,0,CHE01,v,PH5,1,0,0,regular,y,d
PH5193806010,willh105,PTC,2,4,value,15,0,0,0,0,0,,,,,0,19380601,0,CHE01,v,PH5,1,0,0,regular,y,d
PH5193806010,washj102,PTC,1,3,value,24,9,0,0,0,0,,,,,1,19380601,0,CHE01,v,PH5,1,0,0,regular,y,d
PH5193806010,wilsd103,PTC,1,5,value,24,2,1,0,0,0,,,,,1,19380601,0,CHE01,v,PH5,1,0,0,regular,y,d
PH5193806010,bassp101,PTC,1,2,value,24,9,0,0,0,0,0,0,1,0,1,19380601,0,CHE01,v,PH5,1,0,0,regular,y,d
PH5193806010,cainm101,PTC,1,1,value,9,0,1,0,0,0,,,,,1,19380601,0,CHE01,v,PH5,1,0,0,regular,y,d
PH5193806010,willc106,PTC,1,6,value,15,0,0,0,0,0,,,,,0,19380601,0,CHE01,v,PH5,1,0,0,regular,y,d
PH5193806010,speac103,PH5,1,9,value,24,3,0,0,0,0,,,,,1,19380601,0,CHE01,h,PTC,0,1,0,regular,y,d
PH5193806010,jones107,PH5,1,7,value,24,1,0,1,0,0,,,,,1,19380601,0,CHE01,h,PTC,0,1,0,regular,y,d
PH5193806010,gileg101,PH5,1,3,value,24,10,0,0,0,0,,,,,1,19380601,0,CHE01,h,PTC,0,1,0,regular,y,d
PH5193806010,perkb101,PH5,1,2,value,24,3,0,0,0,0,0,0,2,0,1,19380601,0,CHE01,h,PTC,0,1,0,regular,y,d
PH5193806010,dunnj104,PH5,1,6,value,24,3,3,0,0,0,,,,,1,19380601,0,CHE01,h,PTC,0,1,0,regular,y,d
PH5193806010,cread101,PH5,1,5,value,24,0,0,0,0,0,,,,,1,19380601,0,CHE01,h,PTC,0,1,0,regular,y,d
PH5193806010,harrc104,PH5,1,4,value,24,1,4,0,0,0,,,,,1,19380601,0,CHE01,h,PTC,0,1,0,regular,y,d
PH5193806010,dixop101,PH5,1,8,value,24,3,0,0,0,0,,,,,1,19380601,0,CHE01,h,PTC,0,1,0,regular,y,d
PH5193806010,lewij104,PH5,1,1,value,12,0,0,0,0,0,,,,,1,19380601,0,CHE01,h,PTC,0,1,0,regular,y,d
PH5193806010,kingc103,PH5,1,1,value,6,0,0,0,0,0,,,,,0,19380601,0,CHE01,h,PTC,0,1,0,regular,y,d
PH5193806010,garvu101,PH5,1,1,value,3,0,0,0,0,0,,,,,0,19380601,0,CHE01,h,PTC,0,1,0,regular,y,d
PH5193806010,brutj101,PH5,1,1,value,3,0,0,0,0,0,,,,,0,19380601,0,CHE01,h,PTC,0,1,0,regular,y,d
BLG193806020,taylj108,PTC,,1,value,,,,,,,,,,,,19380602,0,BAL14,v,BLG,1,0,0,regular,,
PTC193806040,campd103,NY5,1,4,value,24,1,1,1,,,,,,,1,19380604,0,PIT09,v,PTC,0,1,0,regular,y,
PTC193806040,barkm101,NY5,1,8,value,24,2,0,0,,,,,,,1,19380604,0,PIT09,v,PTC,0,1,0,regular,y,
PTC193806040,jenkf102,NY5,1,7,value,24,4,0,0,,,,,,,1,19380604,0,PIT09,v,PTC,0,1,0,regular,y,
PTC193806040,palmc101,NY5,1,2,value,24,6,0,0,,,,,,,1,19380604,0,PIT09,v,PTC,0,1,0,regular,y,
PTC193806040,starj102,NY5,1,3,value,24,8,0,0,,,,,,,1,19380604,0,PIT09,v,PTC,0,1,0,regular,y,
PTC193806040,browb107,NY5,1,9,value,24,0,0,0,,,,,,,1,19380604,0,PIT09,v,PTC,0,1,0,regular,y,
PTC193806040,cannw101,NY5,1,5,value,24,1,0,0,,,,,,,1,19380604,0,PIT09,v,PTC,0,1,0,regular,y,
PTC193806040,mornl101,NY5,1,6,value,24,2,5,0,,,,,,,1,19380604,0,PIT09,v,PTC,0,1,0,regular,y,
PTC193806040,stann101,NY5,1,1,value,8,0,1,1,,,,,,,1,19380604,0,PIT09,v,PTC,0,1,0,regular,y,
PTC193806040,davir103,NY5,1,1,value,13,0,0,0,,,,,,,,19380604,0,PIT09,v,PTC,0,1,0,regular,y,
PTC193806040,willr106,NY5,1,1,value,3,0,0,0,,,,,,,,19380604,0,PIT09,v,PTC,0,1,0,regular,y,
PTC193806040,bensg101,PTC,1,9,value,27,0,0,0,,,,,,,1,19380604,0,PIT09,h,NY5,1,0,0,regular,y,
PTC193806040,willc106,PTC,1,7,value,27,3,3,0,,,,,,,1,19380604,0,PIT09,h,NY5,1,0,0,regular,y,
PTC193806040,banks101,PTC,1,8,value,27,6,0,0,,,,,,,1,19380604,0,PIT09,h,NY5,1,0,0,regular,y,
PTC193806040,hairn101,PTC,1,6,value,27,2,0,0,,,,,,,1,19380604,0,PIT09,h,NY5,1,0,0,regular,y,
PTC193806040,willh105,PTC,1,4,value,27,1,1,0,,,,,,,1,19380604,0,PIT09,h,NY5,1,0,0,regular,y,
PTC193806040,washj102,PTC,1,3,value,27,8,1,0,,,,,,,1,19380604,0,PIT09,h,NY5,1,0,0,regular,y,
PTC193806040,wilsd103,PTC,1,5,value,27,0,3,0,,,,,,,1,19380604,0,PIT09,h,NY5,1,0,0,regular,y,
PTC193806040,ruffl101,PTC,1,2,value,27,7,0,0,,,,,,,1,19380604,0,PIT09,h,NY5,1,0,0,regular,y,
PTC193806040,morrb104,PTC,1,1,value,27,0,3,0,,,,,,,1,19380604,0,PIT09,h,NY5,1,0,0,regular,y,
PTC193806051,browb107,NY5,1,1,value,24,,,,,,,,,,1,19380605,1,CUM01,v,PTC,0,1,0,regular,,
PTC193806051,palmc101,NY5,1,2,value,24,,,,,,,,,,1,19380605,1,CUM01,v,PTC,0,1,0,regular,,
PTC193806051,taylj108,PTC,1,1,value,27,,,,,,,,,,1,19380605,1,CUM01,h,NY5,1,0,0,regular,,
PTC193806051,ruffl101,PTC,1,2,value,27,,,,,,,,,,1,19380605,1,CUM01,h,NY5,1,0,0,regular,,
PTC193806051,willc106,PTC,,6,value,,,9,,,,,,,,,19380605,1,CUM01,h,NY5,1,0,0,regular,,
PTC193806051,banks101,PTC,,8,value,,,,,,,,,,,,19380605,1,CUM01,h,NY5,1,0,0,regular,,
PTC193806051,hairn101,PTC,,7,value,,1,,,,,,,,,,19380605,1,CUM01,h,NY5,1,0,0,regular,,
PTC193806052,hollb106,NY5,1,1,value,18,,,,,,,,,,1,19380605,2,CUM01,v,PTC,0,1,0,regular,,
PTC193806052,clarb107,NY5,1,2,value,18,,,,,,,,,,1,19380605,2,CUM01,v,PTC,0,1,0,regular,,
PTC193806052,barkm101,NY5,,8,value,,,,,,,,,,,,19380605,2,CUM01,v,PTC,0,1,0,regular,,
PTC193806052,harvb101,PTC,1,1,value,21,,,,,,,,,,1,19380605,2,CUM01,h,NY5,1,0,0,regular,,
PTC193806052,bassp101,PTC,1,2,value,21,,,,,,,,,,1,19380605,2,CUM01,h,NY5,1,0,0,regular,,
PTC193806060,jenkf102,NY5,1,7,value,24,2,0,0,0,0,,,,,1,19380606,0,PIT09,v,PTC,0,1,0,regular,y,d
PTC193806060,campd103,NY5,1,4,value,24,1,3,0,0,0,,,,,1,19380606,0,PIT09,v,PTC,0,1,0,regular,y,d
PTC193806060,starj102,NY5,1,3,value,24,12,1,0,0,0,,,,,1,19380606,0,PIT09,v,PTC,0,1,0,regular,y,d
PTC193806060,palmc101,NY5,1,2,value,24,1,0,0,0,0,0,0,0,0,1,19380606,0,PIT09,v,PTC,0,1,0,regular,y,d
PTC193806060,barkm101,NY5,1,8,value,24,1,0,0,0,0,,,,,1,19380606,0,PIT09,v,PTC,0,1,0,regular,y,d
PTC193806060,cannw101,NY5,1,6,value,0,1,0,0,0,0,,,,,1,19380606,0,PIT09,v,PTC,0,1,0,regular,y,d
PTC193806060,cannw101,NY5,2,1,value,24,0,2,0,0,0,,,,,0,19380606,0,PIT09,v,PTC,0,1,0,regular,y,d
PTC193806060,browb107,NY5,1,9,value,24,4,0,0,0,0,,,,,1,19380606,0,PIT09,v,PTC,0,1,0,regular,y,d
PTC193806060,mornl101,NY5,1,5,value,0,0,0,0,0,0,,,,,1,19380606,0,PIT09,v,PTC,0,1,0,regular,y,d
PTC193806060,mornl101,NY5,2,6,value,24,2,2,0,0,0,,,,,0,19380606,0,PIT09,v,PTC,0,1,0,regular,y,d
PTC193806060,rectc101,NY5,1,1,value,0,0,0,0,0,0,,,,,1,19380606,0,PIT09,v,PTC,0,1,0,regular,y,d
PTC193806060,willr106,NY5,1,1,value,0,0,0,0,0,0,,,,,0,19380606,0,PIT09,v,PTC,0,1,0,regular,y,d
PTC193806060,clarb107,NY5,1,5,value,24,0,2,0,0,0,,,,,0,19380606,0,PIT09,v,PTC,0,1,0,regular,y,d
PTC193806060,bensg101,PTC,1,9,value,27,3,0,0,0,0,,,,,1,19380606,0,PIT09,h,NY5,1,0,0,regular,y,d
PTC193806060,willc106,PTC,1,6,value,27,6,5,0,0,0,,,,,1,19380606,0,PIT09,h,NY5,1,0,0,regular,y,d
PTC193806060,banks101,PTC,1,8,value,27,3,0,0,0,0,,,,,1,19380606,0,PIT09,h,NY5,1,0,0,regular,y,d
PTC193806060,harvb101,PTC,1,7,value,27,3,0,0,0,0,,,,,1,19380606,0,PIT09,h,NY5,1,0,0,regular,y,d
PTC193806060,willh105,PTC,1,4,value,27,2,3,0,0,0,,,,,1,19380606,0,PIT09,h,NY5,1,0,0,regular,y,d
PTC193806060,washj102,PTC,1,3,value,27,7,2,0,0,0,,,,,1,19380606,0,PIT09,h,NY5,1,0,0,regular,y,d
PTC193806060,wilsd103,PTC,1,5,value,27,1,1,0,0,0,,,,,1,19380606,0,PIT09,h,NY5,1,0,0,regular,y,d
PTC193806060,bassp101,PTC,1,2,value,27,1,0,0,0,0,0,0,0,0,1,19380606,0,PIT09,h,NY5,1,0,0,regular,y,d
PTC193806060,kingc103,PTC,1,1,value,27,1,1,0,0,0,,,,,1,19380606,0,PIT09,h,NY5,1,0,0,regular,y,d
PTC193806070,jenkf102,NY5,1,7,value,27,2,0,0,0,0,,,,,1,19380607,0,CHA02,v,PTC,1,0,0,regular,y,d
PTC193806070,campd103,NY5,1,4,value,27,3,4,0,0,0,,,,,1,19380607,0,CHA02,v,PTC,1,0,0,regular,y,d
PTC193806070,starj102,NY5,1,3,value,3,1,0,0,0,0,,,,,1,19380607,0,CHA02,v,PTC,1,0,0,regular,y,d
PTC193806070,palmc101,NY5,1,2,value,24,5,0,0,0,0,0,0,0,0,0,19380607,0,CHA02,v,PTC,1,0,0,regular,y,d
PTC193806070,browb107,NY5,1,9,value,15,2,0,1,0,0,,,,,1,19380607,0,CHA02,v,PTC,1,0,0,regular,y,d
PTC193806070,browb107,NY5,2,1,value,12,0,0,0,0,0,,,,,0,19380607,0,CHA02,v,PTC,1,0,0,regular,y,d
PTC193806070,barkm101,NY5,1,8,value,27,1,0,0,0,0,,,,,1,19380607,0,CHA02,v,PTC,1,0,0,regular,y,d
PTC193806070,cannw101,NY5,1,6,value,27,2,5,0,0,0,,,,,1,19380607,0,CHA02,v,PTC,1,0,0,regular,y,d
PTC193806070,mornl101,NY5,1,5,value,27,1,1,1,0,0,,,,,1,19380607,0,CHA02,v,PTC,1,0,0,regular,y,d
PTC193806070,stann101,NY5,1,1,value,15,0,2,0,0,0,,,,,1,19380607,0,CHA02,v,PTC,1,0,0,regular,y,d
PTC193806070,stann101,NY5,2,9,value,12,2,0,0,0,0,,,,,0,19380607,0,CHA02,v,PTC,1,0,0,regular,y,d
PTC193806070,clarb107,NY5,1,2,value,3,3,1,0,0,0,0,0,0,0,1,19380607,0,CHA02,v,PTC,1,0,0,regular,y,d
PTC193806070,clarb107,NY5,2,3,value,24,5,0,0,0,0,,,,,0,19380607,0,CHA02,v,PTC,1,0,0,regular,y,d
PTC193806070,bensg101,PTC,1,9,value,27,1,0,0,0,0,,,,,1,19380607,0,CHA02,h,NY5,0,1,0,regular,y,d
PTC193806070,willc106,PTC,1,6,value,27,0,3,1,1,0,,,,,1,19380607,0,CHA02,h,NY5,0,1,0,regular,y,d
PTC193806070,banks101,PTC,1,8,value,27,2,0,0,0,0,,,,,1,19380607,0,CHA02,h,NY5,0,1,0,regular,y,d
PTC193806070,hairn101,PTC,1,7,value,27,0,0,0,0,0,,,,,1,19380607,0,CHA02,h,NY5,0,1,0,regular,y,d
PTC193806070,willh105,PTC,1,4,value,27,1,5,0,1,0,,,,,1,19380607,0,CHA02,h,NY5,0,1,0,regular,y,d
PTC193806070,washj102,PTC,1,3,value,27,17,0,0,1,0,,,,,1,19380607,0,CHA02,h,NY5,0,1,0,regular,y,d
PTC193806070,wilsd103,PTC,1,5,value,27,0,2,1,0,0,,,,,1,19380607,0,CHA02,h,NY5,0,1,0,regular,y,d
PTC193806070,bassp101,PTC,1,2,value,27,6,0,0,0,0,0,0,3,0,1,19380607,0,CHA02,h,NY5,0,1,0,regular,y,d
PTC193806070,morrb104,PTC,1,1,value,27,0,3,0,0,0,,,,,1,19380607,0,CHA02,h,NY5,0,1,0,regular,y,d
PTC193806130,speac103,PH5,1,9,value,24,2,0,0,0,0,,,,,1,19380613,0,MSN01,v,PTC,0,1,0,regular,y,d
PTC193806130,parnr102,PH5,1,7,value,24,2,0,0,0,0,,,,,1,19380613,0,MSN01,v,PTC,0,1,0,regular,y,d
PTC193806130,gileg101,PH5,1,3,value,24,10,0,0,0,0,,,,,1,19380613,0,MSN01,v,PTC,0,1,0,regular,y,d
PTC193806130,pattp102,PH5,1,4,value,24,3,1,2,0,0,,,,,1,19380613,0,MSN01,v,PTC,0,1,0,regular,y,d
PTC193806130,perkb101,PH5,1,2,value,24,4,0,0,0,0,0,0,1,0,1,19380613,0,MSN01,v,PTC,0,1,0,regular,y,d
PTC193806130,dunnj104,PH5,1,6,value,24,0,5,0,0,0,,,,,1,19380613,0,MSN01,v,PTC,0,1,0,regular,y,d
PTC193806130,cread101,PH5,1,5,value,24,1,0,0,0,0,,,,,1,19380613,0,MSN01,v,PTC,0,1,0,regular,y,d
PTC193806130,dixop101,PH5,1,8,value,24,2,0,0,0,0,,,,,1,19380613,0,MSN01,v,PTC,0,1,0,regular,y,d
PTC193806130,carts102,PH5,1,1,value,1,0,0,0,0,0,,,,,1,19380613,0,MSN01,v,PTC,0,1,0,regular,y,d
PTC193806130,ellir105,PH5,1,1,value,7,0,2,0,0,0,,,,,0,19380613,0,MSN01,v,PTC,0,1,0,regular,y,d
PTC193806130,missj102,PH5,1,1,value,9,0,0,0,0,0,,,,,0,19380613,0,MSN01,v,PTC,0,1,0,regular,y,d
PTC193806130,mcheh101,PH5,1,1,value,7,0,0,0,0,0,,,,,0,19380613,0,MSN01,v,PTC,0,1,0,regular,y,d
PTC193806130,bensg101,PTC,1,9,value,27,2,0,0,0,0,,,,,1,19380613,0,MSN01,h,PH5,1,0,0,regular,y,d
PTC193806130,willc106,PTC,1,6,value,27,1,2,0,2,0,,,,,1,19380613,0,MSN01,h,PH5,1,0,0,regular,y,d
PTC193806130,banks101,PTC,1,8,value,27,5,0,0,0,0,,,,,1,19380613,0,MSN01,h,PH5,1,0,0,regular,y,d
PTC193806130,hairn101,PTC,1,7,value,27,1,0,0,0,0,,,,,1,19380613,0,MSN01,h,PH5,1,0,0,regular,y,d
PTC193806130,willh105,PTC,1,4,value,27,3,2,0,2,0,,,,,1,19380613,0,MSN01,h,PH5,1,0,0,regular,y,d
PTC193806130,washj102,PTC,1,3,value,27,9,2,0,2,0,,,,,1,19380613,0,MSN01,h,PH5,1,0,0,regular,y,d
PTC193806130,wilsd103,PTC,1,5,value,27,0,1,0,0,0,,,,,1,19380613,0,MSN01,h,PH5,1,0,0,regular,y,d
PTC193806130,ruffl101,PTC,1,2,value,27,5,0,0,0,0,0,0,0,0,1,19380613,0,MSN01,h,PH5,1,0,0,regular,y,d
PTC193806130,taylj108,PTC,1,1,value,27,1,4,0,0,0,,,,,1,19380613,0,MSN01,h,PH5,1,0,0,regular,y,d
WBS193806191,bensg101,PTC,1,9,value,27,2,,0,,,,,,,1,19380619,1,WAS09,v,WBS,1,0,0,regular,y,
WBS193806191,willc106,PTC,1,6,value,27,2,,0,,,,,,,1,19380619,1,WAS09,v,WBS,1,0,0,regular,y,
WBS193806191,banks101,PTC,1,8,value,27,1,,0,,,,,,,1,19380619,1,WAS09,v,WBS,1,0,0,regular,y,
WBS193806191,hairn101,PTC,1,7,value,27,2,,0,,,,,,,1,19380619,1,WAS09,v,WBS,1,0,0,regular,y,
WBS193806191,willh105,PTC,1,4,value,27,1,,0,,,,,,,1,19380619,1,WAS09,v,WBS,1,0,0,regular,y,
WBS193806191,washj102,PTC,1,3,value,27,12,,0,,,,,,,1,19380619,1,WAS09,v,WBS,1,0,0,regular,y,
WBS193806191,clarb101,PTC,1,5,value,27,2,,0,,,,,,,1,19380619,1,WAS09,v,WBS,1,0,0,regular,y,
WBS193806191,ruffl101,PTC,1,2,value,27,5,,0,,,,,0,,1,19380619,1,WAS09,v,WBS,1,0,0,regular,y,
WBS193806191,harvb101,PTC,1,1,value,27,0,,0,,,,,,,1,19380619,1,WAS09,v,WBS,1,0,0,regular,y,
WBS193806191,burbb102,WBS,1,8,value,27,4,,1,,,,,,,1,19380619,1,WAS09,h,PTC,0,1,0,regular,y,
WBS193806191,sadlb101,WBS,1,6,value,27,0,,1,,,,,,,1,19380619,1,WAS09,h,PTC,0,1,0,regular,y,
WBS193806191,thomd104,WBS,1,3,value,27,10,,0,,,,,,,1,19380619,1,WAS09,h,PTC,0,1,0,regular,y,
WBS193806191,speah101,WBS,1,5,value,27,1,,2,,,,,,,1,19380619,1,WAS09,h,PTC,0,1,0,regular,y,
WBS193806191,wrigz102,WBS,1,9,value,27,1,,0,,,,,,,1,19380619,1,WAS09,h,PTC,0,1,0,regular,y,
WBS193806191,cruma101,WBS,1,7,value,27,3,,0,,,,,,,1,19380619,1,WAS09,h,PTC,0,1,0,regular,y,
WBS193806191,powee101,WBS,1,2,value,,7,,3,,,,,,,1,19380619,1,WAS09,h,PTC,0,1,0,regular,y,
WBS193806191,casem101,WBS,1,2,value,,0,,0,,,,,,,,19380619,1,WAS09,h,PTC,0,1,0,regular,y,
WBS193806191,hendc102,WBS,1,4,value,27,1,,1,,,,,,,1,19380619,1,WAS09,h,PTC,0,1,0,regular,y,
WBS193806191,holml101,WBS,1,1,value,19,0,,0,,,,,,,1,19380619,1,WAS09,h,PTC,0,1,0,regular,y,
WBS193806191,kinch101,WBS,1,1,value,0,0,,0,,,,,,,,19380619,1,WAS09,h,PTC,0,1,0,regular,y,
WBS193806191,calhr101,WBS,1,1,value,8,0,,0,,,,,,,,19380619,1,WAS09,h,PTC,0,1,0,regular,y,
WBS193806192,bensg101,PTC,1,7,value,18,,,0,0,,,,,,1,19380619,2,WAS09,v,WBS,0,1,0,regular,y,
WBS193806192,willc106,PTC,1,6,value,18,,,0,0,,,,,,1,19380619,2,WAS09,v,WBS,0,1,0,regular,y,
WBS193806192,wilsd103,PTC,1,9,value,18,,,0,0,,,,,,1,19380619,2,WAS09,v,WBS,0,1,0,regular,y,
WBS193806192,hairn101,PTC,1,8,value,18,,,0,0,,,,,,1,19380619,2,WAS09,v,WBS,0,1,0,regular,y,
WBS193806192,willh105,PTC,1,4,value,18,,,0,0,,,,,,1,19380619,2,WAS09,v,WBS,0,1,0,regular,y,
WBS193806192,washj102,PTC,1,3,value,18,,,0,0,,,,,,1,19380619,2,WAS09,v,WBS,0,1,0,regular,y,
WBS193806192,clarb101,PTC,1,5,value,18,,,0,0,,,,,,1,19380619,2,WAS09,v,WBS,0,1,0,regular,y,
WBS193806192,bassp101,PTC,1,2,value,18,,,0,0,,,,,,1,19380619,2,WAS09,v,WBS,0,1,0,regular,y,
WBS193806192,morrb104,PTC,1,1,value,10,,,0,0,,,,,,1,19380619,2,WAS09,v,WBS,0,1,0,regular,y,
WBS193806192,smitc111,PTC,2,1,value,1,,,0,0,,,,,,,19380619,2,WAS09,v,WBS,0,1,0,regular,y,
WBS193806192,cainm101,PTC,3,1,value,7,,,0,0,,,,,,,19380619,2,WAS09,v,WBS,0,1,0,regular,y,
WBS193806192,burbb102,WBS,1,8,value,21,,,0,0,,,,,,1,19380619,2,WAS09,h,PTC,1,0,0,regular,y,
WBS193806192,sadlb101,WBS,1,6,value,21,,,0,2,,,,,,1,19380619,2,WAS09,h,PTC,1,0,0,regular,y,
WBS193806192,thomd104,WBS,1,3,value,21,,,0,1,,,,,,1,19380619,2,WAS09,h,PTC,1,0,0,regular,y,
WBS193806192,speah101,WBS,1,5,value,21,,,0,0,,,,,,1,19380619,2,WAS09,h,PTC,1,0,0,regular,y,
WBS193806192,wrigz102,WBS,1,9,value,21,,,0,0,,,,,,1,19380619,2,WAS09,h,PTC,1,0,0,regular,y,
WBS193806192,casem101,WBS,1,2,value,21,,,0,0,,,,,,1,19380619,2,WAS09,h,PTC,1,0,0,regular,y,
WBS193806192,andrj104,WBS,1,7,value,21,,,0,0,,,,,,1,19380619,2,WAS09,h,PTC,1,0,0,regular,y,
WBS193806192,hendc102,WBS,1,4,value,21,,,1,2,,,,,,1,19380619,2,WAS09,h,PTC,1,0,0,regular,y,
WBS193806192,robes104,WBS,1,1,value,21,,,0,0,,,,,,1,19380619,2,WAS09,h,PTC,1,0,0,regular,y,
PH5193806251,bensg101,PTC,1,8,value,26,1,0,0,0,0,,,,,1,19380625,1,PHI17,v,PH5,0,1,0,regular,y,d
PH5193806251,willc106,PTC,1,6,value,26,1,5,0,0,0,,,,,1,19380625,1,PHI17,v,PH5,0,1,0,regular,y,d
PH5193806251,wilsd103,PTC,1,9,value,26,1,0,0,0,0,,,,,1,19380625,1,PHI17,v,PH5,0,1,0,regular,y,d
PH5193806251,hairn101,PTC,1,7,value,26,1,0,0,0,0,,,,,1,19380625,1,PHI17,v,PH5,0,1,0,regular,y,d
PH5193806251,willh105,PTC,1,4,value,26,5,0,0,0,0,,,,,1,19380625,1,PHI17,v,PH5,0,1,0,regular,y,d
PH5193806251,washj102,PTC,1,3,value,26,9,0,0,0,0,,,,,1,19380625,1,PHI17,v,PH5,0,1,0,regular,y,d
PH5193806251,clarb101,PTC,1,5,value,26,0,2,0,0,0,,,,,1,19380625,1,PHI17,v,PH5,0,1,0,regular,y,d
PH5193806251,ruffl101,PTC,1,2,value,26,6,0,0,0,0,0,0,0,0,1,19380625,1,PHI17,v,PH5,0,1,0,regular,y,d
PH5193806251,matll101,PTC,1,1,value,26,2,1,0,0,0,,,,,1,19380625,1,PHI17,v,PH5,0,1,0,regular,y,d
PH5193806251,speac103,PH5,1,9,value,27,1,0,0,0,0,,,,,1,19380625,1,PHI17,h,PTC,1,0,0,regular,y,d
PH5193806251,parnr102,PH5,1,7,value,27,2,1,0,0,0,,,,,1,19380625,1,PHI17,h,PTC,1,0,0,regular,y,d
PH5193806251,dunnj104,PH5,1,6,value,27,0,7,0,0,0,,,,,1,19380625,1,PHI17,h,PTC,1,0,0,regular,y,d
PH5193806251,perkb101,PH5,1,2,value,27,1,1,0,0,0,0,0,0,0,1,19380625,1,PHI17,h,PTC,1,0,0,regular,y,d
PH5193806251,pattp102,PH5,1,4,value,27,7,5,0,0,0,,,,,1,19380625,1,PHI17,h,PTC,1,0,0,regular,y,d
PH5193806251,harrc104,PH5,1,3,value,27,14,0,0,0,0,,,,,1,19380625,1,PHI17,h,PTC,1,0,0,regular,y,d
PH5193806251,cread101,PH5,1,5,value,27,1,1,1,0,0,,,,,1,19380625,1,PHI17,h,PTC,1,0,0,regular,y,d
PH5193806251,dixop101,PH5,1,8,value,27,1,0,0,0,0,,,,,1,19380625,1,PHI17,h,PTC,1,0,0,regular,y,d
PH5193806251,mcheh101,PH5,1,1,value,27,0,1,0,0,0,,,,,1,19380625,1,PHI17,h,PTC,1,0,0,regular,y,d
PH5193806252,bensg101,PTC,1,8,value,21,2,0,0,0,0,,,,,1,19380625,2,PHI17,v,PH5,1,0,0,regular,y,d
PH5193806252,willc106,PTC,1,6,value,21,2,3,0,0,0,,,,,1,19380625,2,PHI17,v,PH5,1,0,0,regular,y,d
PH5193806252,wilsd103,PTC,1,9,value,21,2,0,0,0,0,,,,,1,19380625,2,PHI17,v,PH5,1,0,0,regular,y,d
PH5193806252,hairn101,PTC,1,7,value,21,1,0,0,0,0,,,,,1,19380625,2,PHI17,v,PH5,1,0,0,regular,y,d
PH5193806252,willh105,PTC,1,4,value,21,1,0,0,0,0,,,,,1,19380625,2,PHI17,v,PH5,1,0,0,regular,y,d
PH5193806252,washj102,PTC,1,3,value,21,1,0,0,0,0,,,,,1,19380625,2,PHI17,v,PH5,1,0,0,regular,y,d
PH5193806252,clarb101,PTC,1,5,value,21,12,3,0,0,0,,,,,1,19380625,2,PHI17,v,PH5,1,0,0,regular,y,d
PH5193806252,bassp101,PTC,1,2,value,21,0,1,0,0,0,0,0,0,0,1,19380625,2,PHI17,v,PH5,1,0,0,regular,y,d
PH5193806252,harvb101,PTC,1,1,value,21,0,2,0,0,0,,,,,1,19380625,2,PHI17,v,PH5,1,0,0,regular,y,d
PH5193806252,speac103,PH5,1,9,value,21,3,0,0,0,0,,,,,1,19380625,2,PHI17,h,PTC,0,1,0,regular,y,d
PH5193806252,parnr102,PH5,1,8,value,15,1,0,0,0,0,,,,,1,19380625,2,PHI17,h,PTC,0,1,0,regular,y,d
PH5193806252,dixop101,PH5,1,8,value,6,0,0,0,0,0,,,,,0,19380625,2,PHI17,h,PTC,0,1,0,regular,y,d
PH5193806252,dunnj104,PH5,1,6,value,21,1,2,0,0,0,,,,,1,19380625,2,PHI17,h,PTC,0,1,0,regular,y,d
PH5193806252,perkb101,PH5,1,2,value,21,3,1,0,0,0,0,0,0,0,1,19380625,2,PHI17,h,PTC,0,1,0,regular,y,d
PH5193806252,wilsj106,PH5,1,5,value,21,0,0,0,0,0,,,,,1,19380625,2,PHI17,h,PTC,0,1,0,regular,y,d
PH5193806252,harrc104,PH5,1,7,value,21,2,0,0,0,0,,,,,1,19380625,2,PHI17,h,PTC,0,1,0,regular,y,d
PH5193806252,pattp102,PH5,1,4,value,21,4,1,0,0,0,,,,,1,19380625,2,PHI17,h,PTC,0,1,0,regular,y,d
PH5193806252,gileg101,PH5,1,3,value,21,7,0,0,0,0,,,,,1,19380625,2,PHI17,h,PTC,0,1,0,regular,y,d
PH5193806252,millh104,PH5,1,1,value,21,0,2,0,0,0,,,,,1,19380625,2,PHI17,h,PTC,0,1,0,regular,y,d
NY5193806262,bensg101,PTC,1,8,value,15,1,0,0,0,0,,,,,1,19380626,2,NYC16,v,NY5,1,0,0,regular,y,d
NY5193806262,willc106,PTC,1,6,value,15,0,4,0,1,0,,,,,1,19380626,2,NYC16,v,NY5,1,0,0,regular,y,d
NY5193806262,wilsd103,PTC,1,9,value,15,0,0,0,0,0,,,,,1,19380626,2,NYC16,v,NY5,1,0,0,regular,y,d
NY5193806262,hairn101,PTC,1,7,value,15,1,0,0,0,0,,,,,1,19380626,2,NYC16,v,NY5,1,0,0,regular,y,d
NY5193806262,willh105,PTC,1,4,value,15,3,2,0,1,0,,,,,1,19380626,2,NYC16,v,NY5,1,0,0,regular,y,d
NY5193806262,washj102,PTC,1,3,value,15,5,0,0,1,0,,,,,1,19380626,2,NYC16,v,NY5,1,0,0,regular,y,d
NY5193806262,clarb101,PTC,1,5,value,15,1,0,0,0,0,,,,,1,19380626,2,NYC16,v,NY5,1,0,0,regular,y,d
NY5193806262,ruffl101,PTC,1,2,value,15,4,1,0,0,0,1,0,0,1,1,19380626,2,NYC16,v,NY5,1,0,0,regular,y,d
NY5193806262,taylj108,PTC,1,1,value,15,0,0,0,0,0,,,,,1,19380626,2,NYC16,v,NY5,1,0,0,regular,y,d
NY5193806262,barkm101,NY5,1,5,value,15,0,0,1,0,0,,,,,1,19380626,2,NYC16,h,PTC,0,1,0,regular,y,d
NY5193806262,jenkf102,NY5,1,7,value,15,1,0,0,0,0,,,,,1,19380626,2,NYC16,h,PTC,0,1,0,regular,y,d
NY5193806262,browb107,NY5,1,9,value,15,3,0,0,0,0,,,,,1,19380626,2,NYC16,h,PTC,0,1,0,regular,y,d
NY5193806262,thomc103,NY5,1,8,value,15,4,0,0,0,0,,,,,1,19380626,2,NYC16,h,PTC,0,1,0,regular,y,d
NY5193806262,cannw101,NY5,1,6,value,15,0,2,1,0,0,,,,,1,19380626,2,NYC16,h,PTC,0,1,0,regular,y,d
NY5193806262,starj102,NY5,1,3,value,15,2,0,0,0,0,,,,,1,19380626,2,NYC16,h,PTC,0,1,0,regular,y,d
NY5193806262,campd103,NY5,1,4,value,15,1,0,1,0,0,,,,,1,19380626,2,NYC16,h,PTC,0,1,0,regular,y,d
NY5193806262,clarb107,NY5,1,2,value,15,4,0,0,0,0,0,0,0,0,1,19380626,2,NYC16,h,PTC,0,1,0,regular,y,d
NY5193806262,stann101,NY5,1,1,value,12,0,0,0,0,0,,,,,1,19380626,2,NYC16,h,PTC,0,1,0,regular,y,d
NY5193806262,hollb106,NY5,1,1,value,3,0,0,0,0,0,,,,,0,19380626,2,NYC16,h,PTC,0,1,0,regular,y,d
PH5193806300,ruffl101,PTC,1,2,value,24,,,,,,,,,,1,19380630,0,PHI17,v,PH5,1,0,0,regular,,
PH5193806300,taylj108,PTC,1,1,value,24,,,,,,,,,,1,19380630,0,PHI17,v,PH5,1,0,0,regular,,
PH5193806300,perkb101,PH5,1,2,value,24,,,,,,,,,,1,19380630,0,PHI17,h,PTC,0,1,0,regular,,
PH5193806300,mcdow101,PH5,1,1,value,24,,,,,,,,,,1,19380630,0,PHI17,h,PTC,0,1,0,regular,,
PTC193807021,partr102,HOM,1,1,value,,,,,,,,,,,1,19380702,1,MSN01,v,PTC,1,0,0,regular,,
PTC193807021,walke103,HOM,2,1,value,,,,,,,,,,,,19380702,1,MSN01,v,PTC,1,0,0,regular,,
PTC193807021,gibsj101,HOM,1,2,value,27,,,,,,,,,,1,19380702,1,MSN01,v,PTC,1,0,0,regular,,
PTC193807021,smitt105,PTC,1,1,value,27,,,,,,,,,,1,19380702,1,MSN01,h,HOM,0,1,0,regular,,
PTC193807021,bassp101,PTC,1,2,value,27,,,,,,,,,,1,19380702,1,MSN01,h,HOM,0,1,0,regular,,
PTC193807022,parkt101,HOM,1,1,value,27,,,,,,,,,,1,19380702,2,GRE04,v,PTC,1,0,0,regular,,
PTC193807022,gibsj101,HOM,1,2,value,27,,,,,,,,,,1,19380702,2,GRE04,v,PTC,1,0,0,regular,,
PTC193807022,morrb104,PTC,1,1,value,,,,,,,,,,,1,19380702,2,GRE04,h,HOM,0,1,0,regular,,
PTC193807022,cainm101,PTC,2,1,value,,,,,,,,,,,,19380702,2,GRE04,h,HOM,0,1,0,regular,,
PTC193807022,ruffl101,PTC,1,2,value,,,,,,,,,,,1,19380702,2,GRE04,h,HOM,0,1,0,regular,,
HOM193807031,bensg101,PTC,1,8,value,24,0,0,0,0,,,,,,1,19380703,1,CLE07,v,HOM,0,1,0,regular,y,
HOM193807031,willc106,PTC,1,6,value,24,4,6,1,1,,,,,,1,19380703,1,CLE07,v,HOM,0,1,0,regular,y,
HOM193807031,wilsd103,PTC,1,9,value,24,2,0,0,0,,,,,,1,19380703,1,CLE07,v,HOM,0,1,0,regular,y,
HOM193807031,hairn101,PTC,1,7,value,24,0,0,0,0,,,,,,1,19380703,1,CLE07,v,HOM,0,1,0,regular,y,
HOM193807031,willh105,PTC,1,4,value,24,1,4,0,0,,,,,,1,19380703,1,CLE07,v,HOM,0,1,0,regular,y,
HOM193807031,washj102,PTC,1,3,value,24,13,0,0,1,,,,,,1,19380703,1,CLE07,v,HOM,0,1,0,regular,y,
HOM193807031,clarb101,PTC,1,5,value,24,1,1,1,0,,,,,,1,19380703,1,CLE07,v,HOM,0,1,0,regular,y,
HOM193807031,banks101,PTC,1,5,value,24,0,1,0,0,,,,,,,19380703,1,CLE07,v,HOM,0,1,0,regular,y,
HOM193807031,ruffl101,PTC,1,2,value,24,3,1,0,1,,,,1,,1,19380703,1,CLE07,v,HOM,0,1,0,regular,y,
HOM193807031,taylj108,PTC,1,1,value,,0,0,0,0,,,,,,1,19380703,1,CLE07,v,HOM,0,1,0,regular,y,
HOM193807031,cainm101,PTC,1,1,value,,0,0,0,0,,,,,,,19380703,1,CLE07,v,HOM,0,1,0,regular,y,
HOM193807031,smitt105,PTC,1,1,value,,0,1,0,0,,,,,,,19380703,1,CLE07,v,HOM,0,1,0,regular,y,
HOM193807031,benjj101,HOM,1,8,value,27,1,0,0,0,,,,,,1,19380703,1,CLE07,h,PTC,1,0,0,regular,y,
HOM193807031,carlm101,HOM,1,4,value,27,1,4,0,0,,,,,,1,19380703,1,CLE07,h,PTC,1,0,0,regular,y,
HOM193807031,harrv102,HOM,1,7,value,27,0,0,0,0,,,,,,1,19380703,1,CLE07,h,PTC,1,0,0,regular,y,
HOM193807031,gibsj101,HOM,1,2,value,27,2,0,0,0,,,,0,,1,19380703,1,CLE07,h,PTC,1,0,0,regular,y,
HOM193807031,leonb101,HOM,1,3,value,27,18,0,0,0,,,,,,1,19380703,1,CLE07,h,PTC,1,0,0,regular,y,
HOM193807031,willj110,HOM,1,9,value,27,3,0,0,0,,,,,,1,19380703,1,CLE07,h,PTC,1,0,0,regular,y,
HOM193807031,johnj112,HOM,1,5,value,27,1,5,1,0,,,,,,1,19380703,1,CLE07,h,PTC,1,0,0,regular,y,
HOM193807031,jackj104,HOM,1,6,value,27,1,5,2,0,,,,,,1,19380703,1,CLE07,h,PTC,1,0,0,regular,y,
HOM193807031,hannl102,HOM,1,1,value,,0,2,0,0,,,,,,1,19380703,1,CLE07,h,PTC,1,0,0,regular,y,
HOM193807031,welmr101,HOM,1,1,value,,0,0,0,0,,,,,,,19380703,1,CLE07,h,PTC,1,0,0,regular,y,
HOM193807032,bensg101,PTC,1,9,value,18,,,,,,,,,,1,19380703,2,CLE07,v,HOM,0,1,0,regular,y,
HOM193807032,banks101,PTC,1,8,value,18,,,,,,,,,,1,19380703,2,CLE07,v,HOM,0,1,0,regular,y,
HOM193807032,wilsd103,PTC,1,5,value,18,,,,,,,,,,1,19380703,2,CLE07,v,HOM,0,1,0,regular,y,
HOM193807032,hairn101,PTC,1,7,value,,,,,,,,,,,1,19380703,2,CLE07,v,HOM,0,1,0,regular,y,
HOM193807032,clarb101,PTC,1,7,value,,,,,,,,,,,,19380703,2,CLE07,v,HOM,0,1,0,regular,y,
HOM193807032,willh105,PTC,1,4,value,18,,,,,,,,,,1,19380703,2,CLE07,v,HOM,0,1,0,regular,y,
HOM193807032,washj102,PTC,1,3,value,18,,,,,,,,,,1,19380703,2,CLE07,v,HOM,0,1,0,regular,y,
HOM193807032,willc106,PTC,1,6,value,18,,,,,,,,,,1,19380703,2,CLE07,v,HOM,0,1,0,regular,y,
HOM193807032,bassp101,PTC,1,2,value,18,,,,,,,,,,1,19380703,2,CLE07,v,HOM,0,1,0,regular,y,
HOM193807032,harvb101,PTC,1,1,value,18,,,,,,,,,,1,19380703,2,CLE07,v,HOM,0,1,0,regular,y,
HOM193807032,benjj101,HOM,1,8,value,21,,,,,,,,,,1,19380703,2,CLE07,h,PTC,1,0,0,regular,y,
HOM193807032,carlm101,HOM,1,4,value,21,,,,,,,,,,1,19380703,2,CLE07,h,PTC,1,0,0,regular,y,
HOM193807032,harrv102,HOM,1,7,value,21,,,,,,,,,,1,19380703,2,CLE07,h,PTC,1,0,0,regular,y,
HOM193807032,gibsj101,HOM,1,2,value,21,,,,,,,,,,1,19380703,2,CLE07,h,PTC,1,0,0,regular,y,
HOM193807032,leonb101,HOM,1,3,value,21,,,,,,,,,,1,19380703,2,CLE07,h,PTC,1,0,0,regular,y,
HOM193807032,willj110,HOM,1,9,value,21,,,,,,,,,,1,19380703,2,CLE07,h,PTC,1,0,0,regular,y,
HOM193807032,johnj112,HOM,1,5,value,21,,,,,,,,,,1,19380703,2,CLE07,h,PTC,1,0,0,regular,y,
HOM193807032,jackj104,HOM,1,6,value,21,,,,,,,,,,1,19380703,2,CLE07,h,PTC,1,0,0,regular,y,
HOM193807032,walke103,HOM,1,1,value,21,,,,,,,,,,1,19380703,2,CLE07,h,PTC,1,0,0,regular,y,
PTC193807041,benjj101,HOM,1,8,value,27,1,0,0,0,,,,,,1,19380704,1,PIT09,v,PTC,1,0,0,regular,y,
PTC193807041,carlm101,HOM,1,4,value,27,3,7,1,0,,,,,,1,19380704,1,PIT09,v,PTC,1,0,0,regular,y,
PTC193807041,harrv102,HOM,1,7,value,27,1,0,0,0,,,,,,1,19380704,1,PIT09,v,PTC,1,0,0,regular,y,
PTC193807041,gibsj101,HOM,1,2,value,27,7,0,1,0,,,,,,1,19380704,1,PIT09,v,PTC,1,0,0,regular,y,
PTC193807041,leonb101,HOM,1,3,value,27,12,0,0,1,,,,,,1,19380704,1,PIT09,v,PTC,1,0,0,regular,y,
PTC193807041,willj110,HOM,1,9,value,27,1,0,0,0,,,,,,1,19380704,1,PIT09,v,PTC,1,0,0,regular,y,
PTC193807041,johnj112,HOM,1,5,value,27,0,0,0,0,,,,,,1,19380704,1,PIT09,v,PTC,1,0,0,regular,y,
PTC193807041,jackj104,HOM,1,6,value,27,2,4,0,1,,,,,,1,19380704,1,PIT09,v,PTC,1,0,0,regular,y,
PTC193807041,browr103,HOM,1,1,value,27,0,2,0,1,,,,,,1,19380704,1,PIT09,v,PTC,1,0,0,regular,y,
PTC193807041,bensg101,PTC,1,8,value,27,3,0,0,0,,,,,,1,19380704,1,PIT09,h,HOM,0,1,0,regular,y,
PTC193807041,harvb101,PTC,1,7,value,27,0,0,2,0,,,,,,1,19380704,1,PIT09,h,HOM,0,1,0,regular,y,
PTC193807041,wilsd103,PTC,1,9,value,27,1,0,0,0,,,,,,1,19380704,1,PIT09,h,HOM,0,1,0,regular,y,
PTC193807041,willh105,PTC,1,4,value,27,2,3,1,0,,,,,,1,19380704,1,PIT09,h,HOM,0,1,0,regular,y,
PTC193807041,washj102,PTC,1,3,value,27,11,1,0,0,,,,,,1,19380704,1,PIT09,h,HOM,0,1,0,regular,y,
PTC193807041,willc106,PTC,1,6,value,27,1,2,1,0,,,,,,1,19380704,1,PIT09,h,HOM,0,1,0,regular,y,
PTC193807041,bassp101,PTC,1,2,value,27,8,0,0,0,,,,,,1,19380704,1,PIT09,h,HOM,0,1,0,regular,y,
PTC193807041,clarb101,PTC,1,5,value,27,0,2,0,0,,,,,,1,19380704,1,PIT09,h,HOM,0,1,0,regular,y,
PTC193807041,matll101,PTC,1,1,value,27,1,2,0,0,,,,,,1,19380704,1,PIT09,h,HOM,0,1,0,regular,y,
PTC193807042,partr102,HOM,1,1,value,21,,,,,,,,,,1,19380704,2,PIT09,v,PTC,1,0,0,regular,,
PTC193807042,gibsj101,HOM,1,2,value,21,,,,,,,,,,,19380704,2,PIT09,v,PTC,1,0,0,regular,,
PTC193807042,taylj108,PTC,1,1,value,21,,,,,,,,,,1,19380704,2,PIT09,h,HOM,0,1,0,regular,,
PTC193807042,ruffl101,PTC,1,2,value,21,,,,,,,,,,,19380704,2,PIT09,h,HOM,0,1,0,regular,,
NY5193807090,bensg101,PTC,1,8,value,27,2,0,0,0,0,,,,,1,19380709,0,PAT01,v,NY5,1,0,0,regular,y,d
NY5193807090,clarb101,PTC,1,5,value,27,2,2,0,0,0,,,,,1,19380709,0,PAT01,v,NY5,1,0,0,regular,y,d
NY5193807090,wilsd103,PTC,1,7,value,27,2,0,0,0,0,,,,,1,19380709,0,PAT01,v,NY5,1,0,0,regular,y,d
NY5193807090,willh105,PTC,1,4,value,27,2,8,0,3,0,,,,,1,19380709,0,PAT01,v,NY5,1,0,0,regular,y,d
NY5193807090,bassp101,PTC,1,3,value,27,8,1,0,4,0,,,,,1,19380709,0,PAT01,v,NY5,1,0,0,regular,y,d
NY5193807090,ruffl101,PTC,1,2,value,27,4,0,0,0,0,0,0,0,0,1,19380709,0,PAT01,v,NY5,1,0,0,regular,y,d
NY5193807090,smitt105,PTC,1,9,value,27,0,0,0,0,0,,,,,1,19380709,0,PAT01,v,NY5,1,0,0,regular,y,d
NY5193807090,willc106,PTC,1,6,value,27,7,5,0,4,0,,,,,1,19380709,0,PAT01,v,NY5,1,0,0,regular,y,d
NY5193807090,harvb101,PTC,1,1,value,27,0,5,0,1,0,,,,,1,19380709,0,PAT01,v,NY5,1,0,0,regular,y,d
NY5193807090,campd103,NY5,1,4,value,27,4,4,0,0,0,,,,,1,19380709,0,PAT01,h,PTC,0,1,0,regular,y,d
NY5193807090,barkm101,NY5,1,8,value,27,1,0,0,0,0,,,,,1,19380709,0,PAT01,h,PTC,0,1,0,regular,y,d
NY5193807090,speah101,NY5,1,5,value,27,3,3,0,0,0,,,,,1,19380709,0,PAT01,h,PTC,0,1,0,regular,y,d
NY5193807090,chrit101,NY5,1,2,value,24,5,0,1,0,0,0,0,1,0,1,19380709,0,PAT01,h,PTC,0,1,0,regular,y,d
NY5193807090,chrit101,NY5,2,9,value,3,0,0,0,0,0,,,,,0,19380709,0,PAT01,h,PTC,0,1,0,regular,y,d
NY5193807090,jenkf102,NY5,1,7,value,27,0,0,0,0,0,,,,,1,19380709,0,PAT01,h,PTC,0,1,0,regular,y,d
NY5193807090,cannw101,NY5,1,3,value,17,8,4,0,0,0,,,,,1,19380709,0,PAT01,h,PTC,0,1,0,regular,y,d
NY5193807090,cannw101,NY5,2,1,value,10,0,0,0,0,0,,,,,0,19380709,0,PAT01,h,PTC,0,1,0,regular,y,d
NY5193807090,currg102,NY5,1,9,value,24,0,0,0,0,0,,,,,1,19380709,0,PAT01,h,PTC,0,1,0,regular,y,d
NY5193807090,johnj109,NY5,1,2,value,3,0,0,0,0,0,0,0,0,0,0,19380709,0,PAT01,h,PTC,0,1,0,regular,y,d
NY5193807090,mornl101,NY5,1,6,value,27,2,4,1,0,0,,,,,1,19380709,0,PAT01,h,PTC,0,1,0,regular,y,d
NY5193807090,wiggr101,NY5,1,1,value,15,0,3,1,0,0,,,,,1,19380709,0,PAT01,h,PTC,0,1,0,regular,y,d
NY5193807090,sumrw101,NY5,1,1,value,2,0,0,0,0,0,,,,,0,19380709,0,PAT01,h,PTC,0,1,0,regular,y,d
NY5193807090,browb107,NY5,1,3,value,10,4,1,0,0,0,,,,,0,19380709,0,PAT01,h,PTC,0,1,0,regular,y,d
NW2193807101,gileg101,PTC,1,3,value,27,7,0,0,0,0,,,,,1,19380710,1,NWK04,v,NW2,1,0,0,regular,y,d
NW2193807101,bensg101,PTC,1,8,value,27,1,0,1,0,0,,,,,1,19380710,1,NWK04,v,NW2,1,0,0,regular,y,d
NW2193807101,wilsd103,PTC,1,7,value,27,3,0,0,0,0,,,,,1,19380710,1,NWK04,v,NW2,1,0,0,regular,y,d
NW2193807101,willh105,PTC,1,4,value,27,4,1,0,0,0,,,,,1,19380710,1,NWK04,v,NW2,1,0,0,regular,y,d
NW2193807101,clarb101,PTC,1,6,value,27,1,4,0,0,0,,,,,1,19380710,1,NWK04,v,NW2,1,0,0,regular,y,d
NW2193807101,ruffl101,PTC,1,2,value,27,9,1,0,0,0,0,2,1,0,1,19380710,1,NWK04,v,NW2,1,0,0,regular,y,d
NW2193807101,smitt105,PTC,1,9,value,27,1,0,0,0,0,,,,,1,19380710,1,NWK04,v,NW2,1,0,0,regular,y,d
NW2193807101,smitc111,PTC,1,5,value,27,1,3,0,0,0,,,,,1,19380710,1,NWK04,v,NW2,1,0,0,regular,y,d
NW2193807101,taylj108,PTC,1,1,value,27,0,4,1,0,0,,,,,1,19380710,1,NWK04,v,NW2,1,0,0,regular,y,d
NW2193807101,seayd101,NW2,1,4,value,27,1,3,0,0,0,,,,,1,19380710,1,NWK04,h,PTC,0,1,0,regular,y,d
NW2193807101,crutj101,NW2,1,8,value,27,5,0,0,0,0,,,,,1,19380710,1,NWK04,h,PTC,0,1,0,regular,y,d
NW2193807101,wellw101,NW2,1,6,value,27,3,2,0,0,0,,,,,1,19380710,1,NWK04,h,PTC,0,1,0,regular,y,d
NW2193807101,stone101,NW2,1,9,value,27,1,0,0,0,0,,,,,1,19380710,1,NWK04,h,PTC,0,1,0,regular,y,d
NW2193807101,suttm101,NW2,1,3,value,27,12,0,0,0,0,,,,,1,19380710,1,NWK04,h,PTC,0,1,0,regular,y,d
NW2193807101,dandr101,NW2,1,5,value,27,0,6,1,0,0,,,,,1,19380710,1,NWK04,h,PTC,0,1,0,regular,y,d
NW2193807101,pearl102,NW2,1,7,value,27,2,0,0,0,0,,,,,1,19380710,1,NWK04,h,PTC,0,1,0,regular,y,d
NW2193807101,browj113,NW2,1,2,value,15,0,0,2,0,0,0,0,2,0,1,19380710,1,NWK04,h,PTC,0,1,0,regular,y,d
NW2193807101,hayej104,NW2,1,2,value,12,3,1,0,0,0,0,0,0,0,0,19380710,1,NWK04,h,PTC,0,1,0,regular,y,d
NW2193807101,mcdut101,NW2,1,1,value,9,0,0,0,0,0,,,,,1,19380710,1,NWK04,h,PTC,0,1,0,regular,y,d
NW2193807101,browj112,NW2,1,1,value,18,0,1,0,0,0,,,,,0,19380710,1,NWK04,h,PTC,0,1,0,regular,y,d
NW2193807102,gileg101,PTC,1,3,value,21,7,0,0,1,0,,,,,1,19380710,2,NWK04,v,NW2,1,0,0,regular,y,d
NW2193807102,bensg101,PTC,1,8,value,21,3,1,0,0,0,,,,,1,19380710,2,NWK04,v,NW2,1,0,0,regular,y,d
NW2193807102,wilsd103,PTC,1,7,value,21,0,0,0,0,0,,,,,1,19380710,2,NWK04,v,NW2,1,0,0,regular,y,d
NW2193807102,willh105,PTC,1,4,value,21,2,3,0,1,0,,,,,1,19380710,2,NWK04,v,NW2,1,0,0,regular,y,d
NW2193807102,clarb101,PTC,1,6,value,21,1,1,0,1,0,,,,,1,19380710,2,NWK04,v,NW2,1,0,0,regular,y,d
NW2193807102,bassp101,PTC,1,2,value,21,3,1,0,0,0,0,0,0,0,1,19380710,2,NWK04,v,NW2,1,0,0,regular,y,d
NW2193807102,smitt105,PTC,1,9,value,21,1,0,0,0,0,,,,,1,19380710,2,NWK04,v,NW2,1,0,0,regular,y,d
NW2193807102,smitc111,PTC,1,5,value,21,3,0,0,0,0,,,,,1,19380710,2,NWK04,v,NW2,1,0,0,regular,y,d
NW2193807102,matll101,PTC,1,1,value,15,1,1,1,0,0,,,,,1,19380710,2,NWK04,v,NW2,1,0,0,regular,y,d
NW2193807102,taylj108,PTC,1,1,value,6,0,0,0,0,0,,,,,0,19380710,2,NWK04,v,NW2,1,0,0,regular,y,d
NW2193807102,seayd101,NW2,1,4,value,21,3,1,0,0,0,,,,,1,19380710,2,NWK04,h,PTC,0,1,0,regular,y,d
NW2193807102,crutj101,NW2,1,8,value,21,3,0,0,0,0,,,,,1,19380710,2,NWK04,h,PTC,0,1,0,regular,y,d
NW2193807102,wellw101,NW2,1,6,value,21,1,3,0,0,0,,,,,1,19380710,2,NWK04,h,PTC,0,1,0,regular,y,d
NW2193807102,stone101,NW2,1,9,value,21,2,0,0,0,0,,,,,1,19380710,2,NWK04,h,PTC,0,1,0,regular,y,d
NW2193807102,suttm101,NW2,1,3,value,21,4,0,0,0,0,,,,,1,19380710,2,NWK04,h,PTC,0,1,0,regular,y,d
NW2193807102,dandr101,NW2,1,5,value,21,0,0,1,0,0,,,,,1,19380710,2,NWK04,h,PTC,0,1,0,regular,y,d
NW2193807102,pearl102,NW2,1,7,value,21,1,0,0,0,0,,,,,1,19380710,2,NWK04,h,PTC,0,1,0,regular,y,d
NW2193807102,hayej104,NW2,1,2,value,21,7,0,0,0,0,0,0,2,0,1,19380710,2,NWK04,h,PTC,0,1,0,regular,y,d
NW2193807102,davir103,NW2,1,1,value,21,0,0,0,0,0,,,,,1,19380710,2,NWK04,h,PTC,0,1,0,regular,y,d
PTC193807120,millh104,PH5,1,1,value,24,24,,,,,,,,,1,19380712,0,CLE07,v,PTC,0,1,0,exhibition,,
PTC193807120,matll101,PTC,1,1,value,21,,,,,,,,,,1,19380712,0,CLE07,h,PH5,1,0,0,exhibition,,
PTC193807130,speac103,PH5,1,9,value,27,1,0,0,0,0,,,,,1,19380713,0,CHA02,v,PTC,1,0,0,regular,y,d
PTC193807130,parnr102,PH5,1,7,value,27,3,0,0,0,0,,,,,1,19380713,0,CHA02,v,PTC,1,0,0,regular,y,d
PTC193807130,dunnj104,PH5,1,8,value,27,4,0,0,0,0,,,,,1,19380713,0,CHA02,v,PTC,1,0,0,regular,y,d
PTC193807130,pattp102,PH5,1,4,value,27,3,6,0,0,0,,,,,1,19380713,0,CHA02,v,PTC,1,0,0,regular,y,d
PTC193807130,perkb101,PH5,1,2,value,27,1,0,0,0,0,0,0,0,0,1,19380713,0,CHA02,v,PTC,1,0,0,regular,y,d
PTC193807130,harrc104,PH5,1,6,value,27,3,6,0,0,0,,,,,1,19380713,0,CHA02,v,PTC,1,0,0,regular,y,d
PTC193807130,jones107,PH5,1,3,value,27,12,0,0,0,0,,,,,1,19380713,0,CHA02,v,PTC,1,0,0,regular,y,d
PTC193807130,cread101,PH5,1,5,value,27,0,0,0,0,0,,,,,1,19380713,0,CHA02,v,PTC,1,0,0,regular,y,d
PTC193807130,mcheh101,PH5,1,1,value,27,0,3,0,0,0,,,,,1,19380713,0,CHA02,v,PTC,1,0,0,regular,y,d
PTC193807130,gileg101,PTC,1,3,value,27,8,1,0,1,0,,,,,1,19380713,0,CHA02,h,PH5,0,1,0,regular,y,d
PTC193807130,bensg101,PTC,1,8,value,27,4,0,0,0,0,,,,,1,19380713,0,CHA02,h,PH5,0,1,0,regular,y,d
PTC193807130,wilsd103,PTC,1,9,value,27,0,0,0,0,0,,,,,1,19380713,0,CHA02,h,PH5,0,1,0,regular,y,d
PTC193807130,hairn101,PTC,1,7,value,27,6,0,0,0,0,,,,,1,19380713,0,CHA02,h,PH5,0,1,0,regular,y,d
PTC193807130,willh105,PTC,1,4,value,27,2,3,0,1,0,,,,,1,19380713,0,CHA02,h,PH5,0,1,0,regular,y,d
PTC193807130,banks101,PTC,1,6,value,27,2,3,0,1,0,,,,,1,19380713,0,CHA02,h,PH5,0,1,0,regular,y,d
PTC193807130,clarb101,PTC,1,5,value,27,0,1,0,0,0,,,,,1,19380713,0,CHA02,h,PH5,0,1,0,regular,y,d
PTC193807130,ruffl101,PTC,1,2,value,27,5,2,0,0,0,0,0,0,0,1,19380713,0,CHA02,h,PH5,0,1,0,regular,y,d
PTC193807130,mincp101,PTC,1,1,value,11,0,1,0,0,0,,,,,1,19380713,0,CHA02,h,PH5,0,1,0,regular,y,d
PTC193807130,smitt105,PTC,1,1,value,16,0,0,0,0,0,,,,,0,19380713,0,CHA02,h,PH5,0,1,0,regular,y,d
PH5193807161,gileg101,PTC,1,3,value,27,9,0,0,0,0,,,,,1,19380716,1,PHI17,v,PH5,1,0,0,regular,y,d
PH5193807161,wilsd103,PTC,1,9,value,27,3,0,0,0,0,,,,,1,19380716,1,PHI17,v,PH5,1,0,0,regular,y,d
PH5193807161,banks101,PTC,1,8,value,27,2,1,0,0,0,,,,,1,19380716,1,PHI17,v,PH5,1,0,0,regular,y,d
PH5193807161,hairn101,PTC,1,7,value,27,0,0,0,0,0,,,,,1,19380716,1,PHI17,v,PH5,1,0,0,regular,y,d
PH5193807161,willh105,PTC,1,4,value,27,4,4,0,0,0,,,,,1,19380716,1,PHI17,v,PH5,1,0,0,regular,y,d
PH5193807161,clarb101,PTC,1,5,value,27,2,0,2,0,0,,,,,1,19380716,1,PHI17,v,PH5,1,0,0,regular,y,d
PH5193807161,willc106,PTC,1,6,value,27,3,4,0,0,0,,,,,1,19380716,1,PHI17,v,PH5,1,0,0,regular,y,d
PH5193807161,bassp101,PTC,1,2,value,27,4,2,1,0,0,0,0,0,0,1,19380716,1,PHI17,v,PH5,1,0,0,regular,y,d
PH5193807161,smitt105,PTC,1,1,value,27,0,2,0,0,0,,,,,1,19380716,1,PHI17,v,PH5,1,0,0,regular,y,d
PH5193807161,speac103,PH5,1,9,value,27,2,0,0,0,0,,,,,1,19380716,1,PHI17,h,PTC,0,1,0,regular,y,d
PH5193807161,parnr102,PH5,1,7,value,27,0,0,0,0,0,,,,,1,19380716,1,PHI17,h,PTC,0,1,0,regular,y,d
PH5193807161,bensg101,PH5,1,8,value,27,3,0,0,0,0,,,,,1,19380716,1,PHI17,h,PTC,0,1,0,regular,y,d
PH5193807161,pattp102,PH5,1,4,value,27,1,2,1,0,0,,,,,1,19380716,1,PHI17,h,PTC,0,1,0,regular,y,d
PH5193807161,dunnj104,PH5,1,6,value,27,4,1,0,0,0,,,,,1,19380716,1,PHI17,h,PTC,0,1,0,regular,y,d
PH5193807161,perkb101,PH5,1,2,value,27,10,1,0,0,0,0,0,0,0,1,19380716,1,PHI17,h,PTC,0,1,0,regular,y,d
PH5193807161,harrc104,PH5,1,3,value,27,6,0,1,0,0,,,,,1,19380716,1,PHI17,h,PTC,0,1,0,regular,y,d
PH5193807161,cread101,PH5,1,5,value,27,1,2,1,0,0,,,,,1,19380716,1,PHI17,h,PTC,0,1,0,regular,y,d
PH5193807161,carts102,PH5,1,1,value,24,0,0,0,0,0,,,,,1,19380716,1,PHI17,h,PTC,0,1,0,regular,y,d
PH5193807161,jones107,PH5,1,1,value,3,0,0,0,0,0,,,,,0,19380716,1,PHI17,h,PTC,0,1,0,regular,y,d
PH5193807162,gileg101,PTC,1,3,value,18,8,0,0,0,0,,,,,1,19380716,2,PHI17,v,PH5,0,1,0,regular,y,d
PH5193807162,wilsd103,PTC,1,9,value,18,1,0,0,0,0,,,,,1,19380716,2,PHI17,v,PH5,0,1,0,regular,y,d
PH5193807162,banks101,PTC,1,8,value,18,3,0,0,0,0,,,,,1,19380716,2,PHI17,v,PH5,0,1,0,regular,y,d
PH5193807162,hairn101,PTC,1,7,value,18,0,0,0,0,0,,,,,1,19380716,2,PHI17,v,PH5,0,1,0,regular,y,d
PH5193807162,willh105,PTC,1,4,value,18,2,2,0,0,0,,,,,1,19380716,2,PHI17,v,PH5,0,1,0,regular,y,d
PH5193807162,clarb101,PTC,1,5,value,18,0,1,0,0,0,,,,,1,19380716,2,PHI17,v,PH5,0,1,0,regular,y,d
PH5193807162,willc106,PTC,1,6,value,18,2,3,1,0,0,,,,,1,19380716,2,PHI17,v,PH5,0,1,0,regular,y,d
PH5193807162,ruffl101,PTC,1,2,value,18,2,0,0,0,0,0,0,0,0,1,19380716,2,PHI17,v,PH5,0,1,0,regular,y,d
PH5193807162,harvb101,PTC,1,1,value,2,0,0,0,0,0,,,,,1,19380716,2,PHI17,v,PH5,0,1,0,regular,y,d
PH5193807162,morrb104,PTC,1,1,value,16,0,0,0,0,0,,,,,0,19380716,2,PHI17,v,PH5,0,1,0,regular,y,d
PH5193807162,speac103,PH5,1,9,value,21,2,0,0,0,0,,,,,1,19380716,2,PHI17,h,PTC,1,0,0,regular,y,d
PH5193807162,parnr102,PH5,1,7,value,21,4,0,0,0,0,,,,,1,19380716,2,PHI17,h,PTC,1,0,0,regular,y,d
PH5193807162,dunnj104,PH5,1,6,value,21,4,1,1,0,0,,,,,1,19380716,2,PHI17,h,PTC,1,0,0,regular,y,d
PH5193807162,bensg101,PH5,1,8,value,21,2,0,0,0,0,,,,,1,19380716,2,PHI17,h,PTC,1,0,0,regular,y,d
PH5193807162,perkb101,PH5,1,2,value,21,4,1,0,0,0,0,0,0,0,1,19380716,2,PHI17,h,PTC,1,0,0,regular,y,d
PH5193807162,pattp102,PH5,1,4,value,21,1,2,0,0,0,,,,,1,19380716,2,PHI17,h,PTC,1,0,0,regular,y,d
PH5193807162,harrc104,PH5,1,3,value,21,4,1,1,0,0,,,,,1,19380716,2,PHI17,h,PTC,1,0,0,regular,y,d
PH5193807162,cread101,PH5,1,5,value,21,0,0,0,0,0,,,,,1,19380716,2,PHI17,h,PTC,1,0,0,regular,y,d
PH5193807162,brutj101,PH5,1,1,value,21,0,4,0,0,0,,,,,1,19380716,2,PHI17,h,PTC,1,0,0,regular,y,d
BLG193807171,taylj108,PTC,1,1,value,27,,,,,,,,,,1,19380717,1,BAL14,v,BLG,1,0,0,regular,,
NY5193807312,gileg101,PTC,1,3,value,27,0,0,0,0,0,,,,,1,19380731,2,WAS09,v,NY5,1,0,0,regular,y,d
NY5193807312,wilsd103,PTC,1,5,value,27,0,0,0,0,0,,,,,1,19380731,2,WAS09,v,NY5,1,0,0,regular,y,d
NY5193807312,banks101,PTC,1,8,value,27,0,0,0,0,0,,,,,1,19380731,2,WAS09,v,NY5,1,0,0,regular,y,d
NY5193807312,hairn101,PTC,1,7,value,27,0,0,0,0,0,,,,,1,19380731,2,WAS09,v,NY5,1,0,0,regular,y,d
NY5193807312,willc106,PTC,1,4,value,27,0,0,0,0,0,,,,,1,19380731,2,WAS09,v,NY5,1,0,0,regular,y,d
NY5193807312,cruma101,PTC,1,9,value,27,0,0,0,0,0,,,,,1,19380731,2,WAS09,v,NY5,1,0,0,regular,y,d
NY5193807312,clarb101,PTC,1,6,value,27,0,0,1,0,0,,,,,1,19380731,2,WAS09,v,NY5,1,0,0,regular,y,d
NY5193807312,ruffl101,PTC,1,2,value,27,0,0,0,0,0,0,1,0,0,1,19380731,2,WAS09,v,NY5,1,0,0,regular,y,d
NY5193807312,taylj108,PTC,1,1,value,27,0,0,0,0,0,,,,,1,19380731,2,WAS09,v,NY5,1,0,0,regular,y,d
NY5193807312,barkm101,NY5,1,8,value,27,0,0,0,0,0,,,,,1,19380731,2,WAS09,h,PTC,0,1,0,regular,y,d
NY5193807312,mornl101,NY5,1,6,value,27,0,0,1,0,0,,,,,1,19380731,2,WAS09,h,PTC,0,1,0,regular,y,d
NY5193807312,cannw101,NY5,1,5,value,27,0,0,0,0,0,,,,,1,19380731,2,WAS09,h,PTC,0,1,0,regular,y,d
NY5193807312,chrit101,NY5,1,7,value,27,0,0,0,0,0,,,,,1,19380731,2,WAS09,h,PTC,0,1,0,regular,y,d
NY5193807312,wrigz102,NY5,1,9,value,27,0,0,0,0,0,,,,,1,19380731,2,WAS09,h,PTC,0,1,0,regular,y,d
NY5193807312,washj102,NY5,1,3,value,27,0,0,0,0,0,,,,,1,19380731,2,WAS09,h,PTC,0,1,0,regular,y,d
NY5193807312,palmc101,NY5,1,2,value,27,0,0,0,0,0,0,0,0,0,1,19380731,2,WAS09,h,PTC,0,1,0,regular,y,d
NY5193807312,campd103,NY5,1,4,value,27,0,0,0,0,0,,,,,1,19380731,2,WAS09,h,PTC,0,1,0,regular,y,d
NY5193807312,browb107,NY5,1,1,value,11,0,0,0,0,0,,,,,1,19380731,2,WAS09,h,PTC,0,1,0,regular,y,d
NY5193807312,hollb106,NY5,1,1,value,13,0,0,0,0,0,,,,,0,19380731,2,WAS09,h,PTC,0,1,0,regular,y,d
NY5193807312,stann101,NY5,1,1,value,3,0,0,0,0,0,,,,,0,19380731,2,WAS09,h,PTC,0,1,0,regular,y,d
PH5193808060,gileg101,PTC,1,3,value,24,12,2,0,0,0,,,,,1,19380806,0,PHI17,v,PH5,0,1,0,regular,y,d
PH5193808060,wilsd103,PTC,1,5,value,15,2,0,1,0,0,,,,,1,19380806,0,PHI17,v,PH5,0,1,0,regular,y,d
PH5193808060,willc106,PTC,1,5,value,9,0,1,0,0,0,,,,,0,19380806,0,PHI17,v,PH5,0,1,0,regular,y,d
PH5193808060,banks101,PTC,1,8,value,24,4,0,0,0,0,,,,,1,19380806,0,PHI17,v,PH5,0,1,0,regular,y,d
PH5193808060,hairn101,PTC,1,7,value,24,0,0,1,0,0,,,,,1,19380806,0,PHI17,v,PH5,0,1,0,regular,y,d
PH5193808060,willh105,PTC,1,4,value,24,2,4,0,0,0,,,,,1,19380806,0,PHI17,v,PH5,0,1,0,regular,y,d
PH5193808060,cruma101,PTC,1,9,value,24,0,0,1,0,0,,,,,1,19380806,0,PHI17,v,PH5,0,1,0,regular,y,d
PH5193808060,clarb101,PTC,1,6,value,24,1,3,0,0,0,,,,,1,19380806,0,PHI17,v,PH5,0,1,0,regular,y,d
PH5193808060,ruffl101,PTC,1,2,value,24,3,0,0,0,0,0,1,0,0,1,19380806,0,PHI17,v,PH5,0,1,0,regular,y,d
PH5193808060,smitt105,PTC,1,1,value,13,0,1,0,0,0,,,,,1,19380806,0,PHI17,v,PH5,0,1,0,regular,y,d
PH5193808060,harvb101,PTC,1,1,value,11,0,0,0,0,0,,,,,0,19380806,0,PHI17,v,PH5,0,1,0,regular,y,d
PH5193808060,speac103,PH5,1,9,value,27,4,0,0,0,0,,,,,1,19380806,0,PHI17,h,PTC,1,0,0,regular,y,d
PH5193808060,parnr102,PH5,1,7,value,27,2,0,0,0,0,,,,,1,19380806,0,PHI17,h,PTC,1,0,0,regular,y,d
PH5193808060,bensg101,PH5,1,8,value,27,3,0,0,0,0,,,,,1,19380806,0,PHI17,h,PTC,1,0,0,regular,y,d
PH5193808060,pattp102,PH5,1,4,value,27,1,5,0,0,0,,,,,1,19380806,0,PHI17,h,PTC,1,0,0,regular,y,d
PH5193808060,wilsj106,PH5,1,5,value,27,1,0,0,0,0,,,,,1,19380806,0,PHI17,h,PTC,1,0,0,regular,y,d
PH5193808060,dunnj104,PH5,1,6,value,27,1,2,0,0,0,,,,,1,19380806,0,PHI17,h,PTC,1,0,0,regular,y,d
PH5193808060,perkb101,PH5,1,2,value,27,3,0,0,0,0,0,0,0,0,1,19380806,0,PHI17,h,PTC,1,0,0,regular,y,d
PH5193808060,harrc104,PH5,1,3,value,27,12,0,0,0,0,,,,,1,19380806,0,PHI17,h,PTC,1,0,0,regular,y,d
PH5193808060,mcdow101,PH5,1,1,value,27,0,1,0,0,0,,,,,1,19380806,0,PHI17,h,PTC,1,0,0,regular,y,d
PTC193808071,speac103,PH5,1,9,value,27,0,0,0,0,0,,,,,1,19380807,1,NYC29,v,PTC,0,0,1,regular,y,d
PTC193808071,parnr102,PH5,1,7,value,27,2,0,0,0,0,,,,,1,19380807,1,NYC29,v,PTC,0,0,1,regular,y,d
PTC193808071,bensg101,PH5,1,8,value,27,1,0,0,0,0,,,,,1,19380807,1,NYC29,v,PTC,0,0,1,regular,y,d
PTC193808071,pattp102,PH5,1,4,value,27,1,0,0,0,0,,,,,1,19380807,1,NYC29,v,PTC,0,0,1,regular,y,d
PTC193808071,wilsj106,PH5,1,3,value,27,15,0,0,0,0,,,,,1,19380807,1,NYC29,v,PTC,0,0,1,regular,y,d
PTC193808071,dunnj104,PH5,1,6,value,27,1,0,1,0,0,,,,,1,19380807,1,NYC29,v,PTC,0,0,1,regular,y,d
PTC193808071,perkb101,PH5,1,2,value,27,5,0,0,0,0,0,0,0,0,1,19380807,1,NYC29,v,PTC,0,0,1,regular,y,d
PTC193808071,cread101,PH5,1,5,value,27,2,0,0,0,0,,,,,1,19380807,1,NYC29,v,PTC,0,0,1,regular,y,d
PTC193808071,carts102,PH5,1,1,value,21,0,0,0,0,0,,,,,1,19380807,1,NYC29,v,PTC,0,0,1,regular,y,d
PTC193808071,ellir105,PH5,1,1,value,6,0,0,0,0,0,,,,,0,19380807,1,NYC29,v,PTC,0,0,1,regular,y,d
PTC193808071,jenkf102,PTC,1,9,value,27,2,0,0,0,0,,,,,1,19380807,1,NYC29,h,PH5,0,0,1,regular,y,d
PTC193808071,willc106,PTC,1,5,value,27,2,0,0,0,0,,,,,1,19380807,1,NYC29,h,PH5,0,0,1,regular,y,d
PTC193808071,banks101,PTC,1,8,value,27,1,0,0,0,0,,,,,1,19380807,1,NYC29,h,PH5,0,0,1,regular,y,d
PTC193808071,hairn101,PTC,1,7,value,27,2,0,0,0,0,,,,,1,19380807,1,NYC29,h,PH5,0,0,1,regular,y,d
PTC193808071,willh105,PTC,1,4,value,27,2,1,0,1,0,,,,,1,19380807,1,NYC29,h,PH5,0,0,1,regular,y,d
PTC193808071,gileg101,PTC,1,3,value,27,9,0,0,1,0,,,,,1,19380807,1,NYC29,h,PH5,0,0,1,regular,y,d
PTC193808071,clarb101,PTC,1,6,value,27,3,1,0,1,0,,,,,1,19380807,1,NYC29,h,PH5,0,0,1,regular,y,d
PTC193808071,ruffl101,PTC,1,2,value,27,6,0,0,0,0,1,0,0,0,1,19380807,1,NYC29,h,PH5,0,0,1,regular,y,d
PTC193808071,taylj108,PTC,1,1,value,27,0,0,0,0,0,,,,,1,19380807,1,NYC29,h,PH5,0,0,1,regular,y,d
BLG193808112,wilsd103,PTC,1,9,value,24,0,0,0,0,0,,,,,1,19380811,2,YOR03,v,BLG,0,1,0,exhibition,y,d
BLG193808112,willc106,PTC,1,5,value,24,0,0,0,0,0,,,,,1,19380811,2,YOR03,v,BLG,0,1,0,exhibition,y,d
BLG193808112,banks101,PTC,1,8,value,24,0,0,0,0,0,,,,,1,19380811,2,YOR03,v,BLG,0,1,0,exhibition,y,d
BLG193808112,hairn101,PTC,1,7,value,24,0,0,0,0,0,,,,,1,19380811,2,YOR03,v,BLG,0,1,0,exhibition,y,d
BLG193808112,willh105,PTC,1,4,value,24,0,0,0,0,0,,,,,1,19380811,2,YOR03,v,BLG,0,1,0,exhibition,y,d
BLG193808112,bassp101,PTC,1,3,value,24,0,0,0,0,0,,,,,1,19380811,2,YOR03,v,BLG,0,1,0,exhibition,y,d
BLG193808112,clarb101,PTC,1,6,value,24,0,0,0,0,0,,,,,1,19380811,2,YOR03,v,BLG,0,1,0,exhibition,y,d
BLG193808112,ruffl101,PTC,1,2,value,24,0,0,0,0,0,0,2,0,0,1,19380811,2,YOR03,v,BLG,0,1,0,exhibition,y,d
BLG193808112,morrb104,PTC,1,1,value,24,0,0,0,0,0,,,,,1,19380811,2,YOR03,v,BLG,0,1,0,exhibition,y,d
BLG193808112,kimbh102,BLG,1,8,value,27,0,0,0,0,0,,,,,1,19380811,2,YOR03,h,PTC,1,0,0,exhibition,y,d
BLG193808112,snowf101,BLG,1,6,value,27,0,1,2,1,0,,,,,1,19380811,2,YOR03,h,PTC,1,0,0,exhibition,y,d
BLG193808112,hughs101,BLG,1,4,value,27,1,1,1,1,0,,,,,1,19380811,2,YOR03,h,PTC,1,0,0,exhibition,y,d
BLG193808112,wrigb104,BLG,1,9,value,27,1,1,0,1,0,,,,,1,19380811,2,YOR03,h,PTC,1,0,0,exhibition,y,d
BLG193808112,westj102,BLG,1,3,value,27,1,0,0,1,0,,,,,1,19380811,2,YOR03,h,PTC,1,0,0,exhibition,y,d
BLG193808112,hoskb101,BLG,1,7,value,27,0,0,0,0,0,,,,,1,19380811,2,YOR03,h,PTC,1,0,0,exhibition,y,d
BLG193808112,scalg101,BLG,1,5,value,27,1,0,0,1,0,,,,,1,19380811,2,YOR03,h,PTC,1,0,0,exhibition,y,d
BLG193808112,campr102,BLG,1,2,value,27,0,0,0,0,0,0,0,0,0,1,19380811,2,YOR03,h,PTC,1,0,0,exhibition,y,d
BLG193808112,porta103,BLG,1,1,value,24,0,0,0,0,0,,,,,1,19380811,2,YOR03,h,PTC,1,0,0,exhibition,y,d
BLG193808112,byrdb101,BLG,1,1,value,3,0,0,0,0,0,,,,,0,19380811,2,YOR03,h,PTC,1,0,0,exhibition,y,d
PTC193808141,byrdb101,BLG,1,1,value,27,,,,,,,,,,1,19380814,1,NYC29,v,PTC,1,0,0,regular,,
PTC193808141,mackb102,BLG,1,2,value,27,,,,,,,,,,,19380814,1,NYC29,v,PTC,1,0,0,regular,,
PTC193808141,kimbh102,BLG,,8,value,,,,1,,,,,,,,19380814,1,NYC29,v,PTC,1,0,0,regular,,
PTC193808141,matll101,PTC,1,1,value,27,,,,,,,,,,1,19380814,1,NYC29,h,BLG,0,1,0,regular,,
PTC193808141,ruffl101,PTC,1,2,value,,,,,,,,,,,,19380814,1,NYC29,h,BLG,0,1,0,regular,,
PTC193808141,willc106,PTC,,6,value,,1,,,,,,,,,,19380814,1,NYC29,h,BLG,0,1,0,regular,,
PTC193808141,smitt105,PTC,2,2,value,,,,,,,,,,,,19380814,1,NYC29,h,BLG,0,1,0,regular,,
PTC193808180,grifb102,BLG,1,1,value,27,,,0,,,,,,,1,19380818,0,DAY03,v,PTC,1,0,0,regular,,
PTC193808180,mackb102,BLG,1,2,value,27,,,0,,,,,,,1,19380818,0,DAY03,v,PTC,1,0,0,regular,,
PTC193808180,westj102,BLG,1,3,value,27,,,0,,,,,,,1,19380818,0,DAY03,v,PTC,1,0,0,regular,,
PTC193808180,morrb104,PTC,1,1,value,27,,,,,,,,,,1,19380818,0,DAY03,h,BLG,0,1,0,regular,,
PTC193808180,willh105,PTC,1,2,value,27,,,,,,,,,,1,19380818,0,DAY03,h,BLG,0,1,0,regular,,
BLG193808211,jenkf102,PTC,1,9,value,24,4,0,0,0,0,,,,,1,19380821,1,WAS09,v,BLG,0,1,0,exhibition,y,d
BLG193808211,willc106,PTC,1,6,value,24,0,3,0,0,0,,,,,1,19380821,1,WAS09,v,BLG,0,1,0,exhibition,y,d
BLG193808211,wilsd103,PTC,1,8,value,24,3,0,0,0,0,,,,,1,19380821,1,WAS09,v,BLG,0,1,0,exhibition,y,d
BLG193808211,hairn101,PTC,1,7,value,24,2,0,0,0,0,,,,,1,19380821,1,WAS09,v,BLG,0,1,0,exhibition,y,d
BLG193808211,willh105,PTC,1,4,value,18,1,5,0,0,0,,,,,1,19380821,1,WAS09,v,BLG,0,1,0,exhibition,y,d
BLG193808211,smitc111,PTC,1,4,value,6,0,0,0,0,0,,,,,0,19380821,1,WAS09,v,BLG,0,1,0,exhibition,y,d
BLG193808211,gileg101,PTC,1,3,value,24,10,0,0,0,0,,,,,1,19380821,1,WAS09,v,BLG,0,1,0,exhibition,y,d
BLG193808211,clarb101,PTC,1,5,value,24,0,3,1,0,0,,,,,1,19380821,1,WAS09,v,BLG,0,1,0,exhibition,y,d
BLG193808211,bassp101,PTC,1,2,value,24,4,0,0,0,0,0,0,1,0,1,19380821,1,WAS09,v,BLG,0,1,0,exhibition,y,d
BLG193808211,harvb101,PTC,1,1,value,3,0,0,0,0,0,,,,,1,19380821,1,WAS09,v,BLG,0,1,0,exhibition,y,d
BLG193808211,matll101,PTC,1,1,value,20,0,0,0,0,0,,,,,0,19380821,1,WAS09,v,BLG,0,1,0,exhibition,y,d
BLG193808211,smitt105,PTC,1,1,value,1,0,0,0,0,0,,,,,0,19380821,1,WAS09,v,BLG,0,1,0,exhibition,y,d
BLG193808211,kimbh102,BLG,1,8,value,27,3,1,0,0,0,,,,,1,19380821,1,WAS09,h,PTC,1,0,0,exhibition,y,d
BLG193808211,snowf101,BLG,1,6,value,27,0,3,0,0,0,,,,,1,19380821,1,WAS09,h,PTC,1,0,0,exhibition,y,d
BLG193808211,direj101,BLG,1,9,value,27,1,0,0,0,0,,,,,1,19380821,1,WAS09,h,PTC,1,0,0,exhibition,y,d
BLG193808211,westj102,BLG,1,3,value,27,12,1,0,0,0,,,,,1,19380821,1,WAS09,h,PTC,1,0,0,exhibition,y,d
BLG193808211,scalg101,BLG,1,4,value,27,2,4,0,0,0,,,,,1,19380821,1,WAS09,h,PTC,1,0,0,exhibition,y,d
BLG193808211,hoskb101,BLG,1,7,value,27,2,0,0,0,0,,,,,1,19380821,1,WAS09,h,PTC,1,0,0,exhibition,y,d
BLG193808211,summl101,BLG,1,5,value,27,1,3,0,0,0,,,,,1,19380821,1,WAS09,h,PTC,1,0,0,exhibition,y,d
BLG193808211,campr102,BLG,1,2,value,27,5,0,0,0,0,0,0,0,0,1,19380821,1,WAS09,h,PTC,1,0,0,exhibition,y,d
BLG193808211,grifb102,BLG,1,1,value,27,1,1,0,0,0,,,,,1,19380821,1,WAS09,h,PTC,1,0,0,exhibition,y,d
BLG193808212,jenkf102,PTC,1,9,value,24,0,0,0,0,0,,,,,1,19380821,2,WAS09,v,BLG,1,0,0,exhibition,y,d
BLG193808212,willc106,PTC,1,6,value,24,1,2,0,0,0,,,,,1,19380821,2,WAS09,v,BLG,1,0,0,exhibition,y,d
BLG193808212,wilsd103,PTC,1,8,value,9,1,1,0,0,0,,,,,1,19380821,2,WAS09,v,BLG,1,0,0,exhibition,y,d
BLG193808212,wilsd103,PTC,2,4,value,15,0,0,2,0,0,,,,,0,19380821,2,WAS09,v,BLG,1,0,0,exhibition,y,d
BLG193808212,hairn101,PTC,1,7,value,24,2,0,0,0,0,,,,,1,19380821,2,WAS09,v,BLG,1,0,0,exhibition,y,d
BLG193808212,willh105,PTC,1,4,value,9,0,0,0,0,0,,,,,1,19380821,2,WAS09,v,BLG,1,0,0,exhibition,y,d
BLG193808212,willh105,PTC,2,2,value,15,10,1,0,0,0,0,0,1,0,0,19380821,2,WAS09,v,BLG,1,0,0,exhibition,y,d
BLG193808212,gileg101,PTC,1,3,value,24,4,0,0,0,0,,,,,1,19380821,2,WAS09,v,BLG,1,0,0,exhibition,y,d
BLG193808212,smitc111,PTC,1,5,value,24,0,0,1,0,0,,,,,1,19380821,2,WAS09,v,BLG,1,0,0,exhibition,y,d
BLG193808212,bassp101,PTC,1,2,value,9,5,0,1,0,0,0,0,3,0,1,19380821,2,WAS09,v,BLG,1,0,0,exhibition,y,d
BLG193808212,matll101,PTC,1,8,value,15,1,0,0,0,0,,,,,0,19380821,2,WAS09,v,BLG,1,0,0,exhibition,y,d
BLG193808212,morrb104,PTC,1,1,value,24,0,1,0,0,0,,,,,1,19380821,2,WAS09,v,BLG,1,0,0,exhibition,y,d
BLG193808212,kimbh102,BLG,1,8,value,24,1,0,0,0,0,,,,,1,19380821,2,WAS09,h,PTC,0,1,0,exhibition,y,d
BLG193808212,snowf101,BLG,1,6,value,24,2,4,0,2,0,,,,,1,19380821,2,WAS09,h,PTC,0,1,0,exhibition,y,d
BLG193808212,direj101,BLG,1,9,value,24,1,0,0,0,0,,,,,1,19380821,2,WAS09,h,PTC,0,1,0,exhibition,y,d
BLG193808212,westj102,BLG,1,3,value,24,10,1,0,2,0,,,,,1,19380821,2,WAS09,h,PTC,0,1,0,exhibition,y,d
BLG193808212,scalg101,BLG,1,4,value,24,3,5,1,1,0,,,,,1,19380821,2,WAS09,h,PTC,0,1,0,exhibition,y,d
BLG193808212,hoskb101,BLG,1,7,value,24,1,0,0,0,0,,,,,1,19380821,2,WAS09,h,PTC,0,1,0,exhibition,y,d
BLG193808212,summl101,BLG,1,5,value,24,0,0,0,0,0,,,,,1,19380821,2,WAS09,h,PTC,0,1,0,exhibition,y,d
BLG193808212,campr102,BLG,1,2,value,24,6,0,0,0,0,0,0,2,0,1,19380821,2,WAS09,h,PTC,0,1,0,exhibition,y,d
BLG193808212,byrdb101,BLG,1,1,value,24,0,1,0,1,0,,,,,1,19380821,2,WAS09,h,PTC,0,1,0,exhibition,y,d
PTC193808230,carts102,BLG,1,1,value,24,,,,,,,,,,1,19380823,0,LOU05,v,PTC,0,1,0,regular,,
PTC193808230,doneu102,PTC,1,1,value,27,,,,,,,,,,1,19380823,0,LOU05,h,BLG,1,0,0,regular,,
BLG193808240,taylj108,PTC,,1,value,24,,,,,,,,,,1,19380824,0,IND10,v,BLG,0,1,0,exhibition,,
BLG193808240,grifb102,BLG,,1,value,27,,,,,,,,,,1,19380824,0,IND10,h,PTC,1,0,0,exhibition,,
PTC193808250,byrdb101,BLG,1,1,value,24,,,,,,,,,,1,19380825,0,COL05,v,PTC,0,1,0,regular,,
PTC193808250,matll101,PTC,1,1,value,27,,,,,,,,,,1,19380825,0,COL05,h,BLG,1,0,0,regular,,
HOM193808281,jenkf102,PTC,1,9,value,24,0,0,0,0,0,,,,,1,19380828,1,NWK04,v,HOM,0,1,0,regular,y,d
HOM193808281,willc106,PTC,1,6,value,24,1,0,0,0,0,,,,,1,19380828,1,NWK04,v,HOM,0,1,0,regular,y,d
HOM193808281,banks101,PTC,1,8,value,24,6,0,0,0,0,,,,,1,19380828,1,NWK04,v,HOM,0,1,0,regular,y,d
HOM193808281,hairn101,PTC,1,7,value,24,2,0,0,0,0,,,,,1,19380828,1,NWK04,v,HOM,0,1,0,regular,y,d
HOM193808281,willh105,PTC,1,4,value,24,1,0,0,0,0,,,,,1,19380828,1,NWK04,v,HOM,0,1,0,regular,y,d
HOM193808281,gileg101,PTC,1,3,value,24,5,0,0,0,0,,,,,1,19380828,1,NWK04,v,HOM,0,1,0,regular,y,d
HOM193808281,wilsd103,PTC,1,5,value,24,0,0,0,0,0,,,,,1,19380828,1,NWK04,v,HOM,0,1,0,regular,y,d
HOM193808281,bassp101,PTC,1,2,value,24,7,0,0,0,0,0,0,0,1,1,19380828,1,NWK04,v,HOM,0,1,0,regular,y,d
HOM193808281,smitt105,PTC,1,1,value,24,2,0,0,0,0,,,,,1,19380828,1,NWK04,v,HOM,0,1,0,regular,y,d
HOM193808281,harrv102,HOM,1,7,value,27,0,0,0,0,0,,,,,1,19380828,1,NWK04,h,PTC,1,0,0,regular,y,d
HOM193808281,carlm101,HOM,1,4,value,27,1,0,0,0,0,,,,,1,19380828,1,NWK04,h,PTC,1,0,0,regular,y,d
HOM193808281,willj110,HOM,1,9,value,27,0,0,0,0,0,,,,,1,19380828,1,NWK04,h,PTC,1,0,0,regular,y,d
HOM193808281,gibsj101,HOM,1,2,value,27,6,0,0,0,0,0,0,1,0,1,19380828,1,NWK04,h,PTC,1,0,0,regular,y,d
HOM193808281,leonb101,HOM,1,3,value,27,17,0,0,1,0,,,,,1,19380828,1,NWK04,h,PTC,1,0,0,regular,y,d
HOM193808281,speah101,HOM,1,5,value,27,1,0,0,0,0,,,,,1,19380828,1,NWK04,h,PTC,1,0,0,regular,y,d
HOM193808281,parkt101,HOM,1,8,value,27,1,0,0,0,0,,,,,1,19380828,1,NWK04,h,PTC,1,0,0,regular,y,d
HOM193808281,jackj104,HOM,1,6,value,27,1,0,0,0,0,,,,,1,19380828,1,NWK04,h,PTC,1,0,0,regular,y,d
HOM193808281,browr103,HOM,1,1,value,27,0,0,0,0,0,,,,,1,19380828,1,NWK04,h,PTC,1,0,0,regular,y,d
HOM193808283,jenkf102,PTC,1,9,value,24,5,0,0,0,,,,,,1,19380828,3,RED01,v,HOM,0,1,0,exhibition,y,
HOM193808283,wilsd103,PTC,1,5,value,24,0,2,0,0,,,,,,1,19380828,3,RED01,v,HOM,0,1,0,exhibition,y,
HOM193808283,banks101,PTC,1,8,value,24,3,0,0,0,,,,,,1,19380828,3,RED01,v,HOM,0,1,0,exhibition,y,
HOM193808283,hairn101,PTC,1,7,value,24,0,0,0,0,,,,,,1,19380828,3,RED01,v,HOM,0,1,0,exhibition,y,
HOM193808283,willh105,PTC,1,4,value,24,1,1,0,0,,,,,,1,19380828,3,RED01,v,HOM,0,1,0,exhibition,y,
HOM193808283,gileg101,PTC,1,3,value,24,6,0,0,0,,,,,,1,19380828,3,RED01,v,HOM,0,1,0,exhibition,y,
HOM193808283,casem101,PTC,1,2,value,24,8,0,0,0,,,,,,1,19380828,3,RED01,v,HOM,0,1,0,exhibition,y,
HOM193808283,clarb101,PTC,1,6,value,24,0,1,1,0,,,,,,1,19380828,3,RED01,v,HOM,0,1,0,exhibition,y,
HOM193808283,davir103,PTC,1,1,value,7,0,2,0,0,,,,,,1,19380828,3,RED01,v,HOM,0,1,0,exhibition,y,
HOM193808283,harvb101,PTC,1,1,value,1,0,0,0,0,,,,,,,19380828,3,RED01,v,HOM,0,1,0,exhibition,y,
HOM193808283,matll101,PTC,1,1,value,16,1,0,0,0,,,,,,,19380828,3,RED01,v,HOM,0,1,0,exhibition,y,
HOM193808283,harrv102,HOM,1,7,value,27,2,0,0,0,,,,,,1,19380828,3,RED01,h,PTC,1,0,0,exhibition,y,
HOM193808283,browr103,HOM,1,8,value,,1,0,1,0,,,,,,1,19380828,3,RED01,h,PTC,1,0,0,exhibition,y,
HOM193808283,partr102,HOM,1,8,value,,0,0,0,0,,,,,,,19380828,3,RED01,h,PTC,1,0,0,exhibition,y,
HOM193808283,willj110,HOM,1,9,value,27,1,0,0,0,,,,,,1,19380828,3,RED01,h,PTC,1,0,0,exhibition,y,
HOM193808283,gibsj101,HOM,1,2,value,27,7,1,0,0,,,,,,1,19380828,3,RED01,h,PTC,1,0,0,exhibition,y,
HOM193808283,leonb101,HOM,1,3,value,27,10,0,0,2,,,,,,1,19380828,3,RED01,h,PTC,1,0,0,exhibition,y,
HOM193808283,speah101,HOM,1,5,value,27,2,1,0,0,,,,,,1,19380828,3,RED01,h,PTC,1,0,0,exhibition,y,
HOM193808283,carlm101,HOM,1,4,value,27,3,5,0,2,,,,,,1,19380828,3,RED01,h,PTC,1,0,0,exhibition,y,
HOM193808283,jackj104,HOM,1,6,value,27,1,5,1,2,,,,,,1,19380828,3,RED01,h,PTC,1,0,0,exhibition,y,
HOM193808283,robes104,HOM,1,1,value,26,0,0,1,0,,,,,,1,19380828,3,RED01,h,PTC,1,0,0,exhibition,y,
HOM193808283,dulal101,HOM,1,1,value,1,0,0,0,0,,,,,,,19380828,3,RED01,h,PTC,1,0,0,exhibition,y,
HOM193808290,taylj108,PTC,1,1,value,6,,,,,,,,,,1,19380829,0,PHI17,v,HOM,0,1,0,regular,,
HOM193808290,harvb101,PTC,2,1,value,21,,,,,,,,,,,19380829,0,PHI17,v,HOM,0,1,0,regular,,
HOM193808290,parkt101,HOM,1,1,value,27,,,,,,,,,,1,19380829,0,PHI17,h,PTC,1,0,0,regular,,
HOM193809010,johnj112,HOM,,5,value,,,,,,,,,,,1,19380901,0,OLE01,h,PTC,1,0,0,regular,,
HOM193809010,harrv102,HOM,,9,value,,,,,,,,,,,1,19380901,0,OLE01,h,PTC,1,0,0,regular,,
HOM193809041,taylj108,PTC,,1,value,27,,,,,,,,,,1,19380904,1,COL05,v,HOM,1,0,0,regular,,
HOM193809041,bassp101,PTC,,2,value,27,,,,,,,,,,1,19380904,1,COL05,v,HOM,1,0,0,regular,,
HOM193809041,browr103,HOM,,1,value,,,,,,,,,,,1,19380904,1,COL05,h,PTC,0,1,0,regular,,
HOM193809041,dulal101,HOM,,1,value,,,,,,,,,,,,19380904,1,COL05,h,PTC,0,1,0,regular,,
HOM193809041,robes104,HOM,,1,value,,,,,,,,,,,,19380904,1,COL05,h,PTC,0,1,0,regular,,
HOM193809041,gibsj101,HOM,,2,value,,,,,,,,,,,1,19380904,1,COL05,h,PTC,0,1,0,regular,,
HOM193809041,duket102,HOM,,2,value,,,,,,,,,,,,19380904,1,COL05,h,PTC,0,1,0,regular,,
PTC193809042,parkt101,HOM,1,1,value,3,,,,,,,,,,1,19380904,2,COL05,v,PTC,0,1,0,regular,,
PTC193809042,browr103,HOM,2,1,value,21,,,,,,,,,,,19380904,2,COL05,v,PTC,0,1,0,regular,,
PTC193809042,duket102,HOM,1,2,value,,,,,,,,,,,1,19380904,2,COL05,v,PTC,0,1,0,regular,,
PTC193809042,gibsj101,HOM,2,2,value,,,,,,,,,,,,19380904,2,COL05,v,PTC,0,1,0,regular,,
PTC193809042,smitt105,PTC,1,1,value,,,,,,,,,,,1,19380904,2,COL05,h,HOM,1,0,0,regular,,
PTC193809042,matll101,PTC,2,1,value,,,,,,,,,,,,19380904,2,COL05,h,HOM,1,0,0,regular,,
PTC193809042,bassp101,PTC,1,2,value,24,,,,,,,,,,1,19380904,2,COL05,h,HOM,1,0,0,regular,,
HOM193809070,walke103,HOM,,1,value,,,,,,,,,,,1,19380907,0,BLU01,h,PTC,0,1,0,exhibition,,
HOM193809070,welmr101,HOM,,1,value,,,,,,,,,,,,19380907,0,BLU01,h,PTC,0,1,0,exhibition,,
HOM193809070,gibsj101,HOM,,2,value,27,,,,,,,,,,1,19380907,0,BLU01,h,PTC,0,1,0,exhibition,,
PH5193809080,jenkf102,PTC,1,9,value,27,1,0,0,0,0,,,,,1,19380908,0,PHI17,v,PH5,1,0,0,lcs,y,d
PH5193809080,willc106,PTC,1,6,value,27,3,2,0,0,0,,,,,1,19380908,0,PHI17,v,PH5,1,0,0,lcs,y,d
PH5193809080,banks101,PTC,1,8,value,27,3,0,0,0,0,,,,,1,19380908,0,PHI17,v,PH5,1,0,0,lcs,y,d
PH5193809080,willh105,PTC,1,4,value,27,2,4,0,0,0,,,,,1,19380908,0,PHI17,v,PH5,1,0,0,lcs,y,d
PH5193809080,gileg101,PTC,1,3,value,27,7,0,0,0,0,,,,,1,19380908,0,PHI17,v,PH5,1,0,0,lcs,y,d
PH5193809080,casem101,PTC,1,2,value,27,8,1,0,0,0,0,0,0,0,1,19380908,0,PHI17,v,PH5,1,0,0,lcs,y,d
PH5193809080,clarb101,PTC,1,5,value,27,1,1,0,0,0,,,,,1,19380908,0,PHI17,v,PH5,1,0,0,lcs,y,d
PH5193809080,hairn101,PTC,1,7,value,27,2,0,0,0,0,,,,,1,19380908,0,PHI17,v,PH5,1,0,0,lcs,y,d
PH5193809080,morrb104,PTC,1,1,value,27,0,1,0,0,0,,,,,1,19380908,0,PHI17,v,PH5,1,0,0,lcs,y,d
PH5193809080,bensg101,PH5,1,8,value,27,3,1,0,0,0,,,,,1,19380908,0,PHI17,h,PTC,0,1,0,lcs,y,d
PH5193809080,speac103,PH5,1,9,value,27,0,0,0,0,0,,,,,1,19380908,0,PHI17,h,PTC,0,1,0,lcs,y,d
PH5193809080,parnr102,PH5,1,7,value,27,2,0,0,0,0,,,,,1,19380908,0,PHI17,h,PTC,0,1,0,lcs,y,d
PH5193809080,wilsj106,PH5,1,3,value,27,6,0,0,0,0,,,,,1,19380908,0,PHI17,h,PTC,0,1,0,lcs,y,d
PH5193809080,dunnj104,PH5,1,6,value,27,5,1,0,0,0,,,,,1,19380908,0,PHI17,h,PTC,0,1,0,lcs,y,d
PH5193809080,perkb101,PH5,1,2,value,27,8,1,0,0,0,0,0,0,0,1,19380908,0,PHI17,h,PTC,0,1,0,lcs,y,d
PH5193809080,harrc104,PH5,1,4,value,27,2,3,0,0,0,,,,,1,19380908,0,PHI17,h,PTC,0,1,0,lcs,y,d
PH5193809080,cread101,PH5,1,5,value,27,1,1,0,0,0,,,,,1,19380908,0,PHI17,h,PTC,0,1,0,lcs,y,d
PH5193809080,mcdow101,PH5,1,1,value,5,0,0,0,0,0,,,,,1,19380908,0,PHI17,h,PTC,0,1,0,lcs,y,d
PH5193809080,jones107,PH5,1,1,value,22,0,0,0,0,0,,,,,0,19380908,0,PHI17,h,PTC,0,1,0,lcs,y,d
PH5193809101,jenkf102,PTC,1,9,value,27,2,0,0,0,0,,,,,1,19380910,1,PHI17,v,PH5,1,0,0,lcs,y,d
PH5193809101,willc106,PTC,1,6,value,27,1,2,0,0,0,,,,,1,19380910,1,PHI17,v,PH5,1,0,0,lcs,y,d
PH5193809101,banks101,PTC,1,8,value,27,3,0,0,0,0,,,,,1,19380910,1,PHI17,v,PH5,1,0,0,lcs,y,d
PH5193809101,willh105,PTC,1,4,value,27,3,3,1,0,0,,,,,1,19380910,1,PHI17,v,PH5,1,0,0,lcs,y,d
PH5193809101,gileg101,PTC,1,3,value,27,10,1,0,0,0,,,,,1,19380910,1,PHI17,v,PH5,1,0,0,lcs,y,d
PH5193809101,casem101,PTC,1,2,value,27,6,2,0,0,0,0,0,0,0,1,19380910,1,PHI17,v,PH5,1,0,0,lcs,y,d
PH5193809101,clarb101,PTC,1,5,value,27,0,3,1,0,0,,,,,1,19380910,1,PHI17,v,PH5,1,0,0,lcs,y,d
PH5193809101,hairn101,PTC,1,7,value,27,2,0,0,0,0,,,,,1,19380910,1,PHI17,v,PH5,1,0,0,lcs,y,d
PH5193809101,taylj108,PTC,1,1,value,27,0,1,0,0,0,,,,,1,19380910,1,PHI17,v,PH5,1,0,0,lcs,y,d
PH5193809101,speac103,PH5,1,9,value,27,2,0,0,0,0,,,,,1,19380910,1,PHI17,h,PTC,0,1,0,lcs,y,d
PH5193809101,parnr102,PH5,1,7,value,27,4,0,1,0,0,,,,,1,19380910,1,PHI17,h,PTC,0,1,0,lcs,y,d
PH5193809101,dunnj104,PH5,1,6,value,27,1,4,1,0,0,,,,,1,19380910,1,PHI17,h,PTC,0,1,0,lcs,y,d
PH5193809101,wilsj106,PH5,1,3,value,27,9,0,0,0,0,,,,,1,19380910,1,PHI17,h,PTC,0,1,0,lcs,y,d
PH5193809101,perkb101,PH5,1,2,value,27,5,0,0,0,0,0,0,0,0,1,19380910,1,PHI17,h,PTC,0,1,0,lcs,y,d
PH5193809101,harrc104,PH5,1,4,value,27,4,4,2,0,0,,,,,1,19380910,1,PHI17,h,PTC,0,1,0,lcs,y,d
PH5193809101,bensg101,PH5,1,8,value,27,2,0,0,0,0,,,,,1,19380910,1,PHI17,h,PTC,0,1,0,lcs,y,d
PH5193809101,cread101,PH5,1,5,value,27,0,0,0,0,0,,,,,1,19380910,1,PHI17,h,PTC,0,1,0,lcs,y,d
PH5193809101,ellir105,PH5,1,1,value,3,0,0,0,0,0,,,,,1,19380910,1,PHI17,h,PTC,0,1,0,lcs,y,d
PH5193809101,carts102,PH5,1,1,value,5,0,0,0,0,0,,,,,0,19380910,1,PHI17,h,PTC,0,1,0,lcs,y,d
PH5193809101,millh104,PH5,1,1,value,19,0,2,0,0,0,,,,,0,19380910,1,PHI17,h,PTC,0,1,0,lcs,y,d
PH5193809102,jenkf102,PTC,1,8,value,24,4,0,0,0,0,,,,,1,19380910,2,PHI17,v,PH5,0,1,0,lcs,y,d
PH5193809102,willc106,PTC,1,6,value,24,3,1,0,0,0,,,,,1,19380910,2,PHI17,v,PH5,0,1,0,lcs,y,d
PH5193809102,banks101,PTC,1,9,value,24,5,0,0,0,0,,,,,1,19380910,2,PHI17,v,PH5,0,1,0,lcs,y,d
PH5193809102,willh105,PTC,1,4,value,24,3,0,0,0,0,,,,,1,19380910,2,PHI17,v,PH5,0,1,0,lcs,y,d
PH5193809102,gileg101,PTC,1,3,value,24,5,0,0,0,0,,,,,1,19380910,2,PHI17,v,PH5,0,1,0,lcs,y,d
PH5193809102,casem101,PTC,1,2,value,24,3,0,0,0,0,0,0,1,0,1,19380910,2,PHI17,v,PH5,0,1,0,lcs,y,d
PH5193809102,clarb101,PTC,1,5,value,24,0,1,0,0,0,,,,,1,19380910,2,PHI17,v,PH5,0,1,0,lcs,y,d
PH5193809102,hairn101,PTC,1,7,value,24,1,0,0,0,0,,,,,1,19380910,2,PHI17,v,PH5,0,1,0,lcs,y,d
PH5193809102,matll101,PTC,1,1,value,24,0,1,1,0,0,,,,,1,19380910,2,PHI17,v,PH5,0,1,0,lcs,y,d
PH5193809102,speac103,PH5,1,9,value,27,7,0,1,0,0,,,,,1,19380910,2,PHI17,h,PTC,1,0,0,lcs,y,d
PH5193809102,parnr102,PH5,1,7,value,27,3,0,0,0,0,,,,,1,19380910,2,PHI17,h,PTC,1,0,0,lcs,y,d
PH5193809102,dunnj104,PH5,1,6,value,27,3,1,1,0,0,,,,,1,19380910,2,PHI17,h,PTC,1,0,0,lcs,y,d
PH5193809102,wilsj106,PH5,1,3,value,27,8,1,0,0,0,,,,,1,19380910,2,PHI17,h,PTC,1,0,0,lcs,y,d
PH5193809102,perkb101,PH5,1,2,value,27,4,0,0,0,0,0,0,0,0,1,19380910,2,PHI17,h,PTC,1,0,0,lcs,y,d
PH5193809102,harrc104,PH5,1,4,value,27,0,4,0,0,0,,,,,1,19380910,2,PHI17,h,PTC,1,0,0,lcs,y,d
PH5193809102,bensg101,PH5,1,8,value,27,1,0,0,0,0,,,,,1,19380910,2,PHI17,h,PTC,1,0,0,lcs,y,d
PH5193809102,cread101,PH5,1,5,value,27,1,0,0,0,0,,,,,1,19380910,2,PHI17,h,PTC,1,0,0,lcs,y,d
PH5193809102,mcheh101,PH5,1,1,value,27,0,2,0,0,0,,,,,1,19380910,2,PHI17,h,PTC,1,0,0,lcs,y,d
BLG193809110,jenkf102,PTC,1,9,value,24,3,0,0,0,0,,,,,1,19380911,0,BAL10,v,BLG,0,1,0,lcs,y,d
BLG193809110,willc106,PTC,1,6,value,24,2,2,1,0,0,,,,,1,19380911,0,BAL10,v,BLG,0,1,0,lcs,y,d
BLG193809110,banks101,PTC,1,8,value,24,2,0,0,0,0,,,,,1,19380911,0,BAL10,v,BLG,0,1,0,lcs,y,d
BLG193809110,willh105,PTC,1,4,value,24,1,2,0,0,0,,,,,1,19380911,0,BAL10,v,BLG,0,1,0,lcs,y,d
BLG193809110,gileg101,PTC,1,3,value,24,9,0,0,0,0,,,,,1,19380911,0,BAL10,v,BLG,0,1,0,lcs,y,d
BLG193809110,casem101,PTC,1,2,value,24,5,0,0,0,0,1,0,0,0,1,19380911,0,BAL10,v,BLG,0,1,0,lcs,y,d
BLG193809110,clarb101,PTC,1,5,value,24,2,4,0,0,0,,,,,1,19380911,0,BAL10,v,BLG,0,1,0,lcs,y,d
BLG193809110,hairn101,PTC,1,7,value,24,0,1,0,0,0,,,,,1,19380911,0,BAL10,v,BLG,0,1,0,lcs,y,d
BLG193809110,smitt105,PTC,1,1,value,5,0,1,0,0,0,,,,,1,19380911,0,BAL10,v,BLG,0,1,0,lcs,y,d
BLG193809110,harvb101,PTC,1,1,value,19,0,1,0,0,0,,,,,0,19380911,0,BAL10,v,BLG,0,1,0,lcs,y,d
BLG193809110,kimbh102,BLG,1,8,value,27,0,0,0,0,0,,,,,1,19380911,0,BAL10,h,PTC,1,0,0,lcs,y,d
BLG193809110,snowf101,BLG,1,6,value,27,6,2,0,1,0,,,,,1,19380911,0,BAL10,h,PTC,1,0,0,lcs,y,d
BLG193809110,hughs101,BLG,1,4,value,27,3,5,0,1,0,,,,,1,19380911,0,BAL10,h,PTC,1,0,0,lcs,y,d
BLG193809110,wrigb104,BLG,1,9,value,27,1,0,0,0,0,,,,,1,19380911,0,BAL10,h,PTC,1,0,0,lcs,y,d
BLG193809110,westj102,BLG,1,3,value,27,7,1,0,1,0,,,,,1,19380911,0,BAL10,h,PTC,1,0,0,lcs,y,d
BLG193809110,hoskb101,BLG,1,7,value,9,2,0,0,0,0,,,,,1,19380911,0,BAL10,h,PTC,1,0,0,lcs,y,d
BLG193809110,summl101,BLG,1,7,value,18,1,0,0,0,0,,,,,0,19380911,0,BAL10,h,PTC,1,0,0,lcs,y,d
BLG193809110,scalg101,BLG,1,5,value,27,1,0,0,0,0,,,,,1,19380911,0,BAL10,h,PTC,1,0,0,lcs,y,d
BLG193809110,mackb102,BLG,1,2,value,27,5,0,0,0,0,0,0,0,0,1,19380911,0,BAL10,h,PTC,1,0,0,lcs,y,d
BLG193809110,porta103,BLG,1,1,value,27,1,1,0,0,0,,,,,1,19380911,0,BAL10,h,PTC,1,0,0,lcs,y,d
PH5193809130,davir103,PTC,1,1,value,,,,,,,,,,,1,19380913,0,PHI17,v,PH5,0,1,0,championship,,
PH5193809130,taylj108,PTC,2,1,value,,,,,,,,,,,,19380913,0,PHI17,v,PH5,0,1,0,championship,,
PH5193809130,matll101,PTC,3,1,value,,,,,,,,,,,,19380913,0,PHI17,v,PH5,0,1,0,championship,,
PH5193809130,casem101,PTC,1,2,value,18,,,,,,,,,,1,19380913,0,PHI17,v,PH5,0,1,0,championship,,
PH5193809130,willh105,PTC,2,2,value,6,,,,,,,,,,,19380913,0,PHI17,v,PH5,0,1,0,championship,,
PH5193809130,mcheh101,PH5,1,1,value,,,,,,,,,,,1,19380913,0,PHI17,h,PTC,1,0,0,championship,,
PH5193809130,carts102,PH5,2,1,value,,,,,,,,,,,,19380913,0,PHI17,h,PTC,1,0,0,championship,,
