gid,id,team,p_seq,stattype,p_ipouts,p_noout,p_bfp,p_h,p_d,p_t,p_hr,p_r,p_er,p_w,p_iw,p_k,p_hbp,p_wp,p_bk,p_sh,p_sf,p_sb,p_cs,p_pb,wp,lp,save,p_gs,p_gf,p_cg,date,number,site,vishome,opp,win,loss,tie,gametype,box,pbp
PTC193704110,bradp101,CI1,1,value,15,0,28,11,2,0,0,5,3,0,0,0,0,0,0,0,0,1,0,0,,1,,1,,,19370411,0,NOL01,v,PTC,0,1,0,exhibition,y,d
PTC193704110,mossp101,CI1,2,value,6,0,10,5,1,1,0,3,3,0,0,4,0,0,0,0,0,0,0,0,,,,,,,19370411,0,NOL01,v,PTC,0,1,0,exhibition,y,d
PTC193704110,housj103,CI1,3,value,3,0,4,1,1,0,0,0,0,0,0,0,0,0,0,0,0,0,0,0,,,,,1,,19370411,0,NOL01,v,PTC,0,1,0,exhibition,y,d
PTC193704110,harvb101,PTC,1,value,9,0,12,1,1,0,0,1,1,2,0,0,0,0,0,0,0,0,0,0,,,,1,,,19370411,0,NOL01,h,CI1,1,0,0,exhibition,y,d
PTC193704110,mcalf101,PTC,2,value,9,0,9,0,0,0,0,0,0,0,0,3,0,0,0,0,0,0,0,0,1,,,,,,19370411,0,NOL01,h,CI1,1,0,0,exhibition,y,d
PTC193704110,smitt105,PTC,3,value,9,0,13,3,0,0,0,2,2,3,0,2,0,0,0,0,0,0,0,0,,,1,,1,,19370411,0,NOL01,h,CI1,1,0,0,exhibition,y,d
CI1193704120,willr105,PTC,1,value,,,,,,,,,,,,,,,,,,,,,1,,,1,,,19370412,0,BAT01,v,CI1,1,0,0,exhibition,,
CI1193704120,lewij104,PTC,2,value,,,,,,,,,,,,,,,,,,,,,,,,,,,19370412,0,BAT01,v,CI1,1,0,0,exhibition,,
CI1193704120,carts102,PTC,3,value,,,,,,,,,,,,,,,,,,,,,,,1,,1,,19370412,0,BAT01,v,CI1,1,0,0,exhibition,,
CI1193704120,breme101,CI1,1,value,,,,,,,,,,,,,,,,,,,,,,1,,1,,,19370412,0,BAT01,h,PTC,0,1,0,exhibition,,
CI1193704120,housj103,CI1,2,value,,,,,,,,,,,,,,,,,,,,,,,,,1,,19370412,0,BAT01,h,PTC,0,1,0,exhibition,,
PTC193704140,jeffw101,CI1,,value,24,,,19,,,,10,,,,,,,,,,,,,,1,,1,,1,19370414,0,NOL02,v,PTC,0,1,0,exhibition,,
PTC193704140,harvb101,PTC,,value,,,,,,,,,,,,,,,,,,,,,,,,1,,,19370414,0,NOL02,h,CI1,1,0,0,exhibition,,
PTC193704140,lewij104,PTC,,value,,,,,,,,,,,,,,,,,,,,,,,,,1,,19370414,0,NOL02,h,CI1,1,0,0,exhibition,,
CI1193704150,carts102,PTC,1,value,,,,,,,,,,,,,,,,,,,,,,,,1,,,19370415,0,NOL02,v,CI1,0,1,0,exhibition,,
CI1193704150,willr105,PTC,2,value,,,,,,,,,,,,,,,,,,,,,,,,,,,19370415,0,NOL02,v,CI1,0,1,0,exhibition,,
CI1193704150,matll101,PTC,3,value,,,,,,,,,,,,,,,,,,,,,,,,,1,,19370415,0,NOL02,v,CI1,0,1,0,exhibition,,
CI1193704150,housj103,CI1,1,value,27,,,,,,,,,,,,,,,,,,,,,,,1,,,19370415,0,NOL02,h,PTC,1,0,0,exhibition,,
CI1193704150,breme101,CI1,2,value,27,,,,,,,,,,,,,,,,,,,,1,,,,1,,19370415,0,NOL02,h,PTC,1,0,0,exhibition,,
PTC193704181,housj103,CI1,1,value,25,,,12,,,,6,,,,,,,,,,,,,,1,,1,,1,19370418,1,MNL01,v,PTC,0,1,0,exhibition,,
PTC193704181,matll101,PTC,1,value,27,,,11,,,,5,,,,,,,,,,,,,1,,,1,,1,19370418,1,MNL01,h,CI1,1,0,0,exhibition,,
PTC193704182,jeffw101,CI1,,value,21,,,7,,,,3,,,,,,,,,,,,,1,,,1,,1,19370418,2,MNL01,v,PTC,1,0,0,exhibition,,
PTC193704182,smitt105,PTC,,value,,,,,,,,,,,,,,,,,,,,,,1,,1,,,19370418,2,MNL01,h,CI1,0,1,0,exhibition,,
PTC193704182,harvb101,PTC,,value,,,,,,,,,,,,,,,,,,,,,,,,,1,,19370418,2,MNL01,h,CI1,0,1,0,exhibition,,
HOM193704252,smitt105,PTC,1,value,18,,29,9,0,1,1,6,,1,,5,0,1,,,,1,,,,1,,,,1,19370425,2,NOL02,v,HOM,0,1,0,exhibition,y,
HOM193704252,waita101,HOM,1,value,18,,32,8,,0,0,5,,2,,5,1,1,,,,0,,,1,,,1,,,19370425,2,NOL02,h,PTC,1,0,0,exhibition,y,
HOM193704252,walke103,HOM,2,value,3,,3,0,,0,0,0,,0,,1,0,0,,,,0,,,,,1,,1,,19370425,2,NOL02,h,PTC,1,0,0,exhibition,y,
PTC193704251,browr103,HOM,1,value,27,,39,10,2,0,1,5,,2,,3,,,,,,,,,1,,,1,,1,19370425,1,NOL02,v,PTC,1,0,0,exhibition,y,
PTC193704251,matll101,PTC,1,value,25,,42,17,,,0,12,,0,,3,,,,,,,,,,1,,1,,,19370425,1,NOL02,h,HOM,0,1,0,exhibition,y,
PTC193704251,morrb104,PTC,2,value,1,,5,2,,,0,4,,2,,1,,,,,,,,,,,,,,,19370425,1,NOL02,h,HOM,0,1,0,exhibition,y,
PTC193704251,carts102,PTC,3,value,1,,5,0,,,0,1,,4,,0,,,,,,,,,,,,,1,,19370425,1,NOL02,h,HOM,0,1,0,exhibition,y,
PTC193704260,stroj103,HOM,1,value,21,,29,7,,,1,7,,0,,0,,,,,,,,,,,,1,,,19370426,0,BAT01,v,PTC,0,0,1,exhibition,y,
PTC193704260,walke103,HOM,2,value,12,,15,1,,,0,1,,0,,2,,,,,,,,,,,,,1,,19370426,0,BAT01,v,PTC,0,0,1,exhibition,y,
PTC193704260,carts102,PTC,1,value,9,,21,9,,,1,6,,3,,2,,,,,,,,,,,,1,,,19370426,0,BAT01,h,HOM,0,0,1,exhibition,y,
PTC193704260,lewij104,PTC,2,value,24,,28,4,,,0,2,,0,,3,,,,,,,,,,,,,1,,19370426,0,BAT01,h,HOM,0,0,1,exhibition,y,
HOM193704270,harvb101,PTC,1,value,24,0,36,6,1,0,3,7,6,5,0,2,0,0,0,1,0,0,0,0,,1,,1,,1,19370427,0,ALE01,v,HOM,0,1,0,exhibition,y,d
HOM193704270,parkt101,HOM,1,value,17,0,30,11,1,0,1,4,4,2,0,7,0,0,0,1,0,0,0,0,1,,,1,,,19370427,0,ALE01,h,PTC,1,0,0,exhibition,y,d
HOM193704270,walke103,HOM,2,value,10,0,10,0,0,0,0,0,0,0,0,1,0,0,0,0,0,0,0,0,,,1,,1,,19370427,0,ALE01,h,PTC,1,0,0,exhibition,y,d
PH5193704280,matll101,PTC,1,value,,,,,,,,,,,,,,,,,,,,,1,,,1,,,19370428,0,HOU06,v,PH5,1,0,0,exhibition,,
PH5193704280,sneae101,PTC,2,value,,,,,,,,,,,,,,,,,,,,,,,,,1,,19370428,0,HOU06,v,PH5,1,0,0,exhibition,,
PH5193704280,ellir105,PH5,1,value,,,,,,,,,,,,,,,,,,,,,,1,,1,,,19370428,0,HOU06,h,PTC,0,1,0,exhibition,,
PH5193704280,bevej101,PH5,2,value,,,,,,,,,,,,,,,,,,,,,,,,,1,,19370428,0,HOU06,h,PTC,0,1,0,exhibition,,
PTC193704290,thoms105,PH5,1,value,,,,,,,,,,,,,,,,,,,,,,1,,1,,,19370429,0,HOU06,v,PTC,0,1,0,exhibition,,
PTC193704290,jones107,PH5,2,value,,,,,,,,,,,,,,,,,,,,,,,,,1,,19370429,0,HOU06,v,PTC,0,1,0,exhibition,,
PTC193704290,carts102,PTC,1,value,27,,,,,,,5,,,,,,,,,,,,,1,,,1,,1,19370429,0,HOU06,h,PH5,1,0,0,exhibition,,
PTC193705080,walke103,HOM,1,value,27,,39,8,0,1,0,5,,4,,3,,,1,,,,,,1,,,1,,1,19370508,0,PIT09,v,PTC,1,0,0,exhibition,y,
PTC193705080,brewc102,PTC,1,value,12,,22,7,,,1,8,,3,,0,,,0,,,,,,,1,,1,,,19370508,0,PIT09,h,HOM,0,1,0,exhibition,y,
PTC193705080,morrb104,PTC,2,value,15,,19,2,,,0,2,,2,,6,,,0,,,,,,,,,,1,,19370508,0,PIT09,h,HOM,0,1,0,exhibition,y,
PTC193705090,browr103,HOM,1,value,32,,50,12,0,1,0,8,,6,,6,,,,,,,,,,1,,1,,1,19370509,0,PIT09,v,PTC,0,1,0,exhibition,y,
PTC193705090,matll101,PTC,1,value,21,,31,5,,,1,6,,5,,1,,,,,,,,,,,,1,,,19370509,0,PIT09,h,HOM,1,0,0,exhibition,y,
PTC193705090,smitt105,PTC,2,value,12,,15,3,,,0,1,,0,,1,,,,,,,,,1,,,,1,,19370509,0,PIT09,h,HOM,1,0,0,exhibition,y,
PTC193705151,grifb102,WEG,1,value,24,0,35,10,2,0,1,7,7,1,0,5,0,0,0,0,0,0,0,0,,1,,1,,1,19370515,1,PIT09,v,PTC,0,1,0,regular,y,d
PTC193705151,morrb104,PTC,1,value,15,0,26,10,2,1,1,5,5,1,0,6,0,0,0,1,0,0,0,0,,,,1,,,19370515,1,PIT09,h,WEG,1,0,0,regular,y,d
PTC193705151,lewij104,PTC,2,value,11,0,16,4,2,0,1,1,1,0,0,0,0,0,0,0,0,0,0,0,1,,,,,,19370515,1,PIT09,h,WEG,1,0,0,regular,y,d
PTC193705151,matll101,PTC,3,value,1,0,1,0,0,0,0,0,0,0,0,0,0,0,0,0,0,0,0,0,,,1,,1,,19370515,1,PIT09,h,WEG,1,0,0,regular,y,d
PTC193705152,willw105,WEG,1,value,,,,,0,,,,,,,,,,,,,,,,,,,1,,,19370515,2,PIT09,v,PTC,0,1,0,regular,,
PTC193705152,direj101,WEG,2,value,,,,,0,,,,,,,,,,,,,,,,,1,,,1,,19370515,2,PIT09,v,PTC,0,1,0,regular,,
PTC193705152,harvb101,PTC,1,value,21,,,6,0,1,0,4,,,,,,,,,,,,,1,,,1,1,1,19370515,2,PIT09,h,WEG,1,0,0,regular,,
WEG193705161,matll101,PTC,1,value,13,,,,,,,,,,,,,,,,,,,,,1,,1,,,19370516,1,BAL10,v,WEG,0,1,0,regular,,
WEG193705161,morrb104,PTC,2,value,0,,2,,,,,,,2,,,,,,,,,,,,,,,,,19370516,1,BAL10,v,WEG,0,1,0,regular,,
WEG193705161,lewij104,PTC,3,value,11,,,,,,,,,,,,,,,,,,,,,,,,1,,19370516,1,BAL10,v,WEG,0,1,0,regular,,
WEG193705161,byrdb101,WEG,1,value,,,,,,,,,,,,,,,,,,,,,1,,,1,,,19370516,1,BAL10,h,PTC,1,0,0,regular,,
WEG193705161,willw105,WEG,2,value,,,,,,,,,,,,,,,,,,,,,,,1,,1,,19370516,1,BAL10,h,PTC,1,0,0,regular,,
WEG193705162,smitt105,PTC,1,value,24,,,,,,1,4,,,,,,,,,,,,,,1,,1,,1,19370516,2,BAL10,v,WEG,0,1,0,regular,,
WEG193705162,porta103,WEG,1,value,27,,,,,,1,3,,,,,,,,,,,,,1,,,1,,1,19370516,2,BAL10,h,PTC,1,0,0,regular,,
WEG193705220,morrb104,PTC,1,value,24,0,33,8,1,0,0,2,2,2,0,4,0,0,0,1,0,0,0,0,,1,,1,,1,19370522,0,PAT01,v,WEG,0,1,0,regular,y,d
WEG193705220,direj101,WEG,1,value,25,0,35,7,0,0,0,1,1,3,0,7,0,0,0,2,0,0,0,0,1,,,1,,,19370522,0,PAT01,h,PTC,1,0,0,regular,y,d
WEG193705220,willw105,WEG,2,value,2,0,2,0,0,0,0,0,0,0,0,1,0,0,0,0,0,0,0,0,,,1,,1,,19370522,0,PAT01,h,PTC,1,0,0,regular,y,d
WEG193705230,smitt105,PTC,1,value,8,0,13,4,0,0,1,5,5,2,0,2,0,0,0,0,0,0,1,0,,1,,1,,,19370523,0,NYC25,v,WEG,0,1,0,regular,y,d
WEG193705230,lewij104,PTC,2,value,2,0,9,5,0,0,1,4,3,1,0,2,0,0,0,0,0,0,0,0,,,,,,,19370523,0,NYC25,v,WEG,0,1,0,regular,y,d
WEG193705230,morrb104,PTC,3,value,8,0,10,3,0,0,0,1,1,0,0,0,0,1,0,1,0,0,0,0,,,,,1,,19370523,0,NYC25,v,WEG,0,1,0,regular,y,d
WEG193705230,byrdb101,WEG,1,value,21,0,31,7,1,0,0,4,2,1,0,1,0,0,0,0,0,1,0,0,1,,,1,,1,19370523,0,NYC25,h,PTC,1,0,0,regular,y,d
PH5193705290,smitt105,PTC,1,value,27,0,39,6,3,0,1,5,5,5,0,2,0,0,0,0,0,0,0,0,1,,,1,,1,19370529,0,PHI17,v,PH5,1,0,0,regular,y,d
PH5193705290,thoms105,PH5,1,value,21,0,33,12,2,1,1,6,6,0,0,1,0,0,0,0,0,0,0,0,,1,,1,,,19370529,0,PHI17,h,PTC,0,1,0,regular,y,d
PH5193705290,ellir105,PH5,2,value,6,0,7,1,0,0,0,0,0,0,0,0,0,0,0,0,0,0,0,0,,,,,1,,19370529,0,PHI17,h,PTC,0,1,0,regular,y,d
PTC193705301,harva101,PH5,1,value,13,,17,3,,,,2,2,,,,,,,,,,,,,,,1,,,19370530,1,BAL10,v,PTC,1,0,0,regular,y,
PTC193705301,mcdow101,PH5,2,value,6,,10,4,,,,2,2,,,,,,,,,,,,,,,,,,19370530,1,BAL10,v,PTC,1,0,0,regular,y,
PTC193705301,overa101,PH5,3,value,8,,10,2,,,,1,1,,,,,,,,,,,,1,,,,1,,19370530,1,BAL10,v,PTC,1,0,0,regular,y,
PTC193705301,morrb104,PTC,1,value,13,,22,9,,,,5,,,,,,,,,,,,,,,,1,,,19370530,1,BAL10,h,PH5,0,1,0,regular,y,
PTC193705301,harvb101,PTC,2,value,14,,18,4,,,,2,,,,,,,,,,,,,,1,,,1,,19370530,1,BAL10,h,PH5,0,1,0,regular,y,
PTC193705302,yokel101,PH5,1,value,27,,,8,,,,4,,,,,,,,,,,,,1,,,1,,1,19370530,2,BAL10,v,PTC,1,0,0,regular,,
PTC193705302,lewij104,PTC,1,value,,,,,,,,,,,,,,,,,,,,,,1,,1,,,19370530,2,BAL10,h,PH5,0,1,0,regular,,
PTC193705302,harvb101,PTC,2,value,,,,,,,,,,,,,,,,,,,,,,,,,1,,19370530,2,BAL10,h,PH5,0,1,0,regular,,
PH5193705311,davir103,PTC,1,value,27,0,34,6,2,0,0,2,2,0,0,0,0,0,0,0,0,0,0,0,1,,,1,,1,19370531,1,PHI17,v,PH5,1,0,0,regular,y,d
PH5193705311,robes104,PH5,1,value,19,0,33,9,3,0,0,4,4,5,0,0,0,0,0,1,0,0,0,0,,1,,1,,,19370531,1,PHI17,h,PTC,0,1,0,regular,y,d
PH5193705311,missj102,PH5,2,value,8,0,8,0,0,0,0,0,0,0,0,1,0,0,0,0,0,0,0,0,,,,,1,,19370531,1,PHI17,h,PTC,0,1,0,regular,y,d
PH5193705312,morrb104,PTC,1,value,27,0,29,1,0,0,0,0,0,2,0,7,0,0,0,0,0,0,0,0,1,,,1,,1,19370531,2,PHI17,v,PH5,1,0,0,regular,y,d
PH5193705312,ellir105,PH5,1,value,27,0,35,8,1,0,1,3,3,0,0,9,0,0,0,0,0,0,0,0,,1,,1,,1,19370531,2,PHI17,h,PTC,0,1,0,regular,y,d
PH5193706010,duncs101,PTC,1,value,27,0,43,16,2,0,1,9,9,3,0,0,0,0,0,0,0,0,0,0,1,,,1,,1,19370601,0,WIL04,v,PH5,1,0,0,regular,y,d
PH5193706010,yokel101,PH5,1,value,19,0,30,10,2,0,0,9,8,2,0,0,0,0,0,0,0,0,0,0,,1,,1,,,19370601,0,WIL04,h,PTC,0,1,0,regular,y,d
PH5193706010,missj102,PH5,2,value,8,0,14,6,1,0,0,2,0,1,0,0,0,0,0,0,0,0,0,0,,,,,1,,19370601,0,WIL04,h,PTC,0,1,0,regular,y,d
PTC193706050,browr103,HOM,1,value,27,0,35,6,1,1,0,1,1,0,0,1,0,0,0,0,0,0,0,0,1,,,1,,1,19370605,0,PIT09,v,PTC,1,0,0,regular,y,d
PTC193706050,smitt105,PTC,1,value,3,2,9,4,1,0,0,5,5,2,0,0,0,0,0,0,0,0,0,0,,1,,1,,,19370605,0,PIT09,h,HOM,0,1,0,regular,y,d
PTC193706050,harvb101,PTC,2,value,16,0,23,7,1,0,2,6,6,1,0,2,0,0,0,0,0,0,0,0,,,,,,,19370605,0,PIT09,h,HOM,0,1,0,regular,y,d
PTC193706050,duncs101,PTC,3,value,8,0,12,2,0,0,1,1,1,2,0,2,0,0,0,0,0,0,0,0,,,,,1,,19370605,0,PIT09,h,HOM,0,1,0,regular,y,d
PTC193706061,morrb104,PTC,1,value,,,,,,,,,,,,,,,,,,,,,,1,,1,,,19370606,1,TOL05,h,HOM,0,1,0,regular,,
PTC193706061,lewij104,PTC,2,value,,,,,,,,,,,,,,,,,,,,,,,,,1,,19370606,1,TOL05,h,HOM,0,1,0,regular,,
PTC193706062,walke103,HOM,1,value,19,,33,11,1,0,1,8,,3,,4,,,,,,,,,,1,,1,,1,19370606,2,TOL05,v,PTC,0,1,0,regular,y,
PTC193706062,davir103,PTC,1,value,21,,31,8,3,0,1,7,,2,,4,,,,,,,,,1,,,1,,1,19370606,2,TOL05,h,HOM,1,0,0,regular,y,
PTC193706070,dulal101,HOM,1,value,15,,24,8,,0,0,5,,0,,3,0,,,,,,,,1,,,1,,,19370607,0,AKR01,v,PTC,1,0,0,regular,y,
PTC193706070,parkt101,HOM,2,value,12,,16,3,,0,0,1,,0,,6,0,,,,,,,,,,1,,1,,19370607,0,AKR01,v,PTC,1,0,0,regular,y,
PTC193706070,stroj103,PTC,1,value,12,,22,6,,,1,7,,3,,3,2,,,0,,,,,,1,,1,,,19370607,0,AKR01,h,HOM,0,1,0,regular,y,
PTC193706070,harvb101,PTC,2,value,15,,31,12,,,0,8,,5,,2,0,,,0,,,,,,,,,1,,19370607,0,AKR01,h,HOM,0,1,0,regular,y,
NY5193706120,stroj103,PTC,1,value,3,,6,1,,,0,2,,2,,,0,,,0,,,,,,,,1,,,19370612,0,LIC01,v,NY5,1,0,0,regular,y,
NY5193706120,harvb101,PTC,2,value,24,,35,9,,,0,6,,2,,,0,,,0,,,,,1,,,,1,,19370612,0,LIC01,v,NY5,1,0,0,regular,y,
NY5193706120,stann101,NY5,1,value,7,,15,8,,,0,6,,0,,,0,,,,,,,,,1,,1,,,19370612,0,LIC01,h,PTC,0,1,0,regular,y,
NY5193706120,browb107,NY5,2,value,20,,31,8,,,0,5,,3,,,0,,,,,,,,,,,,1,,19370612,0,LIC01,h,PTC,0,1,0,regular,y,
NY5193706131,davir103,PTC,1,value,,,,,,,,,,,,,,,,,,,,,,,,,,,19370613,1,NYC25,v,NY5,0,1,0,regular,,
NY5193706131,smitt105,PTC,2,value,,,,,,,,,,,,,,,,,,,,,,,,,,,19370613,1,NYC25,v,NY5,0,1,0,regular,,
NY5193706131,hollb106,NY5,1,value,,,,,,,,,,,,,,,,,,,,,,,,,,,19370613,1,NYC25,h,PTC,1,0,0,regular,,
NY5193706131,stann101,NY5,2,value,,,,,,,,,,,,,,,,,,,,,,,,,,,19370613,1,NYC25,h,PTC,1,0,0,regular,,
NY5193706132,morrb104,PTC,1,value,21,0,35,8,1,0,0,2,2,6,0,0,0,0,0,1,0,0,0,0,1,,,1,,1,19370613,2,NYC25,v,NY5,1,0,0,regular,y,d
NY5193706132,barbb102,NY5,1,value,19,0,31,11,1,0,1,5,5,2,0,3,0,0,0,0,0,2,0,0,,1,,1,,,19370613,2,NYC25,h,PTC,0,1,0,regular,y,d
NY5193706132,willr106,NY5,2,value,2,0,1,0,0,0,0,0,0,0,0,0,0,0,0,0,0,0,0,0,,,,,1,,19370613,2,NYC25,h,PTC,0,1,0,regular,y,d
PTC193706191,robes104,PH5,1,value,,,,,,,,,,,,,,,,,,,,,1,,,1,,,19370619,1,PIT09,v,PTC,1,0,0,regular,,
PTC193706191,overa101,PH5,2,value,,,,,,,,,,,,,,,,,,,,,,,,,,,19370619,1,PIT09,v,PTC,1,0,0,regular,,
PTC193706191,lacep101,PH5,3,value,,,,,,,,,,,,,,,,,,,,,,,,,,,19370619,1,PIT09,v,PTC,1,0,0,regular,,
PTC193706191,thoms105,PH5,4,value,,,,,,,,,,,,,,,,,,,,,,,1,,1,,19370619,1,PIT09,v,PTC,1,0,0,regular,,
PTC193706191,davir103,PTC,1,value,,,,,,,,,,,,,,,,,,,,,,1,,1,,,19370619,1,PIT09,h,PH5,0,1,0,regular,,
PTC193706191,lewij104,PTC,2,value,,,,,,,,,,,,,,,,,,,,,,,,,,,19370619,1,PIT09,h,PH5,0,1,0,regular,,
PTC193706191,smitt105,PTC,3,value,,,,,,,,,,,,,,,,,,,,,,,,,1,,19370619,1,PIT09,h,PH5,0,1,0,regular,,
PTC193706192,missj102,PH5,1,value,21,0,27,6,2,1,0,1,1,0,0,4,0,0,0,0,0,0,0,0,1,,,1,,1,19370619,2,PIT09,v,PTC,1,0,0,regular,y,d
PTC193706192,cainm101,PTC,1,value,21,0,27,8,1,0,0,2,2,1,0,2,0,0,0,0,0,0,0,0,,1,,1,,1,19370619,2,PIT09,h,PH5,0,1,0,regular,y,d
PTC193706220,willw105,WEG,1,value,12,0,16,2,1,0,1,1,1,2,0,0,0,0,0,0,0,0,0,0,1,,,1,,,19370622,0,CHA02,v,PTC,1,0,0,regular,y,d
PTC193706220,glovt101,WEG,2,value,15,0,20,4,0,0,0,1,1,1,0,4,0,0,0,0,0,0,0,1,,,1,,1,,19370622,0,CHA02,v,PTC,1,0,0,regular,y,d
PTC193706220,lewij104,PTC,1,value,12,0,21,7,2,0,2,8,7,1,0,0,0,0,0,2,0,0,0,0,,1,,1,,,19370622,0,CHA02,h,WEG,0,1,0,regular,y,d
PTC193706220,davir103,PTC,2,value,15,0,16,1,1,0,0,0,0,1,0,1,0,0,0,0,0,0,0,0,,,,,1,,19370622,0,CHA02,h,WEG,0,1,0,regular,y,d
PTC193706260,welmr101,HOM,1,value,27,,37,8,1,0,0,3,,2,,2,0,1,,,,,,,1,,,1,1,1,19370626,0,PIT09,v,PTC,1,0,0,regular,y,
PTC193706260,smitt105,PTC,1,value,6,,15,8,,,1,7,,1,,1,0,0,,,,,,,,1,,1,,,19370626,0,PIT09,h,HOM,0,1,0,regular,y,
PTC193706260,harvb101,PTC,2,value,21,,26,2,,,0,3,,2,,5,1,0,,,,,,,,,,,1,,19370626,0,PIT09,h,HOM,0,1,0,regular,y,
HOM193706271,morrb104,PTC,1,value,24,0,40,12,3,0,0,8,8,4,0,2,0,0,0,0,0,2,0,0,,1,,1,,1,19370627,1,CLE06,v,HOM,0,1,0,regular,y,d
HOM193706271,walke103,HOM,1,value,25,0,32,6,2,0,0,4,2,3,0,3,0,0,0,1,0,0,1,0,1,,,1,,,19370627,1,CLE06,h,PTC,1,0,0,regular,y,d
HOM193706271,dulal101,HOM,2,value,2,0,3,0,0,0,0,0,0,0,0,0,0,0,0,0,0,0,0,0,,,1,,1,,19370627,1,CLE06,h,PTC,1,0,0,regular,y,d
HOM193706272,davir103,PTC,1,value,3,,9,6,,0,0,4,,0,,0,0,,,,,,,,,1,,1,,,19370627,2,CLE06,v,HOM,0,1,0,regular,y,
HOM193706272,kingc103,PTC,2,value,10,,21,10,,0,1,10,,1,,0,0,,,,,,,,,,,,,,19370627,2,CLE06,v,HOM,0,1,0,regular,y,
HOM193706272,lewij104,PTC,3,value,5,,14,9,,0,0,6,,0,,0,0,,,,,,,,,,,,1,,19370627,2,CLE06,v,HOM,0,1,0,regular,y,
HOM193706272,parkt101,HOM,1,value,21,,29,5,0,0,0,0,0,1,,4,0,,,0,,0,,,1,,,1,,1,19370627,2,CLE06,h,PTC,1,0,0,regular,y,
HOM193706280,morrb104,PTC,1,value,5,,,,,,1,8,,,,,,,,,,,,,,1,,1,,,19370628,0,DAY03,v,HOM,0,1,0,regular,,
HOM193706280,davir103,PTC,3,value,19,,,,,,,10,,,,,,,,,,,,,,,,,1,,19370628,0,DAY03,v,HOM,0,1,0,regular,,
HOM193706280,dulal101,HOM,1,value,27,,,5,,,,3,,,,,,,,,,,,,1,,,1,,1,19370628,0,DAY03,h,PTC,1,0,0,regular,,
PTC193707040,welmr101,HOM,1,value,15,,19,4,,,,2,,,,,,,,,,,,,1,,,1,,,19370704,0,PIT09,v,PTC,1,0,0,regular,y,
PTC193707040,dulal101,HOM,2,value,12,,20,8,,,,4,,,,,,,,,,,,,,,1,,1,,19370704,0,PIT09,v,PTC,1,0,0,regular,y,
PTC193707040,harvb101,PTC,,value,27,,39,12,,,,10,,,,,,,,,,,,,,1,,1,1,1,19370704,0,PIT09,h,HOM,0,1,0,regular,y,
PTC193707051,parkt101,HOM,1,value,24,1,38,12,1,1,0,6,6,3,0,5,0,0,0,0,0,1,1,0,,1,,1,,,19370705,1,PIT09,v,PTC,0,1,0,regular,y,d
PTC193707051,browr103,HOM,2,value,1,0,3,0,0,0,0,0,0,2,2,0,0,0,0,0,0,0,0,0,,,,,1,,19370705,1,PIT09,v,PTC,0,1,0,regular,y,d
PTC193707051,smitt105,PTC,1,value,21,0,36,9,1,1,0,4,3,4,0,4,0,0,0,0,0,1,0,0,,,,1,,,19370705,1,PIT09,h,HOM,1,0,0,regular,y,d
PTC193707051,morrb104,PTC,2,value,6,0,10,2,1,0,0,1,1,0,0,0,0,0,0,0,0,0,0,0,1,,,,1,,19370705,1,PIT09,h,HOM,1,0,0,regular,y,d
PTC193707052,walke103,HOM,1,value,,,,,,,,,,,,,,,,,,,,,,1,,1,,,19370705,2,PIT09,v,PTC,0,1,0,regular,,
PTC193707052,allec101,HOM,2,value,,,,,,,,,,,,,,,,,,,,,,,,,,,19370705,2,PIT09,v,PTC,0,1,0,regular,,
PTC193707052,walkg103,HOM,3,value,,,,,,,,,,,,,,,,,,,,,,,,,1,,19370705,2,PIT09,v,PTC,0,1,0,regular,,
PTC193707052,cainm101,PTC,1,value,21,,,,,,,,,,,,,,,,,,,,1,,,1,,1,19370705,2,PIT09,h,HOM,1,0,0,regular,,
HOM193707060,davir103,PTC,,value,27,,,9,,,2,9,9,,,,,,,,,,,,,1,,1,,1,19370706,0,COL05,v,HOM,0,1,0,regular,,
HOM193707060,dulal101,HOM,,value,27,,,8,,,,2,2,,,,,,,,,,,,1,,,1,,1,19370706,0,COL05,h,PTC,1,0,0,regular,,
HOM193707080,parkt101,HOM,1,value,,,,,,,,,,,,,,,,,,,,,,,,1,,,19370708,0,BUT01,h,PTC,1,0,0,regular,,
HOM193707080,browr103,HOM,2,value,,,,,,,,,,,,,,,,,,,,,1,,,,1,,19370708,0,BUT01,h,PTC,1,0,0,regular,,
PTC193707111,browb107,NY5,1,value,27,0,38,7,0,1,0,2,1,1,0,3,1,0,0,1,0,1,0,0,1,,,1,,1,19370711,1,CLE06,v,PTC,1,0,0,regular,y,d
PTC193707111,smitt105,PTC,1,value,27,0,43,11,2,0,0,3,1,5,1,2,0,0,0,2,0,0,0,0,,1,,1,,1,19370711,1,CLE06,h,NY5,0,1,0,regular,y,d
PTC193707112,stann101,NY5,1,value,21,0,25,5,1,0,0,0,0,0,0,5,0,0,0,0,0,0,0,0,1,,,1,,1,19370711,2,CLE06,v,PTC,1,0,0,regular,y,d
PTC193707112,cainm101,PTC,1,value,21,0,34,13,5,0,0,8,8,1,0,2,0,0,0,1,0,1,0,0,,1,,1,,1,19370711,2,CLE06,h,NY5,0,1,0,regular,y,d
PTC193707130,barbb102,NY5,1,value,24,0,36,11,1,2,1,6,5,3,0,10,0,0,0,0,0,4,0,0,1,,,1,,1,19370713,0,CHA02,v,PTC,1,0,0,regular,y,d
PTC193707130,harvb101,PTC,1,value,9,2,16,6,2,2,0,5,5,2,0,0,0,0,0,1,0,0,0,0,,1,,1,,,19370713,0,CHA02,h,NY5,0,1,0,regular,y,d
PTC193707130,lewij104,PTC,2,value,15,0,24,7,0,0,1,2,2,2,0,0,0,0,0,1,0,0,0,0,,,,,1,,19370713,0,CHA02,h,NY5,0,1,0,regular,y,d
PH5193707150,davir103,PTC,1,value,24,0,29,5,2,0,0,2,0,0,0,5,0,0,0,0,0,1,0,0,,1,,1,,1,19370715,0,YOR03,v,PH5,0,1,0,regular,y,d
PH5193707150,missj102,PH5,1,value,27,0,28,1,0,0,0,0,0,1,0,4,0,0,0,0,0,0,0,0,1,,,1,,1,19370715,0,YOR03,h,PTC,1,0,0,regular,y,d
NW2193707170,cainm101,PTC,1,value,1,0,7,3,1,0,0,6,6,3,0,0,0,0,0,0,0,0,0,0,,1,,1,,,19370717,0,PAT01,v,NW2,0,1,0,regular,y,d
NW2193707170,lewij104,PTC,2,value,16,0,26,8,2,0,0,5,5,2,0,0,0,0,0,0,0,0,0,0,,,,,,,19370717,0,PAT01,v,NW2,0,1,0,regular,y,d
NW2193707170,smitt105,PTC,3,value,7,0,9,3,0,0,0,2,2,0,0,1,0,0,0,0,0,0,0,0,,,,,1,,19370717,0,PAT01,v,NW2,0,1,0,regular,y,d
NW2193707170,day-l101,NW2,1,value,22,0,35,10,3,0,1,5,5,4,0,6,0,0,0,0,0,1,0,0,1,,,1,,,19370717,0,PAT01,h,PTC,1,0,0,regular,y,d
NW2193707170,gainj102,NW2,2,value,5,0,5,0,0,0,0,0,0,0,0,1,0,0,0,0,0,0,0,0,,,1,,1,,19370717,0,PAT01,h,PTC,1,0,0,regular,y,d
NW2193707181,mcdut101,NW2,,value,,,,,,,,,,,,,,,,,,,,,,1,,,,,19370718,1,NWK04,h,PTC,0,1,0,regular,,
NW2193707220,davir103,PTC,1,value,24,0,37,9,1,1,3,6,6,4,0,0,0,0,0,0,0,0,0,0,,1,,1,,1,19370722,0,NWK04,v,NW2,0,1,0,regular,y,d
NW2193707220,mcdut101,NW2,1,value,27,0,34,6,0,0,1,3,3,1,0,0,0,0,0,0,0,0,0,0,1,,,1,,1,19370722,0,NWK04,h,PTC,1,0,0,regular,y,d
NY5193707240,smitt105,PTC,1,value,27,0,43,14,0,2,1,8,6,0,0,0,0,1,0,0,0,2,0,0,1,,,1,,1,19370724,0,PAT01,v,NY5,1,0,0,regular,y,d
NY5193707240,barbb102,NY5,1,value,3,3,9,4,1,0,1,4,3,2,0,0,0,0,0,0,0,3,0,0,,,,1,,,19370724,0,PAT01,h,PTC,0,1,0,regular,y,d
NY5193707240,kinch101,NY5,2,value,9,7,22,13,4,0,2,9,9,0,0,0,0,0,0,1,0,0,0,0,,1,,,,,19370724,0,PAT01,h,PTC,0,1,0,regular,y,d
NY5193707240,willr106,NY5,3,value,15,0,20,3,1,0,0,2,1,2,0,0,0,0,0,0,0,0,0,0,,,,,1,,19370724,0,PAT01,h,PTC,0,1,0,regular,y,d
PTC193707290,owenr102,NW2,1,value,18,,28,8,,,2,6,,,,,,,,,,,,,,,,1,,,19370729,0,WNY02,v,PTC,0,1,0,regular,y,
PTC193707290,mcdut101,NW2,2,value,19,,25,3,,,0,2,,,,13,,,,,,,,,,1,,,1,,19370729,0,WNY02,v,PTC,0,1,0,regular,y,
PTC193707290,cainm101,PTC,1,value,39,,46,17,,,2,7,,,,13,,,,,,,,,1,,,1,,1,19370729,0,WNY02,h,NW2,1,0,0,regular,y,
PH5193707310,morrb104,PTC,1,value,27,,,,,2,,2,,,,,,,,,,,,,1,,,1,,1,19370731,0,PHI17,v,PH5,1,0,0,regular,,
PH5193708020,cainm101,PTC,1,value,,,,,,,,,,,,,,,,,,,,,,1,,1,,,19370802,0,PHI17,v,PH5,0,1,0,regular,,
PH5193708020,ellir105,PH5,1,value,,,,,,,,,,,,,,,,,,,,,1,,,1,,,19370802,0,PHI17,h,PTC,1,0,0,regular,,
PH5193708020,mcdow101,PH5,2,value,,,,,,,,,,,,,,,,,,,,,,,1,,1,,19370802,0,PHI17,h,PTC,1,0,0,regular,,
NW2193708110,morrb104,PTC,1,value,27,0,36,6,2,0,0,1,1,4,0,8,0,0,0,0,0,1,0,0,1,,,1,,1,19370811,0,YOR03,v,NW2,1,0,0,regular,y,d
NW2193708110,wrigj105,NW2,1,value,27,0,40,12,2,1,2,6,6,0,0,5,0,0,0,0,0,1,0,0,,1,,1,,1,19370811,0,YOR03,h,PTC,0,1,0,regular,y,d
PH5193708140,smitt105,PTC,1,value,27,,39,12,,,,9,,,,,,,,,,,,,1,,,1,1,1,19370814,0,PHI17,v,PH5,1,0,0,regular,y,
PH5193708140,missj102,PH5,1,value,12,,17,5,,,,3,,,,,,,,,,,,,,,,1,,,19370814,0,PHI17,h,PTC,0,1,0,regular,y,
PH5193708140,yokel101,PH5,2,value,9,,18,9,,,,6,,,,,,,,,,,,,,,,,,,19370814,0,PHI17,h,PTC,0,1,0,regular,y,
PH5193708140,lacep101,PH5,3,value,6,,9,3,,,,1,,,,,,,,,,,,,,1,,,1,,19370814,0,PHI17,h,PTC,0,1,0,regular,y,
WEG193708170,cainm101,PTC,1,value,12,0,21,7,5,0,0,7,4,2,0,2,0,0,0,0,0,0,1,0,,1,,1,,,19370817,0,PGK01,v,WEG,0,1,0,regular,y,d
WEG193708170,duncs101,PTC,2,value,6,0,12,5,0,0,0,3,3,2,0,0,0,0,0,0,0,0,0,0,,,,,,,19370817,0,PGK01,v,WEG,0,1,0,regular,y,d
WEG193708170,lewij104,PTC,3,value,6,0,9,2,0,0,0,1,0,1,0,0,0,0,0,0,0,0,0,0,,,,,1,,19370817,0,PGK01,v,WEG,0,1,0,regular,y,d
WEG193708170,gainj102,WEG,1,value,27,0,40,6,1,0,0,1,1,7,0,11,0,0,0,0,0,0,0,0,1,,,1,,1,19370817,0,PGK01,h,PTC,1,0,0,regular,y,d
NY5193708180,harvb101,PTC,1,value,24,0,38,8,0,0,2,4,3,5,0,0,0,0,0,2,0,0,0,0,,1,,1,,1,19370818,0,WNY02,v,NY5,0,1,0,regular,y,d
NY5193708180,rectc101,NY5,1,value,27,0,37,14,0,0,0,1,0,0,0,0,0,0,0,1,0,0,1,0,1,,,1,,1,19370818,0,WNY02,h,PTC,1,0,0,regular,y,d
HOM193708210,duncs101,PTC,1,value,15,,28,10,,,1,8,,3,,3,1,,,,,,,,,,,1,,,19370821,0,PIT09,v,HOM,0,1,0,regular,y,
HOM193708210,lewij104,PTC,2,value,28,,35,5,,,0,2,,2,,4,0,,,,,,,,,1,,,1,,19370821,0,PIT09,v,HOM,0,1,0,regular,y,
HOM193708210,parkt101,HOM,1,value,0,5,5,2,,,0,5,,2,,0,1,,,,,0,,,,,,1,,,19370821,0,PIT09,h,PTC,1,0,0,regular,y,
HOM193708210,walke103,HOM,2,value,9,,17,6,,,0,3,,2,,1,0,,,,,0,,,,,,,,,19370821,0,PIT09,h,PTC,1,0,0,regular,y,
HOM193708210,dulal101,HOM,3,value,36,,42,4,,,0,1,,4,,6,0,,,,,0,,,1,,,,1,,19370821,0,PIT09,h,PTC,1,0,0,regular,y,
PH5193708291,morrb104,PTC,1,value,24,0,33,6,3,0,0,2,2,6,0,7,0,1,0,0,0,0,1,0,,1,,1,,1,19370829,1,BAL10,v,PH5,0,1,0,regular,y,d
PH5193708291,mcdow101,PH5,1,value,27,0,30,3,0,0,1,1,1,0,0,3,0,0,0,1,0,0,0,0,1,,,1,,1,19370829,1,BAL10,h,PTC,1,0,0,regular,y,d
PH5193708292,davir103,PTC,1,value,18,0,27,6,2,0,0,4,3,2,0,5,1,0,0,1,0,0,0,0,,1,,1,,1,19370829,2,BAL10,v,PH5,0,1,0,regular,y,d
PH5193708292,missj102,PH5,1,value,16,0,20,6,3,0,0,3,3,0,0,2,0,0,0,0,0,0,2,0,1,,,1,,,19370829,2,BAL10,h,PTC,1,0,0,regular,y,d
PH5193708292,ellir105,PH5,2,value,5,0,8,2,0,0,0,0,0,2,0,2,0,0,0,2,0,0,1,0,,,1,,1,,19370829,2,BAL10,h,PTC,1,0,0,regular,y,d
PH5193709010,duncs101,PTC,1,value,19,0,29,9,1,1,0,4,4,1,0,5,0,0,0,1,0,0,0,0,,1,,1,,1,19370901,0,CHE02,v,PH5,0,1,0,regular,y,d
PH5193709010,missj102,PH5,1,value,21,0,27,7,2,0,0,3,3,1,0,3,0,0,0,0,0,0,0,0,1,,,1,,1,19370901,0,CHE02,h,PTC,1,0,0,regular,y,d
PTC193709061,browr103,HOM,1,value,27,,39,10,2,1,0,3,3,2,,3,,,,,,,,,1,,,1,,1,19370906,1,PIT09,v,PTC,1,0,0,regular,y,
PTC193709061,davir103,PTC,1,value,27,,43,15,3,0,1,8,8,1,,1,,,,,,,,,,1,,1,,1,19370906,1,PIT09,h,HOM,0,1,0,regular,y,
PTC193709062,dulal101,HOM,1,value,21,,,6,,,,3,,,,,,,,,,,,,1,,,1,,1,19370906,2,PIT09,v,PTC,1,0,0,regular,,
PTC193709062,harvb101,PTC,1,value,,,,,,,,,,,,,,,,,,,,,,1,,1,,,19370906,2,PIT09,h,HOM,0,1,0,regular,,
PTC193709062,smitt105,PTC,2,value,,,,,,,,,,,,,,,,,,,,,,,,,,,19370906,2,PIT09,h,HOM,0,1,0,regular,,
PTC193709062,duncs101,PTC,3,value,,,,,,,,,,,,,,,,,,,,,,,,,1,,19370906,2,PIT09,h,HOM,0,1,0,regular,,
