gid,visteam,hometeam,site,date,number,starttime,daynight,innings,tiebreaker,usedh,htbf,timeofgame,attendance,fieldcond,precip,sky,temp,winddir,windspeed,oscorer,forfeit,suspend,umphome,ump1b,ump2b,ump3b,umplf,umprf,wp,lp,save,gametype,vruns,hruns,wteam,lteam,line,batteries,lineups,box,pbp,season
AGS194410150,BIR,AGS,SFO01,19441015,0,,night,,,false,,125,7500,unknown,unknown,unknown,0,unknown,-1,,,,foreu901,coleu901,,,,,markj101,gibss101,,exhibition,7,4,BIR,AGS,y,both,y,y,d,1944
SPZ194510210,BIR,SPZ,SFO01,19451021,0,,day,,,false,,100,8300,unknown,unknown,unknown,0,unknown,-1,,,,fiora901,russu901,,,,,seatt101,thomf110,,exhibition,4,5,SPZ,BIR,y,both,y,y,d,1945
KCR194710170,ASF,KCR,SFO01,19471017,0,,night,,,,,,7786,,,,,,,,,,,,,,,,fellb101,newbj101,,exhibition,7,2,ASF,KCR,y,both,,,,1947
SFN195804150,LAN,SFN,SFO01,19580415,0,,day,,,false,,149,23448,unknown,unknown,unknown,0,unknown,-1,,,,conlj102,secof101,dixoh901,venzt901,,,gomer101,drysd101,,regular,0,8,SFN,LAN,y,both,y,y,y,1958
SFN195804160,LAN,SFN,SFO01,19580416,0,,night,,,false,,183,22735,unknown,unknown,unknown,0,unknown,-1,,,,secof101,dixoh901,venzt901,conlj102,,,podrj101,monzr101,,regular,13,1,LAN,SFN,y,both,y,y,y,1958
SFN195804170,LAN,SFN,SFO01,19580417,0,,day,,,false,,170,12520,unknown,unknown,unknown,0,unknown,-1,,,,dixoh901,venzt901,conlj102,secof101,,,barcc101,newcd101,grism101,regular,4,7,SFN,LAN,y,both,y,y,y,1958
SFN195804220,SLN,SFN,SFO01,19580422,0,,night,,,false,,180,22786,unknown,unknown,unknown,0,unknown,-1,,,,donaa901,dascf901,smitv101,craws901,,,mcdal101,antoj103,muffb101,regular,7,5,SLN,SFN,y,both,y,y,y,1958
SFN195804230,SLN,SFN,SFO01,19580423,0,,day,,,false,,181,14715,unknown,unknown,unknown,0,unknown,-1,,,,craws901,smitv101,dascf901,donaa901,,,grism101,clarp101,,regular,7,8,SFN,SLN,y,both,y,y,y,1958
SFN195804240,SLN,SFN,SFO01,19580424,0,,day,,,false,,200,13674,unknown,unknown,unknown,0,unknown,-1,,,,smitv101,dascf901,donaa901,craws901,,,cronr101,muffb101,,regular,5,6,SFN,SLN,y,both,y,y,y,1958
SFN195804250,CHN,SFN,SFO01,19580425,0,,night,,,false,,125,16870,unknown,unknown,unknown,0,unknown,-1,,,,dascf901,donaa901,craws901,smitv101,,,monzr101,brosj101,,regular,0,2,SFN,CHN,y,both,y,y,y,1958
SFN195804260,CHN,SFN,SFO01,19580426,0,,day,,,false,,126,19284,unknown,unknown,unknown,0,unknown,-1,,,,donaa901,craws901,smitv101,dascf901,,,antoj103,hobbg101,,regular,1,3,SFN,CHN,y,both,y,y,y,1958
SFN195804270,CHN,SFN,SFO01,19580427,0,,day,,,false,,156,22696,unknown,unknown,unknown,0,unknown,-1,,,,craws901,smitv101,dascf901,donaa901,,,elstd101,grism101,rodrf101,regular,5,4,CHN,SFN,y,both,y,y,y,1958
SFN195804290,PHI,SFN,SFO01,19580429,0,,day,,,false,,169,6801,unknown,unknown,unknown,0,unknown,-1,,,,lands901,delmv901,barla901,jackb901,,,simmc101,monzr101,farrt101,regular,7,4,PHI,SFN,y,both,y,y,y,1958
SFN195804300,PHI,SFN,SFO01,19580430,0,,day,,,false,,133,7886,unknown,unknown,unknown,0,unknown,-1,,,,delmv901,barla901,jackb901,lands901,,,antoj103,rober102,,regular,1,10,SFN,PHI,y,both,y,y,y,1958
SFN195805010,PHI,SFN,SFO01,19580501,0,,day,,,false,,130,6728,unknown,unknown,unknown,0,unknown,-1,,,,barla901,jackb901,lands901,delmv901,,,sempr101,gomer101,,regular,7,0,PHI,SFN,y,both,y,y,y,1958
SFN195805020,PHI,SFN,SFO01,19580502,0,,night,,,false,,158,13486,unknown,unknown,unknown,0,unknown,-1,,,,jackb901,lands901,delmv901,barla901,,,mccom103,sanfj101,grism101,regular,2,4,SFN,PHI,y,both,y,y,y,1958
SFN195805030,PHI,SFN,SFO01,19580503,0,,day,,,false,,148,13073,unknown,unknown,unknown,0,unknown,-1,,,,lands901,delmv901,barla901,jackb901,,,simmc101,monzr101,farrt101,regular,4,2,PHI,SFN,y,both,y,y,y,1958
SFN195805041,PIT,SFN,SFO01,19580504,1,,day,,,false,,147,0,unknown,unknown,unknown,0,unknown,-1,,,,dascf901,donaa901,craws901,smitv101,,,klinr102,antoj103,facer101,regular,6,2,PIT,SFN,y,both,y,y,y,1958
SFN195805042,PIT,SFN,SFO01,19580504,2,,day,,,false,,184,22721,unknown,unknown,unknown,0,unknown,-1,,,,donaa901,craws901,smitv101,dascf901,,,worta101,facer101,,regular,3,4,SFN,PIT,y,both,y,y,y,1958
SFN195805050,PIT,SFN,SFO01,19580505,0,,day,,,false,,181,5506,unknown,unknown,unknown,0,unknown,-1,,,,craws901,smitv101,dascf901,donaa901,,,law-v101,gomer101,grosd101,regular,11,10,PIT,SFN,y,both,y,y,y,1958
SFN195805060,PIT,SFN,SFO01,19580506,0,,night,,,false,,134,10849,unknown,unknown,unknown,0,unknown,-1,,,,smitv101,dascf901,donaa901,craws901,,,mccom103,danib102,,regular,0,7,SFN,PIT,y,both,y,y,y,1958
SFN195805070,PIT,SFN,SFO01,19580507,0,,day,,,false,,169,8052,unknown,unknown,unknown,0,unknown,-1,,,,dascf901,donaa901,craws901,smitv101,,,worta101,frieb102,grism101,regular,6,8,SFN,PIT,y,both,y,y,y,1958
SFN195805090,LAN,SFN,SFO01,19580509,0,,night,,,false,,157,20653,unknown,unknown,unknown,0,unknown,-1,,,,boggd901,sudoe901,gormt101,burkk101,,,monzr101,mcded101,,regular,3,11,SFN,LAN,y,both,y,y,y,1958
SFN195805100,LAN,SFN,SFO01,19580510,0,,day,,,false,,117,20774,unknown,unknown,unknown,0,unknown,-1,,,,sudoe901,gormt101,burkk101,boggd901,,,grism101,podrj101,,regular,2,3,SFN,LAN,y,both,y,y,y,1958
SFN195806030,MLN,SFN,SFO01,19580603,0,,night,,,false,,171,22934,unknown,unknown,unknown,0,unknown,-1,,,,venzt901,conlj102,secof101,delmv901,,,mcmad102,gomer101,johne101,regular,7,6,MLN,SFN,y,both,y,y,y,1958
SFN195806040,MLN,SFN,SFO01,19580604,0,,day,,,false,,215,20886,unknown,unknown,unknown,0,unknown,-1,,,,conlj102,secof101,delmv901,venzt901,,,johne101,mills101,conlg101,regular,10,9,MLN,SFN,y,both,y,y,y,1958
SFN195806050,MLN,SFN,SFO01,19580605,0,,day,,,false,,188,19891,unknown,unknown,unknown,0,unknown,-1,,,,secof101,delmv901,venzt901,conlj102,,,consj101,conlg101,,regular,4,5,SFN,MLN,y,both,y,y,y,1958
SFN195806060,CIN,SFN,SFO01,19580606,0,,night,,,false,,145,21952,unknown,unknown,unknown,0,unknown,-1,,,,barla901,jackb901,lands901,delmv901,,,schmw101,monzr101,,regular,5,4,CIN,SFN,y,both,y,y,y,1958
SFN195806070,CIN,SFN,SFO01,19580607,0,,day,,,false,,146,20297,unknown,unknown,unknown,0,unknown,-1,,,,jackb901,lands901,delmv901,barla901,,,worta101,nuxhj101,,regular,3,7,SFN,CIN,y,both,y,y,y,1958
SFN195806080,CIN,SFN,SFO01,19580608,0,,day,,,false,,156,22396,unknown,unknown,unknown,0,unknown,-1,,,,lands901,delmv901,barla901,jackb901,,,lawrb103,grism101,,regular,6,3,CIN,SFN,y,both,y,y,y,1958
SFN195806090,CIN,SFN,SFO01,19580609,0,,day,,,false,,111,10350,unknown,unknown,unknown,0,unknown,-1,,,,delmv901,barla901,jackb901,lands901,,,purkb101,antoj103,,regular,3,0,CIN,SFN,y,both,y,y,y,1958
SFN195806100,PIT,SFN,SFO01,19580610,0,,night,,,false,,125,16621,unknown,unknown,unknown,0,unknown,-1,,,,barla901,jackb901,(none),lands901,,,frieb102,monzr101,,regular,5,4,PIT,SFN,y,both,y,y,y,1958
SFN195806110,PIT,SFN,SFO01,19580611,0,,day,,,false,,158,7912,unknown,unknown,unknown,0,unknown,-1,,,,jackb901,lands901,(none),barla901,,,law-v101,gomer101,facer101,regular,14,6,PIT,SFN,y,both,y,y,y,1958
SFN195806120,PIT,SFN,SFO01,19580612,0,,day,,,false,,154,9273,unknown,unknown,unknown,0,unknown,-1,,,,lands901,barla901,(none),jackb901,,,raydc101,gielp101,,regular,2,1,PIT,SFN,y,both,y,y,y,1958
SFN195806130,PHI,SFN,SFO01,19580613,0,,night,,,false,,117,18068,unknown,unknown,unknown,0,unknown,-1,,,,venzt901,conlj102,(none),secof101,,,antoj103,rober102,,regular,1,6,SFN,PHI,y,both,y,y,y,1958
SFN195806140,PHI,SFN,SFO01,19580614,0,,day,,,false,,127,16363,unknown,unknown,unknown,0,unknown,-1,,,,conlj102,secof101,(none),venzt901,,,sempr101,monzr101,,regular,3,2,PHI,SFN,y,both,y,y,y,1958
SFN195806150,PHI,SFN,SFO01,19580615,0,,day,,,false,,125,22462,unknown,unknown,unknown,0,unknown,-1,,,,secof101,venzt901,(none),conlj102,,,worta101,simmc101,,regular,1,3,SFN,PHI,y,both,y,y,y,1958
SFN195807030,CHN,SFN,SFO01,19580703,0,,day,,,false,,169,9477,unknown,unknown,unknown,0,unknown,-1,,,,dascf901,donaa901,craws901,smitv101,,,hobbg101,gielp101,elstd101,regular,4,3,CHN,SFN,y,both,y,y,y,1958
SFN195807041,CHN,SFN,SFO01,19580704,1,,day,,,false,,180,0,unknown,unknown,unknown,0,unknown,-1,,,,donaa901,craws901,smitv101,dascf901,,,grism101,hobbg101,,regular,5,6,SFN,CHN,y,both,y,y,y,1958
SFN195807042,CHN,SFN,SFO01,19580704,2,,day,,,false,,145,22715,unknown,unknown,unknown,0,unknown,-1,,,,craws901,smitv101,donaa901,dascf901,,,hilld102,antoj103,,regular,6,1,CHN,SFN,y,both,y,y,y,1958
SFN195807050,SLN,SFN,SFO01,19580705,0,,day,,,false,,136,22679,unknown,unknown,unknown,0,unknown,-1,,,,gormt101,burkk101,(none),boggd901,,,mccom103,jackl102,,regular,4,5,SFN,SLN,y,both,y,y,y,1958
SFN195807060,SLN,SFN,SFO01,19580706,0,,day,,,false,,150,22736,unknown,unknown,unknown,0,unknown,-1,,,,burkk101,boggd901,(none),gormt101,,,worta101,jackl102,,regular,4,5,SFN,SLN,y,both,y,y,y,1958
SFN195807100,CIN,SFN,SFO01,19580710,0,,night,,,false,,150,19349,unknown,unknown,unknown,0,unknown,-1,,,,boggd901,sudoe901,gormt101,burkk101,,,purkb101,worta101,,regular,4,0,CIN,SFN,y,both,y,y,y,1958
SFN195807110,CIN,SFN,SFO01,19580711,0,,day,,,false,,219,10216,unknown,unknown,unknown,0,unknown,-1,,,,sudoe901,gormt101,burkk101,boggd901,,,monzr101,jeffh101,,regular,4,7,SFN,CIN,y,both,y,y,y,1958
SFN195807120,MLN,SFN,SFO01,19580712,0,,day,,,false,,141,22806,unknown,unknown,unknown,0,unknown,-1,,,,dascf901,donaa901,craws901,smitv101,,,antoj103,spahw101,,regular,3,5,SFN,MLN,y,both,y,y,y,1958
SFN195807130,MLN,SFN,SFO01,19580713,0,,day,,,false,,165,22833,unknown,unknown,unknown,0,unknown,-1,,,,donaa901,craws901,smitv101,dascf901,,,mccom103,johne101,,regular,5,6,SFN,MLN,y,both,y,y,y,1958
SFN195807140,MLN,SFN,SFO01,19580714,0,,day,,,false,,194,22864,unknown,unknown,unknown,0,unknown,-1,,,,craws901,smitv101,dascf901,donaa901,,,burdl101,worta101,,regular,12,3,MLN,SFN,y,both,y,y,y,1958
SFN195807150,PHI,SFN,SFO01,19580715,0,,night,,,false,,125,14523,unknown,unknown,unknown,0,unknown,-1,,,,secof101,venzt901,conlj102,craws901,,,mccom103,rober102,,regular,0,1,SFN,PHI,y,both,y,y,y,1958
SFN195807160,PHI,SFN,SFO01,19580716,0,,day,,,false,,139,10250,unknown,unknown,unknown,0,unknown,-1,,,,venzt901,conlj102,craws901,secof101,,,antoj103,sanfj101,,regular,2,9,SFN,PHI,y,both,y,y,y,1958
SFN195807170,PHI,SFN,SFO01,19580717,0,,day,,,false,,180,10259,unknown,unknown,unknown,0,unknown,-1,,,,conlj102,craws901,secof101,venzt901,,,grism101,farrt101,,regular,7,8,SFN,PHI,y,both,y,y,y,1958
SFN195807180,PIT,SFN,SFO01,19580718,0,,night,,,false,,120,22770,unknown,unknown,unknown,0,unknown,-1,,,,delmv901,barla901,jackb901,lands901,,,mills101,law-v101,grism101,regular,4,5,SFN,PIT,y,both,y,y,y,1958
SFN195807190,PIT,SFN,SFO01,19580719,0,,day,,,false,,150,19685,unknown,unknown,unknown,0,unknown,-1,,,,barla901,jackb901,lands901,delmv901,,,monzr101,portb102,antoj103,regular,4,5,SFN,PIT,y,both,y,y,y,1958
SFN195807200,PIT,SFN,SFO01,19580720,0,,day,,,false,,150,22814,unknown,unknown,unknown,0,unknown,-1,,,,jackb901,lands901,delmv901,barla901,,,gielp101,frieb102,gomer101,regular,3,7,SFN,PIT,y,both,y,y,y,1958
SFN195808120,SLN,SFN,SFO01,19580812,0,,night,,,false,,154,22892,unknown,unknown,unknown,0,unknown,-1,,,,dascf901,donaa901,craws901,smitv101,,,jones105,mccom103,,regular,7,3,SLN,SFN,y,both,y,y,y,1958
SFN195808130,SLN,SFN,SFO01,19580813,0,,day,,,false,,140,17346,unknown,unknown,unknown,0,unknown,-1,,,,donaa901,craws901,smitv101,dascf901,,,gomer101,mizew101,,regular,2,11,SFN,SLN,y,both,y,y,y,1958
SFN195808140,SLN,SFN,SFO01,19580814,0,,day,,,false,,136,14837,unknown,unknown,unknown,0,unknown,-1,,,,craws901,smitv101,dascf901,donaa901,,,antoj103,muffb101,grism101,regular,3,4,SFN,SLN,y,both,y,y,y,1958
SFN195808150,CHN,SFN,SFO01,19580815,0,,night,,,false,,174,17036,unknown,unknown,unknown,0,unknown,-1,,,,burkk101,dixoh901,gormt101,boggd901,,,hilld102,mills101,,regular,3,1,CHN,SFN,y,both,y,y,y,1958
SFN195808160,CHN,SFN,SFO01,19580816,0,,day,,,false,,143,17617,unknown,unknown,unknown,0,unknown,-1,,,,dixoh901,gormt101,boggd901,burkk101,,,mccom103,drotd101,joneg101,regular,4,7,SFN,CHN,y,both,y,y,y,1958
SFN195808170,CHN,SFN,SFO01,19580817,0,,day,,,false,,142,20892,unknown,unknown,unknown,0,unknown,-1,,,,gormt101,boggd901,burkk101,dixoh901,,,worta101,drabm101,,regular,6,8,SFN,CHN,y,both,y,y,y,1958
SFN195808190,CIN,SFN,SFO01,19580819,0,,day,,,false,,154,9822,unknown,unknown,unknown,0,unknown,-1,,,,delmv901,lands901,barla901,jackb901,,,antoj103,jeffh101,,regular,3,4,SFN,CIN,y,both,y,y,y,1958
SFN195808200,CIN,SFN,SFO01,19580820,0,,day,,,false,,144,10212,unknown,unknown,unknown,0,unknown,-1,,,,lands901,barla901,jackb901,delmv901,,,worta101,lawrb103,grism101,regular,3,4,SFN,CIN,y,both,y,y,y,1958
SFN195808210,CIN,SFN,SFO01,19580821,0,,day,,,false,,160,10983,unknown,unknown,unknown,0,unknown,-1,,,,barla901,jackb901,delmv901,lands901,,,newcd101,mccom103,,regular,8,1,CIN,SFN,y,both,y,y,y,1958
SFN195808220,CIN,SFN,SFO01,19580822,0,,night,,,false,,141,17786,unknown,unknown,unknown,0,unknown,-1,,,,jackb901,delmv901,lands901,barla901,,,lawrb103,grism101,,regular,7,3,CIN,SFN,y,both,y,y,y,1958
SFN195808230,CIN,SFN,SFO01,19580823,0,,day,,,false,,148,17714,unknown,unknown,unknown,0,unknown,-1,,,,delmv901,lands901,barla901,jackb901,,,gielp101,purkb101,,regular,2,5,SFN,CIN,y,both,y,y,y,1958
SFN195808240,MLN,SFN,SFO01,19580824,0,,day,,,false,,167,22913,unknown,unknown,unknown,0,unknown,-1,,,,sudoe901,secof101,conlj102,venzt901,,,mcmad102,worta101,,regular,8,5,MLN,SFN,y,both,y,y,y,1958
SFN195808250,MLN,SFN,SFO01,19580825,0,,night,,,false,,150,21433,unknown,unknown,unknown,0,unknown,-1,,,,venzt901,conlj102,secof101,sudoe901,,,spahw101,mccom103,,regular,6,1,MLN,SFN,y,both,y,y,y,1958
SFN195808260,MLN,SFN,SFO01,19580826,0,,day,,,false,,150,20297,unknown,unknown,unknown,0,unknown,-1,,,,conlj102,secof101,sudoe901,venzt901,,,burdl101,gomer101,,regular,7,3,MLN,SFN,y,both,y,y,y,1958
SFN195808270,MLN,SFN,SFO01,19580827,0,,night,,,false,,203,21389,unknown,unknown,unknown,0,unknown,-1,,,,secof101,sudoe901,venzt901,conlj102,,,worta101,trowb101,,regular,2,3,SFN,MLN,y,both,y,y,y,1958
SFN195808280,MLN,SFN,SFO01,19580828,0,,day,,,false,,148,19018,unknown,unknown,unknown,0,unknown,-1,,,,sudoe901,venzt901,conlj102,secof101,,,rushb101,antoj103,,regular,3,0,MLN,SFN,y,both,y,y,y,1958
SFN195808290,LAN,SFN,SFO01,19580829,0,,night,,,false,,164,18433,unknown,unknown,unknown,0,unknown,-1,,,,boggd901,dixoh901,gormt101,burkk101,,,drysd101,gielp101,,regular,4,1,LAN,SFN,y,both,y,y,y,1958
SFN195808301,LAN,SFN,SFO01,19580830,1,,day,,,false,,130,16905,unknown,unknown,unknown,0,unknown,-1,,,,dixoh901,gormt101,burkk101,boggd901,,,gomer101,mcded101,worta101,regular,2,3,SFN,LAN,y,both,y,y,y,1958
SFN195808302,LAN,SFN,SFO01,19580830,2,,night,,,false,,110,9865,unknown,unknown,unknown,0,unknown,-1,,,,gormt101,burkk101,boggd901,dixoh901,,,mccom103,labic101,,regular,1,3,SFN,LAN,y,both,y,y,y,1958
SFN195808310,LAN,SFN,SFO01,19580831,0,,day,,,false,,150,20744,unknown,unknown,unknown,0,unknown,-1,,,,burkk101,boggd901,dixoh901,gormt101,,,mills101,koufs101,,regular,2,14,SFN,LAN,y,both,y,y,y,1958
SFN195809011,LAN,SFN,SFO01,19580901,1,,day,,,false,,154,14121,unknown,unknown,unknown,0,unknown,-1,,,,boggd901,dixoh901,gormt101,burkk101,,,joneg101,labic101,worta101,regular,6,8,SFN,LAN,y,both,y,y,y,1958
SFN195809012,LAN,SFN,SFO01,19580901,2,,day,,,false,,275,19800,unknown,unknown,unknown,0,unknown,-1,,,,dixoh901,gormt101,burkk101,boggd901,,,mccom103,podrj101,,regular,5,6,SFN,LAN,y,both,y,y,y,1958
SFN195809230,CHN,SFN,SFO01,19580923,0,,night,,,false,,181,12713,unknown,unknown,unknown,0,unknown,-1,,,,secof101,conlj102,sudoe901,venzt901,,,singe101,mills101,,regular,3,2,CHN,SFN,y,both,y,y,y,1958
SFN195809240,CHN,SFN,SFO01,19580924,0,,day,,,false,,184,7887,unknown,unknown,night,0,unknown,-1,,,,conlj102,secof101,venzt901,sudoe901,,,elstd101,monzr101,,regular,10,3,CHN,SFN,y,both,y,y,y,1958
SFN195809260,SLN,SFN,SFO01,19580926,0,,night,,,false,,125,21376,unknown,unknown,unknown,0,unknown,-1,,,,sudoe901,venzt901,secof101,conlj102,,,antoj103,smitb112,worta101,regular,3,4,SFN,SLN,y,both,y,y,y,1958
SFN195809270,SLN,SFN,SFO01,19580927,0,,day,,,false,,164,18753,unknown,unknown,unknown,0,unknown,-1,,,,venzt901,sudoe901,conlj102,secof101,,,mabeb101,monzr101,brosj101,regular,11,7,SLN,SFN,y,both,y,y,y,1958
SFN195809280,SLN,SFN,SFO01,19580928,0,,day,,,false,,153,19435,unknown,unknown,unknown,0,unknown,-1,,,,secof101,venzt901,sudoe901,conlj102,,,zannd101,jones105,worta101,regular,2,7,SFN,SLN,y,both,y,y,y,1958
SFN195904140,CHN,SFN,SFO01,19590414,0,,day,,,false,,157,22522,unknown,unknown,unknown,0,unknown,-1,,,,delmv901,barla901,jackb901,craws901,,,hilld102,sanfj101,elstd101,regular,5,2,CHN,SFN,y,both,y,y,y,1959
SFN195904150,CHN,SFN,SFO01,19590415,0,,night,,,false,,164,15479,unknown,unknown,unknown,0,unknown,-1,,,,barla901,jackb901,craws901,delmv901,,,antoj103,drabm101,,regular,1,7,SFN,CHN,y,both,y,y,y,1959
SFN195904160,CHN,SFN,SFO01,19590416,0,,day,,,false,,176,11056,unknown,unknown,unknown,0,unknown,-1,,,,jackb901,craws901,delmv901,barla901,,,hobbg101,jones105,elstd101,regular,11,3,CHN,SFN,y,both,y,y,y,1959
SFN195904170,SLN,SFN,SFO01,19590417,0,,night,,,false,,166,19945,unknown,unknown,unknown,0,unknown,-1,,,,sudoe901,gormt101,boggd901,lands901,,,mizew101,mccom103,,regular,4,1,SLN,SFN,y,both,y,y,y,1959
SFN195904180,SLN,SFN,SFO01,19590418,0,,day,,,false,,143,19393,unknown,unknown,unknown,0,unknown,-1,,,,gormt101,boggd901,lands901,sudoe901,,,sanfj101,mcdal101,,regular,1,8,SFN,SLN,y,both,y,y,y,1959
SFN195904190,SLN,SFN,SFO01,19590419,0,,day,,,false,,125,22785,unknown,unknown,unknown,0,unknown,-1,,,,boggd901,lands901,sudoe901,gormt101,,,antoj103,jackl102,,regular,1,3,SFN,SLN,y,both,y,y,y,1959
SFN195905070,LAN,SFN,SFO01,19590507,0,,day,,,false,,154,14216,unknown,unknown,unknown,0,unknown,-1,,,,smitv101,dascf901,secof101,dixoh901,,,wills102,sanfj101,,regular,2,1,LAN,SFN,y,both,y,y,y,1959
SFN195905080,LAN,SFN,SFO01,19590508,0,,night,,,false,,154,22706,unknown,unknown,unknown,0,unknown,-1,,,,dascf901,secof101,dixoh901,smitv101,,,antoj103,mcded101,,regular,3,9,SFN,LAN,y,both,y,y,y,1959
SFN195905090,LAN,SFN,SFO01,19590509,0,,day,,,false,,181,22679,unknown,unknown,unknown,0,unknown,-1,,,,secof101,dixoh901,smitv101,dascf901,,,labic101,joneg101,,regular,6,5,LAN,SFN,y,both,y,y,y,1959
SFN195905100,LAN,SFN,SFO01,19590510,0,,day,,,false,,138,22641,unknown,unknown,unknown,0,unknown,-1,,,,dixoh901,smitv101,dascf901,secof101,,,podrj101,mccom103,labic101,regular,3,2,LAN,SFN,y,both,y,y,y,1959
SFN195905110,PIT,SFN,SFO01,19590511,0,,night,,,false,,157,13789,unknown,unknown,unknown,0,unknown,-1,,,,conlj102,burkk101,venzt901,donaa901,,,sanfj101,danib102,,regular,4,14,SFN,PIT,y,both,y,y,y,1959
SFN195905120,PIT,SFN,SFO01,19590512,0,,day,,,false,,231,8084,unknown,unknown,unknown,0,unknown,-1,,,,burkk101,venzt901,donaa901,conlj102,,,danib102,joneg101,,regular,6,5,PIT,SFN,y,both,y,y,y,1959
SFN195905130,PHI,SFN,SFO01,19590513,0,,day,,,false,,136,5128,unknown,unknown,unknown,0,unknown,-1,,,,venzt901,donaa901,conlj102,burkk101,,,jones105,gomer101,,regular,0,6,SFN,PHI,y,both,y,y,y,1959
SFN195905140,PHI,SFN,SFO01,19590514,0,,day,,,false,,143,6235,unknown,unknown,unknown,0,unknown,-1,,,,donaa901,conlj102,burkk101,venzt901,,,mccom103,sempr101,,regular,0,8,SFN,PHI,y,both,y,y,y,1959
SFN195905150,CIN,SFN,SFO01,19590515,0,,night,,,false,,157,21614,unknown,unknown,unknown,0,unknown,-1,,,,smitv101,dascf901,secof101,dixoh901,,,newcd101,sanfj101,,regular,5,2,CIN,SFN,y,both,y,y,y,1959
SFN195905160,CIN,SFN,SFO01,19590516,0,,day,,,false,,139,18911,unknown,unknown,unknown,0,unknown,-1,,,,dascf901,secof101,dixoh901,smitv101,,,antoj103,lawrb103,,regular,2,9,SFN,CIN,y,both,y,y,y,1959
SFN195905170,CIN,SFN,SFO01,19590517,0,,day,,,false,,140,22725,unknown,unknown,unknown,0,unknown,-1,,,,secof101,dixoh901,smitv101,dascf901,,,mills101,purkb101,,regular,1,9,SFN,CIN,y,both,y,y,y,1959
SFN195905180,MLN,SFN,SFO01,19590518,0,,day,,,false,,159,17524,unknown,unknown,unknown,0,unknown,-1,,,,venzt901,donaa901,conlj102,burkk101,,,spahw101,jones105,,regular,4,2,MLN,SFN,y,both,y,y,y,1959
SFN195905190,MLN,SFN,SFO01,19590519,0,,night,,,false,,152,22910,unknown,unknown,unknown,0,unknown,-1,,,,donaa901,conlj102,burkk101,venzt901,,,jay-j101,sanfj101,,regular,8,1,MLN,SFN,y,both,y,y,y,1959
SFN195905200,MLN,SFN,SFO01,19590520,0,,day,,,false,,135,17825,unknown,unknown,unknown,0,unknown,-1,,,,conlj102,burkk101,venzt901,donaa901,,,mccom103,buhlb101,jones105,regular,3,6,SFN,MLN,y,both,y,y,y,1959
SFN195905250,LAN,SFN,SFO01,19590525,0,,day,,,false,,139,9173,unknown,unknown,unknown,0,unknown,-1,,,,jackb901,craws901,delmv901,barla901,,,podrj101,mccom103,,regular,8,0,LAN,SFN,y,both,y,y,y,1959
SFN195905260,LAN,SFN,SFO01,19590526,0,,night,,,false,,142,18471,unknown,unknown,unknown,0,unknown,-1,,,,craws901,delmv901,barla901,jackb901,,,joneg101,koufs101,,regular,4,6,SFN,LAN,y,both,y,y,y,1959
SFN195905270,SLN,SFN,SFO01,19590527,0,,day,,,false,,131,8017,unknown,unknown,unknown,0,unknown,-1,,,,delmv901,barla901,jackb901,craws901,,,antoj103,blayg101,worta101,regular,4,9,SFN,SLN,y,both,y,y,y,1959
SFN195905280,SLN,SFN,SFO01,19590528,0,,day,,,false,,171,7814,unknown,unknown,unknown,0,unknown,-1,,,,barla901,jackb901,craws901,delmv901,,,mills101,mcdal101,mccom103,regular,4,5,SFN,SLN,y,both,y,y,y,1959
SFN195905290,SLN,SFN,SFO01,19590529,0,,night,,,false,,158,20199,unknown,unknown,unknown,0,unknown,-1,,,,jackb901,craws901,delmv901,barla901,,,mizew101,sanfj101,mcdal101,regular,4,2,SLN,SFN,y,both,y,y,y,1959
SFN195905300,CHN,SFN,SFO01,19590530,0,,day,,,false,,145,21890,unknown,unknown,unknown,0,unknown,-1,,,,gormt101,lands901,boggd901,sudoe901,,,mccom103,andeb102,,regular,2,5,SFN,CHN,y,both,y,y,y,1959
SFN195905310,CHN,SFN,SFO01,19590531,0,,day,,,false,,145,21828,unknown,unknown,unknown,0,unknown,-1,,,,lands901,boggd901,sudoe901,gormt101,,,antoj103,hobbg101,mills101,regular,3,6,SFN,CHN,y,both,y,y,y,1959
SFN195906160,CIN,SFN,SFO01,19590616,0,,night,,,false,,170,20939,unknown,unknown,unknown,0,unknown,-1,,,,burkk101,venzt901,donaa901,conlj102,,,newcd101,mccom103,,regular,2,1,CIN,SFN,y,both,y,y,y,1959
SFN195906170,CIN,SFN,SFO01,19590617,0,,day,,,false,,180,13037,unknown,unknown,unknown,0,unknown,-1,,,,venzt901,donaa901,conlj102,burkk101,,,antoj103,penao101,jones105,regular,5,7,SFN,CIN,y,both,y,y,y,1959
SFN195906180,CIN,SFN,SFO01,19590618,0,,day,,,false,,157,11449,unknown,unknown,unknown,0,unknown,-1,,,,donaa901,conlj102,burkk101,venzt901,,,mills101,nuxhj101,,regular,3,8,SFN,CIN,y,both,y,y,y,1959
SFN195906190,MLN,SFN,SFO01,19590619,0,,night,,,false,,150,22984,unknown,unknown,unknown,0,unknown,-1,,,,dixoh901,smitv101,dascf901,secof101,,,jones105,buhlb101,,regular,3,4,SFN,MLN,y,both,y,y,y,1959
SFN195906200,MLN,SFN,SFO01,19590620,0,,day,,,false,,155,22905,unknown,unknown,unknown,0,unknown,-1,,,,smitv101,dascf901,secof101,dixoh901,,,burdl101,mccom103,,regular,4,1,MLN,SFN,y,both,y,y,y,1959
SFN195906210,MLN,SFN,SFO01,19590621,0,,day,,,false,,149,22934,unknown,unknown,unknown,0,unknown,-1,,,,dascf901,secof101,dixoh901,smitv101,,,spahw101,antoj103,,regular,13,3,MLN,SFN,y,both,y,y,y,1959
SFN195906220,PIT,SFN,SFO01,19590622,0,,day,,,false,,135,11002,unknown,unknown,unknown,0,unknown,-1,,,,sudoe901,gormt101,lands901,boggd901,,,fishe102,klinr102,worta101,regular,1,4,SFN,PIT,y,both,y,y,y,1959
SFN195906230,PIT,SFN,SFO01,19590623,0,,night,,,false,,161,22706,unknown,unknown,unknown,0,unknown,-1,,,,gormt101,lands901,boggd901,sudoe901,,,law-v101,jones105,,regular,5,1,PIT,SFN,y,both,y,y,y,1959
SFN195906240,PIT,SFN,SFO01,19590624,0,,day,,,false,,163,12643,unknown,unknown,unknown,0,unknown,-1,,,,lands901,boggd901,sudoe901,gormt101,,,mccom103,danib102,,regular,3,4,SFN,PIT,y,both,y,y,y,1959
SFN195906250,PIT,SFN,SFO01,19590625,0,,day,,,false,,175,11487,unknown,unknown,unknown,0,unknown,-1,,,,boggd901,sudoe901,gormt101,lands901,,,facer101,fishe102,,regular,3,1,PIT,SFN,y,both,y,y,y,1959
SFN195906260,PHI,SFN,SFO01,19590626,0,,night,,,false,,136,15816,unknown,unknown,unknown,0,unknown,-1,,,,barla901,jackb901,craws901,delmv901,,,mccom103,owenj101,,regular,0,8,SFN,PHI,y,both,y,y,y,1959
SFN195906270,PHI,SFN,SFO01,19590627,0,,day,,,false,,164,16194,unknown,unknown,unknown,0,unknown,-1,,,,jackb901,craws901,delmv901,barla901,,,conlg101,jones105,,regular,7,4,PHI,SFN,y,both,y,y,y,1959
SFN195906280,PHI,SFN,SFO01,19590628,0,,day,,,false,,130,20793,unknown,unknown,unknown,0,unknown,-1,,,,craws901,delmv901,barla901,jackb901,,,antoj103,sempr101,,regular,0,6,SFN,PHI,y,both,y,y,y,1959
SFN195907200,LAN,SFN,SFO01,19590720,0,,day,,,false,,143,22777,unknown,unknown,unknown,0,unknown,-1,,,,burkk101,conlj102,venzt901,donaa901,,,drysd101,antoj103,,regular,3,2,LAN,SFN,y,both,y,y,y,1959
SFN195907210,LAN,SFN,SFO01,19590721,0,,day,,,false,,132,22252,unknown,unknown,unknown,0,unknown,-1,,,,conlj102,venzt901,donaa901,burkk101,,,crair101,jones105,,regular,1,0,LAN,SFN,y,both,y,y,y,1959
SFN195907220,SLN,SFN,SFO01,19590722,0,,night,,,false,,144,20949,unknown,unknown,unknown,0,unknown,-1,,,,venzt901,donaa901,burkk101,conlj102,,,mccom103,rickd101,,regular,1,6,SFN,SLN,y,both,y,y,y,1959
SFN195907230,SLN,SFN,SFO01,19590723,0,,day,,,false,,142,12516,unknown,unknown,unknown,0,unknown,-1,,,,donaa901,burkk101,conlj102,venzt901,,,sanfj101,mizew101,,regular,1,5,SFN,SLN,y,both,y,y,y,1959
SFN195907240,CHN,SFN,SFO01,19590724,0,,night,,,false,,226,22865,unknown,unknown,unknown,0,unknown,-1,,,,burkk101,conlj102,venzt901,donaa901,,,jones105,elstd101,,regular,5,6,SFN,CHN,y,both,y,y,y,1959
SFN195907250,CHN,SFN,SFO01,19590725,0,,day,,,false,,139,20261,unknown,unknown,unknown,0,unknown,-1,,,,conlj102,venzt901,donaa901,burkk101,,,cecca101,mills101,,regular,5,3,CHN,SFN,y,both,y,y,y,1959
SFN195907260,CHN,SFN,SFO01,19590726,0,,day,,,false,,169,22715,unknown,unknown,unknown,0,unknown,-1,,,,venzt901,donaa901,burkk101,conlj102,,,andeb102,mccom103,,regular,7,3,CHN,SFN,y,both,y,y,y,1959
SFN195907280,PHI,SFN,SFO01,19590728,0,,night,,,false,,161,15350,unknown,unknown,unknown,0,unknown,-1,,,,dixoh901,smitv101,dascf901,secof101,,,owenj101,mills101,,regular,3,2,PHI,SFN,y,both,y,y,y,1959
SFN195907290,PHI,SFN,SFO01,19590729,0,,day,,,false,,121,10865,unknown,unknown,unknown,0,unknown,-1,,,,smitv101,dascf901,secof101,dixoh901,,,cardd101,antoj103,,regular,3,1,PHI,SFN,y,both,y,y,y,1959
SFN195907300,PHI,SFN,SFO01,19590730,0,,day,,,false,,130,10114,unknown,unknown,unknown,0,unknown,-1,,,,dascf901,secof101,dixoh901,smitv101,,,mccom103,rober102,,regular,2,7,SFN,PHI,y,both,y,y,y,1959
SFN195907310,PIT,SFN,SFO01,19590731,0,,night,,,false,,148,22371,unknown,unknown,unknown,0,unknown,-1,,,,venzt901,donaa901,burkk101,conlj102,,,sanfj101,haddh101,,regular,3,4,SFN,PIT,y,both,y,y,y,1959
SFN195908010,PIT,SFN,SFO01,19590801,0,,day,,,false,,170,21567,unknown,unknown,unknown,0,unknown,-1,,,,donaa901,burkk101,conlj102,venzt901,,,byerb103,danib102,mills101,regular,5,9,SFN,PIT,y,both,y,y,y,1959
SFN195908020,PIT,SFN,SFO01,19590802,0,,day,,,false,,141,22653,unknown,unknown,unknown,0,unknown,-1,,,,burkk101,conlj102,venzt901,donaa901,,,antoj103,portb102,,regular,3,5,SFN,PIT,y,both,y,y,y,1959
SFN195908040,MLN,SFN,SFO01,19590804,0,,night,,,false,,153,22959,unknown,unknown,unknown,0,unknown,-1,,,,delmv901,barla901,jackb901,craws901,,,spahw101,mccom103,,regular,6,1,MLN,SFN,y,both,y,y,y,1959
SFN195908050,MLN,SFN,SFO01,19590805,0,,day,,,false,,132,22807,unknown,unknown,unknown,0,unknown,-1,,,,barla901,jackb901,craws901,delmv901,,,sanfj101,buhlb101,,regular,1,4,SFN,MLN,y,both,y,y,y,1959
SFN195908060,MLN,SFN,SFO01,19590806,0,,day,,,false,,135,22923,unknown,unknown,unknown,0,unknown,-1,,,,jackb901,craws901,delmv901,barla901,,,jones105,burdl101,,regular,1,7,SFN,MLN,y,both,y,y,y,1959
SFN195908070,CIN,SFN,SFO01,19590807,0,,night,,,false,,159,22794,unknown,unknown,unknown,0,unknown,-1,,,,craws901,delmv901,barla901,jackb901,,,antoj103,lawrb103,,regular,2,3,SFN,CIN,y,both,y,y,y,1959
SFN195908080,CIN,SFN,SFO01,19590808,0,,day,,,false,,186,21576,unknown,unknown,unknown,0,unknown,-1,,,,delmv901,barla901,jackb901,craws901,,,penao101,mccom103,brosj101,regular,9,6,CIN,SFN,y,both,y,y,y,1959
SFN195908090,CIN,SFN,SFO01,19590809,0,,day,,,false,,159,22689,unknown,unknown,unknown,0,unknown,-1,,,,barla901,jackb901,craws901,delmv901,,,sanfj101,newcd101,,regular,3,4,SFN,CIN,y,both,y,y,y,1959
SFN195909020,CHN,SFN,SFO01,19590902,0,,day,,,false,,133,16422,unknown,unknown,unknown,0,unknown,-1,,,,jackb901,craws901,delmv901,barla901,,,jones105,elstd101,,regular,3,4,SFN,CHN,y,both,y,y,y,1959
SFN195909030,CHN,SFN,SFO01,19590903,0,,day,,,false,,174,15424,unknown,unknown,unknown,0,unknown,-1,,,,craws901,delmv901,barla901,jackb901,,,mills101,hilld102,,regular,5,8,SFN,CHN,y,both,y,y,y,1959
SFN195909040,CHN,SFN,SFO01,19590904,0,,night,,,false,,165,22850,unknown,unknown,unknown,0,unknown,-1,,,,delmv901,barla901,jackb901,craws901,,,hobbg101,sanfj101,,regular,2,1,CHN,SFN,y,both,y,y,y,1959
SFN195909050,SLN,SFN,SFO01,19590905,0,,day,,,false,,118,20829,unknown,unknown,unknown,0,unknown,-1,,,,gormt101,sudoe901,boggd901,lands901,,,antoj103,mizew101,,regular,2,3,SFN,SLN,y,both,y,y,y,1959
SFN195909060,SLN,SFN,SFO01,19590906,0,,day,,,false,,135,22893,unknown,unknown,unknown,0,unknown,-1,,,,sudoe901,boggd901,lands901,gormt101,,,jackl102,mccom103,,regular,1,0,SLN,SFN,y,both,y,y,y,1959
SFN195909070,SLN,SFN,SFO01,19590907,0,,day,,,false,,154,22815,unknown,unknown,unknown,0,unknown,-1,,,,boggd901,lands901,gormt101,sudoe901,,,jones105,gibsb101,,regular,2,4,SFN,SLN,y,both,y,y,y,1959
SFN195909090,PIT,SFN,SFO01,19590909,0,,day,,,false,,148,22768,unknown,unknown,unknown,0,unknown,-1,,,,smitv101,dascf901,secof101,dixoh901,,,sanfj101,haddh101,mills101,regular,2,7,SFN,PIT,y,both,y,y,y,1959
SFN195909100,PIT,SFN,SFO01,19590910,0,,day,,,false,,160,14130,unknown,unknown,unknown,0,unknown,-1,,,,dascf901,secof101,dixoh901,smitv101,,,law-v101,antoj103,,regular,5,3,PIT,SFN,y,both,y,y,y,1959
SFN195909110,PHI,SFN,SFO01,19590911,0,,night,,,false,,136,22222,unknown,unknown,unknown,0,unknown,-1,,,,secof101,dixoh901,smitv101,dascf901,,,rober102,mccom103,,regular,1,0,PHI,SFN,y,both,y,y,y,1959
SFN195909120,PHI,SFN,SFO01,19590912,0,,day,,,false,,159,21133,unknown,unknown,unknown,0,unknown,-1,,,,dixoh901,smitv101,dascf901,secof101,,,jones105,robih101,,regular,1,9,SFN,PHI,y,both,y,y,y,1959
SFN195909130,PHI,SFN,SFO01,19590913,0,,day,,,false,,148,21841,unknown,unknown,unknown,0,unknown,-1,,,,smitv101,dascf901,secof101,dixoh901,,,sanfj101,cardd101,mccom103,regular,0,1,SFN,PHI,y,both,y,y,y,1959
SFN195909140,CIN,SFN,SFO01,19590914,0,,day,,,false,,145,10217,unknown,unknown,unknown,0,unknown,-1,,,,conlj102,burkk101,craws901,venzt901,,,brosj101,antoj103,lawrb103,regular,4,1,CIN,SFN,y,both,y,y,y,1959
SFN195909150,CIN,SFN,SFO01,19590915,0,,day,,,false,,182,11814,unknown,unknown,unknown,0,unknown,-1,,,,burkk101,craws901,venzt901,conlj102,,,mccom103,hookj101,,regular,6,13,SFN,CIN,y,both,y,y,y,1959
SFN195909160,MLN,SFN,SFO01,19590916,0,,day,,,false,,150,22721,unknown,unknown,unknown,0,unknown,-1,,,,conlj102,dascf901,gormt101,secof101,,,burdl101,jones105,,regular,2,0,MLN,SFN,y,both,y,y,y,1959
SFN195909170,MLN,SFN,SFO01,19590917,0,,day,,,false,,166,21617,unknown,unknown,unknown,0,unknown,-1,,,,dascf901,gormt101,secof101,conlj102,,,sanfj101,spahw101,jones105,regular,6,13,SFN,MLN,y,both,y,y,y,1959
SFN195909191,LAN,SFN,SFO01,19590919,1,,day,,,false,,142,22823,unknown,unknown,unknown,0,unknown,-1,,,,conlj102,barla901,boggd901,dascf901,,,crair101,antoj103,,regular,4,1,LAN,SFN,y,both,y,y,y,1959
SFN195909192,LAN,SFN,SFO01,19590919,2,,night,,,false,,184,22737,unknown,unknown,unknown,0,unknown,-1,,,,barla901,boggd901,dascf901,conlj102,,,drysd101,mccom103,churc101,regular,5,3,LAN,SFN,y,both,y,y,y,1959
SFN195909200,LAN,SFN,SFO01,19590920,0,,day,,,false,,196,22923,unknown,unknown,unknown,0,unknown,-1,,,,boggd901,dascf901,conlj102,barla901,,,podrj101,jones105,labic101,regular,8,2,LAN,SFN,y,both,y,y,y,1959
