gid,team,inn1,inn2,inn3,inn4,inn5,inn6,inn7,inn8,inn9,inn10,inn11,inn12,inn13,inn14,inn15,inn16,inn17,inn18,inn19,inn20,inn21,inn22,inn23,inn24,inn25,inn26,inn27,inn28,lob,mgr,stattype,b_pa,b_ab,b_r,b_h,b_d,b_t,b_hr,b_rbi,b_sh,b_sf,b_hbp,b_w,b_iw,b_k,b_sb,b_cs,b_gdp,b_xi,b_roe,p_ipouts,p_noout,p_bfp,p_h,p_d,p_t,p_hr,p_r,p_er,p_w,p_iw,p_k,p_hbp,p_wp,p_bk,p_sh,p_sf,p_sb,p_cs,p_pb,d_po,d_a,d_e,d_dp,d_tp,d_pb,d_wp,d_sb,d_cs,start_l1,start_l2,start_l3,start_l4,start_l5,start_l6,start_l7,start_l8,start_l9,start_f1,start_f2,start_f3,start_f4,start_f5,start_f6,start_f7,start_f8,start_f9,start_f10,date,number,site,vishome,opp,win,loss,tie,gametype,box,pbp
CAG192607132,DAY,0,0,0,0,0,0,0,0,0,,,,,,,,,,,,,,,,,,,,0,huffe101,value,27,27,0,0,0,0,0,0,0,,0,0,0,4,0,,,0,,24,,48,11,1,0,0,16,,6,,3,0,0,0,0,,0,,0,24,,7,0,0,0,0,0,,boggg101,broos101,radca101,ducer101,kirki101,huffe101,marsj104,willj116,blach103,blach103,huffe101,willj116,marsj104,broos101,radca101,kirki101,boggg101,ducer101,,19260713,2,CHI09,v,CAG,0,1,0,regular,y,
CAG192607132,CAG,1,1,7,0,5,0,2,0,,,,,,,,,,,,,,,,,,,,,8,malad101,value,48,42,16,11,1,0,0,,0,,0,6,,3,0,,,0,,27,,27,0,0,0,0,0,0,0,0,4,0,0,0,0,,0,,0,27,,2,0,0,0,0,0,,gardj102,malad101,browj111,russp102,thoms104,sweag101,willc105,jacks103,currr101,currr101,russp102,browj111,willc105,malad101,jacks103,thoms104,sweag101,gardj102,,19260713,2,CHI09,h,DAY,1,0,0,regular,y,
KCM192609180,CAG,0,0,0,0,0,3,0,0,0,,,,,,,,,,,,,,,,,,,,5,malad101,value,35,29,3,6,0,1,0,3,1,0,0,5,0,4,3,1,2,0,0,24,0,32,8,2,0,1,4,4,2,0,3,0,0,0,1,0,1,1,0,24,9,0,1,0,0,0,1,1,gardj102,malad101,browj111,thoms104,hinej101,sweag101,willc105,jacks103,fostw101,fostw101,hinej101,browj111,willc105,malad101,jacks103,thoms104,sweag101,gardj102,,19260918,0,KAN05,v,KCM,0,1,0,lcs,y,y
KCM192609180,KCM,0,2,1,0,0,1,0,0,,,,,,,,,,,,,,,,,,,,,4,rogab101,value,32,29,4,8,2,0,1,4,1,0,0,2,0,3,1,1,0,0,0,27,0,35,6,0,1,0,3,3,5,0,4,0,1,0,1,0,3,1,0,27,14,1,2,0,0,1,3,1,johnw103,allen102,torrc101,josen101,mcnah101,mothd101,hawkl101,duncf102,brewc102,brewc102,duncf102,hawkl101,mothd101,josen101,allen102,johnw103,torrc101,mcnah101,,19260918,0,KAN05,h,CAG,1,0,0,lcs,y,y
KCM192609190,CAG,0,2,0,2,1,0,0,0,0,,,,,,,,,,,,,,,,,,,,8,malad101,value,40,36,5,10,2,1,0,4,0,1,0,3,0,5,3,1,1,0,2,24,0,34,8,0,0,0,6,4,3,1,1,0,0,0,2,1,2,0,1,24,15,2,1,0,1,0,2,0,gardj102,malad101,browj111,hinej101,thoms104,sweag101,willc105,jacks103,harng101,harng101,hinej101,browj111,willc105,malad101,jacks103,thoms104,sweag101,gardj102,,19260919,0,KAN05,v,KCM,0,1,0,lcs,y,y
KCM192609190,KCM,1,2,0,1,0,2,0,0,,,,,,,,,,,,,,,,,,,,,4,rogab101,value,34,28,6,8,0,0,0,6,2,1,0,3,1,1,2,0,0,0,1,27,0,40,10,2,1,0,5,4,3,0,5,0,0,0,0,1,3,1,0,27,18,2,1,0,0,0,3,1,johnw103,allen102,torrc101,mcnah101,mothd101,josen101,hawkl101,duncf102,bellw101,bellw101,duncf102,hawkl101,mothd101,josen101,allen102,johnw103,torrc101,mcnah101,,19260919,0,KAN05,h,CAG,1,0,0,lcs,y,y
KCM192609200,CAG,0,0,0,0,0,0,0,0,0,,,,,,,,,,,,,,,,,,,,7,malad101,value,34,32,0,5,0,0,0,0,0,0,0,2,0,3,0,1,0,0,1,24,0,36,9,2,1,0,5,2,3,0,1,0,0,1,1,0,2,2,0,24,13,3,0,0,0,0,2,2,gardj102,malad101,browj111,hinej101,thoms104,sweag101,willc105,jacks103,mcdow101,mcdow101,hinej101,browj111,willc105,malad101,jacks103,thoms104,sweag101,gardj102,,19260920,0,KAN05,v,KCM,0,1,0,lcs,y,y
KCM192609200,KCM,3,0,0,0,0,0,1,1,,,,,,,,,,,,,,,,,,,,,7,rogab101,value,36,32,5,9,2,1,0,4,1,0,0,3,0,1,2,2,0,0,2,27,0,34,5,0,0,0,0,0,2,0,3,0,0,0,0,0,0,1,0,27,16,2,0,0,0,0,0,1,johnw103,allen102,torrc101,mcnah101,mothd101,josen101,hawkl101,duncf102,brewc102,brewc102,duncf102,hawkl101,mothd101,josen101,allen102,johnw103,torrc101,mcnah101,,19260920,0,KAN05,h,CAG,1,0,0,lcs,y,y
KCM192609210,CAG,0,0,1,0,0,1,0,2,0,,,,,,,,,,,,,,,,,,,,10,malad101,value,41,31,4,12,2,0,0,4,2,2,0,6,0,4,4,3,0,0,0,27,0,37,11,3,0,0,3,3,3,0,3,0,0,0,0,0,0,0,0,27,15,0,2,0,0,0,0,0,gardj102,thoms104,browj111,hinej101,sweag101,malad101,willc105,jacks103,currr101,currr101,hinej101,browj111,willc105,jacks103,malad101,thoms104,sweag101,gardj102,,19260921,0,KAN05,v,KCM,1,0,0,lcs,y,y
KCM192609210,KCM,0,0,2,0,0,0,0,0,1,,,,,,,,,,,,,,,,,,,,7,rogab101,value,37,34,3,11,3,0,0,3,0,0,0,3,0,3,0,0,1,0,0,27,0,41,12,2,0,0,4,4,6,0,4,0,0,0,2,2,4,3,0,27,13,0,1,0,0,0,4,3,johnw103,allen102,torrc101,mcnah101,mothd101,josen101,hawkl101,duncf102,bellc102,bellc102,duncf102,hawkl101,mothd101,josen101,allen102,johnw103,torrc101,mcnah101,,19260921,0,KAN05,h,CAG,0,1,0,lcs,y,y
CAG192609250,KCM,0,1,0,6,3,0,0,0,1,,,,,,,,,,,,,,,,,,,,5,rogab101,value,43,35,11,10,0,1,0,8,1,1,0,6,0,6,2,0,0,0,5,27,0,37,8,2,0,0,5,5,2,0,5,0,0,0,2,0,1,0,0,27,11,1,0,0,0,0,1,0,johnw103,allen102,torrc101,josen101,mcnah101,mothd101,hawkl101,duncf102,rogab101,rogab101,duncf102,hawkl101,mothd101,josen101,allen102,johnw103,torrc101,mcnah101,,19260925,0,CHI09,v,CAG,1,0,0,lcs,y,d
CAG192609250,CAG,1,0,0,1,0,0,0,3,0,,,,,,,,,,,,,,,,,,,,5,malad101,value,37,33,5,8,2,0,0,5,2,0,0,2,0,5,1,0,0,0,1,27,0,43,10,0,1,0,11,4,6,0,6,0,0,0,1,1,2,0,0,27,15,5,0,0,0,0,2,0,gardj102,thoms104,browj111,hinej101,sweag101,malad101,willc105,jacks103,fostw101,fostw101,hinej101,browj111,willc105,jacks103,malad101,thoms104,sweag101,gardj102,,19260925,0,CHI09,h,KCM,0,1,0,lcs,y,d
CAG192609260,KCM,0,0,0,0,0,0,0,0,0,,,,,,,,,,,,,,,,,,,,6,rogab101,value,33,27,0,2,1,0,0,0,3,0,0,3,0,2,0,0,1,0,2,24,0,33,7,0,0,0,2,1,3,0,6,0,0,0,2,0,1,1,0,24,17,1,0,0,0,0,1,1,johnw103,allen102,torrc101,mcnah101,mothd101,josen101,hawkl101,duncf102,brewc102,brewc102,duncf102,hawkl101,mothd101,josen101,allen102,johnw103,torrc101,mcnah101,,19260926,0,CHI09,v,CAG,0,1,0,lcs,y,d
CAG192609260,CAG,0,1,1,0,0,0,0,0,,,,,,,,,,,,,,,,,,,,,7,malad101,value,33,28,2,7,0,0,0,1,2,0,0,3,0,6,1,1,0,0,1,27,0,33,2,1,0,0,0,0,3,0,2,0,0,0,3,0,0,0,0,27,16,2,1,0,0,0,0,0,gardj102,thoms104,browj111,hinej101,sweag101,malad101,willc105,jacks103,currr101,currr101,hinej101,browj111,willc105,malad101,jacks103,thoms104,sweag101,gardj102,,19260926,0,CHI09,h,KCM,1,0,0,lcs,y,d
CAG192609280,KCM,0,0,0,0,0,0,0,1,2,,,,,,,,,,,,,,,,,,,,5,rogab101,value,35,34,3,8,2,0,0,3,0,0,0,1,0,4,0,2,0,0,2,25,0,34,6,1,0,0,4,2,3,0,0,0,0,0,1,0,0,0,1,25,14,1,0,0,1,0,0,0,johnw103,allen102,torrc101,mcnah101,mothd101,josen101,hawkl101,duncf102,bellw101,bellw101,duncf102,hawkl101,mothd101,josen101,allen102,johnw103,torrc101,mcnah101,,19260928,0,CHI09,v,CAG,0,1,0,lcs,y,d
CAG192609280,CAG,0,0,0,0,1,0,0,1,2,,,,,,,,,,,,,,,,,,,,5,malad101,value,34,30,4,6,1,0,0,3,1,0,0,3,0,0,0,0,0,0,1,27,0,35,8,2,0,0,3,0,1,0,4,0,0,0,0,0,0,2,0,27,17,3,0,0,0,0,0,2,gardj102,thoms104,browj111,hinej101,sweag101,malad101,willc105,jacks103,harng101,harng101,hinej101,browj111,willc105,malad101,jacks103,thoms104,sweag101,gardj102,,19260928,0,CHI09,h,KCM,1,0,0,lcs,y,d
CAG192609291,KCM,0,0,0,0,0,0,0,0,0,,,,,,,,,,,,,,,,,,,,7,rogab101,value,34,31,0,7,1,0,0,0,2,0,0,1,0,2,0,0,0,0,0,26,0,38,7,0,0,0,1,1,5,0,7,0,0,0,2,0,0,0,0,26,9,1,1,0,0,0,0,0,johnw103,allen102,torrc101,josen101,mcnah101,mothd101,rogab101,hawkl101,duncf102,rogab101,duncf102,hawkl101,mothd101,josen101,allen102,johnw103,torrc101,mcnah101,,19260929,1,CHI09,v,CAG,0,1,0,lcs,y,d
CAG192609291,CAG,0,0,0,0,0,0,0,0,1,,,,,,,,,,,,,,,,,,,,11,malad101,value,38,31,1,7,0,0,0,1,2,0,0,5,0,7,0,0,0,0,1,27,0,34,7,1,0,0,0,0,1,0,2,0,0,0,2,0,0,0,0,27,11,1,0,0,0,0,0,0,gardj102,thoms104,browj111,hinej101,sweag101,malad101,willc105,jacks103,fostw101,fostw101,hinej101,browj111,willc105,malad101,jacks103,thoms104,sweag101,gardj102,,19260929,1,CHI09,h,KCM,1,0,0,lcs,y,d
CAG192609292,KCM,0,0,0,0,0,,,,,,,,,,,,,,,,,,,,,,,,,rogab101,value,,,0,2,,,,0,,,,,,,,,,,,12,,,8,1,,,5,,,,,,,,,,,,,12,,2,,0,,,,,,,,,,,,,,rogab101,duncf102,,,,,,,,,19260929,2,CHI09,v,CAG,0,1,0,lcs,,
CAG192609292,CAG,3,2,0,0,,,,,,,,,,,,,,,,,,,,,,,,,,malad101,value,,,5,8,1,,,3,,,,,,,,,,,,15,,,2,,,,0,0,,,,,,,,,,,,15,,0,,0,,,,,,,,,,,,,,fostw101,,,,,,,,,,19260929,2,CHI09,h,KCM,1,0,0,lcs,,
ACY192610010,CAG,0,1,0,0,0,2,0,0,0,,,,,,,,,,,,,,,,,,,,9,malad101,value,39,32,3,8,1,1,0,2,2,0,0,5,0,7,1,0,0,0,3,27,0,38,8,0,0,1,3,2,2,1,5,1,0,0,3,0,0,1,0,27,15,3,1,0,0,0,0,1,gardj102,thoms104,browj111,hinej101,sweag101,malad101,willc105,jacks103,currr101,currr101,hinej101,browj111,willc105,malad101,jacks103,thoms104,sweag101,gardj102,,19261001,0,ACY01,v,ACY,0,0,1,championship,y,y
ACY192610010,ACY,0,0,0,2,0,0,1,0,0,,,,,,,,,,,,,,,,,,,,8,lundd103,value,38,32,3,8,0,0,1,2,3,0,1,2,1,5,0,1,1,0,2,27,0,39,8,1,1,0,3,2,5,0,7,0,0,0,2,0,1,0,0,27,19,3,1,0,0,0,1,0,reida101,cummc102,marco101,whitc103,lundd103,farrl101,jonew103,garcc102,hendr102,hendr102,jonew103,cummc102,garcc102,marco101,lundd103,reida101,whitc103,farrl101,,19261001,0,ACY01,h,CAG,0,0,1,championship,y,y
ACY192610020,CAG,0,7,0,0,0,0,0,0,0,,,,,,,,,,,,,,,,,,,,7,malad101,value,41,32,7,10,1,1,0,6,1,0,1,7,0,5,2,4,0,0,0,27,0,40,7,1,0,0,6,5,8,0,4,2,0,0,0,1,0,1,0,27,13,1,2,0,0,0,0,1,gardj102,thoms104,browj111,hinej101,sweag101,malad101,jacks103,willc105,harng101,harng101,hinej101,browj111,willc105,malad101,jacks103,thoms104,sweag101,gardj102,,19261002,0,ACY01,v,ACY,1,0,0,championship,y,y
ACY192610020,ACY,1,0,2,0,0,3,0,0,0,,,,,,,,,,,,,,,,,,,,7,lundd103,value,40,29,6,7,1,0,0,6,0,1,2,8,0,4,0,1,1,0,1,27,0,41,10,1,1,0,7,7,7,0,5,1,0,0,1,0,2,4,0,27,14,1,0,0,0,0,2,4,reida101,cummc102,marco101,whitc103,lundd103,farrl101,jonew103,garcc102,griec101,griec101,jonew103,cummc102,garcc102,marco101,lundd103,reida101,whitc103,farrl101,,19261002,0,ACY01,h,CAG,0,1,0,championship,y,y
ACY192610030,CAG,0,0,0,0,0,0,0,0,0,,,,,,,,,,,,,,,,,,,,7,malad101,value,34,28,0,0,0,0,0,0,0,0,0,6,0,8,1,1,0,0,2,24,0,44,14,2,0,0,10,8,2,0,0,3,0,0,4,1,3,0,0,24,11,3,0,0,0,0,3,0,gardj102,thoms104,browj111,hinej101,sweag101,malad101,jacks103,willc105,mcdow101,mcdow101,hinej101,browj111,willc105,malad101,jacks103,thoms104,sweag101,gardj102,,19261003,0,BAL13,v,ACY,0,1,0,championship,y,y
ACY192610030,ACY,4,0,0,0,0,6,0,0,,,,,,,,,,,,,,,,,,,,,10,lundd103,value,44,34,10,14,2,0,0,7,4,1,3,2,0,0,3,0,0,0,2,27,0,34,0,0,0,0,0,0,6,0,8,0,0,0,0,0,1,1,0,27,13,2,1,0,0,0,1,1,reida101,cummc102,marco101,whitc103,lundd103,farrl101,jonew103,garcc102,griec101,griec101,jonew103,cummc102,garcc102,marco101,lundd103,reida101,whitc103,farrl101,,19261003,0,BAL13,h,CAG,1,0,0,championship,y,y
ACY192610040,CAG,2,0,0,1,0,0,1,0,0,,,,,,,,,,,,,,,,,,,,5,malad101,value,36,32,4,8,2,0,0,3,2,1,0,1,0,3,0,0,0,0,0,27,0,41,8,0,2,0,4,0,6,1,5,1,0,0,0,0,2,1,0,27,8,1,1,0,0,0,2,1,gardj102,malad101,thoms104,hinej101,sweag101,browj111,jacks103,willc105,fostw101,fostw101,hinej101,browj111,willc105,malad101,jacks103,thoms104,sweag101,gardj102,,19261004,0,PHI09,v,ACY,0,0,1,championship,y,y
ACY192610040,ACY,0,0,0,0,4,0,0,0,0,,,,,,,,,,,,,,,,,,,,10,lundd103,value,41,34,4,8,0,2,0,3,0,0,1,6,1,5,2,1,0,0,1,27,0,36,8,2,0,0,4,3,1,0,3,0,0,0,2,1,0,0,1,27,13,0,0,0,1,0,0,0,reida101,cummc102,marco101,whitc103,lundd103,farrl101,jonew103,garcc102,hendr102,hendr102,jonew103,cummc102,garcc102,marco101,lundd103,reida101,whitc103,farrl101,,19261004,0,PHI09,h,CAG,0,0,1,championship,y,y
ACY192610050,CAG,3,0,0,0,0,2,0,0,0,,,,,,,,,,,,,,,,,,,,4,malad101,value,36,31,5,4,0,1,0,3,2,0,0,3,0,3,2,0,0,0,3,24,0,38,13,2,1,0,7,7,1,0,4,0,0,0,0,0,1,1,0,24,12,3,0,0,0,0,1,1,gardj102,malad101,thoms104,hinej101,sweag101,browj111,jacks103,willc105,currr101,currr101,hinej101,browj111,willc105,malad101,jacks103,thoms104,sweag101,gardj102,,19261005,0,PHI09,v,ACY,0,1,0,championship,y,y
ACY192610050,ACY,0,0,0,0,6,0,1,0,,,,,,,,,,,,,,,,,,,,,7,lundd103,value,38,37,7,13,2,1,0,6,0,0,0,1,0,4,1,1,0,0,1,27,0,36,4,0,1,0,5,2,3,0,3,0,0,0,2,0,2,0,1,27,15,3,0,0,1,0,2,0,reida101,cummc102,marco101,whitc103,lundd103,farrl101,jonew103,garcc102,mitca102,mitca102,jonew103,cummc102,garcc102,marco101,lundd103,reida101,whitc103,farrl101,,19261005,0,PHI09,h,CAG,1,0,0,championship,y,y
ACY192610060,CAG,0,0,0,2,0,0,0,2,0,,,,,,,,,,,,,,,,,,,,5,malad101,value,36,30,4,6,1,0,0,4,3,0,0,3,0,0,0,0,0,0,1,24,0,39,12,3,1,0,6,5,2,0,2,0,0,0,3,0,0,0,0,24,12,1,0,0,0,0,0,0,gardj102,malad101,thoms104,hinej101,sweag101,browj111,jacks103,willc105,powew101,powew101,hinej101,browj111,willc105,malad101,jacks103,thoms104,sweag101,gardj102,,19261006,0,ACY01,v,ACY,0,1,0,championship,y,d
ACY192610060,ACY,1,1,0,0,1,1,1,1,,,,,,,,,,,,,,,,,,,,,9,lundd103,value,39,34,6,12,3,1,0,5,3,0,0,2,0,2,0,0,0,0,1,27,0,36,6,1,0,0,4,4,3,0,0,0,0,0,3,0,0,0,0,27,10,2,1,0,0,0,0,0,reida101,cummc102,marco101,lundd103,farrl101,jonew103,mitca102,garcc102,griec101,griec101,jonew103,cummc102,garcc102,marco101,lundd103,mitca102,reida101,farrl101,,19261006,0,ACY01,h,CAG,1,0,0,championship,y,d
CAG192610090,ACY,0,0,1,0,0,0,1,2,0,,,,,,,,,,,,,,,,,,,,6,lundd103,value,37,32,4,8,2,1,0,4,0,1,1,3,0,5,1,1,1,0,0,26,0,40,10,1,1,0,5,4,4,0,2,1,0,0,0,0,3,1,1,26,14,3,1,0,1,0,3,1,reida101,cummc102,marco101,whitc103,lundd103,farrl101,jonew103,garcc102,lockh101,lockh101,jonew103,cummc102,garcc102,marco101,lundd103,reida101,whitc103,farrl101,,19261009,0,CHI09,v,CAG,0,1,0,championship,y,y
CAG192610090,CAG,0,0,0,1,3,0,0,0,1,,,,,,,,,,,,,,,,,,,,9,malad101,value,40,35,5,10,1,1,0,5,0,0,1,4,0,2,3,1,0,0,2,27,0,37,8,2,1,0,4,4,3,0,5,1,0,0,0,1,1,1,0,27,9,0,1,0,0,0,1,1,gardj102,malad101,thoms104,hinej101,sweag101,browj111,jacks103,willc105,fostw101,fostw101,hinej101,browj111,willc105,malad101,jacks103,thoms104,sweag101,gardj102,,19261009,0,CHI09,h,ACY,1,0,0,championship,y,y
CAG192610100,ACY,0,0,0,0,0,0,0,3,0,,,,,,,,,,,,,,,,,,,,10,lundd103,value,40,31,3,6,0,0,0,2,2,0,1,6,1,2,0,0,0,0,1,27,0,32,3,0,0,0,0,0,2,0,7,1,0,0,1,0,1,0,0,27,13,0,1,0,0,0,1,0,browc106,cummc102,marco101,whitc103,lundd103,farrl101,jonew103,garcc102,hendr102,hendr102,jonew103,cummc102,garcc102,marco101,lundd103,browc106,whitc103,farrl101,,19261010,0,CHI09,v,CAG,1,0,0,championship,y,y
CAG192610100,CAG,0,0,0,0,0,0,0,0,0,,,,,,,,,,,,,,,,,,,,5,malad101,value,32,28,0,3,0,0,0,0,1,0,1,2,0,7,1,0,1,0,0,27,0,40,6,0,0,0,3,1,6,1,2,1,1,0,2,0,0,0,0,27,16,2,1,0,0,1,0,0,gardj102,malad101,thoms104,hinej101,sweag101,browj111,jacks103,willc105,harng101,harng101,hinej101,browj111,willc105,malad101,jacks103,thoms104,sweag101,gardj102,,19261010,0,CHI09,h,ACY,0,1,0,championship,y,y
CAG192610110,ACY,0,0,0,0,0,0,0,3,0,,,,,,,,,,,,,,,,,,,,3,lundd103,value,33,33,3,8,2,0,0,2,0,0,0,0,0,7,0,0,0,0,0,24,0,35,7,2,1,0,6,4,6,0,9,0,0,0,1,0,0,1,1,24,13,1,0,0,1,0,0,1,browc106,cummc102,marco101,whitc103,lundd103,farrl101,jonew103,garcc102,griec101,griec101,jonew103,cummc102,garcc102,marco101,lundd103,browc106,whitc103,farrl101,,19261011,0,CHI09,v,CAG,0,1,0,championship,y,y
CAG192610110,CAG,0,2,0,1,0,3,0,0,,,,,,,,,,,,,,,,,,,,,5,malad101,value,35,28,6,7,2,1,0,4,1,0,0,6,0,9,0,1,0,0,1,27,0,33,8,2,0,0,3,3,0,0,7,0,0,0,0,0,0,0,0,27,9,1,2,0,0,0,0,0,gardj102,malad101,thoms104,hinej101,sweag101,browj111,jacks103,willc105,currr101,currr101,browj111,sweag101,willc105,malad101,jacks103,thoms104,gardj102,hinej101,,19261011,0,CHI09,h,ACY,1,0,0,championship,y,y
CAG192610130,ACY,0,0,0,0,0,0,0,0,0,,,,,,,,,,,,,,,,,,,,7,lundd103,value,34,31,0,6,0,0,0,0,1,0,1,1,0,1,2,1,0,0,0,24,0,46,12,4,0,0,13,5,9,0,2,0,0,0,0,0,3,1,1,24,13,3,0,0,1,0,3,1,mitca102,cummc102,marco101,whitc103,lundd103,farrl101,jonew103,garcc102,hendr102,hendr102,jonew103,cummc102,garcc102,marco101,lundd103,mitca102,whitc103,farrl101,,19261013,0,CHI09,v,CAG,0,1,0,championship,y,y
CAG192610130,CAG,0,0,0,7,4,2,0,0,,,,,,,,,,,,,,,,,,,,,9,malad101,value,46,37,13,12,4,0,0,12,0,0,0,9,0,2,3,1,0,0,2,27,0,34,6,0,0,0,0,0,1,0,1,1,0,0,1,0,2,1,0,27,14,0,0,0,0,0,2,1,gardj102,malad101,thoms104,hinej101,sweag101,browj111,jacks103,willc105,powew101,powew101,browj111,sweag101,willc105,malad101,jacks103,thoms104,gardj102,hinej101,,19261013,0,CHI09,h,ACY,1,0,0,championship,y,y
CAG192610140,ACY,0,0,0,0,0,0,0,0,0,,,,,,,,,,,,,,,,,,,,12,lundd103,value,39,36,0,10,0,0,0,0,0,0,0,3,1,7,3,0,1,0,0,25,0,30,4,0,0,0,1,1,1,0,1,0,0,0,2,0,0,0,0,25,13,0,0,0,0,0,0,0,browc106,marco101,lundd103,whitc103,lewij103,cummc102,farrl101,garcc102,lockh101,lockh101,lewij103,cummc102,garcc102,marco101,lundd103,farrl101,whitc103,browc106,,19261014,0,CHI09,v,CAG,0,1,0,championship,y,d
CAG192610140,CAG,0,0,0,0,0,0,0,0,1,,,,,,,,,,,,,,,,,,,,4,malad101,value,30,27,1,4,0,0,0,1,2,0,0,1,0,1,0,0,0,0,0,27,0,39,10,0,0,0,0,0,3,1,7,0,0,0,0,0,3,0,0,27,11,2,1,0,0,0,3,0,gardj102,malad101,thoms104,hinej101,sweag101,browj111,jacks103,willc105,fostw101,fostw101,browj111,sweag101,willc105,malad101,jacks103,thoms104,gardj102,hinej101,,19261014,0,CHI09,h,ACY,1,0,0,championship,y,d
