gid,id,team,d_seq,d_pos,stattype,d_ifouts,d_po,d_a,d_e,d_dp,d_tp,d_pb,d_wp,d_sb,d_cs,d_gs,date,number,site,vishome,opp,win,loss,tie,gametype,box,pbp
BIR194603310,howar101,CAG,1,1,value,15,,,,,0,0,,,,1,19460331,0,BIR01,v,BIR,0,1,0,exhibition,,
BIR194603310,huntg102,CAG,1,2,value,15,,,,,0,,,,,1,19460331,0,BIR01,v,BIR,0,1,0,exhibition,,
BIR194603310,mccow102,CAG,1,1,value,14,,,,,0,0,,,,,19460331,0,BIR01,v,BIR,0,1,0,exhibition,,
BIR194603310,seags101,CAG,1,2,value,14,,,,,0,,,,,,19460331,0,BIR01,v,BIR,0,1,0,exhibition,,
BIR194603310,bassp101,BIR,1,2,value,30,,,,,0,,,,,1,19460331,0,BIR01,h,CAG,1,0,0,exhibition,,
BIR194603310,gipsa101,BIR,1,1,value,9,,,,,0,0,,,,,19460331,0,BIR01,h,CAG,1,0,0,exhibition,,
BIR194603310,newbj101,BIR,1,1,value,12,,,,,0,0,,,,1,19460331,0,BIR01,h,CAG,1,0,0,exhibition,,
BIR194603310,polln102,BIR,1,1,value,6,,,,,0,0,,,,,19460331,0,BIR01,h,CAG,1,0,0,exhibition,,
BIR194603310,westo102,BIR,1,1,value,3,,,,,0,0,,,,,19460331,0,BIR01,h,CAG,1,0,0,exhibition,,
MEM194604140,charb102,CAG,1,2,value,27,,,0,,0,,,,,1,19460414,0,LRK02,v,MEM,1,0,0,exhibition,,
MEM194604140,jacks105,CAG,1,1,value,9,,,0,,0,0,,,,1,19460414,0,LRK02,v,MEM,1,0,0,exhibition,,
MEM194604140,jessg101,CAG,1,1,value,,,,0,,0,0,,,,,19460414,0,LRK02,v,MEM,1,0,0,exhibition,,
MEM194604140,milej102,CAG,1,7,value,27,,,0,,0,0,,,,,19460414,0,LRK02,v,MEM,1,0,0,exhibition,,
MEM194604140,stewr101,CAG,1,1,value,,,,0,,0,0,,,,,19460414,0,LRK02,v,MEM,1,0,0,exhibition,,
MEM194604140,handg102,MEM,1,1,value,,,,0,,0,0,,,,,19460414,0,LRK02,h,CAG,0,1,0,exhibition,,
MEM194604140,jonec108,MEM,1,2,value,27,,,0,,0,,,,,1,19460414,0,LRK02,h,CAG,0,1,0,exhibition,,
MEM194604140,pearf104,MEM,1,1,value,,,,0,,0,0,,,,1,19460414,0,LRK02,h,CAG,0,1,0,exhibition,,
MEM194604140,warrj101,MEM,1,1,value,,,,0,,0,0,,,,,19460414,0,LRK02,h,CAG,0,1,0,exhibition,,
MEM194604150,charb102,CAG,1,2,value,27,,,0,,0,,,,,1,19460415,0,NOL01,v,MEM,1,0,0,exhibition,,
MEM194604150,howar101,CAG,1,1,value,,,,0,,0,0,,,,,19460415,0,NOL01,v,MEM,1,0,0,exhibition,,
MEM194604150,mccow102,CAG,1,1,value,,,,0,,0,0,,,,1,19460415,0,NOL01,v,MEM,1,0,0,exhibition,,
MEM194604150,hutcw101,MEM,1,1,value,,,,0,,0,0,,,,1,19460415,0,NOL01,h,CAG,0,1,0,exhibition,,
MEM194604150,longr102,MEM,1,2,value,27,,,0,,0,,,,,1,19460415,0,NOL01,h,CAG,0,1,0,exhibition,,
MEM194604150,mathv101,MEM,1,1,value,,,,0,,0,0,,,,,19460415,0,NOL01,h,CAG,0,1,0,exhibition,,
KCM194604211,charb102,CAG,1,2,value,24,,,0,,0,,,,,1,19460421,1,HOU04,v,KCM,0,1,0,exhibition,,
KCM194604211,howar101,CAG,1,1,value,,,,0,,0,0,,,,,19460421,1,HOU04,v,KCM,0,1,0,exhibition,,
KCM194604211,mccow102,CAG,1,1,value,,,,0,,0,0,,,,1,19460421,1,HOU04,v,KCM,0,1,0,exhibition,,
KCM194604211,youne102,CAG,1,3,value,24,,,0,,0,0,,,,,19460421,1,HOU04,v,KCM,0,1,0,exhibition,,
KCM194604211,greej108,KCM,1,2,value,27,,,0,,0,,,,,1,19460421,1,HOU04,h,CAG,1,0,0,exhibition,,
KCM194604211,smith111,KCM,1,1,value,27,,,0,,0,0,,,,1,19460421,1,HOU04,h,CAG,1,0,0,exhibition,,
KCM194604212,charb102,CAG,1,2,value,18,,,0,,0,,,,,1,19460421,2,HOU04,v,KCM,0,1,0,exhibition,,
KCM194604212,cornw101,CAG,1,1,value,18,,,0,,0,0,,,,1,19460421,2,HOU04,v,KCM,0,1,0,exhibition,,
KCM194604212,youne102,CAG,1,3,value,18,,,0,,0,0,,,,,19460421,2,HOU04,v,KCM,0,1,0,exhibition,,
KCM194604212,greej108,KCM,1,2,value,21,,,0,,0,,,,,1,19460421,2,HOU04,h,CAG,1,0,0,exhibition,,
KCM194604212,johnc103,KCM,1,1,value,21,,,0,,0,0,,,,1,19460421,2,HOU04,h,CAG,1,0,0,exhibition,,
KCM194604220,huntg102,CAG,1,2,value,24,,,0,,0,,,,,1,19460422,0,HOU04,v,KCM,0,1,0,exhibition,,
KCM194604220,lockc102,CAG,1,1,value,24,,,0,,0,0,,,,1,19460422,0,HOU04,v,KCM,0,1,0,exhibition,,
KCM194604220,youne102,CAG,1,3,value,24,,,0,,0,0,,,,,19460422,0,HOU04,v,KCM,0,1,0,exhibition,,
KCM194604220,alext101,KCM,1,1,value,,,,0,,0,0,,,,,19460422,0,HOU04,h,CAG,1,0,0,exhibition,,
KCM194604220,lamaj102,KCM,1,1,value,18,,,0,,0,0,,,,1,19460422,0,HOU04,h,CAG,1,0,0,exhibition,,
KCM194604220,taboe101,KCM,1,2,value,27,,,0,,0,,,,,1,19460422,0,HOU04,h,CAG,1,0,0,exhibition,,
CAG194604240,wylis101,KCM,1,1,value,,,,,,,,,,,1,19460424,0,SAT02,v,CAG,1,0,0,exhibition,,
CAG194604240,alext101,KCM,1,1,value,,,,,,,,,,,,19460424,0,SAT02,v,CAG,1,0,0,exhibition,,
CAG194604240,greej108,KCM,1,2,value,27,,,0,,0,,,,,1,19460424,0,SAT02,v,CAG,1,0,0,exhibition,,
CAG194604240,wyatr101,CAG,1,1,value,27,,,0,,0,0,,,,1,19460424,0,SAT02,h,KCM,0,1,0,exhibition,,
CAG194604240,youne102,CAG,1,2,value,27,,,0,,0,,,,,1,19460424,0,SAT02,h,KCM,0,1,0,exhibition,,
MEM194604260,charb102,CAG,1,2,value,,,,0,,0,,,,,,19460426,0,FTW01,v,MEM,0,1,0,exhibition,,
MEM194604260,cornw101,CAG,1,1,value,,,,0,,0,0,,,,,19460426,0,FTW01,v,MEM,0,1,0,exhibition,,
MEM194604260,howar101,CAG,1,1,value,,,,0,,0,0,,,,1,19460426,0,FTW01,v,MEM,0,1,0,exhibition,,
MEM194604260,huntg102,CAG,1,2,value,,,,0,,0,,,,,1,19460426,0,FTW01,v,MEM,0,1,0,exhibition,,
MEM194604260,smitr110,CAG,1,1,value,,,,0,,0,0,,,,,19460426,0,FTW01,v,MEM,0,1,0,exhibition,,
MEM194604260,hubej101,MEM,1,1,value,,,,0,,0,0,,,,1,19460426,0,FTW01,h,CAG,1,0,0,exhibition,,
MEM194604260,longr102,MEM,1,2,value,27,,,0,,0,,,,,1,19460426,0,FTW01,h,CAG,1,0,0,exhibition,,
MEM194604260,pearf104,MEM,1,1,value,,,,0,,0,0,,,,,19460426,0,FTW01,h,CAG,1,0,0,exhibition,,
MEM194604281,charb102,CAG,1,2,value,27,,,0,,0,,,,,1,19460428,1,FTW01,v,MEM,1,0,0,exhibition,,
MEM194604281,nelsc102,CAG,1,5,value,27,,,0,,0,0,,,,,19460428,1,FTW01,v,MEM,1,0,0,exhibition,,
CAG194605051,scotj106,KCM,1,7,value,24,1,0,0,0,0,,,,,1,19460505,1,CHI10,v,CAG,0,1,0,regular,y,d
CAG194605051,renfc101,KCM,1,6,value,24,1,2,1,0,0,,,,,1,19460505,1,CHI10,v,CAG,0,1,0,regular,y,d
CAG194605051,strot101,KCM,1,9,value,24,1,0,0,0,0,,,,,1,19460505,1,CHI10,v,CAG,0,1,0,regular,y,d
CAG194605051,broww101,KCM,1,8,value,24,1,0,0,0,0,,,,,1,19460505,1,CHI10,v,CAG,0,1,0,regular,y,d
CAG194605051,greej108,KCM,1,2,value,24,9,0,0,0,0,0,0,0,1,1,19460505,1,CHI10,v,CAG,0,1,0,regular,y,d
CAG194605051,moodl101,KCM,1,4,value,24,1,4,0,0,0,,,,,1,19460505,1,CHI10,v,CAG,0,1,0,regular,y,d
CAG194605051,oneib801,KCM,1,3,value,24,10,0,0,0,0,,,,,1,19460505,1,CHI10,v,CAG,0,1,0,regular,y,d
CAG194605051,soueh101,KCM,1,5,value,24,0,2,1,0,0,,,,,1,19460505,1,CHI10,v,CAG,0,1,0,regular,y,d
CAG194605051,smith111,KCM,1,1,value,12,0,1,0,0,0,,,,,1,19460505,1,CHI10,v,CAG,0,1,0,regular,y,d
CAG194605051,smitf107,KCM,1,1,value,12,0,1,0,0,0,,,,,0,19460505,1,CHI10,v,CAG,0,1,0,regular,y,d
CAG194605051,longb101,CAG,1,4,value,27,4,4,0,0,0,,,,,1,19460505,1,CHI10,h,KCM,1,0,0,regular,y,d
CAG194605051,bissj101,CAG,1,7,value,27,1,0,0,0,0,,,,,1,19460505,1,CHI10,h,KCM,1,0,0,regular,y,d
CAG194605051,wyatr101,CAG,1,6,value,27,2,2,2,0,0,,,,,1,19460505,1,CHI10,h,KCM,1,0,0,regular,y,d
CAG194605051,youne102,CAG,1,3,value,27,12,0,0,0,0,,,,,1,19460505,1,CHI10,h,KCM,1,0,0,regular,y,d
CAG194605051,nelsc102,CAG,1,5,value,27,1,1,0,0,0,,,,,1,19460505,1,CHI10,h,KCM,1,0,0,regular,y,d
CAG194605051,mccuj101,CAG,1,9,value,27,2,0,0,0,0,,,,,1,19460505,1,CHI10,h,KCM,1,0,0,regular,y,d
CAG194605051,milej102,CAG,1,8,value,27,1,0,0,0,0,,,,,1,19460505,1,CHI10,h,KCM,1,0,0,regular,y,d
CAG194605051,charb102,CAG,1,2,value,27,4,0,0,0,0,0,1,0,0,1,19460505,1,CHI10,h,KCM,1,0,0,regular,y,d
CAG194605051,jessg101,CAG,1,1,value,27,0,3,0,0,0,,,,,1,19460505,1,CHI10,h,KCM,1,0,0,regular,y,d
CAG194605052,greej108,KCM,1,2,value,21,,,0,,0,,,,,1,19460505,2,CHI10,v,CAG,1,0,0,regular,,
CAG194605052,johnc103,KCM,1,1,value,,,,0,,0,0,,,,,19460505,2,CHI10,v,CAG,1,0,0,regular,,
CAG194605052,wylis101,KCM,1,1,value,,,,0,,0,0,,,,1,19460505,2,CHI10,v,CAG,1,0,0,regular,,
CAG194605052,charb102,CAG,1,2,value,21,,,0,,0,,,,,1,19460505,2,CHI10,h,KCM,0,1,0,regular,,
CAG194605052,longb101,CAG,1,4,value,21,,,0,,0,0,,,,1,19460505,2,CHI10,h,KCM,0,1,0,regular,,
CAG194605052,mccow102,CAG,1,1,value,21,,,0,,0,0,,,,1,19460505,2,CHI10,h,KCM,0,1,0,regular,,
KCM194605070,longb101,CAG,1,4,value,18,2,1,2,0,0,,,,,1,19460507,0,TUL01,v,KCM,0,1,0,regular,y,
KCM194605070,bissj101,CAG,1,7,value,18,1,0,1,0,0,,,,,1,19460507,0,TUL01,v,KCM,0,1,0,regular,y,
KCM194605070,mccuj101,CAG,1,9,value,18,3,0,0,0,0,,,,,1,19460507,0,TUL01,v,KCM,0,1,0,regular,y,
KCM194605070,nelsc102,CAG,1,5,value,18,0,0,0,0,0,,,,,1,19460507,0,TUL01,v,KCM,0,1,0,regular,y,
KCM194605070,milej102,CAG,1,8,value,18,0,0,1,0,0,,,,,1,19460507,0,TUL01,v,KCM,0,1,0,regular,y,
KCM194605070,charb102,CAG,1,2,value,18,5,0,0,0,0,2,2,0,,1,19460507,0,TUL01,v,KCM,0,1,0,regular,y,
KCM194605070,youne102,CAG,1,3,value,18,3,1,2,0,0,,,,,1,19460507,0,TUL01,v,KCM,0,1,0,regular,y,
KCM194605070,mcnec101,CAG,1,6,value,18,4,4,1,0,0,,,,,1,19460507,0,TUL01,v,KCM,0,1,0,regular,y,
KCM194605070,brewc102,CAG,1,1,value,4,0,0,0,0,0,,,,,1,19460507,0,TUL01,v,KCM,0,1,0,regular,y,
KCM194605070,howar101,CAG,1,1,value,0,0,0,0,0,0,,,,,,19460507,0,TUL01,v,KCM,0,1,0,regular,y,
KCM194605070,cornw101,CAG,1,1,value,14,0,1,0,0,0,,,,,,19460507,0,TUL01,v,KCM,0,1,0,regular,y,
KCM194605070,soueh101,KCM,1,5,value,21,1,1,1,1,0,,,,,1,19460507,0,TUL01,h,CAG,1,0,0,regular,y,
KCM194605070,renfc101,KCM,1,6,value,21,1,2,1,0,0,,,,,1,19460507,0,TUL01,h,CAG,1,0,0,regular,y,
KCM194605070,scotj106,KCM,1,7,value,21,2,1,0,1,0,,,,,1,19460507,0,TUL01,h,CAG,1,0,0,regular,y,
KCM194605070,broww101,KCM,1,4,value,21,0,1,1,0,0,,,,,1,19460507,0,TUL01,h,CAG,1,0,0,regular,y,
KCM194605070,greej108,KCM,1,2,value,21,8,1,1,1,0,1,1,0,,1,19460507,0,TUL01,h,CAG,1,0,0,regular,y,
KCM194605070,strot101,KCM,1,9,value,21,0,0,0,0,0,,,,,1,19460507,0,TUL01,h,CAG,1,0,0,regular,y,
KCM194605070,oneib801,KCM,1,3,value,21,7,1,0,0,0,,,,,1,19460507,0,TUL01,h,CAG,1,0,0,regular,y,
KCM194605070,smitf107,KCM,1,8,value,21,1,0,0,0,0,,,,,1,19460507,0,TUL01,h,CAG,1,0,0,regular,y,
KCM194605070,johnc103,KCM,1,1,value,21,1,2,0,0,0,,,,,1,19460507,0,TUL01,h,CAG,1,0,0,regular,y,
KCM194605080,howar101,CAG,1,1,value,,,,0,,0,0,,,,,19460508,0,FTW01,v,KCM,0,1,0,regular,,
KCM194605080,lockc102,CAG,1,1,value,,,,0,,0,0,,,,1,19460508,0,FTW01,v,KCM,0,1,0,regular,,
KCM194605080,thomw103,CAG,1,2,value,24,,,0,,0,,,,,1,19460508,0,FTW01,v,KCM,0,1,0,regular,,
KCM194605080,alext101,KCM,1,1,value,27,,,0,,0,0,,,,1,19460508,0,FTW01,h,CAG,1,0,0,regular,,
KCM194605080,greej108,KCM,1,2,value,27,,,0,,0,,,,,1,19460508,0,FTW01,h,CAG,1,0,0,regular,,
KCM194605090,huntg102,CAG,1,2,value,26,,,0,,0,,,,,,19460509,0,OKC02,v,KCM,0,1,0,regular,,
KCM194605090,mccow102,CAG,1,1,value,27,,,0,,0,0,,,,1,19460509,0,OKC02,v,KCM,0,1,0,regular,,
KCM194605090,thomw103,CAG,1,2,value,26,,,0,,0,,,,,1,19460509,0,OKC02,v,KCM,0,1,0,regular,,
KCM194605090,mcnec101,CAG,,6,value,,,,1,,,,,,,,19460509,0,OKC02,v,KCM,0,1,0,regular,,
KCM194605090,lamaj102,KCM,1,1,value,18,,,0,,0,0,,,,1,19460509,0,OKC02,h,CAG,1,0,0,regular,,
KCM194605090,renfc101,KCM,1,2,value,27,,,0,,0,,,,,,19460509,0,OKC02,h,CAG,1,0,0,regular,,
KCM194605090,smith111,KCM,1,1,value,9,,,0,,0,0,,,,,19460509,0,OKC02,h,CAG,1,0,0,regular,,
KCM194605090,taboe101,KCM,1,2,value,27,,,0,,0,,,,,1,19460509,0,OKC02,h,CAG,1,0,0,regular,,
CAG194605120,drakr101,IN9,1,8,value,24,8,0,0,0,0,,,,,1,19460512,0,CHI10,v,CAG,0,0,1,regular,y,d
CAG194605120,merch101,IN9,1,8,value,36,2,0,0,0,0,,,,,0,19460512,0,CHI10,v,CAG,0,0,1,regular,y,d
CAG194605120,neilr101,IN9,1,4,value,60,8,2,1,2,0,,,,,1,19460512,0,CHI10,v,CAG,0,0,1,regular,y,d
CAG194605120,xiqul101,IN9,1,7,value,60,0,0,0,0,0,,,,,1,19460512,0,CHI10,v,CAG,0,0,1,regular,y,d
CAG194605120,clevd101,IN9,1,9,value,60,6,0,0,0,0,,,,,1,19460512,0,CHI10,v,CAG,0,0,1,regular,y,d
CAG194605120,hairs101,IN9,1,3,value,60,21,1,1,3,0,,,,,1,19460512,0,CHI10,v,CAG,0,0,1,regular,y,d
CAG194605120,ferrc102,IN9,1,6,value,60,3,2,0,2,0,,,,,1,19460512,0,CHI10,v,CAG,0,0,1,regular,y,d
CAG194605120,walkh103,IN9,1,5,value,60,5,0,0,0,0,,,,,1,19460512,0,CHI10,v,CAG,0,0,1,regular,y,d
CAG194605120,haywb102,IN9,1,2,value,60,6,0,0,0,0,0,0,0,0,1,19460512,0,CHI10,v,CAG,0,0,1,regular,y,d
CAG194605120,davip103,IN9,1,1,value,60,1,2,0,0,0,,,,,1,19460512,0,CHI10,v,CAG,0,0,1,regular,y,d
CAG194605120,longb101,CAG,1,4,value,60,6,2,0,2,0,,,,,1,19460512,0,CHI10,h,IN9,0,0,1,regular,y,d
CAG194605120,thomw103,CAG,1,7,value,60,1,1,1,0,0,,,,,1,19460512,0,CHI10,h,IN9,0,0,1,regular,y,d
CAG194605120,wyatr101,CAG,1,6,value,60,6,0,0,0,0,,,,,1,19460512,0,CHI10,h,IN9,0,0,1,regular,y,d
CAG194605120,youne102,CAG,1,3,value,60,26,0,0,2,0,,,,,1,19460512,0,CHI10,h,IN9,0,0,1,regular,y,d
CAG194605120,nelsc102,CAG,1,5,value,60,7,0,1,0,0,,,,,1,19460512,0,CHI10,h,IN9,0,0,1,regular,y,d
CAG194605120,mccuj101,CAG,1,9,value,60,0,0,0,0,0,,,,,1,19460512,0,CHI10,h,IN9,0,0,1,regular,y,d
CAG194605120,milej102,CAG,1,8,value,60,0,0,1,0,0,,,,,1,19460512,0,CHI10,h,IN9,0,0,1,regular,y,d
CAG194605120,charb102,CAG,1,2,value,30,8,1,2,0,0,0,0,0,0,1,19460512,0,CHI10,h,IN9,0,0,1,regular,y,d
CAG194605120,huntg102,CAG,1,2,value,30,3,0,2,0,0,0,0,0,0,0,19460512,0,CHI10,h,IN9,0,0,1,regular,y,d
CAG194605120,jessg101,CAG,1,1,value,60,3,4,0,2,0,,,,,1,19460512,0,CHI10,h,IN9,0,0,1,regular,y,d
IN9194605150,bissj101,CAG,1,4,value,21,1,2,2,0,0,,,,,1,19460515,0,SBD01,v,IN9,0,1,0,regular,y,d
IN9194605150,thomw103,CAG,1,9,value,21,0,0,0,0,0,,,,,1,19460515,0,SBD01,v,IN9,0,1,0,regular,y,d
IN9194605150,mccuj101,CAG,1,7,value,15,2,0,0,0,0,,,,,1,19460515,0,SBD01,v,IN9,0,1,0,regular,y,d
IN9194605150,longb101,CAG,1,7,value,6,0,0,0,0,0,,,,,0,19460515,0,SBD01,v,IN9,0,1,0,regular,y,d
IN9194605150,nelsc102,CAG,1,5,value,21,3,2,0,0,0,,,,,1,19460515,0,SBD01,v,IN9,0,1,0,regular,y,d
IN9194605150,youne102,CAG,1,3,value,21,8,0,0,0,0,,,,,1,19460515,0,SBD01,v,IN9,0,1,0,regular,y,d
IN9194605150,milej102,CAG,1,8,value,21,1,0,0,0,0,,,,,1,19460515,0,SBD01,v,IN9,0,1,0,regular,y,d
IN9194605150,charb102,CAG,1,2,value,21,5,0,0,0,0,1,1,1,0,1,19460515,0,SBD01,v,IN9,0,1,0,regular,y,d
IN9194605150,mcnec101,CAG,1,6,value,18,1,2,1,0,0,,,,,1,19460515,0,SBD01,v,IN9,0,1,0,regular,y,d
IN9194605150,jessg101,CAG,1,6,value,3,0,0,0,0,0,,,,,0,19460515,0,SBD01,v,IN9,0,1,0,regular,y,d
IN9194605150,howar101,CAG,1,1,value,2,0,0,0,0,0,,,,,1,19460515,0,SBD01,v,IN9,0,1,0,regular,y,d
IN9194605150,cornw101,CAG,1,1,value,19,0,5,0,0,0,,,,,0,19460515,0,SBD01,v,IN9,0,1,0,regular,y,d
IN9194605150,neilr101,IN9,1,4,value,21,0,2,1,0,0,,,,,1,19460515,0,SBD01,h,CAG,1,0,0,regular,y,d
IN9194605150,drakr101,IN9,1,8,value,21,0,0,0,0,0,,,,,1,19460515,0,SBD01,h,CAG,1,0,0,regular,y,d
IN9194605150,xiqul101,IN9,1,7,value,21,1,0,0,0,0,,,,,1,19460515,0,SBD01,h,CAG,1,0,0,regular,y,d
IN9194605150,clevd101,IN9,1,9,value,21,1,0,0,0,0,,,,,1,19460515,0,SBD01,h,CAG,1,0,0,regular,y,d
IN9194605150,hairs101,IN9,1,2,value,21,9,0,0,0,0,0,1,0,0,1,19460515,0,SBD01,h,CAG,1,0,0,regular,y,d
IN9194605150,ferrc102,IN9,1,6,value,21,2,2,0,1,0,,,,,1,19460515,0,SBD01,h,CAG,1,0,0,regular,y,d
IN9194605150,tatug101,IN9,1,3,value,21,8,0,0,0,0,,,,,1,19460515,0,SBD01,h,CAG,1,0,0,regular,y,d
IN9194605150,jamet101,IN9,1,5,value,21,0,0,1,0,0,,,,,1,19460515,0,SBD01,h,CAG,1,0,0,regular,y,d
IN9194605150,garca101,IN9,1,1,value,21,0,2,0,0,0,,,,,1,19460515,0,SBD01,h,CAG,1,0,0,regular,y,d
KCM194605191,longb101,CAG,1,4,value,24,1,1,0,0,0,,,,,1,19460519,1,KAN05,v,KCM,0,1,0,regular,y,d
KCM194605191,bissj101,CAG,1,7,value,24,1,0,1,0,0,,,,,1,19460519,1,KAN05,v,KCM,0,1,0,regular,y,d
KCM194605191,wyatr101,CAG,1,6,value,24,2,5,1,1,0,,,,,1,19460519,1,KAN05,v,KCM,0,1,0,regular,y,d
KCM194605191,youne102,CAG,1,3,value,24,13,0,0,1,0,,,,,1,19460519,1,KAN05,v,KCM,0,1,0,regular,y,d
KCM194605191,nelsc102,CAG,1,5,value,24,2,2,0,0,0,,,,,1,19460519,1,KAN05,v,KCM,0,1,0,regular,y,d
KCM194605191,mccuj101,CAG,1,9,value,24,1,0,0,0,0,,,,,1,19460519,1,KAN05,v,KCM,0,1,0,regular,y,d
KCM194605191,milej102,CAG,1,8,value,18,2,0,0,0,0,,,,,1,19460519,1,KAN05,v,KCM,0,1,0,regular,y,d
KCM194605191,thomw103,CAG,1,8,value,6,0,0,0,0,0,,,,,0,19460519,1,KAN05,v,KCM,0,1,0,regular,y,d
KCM194605191,charb102,CAG,1,2,value,24,2,1,2,0,0,0,0,1,0,1,19460519,1,KAN05,v,KCM,0,1,0,regular,y,d
KCM194605191,mccow102,CAG,1,1,value,24,0,3,1,0,0,,,,,1,19460519,1,KAN05,v,KCM,0,1,0,regular,y,d
KCM194605191,soueh101,KCM,1,5,value,27,2,1,0,0,0,,,,,1,19460519,1,KAN05,h,CAG,1,0,0,regular,y,d
KCM194605191,renfc101,KCM,1,6,value,27,2,1,1,0,0,,,,,1,19460519,1,KAN05,h,CAG,1,0,0,regular,y,d
KCM194605191,scotj106,KCM,1,7,value,27,0,0,0,0,0,,,,,1,19460519,1,KAN05,h,CAG,1,0,0,regular,y,d
KCM194605191,broww101,KCM,1,8,value,27,4,0,0,0,0,,,,,1,19460519,1,KAN05,h,CAG,1,0,0,regular,y,d
KCM194605191,greej108,KCM,1,2,value,27,9,3,0,0,0,0,0,1,0,1,19460519,1,KAN05,h,CAG,1,0,0,regular,y,d
KCM194605191,oneib801,KCM,1,3,value,27,8,0,0,0,0,,,,,1,19460519,1,KAN05,h,CAG,1,0,0,regular,y,d
KCM194605191,smitf107,KCM,1,9,value,27,2,0,0,0,0,,,,,1,19460519,1,KAN05,h,CAG,1,0,0,regular,y,d
KCM194605191,moodl101,KCM,1,4,value,27,0,3,2,0,0,,,,,1,19460519,1,KAN05,h,CAG,1,0,0,regular,y,d
KCM194605191,johnc103,KCM,1,1,value,27,0,1,0,0,0,,,,,1,19460519,1,KAN05,h,CAG,1,0,0,regular,y,d
KCM194605192,longb101,CAG,1,4,value,22,1,2,0,1,0,,,,,1,19460519,2,KAN05,v,KCM,0,1,0,regular,y,d
KCM194605192,bissj101,CAG,1,7,value,22,1,0,0,0,0,,,,,1,19460519,2,KAN05,v,KCM,0,1,0,regular,y,d
KCM194605192,wyatr101,CAG,1,6,value,9,1,1,1,0,0,,,,,1,19460519,2,KAN05,v,KCM,0,1,0,regular,y,d
KCM194605192,mcnec101,CAG,1,6,value,13,3,0,0,0,0,,,,,0,19460519,2,KAN05,v,KCM,0,1,0,regular,y,d
KCM194605192,youne102,CAG,1,3,value,22,8,1,0,1,0,,,,,1,19460519,2,KAN05,v,KCM,0,1,0,regular,y,d
KCM194605192,nelsc102,CAG,1,5,value,22,1,1,1,0,0,,,,,1,19460519,2,KAN05,v,KCM,0,1,0,regular,y,d
KCM194605192,mccuj101,CAG,1,9,value,22,0,0,0,0,0,,,,,1,19460519,2,KAN05,v,KCM,0,1,0,regular,y,d
KCM194605192,thomw103,CAG,1,8,value,22,1,0,0,0,0,,,,,1,19460519,2,KAN05,v,KCM,0,1,0,regular,y,d
KCM194605192,charb102,CAG,1,2,value,22,5,3,0,0,0,0,0,0,0,1,19460519,2,KAN05,v,KCM,0,1,0,regular,y,d
KCM194605192,brewc102,CAG,1,1,value,18,1,2,0,0,0,,,,,1,19460519,2,KAN05,v,KCM,0,1,0,regular,y,d
KCM194605192,lockc102,CAG,1,1,value,4,0,1,0,0,0,,,,,0,19460519,2,KAN05,v,KCM,0,1,0,regular,y,d
KCM194605192,soueh101,KCM,1,5,value,24,1,2,1,0,0,,,,,1,19460519,2,KAN05,h,CAG,1,0,0,regular,y,d
KCM194605192,renfc101,KCM,1,6,value,24,5,1,0,0,0,,,,,1,19460519,2,KAN05,h,CAG,1,0,0,regular,y,d
KCM194605192,scotj106,KCM,1,7,value,24,0,0,0,0,0,,,,,1,19460519,2,KAN05,h,CAG,1,0,0,regular,y,d
KCM194605192,broww101,KCM,1,8,value,24,3,0,0,0,0,,,,,1,19460519,2,KAN05,h,CAG,1,0,0,regular,y,d
KCM194605192,greej108,KCM,1,2,value,23,5,1,0,0,0,0,0,0,0,1,19460519,2,KAN05,h,CAG,1,0,0,regular,y,d
KCM194605192,taboe101,KCM,1,2,value,1,0,0,0,0,0,0,0,0,0,0,19460519,2,KAN05,h,CAG,1,0,0,regular,y,d
KCM194605192,oneib801,KCM,1,3,value,24,7,0,1,0,0,,,,,1,19460519,2,KAN05,h,CAG,1,0,0,regular,y,d
KCM194605192,smitf107,KCM,1,9,value,24,2,0,0,0,0,,,,,1,19460519,2,KAN05,h,CAG,1,0,0,regular,y,d
KCM194605192,moodl101,KCM,1,4,value,24,1,2,0,0,0,,,,,1,19460519,2,KAN05,h,CAG,1,0,0,regular,y,d
KCM194605192,alext101,KCM,1,1,value,24,0,2,0,0,0,,,,,1,19460519,2,KAN05,h,CAG,1,0,0,regular,y,d
KCM194605200,longb101,CAG,1,4,value,24,2,5,1,1,0,,,,,1,19460520,0,KAN05,v,KCM,0,1,0,regular,y,d
KCM194605200,bissj101,CAG,1,7,value,24,0,0,0,0,0,,,,,1,19460520,0,KAN05,v,KCM,0,1,0,regular,y,d
KCM194605200,mccuj101,CAG,1,9,value,24,0,0,0,0,0,,,,,1,19460520,0,KAN05,v,KCM,0,1,0,regular,y,d
KCM194605200,youne102,CAG,1,3,value,24,13,2,0,3,0,,,,,1,19460520,0,KAN05,v,KCM,0,1,0,regular,y,d
KCM194605200,nelsc102,CAG,1,5,value,24,2,5,0,1,0,,,,,1,19460520,0,KAN05,v,KCM,0,1,0,regular,y,d
KCM194605200,milej102,CAG,1,8,value,15,0,0,0,0,0,,,,,1,19460520,0,KAN05,v,KCM,0,1,0,regular,y,d
KCM194605200,thomw103,CAG,1,8,value,9,1,0,0,0,0,,,,,0,19460520,0,KAN05,v,KCM,0,1,0,regular,y,d
KCM194605200,charb102,CAG,1,2,value,24,3,0,0,0,0,0,0,0,0,1,19460520,0,KAN05,v,KCM,0,1,0,regular,y,d
KCM194605200,mcnec101,CAG,1,6,value,24,3,3,0,2,0,,,,,1,19460520,0,KAN05,v,KCM,0,1,0,regular,y,d
KCM194605200,howar101,CAG,1,1,value,24,0,0,1,0,0,,,,,1,19460520,0,KAN05,v,KCM,0,1,0,regular,y,d
KCM194605200,soueh101,KCM,1,5,value,27,2,1,0,0,0,,,,,1,19460520,0,KAN05,h,CAG,1,0,0,regular,y,d
KCM194605200,renfc101,KCM,1,6,value,27,1,2,0,0,0,,,,,1,19460520,0,KAN05,h,CAG,1,0,0,regular,y,d
KCM194605200,scotj106,KCM,1,7,value,27,2,0,0,0,0,,,,,1,19460520,0,KAN05,h,CAG,1,0,0,regular,y,d
KCM194605200,oneib801,KCM,1,3,value,27,9,0,0,1,0,,,,,1,19460520,0,KAN05,h,CAG,1,0,0,regular,y,d
KCM194605200,smitf107,KCM,1,9,value,27,0,0,0,0,0,,,,,1,19460520,0,KAN05,h,CAG,1,0,0,regular,y,d
KCM194605200,broww101,KCM,1,8,value,27,5,0,0,0,0,,,,,1,19460520,0,KAN05,h,CAG,1,0,0,regular,y,d
KCM194605200,moodl101,KCM,1,4,value,27,2,4,0,1,0,,,,,1,19460520,0,KAN05,h,CAG,1,0,0,regular,y,d
KCM194605200,taboe101,KCM,1,2,value,27,6,2,1,0,0,0,1,1,1,1,19460520,0,KAN05,h,CAG,1,0,0,regular,y,d
KCM194605200,wylis101,KCM,1,1,value,27,0,1,0,0,0,,,,,1,19460520,0,KAN05,h,CAG,1,0,0,regular,y,d
CVB194605230,brewc102,CVB,1,1,value,27,,,0,,0,0,,,,1,19460523,0,TOL05,h,CAG,1,0,0,regular,,
CVB194605280,barnh102,CAG,1,2,value,27,,,,,0,1,,,,1,19460528,0,DAY03,v,CVB,1,0,0,regular,,
CVB194605280,mccow102,CAG,1,1,value,27,,,,,0,,,,,1,19460528,0,DAY03,v,CVB,1,0,0,regular,,
CVB194605280,browj114,CVB,1,1,value,3,,,,,0,,,,,,19460528,0,DAY03,h,CAG,0,1,0,regular,,
CVB194605280,calhf101,CVB,1,1,value,18,,,,,0,,,,,1,19460528,0,DAY03,h,CAG,0,1,0,regular,,
CVB194605280,harrt102,CVB,1,2,value,27,,,,,0,,,,,1,19460528,0,DAY03,h,CAG,0,1,0,regular,,
CVB194605280,jeffw101,CVB,1,1,value,6,,,,,0,,,,,,19460528,0,DAY03,h,CAG,0,1,0,regular,,
CAG194605290,keyer101,CVB,1,1,value,,,,0,,0,0,,,,1,19460529,0,GRA02,v,CAG,1,0,0,regular,,
CAG194605290,klepe102,CVB,1,1,value,,,,0,,0,0,,,,,19460529,0,GRA02,v,CAG,1,0,0,regular,,
CAG194605301,clarw103,CVB,1,1,value,27,,,0,,0,0,,,,1,19460530,1,CHI10,v,CAG,1,0,0,regular,,
CAG194605301,trouq101,CVB,1,2,value,27,,,0,,0,,,,,1,19460530,1,CHI10,v,CAG,1,0,0,regular,,
CAG194605301,barnh102,CAG,1,2,value,27,,,0,,0,,,,,1,19460530,1,CHI10,h,CVB,0,1,0,regular,,
CAG194605301,jessg101,CAG,1,1,value,27,,,0,,0,0,,,,1,19460530,1,CHI10,h,CVB,0,1,0,regular,,
CAG194605302,carsf102,CVB,1,1,value,,,,0,,0,0,,,,,19460530,2,CHI10,v,CAG,0,1,0,regular,,
CAG194605302,jones105,CVB,1,1,value,,,,0,,0,0,,,,1,19460530,2,CHI10,v,CAG,0,1,0,regular,,
CAG194605302,trouq101,CVB,1,2,value,18,,,0,,0,,,,,1,19460530,2,CHI10,v,CAG,0,1,0,regular,,
CAG194605302,barnh102,CAG,1,2,value,21,,,0,,0,,,,,1,19460530,2,CHI10,h,CVB,1,0,0,regular,,
CAG194605302,brewc102,CAG,1,1,value,21,,,0,,0,0,,,,1,19460530,2,CHI10,h,CVB,1,0,0,regular,,
CAG194606021,bellh102,BIR,1,2,value,,,,,,0,,,,,1,19460602,1,CHI10,v,CAG,0,1,0,regular,,
CAG194606021,bassp101,BIR,2,2,value,,,,,,0,,,,,1,19460602,1,CHI10,v,CAG,0,1,0,regular,,
CAG194606021,gipsa101,BIR,1,1,value,24,,,,,0,0,,,,1,19460602,1,CHI10,v,CAG,0,1,0,regular,,
CAG194606021,wilsa101,BIR,,6,value,,,,1,,,,,,,,19460602,1,CHI10,v,CAG,0,1,0,regular,,
CAG194606021,charb102,CAG,1,2,value,27,,,0,,0,,,,,,19460602,1,CHI10,h,BIR,1,0,0,regular,,
CAG194606021,mccow102,CAG,1,1,value,27,,,0,,0,0,,,,1,19460602,1,CHI10,h,BIR,1,0,0,regular,,
CAG194606022,lockl101,BIR,1,7,value,,,,0,,0,0,0,,,,19460602,2,CHI10,v,CAG,1,0,0,regular,,
CAG194606022,steee102,BIR,1,9,value,,,,0,,0,0,0,,,,19460602,2,CHI10,v,CAG,1,0,0,regular,,
CAG194606022,wilsa101,BIR,1,6,value,,,,0,,0,0,0,,,,19460602,2,CHI10,v,CAG,1,0,0,regular,,
CAG194606022,bassp101,BIR,1,2,value,21,,,0,,0,,,,,1,19460602,2,CHI10,v,CAG,1,0,0,regular,,
CAG194606022,newbj101,BIR,1,1,value,21,,,0,,0,,,,,1,19460602,2,CHI10,v,CAG,1,0,0,regular,,
CAG194606022,kingw102,CAG,,4,value,,,,1,,0,0,0,,,,19460602,2,CHI10,h,BIR,0,1,0,regular,,
CAG194606022,charb102,CAG,1,2,value,21,,,0,,0,,,,,,19460602,2,CHI10,h,BIR,0,1,0,regular,,
CAG194606022,duncf103,CAG,1,2,value,21,,,0,,0,,,,,1,19460602,2,CHI10,h,BIR,0,1,0,regular,,
CAG194606022,lockc102,CAG,1,1,value,21,,,0,,0,0,,,,1,19460602,2,CHI10,h,BIR,0,1,0,regular,,
CAG194606030,wilsa101,BIR,1,6,value,27,2,3,0,0,0,,,,,1,19460603,0,DAV01,v,CAG,1,0,0,regular,y,d
CAG194606030,britj104,BIR,1,5,value,27,0,2,0,0,0,,,,,1,19460603,0,DAV01,v,CAG,1,0,0,regular,y,d
CAG194606030,steee102,BIR,1,9,value,27,2,0,0,0,0,,,,,1,19460603,0,DAV01,v,CAG,1,0,0,regular,y,d
CAG194606030,davip102,BIR,1,4,value,27,5,3,0,0,0,,,,,1,19460603,0,DAV01,v,CAG,1,0,0,regular,y,d
CAG194606030,sampt101,BIR,1,3,value,9,5,0,0,0,0,,,,,1,19460603,0,DAV01,v,CAG,1,0,0,regular,y,d
CAG194606030,reynj101,BIR,1,3,value,18,5,1,0,0,0,,,,,0,19460603,0,DAV01,v,CAG,1,0,0,regular,y,d
CAG194606030,shepf101,BIR,1,8,value,27,0,0,0,0,0,,,,,1,19460603,0,DAV01,v,CAG,1,0,0,regular,y,d
CAG194606030,sampe101,BIR,1,7,value,27,0,0,0,0,0,,,,,1,19460603,0,DAV01,v,CAG,1,0,0,regular,y,d
CAG194606030,bassp101,BIR,1,2,value,27,7,0,1,0,0,1,1,0,0,1,19460603,0,DAV01,v,CAG,1,0,0,regular,y,d
CAG194606030,poweb103,BIR,1,1,value,27,1,3,0,0,0,,,,,1,19460603,0,DAV01,v,CAG,1,0,0,regular,y,d
CAG194606030,longb101,CAG,1,4,value,27,2,3,2,0,0,,,,,1,19460603,0,DAV01,h,BIR,0,1,0,regular,y,d
CAG194606030,bissj101,CAG,1,7,value,27,1,0,0,0,0,,,,,1,19460603,0,DAV01,h,BIR,0,1,0,regular,y,d
CAG194606030,wyatr101,CAG,1,6,value,27,3,2,1,0,0,,,,,1,19460603,0,DAV01,h,BIR,0,1,0,regular,y,d
CAG194606030,youne102,CAG,1,3,value,27,7,0,0,0,0,,,,,1,19460603,0,DAV01,h,BIR,0,1,0,regular,y,d
CAG194606030,mccuj101,CAG,1,9,value,27,2,0,1,0,0,,,,,1,19460603,0,DAV01,h,BIR,0,1,0,regular,y,d
CAG194606030,thomw103,CAG,1,8,value,27,3,0,0,0,0,,,,,1,19460603,0,DAV01,h,BIR,0,1,0,regular,y,d
CAG194606030,barnh102,CAG,1,2,value,27,8,1,0,0,0,2,2,3,1,1,19460603,0,DAV01,h,BIR,0,1,0,regular,y,d
CAG194606030,mcnec101,CAG,1,5,value,27,0,1,2,0,0,,,,,1,19460603,0,DAV01,h,BIR,0,1,0,regular,y,d
CAG194606030,howar101,CAG,1,1,value,18,0,0,0,0,0,,,,,1,19460603,0,DAV01,h,BIR,0,1,0,regular,y,d
CAG194606030,rhodh101,CAG,1,1,value,9,1,1,1,0,0,,,,,0,19460603,0,DAV01,h,BIR,0,1,0,regular,y,d
CAG194606040,wilsa101,BIR,1,6,value,27,,,0,0,0,,,,,1,19460604,0,SBD01,v,CAG,1,0,0,regular,y,
CAG194606040,reynj101,BIR,1,3,value,27,,,1,0,0,,,,,1,19460604,0,SBD01,v,CAG,1,0,0,regular,y,
CAG194606040,britj104,BIR,1,5,value,27,,,0,0,0,,,,,1,19460604,0,SBD01,v,CAG,1,0,0,regular,y,
CAG194606040,davip102,BIR,1,4,value,27,,,1,0,0,,,,,1,19460604,0,SBD01,v,CAG,1,0,0,regular,y,
CAG194606040,steee102,BIR,1,9,value,27,,,0,0,0,,,,,1,19460604,0,SBD01,v,CAG,1,0,0,regular,y,
CAG194606040,sampe101,BIR,1,8,value,27,,,0,0,0,,,,,1,19460604,0,SBD01,v,CAG,1,0,0,regular,y,
CAG194606040,lockl101,BIR,1,7,value,27,,,0,0,0,,,,,1,19460604,0,SBD01,v,CAG,1,0,0,regular,y,
CAG194606040,bassp101,BIR,1,2,value,27,,,0,0,0,0,,,,1,19460604,0,SBD01,v,CAG,1,0,0,regular,y,
CAG194606040,hearj103,BIR,1,1,value,27,,,0,0,0,,,,,1,19460604,0,SBD01,v,CAG,1,0,0,regular,y,
CAG194606040,wyatr101,CAG,1,6,value,27,,,0,1,0,,,,,1,19460604,0,SBD01,h,BIR,0,1,0,regular,y,
CAG194606040,thomw103,CAG,1,8,value,27,,,1,0,0,,,,,1,19460604,0,SBD01,h,BIR,0,1,0,regular,y,
CAG194606040,mccuj101,CAG,1,9,value,27,,,0,0,0,,,,,1,19460604,0,SBD01,h,BIR,0,1,0,regular,y,
CAG194606040,youne102,CAG,1,3,value,27,,,0,1,0,,,,,1,19460604,0,SBD01,h,BIR,0,1,0,regular,y,
CAG194606040,nelsc102,CAG,1,5,value,27,,,2,0,0,,,,,1,19460604,0,SBD01,h,BIR,0,1,0,regular,y,
CAG194606040,barnh102,CAG,1,2,value,27,,,0,0,0,0,,,,1,19460604,0,SBD01,h,BIR,0,1,0,regular,y,
CAG194606040,rhodh101,CAG,1,7,value,27,,,1,0,0,,,,,1,19460604,0,SBD01,h,BIR,0,1,0,regular,y,
CAG194606040,mcnec101,CAG,1,4,value,27,,,0,0,0,,,,,1,19460604,0,SBD01,h,BIR,0,1,0,regular,y,
CAG194606040,jessg101,CAG,1,1,value,27,,,1,1,0,,,,,1,19460604,0,SBD01,h,BIR,0,1,0,regular,y,
CAG194606060,bellh102,BIR,1,2,value,27,,,0,,0,,,,,1,19460606,0,CHI10,v,CAG,1,0,0,regular,,
CAG194606060,gipsa101,BIR,1,1,value,27,,,0,,0,0,,,,1,19460606,0,CHI10,v,CAG,1,0,0,regular,,
CAG194606060,barnh102,CAG,1,2,value,27,,,0,,0,,,,,1,19460606,0,CHI10,h,BIR,0,1,0,regular,,
CAG194606060,howar101,CAG,1,1,value,,,,0,,0,0,,,,,19460606,0,CHI10,h,BIR,0,1,0,regular,,
CAG194606060,lockc102,CAG,1,1,value,,,,0,,0,0,,,,,19460606,0,CHI10,h,BIR,0,1,0,regular,,
CAG194606060,mccow102,CAG,1,1,value,,,,0,,0,0,,,,1,19460606,0,CHI10,h,BIR,0,1,0,regular,,
IN9194606080,duncf103,CAG,1,1,value,,,,0,,0,0,,,,1,19460608,0,IND10,v,IN9,0,1,0,regular,,
IN9194606080,rhodh101,CAG,2,1,value,,,,0,,0,0,,,,,19460608,0,IND10,v,IN9,0,1,0,regular,,
IN9194606080,mccuj101,CAG,3,1,value,18,,,0,,0,0,,,,,19460608,0,IND10,v,IN9,0,1,0,regular,,
IN9194606080,barnh102,CAG,1,2,value,18,,,0,,0,,,,,1,19460608,0,IND10,v,IN9,0,1,0,regular,,
IN9194606080,charb102,CAG,2,2,value,6,,,0,,0,,,,,,19460608,0,IND10,v,IN9,0,1,0,regular,,
IN9194606080,colzj101,IN9,1,1,value,27,,,0,,0,0,,,,1,19460608,0,IND10,h,CAG,1,0,0,regular,,
IN9194606080,hairs101,IN9,1,2,value,27,,,0,,0,,,,,1,19460608,0,IND10,h,CAG,1,0,0,regular,,
IN9194606080,neilr101,IN9,1,4,value,27,,,0,,0,0,,,,,19460608,0,IND10,h,CAG,1,0,0,regular,,
CAG194606091,davip103,IN9,1,1,value,6,,,0,,0,0,,,,,19460609,1,CHI10,v,CAG,1,0,0,regular,,
CAG194606091,garca101,IN9,1,1,value,18,,,0,,0,0,,,,1,19460609,1,CHI10,v,CAG,1,0,0,regular,,
CAG194606091,haywb102,IN9,1,2,value,27,,,0,,0,,,,,1,19460609,1,CHI10,v,CAG,1,0,0,regular,,
CAG194606091,barnh102,CAG,1,2,value,27,,,0,,0,,,,,1,19460609,1,CHI10,h,IN9,0,1,0,regular,,
CAG194606091,jessg101,CAG,1,1,value,27,,,0,,0,0,,,,1,19460609,1,CHI10,h,IN9,0,1,0,regular,,
CAG194606092,davip103,IN9,1,1,value,9,,,0,,0,0,,,,,19460609,2,CHI10,v,CAG,0,1,0,regular,,
CAG194606092,hairs101,IN9,1,2,value,,,,0,,0,,,,,1,19460609,2,CHI10,v,CAG,0,1,0,regular,,
CAG194606092,watsa102,IN9,1,1,value,15,,,0,,0,0,,,,1,19460609,2,CHI10,v,CAG,0,1,0,regular,,
CAG194606092,haywb102,IN9,2,2,value,,,,0,,0,,,,,,19460609,2,CHI10,v,CAG,0,1,0,regular,,
CAG194606092,brewc102,CAG,1,1,value,27,,,0,,0,0,,,,1,19460609,2,CHI10,h,IN9,1,0,0,regular,,
CAG194606092,charb102,CAG,1,2,value,27,,,0,,0,,,,,1,19460609,2,CHI10,h,IN9,1,0,0,regular,,
CAG194606100,drakr101,IN9,1,8,value,27,1,0,0,0,0,,,,,1,19460610,0,DAV01,v,CAG,1,0,0,regular,y,d
CAG194606100,smitg105,IN9,1,5,value,15,0,0,0,0,0,,,,,1,19460610,0,DAV01,v,CAG,1,0,0,regular,y,d
CAG194606100,haywb102,IN9,1,2,value,12,4,0,0,0,0,1,0,0,0,0,19460610,0,DAV01,v,CAG,1,0,0,regular,y,d
CAG194606100,neilr101,IN9,1,4,value,27,4,2,1,0,0,,,,,1,19460610,0,DAV01,v,CAG,1,0,0,regular,y,d
CAG194606100,clevd101,IN9,1,9,value,27,1,0,0,0,0,,,,,1,19460610,0,DAV01,v,CAG,1,0,0,regular,y,d
CAG194606100,hairs101,IN9,1,2,value,15,5,1,0,0,0,1,1,0,0,1,19460610,0,DAV01,v,CAG,1,0,0,regular,y,d
CAG194606100,hairs101,IN9,2,5,value,12,0,0,0,0,0,,,,,0,19460610,0,DAV01,v,CAG,1,0,0,regular,y,d
CAG194606100,xiqul101,IN9,1,7,value,27,1,0,0,0,0,,,,,1,19460610,0,DAV01,v,CAG,1,0,0,regular,y,d
CAG194606100,ferrc102,IN9,1,6,value,27,4,2,0,0,0,,,,,1,19460610,0,DAV01,v,CAG,1,0,0,regular,y,d
CAG194606100,merch101,IN9,1,3,value,27,6,0,1,0,0,,,,,1,19460610,0,DAV01,v,CAG,1,0,0,regular,y,d
CAG194606100,henrp101,IN9,1,1,value,27,1,3,0,0,0,,,,,1,19460610,0,DAV01,v,CAG,1,0,0,regular,y,d
CAG194606100,kingw102,CAG,1,4,value,27,1,6,1,1,0,,,,,1,19460610,0,DAV01,h,IN9,0,1,0,regular,y,d
CAG194606100,wyatr101,CAG,1,6,value,27,1,2,1,1,0,,,,,1,19460610,0,DAV01,h,IN9,0,1,0,regular,y,d
CAG194606100,mccuj101,CAG,1,9,value,27,1,0,0,0,0,,,,,1,19460610,0,DAV01,h,IN9,0,1,0,regular,y,d
CAG194606100,nelsc102,CAG,1,5,value,27,0,2,1,0,0,,,,,1,19460610,0,DAV01,h,IN9,0,1,0,regular,y,d
CAG194606100,milej102,CAG,1,7,value,27,2,0,1,0,0,,,,,1,19460610,0,DAV01,h,IN9,0,1,0,regular,y,d
CAG194606100,thomw103,CAG,1,8,value,27,1,1,0,0,0,,,,,1,19460610,0,DAV01,h,IN9,0,1,0,regular,y,d
CAG194606100,charb102,CAG,1,3,value,27,11,1,0,1,0,,,,,1,19460610,0,DAV01,h,IN9,0,1,0,regular,y,d
CAG194606100,barnh102,CAG,1,2,value,27,8,0,0,0,0,2,2,2,0,1,19460610,0,DAV01,h,IN9,0,1,0,regular,y,d
CAG194606100,mccow102,CAG,1,1,value,27,2,4,1,0,0,,,,,1,19460610,0,DAV01,h,IN9,0,1,0,regular,y,d
CAG194606110,ferrc102,IN9,1,6,value,21,,,0,0,0,,,,,1,19460611,0,SPR03,v,CAG,0,1,0,regular,y,
CAG194606110,smitg105,IN9,1,5,value,21,,,0,0,0,,,,,1,19460611,0,SPR03,v,CAG,0,1,0,regular,y,
CAG194606110,neilr101,IN9,1,4,value,21,,,0,0,0,,,,,1,19460611,0,SPR03,v,CAG,0,1,0,regular,y,
CAG194606110,clevd101,IN9,1,9,value,21,,,0,0,0,,,,,1,19460611,0,SPR03,v,CAG,0,1,0,regular,y,
CAG194606110,hairs101,IN9,1,2,value,21,,,0,0,0,0,,,,1,19460611,0,SPR03,v,CAG,0,1,0,regular,y,
CAG194606110,xiqul101,IN9,1,7,value,21,,,0,0,0,,,,,1,19460611,0,SPR03,v,CAG,0,1,0,regular,y,
CAG194606110,tatug101,IN9,1,3,value,21,,,0,0,0,,,,,1,19460611,0,SPR03,v,CAG,0,1,0,regular,y,
CAG194606110,drakr101,IN9,1,8,value,21,,,0,0,0,,,,,1,19460611,0,SPR03,v,CAG,0,1,0,regular,y,
CAG194606110,odoms101,IN9,1,1,value,15,,,0,0,0,,,,,1,19460611,0,SPR03,v,CAG,0,1,0,regular,y,
CAG194606110,colzj101,IN9,1,1,value,6,,,0,0,0,,,,,,19460611,0,SPR03,v,CAG,0,1,0,regular,y,
CAG194606110,kingw102,CAG,1,4,value,21,,,0,0,0,,,,,1,19460611,0,SPR03,h,IN9,1,0,0,regular,y,
CAG194606110,wyatr101,CAG,1,6,value,21,,,0,0,0,,,,,1,19460611,0,SPR03,h,IN9,1,0,0,regular,y,
CAG194606110,mccuj101,CAG,1,9,value,21,,,0,0,0,,,,,1,19460611,0,SPR03,h,IN9,1,0,0,regular,y,
CAG194606110,nelsc102,CAG,1,5,value,21,,,0,0,0,,,,,1,19460611,0,SPR03,h,IN9,1,0,0,regular,y,
CAG194606110,milej102,CAG,1,7,value,21,,,0,0,0,,,,,1,19460611,0,SPR03,h,IN9,1,0,0,regular,y,
CAG194606110,thomw103,CAG,1,8,value,21,,,0,0,0,,,,,1,19460611,0,SPR03,h,IN9,1,0,0,regular,y,
CAG194606110,rhodh101,CAG,1,3,value,21,,,0,0,0,,,,,1,19460611,0,SPR03,h,IN9,1,0,0,regular,y,
CAG194606110,charb102,CAG,1,2,value,21,,,0,0,0,0,,,,1,19460611,0,SPR03,h,IN9,1,0,0,regular,y,
CAG194606110,howar101,CAG,1,1,value,21,,,0,0,0,,,,,1,19460611,0,SPR03,h,IN9,1,0,0,regular,y,
CAG194606130,davip103,IN9,1,1,value,24,,,0,,0,0,,,,1,19460613,0,CHI10,v,CAG,0,1,0,regular,,
CAG194606130,haywb102,IN9,1,2,value,24,,,0,,0,,,,,1,19460613,0,CHI10,v,CAG,0,1,0,regular,,
CAG194606130,barnh102,CAG,1,2,value,27,,,0,,0,,,,,1,19460613,0,CHI10,h,IN9,1,0,0,regular,,
CAG194606130,jessg101,CAG,1,1,value,27,,,0,,0,0,,,,1,19460613,0,CHI10,h,IN9,1,0,0,regular,,
MEM194606161,barnh102,CAG,1,2,value,24,,,0,,0,,,,,1,19460616,1,MEM03,v,MEM,0,0,1,regular,,
MEM194606161,mccow102,CAG,1,1,value,,,,0,,0,0,,,,1,19460616,1,MEM03,v,MEM,0,0,1,regular,,
MEM194606161,rhodh101,CAG,1,1,value,,,,0,,0,0,,,,,19460616,1,MEM03,v,MEM,0,0,1,regular,,
MEM194606161,hubej101,MEM,1,1,value,27,,,0,,0,0,,,,1,19460616,1,MEM03,h,CAG,0,0,1,regular,,
MEM194606161,jonec108,MEM,1,2,value,27,,,0,,0,,,,,1,19460616,1,MEM03,h,CAG,0,0,1,regular,,
MEM194606162,charb102,CAG,1,2,value,21,,,0,,0,,,,,1,19460616,2,MEM03,v,MEM,1,0,0,regular,,
MEM194606162,lockc102,CAG,1,1,value,1,,,0,,0,0,,,,1,19460616,2,MEM03,v,MEM,1,0,0,regular,,
MEM194606162,rhodh101,CAG,1,1,value,20,,,0,,0,0,,,,,19460616,2,MEM03,v,MEM,1,0,0,regular,,
MEM194606162,browl107,MEM,1,2,value,21,,,0,,0,,,,,,19460616,2,MEM03,h,CAG,0,1,0,regular,,
MEM194606162,evanf101,MEM,1,1,value,,,,0,,0,0,,,,,19460616,2,MEM03,h,CAG,0,1,0,regular,,
MEM194606162,hutcw101,MEM,1,1,value,,,,0,,0,0,,,,,19460616,2,MEM03,h,CAG,0,1,0,regular,,
MEM194606162,jonec108,MEM,1,2,value,21,,,0,,0,,,,,1,19460616,2,MEM03,h,CAG,0,1,0,regular,,
MEM194606162,keyer101,MEM,1,1,value,,,,0,,0,0,,,,,19460616,2,MEM03,h,CAG,0,1,0,regular,,
MEM194606162,mathv101,MEM,1,1,value,,,,0,,0,0,,,,1,19460616,2,MEM03,h,CAG,0,1,0,regular,,
MEM194606180,charb102,CAG,1,2,value,27,,,0,,0,,,,,1,19460618,0,WAC01,v,MEM,1,0,0,regular,,
MEM194606180,lockc102,CAG,1,1,value,27,,,0,,0,0,,,,1,19460618,0,WAC01,v,MEM,1,0,0,regular,,
MEM194606180,browl107,MEM,1,2,value,27,,,0,,0,,,,,1,19460618,0,WAC01,h,CAG,0,1,0,regular,,
MEM194606180,jonec108,MEM,1,1,value,,,,0,,0,0,,,,,19460618,0,WAC01,h,CAG,0,1,0,regular,,
MEM194606180,keyer101,MEM,1,1,value,6,,,0,,0,0,,,,1,19460618,0,WAC01,h,CAG,0,1,0,regular,,
MEM194606180,mathv101,MEM,1,1,value,,,,0,,0,0,,,,,19460618,0,WAC01,h,CAG,0,1,0,regular,,
MEM194606191,hubej101,MEM,1,1,value,27,,,0,,0,0,,,,1,19460619,1,HOU04,h,CAG,1,0,0,regular,,
BIR194606231,jessg101,CAG,1,1,value,28,,,,,0,,,,,1,19460623,1,BIR01,v,BIR,0,1,0,regular,,
BIR194606231,gipsa101,BIR,2,1,value,5,,,,,0,,,,,,19460623,1,BIR01,h,CAG,1,0,0,regular,,
BIR194606231,newbj101,BIR,1,1,value,25,,,,,0,,,,,1,19460623,1,BIR01,h,CAG,1,0,0,regular,,
BIR194606232,lockc102,CAG,1,1,value,27,,,,,0,,,,,1,19460623,2,BIR01,v,BIR,1,0,0,regular,,
BIR194606260,barnh102,CAG,1,2,value,24,,,,,,,,,,1,19460626,0,NOL01,v,BIR,0,1,0,regular,,
BIR194606260,charb102,CAG,1,1,value,,,,,,,,,,,1,19460626,0,NOL01,v,BIR,0,1,0,regular,,
BIR194606260,rhodh101,CAG,1,1,value,,,,,,,,,,,,19460626,0,NOL01,v,BIR,0,1,0,regular,,
BIR194606260,bassp101,BIR,1,2,value,27,,,,,,,,,,1,19460626,0,NOL01,h,CAG,1,0,0,regular,,
BIR194606260,newbj101,BIR,1,1,value,27,,,,,,,,,,1,19460626,0,NOL01,h,CAG,1,0,0,regular,,
BIR194606270,barnh102,CAG,1,2,value,24,,,,,,,,,,1,19460627,0,BIR01,v,BIR,0,1,0,regular,,
BIR194606270,jessg101,CAG,1,1,value,24,,,,,,,,,,1,19460627,0,BIR01,v,BIR,0,1,0,regular,,
BIR194606270,bassp101,BIR,1,2,value,27,,,,,,,,,,1,19460627,0,BIR01,h,CAG,1,0,0,regular,,
BIR194606270,hearj103,BIR,1,1,value,27,,,,,,,,,,1,19460627,0,BIR01,h,CAG,1,0,0,regular,,
IN9194606301,barnh102,CAG,1,2,value,27,,,0,,0,,,,,1,19460630,1,IND10,v,IN9,1,0,0,regular,,
IN9194606301,mccow102,CAG,1,1,value,27,,,0,,0,0,,,,1,19460630,1,IND10,v,IN9,1,0,0,regular,,
IN9194606301,davip103,IN9,1,1,value,,,,0,,0,0,,,,1,19460630,1,IND10,h,CAG,0,1,0,regular,,
IN9194606301,garca101,IN9,2,1,value,,,,0,,0,0,,,,,19460630,1,IND10,h,CAG,0,1,0,regular,,
IN9194606301,haywb102,IN9,1,2,value,27,,,0,,0,,,,,1,19460630,1,IND10,h,CAG,0,1,0,regular,,
IN9194606302,charb102,CAG,1,2,value,21,,,0,,0,,,,,1,19460630,2,IND10,v,IN9,1,0,0,regular,,
IN9194606302,howar101,CAG,1,1,value,21,,,0,,0,0,,,,1,19460630,2,IND10,v,IN9,1,0,0,regular,,
IN9194606302,colzj101,IN9,1,1,value,21,,,0,,0,0,,,,1,19460630,2,IND10,h,CAG,0,1,0,regular,,
IN9194606302,haywb102,IN9,1,2,value,21,,,0,,0,,,,,1,19460630,2,IND10,h,CAG,0,1,0,regular,,
IN9194607010,longb101,CAG,1,4,value,26,2,3,0,0,0,,,,,1,19460701,0,RIC01,v,IN9,0,1,0,regular,y,d
IN9194607010,thomw103,CAG,1,8,value,26,3,0,0,0,0,,,,,1,19460701,0,RIC01,v,IN9,0,1,0,regular,y,d
IN9194607010,mccuj101,CAG,1,9,value,26,3,0,0,0,0,,,,,1,19460701,0,RIC01,v,IN9,0,1,0,regular,y,d
IN9194607010,youne102,CAG,1,3,value,26,12,0,1,0,0,,,,,1,19460701,0,RIC01,v,IN9,0,1,0,regular,y,d
IN9194607010,nelsc102,CAG,1,5,value,26,2,3,1,0,0,,,,,1,19460701,0,RIC01,v,IN9,0,1,0,regular,y,d
IN9194607010,milej102,CAG,1,7,value,26,1,0,1,0,0,,,,,1,19460701,0,RIC01,v,IN9,0,1,0,regular,y,d
IN9194607010,barnh102,CAG,1,2,value,26,1,1,0,0,0,0,0,1,0,1,19460701,0,RIC01,v,IN9,0,1,0,regular,y,d
IN9194607010,mcnec101,CAG,1,6,value,26,2,4,2,0,0,,,,,1,19460701,0,RIC01,v,IN9,0,1,0,regular,y,d
IN9194607010,rhodh101,CAG,1,1,value,26,0,2,0,0,0,,,,,1,19460701,0,RIC01,v,IN9,0,1,0,regular,y,d
IN9194607010,smitg105,IN9,1,5,value,27,0,1,0,0,0,,,,,1,19460701,0,RIC01,h,CAG,1,0,0,regular,y,d
IN9194607010,xiqul101,IN9,1,7,value,27,3,0,0,0,0,,,,,1,19460701,0,RIC01,h,CAG,1,0,0,regular,y,d
IN9194607010,neilr101,IN9,1,4,value,27,3,5,1,2,0,,,,,1,19460701,0,RIC01,h,CAG,1,0,0,regular,y,d
IN9194607010,hairs101,IN9,1,2,value,27,5,1,0,0,0,0,0,0,0,1,19460701,0,RIC01,h,CAG,1,0,0,regular,y,d
IN9194607010,clevd101,IN9,1,9,value,27,1,0,0,0,0,,,,,1,19460701,0,RIC01,h,CAG,1,0,0,regular,y,d
IN9194607010,tatug101,IN9,1,3,value,27,12,0,0,2,0,,,,,1,19460701,0,RIC01,h,CAG,1,0,0,regular,y,d
IN9194607010,ferrc102,IN9,1,6,value,27,2,4,1,2,0,,,,,1,19460701,0,RIC01,h,CAG,1,0,0,regular,y,d
IN9194607010,merch101,IN9,1,8,value,27,1,0,0,0,0,,,,,1,19460701,0,RIC01,h,CAG,1,0,0,regular,y,d
IN9194607010,henrp101,IN9,1,1,value,27,0,5,0,0,0,,,,,1,19460701,0,RIC01,h,CAG,1,0,0,regular,y,d
IN9194607020,charb102,CAG,1,2,value,24,,,0,,0,,,,,1,19460702,0,COL05,v,IN9,1,0,0,regular,,
IN9194607020,mccuj101,CAG,1,1,value,24,,,0,,0,0,,,,1,19460702,0,COL05,v,IN9,1,0,0,regular,,
IN9194607020,hairs101,IN9,1,2,value,27,,,0,,0,,,,,1,19460702,0,COL05,h,CAG,0,1,0,regular,,
IN9194607020,willj112,IN9,1,1,value,27,,,0,,0,0,,,,1,19460702,0,COL05,h,CAG,0,1,0,regular,,
CVB194607030,youne102,CAG,1,3,value,24,,,1,,0,0,,,,,19460703,0,DAY03,v,CVB,0,1,0,regular,,
CVB194607041,longb101,CAG,1,4,value,26,0,3,1,0,0,,,,,1,19460704,1,CLE06,v,CVB,0,1,0,regular,y,d
CVB194607041,thomw103,CAG,1,8,value,26,2,0,0,0,0,,,,,1,19460704,1,CLE06,v,CVB,0,1,0,regular,y,d
CVB194607041,rhodh101,CAG,1,9,value,26,0,0,1,0,0,,,,,1,19460704,1,CLE06,v,CVB,0,1,0,regular,y,d
CVB194607041,youne102,CAG,1,3,value,26,13,0,1,0,0,,,,,1,19460704,1,CLE06,v,CVB,0,1,0,regular,y,d
CVB194607041,nelsc102,CAG,1,5,value,26,0,4,0,0,0,,,,,1,19460704,1,CLE06,v,CVB,0,1,0,regular,y,d
CVB194607041,milej102,CAG,1,7,value,26,1,0,0,0,0,,,,,1,19460704,1,CLE06,v,CVB,0,1,0,regular,y,d
CVB194607041,barnh102,CAG,1,2,value,26,7,0,0,0,0,0,0,2,0,1,19460704,1,CLE06,v,CVB,0,1,0,regular,y,d
CVB194607041,mcnec101,CAG,1,6,value,26,2,5,0,0,0,,,,,1,19460704,1,CLE06,v,CVB,0,1,0,regular,y,d
CVB194607041,mccow102,CAG,1,1,value,26,0,0,0,0,0,,,,,1,19460704,1,CLE06,v,CVB,0,1,0,regular,y,d
CVB194607041,howar101,CAG,1,1,value,0,0,0,0,0,0,,,,,0,19460704,1,CLE06,v,CVB,0,1,0,regular,y,d
CVB194607041,jeths101,CVB,1,8,value,27,7,0,0,0,0,,,,,1,19460704,1,CLE06,h,CAG,1,0,0,regular,y,d
CVB194607041,warea101,CVB,1,3,value,27,6,0,0,0,0,,,,,1,19460704,1,CLE06,h,CAG,1,0,0,regular,y,d
CVB194607041,armob101,CVB,1,7,value,27,1,0,0,0,0,,,,,1,19460704,1,CLE06,h,CAG,1,0,0,regular,y,d
CVB194607041,kelll101,CVB,1,5,value,27,1,0,1,0,0,,,,,1,19460704,1,CLE06,h,CAG,1,0,0,regular,y,d
CVB194607041,gracw101,CVB,1,9,value,27,2,0,0,0,0,,,,,1,19460704,1,CLE06,h,CAG,1,0,0,regular,y,d
CVB194607041,cowaj101,CVB,1,4,value,27,2,4,0,0,0,,,,,1,19460704,1,CLE06,h,CAG,1,0,0,regular,y,d
CVB194607041,harrt102,CVB,1,2,value,27,4,1,0,0,0,0,0,0,1,1,19460704,1,CLE06,h,CAG,1,0,0,regular,y,d
CVB194607041,richv101,CVB,1,6,value,27,4,1,0,0,0,,,,,1,19460704,1,CLE06,h,CAG,1,0,0,regular,y,d
CVB194607041,alleh106,CVB,1,1,value,27,0,1,0,0,0,,,,,1,19460704,1,CLE06,h,CAG,1,0,0,regular,y,d
CVB194607042,longb101,CAG,1,4,value,18,5,2,1,0,0,,,,,1,19460704,2,CLE06,v,CVB,0,1,0,regular,y,d
CVB194607042,thomw103,CAG,1,8,value,18,1,1,0,0,0,,,,,1,19460704,2,CLE06,v,CVB,0,1,0,regular,y,d
CVB194607042,rhodh101,CAG,1,9,value,18,0,1,0,0,0,,,,,1,19460704,2,CLE06,v,CVB,0,1,0,regular,y,d
CVB194607042,youne102,CAG,1,3,value,18,9,1,2,0,0,,,,,1,19460704,2,CLE06,v,CVB,0,1,0,regular,y,d
CVB194607042,nelsc102,CAG,1,5,value,18,0,1,0,0,0,,,,,1,19460704,2,CLE06,v,CVB,0,1,0,regular,y,d
CVB194607042,milej102,CAG,1,7,value,18,1,1,0,0,0,,,,,1,19460704,2,CLE06,v,CVB,0,1,0,regular,y,d
CVB194607042,charb102,CAG,1,2,value,18,2,1,0,0,0,0,0,1,0,1,19460704,2,CLE06,v,CVB,0,1,0,regular,y,d
CVB194607042,mcnec101,CAG,1,6,value,18,0,1,0,0,0,,,,,1,19460704,2,CLE06,v,CVB,0,1,0,regular,y,d
CVB194607042,jessg101,CAG,1,1,value,18,0,4,0,0,0,,,,,1,19460704,2,CLE06,v,CVB,0,1,0,regular,y,d
CVB194607042,jeths101,CVB,1,8,value,21,0,0,0,0,0,,,,,1,19460704,2,CLE06,h,CAG,1,0,0,regular,y,d
CVB194607042,warea101,CVB,1,3,value,21,8,0,0,2,0,,,,,1,19460704,2,CLE06,h,CAG,1,0,0,regular,y,d
CVB194607042,armob101,CVB,1,7,value,21,1,0,0,0,0,,,,,1,19460704,2,CLE06,h,CAG,1,0,0,regular,y,d
CVB194607042,kelll101,CVB,1,5,value,21,2,1,0,0,0,,,,,1,19460704,2,CLE06,h,CAG,1,0,0,regular,y,d
CVB194607042,gracw101,CVB,1,9,value,21,2,1,0,0,0,,,,,1,19460704,2,CLE06,h,CAG,1,0,0,regular,y,d
CVB194607042,trouq101,CVB,1,2,value,21,5,1,0,0,0,0,0,0,1,1,19460704,2,CLE06,h,CAG,1,0,0,regular,y,d
CVB194607042,cowaj101,CVB,1,4,value,21,0,3,0,2,0,,,,,1,19460704,2,CLE06,h,CAG,1,0,0,regular,y,d
CVB194607042,richv101,CVB,1,6,value,21,2,4,0,2,0,,,,,1,19460704,2,CLE06,h,CAG,1,0,0,regular,y,d
CVB194607042,breme101,CVB,1,1,value,21,1,0,0,0,0,,,,,1,19460704,2,CLE06,h,CAG,1,0,0,regular,y,d
CAG194607071,wilsa101,BIR,1,6,value,24,,,1,0,0,,,,,1,19460707,1,CHI10,v,CAG,0,1,0,regular,y,
CAG194607071,britj104,BIR,1,5,value,24,,,0,0,0,,,,,1,19460707,1,CHI10,v,CAG,0,1,0,regular,y,
CAG194607071,davip102,BIR,1,4,value,24,,,0,0,0,,,,,1,19460707,1,CHI10,v,CAG,0,1,0,regular,y,
CAG194607071,bostl102,BIR,1,3,value,24,,,0,0,0,,,,,1,19460707,1,CHI10,v,CAG,0,1,0,regular,y,
CAG194607071,steee102,BIR,1,9,value,24,,,0,0,0,,,,,1,19460707,1,CHI10,v,CAG,0,1,0,regular,y,
CAG194607071,moodl101,BIR,1,7,value,24,,,0,0,0,,,,,1,19460707,1,CHI10,v,CAG,0,1,0,regular,y,
CAG194607071,bassp101,BIR,1,2,value,24,,,0,0,0,0,,,,1,19460707,1,CHI10,v,CAG,0,1,0,regular,y,
CAG194607071,thomj104,BIR,1,8,value,24,,,0,0,0,,,,,1,19460707,1,CHI10,v,CAG,0,1,0,regular,y,
CAG194607071,newbj101,BIR,1,1,value,24,,,0,0,0,,,,,1,19460707,1,CHI10,v,CAG,0,1,0,regular,y,
CAG194607071,longb101,CAG,1,4,value,27,,,0,0,0,,,,,1,19460707,1,CHI10,h,BIR,1,0,0,regular,y,
CAG194607071,thomw103,CAG,1,8,value,27,,,0,0,0,,,,,1,19460707,1,CHI10,h,BIR,1,0,0,regular,y,
CAG194607071,mccuj101,CAG,1,9,value,27,,,0,0,0,,,,,1,19460707,1,CHI10,h,BIR,1,0,0,regular,y,
CAG194607071,youne102,CAG,1,3,value,27,,,0,0,0,,,,,1,19460707,1,CHI10,h,BIR,1,0,0,regular,y,
CAG194607071,nelsc102,CAG,1,5,value,27,,,0,0,0,,,,,1,19460707,1,CHI10,h,BIR,1,0,0,regular,y,
CAG194607071,milej102,CAG,1,7,value,27,,,0,0,0,,,,,1,19460707,1,CHI10,h,BIR,1,0,0,regular,y,
CAG194607071,barnh102,CAG,1,2,value,27,,,0,0,0,0,,,,1,19460707,1,CHI10,h,BIR,1,0,0,regular,y,
CAG194607071,mcnec101,CAG,1,6,value,27,,,0,0,0,,,,,1,19460707,1,CHI10,h,BIR,1,0,0,regular,y,
CAG194607071,lockc102,CAG,1,1,value,27,,,0,0,0,,,,,1,19460707,1,CHI10,h,BIR,1,0,0,regular,y,
CAG194607072,bassp101,BIR,1,2,value,21,,,0,,0,,,,,1,19460707,2,CHI10,v,CAG,1,0,0,regular,,
CAG194607072,hearj103,BIR,1,1,value,21,,,0,,0,0,,,,1,19460707,2,CHI10,v,CAG,1,0,0,regular,,
CAG194607072,browj114,CAG,1,1,value,,,,0,,0,0,,,,1,19460707,2,CHI10,h,BIR,0,1,0,regular,,
CAG194607072,tolbj101,CAG,1,2,value,,,,,,,,,,,1,19460707,2,CHI10,h,BIR,0,1,0,regular,,
CAG194607072,charb102,CAG,2,2,value,,,,0,,0,,,,,,19460707,2,CHI10,h,BIR,0,1,0,regular,,
CAG194607072,howar101,CAG,1,1,value,,,,0,,0,0,,,,,19460707,2,CHI10,h,BIR,0,1,0,regular,,
CAG194607080,wilsa101,BIR,1,6,value,24,,,0,0,0,,,,,1,19460708,0,SBD01,v,CAG,0,1,0,regular,y,
CAG194607080,britj104,BIR,1,5,value,24,,,0,0,0,,,,,1,19460708,0,SBD01,v,CAG,0,1,0,regular,y,
CAG194607080,davip102,BIR,1,4,value,24,,,0,0,0,,,,,1,19460708,0,SBD01,v,CAG,0,1,0,regular,y,
CAG194607080,bostl102,BIR,1,3,value,24,,,0,0,0,,,,,1,19460708,0,SBD01,v,CAG,0,1,0,regular,y,
CAG194607080,steee102,BIR,1,9,value,24,,,0,0,0,,,,,1,19460708,0,SBD01,v,CAG,0,1,0,regular,y,
CAG194607080,moodl101,BIR,1,7,value,24,,,0,0,0,,,,,1,19460708,0,SBD01,v,CAG,0,1,0,regular,y,
CAG194607080,bassp101,BIR,1,2,value,24,,,0,0,0,0,,,,1,19460708,0,SBD01,v,CAG,0,1,0,regular,y,
CAG194607080,thomj104,BIR,1,8,value,24,,,0,0,0,,,,,1,19460708,0,SBD01,v,CAG,0,1,0,regular,y,
CAG194607080,gipsa101,BIR,1,1,value,9,,,0,0,0,,,,,1,19460708,0,SBD01,v,CAG,0,1,0,regular,y,
CAG194607080,polln102,BIR,1,1,value,15,,,1,0,0,,,,,,19460708,0,SBD01,v,CAG,0,1,0,regular,y,
CAG194607080,longb101,CAG,1,4,value,27,,,1,0,0,,,,,1,19460708,0,SBD01,h,BIR,1,0,0,regular,y,
CAG194607080,thomw103,CAG,1,8,value,27,,,0,0,0,,,,,1,19460708,0,SBD01,h,BIR,1,0,0,regular,y,
CAG194607080,mccuj101,CAG,1,9,value,27,,,0,0,0,,,,,1,19460708,0,SBD01,h,BIR,1,0,0,regular,y,
CAG194607080,youne102,CAG,1,3,value,27,,,0,0,0,,,,,1,19460708,0,SBD01,h,BIR,1,0,0,regular,y,
CAG194607080,nelsc102,CAG,1,5,value,27,,,0,0,0,,,,,1,19460708,0,SBD01,h,BIR,1,0,0,regular,y,
CAG194607080,milej102,CAG,1,7,value,27,,,0,0,0,,,,,1,19460708,0,SBD01,h,BIR,1,0,0,regular,y,
CAG194607080,barnh102,CAG,1,2,value,27,,,0,0,0,0,,,,1,19460708,0,SBD01,h,BIR,1,0,0,regular,y,
CAG194607080,mcnec101,CAG,1,6,value,27,,,0,0,0,,,,,1,19460708,0,SBD01,h,BIR,1,0,0,regular,y,
CAG194607080,mccow102,CAG,1,1,value,27,,,0,0,0,,,,,1,19460708,0,SBD01,h,BIR,1,0,0,regular,y,
CAG194607110,bassp101,BIR,1,2,value,27,,,0,,0,,,,,1,19460711,0,CHI10,v,CAG,1,0,0,regular,,
CAG194607110,newbj101,BIR,1,1,value,27,,,0,,0,0,,,,1,19460711,0,CHI10,v,CAG,1,0,0,regular,,
CAG194607110,barnh102,CAG,1,2,value,27,,,0,,0,,,,,1,19460711,0,CHI10,h,BIR,0,1,0,regular,,
CAG194607110,lockc102,CAG,1,1,value,,,,0,,0,0,,,,1,19460711,0,CHI10,h,BIR,0,1,0,regular,,
CAG194607110,mccow102,CAG,1,1,value,,,,0,,0,0,,,,,19460711,0,CHI10,h,BIR,0,1,0,regular,,
CAG194607110,stewr101,CAG,1,1,value,,,,0,,0,0,,,,,19460711,0,CHI10,h,BIR,0,1,0,regular,,
CAG194607141,evanf101,MEM,1,1,value,27,,,0,,0,0,,,,1,19460714,1,CHI10,v,CAG,1,0,0,regular,,
CAG194607141,jonec108,MEM,1,2,value,27,,,0,,0,,,,,1,19460714,1,CHI10,v,CAG,1,0,0,regular,,
CAG194607141,barnh102,CAG,1,2,value,27,,,0,,0,,,,,1,19460714,1,CHI10,h,MEM,0,1,0,regular,,
CAG194607141,jessg101,CAG,1,1,value,27,,,0,,0,0,,,,1,19460714,1,CHI10,h,MEM,0,1,0,regular,,
CAG194607142,bankf101,MEM,1,4,value,18,,2,0,,0,0,,,,,19460714,2,CHI10,v,CAG,0,1,0,regular,,
CAG194607142,hydec101,MEM,1,8,value,18,,,0,,0,0,,,,,19460714,2,CHI10,v,CAG,0,1,0,regular,,
CAG194607142,jonec108,MEM,1,2,value,18,,,0,,0,,,,,1,19460714,2,CHI10,v,CAG,0,1,0,regular,,
CAG194607142,mathv101,MEM,1,1,value,18,,,0,,0,0,,,,1,19460714,2,CHI10,v,CAG,0,1,0,regular,,
CAG194607142,mcdaf101,MEM,1,9,value,18,,,0,,0,0,,,,,19460714,2,CHI10,v,CAG,0,1,0,regular,,
CAG194607142,taylj106,MEM,1,3,value,18,1,,0,,0,0,,,,,19460714,2,CHI10,v,CAG,0,1,0,regular,,
CAG194607142,wellw102,MEM,1,6,value,18,,,0,,0,0,,,,,19460714,2,CHI10,v,CAG,0,1,0,regular,,
CAG194607142,barnh102,CAG,1,2,value,21,,,0,,0,,,,,1,19460714,2,CHI10,h,MEM,1,0,0,regular,,
CAG194607142,stewr101,CAG,1,1,value,21,,,0,,0,0,,,,1,19460714,2,CHI10,h,MEM,1,0,0,regular,,
CAG194607142,thomw103,CAG,1,8,value,21,,,1,,0,0,,,,,19460714,2,CHI10,h,MEM,1,0,0,regular,,
CAG194607150,cartm101,MEM,1,3,value,24,,,0,,0,0,,,,,19460715,0,FLI01,v,CAG,0,1,0,regular,,
CAG194607150,robin101,MEM,1,7,value,24,1,1,0,1,0,0,,,,,19460715,0,FLI01,v,CAG,0,1,0,regular,,
CAG194607150,greel102,CAG,1,8,value,27,,,0,,0,0,,,,,19460715,0,FLI01,h,MEM,1,0,0,regular,,
CAG194607150,longb101,CAG,1,5,value,27,,,0,,0,0,,,,,19460715,0,FLI01,h,MEM,1,0,0,regular,,
CAG194607150,mcnec101,CAG,1,6,value,27,1,1,0,1,0,0,,,,,19460715,0,FLI01,h,MEM,1,0,0,regular,,
CAG194607150,millh105,CAG,1,4,value,27,1,,0,,0,0,,,,,19460715,0,FLI01,h,MEM,1,0,0,regular,,
CAG194607150,rhodh101,CAG,1,1,value,27,,1,0,1,0,0,,,,1,19460715,0,FLI01,h,MEM,1,0,0,regular,,
CAG194607150,youne102,CAG,1,3,value,27,,,0,1,0,0,,,,,19460715,0,FLI01,h,MEM,1,0,0,regular,,
CAG194607160,easth104,HOM,1,5,value,24,,,0,,0,0,,,,,19460716,0,COL05,v,CAG,1,0,0,exhibition,,
CAG194607160,fielw101,HOM,1,1,value,24,,,0,,0,0,,,,1,19460716,0,COL05,v,CAG,1,0,0,exhibition,,
CAG194607160,radct101,HOM,1,2,value,24,,,0,,0,,,,,1,19460716,0,COL05,v,CAG,1,0,0,exhibition,,
CAG194607160,barnh102,CAG,1,2,value,27,,,0,,0,,,,,1,19460716,0,COL05,h,HOM,0,1,0,exhibition,,
CAG194607160,howar101,CAG,1,1,value,27,,,0,,0,0,,,,1,19460716,0,COL05,h,HOM,0,1,0,exhibition,,
CAG194607180,browl107,MEM,1,2,value,27,,,0,,0,,,,,1,19460718,0,CHI10,v,CAG,1,0,0,regular,,
CAG194607180,hutcw101,MEM,1,1,value,27,,,0,,0,0,,,,1,19460718,0,CHI10,v,CAG,1,0,0,regular,,
CAG194607180,longr102,MEM,1,2,value,27,,,0,,0,,,,,,19460718,0,CHI10,v,CAG,1,0,0,regular,,
CAG194607180,barnh102,CAG,1,2,value,,,,0,,0,,,,,1,19460718,0,CHI10,h,MEM,0,1,0,regular,,
CAG194607180,mccow102,CAG,1,1,value,,,,0,,0,0,,,,1,19460718,0,CHI10,h,MEM,0,1,0,regular,,
CAG194607180,stewr101,CAG,1,1,value,,,,0,,0,0,,,,,19460718,0,CHI10,h,MEM,0,1,0,regular,,
CAG194607180,tolbj101,CAG,1,2,value,,,,0,,0,,,,,,19460718,0,CHI10,h,MEM,0,1,0,regular,,
CAG194607211,gibsj101,HOM,1,2,value,27,,,0,,0,,,,,1,19460721,1,CHI10,v,CAG,1,0,0,exhibition,,
CAG194607211,smite111,HOM,1,1,value,27,,,0,,0,0,,,,1,19460721,1,CHI10,v,CAG,1,0,0,exhibition,,
CAG194607211,jessg101,CAG,1,1,value,27,,,,,0,0,,,,1,19460721,1,CHI10,h,HOM,0,1,0,exhibition,,
CAG194607212,banks101,HOM,1,6,value,21,1,,0,,0,0,,,,,19460721,2,CHI10,v,CAG,1,0,0,exhibition,,
CAG194607212,fielw101,HOM,1,1,value,15,,,0,,0,0,,,,1,19460721,2,CHI10,v,CAG,1,0,0,exhibition,,
CAG194607212,gibsj101,HOM,1,2,value,21,,,0,,0,,,,,1,19460721,2,CHI10,v,CAG,1,0,0,exhibition,,
CAG194607212,leonb101,HOM,1,3,value,21,1,,0,,0,0,,,,,19460721,2,CHI10,v,CAG,1,0,0,exhibition,,
CAG194607212,napie101,HOM,1,2,value,21,,,0,,0,,,,,,19460721,2,CHI10,v,CAG,1,0,0,exhibition,,
CAG194607212,radct101,HOM,1,1,value,6,,1,0,,0,0,,,,,19460721,2,CHI10,v,CAG,1,0,0,exhibition,,
CAG194607212,mccow102,CAG,1,1,value,3,,,0,,0,0,,,,,19460721,2,CHI10,h,HOM,0,1,0,exhibition,,
CAG194607212,stewr101,CAG,1,1,value,18,,,0,,0,0,,,,1,19460721,2,CHI10,h,HOM,0,1,0,exhibition,,
CAG194607212,tolbj101,CAG,1,2,value,21,,,0,,0,,,,,1,19460721,2,CHI10,h,HOM,0,1,0,exhibition,,
CAG194607212,mcnec101,CAG,,6,value,,,,,,,,,,,,19460721,2,CHI10,h,HOM,0,1,0,exhibition,,
CAG194607212,longb101,CAG,,4,value,,,,,,,,,,,,19460721,2,CHI10,h,HOM,0,1,0,exhibition,,
MEM194607281,hundj101,CAG,1,2,value,27,,,0,,0,,,,,,19460728,1,MEM03,v,MEM,1,0,0,regular,,
MEM194607281,jessg101,CAG,1,1,value,27,,,0,,0,0,,,,1,19460728,1,MEM03,v,MEM,1,0,0,regular,,
MEM194607281,tolbj101,CAG,1,2,value,27,,,0,,0,,,,,1,19460728,1,MEM03,v,MEM,1,0,0,regular,,
MEM194607281,bankd101,MEM,1,1,value,,,,0,,0,0,,,,,19460728,1,MEM03,h,CAG,0,1,0,regular,,
MEM194607281,carts102,MEM,1,1,value,,,,0,,0,0,,,,,19460728,1,MEM03,h,CAG,0,1,0,regular,,
MEM194607281,evanf101,MEM,1,1,value,,,,0,,0,0,,,,1,19460728,1,MEM03,h,CAG,0,1,0,regular,,
MEM194607281,jonec108,MEM,1,2,value,27,,,0,,0,,,,,1,19460728,1,MEM03,h,CAG,0,1,0,regular,,
MEM194607282,stewr101,CAG,1,1,value,18,,,0,,0,0,,,,1,19460728,2,MEM03,v,MEM,0,1,0,regular,,
MEM194607282,tolbj101,CAG,1,2,value,18,,,0,,0,,,,,1,19460728,2,MEM03,v,MEM,0,1,0,regular,,
MEM194607282,browl107,MEM,1,2,value,,,,0,,0,,,,,,19460728,2,MEM03,h,CAG,1,0,0,regular,,
MEM194607282,hutcw101,MEM,1,1,value,21,,,0,,0,0,,,,1,19460728,2,MEM03,h,CAG,1,0,0,regular,,
MEM194607282,jonec108,MEM,1,2,value,,,,0,,0,,,,,1,19460728,2,MEM03,h,CAG,1,0,0,regular,,
IN9194607300,browj114,CAG,1,1,value,15,,,0,,0,0,,,,,19460730,0,IND10,v,IN9,0,1,0,regular,,
IN9194607300,howar101,CAG,1,1,value,1,,,0,,0,0,,,,1,19460730,0,IND10,v,IN9,0,1,0,regular,,
IN9194607300,huntg102,CAG,1,2,value,6,,,0,,0,,,,,,19460730,0,IND10,v,IN9,0,1,0,regular,,
IN9194607300,mccow102,CAG,1,1,value,1,,,0,,0,0,,,,,19460730,0,IND10,v,IN9,0,1,0,regular,,
IN9194607300,stewr101,CAG,1,1,value,3,,,0,,0,0,,,,,19460730,0,IND10,v,IN9,0,1,0,regular,,
IN9194607300,tolbj101,CAG,1,2,value,,,,0,,0,,,,,1,19460730,0,IND10,v,IN9,0,1,0,regular,,
IN9194607300,youne102,CAG,1,3,value,24,,,0,,0,0,,,,,19460730,0,IND10,v,IN9,0,1,0,regular,,
IN9194607300,colzj101,IN9,1,1,value,27,,,0,,0,0,,,,1,19460730,0,IND10,h,CAG,1,0,0,regular,,
IN9194607300,hairs101,IN9,1,2,value,27,,,0,,0,,,,,1,19460730,0,IND10,h,CAG,1,0,0,regular,,
IN9194607310,browj114,CAG,1,1,value,15,,,0,,0,0,,,,,19460731,0,IND10,v,IN9,0,1,0,regular,,
IN9194607310,howar101,CAG,1,1,value,1,,,0,,0,0,,,,1,19460731,0,IND10,v,IN9,0,1,0,regular,,
IN9194607310,huntg102,CAG,1,2,value,6,,,0,,0,,,,,,19460731,0,IND10,v,IN9,0,1,0,regular,,
IN9194607310,mccow102,CAG,1,1,value,1,,,0,,0,0,,,,,19460731,0,IND10,v,IN9,0,1,0,regular,,
IN9194607310,stewr101,CAG,1,1,value,3,,,0,,0,0,,,,,19460731,0,IND10,v,IN9,0,1,0,regular,,
IN9194607310,tolbj101,CAG,1,2,value,,,,0,,0,,,,,1,19460731,0,IND10,v,IN9,0,1,0,regular,,
IN9194607310,youne102,CAG,1,3,value,24,,,0,,0,0,,,,,19460731,0,IND10,v,IN9,0,1,0,regular,,
IN9194607310,colzj101,IN9,1,1,value,27,,,0,,0,0,,,,1,19460731,0,IND10,h,CAG,1,0,0,regular,,
IN9194607310,hairs101,IN9,1,2,value,27,,,0,,0,,,,,1,19460731,0,IND10,h,CAG,1,0,0,regular,,
CAG194608020,britj104,BIR,1,5,value,27,,,0,,0,0,,,,,19460802,0,DAY03,v,CAG,1,0,0,regular,,
CAG194608020,gipsa101,BIR,1,1,value,12,,,0,,0,0,,,,1,19460802,0,DAY03,v,CAG,1,0,0,regular,,
CAG194608020,hearj103,BIR,1,1,value,12,,,0,,0,0,,,,,19460802,0,DAY03,v,CAG,1,0,0,regular,,
CAG194608020,wilsa101,BIR,1,6,value,27,,,0,,0,0,,,,1,19460802,0,DAY03,v,CAG,1,0,0,regular,,
CAG194608020,jessg101,CAG,1,1,value,3,,,0,,0,0,,,,,19460802,0,DAY03,h,BIR,0,1,0,regular,,
CAG194608020,rhodh101,CAG,1,1,value,,,,0,,0,0,,,,,19460802,0,DAY03,h,BIR,0,1,0,regular,,
CAG194608020,stewr101,CAG,1,1,value,,,,0,,0,0,,,,1,19460802,0,DAY03,h,BIR,0,1,0,regular,,
CAG194608020,youne102,CAG,1,3,value,27,,,0,,0,0,,,,,19460802,0,DAY03,h,BIR,0,1,0,regular,,
BIR194608041,browj114,CAG,1,1,value,,,,0,,0,0,,,,,19460804,1,BIR01,v,BIR,1,0,0,regular,,
BIR194608041,jessg101,CAG,1,1,value,,,,0,,0,0,,,,1,19460804,1,BIR01,v,BIR,1,0,0,regular,,
BIR194608041,stewr101,CAG,1,1,value,,,,0,,0,0,,,,,19460804,1,BIR01,v,BIR,1,0,0,regular,,
BIR194608041,tolbj101,CAG,1,2,value,36,1,,0,,0,,,,,1,19460804,1,BIR01,v,BIR,1,0,0,regular,,
BIR194608041,bassp101,BIR,1,2,value,36,,,0,,0,,,,,1,19460804,1,BIR01,h,CAG,0,1,0,regular,,
BIR194608041,newbj101,BIR,1,1,value,36,,,0,,0,0,,,,1,19460804,1,BIR01,h,CAG,0,1,0,regular,,
BIR194608042,howar101,CAG,1,1,value,15,,,0,,0,0,,,,1,19460804,2,BIR01,v,BIR,0,1,0,regular,,
BIR194608042,tolbj101,CAG,1,2,value,15,,,0,,0,,,,,1,19460804,2,BIR01,v,BIR,0,1,0,regular,,
BIR194608042,bellh102,BIR,1,2,value,15,,,0,,0,,,,,1,19460804,2,BIR01,h,CAG,1,0,0,regular,,
BIR194608042,hearj103,BIR,1,1,value,15,,,0,,0,0,,,,1,19460804,2,BIR01,h,CAG,1,0,0,regular,,
BIR194608080,hundj101,CAG,1,2,value,,,,0,,0,,,,,,19460808,0,BIR01,v,BIR,1,0,0,regular,,
BIR194608080,jessg101,CAG,1,1,value,27,,,0,,0,0,,,,1,19460808,0,BIR01,v,BIR,1,0,0,regular,,
BIR194608080,tolbj101,CAG,1,2,value,,,,0,,0,,,,,1,19460808,0,BIR01,v,BIR,1,0,0,regular,,
BIR194608080,bellh102,BIR,1,2,value,27,,,0,,0,,,,,1,19460808,0,BIR01,h,CAG,0,1,0,regular,,
BIR194608080,hearj103,BIR,1,1,value,,,,0,,0,0,,,,,19460808,0,BIR01,h,CAG,0,1,0,regular,,
BIR194608080,hollc104,BIR,1,1,value,,,,0,,0,0,,,,,19460808,0,BIR01,h,CAG,0,1,0,regular,,
BIR194608080,newbj101,BIR,1,1,value,,,,0,,0,0,,,,1,19460808,0,BIR01,h,CAG,0,1,0,regular,,
CAG194608090,bassp101,BIR,1,2,value,27,,,0,,0,,,,,1,19460809,0,MTG01,v,CAG,1,0,0,regular,,
CAG194608090,gipsa101,BIR,1,1,value,27,,,0,,0,0,,,,1,19460809,0,MTG01,v,CAG,1,0,0,regular,,
CAG194608090,rhodh101,CAG,1,1,value,27,,,0,,0,0,,,,1,19460809,0,MTG01,h,BIR,0,1,0,regular,,
CAG194608090,tolbj101,CAG,1,2,value,27,,,0,,0,,,,,1,19460809,0,MTG01,h,BIR,0,1,0,regular,,
KCM194608111,greel102,CAG,1,8,value,24,2,0,1,0,0,,,,,1,19460811,1,KAN05,v,KCM,0,1,0,regular,y,
KCM194608111,bissj101,CAG,1,7,value,24,2,0,0,0,0,,,,,1,19460811,1,KAN05,v,KCM,0,1,0,regular,y,
KCM194608111,willm109,CAG,1,9,value,24,2,0,0,0,0,,,,,1,19460811,1,KAN05,v,KCM,0,1,0,regular,y,
KCM194608111,longb101,CAG,1,4,value,21,3,3,1,0,0,,,,,1,19460811,1,KAN05,v,KCM,0,1,0,regular,y,
KCM194608111,longb101,CAG,2,6,value,3,,,0,0,0,,,,,1,19460811,1,KAN05,v,KCM,0,1,0,regular,y,
KCM194608111,youne102,CAG,1,3,value,24,7,0,0,0,0,,,,,1,19460811,1,KAN05,v,KCM,0,1,0,regular,y,
KCM194608111,nelsc102,CAG,1,5,value,24,1,1,0,0,0,,,,,1,19460811,1,KAN05,v,KCM,0,1,0,regular,y,
KCM194608111,mcnec101,CAG,1,6,value,21,0,2,0,0,0,,,,,1,19460811,1,KAN05,v,KCM,0,1,0,regular,y,
KCM194608111,hills101,CAG,1,4,value,3,0,0,0,0,0,,,,,,19460811,1,KAN05,v,KCM,0,1,0,regular,y,
KCM194608111,tolbj101,CAG,1,2,value,21,6,0,0,0,0,0,,,,1,19460811,1,KAN05,v,KCM,0,1,0,regular,y,
KCM194608111,hundj101,CAG,1,2,value,3,1,0,0,0,0,0,,,,,19460811,1,KAN05,v,KCM,0,1,0,regular,y,
KCM194608111,mccow102,CAG,1,1,value,21,0,3,0,0,0,,,,,1,19460811,1,KAN05,v,KCM,0,1,0,regular,y,
KCM194608111,stewr101,CAG,1,1,value,3,0,1,0,0,0,,,,,,19460811,1,KAN05,v,KCM,0,1,0,regular,y,
KCM194608111,thomh103,KCM,1,4,value,27,3,3,0,0,0,,,,,1,19460811,1,KAN05,h,CAG,1,0,0,regular,y,
KCM194608111,hamij103,KCM,1,6,value,27,0,4,0,0,0,,,,,1,19460811,1,KAN05,h,CAG,1,0,0,regular,y,
KCM194608111,scotj106,KCM,1,7,value,27,1,0,0,0,0,,,,,1,19460811,1,KAN05,h,CAG,1,0,0,regular,y,
KCM194608111,strot101,KCM,1,9,value,27,1,0,0,0,0,,,,,1,19460811,1,KAN05,h,CAG,1,0,0,regular,y,
KCM194608111,broww101,KCM,1,8,value,27,4,0,0,0,0,,,,,1,19460811,1,KAN05,h,CAG,1,0,0,regular,y,
KCM194608111,oneib801,KCM,1,3,value,27,14,1,0,1,0,,,,,1,19460811,1,KAN05,h,CAG,1,0,0,regular,y,
KCM194608111,soueh101,KCM,1,5,value,27,0,2,1,0,0,,,,,1,19460811,1,KAN05,h,CAG,1,0,0,regular,y,
KCM194608111,greej108,KCM,1,2,value,27,3,0,0,0,0,0,,,,1,19460811,1,KAN05,h,CAG,1,0,0,regular,y,
KCM194608111,lamaj102,KCM,1,1,value,21,1,0,0,0,0,,,,,1,19460811,1,KAN05,h,CAG,1,0,0,regular,y,
KCM194608111,alext101,KCM,1,1,value,2,0,0,0,0,0,,,,,,19460811,1,KAN05,h,CAG,1,0,0,regular,y,
KCM194608111,smitf107,KCM,1,1,value,4,0,0,0,0,0,,,,,,19460811,1,KAN05,h,CAG,1,0,0,regular,y,
KCM194608112,greel102,CAG,1,8,value,21,0,0,0,0,0,,,,,1,19460811,2,KAN05,v,KCM,1,0,0,regular,y,
KCM194608112,hills101,CAG,1,7,value,21,1,0,0,0,0,,,,,1,19460811,2,KAN05,v,KCM,1,0,0,regular,y,
KCM194608112,willm109,CAG,1,9,value,21,0,0,0,0,0,,,,,1,19460811,2,KAN05,v,KCM,1,0,0,regular,y,
KCM194608112,longb101,CAG,1,4,value,21,0,3,0,1,0,,,,,1,19460811,2,KAN05,v,KCM,1,0,0,regular,y,
KCM194608112,youne102,CAG,1,3,value,21,9,0,0,1,0,,,,,1,19460811,2,KAN05,v,KCM,1,0,0,regular,y,
KCM194608112,nelsc102,CAG,1,5,value,21,2,1,1,0,0,,,,,1,19460811,2,KAN05,v,KCM,1,0,0,regular,y,
KCM194608112,mcnec101,CAG,1,6,value,21,4,2,1,1,0,,,,,1,19460811,2,KAN05,v,KCM,1,0,0,regular,y,
KCM194608112,tolbj101,CAG,1,2,value,21,5,0,0,0,0,0,,,,1,19460811,2,KAN05,v,KCM,1,0,0,regular,y,
KCM194608112,jessg101,CAG,1,1,value,21,0,3,0,0,0,,,,,1,19460811,2,KAN05,v,KCM,1,0,0,regular,y,
KCM194608112,thomh103,KCM,1,4,value,,1,1,1,0,0,,,,,1,19460811,2,KAN05,h,CAG,0,1,0,regular,y,
KCM194608112,renfc101,KCM,1,4,value,,1,0,0,0,0,,,,,,19460811,2,KAN05,h,CAG,0,1,0,regular,y,
KCM194608112,hamij103,KCM,1,6,value,21,3,1,1,0,0,,,,,1,19460811,2,KAN05,h,CAG,0,1,0,regular,y,
KCM194608112,scotj106,KCM,1,7,value,21,0,0,0,0,0,,,,,1,19460811,2,KAN05,h,CAG,0,1,0,regular,y,
KCM194608112,strot101,KCM,1,9,value,21,2,0,0,0,0,,,,,1,19460811,2,KAN05,h,CAG,0,1,0,regular,y,
KCM194608112,broww101,KCM,1,8,value,21,1,0,0,0,0,,,,,1,19460811,2,KAN05,h,CAG,0,1,0,regular,y,
KCM194608112,oneib801,KCM,1,3,value,21,9,0,0,0,0,,,,,1,19460811,2,KAN05,h,CAG,0,1,0,regular,y,
KCM194608112,soueh101,KCM,1,5,value,21,0,3,0,0,0,,,,,1,19460811,2,KAN05,h,CAG,0,1,0,regular,y,
KCM194608112,taboe101,KCM,1,2,value,21,4,4,0,0,0,0,,,,1,19460811,2,KAN05,h,CAG,0,1,0,regular,y,
KCM194608112,johnc103,KCM,1,1,value,3,0,0,0,0,0,,,,,1,19460811,2,KAN05,h,CAG,0,1,0,regular,y,
KCM194608112,smitf107,KCM,1,1,value,18,0,1,0,0,0,,,,,,19460811,2,KAN05,h,CAG,0,1,0,regular,y,
CAG194608150,hills101,CAG,1,7,value,27,,,0,,0,0,,,,,19460815,0,CHI10,h,MEM,1,0,0,regular,,
CAG194608150,willm109,CAG,1,9,value,27,,,0,,0,0,,,,,19460815,0,CHI10,h,MEM,1,0,0,regular,,
CCR194608181,mccow102,CAG,1,1,value,27,,,,,0,0,,,,1,19460818,1,CIN07,v,CCR,1,0,0,exhibition,,
CCR194608181,markj101,CCR,1,1,value,18,,,,,0,0,,,,,19460818,1,CIN07,h,CAG,0,1,0,exhibition,,
CCR194608181,napol101,CCR,1,1,value,9,,,,,0,0,,,,1,19460818,1,CIN07,h,CAG,0,1,0,exhibition,,
CCR194608182,lockc102,CAG,1,1,value,18,,,,,0,0,,,,1,19460818,2,CIN07,v,CCR,0,1,0,exhibition,,
CCR194608182,smitw106,CCR,1,1,value,21,,,,,0,0,,,,1,19460818,2,CIN07,h,CAG,1,0,0,exhibition,,
CVB194608231,jessg101,CAG,1,1,value,27,,,,,0,0,,,,1,19460823,1,CLE07,v,CVB,1,0,0,regular,,
CAG194608251,haywb102,IN9,1,2,value,27,,,0,,0,0,,,,1,19460825,1,CHI10,v,CAG,1,0,0,regular,,
CAG194608251,willj112,IN9,1,1,value,27,,,0,,0,0,,,,1,19460825,1,CHI10,v,CAG,1,0,0,regular,,
CAG194608251,barnh102,CAG,1,2,value,27,,,0,,0,0,,,,1,19460825,1,CHI10,h,IN9,0,1,0,regular,,
CAG194608251,bissj101,CAG,1,7,value,27,,,1,,0,0,,,,,19460825,1,CHI10,h,IN9,0,1,0,regular,,
CAG194608251,browj114,CAG,1,1,value,3,,,0,,0,0,,,,,19460825,1,CHI10,h,IN9,0,1,0,regular,,
CAG194608251,hundj101,CAG,1,2,value,27,,,0,,0,0,,,,,19460825,1,CHI10,h,IN9,0,1,0,regular,,
CAG194608251,lockc102,CAG,1,1,value,24,,,0,,0,0,,,,1,19460825,1,CHI10,h,IN9,0,1,0,regular,,
CAG194608251,youne102,CAG,,3,value,,,,2,,0,0,,,,,19460825,1,CHI10,h,IN9,0,1,0,regular,,
CAG194608252,garca101,IN9,1,1,value,13,,,0,,0,0,,,,,19460825,2,CHI10,v,CAG,0,1,0,regular,,
CAG194608252,smitg105,IN9,1,2,value,18,,,0,,0,,,,,1,19460825,2,CHI10,v,CAG,0,1,0,regular,,
CAG194608252,watsa102,IN9,1,1,value,5,,,0,,0,0,,,,1,19460825,2,CHI10,v,CAG,0,1,0,regular,,
CAG194608252,rhodh101,CAG,1,2,value,21,,,0,,0,,,,,,19460825,2,CHI10,h,IN9,1,0,0,regular,,
CAG194608252,rhodh101,CAG,2,1,value,21,,,,0,0,0,,,,1,19460825,2,CHI10,h,IN9,1,0,0,regular,,
CAG194608252,youne102,CAG,1,3,value,21,,,0,,0,0,,,,,19460825,2,CHI10,h,IN9,1,0,0,regular,,
CAG194608280,ferrc102,IN9,1,6,value,24,,1,0,,0,0,,,,1,19460828,0,CHI10,v,CAG,0,1,0,regular,,
CAG194608280,garca101,IN9,,9,value,,,,1,,,,,,,,19460828,0,CHI10,v,CAG,0,1,0,regular,,
CAG194608280,godim101,IN9,1,1,value,24,,,0,,0,0,,,,1,19460828,0,CHI10,v,CAG,0,1,0,regular,,
CAG194608280,merch101,IN9,1,3,value,18,1,,0,,0,0,,,,1,19460828,0,CHI10,v,CAG,0,1,0,regular,,
CAG194608280,tatug101,IN9,2,3,value,6,,,,,,,,,,,19460828,0,CHI10,v,CAG,0,1,0,regular,,
CAG194608280,hills101,CAG,1,8,value,27,1,,0,,0,0,,,,1,19460828,0,CHI10,h,IN9,1,0,0,regular,,
CAG194608280,jessg101,CAG,1,1,value,27,,,0,,0,0,,,,1,19460828,0,CHI10,h,IN9,1,0,0,regular,,
CAG194608280,longb101,CAG,,4,value,,,,1,,,,,,,,19460828,0,CHI10,h,IN9,1,0,0,regular,,
CAG194608280,mcnec101,CAG,1,6,value,27,1,,0,,0,0,,,,1,19460828,0,CHI10,h,IN9,1,0,0,regular,,
CAG194608290,drakr101,IN9,1,8,value,24,1,1,0,0,0,,,,,1,19460829,0,DCT02,v,CAG,0,1,0,regular,y,
CAG194608290,xiqul101,IN9,1,7,value,24,2,0,0,0,0,,,,,1,19460829,0,DCT02,v,CAG,0,1,0,regular,y,
CAG194608290,neilr101,IN9,1,4,value,24,4,5,1,0,0,,,,,1,19460829,0,DCT02,v,CAG,0,1,0,regular,y,
CAG194608290,hairs101,IN9,1,3,value,,5,0,0,0,0,,,,,1,19460829,0,DCT02,v,CAG,0,1,0,regular,y,
CAG194608290,hairs101,IN9,2,5,value,,,,0,0,0,,,,,1,19460829,0,DCT02,v,CAG,0,1,0,regular,y,
CAG194608290,clevd101,IN9,1,9,value,24,2,0,0,0,0,,,,,1,19460829,0,DCT02,v,CAG,0,1,0,regular,y,
CAG194608290,lockl101,IN9,1,5,value,,0,1,1,0,0,,,,,1,19460829,0,DCT02,v,CAG,0,1,0,regular,y,
CAG194608290,tatug101,IN9,1,3,value,,3,0,0,0,0,,,,,,19460829,0,DCT02,v,CAG,0,1,0,regular,y,
CAG194608290,ferrc102,IN9,1,6,value,24,1,2,1,0,0,,,,,1,19460829,0,DCT02,v,CAG,0,1,0,regular,y,
CAG194608290,haywb102,IN9,1,2,value,24,6,0,0,0,0,0,,,,1,19460829,0,DCT02,v,CAG,0,1,0,regular,y,
CAG194608290,henrp101,IN9,1,1,value,24,0,1,1,0,0,,,,,1,19460829,0,DCT02,v,CAG,0,1,0,regular,y,
CAG194608290,hills101,CAG,1,8,value,27,0,0,0,0,0,,,,,1,19460829,0,DCT02,h,IN9,1,0,0,regular,y,
CAG194608290,bissj101,CAG,1,7,value,27,2,0,0,0,0,,,,,1,19460829,0,DCT02,h,IN9,1,0,0,regular,y,
CAG194608290,longb101,CAG,1,4,value,27,3,1,1,0,0,,,,,1,19460829,0,DCT02,h,IN9,1,0,0,regular,y,
CAG194608290,mccuj101,CAG,1,9,value,27,4,0,0,0,0,,,,,1,19460829,0,DCT02,h,IN9,1,0,0,regular,y,
CAG194608290,youne102,CAG,1,3,value,27,4,0,0,0,0,,,,,1,19460829,0,DCT02,h,IN9,1,0,0,regular,y,
CAG194608290,nelsc102,CAG,1,5,value,27,1,1,0,0,0,,,,,1,19460829,0,DCT02,h,IN9,1,0,0,regular,y,
CAG194608290,mcnec101,CAG,1,6,value,27,1,3,1,0,0,,,,,1,19460829,0,DCT02,h,IN9,1,0,0,regular,y,
CAG194608290,barnh102,CAG,1,2,value,24,11,1,0,0,0,1,,,,1,19460829,0,DCT02,h,IN9,1,0,0,regular,y,
CAG194608290,hundj101,CAG,1,2,value,3,1,0,0,0,0,1,,,,,19460829,0,DCT02,h,IN9,1,0,0,regular,y,
CAG194608290,mccow102,CAG,1,1,value,24,0,2,0,0,0,,,,,1,19460829,0,DCT02,h,IN9,1,0,0,regular,y,
CAG194608290,rhodh101,CAG,1,1,value,3,0,0,0,0,0,,,,,,19460829,0,DCT02,h,IN9,1,0,0,regular,y,
CVB194609011,boona101,CVB,1,1,value,,,,0,,0,0,,,,,19460901,1,CLE06,h,CAG,0,1,0,regular,,
CVB194609011,breme101,CVB,1,1,value,,,,0,,0,0,,,,1,19460901,1,CLE06,h,CAG,0,1,0,regular,,
CVB194609012,brewc102,CVB,1,1,value,9,,,,,0,0,,,,1,19460901,2,CLE06,h,CAG,1,0,0,regular,,
CVB194609022,mccow102,CAG,1,1,value,,,,,,0,0,,,,1,19460902,2,CLE06,v,CVB,0,1,0,regular,,
CVB194609022,breme101,CVB,1,1,value,21,,,,,0,0,,,,1,19460902,2,CLE06,h,CAG,1,0,0,regular,,
CVB194609030,greel102,CAG,1,8,value,,,,0,0,0,,,,,1,19460903,0,ERI01,v,CVB,0,1,0,regular,y,
CVB194609030,thomw103,CAG,1,8,value,,,,0,0,0,,,,,,19460903,0,ERI01,v,CVB,0,1,0,regular,y,
CVB194609030,bissj101,CAG,1,7,value,24,,,0,0,0,,,,,1,19460903,0,ERI01,v,CVB,0,1,0,regular,y,
CVB194609030,longb101,CAG,1,4,value,24,,,0,0,0,,,,,1,19460903,0,ERI01,v,CVB,0,1,0,regular,y,
CVB194609030,mccuj101,CAG,1,9,value,24,,,1,0,0,,,,,1,19460903,0,ERI01,v,CVB,0,1,0,regular,y,
CVB194609030,nelsc102,CAG,1,5,value,24,,,0,0,0,,,,,1,19460903,0,ERI01,v,CVB,0,1,0,regular,y,
CVB194609030,youne102,CAG,1,3,value,24,,,0,0,0,,,,,1,19460903,0,ERI01,v,CVB,0,1,0,regular,y,
CVB194609030,mcnec101,CAG,1,6,value,24,,,1,0,0,,,,,1,19460903,0,ERI01,v,CVB,0,1,0,regular,y,
CVB194609030,tolbj101,CAG,1,2,value,24,,,0,0,0,0,,,,1,19460903,0,ERI01,v,CVB,0,1,0,regular,y,
CVB194609030,stewr101,CAG,1,1,value,24,,,0,0,0,,,,,1,19460903,0,ERI01,v,CVB,0,1,0,regular,y,
CVB194609030,minog101,CVB,1,8,value,27,,,0,0,0,,,,,1,19460903,0,ERI01,h,CAG,1,0,0,regular,y,
CVB194609030,warea101,CVB,1,3,value,27,,,0,1,0,,,,,1,19460903,0,ERI01,h,CAG,1,0,0,regular,y,
CVB194609030,jeths101,CVB,1,4,value,27,,,3,1,0,,,,,1,19460903,0,ERI01,h,CAG,1,0,0,regular,y,
CVB194609030,kelll101,CVB,1,5,value,27,,,0,0,0,,,,,1,19460903,0,ERI01,h,CAG,1,0,0,regular,y,
CVB194609030,armob101,CVB,1,7,value,27,,,0,0,0,,,,,1,19460903,0,ERI01,h,CAG,1,0,0,regular,y,
CVB194609030,smita102,CVB,1,6,value,27,,,1,1,0,,,,,1,19460903,0,ERI01,h,CAG,1,0,0,regular,y,
CVB194609030,chise101,CVB,1,9,value,27,,,0,0,0,,,,,1,19460903,0,ERI01,h,CAG,1,0,0,regular,y,
CVB194609030,harrt102,CVB,1,2,value,27,,,0,0,0,0,,,,1,19460903,0,ERI01,h,CAG,1,0,0,regular,y,
CVB194609030,willc108,CVB,1,1,value,27,,,0,0,0,,,,,1,19460903,0,ERI01,h,CAG,1,0,0,regular,y,
CAG194609060,boonl102,CVB,1,1,value,,,,0,,0,0,,,,,19460906,0,CHI10,v,CAG,1,0,0,regular,,
CAG194609060,breme101,CVB,1,1,value,,,,0,,0,0,,,,1,19460906,0,CHI10,v,CAG,1,0,0,regular,,
CAG194609060,lockc102,CAG,1,1,value,,,,0,,0,0,,,,1,19460906,0,CHI10,h,CVB,0,1,0,regular,,
CAG194609060,mccow102,CAG,1,1,value,,,,0,,0,0,,,,,19460906,0,CHI10,h,CVB,0,1,0,regular,,
CAG194609080,bassp101,BIR,1,2,value,6,,,0,,0,,,,,,19460908,0,CHI10,v,CAG,1,0,0,regular,,
CAG194609080,bellh102,BIR,1,2,value,,,,0,,0,,,,,1,19460908,0,CHI10,v,CAG,1,0,0,regular,,
CAG194609080,sampt101,BIR,1,4,value,27,,,0,,0,0,,,,,19460908,0,CHI10,v,CAG,1,0,0,regular,,
CAG194609080,jessg101,CAG,1,1,value,27,,,0,,0,0,,,,1,19460908,0,CHI10,h,BIR,0,1,0,regular,,
CAG194609080,mcnec101,CAG,1,6,value,27,,,0,,0,0,,,,,19460908,0,CHI10,h,BIR,0,1,0,regular,,
CAG194609080,willm109,CAG,1,7,value,27,,,0,,0,0,,,,,19460908,0,CHI10,h,BIR,0,1,0,regular,,
CAG194609110,bellh102,BIR,1,2,value,24,,,0,,0,,,,,1,19460911,0,COL05,v,CAG,0,1,0,regular,,
CAG194609110,higdb102,BIR,1,1,value,24,,,0,,0,0,,,,1,19460911,0,COL05,v,CAG,0,1,0,regular,,
CAG194609110,barnh102,CAG,1,2,value,27,,,0,,0,,,,,1,19460911,0,COL05,h,BIR,1,0,0,regular,,
CAG194609110,mccow102,CAG,1,1,value,27,,,0,,0,0,,,,1,19460911,0,COL05,h,BIR,1,0,0,regular,,
MEM194609150,rhodh101,CAG,1,1,value,27,,,0,,0,0,,,,1,19460915,1,LRK02,v,MEM,1,0,0,regular,,
MEM194609150,tolbj101,CAG,1,2,value,27,,,0,,0,,,,,1,19460915,1,LRK02,v,MEM,1,0,0,regular,,
MEM194609150,bankd101,MEM,1,1,value,9,,,0,,0,0,,,,,19460915,1,LRK02,h,CAG,0,1,0,regular,,
MEM194609150,hutcw101,MEM,1,1,value,18,,,0,,0,0,,,,1,19460915,1,LRK02,h,CAG,0,1,0,regular,,
MEM194609150,jonec108,MEM,1,2,value,27,,,0,,0,,,,,1,19460915,1,LRK02,h,CAG,0,1,0,regular,,
MEM194609170,bissj101,CAG,1,3,value,39,,,,,0,0,,,,,19460917,0,OKC02,v,MEM,0,0,1,exhibition,,
MEM194609170,browj114,CAG,1,1,value,21,,,,,0,0,,,,1,19460917,0,OKC02,v,MEM,0,0,1,exhibition,,
MEM194609170,jessg101,CAG,1,1,value,18,,,,,0,0,,,,,19460917,0,OKC02,v,MEM,0,0,1,exhibition,,
MEM194609170,mcnec101,CAG,1,6,value,39,,,1,,0,0,,,,,19460917,0,OKC02,v,MEM,0,0,1,exhibition,,
MEM194609170,tolbj101,CAG,1,2,value,39,,,,,0,,,,,1,19460917,0,OKC02,v,MEM,0,0,1,exhibition,,
MEM194609170,carts102,MEM,1,1,value,18,,,,,0,0,,,,,19460917,0,OKC02,h,CAG,0,0,1,exhibition,,
MEM194609170,jonec108,MEM,1,2,value,39,,,,,0,,,,,1,19460917,0,OKC02,h,CAG,0,0,1,exhibition,,
MEM194609170,longr102,MEM,1,8,value,39,,,,,0,0,,,,,19460917,0,OKC02,h,CAG,0,0,1,exhibition,,
MEM194609170,sharp101,MEM,1,1,value,21,,,,,0,0,,,,1,19460917,0,OKC02,h,CAG,0,0,1,exhibition,,
MEM194609180,lockc102,CAG,1,1,value,27,,,0,,0,0,,,,1,19460918,0,MUS01,v,MEM,1,0,0,exhibition,,
MEM194609180,tolbj101,CAG,1,2,value,27,,,0,,0,,,,,1,19460918,0,MUS01,v,MEM,1,0,0,exhibition,,
MEM194609180,jonec108,MEM,1,2,value,27,,,0,,0,,,,,1,19460918,0,MUS01,h,CAG,0,1,0,exhibition,,
MEM194609180,whitl101,MEM,1,1,value,27,,,0,,0,0,,,,1,19460918,0,MUS01,h,CAG,0,1,0,exhibition,,
