gid,team,inn1,inn2,inn3,inn4,inn5,inn6,inn7,inn8,inn9,inn10,inn11,inn12,inn13,inn14,inn15,inn16,inn17,inn18,inn19,inn20,inn21,inn22,inn23,inn24,inn25,inn26,inn27,inn28,lob,mgr,stattype,b_pa,b_ab,b_r,b_h,b_d,b_t,b_hr,b_rbi,b_sh,b_sf,b_hbp,b_w,b_iw,b_k,b_sb,b_cs,b_gdp,b_xi,b_roe,p_ipouts,p_noout,p_bfp,p_h,p_d,p_t,p_hr,p_r,p_er,p_w,p_iw,p_k,p_hbp,p_wp,p_bk,p_sh,p_sf,p_sb,p_cs,p_pb,d_po,d_a,d_e,d_dp,d_tp,d_pb,d_wp,d_sb,d_cs,start_l1,start_l2,start_l3,start_l4,start_l5,start_l6,start_l7,start_l8,start_l9,start_f1,start_f2,start_f3,start_f4,start_f5,start_f6,start_f7,start_f8,start_f9,start_f10,date,number,site,vishome,opp,win,loss,tie,gametype,box,pbp
HOM192710070,ALN,0,0,0,1,6,0,0,0,1,,,,,,,,,,,,,,,,,,,,9,macke101,value,44,43,8,15,3,0,1,,0,,0,1,,3,2,,,,,27,,35,8,2,0,0,2,0,0,,4,0,0,0,0,,0,,0,27,15,0,0,0,0,0,0,,dykej101,regab101,manuh101,heilh101,burng102,millb110,bolej101,schaw101,quinj102,quinj102,schaw101,burng102,regab101,heilh101,bolej101,millb110,manuh101,quinj102,,19271007,0,UNI01,v,HOM,1,0,0,exhibition,y,
HOM192710070,HOM,0,0,1,0,0,1,0,0,0,,,,,,,,,,,,,,,,,,,,6,posec101,value,35,35,2,8,2,0,0,,0,,0,0,,4,0,,,,,27,,44,15,3,0,1,8,0,1,,3,0,1,0,0,,2,,0,27,17,4,1,0,0,1,2,,grahd102,grayw101,harrv102,dihim101,washj101,mackb102,willb107,riggb101,willl105,willl105,mackb102,washj101,dihim101,grahd102,riggb101,harrv102,grayw101,willb107,,19271007,0,UNI01,h,ALN,0,1,0,exhibition,y,
HOM194205250,NY6,1,0,0,0,2,0,1,0,1,,,,,,,,,,,,,,,,,,,,,fernj101,value,,,5,11,,,,,,,,,,,,,,,,24,,,12,,,2,7,,,,,,,,,,,,,24,,0,,0,,,,,,,,,,,,,,morrb104,haywb102,,,,,,,,,19420525,0,UNI01,v,HOM,0,1,0,exhibition,,
HOM194205250,HOM,0,0,4,1,2,0,0,0,,,,,,,,,,,,,,,,,,,,,,harrv102,value,,,7,12,,,2,,,,,,,,,,,,,27,,,11,,,,5,,,,,,,,,,,,,27,,1,,0,,,,,,,,,,,,,,wrigj105,gibsj101,,,,,,,,,19420525,0,UNI01,h,NY6,1,0,0,exhibition,,
HOM194206110,NW2,0,0,0,3,4,3,0,0,0,,,,,,,,,,,,,,,,,,,,,wellw101,value,,,10,13,,,,,,,,,,,,,,,,27,,,8,,,1,1,1,,,,,,,,,,,,27,,0,,0,,,,,,,,,,,,,,hobgf101,parkc101,,,,,,,,,19420611,0,UNI01,v,HOM,1,0,0,exhibition,,
HOM194206110,HOM,0,0,0,0,0,0,1,0,0,,,,,,,,,,,,,,,,,,,,,harrv102,value,,,1,8,,,1,1,,,,,,,,,,,,27,,,13,,,,10,,,,,,,,,,,,,27,,2,,0,,,,,,,,,,,,,,fielw101,gastr101,,,,,,,,,19420611,0,UNI01,h,NW2,0,1,0,exhibition,,
HOM194208260,PH5,0,5,2,0,0,0,1,3,0,,,,,,,,,,,,,,,,,,,,,currg102,value,,,11,14,,,,,,,,,,,,,,,,24,,,15,,,4,13,,,,,,,,,,,,,24,,3,,0,,,,,,,,,,,,,,jeffw101,palmc101,,,,,,,,,19420826,0,UNI01,v,HOM,0,1,0,exhibition,,
HOM194208260,HOM,1,0,0,4,2,4,0,2,,,,,,,,,,,,,,,,,,,,,,harrv102,value,,,13,15,,,4,,,,,,,,,,,,,27,,,14,,,,11,,,,,,,,,,,,,27,,6,,0,,,,,,,,,,,,,,welmr101,gastr101,,,,,,,,,19420826,0,UNI01,h,PH5,1,0,0,exhibition,,
HSL194307130,HWS,0,0,0,0,0,,,,,,,,,,,,,,,,,,,,,,,,,wagnh101,value,,,4,,,,,,,,,,,,,,,,,24,,,,,,,7,,,,,,,,,,,,,24,,,,0,,,,,,,,,,,,,,,,,,,,,,,,19430713,0,UNI01,v,HSL,0,1,0,exhibition,,
HSL194307130,HSL,3,2,,,,,,,,,,,,,,,,,,,,,,,,,,,,parkt101,value,,,7,,,,,,,,,,,,,,,,,27,,,,,,,4,,,,,,,,,,,,,27,,,,0,,,,,,,,,,,,,,boonl102,,,,,,,,,,19430713,0,UNI01,h,HWS,1,0,0,exhibition,,
HWS194307250,HSL,0,0,0,0,2,1,1,0,0,,,,,,,,,,,,,,,,,,,,6,parkt101,value,37,32,4,10,0,2,0,3,2,0,0,3,0,4,0,0,0,0,0,25,0,40,10,2,0,1,5,5,5,0,9,0,1,0,1,0,0,1,1,25,10,3,0,0,1,1,0,1,cartw102,wilsd103,parkt101,fordj101,armob101,grayc104,mcalf101,turnl101,walkr103,walkr103,grayc104,turnl101,wilsd103,fordj101,cartw102,parkt101,armob101,mcalf101,,19430725,0,UNI01,v,HWS,0,1,0,exhibition,y,d
HWS194307250,HWS,0,0,2,1,0,0,0,1,1,,,,,,,,,,,,,,,,,,,,10,wagnh101,value,40,34,5,10,2,0,1,4,1,0,0,5,0,9,0,1,0,0,2,27,0,37,10,0,2,0,4,4,3,0,4,0,1,0,2,0,0,0,0,27,12,0,2,0,0,1,0,0,gormh101,barna101,powlh101,fugaj101,vanjp101,heyla101,collr101,snydb101,baurj101,baurj101,collr101,fugaj101,snydb101,vanjp101,barna101,heyla101,powlh101,gormh101,,19430725,0,UNI01,h,HSL,1,0,0,exhibition,y,d
HOM194705230,NY5,,,,,,,,,,,,,,,,,,,,,,,,,,,,,,barkm101,value,,,4,5,,,,,,,,,,,,,,,,24,,,4,,,4,16,,,,,,,,,,,,,24,,0,,0,,,,,,,,,,,,,,,,,,,,,,,,19470523,0,UNI01,v,HOM,0,1,0,regular,,
HOM194705230,HOM,,,,,,,,,,,,,,,,,,,,,,,,,,,,,,harrv102,value,,,16,4,,,4,,,,,,,,,,,,,27,,,5,,,,4,,,,,,,,,,,,,27,,0,,0,,,,,,,,,,,,,,thomf110,,,,,,,,,,19470523,0,UNI01,h,NY5,1,0,0,regular,,
