gid,id,team,d_seq,d_pos,stattype,d_ifouts,d_po,d_a,d_e,d_dp,d_tp,d_pb,d_wp,d_sb,d_cs,d_gs,date,number,site,vishome,opp,win,loss,tie,gametype,box,pbp
CI2194208021,browl107,MEM,1,2,value,27,,,0,,0,,,,,1,19420802,1,CIN07,v,CI2,1,0,0,exhibition,,
CI2194208021,mossp101,MEM,1,1,value,27,,,0,,0,0,,,,1,19420802,1,CIN07,v,CI2,1,0,0,exhibition,,
CI2194208021,bassp101,CI2,1,2,value,27,,,0,,0,,,,,1,19420802,1,CIN07,h,MEM,0,1,0,exhibition,,
CI2194208021,davip103,CI2,1,1,value,27,,,0,,0,0,,,,1,19420802,1,CIN07,h,MEM,0,1,0,exhibition,,
CI2194208022,mcdaf101,MEM,1,7,value,32,,,0,0,0,,,,,1,19420802,2,CIN07,v,CI2,0,1,0,exhibition,y,
CI2194208022,bankf101,MEM,1,4,value,32,,,0,0,0,,,,,1,19420802,2,CIN07,v,CI2,0,1,0,exhibition,y,
CI2194208022,hutcw101,MEM,1,9,value,,,,1,0,0,,,,,1,19420802,2,CIN07,v,CI2,0,1,0,exhibition,y,
CI2194208022,browl107,MEM,1,2,value,,,,0,0,0,0,,,,,19420802,2,CIN07,v,CI2,0,1,0,exhibition,y,
CI2194208022,evanf101,MEM,1,9,value,,,,0,0,0,,,,,,19420802,2,CIN07,v,CI2,0,1,0,exhibition,y,
CI2194208022,cartm101,MEM,1,5,value,32,,,0,0,0,,,,,1,19420802,2,CIN07,v,CI2,0,1,0,exhibition,y,
CI2194208022,taylj106,MEM,1,3,value,32,,,0,0,0,,,,,1,19420802,2,CIN07,v,CI2,0,1,0,exhibition,y,
CI2194208022,robin101,MEM,1,8,value,32,,,0,0,0,,,,,1,19420802,2,CIN07,v,CI2,0,1,0,exhibition,y,
CI2194208022,browt105,MEM,1,6,value,32,,,0,0,0,,,,,1,19420802,2,CIN07,v,CI2,0,1,0,exhibition,y,
CI2194208022,hydec101,MEM,1,2,value,,,,0,0,0,0,,,,1,19420802,2,CIN07,v,CI2,0,1,0,exhibition,y,
CI2194208022,hydec101,MEM,2,9,value,,,,0,0,0,,,,,1,19420802,2,CIN07,v,CI2,0,1,0,exhibition,y,
CI2194208022,mathv101,MEM,1,1,value,32,,,1,0,0,,,,,1,19420802,2,CIN07,v,CI2,0,1,0,exhibition,y,
CI2194208022,neilr101,CI2,1,4,value,33,,,0,0,0,,,,,1,19420802,2,CIN07,h,MEM,1,0,0,exhibition,y,
CI2194208022,olivj101,CI2,1,6,value,33,,,0,0,0,,,,,1,19420802,2,CIN07,h,MEM,1,0,0,exhibition,y,
CI2194208022,wilsf104,CI2,1,9,value,33,,,0,0,0,,,,,1,19420802,2,CIN07,h,MEM,1,0,0,exhibition,y,
CI2194208022,lindl102,CI2,1,3,value,,,,0,0,0,,,,,1,19420802,2,CIN07,h,MEM,1,0,0,exhibition,y,
CI2194208022,barbb102,CI2,1,3,value,,,,0,0,0,,,,,,19420802,2,CIN07,h,MEM,1,0,0,exhibition,y,
CI2194208022,hoskd101,CI2,1,7,value,33,,,1,0,0,,,,,1,19420802,2,CIN07,h,MEM,1,0,0,exhibition,y,
CI2194208022,coler103,CI2,1,8,value,33,,,0,0,0,,,,,1,19420802,2,CIN07,h,MEM,1,0,0,exhibition,y,
CI2194208022,owens101,CI2,1,2,value,,,,0,0,0,0,,,,1,19420802,2,CIN07,h,MEM,1,0,0,exhibition,y,
CI2194208022,bassp101,CI2,1,2,value,,,,0,0,0,0,,,,,19420802,2,CIN07,h,MEM,1,0,0,exhibition,y,
CI2194208022,smitg105,CI2,1,5,value,33,,,0,0,0,,,,,1,19420802,2,CIN07,h,MEM,1,0,0,exhibition,y,
CI2194208022,henrp101,CI2,1,1,value,27,,,0,0,0,,,,,1,19420802,2,CIN07,h,MEM,1,0,0,exhibition,y,
CI2194208022,bankd101,CI2,1,1,value,6,,,0,0,0,,,,,,19420802,2,CIN07,h,MEM,1,0,0,exhibition,y,
CI2194208050,ellis102,BIR,1,1,value,,,,0,,0,0,,,,1,19420805,0,IND10,v,CI2,0,1,0,exhibition,,
CI2194208050,hardp102,BIR,1,2,value,24,,,0,,0,,,,,1,19420805,0,IND10,v,CI2,0,1,0,exhibition,,
CI2194208050,mckig101,BIR,1,1,value,,,,0,,0,0,,,,,19420805,0,IND10,v,CI2,0,1,0,exhibition,,
CI2194208050,bassp101,CI2,1,2,value,27,,,0,,0,,,,,1,19420805,0,IND10,h,BIR,1,0,0,exhibition,,
CI2194208050,lindl102,CI2,1,3,value,27,,,0,,0,0,,,,,19420805,0,IND10,h,BIR,1,0,0,exhibition,,
CI2194208050,macou101,CI2,1,1,value,,,,0,,0,0,,,,,19420805,0,IND10,h,BIR,1,0,0,exhibition,,
CI2194208050,smitg105,CI2,1,1,value,,,,0,,0,0,,,,1,19420805,0,IND10,h,BIR,1,0,0,exhibition,,
CI2194208070,mckig101,BIR,1,1,value,9,,,0,,0,0,,,,,19420807,0,BEL01,v,CI2,1,0,0,exhibition,,
CI2194208070,radct101,BIR,1,1,value,18,,,0,,0,0,,,,1,19420807,0,BEL01,v,CI2,1,0,0,exhibition,,
CI2194208070,sampt101,BIR,1,4,value,27,,1,1,,0,0,,,,,19420807,0,BEL01,v,CI2,1,0,0,exhibition,,
CI2194208070,walkh103,BIR,1,6,value,27,1,,0,,0,0,,,,,19420807,0,BEL01,v,CI2,1,0,0,exhibition,,
CI2194208070,bassp101,CI2,1,2,value,27,,,0,,0,,,,,1,19420807,0,BEL01,h,BIR,0,1,0,exhibition,,
CI2194208070,owens101,CI2,1,1,value,27,,,0,,0,0,,,,1,19420807,0,BEL01,h,BIR,0,1,0,exhibition,,
BIR194208091,bassp101,CI2,1,2,value,24,,,0,,0,,,,,,19420809,1,KAN05,v,BIR,0,1,0,exhibition,,
BIR194208092,bassp101,CI2,1,2,value,18,,,0,,0,,,,,,19420809,2,KAN05,v,BIR,0,1,0,exhibition,,
CI2194208120,hardp102,BIR,1,2,value,27,,,0,,0,,,,,1,19420812,0,OKC01,v,CI2,1,0,0,exhibition,,
CI2194208120,pipkd101,BIR,1,1,value,27,,,0,,0,0,,,,1,19420812,0,OKC01,v,CI2,1,0,0,exhibition,,
CI2194208120,smitj112,BIR,1,7,value,27,,,0,,0,0,,,,,19420812,0,OKC01,v,CI2,1,0,0,exhibition,,
CI2194208120,bassp101,CI2,1,2,value,27,,,0,,0,,,,,1,19420812,0,OKC01,h,BIR,0,1,0,exhibition,,
CI2194208120,matcj101,CI2,1,1,value,27,,,0,,0,0,,,,1,19420812,0,OKC01,h,BIR,0,1,0,exhibition,,
BIR194208140,bassp101,CI2,1,2,value,27,,,0,,0,,,,,1,19420814,0,SPR04,v,BIR,1,0,0,exhibition,,
BIR194208140,henrp101,CI2,1,1,value,,,,0,,0,0,,,,1,19420814,0,SPR04,v,BIR,1,0,0,exhibition,,
BIR194208140,owens101,CI2,1,1,value,,,,0,,0,0,,,,,19420814,0,SPR04,v,BIR,1,0,0,exhibition,,
BIR194208140,hardp102,BIR,1,2,value,27,,,0,,0,,,,,1,19420814,0,SPR04,h,CI2,0,1,0,exhibition,,
BIR194208140,mckig101,BIR,1,1,value,,,,0,,0,0,,,,1,19420814,0,SPR04,h,CI2,0,1,0,exhibition,,
BIR194208140,radct101,BIR,1,1,value,,,,0,,0,0,,,,,19420814,0,SPR04,h,CI2,0,1,0,exhibition,,
BIR194208170,barbb102,CI2,1,1,value,27,,,0,,0,0,,,,1,19420817,0,LOU05,v,BIR,1,0,0,exhibition,,
BIR194208170,markj101,BIR,1,1,value,27,,,0,,0,0,,,,1,19420817,0,LOU05,h,CI2,0,1,0,exhibition,,
CI2194208210,simmw101,KCM,1,7,value,27,1,0,0,0,0,,,,,1,19420821,0,CIN07,v,CI2,1,0,0,exhibition,y,
CI2194208210,allen102,KCM,1,5,value,27,1,0,0,0,0,,,,,1,19420821,0,CIN07,v,CI2,1,0,0,exhibition,y,
CI2194208210,strot101,KCM,1,9,value,27,1,0,0,0,0,,,,,1,19420821,0,CIN07,v,CI2,1,0,0,exhibition,y,
CI2194208210,broww101,KCM,1,8,value,27,3,0,0,0,0,,,,,1,19420821,0,CIN07,v,CI2,1,0,0,exhibition,y,
CI2194208210,greej108,KCM,1,2,value,27,13,0,0,0,0,0,,,,1,19420821,0,CIN07,v,CI2,1,0,0,exhibition,y,
CI2194208210,oneib801,KCM,1,3,value,27,6,0,0,0,0,,,,,1,19420821,0,CIN07,v,CI2,1,0,0,exhibition,y,
CI2194208210,serrb101,KCM,1,4,value,27,0,2,0,0,0,,,,,1,19420821,0,CIN07,v,CI2,1,0,0,exhibition,y,
CI2194208210,willj111,KCM,1,6,value,27,2,1,0,0,0,,,,,1,19420821,0,CIN07,v,CI2,1,0,0,exhibition,y,
CI2194208210,johnc103,KCM,1,1,value,9,0,1,0,0,0,,,,,1,19420821,0,CIN07,v,CI2,1,0,0,exhibition,y,
CI2194208210,paigs101,KCM,1,1,value,9,0,0,0,0,0,,,,,,19420821,0,CIN07,v,CI2,1,0,0,exhibition,y,
CI2194208210,smith111,KCM,1,1,value,9,0,1,0,0,0,,,,,,19420821,0,CIN07,v,CI2,1,0,0,exhibition,y,
CI2194208210,neilr101,CI2,1,4,value,27,4,3,0,0,0,,,,,1,19420821,0,CIN07,h,KCM,0,1,0,exhibition,y,
CI2194208210,smitg105,CI2,1,5,value,27,0,3,0,0,0,,,,,1,19420821,0,CIN07,h,KCM,0,1,0,exhibition,y,
CI2194208210,wilsf104,CI2,1,9,value,27,0,0,0,0,0,,,,,1,19420821,0,CIN07,h,KCM,0,1,0,exhibition,y,
CI2194208210,lindl102,CI2,1,3,value,27,13,1,0,0,0,,,,,1,19420821,0,CIN07,h,KCM,0,1,0,exhibition,y,
CI2194208210,hoskd101,CI2,1,7,value,27,2,0,0,0,0,,,,,1,19420821,0,CIN07,h,KCM,0,1,0,exhibition,y,
CI2194208210,coler103,CI2,1,8,value,27,3,0,0,0,0,,,,,1,19420821,0,CIN07,h,KCM,0,1,0,exhibition,y,
CI2194208210,bassp101,CI2,1,2,value,27,3,2,0,0,0,0,,,,1,19420821,0,CIN07,h,KCM,0,1,0,exhibition,y,
CI2194208210,olivj101,CI2,1,6,value,27,2,4,0,0,0,,,,,1,19420821,0,CIN07,h,KCM,0,1,0,exhibition,y,
CI2194208210,henrp101,CI2,1,1,value,27,0,1,0,0,0,,,,,1,19420821,0,CIN07,h,KCM,0,1,0,exhibition,y,
BIR194208231,neilr101,CI2,1,4,value,27,1,4,1,1,0,,,,,1,19420823,1,BIR01,v,BIR,1,0,0,exhibition,y,
BIR194208231,smitg105,CI2,1,5,value,27,4,2,1,0,0,,,,,1,19420823,1,BIR01,v,BIR,1,0,0,exhibition,y,
BIR194208231,wilsf104,CI2,1,9,value,27,1,0,0,0,0,,,,,1,19420823,1,BIR01,v,BIR,1,0,0,exhibition,y,
BIR194208231,lindl102,CI2,1,3,value,27,7,0,0,1,0,,,,,1,19420823,1,BIR01,v,BIR,1,0,0,exhibition,y,
BIR194208231,hoskd101,CI2,1,7,value,27,4,0,0,0,0,,,,,1,19420823,1,BIR01,v,BIR,1,0,0,exhibition,y,
BIR194208231,coler103,CI2,1,8,value,,0,0,0,0,0,,,,,1,19420823,1,BIR01,v,BIR,1,0,0,exhibition,y,
BIR194208231,willl106,CI2,1,8,value,,3,0,0,0,0,,,,,,19420823,1,BIR01,v,BIR,1,0,0,exhibition,y,
BIR194208231,bassp101,CI2,1,2,value,27,3,0,0,1,0,0,,,,1,19420823,1,BIR01,v,BIR,1,0,0,exhibition,y,
BIR194208231,davip103,CI2,1,1,value,24,1,0,0,0,0,,,,,1,19420823,1,BIR01,v,BIR,1,0,0,exhibition,y,
BIR194208231,owens101,CI2,1,1,value,3,0,1,0,0,0,,,,,,19420823,1,BIR01,v,BIR,1,0,0,exhibition,y,
BIR194208231,olivj101,CI2,1,6,value,27,3,4,0,0,0,,,,,1,19420823,1,BIR01,v,BIR,1,0,0,exhibition,y,
BIR194208231,sampt101,BIR,1,4,value,27,1,1,0,0,0,,,,,1,19420823,1,BIR01,h,CI2,0,1,0,exhibition,y,
BIR194208231,dunna102,BIR,1,8,value,,2,0,0,0,0,,,,,1,19420823,1,BIR01,h,CI2,0,1,0,exhibition,y,
BIR194208231,mclaf102,BIR,1,8,value,,1,2,0,0,0,,,,,,19420823,1,BIR01,h,CI2,0,1,0,exhibition,y,
BIR194208231,mornl101,BIR,1,5,value,27,2,1,2,0,0,,,,,1,19420823,1,BIR01,h,CI2,0,1,0,exhibition,y,
BIR194208231,steee102,BIR,1,9,value,27,1,0,0,0,0,,,,,1,19420823,1,BIR01,h,CI2,0,1,0,exhibition,y,
BIR194208231,bostl102,BIR,1,3,value,27,6,0,0,0,0,,,,,1,19420823,1,BIR01,h,CI2,0,1,0,exhibition,y,
BIR194208231,smitj112,BIR,1,7,value,27,4,1,0,0,0,,,,,1,19420823,1,BIR01,h,CI2,0,1,0,exhibition,y,
BIR194208231,walkh103,BIR,1,6,value,27,1,4,0,0,0,,,,,1,19420823,1,BIR01,h,CI2,0,1,0,exhibition,y,
BIR194208231,hardp102,BIR,1,2,value,24,7,0,0,0,0,0,,,,1,19420823,1,BIR01,h,CI2,0,1,0,exhibition,y,
BIR194208231,dawsj102,BIR,1,2,value,3,1,0,0,0,0,0,,,,,19420823,1,BIR01,h,CI2,0,1,0,exhibition,y,
BIR194208231,bankd101,BIR,1,1,value,7,1,0,0,0,0,,,,,1,19420823,1,BIR01,h,CI2,0,1,0,exhibition,y,
BIR194208231,mckig101,BIR,1,1,value,0,0,0,0,0,0,,,,,,19420823,1,BIR01,h,CI2,0,1,0,exhibition,y,
BIR194208231,radct101,BIR,1,1,value,20,0,1,0,0,0,,,,,,19420823,1,BIR01,h,CI2,0,1,0,exhibition,y,
BIR194208232,neilr101,CI2,1,4,value,21,2,3,0,2,0,,,,,1,19420823,2,BIR01,v,BIR,0,0,1,exhibition,y,
BIR194208232,smitg105,CI2,1,5,value,21,0,1,0,0,0,,,,,1,19420823,2,BIR01,v,BIR,0,0,1,exhibition,y,
BIR194208232,wilsf104,CI2,1,9,value,21,1,0,0,0,0,,,,,1,19420823,2,BIR01,v,BIR,0,0,1,exhibition,y,
BIR194208232,lindl102,CI2,1,3,value,21,6,0,0,2,0,,,,,1,19420823,2,BIR01,v,BIR,0,0,1,exhibition,y,
BIR194208232,hoskd101,CI2,1,7,value,21,3,0,0,0,0,,,,,1,19420823,2,BIR01,v,BIR,0,0,1,exhibition,y,
BIR194208232,willl106,CI2,1,8,value,21,0,0,1,0,0,,,,,1,19420823,2,BIR01,v,BIR,0,0,1,exhibition,y,
BIR194208232,bassp101,CI2,1,2,value,21,4,3,0,0,0,0,,,,1,19420823,2,BIR01,v,BIR,0,0,1,exhibition,y,
BIR194208232,olivj101,CI2,1,6,value,21,5,2,0,2,0,,,,,1,19420823,2,BIR01,v,BIR,0,0,1,exhibition,y,
BIR194208232,matcj101,CI2,1,1,value,21,0,1,0,0,0,,,,,1,19420823,2,BIR01,v,BIR,0,0,1,exhibition,y,
BIR194208232,mclaf102,BIR,1,8,value,21,2,0,0,0,0,,,,,1,19420823,2,BIR01,h,CI2,0,0,1,exhibition,y,
BIR194208232,davip102,BIR,1,7,value,15,1,0,0,0,0,,,,,1,19420823,2,BIR01,h,CI2,0,0,1,exhibition,y,
BIR194208232,dunna102,BIR,1,7,value,6,1,0,0,0,0,,,,,,19420823,2,BIR01,h,CI2,0,0,1,exhibition,y,
BIR194208232,bostl102,BIR,1,3,value,21,7,0,0,2,0,,,,,1,19420823,2,BIR01,h,CI2,0,0,1,exhibition,y,
BIR194208232,steee102,BIR,1,9,value,21,0,0,0,0,0,,,,,1,19420823,2,BIR01,h,CI2,0,0,1,exhibition,y,
BIR194208232,sampt101,BIR,1,4,value,21,3,1,0,0,0,,,,,1,19420823,2,BIR01,h,CI2,0,0,1,exhibition,y,
BIR194208232,walkh103,BIR,1,6,value,21,1,5,0,2,0,,,,,1,19420823,2,BIR01,h,CI2,0,0,1,exhibition,y,
BIR194208232,lamac101,BIR,1,5,value,21,0,0,1,0,0,,,,,1,19420823,2,BIR01,h,CI2,0,0,1,exhibition,y,
BIR194208232,hardp102,BIR,1,2,value,21,6,0,0,0,0,0,,,,1,19420823,2,BIR01,h,CI2,0,0,1,exhibition,y,
BIR194208232,mckig101,BIR,1,1,value,21,0,3,1,2,0,,,,,1,19420823,2,BIR01,h,CI2,0,0,1,exhibition,y,
CI2194208250,hardp102,BIR,1,2,value,27,,,0,,0,,,,,1,19420825,0,COL05,v,CI2,1,0,0,exhibition,,
CI2194208250,markj101,BIR,1,1,value,27,,,0,,0,0,,,,1,19420825,0,COL05,v,CI2,1,0,0,exhibition,,
CI2194208250,bassp101,CI2,1,2,value,27,,,0,,0,,,,,1,19420825,0,COL05,h,BIR,0,1,0,exhibition,,
CI2194208250,henrp101,CI2,1,1,value,24,,,0,,0,0,,,,1,19420825,0,COL05,h,BIR,0,1,0,exhibition,,
CI2194208250,owens101,CI2,1,1,value,3,,,0,,0,0,,,,,19420825,0,COL05,h,BIR,0,1,0,exhibition,,
KCM194208270,bassp101,CI2,1,2,value,27,,,0,,0,,,,,1,19420827,0,TOL05,v,KCM,0,1,0,exhibition,,
KCM194208270,davip103,CI2,1,1,value,9,,,0,,0,0,,,,1,19420827,0,TOL05,v,KCM,0,1,0,exhibition,,
KCM194208270,mckig101,CI2,1,1,value,18,,,0,,0,0,,,,,19420827,0,TOL05,v,KCM,0,1,0,exhibition,,
KCM194208270,greej108,KCM,1,2,value,30,,,0,,0,,,,,1,19420827,0,TOL05,h,CI2,1,0,0,exhibition,,
KCM194208270,lamaj102,KCM,1,1,value,21,,,0,,0,0,,,,,19420827,0,TOL05,h,CI2,1,0,0,exhibition,,
KCM194208270,paigs101,KCM,1,1,value,9,,,0,,0,0,,,,1,19420827,0,TOL05,h,CI2,1,0,0,exhibition,,
CI2194209010,lamaj102,KCM,1,1,value,12,,,0,,0,0,,,,,19420901,0,CIN07,v,CI2,1,0,0,exhibition,,
CI2194209010,paigs101,KCM,1,1,value,15,,,0,,0,0,,,,1,19420901,0,CIN07,v,CI2,1,0,0,exhibition,,
CI2194209010,davip103,CI2,1,1,value,15,,,0,,0,0,,,,1,19420901,0,CIN07,h,KCM,0,1,0,exhibition,,
CI2194209010,henrp101,CI2,1,1,value,12,,,0,,0,0,,,,,19420901,0,CIN07,h,KCM,0,1,0,exhibition,,
KCM194209020,neilr101,CI2,1,4,value,27,1,3,0,0,0,,,,,1,19420902,0,AKR01,v,KCM,1,0,0,exhibition,y,
KCM194209020,smitg105,CI2,1,5,value,27,2,2,0,0,0,,,,,1,19420902,0,AKR01,v,KCM,1,0,0,exhibition,y,
KCM194209020,wilsf104,CI2,1,9,value,27,0,0,0,0,0,,,,,1,19420902,0,AKR01,v,KCM,1,0,0,exhibition,y,
KCM194209020,willl106,CI2,1,3,value,27,13,0,1,0,0,,,,,1,19420902,0,AKR01,v,KCM,1,0,0,exhibition,y,
KCM194209020,hoskd101,CI2,1,7,value,27,1,0,0,0,0,,,,,1,19420902,0,AKR01,v,KCM,1,0,0,exhibition,y,
KCM194209020,barbb102,CI2,1,8,value,27,2,0,0,0,0,,,,,1,19420902,0,AKR01,v,KCM,1,0,0,exhibition,y,
KCM194209020,bassp101,CI2,1,2,value,27,4,1,0,0,0,0,,,,1,19420902,0,AKR01,v,KCM,1,0,0,exhibition,y,
KCM194209020,olivj101,CI2,1,6,value,27,3,8,0,1,0,,,,,1,19420902,0,AKR01,v,KCM,1,0,0,exhibition,y,
KCM194209020,owens101,CI2,1,1,value,27,1,3,0,1,0,,,,,1,19420902,0,AKR01,v,KCM,1,0,0,exhibition,y,
KCM194209020,simmw101,KCM,1,7,value,27,2,0,0,0,0,,,,,1,19420902,0,AKR01,h,CI2,0,1,0,exhibition,y,
KCM194209020,allen102,KCM,1,8,value,27,3,0,0,0,0,,,,,1,19420902,0,AKR01,h,CI2,0,1,0,exhibition,y,
KCM194209020,soueh101,KCM,1,5,value,27,0,1,0,0,0,,,,,1,19420902,0,AKR01,h,CI2,0,1,0,exhibition,y,
KCM194209020,greej108,KCM,1,9,value,27,2,0,1,0,0,,,,,1,19420902,0,AKR01,h,CI2,0,1,0,exhibition,y,
KCM194209020,oneib801,KCM,1,3,value,27,12,0,0,1,0,,,,,1,19420902,0,AKR01,h,CI2,0,1,0,exhibition,y,
KCM194209020,serrb101,KCM,1,4,value,27,1,6,0,1,0,,,,,1,19420902,0,AKR01,h,CI2,0,1,0,exhibition,y,
KCM194209020,willj111,KCM,1,6,value,27,0,1,0,0,0,,,,,1,19420902,0,AKR01,h,CI2,0,1,0,exhibition,y,
KCM194209020,robif104,KCM,1,2,value,27,7,0,0,0,0,0,,,,1,19420902,0,AKR01,h,CI2,0,1,0,exhibition,y,
KCM194209020,johnc103,KCM,1,1,value,27,0,2,0,0,0,,,,,1,19420902,0,AKR01,h,CI2,0,1,0,exhibition,y,
KCM194209062,neilr101,CI2,1,4,value,25,3,3,0,0,0,,,,,1,19420906,2,CHI11,v,KCM,0,1,0,exhibition,y,
KCM194209062,smitg105,CI2,1,5,value,25,0,0,0,0,0,,,,,1,19420906,2,CHI11,v,KCM,0,1,0,exhibition,y,
KCM194209062,wilsf104,CI2,1,9,value,25,1,0,0,0,0,,,,,1,19420906,2,CHI11,v,KCM,0,1,0,exhibition,y,
KCM194209062,tatug101,CI2,1,3,value,25,7,0,1,0,0,,,,,1,19420906,2,CHI11,v,KCM,0,1,0,exhibition,y,
KCM194209062,hoskd101,CI2,1,7,value,25,2,0,0,0,0,,,,,1,19420906,2,CHI11,v,KCM,0,1,0,exhibition,y,
KCM194209062,barbb102,CI2,1,8,value,25,2,0,0,0,0,,,,,1,19420906,2,CHI11,v,KCM,0,1,0,exhibition,y,
KCM194209062,bassp101,CI2,1,2,value,25,8,0,1,0,0,0,,,,1,19420906,2,CHI11,v,KCM,0,1,0,exhibition,y,
KCM194209062,olivj101,CI2,1,6,value,25,2,3,0,0,0,,,,,1,19420906,2,CHI11,v,KCM,0,1,0,exhibition,y,
KCM194209062,davip103,CI2,1,1,value,18,0,0,0,0,0,,,,,1,19420906,2,CHI11,v,KCM,0,1,0,exhibition,y,
KCM194209062,mckig101,CI2,1,1,value,7,0,4,0,0,0,,,,,,19420906,2,CHI11,v,KCM,0,1,0,exhibition,y,
KCM194209062,simmw101,KCM,1,7,value,,0,0,0,0,0,,,,,1,19420906,2,CHI11,h,CI2,1,0,0,exhibition,y,
KCM194209062,matcj101,KCM,1,7,value,,0,0,0,0,0,,,,,,19420906,2,CHI11,h,CI2,1,0,0,exhibition,y,
KCM194209062,duncf102,KCM,1,7,value,,1,0,0,0,0,,,,,,19420906,2,CHI11,h,CI2,1,0,0,exhibition,y,
KCM194209062,soueh101,KCM,1,5,value,27,0,1,0,0,0,,,,,1,19420906,2,CHI11,h,CI2,1,0,0,exhibition,y,
KCM194209062,strot101,KCM,1,9,value,,0,0,0,0,0,,,,,1,19420906,2,CHI11,h,CI2,1,0,0,exhibition,y,
KCM194209062,strot101,KCM,2,8,value,,,,0,0,0,,,,,1,19420906,2,CHI11,h,CI2,1,0,0,exhibition,y,
KCM194209062,broww101,KCM,1,8,value,,3,0,0,0,0,,,,,1,19420906,2,CHI11,h,CI2,1,0,0,exhibition,y,
KCM194209062,allen102,KCM,1,9,value,,0,0,0,0,0,,,,,,19420906,2,CHI11,h,CI2,1,0,0,exhibition,y,
KCM194209062,greej108,KCM,1,2,value,27,11,2,0,0,0,0,,,,1,19420906,2,CHI11,h,CI2,1,0,0,exhibition,y,
KCM194209062,oneib801,KCM,1,3,value,27,12,0,0,0,0,,,,,1,19420906,2,CHI11,h,CI2,1,0,0,exhibition,y,
KCM194209062,serrb101,KCM,1,4,value,27,0,3,0,0,0,,,,,1,19420906,2,CHI11,h,CI2,1,0,0,exhibition,y,
KCM194209062,willj111,KCM,1,6,value,27,0,3,0,0,0,,,,,1,19420906,2,CHI11,h,CI2,1,0,0,exhibition,y,
KCM194209062,mcdab101,KCM,1,1,value,27,0,1,0,0,0,,,,,1,19420906,2,CHI11,h,CI2,1,0,0,exhibition,y,
CI2194209170,mcdab101,KCM,1,1,value,,,,0,,0,0,,,,,19420917,0,IND10,v,CI2,1,0,0,exhibition,,
CI2194209170,mckig101,KCM,1,1,value,,,,0,,0,0,,,,,19420917,0,IND10,v,CI2,1,0,0,exhibition,,
CI2194209170,philn101,KCM,1,1,value,,,,0,,0,0,,,,1,19420917,0,IND10,v,CI2,1,0,0,exhibition,,
CI2194209170,robif104,KCM,1,2,value,27,,,0,,0,,,,,1,19420917,0,IND10,v,CI2,1,0,0,exhibition,,
CI2194209170,bassp101,CI2,1,2,value,,,,0,,0,,,,,1,19420917,0,IND10,h,KCM,0,1,0,exhibition,,
CI2194209170,hoskd101,CI2,1,2,value,,,,0,,0,,,,,,19420917,0,IND10,h,KCM,0,1,0,exhibition,,
CI2194209170,macou101,CI2,1,1,value,,,,0,,0,0,,,,1,19420917,0,IND10,h,KCM,0,1,0,exhibition,,
CI2194209170,saleu101,CI2,1,1,value,,,,0,,0,0,,,,,19420917,0,IND10,h,KCM,0,1,0,exhibition,,
CI2194209201,dawsj102,BIR,1,2,value,24,,,0,,0,,,,,1,19420920,1,IND10,v,CI2,0,1,0,exhibition,,
CI2194209201,sneae101,BIR,1,1,value,24,,,0,,0,0,,,,1,19420920,1,IND10,v,CI2,0,1,0,exhibition,,
CI2194209201,bassp101,CI2,1,2,value,27,,,0,,0,,,,,1,19420920,1,IND10,h,BIR,1,0,0,exhibition,,
CI2194209201,davip103,CI2,1,1,value,27,,,0,,0,0,,,,1,19420920,1,IND10,h,BIR,1,0,0,exhibition,,
CI2194209202,dawsj102,BIR,1,2,value,18,,,0,,0,,,,,1,19420920,2,IND10,v,CI2,0,1,0,exhibition,,
CI2194209202,markj101,BIR,1,1,value,18,,,0,,0,0,,,,1,19420920,2,IND10,v,CI2,0,1,0,exhibition,,
CI2194209202,chrit101,CI2,1,2,value,18,,,0,,0,,,,,1,19420920,2,IND10,h,BIR,1,0,0,exhibition,,
CI2194209202,evanu102,CI2,1,1,value,18,,,0,,0,0,,,,1,19420920,2,IND10,h,BIR,1,0,0,exhibition,,
CI2194209210,dawsj102,BIR,1,2,value,24,,,0,,0,,,,,1,19420921,0,SPR04,v,CI2,0,1,0,exhibition,,
CI2194209210,ferrw102,BIR,1,1,value,24,,,0,,0,0,,,,1,19420921,0,SPR04,v,CI2,0,1,0,exhibition,,
CI2194209210,bassp101,CI2,1,2,value,27,,,0,,0,,,,,1,19420921,0,SPR04,h,BIR,1,0,0,exhibition,,
CI2194209210,davip103,CI2,1,1,value,27,,,0,,0,0,,,,1,19420921,0,SPR04,h,BIR,1,0,0,exhibition,,
BIR194209221,alleh106,CI2,1,1,value,18,,,0,,0,0,,,,1,19420922,1,STJ01,v,BIR,0,1,0,exhibition,,
BIR194209221,bassp101,CI2,1,2,value,18,,,0,,0,,,,,1,19420922,1,STJ01,v,BIR,0,1,0,exhibition,,
BIR194209221,hardp102,BIR,1,2,value,21,,,0,,0,,,,,1,19420922,1,STJ01,h,CI2,1,0,0,exhibition,,
BIR194209221,welcw101,BIR,1,1,value,21,,,0,,0,0,,,,1,19420922,1,STJ01,h,CI2,1,0,0,exhibition,,
BIR194209230,davip103,CI2,1,1,value,21,,,,,0,0,,,,1,19420923,0,OKC01,v,BIR,0,1,0,exhibition,,
BIR194209230,hardp102,BIR,1,2,value,21,,,0,,0,,,,,1,19420923,0,OKC01,h,CI2,1,0,0,exhibition,,
BIR194209230,sneae101,BIR,1,1,value,21,,,0,,0,0,,,,1,19420923,0,OKC01,h,CI2,1,0,0,exhibition,,
BIR194209271,davip103,CI2,1,1,value,24,,,0,,0,0,,,,1,19420927,1,BIR01,v,BIR,0,1,0,exhibition,,
BIR194209271,keyer101,BIR,1,1,value,27,,,0,,0,0,,,,1,19420927,1,BIR01,h,CI2,1,0,0,exhibition,,
BIR194209272,bankd101,BIR,1,1,value,21,,,0,,0,0,,,,1,19420927,2,BIR01,h,CI2,1,0,0,exhibition,,
BIR194209272,hardp102,BIR,1,2,value,21,,,0,,0,,,,,1,19420927,2,BIR01,h,CI2,1,0,0,exhibition,,
