gid,id,team,b_lp,b_seq,stattype,b_pa,b_ab,b_r,b_h,b_d,b_t,b_hr,b_rbi,b_sh,b_sf,b_hbp,b_w,b_iw,b_k,b_sb,b_cs,b_gdp,b_xi,b_roe,dh,ph,pr,date,number,site,vishome,opp,win,loss,tie,gametype,box,pbp,eject
IN6193705080,henro102,IN6,7,1,value,5,4,0,2,2,0,0,1,0,0,0,1,0,0,0,0,0,0,0,,,,19370508,0,IND10,h,SSA,0,1,0,regular,y,y,
IN6193705090,henro102,IN6,7,1,value,4,4,1,2,0,0,0,0,0,0,0,0,0,0,0,0,0,0,0,,,,19370509,0,IND10,h,SSA,0,1,0,regular,y,d,
IN6193705100,henro102,IN6,7,1,value,4,4,1,1,,,,,0,,0,0,0,,,,,,,,,,19370510,0,IND10,h,SSA,1,0,0,regular,y,,
MEM193705161,henro102,IN6,7,1,value,4,3,0,0,0,0,0,0,0,0,0,1,0,0,0,0,2,0,0,,,,19370516,1,MEM02,v,MEM,1,0,0,regular,y,d,
MEM193705162,henro102,IN6,6,1,value,4,3,0,1,0,0,0,1,0,0,0,1,0,0,0,0,0,0,0,,,,19370516,2,MEM02,v,MEM,0,1,0,regular,y,d,
DT2193705231,henro102,IN6,1,1,value,4,4,1,0,0,0,0,,,0,0,0,,,0,,0,,,,,,19370523,1,DET06,v,DT2,0,1,0,regular,y,,
DT2193705232,henro102,IN6,1,1,value,5,5,1,1,1,0,0,,0,,0,0,,,0,,,,,,,,19370523,2,DET06,v,DT2,0,1,0,regular,y,,
CI1193705290,henro102,IN6,1,1,value,5,4,1,1,0,0,0,,0,,0,1,,,0,,,,,,,,19370529,0,CIN07,v,CI1,1,0,0,regular,y,,
CI1193705301,henro102,IN6,1,1,value,4,4,0,1,0,0,0,,0,,0,0,0,,,,,,,,,,19370530,1,CIN07,v,CI1,0,1,0,regular,y,,
IN6193706060,henro102,IN6,7,2,value,1,1,0,0,0,0,0,,0,0,0,0,0,,0,0,,0,,,1,,19370606,0,IND10,h,MEM,1,0,0,regular,y,,
