gid,id,team,d_seq,d_pos,stattype,d_ifouts,d_po,d_a,d_e,d_dp,d_tp,d_pb,d_wp,d_sb,d_cs,d_gs,date,number,site,vishome,opp,win,loss,tie,gametype,box,pbp,eject
CHA192804110,morge102,CLE,1,8,value,12,0,0,0,0,0,,,,,1,19280411,0,CHI10,v,CHA,1,0,0,regular,y,y,
PHA192805160,morge102,CLE,1,8,value,24,1,0,0,0,0,,,,,1,19280516,0,PHI11,v,PHA,0,1,0,regular,y,y,
CLE192805301,morge102,CLE,1,9,value,27,4,0,0,0,0,,,,,1,19280530,1,CLE06,h,DET,0,1,0,regular,y,y,
CLE192806060,morge102,CLE,1,9,value,27,1,0,0,0,0,,,,,1,19280606,0,CLE06,h,NYA,0,1,0,regular,y,y,
CLE192806100,morge102,CLE,1,9,value,27,0,0,0,0,0,,,,,1,19280610,0,CLE06,h,WS1,0,1,0,regular,y,y,
CLE192806110,morge102,CLE,1,5,value,30,1,5,1,1,0,,,,,1,19280611,0,CLE06,h,WS1,0,1,0,regular,y,y,
CLE192806120,morge102,CLE,1,5,value,27,1,2,1,0,0,,,,,1,19280612,0,CLE06,h,WS1,0,1,0,regular,y,y,
CLE192806130,morge102,CLE,1,5,value,27,1,2,0,0,0,,,,,1,19280613,0,CLE06,h,WS1,1,0,0,regular,y,y,
CLE192806140,morge102,CLE,1,5,value,27,0,2,0,0,0,,,,,1,19280614,0,CLE06,h,PHA,0,1,0,regular,y,y,
CLE192806150,morge102,CLE,1,5,value,27,0,4,1,2,0,,,,,1,19280615,0,CLE06,h,PHA,0,1,0,regular,y,y,
CLE192806160,morge102,CLE,1,5,value,27,2,4,0,1,0,,,,,1,19280616,0,CLE06,h,PHA,1,0,0,regular,y,y,
CLE192806170,morge102,CLE,1,5,value,27,0,3,1,1,0,,,,,1,19280617,0,CLE06,h,PHA,0,1,0,regular,y,y,
CLE192806170,morge102,CLE,1,5,official,,,,1,0,,,,,,1,19280617,0,CLE06,h,PHA,0,1,0,regular,y,y,
CLE192806201,morge102,CLE,1,5,value,27,1,2,0,0,0,,,,,1,19280620,1,CLE06,h,CHA,0,1,0,regular,y,y,
CLE192806202,morge102,CLE,1,5,value,27,3,3,0,0,0,,,,,1,19280620,2,CLE06,h,CHA,1,0,0,regular,y,y,
CLE192806211,morge102,CLE,1,5,value,27,0,3,0,1,0,,,,,1,19280621,1,CLE06,h,CHA,1,0,0,regular,y,y,
CLE192806212,morge102,CLE,1,5,value,27,1,3,1,0,0,,,,,1,19280621,2,CLE06,h,CHA,0,1,0,regular,y,y,
CLE192806220,morge102,CLE,1,5,value,27,0,4,0,0,0,,,,,1,19280622,0,CLE06,h,CHA,0,1,0,regular,y,y,
SLA192806230,morge102,CLE,1,5,value,24,2,3,0,0,0,,,,,1,19280623,0,STL07,v,SLA,0,1,0,regular,y,y,
SLA192806240,morge102,CLE,1,8,value,27,0,0,0,0,0,,,,,1,19280624,0,STL07,v,SLA,1,0,0,regular,y,y,
SLA192806250,morge102,CLE,1,8,value,27,1,0,0,0,0,,,,,1,19280625,0,STL07,v,SLA,1,0,0,regular,y,y,
SLA192806260,morge102,CLE,1,8,value,24,2,0,0,0,0,,,,,1,19280626,0,STL07,v,SLA,0,1,0,regular,y,y,
CHA192806280,morge102,CLE,1,8,value,24,3,1,0,0,0,,,,,1,19280628,0,CHI10,v,CHA,0,1,0,regular,y,y,
CHA192806290,morge102,CLE,1,8,value,27,3,0,0,0,0,,,,,1,19280629,0,CHI10,v,CHA,1,0,0,regular,y,y,
CHA192806301,morge102,CLE,1,8,value,27,6,0,0,0,0,,,,,1,19280630,1,CHI10,v,CHA,1,0,0,regular,y,y,
CHA192806302,morge102,CLE,1,8,value,24,2,0,0,0,0,,,,,1,19280630,2,CHI10,v,CHA,0,1,0,regular,y,y,
CHA192807010,morge102,CLE,1,8,value,21,1,0,0,0,0,,,,,1,19280701,0,CHI10,v,CHA,1,0,0,regular,y,y,
DET192807020,morge102,CLE,1,8,value,24,0,0,1,0,0,,,,,1,19280702,0,DET04,v,DET,0,1,0,regular,y,y,
DET192807030,morge102,CLE,1,8,value,36,5,0,0,0,0,,,,,1,19280703,0,DET04,v,DET,1,0,0,regular,y,y,
DET192807041,morge102,CLE,1,8,value,24,0,0,0,0,0,,,,,1,19280704,1,DET04,v,DET,0,1,0,regular,y,y,
DET192807042,morge102,CLE,1,8,value,24,3,0,0,0,0,,,,,1,19280704,2,DET04,v,DET,1,0,0,regular,y,y,
PHA192807071,morge102,CLE,1,8,value,21,1,0,0,0,0,,,,,1,19280707,1,PHI11,v,PHA,1,0,0,regular,y,y,
PHA192807072,morge102,CLE,1,8,value,24,2,0,0,0,0,,,,,1,19280707,2,PHI11,v,PHA,0,1,0,regular,y,y,
PHA192807090,morge102,CLE,1,8,value,24,0,0,0,0,0,,,,,1,19280709,0,PHI11,v,PHA,0,1,0,regular,y,y,
WS1192807101,morge102,CLE,1,8,value,18,3,1,0,0,0,,,,,1,19280710,1,WAS09,v,WS1,0,1,0,regular,y,y,
NYA192807151,morge102,CLE,1,8,value,3,0,0,0,0,0,,,,,0,19280715,1,NYC16,v,NYA,0,1,0,regular,y,y,
BOS192807180,morge102,CLE,1,3,value,30,16,0,2,1,0,,,,,1,19280718,0,BOS07,v,BOS,1,0,0,regular,y,y,
BOS192807190,morge102,CLE,1,3,value,31,10,0,1,2,0,,,,,1,19280719,0,BOS07,v,BOS,0,1,0,regular,y,y,
BOS192807211,morge102,CLE,1,3,value,24,7,2,0,1,0,,,,,1,19280721,1,BOS07,v,BOS,0,1,0,regular,y,y,
BOS192807212,morge102,CLE,1,3,value,27,9,0,0,1,0,,,,,1,19280721,2,BOS07,v,BOS,1,0,0,regular,y,y,
BOS192807212,morge102,CLE,1,3,official,,,,0,0,,,,,,1,19280721,2,BOS07,v,BOS,1,0,0,regular,y,y,
CLE192807220,morge102,CLE,1,3,value,27,10,0,0,0,0,,,,,1,19280722,0,CLE06,h,SLA,0,1,0,regular,y,y,
CLE192807230,morge102,CLE,1,3,value,27,10,3,0,0,0,,,,,1,19280723,0,CLE06,h,SLA,0,1,0,regular,y,y,
CLE192807251,morge102,CLE,1,3,value,27,6,2,0,0,0,,,,,1,19280725,1,CLE06,h,BOS,1,0,0,regular,y,y,
CLE192807252,morge102,CLE,1,3,value,27,10,0,0,2,0,,,,,1,19280725,2,CLE06,h,BOS,1,0,0,regular,y,y,
CLE192807261,morge102,CLE,1,3,value,27,8,0,0,0,0,,,,,1,19280726,1,CLE06,h,BOS,1,0,0,regular,y,y,
CLE192807262,morge102,CLE,1,3,value,27,11,1,0,2,0,,,,,1,19280726,2,CLE06,h,BOS,1,0,0,regular,y,y,
CLE192807281,morge102,CLE,1,3,value,27,6,0,0,0,0,,,,,1,19280728,1,CLE06,h,NYA,0,1,0,regular,y,y,
CLE192807282,morge102,CLE,1,3,value,27,10,0,1,3,0,,,,,1,19280728,2,CLE06,h,NYA,1,0,0,regular,y,y,
CLE192807290,morge102,CLE,1,3,value,27,11,0,0,2,0,,,,,1,19280729,0,CLE06,h,NYA,1,0,0,regular,y,y,
CLE192807300,morge102,CLE,1,3,value,27,8,1,0,1,0,,,,,1,19280730,0,CLE06,h,NYA,1,0,0,regular,y,y,
CLE192807310,morge102,CLE,1,3,value,27,7,0,1,0,0,,,,,1,19280731,0,CLE06,h,NYA,0,1,0,regular,y,y,
CLE192808010,morge102,CLE,1,3,value,27,7,0,0,1,0,,,,,1,19280801,0,CLE06,h,PHA,0,1,0,regular,y,y,
CLE192808020,morge102,CLE,1,3,value,27,14,2,0,0,0,,,,,1,19280802,0,CLE06,h,PHA,0,1,0,regular,y,y,
CLE192808030,morge102,CLE,1,3,value,27,7,1,1,1,0,,,,,1,19280803,0,CLE06,h,PHA,1,0,0,regular,y,y,
CLE192808040,morge102,CLE,1,3,value,27,12,2,0,2,0,,,,,1,19280804,0,CLE06,h,WS1,1,0,0,regular,y,y,
CLE192808061,morge102,CLE,1,3,value,27,14,0,0,2,0,,,,,1,19280806,1,CLE06,h,WS1,1,0,0,regular,y,y,
CLE192808062,morge102,CLE,1,3,value,27,7,0,1,2,0,,,,,1,19280806,2,CLE06,h,WS1,0,1,0,regular,y,y,
CLE192808070,morge102,CLE,1,3,value,27,10,0,0,1,0,,,,,1,19280807,0,CLE06,h,WS1,0,1,0,regular,y,y,
CLE192808100,morge102,CLE,1,3,value,27,11,2,0,0,0,,,,,1,19280810,0,CLE06,h,DET,0,1,0,regular,y,y,
CLE192808110,morge102,CLE,1,3,value,27,9,1,1,0,0,,,,,1,19280811,0,CLE06,h,DET,0,1,0,regular,y,y,
CLE192808120,morge102,CLE,1,3,value,27,14,1,0,2,0,,,,,1,19280812,0,CLE06,h,DET,1,0,0,regular,y,d,
BOS192808130,morge102,CLE,1,3,value,24,9,4,2,0,0,,,,,1,19280813,0,BOS07,v,BOS,0,1,0,regular,y,y,
BOS192808140,morge102,CLE,1,3,value,27,12,0,0,0,0,,,,,1,19280814,0,BOS07,v,BOS,1,0,0,regular,y,y,
BOS192808150,morge102,CLE,1,3,value,27,10,2,0,2,0,,,,,1,19280815,0,BOS07,v,BOS,1,0,0,regular,y,y,
BOS192808160,morge102,CLE,1,3,value,27,9,0,0,2,0,,,,,1,19280816,0,BOS07,v,BOS,1,0,0,regular,y,y,
NYA192808180,morge102,CLE,1,3,value,24,4,1,1,0,0,,,,,1,19280818,0,NYC16,v,NYA,0,1,0,regular,y,y,
NYA192808191,morge102,CLE,1,3,value,30,10,1,0,3,0,,,,,1,19280819,1,NYC16,v,NYA,1,0,0,regular,y,y,
NYA192808192,morge102,CLE,1,3,value,24,11,0,1,1,0,,,,,1,19280819,2,NYC16,v,NYA,0,1,0,regular,y,y,
PHA192808210,morge102,CLE,1,3,value,24,10,1,0,1,0,,,,,1,19280821,0,PHI11,v,PHA,0,1,0,regular,y,y,
PHA192808220,morge102,CLE,1,3,value,30,10,1,0,1,0,,,,,1,19280822,0,PHI11,v,PHA,0,1,0,regular,y,y,
PHA192808230,morge102,CLE,1,3,value,9,5,0,0,1,0,,,,,1,19280823,0,PHI11,v,PHA,0,1,0,regular,y,y,
PHA192808240,morge102,CLE,1,3,value,3,0,0,0,0,0,,,,,0,19280824,0,PHI11,v,PHA,0,1,0,regular,y,y,
DET192904250,morge102,CLE,1,9,value,24,0,0,0,0,0,,,,,1,19290425,0,DET04,v,DET,0,1,0,regular,y,y,
DET192904260,morge102,CLE,1,9,value,18,1,0,1,0,0,,,,,1,19290426,0,DET04,v,DET,1,0,0,regular,y,y,
CHA192904300,morge102,CLE,1,9,value,24,1,1,0,0,0,,,,,1,19290430,0,CHI10,v,CHA,0,1,0,regular,y,y,
CLE192905060,morge102,CLE,1,9,value,9,0,0,0,0,0,,,,,0,19290506,0,CLE06,h,WS1,0,1,0,regular,y,y,
CLE192905100,morge102,CLE,1,9,value,27,2,0,0,0,0,,,,,1,19290510,0,CLE06,h,PHA,1,0,0,regular,y,y,
CLE192905110,morge102,CLE,1,9,value,27,1,0,0,0,0,,,,,1,19290511,0,CLE06,h,PHA,0,1,0,regular,y,y,
CLE192905130,morge102,CLE,1,9,value,24,1,0,0,0,0,,,,,1,19290513,0,CLE06,h,NYA,1,0,0,regular,y,y,
SLA192905190,morge102,CLE,1,9,value,6,0,0,0,0,0,,,,,1,19290519,0,STL07,v,SLA,1,0,0,regular,y,y,
DET192905220,morge102,CLE,1,9,value,27,3,0,0,0,0,,,,,1,19290522,0,DET04,v,DET,1,0,0,regular,y,y,
CLE192905231,morge102,CLE,1,9,value,36,2,0,0,0,0,,,,,1,19290523,1,CLE06,h,SLA,1,0,0,regular,y,y,
CLE192905250,morge102,CLE,1,9,value,27,0,0,0,0,0,,,,,1,19290525,0,CLE06,h,SLA,1,0,0,regular,y,y,
CLE192905260,morge102,CLE,1,9,value,27,1,0,0,0,0,,,,,1,19290526,0,CLE06,h,SLA,0,1,0,regular,y,y,
CLE192905270,morge102,CLE,1,9,value,27,3,0,0,0,0,,,,,1,19290527,0,CLE06,h,SLA,0,1,0,regular,y,y,
CHA192905280,morge102,CLE,1,9,value,27,1,0,0,0,0,,,,,1,19290528,0,CHI10,v,CHA,1,0,0,regular,y,y,
CHA192905290,morge102,CLE,1,9,value,27,1,0,0,0,0,,,,,1,19290529,0,CHI10,v,CHA,1,0,0,regular,y,y,
CHA192905301,morge102,CLE,1,9,value,27,1,0,0,0,0,,,,,1,19290530,1,CHI10,v,CHA,1,0,0,regular,y,y,
CHA192905302,morge102,CLE,1,9,value,24,1,0,0,0,0,,,,,1,19290530,2,CHI10,v,CHA,0,1,0,regular,y,y,
BOS192906010,morge102,CLE,1,9,value,27,0,0,0,0,0,,,,,1,19290601,0,BOS07,v,BOS,1,0,0,regular,y,y,
BOS192906020,morge102,CLE,1,9,value,22,0,0,0,0,0,,,,,1,19290602,0,BOS08,v,BOS,0,1,0,regular,y,y,
BOS192906040,morge102,CLE,1,9,value,27,1,0,0,0,0,,,,,1,19290604,0,BOS07,v,BOS,1,0,0,regular,y,y,
NYA192906050,morge102,CLE,1,9,value,34,2,0,0,0,0,,,,,1,19290605,0,NYC16,v,NYA,0,1,0,regular,y,y,
NYA192906070,morge102,CLE,1,9,value,15,0,0,0,0,0,,,,,1,19290607,0,NYC16,v,NYA,1,0,0,regular,y,y,
WS1192906120,morge102,CLE,1,9,value,27,1,0,0,0,0,,,,,1,19290612,0,WAS09,v,WS1,1,0,0,regular,y,y,
PHA192906140,morge102,CLE,1,9,value,24,3,0,0,0,0,,,,,1,19290614,0,PHI11,v,PHA,0,1,0,regular,y,y,
CLE192906160,morge102,CLE,1,9,value,27,4,0,0,0,0,,,,,1,19290616,0,CLE06,h,PHA,1,0,0,regular,y,y,
CLE192906190,morge102,CLE,1,9,value,18,1,0,0,0,0,,,,,1,19290619,0,CLE06,h,DET,0,1,0,regular,y,y,
SLA192906252,morge102,CLE,1,9,value,24,1,0,0,0,0,,,,,1,19290625,2,STL07,v,SLA,0,1,0,regular,y,y,
DET192906290,morge102,CLE,1,9,value,27,3,0,0,0,0,,,,,1,19290629,0,DET04,v,DET,1,0,0,regular,y,y,
CLE192907022,morge102,CLE,1,9,value,33,0,0,0,0,0,,,,,1,19290702,2,CLE06,h,CHA,1,0,0,regular,y,y,
CLE192907050,morge102,CLE,1,9,value,15,1,1,0,0,0,,,,,1,19290705,0,CLE06,h,CHA,1,0,0,regular,y,y,
CLE192907100,morge102,CLE,1,9,value,18,3,0,0,0,0,,,,,0,19290710,0,CLE06,h,WS1,1,0,0,regular,y,y,
CLE192907140,morge102,CLE,1,9,value,18,0,0,0,0,0,,,,,1,19290714,0,CLE06,h,PHA,0,1,0,regular,y,y,
CLE192907160,morge102,CLE,1,9,value,24,0,0,0,0,0,,,,,1,19290716,0,CLE06,h,PHA,0,1,0,regular,y,y,
CLE192907170,morge102,CLE,1,9,value,27,1,0,0,0,0,,,,,1,19290717,0,CLE06,h,PHA,1,0,0,regular,y,y,
CLE192907191,morge102,CLE,1,9,value,27,2,1,1,0,0,,,,,1,19290719,1,CLE06,h,NYA,0,1,0,regular,y,y,
CLE192907192,morge102,CLE,1,9,value,27,0,0,0,0,0,,,,,1,19290719,2,CLE06,h,NYA,1,0,0,regular,y,y,
CLE192907201,morge102,CLE,1,9,value,27,1,1,0,0,0,,,,,1,19290720,1,CLE06,h,NYA,1,0,0,regular,y,y,
CLE192907202,morge102,CLE,1,9,value,27,2,1,0,0,0,,,,,1,19290720,2,CLE06,h,NYA,0,1,0,regular,y,y,
CLE192907210,morge102,CLE,1,9,value,27,0,0,0,0,0,,,,,1,19290721,0,CLE06,h,NYA,1,0,0,regular,y,y,
PHA192907231,morge102,CLE,1,9,value,24,1,0,0,0,0,,,,,1,19290723,1,PHI11,v,PHA,0,1,0,regular,y,y,
PHA192907232,morge102,CLE,1,9,value,27,3,0,0,0,0,,,,,1,19290723,2,PHI11,v,PHA,1,0,0,regular,y,y,
PHA192907240,morge102,CLE,1,9,value,24,3,0,0,0,0,,,,,1,19290724,0,PHI11,v,PHA,0,1,0,regular,y,y,
PHA192907250,morge102,CLE,1,9,value,24,2,0,1,0,0,,,,,1,19290725,0,PHI11,v,PHA,0,1,0,regular,y,y,
WS1192907260,morge102,CLE,1,9,value,27,1,0,0,0,0,,,,,1,19290726,0,WAS09,v,WS1,1,0,0,regular,y,y,
WS1192907270,morge102,CLE,1,9,value,27,0,0,0,0,0,,,,,1,19290727,0,WAS09,v,WS1,1,0,0,regular,y,y,
WS1192907280,morge102,CLE,1,9,value,27,2,0,0,0,0,,,,,1,19290728,0,WAS09,v,WS1,1,0,0,regular,y,y,
BOS192907300,morge102,CLE,1,9,value,27,2,0,2,0,0,,,,,1,19290730,0,BOS07,v,BOS,1,0,0,regular,y,y,
BOS192907311,morge102,CLE,1,9,value,24,1,1,0,0,0,,,,,1,19290731,1,BOS07,v,BOS,0,1,0,regular,y,y,
BOS192907312,morge102,CLE,1,9,value,27,3,0,0,0,0,,,,,1,19290731,2,BOS07,v,BOS,1,0,0,regular,y,y,
BOS192908010,morge102,CLE,1,9,value,27,1,0,0,0,0,,,,,1,19290801,0,BOS07,v,BOS,1,0,0,regular,y,y,
NYA192908020,morge102,CLE,1,9,value,27,2,0,1,0,0,,,,,1,19290802,0,NYC16,v,NYA,1,0,0,regular,y,y,
NYA192908041,morge102,CLE,1,9,value,24,1,0,0,0,0,,,,,1,19290804,1,NYC16,v,NYA,0,1,0,regular,y,y,
NYA192908042,morge102,CLE,1,9,value,27,0,0,1,0,0,,,,,1,19290804,2,NYC16,v,NYA,1,0,0,regular,y,y,
CLE192908060,morge102,CLE,1,9,value,27,2,0,1,0,0,,,,,1,19290806,0,CLE06,h,DET,1,0,0,regular,y,y,
CLE192908070,morge102,CLE,1,9,value,27,1,0,0,0,0,,,,,1,19290807,0,CLE06,h,DET,0,1,0,regular,y,y,
CLE192908080,morge102,CLE,1,9,value,27,1,1,1,0,0,,,,,1,19290808,0,CLE06,h,DET,0,1,0,regular,y,y,
CLE192908100,morge102,CLE,1,9,value,27,1,0,0,0,0,,,,,1,19290810,0,CLE06,h,NYA,0,1,0,regular,y,y,
CLE192908110,morge102,CLE,1,9,value,27,1,0,0,0,0,,,,,1,19290811,0,CLE06,h,NYA,1,0,0,regular,y,y,
CLE192908120,morge102,CLE,1,9,value,27,1,0,0,0,0,,,,,1,19290812,0,CLE06,h,NYA,1,0,0,regular,y,y,
CLE192908130,morge102,CLE,1,9,value,27,1,0,0,0,0,,,,,1,19290813,0,CLE06,h,NYA,1,0,0,regular,y,y,
CLE192908140,morge102,CLE,1,9,value,51,2,0,0,0,0,,,,,1,19290814,0,CLE06,h,PHA,0,1,0,regular,y,y,
CLE192908160,morge102,CLE,1,9,value,27,3,0,1,0,0,,,,,1,19290816,0,CLE06,h,PHA,0,1,0,regular,y,y,
CLE192908170,morge102,CLE,1,9,value,27,4,1,0,0,0,,,,,1,19290817,0,CLE06,h,PHA,1,0,0,regular,y,y,
CLE192908180,morge102,CLE,1,9,value,27,0,0,0,0,0,,,,,1,19290818,0,CLE06,h,WS1,1,0,0,regular,y,y,
CLE192908190,morge102,CLE,1,9,value,21,1,0,0,0,0,,,,,1,19290819,0,CLE06,h,WS1,0,1,0,regular,y,y,
CLE192908200,morge102,CLE,1,9,value,27,1,0,0,0,0,,,,,1,19290820,0,CLE06,h,WS1,0,1,0,regular,y,y,
CLE192908210,morge102,CLE,1,9,value,27,0,0,0,0,0,,,,,1,19290821,0,CLE06,h,WS1,1,0,0,regular,y,y,
CLE192908230,morge102,CLE,1,9,value,27,0,0,0,0,0,,,,,1,19290823,0,CLE06,h,BOS,0,1,0,regular,y,y,
DET192909040,morge102,CLE,1,9,value,27,2,0,0,0,0,,,,,1,19290904,0,DET04,v,DET,1,0,0,regular,y,y,
DET192909050,morge102,CLE,1,9,value,15,0,0,0,0,0,,,,,1,19290905,0,DET04,v,DET,1,0,0,regular,y,y,
PHA192909071,morge102,CLE,1,9,value,24,0,0,0,0,0,,,,,1,19290907,1,PHI11,v,PHA,0,1,0,regular,y,y,
PHA192909072,morge102,CLE,1,9,value,24,1,0,0,0,0,,,,,1,19290907,2,PHI11,v,PHA,1,0,0,regular,y,y,
WS1192909140,morge102,CLE,1,9,value,27,3,1,0,1,0,,,,,1,19290914,0,WAS09,v,WS1,1,0,0,regular,y,y,
NYA192909151,morge102,CLE,1,9,value,24,1,0,0,0,0,,,,,1,19290915,1,NYC16,v,NYA,0,1,0,regular,y,y,
NYA192909160,morge102,CLE,1,9,value,27,2,0,0,0,0,,,,,1,19290916,0,NYC16,v,NYA,1,0,0,regular,y,y,
NYA192909181,morge102,CLE,1,9,value,24,0,0,0,0,0,,,,,1,19290918,1,NYC16,v,NYA,0,1,0,regular,y,y,
BOS192909200,morge102,CLE,1,7,value,21,1,0,0,0,0,,,,,1,19290920,0,BOS07,v,BOS,1,0,0,regular,y,y,
CLE192909280,morge102,CLE,1,9,value,27,4,0,0,0,0,,,,,1,19290928,0,CLE06,h,SLA,1,0,0,regular,y,y,
SLA192910061,morge102,CLE,1,9,value,24,1,0,0,0,0,,,,,1,19291006,1,STL07,v,SLA,0,1,0,regular,y,y,
SLA192910062,morge102,CLE,1,9,value,24,1,0,1,0,0,,,,,1,19291006,2,STL07,v,SLA,0,1,0,regular,y,y,
CHA193004170,morge102,CLE,1,9,value,5,0,0,0,0,0,,,,,0,19300417,0,CHI10,v,CHA,0,1,0,regular,y,y,
DET193004210,morge102,CLE,1,9,value,27,3,0,0,0,0,,,,,1,19300421,0,DET04,v,DET,1,0,0,regular,y,y,
CLE193004260,morge102,CLE,1,9,value,3,0,0,0,0,0,,,,,1,19300426,0,CLE06,h,DET,1,0,0,regular,y,y,
CLE193004260,morge102,CLE,2,3,value,24,8,0,0,0,0,,,,,0,19300426,0,CLE06,h,DET,1,0,0,regular,y,y,
CLE193004270,morge102,CLE,1,3,value,27,9,2,0,1,0,,,,,1,19300427,0,CLE06,h,DET,0,1,0,regular,y,y,
SLA193004280,morge102,CLE,1,3,value,27,11,0,0,1,0,,,,,1,19300428,0,STL07,v,SLA,1,0,0,regular,y,y,
SLA193004290,morge102,CLE,1,3,value,27,13,0,0,2,0,,,,,1,19300429,0,STL07,v,SLA,1,0,0,regular,y,y,
SLA193004300,morge102,CLE,1,3,value,27,12,1,0,2,0,,,,,1,19300430,0,STL07,v,SLA,1,0,0,regular,y,y,
SLA193004300,morge102,CLE,1,3,official,,,,0,1,,,,,,1,19300430,0,STL07,v,SLA,1,0,0,regular,y,y,
BOS193005020,morge102,CLE,1,3,value,27,10,0,0,0,0,,,,,1,19300502,0,BOS07,v,BOS,1,0,0,regular,y,y,
BOS193005030,morge102,CLE,1,3,value,27,17,1,0,1,0,,,,,1,19300503,0,BOS07,v,BOS,1,0,0,regular,y,y,
BOS193005040,morge102,CLE,1,3,value,30,10,2,0,1,0,,,,,1,19300504,0,BOS08,v,BOS,1,0,0,regular,y,y,
BOS193005050,morge102,CLE,1,3,value,24,7,0,0,1,0,,,,,1,19300505,0,BOS07,v,BOS,0,1,0,regular,y,y,
NYA193005060,morge102,CLE,1,3,value,27,8,0,0,1,0,,,,,1,19300506,0,NYC16,v,NYA,1,0,0,regular,y,y,
NYA193005070,morge102,CLE,1,3,value,24,12,0,0,1,0,,,,,1,19300507,0,NYC16,v,NYA,0,1,0,regular,y,y,
PHA193005090,morge102,CLE,1,3,value,18,7,1,0,1,0,,,,,1,19300509,0,PHI11,v,PHA,0,1,0,regular,y,y,
PHA193005090,morge102,CLE,2,9,value,6,1,0,0,0,0,,,,,0,19300509,0,PHI11,v,PHA,0,1,0,regular,y,y,
PHA193005100,morge102,CLE,1,9,value,24,1,0,0,0,0,,,,,1,19300510,0,PHI11,v,PHA,0,1,0,regular,y,y,
CLE193005110,morge102,CLE,1,3,value,9,1,0,0,0,0,,,,,0,19300511,0,CLE06,h,PHA,1,0,0,regular,y,y,
WS1193005130,morge102,CLE,1,9,value,18,0,0,0,0,0,,,,,1,19300513,0,WAS09,v,WS1,1,0,0,regular,y,y,
CHA193005172,morge102,CLE,1,9,value,24,2,0,0,0,0,,,,,1,19300517,2,CHI10,v,CHA,0,1,0,regular,y,y,
CHA193005180,morge102,CLE,1,9,value,27,1,0,0,0,0,,,,,1,19300518,0,CHI10,v,CHA,1,0,0,regular,y,y,
CHA193005201,morge102,CLE,1,9,value,24,0,0,0,0,0,,,,,0,19300520,1,CHI10,v,CHA,1,0,0,regular,y,y,
CHA193005202,morge102,CLE,1,9,value,27,1,0,0,0,0,,,,,1,19300520,2,CHI10,v,CHA,1,0,0,regular,y,y,
CLE193005210,morge102,CLE,1,9,value,27,1,0,0,0,0,,,,,1,19300521,0,CLE06,h,SLA,0,1,0,regular,y,y,
CLE193005220,morge102,CLE,1,9,value,27,3,0,0,0,0,,,,,1,19300522,0,CLE06,h,SLA,0,1,0,regular,y,y,
CLE193005230,morge102,CLE,1,9,value,27,3,0,0,0,0,,,,,1,19300523,0,CLE06,h,SLA,0,1,0,regular,y,y,
CLE193005240,morge102,CLE,1,9,value,27,1,0,0,0,0,,,,,1,19300524,0,CLE06,h,SLA,1,0,0,regular,y,y,
CLE193005250,morge102,CLE,1,9,value,27,0,0,0,0,0,,,,,1,19300525,0,CLE06,h,CHA,0,1,0,regular,y,y,
CLE193005261,morge102,CLE,1,9,value,27,1,0,0,0,0,,,,,1,19300526,1,CLE06,h,CHA,1,0,0,regular,y,y,
CLE193005262,morge102,CLE,1,9,value,27,1,0,0,0,0,,,,,1,19300526,2,CLE06,h,CHA,1,0,0,regular,y,y,
CLE193005271,morge102,CLE,1,9,value,27,1,0,0,0,0,,,,,1,19300527,1,CLE06,h,CHA,1,0,0,regular,y,y,
CLE193005272,morge102,CLE,1,9,value,27,3,0,0,0,0,,,,,1,19300527,2,CLE06,h,CHA,1,0,0,regular,y,y,
CLE193005301,morge102,CLE,1,3,value,27,12,1,0,1,0,,,,,1,19300530,1,CLE06,h,DET,0,1,0,regular,y,y,
CLE193005302,morge102,CLE,1,3,value,27,11,1,2,2,0,,,,,1,19300530,2,CLE06,h,DET,0,1,0,regular,y,y,
CLE193005310,morge102,CLE,1,3,value,27,10,0,0,1,0,,,,,1,19300531,0,CLE06,h,DET,1,0,0,regular,y,y,
CLE193006010,morge102,CLE,1,3,value,27,8,0,0,1,0,,,,,1,19300601,0,CLE06,h,DET,1,0,0,regular,y,y,
CLE193006030,morge102,CLE,1,3,value,27,9,1,0,3,0,,,,,1,19300603,0,CLE06,h,BOS,1,0,0,regular,y,y,
CLE193006040,morge102,CLE,1,3,value,30,17,0,0,1,0,,,,,1,19300604,0,CLE06,h,BOS,0,1,0,regular,y,y,
CLE193006050,morge102,CLE,1,3,value,27,7,1,0,1,0,,,,,1,19300605,0,CLE06,h,BOS,1,0,0,regular,y,y,
CLE193006060,morge102,CLE,1,3,value,27,8,0,0,3,0,,,,,1,19300606,0,CLE06,h,BOS,1,0,0,regular,y,y,
CLE193006080,morge102,CLE,1,3,value,27,8,1,0,0,0,,,,,1,19300608,0,CLE06,h,WS1,1,0,0,regular,y,y,
CLE193006090,morge102,CLE,1,3,value,27,9,2,0,3,0,,,,,1,19300609,0,CLE06,h,WS1,1,0,0,regular,y,y,
CLE193006110,morge102,CLE,1,3,value,27,14,0,0,4,0,,,,,1,19300611,0,CLE06,h,PHA,1,0,0,regular,y,y,
CLE193006120,morge102,CLE,1,3,value,27,17,0,0,0,0,,,,,1,19300612,0,CLE06,h,PHA,1,0,0,regular,y,y,
CLE193006130,morge102,CLE,1,3,value,27,9,2,0,0,0,,,,,1,19300613,0,CLE06,h,PHA,1,0,0,regular,y,y,
CLE193006140,morge102,CLE,1,3,value,27,14,1,0,1,0,,,,,1,19300614,0,CLE06,h,NYA,0,1,0,regular,y,y,
CLE193006150,morge102,CLE,1,3,value,27,12,1,0,0,0,,,,,1,19300615,0,CLE06,h,NYA,0,1,0,regular,y,y,
CLE193006170,morge102,CLE,1,3,value,27,8,1,1,1,0,,,,,1,19300617,0,CLE06,h,NYA,0,1,0,regular,y,y,
PHA193006180,morge102,CLE,1,3,value,24,9,0,0,2,0,,,,,1,19300618,0,PHI11,v,PHA,0,1,0,regular,y,y,
PHA193006190,morge102,CLE,1,3,value,24,8,0,0,0,0,,,,,1,19300619,0,PHI11,v,PHA,0,1,0,regular,y,y,
PHA193006200,morge102,CLE,1,3,value,24,11,2,0,2,0,,,,,1,19300620,0,PHI11,v,PHA,0,1,0,regular,y,y,
PHA193006210,morge102,CLE,1,3,value,24,10,1,0,3,0,,,,,1,19300621,0,PHI11,v,PHA,0,1,0,regular,y,y,
CLE193006220,morge102,CLE,1,3,value,27,14,0,0,0,0,,,,,1,19300622,0,CLE06,h,PHA,1,0,0,regular,y,y,
WS1193006231,morge102,CLE,1,3,value,24,10,0,0,0,0,,,,,1,19300623,1,WAS09,v,WS1,0,1,0,regular,y,y,
WS1193006232,morge102,CLE,1,3,value,24,12,0,0,0,0,,,,,1,19300623,2,WAS09,v,WS1,0,1,0,regular,y,y,
WS1193006240,morge102,CLE,1,3,value,15,7,0,0,0,0,,,,,1,19300624,0,WAS09,v,WS1,0,1,0,regular,y,y,
WS1193006250,morge102,CLE,1,3,value,24,7,0,0,1,0,,,,,1,19300625,0,WAS09,v,WS1,0,1,0,regular,y,y,
NYA193006260,morge102,CLE,1,3,value,24,7,0,0,0,0,,,,,1,19300626,0,NYC16,v,NYA,0,1,0,regular,y,y,
NYA193006270,morge102,CLE,1,3,value,27,11,1,0,1,0,,,,,1,19300627,0,NYC16,v,NYA,1,0,0,regular,y,y,
NYA193006281,morge102,CLE,1,3,value,24,9,0,1,0,0,,,,,1,19300628,1,NYC16,v,NYA,0,1,0,regular,y,y,
NYA193006282,morge102,CLE,1,3,value,24,11,1,0,0,0,,,,,1,19300628,2,NYC16,v,NYA,0,1,0,regular,y,y,
NYA193006290,morge102,CLE,1,3,value,24,11,1,0,0,0,,,,,1,19300629,0,NYC16,v,NYA,0,1,0,regular,y,y,
BOS193006300,morge102,CLE,1,3,value,27,15,1,0,2,0,,,,,1,19300630,0,BOS07,v,BOS,1,0,0,regular,y,y,
BOS193007010,morge102,CLE,1,3,value,24,7,2,0,2,0,,,,,1,19300701,0,BOS07,v,BOS,0,1,0,regular,y,y,
BOS193007020,morge102,CLE,1,3,value,25,12,3,0,3,0,,,,,1,19300702,0,BOS07,v,BOS,0,1,0,regular,y,y,
DET193007041,morge102,CLE,1,3,value,29,11,1,0,1,0,,,,,1,19300704,1,DET04,v,DET,0,1,0,regular,y,y,
DET193007042,morge102,CLE,1,3,value,33,13,0,1,2,0,,,,,1,19300704,2,DET04,v,DET,0,1,0,regular,y,y,
DET193007050,morge102,CLE,1,3,value,24,11,0,1,1,0,,,,,1,19300705,0,DET04,v,DET,0,1,0,regular,y,y,
CLE193007060,morge102,CLE,1,3,value,27,8,1,0,0,0,,,,,1,19300706,0,CLE06,h,SLA,1,0,0,regular,y,y,
CLE193007070,morge102,CLE,1,3,value,27,7,1,0,0,0,,,,,1,19300707,0,CLE06,h,SLA,0,1,0,regular,y,y,
CLE193007080,morge102,CLE,1,3,value,27,12,1,0,0,0,,,,,1,19300708,0,CLE06,h,SLA,1,0,0,regular,y,y,
CLE193007090,morge102,CLE,1,3,value,27,11,2,0,2,0,,,,,1,19300709,0,CLE06,h,SLA,1,0,0,regular,y,y,
DET193007100,morge102,CLE,1,3,value,27,10,1,0,1,0,,,,,1,19300710,0,DET04,v,DET,1,0,0,regular,y,y,
DET193007110,morge102,CLE,1,3,value,24,10,0,0,1,0,,,,,1,19300711,0,DET04,v,DET,0,1,0,regular,y,y,
CLE193007120,morge102,CLE,1,3,value,27,13,0,0,2,0,,,,,1,19300712,0,CLE06,h,BOS,1,0,0,regular,y,y,
CLE193007130,morge102,CLE,1,3,value,21,6,0,0,0,0,,,,,1,19300713,0,CLE06,h,BOS,1,0,0,regular,y,y,
CLE193007140,morge102,CLE,1,3,value,27,12,0,0,1,0,,,,,1,19300714,0,CLE06,h,BOS,1,0,0,regular,y,y,
CLE193007150,morge102,CLE,1,3,value,27,15,0,0,2,0,,,,,1,19300715,0,CLE06,h,BOS,0,1,0,regular,y,y,
CLE193007150,morge102,CLE,1,3,official,,,,0,3,,,,,,1,19300715,0,CLE06,h,BOS,0,1,0,regular,y,y,
CLE193007161,morge102,CLE,1,3,value,27,11,0,0,2,0,,,,,1,19300716,1,CLE06,h,WS1,0,1,0,regular,y,y,
CLE193007162,morge102,CLE,1,3,value,27,6,1,0,1,0,,,,,1,19300716,2,CLE06,h,WS1,1,0,0,regular,y,y,
CLE193007170,morge102,CLE,1,3,value,27,13,2,0,1,0,,,,,1,19300717,0,CLE06,h,WS1,1,0,0,regular,y,y,
CLE193007180,morge102,CLE,1,3,value,27,12,2,0,1,0,,,,,1,19300718,0,CLE06,h,WS1,0,1,0,regular,y,y,
CLE193007191,morge102,CLE,1,3,value,27,6,2,1,0,0,,,,,1,19300719,1,CLE06,h,WS1,1,0,0,regular,y,y,
CLE193007192,morge102,CLE,1,3,value,27,7,0,0,0,0,,,,,1,19300719,2,CLE06,h,WS1,0,1,0,regular,y,y,
CLE193007200,morge102,CLE,1,3,value,27,10,0,0,0,0,,,,,1,19300720,0,CLE06,h,NYA,1,0,0,regular,y,y,
CLE193007210,morge102,CLE,1,3,value,27,6,0,0,1,0,,,,,1,19300721,0,CLE06,h,NYA,0,1,0,regular,y,y,
CLE193007221,morge102,CLE,1,3,value,27,16,1,0,1,0,,,,,1,19300722,1,CLE06,h,NYA,1,0,0,regular,y,y,
CLE193007221,morge102,CLE,1,3,official,,,,1,1,,,,,,1,19300722,1,CLE06,h,NYA,1,0,0,regular,y,y,
CLE193007222,morge102,CLE,1,3,value,27,13,0,0,1,0,,,,,1,19300722,2,CLE06,h,NYA,1,0,0,regular,y,y,
CLE193007230,morge102,CLE,1,3,value,27,9,0,0,0,0,,,,,1,19300723,0,CLE06,h,NYA,1,0,0,regular,y,y,
CLE193007240,morge102,CLE,1,3,value,27,10,1,0,1,0,,,,,1,19300724,0,CLE06,h,PHA,0,1,0,regular,y,y,
CLE193007250,morge102,CLE,1,3,value,27,12,0,0,1,0,,,,,1,19300725,0,CLE06,h,PHA,0,1,0,regular,y,y,
CLE193007260,morge102,CLE,1,3,value,27,7,1,0,1,0,,,,,1,19300726,0,CLE06,h,PHA,0,1,0,regular,y,y,
CLE193007270,morge102,CLE,1,3,value,27,11,1,0,3,0,,,,,1,19300727,0,CLE06,h,PHA,1,0,0,regular,y,y,
CLE193007280,morge102,CLE,1,3,value,27,15,0,0,1,0,,,,,1,19300728,0,CLE06,h,DET,1,0,0,regular,y,y,
CLE193007290,morge102,CLE,1,3,value,27,10,0,0,1,0,,,,,1,19300729,0,CLE06,h,DET,1,0,0,regular,y,y,
CLE193007300,morge102,CLE,1,3,value,27,11,2,0,1,0,,,,,1,19300730,0,CLE06,h,DET,0,1,0,regular,y,y,
CLE193007310,morge102,CLE,1,3,value,27,11,0,0,0,0,,,,,1,19300731,0,CLE06,h,DET,1,0,0,regular,y,y,
SLA193008010,morge102,CLE,1,3,value,27,13,0,1,0,0,,,,,1,19300801,0,STL07,v,SLA,1,0,0,regular,y,y,
SLA193008020,morge102,CLE,1,3,value,27,7,1,0,1,0,,,,,1,19300802,0,STL07,v,SLA,1,0,0,regular,y,y,
SLA193008030,morge102,CLE,1,3,value,24,10,0,0,0,0,,,,,1,19300803,0,STL07,v,SLA,0,1,0,regular,y,y,
SLA193008040,morge102,CLE,1,3,value,27,6,1,0,0,0,,,,,1,19300804,0,STL07,v,SLA,1,0,0,regular,y,y,
DET193008050,morge102,CLE,1,3,value,24,9,1,1,1,0,,,,,1,19300805,0,DET04,v,DET,0,1,0,regular,y,y,
DET193008060,morge102,CLE,1,3,value,24,8,1,0,0,0,,,,,1,19300806,0,DET04,v,DET,0,1,0,regular,y,y,
WS1193008080,morge102,CLE,1,3,value,24,3,0,0,0,0,,,,,1,19300808,0,WAS09,v,WS1,0,1,0,regular,y,y,
WS1193008091,morge102,CLE,1,3,value,27,10,0,1,1,0,,,,,1,19300809,1,WAS09,v,WS1,1,0,0,regular,y,y,
WS1193008092,morge102,CLE,1,3,value,27,6,0,0,0,0,,,,,1,19300809,2,WAS09,v,WS1,1,0,0,regular,y,y,
WS1193008100,morge102,CLE,1,3,value,24,12,1,0,1,0,,,,,1,19300810,0,WAS09,v,WS1,0,1,0,regular,y,y,
WS1193008110,morge102,CLE,1,3,value,24,12,1,1,1,0,,,,,1,19300811,0,WAS09,v,WS1,0,1,0,regular,y,y,
PHA193008121,morge102,CLE,1,3,value,24,7,0,0,0,0,,,,,1,19300812,1,PHI11,v,PHA,0,1,0,regular,y,y,
PHA193008122,morge102,CLE,1,3,value,24,12,0,0,0,0,,,,,1,19300812,2,PHI11,v,PHA,0,1,0,regular,y,y,
PHA193008130,morge102,CLE,1,3,value,24,9,0,0,0,0,,,,,1,19300813,0,PHI11,v,PHA,0,1,0,regular,y,y,
PHA193008140,morge102,CLE,1,3,value,27,4,1,0,0,0,,,,,1,19300814,0,PHI11,v,PHA,1,0,0,regular,y,y,
BOS193008171,morge102,CLE,1,3,value,27,14,0,0,1,0,,,,,1,19300817,1,BOS08,v,BOS,1,0,0,regular,y,y,
BOS193008172,morge102,CLE,1,3,value,21,7,0,1,0,0,,,,,1,19300817,2,BOS08,v,BOS,1,0,0,regular,y,y,
BOS193008191,morge102,CLE,1,3,value,27,5,0,0,0,0,,,,,1,19300819,1,BOS07,v,BOS,1,0,0,regular,y,y,
BOS193008192,morge102,CLE,1,3,value,27,7,0,0,0,0,,,,,1,19300819,2,BOS07,v,BOS,1,0,0,regular,y,y,
NYA193008210,morge102,CLE,1,3,value,36,10,0,0,1,0,,,,,1,19300821,0,NYC16,v,NYA,1,0,0,regular,y,y,
NYA193008220,morge102,CLE,1,3,value,27,8,0,0,1,0,,,,,1,19300822,0,NYC16,v,NYA,1,0,0,regular,y,y,
NYA193008241,morge102,CLE,1,3,value,30,14,0,0,1,0,,,,,1,19300824,1,NYC16,v,NYA,0,1,0,regular,y,y,
NYA193008242,morge102,CLE,1,3,value,27,5,0,0,0,0,,,,,1,19300824,2,NYC16,v,NYA,1,0,0,regular,y,y,
CLE193008271,morge102,CLE,1,3,value,27,14,2,1,0,0,,,,,1,19300827,1,CLE06,h,CHA,0,1,0,regular,y,y,
CLE193008272,morge102,CLE,1,3,value,27,14,0,0,1,0,,,,,1,19300827,2,CLE06,h,CHA,0,1,0,regular,y,y,
CLE193008280,morge102,CLE,1,3,value,27,7,0,0,1,0,,,,,1,19300828,0,CLE06,h,CHA,1,0,0,regular,y,y,
CLE193008290,morge102,CLE,1,3,value,39,13,1,0,2,0,,,,,1,19300829,0,CLE06,h,CHA,0,1,0,regular,y,y,
CLE193008300,morge102,CLE,1,3,value,27,11,2,0,3,0,,,,,1,19300830,0,CLE06,h,CHA,1,0,0,regular,y,y,
SLA193008310,morge102,CLE,1,3,value,27,8,0,0,1,0,,,,,1,19300831,0,STL07,v,SLA,1,0,0,regular,y,y,
SLA193009011,morge102,CLE,1,3,value,27,8,0,0,0,0,,,,,1,19300901,1,STL07,v,SLA,1,0,0,regular,y,y,
SLA193009012,morge102,CLE,1,3,value,24,8,1,0,0,0,,,,,1,19300901,2,STL07,v,SLA,1,0,0,regular,y,y,
SLA193009020,morge102,CLE,1,3,value,33,14,0,0,1,0,,,,,1,19300902,0,STL07,v,SLA,1,0,0,regular,y,y,
CHA193009040,morge102,CLE,1,3,value,27,13,2,1,0,0,,,,,1,19300904,0,CHI10,v,CHA,1,0,0,regular,y,y,
CHA193009050,morge102,CLE,1,3,value,27,8,0,0,0,0,,,,,1,19300905,0,CHI10,v,CHA,1,0,0,regular,y,y,
CHA193009061,morge102,CLE,1,3,value,24,6,1,0,1,0,,,,,1,19300906,1,CHI10,v,CHA,0,1,0,regular,y,y,
CHA193009062,morge102,CLE,1,3,value,27,11,0,0,1,0,,,,,1,19300906,2,CHI10,v,CHA,1,0,0,regular,y,y,
CHA193009070,morge102,CLE,1,3,value,24,12,2,0,1,0,,,,,1,19300907,0,CHI10,v,CHA,0,1,0,regular,y,y,
CLE193009090,morge102,CLE,1,3,value,27,9,0,0,0,0,,,,,1,19300909,0,CLE06,h,NYA,0,1,0,regular,y,y,
CLE193009100,morge102,CLE,1,3,value,27,13,1,1,1,0,,,,,1,19300910,0,CLE06,h,NYA,0,1,0,regular,y,y,
CLE193009110,morge102,CLE,1,3,value,27,11,0,0,0,0,,,,,1,19300911,0,CLE06,h,NYA,1,0,0,regular,y,y,
CLE193009130,morge102,CLE,1,3,value,27,9,1,0,2,0,,,,,1,19300913,0,CLE06,h,PHA,0,1,0,regular,y,y,
CLE193009140,morge102,CLE,1,3,value,27,6,3,0,2,0,,,,,1,19300914,0,CLE06,h,PHA,0,1,0,regular,y,y,
CLE193009171,morge102,CLE,1,3,value,27,8,3,0,1,0,,,,,1,19300917,1,CLE06,h,WS1,1,0,0,regular,y,y,
CLE193009172,morge102,CLE,1,3,value,27,12,0,1,1,0,,,,,1,19300917,2,CLE06,h,WS1,0,1,0,regular,y,y,
CLE193009180,morge102,CLE,1,3,value,27,2,1,0,0,0,,,,,1,19300918,0,CLE06,h,WS1,1,0,0,regular,y,y,
CLE193009190,morge102,CLE,1,3,value,27,10,0,0,1,0,,,,,1,19300919,0,CLE06,h,BOS,1,0,0,regular,y,y,
CLE193009200,morge102,CLE,1,3,value,27,10,0,0,2,0,,,,,1,19300920,0,CLE06,h,BOS,0,1,0,regular,y,y,
CLE193009210,morge102,CLE,1,3,value,30,10,1,0,2,0,,,,,1,19300921,0,CLE06,h,BOS,0,1,0,regular,y,y,
CLE193009270,morge102,CLE,1,3,value,27,8,0,0,0,0,,,,,1,19300927,0,CLE06,h,SLA,1,0,0,regular,y,y,
CLE193009281,morge102,CLE,1,3,value,27,8,1,1,1,0,,,,,1,19300928,1,CLE06,h,SLA,0,1,0,regular,y,y,
CLE193009282,morge102,CLE,1,3,value,27,8,0,0,2,0,,,,,1,19300928,2,CLE06,h,SLA,1,0,0,regular,y,y,
CLE193105090,morge102,CLE,1,5,value,27,1,4,0,0,0,,,,,1,19310509,0,CLE06,h,BOS,0,1,0,regular,y,y,
CLE193105100,morge102,CLE,1,5,value,27,1,1,1,0,0,,,,,1,19310510,0,CLE06,h,BOS,0,1,0,regular,y,y,
CLE193105130,morge102,CLE,1,5,value,27,1,3,0,0,0,,,,,1,19310513,0,CLE06,h,WS1,0,1,0,regular,y,y,
CLE193105170,morge102,CLE,1,3,value,27,11,0,0,2,0,,,,,1,19310517,0,CLE06,h,PHA,0,1,0,regular,y,y,
CLE193105180,morge102,CLE,1,3,value,27,8,2,1,1,0,,,,,1,19310518,0,CLE06,h,PHA,0,1,0,regular,y,y,
CLE193105190,morge102,CLE,1,3,value,27,8,1,0,1,0,,,,,1,19310519,0,CLE06,h,NYA,0,1,0,regular,y,y,
CLE193105210,morge102,CLE,1,3,value,27,10,0,0,3,0,,,,,1,19310521,0,CLE06,h,NYA,0,1,0,regular,y,y,
CLE193105230,morge102,CLE,1,3,value,27,9,1,0,1,0,,,,,1,19310523,0,CLE06,h,CHA,1,0,0,regular,y,y,
CLE193105241,morge102,CLE,1,3,value,27,9,0,0,1,0,,,,,1,19310524,1,CLE06,h,CHA,0,1,0,regular,y,y,
CLE193105242,morge102,CLE,1,3,value,27,6,0,0,0,0,,,,,1,19310524,2,CLE06,h,CHA,0,1,0,regular,y,y,
CLE193105250,morge102,CLE,1,3,value,27,12,1,0,2,0,,,,,1,19310525,0,CLE06,h,CHA,1,0,0,regular,y,y,
CLE193105261,morge102,CLE,1,3,value,27,7,3,0,1,0,,,,,1,19310526,1,CLE06,h,SLA,1,0,0,regular,y,y,
CLE193105262,morge102,CLE,1,3,value,27,8,2,0,1,0,,,,,1,19310526,2,CLE06,h,SLA,1,0,0,regular,y,y,
CLE193105270,morge102,CLE,1,3,value,27,12,1,0,0,0,,,,,1,19310527,0,CLE06,h,SLA,1,0,0,regular,y,y,
CLE193105280,morge102,CLE,1,3,value,27,9,0,0,1,0,,,,,1,19310528,0,CLE06,h,SLA,1,0,0,regular,y,y,
DET193105290,morge102,CLE,1,3,value,27,8,1,1,2,0,,,,,1,19310529,0,DET04,v,DET,1,0,0,regular,y,y,
DET193105310,morge102,CLE,1,3,value,27,12,0,0,0,0,,,,,1,19310531,0,DET04,v,DET,1,0,0,regular,y,y,
BOS193106020,morge102,CLE,1,3,value,27,6,1,2,2,0,,,,,1,19310602,0,BOS07,v,BOS,1,0,0,regular,y,y,
BOS193106030,morge102,CLE,1,3,value,33,15,0,0,0,0,,,,,1,19310603,0,BOS07,v,BOS,1,0,0,regular,y,d,
BOS193106040,morge102,CLE,1,3,value,27,11,0,0,2,0,,,,,1,19310604,0,BOS07,v,BOS,1,0,0,regular,y,y,
BOS193106050,morge102,CLE,1,3,value,24,10,0,0,3,0,,,,,1,19310605,0,BOS07,v,BOS,0,1,0,regular,y,y,
BOS193106050,morge102,CLE,1,3,official,,,,0,2,,,,,,1,19310605,0,BOS07,v,BOS,0,1,0,regular,y,y,
NYA193106060,morge102,CLE,1,3,value,27,12,0,0,0,0,,,,,1,19310606,0,NYC16,v,NYA,1,0,0,regular,y,y,
NYA193106070,morge102,CLE,1,3,value,24,6,1,0,1,0,,,,,1,19310607,0,NYC16,v,NYA,0,1,0,regular,y,y,
NYA193106080,morge102,CLE,1,3,value,27,15,0,1,1,0,,,,,1,19310608,0,NYC16,v,NYA,1,0,0,regular,y,y,
WS1193106100,morge102,CLE,1,3,value,24,6,3,0,0,0,,,,,1,19310610,0,WAS09,v,WS1,0,1,0,regular,y,y,
WS1193106110,morge102,CLE,1,3,value,24,9,3,0,1,0,,,,,1,19310611,0,WAS09,v,WS1,0,1,0,regular,y,y,
WS1193106120,morge102,CLE,1,3,value,24,3,1,0,0,0,,,,,1,19310612,0,WAS09,v,WS1,0,1,0,regular,y,y,
WS1193106130,morge102,CLE,1,3,value,24,8,1,1,1,0,,,,,1,19310613,0,WAS09,v,WS1,0,1,0,regular,y,y,
CLE193106140,morge102,CLE,1,3,value,27,14,0,1,1,0,,,,,1,19310614,0,CLE06,h,PHA,1,0,0,regular,y,y,
PHA193106150,morge102,CLE,1,3,value,24,14,0,0,3,0,,,,,1,19310615,0,PHI11,v,PHA,0,1,0,regular,y,y,
PHA193106170,morge102,CLE,1,3,value,24,7,0,0,1,0,,,,,1,19310617,0,PHI11,v,PHA,0,1,0,regular,y,y,
CLE193106190,morge102,CLE,1,3,value,27,6,0,0,1,0,,,,,1,19310619,0,CLE06,h,WS1,1,0,0,regular,y,y,
CLE193106201,morge102,CLE,1,3,value,27,6,0,0,0,0,,,,,1,19310620,1,CLE06,h,WS1,0,1,0,regular,y,y,
CLE193106202,morge102,CLE,1,3,value,27,12,0,1,1,0,,,,,1,19310620,2,CLE06,h,WS1,0,1,0,regular,y,y,
CLE193106210,morge102,CLE,1,3,value,27,7,1,0,1,0,,,,,1,19310621,0,CLE06,h,WS1,1,0,0,regular,y,y,
CLE193106231,morge102,CLE,1,3,value,27,12,0,0,0,0,,,,,1,19310623,1,CLE06,h,BOS,1,0,0,regular,y,y,
CLE193106232,morge102,CLE,1,3,value,27,12,0,0,2,0,,,,,1,19310623,2,CLE06,h,BOS,1,0,0,regular,y,y,
CLE193106240,morge102,CLE,1,3,value,27,15,0,0,2,0,,,,,1,19310624,0,CLE06,h,BOS,0,1,0,regular,y,y,
CLE193106250,morge102,CLE,1,3,value,27,8,1,0,1,0,,,,,1,19310625,0,CLE06,h,BOS,0,1,0,regular,y,y,
CLE193106271,morge102,CLE,1,3,value,27,6,1,0,2,0,,,,,1,19310627,1,CLE06,h,NYA,1,0,0,regular,y,y,
CLE193106272,morge102,CLE,1,3,value,27,11,0,1,0,0,,,,,1,19310627,2,CLE06,h,NYA,1,0,0,regular,y,y,
CLE193106280,morge102,CLE,1,3,value,27,9,1,0,1,0,,,,,1,19310628,0,CLE06,h,NYA,0,1,0,regular,y,y,
CLE193106291,morge102,CLE,1,3,value,27,7,0,1,0,0,,,,,1,19310629,1,CLE06,h,NYA,1,0,0,regular,y,y,
CLE193106292,morge102,CLE,1,3,value,27,11,0,0,1,0,,,,,1,19310629,2,CLE06,h,NYA,1,0,0,regular,y,y,
CLE193106300,morge102,CLE,1,3,value,27,7,2,0,2,0,,,,,1,19310630,0,CLE06,h,PHA,0,1,0,regular,y,y,
CLE193107010,morge102,CLE,1,3,value,27,8,0,0,2,0,,,,,1,19310701,0,CLE06,h,PHA,0,1,0,regular,y,y,
CLE193107020,morge102,CLE,1,3,value,27,15,2,1,0,0,,,,,1,19310702,0,CLE06,h,PHA,1,0,0,regular,y,y,
CLE193107041,morge102,CLE,1,3,value,27,13,1,0,3,0,,,,,1,19310704,1,CLE06,h,DET,1,0,0,regular,y,y,
CLE193107042,morge102,CLE,1,3,value,27,9,1,0,2,0,,,,,1,19310704,2,CLE06,h,DET,0,1,0,regular,y,y,
DET193107050,morge102,CLE,1,3,value,21,8,0,0,0,0,,,,,1,19310705,0,DET04,v,DET,0,1,0,regular,y,y,
CLE193107060,morge102,CLE,1,3,value,18,9,2,0,1,0,,,,,1,19310706,0,CLE06,h,DET,1,0,0,regular,y,y,
CHA193107080,morge102,CLE,1,3,value,33,14,2,0,0,0,,,,,1,19310708,0,CHI10,v,CHA,1,0,0,regular,y,y,
CHA193107090,morge102,CLE,1,3,value,24,12,0,0,1,0,,,,,1,19310709,0,CHI10,v,CHA,0,1,0,regular,y,y,
CHA193107110,morge102,CLE,1,3,value,33,20,0,0,0,0,,,,,1,19310711,0,CHI10,v,CHA,1,0,0,regular,y,y,
CHA193107121,morge102,CLE,1,3,value,27,10,1,0,0,0,,,,,1,19310712,1,CHI10,v,CHA,1,0,0,regular,y,y,
CHA193107122,morge102,CLE,1,3,value,24,6,0,0,0,0,,,,,1,19310712,2,CHI10,v,CHA,0,1,0,regular,y,y,
NYA193107141,morge102,CLE,1,3,value,18,3,0,0,0,0,,,,,1,19310714,1,NYC16,v,NYA,0,1,0,regular,y,y,
NYA193107142,morge102,CLE,1,3,value,27,14,1,0,0,0,,,,,1,19310714,2,NYC16,v,NYA,1,0,0,regular,y,y,
NYA193107150,morge102,CLE,1,3,value,24,8,1,0,1,0,,,,,1,19310715,0,NYC16,v,NYA,0,1,0,regular,y,y,
NYA193107160,morge102,CLE,1,3,value,27,13,1,0,2,0,,,,,1,19310716,0,NYC16,v,NYA,1,0,0,regular,y,y,
NYA193107170,morge102,CLE,1,3,value,24,11,0,0,1,0,,,,,1,19310717,0,NYC16,v,NYA,1,0,0,regular,y,y,
BOS193107180,morge102,CLE,1,3,value,24,5,0,0,0,0,,,,,1,19310718,0,BOS07,v,BOS,0,1,0,regular,y,y,
BOS193107190,morge102,CLE,1,3,value,34,14,1,0,3,0,,,,,1,19310719,0,BOS08,v,BOS,0,1,0,regular,y,y,
BOS193107200,morge102,CLE,1,3,value,27,13,0,0,1,0,,,,,1,19310720,0,BOS07,v,BOS,1,0,0,regular,y,y,
BOS193107210,morge102,CLE,1,3,value,28,8,1,0,1,0,,,,,1,19310721,0,BOS07,v,BOS,0,1,0,regular,y,y,
PHA193107220,morge102,CLE,1,3,value,24,11,1,0,1,0,,,,,1,19310722,0,PHI11,v,PHA,0,1,0,regular,y,y,
PHA193107230,morge102,CLE,1,3,value,24,12,0,0,1,0,,,,,1,19310723,0,PHI11,v,PHA,0,1,0,regular,y,y,
PHA193107240,morge102,CLE,1,3,value,18,11,1,0,1,0,,,,,1,19310724,0,PHI11,v,PHA,0,1,0,regular,y,y,
PHA193107251,morge102,CLE,1,3,value,24,8,0,0,0,0,,,,,1,19310725,1,PHI11,v,PHA,0,1,0,regular,y,y,
PHA193107252,morge102,CLE,1,3,value,25,6,0,0,0,0,,,,,1,19310725,2,PHI11,v,PHA,0,1,0,regular,y,y,
CLE193107260,morge102,CLE,1,3,value,27,11,0,0,0,0,,,,,1,19310726,0,CLE06,h,PHA,1,0,0,regular,y,y,
WS1193107270,morge102,CLE,1,3,value,24,8,0,0,1,0,,,,,1,19310727,0,WAS09,v,WS1,0,1,0,regular,y,y,
WS1193107280,morge102,CLE,1,3,value,24,11,1,0,0,0,,,,,1,19310728,0,WAS09,v,WS1,0,1,0,regular,y,y,
WS1193107290,morge102,CLE,1,3,value,27,12,1,0,0,0,,,,,1,19310729,0,WAS09,v,WS1,1,0,0,regular,y,y,
WS1193107300,morge102,CLE,1,3,value,24,10,1,0,0,0,,,,,1,19310730,0,WAS09,v,WS1,0,1,0,regular,y,y,
SLA193108010,morge102,CLE,1,3,value,24,9,0,1,0,0,,,,,1,19310801,0,STL07,v,SLA,0,1,0,regular,y,y,
SLA193108021,morge102,CLE,1,3,value,27,7,2,0,0,0,,,,,1,19310802,1,STL07,v,SLA,1,0,0,regular,y,y,
SLA193108022,morge102,CLE,1,3,value,27,11,0,0,0,0,,,,,1,19310802,2,STL07,v,SLA,1,0,0,regular,y,y,
SLA193108030,morge102,CLE,1,3,value,27,6,1,0,2,0,,,,,1,19310803,0,STL07,v,SLA,1,0,0,regular,y,y,
DET193108050,morge102,CLE,1,3,value,24,8,0,0,0,0,,,,,1,19310805,0,DET04,v,DET,0,1,0,regular,y,y,
DET193108060,morge102,CLE,1,3,value,27,8,0,0,1,0,,,,,1,19310806,0,DET04,v,DET,1,0,0,regular,y,y,
DET193108060,morge102,CLE,1,3,official,,,,0,0,,,,,,1,19310806,0,DET04,v,DET,1,0,0,regular,y,y,
CLE193108080,morge102,CLE,1,3,value,27,10,0,0,1,0,,,,,1,19310808,0,CLE06,h,DET,0,1,0,regular,y,y,
CLE193108090,morge102,CLE,1,3,value,27,9,0,0,0,0,,,,,1,19310809,0,CLE06,h,DET,0,1,0,regular,y,y,
CLE193108121,morge102,CLE,1,3,value,27,4,0,0,0,0,,,,,1,19310812,1,CLE06,h,NYA,0,1,0,regular,y,y,
CLE193108122,morge102,CLE,1,3,value,27,13,0,0,0,0,,,,,1,19310812,2,CLE06,h,NYA,1,0,0,regular,y,y,
CLE193108141,morge102,CLE,1,3,value,27,11,2,0,2,0,,,,,1,19310814,1,CLE06,h,NYA,1,0,0,regular,y,y,
CLE193108142,morge102,CLE,1,3,value,27,8,0,0,4,0,,,,,1,19310814,2,CLE06,h,NYA,1,0,0,regular,y,y,
CLE193108150,morge102,CLE,1,3,value,27,10,2,0,0,0,,,,,1,19310815,0,CLE06,h,PHA,0,1,0,regular,y,y,
CLE193108160,morge102,CLE,1,3,value,27,7,0,0,2,0,,,,,1,19310816,0,CLE06,h,PHA,0,1,0,regular,y,y,
CLE193108191,morge102,CLE,1,3,value,27,8,2,1,0,0,,,,,1,19310819,1,CLE06,h,WS1,1,0,0,regular,y,y,
CLE193108192,morge102,CLE,1,3,value,27,15,2,0,1,0,,,,,1,19310819,2,CLE06,h,WS1,1,0,0,regular,y,y,
CLE193108200,morge102,CLE,1,3,value,27,8,3,2,0,0,,,,,1,19310820,0,CLE06,h,WS1,1,0,0,regular,y,y,
CLE193108210,morge102,CLE,1,3,value,27,10,2,0,2,0,,,,,1,19310821,0,CLE06,h,WS1,0,1,0,regular,y,y,
CLE193108220,morge102,CLE,1,3,value,27,11,3,1,0,0,,,,,1,19310822,0,CLE06,h,WS1,1,0,0,regular,y,y,
CLE193108230,morge102,CLE,1,3,value,27,12,1,0,1,0,,,,,1,19310823,0,CLE06,h,BOS,1,0,0,regular,y,y,
CLE193108240,morge102,CLE,1,3,value,27,7,0,1,0,0,,,,,1,19310824,0,CLE06,h,BOS,1,0,0,regular,y,y,
CLE193108270,morge102,CLE,1,3,value,27,7,0,0,0,0,,,,,1,19310827,0,CLE06,h,SLA,1,0,0,regular,y,y,
CLE193108280,morge102,CLE,1,3,value,27,9,0,0,1,0,,,,,1,19310828,0,CLE06,h,SLA,1,0,0,regular,y,y,
CLE193108290,morge102,CLE,1,3,value,27,13,0,0,1,0,,,,,1,19310829,0,CLE06,h,SLA,1,0,0,regular,y,y,
CLE193108301,morge102,CLE,1,3,value,27,10,0,1,0,0,,,,,1,19310830,1,CLE06,h,SLA,0,1,0,regular,y,y,
CLE193108301,morge102,CLE,1,3,official,,,,0,1,,,,,,1,19310830,1,CLE06,h,SLA,0,1,0,regular,y,y,
CLE193108302,morge102,CLE,1,3,value,27,8,1,0,1,0,,,,,1,19310830,2,CLE06,h,SLA,0,1,0,regular,y,y,
CHA193108310,morge102,CLE,1,3,value,27,9,1,0,1,0,,,,,1,19310831,0,CHI10,v,CHA,1,0,0,regular,y,y,
CHA193109021,morge102,CLE,1,3,value,24,7,0,1,1,0,,,,,1,19310902,1,CHI10,v,CHA,0,1,0,regular,y,y,
CHA193109022,morge102,CLE,1,3,value,18,8,0,0,1,0,,,,,1,19310902,2,CHI10,v,CHA,0,0,1,regular,y,y,
SLA193109030,morge102,CLE,1,3,value,24,8,0,0,1,0,,,,,1,19310903,0,STL07,v,SLA,0,1,0,regular,y,y,
SLA193109050,morge102,CLE,1,3,value,27,5,1,0,0,0,,,,,1,19310905,0,STL07,v,SLA,1,0,0,regular,y,y,
SLA193109061,morge102,CLE,1,3,value,27,12,0,0,3,0,,,,,1,19310906,1,STL07,v,SLA,1,0,0,regular,y,y,
SLA193109062,morge102,CLE,1,3,value,27,11,0,0,0,0,,,,,1,19310906,2,STL07,v,SLA,1,0,0,regular,y,y,
CLE193109071,morge102,CLE,1,3,value,27,11,2,0,3,0,,,,,1,19310907,1,CLE06,h,CHA,1,0,0,regular,y,y,
CLE193109072,morge102,CLE,1,3,value,27,6,0,0,0,0,,,,,1,19310907,2,CLE06,h,CHA,1,0,0,regular,y,y,
CLE193109081,morge102,CLE,1,3,value,27,12,1,0,0,0,,,,,1,19310908,1,CLE06,h,CHA,1,0,0,regular,y,y,
CLE193109082,morge102,CLE,1,3,value,27,8,0,0,0,0,,,,,1,19310908,2,CLE06,h,CHA,1,0,0,regular,y,y,
WS1193109100,morge102,CLE,1,3,value,24,11,0,1,0,0,,,,,1,19310910,0,WAS09,v,WS1,0,1,0,regular,y,y,
WS1193109120,morge102,CLE,1,3,value,27,6,1,0,0,0,,,,,1,19310912,0,WAS09,v,WS1,1,0,0,regular,y,y,
WS1193109130,morge102,CLE,1,3,value,24,9,1,0,0,0,,,,,1,19310913,0,WAS09,v,WS1,0,1,0,regular,y,y,
PHA193109141,morge102,CLE,1,3,value,27,7,0,0,2,0,,,,,1,19310914,1,PHI11,v,PHA,1,0,0,regular,y,y,
PHA193109142,morge102,CLE,1,3,value,24,11,0,0,1,0,,,,,1,19310914,2,PHI11,v,PHA,0,1,0,regular,y,y,
NYA193109201,morge102,CLE,1,3,value,24,14,0,0,1,0,,,,,1,19310920,1,NYC16,v,NYA,0,1,0,regular,y,d,
NYA193109202,morge102,CLE,1,3,value,18,4,1,0,0,0,,,,,1,19310920,2,NYC16,v,NYA,0,1,0,regular,y,y,
NYA193109210,morge102,CLE,1,3,value,27,6,0,0,2,0,,,,,1,19310921,0,NYC16,v,NYA,1,0,0,regular,y,y,
DET193204130,morge102,CLE,1,3,value,33,11,1,0,1,0,,,,,1,19320413,0,DET04,v,DET,1,0,0,regular,y,y,
DET193204140,morge102,CLE,1,3,value,24,11,2,0,0,0,,,,,1,19320414,0,DET04,v,DET,0,1,0,regular,y,y,
DET193204150,morge102,CLE,1,3,value,26,12,1,0,0,0,,,,,1,19320415,0,DET04,v,DET,0,1,0,regular,y,y,
CHA193204160,morge102,CLE,1,3,value,24,12,0,0,0,0,,,,,1,19320416,0,CHI10,v,CHA,0,1,0,regular,y,y,
CHA193204170,morge102,CLE,1,3,value,27,10,1,0,0,0,,,,,1,19320417,0,CHI10,v,CHA,1,0,0,regular,y,y,
CHA193204170,morge102,CLE,1,3,official,,,,0,1,,,,,,1,19320417,0,CHI10,v,CHA,1,0,0,regular,y,y,
CHA193204180,morge102,CLE,1,3,value,27,9,0,0,1,0,,,,,1,19320418,0,CHI10,v,CHA,1,0,0,regular,y,y,
CHA193204190,morge102,CLE,1,3,value,27,12,0,2,1,0,,,,,1,19320419,0,CHI10,v,CHA,1,0,0,regular,y,y,
CLE193204200,morge102,CLE,1,3,value,27,13,0,0,2,0,,,,,1,19320420,0,CLE06,h,DET,0,1,0,regular,y,y,
CLE193204210,morge102,CLE,1,3,value,27,9,2,0,0,0,,,,,1,19320421,0,CLE06,h,DET,0,1,0,regular,y,y,
CLE193204220,morge102,CLE,1,3,value,27,7,0,0,0,0,,,,,1,19320422,0,CLE06,h,DET,0,1,0,regular,y,y,
CLE193204230,morge102,CLE,1,3,value,27,12,0,1,1,0,,,,,1,19320423,0,CLE06,h,DET,1,0,0,regular,y,y,
SLA193204240,morge102,CLE,1,3,value,27,6,0,0,0,0,,,,,1,19320424,0,STL07,v,SLA,1,0,0,regular,y,y,
SLA193204250,morge102,CLE,1,3,value,27,10,0,0,0,0,,,,,1,19320425,0,STL07,v,SLA,1,0,0,regular,y,y,
SLA193204270,morge102,CLE,1,3,value,27,7,1,0,0,0,,,,,1,19320427,0,STL07,v,SLA,1,0,0,regular,y,y,
CLE193204280,morge102,CLE,1,3,value,27,14,0,0,1,0,,,,,1,19320428,0,CLE06,h,CHA,1,0,0,regular,y,y,
CLE193204290,morge102,CLE,1,3,value,27,7,1,0,0,0,,,,,1,19320429,0,CLE06,h,CHA,1,0,0,regular,y,y,
CLE193204300,morge102,CLE,1,3,value,27,8,0,0,0,0,,,,,1,19320430,0,CLE06,h,CHA,1,0,0,regular,y,y,
CLE193205010,morge102,CLE,1,3,value,27,9,0,0,2,0,,,,,1,19320501,0,CLE06,h,CHA,1,0,0,regular,y,y,
CLE193205020,morge102,CLE,1,3,value,27,15,0,0,1,0,,,,,1,19320502,0,CLE06,h,SLA,1,0,0,regular,y,y,
CLE193205030,morge102,CLE,1,3,value,27,7,2,0,0,0,,,,,1,19320503,0,CLE06,h,SLA,0,1,0,regular,y,y,
CLE193205040,morge102,CLE,1,3,value,27,4,0,0,0,0,,,,,1,19320504,0,CLE06,h,SLA,1,0,0,regular,y,y,
PHA193205050,morge102,CLE,1,3,value,24,12,0,0,2,0,,,,,1,19320505,0,PHI11,v,PHA,0,1,0,regular,y,y,
PHA193205060,morge102,CLE,1,3,value,24,8,0,1,0,0,,,,,1,19320506,0,PHI11,v,PHA,0,1,0,regular,y,y,
PHA193205070,morge102,CLE,1,3,value,27,14,0,0,2,0,,,,,1,19320507,0,PHI11,v,PHA,1,0,0,regular,y,y,
CLE193205080,morge102,CLE,1,3,value,27,14,0,0,2,0,,,,,1,19320508,0,CLE06,h,PHA,1,0,0,regular,y,y,
WS1193205090,morge102,CLE,1,3,value,24,10,0,1,0,0,,,,,1,19320509,0,WAS09,v,WS1,0,1,0,regular,y,y,
BOS193205120,morge102,CLE,1,3,value,27,13,0,0,0,0,,,,,1,19320512,0,BOS07,v,BOS,1,0,0,regular,y,y,
BOS193205140,morge102,CLE,1,3,value,27,13,0,0,1,0,,,,,1,19320514,0,BOS07,v,BOS,1,0,0,regular,y,y,
BOS193205140,morge102,CLE,1,3,official,,,,0,0,,,,,,1,19320514,0,BOS07,v,BOS,1,0,0,regular,y,y,
NYA193205150,morge102,CLE,1,3,value,24,12,0,0,2,0,,,,,1,19320515,0,NYC16,v,NYA,0,1,0,regular,y,y,
NYA193205160,morge102,CLE,1,3,value,24,9,1,0,0,0,,,,,1,19320516,0,NYC16,v,NYA,0,1,0,regular,y,y,
NYA193205170,morge102,CLE,1,3,value,24,11,2,0,0,0,,,,,1,19320517,0,NYC16,v,NYA,0,1,0,regular,y,y,
NYA193205180,morge102,CLE,1,3,value,27,9,0,0,2,0,,,,,1,19320518,0,NYC16,v,NYA,0,1,0,regular,y,y,
CLE193205200,morge102,CLE,1,3,value,27,4,1,0,2,0,,,,,1,19320520,0,CLE06,h,SLA,1,0,0,regular,y,y,
CLE193205210,morge102,CLE,1,3,value,27,10,0,0,0,0,,,,,1,19320521,0,CLE06,h,SLA,0,1,0,regular,y,y,
CLE193205220,morge102,CLE,1,3,value,27,13,0,0,0,0,,,,,1,19320522,0,CLE06,h,SLA,0,1,0,regular,y,y,
CHA193205230,morge102,CLE,1,3,value,24,10,0,1,0,0,,,,,1,19320523,0,CHI10,v,CHA,0,1,0,regular,y,y,
CHA193205240,morge102,CLE,1,3,value,24,7,0,0,0,0,,,,,1,19320524,0,CHI10,v,CHA,0,1,0,regular,y,y,
SLA193205270,morge102,CLE,1,3,value,27,12,0,0,0,0,,,,,1,19320527,0,STL07,v,SLA,1,0,0,regular,y,y,
SLA193205280,morge102,CLE,1,3,value,27,6,0,0,0,0,,,,,1,19320528,0,STL07,v,SLA,1,0,0,regular,y,y,
SLA193205291,morge102,CLE,1,3,value,24,11,0,0,0,0,,,,,1,19320529,1,STL07,v,SLA,0,1,0,regular,y,y,
SLA193205292,morge102,CLE,1,3,value,27,7,1,0,0,0,,,,,1,19320529,2,STL07,v,SLA,1,0,0,regular,y,y,
CLE193205301,morge102,CLE,1,3,value,27,6,2,0,0,0,,,,,1,19320530,1,CLE06,h,CHA,1,0,0,regular,y,y,
CLE193205302,morge102,CLE,1,3,value,27,10,0,1,1,0,,,,,1,19320530,2,CLE06,h,CHA,1,0,0,regular,y,y,
CLE193205310,morge102,CLE,1,3,value,27,14,2,1,0,0,,,,,1,19320531,0,CLE06,h,CHA,0,1,0,regular,y,y,
DET193206031,morge102,CLE,1,3,value,27,14,0,0,1,0,,,,,1,19320603,1,DET04,v,DET,1,0,0,regular,y,y,
DET193206032,morge102,CLE,1,3,value,27,8,0,0,0,0,,,,,1,19320603,2,DET04,v,DET,1,0,0,regular,y,y,
DET193206041,morge102,CLE,1,3,value,27,8,1,1,1,0,,,,,1,19320604,1,DET04,v,DET,1,0,0,regular,y,y,
DET193206042,morge102,CLE,1,3,value,24,5,0,0,0,0,,,,,1,19320604,2,DET04,v,DET,0,1,0,regular,y,y,
CLE193206050,morge102,CLE,1,3,value,27,9,2,0,0,0,,,,,1,19320605,0,CLE06,h,DET,0,1,0,regular,y,y,
CLE193206070,morge102,CLE,1,3,value,27,7,1,0,1,0,,,,,1,19320607,0,CLE06,h,PHA,1,0,0,regular,y,y,
CLE193206080,morge102,CLE,1,3,value,27,13,1,0,0,0,,,,,1,19320608,0,CLE06,h,PHA,0,1,0,regular,y,y,
CLE193206090,morge102,CLE,1,3,value,27,5,1,0,0,0,,,,,1,19320609,0,CLE06,h,PHA,1,0,0,regular,y,y,
CLE193206100,morge102,CLE,1,3,value,30,8,0,0,2,0,,,,,1,19320610,0,CLE06,h,PHA,0,1,0,regular,y,y,
CLE193206110,morge102,CLE,1,3,value,27,8,1,0,1,0,,,,,1,19320611,0,CLE06,h,NYA,1,0,0,regular,y,y,
CLE193206120,morge102,CLE,1,3,value,27,11,0,0,1,0,,,,,1,19320612,0,CLE06,h,NYA,0,1,0,regular,y,y,
CLE193206120,morge102,CLE,1,3,official,,,,0,0,,,,,,1,19320612,0,CLE06,h,NYA,0,1,0,regular,y,y,
CLE193206130,morge102,CLE,1,3,value,27,9,0,0,1,0,,,,,1,19320613,0,CLE06,h,NYA,0,1,0,regular,y,y,
CLE193206140,morge102,CLE,1,3,value,27,9,0,0,1,0,,,,,1,19320614,0,CLE06,h,NYA,0,1,0,regular,y,y,
CLE193206150,morge102,CLE,1,3,value,27,11,0,0,2,0,,,,,1,19320615,0,CLE06,h,BOS,1,0,0,regular,y,y,
CLE193206180,morge102,CLE,1,3,value,27,11,1,0,0,0,,,,,1,19320618,0,CLE06,h,BOS,1,0,0,regular,y,y,
CLE193206191,morge102,CLE,1,3,value,27,8,4,0,2,0,,,,,1,19320619,1,CLE06,h,BOS,1,0,0,regular,y,y,
CLE193206192,morge102,CLE,1,3,value,27,7,0,0,4,0,,,,,1,19320619,2,CLE06,h,BOS,1,0,0,regular,y,y,
CLE193206200,morge102,CLE,1,3,value,27,9,0,0,0,0,,,,,1,19320620,0,CLE06,h,WS1,0,1,0,regular,y,y,
CLE193206210,morge102,CLE,1,3,value,27,5,1,0,1,0,,,,,1,19320621,0,CLE06,h,WS1,0,1,0,regular,y,y,
CLE193206220,morge102,CLE,1,3,value,27,10,1,0,0,0,,,,,1,19320622,0,CLE06,h,WS1,1,0,0,regular,y,y,
CLE193206230,morge102,CLE,1,3,value,27,16,0,0,0,0,,,,,1,19320623,0,CLE06,h,WS1,0,1,0,regular,y,y,
CLE193206261,morge102,CLE,1,3,value,27,10,0,1,0,0,,,,,1,19320626,1,CLE06,h,SLA,1,0,0,regular,y,y,
CLE193206262,morge102,CLE,1,3,value,27,11,0,1,1,0,,,,,1,19320626,2,CLE06,h,SLA,0,1,0,regular,y,y,
CLE193206290,morge102,CLE,1,3,value,14,7,0,0,0,0,,,,,1,19320629,0,CLE06,h,DET,0,1,0,regular,y,y,
CLE193206300,morge102,CLE,1,3,value,27,8,0,0,1,0,,,,,1,19320630,0,CLE06,h,DET,1,0,0,regular,y,y,
DET193207020,morge102,CLE,1,3,value,26,5,1,0,0,0,,,,,1,19320702,0,DET04,v,DET,0,1,0,regular,y,y,
DET193207030,morge102,CLE,1,3,value,27,11,0,0,0,0,,,,,1,19320703,0,DET04,v,DET,1,0,0,regular,y,y,
CHA193207041,morge102,CLE,1,3,value,27,11,0,0,1,0,,,,,1,19320704,1,CHI10,v,CHA,1,0,0,regular,y,y,
CHA193207042,morge102,CLE,1,3,value,24,7,1,0,0,0,,,,,1,19320704,2,CHI10,v,CHA,0,1,0,regular,y,y,
WS1193207071,morge102,CLE,1,3,value,27,15,0,0,0,0,,,,,1,19320707,1,WAS09,v,WS1,1,0,0,regular,y,y,
WS1193207072,morge102,CLE,1,3,value,27,12,1,0,1,0,,,,,1,19320707,2,WAS09,v,WS1,1,0,0,regular,y,y,
WS1193207080,morge102,CLE,1,3,value,27,6,2,0,0,0,,,,,1,19320708,0,WAS09,v,WS1,1,0,0,regular,y,y,
WS1193207091,morge102,CLE,1,3,value,27,10,0,0,1,0,,,,,1,19320709,1,WAS09,v,WS1,1,0,0,regular,y,y,
WS1193207092,morge102,CLE,1,3,value,18,5,0,0,1,0,,,,,1,19320709,2,WAS09,v,WS1,0,1,0,regular,y,y,
CLE193207100,morge102,CLE,1,3,value,54,15,0,1,2,0,,,,,1,19320710,0,CLE06,h,PHA,0,1,0,regular,y,y,
PHA193207111,morge102,CLE,1,3,value,27,11,0,0,1,0,,,,,1,19320711,1,PHI11,v,PHA,1,0,0,regular,y,y,
PHA193207112,morge102,CLE,1,3,value,27,9,1,0,2,0,,,,,1,19320711,2,PHI11,v,PHA,1,0,0,regular,y,y,
PHA193207120,morge102,CLE,1,3,value,27,7,1,0,3,0,,,,,1,19320712,0,PHI11,v,PHA,1,0,0,regular,y,y,
PHA193207130,morge102,CLE,1,3,value,30,6,0,0,0,0,,,,,1,19320713,0,PHI11,v,PHA,1,0,0,regular,y,y,
NYA193207140,morge102,CLE,1,3,value,27,8,1,1,2,0,,,,,1,19320714,0,NYC16,v,NYA,1,0,0,regular,y,y,
NYA193207140,morge102,CLE,1,3,official,,,,1,1,,,,,,1,19320714,0,NYC16,v,NYA,1,0,0,regular,y,y,
NYA193207150,morge102,CLE,1,3,value,24,11,1,0,2,0,,,,,1,19320715,0,NYC16,v,NYA,0,1,0,regular,y,y,
NYA193207160,morge102,CLE,1,3,value,27,13,1,0,1,0,,,,,1,19320716,0,NYC16,v,NYA,1,0,0,regular,y,y,
BOS193207171,morge102,CLE,1,3,value,27,9,2,0,3,0,,,,,1,19320717,1,BOS07,v,BOS,1,0,0,regular,y,y,
BOS193207172,morge102,CLE,1,3,value,33,17,0,0,0,0,,,,,1,19320717,2,BOS07,v,BOS,1,0,0,regular,y,y,
BOS193207180,morge102,CLE,1,3,value,24,12,3,0,0,0,,,,,1,19320718,0,BOS07,v,BOS,0,1,0,regular,y,y,
BOS193207190,morge102,CLE,1,3,value,27,11,0,0,3,0,,,,,1,19320719,0,BOS07,v,BOS,1,0,0,regular,y,y,
BOS193207200,morge102,CLE,1,3,value,27,14,0,1,2,0,,,,,1,19320720,0,BOS07,v,BOS,1,0,0,regular,y,y,
BOS193207200,morge102,CLE,1,3,official,,,,1,0,,,,,,1,19320720,0,BOS07,v,BOS,1,0,0,regular,y,y,
CHA193207230,morge102,CLE,1,3,value,35,22,1,0,1,0,,,,,1,19320723,0,CHI10,v,CHA,0,1,0,regular,y,y,
CHA193207241,morge102,CLE,1,3,value,27,8,0,0,1,0,,,,,1,19320724,1,CHI10,v,CHA,1,0,0,regular,y,y,
CHA193207242,morge102,CLE,1,3,value,27,7,0,0,1,0,,,,,1,19320724,2,CHI10,v,CHA,1,0,0,regular,y,y,
CLE193207271,morge102,CLE,1,3,value,27,10,0,0,1,0,,,,,1,19320727,1,CLE06,h,NYA,1,0,0,regular,y,y,
CLE193207272,morge102,CLE,1,3,value,27,10,0,0,1,0,,,,,1,19320727,2,CLE06,h,NYA,1,0,0,regular,y,y,
CLE193207280,morge102,CLE,1,3,value,27,8,1,0,1,0,,,,,1,19320728,0,CLE06,h,NYA,0,1,0,regular,y,y,
CLE193207290,morge102,CLE,1,3,value,27,9,2,0,0,0,,,,,1,19320729,0,CLE06,h,NYA,1,0,0,regular,y,y,
CLE193207300,morge102,CLE,1,3,value,27,11,0,0,1,0,,,,,1,19320730,0,CLE06,h,PHA,0,1,0,regular,y,y,
CLE193207310,morge102,CLE,1,3,value,27,8,0,1,1,0,,,,,1,19320731,0,CLE07,h,PHA,0,1,0,regular,y,y,
CLE193208010,morge102,CLE,1,3,value,27,14,0,0,1,0,,,,,1,19320801,0,CLE07,h,PHA,0,1,0,regular,y,y,
CLE193208041,morge102,CLE,1,3,value,27,10,0,1,4,0,,,,,1,19320804,1,CLE07,h,BOS,1,0,0,regular,y,y,
CLE193208042,morge102,CLE,1,3,value,39,18,1,0,1,0,,,,,1,19320804,2,CLE07,h,BOS,1,0,0,regular,y,y,
CLE193208050,morge102,CLE,1,3,value,27,12,2,2,1,0,,,,,1,19320805,0,CLE07,h,BOS,1,0,0,regular,y,y,
CLE193208060,morge102,CLE,1,3,value,27,11,1,0,0,0,,,,,1,19320806,0,CLE07,h,BOS,1,0,0,regular,y,y,
CLE193208071,morge102,CLE,1,3,value,27,11,1,0,0,0,,,,,1,19320807,1,CLE07,h,WS1,1,0,0,regular,y,y,
CLE193208072,morge102,CLE,1,3,value,27,11,0,0,0,0,,,,,1,19320807,2,CLE07,h,WS1,1,0,0,regular,y,y,
CLE193208080,morge102,CLE,1,3,value,27,10,0,0,0,0,,,,,1,19320808,0,CLE07,h,WS1,0,1,0,regular,y,y,
CLE193208090,morge102,CLE,1,3,value,27,16,1,0,0,0,,,,,1,19320809,0,CLE07,h,WS1,0,1,0,regular,y,y,
CLE193208110,morge102,CLE,1,3,value,27,7,0,0,1,0,,,,,1,19320811,0,CLE07,h,DET,1,0,0,regular,y,y,
CLE193208120,morge102,CLE,1,3,value,27,8,1,0,0,0,,,,,1,19320812,0,CLE07,h,DET,1,0,0,regular,y,y,
CLE193208130,morge102,CLE,1,3,value,27,6,0,0,1,0,,,,,1,19320813,0,CLE07,h,DET,1,0,0,regular,y,y,
CLE193208140,morge102,CLE,1,3,value,27,8,0,0,1,0,,,,,1,19320814,0,CLE07,h,DET,0,1,0,regular,y,y,
PHA193208160,morge102,CLE,1,3,value,27,14,0,0,0,0,,,,,1,19320816,0,PHI11,v,PHA,1,0,0,regular,y,y,
PHA193208170,morge102,CLE,1,3,value,15,5,0,0,0,0,,,,,1,19320817,0,PHI11,v,PHA,0,1,0,regular,y,y,
PHA193208191,morge102,CLE,1,3,value,24,6,1,0,0,0,,,,,1,19320819,1,PHI11,v,PHA,0,1,0,regular,y,y,
PHA193208192,morge102,CLE,1,3,value,28,7,0,0,0,0,,,,,1,19320819,2,PHI11,v,PHA,0,1,0,regular,y,y,
WS1193208201,morge102,CLE,1,3,value,24,13,1,0,2,0,,,,,1,19320820,1,WAS09,v,WS1,0,1,0,regular,y,y,
WS1193208202,morge102,CLE,1,3,value,27,6,1,0,0,0,,,,,1,19320820,2,WAS09,v,WS1,1,0,0,regular,y,y,
WS1193208210,morge102,CLE,1,3,value,27,8,1,0,0,0,,,,,1,19320821,0,WAS09,v,WS1,1,0,0,regular,y,y,
WS1193208220,morge102,CLE,1,3,value,24,10,0,0,0,0,,,,,1,19320822,0,WAS09,v,WS1,0,1,0,regular,y,y,
BOS193208290,morge102,CLE,1,3,value,27,14,0,0,1,0,,,,,1,19320829,0,BOS07,v,BOS,1,0,0,regular,y,y,
BOS193208300,morge102,CLE,1,3,value,24,9,0,0,1,0,,,,,1,19320830,0,BOS07,v,BOS,0,1,0,regular,y,y,
DET193209040,morge102,CLE,1,3,value,27,13,0,0,0,0,,,,,1,19320904,0,DET04,v,DET,1,0,0,regular,y,y,
SLA193209051,morge102,CLE,1,3,value,27,11,2,0,1,0,,,,,1,19320905,1,STL07,v,SLA,1,0,0,regular,y,y,
SLA193209052,morge102,CLE,1,3,value,27,15,0,1,1,0,,,,,1,19320905,2,STL07,v,SLA,1,0,0,regular,y,y,
SLA193209061,morge102,CLE,1,3,value,27,10,3,1,2,0,,,,,1,19320906,1,STL07,v,SLA,1,0,0,regular,y,y,
SLA193209062,morge102,CLE,1,3,value,27,8,1,0,2,0,,,,,1,19320906,2,STL07,v,SLA,1,0,0,regular,y,y,
CLE193209080,morge102,CLE,1,3,value,27,10,0,0,0,0,,,,,1,19320908,0,CLE07,h,PHA,1,0,0,regular,y,y,
CLE193209100,morge102,CLE,1,3,value,27,8,0,1,0,0,,,,,1,19320910,0,CLE07,h,PHA,0,1,0,regular,y,y,
CLE193209110,morge102,CLE,1,3,value,27,7,0,0,1,0,,,,,1,19320911,0,CLE07,h,NYA,1,0,0,regular,y,y,
CLE193209120,morge102,CLE,1,3,value,36,11,0,0,1,0,,,,,1,19320912,0,CLE07,h,NYA,0,1,0,regular,y,y,
CLE193209130,morge102,CLE,1,3,value,27,10,0,0,0,0,,,,,1,19320913,0,CLE07,h,NYA,0,1,0,regular,y,y,
CLE193209140,morge102,CLE,1,3,value,27,5,0,0,0,0,,,,,1,19320914,0,CLE07,h,BOS,1,0,0,regular,y,y,
CLE193209150,morge102,CLE,1,3,value,27,14,0,0,0,0,,,,,1,19320915,0,CLE07,h,BOS,1,0,0,regular,y,y,
CLE193209160,morge102,CLE,1,3,value,27,9,1,1,2,0,,,,,1,19320916,0,CLE07,h,BOS,0,1,0,regular,y,y,
CLE193209170,morge102,CLE,1,3,value,27,10,1,0,1,0,,,,,1,19320917,0,CLE07,h,WS1,1,0,0,regular,y,y,
CLE193209181,morge102,CLE,1,3,value,27,16,0,0,0,0,,,,,1,19320918,1,CLE07,h,WS1,1,0,0,regular,y,y,
CLE193209182,morge102,CLE,1,3,value,27,8,0,1,0,0,,,,,1,19320918,2,CLE07,h,WS1,0,1,0,regular,y,y,
CLE193209201,morge102,CLE,1,3,value,27,15,1,0,0,0,,,,,1,19320920,1,CLE07,h,SLA,1,0,0,regular,y,y,
CLE193209202,morge102,CLE,1,3,value,27,8,0,0,1,0,,,,,1,19320920,2,CLE07,h,SLA,1,0,0,regular,y,y,
CLE193209210,morge102,CLE,1,3,value,27,14,1,0,1,0,,,,,1,19320921,0,CLE07,h,SLA,0,1,0,regular,y,y,
CLE193209251,morge102,CLE,1,5,value,24,0,0,1,0,0,,,,,1,19320925,1,CLE07,h,CHA,1,0,0,regular,y,d,
DET193304120,morge102,CLE,1,3,value,39,12,4,0,0,0,,,,,1,19330412,0,DET04,v,DET,1,0,0,regular,y,y,
DET193304130,morge102,CLE,1,3,value,27,12,0,0,1,0,,,,,1,19330413,0,DET04,v,DET,1,0,0,regular,y,y,
SLA193304160,morge102,CLE,1,3,value,27,8,0,0,0,0,,,,,1,19330416,0,STL07,v,SLA,1,0,0,regular,y,y,
SLA193304170,morge102,CLE,1,3,value,24,9,0,0,0,0,,,,,1,19330417,0,STL07,v,SLA,0,1,0,regular,y,y,
SLA193304180,morge102,CLE,1,3,value,24,12,1,0,0,0,,,,,1,19330418,0,STL07,v,SLA,0,1,0,regular,y,y,
CLE193304200,morge102,CLE,1,3,value,27,15,0,0,1,0,,,,,1,19330420,0,CLE07,h,DET,1,0,0,regular,y,y,
CLE193304210,morge102,CLE,1,3,value,27,10,2,0,1,0,,,,,1,19330421,0,CLE07,h,DET,1,0,0,regular,y,y,
CHA193304220,morge102,CLE,1,3,value,24,10,1,0,0,0,,,,,1,19330422,0,CHI10,v,CHA,0,1,0,regular,y,y,
CHA193304230,morge102,CLE,1,3,value,18,5,2,0,1,0,,,,,1,19330423,0,CHI10,v,CHA,0,1,0,regular,y,y,
CLE193305071,morge102,CLE,1,3,value,27,9,0,0,0,0,,,,,1,19330507,1,CLE07,h,NYA,1,0,0,regular,y,y,
CLE193305100,morge102,CLE,1,3,value,27,15,1,0,1,0,,,,,1,19330510,0,CLE07,h,BOS,1,0,0,regular,y,y,
CLE193305110,morge102,CLE,1,3,value,27,18,2,0,0,0,,,,,1,19330511,0,CLE07,h,BOS,1,0,0,regular,y,y,
CLE193305120,morge102,CLE,1,3,value,27,7,0,0,0,0,,,,,1,19330512,0,CLE07,h,PHA,0,1,0,regular,y,y,
CLE193305141,morge102,CLE,1,3,value,27,9,1,0,0,0,,,,,1,19330514,1,CLE07,h,PHA,1,0,0,regular,y,y,
CLE193305142,morge102,CLE,1,3,value,27,11,0,0,0,0,,,,,1,19330514,2,CLE07,h,PHA,1,0,0,regular,y,y,
PHA193305150,morge102,CLE,1,3,value,24,6,0,0,1,0,,,,,1,19330515,0,PHI11,v,PHA,0,1,0,regular,y,y,
WS1193305160,morge102,CLE,1,3,value,34,8,1,0,0,0,,,,,1,19330516,0,WAS09,v,WS1,0,1,0,regular,y,y,
WS1193305170,morge102,CLE,1,3,value,24,9,1,0,0,0,,,,,1,19330517,0,WAS09,v,WS1,0,1,0,regular,y,y,
WS1193305180,morge102,CLE,1,3,value,30,9,0,0,0,0,,,,,1,19330518,0,WAS09,v,WS1,1,0,0,regular,y,y,
PHA193305190,morge102,CLE,1,3,value,24,11,0,0,1,0,,,,,1,19330519,0,PHI11,v,PHA,0,1,0,regular,y,y,
PHA193305200,morge102,CLE,1,3,value,24,11,1,0,0,0,,,,,1,19330520,0,PHI11,v,PHA,0,1,0,regular,y,y,
NYA193305220,morge102,CLE,1,3,value,24,7,2,0,0,0,,,,,1,19330522,0,NYC16,v,NYA,0,1,0,regular,y,y,
BOS193305281,morge102,CLE,1,3,value,6,3,0,0,0,0,,,,,0,19330528,1,BOS07,v,BOS,0,1,0,regular,y,y,
SLA193306030,morge102,CLE,1,7,value,3,0,0,0,0,0,,,,,0,19330603,0,STL07,v,SLA,0,1,0,regular,y,y,
CLE193306080,morge102,CLE,1,3,value,3,2,0,0,0,0,,,,,0,19330608,0,CLE07,h,SLA,0,1,0,regular,y,y,
DET193306130,morge102,CLE,1,3,value,6,1,0,0,0,0,,,,,0,19330613,0,DET04,v,DET,1,0,0,regular,y,y,
CLE193306181,morge102,CLE,1,3,value,27,12,0,1,0,0,,,,,1,19330618,1,CLE07,h,BOS,1,0,0,regular,y,y,
CLE193306182,morge102,CLE,1,3,value,27,10,0,0,0,0,,,,,1,19330618,2,CLE07,h,BOS,1,0,0,regular,y,y,
CLE193306210,morge102,CLE,1,3,value,27,11,0,0,3,0,,,,,1,19330621,0,CLE07,h,PHA,1,0,0,regular,y,y,
CLE193306220,morge102,CLE,1,3,value,27,9,1,0,0,0,,,,,1,19330622,0,CLE07,h,PHA,0,1,0,regular,y,y,
CLE193306230,morge102,CLE,1,3,value,27,12,0,0,2,0,,,,,1,19330623,0,CLE07,h,PHA,0,1,0,regular,y,y,
CLE193306240,morge102,CLE,1,3,value,27,10,0,0,0,0,,,,,1,19330624,0,CLE07,h,PHA,0,1,0,regular,y,y,
CLE193306251,morge102,CLE,1,3,value,27,8,0,0,2,0,,,,,1,19330625,1,CLE07,h,WS1,0,1,0,regular,y,y,
BOS193404191,morge102,BOS,1,3,value,27,7,0,0,0,0,,,,,1,19340419,1,BOS07,h,WS1,1,0,0,regular,y,y,
BOS193404192,morge102,BOS,1,3,value,27,10,0,0,0,0,,,,,1,19340419,2,BOS07,h,WS1,1,0,0,regular,y,y,
BOS193404210,morge102,BOS,1,3,value,27,4,1,0,1,0,,,,,1,19340421,0,BOS07,h,NYA,1,0,0,regular,y,y,
BOS193404220,morge102,BOS,1,3,value,27,8,1,0,0,0,,,,,1,19340422,0,BOS07,h,NYA,0,1,0,regular,y,y,
WS1193404240,morge102,BOS,1,3,value,27,7,0,0,0,0,,,,,1,19340424,0,WAS09,v,WS1,1,0,0,regular,y,y,
WS1193404260,morge102,BOS,1,3,value,24,12,0,0,0,0,,,,,1,19340426,0,WAS09,v,WS1,0,1,0,regular,y,y,
NYA193404280,morge102,BOS,1,3,value,27,10,0,1,3,0,,,,,1,19340428,0,NYC16,v,NYA,1,0,0,regular,y,y,
NYA193404290,morge102,BOS,1,3,value,26,1,1,1,0,0,,,,,1,19340429,0,NYC16,v,NYA,0,1,0,regular,y,y,
BOS193404300,morge102,BOS,1,3,value,27,11,0,0,2,0,,,,,1,19340430,0,BOS07,h,PHA,0,1,0,regular,y,y,
BOS193404300,morge102,BOS,1,3,official,,,,0,1,,,,,,1,19340430,0,BOS07,h,PHA,0,1,0,regular,y,y,
BOS193405010,morge102,BOS,1,3,value,27,9,0,0,0,0,,,,,1,19340501,0,BOS07,h,PHA,1,0,0,regular,y,y,
BOS193405020,morge102,BOS,1,3,value,27,13,1,0,1,0,,,,,1,19340502,0,BOS07,h,PHA,0,1,0,regular,y,y,
BOS193405040,morge102,BOS,1,3,value,27,6,0,0,1,0,,,,,1,19340504,0,BOS07,h,SLA,1,0,0,regular,y,y,
BOS193405050,morge102,BOS,1,3,value,27,11,1,1,3,0,,,,,1,19340505,0,BOS07,h,SLA,1,0,0,regular,y,y,
BOS193405060,morge102,BOS,1,3,value,27,8,0,0,1,0,,,,,1,19340506,0,BOS07,h,DET,1,0,0,regular,y,y,
BOS193405070,morge102,BOS,1,3,value,33,9,0,0,2,0,,,,,1,19340507,0,BOS07,h,DET,0,1,0,regular,y,y,
BOS193405080,morge102,BOS,1,3,value,27,8,1,0,1,0,,,,,1,19340508,0,BOS07,h,DET,0,1,0,regular,y,y,
BOS193405090,morge102,BOS,1,3,value,27,11,1,1,2,0,,,,,1,19340509,0,BOS07,h,DET,1,0,0,regular,y,y,
BOS193405100,morge102,BOS,1,3,value,27,12,0,0,0,0,,,,,1,19340510,0,BOS07,h,CLE,0,1,0,regular,y,y,
BOS193405110,morge102,BOS,1,3,value,33,8,1,1,1,0,,,,,1,19340511,0,BOS07,h,CLE,0,1,0,regular,y,y,
BOS193405120,morge102,BOS,1,3,value,27,10,0,1,2,0,,,,,1,19340512,0,BOS07,h,CLE,0,1,0,regular,y,y,
BOS193405130,morge102,BOS,1,3,value,27,13,1,1,0,0,,,,,1,19340513,0,BOS07,h,CHA,1,0,0,regular,y,d,
BOS193405140,morge102,BOS,1,3,value,27,8,2,0,1,0,,,,,1,19340514,0,BOS07,h,CHA,0,1,0,regular,y,y,
SLA193405170,morge102,BOS,1,3,value,24,11,0,0,0,0,,,,,1,19340517,0,STL07,v,SLA,0,1,0,regular,y,y,
SLA193405180,morge102,BOS,1,3,value,24,9,1,0,0,0,,,,,1,19340518,0,STL07,v,SLA,0,1,0,regular,y,y,
SLA193405190,morge102,BOS,1,3,value,27,9,0,0,1,0,,,,,1,19340519,0,STL07,v,SLA,1,0,0,regular,y,y,
CHA193405200,morge102,BOS,1,3,value,27,14,0,0,1,0,,,,,1,19340520,0,CHI10,v,CHA,1,0,0,regular,y,y,
CHA193405210,morge102,BOS,1,3,value,30,12,0,2,0,0,,,,,1,19340521,0,CHI10,v,CHA,1,0,0,regular,y,y,
CHA193405220,morge102,BOS,1,3,value,24,8,0,0,0,0,,,,,1,19340522,0,CHI10,v,CHA,0,1,0,regular,y,y,
CLE193405230,morge102,BOS,1,3,value,27,7,0,0,0,0,,,,,1,19340523,0,CLE06,v,CLE,1,0,0,regular,y,y,
CLE193405250,morge102,BOS,1,3,value,24,7,0,0,1,0,,,,,1,19340525,0,CLE06,v,CLE,0,1,0,regular,y,y,
DET193405260,morge102,BOS,1,3,value,24,7,0,0,0,0,,,,,1,19340526,0,DET04,v,DET,0,1,0,regular,y,y,
DET193405270,morge102,BOS,1,3,value,24,7,0,1,2,0,,,,,1,19340527,0,DET04,v,DET,0,1,0,regular,y,y,
DET193405270,morge102,BOS,1,3,official,,,,1,1,,,,,,1,19340527,0,DET04,v,DET,0,1,0,regular,y,y,
DET193405280,morge102,BOS,1,3,value,24,8,0,0,0,0,,,,,1,19340528,0,DET04,v,DET,0,1,0,regular,y,y,
PHA193405290,morge102,BOS,1,3,value,21,10,0,0,0,0,,,,,1,19340529,0,PHI11,v,PHA,1,0,0,regular,y,y,
PHA193405301,morge102,BOS,1,3,value,24,5,0,0,0,0,,,,,1,19340530,1,PHI11,v,PHA,0,1,0,regular,y,y,
PHA193405302,morge102,BOS,1,3,value,27,8,0,1,2,0,,,,,1,19340530,2,PHI11,v,PHA,1,0,0,regular,y,y,
WS1193406010,morge102,BOS,1,3,value,27,9,0,0,3,0,,,,,1,19340601,0,WAS09,v,WS1,1,0,0,regular,y,y,
WS1193406021,morge102,BOS,1,3,value,24,9,0,0,0,0,,,,,1,19340602,1,WAS09,v,WS1,0,1,0,regular,y,y,
WS1193406022,morge102,BOS,1,3,value,36,10,0,0,0,0,,,,,1,19340602,2,WAS09,v,WS1,1,0,0,regular,y,y,
WS1193406030,morge102,BOS,1,3,value,27,13,0,0,1,0,,,,,1,19340603,0,WAS09,v,WS1,1,0,0,regular,y,y,
BOS193406050,morge102,BOS,1,3,value,27,8,0,0,2,0,,,,,1,19340605,0,BOS07,h,NYA,1,0,0,regular,y,y,
BOS193406061,morge102,BOS,1,3,value,27,6,0,0,0,0,,,,,1,19340606,1,BOS07,h,NYA,0,1,0,regular,y,y,
BOS193406062,morge102,BOS,1,3,value,27,6,2,0,1,0,,,,,1,19340606,2,BOS07,h,NYA,1,0,0,regular,y,y,
BOS193406080,morge102,BOS,1,3,value,36,14,0,0,1,0,,,,,1,19340608,0,BOS07,h,WS1,1,0,0,regular,y,y,
BOS193406090,morge102,BOS,1,3,value,27,11,0,0,3,0,,,,,1,19340609,0,BOS07,h,WS1,0,1,0,regular,y,y,
BOS193406100,morge102,BOS,1,3,value,27,13,1,0,0,0,,,,,1,19340610,0,BOS07,h,WS1,1,0,0,regular,y,y,
BOS193406120,morge102,BOS,1,3,value,27,10,0,0,1,0,,,,,1,19340612,0,BOS07,h,DET,0,1,0,regular,y,y,
BOS193406130,morge102,BOS,1,3,value,27,8,0,0,0,0,,,,,1,19340613,0,BOS07,h,DET,1,0,0,regular,y,y,
BOS193406150,morge102,BOS,1,3,value,27,7,0,0,3,0,,,,,1,19340615,0,BOS07,h,DET,0,1,0,regular,y,y,
BOS193406160,morge102,BOS,1,3,value,27,14,0,0,0,0,,,,,1,19340616,0,BOS07,h,SLA,1,0,0,regular,y,y,
BOS193406171,morge102,BOS,1,3,value,27,12,0,0,1,0,,,,,1,19340617,1,BOS07,h,SLA,0,1,0,regular,y,y,
BOS193406172,morge102,BOS,1,3,value,18,12,0,0,0,0,,,,,1,19340617,2,BOS07,h,SLA,1,0,0,regular,y,y,
BOS193406181,morge102,BOS,1,3,value,27,10,0,0,1,0,,,,,1,19340618,1,BOS07,h,SLA,1,0,0,regular,y,y,
BOS193406182,morge102,BOS,1,3,value,27,9,0,0,0,0,,,,,1,19340618,2,BOS07,h,SLA,1,0,0,regular,y,d,
BOS193406200,morge102,BOS,1,3,value,27,9,0,0,0,0,,,,,1,19340620,0,BOS07,h,CHA,1,0,0,regular,y,y,
BOS193406211,morge102,BOS,1,3,value,27,11,0,0,0,0,,,,,1,19340621,1,BOS07,h,CHA,1,0,0,regular,y,y,
BOS193406212,morge102,BOS,1,3,value,27,11,3,0,1,0,,,,,1,19340621,2,BOS07,h,CHA,0,1,0,regular,y,y,
BOS193406220,morge102,BOS,1,3,value,27,9,0,0,0,0,,,,,1,19340622,0,BOS07,h,CHA,1,0,0,regular,y,y,
BOS193406230,morge102,BOS,1,3,value,27,12,0,0,2,0,,,,,1,19340623,0,BOS07,h,CHA,1,0,0,regular,y,y,
BOS193406240,morge102,BOS,1,3,value,27,9,1,0,0,0,,,,,1,19340624,0,BOS07,h,CLE,0,1,0,regular,y,y,
BOS193406250,morge102,BOS,1,3,value,27,9,1,0,1,0,,,,,1,19340625,0,BOS07,h,CLE,1,0,0,regular,y,y,
BOS193406260,morge102,BOS,1,3,value,27,11,1,0,1,0,,,,,1,19340626,0,BOS07,h,CLE,0,1,0,regular,y,y,
BOS193406270,morge102,BOS,1,3,value,27,7,0,0,0,0,,,,,1,19340627,0,BOS07,h,CLE,1,0,0,regular,y,y,
PHA193406280,morge102,BOS,1,3,value,24,6,0,0,2,0,,,,,1,19340628,0,PHI11,v,PHA,0,1,0,regular,y,y,
PHA193406300,morge102,BOS,1,3,value,27,6,0,0,2,0,,,,,1,19340630,0,PHI11,v,PHA,0,1,0,regular,y,y,
PHA193407010,morge102,BOS,1,3,value,27,12,0,0,1,0,,,,,1,19340701,0,PHI11,v,PHA,1,0,0,regular,y,y,
NYA193407020,morge102,BOS,1,3,value,24,10,1,0,0,0,,,,,1,19340702,0,NYC16,v,NYA,0,1,0,regular,y,y,
NYA193407030,morge102,BOS,1,3,value,33,11,0,0,1,0,,,,,1,19340703,0,NYC16,v,NYA,1,0,0,regular,y,y,
BOS193407041,morge102,BOS,1,3,value,27,10,0,0,1,0,,,,,1,19340704,1,BOS07,h,NYA,1,0,0,regular,y,y,
BOS193407042,morge102,BOS,1,3,value,27,10,1,0,2,0,,,,,1,19340704,2,BOS07,h,NYA,0,1,0,regular,y,y,
BOS193407050,morge102,BOS,1,3,value,27,10,0,0,1,0,,,,,1,19340705,0,BOS07,h,PHA,0,1,0,regular,y,y,
BOS193407060,morge102,BOS,1,3,value,27,12,0,0,1,0,,,,,1,19340706,0,BOS07,h,PHA,1,0,0,regular,y,y,
BOS193407070,morge102,BOS,1,3,value,27,9,1,0,0,0,,,,,1,19340707,0,BOS07,h,PHA,1,0,0,regular,y,y,
BOS193407081,morge102,BOS,1,3,value,27,7,2,0,2,0,,,,,1,19340708,1,BOS07,h,PHA,1,0,0,regular,y,y,
BOS193407082,morge102,BOS,1,3,value,27,10,0,0,0,0,,,,,1,19340708,2,BOS07,h,PHA,1,0,0,regular,y,y,
SLA193407130,morge102,BOS,1,3,value,27,9,1,0,2,0,,,,,1,19340713,0,STL07,v,SLA,1,0,0,regular,y,y,
SLA193407140,morge102,BOS,1,3,value,26,10,1,0,2,0,,,,,1,19340714,0,STL07,v,SLA,0,1,0,regular,y,d,
SLA193407151,morge102,BOS,1,3,value,27,11,0,0,0,0,,,,,1,19340715,1,STL07,v,SLA,1,0,0,regular,y,d,
SLA193407152,morge102,BOS,1,3,value,24,9,0,0,0,0,,,,,1,19340715,2,STL07,v,SLA,0,1,0,regular,y,d,
CHA193407161,morge102,BOS,1,3,value,27,12,0,0,2,0,,,,,1,19340716,1,CHI10,v,CHA,1,0,0,regular,y,y,
CHA193407162,morge102,BOS,1,3,value,24,11,0,0,0,0,,,,,1,19340716,2,CHI10,v,CHA,0,1,0,regular,y,y,
CHA193407170,morge102,BOS,1,3,value,27,10,0,0,1,0,,,,,1,19340717,0,CHI10,v,CHA,1,0,0,regular,y,y,
CHA193407180,morge102,BOS,1,3,value,27,7,0,0,3,0,,,,,1,19340718,0,CHI10,v,CHA,1,0,0,regular,y,y,
CLE193407190,morge102,BOS,1,3,value,25,7,0,0,0,0,,,,,1,19340719,0,CLE06,v,CLE,0,1,0,regular,y,y,
CLE193407200,morge102,BOS,1,3,value,24,8,2,1,0,0,,,,,1,19340720,0,CLE06,v,CLE,0,1,0,regular,y,y,
CLE193407210,morge102,BOS,1,3,value,27,6,2,0,0,0,,,,,1,19340721,0,CLE06,v,CLE,1,0,0,regular,y,y,
CLE193407221,morge102,BOS,1,3,value,24,12,0,0,1,0,,,,,1,19340722,1,CLE06,v,CLE,0,1,0,regular,y,y,
CLE193407222,morge102,BOS,1,3,value,24,8,0,0,0,0,,,,,1,19340722,2,CLE06,v,CLE,0,1,0,regular,y,y,
DET193407230,morge102,BOS,1,3,value,24,7,1,1,0,0,,,,,1,19340723,0,DET04,v,DET,0,1,0,regular,y,y,
DET193407230,morge102,BOS,1,3,official,,,,0,0,,,,,,1,19340723,0,DET04,v,DET,0,1,0,regular,y,y,
DET193407240,morge102,BOS,1,3,value,24,6,0,0,0,0,,,,,1,19340724,0,DET04,v,DET,0,1,0,regular,y,y,
DET193407250,morge102,BOS,1,3,value,27,8,0,0,1,0,,,,,1,19340725,0,DET04,v,DET,1,0,0,regular,y,y,
DET193407260,morge102,BOS,1,3,value,27,10,0,0,2,0,,,,,1,19340726,0,DET04,v,DET,1,0,0,regular,y,y,
WS1193407281,morge102,BOS,1,3,value,27,7,0,0,1,0,,,,,1,19340728,1,WAS09,v,WS1,1,0,0,regular,y,y,
WS1193407282,morge102,BOS,1,3,value,24,10,0,0,0,0,,,,,1,19340728,2,WAS09,v,WS1,0,1,0,regular,y,y,
WS1193407300,morge102,BOS,1,3,value,27,6,0,0,1,0,,,,,1,19340730,0,WAS09,v,WS1,1,0,0,regular,y,y,
NYA193407311,morge102,BOS,1,3,value,24,5,1,0,0,0,,,,,1,19340731,1,NYC16,v,NYA,0,1,0,regular,y,y,
NYA193407312,morge102,BOS,1,3,value,24,10,1,0,0,0,,,,,1,19340731,2,NYC16,v,NYA,0,1,0,regular,y,y,
NYA193408010,morge102,BOS,1,3,value,27,13,1,0,1,0,,,,,1,19340801,0,NYC16,v,NYA,1,0,0,regular,y,y,
NYA193408020,morge102,BOS,1,3,value,24,9,0,0,2,0,,,,,1,19340802,0,NYC16,v,NYA,0,1,0,regular,y,y,
BOS193408040,morge102,BOS,1,3,value,30,7,1,0,1,0,,,,,1,19340804,0,BOS07,h,WS1,0,1,0,regular,y,y,
BOS193408051,morge102,BOS,1,3,value,27,11,0,1,2,0,,,,,1,19340805,1,BOS07,h,WS1,0,1,0,regular,y,d,
BOS193408052,morge102,BOS,1,3,value,27,11,0,0,3,0,,,,,1,19340805,2,BOS07,h,WS1,1,0,0,regular,y,y,
BOS193408052,morge102,BOS,1,3,official,,,,0,0,,,,,,1,19340805,2,BOS07,h,WS1,1,0,0,regular,y,y,
BOS193408191,morge102,BOS,1,3,value,27,4,0,0,1,0,,,,,0,19340819,1,BOS07,h,DET,0,1,0,regular,y,y,
BOS193408192,morge102,BOS,1,3,value,27,11,1,0,0,0,,,,,1,19340819,2,BOS07,h,DET,0,1,0,regular,y,y,
BOS193408210,morge102,BOS,1,3,value,27,7,1,0,1,0,,,,,1,19340821,0,BOS07,h,DET,0,1,0,regular,y,y,
BOS193408220,morge102,BOS,1,3,value,30,10,2,0,0,0,,,,,1,19340822,0,BOS07,h,CHA,1,0,0,regular,y,y,
BOS193408230,morge102,BOS,1,3,value,27,11,1,0,2,0,,,,,1,19340823,0,BOS07,h,CHA,0,1,0,regular,y,y,
BOS193408251,morge102,BOS,1,3,value,33,16,0,0,3,0,,,,,1,19340825,1,BOS07,h,CHA,0,1,0,regular,y,y,
BOS193408252,morge102,BOS,1,3,value,33,11,0,1,0,0,,,,,1,19340825,2,BOS07,h,CHA,0,1,0,regular,y,y,
BOS193408261,morge102,BOS,1,3,value,27,11,1,0,0,0,,,,,1,19340826,1,BOS07,h,CLE,0,1,0,regular,y,y,
BOS193408262,morge102,BOS,1,3,value,27,7,0,0,2,0,,,,,1,19340826,2,BOS07,h,CLE,1,0,0,regular,y,y,
BOS193408270,morge102,BOS,1,3,value,27,10,1,0,0,0,,,,,1,19340827,0,BOS07,h,CLE,0,1,0,regular,y,y,
BOS193408280,morge102,BOS,1,3,value,27,13,0,0,1,0,,,,,1,19340828,0,BOS07,h,CLE,1,0,0,regular,y,y,
PHA193409010,morge102,BOS,1,3,value,25,12,2,0,0,0,,,,,1,19340901,0,PHI11,v,PHA,0,1,0,regular,y,y,
PHA193409020,morge102,BOS,1,3,value,27,12,0,0,2,0,,,,,1,19340902,0,PHI11,v,PHA,1,0,0,regular,y,y,
WS1193409031,morge102,BOS,1,3,value,27,10,0,0,2,0,,,,,1,19340903,1,WAS09,v,WS1,1,0,0,regular,y,y,
WS1193409032,morge102,BOS,1,3,value,24,5,0,0,0,0,,,,,1,19340903,2,WAS09,v,WS1,0,0,1,regular,y,y,
CLE193409050,morge102,BOS,1,3,value,24,13,0,0,2,0,,,,,1,19340905,0,CLE06,v,CLE,0,1,0,regular,y,y,
CLE193409060,morge102,BOS,1,3,value,27,8,0,0,0,0,,,,,1,19340906,0,CLE06,v,CLE,1,0,0,regular,y,y,
CLE193409081,morge102,BOS,1,3,value,24,10,0,0,0,0,,,,,1,19340908,1,CLE06,v,CLE,0,1,0,regular,y,y,
CLE193409082,morge102,BOS,1,3,value,24,8,0,0,0,0,,,,,1,19340908,2,CLE06,v,CLE,0,1,0,regular,y,y,
DET193409090,morge102,BOS,1,3,value,29,14,0,0,0,0,,,,,1,19340909,0,DET04,v,DET,0,1,0,regular,y,y,
DET193409100,morge102,BOS,1,3,value,24,10,0,0,0,0,,,,,1,19340910,0,DET04,v,DET,0,1,0,regular,y,y,
DET193409110,morge102,BOS,1,3,value,33,9,1,0,1,0,,,,,1,19340911,0,DET04,v,DET,1,0,0,regular,y,y,
DET193409120,morge102,BOS,1,3,value,27,9,0,0,1,0,,,,,1,19340912,0,DET04,v,DET,1,0,0,regular,y,y,
CHA193409140,morge102,BOS,1,3,value,24,5,0,0,2,0,,,,,1,19340914,0,CHI10,v,CHA,0,1,0,regular,y,y,
CHA193409161,morge102,BOS,1,3,value,26,11,2,0,2,0,,,,,1,19340916,1,CHI10,v,CHA,0,1,0,regular,y,d,
CHA193409162,morge102,BOS,1,3,value,24,4,0,0,0,0,,,,,1,19340916,2,CHI10,v,CHA,0,1,0,regular,y,d,
SLA193409170,morge102,BOS,1,3,value,27,11,0,0,1,0,,,,,1,19340917,0,STL07,v,SLA,1,0,0,regular,y,y,
SLA193409180,morge102,BOS,1,3,value,30,15,0,0,0,0,,,,,1,19340918,0,STL07,v,SLA,1,0,0,regular,y,y,
SLA193409190,morge102,BOS,1,3,value,24,8,0,0,2,0,,,,,1,19340919,0,STL07,v,SLA,0,1,0,regular,y,y,
SLA193409200,morge102,BOS,1,3,value,25,8,0,0,0,0,,,,,1,19340920,0,STL07,v,SLA,0,1,0,regular,y,y,
NYA193409231,morge102,BOS,1,3,value,24,9,1,0,0,0,,,,,1,19340923,1,NYC16,v,NYA,0,1,0,regular,y,d,
NYA193409240,morge102,BOS,1,3,value,27,16,0,1,2,0,,,,,1,19340924,0,NYC16,v,NYA,1,0,0,regular,y,y,
BOS193409251,morge102,BOS,1,3,value,27,8,0,0,1,0,,,,,1,19340925,1,BOS07,h,WS1,1,0,0,regular,y,y,
BOS193409252,morge102,BOS,1,3,value,27,10,0,0,1,0,,,,,1,19340925,2,BOS07,h,WS1,1,0,0,regular,y,y,
BOS193409301,morge102,BOS,1,3,value,27,10,1,0,0,0,,,,,1,19340930,1,BOS07,h,PHA,1,0,0,regular,y,d,
ASD193410120,morge102,ASD,1,3,value,27,5,0,1,0,0,,,,,1,19341012,0,KAN05,h,KCM,0,1,0,exhibition,y,,
