gid,id,team,d_seq,d_pos,stattype,d_ifouts,d_po,d_a,d_e,d_dp,d_tp,d_pb,d_wp,d_sb,d_cs,d_gs,date,number,site,vishome,opp,win,loss,tie,gametype,box,pbp,eject
PHG190309120,monrb102,PHG,1,6,value,9,0,0,0,0,0,,,,,1,19030912,0,PHI10,h,CUX,0,1,0,championship,y,d,
PHG190309120,monrb102,PHG,2,3,value,18,2,2,1,0,0,,,,,0,19030912,0,PHI10,h,CUX,0,1,0,championship,y,d,
PHG190309132,monrb102,PHG,1,3,value,27,11,1,0,2,0,,,,,1,19030913,2,NYC18,h,CUX,1,0,0,championship,y,,
CUX190309140,monrb102,PHG,1,3,value,24,12,0,1,1,0,,,,,1,19030914,0,TRE02,v,CUX,0,1,0,championship,y,d,
CUX190409010,monrb102,PHG,1,6,value,27,1,1,1,0,0,,,,,1,19040901,0,ACY01,v,CUX,1,0,0,championship,y,,
CUX190409020,monrb102,PHG,1,6,value,24,1,4,2,0,0,,,,,1,19040902,0,ACY01,v,CUX,0,1,0,championship,y,,
CUX190409030,monrb102,PHG,1,6,value,27,2,2,0,0,0,,,,,1,19040903,0,ACY01,v,CUX,1,0,0,championship,y,,
NYL191307201,monrb102,CAG,1,4,value,26,2,6,0,0,0,,,,,1,19130720,1,NYC22,v,NYL,0,1,0,championship,y,,
NYL191307202,monrb102,CAG,1,4,value,27,6,4,1,2,0,,,,,1,19130720,2,NYC22,v,NYL,1,0,0,championship,y,,
CAG191307270,monrb102,CAG,1,4,value,27,6,1,1,0,0,,,,,1,19130727,0,CHI09,h,NYL,0,1,0,championship,y,y,
CAG191307280,monrb102,CAG,1,4,value,27,2,2,1,0,0,,,,,1,19130728,0,CHI09,h,NYL,0,1,0,championship,y,y,
CAG191308022,monrb102,CAG,1,4,value,,0,2,0,0,0,,,,,,19130802,2,CHI09,h,NYL,0,1,0,championship,y,,
CAG191308090,monrb102,CAG,1,4,value,9,2,3,0,1,0,,,,,1,19130809,0,CHI09,h,NYL,0,1,0,championship,y,,
CAG191308090,monrb102,CAG,2,9,value,12,0,0,0,0,0,,,,,,19130809,0,CHI09,h,NYL,0,1,0,championship,y,,
CAG191308090,monrb102,CAG,3,4,value,6,0,0,0,0,0,,,,,1,19130809,0,CHI09,h,NYL,0,1,0,championship,y,,
