gid,id,team,b_lp,b_seq,stattype,b_pa,b_ab,b_r,b_h,b_d,b_t,b_hr,b_rbi,b_sh,b_sf,b_hbp,b_w,b_iw,b_k,b_sb,b_cs,b_gdp,b_xi,b_roe,dh,ph,pr,date,number,site,vishome,opp,win,loss,tie,gametype,box,pbp,eject
CI1193707242,oslej101,BIR,9,2,value,1,1,0,0,0,0,0,0,0,0,0,0,0,,0,0,0,0,0,,,,19370724,2,DAY03,v,CI1,0,1,0,exhibition,y,d,
ATN193708200,oslej101,BIR,,,value,,,,,,,,,,,,,,,,,,,,,,,19370820,0,ATL04,v,ATN,0,1,0,regular,,,
JAX193805080,oslej101,BIR,9,4,value,1,1,0,0,0,0,0,,0,,0,0,,,0,,,,,,,,19380508,0,JKV01,v,JAX,0,1,0,exhibition,y,,
ATN193805170,oslej101,BIR,9,3,value,1,1,0,0,0,0,0,0,0,0,0,0,0,,0,0,0,0,0,,,,19380517,0,ATL04,v,ATN,0,1,0,regular,y,d,
BIR193805221,oslej101,BIR,9,4,value,0,0,0,0,0,0,0,0,0,0,0,0,0,,0,0,0,0,0,,,,19380522,1,BIR01,h,ATN,0,1,0,regular,y,d,
BIR193805260,oslej101,BIR,9,3,value,2,2,0,1,0,0,0,0,0,0,0,0,0,0,0,0,0,0,0,,,,19380526,0,BIR01,h,ATN,0,1,0,regular,y,d,
IN7193805292,oslej101,BIR,,1,value,,,0,,,,0,0,,,,,,,,,,,,,,,19380529,2,MOU01,v,IN7,0,1,0,regular,,,
MEM193806052,oslej101,BIR,,1,value,,,,,,,,,,,,,,,,,,,,,,,19380605,2,MEM02,v,MEM,0,1,0,regular,,,
KCM193806122,oslej101,BIR,9,1,value,2,2,0,1,0,0,0,0,0,0,0,0,0,,0,0,0,0,0,,,,19380612,2,KAN05,v,KCM,0,1,0,regular,y,d,
BIR193806190,oslej101,BIR,9,1,value,0,0,0,0,0,0,0,0,0,0,0,0,0,0,0,0,0,0,0,,,,19380619,0,BIR01,h,MEM,0,1,0,regular,y,y,
BIR193806200,oslej101,BIR,,,value,,,,,,,,,,,,,,,,,,,,,,,19380620,0,BIR01,h,MEM,1,0,0,regular,,,
BIR193806262,oslej101,BIR,,2,value,,,,,,,,,,,,,,,,,,,,,,,19380626,2,BIR01,h,JAX,1,0,0,regular,,,
CAG193807032,oslej101,BIR,,2,value,,,,,,,,,,,,,,,,,,,,,,,19380703,2,CHI09,v,CAG,0,1,0,regular,,,
CAG193807042,oslej101,BIR,,1,value,,,,,,,,,,,,,,,,,,,,,,,19380704,2,CHI09,v,CAG,1,0,0,regular,,,
KCM193807101,oslej101,BIR,9,1,value,0,0,0,0,0,0,0,0,0,0,0,0,0,,0,0,0,0,0,,,,19380710,1,KAN05,v,KCM,0,1,0,regular,y,d,
BIR193807140,oslej101,BIR,9,3,value,0,0,0,0,0,0,0,0,0,0,0,0,0,0,0,0,0,0,0,,,,19380714,0,BIR01,h,ATN,0,1,0,regular,y,d,
MEM193807200,oslej101,BIR,1,,value,,,,,,,,,,,,,,,,,,,,,,,19380720,0,LRK02,v,MEM,0,1,0,regular,,,
