gid,id,team,p_seq,stattype,p_ipouts,p_noout,p_bfp,p_h,p_d,p_t,p_hr,p_r,p_er,p_w,p_iw,p_k,p_hbp,p_wp,p_bk,p_sh,p_sf,p_sb,p_cs,p_pb,wp,lp,save,p_gs,p_gf,p_cg,date,number,site,vishome,opp,win,loss,tie,gametype,box,pbp
CUX190409010,fostr105,PHG,1,value,27,,36,7,,,2,4,,5,,18,0,0,0,0,,,,,1,,,1,,1,19040901,0,ACY01,v,CUX,1,0,0,championship,y,
CUX190409010,mccld101,CUX,1,value,12,,21,6,,,1,5,,0,,2,1,0,0,1,,,,,,1,,1,,,19040901,0,ACY01,h,PHG,0,1,0,championship,y,
CUX190409010,ballw102,CUX,2,value,15,,23,4,,,0,3,,2,,2,0,0,0,1,,,,,,,,,1,,19040901,0,ACY01,h,PHG,0,1,0,championship,y,
CUX190409020,hornw101,PHG,1,value,18,,27,5,,,0,3,1,3,,4,0,0,0,0,,,,,,1,,1,,,19040902,0,ACY01,v,CUX,0,1,0,championship,y,
CUX190409020,fostr105,PHG,2,value,6,,6,0,,,0,0,0,0,,0,0,0,0,0,,,,,,,,,1,,19040902,0,ACY01,v,CUX,0,1,0,championship,y,
CUX190409020,buckh101,CUX,1,value,27,,35,6,,,0,1,1,2,,4,0,0,0,0,,,,,1,,,1,,1,19040902,0,ACY01,h,PHG,1,0,0,championship,y,
CUX190409030,fostr105,PHG,1,value,27,,33,2,,,1,2,1,1,,5,3,0,0,0,,,,,1,,,1,,1,19040903,0,ACY01,v,CUX,1,0,0,championship,y,
CUX190409030,mccld101,CUX,1,value,27,,34,6,,,0,4,2,1,,5,2,0,0,0,,,,,,1,,1,,1,19040903,0,ACY01,h,PHG,0,1,0,championship,y,
