gid,id,team,b_lp,b_seq,stattype,b_pa,b_ab,b_r,b_h,b_d,b_t,b_hr,b_rbi,b_sh,b_sf,b_hbp,b_w,b_iw,b_k,b_sb,b_cs,b_gdp,b_xi,b_roe,dh,ph,pr,date,number,site,vishome,opp,win,loss,tie,gametype,box,pbp,eject
BIR194004211,mcbrf101,BIR,3,1,value,5,5,2,2,0,0,1,1,0,,0,0,0,,0,,,0,,,,,19400421,1,BIR01,h,BLG,0,1,0,exhibition,y,,
BIR194004212,mcbrf101,BIR,3,1,value,3,2,2,1,0,0,0,,0,,0,1,,,0,,,0,,,,,19400421,2,BIR01,h,BLG,1,0,0,exhibition,y,,
BIR194005121,mcbrf101,BIR,6,2,value,2,2,0,0,0,0,0,0,0,,0,0,0,,0,,,0,,,,,19400512,1,BIR01,h,KCM,0,1,0,regular,y,,
BIR194005191,mcbrf101,BIR,9,2,value,1,1,0,0,0,0,0,,0,,0,0,0,,0,,,0,,,,,19400519,1,BIR01,h,SNO,0,1,0,regular,y,,
BIR194006021,mcbrf101,BIR,4,1,value,5,5,0,0,0,0,0,0,0,,0,0,0,,0,,,0,,,,,19400602,1,BIR01,h,MEM,0,1,0,regular,y,,
MEM194006091,mcbrf101,BIR,4,1,value,5,5,1,2,0,0,0,0,0,,0,0,0,,0,,,0,,,,,19400609,1,MEM02,v,MEM,1,0,0,regular,y,,
MEM194006092,mcbrf101,BIR,4,1,value,3,3,0,1,0,0,0,0,0,,0,0,0,,0,,,0,,,,,19400609,2,MEM02,v,MEM,0,1,0,regular,y,,
BIR194006231,mcbrf101,BIR,3,1,value,6,6,2,3,0,0,0,,0,,0,0,0,,0,,,0,,,,,19400623,1,BIR01,h,CV9,0,1,0,regular,y,,
BIR194006232,mcbrf101,BIR,3,1,value,3,3,0,0,0,0,0,,0,,0,0,0,,0,,,0,,,,,19400623,2,BIR01,h,CV9,1,0,0,regular,y,,
CV9194006301,mcbrf101,BIR,9,2,value,1,1,0,0,0,0,0,,0,,0,0,0,,0,,,0,,,,,19400630,1,ATL04,v,CV9,1,0,0,regular,y,,
KCM194007040,mcbrf101,BIR,6,2,value,1,1,0,0,0,0,0,0,0,,0,0,0,,0,,,0,,,,,19400704,0,KAN05,v,KCM,0,1,0,regular,y,,
MEM194007142,mcbrf101,BIR,6,2,value,2,2,0,0,0,0,0,0,0,,0,0,0,,0,,,0,,,,,19400714,2,MEM02,v,MEM,0,1,0,regular,y,,
BIR194008042,mcbrf101,BIR,1,2,value,1,1,0,0,0,0,0,,0,,0,0,0,,0,,,0,,,,,19400804,2,BIR01,h,KCM,0,1,0,regular,y,,
BIR194008181,mcbrf101,BIR,3,1,value,4,4,0,1,0,0,0,,0,,0,0,0,,0,,,0,,,,,19400818,1,BIR01,h,CAG,1,0,0,exhibition,y,,
BIR194008182,mcbrf101,BIR,3,1,value,3,3,0,1,0,0,0,,0,,0,0,0,,0,,,0,,,,,19400818,2,BIR01,h,CAG,1,0,0,exhibition,y,,
KCM194009010,mcbrf101,BIR,9,2,value,1,1,0,0,0,0,0,,0,,0,0,0,,0,,,0,,,,,19400901,0,KAN05,v,KCM,0,1,0,regular,y,,
