gid,team,inn1,inn2,inn3,inn4,inn5,inn6,inn7,inn8,inn9,inn10,inn11,inn12,inn13,inn14,inn15,inn16,inn17,inn18,inn19,inn20,inn21,inn22,inn23,inn24,inn25,inn26,inn27,inn28,lob,mgr,stattype,b_pa,b_ab,b_r,b_h,b_d,b_t,b_hr,b_rbi,b_sh,b_sf,b_hbp,b_w,b_iw,b_k,b_sb,b_cs,b_gdp,b_xi,b_roe,p_ipouts,p_noout,p_bfp,p_h,p_d,p_t,p_hr,p_r,p_er,p_w,p_iw,p_k,p_hbp,p_wp,p_bk,p_sh,p_sf,p_sb,p_cs,p_pb,d_po,d_a,d_e,d_dp,d_tp,d_pb,d_wp,d_sb,d_cs,start_l1,start_l2,start_l3,start_l4,start_l5,start_l6,start_l7,start_l8,start_l9,start_f1,start_f2,start_f3,start_f4,start_f5,start_f6,start_f7,start_f8,start_f9,start_f10,date,number,site,vishome,opp,win,loss,tie,gametype,box,pbp
PTC193209270,NLN,0,0,0,0,0,0,0,2,0,,,,,,,,,,,,,,,,,,,,9,stenc101,value,38,36,2,10,2,1,0,2,0,,0,2,,4,2,,,,,24,,43,12,3,0,0,11,0,2,,7,0,2,0,1,,0,,0,24,13,2,0,0,0,2,0,,fullc101,englg101,tayld101,wilsh102,warsr101,fredj101,paddt101,todda101,swifb101,swifb101,paddt101,todda101,fullc101,englg101,warsr101,fredj101,tayld101,wilsh102,,19320927,0,YOR01,v,PTC,0,1,0,exhibition,y,
PTC193209270,PTC,3,0,6,0,0,1,0,1,,,,,,,,,,,,,,,,,,,,,8,charo101,value,43,40,11,12,3,0,0,11,1,,0,2,,7,0,,,,,27,,38,10,2,1,0,2,0,2,,4,0,0,0,0,,2,,1,27,8,1,2,0,1,0,2,,paget101,crutj101,charo101,gibsj101,wilsj106,johnj108,russj105,stepj105,bellw101,bellw101,gibsj101,charo101,russj105,johnj108,stepj105,wilsj106,crutj101,paget101,,19320927,0,YOR01,h,NLN,1,0,0,exhibition,y,
PTC193505220,CAG,0,0,0,0,1,0,1,1,0,,,,,,,,,,,,,,,,,,,,8,browl107,value,38,37,3,8,,,1,,0,,0,1,,12,,,,,,24,,42,15,,,1,10,,4,,,0,,,0,,,,,24,,,,,,,,,marsj104,radca101,wellw101,steat101,suttm101,reduw101,browl107,clayz101,browo104,browo104,browl107,clayz101,marsj104,radca101,wellw101,suttm101,steat101,reduw101,,19350522,0,YOR01,v,PTC,0,1,0,regular,y,
PTC193505220,PTC,0,2,1,0,2,4,1,0,x,,,,,,,,,,,,,,,,,,,,8,charo101,value,42,38,10,15,,,1,,0,,0,4,,,,,,,,27,,38,8,,,1,3,,1,,12,0,,,0,,,,,27,,,,,,,,,bellj103,banks101,harrc104,gibsj101,johnj108,willc106,crutj101,bondt102,stres101,stres101,gibsj101,harrc104,willc106,johnj108,bondt102,banks101,bellj103,crutj101,,19350522,0,YOR01,h,CAG,1,0,0,regular,y,
PTC193505280,PH5,0,1,0,0,0,5,2,0,1,,,,,,,,,,,,,,,,,,,,7,mcdow101,value,43,43,9,12,,,,,,,,,,,,,,,,27,,29,2,,,,0,0,,,,,,,,,,,,27,15,1,,,,,,,lyong102,cread101,whitc103,wilsj106,mackb102,dunnj104,seayd101,washp101,holml101,holml101,mackb102,wilsj106,seayd101,cread101,dunnj104,whitc103,washp101,lyong102,,19350528,0,YOR01,v,PTC,1,0,0,regular,y,
PTC193505280,PTC,0,0,0,0,0,0,0,0,0,,,,,,,,,,,,,,,,,,,,2,charo101,value,29,29,0,2,,,,,,,,,,,,,,,,27,,43,12,,,,9,,,,,,,,,,,,,27,10,1,,,,,,,crutj101,banks101,perkb101,bellj103,gibsj101,johnj108,willc106,bondt102,bellw101,bellw101,gibsj101,johnj108,willc106,bellj103,bondt102,banks101,crutj101,perkb101,,19350528,0,YOR01,h,PH5,0,1,0,regular,y,
ASD193510140,NNS,2,0,2,7,0,0,0,0,0,,,,,,,,,,,,,,,,,,,,4,charo101,value,42,42,11,15,0,0,2,,0,,0,,,,0,,,,,27,,36,9,0,0,0,1,0,,,,0,0,0,0,,0,,0,27,12,0,0,0,0,0,0,,bellj103,paget101,pattp102,gibsj101,willh105,burbb102,casem101,matll101,mcdow101,mcdow101,casem101,matll101,pattp102,gibsj101,willh105,burbb102,bellj103,paget101,,19351014,0,YOR01,v,ASD,1,0,0,exhibition,y,
ASD193510140,ASD,0,0,0,0,1,0,0,0,0,,,,,,,,,,,,,,,,,,,,8,deand102,value,36,36,1,9,0,0,0,,0,,0,,,,0,,,,,27,,42,15,0,0,2,11,0,,,,0,0,0,0,,0,,0,27,13,5,0,0,0,0,0,,carno101,gingu101,rippj101,soltm101,thevt101,swifb101,winfj101,garbb102,deand102,deand102,garbb102,gingu101,deand102,rippj101,thevt101,soltm101,carno101,deand102,,19351014,0,YOR01,h,NNS,0,1,0,exhibition,y,
