gid,visteam,hometeam,site,date,number,starttime,daynight,innings,tiebreaker,usedh,htbf,timeofgame,attendance,fieldcond,precip,sky,temp,winddir,windspeed,oscorer,forfeit,suspend,umphome,ump1b,ump2b,ump3b,umplf,umprf,wp,lp,save,gametype,vruns,hruns,wteam,lteam,line,batteries,lineups,box,pbp,season
MEM193804030,HOM,MEM,MEM02,19380403,0,,day,,,false,,0,1000,unknown,unknown,unknown,0,unknown,-1,,,,wallg901,goodw901,,,,,welmr101,breme101,partr102,exhibition,7,3,HOM,MEM,y,both,y,y,y,1938
PH5193804130,HOM,PH5,GAL01,19380413,0,,day,,,,,,,,,,,,,,,,harru901,,,,,,partr102,missj102,browr103,exhibition,7,4,HOM,PH5,y,both,y,y,,1938
KCM193804140,HOM,KCM,HOU04,19380414,0,,day,,,,,,,,,,,,,,,,obriu901,fredu901,,,,,welmr101,bradf104,,exhibition,9,5,HOM,KCM,y,both,y,y,,1938
HOM193804171,KCM,HOM,NOL01,19380417,1,,day,,,false,,135,3000,unknown,unknown,unknown,0,unknown,-1,,,,pullu901,benju901,(none),pipku901,,,browr103,parku101,,exhibition,3,4,HOM,KCM,y,both,y,y,d,1938
HOM193804172,KCM,HOM,NOL01,19380417,2,,day,6,,false,,90,3000,unknown,unknown,unknown,0,unknown,-1,,,,pullu901,benju901,(none),pipku901,,,kranf101,partr102,,exhibition,6,3,KCM,HOM,y,both,y,y,y,1938
ATN193804240,HOM,ATN,ATL04,19380424,0,,day,,,false,,0,5000,unknown,unknown,unknown,0,unknown,-1,,,,,,,,,,browr103,mitcb104,,exhibition,4,1,HOM,ATN,y,both,y,y,y,1938
ATN193804250,HOM,ATN,ATL04,19380425,0,,day,,,false,,0,500,unknown,unknown,unknown,0,unknown,-1,,,,,,,,,,partr102,fernb101,,exhibition,6,3,HOM,ATN,y,both,y,y,d,1938
ATN193804260,HOM,ATN,ATL04,19380426,0,,day,,,false,,0,0,unknown,unknown,unknown,0,unknown,-1,,,,harvu901,doylj901,,,,,walke103,dixoe101,browr103,exhibition,8,4,HOM,ATN,y,both,y,y,d,1938
PTC193804300,HOM,PTC,PIT09,19380430,0,,,9,,FALSE,,,,,,,,,,,,,,,,,,,browr103,harvb101,,exhibition,10,5,HOM,PTC,y,both,y,y,,1938
HOM193805081,NY5,HOM,IND10,19380508,1,,,,,,,,1500,,,,,,,,,,,,,,,,browr103,,,exhibition,7,16,HOM,NY5,,,,,,1938
HOM193805082,NY5,HOM,IND10,19380508,2,,,7,,,,,1500,,,,,,,,,,,,,,,,stann101,,,exhibition,1,0,NY5,HOM,,,,,,1938
HOM193805120,NY5,HOM,BEC01,19380512,0,,night,,,false,,130,700,unknown,unknown,unknown,0,unknown,-1,,,,,,,,,,hannl102,davir103,,exhibition,3,9,HOM,NY5,y,both,y,y,d,1938
HOM193805150,NY5,HOM,CUM01,19380515,0,,day,,,false,,0,0,unknown,unknown,unknown,0,unknown,-1,,,,,,,,,,browr103,browb107,,regular,0,2,HOM,NY5,y,both,y,y,d,1938
HOM193805160,NY5,HOM,MSN01,19380516,0,,night,,,false,,110,1000,unknown,unknown,unknown,0,unknown,-1,,,,harrm103,craij901,,,,,hollb106,parkt101,,exhibition,12,7,NY5,HOM,y,both,y,y,d,1938
HOM193805170,NY5,HOM,SCP01,19380517,0,,day,,,false,,0,500,unknown,unknown,unknown,0,unknown,-1,,,,,,,,,,walke103,stann101,,exhibition,5,10,HOM,NY5,y,both,y,y,d,1938
PH5193805211,HOM,PH5,PHI17,19380521,1,,day,,,false,,0,0,unknown,unknown,unknown,0,unknown,-1,,,,mccrf901,cockp101,,,,,partr102,jones107,browr103,regular,8,1,HOM,PH5,y,both,y,y,d,1938
PH5193805212,HOM,PH5,PHI17,19380521,2,,day,7,,false,,0,0,unknown,unknown,unknown,0,unknown,-1,,,,mccrf901,cockp101,,,,,mcdow101,welmr101,,regular,3,8,PH5,HOM,y,both,y,y,d,1938
PH5193805221,HOM,PH5,PHI16,19380522,1,,day,,,,,,,,,,,,,,,,mccrf901,cockp101,,,,,browr103,missj102,,regular,11,3,HOM,PH5,y,both,y,y,,1938
PH5193805222,HOM,PH5,PHI17,19380522,2,,,7,,,,,,,,,,,,,,,,,,,,,walke103,brutj101,,regular,6,2,HOM,PH5,y,both,y,y,,1938
PH5193805230,HOM,PH5,CHE02,19380523,0,,night,,,false,,0,0,unknown,unknown,unknown,0,unknown,-1,,,,,,,,,,missj102,parkt101,,regular,0,5,PH5,HOM,y,both,y,y,d,1938
HOM193805280,WBS,HOM,PPB01,19380528,0,,day,,,false,,0,0,unknown,unknown,unknown,0,unknown,-1,,,,harrm103,mccrf901,,,,,partr102,yokel101,browr103,regular,8,10,HOM,WBS,y,both,y,y,d,1938
HOM193805291,WBS,HOM,CLE07,19380529,1,,,,,,,,5000,,,,,,,,,,,,,,,,browr103,robes104,,regular,0,6,HOM,WBS,y,both,y,y,,1938
HOM193805292,WBS,HOM,CLE07,19380529,2,,,7,,,,,5000,,,,,,,,,,,,,,,,walke103,nashg101,,regular,1,13,HOM,WBS,y,both,,,,1938
HOM193805301,WBS,HOM,PIT09,19380530,1,,day,,,,,,,,,,,,,,,,,,,,,,parkt101,yokel101,,regular,3,16,HOM,WBS,y,both,y,y,,1938
HOM193805302,WBS,HOM,PIT09,19380530,2,,day,7,,,,,,,,,,,,,,,,,,,,,dulal101,richh102,,regular,3,6,HOM,WBS,y,both,,,,1938
HOM193805310,WBS,HOM,CAN03,19380531,0,,night,,,false,,0,0,unknown,unknown,unknown,0,unknown,-1,,,,,,,,,,browr103,britg103,,regular,9,22,HOM,WBS,y,both,y,y,d,1938
NW2193806040,HOM,NW2,TRE01,19380604,0,,,,,,,,250,,,,,,,,,,,,,,,,browr103,day-l101,,regular,7,6,HOM,NW2,y,both,y,y,,1938
NW2193806051,HOM,NW2,NWK04,19380605,1,,day,,,false,,0,6000,unknown,unknown,unknown,0,unknown,-1,,,,,,,,,,walke103,evanb105,,regular,9,2,HOM,NW2,y,both,y,y,d,1938
NW2193806052,HOM,NW2,NWK04,19380605,2,,day,7,,false,,0,6000,unknown,unknown,unknown,0,unknown,-1,,,,,,,,,,browr103,day-l101,,regular,4,1,HOM,NW2,y,both,y,y,d,1938
PH5193806090,HOM,PH5,PHI17,19380609,0,,night,,,false,,0,4000,unknown,unknown,unknown,0,unknown,-1,,,,,,,,,,mcdow101,partr102,,regular,2,4,PH5,HOM,y,both,y,y,d,1938
HOM193806120,BLG,HOM,IND10,19380612,0,,day,,,,,,,,,,,,,,,,,,,,,,browr103,grifb102,,regular,2,6,HOM,BLG,y,both,y,y,,1938
HOM193806140,BLG,HOM,LOU05,19380614,0,,night,,,,,,2300,,,,,,,,,,,,,,,,browr103,glovt101,,regular,0,11,HOM,BLG,y,both,y,y,,1938
HOM193806150,BLG,HOM,LOU05,19380615,0,,night,9,,FALSE,,,1700,,,,,,,,,,,,,,,,,,,regular,4,11,HOM,BLG,,,,,,1938
HOM193806160,BLG,HOM,MID02,19380616,0,,,,,FALSE,,,,,,,,,,,,,,,,,,,parkt101,gainj102,,regular,1,5,HOM,BLG,y,both,y,y,,1938
HOM193806170,BLG,HOM,TOL05,19380617,0,,night,9,,FALSE,,,3500,,,,,,,,,,,,,,,,parkt101,gainj102,,regular,6,14,HOM,BLG,,,,,,1938
BLG193806180,HOM,BLG,SPR04,19380618,0,,night,,,,,,,,,,,,,,,,,,,,,,direj101,partr102,,regular,11,12,BLG,HOM,y,both,,,,1938
HOM193806191,BLG,HOM,COL05,19380619,1,,day,,,,,,3300,,,,,,,,Y,,crumj101,,,,,,browr103,,,regular,7,8,HOM,BLG,,,,,,1938
HOM193806192,BLG,HOM,COL05,19380619,2,,day,7,,,,,3300,,,,,,,,Y,,crumj101,,,,,,,,,regular,9,4,HOM,BLG,,,,,,1938
HOM193806220,BLG,HOM,SCP01,19380622,0,,day,,,,,,,,,,,,,,,,,,,,,,direj101,browr103,,exhibition,13,7,BLG,HOM,,both,,,,1938
PTC193807021,HOM,PTC,MSN01,19380702,1,,day,,,,,,1200,,,,,,,,,,,,,,,,partr102,smitt105,,regular,11,4,HOM,PTC,,,,,,1938
PTC193807022,HOM,PTC,GRE04,19380702,2,,night,,,,,,1200,,,,,,,,,,,,,,,,parkt101,cainm101,,regular,6,3,HOM,PTC,,,,,,1938
HOM193807031,PTC,HOM,CLE07,19380703,1,,,,,,,,,,,,,,,,,,harrm103,harrb901,,porth901,,,,,,regular,4,10,HOM,PTC,y,both,y,y,,1938
HOM193807032,PTC,HOM,CLE07,19380703,2,,,7,,,,,,,,,,,,,,,,,,,,,walke103,harvb101,,regular,0,6,HOM,PTC,y,both,y,y,,1938
PTC193807041,HOM,PTC,PIT09,19380704,1,,day,,,,,,4000,,,,,,,,,,harrm103,harrb901,,,,,browr103,matll101,,regular,8,4,HOM,PTC,y,both,y,y,,1938
PTC193807042,HOM,PTC,PIT09,19380704,2,,day,7,,,,,4000,,,,,,,,,,,,,,,,partr102,taylj108,,regular,7,3,HOM,PTC,Y,both,,,,1938
BLG193807090,HOM,BLG,BAL14,19380709,0,,day,,,,,,,,,,,,,,,,harrb901,cromu901,,,,,partr102,grifb102,,regular,5,3,HOM,BLG,y,both,y,y,,1938
BLG193807101,HOM,BLG,BAL14,19380710,1,,,,,,,,,,,,,,,,,,,,,,,,browr103,byrdb101,,regular,8,6,HOM,BLG,y,both,y,y,,1938
BLG193807102,HOM,BLG,BAL14,19380710,2,,,7,,,,,,,,,,,,,,,,,,,,,direj101,parkt101,,regular,5,6,BLG,HOM,y,both,y,y,,1938
BLG193807110,HOM,BLG,BAL14,19380711,0,,night,9,,FALSE,,,,,,,,,,,,,,,,,,,walke103,glovt101,,regular,10,6,HOM,BLG,y,both,y,y,,1938
HOM193807161,NY5,HOM,PIT09,19380716,1,,day,,,false,,0,0,unknown,unknown,unknown,0,unknown,-1,,,,craij901,harrm103,,,,,stann101,browr103,hollb106,regular,10,4,NY5,HOM,y,both,y,y,d,1938
HOM193807162,NY5,HOM,GRE04,19380716,2,,night,,,,,,,,,,,,,,,,,,,,,,,,,exhibition,6,2,NY5,HOM,,,,,,1938
HOM193807171,NY5,HOM,CLE06,19380717,1,,day,,,,,,,,,,,,,,,,craij901,harrm103,,,,,walke103,stann101,,regular,2,11,HOM,NY5,y,both,y,y,,1938
HOM193807172,NY5,HOM,CLE06,19380717,2,,day,7,,,,,,,,,,,,,,,,,,,,,browb107,welmr101,,regular,1,0,NY5,HOM,y,both,y,y,,1938
HOM193807180,NY5,HOM,DAY03,19380718,0,,night,9,,FALSE,,,2163,,,,,,,,,,,,,,,,browr103,,,exhibition,2,15,HOM,NY5,y,both,,,,1938
HOM193807190,NY5,HOM,COL05,19380719,0,,night,9,,FALSE,,,2000,,,,,,,,,,,,,,,,partr102,willr106,,regular,3,12,HOM,NY5,y,both,y,y,,1938
HOM193807200,NY5,HOM,TOL05,19380720,0,,night,9,,FALSE,,,,,,,,,,,,,,,,,,,walke103,browb107,,regular,3,4,HOM,NY5,y,both,,,,1938
HOM193807230,MEM,HOM,MCK01,19380723,0,,night,,,,,,,,,,,,,,,,,,,,,,,browr103,,exhibition,2,1,MEM,HOM,,,,,,1938
HOM193807241,MEM,HOM,MSN01,19380724,1,,day,7,,,,,1500,,,,,,,,,,,,,,,,walke103,mossp101,,exhibition,5,18,HOM,MEM,y,both,,,,1938
HOM193807242,MEM,HOM,MSN01,19380724,2,,day,,,,,,1500,,,,,,,,,,,,,,,,welmr101,jeffw101,,exhibition,8,11,HOM,MEM,y,both,,,,1938
HOM193807250,MEM,HOM,IND10,19380725,0,,night,,,false,,0,1500,unknown,unknown,unknown,0,unknown,-1,,,,,,,,,,parkt101,mossp101,,exhibition,3,7,HOM,MEM,y,both,y,y,d,1938
HOM193807260,MEM,HOM,DAY03,19380726,0,,night,,,false,,0,0,unknown,unknown,unknown,0,unknown,-1,,,,kirbl901,sladu901,,,,,browr103,hannl102,,exhibition,0,9,HOM,MEM,y,both,y,y,d,1938
HOM193807270,MEM,HOM,BEC01,19380727,0,,night,,,,,,,,,,,,,,,,,,,,,,,,,exhibition,8,9,HOM,MEM,,,,,,1938
HOM193807280,MEM,HOM,ZAN01,19380728,0,,night,,,,,,,,,,,,,,,,,,,,,,,allec101,,exhibition,4,18,HOM,MEM,,,,,,1938
HOM193807290,MEM,HOM,GRE04,19380729,0,,night,,,,,,,,,,,,,,,,,,,,,,robes104,jeffw101,,exhibition,0,5,HOM,MEM,y,both,,,,1938
HOM193807300,MEM,HOM,MID03,19380730,0,,,,,,,,,,,,,,,,,,,,,,,,,,,exhibition,3,13,HOM,MEM,,,,,,1938
HOM193807312,MEM,HOM,NYC16,19380731,2,,day,,,false,,0,15000,unknown,unknown,unknown,0,unknown,-1,,,,,,,,,,browr103,radct101,,exhibition,1,9,HOM,MEM,y,both,y,y,d,1938
NW2193808011,HOM,NW2,SYR04,19380801,1,,night,7,,,,,,,,,,,,,,,,,,,,,partr102,wrigj105,,regular,3,0,HOM,NW2,,,,,,1938
NW2193808012,HOM,NW2,SYR04,19380801,2,,night,,,,,,,,,,,,,,,,,,,,,,evanb105,,,regular,1,4,NW2,HOM,,,,,,1938
HOM193808020,NW2,HOM,ROC04,19380802,0,,night,,,false,,0,0,unknown,unknown,unknown,0,unknown,-1,,,,,,,,,,robes104,mcdut101,,regular,0,5,HOM,NW2,y,both,y,y,d,1938
HOM193808030,NW2,HOM,BUF06,19380803,0,,night,,,,,,,,,,,,,,,,,,,,,,,,,exhibition,8,20,HOM,NW2,,,,,,1938
HOM193808050,NW2,HOM,BUT01,19380805,0,,,,,,,,,,,,,,,,,,,,,,,,parkt101,browj112,,regular,3,7,HOM,NW2,,both,,,,1938
HOM193808061,NW2,HOM,MSN01,19380806,1,,,,,,,,,,,,,,,,,,,,,,,,evanb105,wrigj105,,regular,15,13,NW2,HOM,,both,,,,1938
HOM193808062,NW2,HOM,MSN01,19380806,2,,,7,,,,,,,,,,,,,,,,,,,,,greeh103,robes104,,regular,11,4,NW2,HOM,,both,,,,1938
HOM193808070,NW2,HOM,PIT06,19380807,0,,day,,,false,,0,5000,unknown,unknown,unknown,0,unknown,-1,,,,harrm103,harrb901,(none),turnu901,,,walke103,mcdut101,browr103,regular,4,8,HOM,NW2,y,both,y,y,d,1938
HOM193808090,NW2,HOM,TOL05,19380809,0,,night,9,,FALSE,,,,,,,,,,,,,,,,,,,parkt101,wrigj105,,regular,7,9,HOM,NW2,y,,,,,1938
PH5193808131,HOM,PH5,PHI17,19380813,1,,day,,,false,,0,0,unknown,unknown,unknown,0,unknown,-1,,,,,,,,,,partr102,mcdow101,,regular,6,5,HOM,PH5,y,both,y,y,d,1938
PH5193808132,HOM,PH5,PHI17,19380813,2,,day,7,,,,,,,,,,,,,,,,,,,,,walke103,carts102,,regular,10,0,HOM,PH5,y,both,y,y,,1938
PH5193808180,HOM,PH5,PHI17,19380818,0,,night,,,,,,,,,,,,,,,,,,,,,,dulal101,jones107,browr103,regular,9,8,HOM,PH5,,,,,,1938
NW2193808210,HOM,NW2,NWK04,19380821,0,,day,,,false,,250,0,unknown,unknown,unknown,0,unknown,-1,,,,,,,,,,hillj104,parkt101,,regular,8,9,NW2,HOM,y,both,y,y,d,1938
PH5193808271,HOM,PH5,PHI17,19380827,1,,day,,,false,,0,0,unknown,unknown,unknown,0,unknown,-1,,,,,,,,,,walke103,brutj101,,regular,13,8,HOM,PH5,y,both,y,y,d,1938
PH5193808272,HOM,PH5,PHI17,19380827,2,,day,7,,false,,0,0,unknown,unknown,unknown,0,unknown,-1,,,,,,,,,,mcheh101,partr102,,regular,0,3,PH5,HOM,y,both,y,y,y,1938
HOM193808281,PTC,HOM,NWK04,19380828,1,,day,,,false,,0,10000,unknown,unknown,unknown,0,unknown,-1,,,,,,,,,,browr103,smitt105,,regular,6,8,HOM,PTC,y,both,y,y,d,1938
HOM193808283,PTC,HOM,RED01,19380828,3,,night,,,,,,1200,,,,,,,,,,stouu901,vogeu901,,,,,robes104,davir103,dulal101,exhibition,8,13,HOM,PTC,y,both,y,y,,1938
HOM193808290,PTC,HOM,PHI17,19380829,0,,night,9,,FALSE,,,,,,,,,,,,,,,,,,,parkt101,taylj108,,regular,5,10,HOM,PTC,,,,,,1938
HOM193809010,PTC,HOM,OLE01,19380901,0,,night,9,,FALSE,,,900,,,,,,,,,,,,,,,,,,,regular,5,8,HOM,PTC,y,,,,,1938
HOM193809041,PTC,HOM,COL05,19380904,1,,,,,,,,1500,,,,,,,,,,,,,,,,taylj108,browr103,,regular,12,8,PTC,HOM,y,both,,,,1938
PTC193809042,HOM,PTC,COL05,19380904,2,,,7,,,,,1500,,,,,,,,,,,,,,,,matll101,browr103,,regular,10,11,PTC,HOM,y,both,,,,1938
HOM193809070,PTC,HOM,BLU01,19380907,0,,night,,,,,,500,,,,,,,,,,,,,,,,,walke103,,exhibition,11,7,PTC,HOM,,,,,,1938
