gid,id,team,d_seq,d_pos,stattype,d_ifouts,d_po,d_a,d_e,d_dp,d_tp,d_pb,d_wp,d_sb,d_cs,d_gs,date,number,site,vishome,opp,win,loss,tie,gametype,box,pbp
NSH193011020,lebob101,PIR,1,9,value,24,2,2,0,0,0,,,,,1,19301102,0,LOS05,v,NSH,0,1,0,exhibition,y,
NSH193011020,sawyc101,PIR,1,4,value,24,5,5,0,0,0,,,,,1,19301102,0,LOS05,v,NSH,0,1,0,exhibition,y,
NSH193011020,picke101,PIR,1,7,value,24,0,0,0,0,0,,,,,1,19301102,0,LOS05,v,NSH,0,1,0,exhibition,y,
NSH193011020,bakel101,PIR,1,5,value,24,0,2,1,0,0,,,,,1,19301102,0,LOS05,v,NSH,0,1,0,exhibition,y,
NSH193011020,winga101,PIR,1,8,value,24,1,0,1,0,0,,,,,1,19301102,0,LOS05,v,NSH,0,1,0,exhibition,y,
NSH193011020,mcmuh101,PIR,1,2,value,24,1,1,0,0,0,0,,,,1,19301102,0,LOS05,v,NSH,0,1,0,exhibition,y,
NSH193011020,cotth101,PIR,1,3,value,24,12,1,1,0,0,,,,,1,19301102,0,LOS05,v,NSH,0,1,0,exhibition,y,
NSH193011020,berkj101,PIR,1,6,value,24,3,1,1,0,0,,,,,1,19301102,0,LOS05,v,NSH,0,1,0,exhibition,y,
NSH193011020,koupl101,PIR,1,1,value,24,0,5,0,0,0,,,,,1,19301102,0,LOS05,v,NSH,0,1,0,exhibition,y,
NSH193011020,ridlj101,NSH,1,9,value,27,1,0,0,0,0,,,,,1,19301102,0,LOS05,h,PIR,1,0,0,exhibition,y,
NSH193011020,riggb101,NSH,1,4,value,27,1,1,0,1,0,,,,,1,19301102,0,LOS05,h,PIR,1,0,0,exhibition,y,
NSH193011020,bobow101,NSH,1,3,value,27,11,0,0,1,0,,,,,1,19301102,0,LOS05,h,PIR,1,0,0,exhibition,y,
NSH193011020,steat101,NSH,1,7,value,27,1,0,0,0,0,,,,,1,19301102,0,LOS05,h,PIR,1,0,0,exhibition,y,
NSH193011020,cread101,NSH,1,5,value,27,0,4,0,0,0,,,,,1,19301102,0,LOS05,h,PIR,1,0,0,exhibition,y,
NSH193011020,evanb104,NSH,1,8,value,27,2,0,0,0,0,,,,,1,19301102,0,LOS05,h,PIR,1,0,0,exhibition,y,
NSH193011020,willp103,NSH,1,2,value,27,4,1,0,0,0,0,,,,1,19301102,0,LOS05,h,PIR,1,0,0,exhibition,y,
NSH193011020,dunnj104,NSH,1,6,value,27,6,2,0,0,0,,,,,1,19301102,0,LOS05,h,PIR,1,0,0,exhibition,y,
NSH193011020,willj117,NSH,1,1,value,27,1,0,0,0,0,,,,,1,19301102,0,LOS05,h,PIR,1,0,0,exhibition,y,
NSH193012071,eddlj101,PIR,1,1,value,,,,0,,0,0,,,,1,19301207,1,LOS05,v,NSH,0,1,0,exhibition,,
NSH193012071,gasta101,PIR,1,2,value,24,,,0,,0,,,,,1,19301207,1,LOS05,v,NSH,0,1,0,exhibition,,
NSH193012071,koupl101,PIR,1,1,value,,,,0,,0,0,,,,,19301207,1,LOS05,v,NSH,0,1,0,exhibition,,
NSH193012071,cannr102,NSH,1,1,value,27,,,0,,0,0,,,,1,19301207,1,LOS05,h,PIR,1,0,0,exhibition,,
NSH193012071,willp103,NSH,1,2,value,27,,,0,,0,,,,,1,19301207,1,LOS05,h,PIR,1,0,0,exhibition,,
NSH193012072,lebob101,PIR,1,9,value,15,2,,0,0,0,,,,,1,19301207,2,LOS05,v,NSH,1,0,0,exhibition,y,
NSH193012072,galit101,PIR,1,9,value,6,0,,0,1,0,,,,,,19301207,2,LOS05,v,NSH,1,0,0,exhibition,y,
NSH193012072,sawyc101,PIR,1,4,value,21,2,,0,1,0,,,,,1,19301207,2,LOS05,v,NSH,1,0,0,exhibition,y,
NSH193012072,picke101,PIR,1,7,value,21,2,,0,0,0,,,,,1,19301207,2,LOS05,v,NSH,1,0,0,exhibition,y,
NSH193012072,winga101,PIR,1,8,value,21,2,,0,0,0,,,,,1,19301207,2,LOS05,v,NSH,1,0,0,exhibition,y,
NSH193012072,mcmuh101,PIR,1,5,value,21,0,,0,0,0,,,,,1,19301207,2,LOS05,v,NSH,1,0,0,exhibition,y,
NSH193012072,cotth101,PIR,1,3,value,21,7,,0,1,0,,,,,1,19301207,2,LOS05,v,NSH,1,0,0,exhibition,y,
NSH193012072,millf107,PIR,1,2,value,21,1,,0,0,0,0,,,,1,19301207,2,LOS05,v,NSH,1,0,0,exhibition,y,
NSH193012072,berkj101,PIR,1,6,value,21,5,,0,2,0,,,,,1,19301207,2,LOS05,v,NSH,1,0,0,exhibition,y,
NSH193012072,koupl101,PIR,1,1,value,18,0,,0,0,0,,,,,1,19301207,2,LOS05,v,NSH,1,0,0,exhibition,y,
NSH193012072,faheu101,PIR,1,1,value,3,0,,0,0,0,,,,,,19301207,2,LOS05,v,NSH,1,0,0,exhibition,y,
NSH193012072,ridlj101,NSH,1,9,value,21,6,,0,0,0,,,,,1,19301207,2,LOS05,h,PIR,0,1,0,exhibition,y,
NSH193012072,bobow101,NSH,1,3,value,21,0,,0,1,1,,,,,1,19301207,2,LOS05,h,PIR,0,1,0,exhibition,y,
NSH193012072,steat101,NSH,1,7,value,21,4,,0,0,0,,,,,1,19301207,2,LOS05,h,PIR,0,1,0,exhibition,y,
NSH193012072,willp103,NSH,1,2,value,21,2,,0,1,0,0,,,,1,19301207,2,LOS05,h,PIR,0,1,0,exhibition,y,
NSH193012072,riggb101,NSH,1,4,value,21,1,,0,0,1,,,,,1,19301207,2,LOS05,h,PIR,0,1,0,exhibition,y,
NSH193012072,evanb104,NSH,1,8,value,21,1,,0,0,0,,,,,1,19301207,2,LOS05,h,PIR,0,1,0,exhibition,y,
NSH193012072,dunnj104,NSH,1,6,value,21,1,,2,1,1,,,,,1,19301207,2,LOS05,h,PIR,0,1,0,exhibition,y,
NSH193012072,cread101,NSH,1,5,value,21,2,,0,0,0,,,,,1,19301207,2,LOS05,h,PIR,0,1,0,exhibition,y,
NSH193012072,willj117,NSH,1,1,value,21,4,,0,1,0,,,,,1,19301207,2,LOS05,h,PIR,0,1,0,exhibition,y,
