gid,id,team,d_seq,d_pos,stattype,d_ifouts,d_po,d_a,d_e,d_dp,d_tp,d_pb,d_wp,d_sb,d_cs,d_gs,date,number,site,vishome,opp,win,loss,tie,gametype,box,pbp,eject
CHN192504170,koupl101,PIT,1,1,value,8,0,0,0,0,0,,,,,0,19250417,0,CHI11,v,CHN,0,1,0,regular,y,y,
CIN192504180,koupl101,PIT,1,1,value,1,0,0,0,0,0,,,,,0,19250418,0,CIN07,v,CIN,0,1,0,regular,y,y,
PIT192504230,koupl101,PIT,1,1,value,6,0,1,0,0,0,,,,,0,19250423,0,PIT06,h,CHN,0,1,0,regular,y,y,
PHI192505080,koupl101,PIT,1,1,value,3,0,1,0,0,0,,,,,0,19250508,0,PHI09,v,PHI,0,1,0,regular,y,y,
BRO192505180,koupl101,PIT,1,1,value,3,0,1,0,0,0,,,,,0,19250518,0,NYC15,v,BRO,0,1,0,regular,y,y,
NY1192505230,koupl101,PIT,1,1,value,6,0,0,0,0,0,,,,,0,19250523,0,NYC14,v,NY1,0,1,0,regular,y,y,
SLN192609010,koupl101,PIT,1,1,value,5,0,1,0,0,0,,,,,0,19260901,0,STL07,v,SLN,0,1,0,regular,y,y,
CHN192609042,koupl101,PIT,1,1,value,24,0,2,0,0,0,,,,,1,19260904,2,CHI11,v,CHN,0,1,0,regular,y,y,
PIT192609092,koupl101,PIT,1,1,value,11,1,1,0,0,0,,,,,1,19260909,2,PIT06,h,CHN,0,1,0,regular,y,y,
PIT192609110,koupl101,PIT,1,1,value,12,0,0,0,0,0,,,,,0,19260911,0,PIT06,h,CIN,0,1,0,regular,y,y,
NY1192609130,koupl101,PIT,1,1,value,1,0,0,0,0,0,,,,,0,19260913,0,NYC14,v,NY1,0,1,0,regular,y,y,
PHI192609210,koupl101,PIT,1,1,value,6,0,0,0,0,0,,,,,0,19260921,0,PHI09,v,PHI,0,1,0,regular,y,y,
PRG192610240,koupl101,PIR,1,1,value,12,0,1,0,0,0,,,,,1,19261024,0,LOS05,v,PRG,0,1,0,exhibition,y,,
PRG192611130,koupl101,PIR,1,1,value,24,0,5,0,0,0,,,,,1,19261113,0,LOS05,v,PRG,0,1,0,exhibition,y,,
PRG192611140,koupl101,PIR,1,1,value,1,0,0,0,0,0,,,,,,19261114,0,LOS05,v,PRG,0,1,0,exhibition,y,,
PRG192612052,koupl101,PIR,1,1,value,21,0,0,0,1,0,,,,,1,19261205,2,LOS05,v,PRG,1,0,0,exhibition,y,,
PRG192612250,koupl101,PIR,1,1,value,3,0,0,0,0,0,,,,,,19261225,0,LOS05,v,PRG,0,0,1,exhibition,y,,
BRO192805290,koupl101,BRO,1,1,value,3,0,0,0,0,0,,,,,0,19280529,0,NYC15,h,NY1,0,1,0,regular,y,y,
CHN192807060,koupl101,BRO,1,1,value,5,0,1,0,0,0,,,,,0,19280706,0,CHI11,v,CHN,0,1,0,regular,y,y,
CIN192807181,koupl101,BRO,1,1,value,3,0,0,0,0,0,,,,,0,19280718,1,CIN07,v,CIN,0,1,0,regular,y,y,
PIT192807211,koupl101,BRO,1,1,value,6,0,1,0,0,0,,,,,0,19280721,1,PIT06,v,PIT,0,1,0,regular,y,y,
PIT192807212,koupl101,BRO,1,1,value,5,0,0,0,0,0,,,,,0,19280721,2,PIT06,v,PIT,0,1,0,regular,y,y,
BRO192807222,koupl101,BRO,1,1,value,2,0,0,0,0,0,,,,,0,19280722,2,NYC15,h,PIT,0,1,0,regular,y,y,
BRO192807260,koupl101,BRO,1,1,value,12,0,2,0,0,0,,,,,0,19280726,0,NYC15,h,SLN,0,1,0,regular,y,y,
BRO192807280,koupl101,BRO,1,1,value,3,0,0,0,0,0,,,,,0,19280728,0,NYC15,h,CIN,0,1,0,regular,y,y,
BRO192808030,koupl101,BRO,1,1,value,1,0,0,0,0,0,,,,,0,19280803,0,NYC15,h,CHN,0,1,0,regular,y,y,
BRO192808040,koupl101,BRO,1,1,value,16,0,2,0,0,0,,,,,0,19280804,0,NYC15,h,CHN,0,1,0,regular,y,y,
BRO192808110,koupl101,BRO,1,1,value,3,1,1,0,1,0,,,,,0,19280811,0,NYC15,h,BSN,0,1,0,regular,y,y,
BSN192809052,koupl101,BRO,1,1,value,3,0,1,0,0,0,,,,,0,19280905,2,BOS08,v,BSN,0,1,0,regular,y,y,
PHI192809101,koupl101,BRO,1,1,value,4,0,1,0,0,0,,,,,0,19280910,1,PHI09,v,PHI,0,1,0,regular,y,y,
BRO192809170,koupl101,BRO,1,1,value,3,0,0,0,0,0,,,,,0,19280917,0,NYC15,h,CIN,1,0,0,regular,y,y,
BRO192809180,koupl101,BRO,1,1,value,13,0,3,0,0,0,,,,,0,19280918,0,NYC15,h,CIN,0,1,0,regular,y,y,
BRO192809230,koupl101,BRO,1,1,value,3,0,0,0,0,0,,,,,0,19280923,0,NYC15,h,SLN,0,1,0,regular,y,y,
BRO192809272,koupl101,BRO,1,1,value,27,0,0,0,0,0,,,,,1,19280927,2,NYC15,h,PIT,1,0,0,regular,y,y,
BRO192904240,koupl101,BRO,1,1,value,5,0,0,0,0,0,,,,,0,19290424,0,NYC15,h,BSN,1,0,0,regular,y,y,
BRO192904260,koupl101,BRO,1,1,value,8,0,0,0,0,0,,,,,0,19290426,0,NYC15,h,PHI,1,0,0,regular,y,y,
BRO192904280,koupl101,BRO,1,1,value,6,0,0,0,0,0,,,,,0,19290428,0,NYC15,h,BSN,0,1,0,regular,y,y,
BRO192905040,koupl101,BRO,1,1,value,9,0,1,0,0,0,,,,,1,19290504,0,NYC15,h,CIN,0,1,0,regular,y,y,
BRO192905070,koupl101,BRO,1,1,value,6,1,1,0,1,0,,,,,0,19290507,0,NYC15,h,CHN,0,1,0,regular,y,y,
BRO192905120,koupl101,BRO,1,1,value,9,0,1,0,0,0,,,,,0,19290512,0,NYC15,h,SLN,0,1,0,regular,y,y,
PHI192905160,koupl101,BRO,1,1,value,6,0,0,0,0,0,,,,,0,19290516,0,PHI09,v,PHI,0,1,0,regular,y,y,
PHI192905181,koupl101,BRO,1,1,value,2,0,0,0,0,0,,,,,0,19290518,1,PHI09,v,PHI,1,0,0,regular,y,y,
BRO192905222,koupl101,BRO,1,1,value,14,0,1,0,0,0,,,,,1,19290522,2,NYC15,h,NY1,0,1,0,regular,y,y,
NY1192905302,koupl101,BRO,1,1,value,3,0,0,0,0,0,,,,,0,19290530,2,NYC14,v,NY1,0,1,0,regular,y,y,
SLN192906042,koupl101,BRO,1,1,value,12,0,0,0,0,0,,,,,0,19290604,2,STL07,v,SLN,1,0,0,regular,y,y,
CHN192906060,koupl101,BRO,1,1,value,13,0,0,0,0,0,,,,,1,19290606,0,CHI11,v,CHN,0,1,0,regular,y,y,
BRO192906160,koupl101,BRO,1,1,value,3,0,0,0,0,0,,,,,0,19290616,0,NYC15,h,NY1,0,1,0,regular,y,y,
BRO192906230,koupl101,BRO,1,1,value,6,0,0,0,0,0,,,,,0,19290623,0,NYC15,h,NY1,1,0,0,regular,y,y,
NY1192906250,koupl101,BRO,1,1,value,8,0,1,0,0,0,,,,,0,19290625,0,NYC14,v,NY1,1,0,0,regular,y,y,
BRO192907041,koupl101,BRO,1,1,value,6,0,0,0,0,0,,,,,0,19290704,1,NYC15,h,PHI,0,1,0,regular,y,y,
BRO192907110,koupl101,BRO,1,1,value,2,0,1,0,0,0,,,,,0,19290711,0,NYC15,h,SLN,0,1,0,regular,y,y,
BRO192907180,koupl101,BRO,1,1,value,3,0,0,0,0,0,,,,,0,19290718,0,NYC15,h,CHN,0,1,0,regular,y,y,
CHN192907271,koupl101,PHI,1,1,value,17,0,1,0,0,0,,,,,1,19290727,1,CHI11,v,CHN,0,1,0,regular,y,y,
PIT192907310,koupl101,PHI,1,1,value,27,1,1,0,0,0,,,,,1,19290731,0,PIT06,v,PIT,1,0,0,regular,y,y,
CIN192908050,koupl101,PHI,1,1,value,25,0,2,0,0,0,,,,,1,19290805,0,CIN07,v,CIN,1,0,0,regular,y,y,
PHI192908090,koupl101,PHI,1,1,value,1,0,0,0,0,0,,,,,0,19290809,0,PHI09,h,CHN,0,1,0,regular,y,y,
PHI192908160,koupl101,PHI,1,1,value,18,0,1,0,0,0,,,,,1,19290816,0,PHI09,h,CIN,0,1,0,regular,y,y,
PHI192908200,koupl101,PHI,1,1,value,20,0,1,0,0,0,,,,,1,19290820,0,PHI09,h,PIT,1,0,0,regular,y,y,
PHI192908240,koupl101,PHI,1,1,value,24,1,0,0,0,0,,,,,1,19290824,0,PHI09,h,CHN,0,1,0,regular,y,y,
BSN192908310,koupl101,PHI,1,1,value,21,0,3,1,0,0,,,,,1,19290831,0,BOS08,v,BSN,1,0,0,regular,y,y,
PHI192909041,koupl101,PHI,1,1,value,3,0,0,0,0,0,,,,,0,19290904,1,PHI09,h,BRO,0,1,0,regular,y,y,
SLN192909070,koupl101,PHI,1,1,value,27,1,1,0,0,0,,,,,1,19290907,0,STL07,v,SLN,1,0,0,regular,y,y,
CHN192909110,koupl101,PHI,1,1,value,21,0,2,1,0,0,,,,,1,19290911,0,CHI11,v,CHN,0,1,0,regular,y,y,
CIN192909180,koupl101,PHI,1,1,value,15,0,4,1,0,0,,,,,1,19290918,0,CIN07,v,CIN,0,1,0,regular,y,y,
CIN192909210,koupl101,PHI,1,1,value,8,0,0,0,0,0,,,,,0,19290921,0,CIN07,v,CIN,1,0,0,regular,y,y,
PHI192909270,koupl101,PHI,1,1,value,27,0,2,0,0,0,,,,,1,19290927,0,PHI09,h,BSN,1,0,0,regular,y,y,
PHI192910051,koupl101,PHI,1,1,value,6,0,0,0,0,0,,,,,0,19291005,1,PHI09,h,NY1,1,0,0,regular,y,y,
NY1193004190,koupl101,PHI,1,1,value,26,0,1,0,0,0,,,,,1,19300419,0,NYC14,v,NY1,0,1,0,regular,y,y,
PHI193004261,koupl101,PHI,1,1,value,12,0,1,0,0,0,,,,,1,19300426,1,PHI09,h,NY1,0,1,0,regular,y,y,
CHN193005020,koupl101,PHI,1,1,value,15,0,0,0,0,0,,,,,1,19300502,0,CHI11,v,CHN,0,1,0,regular,y,y,
CHN193005040,koupl101,PHI,1,1,value,0,0,0,0,0,0,,,,,0,19300504,0,CHI11,v,CHN,0,1,0,regular,y,y,
SLN193005070,koupl101,PHI,1,1,value,12,0,0,0,0,0,,,,,1,19300507,0,STL07,v,SLN,0,1,0,regular,y,y,
CIN193005110,koupl101,PHI,1,1,value,14,0,1,0,0,0,,,,,0,19300511,0,CIN07,v,CIN,0,1,0,regular,y,y,
NY1193005210,koupl101,PHI,1,1,value,6,0,0,0,0,0,,,,,0,19300521,0,NYC14,v,NY1,0,1,0,regular,y,y,
BRO193005302,koupl101,PHI,1,1,value,3,0,0,0,0,0,,,,,0,19300530,2,NYC15,v,BRO,0,1,0,regular,y,y,
PHI193006030,koupl101,PHI,1,1,value,3,0,0,0,0,0,,,,,0,19300603,0,PHI09,h,SLN,0,1,0,regular,y,y,
PHI193006130,koupl101,PHI,1,1,value,3,0,0,0,0,0,,,,,0,19300613,0,PHI09,h,CHN,0,1,0,regular,y,y,
SLN193006200,koupl101,PHI,1,1,value,7,0,0,0,0,0,,,,,0,19300620,0,STL07,v,SLN,0,1,0,regular,y,y,
CHN193006250,koupl101,PHI,1,1,value,6,0,0,0,0,0,,,,,0,19300625,0,CHI11,v,CHN,0,1,0,regular,y,y,
NY1193007061,koupl101,PHI,1,1,value,6,0,0,0,0,0,,,,,0,19300706,1,NYC14,v,NY1,0,1,0,regular,y,y,
NSH193011020,koupl101,PIR,1,1,value,24,0,5,0,0,0,,,,,1,19301102,0,LOS05,v,NSH,0,1,0,exhibition,y,,
NSH193012071,koupl101,PIR,1,1,value,,,,0,,0,0,,,,,19301207,1,LOS05,v,NSH,0,1,0,exhibition,,,
NSH193012072,koupl101,PIR,1,1,value,18,0,,0,0,0,,,,,1,19301207,2,LOS05,v,NSH,1,0,0,exhibition,y,,
PRG193312252,koupl101,PIR,1,1,value,15,,,0,,0,0,,,,1,19331225,2,LOS05,v,PRG,0,1,0,exhibition,,,
NYA193705220,koupl101,SLA,1,1,value,9,0,0,0,0,0,,,,,0,19370522,0,NYC16,v,NYA,0,1,0,regular,y,y,
DET193705282,koupl101,SLA,1,1,value,6,0,2,0,0,0,,,,,0,19370528,2,DET04,v,DET,0,1,0,regular,y,y,
SLA193706041,koupl101,SLA,1,1,value,3,1,0,0,0,0,,,,,0,19370604,1,STL07,h,PHA,1,0,0,regular,y,y,
SLA193706050,koupl101,SLA,1,1,value,17,0,2,0,0,0,,,,,0,19370605,0,STL07,h,BOS,0,1,0,regular,y,y,
SLA193706131,koupl101,SLA,1,1,value,2,0,0,0,0,0,,,,,0,19370613,1,STL07,h,NYA,0,1,0,regular,y,y,
BOS193706250,koupl101,SLA,1,1,value,3,0,0,0,0,0,,,,,0,19370625,0,BOS07,v,BOS,0,1,0,regular,y,y,
BOS193706272,koupl101,SLA,1,1,value,3,0,0,0,0,0,,,,,0,19370627,2,BOS07,v,BOS,0,1,0,regular,y,y,
SLA193707042,koupl101,SLA,1,1,value,3,0,0,0,0,0,,,,,0,19370704,2,STL07,h,CHA,0,1,0,regular,y,d,
SLA193707052,koupl101,SLA,1,1,value,4,0,0,0,0,0,,,,,0,19370705,2,STL07,h,CLE,0,1,0,regular,y,y,
CHA193707112,koupl101,SLA,1,1,value,24,1,1,0,0,0,,,,,1,19370711,2,CHI10,v,CHA,0,1,0,regular,y,d,
SLA193707170,koupl101,SLA,1,1,value,27,0,0,0,0,0,,,,,1,19370717,0,STL07,h,PHA,1,0,0,regular,y,y,
SLA193707210,koupl101,SLA,1,1,value,27,0,1,0,0,0,,,,,1,19370721,0,STL07,h,NYA,0,1,0,regular,y,y,
SLA193707251,koupl101,SLA,1,1,value,4,0,0,0,0,0,,,,,1,19370725,1,STL07,h,WS1,0,1,0,regular,y,d,
BOS193707270,koupl101,SLA,1,1,value,27,1,1,0,0,0,,,,,1,19370727,0,BOS07,v,BOS,1,0,0,regular,y,y,
NYA193708010,koupl101,SLA,1,1,value,5,0,1,0,0,0,,,,,1,19370801,0,NYC16,v,NYA,0,1,0,regular,y,y,
WS1193708050,koupl101,SLA,1,1,value,22,0,1,0,0,0,,,,,1,19370805,0,WAS09,v,WS1,1,0,0,regular,y,y,
DET193708141,koupl101,SLA,1,1,value,8,0,1,0,1,0,,,,,1,19370814,1,DET04,v,DET,0,1,0,regular,y,y,
SLA193708190,koupl101,SLA,1,1,value,15,0,1,0,0,0,,,,,1,19370819,0,STL07,h,CLE,0,1,0,regular,y,y,
SLA193708250,koupl101,SLA,1,1,value,0,0,0,0,0,0,,,,,0,19370825,0,STL07,h,WS1,0,1,0,regular,y,y,
SLA193708291,koupl101,SLA,1,1,value,3,0,2,0,0,0,,,,,0,19370829,1,STL07,h,BOS,0,1,0,regular,y,y,
SLA193708312,koupl101,SLA,1,1,value,24,0,2,0,0,0,,,,,1,19370831,2,STL07,h,PHA,0,1,0,regular,y,y,
DET193709062,koupl101,SLA,1,1,value,18,0,0,0,0,0,,,,,1,19370906,2,DET04,v,DET,0,1,0,regular,y,y,
SLA193709090,koupl101,SLA,1,1,value,6,0,1,0,0,0,,,,,0,19370909,0,STL07,h,CHA,0,1,0,regular,y,y,
PHA193709140,koupl101,SLA,1,1,value,27,0,1,0,0,0,,,,,1,19370914,0,PHI11,v,PHA,1,0,0,regular,y,y,
BOS193709202,koupl101,SLA,1,1,value,6,0,0,0,0,0,,,,,0,19370920,2,BOS07,v,BOS,0,1,0,regular,y,y,
CHA193709262,koupl101,SLA,1,1,value,24,0,2,0,0,0,,,,,1,19370926,2,CHI10,v,CHA,0,1,0,regular,y,y,
