gid,visteam,hometeam,site,date,number,starttime,daynight,innings,tiebreaker,usedh,htbf,timeofgame,attendance,fieldcond,precip,sky,temp,winddir,windspeed,oscorer,forfeit,suspend,umphome,ump1b,ump2b,ump3b,umplf,umprf,wp,lp,save,gametype,vruns,hruns,wteam,lteam,line,batteries,lineups,box,pbp,season
CB1192104300,CG1,CB1,COL04,19210430,0,0:00PM,day,,,FALSE,,117,3000,unknown,unknown,unknown,0,unknown,-1,,,,rossu901,finnu901,,,,,taylj109,britg103,,regular,5,3,CG1,CB1,y,both,y,y,,1921
CB1192105010,CG1,CB1,COL04,19210501,0,0:00PM,day,,,false,,180,4000,unknown,unknown,unknown,0,unknown,-1,,,,,,,,,,,,,regular,4,4,,,y,both,y,y,,1921
IN4192105090,CB1,IN4,IND11,19210509,0,0:00PM,day,,,false,,-1,0,unknown,unknown,unknown,0,unknown,-1,,,,,,,,,,jeffj102,ewinb103,,regular,0,7,IN4,CB1,y,both,y,y,,1921
SLG192106290,CB1,SLG,STL11,19210629,0,,day,,,false,,151,0,unknown,unknown,unknown,0,unknown,-1,,,,barru902,poweu901,,,,,drakb101,lanei101,,regular,1,21,SLG,CB1,y,both,y,y,y,1921
CB1192107090,DT1,CB1,COL04,19210709,0,0:00PM,day,,,false,,134,0,unknown,unknown,unknown,0,unknown,-1,,,,penfu901,jenku901,,,,,britg103,gateb101,,regular,7,8,CB1,DT1,y,both,y,y,,1921
CB1192107190,CG1,CB1,COL04,19210719,0,,day,,,,,75,,,,,,,,,,,penfu901,jenku901,,,,,rober105,taylj109,,regular,1,9,CB1,CG1,y,both,y,y,,1921
