gid,id,team,d_seq,d_pos,stattype,d_ifouts,d_po,d_a,d_e,d_dp,d_tp,d_pb,d_wp,d_sb,d_cs,d_gs,date,number,site,vishome,opp,win,loss,tie,gametype,box,pbp,eject
PRG192612190,huffi101,PIR,1,9,value,21,0,0,0,0,0,,,,,1,19261219,0,LOS05,v,PRG,0,1,0,exhibition,y,,
PRG192612190,huffi101,PIR,2,5,value,11,0,1,0,0,0,,,,,1,19261219,0,LOS05,v,PRG,0,1,0,exhibition,y,,
PRG192612260,huffi101,PIR,1,5,value,24,0,1,0,0,0,,,,,1,19261226,0,LOS05,v,PRG,0,1,0,exhibition,y,,
HIL192710160,huffi101,PIR,1,9,value,27,0,0,0,0,0,,,,,1,19271016,0,LOS05,v,HIL,1,0,0,exhibition,y,,
HIL192710230,huffi101,PIR,1,9,value,27,0,1,0,0,0,,,,,1,19271023,0,LOS05,v,HIL,1,0,0,exhibition,y,,
HIL192710290,huffi101,PIR,1,9,value,24,0,0,1,0,0,,,,,1,19271029,0,LOS05,v,HIL,0,1,0,exhibition,y,,
HIL192710300,huffi101,PIR,1,9,value,24,3,1,0,0,0,,,,,1,19271030,0,LOS05,v,HIL,0,1,0,exhibition,y,,
CLG192810070,huffi101,PIR,1,9,value,25,1,0,0,0,0,,,,,1,19281007,0,LOS05,v,CLG,0,1,0,exhibition,y,,
