gid,id,team,d_seq,d_pos,stattype,d_ifouts,d_po,d_a,d_e,d_dp,d_tp,d_pb,d_wp,d_sb,d_cs,d_gs,date,number,site,vishome,opp,win,loss,tie,gametype,box,pbp,eject
NY6194504010,rilej103,BIR,1,4,value,18,0,3,1,0,0,,,,,1,19450401,0,NOL01,v,NY6,0,1,0,exhibition,y,,
KCM194505131,rilej103,BIR,1,7,value,21,3,0,0,0,0,,,,,1,19450513,1,KAN05,v,KCM,0,1,0,regular,y,,
KCM194505131,rilej103,BIR,2,4,value,3,,,0,0,0,,,,,1,19450513,1,KAN05,v,KCM,0,1,0,regular,y,,
KCM194505132,rilej103,BIR,1,7,value,,1,0,0,0,0,,,,,1,19450513,2,KAN05,v,KCM,0,1,0,regular,y,,
KCM194505132,rilej103,BIR,2,4,value,,,,0,0,0,,,,,1,19450513,2,KAN05,v,KCM,0,1,0,regular,y,,
