gid,id,team,b_lp,b_seq,stattype,b_pa,b_ab,b_r,b_h,b_d,b_t,b_hr,b_rbi,b_sh,b_sf,b_hbp,b_w,b_iw,b_k,b_sb,b_cs,b_gdp,b_xi,b_roe,dh,ph,pr,date,number,site,vishome,opp,win,loss,tie,gametype,box,pbp,eject
BIR194904170,garnh101,IN9,7,1,value,6,6,2,3,0,0,1,1,0,0,0,0,0,0,0,0,0,0,0,,,,19490417,0,ATL04,v,BIR,0,1,0,exhibition,y,d,
IN9194904280,garnh101,IN9,7,1,value,3,3,0,0,0,0,0,0,0,0,0,0,0,0,0,0,0,0,0,,,,19490428,0,CHA03,h,KCM,0,1,0,exhibition,y,d,
IN9194905030,garnh101,IN9,2,1,value,5,5,1,1,0,0,0,0,0,0,0,0,0,0,1,0,1,0,0,,,,19490503,0,POR01,h,NY6,0,1,0,regular,y,d,
PH5194905120,garnh101,IN9,7,1,value,4,4,0,1,0,0,0,0,0,0,0,0,0,,0,0,1,0,1,,,,19490512,0,WIL04,v,PH5,1,0,0,regular,y,d,
PH5194905131,garnh101,IN9,8,1,value,2,2,0,0,0,0,0,0,0,0,0,0,0,,0,0,0,0,0,,,,19490513,1,PHI11,v,PH5,0,1,0,regular,y,d,
CAG194905221,garnh101,IN9,,,value,,,,,,,,,,,,,,,,,,,,,,,19490522,1,CHI10,v,CAG,0,1,0,regular,,,
KCM194905292,garnh101,IN9,9,2,value,1,1,0,0,0,0,0,0,0,0,0,0,0,1,0,0,0,0,0,,1,,19490529,2,KAN05,v,KCM,0,1,0,regular,y,d,
IN9194906110,garnh101,IN9,9,2,value,1,1,0,0,0,0,0,0,0,0,0,0,0,0,0,0,0,0,0,,1,,19490611,0,CHA01,h,PH5,1,0,0,regular,y,d,
