gid,id,team,p_seq,stattype,p_ipouts,p_noout,p_bfp,p_h,p_d,p_t,p_hr,p_r,p_er,p_w,p_iw,p_k,p_hbp,p_wp,p_bk,p_sh,p_sf,p_sb,p_cs,p_pb,wp,lp,save,p_gs,p_gf,p_cg,date,number,site,vishome,opp,win,loss,tie,gametype,box,pbp,eject
BLG194204122,saxot101,NY6,2,value,,,,,,,,,,,,,,,,,,,,,,,,,1,,19420412,2,NOL01,v,BLG,0,1,0,exhibition,,,
NW2194205060,saxot101,NY6,1,value,18,,,,,,,2,,,,,,,,,,,,,,,,1,,,19420506,0,WIL06,v,NW2,0,1,0,exhibition,,,
NW2194205060,saxot101,NY6,1,upper,21,,,,,,,10,,,,,,,,,,,,,,1,,,,,19420506,0,WIL06,v,NW2,0,1,0,exhibition,,,
PH5194205140,saxot101,NY6,2,value,6,,12,2,0,0,0,3,,3,0,,0,0,0,,0,,,,,,,,1,,19420514,0,CAM02,v,PH5,0,1,0,exhibition,y,,
PH5194205232,saxot101,NY6,3,value,9,,11,1,0,0,0,0,0,2,0,,0,0,0,0,0,,,,,,,,1,,19420523,2,PHI17,v,PH5,0,1,0,regular,y,,
HOM194206170,saxot101,NY6,1,value,9,,17,4,0,0,0,3,,3,0,1,1,0,0,,0,,,,,1,,1,,,19420617,0,SCR01,v,HOM,0,1,0,exhibition,y,,
BLG194207121,saxot101,NY6,2,value,12,,16,3,0,0,0,1,1,1,0,2,0,0,0,0,0,,,,,,,,1,,19420712,1,BAL14,v,BLG,0,1,0,regular,y,,
NY6194207170,saxot101,NY6,2,value,,,,,,,,,,,,,,,,,,,,,,,,,,,19420717,0,RIC04,h,BLG,1,0,0,exhibition,,,
