gid,id,team,d_seq,d_pos,stattype,d_ifouts,d_po,d_a,d_e,d_dp,d_tp,d_pb,d_wp,d_sb,d_cs,d_gs,date,number,site,vishome,opp,win,loss,tie,gametype,box,pbp,eject
NYL191307202,johnd108,CAG,1,1,value,1,0,0,0,0,0,,,,,1,19130720,2,NYC22,v,NYL,1,0,0,championship,y,,
CAG191307300,johnd108,CAG,1,1,value,1,0,0,0,0,0,,,,,1,19130730,0,CHI09,h,NYL,1,0,0,championship,y,y,
CAG191608280,johnd108,IN4,1,1,value,24,0,3,0,0,0,,,,,1,19160828,0,CHI09,v,CAG,0,1,0,exhibition,y,y,
CAG192106130,johnd108,IN4,1,1,value,29,0,5,0,0,0,,,,,1,19210613,0,CHI09,v,CAG,0,1,0,regular,y,y,
ACY192107310,johnd108,IN4,1,1,value,15,0,0,0,0,0,,,,,1,19210731,0,NYC15,v,ACY,0,1,0,exhibition,y,y,
