gid,id,team,p_seq,stattype,p_ipouts,p_noout,p_bfp,p_h,p_d,p_t,p_hr,p_r,p_er,p_w,p_iw,p_k,p_hbp,p_wp,p_bk,p_sh,p_sf,p_sb,p_cs,p_pb,wp,lp,save,p_gs,p_gf,p_cg,date,number,site,vishome,opp,win,loss,tie,gametype,box,pbp,eject
NYL191307202,johnd108,CAG,1,value,1,,4,0,,,0,0,0,2,,1,1,0,0,0,,,,,,,,1,,,19130720,2,NYC22,v,NYL,1,0,0,championship,y,,
CAG191307300,johnd108,CAG,1,value,1,0,6,4,1,0,0,4,4,2,0,0,0,0,0,0,0,0,1,0,,,,1,,,19130730,0,CHI09,h,NYL,1,0,0,championship,y,y,
CAG191608280,johnd108,IN4,1,value,24,0,35,5,0,1,0,4,4,3,0,7,3,0,0,0,1,3,0,0,,1,,1,,1,19160828,0,CHI09,v,CAG,0,1,0,exhibition,y,y,
CAG192106130,johnd108,IN4,1,value,29,0,34,4,0,0,0,1,0,0,0,3,0,0,0,0,0,0,1,0,,1,,1,,1,19210613,0,CHI09,v,CAG,0,1,0,regular,y,y,
ACY192107310,johnd108,IN4,1,value,15,3,25,4,2,1,0,5,5,4,0,3,1,0,0,0,1,1,0,0,,1,,1,,,19210731,0,NYC15,v,ACY,0,1,0,exhibition,y,y,
