gid,team,inn1,inn2,inn3,inn4,inn5,inn6,inn7,inn8,inn9,inn10,inn11,inn12,inn13,inn14,inn15,inn16,inn17,inn18,inn19,inn20,inn21,inn22,inn23,inn24,inn25,inn26,inn27,inn28,lob,mgr,stattype,b_pa,b_ab,b_r,b_h,b_d,b_t,b_hr,b_rbi,b_sh,b_sf,b_hbp,b_w,b_iw,b_k,b_sb,b_cs,b_gdp,b_xi,b_roe,p_ipouts,p_noout,p_bfp,p_h,p_d,p_t,p_hr,p_r,p_er,p_w,p_iw,p_k,p_hbp,p_wp,p_bk,p_sh,p_sf,p_sb,p_cs,p_pb,d_po,d_a,d_e,d_dp,d_tp,d_pb,d_wp,d_sb,d_cs,start_l1,start_l2,start_l3,start_l4,start_l5,start_l6,start_l7,start_l8,start_l9,start_f1,start_f2,start_f3,start_f4,start_f5,start_f6,start_f7,start_f8,start_f9,start_f10,date,number,site,vishome,opp,win,loss,tie,gametype,box,pbp
KCM193310020,ASD,1,1,1,0,0,1,0,0,0,,,,,,,,,,,,,,,,,,,,10,deand102,value,41,37,4,11,0,3,0,,2,,0,2,,13,0,,,,,25,,41,6,2,0,0,5,0,7,,12,0,1,0,1,,5,,1,25,7,5,0,0,1,1,5,,nicof101,mould101,cotth101,martp103,connb104,hornj102,seebd101,clars101,deand102,deand102,seebd101,cotth101,nicof101,martp103,clars101,mould101,hornj102,connb104,,19331002,0,KAN05,v,KCM,0,1,0,exhibition,y,
KCM193310020,KCM,0,0,0,0,0,0,0,3,2,,,,,,,,,,,,,,,,,,,,11,rogab101,value,41,33,5,6,2,0,0,,1,,0,7,,12,5,,,,,27,,41,11,0,3,0,4,0,2,,13,0,0,0,2,,0,,0,27,8,2,0,0,0,0,0,,allen102,mothd101,gileg101,yount101,rogab101,josen101,starj102,dwige101,bevec101,bevec101,yount101,gileg101,mothd101,josen101,allen102,rogab101,dwige101,starj102,,19331002,0,KAN05,h,ASD,1,0,0,exhibition,y,
ASD193310060,KCM,2,0,1,0,0,1,1,2,0,,,,,,,,,,,,,,,,,,,,9,rogab101,value,43,38,7,8,0,0,0,,0,,0,5,,10,5,,,,,27,,30,3,1,0,0,1,0,1,,12,0,0,0,0,,0,,0,27,9,1,2,0,0,0,0,,mothd101,duncf102,gileg101,yount101,rogab101,josen101,starj102,dwige101,bevec101,bevec101,yount101,starj102,gileg101,josen101,mothd101,rogab101,dwige101,duncf102,,19331006,0,OMA02,v,ASD,1,0,0,exhibition,y,
ASD193310060,ASD,0,1,0,0,0,0,0,0,0,,,,,,,,,,,,,,,,,,,,2,deand102,value,30,29,1,3,1,0,0,,0,,0,1,,12,0,,,,,27,,43,8,0,0,0,7,0,5,,10,0,1,0,0,,5,,2,27,6,5,1,0,2,1,5,,shipb101,lubyh101,jensw102,wanep101,wrigg102,rilel101,mayet101,luebr101,frenl101,frenl101,mayet101,luebr101,lubyh101,shipb101,wrigg102,wanep101,jensw102,rilel101,,19331006,0,OMA02,h,KCM,0,1,0,exhibition,y,
KCM193310080,ASD,1,0,0,2,1,0,0,0,0,,,,,,,,,,,,,,,,,,,,8,deand102,value,39,34,4,7,2,0,0,,0,,0,5,,9,0,,,,,24,,36,11,0,1,1,6,0,1,,2,0,0,0,3,,4,,0,24,9,2,1,0,0,0,4,,nicof101,jensw102,wanep101,wrigg102,cotth101,hornj102,clars101,freyu101,frenl101,frenl101,freyu101,cotth101,nicof101,clars101,wrigg102,jensw102,wanep101,hornj102,,19331008,0,KAN05,v,KCM,0,1,0,exhibition,y,
KCM193310080,KCM,0,3,0,0,3,0,0,0,,,,,,,,,,,,,,,,,,,,,6,rogab101,value,36,32,6,11,0,1,1,,3,,0,1,,2,4,,,,,27,,39,7,2,0,0,4,0,5,,9,0,0,0,0,,0,,0,27,9,0,0,0,0,0,0,,allen102,mothd101,gileg101,yount101,rogab101,josen101,starj102,dwige101,brewc102,brewc102,yount101,gileg101,mothd101,josen101,allen102,rogab101,dwige101,starj102,,19331008,0,KAN05,h,ASD,1,0,0,exhibition,y,
ASD193310100,KCM,0,1,0,0,0,0,0,1,0,,,,,,,,,,,,,,,,,,,,11,rogab101,value,40,38,2,10,1,0,1,2,0,,0,2,,7,0,,,,,24,,43,18,4,5,1,14,0,3,,5,0,0,0,0,,0,,0,24,13,1,0,0,0,0,0,,allen102,mothd101,gileg101,duncf102,rogab101,josen101,haler102,dwige101,coopa101,coopa101,duncf102,gileg101,mothd101,josen101,allen102,rogab101,dwige101,haler102,,19331010,0,JOP01,v,ASD,0,1,0,exhibition,y,
ASD193310100,ASD,0,1,5,4,2,0,2,0,,,,,,,,,,,,,,,,,,,,,5,deand102,value,43,40,14,18,4,5,1,13,0,,0,3,,5,0,,,,,27,,40,10,1,0,1,2,1,2,,7,0,0,0,0,,0,,0,27,8,1,0,0,0,0,0,,windb101,jensw102,wanep101,wrigg102,guttd101,thurs101,geerc101,muelr101,frenl101,frenl101,muelr101,windb101,guttd101,geerc101,wrigg102,jensw102,wanep101,frenl101,,19331010,0,JOP01,h,KCM,1,0,0,exhibition,y,
ASD193310110,KCM,0,0,2,0,0,0,0,1,0,,,,,,,,,,,,,,,,,,,,5,rogab101,value,35,33,3,4,0,1,0,2,1,,0,1,,7,2,,,,,24,,27,2,1,0,0,0,0,1,,14,0,0,0,0,,0,,0,24,0,0,0,0,0,0,0,,allen102,mothd101,gileg101,yount101,rogab101,josen101,haler102,dwige101,bevec101,bevec101,yount101,gileg101,mothd101,josen101,allen102,rogab101,dwige101,haler102,,19331011,0,OKC01,v,ASD,1,0,0,exhibition,y,
ASD193310110,ASD,0,0,0,0,0,0,0,0,,,,,,,,,,,,,,,,,,,,,3,deand102,value,27,26,0,2,1,0,0,0,0,,0,1,,14,0,,,,,27,,35,4,0,1,0,3,0,1,,7,0,0,0,1,,2,,0,27,7,5,1,0,0,0,2,,jensw102,wanep101,funkl101,wrigg102,sedbl101,sloab101,welcj102,fitzj802,frenl101,frenl101,fitzj802,sedbl101,sedbl101,welcj102,wrigg102,jensw102,funkl101,sloab101,,19331011,0,OKC01,h,KCM,0,1,0,exhibition,y,
KCM193310150,ASD,1,0,0,0,0,1,0,0,0,,,,,,,,,,,,,,,,,,,,4,deand102,value,33,32,2,7,1,1,0,,0,,1,0,,13,1,,,,,24,,32,8,0,1,0,3,0,0,,5,0,0,0,0,,0,,0,24,9,1,0,0,0,0,0,,kerrj102,mosoj101,wanep101,arleb101,kuhej101,wrigg102,clabm101,seebd101,caldr101,caldr101,seebd101,kuhej101,kerrj102,clabm101,wrigg102,wanep101,mosoj101,arleb101,,19331015,0,KAN05,v,KCM,0,1,0,exhibition,y,
KCM193310150,KCM,0,1,0,0,0,0,0,1,1,,,,,,,,,,,,,,,,,,,,5,rogab101,value,32,32,3,8,0,1,0,,0,,0,0,,5,0,,,,,27,,33,7,1,1,0,2,0,0,,13,1,1,0,0,,1,,0,27,8,1,0,0,0,1,1,,allen102,mothd101,gileg101,yount101,rogab101,josen101,haler102,dwige101,bevec101,bevec101,yount101,gileg101,mothd101,josen101,allen102,rogab101,dwige101,haler102,,19331015,0,KAN05,h,ASD,1,0,0,exhibition,y,
ASD193410120,KCM,0,1,0,1,0,1,3,0,1,,,,,,,,,,,,,,,,,,,,6,rogab101,value,40,38,7,14,4,2,0,2,1,,0,1,,4,1,,,,,27,,33,4,0,0,0,0,0,1,,4,0,0,0,0,,1,,0,27,9,1,0,0,0,0,1,,allen102,dwige101,gileg101,yount101,davis103,rogab101,mothd101,josen101,coopa101,coopa101,yount101,gileg101,mothd101,josen101,allen102,rogab101,dwige101,davis103,,19341012,0,KAN05,v,ASD,1,0,0,exhibition,y,
ASD193410120,ASD,0,0,0,0,0,0,0,0,0,,,,,,,,,,,,,,,,,,,,6,deand102,value,33,32,0,4,0,0,0,0,0,,0,1,,4,1,,,,,27,,40,14,4,2,0,7,0,1,,4,0,0,0,1,,1,,2,27,6,3,0,0,2,0,1,,mould101,brayj102,bowmj101,mosoj101,hornu102,seebd101,morge102,yurca101,deanp101,deanp101,seebd101,morge102,brayj102,yurca101,mould101,mosoj101,bowmj101,hornu102,,19341012,0,KAN05,h,KCM,0,1,0,exhibition,y,
NNS193410230,ASD,1,1,0,0,1,0,0,0,0,,,,,,,,,,,,,,,,,,,,6,deand102,value,36,30,3,6,2,1,0,3,1,,1,4,,8,0,,,,,24,,34,10,3,1,1,4,0,0,,4,0,0,1,0,,1,,0,24,9,0,0,0,0,0,1,,kingl102,cortj101,tayld101,soltm101,carno101,goldd101,trape101,suscg102,deand102,deand102,suscg102,goldd101,kingl102,trape101,cortj101,deand102,carno101,soltm101,,19341023,0,PIT06,v,NNS,0,1,0,exhibition,y,
NNS193410230,NNS,0,0,0,1,0,0,0,3,,,,,,,,,,,,,,,,,,,,,6,charo101,value,34,34,4,10,3,1,1,4,0,,0,0,,4,1,,,,,27,,36,6,2,1,0,3,0,4,,8,1,0,0,1,,0,,0,27,13,1,1,0,0,0,0,,harrv102,coopa103,charo101,gibsj101,johnj108,harrc104,russj105,paget101,paigs101,paigs101,gibsj101,charo101,russj105,johnj108,coopa103,harrc104,harrv102,paget101,,19341023,0,PIT06,h,ASD,1,0,0,exhibition,y,
ASD193510060,KCM,0,0,0,0,0,0,0,0,0,,,,,,,,,,,,,,,,,,,,8,craws102,value,35,33,0,7,2,0,0,0,0,0,0,2,0,4,1,2,0,0,1,24,0,32,3,0,0,0,1,0,4,0,11,0,0,0,1,0,3,0,2,24,8,2,0,0,2,0,3,0,allen102,dwige101,tayll103,maywe101,rogab101,milth101,trouq101,broww101,paigs101,paigs101,trouq101,maywe101,allen102,rogab101,broww101,milth101,dwige101,tayll103,,19351006,0,KAN05,v,ASD,0,1,0,exhibition,y,d
ASD193510060,ASD,0,0,1,0,0,0,0,0,,,,,,,,,,,,,,,,,,,,,7,deand102,value,32,27,1,3,0,0,0,1,1,0,0,4,0,11,3,0,0,0,1,27,0,35,7,2,0,0,0,0,2,0,4,0,0,0,0,0,1,2,0,27,9,2,0,0,0,0,1,2,radtj101,mould101,clard101,seebd101,michj102,deand102,deanp101,bowmj101,rybam101,rybam101,seebd101,michj102,mould101,clard101,radtj101,bowmj101,deand102,deanp101,,19351006,0,KAN05,h,KCM,1,0,0,exhibition,y,d
NNS193510131,ASD,0,0,0,0,2,0,1,0,0,,,,,,,,,,,,,,,,,,,,7,deand102,value,37,34,3,10,1,0,0,3,0,,0,3,,9,0,,,,,27,,36,8,2,0,0,0,0,3,,9,0,0,0,3,,0,,0,27,10,0,1,0,0,0,0,,urbab101,strij101,rippj101,soltm101,carno101,thevt101,rybam101,garbb102,deand102,deand102,rybam101,garbb102,thevt101,strij101,urbab101,carno101,rippj101,soltm101,,19351013,1,NYC16,v,NNS,1,0,0,exhibition,y,
NNS193510131,NNS,0,0,0,0,0,0,0,0,0,,,,,,,,,,,,,,,,,,,,9,charo101,value,36,30,0,8,2,0,0,0,3,,0,3,,9,0,,,,,27,,37,10,1,0,0,3,0,3,,9,0,0,0,0,,0,,0,27,10,2,1,0,0,0,0,,bellj103,speac103,wilsj106,gibsj101,pattp102,thomw103,paget101,dandr101,taylj108,taylj108,gibsj101,thomw103,pattp102,wilsj106,dandr101,paget101,bellj103,speac103,,19351013,1,NYC16,h,ASD,0,1,0,exhibition,y,
NNS193510132,ASD,0,0,1,0,0,,,,,,,,,,,,,,,,,,,,,,,,,deand102,value,,,1,4,,,,,,,,,,,,,,,,15,,,2,,,,0,0,,,,,,,,,,,,15,,1,,0,,,,,,,,,,,,,,swifb101,garbb102,,,,,,,,,19351013,2,NYC16,v,NNS,1,0,0,exhibition,,
NNS193510132,NNS,0,0,0,0,0,,,,,,,,,,,,,,,,,,,,,,,,,charo101,value,,,0,2,,,,0,,,,,,,,,,,,15,,,4,,,,1,,,,,,,,,,,,,15,,1,,0,,,,,,,,,,,,,,matll101,duncf102,,,,,,,,,19351013,2,NYC16,h,ASD,0,1,0,exhibition,,
ASD193510140,NNS,2,0,2,7,0,0,0,0,0,,,,,,,,,,,,,,,,,,,,4,charo101,value,42,42,11,15,0,0,2,,0,,0,,,,0,,,,,27,,36,9,0,0,0,1,0,,,,0,0,0,0,,0,,0,27,12,0,0,0,0,0,0,,bellj103,paget101,pattp102,gibsj101,willh105,burbb102,casem101,matll101,mcdow101,mcdow101,casem101,matll101,pattp102,gibsj101,willh105,burbb102,bellj103,paget101,,19351014,0,YOR01,v,ASD,1,0,0,exhibition,y,
ASD193510140,ASD,0,0,0,0,1,0,0,0,0,,,,,,,,,,,,,,,,,,,,8,deand102,value,36,36,1,9,0,0,0,,0,,0,,,,0,,,,,27,,42,15,0,0,2,11,0,,,,0,0,0,0,,0,,0,27,13,5,0,0,0,0,0,,carno101,gingu101,rippj101,soltm101,thevt101,swifb101,winfj101,garbb102,deand102,deand102,garbb102,gingu101,deand102,rippj101,thevt101,soltm101,carno101,deand102,,19351014,0,YOR01,h,NNS,0,1,0,exhibition,y,
ASD193510310,PRG,0,0,0,1,1,0,0,2,0,,,,,,,,,,,,,,,,,,,,6,wilst801,value,37,35,4,9,1,0,0,4,1,,0,1,,9,2,,,,,24,,33,7,1,1,0,5,0,2,,11,0,1,0,0,,2,,1,24,9,3,0,0,1,1,2,,hughs101,snowf101,steat101,suttm101,wrigz102,mackb102,wrigh102,westj102,paigs101,paigs101,mackb102,westj102,hughs101,suttm101,snowf101,steat101,wrigh102,wrigz102,,19351031,0,LOS02,v,ASD,0,1,0,exhibition,y,
ASD193510310,ASD,0,0,0,2,0,0,1,0,2,,,,,,,,,,,,,,,,,,,,4,deand102,value,33,31,5,7,1,1,0,2,0,,0,2,,11,2,,,,,27,,37,9,1,0,0,4,0,1,,9,0,1,0,1,,2,,0,27,7,1,0,0,0,1,2,,statj101,stait101,vauga101,bergw101,camid102,demaf102,lillg101,hannt101,deand102,deand102,hannt101,camid102,stait101,lillg101,vauga101,bergw101,statj101,demaf102,,19351031,0,LOS02,h,PRG,1,0,0,exhibition,y,
ASD194205240,KCM,0,0,0,1,0,0,0,2,0,,,,,,,,,,,,,,,,,,,,7,duncf102,value,37,34,3,10,1,0,0,3,2,0,0,1,1,4,2,0,0,0,0,27,0,29,3,0,0,0,1,0,1,0,5,0,0,0,0,0,0,0,0,27,15,2,2,0,0,0,0,0,simmw101,soueh101,strot101,broww101,greej108,oneib801,serrb101,willj111,paigs101,paigs101,greej108,oneib801,serrb101,soueh101,willj111,simmw101,broww101,strot101,,19420524,0,CHI11,v,ASD,1,0,0,exhibition,y,d
ASD194205240,ASD,0,0,1,0,0,0,0,0,0,,,,,,,,,,,,,,,,,,,,1,deand102,value,29,28,1,3,0,0,0,1,0,0,0,1,0,5,0,0,2,0,0,27,0,37,10,1,0,0,3,3,1,1,4,0,1,0,2,0,2,0,0,27,11,0,0,0,0,1,2,0,muelh101,corbc101,travc101,bonuz101,archg101,silvk101,johnr111,gallj103,deand102,deand102,silvk101,bonuz101,muelh101,travc101,corbc101,gallj103,johnr111,archg101,,19420524,0,CHI11,h,KCM,0,1,0,exhibition,y,d
HOM194205310,ASD,0,0,0,1,0,0,0,0,0,,,,,,,,,,,,,,,,,,,,7,deand102,value,35,32,1,8,1,0,0,1,0,0,1,2,0,7,0,1,0,0,0,24,0,41,13,1,2,0,8,8,6,0,4,1,0,0,1,0,2,1,0,24,6,1,0,0,0,0,2,1,boylb101,baked104,corbc101,travc101,morrd101,hornu102,cantb102,mcdoj101,deand102,deand102,mcdoj101,corbc101,morrd101,travc101,baked104,cantb102,boylb101,hornu102,,19420531,0,WAS09,v,HOM,0,1,0,exhibition,y,d
HOM194205310,HOM,2,0,0,0,4,0,2,0,,,,,,,,,,,,,,,,,,,,,9,harrv102,value,41,33,8,13,1,2,0,8,1,0,1,6,0,4,2,1,0,0,0,27,0,35,8,1,0,0,1,0,2,0,7,1,0,0,0,0,0,1,0,27,14,3,0,0,0,0,0,1,whatd101,benjj101,easth104,gibsj101,wilsj106,banks101,harrv102,carlm101,paigs101,paigs101,gibsj101,wilsj106,carlm101,easth104,banks101,harrv102,benjj101,whatd101,,19420531,0,WAS09,h,ASD,1,0,0,exhibition,y,d
