gid,id,team,p_seq,stattype,p_ipouts,p_noout,p_bfp,p_h,p_d,p_t,p_hr,p_r,p_er,p_w,p_iw,p_k,p_hbp,p_wp,p_bk,p_sh,p_sf,p_sb,p_cs,p_pb,wp,lp,save,p_gs,p_gf,p_cg,date,number,site,vishome,opp,win,loss,tie,gametype,box,pbp,eject
BLG194307300,stewo101,BLG,2,value,9,,12,2,0,0,0,0,,1,,4,0,0,0,0,,,,,,,,,,,19430730,0,BAL14,h,NY5,0,0,1,exhibition,y,,
BLG194308011,stewo101,BLG,3,value,11,,15,4,,,0,2,,0,0,3,0,0,0,0,,0,,,,,,,1,,19430801,1,BAL14,h,NY5,0,1,0,exhibition,y,,
HOM194308221,stewo101,BLG,1,value,6,,17,10,0,0,0,7,7,1,0,2,0,0,0,,0,,,,,1,,1,,,19430822,1,WAS09,v,HOM,0,1,0,regular,y,,
BLG194308291,stewo101,BLG,2,value,18,,,,,,,0,,,,,,,,,,,,,1,,,,1,,19430829,1,BAL14,h,PH5,1,0,0,regular,,,
BLG194308291,stewo101,BLG,2,upper,21,,,,,,,0,,,,,,,,,,,,,,,,,,,19430829,1,BAL14,h,PH5,1,0,0,regular,,,
BLG194309052,stewo101,BLG,1,value,11,,22,13,,,1,9,,0,0,2,0,0,0,0,,0,,,,1,,1,,,19430905,2,BAL14,h,BIR,0,1,0,exhibition,y,,
