gid,id,team,p_seq,stattype,p_ipouts,p_noout,p_bfp,p_h,p_d,p_t,p_hr,p_r,p_er,p_w,p_iw,p_k,p_hbp,p_wp,p_bk,p_sh,p_sf,p_sb,p_cs,p_pb,wp,lp,save,p_gs,p_gf,p_cg,date,number,site,vishome,opp,win,loss,tie,gametype,box,pbp
BLS192408031,willj109,BRG,1,value,27,0,37,9,2,0,0,5,3,1,0,4,0,0,0,2,0,1,0,0,1,,,1,,1,19240803,1,BAL13,v,BLS,1,0,0,regular,y,y
BLS192408031,britg103,BLS,1,value,27,0,46,11,1,0,1,7,4,6,0,3,0,0,0,2,1,0,1,0,,1,,1,,1,19240803,1,BAL13,h,BRG,0,1,0,regular,y,y
BLS192408032,reddd101,BRG,1,value,24,0,45,14,4,0,0,12,8,6,0,3,0,0,0,3,0,0,2,0,,1,,1,,1,19240803,2,BAL13,v,BLS,0,1,0,regular,y,y
BLS192408032,mcclb103,BLS,1,value,27,0,36,7,0,0,0,3,2,2,0,5,0,0,0,1,0,3,1,0,1,,,1,,1,19240803,2,BAL13,h,BRG,1,0,0,regular,y,y
