gid,visteam,hometeam,site,date,number,starttime,daynight,innings,tiebreaker,usedh,htbf,timeofgame,attendance,fieldcond,precip,sky,temp,winddir,windspeed,oscorer,forfeit,suspend,umphome,ump1b,ump2b,ump3b,umplf,umprf,wp,lp,save,gametype,vruns,hruns,wteam,lteam,line,batteries,lineups,box,pbp,season
HIL192610010,ALN,HIL,WIL03,19261001,0,0:00PM,day,,,false,,85,0,unknown,unknown,unknown,0,unknown,-1,,,,mckau901,mckiu901,,,,,cockp101,heimf101,,exhibition,2,3,HIL,ALN,y,both,y,y,,1926
HIL192610020,ALN,HIL,DAR01,19261002,0,0:00PM,day,,,false,,-1,0,unknown,unknown,unknown,0,unknown,-1,,,,,,,,,,wintn101,grovl101,,exhibition,1,6,HIL,ALN,y,both,y,y,,1926
ALN192610060,HIL,ALN,BLO01,19261006,0,0:00PM,day,,,false,,80,0,unknown,unknown,unknown,0,unknown,-1,,,,hageu901,rinku901,,,,,heimf101,lee-s101,,exhibition,0,1,ALN,HIL,y,both,y,y,,1926
ALN192610070,HIL,ALN,BLO01,19261007,0,0:00PM,day,,,false,,105,5000,unknown,unknown,unknown,0,unknown,-1,,,,hageu901,rinku901,,,,,cockp101,grovl101,,exhibition,3,0,HIL,ALN,y,both,y,y,,1926
ALN192610080,HIL,ALN,BLO01,19261008,0,0:00PM,day,,,false,,95,0,unknown,unknown,unknown,0,unknown,-1,,,,hageu901,rinku901,,,,,ryanr102,quinj102,,exhibition,4,1,HIL,ALN,y,both,y,y,,1926
HIL192610090,ALN,HIL,DAR01,19261009,0,0:00PM,day,,,false,,-1,0,unknown,unknown,unknown,0,unknown,-1,,,,,,,,,,wintn101,walbr101,,exhibition,3,4,HIL,ALN,y,both,y,y,,1926
