gid,id,team,d_seq,d_pos,stattype,d_ifouts,d_po,d_a,d_e,d_dp,d_tp,d_pb,d_wp,d_sb,d_cs,d_gs,date,number,site,vishome,opp,win,loss,tie,gametype,box,pbp,eject
BIR193705091,colem101,BIR,1,6,value,27,1,2,0,0,0,,,,,1,19370509,1,BIR01,h,KCM,0,1,0,regular,y,d,
BIR193705092,colem101,BIR,1,6,value,21,1,1,1,0,0,,,,,1,19370509,2,BIR01,h,KCM,0,1,0,regular,y,d,
BIR193705161,colem101,BIR,1,6,value,27,5,4,0,1,0,,,,,1,19370516,1,BIR01,h,SSA,1,0,0,regular,y,d,
BIR193705162,colem101,BIR,1,6,value,21,3,1,0,0,0,,,,,1,19370516,2,BIR01,h,SSA,1,0,0,regular,y,d,
CAG193705220,colem101,BIR,1,6,value,24,1,2,1,1,0,,,,,1,19370522,0,CHI09,v,CAG,0,1,0,regular,y,d,
CI1193705270,colem101,BIR,1,6,value,27,0,2,2,0,0,,,,,1,19370527,0,DES01,v,CI1,1,0,0,regular,y,d,
KCM193705301,colem101,BIR,1,6,value,24,0,1,0,0,0,,,,,1,19370530,1,KAN05,v,KCM,0,1,0,regular,y,d,
KCM193705302,colem101,BIR,1,6,value,18,0,1,2,0,0,,,,,1,19370530,2,KAN05,v,KCM,0,1,0,regular,y,d,
KCM193705311,colem101,BIR,1,5,value,6,1,0,0,0,0,,,,,0,19370531,1,KAN05,v,KCM,0,1,0,regular,y,d,
KCM193705312,colem101,BIR,1,6,value,27,0,3,0,0,0,,,,,1,19370531,2,KAN05,v,KCM,1,0,0,regular,y,d,
BIR193706062,colem101,BIR,1,2,value,21,6,0,0,0,0,,,0,,1,19370606,2,BIR01,h,DT2,1,0,0,regular,y,,
SSA193706120,colem101,BIR,1,2,value,27,,,0,,,,,,,1,19370612,0,STL14,v,SSA,1,0,0,regular,y,,
SSA193706132,colem101,BIR,1,2,value,21,,,,,,,,,,1,19370613,2,STL14,v,SSA,1,0,0,regular,,,
BIR193706271,colem101,BIR,1,2,value,27,,,,,,,,,,1,19370627,1,BIR01,h,CI1,0,1,0,regular,,,
BIR193707051,colem101,BIR,1,2,value,27,6,0,0,0,0,0,0,3,0,1,19370705,1,BIR01,h,IN6,0,1,0,regular,y,d,
BIR193707052,colem101,BIR,1,2,value,24,5,1,0,0,0,0,0,2,0,1,19370705,2,BIR01,h,IN6,1,0,0,regular,y,d,
BIR193707182,colem101,BIR,1,2,value,12,4,0,0,0,0,0,1,1,0,1,19370718,2,BIR01,h,CAG,0,1,0,regular,y,d,
CI1193707242,colem101,BIR,1,2,value,24,7,0,0,0,0,0,0,0,0,1,19370724,2,DAY03,v,CI1,0,1,0,exhibition,y,d,
IN6193708020,colem101,BIR,,2,value,27,,,,,,,,,,1,19370802,0,IND10,v,IN6,1,0,0,regular,,,
MEM193708082,colem101,BIR,1,2,value,18,,,,,,,,,,1,19370808,2,MEM02,v,MEM,1,0,0,exhibition,,,
BIR193708152,colem101,BIR,1,2,value,21,5,0,0,0,0,1,0,0,0,1,19370815,2,BIR01,h,SSA,1,0,0,regular,y,d,
ATN193708220,colem101,BIR,1,5,value,27,0,1,0,0,0,,,,,1,19370822,0,ATL04,v,ATN,1,0,0,regular,y,d,
