gid,team,inn1,inn2,inn3,inn4,inn5,inn6,inn7,inn8,inn9,inn10,inn11,inn12,inn13,inn14,inn15,inn16,inn17,inn18,inn19,inn20,inn21,inn22,inn23,inn24,inn25,inn26,inn27,inn28,lob,mgr,stattype,b_pa,b_ab,b_r,b_h,b_d,b_t,b_hr,b_rbi,b_sh,b_sf,b_hbp,b_w,b_iw,b_k,b_sb,b_cs,b_gdp,b_xi,b_roe,p_ipouts,p_noout,p_bfp,p_h,p_d,p_t,p_hr,p_r,p_er,p_w,p_iw,p_k,p_hbp,p_wp,p_bk,p_sh,p_sf,p_sb,p_cs,p_pb,d_po,d_a,d_e,d_dp,d_tp,d_pb,d_wp,d_sb,d_cs,start_l1,start_l2,start_l3,start_l4,start_l5,start_l6,start_l7,start_l8,start_l9,start_f1,start_f2,start_f3,start_f4,start_f5,start_f6,start_f7,start_f8,start_f9,start_f10,date,number,site,vishome,opp,win,loss,tie,gametype,box,pbp
PH5193706020,WEG,1,1,0,0,0,0,0,0,,,,,,,,,,,,,,,,,,,,,3,mackb102,value,29,27,2,6,0,0,1,2,1,0,0,1,0,0,0,2,0,0,0,24,0,33,6,0,0,0,2,1,1,0,0,0,0,0,0,0,0,0,0,24,16,4,0,0,0,0,0,0,snowf101,walkh103,wrigb104,wrigz102,mornl101,westj102,kimbh102,willn103,glovt101,glovt101,willn103,westj102,mornl101,snowf101,walkh103,kimbh102,wrigb104,wrigz102,,19370602,0,CHE02,v,PH5,0,0,1,regular,y,d
PH5193706020,PH5,0,2,0,0,0,0,0,0,,,,,,,,,,,,,,,,,,,,,7,wilsj106,value,33,32,2,6,0,0,0,1,0,0,0,1,0,0,0,0,0,0,2,24,0,29,6,0,0,1,2,2,1,0,0,0,0,0,1,0,0,2,0,24,15,1,0,0,0,0,0,2,bensg101,dunnj104,harrc104,casem101,wilsj106,dixop101,harva101,browl107,overa101,overa101,browl107,harrc104,dunnj104,wilsj106,harva101,dixop101,bensg101,casem101,,19370602,0,CHE02,h,WEG,0,0,1,regular,y,d
PH5193709010,PTC,1,0,0,2,0,0,0,,,,,,,,,,,,,,,,,,,,,,3,charo101,value,27,26,3,7,2,0,0,3,0,0,0,1,0,3,0,0,1,0,0,19,0,29,9,1,1,0,4,4,1,0,5,0,0,0,1,0,0,0,0,19,2,0,0,0,0,0,0,0,burbb102,wilse104,speah101,starj102,willc106,bassp101,washj102,wilsd103,duncs101,duncs101,bassp101,starj102,washj102,speah101,willc106,wilsd103,wilse104,burbb102,,19370901,0,CHE02,v,PH5,0,1,0,regular,y,d
PH5193709010,PH5,1,0,0,0,0,0,3,,,,,,,,,,,,,,,,,,,,,,6,wilsj106,value,29,27,4,9,1,1,0,4,1,0,0,1,0,5,0,0,0,0,0,21,0,27,7,2,0,0,3,3,1,0,3,0,0,0,0,0,0,0,0,21,10,1,1,0,0,0,0,0,paget101,dunnj104,bensg101,dixop101,wilsj106,harrc104,cread101,casem101,missj102,missj102,casem101,wilsj106,harrc104,cread101,dunnj104,dixop101,bensg101,paget101,,19370901,0,CHE02,h,PTC,1,0,0,regular,y,d
PH5193805160,BLG,0,2,1,0,0,0,0,0,0,,,,,,,,,,,,,,,,,,,,,scalg101,value,,,3,4,,,,,,,,,,,,,,,,24,,,,,,,9,,,,,,,,,,,,,24,,,,,,,,,,,,,,,,,,direj101,,,,,,,,,,19380516,0,CHE02,v,PH5,0,1,0,regular,,
PH5193805160,PH5,4,,,,,,,,,,,,,,,,,,,,,,,,,,,,,wilsj106,value,,,9,,,,,,,,,,,,,,,,,27,,,4,,,,3,,,,,,,,,,,,,27,,,,,,,,,,,,,,,,,,carts102,,,,,,,,,,19380516,0,CHE02,h,BLG,1,0,0,regular,,
PH5193805230,HOM,0,0,0,0,0,0,,,,,,,,,,,,,,,,,,,,,,,2,harrv102,value,20,20,0,2,1,0,0,0,0,0,0,0,0,0,0,0,0,0,0,15,0,26,4,1,0,0,5,5,7,0,0,0,0,0,0,0,0,0,0,15,4,0,0,0,0,0,0,0,harrv102,benjj101,leonb101,gibsj101,willj110,johnj112,carlm101,jackj104,parkt101,parkt101,gibsj101,leonb101,carlm101,johnj112,jackj104,harrv102,benjj101,willj110,,19380523,0,CHE02,v,PH5,0,1,0,regular,y,d
PH5193805230,PH5,1,0,2,0,2,,,,,,,,,,,,,,,,,,,,,,,,6,wilsj106,value,26,19,5,4,1,0,0,5,0,0,0,7,0,0,0,0,0,0,0,18,0,20,2,1,0,0,0,0,0,0,0,0,0,0,0,0,0,0,0,18,5,0,0,0,0,0,0,0,speac103,parnr102,gileg101,wilsj106,perkb101,dunnj104,harrc104,dixop101,missj102,missj102,perkb101,gileg101,harrc104,wilsj106,dunnj104,parnr102,dixop101,speac103,,19380523,0,CHE02,h,HOM,1,0,0,regular,y,d
PH5193806060,WBS,0,0,0,2,0,0,0,0,,,,,,,,,,,,,,,,,,,,,5,taylb108,value,31,28,2,7,2,0,0,,0,,0,3,,3,0,,,,,21,,33,5,3,2,0,6,,10,,0,0,,,0,,4,,,21,9,0,,,,,4,,burbb102,thomd104,cruma101,wrigz102,speah101,casem101,johnt107,hendc102,holml101,holml101,casem101,thomd104,johnt107,speah101,hendc102,wrigz102,burbb102,cruma101,,19380606,0,CHE02,v,PH5,0,1,0,regular,y,
PH5193806060,PH5,0,0,1,0,0,5,0,,,,,,,,,,,,,,,,,,,,,,6,wilsj106,value,33,23,6,5,3,2,0,,0,,0,10,,0,4,,,,,24,,31,7,2,0,0,2,,3,,3,0,,,0,,0,,,24,15,0,,,,,0,,speac103,parnr102,gileg101,pattp102,perkb101,dunnj104,cread101,dixop101,missj102,missj102,perkb101,gileg101,pattp102,cread101,dunnj104,parnr102,dixop101,speac103,,19380606,0,CHE02,h,WBS,1,0,0,regular,y,
