gid,id,team,d_seq,d_pos,stattype,d_ifouts,d_po,d_a,d_e,d_dp,d_tp,d_pb,d_wp,d_sb,d_cs,d_gs,date,number,site,vishome,opp,win,loss,tie,gametype,box,pbp,eject
WSW193207250,willc106,PTC,1,6,value,27,0,2,0,0,0,,,,,1,19320725,0,WAS09,v,WSW,1,0,0,regular,y,,
PTC193209190,willc106,HOM,1,6,value,27,1,3,1,0,0,,,,,1,19320919,0,PIT09,v,PTC,1,0,0,exhibition,y,,
PTC193307231,willc106,PTC,1,6,value,27,3,3,0,0,0,,,,,1,19330723,1,CLE06,h,CAG,1,0,0,regular,y,,
PTC193307232,willc106,PTC,1,6,value,36,0,2,0,0,0,,,,,1,19330723,2,CLE06,h,CAG,1,0,0,regular,y,,
PTC193407041,willc106,PTC,1,4,value,27,3,0,0,0,0,,,,,1,19340704,1,PIT09,h,HOM,1,0,0,exhibition,y,,
ASW193408260,willc106,ASE,1,4,value,27,2,1,0,0,0,,,,,1,19340826,0,CHI10,v,ASW,1,0,0,allstar,y,y,
PH5193409092,willc106,PTC,1,4,value,27,1,3,1,0,0,0,,,,1,19340909,2,NYC16,v,PH5,0,0,1,exhibition,y,,
PTC193409301,willc106,PTC,1,4,value,27,2,2,0,0,0,0,,,,1,19340930,1,NYC16,h,PH5,1,0,0,exhibition,y,,
PRG193410130,willc106,PRG,1,4,value,27,2,4,0,0,0,,,,,1,19341013,0,LOS05,h,PIR,1,0,0,exhibition,y,y,
PRG193410141,willc106,PRG,1,4,value,27,1,3,0,1,0,,,,,1,19341014,1,LOS05,h,PIR,1,0,0,exhibition,y,y,
PRG193410200,willc106,PRG,1,4,value,27,3,2,0,1,0,,,,,1,19341020,0,LOS05,h,WHK,1,0,0,exhibition,y,,
PRG193410211,willc106,PRG,1,4,value,33,0,6,1,2,0,,,,,1,19341021,1,LOS05,h,WHK,0,1,0,exhibition,y,y,
PRG193410270,willc106,PRG,1,4,value,27,2,2,0,0,0,,,,,1,19341027,0,LOS05,h,PIR,1,0,0,exhibition,y,,
PRG193410281,willc106,PRG,1,4,value,27,2,4,0,2,0,,,,,1,19341028,1,LOS05,h,PIR,1,0,0,exhibition,y,y,
PTC193505110,willc106,PTC,1,4,value,27,2,4,0,0,0,,,,,1,19350511,0,PIT09,h,NY6,1,0,0,regular,y,d,
PTC193505121,willc106,PTC,1,4,value,27,3,1,1,0,0,,,,,1,19350512,1,PIT09,h,NY6,1,0,0,regular,y,d,
PTC193505122,willc106,PTC,1,4,value,27,1,0,0,0,0,,,,,1,19350512,2,PIT09,h,NY6,0,0,1,regular,y,d,
PTC193505130,willc106,PTC,1,4,value,27,2,8,0,,,,,,,1,19350513,0,PIT09,h,NY6,0,0,1,regular,y,,
PTC193505140,willc106,PTC,1,4,value,27,2,2,0,,,,,,,1,19350514,0,BEA02,h,NY6,0,1,0,exhibition,y,,
PTC193505180,willc106,PTC,1,4,value,27,2,1,1,0,0,,,,,1,19350518,0,PIT09,h,CAG,0,1,0,regular,y,d,
PTC193505191,willc106,PTC,1,4,value,27,0,6,0,0,0,,,,,1,19350519,1,PIT09,h,CAG,1,0,0,regular,y,d,
PTC193505200,willc106,PTC,1,4,value,,0,1,,,,,,,,1,19350520,0,PIT09,h,CAG,0,1,0,regular,y,,
PTC193505210,willc106,PTC,1,4,value,27,1,6,0,1,0,,,,,1,19350521,0,HRB01,h,CAG,0,1,0,regular,y,d,
PTC193505220,willc106,PTC,1,4,value,27,7,,,,,,,,,1,19350522,0,YOR01,h,CAG,1,0,0,regular,y,,
PH5193505240,willc106,PTC,1,6,value,,2,6,,,,,,,,1,19350524,0,BEA02,v,PH5,0,0,1,exhibition,y,,
PH5193505240,willc106,PTC,2,3,value,,0,0,,,,,,,,,19350524,0,BEA02,v,PH5,0,0,1,exhibition,y,,
PTC193505250,willc106,PTC,1,6,value,27,2,6,0,,,,,,,1,19350525,0,PIT09,h,PH5,1,0,0,regular,y,,
PTC193505261,willc106,PTC,2,6,value,,0,0,0,0,0,,,,,,19350526,1,PIT09,h,PH5,1,0,0,regular,y,,
PTC193505270,willc106,PTC,1,4,value,,2,2,,,,,,,,1,19350527,0,PIT09,h,PH5,0,1,0,regular,y,,
PTC193505270,willc106,PTC,1,6,value,,1,1,,,,,,,,,19350527,0,PIT09,h,PH5,0,1,0,regular,y,,
PTC193505280,willc106,PTC,1,4,value,27,2,2,1,,,,,,,1,19350528,0,YOR01,h,PH5,0,1,0,regular,y,,
PH5193505301,willc106,PTC,1,6,value,27,0,2,0,,,,,,,1,19350530,1,PHI17,v,PH5,1,0,0,regular,y,,
PH5193505302,willc106,PTC,1,6,value,27,4,,0,,,,,,,1,19350530,2,PHI17,v,PH5,1,0,0,regular,y,,
NW1193506010,willc106,PTC,1,4,value,27,1,,1,0,0,0,0,0,,1,19350601,0,IRV01,v,NW1,1,0,0,regular,y,,
NW1193506021,willc106,PTC,1,6,value,21,,,0,1,0,,,,,1,19350602,1,IRV01,v,NW1,1,0,0,regular,y,,
NW1193506022,willc106,PTC,1,6,value,27,,,0,,,,,,,1,19350602,2,IRV01,v,NW1,1,0,0,regular,y,,
NW1193506030,willc106,PTC,1,6,value,27,4,1,0,0,0,,,,,1,19350603,0,NBR01,v,NW1,1,0,0,regular,y,d,
PH5193506151,willc106,PTC,1,6,value,24,4,1,0,0,0,,,,,1,19350615,1,PHI17,v,PH5,1,0,0,regular,y,d,
PH5193506152,willc106,PTC,1,6,value,27,2,4,0,0,0,0,0,0,,1,19350615,2,PHI17,v,PH5,1,0,0,regular,y,,
NY6193506220,willc106,PTC,1,6,value,24,3,3,1,0,0,,,,,1,19350622,0,BEL02,v,NY6,0,1,0,regular,y,d,
NY6193506231,willc106,PTC,1,6,value,27,2,2,0,0,0,,,,,1,19350623,1,NYC25,v,NY6,1,0,0,regular,y,d,
NY6193506232,willc106,PTC,1,6,value,27,2,5,0,1,0,,,,,1,19350623,2,NYC25,v,NY6,1,0,0,regular,y,d,
PTC193506291,willc106,PTC,1,6,value,27,3,4,0,1,0,0,0,0,,,19350629,1,PIT09,h,NW1,1,0,0,regular,y,,
PTC193506301,willc106,PTC,1,6,value,27,3,5,,,,,,,,1,19350630,1,PIT09,h,NW1,0,1,0,regular,y,,
PTC193507041,willc106,PTC,1,6,value,27,2,1,1,,,,,,,1,19350704,1,PIT09,h,HOM,1,0,0,exhibition,y,,
PTC193507061,willc106,PTC,1,6,value,27,1,3,,,,,,,,1,19350706,1,PIT09,h,HOM,0,1,0,regular,y,,
HOM193507072,willc106,PTC,1,6,value,15,2,0,0,0,0,,,,,1,19350707,2,HRB01,v,HOM,0,1,0,regular,y,d,
PTC193507071,willc106,PTC,1,6,value,27,5,2,1,1,0,,,,,1,19350707,1,HRB01,h,HOM,1,0,0,regular,y,d,
HOM193507081,willc106,PTC,1,6,value,15,3,1,0,2,,,,,,1,19350708,1,WAS09,v,HOM,1,0,0,exhibition,y,,
PTC193507110,willc106,PTC,1,6,value,27,2,1,0,0,0,,,,,1,19350711,0,ALT02,h,HOM,1,0,0,regular,y,d,
BRN193507131,willc106,PTC,1,6,value,27,1,3,1,0,,,,0,,1,19350713,1,NYC15,v,BRN,1,0,0,regular,y,,
BRN193507132,willc106,PTC,1,6,value,24,2,1,2,1,0,,,,,1,19350713,2,NYC15,v,BRN,0,1,0,regular,y,d,
BRN193507141,willc106,PTC,1,6,value,27,2,3,0,0,0,0,0,0,,1,19350714,1,NYC15,v,BRN,1,0,0,regular,y,,
BRN193507142,willc106,PTC,1,6,value,24,2,3,0,0,0,0,0,0,,1,19350714,2,NYC15,v,BRN,0,1,0,regular,y,,
PH5193507180,willc106,PTC,1,6,value,27,0,1,0,,,,,,,1,19350718,0,CHE03,v,PH5,1,0,0,regular,y,,
PTC193507200,willc106,PTC,1,6,value,27,1,4,0,0,,,,,,1,19350720,0,PIT09,h,CAG,1,0,0,regular,y,,
PTC193507211,willc106,PTC,1,6,value,27,2,4,0,,,,,,,1,19350721,1,CLE06,h,CAG,1,0,0,regular,y,,
PTC193507212,willc106,PTC,1,6,value,21,1,1,0,,,,,,,1,19350721,2,CLE06,h,CAG,1,0,0,regular,y,,
PTC193507220,willc106,PTC,1,6,value,27,,,,,,,,,,1,19350722,0,PIT09,h,CAG,0,1,0,regular,y,,
NSH193507270,willc106,PTC,1,6,value,27,0,0,0,0,0,,,,,1,19350727,0,COL05,v,NSH,1,0,0,regular,y,d,
PTC193508010,willc106,PTC,1,6,value,30,3,7,0,1,0,,,,,1,19350801,0,AKR01,h,NSH,0,1,0,regular,y,d,
PTC193508080,willc106,PTC,1,6,value,27,2,5,0,0,0,,,,,1,19350808,0,PHI17,h,HOM,1,0,0,regular,y,d,
ASW193508110,willc106,ASW,1,6,value,15,0,0,1,0,0,,,,,0,19350811,0,CHI10,h,ASE,1,0,0,allstar,y,y,
PH5193508140,willc106,PTC,1,6,value,24,4,,0,,,,,,,1,19350814,0,WAS09,v,PH5,0,1,0,regular,y,,
PTC193508170,willc106,PTC,1,6,value,24,5,1,0,1,0,0,0,0,,1,19350817,0,PIT09,h,HOM,0,1,0,regular,y,,
PTC193508190,willc106,PTC,1,6,value,27,0,3,0,1,0,,,,,1,19350819,0,AKR01,h,HOM,1,0,0,regular,y,d,
CAG193508240,willc106,PTC,1,6,value,57,4,6,,0,0,0,0,0,,1,19350824,0,CHI09,v,CAG,1,0,0,regular,y,,
PTC193508310,willc106,PTC,1,1,value,27,,,,,,,,,,1,19350831,0,DET09,h,HOM,1,0,0,regular,,,
PTC193509021,willc106,PTC,1,6,value,27,3,8,0,1,0,0,0,0,,1,19350902,1,PIT09,h,HOM,0,1,0,regular,y,,
PTC193509022,willc106,PTC,1,6,value,,,,0,1,0,0,0,0,,,19350902,2,PIT09,h,HOM,1,0,0,regular,,,
NY6193509071,willc106,PTC,1,6,value,24,3,1,0,0,0,,,,,1,19350907,1,PAT01,v,NY6,0,1,0,exhibition,y,d,
PH5193509072,willc106,PTC,1,6,value,24,1,2,0,0,0,,,,,1,19350907,2,PHI17,v,PH5,0,1,0,exhibition,y,d,
BRN193509082,willc106,PTC,1,6,value,27,0,4,0,,,,,,,1,19350908,2,NYC15,v,BRN,1,0,0,exhibition,y,,
NY6193509130,willc106,PTC,1,6,value,24,2,5,0,0,0,,,,,1,19350913,0,NYC25,v,NY6,0,1,0,lcs,y,,
NY6193509140,willc106,PTC,1,6,value,24,1,0,0,0,0,,,,,1,19350914,0,PHI17,v,NY6,0,1,0,lcs,y,,
NY6193509150,willc106,PTC,1,6,value,27,3,4,0,0,0,,,,,1,19350915,0,NYC25,v,NY6,1,0,0,lcs,y,y,
PTC193509180,willc106,PTC,1,6,value,27,6,1,0,0,0,,,,,1,19350918,0,PIT09,h,NY6,0,1,0,lcs,y,,
PTC193509190,willc106,PTC,1,6,value,27,3,1,0,0,0,,,,,1,19350919,0,PIT09,h,NY6,1,0,0,lcs,y,,
PTC193509200,willc106,PTC,1,6,value,27,5,3,0,0,0,,,,,1,19350920,0,PHI17,h,NY6,1,0,0,lcs,y,,
NY6193509210,willc106,PTC,1,6,value,27,1,3,0,0,0,,,,,1,19350921,0,PHI17,v,NY6,1,0,0,lcs,y,,
PH5193509222,willc106,PTC,1,6,value,27,6,2,2,1,0,,,,,1,19350922,2,NYC16,v,PH5,1,0,0,exhibition,y,,
SHR193510090,willc106,PTC,1,6,value,30,2,6,1,1,0,,,,,1,19351009,0,DAY03,v,SHR,1,0,0,exhibition,y,d,
ALM193510250,willc106,PTC,1,6,value,33,0,7,0,0,0,,,,,1,19351025,0,MEX01,v,ALM,0,0,1,exhibition,y,y,
ALM193510260,willc106,PTC,1,6,value,24,1,1,0,0,0,,,,,1,19351026,0,MEX01,v,ALM,0,1,0,exhibition,y,,
ALM193510270,willc106,PTC,1,6,value,24,1,3,1,1,0,,,,,1,19351027,0,MEX01,v,ALM,0,1,0,exhibition,y,y,
PTC193605150,willc106,PTC,1,4,value,3,0,0,,,,,,,,,19360515,0,PIT09,h,PH5,0,1,0,regular,y,,
WEG193605231,willc106,PTC,1,6,value,27,1,2,0,0,0,,,,,1,19360523,1,WAS09,v,WEG,1,0,0,regular,y,d,
WEG193605232,willc106,PTC,1,6,value,24,1,3,1,1,0,,,,,1,19360523,2,WAS09,v,WEG,0,1,0,regular,y,d,
WEG193605240,willc106,PTC,1,6,value,33,3,5,0,0,0,,,,,1,19360524,0,WAS09,v,WEG,1,0,0,regular,y,d,
PH5193605301,willc106,PTC,1,6,value,26,1,2,0,0,0,,,,,1,19360530,1,PHI17,v,PH5,0,1,0,regular,y,d,
PH5193605302,willc106,PTC,1,6,value,30,2,3,1,0,0,,,,,1,19360530,2,PHI17,v,PH5,1,0,0,regular,y,d,
PH5193605311,willc106,PTC,1,6,value,24,2,3,1,1,,,,,,1,19360531,1,PHI16,v,PH5,0,1,0,regular,y,,
PTC193606050,willc106,PTC,1,6,value,27,2,5,0,1,,,,,,1,19360605,0,PIT09,h,WEG,0,1,0,regular,y,,
PTC193606060,willc106,PTC,1,6,value,27,1,4,,0,0,,,,,1,19360606,0,PIT09,h,WEG,0,1,0,regular,y,,
PTC193606071,willc106,PTC,1,6,value,,3,6,0,,,,,,,1,19360607,1,PIT09,h,WEG,0,1,0,regular,y,,
PTC193606120,willc106,PTC,1,6,value,24,2,3,,,,,,,,1,19360612,0,PIT09,h,NW2,0,1,0,regular,y,,
PTC193606130,willc106,PTC,1,6,value,27,2,5,0,,,,,,,1,19360613,0,PIT09,h,NW2,1,0,0,regular,y,,
NW2193606200,willc106,PTC,1,6,value,27,,,0,,,,,,,1,19360620,0,NWK04,v,NW2,1,0,0,regular,y,,
NW2193606211,willc106,PTC,1,6,value,24,1,1,0,1,0,,,,,1,19360621,1,NWK04,v,NW2,0,1,0,regular,y,d,
NW2193606212,willc106,PTC,1,6,value,18,0,0,0,0,0,,,,,1,19360621,2,NWK04,v,NW2,1,0,0,regular,y,d,
NY6193606281,willc106,PTC,1,6,value,27,4,3,0,0,0,,,0,,1,19360628,1,NYC25,v,NY6,1,0,0,regular,y,,
NY6193606282,willc106,PTC,1,6,value,18,0,2,0,0,0,,,,,1,19360628,2,NYC25,v,NY6,0,1,0,regular,y,,
NY5193606290,willc106,PTC,1,6,value,24,2,2,2,0,0,,,,,1,19360629,0,MID04,v,NY5,0,1,0,exhibition,y,d,
WEG193607110,willc106,PTC,1,6,value,27,0,0,0,0,0,,,,,1,19360711,0,BGK01,v,WEG,1,0,0,exhibition,y,,
PTC193607181,willc106,PTC,1,6,value,27,3,2,1,,,,0,,,1,19360718,1,PIT09,h,WEG,0,1,0,regular,y,,
PTC193607182,willc106,PTC,1,6,value,21,4,1,0,1,0,,,,,1,19360718,2,PIT09,h,WEG,1,0,0,regular,y,d,
PTC193608210,willc106,PTC,1,6,value,27,1,2,0,0,0,,,,,1,19360821,0,AKR01,h,WEG,1,0,0,exhibition,y,,
ASW193608230,willc106,ASE,1,6,value,27,1,5,0,0,0,,,,,1,19360823,0,CHI10,v,ASW,1,0,0,allstar,y,d,
PTC193608270,willc106,PTC,1,6,value,27,4,3,1,1,0,,,,,1,19360827,0,CAN03,h,WEG,1,0,0,regular,y,d,
PTC193608291,willc106,PTC,1,6,value,27,0,3,0,0,0,,,,,1,19360829,1,PIT09,h,PH5,1,0,0,regular,y,d,
PTC193608292,willc106,PTC,1,6,value,21,0,0,0,0,0,,,,,1,19360829,2,PIT09,h,PH5,1,0,0,regular,y,d,
PTC193608310,willc106,PTC,1,6,value,27,1,1,1,1,0,,,,,1,19360831,0,CLP01,h,WEG,1,0,0,exhibition,y,d,
PTC193609040,willc106,PTC,1,6,value,,2,1,0,,,,0,0,,1,19360904,0,MID03,h,WEG,0,1,0,exhibition,y,,
PTC193609050,willc106,PTC,1,6,value,27,2,1,,1,,,,,,,19360905,0,PIT09,h,HOM,1,0,0,regular,y,,
PTC193609060,willc106,PTC,1,6,value,27,4,1,1,0,,,,,,1,19360906,0,CLE06,h,HOM,0,1,0,regular,y,,
PTC193609121,willc106,PTC,1,6,value,27,2,2,0,,,,,0,,1,19360912,1,PIT09,h,NW2,1,0,0,regular,y,,
PTC193609122,willc106,PTC,1,6,value,21,2,5,0,,,,,,,1,19360912,2,PIT09,h,NW2,0,0,1,regular,y,,
PTC193609131,willc106,PTC,1,6,value,27,1,4,1,0,0,,,,,1,19360913,1,TOL05,h,NW2,1,0,0,championship,y,,
PTC193609132,willc106,PTC,1,6,value,21,0,3,0,0,0,,,,,1,19360913,2,TOL05,h,NW2,1,0,0,championship,y,,
PTC193609141,willc106,PTC,1,6,value,27,1,4,1,0,0,,,,,1,19360914,1,TOL05,h,NW2,1,0,0,lcs,y,,
PTC193609142,willc106,PTC,1,6,value,21,0,3,0,,,,,,,,19360914,2,TOL05,h,NW2,1,0,0,lcs,y,,
PTC193609150,willc106,PTC,1,6,value,27,0,4,2,2,,,,,,1,19360915,0,DAY03,h,NW2,0,1,0,lcs,y,,
NY5193609202,willc106,PTC,1,6,value,24,2,1,0,1,0,,,,,1,19360920,2,NYC14,v,NY5,1,0,0,exhibition,y,d,
NNS193610010,willc106,NNS,1,6,value,27,1,0,0,0,0,,,,,1,19361001,0,DAV01,h,MLS,0,1,0,exhibition,y,d,
MLS193610020,willc106,NNS,1,6,value,27,1,2,0,0,0,,,,,1,19361002,0,DES01,v,MLS,1,0,0,exhibition,y,d,
MLS193610041,willc106,NNS,1,6,value,27,2,5,0,0,0,,,,,1,19361004,1,DEN03,v,MLS,1,0,0,exhibition,y,d,
NNS193610042,willc106,NNS,1,6,value,21,0,3,0,1,0,,,,,1,19361004,2,DEN03,h,MLS,1,0,0,exhibition,y,d,
MLS193610070,willc106,NNS,1,6,value,27,4,4,0,0,0,,,,,1,19361007,0,DES01,v,MLS,1,0,0,exhibition,y,d,
PTC193704110,willc106,PTC,1,6,value,27,2,1,0,0,0,,,,,1,19370411,0,NOL01,h,CI1,1,0,0,exhibition,y,d,
HOM193704252,willc106,PTC,1,6,value,18,0,1,0,0,,,0,,,1,19370425,2,NOL02,v,HOM,0,1,0,exhibition,y,,
PTC193704251,willc106,PTC,1,6,value,27,2,4,0,,,,,,,1,19370425,1,NOL02,h,HOM,0,1,0,exhibition,y,,
PTC193704260,willc106,PTC,1,6,value,33,5,5,,,,,,,,1,19370426,0,BAT01,h,HOM,0,0,1,exhibition,y,,
HOM193704270,willc106,PTC,1,6,value,24,4,3,0,0,0,,,,,1,19370427,0,ALE01,v,HOM,0,1,0,exhibition,y,d,
PTC193705080,willc106,PTC,1,6,value,27,7,3,2,0,,,,,,1,19370508,0,PIT09,h,HOM,0,1,0,exhibition,y,,
PTC193705090,willc106,PTC,1,6,value,33,3,2,,,,,,,,1,19370509,0,PIT09,h,HOM,1,0,0,exhibition,y,,
PTC193705151,willc106,PTC,1,6,value,27,3,6,0,0,0,,,,,1,19370515,1,PIT09,h,WEG,1,0,0,regular,y,d,
WEG193705220,willc106,PTC,1,6,value,24,3,2,0,0,0,,,,,1,19370522,0,PAT01,v,WEG,0,1,0,regular,y,d,
WEG193705230,willc106,PTC,1,6,value,18,4,3,1,1,0,,,,,1,19370523,0,NYC25,v,WEG,0,1,0,regular,y,d,
PH5193705290,willc106,PTC,1,6,value,27,3,5,0,0,0,,,,,1,19370529,0,PHI17,v,PH5,1,0,0,regular,y,d,
PH5193705311,willc106,PTC,1,6,value,27,0,3,1,0,0,,,,,1,19370531,1,PHI17,v,PH5,1,0,0,regular,y,d,
PH5193705312,willc106,PTC,1,6,value,27,3,5,0,0,0,,,,,1,19370531,2,PHI17,v,PH5,1,0,0,regular,y,d,
PH5193706010,willc106,PTC,1,6,value,12,1,3,0,1,0,,,,,0,19370601,0,WIL04,v,PH5,1,0,0,regular,y,d,
PTC193706050,willc106,PTC,1,6,value,27,2,6,0,1,0,,,,,1,19370605,0,PIT09,h,HOM,0,1,0,regular,y,d,
PTC193706062,willc106,PTC,1,6,value,21,0,2,4,,,,,,,1,19370606,2,TOL05,h,HOM,1,0,0,regular,y,,
PTC193706070,willc106,PTC,1,6,value,27,5,3,0,,,,,,,1,19370607,0,AKR01,h,HOM,0,1,0,regular,y,,
NY5193706120,willc106,PTC,1,6,value,27,3,4,,,,,,,,1,19370612,0,LIC01,v,NY5,1,0,0,regular,y,,
NY5193706132,willc106,PTC,1,6,value,21,4,1,0,0,0,,,,,1,19370613,2,NYC25,v,NY5,1,0,0,regular,y,d,
PTC193706192,willc106,PTC,1,6,value,21,3,4,0,1,0,,,,,1,19370619,2,PIT09,h,PH5,0,1,0,regular,y,d,
PTC193706260,willc106,PTC,1,6,value,27,3,4,0,0,0,,,,,1,19370626,0,PIT09,h,HOM,0,1,0,regular,y,,
HOM193706271,willc106,PTC,1,6,value,24,4,0,0,0,0,,,,,1,19370627,1,CLE06,v,HOM,0,1,0,regular,y,d,
PTC193707040,willc106,PTC,1,6,value,27,1,1,,,,,,,,1,19370704,0,PIT09,h,HOM,0,1,0,regular,y,,
PTC193707051,willc106,PTC,1,6,value,27,2,0,1,0,0,,,,,1,19370705,1,PIT09,h,HOM,1,0,0,regular,y,d,
PTC193707111,willc106,PTC,1,6,value,27,1,5,0,1,0,,,,,1,19370711,1,CLE06,h,NY5,0,1,0,regular,y,d,
PTC193707112,willc106,PTC,1,6,value,21,5,5,1,2,0,,,,,1,19370711,2,CLE06,h,NY5,0,1,0,regular,y,d,
PTC193707130,willc106,PTC,1,6,value,24,4,4,1,1,0,,,,,1,19370713,0,CHA02,h,NY5,0,1,0,regular,y,d,
PH5193707150,willc106,PTC,1,6,value,24,0,3,0,1,0,,,,,1,19370715,0,YOR03,v,PH5,0,1,0,regular,y,d,
NW2193707170,willc106,PTC,1,6,value,24,3,3,0,1,0,,,,,1,19370717,0,PAT01,v,NW2,0,1,0,regular,y,d,
NW2193707220,willc106,PTC,1,6,value,24,0,0,0,0,0,,,,,1,19370722,0,NWK04,v,NW2,0,1,0,regular,y,d,
ASW193708080,willc106,ASE,1,4,value,15,0,1,0,0,0,,,,,1,19370808,0,CHI10,v,ASW,1,0,0,allstar,y,y,
NW2193708110,willc106,PTC,1,6,value,27,4,6,0,1,0,,,,,1,19370811,0,YOR03,v,NW2,1,0,0,regular,y,d,
PH5193708140,willc106,PTC,1,6,value,27,3,,0,,,,,,,1,19370814,0,PHI17,v,PH5,1,0,0,regular,y,,
WEG193708170,willc106,PTC,1,6,value,24,0,6,0,0,0,,,,,1,19370817,0,PGK01,v,WEG,0,1,0,regular,y,d,
NY5193708180,willc106,PTC,1,6,value,24,0,0,1,0,0,,,,,1,19370818,0,WNY02,v,NY5,0,1,0,regular,y,d,
HOM193708210,willc106,PTC,1,6,value,43,2,4,0,1,,,,0,,1,19370821,0,PIT09,v,HOM,0,1,0,regular,y,,
PH5193708291,willc106,PTC,1,6,value,24,4,2,0,2,0,,,,,1,19370829,1,BAL10,v,PH5,0,1,0,regular,y,d,
PH5193708292,willc106,PTC,1,6,value,18,1,3,0,1,0,,,,,1,19370829,2,BAL10,v,PH5,0,1,0,regular,y,d,
PH5193709010,willc106,PTC,1,6,value,19,1,0,0,0,0,,,,,1,19370901,0,CHE02,v,PH5,0,1,0,regular,y,d,
PTC193709061,willc106,PTC,1,6,value,27,2,2,0,,,,,,,1,19370906,1,PIT09,h,HOM,0,1,0,regular,y,,
NNS193709190,willc106,NNS,1,6,value,27,3,3,0,1,0,,,,,1,19370919,0,NYC14,h,SDO,1,0,0,exhibition,y,d,
NNS193709210,willc106,NNS,1,6,value,26,1,0,2,0,0,,,,,1,19370921,0,BEL02,h,SDO,0,1,0,exhibition,y,d,
NNS193709261,willc106,NNS,1,6,value,27,3,3,0,0,0,,,,,1,19370926,1,NYC16,h,SDO,0,1,0,exhibition,y,d,
NW2193805150,willc106,PTC,1,6,value,24,1,3,0,0,0,,,,,1,19380515,0,NWK04,v,NW2,0,1,0,regular,y,d,
NW2193805170,willc106,PTC,1,6,value,27,1,1,0,0,0,,,,,1,19380517,0,TRE01,v,NW2,1,0,0,regular,y,d,
NW2193805190,willc106,PTC,1,6,value,24,1,2,0,0,0,,,,,1,19380519,0,NWK04,v,NW2,0,1,0,regular,y,d,
PTC193805210,willc106,PTC,1,6,value,27,3,4,0,1,0,,,,,1,19380521,0,PIT09,h,BLG,1,0,0,regular,y,d,
PTC193805221,willc106,PTC,1,6,value,30,3,4,0,0,0,,,,,1,19380522,1,PIT09,h,BLG,0,1,0,regular,y,d,
PH5193805281,willc106,PTC,1,6,value,24,2,2,0,1,0,,,,,1,19380528,1,PHI17,v,PH5,0,1,0,regular,y,d,
PH5193805282,willc106,PTC,1,6,value,18,0,4,0,0,0,,,,,1,19380528,2,PHI17,v,PH5,0,1,0,regular,y,d,
PH5193805301,willc106,PTC,1,6,value,24,7,2,0,0,0,,,,,1,19380530,1,PHI17,v,PH5,0,1,0,regular,y,d,
PH5193805302,willc106,PTC,1,6,value,27,1,0,1,0,0,,,,,1,19380530,2,PHI17,v,PH5,1,0,0,regular,y,d,
PH5193806010,willc106,PTC,1,6,value,15,0,0,0,0,0,,,,,0,19380601,0,CHE01,v,PH5,1,0,0,regular,y,d,
PTC193806040,willc106,PTC,1,7,value,27,3,3,0,,,,,,,1,19380604,0,PIT09,h,NY5,1,0,0,regular,y,,
PTC193806051,willc106,PTC,,6,value,,,9,,,,,,,,,19380605,1,CUM01,h,NY5,1,0,0,regular,,,
PTC193806060,willc106,PTC,1,6,value,27,6,5,0,0,0,,,,,1,19380606,0,PIT09,h,NY5,1,0,0,regular,y,d,
PTC193806070,willc106,PTC,1,6,value,27,0,3,1,1,0,,,,,1,19380607,0,CHA02,h,NY5,0,1,0,regular,y,d,
PTC193806130,willc106,PTC,1,6,value,27,1,2,0,2,0,,,,,1,19380613,0,MSN01,h,PH5,1,0,0,regular,y,d,
WBS193806191,willc106,PTC,1,6,value,27,2,,0,,,,,,,1,19380619,1,WAS09,v,WBS,1,0,0,regular,y,,
WBS193806192,willc106,PTC,1,6,value,18,,,0,0,,,,,,1,19380619,2,WAS09,v,WBS,0,1,0,regular,y,,
PH5193806251,willc106,PTC,1,6,value,26,1,5,0,0,0,,,,,1,19380625,1,PHI17,v,PH5,0,1,0,regular,y,d,
PH5193806252,willc106,PTC,1,6,value,21,2,3,0,0,0,,,,,1,19380625,2,PHI17,v,PH5,1,0,0,regular,y,d,
NY5193806262,willc106,PTC,1,6,value,15,0,4,0,1,0,,,,,1,19380626,2,NYC16,v,NY5,1,0,0,regular,y,d,
HOM193807031,willc106,PTC,1,6,value,24,4,6,1,1,,,,,,1,19380703,1,CLE07,v,HOM,0,1,0,regular,y,,
HOM193807032,willc106,PTC,1,6,value,18,,,,,,,,,,1,19380703,2,CLE07,v,HOM,0,1,0,regular,y,,
PTC193807041,willc106,PTC,1,6,value,27,1,2,1,0,,,,,,1,19380704,1,PIT09,h,HOM,0,1,0,regular,y,,
NY5193807090,willc106,PTC,1,6,value,27,7,5,0,4,0,,,,,1,19380709,0,PAT01,v,NY5,1,0,0,regular,y,d,
PH5193807161,willc106,PTC,1,6,value,27,3,4,0,0,0,,,,,1,19380716,1,PHI17,v,PH5,1,0,0,regular,y,d,
PH5193807162,willc106,PTC,1,6,value,18,2,3,1,0,0,,,,,1,19380716,2,PHI17,v,PH5,0,1,0,regular,y,d,
NY5193807312,willc106,PTC,1,4,value,27,0,0,0,0,0,,,,,1,19380731,2,WAS09,v,NY5,1,0,0,regular,y,d,
PH5193808060,willc106,PTC,1,5,value,9,0,1,0,0,0,,,,,0,19380806,0,PHI17,v,PH5,0,1,0,regular,y,d,
PTC193808071,willc106,PTC,1,5,value,27,2,0,0,0,0,,,,,1,19380807,1,NYC29,h,PH5,0,0,1,regular,y,d,
BLG193808112,willc106,PTC,1,5,value,24,0,0,0,0,0,,,,,1,19380811,2,YOR03,v,BLG,0,1,0,exhibition,y,d,
PTC193808141,willc106,PTC,,6,value,,1,,,,,,,,,,19380814,1,NYC29,h,BLG,0,1,0,regular,,,
BLG193808211,willc106,PTC,1,6,value,24,0,3,0,0,0,,,,,1,19380821,1,WAS09,v,BLG,0,1,0,exhibition,y,d,
BLG193808212,willc106,PTC,1,6,value,24,1,2,0,0,0,,,,,1,19380821,2,WAS09,v,BLG,1,0,0,exhibition,y,d,
HOM193808281,willc106,PTC,1,6,value,24,1,0,0,0,0,,,,,1,19380828,1,NWK04,v,HOM,0,1,0,regular,y,d,
PH5193809080,willc106,PTC,1,6,value,27,3,2,0,0,0,,,,,1,19380908,0,PHI17,v,PH5,1,0,0,lcs,y,d,
PH5193809101,willc106,PTC,1,6,value,27,1,2,0,0,0,,,,,1,19380910,1,PHI17,v,PH5,1,0,0,lcs,y,d,
PH5193809102,willc106,PTC,1,6,value,24,3,1,0,0,0,,,,,1,19380910,2,PHI17,v,PH5,0,1,0,lcs,y,d,
BLG193809110,willc106,PTC,1,6,value,24,2,2,1,0,0,,,,,1,19380911,0,BAL10,v,BLG,0,1,0,lcs,y,d,
NNL193809250,willc106,NNL,1,4,value,30,2,4,1,0,0,,,,,1,19380925,0,NYC14,h,NAL,1,0,0,allstar,y,d,
SAS193810020,willc106,NAS,1,6,value,24,1,3,0,1,0,,,,,1,19381002,0,MEM02,v,SAS,0,1,0,allstar,y,d,
PH5193905211,willc106,PH5,1,6,value,30,3,1,0,1,0,,,,,1,19390521,1,PHI17,h,NY5,1,0,0,regular,y,d,
HOM193905270,willc106,PH5,1,6,value,24,4,1,0,0,0,,,,,1,19390527,0,PIT06,v,HOM,0,1,0,regular,y,,
HOM193905281,willc106,PH5,1,6,value,24,2,3,0,0,0,,,,,1,19390528,1,BUF06,v,HOM,0,1,0,regular,y,,
PH5193905301,willc106,PH5,1,6,value,27,5,2,0,0,0,,,,,1,19390530,1,PHI17,h,TLC,1,0,0,regular,y,,
PH5193905302,willc106,PH5,1,6,value,27,4,3,0,0,0,,,,,1,19390530,2,PHI17,h,TLC,1,0,0,regular,y,,
PH5193906010,willc106,PH5,1,6,value,15,0,4,0,0,0,,,,,1,19390601,0,PHI17,h,NY5,0,0,1,regular,y,d,
PH5193906031,willc106,PH5,1,6,value,27,3,2,0,0,0,,,,,1,19390603,1,PHI17,h,NY6,1,0,0,regular,y,,
PH5193906032,willc106,PH5,1,6,value,24,3,4,0,0,0,,,,,1,19390603,2,PHI17,h,NY6,0,1,0,regular,y,,
NY5193906042,willc106,PH5,1,6,value,24,3,1,1,1,0,,,,,1,19390604,2,NYC16,v,NY5,0,1,0,regular,y,d,
PH5193906080,willc106,PH5,1,6,value,27,4,3,0,0,0,,,,,1,19390608,0,PHI17,h,BLG,0,1,0,regular,y,,
PH5193906101,willc106,PH5,1,6,value,33,5,,0,0,0,,,,,1,19390610,1,PHI17,h,NY5,1,0,0,regular,y,,
PH5193906102,willc106,PH5,1,6,value,21,2,2,0,0,0,,,,,1,19390610,2,PHI17,h,NY5,1,0,0,regular,y,,
PH5193906111,willc106,PH5,1,6,value,27,5,,0,0,0,,,,,1,19390611,1,PHI17,h,NY6,0,1,0,regular,y,,
PH5193906112,willc106,PH5,1,6,value,27,3,,0,0,0,,,,,1,19390611,2,PHI17,h,NY6,0,1,0,regular,y,,
PH5193906150,willc106,PH5,1,6,value,27,2,0,0,0,0,,,,,1,19390615,0,PHI17,h,NW2,0,1,0,regular,y,d,
PH5193906171,willc106,PH5,1,6,value,27,1,,0,0,0,,,,,1,19390617,1,PHI17,h,NW2,0,1,0,regular,y,,
PH5193906172,willc106,PH5,1,6,value,21,2,,0,0,0,,,,,1,19390617,2,PHI17,h,NW2,1,0,0,regular,y,,
PH5193906181,willc106,PH5,1,6,value,27,4,2,1,0,0,,,,,1,19390618,1,PHI17,h,HOM,0,1,0,regular,y,,
PH5193906182,willc106,PH5,1,6,value,27,3,2,2,0,0,,,,,1,19390618,2,PHI17,h,HOM,0,1,0,regular,y,,
PH5193906241,willc106,PH5,1,6,value,27,6,3,0,0,0,,,,,1,19390624,1,PHI17,h,HOM,1,0,0,regular,y,,
PH5193906242,willc106,PH5,1,6,value,21,1,,0,0,0,,,,,1,19390624,2,PHI17,h,HOM,0,1,0,regular,y,,
PH5193906270,willc106,PH5,1,6,value,27,3,,0,0,0,,,,,1,19390627,0,PHI17,h,BLG,0,1,0,regular,y,,
PH5193907011,willc106,PH5,1,6,value,27,2,0,0,0,0,,,,,1,19390701,1,PHI17,h,NY5,1,0,0,regular,y,d,
PH5193907012,willc106,PH5,1,6,value,21,2,4,0,0,0,,,,,1,19390701,2,PHI17,h,NY5,1,0,0,regular,y,d,
NW2193907021,willc106,PH5,1,6,value,24,1,2,2,0,0,,,,,1,19390702,1,NYC16,v,NW2,0,1,0,regular,y,d,
PH5193907081,willc106,PH5,1,6,value,27,1,0,0,0,0,,,,,1,19390708,1,PHI17,h,BLG,0,1,0,regular,y,d,
PH5193907082,willc106,PH5,1,6,value,21,3,2,0,0,0,,,,,1,19390708,2,PHI17,h,BLG,0,1,0,regular,y,d,
PH5193907151,willc106,PH5,1,6,value,27,3,,0,0,0,,,,,1,19390715,1,PHI17,h,HOM,1,0,0,regular,y,,
PH5193907152,willc106,PH5,1,6,value,21,4,0,0,0,0,,,,,1,19390715,2,PHI17,h,HOM,0,1,0,regular,y,,
HOM193907161,willc106,PH5,1,6,value,24,,,0,0,0,,,,,1,19390716,1,WAS09,v,HOM,0,1,0,regular,y,,
HOM193907162,willc106,PH5,1,6,value,21,,,0,0,0,,,,,1,19390716,2,WAS09,v,HOM,1,0,0,regular,y,,
PH5193907221,willc106,PH5,1,6,value,27,2,7,0,0,0,,,,,1,19390722,1,PHI17,h,NY5,1,0,0,regular,y,,
PH5193907222,willc106,PH5,1,6,value,21,2,2,0,0,0,,,,,1,19390722,2,PHI17,h,NY5,0,1,0,regular,y,,
HOM193907231,willc106,PH5,1,6,value,24,2,0,0,0,0,,,,,1,19390723,1,NYC16,v,HOM,0,1,0,regular,y,d,
HOM193907240,willc106,PH5,1,6,value,24,3,5,2,1,0,,,,,1,19390724,0,GRE04,v,HOM,0,1,0,regular,y,,
HOM193907270,willc106,PH5,1,6,value,30,5,5,3,0,0,,,,,1,19390727,0,WAR03,v,HOM,1,0,0,exhibition,y,d,
PH5193907290,willc106,PH5,1,6,value,27,3,5,1,1,0,,,,,1,19390729,0,PHI17,h,HOM,1,0,0,regular,y,,
PH5193908051,willc106,PH5,1,6,value,27,3,0,0,0,0,,,,,1,19390805,1,PHI17,h,NY6,0,1,0,regular,y,d,
PH5193908052,willc106,PH5,1,6,value,21,0,6,0,0,0,,,,,1,19390805,2,PHI17,h,NY6,1,0,0,regular,y,d,
PH5193908100,willc106,PH5,1,6,value,27,2,,0,0,0,,,,,1,19390810,0,PHI17,h,NY5,1,0,0,regular,y,,
PH5193908121,willc106,PH5,1,6,value,45,,,0,0,0,,,,,1,19390812,1,PHI17,h,NW2,1,0,0,regular,y,,
PH5193908122,willc106,PH5,1,6,value,15,0,,0,0,0,,,,,1,19390812,2,PHI17,h,NW2,1,0,0,regular,y,,
NW2193908131,willc106,PH5,1,6,value,27,,,0,0,0,,,,,1,19390813,1,NWK04,v,NW2,1,0,0,regular,y,,
NW2193908132,willc106,PH5,1,6,value,27,,,0,0,0,,,,,1,19390813,2,NWK04,v,NW2,1,0,0,regular,y,,
PH5193909020,willc106,PH5,1,6,value,27,2,2,0,0,0,,,,,1,19390902,0,CHE01,h,HOM,1,0,0,regular,y,d,
BLG193909031,willc106,PH5,1,6,value,24,0,0,0,0,0,,,,,1,19390903,1,NWK04,v,BLG,0,1,0,regular,y,d,
PH5193909130,willc106,PH5,1,6,value,27,0,0,0,0,0,,,,,1,19390913,0,PHI17,h,HOM,1,0,0,divisionseries,y,d,
PH5193909140,willc106,PH5,1,6,value,27,2,0,0,0,0,,,,,1,19390914,0,PHI17,h,HOM,0,1,0,divisionseries,y,d,
BLG194104220,willc106,HOM,1,6,value,27,3,1,0,0,0,,,,,1,19410422,0,NOL01,v,BLG,1,0,0,exhibition,y,,
HOM194105030,willc106,HOM,1,3,value,27,0,4,0,0,0,,,,,1,19410503,0,PIT06,h,BLG,1,0,0,exhibition,y,,
HOM194105041,willc106,HOM,1,6,value,27,2,2,1,1,0,,,,,1,19410504,1,WAS09,h,BLG,1,0,0,exhibition,y,,
HOM194105042,willc106,HOM,1,6,value,21,2,2,0,1,0,,,,,1,19410504,2,WAS09,h,BLG,0,1,0,exhibition,y,,
HOM194105100,willc106,HOM,1,6,value,27,3,3,0,0,0,,,,,1,19410510,0,HRB01,h,BLG,1,0,0,regular,y,,
BLG194105111,willc106,HOM,1,6,value,24,,,2,1,0,,,,,1,19410511,1,BAL10,v,BLG,0,1,0,regular,y,,
BLG194105112,willc106,HOM,1,6,value,21,,,1,0,0,,,,,1,19410511,2,BAL10,v,BLG,1,0,0,regular,y,,
HOM194105181,willc106,HOM,1,6,value,27,2,,0,0,0,,,,,1,19410518,1,CLE07,h,NY5,1,0,0,regular,y,,
HOM194105182,willc106,HOM,1,6,value,21,2,,0,0,0,,,,,1,19410518,2,CLE07,h,NY5,1,0,0,regular,y,,
HOM194105200,willc106,HOM,1,6,value,27,1,3,1,0,0,,,,,1,19410520,0,CAN03,h,NY5,1,0,0,regular,y,,
HOM194105241,willc106,HOM,1,6,value,27,2,4,0,0,0,,,,,1,19410524,1,PIT06,h,NY6,1,0,0,regular,y,,
HOM194105242,willc106,HOM,1,6,value,21,2,4,0,0,0,,,,,1,19410524,2,PIT06,h,NY6,1,0,0,regular,y,,
HOM194105251,willc106,HOM,1,6,value,27,2,4,0,0,0,,,,,1,19410525,1,WAS09,h,NY6,0,1,0,regular,y,,
HOM194105252,willc106,HOM,1,6,value,21,0,3,1,1,0,,,,,1,19410525,2,WAS09,h,NY6,0,1,0,regular,y,,
PH5194105301,willc106,HOM,1,6,value,27,0,3,0,0,0,,,,,1,19410530,1,PHI17,v,PH5,1,0,0,regular,y,,
PH5194105302,willc106,HOM,1,6,value,24,1,3,0,0,0,,,,,1,19410530,2,PHI17,v,PH5,0,1,0,regular,y,,
HOM194106011,willc106,HOM,1,6,value,27,3,,0,0,0,,,,,1,19410601,1,WAS09,h,PH5,1,0,0,regular,y,,
HOM194106012,willc106,HOM,1,6,value,21,0,,0,0,0,,,,,1,19410601,2,WAS09,h,PH5,1,0,0,regular,y,,
HOM194106081,willc106,HOM,1,6,value,27,3,3,1,0,0,,,,,1,19410608,1,WAS09,h,BLG,1,0,0,regular,y,,
HOM194106082,willc106,HOM,1,6,value,21,3,2,0,0,0,,,,,1,19410608,2,WAS09,h,BLG,0,1,0,regular,y,,
PH5194106190,willc106,HOM,1,6,value,26,2,,1,0,0,,,,,1,19410619,0,PHI17,v,PH5,0,1,0,regular,y,,
NW2194106221,willc106,HOM,1,6,value,27,,,0,0,0,,,,,1,19410622,1,NWK04,v,NW2,1,0,0,regular,y,,
NW2194106222,willc106,HOM,1,6,value,21,,,0,0,0,,,,,1,19410622,2,NWK04,v,NW2,0,0,1,regular,y,,
HOM194106250,willc106,HOM,1,4,value,,1,4,0,0,0,,,,,1,19410625,0,ALT02,h,PH5,1,0,0,regular,y,,
NW2194106260,willc106,HOM,1,6,value,24,,,1,0,0,,,,,1,19410626,0,NWK04,v,NW2,0,1,0,regular,y,,
PH5194106281,willc106,HOM,1,6,value,27,0,5,0,0,0,,,,,1,19410628,1,PHI17,v,PH5,1,0,0,regular,y,,
PH5194106282,willc106,HOM,1,6,value,18,3,2,0,0,0,,,,,1,19410628,2,PHI17,v,PH5,0,1,0,regular,y,,
NY6194106292,willc106,HOM,1,6,value,30,3,3,0,1,0,,,,,1,19410629,2,NYC16,v,NY6,1,0,0,regular,y,,
NY6194107090,willc106,HOM,1,6,value,27,1,2,2,0,0,,,,,1,19410709,0,NOR02,v,NY6,1,0,0,exhibition,y,,
NY6194107100,willc106,HOM,1,6,value,24,1,3,0,0,0,,,,,1,19410710,0,NPN01,v,NY6,1,0,0,exhibition,y,,
NY6194107110,willc106,HOM,1,6,value,27,4,5,0,1,0,,,,,1,19410711,0,YOR03,v,NY6,1,0,0,regular,y,,
HOM194107120,willc106,HOM,1,6,value,27,0,7,0,1,0,,,,,1,19410712,0,ALT02,h,NY6,1,0,0,regular,y,,
HOM194107200,willc106,HOM,1,6,value,27,0,2,1,0,0,,,,,1,19410720,0,WAS09,h,NW2,0,1,0,regular,y,,
HOM194107290,willc106,HOM,1,6,value,27,0,1,1,0,0,,,,,1,19410729,0,CAN03,h,PH5,1,0,0,regular,y,,
HOM194108031,willc106,HOM,1,6,value,27,0,0,0,0,0,,,,,1,19410803,1,DET04,h,BLG,0,1,0,regular,y,y,
HOM194108032,willc106,HOM,1,6,value,30,1,1,0,0,0,,,,,1,19410803,2,DET04,h,BLG,1,0,0,regular,y,y,
HOM194108050,willc106,HOM,1,6,value,27,,1,0,,0,0,,,,,19410805,0,POR01,h,NY6,1,0,0,exhibition,,,
PH5194108070,willc106,HOM,1,6,value,27,2,6,0,0,0,,,,,1,19410807,0,PHI17,v,PH5,1,0,0,regular,y,,
HOM194108080,willc106,HOM,1,6,value,27,2,6,0,1,0,,,,,1,19410808,0,ALT02,h,MEM,0,1,0,exhibition,y,,
HOM194108101,willc106,HOM,1,6,value,27,4,2,0,0,0,,,,,1,19410810,1,WAS09,h,PH5,1,0,0,regular,y,,
HOM194108102,willc106,HOM,1,6,value,21,0,3,0,0,0,,,,,1,19410810,2,WAS09,h,PH5,1,0,0,regular,y,,
HOM194108110,willc106,HOM,1,6,value,27,2,4,0,1,0,,,,,1,19410811,0,YOR03,h,NW2,1,0,0,regular,y,,
HOM194108120,willc106,HOM,1,6,value,27,3,4,0,1,0,,,,,1,19410812,0,ALT02,h,NW2,1,0,0,regular,y,,
HOM194108173,willc106,HOM,1,6,value,27,2,4,0,0,0,,,,,1,19410817,3,DAY03,h,NW2,0,1,0,regular,y,,
HOM194108220,willc106,HOM,1,6,value,27,1,4,0,0,0,,,,,1,19410822,0,CAN03,h,NW2,0,1,0,regular,y,,
HOM194108231,willc106,HOM,1,6,value,27,2,6,0,0,0,,,,,1,19410823,1,PIT06,h,BLG,1,0,0,regular,y,,
HOM194108241,willc106,HOM,1,6,value,27,5,1,0,0,0,,,,,1,19410824,1,WAS09,h,BLG,0,1,0,regular,y,,
HOM194108242,willc106,HOM,1,6,value,21,0,3,0,0,0,,,,,1,19410824,2,WAS09,h,BLG,0,1,0,regular,y,,
HOM194108280,willc106,HOM,1,6,value,27,1,3,1,0,,,,,,1,19410828,0,YOU01,h,NY6,1,0,0,regular,y,,
HOM194108300,willc106,HOM,1,6,value,27,4,5,1,1,0,,,,,1,19410830,0,KNP01,h,NY6,1,0,0,exhibition,y,,
HOM194109011,willc106,HOM,1,6,value,30,1,6,0,1,0,,,,,1,19410901,1,WAS09,h,NW2,0,1,0,regular,y,,
HOM194109012,willc106,HOM,1,6,value,15,1,2,0,0,0,,,,,1,19410901,2,WAS09,h,NW2,1,0,0,regular,y,,
NW2194109130,willc106,HOM,1,6,value,27,2,4,0,1,0,,,,,1,19410913,0,JER02,v,NW2,1,0,0,exhibition,y,,
NW2194109141,willc106,HOM,1,6,value,27,3,5,0,0,0,,,,,1,19410914,1,NYC14,v,NW2,1,0,0,regular,y,,
NW2194109142,willc106,HOM,1,6,value,21,,,1,0,0,,,,,1,19410914,2,NYC14,v,NW2,1,0,0,regular,y,,
NY6194109211,willc106,HOM,1,6,value,27,0,2,0,0,0,,,,,1,19410921,1,NYC16,v,NY6,1,0,0,championship,y,,
NY6194109212,willc106,HOM,1,6,value,27,4,4,0,0,0,,,,,1,19410921,2,NYC16,v,NY6,1,0,0,exhibition,y,,
HOM194204191,willc106,HOM,1,6,value,27,3,4,2,0,0,,,,,1,19420419,1,WAS09,h,NW2,0,1,0,exhibition,y,,
HOM194204192,willc106,HOM,1,6,value,21,1,0,0,0,0,,,,,1,19420419,2,WAS09,h,NW2,0,1,0,exhibition,y,,
NY5194204240,willc106,HOM,1,6,value,27,1,1,0,1,0,,,,,1,19420424,0,GRE01,v,NY5,1,0,0,exhibition,y,,
KCM194204261,willc106,HOM,1,4,value,24,0,0,0,0,0,,,,,1,19420426,1,NOL01,v,KCM,0,1,0,exhibition,y,,
NW2194205030,willc106,HOM,1,4,value,27,,,0,0,0,,,,,1,19420503,0,NWK04,v,NW2,1,0,0,exhibition,y,,
HOM194205101,willc106,HOM,1,4,value,27,3,5,0,1,0,,,,,1,19420510,1,WAS09,h,NY5,1,0,0,regular,y,,
HOM194205102,willc106,HOM,1,4,value,,3,0,0,0,0,,,,,1,19420510,2,WAS09,h,NY5,1,0,0,regular,y,,
HOM194205110,willc106,HOM,1,4,value,27,2,2,1,1,0,,,,,1,19420511,0,ALT02,h,BLG,0,1,0,exhibition,y,,
HOM194205120,willc106,HOM,1,4,value,24,1,3,0,0,0,,,,,1,19420512,0,AKR01,h,BLG,1,0,0,exhibition,y,,
HOM194205171,willc106,HOM,1,4,value,30,5,9,0,0,0,,,,,1,19420517,1,WAS09,h,BLG,0,1,0,regular,y,,
HOM194205172,willc106,HOM,1,6,value,18,0,2,0,0,0,,,,,1,19420517,2,WAS09,h,BLG,1,0,0,regular,y,,
NY5194205230,willc106,HOM,1,4,value,27,4,4,0,2,0,,,,,1,19420523,0,PAT01,v,NY5,1,0,0,regular,y,,
HOM194205260,willc106,HOM,1,4,value,27,3,3,1,0,0,,,,,1,19420526,0,ERI01,h,NY6,1,0,0,exhibition,y,,
HOM194206150,willc106,HOM,1,4,value,27,0,9,0,0,0,,,,,1,19420615,0,WAP01,h,NW2,1,0,0,exhibition,y,,
HOM194206170,willc106,HOM,1,4,value,21,2,3,0,1,0,,,,,1,19420617,0,SCR01,h,NY6,1,0,0,exhibition,y,,
HOM194206180,willc106,HOM,1,4,value,30,1,2,1,1,0,,,,,1,19420618,0,WAS09,h,KCM,1,0,0,exhibition,y,,
PH5194206200,willc106,HOM,1,4,value,21,2,0,0,0,0,,,,,1,19420620,0,PHI17,v,PH5,1,0,0,regular,y,,
PH5194206211,willc106,HOM,1,4,value,27,2,5,0,0,0,,,,,1,19420621,1,NYC16,v,PH5,1,0,0,regular,y,,
HOM194206271,willc106,HOM,1,4,value,27,0,0,0,0,0,,,,,1,19420627,1,PIT06,h,NW2,0,1,0,regular,y,,
HOM194206272,willc106,HOM,1,4,value,15,1,0,1,0,0,,,,,1,19420627,2,PIT06,h,NW2,0,1,0,regular,y,,
HOM194206281,willc106,HOM,1,4,value,27,,,0,1,0,,,,,1,19420628,1,WAS09,h,NW2,0,1,0,regular,y,,
HOM194206281,willc106,HOM,2,6,value,15,,,0,0,0,,,,,1,19420628,1,WAS09,h,NW2,0,1,0,regular,y,,
HOM194206282,willc106,HOM,1,4,value,24,,,0,0,0,,,,,1,19420628,2,WAS09,h,NW2,0,0,1,regular,y,,
BLG194207030,willc106,HOM,1,6,value,24,,,0,0,0,,,,,1,19420703,0,BAL14,v,BLG,0,1,0,regular,y,,
HOM194207080,willc106,HOM,1,4,value,27,3,5,0,3,0,,,,,1,19420708,0,SCR01,h,PH5,1,0,0,exhibition,y,,
PH5194207110,willc106,HOM,1,4,value,24,4,0,0,0,0,,,,,1,19420711,0,PHI17,v,PH5,0,1,0,regular,y,,
PH5194207121,willc106,HOM,1,6,value,24,4,2,0,0,0,,,,,1,19420712,1,PHI17,v,PH5,0,1,0,regular,y,,
PH5194207122,willc106,HOM,1,6,value,21,,,0,0,0,,,,,1,19420712,2,PHI17,v,PH5,1,0,0,regular,y,,
CCB194207150,willc106,HOM,1,6,value,,,,0,0,0,,,,,,19420715,0,IND10,v,CCB,1,0,0,exhibition,y,,
CCB194207160,willc106,HOM,1,6,value,27,1,3,1,0,0,,,,,1,19420716,0,MUN02,v,CCB,1,0,0,exhibition,y,,
CCB194207180,willc106,HOM,1,6,value,27,5,5,0,0,0,,,,,1,19420718,0,AKR01,v,CCB,1,0,0,exhibition,y,,
HOM194207210,willc106,HOM,1,4,value,33,1,3,0,0,0,,,,,1,19420721,0,PIT06,h,KCM,1,0,0,exhibition,y,,
CCB194207240,willc106,HOM,1,4,value,27,,,1,1,0,,,,,1,19420724,0,BUF06,v,CCB,1,0,0,exhibition,y,,
BLG194208070,willc106,HOM,1,6,value,27,,,0,1,0,,,,,1,19420807,0,BAL14,v,BLG,1,0,0,regular,y,,
HOM194208130,willc106,HOM,1,4,value,12,0,1,0,0,0,,,,,,19420813,0,WAS09,h,KCM,1,0,0,exhibition,y,,
HOM194208161,willc106,HOM,1,6,value,27,2,4,0,0,0,,,,,1,19420816,1,WAS09,h,NY6,0,1,0,exhibition,y,,
HOM194208162,willc106,HOM,1,6,value,21,3,2,0,1,0,,,,,1,19420816,2,WAS09,h,NY6,1,0,0,exhibition,y,,
HOM194208181,willc106,HOM,1,6,value,27,3,5,1,0,0,,,,,1,19420818,1,AKR01,h,CAG,1,0,0,exhibition,y,,
HOM194208182,willc106,HOM,1,6,value,27,1,4,1,0,0,,,,,1,19420818,2,CAN03,h,CAG,1,0,0,exhibition,y,,
HOM194208190,willc106,HOM,1,6,value,27,2,3,2,0,0,,,,,1,19420819,0,OIL01,h,CAG,1,0,0,exhibition,y,,
HOM194208211,willc106,HOM,1,6,value,18,2,7,0,0,0,,,,,1,19420821,1,PIT06,h,PH5,0,1,0,exhibition,y,,
HOM194208212,willc106,HOM,1,6,value,27,5,6,0,2,0,,,,,1,19420821,2,WAP01,h,PH5,1,0,0,exhibition,y,,
HOM194208221,willc106,HOM,1,6,value,,1,5,0,0,0,,,,,1,19420822,1,PIT06,h,PH5,1,0,0,regular,y,,
HOM194208230,willc106,HOM,1,6,value,27,2,1,1,0,0,,,,,1,19420823,0,WAS09,h,PH5,1,0,0,regular,y,,
PH5194208240,willc106,HOM,1,6,value,27,,,0,0,0,,,,,1,19420824,0,PHI17,v,PH5,0,0,1,exhibition,y,,
HOM194208280,willc106,HOM,1,6,value,27,,,0,,0,0,,,,,19420828,0,LIM01,h,PH5,1,0,0,exhibition,,,
CAG194208302,willc106,HOM,1,6,value,21,3,1,0,1,0,,,,,1,19420830,2,CHI10,v,CAG,1,0,0,regular,y,d,
NW2194209061,willc106,HOM,1,6,value,27,0,3,1,0,0,,,,,1,19420906,1,NYC15,v,NW2,1,0,0,regular,y,,
NW2194209072,willc106,HOM,1,6,value,18,,,0,0,0,,,,,1,19420907,2,NWK04,v,NW2,0,1,0,regular,y,,
HOM194209100,willc106,HOM,1,4,value,24,2,5,0,0,0,,,,,1,19420910,0,PIT06,h,KCM,0,1,0,championship,y,d,
HOM194209131,willc106,HOM,1,6,value,24,0,3,0,0,0,,,,,1,19420913,1,NYC16,h,KCM,0,1,0,championship,y,d,
HOM194209132,willc106,HOM,1,6,value,21,0,2,0,0,0,,,,,1,19420913,2,NYC16,h,KCM,0,1,0,regular,y,,
NW2194209141,willc106,HOM,1,6,value,,3,0,0,0,0,,,,,1,19420914,1,HAR02,v,NW2,0,1,0,exhibition,y,,
NW2194209142,willc106,HOM,1,6,value,24,0,4,0,0,0,,,,,1,19420914,2,HAR02,v,NW2,0,1,0,exhibition,y,,
PH5194209160,willc106,HOM,1,6,value,36,2,3,0,0,0,,,,,1,19420916,0,PHI17,v,PH5,0,0,1,exhibition,y,,
HOM194209290,willc106,HOM,1,6,value,27,1,3,0,0,0,,,,,1,19420929,0,PHI11,h,KCM,0,1,0,championship,y,y,
PRG194210181,willc106,PRG,1,4,value,27,4,3,0,0,0,,,,,1,19421018,1,LOS02,h,PIR,0,1,0,exhibition,y,,
PRG194210182,willc106,PRG,1,4,value,18,1,2,0,0,0,,,,,1,19421018,2,LOS02,h,PIR,0,1,0,exhibition,y,,
