gid,id,team,d_seq,d_pos,stattype,d_ifouts,d_po,d_a,d_e,d_dp,d_tp,d_pb,d_wp,d_sb,d_cs,d_gs,date,number,site,vishome,opp,win,loss,tie,gametype,box,pbp,eject
KCM194804110,perel101,IN9,1,5,value,24,0,4,0,0,0,,,,,1,19480411,0,AUS01,v,KCM,0,1,0,exhibition,y,d,
BIR194805161,perel101,IN9,1,5,value,24,0,2,0,0,0,0,,,,1,19480516,1,BIR01,v,BIR,0,1,0,regular,y,,
BIR194805162,perel101,IN9,1,5,value,15,1,0,0,0,0,0,,,,1,19480516,2,BIR01,v,BIR,0,1,0,regular,y,,
KCM194805232,perel101,IN9,1,5,value,6,0,0,0,0,0,0,,,,,19480523,2,KAN05,v,KCM,0,0,1,regular,y,,
KCM194805260,perel101,IN9,1,5,value,24,1,0,0,0,0,,,,,1,19480526,0,WIC01,v,KCM,0,1,0,regular,y,d,
KCM194805270,perel101,IN9,1,5,value,24,4,,0,0,0,0,,,,1,19480527,0,WIC01,v,KCM,0,1,0,regular,y,,
KCM194805280,perel101,IN9,1,5,value,27,1,2,0,0,0,,,,,1,19480528,0,KAN05,v,KCM,1,0,0,regular,y,d,
KCM194805300,perel101,IN9,1,5,value,27,1,1,0,1,0,,,,,1,19480530,0,DAV01,v,KCM,1,0,0,regular,y,d,
KCM194805311,perel101,IN9,1,5,value,24,2,1,0,0,0,0,,,,1,19480531,1,STL07,v,KCM,0,1,0,regular,y,,
KCM194805312,perel101,IN9,1,5,value,18,1,2,0,0,0,0,,,,1,19480531,2,STL07,v,KCM,0,1,0,regular,y,,
BIR194806271,perel101,IN9,1,5,value,24,2,3,0,1,0,,,,,1,19480627,1,BIR01,v,BIR,0,1,0,regular,y,d,
