gid,id,team,d_seq,d_pos,stattype,d_ifouts,d_po,d_a,d_e,d_dp,d_tp,d_pb,d_wp,d_sb,d_cs,d_gs,date,number,site,vishome,opp,win,loss,tie,gametype,box,pbp,eject
PRG192910190,jolls101,PIR,1,9,value,24,0,0,0,0,0,,,,,1,19291019,0,LOS05,v,PRG,0,1,0,exhibition,y,,
PRG192910200,jolls101,PIR,1,9,value,24,1,0,0,0,0,,,,,1,19291020,0,LOS05,v,PRG,0,1,0,exhibition,y,,
PRG192910310,jolls101,PIR,1,9,value,24,1,0,0,0,0,,,,,1,19291031,0,LOS05,v,PRG,0,1,0,exhibition,y,,
PRG192911020,jolls101,PIR,1,9,value,27,0,0,0,0,0,,,,,1,19291102,0,LOS05,v,PRG,1,0,0,exhibition,y,,
PRG192911030,jolls101,PIR,1,9,value,15,2,0,0,0,0,,,,,1,19291103,0,LOS05,v,PRG,0,1,0,exhibition,y,,
PRG192911030,jolls101,PIR,2,1,value,9,0,0,0,0,0,,,,,1,19291103,0,LOS05,v,PRG,0,1,0,exhibition,y,,
CHA193004170,jolls101,CHA,1,9,value,27,2,0,0,0,0,,,,,1,19300417,0,CHI10,h,CLE,1,0,0,regular,y,y,
CHA193004190,jolls101,CHA,1,9,value,27,1,1,0,0,0,,,,,1,19300419,0,CHI10,h,SLA,0,1,0,regular,y,y,
CHA193004210,jolls101,CHA,1,9,value,30,1,0,0,0,0,,,,,1,19300421,0,CHI10,h,SLA,1,0,0,regular,y,y,
CLE193004220,jolls101,CHA,1,9,value,27,2,0,0,0,0,,,,,1,19300422,0,CLE06,v,CLE,1,0,0,regular,y,y,
SLA193004250,jolls101,CHA,1,9,value,24,0,0,1,0,0,,,,,1,19300425,0,STL07,v,SLA,0,1,0,regular,y,y,
SLA193004260,jolls101,CHA,1,9,value,24,1,0,1,0,0,,,,,1,19300426,0,STL07,v,SLA,0,1,0,regular,y,y,
SLA193004270,jolls101,CHA,1,9,value,21,0,0,0,0,0,,,,,1,19300427,0,STL07,v,SLA,1,0,0,regular,y,y,
DET193004280,jolls101,CHA,1,9,value,27,4,1,0,1,0,,,,,1,19300428,0,DET04,v,DET,1,0,0,regular,y,y,
DET193004290,jolls101,CHA,1,9,value,26,1,0,0,0,0,,,,,1,19300429,0,DET04,v,DET,1,0,0,regular,y,y,
DET193004300,jolls101,CHA,1,9,value,24,2,0,0,0,0,,,,,1,19300430,0,DET04,v,DET,0,1,0,regular,y,y,
NYA193005020,jolls101,CHA,1,9,value,19,1,1,0,0,0,,,,,1,19300502,0,NYC16,v,NYA,1,0,0,regular,y,y,
NYA193005030,jolls101,CHA,1,9,value,24,1,0,0,0,0,,,,,1,19300503,0,NYC16,v,NYA,0,1,0,regular,y,y,
NYA193005040,jolls101,CHA,1,9,value,21,0,0,0,0,0,,,,,1,19300504,0,NYC16,v,NYA,0,1,0,regular,y,y,
NYA193005050,jolls101,CHA,1,9,value,24,0,0,0,0,0,,,,,1,19300505,0,NYC16,v,NYA,0,1,0,regular,y,y,
BOS193005060,jolls101,CHA,1,9,value,24,4,0,0,0,0,,,,,1,19300506,0,BOS07,v,BOS,1,0,0,regular,y,y,
BOS193005070,jolls101,CHA,1,9,value,24,2,1,0,0,0,,,,,1,19300507,0,BOS07,v,BOS,0,1,0,regular,y,y,
BOS193005080,jolls101,CHA,1,9,value,24,1,0,1,0,0,,,,,1,19300508,0,BOS07,v,BOS,0,1,0,regular,y,y,
WS1193005090,jolls101,CHA,1,9,value,24,1,0,0,0,0,,,,,1,19300509,0,WAS09,v,WS1,0,1,0,regular,y,y,
WS1193005100,jolls101,CHA,1,9,value,24,2,0,0,0,0,,,,,1,19300510,0,WAS09,v,WS1,0,1,0,regular,y,y,
CHA193005171,jolls101,CHA,1,9,value,24,2,0,0,0,0,,,,,1,19300517,1,CHI10,h,CLE,1,0,0,regular,y,y,
CHA193005172,jolls101,CHA,1,9,value,24,1,0,0,0,0,,,,,1,19300517,2,CHI10,h,CLE,1,0,0,regular,y,y,
CHA193005180,jolls101,CHA,1,9,value,27,1,0,0,0,0,,,,,1,19300518,0,CHI10,h,CLE,0,1,0,regular,y,y,
CHA193005201,jolls101,CHA,1,9,value,27,4,0,0,0,0,,,,,1,19300520,1,CHI10,h,CLE,0,1,0,regular,y,y,
CHA193005202,jolls101,CHA,1,9,value,27,0,0,0,0,0,,,,,1,19300520,2,CHI10,h,CLE,0,1,0,regular,y,y,
CHA193005210,jolls101,CHA,1,9,value,21,1,0,0,0,0,,,,,1,19300521,0,CHI10,h,DET,1,0,0,regular,y,y,
CHA193005220,jolls101,CHA,1,9,value,27,1,0,0,0,0,,,,,1,19300522,0,CHI10,h,DET,0,1,0,regular,y,y,
CHA193005240,jolls101,CHA,1,9,value,23,2,0,0,0,0,,,,,1,19300524,0,CHI10,h,DET,1,0,0,regular,y,y,
CLE193005250,jolls101,CHA,1,9,value,27,5,0,0,0,0,,,,,1,19300525,0,CLE06,v,CLE,1,0,0,regular,y,y,
CLE193005261,jolls101,CHA,1,9,value,24,1,0,0,0,0,,,,,1,19300526,1,CLE06,v,CLE,0,1,0,regular,y,y,
CLE193005262,jolls101,CHA,1,9,value,24,1,0,0,0,0,,,,,1,19300526,2,CLE06,v,CLE,0,1,0,regular,y,y,
CLE193005271,jolls101,CHA,1,9,value,24,2,0,0,0,0,,,,,1,19300527,1,CLE06,v,CLE,0,1,0,regular,y,y,
CLE193005272,jolls101,CHA,1,9,value,26,3,0,0,1,0,,,,,1,19300527,2,CLE06,v,CLE,0,1,0,regular,y,y,
SLA193005301,jolls101,CHA,1,9,value,23,0,0,0,0,0,,,,,1,19300530,1,STL07,v,SLA,1,0,0,regular,y,y,
SLA193005302,jolls101,CHA,1,9,value,24,0,0,1,0,0,,,,,1,19300530,2,STL07,v,SLA,0,1,0,regular,y,d,
SLA193005310,jolls101,CHA,1,9,value,18,0,0,0,0,0,,,,,1,19300531,0,STL07,v,SLA,0,1,0,regular,y,y,
SLA193006010,jolls101,CHA,1,9,value,23,2,0,0,0,0,,,,,1,19300601,0,STL07,v,SLA,1,0,0,regular,y,d,
CHA193006030,jolls101,CHA,1,9,value,27,1,0,0,0,0,,,,,1,19300603,0,CHI10,h,NYA,0,1,0,regular,y,y,
CHA193006040,jolls101,CHA,1,9,value,18,0,0,1,0,0,,,,,1,19300604,0,CHI10,h,NYA,1,0,0,regular,y,y,
CHA193006070,jolls101,CHA,1,9,value,24,2,0,0,0,0,,,,,1,19300607,0,CHI10,h,PHA,1,0,0,regular,y,y,
CHA193006080,jolls101,CHA,1,9,value,27,0,0,0,0,0,,,,,1,19300608,0,CHI10,h,PHA,0,1,0,regular,y,y,
CHA193006090,jolls101,CHA,1,7,value,21,1,0,0,0,0,,,,,1,19300609,0,CHI10,h,PHA,0,1,0,regular,y,y,
CHA193006100,jolls101,CHA,1,7,value,30,5,2,0,1,0,,,,,1,19300610,0,CHI10,h,PHA,1,0,0,regular,y,y,
CHA193006110,jolls101,CHA,1,7,value,24,1,0,0,0,0,,,,,1,19300611,0,CHI10,h,WS1,0,1,0,regular,y,y,
CHA193006120,jolls101,CHA,1,7,value,27,1,0,0,0,0,,,,,1,19300612,0,CHI10,h,WS1,1,0,0,regular,y,y,
CHA193006130,jolls101,CHA,1,7,value,27,1,1,0,0,0,,,,,1,19300613,0,CHI10,h,WS1,0,1,0,regular,y,y,
CHA193006140,jolls101,CHA,1,7,value,27,0,0,0,0,0,,,,,1,19300614,0,CHI10,h,BOS,0,1,0,regular,y,y,
CHA193006160,jolls101,CHA,1,7,value,27,4,1,0,0,0,,,,,1,19300616,0,CHI10,h,BOS,0,1,0,regular,y,y,
CHA193006170,jolls101,CHA,1,7,value,27,3,0,0,0,0,,,,,1,19300617,0,CHI10,h,BOS,0,1,0,regular,y,y,
WS1193006190,jolls101,CHA,1,9,value,24,3,0,0,0,0,,,,,1,19300619,0,WAS09,v,WS1,0,1,0,regular,y,y,
WS1193006200,jolls101,CHA,1,9,value,23,4,0,0,0,0,,,,,1,19300620,0,WAS09,v,WS1,1,0,0,regular,y,y,
WS1193006210,jolls101,CHA,1,9,value,21,2,0,0,0,0,,,,,1,19300621,0,WAS09,v,WS1,1,0,0,regular,y,y,
WS1193006220,jolls101,CHA,1,9,value,24,0,0,0,0,0,,,,,1,19300622,0,WAS09,v,WS1,0,1,0,regular,y,d,
PHA193006231,jolls101,CHA,1,7,value,24,1,0,0,0,0,,,,,1,19300623,1,PHI11,v,PHA,0,1,0,regular,y,y,
PHA193006232,jolls101,CHA,1,7,value,24,0,1,0,0,0,,,,,1,19300623,2,PHI11,v,PHA,0,1,0,regular,y,y,
PHA193006251,jolls101,CHA,1,7,value,24,0,0,0,0,0,,,,,1,19300625,1,PHI11,v,PHA,0,1,0,regular,y,y,
PHA193006252,jolls101,CHA,1,7,value,27,1,0,0,0,0,,,,,1,19300625,2,PHI11,v,PHA,1,0,0,regular,y,y,
BOS193006260,jolls101,CHA,1,7,value,24,1,0,1,0,0,,,,,1,19300626,0,BOS07,v,BOS,0,1,0,regular,y,y,
BOS193006280,jolls101,CHA,1,7,value,24,3,0,0,0,0,,,,,1,19300628,0,BOS07,v,BOS,0,1,0,regular,y,y,
BOS193006291,jolls101,CHA,1,7,value,24,1,0,0,0,0,,,,,1,19300629,1,BOS08,v,BOS,0,1,0,regular,y,y,
BOS193006292,jolls101,CHA,1,7,value,21,1,0,0,0,0,,,,,1,19300629,2,BOS08,v,BOS,1,0,0,regular,y,y,
NYA193006300,jolls101,CHA,1,9,value,24,2,0,0,0,0,,,,,1,19300630,0,NYC16,v,NYA,0,1,0,regular,y,y,
NYA193007021,jolls101,CHA,1,9,value,24,0,0,0,0,0,,,,,1,19300702,1,NYC16,v,NYA,0,1,0,regular,y,y,
NYA193007022,jolls101,CHA,1,9,value,27,2,0,0,0,0,,,,,1,19300702,2,NYC16,v,NYA,1,0,0,regular,y,y,
CHA193007041,jolls101,CHA,1,7,value,27,0,1,0,0,0,,,,,1,19300704,1,CHI10,h,SLA,0,1,0,regular,y,d,
CHA193007042,jolls101,CHA,1,7,value,21,1,0,1,0,0,,,,,1,19300704,2,CHI10,h,SLA,1,0,0,regular,y,d,
CHA193007050,jolls101,CHA,1,7,value,27,1,0,0,0,0,,,,,1,19300705,0,CHI10,h,SLA,1,0,0,regular,y,y,
CHA193007060,jolls101,CHA,1,7,value,27,2,0,0,0,0,,,,,1,19300706,0,CHI10,h,DET,0,1,0,regular,y,d,
CHA193007071,jolls101,CHA,1,7,value,24,1,0,0,0,0,,,,,1,19300707,1,CHI10,h,DET,0,1,0,regular,y,y,
CHA193007072,jolls101,CHA,1,7,value,24,1,0,0,0,0,,,,,1,19300707,2,CHI10,h,DET,1,0,0,regular,y,y,
CHA193007080,jolls101,CHA,1,7,value,22,0,1,0,0,0,,,,,1,19300708,0,CHI10,h,DET,1,0,0,regular,y,y,
CHA193007090,jolls101,CHA,1,7,value,27,2,0,0,0,0,,,,,1,19300709,0,CHI10,h,DET,0,1,0,regular,y,y,
SLA193007100,jolls101,CHA,1,7,value,24,1,0,0,0,0,,,,,1,19300710,0,STL07,v,SLA,0,1,0,regular,y,y,
SLA193007110,jolls101,CHA,1,7,value,27,2,0,0,0,0,,,,,1,19300711,0,STL07,v,SLA,1,0,0,regular,y,y,
CHA193007121,jolls101,CHA,1,7,value,21,1,0,0,0,0,,,,,1,19300712,1,CHI10,h,NYA,1,0,0,regular,y,y,
CHA193007122,jolls101,CHA,1,7,value,21,2,0,1,0,0,,,,,1,19300712,2,CHI10,h,NYA,0,1,0,regular,y,y,
CHA193007130,jolls101,CHA,1,7,value,27,1,0,0,0,0,,,,,1,19300713,0,CHI10,h,NYA,0,1,0,regular,y,y,
CHA193007141,jolls101,CHA,1,7,value,27,2,0,0,0,0,,,,,1,19300714,1,CHI10,h,NYA,1,0,0,regular,y,y,
CHA193007142,jolls101,CHA,1,7,value,27,0,0,0,0,0,,,,,1,19300714,2,CHI10,h,NYA,0,1,0,regular,y,d,
CHA193007150,jolls101,CHA,1,7,value,27,0,0,0,0,0,,,,,1,19300715,0,CHI10,h,NYA,0,1,0,regular,y,y,
CHA193007160,jolls101,CHA,1,7,value,27,0,0,0,0,0,,,,,1,19300716,0,CHI10,h,PHA,0,1,0,regular,y,y,
CHA193007170,jolls101,CHA,1,7,value,27,1,0,0,0,0,,,,,1,19300717,0,CHI10,h,PHA,0,1,0,regular,y,y,
CHA193007180,jolls101,CHA,1,7,value,27,2,0,0,0,0,,,,,1,19300718,0,CHI10,h,PHA,0,1,0,regular,y,y,
CHA193007190,jolls101,CHA,1,7,value,24,2,0,1,0,0,,,,,1,19300719,0,CHI10,h,PHA,1,0,0,regular,y,y,
CHA193007201,jolls101,CHA,1,7,value,27,2,0,0,0,0,,,,,1,19300720,1,CHI10,h,BOS,1,0,0,regular,y,y,
CHA193007202,jolls101,CHA,1,7,value,27,0,1,0,0,0,,,,,1,19300720,2,CHI10,h,BOS,1,0,0,regular,y,y,
CHA193007210,jolls101,CHA,1,7,value,27,6,0,0,0,0,,,,,1,19300721,0,CHI10,h,BOS,0,1,0,regular,y,y,
CHA193007220,jolls101,CHA,1,7,value,27,0,0,0,0,0,,,,,1,19300722,0,CHI10,h,BOS,0,1,0,regular,y,y,
CHA193007230,jolls101,CHA,1,7,value,27,3,0,0,0,0,,,,,1,19300723,0,CHI10,h,BOS,1,0,0,regular,y,y,
CHA193007240,jolls101,CHA,1,7,value,27,2,0,0,0,0,,,,,1,19300724,0,CHI10,h,WS1,1,0,0,regular,y,y,
CHA193007250,jolls101,CHA,1,7,value,27,2,0,0,0,0,,,,,1,19300725,0,CHI10,h,WS1,1,0,0,regular,y,y,
CHA193007260,jolls101,CHA,1,7,value,27,3,0,0,0,0,,,,,1,19300726,0,CHI10,h,WS1,1,0,0,regular,y,y,
CHA193007270,jolls101,CHA,1,7,value,27,5,0,1,0,0,,,,,1,19300727,0,CHI10,h,WS1,0,1,0,regular,y,y,
SLA193007280,jolls101,CHA,1,7,value,27,4,0,0,0,0,,,,,1,19300728,0,STL07,v,SLA,1,0,0,regular,y,y,
SLA193007290,jolls101,CHA,1,7,value,27,2,0,0,0,0,,,,,1,19300729,0,STL07,v,SLA,1,0,0,regular,y,y,
CHA193007301,jolls101,CHA,1,7,value,30,2,0,0,0,0,,,,,1,19300730,1,CHI10,h,SLA,0,1,0,regular,y,y,
CHA193007302,jolls101,CHA,1,7,value,27,2,0,0,0,0,,,,,1,19300730,2,CHI10,h,SLA,0,1,0,regular,y,y,
CHA193007311,jolls101,CHA,1,7,value,27,2,0,0,0,0,,,,,1,19300731,1,CHI10,h,SLA,1,0,0,regular,y,y,
CHA193007312,jolls101,CHA,1,7,value,27,1,0,0,0,0,,,,,1,19300731,2,CHI10,h,SLA,1,0,0,regular,y,y,
DET193008010,jolls101,CHA,1,7,value,24,1,0,0,0,0,,,,,1,19300801,0,DET04,v,DET,0,1,0,regular,y,y,
DET193008020,jolls101,CHA,1,7,value,24,2,0,0,0,0,,,,,1,19300802,0,DET04,v,DET,0,1,0,regular,y,y,
DET193008030,jolls101,CHA,1,7,value,24,2,0,0,0,0,,,,,1,19300803,0,DET04,v,DET,0,1,0,regular,y,d,
DET193008040,jolls101,CHA,1,7,value,34,4,0,0,0,0,,,,,1,19300804,0,DET04,v,DET,0,1,0,regular,y,y,
CHA193008061,jolls101,CHA,1,7,value,27,1,0,0,0,0,,,,,1,19300806,1,CHI10,h,SLA,0,1,0,regular,y,y,
CHA193008062,jolls101,CHA,1,7,value,27,1,0,0,0,0,,,,,1,19300806,2,CHI10,h,SLA,1,0,0,regular,y,y,
PHA193008081,jolls101,CHA,1,7,value,24,1,0,0,0,0,,,,,1,19300808,1,PHI11,v,PHA,0,1,0,regular,y,y,
PHA193008082,jolls101,CHA,1,7,value,24,1,0,0,0,0,,,,,1,19300808,2,PHI11,v,PHA,0,1,0,regular,y,y,
PHA193008091,jolls101,CHA,1,7,value,24,0,0,0,0,0,,,,,1,19300809,1,PHI11,v,PHA,0,1,0,regular,y,y,
PHA193008092,jolls101,CHA,1,7,value,24,3,0,0,0,0,,,,,1,19300809,2,PHI11,v,PHA,0,1,0,regular,y,y,
PHA193008110,jolls101,CHA,1,7,value,27,2,0,0,0,0,,,,,1,19300811,0,PHI11,v,PHA,1,0,0,regular,y,y,
WS1193008120,jolls101,CHA,1,9,value,24,0,0,0,0,0,,,,,1,19300812,0,WAS09,v,WS1,0,1,0,regular,y,y,
WS1193008130,jolls101,CHA,1,9,value,24,2,1,0,0,0,,,,,1,19300813,0,WAS09,v,WS1,0,1,0,regular,y,y,
WS1193008140,jolls101,CHA,1,9,value,24,0,0,0,0,0,,,,,1,19300814,0,WAS09,v,WS1,0,1,0,regular,y,y,
NYA193008171,jolls101,CHA,1,9,value,27,1,0,0,0,0,,,,,1,19300817,1,NYC16,v,NYA,0,1,0,regular,y,d,
NYA193008172,jolls101,CHA,1,9,value,15,2,0,0,0,0,,,,,1,19300817,2,NYC16,v,NYA,1,0,0,regular,y,y,
NYA193008180,jolls101,CHA,1,9,value,24,3,1,0,1,0,,,,,1,19300818,0,NYC16,v,NYA,0,1,0,regular,y,y,
NYA193008190,jolls101,CHA,1,9,value,24,3,0,1,0,0,,,,,1,19300819,0,NYC16,v,NYA,0,1,0,regular,y,y,
BOS193008210,jolls101,CHA,1,9,value,24,2,0,0,0,0,,,,,1,19300821,0,BOS07,v,BOS,0,1,0,regular,y,y,
BOS193008220,jolls101,CHA,1,9,value,27,0,0,0,0,0,,,,,1,19300822,0,BOS07,v,BOS,1,0,0,regular,y,y,
BOS193008241,jolls101,CHA,1,9,value,24,2,0,0,0,0,,,,,1,19300824,1,BOS08,v,BOS,0,1,0,regular,y,d,
BOS193008242,jolls101,CHA,1,9,value,33,3,0,0,0,0,,,,,1,19300824,2,BOS08,v,BOS,1,0,0,regular,y,y,
CLE193008271,jolls101,CHA,1,9,value,27,0,0,0,0,0,,,,,1,19300827,1,CLE06,v,CLE,1,0,0,regular,y,y,
CLE193008272,jolls101,CHA,1,9,value,27,2,0,0,0,0,,,,,1,19300827,2,CLE06,v,CLE,1,0,0,regular,y,y,
CLE193008280,jolls101,CHA,1,9,value,24,0,0,0,0,0,,,,,1,19300828,0,CLE06,v,CLE,0,1,0,regular,y,y,
CLE193008290,jolls101,CHA,1,9,value,39,0,0,0,0,0,,,,,1,19300829,0,CLE06,v,CLE,1,0,0,regular,y,y,
CLE193008300,jolls101,CHA,1,9,value,26,2,0,0,0,0,,,,,1,19300830,0,CLE06,v,CLE,0,1,0,regular,y,y,
CHA193008310,jolls101,CHA,1,9,value,27,3,0,0,0,0,,,,,1,19300831,0,CHI10,h,DET,0,1,0,regular,y,d,
CHA193009011,jolls101,CHA,1,7,value,27,0,0,0,0,0,,,,,1,19300901,1,CHI10,h,DET,0,1,0,regular,y,y,
CHA193009012,jolls101,CHA,1,7,value,27,0,0,0,0,0,,,,,1,19300901,2,CHI10,h,DET,0,1,0,regular,y,y,
CHA193009040,jolls101,CHA,1,9,value,27,4,0,0,0,0,,,,,1,19300904,0,CHI10,h,CLE,0,1,0,regular,y,y,
CHA193009050,jolls101,CHA,1,9,value,27,1,0,0,0,0,,,,,1,19300905,0,CHI10,h,CLE,0,1,0,regular,y,y,
CHA193009061,jolls101,CHA,1,9,value,27,2,1,0,0,0,,,,,1,19300906,1,CHI10,h,CLE,1,0,0,regular,y,y,
CHA193009062,jolls101,CHA,1,9,value,27,1,0,0,0,0,,,,,1,19300906,2,CHI10,h,CLE,0,1,0,regular,y,y,
CHA193009070,jolls101,CHA,1,9,value,27,2,0,0,0,0,,,,,1,19300907,0,CHI10,h,CLE,1,0,0,regular,y,y,
CHA193009090,jolls101,CHA,1,9,value,27,1,0,0,0,0,,,,,1,19300909,0,CHI10,h,BOS,1,0,0,regular,y,y,
CHA193009100,jolls101,CHA,1,9,value,27,2,1,0,0,0,,,,,1,19300910,0,CHI10,h,BOS,0,1,0,regular,y,y,
CHA193009110,jolls101,CHA,1,9,value,36,3,0,0,0,0,,,,,1,19300911,0,CHI10,h,BOS,1,0,0,regular,y,y,
CHA193009120,jolls101,CHA,1,9,value,27,4,0,1,0,0,,,,,1,19300912,0,CHI10,h,WS1,0,1,0,regular,y,y,
CHA193009130,jolls101,CHA,1,9,value,27,0,0,0,0,0,,,,,1,19300913,0,CHI10,h,WS1,0,1,0,regular,y,y,
CHA193009140,jolls101,CHA,1,9,value,30,3,0,0,0,0,,,,,1,19300914,0,CHI10,h,WS1,1,0,0,regular,y,y,
CHA193009150,jolls101,CHA,1,9,value,27,2,0,0,0,0,,,,,1,19300915,0,CHI10,h,WS1,0,1,0,regular,y,y,
CHA193009161,jolls101,CHA,1,9,value,27,1,0,0,0,0,,,,,1,19300916,1,CHI10,h,PHA,0,1,0,regular,y,y,
CHA193009162,jolls101,CHA,1,9,value,27,5,0,0,0,0,,,,,1,19300916,2,CHI10,h,PHA,0,1,0,regular,y,y,
CHA193009170,jolls101,CHA,1,9,value,27,4,0,0,0,0,,,,,1,19300917,0,CHI10,h,PHA,1,0,0,regular,y,y,
CHA193009180,jolls101,CHA,1,9,value,27,2,0,0,0,0,,,,,1,19300918,0,CHI10,h,PHA,0,1,0,regular,y,y,
CHA193009190,jolls101,CHA,1,9,value,27,0,0,1,0,0,,,,,1,19300919,0,CHI10,h,NYA,0,1,0,regular,y,y,
CHA193009200,jolls101,CHA,1,9,value,27,3,0,0,0,0,,,,,1,19300920,0,CHI10,h,NYA,1,0,0,regular,y,y,
CHA193009210,jolls101,CHA,1,9,value,27,2,0,0,0,0,,,,,1,19300921,0,CHI10,h,NYA,1,0,0,regular,y,y,
DET193009260,jolls101,CHA,1,7,value,27,6,0,0,0,0,,,,,1,19300926,0,DET04,v,DET,1,0,0,regular,y,y,
DET193009271,jolls101,CHA,1,7,value,24,4,0,1,0,0,,,,,1,19300927,1,DET04,v,DET,0,1,0,regular,y,y,
DET193009272,jolls101,CHA,1,7,value,27,2,1,0,0,0,,,,,1,19300927,2,DET04,v,DET,1,0,0,regular,y,y,
DET193009280,jolls101,CHA,1,7,value,27,2,0,0,0,0,,,,,1,19300928,0,DET04,v,DET,1,0,0,regular,y,y,
CHA193105180,jolls101,CHA,1,7,value,27,1,0,1,0,0,,,,,1,19310518,0,CHI10,h,BOS,1,0,0,regular,y,y,
CHA193105200,jolls101,CHA,1,7,value,27,4,0,0,0,0,,,,,1,19310520,0,CHI10,h,WS1,0,1,0,regular,y,y,
CHA193105210,jolls101,CHA,1,7,value,24,1,0,0,0,0,,,,,1,19310521,0,CHI10,h,WS1,0,1,0,regular,y,y,
NYA193107262,jolls101,CHA,1,7,value,6,1,0,0,0,0,,,,,0,19310726,2,NYC16,v,NYA,0,1,0,regular,y,y,
CHA193109050,jolls101,CHA,1,7,value,3,0,0,0,0,0,,,,,0,19310905,0,CHI10,h,DET,0,1,0,regular,y,y,
CHA193109050,jolls101,CHA,2,9,value,3,0,0,0,0,0,,,,,0,19310905,0,CHI10,h,DET,0,1,0,regular,y,y,
CHA193109060,jolls101,CHA,1,9,value,21,1,0,0,0,0,,,,,1,19310906,0,CHI10,h,DET,1,0,0,regular,y,y,
CLE193109071,jolls101,CHA,1,9,value,21,2,0,0,0,0,,,,,1,19310907,1,CLE06,v,CLE,0,1,0,regular,y,y,
CLE193109072,jolls101,CHA,1,9,value,24,2,0,0,0,0,,,,,1,19310907,2,CLE06,v,CLE,0,1,0,regular,y,y,
CLE193109081,jolls101,CHA,1,9,value,21,1,0,1,0,0,,,,,1,19310908,1,CLE06,v,CLE,0,1,0,regular,y,y,
CLE193109082,jolls101,CHA,1,9,value,24,3,1,0,1,0,,,,,1,19310908,2,CLE06,v,CLE,0,1,0,regular,y,y,
NYA193109110,jolls101,CHA,1,7,value,21,0,0,1,0,0,,,,,1,19310911,0,NYC16,v,NYA,1,0,0,regular,y,y,
NYA193109121,jolls101,CHA,1,7,value,18,1,0,0,0,0,,,,,1,19310912,1,NYC16,v,NYA,1,0,0,regular,y,y,
NYA193109122,jolls101,CHA,1,7,value,27,0,0,0,0,0,,,,,1,19310912,2,NYC16,v,NYA,0,0,1,regular,y,y,
BOS193109131,jolls101,CHA,1,7,value,12,1,0,1,0,0,,,,,1,19310913,1,BOS08,v,BOS,1,0,0,regular,y,d,
BOS193109160,jolls101,CHA,1,9,value,24,0,0,0,0,0,,,,,1,19310916,0,BOS07,v,BOS,0,1,0,regular,y,y,
PHA193109192,jolls101,CHA,1,9,value,24,2,0,0,0,0,,,,,1,19310919,2,PHI11,v,PHA,0,1,0,regular,y,y,
WS1193109201,jolls101,CHA,1,9,value,26,2,0,1,0,0,,,,,1,19310920,1,WAS09,v,WS1,0,1,0,regular,y,y,
WS1193109210,jolls101,CHA,1,9,value,24,1,0,0,0,0,,,,,1,19310921,0,WAS09,v,WS1,0,1,0,regular,y,y,
WS1193109220,jolls101,CHA,1,9,value,24,1,0,0,0,0,,,,,1,19310922,0,WAS09,v,WS1,0,1,0,regular,y,y,
SLA193109261,jolls101,CHA,1,9,value,33,2,0,0,0,0,,,,,1,19310926,1,STL07,v,SLA,1,0,0,regular,y,y,
SLA193109262,jolls101,CHA,1,9,value,21,1,0,0,0,0,,,,,1,19310926,2,STL07,v,SLA,0,1,0,regular,y,y,
SLA193109271,jolls101,CHA,1,9,value,24,3,0,0,0,0,,,,,1,19310927,1,STL07,v,SLA,0,1,0,regular,y,d,
SLA193109272,jolls101,CHA,1,9,value,24,0,0,0,0,0,,,,,1,19310927,2,STL07,v,SLA,0,1,0,regular,y,d,
CHA193204130,jolls101,CHA,1,7,value,24,1,0,0,0,0,,,,,1,19320413,0,CHI10,h,SLA,1,0,0,regular,y,y,
CHA193204140,jolls101,CHA,1,7,value,27,2,0,0,0,0,,,,,1,19320414,0,CHI10,h,SLA,0,1,0,regular,y,y,
CHA193204150,jolls101,CHA,1,7,value,39,0,1,0,0,0,,,,,1,19320415,0,CHI10,h,SLA,1,0,0,regular,y,y,
CHA193204160,jolls101,CHA,1,7,value,21,0,0,0,0,0,,,,,1,19320416,0,CHI10,h,CLE,1,0,0,regular,y,y,
CHA193204170,jolls101,CHA,1,7,value,27,2,0,0,0,0,,,,,1,19320417,0,CHI10,h,CLE,0,1,0,regular,y,y,
CHA193204180,jolls101,CHA,1,7,value,27,0,0,1,0,0,,,,,1,19320418,0,CHI10,h,CLE,0,1,0,regular,y,y,
CHA193204190,jolls101,CHA,1,7,value,18,0,0,0,0,0,,,,,1,19320419,0,CHI10,h,CLE,0,1,0,regular,y,y,
SLA193204200,jolls101,CHA,1,9,value,24,1,0,0,0,0,,,,,1,19320420,0,STL07,v,SLA,0,1,0,regular,y,y,
SLA193204220,jolls101,CHA,1,9,value,24,2,0,0,0,0,,,,,1,19320422,0,STL07,v,SLA,0,1,0,regular,y,y,
CLE193204280,jolls101,CHA,1,9,value,24,1,0,0,0,0,,,,,1,19320428,0,CLE06,v,CLE,0,1,0,regular,y,y,
CLE193204290,jolls101,CHA,1,9,value,18,0,0,0,0,0,,,,,1,19320429,0,CLE06,v,CLE,0,1,0,regular,y,y,
NYA193204300,jolls101,BOS,1,7,value,24,1,1,0,0,0,,,,,1,19320430,0,NYC16,v,NYA,0,1,0,regular,y,y,
BOS193205020,jolls101,BOS,1,7,value,33,7,0,0,0,0,,,,,1,19320502,0,BOS07,h,PHA,0,1,0,regular,y,y,
BOS193205030,jolls101,BOS,1,7,value,27,2,1,0,1,0,,,,,1,19320503,0,BOS07,h,PHA,0,1,0,regular,y,y,
BOS193205050,jolls101,BOS,1,7,value,27,1,0,1,0,0,,,,,1,19320505,0,BOS07,h,SLA,0,1,0,regular,y,y,
BOS193205060,jolls101,BOS,1,7,value,27,2,0,0,0,0,,,,,1,19320506,0,BOS07,h,SLA,0,1,0,regular,y,y,
BOS193205070,jolls101,BOS,1,7,value,27,1,0,0,0,0,,,,,1,19320507,0,BOS07,h,SLA,0,1,0,regular,y,y,
BOS193205120,jolls101,BOS,1,7,value,27,4,0,0,0,0,,,,,1,19320512,0,BOS07,h,CLE,0,1,0,regular,y,y,
BOS193205140,jolls101,BOS,1,7,value,27,1,0,0,0,0,,,,,1,19320514,0,BOS07,h,CLE,0,1,0,regular,y,y,
BOS193205150,jolls101,BOS,1,7,value,27,3,0,0,0,0,,,,,1,19320515,0,BOS08,h,CHA,0,1,0,regular,y,d,
BOS193205160,jolls101,BOS,1,7,value,30,3,0,0,0,0,,,,,1,19320516,0,BOS07,h,CHA,0,1,0,regular,y,y,
BOS193205170,jolls101,BOS,1,7,value,27,2,0,0,0,0,,,,,1,19320517,0,BOS07,h,CHA,0,1,0,regular,y,y,
BOS193205180,jolls101,BOS,1,7,value,27,0,0,0,0,0,,,,,1,19320518,0,BOS07,h,CHA,1,0,0,regular,y,y,
PHA193205190,jolls101,BOS,1,7,value,24,3,0,0,0,0,,,,,1,19320519,0,PHI11,v,PHA,0,1,0,regular,y,y,
PHA193205200,jolls101,BOS,1,7,value,24,1,1,0,0,0,,,,,1,19320520,0,PHI11,v,PHA,0,1,0,regular,y,y,
PHA193205211,jolls101,BOS,1,7,value,24,3,0,0,0,0,,,,,1,19320521,1,PHI11,v,PHA,0,1,0,regular,y,y,
PHA193205212,jolls101,BOS,1,7,value,24,3,0,0,0,0,,,,,1,19320521,2,PHI11,v,PHA,0,1,0,regular,y,y,
WS1193205220,jolls101,BOS,1,7,value,24,3,0,0,0,0,,,,,1,19320522,0,WAS09,v,WS1,0,1,0,regular,y,y,
WS1193205230,jolls101,BOS,1,7,value,27,4,0,0,0,0,,,,,1,19320523,0,WAS09,v,WS1,1,0,0,regular,y,d,
BOS193205260,jolls101,BOS,1,7,value,18,3,1,0,1,0,,,,,1,19320526,0,BOS07,h,PHA,0,1,0,regular,y,y,
BOS193205280,jolls101,BOS,1,7,value,27,2,0,0,0,0,,,,,1,19320528,0,BOS07,h,PHA,0,1,0,regular,y,y,
BOS193205291,jolls101,BOS,1,7,value,27,4,0,0,0,0,,,,,1,19320529,1,BOS08,h,PHA,1,0,0,regular,y,y,
BOS193205292,jolls101,BOS,1,7,value,27,9,0,0,0,0,,,,,1,19320529,2,BOS08,h,PHA,0,1,0,regular,y,y,
NYA193205301,jolls101,BOS,1,7,value,24,0,0,0,0,0,,,,,1,19320530,1,NYC16,v,NYA,0,1,0,regular,y,y,
NYA193205302,jolls101,BOS,1,7,value,24,0,0,0,0,0,,,,,1,19320530,2,NYC16,v,NYA,0,1,0,regular,y,y,
BOS193206010,jolls101,BOS,1,7,value,27,1,0,1,0,0,,,,,1,19320601,0,BOS07,h,WS1,0,1,0,regular,y,y,
BOS193206021,jolls101,BOS,1,7,value,21,1,0,1,0,0,,,,,1,19320602,1,BOS07,h,WS1,0,1,0,regular,y,y,
BOS193206022,jolls101,BOS,1,7,value,27,0,0,0,0,0,,,,,1,19320602,2,BOS07,h,WS1,0,1,0,regular,y,d,
BOS193206041,jolls101,BOS,1,7,value,27,5,0,0,0,0,,,,,1,19320604,1,BOS07,h,WS1,1,0,0,regular,y,y,
BOS193206042,jolls101,BOS,1,7,value,27,1,0,0,0,0,,,,,1,19320604,2,BOS07,h,WS1,1,0,0,regular,y,y,
NYA193206050,jolls101,BOS,1,7,value,24,2,0,0,0,0,,,,,1,19320605,0,NYC16,v,NYA,0,1,0,regular,y,d,
SLA193206070,jolls101,BOS,1,7,value,24,0,0,0,0,0,,,,,1,19320607,0,STL07,v,SLA,0,1,0,regular,y,y,
SLA193206080,jolls101,BOS,1,7,value,24,3,0,0,0,0,,,,,1,19320608,0,STL07,v,SLA,0,1,0,regular,y,y,
SLA193206090,jolls101,BOS,1,7,value,24,1,0,1,0,0,,,,,1,19320609,0,STL07,v,SLA,0,1,0,regular,y,y,
SLA193206100,jolls101,BOS,1,7,value,24,0,0,1,0,0,,,,,1,19320610,0,STL07,v,SLA,0,1,0,regular,y,y,
CHA193206110,jolls101,BOS,1,7,value,27,3,0,0,0,0,,,,,1,19320611,0,CHI10,v,CHA,1,0,0,regular,y,y,
CHA193206120,jolls101,BOS,1,7,value,24,6,0,1,0,0,,,,,1,19320612,0,CHI10,v,CHA,0,1,0,regular,y,d,
CHA193206130,jolls101,BOS,1,7,value,24,1,0,0,0,0,,,,,1,19320613,0,CHI10,v,CHA,0,1,0,regular,y,y,
CHA193206140,jolls101,BOS,1,7,value,33,1,0,0,0,0,,,,,1,19320614,0,CHI10,v,CHA,1,0,0,regular,y,y,
CLE193206150,jolls101,BOS,1,7,value,24,0,0,0,0,0,,,,,1,19320615,0,CLE06,v,CLE,0,1,0,regular,y,y,
CLE193206180,jolls101,BOS,1,9,value,24,3,0,1,0,0,,,,,1,19320618,0,CLE06,v,CLE,0,1,0,regular,y,y,
CLE193206191,jolls101,BOS,1,9,value,24,1,0,0,0,0,,,,,1,19320619,1,CLE06,v,CLE,0,1,0,regular,y,y,
CLE193206192,jolls101,BOS,1,9,value,24,2,0,0,0,0,,,,,1,19320619,2,CLE06,v,CLE,0,1,0,regular,y,y,
DET193206200,jolls101,BOS,1,7,value,24,3,1,0,0,0,,,,,1,19320620,0,DET04,v,DET,0,1,0,regular,y,y,
DET193206210,jolls101,BOS,1,7,value,21,1,0,0,0,0,,,,,1,19320621,0,DET04,v,DET,0,1,0,regular,y,y,
DET193206220,jolls101,BOS,1,7,value,24,3,0,0,0,0,,,,,1,19320622,0,DET04,v,DET,0,1,0,regular,y,y,
WS1193206250,jolls101,BOS,1,7,value,24,1,0,0,0,0,,,,,1,19320625,0,WAS09,v,WS1,1,0,0,regular,y,y,
WS1193206260,jolls101,BOS,1,7,value,24,1,0,1,0,0,,,,,1,19320626,0,WAS09,v,WS1,0,1,0,regular,y,d,
PHA193206271,jolls101,BOS,1,7,value,24,3,0,1,0,0,,,,,1,19320627,1,PHI11,v,PHA,0,1,0,regular,y,y,
PHA193206272,jolls101,BOS,1,7,value,24,1,0,0,0,0,,,,,1,19320627,2,PHI11,v,PHA,0,1,0,regular,y,y,
PHA193206280,jolls101,BOS,1,7,value,24,1,0,0,0,0,,,,,1,19320628,0,PHI11,v,PHA,0,1,0,regular,y,y,
BOS193206300,jolls101,BOS,1,7,value,27,3,1,0,1,0,,,,,1,19320630,0,BOS07,h,NYA,0,1,0,regular,y,y,
BOS193207010,jolls101,BOS,1,7,value,27,1,0,0,0,0,,,,,1,19320701,0,BOS07,h,NYA,1,0,0,regular,y,y,
BOS193207021,jolls101,BOS,1,7,value,27,0,0,0,0,0,,,,,1,19320702,1,BOS07,h,NYA,0,1,0,regular,y,y,
BOS193207022,jolls101,BOS,1,7,value,27,2,0,0,0,0,,,,,1,19320702,2,BOS07,h,NYA,1,0,0,regular,y,y,
BOS193207030,jolls101,BOS,1,7,value,27,2,0,0,0,0,,,,,1,19320703,0,BOS07,h,NYA,0,1,0,regular,y,d,
BOS193207060,jolls101,BOS,1,7,value,27,1,0,0,0,0,,,,,1,19320706,0,BOS07,h,SLA,1,0,0,regular,y,y,
BOS193207070,jolls101,BOS,1,7,value,27,1,0,0,0,0,,,,,1,19320707,0,BOS07,h,SLA,0,1,0,regular,y,y,
BOS193207080,jolls101,BOS,1,7,value,27,1,0,0,0,0,,,,,1,19320708,0,BOS07,h,SLA,0,1,0,regular,y,y,
BOS193207090,jolls101,BOS,1,7,value,27,3,0,0,0,0,,,,,1,19320709,0,BOS07,h,SLA,1,0,0,regular,y,y,
BOS193207101,jolls101,BOS,1,7,value,27,1,0,0,0,0,,,,,1,19320710,1,BOS07,h,DET,0,1,0,regular,y,d,
BOS193207102,jolls101,BOS,1,7,value,21,3,0,0,0,0,,,,,1,19320710,2,BOS07,h,DET,1,0,0,regular,y,d,
BOS193207110,jolls101,BOS,1,7,value,27,2,0,0,0,0,,,,,1,19320711,0,BOS07,h,DET,0,1,0,regular,y,y,
BOS193207120,jolls101,BOS,1,7,value,27,2,0,0,0,0,,,,,1,19320712,0,BOS07,h,DET,1,0,0,regular,y,y,
BOS193207130,jolls101,BOS,1,7,value,24,3,0,0,0,0,,,,,1,19320713,0,BOS07,h,DET,1,0,0,regular,y,y,
BOS193207140,jolls101,BOS,1,7,value,33,1,0,0,0,0,,,,,1,19320714,0,BOS07,h,CHA,0,1,0,regular,y,y,
BOS193207150,jolls101,BOS,1,7,value,33,2,1,1,0,0,,,,,1,19320715,0,BOS07,h,CHA,0,1,0,regular,y,y,
BOS193207160,jolls101,BOS,1,7,value,27,0,0,0,0,0,,,,,1,19320716,0,BOS07,h,CHA,1,0,0,regular,y,y,
BOS193207171,jolls101,BOS,1,7,value,27,0,0,0,0,0,,,,,1,19320717,1,BOS07,h,CLE,0,1,0,regular,y,y,
BOS193207172,jolls101,BOS,1,7,value,33,0,0,0,0,0,,,,,1,19320717,2,BOS07,h,CLE,0,1,0,regular,y,y,
BOS193207180,jolls101,BOS,1,7,value,27,0,0,0,0,0,,,,,1,19320718,0,BOS07,h,CLE,1,0,0,regular,y,y,
BOS193207190,jolls101,BOS,1,7,value,27,2,0,0,0,0,,,,,1,19320719,0,BOS07,h,CLE,0,1,0,regular,y,y,
BOS193207200,jolls101,BOS,1,7,value,27,1,0,0,0,0,,,,,1,19320720,0,BOS07,h,CLE,0,1,0,regular,y,y,
NYA193207210,jolls101,BOS,1,9,value,24,0,0,0,0,0,,,,,1,19320721,0,NYC16,v,NYA,1,0,0,regular,y,y,
NYA193207231,jolls101,BOS,1,9,value,21,1,0,0,0,0,,,,,1,19320723,1,NYC16,v,NYA,0,1,0,regular,y,y,
NYA193207232,jolls101,BOS,1,9,value,24,2,0,0,0,0,,,,,1,19320723,2,NYC16,v,NYA,0,1,0,regular,y,y,
WS1193207240,jolls101,BOS,1,7,value,24,5,0,0,0,0,,,,,1,19320724,0,WAS09,v,WS1,0,1,0,regular,y,d,
CHA193207260,jolls101,BOS,1,7,value,15,0,0,0,0,0,,,,,1,19320726,0,CHI10,v,CHA,1,0,0,regular,y,y,
CHA193207270,jolls101,BOS,1,7,value,18,3,0,1,0,0,,,,,1,19320727,0,CHI10,v,CHA,1,0,0,regular,y,d,
CHA193207280,jolls101,BOS,1,7,value,27,1,0,0,0,0,,,,,1,19320728,0,CHI10,v,CHA,1,0,0,regular,y,y,
CHA193207290,jolls101,BOS,1,7,value,24,0,0,1,0,0,,,,,1,19320729,0,CHI10,v,CHA,0,1,0,regular,y,y,
SLA193207300,jolls101,BOS,1,7,value,36,3,0,0,0,0,,,,,1,19320730,0,STL07,v,SLA,1,0,0,regular,y,y,
SLA193207311,jolls101,BOS,1,7,value,24,1,0,0,0,0,,,,,1,19320731,1,STL07,v,SLA,0,1,0,regular,y,d,
SLA193207312,jolls101,BOS,1,7,value,24,3,0,0,0,0,,,,,1,19320731,2,STL07,v,SLA,0,1,0,regular,y,d,
SLA193208020,jolls101,BOS,1,7,value,24,2,0,0,0,0,,,,,1,19320802,0,STL07,v,SLA,0,1,0,regular,y,y,
CLE193208041,jolls101,BOS,1,7,value,24,0,0,1,0,0,,,,,1,19320804,1,CLE07,v,CLE,0,1,0,regular,y,y,
CLE193208042,jolls101,BOS,1,7,value,37,3,0,0,0,0,,,,,1,19320804,2,CLE07,v,CLE,0,1,0,regular,y,y,
CLE193208050,jolls101,BOS,1,7,value,24,2,0,0,0,0,,,,,1,19320805,0,CLE07,v,CLE,0,1,0,regular,y,y,
CLE193208060,jolls101,BOS,1,7,value,24,1,0,0,0,0,,,,,1,19320806,0,CLE07,v,CLE,0,1,0,regular,y,y,
DET193208070,jolls101,BOS,1,7,value,24,3,0,0,0,0,,,,,1,19320807,0,DET04,v,DET,0,1,0,regular,y,y,
DET193208091,jolls101,BOS,1,7,value,24,3,0,0,0,0,,,,,1,19320809,1,DET04,v,DET,0,1,0,regular,y,y,
DET193208092,jolls101,BOS,1,7,value,24,1,0,0,0,0,,,,,1,19320809,2,DET04,v,DET,0,1,0,regular,y,y,
DET193208100,jolls101,BOS,1,7,value,24,2,0,0,0,0,,,,,1,19320810,0,DET04,v,DET,0,1,0,regular,y,y,
BOS193208120,jolls101,BOS,1,7,value,27,1,0,0,0,0,,,,,1,19320812,0,BOS07,h,PHA,1,0,0,regular,y,y,
BOS193208131,jolls101,BOS,1,7,value,21,2,0,0,0,0,,,,,1,19320813,1,BOS07,h,PHA,0,1,0,regular,y,y,
BOS193208132,jolls101,BOS,1,7,value,27,0,0,1,0,0,,,,,1,19320813,2,BOS07,h,PHA,0,1,0,regular,y,y,
BOS193208141,jolls101,BOS,1,7,value,27,0,0,0,0,0,,,,,1,19320814,1,BOS07,h,PHA,0,1,0,regular,y,y,
BOS193208142,jolls101,BOS,1,7,value,24,1,1,0,0,0,,,,,1,19320814,2,BOS07,h,PHA,1,0,0,regular,y,y,
BOS193208160,jolls101,BOS,1,7,value,27,3,0,0,0,0,,,,,1,19320816,0,BOS07,h,SLA,0,1,0,regular,y,y,
BOS193208170,jolls101,BOS,1,7,value,24,0,0,0,0,0,,,,,1,19320817,0,BOS07,h,SLA,1,0,0,regular,y,y,
BOS193208180,jolls101,BOS,1,7,value,27,0,0,0,0,0,,,,,1,19320818,0,BOS07,h,SLA,1,0,0,regular,y,y,
BOS193208200,jolls101,BOS,1,7,value,30,2,0,0,0,0,,,,,1,19320820,0,BOS07,h,DET,0,1,0,regular,y,d,
BOS193208211,jolls101,BOS,1,7,value,27,4,0,0,0,0,,,,,1,19320821,1,BOS07,h,DET,1,0,0,regular,y,d,
BOS193208212,jolls101,BOS,1,7,value,27,1,0,0,0,0,,,,,1,19320821,2,BOS07,h,DET,0,1,0,regular,y,d,
BOS193208220,jolls101,BOS,1,7,value,27,3,0,0,0,0,,,,,1,19320822,0,BOS07,h,DET,1,0,0,regular,y,y,
BOS193208230,jolls101,BOS,1,7,value,27,1,0,0,0,0,,,,,1,19320823,0,BOS07,h,DET,0,1,0,regular,y,y,
BOS193208240,jolls101,BOS,1,7,value,27,1,1,0,0,0,,,,,1,19320824,0,BOS07,h,CHA,0,1,0,regular,y,y,
BOS193208250,jolls101,BOS,1,7,value,27,1,0,0,0,0,,,,,1,19320825,0,BOS07,h,CHA,1,0,0,regular,y,y,
BOS193208260,jolls101,BOS,1,7,value,27,2,1,0,0,0,,,,,1,19320826,0,BOS07,h,CHA,1,0,0,regular,y,y,
BOS193208270,jolls101,BOS,1,7,value,27,1,0,0,0,0,,,,,1,19320827,0,BOS07,h,CHA,1,0,0,regular,y,y,
BOS193208281,jolls101,BOS,1,7,value,27,2,0,0,0,0,,,,,1,19320828,1,BOS07,h,CLE,0,1,0,regular,y,y,
BOS193208282,jolls101,BOS,1,7,value,33,2,0,0,0,0,,,,,1,19320828,2,BOS07,h,CLE,1,0,0,regular,y,y,
BOS193208290,jolls101,BOS,1,7,value,27,3,0,0,0,0,,,,,1,19320829,0,BOS07,h,CLE,0,1,0,regular,y,y,
BOS193208300,jolls101,BOS,1,7,value,27,4,0,0,0,0,,,,,1,19320830,0,BOS07,h,CLE,1,0,0,regular,y,y,
PHA193209021,jolls101,BOS,1,7,value,24,2,0,0,0,0,,,,,1,19320902,1,PHI11,v,PHA,0,1,0,regular,y,y,
PHA193209022,jolls101,BOS,1,7,value,24,3,0,0,0,0,,,,,1,19320902,2,PHI11,v,PHA,0,1,0,regular,y,y,
PHA193209030,jolls101,BOS,1,7,value,24,1,0,0,0,0,,,,,1,19320903,0,PHI11,v,PHA,0,1,0,regular,y,y,
WS1193209051,jolls101,BOS,1,7,value,24,5,0,0,0,0,,,,,1,19320905,1,WAS09,v,WS1,0,1,0,regular,y,d,
WS1193209052,jolls101,BOS,1,7,value,24,1,1,0,0,0,,,,,1,19320905,2,WAS09,v,WS1,0,1,0,regular,y,d,
CHA193209080,jolls101,BOS,1,7,value,28,2,0,1,0,0,,,,,1,19320908,0,CHI10,v,CHA,0,1,0,regular,y,y,
CHA193209090,jolls101,BOS,1,7,value,30,3,0,0,0,0,,,,,1,19320909,0,CHI10,v,CHA,1,0,0,regular,y,y,
CHA193209100,jolls101,BOS,1,7,value,21,3,0,0,0,0,,,,,1,19320910,0,CHI10,v,CHA,1,0,0,regular,y,y,
SLA193209111,jolls101,BOS,1,7,value,24,0,0,0,0,0,,,,,1,19320911,1,STL07,v,SLA,0,1,0,regular,y,d,
SLA193209112,jolls101,BOS,1,7,value,24,1,0,0,0,0,,,,,1,19320911,2,STL07,v,SLA,1,0,0,regular,y,d,
SLA193209130,jolls101,BOS,1,7,value,18,3,0,0,0,0,,,,,1,19320913,0,STL07,v,SLA,0,1,0,regular,y,y,
CLE193209140,jolls101,BOS,1,7,value,24,2,1,0,0,0,,,,,1,19320914,0,CLE07,v,CLE,0,1,0,regular,y,y,
DET193209190,jolls101,BOS,1,2,value,27,1,0,0,0,0,0,0,0,0,1,19320919,0,DET04,v,DET,1,0,0,regular,y,y,
BOS193209200,jolls101,BOS,1,2,value,27,4,0,0,0,0,1,0,4,0,1,19320920,0,BOS07,h,WS1,0,1,0,regular,y,y,
BOS193209211,jolls101,BOS,1,2,value,30,8,0,0,0,0,0,0,1,0,1,19320921,1,BOS07,h,WS1,0,1,0,regular,y,y,
BOS193209220,jolls101,BOS,1,2,value,27,1,0,0,0,0,0,0,1,0,1,19320922,0,BOS07,h,WS1,0,1,0,regular,y,y,
BOS193209230,jolls101,BOS,1,2,value,27,4,2,0,0,0,0,1,0,0,1,19320923,0,BOS07,h,NYA,0,1,0,regular,y,y,
BOS193209250,jolls101,BOS,1,2,value,21,3,0,0,0,0,0,1,0,0,1,19320925,0,BOS07,h,NYA,1,0,0,regular,y,y,
NYA193304130,jolls101,BOS,1,9,value,21,0,0,0,0,0,,,,,1,19330413,0,NYC16,v,NYA,0,1,0,regular,y,y,
NYA193304140,jolls101,BOS,1,9,value,24,3,0,0,0,0,,,,,1,19330414,0,NYC16,v,NYA,0,1,0,regular,y,y,
BOS193304210,jolls101,BOS,1,7,value,27,1,0,0,0,0,,,,,1,19330421,0,BOS07,h,NYA,0,1,0,regular,y,y,
BOS193304220,jolls101,BOS,1,7,value,27,2,0,0,0,0,,,,,1,19330422,0,BOS07,h,NYA,0,1,0,regular,y,y,
BOS193304240,jolls101,BOS,1,7,value,18,1,0,0,0,0,,,,,1,19330424,0,BOS07,h,PHA,0,1,0,regular,y,y,
NYA193304302,jolls101,BOS,1,9,value,24,3,0,0,0,0,,,,,1,19330430,2,NYC16,v,NYA,0,1,0,regular,y,y,
SLA193305020,jolls101,BOS,1,9,value,28,1,0,0,0,0,,,,,1,19330502,0,STL07,v,SLA,0,1,0,regular,y,y,
SLA193305030,jolls101,BOS,1,9,value,21,4,0,1,0,0,,,,,1,19330503,0,STL07,v,SLA,1,0,0,regular,y,y,
CHA193305071,jolls101,BOS,1,7,value,24,1,0,0,0,0,,,,,1,19330507,1,CHI10,v,CHA,0,1,0,regular,y,y,
CHA193305072,jolls101,BOS,1,7,value,24,1,0,0,0,0,,,,,1,19330507,2,CHI10,v,CHA,1,0,0,regular,y,y,
CLE193305100,jolls101,BOS,1,7,value,24,1,0,0,0,0,,,,,1,19330510,0,CLE07,v,CLE,0,1,0,regular,y,y,
CLE193305110,jolls101,BOS,1,7,value,24,4,0,0,0,0,,,,,1,19330511,0,CLE07,v,CLE,0,1,0,regular,y,y,
DET193305141,jolls101,BOS,1,7,value,24,2,0,0,0,0,,,,,1,19330514,1,DET04,v,DET,1,0,0,regular,y,y,
DET193305142,jolls101,BOS,1,7,value,24,1,0,1,0,0,,,,,1,19330514,2,DET04,v,DET,0,1,0,regular,y,y,
BOS193305160,jolls101,BOS,1,7,value,22,0,0,0,0,0,,,,,1,19330516,0,BOS07,h,SLA,0,1,0,regular,y,y,
WS1193306010,jolls101,BOS,1,9,value,27,5,0,0,0,0,,,,,1,19330601,0,WAS09,v,WS1,1,0,0,regular,y,y,
WS1193306020,jolls101,BOS,1,9,value,24,1,0,0,0,0,,,,,1,19330602,0,WAS09,v,WS1,0,1,0,regular,y,d,
WS1193306030,jolls101,BOS,1,9,value,24,3,0,1,0,0,,,,,1,19330603,0,WAS09,v,WS1,0,1,0,regular,y,y,
NYA193306061,jolls101,BOS,1,9,value,24,4,0,0,0,0,,,,,1,19330606,1,NYC16,v,NYA,0,1,0,regular,y,y,
NYA193306062,jolls101,BOS,1,9,value,24,3,0,0,0,0,,,,,1,19330606,2,NYC16,v,NYA,0,1,0,regular,y,y,
BOS193306081,jolls101,BOS,1,7,value,27,0,0,0,0,0,,,,,1,19330608,1,BOS07,h,WS1,1,0,0,regular,y,y,
BOS193306082,jolls101,BOS,1,7,value,27,2,1,0,1,0,,,,,1,19330608,2,BOS07,h,WS1,0,1,0,regular,y,d,
BOS193306111,jolls101,BOS,1,7,value,24,1,0,1,0,0,,,,,1,19330611,1,BOS07,h,NYA,0,1,0,regular,y,y,
BOS193306112,jolls101,BOS,1,7,value,18,1,0,0,0,0,,,,,1,19330611,2,BOS07,h,NYA,1,0,0,regular,y,y,
BOS193306130,jolls101,BOS,1,7,value,24,0,0,0,0,0,,,,,1,19330613,0,BOS07,h,NYA,1,0,0,regular,y,y,
BOS193306140,jolls101,BOS,1,7,value,21,3,0,1,0,0,,,,,1,19330614,0,BOS07,h,NYA,1,0,0,regular,y,y,
BOS193306150,jolls101,BOS,1,7,value,21,2,0,0,0,0,,,,,1,19330615,0,BOS07,h,NYA,1,0,0,regular,y,y,
BOS193306171,jolls101,BOS,1,7,value,27,3,0,0,0,0,,,,,1,19330617,1,BOS07,h,PHA,0,1,0,regular,y,y,
BOS193306172,jolls101,BOS,1,7,value,21,0,0,0,0,0,,,,,1,19330617,2,BOS07,h,PHA,1,0,0,regular,y,y,
CLE193306181,jolls101,BOS,1,7,value,24,1,0,0,0,0,,,,,1,19330618,1,CLE07,v,CLE,0,1,0,regular,y,y,
CLE193306182,jolls101,BOS,1,7,value,24,2,2,0,0,0,,,,,1,19330618,2,CLE07,v,CLE,0,1,0,regular,y,y,
CLE193306190,jolls101,BOS,1,7,value,21,2,0,0,0,0,,,,,1,19330619,0,CLE07,v,CLE,1,0,0,regular,y,y,
CLE193306200,jolls101,BOS,1,7,value,24,2,1,0,0,0,,,,,1,19330620,0,CLE07,v,CLE,1,0,0,regular,y,y,
DET193306211,jolls101,BOS,1,7,value,24,4,0,0,0,0,,,,,1,19330621,1,DET04,v,DET,1,0,0,regular,y,y,
DET193306212,jolls101,BOS,1,7,value,24,4,0,0,0,0,,,,,1,19330621,2,DET04,v,DET,0,1,0,regular,y,y,
DET193306220,jolls101,BOS,1,7,value,24,1,0,0,0,0,,,,,1,19330622,0,DET04,v,DET,1,0,0,regular,y,y,
DET193306230,jolls101,BOS,1,7,value,24,1,0,1,0,0,,,,,1,19330623,0,DET04,v,DET,1,0,0,regular,y,y,
DET193306230,jolls101,BOS,1,7,official,,,,0,0,,,,,,1,19330623,0,DET04,v,DET,1,0,0,regular,y,y,
DET193306240,jolls101,BOS,1,7,value,24,1,0,0,0,0,,,,,1,19330624,0,DET04,v,DET,0,1,0,regular,y,y,
SLA193306251,jolls101,BOS,1,7,value,21,0,0,0,0,0,,,,,1,19330625,1,STL07,v,SLA,0,1,0,regular,y,y,
SLA193306252,jolls101,BOS,1,7,value,24,4,0,0,0,0,,,,,1,19330625,2,STL07,v,SLA,0,1,0,regular,y,d,
SLA193306260,jolls101,BOS,1,7,value,21,0,0,0,0,0,,,,,1,19330626,0,STL07,v,SLA,1,0,0,regular,y,y,
SLA193306270,jolls101,BOS,1,7,value,21,0,0,0,0,0,,,,,1,19330627,0,STL07,v,SLA,1,0,0,regular,y,y,
CHA193306300,jolls101,BOS,1,7,value,24,2,0,0,0,0,,,,,1,19330630,0,CHI10,v,CHA,1,0,0,regular,y,y,
CHA193307010,jolls101,BOS,1,7,value,21,1,0,0,0,0,,,,,1,19330701,0,CHI10,v,CHA,1,0,0,regular,y,y,
PHA193307042,jolls101,BOS,1,7,value,21,1,0,0,0,0,,,,,1,19330704,2,PHI11,v,PHA,1,0,0,regular,y,y,
PHA193307050,jolls101,BOS,1,7,value,24,0,0,0,0,0,,,,,1,19330705,0,PHI11,v,PHA,0,1,0,regular,y,y,
BOS193307080,jolls101,BOS,1,7,value,27,0,0,0,0,0,,,,,1,19330708,0,BOS07,h,SLA,0,1,0,regular,y,y,
BOS193307091,jolls101,BOS,1,7,value,24,1,0,0,0,0,,,,,1,19330709,1,BOS07,h,SLA,1,0,0,regular,y,d,
BOS193307092,jolls101,BOS,1,7,value,27,1,0,0,0,0,,,,,1,19330709,2,BOS07,h,SLA,0,1,0,regular,y,d,
BOS193307100,jolls101,BOS,1,7,value,27,2,0,0,0,0,,,,,1,19330710,0,BOS07,h,SLA,0,1,0,regular,y,y,
BOS193307110,jolls101,BOS,1,7,value,24,4,1,0,1,0,,,,,1,19330711,0,BOS07,h,DET,1,0,0,regular,y,y,
BOS193307120,jolls101,BOS,1,7,value,33,0,0,0,0,0,,,,,1,19330712,0,BOS07,h,DET,1,0,0,regular,y,d,
BOS193307130,jolls101,BOS,1,7,value,24,2,0,0,0,0,,,,,1,19330713,0,BOS07,h,DET,0,1,0,regular,y,y,
BOS193307140,jolls101,BOS,1,7,value,24,2,0,1,0,0,,,,,0,19330714,0,BOS07,h,DET,0,1,0,regular,y,y,
BOS193307150,jolls101,BOS,1,7,value,21,0,0,0,0,0,,,,,1,19330715,0,BOS07,h,CLE,1,0,0,regular,y,y,
BOS193307160,jolls101,BOS,1,7,value,30,1,0,0,0,0,,,,,1,19330716,0,BOS07,h,CLE,0,1,0,regular,y,y,
BOS193307180,jolls101,BOS,1,7,value,27,2,0,0,0,0,,,,,1,19330718,0,BOS07,h,CLE,0,1,0,regular,y,y,
BOS193307190,jolls101,BOS,1,7,value,27,4,1,0,0,0,,,,,1,19330719,0,BOS07,h,CLE,0,1,0,regular,y,y,
BOS193307200,jolls101,BOS,1,7,value,27,2,0,0,0,0,,,,,1,19330720,0,BOS07,h,CHA,1,0,0,regular,y,y,
BOS193307210,jolls101,BOS,1,7,value,27,1,0,0,0,0,,,,,1,19330721,0,BOS07,h,CHA,1,0,0,regular,y,y,
BOS193307220,jolls101,BOS,1,7,value,24,1,0,0,0,0,,,,,1,19330722,0,BOS07,h,CHA,1,0,0,regular,y,y,
BOS193307231,jolls101,BOS,1,7,value,21,4,0,0,0,0,,,,,1,19330723,1,BOS07,h,CHA,1,0,0,regular,y,y,
BOS193307232,jolls101,BOS,1,7,value,27,2,0,0,0,0,,,,,1,19330723,2,BOS07,h,CHA,1,0,0,regular,y,y,
BOS193307261,jolls101,BOS,1,7,value,22,1,0,0,0,0,,,,,1,19330726,1,BOS07,h,NYA,0,1,0,regular,y,y,
BOS193307262,jolls101,BOS,1,7,value,21,0,0,0,0,0,,,,,1,19330726,2,BOS07,h,NYA,1,0,0,regular,y,y,
BOS193307270,jolls101,BOS,1,7,value,27,2,0,0,0,0,,,,,1,19330727,0,BOS07,h,PHA,1,0,0,regular,y,y,
BOS193307290,jolls101,BOS,1,7,value,27,4,0,0,0,0,,,,,1,19330729,0,BOS07,h,PHA,1,0,0,regular,y,y,
BOS193307300,jolls101,BOS,1,7,value,21,2,0,0,0,0,,,,,1,19330730,0,BOS07,h,PHA,1,0,0,regular,y,y,
WS1193308020,jolls101,BOS,1,9,value,25,1,1,0,0,0,,,,,1,19330802,0,WAS09,v,WS1,0,1,0,regular,y,y,
WS1193308030,jolls101,BOS,1,9,value,24,2,0,0,0,0,,,,,1,19330803,0,WAS09,v,WS1,0,1,0,regular,y,y,
WS1193308050,jolls101,BOS,1,9,value,24,1,0,0,0,0,,,,,1,19330805,0,WAS09,v,WS1,0,1,0,regular,y,y,
NYA193308060,jolls101,BOS,1,9,value,24,2,0,1,0,0,,,,,1,19330806,0,NYC16,v,NYA,0,1,0,regular,y,y,
DET193308150,jolls101,BOS,1,7,value,24,3,0,0,0,0,,,,,1,19330815,0,DET04,v,DET,1,0,0,regular,y,y,
DET193308160,jolls101,BOS,1,7,value,24,3,0,0,0,0,,,,,1,19330816,0,DET04,v,DET,0,1,0,regular,y,y,
DET193308170,jolls101,BOS,1,7,value,27,4,0,0,0,0,,,,,1,19330817,0,DET04,v,DET,1,0,0,regular,y,y,
CLE193308180,jolls101,BOS,1,7,value,24,4,1,0,1,0,,,,,1,19330818,0,CLE07,v,CLE,0,1,0,regular,y,y,
CLE193308190,jolls101,BOS,1,7,value,21,0,1,0,0,0,,,,,1,19330819,0,CLE07,v,CLE,0,1,0,regular,y,y,
CLE193308201,jolls101,BOS,1,7,value,24,2,0,0,0,0,,,,,1,19330820,1,CLE07,v,CLE,0,1,0,regular,y,y,
CLE193308202,jolls101,BOS,1,7,value,24,0,1,0,0,0,,,,,1,19330820,2,CLE07,v,CLE,0,1,0,regular,y,y,
CLE193308210,jolls101,BOS,1,7,value,24,0,0,1,0,0,,,,,1,19330821,0,CLE07,v,CLE,0,1,0,regular,y,y,
CHA193308221,jolls101,BOS,1,7,value,24,1,0,0,0,0,,,,,1,19330822,1,CHI10,v,CHA,0,1,0,regular,y,y,
CHA193308222,jolls101,BOS,1,7,value,24,0,0,0,0,0,,,,,1,19330822,2,CHI10,v,CHA,0,1,0,regular,y,y,
CHA193308231,jolls101,BOS,1,7,value,24,1,1,0,0,0,,,,,1,19330823,1,CHI10,v,CHA,0,1,0,regular,y,y,
CHA193308232,jolls101,BOS,1,7,value,24,0,0,0,0,0,,,,,1,19330823,2,CHI10,v,CHA,0,1,0,regular,y,y,
CHA193308241,jolls101,BOS,1,7,value,20,1,0,0,0,0,,,,,1,19330824,1,CHI10,v,CHA,1,0,0,regular,y,y,
SLA193308260,jolls101,BOS,1,7,value,27,1,0,0,0,0,,,,,1,19330826,0,STL07,v,SLA,1,0,0,regular,y,y,
SLA193308271,jolls101,BOS,1,7,value,24,1,0,0,0,0,,,,,1,19330827,1,STL07,v,SLA,1,0,0,regular,y,d,
SLA193308272,jolls101,BOS,1,7,value,24,2,0,0,0,0,,,,,1,19330827,2,STL07,v,SLA,0,1,0,regular,y,y,
SLA193308291,jolls101,BOS,1,7,value,24,0,0,0,0,0,,,,,1,19330829,1,STL07,v,SLA,0,1,0,regular,y,y,
SLA193308292,jolls101,BOS,1,7,value,27,1,0,0,0,0,,,,,1,19330829,2,STL07,v,SLA,1,0,0,regular,y,y,
NYA193308310,jolls101,BOS,1,9,value,27,0,0,0,0,0,,,,,1,19330831,0,NYC16,v,NYA,1,0,0,regular,y,y,
NYA193309010,jolls101,BOS,1,9,value,33,2,0,0,0,0,,,,,1,19330901,0,NYC16,v,NYA,1,0,0,regular,y,y,
NYA193309020,jolls101,BOS,1,9,value,24,4,0,0,0,0,,,,,1,19330902,0,NYC16,v,NYA,0,1,0,regular,y,y,
WS1193309030,jolls101,BOS,1,9,value,26,1,0,0,0,0,,,,,1,19330903,0,WAS09,v,WS1,0,1,0,regular,y,y,
BOS193309051,jolls101,BOS,1,7,value,30,4,0,0,0,0,,,,,1,19330905,1,BOS07,h,WS1,0,1,0,regular,y,y,
BOS193309052,jolls101,BOS,1,7,value,27,6,0,0,0,0,,,,,1,19330905,2,BOS07,h,WS1,0,1,0,regular,y,d,
BOS193309060,jolls101,BOS,1,7,value,27,0,0,1,0,0,,,,,1,19330906,0,BOS07,h,DET,0,1,0,regular,y,y,
BOS193309130,jolls101,BOS,1,7,value,27,0,0,0,0,0,,,,,1,19330913,0,BOS07,h,SLA,1,0,0,regular,y,y,
BOS193309180,jolls101,BOS,1,7,value,27,4,1,0,0,0,,,,,1,19330918,0,BOS07,h,CLE,0,1,0,regular,y,y,
BOS193309190,jolls101,BOS,1,7,value,24,1,0,0,0,0,,,,,1,19330919,0,BOS07,h,CLE,1,0,0,regular,y,y,
BOS193309230,jolls101,BOS,1,7,value,12,3,0,0,0,0,,,,,1,19330923,0,BOS07,h,NYA,0,1,0,regular,y,y,
NYA193310010,jolls101,BOS,1,9,value,24,1,0,0,0,0,,,,,1,19331001,0,NYC16,v,NYA,0,1,0,regular,y,y,
PRG193310151,jolls101,PIR,1,1,value,16,0,2,0,0,0,,,,,1,19331015,1,LOS05,v,PRG,0,1,0,exhibition,y,,
PRG193310151,jolls101,PIR,2,9,value,8,0,0,0,0,0,,,,,1,19331015,1,LOS05,v,PRG,0,1,0,exhibition,y,,
PRG193310152,jolls101,PIR,1,9,value,,0,0,0,0,0,,,,,1,19331015,2,LOS05,v,PRG,1,0,0,exhibition,y,,
