gid,id,team,d_seq,d_pos,stattype,d_ifouts,d_po,d_a,d_e,d_dp,d_tp,d_pb,d_wp,d_sb,d_cs,d_gs,date,number,site,vishome,opp,win,loss,tie,gametype,box,pbp
WEG193707240,benjj101,HOM,1,8,value,27,0,0,0,0,0,,,,,1,19370724,0,CUM01,v,WEG,1,0,0,exhibition,y,d
WEG193707240,perej103,HOM,1,5,value,27,0,0,2,0,0,,,,,1,19370724,0,CUM01,v,WEG,1,0,0,exhibition,y,d
WEG193707240,harrv102,HOM,1,7,value,27,2,0,1,0,0,,,,,1,19370724,0,CUM01,v,WEG,1,0,0,exhibition,y,d
WEG193707240,gibsj101,HOM,1,2,value,27,4,0,0,0,0,0,1,0,0,1,19370724,0,CUM01,v,WEG,1,0,0,exhibition,y,d
WEG193707240,leonb101,HOM,1,3,value,27,12,0,0,2,0,,,,,1,19370724,0,CUM01,v,WEG,1,0,0,exhibition,y,d
WEG193707240,willj110,HOM,1,9,value,27,2,0,0,0,0,,,,,1,19370724,0,CUM01,v,WEG,1,0,0,exhibition,y,d
WEG193707240,carlm101,HOM,1,4,value,27,4,5,2,1,0,,,,,1,19370724,0,CUM01,v,WEG,1,0,0,exhibition,y,d
WEG193707240,jackj104,HOM,1,6,value,27,3,3,1,2,0,,,,,1,19370724,0,CUM01,v,WEG,1,0,0,exhibition,y,d
WEG193707240,walke103,HOM,1,1,value,27,0,4,0,1,0,,,,,1,19370724,0,CUM01,v,WEG,1,0,0,exhibition,y,d
WEG193707240,kimbh102,WEG,1,7,value,27,0,0,0,0,0,,,,,1,19370724,0,CUM01,h,HOM,0,1,0,exhibition,y,d
WEG193707240,hughs101,WEG,1,4,value,27,3,3,0,2,0,,,,,1,19370724,0,CUM01,h,HOM,0,1,0,exhibition,y,d
WEG193707240,wrigb104,WEG,1,8,value,27,1,0,0,0,0,,,,,1,19370724,0,CUM01,h,HOM,0,1,0,exhibition,y,d
WEG193707240,westj102,WEG,1,3,value,27,10,0,0,2,0,,,,,1,19370724,0,CUM01,h,HOM,0,1,0,exhibition,y,d
WEG193707240,snowf101,WEG,1,5,value,27,1,5,0,0,0,,,,,1,19370724,0,CUM01,h,HOM,0,1,0,exhibition,y,d
WEG193707240,mornl101,WEG,1,9,value,27,1,0,0,0,0,,,,,1,19370724,0,CUM01,h,HOM,0,1,0,exhibition,y,d
WEG193707240,walkh103,WEG,1,6,value,27,7,6,1,2,0,,,,,1,19370724,0,CUM01,h,HOM,0,1,0,exhibition,y,d
WEG193707240,willn103,WEG,1,2,value,6,0,0,0,0,0,0,2,0,0,1,19370724,0,CUM01,h,HOM,0,1,0,exhibition,y,d
WEG193707240,campr102,WEG,1,2,value,21,4,1,0,0,0,0,1,0,1,0,19370724,0,CUM01,h,HOM,0,1,0,exhibition,y,d
WEG193707240,direj101,WEG,1,1,value,27,0,2,0,0,0,,,,,1,19370724,0,CUM01,h,HOM,0,1,0,exhibition,y,d
HOM193805150,campd103,NY5,1,4,value,24,0,0,1,0,0,,,,,1,19380515,0,CUM01,v,HOM,0,1,0,regular,y,d
HOM193805150,barkm101,NY5,1,8,value,24,0,0,0,0,0,,,,,1,19380515,0,CUM01,v,HOM,0,1,0,regular,y,d
HOM193805150,jenkf102,NY5,1,7,value,24,0,0,0,0,0,,,,,1,19380515,0,CUM01,v,HOM,0,1,0,regular,y,d
HOM193805150,palmc101,NY5,1,2,value,24,0,0,0,0,0,0,0,1,0,1,19380515,0,CUM01,v,HOM,0,1,0,regular,y,d
HOM193805150,starj102,NY5,1,3,value,24,0,0,0,0,0,,,,,1,19380515,0,CUM01,v,HOM,0,1,0,regular,y,d
HOM193805150,cannw101,NY5,1,5,value,24,0,0,0,0,0,,,,,1,19380515,0,CUM01,v,HOM,0,1,0,regular,y,d
HOM193805150,mornl101,NY5,1,6,value,24,0,0,0,0,0,,,,,1,19380515,0,CUM01,v,HOM,0,1,0,regular,y,d
HOM193805150,brooa101,NY5,1,9,value,24,0,0,0,0,0,,,,,1,19380515,0,CUM01,v,HOM,0,1,0,regular,y,d
HOM193805150,browb107,NY5,1,1,value,24,0,0,0,0,0,,,,,1,19380515,0,CUM01,v,HOM,0,1,0,regular,y,d
HOM193805150,benjj101,HOM,1,8,value,27,0,0,0,0,0,,,,,1,19380515,0,CUM01,h,NY5,1,0,0,regular,y,d
HOM193805150,carlm101,HOM,1,4,value,27,0,0,0,0,0,,,,,1,19380515,0,CUM01,h,NY5,1,0,0,regular,y,d
HOM193805150,harrv102,HOM,1,7,value,27,0,0,0,0,0,,,,,1,19380515,0,CUM01,h,NY5,1,0,0,regular,y,d
HOM193805150,gibsj101,HOM,1,2,value,27,0,0,0,0,0,0,0,0,0,1,19380515,0,CUM01,h,NY5,1,0,0,regular,y,d
HOM193805150,leonb101,HOM,1,3,value,27,0,0,0,0,0,,,,,1,19380515,0,CUM01,h,NY5,1,0,0,regular,y,d
HOM193805150,willj110,HOM,1,9,value,27,0,0,0,0,0,,,,,1,19380515,0,CUM01,h,NY5,1,0,0,regular,y,d
HOM193805150,duket102,HOM,1,5,value,27,0,0,0,0,0,,,,,1,19380515,0,CUM01,h,NY5,1,0,0,regular,y,d
HOM193805150,jackj104,HOM,1,6,value,27,0,0,0,0,0,,,,,1,19380515,0,CUM01,h,NY5,1,0,0,regular,y,d
HOM193805150,browr103,HOM,1,1,value,27,0,0,0,0,0,,,,,1,19380515,0,CUM01,h,NY5,1,0,0,regular,y,d
PTC193806051,browb107,NY5,1,1,value,24,,,,,,,,,,1,19380605,1,CUM01,v,PTC,0,1,0,regular,,
PTC193806051,palmc101,NY5,1,2,value,24,,,,,,,,,,1,19380605,1,CUM01,v,PTC,0,1,0,regular,,
PTC193806051,taylj108,PTC,1,1,value,27,,,,,,,,,,1,19380605,1,CUM01,h,NY5,1,0,0,regular,,
PTC193806051,ruffl101,PTC,1,2,value,27,,,,,,,,,,1,19380605,1,CUM01,h,NY5,1,0,0,regular,,
PTC193806051,willc106,PTC,,6,value,,,9,,,,,,,,,19380605,1,CUM01,h,NY5,1,0,0,regular,,
PTC193806051,banks101,PTC,,8,value,,,,,,,,,,,,19380605,1,CUM01,h,NY5,1,0,0,regular,,
PTC193806051,hairn101,PTC,,7,value,,1,,,,,,,,,,19380605,1,CUM01,h,NY5,1,0,0,regular,,
PTC193806052,hollb106,NY5,1,1,value,18,,,,,,,,,,1,19380605,2,CUM01,v,PTC,0,1,0,regular,,
PTC193806052,clarb107,NY5,1,2,value,18,,,,,,,,,,1,19380605,2,CUM01,v,PTC,0,1,0,regular,,
PTC193806052,barkm101,NY5,,8,value,,,,,,,,,,,,19380605,2,CUM01,v,PTC,0,1,0,regular,,
PTC193806052,harvb101,PTC,1,1,value,21,,,,,,,,,,1,19380605,2,CUM01,h,NY5,1,0,0,regular,,
PTC193806052,bassp101,PTC,1,2,value,21,,,,,,,,,,1,19380605,2,CUM01,h,NY5,1,0,0,regular,,
