gid,id,team,b_lp,b_seq,stattype,b_pa,b_ab,b_r,b_h,b_d,b_t,b_hr,b_rbi,b_sh,b_sf,b_hbp,b_w,b_iw,b_k,b_sb,b_cs,b_gdp,b_xi,b_roe,dh,ph,pr,date,number,site,vishome,opp,win,loss,tie,gametype,box,pbp,eject
HAE192409031,dixor101,HAE,4,1,value,4,3,0,0,0,0,0,0,0,,0,1,,,0,,,0,,,,,19240903,1,HRB01,h,HIL,0,1,0,regular,y,,
PRG192510240,dixor101,PRG,5,1,value,4,4,0,2,0,0,0,0,0,0,0,0,0,1,0,0,0,0,0,,,,19251024,0,LOS05,h,PIR,0,1,0,exhibition,y,y,
PRG192510250,dixor101,PRG,5,1,value,4,4,2,2,1,0,1,2,0,0,0,0,0,1,0,0,0,0,0,,,,19251025,0,LOS05,h,PIR,1,0,0,exhibition,y,y,
PRG192510310,dixor101,PRG,5,1,value,5,3,0,3,1,0,0,3,0,0,0,2,0,,1,0,0,0,0,,,,19251031,0,LOS05,h,PIR,0,1,0,exhibition,y,d,
PRG192511010,dixor101,PRG,5,1,value,5,4,0,1,0,0,0,0,0,0,1,0,0,0,0,0,0,0,0,,,,19251101,0,LOS05,h,PIR,0,0,1,exhibition,y,y,
PRG192511070,dixor101,PRG,5,1,value,5,5,0,1,0,0,0,0,0,0,0,0,0,0,1,0,0,0,0,,,,19251107,0,LOS05,h,WHK,0,1,0,exhibition,y,y,
PRG192511080,dixor101,PRG,5,1,value,4,3,1,2,0,0,0,0,0,0,1,0,0,1,0,0,0,0,0,,,,19251108,0,LOS05,h,WHK,1,0,0,exhibition,y,y,
PRG192511140,dixor101,PRG,5,1,value,4,4,1,1,1,0,0,1,0,0,0,0,0,,0,0,0,0,0,,,,19251114,0,LOS05,h,PIR,1,0,0,exhibition,y,d,
PRG192511150,dixor101,PRG,5,1,value,4,4,0,0,0,0,0,0,0,0,0,0,0,1,0,0,0,0,0,,,,19251115,0,LOS05,h,PIR,1,0,0,exhibition,y,y,
PRG192511260,dixor101,PRG,5,1,value,5,5,1,2,0,0,1,1,0,0,0,0,0,1,0,0,0,0,0,,,,19251126,0,LOS05,h,WHK,0,1,0,exhibition,y,y,
PRG192511280,dixor101,PRG,6,1,value,4,3,0,0,0,0,0,0,0,0,0,1,0,1,0,1,0,0,0,,,,19251128,0,LOS05,h,PIR,1,0,0,exhibition,y,d,
PRG192511290,dixor101,PRG,7,1,value,4,4,0,0,0,0,0,0,0,0,0,0,0,0,0,0,1,0,0,,,,19251129,0,LOS05,h,PIR,0,1,0,exhibition,y,y,
PRG192512050,dixor101,PRG,6,1,value,4,4,0,0,0,0,0,0,0,0,0,0,0,1,0,0,0,0,0,,,,19251205,0,LOS05,h,WHK,0,1,0,exhibition,y,d,
PRG192512060,dixor101,PRG,7,1,value,4,4,1,1,1,0,0,1,0,0,0,0,0,1,0,0,0,0,1,,,,19251206,0,LOS05,h,WHK,1,0,0,exhibition,y,y,
PRG192512120,dixor101,PRG,6,1,value,4,3,1,2,0,0,0,0,0,0,1,0,0,,0,0,0,0,0,,,,19251212,0,LOS05,h,PIR,1,0,0,exhibition,y,d,
PRG192512130,dixor101,PRG,6,1,value,4,4,0,1,0,0,0,2,0,0,0,0,0,0,0,0,0,0,0,,,,19251213,0,LOS05,h,PIR,1,0,0,exhibition,y,y,
PRG192512200,dixor101,PRG,7,1,value,4,4,0,1,0,0,0,1,0,0,0,0,0,0,1,0,0,0,0,,,,19251220,0,LOS05,h,WHK,1,0,0,exhibition,y,y,
PRG192512250,dixor101,PRG,7,1,value,5,4,0,0,0,0,0,0,1,0,0,0,0,,0,0,0,0,1,,,,19251225,0,LOS05,h,PIR,0,0,1,exhibition,y,d,
PRG192512260,dixor101,PRG,7,1,value,3,3,0,1,0,0,0,1,0,0,0,0,0,,0,0,0,0,0,,,,19251226,0,LOS05,h,PIR,1,0,0,exhibition,y,d,
PRG192512270,dixor101,PRG,7,1,value,4,3,0,0,0,0,0,1,0,0,1,0,0,,0,0,0,0,0,,,,19251227,0,LOS05,h,PIR,1,0,0,exhibition,y,d,
PRG192601010,dixor101,PRG,7,1,value,4,3,0,0,0,0,0,0,0,0,0,1,0,2,1,1,1,0,0,,,,19260101,0,LOS05,h,WHK,1,0,0,exhibition,y,y,
PRG192601020,dixor101,PRG,7,1,value,4,4,0,1,0,0,0,0,0,0,0,0,0,0,0,0,0,0,0,,,,19260102,0,LOS05,h,WHK,0,1,0,exhibition,y,y,
PRG192601030,dixor101,PRG,7,1,value,4,4,0,1,0,0,0,0,0,0,0,0,0,0,1,0,0,0,0,,,,19260103,0,LOS05,h,WHK,0,1,0,exhibition,y,y,
PRG192601160,dixor101,PRG,6,1,value,4,4,0,1,0,0,0,0,0,0,0,0,0,0,1,1,0,0,0,,,,19260116,0,LOS05,h,PIR,1,0,0,exhibition,y,d,
PRG192601170,dixor101,PRG,8,1,value,6,6,2,2,1,0,0,0,0,0,0,0,0,0,0,0,0,0,1,,,,19260117,0,LOS05,h,PIR,1,0,0,exhibition,y,y,
PRG192610240,dixor101,PRG,5,1,value,4,4,0,0,0,0,0,,0,,0,0,,,0,,,,,,,,19261024,0,LOS05,h,PIR,1,0,0,exhibition,y,,
PRG192611130,dixor101,PRG,5,1,value,3,3,0,1,0,0,0,,0,,0,0,,,0,,,,,,,,19261113,0,LOS05,h,PIR,1,0,0,exhibition,y,,
PRG192611140,dixor101,PRG,5,1,value,5,5,2,3,0,0,0,,0,,0,0,,,0,,,,,,,,19261114,0,LOS05,h,PIR,1,0,0,exhibition,y,,
PRG192612051,dixor101,PRG,4,1,value,4,4,0,2,0,0,0,,0,,0,0,,,1,,,,,,,,19261205,1,LOS05,h,PIR,1,0,0,exhibition,y,,
PRG192612052,dixor101,PRG,4,1,value,3,2,0,1,1,0,0,,0,,0,1,,,0,,,,,,,,19261205,2,LOS05,h,PIR,0,1,0,exhibition,y,,
PRG192612190,dixor101,PRG,4,1,value,5,4,0,1,0,0,0,,0,,0,1,,,0,,,,,,,,19261219,0,LOS05,h,PIR,1,0,0,exhibition,y,,
PRG192612250,dixor101,PRG,4,1,value,6,6,1,2,2,0,0,,0,,0,0,,,0,,,,,,,,19261225,0,LOS05,h,PIR,0,0,1,exhibition,y,,
PRG192612260,dixor101,PRG,4,1,value,4,3,0,1,0,0,0,1,0,,0,1,,,0,,,,,,,,19261226,0,LOS05,h,PIR,1,0,0,exhibition,y,,
HIL192710160,dixor101,HIL,3,1,value,4,3,1,2,0,0,1,,0,,1,0,,,0,,,,,,,,19271016,0,LOS05,h,PIR,0,1,0,exhibition,y,,
HIL192710230,dixor101,HIL,5,1,value,4,4,0,2,2,0,0,,0,,0,0,,,0,,,,,,,,19271023,0,LOS05,h,PIR,0,1,0,exhibition,y,,
HIL192710290,dixor101,HIL,7,1,value,3,3,1,2,0,1,0,,0,,0,0,,,0,,,,,,,,19271029,0,LOS05,h,PIR,1,0,0,exhibition,y,,
HIL192710300,dixor101,HIL,7,1,value,4,4,0,3,1,0,0,,0,,0,0,,,2,,,,,,,,19271030,0,LOS05,h,PIR,1,0,0,exhibition,y,,
BLS192810070,dixor101,BLS,4,1,value,5,4,0,1,0,0,0,,0,,0,1,,,2,,,,,,,,19281007,0,BAL13,h,ASB,0,1,0,exhibition,y,,
BLS192810140,dixor101,BLS,2,1,value,5,4,3,3,1,0,1,,0,,0,1,,0,0,,,,,,,,19281014,0,BAL13,h,ASB,1,0,0,exhibition,y,,
NYL192906061,dixor101,BLS,4,1,value,4,4,1,1,0,0,1,,0,,0,0,0,,0,,,0,,,,,19290606,1,NYC24,v,NYL,0,1,0,regular,y,,
NYL192906062,dixor101,BLS,4,1,value,4,4,0,0,0,0,0,,0,,0,0,0,,0,,,0,,,,,19290606,2,NYC24,v,NYL,0,1,0,regular,y,,
BLS192909291,dixor101,BLS,5,1,value,4,3,0,0,0,0,0,,0,,0,1,,,0,,,,,,,,19290929,1,BAL13,h,ASB,0,1,0,exhibition,y,,
BLS192909292,dixor101,BLS,5,1,value,3,3,0,1,1,0,0,0,0,,0,0,,,0,,,,,,,,19290929,2,BAL13,h,ASB,1,0,0,exhibition,y,,
BLS192910061,dixor101,BLS,2,1,value,5,4,0,0,0,0,0,,0,,0,1,,,1,,,,,,,,19291006,1,BAL13,h,ASB,1,0,0,exhibition,y,,
BLS192910062,dixor101,BLS,2,1,value,4,4,2,3,1,0,0,,0,,0,0,,,1,,,,,,,,19291006,2,BAL13,h,ASB,0,1,0,exhibition,y,,
BLS192910131,dixor101,BLS,1,1,value,5,4,3,2,1,1,0,,0,,0,1,,,0,,,,,,,,19291013,1,BAL13,h,ASB,1,0,0,exhibition,y,,
BLS192910132,dixor101,BLS,1,1,value,3,2,0,0,0,0,0,,0,,0,1,,,0,,,,,,,,19291013,2,BAL13,h,ASB,1,0,0,exhibition,y,,
BLS192910201,dixor101,BLS,1,1,value,4,3,0,0,0,0,0,,0,,0,1,,,0,,,,,,,,19291020,1,BAL13,h,ASB,1,0,0,exhibition,y,,
BLS192910202,dixor101,BLS,1,1,value,3,2,1,1,0,0,0,,1,,0,0,,,1,,,,,,,,19291020,2,BAL13,h,ASB,1,0,0,exhibition,y,,
BLS192910270,dixor101,BLS,3,1,value,5,3,4,3,2,0,0,,0,,0,2,,,1,,,,,,,,19291027,0,BAL13,h,ASB,1,0,0,exhibition,y,,
NYL193007051,dixor101,BLS,4,1,value,4,4,1,2,1,0,1,,0,,0,0,,,0,,,,,,,,19300705,1,NYC16,v,NYL,0,1,0,exhibition,y,,
NYL193007052,dixor101,BLS,4,1,value,4,4,2,2,0,0,2,,0,,0,0,,,0,,,,,,,,19300705,2,NYC16,v,NYL,1,0,0,exhibition,y,,
CAG193010030,dixor101,CAG,,,value,,,1,1,,,,,,,,,,,,,,,,,,,19301003,0,CHI09,h,ALN,1,0,0,exhibition,,,
CAG193010030,dixor101,CAG,,,lower,,1,1,1,,,,,,,,,,,,,,,,,,,19301003,0,CHI09,h,ALN,1,0,0,exhibition,,,
CAG193010050,dixor101,CAG,6,1,value,4,3,1,1,0,1,0,,0,,0,1,,,1,,,,,,,,19301005,0,CHI09,h,ALN,1,0,0,exhibition,y,,
CAG193010060,dixor101,CAG,,,value,4,4,,3,,,,,,,,,,,,,,,,,,,19301006,0,CHI09,h,ALN,1,0,0,exhibition,,,
PRG193010290,dixor101,PRG,6,1,value,4,4,0,0,0,0,0,0,0,,0,0,,,0,,,,,,,,19301029,0,LOS02,h,ASG,0,1,0,exhibition,y,,
PRG193011010,dixor101,PRG,6,1,value,4,4,0,1,0,0,0,0,0,,0,0,,,0,,,,,,,,19301101,0,LOS02,h,KLK,0,1,0,exhibition,y,,
PRG193011021,dixor101,PRG,2,1,value,4,4,0,1,0,0,0,2,0,,0,0,,,0,,,,,,,,19301102,1,LOS02,h,KLK,1,0,0,exhibition,y,,
PRG193011022,dixor101,PRG,2,1,value,4,4,1,1,1,0,0,0,0,,0,0,,,2,,,,,,,,19301102,2,LOS02,h,KLK,1,0,0,exhibition,y,,
PRG193011230,dixor101,PRG,2,1,value,5,3,0,1,0,0,0,0,2,,0,0,,,0,,,,,,,,19301123,0,LOS02,h,KLK,1,0,0,exhibition,y,,
MLS193110030,dixor101,HIL,2,1,value,5,5,1,3,0,0,0,,0,,0,0,0,,0,,,,,,,,19311003,0,PHI09,v,MLS,1,0,0,exhibition,y,,
BLS193110040,dixor101,BLS,2,1,value,4,4,1,2,0,0,0,,0,,0,0,,,0,,,,,,,,19311004,0,BAL13,h,ASB,1,0,0,exhibition,y,,
HIL193110101,dixor101,HIL,2,1,value,4,3,1,0,0,0,0,1,0,,0,1,,,0,,,0,,,,,19311010,1,DAR01,h,MLS,1,0,0,exhibition,y,,
HIL193110102,dixor101,HIL,2,1,value,3,2,1,1,0,0,0,0,0,,0,1,,,0,,,0,,,,,19311010,2,DAR01,h,MLS,1,0,0,exhibition,y,,
BLS193110111,dixor101,BLS,2,1,value,2,1,0,0,0,0,0,0,0,,0,1,,,0,,,,,,,,19311011,1,BAL13,h,ASB,0,1,0,exhibition,y,,
BLS193110112,dixor101,BLS,9,2,value,1,1,0,0,0,0,0,,0,,0,0,,,0,,,,,,,,19311011,2,BAL13,h,ASB,0,0,1,exhibition,y,,
BLS193110180,dixor101,BLS,1,1,value,5,4,1,1,1,0,0,,0,,0,1,,3,0,,,,,,,,19311018,0,BAL13,h,ASB,0,1,0,exhibition,y,,
BLS193110250,dixor101,BLS,1,1,value,4,4,0,1,0,0,0,1,0,,0,0,,,0,,,,,,,,19311025,0,BAL13,h,ASB,1,0,0,exhibition,y,,
PTC193207082,dixor101,PTC,2,1,value,4,4,0,0,0,0,0,,0,,0,0,0,,0,,,0,,,,,19320708,2,PIT09,h,NY5,1,0,0,exhibition,y,,
WSW193207250,dixor101,PTC,3,1,value,4,4,1,2,0,0,1,2,0,,0,0,0,,0,,,0,,,,,19320725,0,WAS09,v,WSW,1,0,0,regular,y,,
ASW193309100,dixor101,ASE,2,1,value,5,4,2,1,0,0,0,1,0,0,0,1,0,0,1,0,0,0,0,,,,19330910,0,CHI10,v,ASW,0,1,0,allstar,y,y,
BLS193310151,dixor101,BLS,5,1,value,4,4,2,1,0,0,1,,0,,0,0,,,0,,,,,,,,19331015,1,BAL14,h,ASB,1,0,0,exhibition,y,,
ASW193408260,dixor101,ASE,6,2,value,2,2,0,1,0,0,0,0,0,0,0,0,0,0,0,0,0,0,0,,1,,19340826,0,CHI10,v,ASW,1,0,0,allstar,y,y,
BRN193504280,dixor101,BRN,4,1,value,5,3,0,1,0,0,0,,0,,0,2,,,2,,,,,,,,19350428,0,WAS09,h,NW1,1,0,0,exhibition,y,,
NW1193505051,dixor101,BRN,4,1,value,5,4,1,1,0,0,0,,0,,0,1,,,0,,,,,,,,19350505,1,IRV01,v,NW1,1,0,0,regular,y,,
PH5193505110,dixor101,BRN,4,1,value,5,4,0,0,0,0,0,0,0,0,0,1,0,,0,0,0,0,0,,,,19350511,0,PHI17,v,PH5,0,1,0,regular,y,y,
PH5193505121,dixor101,BRN,5,1,value,5,5,0,1,1,0,0,,0,,0,0,0,0,0,,,,,,,,19350512,1,PHI17,v,PH5,1,0,0,regular,y,,
PH5193505122,dixor101,BRN,4,1,value,3,3,0,0,0,0,0,,0,,,0,,1,0,,,,,,,,19350512,2,PHI17,v,PH5,0,1,0,regular,y,,
PH5193505130,dixor101,BRN,4,1,value,4,3,1,1,0,0,0,0,0,0,0,1,0,0,0,0,0,0,0,,,,19350513,0,CHE03,v,PH5,0,1,0,regular,y,d,
NW1193505160,dixor101,BRN,3,1,value,3,3,0,0,,,,,,,,,,,,,,,,,,,19350516,0,IRV01,v,NW1,1,0,0,regular,y,,
BRN193505180,dixor101,BRN,4,1,value,5,3,1,2,0,0,1,2,0,0,0,2,0,,0,0,0,0,0,,,,19350518,0,NYC15,h,HOM,0,1,0,regular,y,d,
BRN193505191,dixor101,BRN,4,1,value,5,3,2,2,1,0,0,,0,,0,2,,,3,,,,,,,,19350519,1,NYC15,h,HOM,1,0,0,regular,y,,
BRN193505192,dixor101,BRN,4,1,value,3,3,0,0,0,0,0,0,0,0,0,0,0,,0,0,0,0,0,,,,19350519,2,NYC15,h,HOM,0,1,0,regular,y,d,
BRN193505200,dixor101,BRN,4,1,value,4,4,1,2,0,0,0,0,0,0,0,0,0,,2,0,0,0,0,,,,19350520,0,NYC15,h,HOM,1,0,0,regular,y,d,
BRN193505251,dixor101,BRN,4,1,value,4,3,1,1,1,0,0,0,0,0,0,1,0,0,0,1,0,0,0,,,,19350525,1,NYC15,h,CAG,0,1,0,regular,y,d,
BRN193505252,dixor101,BRN,4,1,value,3,2,0,1,0,0,0,0,0,0,0,1,0,,0,0,0,0,0,,,,19350525,2,NYC15,h,CAG,0,1,0,regular,y,d,
BRN193505261,dixor101,BRN,4,1,value,5,5,0,1,2,0,0,,0,,0,0,0,,1,,0,,,,,,19350526,1,NYC15,h,CAG,1,0,0,regular,y,,
BRN193505262,dixor101,BRN,4,1,value,4,2,2,0,0,0,0,,0,,0,2,,,0,,0,,,,,,19350526,2,NYC15,h,CAG,1,0,0,regular,y,,
BRN193505301,dixor101,BRN,4,1,value,4,3,2,2,1,0,0,1,0,,0,1,,,0,,0,,0,,,,19350530,1,NYC15,h,NY6,1,0,0,regular,y,,
BRN193505302,dixor101,BRN,4,1,value,3,3,0,2,0,0,0,0,0,0,0,0,0,,0,0,0,0,0,,,,19350530,2,NYC15,h,NY6,0,1,0,regular,y,d,
NY6193506010,dixor101,BRN,4,1,value,6,6,2,2,0,0,0,,0,,0,0,,,1,,,,,,,,19350601,0,BEL02,v,NY6,0,1,0,regular,y,,
NY6193506021,dixor101,BRN,4,1,value,5,4,1,1,0,0,0,,0,,0,1,,,0,,,,,,,,19350602,1,NYC25,v,NY6,0,1,0,regular,y,,
PH5193506291,dixor101,NY6,6,1,value,4,3,0,0,0,0,0,0,0,0,0,1,0,0,0,0,0,0,0,,,,19350629,1,PHI17,v,PH5,0,1,0,regular,y,d,
PH5193506292,dixor101,NY6,5,1,value,3,3,0,0,,,,,,,,,,,,,,,,,,,19350629,2,PHI17,v,PH5,0,0,1,regular,y,,
PH5193507041,dixor101,NY6,3,1,value,4,4,2,1,,,,,,,,,,,,,,,,,,,19350704,1,PHI17,v,PH5,0,1,0,regular,y,,
NY6193507130,dixor101,NY6,3,1,value,5,5,1,2,0,0,0,0,0,0,0,0,0,,0,0,0,0,0,,,,19350713,0,BEL02,h,CAG,1,0,0,regular,y,d,
NY6193507141,dixor101,NY6,3,1,value,5,3,2,1,1,0,0,,0,,0,2,,,0,,0,,,,,,19350714,1,NYC25,h,CAG,1,0,0,regular,y,,
NY6193507142,dixor101,NY6,3,1,value,5,2,1,0,0,0,0,,0,,0,3,,,0,,,,,,,,19350714,2,NYC25,h,CAG,0,1,0,regular,y,,
NY6193507200,dixor101,NY6,6,2,value,1,0,1,0,0,0,0,,0,,0,1,,,0,,,,,,,,19350720,0,NYC30,h,HOM,1,0,0,regular,y,,
NY6193507211,dixor101,NY6,6,1,value,5,4,1,1,0,0,0,,0,,0,1,,,0,,,,,,,,19350721,1,NYC25,h,HOM,1,0,0,regular,y,,
NY6193507212,dixor101,NY6,8,2,value,1,1,0,0,0,0,0,0,0,0,0,0,0,,0,,0,,0,,1,,19350721,2,NYC25,h,HOM,0,1,0,regular,y,,
HOM193507270,dixor101,NY6,7,2,value,1,1,1,1,0,0,1,2,0,0,0,0,0,,0,0,0,0,0,,1,,19350727,0,PIT09,v,HOM,1,0,0,regular,y,d,
HOM193507280,dixor101,NY6,6,1,value,6,6,3,2,,,,,,,,,,,,,,,,,,,19350728,0,PIT09,v,HOM,1,0,0,regular,y,,
CAG193508041,dixor101,NY6,3,1,value,5,5,0,0,0,0,0,,0,,0,0,0,0,0,,,,,,,,19350804,1,CHI09,v,CAG,1,0,0,regular,y,,
NY6193508170,dixor101,NY6,9,3,value,1,1,1,1,0,0,0,,0,,0,0,0,,0,,0,,0,,1,,19350817,0,BEL02,h,NW1,1,0,0,regular,y,,
NY6193508240,dixor101,NY6,3,1,value,4,3,0,0,0,0,0,,0,,0,1,,,0,,0,,0,,,,19350824,0,BEL02,h,BRN,0,1,0,regular,y,,
NY6193508252,dixor101,NY6,7,2,value,2,2,0,1,0,0,0,0,0,0,0,0,0,,0,,0,,0,,,,19350825,2,NYC25,h,BRN,0,1,0,regular,y,,
NY6193508290,dixor101,NY6,5,1,value,4,4,1,2,2,0,0,0,0,0,0,0,0,1,1,0,0,0,0,,,,19350829,0,PAT01,h,NSH,0,1,0,regular,y,d,
NY6193509011,dixor101,NY6,3,1,value,4,4,1,1,0,0,1,1,0,,0,0,,,0,,0,,,,,,19350901,1,NYC25,h,PH5,1,0,0,regular,y,,
NY6193509012,dixor101,NY6,1,2,value,3,1,3,1,0,0,1,1,0,,0,2,,,0,,,,,,,,19350901,2,NYC25,h,PH5,1,0,0,regular,y,,
NY6193509081,dixor101,NY6,9,2,value,1,1,0,0,0,0,0,0,0,0,0,0,0,,0,0,0,0,0,,1,,19350908,1,NYC15,h,PH5,0,0,1,exhibition,y,d,
NY6193509130,dixor101,NY6,5,1,value,4,3,0,2,0,0,0,,0,,0,1,,,0,,,,,,,,19350913,0,NYC25,h,PTC,1,0,0,lcs,y,,
NY6193509140,dixor101,NY6,5,1,value,4,4,1,1,0,0,0,,0,,0,0,,,0,,,,,,,,19350914,0,PHI17,h,PTC,1,0,0,lcs,y,,
NY6193509150,dixor101,NY6,4,1,value,4,4,0,0,0,0,0,0,0,0,0,0,0,2,0,0,0,0,0,,,,19350915,0,NYC25,h,PTC,0,1,0,lcs,y,y,
PH5193509160,dixor101,NY6,3,1,value,5,4,1,1,0,0,0,1,0,0,0,1,0,,0,0,0,0,0,,,,19350916,0,PHI17,v,PH5,0,0,1,exhibition,y,d,
PTC193509180,dixor101,NY6,3,1,value,3,3,0,1,0,0,0,,0,,0,0,,,0,,,,,,,,19350918,0,PIT09,v,PTC,1,0,0,lcs,y,,
PTC193509190,dixor101,NY6,3,2,value,1,1,0,0,0,0,0,,0,,0,0,,,0,,,,,,,,19350919,0,PIT09,v,PTC,0,1,0,lcs,y,,
PTC193509200,dixor101,NY6,1,2,value,1,1,0,1,0,0,0,,0,,0,0,,,0,,,,,,,,19350920,0,PHI17,v,PTC,0,1,0,lcs,y,,
NY6193509210,dixor101,NY6,3,1,value,4,4,2,3,0,0,0,,0,,0,0,,,0,,,,,,,,19350921,0,PHI17,h,PTC,0,1,0,lcs,y,,
NY6193509221,dixor101,NY6,8,2,value,1,0,0,0,0,0,0,,0,,0,1,,,0,,,0,,,,,19350922,1,NYC16,h,NSH,0,1,0,exhibition,y,,
NW2193605241,dixor101,HOM,4,1,value,4,3,1,0,0,0,0,,0,,,1,,0,0,,,,,,,,19360524,1,NWK04,v,NW2,1,0,0,regular,y,,
NW2193605250,dixor101,HOM,6,1,value,4,4,0,1,0,0,0,0,0,0,0,0,0,0,0,0,0,0,0,,,,19360525,0,NWK04,v,NW2,0,1,0,regular,y,d,
HOM193605301,dixor101,HOM,2,1,value,4,4,0,1,1,0,0,1,0,0,0,0,0,,0,0,0,0,0,,,,19360530,1,PIT06,h,NW2,1,0,0,regular,y,d,
HOM193605302,dixor101,HOM,2,,value,4,4,0,1,0,0,0,,,,,0,,,,,,,,,,,19360530,2,PIT06,h,NW2,0,1,0,regular,y,,
HOM193605311,dixor101,HOM,2,1,value,5,4,1,0,0,0,0,,,,,1,,,,,,,,,,,19360531,1,PIT06,h,NW2,1,0,0,regular,y,,
HOM193606060,dixor101,HOM,2,1,value,4,3,1,2,0,0,0,0,0,,0,1,,,2,,,,,,,,19360606,0,JOH01,h,PH5,0,1,0,regular,y,,
HOM193606070,dixor101,HOM,3,1,value,5,4,3,1,1,0,0,0,0,0,0,1,0,,0,0,0,0,1,,,,19360607,0,CLE06,h,PH5,1,0,0,regular,y,d,
HOM193606080,dixor101,HOM,3,1,value,5,4,2,3,0,1,1,5,0,0,0,1,0,,0,0,0,0,0,,,,19360608,0,AKR01,h,PH5,1,0,0,regular,y,d,
CI1193606210,dixor101,HOM,4,1,value,5,5,0,1,0,0,0,1,0,0,0,0,0,,0,0,0,0,0,,,,19360621,0,CIN07,v,CI1,1,0,0,exhibition,y,d,
WEG193606270,dixor101,HOM,2,1,value,5,5,1,0,0,0,0,,1,,0,0,,,0,,,,,,,,19360627,0,WAS09,v,WEG,1,0,0,regular,y,,
WEG193606282,dixor101,HOM,3,1,value,5,5,1,3,0,2,0,,0,,0,0,0,,,,,,,,,,19360628,2,WAS09,v,WEG,1,0,0,regular,y,,
PTC193607041,dixor101,HOM,2,1,value,5,4,1,1,1,0,0,,0,,0,1,,,0,,,,,,,,19360704,1,PIT09,v,PTC,0,1,0,regular,y,,
PTC193607042,dixor101,HOM,3,1,value,4,4,0,0,0,0,0,,0,,0,0,0,,0,,,,,,,,19360704,2,PIT09,v,PTC,0,1,0,regular,y,,
HOM193607051,dixor101,HOM,2,1,value,4,3,1,1,1,0,0,0,0,0,0,1,0,,1,0,1,0,1,,,,19360705,1,CLE06,h,PTC,1,0,0,regular,y,d,
HOM193607052,dixor101,HOM,2,1,value,3,3,0,0,0,0,0,0,0,0,0,0,0,,0,0,0,0,0,,,,19360705,2,CLE06,h,PTC,0,1,0,regular,y,d,
HOM193607100,dixor101,HOM,3,1,value,4,4,0,0,0,0,0,1,0,0,0,0,0,,0,0,0,0,0,,,,19360710,0,ALT02,h,NY6,1,0,0,exhibition,y,d,
HOM193607110,dixor101,HOM,3,1,value,3,2,1,0,0,0,0,0,0,0,0,1,0,,1,0,1,0,0,,,,19360711,0,PIT09,h,NY6,1,0,0,regular,y,d,
HOM193607122,dixor101,HOM,2,1,value,5,5,4,3,1,,2,,,,,,,,,,,,,,,,19360712,2,COL04,h,NY6,1,0,0,regular,y,,
PH5193607181,dixor101,HOM,3,1,value,5,4,2,1,0,0,1,1,0,0,0,1,0,,0,0,0,0,0,,,,19360718,1,PHI17,v,PH5,0,1,0,regular,y,d,
PH5193607182,dixor101,HOM,3,1,value,4,3,3,2,0,1,1,2,0,0,0,1,0,0,0,0,0,0,0,,,,19360718,2,PHI17,v,PH5,0,1,0,regular,y,d,
NW2193607191,dixor101,HOM,2,1,value,5,5,0,1,1,0,0,1,0,0,0,0,0,0,0,0,0,0,1,,,,19360719,1,NWK04,v,NW2,0,1,0,regular,y,d,
NW2193607192,dixor101,HOM,9,2,value,1,1,1,1,1,0,0,1,0,0,0,0,0,0,0,0,0,0,0,,1,,19360719,2,NWK04,v,NW2,1,0,0,regular,y,d,
HOM193607250,dixor101,HOM,2,1,value,6,6,1,1,1,0,0,,0,0,0,0,,1,0,,,,0,,,,19360725,0,ERI01,h,NW2,1,0,0,regular,y,,
HOM193607261,dixor101,HOM,2,1,value,5,3,0,1,1,0,0,,1,,0,1,,,0,,,,,,,,19360726,1,YOU01,h,NW2,0,1,0,regular,y,,
HOM193607262,dixor101,HOM,3,1,value,5,4,2,1,0,0,0,,0,,0,1,,,1,,0,,,,,,19360726,2,CAN03,h,NW2,1,0,0,regular,y,,
NY6193608010,dixor101,HOM,4,1,value,4,4,1,2,0,0,0,1,0,0,0,0,0,,0,1,0,0,0,,,,19360801,0,PAT01,v,NY6,0,1,0,regular,y,d,
HOM193608070,dixor101,HOM,4,1,value,5,4,0,1,0,0,0,2,0,0,0,1,0,,0,0,0,0,0,,,,19360807,0,MID03,h,PH5,0,1,0,regular,y,d,
PH5193608081,dixor101,HOM,7,2,value,1,1,0,0,0,0,0,0,0,0,0,0,0,,0,0,0,0,0,,1,,19360808,1,PHI17,v,PH5,0,1,0,regular,y,d,
PH5193608082,dixor101,HOM,4,1,value,3,3,0,0,0,0,0,0,0,0,0,0,0,0,0,0,0,0,0,,,,19360808,2,PHI17,v,PH5,0,1,0,regular,y,d,
CI1193608230,dixor101,HOM,6,2,value,2,2,0,0,0,0,0,,0,,0,0,,,,,,,,,,,19360823,0,CIN07,v,CI1,1,0,0,exhibition,y,,
HOM193608240,dixor101,HOM,9,3,value,1,1,0,0,0,0,0,0,0,0,0,0,0,1,0,0,0,0,0,,1,,19360824,0,SBD01,h,KCM,0,1,0,exhibition,y,d,
PTC193609050,dixor101,HOM,6,1,value,4,4,0,2,1,0,0,,0,,0,0,,,0,,,,,,,,19360905,0,PIT09,v,PTC,0,1,0,regular,y,,
PTC193609060,dixor101,HOM,6,1,value,5,5,0,0,0,0,0,,0,,,0,,,0,,,,,,,,19360906,0,CLE06,v,PTC,1,0,0,regular,y,,
PTC193609071,dixor101,HOM,6,1,value,5,5,1,1,0,0,0,,,,,0,,,,,,,,,,,19360907,1,PIT09,v,PTC,1,0,0,regular,y,,
HOM193609201,dixor101,HOM,,,value,,,,3,,,,,,,,,,,,,,,,,,,19360920,1,COL04,h,BRG,0,1,0,exhibition,,,
HOM193609201,dixor101,HOM,,,lower,3,3,,3,,,,,,,,,,,,,,,,,,,19360920,1,COL04,h,BRG,0,1,0,exhibition,,,
CI1193609240,dixor101,HOM,,,value,,,0,1,,,0,2,,0,,,,,,,,,,,,,19360924,0,SPR04,v,CI1,1,0,0,exhibition,,,
PTC193706260,dixor101,PTC,8,2,value,1,1,0,0,0,0,0,,,,0,0,0,,,,,,,,1,,19370626,0,PIT09,h,HOM,0,1,0,regular,y,,
PTC193707040,dixor101,PTC,6,1,value,3,3,1,1,,,,,,,,,,,,,,,,,,,19370704,0,PIT09,h,HOM,0,1,0,regular,y,,
PTC193707051,dixor101,PTC,2,1,value,1,1,0,0,0,0,0,0,0,0,0,0,0,,0,0,0,0,0,,,,19370705,1,PIT09,h,HOM,1,0,0,regular,y,d,
PTC193707111,dixor101,PTC,5,1,value,4,3,0,0,0,0,0,0,0,0,0,1,0,,0,0,0,0,0,,,,19370711,1,CLE06,h,NY5,0,1,0,regular,y,d,
PTC193707112,dixor101,PTC,5,1,value,3,3,0,1,1,0,0,0,0,0,0,0,0,,0,0,0,0,0,,,,19370711,2,CLE06,h,NY5,0,1,0,regular,y,d,
PH5193707150,dixor101,PTC,1,2,value,1,1,0,0,0,0,0,0,0,0,0,0,0,,0,0,0,0,0,,1,,19370715,0,YOR03,v,PH5,0,1,0,regular,y,d,
