gid,id,team,d_seq,d_pos,stattype,d_ifouts,d_po,d_a,d_e,d_dp,d_tp,d_pb,d_wp,d_sb,d_cs,d_gs,date,number,site,vishome,opp,win,loss,tie,gametype,box,pbp,eject
KCM193807041,jackb102,KCM,1,1,value,7,0,2,0,0,0,,,,,,19380704,1,KAN05,h,MEM,0,1,0,regular,y,,
KCM193807102,jackb102,KCM,1,1,value,14,0,1,0,0,0,,,,,1,19380710,2,KAN05,h,BIR,0,1,0,regular,y,d,
KCM193807280,jackb102,KCM,1,1,value,0,0,0,0,0,0,,,,,0,19380728,0,DES01,h,CAG,0,1,0,regular,y,d,
KCM193808212,jackb102,KCM,1,1,value,1,0,0,0,0,0,0,1,0,,,19380821,2,KAN05,h,ATN,0,1,0,regular,y,,
KCM193808220,jackb102,KCM,1,1,value,3,0,0,0,0,0,,,,,,19380822,0,JNC01,h,ATN,0,1,0,regular,y,,
ATN193808310,jackb102,KCM,1,1,value,9,0,0,1,0,0,,,,,1,19380831,0,ATL04,v,ATN,0,1,0,regular,y,d,
BIR193809030,jackb102,KCM,1,1,value,,,,,,,,,,,1,19380903,0,LEE01,v,BIR,1,0,0,regular,,,
HOM193904250,jackb102,KCM,1,1,value,3,0,0,0,0,0,,,,,0,19390425,0,NOL01,v,HOM,0,1,0,exhibition,y,d,
MEM193906140,jackb102,KCM,1,1,value,5,0,,0,0,0,,,,,1,19390614,0,WIC01,v,MEM,0,1,0,regular,y,,
TLC193906200,jackb102,KCM,1,1,value,,,,0,,0,0,,,,,19390620,0,LIM01,v,TLC,1,0,0,exhibition,,,
CAG193907042,jackb102,KCM,1,1,value,9,,,0,,0,0,,,,,19390704,2,CHI09,v,CAG,0,1,0,regular,,,
KCM193907070,jackb102,KCM,1,1,value,8,0,1,1,0,0,,,,,,19390707,0,DES01,h,SSA,0,1,0,regular,y,,
KCM193907100,jackb102,KCM,1,1,value,27,,,0,,0,0,,,,1,19390710,0,SCI02,h,SSA,1,0,0,exhibition,,,
CAG193907141,jackb102,KCM,1,1,value,,,,0,,0,0,,,,1,19390714,1,WIN01,v,CAG,1,0,0,exhibition,,,
CAG193907280,jackb102,KCM,1,1,value,5,0,0,0,0,0,,,,,1,19390728,0,DES01,v,CAG,1,0,0,exhibition,y,,
TLC193908020,jackb102,KCM,1,1,value,11,0,5,0,0,0,,,,,1,19390802,0,SPR03,v,TLC,0,1,0,regular,y,d,
MEM194005081,jackb102,MEM,1,1,value,15,1,,0,0,0,,,,,,19400508,1,NOL01,h,CAG,1,0,0,exhibition,y,,
MEM194005121,jackb102,MEM,1,1,value,24,1,2,0,0,0,,,,,1,19400512,1,MEM02,h,SNO,1,0,0,regular,y,,
MEM194005170,jackb102,MEM,1,1,value,,,,0,,0,0,,,,,19400517,0,LRK02,h,KCM,0,1,0,regular,,,
MEM194005191,jackb102,MEM,1,1,value,4,0,0,0,0,0,,,,,1,19400519,1,MEM02,h,KCM,0,1,0,regular,y,,
BIR194006021,jackb102,MEM,1,1,value,42,0,1,0,0,0,,,,,1,19400602,1,BIR01,v,BIR,1,0,0,regular,y,,
MEM194006091,jackb102,MEM,1,1,value,8,0,,0,0,0,,,,,1,19400609,1,MEM02,h,BIR,0,1,0,regular,y,,
CAG194006302,jackb102,MEM,1,1,value,18,,,0,,0,0,,,,1,19400630,2,CHI09,v,CAG,1,0,0,regular,,,
MEM194007042,jackb102,MEM,1,1,value,7,0,0,1,0,0,,,,,,19400704,2,MEM02,h,CV9,0,1,0,regular,y,,
