gid,id,team,b_lp,b_seq,stattype,b_pa,b_ab,b_r,b_h,b_d,b_t,b_hr,b_rbi,b_sh,b_sf,b_hbp,b_w,b_iw,b_k,b_sb,b_cs,b_gdp,b_xi,b_roe,dh,ph,pr,date,number,site,vishome,opp,win,loss,tie,gametype,box,pbp
HOM194109020,carrc107,NY6,,,value,,,1,1,,,1,1,,,,,,,,,,,,,,,19410902,0,WAP01,v,HOM,0,1,0,exhibition,,
HOM194109020,fernj101,NY6,,,value,,,,,,,,,,,,,,,,,,,,,,,19410902,0,WAP01,v,HOM,0,1,0,exhibition,,
HOM194109020,hickj108,NY6,,,value,,,,,,,,,,,,,,,,,,,,,,,19410902,0,WAP01,v,HOM,0,1,0,exhibition,,
HOM194109020,ruizs101,NY6,,,value,,,,,,,,,,,,,,,,,,,,,,,19410902,0,WAP01,v,HOM,0,1,0,exhibition,,
HOM194109020,vargt101,NY6,,,value,,,2,2,,,2,2,,,,,,,,,,,,,,,19410902,0,WAP01,v,HOM,0,1,0,exhibition,,
HOM194109020,brooa101,HOM,,,value,,,1,1,,,1,1,,,,,,,,,,,,,,,19410902,0,WAP01,h,NY6,1,0,0,exhibition,,
HOM194109020,housj103,HOM,,,value,,,,,,,,,,,,,,,,,,,,,,,19410902,0,WAP01,h,NY6,1,0,0,exhibition,,
HOM194109020,leonb101,HOM,,,value,,,1,1,,,1,1,,,,,,,,,,,,,,,19410902,0,WAP01,h,NY6,1,0,0,exhibition,,
HOM194109020,wrigj105,HOM,,,value,,,,,,,,,,,,,,,,,,,,,,,19410902,0,WAP01,h,NY6,1,0,0,exhibition,,
HOM194206150,isrec101,NW2,1,1,value,5,4,1,3,1,0,0,0,0,,0,1,,,0,,,0,,,,,19420615,0,WAP01,v,HOM,0,1,0,exhibition,y,
HOM194206150,stone101,NW2,2,1,value,5,5,0,0,0,0,0,0,0,,0,0,0,,0,,,0,,,,,19420615,0,WAP01,v,HOM,0,1,0,exhibition,y,
HOM194206150,wellw101,NW2,3,1,value,4,4,1,3,1,1,0,1,0,,0,0,0,,0,,,0,,,,,19420615,0,WAP01,v,HOM,0,1,0,exhibition,y,
HOM194206150,pearl102,NW2,4,1,value,4,4,0,0,0,0,0,1,0,,0,0,0,,0,,,0,,,,,19420615,0,WAP01,v,HOM,0,1,0,exhibition,y,
HOM194206150,day-l101,NW2,5,1,value,4,3,0,0,0,0,0,0,0,,0,1,,,0,,,0,,,,,19420615,0,WAP01,v,HOM,0,1,0,exhibition,y,
HOM194206150,dandr101,NW2,6,1,value,4,4,0,3,0,0,0,0,0,,0,0,0,,0,,,0,,,,,19420615,0,WAP01,v,HOM,0,1,0,exhibition,y,
HOM194206150,thomc104,NW2,7,1,value,4,4,0,0,0,0,0,0,0,,0,0,0,,0,,,0,,,,,19420615,0,WAP01,v,HOM,0,1,0,exhibition,y,
HOM194206150,parkc101,NW2,8,1,value,4,4,0,0,0,0,0,0,0,,0,0,0,,0,,,0,,,,,19420615,0,WAP01,v,HOM,0,1,0,exhibition,y,
HOM194206150,hillj104,NW2,9,1,value,2,2,0,1,0,0,0,0,0,,0,0,0,,0,,,0,,,,,19420615,0,WAP01,v,HOM,0,1,0,exhibition,y,
HOM194206150,browj115,NW2,9,2,value,1,0,0,0,0,0,0,0,0,,0,1,,,0,,,0,,,,,19420615,0,WAP01,v,HOM,0,1,0,exhibition,y,
HOM194206150,ruffl101,NW2,9,3,value,1,1,0,0,0,0,0,0,0,,0,0,0,,0,,,0,,,,,19420615,0,WAP01,v,HOM,0,1,0,exhibition,y,
HOM194206150,whatd101,HOM,1,1,value,5,5,2,3,1,0,0,0,0,,0,0,0,,0,,,0,,,,,19420615,0,WAP01,h,NW2,1,0,0,exhibition,y,
HOM194206150,benjj101,HOM,2,1,value,5,3,2,1,1,0,0,2,0,,0,2,,,0,,,0,,,,,19420615,0,WAP01,h,NW2,1,0,0,exhibition,y,
HOM194206150,leonb101,HOM,3,1,value,5,4,1,0,0,0,0,1,0,,0,1,,,0,,,0,,,,,19420615,0,WAP01,h,NW2,1,0,0,exhibition,y,
HOM194206150,gibsj101,HOM,4,1,value,5,3,0,1,0,0,0,2,0,,0,2,,,1,,,0,,,,,19420615,0,WAP01,h,NW2,1,0,0,exhibition,y,
HOM194206150,banks101,HOM,5,1,value,5,4,1,2,0,0,0,2,0,,0,1,,,1,,,0,,,,,19420615,0,WAP01,h,NW2,1,0,0,exhibition,y,
HOM194206150,easth104,HOM,6,1,value,5,5,1,2,1,0,0,0,0,,0,0,0,,0,,,0,,,,,19420615,0,WAP01,h,NW2,1,0,0,exhibition,y,
HOM194206150,harrv102,HOM,7,1,value,5,5,0,0,0,0,0,0,0,,0,0,0,,0,,,0,,,,,19420615,0,WAP01,h,NW2,1,0,0,exhibition,y,
HOM194206150,willc106,HOM,8,1,value,4,2,1,0,0,0,0,0,0,,0,2,,,0,,,0,,,,,19420615,0,WAP01,h,NW2,1,0,0,exhibition,y,
HOM194206150,welmr101,HOM,9,1,value,4,4,1,2,0,0,0,2,0,,0,0,0,,0,,,0,,,,,19420615,0,WAP01,h,NW2,1,0,0,exhibition,y,
HOM194208212,barkm101,PH5,1,1,value,5,4,0,1,1,0,0,0,0,,0,1,,,0,,,0,,,,,19420821,2,WAP01,v,HOM,0,1,0,exhibition,y,
HOM194208212,parnr102,PH5,2,1,value,5,5,0,0,0,0,0,0,0,,0,0,0,,0,,,0,,,,,19420821,2,WAP01,v,HOM,0,1,0,exhibition,y,
HOM194208212,pattp102,PH5,3,1,value,5,5,2,2,0,0,0,0,0,,0,0,0,,0,,,0,,,,,19420821,2,WAP01,v,HOM,0,1,0,exhibition,y,
HOM194208212,clarb101,PH5,4,1,value,5,4,1,2,0,0,0,0,0,,0,1,,,0,,,0,,,,,19420821,2,WAP01,v,HOM,0,1,0,exhibition,y,
HOM194208212,speah101,PH5,5,1,value,5,4,1,1,1,0,0,0,0,,0,1,,,0,,,0,,,,,19420821,2,WAP01,v,HOM,0,1,0,exhibition,y,
HOM194208212,westj102,PH5,6,1,value,3,3,0,3,1,0,0,1,0,,0,0,0,,0,,,0,,,,,19420821,2,WAP01,v,HOM,0,1,0,exhibition,y,
HOM194208212,browb107,PH5,6,2,value,1,1,0,0,0,0,0,0,0,,0,0,0,,0,,,0,,,,,19420821,2,WAP01,v,HOM,0,1,0,exhibition,y,
HOM194208212,palmc101,PH5,7,1,value,4,4,0,1,0,0,0,0,0,,0,0,0,,0,,,0,,,,,19420821,2,WAP01,v,HOM,0,1,0,exhibition,y,
HOM194208212,jeffw101,PH5,8,1,value,1,1,0,0,0,0,0,0,0,,0,0,0,,0,,,0,,,,,19420821,2,WAP01,v,HOM,0,1,0,exhibition,y,
HOM194208212,kimbl101,PH5,8,2,value,3,2,0,0,0,0,0,0,0,,0,1,,,0,,,0,,,,,19420821,2,WAP01,v,HOM,0,1,0,exhibition,y,
HOM194208212,currg102,PH5,9,1,value,4,2,0,1,1,0,0,0,0,,0,2,,,0,,,0,,,,,19420821,2,WAP01,v,HOM,0,1,0,exhibition,y,
HOM194208212,whatd101,HOM,1,1,value,6,5,2,2,0,0,0,0,0,,0,1,,,0,,,0,,,,,19420821,2,WAP01,h,PH5,1,0,0,exhibition,y,
HOM194208212,benjj101,HOM,2,1,value,6,5,2,2,0,0,0,0,0,,0,1,,,0,,,0,,,,,19420821,2,WAP01,h,PH5,1,0,0,exhibition,y,
HOM194208212,easth104,HOM,3,1,value,6,6,4,3,0,0,0,3,0,,0,0,0,,0,,,0,,,,,19420821,2,WAP01,h,PH5,1,0,0,exhibition,y,
HOM194208212,gibsj101,HOM,4,1,value,3,3,1,1,1,0,0,0,0,,0,0,0,,0,,,0,,,,,19420821,2,WAP01,h,PH5,1,0,0,exhibition,y,
HOM194208212,gastr101,HOM,4,2,value,3,2,0,0,0,0,0,0,0,,0,1,,,0,,,0,,,,,19420821,2,WAP01,h,PH5,1,0,0,exhibition,y,
HOM194208212,wilsj106,HOM,5,1,value,6,4,3,4,1,0,0,3,0,,0,2,,,0,,,0,,,,,19420821,2,WAP01,h,PH5,1,0,0,exhibition,y,
HOM194208212,banks101,HOM,6,1,value,6,4,2,1,0,1,0,2,0,,0,2,,,0,,,0,,,,,19420821,2,WAP01,h,PH5,1,0,0,exhibition,y,
HOM194208212,willc106,HOM,7,1,value,5,4,2,3,0,1,0,5,0,,0,1,,,0,,,0,,,,,19420821,2,WAP01,h,PH5,1,0,0,exhibition,y,
HOM194208212,carlm101,HOM,8,1,value,5,4,2,1,0,0,0,2,0,,0,1,,,0,,,0,,,,,19420821,2,WAP01,h,PH5,1,0,0,exhibition,y,
HOM194208212,carts102,HOM,9,1,value,4,4,0,2,2,0,0,0,0,,0,0,0,,0,,,0,,,,,19420821,2,WAP01,h,PH5,1,0,0,exhibition,y,
HOM194208212,blaig101,HOM,9,2,value,1,1,1,1,0,0,1,0,0,,0,0,0,,0,,,0,,,,,19420821,2,WAP01,h,PH5,1,0,0,exhibition,y,
HOM194409130,kingw102,CVB,1,1,value,5,4,1,2,0,1,0,1,0,0,0,1,0,,0,0,0,0,0,,,,19440913,0,WAP01,v,HOM,0,0,1,exhibition,y,d
HOM194409130,warea101,CVB,2,1,value,5,5,1,1,0,0,0,1,0,0,0,0,0,,0,0,0,0,0,,,,19440913,0,WAP01,v,HOM,0,0,1,exhibition,y,d
HOM194409130,jeths101,CVB,3,1,value,5,5,0,0,0,0,0,0,0,0,0,0,0,,0,0,0,0,1,,,,19440913,0,WAP01,v,HOM,0,0,1,exhibition,y,d
HOM194409130,davel102,CVB,4,1,value,5,4,1,2,0,0,0,0,0,0,0,1,0,,0,0,0,0,0,,,,19440913,0,WAP01,v,HOM,0,0,1,exhibition,y,d
HOM194409130,gracw101,CVB,5,1,value,4,4,1,3,1,0,0,2,0,0,0,0,0,,0,0,0,0,0,,,,19440913,0,WAP01,v,HOM,0,0,1,exhibition,y,d
HOM194409130,armob101,CVB,6,1,value,4,4,0,1,0,0,0,1,0,0,0,0,0,,0,0,0,0,0,,,,19440913,0,WAP01,v,HOM,0,0,1,exhibition,y,d
HOM194409130,cowaj101,CVB,7,1,value,4,3,0,1,0,0,0,0,0,0,0,1,0,,0,0,0,0,0,,,,19440913,0,WAP01,v,HOM,0,0,1,exhibition,y,d
HOM194409130,willj114,CVB,8,1,value,4,4,0,0,0,0,0,0,0,0,0,0,0,,0,0,0,0,0,,,,19440913,0,WAP01,v,HOM,0,0,1,exhibition,y,d
HOM194409130,browj114,CVB,9,1,value,4,4,1,2,0,0,0,0,0,0,0,0,0,,0,0,0,0,0,,,,19440913,0,WAP01,v,HOM,0,0,1,exhibition,y,d
HOM194409130,harrv102,HOM,1,1,value,4,3,0,0,0,0,0,0,0,0,0,1,0,,0,0,0,0,0,,,,19440913,0,WAP01,h,CVB,0,0,1,exhibition,y,d
HOM194409130,banks101,HOM,2,1,value,4,4,1,0,0,0,0,0,0,0,0,0,0,,0,0,0,0,1,,,,19440913,0,WAP01,h,CVB,0,0,1,exhibition,y,d
HOM194409130,leonb101,HOM,3,1,value,4,4,1,2,1,0,0,1,0,0,0,0,0,,0,0,0,0,0,,,,19440913,0,WAP01,h,CVB,0,0,1,exhibition,y,d
HOM194409130,gibsj101,HOM,4,1,value,4,4,1,1,0,0,1,1,0,0,0,0,0,,0,0,0,0,0,,,,19440913,0,WAP01,h,CVB,0,0,1,exhibition,y,d
HOM194409130,hoskd101,HOM,5,1,value,4,3,1,2,0,0,1,1,0,0,0,1,0,,0,0,0,0,0,,,,19440913,0,WAP01,h,CVB,0,0,1,exhibition,y,d
HOM194409130,browr103,HOM,6,1,value,4,4,0,0,0,0,0,0,0,0,0,0,0,,0,0,0,0,2,,,,19440913,0,WAP01,h,CVB,0,0,1,exhibition,y,d
HOM194409130,wilsj106,HOM,7,1,value,4,4,1,2,0,0,1,2,0,0,0,0,0,,0,0,1,0,0,,,,19440913,0,WAP01,h,CVB,0,0,1,exhibition,y,d
HOM194409130,battr102,HOM,8,1,value,4,3,0,0,0,0,0,0,0,0,0,1,0,,0,0,1,0,0,,,,19440913,0,WAP01,h,CVB,0,0,1,exhibition,y,d
HOM194409130,jackj104,HOM,9,1,value,3,3,0,0,0,0,0,0,0,0,0,0,0,,0,0,0,0,1,,,,19440913,0,WAP01,h,CVB,0,0,1,exhibition,y,d
