gid,id,team,b_lp,b_seq,stattype,b_pa,b_ab,b_r,b_h,b_d,b_t,b_hr,b_rbi,b_sh,b_sf,b_hbp,b_w,b_iw,b_k,b_sb,b_cs,b_gdp,b_xi,b_roe,dh,ph,pr,date,number,site,vishome,opp,win,loss,tie,gametype,box,pbp,eject
KCM194004210,paynr101,IN8,8,1,value,3,3,0,0,0,0,0,0,0,,0,0,0,,0,,,0,,,,,19400421,0,ATL04,v,KCM,0,1,0,exhibition,y,,
IN8194006021,paynr101,IN8,8,1,value,4,4,0,0,0,0,0,0,0,,0,0,0,,0,,,0,,,,,19400602,1,IND10,h,SNO,1,0,0,regular,y,,
IN8194006022,paynr101,IN8,8,1,value,2,2,0,0,0,0,0,0,0,,0,0,0,,0,,,0,,,,,19400602,2,IND10,h,SNO,0,1,0,regular,y,,
CV9194006091,paynr101,IN8,6,4,value,2,1,0,0,0,0,0,0,1,,0,0,0,,0,,,0,,,,,19400609,1,CLE06,v,CV9,0,1,0,regular,y,,
CV9194006092,paynr101,IN8,6,2,value,3,3,0,0,0,0,0,,0,,0,0,0,,0,,,0,,,,,19400609,2,CLE06,v,CV9,0,1,0,regular,y,,
