gid,id,team,d_seq,d_pos,stattype,d_ifouts,d_po,d_a,d_e,d_dp,d_tp,d_pb,d_wp,d_sb,d_cs,d_gs,date,number,site,vishome,opp,win,loss,tie,gametype,box,pbp,eject
BLS192705152,washp101,BLS,1,8,value,27,3,0,0,0,0,,,,,1,19270515,2,BAL13,h,CUE,1,0,0,regular,y,,
BLS192707311,washp101,BLS,1,8,value,33,1,0,0,0,0,,,,,1,19270731,1,BAL13,h,HIL,1,0,0,regular,y,,
BLS192710090,washp101,BLS,1,8,value,21,1,0,0,0,0,,,,,1,19271009,0,BAL13,h,ASB,1,0,0,exhibition,y,,
BLS192810140,washp101,BLS,1,8,value,15,1,0,0,0,0,,,,,,19281014,0,BAL13,h,ASB,1,0,0,exhibition,y,,
NYL192906061,washp101,BLS,1,7,value,24,1,0,0,0,0,,,,,1,19290606,1,NYC24,v,NYL,0,1,0,regular,y,,
NYL192906062,washp101,BLS,1,7,value,24,1,1,0,0,0,,,,,1,19290606,2,NYC24,v,NYL,0,1,0,regular,y,,
BLS192909291,washp101,BLS,1,8,value,27,2,0,0,0,0,,,,,1,19290929,1,BAL13,h,ASB,0,1,0,exhibition,y,,
BLS192909292,washp101,BLS,1,8,value,21,4,0,0,0,0,,,,,1,19290929,2,BAL13,h,ASB,1,0,0,exhibition,y,,
BLS192910061,washp101,BLS,1,8,value,27,1,0,0,0,0,,,,,1,19291006,1,BAL13,h,ASB,1,0,0,exhibition,y,,
BLS192910062,washp101,BLS,1,8,value,21,1,0,0,0,0,,,,,1,19291006,2,BAL13,h,ASB,0,1,0,exhibition,y,,
BLS192910131,washp101,BLS,1,8,value,27,2,0,0,0,0,,,,,1,19291013,1,BAL13,h,ASB,1,0,0,exhibition,y,,
BLS192910132,washp101,BLS,1,8,value,18,2,0,0,0,0,,,,,1,19291013,2,BAL13,h,ASB,1,0,0,exhibition,y,,
BLS192910201,washp101,BLS,1,8,value,27,6,0,0,0,0,,,,,1,19291020,1,BAL13,h,ASB,1,0,0,exhibition,y,,
BLS192910202,washp101,BLS,1,8,value,15,2,0,0,0,0,,,,,1,19291020,2,BAL13,h,ASB,1,0,0,exhibition,y,,
NYL193007051,washp101,BLS,1,8,value,24,2,0,0,0,0,,,,,1,19300705,1,NYC16,v,NYL,0,1,0,exhibition,y,,
NYL193007052,washp101,BLS,1,8,value,27,6,2,0,1,0,,,,,1,19300705,2,NYC16,v,NYL,1,0,0,exhibition,y,,
BLS193010051,washp101,BLS,1,8,value,27,2,0,0,0,0,,,,,1,19301005,1,BAL13,h,ASB,1,0,0,exhibition,y,y,
BLS193010052,washp101,BLS,1,8,value,15,1,0,0,0,0,,,,,1,19301005,2,BAL13,h,ASB,1,0,0,exhibition,y,,
BLS193010120,washp101,BLS,1,8,value,27,2,0,0,0,0,,,,,1,19301012,0,BAL13,h,ASB,1,0,0,exhibition,y,y,
BLS193010191,washp101,BLS,1,8,value,27,2,0,0,0,0,,,,,1,19301019,1,BAL13,h,ASB,1,0,0,exhibition,y,y,
BLS193010192,washp101,BLS,1,8,value,15,1,0,0,0,0,,,,,1,19301019,2,BAL13,h,ASB,0,1,0,exhibition,y,y,
BLS193010260,washp101,BLS,1,8,value,27,5,0,0,0,0,,,,,1,19301026,0,BAL13,h,ASB,1,0,0,exhibition,y,,
BLS193110040,washp101,BLS,1,8,value,27,2,0,0,0,0,,,,,1,19311004,0,BAL13,h,ASB,1,0,0,exhibition,y,,
BLS193110111,washp101,BLS,1,8,value,27,2,0,0,0,0,,,,,1,19311011,1,BAL13,h,ASB,0,1,0,exhibition,y,,
BLS193110112,washp101,BLS,1,8,value,15,0,0,0,0,0,,,,,1,19311011,2,BAL13,h,ASB,0,0,1,exhibition,y,,
BLS193110180,washp101,BLS,1,8,value,27,1,0,0,0,0,,,,,1,19311018,0,BAL13,h,ASB,0,1,0,exhibition,y,,
BLS193110250,washp101,BLS,1,8,value,27,0,0,0,0,0,,,,,1,19311025,0,BAL13,h,ASB,1,0,0,exhibition,y,,
BLS193210091,washp101,BLS,1,8,value,27,2,0,0,0,0,,,,,1,19321009,1,BAL14,h,ASB,0,1,0,exhibition,y,,
BLS193210161,washp101,BLS,1,8,value,27,1,0,0,0,0,,,,,1,19321016,1,BAL14,h,ASB,1,0,0,exhibition,y,,
BLS193210230,washp101,BLS,1,8,value,27,3,0,0,0,0,,,,,1,19321023,0,BAL14,h,ASB,1,0,0,exhibition,y,,
PH5193409092,washp101,PH5,1,8,value,27,2,0,0,0,0,0,,,,1,19340909,2,NYC16,h,PTC,0,0,1,exhibition,y,,
PH5193409110,washp101,PH5,1,8,value,27,0,1,0,0,0,,,,,1,19340911,0,PHI16,h,CAG,0,1,0,lcs,y,,
CAG193409161,washp101,PH5,1,8,value,24,1,0,0,0,0,,,,,1,19340916,1,CHI09,v,CAG,0,1,0,lcs,y,,
PH5193409270,washp101,PH5,1,8,value,27,2,0,0,0,0,,,,,1,19340927,0,PHI16,h,CAG,1,0,0,lcs,y,,
PH5193409290,washp101,PH5,1,8,value,27,3,0,0,0,0,,,,,1,19340929,0,PHI16,h,CAG,1,0,0,lcs,y,,
PTC193409301,washp101,PH5,1,8,value,24,1,0,0,0,0,0,,,,1,19340930,1,NYC16,v,PTC,0,1,0,exhibition,y,,
PH5193410010,washp101,PH5,1,8,value,27,0,0,0,0,0,,,,,1,19341001,0,PHI16,h,CAG,0,0,1,lcs,y,,
PH5193410020,washp101,PH5,1,8,value,27,2,0,0,0,0,,,,,1,19341002,0,PHI16,h,CAG,1,0,0,lcs,y,y,
HOM193505040,washp101,PH5,1,8,value,24,1,0,0,0,0,,,,,0,19350504,0,PIT09,v,HOM,1,0,0,regular,y,d,
HOM193505050,washp101,PH5,1,8,value,23,0,0,0,0,0,,,,,1,19350505,0,PIT09,v,HOM,0,1,0,regular,y,d,
PH5193505122,washp101,PH5,1,8,value,18,4,2,0,0,0,0,0,0,,1,19350512,2,PHI17,h,BRN,1,0,0,regular,y,,
PH5193505130,washp101,PH5,1,8,value,24,0,0,1,0,0,,,,,1,19350513,0,CHE03,h,BRN,1,0,0,regular,y,d,
PH5193505181,washp101,PH5,1,8,value,27,2,0,0,0,0,,,,,1,19350518,1,PHI17,h,NW1,1,0,0,regular,y,d,
PH5193505182,washp101,PH5,1,8,value,21,1,0,0,0,0,,,,,1,19350518,2,PHI17,h,NW1,1,0,0,regular,y,d,
PH5193505191,washp101,PH5,1,8,value,27,3,0,0,,,,,,,1,19350519,1,PHI17,h,NW1,1,0,0,regular,y,,
PH5193505192,washp101,PH5,1,8,value,21,,0,0,,,,,,,1,19350519,2,PHI17,h,NW1,0,1,0,regular,y,,
PH5193505240,washp101,PH5,1,8,value,27,,,,,,,,,,1,19350524,0,BEA02,h,PTC,0,0,1,exhibition,y,,
PTC193505250,washp101,PH5,1,8,value,24,2,0,0,,,,,,,1,19350525,0,PIT09,v,PTC,0,1,0,regular,y,,
PTC193505261,washp101,PH5,1,8,value,24,2,5,0,0,0,,,,,1,19350526,1,PIT09,v,PTC,0,1,0,regular,y,,
PTC193505280,washp101,PH5,1,8,value,27,2,0,0,,,,,,,1,19350528,0,YOR01,v,PTC,1,0,0,regular,y,,
PH5193505301,washp101,PH5,1,8,value,27,3,0,0,,,,,,,1,19350530,1,PHI17,h,PTC,0,1,0,regular,y,,
PH5193505302,washp101,PH5,1,8,value,27,1,,0,,,,,,,1,19350530,2,PHI17,h,PTC,0,1,0,regular,y,,
PH5193506022,washp101,PH5,1,8,value,,3,0,0,,,,,,,1,19350602,2,PHI17,h,NSH,0,0,1,regular,y,,
PH5193506030,washp101,PH5,1,8,value,27,1,0,0,,,,,,,1,19350603,0,CHE03,h,NSH,1,0,0,regular,y,,
NY5193506150,washp101,NY5,1,8,value,24,1,0,2,0,0,,,,,1,19350615,0,PAT01,h,CUS,0,1,0,exhibition,y,d,
NY5193506240,washp101,NY5,1,8,value,27,0,0,0,0,0,,,,,1,19350624,0,MID04,h,CUS,1,0,0,exhibition,y,d,
CUS193507042,washp101,NY5,1,8,value,21,3,0,1,,,,,,,1,19350704,2,NYC23,v,CUS,1,0,0,exhibition,y,,
NY5193507041,washp101,NY5,1,8,value,27,0,1,0,,,,,,,1,19350704,1,NYC23,h,CUS,1,0,0,exhibition,y,,
PH5193509160,washp101,PH5,1,9,value,6,2,0,0,0,0,,,,,1,19350916,0,PHI17,h,NY6,0,0,1,exhibition,y,d,
PH5193509160,washp101,PH5,2,3,value,21,8,0,0,0,0,,,,,0,19350916,0,PHI17,h,NY6,0,0,1,exhibition,y,d,
NW2193606090,washp101,BRG,1,8,value,24,2,0,0,,,,,,,1,19360609,0,CAM04,v,NW2,0,1,0,exhibition,y,,
NY6193607250,washp101,BRG,1,8,value,24,1,0,0,0,0,,,,,1,19360725,0,PAT01,v,NY6,0,1,0,exhibition,y,d,
BRG193609040,washp101,BRG,1,8,value,27,3,0,0,0,,,,0,,1,19360904,0,TRE01,h,CUS,1,0,0,exhibition,y,,
BRG193609071,washp101,BRG,1,8,value,27,4,0,0,0,0,,,,,1,19360907,1,NYC28,h,CUS,0,1,0,exhibition,y,,
BRG193609072,washp101,BRG,1,8,value,27,2,0,0,0,0,,,0,,1,19360907,2,NYC28,h,CUS,1,0,0,exhibition,y,,
