gid,team,inn1,inn2,inn3,inn4,inn5,inn6,inn7,inn8,inn9,inn10,inn11,inn12,inn13,inn14,inn15,inn16,inn17,inn18,inn19,inn20,inn21,inn22,inn23,inn24,inn25,inn26,inn27,inn28,lob,mgr,stattype,b_pa,b_ab,b_r,b_h,b_d,b_t,b_hr,b_rbi,b_sh,b_sf,b_hbp,b_w,b_iw,b_k,b_sb,b_cs,b_gdp,b_xi,b_roe,p_ipouts,p_noout,p_bfp,p_h,p_d,p_t,p_hr,p_r,p_er,p_w,p_iw,p_k,p_hbp,p_wp,p_bk,p_sh,p_sf,p_sb,p_cs,p_pb,d_po,d_a,d_e,d_dp,d_tp,d_pb,d_wp,d_sb,d_cs,start_l1,start_l2,start_l3,start_l4,start_l5,start_l6,start_l7,start_l8,start_l9,start_f1,start_f2,start_f3,start_f4,start_f5,start_f6,start_f7,start_f8,start_f9,start_f10,date,number,site,vishome,opp,win,loss,tie,gametype,box,pbp
CCB194205300,JAX,,,,,,,,,,,,,,,,,,,,,,,,,,,,,,mitca102,value,,,2,5,,,,,,,,,,4,,,,,,24,,,,,,,3,,,,2,,,,,,,,,24,,0,,0,,,,,,,,,,,,,,ellis102,,,,,,,,,,19420530,0,MEA01,v,CCB,0,1,0,regular,,
CCB194205300,CCB,0,2,0,0,0,0,1,0,,,,,,,,,,,,,,,,,,,,,,woodp104,value,,,3,,,,,3,,,,,,2,,,,,,27,,,5,,,,2,,,,4,,,,,,,,,27,,0,,0,,,,,,,,,,,,,,jeffw101,,,,,,,,,,19420530,0,MEA01,h,JAX,1,0,0,regular,,
CCB194206160,KCM,0,0,0,0,5,1,0,0,0,,,,,,,,,,,,,,,,,,,,5,duncf102,value,38,33,6,10,1,0,2,,2,,0,3,,7,0,,,0,,27,,35,7,2,1,0,3,,1,,10,0,0,0,0,,2,,0,27,13,0,0,0,0,0,2,,simmw101,soueh101,strot101,broww101,dawsj102,oneib801,serrb101,willj111,johnc103,johnc103,dawsj102,oneib801,serrb101,soueh101,willj111,simmw101,broww101,strot101,,19420616,0,MEA01,v,CCB,1,0,0,regular,y,
CCB194206160,CCB,0,0,0,0,0,1,0,1,1,,,,,,,,,,,,,,,,,,,,5,woodp104,value,35,34,3,7,2,1,0,,0,,0,1,,10,2,,,0,,27,,38,10,1,0,2,6,,3,,7,0,0,0,2,,0,,0,27,16,0,1,0,0,0,0,,wilse104,harrs105,woodp104,jeths101,clevd101,warea101,jamet101,browj113,robir102,robir102,browj113,warea101,jeths101,woodp104,jamet101,harrs105,wilse104,clevd101,,19420616,0,MEA01,h,KCM,0,1,0,regular,y,
CCB194207300,NW2,5,,,,,,,,,,,,,,,,,,,,,,,,,,,,,wellw101,value,,,7,,,,,,,,,,,,,,,,,24,,,2,,,2,12,,,,,,,,,,,,,24,,0,,0,,,,,,,,,,,,,,,,,,,,,,,,19420730,0,MEA01,v,CCB,0,1,0,exhibition,,
CCB194207300,CCB,,,,,,,,,,,,,,,,,,,,,,,,,,,,,,woodp104,value,,,12,2,,,2,,,,,,,,,,,,,27,,,,,,,7,,,,,,,,,,,,,27,,0,,0,,,,,,,,,,,,,,,,,,,,,,,,19420730,0,MEA01,h,NW2,1,0,0,exhibition,,
CVB194405250,BIR,,,,,,,,,,,,,,,,,,,,,,,,,,,,,,welcw101,value,,,5,,,,,,,,,,,,,,,,,27,,,,,,0,0,0,,,,,,,,,,,,27,,,,0,,,,,,,,,,,,,,,,,,,,,,,,19440525,0,MEA01,v,CVB,1,0,0,regular,,
CVB194405250,CVB,0,0,0,0,0,0,0,0,0,,,,,,,,,,,,,,,,,,,,,woodp104,value,,,0,,,,0,0,,,,,,,,,,,,27,,,,,,,5,,,,,,,,,,,,,27,,,,0,,,,,,,,,,,,,,,,,,,,,,,,19440525,0,MEA01,h,BIR,0,1,0,regular,,
CVB194708130,CAG,,,,,,,,,,,,,,,,,,,,,,,,,,,,,,taylj105,value,,,7,,,,,,,,,,,,,,,,,24,,,,,,,12,,,,,,,,,,,,,24,,0,,0,,,,,,,,,,,,,,,,,,,,,,,,19470813,0,MEA01,v,CVB,0,1,0,regular,,
CVB194708130,CVB,,,,,,,,,,,,,,,,,,,,,,,,,,,,,,trouq101,value,,,12,,,,,,,,,,,,,,,,,27,,,,,,,7,,,,,,,,,,,,,27,,0,,0,,,,,,,,,,,,,,,,,,,,,,,,19470813,0,MEA01,h,CAG,1,0,0,regular,,
