gid,id,team,b_lp,b_seq,stattype,b_pa,b_ab,b_r,b_h,b_d,b_t,b_hr,b_rbi,b_sh,b_sf,b_hbp,b_w,b_iw,b_k,b_sb,b_cs,b_gdp,b_xi,b_roe,dh,ph,pr,date,number,site,vishome,opp,win,loss,tie,gametype,box,pbp,eject
MEM194404200,ligor101,MEM,,5,value,,,,,,,,,,,,,,,,,,,,,,,19440420,0,DAL01,h,CAG,0,1,0,exhibition,,,
KCM194405110,ligor101,MEM,,3,value,,,,,,,,,,,,,,,,,,,,,,,19440511,0,DAL01,v,KCM,1,0,0,regular,,,
CAG194405141,ligor101,MEM,9,3,value,1,0,0,0,0,0,0,0,1,0,0,0,0,,0,0,0,0,0,,,,19440514,1,CHI10,v,CAG,1,0,0,regular,y,d,
KCM194405220,ligor101,MEM,9,2,value,0,0,0,0,0,0,0,0,0,0,0,0,0,0,0,0,0,0,0,,,,19440522,0,KAN05,v,KCM,0,1,0,regular,y,d,
CIA194405250,ligor101,MEM,9,2,value,1,1,0,1,0,0,0,2,0,0,0,0,0,0,0,0,0,0,0,,1,,19440525,0,DAV01,v,CIA,1,0,0,regular,y,d,
CIA194405282,ligor101,MEM,,2,value,,,,,,,,,,,,,,,,,,,,,,,19440528,2,CIN07,v,CIA,0,1,0,regular,,,
MEM194406060,ligor101,MEM,,,value,,,,,,,,,,,,,,,,,,,,,,,19440606,0,HOU04,h,CVB,0,1,0,regular,,,
MEM194406110,ligor101,MEM,1,4,value,1,1,0,0,0,0,0,0,0,0,0,0,0,,0,0,0,0,0,,1,,19440611,0,CHI11,h,NW2,0,1,0,exhibition,y,d,
MEM194406181,ligor101,MEM,9,2,value,1,1,0,0,0,0,0,0,0,0,0,0,0,,0,0,0,0,0,,1,,19440618,1,BEA01,h,BIR,0,1,0,regular,y,d,
MEM194406182,ligor101,MEM,,3,value,,,0,,,,0,0,,,,,,,,,,,,,,,19440618,2,HOU04,h,BIR,0,1,0,regular,,,
CVB194407091,ligor101,MEM,,,value,1,,,,,,,,,,,1,,,,,,,,,1,,19440709,1,CLE06,v,CVB,1,0,0,regular,,,
CVB194407100,ligor101,MEM,9,2,value,3,2,1,1,0,1,0,,0,,0,0,0,,0,,,,,,,,19440710,0,HAM02,v,CVB,1,0,0,regular,y,,
CVB194407130,ligor101,MEM,,,value,,,,,,,,,,,,,,,,,,,,,,,19440713,0,DAY03,v,CVB,0,1,0,regular,,,
MEM194407180,ligor101,MEM,,2,value,,,,,,,,,,,,,,,,,,,,,,,19440718,0,NOL01,h,CVB,0,1,0,regular,,,
MEM194407232,ligor101,MEM,,,value,,,,,,,,,,,,,,,,,,,,,,,19440723,2,MEM03,h,CAG,0,1,0,regular,,,
MEM194408110,ligor101,MEM,,,value,,,,,,,,,,,,,,,,,,,,,,,19440811,0,DAL01,h,BIR,0,1,0,regular,,,
MEM194408131,ligor101,MEM,,,value,,,,,,,,,,,,,,,,,,,,,,,19440813,1,MEM03,h,BIR,0,1,0,exhibition,,,
MEM194408132,ligor101,MEM,,,value,,,,,,,,,,,,,,,,,,,,,,,19440813,2,MEM03,h,BIR,1,0,0,exhibition,,,
CAG194506080,ligor101,MEM,,2,value,,,,,,,,,,,,,,,,,,,,,,,19450608,0,DAY03,v,CAG,0,1,0,regular,,,
CIA194506230,ligor101,MEM,,2,value,,,,,,,,,,,,,,,,,,,,,,,19450623,0,COL05,v,CIA,0,1,0,regular,,,
BIR194507030,ligor101,MEM,,3,value,,,,,,,,,,,,,,,,,,,,,,,19450703,0,BIR01,v,BIR,0,1,0,regular,,,
CAG194507151,ligor101,MEM,9,4,value,0,0,0,0,0,0,0,,0,,0,0,0,,0,,,0,,,,,19450715,1,CHI10,v,CAG,0,1,0,regular,y,,
CAG194507190,ligor101,MEM,9,2,value,2,1,0,0,0,0,0,,0,,0,1,,,0,,,0,,,,,19450719,0,SPR03,v,CAG,0,1,0,regular,y,,
CAG194507200,ligor101,MEM,,3,value,,,,,,,,,,,,,,,,,,,,,,,19450720,0,DAY03,v,CAG,0,0,1,regular,,,
MEM194508010,ligor101,MEM,,2,value,,,,,,,,,,,,,,,,,,,,,,,19450801,0,HOU04,h,CIA,0,1,0,regular,,,
CAG194508200,ligor101,MEM,9,3,value,1,1,0,0,0,0,0,0,0,,0,0,0,,0,,,0,,,,,19450820,0,YOR03,v,CAG,0,1,0,regular,y,,
NW2194508210,ligor101,MEM,9,2,value,2,2,0,1,,,0,,0,,0,,,,,,,0,,,,,19450821,0,NWK04,v,NW2,1,0,0,exhibition,y,,
MEM194508250,ligor101,MEM,,1,value,,,,,,,,,,,,,,,,,,,,,,,19450825,0,MEM02,h,CVB,0,1,0,regular,,,
MEM194508261,ligor101,MEM,,,value,,,,,,,,,,,,,,,,,,,,,,,19450826,1,MEM03,h,CVB,0,1,0,regular,,,
KCM194509021,ligor101,MEM,9,3,value,1,1,1,1,0,0,0,,0,,0,0,0,,0,,,0,,,,,19450902,1,KAN05,v,KCM,1,0,0,regular,y,,
