gid,id,team,b_lp,b_seq,stattype,b_pa,b_ab,b_r,b_h,b_d,b_t,b_hr,b_rbi,b_sh,b_sf,b_hbp,b_w,b_iw,b_k,b_sb,b_cs,b_gdp,b_xi,b_roe,dh,ph,pr,date,number,site,vishome,opp,win,loss,tie,gametype,box,pbp
MEM194307210,bassp101,CI2,,,value,,,,,,,,,,,,,,,,,,,,,,,19430721,0,CAN04,v,MEM,1,0,0,regular,,
MEM194307210,haywb102,CI2,,,value,,,,,,,,,,,,,,,,,,,,,,,19430721,0,CAN04,v,MEM,1,0,0,regular,,
MEM194307210,pilll101,CI2,,,value,,,,,,,,,,,,,,,,,,,,,,,19430721,0,CAN04,v,MEM,1,0,0,regular,,
MEM194307210,mossp101,MEM,,,value,,,,,,,,,,,,,,,,,,,,,,,19430721,0,CAN04,h,CI2,0,1,0,regular,,
MEM194307210,smitb114,MEM,,,value,,,,,,,,,,,,,,,,,,,,,,,19430721,0,CAN04,h,CI2,0,1,0,regular,,
