gid,id,team,d_seq,d_pos,stattype,d_ifouts,d_po,d_a,d_e,d_dp,d_tp,d_pb,d_wp,d_sb,d_cs,d_gs,date,number,site,vishome,opp,win,loss,tie,gametype,box,pbp
MEM194307210,bassp101,CI2,1,1,value,15,,,,,0,,,,,,19430721,0,CAN04,v,MEM,1,0,0,regular,,
MEM194307210,haywb102,CI2,1,2,value,30,,,,,0,,,,,1,19430721,0,CAN04,v,MEM,1,0,0,regular,,
MEM194307210,pilll101,CI2,1,1,value,12,,,,,0,,,,,1,19430721,0,CAN04,v,MEM,1,0,0,regular,,
MEM194307210,mossp101,MEM,1,1,value,30,,,,,0,,,,,1,19430721,0,CAN04,h,CI2,0,1,0,regular,,
MEM194307210,smitb114,MEM,1,2,value,30,,,,,0,,,,,1,19430721,0,CAN04,h,CI2,0,1,0,regular,,
