gid,id,team,d_seq,d_pos,stattype,d_ifouts,d_po,d_a,d_e,d_dp,d_tp,d_pb,d_wp,d_sb,d_cs,d_gs,date,number,site,vishome,opp,win,loss,tie,gametype,box,pbp,eject
CVB194604140,woods103,CVB,1,1,value,15,,,0,,0,0,,,,1,19460414,0,ATL05,h,NY5,1,0,0,exhibition,,,
CVB194605060,woods103,CVB,1,1,value,36,,,0,,0,0,,,,1,19460506,0,TOL05,h,BIR,1,0,0,regular,,,
BIR194605122,woods103,CVB,1,1,value,21,,,0,,0,0,,,,1,19460512,2,BIR01,v,BIR,1,0,0,regular,,,
CVB194606021,woods103,CVB,1,1,value,3,0,0,0,0,0,,,,,0,19460602,1,CLE06,h,IN9,0,1,0,regular,y,d,
CVB194606110,woods103,CVB,1,1,value,3,,,,,0,0,,,,,19460611,0,TOL05,h,KCM,0,0,1,regular,,,
CVB194607020,woods103,CVB,1,1,value,27,0,1,1,0,0,,,,,1,19460702,0,ERI01,h,MEM,1,0,0,regular,y,d,
CVB194607090,woods103,CVB,1,1,value,3,0,1,0,0,0,,,,,,19460709,0,STL07,h,HOM,0,1,0,exhibition,y,,
BIR194704180,woods103,CVB,1,1,value,,,,0,,0,0,,,,1,19470418,0,MTG01,v,BIR,1,0,0,exhibition,,,
CAG194704271,woods103,CVB,1,1,value,27,,,0,,0,0,,,,1,19470427,1,CHI10,v,CAG,1,0,0,exhibition,,,
CAG194704290,woods103,CVB,1,1,value,27,0,0,0,0,0,,,,,1,19470429,0,HUN01,v,CAG,1,0,0,exhibition,y,d,
MEM194706240,woods103,MEM,1,1,value,3,,,0,,0,0,,,,,19470624,0,LRK02,h,KCM,0,1,0,regular,,,
MEM194804111,woods103,MEM,1,1,value,,,,0,,0,0,,,,,19480411,1,MEM02,h,CVB,0,1,0,exhibition,,,
MEM194804252,woods103,MEM,1,1,value,15,,,0,,0,0,,,,1,19480425,2,MEM02,h,BIR,0,1,0,exhibition,,,
MEM194805092,woods103,MEM,1,1,value,,,,0,,0,0,,,,,19480509,2,MEM02,h,IN9,0,1,0,regular,,,
MEM194805120,woods103,MEM,1,1,value,,,,0,,0,0,,,,,19480512,0,MEM02,h,IN9,0,0,1,regular,,,
MEM194805210,woods103,MEM,1,1,value,27,,,0,,0,0,,,,1,19480521,0,JAC01,h,CAG,1,0,0,regular,,,
BIR194805310,woods103,MEM,1,1,value,30,,,0,,0,0,,,,1,19480531,0,FTW01,v,BIR,1,0,0,regular,,,
BIR194806030,woods103,MEM,1,1,value,9,0,0,0,0,0,0,,,,1,19480603,0,BIR01,v,BIR,0,1,0,regular,y,,
CVB194806062,woods103,MEM,1,1,value,18,,,0,,0,0,,,,1,19480606,2,CLE06,v,CVB,0,1,0,regular,,,
IN9194806131,woods103,MEM,1,1,value,24,,,0,,0,0,,,,1,19480613,1,IND10,v,IN9,0,1,0,regular,,,
IN9194806170,woods103,MEM,1,1,value,6,,,0,,0,0,,,,,19480617,0,IND10,v,IN9,0,1,0,regular,,,
KCM194806240,woods103,MEM,1,1,value,21,0,6,0,0,0,,,,,1,19480624,0,DES02,v,KCM,0,1,0,regular,y,d,
MEM194806290,woods103,MEM,1,1,value,27,,,0,,0,0,,,,1,19480629,0,HOU04,h,CAG,1,0,0,regular,,,
MEM194807052,woods103,MEM,1,1,value,15,,,0,,0,0,,,,1,19480705,2,MEM02,h,BIR,1,0,0,regular,,,
MEM194807090,woods103,MEM,1,1,value,,,,0,,0,0,,,,,19480709,0,MEM02,h,BIR,0,1,0,regular,,,
MEM194807112,woods103,MEM,1,1,value,,,,0,,0,0,,,,1,19480711,2,MEM02,h,CVB,1,0,0,regular,,,
MEM194807190,woods103,MEM,1,1,value,,,,0,,0,0,,,,1,19480719,0,NSH02,h,KCM,0,1,0,regular,,,
MEM194808030,woods103,MEM,1,1,value,,,,0,,0,0,,,,,19480803,0,MEM02,h,CVB,1,0,0,regular,,,
MEM194808060,woods103,MEM,1,1,value,,,,0,,0,0,,,,1,19480806,0,MEM02,h,CVB,0,1,0,regular,,,
MEM194808160,woods103,MEM,1,1,value,27,,,0,,0,0,,,,1,19480816,0,MEM02,h,CAG,1,0,0,regular,,,
KCM194808240,woods103,MEM,1,1,value,,,,,,,,,,,1,19480824,0,DEN03,v,KCM,0,1,0,exhibition,,,
KCM194808270,woods103,MEM,1,1,value,10,0,0,0,0,0,,,,,0,19480827,0,KAN05,v,KCM,1,0,0,regular,y,d,
MEM194808292,woods103,MEM,1,1,value,,,,0,,0,0,,,,,19480829,2,MEM02,h,IN9,0,0,1,regular,,,
MEM194809010,woods103,MEM,1,1,value,27,,,0,,0,0,,,,1,19480901,0,GRE01,h,IN9,0,1,0,regular,,,
MEM194809130,woods103,MEM,1,1,value,,,,0,,0,0,,,,,19480913,0,LRK02,h,NY5,1,0,0,exhibition,,,
MEM194809191,woods103,MEM,1,1,value,,,,0,,0,0,,,,1,19480919,1,MEM02,h,NW2,1,0,0,exhibition,,,
MEM194904030,woods103,MEM,1,1,value,,,,,,,,,,,,19490403,0,MEM02,h,CAG,0,0,1,exhibition,,,
MEM194904112,woods103,MEM,1,1,value,,,,,,,,,,,1,19490411,2,MEM02,h,NY6,0,1,0,exhibition,,,
MEM194904200,woods103,MEM,3,1,value,,,,,,,,,,,,19490420,0,MUS01,h,LCB,1,0,0,exhibition,,,
MEM194905040,woods103,MEM,2,1,value,27,,,,,,,,,,,19490504,0,MEM02,h,CAG,0,1,0,regular,,,
MEM194905080,woods103,MEM,1,1,value,,,,,,,,,,,,19490508,0,MEM02,h,HOE,0,1,0,regular,,,
HOE194905222,woods103,MEM,1,1,value,,,,,,,,,,,1,19490522,2,HOU04,v,HOE,0,1,0,regular,,,
KCM194906191,woods103,MEM,1,1,value,17,0,1,0,0,0,,,,,0,19490619,1,KAN05,v,KCM,0,1,0,regular,y,d,
KCM194906230,woods103,MEM,1,1,value,15,1,2,0,0,0,,,,,1,19490623,0,STJ01,v,KCM,0,1,0,regular,y,d,
MEM194906270,woods103,MEM,3,1,value,,,,,,,,,,,,19490627,0,LRK02,h,IN9,0,1,0,regular,,,
MEM194907050,woods103,MEM,2,1,value,,,,,,,,,,,,19490705,0,MEM02,h,BIR,1,0,0,regular,,,
MEM194907090,woods103,MEM,1,1,value,16,0,2,0,0,0,,,,,0,19490709,0,GRE02,h,BIR,0,1,0,regular,y,d,
BIR194907270,woods103,MEM,1,1,value,20,0,0,0,0,0,,,,,1,19490727,0,BIR01,v,BIR,0,1,0,regular,y,d,
KCM194907311,woods103,MEM,1,1,value,24,0,1,1,0,0,,,,,1,19490731,1,KAN05,v,KCM,0,1,0,regular,y,d,
MEM194908141,woods103,MEM,1,1,value,27,,,,,,,,,,1,19490814,1,MEM02,h,KCM,1,0,0,exhibition,,,
BLG194908212,woods103,MEM,1,1,value,18,1,0,0,0,0,,,,,1,19490821,2,BAL14,v,BLG,0,1,0,regular,y,d,
NY6194908241,woods103,MEM,1,1,value,12,0,2,0,0,0,,,,,0,19490824,1,PHI11,v,NY6,0,1,0,regular,y,d,
ASW195308160,woods103,ASW,1,1,value,9,0,1,0,0,0,,,,,1,19530816,0,CHI10,h,ASE,1,0,0,allstar,y,d,
