gid,id,team,d_seq,d_pos,stattype,d_ifouts,d_po,d_a,d_e,d_dp,d_tp,d_pb,d_wp,d_sb,d_cs,d_gs,date,number,site,vishome,opp,win,loss,tie,gametype,box,pbp,eject
PTC193407041,robin101,HOM,1,7,value,24,1,0,0,0,0,,,,,1,19340704,1,PIT09,v,PTC,0,1,0,exhibition,y,,
CI1193605100,robin101,CI1,1,8,value,36,5,1,0,,,,,0,,1,19360510,0,CIN07,h,CAG,0,1,0,exhibition,y,,
CAG193606141,robin101,CI1,1,8,value,24,2,0,0,0,0,,,,,1,19360614,1,CHI09,v,CAG,0,1,0,exhibition,y,d,
CAG193606142,robin101,CI1,1,8,value,20,3,0,0,0,0,,,,,1,19360614,2,CHI09,v,CAG,0,1,0,exhibition,y,d,
CI1193606210,robin101,CI1,1,8,value,27,1,1,0,0,0,,,,,1,19360621,0,CIN07,h,HOM,0,1,0,exhibition,y,d,
CI1193607260,robin101,CI1,1,8,value,27,1,0,0,,,0,0,,,1,19360726,0,CIN07,h,CAG,1,0,0,exhibition,y,,
CI1193608090,robin101,CI1,1,8,value,27,3,0,0,,,0,,,,1,19360809,0,CIN07,h,WEG,0,1,0,exhibition,y,,
CI1193608230,robin101,CI1,1,8,value,27,1,1,0,1,,,,,,1,19360823,0,CIN07,h,HOM,0,1,0,exhibition,y,,
CI1193609110,robin101,CI1,1,8,value,27,0,0,0,0,0,,,,,1,19360911,0,RCI01,h,CAG,0,0,1,exhibition,y,y,
CI1193609131,robin101,CI1,1,8,value,27,2,0,0,,,,,,,1,19360913,1,CIN07,h,CAG,0,1,0,exhibition,y,,
CI1193609132,robin101,CI1,1,8,value,18,0,0,0,0,,,,,,1,19360913,2,CIN07,h,CAG,1,0,0,exhibition,y,,
PTC193704110,robin101,CI1,1,8,value,24,2,0,1,0,0,,,,,1,19370411,0,NOL01,v,PTC,0,1,0,exhibition,y,d,
MEM193704251,robin101,CI1,1,8,value,27,2,0,0,0,0,,,0,,1,19370425,1,MEM02,v,MEM,1,0,0,exhibition,y,,
MEM193704252,robin101,CI1,1,8,value,18,3,0,0,0,0,,,0,,1,19370425,2,MEM02,v,MEM,1,0,0,exhibition,y,,
CI1193705090,robin101,CI1,1,8,value,27,4,0,0,0,0,,,,,1,19370509,0,CIN07,h,DT2,1,0,0,regular,y,d,
DT2193705150,robin101,CI1,1,8,value,27,0,0,0,0,0,,,,,1,19370515,0,DET06,v,DT2,1,0,0,regular,y,d,
KCM193705220,robin101,CI1,1,8,value,24,3,1,0,1,0,,,,,1,19370522,0,KAN05,v,KCM,0,1,0,regular,y,d,
KCM193705231,robin101,CI1,1,8,value,27,2,0,2,0,0,,,,,1,19370523,1,KAN05,v,KCM,1,0,0,regular,y,d,
KCM193705232,robin101,CI1,1,8,value,18,4,0,0,0,0,,,,,1,19370523,2,KAN05,v,KCM,0,1,0,regular,y,d,
KCM193705240,robin101,CI1,1,8,value,18,1,0,0,0,0,,,,,1,19370524,0,KAN05,v,KCM,0,1,0,regular,y,d,
CI1193705270,robin101,CI1,1,8,value,27,0,0,0,0,0,,,,,1,19370527,0,DES01,h,BIR,0,1,0,regular,y,d,
CI1193705290,robin101,CI1,1,8,value,27,2,,0,,,,,0,,1,19370529,0,CIN07,h,IN6,0,1,0,regular,y,,
CI1193705301,robin101,CI1,1,8,value,27,1,0,0,,,,,,,1,19370530,1,CIN07,h,IN6,1,0,0,regular,y,,
CI1193706050,robin101,CI1,1,8,value,18,1,0,0,0,0,,,,,1,19370605,0,CIN07,h,KCM,1,0,0,regular,y,d,
CI1193706060,robin101,CI1,1,8,value,27,4,0,0,0,0,,,,,1,19370606,0,CIN07,h,KCM,0,1,0,regular,y,,
CI1193706120,robin101,CI1,1,8,value,27,1,0,0,0,,,,,,1,19370612,0,CIN07,h,CAG,1,0,0,regular,y,,
CI1193706131,robin101,CI1,1,8,value,27,1,0,0,0,0,,,,,1,19370613,1,CIN07,h,CAG,1,0,0,regular,y,d,
CAG193706201,robin101,CI1,1,8,value,24,4,0,0,0,0,,,,,1,19370620,1,CHI09,v,CAG,0,1,0,regular,y,d,
CAG193706202,robin101,CI1,1,8,value,15,0,0,0,0,0,,,,,1,19370620,2,CHI09,v,CAG,0,0,1,regular,y,d,
CAG193706210,robin101,CI1,1,8,value,30,0,0,0,0,0,,,,,1,19370621,0,MIL03,v,CAG,1,0,0,regular,y,d,
ATN193707080,robin101,CI1,1,8,value,27,1,0,0,0,0,,,,,1,19370708,0,ATL04,v,ATN,1,0,0,regular,y,d,
ATN193707100,robin101,CI1,1,8,value,27,2,0,0,0,0,,,,,1,19370710,0,ATL04,v,ATN,1,0,0,regular,y,d,
ATN193707111,robin101,CI1,1,8,value,27,3,0,0,0,0,,,,,1,19370711,1,ATL04,v,ATN,1,0,0,regular,y,d,
ATN193707112,robin101,CI1,1,8,value,18,2,0,0,0,0,,,,,1,19370711,2,ATL04,v,ATN,0,1,0,regular,y,d,
CI1193707181,robin101,CI1,1,8,value,33,4,0,0,0,0,,,,,1,19370718,1,CIN07,h,MEM,1,0,0,regular,y,d,
CI1193707182,robin101,CI1,1,8,value,27,2,0,0,0,0,,,,,1,19370718,2,CIN07,h,MEM,1,0,0,regular,y,d,
CI1193707190,robin101,CI1,1,8,value,27,1,0,0,0,,,,,,1,19370719,0,CIN07,h,MEM,1,0,0,regular,y,,
CI1193707241,robin101,CI1,1,8,value,27,1,0,2,0,0,,,,,1,19370724,1,CIN07,h,BIR,0,1,0,regular,y,d,
CI1193707242,robin101,CI1,1,8,value,27,0,0,0,0,0,,,,,1,19370724,2,DAY03,h,BIR,1,0,0,exhibition,y,d,
CI1193707251,robin101,CI1,1,7,value,27,2,0,0,0,0,,,,,1,19370725,1,CIN07,h,BIR,1,0,0,regular,y,d,
MEM193708011,robin101,CI1,1,8,value,27,1,0,0,0,0,,,,,1,19370801,1,MEM02,v,MEM,1,0,0,regular,y,d,
DT2193708060,robin101,CI1,1,8,value,18,3,0,0,0,0,,,,,1,19370806,0,SBD01,v,DT2,1,0,0,regular,y,d,
CI1193708122,robin101,CI1,1,8,value,21,1,0,0,0,0,,,,,1,19370812,2,CIN07,h,WEG,0,0,1,exhibition,y,d,
CI1193708151,robin101,CI1,1,8,value,27,0,0,0,0,0,,,,,1,19370815,1,CIN07,h,KCM,1,0,0,regular,y,d,
CI1193708152,robin101,CI1,1,8,value,27,3,0,0,0,0,,,,,1,19370815,2,CIN07,h,KCM,0,1,0,regular,y,d,
CI1193708260,robin101,CI1,1,8,value,27,2,0,0,0,0,,,,,1,19370826,0,CIN07,h,HOM,0,1,0,regular,y,d,
CI1193708280,robin101,CI1,1,4,value,33,2,6,0,0,0,,,,,1,19370828,0,CIN07,h,MEM,1,0,0,regular,y,d,
CI1193708291,robin101,CI1,1,8,value,27,3,0,0,0,0,,,,,1,19370829,1,CIN07,h,MEM,1,0,0,regular,y,,
CI1193708292,robin101,CI1,1,4,value,27,1,2,0,1,0,,,,,1,19370829,2,CIN07,h,MEM,1,0,0,regular,y,,
CI1193708300,robin101,CI1,1,4,value,33,6,7,0,1,0,,,,,1,19370830,0,DCT02,h,MEM,1,0,0,regular,y,d,
KCM193709020,robin101,CI1,1,4,value,24,0,3,1,0,0,,,,,1,19370902,0,JNC01,v,KCM,0,1,0,regular,y,d,
KCM193709051,robin101,CI1,1,6,value,24,1,2,0,0,0,,,,,1,19370905,1,KAN05,v,KCM,0,1,0,regular,y,d,
KCM193709052,robin101,CI1,1,6,value,27,1,6,1,0,0,,,,,1,19370905,2,KAN05,v,KCM,1,0,0,regular,y,d,
KCM193709061,robin101,CI1,1,6,value,29,3,3,1,1,0,,,,,1,19370906,1,KAN05,v,KCM,0,1,0,regular,y,d,
KCM193709062,robin101,CI1,1,6,value,18,1,1,0,0,0,,,,,1,19370906,2,KAN05,v,KCM,0,1,0,regular,y,d,
CI1193709080,robin101,CI1,1,6,value,27,2,2,1,1,0,,,,,1,19370908,0,DCT02,h,MEM,1,0,0,exhibition,y,d,
MEM193804030,robin101,MEM,1,6,value,27,0,2,0,0,0,,,,,1,19380403,0,MEM02,h,HOM,0,1,0,exhibition,y,y,
MEM193805081,robin101,MEM,1,6,value,27,0,0,0,0,0,,,,,1,19380508,1,MEM02,h,KCM,1,0,0,exhibition,y,d,
MEM193805082,robin101,MEM,1,6,value,21,0,0,0,0,0,,,,,1,19380508,2,MEM02,h,KCM,1,0,0,exhibition,y,d,
MEM193805151,robin101,MEM,1,6,value,27,4,0,0,0,0,,,,,1,19380515,1,MEM02,h,IN7,1,0,0,regular,y,d,
CAG193805221,robin101,MEM,1,6,value,27,1,4,0,0,0,,,,,1,19380522,1,CHI09,v,CAG,1,0,0,regular,y,d,
CAG193805222,robin101,MEM,1,6,value,21,3,2,0,0,0,,,,,1,19380522,2,CHI09,v,CAG,1,0,0,regular,y,d,
MEM193806051,robin101,MEM,1,6,value,27,,,,,,,,0,,1,19380605,1,MEM02,h,BIR,1,0,0,regular,y,,
MEM193806060,robin101,MEM,1,6,value,27,0,0,1,0,0,,,,,1,19380606,0,MEM02,h,BIR,1,0,0,regular,y,d,
MEM193806110,robin101,MEM,1,6,value,36,1,5,0,0,0,,,,,1,19380611,0,MEM02,h,CAG,0,0,1,regular,y,d,
MEM193806121,robin101,MEM,1,6,value,27,0,1,0,1,0,,,,,1,19380612,1,MEM02,h,CAG,1,0,0,regular,y,d,
MEM193806122,robin101,MEM,1,6,value,21,0,0,0,0,0,,,,,1,19380612,2,MEM02,h,CAG,1,0,0,regular,y,d,
MEM193806130,robin101,MEM,1,6,value,27,3,5,0,2,0,,,,,1,19380613,0,MEM02,h,CAG,1,0,0,regular,y,d,
MEM193806150,robin101,MEM,,6,value,,,,,,,,,,,1,19380615,0,LRK02,h,CAG,1,0,0,regular,,,
BIR193806190,robin101,MEM,1,6,value,15,0,3,0,0,0,,,,,1,19380619,0,BIR01,v,BIR,1,0,0,regular,y,y,
JAX193806220,robin101,MEM,1,6,value,29,4,0,0,0,0,,,,,1,19380622,0,JKV01,v,JAX,0,1,0,regular,y,d,
MEM193806261,robin101,MEM,1,6,value,27,4,4,0,0,0,,,,,1,19380626,1,MEM02,h,ATN,1,0,0,regular,y,d,
MEM193806262,robin101,MEM,1,6,value,18,0,0,0,0,0,,,,,1,19380626,2,MEM02,h,ATN,1,0,0,regular,y,d,
MEM193806280,robin101,MEM,1,6,value,27,2,2,1,,,,,,,1,19380628,0,MEM02,h,ATN,1,0,0,regular,y,,
MEM193806290,robin101,MEM,1,6,value,27,,,,,,,,,,,19380629,0,LRK02,h,ATN,1,0,0,regular,,,
KCM193807031,robin101,MEM,1,6,value,31,2,4,0,,,,,,,1,19380703,1,KAN05,v,KCM,0,1,0,regular,y,,
KCM193807032,robin101,MEM,1,6,value,21,1,3,0,,,,,,,1,19380703,2,KAN05,v,KCM,1,0,0,regular,y,,
KCM193807041,robin101,MEM,1,6,value,27,2,3,1,0,0,,,,,1,19380704,1,KAN05,v,KCM,1,0,0,regular,y,,
KCM193807042,robin101,MEM,1,6,value,24,2,5,0,0,0,,,,,1,19380704,2,KAN05,v,KCM,0,1,0,regular,y,,
CAG193807080,robin101,MEM,1,6,value,27,0,0,2,0,0,,,,,1,19380708,0,MIL03,v,CAG,1,0,0,exhibition,y,d,
CAG193807101,robin101,MEM,1,6,value,12,0,2,0,0,0,,,,,0,19380710,1,CHI09,v,CAG,0,1,0,regular,y,d,
CAG193807102,robin101,MEM,1,6,value,24,0,0,0,0,0,,,,,1,19380710,2,CHI09,v,CAG,0,1,0,regular,y,d,
CAG193807110,robin101,MEM,1,6,value,24,0,0,1,0,0,,,,,1,19380711,0,CHI16,v,CAG,0,1,0,regular,y,d,
MEM193807171,robin101,MEM,1,6,value,27,1,5,1,0,0,,,,,1,19380717,1,MEM02,h,JAX,1,0,0,regular,y,d,
MEM193807172,robin101,MEM,1,6,value,21,1,3,0,1,0,,,,,1,19380717,2,MEM02,h,JAX,0,1,0,regular,y,d,
HOM193807250,robin101,MEM,1,6,value,24,0,0,0,0,0,,,,,1,19380725,0,IND10,v,HOM,0,1,0,exhibition,y,d,
HOM193807260,robin101,MEM,1,6,value,24,6,5,0,0,0,,,,,1,19380726,0,DAY03,v,HOM,0,1,0,exhibition,y,d,
HOM193807312,robin101,MEM,1,6,value,24,3,0,0,0,0,,,,,1,19380731,2,NYC16,v,HOM,0,1,0,exhibition,y,d,
KCM193808020,robin101,MEM,1,6,value,15,2,1,1,,,,,,,1,19380802,0,KCK01,v,KCM,0,1,0,regular,y,,
KCM193808030,robin101,MEM,1,6,value,24,5,,1,0,,,,,,1,19380803,0,WIC01,v,KCM,0,1,0,regular,y,,
KCM193808040,robin101,MEM,1,6,value,,,,,,,,,,,1,19380804,0,OKC01,v,KCM,1,0,0,regular,,,
MEM193808071,robin101,MEM,1,6,value,27,3,4,0,0,0,,,,,1,19380807,1,BIR01,h,KCM,0,1,0,regular,y,d,
MEM193808082,robin101,MEM,1,6,value,21,0,1,0,1,0,,,,,1,19380808,2,MEM02,h,BLG,0,1,0,exhibition,y,d,
MEM193808140,robin101,MEM,1,6,value,24,1,2,1,0,0,,,,,1,19380814,0,MEM02,h,BIR,0,1,0,regular,y,d,
MEM193808160,robin101,MEM,1,6,value,27,1,0,0,0,0,,,,,1,19380816,0,MEM02,h,BIR,1,0,0,regular,y,d,
ASW193808210,robin101,ASW,1,8,value,27,2,0,0,0,0,,,,,1,19380821,0,CHI10,h,ASE,1,0,0,allstar,y,y,
ATN193808250,robin101,MEM,1,6,value,24,1,3,1,0,0,,,,,1,19380825,0,ATL04,v,ATN,0,1,0,regular,y,d,
ATN193808260,robin101,MEM,1,6,value,24,1,3,1,0,0,,,,,1,19380826,0,ATL04,v,ATN,0,1,0,regular,y,y,
ATN193808281,robin101,MEM,1,8,value,25,3,0,0,0,0,,,,,1,19380828,1,ATL04,v,ATN,0,1,0,regular,y,d,
ATN193808282,robin101,MEM,1,8,value,12,2,0,0,0,0,,,,,1,19380828,2,ATL04,v,ATN,0,1,0,regular,y,d,
KCM193809111,robin101,MEM,1,8,value,26,1,0,0,0,0,,,,,1,19380911,1,KAN05,v,KCM,0,1,0,exhibition,y,d,
KCM193809112,robin101,MEM,1,4,value,,2,0,0,,,,,,,,19380911,2,KAN05,v,KCM,0,1,0,exhibition,y,,
KCM193809140,robin101,MEM,1,4,value,24,1,1,2,0,0,,,,,1,19380914,0,LIN01,v,KCM,0,1,0,exhibition,y,,
MEM193809180,robin101,MEM,1,4,value,27,1,2,1,0,0,,,,,1,19380918,0,MEM02,h,ATN,1,0,0,lcs,y,d,
MEM193809190,robin101,MEM,1,6,value,3,0,0,0,0,0,,,,,1,19380919,0,MEM02,h,ATN,1,0,0,lcs,y,d,
NNL193809240,robin101,NAL,1,6,value,24,0,0,0,0,0,,,,,1,19380924,0,PHI17,v,NNL,0,1,0,allstar,y,d,
NNL193809250,robin101,NAL,1,6,value,29,3,2,0,0,0,,,,,1,19380925,0,NYC14,v,NNL,0,1,0,allstar,y,d,
SAS193810020,robin101,SAS,1,4,value,27,1,4,1,0,0,,,,,1,19381002,0,MEM02,h,NAS,1,0,0,allstar,y,d,
MEM193904090,robin101,MEM,1,8,value,27,,,0,,0,0,,,,,19390409,0,MEM02,h,KCM,0,1,0,exhibition,,,
MEM193904301,robin101,MEM,1,8,value,33,1,0,0,0,0,,,,,1,19390430,1,MEM02,h,SSA,1,0,0,exhibition,y,,
MEM193905040,robin101,MEM,1,8,value,27,0,0,0,0,0,,,,,1,19390504,0,MEM02,h,HOM,1,0,0,exhibition,y,d,
MEM193905071,robin101,MEM,1,8,value,27,1,0,0,0,0,,,,,1,19390507,1,MEM02,h,CAG,1,0,0,exhibition,y,d,
MEM193905072,robin101,MEM,1,8,value,21,0,0,0,0,0,,,,,1,19390507,2,MEM02,h,CAG,1,0,0,exhibition,y,d,
KCM193905141,robin101,MEM,1,8,value,24,3,2,0,0,0,,,,,1,19390514,1,KAN05,v,KCM,0,1,0,regular,y,d,
KCM193905142,robin101,MEM,1,8,value,18,1,0,0,0,0,,,,,1,19390514,2,KAN05,v,KCM,0,1,0,regular,y,d,
KCM193905170,robin101,MEM,1,4,value,24,0,2,1,0,0,,,,,1,19390517,0,KAN05,v,KCM,0,1,0,regular,y,,
MEM193905210,robin101,MEM,1,8,value,21,3,0,0,0,0,,,,,1,19390521,0,MEM02,h,SSA,0,1,0,regular,y,d,
MEM193905210,robin101,MEM,2,6,value,6,0,0,0,0,0,,,,,0,19390521,0,MEM02,h,SSA,0,1,0,regular,y,d,
CAG193905281,robin101,MEM,1,6,value,27,2,1,0,0,0,,,,,1,19390528,1,CHI09,v,CAG,1,0,0,regular,y,d,
CAG193905290,robin101,MEM,1,6,value,39,0,0,1,0,0,,,,,1,19390529,0,CHI09,v,CAG,1,0,0,regular,y,d,
MEM193906040,robin101,MEM,1,8,value,27,0,0,0,0,0,,,,,1,19390604,0,MEM02,h,ATN,1,0,0,regular,y,d,
MEM193906111,robin101,MEM,1,8,value,27,3,,0,0,0,,,,,1,19390611,1,OKC01,h,KCM,1,0,0,regular,y,,
MEM193906140,robin101,MEM,1,6,value,27,0,,0,0,0,,,,,1,19390614,0,WIC01,h,KCM,1,0,0,regular,y,,
ATN193906180,robin101,MEM,1,9,value,18,3,0,0,0,0,,,,,1,19390618,0,ATL04,v,ATN,0,1,0,regular,y,d,
ATN193906180,robin101,MEM,2,6,value,5,0,0,0,0,0,,,,,0,19390618,0,ATL04,v,ATN,0,1,0,regular,y,d,
ATN193906200,robin101,MEM,1,6,value,24,,,,0,0,,,,,1,19390620,0,ATL04,v,ATN,0,1,0,regular,y,,
MEM193906251,robin101,MEM,1,8,value,21,3,,0,0,0,,,,,1,19390625,1,MEM02,h,CAG,0,1,0,regular,y,,
MEM193906251,robin101,MEM,2,6,value,6,,,0,0,0,,,,,1,19390625,1,MEM02,h,CAG,0,1,0,regular,y,,
CV9193907091,robin101,MEM,1,8,value,32,5,1,0,0,0,,,,,1,19390709,1,CLE06,v,CV9,0,1,0,regular,y,d,
CV9193907092,robin101,MEM,1,8,value,18,0,0,0,0,0,,,,,1,19390709,2,CLE06,v,CV9,0,1,0,regular,y,d,
CV9193907120,robin101,MEM,1,8,value,27,,,0,0,0,,,,,1,19390712,0,MIL03,v,CV9,1,0,0,regular,y,,
MEM193907161,robin101,MEM,1,8,value,27,1,,0,0,0,,,,,1,19390716,1,MEM02,h,SSA,0,1,0,regular,y,,
MEM193907231,robin101,MEM,1,8,value,27,1,0,0,0,0,,,,,1,19390723,1,MEM02,h,CV9,1,0,0,regular,y,d,
SSA193907260,robin101,MEM,1,4,value,27,0,0,0,0,0,,,,,1,19390726,0,STL13,v,SSA,1,0,0,regular,y,d,
MEM193908010,robin101,MEM,1,8,value,27,0,1,0,0,0,,,,,1,19390801,0,NOL01,h,SSA,0,1,0,regular,y,d,
ASW193908060,robin101,ASW,1,8,value,27,2,0,0,0,0,,,,,1,19390806,0,CHI10,h,ASE,1,0,0,allstar,y,y,
MEM193908130,robin101,MEM,1,8,value,27,1,0,0,0,0,,,,,1,19390813,0,MEM02,h,KCM,0,1,0,regular,y,d,
MEM193908130,robin101,MEM,2,6,value,6,0,0,0,0,0,,,,,0,19390813,0,MEM02,h,KCM,0,1,0,regular,y,d,
KCM193908201,robin101,MEM,1,8,value,24,0,0,0,0,0,,,,,1,19390820,1,KAN05,v,KCM,0,1,0,regular,y,d,
KCM193908202,robin101,MEM,1,8,value,18,1,0,0,0,0,,,,,1,19390820,2,KAN05,v,KCM,0,1,0,regular,y,d,
ASE193908270,robin101,ASW,1,8,value,24,2,0,0,0,0,,,,,1,19390827,0,NYC16,v,ASE,0,1,0,allstar,y,y,
CAG193909031,robin101,MEM,1,8,value,24,0,0,0,0,0,,,,,1,19390903,1,CHI09,v,CAG,0,1,0,regular,y,d,
MEM194004280,robin101,MEM,1,8,value,21,4,,0,0,0,,,,,1,19400428,0,MEM02,h,NY5,1,0,0,exhibition,y,,
MEM194004280,robin101,MEM,2,6,value,6,,,0,0,0,,,,,1,19400428,0,MEM02,h,NY5,1,0,0,exhibition,y,,
MEM194005051,robin101,MEM,1,8,value,27,1,,0,0,0,,,,,1,19400505,1,MEM02,h,CAG,1,0,0,exhibition,y,,
MEM194005052,robin101,MEM,1,8,value,21,6,,0,0,0,,,,,1,19400505,2,MEM02,h,CAG,0,1,0,exhibition,y,,
MEM194005081,robin101,MEM,1,8,value,27,5,,0,0,0,,,,,1,19400508,1,NOL01,h,CAG,1,0,0,exhibition,y,,
MEM194005121,robin101,MEM,1,5,value,27,2,4,0,0,0,,,,,1,19400512,1,MEM02,h,SNO,1,0,0,regular,y,,
MEM194005122,robin101,MEM,1,5,value,,0,2,0,0,1,,,,,1,19400512,2,MEM02,h,SNO,1,0,0,regular,y,,
MEM194005122,robin101,MEM,2,8,value,,,,0,0,0,,,,,1,19400512,2,MEM02,h,SNO,1,0,0,regular,y,,
MEM194005191,robin101,MEM,1,5,value,27,2,2,0,0,0,,,,,1,19400519,1,MEM02,h,KCM,0,1,0,regular,y,,
MEM194005192,robin101,MEM,1,5,value,,1,1,0,0,0,,,,,1,19400519,2,MEM02,h,KCM,0,1,0,regular,y,,
MEM194005192,robin101,MEM,2,7,value,,,,0,0,0,,,,,1,19400519,2,MEM02,h,KCM,0,1,0,regular,y,,
KCM194005230,robin101,MEM,1,8,value,24,3,0,0,0,0,,,,,1,19400523,0,OKC01,v,KCM,0,1,0,regular,y,,
KCM194005240,robin101,MEM,1,6,value,,0,,0,0,0,,,,,1,19400524,0,WIC01,v,KCM,0,1,0,regular,y,,
KCM194005261,robin101,MEM,1,8,value,24,2,0,0,0,0,,,,,1,19400526,1,KAN05,v,KCM,0,1,0,regular,y,,
KCM194005262,robin101,MEM,1,8,value,18,2,0,0,0,0,,,,,1,19400526,2,KAN05,v,KCM,0,1,0,regular,y,,
BIR194006021,robin101,MEM,1,8,value,42,3,0,0,0,0,,,,,1,19400602,1,BIR01,v,BIR,1,0,0,regular,y,,
BIR194006022,robin101,MEM,1,8,value,21,0,0,0,0,0,,,,,1,19400602,2,BIR01,v,BIR,1,0,0,regular,y,,
MEM194006091,robin101,MEM,1,8,value,,1,,0,0,0,,,,,1,19400609,1,MEM02,h,BIR,0,1,0,regular,y,,
MEM194006091,robin101,MEM,2,6,value,,,,0,0,0,,,,,1,19400609,1,MEM02,h,BIR,0,1,0,regular,y,,
MEM194006092,robin101,MEM,1,8,value,21,1,,0,0,0,,,,,1,19400609,2,MEM02,h,BIR,1,0,0,regular,y,,
MEM194006210,robin101,MEM,1,8,value,27,1,0,1,0,0,,,,,1,19400621,0,NOL01,h,SNO,0,1,0,regular,y,,
MEM194006231,robin101,MEM,1,8,value,27,2,0,0,0,0,,,,,1,19400623,1,MEM02,h,SNO,0,1,0,regular,y,,
MEM194006232,robin101,MEM,1,8,value,21,2,0,0,0,0,,,,,1,19400623,2,MEM02,h,SNO,0,1,0,regular,y,,
CAG194006301,robin101,MEM,1,5,value,25,,,0,0,0,,,,,1,19400630,1,CHI09,v,CAG,0,1,0,regular,y,,
MEM194007041,robin101,MEM,1,5,value,27,2,4,0,2,0,,,,,1,19400704,1,MEM02,h,CV9,1,0,0,regular,y,,
MEM194007042,robin101,MEM,1,5,value,21,0,0,1,0,0,,,,,1,19400704,2,MEM02,h,CV9,0,1,0,regular,y,,
KCM194007071,robin101,MEM,1,5,value,26,1,2,0,0,0,,,,,1,19400707,1,KAN05,v,KCM,0,1,0,regular,y,,
KCM194007072,robin101,MEM,1,5,value,18,1,0,1,0,0,,,,,1,19400707,2,KAN05,v,KCM,0,1,0,regular,y,,
MEM194007141,robin101,MEM,1,5,value,27,1,3,0,0,0,,,,,1,19400714,1,MEM02,h,BIR,0,1,0,regular,y,,
MEM194007142,robin101,MEM,1,5,value,21,0,3,0,0,0,,,,,1,19400714,2,MEM02,h,BIR,1,0,0,regular,y,,
BIR194007170,robin101,MEM,1,5,value,24,,,0,,0,0,,,,,19400717,0,OKC01,v,BIR,0,1,0,regular,,,
MEM194007211,robin101,MEM,1,8,value,27,2,0,0,0,0,,,,,1,19400721,1,MEM02,h,IN8,1,0,0,regular,y,,
NY5194008042,robin101,MEM,1,8,value,27,1,0,0,0,0,,,,,1,19400804,2,NYC16,v,NY5,1,0,0,exhibition,y,,
PH5194008102,robin101,MEM,1,8,value,,0,0,0,0,0,,,,,1,19400810,2,PHI17,v,PH5,1,0,0,exhibition,y,,
ASW194008180,robin101,ASW,1,8,value,18,0,0,0,0,0,,,,,1,19400818,0,CHI10,h,ASE,0,1,0,allstar,y,y,
MEM194104130,robin101,MEM,1,8,value,27,,,0,,0,0,,,,,19410413,0,MEM02,h,BLG,0,1,0,exhibition,,,
MEM194104230,robin101,MEM,1,6,value,27,1,4,1,1,0,,,,,1,19410423,0,PBL01,h,NY5,1,0,0,exhibition,y,,
MEM194105041,robin101,MEM,1,8,value,27,,,0,0,0,,,,,1,19410504,1,MEM02,h,KCM,1,0,0,exhibition,y,,
MEM194105181,robin101,MEM,1,8,value,27,,,0,,0,0,,,,,19410518,1,MEM02,h,SNO,1,0,0,regular,,,
KCM194105200,robin101,MEM,1,8,value,27,2,0,0,0,0,,,,,1,19410520,0,SPR05,v,KCM,1,0,0,regular,y,,
KCM194105250,robin101,MEM,1,8,value,24,3,0,0,0,0,,,,,1,19410525,0,KAN05,v,KCM,0,1,0,regular,y,,
MEM194106011,robin101,MEM,1,8,value,27,3,0,0,0,0,,,,,1,19410601,1,MEM02,h,BIR,0,1,0,regular,y,,
MEM194106012,robin101,MEM,1,8,value,21,2,0,0,0,0,,,,,1,19410601,2,MEM02,h,BIR,1,0,0,regular,y,,
BIR194106081,robin101,MEM,1,8,value,24,6,0,0,0,0,,,,,1,19410608,1,BIR01,v,BIR,0,1,0,regular,y,,
BIR194106082,robin101,MEM,1,8,value,21,3,0,0,0,0,,,,,1,19410608,2,BIR01,v,BIR,1,0,0,regular,y,,
BIR194106100,robin101,MEM,1,8,value,24,,,0,0,0,,,,,1,19410610,0,GAD01,v,BIR,0,1,0,regular,y,,
CAG194106221,robin101,MEM,1,8,value,32,,,0,,0,0,,,,1,19410622,1,CHI10,v,CAG,0,1,0,regular,,,
PH5194107121,robin101,MEM,1,8,value,27,2,0,0,0,0,,,,,1,19410712,1,PHI17,v,PH5,1,0,0,exhibition,y,,
PH5194107122,robin101,MEM,1,8,value,21,1,0,0,0,0,,,,,1,19410712,2,PHI17,v,PH5,1,0,0,exhibition,y,,
SNO194107202,robin101,MEM,1,8,value,27,2,0,0,0,0,,,,,1,19410720,2,CIN07,v,SNO,1,0,0,regular,y,,
ASW194107270,robin101,ASW,1,8,value,12,2,0,0,0,0,,,,,1,19410727,0,CHI10,h,ASE,0,1,0,allstar,y,y,
MEM194108031,robin101,MEM,1,8,value,27,0,0,0,0,0,,,,,1,19410803,1,MEM02,h,BIR,1,0,0,regular,y,,
HOM194108080,robin101,MEM,1,8,value,27,1,0,0,0,0,,,,,1,19410808,0,ALT02,v,HOM,1,0,0,exhibition,y,,
NY6194108101,robin101,MEM,1,8,value,24,,,0,0,0,,,,,1,19410810,1,NYC16,v,NY6,0,1,0,exhibition,y,,
PH5194108120,robin101,MEM,1,8,value,27,1,0,0,0,0,,,,,1,19410812,0,HRB01,v,PH5,1,0,0,exhibition,y,,
NAL194109210,robin101,NAL,1,8,value,30,3,1,0,0,0,,,,,1,19410921,0,MEM03,h,NNL,1,0,0,exhibition,y,,
MEM194204050,robin101,MEM,1,8,value,27,5,0,1,0,0,,,,,1,19420405,0,MEM02,h,BLG,1,0,0,exhibition,y,,
CAG194204120,robin101,MEM,1,8,value,26,2,0,0,0,0,,,,,1,19420412,0,LRK02,v,CAG,0,1,0,exhibition,y,,
MEM194204191,robin101,MEM,1,8,value,27,,,0,0,0,,,,,1,19420419,1,MEM03,h,CAG,0,1,0,exhibition,y,,
MEM194205031,robin101,MEM,1,8,value,27,1,0,0,0,0,,,,,1,19420503,1,MEM02,h,KCM,0,1,0,exhibition,y,,
MEM194205032,robin101,MEM,1,8,value,21,,,0,0,0,,,,,1,19420503,2,MEM02,h,KCM,0,1,0,exhibition,y,,
MEM194205101,robin101,MEM,1,8,value,27,,,0,0,0,,,,,1,19420510,1,MEM02,h,CCB,1,0,0,regular,y,,
KCM194205171,robin101,MEM,1,8,value,24,3,0,0,0,0,,,,,1,19420517,1,KAN05,v,KCM,0,1,0,regular,y,,
KCM194205172,robin101,MEM,1,8,value,21,0,0,0,0,0,,,,,1,19420517,2,KAN05,v,KCM,1,0,0,regular,y,,
MEM194205241,robin101,MEM,1,8,value,27,,,0,0,0,,,,,1,19420524,1,MEM02,h,CAG,1,0,0,regular,y,,
CAG194205310,robin101,MEM,1,8,value,27,,,0,0,0,,,,,1,19420531,0,CHI10,v,CAG,1,0,0,regular,y,,
MEM194206071,robin101,MEM,1,8,value,27,3,0,0,0,0,,,,,1,19420607,1,LRK02,h,JAX,1,0,0,regular,y,,
MEM194206141,robin101,MEM,1,8,value,27,,,0,,0,0,,,,,19420614,1,MEM02,h,JAX,1,0,0,regular,,,
MEM194206142,robin101,MEM,1,8,value,21,,,0,,0,0,,,,,19420614,2,MEM02,h,JAX,1,0,0,regular,,,
KCM194206210,robin101,MEM,1,8,value,26,2,0,0,0,0,,,,,1,19420621,0,KAN05,v,KCM,0,1,0,regular,y,,
BIR194206281,robin101,MEM,1,8,value,24,2,0,0,0,0,,,,,1,19420628,1,BIR01,v,BIR,0,1,0,regular,y,,
BIR194206282,robin101,MEM,1,8,value,18,1,0,0,0,0,,,,,1,19420628,2,BIR01,v,BIR,0,1,0,regular,y,,
MEM194207041,robin101,MEM,1,8,value,,,,0,0,0,,,,,1,19420704,1,MEM02,h,KCM,1,0,0,regular,y,,
KCM194207150,robin101,MEM,1,8,value,27,0,0,0,0,0,,,,,1,19420715,0,TOP01,v,KCM,1,0,0,regular,y,,
KCM194207160,robin101,MEM,1,8,value,,0,0,0,0,0,,,,,1,19420716,0,STJ01,v,KCM,0,1,0,regular,y,,
BIR194207191,robin101,MEM,1,8,value,27,4,0,0,0,0,,,,,1,19420719,1,BIR01,v,BIR,1,0,0,regular,y,,
BIR194207192,robin101,MEM,1,8,value,,0,0,0,0,0,,,,,1,19420719,2,BIR01,v,BIR,0,1,0,regular,y,,
BIR194207192,robin101,MEM,2,5,value,,,,0,0,0,,,,,1,19420719,2,BIR01,v,BIR,0,1,0,regular,y,,
KCM194207261,robin101,MEM,1,8,value,27,4,0,0,0,0,,,,,1,19420726,1,CHI11,v,KCM,1,0,0,regular,y,,
KCM194207262,robin101,MEM,1,8,value,18,4,0,0,0,0,,,,,1,19420726,2,CHI11,v,KCM,0,1,0,regular,y,,
CI2194208022,robin101,MEM,1,8,value,32,,,0,0,0,,,,,1,19420802,2,CIN07,v,CI2,0,1,0,exhibition,y,,
CCB194208120,robin101,MEM,1,8,value,27,5,0,0,0,0,,,,,1,19420812,0,CAN03,v,CCB,1,0,0,regular,y,,
NY5194208160,robin101,MEM,1,6,value,30,5,3,0,0,0,,,,,1,19420816,0,NYC16,v,NY5,0,0,1,exhibition,y,,
MEM194208301,robin101,MEM,1,8,value,27,2,,1,0,0,,,,,1,19420830,1,MEM02,h,BIR,0,1,0,regular,y,,
MEM194209061,robin101,MEM,1,8,value,30,,,1,0,0,,,,,1,19420906,1,CHI11,h,BIR,0,1,0,regular,y,,
MEM194209131,robin101,MEM,1,6,value,27,,,0,0,0,,,,,1,19420913,1,MEM02,h,CAG,1,0,0,exhibition,y,,
MEM194209132,robin101,MEM,1,6,value,21,,,0,1,0,,,,,1,19420913,2,MEM02,h,CAG,0,1,0,exhibition,y,,
NAL194209200,robin101,NAL,1,8,value,27,1,,1,0,0,,,,,1,19420920,0,MEM03,h,NY5,1,0,0,exhibition,y,,
MEM194304251,robin101,MEM,1,8,value,27,1,,0,0,0,,,,,1,19430425,1,MEM03,h,CAG,1,0,0,exhibition,y,,
MEM194305021,robin101,MEM,1,8,value,27,,,1,0,0,,,,,1,19430502,1,MEM02,h,CAG,0,1,0,exhibition,y,,
MEM194305231,robin101,MEM,1,6,value,27,1,1,2,1,0,,,,,1,19430523,1,MEM03,h,BIR,1,0,0,regular,y,d,
BIR194305301,robin101,MEM,1,8,value,24,1,0,0,0,0,,,,,1,19430530,1,BIR01,v,BIR,0,1,0,regular,y,d,
BIR194305302,robin101,MEM,1,8,value,18,2,0,0,0,0,,,,,1,19430530,2,BIR01,v,BIR,0,1,0,regular,y,,
KCM194306110,robin101,MEM,1,8,value,32,3,1,0,0,0,,,,,1,19430611,0,SPR04,v,KCM,0,1,0,regular,y,,
CI2194306131,robin101,MEM,1,8,value,27,2,0,0,0,0,,,,,1,19430613,1,CIN07,v,CI2,1,0,0,regular,y,,
CI2194306132,robin101,MEM,1,8,value,18,3,,0,0,0,,,,,1,19430613,2,CIN07,v,CI2,1,0,0,regular,y,,
CI2194306133,robin101,MEM,1,8,value,27,,,,,0,,,,,,19430613,3,DAY03,v,CI2,1,0,0,exhibition,,,
MEM194306160,robin101,MEM,1,8,value,27,1,0,0,0,0,,,,,1,19430616,0,SPR04,h,NY6,1,0,0,exhibition,y,d,
MEM194306271,robin101,MEM,1,5,value,12,0,0,2,0,0,,,,,1,19430627,1,MEM03,h,CI2,0,1,0,regular,y,d,
MEM194306271,robin101,MEM,2,6,value,15,0,0,0,0,0,,,,,0,19430627,1,MEM03,h,CI2,0,1,0,regular,y,d,
KCM194307041,robin101,MEM,1,8,value,24,2,0,0,0,0,,,,,1,19430704,1,KAN05,v,KCM,0,1,0,regular,y,d,
KCM194307042,robin101,MEM,1,8,value,21,2,0,0,0,0,,,,,1,19430704,2,KAN05,v,KCM,1,0,0,regular,y,,
KCM194307051,robin101,MEM,1,8,value,24,1,0,2,0,0,,,,,1,19430705,1,KAN05,v,KCM,0,1,0,regular,y,,
KCM194307052,robin101,MEM,1,8,value,18,3,0,0,0,0,,,,,1,19430705,2,KAN05,v,KCM,0,1,0,regular,y,,
MEM194307181,robin101,MEM,1,8,value,27,0,0,0,0,0,,,,,1,19430718,1,CHI11,h,NY6,1,0,0,exhibition,y,d,
CI2194307200,robin101,MEM,1,8,value,27,2,0,0,0,0,,,,,1,19430720,0,DAV01,v,CI2,1,0,0,regular,y,d,
MEM194307251,robin101,MEM,1,8,value,27,3,,2,0,0,,,,,1,19430725,1,MEM03,h,CVB,1,0,0,regular,y,,
MEM194307270,robin101,MEM,1,8,value,27,0,0,1,0,0,,,,,1,19430727,0,BEL01,h,CVB,0,1,0,regular,y,d,
ASW194308010,robin101,ASW,1,7,value,24,4,0,0,0,0,,,,,1,19430801,0,CHI10,h,ASE,1,0,0,allstar,y,y,
MEM194308221,robin101,MEM,1,8,value,27,,,0,0,0,,,,,1,19430822,1,NOL01,h,CAG,0,1,0,regular,y,,
MEM194308240,robin101,MEM,1,8,value,27,0,0,0,0,0,,,,,1,19430824,0,WAC01,h,CAG,1,0,0,regular,y,d,
MEM194308260,robin101,MEM,1,6,value,27,0,7,1,0,0,,,,,1,19430826,0,OKC02,h,CAG,0,1,0,regular,y,d,
MEM194308291,robin101,MEM,1,6,value,27,,,2,0,0,0,0,0,,1,19430829,1,MEM02,h,CAG,0,1,0,regular,y,,
CAG194309020,robin101,MEM,1,8,value,27,5,0,0,0,0,,,,,1,19430902,0,CHI10,v,CAG,1,0,0,regular,y,d,
CAG194309080,robin101,MEM,1,8,value,21,0,0,0,0,0,,,,,1,19430908,0,MIL03,v,CAG,0,1,0,regular,y,,
MEM194309210,robin101,MEM,1,8,value,27,0,0,0,0,0,,,,,1,19430921,0,MUS01,h,NY5,1,0,0,exhibition,y,,
MEM194309300,robin101,MEM,1,8,value,27,4,0,0,0,0,,,,,1,19430930,0,HOU04,h,NY5,1,0,0,exhibition,y,d,
MEM194404140,robin101,MEM,1,8,value,27,,,,,0,,,,,,19440414,0,LRK02,h,CAG,1,0,0,exhibition,,,
KCM194405030,robin101,MEM,1,8,value,31,0,0,0,0,0,,,,,1,19440503,0,OKC02,v,KCM,0,1,0,exhibition,y,d,
MEM194405071,robin101,MEM,1,8,value,27,0,0,0,0,0,,,,,1,19440507,1,MEM03,h,KCM,0,1,0,regular,y,d,
CAG194405141,robin101,MEM,1,8,value,27,3,0,0,0,0,,,,,1,19440514,1,CHI10,v,CAG,1,0,0,regular,y,d,
CAG194405142,robin101,MEM,1,8,value,18,0,0,0,0,0,,,,,1,19440514,2,CHI10,v,CAG,0,1,0,regular,y,d,
KCM194405211,robin101,MEM,1,8,value,24,2,0,0,0,0,,,,,1,19440521,1,KAN05,v,KCM,0,1,0,regular,y,d,
KCM194405212,robin101,MEM,1,8,value,21,1,0,0,0,0,,,,,1,19440521,2,KAN05,v,KCM,1,0,0,regular,y,y,
KCM194405220,robin101,MEM,1,8,value,24,2,0,0,0,0,,,,,1,19440522,0,KAN05,v,KCM,0,1,0,regular,y,d,
CIA194405240,robin101,MEM,1,8,value,24,0,0,0,0,0,,,,,1,19440524,0,SPR03,v,CIA,0,1,0,regular,y,d,
CIA194405250,robin101,MEM,1,8,value,27,0,0,0,0,0,,,,,1,19440525,0,DAV01,v,CIA,1,0,0,regular,y,d,
CIA194405281,robin101,MEM,1,8,value,24,0,0,0,0,0,,,,,1,19440528,1,CIN07,v,CIA,0,1,0,regular,y,d,
MEM194406041,robin101,MEM,1,8,value,,1,,0,0,0,,,,,1,19440604,1,MEM03,h,CVB,0,1,0,regular,y,,
MEM194406041,robin101,MEM,2,6,value,,,,0,0,0,,,,,,19440604,1,MEM03,h,CVB,0,1,0,regular,y,,
MEM194406110,robin101,MEM,1,8,value,39,8,0,0,0,0,,,,,1,19440611,0,CHI11,h,NW2,0,1,0,exhibition,y,d,
MEM194406130,robin101,MEM,1,8,value,27,1,1,0,0,0,,,,,1,19440613,0,DAV01,h,NW2,0,1,0,exhibition,y,d,
MEM194406181,robin101,MEM,1,8,value,27,3,0,0,0,0,,,,,1,19440618,1,BEA01,h,BIR,0,1,0,regular,y,d,
MEM194406251,robin101,MEM,1,8,value,27,0,0,0,0,0,,,,,1,19440625,1,MEM02,h,CIA,1,0,0,regular,y,d,
MEM194406260,robin101,MEM,1,8,value,27,0,0,0,0,0,,,,,1,19440626,0,NOL01,h,CIA,0,1,0,regular,y,d,
MEM194406270,robin101,MEM,1,3,value,27,,,,,0,,,,,,19440627,0,HOU04,h,CIA,0,1,0,regular,,,
CAG194407021,robin101,MEM,1,8,value,27,3,0,0,0,0,,,,,1,19440702,1,DET04,v,CAG,1,0,0,regular,y,d,
CAG194407022,robin101,MEM,1,8,value,24,0,0,0,0,0,,,,,1,19440702,2,DET04,v,CAG,0,1,0,regular,y,d,
CVB194407100,robin101,MEM,1,8,value,27,0,0,0,0,0,,,,,1,19440710,0,HAM02,v,CVB,1,0,0,regular,y,,
MEM194407161,robin101,MEM,1,8,value,27,2,0,0,0,0,,,,,1,19440716,1,MEM03,h,CVB,1,0,0,regular,y,d,
MEM194407200,robin101,MEM,1,8,value,27,4,1,0,1,0,,,,,1,19440720,0,OKC02,h,CVB,1,0,0,regular,y,d,
MEM194407231,robin101,MEM,1,8,value,27,0,0,0,0,0,,,,,1,19440723,1,MEM03,h,CAG,0,1,0,regular,y,d,
KCM194407301,robin101,MEM,1,8,value,27,0,0,0,0,0,,,,,1,19440730,1,CHI11,v,KCM,1,0,0,regular,y,d,
KCM194407302,robin101,MEM,1,8,value,24,0,0,0,0,0,,,,,1,19440730,2,CHI11,v,KCM,1,0,0,regular,y,d,
BIR194408061,robin101,MEM,1,8,value,27,0,0,0,0,0,,,,,1,19440806,1,BIR01,v,BIR,1,0,0,regular,y,d,
ASW194408130,robin101,ASW,1,8,value,15,1,0,0,0,0,,,,,0,19440813,0,CHI10,h,ASE,1,0,0,allstar,y,d,
KCM194409031,robin101,MEM,1,8,value,24,1,0,0,0,0,,,,,1,19440903,1,KAN05,v,KCM,0,1,0,regular,y,d,
KCM194409032,robin101,MEM,1,8,value,21,1,0,0,0,0,,,,,1,19440903,2,KAN05,v,KCM,1,0,0,regular,y,d,
KCM194409040,robin101,MEM,1,8,value,24,3,0,0,0,0,,,,,1,19440904,0,KAN05,v,KCM,0,1,0,regular,y,d,
KCM194409050,robin101,MEM,1,8,value,24,2,0,0,0,0,,,,,1,19440905,0,STJ01,v,KCM,0,1,0,exhibition,y,d,
KCM194409070,robin101,MEM,1,8,value,27,4,0,0,0,0,,,,,1,19440907,0,OKC02,v,KCM,1,0,0,exhibition,y,d,
MEM194409080,robin101,MEM,1,8,value,30,,,,,0,,,,,,19440908,0,MEM02,h,CAG,0,1,0,exhibition,,,
MEM194409130,robin101,MEM,1,8,value,33,0,0,0,0,0,,,,,1,19440913,0,MUS01,h,CAG,1,0,0,exhibition,y,d,
MEM194409140,robin101,MEM,1,8,value,27,1,0,0,0,0,,,,,1,19440914,0,OKC02,h,CAG,1,0,0,exhibition,y,d,
SAS194410010,robin101,SAS,1,8,value,27,0,0,0,0,0,,,,,1,19441001,0,NOL01,h,NAS,0,1,0,allstar,y,d,
MEM194504150,robin101,MEM,1,8,value,27,,,1,0,0,,,,,1,19450415,0,MEM02,h,KCM,1,0,0,exhibition,y,,
MEM194505061,robin101,MEM,1,7,value,27,2,,0,0,0,,,,,1,19450506,1,MEM03,h,CIA,1,0,0,regular,y,,
MEM194505210,robin101,MEM,1,8,value,27,1,0,0,0,0,,,,,1,19450521,0,MUN02,h,BIR,0,1,0,regular,y,,
CVB194505271,robin101,MEM,1,8,value,24,1,0,0,0,0,,,,,1,19450527,1,CLE06,v,CVB,0,1,0,regular,y,,
CVB194505272,robin101,MEM,1,8,value,18,0,0,0,0,0,,,,,1,19450527,2,CLE06,v,CVB,0,1,0,regular,y,,
CAG194506031,robin101,MEM,1,6,value,18,5,6,1,0,0,,,,,1,19450603,1,CHI10,v,CAG,0,1,0,regular,y,,
CAG194506031,robin101,MEM,2,8,value,6,,,0,0,0,,,,,1,19450603,1,CHI10,v,CAG,0,1,0,regular,y,,
CAG194506050,robin101,MEM,1,8,value,24,,,1,0,0,,,,,1,19450605,0,MIL03,v,CAG,0,1,0,regular,y,,
MEM194506171,robin101,MEM,1,8,value,36,6,0,0,0,0,,,,,1,19450617,1,CHI11,h,CIA,1,0,0,regular,y,,
BIR194507020,robin101,MEM,1,8,value,15,0,0,0,0,0,,,,,1,19450702,0,MTG01,v,BIR,0,1,0,regular,y,d,
CAG194507151,robin101,MEM,1,8,value,24,,,0,0,0,,,,,1,19450715,1,CHI10,v,CAG,0,1,0,regular,y,,
CAG194507160,robin101,MEM,1,8,value,27,2,0,0,0,0,,,,,1,19450716,0,MIL03,v,CAG,1,0,0,regular,y,,
CAG194507170,robin101,MEM,1,8,value,24,1,1,0,0,0,,,,,1,19450717,0,GBW01,v,CAG,0,1,0,regular,y,,
CAG194507180,robin101,MEM,1,8,value,24,,,0,0,0,,,,,1,19450718,0,RAC01,v,CAG,0,1,0,regular,y,,
CAG194507190,robin101,MEM,1,8,value,24,,,0,0,0,,,,,1,19450719,0,SPR03,v,CAG,0,1,0,regular,y,,
MEM194507221,robin101,MEM,1,8,value,27,,,0,0,0,,,,,1,19450722,1,DET04,h,KCM,0,1,0,regular,y,,
MEM194507222,robin101,MEM,1,8,value,21,,,0,0,0,,,,,1,19450722,2,DET04,h,KCM,0,1,0,regular,y,,
MEM194507230,robin101,MEM,1,5,value,27,,,1,0,0,,,,,1,19450723,0,FLI01,h,KCM,0,1,0,regular,y,,
ASW194507290,robin101,ASW,1,8,value,27,1,0,0,0,0,,,,,1,19450729,0,CHI10,h,ASE,1,0,0,allstar,y,d,
MEM194507310,robin101,MEM,1,8,value,27,,,0,,0,0,,,,,19450731,0,HOU04,h,CIA,0,1,0,regular,,,
BLG194508121,robin101,MEM,1,8,value,24,,,0,0,0,,,,,1,19450812,1,BAL14,v,BLG,0,1,0,exhibition,y,,
BLG194508122,robin101,MEM,1,8,value,21,,,0,0,0,,,,,1,19450812,2,BAL14,v,BLG,1,0,0,exhibition,y,,
NY5194508130,robin101,MEM,1,8,value,27,1,0,0,0,0,0,0,0,,1,19450813,0,NYC23,v,NY5,1,0,0,exhibition,y,,
PH5194508161,robin101,MEM,1,8,value,27,,,0,0,0,,,,,1,19450816,1,WAS09,v,PH5,1,0,0,exhibition,y,,
MEM194508180,robin101,MEM,1,8,value,27,3,0,0,0,0,,,,,1,19450818,0,WIL04,h,CAG,1,0,0,regular,y,,
NW2194508210,robin101,MEM,1,8,value,27,,,0,0,0,,,,,1,19450821,0,NWK04,v,NW2,1,0,0,exhibition,y,,
PH5194508221,robin101,MEM,1,8,value,24,3,0,0,0,0,,,,,1,19450822,1,PHI11,v,PH5,0,1,0,exhibition,y,,
KCM194509021,robin101,MEM,1,8,value,27,3,1,1,0,0,,,,,1,19450902,1,KAN05,v,KCM,1,0,0,regular,y,,
KCM194509022,robin101,MEM,1,8,value,21,2,0,0,0,0,,,,,1,19450902,2,KAN05,v,KCM,0,1,0,regular,y,,
SAS194510070,robin101,SAS,1,7,value,27,1,0,0,0,0,,,,,1,19451007,0,NOL01,h,NAS,0,1,0,allstar,y,d,
KCM194605120,robin101,MEM,1,7,value,24,0,0,0,0,0,,,,,1,19460512,0,KAN05,v,KCM,0,1,0,regular,y,d,
KCM194606130,robin101,MEM,1,7,value,24,2,0,0,0,0,,,,,1,19460613,0,KAN05,v,KCM,0,1,0,regular,y,,
CVB194607020,robin101,MEM,1,8,value,26,1,0,0,0,0,,,,,1,19460702,0,ERI01,v,CVB,0,1,0,regular,y,d,
CCR194607110,robin101,MEM,1,7,value,27,,,0,0,0,,,,,1,19460711,0,SPR03,v,CCR,1,0,0,exhibition,y,,
CAG194607150,robin101,MEM,1,7,value,24,1,1,0,1,0,0,,,,,19460715,0,FLI01,v,CAG,0,1,0,regular,,,
MEM194704170,robin101,MEM,1,7,value,27,2,0,0,0,0,,,,,1,19470417,0,OKC02,h,IN9,1,0,0,exhibition,y,d,
MEM194705150,robin101,MEM,1,7,value,30,1,0,0,0,0,,,,,1,19470515,0,GRE01,h,CAG,0,1,0,regular,y,d,
CVB194705181,robin101,MEM,1,7,value,24,2,0,0,0,0,,,,,1,19470518,1,CLE06,v,CVB,0,1,0,regular,y,,
KCM194705251,robin101,MEM,1,7,value,24,3,0,0,0,0,,,,,1,19470525,1,KAN05,v,KCM,0,1,0,regular,y,,
KCM194705301,robin101,MEM,1,7,value,24,2,0,0,0,0,,,,,1,19470530,1,KAN05,v,KCM,0,1,0,regular,y,,
HOM194707140,robin101,MEM,1,9,value,,2,0,0,0,0,,,,,,19470714,0,HRB01,v,HOM,1,0,0,exhibition,y,,
NY5194708100,robin101,MEM,1,7,value,36,0,0,0,0,0,,,,,1,19470810,0,NYC16,v,NY5,0,0,1,exhibition,y,d,
NY6194708120,robin101,MEM,1,7,value,27,4,0,0,0,0,,,,,1,19470812,0,WIL04,v,NY6,1,0,0,exhibition,y,,
KCM194708280,robin101,MEM,1,7,value,24,3,0,0,0,0,,,,,1,19470828,0,STL07,v,KCM,0,1,0,regular,y,d,
KCM194709141,robin101,MEM,1,7,value,27,1,0,0,0,0,,,,,1,19470914,1,KAN05,v,KCM,1,0,0,regular,y,,
KCM194709142,robin101,MEM,1,7,value,15,1,0,0,0,0,,,,,1,19470914,2,KAN05,v,KCM,1,0,0,regular,y,,
KCM194804220,robin101,MEM,1,8,value,26,,,0,,0,0,,,,,19480422,0,OKC02,v,KCM,0,1,0,exhibition,,,
BIR194806030,robin101,MEM,1,7,value,,1,1,0,0,0,0,,,,1,19480603,0,BIR01,v,BIR,0,1,0,regular,y,,
KCM194806240,robin101,MEM,1,7,value,24,2,0,0,0,0,,,,,1,19480624,0,DES02,v,KCM,0,1,0,regular,y,d,
KCM194806250,robin101,MEM,1,7,value,24,0,0,0,0,0,,,,,1,19480625,0,KAN05,v,KCM,0,1,0,regular,y,d,
BIR194807041,robin101,MEM,1,7,value,26,2,0,0,0,0,0,,,,1,19480704,1,BIR01,v,BIR,0,1,0,regular,y,,
CAG194807220,robin101,MEM,1,5,value,21,,,0,,0,0,,,,,19480722,0,DCT02,v,CAG,1,0,0,regular,,,
KCM194808081,robin101,MEM,1,8,value,30,2,0,0,0,0,,,,,1,19480808,1,KAN05,v,KCM,1,0,0,regular,y,d,
KCM194808082,robin101,MEM,1,8,value,6,1,0,0,0,0,,,,,1,19480808,2,KAN05,v,KCM,1,0,0,regular,y,d,
KCM194808082,robin101,MEM,2,5,value,15,0,0,0,0,0,,,,,0,19480808,2,KAN05,v,KCM,1,0,0,regular,y,d,
KCM194808180,robin101,MEM,1,5,value,24,1,2,0,0,0,0,,,,1,19480818,0,DAV01,v,KCM,0,1,0,regular,y,,
KCM194808190,robin101,MEM,1,8,value,27,4,0,0,,0,0,,,,1,19480819,0,STJ01,v,KCM,1,0,0,regular,y,,
ASW194808220,robin101,ASW,1,7,value,27,1,0,0,0,0,,,,,1,19480822,0,CHI10,h,ASE,1,0,0,allstar,y,y,
KCM194808260,robin101,MEM,1,8,value,24,2,0,0,0,0,,,,,1,19480826,0,KAN05,v,KCM,0,1,0,regular,y,d,
KCM194808270,robin101,MEM,1,5,value,21,1,2,0,1,0,,,,,1,19480827,0,KAN05,v,KCM,1,0,0,regular,y,d,
KCM194808270,robin101,MEM,2,8,value,6,0,0,0,0,0,,,,,0,19480827,0,KAN05,v,KCM,1,0,0,regular,y,d,
KCR194810170,robin101,KCR,1,8,value,27,3,0,0,0,0,,,,,1,19481017,0,LOS02,h,MLS,0,1,0,exhibition,y,d,
KCR194810240,robin101,KCR,1,7,value,18,1,0,0,0,0,,,,,1,19481024,0,LOS02,h,MLS,1,0,0,exhibition,y,d,
MLS194810250,robin101,KCR,1,7,value,18,0,0,0,0,0,,,,,0,19481025,0,SAN03,v,MLS,1,0,0,exhibition,y,d,
KCR194810310,robin101,KCR,1,9,value,3,0,0,0,0,0,,,,,0,19481031,0,LOS02,h,MLS,0,1,0,exhibition,y,d,
KCR194811071,robin101,KCR,1,9,value,3,0,0,0,0,0,,,,,0,19481107,1,LOS02,h,MLS,0,1,0,exhibition,y,d,
MEM194904010,robin101,MEM,1,5,value,27,1,2,1,1,0,,,,,1,19490401,0,GRE01,h,NY6,1,0,0,exhibition,y,d,
BLG194905291,robin101,MEM,1,5,value,24,0,1,1,0,0,,,,,1,19490529,1,BAL14,v,BLG,0,1,0,regular,y,d,
KCM194906191,robin101,MEM,1,5,value,24,0,0,0,0,0,,,,,1,19490619,1,KAN05,v,KCM,0,1,0,regular,y,d,
KCM194906192,robin101,MEM,1,5,value,33,0,2,0,0,0,,,,,1,19490619,2,KAN05,v,KCM,0,0,1,regular,y,d,
KCM194906200,robin101,MEM,1,5,value,24,0,1,2,1,0,,,,,1,19490620,0,WIC01,v,KCM,0,1,0,regular,y,d,
KCM194906210,robin101,MEM,1,5,value,27,1,3,1,0,0,,,,,1,19490621,0,KAN05,v,KCM,1,0,0,regular,y,d,
KCM194906230,robin101,MEM,1,5,value,24,1,1,0,0,0,,,,,1,19490623,0,STJ01,v,KCM,0,1,0,regular,y,d,
BIR194907031,robin101,MEM,1,5,value,27,2,1,0,0,0,,,,,1,19490703,1,BIR01,v,BIR,1,0,0,regular,y,,
BIR194907032,robin101,MEM,1,5,value,21,2,1,0,0,0,,,,,1,19490703,2,BIR01,v,BIR,1,0,0,regular,y,,
BIR194907270,robin101,MEM,1,5,value,26,0,0,0,0,0,,,,,1,19490727,0,BIR01,v,BIR,0,1,0,regular,y,d,
KCM194907311,robin101,MEM,1,5,value,24,3,3,0,0,0,,,,,1,19490731,1,KAN05,v,KCM,0,1,0,regular,y,d,
KCM194907312,robin101,MEM,1,5,value,18,1,0,0,0,0,,,,,1,19490731,2,KAN05,v,KCM,0,1,0,regular,y,d,
KCM194908050,robin101,MEM,1,7,value,6,0,0,0,0,0,,,,,0,19490805,0,KAN05,v,KCM,0,1,0,regular,y,d,
BLG194908211,robin101,MEM,1,5,value,24,0,2,0,0,0,,,,,1,19490821,1,BAL14,v,BLG,0,1,0,regular,y,d,
BLG194908212,robin101,MEM,1,5,value,15,0,3,0,1,0,,,,,1,19490821,2,BAL14,v,BLG,0,1,0,regular,y,d,
BLG194908212,robin101,MEM,2,6,value,3,0,0,0,0,0,,,,,0,19490821,2,BAL14,v,BLG,0,1,0,regular,y,d,
BLG194908230,robin101,MEM,1,5,value,24,0,0,0,,,,,,,1,19490823,0,BAL14,v,BLG,1,0,0,regular,y,,
NY6194908241,robin101,MEM,1,5,value,24,0,1,0,0,0,,,,,1,19490824,1,PHI11,v,NY6,0,1,0,regular,y,d,
