gid,id,team,d_seq,d_pos,stattype,d_ifouts,d_po,d_a,d_e,d_dp,d_tp,d_pb,d_wp,d_sb,d_cs,d_gs,date,number,site,vishome,opp,win,loss,tie,gametype,box,pbp,eject
SLG192106290,mcadt101,SLG,1,3,value,27,13,1,0,0,0,,,,,1,19210629,0,STL11,h,CB1,1,0,0,regular,y,y,
CAG192107101,mcadt101,SLG,1,3,value,24,12,0,0,0,0,,,,,1,19210710,1,CHI09,v,CAG,0,1,0,regular,y,y,
CAG192107102,mcadt101,SLG,1,3,value,18,11,0,1,0,0,,,,,1,19210710,2,CHI09,v,CAG,0,1,0,regular,y,y,
SLG192110030,mcadt101,SLG,1,3,value,33,14,1,0,0,0,,,,,1,19211003,0,STL07,h,SLN,0,1,0,exhibition,y,y,
SLG192110040,mcadt101,SLG,1,3,value,27,8,0,0,0,0,,,,,1,19211004,0,STL07,h,SLN,1,0,0,exhibition,y,y,
SLG192110091,mcadt101,SLG,1,3,value,27,11,0,0,1,0,,,,,1,19211009,1,STL07,h,SLN,0,1,0,exhibition,y,y,
SLG192110092,mcadt101,SLG,1,3,value,27,15,3,0,3,0,,,,,1,19211009,2,STL07,h,SLN,0,1,0,exhibition,y,y,
SLG192110100,mcadt101,SLG,1,3,value,27,9,0,1,0,0,,,,,1,19211010,0,STL07,h,SLN,0,1,0,exhibition,y,,
DT1192206270,mcadt101,SSN,1,3,value,24,8,0,0,1,0,,,,,1,19220627,0,DET07,v,DT1,0,1,0,regular,y,,
