gid,id,team,d_seq,d_pos,stattype,d_ifouts,d_po,d_a,d_e,d_dp,d_tp,d_pb,d_wp,d_sb,d_cs,d_gs,date,number,site,vishome,opp,win,loss,tie,gametype,box,pbp,eject
BRG193705312,carrc107,CUS,1,5,value,26,3,2,0,,,,,,,1,19370531,2,NYC28,v,BRG,0,1,0,exhibition,y,,
CUS193705311,carrc107,CUS,1,5,value,27,1,3,0,,,,,,,1,19370531,1,NYC28,h,BRG,0,1,0,exhibition,y,,
CUS193707050,carrc107,CUS,1,5,value,30,1,2,0,0,,,0,,,1,19370705,0,NYC28,h,BRG,0,0,1,exhibition,y,,
KCM193708060,carrc107,CUS,1,5,value,27,0,3,0,0,0,,,,,1,19370806,0,KAN05,v,KCM,1,0,0,exhibition,y,d,
HOM194005110,carrc107,NY6,1,4,value,24,2,6,0,1,0,,,,,1,19400511,0,PIT06,v,HOM,0,1,0,regular,y,,
HOM194005121,carrc107,NY6,1,4,value,24,,,1,0,0,,,,,1,19400512,1,WAS09,v,HOM,0,1,0,regular,y,,
HOM194005122,carrc107,NY6,1,6,value,18,,,0,0,0,,,,,1,19400512,2,WAS09,v,HOM,0,1,0,regular,y,,
NY5194005191,carrc107,NY6,1,4,value,24,1,2,0,0,0,,,,,1,19400519,1,NYC16,v,NY5,0,1,0,regular,y,,
NY6194005260,carrc107,NY6,1,4,value,27,3,3,0,0,0,,,,,1,19400526,0,HAR02,h,NW2,0,1,0,regular,y,,
NW2194005270,carrc107,NY6,1,4,value,24,0,2,0,0,0,,,,,1,19400527,0,SPR06,v,NW2,0,1,0,regular,y,,
PH5194005301,carrc107,NY6,1,4,value,24,3,,0,0,0,,,,,1,19400530,1,PHI17,v,PH5,0,1,0,regular,y,,
PH5194005302,carrc107,NY6,1,4,value,27,4,,0,0,0,,,,,1,19400530,2,PHI17,v,PH5,1,0,0,regular,y,,
PH5194006091,carrc107,NY6,1,4,value,24,4,4,0,2,0,,,,,1,19400609,1,HRB01,v,PH5,0,1,0,regular,y,,
PH5194006130,carrc107,NY6,1,4,value,27,,,0,0,0,,,,,1,19400613,0,PHI17,v,PH5,1,0,0,regular,y,,
NY6194006161,carrc107,NY6,1,4,value,48,5,3,0,2,0,,,,,1,19400616,1,NYC16,h,BLG,0,1,0,regular,y,,
NW2194006231,carrc107,NY6,1,4,value,27,,,0,1,0,,,,,1,19400623,1,NWK04,v,NW2,1,0,0,regular,y,,
NW2194006232,carrc107,NY6,1,4,value,21,,,0,0,0,,,,,1,19400623,2,NWK04,v,NW2,1,0,0,regular,y,,
NW2194006270,carrc107,NY6,1,4,value,24,,,0,0,0,,,,,1,19400627,0,NWK04,v,NW2,0,1,0,regular,y,,
NW2194006290,carrc107,NY6,1,4,value,,,,0,0,0,,,,,1,19400629,0,NWK04,v,NW2,1,0,0,regular,y,,
NY6194007071,carrc107,NY6,1,4,value,27,5,5,0,2,0,,,,,1,19400707,1,NYC16,h,PH5,0,1,0,regular,y,,
NY6194007230,carrc107,NY6,1,4,value,33,,,0,0,0,,,,,1,19400723,0,BRI01,h,BLG,0,1,0,exhibition,y,,
PH5194007281,carrc107,NY6,1,4,value,36,,,0,0,0,,,,,1,19400728,1,WAS09,v,PH5,1,0,0,regular,y,,
HOM194008041,carrc107,NY6,1,4,value,24,1,4,1,0,0,,,,,1,19400804,1,WAS09,v,HOM,0,1,0,regular,y,,
HOM194008042,carrc107,NY6,1,4,value,18,,,0,0,0,,,,,1,19400804,2,WAS09,v,HOM,0,1,0,regular,y,,
HOM194008090,carrc107,NY6,1,4,value,24,,,0,0,0,,,,,1,19400809,0,IND10,v,HOM,0,1,0,regular,y,,
HOM194009030,carrc107,NY6,1,4,value,21,2,3,1,0,0,,,,,1,19400903,0,ALT02,v,HOM,1,0,0,exhibition,y,,
NY6194009082,carrc107,NY6,1,4,value,,1,3,0,0,0,,,,,1,19400908,2,NYC16,h,BLG,0,1,0,regular,y,,
NY5194104270,carrc107,NY6,1,9,value,24,1,0,0,0,0,,,,,1,19410427,0,PTR01,v,NY5,0,1,0,exhibition,y,,
NW2194105080,carrc107,NY6,1,7,value,24,,,1,0,0,,,,,1,19410508,0,NOR02,v,NW2,0,1,0,exhibition,y,,
PH5194105100,carrc107,NY6,1,7,value,27,2,0,0,0,0,,,,,1,19410510,0,PHI17,v,PH5,1,0,0,regular,y,,
NW2194105110,carrc107,NY6,1,7,value,27,,,0,0,0,,,,,1,19410511,0,NWK04,v,NW2,1,0,0,regular,y,,
NW2194105150,carrc107,NY6,1,4,value,24,,,0,0,0,,,,,1,19410515,0,NWK04,v,NW2,0,1,0,regular,y,,
HOM194105241,carrc107,NY6,1,7,value,24,1,0,0,0,0,,,,,1,19410524,1,PIT06,v,HOM,0,1,0,regular,y,,
HOM194105242,carrc107,NY6,1,7,value,18,2,0,0,0,0,,,,,1,19410524,2,PIT06,v,HOM,0,1,0,regular,y,,
HOM194105251,carrc107,NY6,1,5,value,27,3,1,1,0,0,,,,,1,19410525,1,WAS09,v,HOM,1,0,0,regular,y,,
HOM194105252,carrc107,NY6,1,5,value,21,1,1,0,0,0,,,,,1,19410525,2,WAS09,v,HOM,1,0,0,regular,y,,
NW2194105260,carrc107,NY6,1,5,value,27,3,1,0,0,0,,,,,1,19410526,0,NOR02,v,NW2,1,0,0,exhibition,y,,
NY6194105301,carrc107,NY6,1,5,value,27,1,2,0,0,0,,,,,1,19410530,1,NYC16,h,BLG,1,0,0,regular,y,,
BLG194106011,carrc107,NY6,1,5,value,24,,,0,0,0,,,,,1,19410601,1,BAL10,v,BLG,0,1,0,regular,y,,
BLG194106012,carrc107,NY6,1,5,value,18,,,1,0,0,,,,,1,19410601,2,BAL10,v,BLG,0,1,0,regular,y,,
PH5194106071,carrc107,NY6,1,5,value,27,0,,0,0,0,,,,,1,19410607,1,PHI17,v,PH5,1,0,0,regular,y,,
PH5194106072,carrc107,NY6,1,5,value,18,1,,0,0,0,,,,,1,19410607,2,PHI17,v,PH5,0,1,0,regular,y,,
NY5194106082,carrc107,NY6,1,5,value,26,0,,0,0,0,,,,,1,19410608,2,NYC16,v,NY5,0,1,0,regular,y,,
HOM194106090,carrc107,NY6,1,5,value,24,0,2,0,0,0,,,,,1,19410609,0,ALT02,v,HOM,0,1,0,regular,y,,
NW2194106190,carrc107,NY6,1,5,value,24,,,0,0,0,,,,,1,19410619,0,NWK04,v,NW2,0,1,0,regular,y,,
NY6194106250,carrc107,NY6,1,5,value,24,0,1,6,0,0,,,,,1,19410625,0,HRB01,h,NW2,0,1,0,regular,y,,
PH5194106260,carrc107,NY6,1,5,value,15,0,1,0,0,0,,,,,1,19410626,0,PHI17,v,PH5,1,0,0,regular,y,,
NY6194106292,carrc107,NY6,1,5,value,30,0,0,0,0,0,,,,,1,19410629,2,NYC16,h,HOM,0,1,0,regular,y,,
PH5194106300,carrc107,NY6,1,5,value,27,1,0,0,0,0,,,,,1,19410630,0,YOR03,v,PH5,1,0,0,regular,y,,
NW2194107061,carrc107,NY6,1,5,value,27,,,0,0,0,,,,,1,19410706,1,NWK04,v,NW2,1,0,0,regular,y,,
NW2194107062,carrc107,NY6,1,5,value,15,,,0,0,0,,,,,1,19410706,2,NWK04,v,NW2,0,1,0,regular,y,,
NY6194107090,carrc107,NY6,1,5,value,27,2,1,0,0,0,,,,,1,19410709,0,NOR02,h,HOM,0,1,0,exhibition,y,,
NY6194107100,carrc107,NY6,1,5,value,27,9,1,0,0,0,,,,,1,19410710,0,NPN01,h,HOM,0,1,0,exhibition,y,,
NY6194107110,carrc107,NY6,1,5,value,27,0,0,0,0,0,,,,,1,19410711,0,YOR03,h,HOM,0,1,0,regular,y,,
HOM194107120,carrc107,NY6,1,5,value,24,1,1,0,1,0,,,,,1,19410712,0,ALT02,v,HOM,0,1,0,regular,y,,
NY6194107201,carrc107,NY6,1,5,value,27,1,1,0,0,0,,,,,1,19410720,1,NYC16,h,KCM,0,1,0,exhibition,y,,
BLG194107271,carrc107,NY6,1,5,value,24,,,1,0,0,,,,,1,19410727,1,BAL10,v,BLG,0,1,0,exhibition,y,,
BLG194107272,carrc107,NY6,1,5,value,21,,,0,1,0,,,,,1,19410727,2,BAL10,v,BLG,1,0,0,exhibition,y,,
PH5194108020,carrc107,NY6,1,5,value,27,0,0,0,0,0,,,,,1,19410802,0,PHI17,v,PH5,1,0,0,regular,y,,
NW2194108070,carrc107,NY6,1,5,value,27,,,0,0,0,,,,,1,19410807,0,NWK04,v,NW2,1,0,0,regular,y,,
NW2194108080,carrc107,NY6,1,5,value,27,0,2,0,0,0,,,,,1,19410808,0,RED01,v,NW2,1,0,0,regular,y,,
NW2194108090,carrc107,NY6,1,5,value,27,1,2,0,0,0,,,,,1,19410809,0,PAT01,v,NW2,1,0,0,regular,y,,
NY6194108101,carrc107,NY6,1,5,value,27,,,0,1,0,,,,,1,19410810,1,NYC16,h,MEM,1,0,0,exhibition,y,,
CAG194108130,carrc107,NY6,1,6,value,24,,,0,0,0,,,,,1,19410813,0,POR02,v,CAG,0,1,0,exhibition,y,,
NY6194108242,carrc107,NY6,1,5,value,27,1,7,0,0,0,,,,,1,19410824,2,NYC16,h,PH5,1,0,0,regular,y,,
HOM194108280,carrc107,NY6,1,5,value,24,2,3,1,0,,,,,,1,19410828,0,YOU01,v,HOM,0,1,0,regular,y,,
HOM194108300,carrc107,NY6,1,5,value,24,1,4,0,1,0,,,,,1,19410830,0,KNP01,v,HOM,0,1,0,exhibition,y,,
PH5194109011,carrc107,NY6,1,5,value,27,0,,2,0,0,,,,,1,19410901,1,PHI17,v,PH5,1,0,0,regular,y,,
PH5194109012,carrc107,NY6,1,5,value,27,0,,0,0,0,,,,,1,19410901,2,PHI17,v,PH5,1,0,0,regular,y,,
HOM194109071,carrc107,NY6,1,4,value,27,,,0,,0,0,,,,,19410907,1,CIN07,v,HOM,0,1,0,championship,,,
NY6194109211,carrc107,NY6,1,5,value,27,1,0,0,0,0,,,,,1,19410921,1,NYC16,h,HOM,0,1,0,championship,y,,
