gid,id,team,d_seq,d_pos,stattype,d_ifouts,d_po,d_a,d_e,d_dp,d_tp,d_pb,d_wp,d_sb,d_cs,d_gs,date,number,site,vishome,opp,win,loss,tie,gametype,box,pbp,eject
CAG193606010,wilsl102,KCM,1,1,value,24,,,,,,,,,,1,19360601,0,CHI09,v,CAG,0,1,0,exhibition,,,
PTC193606072,wilsl102,WEG,1,1,value,,,,,,,,,,,1,19360607,2,PIT09,v,PTC,0,1,0,regular,,,
PTC193607200,wilsl102,WEG,1,1,value,24,0,2,,,,,,,,1,19360720,0,PIT09,v,PTC,0,1,0,regular,y,,
HOM193608240,wilsl102,KCM,1,1,value,21,0,0,0,0,0,,,,,1,19360824,0,SBD01,v,HOM,1,0,0,exhibition,y,d,
KCM193608301,wilsl102,KCM,1,1,value,12,0,0,0,0,0,,,,,1,19360830,1,KAN05,h,CAG,1,0,0,exhibition,y,d,
CAG193609061,wilsl102,KCM,,1,value,,,,,,,,,,,1,19360906,1,CHI09,v,CAG,1,0,0,exhibition,,,
CAG193609071,wilsl102,KCM,1,1,value,,,,,,,,,,,1,19360907,1,CHI09,v,CAG,1,0,0,exhibition,,,
KCM193609210,wilsl102,KCM,2,1,value,10,0,0,0,0,,0,0,0,,,19360921,0,KAN05,h,NNS,0,1,0,exhibition,y,,
PH5193704120,wilsl102,KCM,,1,value,,,,,,,,,,,1,19370412,0,GAL01,v,PH5,0,1,0,exhibition,,,
MEM193705021,wilsl102,KCM,1,1,value,12,0,0,0,0,0,,,,,1,19370502,1,MEM02,v,MEM,1,0,0,exhibition,y,d,
KCM193705130,wilsl102,KCM,1,1,value,9,0,1,0,0,0,,,,,0,19370513,0,SPR05,h,CAG,1,0,0,exhibition,y,d,
KCM193705220,wilsl102,KCM,1,1,value,27,0,2,0,0,0,,,,,1,19370522,0,KAN05,h,CI1,1,0,0,regular,y,d,
KCM193705301,wilsl102,KCM,1,1,value,24,0,3,0,0,0,,,,,1,19370530,1,KAN05,h,BIR,1,0,0,regular,y,d,
IN6193706120,wilsl102,KCM,2,1,value,,,,0,,,,,,,,19370612,0,IND10,v,IN6,0,1,0,regular,,,
KCM193706210,wilsl102,KCM,1,1,value,27,1,6,0,0,0,,,,,1,19370621,0,KAN05,h,SSA,1,0,0,regular,y,d,
KCM193706250,wilsl102,KCM,1,1,value,,0,1,0,0,,,0,0,,1,19370625,0,SPR05,h,MEM,1,0,0,regular,y,,
MEM193707040,wilsl102,MEM,,1,value,,,,,,,,,,,1,19370704,0,MEM02,h,CI1,0,1,0,regular,,,
CI1193707181,wilsl102,MEM,1,1,value,31,1,3,0,0,0,,,,,1,19370718,1,CIN07,v,CI1,0,1,0,regular,y,d,
MEM193708011,wilsl102,MEM,1,1,value,23,0,0,0,0,0,,,,,1,19370801,1,MEM02,h,CI1,0,1,0,regular,y,d,
MEM193708081,wilsl102,MEM,2,1,value,,,,,,,,,,,,19370808,1,MEM02,h,BIR,1,0,0,exhibition,,,
CI1193708291,wilsl102,MEM,1,1,value,,0,2,0,0,0,,,,,1,19370829,1,CIN07,v,CI1,0,1,0,regular,y,,
CI1193708292,wilsl102,MEM,1,1,value,24,0,2,0,0,0,,,,,1,19370829,2,CIN07,v,CI1,0,1,0,regular,y,,
MEM193804170,wilsl102,MEM,1,1,value,7,,,,,,,,,,1,19380417,0,MEM02,h,PH5,0,1,0,exhibition,,,
MEM193805011,wilsl102,MEM,1,1,value,,,,,,,,,,,1,19380501,1,MEM02,h,ATN,1,0,0,exhibition,,,
CAG193805210,wilsl102,MEM,,1,value,,,,,,,,,,,,19380521,0,CHI09,v,CAG,0,1,0,regular,,,
MEM193806060,wilsl102,MEM,1,1,value,27,0,0,0,0,0,,,,,1,19380606,0,MEM02,h,BIR,1,0,0,regular,y,d,
MEM193806130,wilsl102,MEM,1,1,value,24,1,5,0,1,0,,,,,1,19380613,0,MEM02,h,CAG,1,0,0,regular,y,d,
JAX193806230,wilsl102,MEM,1,1,value,27,,,,,,,,,,1,19380623,0,JKV01,v,JAX,1,0,0,regular,,,
KCM193807031,wilsl102,MEM,1,1,value,,0,2,0,,,,,,,,19380703,1,KAN05,v,KCM,0,1,0,regular,y,,
KCM193807041,wilsl102,MEM,1,1,value,27,0,3,0,0,0,,,,,,19380704,1,KAN05,v,KCM,1,0,0,regular,y,,
CAG193807102,wilsl102,MEM,1,1,value,9,1,0,0,0,0,,,,,1,19380710,2,CHI09,v,CAG,0,1,0,regular,y,d,
HOM193807250,wilsl102,MEM,1,1,value,9,0,0,0,0,0,,,,,1,19380725,0,IND10,v,HOM,0,1,0,exhibition,y,d,
MEM193808160,wilsl102,MEM,1,1,value,0,0,0,0,0,0,,,,,0,19380816,0,MEM02,h,BIR,1,0,0,regular,y,d,
MEM193808211,wilsl102,MEM,,1,value,12,,,,,,,,,,1,19380821,1,MEM02,h,IN7,1,0,0,exhibition,,,
MEM193808220,wilsl102,MEM,1,1,value,21,0,1,0,0,0,,,,,0,19380822,0,MEM02,h,IN7,1,0,0,regular,y,d,
ATN193808281,wilsl102,MEM,1,1,value,24,0,1,0,0,0,,,,,1,19380828,1,ATL04,v,ATN,0,1,0,regular,y,d,
CAG193809051,wilsl102,MEM,1,1,value,,,,,,,,,,,1,19380905,1,CHI09,v,CAG,0,1,0,regular,,,
KCM193809112,wilsl102,MEM,1,1,value,,0,0,0,,,,,,,,19380911,2,KAN05,v,KCM,0,1,0,exhibition,y,,
KCM193809140,wilsl102,MEM,1,1,value,,0,0,0,0,0,,,,,1,19380914,0,LIN01,v,KCM,0,1,0,exhibition,y,,
MEM193904302,wilsl102,MEM,1,1,value,27,,,0,,0,0,,,,1,19390430,2,MEM02,h,SSA,1,0,0,exhibition,,,
MEM193905072,wilsl102,MEM,1,1,value,21,1,0,0,0,0,,,,,1,19390507,2,MEM02,h,CAG,1,0,0,exhibition,y,d,
KCM193905150,wilsl102,MEM,1,1,value,,,,0,,0,0,,,,1,19390515,0,STJ01,v,KCM,0,1,0,exhibition,,,
MEM193905220,wilsl102,MEM,1,1,value,6,,,0,,0,0,,,,1,19390522,0,MEM02,h,SSA,1,0,0,regular,,,
CAG193905302,wilsl102,MEM,1,1,value,2,,,0,,0,0,,,,1,19390530,2,CHI09,v,CAG,0,1,0,exhibition,,,
MEM193906140,wilsl102,MEM,1,1,value,27,0,,0,0,0,,,,,1,19390614,0,WIC01,h,KCM,1,0,0,regular,y,,
MEM193906210,wilsl102,MEM,1,1,value,27,,,,,,,,,,1,19390621,0,SEL01,h,ATN,1,0,0,exhibition,,,
MEM193906260,wilsl102,MEM,1,1,value,27,,,0,,0,0,,,,1,19390626,0,LRK02,h,CAG,0,1,0,regular,,,
MEM193907042,wilsl102,MEM,1,1,value,12,,,0,,0,0,,,,,19390704,2,MEM02,h,CV9,1,0,0,regular,,,
MEM193907070,wilsl102,MEM,1,1,value,,,,0,,0,0,,,,,19390707,0,FUL01,h,CV9,0,1,0,regular,,,
MEM193907161,wilsl102,MEM,1,1,value,21,0,,0,0,0,,,,,1,19390716,1,MEM02,h,SSA,0,1,0,regular,y,,
MEM193907232,wilsl102,MEM,1,1,value,1,,,0,,0,0,,,,1,19390723,2,MEM02,h,CV9,0,1,0,regular,,,
SSA193907270,wilsl102,MEM,1,1,value,,,,0,,0,0,,,,1,19390727,0,STL13,v,SSA,1,0,0,regular,,,
MEM193908170,wilsl102,MEM,1,1,value,27,,,0,,0,0,,,,1,19390817,0,LRK02,h,KCM,1,0,0,regular,,,
CAG193909041,wilsl102,MEM,1,1,value,,,,0,,0,0,,,,1,19390904,1,CHI09,v,CAG,1,0,0,regular,,,
MEM193909171,wilsl102,MEM,1,1,value,18,0,1,0,0,0,,,,,,19390917,1,NOL01,h,KCM,0,1,0,exhibition,y,,
KCM193909242,wilsl102,MEM,1,1,value,,,,,,,,,,,1,19390924,2,OKC01,v,KCM,0,1,0,exhibition,,,
BLG194004072,wilsl102,MEM,1,1,value,21,0,2,0,0,0,,,,,1,19400407,2,NOL01,v,BLG,1,0,0,exhibition,y,,
MEM194004140,wilsl102,MEM,1,1,value,,,,0,,0,0,,,,,19400414,0,MEM02,h,BLG,0,1,0,exhibition,,,
MEM194005051,wilsl102,MEM,1,1,value,19,1,,0,1,0,,,,,,19400505,1,MEM02,h,CAG,1,0,0,exhibition,y,,
MEM194005081,wilsl102,MEM,1,1,value,12,0,,0,0,0,,,,,1,19400508,1,NOL01,h,CAG,1,0,0,exhibition,y,,
MEM194005122,wilsl102,MEM,1,1,value,4,0,0,0,0,0,,,,,1,19400512,2,MEM02,h,SNO,1,0,0,regular,y,,
MEM194005130,wilsl102,MEM,1,1,value,6,0,0,0,0,0,,,,,,19400513,0,MEM02,h,SNO,1,0,0,regular,y,,
MEM194005191,wilsl102,MEM,1,1,value,14,0,0,0,0,0,,,,,,19400519,1,MEM02,h,KCM,0,1,0,regular,y,,
KCM194005261,wilsl102,MEM,1,1,value,24,0,0,0,0,0,,,,,1,19400526,1,KAN05,v,KCM,0,1,0,regular,y,,
SNO194007270,wilsl102,IN8,1,1,value,18,0,0,0,0,0,,,,,1,19400727,0,BAT01,v,SNO,0,1,0,regular,y,,
