gid,id,team,d_seq,d_pos,stattype,d_ifouts,d_po,d_a,d_e,d_dp,d_tp,d_pb,d_wp,d_sb,d_cs,d_gs,date,number,site,vishome,opp,win,loss,tie,gametype,box,pbp
NY6194107100,benjj101,HOM,1,8,value,24,2,0,0,0,0,,,,,1,19410710,0,NPN01,v,NY6,1,0,0,exhibition,y,
NY6194107100,willc106,HOM,1,6,value,24,1,3,0,0,0,,,,,1,19410710,0,NPN01,v,NY6,1,0,0,exhibition,y,
NY6194107100,easth104,HOM,1,9,value,24,1,0,0,0,0,,,,,1,19410710,0,NPN01,v,NY6,1,0,0,exhibition,y,
NY6194107100,leonb101,HOM,1,3,value,24,12,5,0,1,0,,,,,1,19410710,0,NPN01,v,NY6,1,0,0,exhibition,y,
NY6194107100,wilsj106,HOM,1,5,value,24,1,2,0,0,0,,,,,1,19410710,0,NPN01,v,NY6,1,0,0,exhibition,y,
NY6194107100,harrv102,HOM,1,7,value,24,2,0,1,0,0,,,,,1,19410710,0,NPN01,v,NY6,1,0,0,exhibition,y,
NY6194107100,carlm101,HOM,1,4,value,24,3,4,0,1,0,,,,,1,19410710,0,NPN01,v,NY6,1,0,0,exhibition,y,
NY6194107100,gastr101,HOM,1,2,value,24,2,1,0,0,0,0,,,,1,19410710,0,NPN01,v,NY6,1,0,0,exhibition,y,
NY6194107100,mcdut101,HOM,1,1,value,24,0,3,0,1,0,,,,,1,19410710,0,NPN01,v,NY6,1,0,0,exhibition,y,
NY6194107100,martr105,NY6,1,6,value,27,1,2,0,0,0,,,,,1,19410710,0,NPN01,h,HOM,0,1,0,exhibition,y,
NY6194107100,herer101,NY6,1,3,value,27,5,10,0,0,0,,,,,1,19410710,0,NPN01,h,HOM,0,1,0,exhibition,y,
NY6194107100,carrc107,NY6,1,5,value,27,9,1,0,0,0,,,,,1,19410710,0,NPN01,h,HOM,0,1,0,exhibition,y,
NY6194107100,coimp101,NY6,1,7,value,,4,0,2,0,0,,,,,1,19410710,0,NPN01,h,HOM,0,1,0,exhibition,y,
NY6194107100,delgf101,NY6,1,7,value,,2,0,0,0,0,,,,,,19410710,0,NPN01,h,HOM,0,1,0,exhibition,y,
NY6194107100,vargt101,NY6,1,8,value,27,2,0,0,0,0,,,,,1,19410710,0,NPN01,h,HOM,0,1,0,exhibition,y,
NY6194107100,herna101,NY6,1,9,value,27,1,0,1,0,0,,,,,1,19410710,0,NPN01,h,HOM,0,1,0,exhibition,y,
NY6194107100,blanh102,NY6,1,4,value,27,3,2,0,0,0,,,,,1,19410710,0,NPN01,h,HOM,0,1,0,exhibition,y,
NY6194107100,colac101,NY6,1,2,value,27,0,3,0,0,0,0,,,,1,19410710,0,NPN01,h,HOM,0,1,0,exhibition,y,
NY6194107100,howac102,NY6,1,1,value,12,0,1,0,0,0,,,,,1,19410710,0,NPN01,h,HOM,0,1,0,exhibition,y,
NY6194107100,barnd101,NY6,1,1,value,15,0,1,0,0,0,,,,,,19410710,0,NPN01,h,HOM,0,1,0,exhibition,y,
NY6194108060,gastr101,HOM,1,2,value,27,,,0,,0,,,,,1,19410806,0,NPN01,v,NY6,1,0,0,regular,,
NY6194108060,housj103,HOM,1,1,value,27,,,0,,0,0,,,,1,19410806,0,NPN01,v,NY6,1,0,0,regular,,
NY6194108060,andeb106,NY6,1,1,value,,,,0,,0,0,,,,1,19410806,0,NPN01,h,HOM,0,1,0,regular,,
NY6194108060,bernp101,NY6,1,1,value,,,,0,,0,0,,,,,19410806,0,NPN01,h,HOM,0,1,0,regular,,
NY6194108060,fernj101,NY6,1,2,value,27,,,0,,0,,,,,1,19410806,0,NPN01,h,HOM,0,1,0,regular,,
BLG194109180,gainj102,BLG,1,1,value,27,,,0,,0,0,,,,1,19410918,0,NPN01,h,HOM,1,0,0,exhibition,,
HOM194206290,dandr101,NW2,1,4,value,24,,,1,,0,0,,,,1,19420629,0,NPN01,v,HOM,0,1,0,exhibition,,
HOM194206290,hillj104,NW2,1,1,value,24,,,0,,0,0,,,,1,19420629,0,NPN01,v,HOM,0,1,0,exhibition,,
HOM194206290,parkc101,NW2,1,2,value,24,,,0,,0,,,,,1,19420629,0,NPN01,v,HOM,0,1,0,exhibition,,
HOM194206290,pearl102,NW2,1,3,value,24,,,0,,0,0,,,,1,19420629,0,NPN01,v,HOM,0,1,0,exhibition,,
HOM194206290,thomc104,NW2,1,8,value,24,,,0,,0,0,,,,1,19420629,0,NPN01,v,HOM,0,1,0,exhibition,,
HOM194206290,wellw101,NW2,1,6,value,24,,,0,,0,0,,,,,19420629,0,NPN01,v,HOM,0,1,0,exhibition,,
HOM194206290,carlm101,HOM,1,9,value,27,,,2,,0,0,,,,1,19420629,0,NPN01,h,NW2,1,0,0,exhibition,,
HOM194206290,carts102,HOM,1,1,value,,,,0,,0,0,,,,,19420629,0,NPN01,h,NW2,1,0,0,exhibition,,
HOM194206290,fielw101,HOM,1,1,value,12,,,0,,0,0,,,,1,19420629,0,NPN01,h,NW2,1,0,0,exhibition,,
HOM194206290,gibsj101,HOM,1,2,value,27,,,0,,0,1,,,,1,19420629,0,NPN01,h,NW2,1,0,0,exhibition,,
HOM194206290,harrv102,HOM,1,7,value,27,,,1,,0,0,,,,1,19420629,0,NPN01,h,NW2,1,0,0,exhibition,,
NY6194207210,barnb105,BLG,1,1,value,12,,,0,,0,0,,,,1,19420721,0,NPN01,v,NY6,1,0,0,exhibition,,
NY6194207210,browj112,BLG,1,1,value,12,,,0,,0,0,,,,,19420721,0,NPN01,v,NY6,1,0,0,exhibition,,
NY6194207210,clarb107,BLG,1,2,value,27,,,0,,0,,,,,1,19420721,0,NPN01,v,NY6,1,0,0,exhibition,,
NY6194207210,hoskb101,BLG,1,9,value,27,,,0,,0,0,,,,,19420721,0,NPN01,v,NY6,1,0,0,exhibition,,
NY6194207210,hughs101,BLG,1,4,value,27,,,0,,0,0,,,,,19420721,0,NPN01,v,NY6,1,0,0,exhibition,,
NY6194207210,snowf101,BLG,1,7,value,27,,,0,,0,0,,,,,19420721,0,NPN01,v,NY6,1,0,0,exhibition,,
NY6194207210,turnl101,BLG,1,3,value,27,,,0,,0,0,,,,,19420721,0,NPN01,v,NY6,1,0,0,exhibition,,
NY6194207210,andeb106,NY6,1,1,value,24,,,0,,0,0,,,,1,19420721,0,NPN01,h,BLG,0,1,0,exhibition,,
NY6194207210,blanh102,NY6,1,4,value,27,,,0,,0,0,,,,,19420721,0,NPN01,h,BLG,0,1,0,exhibition,,
NY6194207210,haywb102,NY6,1,2,value,27,,,0,,0,,,,,1,19420721,0,NPN01,h,BLG,0,1,0,exhibition,,
NY6194207210,howac102,NY6,1,1,value,1,,,0,,0,0,,,,,19420721,0,NPN01,h,BLG,0,1,0,exhibition,,
NY6194207210,loudl101,NY6,1,1,value,3,,,0,,0,0,,,,,19420721,0,NPN01,h,BLG,0,1,0,exhibition,,
NY6194207220,campr102,BLG,1,2,value,24,,,0,,0,,,,,1,19420722,0,NPN01,v,NY6,0,1,0,exhibition,,
NY6194207220,gainj102,BLG,1,1,value,0,,,1,,0,0,,,,,19420722,0,NPN01,v,NY6,0,1,0,exhibition,,
NY6194207220,hughs101,BLG,1,4,value,24,,,1,,0,0,,,,,19420722,0,NPN01,v,NY6,0,1,0,exhibition,,
NY6194207220,snowf101,BLG,1,1,value,24,,,0,,0,0,,,,1,19420722,0,NPN01,v,NY6,0,1,0,exhibition,,
NY6194207220,turnl101,BLG,1,3,value,24,,,1,,0,0,,,,,19420722,0,NPN01,v,NY6,0,1,0,exhibition,,
NY6194207220,barnd101,NY6,1,1,value,27,,,0,,0,0,,,,1,19420722,0,NPN01,h,BLG,1,0,0,exhibition,,
NY6194207220,martr105,NY6,1,6,value,27,,,0,,0,0,,,,1,19420722,0,NPN01,h,BLG,1,0,0,exhibition,,
NY6194207220,willl106,NY6,1,8,value,27,,,0,,0,0,,,,1,19420722,0,NPN01,h,BLG,1,0,0,exhibition,,
HOM194207290,evanb105,PH5,1,1,value,15,,,0,,0,0,,,,1,19420729,0,NPN01,v,HOM,0,1,0,exhibition,,
HOM194207290,palmc101,PH5,1,2,value,15,,,0,,0,,,,,1,19420729,0,NPN01,v,HOM,0,1,0,exhibition,,
HOM194207290,westj102,PH5,1,3,value,15,,,0,,0,0,,,,,19420729,0,NPN01,v,HOM,0,1,0,exhibition,,
HOM194207290,easth104,HOM,1,7,value,18,,,0,,0,0,,,,,19420729,0,NPN01,h,PH5,1,0,0,exhibition,,
HOM194207290,gastr101,HOM,1,2,value,18,,,0,,0,,,,,1,19420729,0,NPN01,h,PH5,1,0,0,exhibition,,
HOM194207290,gibsj101,HOM,1,3,value,18,,,0,,0,0,,,,,19420729,0,NPN01,h,PH5,1,0,0,exhibition,,
HOM194207290,partr102,HOM,1,1,value,18,,,0,,0,0,,,,1,19420729,0,NPN01,h,PH5,1,0,0,exhibition,,
HOM194208030,bellj103,CAG,1,3,value,15,,,0,,0,0,,,,,19420803,0,NPN01,v,HOM,0,1,0,exhibition,,
HOM194208030,hubej101,CAG,1,2,value,15,,,0,,0,,,,,1,19420803,0,NPN01,v,HOM,0,1,0,exhibition,,
HOM194208030,westo102,CAG,1,1,value,15,,,0,,0,0,,,,1,19420803,0,NPN01,v,HOM,0,1,0,exhibition,,
HOM194208030,carts102,HOM,1,1,value,17,,,0,,0,0,,,,1,19420803,0,NPN01,h,CAG,1,0,0,exhibition,,
HOM194208030,gastr101,HOM,1,2,value,18,,,0,,0,,,,,1,19420803,0,NPN01,h,CAG,1,0,0,exhibition,,
HOM194208030,welmr101,HOM,1,1,value,1,,,0,,0,0,,,,,19420803,0,NPN01,h,CAG,1,0,0,exhibition,,
HOM194208030,whatd101,HOM,1,9,value,18,,,0,,0,0,,,,1,19420803,0,NPN01,h,CAG,1,0,0,exhibition,,
BLG194208190,hillj104,NW2,1,1,value,33,,,0,,0,0,,,,1,19420819,0,NPN01,v,BLG,0,0,1,exhibition,,
BLG194208190,ruffl101,NW2,1,2,value,33,,,0,,0,,,,,1,19420819,0,NPN01,v,BLG,0,0,1,exhibition,,
BLG194208190,watkm101,NW2,1,6,value,33,,,0,,0,0,,,,,19420819,0,NPN01,v,BLG,0,0,1,exhibition,,
BLG194208190,campr102,BLG,1,2,value,33,,,0,,0,,,,,1,19420819,0,NPN01,h,NW2,0,0,1,exhibition,,
BLG194208190,glovt101,BLG,1,1,value,2,,,0,,0,0,,,,,19420819,0,NPN01,h,NW2,0,0,1,exhibition,,
BLG194208190,keyer101,BLG,1,1,value,31,,,0,,0,0,,,,1,19420819,0,NPN01,h,NW2,0,0,1,exhibition,,
HOM194305180,glovt101,BLG,1,1,value,,,,,,0,,,,,1,19430518,0,NPN01,v,HOM,0,1,0,regular,,
HOM194305180,willb109,BLG,1,1,value,,,,,,0,,,,,,19430518,0,NPN01,v,HOM,0,1,0,regular,,
HOM194305180,gastr101,HOM,1,2,value,27,,,,,0,,,,,1,19430518,0,NPN01,h,BLG,1,0,0,regular,,
HOM194305180,gibsj101,HOM,1,9,value,27,,,,,0,,,,,,19430518,0,NPN01,h,BLG,1,0,0,regular,,
HOM194305180,leonb101,HOM,1,3,value,27,,,,,0,,,,,,19430518,0,NPN01,h,BLG,1,0,0,regular,,
HOM194305180,partr102,HOM,1,1,value,,,,,,0,,,,,1,19430518,0,NPN01,h,BLG,1,0,0,regular,,
HOM194305180,shiec102,HOM,1,1,value,,,,,,0,,,,,,19430518,0,NPN01,h,BLG,1,0,0,regular,,
NY6194306030,westo102,HOM,1,1,value,21,,,,,0,,,,,1,19430603,0,NPN01,v,NY6,1,0,0,regular,,
NY6194306030,wilsj106,HOM,1,5,value,0,,,,,0,,,,,1,19430603,0,NPN01,v,NY6,1,0,0,regular,,
NY6194306030,barnd101,NY6,1,1,value,3,,,,,0,,,,,,19430603,0,NPN01,h,HOM,0,1,0,regular,,
NY6194306030,boonl102,NY6,1,1,value,,,,,,0,,,,,,19430603,0,NPN01,h,HOM,0,1,0,regular,,
NY6194306030,calhl101,NY6,1,1,value,,,,,,0,,,,,1,19430603,0,NPN01,h,HOM,0,1,0,regular,,
NW2194307210,davij106,NW2,1,1,value,27,,,,,0,,,,,1,19430721,0,NPN01,h,BLG,1,0,0,exhibition,,
NY5194705050,jenkp101,NY6,1,1,value,,,,0,,0,0,,,,,19470505,0,NPN01,v,NY5,0,1,0,regular,,
NY5194705050,loudl101,NY6,1,2,value,27,,,0,,0,,,,,1,19470505,0,NPN01,v,NY5,0,1,0,regular,,
NY5194705050,morrb104,NY6,1,1,value,,,,0,,0,0,,,,1,19470505,0,NPN01,v,NY5,0,1,0,regular,,
NY5194705050,hayej104,NY5,1,2,value,30,,,0,,0,,,,,1,19470505,0,NPN01,h,NY6,1,0,0,regular,,
NY5194705050,stann101,NY5,1,1,value,30,,,0,,0,0,,,,1,19470505,0,NPN01,h,NY6,1,0,0,regular,,
