gid,id,team,p_seq,stattype,p_ipouts,p_noout,p_bfp,p_h,p_d,p_t,p_hr,p_r,p_er,p_w,p_iw,p_k,p_hbp,p_wp,p_bk,p_sh,p_sf,p_sb,p_cs,p_pb,wp,lp,save,p_gs,p_gf,p_cg,date,number,site,vishome,opp,win,loss,tie,gametype,box,pbp
NY6194107100,mcdut101,HOM,1,value,24,,40,11,2,1,0,5,,2,,,0,0,0,0,,,,,1,,,1,,1,19410710,0,NPN01,v,NY6,1,0,0,exhibition,y,
NY6194107100,howac102,NY6,1,value,12,,21,7,0,0,3,7,,1,0,,0,0,0,,0,,,,,1,,1,,,19410710,0,NPN01,h,HOM,0,1,0,exhibition,y,
NY6194107100,barnd101,NY6,2,value,15,,18,3,0,0,0,0,,0,0,,0,0,0,,0,,,,,,,,1,,19410710,0,NPN01,h,HOM,0,1,0,exhibition,y,
NY6194108060,housj103,HOM,1,value,27,,,6,,,,1,,,,,,,,,,,,,1,,,1,,1,19410806,0,NPN01,v,NY6,1,0,0,regular,,
NY6194108060,andeb106,NY6,1,value,,,,,,,,,,,,,,,,,,,,,,1,,1,,,19410806,0,NPN01,h,HOM,0,1,0,regular,,
NY6194108060,bernp101,NY6,2,value,,,,,,,,,,,,,,,,,,,,,,,,,1,,19410806,0,NPN01,h,HOM,0,1,0,regular,,
BLG194109180,gainj102,BLG,1,value,27,,,,,,,0,0,,,,,,,,,,,,1,,,1,,1,19410918,0,NPN01,h,HOM,1,0,0,exhibition,,
HOM194206290,hillj104,NW2,1,value,24,,,7,1,,1,8,,10,,6,,,,,,,,,,1,,1,,1,19420629,0,NPN01,v,HOM,0,1,0,exhibition,,
HOM194206290,carts102,HOM,2,value,,,,,,,,,,,,,,,,,,,,,1,,,,1,,19420629,0,NPN01,h,NW2,1,0,0,exhibition,,
HOM194206290,fielw101,HOM,1,value,12,,,,,,1,3,,,,1,,,,,,,,,,,,1,,,19420629,0,NPN01,h,NW2,1,0,0,exhibition,,
NY6194207210,barnb105,BLG,1,value,12,,,4,,1,,4,,7,,,,,,,,,,,,,,1,,,19420721,0,NPN01,v,NY6,1,0,0,exhibition,,
NY6194207210,browj112,BLG,2,value,12,,,1,,,,0,,,,,,,,,,,,,,,,,1,,19420721,0,NPN01,v,NY6,1,0,0,exhibition,,
NY6194207210,andeb106,NY6,1,value,24,,,11,,1,1,7,,,,,,,,,,,,,,1,,1,,,19420721,0,NPN01,h,BLG,0,1,0,exhibition,,
NY6194207210,howac102,NY6,2,value,1,,,0,,,,0,,,,,,,,,,,,,,,,,,,19420721,0,NPN01,h,BLG,0,1,0,exhibition,,
NY6194207210,loudl101,NY6,3,value,3,,,0,,,,0,,,,,,,,,,,,,,,,,1,,19420721,0,NPN01,h,BLG,0,1,0,exhibition,,
NY6194207220,gainj102,BLG,2,value,0,3,3,0,,,,0,,1,,,,,,,,,,,,,,,1,,19420722,0,NPN01,v,NY6,0,1,0,exhibition,,
NY6194207220,snowf101,BLG,1,value,24,2,,8,2,,,3,,1,,,,,,,,,,,,1,,1,,1,19420722,0,NPN01,v,NY6,0,1,0,exhibition,,
NY6194207220,barnd101,NY6,1,value,27,,,6,1,1,,2,,5,,8,,,,,,,,,1,,,1,,1,19420722,0,NPN01,h,BLG,1,0,0,exhibition,,
HOM194207290,evanb105,PH5,1,value,15,,,8,,1,2,5,,,,,,,,,,,,,,1,,1,,1,19420729,0,NPN01,v,HOM,0,1,0,exhibition,,
HOM194207290,partr102,HOM,1,value,18,,,8,,,1,3,,,,,,,,,,,,,1,,,1,,1,19420729,0,NPN01,h,PH5,1,0,0,exhibition,,
HOM194208030,westo102,CAG,1,value,15,,,2,,,2,4,,,,,,,,,,,,,,,,1,,1,19420803,0,NPN01,v,HOM,0,1,0,exhibition,,
HOM194208030,carts102,HOM,1,value,17,,,7,,,,3,,,,,,,,,,,,,1,,,1,,,19420803,0,NPN01,h,CAG,1,0,0,exhibition,,
HOM194208030,welmr101,HOM,2,value,1,,,0,,,,0,,,,,,,,,,,,,,,1,,1,,19420803,0,NPN01,h,CAG,1,0,0,exhibition,,
BLG194208190,hillj104,NW2,1,value,33,,,8,,,,2,,8,,16,,,,,,,,,,,,1,,1,19420819,0,NPN01,v,BLG,0,0,1,exhibition,,
BLG194208190,glovt101,BLG,2,value,2,,,0,,,,0,,,,,,,,,,,,,,,,,1,,19420819,0,NPN01,h,NW2,0,0,1,exhibition,,
BLG194208190,keyer101,BLG,1,value,31,,,0,,,,2,,,,,,,,,,,,,,,,1,,,19420819,0,NPN01,h,NW2,0,0,1,exhibition,,
HOM194305180,glovt101,BLG,1,value,,,,,,,,,,,,,,,,,,,,,,1,,1,,,19430518,0,NPN01,v,HOM,0,1,0,regular,,
HOM194305180,willb109,BLG,2,value,,,,,,,,,,,,,,,,,,,,,,,,,1,,19430518,0,NPN01,v,HOM,0,1,0,regular,,
HOM194305180,partr102,HOM,1,value,,,,,,,,,,,,,,,,,,,,,1,,,1,,,19430518,0,NPN01,h,BLG,1,0,0,regular,,
HOM194305180,shiec102,HOM,2,value,,,,,,,,,,,,,,,,,,,,,,,,,1,,19430518,0,NPN01,h,BLG,1,0,0,regular,,
NY6194306030,westo102,HOM,1,value,21,,,9,,,,4,,,,,,,,,,,,,1,,,1,,1,19430603,0,NPN01,v,NY6,1,0,0,regular,,
NY6194306030,barnd101,NY6,3,value,3,,,,,,,,,,,,,,,,,,,,,,,,1,,19430603,0,NPN01,h,HOM,0,1,0,regular,,
NY6194306030,boonl102,NY6,2,value,,,,,,,,,,,,,,,,,,,,,,,,,,,19430603,0,NPN01,h,HOM,0,1,0,regular,,
NY6194306030,calhl101,NY6,1,value,,,,,,,,6,,,,,1,,,,,,,,,1,,1,,,19430603,0,NPN01,h,HOM,0,1,0,regular,,
NW2194307210,davij106,NW2,1,value,27,,,,,,,1,,,,,,,,,,,,,1,,,1,,1,19430721,0,NPN01,h,BLG,1,0,0,exhibition,,
NY5194705050,jenkp101,NY6,2,value,,,,,,,,,,,,,,,,,,,,,,1,,,1,,19470505,0,NPN01,v,NY5,0,1,0,regular,,
NY5194705050,morrb104,NY6,1,value,,,,,,,,,,,,,,,,,,,,,,,,1,,,19470505,0,NPN01,v,NY5,0,1,0,regular,,
NY5194705050,stann101,NY5,1,value,30,,,7,,,,2,,,,,,,,,,,,,1,,,1,,1,19470505,0,NPN01,h,NY6,1,0,0,regular,,
