gid,id,team,b_lp,b_seq,stattype,b_pa,b_ab,b_r,b_h,b_d,b_t,b_hr,b_rbi,b_sh,b_sf,b_hbp,b_w,b_iw,b_k,b_sb,b_cs,b_gdp,b_xi,b_roe,dh,ph,pr,date,number,site,vishome,opp,win,loss,tie,gametype,box,pbp,eject
MEM194404070,jeffg102,CVB,,1,value,,,,,,,,,,,,,,,,,,,,,,,19440407,0,MEM02,v,MEM,0,1,0,exhibition,,,
CVB194404302,jeffg102,CVB,,1,value,,,,,,,,,,,,,,,,,,,,,,,19440430,2,IND10,h,BLG,1,0,0,exhibition,,,
CIA194405090,jeffg102,CVB,,,value,,,,,,,,,,,,,,,,,,,,,,,19440509,0,IND10,v,CIA,1,0,0,regular,,,
CVB194405230,jeffg102,CVB,9,1,value,,,,,,,,,,,,,,,,,,,,,,,19440523,0,BUF06,h,BIR,0,1,0,regular,,,
CVB194405260,jeffg102,CVB,,2,value,,,,,,,,,,,,,,,,,,,,,,,19440526,0,DAY03,h,BIR,0,1,0,regular,,,
MEM194406060,jeffg102,CVB,,,value,,,,,,,,,,,,,,,,,,,,,,,19440606,0,HOU04,v,MEM,1,0,0,regular,,,
CVB194406111,jeffg102,CVB,9,1,value,4,3,0,0,0,0,0,,0,,0,1,,,0,,,0,,,,,19440611,1,CLE06,h,KCM,0,1,0,regular,y,,
CVB194406251,jeffg102,CVB,9,2,value,3,3,0,1,0,0,0,0,0,0,0,0,0,,0,0,0,0,0,,,,19440625,1,CLE06,h,CAG,1,0,0,regular,y,d,
CVB194407021,jeffg102,CVB,,,value,,,0,,,,0,0,,,,,,,,,,,,,,,19440702,1,CLE06,h,BIR,0,1,0,regular,,,
CVB194407091,jeffg102,CVB,,,value,,,,,,,,,,,,,,,,,,,,,,,19440709,1,CLE06,h,MEM,0,1,0,regular,,,
CVB194407100,jeffg102,CVB,9,5,value,0,0,0,0,0,0,0,,0,,0,0,0,,0,,,,,,,,19440710,0,HAM02,h,MEM,0,1,0,regular,y,,
CVB194407120,jeffg102,CVB,,,value,,,,,,,,,,,,,,,,,,,,,,,19440712,0,BUF06,h,MEM,1,0,0,regular,,,
MEM194407161,jeffg102,CVB,9,1,value,3,3,0,0,0,0,0,0,0,0,0,0,0,,0,0,0,0,0,,,,19440716,1,MEM03,v,MEM,0,1,0,regular,y,d,
MEM194407200,jeffg102,CVB,9,1,value,4,4,1,1,1,0,0,1,0,0,0,0,0,,0,0,0,0,0,,,,19440720,0,OKC02,v,MEM,0,1,0,regular,y,d,
KCM194407240,jeffg102,CVB,9,4,value,1,1,0,0,0,0,0,,0,,0,0,0,,0,,,0,,,,,19440724,0,KAN05,v,KCM,1,0,0,regular,y,,
CIA194407301,jeffg102,CVB,,,value,,,,,,,,,,,,,,,,,,,,,,,19440730,1,IND10,v,CIA,1,0,0,regular,,,
CIA194408010,jeffg102,CVB,2,2,value,1,1,0,0,0,0,0,0,0,0,0,0,0,,0,0,0,0,0,,,,19440801,0,SPR04,v,CIA,0,1,0,regular,y,d,
CIA194408061,jeffg102,CVB,,1,value,,,,,,,,,,,,,,,,,,,,,,,19440806,1,IND10,v,CIA,0,1,0,regular,,,
CVB194408080,jeffg102,CVB,9,2,value,1,1,0,0,0,0,0,0,0,,0,0,0,,0,,,0,,,,,19440808,0,CLE06,h,KCM,0,1,0,regular,y,,
CVB194408201,jeffg102,CVB,9,1,value,4,4,0,0,0,0,0,,0,,0,0,0,,0,,,0,,,,,19440820,1,CLE06,h,CIA,1,0,0,regular,y,,
CVB194408240,jeffg102,CVB,,1,value,,,,,,,,,,,,,,,,,,,,,,,19440824,0,DAY03,h,MEM,0,1,0,regular,,,
CAG194409010,jeffg102,CVB,,1,value,,,,,,,,,,,,,,,,,,,,,,,19440901,0,HAM01,v,CAG,1,0,0,regular,,,
CVB194409101,jeffg102,CVB,,,value,,,,,,,,,,,,,,,,,,,,,,,19440910,1,CLE06,h,HOM,0,1,0,exhibition,,,
HOM194409140,jeffg102,CVB,9,2,value,2,2,0,1,0,0,0,,0,,0,0,0,,0,,,0,,,,,19440914,0,WAS09,v,HOM,0,1,0,exhibition,y,,
BLG194409150,jeffg102,CVB,,,value,,,,,,,,,,,,,,,,,,,,,,,19440915,0,BAL14,v,BLG,0,1,0,exhibition,,,
BLG194409171,jeffg102,CVB,8,3,value,0,0,0,0,0,0,0,0,0,,0,0,0,0,0,,0,0,0,,,1,19440917,1,BAL14,v,BLG,1,0,0,exhibition,y,,
BLG194409172,jeffg102,CVB,8,2,value,0,0,0,0,0,0,0,0,0,,0,0,0,,0,,,0,,,,1,19440917,2,BAL14,v,BLG,0,1,0,exhibition,y,,
NY6194504081,jeffg102,CVB,9,2,value,1,1,0,0,0,0,0,0,0,,0,0,0,,0,,,0,,,,,19450408,1,NOL01,v,NY6,0,1,0,exhibition,y,,
NY6194504100,jeffg102,CVB,,,value,,,,1,,,,1,,,,,,,,,,,,,,,19450410,0,HOU04,v,NY6,1,0,0,exhibition,,,
NY6194504100,jeffg102,CVB,,,lower,1,1,,1,,,,1,,,,,,,,,,,,,,,19450410,0,HOU04,v,NY6,1,0,0,exhibition,,,
CAG194504160,jeffg102,CVB,,1,value,,,,,,,,,,,,,,,,,,,,,,,19450416,0,FTW01,v,CAG,1,0,0,exhibition,,,
CAG194504221,jeffg102,CVB,,1,value,,,,,,,,,,,,,,,,,,,,,,,19450422,1,DAL01,v,CAG,1,0,0,exhibition,,,
CAG194504291,jeffg102,CVB,9,3,value,0,0,0,0,0,0,0,0,0,0,0,0,0,,0,0,0,0,0,,,,19450429,1,NOL01,v,CAG,1,0,0,exhibition,y,d,
CAG194504300,jeffg102,CVB,,,value,,,,,,,,,,,,,,,,,,,,,,,19450430,0,NOL01,v,CAG,1,0,0,exhibition,,,
CAG194505132,jeffg102,CVB,,1,value,,,,,,,,,,,,,,,,,,,,,,,19450513,2,IND10,v,CAG,1,0,0,regular,,,
CIA194505201,jeffg102,CVB,,1,value,,,,,,,,,,,,,,,,,,,,,,,19450520,1,CIN07,v,CIA,1,0,0,regular,,,
CVB194505271,jeffg102,CVB,9,1,value,1,1,0,1,0,0,0,0,0,,0,0,0,,0,,,0,,,,,19450527,1,CLE06,h,MEM,1,0,0,regular,y,,
CVB194505280,jeffg102,CVB,,2,value,,,,,,,,,,,,,,,,,,,,,,,19450528,0,DAY03,h,MEM,1,0,0,regular,,,
CIA194506010,jeffg102,CVB,,1,value,,,,,,,,,,,,,,,,,,,,,,,19450601,0,DAY03,v,CIA,1,0,0,regular,,,
MEM194506100,jeffg102,CVB,,,value,,,,,,,,,,,,,,,,,,,,,,,19450610,0,MEM03,v,MEM,0,1,0,regular,,,
CIA194506210,jeffg102,CVB,,1,value,,,,,,,,,,,,,,,,,,,,,,,19450621,0,IND10,v,CIA,1,0,0,regular,,,
CAG194506241,jeffg102,CVB,9,1,value,6,6,2,2,0,1,0,3,0,0,0,0,0,0,0,0,0,0,0,,,,19450624,1,CHI10,v,CAG,1,0,0,regular,y,d,
KCM194507011,jeffg102,CVB,9,1,value,4,3,0,1,0,0,0,0,0,,0,1,,,0,,,0,,,,,19450701,1,KAN05,v,KCM,1,0,0,regular,y,,
KCM194507012,jeffg102,CVB,5,2,value,0,0,1,0,0,0,0,0,0,,0,0,0,,0,,,0,,,,,19450701,2,KAN05,v,KCM,1,0,0,regular,y,,
CVB194507081,jeffg102,CVB,,,value,,,,,,,,,,,,,,,,,,,,,,,19450708,1,IND10,h,NY6,1,0,0,exhibition,,,
CVB194507151,jeffg102,CVB,,,value,,,,,,,,,,,,,,,,,,,,,,,19450715,1,LOU05,h,BIR,1,0,0,regular,,,
CVB194507221,jeffg102,CVB,9,1,value,,,1,1,,,,0,,,,,,,,,,,,,,,19450722,1,CLE06,h,CIA,1,0,0,regular,,,
CVB194507221,jeffg102,CVB,9,1,lower,1,1,1,1,,,,0,,,,,,,,,,,,,,,19450722,1,CLE06,h,CIA,1,0,0,regular,,,
NY6194507291,jeffg102,CVB,9,1,value,3,3,0,0,0,0,0,0,0,,0,0,0,,0,,,0,,,,,19450729,1,NYC14,v,NY6,0,1,0,exhibition,y,,
NY6194507300,jeffg102,CVB,6,1,value,4,4,0,0,0,0,0,0,0,0,0,0,0,,0,0,0,0,0,,,,19450730,0,NYC23,v,NY6,0,1,0,exhibition,y,d,
BLG194508010,jeffg102,CVB,6,1,value,4,4,0,0,0,0,0,0,0,,0,0,0,,0,,,0,,,,,19450801,0,HRB01,v,BLG,0,0,1,exhibition,y,,
CAG194508051,jeffg102,CVB,9,1,value,4,4,0,0,0,0,0,0,0,0,0,0,0,0,0,0,0,0,0,,,,19450805,1,DET04,v,CAG,1,0,0,regular,y,d,
NW2194508122,jeffg102,CVB,9,3,value,1,1,0,0,0,0,0,,0,,0,,,,0,,,0,,,,,19450812,2,NWK04,v,NW2,1,0,0,exhibition,y,,
BIR194508191,jeffg102,CVB,9,1,value,4,4,1,0,0,0,0,,0,,0,0,0,,0,,,0,,,,,19450819,1,BIR01,v,BIR,1,0,0,regular,y,,
MEM194508261,jeffg102,CVB,,,value,,,,,,,,,,,,,,,,,,,,,,,19450826,1,MEM03,v,MEM,1,0,0,regular,,,
CVB194509021,jeffg102,CVB,9,1,value,3,3,1,1,0,0,0,0,0,,0,0,0,,0,,,0,,,,,19450902,1,CLE06,h,CAG,1,0,0,regular,y,,
HOM194509180,jeffg102,CVB,9,1,value,4,4,0,0,0,0,0,1,0,0,0,0,0,,0,0,0,0,0,,,,19450918,0,WAS09,v,HOM,1,0,0,championship,y,d,
HOM194509231,jeffg102,CVB,9,1,value,2,1,0,0,0,0,0,0,0,,0,1,,,0,,,,,,,,19450923,1,NYC16,v,HOM,0,1,0,exhibition,y,,
HOM194705160,jeffg102,CVB,9,3,value,1,1,0,0,0,0,0,0,0,,0,0,0,,0,,,0,,,,,19470516,0,ERI01,v,HOM,0,1,0,exhibition,y,,
CVB194707310,jeffg102,CVB,,,value,,,,,,,,,,,,,,,,,,,,,,,19470731,0,IND10,h,HOM,0,1,0,exhibition,,,
KCM194805210,jeffg102,CVB,9,3,value,1,1,0,0,0,0,0,0,0,0,0,0,0,,0,0,0,0,0,,,,19480521,0,KAN05,v,KCM,0,1,0,regular,y,d,
CVB194809070,jeffg102,CVB,,,value,,,,,,,,,,,,,,,,,,,,,,,19480907,0,STC02,h,CAG,0,1,0,exhibition,,,
BIR194904030,jeffg102,LCB,,,value,,,,,,,,,,,,,,,,,,,,,,,19490403,0,MOB01,v,BIR,0,1,0,exhibition,,,
MEM194904170,jeffg102,LCB,,2,value,,,,,,,,,,,,,,,,,,,,,,,19490417,0,MEM02,v,MEM,0,1,0,exhibition,,,
LCB194905030,jeffg102,LCB,,,value,,,,,,,,,,,,,,,,,,,,,,,19490503,0,SPR04,h,PH5,1,0,0,regular,,,
BIR194905100,jeffg102,LCB,,1,value,,,,,,,,,,,,,,,,,,,,,,,19490510,0,BIR01,v,BIR,1,0,0,regular,,,
LCB194905130,jeffg102,LCB,,1,value,,,,,,,,,,,,,,,,,,,,,,,19490513,0,LEX01,h,NY6,0,1,0,regular,,,
BIR194905222,jeffg102,LCB,9,1,value,2,2,1,1,0,0,0,1,0,0,0,0,0,,0,0,0,0,0,,,,19490522,2,BIR01,v,BIR,0,1,0,regular,y,d,
BIR194905250,jeffg102,LCB,2,2,value,0,0,0,0,0,0,0,0,0,0,0,0,0,,0,0,0,0,0,,,1,19490525,0,BIR01,v,BIR,0,1,0,regular,y,d,
LCB194905270,jeffg102,LCB,,1,value,,,0,,0,0,0,0,,,,,,,,,,,,,,,19490527,0,LOU05,h,BIR,0,1,0,regular,,,
LCB194906052,jeffg102,LCB,,1,value,,,,,,,,,,,,,,,,,,,,,,,19490605,2,BUF06,h,CAG,0,1,0,regular,,,
KCM194906150,jeffg102,LCB,9,1,value,4,4,0,2,1,0,0,2,0,0,0,0,0,0,0,1,0,0,0,,,,19490615,0,CEN01,v,KCM,1,0,0,regular,y,d,
BLG194906240,jeffg102,LCB,9,1,value,2,2,0,0,0,0,0,0,0,0,0,0,0,,0,0,0,0,0,,,,19490624,0,BAL14,v,BLG,0,1,0,regular,y,d,
LCB194907041,jeffg102,LCB,,1,value,,,,,,,,,,,,,,,,,,,,,,,19490704,1,LOU05,h,IN9,0,1,0,regular,,,
LCB194907102,jeffg102,LCB,9,3,value,2,2,0,0,0,0,0,0,0,,0,0,,,0,,,,,,,,19490710,2,BCK01,h,KCM,0,1,0,regular,y,,
LCB194907280,jeffg102,LCB,,1,value,,,,,,,,,,,,,,,,,,,,,,,19490728,0,COL05,h,IN9,0,1,0,regular,,,
CAG194909110,jeffg102,LCB,9,2,value,1,1,0,0,0,0,0,0,0,0,0,0,0,,0,0,0,0,1,,1,,19490911,0,LCR01,v,CAG,0,1,0,exhibition,y,d,
BIR194909200,jeffg102,LCB,,1,value,,,,,,,,,,,,,,,,,,,,,,,19490920,0,MTG01,v,BIR,0,1,0,exhibition,,,
