gid,id,team,b_lp,b_seq,stattype,b_pa,b_ab,b_r,b_h,b_d,b_t,b_hr,b_rbi,b_sh,b_sf,b_hbp,b_w,b_iw,b_k,b_sb,b_cs,b_gdp,b_xi,b_roe,dh,ph,pr,date,number,site,vishome,opp,win,loss,tie,gametype,box,pbp,eject
NYA193104140,marqo101,BOS,1,3,value,0,0,0,0,0,0,0,0,0,0,0,0,0,0,0,0,0,0,0,,,,19310414,0,NYC16,v,NYA,0,1,0,regular,y,y,
NYA193104150,marqo101,BOS,1,3,value,2,1,0,0,0,0,0,0,1,0,0,0,0,1,0,0,0,0,0,,,,19310415,0,NYC16,v,NYA,0,1,0,regular,y,y,
NYA193104160,marqo101,BOS,1,1,value,4,3,0,0,0,0,0,0,1,0,0,0,0,2,0,0,0,0,1,,,,19310416,0,NYC16,v,NYA,0,1,0,regular,y,y,
BOS193104220,marqo101,BOS,8,3,value,1,1,0,0,0,0,0,0,0,0,0,0,0,0,0,0,0,0,0,,,,19310422,0,BOS07,h,NYA,0,1,0,regular,y,y,
BOS193104250,marqo101,BOS,9,5,value,1,1,0,0,0,0,0,1,0,0,0,0,0,0,0,0,0,0,0,,1,,19310425,0,BOS07,h,NYA,1,0,0,regular,y,y,
BOS193105021,marqo101,BOS,8,2,value,0,0,0,0,0,0,0,0,0,0,0,0,0,0,0,0,0,0,0,,,1,19310502,1,BOS07,h,WS1,0,1,0,regular,y,y,
BOS193105022,marqo101,BOS,7,4,value,0,0,0,0,0,0,0,0,0,0,0,0,0,0,0,0,0,0,0,,,,19310502,2,BOS07,h,WS1,1,0,0,regular,y,y,
BOS193105302,marqo101,BOS,2,1,value,4,4,0,1,0,0,0,0,0,0,0,0,0,1,0,0,0,0,0,,,,19310530,2,BOS07,h,PHA,1,0,0,regular,y,y,
BOS193105311,marqo101,BOS,2,1,value,4,3,0,1,0,0,0,0,1,0,0,0,0,0,0,1,0,0,0,,,,19310531,1,BOS08,h,PHA,0,1,0,regular,y,y,
BOS193105312,marqo101,BOS,2,1,value,4,2,1,1,0,0,0,0,0,0,0,2,0,0,0,0,0,0,1,,,,19310531,2,BOS08,h,PHA,1,0,0,regular,y,y,
BOS193106020,marqo101,BOS,2,1,value,5,5,0,2,0,0,0,1,0,0,0,0,0,0,0,0,0,0,0,,,,19310602,0,BOS07,h,CLE,0,1,0,regular,y,y,
BOS193106030,marqo101,BOS,2,1,value,3,3,0,0,0,0,0,0,0,0,0,0,0,0,0,0,0,0,0,,,,19310603,0,BOS07,h,CLE,0,1,0,regular,y,d,
BOS193106040,marqo101,BOS,2,1,value,4,4,0,0,0,0,0,0,0,0,0,0,0,0,0,0,0,0,0,,,,19310604,0,BOS07,h,CLE,0,1,0,regular,y,y,
BOS193106050,marqo101,BOS,2,1,value,4,3,1,1,0,0,0,0,1,0,0,0,0,0,0,0,1,0,0,,,,19310605,0,BOS07,h,CLE,1,0,0,regular,y,y,
BOS193106060,marqo101,BOS,2,1,value,3,2,2,1,1,0,0,0,0,0,0,1,0,0,0,0,0,0,0,,,,19310606,0,BOS07,h,SLA,1,0,0,regular,y,y,
BOS193106070,marqo101,BOS,2,1,value,5,5,0,0,0,0,0,0,0,0,0,0,0,0,0,0,1,0,0,,,,19310607,0,BOS08,h,SLA,1,0,0,regular,y,y,
BOS193106080,marqo101,BOS,2,1,value,2,2,0,0,0,0,0,0,0,0,0,0,0,0,0,0,0,0,0,,,,19310608,0,BOS07,h,SLA,0,1,0,regular,y,y,
KCM193110040,marqo101,ASC,7,1,value,4,3,0,1,0,0,0,0,0,,0,1,,0,0,,,,,,,,19311004,0,KAN05,v,KCM,0,1,0,exhibition,y,,
