gid,id,team,b_lp,b_seq,stattype,b_pa,b_ab,b_r,b_h,b_d,b_t,b_hr,b_rbi,b_sh,b_sf,b_hbp,b_w,b_iw,b_k,b_sb,b_cs,b_gdp,b_xi,b_roe,dh,ph,pr,date,number,site,vishome,opp,win,loss,tie,gametype,box,pbp,eject
HOM193504140,taylu101,NW1,,,value,,,,,,,,,,,,,,,,,,,,,,,19350414,0,WIL07,v,HOM,1,0,0,exhibition,,,
BRN193504280,taylu101,NW1,9,3,value,2,1,0,0,0,0,0,,1,,0,0,0,,0,,,,,,,,19350428,0,WAS09,v,BRN,0,1,0,exhibition,y,,
NW1193505052,taylu101,NW1,9,4,value,1,0,0,0,0,0,0,,1,,0,0,0,,0,,0,,,,,,19350505,2,IRV01,h,BRN,0,1,0,regular,y,,
NW1193505130,taylu101,NW1,9,3,value,0,0,0,0,0,0,0,,0,,0,0,,,,,,,,,,,19350513,0,IRV01,h,HOM,0,1,0,regular,y,,
