gid,id,team,d_seq,d_pos,stattype,d_ifouts,d_po,d_a,d_e,d_dp,d_tp,d_pb,d_wp,d_sb,d_cs,d_gs,date,number,site,vishome,opp,win,loss,tie,gametype,box,pbp,eject
KCM194505040,drakr101,CIA,1,8,value,24,5,0,1,0,0,,,,,1,19450504,0,OKC02,v,KCM,0,1,0,exhibition,y,,
KCM194506101,drakr101,CIA,1,9,value,24,2,0,0,0,0,,,,,1,19450610,1,KAN05,v,KCM,0,1,0,regular,y,,
KCM194506102,drakr101,CIA,1,9,value,21,3,1,0,0,0,,,,,1,19450610,2,KAN05,v,KCM,1,0,0,regular,y,,
KCM194506110,drakr101,CIA,1,9,value,24,1,1,0,0,0,,,,,1,19450611,0,KAN05,v,KCM,0,1,0,regular,y,,
MEM194506171,drakr101,CIA,1,9,value,35,3,0,0,0,0,,,,,1,19450617,1,CHI11,v,MEM,0,1,0,regular,y,,
NY5194507080,drakr101,CIA,1,7,value,24,4,0,0,0,0,,,,,1,19450708,0,NYC16,v,NY5,0,1,0,exhibition,y,d,
NY5194507090,drakr101,CIA,1,7,value,27,0,0,0,0,0,,,,,1,19450709,0,WIL04,v,NY5,1,0,0,exhibition,y,,
BLG194507100,drakr101,CIA,1,7,value,,,,0,0,0,,,,,1,19450710,0,BAL14,v,BLG,0,1,0,exhibition,y,,
BLG194507100,drakr101,CIA,2,8,value,,,,0,0,0,,,,,1,19450710,0,BAL14,v,BLG,0,1,0,exhibition,y,,
PH5194507112,drakr101,CIA,1,7,value,24,2,1,0,0,0,,,,,1,19450711,2,PHI11,v,PH5,0,1,0,exhibition,y,,
NY6194507120,drakr101,CIA,1,7,value,24,2,0,0,0,0,,,,,1,19450712,0,NYC14,v,NY6,0,1,0,exhibition,y,d,
BLG194507130,drakr101,CIA,1,9,value,24,0,0,0,0,0,,,,,1,19450713,0,BAL14,v,BLG,0,1,0,exhibition,y,d,
CAG194507250,drakr101,CIA,1,8,value,24,,,0,0,0,,,,,1,19450725,0,MIL03,v,CAG,0,1,0,regular,y,,
CIA194508250,drakr101,CIA,1,8,value,27,,,0,0,0,,,,,1,19450825,0,SPR03,h,BIR,0,1,0,regular,y,,
CIA194509010,drakr101,CIA,1,7,value,27,3,0,0,0,0,,,,,1,19450901,0,WIL04,h,BIR,0,1,0,regular,y,d,
CAG194509100,drakr101,CIA,1,7,value,26,0,0,0,0,0,,,,,1,19450910,0,MIL03,v,CAG,0,1,0,regular,y,,
KCM194509180,drakr101,CIA,1,7,value,24,0,0,0,0,0,,,,,1,19450918,0,KAN05,v,KCM,0,1,0,exhibition,y,,
KCM194509190,drakr101,CIA,1,7,value,24,0,2,0,0,0,,,,,1,19450919,0,KAN05,v,KCM,0,1,0,exhibition,y,,
KCM194509200,drakr101,CIA,1,7,value,27,0,0,0,0,0,,,,,1,19450920,0,OKC02,v,KCM,1,0,0,exhibition,y,,
CAG194605120,drakr101,IN9,1,8,value,24,8,0,0,0,0,,,,,1,19460512,0,CHI10,v,CAG,0,0,1,regular,y,d,
IN9194605150,drakr101,IN9,1,8,value,21,0,0,0,0,0,,,,,1,19460515,0,SBD01,h,CAG,1,0,0,regular,y,d,
CVB194606021,drakr101,IN9,1,8,value,27,3,0,0,0,0,,,,,1,19460602,1,CLE06,v,CVB,1,0,0,regular,y,d,
CAG194606100,drakr101,IN9,1,8,value,27,1,0,0,0,0,,,,,1,19460610,0,DAV01,v,CAG,1,0,0,regular,y,d,
CAG194606110,drakr101,IN9,1,8,value,21,,,0,0,0,,,,,1,19460611,0,SPR03,v,CAG,0,1,0,regular,y,,
KCM194606200,drakr101,IN9,1,8,value,24,2,,0,0,0,,,,,1,19460620,0,WIC01,v,KCM,0,1,0,regular,y,,
KCM194606210,drakr101,IN9,1,8,value,27,4,1,0,0,0,,,,,1,19460621,0,KAN05,v,KCM,1,0,0,regular,y,d,
IN9194607160,drakr101,IN9,1,8,value,27,2,0,0,0,0,,,,,1,19460716,0,ZAN02,h,CVB,0,1,0,regular,y,d,
KCM194607211,drakr101,IN9,1,8,value,27,3,1,0,1,0,,,,,1,19460721,1,KAN05,v,KCM,1,0,0,regular,y,,
KCM194607212,drakr101,IN9,1,8,value,27,3,0,0,0,0,,,,,1,19460721,2,KAN05,v,KCM,1,0,0,regular,y,,
KCM194607220,drakr101,IN9,1,8,value,24,1,1,0,0,0,,,,,1,19460722,0,KAN05,v,KCM,0,1,0,regular,y,,
KCM194607230,drakr101,IN9,1,8,value,27,5,2,1,1,0,,,,,1,19460723,0,CBI01,v,KCM,1,0,0,regular,y,d,
IN9194607290,drakr101,IN9,1,8,value,27,6,0,1,0,0,,,,,1,19460729,0,DCT02,h,KCM,0,1,0,regular,y,d,
CCR194608070,drakr101,IN9,1,8,value,27,,,0,,0,0,,,,,19460807,0,CHI10,v,CCR,1,0,0,exhibition,,,
PH5194608122,drakr101,IN9,1,8,value,27,4,0,0,0,0,,,,,1,19460812,2,PHI11,v,PH5,0,0,1,exhibition,y,,
BLG194608130,drakr101,IN9,1,8,value,24,2,0,0,0,0,,,,,1,19460813,0,BAL14,v,BLG,0,1,0,exhibition,y,,
NY5194608170,drakr101,IN9,1,8,value,27,2,0,0,0,0,,,,,1,19460817,0,WIL04,v,NY5,1,0,0,exhibition,y,,
NY5194608182,drakr101,IN9,1,8,value,24,2,0,0,0,0,,,,,1,19460818,2,NYC16,v,NY5,0,1,0,exhibition,y,,
IN9194608200,drakr101,IN9,1,8,value,,,,0,0,0,,,,,1,19460820,0,ERI01,h,CCR,1,0,0,exhibition,y,,
CAG194608290,drakr101,IN9,1,8,value,24,1,1,0,0,0,,,,,1,19460829,0,DCT02,v,CAG,0,1,0,regular,y,,
KCM194608301,drakr101,IN9,1,8,value,21,3,0,0,0,0,,,,,1,19460830,1,STL07,v,KCM,1,0,0,regular,y,,
KCM194608302,drakr101,IN9,1,8,value,24,1,0,0,0,0,,,,,1,19460830,2,STL07,v,KCM,0,1,0,regular,y,,
KCM194609011,drakr101,IN9,1,8,value,27,3,0,0,0,0,,,,,1,19460901,1,KAN05,v,KCM,1,0,0,regular,y,,
KCM194609012,drakr101,IN9,1,8,value,16,0,0,0,0,0,,,,,1,19460901,2,KAN05,v,KCM,0,1,0,regular,y,,
BLG194609130,drakr101,IN9,1,8,value,24,0,0,0,0,0,,,,,1,19460913,0,BAL14,v,BLG,0,1,0,exhibition,y,,
IN9194609140,drakr101,IN9,1,8,value,27,4,1,0,1,0,,,,,1,19460914,0,WIL04,h,KCM,0,1,0,regular,y,,
NY5194609171,drakr101,IN9,1,8,value,21,0,0,0,0,0,,,,,1,19460917,1,PHI11,v,NY5,0,1,0,exhibition,y,d,
PH5194609172,drakr101,IN9,1,8,value,27,3,0,1,0,0,,,,,1,19460917,2,PHI11,v,PH5,1,0,0,exhibition,y,d,
MEM194704170,drakr101,IN9,1,8,value,24,1,0,0,0,0,,,,,1,19470417,0,OKC02,v,MEM,0,1,0,exhibition,y,d,
BLG194704200,drakr101,IN9,1,8,value,21,1,0,,0,0,,,,,1,19470420,0,NSH02,v,BLG,0,1,0,exhibition,y,,
KCM194705010,drakr101,IN9,1,8,value,24,7,0,0,0,0,,,,,1,19470501,0,OKC02,v,KCM,0,1,0,exhibition,y,,
KCM194705020,drakr101,IN9,1,8,value,25,4,0,1,0,0,,,,,1,19470502,0,WIC01,v,KCM,0,1,0,exhibition,y,d,
KCM194706090,drakr101,IN9,1,8,value,27,0,0,0,0,0,,,,,1,19470609,0,KAN05,v,KCM,1,0,0,regular,y,,
IN9194706100,drakr101,IN9,1,8,value,27,,,0,0,0,,,,,1,19470610,0,SPR03,h,KCM,0,1,0,regular,y,,
IN9194706120,drakr101,IN9,1,8,value,27,,,0,0,0,,,,,1,19470612,0,FLI01,h,KCM,0,1,0,regular,y,,
CAG194706151,drakr101,IN9,1,8,value,24,0,1,0,0,0,,,,,1,19470615,1,CHI10,v,CAG,0,1,0,regular,y,,
CVB194706221,drakr101,IN9,1,8,value,24,4,0,0,0,0,,,,,1,19470622,1,CLE06,v,CVB,0,1,0,regular,y,,
CVB194706250,drakr101,IN9,1,8,value,24,,,0,0,0,,,,,1,19470625,0,ERI01,v,CVB,0,1,0,regular,y,,
KCM194706291,drakr101,IN9,1,8,value,24,4,0,0,0,0,,,,,1,19470629,1,KAN05,v,KCM,0,1,0,regular,y,,
BLG194707080,drakr101,IN9,1,8,value,,0,2,0,1,0,,,,,1,19470708,0,BAL14,v,BLG,0,1,0,exhibition,y,,
IN9194707140,drakr101,IN9,1,8,value,30,4,0,0,0,0,,,,,1,19470714,0,DCT02,h,CAG,1,0,0,regular,y,d,
KCM194708042,drakr101,IN9,1,8,value,21,0,0,1,0,0,,,,,1,19470804,2,STL07,v,KCM,1,0,0,regular,y,d,
KCM194708171,drakr101,IN9,1,8,value,27,3,0,0,0,0,,,,,1,19470817,1,KAN05,v,KCM,1,0,0,regular,y,,
KCM194708172,drakr101,IN9,1,8,value,18,2,0,0,0,0,,,,,1,19470817,2,KAN05,v,KCM,0,1,0,regular,y,,
KCM194708200,drakr101,IN9,1,8,value,27,2,1,0,0,0,,,,,1,19470820,0,STJ01,v,KCM,1,0,0,regular,y,,
IN9194708210,drakr101,IN9,1,8,value,27,0,0,1,0,0,,,,,1,19470821,0,DCT02,h,KCM,0,1,0,regular,y,,
PH5194708262,drakr101,IN9,1,8,value,24,2,0,0,0,0,,,,,1,19470826,2,PHI11,v,PH5,0,1,0,exhibition,y,,
CAG194709050,drakr101,IN9,1,8,value,27,,,0,0,0,,,,,1,19470905,0,DCT02,v,CAG,1,0,0,regular,y,,
KCM194709212,drakr101,IN9,1,8,value,24,1,0,0,0,0,,,,,1,19470921,2,CBI01,v,KCM,0,1,0,exhibition,y,d,
IN9194709240,drakr101,IN9,1,8,value,27,3,0,2,0,0,,,,,1,19470924,0,LIN01,h,KCM,0,1,0,exhibition,y,,
KCM194709250,drakr101,IN9,1,8,value,27,0,0,0,0,0,,,,,1,19470925,0,KAN05,v,KCM,1,0,0,exhibition,y,,
KCM194804110,drakr101,IN9,1,8,value,24,2,0,0,0,0,,,,,1,19480411,0,AUS01,v,KCM,0,1,0,exhibition,y,d,
BIR194804181,drakr101,IN9,1,8,value,24,0,0,0,0,0,,,,,1,19480418,1,BIR01,v,BIR,0,1,0,exhibition,y,d,
BIR194805161,drakr101,IN9,1,8,value,24,1,0,0,0,0,0,,,,1,19480516,1,BIR01,v,BIR,0,1,0,regular,y,,
BIR194805162,drakr101,IN9,1,8,value,15,4,0,0,0,0,0,,,,1,19480516,2,BIR01,v,BIR,0,1,0,regular,y,,
BIR194805180,drakr101,IN9,1,8,value,24,2,0,1,0,0,,,,,1,19480518,0,BIR01,v,BIR,0,1,0,regular,y,d,
KCM194805231,drakr101,IN9,1,8,value,27,3,0,0,0,0,0,,,,1,19480523,1,KAN05,v,KCM,1,0,0,regular,y,,
KCM194805232,drakr101,IN9,1,8,value,21,4,0,0,0,0,0,,,,1,19480523,2,KAN05,v,KCM,0,0,1,regular,y,,
KCM194805240,drakr101,IN9,1,8,value,24,3,1,0,0,0,,,,,1,19480524,0,KAN05,v,KCM,0,1,0,regular,y,d,
KCM194805250,drakr101,IN9,1,8,value,24,0,0,0,0,0,,,,,1,19480525,0,STJ01,v,KCM,0,1,0,regular,y,d,
KCM194805260,drakr101,IN9,1,8,value,24,3,0,0,0,0,,,,,1,19480526,0,WIC01,v,KCM,0,1,0,regular,y,d,
KCM194805270,drakr101,IN9,1,8,value,,0,,0,0,0,0,,,,1,19480527,0,WIC01,v,KCM,0,1,0,regular,y,,
KCM194805300,drakr101,IN9,1,8,value,27,1,0,0,0,0,,,,,1,19480530,0,DAV01,v,KCM,1,0,0,regular,y,d,
KCM194805311,drakr101,IN9,1,8,value,,3,0,0,0,0,0,,,,1,19480531,1,STL07,v,KCM,0,1,0,regular,y,,
BIR194806271,drakr101,IN9,1,8,value,24,1,0,0,0,0,,,,,1,19480627,1,BIR01,v,BIR,0,1,0,regular,y,d,
BIR194806272,drakr101,IN9,1,8,value,18,2,0,0,0,0,,,,,1,19480627,2,BIR01,v,BIR,0,1,0,regular,y,d,
BIR194807010,drakr101,IN9,1,8,value,24,4,0,0,0,0,0,,,,1,19480701,0,BIR01,v,BIR,0,1,0,regular,y,,
CVB194807041,drakr101,IN9,1,8,value,30,,,0,,0,0,,,,1,19480704,1,CLE06,v,CVB,1,0,0,regular,,,
HOM194807070,drakr101,IN9,1,8,value,24,2,0,0,0,0,,,,,1,19480707,0,PIT06,v,HOM,0,1,0,exhibition,y,d,
PH5194807081,drakr101,IN9,1,8,value,26,2,0,0,0,0,0,,,,1,19480708,1,PHI11,v,PH5,0,1,0,exhibition,y,,
PH5194807082,drakr101,IN9,1,8,value,27,2,0,0,0,0,0,,,,1,19480708,2,PHI11,v,PH5,0,0,1,exhibition,y,,
KCM194807251,drakr101,IN9,1,8,value,24,5,0,0,0,0,,,,,1,19480725,1,KAN05,v,KCM,0,1,0,regular,y,d,
KCM194807252,drakr101,IN9,1,8,value,18,3,0,0,0,0,,,,,1,19480725,2,KAN05,v,KCM,0,1,0,regular,y,d,
KCM194807270,drakr101,IN9,1,8,value,24,1,0,0,0,0,0,,,,1,19480727,0,KAN05,v,KCM,0,1,0,regular,y,,
KCM194807280,drakr101,IN9,1,8,value,27,5,0,0,0,0,0,,,,1,19480728,0,STJ01,v,KCM,1,0,0,regular,y,,
PH5194808022,drakr101,IN9,1,8,value,27,3,0,0,0,0,,,,,1,19480802,2,PHI11,v,PH5,1,0,0,exhibition,y,d,
BLG194808081,drakr101,IN9,1,8,value,24,3,0,1,0,0,0,,,,1,19480808,1,BAL14,v,BLG,0,1,0,exhibition,y,,
BLG194808082,drakr101,IN9,1,8,value,19,0,0,0,0,0,0,,,,1,19480808,2,BAL14,v,BLG,0,1,0,exhibition,y,,
IN9194808221,drakr101,IN9,1,8,value,27,,,0,,0,0,,,,,19480822,1,COL05,h,NY5,1,0,0,exhibition,,,
HOM194809051,drakr101,IN9,1,8,value,24,0,0,0,0,0,,,,,1,19480905,1,WAS09,v,HOM,0,1,0,exhibition,y,d,
BIR194904170,drakr101,IN9,1,8,value,40,0,0,0,0,0,,,,,1,19490417,0,ATL04,v,BIR,0,1,0,exhibition,y,d,
IN9194904280,drakr101,IN9,1,8,value,27,0,0,0,0,0,,,,,1,19490428,0,CHA03,h,KCM,0,1,0,exhibition,y,d,
IN9194905030,drakr101,IN9,1,8,value,27,0,0,0,0,0,,,,,1,19490503,0,POR01,h,NY6,0,1,0,regular,y,d,
PH5194905120,drakr101,IN9,1,8,value,27,1,0,0,0,0,,,,,1,19490512,0,WIL04,v,PH5,1,0,0,regular,y,d,
PH5194905131,drakr101,IN9,1,8,value,24,2,0,0,0,0,,,,,1,19490513,1,PHI11,v,PH5,0,1,0,regular,y,d,
PH5194905132,drakr101,IN9,1,8,value,24,1,0,0,0,0,,,,,1,19490513,2,PHI11,v,PH5,0,1,0,regular,y,d,
CAG194905260,drakr101,IN9,1,8,value,27,3,0,0,0,0,,,,,1,19490526,0,MTV01,v,CAG,1,0,0,regular,y,d,
KCM194905291,drakr101,IN9,1,8,value,24,3,0,0,0,0,,,,,1,19490529,1,KAN05,v,KCM,0,1,0,regular,y,d,
KCM194905292,drakr101,IN9,1,8,value,18,1,0,0,0,0,,,,,1,19490529,2,KAN05,v,KCM,0,1,0,regular,y,d,
KCM194905301,drakr101,IN9,1,8,value,24,4,0,0,0,0,,,,,1,19490530,1,KAN05,v,KCM,0,1,0,regular,y,d,
KCM194905302,drakr101,IN9,1,8,value,21,4,0,0,0,0,,,,,1,19490530,2,KAN05,v,KCM,1,0,0,regular,y,d,
KCM194906040,drakr101,IN9,1,8,value,27,1,0,1,0,0,,,,,1,19490604,0,GIN01,v,KCM,1,0,0,regular,y,d,
KCM194906052,drakr101,IN9,1,8,value,26,3,1,0,0,0,,,,,1,19490605,2,OMA03,v,KCM,0,1,0,regular,y,d,
KCM194906070,drakr101,IN9,1,8,value,24,0,0,0,0,0,,,,,1,19490607,0,CED01,v,KCM,0,1,0,regular,y,d,
KCM194906080,drakr101,IN9,1,8,value,24,3,0,0,0,0,,,,,1,19490608,0,DAV01,v,KCM,0,1,0,regular,y,d,
IN9194906110,drakr101,IN9,1,8,value,30,0,0,0,0,0,,,,,1,19490611,0,CHA01,h,PH5,1,0,0,regular,y,d,
IN9194906140,drakr101,IN9,1,8,value,,,,0,,,,,,,1,19490614,0,ZAN02,h,PH5,1,0,0,regular,,,
BIR194906180,drakr101,IN9,1,8,value,27,4,0,0,0,0,,,,,1,19490618,0,CHT01,v,BIR,1,0,0,regular,y,d,
BIR194906191,drakr101,IN9,1,8,value,24,3,0,0,0,0,,,,,1,19490619,1,BIR01,v,BIR,0,1,0,regular,y,d,
BIR194906192,drakr101,IN9,1,8,value,24,0,0,0,0,0,,,,,1,19490619,2,BIR01,v,BIR,1,0,0,regular,y,d,
BIR194906200,drakr101,IN9,1,8,value,24,3,0,0,0,0,,,,,1,19490620,0,BIR01,v,BIR,0,1,0,regular,y,,
BLG194907241,drakr101,IN9,1,8,value,24,3,0,0,0,0,,,,,1,19490724,1,BAL14,v,BLG,0,1,0,regular,y,d,
BLG194907242,drakr101,IN9,1,8,value,33,3,1,0,0,0,,,,,1,19490724,2,BAL14,v,BLG,1,0,0,regular,y,d,
PH5194907251,drakr101,IN9,1,8,value,27,4,1,0,0,0,,,,,1,19490725,1,PHI11,v,PH5,1,0,0,regular,y,d,
PH5194907252,drakr101,IN9,1,8,value,27,2,0,0,0,0,,,,,1,19490725,2,PHI11,v,PH5,1,0,0,regular,y,d,
PH5194907260,drakr101,IN9,1,8,value,24,0,0,0,0,0,,,,,1,19490726,0,NWC01,v,PH5,0,1,0,regular,y,d,
PH5194908060,drakr101,IN9,1,8,value,21,2,0,0,,,,,,,1,19490806,0,WIL04,v,PH5,0,1,0,regular,y,,
NY6194908071,drakr101,IN9,1,8,value,24,6,0,0,0,0,,,,,1,19490807,1,NYC14,v,NY6,0,1,0,regular,y,d,
NY6194908072,drakr101,IN9,1,8,value,36,5,0,0,0,0,,,,,1,19490807,2,NYC14,v,NY6,0,0,1,regular,y,d,
NY6194908080,drakr101,IN9,1,8,value,24,1,0,0,0,0,,,,,1,19490808,0,WIL04,v,NY6,0,1,0,regular,y,d,
BLG194908090,drakr101,IN9,1,8,value,24,3,1,0,0,0,,,0,,1,19490809,0,BAL14,v,BLG,0,1,0,regular,y,,
ASW195308160,drakr101,ASE,1,8,value,24,2,0,0,0,0,,,,,1,19530816,0,CHI10,v,ASW,0,1,0,allstar,y,d,
ASW195408220,drakr101,ASE,1,8,value,24,2,1,0,0,0,,,,,1,19540822,0,CHI10,v,ASW,0,1,0,allstar,y,d,
