gid,id,team,d_seq,d_pos,stattype,d_ifouts,d_po,d_a,d_e,d_dp,d_tp,d_pb,d_wp,d_sb,d_cs,d_gs,date,number,site,vishome,opp,win,loss,tie,gametype,box,pbp,eject
PH5194307170,glens101,PH5,1,2,value,,1,0,0,0,0,0,,,,,19430717,0,PHI17,h,NY5,1,0,0,regular,y,,
BLG194307182,glens101,PH5,1,2,value,12,2,0,0,0,0,2,0,0,0,1,19430718,2,BAL14,v,BLG,0,1,0,regular,y,d,
PH5194307290,glens101,PH5,1,2,value,,1,1,0,0,0,0,,,,,19430729,0,PHI17,h,NY5,1,0,0,regular,y,,
NY6194405281,glens101,PH5,1,2,value,27,5,1,0,0,0,0,0,0,0,1,19440528,1,NYC16,v,NY6,1,0,0,regular,y,d,
NY6194405310,glens101,PH5,1,9,value,24,2,0,0,0,0,,,,,1,19440531,0,HRB01,v,NY6,0,1,0,regular,y,d,
PH5194406150,glens101,PH5,1,2,value,,2,0,1,0,0,0,0,,,1,19440615,0,PHI17,h,NY5,1,0,0,regular,y,,
PH5194406220,glens101,PH5,1,2,value,27,8,0,0,0,0,0,0,0,0,1,19440622,0,PHI17,h,NY6,0,1,0,regular,y,d,
NW2194408132,glens101,PH5,1,2,value,,,,,,0,,,,,1,19440813,2,NWK04,v,NW2,0,1,0,exhibition,,,
PH5194408170,glens101,PH5,1,2,value,,1,0,0,0,0,0,0,0,,,19440817,0,PHI17,h,NY5,1,0,0,regular,y,,
PH5194409020,glens101,PH5,1,2,value,27,4,0,0,0,0,0,0,2,0,1,19440902,0,PHI17,h,HOM,0,1,0,exhibition,y,d,
PH5194409041,glens101,PH5,1,2,value,27,0,0,0,0,0,0,0,0,0,1,19440904,1,PHI17,h,NY5,1,0,0,regular,y,d,
PH5194506300,glens101,PH5,1,2,value,27,6,1,0,0,0,0,,,,1,19450630,0,PHI17,h,HOM,0,1,0,regular,y,,
NY5194507012,glens101,PH5,1,2,value,24,,,0,,0,,,,,1,19450701,2,NYC16,v,NY5,0,1,0,regular,,,
HOM194507081,glens101,PH5,1,2,value,24,9,1,1,0,0,0,,,,1,19450708,1,WAS09,v,HOM,0,1,0,regular,y,,
HOM194507082,glens101,PH5,1,2,value,18,,,0,,0,,,,,1,19450708,2,WAS09,v,HOM,0,1,0,regular,,,
PH5194507252,glens101,PH5,1,2,value,,2,0,0,0,0,0,,,,,19450725,2,PHI11,h,HOM,1,0,0,regular,y,,
PH5194508091,glens101,PH5,1,2,value,27,6,2,0,0,0,0,,,,1,19450809,1,WAS09,h,KCM,1,0,0,exhibition,y,,
PH5194508130,glens101,PH5,1,2,value,27,7,0,0,0,0,0,,,,1,19450813,0,WIL04,h,BIR,0,0,1,exhibition,y,,
PH5194508161,glens101,PH5,1,2,value,27,,,0,0,0,0,,,,1,19450816,1,WAS09,h,MEM,0,1,0,exhibition,y,,
NW2194508192,glens101,PH5,1,2,value,24,,,,,0,,,,,1,19450819,2,NWK04,v,NW2,0,1,0,regular,,,
PH5194508221,glens101,PH5,1,2,value,3,0,0,0,0,0,0,,,,,19450822,1,PHI11,h,MEM,1,0,0,exhibition,y,,
PH5194508222,glens101,PH5,1,2,value,27,4,0,0,0,0,0,,,,1,19450822,2,PHI11,h,CAG,1,0,0,exhibition,y,,
PH5194508302,glens101,PH5,1,2,value,,0,0,0,0,0,0,,,,,19450830,2,PHI11,h,NW2,1,0,0,regular,y,,
PH5194509010,glens101,PH5,1,2,value,,5,0,0,0,0,0,,,,,19450901,0,PHI17,h,NY5,1,0,0,regular,y,,
NY5194509032,glens101,PH5,1,2,value,21,1,0,0,0,0,0,0,1,0,1,19450903,2,NYC16,v,NY5,0,1,0,exhibition,y,d,
PH5194606220,glens101,PH5,1,2,value,,2,0,0,0,0,0,,,,,19460622,0,PHI17,h,NY5,1,0,0,regular,y,,
PH5194607012,glens101,PH5,1,2,value,27,5,0,0,0,0,0,,,,1,19460701,2,PHI11,h,BLG,1,0,0,regular,y,,
MEM194704271,glens101,PH5,1,2,value,27,,,0,,0,,,,,1,19470427,1,MEM02,v,MEM,1,0,0,exhibition,,,
PH5194705030,glens101,PH5,1,2,value,,4,1,0,,,,,,,1,19470503,0,PHI17,h,BLG,0,1,0,exhibition,y,,
BLG194705041,glens101,PH5,1,2,value,27,2,0,0,0,0,0,0,0,0,1,19470504,1,BAL14,v,BLG,1,0,0,regular,y,d,
NW2194705112,glens101,PH5,1,2,value,18,0,0,0,0,0,0,0,2,1,1,19470511,2,NWK04,v,NW2,0,1,0,regular,y,d,
NY6194705220,glens101,PH5,1,2,value,,6,1,0,0,0,2,,,,1,19470522,0,HRB01,v,NY6,0,1,0,regular,y,,
PH5194705262,glens101,PH5,1,2,value,9,1,2,0,0,0,0,,,,,19470526,2,PHI11,h,NY5,0,0,1,regular,y,,
PH5194705301,glens101,PH5,1,2,value,,4,0,0,,,,,,,1,19470530,1,PHI17,h,NY6,1,0,0,regular,y,,
PH5194706152,glens101,PH5,1,2,value,18,5,0,0,0,0,0,,,,1,19470615,2,WIL04,h,HOM,0,1,0,regular,y,,
NW2194706170,glens101,PH5,1,2,value,21,,,0,0,0,0,,,,1,19470617,0,NWK04,v,NW2,0,1,0,regular,y,,
PH5194706190,glens101,PH5,1,2,value,30,8,1,0,,,,,,,1,19470619,0,PHI17,h,NY6,0,1,0,regular,y,,
BLG194706221,glens101,PH5,1,2,value,,2,1,0,0,0,1,,,,,19470622,1,BAL14,v,BLG,0,1,0,regular,y,,
PH5194706232,glens101,PH5,1,2,value,27,1,1,0,,,,,,,1,19470623,2,PHI11,h,BLG,0,1,0,regular,y,,
HOM194706291,glens101,PH5,1,2,value,27,13,0,0,,,,,,,1,19470629,1,PIT06,v,HOM,1,0,0,regular,y,,
HOM194706292,glens101,PH5,1,2,value,21,,,,,,,,,,1,19470629,2,PIT06,v,HOM,1,0,0,regular,,,
PH5194707020,glens101,PH5,1,2,value,27,12,1,1,0,0,2,,,,1,19470702,0,WIL04,h,NW2,1,0,0,regular,y,,
NW2194707042,glens101,PH5,1,2,value,21,,,0,,0,,,,,1,19470704,2,NWK04,v,NW2,1,0,0,regular,,,
HOM194707062,glens101,PH5,1,2,value,21,3,0,0,0,0,0,,,,1,19470706,2,WAS09,v,HOM,1,0,0,regular,y,,
PH5194707070,glens101,PH5,1,2,value,18,6,0,0,0,0,1,,,,1,19470707,0,PHI11,h,KCM,0,1,0,exhibition,y,,
PH5194707120,glens101,PH5,1,2,value,27,3,2,0,0,0,0,,,,1,19470712,0,PHI17,h,BLG,0,1,0,regular,y,,
BLG194707131,glens101,PH5,1,2,value,27,3,0,0,0,0,0,,,,1,19470713,1,BAL14,v,BLG,1,0,0,regular,y,,
BLG194707132,glens101,PH5,1,2,value,18,3,0,0,0,0,0,,,,1,19470713,2,BAL14,v,BLG,0,1,0,regular,y,,
PH5194707202,glens101,PH5,1,2,value,27,6,0,0,0,0,0,,,,1,19470720,2,NYC16,h,BIR,1,0,0,exhibition,y,,
NY6194707220,glens101,PH5,1,2,value,3,2,0,0,0,0,0,0,0,0,0,19470722,0,HRB01,v,NY6,1,0,0,regular,y,d,
PH5194707260,glens101,PH5,1,2,value,27,7,0,0,0,0,0,,,,1,19470726,0,PHI17,h,NY5,1,0,0,regular,y,,
NW2194708031,glens101,PH5,1,2,value,27,5,0,0,0,0,0,0,0,0,1,19470803,1,NYC15,v,NW2,1,0,0,regular,y,d,
NW2194708032,glens101,PH5,1,2,value,18,3,3,0,0,0,0,0,0,1,1,19470803,2,NYC15,v,NW2,0,1,0,regular,y,d,
NW2194708040,glens101,PH5,1,2,value,27,10,2,0,0,0,1,1,0,0,1,19470804,0,ACY02,v,NW2,1,0,0,regular,y,d,
BLG194708050,glens101,PH5,1,2,value,24,5,0,0,0,0,0,,,,1,19470805,0,BAL14,v,BLG,0,1,0,regular,y,,
PH5194708072,glens101,PH5,1,2,value,27,8,3,0,0,0,0,0,1,1,1,19470807,2,PHI11,h,KCM,1,0,0,exhibition,y,d,
BLG194708150,glens101,PH5,1,2,value,24,1,2,0,1,0,1,0,2,,1,19470815,0,BAL14,v,BLG,0,1,0,regular,y,,
PH5194708160,glens101,PH5,1,2,value,,2,0,0,0,0,0,,,,,19470816,0,WIL04,h,CAG,0,1,0,exhibition,y,,
BLG194708171,glens101,PH5,1,2,value,26,5,0,0,0,0,1,,,,1,19470817,1,BAL14,v,BLG,0,1,0,regular,y,,
PH5194708182,glens101,PH5,1,2,value,21,4,0,0,0,0,0,,,,1,19470818,2,PHI11,h,CAG,1,0,0,exhibition,y,,
PH5194708262,glens101,PH5,1,2,value,24,11,0,0,0,0,0,,,,1,19470826,2,PHI11,h,IN9,1,0,0,exhibition,y,,
HOM194708310,glens101,PH5,1,2,value,24,,,0,0,0,0,,,,1,19470831,0,WAS09,v,HOM,0,1,0,regular,y,,
NY6194804251,glens101,PH5,1,2,value,21,2,1,0,0,0,0,0,1,0,1,19480425,1,NYC14,v,NY6,0,1,0,exhibition,y,d,
PH5194805010,glens101,PH5,1,2,value,27,10,0,0,0,0,0,,,,1,19480501,0,CHE01,h,NY6,0,1,0,regular,y,,
NY6194805091,glens101,PH5,1,2,value,28,7,0,0,0,0,0,0,1,1,1,19480509,1,NYC14,v,NY6,0,1,0,regular,y,d,
NW2194805110,glens101,PH5,1,2,value,27,7,0,0,0,0,0,,,,1,19480511,0,TRE01,v,NW2,1,0,0,regular,y,,
PH5194805150,glens101,PH5,1,2,value,27,3,0,0,0,0,0,0,0,1,1,19480515,0,WIL04,h,BLG,1,0,0,regular,y,d,
HOM194805210,glens101,PH5,1,2,value,27,,,0,,0,,,,,1,19480521,0,NBE01,v,HOM,0,1,0,regular,,,
PH5194805220,glens101,PH5,1,2,value,27,,,0,,0,,,,,1,19480522,0,PHI11,h,HOM,1,0,0,regular,,,
HOM194805231,glens101,PH5,1,2,value,27,4,0,0,0,0,0,0,0,0,1,19480523,1,WAS09,v,HOM,1,0,0,regular,y,d,
NW2194805311,glens101,PH5,1,2,value,27,0,0,0,0,0,0,0,0,1,1,19480531,1,NWK04,v,NW2,1,0,0,regular,y,d,
NW2194805312,glens101,PH5,1,2,value,9,0,0,0,0,0,0,0,0,0,0,19480531,2,NWK04,v,NW2,1,0,0,regular,y,d,
NW2194806030,glens101,PH5,1,2,value,24,0,0,1,0,0,0,0,0,0,1,19480603,0,NWK04,v,NW2,0,1,0,regular,y,d,
BLG194806061,glens101,PH5,1,2,value,27,5,1,0,0,0,0,,,,1,19480606,1,BAL14,v,BLG,1,0,0,regular,y,,
BLG194806061,glens101,PH5,1,2,upper,27,10,1,0,0,0,0,,,,1,19480606,1,BAL14,v,BLG,1,0,0,regular,y,,
BLG194806062,glens101,PH5,1,2,value,18,3,0,1,0,0,0,,,,1,19480606,2,BAL14,v,BLG,0,1,0,regular,y,,
BLG194806110,glens101,PH5,1,2,value,,5,0,0,0,0,0,,,,1,19480611,0,BAL14,v,BLG,0,1,0,regular,y,,
BLG194806110,glens101,PH5,1,2,upper,,5,0,0,0,0,1,,,,1,19480611,0,BAL14,v,BLG,0,1,0,regular,y,,
HOM194806201,glens101,PH5,1,2,value,9,,,1,0,0,1,,,,1,19480620,1,WAS09,v,HOM,0,1,0,regular,y,,
NW2194806270,glens101,PH5,1,2,value,24,0,0,0,0,0,0,0,0,0,1,19480627,0,NWK04,v,NW2,0,1,0,regular,y,d,
BLG194807020,glens101,PH5,1,2,value,,7,0,1,0,0,0,,,,1,19480702,0,BAL14,v,BLG,0,1,0,regular,y,,
NY5194807051,glens101,PH5,1,2,value,29,,,0,,0,,,,,1,19480705,1,NYC16,v,NY5,0,1,0,regular,,,
PH5194807081,glens101,PH5,1,2,value,27,9,0,0,0,0,0,,,,1,19480708,1,PHI11,h,IN9,1,0,0,exhibition,y,,
NY6194807110,glens101,PH5,1,2,value,27,4,1,0,0,0,0,0,0,0,1,19480711,0,NYC16,v,NY6,1,0,0,regular,y,d,
PH5194807130,glens101,PH5,1,2,value,27,10,2,0,0,0,0,,,,1,19480713,0,WIL04,h,IN9,1,0,0,exhibition,y,,
NW2194807182,glens101,PH5,1,2,value,18,0,0,0,0,0,0,0,0,0,1,19480718,2,NWK04,v,NW2,0,1,0,regular,y,d,
NW2194807200,glens101,PH5,1,2,value,27,0,0,0,0,0,0,0,0,0,1,19480720,0,NWK04,v,NW2,1,0,0,regular,y,d,
BLG194807251,glens101,PH5,1,2,value,24,6,1,0,0,0,0,0,2,1,1,19480725,1,BAL14,v,BLG,0,1,0,regular,y,d,
PH5194807262,glens101,PH5,1,2,value,27,7,1,0,1,0,0,,,,1,19480726,2,PHI11,h,BLG,0,1,0,regular,y,,
PH5194807270,glens101,PH5,1,2,value,9,4,0,0,0,0,0,,,,,19480727,0,WIL04,h,NY5,1,0,0,regular,y,,
NY5194807290,glens101,PH5,1,2,value,27,,,0,,0,,,,,1,19480729,0,ROC04,v,NY5,1,0,0,regular,,,
PH5194808022,glens101,PH5,1,2,value,27,7,0,0,0,0,0,0,0,0,1,19480802,2,PHI11,h,IN9,0,1,0,exhibition,y,d,
BLG194808060,glens101,PH5,1,2,value,27,4,0,0,0,0,0,,,,1,19480806,0,BAL14,v,BLG,1,0,0,regular,y,,
PH5194808160,glens101,PH5,1,2,value,27,11,0,0,0,0,0,,,,1,19480816,0,PHI11,h,NW2,0,1,0,regular,y,,
NW2194808221,glens101,PH5,1,2,value,27,,,0,0,0,0,,,,1,19480822,1,NWK04,v,NW2,1,0,0,exhibition,y,,
NW2194808222,glens101,PH5,1,2,value,15,,,0,0,0,0,,,,1,19480822,2,NWK04,v,NW2,0,1,0,exhibition,y,,
NW2194809061,glens101,PH5,1,2,value,24,0,0,0,0,0,0,0,0,0,1,19480906,1,NWK04,v,NW2,0,1,0,regular,y,d,
PH5194809081,glens101,PH5,1,2,value,27,4,1,0,0,0,0,0,0,0,1,19480908,1,PHI11,h,KCM,0,1,0,exhibition,y,d,
PH5194809082,glens101,PH5,1,2,value,27,7,0,0,0,0,0,0,0,0,1,19480908,2,PHI11,h,IN9,1,0,0,exhibition,y,d,
NY6194809120,glens101,PH5,1,2,value,24,8,1,0,0,0,0,0,0,1,1,19480912,0,NYC16,v,NY6,1,0,0,regular,y,d,
LCB194905020,glens101,PH5,1,2,value,27,,,,,,,,,,1,19490502,0,COL05,v,LCB,1,0,0,regular,,,
LCB194905030,glens101,PH5,1,2,value,24,,,,,,,,,,1,19490503,0,SPR04,v,LCB,0,1,0,regular,,,
LCB194905040,glens101,PH5,1,2,value,27,,,,,,,,,,1,19490504,0,DAY03,v,LCB,1,0,0,regular,,,
LCB194905050,glens101,PH5,1,2,value,27,,,,,,,,,,1,19490505,0,CHA01,v,LCB,1,0,0,regular,,,
PH5194905082,glens101,PH5,1,2,value,21,0,0,0,0,0,0,0,0,0,1,19490508,2,NWK04,h,KCM,1,0,0,regular,y,d,
PH5194905131,glens101,PH5,1,2,value,27,6,0,0,0,0,0,0,0,0,1,19490513,1,PHI11,h,IN9,1,0,0,regular,y,d,
BLG194905152,glens101,PH5,1,2,value,18,1,0,0,0,0,0,0,0,0,1,19490515,2,BAL14,v,BLG,0,1,0,regular,y,d,
PH5194905190,glens101,PH5,1,2,value,27,5,2,0,0,0,0,0,1,0,1,19490519,0,CHE01,h,BLG,0,1,0,regular,y,d,
KCM194905220,glens101,PH5,1,2,value,24,5,0,1,0,0,0,0,2,0,1,19490522,0,KAN05,v,KCM,0,1,0,regular,y,d,
KCM194905230,glens101,PH5,1,2,value,12,1,0,0,0,0,0,0,0,0,0,19490523,0,KAN05,v,KCM,0,1,0,regular,y,d,
KCM194905240,glens101,PH5,1,2,value,25,6,0,1,0,0,0,1,5,0,1,19490524,0,WIC01,v,KCM,0,1,0,regular,y,d,
KCM194905250,glens101,PH5,1,2,value,27,4,2,0,0,0,0,0,0,1,1,19490525,0,OMA03,v,KCM,1,0,0,regular,y,d,
PH5194905292,glens101,PH5,1,2,value,21,0,0,0,0,0,0,0,0,0,1,19490529,2,NWK04,h,HOE,0,1,0,regular,y,d,
PH5194905301,glens101,PH5,1,2,value,27,3,3,0,1,0,0,0,1,0,1,19490530,1,CHE01,h,HOE,1,0,0,regular,y,d,
PH5194905302,glens101,PH5,1,2,value,30,5,0,1,0,0,1,0,2,0,1,19490530,2,WIL04,h,HOE,0,1,0,regular,y,d,
PH5194906020,glens101,PH5,1,2,value,27,14,2,0,0,0,1,1,2,1,1,19490602,0,BRI01,h,HOE,1,0,0,regular,y,d,
PH5194906070,glens101,PH5,1,2,value,27,9,1,0,0,0,0,0,0,0,1,19490607,0,CHE01,h,BIR,1,0,0,regular,y,d,
IN9194906110,glens101,PH5,1,2,value,28,0,0,0,0,0,0,1,0,0,1,19490611,0,CHA01,v,IN9,0,1,0,regular,y,d,
IN9194906120,glens101,PH5,1,2,value,27,,,,,,,,,,1,19490612,0,CHA01,v,IN9,1,0,0,regular,,,
IN9194906140,glens101,PH5,1,2,value,,,,,,,,,,,1,19490614,0,ZAN02,v,IN9,0,1,0,regular,,,
CAG194906191,glens101,PH5,2,2,value,,,,,,,,,,,,19490619,1,CHI10,v,CAG,0,1,0,regular,,,
CAG194906192,glens101,PH5,1,2,value,18,18,,,,,,,,,,19490619,2,CHI10,v,CAG,0,1,0,regular,,,
CAG194906220,glens101,PH5,1,2,value,27,0,0,0,0,0,0,0,0,0,1,19490622,0,DCT02,v,CAG,1,0,0,regular,y,d,
NY6194906260,glens101,PH5,1,2,value,24,,,,,,,,,,1,19490626,0,NYC14,v,NY6,0,1,0,regular,,,
HOE194907050,glens101,PH5,1,2,value,27,,,0,,,,,,,1,19490705,0,HOU04,v,HOE,1,0,0,regular,,,
PH5194907241,glens101,PH5,1,2,value,27,0,0,0,0,0,0,0,0,0,1,19490724,1,WAS09,h,NY6,0,1,0,regular,y,d,
PH5194907251,glens101,PH5,1,2,value,27,7,0,0,0,0,0,0,0,0,1,19490725,1,PHI11,h,IN9,0,1,0,regular,y,d,
PH5194907252,glens101,PH5,1,2,value,15,8,0,0,0,0,0,0,0,0,0,19490725,2,PHI11,h,IN9,0,1,0,regular,y,d,
PH5194907260,glens101,PH5,1,3,value,3,0,0,0,0,0,,,,,1,19490726,0,NWC01,h,IN9,1,0,0,regular,y,d,
PH5194907260,glens101,PH5,2,2,value,24,8,0,0,0,0,0,0,0,0,0,19490726,0,NWC01,h,IN9,1,0,0,regular,y,d,
IN9194907270,glens101,PH5,1,2,value,24,,,,,,,,,,1,19490727,0,IND10,v,IN9,0,1,0,regular,,,
CAG194907311,glens101,PH5,,2,value,27,,,0,,,,,,,1,19490731,1,CHI10,v,CAG,1,0,0,regular,,,
PH5194908010,glens101,PH5,1,2,value,27,13,0,0,,,,,,,1,19490801,0,PHI11,h,CAG,1,0,0,regular,y,,
PH5194908060,glens101,PH5,1,2,value,27,11,0,1,,,,,,,1,19490806,0,WIL04,h,IN9,1,0,0,regular,y,,
BLG194908260,glens101,PH5,1,2,value,24,3,1,0,0,0,,0,2,,1,19490826,0,BAL14,v,BLG,0,1,0,regular,y,,
BLG194909020,glens101,PH5,1,2,value,4,1,0,0,0,0,0,0,0,0,0,19490902,0,BAL14,v,BLG,0,1,0,regular,y,d,
BLG194909052,glens101,PH5,1,2,value,15,,,,,,,,,,1,19490905,2,BAL14,v,BLG,1,0,0,regular,,,
