gid,id,team,d_seq,d_pos,stattype,d_ifouts,d_po,d_a,d_e,d_dp,d_tp,d_pb,d_wp,d_sb,d_cs,d_gs,date,number,site,vishome,opp,win,loss,tie,gametype,box,pbp,eject
CHN193109201,englg101,NY1,1,5,value,18,1,2,0,0,0,,,,,0,19310920,1,CHI11,v,CHN,0,1,0,regular,y,y,
CHN193109210,englg101,NY1,1,5,value,15,0,0,0,0,0,,,,,0,19310921,0,CHI11,v,CHN,1,0,0,regular,y,y,
BRO193109270,englg101,NY1,1,5,value,15,0,1,0,0,0,,,,,0,19310927,0,NYC15,v,BRO,0,1,0,regular,y,y,
BSN193207231,englg101,NY1,1,5,value,18,0,2,0,0,0,,,,,0,19320723,1,BOS08,v,BSN,1,0,0,regular,y,y,
NY1193207262,englg101,NY1,1,5,value,12,0,1,0,0,0,,,,,0,19320726,2,NYC14,h,PIT,0,1,0,regular,y,y,
NY1193207281,englg101,NY1,1,5,value,27,1,1,0,0,0,,,,,1,19320728,1,NYC14,h,PIT,0,1,0,regular,y,y,
NY1193207282,englg101,NY1,1,5,value,24,4,2,0,0,0,,,,,1,19320728,2,NYC14,h,PIT,0,1,0,regular,y,y,
NY1193207282,englg101,NY1,2,6,value,3,0,0,0,0,0,,,,,0,19320728,2,NYC14,h,PIT,0,1,0,regular,y,y,
NY1193207290,englg101,NY1,1,5,value,24,0,5,1,0,0,,,,,1,19320729,0,NYC14,h,PIT,0,1,0,regular,y,y,
NY1193207290,englg101,NY1,2,6,value,3,0,1,0,0,0,,,,,0,19320729,0,NYC14,h,PIT,0,1,0,regular,y,y,
NY1193207300,englg101,NY1,1,5,value,24,0,4,0,0,0,,,,,1,19320730,0,NYC14,h,CIN,0,1,0,regular,y,y,
NY1193207300,englg101,NY1,2,6,value,3,1,1,0,1,0,,,,,0,19320730,0,NYC14,h,CIN,0,1,0,regular,y,y,
NY1193207300,englg101,NY1,1,5,official,,,,0,1,,,,,,1,19320730,0,NYC14,h,CIN,0,1,0,regular,y,y,
NY1193207300,englg101,NY1,2,6,official,,,,0,0,,,,,,,19320730,0,NYC14,h,CIN,0,1,0,regular,y,y,
NY1193207311,englg101,NY1,1,5,value,30,2,0,1,0,0,,,,,1,19320731,1,NYC14,h,CIN,1,0,0,regular,y,d,
NY1193207312,englg101,NY1,1,5,value,27,1,4,0,2,0,,,,,1,19320731,2,NYC14,h,CIN,1,0,0,regular,y,d,
NY1193208020,englg101,NY1,1,5,value,27,1,1,0,0,0,,,,,1,19320802,0,NYC14,h,CIN,1,0,0,regular,y,y,
NY1193208040,englg101,NY1,1,5,value,27,1,3,0,0,0,,,,,1,19320804,0,NYC14,h,SLN,1,0,0,regular,y,y,
NY1193208050,englg101,NY1,1,5,value,27,3,3,0,0,0,,,,,1,19320805,0,NYC14,h,SLN,1,0,0,regular,y,y,
NY1193208061,englg101,NY1,1,5,value,27,1,1,0,0,0,,,,,1,19320806,1,NYC14,h,SLN,1,0,0,regular,y,y,
NY1193208062,englg101,NY1,1,5,value,27,1,2,0,0,0,,,,,1,19320806,2,NYC14,h,SLN,0,1,0,regular,y,y,
NY1193208071,englg101,NY1,1,5,value,24,1,4,0,0,0,,,,,1,19320807,1,NYC14,h,CHN,0,1,0,regular,y,d,
NY1193208071,englg101,NY1,2,6,value,3,0,1,0,0,0,,,,,0,19320807,1,NYC14,h,CHN,0,1,0,regular,y,d,
NY1193208072,englg101,NY1,1,5,value,27,0,2,0,0,0,,,,,1,19320807,2,NYC14,h,CHN,1,0,0,regular,y,d,
NY1193208090,englg101,NY1,1,5,value,27,0,2,1,0,0,,,,,1,19320809,0,NYC14,h,CHN,0,1,0,regular,y,y,
NY1193208120,englg101,NY1,1,5,value,24,0,2,1,1,0,,,,,1,19320812,0,NYC14,h,BRO,0,1,0,regular,y,y,
NY1193208120,englg101,NY1,2,6,value,3,0,0,0,0,0,,,,,0,19320812,0,NYC14,h,BRO,0,1,0,regular,y,y,
NY1193208120,englg101,NY1,1,5,official,,,,1,2,,,,,,1,19320812,0,NYC14,h,BRO,0,1,0,regular,y,y,
NY1193208120,englg101,NY1,2,6,official,,,,0,0,,,,,,,19320812,0,NYC14,h,BRO,0,1,0,regular,y,y,
NY1193208131,englg101,NY1,1,5,value,27,1,3,0,2,0,,,,,1,19320813,1,NYC14,h,BRO,0,1,0,regular,y,y,
NY1193208132,englg101,NY1,1,5,value,27,2,2,0,0,0,,,,,1,19320813,2,NYC14,h,BRO,0,1,0,regular,y,y,
NY1193208141,englg101,NY1,1,5,value,30,1,2,1,0,0,,,,,1,19320814,1,NYC14,h,BRO,0,1,0,regular,y,y,
NY1193208142,englg101,NY1,1,5,value,27,0,1,0,0,0,,,,,1,19320814,2,NYC14,h,BRO,1,0,0,regular,y,d,
CIN193208160,englg101,NY1,1,5,value,24,2,1,0,0,0,,,,,1,19320816,0,CIN07,v,CIN,1,0,0,regular,y,y,
CIN193208170,englg101,NY1,1,5,value,27,1,4,0,0,0,,,,,1,19320817,0,CIN07,v,CIN,1,0,0,regular,y,y,
CIN193208180,englg101,NY1,1,5,value,27,1,1,0,0,0,,,,,1,19320818,0,CIN07,v,CIN,1,0,0,regular,y,y,
PIT193208190,englg101,NY1,1,5,value,27,1,0,0,0,0,,,,,1,19320819,0,PIT06,v,PIT,1,0,0,regular,y,y,
PIT193208201,englg101,NY1,1,5,value,24,0,2,0,0,0,,,,,1,19320820,1,PIT06,v,PIT,0,1,0,regular,y,y,
PIT193208202,englg101,NY1,1,5,value,27,0,3,1,1,0,,,,,1,19320820,2,PIT06,v,PIT,1,0,0,regular,y,y,
BRO193208210,englg101,NY1,1,5,value,27,0,2,1,0,0,,,,,1,19320821,0,NYC15,v,BRO,1,0,0,regular,y,y,
PIT193208221,englg101,NY1,1,5,value,18,1,0,0,0,0,,,,,1,19320822,1,PIT06,v,PIT,0,1,0,regular,y,y,
PIT193208222,englg101,NY1,1,5,value,15,1,0,0,0,0,,,,,1,19320822,2,PIT06,v,PIT,1,0,0,regular,y,y,
PIT193208230,englg101,NY1,1,5,value,24,0,3,1,0,0,,,,,1,19320823,0,PIT06,v,PIT,0,1,0,regular,y,y,
SLN193208240,englg101,NY1,1,5,value,24,0,2,0,0,0,,,,,1,19320824,0,STL07,v,SLN,0,1,0,regular,y,y,
SLN193208250,englg101,NY1,1,5,value,27,1,3,0,0,0,,,,,1,19320825,0,STL07,v,SLN,1,0,0,regular,y,y,
SLN193208260,englg101,NY1,1,5,value,24,4,5,1,1,0,,,,,1,19320826,0,STL07,v,SLN,0,1,0,regular,y,y,
CHN193208271,englg101,NY1,1,5,value,24,2,3,0,0,0,,,,,1,19320827,1,CHI11,v,CHN,0,1,0,regular,y,y,
CHN193208272,englg101,NY1,1,5,value,24,2,1,0,2,0,,,,,1,19320827,2,CHI11,v,CHN,0,1,0,regular,y,y,
CHN193208280,englg101,NY1,1,5,value,21,1,1,0,0,0,,,,,1,19320828,0,CHI11,v,CHN,0,1,0,regular,y,d,
CHN193208300,englg101,NY1,1,5,value,25,1,1,0,0,0,,,,,1,19320830,0,CHI11,v,CHN,0,1,0,regular,y,y,
BRO193209030,englg101,NY1,1,6,value,27,0,4,0,0,0,,,,,0,19320903,0,NYC15,v,BRO,1,0,0,regular,y,y,
BRO193209040,englg101,NY1,1,6,value,24,2,3,0,1,0,,,,,1,19320904,0,NYC15,v,BRO,0,1,0,regular,y,y,
PHI193209051,englg101,NY1,1,6,value,24,2,2,0,0,0,,,,,1,19320905,1,PHI09,v,PHI,0,1,0,regular,y,y,
PHI193209052,englg101,NY1,1,6,value,25,0,2,0,0,0,,,,,1,19320905,2,PHI09,v,PHI,0,1,0,regular,y,y,
NY1193209070,englg101,NY1,1,6,value,27,1,1,0,1,0,,,,,1,19320907,0,NYC14,h,CIN,1,0,0,regular,y,y,
NY1193209091,englg101,NY1,1,6,value,27,2,4,0,1,0,,,,,1,19320909,1,NYC14,h,CIN,0,1,0,regular,y,y,
NY1193209092,englg101,NY1,1,6,value,27,3,4,0,1,0,,,,,1,19320909,2,NYC14,h,CIN,1,0,0,regular,y,y,
NY1193209100,englg101,NY1,1,6,value,27,2,4,0,1,0,,,,,1,19320910,0,NYC14,h,SLN,1,0,0,regular,y,y,
NY1193209111,englg101,NY1,1,6,value,27,3,4,1,0,0,,,,,1,19320911,1,NYC14,h,SLN,1,0,0,regular,y,d,
NY1193209112,englg101,NY1,1,6,value,27,2,2,1,0,0,,,,,1,19320911,2,NYC14,h,SLN,0,1,0,regular,y,d,
NY1193209131,englg101,NY1,1,6,value,27,2,1,1,1,0,,,,,1,19320913,1,NYC14,h,CHN,0,1,0,regular,y,y,
NY1193209132,englg101,NY1,1,6,value,33,1,4,0,1,0,,,,,1,19320913,2,NYC14,h,CHN,1,0,0,regular,y,y,
NY1193209140,englg101,NY1,1,6,value,30,0,3,0,0,0,,,,,1,19320914,0,NYC14,h,CHN,1,0,0,regular,y,y,
NY1193209150,englg101,NY1,1,6,value,33,2,1,1,0,0,,,,,1,19320915,0,NYC14,h,CHN,0,1,0,regular,y,y,
NY1193209170,englg101,NY1,1,6,value,27,0,1,1,0,0,,,,,1,19320917,0,NYC14,h,PIT,1,0,0,regular,y,y,
NY1193209181,englg101,NY1,1,6,value,27,6,2,0,0,0,,,,,1,19320918,1,NYC14,h,PIT,0,1,0,regular,y,y,
NY1193209182,englg101,NY1,1,6,value,27,4,5,0,0,0,,,,,1,19320918,2,NYC14,h,PIT,0,1,0,regular,y,y,
NY1193209190,englg101,NY1,1,5,value,27,0,4,0,0,0,,,,,1,19320919,0,NYC14,h,BSN,0,1,0,regular,y,y,
NY1193209252,englg101,NY1,1,6,value,3,0,0,0,0,0,,,,,0,19320925,2,NYC14,h,PHI,0,1,0,regular,y,d,
PTC193209270,englg101,NLN,1,5,value,24,1,2,0,0,0,,,,,1,19320927,0,YOR01,v,PTC,0,1,0,exhibition,y,,
PTC193209280,englg101,NLN,1,5,value,27,1,1,0,0,0,,,,,1,19320928,0,PIT09,v,PTC,1,0,0,exhibition,y,,
PTC193209300,englg101,NLN,1,5,value,24,1,2,1,0,0,,,,,1,19320930,0,ALT02,v,PTC,0,1,0,exhibition,y,,
PTC193210011,englg101,NLN,1,5,value,21,0,1,0,0,0,,,,,1,19321001,1,PIT09,v,PTC,0,1,0,exhibition,y,,
PTC193210012,englg101,NLN,1,5,value,27,1,2,0,0,0,,,,,1,19321001,2,PIT09,v,PTC,1,0,0,exhibition,y,,
PTC193210021,englg101,NLN,1,5,value,29,1,1,2,0,0,,,,,1,19321002,1,CLE07,v,PTC,0,1,0,exhibition,y,,
PTC193210022,englg101,NLN,1,5,value,18,0,2,1,0,0,,,,,1,19321002,2,CLE07,v,PTC,0,1,0,exhibition,y,,
WS1193604290,englg101,DET,1,5,value,9,1,1,0,0,0,,,,,0,19360429,0,WAS09,v,WS1,0,1,0,regular,y,y,
SLA193705160,englg101,DET,1,5,value,27,1,1,0,0,0,,,,,1,19370516,0,STL07,v,SLA,1,0,0,regular,y,y,
PHA193705180,englg101,DET,1,5,value,24,0,2,0,0,0,,,,,1,19370518,0,PHI11,v,PHA,0,1,0,regular,y,y,
PHA193705190,englg101,DET,1,5,value,27,0,0,0,0,0,,,,,1,19370519,0,PHI11,v,PHA,1,0,0,regular,y,y,
PHA193705200,englg101,DET,1,5,value,27,0,0,0,0,0,,,,,1,19370520,0,PHI11,v,PHA,1,0,0,regular,y,y,
BOS193705210,englg101,DET,1,5,value,33,2,2,0,0,0,,,,,1,19370521,0,BOS07,v,BOS,1,0,0,regular,y,y,
BOS193705220,englg101,DET,1,5,value,21,1,1,0,0,0,,,,,1,19370522,0,BOS07,v,BOS,0,1,0,regular,y,y,
BOS193705220,englg101,DET,2,4,value,3,0,0,0,0,0,,,,,0,19370522,0,BOS07,v,BOS,0,1,0,regular,y,y,
WS1193705230,englg101,DET,1,4,value,24,3,4,0,0,0,,,,,1,19370523,0,WAS09,v,WS1,1,0,0,regular,y,y,
WS1193705240,englg101,DET,1,4,value,27,1,1,0,0,0,,,,,1,19370524,0,WAS09,v,WS1,1,0,0,regular,y,y,
NYA193705260,englg101,DET,1,4,value,24,2,4,0,1,0,,,,,1,19370526,0,NYC16,v,NYA,0,1,0,regular,y,y,
NYA193705270,englg101,DET,1,4,value,39,4,3,1,0,0,,,,,1,19370527,0,NYC16,v,NYA,1,0,0,regular,y,y,
DET193705281,englg101,DET,1,4,value,27,2,1,0,1,0,,,,,1,19370528,1,DET04,h,SLA,1,0,0,regular,y,y,
DET193705282,englg101,DET,1,4,value,27,2,3,0,0,0,,,,,1,19370528,2,DET04,h,SLA,1,0,0,regular,y,y,
DET193705290,englg101,DET,1,4,value,27,4,2,1,1,0,,,,,1,19370529,0,DET04,h,SLA,0,1,0,regular,y,y,
DET193705300,englg101,DET,1,4,value,27,2,1,0,1,0,,,,,1,19370530,0,DET04,h,SLA,1,0,0,regular,y,y,
CLE193705311,englg101,DET,1,4,value,24,4,3,0,1,0,,,,,1,19370531,1,CLE07,v,CLE,0,1,0,regular,y,y,
CLE193705312,englg101,DET,1,4,value,32,1,4,0,0,0,,,,,1,19370531,2,CLE07,v,CLE,0,1,0,regular,y,y,
DET193706030,englg101,DET,1,4,value,3,0,1,0,0,0,,,,,0,19370603,0,DET04,h,WS1,0,1,0,regular,y,y,
BSN193706080,englg101,BSN,1,5,value,3,0,0,0,0,0,,,,,0,19370608,0,BOS08,h,CIN,0,1,0,regular,y,y,
BSN193706091,englg101,BSN,1,5,value,27,0,1,0,1,0,,,,,1,19370609,1,BOS08,h,CIN,1,0,0,regular,y,y,
BSN193706091,englg101,BSN,1,5,official,,,,0,0,,,,,,1,19370609,1,BOS08,h,CIN,1,0,0,regular,y,y,
BSN193706100,englg101,BSN,1,5,value,27,1,2,0,0,0,,,,,1,19370610,0,BOS08,h,CIN,0,1,0,regular,y,y,
BSN193706131,englg101,BSN,1,5,value,27,1,4,0,0,0,,,,,1,19370613,1,BOS08,h,SLN,0,1,0,regular,y,y,
BSN193706132,englg101,BSN,1,5,value,27,1,1,0,1,0,,,,,1,19370613,2,BOS08,h,SLN,0,1,0,regular,y,y,
CHN193706150,englg101,BSN,1,5,value,24,0,5,1,0,0,,,,,1,19370615,0,CHI11,v,CHN,0,1,0,regular,y,y,
SLN193706180,englg101,BSN,1,5,value,24,2,1,0,0,0,,,,,1,19370618,0,STL07,v,SLN,0,1,0,regular,y,y,
SLN193706190,englg101,BSN,1,5,value,26,1,2,0,0,0,,,,,1,19370619,0,STL07,v,SLN,0,1,0,regular,y,y,
SLN193706201,englg101,BSN,1,5,value,24,2,2,0,0,0,,,,,1,19370620,1,STL07,v,SLN,0,1,0,regular,y,y,
SLN193706202,englg101,BSN,1,5,value,24,1,1,0,0,0,,,,,1,19370620,2,STL07,v,SLN,0,1,0,regular,y,y,
PIT193706220,englg101,BSN,1,5,value,24,2,0,0,0,0,,,,,1,19370622,0,PIT06,v,PIT,0,1,0,regular,y,y,
PIT193706230,englg101,BSN,1,5,value,24,2,1,0,0,0,,,,,1,19370623,0,PIT06,v,PIT,0,1,0,regular,y,y,
PIT193706240,englg101,BSN,1,5,value,27,0,1,0,0,0,,,,,1,19370624,0,PIT06,v,PIT,1,0,0,regular,y,y,
CIN193706250,englg101,BSN,1,5,value,24,1,5,0,1,0,,,,,1,19370625,0,CIN07,v,CIN,0,1,0,regular,y,y,
CIN193706260,englg101,BSN,1,5,value,24,0,3,0,0,0,,,,,1,19370626,0,CIN07,v,CIN,0,1,0,regular,y,y,
CIN193706271,englg101,BSN,1,5,value,27,0,2,0,0,0,,,,,1,19370627,1,CIN07,v,CIN,1,0,0,regular,y,y,
CIN193706272,englg101,BSN,1,5,value,27,0,0,0,0,0,,,,,1,19370627,2,CIN07,v,CIN,1,0,0,regular,y,y,
BSN193706290,englg101,BSN,1,5,value,36,0,3,1,0,0,,,,,1,19370629,0,BOS08,h,BRO,1,0,0,regular,y,y,
BSN193706301,englg101,BSN,1,5,value,27,0,1,0,0,0,,,,,1,19370630,1,BOS08,h,BRO,1,0,0,regular,y,y,
BSN193706302,englg101,BSN,1,5,value,27,0,0,0,0,0,,,,,1,19370630,2,BOS08,h,BRO,1,0,0,regular,y,y,
BSN193707010,englg101,BSN,1,5,value,27,2,0,1,0,0,,,,,1,19370701,0,BOS08,h,BRO,1,0,0,regular,y,y,
NY1193707020,englg101,BSN,1,5,value,24,0,3,0,0,0,,,,,1,19370702,0,NYC14,v,NY1,0,1,0,regular,y,y,
BSN193707170,englg101,BSN,1,5,value,27,0,3,0,1,0,,,,,1,19370717,0,BOS08,h,CIN,1,0,0,regular,y,y,
BSN193707181,englg101,BSN,1,5,value,27,0,2,0,0,0,,,,,1,19370718,1,BOS08,h,CIN,0,1,0,regular,y,y,
BSN193707182,englg101,BSN,1,5,value,27,0,1,0,0,0,,,,,1,19370718,2,BOS08,h,CIN,0,1,0,regular,y,y,
BSN193707200,englg101,BSN,1,5,value,27,2,0,0,0,0,,,,,1,19370720,0,BOS08,h,SLN,1,0,0,regular,y,y,
BSN193707211,englg101,BSN,1,5,value,33,0,1,0,0,0,,,,,1,19370721,1,BOS08,h,SLN,1,0,0,regular,y,y,
BSN193707212,englg101,BSN,1,5,value,27,2,4,1,0,0,,,,,1,19370721,2,BOS08,h,SLN,1,0,0,regular,y,y,
BSN193707220,englg101,BSN,1,5,value,27,2,1,0,0,0,,,,,1,19370722,0,BOS08,h,SLN,1,0,0,regular,y,y,
BSN193707240,englg101,BSN,1,5,value,27,0,4,0,1,0,,,,,1,19370724,0,BOS08,h,PIT,1,0,0,regular,y,y,
BSN193707251,englg101,BSN,1,5,value,27,1,2,0,0,0,,,,,1,19370725,1,BOS08,h,PIT,1,0,0,regular,y,y,
BSN193707252,englg101,BSN,1,5,value,27,0,2,1,0,0,,,,,1,19370725,2,BOS08,h,PIT,1,0,0,regular,y,y,
CIN193707270,englg101,BSN,1,5,value,26,2,4,0,0,0,,,,,1,19370727,0,CIN07,v,CIN,0,1,0,regular,y,y,
CIN193707280,englg101,BSN,1,5,value,24,1,0,0,0,0,,,,,1,19370728,0,CIN07,v,CIN,0,1,0,regular,y,y,
CIN193707290,englg101,BSN,1,5,value,27,2,1,0,0,0,,,,,1,19370729,0,CIN07,v,CIN,1,0,0,regular,y,y,
PIT193707300,englg101,BSN,1,5,value,26,0,2,0,0,0,,,,,1,19370730,0,PIT06,v,PIT,0,1,0,regular,y,y,
PIT193707310,englg101,BSN,1,5,value,27,1,2,0,1,0,,,,,1,19370731,0,PIT06,v,PIT,1,0,0,regular,y,y,
PIT193708010,englg101,BSN,1,5,value,24,1,1,0,0,0,,,,,1,19370801,0,PIT06,v,PIT,0,1,0,regular,y,y,
SLN193708030,englg101,BSN,1,5,value,24,1,2,0,0,0,,,,,1,19370803,0,STL07,v,SLN,0,1,0,regular,y,y,
SLN193708040,englg101,BSN,1,5,value,26,3,0,0,0,0,,,,,1,19370804,0,STL07,v,SLN,0,1,0,regular,y,y,
SLN193708050,englg101,BSN,1,5,value,27,1,1,0,1,0,,,,,1,19370805,0,STL07,v,SLN,1,0,0,regular,y,y,
CHN193708061,englg101,BSN,1,5,value,24,0,0,0,0,0,,,,,1,19370806,1,CHI11,v,CHN,0,1,0,regular,y,y,
CHN193708062,englg101,BSN,1,5,value,24,1,0,0,0,0,,,,,1,19370806,2,CHI11,v,CHN,0,1,0,regular,y,y,
CHN193708070,englg101,BSN,1,5,value,27,0,3,0,0,0,,,,,1,19370807,0,CHI11,v,CHN,1,0,0,regular,y,y,
CHN193708081,englg101,BSN,1,5,value,24,2,3,0,0,0,,,,,1,19370808,1,CHI11,v,CHN,0,1,0,regular,y,y,
CHN193708082,englg101,BSN,1,5,value,24,2,1,0,0,0,,,,,1,19370808,2,CHI11,v,CHN,0,1,0,regular,y,y,
NY1193708100,englg101,BSN,1,5,value,27,0,2,0,0,0,,,,,1,19370810,0,NYC14,v,NY1,1,0,0,regular,y,y,
NY1193708120,englg101,BSN,1,5,value,27,0,2,0,0,0,,,,,1,19370812,0,NYC14,v,NY1,1,0,0,regular,y,y,
BSN193708130,englg101,BSN,1,5,value,27,1,3,0,0,0,,,,,1,19370813,0,BOS08,h,BRO,1,0,0,regular,y,y,
BSN193708140,englg101,BSN,1,5,value,27,1,2,0,0,0,,,,,1,19370814,0,BOS08,h,BRO,1,0,0,regular,y,y,
BSN193708151,englg101,BSN,1,5,value,27,1,2,1,0,0,,,,,1,19370815,1,BOS08,h,BRO,0,1,0,regular,y,d,
BSN193708152,englg101,BSN,1,5,value,27,0,0,0,0,0,,,,,1,19370815,2,BOS08,h,BRO,1,0,0,regular,y,d,
BSN193708170,englg101,BSN,1,5,value,27,1,0,0,0,0,,,,,1,19370817,0,BOS08,h,NY1,0,1,0,regular,y,y,
BSN193708180,englg101,BSN,1,5,value,27,1,4,0,0,0,,,,,1,19370818,0,BOS08,h,NY1,0,1,0,regular,y,y,
BSN193708190,englg101,BSN,1,5,value,33,0,2,0,1,0,,,,,1,19370819,0,BOS08,h,NY1,1,0,0,regular,y,y,
BRO193708200,englg101,BSN,1,5,value,27,0,1,0,0,0,,,,,1,19370820,0,NYC15,v,BRO,1,0,0,regular,y,y,
BSN193709121,englg101,BSN,1,5,value,27,1,0,0,0,0,,,,,1,19370912,1,BOS08,h,NY1,0,1,0,regular,y,y,
BSN193709122,englg101,BSN,1,5,value,6,0,0,0,0,0,,,,,0,19370912,2,BOS08,h,NY1,1,0,0,regular,y,y,
CIN193709191,englg101,BSN,1,5,value,27,1,4,0,1,0,,,,,1,19370919,1,CIN07,v,CIN,1,0,0,regular,y,y,
CIN193709192,englg101,BSN,1,5,value,24,0,2,0,0,0,,,,,1,19370919,2,CIN07,v,CIN,0,1,0,regular,y,y,
PIT193709210,englg101,BSN,1,5,value,24,0,0,0,0,0,,,,,1,19370921,0,PIT06,v,PIT,0,1,0,regular,y,y,
PIT193709220,englg101,BSN,1,5,value,30,0,2,0,0,0,,,,,1,19370922,0,PIT06,v,PIT,1,0,0,regular,y,y,
PIT193709230,englg101,BSN,1,5,value,27,4,2,0,0,0,,,,,1,19370923,0,PIT06,v,PIT,1,0,0,regular,y,y,
PHI193709250,englg101,BSN,1,5,value,27,1,1,0,0,0,,,,,1,19370925,0,PHI09,v,PHI,1,0,0,regular,y,y,
PHI193709260,englg101,BSN,1,5,value,27,0,2,1,0,0,,,,,1,19370926,0,PHI09,v,PHI,1,0,0,regular,y,d,
NY1193709271,englg101,BSN,1,5,value,24,4,3,1,0,0,,,,,1,19370927,1,NYC14,v,NY1,0,1,0,regular,y,y,
NY1193709272,englg101,BSN,1,5,value,24,4,0,0,0,0,,,,,1,19370927,2,NYC14,v,NY1,0,1,0,regular,y,y,
BSN193709301,englg101,BSN,1,5,value,27,0,1,0,0,0,,,,,1,19370930,1,BOS08,h,BRO,1,0,0,regular,y,y,
BSN193709302,englg101,BSN,1,5,value,27,1,1,0,1,0,,,,,1,19370930,2,BOS08,h,BRO,1,0,0,regular,y,y,
BSN193710020,englg101,BSN,1,5,value,27,0,1,0,0,0,,,,,1,19371002,0,BOS08,h,PHI,1,0,0,regular,y,y,
BSN193710030,englg101,BSN,1,5,value,27,0,3,0,0,0,,,,,1,19371003,0,BOS08,h,PHI,1,0,0,regular,y,d,
NY1193804190,englg101,BSN,1,5,value,24,1,2,1,0,0,,,,,1,19380419,0,NYC14,v,NY1,0,1,0,regular,y,y,
NY1193804200,englg101,BSN,1,5,value,27,1,1,1,0,0,,,,,1,19380420,0,NYC14,v,NY1,1,0,0,regular,y,y,
NY1193804210,englg101,BSN,1,5,value,21,1,1,0,0,0,,,,,1,19380421,0,NYC14,v,NY1,0,1,0,regular,y,y,
BSN193804230,englg101,BSN,1,5,value,27,1,1,0,0,0,,,,,1,19380423,0,BOS08,h,PHI,1,0,0,regular,y,y,
BSN193804240,englg101,BSN,1,5,value,27,0,2,0,0,0,,,,,1,19380424,0,BOS08,h,PHI,1,0,0,regular,y,y,
BSN193804260,englg101,BSN,1,5,value,27,0,0,0,0,0,,,,,1,19380426,0,BOS08,h,BRO,1,0,0,regular,y,y,
BSN193804270,englg101,BSN,1,5,value,24,3,2,0,0,0,,,,,1,19380427,0,BOS08,h,BRO,0,1,0,regular,y,y,
BSN193804280,englg101,BSN,1,5,value,21,1,1,0,0,0,,,,,1,19380428,0,BOS08,h,NY1,0,1,0,regular,y,y,
PHI193804300,englg101,BSN,1,5,value,18,0,1,0,0,0,,,,,1,19380430,0,PHI09,v,PHI,1,0,0,regular,y,d,
PHI193805010,englg101,BSN,1,5,value,24,0,2,0,0,0,,,,,1,19380501,0,PHI09,v,PHI,0,1,0,regular,y,y,
SLN193805030,englg101,BSN,1,5,value,24,0,3,0,0,0,,,,,1,19380503,0,STL07,v,SLN,0,1,0,regular,y,y,
SLN193805040,englg101,BSN,1,5,value,15,0,1,0,0,0,,,,,1,19380504,0,STL07,v,SLN,0,0,1,regular,y,y,
SLN193805050,englg101,BSN,1,5,value,27,0,2,0,0,0,,,,,1,19380505,0,STL07,v,SLN,1,0,0,regular,y,y,
CHN193805060,englg101,BSN,1,5,value,12,0,0,0,0,0,,,,,0,19380506,0,CHI11,v,CHN,0,1,0,regular,y,y,
CHN193805070,englg101,BSN,1,5,value,1,0,1,0,0,0,,,,,0,19380507,0,CHI11,v,CHN,0,1,0,regular,y,y,
PIT193805090,englg101,BSN,1,5,value,30,0,3,0,0,0,,,,,1,19380509,0,PIT06,v,PIT,1,0,0,regular,y,y,
CIN193805120,englg101,BSN,1,5,value,24,0,3,0,0,0,,,,,1,19380512,0,CIN07,v,CIN,0,1,0,regular,y,y,
BSN193805240,englg101,BSN,1,5,value,27,2,2,1,0,0,,,,,1,19380524,0,BOS08,h,CIN,1,0,0,regular,y,y,
SLN193806060,englg101,BSN,1,4,value,6,0,1,0,0,0,,,,,0,19380606,0,STL07,v,SLN,0,1,0,regular,y,y,
CIN193806110,englg101,BSN,1,5,value,24,0,2,0,0,0,,,,,1,19380611,0,CIN07,v,CIN,0,1,0,regular,y,y,
BSN193806172,englg101,BSN,1,7,value,27,2,0,0,0,0,,,,,1,19380617,2,BOS08,h,CHN,1,0,0,regular,y,y,
BSN193806190,englg101,BSN,1,7,value,27,1,1,0,0,0,,,,,1,19380619,0,BOS08,h,CIN,0,1,0,regular,y,y,
BSN193806200,englg101,BSN,1,5,value,12,1,0,0,0,0,,,,,0,19380620,0,BOS08,h,CIN,0,1,0,regular,y,y,
BSN193806220,englg101,BSN,1,6,value,3,0,0,0,0,0,,,,,0,19380622,0,BOS08,h,SLN,0,1,0,regular,y,y,
BSN193806230,englg101,BSN,1,7,value,27,1,0,0,0,0,,,,,1,19380623,0,BOS08,h,SLN,0,1,0,regular,y,y,
BSN193806250,englg101,BSN,1,6,value,6,1,0,0,0,0,,,,,0,19380625,0,BOS08,h,PIT,0,1,0,regular,y,y,
BRO193806290,englg101,BSN,1,5,value,27,1,1,0,0,0,,,,,0,19380629,0,NYC15,v,BRO,1,0,0,regular,y,y,
BRO193806300,englg101,BSN,1,5,value,24,1,1,0,0,0,,,,,1,19380630,0,NYC15,v,BRO,0,1,0,regular,y,y,
BSN193807011,englg101,BSN,1,5,value,27,3,3,0,0,0,,,,,1,19380701,1,BOS08,h,PHI,0,1,0,regular,y,y,
BSN193807012,englg101,BSN,1,5,value,27,0,4,0,0,0,,,,,1,19380701,2,BOS08,h,PHI,0,1,0,regular,y,d,
BSN193807020,englg101,BSN,1,5,value,27,1,2,0,0,0,,,,,1,19380702,0,BOS08,h,PHI,1,0,0,regular,y,y,
BSN193807031,englg101,BSN,1,5,value,27,3,2,0,0,0,,,,,1,19380703,1,BOS08,h,NY1,0,1,0,regular,y,y,
BSN193807032,englg101,BSN,1,5,value,27,2,1,0,0,0,,,,,1,19380703,2,BOS08,h,NY1,1,0,0,regular,y,y,
PHI193807041,englg101,BSN,1,5,value,27,0,3,0,0,0,,,,,1,19380704,1,PHI11,v,PHI,1,0,0,regular,y,y,
PHI193807042,englg101,BSN,1,5,value,18,1,1,0,0,0,,,,,1,19380704,2,PHI11,v,PHI,0,1,0,regular,y,y,
PHI193807042,englg101,BSN,2,4,value,6,0,0,1,0,0,,,,,0,19380704,2,PHI11,v,PHI,0,1,0,regular,y,y,
NY1193807080,englg101,BSN,1,5,value,24,0,5,0,0,0,,,,,1,19380708,0,NYC14,v,NY1,0,1,0,regular,y,y,
NY1193807090,englg101,BSN,1,5,value,27,1,1,0,0,0,,,,,1,19380709,0,NYC14,v,NY1,1,0,0,regular,y,y,
NY1193807100,englg101,BSN,1,5,value,24,2,1,0,0,0,,,,,1,19380710,0,NYC14,v,NY1,0,1,0,regular,y,y,
SLN193807130,englg101,BSN,1,5,value,27,0,3,1,1,0,,,,,1,19380713,0,STL07,v,SLN,1,0,0,regular,y,y,
SLN193807140,englg101,BSN,1,5,value,27,1,3,0,0,0,,,,,1,19380714,0,STL07,v,SLN,1,0,0,regular,y,y,
SLN193807150,englg101,BSN,1,5,value,24,1,2,0,0,0,,,,,1,19380715,0,STL07,v,SLN,0,1,0,regular,y,y,
CHN193807160,englg101,BSN,1,5,value,23,0,0,0,0,0,,,,,0,19380716,0,CHI11,v,CHN,0,1,0,regular,y,y,
CHN193807171,englg101,BSN,1,5,value,24,2,3,0,0,0,,,,,1,19380717,1,CHI11,v,CHN,0,1,0,regular,y,y,
CHN193807172,englg101,BSN,1,5,value,24,1,0,0,0,0,,,,,1,19380717,2,CHI11,v,CHN,0,1,0,regular,y,y,
CHN193807180,englg101,BSN,1,5,value,25,0,3,0,1,0,,,,,1,19380718,0,CHI11,v,CHN,0,1,0,regular,y,y,
CHN193807180,englg101,BSN,1,5,official,,,,0,2,,,,,,1,19380718,0,CHI11,v,CHN,0,1,0,regular,y,y,
CIN193807191,englg101,BSN,1,5,value,24,1,0,1,0,0,,,,,1,19380719,1,CIN07,v,CIN,0,1,0,regular,y,y,
CIN193807192,englg101,BSN,1,5,value,24,0,1,0,0,0,,,,,1,19380719,2,CIN07,v,CIN,0,1,0,regular,y,y,
CIN193807200,englg101,BSN,1,5,value,27,1,4,0,0,0,,,,,1,19380720,0,CIN07,v,CIN,1,0,0,regular,y,y,
PIT193807220,englg101,BSN,1,5,value,21,1,2,0,0,0,,,,,1,19380722,0,PIT06,v,PIT,0,1,0,regular,y,y,
PHI194404180,englg101,BRO,1,5,value,24,2,1,0,0,0,,,,,1,19440418,0,PHI11,v,PHI,0,1,0,regular,y,y,
PHI194404190,englg101,BRO,1,5,value,27,2,2,0,1,0,,,,,1,19440419,0,PHI11,v,PHI,1,0,0,regular,y,y,
PHI194404200,englg101,BRO,1,5,value,27,1,2,0,0,0,,,,,1,19440420,0,PHI11,v,PHI,1,0,0,regular,y,y,
BRO194404210,englg101,BRO,1,5,value,27,0,5,0,1,0,,,,,1,19440421,0,NYC15,h,NY1,0,1,0,regular,y,y,
BRO194404220,englg101,BRO,1,5,value,24,3,1,0,0,0,,,,,1,19440422,0,NYC15,h,NY1,0,1,0,regular,y,y,
BSN194404250,englg101,BRO,1,5,value,24,2,1,0,0,0,,,,,1,19440425,0,BOS08,v,BSN,1,0,0,regular,y,y,
BSN194404270,englg101,BRO,1,5,value,24,1,2,0,0,0,,,,,1,19440427,0,BOS08,v,BSN,0,1,0,regular,y,y,
NY1194404280,englg101,BRO,1,5,value,24,1,3,1,0,0,,,,,1,19440428,0,NYC14,v,NY1,0,1,0,regular,y,y,
BRO194405060,englg101,BRO,1,5,value,27,2,0,0,0,0,,,,,1,19440506,0,NYC15,h,PHI,1,0,0,regular,y,y,
SLN194405100,englg101,BRO,1,5,value,24,1,0,0,0,0,,,,,1,19440510,0,STL07,v,SLN,0,1,0,regular,y,y,
SLN194405120,englg101,BRO,1,5,value,24,1,1,1,0,0,,,,,1,19440512,0,STL07,v,SLN,0,1,0,regular,y,y,
CHN194405142,englg101,BRO,1,4,value,3,0,0,1,0,0,,,,,0,19440514,2,CHI11,v,CHN,0,1,0,regular,y,y,
CHN194405142,englg101,BRO,1,4,official,,,,0,0,,,,,,,19440514,2,CHI11,v,CHN,0,1,0,regular,y,y,
CIN194405212,englg101,BRO,1,4,value,5,0,0,0,0,0,,,,,0,19440521,2,CIN07,v,CIN,0,1,0,regular,y,y,
BRO194405230,englg101,BRO,1,6,value,27,3,4,0,1,0,,,,,1,19440523,0,NYC15,h,NY1,1,0,0,regular,y,y,
BRO194405260,englg101,BRO,1,6,value,27,2,3,1,2,0,,,,,1,19440526,0,NYC15,h,SLN,0,1,0,regular,y,y,
BRO194405270,englg101,BRO,1,6,value,27,1,3,0,1,0,,,,,1,19440527,0,NYC15,h,CIN,0,1,0,regular,y,y,
BRO194405281,englg101,BRO,1,6,value,27,0,4,0,2,0,,,,,1,19440528,1,NYC15,h,CIN,1,0,0,regular,y,y,
BRO194405282,englg101,BRO,1,6,value,27,1,5,0,0,0,,,,,1,19440528,2,NYC15,h,CIN,1,0,0,regular,y,y,
BRO194405290,englg101,BRO,1,6,value,27,2,2,2,0,0,,,,,1,19440529,0,NYC15,h,CIN,0,1,0,regular,y,y,
BRO194405301,englg101,BRO,1,6,value,27,1,1,0,0,0,,,,,1,19440530,1,NYC15,h,PIT,1,0,0,regular,y,y,
BRO194405302,englg101,BRO,1,6,value,27,2,2,1,0,0,,,,,1,19440530,2,NYC15,h,PIT,1,0,0,regular,y,y,
BRO194405310,englg101,BRO,1,6,value,27,0,5,0,0,0,,,,,1,19440531,0,NYC15,h,PIT,1,0,0,regular,y,y,
BRO194406020,englg101,BRO,1,6,value,3,0,1,0,0,0,,,,,0,19440602,0,NYC15,h,CHN,0,1,0,regular,y,y,
BRO194406041,englg101,BRO,1,6,value,6,0,1,0,0,0,,,,,0,19440604,1,NYC15,h,CHN,0,1,0,regular,y,y,
BRO194406042,englg101,BRO,1,6,value,6,1,1,0,0,0,,,,,0,19440604,2,NYC15,h,CHN,0,0,1,regular,y,y,
BRO194406112,englg101,BRO,1,6,value,3,0,0,0,0,0,,,,,0,19440611,2,NYC15,h,BSN,0,1,0,regular,y,y,
