gid,id,team,d_seq,d_pos,stattype,d_ifouts,d_po,d_a,d_e,d_dp,d_tp,d_pb,d_wp,d_sb,d_cs,d_gs,date,number,site,vishome,opp,win,loss,tie,gametype,box,pbp,eject
MEM193704180,morgp102,MEM,2,7,value,3,0,0,0,0,,,,0,,,19370418,0,MEM02,h,WEG,0,1,0,exhibition,y,,
MEM193704251,morgp102,MEM,1,7,value,6,1,0,0,0,0,,,0,,,19370425,1,MEM02,h,CI1,0,1,0,exhibition,y,,
DT2193705231,morgp102,IN6,1,9,value,24,,,0,0,0,0,,0,,1,19370523,1,DET06,v,DT2,0,1,0,regular,y,,
CI1193705290,morgp102,IN6,1,9,value,27,2,,0,,,,,0,,1,19370529,0,CIN07,v,CI1,1,0,0,regular,y,,
IN6193706060,morgp102,IN6,1,7,value,,,,0,,,,,0,,1,19370606,0,IND10,h,MEM,1,0,0,regular,y,,
IN6193706070,morgp102,IN6,1,7,value,24,0,0,0,0,0,,,,,1,19370607,0,IND10,h,MEM,0,1,0,regular,y,d,
DT2193706202,morgp102,IN6,1,7,value,27,0,0,0,0,0,,,,,1,19370620,2,DET06,v,DT2,1,0,0,regular,y,d,
CI1193707181,morgp102,MEM,1,7,value,31,2,0,0,0,0,,,,,1,19370718,1,CIN07,v,CI1,0,1,0,regular,y,d,
CI1193707182,morgp102,MEM,1,7,value,24,1,0,0,0,0,,,,,1,19370718,2,CIN07,v,CI1,0,1,0,regular,y,d,
CI1193707190,morgp102,MEM,1,7,value,24,0,0,0,0,,,,,,1,19370719,0,CIN07,v,CI1,0,1,0,regular,y,,
MEM193708011,morgp102,MEM,1,7,value,27,0,0,0,0,0,,,,,1,19370801,1,MEM02,h,CI1,0,1,0,regular,y,d,
CI1193708280,morgp102,MEM,1,8,value,30,0,0,0,0,0,,,,,1,19370828,0,CIN07,v,CI1,0,1,0,regular,y,d,
CI1193708291,morgp102,MEM,1,8,value,,0,0,1,0,0,,,,,1,19370829,1,CIN07,v,CI1,0,1,0,regular,y,,
CI1193708292,morgp102,MEM,1,8,value,,7,0,0,0,0,,,,,1,19370829,2,CIN07,v,CI1,0,1,0,regular,y,,
CI1193708300,morgp102,MEM,1,8,value,31,3,1,1,0,0,,,,,1,19370830,0,DCT02,v,CI1,0,1,0,regular,y,d,
CI1193709080,morgp102,MEM,1,8,value,24,1,1,0,0,0,,,,,1,19370908,0,DCT02,v,CI1,0,1,0,exhibition,y,d,
MEM193808220,morgp102,MEM,1,9,value,27,1,0,0,0,0,,,,,1,19380822,0,MEM02,h,IN7,1,0,0,regular,y,d,
