gid,id,team,b_lp,b_seq,stattype,b_pa,b_ab,b_r,b_h,b_d,b_t,b_hr,b_rbi,b_sh,b_sf,b_hbp,b_w,b_iw,b_k,b_sb,b_cs,b_gdp,b_xi,b_roe,dh,ph,pr,date,number,site,vishome,opp,win,loss,tie,gametype,box,pbp,eject
SLN192706212,gramh101,CHN,9,4,value,0,0,0,0,0,0,0,0,0,0,0,0,0,0,0,0,0,0,0,,,,19270621,2,STL07,v,SLN,0,1,0,regular,y,y,
NY1192708300,gramh101,CHN,9,6,value,0,0,0,0,0,0,0,0,0,0,0,0,0,0,0,0,0,0,0,,,,19270830,0,NYC14,v,NY1,0,1,0,regular,y,y,
CHN192910060,gramh101,CHN,9,1,value,0,0,0,0,0,0,0,0,0,0,0,0,0,0,0,0,0,0,0,,,,19291006,0,CHI11,h,PIT,0,1,0,regular,y,d,
BKB193410170,gramh101,BKB,9,3,value,0,0,0,0,0,0,0,0,0,,0,0,,,0,,,,,,,,19341017,0,NYC23,h,NY5,0,1,0,exhibition,y,,
