gid,id,team,d_seq,d_pos,stattype,d_ifouts,d_po,d_a,d_e,d_dp,d_tp,d_pb,d_wp,d_sb,d_cs,d_gs,date,number,site,vishome,opp,win,loss,tie,gametype,box,pbp,eject
WS1193104160,mcdoh101,PHA,1,1,value,20,0,1,0,0,0,,,,,1,19310416,0,WAS09,v,WS1,0,1,0,regular,y,y,
PHA193104240,mcdoh101,PHA,1,1,value,18,2,0,0,0,0,,,,,1,19310424,0,PHI11,h,WS1,1,0,0,regular,y,y,
PHA193104300,mcdoh101,PHA,1,1,value,11,0,2,0,0,0,,,,,0,19310430,0,PHI11,h,NYA,0,1,0,regular,y,y,
PHA193105040,mcdoh101,PHA,1,1,value,3,0,0,0,0,0,,,,,1,19310504,0,PHI11,h,BOS,0,1,0,regular,y,y,
CLE193105170,mcdoh101,PHA,1,1,value,12,1,3,0,0,0,,,,,0,19310517,0,CLE06,v,CLE,1,0,0,regular,y,y,
PHA193105260,mcdoh101,PHA,1,1,value,15,0,1,0,0,0,,,,,0,19310526,0,PHI11,h,NYA,0,1,0,regular,y,y,
BOS193105312,mcdoh101,PHA,1,1,value,15,0,0,1,0,0,,,,,1,19310531,2,BOS08,v,BOS,0,1,0,regular,y,y,
PHA193106050,mcdoh101,PHA,1,1,value,1,0,0,0,0,0,,,,,0,19310605,0,PHI11,h,CHA,0,1,0,regular,y,y,
CLE193106140,mcdoh101,PHA,1,1,value,12,0,0,0,0,0,,,,,1,19310614,0,CLE06,v,CLE,0,1,0,regular,y,y,
SLA193106232,mcdoh101,PHA,1,1,value,6,0,0,0,0,0,,,,,0,19310623,2,STL07,v,SLA,0,1,0,regular,y,y,
SLA193106252,mcdoh101,PHA,1,1,value,9,0,0,0,0,0,,,,,0,19310625,2,STL07,v,SLA,0,1,0,regular,y,y,
CLE193107020,mcdoh101,PHA,1,1,value,6,0,0,0,0,0,,,,,0,19310702,0,CLE06,v,CLE,0,1,0,regular,y,y,
NYA193107110,mcdoh101,PHA,1,1,value,21,1,0,0,0,0,,,,,1,19310711,0,NYC16,v,NYA,0,1,0,regular,y,y,
PHA193107152,mcdoh101,PHA,1,1,value,27,1,0,0,0,0,,,,,1,19310715,2,PHI11,h,DET,1,0,0,regular,y,y,
PHA193107200,mcdoh101,PHA,1,1,value,3,0,0,0,0,0,,,,,1,19310720,0,PHI11,h,CHA,1,0,0,regular,y,y,
PHA193107252,mcdoh101,PHA,1,1,value,25,0,2,0,0,0,,,,,1,19310725,2,PHI11,h,CLE,1,0,0,regular,y,y,
WS1193108020,mcdoh101,PHA,1,1,value,1,0,0,0,0,0,,,,,1,19310802,0,WAS09,v,WS1,0,1,0,regular,y,y,
PHA193109071,mcdoh101,PHA,1,1,value,0,0,0,0,0,0,,,,,0,19310907,1,PHI11,h,NYA,0,1,0,regular,y,y,
PHA193109122,mcdoh101,PHA,1,1,value,6,0,0,0,0,0,,,,,0,19310912,2,PHI11,h,SLA,0,1,0,regular,y,y,
PHA193304280,mcdoh101,PHA,1,1,value,9,0,1,0,0,0,,,,,0,19330428,0,PHI11,h,BOS,1,0,0,regular,y,y,
CLE193305142,mcdoh101,PHA,1,1,value,21,1,1,0,0,0,,,,,1,19330514,2,CLE07,v,CLE,0,1,0,regular,y,y,
PHA193305230,mcdoh101,PHA,1,1,value,4,0,0,0,0,0,,,,,0,19330523,0,PHI11,h,SLA,1,0,0,regular,y,y,
PHA193305260,mcdoh101,PHA,1,1,value,3,0,0,0,0,0,,,,,0,19330526,0,PHI11,h,DET,0,1,0,regular,y,y,
SLA193306010,mcdoh101,SLA,1,1,value,21,0,2,0,0,0,,,,,1,19330601,0,STL07,h,CLE,0,1,0,regular,y,y,
SLA193306041,mcdoh101,SLA,1,1,value,7,0,1,0,0,0,,,,,0,19330604,1,STL07,h,CHA,0,1,0,regular,y,y,
CLE193306100,mcdoh101,SLA,1,1,value,6,0,1,0,0,0,,,,,0,19330610,0,CLE07,v,CLE,0,1,0,regular,y,y,
CHA193306130,mcdoh101,SLA,1,1,value,6,0,1,0,0,0,,,,,1,19330613,0,CHI10,v,CHA,0,1,0,regular,y,y,
SLA193306240,mcdoh101,SLA,1,1,value,8,1,1,0,0,0,,,,,1,19330624,0,STL07,h,NYA,0,1,0,regular,y,y,
SLA193306260,mcdoh101,SLA,1,1,value,3,0,0,0,0,0,,,,,1,19330626,0,STL07,h,BOS,0,1,0,regular,y,y,
SLA193306301,mcdoh101,SLA,1,1,value,12,0,1,0,1,0,,,,,0,19330630,1,STL07,h,PHA,1,0,0,regular,y,y,
SLA193306302,mcdoh101,SLA,1,1,value,4,0,0,0,0,0,,,,,0,19330630,2,STL07,h,PHA,0,1,0,regular,y,y,
SLA193307010,mcdoh101,SLA,1,1,value,0,0,0,0,0,0,,,,,0,19330701,0,STL07,h,PHA,1,0,0,regular,y,y,
SLA193307030,mcdoh101,SLA,1,1,value,6,0,0,0,0,0,,,,,0,19330703,0,STL07,h,DET,0,1,0,regular,y,y,
SLA193307050,mcdoh101,SLA,1,1,value,11,0,1,0,0,0,,,,,0,19330705,0,STL07,h,DET,0,1,0,regular,y,y,
NYA193307110,mcdoh101,SLA,1,1,value,10,0,0,0,0,0,,,,,0,19330711,0,NYC16,v,NYA,0,1,0,regular,y,y,
NYA193307130,mcdoh101,SLA,1,1,value,15,0,0,0,0,0,,,,,0,19330713,0,NYC16,v,NYA,0,1,0,regular,y,y,
PHA193307221,mcdoh101,SLA,1,1,value,21,3,0,0,0,0,,,,,1,19330722,1,PHI11,v,PHA,0,1,0,regular,y,y,
DET193307250,mcdoh101,SLA,1,1,value,3,0,0,0,0,0,,,,,0,19330725,0,DET04,v,DET,0,1,0,regular,y,y,
CHA193307301,mcdoh101,SLA,1,1,value,6,0,0,0,0,0,,,,,0,19330730,1,CHI10,v,CHA,0,1,0,regular,y,d,
CHA193307302,mcdoh101,SLA,1,1,value,9,1,1,0,0,0,,,,,0,19330730,2,CHI10,v,CHA,0,1,0,regular,y,d,
SLA193308050,mcdoh101,SLA,1,1,value,1,0,0,0,0,0,,,,,0,19330805,0,STL07,h,CHA,1,0,0,regular,y,y,
SLA193308150,mcdoh101,SLA,1,1,value,3,0,0,0,0,0,,,,,0,19330815,0,STL07,h,NYA,0,1,0,regular,y,y,
SLA193308180,mcdoh101,SLA,1,1,value,2,0,0,0,0,0,,,,,0,19330818,0,STL07,h,NYA,0,1,0,regular,y,y,
SLA193308190,mcdoh101,SLA,1,1,value,6,0,0,1,0,0,,,,,0,19330819,0,STL07,h,WS1,0,1,0,regular,y,y,
SLA193308250,mcdoh101,SLA,1,1,value,6,0,0,0,0,0,,,,,0,19330825,0,STL07,h,PHA,0,1,0,regular,y,y,
SLA193308260,mcdoh101,SLA,1,1,value,3,0,0,0,0,0,,,,,0,19330826,0,STL07,h,BOS,0,1,0,regular,y,y,
WS1193309200,mcdoh101,SLA,1,1,value,3,1,0,0,0,0,,,,,0,19330920,0,WAS09,v,WS1,0,1,0,regular,y,y,
CHA193309300,mcdoh101,SLA,1,1,value,3,0,0,0,0,0,,,,,0,19330930,0,CHI10,v,CHA,0,1,0,regular,y,y,
PRG193410130,mcdoh101,PIR,1,1,value,9,0,0,0,0,0,,,,,1,19341013,0,LOS05,v,PRG,0,1,0,exhibition,y,y,
PRG193410270,mcdoh101,PIR,1,1,value,12,0,1,1,0,0,,,,,1,19341027,0,LOS05,v,PRG,0,1,0,exhibition,y,,
PRG193512011,mcdoh101,PIR,1,1,value,6,0,1,0,0,0,,,,,,19351201,1,LOS02,v,PRG,0,1,0,exhibition,y,,
PRG193512222,mcdoh101,PIR,1,1,value,12,,,0,,0,0,,,,1,19351222,2,LOS02,v,PRG,0,1,0,exhibition,,,
