gid,team,inn1,inn2,inn3,inn4,inn5,inn6,inn7,inn8,inn9,inn10,inn11,inn12,inn13,inn14,inn15,inn16,inn17,inn18,inn19,inn20,inn21,inn22,inn23,inn24,inn25,inn26,inn27,inn28,lob,mgr,stattype,b_pa,b_ab,b_r,b_h,b_d,b_t,b_hr,b_rbi,b_sh,b_sf,b_hbp,b_w,b_iw,b_k,b_sb,b_cs,b_gdp,b_xi,b_roe,p_ipouts,p_noout,p_bfp,p_h,p_d,p_t,p_hr,p_r,p_er,p_w,p_iw,p_k,p_hbp,p_wp,p_bk,p_sh,p_sf,p_sb,p_cs,p_pb,d_po,d_a,d_e,d_dp,d_tp,d_pb,d_wp,d_sb,d_cs,start_l1,start_l2,start_l3,start_l4,start_l5,start_l6,start_l7,start_l8,start_l9,start_f1,start_f2,start_f3,start_f4,start_f5,start_f6,start_f7,start_f8,start_f9,start_f10,date,number,site,vishome,opp,win,loss,tie,gametype,box,pbp
PH5193505130,BRN,0,0,0,0,0,3,0,1,,,,,,,,,,,,,,,,,,,,,7,taylb108,value,35,32,4,7,0,1,2,4,0,0,0,3,0,0,0,0,0,0,1,24,0,35,7,1,0,2,6,6,2,0,0,0,0,0,0,0,0,0,0,24,1,3,0,0,0,0,0,0,jenkf102,willh105,gileg101,dixor101,stone101,palmc101,yancb101,gilcd101,wille104,wille104,palmc101,gileg101,gilcd101,willh105,yancb101,jenkf102,dixor101,stone101,,19350513,0,CHE03,v,PH5,0,1,0,regular,y,d
PH5193505130,PH5,0,0,1,2,2,0,0,1,,,,,,,,,,,,,,,,,,,,,5,mcdow101,value,35,33,6,7,1,0,2,6,0,0,0,2,0,0,0,0,0,0,2,24,0,35,7,0,1,2,4,4,3,0,0,0,0,0,0,0,0,0,0,24,3,2,0,0,0,0,0,0,stepj105,cread101,whitc103,wilsj106,mackb102,dunnj104,seayd101,washp101,cartp102,cartp102,mackb102,wilsj106,seayd101,cread101,stepj105,whitc103,washp101,dunnj104,,19350513,0,CHE03,h,BRN,1,0,0,regular,y,d
PH5193506030,NSH,3,0,0,3,0,0,3,0,1,,,,,,,,,,,,,,,,,,,,2,taylj105,value,39,39,10,10,,,3,,,,,,,,,,,,,24,,39,14,,,1,12,,,,,,,,,,,,,24,12,2,,,,,,,byrdb101,willn103,mornl101,parnr102,wrigz102,wrigb104,westj102,hardp102,glovt101,glovt101,hardp102,westj102,willn103,wrigz102,mornl101,parnr102,wrigb104,byrdb101,,19350603,0,CHE03,v,PH5,0,1,0,regular,y,
PH5193506030,PH5,2,0,7,0,1,1,0,1,,,,,,,,,,,,,,,,,,,,,3,mcdow101,value,39,39,12,14,,,1,,,,,,,,,,,,,27,,39,10,,,3,10,,,,,,,,,,,,,27,11,2,,,,,,,stepj105,cread101,paget101,wilsj106,dunnj104,casem101,seayd101,washp101,lyong102,lyong102,casem101,wilsj106,seayd101,cread101,stepj105,paget101,washp101,dunnj104,,19350603,0,CHE03,h,NSH,1,0,0,regular,y,
PTC193506170,PH5,0,0,0,0,0,,,,,,,,,,,,,,,,,,,,,,,,,mcdow101,value,,,0,,,,0,0,,,,,,,,,,,,14,,,,,,,6,,,,,,,,,,,,,14,,,,,,,,,,,,,,,,,,,,,,,,,,,,19350617,0,CHE03,v,PTC,0,1,0,regular,,
PTC193506170,PTC,,,,,,,,,,,,,,,,,,,,,,,,,,,,,,charo101,value,,,6,,,,,,,,,,,,,,,,,15,,,,,,0,0,0,,,,,,,,,,,,15,,,,,,,,,,,,,,,,,,,,,,,,,,,,19350617,0,CHE03,h,PH5,1,0,0,regular,,
PH5193506240,CAG,0,1,0,2,0,0,0,0,0,,,,,,,,,,,,,,,,,,,,6,browl107,value,36,36,3,8,,,,,,,,,,,,,,,,24,,37,13,,,,6,6,,,,,,,,,,,,24,14,0,,,,,,,marsj104,radca101,wellw101,steat101,suttm101,davis103,reduw101,browl107,thomw103,thomw103,browl107,davis103,suttm101,radca101,wellw101,marsj104,steat101,davis103,,19350624,0,CHE03,v,PH5,0,1,0,regular,y,
PH5193506240,PH5,0,0,3,1,0,0,2,0,x,,,,,,,,,,,,,,,,,,,,7,mcdow101,value,37,37,6,13,,,,,,,,,,,,,,,,27,,36,8,,,,3,3,,,,,,,,,,,,27,14,0,,,,,,,stepj105,paget101,whitc103,casem101,mackb102,cread101,lyong102,seayd101,holml101,holml101,casem101,mackb102,seayd101,cread101,stepj105,paget101,whitc103,lyong102,,19350624,0,CHE03,h,CAG,1,0,0,regular,y,
PH5193507180,PTC,0,0,3,2,2,0,1,2,0,,,,,,,,,,,,,,,,,,,,3,charo101,value,40,35,10,9,3,0,0,,0,,0,5,0,,,,,,,27,,31,5,3,0,0,4,,0,0,,0,,,0,,,,,27,5,1,,,,,,,bellj103,banks101,charo101,gibsj101,pattp102,perkb101,willc106,harrc104,harvb101,harvb101,perkb101,gibsj101,pattp102,harrc104,willc106,banks101,bellj103,charo101,,19350718,0,CHE03,v,PH5,1,0,0,regular,y,
PH5193507180,PH5,2,0,0,0,2,0,0,0,0,,,,,,,,,,,,,,,,,,,,0,mcdow101,value,31,31,4,5,3,0,0,,0,,0,0,0,,,,,,,27,,40,9,3,0,0,10,,5,0,,0,,,0,,,,,27,9,1,,,,,,,stepj105,davel102,whitc103,wilsj106,dunnj104,seayd101,cread101,bassp101,buchc101,buchc101,bassp101,wilsj106,seayd101,cread101,stepj105,whitc103,dunnj104,davel102,,19350718,0,CHE03,h,PTC,0,1,0,regular,y,
PH5193606010,PTC,0,1,0,0,2,1,0,5,,,,,,,,,,,,,,,,,,,,,4,charo101,value,37,37,9,10,,,,,,,,,,,,,,,,24,,33,7,,,,4,,,,,,,,,,,,,24,12,5,,,,,,,bellj103,willh105,johnj108,gibsj101,crutj101,banks101,seayd101,kinch101,washj102,kinch101,gibsj101,washj102,seayd101,johnj108,willh105,banks101,bellj103,crutj101,,19360601,0,CHE03,v,PH5,1,0,0,regular,y,
PH5193606010,PH5,0,0,0,0,1,0,3,0,,,,,,,,,,,,,,,,,,,,,5,mcdow101,value,33,33,4,7,,,,,,,,,,,,,,,,24,,37,10,,,,9,,,,,,,,,,,,,24,6,3,,,,,,,davel102,dunnj104,casem101,steat101,cread101,browl107,yancb101,yokel101,jones107,jones107,casem101,browl107,yancb101,cread101,dunnj104,davel102,steat101,yokel101,,19360601,0,CHE03,h,PTC,0,1,0,regular,y,
PH5193607220,PTC,0,0,0,0,0,0,0,0,0,,,,,,,,,,,,,,,,,,,,,charo101,value,,,0,2,,,0,0,,,,,,,,,,,,24,,,7,,,,7,,,,,,,,,,,,,24,,1,,,,,,,,,,,,,,,,lewij104,gibsj101,,,,,,,,,19360722,0,CHE03,v,PH5,0,1,0,regular,,
PH5193607220,PH5,1,0,4,0,1,1,0,0,x,,,,,,,,,,,,,,,,,,,,,mcdow101,value,,,7,7,,,,,,,,,,,,,,,,27,,,2,,,0,0,0,,,,,,,,,,,,27,,2,,,,,,,,,,,,,,,,huntb106,casem101,,,,,,,,,19360722,0,CHE03,h,PTC,1,0,0,regular,,
