gid,id,team,p_seq,stattype,p_ipouts,p_noout,p_bfp,p_h,p_d,p_t,p_hr,p_r,p_er,p_w,p_iw,p_k,p_hbp,p_wp,p_bk,p_sh,p_sf,p_sb,p_cs,p_pb,wp,lp,save,p_gs,p_gf,p_cg,date,number,site,vishome,opp,win,loss,tie,gametype,box,pbp
PTC193307231,fostw101,CAG,1,value,24,,37,14,,,0,8,,2,,2,0,0,0,1,,,,,,1,,1,,1,19330723,1,CLE06,v,PTC,0,1,0,regular,y,
PTC193307231,stres101,PTC,1,value,27,,33,4,1,0,1,1,1,0,0,2,0,0,0,1,,,,,1,,,1,,1,19330723,1,CLE06,h,CAG,1,0,0,regular,y,
PTC193307232,cornw101,CAG,1,value,15,,29,12,,,0,9,,1,,3,0,0,0,1,,,,,,,,1,,,19330723,2,CLE06,v,PTC,0,1,0,regular,y,
PTC193307232,powew101,CAG,2,value,19,,26,5,,,1,4,,1,,1,0,0,0,1,,,,,,1,,,1,,19330723,2,CLE06,v,PTC,0,1,0,regular,y,
PTC193307232,bellw101,PTC,1,value,9,,21,11,,,0,9,,0,,1,0,0,0,1,,,,,,,,1,,,19330723,2,CLE06,h,CAG,1,0,0,regular,y,
PTC193307232,harvb101,PTC,2,value,3,,10,4,,,0,2,,3,,0,0,0,0,0,,,,,,,,,,,19330723,2,CLE06,h,CAG,1,0,0,regular,y,
PTC193307232,kinch101,PTC,3,value,15,,20,2,,,0,1,,3,,3,0,0,0,1,,,,,,,,,,,19330723,2,CLE06,h,CAG,1,0,0,regular,y,
PTC193307232,matll101,PTC,4,value,9,,9,0,,,0,0,,0,,0,0,0,0,1,,,,,1,,,,1,,19330723,2,CLE06,h,CAG,1,0,0,regular,y,
CAG193310050,weavj101,SHV,1,value,24,,33,10,,,1,3,,1,,8,0,0,0,1,,,,,,1,,1,,1,19331005,0,CIN07,v,CAG,0,1,0,exhibition,y,
CAG193310050,powem104,CAG,1,value,27,,35,5,,,0,0,0,5,,3,0,0,0,0,,,,,1,,,1,,1,19331005,0,CIN07,h,SHV,1,0,0,exhibition,y,
