gid,id,team,b_lp,b_seq,stattype,b_pa,b_ab,b_r,b_h,b_d,b_t,b_hr,b_rbi,b_sh,b_sf,b_hbp,b_w,b_iw,b_k,b_sb,b_cs,b_gdp,b_xi,b_roe,dh,ph,pr,date,number,site,vishome,opp,win,loss,tie,gametype,box,pbp
BIR194906080,lewir101,HOE,,1,value,,,,,,,,,,,,,,,,,,,,,,,19490608,0,PET01,v,BIR,1,0,0,regular,,
BIR194906080,wallb102,HOE,,1,value,,,,,,,,,,,,,,,,,,,,,,,19490608,0,PET01,v,BIR,1,0,0,regular,,
BIR194906080,scotj107,BIR,,,value,4,4,,3,,,,,,,,,,,,,,,,,,,19490608,0,PET01,h,HOE,0,1,0,regular,,
BIR194906080,bassp101,BIR,,,value,,,1,1,,,1,1,,,,,,,,,,,,,,,19490608,0,PET01,h,HOE,0,1,0,regular,,
BIR194906080,greab101,BIR,,1,value,,,,,,,,,,,,,,,,,,,,,,,19490608,0,PET01,h,HOE,0,1,0,regular,,
IN9194908130,harrw101,PH5,,,value,,,,,,,,,,,,,,,,,,,,,,,19490813,0,PET01,v,IN9,0,1,0,regular,,
IN9194908130,cohej101,IN9,,,value,,,,,,,,,,,,,,,,,,,,,,,19490813,0,PET01,h,PH5,1,0,0,regular,,
BLG194908170,wilkj101,HOE,1,1,value,4,4,0,0,0,0,0,0,0,0,0,0,0,,0,0,0,0,0,,,,19490817,0,PET01,v,BLG,0,1,0,regular,y,d
BLG194908170,willc109,HOE,2,1,value,4,4,1,2,0,0,0,0,0,0,0,0,0,,0,0,0,0,0,,,,19490817,0,PET01,v,BLG,0,1,0,regular,y,d
BLG194908170,wilsb104,HOE,3,1,value,4,4,0,2,0,0,0,0,0,0,0,0,0,,0,1,1,0,0,,,,19490817,0,PET01,v,BLG,0,1,0,regular,y,d
BLG194908170,davij106,HOE,4,1,value,4,4,0,2,0,0,0,1,0,0,0,0,0,,0,0,0,0,0,,,,19490817,0,PET01,v,BLG,0,1,0,regular,y,d
BLG194908170,washj102,HOE,5,1,value,4,4,0,2,1,0,0,0,0,0,0,0,0,,0,0,0,0,0,,,,19490817,0,PET01,v,BLG,0,1,0,regular,y,d
BLG194908170,lacyr101,HOE,6,1,value,3,3,0,0,0,0,0,0,0,0,0,0,0,,0,0,1,0,0,,,,19490817,0,PET01,v,BLG,0,1,0,regular,y,d
BLG194908170,brooe101,HOE,7,1,value,3,3,0,0,0,0,0,0,0,0,0,0,0,,0,0,0,0,0,,,,19490817,0,PET01,v,BLG,0,1,0,regular,y,d
BLG194908170,wallb102,HOE,8,1,value,3,3,0,0,0,0,0,0,0,0,0,0,0,,0,0,0,0,0,,,,19490817,0,PET01,v,BLG,0,1,0,regular,y,d
BLG194908170,hearj101,HOE,9,1,value,3,3,0,0,0,0,0,0,0,0,0,0,0,,0,0,0,0,0,,,,19490817,0,PET01,v,BLG,0,1,0,regular,y,d
BLG194908170,gillj102,BLG,1,1,value,4,2,1,0,0,0,0,0,0,0,0,2,0,,1,0,0,0,0,,,,19490817,0,PET01,h,HOE,1,0,0,regular,y,d
BLG194908170,buttt102,BLG,2,1,value,4,4,0,0,0,0,0,0,0,0,0,0,0,,0,0,0,0,0,,,,19490817,0,PET01,h,HOE,1,0,0,regular,y,d
BLG194908170,kimbh102,BLG,3,1,value,4,4,1,1,0,0,0,0,0,0,0,0,0,,0,0,0,0,0,,,,19490817,0,PET01,h,HOE,1,0,0,regular,y,d
BLG194908170,pearl102,BLG,4,1,value,4,3,0,0,0,0,0,0,0,0,0,1,0,,0,0,0,0,0,,,,19490817,0,PET01,h,HOE,1,0,0,regular,y,d
BLG194908170,davib108,BLG,5,1,value,4,4,0,3,0,0,0,0,0,0,0,0,0,,0,0,0,0,0,,,,19490817,0,PET01,h,HOE,1,0,0,regular,y,d
BLG194908170,finne101,BLG,6,1,value,4,2,0,0,0,0,0,0,1,0,0,1,0,,0,0,0,0,0,,,,19490817,0,PET01,h,HOE,1,0,0,regular,y,d
BLG194908170,mccob106,BLG,7,1,value,4,4,0,2,1,0,0,0,0,0,0,0,0,,0,0,0,0,0,,,,19490817,0,PET01,h,HOE,1,0,0,regular,y,d
BLG194908170,hayej104,BLG,8,1,value,4,4,0,1,0,0,0,0,0,0,0,0,0,,0,0,0,0,0,,,,19490817,0,PET01,h,HOE,1,0,0,regular,y,d
BLG194908170,byrdb101,BLG,9,1,value,3,3,0,0,0,0,0,0,0,0,0,0,0,,0,0,0,0,0,,,,19490817,0,PET01,h,HOE,1,0,0,regular,y,d
