gid,id,team,d_seq,d_pos,stattype,d_ifouts,d_po,d_a,d_e,d_dp,d_tp,d_pb,d_wp,d_sb,d_cs,d_gs,date,number,site,vishome,opp,win,loss,tie,gametype,box,pbp,eject
HOM193706170,wrigj105,NW2,1,1,value,24,0,0,0,0,0,,,,,1,19370617,0,TOL05,v,HOM,0,1,0,regular,y,d,
NY5193706271,wrigj105,NW2,2,1,value,,,,,,,,,,,,19370627,1,NYC25,v,NY5,0,1,0,regular,,,
NY5193707052,wrigj105,NW2,1,1,value,6,0,0,0,0,0,0,,0,,1,19370705,2,NYC23,v,NY5,1,0,0,regular,y,,
NW2193707253,wrigj105,NW2,1,1,value,27,0,1,0,0,0,,,,,1,19370725,3,TRE01,h,PH5,1,0,0,exhibition,y,d,
NW2193708013,wrigj105,NW2,1,1,value,19,0,2,0,0,0,,,,,1,19370801,3,TRE01,h,NY5,1,0,0,exhibition,y,d,
NW2193708110,wrigj105,NW2,1,1,value,27,0,3,0,0,0,,,,,1,19370811,0,YOR03,h,PTC,0,1,0,regular,y,d,
NW2193708140,wrigj105,NW2,1,1,value,6,1,1,,,,,,,,,19370814,0,PAT01,h,HOM,0,1,0,regular,y,,
NW2193708153,wrigj105,NW2,1,1,value,3,0,1,0,0,0,,,,,0,19370815,3,TRE01,h,HOM,1,0,0,exhibition,y,d,
NW2193709090,wrigj105,NW2,1,1,value,21,0,3,0,0,0,,,,,0,19370909,0,WNY02,h,PH5,1,0,0,exhibition,y,d,
NW2193709120,wrigj105,NW2,1,1,value,27,0,4,0,0,0,,,,,1,19370912,0,TRE01,h,PH5,1,0,0,exhibition,y,d,
PH5193806020,wrigj105,NW2,1,1,value,21,0,0,0,0,0,,,,,1,19380602,0,PHI17,v,PH5,0,1,0,regular,y,d,
NW2193806052,wrigj105,NW2,1,1,value,20,1,1,0,0,0,,,,,0,19380605,2,NWK04,h,HOM,0,1,0,regular,y,d,
PH5193806191,wrigj105,NW2,1,1,value,,0,0,0,,,,,,,1,19380619,1,PHI16,v,PH5,1,0,0,regular,y,,
NW2193806261,wrigj105,NW2,1,1,value,27,,,,,,,,,,1,19380626,1,NWK04,h,BFA,1,0,0,regular,,,
WBS193807020,wrigj105,NW2,1,1,value,27,0,0,0,,,,,,,1,19380702,0,WAS09,v,WBS,1,0,0,regular,y,,
PH5193807091,wrigj105,NW2,1,1,value,24,0,1,0,0,0,,,,,1,19380709,1,PHI17,v,PH5,0,1,0,regular,y,d,
PH5193807301,wrigj105,NW2,1,1,value,13,0,1,0,0,0,,,,,0,19380730,1,PHI17,v,PH5,0,1,0,regular,y,d,
NW2193808011,wrigj105,NW2,1,1,value,21,,,,,,,,,,1,19380801,1,SYR04,h,HOM,0,1,0,regular,,,
HOM193808020,wrigj105,NW2,1,1,value,3,0,1,0,0,0,,,,,0,19380802,0,ROC04,v,HOM,0,1,0,regular,y,d,
HOM193808061,wrigj105,HOM,1,1,value,27,,,0,,,,,,,1,19380806,1,MSN01,h,NW2,0,1,0,regular,,,
HOM193808090,wrigj105,NW2,1,1,value,24,,,,,,,,,,1,19380809,0,TOL05,v,HOM,0,1,0,regular,,,
NW2193808142,wrigj105,NW2,2,1,value,,,,,,,,,,,,19380814,2,NWK04,h,NY5,0,1,0,regular,,,
NW2193808161,wrigj105,NW2,1,1,value,,,,,,,,,,,,19380816,1,NWK04,h,PH5,0,1,0,regular,,,
ATN193904240,wrigj105,NW2,1,1,value,27,0,4,0,0,0,,,,,1,19390424,0,BIR01,v,ATN,1,0,0,exhibition,y,d,
PH5193905301,wrigj105,TLC,1,1,value,7,0,0,0,0,0,,,,,1,19390530,1,PHI17,v,PH5,0,1,0,regular,y,,
TLC193907022,wrigj105,TLC,1,1,value,,,,0,,0,0,,,,,19390702,2,TOL05,h,HOM,0,1,0,regular,,,
CAG193907060,wrigj105,TLC,1,1,value,24,,,0,0,0,,,,,1,19390706,0,MIL03,v,CAG,0,1,0,exhibition,y,,
CV9193907161,wrigj105,TLC,1,1,value,18,0,2,0,0,0,,,,,1,19390716,1,KAN05,v,CV9,0,1,0,regular,y,,
KCM193908061,wrigj105,TLC,1,1,value,13,0,1,0,0,0,,,,,,19390806,1,KAN05,v,KCM,1,0,0,exhibition,y,,
KCM193908080,wrigj105,TLC,1,1,value,24,,,0,,0,0,,,,1,19390808,0,OKC01,v,KCM,0,1,0,regular,,,
CV9193908202,wrigj105,TLC,1,1,value,12,0,1,0,0,0,,,,,1,19390820,2,CLE06,v,CV9,0,1,0,regular,y,,
CV9193908210,wrigj105,TLC,1,1,value,18,0,2,1,0,0,,,,,,19390821,0,AKR01,v,CV9,0,1,0,regular,y,,
SAS193910010,wrigj105,SAS,1,1,value,3,0,0,0,0,0,,,,,1,19391001,0,NOL01,h,NAS,0,1,0,allstar,y,,
KCM194004210,wrigj105,IN8,1,1,value,18,,,0,0,0,,,,,1,19400421,0,ATL04,v,KCM,0,1,0,exhibition,y,,
KCM194004300,wrigj105,IN8,1,1,value,27,,,0,,0,0,,,,1,19400430,0,GAL01,v,KCM,1,0,0,exhibition,,,
BLG194005051,wrigj105,IN8,1,1,value,25,0,,0,0,0,,,,,1,19400505,1,NSH02,v,BLG,0,1,0,exhibition,y,,
IN8194005260,wrigj105,IN8,1,1,value,27,,,0,,0,0,,,,1,19400526,0,IND10,h,CAG,1,0,0,regular,,,
IN8194006022,wrigj105,IN8,1,1,value,18,,,0,0,0,,,,,1,19400602,2,IND10,h,SNO,0,1,0,regular,y,,
CV9194006091,wrigj105,IN8,1,1,value,24,0,6,0,0,0,,,,,1,19400609,1,CLE06,v,CV9,0,1,0,regular,y,,
IN8194006190,wrigj105,IN8,1,1,value,27,,,0,,0,0,,,,1,19400619,0,TOL05,h,KCM,1,0,0,regular,,,
IN8194006231,wrigj105,IN8,1,1,value,,,,0,,0,0,,,,1,19400623,1,LOU05,h,CAG,0,1,0,regular,,,
IN8194006240,wrigj105,IN8,1,1,value,,,,0,,0,0,,,,1,19400624,0,TOL05,h,CAG,0,1,0,regular,,,
SNO194007281,wrigj105,IN8,1,1,value,24,0,1,0,0,0,,,,,1,19400728,1,NOL01,v,SNO,0,1,0,regular,y,,
SNO194007300,wrigj105,IN8,1,1,value,27,,,0,,0,0,,,,1,19400730,0,HOU04,v,SNO,0,1,0,regular,,,
KCM194008020,wrigj105,IN8,1,8,value,15,0,0,0,0,0,,,,,,19400802,0,BEL01,v,KCM,0,0,1,regular,y,,
CAG194008111,wrigj105,IN8,1,1,value,27,,,0,,0,0,,,,1,19400811,1,CHI09,v,CAG,1,0,0,regular,,,
KCM194008181,wrigj105,IN8,1,1,value,24,0,4,0,0,0,,,,,1,19400818,1,KAN05,v,KCM,0,1,0,regular,y,,
HOM194105120,wrigj105,HOM,1,1,value,27,0,6,0,0,0,,,,,1,19410512,0,RIC04,h,BLG,1,0,0,regular,y,,
HOM194105252,wrigj105,HOM,1,1,value,5,0,0,0,0,0,,,,,,19410525,2,WAS09,h,NY6,0,1,0,regular,y,,
HOM194106160,wrigj105,HOM,1,1,value,27,,,0,,0,0,,,,1,19410616,0,CHE01,h,NY6,0,0,1,regular,,,
HOM194106250,wrigj105,HOM,1,1,value,24,1,1,0,1,0,,,,,,19410625,0,ALT02,h,PH5,1,0,0,regular,y,,
HOM194107120,wrigj105,HOM,1,1,value,27,0,4,0,0,0,,,,,1,19410712,0,ALT02,h,NY6,1,0,0,regular,y,,
HOM194107250,wrigj105,HOM,1,1,value,27,,,0,,0,0,,,,1,19410725,0,YOU01,h,PH5,1,0,0,regular,,,
HOM194108050,wrigj105,HOM,1,1,value,27,,,0,,0,0,,,,1,19410805,0,POR01,h,NY6,1,0,0,exhibition,,,
HOM194108102,wrigj105,HOM,1,1,value,21,0,0,0,0,0,,,,,1,19410810,2,WAS09,h,PH5,1,0,0,regular,y,,
HOM194108220,wrigj105,HOM,1,1,value,7,0,2,0,0,0,,,,,,19410822,0,CAN03,h,NW2,0,1,0,regular,y,,
HOM194108241,wrigj105,HOM,1,1,value,2,0,0,0,0,0,,,,,,19410824,1,WAS09,h,BLG,0,1,0,regular,y,,
HOM194108280,wrigj105,HOM,1,1,value,18,1,2,0,0,,,,,,1,19410828,0,YOU01,h,NY6,1,0,0,regular,y,,
HOM194108300,wrigj105,HOM,1,1,value,6,0,0,0,0,0,,,,,,19410830,0,KNP01,h,NY6,1,0,0,exhibition,y,,
HOM194109020,wrigj105,HOM,1,1,value,,,,0,,0,0,,,,,19410902,0,WAP01,h,NY6,1,0,0,exhibition,,,
NW2194109130,wrigj105,HOM,1,1,value,22,0,0,0,0,0,,,,,1,19410913,0,JER02,v,NW2,1,0,0,exhibition,y,,
NW2194204150,wrigj105,HOM,1,1,value,15,,,0,,0,0,,,,1,19420415,0,RAL01,v,NW2,1,0,0,exhibition,,,
HOM194204191,wrigj105,HOM,1,1,value,21,0,4,0,1,0,,,,,1,19420419,1,WAS09,h,NW2,0,1,0,exhibition,y,,
KCM194204262,wrigj105,HOM,1,1,value,,,,0,,0,0,,,,1,19420426,2,NOL01,v,KCM,1,0,0,exhibition,,,
HOM194205090,wrigj105,HOM,1,1,value,,,,0,,0,0,,,,,19420509,0,PIT06,h,NY5,1,0,0,regular,,,
HOM194205110,wrigj105,HOM,1,1,value,17,0,0,0,0,0,,,,,,19420511,0,ALT02,h,BLG,0,1,0,exhibition,y,,
BLG194205180,wrigj105,HOM,1,1,value,27,,,0,,0,0,,,,1,19420518,0,BAL14,v,BLG,1,0,0,regular,,,
NY5194205242,wrigj105,HOM,1,1,value,3,0,0,0,0,0,,,,,,19420524,2,NYC16,v,NY5,0,1,0,regular,y,,
HOM194205250,wrigj105,HOM,1,1,value,27,,,0,,0,0,,,,1,19420525,0,UNI01,h,NY6,1,0,0,exhibition,,,
HOM194205301,wrigj105,HOM,1,1,value,27,0,3,0,0,0,,,,,1,19420530,1,PIT06,h,NY6,1,0,0,regular,y,,
HOM194206080,wrigj105,HOM,1,1,value,21,0,0,0,0,0,,,,,1,19420608,0,YOR03,h,NW2,1,0,0,exhibition,y,,
HOM194206282,wrigj105,HOM,1,1,value,27,,,0,0,0,,,,,1,19420628,2,WAS09,h,NW2,0,0,1,regular,y,,
PH5194207042,wrigj105,HOM,1,1,value,19,0,1,0,0,0,,,,,1,19420704,2,PHI17,v,PH5,1,0,0,regular,y,,
PH5194207122,wrigj105,HOM,1,1,value,6,,,0,0,0,,,,,,19420712,2,PHI17,v,PH5,1,0,0,regular,y,,
CCB194207150,wrigj105,HOM,1,1,value,12,,,0,0,0,,,,,,19420715,0,IND10,v,CCB,1,0,0,exhibition,y,,
CCB194207170,wrigj105,HOM,1,1,value,,,,0,,0,0,,,,1,19420717,0,DAY03,v,CCB,1,0,0,exhibition,,,
CCB194207192,wrigj105,HOM,1,1,value,6,,,0,,0,0,,,,1,19420719,2,CLE06,v,CCB,0,1,0,exhibition,,,
HOM194207251,wrigj105,HOM,1,1,value,27,1,2,0,0,0,,,,,1,19420725,1,PIT06,h,CCB,1,0,0,exhibition,y,,
HOM194208161,wrigj105,HOM,1,1,value,21,0,0,0,0,0,,,,,1,19420816,1,WAS09,h,NY6,0,1,0,exhibition,y,,
HOM194208211,wrigj105,HOM,1,1,value,16,0,0,0,0,0,,,,,1,19420821,1,PIT06,h,PH5,0,1,0,exhibition,y,,
HOM194208230,wrigj105,HOM,1,1,value,8,0,0,0,0,0,,,,,,19420823,0,WAS09,h,PH5,1,0,0,regular,y,,
PH5194208240,wrigj105,HOM,1,1,value,3,,,0,0,0,,,,,,19420824,0,PHI17,v,PH5,0,0,1,exhibition,y,,
HOM194209010,wrigj105,HOM,1,1,value,27,,,0,,0,0,,,,1,19420901,0,SPR04,h,PH5,1,0,0,exhibition,,,
NW2194209062,wrigj105,HOM,1,1,value,9,,,1,0,0,,,,,,19420906,2,NYC15,v,NW2,0,1,0,regular,y,,
NW2194209071,wrigj105,HOM,1,1,value,19,,,0,0,0,,,,,1,19420907,1,NWK04,v,NW2,1,0,0,regular,y,,
NW2194209072,wrigj105,HOM,1,8,value,,,,0,0,0,,,,,,19420907,2,NWK04,v,NW2,0,1,0,regular,y,,
HOM194209100,wrigj105,HOM,1,1,value,1,0,0,0,0,0,,,,,0,19420910,0,PIT06,h,KCM,0,1,0,championship,y,d,
BLG194209170,wrigj105,HOM,1,1,value,2,,,0,0,0,,,,,,19420917,0,BAL14,v,BLG,0,1,0,exhibition,y,,
HOM194209290,wrigj105,HOM,1,1,value,20,0,3,0,0,0,,,,,0,19420929,0,PHI11,h,KCM,0,1,0,championship,y,y,
HOM194304251,wrigj105,HOM,1,1,value,15,0,1,0,0,0,,,,,1,19430425,1,WAS09,h,NW2,1,0,0,exhibition,y,d,
HOM194305040,wrigj105,HOM,1,1,value,,,,,,0,,,,,1,19430504,0,DAY03,h,BLG,0,1,0,exhibition,,,
NW2194305090,wrigj105,HOM,1,1,value,30,,,0,,0,,,,,1,19430509,0,NWK04,v,NW2,1,0,0,exhibition,y,,
NW2194305120,wrigj105,HOM,1,1,value,12,,,,,0,,,,,,19430512,0,NOR02,v,NW2,0,1,0,exhibition,,,
HOM194305161,wrigj105,HOM,1,1,value,27,1,2,0,0,0,,,,,1,19430516,1,WAS09,h,BLG,1,0,0,regular,y,d,
HOM194305200,wrigj105,HOM,1,1,value,27,0,3,0,0,0,,,,,1,19430520,0,WAS09,h,NW2,1,0,0,regular,y,d,
HOM194305232,wrigj105,HOM,1,1,value,21,0,3,0,0,0,,,,,1,19430523,2,WAS09,h,PH5,1,0,0,regular,y,d,
HSL194305290,wrigj105,HOM,1,1,value,27,0,1,0,0,0,,,,,1,19430529,0,HRB01,v,HSL,1,0,0,regular,y,d,
HOM194305310,wrigj105,HOM,1,1,value,27,0,1,0,0,0,0,0,0,,1,19430531,0,WAS09,h,BLG,1,0,0,regular,y,,
PH5194306050,wrigj105,HOM,1,1,value,5,0,2,0,0,0,,,,,1,19430605,0,PHI17,v,PH5,0,1,0,regular,y,,
HOM194306090,wrigj105,HOM,1,1,value,27,,,,,0,,,,,1,19430609,0,TOL05,h,NY6,1,0,0,regular,,,
HOM194306122,wrigj105,HOM,1,1,value,21,0,1,1,1,0,,,,,1,19430612,2,WAS09,h,NY6,1,0,0,regular,y,d,
HOM194306132,wrigj105,HOM,1,1,value,9,0,0,0,0,0,,,,,,19430613,2,WAS09,h,NY6,1,0,0,regular,y,,
HOM194306170,wrigj105,HOM,1,1,value,21,0,3,0,0,0,,,,,1,19430617,0,WAS09,h,KCM,0,1,0,exhibition,y,d,
HOM194306201,wrigj105,HOM,1,1,value,9,0,0,0,0,0,,,,,0,19430620,1,WAS09,h,KCM,1,0,0,exhibition,y,d,
HOM194306202,wrigj105,HOM,1,1,value,14,0,5,0,0,0,0,0,0,,,19430620,2,WAS09,h,KCM,1,0,0,exhibition,y,,
HOM194306230,wrigj105,HOM,1,1,value,27,1,1,0,0,0,,,,,1,19430623,0,PIT06,h,KCM,1,0,0,exhibition,y,d,
NW2194306271,wrigj105,HOM,1,1,value,4,,,0,0,0,,,,,,19430627,1,NWK04,v,NW2,1,0,0,regular,y,,
NW2194307020,wrigj105,HOM,1,1,value,15,0,3,0,0,0,0,0,0,,1,19430702,0,RIC04,v,NW2,1,0,0,regular,y,,
HOM194307041,wrigj105,HOM,1,1,value,27,0,0,0,0,0,,,,,1,19430704,1,WAS09,h,NW2,1,0,0,regular,y,d,
HOM194307112,wrigj105,HOM,1,1,value,21,0,2,0,0,0,,,,,1,19430711,2,WAS09,h,CVB,1,0,0,exhibition,y,d,
CVB194307181,wrigj105,HOM,1,1,value,7,0,0,0,0,0,,,,,,19430718,1,CLE06,v,CVB,1,0,0,exhibition,y,,
PH5194307252,wrigj105,HOM,1,1,value,16,0,1,0,0,0,,,,,1,19430725,2,NYC14,v,PH5,1,0,0,regular,y,,
ASW194308010,wrigj105,ASE,1,1,value,6,0,2,0,0,0,,,,,0,19430801,0,CHI10,v,ASW,0,1,0,allstar,y,y,
HOM194308050,wrigj105,HOM,1,1,value,,,,,,0,,,,,1,19430805,0,CIN07,h,NW2,1,0,0,regular,,,
HOM194308081,wrigj105,HOM,1,1,value,27,1,1,0,1,0,,,,,1,19430808,1,WAS09,h,NW2,1,0,0,regular,y,d,
HOM194308100,wrigj105,HOM,1,1,value,20,0,5,0,0,0,,,,,,19430810,0,WAS09,h,KCM,0,1,0,exhibition,y,,
HOM194308151,wrigj105,HOM,1,1,value,10,0,0,0,0,0,,,,,1,19430815,1,WAS09,h,NY6,0,1,0,regular,y,,
HOM194308212,wrigj105,HOM,1,1,value,21,0,4,0,0,0,,,,,1,19430821,2,PIT06,h,BLG,1,0,0,regular,y,,
KCM194308290,wrigj105,HOM,1,1,value,27,0,0,0,0,0,,,,,1,19430829,0,CHI11,v,KCM,1,0,0,exhibition,y,,
HOM194309020,wrigj105,HOM,1,1,value,6,0,0,0,0,0,,,,,0,19430902,0,WAS09,h,PH5,0,1,0,regular,y,d,
HOM194309052,wrigj105,HOM,1,1,value,21,0,2,0,0,0,,,,,1,19430905,2,WAS09,h,KCM,1,0,0,exhibition,y,d,
HOM194309080,wrigj105,HOM,1,1,value,27,0,0,0,0,0,,,,,1,19430908,0,PHI11,h,KCM,1,0,0,exhibition,y,d,
HOM194309121,wrigj105,HOM,1,1,value,7,0,0,0,0,0,,,,,,19430912,1,WAS09,h,PH5,1,0,0,exhibition,y,,
NNS194309180,wrigj105,HOM,1,1,value,15,0,1,0,0,0,,,,,1,19430918,0,PHI17,v,NNS,1,0,0,exhibition,y,d,
HOM194309210,wrigj105,HOM,1,1,value,18,0,1,0,0,0,,,,,1,19430921,0,WAS09,h,BIR,0,1,0,championship,y,d,
HOM194309230,wrigj105,HOM,1,1,value,3,0,0,0,0,0,,,,,0,19430923,0,BAL14,h,BIR,0,0,1,championship,y,d,
BIR194309260,wrigj105,HOM,1,1,value,27,0,2,0,0,0,,,,,1,19430926,0,CHI10,v,BIR,1,0,0,championship,y,d,
BIR194309290,wrigj105,HOM,1,1,value,27,0,2,0,0,0,,,,,1,19430929,0,IND10,v,BIR,1,0,0,championship,y,d,
BIR194310050,wrigj105,HOM,1,1,value,18,0,0,0,0,0,,,,,1,19431005,0,MTG01,v,BIR,1,0,0,championship,y,d,
BIR194310070,wrigj105,HOM,1,1,value,15,0,1,0,0,0,0,,0,,1,19431007,0,BIR01,v,BIR,0,1,0,exhibition,y,,
HOM194406080,wrigj105,HOM,1,1,value,1,,,0,0,0,,,,,,19440608,0,WAS09,h,BIR,0,1,0,exhibition,y,,
NW2194408180,wrigj105,HOM,1,1,value,15,0,0,0,0,0,,,,,1,19440818,0,NWK04,v,NW2,1,0,0,regular,y,d,
HOM194410012,wrigj105,HOM,1,1,value,27,0,1,0,0,0,,,,,1,19441001,2,NYC16,h,BIR,1,0,0,exhibition,y,,
HOM194505132,wrigj105,HOM,1,1,value,,,,0,,0,0,,,,1,19450513,2,WAS09,h,NY5,1,0,0,regular,,,
HOM194505201,wrigj105,HOM,1,1,value,27,0,1,0,0,0,,,,,1,19450520,1,WAS09,h,NY6,1,0,0,regular,y,,
PH5194505303,wrigj105,NW2,1,1,value,6,0,2,0,0,0,,,,,,19450530,3,WIL04,v,PH5,0,1,0,regular,y,,
HOM194506101,wrigj105,HOM,1,1,value,27,,,0,0,0,,,,,1,19450610,1,WAS09,h,NW2,1,0,0,regular,y,,
HOM194506140,wrigj105,HOM,1,1,value,9,,,0,0,0,,,,,,19450614,0,WAS09,h,PH5,0,1,0,regular,y,,
HOM194507012,wrigj105,HOM,1,1,value,,,,0,,0,0,,,,1,19450701,2,WAS09,h,BLG,0,1,0,regular,,,
HOM194507081,wrigj105,HOM,1,1,value,27,1,3,0,0,0,,,,,1,19450708,1,WAS09,h,PH5,1,0,0,regular,y,,
NY6194507230,wrigj105,HOM,1,1,value,27,0,3,0,0,0,,,,,1,19450723,0,NYC23,v,NY6,1,0,0,regular,y,,
HOM194508092,wrigj105,HOM,1,1,value,,,,0,,0,0,,,,1,19450809,2,WAS09,h,BIR,1,0,0,exhibition,,,
HOM194508121,wrigj105,HOM,1,1,value,21,,,0,0,0,,,,,1,19450812,1,WAS09,h,CAG,0,1,0,exhibition,y,,
BLG194509033,wrigj105,HOM,1,1,value,21,,,,,0,0,,,,1,19450903,3,BAL14,v,BLG,0,0,1,regular,,,
CVB194509160,wrigj105,HOM,1,1,value,24,1,4,0,0,0,,,,,1,19450916,0,CLE06,v,CVB,0,1,0,championship,y,d,
HOM194509232,wrigj105,HOM,1,1,value,15,,,0,,0,0,,,,1,19450923,2,NYC16,h,CVB,1,0,0,exhibition,,,
CDA194510142,wrigj105,NNS,1,1,value,15,1,0,0,0,0,,,,,1,19451014,2,NYC15,v,CDA,0,0,1,exhibition,y,d,
BIR194704170,wrigj105,HOM,1,1,value,6,,,0,,0,0,,,,,19470417,0,BIR01,v,BIR,1,0,0,exhibition,,,
NY5194704200,wrigj105,HOM,1,1,value,6,0,1,0,0,0,,,,,0,19470420,0,NYC16,v,NY5,0,0,1,exhibition,y,d,
BLG194705111,wrigj105,HOM,1,1,value,18,0,2,0,0,0,0,0,0,,1,19470511,1,BAL14,v,BLG,0,1,0,regular,y,,
NW2194705182,wrigj105,HOM,1,1,value,18,,,0,0,0,,,,,1,19470518,2,NWK04,v,NW2,1,0,0,regular,y,,
HOM194705242,wrigj105,HOM,1,1,value,21,,,0,,0,0,,,,1,19470524,2,PIT06,h,NY5,1,0,0,regular,,,
NY5194705270,wrigj105,HOM,1,1,value,3,,,0,,0,0,,,,,19470527,0,NYC16,v,NY5,1,0,0,regular,,,
HOM194706011,wrigj105,HOM,1,1,value,30,0,3,0,0,0,,,,,1,19470601,1,WAS09,h,NW2,1,0,0,regular,y,,
HOM194706040,wrigj105,HOM,1,1,value,15,0,0,0,0,0,,,,,,19470604,0,PIT06,h,NW2,0,1,0,regular,y,,
HOM194706082,wrigj105,HOM,1,1,value,15,,,0,,0,0,,,,1,19470608,2,WAS09,h,NW2,0,0,1,regular,,,
PH5194706152,wrigj105,HOM,1,1,value,15,0,2,0,0,0,,,,,1,19470615,2,WIL04,v,PH5,1,0,0,regular,y,,
NW2194706221,wrigj105,HOM,1,1,value,18,,,0,0,0,,,,,1,19470622,1,NWK04,v,NW2,0,1,0,regular,y,,
PH5194706260,wrigj105,HOM,1,1,value,1,0,0,0,0,0,,,,,,19470626,0,PHI17,v,PH5,0,0,1,regular,y,,
HOM194706270,wrigj105,HOM,1,1,value,27,,,,,,,,,,1,19470627,0,PIT06,h,PH5,1,0,0,regular,,,
HOM194707042,wrigj105,HOM,1,1,value,21,,,,,,,,,,1,19470704,2,PIT06,h,BLG,1,0,0,regular,,,
KCM194707082,wrigj105,HOM,1,1,value,24,0,1,0,0,0,,,,,1,19470708,2,STL07,v,KCM,0,1,0,exhibition,y,,
HOM194707131,wrigj105,HOM,1,1,value,27,0,3,0,0,0,,,,,1,19470713,1,WAS09,h,NW2,1,0,0,regular,y,d,
NW2194707160,wrigj105,HOM,1,1,value,,,,0,,0,0,,,,,19470716,0,TRE01,v,NW2,1,0,0,regular,,,
HOM194707202,wrigj105,HOM,1,1,value,21,0,1,0,0,0,,,,,1,19470720,2,WAS09,h,NY6,0,1,0,regular,y,,
ASW194707270,wrigj105,ASE,1,1,value,3,0,0,0,0,0,,,,,0,19470727,0,CHI10,v,ASW,0,1,0,allstar,y,d,
CVB194707310,wrigj105,HOM,1,1,value,27,,,,,,,,,,1,19470731,0,IND10,v,CVB,1,0,0,exhibition,,,
HOM194708101,wrigj105,HOM,1,1,value,27,,,0,,,,,,,1,19470810,1,WAS09,h,KCM,1,0,0,exhibition,,,
BLG194708190,wrigj105,HOM,1,1,value,24,0,4,0,0,0,,,,,1,19470819,0,BAL14,v,BLG,0,1,0,regular,y,d,
NW2194708290,wrigj105,HOM,1,1,value,27,0,0,0,0,0,,,,,1,19470829,0,NWK04,v,NW2,1,0,0,regular,y,d,
BLG194709020,wrigj105,HOM,1,1,value,24,1,1,1,0,0,,,,,1,19470902,0,BAL14,v,BLG,0,0,1,regular,y,,
NY6194908080,wrigj105,NY6,1,1,value,22,1,2,0,0,0,,,,,0,19490808,0,WIL04,h,IN9,1,0,0,regular,y,d,
