gid,id,team,b_lp,b_seq,stattype,b_pa,b_ab,b_r,b_h,b_d,b_t,b_hr,b_rbi,b_sh,b_sf,b_hbp,b_w,b_iw,b_k,b_sb,b_cs,b_gdp,b_xi,b_roe,dh,ph,pr,date,number,site,vishome,opp,win,loss,tie,gametype,box,pbp,eject
TLC193905130,taylr103,TLC,2,1,value,4,3,0,1,0,0,0,0,0,0,0,1,0,,0,0,0,0,0,,,,19390513,0,TOL05,h,NY5,0,1,0,regular,y,d,
TLC193905141,taylr103,TLC,2,1,value,4,4,0,1,0,0,0,0,0,0,0,0,0,0,0,0,0,0,0,,,,19390514,1,TOL05,h,NY5,0,1,0,regular,y,d,
TLC193905142,taylr103,TLC,2,1,value,4,4,0,0,0,0,0,0,0,0,0,0,0,0,0,0,0,0,0,,,,19390514,2,TOL05,h,NY5,0,0,1,regular,y,d,
NW2193905270,taylr103,TLC,8,1,value,3,3,0,0,0,0,0,0,0,0,0,0,0,,0,0,0,0,0,,,,19390527,0,TRE01,v,NW2,0,1,0,regular,y,d,
