gid,id,team,d_seq,d_pos,stattype,d_ifouts,d_po,d_a,d_e,d_dp,d_tp,d_pb,d_wp,d_sb,d_cs,d_gs,date,number,site,vishome,opp,win,loss,tie,gametype,box,pbp
ASW194507290,benjj101,ASE,1,8,value,24,1,0,0,0,0,,,,,1,19450729,0,CHI10,v,ASW,0,1,0,allstar,y,d
ASW194507290,austf101,ASE,1,6,value,15,1,2,1,0,0,,,,,1,19450729,0,CHI10,v,ASW,0,1,0,allstar,y,d
ASW194507290,martr105,ASE,1,6,value,9,0,2,0,0,0,,,,,0,19450729,0,CHI10,v,ASW,0,1,0,allstar,y,d
ASW194507290,davij106,ASE,1,7,value,15,2,0,0,0,0,,,,,1,19450729,0,CHI10,v,ASW,0,1,0,allstar,y,d
ASW194507290,bensg101,ASE,1,7,value,9,0,0,0,0,0,,,,,0,19450729,0,CHI10,v,ASW,0,1,0,allstar,y,d
ASW194507290,leonb101,ASE,1,3,value,24,14,0,0,0,0,,,,,1,19450729,0,CHI10,v,ASW,0,1,0,allstar,y,d
ASW194507290,campr102,ASE,1,2,value,24,0,2,0,0,0,0,0,0,1,1,19450729,0,CHI10,v,ASW,0,1,0,allstar,y,d
ASW194507290,wellw101,ASE,1,4,value,24,5,0,0,0,0,,,,,1,19450729,0,CHI10,v,ASW,0,1,0,allstar,y,d
ASW194507290,wrigb104,ASE,1,9,value,12,0,0,0,0,0,,,,,1,19450729,0,CHI10,v,ASW,0,1,0,allstar,y,d
ASW194507290,linar101,ASE,1,9,value,12,0,0,0,0,0,,,,,0,19450729,0,CHI10,v,ASW,0,1,0,allstar,y,d
ASW194507290,barkm101,ASE,1,5,value,12,0,3,0,0,0,,,,,1,19450729,0,CHI10,v,ASW,0,1,0,allstar,y,d
ASW194507290,watkm101,ASE,1,5,value,12,0,1,0,0,0,,,,,0,19450729,0,CHI10,v,ASW,0,1,0,allstar,y,d
ASW194507290,glovt101,ASE,1,1,value,5,0,1,0,0,0,,,,,1,19450729,0,CHI10,v,ASW,0,1,0,allstar,y,d
ASW194507290,rickb102,ASE,1,1,value,3,0,1,0,0,0,,,,,0,19450729,0,CHI10,v,ASW,0,1,0,allstar,y,d
ASW194507290,dihim101,ASE,1,1,value,10,0,4,0,0,0,,,,,0,19450729,0,CHI10,v,ASW,0,1,0,allstar,y,d
ASW194507290,welmr101,ASE,1,1,value,6,1,0,0,0,0,,,,,0,19450729,0,CHI10,v,ASW,0,1,0,allstar,y,d
ASW194507290,willj111,ASW,1,4,value,27,2,5,0,0,0,,,,,1,19450729,0,CHI10,h,ASE,1,0,0,allstar,y,d
ASW194507290,robij103,ASW,1,6,value,27,4,6,0,0,0,,,,,1,19450729,0,CHI10,h,ASE,1,0,0,allstar,y,d
ASW194507290,davel102,ASW,1,9,value,27,1,0,0,0,0,,,,,1,19450729,0,CHI10,h,ASE,1,0,0,allstar,y,d
ASW194507290,robin101,ASW,1,8,value,27,1,0,0,0,0,,,,,1,19450729,0,CHI10,h,ASE,1,0,0,allstar,y,d
ASW194507290,radca101,ASW,1,5,value,27,1,1,1,0,0,,,,,1,19450729,0,CHI10,h,ASE,1,0,0,allstar,y,d
ASW194507290,lockl101,ASW,1,7,value,27,1,1,0,0,0,,,,,1,19450729,0,CHI10,h,ASE,1,0,0,allstar,y,d
ASW194507290,warea101,ASW,1,3,value,27,12,2,0,0,0,,,,,1,19450729,0,CHI10,h,ASE,1,0,0,allstar,y,d
ASW194507290,trouq101,ASW,1,2,value,27,5,1,1,0,0,0,0,0,0,1,19450729,0,CHI10,h,ASE,1,0,0,allstar,y,d
ASW194507290,mathv101,ASW,1,1,value,10,0,1,0,0,0,,,,,1,19450729,0,CHI10,h,ASE,1,0,0,allstar,y,d
ASW194507290,jessg101,ASW,1,1,value,8,0,1,0,0,0,,,,,0,19450729,0,CHI10,h,ASE,1,0,0,allstar,y,d
ASW194507290,mcdab101,ASW,1,1,value,8,0,0,0,0,0,,,,,0,19450729,0,CHI10,h,ASE,1,0,0,allstar,y,d
ASW194507290,breme101,ASW,1,1,value,1,0,0,0,0,0,,,,,0,19450729,0,CHI10,h,ASE,1,0,0,allstar,y,d
