gid,id,team,d_seq,d_pos,stattype,d_ifouts,d_po,d_a,d_e,d_dp,d_tp,d_pb,d_wp,d_sb,d_cs,d_gs,date,number,site,vishome,opp,win,loss,tie,gametype,box,pbp,eject
ATN193804240,hollf101,ATN,1,7,value,27,4,0,0,0,0,,,,,1,19380424,0,ATL04,h,HOM,0,1,0,exhibition,y,y,
ATN193805152,hollf101,ATN,1,8,value,15,1,0,0,0,0,,,,,1,19380515,2,ATL04,h,BIR,0,1,0,regular,y,d,
JAX193805230,hollf101,ATN,1,7,value,27,1,0,0,,,,,,,1,19380523,0,JKV01,v,JAX,1,0,0,regular,y,,
JAX193805240,hollf101,ATN,1,7,value,33,0,1,1,0,0,,,,,1,19380524,0,JKV01,v,JAX,1,0,0,regular,y,d,
ATN193805280,hollf101,ATN,1,7,value,15,2,0,0,0,0,,,,,1,19380528,0,ATL06,h,JAX,0,1,0,regular,y,d,
ATN193806121,hollf101,ATN,1,8,value,9,1,0,0,0,0,,,,,0,19380612,1,ATL04,h,IN7,0,1,0,regular,y,d,
ATN193806122,hollf101,ATN,1,7,value,15,1,0,0,0,0,,,,,1,19380612,2,ATL04,h,IN7,1,0,0,regular,y,d,
ATN193806140,hollf101,ATN,1,9,value,27,0,0,0,0,0,,,,,1,19380614,0,ATL04,h,IN7,0,1,0,regular,y,d,
MEM193806262,hollf101,ATN,1,9,value,9,0,0,0,0,0,,,,,1,19380626,2,MEM02,v,MEM,0,1,0,regular,y,d,
