gid,id,team,b_lp,b_seq,stattype,b_pa,b_ab,b_r,b_h,b_d,b_t,b_hr,b_rbi,b_sh,b_sf,b_hbp,b_w,b_iw,b_k,b_sb,b_cs,b_gdp,b_xi,b_roe,dh,ph,pr,date,number,site,vishome,opp,win,loss,tie,gametype,box,pbp,eject
MEM194804112,peepn101,MEM,,,value,,,,,,,,,,,,,,,,,,,,,,,19480411,2,MEM02,h,CVB,1,0,0,exhibition,,,
MEM194804180,peepn101,MEM,,,value,,,,,,,,,,,,,,,,,,,,,,,19480418,0,MEM02,h,KCM,0,1,0,exhibition,,,
MEM194804252,peepn101,MEM,,,value,,,,,,,,,,,,,,,,,,,,,,,19480425,2,MEM02,h,BIR,0,1,0,exhibition,,,
MEM194805020,peepn101,MEM,,,value,,,,,,,,,,,,,,,,,,,,,,,19480502,0,MEM02,h,KCM,0,1,0,regular,,,
MEM194805140,peepn101,MEM,,,value,,,,,,,,,,,,,,,,,,,,,,,19480514,0,MEM02,h,IN9,0,1,0,regular,,,
