gid,id,team,b_lp,b_seq,stattype,b_pa,b_ab,b_r,b_h,b_d,b_t,b_hr,b_rbi,b_sh,b_sf,b_hbp,b_w,b_iw,b_k,b_sb,b_cs,b_gdp,b_xi,b_roe,dh,ph,pr,date,number,site,vishome,opp,win,loss,tie,gametype,box,pbp,eject
CAG192405180,harng101,CAG,9,3,value,2,2,0,0,0,0,0,0,0,0,0,0,0,0,0,0,0,0,0,,,,19240518,0,CHI09,h,CUW,1,0,0,regular,y,y,
KCM192609190,harng101,CAG,9,1,value,3,1,0,0,0,0,0,1,0,1,0,1,0,0,0,0,0,0,0,,,,19260919,0,KAN05,v,KCM,0,1,0,lcs,y,y,
CAG192609250,harng101,CAG,9,2,value,1,1,0,0,0,0,0,0,0,0,0,0,0,,0,0,0,0,0,,,,19260925,0,CHI09,h,KCM,0,1,0,lcs,y,d,
CAG192609280,harng101,CAG,9,1,value,3,3,0,1,1,0,0,1,0,0,0,0,0,0,0,0,0,0,0,,,,19260928,0,CHI09,h,KCM,1,0,0,lcs,y,d,
ACY192610020,harng101,CAG,9,1,value,3,0,1,0,0,0,0,0,0,0,1,2,0,0,0,1,0,0,0,,,,19261002,0,ACY01,v,ACY,1,0,0,championship,y,y,
ACY192610060,harng101,CAG,8,2,value,1,1,0,0,0,0,0,0,0,0,0,0,0,0,0,0,0,0,0,,1,,19261006,0,ACY01,v,ACY,0,1,0,championship,y,d,
CAG192610100,harng101,CAG,9,1,value,3,3,0,0,0,0,0,0,0,0,0,0,0,1,0,0,1,0,0,,,,19261010,0,CHI09,h,ACY,0,1,0,championship,y,y,
PRG192610230,harng101,PRG,,,value,,,,,,,,,,,,,,,,,,,,,,,19261023,0,LOS05,h,PIR,1,0,0,exhibition,,,
PRG192611130,harng101,PRG,9,1,value,3,3,0,0,0,0,0,,0,,0,0,,,0,,,,,,,,19261113,0,LOS05,h,PIR,1,0,0,exhibition,y,,
PRG192611140,harng101,PRG,9,2,value,3,3,0,0,0,0,0,,0,,0,0,,,0,,,,,,,,19261114,0,LOS05,h,PIR,1,0,0,exhibition,y,,
PRG192612051,harng101,PRG,9,1,value,3,3,0,0,0,0,0,,0,,0,0,,,0,,,,,,,,19261205,1,LOS05,h,PIR,1,0,0,exhibition,y,,
PRG192612052,harng101,PRG,9,1,value,1,0,0,0,0,0,0,,1,,0,0,,,0,,,,,,,,19261205,2,LOS05,h,PIR,0,1,0,exhibition,y,,
PRG192612190,harng101,PRG,9,1,value,3,3,0,1,0,0,0,,0,,0,0,,,0,,,,,,,,19261219,0,LOS05,h,PIR,1,0,0,exhibition,y,,
PRG192612250,harng101,PRG,9,3,value,1,1,0,0,0,0,0,,0,,0,0,,,0,,,,,,,,19261225,0,LOS05,h,PIR,0,0,1,exhibition,y,,
BIR192709200,harng101,CAG,9,2,value,0,0,0,0,0,0,0,0,0,,0,0,,,0,,,,,,,,19270920,0,BIR01,v,BIR,1,0,0,lcs,y,,
BIR192709210,harng101,CAG,9,2,value,3,3,0,0,0,0,0,,0,,0,0,,,0,,,,,,,,19270921,0,BIR01,v,BIR,0,1,0,lcs,y,,
CAG192710030,harng101,CAG,9,1,value,4,3,0,0,0,0,0,0,1,0,0,0,0,1,0,0,0,0,1,,,,19271003,0,CHI09,h,ACY,1,0,0,championship,y,y,
ACY192710100,harng101,CAG,9,3,value,2,2,0,0,0,0,0,0,0,0,0,0,0,0,0,0,0,0,0,,,,19271010,0,ACY01,v,ACY,0,0,1,championship,y,y,
ACY192710110,harng101,CAG,9,1,value,4,3,0,1,0,0,0,0,0,0,0,1,0,1,0,0,0,0,0,,,,19271011,0,ACY01,v,ACY,0,1,0,championship,y,y,
SSN192810040,harng101,CAG,,,value,,,,,,,,,,,,,,,,,,,,,,,19281004,0,STL12,v,SSN,0,1,0,lcs,,,
CAG192910150,harng101,CAG,9,2,value,2,2,0,1,0,0,0,,0,,0,0,,,0,,,,,,,,19291015,0,CHI09,h,ALN,1,0,0,exhibition,y,,
CAG193010030,harng101,CAG,,,value,,,,,,,,,,,,,,,,,,,,,,,19301003,0,CHI09,h,ALN,1,0,0,exhibition,,,
CAG193010060,harng101,CAG,,,value,0,0,0,0,,,,,,,,,,,,,,,,,,,19301006,0,CHI09,h,ALN,1,0,0,exhibition,,,
