gid,id,team,d_seq,d_pos,stattype,d_ifouts,d_po,d_a,d_e,d_dp,d_tp,d_pb,d_wp,d_sb,d_cs,d_gs,date,number,site,vishome,opp,win,loss,tie,gametype,box,pbp
NYL192910131,emmeb101,ASL,1,7,value,24,2,0,0,0,0,,,,,1,19291013,1,NYC24,v,NYL,0,1,0,exhibition,y,
NYL192910131,jacom102,ASL,1,8,value,24,3,0,0,0,0,,,,,1,19291013,1,NYC24,v,NYL,0,1,0,exhibition,y,
NYL192910131,cohea101,ASL,1,4,value,24,5,4,0,1,0,,,,,1,19291013,1,NYC24,v,NYL,0,1,0,exhibition,y,
NYL192910131,gehrl101,ASL,1,3,value,18,4,1,0,0,0,,,,,1,19291013,1,NYC24,v,NYL,0,1,0,exhibition,y,
NYL192910131,gehrl101,ASL,2,1,value,6,0,1,0,0,0,,,,,1,19291013,1,NYC24,v,NYL,0,1,0,exhibition,y,
NYL192910131,kellg101,ASL,1,9,value,18,3,0,0,0,0,,,,,1,19291013,1,NYC24,v,NYL,0,1,0,exhibition,y,
NYL192910131,kellg101,ASL,2,3,value,6,2,0,0,1,0,,,,,1,19291013,1,NYC24,v,NYL,0,1,0,exhibition,y,
NYL192910131,skifb101,ASL,1,2,value,24,2,3,0,1,0,0,,,,1,19291013,1,NYC24,v,NYL,0,1,0,exhibition,y,
NYL192910131,scheh101,ASL,1,6,value,24,0,2,0,1,0,,,,,1,19291013,1,NYC24,v,NYL,0,1,0,exhibition,y,
NYL192910131,cavaj101,ASL,1,5,value,24,3,0,0,0,0,,,,,1,19291013,1,NYC24,v,NYL,0,1,0,exhibition,y,
NYL192910131,murpj103,ASL,1,1,value,18,0,1,0,0,0,,,,,1,19291013,1,NYC24,v,NYL,0,1,0,exhibition,y,
NYL192910131,kellb102,ASL,1,9,value,6,0,0,0,0,0,,,,,,19291013,1,NYC24,v,NYL,0,1,0,exhibition,y,
NYL192910131,meltb102,NYL,1,8,value,27,0,0,0,0,0,,,,,1,19291013,1,NYC24,h,ASL,1,0,0,exhibition,y,
NYL192910131,washn101,NYL,1,7,value,27,1,0,0,0,0,,,,,1,19291013,1,NYC24,h,ASL,1,0,0,exhibition,y,
NYL192910131,riggb101,NYL,1,4,value,27,2,4,0,0,0,,,,,1,19291013,1,NYC24,h,ASL,1,0,0,exhibition,y,
NYL192910131,lindc105,NYL,1,6,value,27,1,1,1,0,0,,,,,1,19291013,1,NYC24,h,ASL,1,0,0,exhibition,y,
NYL192910131,lloyj101,NYL,1,3,value,27,8,1,0,0,0,,,,,1,19291013,1,NYC24,h,ASL,1,0,0,exhibition,y,
NYL192910131,burnt102,NYL,1,2,value,27,13,1,0,0,0,0,,,,1,19291013,1,NYC24,h,ASL,1,0,0,exhibition,y,
NYL192910131,yancb101,NYL,1,5,value,27,1,4,0,0,0,,,,,1,19291013,1,NYC24,h,ASL,1,0,0,exhibition,y,
NYL192910131,concm101,NYL,1,9,value,27,1,0,0,0,0,,,,,1,19291013,1,NYC24,h,ASL,1,0,0,exhibition,y,
NYL192910131,hollb106,NYL,1,1,value,27,0,1,0,0,0,,,,,1,19291013,1,NYC24,h,ASL,1,0,0,exhibition,y,
NYL192910132,gehrl101,ASL,1,1,value,18,,,0,,0,0,,,,1,19291013,2,NYC24,v,NYL,1,0,0,exhibition,,
NYL192910132,ryanr102,NYL,1,1,value,18,,,0,,0,0,,,,1,19291013,2,NYC24,h,ASL,0,1,0,exhibition,,
