gid,team,inn1,inn2,inn3,inn4,inn5,inn6,inn7,inn8,inn9,inn10,inn11,inn12,inn13,inn14,inn15,inn16,inn17,inn18,inn19,inn20,inn21,inn22,inn23,inn24,inn25,inn26,inn27,inn28,lob,mgr,stattype,b_pa,b_ab,b_r,b_h,b_d,b_t,b_hr,b_rbi,b_sh,b_sf,b_hbp,b_w,b_iw,b_k,b_sb,b_cs,b_gdp,b_xi,b_roe,p_ipouts,p_noout,p_bfp,p_h,p_d,p_t,p_hr,p_r,p_er,p_w,p_iw,p_k,p_hbp,p_wp,p_bk,p_sh,p_sf,p_sb,p_cs,p_pb,d_po,d_a,d_e,d_dp,d_tp,d_pb,d_wp,d_sb,d_cs,start_l1,start_l2,start_l3,start_l4,start_l5,start_l6,start_l7,start_l8,start_l9,start_f1,start_f2,start_f3,start_f4,start_f5,start_f6,start_f7,start_f8,start_f9,start_f10,date,number,site,vishome,opp,win,loss,tie,gametype,box,pbp
BIR194304041,MEM,0,0,1,0,0,3,3,1,0,,,,,,,,,,,,,,,,,,,,10,browl107,value,45,39,8,11,0,0,0,,0,,0,6,,,0,,,0,,27,,41,10,0,0,0,5,,3,0,,0,0,0,0,,0,,0,27,,0,0,0,0,0,0,,bankf101,fagag101,cartm101,currg102,fordj101,mathv101,longr102,smitb114,hutcw101,hutcw101,smitb114,longr102,bankf101,cartm101,fordj101,currg102,mathv101,fagag101,,19430404,1,BIR01,v,BIR,1,0,0,exhibition,y,
BIR194304041,BIR,2,0,2,0,0,0,0,0,1,,,,,,,,,,,,,,,,,,,,9,welcw101,value,41,38,5,10,0,0,0,,0,,0,3,0,,0,,,0,,27,,45,11,0,0,0,8,,6,,,0,0,0,0,,0,,0,27,,0,0,0,0,0,0,,mornl101,walkh103,sampt101,charb102,lockl101,speac103,sayla101,hardp102,gipsa101,gipsa101,hardp102,sayla101,sampt101,lockl101,walkh103,charb102,mornl101,speac103,,19430404,1,BIR01,h,MEM,0,1,0,exhibition,y,
BIR194304042,MEM,0,0,0,0,0,0,0,,,,,,,,,,,,,,,,,,,,,,,browl107,value,,,0,5,,,,0,,,,,,,,,,,,18,,,9,,,,11,,,,,,,,,,,,,18,,3,,0,,,,,,,,,,,,,,mathv101,browl107,,,,,,,,,19430404,2,BIR01,v,BIR,0,1,0,exhibition,,
BIR194304042,BIR,,,,,,,,,,,,,,,,,,,,,,,,,,,,,,welcw101,value,,,11,9,,,,,,,,,,,,,,,,21,,,5,,,,0,0,,,,,,,,,,,,21,,1,,0,,,,,,,,,,,,,,newbj101,hubej101,,,,,,,,,19430404,2,BIR01,h,MEM,1,0,0,exhibition,,
MEM194304110,BIR,0,0,0,0,0,2,0,,,,,,,,,,,,,,,,,,,,,,,welcw101,value,,,2,3,,,,,,,,,,,,,,,,18,,,2,,,,1,,,,,,,,,,,,,18,,3,,0,,,,,,,,,,,,,,markj101,hubej101,,,,,,,,,19430411,0,MEM03,v,MEM,1,0,0,exhibition,,
MEM194304110,MEM,0,0,0,1,0,0,x,,,,,,,,,,,,,,,,,,,,,,,browl107,value,,,1,2,,,,,,,,,,,,,,,,21,,,3,,,,2,,,,,,,,,,,,,21,,2,,0,,,,,,,,,,,,,,mossp101,browl107,,,,,,,,,19430411,0,MEM03,h,BIR,0,1,0,exhibition,,
BIR194304190,CI2,0,0,0,1,1,0,3,2,1,,,,,,,,,,,,,,,,,,,,,downb101,value,,,8,15,2,1,,,,,,2,,,,,,,,27,,,4,,,,3,,,,,,,,,,,,,27,,4,,0,,,,,,,,,,,,,,danig101,bassp101,,,,,,,,,19430419,0,MTG01,v,BIR,1,0,0,exhibition,,
BIR194304190,BIR,0,0,1,2,0,0,0,0,0,,,,,,,,,,,,,,,,,,,,,welcw101,value,,,3,4,,,,,,,,,,,,,,,,27,,,15,2,1,,8,,2,,,,,,,,,,,27,,3,,0,,,,,,,,,,,,,,mckig101,hardp102,,,,,,,,,19430419,0,MTG01,h,CI2,0,1,0,exhibition,,
BIR194304200,CI2,2,3,0,0,2,0,0,0,0,,,,,,,,,,,,,,,,,,,,,downb101,value,,,7,,,,,,,,,,,,,,,,,24,,,,,,,9,,,,,,,,,,,,,24,,,,0,,,,,,,,,,,,,,higdb102,haywb102,,,,,,,,,19430420,0,MTG01,v,BIR,0,1,0,exhibition,,
BIR194304200,BIR,1,0,0,0,0,7,1,0,,,,,,,,,,,,,,,,,,,,,,welcw101,value,,,9,,,,,,,,,,,,,,,,,27,,,,,,,7,,,,,,,,,,,,,27,,,,0,,,,,,,,,,,,,,markj101,sayla101,,,,,,,,,19430420,0,MTG01,h,CI2,1,0,0,exhibition,,
KCM194304251,BIR,0,0,0,0,0,0,0,0,0,,,,,,,,,,,,,,,,,,,,2,welcw101,value,29,29,0,2,0,0,0,0,0,0,0,0,0,3,0,0,0,0,0,24,0,33,7,1,1,0,3,3,2,0,1,0,0,0,0,0,1,0,0,24,0,0,0,0,0,0,1,0,mclaf102,sampt101,mornl101,lockl101,speac103,davip102,walkh103,hardp102,mckig101,mckig101,hardp102,davip102,sampt101,lockl101,walkh103,mornl101,mclaf102,speac103,,19430425,1,NOL01,v,KCM,0,1,0,exhibition,y,d
KCM194304251,KCM,0,0,0,1,0,1,1,0,,,,,,,,,,,,,,,,,,,,,6,duncf102,value,33,31,3,7,1,1,0,3,0,0,0,2,0,1,1,0,0,0,0,27,0,29,2,0,0,0,0,0,0,0,3,0,0,0,0,0,0,0,0,27,0,0,0,0,0,0,0,0,allen102,soueh101,serrb101,broww101,oneib801,willj111,thomh103,duncf102,paigs101,paigs101,duncf102,oneib801,serrb101,soueh101,willj111,allen102,broww101,thomh103,,19430425,1,NOL01,h,BIR,1,0,0,exhibition,y,d
KCM194304252,BIR,0,0,0,0,0,0,0,,,,,,,,,,,,,,,,,,,,,,2,welcw101,value,23,23,0,1,0,0,0,0,0,0,0,0,0,7,0,0,1,0,2,18,0,26,6,1,0,0,2,0,1,0,4,0,0,0,0,0,0,0,0,18,1,1,0,0,0,0,0,0,mclaf102,sampt101,mornl101,lockl101,charb102,sayla101,walkh103,hubej101,gipsa101,gipsa101,hubej101,sayla101,sampt101,lockl101,walkh103,mornl101,mclaf102,charb102,,19430425,2,NOL01,v,KCM,0,1,0,exhibition,y,d
KCM194304252,KCM,0,2,0,0,0,0,,,,,,,,,,,,,,,,,,,,,,,6,duncf102,value,26,25,2,6,1,0,0,1,0,0,0,1,0,4,0,0,0,0,1,21,0,23,1,0,0,0,0,0,0,0,7,0,0,0,0,0,0,0,0,21,2,2,1,0,0,0,0,0,allen102,soueh101,serrb101,broww101,oneib801,willj111,thomh103,duncf102,parks103,parks103,duncf102,oneib801,serrb101,soueh101,willj111,allen102,broww101,thomh103,,19430425,2,NOL01,h,BIR,1,0,0,exhibition,y,d
KCM194304270,BIR,0,0,0,0,0,0,1,0,0,,,,,,,,,,,,,,,,,,,,,welcw101,value,,,1,5,,,1,1,,,,,,,,,,,,24,,,7,1,2,,3,,,,,,,,,,,,,24,,2,,0,,,,,,,,,,,,,,markj101,hardp102,,,,,,,,,19430427,0,NOL01,v,KCM,0,1,0,exhibition,,
KCM194304270,KCM,0,3,0,0,0,0,0,0,,,,,,,,,,,,,,,,,,,,,,duncf102,value,,,3,7,1,2,,,,,,,,,,,,,,27,,,5,,,1,1,,,,,,,,,,,,,27,,1,,0,,,,,,,,,,,,,,smith111,duncf102,,,,,,,,,19430427,0,NOL01,h,BIR,1,0,0,exhibition,,
BIR194304290,KCM,2,0,0,0,0,0,0,0,0,,,,,,,,,,,,,,,,,,,,,duncf102,value,,,2,4,,,,,,,,,,,,,,,,27,,,,,,,1,,1,,,,,,,,,,,27,,,,0,,,,,,,,,,,,,,paigs101,,,,,,,,,,19430429,0,MTG01,v,BIR,1,0,0,exhibition,,
BIR194304290,BIR,0,0,0,0,0,1,0,0,0,,,,,,,,,,,,,,,,,,,,,welcw101,value,,,1,,,,,,,,,1,,,,,,,,27,,,4,,,,2,,,,,,,,,,,,,27,,,,0,,,,,,,,,,,,,,sayla101,,,,,,,,,,19430429,0,MTG01,h,KCM,0,1,0,exhibition,,
BIR194305021,KCM,0,0,0,1,0,0,0,0,1,,,,,,,,,,,,,,,,,,,,13,duncf102,value,42,40,2,9,1,1,0,2,0,0,1,1,0,2,0,0,0,0,4,24,0,36,10,1,0,0,4,4,3,0,2,0,1,0,0,0,0,0,0,24,1,0,1,0,0,1,0,0,allen102,soueh101,serrb101,broww101,greej108,oneib801,willj111,thomh103,paigs101,paigs101,greej108,oneib801,serrb101,soueh101,willj111,allen102,broww101,thomh103,,19430502,1,BIR01,v,BIR,0,1,0,exhibition,y,d
BIR194305021,BIR,0,0,3,0,1,0,0,0,,,,,,,,,,,,,,,,,,,,,8,welcw101,value,36,33,4,10,1,0,0,3,0,0,0,3,0,2,0,0,0,0,0,27,0,42,9,1,1,0,2,2,1,0,2,1,0,0,0,0,0,0,0,27,0,4,0,0,0,0,0,0,mclaf102,sampt101,mornl101,speac103,lockl101,davip102,walkh103,hardp102,mckig101,mckig101,hardp102,davip102,sampt101,lockl101,walkh103,mornl101,mclaf102,speac103,,19430502,1,BIR01,h,KCM,1,0,0,exhibition,y,d
BIR194305022,KCM,0,0,0,0,0,1,1,,,,,,,,,,,,,,,,,,,,,,5,duncf102,value,28,28,2,4,2,0,0,1,0,0,0,0,0,0,0,0,0,0,3,19,0,27,6,3,0,0,3,3,3,0,0,0,0,0,1,0,0,0,0,19,1,0,1,0,0,0,0,0,allen102,soueh101,serrb101,broww101,greej108,oneib801,willj111,thomh103,smith111,smith111,greej108,oneib801,serrb101,soueh101,willj111,allen102,broww101,thomh103,,19430502,2,BIR01,v,BIR,0,1,0,exhibition,y,d
BIR194305022,BIR,0,0,1,1,0,0,1,,,,,,,,,,,,,,,,,,,,,,5,welcw101,value,27,23,3,6,3,0,0,3,1,0,0,3,0,0,0,0,1,0,0,21,0,28,4,2,0,0,2,1,0,0,0,0,0,0,0,0,0,0,0,21,0,2,0,0,0,0,0,0,mclaf102,sampt101,mornl101,speac103,steee102,lockl101,walkh103,hubej101,markj101,markj101,hubej101,mornl101,sampt101,lockl101,walkh103,steee102,mclaf102,speac103,,19430502,2,BIR01,h,KCM,1,0,0,exhibition,y,d
BIR194305030,KCM,0,0,1,0,4,7,0,2,0,,,,,,,,,,,,,,,,,,,,,duncf102,value,,,14,15,,,,,,,,,,,,,,,,27,,,12,,,,9,,,,,,,,,,,,,27,,0,,0,,,,,,,,,,,,,,,,,,,,,,,,19430503,0,BIR01,v,BIR,1,0,0,exhibition,,
BIR194305030,BIR,1,0,0,2,1,0,2,3,0,,,,,,,,,,,,,,,,,,,,,welcw101,value,,,9,12,,,,,,,,,,,,,,,,27,,,15,,,,14,,,,,,,,,,,,,27,,4,,0,,,,,,,,,,,,,,newbj101,,,,,,,,,,19430503,0,BIR01,h,KCM,0,1,0,exhibition,,
BIR194305060,KCM,,,,,,,,,,,0,,,,,,,,,,,,,,,,,,,duncf102,value,,,5,,,,,,,,,,,,,,,,,30,1,,,,,1,6,,,,,,,,,,,,,30,,,,0,,,,,,,,,,,,,,,,,,,,,,,,19430506,0,BIR01,v,BIR,0,1,0,exhibition,,
BIR194305060,BIR,,,,,,,,,,,1,,,,,,,,,,,,,,,,,,,welcw101,value,,,6,,,,1,,,,,,,,,,,,,33,,,,,,,5,,,,,,,,,,,,,33,,,,0,,,,,,,,,,,,,,sayla101,,,,,,,,,,19430506,0,BIR01,h,KCM,1,0,0,exhibition,,
BIR194305070,CAG,3,2,0,0,0,1,1,0,0,,,,,,,,,,,,,,,,,,,,,radct101,value,,,7,8,,,,,,,,,,,,,,,,27,,,11,,,1,6,,,,,,1,,,,,,1,27,,0,,0,1,1,,,,,,,,,,,,cornw101,youne102,,,,,,,,,19430507,0,MTG01,v,BIR,1,0,0,exhibition,,
BIR194305070,BIR,1,0,0,0,3,2,0,0,0,,,,,,,,,,,,,,,,,,,,,welcw101,value,,,6,11,,,1,,,,,,,,,,,,,27,,,8,,,,7,,,,,,,,,,,,,27,,3,,0,,,,,,,,,,,,,,gipsa101,hardp102,,,,,,,,,19430507,0,MTG01,h,CAG,0,1,0,exhibition,,
CAG194305080,BIR,2,1,0,0,0,0,0,0,0,,,,,,,,,,,,,,,,,,,,,welcw101,value,,,3,7,,,,,,,,,,,,,,,,24,,,7,,,,4,,,,,,,,,,,,,24,,1,,0,,,,,,,,,,,,,,mckig101,hardp102,,,,,,,,,19430508,0,MTG01,v,CAG,0,1,0,exhibition,,
CAG194305080,CAG,0,1,0,1,0,1,0,0,1,,,,,,,,,,,,,,,,,,,,,radct101,value,,,4,7,,,,,,,,,,,,,,,,27,,,7,,,,3,,,,,,,,,,,,,27,,1,,0,,,,,,,,,,,,,,jessg101,youne102,,,,,,,,,19430508,0,MTG01,h,BIR,1,0,0,exhibition,,
BIR194305091,CAG,0,2,0,0,0,0,0,0,0,,,,,,,,,,,,,,,,,,,,,radct101,value,,,2,8,,,,,,,,,,,,,,,,24,,,8,2,,,3,,,,,,,,,,,,,24,,1,,0,,,,,,,,,,,,,,suttl101,radct101,,,,,,,,,19430509,1,BIR01,v,BIR,0,1,0,exhibition,,
BIR194305091,BIR,0,1,0,0,1,1,0,0,x,,,,,,,,,,,,,,,,,,,,,welcw101,value,,,3,8,2,,,,,,,,,,,,,,,27,,,8,,,,2,,,,,,,,,,,,,27,,2,,0,,,,,,,,,,,,,,markj101,hardp102,,,,,,,,,19430509,1,BIR01,h,CAG,1,0,0,exhibition,,
BIR194305092,CAG,0,0,0,5,3,1,0,,,,,,,,,,,,,,,,,,,,,,,radct101,value,,,9,13,,,,,,,,,,,,,,,,21,,,7,,,,4,,,,,,,,,,,,,21,,2,,0,,,,,,,,,,,,,,cornw101,youne102,,,,,,,,,19430509,2,BIR01,v,BIR,1,0,0,exhibition,,
BIR194305092,BIR,1,0,1,0,1,1,0,,,,,,,,,,,,,,,,,,,,,,,welcw101,value,,,4,7,,,,,,,,,,,,,,,,21,,,13,,,,9,,,,,,,,,,,,,21,,2,,0,,,,,,,,,,,,,,newbj101,charb102,,,,,,,,,19430509,2,BIR01,h,CAG,0,1,0,exhibition,,
CI2194305161,BIR,1,0,0,0,0,0,0,0,1,0,,,,,,,,,,,,,,,,,,,,welcw101,value,,,2,6,1,,,,,,,,,,,,,,,29,,,15,5,,,3,,1,,,,,,,,,,,29,,0,,0,,,,,,,,,,,,,,markj101,hardp102,,,,,,,,,19430516,1,CIN07,v,CI2,0,1,0,regular,,
CI2194305161,CI2,0,0,2,0,0,0,0,0,0,1,,,,,,,,,,,,,,,,,,,,downb101,value,,,3,15,5,,,1,,,,1,,,,,,,,30,,,6,1,,,2,,,,,,,,,,,,,30,,4,,0,,,,,,,,,,,,,,davir103,haywb102,,,,,,,,,19430516,1,CIN07,h,BIR,1,0,0,regular,,
CI2194305162,BIR,1,0,0,1,0,0,0,0,0,4,,,,,,,,,,,,,,,,,,,,welcw101,value,,,6,14,2,,,,,,,,,,,,,,,30,,,11,2,,,5,,1,,1,,,,,,,,,30,,0,,0,,,,,mclaf102,,mornl101,lockl101,sampt101,davip102,walkh103,hardp102,mckig101,mckig101,hardp102,,,,,,,,,19430516,2,CIN07,v,CI2,1,0,0,regular,,
CI2194305162,CI2,2,0,0,0,0,0,0,0,0,3,,,,,,,,,,,,,,,,,,,,downb101,value,,,5,11,2,,,,,,,1,,1,,,,,,30,,,14,2,,,6,,,,,,,,,,,,,30,,2,,0,,,,,,,,,,,,,,henrp101,haywb102,,,,,,,,,19430516,2,CIN07,h,BIR,0,1,0,regular,,
CI2194305163,BIR,0,0,0,3,0,3,0,1,0,,,,,,,,,,,,,,,,,,,,,welcw101,value,,,7,10,2,,,,,,,,,,,,,,,27,,,4,,,,2,,,,,,,,,,,,,27,,2,,0,,,,,,,,,,,,,,sayla101,hardp102,,,,,,,,,19430516,3,DAY03,v,CI2,1,0,0,exhibition,,
CI2194305163,CI2,0,0,2,0,0,0,0,0,0,,,,,,,,,,,,,,,,,,,,,downb101,value,,,2,4,,,,,,,,,,,,,,,,27,,,10,2,,,7,,,,,,,,,,,,,27,,0,,0,,,,,,,,,,,,,,alexu101,chrit101,,,,,,,,,19430516,3,DAY03,h,BIR,0,1,0,exhibition,,
CI2194305180,BIR,0,0,1,0,0,0,0,0,1,0,,,,,,,,,,,,,,,,,,,13,welcw101,value,45,34,2,8,0,0,0,1,2,0,2,7,0,3,1,2,1,0,1,29,0,43,11,2,0,0,3,3,2,0,6,0,0,0,0,0,1,0,0,29,10,3,1,0,0,0,1,0,mclaf102,speac103,mornl101,lockl101,sampt101,davip102,walkh103,hardp102,gipsa101,gipsa101,hardp102,davip102,sampt101,lockl101,walkh103,mornl101,mclaf102,speac103,,19430518,0,SPR04,v,CI2,0,1,0,regular,y,d
CI2194305180,CI2,0,0,0,0,0,1,1,0,0,1,,,,,,,,,,,,,,,,,,,11,downb101,value,43,41,3,11,2,0,0,3,0,0,0,2,0,6,1,0,1,0,3,30,0,45,8,0,0,0,2,1,7,0,3,2,0,0,2,0,1,2,0,30,13,1,1,0,0,0,1,2,ray-j102,sneas101,wilsf104,chrit101,lindl102,britj104,harrc105,haywb102,danig101,danig101,haywb102,lindl102,harrc105,britj104,sneas101,chrit101,ray-j102,wilsf104,,19430518,0,SPR04,h,BIR,1,0,0,regular,y,d
MEM194305231,BIR,0,0,0,0,1,0,0,0,0,,,,,,,,,,,,,,,,,,,,5,welcw101,value,33,31,1,4,0,1,0,0,0,0,0,2,0,0,0,0,1,0,1,24,0,27,6,2,0,0,2,1,0,0,1,0,0,0,0,0,0,2,0,24,1,1,1,0,0,0,0,2,mclaf102,speac103,mornl101,lockl101,sampt101,davip102,walkh103,hardp102,gipsa101,gipsa101,hardp102,davip102,sampt101,lockl101,walkh103,mornl101,mclaf102,speac103,,19430523,1,MEM03,v,MEM,0,1,0,regular,y,d
MEM194305231,MEM,0,0,0,0,1,1,0,0,,,,,,,,,,,,,,,,,,,,,1,browl107,value,27,27,2,6,2,0,0,1,0,0,0,0,0,1,0,2,0,0,0,27,0,33,4,0,1,0,1,0,2,0,0,0,0,0,0,0,0,0,0,27,2,2,1,0,0,0,0,0,bankf101,hydec101,mcdaf101,rogen101,robin101,longr102,browl107,evanf101,mossp101,mossp101,browl107,longr102,bankf101,mcdaf101,robin101,evanf101,hydec101,rogen101,,19430523,1,MEM03,h,BIR,1,0,0,regular,y,d
MEM194305232,BIR,0,0,0,0,0,0,0,0,0,1,,,,,,,,,,,,,,,,,,,,welcw101,value,,,1,8,,,,1,1,,,,,,,,,,,30,,,3,,,0,0,0,,,,,,,,,,,,30,,1,,0,,,,,,,,,,,,,,markj101,hardp102,,,,,,,,,19430523,2,MEM03,v,MEM,1,0,0,regular,,
MEM194305232,MEM,0,0,0,0,0,0,0,0,0,0,,,,,,,,,,,,,,,,,,,,browl107,value,,,0,3,,,0,0,,,,,,,,,,,,30,,,8,,,,1,,,,,,,,1,,,,,30,,1,,0,,,,,,,,,,,,,,hutcw101,browl107,,,,,,,,,19430523,2,MEM03,h,BIR,0,1,0,regular,,
MEM194305250,BIR,0,0,0,2,0,2,2,0,0,,,,,,,,,,,,,,,,,,,,,welcw101,value,,,6,8,,,,,,,,,,,,,,,,27,,,5,,,,2,,,,,,,,,,,,,27,,1,,0,,,,,,,,,,,,,,mckig101,hardp102,,,,,,,,,19430525,0,MEM02,v,MEM,1,0,0,regular,,
MEM194305250,MEM,0,0,0,1,0,0,0,0,1,,,,,,,,,,,,,,,,,,,,,browl107,value,,,2,5,,,,,,,,,,,,,,,,27,,,8,,,,6,,,,,,,,,,,,,27,,2,,0,,,,,,,,,,,,,,evanf101,browl107,,,,,,,,,19430525,0,MEM02,h,BIR,0,1,0,regular,,
MEM194305260,BIR,0,0,2,3,0,0,3,5,0,,,,,,,,,,,,,,,,,,,,,welcw101,value,,,13,17,,,,,,,,,,,,,,,,27,,,8,,,0,0,0,,,,,,,,,,,,27,,,,0,,,,,,,,,,,,,,sayla101,,,,,,,,,,19430526,0,LRK02,v,MEM,1,0,0,regular,,
MEM194305260,MEM,0,0,0,0,0,0,0,0,0,,,,,,,,,,,,,,,,,,,,,browl107,value,,,0,8,,,0,0,,,,,,,,,,,,27,,,17,,,,13,,,,,,,,,,,,,27,,,,0,,,,,,,,,,,,,,,,,,,,,,,,19430526,0,LRK02,h,BIR,0,1,0,regular,,
MEM194305280,BIR,,,,,,,,,,,,,,,,,,,,,,,,,,,,,,welcw101,value,,,1,,,,,,,,,,,,,,,,,24,,,,,,,5,,,,,,,,,,,,,24,,,,0,,,,,,,,,,,,,,,,,,,,,,,,19430528,0,CLA01,v,MEM,0,1,0,exhibition,,
MEM194305280,MEM,,,,,,,,,,,,,,,,,,,,,,,,,,,,,,browl107,value,,,5,,,,,,,,,,,,,,,,,27,,,,,,,1,,,,,,,,,,,,,27,,,,0,,,,,,,,,,,,,,,,,,,,,,,,19430528,0,CLA01,h,BIR,1,0,0,exhibition,,
BIR194305301,MEM,0,0,0,0,0,2,0,0,0,,,,,,,,,,,,,,,,,,,,7,browl107,value,36,34,2,7,0,0,0,2,1,0,0,1,0,2,1,0,0,0,2,24,0,35,11,2,1,0,6,6,3,0,0,0,0,0,0,0,2,1,0,24,11,0,1,0,0,0,2,1,bankf101,mcdaf101,robin101,rogen101,longr102,browl107,sharp101,lockj101,mossp101,mossp101,browl107,longr102,bankf101,mcdaf101,lockj101,sharp101,robin101,rogen101,,19430530,1,BIR01,v,BIR,0,1,0,regular,y,d
BIR194305301,BIR,3,1,1,1,0,0,0,0,,,,,,,,,,,,,,,,,,,,,5,welcw101,value,35,32,6,11,2,1,0,6,0,0,0,3,0,0,2,1,0,0,0,27,0,36,7,0,0,0,2,0,1,0,2,0,0,0,1,0,1,0,0,27,12,2,1,0,0,0,1,0,mclaf102,sampt101,speac103,lockl101,mornl101,davip102,dunna102,hardp102,mckig101,mckig101,hardp102,dunna102,sampt101,lockl101,davip102,mornl101,mclaf102,speac103,,19430530,1,BIR01,h,MEM,1,0,0,regular,y,d
BIR194305302,MEM,1,0,0,0,0,0,0,,,,,,,,,,,,,,,,,,,,,,8,browl107,value,30,28,1,5,1,0,0,1,0,,0,2,,4,1,,,0,,18,,35,10,1,1,0,10,,4,,1,1,0,0,2,,1,,0,18,11,1,1,0,0,0,1,,bankf101,mcdaf101,robin101,rogen101,longr102,canaj102,smitb114,sharp101,hutcw101,hutcw101,smitb114,canaj102,bankf101,mcdaf101,longr102,sharp101,robin101,rogen101,,19430530,2,BIR01,v,BIR,0,1,0,regular,y,
BIR194305302,BIR,4,3,3,0,0,0,x,,,,,,,,,,,,,,,,,,,,,,7,welcw101,value,35,28,10,10,1,1,0,4,2,,1,4,,1,1,,,0,,21,,30,5,1,0,0,1,,2,,4,0,0,0,0,,1,,0,21,6,1,0,0,0,0,1,,mclaf102,sampt101,speac103,mornl101,dunna102,davip102,walkh103,hubej101,markj101,markj101,hubej101,dunna102,sampt101,walkh103,davip102,mornl101,mclaf102,speac103,,19430530,2,BIR01,h,MEM,1,0,0,regular,y,
BIR194305311,MEM,0,0,0,0,0,0,0,0,0,,,,,,,,,,,,,,,,,,,,,browl107,value,,,0,4,,,,,,,,,,,,,,,,24,,,11,,,,7,,,,,,,,,,,,,24,,1,,0,,,,,,,,,,,,,,feuau101,browl107,,,,,,,,,19430531,1,MTG01,v,BIR,0,1,0,regular,,
BIR194305311,BIR,1,1,0,3,0,2,0,0,x,,,,,,,,,,,,,,,,,,,,,welcw101,value,,,7,11,,,,,,,,,,,,,,,,27,,,4,,,,0,0,,,,,,,,,,,,27,,1,,0,,,,,,,,,,,,,,sayla101,hardp102,,,,,,,,,19430531,1,MTG01,h,MEM,1,0,0,regular,,
BIR194305312,MEM,0,0,0,0,0,,,,,,,,,,,,,,,,,,,,,,,,,browl107,value,,,0,3,,,,,,,,,,,,,,,,12,,,5,,,,2,,,,,,,,,,,,,12,,1,,0,,,,,,,,,,,,,,hutcw101,sharp101,,,,,,,,,19430531,2,MTG01,v,BIR,0,1,0,regular,,
BIR194305312,BIR,0,1,1,0,x,,,,,,,,,,,,,,,,,,,,,,,,,welcw101,value,,,2,5,,,,,,,,,,,,,,,,15,,,3,,,,0,0,,,,,,,,,,,,15,,0,,0,,,,,,,,,,,,,,gipsa101,hardp102,,,,,,,,,19430531,2,MTG01,h,MEM,1,0,0,regular,,
MEM194306020,BIR,,,,,,,,,,,,,,,,,,,,,,,,,,,,,,welcw101,value,,,7,10,,,,,,,,,,,,,,,,27,,,,,,,1,,,,,,,,,,,,,27,,,,0,,,,,,,,,,,,,,hubej101,,,,,,,,,,19430602,0,MEM02,v,MEM,1,0,0,regular,,
MEM194306020,MEM,,,,,,,,,,,,,,,,,,,,,,,,,,,,,,browl107,value,,,1,,,,,,,,,,,,,,,,,27,,,10,,,,7,,,,,,,,,,,,,27,,,,0,,,,,,,,,,,,,,,,,,,,,,,,19430602,0,MEM02,h,BIR,0,1,0,regular,,
BIR194306050,CI2,0,6,0,0,0,0,2,0,1,,,,,,,,,,,,,,,,,,,,,downb101,value,,,9,12,,,,,,,,,,,,,,,,24,,,14,,,1,10,,,,,,,,,,,,,24,,2,,0,,,,,,,,,,,,,,wilsf104,sneas101,,,,,,,,,19430605,0,CHT01,v,BIR,0,1,0,regular,,
BIR194306050,BIR,1,2,0,0,0,5,2,0,x,,,,,,,,,,,,,,,,,,,,,welcw101,value,,,10,14,,,1,,,,,,,,,,,,,27,,,12,,,,9,,,,,,,,,,,,,27,,1,,0,,,,,,,,,,,,,,sayla101,hardp102,,,,,,,,,19430605,0,CHT01,h,CI2,1,0,0,regular,,
BIR194306061,CI2,0,0,0,0,0,0,0,0,0,,,,,,,,,,,,,,,,,,,,,downb101,value,,,0,7,1,,,0,,,,,,11,,,,,,24,,,17,3,1,1,13,,,,,,,,,,,,,24,,3,,0,,,,,,,,,,,,,,davip103,haywb102,,,,,,,,,19430606,1,BIR01,v,BIR,0,1,0,regular,,
BIR194306061,BIR,2,0,5,1,0,0,1,4,x,,,,,,,,,,,,,,,,,,,,,welcw101,value,,,13,17,3,1,1,,,,,,,,,,,,,27,,,7,1,,,0,0,,,11,,,,,,,,,27,,0,,0,,,,,,,,,,,,,,mckig101,hardp102,,,,,,,,,19430606,1,BIR01,h,CI2,1,0,0,regular,,
BIR194306062,CI2,0,0,0,0,1,0,0,0,,,,,,,,,,,,,,,,,,,,,,downb101,value,,,1,12,,,,,,,,,,,,,,,,23,,,8,1,,1,2,2,,,,,,,,,,,,23,,0,,0,,,,,,,,,,,,,,pilll101,haywb102,,,,,,,,,19430606,2,BIR01,v,BIR,0,1,0,regular,,
BIR194306062,BIR,0,0,0,0,0,0,1,1,,,,,,,,,,,,,,,,,,,,,,welcw101,value,,,2,8,1,,1,2,,,,,,,,,,,,24,,,12,,,,1,,,,,,,,,,,,,24,,1,,0,,,,,,,,,,,,,,markj101,hardp102,,,,,,,,,19430606,2,BIR01,h,CI2,1,0,0,regular,,
BIR194306070,CI2,0,3,1,0,0,0,0,1,1,,,,,,,,,,,,,,,,,,,,,downb101,value,,,6,9,,1,,,,,,,,,,,,,,24,,,15,2,2,,12,,,,,,,,,,,,,24,,4,,0,,,,,,,,,,,,,,henrp101,,,,,,,,,,19430607,0,MTG01,v,BIR,0,1,0,regular,,
BIR194306070,BIR,1,0,2,2,1,0,3,3,x,,,,,,,,,,,,,,,,,,,,,welcw101,value,,,12,15,2,2,,,,,,,,,,,,,,27,,,9,,1,,6,,,,,,,,,,,,,27,,2,,0,,,,,,,,,,,,,,gipsa101,,,,,,,,,,19430607,0,MTG01,h,CI2,1,0,0,regular,,
BIR194306081,CI2,0,2,0,0,0,0,1,0,0,,,,,,,,,,,,,,,,,,,,,downb101,value,,,3,7,,,,,,,,,,,,,,,,27,,,6,,,,2,,,,,,,,,,,,,27,,3,,0,,,,,,,,,,,,,,davir103,haywb102,,,,,,,,,19430608,1,NOL01,v,BIR,1,0,0,regular,,
BIR194306081,BIR,2,0,0,0,0,0,0,0,0,,,,,,,,,,,,,,,,,,,,,welcw101,value,,,2,6,,,,,,,,,,,,,,,,27,,,7,,,,3,,,,,,,,,,,,,27,,3,,0,,,,,,,,,,,,,,sayla101,,,,,,,,,,19430608,1,NOL01,h,CI2,0,1,0,regular,,
BIR194306082,CI2,,,,,,,,,,,,,,,,,,,,,,,,,,,,,,downb101,value,,,2,5,,,,,,,,,,,,,,,,12,,,10,,,1,6,,,,,,,,,,,,,12,,2,,0,,,,,,,,,,,,,,wilsf104,britj104,,,,,,,,,19430608,2,NOL01,v,BIR,0,1,0,regular,,
BIR194306082,BIR,,,,,,,,,,,,,,,,,,,,,,,,,,,,,,welcw101,value,,,6,10,,,1,,,,,,,,,,,,,15,,,5,,,,2,,,,,,,,,,,,,15,,1,,0,,,,,,,,,,,,,,markj101,hardp102,,,,,,,,,19430608,2,NOL01,h,CI2,1,0,0,regular,,
CI2194306150,BIR,1,1,0,0,0,0,0,0,1,,,,,,,,,,,,,,,,,,,,,welcw101,value,,,3,8,,,,,,,,,,,,,,,,24,,,10,,1,,4,,,,,,,,,,,,,24,,2,,0,,,,,,,,,,,,,,newbj101,hardp102,,,,,,,,,19430615,0,IND10,v,CI2,0,1,0,regular,,
CI2194306150,CI2,0,0,0,0,1,3,0,0,,,,,,,,,,,,,,,,,,,,,,wilsf104,value,,,4,10,,1,,,,,,,,,,,,,,27,,,8,,,,3,,,,,,,,,,,,,27,,1,,0,,,,,,,,,,,,,,kingb103,haywb102,,,,,,,,,19430615,0,IND10,h,BIR,1,0,0,regular,,
CI2194306170,BIR,0,0,1,0,3,0,0,0,1,,,,,,,,,,,,,,,,,,,,7,welcw101,value,39,37,5,9,1,0,0,5,1,0,0,1,0,3,0,0,0,0,2,24,0,38,9,0,3,0,7,5,3,0,3,0,0,0,2,0,0,1,0,24,8,2,0,0,0,0,0,1,mclaf102,speac103,sampt101,davip102,dunna102,walkh103,taylj109,hubej101,gipsa101,gipsa101,hubej101,taylj109,sampt101,davip102,walkh103,dunna102,mclaf102,speac103,,19430617,0,RCI01,v,CI2,0,1,0,regular,y,d
CI2194306170,CI2,0,1,1,0,0,0,2,3,,,,,,,,,,,,,,,,,,,,,7,wilsf104,value,38,33,7,9,0,3,0,7,2,0,0,3,0,3,0,1,0,0,3,27,0,39,9,1,0,0,5,5,1,0,3,0,0,0,1,0,0,0,0,27,11,1,0,0,0,0,0,0,britj104,smith113,tatug101,mornl101,ray-j102,lindl102,wilsf104,haywb102,davip103,davip103,haywb102,lindl102,smith113,britj104,mornl101,tatug101,ray-j102,wilsf104,,19430617,0,RCI01,h,BIR,1,0,0,regular,y,d
BIR194306180,MEM,1,0,0,1,0,0,0,1,1,,,,,,,,,,,,,,,,,,,,,browl107,value,,,4,9,,,,,,,,,,,,,,,,24,,,9,,,,5,,,,,,,,,,,,,24,,4,,0,,,,,,,,,,,,,,mathv101,smitb114,,,,,,,,,19430618,0,COL05,v,BIR,0,1,0,regular,,
BIR194306180,BIR,0,0,0,0,3,0,1,0,1,,,,,,,,,,,,,,,,,,,,,welcw101,value,,,5,9,,,,,,,,,,,,,,,,27,,,9,,,,4,,,,,,,,,,,,,27,,4,,0,,,,,,,,,,,,,,hubej101,hardp102,,,,,,,,,19430618,0,COL05,h,MEM,1,0,0,regular,,
BIR194306200,NY6,0,0,0,0,0,1,0,0,0,,,,,,,,,,,,,,,,,,,,7,fernj101,value,35,33,1,7,1,0,0,1,0,0,0,2,0,4,0,0,1,0,0,24,0,36,10,2,1,0,6,3,2,0,2,0,0,0,1,0,1,0,1,24,15,2,0,0,1,0,1,0,martr105,coimp101,vargt101,brooa101,linar101,cox-r102,rivec101,loudl101,barnd101,barnd101,loudl101,linar101,rivec101,cox-r102,martr105,brooa101,vargt101,coimp101,,19430620,0,CHI11,v,BIR,0,1,0,exhibition,y,d
BIR194306200,BIR,1,2,0,1,0,2,0,0,,,,,,,,,,,,,,,,,,,,,6,welcw101,value,36,33,6,10,2,1,0,6,1,0,0,2,0,2,1,0,0,0,1,27,0,35,7,1,0,0,1,1,2,0,4,0,0,0,0,0,0,0,0,27,9,1,1,0,0,0,0,0,mclaf102,speac103,sampt101,lockl101,davip102,dunna102,walkh103,hardp102,markj101,markj101,hardp102,dunna102,sampt101,walkh103,davip102,lockl101,mclaf102,speac103,,19430620,0,CHI11,h,NY6,1,0,0,exhibition,y,d
CI2194306210,BIR,1,0,0,0,0,0,0,0,0,,,,,,,,,,,,,,,,,,,,,welcw101,value,,,1,,,,,,,,,,,,,,,,,24,,,,,,,11,,,,,,,,,,,,,24,,0,,0,,,,,,,,,,,,,,newbj101,hardp102,,,,,,,,,19430621,0,SPR03,v,CI2,0,1,0,regular,,
CI2194306210,CI2,3,0,0,4,0,2,0,2,,,,,,,,,,,,,,,,,,,,,,wilsf104,value,,,11,,,,,,,,,,,,,,,,,27,,,,,,,1,,,,,,,,,,,,,27,,0,,0,,,,,,,,,,,,,,pilll101,sneas101,,,,,,,,,19430621,0,SPR03,h,BIR,1,0,0,regular,,
BIR194306230,NY6,0,0,0,0,0,0,1,,,,,,,,,,,,,,,,,,,,,,,fernj101,value,,,1,6,,,,,,,,,,,,,,,,18,,,7,,,,2,,,,,,,,,,,,,18,,1,,0,,,,,,,,,,,,,,howac102,brooa101,,,,,,,,,19430623,0,COL05,v,BIR,0,1,0,exhibition,,
BIR194306230,BIR,0,0,0,1,0,1,x,,,,,,,,,,,,,,,,,,,,,,,welcw101,value,,,2,7,,,,,,,,,,,,,,,,21,,,6,,,,1,,,,,,,,,,,,,21,,1,,0,,,,,,,,,,,,,,mckig101,hardp102,,,,,,,,,19430623,0,COL05,h,NY6,1,0,0,exhibition,,
BIR194306240,NY6,0,2,0,2,1,0,0,0,0,,,,,,,,,,,,,,,,,,,,,fernj101,value,,,5,11,,,,,,,,,,,,,,,,24,,,11,,,1,9,,,,,,,,,,,,,24,,3,,0,,,,,,,,,,,,,,fernr101,brooa101,,,,,,,,,19430624,0,DAY03,v,BIR,0,1,0,exhibition,,
BIR194306240,BIR,0,2,4,2,1,0,0,0,x,,,,,,,,,,,,,,,,,,,,,welcw101,value,,,9,11,,,1,,,,,,,,,,,,,27,,,11,,,,5,,,,,,,,,,,,,27,,1,,0,,,,,,,,,,,,,,gipsa101,hardp102,,,,,,,,,19430624,0,DAY03,h,NY6,1,0,0,exhibition,,
BIR194306250,NY6,0,0,0,1,0,0,1,0,0,,,,,,,,,,,,,,,,,,,,7,fernj101,value,36,35,2,6,0,0,0,2,0,0,1,0,0,2,0,0,1,0,3,24,0,39,11,1,1,0,9,8,4,0,2,0,0,0,0,0,3,0,0,24,15,2,1,0,0,0,3,0,martr105,perej103,vargt101,brooa101,coimp101,linar101,cox-r102,rivec101,cruem101,cruem101,brooa101,linar101,rivec101,cox-r102,martr105,perej103,vargt101,coimp101,,19430625,0,ZAN02,v,BIR,0,1,0,exhibition,y,d
BIR194306250,BIR,0,0,2,0,0,0,4,3,,,,,,,,,,,,,,,,,,,,,6,welcw101,value,39,35,9,11,1,1,0,7,0,0,0,4,0,2,3,0,1,0,1,27,0,36,6,0,0,0,2,2,0,0,2,1,0,0,0,0,0,0,0,27,14,2,1,0,0,0,0,0,mclaf102,speac103,sampt101,lockl101,davip102,dunna102,walkh103,hardp102,sayla101,sayla101,hardp102,dunna102,sampt101,walkh103,davip102,lockl101,mclaf102,speac103,,19430625,0,ZAN02,h,NY6,1,0,0,exhibition,y,d
CAG194306280,BIR,1,1,0,0,0,0,1,0,2,,,,,,,,,,,,,,,,,,,,9,welcw101,value,41,39,5,11,1,0,0,2,0,,0,2,,4,5,,,0,,26,,39,6,1,0,1,6,,6,0,10,0,0,0,0,,0,,1,26,,2,0,0,1,0,0,,mclaf102,speac103,sampt101,lockl101,davip102,dunna102,walkh103,hardp102,mckig101,mckig101,hardp102,dunna102,sampt101,walkh103,davip102,lockl101,mclaf102,speac103,,19430628,0,MIL03,v,CAG,0,1,0,regular,y,
CAG194306280,CAG,0,0,0,0,3,0,0,0,3,,,,,,,,,,,,,,,,,,,,7,radct101,value,39,33,6,6,1,0,1,4,0,,0,6,0,10,0,,,0,,27,,41,11,1,0,0,5,,2,,4,0,0,0,0,,5,,0,27,,5,1,0,0,0,5,,wyatr101,davel102,smitj112,youne102,radca101,penna101,bissj101,charb102,cornw101,cornw101,charb102,charb102,penna101,radca101,wyatr101,bissj101,davel102,smitj112,,19430628,0,MIL03,h,BIR,1,0,0,regular,y,
CAG194306290,BIR,1,1,0,0,2,1,2,1,0,,,,,,,,,,,,,,,,,,,,9,welcw101,value,44,42,8,9,1,0,0,,0,,0,2,,,0,,,0,,27,,39,8,2,0,0,2,,2,,,0,0,0,0,,0,,0,27,10,4,1,0,0,0,0,,mclaf102,speac103,sampt101,lockl101,davip102,walkh103,sayla101,hardp102,hubej101,hubej101,hardp102,sayla101,sampt101,walkh103,davip102,lockl101,mclaf102,speac103,,19430629,0,KEW01,v,CAG,1,0,0,regular,y,
CAG194306290,CAG,0,0,0,0,0,0,0,2,0,,,,,,,,,,,,,,,,,,,,10,radct101,value,39,37,2,8,2,0,0,,0,,0,2,,,0,,,0,,27,,44,9,1,0,0,8,,2,,,0,1,0,0,,0,,1,27,14,8,0,0,1,1,0,,ferrw102,davel102,smitj112,radca101,penna101,radct101,bissj101,charb102,suttl101,suttl101,radct101,charb102,bissj101,radca101,penna101,smitj112,davel102,ferrw102,,19430629,0,KEW01,h,BIR,0,1,0,regular,y,
BIR194307010,KCM,2,0,0,0,0,0,0,0,0,,,,,,,,,,,,,,,,,,,,7,duncf102,value,36,36,2,10,2,0,1,2,0,0,0,0,0,4,1,0,0,0,0,24,0,36,12,1,1,0,5,5,1,0,5,0,0,0,0,0,1,2,0,24,8,2,0,0,0,0,1,2,willj111,simmw101,soueh101,broww101,serrb101,oneib801,thomh103,barnh102,walkg103,walkg103,barnh102,oneib801,serrb101,soueh101,willj111,simmw101,broww101,thomh103,,19430701,0,CIN07,v,BIR,0,1,0,regular,y,d
BIR194307010,BIR,0,0,3,1,0,1,0,0,,,,,,,,,,,,,,,,,,,,,7,welcw101,value,36,35,5,12,1,1,0,5,0,0,0,1,0,5,1,2,0,0,1,27,0,36,10,2,0,1,2,2,0,0,4,0,0,0,0,0,1,0,0,27,11,0,0,0,0,0,1,0,mclaf102,speac103,sampt101,lockl101,davip102,dunna102,walkh103,hardp102,sayla101,sayla101,hardp102,dunna102,sampt101,walkh103,davip102,lockl101,mclaf102,speac103,,19430701,0,CIN07,h,KCM,1,0,0,regular,y,d
BIR194307020,CI2,,,,,,,,,,,,,,,,,,,,,,,,,,,,,,wilsf104,value,,,4,5,,,,,,,,,,,,,,,,24,,,7,,,,5,,,,,,,,,,,,,24,,,,0,,,,,,,,,,,,,,,,,,,,,,,,19430702,0,LOU05,v,BIR,0,1,0,regular,,
BIR194307020,BIR,,,,,,,,,,,,,,,,,,,,,,,,,,,,,,welcw101,value,,,5,7,,,,,,,,,,,,,,,,27,,,5,,,,4,,,,,,,,,,,,,27,,,,0,,,,,,,,,,,,,,,,,,,,,,,,19430702,0,LOU05,h,CI2,1,0,0,regular,,
BIR194307041,CAG,0,0,0,0,0,0,0,1,0,,,,,,,,,,,,,,,,,,,,7,radct101,value,35,35,1,7,0,0,0,,0,,0,0,0,6,1,,,0,,24,,37,10,2,0,0,5,,1,,0,1,0,0,2,,0,,1,24,,4,0,0,1,0,0,,wyatr101,davel102,smitj112,youne102,radca101,penna101,charb102,radct101,cornw101,cornw101,radct101,charb102,charb102,radca101,wyatr101,penna101,davel102,smitj112,,19430704,1,BIR01,v,BIR,0,1,0,regular,y,
BIR194307041,BIR,0,1,1,0,2,1,0,0,x,,,,,,,,,,,,,,,,,,,,8,welcw101,value,37,33,5,10,2,0,0,,2,,1,1,,0,0,,,0,,27,,35,7,0,0,0,1,0,0,0,6,0,0,0,0,,1,,0,27,,2,0,0,0,0,1,,mclaf102,sampt101,speac103,lockl101,davip102,dunna102,walkh103,hardp102,mckig101,mckig101,hardp102,dunna102,sampt101,walkh103,davip102,lockl101,mclaf102,speac103,,19430704,1,BIR01,h,CAG,1,0,0,regular,y,
BIR194307042,CAG,0,1,0,0,0,4,2,,,,,,,,,,,,,,,,,,,,,,,radct101,value,,,7,12,,,,,,,,,,,,,,,,21,,,4,,,,3,,,,,,,,,,,,,21,,3,,0,,,,,,,,,,,,,,shiec102,radct101,,,,,,,,,19430704,2,BIR01,v,BIR,1,0,0,regular,,
BIR194307042,BIR,0,0,0,0,3,0,0,,,,,,,,,,,,,,,,,,,,,,,welcw101,value,,,3,4,,,,,,,,,,,,,,,,21,,,12,,,,7,7,,,,,,,,,,,,21,,0,,0,,,,,,,,,,,,,,markj101,hardp102,,,,,,,,,19430704,2,BIR01,h,CAG,0,1,0,regular,,
BIR194307051,CAG,1,0,0,0,0,0,0,1,0,,,,,,,,,,,,,,,,,,,,,radct101,value,,,2,6,,,,,,,,,,,,,,,,24,,,17,,,,14,,,,,,,,,,,,,24,,1,,0,,,,,,,,,,,,,,ferrw102,charb102,,,,,,,,,19430705,1,MTG01,v,BIR,0,1,0,regular,,
BIR194307051,BIR,0,0,5,3,0,0,1,5,,,,,,,,,,,,,,,,,,,,,,welcw101,value,,,14,17,,,,,,,,,,,,,,,,27,,,6,,,,2,,,,,,,,,,,,,27,,0,,0,,,,,,,,,,,,,,newbj101,hardp102,,,,,,,,,19430705,1,MTG01,h,CAG,1,0,0,regular,,
BIR194307052,CAG,0,1,3,0,2,4,2,,,,,,,,,,,,,,,,,,,,,,,radct101,value,,,12,15,,,,,,,,,,,,,,,,21,,,6,,,,1,,,,,,,,,,,,,21,,2,,0,,,,,,,,,,,,,,jessg101,,,,,,,,,,19430705,2,MTG01,v,BIR,1,0,0,regular,,
BIR194307052,BIR,0,1,0,0,0,0,0,,,,,,,,,,,,,,,,,,,,,,,welcw101,value,,,1,6,,,,,,,,,,,,,,,,21,,,15,,,,12,,,,,,,,,,,,,21,,2,,0,,,,,,,,,,,,,,mckig101,hardp102,,,,,,,,,19430705,2,MTG01,h,CAG,0,1,0,regular,,
KCM194307080,BIR,0,0,0,0,0,0,0,0,0,,,,,,,,,,,,,,,,,,,,,welcw101,value,,,0,5,,,0,0,,,,,,,,,,,,24,,,7,,,,5,,,,,,,,,,,,,24,,4,,0,,,,,,,,,,,,,,willj112,hardp102,,,,,,,,,19430708,0,DAL01,v,KCM,0,1,0,regular,,
KCM194307080,KCM,0,3,0,1,0,1,0,0,,,,,,,,,,,,,,,,,,,,,,duncf102,value,,,5,7,,,,,,,,,,,,,,,,27,,,5,,,0,0,0,,,,,,,,,,,,27,,1,,0,,,,,,,,,,,,,,alext101,barnh102,,,,,,,,,19430708,0,DAL01,h,BIR,1,0,0,regular,,
KCM194307090,BIR,1,0,1,0,0,0,1,0,0,,,,,,,,,,,,,,,,,,,,9,welcw101,value,39,33,3,8,0,0,0,3,2,0,0,4,0,5,0,0,0,0,0,24,0,36,7,0,1,0,4,2,5,0,7,1,0,0,0,0,2,1,0,24,11,5,0,0,0,0,2,1,mclaf102,sampt101,speac103,lockl101,davip102,dunna102,walkh103,hardp102,markj101,markj101,hardp102,dunna102,sampt101,walkh103,davip102,lockl101,mclaf102,speac103,,19430709,0,OKC02,v,KCM,0,1,0,regular,y,d
KCM194307090,KCM,1,1,0,0,1,1,0,0,,,,,,,,,,,,,,,,,,,,,8,duncf102,value,36,30,4,7,0,1,0,2,0,0,1,5,0,7,2,1,0,0,0,27,0,39,8,0,0,0,3,2,4,0,5,0,0,0,2,0,0,0,0,27,14,2,0,0,0,0,0,0,willj111,simmw101,soueh101,broww101,serrb101,oneib801,thomh103,barnh102,matcj101,matcj101,barnh102,oneib801,serrb101,soueh101,willj111,simmw101,broww101,thomh103,,19430709,0,OKC02,h,BIR,1,0,0,regular,y,d
KCM194307111,BIR,0,0,0,2,0,0,0,0,0,,,,,,,,,,,,,,,,,,,,5,welcw101,value,34,32,2,7,2,0,0,2,2,0,0,0,0,6,0,0,0,0,0,24,0,37,12,2,0,2,6,6,3,0,1,0,0,0,1,0,1,3,0,24,16,4,0,0,0,0,1,3,mclaf102,sampt101,speac103,lockl101,davip102,dunna102,walkh103,hardp102,mckig101,mckig101,hardp102,dunna102,sampt101,walkh103,davip102,lockl101,mclaf102,speac103,,19430711,1,KAN05,v,KCM,0,1,0,regular,y,d
KCM194307111,KCM,0,1,0,0,2,2,0,1,,,,,,,,,,,,,,,,,,,,,7,duncf102,value,37,33,6,12,2,0,2,6,1,0,0,3,0,1,1,3,0,0,1,27,0,34,7,2,0,0,2,2,0,0,6,0,0,0,2,0,0,0,0,27,10,0,0,0,0,0,0,0,willj111,allen102,soueh101,broww101,serrb101,oneib801,barnh102,smith111,thomh103,smith111,barnh102,oneib801,serrb101,soueh101,willj111,allen102,broww101,thomh103,,19430711,1,KAN05,h,BIR,1,0,0,regular,y,d
KCM194307112,BIR,0,2,0,1,0,1,1,,,,,,,,,,,,,,,,,,,,,,3,welcw101,value,29,25,5,5,0,1,0,2,1,0,0,3,0,3,0,2,0,0,2,21,0,29,7,0,0,0,3,2,0,0,1,0,0,0,1,0,0,0,0,21,12,1,0,0,0,0,0,0,mclaf102,sampt101,speac103,lockl101,davip102,dunna102,walkh103,hardp102,markj101,markj101,hardp102,dunna102,sampt101,walkh103,davip102,lockl101,mclaf102,speac103,,19430711,2,KAN05,v,KCM,1,0,0,regular,y,d
KCM194307112,KCM,0,1,1,1,0,0,0,,,,,,,,,,,,,,,,,,,,,,5,duncf102,value,29,28,3,7,0,0,0,3,1,0,0,0,0,1,0,0,0,0,1,21,0,29,5,0,1,0,5,2,3,0,3,0,0,0,1,0,0,2,1,21,10,3,0,0,1,0,0,2,willj111,simmw101,soueh101,broww101,serrb101,oneib801,thomh103,hayns101,paigs101,paigs101,hayns101,oneib801,serrb101,soueh101,willj111,simmw101,broww101,thomh103,,19430711,2,KAN05,h,BIR,0,1,0,regular,y,d
KCM194307120,BIR,0,0,0,1,0,0,0,0,1,,,,,,,,,,,,,,,,,,,,7,welcw101,value,36,31,2,6,0,0,0,2,1,0,0,4,0,0,0,0,0,0,0,24,0,35,8,0,1,0,3,2,3,1,0,0,1,0,0,0,0,0,1,24,11,4,1,0,1,1,0,0,mclaf102,sampt101,speac103,lockl101,davip102,dunna102,walkh103,hardp102,sayla101,sayla101,hardp102,dunna102,sampt101,walkh103,davip102,lockl101,mclaf102,speac103,,19430712,0,KAN05,v,KCM,0,1,0,regular,y,d
KCM194307120,KCM,0,1,0,0,0,0,2,0,,,,,,,,,,,,,,,,,,,,,8,duncf102,value,35,32,3,8,0,1,0,1,0,0,0,3,1,0,0,0,1,0,1,27,0,36,6,0,0,0,2,2,4,0,0,0,0,0,1,0,0,0,0,27,10,1,0,0,0,0,0,0,willj111,simmw101,soueh101,broww101,serrb101,oneib801,thomh103,duncf102,alext101,alext101,duncf102,oneib801,serrb101,soueh101,willj111,simmw101,broww101,thomh103,,19430712,0,KAN05,h,BIR,1,0,0,regular,y,d
KCM194307130,BIR,0,0,0,0,5,0,0,1,6,,,,,,,,,,,,,,,,,,,,6,welcw101,value,45,43,12,16,0,3,2,10,1,0,0,1,0,11,0,1,0,0,2,27,0,36,8,1,1,0,2,2,1,0,9,1,0,0,0,0,0,1,0,27,6,2,0,0,0,0,0,1,mclaf102,sampt101,speac103,lockl101,davip102,dunna102,walkh103,hardp102,gipsa101,gipsa101,hardp102,dunna102,sampt101,walkh103,davip102,lockl101,mclaf102,speac103,,19430713,0,STJ01,v,KCM,1,0,0,regular,y,d
KCM194307130,KCM,0,0,0,2,0,0,0,0,0,,,,,,,,,,,,,,,,,,,,7,duncf102,value,36,34,2,8,1,1,0,2,0,0,1,1,0,9,0,1,0,0,0,27,0,45,16,0,3,2,12,10,1,0,11,0,0,0,1,0,0,1,0,27,17,4,0,0,0,0,0,1,willj111,allen102,soueh101,broww101,serrb101,oneib801,simmw101,hayns101,paigs101,paigs101,hayns101,oneib801,serrb101,soueh101,willj111,simmw101,broww101,allen102,,19430713,0,STJ01,h,BIR,0,1,0,regular,y,d
KCM194307150,BIR,1,1,0,0,0,1,0,1,0,,,,,,,,,,,,,,,,,,,,8,welcw101,value,39,31,4,3,0,2,0,2,1,,0,7,,10,0,,,0,,24,,40,11,2,1,0,6,,6,0,5,0,0,0,0,,2,,0,24,10,5,1,0,0,0,2,,mclaf102,sampt101,speac103,lockl101,davip102,dunna102,walkh103,hardp102,newbj101,newbj101,hardp102,dunna102,sampt101,walkh103,davip102,lockl101,mclaf102,speac103,,19430715,0,KAN05,v,KCM,0,1,0,regular,y,
KCM194307150,KCM,0,1,0,0,4,1,0,0,,,,,,,,,,,,,,,,,,,,,10,duncf102,value,40,34,6,11,2,1,0,5,0,,0,6,0,5,2,,,0,,27,,39,3,0,2,0,4,,7,,10,0,0,0,1,,0,,0,27,9,2,0,0,0,0,0,,willj111,allen102,soueh101,broww101,serrb101,oneib801,thomh103,barnh102,mcdab101,mcdab101,barnh102,oneib801,serrb101,soueh101,willj111,allen102,broww101,thomh103,,19430715,0,KAN05,h,BIR,1,0,0,regular,y,
MEM194307160,BIR,0,1,0,0,0,0,3,3,0,,,,,,,,,,,,,,,,,,,,,welcw101,value,,,7,14,2,,,,,,,,,,,1,,,,27,,,9,1,,,5,,,,,,,,,,,,,27,,2,,0,,,,,,,,,,,,,,mckig101,hubej101,,,,,,,,,19430716,0,BEL01,v,MEM,1,0,0,regular,,
MEM194307160,MEM,1,0,2,0,0,0,1,0,1,,,,,,,,,,,,,,,,,,,,,browl107,value,,,5,9,1,,,,,,,,,,,,,,,27,,,14,2,,,7,,,,,,,,,,,,1,27,,1,,0,1,,,,,,,,,,,,,keyer101,smitb114,,,,,,,,,19430716,0,BEL01,h,BIR,0,1,0,regular,,
BIR194307182,CI2,0,0,0,0,0,0,0,0,0,,,,,,,,,,,,,,,,,,,,,wilsf104,value,,,0,7,,,0,0,,,,,,,,,,,,24,,,6,,,,7,,,,,,,,,,,,,24,,4,,0,,,,,,,,,,,,,,davir103,bassp101,,,,,,,,,19430718,2,CHI11,v,BIR,0,1,0,regular,,
BIR194307182,BIR,2,0,0,5,0,0,0,0,x,,,,,,,,,,,,,,,,,,,,,welcw101,value,,,7,6,,,,,,,,,,,,,,,,27,,,7,,,0,0,0,,,,,,,,,,,,27,,0,,0,,,,,,,,,,,,,,mckig101,hardp102,,,,,,,,,19430718,2,CHI11,h,CI2,1,0,0,regular,,
BIR194307190,NY6,0,4,0,0,0,0,1,0,0,,,,,,,,,,,,,,,,,,,,,fernj101,value,,,5,9,,,,,,1,,2,,,,,,,,27,,,6,,,,2,,,,,,,,,,,,,27,,4,,0,,,,,,,,,,,,,,howac102,loudl101,,,,,,,,,19430719,0,COL05,v,BIR,1,0,0,exhibition,,
BIR194307190,BIR,0,0,0,0,0,0,0,1,1,,,,,,,,,,,,,,,,,,,,,welcw101,value,,,2,6,,,,,,,,,,,,,,,,27,,,9,,,,5,,2,,,,,,,1,,,,27,,2,,0,,,,,,,,,,,,,,gipsa101,hardp102,,,,,,,,,19430719,0,COL05,h,NY6,0,1,0,exhibition,,
BIR194307200,NY6,1,0,1,0,0,0,1,0,2,0,0,2,,,,,,,,,,,,,,,,,,fernj101,value,,,7,14,,1,,,,,,,,,,,,,,36,,,9,,,,5,,,,,,,,,,,,,36,,3,,0,,,,,,,,,,,,,,tianl102,loudl101,,,,,,,,,19430720,0,IND10,v,BIR,1,0,0,exhibition,,
BIR194307200,BIR,0,3,0,0,0,0,0,2,0,0,0,0,,,,,,,,,,,,,,,,,,welcw101,value,,,5,9,,,,,,,,,,,,,,,,36,,,14,,1,,7,,,,,,,,,,,,,36,,7,,0,,,,,,,,,,,,,,markj101,hardp102,,,,,,,,,19430720,0,IND10,h,NY6,0,1,0,exhibition,,
BIR194307210,NY6,5,0,0,0,0,0,0,0,0,,,,,,,,,,,,,,,,,,,,,fernj101,value,,,5,,,,,,,,,,,,,,,,,27,,,,,,,2,,,,,,,,,,,,,27,,,,0,,,,,,,,,,,,,,,,,,,,,,,,19430721,0,LOU05,v,BIR,1,0,0,exhibition,,
BIR194307210,BIR,,,,,,,,,,,,,,,,,,,,,,,,,,,,,,welcw101,value,,,2,,,,,,,,,,,,,,,,,27,,,,,,,5,,,,,,,,,,,,,27,,,,0,,,,,,,,,,,,,,,,,,,,,,,,19430721,0,LOU05,h,NY6,0,1,0,exhibition,,
BIR194307220,NY6,1,0,0,0,0,0,0,0,0,,,,,,,,,,,,,,,,,,,,,fernj101,value,,,1,6,,,,,,,,,,,,,,,,24,,,8,2,,,4,,,,,,,,,,,,,24,,1,,0,,,,,,,,,,,,,,cruem101,brooa101,,,,,,,,,19430722,0,NSH02,v,BIR,0,1,0,exhibition,,
BIR194307220,BIR,2,1,1,0,0,0,0,0,,,,,,,,,,,,,,,,,,,,,,welcw101,value,,,4,8,2,,,,,,,,,,,,,,,27,,,6,,,,1,,,,,,,,,,,,,27,,1,,0,,,,,,,,,,,,,,mckig101,hardp102,,,,,,,,,19430722,0,NSH02,h,NY6,1,0,0,exhibition,,
BIR194307230,NY6,,,13,,,,,,,,,,,,,,,,,,,,,,,,,,,fernj101,value,,,16,,,,,,,,,,,,,,,,,27,,,,,,,6,,,,,,,,,,,,,27,12,,,0,,,,,,,,,,,,,,tianl102,loudl101,,,,,,,,,19430723,0,CHT01,v,BIR,1,0,0,exhibition,,
BIR194307230,BIR,,,,,,,,,,,,,,,,,,,,,,,,,,,,,,welcw101,value,,,6,,,,,,,,,,,,,,,,,27,,,,,,,16,,,,,,,,,,,,,27,,,,0,,,,,,,,,,,,,,danij103,hardp102,,,,,,,,,19430723,0,CHT01,h,NY6,0,1,0,exhibition,,
BIR194307251,NY6,5,0,0,1,3,0,0,0,2,,,,,,,,,,,,,,,,,,,,8,fernj101,value,46,41,11,13,1,1,1,,2,,0,3,,1,1,,,0,,27,,37,8,0,0,0,3,,4,,2,0,0,0,0,,0,,0,27,,2,1,1,0,0,0,,vargt101,martr105,perej103,coimp101,linar101,cox-r102,brooa101,loudl101,barnd101,barnd101,loudl101,linar101,perej103,cox-r102,martr105,brooa101,vargt101,coimp101,,19430725,1,BIR01,v,BIR,1,0,0,exhibition,y,
BIR194307251,BIR,0,0,0,0,3,0,0,0,0,,,,,,,,,,,,,,,,,,,,7,welcw101,value,37,33,3,8,0,0,0,,0,,0,4,,2,0,,,0,,27,,46,13,1,1,1,11,,3,,1,0,0,0,2,,1,,0,27,,4,0,0,0,0,1,,mornl101,sampt101,speac103,lockl101,davip102,dunna102,walkh103,hardp102,newbj101,newbj101,hardp102,davip102,sampt101,walkh103,dunna102,lockl101,mornl101,speac103,,19430725,1,BIR01,h,NY6,0,1,0,exhibition,y,
BIR194307252,NY6,0,0,1,1,0,0,0,,,,,,,,,,,,,,,,,,,,,,,fernj101,value,,,2,5,,,,,,1,,3,,,,,,,,21,,,3,,,,1,,,,,,,,,,,,,21,,0,,0,,,,,,,,,,,,,,fernr101,brooa101,,,,,,,,,19430725,2,BIR01,v,BIR,1,0,0,exhibition,,
BIR194307252,BIR,0,0,0,1,0,0,0,,,,,,,,,,,,,,,,,,,,,,,welcw101,value,,,1,3,,,,,,,,,,,,,,,,21,,,5,,,,2,,3,,,,,,,1,,,,21,,2,,0,,,,,,,,,,,,,,gipsa101,hardp102,,,,,,,,,19430725,2,BIR01,h,NY6,0,1,0,exhibition,,
BIR194307260,NY6,0,0,1,0,1,0,0,1,1,,,,,,,,,,,,,,,,,,,,,fernj101,value,,,4,,,1,1,2,,,,,,,,,,,,27,,,,,1,,3,,,,1,,,,,,,,,27,,,1,0,,,,,,,,,,,,,,cruem101,,,,,,,,,,19430726,0,MTG01,v,BIR,1,0,0,exhibition,,
BIR194307260,BIR,1,0,1,0,0,0,0,1,0,,,,,,,,,,,,,,,,,,,,,welcw101,value,,,3,,,1,,,,,,,,1,,,,,,27,,,,,1,1,4,,,,,,,,,,,,,27,,,,0,,,,,,,,,,,,,,mckig101,,,,,,,,,,19430726,0,MTG01,h,NY6,0,1,0,exhibition,,
BIR194307281,NY6,,,,,,,,,,,,,,,,,,,,,,,,,,,,,,fernj101,value,,,1,,,,,,,,,,,,,,,,,30,,,,,,,2,,,,,,,,,,,,,30,,,,0,,,,,,,,,,,,,,howac102,,,,,,,,,,19430728,1,NOL01,v,BIR,0,1,0,exhibition,,
BIR194307281,BIR,,,,,,,,,,,,,,,,,,,,,,,,,,,,,,welcw101,value,,,2,,,,,,,,,,,,,,,,,33,,,,,,,1,,,,,,,,,,,,,33,,,,0,,,,,,,,,,,,,,markj101,,,,,,,,,,19430728,1,NOL01,h,NY6,1,0,0,exhibition,,
BIR194307282,NY6,,,,,,,,,,,,,,,,,,,,,,,,,,,,,,fernj101,value,,,3,,,,,,,,,,,,,,,,,15,,,,,,,1,,,,,,,,,,,,,15,,,,0,,,,,,,,,,,,,,,,,,,,,,,,19430728,2,NOL01,v,BIR,1,0,0,exhibition,,
BIR194307282,BIR,,,,,,,,,,,,,,,,,,,,,,,,,,,,,,welcw101,value,,,1,,,,,,,,,,,,,,,,,15,,,,,,,3,,,,,,,,,,,,,15,,,,0,,,,,,,,,,,,,,sayla101,,,,,,,,,,19430728,2,NOL01,h,NY6,0,1,0,exhibition,,
BIR194307290,NY6,3,0,0,1,0,0,0,0,0,,,,,,,,,,,,,,,,,,,,,fernj101,value,,,4,5,,,,,,,,2,,8,,,,,,24,,,13,,,,7,,,,,,,,,,,,,24,,2,,0,,,,,,,,,,,,,,cruem101,loudl101,,,,,,,,,19430729,0,BIR01,v,BIR,0,1,0,exhibition,,
BIR194307290,BIR,2,0,1,1,0,3,0,0,,,,,,,,,,,,,,,,,,,,,,welcw101,value,,,7,13,,,,,,,,,,,,,,,,27,,,5,,,,4,,2,,8,,,,,,,,,27,,0,,0,,,,,,,,,,,,,,mckig101,bellh102,,,,,,,,,19430729,0,BIR01,h,NY6,1,0,0,exhibition,,
BIR194308010,CAG,0,0,0,0,0,0,,,,,,,,,,,,,,,,,,,,,,,,radct101,value,,,0,2,,,0,0,,,,,,,,,,,,18,,,4,,,,2,,,,,,,,,,,,,18,,1,,0,,,,,,,,,,,,,,suttl101,barnh103,,,,,,,,,19430801,0,BIR01,v,BIR,0,1,0,exhibition,,
BIR194308010,BIR,0,2,0,0,0,0,,,,,,,,,,,,,,,,,,,,,,,,welcw101,value,,,2,4,,,,,,,,,,,,,,,,18,,,2,,,0,0,0,,,,,,,,,,,,18,,0,,0,,,,,,,,,,,,,,newbj101,bellh102,,,,,,,,,19430801,0,BIR01,h,CAG,1,0,0,exhibition,,
CI2194308030,BIR,3,0,0,0,0,0,0,0,0,,,,,,,,,,,,,,,,,,,,3,welcw101,value,33,29,3,4,0,0,1,2,1,0,0,3,0,2,2,0,0,0,0,27,0,34,4,0,0,0,2,2,4,0,1,0,0,0,0,0,0,0,0,27,0,0,0,0,0,0,0,0,mornl101,dunna102,speac103,davip102,walkh103,sayla101,hardp102,bellh102,gipsa101,gipsa101,bellh102,sayla101,mornl101,walkh103,davip102,hardp102,dunna102,speac103,,19430803,0,BEL01,v,CI2,1,0,0,regular,y,d
CI2194308030,CI2,0,0,0,0,0,0,0,0,2,,,,,,,,,,,,,,,,,,,,5,wilsf104,value,34,30,2,4,0,0,0,2,0,0,0,4,0,1,0,0,0,0,0,27,0,33,4,0,0,1,3,3,3,0,2,0,0,0,1,0,2,0,0,27,0,0,0,0,0,0,2,0,smith113,sneas101,segrs101,britj104,haywb102,ray-j102,lindl102,lamac101,locke101,locke101,haywb102,lindl102,lamac101,sneas101,smith113,segrs101,ray-j102,britj104,,19430803,0,BEL01,h,BIR,0,1,0,regular,y,d
CI2194308040,BIR,3,0,0,0,0,0,0,0,0,,,,,,,,,,,,,,,,,,,,8,welcw101,value,38,30,3,5,0,0,0,2,0,0,1,7,0,7,4,1,1,0,0,24,0,37,7,0,0,0,5,3,5,1,4,0,0,0,2,0,1,0,0,24,9,3,0,0,0,0,1,0,mornl101,dunna102,speac103,davip102,walkh103,sayla101,hardp102,bellh102,newbj101,newbj101,bellh102,sayla101,mornl101,walkh103,davip102,hardp102,dunna102,speac103,,19430804,0,DAV01,v,CI2,0,1,0,regular,y,d
CI2194308040,CI2,2,0,0,0,0,0,3,0,,,,,,,,,,,,,,,,,,,,,8,wilsf104,value,37,30,5,7,0,0,0,4,2,0,0,5,1,4,1,0,0,0,1,27,0,38,5,0,0,0,3,3,7,0,7,1,1,0,0,0,4,1,1,27,10,1,1,0,1,1,4,1,smith113,sneas101,segrs101,britj104,haywb102,ray-j102,lindl102,lamac101,wilsf104,wilsf104,haywb102,lindl102,lamac101,sneas101,smith113,segrs101,ray-j102,britj104,,19430804,0,DAV01,h,BIR,1,0,0,regular,y,d
BIR194308050,CI2,0,0,0,0,0,0,0,0,0,,,,,,,,,,,,,,,,,,,,1,wilsf104,value,28,28,0,2,0,0,0,0,0,0,0,0,0,8,0,0,0,0,0,24,0,34,9,1,0,0,6,6,1,0,3,0,0,0,0,0,2,0,0,24,11,2,0,0,0,0,2,0,britj104,sneas101,wilsf104,tatug101,haywb102,ray-j102,segrs101,lamac101,henrp101,henrp101,haywb102,tatug101,lamac101,britj104,sneas101,segrs101,ray-j102,wilsf104,,19430805,0,KEW01,v,BIR,0,1,0,regular,y,d
BIR194308050,BIR,0,0,0,3,0,3,0,0,,,,,,,,,,,,,,,,,,,,,4,welcw101,value,34,33,6,9,1,0,0,3,0,0,0,1,0,3,2,0,0,0,0,27,0,28,2,0,0,0,0,0,0,0,8,0,0,0,0,0,0,0,0,27,12,0,0,0,0,0,0,0,mornl101,dunna102,speac103,walkh103,davip102,sayla101,hardp102,bellh102,hubej101,hubej101,bellh102,sayla101,mornl101,walkh103,davip102,hardp102,dunna102,speac103,,19430805,0,KEW01,h,CI2,1,0,0,regular,y,d
BIR194308060,CI2,0,0,0,0,2,0,0,2,0,,,,,,,,,,,,,,,,,,,,10,wilsf104,value,41,36,4,15,0,0,0,4,4,0,0,1,0,0,0,1,1,0,0,27,0,33,7,0,0,0,2,2,1,0,0,0,0,0,0,0,0,1,0,27,16,0,1,0,0,0,0,1,britj104,lamac101,wilsf104,tatug101,nelse102,ray-j102,haywb102,segrs101,sneas101,sneas101,haywb102,tatug101,lamac101,britj104,nelse102,segrs101,ray-j102,wilsf104,,19430806,0,MIL03,v,BIR,1,0,0,regular,y,d
BIR194308060,BIR,0,1,0,0,1,0,0,0,0,,,,,,,,,,,,,,,,,,,,4,welcw101,value,33,32,2,7,0,0,0,2,0,0,0,1,0,0,0,1,1,0,0,27,0,41,15,0,0,0,4,4,1,0,0,0,0,0,4,0,0,1,0,27,18,0,1,0,0,0,0,1,walkh103,sampt101,speac103,lockl101,mornl101,davip102,dunna102,hardp102,sayla101,sayla101,hardp102,dunna102,sampt101,walkh103,davip102,lockl101,mornl101,speac103,,19430806,0,MIL03,h,CI2,0,1,0,regular,y,d
CI2194308070,BIR,1,1,1,0,3,3,0,0,1,,,,,,,,,,,,,,,,,,,,12,welcw101,value,49,38,10,11,0,0,0,,0,,0,11,,,0,,,0,,24,,44,12,0,0,0,15,,7,,,0,0,0,0,,0,,0,24,10,0,0,0,0,0,0,,mornl101,sampt101,speac103,lockl101,davip102,dunna102,walkh103,hardp102,danij103,danij103,hardp102,dunna102,sampt101,walkh103,davip102,lockl101,mornl101,speac103,,19430807,0,APP01,v,CI2,0,1,0,regular,y,
CI2194308070,CI2,2,0,0,8,0,0,2,3,,,,,,,,,,,,,,,,,,,,,5,wilsf104,value,44,37,15,12,0,0,0,,0,,0,7,,,0,,,0,,27,,49,11,0,0,0,10,,11,,,0,0,0,0,,0,,0,27,13,0,0,0,0,0,0,,smith113,ray-j102,tatug101,nelse102,lindl102,britj104,haywb102,segrs101,hallp101,hallp101,haywb102,lindl102,smith113,britj104,nelse102,segrs101,ray-j102,tatug101,,19430807,0,APP01,h,BIR,1,0,0,regular,y,
BIR194308081,CI2,4,0,0,2,0,0,0,0,1,,,,,,,,,,,,,,,,,,,,,wilsf104,value,,,7,13,,1,,,,,,,,,,,,,,24,,,13,,,,10,,,,,,,,,,,,,24,,0,,0,,,,,,,,,,,,,,wilsf104,sneas101,,,,,,,,,19430808,1,MIN05,v,BIR,0,1,0,regular,,
BIR194308081,BIR,0,1,2,0,0,1,5,1,,,,,,,,,,,,,,,,,,,,,,welcw101,value,,,10,13,,,,,,,,,,,,,,,,27,,,13,,1,,7,,,,,,,,,,,,,27,,2,,0,,,,,,,,,,,,,,gipsa101,hardp102,,,,,,,,,19430808,1,MIN05,h,CI2,1,0,0,regular,,
BIR194308082,CI2,2,2,1,2,0,0,0,,,,,,,,,,,,,,,,,,,,,,,wilsf104,value,,,7,13,1,,1,,,,,,,,,,,,,18,,,14,,,,10,,,,,,,,,,,,,18,,2,,0,,,,,,,,,,,,,,sneas101,smitn102,,,,,,,,,19430808,2,MIN05,v,BIR,0,1,0,regular,,
BIR194308082,BIR,1,0,0,7,2,0,,,,,,,,,,,,,,,,,,,,,,,,welcw101,value,,,10,14,,,,,,,,,,,,,,,,21,,,13,1,,1,7,,,,,,,,,,,,,21,,0,,0,,,,,,,,,,,,,,hubej101,bellh102,,,,,,,,,19430808,2,MIN05,h,CI2,1,0,0,regular,,
CI2194308090,BIR,0,1,0,0,0,1,0,0,0,,,,,,,,,,,,,,,,,,,,6,welcw101,value,35,30,2,3,0,0,0,2,2,0,1,2,0,3,0,0,0,0,2,24,0,36,8,2,0,1,6,6,2,0,6,0,0,0,3,0,0,0,0,24,10,1,0,0,0,0,0,0,mclaf102,sampt101,speac103,lockl101,mornl101,davip102,lindl102,hardp102,hubej101,hubej101,hardp102,lindl102,sampt101,lockl101,davip102,mornl101,mclaf102,speac103,,19430809,0,WIN01,v,CI2,0,1,0,regular,y,d
CI2194308090,CI2,0,1,0,0,0,0,0,5,,,,,,,,,,,,,,,,,,,,,6,wilsf104,value,36,31,6,8,2,0,1,6,3,0,0,2,0,6,0,0,0,0,2,27,0,35,3,0,0,0,2,1,2,0,3,1,0,0,2,0,0,0,0,27,13,2,0,0,0,0,0,0,smith113,nelse102,wilsf104,tatug101,britj104,ray-j102,sneas101,lamac101,henrp101,henrp101,sneas101,tatug101,lamac101,britj104,smith113,nelse102,ray-j102,wilsf104,,19430809,0,WIN01,h,BIR,1,0,0,regular,y,d
BIR194308100,CI2,0,0,3,0,0,0,0,2,1,,,,,,,,,,,,,,,,,,,,4,wilsf104,value,37,34,6,7,2,1,0,6,0,0,0,3,0,2,0,0,1,0,3,24,0,33,5,2,0,0,3,2,4,0,5,0,0,0,0,0,0,0,0,24,15,1,1,0,0,0,0,0,smith113,lamac101,tatug101,nelse102,ray-j102,sneas101,britj104,segrs101,locke101,locke101,sneas101,tatug101,lamac101,britj104,smith113,nelse102,ray-j102,segrs101,,19430810,0,WIN01,v,BIR,1,0,0,regular,y,d
BIR194308100,BIR,0,0,2,1,0,0,0,0,,,,,,,,,,,,,,,,,,,,,6,welcw101,value,33,29,3,5,2,0,0,3,0,0,0,4,0,5,0,0,1,0,1,27,0,37,7,2,1,0,6,4,3,0,2,0,0,0,0,0,0,0,0,27,15,4,2,0,0,0,0,0,mclaf102,sampt101,speac103,lockl101,mornl101,davip102,lindl102,bellh102,newbj101,newbj101,bellh102,lindl102,sampt101,lockl101,davip102,mornl101,mclaf102,speac103,,19430810,0,WIN01,h,CI2,0,1,0,regular,y,d
BIR194308112,CI2,0,0,0,2,0,0,0,2,0,,,,,,,,,,,,,,,,,,,,,wilsf104,value,,,4,8,,,2,,,,,,,,,,,,,27,,,8,,,1,4,,,,,,,,,,,,,27,,0,,0,,,,,,,,,,,,,,wilsf104,sneas101,,,,,,,,,19430811,2,WIN01,v,BIR,0,0,1,regular,,
BIR194308112,BIR,0,0,1,0,0,1,2,0,0,,,,,,,,,,,,,,,,,,,,,welcw101,value,,,4,8,,,1,,,,,,,,,,,,,27,,,8,,,2,4,,,,,,,,,,,,,27,,0,,0,,,,,,,,,,,,,,welcw101,bellh102,,,,,,,,,19430811,2,WIN01,h,CI2,0,0,1,regular,,
CI2194308111,BIR,0,0,3,0,0,0,0,2,0,,,,,,,,,,,,,,,,,,,,,welcw101,value,,,5,5,1,,,,,,,,,,,,,,,27,,,8,,,,2,,,,,,,,,,,,,27,,1,,0,,,,,,,,,,,,,,danij103,hardp102,,,,,,,,,19430811,1,WIN01,v,CI2,1,0,0,regular,,
CI2194308111,CI2,0,1,0,0,0,0,0,0,1,,,,,,,,,,,,,,,,,,,,,wilsf104,value,,,2,8,,,,,,,,,,,,,,,,27,,,5,1,,,5,,,,,,,,,,,,,27,,4,,0,,,,,,,,,,,,,,davip103,sneas101,,,,,,,,,19430811,1,WIN01,h,BIR,0,1,0,regular,,
CI2194308120,BIR,0,1,2,0,1,0,0,0,1,,,,,,,,,,,,,,,,,,,,,welcw101,value,,,5,12,,,1,,,,,,,,,,,,,27,,,7,,,,2,,,,,,,,,,,,,27,,2,,0,,,,,,,,,,,,,,sayla101,hardp102,,,,,,,,,19430812,0,MIN05,v,CI2,1,0,0,regular,,
CI2194308120,CI2,1,0,1,0,0,0,0,0,0,,,,,,,,,,,,,,,,,,,,,wilsf104,value,,,2,7,,,,,,,,,,,,,,,,27,,,12,,,1,5,,,,,,,,,,,,,27,,6,,0,,,,,,,,,,,,,,pilll101,haywb102,,,,,,,,,19430812,0,MIN05,h,BIR,0,1,0,regular,,
BIR194308130,CI2,0,0,0,0,0,3,0,0,0,,,,,,,,,,,,,,,,,,,,7,wilsf104,value,37,36,3,9,0,0,0,2,0,0,0,1,0,5,1,0,1,0,1,24,0,39,10,2,0,1,8,8,6,0,4,0,0,0,0,0,0,1,0,24,9,0,0,0,0,0,0,1,smith113,lamac101,segrs101,tatug101,nelse102,ray-j102,britj104,haywb102,sneas101,sneas101,haywb102,tatug101,lamac101,britj104,smith113,nelse102,ray-j102,segrs101,,19430813,0,MIL03,v,BIR,0,1,0,regular,y,d
BIR194308130,BIR,0,0,0,1,0,0,7,0,,,,,,,,,,,,,,,,,,,,,7,welcw101,value,39,33,8,10,2,0,1,8,0,0,0,6,0,4,0,1,0,0,0,27,0,37,9,0,0,0,3,3,1,0,5,0,0,0,0,0,1,0,0,27,12,1,1,0,0,0,1,0,mornl101,sampt101,lockl101,davip102,dunna102,lindl102,walkh103,bellh102,hubej101,hubej101,bellh102,lindl102,sampt101,walkh103,davip102,lockl101,mornl101,dunna102,,19430813,0,MIL03,h,CI2,1,0,0,regular,y,d
BIR194308152,MEM,0,3,0,0,0,0,,,,,,,,,,,,,,,,,,,,,,,,browl107,value,,,3,8,,,,1,,,,2,,,2,,,,,18,,,7,,,,3,1,,,,,,,1,1,,,,18,,1,,0,,,,,,,,,,,,,,mossp101,browl107,,,,,,,,,19430815,2,CHI11,v,BIR,0,0,1,regular,,
BIR194308152,BIR,1,0,1,0,0,1,,,,,,,,,,,,,,,,,,,,,,,,welcw101,value,,,3,7,,,,3,1,1,,,,,,,,,,18,,,8,,,,3,2,2,,,,,,,,,,,18,,1,,0,,,,,,,,,,,,,,gipsa101,bellh102,,,,,,,,,19430815,2,CHI11,h,MEM,0,0,1,regular,,
BIR194308181,MEM,0,0,0,0,0,0,0,0,0,0,,,,,,,,,,,,,,,,,,,,browl107,value,,,0,5,,,0,0,,0,,,,2,,,,,,28,,,5,,,0,1,,1,,8,,,,,1,,,,28,,,,0,,,,,,,,,,,,,,mathv101,,,,,,,,,,19430818,1,CIN07,v,BIR,0,1,0,regular,,
BIR194308181,BIR,0,0,0,0,0,0,0,0,0,1,,,,,,,,,,,,,,,,,,,,welcw101,value,,,1,5,,,0,1,,1,,1,,8,,,,,,30,,,5,,,0,0,0,,,2,,,,,0,,,,30,,,,0,,,,,,,,,,,,,,sayla101,,,,,,,,,,19430818,1,CIN07,h,MEM,1,0,0,regular,,
BIR194308182,MEM,0,0,0,0,0,,,,,,,,,,,,,,,,,,,,,,,,,browl107,value,,,0,,,,0,0,,0,,,,,,,,,,15,,,,,,,5,,,,,,,,,,,,,15,,,,0,,,,,,,,,,,,,,hutcw101,,,,,,,,,,19430818,2,CIN07,v,BIR,0,1,0,regular,,
BIR194308182,BIR,0,4,1,0,0,,,,,,,,,,,,,,,,,,,,,,,,,welcw101,value,,,5,,,,,,,,,,,,,,,,,15,,,,,,0,0,0,,,,,,,,0,,,,15,,,,0,,,,,,,,,,,,,,mckig101,,,,,,,,,,19430818,2,CIN07,h,MEM,1,0,0,regular,,
BIR194308190,BLG,0,0,0,0,0,0,0,0,1,,,,,,,,,,,,,,,,,,,,,scalg101,value,,,1,6,,,,,,,,,,,,,,,,24,,,3,,,,5,,,,,,,,,,,,,24,,3,,0,,,,,,,,,,,,,,burnw102,clarb107,,,,,,,,,19430819,0,COL05,v,BIR,0,1,0,exhibition,,
BIR194308190,BIR,0,1,1,0,3,0,0,0,x,,,,,,,,,,,,,,,,,,,,,welcw101,value,,,5,3,,,,,,,,,,,,,,,,27,,,6,,,,1,,,,,,,,,,,,,27,,2,,0,,,,,,,,,,,,,,hubej101,hardp102,,,,,,,,,19430819,0,COL05,h,BLG,1,0,0,exhibition,,
PH5194308210,BIR,2,0,1,0,0,1,1,0,0,,,,,,,,,,,,,,,,,,,,7,welcw101,value,39,33,5,5,2,0,0,5,1,0,0,5,0,0,1,0,0,0,2,27,0,38,7,2,1,0,1,1,2,1,20,0,0,0,0,0,0,0,0,27,6,2,0,0,0,0,0,0,speac103,sampt101,lockl101,davip102,dunna102,lindl102,walkh103,bellh102,gipsa101,gipsa101,bellh102,lindl102,sampt101,walkh103,davip102,lockl101,dunna102,speac103,,19430821,0,PHI17,v,PH5,1,0,0,exhibition,y,d
PH5194308210,PH5,0,0,0,0,0,1,0,0,0,,,,,,,,,,,,,,,,,,,,10,currg102,value,38,36,1,7,2,1,0,1,0,0,0,2,1,20,0,0,0,0,2,27,0,39,5,2,0,0,5,4,5,0,0,0,0,0,1,0,1,0,0,27,11,2,0,0,0,0,1,0,browb107,willm107,currg102,bensg101,westj102,speah101,cashb101,johnj113,evanb105,evanb105,cashb101,westj102,johnj113,speah101,willm107,currg102,bensg101,browb107,,19430821,0,PHI17,h,BIR,0,1,0,exhibition,y,d
NY5194308221,BIR,1,0,0,0,0,0,0,0,2,,,,,,,,,,,,,,,,,,,,6,welcw101,value,36,32,3,7,0,0,1,3,2,,0,2,,0,0,,,0,,27,,31,6,0,1,0,1,1,1,,0,0,0,0,0,,0,,0,27,13,0,1,0,0,0,0,,mclaf102,sampt101,speac103,lockl101,davip102,lindl102,walkh103,bellh102,markj101,markj101,bellh102,lindl102,sampt101,walkh103,davip102,lockl101,mclaf102,speac103,,19430822,1,NYC16,v,NY5,1,0,0,exhibition,y,
NY5194308221,NY5,0,0,0,0,1,0,0,0,0,,,,,,,,,,,,,,,,,,,,3,willh105,value,31,30,1,6,0,1,0,1,0,,0,1,,0,0,,,0,,27,,36,7,0,0,1,3,3,2,,0,0,0,0,2,,0,,2,27,11,1,0,0,2,0,0,,baker101,millf106,barkm101,willh105,everj103,adame101,clayz101,kempg102,stann101,stann101,kempg102,clayz101,willh105,millf106,baker101,everj103,barkm101,adame101,,19430822,1,NYC16,h,BIR,0,1,0,exhibition,y,
NY6194308222,BIR,0,0,0,0,0,0,0,0,0,,,,,,,,,,,,,,,,,,,,6,welcw101,value,33,33,0,5,0,0,0,0,0,,0,0,0,0,0,,,0,,24,,32,9,0,0,1,5,5,1,0,0,2,0,0,0,0,0,,0,24,14,0,1,0,0,0,0,,mclaf102,cornu101,speac103,lockl101,davip102,lindl102,walkh103,hardp102,mckig101,mckig101,hardp102,lindl102,cornu101,walkh103,davip102,lockl101,mclaf102,speac103,,19430822,2,NYC16,v,NY6,0,1,0,exhibition,y,
NY6194308222,NY6,0,1,0,3,1,0,0,0,,,,,,,,,,,,,,,,,,,,,3,fernj101,value,32,29,5,9,3,0,1,5,0,0,2,1,0,0,0,,,0,,27,,33,5,0,0,0,0,0,0,0,0,0,0,0,0,,0,,0,27,,1,0,0,0,0,0,,martr105,thomd104,perej103,coimp101,linar101,cox-r102,brooa101,loudl101,barnd101,barnd101,loudl101,thomd104,perej103,cox-r102,martr105,brooa101,brooa101,coimp101,,19430822,2,NYC16,h,BIR,1,0,0,exhibition,y,
CVB194308280,BIR,3,0,0,2,0,2,1,4,0,0,,,,,,,,,,,,,,,,,,,,welcw101,value,,,12,14,,,,,,,,,,,,,,,,30,,,11,,,,12,,,,,,,,,,,,,30,,3,,0,,,,,,,,,,,,,,willj112,hardp102,,,,,,,,,19430828,0,DAY03,v,CVB,0,0,1,regular,,
CVB194308280,CVB,2,0,0,4,0,3,0,3,0,0,,,,,,,,,,,,,,,,,,,,woodp104,value,,,12,11,,,,,,,,,,,,,,,,30,,,14,,,,12,,,,,,,,,,,,,30,,2,,0,,,,,,,,,,,,,,davis106,britg103,,,,,,,,,19430828,0,DAY03,h,BIR,0,0,1,regular,,
CVB194308291,BIR,0,0,0,0,1,0,2,0,0,,,,,,,,,,,,,,,,,,,,8,welcw101,value,38,33,3,8,3,0,0,2,2,0,0,3,0,7,0,1,0,0,1,27,0,34,6,0,0,0,1,1,4,0,5,0,0,0,1,0,0,1,0,27,7,1,2,0,0,0,0,1,mclaf102,sampt101,speac103,lockl101,davip102,lindl102,walkh103,hardp102,mckig101,mckig101,hardp102,lindl102,sampt101,walkh103,davip102,lockl101,mclaf102,speac103,,19430829,1,CLE06,v,CVB,1,0,0,regular,y,d
CVB194308291,CVB,0,1,0,0,0,0,0,0,0,,,,,,,,,,,,,,,,,,,,6,woodp104,value,34,29,1,6,0,0,0,1,1,0,0,4,0,5,0,1,1,0,0,27,0,38,8,3,0,0,3,0,3,0,7,0,0,0,2,0,0,1,0,27,17,3,0,0,0,0,0,1,jeths101,clevd101,woodp104,hundj101,warea101,hornb101,turnh101,gracw101,smitt105,smitt105,turnh101,warea101,jeths101,woodp104,hornb101,clevd101,gracw101,hundj101,,19430829,1,CLE06,h,BIR,0,1,0,regular,y,d
CVB194308292,BIR,0,0,0,1,1,1,1,,,,,,,,,,,,,,,,,,,,,,5,welcw101,value,30,28,4,10,3,0,0,4,0,0,0,2,0,4,0,0,1,0,1,20,0,28,5,0,1,0,5,5,1,0,1,0,0,0,1,0,0,0,0,20,7,2,0,0,0,0,0,0,mclaf102,sampt101,speac103,lockl101,davip102,lindl102,walkh103,bellh102,gipsa101,gipsa101,bellh102,lindl102,sampt101,walkh103,davip102,lockl101,mclaf102,speac103,,19430829,2,CLE06,v,CVB,0,1,0,regular,y,d
CVB194308292,CVB,0,0,3,0,0,0,2,,,,,,,,,,,,,,,,,,,,,,3,woodp104,value,28,26,5,5,0,1,0,5,1,0,0,1,0,1,0,0,0,0,2,21,0,30,10,3,0,0,4,4,2,0,4,0,0,0,0,0,0,0,0,21,10,0,1,0,0,0,0,0,jeths101,clevd101,woodp104,hundj101,warea101,hornb101,turnh101,gracw101,breme101,breme101,turnh101,warea101,jeths101,woodp104,hornb101,clevd101,gracw101,hundj101,,19430829,2,CLE06,h,BIR,1,0,0,regular,y,d
CVB194309010,BIR,,,,,,,,,,,,,,,,,,,,,,,,,,,,,,welcw101,value,,,4,,,,,,,,,,,,,,,,,24,,,,,,,5,,,,,,,,,,,,,24,,,,0,,,,,,,,,,,,,,,,,,,,,,,,19430901,0,NIA01,v,CVB,0,1,0,regular,,
CVB194309010,CVB,,,,,,,,,,,,,,,,,,,,,,,,,,,,,,woodp104,value,,,5,,,,,,,,,,,,,,,,,27,,,,,,,4,,,,,,,,,,,,,27,,,,0,,,,,,,,,,,,,,,,,,,,,,,,19430901,0,NIA01,h,BIR,1,0,0,regular,,
PH5194309040,BIR,1,0,0,1,0,0,0,0,0,,,,,,,,,,,,,,,,,,,,6,welcw101,value,35,35,2,10,1,0,0,1,0,,0,,,,0,,,0,,24,,41,10,1,3,0,9,,3,0,,0,0,0,0,,2,,0,24,15,0,0,0,0,0,2,,speac103,sampt101,dunna102,lockl101,davip102,lindl102,walkh103,bellh102,gipsa101,gipsa101,bellh102,lindl102,sampt101,walkh103,davip102,lockl101,dunna102,speac103,,19430904,0,PHI17,v,PH5,0,1,0,exhibition,y,
PH5194309040,PH5,0,0,0,0,1,1,0,7,,,,,,,,,,,,,,,,,,,,,8,currg102,value,41,38,9,10,1,3,0,,0,,0,3,0,,2,,,0,,27,,35,10,1,0,0,2,,,,,0,0,0,0,,0,,0,27,16,2,0,0,0,0,0,,browb107,parnr102,bensg101,westj102,speah101,cashb101,willm107,morts102,buchc101,buchc101,cashb101,westj102,morts102,speah101,willm107,parnr102,bensg101,browb107,,19430904,0,PHI17,h,BIR,1,0,0,exhibition,y,
BLG194309051,BIR,0,0,0,0,0,1,2,1,0,0,0,0,,,,,,,,,,,,,,,,,14,welcw101,value,54,46,4,10,1,0,0,4,2,0,1,5,0,10,2,0,0,0,2,35,0,47,10,2,2,0,5,4,4,0,4,0,0,0,1,0,0,1,0,35,14,2,2,0,0,0,0,1,mclaf102,sampt101,speac103,lockl101,davip102,lindl102,walkh103,hardp102,markj101,markj101,hardp102,lindl102,sampt101,walkh103,davip102,lockl101,mclaf102,speac103,,19430905,1,BAL14,v,BLG,0,1,0,exhibition,y,d
BLG194309051,BLG,2,0,0,0,0,0,1,1,0,0,0,1,,,,,,,,,,,,,,,,,7,scalg101,value,47,42,5,10,2,2,0,4,1,0,0,4,0,4,0,1,2,0,2,36,0,54,10,1,0,0,4,3,5,0,10,1,0,0,2,0,2,0,0,36,15,4,0,0,0,0,2,0,kimbh102,snowf101,chrit101,barbb102,russf101,jonej109,clarb107,dennd102,glovt101,glovt101,clarb107,barbb102,russf101,snowf101,dennd102,chrit101,kimbh102,jonej109,,19430905,1,BAL14,h,BIR,1,0,0,exhibition,y,d
BLG194309052,BIR,1,0,3,6,2,0,0,,,,,,,,,,,,,,,,,,,,,,5,welcw101,value,38,38,12,18,2,1,1,9,0,,0,0,0,3,0,,0,0,,21,,29,7,0,0,0,2,,3,,4,0,0,0,0,,0,,0,21,8,1,2,0,0,0,0,,mclaf102,sampt101,speac103,lockl101,davip102,lindl102,dunna102,hardp102,sayla101,sayla101,hardp102,lindl102,sampt101,lockl101,davip102,dunna102,mclaf102,speac103,,19430905,2,BAL14,v,BLG,1,0,0,exhibition,y,
BLG194309052,BLG,0,0,0,0,2,0,0,,,,,,,,,,,,,,,,,,,,,,6,scalg101,value,29,26,2,7,0,0,0,2,0,,0,3,,4,0,,2,0,,21,,38,18,2,1,1,12,,0,0,3,0,0,0,0,,0,,0,21,9,4,0,0,0,0,0,,kimbh102,snowf101,chrit101,barbb102,russf101,jonej109,dennd102,makew101,stewo101,stewo101,makew101,barbb102,russf101,snowf101,dennd102,chrit101,kimbh102,jonej109,,19430905,2,BAL14,h,BIR,0,1,0,exhibition,y,
HOM194309060,BIR,0,0,0,1,0,1,0,0,0,0,0,0,,,,,,,,,,,,,,,,,7,welcw101,value,45,41,2,9,1,1,0,1,1,0,0,3,0,3,0,0,2,0,0,35,0,50,13,3,0,0,3,3,3,0,2,1,0,0,0,0,4,1,0,35,14,3,1,0,0,0,4,1,mclaf102,sampt101,speac103,lockl101,davip102,lindl102,walkh103,hardp102,mckig101,mckig101,hardp102,lindl102,sampt101,walkh103,davip102,lockl101,mclaf102,speac103,,19430906,0,WAS09,v,HOM,0,1,0,exhibition,y,d
HOM194309060,HOM,0,0,0,0,0,1,0,0,1,0,0,1,,,,,,,,,,,,,,,,,12,taylj105,value,50,46,3,13,3,0,0,3,0,0,1,3,0,2,4,1,1,0,0,36,0,45,9,1,1,0,2,1,3,0,3,0,0,0,1,0,0,0,0,36,21,2,3,0,0,0,0,0,bellj103,benjj101,leonb101,gibsj101,easth104,banks101,wilsj106,harrv102,browr103,browr103,gibsj101,leonb101,easth104,wilsj106,banks101,bellj103,benjj101,harrv102,,19430906,0,WAS09,h,BIR,1,0,0,exhibition,y,d
HOM194309070,BIR,0,0,0,0,0,0,0,0,0,,,,,,,,,,,,,,,,,,,,5,welcw101,value,32,31,0,4,0,0,0,0,0,0,0,1,0,1,0,0,0,0,0,24,0,36,7,0,1,1,7,4,3,0,6,0,0,0,1,0,0,0,0,24,8,2,0,0,0,0,0,0,mclaf102,sampt101,speac103,lockl101,davip102,lindl102,walkh103,hardp102,gipsa101,gipsa101,hardp102,lindl102,sampt101,walkh103,davip102,lockl101,speac103,mclaf102,,19430907,0,PIT06,v,HOM,0,1,0,exhibition,y,d
HOM194309070,HOM,1,0,5,1,0,0,0,0,,,,,,,,,,,,,,,,,,,,,5,taylj105,value,36,32,7,7,0,1,1,7,1,0,0,3,0,6,0,0,0,0,2,27,0,32,4,0,0,0,0,0,1,0,1,0,0,0,0,0,0,0,0,27,13,0,0,0,0,0,0,0,bellj103,benjj101,leonb101,gibsj101,easth104,banks101,wilsj106,harrv102,carts102,carts102,gibsj101,leonb101,easth104,wilsj106,banks101,bellj103,benjj101,harrv102,,19430907,0,PIT06,h,BIR,1,0,0,exhibition,y,d
CI2194309080,BIR,0,0,2,0,0,0,0,0,2,,,,,,,,,,,,,,,,,,,,8,welcw101,value,39,37,4,11,2,0,0,4,0,0,0,2,0,4,1,1,0,0,0,27,0,37,6,0,0,0,3,3,6,0,6,1,0,0,0,0,4,2,0,27,2,1,1,0,0,0,4,2,mclaf102,sampt101,speac103,lockl101,davip102,lindl102,walkh103,bellh102,danij103,danij103,bellh102,lindl102,sampt101,walkh103,davip102,lockl101,mclaf102,speac103,,19430908,0,CIN07,v,CI2,1,0,0,regular,y,d
CI2194309080,CI2,1,0,0,0,0,1,0,0,1,,,,,,,,,,,,,,,,,,,,7,wilsf104,value,37,30,3,6,0,0,0,3,0,0,1,6,0,6,4,2,1,0,0,27,0,39,11,2,0,0,4,4,2,0,4,0,0,0,0,0,1,1,0,27,0,3,0,0,0,0,1,1,smith113,merch101,wilsf104,tatug101,ray-j102,britj104,lamac101,haywb102,davip103,davip103,haywb102,tatug101,lamac101,britj104,smith113,merch101,ray-j102,wilsf104,,19430908,0,CIN07,h,BIR,0,1,0,regular,y,d
CI2194309090,BIR,,,,,,,,,,,,,,,,,,,,,,,,,,,,,,welcw101,value,,,5,7,,,,,,,,,,,,,,,,27,,,7,,,,2,,,,,,,,,,,,,27,,,,0,,,,,,,,,,,,,,markj101,,,,,,,,,,19430909,0,TOL05,v,CI2,1,0,0,exhibition,,
CI2194309090,CI2,,,,,,,,,,,,,,,,,,,,,,,,,,,,,,wilsf104,value,,,2,7,,,,,,,,,,,,,,,,27,,,7,,,,5,,,,,,,,,,,,,27,,,,0,,,,,,,,,,,,,,henrp101,,,,,,,,,,19430909,0,TOL05,h,BIR,0,1,0,exhibition,,
CAG194309130,BIR,,,,,,,,,,,,,,,,,,,,,,,,,,,,,,welcw101,value,,,2,5,,,,,,,,,,,,,,,,26,,,5,,,,3,3,,,,,,,,,,,,26,,,,0,,,,,,,,,,,,,,mckig101,,,,,,,,,,19430913,0,TOL05,v,CAG,0,1,0,lcs,,
CAG194309130,CAG,,,,,,,,,2,,,,,,,,,,,,,,,,,,,,,radct101,value,,,3,5,,,,,,,,,,,,,,,,27,,,5,,,,2,2,,,,,,,,,,,,27,,,,0,,,,,,,,,,,,,,jessg101,,,,,,,,,,19430913,0,TOL05,h,BIR,1,0,0,lcs,,
CAG194309140,BIR,,,,,,,,,,,,,,,,,,,,,,,,,,,,,,welcw101,value,,,16,,,,,,,,,,,,,,,,,27,,,5,,,,5,,,,,,,,,,,,,27,,,,0,,,,,,,,,,,,,,markj101,,,,,,,,,,19430914,0,COL05,v,CAG,1,0,0,lcs,,
CAG194309140,CAG,,,,,,,,,,,,,,,,,,,,,,,,,,,,,,radct101,value,,,5,5,,,,,,,,,,,,,,,,27,,,,,,,16,,,,,,,,,,,,,27,,,,0,,,,,,,,,,,,,,,,,,,,,,,,19430914,0,COL05,h,BIR,0,1,0,lcs,,
CAG194309150,BIR,3,0,0,0,0,0,0,1,0,,,,,,,,,,,,,,,,,,,,,welcw101,value,,,4,7,,,0,,,,,,,,,,,,,24,,,11,,,2,5,,,,,,,,,,,,,24,,3,2,0,,,,,,,,,,,,,,gipsa101,bellh102,,,,,,,,,19430915,0,DAY03,v,CAG,0,1,0,lcs,,
CAG194309150,CAG,2,0,0,0,0,0,2,1,x,,,,,,,,,,,,,,,,,,,,,radct101,value,,,5,11,,,2,,,,,,,,,,,,,27,,,7,,,0,4,,,,,,,,,,,,,27,,2,1,0,,,,,,,,,,,,,,cornw101,radct101,,,,,,,,,19430915,0,DAY03,h,BIR,1,0,0,lcs,,
BIR194309170,CAG,0,0,0,0,0,0,0,1,0,,,,,,,,,,,,,,,,,,,,4,radct101,value,32,31,1,8,0,0,0,0,1,0,0,0,0,2,0,2,0,0,1,24,0,34,10,1,1,0,4,4,3,0,2,0,0,0,3,0,0,2,0,24,15,0,0,0,0,0,0,2,davel102,wyatr101,penna101,youne102,radca101,smitj112,bissj101,radct101,jessg101,jessg101,radct101,youne102,penna101,radca101,wyatr101,bissj101,davel102,smitj112,,19430917,0,MTG01,v,BIR,0,1,0,lcs,y,d
BIR194309170,BIR,0,0,0,1,1,0,1,1,,,,,,,,,,,,,,,,,,,,,6,welcw101,value,34,28,4,10,1,1,0,4,3,0,0,3,0,2,0,2,0,0,0,27,0,32,8,0,0,0,1,0,0,0,2,0,0,0,1,0,0,2,0,27,21,2,0,0,0,0,0,2,mclaf102,sampt101,speac103,lockl101,davip102,lindl102,walkh103,bellh102,sayla101,sayla101,bellh102,lindl102,sampt101,walkh103,davip102,lockl101,mclaf102,speac103,,19430917,0,MTG01,h,CAG,1,0,0,lcs,y,d
BIR194309190,CAG,0,0,0,0,0,0,0,0,0,,,,,,,,,,,,,,,,,,,,2,radct101,value,29,28,0,1,0,0,0,0,0,0,0,1,0,4,0,0,0,0,0,24,0,28,4,0,0,0,1,1,0,0,3,1,0,0,0,0,0,0,0,24,10,0,1,0,0,0,0,0,wyatr101,davel102,penna101,youne102,radca101,smitj112,bissj101,radct101,jessg101,jessg101,radct101,youne102,penna101,radca101,wyatr101,smitj112,davel102,bissj101,,19430919,0,BIR01,v,BIR,0,1,0,lcs,y,d
BIR194309190,BIR,0,1,0,0,0,0,0,0,,,,,,,,,,,,,,,,,,,,,3,welcw101,value,28,27,1,4,0,0,0,1,0,0,1,0,0,3,0,0,1,0,0,27,0,29,1,0,0,0,0,0,1,0,4,0,0,0,0,0,0,0,0,27,9,0,0,0,0,0,0,0,mclaf102,sampt101,speac103,lockl101,davip102,lindl102,walkh103,bellh102,hubej101,hubej101,bellh102,lindl102,sampt101,walkh103,davip102,lockl101,mclaf102,speac103,,19430919,0,BIR01,h,CAG,1,0,0,lcs,y,d
HOM194309210,BIR,2,0,0,1,0,0,1,0,0,,,,,,,,,,,,,,,,,,,,8,welcw101,value,39,35,4,11,3,0,0,2,0,0,0,4,0,10,2,1,2,0,1,27,0,33,5,0,1,0,2,2,4,0,4,0,0,0,0,0,1,0,0,27,13,0,1,0,0,0,1,0,mclaf102,sampt101,speac103,lockl101,davip102,lindl102,walkh103,radct101,sayla101,sayla101,radct101,lindl102,sampt101,walkh103,davip102,lockl101,mclaf102,speac103,,19430921,0,WAS09,v,HOM,1,0,0,championship,y,d
HOM194309210,HOM,1,0,0,0,0,0,0,0,1,,,,,,,,,,,,,,,,,,,,4,taylj105,value,33,29,2,5,0,1,0,2,0,0,0,4,0,4,1,0,1,0,0,27,0,39,11,3,0,0,4,2,4,0,10,0,0,0,0,0,2,1,1,27,12,3,2,0,1,0,2,1,bellj103,benjj101,leonb101,gibsj101,easth104,banks101,wilsj106,harrv102,wrigj105,wrigj105,gibsj101,leonb101,easth104,wilsj106,banks101,bellj103,benjj101,harrv102,,19430921,0,WAS09,h,BIR,0,1,0,championship,y,d
HOM194309230,BIR,0,0,0,2,0,2,0,1,0,0,0,0,,,,,,,,,,,,,,,,,11,welcw101,value,52,45,5,12,3,0,0,5,1,0,0,6,0,8,0,0,1,0,0,36,0,58,12,3,0,0,5,4,5,0,5,2,0,1,2,0,1,0,2,36,21,4,1,0,2,0,1,0,mclaf102,sampt101,speac103,lockl101,davip102,lindl102,steee102,radct101,jessg101,jessg101,radct101,lindl102,sampt101,lockl101,davip102,steee102,mclaf102,speac103,,19430923,0,BAL14,v,HOM,0,0,1,championship,y,d
HOM194309230,HOM,0,0,2,0,0,0,2,0,1,0,0,0,,,,,,,,,,,,,,,,,17,taylj105,value,58,49,5,12,3,0,0,4,2,0,2,5,0,5,1,0,0,0,4,36,0,52,12,3,0,0,5,5,6,0,8,0,0,0,1,0,0,0,0,36,19,1,2,0,0,0,0,0,bellj103,benjj101,leonb101,gibsj101,easth104,banks101,wilsj106,harrv102,carts102,carts102,gibsj101,leonb101,easth104,wilsj106,banks101,bellj103,benjj101,harrv102,,19430923,0,BAL14,h,BIR,0,0,1,championship,y,d
HOM194309240,BIR,0,0,0,0,0,3,0,0,0,0,0,,,,,,,,,,,,,,,,,,5,welcw101,value,41,39,3,5,0,0,0,1,0,0,0,2,0,5,0,0,0,0,1,31,0,46,9,0,0,0,4,1,5,1,1,0,0,0,2,0,2,0,0,31,11,4,0,0,0,0,2,0,mclaf102,sampt101,speac103,lockl101,davip102,lindl102,walkh103,radct101,markj101,markj101,radct101,lindl102,sampt101,walkh103,davip102,lockl101,mclaf102,speac103,,19430924,0,WAS09,v,HOM,0,1,0,championship,y,d
HOM194309240,HOM,0,3,0,0,0,0,0,0,0,0,1,,,,,,,,,,,,,,,,,,11,taylj105,value,46,39,4,9,0,0,0,2,2,0,0,5,1,1,2,0,0,0,1,33,0,41,5,0,0,0,3,1,2,0,5,0,0,0,0,0,0,0,0,33,15,2,0,0,0,0,0,0,bellj103,benjj101,leonb101,wilsj106,easth104,banks101,harrv102,gastr101,partr102,partr102,gastr101,leonb101,easth104,wilsj106,banks101,bellj103,benjj101,harrv102,,19430924,0,WAS09,h,BIR,1,0,0,championship,y,d
BIR194309260,HOM,0,1,1,0,1,6,0,0,0,,,,,,,,,,,,,,,,,,,,8,taylj105,value,44,38,9,10,2,1,0,9,1,0,0,5,1,3,2,0,0,0,2,27,0,35,5,1,0,0,0,0,6,0,3,0,0,0,1,0,1,1,0,27,14,0,2,0,0,0,1,1,bellj103,benjj101,leonb101,gibsj101,easth104,banks101,wilsj106,harrv102,wrigj105,wrigj105,gibsj101,leonb101,easth104,wilsj106,banks101,bellj103,benjj101,harrv102,,19430926,0,CHI10,v,BIR,1,0,0,championship,y,d
BIR194309260,BIR,0,0,0,0,0,0,0,0,0,,,,,,,,,,,,,,,,,,,,8,welcw101,value,35,28,0,5,1,0,0,0,1,0,0,6,0,3,1,1,1,0,0,27,0,44,10,2,1,0,9,7,5,1,3,0,0,0,1,0,2,0,0,27,10,3,0,0,0,0,2,0,mclaf102,sampt101,speac103,lockl101,davip102,lindl102,walkh103,radct101,mckig101,mckig101,radct101,lindl102,sampt101,walkh103,davip102,lockl101,mclaf102,speac103,,19430926,0,CHI10,h,HOM,0,1,0,championship,y,d
BIR194309280,HOM,0,2,0,2,2,0,0,4,0,,,,,,,,,,,,,,,,,,,,,taylj105,value,,,10,11,,,1,,,,,,,,,,,,,24,,,16,,,,11,,,,,,,,,,,,,24,,3,,0,,,,,,,,,,,,,,browr103,gibsj101,,,,,,,,,19430928,0,COL05,v,BIR,0,1,0,championship,,
BIR194309280,BIR,1,0,0,1,4,0,5,0,x,,,,,,,,,,,,,,,,,,,,,welcw101,value,,,11,16,,,,,,,,,,,,,,,,27,,,11,,,1,10,,,,,,,,,,,,,27,,7,,0,,,,,,,,,,,,,,gipsa101,radct101,,,,,,,,,19430928,0,COL05,h,HOM,1,0,0,championship,,
BIR194309290,HOM,0,0,0,1,2,0,5,0,0,,,,,,,,,,,,,,,,,,,,11,taylj105,value,46,39,8,8,0,0,0,6,0,0,0,7,0,6,3,0,0,0,4,27,0,36,8,0,0,0,0,0,3,0,4,0,0,0,0,0,1,1,0,27,9,1,1,0,0,0,1,1,bellj103,benjj101,leonb101,gibsj101,easth104,wilsj106,harrv102,wyatr101,wrigj105,wrigj105,gibsj101,leonb101,easth104,wilsj106,wyatr101,bellj103,benjj101,harrv102,,19430929,0,IND10,v,BIR,1,0,0,championship,y,d
BIR194309290,BIR,0,0,0,0,0,0,0,0,0,,,,,,,,,,,,,,,,,,,,9,welcw101,value,36,33,0,8,0,0,0,0,0,0,0,3,0,4,1,1,0,0,0,27,0,46,8,0,0,0,8,3,7,0,6,0,0,0,0,0,3,0,0,27,9,4,0,0,0,0,3,0,mclaf102,sampt101,speac103,lockl101,davip102,radct101,lindl102,walkh103,mckig101,mckig101,radct101,lindl102,sampt101,walkh103,davip102,lockl101,mclaf102,speac103,,19430929,0,IND10,h,HOM,0,1,0,championship,y,d
BIR194310030,HOM,0,0,0,0,0,0,0,0,0,0,0,,,,,,,,,,,,,,,,,,7,taylj105,value,40,38,0,8,1,0,0,0,1,0,0,1,0,2,0,0,1,0,0,32,0,44,10,1,1,0,1,1,2,0,6,0,0,0,0,0,0,1,0,32,13,1,0,0,0,0,0,1,bellj103,benjj101,leonb101,gibsj101,easth104,wilsj106,harrv102,wyatr101,partr102,partr102,gibsj101,leonb101,easth104,wilsj106,wyatr101,bellj103,benjj101,harrv102,,19431003,0,BIR01,v,BIR,0,1,0,championship,y,d
BIR194310030,BIR,0,0,0,0,0,0,0,0,0,0,1,,,,,,,,,,,,,,,,,,11,welcw101,value,44,42,1,10,1,1,0,1,0,0,0,2,0,6,0,1,0,0,1,33,0,40,8,1,0,0,0,0,1,0,2,0,0,0,1,0,0,0,0,33,16,1,1,0,0,0,0,0,mclaf102,sampt101,speac103,lockl101,davip102,radct101,lindl102,walkh103,markj101,markj101,radct101,lindl102,sampt101,walkh103,davip102,lockl101,mclaf102,speac103,,19431003,0,BIR01,h,HOM,1,0,0,championship,y,d
BIR194310050,HOM,1,0,0,0,0,1,0,4,2,,,,,,,,,,,,,,,,,,,,7,taylj105,value,42,35,8,12,3,1,0,7,3,0,0,4,0,0,1,0,1,0,2,27,0,40,8,0,0,0,4,3,3,0,9,1,0,0,0,0,1,0,0,27,11,2,0,0,0,0,1,0,bellj103,benjj101,leonb101,gibsj101,easth104,wilsj106,harrv102,banks101,wrigj105,wrigj105,gibsj101,leonb101,easth104,wilsj106,banks101,bellj103,benjj101,harrv102,,19431005,0,MTG01,v,BIR,1,0,0,championship,y,d
BIR194310050,BIR,0,0,2,0,1,1,0,0,0,,,,,,,,,,,,,,,,,,,,9,welcw101,value,40,36,4,8,0,0,0,3,0,0,1,3,0,9,1,0,0,0,1,27,0,42,12,3,1,0,8,6,4,0,0,0,0,0,3,0,1,0,0,27,18,4,2,0,0,0,1,0,mclaf102,sampt101,speac103,lockl101,steee102,davip102,radct101,lindl102,sayla101,sayla101,radct101,lindl102,sampt101,lockl101,davip102,steee102,mclaf102,speac103,,19431005,0,MTG01,h,HOM,0,1,0,championship,y,d
BIR194310070,HOM,0,2,0,0,0,0,0,0,0,,,,,,,,,,,,,,,,,,,,8,taylj105,value,37,33,2,7,1,0,0,2,0,,0,4,,3,0,,1,,,24,,40,12,1,0,0,6,,4,,5,0,1,0,2,,3,,2,24,10,2,1,0,2,1,3,,bellj103,benjj101,leonb101,wilsj106,easth104,harrv102,banks101,gastr101,wrigj105,wrigj105,gastr101,leonb101,easth104,wilsj106,banks101,bellj103,benjj101,harrv102,,19431007,0,BIR01,v,BIR,0,1,0,exhibition,y,
BIR194310070,BIR,0,0,0,1,1,1,3,0,x,,,,,,,,,,,,,,,,,,,,10,welcw101,value,40,34,6,12,1,0,0,4,2,,0,4,,5,3,,0,,,27,,37,7,1,0,0,2,,4,,3,0,0,0,0,,0,,0,27,20,3,0,0,0,0,0,,mclaf102,sampt101,speac103,lockl101,steee102,davip102,dunna102,radct101,jessg101,jessg101,radct101,dunna102,sampt101,lockl101,davip102,steee102,mclaf102,speac103,,19431007,0,BIR01,h,HOM,1,0,0,exhibition,y,
BIR194310100,HOM,3,3,0,1,2,0,0,0,0,,,,,,,,,,,,,,,,,,,,16,taylj105,value,52,45,9,14,1,0,0,0,0,,3,4,,5,0,,,,,27,,43,9,1,0,2,4,0,5,,3,0,0,0,0,,0,,0,27,10,2,0,0,0,0,0,,bellj103,benjj101,harrv102,gibsj101,easth104,wilsj106,banks101,carlm101,carts102,carts102,gibsj101,wilsj106,carlm101,easth104,banks101,bellj103,benjj101,harrv102,,19431010,0,BIR01,v,BIR,1,0,0,exhibition,y,
BIR194310100,BIR,0,0,1,3,0,0,0,0,0,,,,,,,,,,,,,,,,,,,,12,welcw101,value,43,38,4,9,1,0,2,3,0,,0,5,,3,0,,,,,27,,52,14,1,0,0,9,0,4,,5,3,0,0,0,,0,,0,27,8,5,0,0,0,0,0,,mclaf102,sampt101,speac103,lockl101,steee102,davip102,radct101,dunna102,hubej101,hubej101,radct101,dunna102,sampt101,lockl101,davip102,steee102,mclaf102,speac103,,19431010,0,BIR01,h,HOM,0,1,0,exhibition,y,
MEM194310170,BIR,0,0,0,2,0,1,0,0,1,,,,,,,,,,,,,,,,,,,,,welcw101,value,,,4,9,,,,,,,,,,,,,,,,24,,,12,,,,6,,,,,,,,,,,,,24,,3,,0,,,,,,,,,,,,,,hubej101,kempg102,,,,,,,,,19431017,0,MEM03,v,MEM,0,1,0,exhibition,,
MEM194310170,MEM,0,0,0,2,2,2,0,0,,,,,,,,,,,,,,,,,,,,,,browl107,value,,,6,12,,,,,,,,,,,,,,,,27,,,9,,,,4,,,,,,,,,,,,,27,,2,,0,,,,,,,,,,,,,,mossp101,jonec108,,,,,,,,,19431017,0,MEM03,h,BIR,1,0,0,exhibition,,
