gid,id,team,b_lp,b_seq,stattype,b_pa,b_ab,b_r,b_h,b_d,b_t,b_hr,b_rbi,b_sh,b_sf,b_hbp,b_w,b_iw,b_k,b_sb,b_cs,b_gdp,b_xi,b_roe,dh,ph,pr,date,number,site,vishome,opp,win,loss,tie,gametype,box,pbp,eject
SLN192309221,emmeb101,BSN,1,1,value,5,5,0,0,0,0,0,0,0,0,0,0,0,1,0,0,0,0,0,,,,19230922,1,STL07,v,SLN,0,1,0,regular,y,y,
SLN192309222,emmeb101,BSN,1,1,value,4,4,1,1,0,0,0,0,0,0,0,0,0,0,1,0,0,0,0,,,,19230922,2,STL07,v,SLN,0,0,1,regular,y,y,
SLN192309231,emmeb101,BSN,1,1,value,4,4,0,0,0,0,0,0,0,0,0,0,0,1,0,0,0,0,0,,,,19230923,1,STL07,v,SLN,1,0,0,regular,y,y,
SLN192309232,emmeb101,BSN,1,1,value,5,5,0,0,0,0,0,0,0,0,0,0,0,1,0,0,0,0,1,,,,19230923,2,STL07,v,SLN,1,0,0,regular,y,y,
CHN192309240,emmeb101,BSN,1,1,value,5,4,0,1,0,0,0,0,1,0,0,0,0,0,0,0,0,0,0,,,,19230924,0,CHI11,v,CHN,0,1,0,regular,y,y,
CHN192309250,emmeb101,BSN,1,2,value,0,0,0,0,0,0,0,0,0,0,0,0,0,0,0,0,0,0,0,,,,19230925,0,CHI11,v,CHN,1,0,0,regular,y,y,
PHI192309270,emmeb101,BSN,1,2,value,1,1,0,0,0,0,0,0,0,0,0,0,0,0,0,1,0,0,0,,,1,19230927,0,PHI09,v,PHI,1,0,0,regular,y,y,
PHI192309280,emmeb101,BSN,9,2,value,0,0,1,0,0,0,0,0,0,0,0,0,0,0,0,0,0,0,0,,,1,19230928,0,PHI09,v,PHI,1,0,0,regular,y,y,
PHI192309290,emmeb101,BSN,4,2,value,0,0,0,0,0,0,0,0,0,0,0,0,0,0,0,0,0,0,0,,,1,19230929,0,PHI09,v,PHI,0,1,0,regular,y,d,
BSN192310020,emmeb101,BSN,9,4,value,0,0,0,0,0,0,0,0,0,0,0,0,0,0,0,0,0,0,0,,,1,19231002,0,BOS08,h,BRO,0,1,0,regular,y,y,
BSN192310040,emmeb101,BSN,9,3,value,0,0,0,0,0,0,0,0,0,0,0,0,0,0,0,0,0,0,0,,,1,19231004,0,BOS08,h,PHI,0,1,0,regular,y,y,
BSN192310040,emmeb101,BSN,9,3,official,,0,1,0,0,0,0,0,0,,0,0,,0,0,0,,,,,,,19231004,0,BOS08,h,PHI,0,1,0,regular,y,y,
BSN192310061,emmeb101,BSN,6,2,value,0,0,0,0,0,0,0,0,0,0,0,0,0,0,0,0,0,0,0,,,1,19231006,1,BOS08,h,PHI,1,0,0,regular,y,d,
BSN192310062,emmeb101,BSN,1,1,value,3,1,0,0,0,0,0,0,0,0,0,2,0,0,0,0,0,0,0,,,,19231006,2,BOS08,h,PHI,1,0,0,regular,y,y,
NYL192910131,emmeb101,ASL,1,1,value,5,5,1,2,0,0,0,,0,,0,0,,,1,,,,,,,,19291013,1,NYC24,v,NYL,0,1,0,exhibition,y,,
