gid,id,team,b_lp,b_seq,stattype,b_pa,b_ab,b_r,b_h,b_d,b_t,b_hr,b_rbi,b_sh,b_sf,b_hbp,b_w,b_iw,b_k,b_sb,b_cs,b_gdp,b_xi,b_roe,dh,ph,pr,date,number,site,vishome,opp,win,loss,tie,gametype,box,pbp
IN9194805210,newbj101,BIR,,,value,,,,,,,,,,,,,,,,,,,,,,,19480521,0,CEN01,v,IN9,1,0,0,regular,,
IN9194805210,velaj101,IN9,,,value,,,,,,,,,,,,,,,,,,,,,,,19480521,0,CEN01,h,BIR,0,1,0,regular,,
KCM194806080,wills104,BIR,,,value,,,,,,,,,,,,,,,,,,,,,,,19480608,0,CEN01,v,KCM,0,1,0,regular,,
KCM194806080,johnl108,KCM,,,value,,,,,,,,,,,,,,,,,,,,,,,19480608,0,CEN01,h,BIR,1,0,0,regular,,
KCM194806080,lamaj102,KCM,,,value,,,,,,,,,,,,,,,,,,,,,,,19480608,0,CEN01,h,BIR,1,0,0,regular,,
KCM194806080,soueh101,KCM,,,value,,,1,1,,,1,2,,,,,,,,,,,,,,,19480608,0,CEN01,h,BIR,1,0,0,regular,,
KCM194906150,browt105,LCB,1,1,value,5,5,0,1,0,0,0,0,0,0,0,0,0,0,0,0,0,0,0,,,,19490615,0,CEN01,v,KCM,1,0,0,regular,y,d
KCM194906150,warea101,LCB,2,1,value,4,4,1,2,0,0,0,0,0,0,0,0,0,0,0,0,0,0,0,,,,19490615,0,CEN01,v,KCM,1,0,0,regular,y,d
KCM194906150,hoskd101,LCB,3,1,value,4,3,0,1,0,0,0,0,1,0,0,0,0,0,0,0,0,0,0,,,,19490615,0,CEN01,v,KCM,1,0,0,regular,y,d
KCM194906150,radct101,LCB,4,1,value,4,4,0,1,0,0,0,1,0,0,0,0,0,2,0,0,0,0,0,,,,19490615,0,CEN01,v,KCM,1,0,0,regular,y,d
KCM194906150,kelll101,LCB,5,1,value,4,4,0,1,0,0,0,0,0,0,0,0,0,0,0,0,0,0,0,,,,19490615,0,CEN01,v,KCM,1,0,0,regular,y,d
KCM194906150,gracw101,LCB,6,1,value,4,4,1,1,1,0,0,0,0,0,0,0,0,0,0,0,0,0,0,,,,19490615,0,CEN01,v,KCM,1,0,0,regular,y,d
KCM194906150,scotj106,LCB,7,1,value,4,4,1,1,1,0,0,0,0,0,0,0,0,0,0,0,0,0,0,,,,19490615,0,CEN01,v,KCM,1,0,0,regular,y,d
KCM194906150,reynb103,LCB,8,1,value,4,4,1,1,0,1,0,1,0,0,0,0,0,0,0,0,0,0,0,,,,19490615,0,CEN01,v,KCM,1,0,0,regular,y,d
KCM194906150,jeffg102,LCB,9,1,value,4,4,0,2,1,0,0,2,0,0,0,0,0,0,0,1,0,0,0,,,,19490615,0,CEN01,v,KCM,1,0,0,regular,y,d
KCM194906150,bakeg101,KCM,1,1,value,4,4,1,1,1,0,0,0,0,0,0,0,0,0,0,0,0,0,0,,,,19490615,0,CEN01,h,LCB,0,1,0,regular,y,d
KCM194906150,soueh101,KCM,2,1,value,4,4,0,1,0,0,0,0,0,0,0,0,0,0,0,0,0,0,0,,,,19490615,0,CEN01,h,LCB,0,1,0,regular,y,d
KCM194906150,serrb101,KCM,3,1,value,4,4,0,1,0,0,0,0,0,0,0,0,0,0,0,0,0,0,0,,,,19490615,0,CEN01,h,LCB,0,1,0,regular,y,d
KCM194906150,broww101,KCM,4,1,value,4,3,0,0,0,0,0,0,0,0,0,1,0,0,0,0,0,0,0,,,,19490615,0,CEN01,h,LCB,0,1,0,regular,y,d
KCM194906150,huntl102,KCM,5,1,value,4,4,0,1,0,0,0,1,0,0,0,0,0,0,0,0,0,0,0,,,,19490615,0,CEN01,h,LCB,0,1,0,regular,y,d
KCM194906150,taboe101,KCM,6,1,value,4,4,0,1,0,0,0,0,0,0,0,0,0,0,0,0,0,0,0,,,,19490615,0,CEN01,h,LCB,0,1,0,regular,y,d
KCM194906150,howae101,KCM,7,1,value,4,4,0,1,0,0,0,0,0,0,0,0,0,0,0,0,0,0,0,,,,19490615,0,CEN01,h,LCB,0,1,0,regular,y,d
KCM194906150,robec102,KCM,8,1,value,4,4,0,0,0,0,0,0,0,0,0,0,0,0,0,0,0,0,0,,,,19490615,0,CEN01,h,LCB,0,1,0,regular,y,d
KCM194906150,duncm101,KCM,9,1,value,3,3,0,1,0,0,0,0,0,0,0,0,0,0,0,0,0,0,0,,,,19490615,0,CEN01,h,LCB,0,1,0,regular,y,d
CAG194906210,penna101,CAG,,,value,,,1,1,,,1,1,,,,,,,,,,,,,,,19490621,0,CEN01,h,PH5,1,0,0,regular,,
CAG194906210,mckig101,CAG,,,value,,,,,,,,,,,,,,,,,,,,,,,19490621,0,CEN01,h,PH5,1,0,0,regular,,
