gid,id,team,p_seq,stattype,p_ipouts,p_noout,p_bfp,p_h,p_d,p_t,p_hr,p_r,p_er,p_w,p_iw,p_k,p_hbp,p_wp,p_bk,p_sh,p_sf,p_sb,p_cs,p_pb,wp,lp,save,p_gs,p_gf,p_cg,date,number,site,vishome,opp,win,loss,tie,gametype,box,pbp,eject
NY6194405310,mahou101,PH5,1,value,24,0,38,8,1,2,0,5,4,2,0,6,1,1,0,1,0,1,0,0,,1,,1,,1,19440531,0,HRB01,v,NY6,0,1,0,regular,y,d,
PH5194406240,mahou101,PH5,1,value,5,,15,8,,,0,8,,1,,,0,0,0,0,,0,,0,,1,,1,,,19440624,0,PHI17,h,HOM,0,1,0,exhibition,y,,
PH5194407042,mahou101,PH5,1,value,21,1,,4,,,,4,,,,,,,1,,,,,,,,,1,,,19440704,2,PHI17,h,NY5,1,0,0,regular,,,
NY6194407232,mahou101,PH5,5,value,,,,,,,,,,,,,,,,,,,,,,,,,1,,19440723,2,NYC16,v,NY6,0,1,0,regular,,,
HOM194408061,mahou101,PH5,2,value,9,,12,2,,0,0,0,,1,,,0,0,0,0,,0,,0,,,,,1,,19440806,1,WAS09,v,HOM,0,1,0,regular,y,,
PH5194408120,mahou101,PH5,3,value,18,0,25,5,1,0,0,3,3,2,0,0,0,0,0,0,0,0,1,0,,1,,,1,,19440812,0,PHI17,h,NW2,0,1,0,exhibition,y,d,
PH5194408260,mahou101,PH5,2,value,18,0,30,9,5,0,1,5,5,2,0,0,0,0,0,0,0,0,0,0,,,,,1,,19440826,0,PHI17,h,BLG,0,1,0,exhibition,y,d,
