gid,id,team,d_seq,d_pos,stattype,d_ifouts,d_po,d_a,d_e,d_dp,d_tp,d_pb,d_wp,d_sb,d_cs,d_gs,date,number,site,vishome,opp,win,loss,tie,gametype,box,pbp,eject
BLS192710230,lystj101,ASB,1,4,value,24,1,1,1,0,0,,,,,1,19271023,0,BAL13,v,BLS,0,1,0,exhibition,y,,
BLS192710300,lystj101,ASB,1,5,value,24,0,1,2,0,0,,,,,1,19271030,0,BAL13,v,BLS,0,1,0,exhibition,y,,
BLS193010192,lystj101,ASB,1,7,value,15,0,0,0,0,0,,,,,1,19301019,2,BAL13,v,BLS,1,0,0,exhibition,y,y,
BLS193210161,lystj101,ASB,1,4,value,24,2,2,0,1,0,,,,,1,19321016,1,BAL14,v,BLS,0,1,0,exhibition,y,,
