gid,id,team,b_lp,b_seq,stattype,b_pa,b_ab,b_r,b_h,b_d,b_t,b_hr,b_rbi,b_sh,b_sf,b_hbp,b_w,b_iw,b_k,b_sb,b_cs,b_gdp,b_xi,b_roe,dh,ph,pr,date,number,site,vishome,opp,win,loss,tie,gametype,box,pbp,eject
CIN192204150,golvw101,CHN,4,2,value,1,1,0,0,0,0,0,1,0,0,0,0,0,0,0,0,0,0,0,,,,19220415,0,CIN07,v,CIN,0,1,0,regular,y,y,
CHN192204230,golvw101,CHN,4,2,value,1,1,0,0,0,0,0,0,0,0,0,0,0,0,0,0,0,0,1,,,,19220423,0,CHI11,h,PIT,0,1,0,regular,y,y,
PRG192511070,golvw101,WHK,8,1,value,5,5,0,2,0,0,0,0,0,0,0,0,0,0,0,1,0,0,1,,,,19251107,0,LOS05,v,PRG,1,0,0,exhibition,y,y,
PRG192511080,golvw101,WHK,8,1,value,5,5,1,2,0,0,1,1,0,0,0,0,0,0,0,0,0,0,1,,,,19251108,0,LOS05,v,PRG,0,1,0,exhibition,y,y,
PRG192511260,golvw101,WHK,8,1,value,5,5,2,2,0,0,0,0,0,0,0,0,0,0,0,0,0,0,0,,,,19251126,0,LOS05,v,PRG,1,0,0,exhibition,y,y,
PRG192512050,golvw101,WHK,7,1,value,4,4,1,1,0,0,1,1,0,0,0,0,0,,0,0,0,0,0,,,,19251205,0,LOS05,v,PRG,1,0,0,exhibition,y,d,
PRG192512060,golvw101,WHK,7,1,value,4,4,0,0,0,0,0,0,0,0,0,0,0,1,0,0,0,0,0,,,,19251206,0,LOS05,v,PRG,0,1,0,exhibition,y,y,
PRG192512200,golvw101,WHK,8,1,value,4,4,1,1,0,0,1,1,0,0,0,0,0,1,0,0,0,0,0,,,,19251220,0,LOS05,v,PRG,0,1,0,exhibition,y,y,
PRG192601010,golvw101,WHK,9,2,value,1,1,0,0,0,0,0,0,0,0,0,0,0,0,0,0,0,0,0,,1,,19260101,0,LOS05,v,PRG,0,1,0,exhibition,y,y,
