gid,id,team,b_lp,b_seq,stattype,b_pa,b_ab,b_r,b_h,b_d,b_t,b_hr,b_rbi,b_sh,b_sf,b_hbp,b_w,b_iw,b_k,b_sb,b_cs,b_gdp,b_xi,b_roe,dh,ph,pr,date,number,site,vishome,opp,win,loss,tie,gametype,box,pbp
KCM193904300,simmw101,CAG,1,1,value,6,6,1,4,0,0,0,0,0,0,0,0,0,,0,0,0,0,0,,,,19390430,0,DAL01,v,KCM,0,1,0,exhibition,y,d
KCM193904300,radca101,CAG,2,1,value,6,5,0,1,0,0,0,1,1,0,0,0,0,,0,0,1,0,0,,,,19390430,0,DAL01,v,KCM,0,1,0,exhibition,y,d
KCM193904300,smite112,CAG,3,1,value,5,5,1,1,0,0,0,0,0,0,0,0,0,,0,0,0,0,0,,,,19390430,0,DAL01,v,KCM,0,1,0,exhibition,y,d
KCM193904300,youne102,CAG,4,1,value,5,4,1,3,1,0,0,2,0,0,0,1,0,,0,1,0,0,0,,,,19390430,0,DAL01,v,KCM,0,1,0,exhibition,y,d
KCM193904300,reduw101,CAG,5,1,value,5,4,1,1,0,0,0,0,0,0,0,1,0,,0,0,0,0,0,,,,19390430,0,DAL01,v,KCM,0,1,0,exhibition,y,d
KCM193904300,bassp101,CAG,6,1,value,5,5,1,0,0,0,0,0,0,0,0,0,0,,0,0,0,0,1,,,,19390430,0,DAL01,v,KCM,0,1,0,exhibition,y,d
KCM193904300,sparj102,CAG,7,1,value,5,5,1,2,2,0,0,2,0,0,0,0,0,,0,0,0,0,0,,,,19390430,0,DAL01,v,KCM,0,1,0,exhibition,y,d
KCM193904300,reedj102,CAG,8,1,value,2,2,0,0,0,0,0,0,0,0,0,0,0,,0,0,0,0,0,,,,19390430,0,DAL01,v,KCM,0,1,0,exhibition,y,d
KCM193904300,housj103,CAG,8,2,value,3,3,1,2,1,0,0,2,0,0,0,0,0,,0,0,0,0,0,,1,,19390430,0,DAL01,v,KCM,0,1,0,exhibition,y,d
KCM193904300,johnt108,CAG,9,1,value,1,0,0,0,0,0,0,0,1,0,0,0,0,,0,0,0,0,0,,,,19390430,0,DAL01,v,KCM,0,1,0,exhibition,y,d
KCM193904300,cornw101,CAG,9,2,value,3,3,0,0,0,0,0,0,0,0,0,0,0,,0,0,0,0,0,,,,19390430,0,DAL01,v,KCM,0,1,0,exhibition,y,d
KCM193904300,bowel102,CAG,9,3,value,1,1,0,0,0,0,0,0,0,0,0,0,0,,0,0,0,0,0,,,,19390430,0,DAL01,v,KCM,0,1,0,exhibition,y,d
KCM193904300,milth101,KCM,1,1,value,7,5,0,2,0,0,0,1,1,0,0,1,0,,0,0,0,0,0,,,,19390430,0,DAL01,h,CAG,1,0,0,exhibition,y,d
KCM193904300,allen102,KCM,2,1,value,7,6,0,0,0,0,0,0,0,0,0,1,1,,0,0,0,0,1,,,,19390430,0,DAL01,h,CAG,1,0,0,exhibition,y,d
KCM193904300,bibbr101,KCM,3,1,value,7,7,0,2,0,0,0,1,0,0,0,0,0,,0,0,0,0,0,,,,19390430,0,DAL01,h,CAG,1,0,0,exhibition,y,d
KCM193904300,steat101,KCM,4,1,value,6,6,1,2,1,0,0,0,0,0,0,0,0,,1,0,0,0,1,,,,19390430,0,DAL01,h,CAG,1,0,0,exhibition,y,d
KCM193904300,strot101,KCM,5,1,value,6,5,1,1,1,0,0,0,0,0,0,1,0,,0,0,0,0,1,,,,19390430,0,DAL01,h,CAG,1,0,0,exhibition,y,d
KCM193904300,broww101,KCM,6,1,value,6,4,4,4,0,2,0,2,0,0,0,2,2,,1,0,0,0,0,,,,19390430,0,DAL01,h,CAG,1,0,0,exhibition,y,d
KCM193904300,oneib801,KCM,7,1,value,6,6,1,2,1,0,0,3,0,0,0,0,0,,0,0,2,0,0,,,,19390430,0,DAL01,h,CAG,1,0,0,exhibition,y,d
KCM193904300,decul101,KCM,8,1,value,5,4,0,0,0,0,0,0,0,0,1,0,0,,0,0,0,0,1,,,,19390430,0,DAL01,h,CAG,1,0,0,exhibition,y,d
KCM193904300,hardp102,KCM,8,2,value,1,1,1,1,0,0,0,0,0,0,0,0,0,,0,0,0,0,0,,,,19390430,0,DAL01,h,CAG,1,0,0,exhibition,y,d
KCM193904300,smith111,KCM,9,1,value,3,2,0,1,0,0,0,0,1,0,0,0,0,,0,0,0,0,1,,,,19390430,0,DAL01,h,CAG,1,0,0,exhibition,y,d
KCM193904300,walkg103,KCM,9,2,value,3,2,0,1,0,0,0,1,1,0,0,0,0,,0,0,0,0,1,,,,19390430,0,DAL01,h,CAG,1,0,0,exhibition,y,d
KCM194004150,broww101,KCM,,,value,,,1,1,,,1,1,,,,,,,,,,,,,,,19400415,0,DAL01,h,IN8,1,0,0,exhibition,,
SNO194105041,crutj101,CAG,1,1,value,,,1,1,,,,1,,,,,,,,,,,,,,,19410504,1,DAL01,v,SNO,1,0,0,exhibition,,
SNO194105041,hendc102,CAG,2,1,value,,,1,1,,,,0,,,,,,,,,,,,,,,19410504,1,DAL01,v,SNO,1,0,0,exhibition,,
SNO194105041,penna101,CAG,3,1,value,,,1,,,,,0,,,1,,,,,,,,,,,,19410504,1,DAL01,v,SNO,1,0,0,exhibition,,
SNO194105041,youne102,CAG,4,1,value,,,0,,,,,0,,,,,,,,,,,,,,,19410504,1,DAL01,v,SNO,1,0,0,exhibition,,
SNO194105041,reevd101,CAG,5,1,value,,,1,1,1,,,2,,,,,,1,,,,,,,,,19410504,1,DAL01,v,SNO,1,0,0,exhibition,,
SNO194105041,warea101,CAG,6,1,value,,,1,1,,,,1,,,,,,,,,,,,,,,19410504,1,DAL01,v,SNO,1,0,0,exhibition,,
SNO194105041,hornb101,CAG,7,1,value,,,1,,,,,1,,,,,,1,,,,,,,,,19410504,1,DAL01,v,SNO,1,0,0,exhibition,,
SNO194105041,boono101,CAG,8,1,value,,,1,,,,,0,,,,,,,,,,,,,,,19410504,1,DAL01,v,SNO,1,0,0,exhibition,,
SNO194105041,alext101,CAG,9,2,value,,,0,1,,,,0,,,,,,,,,,,,,,,19410504,1,DAL01,v,SNO,1,0,0,exhibition,,
SNO194105041,ferrw102,CAG,9,1,value,,,1,1,,,,2,,,,,,,,,,,,,,,19410504,1,DAL01,v,SNO,1,0,0,exhibition,,
SNO194105041,mcalf101,SNO,,,value,,,,,,,,,,,,,,,,,,,,,,,19410504,1,DAL01,h,CAG,0,1,0,exhibition,,
SNO194105041,riddm101,SNO,,,value,,,,,,,,,,,,,,,,,,,,,,,19410504,1,DAL01,h,CAG,0,1,0,exhibition,,
SNO194105041,smite111,SNO,,,value,,,,,,,,,,,,,,,,,,,,,,,19410504,1,DAL01,h,CAG,0,1,0,exhibition,,
SNO194105041,taylr102,SNO,,,value,,,,,,,,,,,,,,,,,,,,,,,19410504,1,DAL01,h,CAG,0,1,0,exhibition,,
SNO194105041,warrj101,SNO,,,value,,,,,,,,,,,,,,,,,,,,,,,19410504,1,DAL01,h,CAG,0,1,0,exhibition,,
SNO194105042,bassp101,CAG,,,value,,,,,,,,,,,,,,,,,,,,,,,19410504,2,DAL01,v,SNO,0,1,0,exhibition,,
SNO194105042,ferrw102,CAG,,,value,,,,,,,,,,,,,,,,,,,,,,,19410504,2,DAL01,v,SNO,0,1,0,exhibition,,
SNO194105042,merch101,CAG,,,value,,,,,,,,,,,,,,,,,,,,,,,19410504,2,DAL01,v,SNO,0,1,0,exhibition,,
SNO194105042,reevd101,CAG,,,value,3,3,,3,1,,,,,,,,,,,,,,,,,,19410504,2,DAL01,v,SNO,0,1,0,exhibition,,
SNO194105042,bennb101,SNO,,,value,3,3,,3,1,,,2,,,,,,,,,,,,,,,19410504,2,DAL01,h,CAG,1,0,0,exhibition,,
SNO194105042,burcw101,SNO,,,value,,,,,,,,,,,,,,,,,,,,,,,19410504,2,DAL01,h,CAG,1,0,0,exhibition,,
SNO194105042,calhl101,SNO,,,value,,,,,,,,,,,,,,,,,,,,,,,19410504,2,DAL01,h,CAG,1,0,0,exhibition,,
KCM194206030,gipsa101,BIR,,,value,,,,,,,,,,,,,,,,,,,,,,,19420603,0,DAL01,v,KCM,1,0,0,regular,,
KCM194206030,mckig101,BIR,,,value,,,,,,,,,,,,,,,,,,,,,,,19420603,0,DAL01,v,KCM,1,0,0,regular,,
KCM194206030,radct101,BIR,,,value,,,,,,,,,,,,,,,,,,,,,,,19420603,0,DAL01,v,KCM,1,0,0,regular,,
KCM194206030,bradf104,KCM,,,value,,,,,,,,,,,,,,,,,,,,,,,19420603,0,DAL01,h,BIR,0,1,0,regular,,
KCM194206030,greej108,KCM,,,value,,,,,,,,,,,,,,,,,,,,,,,19420603,0,DAL01,h,BIR,0,1,0,regular,,
KCM194206030,lamaj102,KCM,,,value,,,,,,,,,,,,,,,,,,,,,,,19420603,0,DAL01,h,BIR,0,1,0,regular,,
KCM194207122,mossp101,MEM,,,value,,,,,,,,,,,,,,,,,,,,,,,19420712,2,DAL01,v,KCM,0,1,0,regular,,
KCM194207122,smitb114,MEM,,,value,,,,,,,,,,,,,,,,,,,,,,,19420712,2,DAL01,v,KCM,0,1,0,regular,,
KCM194207122,dawsj102,KCM,,,value,,,,,,,,,,,,,,,,,,,,,,,19420712,2,DAL01,h,MEM,1,0,0,regular,,
KCM194207122,matcj101,KCM,,,value,,,,,,,,,,,,,,,,,,,,,,,19420712,2,DAL01,h,MEM,1,0,0,regular,,
MEM194207121,duncf102,KCM,,,value,,,,,,,,,,,,,,,,,,,,,,,19420712,1,DAL01,v,MEM,1,0,0,regular,,
MEM194207121,paigs101,KCM,,,value,4,4,,3,1,,,,,,,,,,,,,,,,,,19420712,1,DAL01,v,MEM,1,0,0,regular,,
MEM194207121,browl107,MEM,,,value,,,,,,,,,,,,,,,,,,,,,,,19420712,1,DAL01,h,KCM,0,1,0,regular,,
MEM194207121,hutcw101,MEM,,,value,,,,,,,,,,,,,,,,,,,,,,,19420712,1,DAL01,h,KCM,0,1,0,regular,,
MEM194207121,mathv101,MEM,,,value,,,,,,,,,,,,,,,,,,,,,,,19420712,1,DAL01,h,KCM,0,1,0,regular,,
CAG194209100,hardp102,BIR,,,value,,,,,,,,,,,,,,,,,,,,,,,19420910,0,DAL01,v,CAG,0,1,0,exhibition,,
CAG194209100,markj101,BIR,,,value,,,,,,,,,,,,,,,,,,,,,,,19420910,0,DAL01,v,CAG,0,1,0,exhibition,,
CAG194209100,radct101,BIR,,,value,,,,,,,,,,,,,,,,,,,,,,,19420910,0,DAL01,v,CAG,0,1,0,exhibition,,
CAG194209100,reedj102,BIR,,,value,,,,,,,,,,,,,,,,,,,,,,,19420910,0,DAL01,v,CAG,0,1,0,exhibition,,
CAG194209100,burnw102,CAG,,,value,,,,,,,,,,,,,,,,,,,,,,,19420910,0,DAL01,h,BIR,1,0,0,exhibition,,
CAG194209100,hardw102,CAG,,,value,,,,,,,,,,,,,,,,,,,,,,,19420910,0,DAL01,h,BIR,1,0,0,exhibition,,
CAG194209100,hubej101,CAG,,,value,,,,,,,,,,,,,,,,,,,,,,,19420910,0,DAL01,h,BIR,1,0,0,exhibition,,
CAG194209100,johnt108,CAG,,,value,,,,,,,,,,,,,,,,,,,,,,,19420910,0,DAL01,h,BIR,1,0,0,exhibition,,
KCM194307080,hardp102,BIR,,,value,,,,,,,,,,,,,,,,,,,,,,,19430708,0,DAL01,v,KCM,0,1,0,regular,,
KCM194307080,willj112,BIR,,,value,,,,,,,,,,,,,,,,,,,,,,,19430708,0,DAL01,v,KCM,0,1,0,regular,,
KCM194307080,alext101,KCM,,,value,,,,,,,,,,,,,,,,,,,,,,,19430708,0,DAL01,h,BIR,1,0,0,regular,,
KCM194307080,barnh102,KCM,,,value,,,,2,,,,,,,,,,,,,,,,,,,19430708,0,DAL01,h,BIR,1,0,0,regular,,
KCM194307080,serrb101,KCM,,,value,,,,2,,,,,,,,,,,,,,,,,,,19430708,0,DAL01,h,BIR,1,0,0,regular,,
KCM194307080,walkg103,KCM,,,value,,,,,,,,,,,,,,,,,,,,,,,19430708,0,DAL01,h,BIR,1,0,0,regular,,
KCM194307210,ferrw102,CAG,,,value,,,,,,,,,,,,,,,,,,,,,,,19430721,0,DAL01,v,KCM,0,1,0,regular,,
KCM194307210,radct101,CAG,,,value,,,,,,,,,,,,,,,,,,,,,,,19430721,0,DAL01,v,KCM,0,1,0,regular,,
KCM194307210,shiec102,CAG,,,value,,,,,,,,,,,,,,,,,,,,,,,19430721,0,DAL01,v,KCM,0,1,0,regular,,
KCM194307210,alext101,KCM,,,value,,,,,,,,,,,,,,,,,,,,,,,19430721,0,DAL01,h,CAG,1,0,0,regular,,
KCM194307210,barnh102,KCM,,,value,,,,,,,,,,,,,,,,,,,,,,,19430721,0,DAL01,h,CAG,1,0,0,regular,,
KCM194307210,broww101,KCM,,,value,,,1,1,,,1,4,,,,,,,,,,,,,,,19430721,0,DAL01,h,CAG,1,0,0,regular,,
KCM194307210,philn101,KCM,,,value,,,,,,,,,,,,,,,,,,,,,,,19430721,0,DAL01,h,CAG,1,0,0,regular,,
KCM194308221,smith113,CI2,1,1,value,3,3,1,1,1,0,0,0,0,,0,0,0,,0,,,0,,,,,19430822,1,DAL01,v,KCM,0,1,0,regular,y,
KCM194308221,lamac101,CI2,2,1,value,3,3,1,1,0,0,0,0,0,,0,0,0,,0,,,0,,,,,19430822,1,DAL01,v,KCM,0,1,0,regular,y,
KCM194308221,sneas101,CI2,3,1,value,3,3,1,0,0,0,0,0,0,,0,0,0,,0,,,0,,,,,19430822,1,DAL01,v,KCM,0,1,0,regular,y,
KCM194308221,tatug101,CI2,4,1,value,3,3,0,0,0,0,0,0,0,,0,0,0,,0,,,0,,,,,19430822,1,DAL01,v,KCM,0,1,0,regular,y,
KCM194308221,nelse102,CI2,5,1,value,3,3,0,0,0,0,0,0,0,,0,0,0,,0,,,0,,,,,19430822,1,DAL01,v,KCM,0,1,0,regular,y,
KCM194308221,ray-j102,CI2,6,1,value,3,3,0,0,0,0,0,0,0,,0,0,0,,0,,,0,,,,,19430822,1,DAL01,v,KCM,0,1,0,regular,y,
KCM194308221,haywb102,CI2,7,1,value,3,3,0,0,0,0,0,0,0,,0,0,0,,0,,,0,,,,,19430822,1,DAL01,v,KCM,0,1,0,regular,y,
KCM194308221,locke101,CI2,8,1,value,3,3,0,0,0,0,0,0,0,,0,0,0,,0,,,0,,,,,19430822,1,DAL01,v,KCM,0,1,0,regular,y,
KCM194308221,davir103,CI2,9,1,value,2,2,0,0,0,0,0,0,0,,0,0,0,,0,,,0,,,,,19430822,1,DAL01,v,KCM,0,1,0,regular,y,
KCM194308221,allen102,KCM,1,1,value,4,3,1,2,1,0,0,0,0,,0,1,,,0,,,0,,,,,19430822,1,DAL01,h,CI2,1,0,0,regular,y,
KCM194308221,hayns101,KCM,2,1,value,1,1,0,0,0,0,0,0,0,,0,0,0,,0,,,0,,,,,19430822,1,DAL01,h,CI2,1,0,0,regular,y,
KCM194308221,matcj101,KCM,2,2,value,3,3,0,1,0,0,0,1,0,,0,0,0,,0,,,0,,,,,19430822,1,DAL01,h,CI2,1,0,0,regular,y,
KCM194308221,soueh101,KCM,3,1,value,4,4,0,1,1,0,0,1,0,,0,0,0,,0,,,0,,,,,19430822,1,DAL01,h,CI2,1,0,0,regular,y,
KCM194308221,broww101,KCM,4,1,value,3,3,0,0,0,0,0,0,0,,0,0,0,,0,,,0,,,,,19430822,1,DAL01,h,CI2,1,0,0,regular,y,
KCM194308221,serrb101,KCM,5,1,value,3,2,0,1,0,0,0,0,0,,0,1,,,0,,,0,,,,,19430822,1,DAL01,h,CI2,1,0,0,regular,y,
KCM194308221,smith111,KCM,6,1,value,3,3,0,0,0,0,0,0,0,,0,0,0,,0,,,0,,,,,19430822,1,DAL01,h,CI2,1,0,0,regular,y,
KCM194308221,simmw101,KCM,7,1,value,2,2,0,0,0,0,0,0,0,,0,0,0,,0,,,0,,,,,19430822,1,DAL01,h,CI2,1,0,0,regular,y,
KCM194308221,thomh103,KCM,7,2,value,1,1,0,1,0,0,0,0,0,,0,0,0,,0,,,0,,,,,19430822,1,DAL01,h,CI2,1,0,0,regular,y,
KCM194308221,walkg103,KCM,7,3,value,0,0,0,0,0,0,0,0,0,,0,0,0,,0,,,0,,,,,19430822,1,DAL01,h,CI2,1,0,0,regular,y,
KCM194308221,duncf102,KCM,8,1,value,2,2,0,0,0,0,0,0,0,,0,0,0,,0,,,0,,,,,19430822,1,DAL01,h,CI2,1,0,0,regular,y,
KCM194308221,barnh102,KCM,8,2,value,1,1,1,1,0,0,0,0,0,,0,0,0,,0,,,0,,,,,19430822,1,DAL01,h,CI2,1,0,0,regular,y,
KCM194308221,paigs101,KCM,9,1,value,3,3,2,1,0,0,0,0,0,,0,0,0,,0,,,0,,,,,19430822,1,DAL01,h,CI2,1,0,0,regular,y,
KCM194308222,ingra101,CI2,,,value,,,,,,,,,,,,,,,,,,,,,,,19430822,2,DAL01,v,KCM,0,1,0,regular,,
KCM194308222,jeffh102,CI2,,,value,,,,,,,,,,,,,,,,,,,,,,,19430822,2,DAL01,v,KCM,0,1,0,regular,,
KCM194308222,lotiu101,CI2,,,value,,,,,,,,,,,,,,,,,,,,,,,19430822,2,DAL01,v,KCM,0,1,0,regular,,
KCM194308222,barnh102,KCM,,,value,,,,,,,,,,,,,,,,,,,,,,,19430822,2,DAL01,h,CI2,1,0,0,regular,,
KCM194308222,mcdab101,KCM,,,value,,,,,,,,,,,,,,,,,,,,,,,19430822,2,DAL01,h,CI2,1,0,0,regular,,
MEM194309150,calhl101,HSL,,,value,,,,,,,,,,,,,,,,,,,,,,,19430915,0,DAL01,v,MEM,0,1,0,exhibition,,
MEM194309150,loveu101,HSL,,,value,,,,,,,,,,,,,,,,,,,,,,,19430915,0,DAL01,v,MEM,0,1,0,exhibition,,
MEM194309150,bankf101,MEM,,,value,,,1,1,,,,1,,,,,,,,,,,,,,,19430915,0,DAL01,h,HSL,1,0,0,exhibition,,
MEM194309150,hutcw101,MEM,,,value,,,1,1,,,,,,,,,,,,,,,,,,,19430915,0,DAL01,h,HSL,1,0,0,exhibition,,
MEM194309150,jonec108,MEM,,,value,,,,,,,,,,,,,,,,,,,,,,,19430915,0,DAL01,h,HSL,1,0,0,exhibition,,
KCM194309191,jeffh102,CI2,,,value,,,,,,,,,,,,,,,,,,,,,,,19430919,1,DAL01,v,KCM,1,0,0,exhibition,,
KCM194309191,wilsf104,CI2,,,value,,,,,,,,,,,,,,,,,,,,,,,19430919,1,DAL01,v,KCM,1,0,0,exhibition,,
KCM194309191,barnh102,KCM,,,value,,,,,,,,,,,,,,,,,,,,,,,19430919,1,DAL01,h,CI2,0,1,0,exhibition,,
KCM194309191,matcj101,KCM,,,value,,,,,,,,,,,,,,,,,,,,,,,19430919,1,DAL01,h,CI2,0,1,0,exhibition,,
KCM194309192,davip103,CI2,,,value,,,,,,,,,,,,,,,,,,,,,,,19430919,2,DAL01,v,KCM,1,0,0,exhibition,,
KCM194309192,haywb102,CI2,,,value,,,,,,,,,,,,,,,,,,,,,,,19430919,2,DAL01,v,KCM,1,0,0,exhibition,,
KCM194309192,jeffh102,CI2,,,value,,,,,,,,,,,,,,,,,,,,,,,19430919,2,DAL01,v,KCM,1,0,0,exhibition,,
KCM194309192,alext101,KCM,,,value,,,,,,,,,,,,,,,,,,,,,,,19430919,2,DAL01,h,CI2,0,1,0,exhibition,,
KCM194309192,barnh102,KCM,,,value,,,,,,,,,,,,,,,,,,,,,,,19430919,2,DAL01,h,CI2,0,1,0,exhibition,,
KCM194309192,mcdab101,KCM,,,value,,,,,,,,,,,,,,,,,,,,,,,19430919,2,DAL01,h,CI2,0,1,0,exhibition,,
KCM194309192,paigs101,KCM,,,value,,,,,,,,,,,,,,,,,,,,,,,19430919,2,DAL01,h,CI2,0,1,0,exhibition,,
MEM194404161,brooj103,CAG,,2,value,,,,,,,,,,,,,,,,,,,,,,,19440416,1,DAL01,v,MEM,0,1,0,exhibition,,
MEM194404161,hattr101,CAG,,1,value,,,,,,,,,,,,,,,,,,,,,,,19440416,1,DAL01,v,MEM,0,1,0,exhibition,,
MEM194404161,pearf104,CAG,,3,value,,,,,,,,,,,,,,,,,,,,,,,19440416,1,DAL01,v,MEM,0,1,0,exhibition,,
MEM194404161,suttl101,CAG,,1,value,,,,,,,,,,,,,,,,,,,,,,,19440416,1,DAL01,v,MEM,0,1,0,exhibition,,
MEM194404161,westo102,CAG,,4,value,,,,,,,,,,,,,,,,,,,,,,,19440416,1,DAL01,v,MEM,0,1,0,exhibition,,
MEM194404161,browl107,MEM,,1,value,,,,,,,,,,,,,,,,,,,,,,,19440416,1,DAL01,h,CAG,1,0,0,exhibition,,
MEM194404161,mathv101,MEM,,2,value,,,,,,,,,,,,,,,,,,,,,,,19440416,1,DAL01,h,CAG,1,0,0,exhibition,,
MEM194404161,mossp101,MEM,,1,value,,,,,,,,,,,,,,,,,,,,,,,19440416,1,DAL01,h,CAG,1,0,0,exhibition,,
MEM194404162,jessg101,CAG,,1,value,,,,,,,,,,,,,,,,,,,,,,,19440416,2,DAL01,v,MEM,0,1,0,exhibition,,
MEM194404162,smitb114,CAG,,2,value,,,,,,,,,,,,,,,,,,,,,,,19440416,2,DAL01,v,MEM,0,1,0,exhibition,,
MEM194404162,browl107,MEM,,1,value,,,,,,,,,,,,,,,,,,,,,,,19440416,2,DAL01,h,CAG,1,0,0,exhibition,,
MEM194404162,chate101,MEM,,1,value,,,,,,,,,,,,,,,,,,,,,,,19440416,2,DAL01,h,CAG,1,0,0,exhibition,,
MEM194404162,hutcw101,MEM,,2,value,,,,,,,,,,,,,,,,,,,,,,,19440416,2,DAL01,h,CAG,1,0,0,exhibition,,
MEM194404200,millh104,CAG,,1,value,,,,,,,,,,,,,,,,,,,,,,,19440420,0,DAL01,v,MEM,1,0,0,exhibition,,
MEM194404200,smitb114,CAG,,1,value,,,,,,,,,,,,,,,,,,,,,,,19440420,0,DAL01,v,MEM,1,0,0,exhibition,,
MEM194404200,suttl101,CAG,,2,value,,,,,,,,,,,,,,,,,,,,,,,19440420,0,DAL01,v,MEM,1,0,0,exhibition,,
MEM194404200,bethu101,MEM,,1,value,,,,,,,,,,,,,,,,,,,,,,,19440420,0,DAL01,h,CAG,0,1,0,exhibition,,
MEM194404200,browl107,MEM,,1,value,,,,,,,,,,,,,,,,,,,,,,,19440420,0,DAL01,h,CAG,0,1,0,exhibition,,
MEM194404200,chate101,MEM,,4,value,,,,,,,,,,,,,,,,,,,,,,,19440420,0,DAL01,h,CAG,0,1,0,exhibition,,
MEM194404200,hutcw101,MEM,,1,value,,,,,,,,,,,,,,,,,,,,,,,19440420,0,DAL01,h,CAG,0,1,0,exhibition,,
MEM194404200,ligor101,MEM,,5,value,,,,,,,,,,,,,,,,,,,,,,,19440420,0,DAL01,h,CAG,0,1,0,exhibition,,
MEM194404200,reyeu101,MEM,,2,value,,,,,,,,,,,,,,,,,,,,,,,19440420,0,DAL01,h,CAG,0,1,0,exhibition,,
KCM194404231,davir103,CIA,,,value,,,,,,,,,,,,,,,,,,,,,,,19440423,1,DAL01,v,KCM,1,0,0,exhibition,,
KCM194404231,haywb102,CIA,,,value,,,,,,,,,,,,,,,,,,,,,,,19440423,1,DAL01,v,KCM,1,0,0,exhibition,,
KCM194404231,hayns101,KCM,,,value,,,,,,,,,,,,,,,,,,,,,,,19440423,1,DAL01,h,CIA,0,1,0,exhibition,,
KCM194404231,locke101,KCM,,,value,,,,,,,,,,,,,,,,,,,,,,,19440423,1,DAL01,h,CIA,0,1,0,exhibition,,
KCM194404231,paigs101,KCM,,,value,,,,,,,,,,,,,,,,,,,,,,,19440423,1,DAL01,h,CIA,0,1,0,exhibition,,
KCM194404231,wingd102,KCM,,,value,,,,,,,,,,,,,,,,,,,,,,,19440423,1,DAL01,h,CIA,0,1,0,exhibition,,
KCM194404232,bassp101,CIA,,,value,,,,,,,,,,,,,,,,,,,,,,,19440423,2,DAL01,v,KCM,0,1,0,exhibition,,
KCM194404232,haywb102,CIA,,,value,,,,,,,,,,,,,,,,,,,,,,,19440423,2,DAL01,v,KCM,0,1,0,exhibition,,
KCM194404232,duncf102,KCM,,,value,,,,,,,,,,,,,,,,,,,,,,,19440423,2,DAL01,h,CIA,1,0,0,exhibition,,
KCM194404232,hayns101,KCM,,,value,,,,,,,,,,,,,,,,,,,,,,,19440423,2,DAL01,h,CIA,1,0,0,exhibition,,
KCM194404232,mcdab101,KCM,,,value,,,,,,,,,,,,,,,,,,,,,,,19440423,2,DAL01,h,CIA,1,0,0,exhibition,,
KCM194404270,bassp101,CIA,,,value,,,,,,,,,,,,,,,,,,,,,,,19440427,0,DAL01,v,KCM,0,1,0,exhibition,,
KCM194404270,davir103,CIA,,,value,,,,,,,,,,,,,,,,,,,,,,,19440427,0,DAL01,v,KCM,0,1,0,exhibition,,
KCM194404270,allen102,KCM,,,value,,,1,1,,,,,,,,,,,,,,,,,,,19440427,0,DAL01,h,CIA,1,0,0,exhibition,,
KCM194404270,duncf102,KCM,,,value,,,,,,,,,,,,,,,,,,,,,,,19440427,0,DAL01,h,CIA,1,0,0,exhibition,,
KCM194404270,locke101,KCM,,,value,,,,,,,,,,,,,,,,,,,,,,,19440427,0,DAL01,h,CIA,1,0,0,exhibition,,
KCM194404270,matcj101,KCM,,,value,,,,,,,,,,,,,,,,,,,,,,,19440427,0,DAL01,h,CIA,1,0,0,exhibition,,
KCM194404270,mcdab101,KCM,,,value,,,,,,,,,,,,,,,,,,,,,,,19440427,0,DAL01,h,CIA,1,0,0,exhibition,,
KCM194404270,moodl101,KCM,,,value,,,,1,,,,1,,,,,,,,,,,,,,,19440427,0,DAL01,h,CIA,1,0,0,exhibition,,
KCM194405110,browl107,MEM,,2,value,,,,,,,,,,,,,,,,,,,,,,,19440511,0,DAL01,v,KCM,1,0,0,regular,,
KCM194405110,chate101,MEM,,2,value,,,,,,,,,,,,,,,,,,,,,,,19440511,0,DAL01,v,KCM,1,0,0,regular,,
KCM194405110,jonec108,MEM,,1,value,,,,,,,,,,,,,,,,,,,,,,,19440511,0,DAL01,v,KCM,1,0,0,regular,,
KCM194405110,ligor101,MEM,,3,value,,,,,,,,,,,,,,,,,,,,,,,19440511,0,DAL01,v,KCM,1,0,0,regular,,
KCM194405110,longr102,MEM,,3,value,,,,,,,,,,,,,,,,,,,,,,,19440511,0,DAL01,v,KCM,1,0,0,regular,,
KCM194405110,mossp101,MEM,,4,value,,,,,,,,,,,,,,,,,,,,,,,19440511,0,DAL01,v,KCM,1,0,0,regular,,
KCM194405110,sharp101,MEM,,1,value,,,,,,,,,,,,,,,,,,,,,,,19440511,0,DAL01,v,KCM,1,0,0,regular,,
KCM194405110,locke101,KCM,,2,value,,,,,,,,,,,,,,,,,,,,,,,19440511,0,DAL01,h,MEM,0,1,0,regular,,
KCM194405110,taylr102,KCM,,1,value,,,,,,,,,,,,,,,,,,,,,,,19440511,0,DAL01,h,MEM,0,1,0,regular,,
KCM194405110,wylis101,KCM,,1,value,,,,,,,,,,,,,,,,,,,,,,,19440511,0,DAL01,h,MEM,0,1,0,regular,,
MEM194406220,gipsa101,BIR,,2,value,,,,,,,,,,,,,,,,,,,,,,,19440622,0,DAL01,v,MEM,1,0,0,regular,,
MEM194406220,harru101,BIR,,1,value,,,,,,,,,,,,,,,,,,,,,,,19440622,0,DAL01,v,MEM,1,0,0,regular,,
MEM194406220,newbj101,BIR,,1,value,,,,,,,,,,,,,,,,,,,,,,,19440622,0,DAL01,v,MEM,1,0,0,regular,,
MEM194406220,browl107,MEM,,1,value,,,,,,,,,,,,,,,,,,,,,,,19440622,0,DAL01,h,BIR,0,1,0,regular,,
MEM194406220,keyer101,MEM,,2,value,,,,,,,,,,,,,,,,,,,,,,,19440622,0,DAL01,h,BIR,0,1,0,regular,,
MEM194406220,longr102,MEM,,2,value,,,,,,,,,,,,,,,,,,,,,,,19440622,0,DAL01,h,BIR,0,1,0,regular,,
MEM194406220,mathv101,MEM,,1,value,,,,,,,,,,,,,,,,,,,,,,,19440622,0,DAL01,h,BIR,0,1,0,regular,,
MEM194407240,barnh102,CAG,,,value,,,,,,,,,,,,,,,,,,,,,,,19440724,0,DAL01,v,MEM,0,1,0,regular,,
MEM194407240,suttl101,CAG,,,value,,,,,,,,,,,,,,,,,,,,,,,19440724,0,DAL01,v,MEM,0,1,0,regular,,
MEM194407240,jonec108,MEM,,,value,,,,,,,,,,,,,,,,,,,,,,,19440724,0,DAL01,h,CAG,1,0,0,regular,,
MEM194407240,turnr101,MEM,,,value,,,,1,,,,,,,,,,,,,,,,,,,19440724,0,DAL01,h,CAG,1,0,0,regular,,
MEM194408110,bassp101,BIR,,,value,,,,,,,,,,,,,,,,,,,,,,,19440811,0,DAL01,v,MEM,1,0,0,regular,,
MEM194408110,hubej101,BIR,,,value,,,,,,,,,,,,,,,,,,,,,,,19440811,0,DAL01,v,MEM,1,0,0,regular,,
MEM194408110,newbj101,BIR,,,value,,,,,,,,,,,,,,,,,,,,,,,19440811,0,DAL01,v,MEM,1,0,0,regular,,
MEM194408110,canaj102,MEM,,,value,,,,,,,,,,,,,,,,,,,,,,,19440811,0,DAL01,h,BIR,0,1,0,regular,,
MEM194408110,ligor101,MEM,,,value,,,,,,,,,,,,,,,,,,,,,,,19440811,0,DAL01,h,BIR,0,1,0,regular,,
MEM194408110,sharp101,MEM,,,value,,,,2,,2,,,,,,,,,,,,,,,,,19440811,0,DAL01,h,BIR,0,1,0,regular,,
CIA194409210,hayns101,KCM,,1,value,,,,,,,,,,,,,,,,,,,,,,,19440921,0,DAL01,v,CIA,0,1,0,exhibition,,
CIA194409210,smith111,KCM,,1,value,,,,,,,,,,,,,,,,,,,,,,,19440921,0,DAL01,v,CIA,0,1,0,exhibition,,
CIA194409210,haywb102,CIA,,1,value,,,,,,,,,,,,,,,,,,,,,,,19440921,0,DAL01,h,KCM,1,0,0,exhibition,,
CIA194409210,ruiza101,CIA,,1,value,,,,,,,,,,,,,,,,,,,,,,,19440921,0,DAL01,h,KCM,1,0,0,exhibition,,
CVB194409290,dougj102,CAG,,1,value,,,,,,,,,,,,,,,,,,,,,,,19440929,0,DAL01,v,CVB,0,1,0,exhibition,,
CVB194409290,smitj112,CAG,,1,value,,,,,,,,,,,,,,,,,,,,,,,19440929,0,DAL01,v,CVB,0,1,0,exhibition,,
CVB194409290,suttl101,CAG,,2,value,,,,,,,,,,,,,,,,,,,,,,,19440929,0,DAL01,v,CVB,0,1,0,exhibition,,
CVB194409290,thomu104,CAG,,3,value,,,,,,,,,,,,,,,,,,,,,,,19440929,0,DAL01,v,CVB,0,1,0,exhibition,,
CVB194409290,carsf102,CVB,,1,value,,,,,,,,,,,,,,,,,,,,,,,19440929,0,DAL01,h,CAG,1,0,0,exhibition,,
CVB194409290,trouq101,CVB,,1,value,,,,,,,,,,,,,,,,,,,,,,,19440929,0,DAL01,h,CAG,1,0,0,exhibition,,
NY6194504110,tianl102,NY6,,,value,,,,,,,,,,,,,,,,,,,,,,,19450411,0,DAL01,h,CVB,1,0,0,exhibition,,
CAG194504221,jeffg102,CVB,,1,value,,,,,,,,,,,,,,,,,,,,,,,19450422,1,DAL01,v,CAG,1,0,0,exhibition,,
CAG194504221,trouq101,CVB,,1,value,,,,,,,,,,,,,,,,,,,,,,,19450422,1,DAL01,v,CAG,1,0,0,exhibition,,
CAG194504221,barnh102,CAG,,1,value,,,,,,,,,,,,,,,,,,,,,,,19450422,1,DAL01,h,CVB,0,1,0,exhibition,,
CAG194504221,mccow102,CAG,,1,value,,,,,,,,,,,,,,,,,,,,,,,19450422,1,DAL01,h,CVB,0,1,0,exhibition,,
CVB194504222,barnh102,CAG,,1,value,,,,,,,,,,,,,,,,,,,,,,,19450422,2,DAL01,v,CVB,0,1,0,exhibition,,
CVB194504222,cornw101,CAG,,1,value,,,,,,,,,,,,,,,,,,,,,,,19450422,2,DAL01,v,CVB,0,1,0,exhibition,,
CVB194504222,jessg101,CAG,,,value,,,,,,,,,,,,,,,,,,,,,,,19450422,2,DAL01,v,CVB,0,1,0,exhibition,,
CVB194504222,shiec102,CAG,,2,value,,,,,,,,,,,,,,,,,,,,,,,19450422,2,DAL01,v,CVB,0,1,0,exhibition,,
CVB194504222,ashbe101,CVB,,1,value,,,,,,,,,,,,,,,,,,,,,,,19450422,2,DAL01,h,CAG,1,0,0,exhibition,,
CVB194504222,breme101,CVB,,2,value,,,,,,,,,,,,,,,,,,,,,,,19450422,2,DAL01,h,CAG,1,0,0,exhibition,,
CVB194504222,gulln101,CVB,,1,value,,,,,,,,,,,,,,,,,,,,,,,19450422,2,DAL01,h,CAG,1,0,0,exhibition,,
CVB194504222,woodp104,CVB,,,value,,,1,1,,,1,4,,,,,,,,,,,,,,,19450422,2,DAL01,h,CAG,1,0,0,exhibition,,
CAG194504230,browj114,CVB,,1,value,,,,,,,,,,,,,,,,,,,,,,,19450423,0,DAL01,v,CAG,1,0,0,exhibition,,
CAG194504230,trouq101,CVB,,1,value,,,,,,,,,,,,,,,,,,,,,,,19450423,0,DAL01,v,CAG,1,0,0,exhibition,,
CAG194504230,barnh102,CAG,,1,value,,,,,,,,,,,,,,,,,,,,,,,19450423,0,DAL01,h,CVB,0,1,0,exhibition,,
CAG194504230,jacks105,CAG,,1,value,,,,,,,,,,,,,,,,,,,,,,,19450423,0,DAL01,h,CVB,0,1,0,exhibition,,
CAG194504230,mastu101,CAG,,2,value,,,,,,,,,,,,,,,,,,,,,,,19450423,0,DAL01,h,CVB,0,1,0,exhibition,,
CAG194504230,westo102,CAG,,3,value,,,,,,,,,,,,,,,,,,,,,,,19450423,0,DAL01,h,CVB,0,1,0,exhibition,,
KCM194505030,haywb102,CIA,,1,value,,,,,,,,,,,,,,,,,,,,,,,19450503,0,DAL01,v,KCM,0,1,0,exhibition,,
KCM194505030,merch101,CIA,,1,value,,,,,,,,,,,,,,,,,,,,,,,19450503,0,DAL01,v,KCM,0,1,0,exhibition,,
KCM194505030,watsa102,CIA,,2,value,,,,,,,,,,,,,,,,,,,,,,,19450503,0,DAL01,v,KCM,0,1,0,exhibition,,
KCM194505030,hayns101,KCM,,1,value,,,,,,,,,,,,,,,,,,,,,,,19450503,0,DAL01,h,CIA,1,0,0,exhibition,,
KCM194505030,lamaj102,KCM,,2,value,,,,,,,,,,,,,,,,,,,,,,,19450503,0,DAL01,h,CIA,1,0,0,exhibition,,
KCM194505030,mcdab101,KCM,,1,value,,,,,,,,,,,,,,,,,,,,,,,19450503,0,DAL01,h,CIA,1,0,0,exhibition,,
KCM194509270,garca101,CIA,,,value,,,,,,,,,,,,,,,,,,,,,,,19450927,0,DAL01,v,KCM,1,0,0,exhibition,,
KCM194509270,hairs101,CIA,,,value,,,,,,,,,,,,,,,,,,,,,,,19450927,0,DAL01,v,KCM,1,0,0,exhibition,,
KCM194509270,hayns101,KCM,,,value,,,,,,,,,,,,,,,,,,,,,,,19450927,0,DAL01,h,CIA,0,1,0,exhibition,,
KCM194509270,lamaj102,KCM,,,value,,,,,,,,,,,,,,,,,,,,,,,19450927,0,DAL01,h,CIA,0,1,0,exhibition,,
NY6194604100,haynj102,HOM,,1,value,,,,,,,,,,,,,,,,,,,,,,,19460410,0,DAL01,v,NY6,0,1,0,exhibition,,
NY6194604100,hewig101,HOM,,1,value,,,,,,,,,,,,,,,,,,,,,,,19460410,0,DAL01,v,NY6,0,1,0,exhibition,,
NY6194604100,loudl101,NY6,,1,value,,,,,,,,,,,,,,,,,,,,,,,19460410,0,DAL01,h,HOM,1,0,0,exhibition,,
NY6194604100,searc101,NY6,,,value,,,,1,,1,,,,,,,,,,,,,,,,,19460410,0,DAL01,h,HOM,1,0,0,exhibition,,
NY6194604100,tianl102,NY6,,1,value,,,,,,,,,,,,,,,,,,,,,,,19460410,0,DAL01,h,HOM,1,0,0,exhibition,,
NY6194604110,elliu101,HOM,,1,value,,,,,,,,,,,,,,,,,,,,,,,19460411,0,DAL01,v,NY6,1,0,0,exhibition,,
NY6194604110,hairh101,HOM,,2,value,,,,,,,,,,,,,,,,,,,,,,,19460411,0,DAL01,v,NY6,1,0,0,exhibition,,
NY6194604110,haynj102,HOM,,1,value,,,,,,,,,,,,,,,,,,,,,,,19460411,0,DAL01,v,NY6,1,0,0,exhibition,,
NY6194604110,danie101,NY6,,1,value,,,,,,,,,,,,,,,,,,,,,,,19460411,0,DAL01,h,HOM,0,1,0,exhibition,,
NY6194604110,howac102,NY6,,2,value,,,,,,,,,,,,,,,,,,,,,,,19460411,0,DAL01,h,HOM,0,1,0,exhibition,,
NY6194604110,loudl101,NY6,,1,value,,,,,,,,,,,,,,,,,,,,,,,19460411,0,DAL01,h,HOM,0,1,0,exhibition,,
CCR194604170,broww101,KCM,,,value,,,1,1,,,1,2,,,,,,,,,,,,,,,19460417,0,DAL01,v,CCR,1,0,0,exhibition,,
CCR194604170,johnc103,KCM,,,value,,,,,,,,,,,,,,,,,,,,,,,19460417,0,DAL01,v,CCR,1,0,0,exhibition,,
CCR194604170,scotj106,KCM,,,value,,,1,,,,,,,,,,,,,,,,,,,,19460417,0,DAL01,v,CCR,1,0,0,exhibition,,
CCR194604170,smith111,KCM,,,value,,,,,,,,,,,,,,,,,,,,,,,19460417,0,DAL01,v,CCR,1,0,0,exhibition,,
CCR194604170,taboe101,KCM,,,value,,,,,,,,,,,,,,,,,,,,,,,19460417,0,DAL01,v,CCR,1,0,0,exhibition,,
CCR194604170,alexg103,CCR,,,value,,,,,,,,,,,,,,,,,,,,,,,19460417,0,DAL01,h,KCM,0,1,0,exhibition,,
CCR194604170,brooj103,CCR,,,value,,,,,,,,,,,,,,,,,,,,,,,19460417,0,DAL01,h,KCM,0,1,0,exhibition,,
CCR194604170,eastl101,CCR,,,value,,,,1,,1,,,,,,,,,,,,,,,,,19460417,0,DAL01,h,KCM,0,1,0,exhibition,,
CCR194604170,markj101,CCR,,,value,,,,,,,,,,,,,,,,,,,,,,,19460417,0,DAL01,h,KCM,0,1,0,exhibition,,
CCR194604170,riddm101,CCR,,,value,,,,,,,,,,,,,,,,,,,,,,,19460417,0,DAL01,h,KCM,0,1,0,exhibition,,
KCM194704290,garca101,IN9,,,value,,,,,,,,,,,,,,,,,,,,,,,19470429,0,DAL01,v,KCM,0,1,0,exhibition,,
KCM194704290,haywb102,IN9,,,value,,,,,,,,,,,,,,,,,,,,,,,19470429,0,DAL01,v,KCM,0,1,0,exhibition,,
KCM194704290,quint103,IN9,,,value,,,,,,,,,,,,,,,,,,,,,,,19470429,0,DAL01,v,KCM,0,1,0,exhibition,,
KCM194704290,taboe101,KCM,,,value,,,,,,,,,,,,,,,,,,,,,,,19470429,0,DAL01,h,IN9,1,0,0,exhibition,,
KCM194704290,wylis101,KCM,,,value,,,,,,,,,,,,,,,,,,,,,,,19470429,0,DAL01,h,IN9,1,0,0,exhibition,,
KCM194804300,bennj102,IN9,,,value,,,,,,,,,,,,,,,,,,,,,,,19480430,0,DAL01,v,KCM,0,1,0,exhibition,,
KCM194804300,cohej101,IN9,,,value,,,,,,,,,,,,,,,,,,,,,,,19480430,0,DAL01,v,KCM,0,1,0,exhibition,,
KCM194804300,garca101,IN9,,,value,,,,,,,,,,,,,,,,,,,,,,,19480430,0,DAL01,v,KCM,0,1,0,exhibition,,
KCM194804300,haywb102,IN9,,,value,,,,,,,,,,,,,,,,,,,,,,,19480430,0,DAL01,v,KCM,0,1,0,exhibition,,
KCM194804300,neilr101,IN9,,,value,,,1,1,,,1,4,,,,,,,,,,,,,,,19480430,0,DAL01,v,KCM,0,1,0,exhibition,,
KCM194804300,broww101,KCM,,,value,,,1,1,,,1,1,,,,,,,,,,,,,,,19480430,0,DAL01,h,IN9,1,0,0,exhibition,,
KCM194804300,lamaj102,KCM,,,value,,,,,,,,,,,,,,,,,,,,,,,19480430,0,DAL01,h,IN9,1,0,0,exhibition,,
KCM194804300,oneib801,KCM,,,value,,,1,1,,,1,1,,,,,,,,,,,,,,,19480430,0,DAL01,h,IN9,1,0,0,exhibition,,
KCM194804300,smith111,KCM,,,value,,,,,,,,,,,,,,,,,,,,,,,19480430,0,DAL01,h,IN9,1,0,0,exhibition,,
KCM194804300,taboe101,KCM,,,value,,,,,,,,,,,,,,,,,,,,,,,19480430,0,DAL01,h,IN9,1,0,0,exhibition,,
