gid,id,team,d_seq,d_pos,stattype,d_ifouts,d_po,d_a,d_e,d_dp,d_tp,d_pb,d_wp,d_sb,d_cs,d_gs,date,number,site,vishome,opp,win,loss,tie,gametype,box,pbp
HSL194306190,riche101,NW2,1,6,value,24,3,3,1,2,0,0,0,0,,1,19430619,0,WIL05,v,HSL,0,1,0,regular,y,
HSL194306190,dobyl101,NW2,1,4,value,24,4,5,0,2,0,0,0,0,,1,19430619,0,WIL05,v,HSL,0,1,0,regular,y,
HSL194306190,watkm101,NW2,1,5,value,24,3,1,0,0,0,0,0,0,,1,19430619,0,WIL05,v,HSL,0,1,0,regular,y,
HSL194306190,davij106,NW2,1,8,value,24,2,0,0,0,0,0,0,0,,1,19430619,0,WIL05,v,HSL,0,1,0,regular,y,
HSL194306190,pearl102,NW2,1,9,value,24,2,0,0,0,0,0,0,0,,1,19430619,0,WIL05,v,HSL,0,1,0,regular,y,
HSL194306190,suttm101,NW2,1,3,value,,4,2,2,0,0,0,0,0,,,19430619,0,WIL05,v,HSL,0,1,0,regular,y,
HSL194306190,suttm101,NW2,2,1,value,9,,,,0,0,0,0,0,,,19430619,0,WIL05,v,HSL,0,1,0,regular,y,
HSL194306190,ruffl101,NW2,1,2,value,24,2,0,1,0,0,0,0,0,,1,19430619,0,WIL05,v,HSL,0,1,0,regular,y,
HSL194306190,fitzj105,NW2,1,7,value,24,2,0,0,0,0,0,0,0,,1,19430619,0,WIL05,v,HSL,0,1,0,regular,y,
HSL194306190,elamj101,NW2,1,1,value,15,2,1,0,2,0,0,0,0,,1,19430619,0,WIL05,v,HSL,0,1,0,regular,y,
HSL194306190,elamj101,NW2,2,3,value,,,,2,2,0,0,0,0,,1,19430619,0,WIL05,v,HSL,0,1,0,regular,y,
HSL194306190,wilsd103,HSL,1,5,value,27,2,2,1,0,0,0,0,0,,1,19430619,0,WIL05,h,NW2,1,0,0,regular,y,
HSL194306190,fordj101,HSL,1,4,value,27,2,4,0,0,0,0,0,0,,1,19430619,0,WIL05,h,NW2,1,0,0,regular,y,
HSL194306190,parkt101,HSL,1,7,value,27,2,0,0,0,0,0,0,0,,1,19430619,0,WIL05,h,NW2,1,0,0,regular,y,
HSL194306190,starj102,HSL,1,3,value,27,7,1,0,0,0,0,0,0,,1,19430619,0,WIL05,h,NW2,1,0,0,regular,y,
HSL194306190,armob101,HSL,1,8,value,27,3,0,0,0,0,0,0,0,,1,19430619,0,WIL05,h,NW2,1,0,0,regular,y,
HSL194306190,willh105,HSL,1,6,value,27,2,4,0,0,0,0,0,0,,1,19430619,0,WIL05,h,NW2,1,0,0,regular,y,
HSL194306190,wille105,HSL,1,9,value,27,1,0,0,0,0,0,0,0,,1,19430619,0,WIL05,h,NW2,1,0,0,regular,y,
HSL194306190,grayc104,HSL,1,2,value,27,8,0,0,0,0,1,0,1,,1,19430619,0,WIL05,h,NW2,1,0,0,regular,y,
HSL194306190,boonl102,HSL,1,1,value,27,0,1,2,0,0,0,0,0,,1,19430619,0,WIL05,h,NW2,1,0,0,regular,y,
