gid,id,team,p_seq,stattype,p_ipouts,p_noout,p_bfp,p_h,p_d,p_t,p_hr,p_r,p_er,p_w,p_iw,p_k,p_hbp,p_wp,p_bk,p_sh,p_sf,p_sb,p_cs,p_pb,wp,lp,save,p_gs,p_gf,p_cg,date,number,site,vishome,opp,win,loss,tie,gametype,box,pbp
DT1192105070,treah101,ACY,1,value,15,0,27,7,2,0,2,7,6,4,0,4,0,0,0,0,1,1,0,0,,,,1,,,19210507,0,DET07,v,DT1,0,1,0,exhibition,y,y
DT1192105070,wills103,ACY,2,value,9,0,14,4,2,0,0,2,2,1,0,1,0,0,0,0,0,1,0,0,,1,,,1,,19210507,0,DET07,v,DT1,0,1,0,exhibition,y,y
DT1192105070,forcb101,DT1,1,value,15,3,23,8,2,0,2,6,6,1,0,0,0,0,0,0,0,0,0,0,,,,1,,,19210507,0,DET07,h,ACY,1,0,0,exhibition,y,y
DT1192105070,gateb101,DT1,2,value,6,0,9,4,0,0,1,2,2,0,0,1,0,0,0,0,0,0,0,0,,,,,,,19210507,0,DET07,h,ACY,1,0,0,exhibition,y,y
DT1192105070,hollb106,DT1,3,value,6,0,9,1,0,0,0,0,0,1,0,1,1,0,0,0,0,0,0,0,1,,,,1,,19210507,0,DET07,h,ACY,1,0,0,exhibition,y,y
ACY192107031,whitd107,HIL,1,value,28,,41,10,0,0,0,6,0,3,,,0,0,0,0,,0,,0,,1,,1,,1,19210703,1,ACY01,v,ACY,0,1,0,exhibition,y,
ACY192107031,reddd101,ACY,1,value,30,,40,10,0,0,0,5,0,0,,,0,0,0,0,,0,,0,1,,,1,,1,19210703,1,ACY01,h,HIL,1,0,0,exhibition,y,
ACY192107310,johnd108,IN4,1,value,15,3,25,4,2,1,0,5,5,4,0,3,1,0,0,0,1,1,0,0,,1,,1,,,19210731,0,NYC15,v,ACY,0,1,0,exhibition,y,y
ACY192107310,kenyh101,IN4,2,value,6,0,11,4,1,0,0,2,1,0,0,1,0,0,0,0,0,1,0,0,,,,,,,19210731,0,NYC15,v,ACY,0,1,0,exhibition,y,y
ACY192107310,mahoa102,IN4,3,value,3,0,9,2,1,0,0,4,4,3,0,1,1,1,0,0,0,1,0,1,,,,,1,,19210731,0,NYC15,v,ACY,0,1,0,exhibition,y,y
ACY192107310,reddd101,ACY,1,value,27,0,38,11,3,1,0,3,2,2,0,3,0,0,0,0,0,0,1,0,1,,,1,,1,19210731,0,NYC15,h,IN4,1,0,0,exhibition,y,y
