gid,id,team,p_seq,stattype,p_ipouts,p_noout,p_bfp,p_h,p_d,p_t,p_hr,p_r,p_er,p_w,p_iw,p_k,p_hbp,p_wp,p_bk,p_sh,p_sf,p_sb,p_cs,p_pb,wp,lp,save,p_gs,p_gf,p_cg,date,number,site,vishome,opp,win,loss,tie,gametype,box,pbp
BIR194003310,boonl102,MEM,1,value,,,,,,,,,,,,,,,,,,,,,,,,1,,,19400331,0,JAC01,v,BIR,1,0,0,exhibition,,
BIR194003310,davir103,MEM,2,value,,,,,,,,,,,,,,,,,,,,,,,,,,,19400331,0,JAC01,v,BIR,1,0,0,exhibition,,
BIR194003310,nearh101,MEM,3,value,,,,,,,,,,,,,,,,,,,,,,,,,1,,19400331,0,JAC01,v,BIR,1,0,0,exhibition,,
BIR194003310,boona101,BIR,3,value,,,,,,,,,,,,,,,,,,,,,,,,,1,,19400331,0,JAC01,h,MEM,0,1,0,exhibition,,
BIR194003310,howar101,BIR,2,value,,,,,,,,,,,,,,,,,,,,,,,,,,,19400331,0,JAC01,h,MEM,0,1,0,exhibition,,
BIR194003310,jessg101,BIR,1,value,,,,,,,,,,,,,,,,,,,,,,,,1,,,19400331,0,JAC01,h,MEM,0,1,0,exhibition,,
BLG194004071,boonl102,MEM,1,value,2,,8,3,0,0,0,3,,2,0,0,0,0,0,0,0,,,,,1,,1,,,19400407,1,NOL01,v,BLG,0,1,0,exhibition,y,
BLG194004071,mathv101,MEM,2,value,22,,31,6,0,0,0,3,,1,0,5,0,0,0,1,0,,,,,,,,1,,19400407,1,NOL01,v,BLG,0,1,0,exhibition,y,
BLG194004071,hubew101,BLG,1,value,15,,21,3,0,0,0,1,,3,0,3,0,0,0,,0,,,,1,,,1,,,19400407,1,NOL01,h,MEM,1,0,0,exhibition,y,
BLG194004071,adame101,BLG,2,value,12,,16,4,0,0,0,0,,1,0,3,0,0,0,,0,,,,,,,,1,,19400407,1,NOL01,h,MEM,1,0,0,exhibition,y,
BLG194004072,wilsl102,MEM,1,value,21,,30,5,0,1,0,1,,2,,3,0,0,0,1,,,,,1,,,1,,1,19400407,2,NOL01,v,BLG,1,0,0,exhibition,y,
BLG194004072,murru101,BLG,1,value,3,,11,3,0,0,0,8,,4,0,0,0,1,1,,0,,,,,1,,1,,,19400407,2,NOL01,h,MEM,0,1,0,exhibition,y,
BLG194004072,dixoe101,BLG,2,value,10,,12,2,0,0,0,1,,0,0,1,0,0,0,,0,,,,,,,,,,19400407,2,NOL01,h,MEM,0,1,0,exhibition,y,
BLG194004072,phill101,BLG,3,value,8,,16,7,0,0,0,6,,4,0,1,0,0,0,,0,,,,,,,,1,,19400407,2,NOL01,h,MEM,0,1,0,exhibition,y,
BLG194004080,davir103,MEM,1,value,24,,34,6,1,0,0,3,,3,,5,0,0,0,0,,,,,,1,,1,,1,19400408,0,NOL01,v,BLG,0,1,0,exhibition,y,
BLG194004080,barnb105,BLG,1,value,21,,28,6,0,0,0,2,,3,0,2,1,1,0,2,0,,,,,,,1,,,19400408,0,NOL01,h,MEM,1,0,0,exhibition,y,
BLG194004080,willw105,BLG,2,value,6,,8,2,0,0,0,0,0,0,0,0,0,0,0,0,0,,,,1,,,,1,,19400408,0,NOL01,h,MEM,1,0,0,exhibition,y,
MEM194004140,adame101,BLG,1,value,,,,,,,,,,,,,,,,,,,,,,,,1,,,19400414,0,MEM02,v,MEM,1,0,0,exhibition,,
MEM194004140,hubew101,BLG,2,value,,,,,,,,,,,,,,,,,,,,,,,,,,,19400414,0,MEM02,v,MEM,1,0,0,exhibition,,
MEM194004140,willw105,BLG,3,value,,,,,,,,,,,,,,,,,,,,,,,,,1,,19400414,0,MEM02,v,MEM,1,0,0,exhibition,,
MEM194004140,mathv101,MEM,2,value,,,,,,,1,1,,,,,,,,,,,,,,,,,,,19400414,0,MEM02,h,BLG,0,1,0,exhibition,,
MEM194004140,sumrw101,MEM,1,value,12,3,,,,,,6,,,,,,,,,,,,,,1,,1,,,19400414,0,MEM02,h,BLG,0,1,0,exhibition,,
MEM194004140,wilsl102,MEM,3,value,,,,,,,,,,,,,,,,,,,,,,,,,1,,19400414,0,MEM02,h,BLG,0,1,0,exhibition,,
MEM194004190,boonl102,MEM,1,value,33,,,,,,,4,,,,,,,,,,,,,1,,,1,,1,19400419,0,MUS01,h,SNO,1,0,0,exhibition,,
MEM194004210,calhl101,SNO,1,value,,,,,,,,,,,,,,,,,,,,,,,,1,,,19400421,0,OKC01,v,MEM,0,1,0,exhibition,,
MEM194004210,mcalf101,SNO,3,value,,,,,,,,,,,,,,,,,,,,,,,,,1,,19400421,0,OKC01,v,MEM,0,1,0,exhibition,,
MEM194004210,washf101,SNO,2,value,,,,,,,,,,,,,,,,,,,,,,,,,,,19400421,0,OKC01,v,MEM,0,1,0,exhibition,,
MEM194004210,mathv101,MEM,1,value,,,,,,,,,,,,,,,,,,,,,,,,1,,,19400421,0,OKC01,h,SNO,1,0,0,exhibition,,
MEM194004210,sumrw101,MEM,2,value,,,,,,,,,,,,,,,,,,,,,,,,,1,,19400421,0,OKC01,h,SNO,1,0,0,exhibition,,
MEM194004280,evanb105,NY5,1,value,12,,20,6,0,0,1,3,,2,0,0,0,1,0,1,0,,,,,,,1,,,19400428,0,MEM02,v,MEM,0,1,0,exhibition,y,
MEM194004280,stann101,NY5,2,value,14,,23,5,0,0,0,3,,4,0,5,0,0,0,0,0,,,,,1,,,1,,19400428,0,MEM02,v,MEM,0,1,0,exhibition,y,
MEM194004280,boonl102,MEM,1,value,14,,23,7,0,0,0,4,,2,0,3,0,0,0,1,0,,,,,,,1,,,19400428,0,MEM02,h,NY5,1,0,0,exhibition,y,
MEM194004280,sumrw101,MEM,2,value,13,,18,3,0,0,0,1,,1,0,1,0,0,0,0,0,,,,1,,,,1,,19400428,0,MEM02,h,NY5,1,0,0,exhibition,y,
MEM194005020,hollb106,NY5,1,value,,,,,,,,,,,,,,,,,,,,,,,,1,,,19400502,0,LRK02,v,MEM,1,0,0,exhibition,,
MEM194005020,smitu102,NY5,2,value,,,,,,,,,,,,,,,,,,,,,,,,,1,,19400502,0,LRK02,v,MEM,1,0,0,exhibition,,
MEM194005020,sumrw101,MEM,1,value,27,,,,,,,5,,,,,,,,,,,,,,1,,1,,1,19400502,0,LRK02,h,NY5,0,1,0,exhibition,,
MEM194005051,johnt108,CAG,1,value,25,,34,10,1,0,0,4,,1,,4,0,0,0,3,,,,,,1,,1,,1,19400505,1,MEM02,v,MEM,0,1,0,exhibition,y,
MEM194005051,boonl102,MEM,1,value,8,,14,4,0,0,0,2,,1,0,0,0,0,0,1,0,,,,,,,1,,,19400505,1,MEM02,h,CAG,1,0,0,exhibition,y,
MEM194005051,wilsl102,MEM,2,value,19,,23,3,0,0,0,1,,1,0,5,0,0,0,0,0,,,,1,,,,1,,19400505,1,MEM02,h,CAG,1,0,0,exhibition,y,
MEM194005052,bowel102,CAG,1,value,6,2,10,1,0,0,0,0,,3,0,0,0,0,0,1,0,,,,,,,1,,,19400505,2,MEM02,v,MEM,1,0,0,exhibition,y,
MEM194005052,hudsf101,CAG,2,value,15,,19,4,0,0,0,1,,2,0,1,0,0,0,0,0,,,,1,,,,1,,19400505,2,MEM02,v,MEM,1,0,0,exhibition,y,
MEM194005052,boonl102,MEM,1,value,8,,14,4,0,0,1,3,,1,0,4,0,0,0,,0,,,,,1,,1,,,19400505,2,MEM02,h,CAG,0,1,0,exhibition,y,
MEM194005052,mathv101,MEM,2,value,7,,10,2,0,0,0,1,,0,0,0,0,0,0,,0,,,,,,,,,,19400505,2,MEM02,h,CAG,0,1,0,exhibition,y,
MEM194005052,sumrw101,MEM,3,value,6,,9,1,0,0,0,1,,2,0,0,0,0,0,,0,,,,,,,,1,,19400505,2,MEM02,h,CAG,0,1,0,exhibition,y,
MEM194005070,willl108,CAG,1,value,24,,,,,,,5,,,,,,,,,,,,,,1,,1,,1,19400507,0,GRE01,v,MEM,0,1,0,exhibition,,
MEM194005070,boonl102,MEM,1,value,,,,,,,,,,,,,,,,,,,,,,,,1,,,19400507,0,GRE01,h,CAG,1,0,0,exhibition,,
MEM194005070,mathv101,MEM,2,value,,,,,,,,,,,,,,,,,,,,,,,,,1,,19400507,0,GRE01,h,CAG,1,0,0,exhibition,,
MEM194005081,hudsf101,CAG,1,value,21,,35,5,0,0,0,6,,10,0,,0,0,0,,0,,,,,1,,1,,,19400508,1,NOL01,v,MEM,0,1,0,exhibition,y,
MEM194005081,bowel102,CAG,2,value,3,,4,0,0,0,0,0,,1,0,,0,0,0,,0,,,,,,,,1,,19400508,1,NOL01,v,MEM,0,1,0,exhibition,y,
MEM194005081,wilsl102,MEM,1,value,12,,14,2,0,0,0,0,,2,0,,0,0,0,,0,,,,,,,1,,,19400508,1,NOL01,h,CAG,1,0,0,exhibition,y,
MEM194005081,jackb102,MEM,2,value,15,,23,7,0,0,0,2,,2,0,,0,0,0,,0,,,,1,,,,1,,19400508,1,NOL01,h,CAG,1,0,0,exhibition,y,
MEM194005121,calhl101,SNO,1,value,2,,7,4,0,0,0,5,,0,0,0,1,0,0,0,0,,,,,1,,1,,,19400512,1,MEM02,v,MEM,0,1,0,regular,y,
MEM194005121,mcalf101,SNO,2,value,10,,17,2,0,0,1,4,,5,0,1,1,1,0,0,0,,,,,,,,,,19400512,1,MEM02,v,MEM,0,1,0,regular,y,
MEM194005121,duncs101,SNO,3,value,12,,19,9,0,0,0,4,,0,0,4,0,0,0,1,0,,,,,,,,1,,19400512,1,MEM02,v,MEM,0,1,0,regular,y,
MEM194005121,jackb102,MEM,1,value,24,,41,16,0,0,0,6,,3,0,2,0,1,0,2,0,,,,1,,,1,,,19400512,1,MEM02,h,SNO,1,0,0,regular,y,
MEM194005121,sumrw101,MEM,2,value,3,,5,1,0,0,0,2,,0,0,0,0,0,0,0,0,,,,,,,,1,,19400512,1,MEM02,h,SNO,1,0,0,regular,y,
MEM194005122,smite111,SNO,1,value,18,,33,8,0,1,0,8,,6,,3,1,0,0,0,,,,,,1,,1,,1,19400512,2,MEM02,v,MEM,0,1,0,regular,y,
MEM194005122,wilsl102,MEM,1,value,4,,10,3,0,0,0,3,,3,0,0,0,0,0,0,0,,,,,,,1,,,19400512,2,MEM02,h,SNO,1,0,0,regular,y,
MEM194005122,sumrw101,MEM,2,value,17,,25,8,0,0,0,4,,2,0,0,0,0,0,1,0,,,,1,,,,1,,19400512,2,MEM02,h,SNO,1,0,0,regular,y,
MEM194005130,washf101,SNO,1,value,19,,35,11,0,0,0,8,,6,0,2,0,0,1,2,0,,,,,,,1,,,19400513,0,MEM02,v,MEM,0,1,0,regular,y,
MEM194005130,calhl101,SNO,2,value,6,,9,3,0,0,0,2,,0,0,0,0,0,0,0,0,,,,,1,,,1,,19400513,0,MEM02,v,MEM,0,1,0,regular,y,
MEM194005130,savaj103,MEM,1,value,21,,31,7,0,0,0,9,,4,0,4,0,0,1,0,0,,,,,,,1,,,19400513,0,MEM02,h,SNO,1,0,0,regular,y,
MEM194005130,wilsl102,MEM,2,value,6,,7,1,0,0,0,0,,1,0,1,0,0,0,0,0,,,,1,,,,1,,19400513,0,MEM02,h,SNO,1,0,0,regular,y,
MEM194005160,kranf101,KCM,2,value,,,,,,,,,,,,,,,,,,,,,,,,,,,19400516,0,LRK02,v,MEM,1,0,0,exhibition,,
MEM194005160,matcj101,KCM,1,value,,,,,,,,,,,,,,,,,,,,,,,,1,,,19400516,0,LRK02,v,MEM,1,0,0,exhibition,,
MEM194005160,smith111,KCM,3,value,,,,,,,,,,,,,,,,,,,,,,,,,1,,19400516,0,LRK02,v,MEM,1,0,0,exhibition,,
MEM194005160,mathv101,MEM,1,value,,,,,,,,,,,,,,,,,,,,,,,,1,,,19400516,0,LRK02,h,KCM,0,1,0,exhibition,,
MEM194005160,sumrw101,MEM,2,value,,,,,,,,,,,,,,,,,,,,,,,,,1,,19400516,0,LRK02,h,KCM,0,1,0,exhibition,,
MEM194005170,greej108,KCM,1,value,,,,,,,,,,,,,,,,,,,,,,,,1,,,19400517,0,LRK02,v,MEM,1,0,0,regular,,
MEM194005170,matcj101,KCM,2,value,,,,,,,,,,,,,,,,,,,,,,,,,1,,19400517,0,LRK02,v,MEM,1,0,0,regular,,
MEM194005170,jackb102,MEM,2,value,,,,,,,,,,,,,,,,,,,,,,,,,1,,19400517,0,LRK02,h,KCM,0,1,0,regular,,
MEM194005170,sumrw101,MEM,1,value,,,,,,,,,,,,,,,,,,,,,,,,1,,,19400517,0,LRK02,h,KCM,0,1,0,regular,,
MEM194005191,smith111,KCM,1,value,27,,36,5,1,0,0,3,,1,,1,0,0,0,0,,,,,1,,,1,,1,19400519,1,MEM02,v,MEM,1,0,0,regular,y,
MEM194005191,jackb102,MEM,1,value,4,,15,8,0,0,0,6,,2,0,0,1,2,0,0,0,,,,,1,,1,,,19400519,1,MEM02,h,KCM,0,1,0,regular,y,
MEM194005191,wilsl102,MEM,2,value,14,,20,6,0,0,0,1,,0,0,0,0,0,0,2,0,,,,,,,,,,19400519,1,MEM02,h,KCM,0,1,0,regular,y,
MEM194005191,breme101,MEM,3,value,9,,14,4,0,0,0,3,,0,0,0,0,0,0,0,0,,,,,,,,1,,19400519,1,MEM02,h,KCM,0,1,0,regular,y,
MEM194005192,matcj101,KCM,1,value,21,,31,8,1,0,0,3,,1,,2,0,0,0,0,,,,,1,,,1,,1,19400519,2,MEM02,v,MEM,1,0,0,regular,y,
MEM194005192,sumrw101,MEM,1,value,15,,26,7,0,0,0,5,,1,0,1,2,0,0,,0,,,,,1,,1,,,19400519,2,MEM02,h,KCM,0,1,0,regular,y,
MEM194005192,savaj103,MEM,2,value,6,,8,1,0,0,0,0,0,1,0,0,0,0,0,,0,,,,,,,,1,,19400519,2,MEM02,h,KCM,0,1,0,regular,y,
MEM194005200,bradf104,KCM,3,value,,,,,,,,,,,,,,,,,,,,,,,,,1,,19400520,0,MEM02,v,MEM,0,1,0,regular,,
MEM194005200,bryaa101,KCM,2,value,,,,,,,,,,,,,,,,,,,,,,,,,,,19400520,0,MEM02,v,MEM,0,1,0,regular,,
MEM194005200,kranf101,KCM,1,value,,,,,,,,,,,,,,,,,,,,,,1,,1,,,19400520,0,MEM02,v,MEM,0,1,0,regular,,
MEM194005200,mathv101,MEM,1,value,27,,,1,,,1,3,,,,,,,,,,,,,1,,,1,,1,19400520,0,MEM02,h,KCM,1,0,0,regular,,
KCM194005230,dumal101,MEM,1,value,24,,43,12,2,0,1,11,,6,,4,0,2,0,0,1,,,,,1,,1,,1,19400523,0,OKC01,v,KCM,0,1,0,regular,y,
KCM194005230,walkg103,KCM,1,value,27,,30,1,0,0,0,0,0,1,,4,0,0,0,0,,,,,1,,,1,,1,19400523,0,OKC01,h,MEM,1,0,0,regular,y,
KCM194005240,boonl102,MEM,1,value,3,,9,5,0,0,1,5,,1,0,,0,0,0,,0,,,,,1,,1,,,19400524,0,WIC01,v,KCM,0,1,0,regular,y,
KCM194005240,sumrw101,MEM,2,value,15,,19,2,0,0,0,2,,2,0,,0,0,0,,0,,,,,,,,,,19400524,0,WIC01,v,KCM,0,1,0,regular,y,
KCM194005240,savaj103,MEM,3,value,6,,6,0,0,0,0,0,,0,0,,0,0,0,,0,,,,,,,,1,,19400524,0,WIC01,v,KCM,0,1,0,regular,y,
KCM194005240,bradf104,KCM,1,value,21,,27,3,0,0,0,1,0,2,0,,0,0,0,,0,,,,1,,,1,,,19400524,0,WIC01,h,MEM,1,0,0,regular,y,
KCM194005240,bryaa101,KCM,2,value,3,,9,2,0,0,0,2,,3,0,,0,0,0,,0,,,,,,,,,,19400524,0,WIC01,h,MEM,1,0,0,regular,y,
KCM194005240,smith111,KCM,3,value,3,,3,0,0,0,0,0,,0,0,,0,0,0,,0,,,,,,,,1,,19400524,0,WIC01,h,MEM,1,0,0,regular,y,
KCM194005261,wilsl102,MEM,1,value,24,,28,4,1,0,0,2,2,2,,6,0,0,0,0,,,,,,1,,1,,1,19400526,1,KAN05,v,KCM,0,1,0,regular,y,
KCM194005261,matcj101,KCM,1,value,27,,34,7,1,0,0,1,1,1,,6,0,0,0,1,,,,,1,,,1,,1,19400526,1,KAN05,h,MEM,1,0,0,regular,y,
KCM194005262,breme101,MEM,1,value,18,,32,8,2,2,0,5,,4,,2,0,0,0,1,,,,,,1,,1,,1,19400526,2,KAN05,v,KCM,0,1,0,regular,y,
KCM194005262,smith111,KCM,1,value,21,,24,3,0,0,1,1,1,1,,5,0,0,0,0,,,,,1,,,1,,1,19400526,2,KAN05,h,MEM,1,0,0,regular,y,
BIR194006021,jackb102,MEM,1,value,42,,54,8,5,0,0,2,0,2,,10,0,0,0,1,,,,,1,,,1,,1,19400602,1,BIR01,v,BIR,1,0,0,regular,y,
BIR194006021,sneae101,BIR,1,value,21,,27,4,0,0,0,1,1,2,0,2,0,0,0,0,0,,,,,,,1,,,19400602,1,BIR01,h,MEM,0,1,0,regular,y,
BIR194006021,howar101,BIR,2,value,21,,26,5,1,0,0,2,2,0,0,1,0,0,0,0,0,,,,,1,,,1,,19400602,1,BIR01,h,MEM,0,1,0,regular,y,
BIR194006022,mathv101,MEM,1,value,12,,14,2,0,0,0,0,0,2,0,3,0,0,0,,0,,,,1,,,1,,,19400602,2,BIR01,v,BIR,1,0,0,regular,y,
BIR194006022,newmw101,MEM,2,value,9,,9,1,0,0,0,0,0,0,0,0,0,0,0,,0,,,,,,,,1,,19400602,2,BIR01,v,BIR,1,0,0,regular,y,
BIR194006022,moodb101,BIR,1,value,10,,15,6,0,0,0,4,,0,0,2,0,0,0,,0,,,,,1,,1,,,19400602,2,BIR01,h,MEM,0,1,0,regular,y,
BIR194006022,burrs101,BIR,2,value,1,,4,2,0,0,0,2,,1,0,0,0,0,0,,0,,,,,,,,,,19400602,2,BIR01,h,MEM,0,1,0,regular,y,
BIR194006022,gregj101,BIR,3,value,10,,12,2,0,0,0,1,,0,0,1,0,0,0,,0,,,,,,,,1,,19400602,2,BIR01,h,MEM,0,1,0,regular,y,
BIR194006030,bankd101,BIR,1,value,27,,,5,,,,2,,,,,,,,,,,,,,1,,1,,1,19400603,0,GAD01,h,MEM,0,1,0,regular,,
MEM194006091,sneae101,BIR,1,value,10,,20,9,0,0,1,6,,1,0,2,0,0,0,0,0,,,,,,,1,,,19400609,1,MEM02,v,MEM,1,0,0,regular,y,
MEM194006091,moodb101,BIR,2,value,8,,13,2,0,0,0,3,,2,0,1,0,0,0,0,0,,,,1,,,,,,19400609,1,MEM02,v,MEM,1,0,0,regular,y,
MEM194006091,howar101,BIR,3,value,9,,9,0,0,0,0,0,0,0,0,0,0,0,0,0,0,,,,,,,,1,,19400609,1,MEM02,v,MEM,1,0,0,regular,y,
MEM194006091,jackb102,MEM,1,value,8,,16,6,0,0,1,7,,1,0,1,0,0,0,1,0,,,,,1,,1,,,19400609,1,MEM02,h,BIR,0,1,0,regular,y,
MEM194006091,breme101,MEM,2,value,10,,18,7,0,0,0,6,,0,0,1,0,0,0,0,0,,,,,,,,,,19400609,1,MEM02,h,BIR,0,1,0,regular,y,
MEM194006091,sumrw101,MEM,3,value,9,,12,3,0,0,0,0,,0,0,0,0,0,0,0,0,,,,,,,,1,,19400609,1,MEM02,h,BIR,0,1,0,regular,y,
MEM194006092,jessg101,BIR,1,value,18,,25,6,0,1,0,5,,1,,3,0,0,0,1,,,,,,1,,1,,1,19400609,2,MEM02,v,MEM,0,1,0,regular,y,
MEM194006092,dumal101,MEM,1,value,21,,25,3,0,0,0,3,,1,,4,0,0,0,1,,,,,1,,,1,,1,19400609,2,MEM02,h,BIR,1,0,0,regular,y,
MEM194006100,moodb101,BIR,1,value,24,,38,14,0,0,0,5,,1,0,5,0,0,0,1,0,,,,1,,,1,,,19400610,0,MEM02,v,MEM,1,0,0,regular,y,
MEM194006100,howar101,BIR,2,value,3,,4,0,0,0,0,0,,1,0,1,0,0,0,0,0,,,,,,,,1,,19400610,0,MEM02,v,MEM,1,0,0,regular,y,
MEM194006100,bensa102,MEM,1,value,0,3,3,1,0,0,0,3,,1,0,0,1,0,0,,0,,,,,1,,1,,,19400610,0,MEM02,h,BIR,0,1,0,regular,y,
MEM194006100,boonl102,MEM,2,value,3,2,6,2,0,0,0,2,,1,0,1,0,0,0,,0,,,,,,,,,,19400610,0,MEM02,h,BIR,0,1,0,regular,y,
MEM194006100,savaj103,MEM,3,value,21,,27,4,0,0,0,2,,4,0,5,0,0,0,,0,,,,,,,,,,19400610,0,MEM02,h,BIR,0,1,0,regular,y,
MEM194006100,sumrw101,MEM,4,value,3,,4,1,0,0,0,0,,0,0,0,0,0,0,,0,,,,,,,,1,,19400610,0,MEM02,h,BIR,0,1,0,regular,y,
MEM194006180,calhl101,SNO,2,value,,,,,,,,,,,,,,,,,,,,,1,,,,1,,19400618,0,OKC01,v,MEM,1,0,0,regular,,
MEM194006180,smite111,SNO,1,value,,,,,,,1,,,,,,,,,,,,,,,,,1,,,19400618,0,OKC01,v,MEM,1,0,0,regular,,
MEM194006180,mathv101,MEM,1,value,27,,,12,,,,9,,,,,,,,,,,,,,1,,1,,1,19400618,0,OKC01,h,SNO,0,1,0,regular,,
MEM194006210,mcalf101,SNO,1,value,27,,32,4,1,0,0,1,1,3,,9,0,0,0,0,,,,,1,,,1,,1,19400621,0,NOL01,v,MEM,1,0,0,regular,y,
MEM194006210,breme101,MEM,1,value,27,,36,7,1,1,0,3,2,1,,5,0,0,0,0,1,,,,,1,,1,,1,19400621,0,NOL01,h,SNO,0,1,0,regular,y,
MEM194006231,smite111,SNO,1,value,12,,17,3,0,0,0,4,1,2,0,0,1,0,0,1,0,,,,1,,,1,,,19400623,1,MEM02,v,MEM,1,0,0,regular,y,
MEM194006231,calhl101,SNO,2,value,15,,26,7,0,0,1,2,2,4,0,6,0,0,0,1,0,,,,,,,,1,,19400623,1,MEM02,v,MEM,1,0,0,regular,y,
MEM194006231,sumrw101,MEM,1,value,5,,13,6,0,0,0,5,1,2,0,1,1,0,0,,0,,,,,1,,1,,,19400623,1,MEM02,h,SNO,0,1,0,regular,y,
MEM194006231,mathv101,MEM,2,value,22,,31,9,0,0,0,3,3,0,0,2,0,0,0,,0,,,,,,,,1,,19400623,1,MEM02,h,SNO,0,1,0,regular,y,
MEM194006232,duncs101,SNO,1,value,16,,25,6,0,0,0,3,3,4,0,1,0,0,0,1,0,,,,1,,,1,,,19400623,2,MEM02,v,MEM,1,0,0,regular,y,
MEM194006232,mcalf101,SNO,2,value,5,,5,0,0,0,0,0,0,0,0,0,1,0,0,0,0,,,,,,,,1,,19400623,2,MEM02,v,MEM,1,0,0,regular,y,
MEM194006232,dumal101,MEM,1,value,4,,10,3,0,0,0,2,,3,0,0,0,0,1,0,0,,,,,1,,1,,,19400623,2,MEM02,h,SNO,0,1,0,regular,y,
MEM194006232,savaj103,MEM,2,value,17,,24,4,0,0,0,2,,5,0,3,0,0,0,1,0,,,,,,,,1,,19400623,2,MEM02,h,SNO,0,1,0,regular,y,
MEM194006250,brutj101,SNO,3,value,,,,,,,,,,,,,,,,,,,,,,,,,1,,19400625,0,MEM02,v,MEM,0,1,0,regular,,
MEM194006250,calhl101,SNO,2,value,,,,,,,,,,,,,,,,,,,,,,,,,,,19400625,0,MEM02,v,MEM,0,1,0,regular,,
MEM194006250,duncs101,SNO,1,value,,,,,,,,,,,,,,,,,,,,,,,,1,,,19400625,0,MEM02,v,MEM,0,1,0,regular,,
MEM194006250,breme101,MEM,1,value,27,,,9,,,,5,,,,,,,,,,,,,1,,,1,,1,19400625,0,MEM02,h,SNO,1,0,0,regular,,
CAG194006301,breme101,MEM,1,value,25,,36,5,1,1,0,5,,4,,6,0,0,0,1,,,,,,1,,1,,1,19400630,1,CHI09,v,CAG,0,1,0,regular,y,
CAG194006301,hudsf101,CAG,1,value,27,,36,5,2,0,0,4,,4,,3,0,0,0,1,,,,,1,,,1,,1,19400630,1,CHI09,h,MEM,1,0,0,regular,y,
CAG194006302,jackb102,MEM,1,value,18,,,2,,,,1,,,,,,,,,,,,,1,,,1,,,19400630,2,CHI09,v,CAG,1,0,0,regular,,
CAG194006302,savaj103,MEM,2,value,3,,,0,,,,0,,,,,,,,,,,,,,,,,1,,19400630,2,CHI09,v,CAG,1,0,0,regular,,
CAG194006302,bowel102,CAG,1,value,9,,,,,,,,,,,,,,,,,,,,,1,,1,,,19400630,2,CHI09,h,MEM,0,1,0,regular,,
CAG194006302,johnt108,CAG,2,value,,,,,,,,,,,,,,,,,,,,,,,,,,,19400630,2,CHI09,h,MEM,0,1,0,regular,,
CAG194006302,millw107,CAG,3,value,,,,,,,,,,,,,,,,,,,,,,,,,1,,19400630,2,CHI09,h,MEM,0,1,0,regular,,
MEM194007041,sarva101,CV9,1,value,24,,34,6,1,0,0,5,,2,,,0,0,0,2,,,,,,1,,1,,1,19400704,1,MEM02,v,MEM,0,1,0,regular,y,
MEM194007041,boonl102,MEM,1,value,18,,25,4,0,0,0,3,,3,0,,0,1,0,0,0,,,,1,,,1,,,19400704,1,MEM02,h,CV9,1,0,0,regular,y,
MEM194007041,savaj103,MEM,2,value,9,,11,2,0,0,0,0,,1,0,,0,0,0,0,0,,,,,,,,1,,19400704,1,MEM02,h,CV9,1,0,0,regular,y,
MEM194007042,henrp101,CV9,1,value,21,,29,7,0,0,0,2,,2,,4,0,0,0,0,,,,,1,,,1,,1,19400704,2,MEM02,v,MEM,1,0,0,regular,y,
MEM194007042,dumal101,MEM,1,value,6,2,12,3,0,0,0,3,,4,0,1,0,0,0,1,0,,,,,1,,1,,,19400704,2,MEM02,h,CV9,0,1,0,regular,y,
MEM194007042,jackb102,MEM,2,value,7,,10,2,0,0,0,3,,1,0,1,0,0,0,0,0,,,,,,,,,,19400704,2,MEM02,h,CV9,0,1,0,regular,y,
MEM194007042,breme101,MEM,3,value,8,,8,0,0,0,0,0,,0,0,1,0,0,0,0,0,,,,,,,,1,,19400704,2,MEM02,h,CV9,0,1,0,regular,y,
KCM194007071,boonl102,MEM,1,value,6,,12,1,0,0,0,1,,5,0,2,0,0,0,1,0,,,,,,,1,,,19400707,1,KAN05,v,KCM,0,1,0,regular,y,
KCM194007071,breme101,MEM,2,value,20,,30,9,1,1,0,4,,1,0,3,0,1,0,1,0,,,,,1,,,1,,19400707,1,KAN05,v,KCM,0,1,0,regular,y,
KCM194007071,matcj101,KCM,1,value,20,,27,6,0,0,0,4,,2,0,4,1,0,0,1,0,,,,,,,1,,,19400707,1,KAN05,h,MEM,1,0,0,regular,y,
KCM194007071,bradf104,KCM,2,value,7,,10,4,0,0,0,0,,0,0,2,0,0,0,1,0,,,,1,,,,1,,19400707,1,KAN05,h,MEM,1,0,0,regular,y,
KCM194007072,savaj103,MEM,1,value,8,,15,4,0,0,0,4,,2,0,2,1,0,0,,0,,,,,1,,1,,,19400707,2,KAN05,v,KCM,0,1,0,regular,y,
KCM194007072,mathv101,MEM,2,value,10,,19,5,0,0,0,3,,4,0,2,0,0,0,,0,,,,,,,,1,,19400707,2,KAN05,v,KCM,0,1,0,regular,y,
KCM194007072,smith111,KCM,1,value,21,,25,3,1,0,0,1,,0,,4,0,0,0,0,,,,,1,,,1,,1,19400707,2,KAN05,h,MEM,1,0,0,regular,y,
MEM194007141,bankd101,BIR,1,value,18,,24,4,1,0,0,1,1,2,0,5,0,1,0,1,0,,,,1,,,1,,,19400714,1,MEM02,v,MEM,1,0,0,regular,y,
MEM194007141,sneae101,BIR,2,value,9,,12,2,0,0,0,0,0,1,0,1,0,0,0,1,0,,,,,,,,1,,19400714,1,MEM02,v,MEM,1,0,0,regular,y,
MEM194007141,mathv101,MEM,1,value,27,,32,8,1,0,0,3,3,1,,6,0,0,0,0,,,,,,1,,1,,1,19400714,1,MEM02,h,BIR,0,1,0,regular,y,
MEM194007142,jessg101,BIR,1,value,6,,13,3,0,0,0,3,2,3,0,4,0,0,0,1,0,,,,,1,,1,,,19400714,2,MEM02,v,MEM,0,1,0,regular,y,
MEM194007142,sneae101,BIR,2,value,12,,15,2,0,0,0,1,0,0,0,0,0,0,0,1,0,,,,,,,,1,,19400714,2,MEM02,v,MEM,0,1,0,regular,y,
MEM194007142,breme101,MEM,1,value,21,,28,6,0,0,0,0,0,1,,5,1,0,0,0,,,,,1,,,1,,1,19400714,2,MEM02,h,BIR,1,0,0,regular,y,
MEM194007160,moodb101,BIR,1,value,27,,,6,,,,3,,,,,,,,,,,,,1,,,1,,1,19400716,0,LRK02,v,MEM,1,0,0,regular,,
BIR194007170,breme101,MEM,2,value,,,,,,,,,,,,,,,,,,,,,,,,,1,,19400717,0,OKC01,v,BIR,0,1,0,regular,,
BIR194007170,sumrw101,MEM,1,value,,,,,,,,,,,,,,,,,,,,,,1,,1,,,19400717,0,OKC01,v,BIR,0,1,0,regular,,
BIR194007170,sneae101,BIR,1,value,27,,,7,1,,,2,,,,,,,,,,,,,1,,,1,,1,19400717,0,OKC01,h,MEM,1,0,0,regular,,
MEM194007180,johnc103,IN8,1,value,25,,,4,,,,2,1,6,,,,,,,,,,,,1,,1,,1,19400718,0,WAC01,v,MEM,0,1,0,regular,,
MEM194007180,johnj117,IN8,2,value,0,,2,0,,,,0,0,1,,,,,,,,,,,,,,,1,,19400718,0,WAC01,v,MEM,0,1,0,regular,,
MEM194007180,dumal101,MEM,2,value,9,,,1,,,,0,0,,,,,,,,,,,,,,,,,,19400718,0,WAC01,h,IN8,1,0,0,regular,,
MEM194007180,hutcw101,MEM,1,value,9,,,2,,,,0,0,,,,,,,,,,,,,,,1,,,19400718,0,WAC01,h,IN8,1,0,0,regular,,
MEM194007180,savaj103,MEM,3,value,9,,,1,,,,1,1,3,,,,,,,,,,,1,,,,1,,19400718,0,WAC01,h,IN8,1,0,0,regular,,
MEM194007211,johnc103,IN8,1,value,24,,33,7,0,1,2,5,5,2,,3,0,0,0,0,,,,,,1,,1,,1,19400721,1,MEM02,v,MEM,0,1,0,regular,y,
MEM194007211,hutcw101,MEM,1,value,27,,37,5,0,0,1,3,3,3,,0,0,0,0,1,,,,,1,,,1,,1,19400721,1,MEM02,h,IN8,1,0,0,regular,y,
MEM194007230,breme101,MEM,2,value,3,,2,0,,,,0,0,0,,1,,,,,,,,,,,,,1,,19400723,0,PBL01,h,IN8,1,0,0,regular,,
MEM194007230,mathv101,MEM,1,value,24,2,,,,,,2,,,,,,,,,,,,,1,,,1,,,19400723,0,PBL01,h,IN8,1,0,0,regular,,
BIR194007281,savaj103,MEM,1,value,27,,,,,,,4,,,,,,,,,,,,,1,,,1,,1,19400728,1,BIR01,v,BIR,1,0,0,regular,,
BIR194007281,bankd101,BIR,1,value,27,,,3,2,,1,8,,,,,,,,,,,,,,1,,1,,1,19400728,1,BIR01,h,MEM,0,1,0,regular,,
BIR194007282,howar101,BIR,3,value,,,,,,,,,,,,,,,,,,,,,,,,,1,,19400728,2,BIR01,h,MEM,0,1,0,regular,,
BIR194007282,jessg101,BIR,2,value,,,,,,,,,,,,,,,,,,,,,,,,,,,19400728,2,BIR01,h,MEM,0,1,0,regular,,
BIR194007282,moodb101,BIR,1,value,,,,,,,1,,,,,,,,,,,,,,,,,1,,,19400728,2,BIR01,h,MEM,0,1,0,regular,,
MEM194008010,calhl101,SNO,3,value,,,,,,,,,,,,,,,,,,,,,,,,,1,,19400801,0,PBL01,v,MEM,1,0,0,regular,,
MEM194008010,mcalf101,SNO,1,value,,,,,,,,,,,,,,,,,,,,,,,,1,,,19400801,0,PBL01,v,MEM,1,0,0,regular,,
MEM194008010,smite111,SNO,2,value,,,,,,,,,,,,,,,,,,,,,,,,,,,19400801,0,PBL01,v,MEM,1,0,0,regular,,
MEM194008010,boonl102,MEM,1,value,,,,,,,,,,,,,,,,,,,,,,,,1,,,19400801,0,PBL01,h,SNO,0,1,0,regular,,
MEM194008010,savaj103,MEM,2,value,,,,,,,,,,,,,,,,,,,,,,,,,1,,19400801,0,PBL01,h,SNO,0,1,0,regular,,
NY5194008042,breme101,MEM,1,value,27,,31,3,1,0,0,0,0,2,,6,0,0,0,0,,,,,1,,,1,,1,19400804,2,NYC16,v,NY5,1,0,0,exhibition,y,
NY5194008042,stann101,NY5,1,value,27,,34,7,1,0,0,2,,4,,8,0,0,0,0,,,,,,1,,1,,1,19400804,2,NYC16,h,MEM,0,1,0,exhibition,y,
BLG194008050,mathv101,MEM,1,value,20,,33,7,0,0,0,8,,6,0,4,1,0,0,1,0,,,,,1,,1,,,19400805,0,BAL14,v,BLG,0,1,0,exhibition,y,
BLG194008050,savaj103,MEM,2,value,4,,8,1,0,0,0,0,,4,0,3,0,0,0,0,0,,,,,,,,1,,19400805,0,BAL14,v,BLG,0,1,0,exhibition,y,
BLG194008050,hubew101,BLG,1,value,22,,38,9,0,0,0,6,,5,0,6,0,0,0,1,0,,,,1,,,1,,,19400805,0,BAL14,h,MEM,1,0,0,exhibition,y,
BLG194008050,barnb105,BLG,2,value,5,,5,0,0,0,0,0,0,0,0,0,0,0,0,0,0,,,,,,,,1,,19400805,0,BAL14,h,MEM,1,0,0,exhibition,y,
BLG194008080,hutcw101,MEM,1,value,19,,28,6,0,0,0,4,,3,0,5,1,1,0,,0,,,,1,,,1,,,19400808,0,HRB01,v,BLG,1,0,0,exhibition,y,
BLG194008080,breme101,MEM,2,value,8,,11,3,0,0,0,1,,0,0,1,0,0,0,,0,,,,,,,,1,,19400808,0,HRB01,v,BLG,1,0,0,exhibition,y,
BLG194008080,davic105,BLG,1,value,19,,27,10,0,0,0,6,,1,0,3,0,0,1,1,0,,,,,1,,1,,,19400808,0,HRB01,h,MEM,0,1,0,exhibition,y,
BLG194008080,adame101,BLG,2,value,8,,10,2,0,0,0,1,,0,0,3,0,0,0,0,0,,,,,,,,1,,19400808,0,HRB01,h,MEM,0,1,0,exhibition,y,
PH5194008101,breme101,MEM,1,value,24,,36,12,0,1,0,4,3,,,1,0,0,0,0,,,,,,1,,1,,1,19400810,1,PHI17,v,PH5,0,1,0,exhibition,y,
PH5194008101,buchc101,PH5,1,value,27,,33,5,1,1,0,1,1,,,7,0,0,0,0,,,,,1,,,1,,1,19400810,1,PHI17,h,MEM,1,0,0,exhibition,y,
PH5194008102,savaj103,MEM,1,value,21,,24,3,2,0,0,1,1,,,9,0,0,0,0,,,,,1,,,1,,1,19400810,2,PHI17,v,PH5,1,0,0,exhibition,y,
PH5194008102,missj102,PH5,1,value,21,,30,8,1,0,0,4,4,1,,,0,0,0,0,,,,,,1,,1,,1,19400810,2,PHI17,h,MEM,0,1,0,exhibition,y,
MEM194008150,oaklc101,SNO,1,value,,,,,,,,,,,,,,,,,,,,,,,,1,,,19400815,0,LRK02,v,MEM,0,1,0,regular,,
MEM194008150,suttl101,SNO,2,value,,,,,,,,,,,,,,,,,,,,,,,,,1,,19400815,0,LRK02,v,MEM,0,1,0,regular,,
MEM194008150,hutcw101,MEM,2,value,,,,,,,,,,,,,,,,,,,,,,,,,1,,19400815,0,LRK02,h,SNO,1,0,0,regular,,
MEM194008150,mathv101,MEM,1,value,,,,,,,,,,,,,,,,,,,,,,,,1,,,19400815,0,LRK02,h,SNO,1,0,0,regular,,
SNO194008180,savaj103,MEM,1,value,6,,6,0,0,0,0,0,0,0,0,2,0,0,0,0,0,,,,,1,,1,,,19400818,0,NOL01,v,SNO,0,1,0,exhibition,y,
SNO194008180,hutcw101,MEM,2,value,18,,32,6,0,0,0,4,,6,0,1,0,0,0,1,0,,,,,,,,1,,19400818,0,NOL01,v,SNO,0,1,0,exhibition,y,
SNO194008180,smite111,SNO,1,value,27,,38,9,0,0,0,3,,4,,4,0,0,0,0,,,,,1,,,1,,1,19400818,0,NOL01,h,MEM,1,0,0,exhibition,y,
MEM194008230,johnt108,CAG,1,value,,,,,,,,,,,,,,,,,,,,,,,,1,,,19400823,0,LRK02,v,MEM,0,1,0,regular,,
MEM194008230,milez101,CAG,2,value,,,,,,,,,,,,,,,,,,,,,,,,,1,,19400823,0,LRK02,v,MEM,0,1,0,regular,,
MEM194008230,mathv101,MEM,1,value,27,,,5,,,,2,,,,,,,,,,,,,1,,,1,,1,19400823,0,LRK02,h,CAG,1,0,0,regular,,
MEM194008240,merch101,CAG,3,value,,,,,,,,,,,,,,,,,,,,,,,,,1,,19400824,0,MEM02,v,MEM,0,1,0,regular,,
MEM194008240,scotj108,CAG,2,value,,,,,,,,,,,,,,,,,,,,,,,,,,,19400824,0,MEM02,v,MEM,0,1,0,regular,,
MEM194008240,stanu101,CAG,1,value,,,,,,,,,,,,,,,,,,,,,,,,1,,,19400824,0,MEM02,v,MEM,0,1,0,regular,,
MEM194008240,hutcw101,MEM,1,value,,,,,,,,,,,,,,,,,,,,,,,,1,,,19400824,0,MEM02,h,CAG,1,0,0,regular,,
MEM194008240,mathv101,MEM,2,value,,,,,,,,,,,,,,,,,,,,,,,,,1,,19400824,0,MEM02,h,CAG,1,0,0,regular,,
MEM194008251,millw107,CAG,1,value,24,,39,14,2,0,0,5,5,2,,3,0,0,0,1,,,,,,1,,1,,1,19400825,1,MEM02,v,MEM,0,1,0,regular,y,
MEM194008251,breme101,MEM,1,value,27,,34,5,1,0,1,2,,1,,6,0,0,0,0,,,,,1,,,1,,1,19400825,1,MEM02,h,CAG,1,0,0,regular,y,
MEM194008252,alext101,CAG,1,value,,,,,,,,,,,,,,,,,,,,,,1,,1,,,19400825,2,MEM02,v,MEM,0,1,0,regular,,
MEM194008252,millw107,CAG,2,value,,,,,,,,,,,,,,,,,,,,,,,,,1,,19400825,2,MEM02,v,MEM,0,1,0,regular,,
MEM194008252,savaj103,MEM,1,value,21,,,8,,,,6,6,,,,,,,,,,,,1,,,1,,1,19400825,2,MEM02,h,CAG,1,0,0,regular,,
CAG194008290,savaj103,MEM,1,value,27,,,1,,,,1,0,,,,,,,,,,,,1,,,1,,1,19400829,0,BEL01,v,CAG,1,0,0,regular,,
CAG194009011,breme101,MEM,1,value,27,,,8,,,,3,,,,,,,,,,,,,1,,,1,,1,19400901,1,CHI09,v,CAG,1,0,0,regular,,
CAG194009011,millw107,CAG,1,value,27,,,11,,,,5,,,,,,,,,,,,,,1,,1,,1,19400901,1,CHI09,h,MEM,0,1,0,regular,,
CAG194009012,hutcw101,MEM,1,value,,,,,,,,,,,,,,,,,,,,,,,,1,,,19400901,2,CHI09,v,CAG,0,1,0,regular,,
CAG194009012,mathv101,MEM,2,value,,,,,,,,,,,,,,,,,,,,,,1,,,1,,19400901,2,CHI09,v,CAG,0,1,0,regular,,
CAG194009012,merch101,CAG,1,value,21,,,6,,,,2,,,,,,,,,,,,,1,,,1,,1,19400901,2,CHI09,h,MEM,1,0,0,regular,,
CAG194009021,mathv101,MEM,2,value,,,,,,,,,,,,,,,,,,,,,,,,,1,,19400902,1,CHI09,v,CAG,0,1,0,regular,,
CAG194009021,savaj103,MEM,1,value,,,,,,,,,,,,,,,,,,,,,,,,1,,,19400902,1,CHI09,v,CAG,0,1,0,regular,,
CAG194009021,millw107,CAG,2,value,,,,,,,,,,,,,,,,,,,,,1,,,,1,,19400902,1,CHI09,h,MEM,1,0,0,regular,,
CAG194009021,youne102,CAG,1,value,,,,,,,,,,,,,,,,,,,,,,,,1,,,19400902,1,CHI09,h,MEM,1,0,0,regular,,
CAG194009022,hudsf101,MEM,1,value,21,,,7,,,,3,,,,,,,,,,,,,1,,,1,,1,19400902,2,CHI09,v,CAG,1,0,0,regular,,
CAG194009022,scotj108,CAG,1,value,21,,,12,,2,,4,,,,,,,,,,,,,,1,,1,,1,19400902,2,CHI09,h,MEM,0,1,0,regular,,
PH5194009050,dumal101,MEM,1,value,24,,30,5,0,1,0,4,,,,,0,0,0,0,,,,,,1,,1,,1,19400905,0,PHI17,v,PH5,0,1,0,exhibition,y,
PH5194009050,millh104,PH5,1,value,27,,36,9,0,0,0,2,,,,,0,0,0,0,,,,,1,,,1,,1,19400905,0,PHI17,h,MEM,1,0,0,exhibition,y,
PH5194009060,breme101,MEM,1,value,21,,34,11,0,0,0,6,,,,,0,0,0,0,,,,,,1,,1,,1,19400906,0,CHE01,v,PH5,0,1,0,exhibition,y,
PH5194009060,johnt106,PH5,1,value,24,,36,6,0,0,0,2,,,,,0,0,0,0,,,,,1,,,1,,1,19400906,0,CHE01,h,MEM,1,0,0,exhibition,y,
PH5194009071,evanf101,MEM,1,value,16,,24,7,0,0,0,7,,,0,,0,0,0,,0,,,,,1,,1,,,19400907,1,PHI17,v,PH5,0,1,0,exhibition,y,
PH5194009071,mathv101,MEM,2,value,8,,13,5,0,0,0,3,,,0,,0,0,0,,0,,,,,,,,1,,19400907,1,PHI17,v,PH5,0,1,0,exhibition,y,
PH5194009071,ellis102,PH5,1,value,27,,37,10,3,0,1,5,,,,,0,0,0,0,,,,,1,,,1,,1,19400907,1,PHI17,h,MEM,1,0,0,exhibition,y,
PH5194009072,hutcw101,MEM,1,value,21,,25,4,2,0,0,1,1,,,7,0,0,0,0,,,,,1,,,1,,1,19400907,2,PHI17,v,PH5,1,0,0,exhibition,y,
PH5194009072,parnr102,PH5,1,value,21,,29,8,1,1,0,3,,,,,0,0,0,0,,,,,,1,,1,,1,19400907,2,PHI17,h,MEM,0,1,0,exhibition,y,
HOM194009081,mathv101,MEM,1,value,24,,29,7,2,0,0,3,,0,,5,0,0,0,1,,,,,,1,,1,,1,19400908,1,NYC16,v,HOM,0,1,0,exhibition,y,
HOM194009081,browr103,HOM,1,value,27,,34,5,0,0,0,1,,4,,4,0,0,0,1,,,,,1,,,1,,1,19400908,1,NYC16,h,MEM,1,0,0,exhibition,y,
BLG194009090,barbb102,BLG,1,value,30,,,8,,,,4,,,,,,,,,,,,,1,,,1,,1,19400909,0,BAL14,h,MEM,1,0,0,exhibition,,
HOM194009120,dumal101,MEM,1,value,24,,32,5,4,0,0,1,1,3,,2,0,0,0,0,,,,,,1,,1,,1,19400912,0,HRB01,v,HOM,0,1,0,exhibition,y,
HOM194009120,browr103,HOM,1,value,27,,34,4,2,0,0,0,0,4,,10,0,0,1,0,,,,,1,,,1,,1,19400912,0,HRB01,h,MEM,1,0,0,exhibition,y,
HOM194009130,hutcw101,MEM,1,value,24,,35,7,1,0,0,3,,4,,8,0,0,0,0,,,,,,1,,1,,1,19400913,0,BEL02,v,HOM,0,1,0,exhibition,y,
HOM194009130,jeffs101,HOM,1,value,27,,33,7,1,0,0,0,0,0,,5,0,0,0,0,,,,,1,,,1,,1,19400913,0,BEL02,h,MEM,1,0,0,exhibition,y,
MEM194009220,ruizs101,NY6,1,value,21,,32,12,0,0,0,3,,1,0,3,0,0,0,,0,,,,1,,,1,,,19400922,0,MEM02,v,MEM,1,0,0,exhibition,y,
MEM194009220,carts102,NY6,2,value,6,,8,1,0,0,0,0,,1,0,3,0,0,0,,0,,,,,,,,1,,19400922,0,MEM02,v,MEM,1,0,0,exhibition,y,
MEM194009220,hutcw101,MEM,1,value,27,,38,7,3,0,0,4,,7,,4,0,0,0,0,,,,,,1,,1,,1,19400922,0,MEM02,h,NY6,0,1,0,exhibition,y,
MEM194009290,boona101,SNO,1,value,9,,20,6,0,0,0,7,,5,0,2,0,1,0,,0,,,,,1,,1,,,19400929,0,MEM02,v,MEM,0,1,0,exhibition,y,
MEM194009290,smite111,SNO,2,value,9,,14,3,0,0,0,2,,1,0,2,0,0,0,,0,,,,,,,,,,19400929,0,MEM02,v,MEM,0,1,0,exhibition,y,
MEM194009290,calhl101,SNO,3,value,6,,10,3,0,0,0,1,,1,0,0,0,0,0,,0,,,,,,,,1,,19400929,0,MEM02,v,MEM,0,1,0,exhibition,y,
MEM194009290,dumal101,MEM,1,value,27,,42,4,1,1,0,5,,10,,4,0,0,0,0,,,,,1,,,1,,1,19400929,0,MEM02,h,SNO,1,0,0,exhibition,y,
