gid,id,team,d_seq,d_pos,stattype,d_ifouts,d_po,d_a,d_e,d_dp,d_tp,d_pb,d_wp,d_sb,d_cs,d_gs,date,number,site,vishome,opp,win,loss,tie,gametype,box,pbp,eject
NW2193705180,browj113,NW2,1,2,value,24,3,0,0,,,,,,,1,19370518,0,WIL04,h,HOM,1,0,0,regular,y,,
NY5193705290,browj113,NW2,1,2,value,18,2,0,0,0,0,0,0,0,0,1,19370529,0,PAT01,v,NY5,1,0,0,regular,y,d,
NW2193706050,browj113,NW2,1,2,value,12,1,0,0,0,0,0,0,0,0,1,19370605,0,PAT01,h,WEG,1,0,0,regular,y,d,
WEG193706060,browj113,NW2,1,2,value,9,0,0,0,0,0,0,0,0,0,0,19370606,0,WAS09,v,WEG,1,0,0,regular,y,d,
HOM193706170,browj113,NW2,1,2,value,24,3,2,0,0,0,0,0,0,0,1,19370617,0,TOL05,v,HOM,0,1,0,regular,y,d,
WEG193706192,browj113,NW2,1,2,value,21,0,0,0,0,0,0,0,0,0,1,19370619,2,PHI17,v,WEG,1,0,0,regular,y,d,
NY5193706272,browj113,NW2,1,2,value,24,,,0,,,,,,,1,19370627,2,NYC25,v,NY5,1,0,0,regular,,,
NY5193707051,browj113,NW2,1,2,value,27,5,0,0,0,0,,,,,1,19370705,1,NYC23,v,NY5,1,0,0,regular,y,,
NY5193707052,browj113,NW2,1,2,value,21,3,1,0,0,0,1,,3,,1,19370705,2,NYC23,v,NY5,1,0,0,regular,y,,
NW2193707170,browj113,NW2,1,2,value,27,8,0,0,0,0,0,0,1,0,1,19370717,0,PAT01,h,PTC,1,0,0,regular,y,d,
NY5193707310,browj113,NW2,1,2,value,24,4,0,0,0,0,2,1,0,0,1,19370731,0,PAT01,v,NY5,0,0,1,regular,y,d,
NW2193708013,browj113,NW2,1,2,value,24,3,2,0,0,0,0,0,4,1,1,19370801,3,TRE01,h,NY5,1,0,0,exhibition,y,d,
NW2193708110,browj113,NW2,1,2,value,27,6,0,0,0,0,0,0,1,0,1,19370811,0,YOR03,h,PTC,0,1,0,regular,y,d,
NW2193708153,browj113,NW2,1,2,value,27,7,0,0,0,0,1,0,0,0,1,19370815,3,TRE01,h,HOM,1,0,0,exhibition,y,d,
JAX193803270,browj113,JAX,1,2,value,27,11,1,,,,,,,,1,19380327,0,JKV01,h,CAG,0,1,0,exhibition,y,,
JAX193804030,browj113,JAX,1,2,value,36,11,3,0,0,0,,,,,1,19380403,0,JKV01,h,CAG,0,0,1,exhibition,y,,
JAX193804080,browj113,JAX,1,2,value,21,2,0,0,0,0,0,0,0,0,1,19380408,0,DTB01,h,CAG,0,1,0,exhibition,y,d,
JAX193804100,browj113,JAX,1,2,value,27,5,0,0,0,0,0,0,1,0,1,19380410,0,JKV01,h,CAG,0,1,0,exhibition,y,d,
NW2193805170,browj113,NW2,1,2,value,27,4,3,1,0,0,0,0,0,2,1,19380517,0,TRE01,h,PTC,0,1,0,regular,y,d,
NW2193805190,browj113,NW2,1,2,value,27,4,0,0,0,0,0,0,0,0,1,19380519,0,NWK04,h,PTC,1,0,0,regular,y,d,
NW2193805301,browj113,NW2,1,2,value,24,4,0,1,0,0,0,0,3,0,1,19380530,1,NWK04,h,BLG,0,1,0,regular,y,d,
NW2193806040,browj113,NW2,1,2,value,27,,,2,,,,,,,1,19380604,0,TRE01,h,HOM,0,1,0,regular,y,,
NW2193806051,browj113,NW2,1,2,value,27,10,1,1,0,0,0,0,0,0,1,19380605,1,NWK04,h,HOM,0,1,0,regular,y,d,
NW2193806140,browj113,NW2,1,2,value,27,4,0,0,0,0,0,0,0,0,1,19380614,0,TRE01,h,PH5,1,0,0,regular,y,d,
PH5193806181,browj113,NW2,1,2,value,24,4,0,0,0,0,0,0,0,0,1,19380618,1,PHI17,v,PH5,0,1,0,regular,y,d,
PH5193806191,browj113,NW2,1,2,value,,1,1,0,,,,,,,1,19380619,1,PHI16,v,PH5,1,0,0,regular,y,,
NW2193806230,browj113,NW2,1,2,value,27,9,1,0,0,0,0,0,1,1,1,19380623,0,NWK04,h,NY5,1,0,0,regular,y,d,
BLG193807031,browj113,NW2,1,2,value,24,4,0,,,,,,,,1,19380703,1,BAL14,v,BLG,0,1,0,regular,y,,
NY5193807042,browj113,NW2,1,2,value,9,0,0,0,0,0,0,0,0,0,0,19380704,2,NYC23,v,NY5,1,0,0,regular,y,d,
PH5193807091,browj113,NW2,1,2,value,24,0,0,0,0,0,0,0,0,0,1,19380709,1,PHI17,v,PH5,0,1,0,regular,y,d,
NW2193807101,browj113,NW2,1,2,value,15,0,0,2,0,0,0,0,2,0,1,19380710,1,NWK04,h,PTC,0,1,0,regular,y,d,
NW2193807172,browj113,NW2,1,2,value,21,0,0,0,0,0,0,0,0,0,1,19380717,2,NWK04,h,PH5,0,1,0,regular,y,d,
PH5193807301,browj113,NW2,1,2,value,9,2,0,0,0,0,0,0,0,0,0,19380730,1,PHI17,v,PH5,0,1,0,regular,y,d,
HOM193808061,browj113,HOM,1,2,value,27,,,0,,,,,,,1,19380806,1,MSN01,h,NW2,0,1,0,regular,,,
NW2193808210,browj113,NW2,1,2,value,3,2,0,1,0,0,0,0,0,0,0,19380821,0,NWK04,h,HOM,1,0,0,regular,y,d,
ATN193904230,browj113,NW2,1,7,value,27,0,0,0,0,0,,,,,1,19390423,0,ATL04,v,ATN,1,0,0,exhibition,y,d,
ATN193904240,browj113,NW2,1,7,value,27,1,0,0,0,0,,,,,1,19390424,0,BIR01,v,ATN,1,0,0,exhibition,y,d,
NW2193904270,browj113,NW2,1,7,value,24,0,0,0,0,0,,,,,1,19390427,0,MAC01,h,ATN,1,0,0,exhibition,y,d,
NW2193904300,browj113,NW2,1,7,value,27,0,,0,,0,,,,,1,19390430,0,MAC01,h,ATN,1,0,0,exhibition,y,,
NW2193905212,browj113,NW2,1,1,value,3,0,0,0,0,0,,,,,1,19390521,2,NWK04,h,BLG,1,0,0,regular,y,d,
BLG193906190,browj113,NW2,1,1,value,10,,,0,0,0,,,,,,19390619,0,RIC05,v,BLG,0,1,0,regular,y,,
NW2193906220,browj113,NW2,1,1,value,,,,0,,0,0,,,,,19390622,0,CHA03,h,NY5,0,1,0,exhibition,,,
HOM194006270,browj113,PH5,1,2,value,,0,0,0,0,0,1,,,,,19400627,0,WAR03,v,HOM,0,1,0,regular,y,,
CAG194007141,browj113,CAG,1,3,value,27,,,0,0,0,,,,,1,19400714,1,CHI09,h,SNO,1,0,0,regular,y,,
CAG194007142,browj113,CAG,1,2,value,27,,,0,,0,,,,,1,19400714,2,CHI09,h,SNO,1,0,0,regular,,,
CAG194007150,browj113,CAG,1,2,value,27,,,0,,0,,,,,1,19400715,0,CHI09,h,SNO,1,0,0,regular,,,
CAG194007282,browj113,CAG,1,2,value,21,,,0,,0,,,,,1,19400728,2,CHI09,h,KCM,1,0,0,regular,,,
CAG194007290,browj113,CAG,1,2,value,27,,,0,,0,,,,,1,19400729,0,CHI09,h,KCM,0,1,0,regular,,,
CAG194008041,browj113,CAG,1,2,value,27,5,0,0,0,0,0,,,,1,19400804,1,CHI09,h,CV9,1,0,0,regular,y,,
CAG194008111,browj113,CAG,1,2,value,,,,0,,0,,,,,1,19400811,1,CHI09,h,IN8,0,1,0,regular,,,
CAG194008112,browj113,CAG,1,2,value,21,,,0,,0,,,,,1,19400811,2,CHI09,h,IN8,1,0,0,regular,,,
BIR194008181,browj113,CAG,1,2,value,24,4,1,0,0,0,0,,,,1,19400818,1,BIR01,v,BIR,0,1,0,exhibition,y,,
BIR194008182,browj113,CAG,1,2,value,18,7,0,0,0,0,1,,,,1,19400818,2,BIR01,v,BIR,0,1,0,exhibition,y,,
MEM194008230,browj113,CAG,1,2,value,24,,,0,,0,,,,,1,19400823,0,LRK02,v,MEM,0,1,0,regular,,,
MEM194008251,browj113,CAG,1,7,value,24,0,,0,0,0,,,,,1,19400825,1,MEM02,v,MEM,0,1,0,regular,y,,
CAG194009011,browj113,CAG,1,2,value,27,,,0,,0,,,,,1,19400901,1,CHI09,h,MEM,0,1,0,regular,,,
CAG194009012,browj113,CAG,1,2,value,21,,,0,,0,,,,,1,19400901,2,CHI09,h,MEM,1,0,0,regular,,,
CAG194009021,browj113,CAG,1,2,value,33,,,0,,0,,,,,1,19400902,1,CHI09,h,MEM,1,0,0,regular,,,
CAG194009022,browj113,CAG,1,2,value,21,,,0,,0,,,,,1,19400902,2,CHI09,h,MEM,0,1,0,regular,,,
CAG194009082,browj113,CAG,1,2,value,18,,,0,0,0,0,,,,1,19400908,2,CHI09,h,KCM,0,1,0,regular,y,,
JAX194107271,browj113,JAX,1,1,value,,,,0,,0,0,,,,1,19410727,1,LOU05,h,KCM,0,1,0,exhibition,,,
KCM194204050,browj113,CCB,1,2,value,27,,,0,,0,,,,,1,19420405,0,MNL01,v,KCM,1,0,0,exhibition,,,
BIR194204260,browj113,CCB,1,2,value,27,,,0,,0,,,,,1,19420426,0,OKC01,v,BIR,1,0,0,exhibition,,,
BIR194205030,browj113,CCB,1,2,value,33,,,0,,0,,,,,1,19420503,0,LRK02,v,BIR,1,0,0,exhibition,,,
MEM194205101,browj113,CCB,1,2,value,,,,2,0,0,0,,,,,19420510,1,MEM02,v,MEM,0,1,0,regular,y,,
MEM194205102,browj113,CCB,1,2,value,,,,0,,0,,,,,1,19420510,2,MEM02,v,MEM,0,1,0,regular,,,
CCB194205171,browj113,CCB,1,2,value,27,,,0,,0,,,,,1,19420517,1,CIN07,h,JAX,0,1,0,regular,,,
CCB194205241,browj113,CCB,1,8,value,27,1,1,0,0,0,,,,,1,19420524,1,KAN05,h,JAX,1,0,0,regular,y,,
CCB194205311,browj113,CCB,1,2,value,27,,,0,0,0,0,,,,1,19420531,1,CLE06,h,JAX,1,0,0,regular,y,,
CCB194206080,browj113,CCB,1,2,value,30,,,0,,0,,,,,1,19420608,0,CHA01,h,CAG,1,0,0,regular,,,
CCB194206090,browj113,CCB,1,2,value,27,7,1,0,0,0,0,,,,1,19420609,0,YOU01,h,CAG,0,1,0,regular,y,,
CCB194206141,browj113,CCB,1,2,value,27,2,0,0,0,0,0,,,,1,19420614,1,CLE06,h,KCM,1,0,0,regular,y,,
CCB194206160,browj113,CCB,1,2,value,27,9,0,0,0,0,0,,,,1,19420616,0,MEA01,h,KCM,0,1,0,regular,y,,
CCB194206211,browj113,CCB,1,2,value,27,,,0,1,0,0,,,,1,19420621,1,CIN07,h,BIR,1,0,0,regular,y,,
CCB194206220,browj113,CCB,1,2,value,21,0,5,0,0,0,0,,,,1,19420622,0,YOU01,h,BIR,1,0,0,regular,y,,
CCB194207051,browj113,CCB,1,2,value,27,5,2,0,0,0,0,,,,1,19420705,1,CLE06,h,CAG,1,0,0,regular,y,,
CCB194207070,browj113,CCB,1,2,value,27,3,3,0,0,0,1,,,,1,19420707,0,AKR01,h,CAG,1,0,0,regular,y,,
CCB194207090,browj113,CCB,1,2,value,27,1,3,1,1,0,0,,,,1,19420709,0,CAN03,h,CAG,0,1,0,regular,y,,
CCB194207100,browj113,CCB,1,2,value,39,,,0,,0,,,,,,19420710,0,NIA01,h,CAG,0,0,1,regular,,,
CCB194207121,browj113,CCB,1,2,value,27,,,0,,0,,,,,1,19420712,1,IND10,h,BIR,0,1,0,regular,,,
CCB194207122,browj113,CCB,1,2,value,21,,,0,,0,,,,,1,19420712,2,IND10,h,BIR,0,1,0,regular,,,
CCB194207230,browj113,CCB,1,2,value,27,7,1,0,0,0,0,,,,1,19420723,0,ERI01,h,HOM,0,1,0,exhibition,y,,
CCB194207240,browj113,CCB,1,2,value,27,,,0,0,0,0,,,,1,19420724,0,BUF06,h,HOM,0,1,0,exhibition,y,,
HOM194207251,browj113,CCB,1,2,value,24,4,0,0,0,0,0,,,,1,19420725,1,PIT06,v,HOM,0,1,0,exhibition,y,,
CCB194207290,browj113,CCB,1,2,value,27,6,1,0,0,0,0,,,,1,19420729,0,AKR01,h,NW2,0,1,0,exhibition,y,,
NW2194208021,browj113,CCB,1,2,value,24,,,1,0,0,1,,,,1,19420802,1,NWK04,v,NW2,0,1,0,exhibition,y,,
NW2194208030,browj113,CCB,1,2,value,24,6,1,0,1,0,1,,,,1,19420803,0,HAR02,v,NW2,0,1,0,exhibition,y,,
NW2194208040,browj113,CCB,1,3,value,24,8,0,1,0,0,,,,,1,19420804,0,TRE01,v,NW2,0,1,0,exhibition,y,,
NW2194208060,browj113,CCB,1,2,value,24,,,0,0,0,0,,,,1,19420806,0,NWK04,v,NW2,0,1,0,exhibition,y,,
CAG194208201,browj113,CCB,1,5,value,27,,,0,0,0,,,,,1,19420820,1,RCI01,v,CAG,1,0,0,regular,y,,
CCB194208220,browj113,CCB,1,2,value,21,,,0,,0,,,,,1,19420822,0,DAY03,h,MEM,1,0,0,regular,,,
MEM194208250,browj113,CCB,1,2,value,24,,,0,,0,,,,,1,19420825,0,NOL01,v,MEM,0,1,0,regular,,,
CCB194208301,browj113,CCB,1,2,value,,7,1,1,0,0,0,,,,1,19420830,1,CLE06,h,JAX,1,0,0,regular,y,,
KCM194208310,browj113,CCB,1,2,value,24,,,0,,0,,,,,1,19420831,0,IND10,v,KCM,0,1,0,regular,,,
