gid,id,team,b_lp,b_seq,stattype,b_pa,b_ab,b_r,b_h,b_d,b_t,b_hr,b_rbi,b_sh,b_sf,b_hbp,b_w,b_iw,b_k,b_sb,b_cs,b_gdp,b_xi,b_roe,dh,ph,pr,date,number,site,vishome,opp,win,loss,tie,gametype,box,pbp,eject
NW2194405211,turnb101,NW2,1,1,value,4,3,0,0,0,0,0,0,0,0,0,1,0,,0,0,1,0,0,,,,19440521,1,NYC15,h,HOM,0,1,0,regular,y,d,
NW2194405212,turnb101,NW2,1,1,value,4,4,0,0,0,0,0,0,0,0,0,0,0,,0,0,0,0,0,,,,19440521,2,NYC15,h,HOM,0,1,0,regular,y,d,
NW2194405281,turnb101,NW2,1,1,value,4,4,0,0,0,0,0,0,0,0,0,0,0,0,0,0,0,0,0,,,,19440528,1,NWK04,h,NY5,1,0,0,regular,y,d,
NW2194405301,turnb101,NW2,1,1,value,5,5,0,1,,,,,0,,0,0,0,,,,,,,,,,19440530,1,NWK04,h,NY5,1,0,0,regular,y,,
PH5194406010,turnb101,NW2,1,1,value,4,4,0,0,0,0,0,0,0,0,0,0,0,1,0,0,0,0,0,,,,19440601,0,PHI17,v,PH5,0,1,0,regular,y,d,
MEM194406130,turnb101,NW2,1,1,value,6,5,1,1,0,0,0,0,0,0,0,1,0,,0,0,0,0,1,,,,19440613,0,DAV01,v,MEM,1,0,0,exhibition,y,d,
