gid,id,team,d_seq,d_pos,stattype,d_ifouts,d_po,d_a,d_e,d_dp,d_tp,d_pb,d_wp,d_sb,d_cs,d_gs,date,number,site,vishome,opp,win,loss,tie,gametype,box,pbp
PTC193707290,seayd101,NW2,1,4,value,37,,,0,,,,,,,1,19370729,0,WNY02,v,PTC,0,1,0,regular,y,
PTC193707290,lundd103,NW2,1,7,value,37,,,0,,,,,,,1,19370729,0,WNY02,v,PTC,0,1,0,regular,y,
PTC193707290,suttm101,NW2,2,7,value,37,,,0,,,,,,,,19370729,0,WNY02,v,PTC,0,1,0,regular,y,
PTC193707290,wellw101,NW2,1,6,value,37,,,0,,,,,,,1,19370729,0,WNY02,v,PTC,0,1,0,regular,y,
PTC193707290,stone101,NW2,1,9,value,37,,,0,,,,,,,1,19370729,0,WNY02,v,PTC,0,1,0,regular,y,
PTC193707290,pearl102,NW2,1,8,value,37,,,1,,,,,,,1,19370729,0,WNY02,v,PTC,0,1,0,regular,y,
PTC193707290,moorr104,NW2,1,3,value,37,,,0,,,,,,,1,19370729,0,WNY02,v,PTC,0,1,0,regular,y,
PTC193707290,dandr101,NW2,1,5,value,37,,,0,,,,,,,1,19370729,0,WNY02,v,PTC,0,1,0,regular,y,
PTC193707290,hayej104,NW2,1,2,value,37,,,0,,,,,,,1,19370729,0,WNY02,v,PTC,0,1,0,regular,y,
PTC193707290,owenr102,NW2,1,1,value,18,,,1,,,,,,,1,19370729,0,WNY02,v,PTC,0,1,0,regular,y,
PTC193707290,mcdut101,NW2,2,1,value,19,,,1,,,,,,,,19370729,0,WNY02,v,PTC,0,1,0,regular,y,
PTC193707290,burbb102,PTC,1,9,value,39,,,0,,,,,,,1,19370729,0,WNY02,h,NW2,1,0,0,regular,y,
PTC193707290,wilse104,PTC,1,8,value,39,,,0,,,,,,,1,19370729,0,WNY02,h,NW2,1,0,0,regular,y,
PTC193707290,speah101,PTC,1,5,value,39,,,0,,,,,,,1,19370729,0,WNY02,h,NW2,1,0,0,regular,y,
PTC193707290,starj102,PTC,1,3,value,39,,,0,,,,,,,1,19370729,0,WNY02,h,NW2,1,0,0,regular,y,
PTC193707290,harvb101,PTC,1,7,value,39,,,0,,,,,,,1,19370729,0,WNY02,h,NW2,1,0,0,regular,y,
PTC193707290,washj102,PTC,1,4,value,39,,,1,,,,,,,1,19370729,0,WNY02,h,NW2,1,0,0,regular,y,
PTC193707290,wilsd103,PTC,1,6,value,39,,,0,,,,,,,1,19370729,0,WNY02,h,NW2,1,0,0,regular,y,
PTC193707290,yount101,PTC,1,2,value,39,,,0,,,,,,,1,19370729,0,WNY02,h,NW2,1,0,0,regular,y,
PTC193707290,cainm101,PTC,1,1,value,39,,,0,,,,,,,1,19370729,0,WNY02,h,NW2,1,0,0,regular,y,
NY5193708180,burbb102,PTC,1,9,value,24,0,0,0,0,0,,,,,1,19370818,0,WNY02,v,NY5,0,1,0,regular,y,d
NY5193708180,wilse104,PTC,1,8,value,24,0,0,0,0,0,,,,,1,19370818,0,WNY02,v,NY5,0,1,0,regular,y,d
NY5193708180,speah101,PTC,1,5,value,24,0,0,0,0,0,,,,,1,19370818,0,WNY02,v,NY5,0,1,0,regular,y,d
NY5193708180,washj102,PTC,1,4,value,24,0,0,0,0,0,,,,,1,19370818,0,WNY02,v,NY5,0,1,0,regular,y,d
NY5193708180,willc106,PTC,1,6,value,24,0,0,1,0,0,,,,,1,19370818,0,WNY02,v,NY5,0,1,0,regular,y,d
NY5193708180,harvb101,PTC,1,1,value,24,0,0,0,0,0,,,,,1,19370818,0,WNY02,v,NY5,0,1,0,regular,y,d
NY5193708180,bassp101,PTC,1,2,value,24,0,0,0,0,0,0,0,0,0,1,19370818,0,WNY02,v,NY5,0,1,0,regular,y,d
NY5193708180,ruffl101,PTC,1,3,value,24,0,0,0,0,0,,,,,1,19370818,0,WNY02,v,NY5,0,1,0,regular,y,d
NY5193708180,smitt105,PTC,1,7,value,24,0,0,0,0,0,,,,,1,19370818,0,WNY02,v,NY5,0,1,0,regular,y,d
NY5193708180,barkm101,NY5,1,5,value,27,0,0,1,0,0,,,,,1,19370818,0,WNY02,h,PTC,1,0,0,regular,y,d
NY5193708180,gileg101,NY5,1,3,value,27,4,0,0,4,0,,,,,1,19370818,0,WNY02,h,PTC,1,0,0,regular,y,d
NY5193708180,thomc103,NY5,1,8,value,27,0,0,0,0,0,,,,,1,19370818,0,WNY02,h,PTC,1,0,0,regular,y,d
NY5193708180,cannw101,NY5,1,4,value,27,2,4,0,4,0,,,,,1,19370818,0,WNY02,h,PTC,1,0,0,regular,y,d
NY5193708180,barbb102,NY5,1,9,value,27,0,0,0,0,0,,,,,1,19370818,0,WNY02,h,PTC,1,0,0,regular,y,d
NY5193708180,jenkf102,NY5,1,7,value,27,0,0,0,0,0,,,,,1,19370818,0,WNY02,h,PTC,1,0,0,regular,y,d
NY5193708180,clarb107,NY5,1,2,value,27,0,1,0,0,0,0,0,0,1,1,19370818,0,WNY02,h,PTC,1,0,0,regular,y,d
NY5193708180,stepj105,NY5,1,6,value,27,3,4,0,4,0,,,,,1,19370818,0,WNY02,h,PTC,1,0,0,regular,y,d
NY5193708180,rectc101,NY5,1,1,value,27,0,0,0,0,0,,,,,1,19370818,0,WNY02,h,PTC,1,0,0,regular,y,d
NY5193709010,kimbh102,WEG,1,9,value,27,0,0,0,0,0,,,,,1,19370901,0,WNY02,v,NY5,1,0,0,regular,y,d
NY5193709010,hughs101,WEG,1,4,value,27,0,2,0,0,0,,,,,1,19370901,0,WNY02,v,NY5,1,0,0,regular,y,d
NY5193709010,wrigb104,WEG,1,7,value,27,0,0,1,0,0,,,,,1,19370901,0,WNY02,v,NY5,1,0,0,regular,y,d
NY5193709010,westj102,WEG,1,3,value,27,11,1,0,2,0,,,,,1,19370901,0,WNY02,v,NY5,1,0,0,regular,y,d
NY5193709010,snowf101,WEG,1,5,value,27,1,0,0,0,0,,,,,1,19370901,0,WNY02,v,NY5,1,0,0,regular,y,d
NY5193709010,mornl101,WEG,1,8,value,27,2,0,0,0,0,,,,,1,19370901,0,WNY02,v,NY5,1,0,0,regular,y,d
NY5193709010,walkh103,WEG,1,6,value,27,2,4,0,2,0,,,,,1,19370901,0,WNY02,v,NY5,1,0,0,regular,y,d
NY5193709010,campr102,WEG,1,2,value,27,11,0,0,1,0,1,0,0,0,1,19370901,0,WNY02,v,NY5,1,0,0,regular,y,d
NY5193709010,waita101,WEG,1,1,value,27,0,1,0,0,0,,,,,1,19370901,0,WNY02,v,NY5,1,0,0,regular,y,d
NY5193709010,barkm101,NY5,1,5,value,27,1,3,0,0,0,,,,,1,19370901,0,WNY02,h,WEG,0,1,0,regular,y,d
NY5193709010,gileg101,NY5,1,3,value,27,12,1,0,1,0,,,,,1,19370901,0,WNY02,h,WEG,0,1,0,regular,y,d
NY5193709010,thomc103,NY5,1,8,value,27,2,0,0,0,0,,,,,1,19370901,0,WNY02,h,WEG,0,1,0,regular,y,d
NY5193709010,cannw101,NY5,1,4,value,27,3,4,0,1,0,,,,,1,19370901,0,WNY02,h,WEG,0,1,0,regular,y,d
NY5193709010,jenkf102,NY5,1,7,value,27,2,0,0,0,0,,,,,1,19370901,0,WNY02,h,WEG,0,1,0,regular,y,d
NY5193709010,browb107,NY5,1,9,value,27,2,0,0,0,0,,,,,1,19370901,0,WNY02,h,WEG,0,1,0,regular,y,d
NY5193709010,powee101,NY5,1,2,value,27,4,1,3,0,0,0,0,0,0,1,19370901,0,WNY02,h,WEG,0,1,0,regular,y,d
NY5193709010,stepj105,NY5,1,6,value,27,1,5,0,1,0,,,,,1,19370901,0,WNY02,h,WEG,0,1,0,regular,y,d
NY5193709010,willr106,NY5,1,1,value,27,0,2,0,0,0,,,,,1,19370901,0,WNY02,h,WEG,0,1,0,regular,y,d
NW2193709090,paget101,PH5,1,9,value,24,0,0,0,0,0,,,,,1,19370909,0,WNY02,v,NW2,0,1,0,exhibition,y,d
NW2193709090,dunnj104,PH5,1,6,value,24,2,2,1,1,0,,,,,1,19370909,0,WNY02,v,NW2,0,1,0,exhibition,y,d
NW2193709090,bensg101,PH5,1,8,value,24,2,1,1,1,0,,,,,1,19370909,0,WNY02,v,NW2,0,1,0,exhibition,y,d
NW2193709090,dixop101,PH5,1,7,value,24,0,0,0,0,0,,,,,1,19370909,0,WNY02,v,NW2,0,1,0,exhibition,y,d
NW2193709090,jones107,PH5,1,3,value,24,5,0,0,0,0,,,,,1,19370909,0,WNY02,v,NW2,0,1,0,exhibition,y,d
NW2193709090,harrc104,PH5,1,4,value,24,4,1,0,0,0,,,,,1,19370909,0,WNY02,v,NW2,0,1,0,exhibition,y,d
NW2193709090,cread101,PH5,1,5,value,24,1,2,0,0,0,,,,,1,19370909,0,WNY02,v,NW2,0,1,0,exhibition,y,d
NW2193709090,casem101,PH5,1,2,value,24,9,1,0,0,0,0,0,3,1,1,19370909,0,WNY02,v,NW2,0,1,0,exhibition,y,d
NW2193709090,robes104,PH5,1,1,value,19,1,1,0,0,0,,,,,1,19370909,0,WNY02,v,NW2,0,1,0,exhibition,y,d
NW2193709090,thoms105,PH5,1,1,value,5,0,0,0,0,0,,,,,0,19370909,0,WNY02,v,NW2,0,1,0,exhibition,y,d
NW2193709090,crutj101,NW2,1,8,value,27,0,0,0,0,0,,,,,1,19370909,0,WNY02,h,PH5,1,0,0,exhibition,y,d
NW2193709090,seayd101,NW2,1,4,value,27,2,5,1,0,0,,,,,1,19370909,0,WNY02,h,PH5,1,0,0,exhibition,y,d
NW2193709090,wellw101,NW2,1,6,value,27,1,3,1,0,0,,,,,1,19370909,0,WNY02,h,PH5,1,0,0,exhibition,y,d
NW2193709090,stone101,NW2,1,9,value,27,1,0,1,0,0,,,,,1,19370909,0,WNY02,h,PH5,1,0,0,exhibition,y,d
NW2193709090,dandr101,NW2,1,5,value,27,1,3,0,0,0,,,,,1,19370909,0,WNY02,h,PH5,1,0,0,exhibition,y,d
NW2193709090,pearl102,NW2,1,7,value,27,4,0,0,0,0,,,,,1,19370909,0,WNY02,h,PH5,1,0,0,exhibition,y,d
NW2193709090,moorr104,NW2,1,3,value,24,14,1,0,0,0,,,,,1,19370909,0,WNY02,h,PH5,1,0,0,exhibition,y,d
NW2193709090,suttm101,NW2,1,3,value,3,3,0,0,0,0,,,,,0,19370909,0,WNY02,h,PH5,1,0,0,exhibition,y,d
NW2193709090,hayej104,NW2,1,2,value,27,1,0,0,0,0,0,0,1,0,1,19370909,0,WNY02,h,PH5,1,0,0,exhibition,y,d
NW2193709090,mcdut101,NW2,1,1,value,6,0,0,0,0,0,,,,,1,19370909,0,WNY02,h,PH5,1,0,0,exhibition,y,d
NW2193709090,wrigj105,NW2,1,1,value,21,0,3,0,0,0,,,,,0,19370909,0,WNY02,h,PH5,1,0,0,exhibition,y,d
