gid,team,inn1,inn2,inn3,inn4,inn5,inn6,inn7,inn8,inn9,inn10,inn11,inn12,inn13,inn14,inn15,inn16,inn17,inn18,inn19,inn20,inn21,inn22,inn23,inn24,inn25,inn26,inn27,inn28,lob,mgr,stattype,b_pa,b_ab,b_r,b_h,b_d,b_t,b_hr,b_rbi,b_sh,b_sf,b_hbp,b_w,b_iw,b_k,b_sb,b_cs,b_gdp,b_xi,b_roe,p_ipouts,p_noout,p_bfp,p_h,p_d,p_t,p_hr,p_r,p_er,p_w,p_iw,p_k,p_hbp,p_wp,p_bk,p_sh,p_sf,p_sb,p_cs,p_pb,d_po,d_a,d_e,d_dp,d_tp,d_pb,d_wp,d_sb,d_cs,start_l1,start_l2,start_l3,start_l4,start_l5,start_l6,start_l7,start_l8,start_l9,start_f1,start_f2,start_f3,start_f4,start_f5,start_f6,start_f7,start_f8,start_f9,start_f10,date,number,site,vishome,opp,win,loss,tie,gametype,box,pbp
HOM194004050,CV9,0,0,0,2,1,0,5,0,1,,,,,,,,,,,,,,,,,,,,9,mitca102,value,45,30,9,7,1,0,0,,2,0,1,12,0,8,2,,,0,,24,,43,10,0,0,0,10,,9,0,3,1,0,0,1,0,1,,0,24,,1,0,0,0,0,1,,ray-j102,jonem103,clevd101,turnh101,sampo101,coler103,fraza101,lamac101,owens101,owens101,turnh101,jonem103,sampo101,fraza101,lamac101,coler103,ray-j102,clevd101,,19400405,0,ORL01,v,HOM,0,1,0,exhibition,y,
HOM194004050,HOM,0,0,0,2,0,5,1,2,,,,,,,,,,,,,,,,,,,,,9,harrv102,value,43,32,10,10,0,1,0,,1,0,1,9,0,3,1,,,0,,27,,45,7,0,0,0,9,,12,0,8,1,0,0,2,0,2,,2,27,,1,0,0,2,0,2,,whatd101,benjj101,harrv102,leonb101,easth104,perrw101,carlm101,jackj104,walke103,walke103,perrw101,leonb101,carlm101,easth104,jackj104,harrv102,benjj101,whatd101,,19400405,0,ORL01,h,CV9,1,0,0,exhibition,y,
CV9194004150,HOM,5,0,5,1,0,0,0,1,2,,,,,,,,,,,,,,,,,,,,,harrv102,value,,,14,19,4,,,,,,2,5,,,,,,,,27,,,7,,,,8,,,,,,,,,,,,,27,,3,,0,,,,,,,,,,,,,,hickj108,bassl101,,,,,,,,,19400415,0,JKV01,v,CV9,1,0,0,exhibition,,
CV9194004150,CV9,1,6,0,0,0,0,1,0,0,,,,,,,,,,,,,,,,,,,,,mitca102,value,,,8,7,,,,,,,,,,,,,,,,27,,,19,4,,,14,,5,,,2,,,,,,,,27,,2,,0,,,,,,,,,,,,,,sarva101,turnh101,,,,,,,,,19400415,0,JKV01,h,HOM,0,1,0,exhibition,,
CV9194004160,HOM,3,1,4,1,0,0,1,0,0,,,,,,,,,,,,,,,,,,,,,harrv102,value,,,10,9,,,,,,,1,10,,,,,,,,27,,,12,,,,9,,11,,,2,,,,,,,,27,,2,,0,,,,,,,,,,,,,,hickj108,bassl101,,,,,,,,,19400416,0,JKV01,v,CV9,1,0,0,exhibition,,
CV9194004160,CV9,1,2,0,1,0,4,1,0,0,,,,,,,,,,,,,,,,,,,,,mitca102,value,,,9,12,,,,,,,2,11,,,,,,,,27,,,9,,,,10,,10,,,1,,,,,,,,27,,3,,0,,,,,,,,,,,,,,whitc104,turnh101,,,,,,,,,19400416,0,JKV01,h,HOM,0,1,0,exhibition,,
HOM194004281,KCM,0,0,0,0,0,0,0,0,0,,,,,,,,,,,,,,,,,,,,4,coopa101,value,31,30,0,3,0,0,0,0,0,,0,1,,3,0,,,0,,24,,35,11,0,0,0,6,,3,0,2,0,1,0,0,0,1,,1,24,12,3,2,0,1,1,1,,allen102,dougj102,steat101,broww101,greej108,younl102,oneib801,willj111,kranf101,kranf101,greej108,oneib801,dougj102,willj111,allen102,broww101,steat101,younl102,,19400428,1,NOL01,v,HOM,0,1,0,exhibition,y,
HOM194004281,HOM,3,0,0,0,1,1,0,1,,,,,,,,,,,,,,,,,,,,,5,harrv102,value,35,32,6,11,1,1,0,5,0,0,0,3,0,2,1,,,0,,27,,31,3,0,0,0,0,0,1,,3,0,0,0,0,,0,,0,27,15,1,1,0,0,0,0,,whatd101,benjj101,harrv102,leonb101,wilsj106,easth104,carlm101,jackj104,browr103,browr103,harrv102,leonb101,carlm101,wilsj106,jackj104,easth104,benjj101,whatd101,,19400428,1,NOL01,h,KCM,1,0,0,exhibition,y,
HOM194004282,KCM,1,0,0,0,0,0,0,,,,,,,,,,,,,,,,,,,,,,7,coopa101,value,29,27,1,4,1,0,0,0,0,,0,2,,6,2,,,0,,18,,30,11,1,0,0,5,,1,,4,0,0,0,0,,1,,1,18,7,3,0,0,1,0,1,,willj111,dougj102,steat101,broww101,younl102,oneib801,decul101,sandl101,matcj101,matcj101,decul101,oneib801,dougj102,sandl101,willj111,broww101,steat101,younl102,,19400428,2,NOL01,v,HOM,0,1,0,exhibition,y,
HOM194004282,HOM,0,0,2,0,3,0,,,,,,,,,,,,,,,,,,,,,,,7,harrv102,value,30,29,5,11,1,0,0,3,0,,0,1,,4,1,,,0,,21,,29,4,1,0,0,1,,2,,6,0,0,1,0,,2,,0,21,8,1,0,0,0,0,2,,whatd101,benjj101,easth104,leonb101,wilsj106,carlm101,jackj104,bassl101,walke103,walke103,bassl101,leonb101,carlm101,wilsj106,jackj104,easth104,benjj101,whatd101,,19400428,2,NOL01,h,KCM,1,0,0,exhibition,y,
CAG194005010,HOM,2,,,,,,,,,,,,,,,,,,,,,,,,,,,,,harrv102,value,,,5,1,1,,,2,1,,,,,,,,,,,27,,,,,,,2,,,,,,,,,,,,,27,,0,,0,,,,,,,,,,,,,,,,,,,,,,,,19400501,0,MNL01,v,CAG,1,0,0,exhibition,,
CAG194005010,CAG,,,,,,,,,,,,,,,,,,,,,,,,,,,,,,reduw101,value,,,2,,,,,,,,,,,,,,,,,27,,,1,1,,,5,,,,,,,,1,,,,,27,,0,,0,,,,,,,,,,,,,,johnt108,,,,,,,,,,19400501,0,MNL01,h,HOM,0,1,0,exhibition,,
HOM194005020,CAG,1,0,0,0,0,0,0,0,1,7,,,,,,,,,,,,,,,,,,,,reduw101,value,,,9,9,1,,1,,,,,,,,,,,,,30,,,7,,,,4,,1,,,,,,,,,,1,30,,2,,0,1,,,,,,,,,,,,,hudsf101,dawsj102,,,,,,,,,19400502,0,ELD01,v,HOM,1,0,0,exhibition,,
HOM194005020,HOM,2,0,0,0,0,0,0,0,0,2,,,,,,,,,,,,,,,,,,,,harrv102,value,,,4,7,,,,,,,,1,,,3,,,,,30,,,9,1,,1,9,,,,,,,,,,,,,30,,2,,0,,,,,whatd101,,,,,,,,,hamij104,bassl101,,,,,,,,,19400502,0,ELD01,h,CAG,0,1,0,exhibition,,
HOM194005030,CAG,0,0,0,0,0,0,0,2,0,,,,,,,,,,,,,,,,,,,,10,reduw101,value,39,34,2,6,1,0,0,,0,,0,5,,7,0,,,0,,24,,39,9,1,0,0,5,,6,0,6,1,0,0,2,0,0,,0,24,,0,0,0,0,0,0,,simmw101,bondt102,mornl101,youne102,reevd101,hudsf101,hornb101,dawsj102,johnt108,johnt108,dawsj102,youne102,hornb101,bondt102,mornl101,hudsf101,simmw101,reevd101,,19400503,0,MNL01,v,HOM,0,1,0,exhibition,y,
HOM194005030,HOM,2,0,0,0,2,1,0,0,,,,,,,,,,,,,,,,,,,,,10,harrv102,value,39,30,5,9,1,0,0,,2,0,1,6,0,6,0,,,0,,27,,39,6,1,0,0,2,,5,,7,0,0,0,0,,0,,1,27,,0,1,0,1,0,0,,whatd101,benjj101,easth104,leonb101,wilsj106,carlm101,jackj104,bassl101,walke103,walke103,bassl101,leonb101,carlm101,wilsj106,jackj104,easth104,benjj101,whatd101,,19400503,0,MNL01,h,CAG,1,0,0,exhibition,y,
HOM194005110,NY6,0,2,0,0,0,0,0,1,0,,,,,,,,,,,,,,,,,,,,8,fernj101,value,38,34,3,7,1,0,0,,1,,0,3,,6,1,,,0,,24,,39,13,1,2,0,7,,2,,2,0,0,0,1,,1,,0,24,12,0,1,0,0,0,1,,awkar101,coimp101,carrc107,cresa101,linar101,herer101,martr105,casem101,ruizs101,ruizs101,casem101,linar101,carrc107,herer101,martr105,cresa101,awkar101,coimp101,,19400511,0,PIT06,v,HOM,0,1,0,regular,y,
HOM194005110,HOM,0,0,1,2,0,4,0,0,,,,,,,,,,,,,,,,,,,,,8,harrv102,value,39,36,7,13,1,2,0,,1,,0,2,,2,1,,,0,,27,,38,7,1,0,0,3,,3,,6,0,0,0,1,,1,,0,27,16,0,1,0,0,0,1,,whatd101,benjj101,harrv102,leonb101,easth104,carlm101,bassl101,jackj104,browr103,browr103,bassl101,leonb101,carlm101,easth104,jackj104,harrv102,benjj101,whatd101,,19400511,0,PIT06,h,NY6,1,0,0,regular,y,
HOM194005121,NY6,0,0,0,0,0,3,1,2,0,,,,,,,,,,,,,,,,,,,,8,fernj101,value,41,37,6,10,1,1,0,,1,0,0,3,0,8,1,,,0,,24,,39,12,0,0,0,8,,2,0,5,0,0,0,3,0,2,,0,24,,3,0,0,0,0,2,,martr105,carrc107,coimp101,cresa101,linar101,herer101,awkar101,fernj101,taylj108,taylj108,fernj101,linar101,carrc107,herer101,coimp101,cresa101,awkar101,coimp101,,19400512,1,WAS09,v,HOM,0,1,0,regular,y,
HOM194005121,HOM,0,0,0,5,0,2,1,0,,,,,,,,,,,,,,,,,,,,,7,harrv102,value,39,34,8,12,0,0,0,,3,0,0,2,0,5,2,,,0,,27,,41,10,0,0,0,6,,3,0,8,0,0,0,1,0,1,,1,27,,3,0,0,1,0,1,,whatd101,benjj101,harrv102,leonb101,easth104,carlm101,marcz101,jackj104,walke103,walke103,marcz101,leonb101,carlm101,easth104,jackj104,harrv102,benjj101,whatd101,,19400512,1,WAS09,h,NY6,1,0,0,regular,y,
HOM194005122,NY6,3,0,0,2,0,0,0,,,,,,,,,,,,,,,,,,,,,,5,fernj101,value,31,23,5,5,0,0,0,,2,0,0,6,0,9,0,,,0,,18,,32,11,1,2,1,6,,1,,1,0,0,0,0,,0,,0,18,,1,0,0,0,0,0,,awkar101,coimp101,carrc107,cresa101,linar101,herer101,baezj102,casem101,figuj102,figuj102,casem101,linar101,coimp101,herer101,carrc107,cresa101,awkar101,baezj102,,19400512,2,WAS09,v,HOM,0,1,0,regular,y,
HOM194005122,HOM,1,0,0,0,4,1,,,,,,,,,,,,,,,,,,,,,,,8,harrv102,value,32,31,6,11,1,2,1,,0,,0,1,,1,0,,,0,,21,,31,5,0,0,0,5,,6,0,9,0,0,0,2,0,0,,0,21,,0,0,0,0,0,0,,whatd101,benjj101,harrv102,leonb101,easth104,carlm101,marcz101,jackj104,hickj108,hickj108,marcz101,leonb101,carlm101,easth104,jackj104,harrv102,benjj101,whatd101,,19400512,2,WAS09,h,NY6,1,0,0,regular,y,
HOM194005180,BLG,0,1,0,0,1,0,4,3,0,,,,,,,,,,,,,,,,,,,,2,snowf101,value,38,37,9,11,2,0,3,8,0,0,0,1,0,4,1,,,0,,27,,40,9,2,0,3,8,,4,0,10,0,0,0,1,0,1,,0,27,14,4,0,0,0,0,1,,kimbh102,buttt102,hughs101,perkb101,snowf101,moorr104,robin102,campr102,hubew101,hubew101,campr102,moorr104,hughs101,snowf101,buttt102,perkb101,kimbh102,robin102,,19400518,0,HRB01,v,HOM,1,0,0,regular,y,
HOM194005180,HOM,2,0,2,0,1,0,2,0,1,,,,,,,,,,,,,,,,,,,,5,harrv102,value,40,35,8,9,3,0,3,7,1,0,0,4,0,10,1,,,0,,27,,38,11,0,0,3,9,,1,0,4,0,0,0,0,0,1,,1,27,11,0,0,0,1,0,1,,whatd101,benjj101,harrv102,leonb101,easth104,carlm101,marcz101,jackj104,hamij104,hamij104,marcz101,leonb101,carlm101,easth104,jackj104,harrv102,benjj101,whatd101,,19400518,0,HRB01,h,BLG,0,1,0,regular,y,
HOM194005191,BLG,0,0,0,0,0,1,0,1,0,,,,,,,,,,,,,,,,,,,,4,snowf101,value,33,30,2,6,2,0,0,2,0,1,0,3,,3,0,,,0,,24,,35,7,1,1,1,7,6,2,,4,0,0,0,1,,0,,0,24,,1,0,0,0,0,0,,kimbh102,buttt102,hughs101,perkb101,snowf101,moorr104,armsj101,campr102,adame101,adame101,campr102,moorr104,hughs101,snowf101,snowf101,perkb101,kimbh102,armsj101,,19400519,1,WAS09,v,HOM,0,1,0,regular,y,
HOM194005191,HOM,4,0,0,0,0,1,0,2,,,,,,,,,,,,,,,,,,,,,4,harrv102,value,35,31,7,7,1,1,1,,1,,0,2,,4,0,,,1,,27,,34,6,2,0,0,2,2,3,,3,0,0,0,0,1,0,,0,27,,1,2,0,0,0,0,,whatd101,benjj101,harrv102,leonb101,easth104,carlm101,bassl101,jackj104,browr103,browr103,bassl101,leonb101,carlm101,easth104,jackj104,harrv102,benjj101,whatd101,,19400519,1,WAS09,h,BLG,1,0,0,regular,y,
HOM194005192,BLG,0,1,2,1,2,0,2,,,,,,,,,,,,,,,,,,,,,,7,snowf101,value,36,31,8,8,2,1,1,,1,0,0,4,0,5,0,,,0,,21,,31,7,0,1,0,5,,3,,5,0,0,0,0,,1,,0,21,,1,0,0,0,0,1,,kimbh102,buttt102,hughs101,perkb101,scalg101,snowf101,moorr104,campr102,willw105,willw105,campr102,moorr104,hughs101,snowf101,buttt102,scalg101,kimbh102,perkb101,,19400519,2,WAS09,v,HOM,1,0,0,regular,y,
HOM194005192,HOM,2,1,0,2,0,0,0,,,,,,,,,,,,,,,,,,,,,,5,harrv102,value,31,28,5,7,0,1,0,,0,,0,3,,5,1,,,0,,21,,36,8,0,0,1,8,,4,0,5,0,0,0,1,0,0,,0,21,,4,0,0,0,0,0,,whatd101,benjj101,harrv102,leonb101,easth104,carlm101,marcz101,jackj104,walke103,walke103,marcz101,leonb101,carlm101,easth104,jackj104,harrv102,benjj101,whatd101,,19400519,2,WAS09,h,BLG,0,1,0,regular,y,
HOM194005261,PH5,0,0,2,0,0,1,0,0,0,,,,,,,,,,,,,,,,,,,,6,parnr102,value,36,33,3,7,0,0,1,,1,,0,2,,4,0,,,0,,24,,41,15,0,0,0,8,,1,0,5,0,0,0,1,0,1,,1,24,,2,0,0,1,0,1,,longe101,parnr102,dunnj104,bensg101,westj102,bea-d101,coopb101,robih103,welmr101,welmr101,coopb101,westj102,dunnj104,longe101,robih103,parnr102,bensg101,bea-d101,,19400526,1,NYC16,v,HOM,0,1,0,regular,y,
HOM194005261,HOM,1,5,0,0,0,1,0,1,,,,,,,,,,,,,,,,,,,,,9,harrv102,value,41,39,8,15,1,1,0,,1,0,0,1,0,5,1,,,0,,27,,36,7,0,0,1,3,3,2,,4,0,0,1,1,,0,,0,27,15,0,0,0,0,0,0,,benjj101,carlm101,harrv102,leonb101,easth104,hamij104,gastr101,jackj104,browr103,browr103,gastr101,leonb101,carlm101,easth104,jackj104,harrv102,benjj101,hamij104,,19400526,1,NYC16,h,PH5,1,0,0,regular,y,
HOM194005290,NY5,,,,,,,,,,,,,,,,,,,,,,,,,,,,,,burnt102,value,,,8,,,,,,,,,,,,,,,,,23,,,,,,,12,,,,,,,,,,,,,23,,0,,0,,,,,,,,,,,,,,,,,,,,,,,,19400529,0,RIC03,v,HOM,0,1,0,exhibition,,
HOM194005290,HOM,,,,,,,,,,,,,,,,,,,,,,,,,,,,,,harrv102,value,,,12,,,,,,,,,,,,,,,,,24,,,,,,,8,,,,,,,,,,,,,24,,0,,0,,,,,,,,,,,,,,,,,,,,,,,,19400529,0,RIC03,h,NY5,1,0,0,exhibition,,
PH5194006011,HOM,0,2,0,0,0,0,0,3,0,,,,,,,,,,,,,,,,,,,,10,harrv102,value,42,38,5,12,0,0,1,5,0,0,1,3,0,2,1,0,1,0,0,27,0,34,5,1,0,0,2,1,3,0,2,0,0,0,0,0,0,1,0,27,15,1,1,0,0,0,0,1,whatd101,benjj101,harrv102,leonb101,easth104,carlm101,gastr101,jackj104,stevw101,stevw101,gastr101,leonb101,carlm101,easth104,jackj104,harrv102,benjj101,whatd101,,19400601,1,PHI17,v,PH5,1,0,0,regular,y,y
PH5194006011,PH5,2,0,0,0,0,0,0,0,0,,,,,,,,,,,,,,,,,,,,5,parnr102,value,34,31,2,5,1,0,0,1,0,0,0,3,0,2,0,1,0,0,1,27,0,42,12,0,0,1,5,2,3,0,2,1,0,0,0,0,1,0,0,27,12,1,1,0,0,0,1,0,coopb101,parnr102,dunnj104,bensg101,westj102,bea-d101,hayec101,harrc104,thoms105,thoms105,coopb101,westj102,hayec101,harrc104,dunnj104,parnr102,bensg101,bea-d101,,19400601,1,PHI17,h,HOM,0,1,0,regular,y,y
PH5194006012,HOM,2,0,0,1,1,0,0,,,,,,,,,,,,,,,,,,,,,,8,harrv102,value,33,32,4,9,0,0,0,2,0,0,0,1,0,7,1,1,2,0,5,21,0,26,3,0,0,0,1,1,3,0,1,0,0,0,0,0,0,1,0,21,10,1,1,0,0,0,0,1,whatd101,benjj101,harrv102,leonb101,easth104,carlm101,gastr101,jackj104,hamij104,hamij104,gastr101,leonb101,carlm101,easth104,jackj104,harrv102,benjj101,whatd101,,19400601,2,PHI17,v,PH5,1,0,0,regular,y,y
PH5194006012,PH5,1,0,0,0,0,0,0,,,,,,,,,,,,,,,,,,,,,,4,parnr102,value,26,23,1,3,0,0,0,1,0,0,0,3,0,1,0,1,1,0,1,21,0,33,9,0,0,0,4,2,1,0,7,0,0,0,0,0,1,1,1,21,8,5,2,0,1,0,1,1,parnr102,bensg101,dunnj104,westj102,mcheh101,harrc104,hayec101,ruffl101,missj102,missj102,ruffl101,westj102,hayec101,harrc104,dunnj104,parnr102,bensg101,mcheh101,,19400601,2,PHI17,h,HOM,0,1,0,regular,y,y
PH5194006060,HOM,0,0,0,1,0,3,0,0,0,,,,,,,,,,,,,,,,,,,,3,harrv102,value,34,32,4,8,1,2,0,4,0,0,0,2,0,6,1,,,0,,27,,32,5,0,0,0,0,0,2,,6,0,0,0,1,,0,,0,27,14,4,1,0,0,0,0,,whatd101,benjj101,harrv102,leonb101,easth104,carlm101,johnj109,jackj104,browr103,browr103,johnj109,leonb101,carlm101,easth104,jackj104,harrv102,benjj101,whatd101,,19400606,0,PHI17,v,PH5,1,0,0,regular,y,
PH5194006060,PH5,0,0,0,0,0,0,0,0,0,,,,,,,,,,,,,,,,,,,,5,dunnj104,value,32,29,0,5,0,0,0,0,1,,0,2,,6,0,,,0,,27,,35,8,1,2,0,4,,2,0,6,0,0,0,0,0,1,,0,27,11,4,1,0,0,0,1,,parnr102,coopb101,bensg101,westj102,dunnj104,bea-d101,harrc104,hayec101,mcheh101,mcheh101,coopb101,westj102,hayec101,dunnj104,harrc104,parnr102,bensg101,bea-d101,,19400606,0,PHI17,h,HOM,0,1,0,regular,y,
NW2194006091,HOM,0,0,3,2,0,0,0,1,0,,,,,,,,,,,,,,,,,,,,13,harrv102,value,46,37,6,9,0,0,0,,0,0,0,9,0,8,0,,,0,,24,,45,15,2,0,0,11,,5,,1,1,0,0,1,,0,,1,24,,2,1,0,1,0,0,,whatd101,benjj101,harrv102,leonb101,easth104,carlm101,gastr101,jackj104,walke103,walke103,gastr101,leonb101,carlm101,easth104,jackj104,harrv102,benjj101,whatd101,,19400609,1,NWK04,v,NW2,0,1,0,regular,y,
NW2194006091,NW2,0,3,2,0,0,2,3,1,,,,,,,,,,,,,,,,,,,,,10,lundd103,value,45,38,11,15,2,0,0,,1,,1,5,,1,0,,,0,,27,,47,9,0,0,0,6,,9,0,8,0,2,0,0,0,0,,0,27,,4,0,0,0,2,0,,mattf101,seayd101,stone101,suttm101,pearl102,irvim101,isrec101,mackb102,hookl101,hookl101,mackb102,mattf101,seayd101,isrec101,irvim101,suttm101,pearl102,stone101,,19400609,1,NWK04,h,HOM,1,0,0,regular,y,
NW2194006092,HOM,0,0,3,2,2,2,2,,,,,,,,,,,,,,,,,,,,,,7,harrv102,value,39,36,11,13,3,2,2,,0,0,0,3,0,,0,,,0,,21,,35,7,0,1,0,1,1,8,,,0,0,0,0,,0,,0,21,,0,0,0,0,0,0,,whatd101,benjj101,harrv102,leonb101,easth104,carlm101,johnj109,jackj104,browr103,browr103,johnj109,leonb101,carlm101,easth104,jackj104,harrv102,benjj101,whatd101,,19400609,2,NWK04,v,NW2,1,0,0,regular,y,
NW2194006092,NW2,0,0,0,0,1,0,0,,,,,,,,,,,,,,,,,,,,,,13,lundd103,value,35,27,1,7,0,1,0,,0,,0,8,,,0,,,0,,21,,39,13,0,0,2,11,,3,0,,0,0,1,0,0,0,,0,21,,1,1,0,0,0,0,,mattf101,seayd101,stone101,suttm101,pearl102,irvim101,isrec101,mackb102,mannm101,mannm101,mackb102,mattf101,seayd101,isrec101,irvim101,suttm101,pearl102,stone101,,19400609,2,NWK04,h,HOM,0,1,0,regular,y,
NW2194006130,HOM,0,0,0,1,0,3,2,0,2,,,,,,,,,,,,,,,,,,,,9,harrv102,value,44,40,8,11,3,1,0,,0,0,1,3,0,4,2,,,0,,27,,33,5,1,1,0,1,,2,,6,0,0,0,0,,1,,2,27,,0,2,0,2,0,1,,whatd101,benjj101,harrv102,leonb101,easth104,carlm101,johnj109,jackj104,browr103,browr103,johnj109,leonb101,carlm101,easth104,jackj104,harrv102,benjj101,whatd101,,19400613,0,NWK04,v,NW2,1,0,0,regular,y,
NW2194006130,NW2,0,0,0,0,0,0,0,1,0,,,,,,,,,,,,,,,,,,,,5,lundd103,value,33,31,1,5,1,1,0,,0,,0,2,,6,1,,,0,,27,,44,11,0,0,0,8,,3,0,4,1,0,0,0,0,2,,0,27,,5,1,0,0,0,2,,mattf101,parkc101,irvim101,stone101,suttm101,pearl102,seayd101,mackb102,hookl101,hookl101,mackb102,mattf101,irvim101,parkc101,seayd101,suttm101,pearl102,stone101,,19400613,0,NWK04,h,HOM,0,1,0,regular,y,
HOM194006161,NW2,0,2,0,0,0,0,0,2,2,,,,,,,,,,,,,,,,,,,,11,lundd103,value,44,40,6,13,4,0,0,,1,,0,3,,5,1,,,0,,25,,42,12,1,0,0,7,,5,0,5,1,0,0,1,0,0,,0,25,14,0,0,0,0,0,0,,mattf101,seayd101,stone101,suttm101,pearl102,irvim101,clarb101,mackb102,hillj104,hillj104,mackb102,mattf101,seayd101,irvim101,clarb101,suttm101,pearl102,stone101,,19400616,1,WAS09,v,HOM,0,1,0,regular,y,
HOM194006161,HOM,2,0,0,1,0,0,3,0,1,,,,,,,,,,,,,,,,,,,,10,harrv102,value,42,35,7,12,3,0,0,,1,0,1,5,0,5,0,,,0,,27,,44,13,4,0,0,6,,3,,5,0,0,0,1,,1,,0,27,15,0,0,0,0,0,1,,whatd101,benjj101,harrv102,leonb101,easth104,carlm101,johnj109,jackj104,browr103,browr103,johnj109,leonb101,carlm101,easth104,jackj104,harrv102,benjj101,whatd101,,19400616,1,WAS09,h,NW2,1,0,0,regular,y,
HOM194006162,NW2,5,0,0,0,0,1,3,,,,,,,,,,,,,,,,,,,,,,5,lundd103,value,35,31,9,8,1,0,2,,0,,0,4,,3,1,,,0,,21,,27,4,1,1,0,1,,1,,4,0,0,0,0,,0,,0,21,6,0,0,0,0,0,0,,mattf101,seayd101,stone101,suttm101,pearl102,irvim101,clarb101,mackb102,hookl101,hookl101,mackb102,mattf101,seayd101,irvim101,clarb101,stone101,pearl102,suttm101,,19400616,2,WAS09,v,HOM,1,0,0,regular,y,
HOM194006162,HOM,0,0,0,1,0,0,0,,,,,,,,,,,,,,,,,,,,,,5,harrv102,value,27,26,1,4,1,1,0,,0,,0,1,,4,0,,,0,,21,,35,8,1,0,2,9,,4,,3,0,0,0,0,,1,,1,21,4,1,0,0,1,0,1,,whatd101,benjj101,wilsj106,leonb101,easth104,carlm101,johnj109,jackj104,stevw101,stevw101,johnj109,leonb101,carlm101,wilsj106,jackj104,easth104,benjj101,whatd101,,19400616,2,WAS09,h,NW2,0,1,0,regular,y,
HOM194006200,KCM,1,0,1,0,0,0,0,0,1,,,,,,,,,,,,,,,,,,,,6,coopa101,value,36,32,3,6,0,0,0,,0,,0,4,,,0,,,0,,24,,37,11,0,0,0,5,,3,0,,0,0,0,2,0,0,,0,24,6,0,0,0,0,0,0,,mcdab101,allen102,milth101,greej108,oneib801,dougj102,willj111,soueh101,smith111,smith111,greej108,oneib801,dougj102,soueh101,willj111,mcdab101,allen102,milth101,,19400620,0,PIT06,v,HOM,0,1,0,exhibition,y,
HOM194006200,HOM,2,0,0,0,2,0,1,0,,,,,,,,,,,,,,,,,,,,,8,harrv102,value,37,32,5,11,0,0,0,,2,0,0,3,0,,0,,,0,,27,,36,6,0,0,0,3,,4,,,0,0,0,0,,0,,0,27,12,0,0,0,0,0,0,,whatd101,benjj101,wilsj106,leonb101,easth104,carlm101,gastr101,jackj104,walke103,walke103,gastr101,leonb101,carlm101,wilsj106,jackj104,easth104,benjj101,whatd101,,19400620,0,PIT06,h,KCM,1,0,0,exhibition,y,
HOM194006231,PH5,1,0,0,0,0,0,0,0,1,0,,,,,,,,,,,,,,,,,,,9,dunnj104,value,41,38,2,10,2,0,0,,1,,0,2,,3,0,,,0,,27,4,39,9,1,1,0,3,3,4,0,3,0,0,0,1,0,0,,0,27,,0,0,0,0,0,0,,coopb101,campd103,parnr102,bensg101,westj102,bea-d101,jordl101,dunnj104,mcheh101,mcheh101,coopb101,westj102,campd103,dunnj104,jordl101,dunnj104,bensg101,bea-d101,,19400623,1,WAS09,v,HOM,0,1,0,regular,y,
HOM194006231,HOM,1,0,0,0,0,0,0,0,1,1,,,,,,,,,,,,,,,,,,,9,harrv102,value,39,34,3,9,2,3,0,,1,0,0,4,0,3,0,,,0,,30,,41,10,2,0,0,2,,2,,3,0,0,0,1,,0,,0,30,,1,0,0,0,0,0,,whatd101,benjj101,wilsj106,leonb101,easth104,carlm101,gastr101,jackj104,browr103,browr103,gastr101,leonb101,carlm101,wilsj106,jackj104,easth104,benjj101,whatd101,,19400623,1,WAS09,h,PH5,1,0,0,regular,y,
HOM194006232,PH5,0,0,0,0,0,3,0,,,,,,,,,,,,,,,,,,,,,,7,dunnj104,value,31,26,3,5,3,0,0,3,1,,0,4,,7,0,,,0,,18,,32,12,1,0,0,7,7,2,0,6,0,0,0,1,0,2,,0,18,,0,0,0,0,0,2,,parnr102,campd103,dunnj104,jordl101,bensg101,westj102,bea-d101,deanb101,missj102,missj102,deanb101,westj102,campd103,dunnj104,jordl101,parnr102,bensg101,bea-d101,,19400623,2,WAS09,v,HOM,0,1,0,regular,y,
HOM194006232,HOM,0,2,3,0,2,0,,,,,,,,,,,,,,,,,,,,,,,7,harrv102,value,32,29,7,12,2,0,0,6,1,0,0,2,0,6,2,,,0,,21,,31,5,3,0,0,3,3,4,,7,0,0,0,1,,0,,0,21,,1,0,0,0,0,0,,whatd101,benjj101,wilsj106,leonb101,easth104,carlm101,gastr101,jackj104,hamij104,hamij104,gastr101,leonb101,carlm101,wilsj106,jackj104,easth104,benjj101,whatd101,,19400623,2,WAS09,h,PH5,1,0,0,regular,y,
HOM194006260,PH5,1,0,1,5,2,2,2,0,1,,,,,,,,,,,,,,,,,,,,,dunnj104,value,,,14,16,,,,,,,,,,,,,,,,27,,,13,,,,9,,,,,,,,,,,,,27,,2,,0,,,,,,,,,,,,,,,,,,,,,,,,19400626,0,BUT01,v,HOM,1,0,0,regular,,
HOM194006260,HOM,1,0,1,2,1,3,0,1,0,,,,,,,,,,,,,,,,,,,,,harrv102,value,,,9,13,,,,,,,,,,,,,,,,27,,,16,,,,14,,,,,,,,,,,,,27,,6,,0,,,,,,,,,,,,,,,,,,,,,,,,19400626,0,BUT01,h,PH5,0,1,0,regular,,
HOM194006270,PH5,0,0,0,0,0,0,2,1,0,,,,,,,,,,,,,,,,,,,,9,dunnj104,value,39,34,3,6,1,2,0,3,1,0,0,4,0,4,0,,,0,,24,,36,8,3,0,0,5,3,4,,1,1,1,0,0,,2,,2,24,14,3,0,0,2,1,2,,campd103,parnr102,coopb101,bensg101,westj102,jordl101,dunnj104,hayec101,thoms105,thoms105,coopb101,westj102,campd103,hayec101,jordl101,parnr102,bensg101,dunnj104,,19400627,0,WAR03,v,HOM,0,1,0,regular,y,
HOM194006270,HOM,1,1,2,0,1,0,0,0,,,,,,,,,,,,,,,,,,,,,7,harrv102,value,36,31,5,8,3,0,0,3,0,,1,4,,1,2,,,0,,27,,39,6,0,2,0,3,,4,0,4,0,1,0,1,0,0,,1,27,13,4,1,0,1,1,0,,whatd101,benjj101,wilsj106,leonb101,easth104,carlm101,gastr101,jackj104,walke103,walke103,gastr101,leonb101,carlm101,wilsj106,jackj104,easth104,benjj101,whatd101,,19400627,0,WAR03,h,PH5,1,0,0,regular,y,
HOM194006301,NY5,0,0,0,0,0,0,1,0,0,,,,,,,,,,,,,,,,,,,,6,burnt102,value,34,32,1,5,1,0,0,,0,,0,2,,2,0,,,0,,24,,34,6,0,0,1,5,,6,0,3,0,0,0,2,0,0,,0,24,,0,3,0,0,0,0,,barkm101,millf106,washj102,speah101,willj110,biotc101,clarb107,walkh103,willr106,willr106,clarb107,washj102,millf106,speah101,walkh103,barkm101,biotc101,willj110,,19400630,1,WAS09,v,HOM,0,1,0,regular,y,
HOM194006301,HOM,0,0,1,0,0,3,0,1,,,,,,,,,,,,,,,,,,,,,5,harrv102,value,34,26,5,6,2,0,1,,2,0,0,6,0,3,0,,,0,,27,,34,5,1,0,0,1,,2,,2,0,0,0,0,,0,,0,27,,0,0,0,0,0,0,,whatd101,benjj101,wilsj106,leonb101,easth104,carlm101,gastr101,jackj104,browr103,browr103,gastr101,leonb101,carlm101,wilsj106,jackj104,easth104,benjj101,whatd101,,19400630,1,WAS09,h,NY5,1,0,0,regular,y,
HOM194006302,NY5,1,0,0,2,0,0,1,,,,,,,,,,,,,,,,,,,,,,,burnt102,value,,,4,9,,,,,,,,,,,,,,,,18,,,11,,,,6,,,,,,,,,,,,,18,,0,,0,,,,,,,,,,,,,,evanb105,clarb107,,,,,,,,,19400630,2,WAS09,v,HOM,0,1,0,regular,,
HOM194006302,HOM,3,0,1,0,0,2,,,,,,,,,,,,,,,,,,,,,,,,harrv102,value,,,6,11,,,,,,,,,,,,,,,,21,,,9,,,,4,,,,,,,,,,,,,21,,2,,0,,,,,,,,,,,,,,ellir105,gastr101,,,,,,,,,19400630,2,WAS09,h,NY5,1,0,0,regular,,
HOM194007020,BLG,0,4,1,1,1,1,1,4,0,,,,,,,,,,,,,,,,,,,,9,snowf101,value,49,39,13,16,5,0,0,,0,0,0,10,0,3,0,,,0,,27,,50,12,0,0,2,8,,11,0,9,0,0,0,0,0,0,,0,27,,2,1,0,0,0,0,,kimbh102,buttt102,hughs101,scalg101,perkb101,hoskb101,snowf101,moorr104,barbb102,barbb102,perkb101,moorr104,hughs101,snowf101,buttt102,hoskb101,kimbh102,scalg101,,19400702,0,BUF06,v,HOM,1,0,0,regular,y,
HOM194007020,HOM,0,2,0,1,0,0,3,0,2,,,,,,,,,,,,,,,,,,,,15,harrv102,value,50,39,8,12,3,0,2,,0,0,0,11,0,9,0,,,0,,27,,49,16,0,0,0,13,,10,0,3,0,1,0,0,0,0,,1,27,,,2,0,1,1,0,,whatd101,benjj101,harrv102,leonb101,easth104,carlm101,gastr101,jackj104,walke103,walke103,gastr101,leonb101,carlm101,easth104,jackj104,harrv102,benjj101,whatd101,,19400702,0,BUF06,h,BLG,0,1,0,regular,y,
HOM194007041,BLG,0,0,1,0,0,0,1,0,0,,,,,,,,,,,,,,,,,,,,5,snowf101,value,34,33,2,8,1,0,0,2,0,,0,1,,3,0,,,0,,24,,34,6,1,1,0,4,0,6,,1,0,0,0,1,,2,,0,24,13,1,1,0,0,0,2,,kimbh102,buttt102,hughs101,scalg101,hoskb101,perkb101,snowf101,moorr104,moren101,moren101,perkb101,moorr104,hughs101,snowf101,buttt102,hoskb101,kimbh102,scalg101,,19400704,1,PIT06,v,HOM,0,1,0,regular,y,
HOM194007041,HOM,0,0,0,4,0,0,0,0,,,,,,,,,,,,,,,,,,,,,6,harrv102,value,34,27,4,6,1,1,0,3,1,,0,6,,1,2,,,0,,27,,34,8,1,0,0,2,,1,,3,0,0,0,0,,0,,0,27,,3,2,0,0,0,0,,whatd101,benjj101,harrv102,leonb101,wilsj106,easth104,carlm101,gastr101,hamij104,hamij104,gastr101,leonb101,carlm101,easth104,easth104,harrv102,benjj101,whatd101,,19400704,1,PIT06,h,BLG,1,0,0,regular,y,
HOM194007042,BLG,0,0,0,0,0,0,0,,,,,,,,,,,,,,,,,,,,,,4,snowf101,value,25,24,0,3,1,0,0,0,0,,0,1,,2,0,,,0,,18,,25,6,0,0,1,4,,3,0,4,0,0,0,0,0,1,,0,18,,0,1,0,0,0,1,,kimbh102,buttt102,hughs101,scalg101,hoskb101,perkb101,snowf101,moorr104,adame101,adame101,perkb101,moorr104,hughs101,snowf101,buttt102,hoskb101,kimbh102,scalg101,,19400704,2,PIT06,v,HOM,0,1,0,regular,y,
HOM194007042,HOM,0,1,1,0,1,1,,,,,,,,,,,,,,,,,,,,,,,3,harrv102,value,25,22,4,6,0,1,1,,0,0,0,3,0,4,1,,,0,,21,,25,3,1,0,0,0,0,1,,2,0,0,0,0,,0,,0,21,,0,0,0,0,0,0,,whatd101,benjj101,harrv102,leonb101,wilsj106,easth104,carlm101,gastr101,walke103,walke103,gastr101,leonb101,carlm101,easth104,easth104,harrv102,benjj101,whatd101,,19400704,2,PIT06,h,BLG,1,0,0,regular,y,
NY5194007072,HOM,0,0,0,0,0,0,2,1,2,,,,,,,,,,,,,,,,,,,,8,harrv102,value,40,32,5,7,1,1,1,5,1,0,0,7,0,3,0,,,0,,27,,40,10,4,0,0,3,,4,,1,0,0,0,1,,1,,0,27,16,3,1,0,0,0,1,,whatd101,benjj101,harrv102,leonb101,wilsj106,easth104,carlm101,gastr101,browr103,browr103,gastr101,leonb101,carlm101,wilsj106,easth104,harrv102,benjj101,whatd101,,19400707,2,NYC16,v,NY5,1,0,0,regular,y,
NY5194007072,NY5,1,0,0,2,0,0,0,0,0,,,,,,,,,,,,,,,,,,,,10,burnt102,value,40,35,3,10,4,0,0,,1,,0,4,,1,1,,,0,,27,,40,7,1,1,1,5,5,7,0,3,0,0,0,1,0,0,,0,27,11,0,1,0,0,0,0,,barkm101,millf106,washj102,biotc101,speah101,willj110,hayej104,walkh103,willr106,willr106,hayej104,washj102,millf106,speah101,walkh103,barkm101,biotc101,willj110,,19400707,2,NYC16,h,HOM,0,1,0,regular,y,
HOM194007120,BLG,2,3,1,0,1,0,4,5,2,,,,,,,,,,,,,,,,,,,,6,snowf101,value,51,43,18,16,4,0,1,15,0,0,1,7,0,5,2,,,0,,27,,39,11,0,0,2,7,,2,0,5,0,0,0,0,0,0,,0,27,14,1,2,0,0,0,0,,kimbh102,buttt102,hughs101,hoskb101,moorr104,scalg101,currg102,campr102,barnb105,barnb105,campr102,moorr104,hughs101,scalg101,buttt102,hoskb101,kimbh102,currg102,,19400712,0,HRB01,v,HOM,1,0,0,regular,y,
HOM194007120,HOM,0,1,0,0,2,0,3,1,0,,,,,,,,,,,,,,,,,,,,5,harrv102,value,39,37,7,11,2,1,2,7,0,0,0,2,0,5,0,,,0,,27,,51,16,0,0,1,18,,7,0,5,1,0,0,0,0,2,,0,27,12,3,2,0,0,0,2,,whatd101,benjj101,harrv102,leonb101,wilsj106,easth104,carlm101,gastr101,hickj108,hickj108,gastr101,leonb101,easth104,wilsj106,carlm101,harrv102,benjj101,whatd101,,19400712,0,HRB01,h,BLG,0,1,0,regular,y,
PH5194007131,HOM,5,0,2,0,1,2,3,0,0,,,,,,,,,,,,,,,,,,,,3,harrv102,value,43,43,13,16,4,0,3,9,0,0,0,0,0,2,2,,,0,,24,,43,14,4,0,1,16,,1,0,3,0,0,0,3,0,0,,1,24,14,4,0,0,1,0,0,,whatd101,benjj101,harrv102,leonb101,wilsj106,easth104,carlm101,gastr101,ellir105,ellir105,gastr101,leonb101,easth104,wilsj106,carlm101,harrv102,benjj101,whatd101,,19400713,1,PHI17,v,PH5,0,1,0,regular,y,
PH5194007131,PH5,5,4,3,2,0,0,0,2,,,,,,,,,,,,,,,,,,,,,3,dunnj104,value,43,39,16,14,4,1,1,8,3,0,0,1,0,3,0,,,0,,27,,43,16,3,0,3,13,,0,0,2,0,0,0,0,0,2,,0,27,11,1,0,0,0,0,2,,campd103,jordl101,parnr102,bensg101,bea-d101,westj102,coopb101,duckm101,mcheh101,mcheh101,coopb101,westj102,campd103,duckm101,jordl101,parnr102,bensg101,bea-d101,,19400713,1,PHI17,h,HOM,1,0,0,regular,y,
PH5194007132,HOM,3,1,0,0,1,0,1,,,,,,,,,,,,,,,,,,,,,,7,harrv102,value,34,32,6,9,1,1,1,4,0,0,1,1,0,,0,,,0,,21,,27,4,1,0,0,1,,0,0,,0,0,0,0,,0,,0,21,10,1,0,0,0,0,0,,whatd101,benjj101,harrv102,leonb101,wilsj106,easth104,carlm101,gastr101,browr103,browr103,gastr101,leonb101,carlm101,wilsj106,easth104,harrv102,benjj101,whatd101,,19400713,2,PHI17,v,PH5,1,0,0,regular,y,
PH5194007132,PH5,0,0,0,1,0,0,0,,,,,,,,,,,,,,,,,,,,,,5,dunnj104,value,27,27,1,4,1,0,0,1,0,,0,0,0,,0,,,0,,21,,34,9,1,1,1,6,,1,0,,1,0,0,0,0,0,,0,21,7,2,0,0,0,0,0,,campd103,jordl101,parnr102,bensg101,bea-d101,westj102,palmc101,duckm101,buchc101,buchc101,palmc101,westj102,campd103,duckm101,jordl101,parnr102,bensg101,bea-d101,,19400713,2,PHI17,h,HOM,0,1,0,regular,y,
BLG194007141,HOM,0,0,0,0,0,1,0,0,0,,,,,,,,,,,,,,,,,,,,8,harrv102,value,36,30,1,3,1,0,0,1,0,,0,6,,6,0,,,0,,24,,47,14,0,0,3,12,,5,0,3,0,0,0,3,0,0,,1,24,,3,1,0,1,0,0,,whatd101,benjj101,harrv102,leonb101,easth104,carlm101,gastr101,jackj104,walke103,walke103,gastr101,leonb101,jackj104,easth104,jackj104,harrv102,benjj101,whatd101,,19400714,1,BAL10,v,BLG,0,1,0,regular,y,
BLG194007141,BLG,2,1,0,6,0,3,0,0,,,,,,,,,,,,,,,,,,,,,11,snowf101,value,47,39,12,14,4,0,3,,3,0,0,5,0,3,0,,,0,,27,,36,3,1,0,0,1,0,6,,6,0,0,0,0,,0,,1,27,,1,0,0,1,0,0,,kimbh102,buttt102,hughs101,scalg101,perkb101,snowf101,moorr104,campr102,adame101,adame101,campr102,moorr104,hughs101,snowf101,buttt102,scalg101,kimbh102,perkb101,,19400714,1,BAL10,h,HOM,1,0,0,regular,y,
BLG194007142,HOM,3,0,0,0,0,0,,,,,,,,,,,,,,,,,,,,,,,9,harrv102,value,30,25,3,6,2,0,0,3,1,0,1,3,0,2,0,,,0,,15,,30,9,2,0,2,9,,5,,2,0,0,0,1,,1,,0,15,,1,0,0,0,0,1,,benjj101,harrv102,browr103,leonb101,easth104,carlm101,gastr101,jackj104,hamij104,hamij104,gastr101,leonb101,carlm101,easth104,jackj104,harrv102,benjj101,browr103,,19400714,2,BAL10,v,BLG,0,1,0,regular,y,
BLG194007142,BLG,2,1,0,3,3,,,,,,,,,,,,,,,,,,,,,,,,6,snowf101,value,30,24,9,9,2,0,2,,1,,0,5,,2,1,,,0,,18,,30,6,2,0,0,3,3,3,0,2,1,0,0,1,0,0,,0,18,,0,0,0,0,0,0,,kimbh102,buttt102,hughs101,scalg101,perkb101,snowf101,moorr104,campr102,moren101,moren101,campr102,moorr104,hughs101,snowf101,buttt102,perkb101,kimbh102,scalg101,,19400714,2,BAL10,h,HOM,1,0,0,regular,y,
HOM194007281,BLG,0,0,0,0,0,0,0,0,0,,,,,,,,,,,,,,,,,,,,3,snowf101,value,30,29,0,3,0,0,0,0,0,,0,1,,2,1,,,0,,24,,41,11,1,0,1,5,,5,,2,0,0,0,1,1,2,,0,24,11,2,1,0,0,0,2,,kimbh102,buttt102,hughs101,hoskb101,moorr104,perkb101,currg102,snowf101,adame101,adame101,perkb101,moorr104,hughs101,snowf101,buttt102,hoskb101,kimbh102,currg102,,19400728,1,NYC16,v,HOM,0,1,0,regular,y,
HOM194007281,HOM,3,0,1,0,1,0,0,0,,,,,,,,,,,,,,,,,,,,,11,harrv102,value,40,34,5,11,1,0,1,5,1,1,0,5,,2,2,,,0,,27,,30,3,0,0,0,0,0,1,,2,0,0,0,0,,1,,0,27,12,0,0,0,0,0,1,,whatd101,benjj101,harrv102,leonb101,easth104,carlm101,gastr101,jackj104,browr103,browr103,gastr101,leonb101,carlm101,easth104,jackj104,harrv102,benjj101,whatd101,,19400728,1,NYC16,h,BLG,1,0,0,regular,y,
HOM194007282,BLG,1,0,4,2,0,2,0,3,3,,,,,,,,,,,,,,,,,,,,9,snowf101,value,51,46,15,18,7,4,0,,0,0,0,5,0,3,0,,,0,,27,,40,9,0,0,0,6,,4,0,8,0,0,0,0,0,1,,0,27,,0,0,0,0,0,1,,kimbh102,buttt102,hughs101,perkb101,scalg101,snowf101,moorr104,campr102,barbb102,barbb102,campr102,moorr104,hughs101,snowf101,snowf101,scalg101,kimbh102,perkb101,,19400728,2,NYC16,v,HOM,1,0,0,regular,y,
HOM194007282,HOM,0,1,1,0,0,4,0,0,0,,,,,,,,,,,,,,,,,,,,7,harrv102,value,40,36,6,9,1,0,0,,0,0,0,4,0,8,1,,,0,,27,,51,18,0,0,0,15,,5,0,3,0,0,0,0,0,0,,0,27,12,3,0,0,0,0,0,,whatd101,benjj101,harrv102,leonb101,easth104,carlm101,gastr101,jackj104,hamij104,hamij104,gastr101,leonb101,carlm101,easth104,jackj104,harrv102,benjj101,whatd101,,19400728,2,NYC16,h,BLG,0,1,0,regular,y,
PH5194007300,HOM,2,0,0,0,0,2,0,0,0,,,,,,,,,,,,,,,,,,,,,harrv102,value,,,4,2,1,,1,2,,,,,,11,,,,,,24,,,1,1,,,5,,,,,,,,1,,,,,24,,1,,0,,,,,,,,,,,,,,browr103,,,,,,,,,,19400730,0,PHI17,v,PH5,0,1,0,regular,,
PH5194007300,PH5,0,2,0,0,0,2,0,1,,,,,,,,,,,,,,,,,,,,,,dunnj104,value,,,5,1,1,,,,1,,,,,,,,,,,27,,,2,1,,1,4,,,,11,,,,,,,,,27,,0,,0,,,,,,,,,,,,,,mcheh101,,,,,,,,,,19400730,0,PHI17,h,HOM,1,0,0,regular,,
HOM194007310,PH5,0,0,1,0,1,0,0,4,0,,,,,,,,,,,,,,,,,,,,3,dunnj104,value,36,35,6,9,2,1,2,,0,,0,1,,6,2,,,0,,26,,44,17,0,0,0,7,5,1,0,2,1,1,0,0,0,2,,1,26,11,4,2,0,1,1,2,,parnr102,campd103,jordl101,palmc101,dunnj104,bensg101,westj102,coopb101,missj102,missj102,palmc101,westj102,campd103,coopb101,jordl101,parnr102,bensg101,dunnj104,,19400731,0,ALT02,v,HOM,0,1,0,regular,y,
HOM194007310,HOM,2,0,0,0,0,1,0,3,1,,,,,,,,,,,,,,,,,,,,11,harrv102,value,44,42,7,17,1,2,0,,0,0,1,1,0,2,2,,,0,,27,,36,9,2,1,2,6,6,1,,6,0,0,0,0,,2,,0,27,16,0,1,0,0,0,2,,whatd101,benjj101,easth104,leonb101,wilsj106,carlm101,johnj109,jackj104,walke103,walke103,johnj109,leonb101,carlm101,wilsj106,jackj104,easth104,benjj101,whatd101,,19400731,0,ALT02,h,PH5,1,0,0,regular,y,
HOM194008010,PH5,1,0,3,0,0,4,0,1,3,,,,,,,,,,,,,,,,,,,,8,dunnj104,value,47,46,12,18,4,1,0,,0,,0,1,,6,2,,,0,,27,,44,10,0,0,1,8,,4,0,7,0,0,0,0,0,2,,0,27,,3,0,0,0,0,2,,campd103,parnr102,jordl101,bensg101,coopb101,westj102,dunnj104,duckm101,millh104,millh104,coopb101,westj102,campd103,duckm101,jordl101,parnr102,bensg101,dunnj104,,19400801,0,WAS09,v,HOM,1,0,0,exhibition,y,
HOM194008010,HOM,0,1,1,0,2,0,3,1,0,,,,,,,,,,,,,,,,,,,,9,harrv102,value,44,40,8,10,1,0,1,,0,0,0,4,0,7,2,,,0,,27,,47,18,4,1,0,12,,1,,6,0,0,0,0,,2,,0,27,,3,0,0,0,0,2,,whatd101,harrv102,easth104,leonb101,wilsj106,carlm101,gastr101,jackj104,browr103,browr103,gastr101,leonb101,carlm101,wilsj106,jackj104,harrv102,easth104,whatd101,,19400801,0,WAS09,h,PH5,0,1,0,exhibition,y,
HOM194008041,NY6,0,0,0,1,0,3,0,0,0,,,,,,,,,,,,,,,,,,,,9,fernj101,value,40,38,4,14,1,1,0,,2,,0,0,0,4,0,,,0,,24,,41,12,0,0,0,8,,3,0,2,1,0,0,1,0,0,,0,24,11,3,1,0,0,0,0,,miraa101,martr105,carrc107,coimp101,cresa101,linar101,herer101,casem101,taylj108,taylj108,casem101,linar101,carrc107,herer101,martr105,cresa101,coimp101,miraa101,,19400804,1,WAS09,v,HOM,0,1,0,regular,y,
HOM194008041,HOM,0,0,1,1,0,2,3,1,,,,,,,,,,,,,,,,,,,,,9,harrv102,value,41,36,8,12,4,3,0,,1,0,1,3,0,2,0,,,0,,27,,40,14,1,1,0,4,,0,0,4,0,0,0,2,,0,,0,27,,1,1,0,0,0,0,,whatd101,harrv102,easth104,leonb101,wilsj106,carlm101,gastr101,jackj104,hamij104,hamij104,gastr101,leonb101,carlm101,wilsj106,jackj104,harrv102,easth104,whatd101,,19400804,1,WAS09,h,NY6,1,0,0,regular,y,
HOM194008042,NY6,0,1,0,1,0,0,1,,,,,,,,,,,,,,,,,,,,,,5,fernj101,value,29,27,3,4,2,0,0,,0,,0,2,,3,0,,,0,,18,,27,6,0,1,0,4,,3,,0,0,0,0,1,,2,,0,18,,2,0,0,0,0,2,,miraa101,martr105,carrc107,coimp101,cresa101,guilj101,herer101,fernj101,ruizs101,ruizs101,fernj101,guilj101,carrc107,herer101,martr105,cresa101,coimp101,miraa101,,19400804,2,WAS09,v,HOM,0,1,0,regular,y,
HOM194008042,HOM,1,1,0,0,0,2,,,,,,,,,,,,,,,,,,,,,,,5,harrv102,value,27,23,4,6,0,1,0,,1,,0,3,,0,2,,,0,,21,,29,4,2,0,0,3,,2,,3,0,0,0,0,,0,,0,21,,3,2,0,0,0,0,,whatd101,benjj101,easth104,leonb101,harrv102,carlm101,johnj109,jackj104,walke103,walke103,johnj109,leonb101,carlm101,easth104,jackj104,harrv102,benjj101,whatd101,,19400804,2,WAS09,h,NY6,1,0,0,regular,y,
HOM194008050,NY6,,,,,,,,,,,,,,,,,,,,,,,,,,,,,,fernj101,value,,,3,,,,,,,,,,,,,,,,,24,,,,,,,6,,,,,,,,,,,,,24,,0,,0,,,,,,,,,,,,,,,,,,,,,,,,19400805,0,JOH01,v,HOM,0,1,0,exhibition,,
HOM194008050,HOM,,,,,,,,,,,,,,,,,,,,,,,,,,,,,,harrv102,value,,,6,,,,,,,,,,,,,,,,,27,,,,,,,3,,,,,,,,,,,,,27,,0,,0,,,,,,,,,,,,,,,,,,,,,,,,19400805,0,JOH01,h,NY6,1,0,0,exhibition,,
HOM194008060,NY6,,,,,,,,,,,,,,,,,,,,,,,,,,,,,,fernj101,value,,,7,,,,,,,,,,,,,,,,,15,,,1,1,,,1,,,,,,,,,,,,,15,,0,,0,,,,,,,,,,,,,,,,,,,,,,,,19400806,0,MSN01,v,HOM,1,0,0,exhibition,,
HOM194008060,HOM,,,,,,,,,,,,,,,,,,,,,,,,,,,,,,harrv102,value,,,1,1,1,,,,,,,,,,,,,,,15,,,,,,,7,,,,,,,,,,,,,15,,0,,0,,,,,,,,,,,,,,,,,,,,,,,,19400806,0,MSN01,h,NY6,0,1,0,exhibition,,
HOM194008070,NY6,3,2,0,0,2,0,0,0,0,0,0,,,,,,,,,,,,,,,,,,,fernj101,value,,,7,7,,,,,,,,,,,,,,,,30,,,14,,,1,8,,,,,,,,,,,,,30,,3,,0,,,,,,,,,,,,,,figuj102,casem101,,,,,,,,,19400807,0,CAN03,v,HOM,0,1,0,regular,,
HOM194008070,HOM,0,0,0,1,0,2,4,0,0,0,1,,,,,,,,,,,,,,,,,,,harrv102,value,,,8,14,,,1,,,,,,,,,,,,,33,,,7,,,,7,,,,,,,,,,,,2,33,,4,,0,2,,,,,,,,,,,,,ferrw102,johnj109,,,,,,,,,19400807,0,CAN03,h,NY6,1,0,0,regular,,
HOM194008080,NY6,,,,,,,,,,,,,,,,,,,,,,,,,,,,,,fernj101,value,,,2,,,,,,,,,,,,,,,,,24,,,,,,,15,,,,,,,,,,,,,24,,0,,0,,,,,,,,,,,,,,,,,,,,,,,,19400808,0,CLE07,v,HOM,0,1,0,regular,,
HOM194008080,HOM,,,,,,,,,,,,,,,,,,,,,,,,,,,,,,harrv102,value,,,15,,,,,,,,,,,,,,,,,27,,,,,,,2,,,,,,,,,,,,,27,,0,,0,,,,,,,,,,,,,,,,,,,,,,,,19400808,0,CLE07,h,NY6,1,0,0,regular,,
HOM194008090,NY6,0,0,0,0,1,0,1,0,0,,,,,,,,,,,,,,,,,,,,6,fernj101,value,35,30,2,8,1,0,0,,1,,0,4,,3,0,,,0,,24,,38,8,0,0,0,9,,7,,6,0,1,0,0,,0,,2,24,,0,0,0,2,1,0,,miraa101,martr105,carrc107,coimp101,cresa101,herer101,guilj101,fernj101,taylj108,taylj108,fernj101,guilj101,carrc107,herer101,martr105,cresa101,coimp101,miraa101,,19400809,0,IND10,v,HOM,0,1,0,regular,y,
HOM194008090,HOM,0,0,0,0,0,0,5,4,,,,,,,,,,,,,,,,,,,,,5,harrv102,value,38,31,9,8,0,0,0,,0,,0,7,,6,0,,,0,,27,,35,8,1,0,0,2,2,4,,3,0,0,0,1,,0,,1,27,,0,0,0,1,0,0,,whatd101,carlm101,benjj101,leonb101,easth104,browr103,gastr101,jackj104,walke103,walke103,gastr101,leonb101,easth104,easth104,jackj104,browr103,benjj101,whatd101,,19400809,0,IND10,h,NY6,1,0,0,regular,y,
HOM194008100,NY6,,,,,,,,2,,,,,,,,,,,,,,,,,,,,,,fernj101,value,,,5,,,,,,,,,,,,,,,,,27,,,,,,,3,,,,,,,,,,,,,27,,0,,0,,,,,,,,,,,,,,,,,,,,,,,,19400810,0,COV02,v,HOM,1,0,0,exhibition,,
HOM194008100,HOM,,,,,,,,,,,,,,,,,,,,,,,,,,,,,,harrv102,value,,,3,,,,,,,,,,,,,,,,,27,,,,,,,5,,,,,,,,,,,,,27,,0,,0,,,,,,,,,,,,,,,,,,,,,,,,19400810,0,COV02,h,NY6,0,1,0,exhibition,,
HOM194008110,NY6,0,0,0,4,0,0,0,0,0,,,,,,,,,,,,,,,,,,,,,fernj101,value,,,4,8,1,,,,,,,,,,,,,,,27,,,5,,,1,3,,1,,,,,,,,,,,27,,1,,0,,,,,,,,,,,,,,ruizs101,fernj101,,,,,,,,,19400811,0,LOU05,v,HOM,1,0,0,regular,,
HOM194008110,HOM,0,0,0,2,0,0,0,1,0,,,,,,,,,,,,,,,,,,,,,harrv102,value,,,3,5,,,1,2,,,,1,,,,,,,,27,,,8,1,,,4,,,,,,,,,,,,,27,,1,,0,,,,,,,,,,,,,,browr103,gastr101,,,,,,,,,19400811,0,LOU05,h,NY6,0,1,0,regular,,
HOM194008120,NY6,0,0,0,0,0,0,0,0,0,,,,,,,,,,,,,,,,,,,,,fernj101,value,,,0,2,,,,0,,,,,,,,,,,,24,,,9,1,,,2,,,,,,,,,,,,,24,,0,,0,,,,,,,,,,,,,,guilj101,,,,,,,,,,19400812,0,COL05,v,HOM,0,1,0,regular,,
HOM194008120,HOM,0,0,0,0,0,0,2,0,,,,,,,,,,,,,,,,,,,,,,harrv102,value,,,2,9,1,,,,,,,,,,,,,,,27,,,2,,,,0,0,,,,,,,,,,,,27,,0,,0,,,,,,,,,,,,,,ferrw102,,,,,,,,,,19400812,0,COL05,h,NY6,1,0,0,regular,,
HOM194008130,NY6,2,1,0,0,0,0,2,0,1,,,,,,,,,,,,,,,,,,,,,fernj101,value,,,6,9,,,,,,,,,,,,,,,,24,,,8,,,1,7,,,,,,,,,,,,,24,,2,,0,,,,,,,,,,,,,,taylj108,fernj101,,,,,,,,,19400813,0,DAY03,v,HOM,0,1,0,regular,,
HOM194008130,HOM,0,0,0,0,0,3,0,2,2,,,,,,,,,,,,,,,,,,,,,harrv102,value,,,7,8,,,1,,,,,,,,,,,,,27,,,9,,,,6,,,,,,,,,,,,,27,,0,,0,,,,,,,,,,,,,,hamij104,johnj109,,,,,,,,,19400813,0,DAY03,h,NY6,1,0,0,regular,,
HOM194008150,NY6,0,0,0,1,0,0,0,0,0,,,,,,,,,,,,,,,,,,,,11,fernj101,value,39,33,1,6,1,0,0,,0,0,1,5,0,,0,,,0,,24,,42,11,1,0,1,8,,7,0,,0,0,0,2,0,0,,0,24,,3,0,0,0,0,0,,awkar101,martr105,herer101,coimp101,cresa101,linar101,miraa101,casem101,howac102,howac102,casem101,linar101,miraa101,herer101,martr105,cresa101,coimp101,awkar101,,19400815,0,POR02,v,HOM,0,1,0,exhibition,y,
HOM194008150,HOM,1,0,0,0,0,3,1,3,,,,,,,,,,,,,,,,,,,,,10,harrv102,value,42,33,8,11,4,0,1,,2,0,0,7,0,,0,,,0,,27,,39,6,0,0,0,1,,5,0,,1,0,0,0,0,0,,0,27,,2,0,0,0,0,0,,whatd101,benjj101,harrv102,leonb101,easth104,carlm101,gastr101,jackj104,walke103,walke103,gastr101,leonb101,carlm101,easth104,jackj104,harrv102,benjj101,whatd101,,19400815,0,POR02,h,NY6,1,0,0,exhibition,y,
HOM194008181,PH5,1,0,0,0,0,0,1,0,2,,,,,,,,,,,,,,,,,,,,3,dunnj104,value,34,31,4,6,0,0,0,,0,,0,3,,4,0,,,0,,24,,43,14,0,0,1,6,,4,,3,0,0,0,1,,3,,0,24,,2,0,0,0,0,3,,campd103,coopb101,jordl101,parnr102,palmc101,dunnj104,westj102,duckm101,buchc101,buchc101,palmc101,westj102,campd103,duckm101,jordl101,parnr102,dunnj104,coopb101,,19400818,1,WAS09,v,HOM,0,1,0,exhibition,y,
HOM194008181,HOM,0,0,0,5,1,0,0,0,,,,,,,,,,,,,,,,,,,,,13,harrv102,value,43,38,6,14,0,0,1,,1,,0,4,,3,3,,,0,,27,,34,6,0,0,0,4,,3,,4,0,0,0,0,,0,,0,27,,2,2,0,0,0,0,,whatd101,benjj101,harrv102,gibsj101,wilsj106,carlm101,hamij104,jackj104,ferrw102,ferrw102,gibsj101,harrv102,carlm101,wilsj106,jackj104,hamij104,benjj101,whatd101,,19400818,1,WAS09,h,PH5,1,0,0,exhibition,y,
HOM194008182,PH5,0,0,0,0,0,1,0,,,,,,,,,,,,,,,,,,,,,,8,dunnj104,value,30,27,1,5,0,0,0,,1,,0,2,,6,0,,,0,,18,,35,11,0,0,0,10,,5,0,2,0,0,0,0,0,2,,0,18,,0,1,0,0,0,2,,coopb101,jordl101,parnr102,palmc101,dunnj104,westj102,duckm101,campd103,millh104,millh104,palmc101,westj102,campd103,duckm101,jordl101,parnr102,dunnj104,coopb101,,19400818,2,WAS09,v,HOM,0,1,0,exhibition,y,
HOM194008182,HOM,1,7,0,1,1,0,,,,,,,,,,,,,,,,,,,,,,,7,harrv102,value,35,30,10,11,2,3,0,,0,0,0,5,0,2,2,,,0,,21,,30,5,0,0,0,1,,2,,6,0,0,0,1,,0,,0,21,,1,0,0,0,0,0,,whatd101,benjj101,harrv102,gibsj101,wilsj106,carlm101,gastr101,jackj104,walke103,walke103,gastr101,gibsj101,carlm101,wilsj106,jackj104,harrv102,benjj101,whatd101,,19400818,2,WAS09,h,PH5,1,0,0,exhibition,y,
HOM194008220,NW2,,,,,,,,,,,,,,,,,,,,,,,,,,,,,,lundd103,value,,,1,,,,,,,,,,,,,,,,,24,,,,,,,9,,,,,,,,,,,,,24,,0,,0,,,,,,,,,,,,,,,,,,,,,,,,19400822,0,CAM03,v,HOM,0,1,0,regular,,
HOM194008220,HOM,,,,,,,,,,,,,,,,,,,,,,,,,,,,,,harrv102,value,,,9,,,,,,,,,,,,,,,,,27,,,,,,,1,,,,,,,,,,,,,27,,0,,0,,,,,,,,,,,,,,,,,,,,,,,,19400822,0,CAM03,h,NW2,1,0,0,regular,,
NW2194008230,HOM,,,,,,,,,,,,,,,,,,,,,,,,,,,,,,harrv102,value,,,15,,,,,,,,,,,,,,,,,27,,,,,,,6,,,,,,,,,,,,,27,,0,,0,,,,,,,,,,,,,,,,,,,,,,,,19400823,0,ACY02,v,NW2,1,0,0,regular,,
NW2194008230,NW2,,,,,,,,,,,,,,,,,,,,,,,,,,,,,,lundd103,value,,,6,,,,,,,,,,,,,,,,,27,,,,,,,15,,,,,,,,,,,,,27,,0,,0,,,,,,,,,,,,,,,,,,,,,,,,19400823,0,ACY02,h,HOM,0,1,0,regular,,
NW2194008240,HOM,,,,,,,,,,,,,,,,,,,,,,,,,,,,,,harrv102,value,,,6,,,,,,,,,,,,,,,,,27,,,,,,,6,,,,,,,,,,,,,27,,0,,0,,,,,,,,,,,,,,,,,,,,,,,,19400824,0,ACY02,v,NW2,0,0,1,regular,,
NW2194008240,NW2,,,,,,,,,,,,,,,,,,,,,,,,,,,,,,lundd103,value,,,6,,,,,,,,,,,,,,,,,27,,,,,,,6,,,,,,,,,,,,,27,,0,,0,,,,,,,,,,,,,,mannm101,,,,,,,,,,19400824,0,ACY02,h,HOM,0,0,1,regular,,
NW2194008251,HOM,0,0,0,0,0,0,0,2,0,,,,,,,,,,,,,,,,,,,,6,harrv102,value,35,32,2,6,1,0,0,,0,,0,3,,3,1,,,0,,24,,35,9,1,1,0,3,,3,,4,0,0,0,1,,1,,0,24,,2,1,0,0,0,1,,whatd101,benjj101,harrv102,leonb101,easth104,carlm101,gastr101,jackj104,browr103,browr103,gastr101,leonb101,carlm101,easth104,jackj104,harrv102,benjj101,whatd101,,19400825,1,NWK04,v,NW2,0,1,0,regular,y,
NW2194008251,NW2,0,0,0,1,2,0,0,0,,,,,,,,,,,,,,,,,,,,,8,lundd103,value,35,31,3,9,1,1,0,,1,,0,3,,4,1,,,0,,27,,35,6,1,0,0,2,,3,,3,0,0,0,0,,1,,0,27,,2,2,0,0,0,1,,mattf101,isrec101,clarb101,pearl102,irvim101,suttm101,stone101,mackb102,mannm101,mannm101,mackb102,mattf101,isrec101,pearl102,clarb101,suttm101,irvim101,stone101,,19400825,1,NWK04,h,HOM,1,0,0,regular,y,
NW2194008252,HOM,0,0,0,0,0,0,0,,,,,,,,,,,,,,,,,,,,,,5,harrv102,value,26,25,0,4,0,0,0,0,0,,0,1,,3,0,,,0,,18,,25,4,0,1,0,4,4,4,,4,0,0,0,0,,0,,0,18,,0,1,0,0,0,0,,harrv102,carlm101,easth104,leonb101,wilsj106,browr103,gastr101,jackj104,ferrw102,ferrw102,gastr101,leonb101,carlm101,wilsj106,jackj104,harrv102,browr103,easth104,,19400825,2,NWK04,v,NW2,0,1,0,regular,y,
NW2194008252,NW2,0,0,0,4,0,0,,,,,,,,,,,,,,,,,,,,,,,3,lundd103,value,25,21,4,4,0,1,0,4,0,,0,4,,4,0,,,0,,21,,26,4,0,0,0,0,0,1,,3,0,0,0,0,,0,,0,21,,1,0,0,0,0,0,,mattf101,isrec101,clarb101,pearl102,irvim101,suttm101,stone101,mackb102,hillj104,hillj104,mackb102,mattf101,isrec101,pearl102,clarb101,suttm101,irvim101,stone101,,19400825,2,NWK04,h,HOM,1,0,0,regular,y,
HOM194009011,BLG,0,0,0,0,0,0,0,1,0,,,,,,,,,,,,,,,,,,,,3,snowf101,value,31,28,1,5,0,0,0,1,2,1,0,1,,2,1,,,0,,24,,38,7,0,0,0,6,3,4,0,3,0,0,0,0,0,0,,0,24,,3,0,0,0,0,0,,kimbh102,buttt102,hughs101,hoskb101,currg102,snowf101,moorr104,perkb101,adame101,adame101,perkb101,moorr104,hughs101,snowf101,buttt102,hoskb101,kimbh102,currg102,,19400901,1,WAS09,v,HOM,0,1,0,regular,y,
HOM194009011,HOM,0,0,0,0,0,0,0,6,,,,,,,,,,,,,,,,,,,,,8,harrv102,value,38,34,6,7,0,0,0,5,0,0,0,4,0,3,0,,,0,,27,,32,5,0,0,0,1,1,1,,2,0,0,0,2,1,1,,0,27,,2,2,0,0,0,1,,whatd101,harrv102,easth104,leonb101,wilsj106,carlm101,gastr101,jackj104,browr103,browr103,gastr101,leonb101,carlm101,wilsj106,jackj104,harrv102,easth104,whatd101,,19400901,1,WAS09,h,BLG,1,0,0,regular,y,
HOM194009012,BLG,0,2,0,0,3,0,0,,,,,,,,,,,,,,,,,,,,,,7,snowf101,value,33,27,5,9,1,1,0,4,1,0,1,4,0,1,2,,,0,,20,,32,9,0,0,0,6,5,3,0,3,0,0,0,3,0,1,,0,20,,1,1,0,0,0,1,,kimbh102,buttt102,hughs101,scalg101,snowf101,perkb101,currg102,moorr104,barbb102,barbb102,perkb101,moorr104,hughs101,snowf101,buttt102,scalg101,kimbh102,currg102,,19400901,2,WAS09,v,HOM,0,1,0,regular,y,
HOM194009012,HOM,0,1,2,0,1,0,2,,,,,,,,,,,,,,,,,,,,,,6,harrv102,value,32,26,6,9,2,0,0,4,3,0,0,3,0,3,1,,,0,,21,,33,9,0,0,0,5,3,4,0,1,1,0,0,1,0,2,,0,21,,3,1,0,0,0,2,,whatd101,harrv102,easth104,leonb101,wilsj106,carlm101,gastr101,jackj104,hamij104,hamij104,gastr101,leonb101,carlm101,wilsj106,jackj104,harrv102,easth104,whatd101,,19400901,2,WAS09,h,BLG,1,0,0,regular,y,
PH5194009021,HOM,0,1,0,0,0,0,0,2,1,,,,,,,,,,,,,,,,,,,,9,harrv102,value,40,40,4,8,4,0,0,3,0,,0,,,,0,,,0,,27,,38,9,2,0,0,3,,1,,,0,0,0,0,,0,,0,27,,1,0,0,0,0,0,,whatd101,harrv102,easth104,leonb101,wilsj106,carlm101,gastr101,jackj104,walke103,walke103,gastr101,leonb101,carlm101,wilsj106,jackj104,harrv102,easth104,whatd101,,19400902,1,PHI17,v,PH5,1,0,0,regular,y,
PH5194009021,PH5,1,0,0,0,1,0,1,0,0,,,,,,,,,,,,,,,,,,,,8,dunnj104,value,38,37,3,9,2,0,0,3,0,,0,1,,,0,,,0,,27,,40,8,4,0,0,4,,,,,0,0,0,0,,0,,0,27,,4,0,0,0,0,0,,bensg101,parnr102,jordl101,dunnj104,westj102,palmc101,duckm101,campd103,buchc101,buchc101,palmc101,westj102,campd103,duckm101,jordl101,parnr102,bensg101,dunnj104,,19400902,1,PHI17,h,HOM,0,1,0,regular,y,
PH5194009022,HOM,1,0,0,0,1,0,0,0,0,,,,,,,,,,,,,,,,,,,,7,harrv102,value,36,36,2,10,1,0,0,2,0,1,0,,,,0,,,0,,24,,44,17,0,0,0,10,,1,0,,1,0,0,0,0,0,,0,24,,0,0,0,0,0,0,,whatd101,harrv102,easth104,leonb101,wilsj106,carlm101,britg103,jackj104,hamij104,hamij104,britg103,leonb101,carlm101,wilsj106,jackj104,harrv102,easth104,whatd101,,19400902,2,PHI17,v,PH5,0,1,0,regular,y,
PH5194009022,PH5,1,0,0,2,3,0,1,3,,,,,,,,,,,,,,,,,,,,,10,dunnj104,value,44,42,10,17,4,1,0,10,0,0,1,1,0,,0,,,0,,27,,37,10,1,0,0,2,,,,,0,0,0,0,1,0,,0,27,,0,0,0,0,0,0,,bensg101,parnr102,jordl101,westj102,palmc101,dunnj104,duckm101,campd103,mcheh101,mcheh101,palmc101,westj102,campd103,duckm101,jordl101,parnr102,bensg101,dunnj104,,19400902,2,PHI17,h,HOM,1,0,0,regular,y,
HOM194009030,NY6,0,6,1,2,0,4,0,,,,,,,,,,,,,,,,,,,,,,4,fernj101,value,38,34,13,14,2,0,0,,0,0,0,4,0,1,0,,,0,,21,,33,8,0,0,0,5,4,5,,6,0,0,0,0,,0,,0,21,5,1,0,0,0,0,0,,awkar101,miraa101,carrc107,coimp101,cresa101,herer101,linar101,casem101,howac102,howac102,casem101,linar101,carrc107,herer101,miraa101,cresa101,coimp101,awkar101,,19400903,0,ALT02,v,HOM,1,0,0,exhibition,y,
HOM194009030,HOM,0,1,0,0,0,2,2,,,,,,,,,,,,,,,,,,,,,,7,harrv102,value,33,28,5,8,0,0,0,,0,,0,5,,6,0,,,0,,21,,38,14,0,0,0,13,12,4,0,1,0,1,0,0,0,0,,1,21,9,2,1,0,1,1,0,,whatd101,harrv102,easth104,leonb101,wilsj106,carlm101,gastr101,jackj104,britg103,britg103,gastr101,leonb101,carlm101,jackj104,wilsj106,harrv102,easth104,whatd101,,19400903,0,ALT02,h,NY6,0,1,0,exhibition,y,
HOM194009040,NY6,,,,,,,,,,,,,,,,,,,,,,,,,,,,,,fernj101,value,,,8,,,,,,,,,,,,,,,,,24,,,19,,,,16,,,,,,,,,,,,,24,,0,,0,,,,,,,,,,,,,,,,,,,,,,,,19400904,0,COL05,v,HOM,0,1,0,exhibition,,
HOM194009040,HOM,,,,,,,,,,,,,,,,,,,,,,,,,,,,,,harrv102,value,,,16,19,,,,,,,,,,,,,,,,27,,,,,,,8,,,,,,,,,,,,,27,,0,,0,,,,,,,,,,,,,,,,,,,,,,,,19400904,0,COL05,h,NY6,1,0,0,exhibition,,
HOM194009050,NY6,0,0,0,0,0,0,0,0,0,,,,,,,,,,,,,,,,,,,,,fernj101,value,,,0,4,,,,0,,,,,,,,,,,,24,,,10,,,,2,,,,,,,,,,,,,24,,4,,0,,,,,,,,,,,,,,ruizs101,fernj101,,,,,,,,,19400905,0,IND10,v,HOM,0,1,0,exhibition,,
HOM194009050,HOM,0,0,0,0,0,2,0,0,,,,,,,,,,,,,,,,,,,,,,harrv102,value,,,2,10,,,,,,,,,,,,,,,,27,,,4,,,,0,0,,,,,,,,,,,,27,,0,4,0,,,,,,,,,,,,,,walke103,britg103,,,,,,,,,19400905,0,IND10,h,NY6,1,0,0,exhibition,,
HOM194009060,NY6,0,1,0,0,0,0,0,0,1,0,0,0,0,,,,,,,,,,,,,,,,,fernj101,value,,,2,8,,,,,,,,,,15,,,,,,39,,,5,,,,2,,,,,,,,,,,,,39,,3,,0,,,,,,,,,,,,,,taylj108,fernj101,,,,,,,,,19400906,0,DAY03,v,HOM,0,0,1,exhibition,,
HOM194009060,HOM,0,0,0,0,0,1,1,0,0,0,0,0,0,,,,,,,,,,,,,,,,,harrv102,value,,,2,5,,,,,,,,,,,,,,,,39,,,8,,,,2,,,,15,,,,,,,,,39,,1,,0,,,,,,,,,,,,,,hamij104,gastr101,,,,,,,,,19400906,0,DAY03,h,NY6,0,0,1,exhibition,,
HOM194009081,MEM,0,0,0,0,0,0,0,1,0,,,,,,,,,,,,,,,,,,,,6,joner104,value,34,29,1,5,0,0,0,,1,,0,4,,4,0,,,0,,24,,29,7,2,0,0,3,,0,0,5,0,0,0,1,,0,,0,24,9,0,0,0,0,0,0,,bankf101,cartm101,longr102,dumal101,taylj106,browl107,bradb107,browt105,mathv101,mathv101,browl107,taylj106,bankf101,cartm101,browt105,dumal101,longr102,bradb107,,19400908,1,NYC16,v,HOM,0,1,0,exhibition,y,
HOM194009081,HOM,0,0,0,2,0,0,0,1,,,,,,,,,,,,,,,,,,,,,2,harrv102,value,29,28,3,7,2,0,0,,1,,0,0,0,5,0,,,0,,27,,34,5,0,0,0,1,,4,,4,0,0,0,1,,0,,0,27,12,1,0,0,0,0,0,,whatd101,harrv102,easth104,leonb101,wilsj106,carlm101,britg103,jackj104,browr103,browr103,britg103,leonb101,carlm101,wilsj106,jackj104,harrv102,easth104,whatd101,,19400908,1,NYC16,h,MEM,1,0,0,exhibition,y,
BLG194009110,HOM,1,0,3,0,1,0,0,0,0,,,,,,,,,,,,,,,,,,,,,harrv102,value,,,5,8,,,,,,,,,,,,,,,,24,,,9,,,,8,,,,,,,,,,,,,24,,2,,0,,,,,,,,,,,,,,ferrw102,gastr101,,,,,,,,,19400911,0,BAL14,v,BLG,0,1,0,exhibition,,
BLG194009110,BLG,1,0,1,0,2,1,3,0,,,,,,,,,,,,,,,,,,,,,,snowf101,value,,,8,9,,,,,,,,,,,,,,,,27,,,8,,,,5,,,,,,,,,,,,,27,,2,,0,,,,,,,,,,,,,,browj112,campr102,,,,,,,,,19400911,0,BAL14,h,HOM,1,0,0,exhibition,,
HOM194009120,MEM,0,0,0,0,0,0,0,0,0,,,,,,,,,,,,,,,,,,,,7,joner104,value,34,30,0,4,2,0,0,0,0,,0,4,,10,0,,,0,,24,,32,5,4,0,0,1,1,3,,2,0,0,0,0,,1,,0,24,14,1,0,0,0,0,1,,cartm101,bankf101,longr102,mathv101,taylj106,browl107,bradb107,browt105,dumal101,dumal101,browl107,taylj106,bankf101,cartm101,browt105,longr102,mathv101,bradb107,,19400912,0,HRB01,v,HOM,0,1,0,exhibition,y,
HOM194009120,HOM,0,0,0,0,0,1,0,0,,,,,,,,,,,,,,,,,,,,,7,harrv102,value,32,29,1,5,4,0,0,1,0,,0,3,,2,1,,,0,,27,,34,4,2,0,0,0,0,4,,10,0,0,1,0,,0,,0,27,14,0,0,0,0,0,0,,whatd101,harrv102,easth104,leonb101,wilsj106,carlm101,gastr101,jackj104,browr103,browr103,gastr101,leonb101,carlm101,wilsj106,jackj104,harrv102,easth104,whatd101,,19400912,0,HRB01,h,MEM,1,0,0,exhibition,y,
HOM194009130,MEM,0,0,0,0,0,0,0,0,0,,,,,,,,,,,,,,,,,,,,6,joner104,value,33,33,0,7,1,0,0,0,0,,0,0,0,5,0,,,0,,24,,35,7,1,0,0,3,,4,,8,0,0,0,0,,0,,0,24,7,0,0,0,0,0,0,,cartm101,bankf101,browl107,longr102,taylj106,browt105,mathv101,bradb107,hutcw101,hutcw101,browl107,taylj106,bankf101,cartm101,browt105,longr102,mathv101,bradb107,,19400913,0,BEL02,v,HOM,0,1,0,exhibition,y,
HOM194009130,HOM,0,0,1,1,0,0,1,0,,,,,,,,,,,,,,,,,,,,,8,harrv102,value,35,31,3,7,1,0,0,3,0,,0,4,,8,0,,,0,,27,,33,7,1,0,0,0,0,0,0,5,0,0,0,0,,0,,0,27,12,0,1,0,0,0,0,,whatd101,harrv102,easth104,leonb101,wilsj106,carlm101,gastr101,jackj104,jeffs101,jeffs101,gastr101,leonb101,carlm101,wilsj106,jackj104,harrv102,easth104,whatd101,,19400913,0,BEL02,h,MEM,1,0,0,exhibition,y,
BLG194009141,HOM,2,0,1,0,1,0,3,0,0,,,,,,,,,,,,,,,,,,,,6,harrv102,value,40,40,7,9,0,0,0,,0,,0,,,,0,,,0,,27,,36,6,0,0,0,3,,,,,0,0,0,0,,0,,0,27,,1,0,0,0,0,0,,whatd101,harrv102,easth104,leonb101,browr103,carlm101,gastr101,jackj104,ferrw102,ferrw102,gastr101,leonb101,carlm101,easth104,jackj104,harrv102,browr103,whatd101,,19400914,1,PHI17,v,BLG,1,0,0,exhibition,y,
BLG194009141,BLG,0,0,1,0,2,0,0,0,0,,,,,,,,,,,,,,,,,,,,6,snowf101,value,36,36,3,6,0,0,0,,0,,0,,,,0,,,0,,27,,40,9,0,0,0,7,,,,,0,0,0,0,,0,,0,27,,5,0,0,0,0,0,,kimbh102,snowf101,hughs101,hoskb101,scalg101,moorr104,biotc101,perkb101,browj112,browj112,perkb101,moorr104,hughs101,scalg101,snowf101,hoskb101,biotc101,kimbh102,,19400914,1,PHI17,h,HOM,0,1,0,exhibition,y,
BLG194009142,HOM,5,0,2,0,1,0,2,,,,,,,,,,,,,,,,,,,,,,4,harrv102,value,35,35,10,9,0,0,0,,0,0,0,,0,,0,,,0,,21,,31,9,0,0,0,5,,,,,0,0,0,0,,0,,0,21,,1,0,0,0,0,0,,whatd101,harrv102,easth104,leonb101,wilsj106,carlm101,britg103,jackj104,robes104,robes104,britg103,leonb101,carlm101,wilsj106,jackj104,harrv102,easth104,whatd101,,19400914,2,PHI17,v,BLG,1,0,0,exhibition,y,
BLG194009142,BLG,1,2,0,0,0,0,2,,,,,,,,,,,,,,,,,,,,,,5,snowf101,value,31,31,5,9,0,0,0,,0,,0,,,,0,,,0,,21,,35,9,0,0,0,10,,,0,,0,0,0,0,0,0,,0,21,,2,0,0,0,0,0,,kimbh102,snowf101,hughs101,hoskb101,scalg101,moorr104,biotc101,campr102,barnb105,barnb105,campr102,moorr104,hughs101,scalg101,snowf101,hoskb101,biotc101,kimbh102,,19400914,2,PHI17,h,HOM,0,1,0,exhibition,y,
