gid,id,team,d_seq,d_pos,stattype,d_ifouts,d_po,d_a,d_e,d_dp,d_tp,d_pb,d_wp,d_sb,d_cs,d_gs,date,number,site,vishome,opp,win,loss,tie,gametype,box,pbp,eject
KCM193605240,elseh101,KCM,1,2,value,27,10,2,1,1,0,0,0,0,0,1,19360524,0,KAN05,h,CAG,1,0,0,exhibition,y,d,
CAG193605311,elseh101,KCM,1,2,value,27,1,0,0,0,0,0,0,1,0,1,19360531,1,CHI09,v,CAG,1,0,0,exhibition,y,d,
CAG193605312,elseh101,KCM,1,2,value,21,6,0,0,0,0,1,0,0,0,1,19360531,2,CHI09,v,CAG,1,0,0,exhibition,y,d,
CAG193606010,elseh101,KCM,1,2,value,24,,,,,,,,,,1,19360601,0,CHI09,v,CAG,0,1,0,exhibition,,,
ASW193608230,elseh101,ASW,1,2,value,15,3,0,0,0,0,0,0,2,1,1,19360823,0,CHI10,h,ASE,0,1,0,allstar,y,d,
HOM193608240,elseh101,KCM,1,2,value,27,6,1,0,0,0,0,0,1,0,1,19360824,0,SBD01,v,HOM,1,0,0,exhibition,y,d,
KCM193608301,elseh101,KCM,1,2,value,27,10,3,0,0,0,0,0,1,2,1,19360830,1,KAN05,h,CAG,1,0,0,exhibition,y,d,
KCM193608302,elseh101,KCM,1,2,value,21,9,2,0,0,0,0,0,2,1,1,19360830,2,KAN05,h,CAG,1,0,0,exhibition,y,d,
CAG193609062,elseh101,KCM,,2,value,,,,,,,,,,,1,19360906,2,CHI09,v,CAG,0,1,0,exhibition,,,
KCM193609210,elseh101,KCM,1,2,value,27,8,0,0,0,,1,1,3,,1,19360921,0,KAN05,h,NNS,0,1,0,exhibition,y,,
MEM193705022,elseh101,KCM,1,2,value,3,0,0,0,0,0,1,0,1,0,1,19370502,2,MEM02,v,MEM,0,1,0,exhibition,y,d,
KCM193705232,elseh101,KCM,1,2,value,21,6,0,0,0,0,0,0,0,0,1,19370523,2,KAN05,h,CI1,1,0,0,regular,y,d,
KCM193705240,elseh101,KCM,1,2,value,6,2,0,0,0,0,1,0,0,0,1,19370524,0,KAN05,h,CI1,1,0,0,regular,y,d,
KCM193705302,elseh101,KCM,1,2,value,3,1,0,0,0,0,0,0,0,0,1,19370530,2,KAN05,h,BIR,1,0,0,regular,y,d,
CI1193706060,elseh101,KCM,1,2,value,27,5,0,0,0,0,,,,,1,19370606,0,CIN07,v,CI1,1,0,0,regular,y,,
IN6193706120,elseh101,KCM,2,2,value,,,,0,,,,,,,,19370612,0,IND10,v,IN6,0,1,0,regular,,,
IN6193706131,elseh101,KCM,1,2,value,27,,,0,,,,,2,,1,19370613,1,IND10,v,IN6,1,0,0,regular,,,
IN6193706132,elseh101,KCM,1,2,value,18,,,0,,,,,,,1,19370613,2,IND10,v,IN6,0,0,1,regular,,,
IN6193706140,elseh101,KCM,1,2,value,27,,,0,,,,,,,1,19370614,0,IND10,v,IN6,1,0,0,regular,,,
KCM193706190,elseh101,KCM,1,2,value,27,2,0,0,0,0,0,0,0,1,1,19370619,0,CMB01,h,SSA,0,1,0,regular,y,d,
KCM193706201,elseh101,KCM,1,2,value,27,5,0,0,0,0,0,0,0,0,1,19370620,1,KAN05,h,SSA,1,0,0,regular,y,d,
KCM193706202,elseh101,KCM,1,2,value,12,4,1,0,0,0,0,0,1,0,0,19370620,2,KAN05,h,SSA,1,0,0,regular,y,d,
KCM193706210,elseh101,KCM,1,2,value,27,5,2,0,0,0,0,0,0,0,1,19370621,0,KAN05,h,SSA,1,0,0,regular,y,d,
KCM193706272,elseh101,KCM,1,2,value,3,1,0,0,0,0,0,0,0,0,0,19370627,2,KAN05,h,MEM,1,0,0,regular,y,d,
CAG193707041,elseh101,KCM,1,2,value,12,2,0,0,0,0,0,1,0,0,0,19370704,1,CHI09,v,CAG,1,0,0,regular,y,d,
CAG193707042,elseh101,KCM,1,2,value,18,4,0,1,0,0,0,0,0,0,1,19370704,2,CHI09,v,CAG,0,1,0,regular,y,d,
CAG193707052,elseh101,KCM,1,2,value,27,10,0,0,0,0,0,0,0,0,1,19370705,2,CHI09,v,CAG,1,0,0,regular,y,d,
DT2193707112,elseh101,KCM,2,2,value,,,,0,,,,,,,,19370711,2,DET06,v,DT2,1,0,0,regular,,,
KCM193707181,elseh101,KCM,1,2,value,27,4,1,0,0,0,0,0,0,1,1,19370718,1,KAN05,h,DT2,1,0,0,regular,y,d,
KCM193707200,elseh101,KCM,1,2,value,33,,,,,,,,,,1,19370720,0,BEL01,h,DT2,0,1,0,regular,,,
KCM193707252,elseh101,KCM,1,2,value,21,7,0,0,0,0,0,0,3,0,1,19370725,2,KAN05,h,CAG,1,0,0,regular,y,d,
KCM193707260,elseh101,KCM,1,2,value,27,9,1,0,0,0,0,0,0,0,1,19370726,0,KAN05,h,CAG,0,1,0,regular,y,d,
KCM193707270,elseh101,KCM,1,2,value,30,11,0,2,0,0,0,0,2,0,1,19370727,0,MAN01,h,CAG,1,0,0,regular,y,d,
CI1193708151,elseh101,KCM,1,2,value,24,3,0,0,0,0,0,0,0,0,1,19370815,1,CIN07,v,CI1,0,1,0,regular,y,d,
CI1193708160,elseh101,KCM,1,2,value,27,,,,,,,,,,1,19370816,0,CIN07,v,CI1,1,0,0,regular,,,
SAS193708220,elseh101,SAS,1,2,value,27,8,1,0,1,0,0,0,0,1,1,19370822,0,BIR01,h,NAS,0,1,0,allstar,y,d,
KCM193708310,elseh101,KCM,1,2,value,9,2,0,0,0,0,0,0,1,0,0,19370831,0,MYV01,h,IN6,1,0,0,regular,y,d,
KCM193709051,elseh101,KCM,1,2,value,8,2,0,0,0,0,0,0,0,0,0,19370905,1,KAN05,h,CI1,1,0,0,regular,y,d,
KCM193709052,elseh101,KCM,1,2,value,6,1,0,0,0,0,0,0,0,0,0,19370905,2,KAN05,h,CI1,0,1,0,regular,y,d,
KCM193709062,elseh101,KCM,1,2,value,3,2,0,0,0,0,0,0,0,0,0,19370906,2,KAN05,h,CI1,1,0,0,regular,y,d,
CAG193709120,elseh101,KCM,1,2,value,33,8,1,1,1,0,0,0,1,0,0,19370912,0,CHI09,v,CAG,0,0,1,lcs,y,d,
KCM193709170,elseh101,KCM,1,2,value,15,9,0,0,0,0,0,0,0,0,1,19370917,0,KAN05,h,CAG,1,0,0,lcs,y,d,
KCM193710101,elseh101,KCM,1,2,value,27,11,2,0,0,0,0,0,0,1,1,19371010,1,KAN05,h,MLS,0,1,0,exhibition,y,d,
CAG193806191,elseh101,CAG,,2,value,27,,,,,,,,,,1,19380619,1,CHI09,h,KCM,0,1,0,regular,,,
CAG193806192,elseh101,CAG,1,2,value,27,,,,,,,,,,1,19380619,2,CHI09,h,KCM,1,0,0,regular,,,
CAG193806200,elseh101,CAG,1,2,value,27,,,,,,,,,,1,19380620,0,CHI16,h,KCM,0,1,0,exhibition,,,
CAG193806280,elseh101,KCM,1,2,value,27,,,1,,,,,2,,1,19380628,0,MIL03,v,CAG,1,0,0,regular,y,,
KCM193807032,elseh101,KCM,1,2,value,,5,0,0,,,,0,0,,,19380703,2,KAN05,h,MEM,0,1,0,regular,y,,
KCM193807042,elseh101,KCM,1,2,value,27,6,1,0,0,0,,0,0,,1,19380704,2,KAN05,h,MEM,1,0,0,regular,y,,
KCM193807070,elseh101,KCM,1,2,value,,,,0,,,,,,,1,19380707,0,OKC01,h,BIR,1,0,0,regular,,,
KCM193807080,elseh101,KCM,1,2,value,27,19,1,0,0,0,1,0,2,0,1,19380708,0,MAN01,h,BIR,1,0,0,regular,y,d,
KCM193807101,elseh101,KCM,1,2,value,27,8,1,0,0,0,0,0,2,1,1,19380710,1,KAN05,h,BIR,1,0,0,regular,y,d,
KCM193807102,elseh101,KCM,1,2,value,21,12,0,0,0,0,0,0,2,0,1,19380710,2,KAN05,h,BIR,0,1,0,regular,y,d,
CAG193807161,elseh101,KCM,1,2,value,27,,,,,,,,,,1,19380716,1,WIN01,v,CAG,1,0,0,regular,,,
KCM193807162,elseh101,KCM,1,2,value,27,,,,,,,,,,,19380716,2,WIN01,h,CAG,1,0,0,regular,,,
CAG193807210,elseh101,KCM,1,2,value,28,12,1,0,0,0,0,0,4,0,1,19380721,0,REG01,v,CAG,0,1,0,regular,y,d,
CAG193807242,elseh101,KCM,1,2,value,27,0,0,0,0,0,0,0,1,0,1,19380724,2,BIS01,v,CAG,1,0,0,regular,y,d,
KCM193807241,elseh101,KCM,1,2,value,12,0,0,0,0,0,0,0,0,0,1,19380724,1,BIS01,h,CAG,0,1,0,regular,y,d,
KCM193807250,elseh101,KCM,1,2,value,27,0,0,0,0,0,0,0,2,0,1,19380725,0,FAR01,h,CAG,1,0,0,regular,y,d,
KCM193807280,elseh101,KCM,1,2,value,27,10,2,0,0,0,0,0,1,1,1,19380728,0,DES01,h,CAG,0,1,0,regular,y,d,
KCM193807290,elseh101,KCM,1,2,value,27,12,2,0,0,0,0,0,1,0,1,19380729,0,KAN05,h,CAG,0,1,0,regular,y,d,
CAG193807311,elseh101,KCM,1,2,value,18,5,1,0,0,0,0,0,3,1,1,19380731,1,CHI09,v,CAG,0,1,0,regular,y,d,
CAG193807312,elseh101,KCM,1,2,value,27,8,2,0,0,0,0,0,0,2,1,19380731,2,CHI09,v,CAG,1,0,0,regular,y,d,
KCM193808020,elseh101,KCM,1,2,value,18,9,0,0,,,,,,,1,19380802,0,KCK01,h,MEM,1,0,0,regular,y,,
KCM193808030,elseh101,KCM,1,2,value,27,6,,0,0,,,,,,1,19380803,0,WIC01,h,MEM,1,0,0,regular,y,,
KCM193808040,elseh101,KCM,1,2,value,27,,,,,,,,,,1,19380804,0,OKC01,h,MEM,0,1,0,regular,,,
MEM193808071,elseh101,KCM,1,2,value,27,4,0,0,0,0,0,0,0,0,1,19380807,1,BIR01,v,MEM,1,0,0,regular,y,d,
KCM193808100,elseh101,KCM,1,2,value,27,14,2,1,1,0,0,0,0,1,1,19380810,0,SPR05,h,IN7,1,0,0,regular,y,d,
KCM193808110,elseh101,KCM,1,2,value,27,13,2,0,0,0,1,,,,1,19380811,0,KAN05,h,IN7,0,1,0,regular,y,,
KCM193808141,elseh101,KCM,1,2,value,27,9,3,0,0,0,0,0,0,2,1,19380814,1,KAN05,h,IN7,1,0,0,regular,y,d,
KCM193808142,elseh101,KCM,1,2,value,15,4,1,0,0,0,0,0,0,0,1,19380814,2,KAN05,h,IN7,1,0,0,regular,y,d,
KCM193808211,elseh101,KCM,1,2,value,27,9,0,0,,,0,0,3,,1,19380821,1,KAN05,h,ATN,0,1,0,regular,y,,
KCM193808212,elseh101,KCM,1,2,value,,0,0,0,0,0,0,0,,,1,19380821,2,KAN05,h,ATN,0,1,0,regular,y,,
KCM193808220,elseh101,KCM,1,7,value,24,1,0,1,0,0,,,,,1,19380822,0,JNC01,h,ATN,0,1,0,regular,y,,
KCM193808220,elseh101,KCM,2,2,value,3,0,0,0,0,0,,,,,,19380822,0,JNC01,h,ATN,0,1,0,regular,y,,
KCM193808230,elseh101,KCM,,2,value,27,,,,,,,,,,1,19380823,0,OKC01,h,ATN,0,1,0,regular,,,
CAG193808281,elseh101,KCM,1,2,value,24,,,,,,,,,,1,19380828,1,CHI09,v,CAG,0,1,0,exhibition,,,
CAG193808282,elseh101,KCM,1,2,value,27,,,,,,,,,,1,19380828,2,CHI09,v,CAG,1,0,0,exhibition,,,
ATN193808310,elseh101,KCM,1,2,value,24,7,1,0,0,0,0,0,0,0,1,19380831,0,ATL04,v,ATN,0,1,0,regular,y,d,
ATN193809010,elseh101,KCM,1,2,value,24,10,1,0,0,0,0,0,1,0,1,19380901,0,ATL04,v,ATN,0,1,0,regular,y,d,
BIR193809041,elseh101,KCM,1,2,value,27,,,,,,,,,,1,19380904,1,BIR01,v,BIR,1,0,0,regular,,,
BIR193809042,elseh101,KCM,1,2,value,21,,,,,,,,,,1,19380904,2,BIR01,v,BIR,1,0,0,regular,,,
KCM193809080,elseh101,KCM,1,2,value,27,12,0,0,0,0,0,0,0,0,1,19380908,0,KAN05,h,IN7,1,0,0,exhibition,y,d,
KCM193809111,elseh101,KCM,1,2,value,27,8,0,0,0,0,0,0,0,0,1,19380911,1,KAN05,h,MEM,1,0,0,exhibition,y,d,
KCM193809140,elseh101,KCM,1,2,value,,9,0,0,0,0,,0,0,,1,19380914,0,LIN01,h,MEM,1,0,0,exhibition,y,,
KCM194006091,elseh101,CAG,1,2,value,24,5,1,0,0,0,1,,,,1,19400609,1,KAN05,v,KCM,0,1,0,regular,y,,
KCM194006100,elseh101,CAG,1,2,value,24,4,1,0,0,0,0,,,,1,19400610,0,DES01,v,KCM,0,1,0,regular,y,,
CAG194006161,elseh101,CAG,1,2,value,27,7,0,0,0,0,0,,,,1,19400616,1,CHI09,h,KCM,0,1,0,regular,y,,
CAG194006162,elseh101,CAG,1,2,value,21,,,0,,0,,,,,1,19400616,2,CHI09,h,KCM,0,1,0,regular,,,
IN8194006231,elseh101,CAG,1,2,value,27,,,0,,0,,,,,1,19400623,1,LOU05,v,IN8,1,0,0,regular,,,
CAG194006301,elseh101,CAG,1,2,value,27,,,0,0,0,0,,,,1,19400630,1,CHI09,h,MEM,1,0,0,regular,y,,
CAG194006302,elseh101,CAG,1,2,value,21,,,1,,0,,,,,1,19400630,2,CHI09,h,MEM,0,1,0,regular,,,
CAG194007211,elseh101,CAG,1,2,value,30,13,0,0,0,0,0,,,,1,19400721,1,CHI09,h,BIR,1,0,0,regular,y,,
CAG194007212,elseh101,CAG,1,2,value,21,,,0,,0,,,,,1,19400721,2,CHI09,h,BIR,1,0,0,regular,,,
CAG194007240,elseh101,CAG,1,2,value,27,,,0,,0,,,,,1,19400724,0,EAU01,h,KCM,0,1,0,regular,,,
CAG194007281,elseh101,CAG,1,2,value,27,6,0,0,0,0,0,,,,1,19400728,1,CHI09,h,KCM,0,1,0,regular,y,,
CAG194008042,elseh101,CAG,1,2,value,24,,,0,,0,,,,,1,19400804,2,CHI09,h,CV9,1,0,0,regular,,,
CAG194008111,elseh101,CAG,1,2,value,,,,0,,0,,,,,,19400811,1,CHI09,h,IN8,0,1,0,regular,,,
BIR194008181,elseh101,CAG,1,5,value,24,2,0,0,0,0,,,,,1,19400818,1,BIR01,v,BIR,0,1,0,exhibition,y,,
BIR194008182,elseh101,CAG,1,5,value,18,0,0,0,0,0,,,,,1,19400818,2,BIR01,v,BIR,0,1,0,exhibition,y,,
MEM194008240,elseh101,CAG,1,2,value,24,,,0,,0,,,,,1,19400824,0,MEM02,v,MEM,0,1,0,regular,,,
MEM194008251,elseh101,CAG,1,2,value,24,3,,0,0,0,0,,,,1,19400825,1,MEM02,v,MEM,0,1,0,regular,y,,
MEM194008252,elseh101,CAG,1,2,value,18,,,0,,0,,,,,1,19400825,2,MEM02,v,MEM,0,1,0,regular,,,
