gid,id,team,d_seq,d_pos,stattype,d_ifouts,d_po,d_a,d_e,d_dp,d_tp,d_pb,d_wp,d_sb,d_cs,d_gs,date,number,site,vishome,opp,win,loss,tie,gametype,box,pbp,eject
BIR193705091,canaj102,BIR,1,3,value,27,10,0,0,1,0,,,,,1,19370509,1,BIR01,h,KCM,0,1,0,regular,y,d,
BIR193705092,canaj102,BIR,1,3,value,21,6,0,0,1,0,,,,,1,19370509,2,BIR01,h,KCM,0,1,0,regular,y,d,
BIR193705150,canaj102,BIR,1,3,value,27,8,2,1,0,0,,,,,1,19370515,0,BIR01,h,SSA,1,0,0,regular,y,d,
BIR193705150,canaj102,BIR,2,4,value,3,0,0,0,0,0,,,,,0,19370515,0,BIR01,h,SSA,1,0,0,regular,y,d,
BIR193705161,canaj102,BIR,1,3,value,27,5,0,0,0,0,,,,,1,19370516,1,BIR01,h,SSA,1,0,0,regular,y,d,
BIR193705162,canaj102,BIR,1,3,value,21,5,0,0,0,0,,,,,1,19370516,2,BIR01,h,SSA,1,0,0,regular,y,d,
CAG193705220,canaj102,BIR,1,3,value,24,8,2,0,0,0,,,,,1,19370522,0,CHI09,v,CAG,0,1,0,regular,y,d,
CI1193705270,canaj102,BIR,1,3,value,27,8,1,0,0,0,,,,,1,19370527,0,DES01,v,CI1,1,0,0,regular,y,d,
KCM193705301,canaj102,BIR,1,3,value,24,8,0,0,0,0,,,,,1,19370530,1,KAN05,v,KCM,0,1,0,regular,y,d,
KCM193705302,canaj102,BIR,1,3,value,18,7,0,1,0,0,,,,,1,19370530,2,KAN05,v,KCM,0,1,0,regular,y,d,
KCM193705311,canaj102,BIR,1,3,value,24,11,0,0,0,0,,,,,1,19370531,1,KAN05,v,KCM,0,1,0,regular,y,d,
KCM193705312,canaj102,BIR,1,3,value,27,12,0,0,0,0,,,,,1,19370531,2,KAN05,v,KCM,1,0,0,regular,y,d,
BIR193706062,canaj102,BIR,1,3,value,21,6,0,0,0,0,,,0,,1,19370606,2,BIR01,h,DT2,1,0,0,regular,y,,
ATN193706100,canaj102,BIR,1,3,value,27,8,1,0,0,0,,,,,1,19370610,0,ATL04,v,ATN,1,0,0,exhibition,y,d,
ATN193809251,canaj102,BIR,1,3,value,24,0,0,1,0,0,,,,,1,19380925,1,ATL04,v,ATN,0,1,0,exhibition,y,d,
ATN193809252,canaj102,BIR,1,3,value,18,0,0,0,0,0,,,,,1,19380925,2,ATL04,v,ATN,0,1,0,exhibition,y,d,
BIR194205101,canaj102,JAX,1,3,value,24,10,1,1,1,0,,,,,1,19420510,1,BIR01,v,BIR,0,1,0,regular,y,,
BIR194205102,canaj102,JAX,1,3,value,21,6,0,0,0,0,,,,,1,19420510,2,BIR01,v,BIR,1,0,0,regular,y,,
CCB194205241,canaj102,JAX,1,3,value,24,6,1,0,0,0,,,,,1,19420524,1,KAN05,v,CCB,0,1,0,regular,y,,
CCB194205242,canaj102,JAX,1,3,value,18,6,1,0,0,0,,,,,1,19420524,2,KAN05,v,CCB,0,1,0,regular,y,,
CCB194205311,canaj102,JAX,1,3,value,24,,,1,0,0,,,,,1,19420531,1,CLE06,v,CCB,0,1,0,regular,y,,
CCB194205312,canaj102,JAX,1,3,value,21,,,0,,0,0,,,,1,19420531,2,CLE06,v,CCB,1,0,0,regular,,,
CCB194206030,canaj102,JAX,1,3,value,24,10,0,0,2,0,,,,,1,19420603,0,ERI01,v,CCB,0,1,0,regular,y,,
MEM194206071,canaj102,JAX,1,3,value,24,12,0,1,2,0,,,,,1,19420607,1,LRK02,v,MEM,0,1,0,regular,y,,
MEM194206072,canaj102,JAX,1,3,value,19,,,0,,0,0,,,,,19420607,2,LRK02,v,MEM,0,1,0,regular,,,
BIR194207041,canaj102,JAX,1,3,value,24,8,0,0,0,0,,,,,1,19420704,1,BIR01,v,BIR,0,1,0,regular,y,,
BIR194207042,canaj102,JAX,1,3,value,21,8,0,0,0,0,,,,,1,19420704,2,BIR01,v,BIR,1,0,0,regular,y,,
BIR194305302,canaj102,MEM,1,3,value,18,11,1,0,1,0,,,,,1,19430530,2,BIR01,v,BIR,0,1,0,regular,y,,
CAG194306061,canaj102,MEM,1,3,value,27,,,,,0,,,,,,19430606,1,CHI10,v,CAG,1,0,0,regular,,,
CAG194306062,canaj102,MEM,1,3,value,27,,,0,,0,,,,,,19430606,2,CHI10,v,CAG,1,0,0,regular,,,
KCM194306110,canaj102,MEM,1,3,value,32,10,0,0,3,0,,,,,1,19430611,0,SPR04,v,KCM,0,1,0,regular,y,,
CI2194306131,canaj102,MEM,1,3,value,27,7,2,0,0,0,,,,,1,19430613,1,CIN07,v,CI2,1,0,0,regular,y,,
CI2194306132,canaj102,MEM,1,3,value,18,4,,0,0,0,,,,,1,19430613,2,CIN07,v,CI2,1,0,0,regular,y,,
MEM194306271,canaj102,MEM,1,3,value,27,12,0,0,1,0,,,,,1,19430627,1,MEM03,h,CI2,0,1,0,regular,y,d,
KCM194307041,canaj102,MEM,1,3,value,24,12,1,0,1,0,,,,,1,19430704,1,KAN05,v,KCM,0,1,0,regular,y,d,
KCM194307042,canaj102,MEM,1,3,value,21,9,0,0,1,0,,,,,1,19430704,2,KAN05,v,KCM,1,0,0,regular,y,,
KCM194307051,canaj102,MEM,1,3,value,18,7,2,0,0,0,,,,,1,19430705,1,KAN05,v,KCM,0,1,0,regular,y,,
KCM194307052,canaj102,MEM,1,3,value,18,10,0,0,0,0,,,,,1,19430705,2,KAN05,v,KCM,0,1,0,regular,y,,
MEM194307160,canaj102,MEM,1,3,value,27,,,,,0,,,,,,19430716,0,BEL01,h,BIR,0,1,0,regular,,,
MEM194307181,canaj102,MEM,1,3,value,27,10,0,0,1,0,,,,,1,19430718,1,CHI11,h,NY6,1,0,0,exhibition,y,d,
MEM194307190,canaj102,MEM,1,3,value,27,1,0,0,1,0,,,,,1,19430719,0,KEW01,h,CI2,0,1,0,regular,y,d,
CI2194307200,canaj102,MEM,1,3,value,27,13,0,0,1,0,,,,,1,19430720,0,DAV01,v,CI2,1,0,0,regular,y,d,
MEM194307251,canaj102,MEM,1,3,value,27,5,,0,0,0,,,,,1,19430725,1,MEM03,h,CVB,1,0,0,regular,y,,
MEM194307270,canaj102,MEM,1,3,value,27,1,0,0,0,0,,,,,1,19430727,0,BEL01,h,CVB,0,1,0,regular,y,d,
BIR194308152,canaj102,MEM,1,3,value,18,,,0,,0,,,,,,19430815,2,CHI11,v,BIR,0,0,1,regular,,,
MEM194308221,canaj102,MEM,1,3,value,27,,,0,0,0,,,,,1,19430822,1,NOL01,h,CAG,0,1,0,regular,y,,
MEM194308240,canaj102,MEM,1,3,value,27,0,0,0,0,0,,,,,1,19430824,0,WAC01,h,CAG,1,0,0,regular,y,d,
MEM194308291,canaj102,MEM,1,3,value,27,,,0,1,0,0,0,0,,1,19430829,1,MEM02,h,CAG,0,1,0,regular,y,,
CAG194309020,canaj102,MEM,1,3,value,27,10,0,0,0,0,,,,,1,19430902,0,CHI10,v,CAG,1,0,0,regular,y,d,
CAG194309051,canaj102,MEM,1,3,value,24,,,,,0,,,,,,19430905,1,CHI10,v,CAG,0,1,0,regular,,,
CAG194309052,canaj102,MEM,1,3,value,18,,,,,0,,,,,,19430905,2,CHI10,v,CAG,0,1,0,regular,,,
CAG194309080,canaj102,MEM,1,3,value,21,7,0,0,0,0,,,,,1,19430908,0,MIL03,v,CAG,0,1,0,regular,y,,
KCM194405030,canaj102,MEM,1,3,value,24,9,0,0,0,0,,,,,1,19440503,0,OKC02,v,KCM,0,1,0,exhibition,y,d,
MEM194405071,canaj102,MEM,1,3,value,27,0,0,0,0,0,,,,,1,19440507,1,MEM03,h,KCM,0,1,0,regular,y,d,
CAG194405141,canaj102,MEM,1,3,value,27,9,0,0,2,0,,,,,1,19440514,1,CHI10,v,CAG,1,0,0,regular,y,d,
CAG194405142,canaj102,MEM,1,3,value,18,0,0,0,0,0,,,,,1,19440514,2,CHI10,v,CAG,0,1,0,regular,y,d,
KCM194405211,canaj102,MEM,1,3,value,24,5,1,0,0,0,,,,,1,19440521,1,KAN05,v,KCM,0,1,0,regular,y,d,
KCM194405212,canaj102,MEM,1,3,value,21,11,0,0,0,0,,,,,1,19440521,2,KAN05,v,KCM,1,0,0,regular,y,y,
KCM194405220,canaj102,MEM,1,3,value,24,8,2,0,2,0,,,,,1,19440522,0,KAN05,v,KCM,0,1,0,regular,y,d,
CIA194405240,canaj102,MEM,1,3,value,24,0,0,1,0,0,,,,,1,19440524,0,SPR03,v,CIA,0,1,0,regular,y,d,
CIA194405250,canaj102,MEM,1,3,value,27,1,0,0,1,0,,,,,1,19440525,0,DAV01,v,CIA,1,0,0,regular,y,d,
CIA194405281,canaj102,MEM,1,3,value,24,1,0,0,1,0,,,,,1,19440528,1,CIN07,v,CIA,0,1,0,regular,y,d,
MEM194406041,canaj102,MEM,1,3,value,27,8,,1,0,0,,,,,1,19440604,1,MEM03,h,CVB,0,1,0,regular,y,,
MEM194406110,canaj102,MEM,1,3,value,39,17,0,0,0,0,,,,,1,19440611,0,CHI11,h,NW2,0,1,0,exhibition,y,d,
MEM194406251,canaj102,MEM,1,3,value,27,0,0,0,0,0,,,,,1,19440625,1,MEM02,h,CIA,1,0,0,regular,y,d,
MEM194406260,canaj102,MEM,1,3,value,27,9,0,0,0,0,,,,,1,19440626,0,NOL01,h,CIA,0,1,0,regular,y,d,
CAG194407021,canaj102,MEM,1,3,value,27,3,0,0,2,0,,,,,1,19440702,1,DET04,v,CAG,1,0,0,regular,y,d,
CAG194407022,canaj102,MEM,1,3,value,24,1,1,1,0,0,,,,,1,19440702,2,DET04,v,CAG,0,1,0,regular,y,d,
CVB194407100,canaj102,MEM,1,3,value,27,12,0,0,1,0,,,,,1,19440710,0,HAM02,v,CVB,1,0,0,regular,y,,
MEM194407161,canaj102,MEM,1,3,value,27,11,0,0,0,0,,,,,1,19440716,1,MEM03,h,CVB,1,0,0,regular,y,d,
KCM194407301,canaj102,MEM,1,3,value,27,0,0,0,0,0,,,,,1,19440730,1,CHI11,v,KCM,1,0,0,regular,y,d,
KCM194407302,canaj102,MEM,1,3,value,24,6,0,0,1,0,,,,,1,19440730,2,CHI11,v,KCM,1,0,0,regular,y,d,
BIR194408061,canaj102,MEM,1,3,value,27,0,0,0,0,0,,,,,1,19440806,1,BIR01,v,BIR,1,0,0,regular,y,d,
MEM194408110,canaj102,MEM,1,2,value,27,,,,,0,,,,,1,19440811,0,DAL01,h,BIR,0,1,0,regular,,,
CAG194408201,canaj102,MEM,1,3,value,27,8,0,1,2,0,,,,,1,19440820,1,CHI10,v,CAG,1,0,0,regular,y,d,
KCM194408220,canaj102,MEM,1,3,value,24,3,2,0,2,0,,,,,0,19440822,0,DAV01,v,KCM,1,0,0,regular,y,d,
KCM194409031,canaj102,MEM,1,3,value,24,12,1,0,1,0,,,,,1,19440903,1,KAN05,v,KCM,0,1,0,regular,y,d,
KCM194409032,canaj102,MEM,1,3,value,21,7,0,0,1,0,,,,,1,19440903,2,KAN05,v,KCM,1,0,0,regular,y,d,
KCM194409040,canaj102,MEM,1,3,value,24,8,0,0,0,0,,,,,1,19440904,0,KAN05,v,KCM,0,1,0,regular,y,d,
KCM194409050,canaj102,MEM,1,3,value,24,9,0,0,1,0,,,,,1,19440905,0,STJ01,v,KCM,0,1,0,exhibition,y,d,
KCM194409070,canaj102,MEM,1,3,value,27,7,1,0,0,0,,,,,1,19440907,0,OKC02,v,KCM,1,0,0,exhibition,y,d,
MEM194409130,canaj102,MEM,1,3,value,33,0,0,1,0,0,,,,,1,19440913,0,MUS01,h,CAG,1,0,0,exhibition,y,d,
MEM194409140,canaj102,MEM,1,3,value,27,11,0,0,0,0,,,,,1,19440914,0,OKC02,h,CAG,1,0,0,exhibition,y,d,
MEM194505061,canaj102,MEM,1,3,value,27,10,,0,0,0,,,,,1,19450506,1,MEM03,h,CIA,1,0,0,regular,y,,
MEM194505210,canaj102,MEM,1,3,value,27,11,0,0,1,0,,,,,1,19450521,0,MUN02,h,BIR,0,1,0,regular,y,,
CAG194506050,canaj102,MEM,1,3,value,24,,,0,1,0,,,,,1,19450605,0,MIL03,v,CAG,0,1,0,regular,y,,
CAG194507160,canaj102,MEM,1,3,value,27,13,0,0,0,0,,,,,1,19450716,0,MIL03,v,CAG,1,0,0,regular,y,,
CAG194507170,canaj102,MEM,1,3,value,24,6,0,0,0,0,,,,,1,19450717,0,GBW01,v,CAG,0,1,0,regular,y,,
CAG194507180,canaj102,MEM,1,3,value,24,,,0,0,0,,,,,1,19450718,0,RAC01,v,CAG,0,1,0,regular,y,,
CAG194507190,canaj102,MEM,1,3,value,24,,,0,0,0,,,,,1,19450719,0,SPR03,v,CAG,0,1,0,regular,y,,
MEM194507221,canaj102,MEM,1,3,value,27,,,0,1,0,,,,,1,19450722,1,DET04,h,KCM,0,1,0,regular,y,,
MEM194507230,canaj102,MEM,1,3,value,27,,,1,0,0,,,,,1,19450723,0,FLI01,h,KCM,0,1,0,regular,y,,
BLG194508121,canaj102,MEM,1,3,value,24,,,0,1,0,,,,,1,19450812,1,BAL14,v,BLG,0,1,0,exhibition,y,,
BLG194508122,canaj102,MEM,1,3,value,21,,,0,0,0,,,,,1,19450812,2,BAL14,v,BLG,1,0,0,exhibition,y,,
NY5194508130,canaj102,MEM,1,3,value,27,15,0,0,0,0,0,0,0,,1,19450813,0,NYC23,v,NY5,1,0,0,exhibition,y,,
PH5194508161,canaj102,MEM,1,3,value,27,,,1,1,0,,,,,1,19450816,1,WAS09,v,PH5,1,0,0,exhibition,y,,
MEM194508180,canaj102,MEM,1,3,value,27,13,0,0,1,0,,,,,1,19450818,0,WIL04,h,CAG,1,0,0,regular,y,,
CAG194508200,canaj102,MEM,1,3,value,24,5,0,0,0,0,,,,,1,19450820,0,YOR03,v,CAG,0,1,0,regular,y,,
NW2194508210,canaj102,MEM,1,3,value,27,,,0,0,0,,,,,1,19450821,0,NWK04,v,NW2,1,0,0,exhibition,y,,
PH5194508221,canaj102,MEM,1,3,value,24,8,0,0,0,0,,,,,1,19450822,1,PHI11,v,PH5,0,1,0,exhibition,y,,
KCM194509021,canaj102,MEM,1,3,value,27,10,0,0,0,0,,,,,1,19450902,1,KAN05,v,KCM,1,0,0,regular,y,,
KCM194509022,canaj102,MEM,1,3,value,21,5,1,0,0,0,,,,,1,19450902,2,KAN05,v,KCM,0,1,0,regular,y,,
KCM194509031,canaj102,MEM,1,3,value,24,18,0,1,0,0,,,,,1,19450903,1,KAN05,v,KCM,0,1,0,regular,y,,
KCM194509032,canaj102,MEM,1,3,value,18,7,0,0,0,0,,,,,1,19450903,2,KAN05,v,KCM,0,1,0,regular,y,,
