gid,id,team,d_seq,d_pos,stattype,d_ifouts,d_po,d_a,d_e,d_dp,d_tp,d_pb,d_wp,d_sb,d_cs,d_gs,date,number,site,vishome,opp,win,loss,tie,gametype,box,pbp,eject
NY1193209100,winfj101,SLN,1,1,value,6,0,1,0,0,0,,,,,0,19320910,0,NYC14,v,NY1,0,1,0,regular,y,y,
BSN193209170,winfj101,SLN,1,1,value,3,0,1,0,0,0,,,,,0,19320917,0,BOS08,v,BSN,0,1,0,regular,y,y,
SLN193209220,winfj101,SLN,1,1,value,14,0,0,0,0,0,,,,,0,19320922,0,STL07,h,CIN,1,0,0,regular,y,y,
SLN193209240,winfj101,SLN,1,1,value,2,0,0,0,0,0,,,,,1,19320924,0,STL07,h,PIT,0,1,0,regular,y,y,
SLN193404220,winfj101,SLN,1,1,value,6,0,1,0,0,0,,,,,0,19340422,0,STL07,h,CHN,0,1,0,regular,y,y,
BSN193405180,winfj101,SLN,1,1,value,4,0,0,0,0,0,,,,,1,19340518,0,BOS08,v,BSN,0,1,0,regular,y,y,
PIT193406022,winfj101,SLN,1,1,value,19,0,0,0,0,0,,,,,0,19340602,2,PIT06,v,PIT,0,1,0,regular,y,y,
SLN193406130,winfj101,SLN,1,1,value,6,0,2,0,1,0,,,,,0,19340613,0,STL07,h,BSN,0,1,0,regular,y,y,
SLN193406150,winfj101,SLN,1,1,value,3,0,0,0,0,0,,,,,0,19340615,0,STL07,h,BSN,0,1,0,regular,y,y,
SLN193509230,winfj101,SLN,1,1,value,9,0,1,0,0,0,,,,,0,19350923,0,STL07,h,PIT,0,1,0,regular,y,y,
SLN193509280,winfj101,SLN,1,1,value,25,0,0,0,0,0,,,,,1,19350928,0,STL07,h,CHN,1,0,0,regular,y,y,
SHR193510090,winfj101,SHR,1,1,value,6,1,0,0,0,0,,,,,0,19351009,0,DAY03,h,PTC,0,1,0,exhibition,y,d,
MLS193510121,winfj101,MLS,1,1,value,6,0,0,0,0,0,,,,,,19351012,1,PHI11,h,NNS,0,1,0,exhibition,y,,
NNS193510132,winfj101,ASD,1,1,value,6,,,0,,0,0,,,,,19351013,2,NYC16,v,NNS,1,0,0,exhibition,,,
ASD193510140,winfj101,ASD,1,9,value,9,0,0,0,0,0,,,,,1,19351014,0,YOR01,h,NNS,0,1,0,exhibition,y,,
ASD193510140,winfj101,ASD,2,1,value,3,0,2,1,0,0,,,,,1,19351014,0,YOR01,h,NNS,0,1,0,exhibition,y,,
SLN193604250,winfj101,SLN,1,1,value,6,0,0,0,0,0,,,,,0,19360425,0,STL07,h,PIT,0,1,0,regular,y,y,
SLN193605030,winfj101,SLN,1,1,value,8,0,0,0,0,0,,,,,0,19360503,0,STL07,h,BSN,1,0,0,regular,y,y,
SLN193605050,winfj101,SLN,1,1,value,3,0,0,0,0,0,,,,,0,19360505,0,STL07,h,BSN,0,1,0,regular,y,y,
CHN193605080,winfj101,SLN,1,1,value,2,0,0,0,0,0,,,,,0,19360508,0,CHI11,v,CHN,1,0,0,regular,y,y,
NY1193605200,winfj101,SLN,1,1,value,3,0,0,0,0,0,,,,,0,19360520,0,NYC14,v,NY1,0,1,0,regular,y,y,
SLN193605230,winfj101,SLN,1,1,value,6,0,0,0,0,0,,,,,0,19360523,0,STL07,h,CHN,0,1,0,regular,y,y,
SLN193605262,winfj101,SLN,1,1,value,27,0,1,0,0,0,,,,,1,19360526,2,STL07,h,PIT,1,0,0,regular,y,y,
SLN193605302,winfj101,SLN,1,1,value,27,1,0,1,0,0,,,,,1,19360530,2,STL07,h,CIN,1,0,0,regular,y,y,
SLN193606040,winfj101,SLN,1,1,value,21,0,0,0,0,0,,,,,1,19360604,0,STL07,h,BRO,0,1,0,regular,y,y,
SLN193606110,winfj101,SLN,1,1,value,12,0,0,0,0,0,,,,,1,19360611,0,STL07,h,PHI,0,1,0,regular,y,y,
BSN193606160,winfj101,SLN,1,1,value,15,0,1,0,0,0,,,,,1,19360616,0,BOS08,v,BSN,0,1,0,regular,y,y,
NY1193606200,winfj101,SLN,1,1,value,15,0,1,0,0,0,,,,,0,19360620,0,NYC14,v,NY1,0,1,0,regular,y,y,
NY1193606210,winfj101,SLN,1,1,value,3,0,0,0,0,0,,,,,0,19360621,0,NYC14,v,NY1,0,1,0,regular,y,y,
PHI193606230,winfj101,SLN,1,1,value,1,0,0,0,0,0,,,,,0,19360623,0,PHI09,v,PHI,1,0,0,regular,y,y,
BRO193606260,winfj101,SLN,1,1,value,27,1,3,0,0,0,,,,,1,19360626,0,NYC15,v,BRO,1,0,0,regular,y,y,
PIT193606302,winfj101,SLN,1,1,value,12,0,0,0,0,0,,,,,1,19360630,2,PIT06,v,PIT,1,0,0,regular,y,y,
CIN193607041,winfj101,SLN,1,1,value,24,0,2,0,0,0,,,,,1,19360704,1,CIN07,v,CIN,0,1,0,regular,y,y,
CIN193607051,winfj101,SLN,1,1,value,3,0,0,0,0,0,,,,,0,19360705,1,CIN07,v,CIN,1,0,0,regular,y,y,
SLN193607100,winfj101,SLN,1,1,value,15,0,0,0,0,0,,,,,0,19360710,0,STL07,h,NY1,1,0,0,regular,y,y,
SLN193607122,winfj101,SLN,1,1,value,1,0,0,0,0,0,,,,,0,19360712,2,STL07,h,BRO,0,1,0,regular,y,y,
SLN193607150,winfj101,SLN,1,1,value,6,0,0,0,0,0,,,,,1,19360715,0,STL07,h,PHI,0,1,0,regular,y,y,
SLN193607191,winfj101,SLN,1,1,value,27,0,0,0,0,0,,,,,1,19360719,1,STL07,h,BSN,1,0,0,regular,y,y,
BSN193607250,winfj101,SLN,1,1,value,24,1,0,0,0,0,,,,,1,19360725,0,BOS08,v,BSN,0,1,0,regular,y,y,
BRO193607300,winfj101,SLN,1,1,value,27,1,2,0,0,0,,,,,1,19360730,0,NYC15,v,BRO,1,0,0,regular,y,y,
CHN193608040,winfj101,SLN,1,1,value,18,0,3,0,0,0,,,,,1,19360804,0,CHI11,v,CHN,1,0,0,regular,y,y,
CHN193608070,winfj101,SLN,1,1,value,4,0,0,0,0,0,,,,,0,19360807,0,CHI11,v,CHN,0,1,0,regular,y,y,
SLN193608091,winfj101,SLN,1,1,value,16,0,2,0,0,0,,,,,1,19360809,1,STL07,h,CIN,0,1,0,regular,y,y,
SLN193608110,winfj101,SLN,1,1,value,9,0,1,0,0,0,,,,,0,19360811,0,STL07,h,CHN,0,1,0,regular,y,y,
PIT193608161,winfj101,SLN,1,1,value,23,0,0,0,0,0,,,,,1,19360816,1,PIT06,v,PIT,1,0,0,regular,y,y,
SLN193608220,winfj101,SLN,1,1,value,27,0,0,0,0,0,,,,,1,19360822,0,STL07,h,PIT,1,0,0,regular,y,y,
SLN193608232,winfj101,SLN,1,1,value,6,0,0,0,0,0,,,,,0,19360823,2,STL07,h,PIT,0,0,1,regular,y,y,
SLN193608260,winfj101,SLN,1,1,value,19,0,1,0,0,0,,,,,1,19360826,0,STL07,h,BSN,0,1,0,regular,y,y,
SLN193608302,winfj101,SLN,1,1,value,39,0,1,0,0,0,,,,,1,19360830,2,STL07,h,BRO,0,1,0,regular,y,d,
CIN193609050,winfj101,SLN,1,1,value,18,0,0,0,0,0,,,,,1,19360905,0,CIN07,v,CIN,1,0,0,regular,y,y,
BSN193609090,winfj101,SLN,1,1,value,45,1,2,0,0,0,,,,,1,19360909,0,BOS08,v,BSN,1,0,0,regular,y,y,
NY1193609131,winfj101,SLN,1,1,value,5,0,0,0,0,0,,,,,1,19360913,1,NYC14,v,NY1,0,1,0,regular,y,y,
NY1193609140,winfj101,SLN,1,1,value,0,0,0,0,0,0,,,,,0,19360914,0,NYC14,v,NY1,0,1,0,regular,y,y,
CHN193609210,winfj101,SLN,1,1,value,24,0,2,1,0,0,,,,,1,19360921,0,CHI11,v,CHN,1,0,0,regular,y,y,
SLN193609260,winfj101,SLN,1,1,value,8,0,1,0,0,0,,,,,1,19360926,0,STL07,h,CHN,0,1,0,regular,y,y,
NNS193610010,winfj101,MLS,1,1,value,27,0,7,0,0,0,,,,,1,19361001,0,DAV01,v,NNS,1,0,0,exhibition,y,d,
MLS193610041,winfj101,MLS,1,1,value,5,0,1,1,0,0,,,,,1,19361004,1,DEN03,h,NNS,0,1,0,exhibition,y,d,
CIN193704220,winfj101,SLN,1,1,value,12,0,0,0,0,0,,,,,0,19370422,0,CIN07,v,CIN,1,0,0,regular,y,y,
SLN193704240,winfj101,SLN,1,1,value,9,1,0,0,0,0,,,,,0,19370424,0,STL07,h,CHN,0,1,0,regular,y,y,
BRO193705110,winfj101,SLN,1,1,value,3,0,1,0,0,0,,,,,0,19370511,0,NYC15,v,BRO,0,1,0,regular,y,y,
PIT193705160,winfj101,SLN,1,1,value,3,0,0,0,0,0,,,,,0,19370516,0,PIT06,v,PIT,0,1,0,regular,y,y,
SLN193705220,winfj101,SLN,1,1,value,18,0,1,0,0,0,,,,,1,19370522,0,STL07,h,BRO,0,1,0,regular,y,y,
SLN193705270,winfj101,SLN,1,1,value,3,0,1,0,0,0,,,,,0,19370527,0,STL07,h,BSN,0,1,0,regular,y,y,
SLN193705280,winfj101,SLN,1,1,value,6,0,1,0,0,0,,,,,0,19370528,0,STL07,h,PIT,0,1,0,regular,y,y,
SLN193705300,winfj101,SLN,1,1,value,15,0,1,0,1,0,,,,,0,19370530,0,STL07,h,PIT,0,1,0,regular,y,y,
BRO193706020,winfj101,SLN,1,1,value,18,0,1,0,0,0,,,,,1,19370602,0,NYC15,v,BRO,0,1,0,regular,y,y,
SLN193706170,winfj101,SLN,1,1,value,4,0,0,0,0,0,,,,,0,19370617,0,STL07,h,PHI,0,1,0,regular,y,y,
SLN193706190,winfj101,SLN,1,1,value,6,0,0,0,0,0,,,,,0,19370619,0,STL07,h,BSN,1,0,0,regular,y,y,
SLN193706260,winfj101,SLN,1,1,value,12,0,0,0,0,0,,,,,0,19370626,0,STL07,h,NY1,0,1,0,regular,y,y,
SLN193706290,winfj101,SLN,1,1,value,3,0,0,0,0,0,,,,,0,19370629,0,STL07,h,CHN,0,1,0,regular,y,y,
SLN193707010,winfj101,SLN,1,1,value,15,0,1,0,0,0,,,,,1,19370701,0,STL07,h,CHN,0,1,0,regular,y,y,
CHN193707052,winfj101,SLN,1,1,value,6,0,1,0,0,0,,,,,1,19370705,2,CHI11,v,CHN,0,1,0,regular,y,y,
SLN193707111,winfj101,SLN,1,1,value,6,0,0,0,0,0,,,,,0,19370711,1,STL07,h,CIN,0,1,0,regular,y,y,
BRO193809162,winfj101,BRO,1,1,value,12,0,0,0,0,0,,,,,1,19380916,2,NYC15,h,SLN,0,1,0,regular,y,y,
BRO193809222,winfj101,BRO,1,1,value,5,0,0,0,0,0,,,,,0,19380922,2,NYC15,h,PIT,0,1,0,regular,y,y,
