gid,id,team,d_seq,d_pos,stattype,d_ifouts,d_po,d_a,d_e,d_dp,d_tp,d_pb,d_wp,d_sb,d_cs,d_gs,date,number,site,vishome,opp,win,loss,tie,gametype,box,pbp,eject
DET193809272,lucaj102,SLA,1,5,value,9,0,0,0,0,0,,,,,0,19380927,2,DET04,v,DET,0,1,0,regular,y,d,
DET193809280,lucaj102,SLA,1,5,value,24,0,1,0,0,0,,,,,1,19380928,0,DET04,v,DET,0,1,0,regular,y,y,
CHA193809301,lucaj102,SLA,1,5,value,24,0,1,0,0,0,,,,,1,19380930,1,CHI10,v,CHA,0,1,0,regular,y,d,
CHA193809302,lucaj102,SLA,1,5,value,24,5,1,1,0,0,,,,,1,19380930,2,CHI10,v,CHA,0,0,1,regular,y,y,
CHA193810012,lucaj102,SLA,1,5,value,15,0,0,0,0,0,,,,,1,19381001,2,CHI10,v,CHA,1,0,0,regular,y,d,
CHA193810022,lucaj102,SLA,1,5,value,15,0,2,0,0,0,,,,,1,19381002,2,CHI10,v,CHA,0,1,0,regular,y,y,
CHA193909231,lucaj102,SLA,1,4,value,24,1,3,0,0,0,,,,,1,19390923,1,CHI10,v,CHA,0,1,0,regular,y,y,
CHA193909232,lucaj102,SLA,1,4,value,21,4,3,2,1,0,,,,,1,19390923,2,CHI10,v,CHA,0,1,0,regular,y,y,
CHA193909242,lucaj102,SLA,1,4,value,12,0,2,0,0,0,,,,,1,19390924,2,CHI10,v,CHA,0,1,0,regular,y,y,
SLA193909262,lucaj102,SLA,1,4,value,21,2,2,0,1,0,,,,,1,19390926,2,STL07,h,DET,0,1,0,regular,y,d,
SLA193909270,lucaj102,SLA,1,4,value,27,1,0,1,0,0,,,,,1,19390927,0,STL07,h,DET,0,1,0,regular,y,y,
SLA193909302,lucaj102,SLA,1,4,value,27,4,2,0,0,0,,,,,1,19390930,2,STL07,h,CHA,0,1,0,regular,y,d,
SLA193910010,lucaj102,SLA,1,4,value,30,4,3,0,1,0,,,,,1,19391001,0,STL07,h,CHA,1,0,0,regular,y,d,
SLA194009100,lucaj102,SLA,1,4,value,27,2,2,0,0,0,,,,,1,19400910,0,STL07,h,PHA,0,1,0,regular,y,d,
SLA194009110,lucaj102,SLA,1,4,value,27,2,6,0,1,0,,,,,1,19400911,0,STL07,h,PHA,1,0,0,regular,y,y,
SLA194009120,lucaj102,SLA,1,4,value,27,4,2,0,1,0,,,,,1,19400912,0,STL07,h,WS1,0,1,0,regular,y,y,
SLA194009130,lucaj102,SLA,1,4,value,27,4,2,0,2,0,,,,,1,19400913,0,STL07,h,WS1,1,0,0,regular,y,y,
SLA194009140,lucaj102,SLA,1,4,value,27,2,2,0,0,0,,,,,1,19400914,0,STL07,h,WS1,1,0,0,regular,y,y,
SLA194009151,lucaj102,SLA,1,4,value,27,1,0,0,0,0,,,,,1,19400915,1,STL07,h,NYA,1,0,0,regular,y,y,
SLA194009152,lucaj102,SLA,1,4,value,27,1,5,1,2,0,,,,,1,19400915,2,STL07,h,NYA,1,0,0,regular,y,y,
SLA194009160,lucaj102,SLA,1,4,value,27,1,3,1,0,0,,,,,1,19400916,0,STL07,h,NYA,1,0,0,regular,y,y,
SLA194009180,lucaj102,SLA,1,4,value,27,5,3,0,1,0,,,,,1,19400918,0,STL07,h,BOS,1,0,0,regular,y,y,
SLA194009190,lucaj102,SLA,1,4,value,27,1,3,0,0,0,,,,,1,19400919,0,STL07,h,BOS,1,0,0,regular,y,y,
SLA194009200,lucaj102,SLA,1,4,value,27,4,6,1,1,0,,,,,1,19400920,0,STL07,h,CHA,1,0,0,regular,y,y,
SLA194009210,lucaj102,SLA,1,4,value,27,1,4,0,1,0,,,,,1,19400921,0,STL07,h,CHA,1,0,0,regular,y,y,
SLA194009220,lucaj102,SLA,1,4,value,27,3,6,0,3,0,,,,,1,19400922,0,STL07,h,CHA,0,1,0,regular,y,y,
CHA194009270,lucaj102,SLA,1,4,value,28,2,2,0,0,0,,,,,1,19400927,0,CHI10,v,CHA,0,1,0,regular,y,d,
CHA194009280,lucaj102,SLA,1,4,value,24,2,3,0,2,0,,,,,1,19400928,0,CHI10,v,CHA,0,1,0,regular,y,y,
CHA194009290,lucaj102,SLA,1,4,value,27,3,4,0,0,0,,,,,1,19400929,0,CHI10,v,CHA,1,0,0,regular,y,y,
SLA194104160,lucaj102,SLA,1,4,value,27,1,4,0,1,0,,,,,1,19410416,0,STL07,h,DET,1,0,0,regular,y,y,
CHA194104180,lucaj102,SLA,1,4,value,24,1,1,0,0,0,,,,,1,19410418,0,CHI10,v,CHA,0,1,0,regular,y,y,
CLE194104220,lucaj102,SLA,1,4,value,21,2,3,0,0,0,,,,,1,19410422,0,CLE06,v,CLE,1,0,0,regular,y,y,
CLE194104230,lucaj102,SLA,1,4,value,24,4,0,0,0,0,,,,,1,19410423,0,CLE06,v,CLE,0,1,0,regular,y,y,
DET194104240,lucaj102,SLA,1,4,value,24,6,3,1,1,0,,,,,1,19410424,0,DET04,v,DET,0,1,0,regular,y,y,
DET194104250,lucaj102,SLA,1,4,value,25,2,3,0,0,0,,,,,1,19410425,0,DET04,v,DET,0,1,0,regular,y,y,
SLA194104260,lucaj102,SLA,1,4,value,3,1,0,0,0,0,,,,,0,19410426,0,STL07,h,CHA,0,1,0,regular,y,y,
SLA194104270,lucaj102,SLA,1,4,value,6,1,1,0,0,0,,,,,0,19410427,0,STL07,h,CHA,0,1,0,regular,y,y,
SLA194105010,lucaj102,SLA,1,4,value,27,2,5,0,1,0,,,,,1,19410501,0,STL07,h,NYA,0,1,0,regular,y,y,
SLA194105020,lucaj102,SLA,1,4,value,36,3,7,0,1,0,,,,,1,19410502,0,STL07,h,WS1,0,1,0,regular,y,y,
SLA194105030,lucaj102,SLA,1,4,value,27,1,6,0,1,0,,,,,1,19410503,0,STL07,h,WS1,1,0,0,regular,y,y,
SLA194105040,lucaj102,SLA,1,4,value,27,3,4,0,1,0,,,,,1,19410504,0,STL07,h,BOS,0,1,0,regular,y,y,
SLA194105070,lucaj102,SLA,1,4,value,42,5,3,0,2,0,,,,,1,19410507,0,STL07,h,PHA,1,0,0,regular,y,d,
SLA194105080,lucaj102,SLA,1,4,value,27,4,4,2,1,0,,,,,1,19410508,0,STL07,h,PHA,0,1,0,regular,y,y,
SLA194105111,lucaj102,SLA,1,4,value,9,1,1,0,0,0,,,,,0,19410511,1,STL07,h,CLE,0,1,0,regular,y,y,
SLA194105112,lucaj102,SLA,1,5,value,24,1,2,1,0,0,,,,,1,19410511,2,STL07,h,CLE,1,0,0,regular,y,y,
SLA194105112,lucaj102,SLA,2,4,value,6,1,0,0,0,0,,,,,0,19410511,2,STL07,h,CLE,1,0,0,regular,y,y,
PHA194105140,lucaj102,SLA,1,5,value,27,5,1,0,0,0,,,,,1,19410514,0,PHI11,v,PHA,1,0,0,regular,y,y,
WS1194105150,lucaj102,SLA,1,5,value,27,0,1,0,0,0,,,,,1,19410515,0,WAS09,v,WS1,1,0,0,regular,y,y,
WS1194105160,lucaj102,SLA,1,5,value,26,2,2,0,0,0,,,,,1,19410516,0,WAS09,v,WS1,0,1,0,regular,y,y,
WS1194105170,lucaj102,SLA,1,5,value,21,2,2,0,0,0,,,,,1,19410517,0,WAS09,v,WS1,0,1,0,regular,y,y,
WS1194105170,lucaj102,SLA,2,6,value,3,0,2,0,0,0,,,,,0,19410517,0,WAS09,v,WS1,0,1,0,regular,y,y,
NYA194105180,lucaj102,SLA,1,6,value,24,4,3,0,1,0,,,,,1,19410518,0,NYC16,v,NYA,0,1,0,regular,y,y,
NYA194105180,lucaj102,SLA,1,6,official,,,,0,0,,,,,,1,19410518,0,NYC16,v,NYA,0,1,0,regular,y,y,
NYA194105190,lucaj102,SLA,1,6,value,27,1,2,0,1,0,,,,,1,19410519,0,NYC16,v,NYA,1,0,0,regular,y,y,
NYA194105200,lucaj102,SLA,1,6,value,26,5,2,3,2,0,,,,,1,19410520,0,NYC16,v,NYA,0,1,0,regular,y,y,
BOS194105210,lucaj102,SLA,1,6,value,24,2,1,0,1,0,,,,,1,19410521,0,BOS07,v,BOS,0,1,0,regular,y,y,
BOS194105220,lucaj102,SLA,1,6,value,27,2,0,0,0,0,,,,,1,19410522,0,BOS07,v,BOS,1,0,0,regular,y,y,
CLE194105230,lucaj102,SLA,1,6,value,24,4,1,1,0,0,,,,,1,19410523,0,CLE07,v,CLE,0,1,0,regular,y,y,
CLE194105240,lucaj102,SLA,1,6,value,24,3,1,2,0,0,,,,,1,19410524,0,CLE07,v,CLE,0,1,0,regular,y,y,
CLE194105250,lucaj102,SLA,1,7,value,24,5,0,0,0,0,,,,,1,19410525,0,CLE07,v,CLE,0,1,0,regular,y,y,
CHA194105270,lucaj102,SLA,1,4,value,27,2,4,0,1,0,,,,,1,19410527,0,CHI10,v,CHA,1,0,0,regular,y,y,
CHA194105280,lucaj102,SLA,1,4,value,27,1,4,0,1,0,,,,,1,19410528,0,CHI10,v,CHA,1,0,0,regular,y,y,
CHA194105290,lucaj102,SLA,1,4,value,24,3,0,0,0,0,,,,,1,19410529,0,CHI10,v,CHA,0,1,0,regular,y,y,
DET194105301,lucaj102,SLA,1,4,value,26,3,4,0,1,0,,,,,1,19410530,1,DET04,v,DET,0,1,0,regular,y,y,
DET194105302,lucaj102,SLA,1,4,value,24,2,5,0,0,0,,,,,1,19410530,2,DET04,v,DET,0,1,0,regular,y,y,
CHA194105310,lucaj102,SLA,1,4,value,17,3,1,0,1,0,,,,,1,19410531,0,CHI10,v,CHA,0,1,0,regular,y,y,
SLA194106011,lucaj102,SLA,1,4,value,27,2,3,0,0,0,,,,,1,19410601,1,STL07,h,PHA,0,1,0,regular,y,y,
SLA194106012,lucaj102,SLA,1,4,value,27,3,8,1,1,0,,,,,1,19410601,2,STL07,h,PHA,0,1,0,regular,y,d,
SLA194106030,lucaj102,SLA,1,4,value,27,1,4,1,1,0,,,,,1,19410603,0,STL07,h,WS1,1,0,0,regular,y,d,
SLA194106040,lucaj102,SLA,1,4,value,27,2,2,0,0,0,,,,,1,19410604,0,STL07,h,WS1,1,0,0,regular,y,y,
SLA194106050,lucaj102,SLA,1,4,value,27,3,3,0,1,0,,,,,1,19410605,0,STL07,h,WS1,1,0,0,regular,y,y,
SLA194106070,lucaj102,SLA,1,4,value,27,2,1,0,0,0,,,,,1,19410607,0,STL07,h,NYA,0,1,0,regular,y,y,
SLA194106081,lucaj102,SLA,1,4,value,27,2,5,0,1,0,,,,,1,19410608,1,STL07,h,NYA,0,1,0,regular,y,y,
SLA194106082,lucaj102,SLA,1,4,value,21,2,1,1,1,0,,,,,1,19410608,2,STL07,h,NYA,0,1,0,regular,y,y,
SLA194106121,lucaj102,SLA,1,4,value,27,2,6,0,1,0,,,,,1,19410612,1,STL07,h,BOS,1,0,0,regular,y,y,
SLA194106122,lucaj102,SLA,1,4,value,6,0,0,0,0,0,,,,,0,19410612,2,STL07,h,BOS,0,1,0,regular,y,d,
PHA194106140,lucaj102,SLA,1,4,value,27,2,1,1,0,0,,,,,1,19410614,0,PHI11,v,PHA,1,0,0,regular,y,y,
PHA194106150,lucaj102,SLA,1,4,value,24,4,6,0,1,0,,,,,1,19410615,0,PHI11,v,PHA,0,1,0,regular,y,y,
WS1194106180,lucaj102,SLA,1,4,value,27,2,4,0,2,0,,,,,1,19410618,0,WAS09,v,WS1,1,0,0,regular,y,d,
WS1194106190,lucaj102,SLA,1,4,value,24,1,3,0,0,0,,,,,1,19410619,0,WAS09,v,WS1,0,1,0,regular,y,y,
BOS194106200,lucaj102,SLA,1,4,value,24,1,1,0,1,0,,,,,1,19410620,0,BOS07,v,BOS,0,1,0,regular,y,y,
BOS194106210,lucaj102,SLA,1,4,value,27,0,3,1,0,0,,,,,1,19410621,0,BOS07,v,BOS,1,0,0,regular,y,y,
BOS194106221,lucaj102,SLA,1,4,value,24,3,4,0,1,0,,,,,1,19410622,1,BOS07,v,BOS,0,1,0,regular,y,y,
BOS194106222,lucaj102,SLA,1,4,value,27,1,1,0,1,0,,,,,1,19410622,2,BOS07,v,BOS,1,0,0,regular,y,y,
NYA194106240,lucaj102,SLA,1,4,value,24,1,3,0,0,0,,,,,1,19410624,0,NYC16,v,NYA,0,1,0,regular,y,y,
DET194106280,lucaj102,SLA,1,4,value,9,1,1,0,0,0,,,,,0,19410628,0,DET04,v,DET,1,0,0,regular,y,y,
SLA194106300,lucaj102,SLA,1,4,value,27,2,3,0,1,0,,,,,1,19410630,0,STL07,h,CLE,1,0,0,regular,y,y,
SLA194107010,lucaj102,SLA,1,4,value,9,0,0,0,0,0,,,,,0,19410701,0,STL07,h,CLE,0,1,0,regular,y,y,
CLE194107041,lucaj102,SLA,1,4,value,26,2,6,0,1,0,,,,,1,19410704,1,CLE07,v,CLE,0,1,0,regular,y,y,
SLA194107061,lucaj102,SLA,1,4,value,3,0,0,0,0,0,,,,,0,19410706,1,STL07,h,DET,0,1,0,regular,y,y,
SLA194107120,lucaj102,SLA,1,6,value,6,0,1,0,0,0,,,,,0,19410712,0,STL07,h,NYA,0,1,0,regular,y,y,
SLA194107131,lucaj102,SLA,1,6,value,27,2,1,0,0,0,,,,,1,19410713,1,STL07,h,WS1,0,1,0,regular,y,y,
SLA194107132,lucaj102,SLA,1,6,value,27,2,2,0,0,0,,,,,1,19410713,2,STL07,h,WS1,0,1,0,regular,y,d,
SLA194107140,lucaj102,SLA,1,6,value,24,5,2,2,0,0,,,,,1,19410714,0,STL07,h,WS1,1,0,0,regular,y,y,
WS1194107271,lucaj102,SLA,1,4,value,24,3,4,0,1,0,,,,,1,19410727,1,WAS09,v,WS1,0,1,0,regular,y,y,
NYA194108010,lucaj102,SLA,1,4,value,6,1,1,0,0,0,,,,,0,19410801,0,NYC16,v,NYA,0,1,0,regular,y,y,
NYA194108020,lucaj102,SLA,1,4,value,24,4,3,1,1,0,,,,,1,19410802,0,NYC16,v,NYA,0,1,0,regular,y,y,
NYA194108020,lucaj102,SLA,1,4,official,,,,1,2,,,,,,1,19410802,0,NYC16,v,NYA,0,1,0,regular,y,y,
NYA194108031,lucaj102,SLA,1,4,value,21,0,2,0,0,0,,,,,1,19410803,1,NYC16,v,NYA,1,0,0,regular,y,y,
NYA194108032,lucaj102,SLA,1,4,value,21,1,2,0,0,0,,,,,1,19410803,2,NYC16,v,NYA,1,0,0,regular,y,y,
SLA194108061,lucaj102,SLA,1,4,value,27,4,0,0,0,0,,,,,1,19410806,1,STL07,h,CHA,1,0,0,regular,y,y,
SLA194108062,lucaj102,SLA,1,4,value,27,2,1,0,0,0,,,,,1,19410806,2,STL07,h,CHA,0,1,0,regular,y,d,
SLA194108070,lucaj102,SLA,1,4,value,27,4,2,1,0,0,,,,,1,19410807,0,STL07,h,CHA,0,1,0,regular,y,y,
SLA194108080,lucaj102,SLA,1,4,value,15,3,1,0,0,0,,,,,1,19410808,0,STL07,h,CHA,0,1,0,regular,y,y,
SLA194108080,lucaj102,SLA,2,5,value,12,0,1,0,0,0,,,,,0,19410808,0,STL07,h,CHA,0,1,0,regular,y,y,
CHA194108112,lucaj102,SLA,1,4,value,27,4,4,0,0,0,,,,,1,19410811,2,CHI10,v,CHA,1,0,0,regular,y,d,
SLA194108172,lucaj102,SLA,1,4,value,27,2,0,0,0,0,,,,,1,19410817,2,STL07,h,DET,1,0,0,regular,y,d,
SLA194108191,lucaj102,SLA,1,4,value,27,3,2,1,1,0,,,,,1,19410819,1,STL07,h,BOS,1,0,0,regular,y,y,
SLA194108202,lucaj102,SLA,1,4,value,27,2,4,0,0,0,,,,,1,19410820,2,STL07,h,BOS,1,0,0,regular,y,y,
SLA194108240,lucaj102,SLA,1,4,value,30,2,2,0,1,0,,,,,1,19410824,0,STL07,h,WS1,1,0,0,regular,y,y,
SLA194108252,lucaj102,SLA,1,4,value,30,4,5,0,1,0,,,,,1,19410825,2,STL07,h,WS1,0,0,1,regular,y,y,
SLA194108260,lucaj102,SLA,1,4,value,27,1,3,0,1,0,,,,,1,19410826,0,STL07,h,WS1,0,1,0,regular,y,y,
DET194109011,lucaj102,SLA,1,4,value,24,2,5,1,0,0,,,,,1,19410901,1,DET04,v,DET,0,1,0,regular,y,d,
CHA194109062,lucaj102,SLA,1,4,value,24,2,0,0,0,0,,,,,1,19410906,2,CHI10,v,CHA,0,1,0,regular,y,d,
BOS194109130,lucaj102,SLA,1,4,value,6,1,0,0,1,0,,,,,0,19410913,0,BOS07,v,BOS,0,1,0,regular,y,y,
PHA194109142,lucaj102,SLA,1,4,value,27,4,2,0,1,0,,,,,1,19410914,2,PHI11,v,PHA,1,0,0,regular,y,y,
CLE194109211,lucaj102,SLA,1,4,value,9,2,0,0,0,0,,,,,0,19410921,1,CLE06,v,CLE,0,1,0,regular,y,y,
SLA194109262,lucaj102,SLA,1,4,value,27,1,5,0,0,0,,,,,1,19410926,2,STL07,h,CLE,0,1,0,regular,y,y,
SLA194109270,lucaj102,SLA,1,4,value,24,1,3,0,0,0,,,,,0,19410927,0,STL07,h,CLE,0,1,0,regular,y,y,
SLA194109280,lucaj102,SLA,1,4,value,27,2,3,1,0,0,,,,,1,19410928,0,STL07,h,CLE,1,0,0,regular,y,y,
MLS194110050,lucaj102,MLS,1,5,value,27,1,4,0,0,0,,,,,1,19411005,0,STL07,h,KCM,1,0,0,exhibition,y,,
DET194604170,lucaj102,SLA,1,5,value,15,1,1,0,0,0,,,,,0,19460417,0,DET04,v,DET,1,0,0,regular,y,y,
DET194604180,lucaj102,SLA,1,5,value,24,1,3,0,0,0,,,,,1,19460418,0,DET04,v,DET,0,1,0,regular,y,y,
PHA194604300,lucaj102,SLA,1,5,value,12,1,1,0,0,0,,,,,0,19460430,0,PHI11,v,PHA,0,1,0,regular,y,y,
PHA194605010,lucaj102,SLA,1,5,value,24,1,1,1,0,0,,,,,1,19460501,0,PHI11,v,PHA,0,1,0,regular,y,y,
BOS194605061,lucaj102,SLA,1,5,value,3,0,0,0,0,0,,,,,0,19460506,1,BOS07,v,BOS,0,1,0,regular,y,y,
BOS194605062,lucaj102,SLA,1,5,value,25,2,6,0,0,0,,,,,0,19460506,2,BOS07,v,BOS,0,1,0,regular,y,y,
BOS194605070,lucaj102,SLA,1,5,value,39,3,3,0,0,0,,,,,1,19460507,0,BOS07,v,BOS,0,1,0,regular,y,d,
NYA194605080,lucaj102,SLA,1,5,value,24,1,1,0,0,0,,,,,1,19460508,0,NYC16,v,NYA,0,1,0,regular,y,y,
NYA194605090,lucaj102,SLA,1,5,value,27,3,3,0,0,0,,,,,1,19460509,0,NYC16,v,NYA,1,0,0,regular,y,y,
CLE194605121,lucaj102,SLA,1,5,value,29,4,2,0,0,0,,,,,1,19460512,1,CLE07,v,CLE,0,1,0,regular,y,y,
CLE194605122,lucaj102,SLA,1,5,value,27,0,2,0,0,0,,,,,1,19460512,2,CLE07,v,CLE,1,0,0,regular,y,y,
CLE194605131,lucaj102,SLA,1,5,value,24,0,1,0,0,0,,,,,1,19460513,1,CLE06,v,CLE,0,1,0,regular,y,y,
CLE194605132,lucaj102,SLA,1,5,value,27,0,2,0,0,0,,,,,1,19460513,2,CLE06,v,CLE,1,0,0,regular,y,y,
SLA194605140,lucaj102,SLA,1,5,value,27,3,5,0,1,0,,,,,1,19460514,0,STL07,h,NYA,0,1,0,regular,y,y,
SLA194605150,lucaj102,SLA,1,5,value,27,2,2,0,0,0,,,,,1,19460515,0,STL07,h,NYA,1,0,0,regular,y,y,
SLA194605160,lucaj102,SLA,1,5,value,27,1,2,0,0,0,,,,,1,19460516,0,STL07,h,BOS,1,0,0,regular,y,y,
SLA194605180,lucaj102,SLA,1,5,value,27,0,2,1,0,0,,,,,1,19460518,0,STL07,h,BOS,0,1,0,regular,y,y,
SLA194605191,lucaj102,SLA,1,5,value,27,0,2,0,0,0,,,,,1,19460519,1,STL07,h,PHA,0,1,0,regular,y,y,
SLA194605192,lucaj102,SLA,1,5,value,27,0,2,0,0,0,,,,,1,19460519,2,STL07,h,PHA,0,1,0,regular,y,d,
SLA194605210,lucaj102,SLA,1,4,value,27,5,4,0,0,0,,,,,1,19460521,0,STL07,h,PHA,1,0,0,regular,y,y,
SLA194605220,lucaj102,SLA,1,4,value,27,3,5,0,2,0,,,,,1,19460522,0,STL07,h,WS1,1,0,0,regular,y,d,
SLA194605250,lucaj102,SLA,1,4,value,27,4,0,0,0,0,,,,,1,19460525,0,STL07,h,CLE,0,1,0,regular,y,y,
SLA194605261,lucaj102,SLA,1,4,value,21,3,2,0,0,0,,,,,1,19460526,1,STL07,h,CLE,1,0,0,regular,y,d,
BOS194606040,lucaj102,SLA,1,5,value,6,0,0,0,0,0,,,,,0,19460604,0,BOS07,v,BOS,0,1,0,regular,y,y,
BOS194606050,lucaj102,SLA,1,4,value,12,0,1,0,0,0,,,,,0,19460605,0,BOS07,v,BOS,0,0,1,regular,y,y,
PHA194606080,lucaj102,SLA,1,5,value,6,0,1,0,0,0,,,,,0,19460608,0,PHI11,v,PHA,0,1,0,regular,y,y,
PHA194606092,lucaj102,SLA,1,5,value,3,1,0,0,0,0,,,,,0,19460609,2,PHI11,v,PHA,0,1,0,regular,y,y,
SLA194606161,lucaj102,SLA,1,4,value,6,0,0,0,0,0,,,,,0,19460616,1,STL07,h,NYA,0,1,0,regular,y,y,
CLE194607030,lucaj102,SLA,1,5,value,12,1,1,0,1,0,,,,,0,19460703,0,CLE06,v,CLE,0,1,0,regular,y,y,
CHA194607041,lucaj102,SLA,1,5,value,27,1,2,0,0,0,,,,,1,19460704,1,CHI10,v,CHA,1,0,0,regular,y,y,
CHA194607042,lucaj102,SLA,1,5,value,27,0,1,0,0,0,,,,,1,19460704,2,CHI10,v,CHA,1,0,0,regular,y,y,
CHA194607050,lucaj102,SLA,1,5,value,27,2,0,0,0,0,,,,,1,19460705,0,CHI10,v,CHA,1,0,0,regular,y,y,
DET194607060,lucaj102,SLA,1,5,value,24,2,1,1,0,0,,,,,1,19460706,0,DET04,v,DET,0,1,0,regular,y,y,
DET194607070,lucaj102,SLA,1,5,value,24,0,7,0,0,0,,,,,1,19460707,0,DET04,v,DET,0,1,0,regular,y,y,
PHA194607110,lucaj102,SLA,1,4,value,27,2,2,0,0,0,,,,,1,19460711,0,PHI11,v,PHA,1,0,0,regular,y,y,
PHA194607120,lucaj102,SLA,1,5,value,24,2,1,2,0,0,,,,,1,19460712,0,PHI11,v,PHA,0,1,0,regular,y,y,
PHA194607130,lucaj102,SLA,1,5,value,27,1,2,0,1,0,,,,,1,19460713,0,PHI11,v,PHA,1,0,0,regular,y,y,
WS1194607141,lucaj102,SLA,1,5,value,24,0,2,0,0,0,,,,,1,19460714,1,WAS09,v,WS1,0,1,0,regular,y,y,
WS1194607142,lucaj102,SLA,1,5,value,24,0,1,0,0,0,,,,,1,19460714,2,WAS09,v,WS1,0,1,0,regular,y,y,
WS1194607150,lucaj102,SLA,1,5,value,24,0,2,0,1,0,,,,,1,19460715,0,WAS09,v,WS1,0,1,0,regular,y,y,
WS1194607160,lucaj102,SLA,1,5,value,27,0,2,0,0,0,,,,,1,19460716,0,WAS09,v,WS1,1,0,0,regular,y,d,
NYA194607171,lucaj102,SLA,1,5,value,24,0,1,1,0,0,,,,,1,19460717,1,NYC16,v,NYA,0,1,0,regular,y,y,
NYA194607172,lucaj102,SLA,1,5,value,24,0,1,0,0,0,,,,,1,19460717,2,NYC16,v,NYA,0,1,0,regular,y,y,
NYA194607180,lucaj102,SLA,1,5,value,24,0,3,0,0,0,,,,,1,19460718,0,NYC16,v,NYA,0,1,0,regular,y,y,
SLA194607260,lucaj102,SLA,1,5,value,6,0,0,0,0,0,,,,,0,19460726,0,STL07,h,BOS,0,1,0,regular,y,y,
SLA194607270,lucaj102,SLA,1,4,value,9,1,1,0,1,0,,,,,0,19460727,0,STL07,h,BOS,0,1,0,regular,y,y,
SLA194608041,lucaj102,SLA,1,4,value,27,3,2,0,0,0,,,,,1,19460804,1,STL07,h,PHA,1,0,0,regular,y,d,
SLA194608042,lucaj102,SLA,1,4,value,27,6,3,0,2,0,,,,,1,19460804,2,STL07,h,PHA,1,0,0,regular,y,d,
SLA194608060,lucaj102,SLA,1,4,value,27,4,3,1,2,0,,,,,1,19460806,0,STL07,h,DET,0,1,0,regular,y,d,
SLA194608070,lucaj102,SLA,1,4,value,27,3,3,0,1,0,,,,,1,19460807,0,STL07,h,DET,1,0,0,regular,y,d,
SLA194608090,lucaj102,SLA,1,4,value,27,2,1,0,0,0,,,,,1,19460809,0,STL07,h,CLE,0,1,0,regular,y,d,
SLA194608100,lucaj102,SLA,1,4,value,27,4,2,0,2,0,,,,,1,19460810,0,STL07,h,CLE,0,1,0,regular,y,d,
SLA194608111,lucaj102,SLA,1,4,value,27,6,1,0,0,0,,,,,1,19460811,1,STL07,h,CLE,1,0,0,regular,y,y,
SLA194609180,lucaj102,SLA,1,4,value,12,2,0,0,0,0,,,,,0,19460918,0,STL07,h,BOS,0,1,0,regular,y,d,
SLA194609190,lucaj102,SLA,1,4,value,27,1,2,0,0,0,,,,,1,19460919,0,STL07,h,BOS,1,0,0,regular,y,y,
SLA194609212,lucaj102,SLA,1,4,value,3,0,0,0,0,0,,,,,1,19460921,2,STL07,h,CHA,0,1,0,regular,y,d,
DET194609242,lucaj102,SLA,1,4,value,24,5,3,0,0,0,,,,,1,19460924,2,DET04,v,DET,0,1,0,regular,y,d,
NYA194704270,lucaj102,NYA,1,4,value,3,0,0,0,0,0,,,,,0,19470427,0,NYC16,h,WS1,0,1,0,regular,y,y,
NYA194705180,lucaj102,NYA,1,4,value,9,0,0,0,0,0,,,,,0,19470518,0,NYC16,h,CLE,0,1,0,regular,y,y,
NYA194705190,lucaj102,NYA,1,4,value,3,0,0,0,0,0,,,,,0,19470519,0,NYC16,h,CLE,0,1,0,regular,y,y,
NYA194705200,lucaj102,NYA,1,4,value,6,0,0,0,0,0,,,,,0,19470520,0,NYC16,h,CLE,0,1,0,regular,y,y,
SLA194706081,lucaj102,NYA,1,4,value,12,3,0,0,0,0,,,,,0,19470608,1,STL07,v,SLA,0,1,0,regular,y,y,
