gid,id,team,b_lp,b_seq,stattype,b_pa,b_ab,b_r,b_h,b_d,b_t,b_hr,b_rbi,b_sh,b_sf,b_hbp,b_w,b_iw,b_k,b_sb,b_cs,b_gdp,b_xi,b_roe,dh,ph,pr,date,number,site,vishome,opp,win,loss,tie,gametype,box,pbp,eject
NYL191208240,pedre101,CUW,5,1,value,4,4,0,0,0,0,0,0,0,,0,0,0,,0,,,0,,,,,19120824,0,NYC14,v,NYL,1,0,0,exhibition,y,,
CUW191308021,pedre101,CUW,9,1,value,4,3,0,0,0,0,0,0,1,0,0,0,0,0,1,0,0,0,1,,,,19130802,1,CHI09,h,NYL,0,1,0,exhibition,y,y,
CAG192405180,pedre101,CUW,2,2,value,1,1,0,0,0,0,0,0,0,0,0,0,0,1,0,0,0,0,0,,1,,19240518,0,CHI09,v,CAG,0,1,0,regular,y,y,
NYL192609192,pedre101,CUE,9,1,value,2,2,0,1,1,0,0,,0,,0,0,0,,0,,,0,,,,,19260919,2,NYC24,v,NYL,0,1,0,exhibition,y,,
