gid,id,team,b_lp,b_seq,stattype,b_pa,b_ab,b_r,b_h,b_d,b_t,b_hr,b_rbi,b_sh,b_sf,b_hbp,b_w,b_iw,b_k,b_sb,b_cs,b_gdp,b_xi,b_roe,dh,ph,pr,date,number,site,vishome,opp,win,loss,tie,gametype,box,pbp
MEM193907070,burcw101,CV9,,,value,,,,,,,,,,,,,,,,,,,,,,,19390707,0,FUL01,v,MEM,1,0,0,regular,,
MEM193907070,howar101,CV9,,,value,,,,,,,,,,,,,,,,,,,,,,,19390707,0,FUL01,v,MEM,1,0,0,regular,,
MEM193907070,browl107,MEM,,,value,,,,,,,,,,,,,,,,,,,,,,,19390707,0,FUL01,h,CV9,0,1,0,regular,,
MEM193907070,davel102,MEM,,,value,,,,,,,,,,,,,,,,,,,,,,,19390707,0,FUL01,h,CV9,0,1,0,regular,,
MEM193907070,wilsl102,MEM,,,value,,,,,,,,,,,,,,,,,,,,,,,19390707,0,FUL01,h,CV9,0,1,0,regular,,
