gid,id,team,b_lp,b_seq,stattype,b_pa,b_ab,b_r,b_h,b_d,b_t,b_hr,b_rbi,b_sh,b_sf,b_hbp,b_w,b_iw,b_k,b_sb,b_cs,b_gdp,b_xi,b_roe,dh,ph,pr,date,number,site,vishome,opp,win,loss,tie,gametype,box,pbp,eject
CB1192104300,beckj104,CG1,4,1,value,4,4,1,2,1,0,0,,0,,0,0,,,0,,,,,,,,19210430,0,COL04,v,CB1,1,0,0,regular,y,,
CB1192105010,beckj104,CG1,4,1,value,5,3,2,3,0,0,0,,0,,0,2,,,0,,,,,,,,19210501,0,COL04,v,CB1,0,0,1,regular,y,,
CNN192105220,beckj104,CG1,4,1,value,4,3,2,1,0,0,1,1,0,,0,1,,,0,,,0,,,,,19210522,0,CIN07,v,CNN,0,1,0,regular,y,,
CAG192106190,beckj104,CG1,4,1,value,4,4,0,1,0,0,0,0,0,0,0,0,0,1,0,0,0,0,0,,,,19210619,0,CHI09,v,CAG,0,1,0,regular,y,y,
CAG192106200,beckj104,CG1,4,1,value,5,4,0,2,0,0,0,,0,,0,1,,,0,,,0,,,,,19210620,0,CHI09,v,CAG,0,1,0,regular,y,,
CB1192107190,beckj104,CG1,4,1,value,4,4,0,1,0,0,0,,0,,0,0,0,,0,,,0,,,,,19210719,0,COL04,v,CB1,0,1,0,regular,y,,
CAG192208160,beckj104,CAG,7,1,value,4,3,0,0,0,0,0,0,0,0,0,1,0,2,0,1,0,0,0,,,,19220816,0,CHI09,h,ACY,1,0,0,exhibition,y,y,
CAG192208190,beckj104,CAG,7,1,value,2,2,0,0,0,0,0,0,0,,0,0,0,,0,,,0,,,,,19220819,0,CHI09,h,HIL,0,1,0,exhibition,y,,
BLS192408031,beckj104,BLS,4,1,value,4,4,2,3,0,0,0,1,0,0,0,0,0,0,0,0,0,0,0,,,,19240803,1,BAL13,h,BRG,0,1,0,regular,y,y,
BLS192408032,beckj104,BLS,4,1,value,5,4,2,3,1,0,0,0,0,0,0,1,0,0,0,0,0,0,1,,,,19240803,2,BAL13,h,BRG,1,0,0,regular,y,y,
BLS192505031,beckj104,BLS,3,1,value,4,4,0,3,1,0,0,,0,,0,0,0,,0,,,0,,,,,19250503,1,BAL13,h,CUE,0,1,0,regular,y,,
BLS192510111,beckj104,BLS,3,1,value,4,4,1,1,0,0,1,1,0,,0,0,0,3,0,,,0,,,,,19251011,1,BAL13,h,HOM,0,1,0,exhibition,y,,
HIL192610010,beckj104,HIL,4,1,value,4,4,1,1,0,0,1,2,0,,0,0,,,0,,,,,,,,19261001,0,WIL03,h,ALN,1,0,0,exhibition,y,,
HIL192610020,beckj104,HIL,4,1,value,4,4,0,1,1,0,0,,0,,0,0,,,0,,,,,,,,19261002,0,DAR01,h,ALN,1,0,0,exhibition,y,,
HOM192610030,beckj104,HOM,3,1,value,5,5,1,2,1,0,0,,0,,0,0,,,0,,,,,,,,19261003,0,YOU01,h,ALN,0,1,0,exhibition,y,,
HOM192610040,beckj104,HOM,3,1,value,4,4,0,2,0,1,0,,0,,0,0,,,0,,,,,,,,19261004,0,PIT06,h,ALN,1,0,0,exhibition,y,,
ALN192610060,beckj104,HIL,4,1,value,4,3,0,1,0,0,0,0,1,,0,0,,,0,,,,,,,,19261006,0,BLO01,v,ALN,0,1,0,exhibition,y,,
ALN192610070,beckj104,HIL,4,1,value,4,4,0,1,1,0,0,,0,,0,0,,,0,,,,,,,,19261007,0,BLO01,v,ALN,1,0,0,exhibition,y,,
ALN192610080,beckj104,HIL,4,1,value,4,4,0,1,0,0,0,,0,,0,0,,,0,,,,,,,,19261008,0,BLO01,v,ALN,1,0,0,exhibition,y,,
HIL192610090,beckj104,HIL,4,1,value,4,4,0,1,0,0,0,,0,,0,0,0,,0,,,,,,,,19261009,0,DAR01,h,ALN,1,0,0,exhibition,y,,
HOM192610110,beckj104,HOM,3,1,value,4,3,0,1,0,0,0,0,1,,0,0,,,0,,,,,,,,19261011,0,PIT06,h,ALN,1,0,0,exhibition,y,,
HOM192710080,beckj104,HOM,4,1,value,4,4,0,1,0,0,0,,0,,0,0,,,0,,,,,,,,19271008,0,PIT06,h,ALN,1,0,0,exhibition,y,,
HOM192710090,beckj104,HOM,4,1,value,4,4,0,1,0,0,0,,0,,0,0,0,,0,,,,,,,,19271009,0,YOU01,h,ALN,1,0,0,exhibition,y,,
HOM192710100,beckj104,HOM,4,1,value,5,3,2,1,0,0,1,2,0,,0,2,,,0,,,,,,,,19271010,0,JAM01,h,ALN,0,1,0,exhibition,y,,
BLS192710230,beckj104,BLS,4,1,value,5,4,3,4,1,0,2,,0,,0,1,,,0,,,,,,,,19271023,0,BAL13,h,ASB,1,0,0,exhibition,y,,
HIL192710290,beckj104,HIL,4,1,value,4,4,0,0,0,0,0,,0,,0,0,,,0,,,,,,,,19271029,0,LOS05,h,PIR,1,0,0,exhibition,y,,
HIL192710300,beckj104,HIL,4,1,value,4,4,2,2,0,0,0,,0,,0,0,,,0,,,,,,,,19271030,0,LOS05,h,PIR,1,0,0,exhibition,y,,
HOM192810070,beckj104,HOM,4,1,value,5,5,1,1,0,1,0,,0,,0,0,,,0,,,,,,,,19281007,0,SHA01,h,ALN,1,0,0,exhibition,y,,
HOM192810080,beckj104,HOM,4,1,value,5,5,1,1,0,0,0,,0,,0,0,,,0,,,,,,,,19281008,0,FMT01,h,ALN,1,0,0,exhibition,y,,
HOM192810090,beckj104,HOM,6,1,value,4,3,1,1,0,0,0,,0,,0,1,,,0,,,,,,,,19281009,0,PPB01,h,ALN,0,1,0,exhibition,y,,
HOM192810100,beckj104,HOM,4,1,value,4,3,1,0,0,0,0,,0,,0,1,,,0,,,,,,,,19281010,0,PIT06,h,ALN,1,0,0,exhibition,y,,
HOM192810110,beckj104,HOM,4,1,value,5,4,3,3,0,0,3,,0,,0,1,,,0,,,,,,,,19281011,0,BUT01,h,ALN,1,0,0,exhibition,y,,
HOM192810120,beckj104,HOM,4,1,value,4,3,1,2,0,1,0,,0,,0,1,,,0,,,,,,,,19281012,0,PIT06,h,ALN,0,1,0,exhibition,y,,
HOM192810130,beckj104,HOM,4,1,value,4,4,0,1,1,0,0,,0,0,0,0,0,,0,,,0,,,,,19281013,0,COL04,h,ALN,0,1,0,exhibition,y,,
BLS192810211,beckj104,BLS,3,1,value,4,4,1,1,0,0,1,,0,,0,0,,,0,,,,,,,,19281021,1,BAL13,h,ASB,1,0,0,exhibition,y,,
NYL192909011,beckj104,NYL,5,1,value,5,4,2,3,1,0,1,,0,,0,1,,,0,,,0,,,,,19290901,1,NYC24,h,HIL,1,0,0,regular,y,,
NYL192909012,beckj104,NYL,5,1,value,4,3,2,2,0,0,0,,0,,0,1,,,0,,,0,,,,,19290901,2,NYC24,h,HIL,1,0,0,regular,y,,
BLS192910061,beckj104,BLS,5,1,value,4,3,2,1,1,0,0,,1,,0,0,,,0,,,,,,,,19291006,1,BAL13,h,ASB,1,0,0,exhibition,y,,
BLS192910062,beckj104,BLS,5,1,value,4,4,0,2,2,0,0,,0,,0,0,,,0,,,,,,,,19291006,2,BAL13,h,ASB,0,1,0,exhibition,y,,
BLS192910131,beckj104,BLS,6,1,value,4,4,0,1,0,0,0,,0,,0,0,,,0,,,,,,,,19291013,1,BAL13,h,ASB,1,0,0,exhibition,y,,
BLS192910132,beckj104,BLS,6,1,value,3,3,0,1,0,0,0,,0,,0,0,,,0,,,,,,,,19291013,2,BAL13,h,ASB,1,0,0,exhibition,y,,
BLS192910201,beckj104,BLS,6,1,value,4,3,0,1,0,0,0,,1,,0,0,,,0,,,,,,,,19291020,1,BAL13,h,ASB,1,0,0,exhibition,y,,
BLS192910202,beckj104,BLS,6,1,value,2,2,1,1,0,0,1,,0,,0,0,,,0,,,,,,,,19291020,2,BAL13,h,ASB,1,0,0,exhibition,y,,
BLS192910270,beckj104,BLS,4,1,value,5,5,2,3,1,0,1,,0,,0,0,,,0,,,,,,,,19291027,0,BAL13,h,ASB,1,0,0,exhibition,y,,
HOM193009201,beckj104,NYL,6,1,value,4,4,0,0,0,0,0,,0,,0,0,,,0,,,,,,,,19300920,1,PIT06,v,HOM,0,1,0,championship,y,,
NYL193009212,beckj104,NYL,8,2,value,2,2,0,0,0,0,0,,0,,0,0,,,0,,,,,,,,19300921,2,NYC16,h,HOM,0,1,0,championship,y,,
NYL193009271,beckj104,NYL,9,2,value,1,1,0,0,0,0,0,0,0,0,0,0,0,0,0,0,0,0,0,,1,,19300927,1,NYC16,h,HOM,1,0,0,championship,y,y,
NYL193009282,beckj104,NYL,8,2,value,1,1,1,1,0,0,0,,0,,0,0,,,0,,,,,,,,19300928,2,NYC16,h,HOM,0,1,0,championship,y,,
MLS193110030,beckj104,HIL,6,2,value,1,1,0,1,0,0,0,,0,,0,0,0,,0,,,,,,,,19311003,0,PHI09,v,MLS,1,0,0,exhibition,y,,
MLS193110040,beckj104,HIL,5,1,value,5,5,1,2,0,0,0,,0,,0,0,0,,0,,,,,,,,19311004,0,FAI01,v,MLS,1,0,0,exhibition,y,,
HIL193110101,beckj104,HIL,4,1,value,3,3,0,2,0,0,0,0,0,,0,0,0,,0,,,0,,,,,19311010,1,DAR01,h,MLS,1,0,0,exhibition,y,,
HIL193110102,beckj104,HIL,4,1,value,3,2,1,0,0,0,0,0,0,,0,1,,,0,,,0,,,,,19311010,2,DAR01,h,MLS,1,0,0,exhibition,y,,
MLS193110111,beckj104,HIL,4,1,value,4,4,1,1,0,0,0,,0,,0,0,0,,0,,,,,,,,19311011,1,FAI01,v,MLS,0,1,0,exhibition,y,,
MLS193110112,beckj104,HIL,4,1,value,2,2,0,0,0,0,0,,0,,0,0,0,,0,,,,,,,,19311011,2,FAI01,v,MLS,0,1,0,exhibition,y,,
NY5193409091,beckj104,NY5,9,2,value,1,1,0,0,0,0,0,1,0,,0,0,0,,0,,,0,,,1,,19340909,1,NYC16,h,CAG,0,1,0,exhibition,y,,
NY5193409302,beckj104,NY5,9,2,value,1,0,0,0,0,0,0,0,0,,0,1,,,0,,,0,,,1,,19340930,2,NYC16,h,CAG,1,0,0,exhibition,y,,
BKB193410170,beckj104,NY5,7,1,value,4,3,1,1,0,0,0,1,0,,0,1,,,0,,,,,,,,19341017,0,NYC23,v,BKB,1,0,0,exhibition,y,,
HOM193507270,beckj104,HOM,4,1,value,4,3,0,0,0,0,0,0,0,0,0,1,0,,0,0,1,0,0,,,,19350727,0,PIT09,h,NY6,0,1,0,regular,y,d,
HOM193507280,beckj104,HOM,4,2,value,1,1,0,1,,,,,,,,,,,,,,,,,,,19350728,0,PIT09,h,NY6,0,1,0,regular,y,,
HOM193507310,beckj104,HOM,,,value,,,,,,,,,,,,,,,,,,,,,,,19350731,0,DAY03,h,NY6,0,1,0,regular,,,
PTC193508080,beckj104,HOM,4,1,value,4,4,0,1,0,0,0,0,0,0,0,0,0,0,0,0,0,0,0,,,,19350808,0,PHI17,v,PTC,0,1,0,regular,y,d,
HOM193508100,beckj104,HOM,4,1,value,4,3,0,0,0,0,0,0,0,,0,1,,,,,,,,,,,19350810,0,ALT02,h,BRN,0,1,0,Regular,y,,
HOM193508120,beckj104,HOM,5,1,value,3,2,0,0,0,0,0,0,0,0,0,1,0,,0,0,0,0,0,,,,19350812,0,CRL01,h,BRN,0,1,0,regular,y,d,
PTC193508190,beckj104,HOM,4,2,value,1,1,0,0,0,0,0,0,0,0,0,0,0,,0,0,0,0,0,,1,,19350819,0,AKR01,v,PTC,0,1,0,regular,y,d,
PTC193509022,beckj104,HOM,,1,value,,,,,0,0,0,,0,,0,0,0,,0,,,,0,,,,19350902,2,PIT09,v,PTC,0,1,0,regular,,,
NY6193607250,beckj104,BRG,8,2,value,1,1,1,1,0,0,1,2,0,0,0,0,0,,0,0,0,0,0,,1,,19360725,0,PAT01,v,NY6,0,1,0,exhibition,y,d,
BRG193705312,beckj104,BRG,9,3,value,1,1,0,1,0,0,0,1,0,,0,0,,,,,,,,,1,,19370531,2,NYC28,h,CUS,1,0,0,exhibition,y,,
CUS193705311,beckj104,BRG,4,2,value,1,1,0,0,0,0,0,,0,,0,0,0,,0,,,,,,,,19370531,1,NYC28,v,CUS,1,0,0,exhibition,y,,
CUS193707050,beckj104,BRG,3,2,value,1,1,0,1,0,,,,0,,0,0,,,,,0,,,,1,,19370705,0,NYC28,v,CUS,0,0,1,exhibition,y,,
