gid,event,inning,top_bot,vis_home,site,batteam,pitteam,score_v,score_h,batter,pitcher,lp,bat_f,bathand,pithand,balls,strikes,count,pitches,nump,pa,ab,single,double,triple,hr,sh,sf,hbp,walk,k,xi,roe,fc,othout,noout,oth,bip,bunt,ground,fly,line,iw,gdp,othdp,tp,fle,wp,pb,bk,oa,di,sb2,sb3,sbh,cs2,cs3,csh,pko1,pko2,pko3,k_safe,e1,e2,e3,e4,e5,e6,e7,e8,e9,outs_pre,outs_post,br1_pre,br2_pre,br3_pre,br1_post,br2_post,br3_post,lob_id1,lob_id2,lob_id3,pr1_pre,pr2_pre,pr3_pre,pr1_post,pr2_post,pr3_post,run_b,run1,run2,run3,prun_b,prun1,prun2,prun3,ur_b,ur1,ur2,ur3,rbi_b,rbi1,rbi2,rbi3,runs,rbi,er,tur,l1,l2,l3,l4,l5,l6,l7,l8,l9,lf1,lf2,lf3,lf4,lf5,lf6,lf7,lf8,lf9,f2,f3,f4,f5,f6,f7,f8,f9,po0,po1,po2,po3,po4,po5,po6,po7,po8,po9,a1,a2,a3,a4,a5,a6,a7,a8,a9,fseq,batout1,batout2,batout3,brout_b,brout1,brout2,brout3,firstf,loc,hittype,dpopp,pivot,pn,umphome,ump1b,ump2b,ump3b,umplf,umprf,date,gametype,pbp
BIR194306250,E4#,1,0,0,ZAN02,NY6,BIR,0,0,martr105,sayla101,1,6,R,R,?,?,??,,,1,1,0,0,0,0,0,0,0,0,0,0,1,0,0,0,0,1,0,1,0,0,0,0,0,0,0,0,0,0,0,0,0,0,0,0,0,0,0,0,0,0,0,0,0,1,0,0,0,0,0,0,0,,,,martr105,,,,,,,,,sayla101,,,,,,,,,,,0,0,0,0,0,0,0,0,0,0,0,0,martr105,perej103,vargt101,brooa101,coimp101,linar101,cox-r102,rivec101,cruem101,6,7,8,2,9,3,5,4,1,hardp102,dunna102,sampt101,walkh103,davip102,lockl101,mclaf102,speac103,0,0,0,0,0,0,0,0,0,0,0,0,0,0,0,0,0,0,0,,0,0,0,0,0,0,0,4,4+,G,0,0,1,moorw901,buntw901,,schau901,,,19430625,exhibition,deduced
BIR194306250,4(1)3/GDP#,1,0,0,ZAN02,NY6,BIR,0,0,perej103,sayla101,2,7,R,R,?,?,??,,,1,1,0,0,0,0,0,0,0,0,0,0,0,0,1,0,1,1,0,1,0,0,0,1,0,0,0,0,0,0,0,0,0,0,0,0,0,0,0,0,0,0,0,0,0,0,0,0,0,0,0,0,2,martr105,,,,,,,,,sayla101,,,,,,,,,,,,,,0,0,0,0,0,0,0,0,0,0,0,0,martr105,perej103,vargt101,brooa101,coimp101,linar101,cox-r102,rivec101,cruem101,6,7,8,2,9,3,5,4,1,hardp102,dunna102,sampt101,walkh103,davip102,lockl101,mclaf102,speac103,0,0,0,1,1,0,0,0,0,0,0,0,0,1,0,0,0,0,0,43,4,4,0,0,0,0,0,4,,G,1,4,2,moorw901,buntw901,,schau901,,,19430625,exhibition,deduced
BIR194306250,99,1,0,0,ZAN02,NY6,BIR,0,0,vargt101,sayla101,3,8,R,R,?,?,??,,,1,1,0,0,0,0,0,0,0,0,0,0,0,0,1,0,1,1,0,0,0,0,0,0,0,0,0,0,0,0,0,0,0,0,0,0,0,0,0,0,0,0,0,0,0,0,0,0,0,0,0,2,3,,,,,,,,,,,,,,,,,,,,,,,,0,0,0,0,0,0,0,0,0,0,0,0,martr105,perej103,vargt101,brooa101,coimp101,linar101,cox-r102,rivec101,cruem101,6,7,8,2,9,3,5,4,1,hardp102,dunna102,sampt101,walkh103,davip102,lockl101,mclaf102,speac103,1,0,0,0,0,0,0,0,0,0,0,0,0,0,0,0,0,0,0,0,0,0,0,0,0,0,0,0,,,0,0,3,moorw901,buntw901,,schau901,,,19430625,exhibition,deduced
BIR194306250,99,1,1,1,ZAN02,BIR,NY6,0,0,mclaf102,cruem101,1,8,B,L,?,?,??,,,1,1,0,0,0,0,0,0,0,0,0,0,0,0,1,0,1,1,0,0,0,0,0,0,0,0,0,0,0,0,0,0,0,0,0,0,0,0,0,0,0,0,0,0,0,0,0,0,0,0,0,0,1,,,,,,,,,,,,,,,,,,,,,,,,0,0,0,0,0,0,0,0,0,0,0,0,mclaf102,speac103,sampt101,lockl101,davip102,dunna102,walkh103,hardp102,sayla101,8,9,4,7,6,3,5,2,1,brooa101,linar101,rivec101,cox-r102,martr105,perej103,vargt101,coimp101,1,0,0,0,0,0,0,0,0,0,0,0,0,0,0,0,0,0,0,0,0,0,0,0,0,0,0,0,,,0,0,4,moorw901,buntw901,,schau901,,,19430625,exhibition,deduced
BIR194306250,99,1,1,1,ZAN02,BIR,NY6,0,0,speac103,cruem101,2,9,L,L,?,?,??,,,1,1,0,0,0,0,0,0,0,0,0,0,0,0,1,0,1,1,0,0,0,0,0,0,0,0,0,0,0,0,0,0,0,0,0,0,0,0,0,0,0,0,0,0,0,0,0,0,0,0,0,1,2,,,,,,,,,,,,,,,,,,,,,,,,0,0,0,0,0,0,0,0,0,0,0,0,mclaf102,speac103,sampt101,lockl101,davip102,dunna102,walkh103,hardp102,sayla101,8,9,4,7,6,3,5,2,1,brooa101,linar101,rivec101,cox-r102,martr105,perej103,vargt101,coimp101,1,0,0,0,0,0,0,0,0,0,0,0,0,0,0,0,0,0,0,0,0,0,0,0,0,0,0,0,,,0,0,5,moorw901,buntw901,,schau901,,,19430625,exhibition,deduced
BIR194306250,S,1,1,1,ZAN02,BIR,NY6,0,0,sampt101,cruem101,3,4,R,L,?,?,??,,,1,1,1,0,0,0,0,0,0,0,0,0,0,0,0,0,0,1,0,0,0,0,0,0,0,0,0,0,0,0,0,0,0,0,0,0,0,0,0,0,0,0,0,0,0,0,0,0,0,0,0,2,2,,,,sampt101,,,,,,,,,cruem101,,,,,,,,,,,0,0,0,0,0,0,0,0,0,0,0,0,mclaf102,speac103,sampt101,lockl101,davip102,dunna102,walkh103,hardp102,sayla101,8,9,4,7,6,3,5,2,1,brooa101,linar101,rivec101,cox-r102,martr105,perej103,vargt101,coimp101,0,0,0,0,0,0,0,0,0,0,0,0,0,0,0,0,0,0,0,,0,0,0,0,0,0,0,0,,,0,0,6,moorw901,buntw901,,schau901,,,19430625,exhibition,deduced
BIR194306250,W.1-2,1,1,1,ZAN02,BIR,NY6,0,0,lockl101,cruem101,4,7,R,L,?,?,??,,,1,0,0,0,0,0,0,0,0,1,0,0,0,0,0,0,0,0,0,0,0,0,0,0,0,0,0,0,0,0,0,0,0,0,0,0,0,0,0,0,0,0,0,0,0,0,0,0,0,0,0,2,2,sampt101,,,lockl101,sampt101,,,,,cruem101,,,cruem101,cruem101,,,,,,,,,,0,0,0,0,0,0,0,0,0,0,0,0,mclaf102,speac103,sampt101,lockl101,davip102,dunna102,walkh103,hardp102,sayla101,8,9,4,7,6,3,5,2,1,brooa101,linar101,rivec101,cox-r102,martr105,perej103,vargt101,coimp101,0,0,0,0,0,0,0,0,0,0,0,0,0,0,0,0,0,0,0,,0,0,0,0,0,0,0,0,,,0,0,7,moorw901,buntw901,,schau901,,,19430625,exhibition,deduced
BIR194306250,99,1,1,1,ZAN02,BIR,NY6,0,0,davip102,cruem101,5,6,R,L,?,?,??,,,1,1,0,0,0,0,0,0,0,0,0,0,0,0,1,0,1,1,0,0,0,0,0,0,0,0,0,0,0,0,0,0,0,0,0,0,0,0,0,0,0,0,0,0,0,0,0,0,0,0,0,2,3,lockl101,sampt101,,,,,sampt101,lockl101,,cruem101,cruem101,,,,,,,,,,,,,0,0,0,0,0,0,0,0,0,0,0,0,mclaf102,speac103,sampt101,lockl101,davip102,dunna102,walkh103,hardp102,sayla101,8,9,4,7,6,3,5,2,1,brooa101,linar101,rivec101,cox-r102,martr105,perej103,vargt101,coimp101,1,0,0,0,0,0,0,0,0,0,0,0,0,0,0,0,0,0,0,0,0,0,0,0,0,0,0,0,,,0,0,8,moorw901,buntw901,,schau901,,,19430625,exhibition,deduced
BIR194306250,99,2,0,0,ZAN02,NY6,BIR,0,0,brooa101,sayla101,4,2,L,R,?,?,??,,,1,1,0,0,0,0,0,0,0,0,0,0,0,0,1,0,1,1,0,0,0,0,0,0,0,0,0,0,0,0,0,0,0,0,0,0,0,0,0,0,0,0,0,0,0,0,0,0,0,0,0,0,1,,,,,,,,,,,,,,,,,,,,,,,,0,0,0,0,0,0,0,0,0,0,0,0,martr105,perej103,vargt101,brooa101,coimp101,linar101,cox-r102,rivec101,cruem101,6,7,8,2,9,3,5,4,1,hardp102,dunna102,sampt101,walkh103,davip102,lockl101,mclaf102,speac103,1,0,0,0,0,0,0,0,0,0,0,0,0,0,0,0,0,0,0,0,0,0,0,0,0,0,0,0,,,0,0,9,moorw901,buntw901,,schau901,,,19430625,exhibition,deduced
BIR194306250,99,2,0,0,ZAN02,NY6,BIR,0,0,coimp101,sayla101,5,9,R,R,?,?,??,,,1,1,0,0,0,0,0,0,0,0,0,0,0,0,1,0,1,1,0,0,0,0,0,0,0,0,0,0,0,0,0,0,0,0,0,0,0,0,0,0,0,0,0,0,0,0,0,0,0,0,0,1,2,,,,,,,,,,,,,,,,,,,,,,,,0,0,0,0,0,0,0,0,0,0,0,0,martr105,perej103,vargt101,brooa101,coimp101,linar101,cox-r102,rivec101,cruem101,6,7,8,2,9,3,5,4,1,hardp102,dunna102,sampt101,walkh103,davip102,lockl101,mclaf102,speac103,1,0,0,0,0,0,0,0,0,0,0,0,0,0,0,0,0,0,0,0,0,0,0,0,0,0,0,0,,,0,0,10,moorw901,buntw901,,schau901,,,19430625,exhibition,deduced
BIR194306250,HP,2,0,0,ZAN02,NY6,BIR,0,0,linar101,sayla101,6,3,L,R,?,?,??,,,1,0,0,0,0,0,0,0,1,0,0,0,0,0,0,0,0,0,0,0,0,0,0,0,0,0,0,0,0,0,0,0,0,0,0,0,0,0,0,0,0,0,0,0,0,0,0,0,0,0,0,2,2,,,,linar101,,,,,,,,,sayla101,,,,,,,,,,,0,0,0,0,0,0,0,0,0,0,0,0,martr105,perej103,vargt101,brooa101,coimp101,linar101,cox-r102,rivec101,cruem101,6,7,8,2,9,3,5,4,1,hardp102,dunna102,sampt101,walkh103,davip102,lockl101,mclaf102,speac103,0,0,0,0,0,0,0,0,0,0,0,0,0,0,0,0,0,0,0,,0,0,0,0,0,0,0,0,,,0,0,11,moorw901,buntw901,,schau901,,,19430625,exhibition,deduced
BIR194306250,99,2,0,0,ZAN02,NY6,BIR,0,0,cox-r102,sayla101,7,5,R,R,?,?,??,,,1,1,0,0,0,0,0,0,0,0,0,0,0,0,1,0,1,1,0,0,0,0,0,0,0,0,0,0,0,0,0,0,0,0,0,0,0,0,0,0,0,0,0,0,0,0,0,0,0,0,0,2,3,linar101,,,,,,linar101,,,sayla101,,,,,,,,,,,,,,0,0,0,0,0,0,0,0,0,0,0,0,martr105,perej103,vargt101,brooa101,coimp101,linar101,cox-r102,rivec101,cruem101,6,7,8,2,9,3,5,4,1,hardp102,dunna102,sampt101,walkh103,davip102,lockl101,mclaf102,speac103,1,0,0,0,0,0,0,0,0,0,0,0,0,0,0,0,0,0,0,0,0,0,0,0,0,0,0,0,,,0,0,12,moorw901,buntw901,,schau901,,,19430625,exhibition,deduced
BIR194306250,99,2,1,1,ZAN02,BIR,NY6,0,0,dunna102,cruem101,6,3,R,L,?,?,??,,,1,1,0,0,0,0,0,0,0,0,0,0,0,0,1,0,1,1,0,0,0,0,0,0,0,0,0,0,0,0,0,0,0,0,0,0,0,0,0,0,0,0,0,0,0,0,0,0,0,0,0,0,1,,,,,,,,,,,,,,,,,,,,,,,,0,0,0,0,0,0,0,0,0,0,0,0,mclaf102,speac103,sampt101,lockl101,davip102,dunna102,walkh103,hardp102,sayla101,8,9,4,7,6,3,5,2,1,brooa101,linar101,rivec101,cox-r102,martr105,perej103,vargt101,coimp101,1,0,0,0,0,0,0,0,0,0,0,0,0,0,0,0,0,0,0,0,0,0,0,0,0,0,0,0,,,0,0,13,moorw901,buntw901,,schau901,,,19430625,exhibition,deduced
BIR194306250,99,2,1,1,ZAN02,BIR,NY6,0,0,walkh103,cruem101,7,5,R,L,?,?,??,,,1,1,0,0,0,0,0,0,0,0,0,0,0,0,1,0,1,1,0,0,0,0,0,0,0,0,0,0,0,0,0,0,0,0,0,0,0,0,0,0,0,0,0,0,0,0,0,0,0,0,0,1,2,,,,,,,,,,,,,,,,,,,,,,,,0,0,0,0,0,0,0,0,0,0,0,0,mclaf102,speac103,sampt101,lockl101,davip102,dunna102,walkh103,hardp102,sayla101,8,9,4,7,6,3,5,2,1,brooa101,linar101,rivec101,cox-r102,martr105,perej103,vargt101,coimp101,1,0,0,0,0,0,0,0,0,0,0,0,0,0,0,0,0,0,0,0,0,0,0,0,0,0,0,0,,,0,0,14,moorw901,buntw901,,schau901,,,19430625,exhibition,deduced
BIR194306250,S,2,1,1,ZAN02,BIR,NY6,0,0,hardp102,cruem101,8,2,R,L,?,?,??,,,1,1,1,0,0,0,0,0,0,0,0,0,0,0,0,0,0,1,0,0,0,0,0,0,0,0,0,0,0,0,0,0,0,0,0,0,0,0,0,0,0,0,0,0,0,0,0,0,0,0,0,2,2,,,,hardp102,,,,,,,,,cruem101,,,,,,,,,,,0,0,0,0,0,0,0,0,0,0,0,0,mclaf102,speac103,sampt101,lockl101,davip102,dunna102,walkh103,hardp102,sayla101,8,9,4,7,6,3,5,2,1,brooa101,linar101,rivec101,cox-r102,martr105,perej103,vargt101,coimp101,0,0,0,0,0,0,0,0,0,0,0,0,0,0,0,0,0,0,0,,0,0,0,0,0,0,0,0,,,0,0,15,moorw901,buntw901,,schau901,,,19430625,exhibition,deduced
BIR194306250,99,2,1,1,ZAN02,BIR,NY6,0,0,sayla101,cruem101,9,1,B,L,?,?,??,,,1,1,0,0,0,0,0,0,0,0,0,0,0,0,1,0,1,1,0,0,0,0,0,0,0,0,0,0,0,0,0,0,0,0,0,0,0,0,0,0,0,0,0,0,0,0,0,0,0,0,0,2,3,hardp102,,,,,,hardp102,,,cruem101,,,,,,,,,,,,,,0,0,0,0,0,0,0,0,0,0,0,0,mclaf102,speac103,sampt101,lockl101,davip102,dunna102,walkh103,hardp102,sayla101,8,9,4,7,6,3,5,2,1,brooa101,linar101,rivec101,cox-r102,martr105,perej103,vargt101,coimp101,1,0,0,0,0,0,0,0,0,0,0,0,0,0,0,0,0,0,0,0,0,0,0,0,0,0,0,0,,,0,0,16,moorw901,buntw901,,schau901,,,19430625,exhibition,deduced
BIR194306250,99,3,0,0,ZAN02,NY6,BIR,0,0,rivec101,sayla101,8,4,R,R,?,?,??,,,1,1,0,0,0,0,0,0,0,0,0,0,0,0,1,0,1,1,0,0,0,0,0,0,0,0,0,0,0,0,0,0,0,0,0,0,0,0,0,0,0,0,0,0,0,0,0,0,0,0,0,0,1,,,,,,,,,,,,,,,,,,,,,,,,0,0,0,0,0,0,0,0,0,0,0,0,martr105,perej103,vargt101,brooa101,coimp101,linar101,cox-r102,rivec101,cruem101,6,7,8,2,9,3,5,4,1,hardp102,dunna102,sampt101,walkh103,davip102,lockl101,mclaf102,speac103,1,0,0,0,0,0,0,0,0,0,0,0,0,0,0,0,0,0,0,0,0,0,0,0,0,0,0,0,,,0,0,17,moorw901,buntw901,,schau901,,,19430625,exhibition,deduced
BIR194306250,99,3,0,0,ZAN02,NY6,BIR,0,0,cruem101,sayla101,9,1,L,R,?,?,??,,,1,1,0,0,0,0,0,0,0,0,0,0,0,0,1,0,1,1,0,0,0,0,0,0,0,0,0,0,0,0,0,0,0,0,0,0,0,0,0,0,0,0,0,0,0,0,0,0,0,0,0,1,2,,,,,,,,,,,,,,,,,,,,,,,,0,0,0,0,0,0,0,0,0,0,0,0,martr105,perej103,vargt101,brooa101,coimp101,linar101,cox-r102,rivec101,cruem101,6,7,8,2,9,3,5,4,1,hardp102,dunna102,sampt101,walkh103,davip102,lockl101,mclaf102,speac103,1,0,0,0,0,0,0,0,0,0,0,0,0,0,0,0,0,0,0,0,0,0,0,0,0,0,0,0,,,0,0,18,moorw901,buntw901,,schau901,,,19430625,exhibition,deduced
BIR194306250,99,3,0,0,ZAN02,NY6,BIR,0,0,martr105,sayla101,1,6,R,R,?,?,??,,,1,1,0,0,0,0,0,0,0,0,0,0,0,0,1,0,1,1,0,0,0,0,0,0,0,0,0,0,0,0,0,0,0,0,0,0,0,0,0,0,0,0,0,0,0,0,0,0,0,0,0,2,3,,,,,,,,,,,,,,,,,,,,,,,,0,0,0,0,0,0,0,0,0,0,0,0,martr105,perej103,vargt101,brooa101,coimp101,linar101,cox-r102,rivec101,cruem101,6,7,8,2,9,3,5,4,1,hardp102,dunna102,sampt101,walkh103,davip102,lockl101,mclaf102,speac103,1,0,0,0,0,0,0,0,0,0,0,0,0,0,0,0,0,0,0,0,0,0,0,0,0,0,0,0,,,0,0,19,moorw901,buntw901,,schau901,,,19430625,exhibition,deduced
BIR194306250,W,3,1,1,ZAN02,BIR,NY6,0,0,mclaf102,cruem101,1,8,B,L,?,?,??,,,1,0,0,0,0,0,0,0,0,1,0,0,0,0,0,0,0,0,0,0,0,0,0,0,0,0,0,0,0,0,0,0,0,0,0,0,0,0,0,0,0,0,0,0,0,0,0,0,0,0,0,0,0,,,,mclaf102,,,,,,,,,cruem101,,,,,,,,,,,0,0,0,0,0,0,0,0,0,0,0,0,mclaf102,speac103,sampt101,lockl101,davip102,dunna102,walkh103,hardp102,sayla101,8,9,4,7,6,3,5,2,1,brooa101,linar101,rivec101,cox-r102,martr105,perej103,vargt101,coimp101,0,0,0,0,0,0,0,0,0,0,0,0,0,0,0,0,0,0,0,,0,0,0,0,0,0,0,0,,,0,0,20,moorw901,buntw901,,schau901,,,19430625,exhibition,deduced
BIR194306250,SB2,3,1,1,ZAN02,BIR,NY6,0,0,speac103,cruem101,2,9,L,L,?,?,??,,,0,0,0,0,0,0,0,0,0,0,0,0,0,0,0,0,0,0,0,0,0,0,0,0,0,0,0,0,0,0,0,0,1,0,0,0,0,0,0,0,0,0,0,0,0,0,0,0,0,0,0,0,0,mclaf102,,,,mclaf102,,,,,cruem101,,,,cruem101,,,,,,,,,,0,0,0,0,0,0,0,0,0,0,0,0,mclaf102,speac103,sampt101,lockl101,davip102,dunna102,walkh103,hardp102,sayla101,8,9,4,7,6,3,5,2,1,brooa101,linar101,rivec101,cox-r102,martr105,perej103,vargt101,coimp101,0,0,0,0,0,0,0,0,0,0,0,0,0,0,0,0,0,0,0,,0,0,0,0,0,0,0,0,,,0,0,21,moorw901,buntw901,,schau901,,,19430625,exhibition,deduced
BIR194306250,S.2-H,3,1,1,ZAN02,BIR,NY6,0,0,speac103,cruem101,2,9,L,L,?,?,??,,,1,1,1,0,0,0,0,0,0,0,0,0,0,0,0,0,0,1,0,0,0,0,0,0,0,0,0,0,0,0,0,0,0,0,0,0,0,0,0,0,0,0,0,0,0,0,0,0,0,0,0,0,0,,mclaf102,,speac103,,,,,,,cruem101,,cruem101,,,,,mclaf102,,,,cruem101,,0,0,0,0,0,0,1,0,1,1,1,0,mclaf102,speac103,sampt101,lockl101,davip102,dunna102,walkh103,hardp102,sayla101,8,9,4,7,6,3,5,2,1,brooa101,linar101,rivec101,cox-r102,martr105,perej103,vargt101,coimp101,0,0,0,0,0,0,0,0,0,0,0,0,0,0,0,0,0,0,0,,0,0,0,0,0,0,0,0,,,0,0,22,moorw901,buntw901,,schau901,,,19430625,exhibition,deduced
BIR194306250,S.1-3,3,1,1,ZAN02,BIR,NY6,0,1,sampt101,cruem101,3,4,R,L,?,?,??,,,1,1,1,0,0,0,0,0,0,0,0,0,0,0,0,0,0,1,0,0,0,0,0,0,0,0,0,0,0,0,0,0,0,0,0,0,0,0,0,0,0,0,0,0,0,0,0,0,0,0,0,0,0,speac103,,,sampt101,,speac103,,,,cruem101,,,cruem101,,cruem101,,,,,,,,,0,0,0,0,0,0,0,0,0,0,0,0,mclaf102,speac103,sampt101,lockl101,davip102,dunna102,walkh103,hardp102,sayla101,8,9,4,7,6,3,5,2,1,brooa101,linar101,rivec101,cox-r102,martr105,perej103,vargt101,coimp101,0,0,0,0,0,0,0,0,0,0,0,0,0,0,0,0,0,0,0,,0,0,0,0,0,0,0,0,,,0,0,23,moorw901,buntw901,,schau901,,,19430625,exhibition,deduced
BIR194306250,99.3-H,3,1,1,ZAN02,BIR,NY6,0,1,lockl101,cruem101,4,7,R,L,?,?,??,,,1,1,0,0,0,0,0,0,0,0,0,0,0,0,1,0,1,1,0,0,0,0,0,0,0,0,0,0,0,0,0,0,0,0,0,0,0,0,0,0,0,0,0,0,0,0,0,0,0,0,0,0,1,sampt101,,speac103,sampt101,,,,,,cruem101,,cruem101,cruem101,,,,,,speac103,,,,cruem101,0,0,0,0,0,0,0,1,1,1,1,0,mclaf102,speac103,sampt101,lockl101,davip102,dunna102,walkh103,hardp102,sayla101,8,9,4,7,6,3,5,2,1,brooa101,linar101,rivec101,cox-r102,martr105,perej103,vargt101,coimp101,1,0,0,0,0,0,0,0,0,0,0,0,0,0,0,0,0,0,0,0,0,0,0,0,0,0,0,0,,,0,0,24,moorw901,buntw901,,schau901,,,19430625,exhibition,deduced
BIR194306250,99,3,1,1,ZAN02,BIR,NY6,0,2,davip102,cruem101,5,6,R,L,?,?,??,,,1,1,0,0,0,0,0,0,0,0,0,0,0,0,1,0,1,1,0,0,0,0,0,0,0,0,0,0,0,0,0,0,0,0,0,0,0,0,0,0,0,0,0,0,0,0,0,0,0,0,0,1,2,sampt101,,,sampt101,,,,,,cruem101,,,cruem101,,,,,,,,,,,0,0,0,0,0,0,0,0,0,0,0,0,mclaf102,speac103,sampt101,lockl101,davip102,dunna102,walkh103,hardp102,sayla101,8,9,4,7,6,3,5,2,1,brooa101,linar101,rivec101,cox-r102,martr105,perej103,vargt101,coimp101,1,0,0,0,0,0,0,0,0,0,0,0,0,0,0,0,0,0,0,0,0,0,0,0,0,0,0,0,,,0,0,25,moorw901,buntw901,,schau901,,,19430625,exhibition,deduced
BIR194306250,99,3,1,1,ZAN02,BIR,NY6,0,2,dunna102,cruem101,6,3,R,L,?,?,??,,,1,1,0,0,0,0,0,0,0,0,0,0,0,0,1,0,1,1,0,0,0,0,0,0,0,0,0,0,0,0,0,0,0,0,0,0,0,0,0,0,0,0,0,0,0,0,0,0,0,0,0,2,3,sampt101,,,,,,sampt101,,,cruem101,,,,,,,,,,,,,,0,0,0,0,0,0,0,0,0,0,0,0,mclaf102,speac103,sampt101,lockl101,davip102,dunna102,walkh103,hardp102,sayla101,8,9,4,7,6,3,5,2,1,brooa101,linar101,rivec101,cox-r102,martr105,perej103,vargt101,coimp101,1,0,0,0,0,0,0,0,0,0,0,0,0,0,0,0,0,0,0,0,0,0,0,0,0,0,0,0,,,0,0,26,moorw901,buntw901,,schau901,,,19430625,exhibition,deduced
BIR194306250,99,4,0,0,ZAN02,NY6,BIR,0,2,perej103,sayla101,2,7,R,R,?,?,??,,,1,1,0,0,0,0,0,0,0,0,0,0,0,0,1,0,1,1,0,0,0,0,0,0,0,0,0,0,0,0,0,0,0,0,0,0,0,0,0,0,0,0,0,0,0,0,0,0,0,0,0,0,1,,,,,,,,,,,,,,,,,,,,,,,,0,0,0,0,0,0,0,0,0,0,0,0,martr105,perej103,vargt101,brooa101,coimp101,linar101,cox-r102,rivec101,cruem101,6,7,8,2,9,3,5,4,1,hardp102,dunna102,sampt101,walkh103,davip102,lockl101,mclaf102,speac103,1,0,0,0,0,0,0,0,0,0,0,0,0,0,0,0,0,0,0,0,0,0,0,0,0,0,0,0,,,0,0,27,moorw901,buntw901,,schau901,,,19430625,exhibition,deduced
BIR194306250,S,4,0,0,ZAN02,NY6,BIR,0,2,vargt101,sayla101,3,8,R,R,?,?,??,,,1,1,1,0,0,0,0,0,0,0,0,0,0,0,0,0,0,1,0,0,0,0,0,0,0,0,0,0,0,0,0,0,0,0,0,0,0,0,0,0,0,0,0,0,0,0,0,0,0,0,0,1,1,,,,vargt101,,,,,,,,,sayla101,,,,,,,,,,,0,0,0,0,0,0,0,0,0,0,0,0,martr105,perej103,vargt101,brooa101,coimp101,linar101,cox-r102,rivec101,cruem101,6,7,8,2,9,3,5,4,1,hardp102,dunna102,sampt101,walkh103,davip102,lockl101,mclaf102,speac103,0,0,0,0,0,0,0,0,0,0,0,0,0,0,0,0,0,0,0,,0,0,0,0,0,0,0,0,,,0,0,28,moorw901,buntw901,,schau901,,,19430625,exhibition,deduced
BIR194306250,S.1-3,4,0,0,ZAN02,NY6,BIR,0,2,brooa101,sayla101,4,2,L,R,?,?,??,,,1,1,1,0,0,0,0,0,0,0,0,0,0,0,0,0,0,1,0,0,0,0,0,0,0,0,0,0,0,0,0,0,0,0,0,0,0,0,0,0,0,0,0,0,0,0,0,0,0,0,0,1,1,vargt101,,,brooa101,,vargt101,,,,sayla101,,,sayla101,,sayla101,,,,,,,,,0,0,0,0,0,0,0,0,0,0,0,0,martr105,perej103,vargt101,brooa101,coimp101,linar101,cox-r102,rivec101,cruem101,6,7,8,2,9,3,5,4,1,hardp102,dunna102,sampt101,walkh103,davip102,lockl101,mclaf102,speac103,0,0,0,0,0,0,0,0,0,0,0,0,0,0,0,0,0,0,0,,0,0,0,0,0,0,0,0,,,0,0,29,moorw901,buntw901,,schau901,,,19430625,exhibition,deduced
BIR194306250,99.3-H,4,0,0,ZAN02,NY6,BIR,0,2,coimp101,sayla101,5,9,R,R,?,?,??,,,1,1,0,0,0,0,0,0,0,0,0,0,0,0,1,0,1,1,0,0,0,0,0,0,0,0,0,0,0,0,0,0,0,0,0,0,0,0,0,0,0,0,0,0,0,0,0,0,0,0,0,1,2,brooa101,,vargt101,brooa101,,,,,,sayla101,,sayla101,sayla101,,,,,,vargt101,,,,sayla101,0,0,0,0,0,0,0,1,1,1,1,0,martr105,perej103,vargt101,brooa101,coimp101,linar101,cox-r102,rivec101,cruem101,6,7,8,2,9,3,5,4,1,hardp102,dunna102,sampt101,walkh103,davip102,lockl101,mclaf102,speac103,1,0,0,0,0,0,0,0,0,0,0,0,0,0,0,0,0,0,0,0,0,0,0,0,0,0,0,0,,,0,0,30,moorw901,buntw901,,schau901,,,19430625,exhibition,deduced
BIR194306250,99,4,0,0,ZAN02,NY6,BIR,1,2,linar101,sayla101,6,3,L,R,?,?,??,,,1,1,0,0,0,0,0,0,0,0,0,0,0,0,1,0,1,1,0,0,0,0,0,0,0,0,0,0,0,0,0,0,0,0,0,0,0,0,0,0,0,0,0,0,0,0,0,0,0,0,0,2,3,brooa101,,,,,,brooa101,,,sayla101,,,,,,,,,,,,,,0,0,0,0,0,0,0,0,0,0,0,0,martr105,perej103,vargt101,brooa101,coimp101,linar101,cox-r102,rivec101,cruem101,6,7,8,2,9,3,5,4,1,hardp102,dunna102,sampt101,walkh103,davip102,lockl101,mclaf102,speac103,1,0,0,0,0,0,0,0,0,0,0,0,0,0,0,0,0,0,0,0,0,0,0,0,0,0,0,0,,,0,0,31,moorw901,buntw901,,schau901,,,19430625,exhibition,deduced
BIR194306250,99,4,1,1,ZAN02,BIR,NY6,1,2,walkh103,cruem101,7,5,R,L,?,?,??,,,1,1,0,0,0,0,0,0,0,0,0,0,0,0,1,0,1,1,0,0,0,0,0,0,0,0,0,0,0,0,0,0,0,0,0,0,0,0,0,0,0,0,0,0,0,0,0,0,0,0,0,0,1,,,,,,,,,,,,,,,,,,,,,,,,0,0,0,0,0,0,0,0,0,0,0,0,mclaf102,speac103,sampt101,lockl101,davip102,dunna102,walkh103,hardp102,sayla101,8,9,4,7,6,3,5,2,1,brooa101,linar101,rivec101,cox-r102,martr105,perej103,vargt101,coimp101,1,0,0,0,0,0,0,0,0,0,0,0,0,0,0,0,0,0,0,0,0,0,0,0,0,0,0,0,,,0,0,32,moorw901,buntw901,,schau901,,,19430625,exhibition,deduced
BIR194306250,99,4,1,1,ZAN02,BIR,NY6,1,2,hardp102,cruem101,8,2,R,L,?,?,??,,,1,1,0,0,0,0,0,0,0,0,0,0,0,0,1,0,1,1,0,0,0,0,0,0,0,0,0,0,0,0,0,0,0,0,0,0,0,0,0,0,0,0,0,0,0,0,0,0,0,0,0,1,2,,,,,,,,,,,,,,,,,,,,,,,,0,0,0,0,0,0,0,0,0,0,0,0,mclaf102,speac103,sampt101,lockl101,davip102,dunna102,walkh103,hardp102,sayla101,8,9,4,7,6,3,5,2,1,brooa101,linar101,rivec101,cox-r102,martr105,perej103,vargt101,coimp101,1,0,0,0,0,0,0,0,0,0,0,0,0,0,0,0,0,0,0,0,0,0,0,0,0,0,0,0,,,0,0,33,moorw901,buntw901,,schau901,,,19430625,exhibition,deduced
BIR194306250,D,4,1,1,ZAN02,BIR,NY6,1,2,sayla101,cruem101,9,1,B,L,?,?,??,,,1,1,0,1,0,0,0,0,0,0,0,0,0,0,0,0,0,1,0,0,0,0,0,0,0,0,0,0,0,0,0,0,0,0,0,0,0,0,0,0,0,0,0,0,0,0,0,0,0,0,0,2,2,,,,,sayla101,,,,,,,,,cruem101,,,,,,,,,,0,0,0,0,0,0,0,0,0,0,0,0,mclaf102,speac103,sampt101,lockl101,davip102,dunna102,walkh103,hardp102,sayla101,8,9,4,7,6,3,5,2,1,brooa101,linar101,rivec101,cox-r102,martr105,perej103,vargt101,coimp101,0,0,0,0,0,0,0,0,0,0,0,0,0,0,0,0,0,0,0,,0,0,0,0,0,0,0,0,,,0,0,34,moorw901,buntw901,,schau901,,,19430625,exhibition,deduced
BIR194306250,99,4,1,1,ZAN02,BIR,NY6,1,2,mclaf102,cruem101,1,8,B,L,?,?,??,,,1,1,0,0,0,0,0,0,0,0,0,0,0,0,1,0,1,1,0,0,0,0,0,0,0,0,0,0,0,0,0,0,0,0,0,0,0,0,0,0,0,0,0,0,0,0,0,0,0,0,0,2,3,,sayla101,,,,,sayla101,,,,cruem101,,,,,,,,,,,,,0,0,0,0,0,0,0,0,0,0,0,0,mclaf102,speac103,sampt101,lockl101,davip102,dunna102,walkh103,hardp102,sayla101,8,9,4,7,6,3,5,2,1,brooa101,linar101,rivec101,cox-r102,martr105,perej103,vargt101,coimp101,1,0,0,0,0,0,0,0,0,0,0,0,0,0,0,0,0,0,0,0,0,0,0,0,0,0,0,0,,,0,0,35,moorw901,buntw901,,schau901,,,19430625,exhibition,deduced
BIR194306250,99,5,0,0,ZAN02,NY6,BIR,1,2,cox-r102,sayla101,7,5,R,R,?,?,??,,,1,1,0,0,0,0,0,0,0,0,0,0,0,0,1,0,1,1,0,0,0,0,0,0,0,0,0,0,0,0,0,0,0,0,0,0,0,0,0,0,0,0,0,0,0,0,0,0,0,0,0,0,1,,,,,,,,,,,,,,,,,,,,,,,,0,0,0,0,0,0,0,0,0,0,0,0,martr105,perej103,vargt101,brooa101,coimp101,linar101,cox-r102,rivec101,cruem101,6,7,8,2,9,3,5,4,1,hardp102,dunna102,sampt101,walkh103,davip102,lockl101,mclaf102,speac103,1,0,0,0,0,0,0,0,0,0,0,0,0,0,0,0,0,0,0,0,0,0,0,0,0,0,0,0,,,0,0,36,moorw901,buntw901,,schau901,,,19430625,exhibition,deduced
BIR194306250,S,5,0,0,ZAN02,NY6,BIR,1,2,rivec101,sayla101,8,4,R,R,?,?,??,,,1,1,1,0,0,0,0,0,0,0,0,0,0,0,0,0,0,1,0,0,0,0,0,0,0,0,0,0,0,0,0,0,0,0,0,0,0,0,0,0,0,0,0,0,0,0,0,0,0,0,0,1,1,,,,rivec101,,,,,,,,,sayla101,,,,,,,,,,,0,0,0,0,0,0,0,0,0,0,0,0,martr105,perej103,vargt101,brooa101,coimp101,linar101,cox-r102,rivec101,cruem101,6,7,8,2,9,3,5,4,1,hardp102,dunna102,sampt101,walkh103,davip102,lockl101,mclaf102,speac103,0,0,0,0,0,0,0,0,0,0,0,0,0,0,0,0,0,0,0,,0,0,0,0,0,0,0,0,,,0,0,37,moorw901,buntw901,,schau901,,,19430625,exhibition,deduced
BIR194306250,FC.1-2#,5,0,0,ZAN02,NY6,BIR,1,2,cruem101,sayla101,9,1,L,R,?,?,??,,,1,1,0,0,0,0,0,0,0,0,0,0,0,1,0,0,0,1,0,1,0,0,0,0,0,0,0,0,0,0,0,0,0,0,0,0,0,0,0,0,0,0,0,0,0,0,0,0,0,0,0,1,1,rivec101,,,cruem101,rivec101,,,,,sayla101,,,sayla101,sayla101,,,,,,,,,,0,0,0,0,0,0,0,0,0,0,0,0,martr105,perej103,vargt101,brooa101,coimp101,linar101,cox-r102,rivec101,cruem101,6,7,8,2,9,3,5,4,1,hardp102,dunna102,sampt101,walkh103,davip102,lockl101,mclaf102,speac103,0,0,0,0,0,0,0,0,0,0,0,0,0,0,0,0,0,0,0,,0,0,0,0,0,0,0,0,,G,1,0,38,moorw901,buntw901,,schau901,,,19430625,exhibition,deduced
BIR194306250,99,5,0,0,ZAN02,NY6,BIR,1,2,martr105,sayla101,1,6,R,R,?,?,??,,,1,1,0,0,0,0,0,0,0,0,0,0,0,0,1,0,1,1,0,0,0,0,0,0,0,0,0,0,0,0,0,0,0,0,0,0,0,0,0,0,0,0,0,0,0,0,0,0,0,0,0,1,2,cruem101,rivec101,,cruem101,rivec101,,,,,sayla101,sayla101,,sayla101,sayla101,,,,,,,,,,0,0,0,0,0,0,0,0,0,0,0,0,martr105,perej103,vargt101,brooa101,coimp101,linar101,cox-r102,rivec101,cruem101,6,7,8,2,9,3,5,4,1,hardp102,dunna102,sampt101,walkh103,davip102,lockl101,mclaf102,speac103,1,0,0,0,0,0,0,0,0,0,0,0,0,0,0,0,0,0,0,0,0,0,0,0,0,0,0,0,,,0,0,39,moorw901,buntw901,,schau901,,,19430625,exhibition,deduced
BIR194306250,99,5,0,0,ZAN02,NY6,BIR,1,2,perej103,sayla101,2,7,R,R,?,?,??,,,1,1,0,0,0,0,0,0,0,0,0,0,0,0,1,0,1,1,0,0,0,0,0,0,0,0,0,0,0,0,0,0,0,0,0,0,0,0,0,0,0,0,0,0,0,0,0,0,0,0,0,2,3,cruem101,rivec101,,,,,rivec101,cruem101,,sayla101,sayla101,,,,,,,,,,,,,0,0,0,0,0,0,0,0,0,0,0,0,martr105,perej103,vargt101,brooa101,coimp101,linar101,cox-r102,rivec101,cruem101,6,7,8,2,9,3,5,4,1,hardp102,dunna102,sampt101,walkh103,davip102,lockl101,mclaf102,speac103,1,0,0,0,0,0,0,0,0,0,0,0,0,0,0,0,0,0,0,0,0,0,0,0,0,0,0,0,,,0,0,40,moorw901,buntw901,,schau901,,,19430625,exhibition,deduced
BIR194306250,99,5,1,1,ZAN02,BIR,NY6,1,2,speac103,cruem101,2,9,L,L,?,?,??,,,1,1,0,0,0,0,0,0,0,0,0,0,0,0,1,0,1,1,0,0,0,0,0,0,0,0,0,0,0,0,0,0,0,0,0,0,0,0,0,0,0,0,0,0,0,0,0,0,0,0,0,0,1,,,,,,,,,,,,,,,,,,,,,,,,0,0,0,0,0,0,0,0,0,0,0,0,mclaf102,speac103,sampt101,lockl101,davip102,dunna102,walkh103,hardp102,sayla101,8,9,4,7,6,3,5,2,1,brooa101,linar101,rivec101,cox-r102,martr105,perej103,vargt101,coimp101,1,0,0,0,0,0,0,0,0,0,0,0,0,0,0,0,0,0,0,0,0,0,0,0,0,0,0,0,,,0,0,41,moorw901,buntw901,,schau901,,,19430625,exhibition,deduced
BIR194306250,99,5,1,1,ZAN02,BIR,NY6,1,2,sampt101,cruem101,3,4,R,L,?,?,??,,,1,1,0,0,0,0,0,0,0,0,0,0,0,0,1,0,1,1,0,0,0,0,0,0,0,0,0,0,0,0,0,0,0,0,0,0,0,0,0,0,0,0,0,0,0,0,0,0,0,0,0,1,2,,,,,,,,,,,,,,,,,,,,,,,,0,0,0,0,0,0,0,0,0,0,0,0,mclaf102,speac103,sampt101,lockl101,davip102,dunna102,walkh103,hardp102,sayla101,8,9,4,7,6,3,5,2,1,brooa101,linar101,rivec101,cox-r102,martr105,perej103,vargt101,coimp101,1,0,0,0,0,0,0,0,0,0,0,0,0,0,0,0,0,0,0,0,0,0,0,0,0,0,0,0,,,0,0,42,moorw901,buntw901,,schau901,,,19430625,exhibition,deduced
BIR194306250,W,5,1,1,ZAN02,BIR,NY6,1,2,lockl101,cruem101,4,7,R,L,?,?,??,,,1,0,0,0,0,0,0,0,0,1,0,0,0,0,0,0,0,0,0,0,0,0,0,0,0,0,0,0,0,0,0,0,0,0,0,0,0,0,0,0,0,0,0,0,0,0,0,0,0,0,0,2,2,,,,lockl101,,,,,,,,,cruem101,,,,,,,,,,,0,0,0,0,0,0,0,0,0,0,0,0,mclaf102,speac103,sampt101,lockl101,davip102,dunna102,walkh103,hardp102,sayla101,8,9,4,7,6,3,5,2,1,brooa101,linar101,rivec101,cox-r102,martr105,perej103,vargt101,coimp101,0,0,0,0,0,0,0,0,0,0,0,0,0,0,0,0,0,0,0,,0,0,0,0,0,0,0,0,,,0,0,43,moorw901,buntw901,,schau901,,,19430625,exhibition,deduced
BIR194306250,99,5,1,1,ZAN02,BIR,NY6,1,2,davip102,cruem101,5,6,R,L,?,?,??,,,1,1,0,0,0,0,0,0,0,0,0,0,0,0,1,0,1,1,0,0,0,0,0,0,0,0,0,0,0,0,0,0,0,0,0,0,0,0,0,0,0,0,0,0,0,0,0,0,0,0,0,2,3,lockl101,,,,,,lockl101,,,cruem101,,,,,,,,,,,,,,0,0,0,0,0,0,0,0,0,0,0,0,mclaf102,speac103,sampt101,lockl101,davip102,dunna102,walkh103,hardp102,sayla101,8,9,4,7,6,3,5,2,1,brooa101,linar101,rivec101,cox-r102,martr105,perej103,vargt101,coimp101,1,0,0,0,0,0,0,0,0,0,0,0,0,0,0,0,0,0,0,0,0,0,0,0,0,0,0,0,,,0,0,44,moorw901,buntw901,,schau901,,,19430625,exhibition,deduced
BIR194306250,99,6,0,0,ZAN02,NY6,BIR,1,2,vargt101,sayla101,3,8,R,R,?,?,??,,,1,1,0,0,0,0,0,0,0,0,0,0,0,0,1,0,1,1,0,0,0,0,0,0,0,0,0,0,0,0,0,0,0,0,0,0,0,0,0,0,0,0,0,0,0,0,0,0,0,0,0,0,1,,,,,,,,,,,,,,,,,,,,,,,,0,0,0,0,0,0,0,0,0,0,0,0,martr105,perej103,vargt101,brooa101,coimp101,linar101,cox-r102,rivec101,cruem101,6,7,8,2,9,3,5,4,1,hardp102,dunna102,sampt101,walkh103,davip102,lockl101,mclaf102,speac103,1,0,0,0,0,0,0,0,0,0,0,0,0,0,0,0,0,0,0,0,0,0,0,0,0,0,0,0,,,0,0,45,moorw901,buntw901,,schau901,,,19430625,exhibition,deduced
BIR194306250,99,6,0,0,ZAN02,NY6,BIR,1,2,brooa101,sayla101,4,2,L,R,?,?,??,,,1,1,0,0,0,0,0,0,0,0,0,0,0,0,1,0,1,1,0,0,0,0,0,0,0,0,0,0,0,0,0,0,0,0,0,0,0,0,0,0,0,0,0,0,0,0,0,0,0,0,0,1,2,,,,,,,,,,,,,,,,,,,,,,,,0,0,0,0,0,0,0,0,0,0,0,0,martr105,perej103,vargt101,brooa101,coimp101,linar101,cox-r102,rivec101,cruem101,6,7,8,2,9,3,5,4,1,hardp102,dunna102,sampt101,walkh103,davip102,lockl101,mclaf102,speac103,1,0,0,0,0,0,0,0,0,0,0,0,0,0,0,0,0,0,0,0,0,0,0,0,0,0,0,0,,,0,0,46,moorw901,buntw901,,schau901,,,19430625,exhibition,deduced
BIR194306250,99,6,0,0,ZAN02,NY6,BIR,1,2,coimp101,sayla101,5,9,R,R,?,?,??,,,1,1,0,0,0,0,0,0,0,0,0,0,0,0,1,0,1,1,0,0,0,0,0,0,0,0,0,0,0,0,0,0,0,0,0,0,0,0,0,0,0,0,0,0,0,0,0,0,0,0,0,2,3,,,,,,,,,,,,,,,,,,,,,,,,0,0,0,0,0,0,0,0,0,0,0,0,martr105,perej103,vargt101,brooa101,coimp101,linar101,cox-r102,rivec101,cruem101,6,7,8,2,9,3,5,4,1,hardp102,dunna102,sampt101,walkh103,davip102,lockl101,mclaf102,speac103,1,0,0,0,0,0,0,0,0,0,0,0,0,0,0,0,0,0,0,0,0,0,0,0,0,0,0,0,,,0,0,47,moorw901,buntw901,,schau901,,,19430625,exhibition,deduced
BIR194306250,99,6,1,1,ZAN02,BIR,NY6,1,2,dunna102,cruem101,6,3,R,L,?,?,??,,,1,1,0,0,0,0,0,0,0,0,0,0,0,0,1,0,1,1,0,0,0,0,0,0,0,0,0,0,0,0,0,0,0,0,0,0,0,0,0,0,0,0,0,0,0,0,0,0,0,0,0,0,1,,,,,,,,,,,,,,,,,,,,,,,,0,0,0,0,0,0,0,0,0,0,0,0,mclaf102,speac103,sampt101,lockl101,davip102,dunna102,walkh103,hardp102,sayla101,8,9,4,7,6,3,5,2,1,brooa101,linar101,rivec101,cox-r102,martr105,perej103,vargt101,coimp101,1,0,0,0,0,0,0,0,0,0,0,0,0,0,0,0,0,0,0,0,0,0,0,0,0,0,0,0,,,0,0,48,moorw901,buntw901,,schau901,,,19430625,exhibition,deduced
BIR194306250,S,6,1,1,ZAN02,BIR,NY6,1,2,walkh103,cruem101,7,5,R,L,?,?,??,,,1,1,1,0,0,0,0,0,0,0,0,0,0,0,0,0,0,1,0,0,0,0,0,0,0,0,0,0,0,0,0,0,0,0,0,0,0,0,0,0,0,0,0,0,0,0,0,0,0,0,0,1,1,,,,walkh103,,,,,,,,,cruem101,,,,,,,,,,,0,0,0,0,0,0,0,0,0,0,0,0,mclaf102,speac103,sampt101,lockl101,davip102,dunna102,walkh103,hardp102,sayla101,8,9,4,7,6,3,5,2,1,brooa101,linar101,rivec101,cox-r102,martr105,perej103,vargt101,coimp101,0,0,0,0,0,0,0,0,0,0,0,0,0,0,0,0,0,0,0,,0,0,0,0,0,0,0,0,,,0,0,49,moorw901,buntw901,,schau901,,,19430625,exhibition,deduced
BIR194306250,64(1)3/GDP#,6,1,1,ZAN02,BIR,NY6,1,2,hardp102,cruem101,8,2,R,L,?,?,??,,,1,1,0,0,0,0,0,0,0,0,0,0,0,0,1,0,1,1,0,1,0,0,0,1,0,0,0,0,0,0,0,0,0,0,0,0,0,0,0,0,0,0,0,0,0,0,0,0,0,0,0,1,3,walkh103,,,,,,,,,cruem101,,,,,,,,,,,,,,0,0,0,0,0,0,0,0,0,0,0,0,mclaf102,speac103,sampt101,lockl101,davip102,dunna102,walkh103,hardp102,sayla101,8,9,4,7,6,3,5,2,1,brooa101,linar101,rivec101,cox-r102,martr105,perej103,vargt101,coimp101,0,0,0,1,1,0,0,0,0,0,0,0,0,1,0,1,0,0,0,643,6,4,0,0,0,0,0,6,,G,1,4,50,moorw901,buntw901,,schau901,,,19430625,exhibition,deduced
BIR194306250,99,7,0,0,ZAN02,NY6,BIR,1,2,linar101,sayla101,6,3,L,R,?,?,??,,,1,1,0,0,0,0,0,0,0,0,0,0,0,0,1,0,1,1,0,0,0,0,0,0,0,0,0,0,0,0,0,0,0,0,0,0,0,0,0,0,0,0,0,0,0,0,0,0,0,0,0,0,1,,,,,,,,,,,,,,,,,,,,,,,,0,0,0,0,0,0,0,0,0,0,0,0,martr105,perej103,vargt101,brooa101,coimp101,linar101,cox-r102,rivec101,cruem101,6,7,8,2,9,3,5,4,1,hardp102,dunna102,sampt101,walkh103,davip102,lockl101,mclaf102,speac103,1,0,0,0,0,0,0,0,0,0,0,0,0,0,0,0,0,0,0,0,0,0,0,0,0,0,0,0,,,0,0,51,moorw901,buntw901,,schau901,,,19430625,exhibition,deduced
BIR194306250,S,7,0,0,ZAN02,NY6,BIR,1,2,cox-r102,sayla101,7,5,R,R,?,?,??,,,1,1,1,0,0,0,0,0,0,0,0,0,0,0,0,0,0,1,0,0,0,0,0,0,0,0,0,0,0,0,0,0,0,0,0,0,0,0,0,0,0,0,0,0,0,0,0,0,0,0,0,1,1,,,,cox-r102,,,,,,,,,sayla101,,,,,,,,,,,0,0,0,0,0,0,0,0,0,0,0,0,martr105,perej103,vargt101,brooa101,coimp101,linar101,cox-r102,rivec101,cruem101,6,7,8,2,9,3,5,4,1,hardp102,dunna102,sampt101,walkh103,davip102,lockl101,mclaf102,speac103,0,0,0,0,0,0,0,0,0,0,0,0,0,0,0,0,0,0,0,,0,0,0,0,0,0,0,0,,,0,0,52,moorw901,buntw901,,schau901,,,19430625,exhibition,deduced
BIR194306250,E4.1-2,7,0,0,ZAN02,NY6,BIR,1,2,rivec101,sayla101,8,4,R,R,?,?,??,,,1,1,0,0,0,0,0,0,0,0,0,0,1,0,0,0,0,1,0,1,0,0,0,0,0,0,0,0,0,0,0,0,0,0,0,0,0,0,0,0,0,0,0,0,0,1,0,0,0,0,0,1,1,cox-r102,,,rivec101,cox-r102,,,,,sayla101,,,sayla101,sayla101,,,,,,,,,,0,0,0,0,0,0,0,0,0,0,0,0,martr105,perej103,vargt101,brooa101,coimp101,linar101,cox-r102,rivec101,cruem101,6,7,8,2,9,3,5,4,1,hardp102,dunna102,sampt101,walkh103,davip102,lockl101,mclaf102,speac103,0,0,0,0,0,0,0,0,0,0,0,0,0,0,0,0,0,0,0,,0,0,0,0,0,0,0,4,4+,G,0,0,53,moorw901,buntw901,,schau901,,,19430625,exhibition,deduced
BIR194306250,S.2-H;1-2,7,0,0,ZAN02,NY6,BIR,1,2,cruem101,sayla101,9,1,L,R,?,?,??,,,1,1,1,0,0,0,0,0,0,0,0,0,0,0,0,0,0,1,0,0,0,0,0,0,0,0,0,0,0,0,0,0,0,0,0,0,0,0,0,0,0,0,0,0,0,0,0,0,0,0,0,1,1,rivec101,cox-r102,,cruem101,rivec101,,,,,sayla101,sayla101,,sayla101,sayla101,,,,cox-r102,,,,sayla101,,0,0,0,0,0,0,1,0,1,1,1,0,martr105,perej103,vargt101,brooa101,coimp101,linar101,cox-r102,rivec101,cruem101,6,7,8,2,9,3,5,4,1,hardp102,dunna102,sampt101,walkh103,davip102,lockl101,mclaf102,speac103,0,0,0,0,0,0,0,0,0,0,0,0,0,0,0,0,0,0,0,,0,0,0,0,0,0,0,0,,,0,0,54,moorw901,buntw901,,schau901,,,19430625,exhibition,deduced
BIR194306250,99,7,0,0,ZAN02,NY6,BIR,2,2,martr105,sayla101,1,6,R,R,?,?,??,,,1,1,0,0,0,0,0,0,0,0,0,0,0,0,1,0,1,1,0,0,0,0,0,0,0,0,0,0,0,0,0,0,0,0,0,0,0,0,0,0,0,0,0,0,0,0,0,0,0,0,0,1,2,cruem101,rivec101,,cruem101,rivec101,,,,,sayla101,sayla101,,sayla101,sayla101,,,,,,,,,,0,0,0,0,0,0,0,0,0,0,0,0,martr105,perej103,vargt101,brooa101,coimp101,linar101,cox-r102,rivec101,cruem101,6,7,8,2,9,3,5,4,1,hardp102,dunna102,sampt101,walkh103,davip102,lockl101,mclaf102,speac103,1,0,0,0,0,0,0,0,0,0,0,0,0,0,0,0,0,0,0,0,0,0,0,0,0,0,0,0,,,0,0,55,moorw901,buntw901,,schau901,,,19430625,exhibition,deduced
BIR194306250,99,7,0,0,ZAN02,NY6,BIR,2,2,perej103,sayla101,2,7,R,R,?,?,??,,,1,1,0,0,0,0,0,0,0,0,0,0,0,0,1,0,1,1,0,0,0,0,0,0,0,0,0,0,0,0,0,0,0,0,0,0,0,0,0,0,0,0,0,0,0,0,0,0,0,0,0,2,3,cruem101,rivec101,,,,,rivec101,cruem101,,sayla101,sayla101,,,,,,,,,,,,,0,0,0,0,0,0,0,0,0,0,0,0,martr105,perej103,vargt101,brooa101,coimp101,linar101,cox-r102,rivec101,cruem101,6,7,8,2,9,3,5,4,1,hardp102,dunna102,sampt101,walkh103,davip102,lockl101,mclaf102,speac103,1,0,0,0,0,0,0,0,0,0,0,0,0,0,0,0,0,0,0,0,0,0,0,0,0,0,0,0,,,0,0,56,moorw901,buntw901,,schau901,,,19430625,exhibition,deduced
BIR194306250,99,7,1,1,ZAN02,BIR,NY6,2,2,sayla101,cruem101,9,1,B,L,?,?,??,,,1,1,0,0,0,0,0,0,0,0,0,0,0,0,1,0,1,1,0,0,0,0,0,0,0,0,0,0,0,0,0,0,0,0,0,0,0,0,0,0,0,0,0,0,0,0,0,0,0,0,0,0,1,,,,,,,,,,,,,,,,,,,,,,,,0,0,0,0,0,0,0,0,0,0,0,0,mclaf102,speac103,sampt101,lockl101,davip102,dunna102,walkh103,hardp102,sayla101,8,9,4,7,6,3,5,2,1,brooa101,linar101,rivec101,cox-r102,martr105,perej103,vargt101,coimp101,1,0,0,0,0,0,0,0,0,0,0,0,0,0,0,0,0,0,0,0,0,0,0,0,0,0,0,0,,,0,0,57,moorw901,buntw901,,schau901,,,19430625,exhibition,deduced
BIR194306250,S,7,1,1,ZAN02,BIR,NY6,2,2,mclaf102,cruem101,1,8,B,L,?,?,??,,,1,1,1,0,0,0,0,0,0,0,0,0,0,0,0,0,0,1,0,0,0,0,0,0,0,0,0,0,0,0,0,0,0,0,0,0,0,0,0,0,0,0,0,0,0,0,0,0,0,0,0,1,1,,,,mclaf102,,,,,,,,,cruem101,,,,,,,,,,,0,0,0,0,0,0,0,0,0,0,0,0,mclaf102,speac103,sampt101,lockl101,davip102,dunna102,walkh103,hardp102,sayla101,8,9,4,7,6,3,5,2,1,brooa101,linar101,rivec101,cox-r102,martr105,perej103,vargt101,coimp101,0,0,0,0,0,0,0,0,0,0,0,0,0,0,0,0,0,0,0,,0,0,0,0,0,0,0,0,,,0,0,58,moorw901,buntw901,,schau901,,,19430625,exhibition,deduced
BIR194306250,S.1-2,7,1,1,ZAN02,BIR,NY6,2,2,speac103,cruem101,2,9,L,L,?,?,??,,,1,1,1,0,0,0,0,0,0,0,0,0,0,0,0,0,0,1,0,0,0,0,0,0,0,0,0,0,0,0,0,0,0,0,0,0,0,0,0,0,0,0,0,0,0,0,0,0,0,0,0,1,1,mclaf102,,,speac103,mclaf102,,,,,cruem101,,,cruem101,cruem101,,,,,,,,,,0,0,0,0,0,0,0,0,0,0,0,0,mclaf102,speac103,sampt101,lockl101,davip102,dunna102,walkh103,hardp102,sayla101,8,9,4,7,6,3,5,2,1,brooa101,linar101,rivec101,cox-r102,martr105,perej103,vargt101,coimp101,0,0,0,0,0,0,0,0,0,0,0,0,0,0,0,0,0,0,0,,0,0,0,0,0,0,0,0,,,0,0,59,moorw901,buntw901,,schau901,,,19430625,exhibition,deduced
BIR194306250,T.2-H;1-H,7,1,1,ZAN02,BIR,NY6,2,2,sampt101,cruem101,3,4,R,L,?,?,??,,,1,1,0,0,1,0,0,0,0,0,0,0,0,0,0,0,0,1,0,0,0,0,0,0,0,0,0,0,0,0,0,0,0,0,0,0,0,0,0,0,0,0,0,0,0,0,0,0,0,0,0,1,1,speac103,mclaf102,,,,sampt101,,,,cruem101,cruem101,,,,cruem101,,speac103,mclaf102,,,cruem101,cruem101,,0,0,0,0,0,1,1,0,2,2,2,0,mclaf102,speac103,sampt101,lockl101,davip102,dunna102,walkh103,hardp102,sayla101,8,9,4,7,6,3,5,2,1,brooa101,linar101,rivec101,cox-r102,martr105,perej103,vargt101,coimp101,0,0,0,0,0,0,0,0,0,0,0,0,0,0,0,0,0,0,0,,0,0,0,0,0,0,0,0,,,0,0,60,moorw901,buntw901,,schau901,,,19430625,exhibition,deduced
BIR194306250,SBH,7,1,1,ZAN02,BIR,NY6,2,4,lockl101,cruem101,4,7,R,L,?,?,??,,,0,0,0,0,0,0,0,0,0,0,0,0,0,0,0,0,0,0,0,0,0,0,0,0,0,0,0,0,0,0,0,0,0,0,1,0,0,0,0,0,0,0,0,0,0,0,0,0,0,0,0,1,1,,,sampt101,,,,,,,,,cruem101,,,,,,,sampt101,,,,cruem101,0,0,0,0,0,0,0,0,1,0,1,0,mclaf102,speac103,sampt101,lockl101,davip102,dunna102,walkh103,hardp102,sayla101,8,9,4,7,6,3,5,2,1,brooa101,linar101,rivec101,cox-r102,martr105,perej103,vargt101,coimp101,0,0,0,0,0,0,0,0,0,0,0,0,0,0,0,0,0,0,0,,0,0,0,0,0,0,0,0,,,0,0,61,moorw901,buntw901,,schau901,,,19430625,exhibition,deduced
BIR194306250,E7.B-3#,7,1,1,ZAN02,BIR,NY6,2,5,lockl101,cruem101,4,7,R,L,?,?,??,,,1,1,0,0,0,0,0,0,0,0,0,0,1,0,0,0,0,1,0,0,1,0,0,0,0,0,0,0,0,0,0,0,0,0,0,0,0,0,0,0,0,0,0,0,0,0,0,0,1,0,0,1,1,,,,,,lockl101,,,,,,,,,cruem101,,,,,,,,,0,0,0,0,0,0,0,0,0,0,0,0,mclaf102,speac103,sampt101,lockl101,davip102,dunna102,walkh103,hardp102,sayla101,8,9,4,7,6,3,5,2,1,brooa101,linar101,rivec101,cox-r102,martr105,perej103,vargt101,coimp101,0,0,0,0,0,0,0,0,0,0,0,0,0,0,0,0,0,0,0,,0,0,0,0,0,0,0,7,7+,F,0,0,62,moorw901,buntw901,,schau901,,,19430625,exhibition,deduced
BIR194306250,9/F.3-H(E9/TH)(NR)(UR)#,7,1,1,ZAN02,BIR,NY6,2,5,davip102,cruem101,5,6,R,L,?,?,??,,,1,1,0,0,0,0,0,0,0,0,0,0,0,0,1,0,1,1,0,0,1,0,0,0,0,0,0,0,0,0,0,0,0,0,0,0,0,0,0,0,0,0,0,0,0,0,0,0,0,0,1,1,2,,,lockl101,,,,,,,,,cruem101,,,,,,,lockl101,,,,cruem101,0,0,0,1,0,0,0,0,1,0,0,0,mclaf102,speac103,sampt101,lockl101,davip102,dunna102,walkh103,hardp102,sayla101,8,9,4,7,6,3,5,2,1,brooa101,linar101,rivec101,cox-r102,martr105,perej103,vargt101,coimp101,0,0,0,0,0,0,0,0,0,1,0,0,0,0,0,0,0,0,0,9,9,0,0,0,0,0,0,9,,F,0,0,63,moorw901,buntw901,,schau901,,,19430625,exhibition,deduced
BIR194306250,99,7,1,1,ZAN02,BIR,NY6,2,6,dunna102,cruem101,6,3,R,L,?,?,??,,,1,1,0,0,0,0,0,0,0,0,0,0,0,0,1,0,1,1,0,0,0,0,0,0,0,0,0,0,0,0,0,0,0,0,0,0,0,0,0,0,0,0,0,0,0,0,0,0,0,0,0,2,3,,,,,,,,,,,,,,,,,,,,,,,,0,0,0,0,0,0,0,0,0,0,0,0,mclaf102,speac103,sampt101,lockl101,davip102,dunna102,walkh103,hardp102,sayla101,8,9,4,7,6,3,5,2,1,brooa101,linar101,rivec101,cox-r102,martr105,perej103,vargt101,coimp101,1,0,0,0,0,0,0,0,0,0,0,0,0,0,0,0,0,0,0,0,0,0,0,0,0,0,0,0,,,0,0,64,moorw901,buntw901,,schau901,,,19430625,exhibition,deduced
BIR194306250,99,8,0,0,ZAN02,NY6,BIR,2,6,vargt101,sayla101,3,8,R,R,?,?,??,,,1,1,0,0,0,0,0,0,0,0,0,0,0,0,1,0,1,1,0,0,0,0,0,0,0,0,0,0,0,0,0,0,0,0,0,0,0,0,0,0,0,0,0,0,0,0,0,0,0,0,0,0,1,,,,,,,,,,,,,,,,,,,,,,,,0,0,0,0,0,0,0,0,0,0,0,0,martr105,perej103,vargt101,brooa101,coimp101,linar101,cox-r102,rivec101,cruem101,6,7,8,2,9,3,5,4,1,hardp102,dunna102,sampt101,walkh103,davip102,lockl101,mclaf102,speac103,1,0,0,0,0,0,0,0,0,0,0,0,0,0,0,0,0,0,0,0,0,0,0,0,0,0,0,0,,,0,0,65,moorw901,buntw901,,schau901,,,19430625,exhibition,deduced
BIR194306250,99,8,0,0,ZAN02,NY6,BIR,2,6,brooa101,sayla101,4,2,L,R,?,?,??,,,1,1,0,0,0,0,0,0,0,0,0,0,0,0,1,0,1,1,0,0,0,0,0,0,0,0,0,0,0,0,0,0,0,0,0,0,0,0,0,0,0,0,0,0,0,0,0,0,0,0,0,1,2,,,,,,,,,,,,,,,,,,,,,,,,0,0,0,0,0,0,0,0,0,0,0,0,martr105,perej103,vargt101,brooa101,coimp101,linar101,cox-r102,rivec101,cruem101,6,7,8,2,9,3,5,4,1,hardp102,dunna102,sampt101,walkh103,davip102,lockl101,mclaf102,speac103,1,0,0,0,0,0,0,0,0,0,0,0,0,0,0,0,0,0,0,0,0,0,0,0,0,0,0,0,,,0,0,66,moorw901,buntw901,,schau901,,,19430625,exhibition,deduced
BIR194306250,99,8,0,0,ZAN02,NY6,BIR,2,6,coimp101,sayla101,5,9,R,R,?,?,??,,,1,1,0,0,0,0,0,0,0,0,0,0,0,0,1,0,1,1,0,0,0,0,0,0,0,0,0,0,0,0,0,0,0,0,0,0,0,0,0,0,0,0,0,0,0,0,0,0,0,0,0,2,3,,,,,,,,,,,,,,,,,,,,,,,,0,0,0,0,0,0,0,0,0,0,0,0,martr105,perej103,vargt101,brooa101,coimp101,linar101,cox-r102,rivec101,cruem101,6,7,8,2,9,3,5,4,1,hardp102,dunna102,sampt101,walkh103,davip102,lockl101,mclaf102,speac103,1,0,0,0,0,0,0,0,0,0,0,0,0,0,0,0,0,0,0,0,0,0,0,0,0,0,0,0,,,0,0,67,moorw901,buntw901,,schau901,,,19430625,exhibition,deduced
BIR194306250,99,8,1,1,ZAN02,BIR,NY6,2,6,walkh103,cruem101,7,5,R,L,?,?,??,,,1,1,0,0,0,0,0,0,0,0,0,0,0,0,1,0,1,1,0,0,0,0,0,0,0,0,0,0,0,0,0,0,0,0,0,0,0,0,0,0,0,0,0,0,0,0,0,0,0,0,0,0,1,,,,,,,,,,,,,,,,,,,,,,,,0,0,0,0,0,0,0,0,0,0,0,0,mclaf102,speac103,sampt101,lockl101,davip102,dunna102,walkh103,hardp102,sayla101,8,9,4,7,6,3,5,2,1,brooa101,linar101,rivec101,cox-r102,martr105,perej103,vargt101,coimp101,1,0,0,0,0,0,0,0,0,0,0,0,0,0,0,0,0,0,0,0,0,0,0,0,0,0,0,0,,,0,0,68,moorw901,buntw901,,schau901,,,19430625,exhibition,deduced
BIR194306250,W,8,1,1,ZAN02,BIR,NY6,2,6,hardp102,cruem101,8,2,R,L,?,?,??,,,1,0,0,0,0,0,0,0,0,1,0,0,0,0,0,0,0,0,0,0,0,0,0,0,0,0,0,0,0,0,0,0,0,0,0,0,0,0,0,0,0,0,0,0,0,0,0,0,0,0,0,1,1,,,,hardp102,,,,,,,,,cruem101,,,,,,,,,,,0,0,0,0,0,0,0,0,0,0,0,0,mclaf102,speac103,sampt101,lockl101,davip102,dunna102,walkh103,hardp102,sayla101,8,9,4,7,6,3,5,2,1,brooa101,linar101,rivec101,cox-r102,martr105,perej103,vargt101,coimp101,0,0,0,0,0,0,0,0,0,0,0,0,0,0,0,0,0,0,0,,0,0,0,0,0,0,0,0,,,0,0,69,moorw901,buntw901,,schau901,,,19430625,exhibition,deduced
BIR194306250,S.1-3;B-2(TH)#,8,1,1,ZAN02,BIR,NY6,2,6,sayla101,cruem101,9,1,B,L,?,?,??,,,1,1,1,0,0,0,0,0,0,0,0,0,0,0,0,0,0,1,0,0,0,0,0,0,0,0,0,0,0,0,0,0,0,0,0,0,0,0,0,0,0,0,0,0,0,0,0,0,0,0,0,1,1,hardp102,,,,sayla101,hardp102,,,,cruem101,,,,cruem101,cruem101,,,,,,,,,0,0,0,0,0,0,0,0,0,0,0,0,mclaf102,speac103,sampt101,lockl101,davip102,dunna102,walkh103,hardp102,sayla101,8,9,4,7,6,3,5,2,1,brooa101,linar101,rivec101,cox-r102,martr105,perej103,vargt101,coimp101,0,0,0,0,0,0,0,0,0,0,0,0,0,0,0,0,0,0,0,,0,0,0,0,0,0,0,0,,,0,0,70,moorw901,buntw901,,schau901,,,19430625,exhibition,deduced
BIR194306250,S.3-H;2-H;B-2(TH),8,1,1,ZAN02,BIR,NY6,2,6,mclaf102,cruem101,1,8,B,L,?,?,??,,,1,1,1,0,0,0,0,0,0,0,0,0,0,0,0,0,0,1,0,0,0,0,0,0,0,0,0,0,0,0,0,0,0,0,0,0,0,0,0,0,0,0,0,0,0,0,0,0,0,0,0,1,1,,sayla101,hardp102,,mclaf102,,,,,,cruem101,cruem101,,cruem101,,,,sayla101,hardp102,,,cruem101,cruem101,0,0,0,0,0,0,1,1,2,2,2,0,mclaf102,speac103,sampt101,lockl101,davip102,dunna102,walkh103,hardp102,sayla101,8,9,4,7,6,3,5,2,1,brooa101,linar101,rivec101,cox-r102,martr105,perej103,vargt101,coimp101,0,0,0,0,0,0,0,0,0,0,0,0,0,0,0,0,0,0,0,,0,0,0,0,0,0,0,0,,,0,0,71,moorw901,buntw901,,schau901,,,19430625,exhibition,deduced
BIR194306250,SB3,8,1,1,ZAN02,BIR,NY6,2,8,speac103,cruem101,2,9,L,L,?,?,??,,,0,0,0,0,0,0,0,0,0,0,0,0,0,0,0,0,0,0,0,0,0,0,0,0,0,0,0,0,0,0,0,0,0,1,0,0,0,0,0,0,0,0,0,0,0,0,0,0,0,0,0,1,1,,mclaf102,,,,mclaf102,,,,,cruem101,,,,cruem101,,,,,,,,,0,0,0,0,0,0,0,0,0,0,0,0,mclaf102,speac103,sampt101,lockl101,davip102,dunna102,walkh103,hardp102,sayla101,8,9,4,7,6,3,5,2,1,brooa101,linar101,rivec101,cox-r102,martr105,perej103,vargt101,coimp101,0,0,0,0,0,0,0,0,0,0,0,0,0,0,0,0,0,0,0,,0,0,0,0,0,0,0,0,,,0,0,72,moorw901,buntw901,,schau901,,,19430625,exhibition,deduced
BIR194306250,99/F.3-H,8,1,1,ZAN02,BIR,NY6,2,8,speac103,cruem101,2,9,L,L,?,?,??,,,1,1,0,0,0,0,0,0,0,0,0,0,0,0,1,0,1,1,0,0,1,0,0,0,0,0,0,0,0,0,0,0,0,0,0,0,0,0,0,0,0,0,0,0,0,0,0,0,0,0,0,1,2,,,mclaf102,,,,,,,,,cruem101,,,,,,,mclaf102,,,,cruem101,0,0,0,0,0,0,0,1,1,1,1,0,mclaf102,speac103,sampt101,lockl101,davip102,dunna102,walkh103,hardp102,sayla101,8,9,4,7,6,3,5,2,1,brooa101,linar101,rivec101,cox-r102,martr105,perej103,vargt101,coimp101,1,0,0,0,0,0,0,0,0,0,0,0,0,0,0,0,0,0,0,0,0,0,0,0,0,0,0,0,,F,0,0,73,moorw901,buntw901,,schau901,,,19430625,exhibition,deduced
BIR194306250,99,8,1,1,ZAN02,BIR,NY6,2,9,sampt101,cruem101,3,4,R,L,?,?,??,,,1,1,0,0,0,0,0,0,0,0,0,0,0,0,1,0,1,1,0,0,0,0,0,0,0,0,0,0,0,0,0,0,0,0,0,0,0,0,0,0,0,0,0,0,0,0,0,0,0,0,0,2,3,,,,,,,,,,,,,,,,,,,,,,,,0,0,0,0,0,0,0,0,0,0,0,0,mclaf102,speac103,sampt101,lockl101,davip102,dunna102,walkh103,hardp102,sayla101,8,9,4,7,6,3,5,2,1,brooa101,linar101,rivec101,cox-r102,martr105,perej103,vargt101,coimp101,1,0,0,0,0,0,0,0,0,0,0,0,0,0,0,0,0,0,0,0,0,0,0,0,0,0,0,0,,,0,0,74,moorw901,buntw901,,schau901,,,19430625,exhibition,deduced
BIR194306250,99,9,0,0,ZAN02,NY6,BIR,2,9,linar101,sayla101,6,3,L,R,?,?,??,,,1,1,0,0,0,0,0,0,0,0,0,0,0,0,1,0,1,1,0,0,0,0,0,0,0,0,0,0,0,0,0,0,0,0,0,0,0,0,0,0,0,0,0,0,0,0,0,0,0,0,0,0,1,,,,,,,,,,,,,,,,,,,,,,,,0,0,0,0,0,0,0,0,0,0,0,0,martr105,perej103,vargt101,brooa101,coimp101,linar101,cox-r102,rivec101,cruem101,6,7,8,2,9,3,5,4,1,hardp102,dunna102,sampt101,walkh103,davip102,lockl101,mclaf102,speac103,1,0,0,0,0,0,0,0,0,0,0,0,0,0,0,0,0,0,0,0,0,0,0,0,0,0,0,0,,,0,0,75,moorw901,buntw901,,schau901,,,19430625,exhibition,deduced
BIR194306250,S,9,0,0,ZAN02,NY6,BIR,2,9,cox-r102,sayla101,7,5,R,R,?,?,??,,,1,1,1,0,0,0,0,0,0,0,0,0,0,0,0,0,0,1,0,0,0,0,0,0,0,0,0,0,0,0,0,0,0,0,0,0,0,0,0,0,0,0,0,0,0,0,0,0,0,0,0,1,1,,,,cox-r102,,,,,,,,,sayla101,,,,,,,,,,,0,0,0,0,0,0,0,0,0,0,0,0,martr105,perej103,vargt101,brooa101,coimp101,linar101,cox-r102,rivec101,cruem101,6,7,8,2,9,3,5,4,1,hardp102,dunna102,sampt101,walkh103,davip102,lockl101,mclaf102,speac103,0,0,0,0,0,0,0,0,0,0,0,0,0,0,0,0,0,0,0,,0,0,0,0,0,0,0,0,,,0,0,76,moorw901,buntw901,,schau901,,,19430625,exhibition,deduced
BIR194306250,99,9,0,0,ZAN02,NY6,BIR,2,9,rivec101,sayla101,8,4,R,R,?,?,??,,,1,1,0,0,0,0,0,0,0,0,0,0,0,0,1,0,1,1,0,0,0,0,0,0,0,0,0,0,0,0,0,0,0,0,0,0,0,0,0,0,0,0,0,0,0,0,0,0,0,0,0,1,2,cox-r102,,,cox-r102,,,,,,sayla101,,,sayla101,,,,,,,,,,,0,0,0,0,0,0,0,0,0,0,0,0,martr105,perej103,vargt101,brooa101,coimp101,linar101,cox-r102,rivec101,cruem101,6,7,8,2,9,3,5,4,1,hardp102,dunna102,sampt101,walkh103,davip102,lockl101,mclaf102,speac103,1,0,0,0,0,0,0,0,0,0,0,0,0,0,0,0,0,0,0,0,0,0,0,0,0,0,0,0,,,0,0,77,moorw901,buntw901,,schau901,,,19430625,exhibition,deduced
BIR194306250,99,9,0,0,ZAN02,NY6,BIR,2,9,cruem101,sayla101,9,1,L,R,?,?,??,,,1,1,0,0,0,0,0,0,0,0,0,0,0,0,1,0,1,1,0,0,0,0,0,0,0,0,0,0,0,0,0,0,0,0,0,0,0,0,0,0,0,0,0,0,0,0,0,0,0,0,0,2,3,cox-r102,,,,,,cox-r102,,,sayla101,,,,,,,,,,,,,,0,0,0,0,0,0,0,0,0,0,0,0,martr105,perej103,vargt101,brooa101,coimp101,linar101,cox-r102,rivec101,cruem101,6,7,8,2,9,3,5,4,1,hardp102,dunna102,sampt101,walkh103,davip102,lockl101,mclaf102,speac103,1,0,0,0,0,0,0,0,0,0,0,0,0,0,0,0,0,0,0,0,0,0,0,0,0,0,0,0,,,0,0,78,moorw901,buntw901,,schau901,,,19430625,exhibition,deduced
IN9194607160,S,1,0,0,ZAN02,CVB,IN9,0,0,wyatr101,willj112,1,6,R,R,?,?,??,,,1,1,1,0,0,0,0,0,0,0,0,0,0,0,0,0,0,1,0,0,0,0,0,0,0,0,0,0,0,0,0,0,0,0,0,0,0,0,0,0,0,0,0,0,0,0,0,0,0,0,0,0,0,,,,wyatr101,,,,,,,,,willj112,,,,,,,,,,,0,0,0,0,0,0,0,0,0,0,0,0,wyatr101,warea101,jeths101,kelll101,gracw101,armob101,trouq101,cowaj101,boona101,6,3,8,5,9,7,2,4,1,haywb102,tatug101,neilr101,smitg105,lockl101,xiqul101,drakr101,clevd101,0,0,0,0,0,0,0,0,0,0,0,0,0,0,0,0,0,0,0,,0,0,0,0,0,0,0,0,,,0,0,1,weigu901,,,,,,19460716,regular,deduced
IN9194607160,W.1-2,1,0,0,ZAN02,CVB,IN9,0,0,warea101,willj112,2,3,L,R,?,?,??,,,1,0,0,0,0,0,0,0,0,1,0,0,0,0,0,0,0,0,0,0,0,0,0,0,0,0,0,0,0,0,0,0,0,0,0,0,0,0,0,0,0,0,0,0,0,0,0,0,0,0,0,0,0,wyatr101,,,warea101,wyatr101,,,,,willj112,,,willj112,willj112,,,,,,,,,,0,0,0,0,0,0,0,0,0,0,0,0,wyatr101,warea101,jeths101,kelll101,gracw101,armob101,trouq101,cowaj101,boona101,6,3,8,5,9,7,2,4,1,haywb102,tatug101,neilr101,smitg105,lockl101,xiqul101,drakr101,clevd101,0,0,0,0,0,0,0,0,0,0,0,0,0,0,0,0,0,0,0,,0,0,0,0,0,0,0,0,,,0,0,2,weigu901,,,,,,19460716,regular,deduced
IN9194607160,E6.2-H(NR);1-3#,1,0,0,ZAN02,CVB,IN9,0,0,jeths101,willj112,3,8,B,R,?,?,??,,,1,1,0,0,0,0,0,0,0,0,0,0,1,0,0,0,0,1,0,1,0,0,0,0,0,0,0,0,0,0,0,0,0,0,0,0,0,0,0,0,0,0,0,0,0,0,0,1,0,0,0,0,0,warea101,wyatr101,,jeths101,,warea101,,,,willj112,willj112,,willj112,,willj112,,,wyatr101,,,,willj112,,0,0,0,0,0,0,0,0,1,0,1,0,wyatr101,warea101,jeths101,kelll101,gracw101,armob101,trouq101,cowaj101,boona101,6,3,8,5,9,7,2,4,1,haywb102,tatug101,neilr101,smitg105,lockl101,xiqul101,drakr101,clevd101,0,0,0,0,0,0,0,0,0,0,0,0,0,0,0,0,0,0,0,,0,0,0,0,0,0,0,6,6+,G,0,0,3,weigu901,,,,,,19460716,regular,deduced
IN9194607160,99.3-H(UR),1,0,0,ZAN02,CVB,IN9,1,0,kelll101,willj112,4,5,R,R,?,?,??,,,1,1,0,0,0,0,0,0,0,0,0,0,0,0,1,0,1,1,0,0,0,0,0,0,0,0,0,0,0,0,0,0,0,0,0,0,0,0,0,0,0,0,0,0,0,0,0,0,0,0,0,0,1,jeths101,,warea101,jeths101,,,,,,willj112,,willj112,willj112,,,,,,warea101,,,,willj112,0,0,0,1,0,0,0,1,1,1,0,0,wyatr101,warea101,jeths101,kelll101,gracw101,armob101,trouq101,cowaj101,boona101,6,3,8,5,9,7,2,4,1,haywb102,tatug101,neilr101,smitg105,lockl101,xiqul101,drakr101,clevd101,1,0,0,0,0,0,0,0,0,0,0,0,0,0,0,0,0,0,0,0,0,0,0,0,0,0,0,0,,,0,0,4,weigu901,,,,,,19460716,regular,deduced
IN9194607160,99,1,0,0,ZAN02,CVB,IN9,2,0,gracw101,willj112,5,9,B,R,?,?,??,,,1,1,0,0,0,0,0,0,0,0,0,0,0,0,1,0,1,1,0,0,0,0,0,0,0,0,0,0,0,0,0,0,0,0,0,0,0,0,0,0,0,0,0,0,0,0,0,0,0,0,0,1,2,jeths101,,,jeths101,,,,,,willj112,,,willj112,,,,,,,,,,,0,0,0,0,0,0,0,0,0,0,0,0,wyatr101,warea101,jeths101,kelll101,gracw101,armob101,trouq101,cowaj101,boona101,6,3,8,5,9,7,2,4,1,haywb102,tatug101,neilr101,smitg105,lockl101,xiqul101,drakr101,clevd101,1,0,0,0,0,0,0,0,0,0,0,0,0,0,0,0,0,0,0,0,0,0,0,0,0,0,0,0,,,0,0,5,weigu901,,,,,,19460716,regular,deduced
IN9194607160,CS2(99)#,1,0,0,ZAN02,CVB,IN9,2,0,armob101,willj112,6,7,L,R,?,?,??,,,0,0,0,0,0,0,0,0,0,0,0,0,0,0,0,0,0,0,0,0,0,0,0,0,0,0,0,0,0,0,0,0,0,0,0,1,0,0,0,0,0,0,0,0,0,0,0,0,0,0,0,2,3,jeths101,,,,,,,,,willj112,,,,,,,,,,,,,,0,0,0,0,0,0,0,0,0,0,0,0,wyatr101,warea101,jeths101,kelll101,gracw101,armob101,trouq101,cowaj101,boona101,6,3,8,5,9,7,2,4,1,haywb102,tatug101,neilr101,smitg105,lockl101,xiqul101,drakr101,clevd101,1,0,0,0,0,0,0,0,0,0,0,0,0,0,0,0,0,0,0,0,0,0,0,0,0,0,0,0,,,0,0,6,weigu901,,,,,,19460716,regular,deduced
IN9194607160,99,1,1,1,ZAN02,IN9,CVB,2,0,smitg105,boona101,1,5,R,R,?,?,??,,,1,1,0,0,0,0,0,0,0,0,0,0,0,0,1,0,1,1,0,0,0,0,0,0,0,0,0,0,0,0,0,0,0,0,0,0,0,0,0,0,0,0,0,0,0,0,0,0,0,0,0,0,1,,,,,,,,,,,,,,,,,,,,,,,,0,0,0,0,0,0,0,0,0,0,0,0,smitg105,drakr101,neilr101,lockl101,tatug101,xiqul101,clevd101,haywb102,willj112,5,8,4,6,3,7,9,2,1,trouq101,warea101,cowaj101,kelll101,wyatr101,armob101,jeths101,gracw101,1,0,0,0,0,0,0,0,0,0,0,0,0,0,0,0,0,0,0,0,0,0,0,0,0,0,0,0,,,0,0,7,weigu901,,,,,,19460716,regular,deduced
IN9194607160,S,1,1,1,ZAN02,IN9,CVB,2,0,drakr101,boona101,2,8,L,R,?,?,??,,,1,1,1,0,0,0,0,0,0,0,0,0,0,0,0,0,0,1,0,0,0,0,0,0,0,0,0,0,0,0,0,0,0,0,0,0,0,0,0,0,0,0,0,0,0,0,0,0,0,0,0,1,1,,,,drakr101,,,,,,,,,boona101,,,,,,,,,,,0,0,0,0,0,0,0,0,0,0,0,0,smitg105,drakr101,neilr101,lockl101,tatug101,xiqul101,clevd101,haywb102,willj112,5,8,4,6,3,7,9,2,1,trouq101,warea101,cowaj101,kelll101,wyatr101,armob101,jeths101,gracw101,0,0,0,0,0,0,0,0,0,0,0,0,0,0,0,0,0,0,0,,0,0,0,0,0,0,0,0,,,0,0,8,weigu901,,,,,,19460716,regular,deduced
IN9194607160,99,1,1,1,ZAN02,IN9,CVB,2,0,neilr101,boona101,3,4,R,R,?,?,??,,,1,1,0,0,0,0,0,0,0,0,0,0,0,0,1,0,1,1,0,0,0,0,0,0,0,0,0,0,0,0,0,0,0,0,0,0,0,0,0,0,0,0,0,0,0,0,0,0,0,0,0,1,2,drakr101,,,drakr101,,,,,,boona101,,,boona101,,,,,,,,,,,0,0,0,0,0,0,0,0,0,0,0,0,smitg105,drakr101,neilr101,lockl101,tatug101,xiqul101,clevd101,haywb102,willj112,5,8,4,6,3,7,9,2,1,trouq101,warea101,cowaj101,kelll101,wyatr101,armob101,jeths101,gracw101,1,0,0,0,0,0,0,0,0,0,0,0,0,0,0,0,0,0,0,0,0,0,0,0,0,0,0,0,,,0,0,9,weigu901,,,,,,19460716,regular,deduced
IN9194607160,99,1,1,1,ZAN02,IN9,CVB,2,0,lockl101,boona101,4,6,R,R,?,?,??,,,1,1,0,0,0,0,0,0,0,0,0,0,0,0,1,0,1,1,0,0,0,0,0,0,0,0,0,0,0,0,0,0,0,0,0,0,0,0,0,0,0,0,0,0,0,0,0,0,0,0,0,2,3,drakr101,,,,,,drakr101,,,boona101,,,,,,,,,,,,,,0,0,0,0,0,0,0,0,0,0,0,0,smitg105,drakr101,neilr101,lockl101,tatug101,xiqul101,clevd101,haywb102,willj112,5,8,4,6,3,7,9,2,1,trouq101,warea101,cowaj101,kelll101,wyatr101,armob101,jeths101,gracw101,1,0,0,0,0,0,0,0,0,0,0,0,0,0,0,0,0,0,0,0,0,0,0,0,0,0,0,0,,,0,0,10,weigu901,,,,,,19460716,regular,deduced
IN9194607160,99,2,0,0,ZAN02,CVB,IN9,2,0,armob101,willj112,6,7,L,R,?,?,??,,,1,1,0,0,0,0,0,0,0,0,0,0,0,0,1,0,1,1,0,0,0,0,0,0,0,0,0,0,0,0,0,0,0,0,0,0,0,0,0,0,0,0,0,0,0,0,0,0,0,0,0,0,1,,,,,,,,,,,,,,,,,,,,,,,,0,0,0,0,0,0,0,0,0,0,0,0,wyatr101,warea101,jeths101,kelll101,gracw101,armob101,trouq101,cowaj101,boona101,6,3,8,5,9,7,2,4,1,haywb102,tatug101,neilr101,smitg105,lockl101,xiqul101,drakr101,clevd101,1,0,0,0,0,0,0,0,0,0,0,0,0,0,0,0,0,0,0,0,0,0,0,0,0,0,0,0,,,0,0,11,weigu901,,,,,,19460716,regular,deduced
IN9194607160,W,2,0,0,ZAN02,CVB,IN9,2,0,trouq101,willj112,7,2,B,R,?,?,??,,,1,0,0,0,0,0,0,0,0,1,0,0,0,0,0,0,0,0,0,0,0,0,0,0,0,0,0,0,0,0,0,0,0,0,0,0,0,0,0,0,0,0,0,0,0,0,0,0,0,0,0,1,1,,,,trouq101,,,,,,,,,willj112,,,,,,,,,,,0,0,0,0,0,0,0,0,0,0,0,0,wyatr101,warea101,jeths101,kelll101,gracw101,armob101,trouq101,cowaj101,boona101,6,3,8,5,9,7,2,4,1,haywb102,tatug101,neilr101,smitg105,lockl101,xiqul101,drakr101,clevd101,0,0,0,0,0,0,0,0,0,0,0,0,0,0,0,0,0,0,0,,0,0,0,0,0,0,0,0,,,0,0,12,weigu901,,,,,,19460716,regular,deduced
IN9194607160,5/LDP.1X1(53)#,2,0,0,ZAN02,CVB,IN9,2,0,cowaj101,willj112,8,4,R,R,?,?,??,,,1,1,0,0,0,0,0,0,0,0,0,0,0,0,1,0,1,1,0,0,0,1,0,0,1,0,0,0,0,0,0,0,0,0,0,0,0,0,0,0,0,0,0,0,0,0,0,0,0,0,0,1,3,trouq101,,,,,,,,,willj112,,,,,,,,,,,,,,0,0,0,0,0,0,0,0,0,0,0,0,wyatr101,warea101,jeths101,kelll101,gracw101,armob101,trouq101,cowaj101,boona101,6,3,8,5,9,7,2,4,1,haywb102,tatug101,neilr101,smitg105,lockl101,xiqul101,drakr101,clevd101,0,0,0,1,0,1,0,0,0,0,0,0,0,0,1,0,0,0,0,53,5,0,0,0,5,0,0,5,,L,0,0,13,weigu901,,,,,,19460716,regular,deduced
IN9194607160,99,2,1,1,ZAN02,IN9,CVB,2,0,tatug101,boona101,5,3,B,R,?,?,??,,,1,1,0,0,0,0,0,0,0,0,0,0,0,0,1,0,1,1,0,0,0,0,0,0,0,0,0,0,0,0,0,0,0,0,0,0,0,0,0,0,0,0,0,0,0,0,0,0,0,0,0,0,1,,,,,,,,,,,,,,,,,,,,,,,,0,0,0,0,0,0,0,0,0,0,0,0,smitg105,drakr101,neilr101,lockl101,tatug101,xiqul101,clevd101,haywb102,willj112,5,8,4,6,3,7,9,2,1,trouq101,warea101,cowaj101,kelll101,wyatr101,armob101,jeths101,gracw101,1,0,0,0,0,0,0,0,0,0,0,0,0,0,0,0,0,0,0,0,0,0,0,0,0,0,0,0,,,0,0,14,weigu901,,,,,,19460716,regular,deduced
IN9194607160,99,2,1,1,ZAN02,IN9,CVB,2,0,xiqul101,boona101,6,7,R,R,?,?,??,,,1,1,0,0,0,0,0,0,0,0,0,0,0,0,1,0,1,1,0,0,0,0,0,0,0,0,0,0,0,0,0,0,0,0,0,0,0,0,0,0,0,0,0,0,0,0,0,0,0,0,0,1,2,,,,,,,,,,,,,,,,,,,,,,,,0,0,0,0,0,0,0,0,0,0,0,0,smitg105,drakr101,neilr101,lockl101,tatug101,xiqul101,clevd101,haywb102,willj112,5,8,4,6,3,7,9,2,1,trouq101,warea101,cowaj101,kelll101,wyatr101,armob101,jeths101,gracw101,1,0,0,0,0,0,0,0,0,0,0,0,0,0,0,0,0,0,0,0,0,0,0,0,0,0,0,0,,,0,0,15,weigu901,,,,,,19460716,regular,deduced
IN9194607160,S,2,1,1,ZAN02,IN9,CVB,2,0,clevd101,boona101,7,9,L,R,?,?,??,,,1,1,1,0,0,0,0,0,0,0,0,0,0,0,0,0,0,1,0,0,0,0,0,0,0,0,0,0,0,0,0,0,0,0,0,0,0,0,0,0,0,0,0,0,0,0,0,0,0,0,0,2,2,,,,clevd101,,,,,,,,,boona101,,,,,,,,,,,0,0,0,0,0,0,0,0,0,0,0,0,smitg105,drakr101,neilr101,lockl101,tatug101,xiqul101,clevd101,haywb102,willj112,5,8,4,6,3,7,9,2,1,trouq101,warea101,cowaj101,kelll101,wyatr101,armob101,jeths101,gracw101,0,0,0,0,0,0,0,0,0,0,0,0,0,0,0,0,0,0,0,,0,0,0,0,0,0,0,0,,,0,0,16,weigu901,,,,,,19460716,regular,deduced
IN9194607160,D.1-3,2,1,1,ZAN02,IN9,CVB,2,0,haywb102,boona101,8,2,R,R,?,?,??,,,1,1,0,1,0,0,0,0,0,0,0,0,0,0,0,0,0,1,0,0,0,0,0,0,0,0,0,0,0,0,0,0,0,0,0,0,0,0,0,0,0,0,0,0,0,0,0,0,0,0,0,2,2,clevd101,,,,haywb102,clevd101,,,,boona101,,,,boona101,boona101,,,,,,,,,0,0,0,0,0,0,0,0,0,0,0,0,smitg105,drakr101,neilr101,lockl101,tatug101,xiqul101,clevd101,haywb102,willj112,5,8,4,6,3,7,9,2,1,trouq101,warea101,cowaj101,kelll101,wyatr101,armob101,jeths101,gracw101,0,0,0,0,0,0,0,0,0,0,0,0,0,0,0,0,0,0,0,,0,0,0,0,0,0,0,0,,,0,0,17,weigu901,,,,,,19460716,regular,deduced
IN9194607160,S.3-H;2-3,2,1,1,ZAN02,IN9,CVB,2,0,willj112,boona101,9,1,R,R,?,?,??,,,1,1,1,0,0,0,0,0,0,0,0,0,0,0,0,0,0,1,0,0,0,0,0,0,0,0,0,0,0,0,0,0,0,0,0,0,0,0,0,0,0,0,0,0,0,0,0,0,0,0,0,2,2,,haywb102,clevd101,willj112,,haywb102,,,,,boona101,boona101,boona101,,boona101,,,,clevd101,,,,boona101,0,0,0,0,0,0,0,1,1,1,1,0,smitg105,drakr101,neilr101,lockl101,tatug101,xiqul101,clevd101,haywb102,willj112,5,8,4,6,3,7,9,2,1,trouq101,warea101,cowaj101,kelll101,wyatr101,armob101,jeths101,gracw101,0,0,0,0,0,0,0,0,0,0,0,0,0,0,0,0,0,0,0,,0,0,0,0,0,0,0,0,,,0,0,18,weigu901,,,,,,19460716,regular,deduced
IN9194607160,S.3-H;1-2,2,1,1,ZAN02,IN9,CVB,2,1,smitg105,boona101,1,5,R,R,?,?,??,,,1,1,1,0,0,0,0,0,0,0,0,0,0,0,0,0,0,1,0,0,0,0,0,0,0,0,0,0,0,0,0,0,0,0,0,0,0,0,0,0,0,0,0,0,0,0,0,0,0,0,0,2,2,willj112,,haywb102,smitg105,willj112,,,,,boona101,,boona101,boona101,boona101,,,,,haywb102,,,,boona101,0,0,0,0,0,0,0,1,1,1,1,0,smitg105,drakr101,neilr101,lockl101,tatug101,xiqul101,clevd101,haywb102,willj112,5,8,4,6,3,7,9,2,1,trouq101,warea101,cowaj101,kelll101,wyatr101,armob101,jeths101,gracw101,0,0,0,0,0,0,0,0,0,0,0,0,0,0,0,0,0,0,0,,0,0,0,0,0,0,0,0,,,0,0,19,weigu901,,,,,,19460716,regular,deduced
IN9194607160,99,2,1,1,ZAN02,IN9,CVB,2,2,drakr101,boona101,2,8,L,R,?,?,??,,,1,1,0,0,0,0,0,0,0,0,0,0,0,0,1,0,1,1,0,0,0,0,0,0,0,0,0,0,0,0,0,0,0,0,0,0,0,0,0,0,0,0,0,0,0,0,0,0,0,0,0,2,3,smitg105,willj112,,,,,willj112,smitg105,,boona101,boona101,,,,,,,,,,,,,0,0,0,0,0,0,0,0,0,0,0,0,smitg105,drakr101,neilr101,lockl101,tatug101,xiqul101,clevd101,haywb102,willj112,5,8,4,6,3,7,9,2,1,trouq101,warea101,cowaj101,kelll101,wyatr101,armob101,jeths101,gracw101,1,0,0,0,0,0,0,0,0,0,0,0,0,0,0,0,0,0,0,0,0,0,0,0,0,0,0,0,,,0,0,20,weigu901,,,,,,19460716,regular,deduced
IN9194607160,99,3,0,0,ZAN02,CVB,IN9,2,2,boona101,willj112,9,1,R,R,?,?,??,,,1,1,0,0,0,0,0,0,0,0,0,0,0,0,1,0,1,1,0,0,0,0,0,0,0,0,0,0,0,0,0,0,0,0,0,0,0,0,0,0,0,0,0,0,0,0,0,0,0,0,0,0,1,,,,,,,,,,,,,,,,,,,,,,,,0,0,0,0,0,0,0,0,0,0,0,0,wyatr101,warea101,jeths101,kelll101,gracw101,armob101,trouq101,cowaj101,boona101,6,3,8,5,9,7,2,4,1,haywb102,tatug101,neilr101,smitg105,lockl101,xiqul101,drakr101,clevd101,1,0,0,0,0,0,0,0,0,0,0,0,0,0,0,0,0,0,0,0,0,0,0,0,0,0,0,0,,,0,0,21,weigu901,,,,,,19460716,regular,deduced
IN9194607160,D,3,0,0,ZAN02,CVB,IN9,2,2,wyatr101,willj112,1,6,R,R,?,?,??,,,1,1,0,1,0,0,0,0,0,0,0,0,0,0,0,0,0,1,0,0,0,0,0,0,0,0,0,0,0,0,0,0,0,0,0,0,0,0,0,0,0,0,0,0,0,0,0,0,0,0,0,1,1,,,,,wyatr101,,,,,,,,,willj112,,,,,,,,,,0,0,0,0,0,0,0,0,0,0,0,0,wyatr101,warea101,jeths101,kelll101,gracw101,armob101,trouq101,cowaj101,boona101,6,3,8,5,9,7,2,4,1,haywb102,tatug101,neilr101,smitg105,lockl101,xiqul101,drakr101,clevd101,0,0,0,0,0,0,0,0,0,0,0,0,0,0,0,0,0,0,0,,0,0,0,0,0,0,0,0,,,0,0,22,weigu901,,,,,,19460716,regular,deduced
IN9194607160,S.2-3,3,0,0,ZAN02,CVB,IN9,2,2,warea101,willj112,2,3,L,R,?,?,??,,,1,1,1,0,0,0,0,0,0,0,0,0,0,0,0,0,0,1,0,0,0,0,0,0,0,0,0,0,0,0,0,0,0,0,0,0,0,0,0,0,0,0,0,0,0,0,0,0,0,0,0,1,1,,wyatr101,,warea101,,wyatr101,,,,,willj112,,willj112,,willj112,,,,,,,,,0,0,0,0,0,0,0,0,0,0,0,0,wyatr101,warea101,jeths101,kelll101,gracw101,armob101,trouq101,cowaj101,boona101,6,3,8,5,9,7,2,4,1,haywb102,tatug101,neilr101,smitg105,lockl101,xiqul101,drakr101,clevd101,0,0,0,0,0,0,0,0,0,0,0,0,0,0,0,0,0,0,0,,0,0,0,0,0,0,0,0,,,0,0,23,weigu901,,,,,,19460716,regular,deduced
IN9194607160,99.3-H;1-2,3,0,0,ZAN02,CVB,IN9,2,2,jeths101,willj112,3,8,B,R,?,?,??,,,1,1,0,0,0,0,0,0,0,0,0,0,0,0,1,0,1,1,0,0,0,0,0,0,0,0,0,0,0,0,0,0,0,0,0,0,0,0,0,0,0,0,0,0,0,0,0,0,0,0,0,1,2,warea101,,wyatr101,,warea101,,,,,willj112,,willj112,,willj112,,,,,wyatr101,,,,willj112,0,0,0,0,0,0,0,1,1,1,1,0,wyatr101,warea101,jeths101,kelll101,gracw101,armob101,trouq101,cowaj101,boona101,6,3,8,5,9,7,2,4,1,haywb102,tatug101,neilr101,smitg105,lockl101,xiqul101,drakr101,clevd101,1,0,0,0,0,0,0,0,0,0,0,0,0,0,0,0,0,0,0,0,0,0,0,0,0,0,0,0,,,0,0,24,weigu901,,,,,,19460716,regular,deduced
IN9194607160,S.2-H,3,0,0,ZAN02,CVB,IN9,3,2,kelll101,willj112,4,5,R,R,?,?,??,,,1,1,1,0,0,0,0,0,0,0,0,0,0,0,0,0,0,1,0,0,0,0,0,0,0,0,0,0,0,0,0,0,0,0,0,0,0,0,0,0,0,0,0,0,0,0,0,0,0,0,0,2,2,,warea101,,kelll101,,,,,,,willj112,,willj112,,,,,warea101,,,,willj112,,0,0,0,0,0,0,1,0,1,1,1,0,wyatr101,warea101,jeths101,kelll101,gracw101,armob101,trouq101,cowaj101,boona101,6,3,8,5,9,7,2,4,1,haywb102,tatug101,neilr101,smitg105,lockl101,xiqul101,drakr101,clevd101,0,0,0,0,0,0,0,0,0,0,0,0,0,0,0,0,0,0,0,,0,0,0,0,0,0,0,0,,,0,0,25,weigu901,,,,,,19460716,regular,deduced
IN9194607160,W.1-2,3,0,0,ZAN02,CVB,IN9,4,2,gracw101,willj112,5,9,B,R,?,?,??,,,1,0,0,0,0,0,0,0,0,1,0,0,0,0,0,0,0,0,0,0,0,0,0,0,0,0,0,0,0,0,0,0,0,0,0,0,0,0,0,0,0,0,0,0,0,0,0,0,0,0,0,2,2,kelll101,,,gracw101,kelll101,,,,,willj112,,,willj112,willj112,,,,,,,,,,0,0,0,0,0,0,0,0,0,0,0,0,wyatr101,warea101,jeths101,kelll101,gracw101,armob101,trouq101,cowaj101,boona101,6,3,8,5,9,7,2,4,1,haywb102,tatug101,neilr101,smitg105,lockl101,xiqul101,drakr101,clevd101,0,0,0,0,0,0,0,0,0,0,0,0,0,0,0,0,0,0,0,,0,0,0,0,0,0,0,0,,,0,0,26,weigu901,,,,,,19460716,regular,deduced
IN9194607160,99,3,0,0,ZAN02,CVB,IN9,4,2,armob101,willj112,6,7,L,R,?,?,??,,,1,1,0,0,0,0,0,0,0,0,0,0,0,0,1,0,1,1,0,0,0,0,0,0,0,0,0,0,0,0,0,0,0,0,0,0,0,0,0,0,0,0,0,0,0,0,0,0,0,0,0,2,3,gracw101,kelll101,,,,,kelll101,gracw101,,willj112,willj112,,,,,,,,,,,,,0,0,0,0,0,0,0,0,0,0,0,0,wyatr101,warea101,jeths101,kelll101,gracw101,armob101,trouq101,cowaj101,boona101,6,3,8,5,9,7,2,4,1,haywb102,tatug101,neilr101,smitg105,lockl101,xiqul101,drakr101,clevd101,1,0,0,0,0,0,0,0,0,0,0,0,0,0,0,0,0,0,0,0,0,0,0,0,0,0,0,0,,,0,0,27,weigu901,,,,,,19460716,regular,deduced
IN9194607160,99,3,1,1,ZAN02,IN9,CVB,4,2,neilr101,boona101,3,4,R,R,?,?,??,,,1,1,0,0,0,0,0,0,0,0,0,0,0,0,1,0,1,1,0,0,0,0,0,0,0,0,0,0,0,0,0,0,0,0,0,0,0,0,0,0,0,0,0,0,0,0,0,0,0,0,0,0,1,,,,,,,,,,,,,,,,,,,,,,,,0,0,0,0,0,0,0,0,0,0,0,0,smitg105,drakr101,neilr101,lockl101,tatug101,xiqul101,clevd101,haywb102,willj112,5,8,4,6,3,7,9,2,1,trouq101,warea101,cowaj101,kelll101,wyatr101,armob101,jeths101,gracw101,1,0,0,0,0,0,0,0,0,0,0,0,0,0,0,0,0,0,0,0,0,0,0,0,0,0,0,0,,,0,0,28,weigu901,,,,,,19460716,regular,deduced
IN9194607160,99,3,1,1,ZAN02,IN9,CVB,4,2,lockl101,boona101,4,6,R,R,?,?,??,,,1,1,0,0,0,0,0,0,0,0,0,0,0,0,1,0,1,1,0,0,0,0,0,0,0,0,0,0,0,0,0,0,0,0,0,0,0,0,0,0,0,0,0,0,0,0,0,0,0,0,0,1,2,,,,,,,,,,,,,,,,,,,,,,,,0,0,0,0,0,0,0,0,0,0,0,0,smitg105,drakr101,neilr101,lockl101,tatug101,xiqul101,clevd101,haywb102,willj112,5,8,4,6,3,7,9,2,1,trouq101,warea101,cowaj101,kelll101,wyatr101,armob101,jeths101,gracw101,1,0,0,0,0,0,0,0,0,0,0,0,0,0,0,0,0,0,0,0,0,0,0,0,0,0,0,0,,,0,0,29,weigu901,,,,,,19460716,regular,deduced
IN9194607160,W,3,1,1,ZAN02,IN9,CVB,4,2,tatug101,boona101,5,3,B,R,?,?,??,,,1,0,0,0,0,0,0,0,0,1,0,0,0,0,0,0,0,0,0,0,0,0,0,0,0,0,0,0,0,0,0,0,0,0,0,0,0,0,0,0,0,0,0,0,0,0,0,0,0,0,0,2,2,,,,tatug101,,,,,,,,,boona101,,,,,,,,,,,0,0,0,0,0,0,0,0,0,0,0,0,smitg105,drakr101,neilr101,lockl101,tatug101,xiqul101,clevd101,haywb102,willj112,5,8,4,6,3,7,9,2,1,trouq101,warea101,cowaj101,kelll101,wyatr101,armob101,jeths101,gracw101,0,0,0,0,0,0,0,0,0,0,0,0,0,0,0,0,0,0,0,,0,0,0,0,0,0,0,0,,,0,0,30,weigu901,,,,,,19460716,regular,deduced
IN9194607160,99,3,1,1,ZAN02,IN9,CVB,4,2,xiqul101,boona101,6,7,R,R,?,?,??,,,1,1,0,0,0,0,0,0,0,0,0,0,0,0,1,0,1,1,0,0,0,0,0,0,0,0,0,0,0,0,0,0,0,0,0,0,0,0,0,0,0,0,0,0,0,0,0,0,0,0,0,2,3,tatug101,,,,,,tatug101,,,boona101,,,,,,,,,,,,,,0,0,0,0,0,0,0,0,0,0,0,0,smitg105,drakr101,neilr101,lockl101,tatug101,xiqul101,clevd101,haywb102,willj112,5,8,4,6,3,7,9,2,1,trouq101,warea101,cowaj101,kelll101,wyatr101,armob101,jeths101,gracw101,1,0,0,0,0,0,0,0,0,0,0,0,0,0,0,0,0,0,0,0,0,0,0,0,0,0,0,0,,,0,0,31,weigu901,,,,,,19460716,regular,deduced
IN9194607160,W,4,0,0,ZAN02,CVB,IN9,4,2,trouq101,willj112,7,2,B,R,?,?,??,,,1,0,0,0,0,0,0,0,0,1,0,0,0,0,0,0,0,0,0,0,0,0,0,0,0,0,0,0,0,0,0,0,0,0,0,0,0,0,0,0,0,0,0,0,0,0,0,0,0,0,0,0,0,,,,trouq101,,,,,,,,,willj112,,,,,,,,,,,0,0,0,0,0,0,0,0,0,0,0,0,wyatr101,warea101,jeths101,kelll101,gracw101,armob101,trouq101,cowaj101,boona101,6,3,8,5,9,7,2,4,1,haywb102,tatug101,neilr101,smitg105,lockl101,xiqul101,drakr101,clevd101,0,0,0,0,0,0,0,0,0,0,0,0,0,0,0,0,0,0,0,,0,0,0,0,0,0,0,0,,,0,0,32,weigu901,,,,,,19460716,regular,deduced
IN9194607160,99,4,0,0,ZAN02,CVB,IN9,4,2,cowaj101,willj112,8,4,R,R,?,?,??,,,1,1,0,0,0,0,0,0,0,0,0,0,0,0,1,0,1,1,0,0,0,0,0,0,0,0,0,0,0,0,0,0,0,0,0,0,0,0,0,0,0,0,0,0,0,0,0,0,0,0,0,0,1,trouq101,,,trouq101,,,,,,willj112,,,willj112,,,,,,,,,,,0,0,0,0,0,0,0,0,0,0,0,0,wyatr101,warea101,jeths101,kelll101,gracw101,armob101,trouq101,cowaj101,boona101,6,3,8,5,9,7,2,4,1,haywb102,tatug101,neilr101,smitg105,lockl101,xiqul101,drakr101,clevd101,1,0,0,0,0,0,0,0,0,0,0,0,0,0,0,0,0,0,0,0,0,0,0,0,0,0,0,0,,,0,0,33,weigu901,,,,,,19460716,regular,deduced
IN9194607160,99,4,0,0,ZAN02,CVB,IN9,4,2,boona101,willj112,9,1,R,R,?,?,??,,,1,1,0,0,0,0,0,0,0,0,0,0,0,0,1,0,1,1,0,0,0,0,0,0,0,0,0,0,0,0,0,0,0,0,0,0,0,0,0,0,0,0,0,0,0,0,0,0,0,0,0,1,2,trouq101,,,trouq101,,,,,,willj112,,,willj112,,,,,,,,,,,0,0,0,0,0,0,0,0,0,0,0,0,wyatr101,warea101,jeths101,kelll101,gracw101,armob101,trouq101,cowaj101,boona101,6,3,8,5,9,7,2,4,1,haywb102,tatug101,neilr101,smitg105,lockl101,xiqul101,drakr101,clevd101,1,0,0,0,0,0,0,0,0,0,0,0,0,0,0,0,0,0,0,0,0,0,0,0,0,0,0,0,,,0,0,34,weigu901,,,,,,19460716,regular,deduced
IN9194607160,99,4,0,0,ZAN02,CVB,IN9,4,2,wyatr101,willj112,1,6,R,R,?,?,??,,,1,1,0,0,0,0,0,0,0,0,0,0,0,0,1,0,1,1,0,0,0,0,0,0,0,0,0,0,0,0,0,0,0,0,0,0,0,0,0,0,0,0,0,0,0,0,0,0,0,0,0,2,3,trouq101,,,,,,trouq101,,,willj112,,,,,,,,,,,,,,0,0,0,0,0,0,0,0,0,0,0,0,wyatr101,warea101,jeths101,kelll101,gracw101,armob101,trouq101,cowaj101,boona101,6,3,8,5,9,7,2,4,1,haywb102,tatug101,neilr101,smitg105,lockl101,xiqul101,drakr101,clevd101,1,0,0,0,0,0,0,0,0,0,0,0,0,0,0,0,0,0,0,0,0,0,0,0,0,0,0,0,,,0,0,35,weigu901,,,,,,19460716,regular,deduced
IN9194607160,E5#,4,1,1,ZAN02,IN9,CVB,4,2,clevd101,boona101,7,9,L,R,?,?,??,,,1,1,0,0,0,0,0,0,0,0,0,0,1,0,0,0,0,1,0,1,0,0,0,0,0,0,0,0,0,0,0,0,0,0,0,0,0,0,0,0,0,0,0,0,0,0,1,0,0,0,0,0,0,,,,clevd101,,,,,,,,,boona101,,,,,,,,,,,0,0,0,0,0,0,0,0,0,0,0,0,smitg105,drakr101,neilr101,lockl101,tatug101,xiqul101,clevd101,haywb102,willj112,5,8,4,6,3,7,9,2,1,trouq101,warea101,cowaj101,kelll101,wyatr101,armob101,jeths101,gracw101,0,0,0,0,0,0,0,0,0,0,0,0,0,0,0,0,0,0,0,,0,0,0,0,0,0,0,5,5+,G,0,0,36,weigu901,,,,,,19460716,regular,deduced
IN9194607160,99,4,1,1,ZAN02,IN9,CVB,4,2,haywb102,boona101,8,2,R,R,?,?,??,,,1,1,0,0,0,0,0,0,0,0,0,0,0,0,1,0,1,1,0,0,0,0,0,0,0,0,0,0,0,0,0,0,0,0,0,0,0,0,0,0,0,0,0,0,0,0,0,0,0,0,0,0,1,clevd101,,,clevd101,,,,,,boona101,,,boona101,,,,,,,,,,,0,0,0,0,0,0,0,0,0,0,0,0,smitg105,drakr101,neilr101,lockl101,tatug101,xiqul101,clevd101,haywb102,willj112,5,8,4,6,3,7,9,2,1,trouq101,warea101,cowaj101,kelll101,wyatr101,armob101,jeths101,gracw101,1,0,0,0,0,0,0,0,0,0,0,0,0,0,0,0,0,0,0,0,0,0,0,0,0,0,0,0,,,0,0,37,weigu901,,,,,,19460716,regular,deduced
IN9194607160,99,4,1,1,ZAN02,IN9,CVB,4,2,willj112,boona101,9,1,R,R,?,?,??,,,1,1,0,0,0,0,0,0,0,0,0,0,0,0,1,0,1,1,0,0,0,0,0,0,0,0,0,0,0,0,0,0,0,0,0,0,0,0,0,0,0,0,0,0,0,0,0,0,0,0,0,1,2,clevd101,,,clevd101,,,,,,boona101,,,boona101,,,,,,,,,,,0,0,0,0,0,0,0,0,0,0,0,0,smitg105,drakr101,neilr101,lockl101,tatug101,xiqul101,clevd101,haywb102,willj112,5,8,4,6,3,7,9,2,1,trouq101,warea101,cowaj101,kelll101,wyatr101,armob101,jeths101,gracw101,1,0,0,0,0,0,0,0,0,0,0,0,0,0,0,0,0,0,0,0,0,0,0,0,0,0,0,0,,,0,0,38,weigu901,,,,,,19460716,regular,deduced
IN9194607160,W.1-2,4,1,1,ZAN02,IN9,CVB,4,2,smitg105,boona101,1,5,R,R,?,?,??,,,1,0,0,0,0,0,0,0,0,1,0,0,0,0,0,0,0,0,0,0,0,0,0,0,0,0,0,0,0,0,0,0,0,0,0,0,0,0,0,0,0,0,0,0,0,0,0,0,0,0,0,2,2,clevd101,,,smitg105,clevd101,,,,,boona101,,,boona101,boona101,,,,,,,,,,0,0,0,0,0,0,0,0,0,0,0,0,smitg105,drakr101,neilr101,lockl101,tatug101,xiqul101,clevd101,haywb102,willj112,5,8,4,6,3,7,9,2,1,trouq101,warea101,cowaj101,kelll101,wyatr101,armob101,jeths101,gracw101,0,0,0,0,0,0,0,0,0,0,0,0,0,0,0,0,0,0,0,,0,0,0,0,0,0,0,0,,,0,0,39,weigu901,,,,,,19460716,regular,deduced
IN9194607160,99,4,1,1,ZAN02,IN9,CVB,4,2,drakr101,boona101,2,8,L,R,?,?,??,,,1,1,0,0,0,0,0,0,0,0,0,0,0,0,1,0,1,1,0,0,0,0,0,0,0,0,0,0,0,0,0,0,0,0,0,0,0,0,0,0,0,0,0,0,0,0,0,0,0,0,0,2,3,smitg105,clevd101,,,,,clevd101,smitg105,,boona101,boona101,,,,,,,,,,,,,0,0,0,0,0,0,0,0,0,0,0,0,smitg105,drakr101,neilr101,lockl101,tatug101,xiqul101,clevd101,haywb102,willj112,5,8,4,6,3,7,9,2,1,trouq101,warea101,cowaj101,kelll101,wyatr101,armob101,jeths101,gracw101,1,0,0,0,0,0,0,0,0,0,0,0,0,0,0,0,0,0,0,0,0,0,0,0,0,0,0,0,,,0,0,40,weigu901,,,,,,19460716,regular,deduced
IN9194607160,99,5,0,0,ZAN02,CVB,IN9,4,2,warea101,willj112,2,3,L,R,?,?,??,,,1,1,0,0,0,0,0,0,0,0,0,0,0,0,1,0,1,1,0,0,0,0,0,0,0,0,0,0,0,0,0,0,0,0,0,0,0,0,0,0,0,0,0,0,0,0,0,0,0,0,0,0,1,,,,,,,,,,,,,,,,,,,,,,,,0,0,0,0,0,0,0,0,0,0,0,0,wyatr101,warea101,jeths101,kelll101,gracw101,armob101,trouq101,cowaj101,boona101,6,3,8,5,9,7,2,4,1,haywb102,tatug101,neilr101,smitg105,lockl101,xiqul101,drakr101,clevd101,1,0,0,0,0,0,0,0,0,0,0,0,0,0,0,0,0,0,0,0,0,0,0,0,0,0,0,0,,,0,0,41,weigu901,,,,,,19460716,regular,deduced
IN9194607160,T,5,0,0,ZAN02,CVB,IN9,4,2,jeths101,willj112,3,8,B,R,?,?,??,,,1,1,0,0,1,0,0,0,0,0,0,0,0,0,0,0,0,1,0,0,0,0,0,0,0,0,0,0,0,0,0,0,0,0,0,0,0,0,0,0,0,0,0,0,0,0,0,0,0,0,0,1,1,,,,,,jeths101,,,,,,,,,willj112,,,,,,,,,0,0,0,0,0,0,0,0,0,0,0,0,wyatr101,warea101,jeths101,kelll101,gracw101,armob101,trouq101,cowaj101,boona101,6,3,8,5,9,7,2,4,1,haywb102,tatug101,neilr101,smitg105,lockl101,xiqul101,drakr101,clevd101,0,0,0,0,0,0,0,0,0,0,0,0,0,0,0,0,0,0,0,,0,0,0,0,0,0,0,0,,,0,0,42,weigu901,,,,,,19460716,regular,deduced
IN9194607160,99,5,0,0,ZAN02,CVB,IN9,4,2,kelll101,willj112,4,5,R,R,?,?,??,,,1,1,0,0,0,0,0,0,0,0,0,0,0,0,1,0,1,1,0,0,0,0,0,0,0,0,0,0,0,0,0,0,0,0,0,0,0,0,0,0,0,0,0,0,0,0,0,0,0,0,0,1,2,,,jeths101,,,jeths101,,,,,,willj112,,,willj112,,,,,,,,,0,0,0,0,0,0,0,0,0,0,0,0,wyatr101,warea101,jeths101,kelll101,gracw101,armob101,trouq101,cowaj101,boona101,6,3,8,5,9,7,2,4,1,haywb102,tatug101,neilr101,smitg105,lockl101,xiqul101,drakr101,clevd101,1,0,0,0,0,0,0,0,0,0,0,0,0,0,0,0,0,0,0,0,0,0,0,0,0,0,0,0,,,0,0,43,weigu901,,,,,,19460716,regular,deduced
IN9194607160,99,5,0,0,ZAN02,CVB,IN9,4,2,gracw101,willj112,5,9,B,R,?,?,??,,,1,1,0,0,0,0,0,0,0,0,0,0,0,0,1,0,1,1,0,0,0,0,0,0,0,0,0,0,0,0,0,0,0,0,0,0,0,0,0,0,0,0,0,0,0,0,0,0,0,0,0,2,3,,,jeths101,,,,jeths101,,,,,willj112,,,,,,,,,,,,0,0,0,0,0,0,0,0,0,0,0,0,wyatr101,warea101,jeths101,kelll101,gracw101,armob101,trouq101,cowaj101,boona101,6,3,8,5,9,7,2,4,1,haywb102,tatug101,neilr101,smitg105,lockl101,xiqul101,drakr101,clevd101,1,0,0,0,0,0,0,0,0,0,0,0,0,0,0,0,0,0,0,0,0,0,0,0,0,0,0,0,,,0,0,44,weigu901,,,,,,19460716,regular,deduced
IN9194607160,99,5,1,1,ZAN02,IN9,CVB,4,2,neilr101,boona101,3,4,R,R,?,?,??,,,1,1,0,0,0,0,0,0,0,0,0,0,0,0,1,0,1,1,0,0,0,0,0,0,0,0,0,0,0,0,0,0,0,0,0,0,0,0,0,0,0,0,0,0,0,0,0,0,0,0,0,0,1,,,,,,,,,,,,,,,,,,,,,,,,0,0,0,0,0,0,0,0,0,0,0,0,smitg105,drakr101,neilr101,lockl101,tatug101,xiqul101,clevd101,haywb102,willj112,5,8,4,6,3,7,9,2,1,trouq101,warea101,cowaj101,kelll101,wyatr101,armob101,jeths101,gracw101,1,0,0,0,0,0,0,0,0,0,0,0,0,0,0,0,0,0,0,0,0,0,0,0,0,0,0,0,,,0,0,45,weigu901,,,,,,19460716,regular,deduced
IN9194607160,99,5,1,1,ZAN02,IN9,CVB,4,2,lockl101,boona101,4,6,R,R,?,?,??,,,1,1,0,0,0,0,0,0,0,0,0,0,0,0,1,0,1,1,0,0,0,0,0,0,0,0,0,0,0,0,0,0,0,0,0,0,0,0,0,0,0,0,0,0,0,0,0,0,0,0,0,1,2,,,,,,,,,,,,,,,,,,,,,,,,0,0,0,0,0,0,0,0,0,0,0,0,smitg105,drakr101,neilr101,lockl101,tatug101,xiqul101,clevd101,haywb102,willj112,5,8,4,6,3,7,9,2,1,trouq101,warea101,cowaj101,kelll101,wyatr101,armob101,jeths101,gracw101,1,0,0,0,0,0,0,0,0,0,0,0,0,0,0,0,0,0,0,0,0,0,0,0,0,0,0,0,,,0,0,46,weigu901,,,,,,19460716,regular,deduced
IN9194607160,99,5,1,1,ZAN02,IN9,CVB,4,2,tatug101,boona101,5,3,B,R,?,?,??,,,1,1,0,0,0,0,0,0,0,0,0,0,0,0,1,0,1,1,0,0,0,0,0,0,0,0,0,0,0,0,0,0,0,0,0,0,0,0,0,0,0,0,0,0,0,0,0,0,0,0,0,2,3,,,,,,,,,,,,,,,,,,,,,,,,0,0,0,0,0,0,0,0,0,0,0,0,smitg105,drakr101,neilr101,lockl101,tatug101,xiqul101,clevd101,haywb102,willj112,5,8,4,6,3,7,9,2,1,trouq101,warea101,cowaj101,kelll101,wyatr101,armob101,jeths101,gracw101,1,0,0,0,0,0,0,0,0,0,0,0,0,0,0,0,0,0,0,0,0,0,0,0,0,0,0,0,,,0,0,47,weigu901,,,,,,19460716,regular,deduced
IN9194607160,99,6,0,0,ZAN02,CVB,IN9,4,2,armob101,willj112,6,7,L,R,?,?,??,,,1,1,0,0,0,0,0,0,0,0,0,0,0,0,1,0,1,1,0,0,0,0,0,0,0,0,0,0,0,0,0,0,0,0,0,0,0,0,0,0,0,0,0,0,0,0,0,0,0,0,0,0,1,,,,,,,,,,,,,,,,,,,,,,,,0,0,0,0,0,0,0,0,0,0,0,0,wyatr101,warea101,jeths101,kelll101,gracw101,armob101,trouq101,cowaj101,boona101,6,3,8,5,9,7,2,4,1,haywb102,tatug101,neilr101,smitg105,lockl101,xiqul101,drakr101,clevd101,1,0,0,0,0,0,0,0,0,0,0,0,0,0,0,0,0,0,0,0,0,0,0,0,0,0,0,0,,,0,0,48,weigu901,,,,,,19460716,regular,deduced
IN9194607160,HR/8,6,0,0,ZAN02,CVB,IN9,4,2,trouq101,willj112,7,2,B,R,?,?,??,,,1,1,0,0,0,1,0,0,0,0,0,0,0,0,0,0,0,0,0,0,0,0,0,0,0,0,0,0,0,0,0,0,0,0,0,0,0,0,0,0,0,0,0,0,0,0,0,0,0,0,0,1,1,,,,,,,,,,,,,,,,trouq101,,,,willj112,,,,0,0,0,0,1,0,0,0,1,1,1,0,wyatr101,warea101,jeths101,kelll101,gracw101,armob101,trouq101,cowaj101,boona101,6,3,8,5,9,7,2,4,1,haywb102,tatug101,neilr101,smitg105,lockl101,xiqul101,drakr101,clevd101,0,0,0,0,0,0,0,0,0,0,0,0,0,0,0,0,0,0,0,,0,0,0,0,0,0,0,0,,,0,0,49,weigu901,,,,,,19460716,regular,deduced
IN9194607160,99,6,0,0,ZAN02,CVB,IN9,5,2,cowaj101,willj112,8,4,R,R,?,?,??,,,1,1,0,0,0,0,0,0,0,0,0,0,0,0,1,0,1,1,0,0,0,0,0,0,0,0,0,0,0,0,0,0,0,0,0,0,0,0,0,0,0,0,0,0,0,0,0,0,0,0,0,1,2,,,,,,,,,,,,,,,,,,,,,,,,0,0,0,0,0,0,0,0,0,0,0,0,wyatr101,warea101,jeths101,kelll101,gracw101,armob101,trouq101,cowaj101,boona101,6,3,8,5,9,7,2,4,1,haywb102,tatug101,neilr101,smitg105,lockl101,xiqul101,drakr101,clevd101,1,0,0,0,0,0,0,0,0,0,0,0,0,0,0,0,0,0,0,0,0,0,0,0,0,0,0,0,,,0,0,50,weigu901,,,,,,19460716,regular,deduced
IN9194607160,W,6,0,0,ZAN02,CVB,IN9,5,2,boona101,willj112,9,1,R,R,?,?,??,,,1,0,0,0,0,0,0,0,0,1,0,0,0,0,0,0,0,0,0,0,0,0,0,0,0,0,0,0,0,0,0,0,0,0,0,0,0,0,0,0,0,0,0,0,0,0,0,0,0,0,0,2,2,,,,boona101,,,,,,,,,willj112,,,,,,,,,,,0,0,0,0,0,0,0,0,0,0,0,0,wyatr101,warea101,jeths101,kelll101,gracw101,armob101,trouq101,cowaj101,boona101,6,3,8,5,9,7,2,4,1,haywb102,tatug101,neilr101,smitg105,lockl101,xiqul101,drakr101,clevd101,0,0,0,0,0,0,0,0,0,0,0,0,0,0,0,0,0,0,0,,0,0,0,0,0,0,0,0,,,0,0,51,weigu901,,,,,,19460716,regular,deduced
IN9194607160,W.1-2,6,0,0,ZAN02,CVB,IN9,5,2,wyatr101,willj112,1,6,R,R,?,?,??,,,1,0,0,0,0,0,0,0,0,1,0,0,0,0,0,0,0,0,0,0,0,0,0,0,0,0,0,0,0,0,0,0,0,0,0,0,0,0,0,0,0,0,0,0,0,0,0,0,0,0,0,2,2,boona101,,,wyatr101,boona101,,,,,willj112,,,willj112,willj112,,,,,,,,,,0,0,0,0,0,0,0,0,0,0,0,0,wyatr101,warea101,jeths101,kelll101,gracw101,armob101,trouq101,cowaj101,boona101,6,3,8,5,9,7,2,4,1,haywb102,tatug101,neilr101,smitg105,lockl101,xiqul101,drakr101,clevd101,0,0,0,0,0,0,0,0,0,0,0,0,0,0,0,0,0,0,0,,0,0,0,0,0,0,0,0,,,0,0,52,weigu901,,,,,,19460716,regular,deduced
IN9194607160,W.2-3;1-2,6,0,0,ZAN02,CVB,IN9,5,2,warea101,willj112,2,3,L,R,?,?,??,,,1,0,0,0,0,0,0,0,0,1,0,0,0,0,0,0,0,0,0,0,0,0,0,0,0,0,0,0,0,0,0,0,0,0,0,0,0,0,0,0,0,0,0,0,0,0,0,0,0,0,0,2,2,wyatr101,boona101,,warea101,wyatr101,boona101,,,,willj112,willj112,,willj112,willj112,willj112,,,,,,,,,0,0,0,0,0,0,0,0,0,0,0,0,wyatr101,warea101,jeths101,kelll101,gracw101,armob101,trouq101,cowaj101,boona101,6,3,8,5,9,7,2,4,1,haywb102,tatug101,neilr101,smitg105,lockl101,xiqul101,drakr101,clevd101,0,0,0,0,0,0,0,0,0,0,0,0,0,0,0,0,0,0,0,,0,0,0,0,0,0,0,0,,,0,0,53,weigu901,,,,,,19460716,regular,deduced
IN9194607160,99,6,0,0,ZAN02,CVB,IN9,5,2,jeths101,godim101,3,8,B,?,?,?,??,,,1,1,0,0,0,0,0,0,0,0,0,0,0,0,1,0,1,1,0,0,0,0,0,0,0,0,0,0,0,0,0,0,0,0,0,0,0,0,0,0,0,0,0,0,0,0,0,0,0,0,0,2,3,warea101,wyatr101,boona101,,,,boona101,wyatr101,warea101,willj112,willj112,willj112,,,,,,,,,,,,0,0,0,0,0,0,0,0,0,0,0,0,wyatr101,warea101,jeths101,kelll101,gracw101,armob101,trouq101,cowaj101,boona101,6,3,8,5,9,7,2,4,1,haywb102,tatug101,neilr101,smitg105,lockl101,xiqul101,drakr101,clevd101,1,0,0,0,0,0,0,0,0,0,0,0,0,0,0,0,0,0,0,0,0,0,0,0,0,0,0,0,,,0,0,54,weigu901,,,,,,19460716,regular,deduced
IN9194607160,W,6,1,1,ZAN02,IN9,CVB,5,2,xiqul101,boona101,6,7,R,R,?,?,??,,,1,0,0,0,0,0,0,0,0,1,0,0,0,0,0,0,0,0,0,0,0,0,0,0,0,0,0,0,0,0,0,0,0,0,0,0,0,0,0,0,0,0,0,0,0,0,0,0,0,0,0,0,0,,,,xiqul101,,,,,,,,,boona101,,,,,,,,,,,0,0,0,0,0,0,0,0,0,0,0,0,smitg105,drakr101,neilr101,lockl101,tatug101,xiqul101,clevd101,haywb102,godim101,5,8,4,6,3,7,9,2,1,trouq101,warea101,cowaj101,kelll101,wyatr101,armob101,jeths101,gracw101,0,0,0,0,0,0,0,0,0,0,0,0,0,0,0,0,0,0,0,,0,0,0,0,0,0,0,0,,,0,0,55,weigu901,,,,,,19460716,regular,deduced
IN9194607160,SB2,6,1,1,ZAN02,IN9,CVB,5,2,clevd101,boona101,7,9,L,R,?,?,??,,,0,0,0,0,0,0,0,0,0,0,0,0,0,0,0,0,0,0,0,0,0,0,0,0,0,0,0,0,0,0,0,0,1,0,0,0,0,0,0,0,0,0,0,0,0,0,0,0,0,0,0,0,0,xiqul101,,,,xiqul101,,,,,boona101,,,,boona101,,,,,,,,,,0,0,0,0,0,0,0,0,0,0,0,0,smitg105,drakr101,neilr101,lockl101,tatug101,xiqul101,clevd101,haywb102,godim101,5,8,4,6,3,7,9,2,1,trouq101,warea101,cowaj101,kelll101,wyatr101,armob101,jeths101,gracw101,0,0,0,0,0,0,0,0,0,0,0,0,0,0,0,0,0,0,0,,0,0,0,0,0,0,0,0,,,0,0,56,weigu901,,,,,,19460716,regular,deduced
IN9194607160,99,6,1,1,ZAN02,IN9,CVB,5,2,clevd101,boona101,7,9,L,R,?,?,??,,,1,1,0,0,0,0,0,0,0,0,0,0,0,0,1,0,1,1,0,0,0,0,0,0,0,0,0,0,0,0,0,0,0,0,0,0,0,0,0,0,0,0,0,0,0,0,0,0,0,0,0,0,1,,xiqul101,,,xiqul101,,,,,,boona101,,,boona101,,,,,,,,,,0,0,0,0,0,0,0,0,0,0,0,0,smitg105,drakr101,neilr101,lockl101,tatug101,xiqul101,clevd101,haywb102,godim101,5,8,4,6,3,7,9,2,1,trouq101,warea101,cowaj101,kelll101,wyatr101,armob101,jeths101,gracw101,1,0,0,0,0,0,0,0,0,0,0,0,0,0,0,0,0,0,0,0,0,0,0,0,0,0,0,0,,,0,0,57,weigu901,,,,,,19460716,regular,deduced
IN9194607160,99,6,1,1,ZAN02,IN9,CVB,5,2,haywb102,boona101,8,2,R,R,?,?,??,,,1,1,0,0,0,0,0,0,0,0,0,0,0,0,1,0,1,1,0,0,0,0,0,0,0,0,0,0,0,0,0,0,0,0,0,0,0,0,0,0,0,0,0,0,0,0,0,0,0,0,0,1,2,,xiqul101,,,xiqul101,,,,,,boona101,,,boona101,,,,,,,,,,0,0,0,0,0,0,0,0,0,0,0,0,smitg105,drakr101,neilr101,lockl101,tatug101,xiqul101,clevd101,haywb102,godim101,5,8,4,6,3,7,9,2,1,trouq101,warea101,cowaj101,kelll101,wyatr101,armob101,jeths101,gracw101,1,0,0,0,0,0,0,0,0,0,0,0,0,0,0,0,0,0,0,0,0,0,0,0,0,0,0,0,,,0,0,58,weigu901,,,,,,19460716,regular,deduced
IN9194607160,99,6,1,1,ZAN02,IN9,CVB,5,2,godim101,boona101,9,1,?,R,?,?,??,,,1,1,0,0,0,0,0,0,0,0,0,0,0,0,1,0,1,1,0,0,0,0,0,0,0,0,0,0,0,0,0,0,0,0,0,0,0,0,0,0,0,0,0,0,0,0,0,0,0,0,0,2,3,,xiqul101,,,,,xiqul101,,,,boona101,,,,,,,,,,,,,0,0,0,0,0,0,0,0,0,0,0,0,smitg105,drakr101,neilr101,lockl101,tatug101,xiqul101,clevd101,haywb102,godim101,5,8,4,6,3,7,9,2,1,trouq101,warea101,cowaj101,kelll101,wyatr101,armob101,jeths101,gracw101,1,0,0,0,0,0,0,0,0,0,0,0,0,0,0,0,0,0,0,0,0,0,0,0,0,0,0,0,,,0,0,59,weigu901,,,,,,19460716,regular,deduced
IN9194607160,99,7,0,0,ZAN02,CVB,IN9,5,2,kelll101,godim101,4,5,R,?,?,?,??,,,1,1,0,0,0,0,0,0,0,0,0,0,0,0,1,0,1,1,0,0,0,0,0,0,0,0,0,0,0,0,0,0,0,0,0,0,0,0,0,0,0,0,0,0,0,0,0,0,0,0,0,0,1,,,,,,,,,,,,,,,,,,,,,,,,0,0,0,0,0,0,0,0,0,0,0,0,wyatr101,warea101,jeths101,kelll101,gracw101,armob101,trouq101,cowaj101,boona101,6,3,8,5,9,7,2,4,1,haywb102,tatug101,neilr101,smitg105,lockl101,xiqul101,drakr101,clevd101,1,0,0,0,0,0,0,0,0,0,0,0,0,0,0,0,0,0,0,0,0,0,0,0,0,0,0,0,,,0,0,60,weigu901,,,,,,19460716,regular,deduced
IN9194607160,S,7,0,0,ZAN02,CVB,IN9,5,2,gracw101,godim101,5,9,B,?,?,?,??,,,1,1,1,0,0,0,0,0,0,0,0,0,0,0,0,0,0,1,0,0,0,0,0,0,0,0,0,0,0,0,0,0,0,0,0,0,0,0,0,0,0,0,0,0,0,0,0,0,0,0,0,1,1,,,,gracw101,,,,,,,,,godim101,,,,,,,,,,,0,0,0,0,0,0,0,0,0,0,0,0,wyatr101,warea101,jeths101,kelll101,gracw101,armob101,trouq101,cowaj101,boona101,6,3,8,5,9,7,2,4,1,haywb102,tatug101,neilr101,smitg105,lockl101,xiqul101,drakr101,clevd101,0,0,0,0,0,0,0,0,0,0,0,0,0,0,0,0,0,0,0,,0,0,0,0,0,0,0,0,,,0,0,61,weigu901,,,,,,19460716,regular,deduced
IN9194607160,99,7,0,0,ZAN02,CVB,IN9,5,2,armob101,godim101,6,7,L,?,?,?,??,,,1,1,0,0,0,0,0,0,0,0,0,0,0,0,1,0,1,1,0,0,0,0,0,0,0,0,0,0,0,0,0,0,0,0,0,0,0,0,0,0,0,0,0,0,0,0,0,0,0,0,0,1,2,gracw101,,,gracw101,,,,,,godim101,,,godim101,,,,,,,,,,,0,0,0,0,0,0,0,0,0,0,0,0,wyatr101,warea101,jeths101,kelll101,gracw101,armob101,trouq101,cowaj101,boona101,6,3,8,5,9,7,2,4,1,haywb102,tatug101,neilr101,smitg105,lockl101,xiqul101,drakr101,clevd101,1,0,0,0,0,0,0,0,0,0,0,0,0,0,0,0,0,0,0,0,0,0,0,0,0,0,0,0,,,0,0,62,weigu901,,,,,,19460716,regular,deduced
IN9194607160,S.1-2,7,0,0,ZAN02,CVB,IN9,5,2,trouq101,godim101,7,2,B,?,?,?,??,,,1,1,1,0,0,0,0,0,0,0,0,0,0,0,0,0,0,1,0,0,0,0,0,0,0,0,0,0,0,0,0,0,0,0,0,0,0,0,0,0,0,0,0,0,0,0,0,0,0,0,0,2,2,gracw101,,,trouq101,gracw101,,,,,godim101,,,godim101,godim101,,,,,,,,,,0,0,0,0,0,0,0,0,0,0,0,0,wyatr101,warea101,jeths101,kelll101,gracw101,armob101,trouq101,cowaj101,boona101,6,3,8,5,9,7,2,4,1,haywb102,tatug101,neilr101,smitg105,lockl101,xiqul101,drakr101,clevd101,0,0,0,0,0,0,0,0,0,0,0,0,0,0,0,0,0,0,0,,0,0,0,0,0,0,0,0,,,0,0,63,weigu901,,,,,,19460716,regular,deduced
IN9194607160,99,7,0,0,ZAN02,CVB,IN9,5,2,cowaj101,godim101,8,4,R,?,?,?,??,,,1,1,0,0,0,0,0,0,0,0,0,0,0,0,1,0,1,1,0,0,0,0,0,0,0,0,0,0,0,0,0,0,0,0,0,0,0,0,0,0,0,0,0,0,0,0,0,0,0,0,0,2,3,trouq101,gracw101,,,,,gracw101,trouq101,,godim101,godim101,,,,,,,,,,,,,0,0,0,0,0,0,0,0,0,0,0,0,wyatr101,warea101,jeths101,kelll101,gracw101,armob101,trouq101,cowaj101,boona101,6,3,8,5,9,7,2,4,1,haywb102,tatug101,neilr101,smitg105,lockl101,xiqul101,drakr101,clevd101,1,0,0,0,0,0,0,0,0,0,0,0,0,0,0,0,0,0,0,0,0,0,0,0,0,0,0,0,,,0,0,64,weigu901,,,,,,19460716,regular,deduced
IN9194607160,E6#,7,1,1,ZAN02,IN9,CVB,5,2,smitg105,boona101,1,5,R,R,?,?,??,,,1,1,0,0,0,0,0,0,0,0,0,0,1,0,0,0,0,1,0,1,0,0,0,0,0,0,0,0,0,0,0,0,0,0,0,0,0,0,0,0,0,0,0,0,0,0,0,1,0,0,0,0,0,,,,smitg105,,,,,,,,,boona101,,,,,,,,,,,0,0,0,0,0,0,0,0,0,0,0,0,smitg105,drakr101,neilr101,lockl101,tatug101,xiqul101,clevd101,haywb102,godim101,5,8,4,6,3,7,9,2,1,trouq101,warea101,cowaj101,kelll101,wyatr101,armob101,jeths101,gracw101,0,0,0,0,0,0,0,0,0,0,0,0,0,0,0,0,0,0,0,,0,0,0,0,0,0,0,6,6+,G,0,0,65,weigu901,,,,,,19460716,regular,deduced
IN9194607160,99,7,1,1,ZAN02,IN9,CVB,5,2,drakr101,boona101,2,8,L,R,?,?,??,,,1,1,0,0,0,0,0,0,0,0,0,0,0,0,1,0,1,1,0,0,0,0,0,0,0,0,0,0,0,0,0,0,0,0,0,0,0,0,0,0,0,0,0,0,0,0,0,0,0,0,0,0,1,smitg105,,,smitg105,,,,,,boona101,,,boona101,,,,,,,,,,,0,0,0,0,0,0,0,0,0,0,0,0,smitg105,drakr101,neilr101,lockl101,tatug101,xiqul101,clevd101,haywb102,godim101,5,8,4,6,3,7,9,2,1,trouq101,warea101,cowaj101,kelll101,wyatr101,armob101,jeths101,gracw101,1,0,0,0,0,0,0,0,0,0,0,0,0,0,0,0,0,0,0,0,0,0,0,0,0,0,0,0,,,0,0,66,weigu901,,,,,,19460716,regular,deduced
IN9194607160,99,7,1,1,ZAN02,IN9,CVB,5,2,neilr101,boona101,3,4,R,R,?,?,??,,,1,1,0,0,0,0,0,0,0,0,0,0,0,0,1,0,1,1,0,0,0,0,0,0,0,0,0,0,0,0,0,0,0,0,0,0,0,0,0,0,0,0,0,0,0,0,0,0,0,0,0,1,2,smitg105,,,smitg105,,,,,,boona101,,,boona101,,,,,,,,,,,0,0,0,0,0,0,0,0,0,0,0,0,smitg105,drakr101,neilr101,lockl101,tatug101,xiqul101,clevd101,haywb102,godim101,5,8,4,6,3,7,9,2,1,trouq101,warea101,cowaj101,kelll101,wyatr101,armob101,jeths101,gracw101,1,0,0,0,0,0,0,0,0,0,0,0,0,0,0,0,0,0,0,0,0,0,0,0,0,0,0,0,,,0,0,67,weigu901,,,,,,19460716,regular,deduced
IN9194607160,99,7,1,1,ZAN02,IN9,CVB,5,2,lockl101,boona101,4,6,R,R,?,?,??,,,1,1,0,0,0,0,0,0,0,0,0,0,0,0,1,0,1,1,0,0,0,0,0,0,0,0,0,0,0,0,0,0,0,0,0,0,0,0,0,0,0,0,0,0,0,0,0,0,0,0,0,2,3,smitg105,,,,,,smitg105,,,boona101,,,,,,,,,,,,,,0,0,0,0,0,0,0,0,0,0,0,0,smitg105,drakr101,neilr101,lockl101,tatug101,xiqul101,clevd101,haywb102,godim101,5,8,4,6,3,7,9,2,1,trouq101,warea101,cowaj101,kelll101,wyatr101,armob101,jeths101,gracw101,1,0,0,0,0,0,0,0,0,0,0,0,0,0,0,0,0,0,0,0,0,0,0,0,0,0,0,0,,,0,0,68,weigu901,,,,,,19460716,regular,deduced
IN9194607160,99,8,0,0,ZAN02,CVB,IN9,5,2,boona101,godim101,9,1,R,?,?,?,??,,,1,1,0,0,0,0,0,0,0,0,0,0,0,0,1,0,1,1,0,0,0,0,0,0,0,0,0,0,0,0,0,0,0,0,0,0,0,0,0,0,0,0,0,0,0,0,0,0,0,0,0,0,1,,,,,,,,,,,,,,,,,,,,,,,,0,0,0,0,0,0,0,0,0,0,0,0,wyatr101,warea101,jeths101,kelll101,gracw101,armob101,trouq101,cowaj101,boona101,6,3,8,5,9,7,2,4,1,haywb102,tatug101,neilr101,smitg105,lockl101,xiqul101,drakr101,clevd101,1,0,0,0,0,0,0,0,0,0,0,0,0,0,0,0,0,0,0,0,0,0,0,0,0,0,0,0,,,0,0,69,weigu901,,,,,,19460716,regular,deduced
IN9194607160,T,8,0,0,ZAN02,CVB,IN9,5,2,wyatr101,godim101,1,6,R,?,?,?,??,,,1,1,0,0,1,0,0,0,0,0,0,0,0,0,0,0,0,1,0,0,0,0,0,0,0,0,0,0,0,0,0,0,0,0,0,0,0,0,0,0,0,0,0,0,0,0,0,0,0,0,0,1,1,,,,,,wyatr101,,,,,,,,,godim101,,,,,,,,,0,0,0,0,0,0,0,0,0,0,0,0,wyatr101,warea101,jeths101,kelll101,gracw101,armob101,trouq101,cowaj101,boona101,6,3,8,5,9,7,2,4,1,haywb102,tatug101,neilr101,smitg105,lockl101,xiqul101,drakr101,clevd101,0,0,0,0,0,0,0,0,0,0,0,0,0,0,0,0,0,0,0,,0,0,0,0,0,0,0,0,,,0,0,70,weigu901,,,,,,19460716,regular,deduced
IN9194607160,S.3-H,8,0,0,ZAN02,CVB,IN9,5,2,warea101,godim101,2,3,L,?,?,?,??,,,1,1,1,0,0,0,0,0,0,0,0,0,0,0,0,0,0,1,0,0,0,0,0,0,0,0,0,0,0,0,0,0,0,0,0,0,0,0,0,0,0,0,0,0,0,0,0,0,0,0,0,1,1,,,wyatr101,warea101,,,,,,,,godim101,godim101,,,,,,wyatr101,,,,godim101,0,0,0,0,0,0,0,1,1,1,1,0,wyatr101,warea101,jeths101,kelll101,gracw101,armob101,trouq101,cowaj101,boona101,6,3,8,5,9,7,2,4,1,haywb102,tatug101,neilr101,smitg105,lockl101,xiqul101,drakr101,clevd101,0,0,0,0,0,0,0,0,0,0,0,0,0,0,0,0,0,0,0,,0,0,0,0,0,0,0,0,,,0,0,71,weigu901,,,,,,19460716,regular,deduced
IN9194607160,99,8,0,0,ZAN02,CVB,IN9,6,2,jeths101,godim101,3,8,B,?,?,?,??,,,1,1,0,0,0,0,0,0,0,0,0,0,0,0,1,0,1,1,0,0,0,0,0,0,0,0,0,0,0,0,0,0,0,0,0,0,0,0,0,0,0,0,0,0,0,0,0,0,0,0,0,1,2,warea101,,,warea101,,,,,,godim101,,,godim101,,,,,,,,,,,0,0,0,0,0,0,0,0,0,0,0,0,wyatr101,warea101,jeths101,kelll101,gracw101,armob101,trouq101,cowaj101,boona101,6,3,8,5,9,7,2,4,1,haywb102,tatug101,neilr101,smitg105,lockl101,xiqul101,drakr101,clevd101,1,0,0,0,0,0,0,0,0,0,0,0,0,0,0,0,0,0,0,0,0,0,0,0,0,0,0,0,,,0,0,72,weigu901,,,,,,19460716,regular,deduced
IN9194607160,99,8,0,0,ZAN02,CVB,IN9,6,2,kelll101,godim101,4,5,R,?,?,?,??,,,1,1,0,0,0,0,0,0,0,0,0,0,0,0,1,0,1,1,0,0,0,0,0,0,0,0,0,0,0,0,0,0,0,0,0,0,0,0,0,0,0,0,0,0,0,0,0,0,0,0,0,2,3,warea101,,,,,,warea101,,,godim101,,,,,,,,,,,,,,0,0,0,0,0,0,0,0,0,0,0,0,wyatr101,warea101,jeths101,kelll101,gracw101,armob101,trouq101,cowaj101,boona101,6,3,8,5,9,7,2,4,1,haywb102,tatug101,neilr101,smitg105,lockl101,xiqul101,drakr101,clevd101,1,0,0,0,0,0,0,0,0,0,0,0,0,0,0,0,0,0,0,0,0,0,0,0,0,0,0,0,,,0,0,73,weigu901,,,,,,19460716,regular,deduced
IN9194607160,S,8,1,1,ZAN02,IN9,CVB,6,2,tatug101,boona101,5,3,B,R,?,?,??,,,1,1,1,0,0,0,0,0,0,0,0,0,0,0,0,0,0,1,0,0,0,0,0,0,0,0,0,0,0,0,0,0,0,0,0,0,0,0,0,0,0,0,0,0,0,0,0,0,0,0,0,0,0,,,,tatug101,,,,,,,,,boona101,,,,,,,,,,,0,0,0,0,0,0,0,0,0,0,0,0,smitg105,drakr101,neilr101,lockl101,tatug101,xiqul101,clevd101,haywb102,godim101,5,8,4,6,3,7,9,2,1,trouq101,warea101,cowaj101,kelll101,wyatr101,armob101,jeths101,gracw101,0,0,0,0,0,0,0,0,0,0,0,0,0,0,0,0,0,0,0,,0,0,0,0,0,0,0,0,,,0,0,74,weigu901,,,,,,19460716,regular,deduced
IN9194607160,99/SH.1-2,8,1,1,ZAN02,IN9,CVB,6,2,xiqul101,boona101,6,7,R,R,?,?,??,,,1,0,0,0,0,0,1,0,0,0,0,0,0,0,0,0,0,1,1,0,0,0,0,0,0,0,0,0,0,0,0,0,0,0,0,0,0,0,0,0,0,0,0,0,0,0,0,0,0,0,0,0,1,tatug101,,,,tatug101,,,,,boona101,,,,boona101,,,,,,,,,,0,0,0,0,0,0,0,0,0,0,0,0,smitg105,drakr101,neilr101,lockl101,tatug101,xiqul101,clevd101,haywb102,godim101,5,8,4,6,3,7,9,2,1,trouq101,warea101,cowaj101,kelll101,wyatr101,armob101,jeths101,gracw101,1,0,0,0,0,0,0,0,0,0,0,0,0,0,0,0,0,0,0,0,0,0,0,0,0,0,0,0,,BG,0,0,75,weigu901,,,,,,19460716,regular,deduced
IN9194607160,99,8,1,1,ZAN02,IN9,CVB,6,2,clevd101,boona101,7,9,L,R,?,?,??,,,1,1,0,0,0,0,0,0,0,0,0,0,0,0,1,0,1,1,0,0,0,0,0,0,0,0,0,0,0,0,0,0,0,0,0,0,0,0,0,0,0,0,0,0,0,0,0,0,0,0,0,1,2,,tatug101,,,tatug101,,,,,,boona101,,,boona101,,,,,,,,,,0,0,0,0,0,0,0,0,0,0,0,0,smitg105,drakr101,neilr101,lockl101,tatug101,xiqul101,clevd101,haywb102,godim101,5,8,4,6,3,7,9,2,1,trouq101,warea101,cowaj101,kelll101,wyatr101,armob101,jeths101,gracw101,1,0,0,0,0,0,0,0,0,0,0,0,0,0,0,0,0,0,0,0,0,0,0,0,0,0,0,0,,,0,0,76,weigu901,,,,,,19460716,regular,deduced
IN9194607160,99,8,1,1,ZAN02,IN9,CVB,6,2,haywb102,boona101,8,2,R,R,?,?,??,,,1,1,0,0,0,0,0,0,0,0,0,0,0,0,1,0,1,1,0,0,0,0,0,0,0,0,0,0,0,0,0,0,0,0,0,0,0,0,0,0,0,0,0,0,0,0,0,0,0,0,0,2,3,,tatug101,,,,,tatug101,,,,boona101,,,,,,,,,,,,,0,0,0,0,0,0,0,0,0,0,0,0,smitg105,drakr101,neilr101,lockl101,tatug101,xiqul101,clevd101,haywb102,godim101,5,8,4,6,3,7,9,2,1,trouq101,warea101,cowaj101,kelll101,wyatr101,armob101,jeths101,gracw101,1,0,0,0,0,0,0,0,0,0,0,0,0,0,0,0,0,0,0,0,0,0,0,0,0,0,0,0,,,0,0,77,weigu901,,,,,,19460716,regular,deduced
IN9194607160,99,9,0,0,ZAN02,CVB,IN9,6,2,gracw101,godim101,5,9,B,?,?,?,??,,,1,1,0,0,0,0,0,0,0,0,0,0,0,0,1,0,1,1,0,0,0,0,0,0,0,0,0,0,0,0,0,0,0,0,0,0,0,0,0,0,0,0,0,0,0,0,0,0,0,0,0,0,1,,,,,,,,,,,,,,,,,,,,,,,,0,0,0,0,0,0,0,0,0,0,0,0,wyatr101,warea101,jeths101,kelll101,gracw101,armob101,trouq101,cowaj101,boona101,6,3,8,5,9,7,2,4,1,haywb102,tatug101,neilr101,smitg105,lockl101,xiqul101,drakr101,clevd101,1,0,0,0,0,0,0,0,0,0,0,0,0,0,0,0,0,0,0,0,0,0,0,0,0,0,0,0,,,0,0,78,weigu901,,,,,,19460716,regular,deduced
IN9194607160,S,9,0,0,ZAN02,CVB,IN9,6,2,armob101,godim101,6,7,L,?,?,?,??,,,1,1,1,0,0,0,0,0,0,0,0,0,0,0,0,0,0,1,0,0,0,0,0,0,0,0,0,0,0,0,0,0,0,0,0,0,0,0,0,0,0,0,0,0,0,0,0,0,0,0,0,1,1,,,,armob101,,,,,,,,,godim101,,,,,,,,,,,0,0,0,0,0,0,0,0,0,0,0,0,wyatr101,warea101,jeths101,kelll101,gracw101,armob101,trouq101,cowaj101,boona101,6,3,8,5,9,7,2,4,1,haywb102,tatug101,neilr101,smitg105,lockl101,xiqul101,drakr101,clevd101,0,0,0,0,0,0,0,0,0,0,0,0,0,0,0,0,0,0,0,,0,0,0,0,0,0,0,0,,,0,0,79,weigu901,,,,,,19460716,regular,deduced
IN9194607160,99,9,0,0,ZAN02,CVB,IN9,6,2,trouq101,godim101,7,2,B,?,?,?,??,,,1,1,0,0,0,0,0,0,0,0,0,0,0,0,1,0,1,1,0,0,0,0,0,0,0,0,0,0,0,0,0,0,0,0,0,0,0,0,0,0,0,0,0,0,0,0,0,0,0,0,0,1,2,armob101,,,armob101,,,,,,godim101,,,godim101,,,,,,,,,,,0,0,0,0,0,0,0,0,0,0,0,0,wyatr101,warea101,jeths101,kelll101,gracw101,armob101,trouq101,cowaj101,boona101,6,3,8,5,9,7,2,4,1,haywb102,tatug101,neilr101,smitg105,lockl101,xiqul101,drakr101,clevd101,1,0,0,0,0,0,0,0,0,0,0,0,0,0,0,0,0,0,0,0,0,0,0,0,0,0,0,0,,,0,0,80,weigu901,,,,,,19460716,regular,deduced
IN9194607160,S.1-2,9,0,0,ZAN02,CVB,IN9,6,2,cowaj101,godim101,8,4,R,?,?,?,??,,,1,1,1,0,0,0,0,0,0,0,0,0,0,0,0,0,0,1,0,0,0,0,0,0,0,0,0,0,0,0,0,0,0,0,0,0,0,0,0,0,0,0,0,0,0,0,0,0,0,0,0,2,2,armob101,,,cowaj101,armob101,,,,,godim101,,,godim101,godim101,,,,,,,,,,0,0,0,0,0,0,0,0,0,0,0,0,wyatr101,warea101,jeths101,kelll101,gracw101,armob101,trouq101,cowaj101,boona101,6,3,8,5,9,7,2,4,1,haywb102,tatug101,neilr101,smitg105,lockl101,xiqul101,drakr101,clevd101,0,0,0,0,0,0,0,0,0,0,0,0,0,0,0,0,0,0,0,,0,0,0,0,0,0,0,0,,,0,0,81,weigu901,,,,,,19460716,regular,deduced
IN9194607160,S.2-3;1-2,9,0,0,ZAN02,CVB,IN9,6,2,boona101,godim101,9,1,R,?,?,?,??,,,1,1,1,0,0,0,0,0,0,0,0,0,0,0,0,0,0,1,0,0,0,0,0,0,0,0,0,0,0,0,0,0,0,0,0,0,0,0,0,0,0,0,0,0,0,0,0,0,0,0,0,2,2,cowaj101,armob101,,boona101,cowaj101,armob101,,,,godim101,godim101,,godim101,godim101,godim101,,,,,,,,,0,0,0,0,0,0,0,0,0,0,0,0,wyatr101,warea101,jeths101,kelll101,gracw101,armob101,trouq101,cowaj101,boona101,6,3,8,5,9,7,2,4,1,haywb102,tatug101,neilr101,smitg105,lockl101,xiqul101,drakr101,clevd101,0,0,0,0,0,0,0,0,0,0,0,0,0,0,0,0,0,0,0,,0,0,0,0,0,0,0,0,,,0,0,82,weigu901,,,,,,19460716,regular,deduced
IN9194607160,99,9,0,0,ZAN02,CVB,IN9,6,2,wyatr101,godim101,1,6,R,?,?,?,??,,,1,1,0,0,0,0,0,0,0,0,0,0,0,0,1,0,1,1,0,0,0,0,0,0,0,0,0,0,0,0,0,0,0,0,0,0,0,0,0,0,0,0,0,0,0,0,0,0,0,0,0,2,3,boona101,cowaj101,armob101,,,,armob101,cowaj101,boona101,godim101,godim101,godim101,,,,,,,,,,,,0,0,0,0,0,0,0,0,0,0,0,0,wyatr101,warea101,jeths101,kelll101,gracw101,armob101,trouq101,cowaj101,boona101,6,3,8,5,9,7,2,4,1,haywb102,tatug101,neilr101,smitg105,lockl101,xiqul101,drakr101,clevd101,1,0,0,0,0,0,0,0,0,0,0,0,0,0,0,0,0,0,0,0,0,0,0,0,0,0,0,0,,,0,0,83,weigu901,,,,,,19460716,regular,deduced
IN9194607160,99,9,1,1,ZAN02,IN9,CVB,6,2,godim101,boona101,9,1,?,R,?,?,??,,,1,1,0,0,0,0,0,0,0,0,0,0,0,0,1,0,1,1,0,0,0,0,0,0,0,0,0,0,0,0,0,0,0,0,0,0,0,0,0,0,0,0,0,0,0,0,0,0,0,0,0,0,1,,,,,,,,,,,,,,,,,,,,,,,,0,0,0,0,0,0,0,0,0,0,0,0,smitg105,drakr101,neilr101,lockl101,tatug101,xiqul101,clevd101,haywb102,godim101,5,8,4,6,3,7,9,2,1,trouq101,warea101,cowaj101,kelll101,wyatr101,armob101,jeths101,gracw101,1,0,0,0,0,0,0,0,0,0,0,0,0,0,0,0,0,0,0,0,0,0,0,0,0,0,0,0,,,0,0,84,weigu901,,,,,,19460716,regular,deduced
IN9194607160,99,9,1,1,ZAN02,IN9,CVB,6,2,smitg105,boona101,1,5,R,R,?,?,??,,,1,1,0,0,0,0,0,0,0,0,0,0,0,0,1,0,1,1,0,0,0,0,0,0,0,0,0,0,0,0,0,0,0,0,0,0,0,0,0,0,0,0,0,0,0,0,0,0,0,0,0,1,2,,,,,,,,,,,,,,,,,,,,,,,,0,0,0,0,0,0,0,0,0,0,0,0,smitg105,drakr101,neilr101,lockl101,tatug101,xiqul101,clevd101,haywb102,godim101,5,8,4,6,3,7,9,2,1,trouq101,warea101,cowaj101,kelll101,wyatr101,armob101,jeths101,gracw101,1,0,0,0,0,0,0,0,0,0,0,0,0,0,0,0,0,0,0,0,0,0,0,0,0,0,0,0,,,0,0,85,weigu901,,,,,,19460716,regular,deduced
IN9194607160,99,9,1,1,ZAN02,IN9,CVB,6,2,drakr101,boona101,2,8,L,R,?,?,??,,,1,1,0,0,0,0,0,0,0,0,0,0,0,0,1,0,1,1,0,0,0,0,0,0,0,0,0,0,0,0,0,0,0,0,0,0,0,0,0,0,0,0,0,0,0,0,0,0,0,0,0,2,3,,,,,,,,,,,,,,,,,,,,,,,,0,0,0,0,0,0,0,0,0,0,0,0,smitg105,drakr101,neilr101,lockl101,tatug101,xiqul101,clevd101,haywb102,godim101,5,8,4,6,3,7,9,2,1,trouq101,warea101,cowaj101,kelll101,wyatr101,armob101,jeths101,gracw101,1,0,0,0,0,0,0,0,0,0,0,0,0,0,0,0,0,0,0,0,0,0,0,0,0,0,0,0,,,0,0,86,weigu901,,,,,,19460716,regular,deduced
